19:54:58 <INFO> Started REINVENT 4.6.22 (C) AstraZeneca 2017, 2023 on 2025-08-29
19:54:58 <INFO> Command line: /home/corey/miniconda3/envs/reinvent4/bin/reinvent -l 2025-08-27_libinvent_herg_logd.log staged_learning.toml
19:54:58 <INFO> Reading run configuration from /home/corey/Documents/comp_chem/generation/2025-08-27_libinvent_herg_logd/staged_learning.toml using format toml
19:54:58 <INFO> User corey on host thetinkerfactory
19:54:58 <INFO> Python version 3.10.18
19:54:58 <INFO> PyTorch version 2.7.1+cu128, git e2d141dbde55c2a4370fac5165b0561b6af4798b
19:54:58 <INFO> PyTorch compiled with CUDA version 12.8
19:54:58 <INFO> RDKit version 2025.03.3
19:54:58 <INFO> Platform Linux-6.14.0-28-generic-x86_64-with-glibc2.41
19:54:58 <INFO> CUDA driver version 570.153.02
19:54:58 <INFO> Number of PyTorch CUDA devices 1
19:54:58 <WARN> 'use_cuda' is deprecated, use 'device' instead
19:54:58 <INFO> Using CUDA device:0 NVIDIA GeForce RTX 5070 Laptop GPU
19:54:58 <INFO> GPU memory: 7441 MiB free, 7716 MiB total
19:54:58 <INFO> Writing TensorBoard summary to /home/corey/Documents/comp_chem/generation/2025-08-27_libinvent_herg_logd/tb_logs
19:54:58 <INFO> Writing JSON config file to /home/corey/Documents/comp_chem/generation/2025-08-27_libinvent_herg_logd/_staged_learning.json
19:54:58 <INFO> Starting 1 stage of Reinforcement Learning
19:54:58 <INFO> /home/corey/software/REINVENT4/priors/libinvent.prior has valid hash:
{ 'comments': [],
  'creation_date': 0,
  'date_format': 'UNIX epoch',
  'hash_id': '99944413c8f0b152c2bca0dca31aa6d3',
  'hash_id_format': 'xxhash.xxh3_128_hex 3.4.1',
  'model_id': '558e4fbd038c4b0ba67b03a025e657c4',
  'model_id_format': 'uuid.uuid4 3.10.12',
  'origina_data_source': 'ChEMBL 27',
  'updates': []}
19:54:58 <INFO> Number of network parameters: 23,686,692
19:54:58 <INFO> Network architecture:
Decorator(
  (_encoder): Encoder(
    (_embedding): Sequential(
      (0): Embedding(38, 512)
      (1): Dropout(p=0.2, inplace=False)
    )
    (_rnn): LSTM(512, 512, num_layers=3, batch_first=True, dropout=0.2, bidirectional=True)
  )
  (_decoder): Decoder(
    (_embedding): Sequential(
      (0): Embedding(36, 512)
      (1): Dropout(p=0.2, inplace=False)
    )
    (_rnn): LSTM(512, 512, num_layers=3, batch_first=True, dropout=0.2)
    (_attention): AttentionLayer(
      (_attention_linear): Sequential(
        (0): Linear(in_features=1024, out_features=512, bias=True)
        (1): Tanh()
      )
    )
    (_linear): Linear(in_features=512, out_features=36, bias=True)
  )
)
19:54:58 <INFO> /home/corey/software/REINVENT4/priors/libinvent.prior has valid hash:
{ 'comments': [],
  'creation_date': 0,
  'date_format': 'UNIX epoch',
  'hash_id': '99944413c8f0b152c2bca0dca31aa6d3',
  'hash_id_format': 'xxhash.xxh3_128_hex 3.4.1',
  'model_id': '558e4fbd038c4b0ba67b03a025e657c4',
  'model_id_format': 'uuid.uuid4 3.10.12',
  'origina_data_source': 'ChEMBL 27',
  'updates': []}
19:54:58 <INFO> Number of network parameters: 23,686,692
19:54:58 <INFO> Network architecture:
Decorator(
  (_encoder): Encoder(
    (_embedding): Sequential(
      (0): Embedding(38, 512)
      (1): Dropout(p=0.2, inplace=False)
    )
    (_rnn): LSTM(512, 512, num_layers=3, batch_first=True, dropout=0.2, bidirectional=True)
  )
  (_decoder): Decoder(
    (_embedding): Sequential(
      (0): Embedding(36, 512)
      (1): Dropout(p=0.2, inplace=False)
    )
    (_rnn): LSTM(512, 512, num_layers=3, batch_first=True, dropout=0.2)
    (_attention): AttentionLayer(
      (_attention_linear): Sequential(
        (0): Linear(in_features=1024, out_features=512, bias=True)
        (1): Tanh()
      )
    )
    (_linear): Linear(in_features=512, out_features=36, bias=True)
  )
)
19:54:58 <INFO> Using generator Libinvent
19:54:58 <INFO> Prior read from /home/corey/software/REINVENT4/priors/libinvent.prior
19:54:58 <INFO> Agent read from /home/corey/software/REINVENT4/priors/libinvent.prior
19:54:58 <INFO> Input molecules/fragments read from file scaffolds.smi
19:54:58 <INFO> Using reward strategy dap
19:54:58 <INFO> Using diversity filter IdenticalMurckoScaffold
19:54:58 <INFO> Diversity filter memories are retained between stages
19:54:58 <INFO> Registered scoring component ROCSSimilarity
19:54:58 <INFO> Registered scoring component GroupCount
19:54:58 <INFO> Registered scoring component FragmentQed
19:54:58 <INFO> Registered scoring component FragmentSlogP
19:54:58 <INFO> Registered scoring component FragmentMolecularWeight
19:54:58 <INFO> Registered scoring component FragmentTPSA
19:54:58 <INFO> Registered scoring component FragmentDistanceMatrix
19:54:58 <INFO> Registered scoring component FragmentNumAtomStereoCenters
19:54:58 <INFO> Registered scoring component FragmentHBondAcceptors
19:54:58 <INFO> Registered scoring component FragmentHBondDonors
19:54:58 <INFO> Registered scoring component FragmentNumRotBond
19:54:58 <INFO> Registered scoring component FragmentCsp3
19:54:58 <INFO> Registered scoring component Fragmentnumsp
19:54:58 <INFO> Registered scoring component Fragmentnumsp2
19:54:58 <INFO> Registered scoring component Fragmentnumsp3
19:54:58 <INFO> Registered scoring component FragmentEffectiveLength
19:54:58 <INFO> Registered scoring component FragmentGraphLength
19:54:58 <INFO> Registered scoring component FragmentLengthRatio
19:54:58 <INFO> Registered scoring component FragmentNumHeavyAtoms
19:54:58 <INFO> Registered scoring component FragmentNumHeteroAtoms
19:54:58 <INFO> Registered scoring component FragmentNumRings
19:54:58 <INFO> Registered scoring component FragmentNumAromaticRings
19:54:58 <INFO> Registered scoring component FragmentNumAliphaticRings
19:54:58 <INFO> Registered scoring component FragmentSlogP
19:54:58 <INFO> Registered scoring component MatchingSubstructure
19:54:58 <INFO> Registered scoring component MolVolume
19:54:58 <INFO> Registered scoring component Qed
19:54:58 <INFO> Registered scoring component LargestRingSize
19:54:58 <INFO> Registered scoring component MolecularWeight
19:54:58 <INFO> Registered scoring component GraphLength
19:54:58 <INFO> Registered scoring component NumAtomStereoCenters
19:54:58 <INFO> Registered scoring component HBondAcceptors
19:54:58 <INFO> Registered scoring component HBondDonors
19:54:58 <INFO> Registered scoring component NumRotBond
19:54:58 <INFO> Registered scoring component Csp3
19:54:58 <INFO> Registered scoring component numsp
19:54:58 <INFO> Registered scoring component numsp2
19:54:58 <INFO> Registered scoring component numsp3
19:54:58 <INFO> Registered scoring component NumHeavyAtoms
19:54:58 <INFO> Registered scoring component NumHeteroAtoms
19:54:58 <INFO> Registered scoring component NumRings
19:54:58 <INFO> Registered scoring component NumAromaticRings
19:54:58 <INFO> Registered scoring component NumAliphaticRings
19:54:58 <INFO> Registered scoring component SlogP
19:54:58 <INFO> Registered scoring component LargestRingSize
19:54:58 <INFO> Registered scoring component PMI
19:54:58 <INFO> Registered scoring component RDKitDescriptors
19:54:58 <INFO> Registered scoring component TanimotoSimilarity
19:54:58 <INFO> Registered scoring component TanimotoDistance
19:54:58 <INFO> Registered scoring component TPSA
19:54:58 <INFO> Registered scoring component SAScore
19:54:59 <INFO> Registered scoring component Cazp
19:54:59 <INFO> Registered scoring component ChemProp
19:54:59 <INFO> Registered scoring component CustomAlerts
19:54:59 <INFO> Registered scoring component DockStream
19:54:59 <INFO> Registered scoring component ExternalProcess
19:54:59 <INFO> Registered scoring component REST
19:54:59 <INFO> Registered scoring component Herg
19:54:59 <INFO> Registered scoring component Icolos
19:54:59 <INFO> Registered scoring component LogD
19:54:59 <INFO> Registered scoring component LogDXGB
19:54:59 <INFO> Registered scoring component Maize
19:54:59 <INFO> Registered scoring component MMP
19:54:59 <INFO> Registered scoring component Qptuna
19:54:59 <INFO> Registered scoring component ReactionFilter
19:54:59 <INFO> Registered scoring component RingPrecedence
19:54:59 <INFO> Creating scoring component QED
19:54:59 <INFO> Creating scoring component Maize
19:54:59 <INFO> Creating filter component custom_alerts
19:54:59 <INFO> Creating scoring component MolecularWeight
19:54:59 <INFO> Creating scoring component SlogP
19:54:59 <INFO> Creating scoring component TPSA
19:54:59 <INFO> Creating scoring component NumAtomStereoCenters
19:54:59 <INFO> Creating scoring component HBondAcceptors
19:54:59 <INFO> Creating scoring component HBondDonors
19:54:59 <INFO> Creating scoring component NumRotBond
19:54:59 <INFO> Creating scoring component NumHeavyAtoms
19:54:59 <INFO> Creating scoring component MolVolume
19:54:59 <INFO> Creating scoring component SAScore
19:54:59 <INFO> Loading hERG GCN model from /home/corey/Documents/comp_chem/ml/adme_models/herg/herg_gnn.pt on cuda
19:54:59 <INFO> Creating scoring component herg
19:54:59 <INFO> Loading LogD GATv2 model from /home/corey/Documents/comp_chem/ml/adme_models/logd/logd_gat.pt on cuda
19:54:59 <INFO> Creating scoring component logd
19:54:59 <INFO> Writing tabular data for stage to staged_learning_1.csv
19:54:59 <INFO> Starting stage 1 <<<
19:54:59 <INFO> Current GPU memory usage: 679 MiB used, 7037 MiB free
19:57:07 <INFO> SMILES: CC(=O)n1ccc2cc(Cl)cc(C(=O)NC(C)c3ccc(C(C)(C)C)cc3)c21 | Score: 0.6820260882377625 | Type: <class 'float'>
19:57:07 <INFO> SMILES: CC(NC(=O)c1cc(Cl)cc2ccn(C(=O)c3ccccc3)c12)c1ccc(C(F)(F)F)cc1 | Score: 0.8452844619750977 | Type: <class 'float'>
19:57:07 <INFO> SMILES: CC(=O)n1ccc2cc(Cl)cc(C(=O)NC(C)c3ccc(C(F)(F)F)cc3)c21 | Score: 0.6741301417350769 | Type: <class 'float'>
19:57:07 <INFO> SMILES: CC(NC(=O)c1cc(Cl)cc2ccn(C(=O)NC(C)c3ccc(Br)cc3)c12)c1ccc(C(F)(F)F)cc1 | Score: 0.7736545205116272 | Type: <class 'float'>
19:57:07 <INFO> SMILES: CC(NC(=O)c1cc(Cl)cc2ccn(C=O)c12)c1ccc(C(F)(F)F)cc1 | Score: 0.749430239200592 | Type: <class 'float'>
19:57:07 <INFO> SMILES: CC(=O)n1ccc2cc(Cl)cc(C(=O)NC(C)c3ccc(C)cc3)c21 | Score: 0.5462338328361511 | Type: <class 'float'>
19:57:07 <INFO> SMILES: Cc1ccc(C(C)NC(=O)c2cc(Cl)cc3ccn(C(=O)N(C)C)c23)cc1 | Score: 0.525425910949707 | Type: <class 'float'>
19:57:07 <INFO> SMILES: Cc1ccc(C(C)NC(=O)c2cc(Cl)cc3ccn(S(C)(=O)=O)c23)cc1 | Score: 0.28355252742767334 | Type: <class 'float'>
19:57:07 <INFO> SMILES: CC(=O)n1ccc2cc(Cl)cc(C(=O)NC(C)c3ccc(-c4nnn[nH]4)cc3)c21 | Score: 0.5950480699539185 | Type: <class 'float'>
19:57:07 <INFO> SMILES: Cc1ccc(C(C)NC(=O)c2cc(Cl)cc3ccn(Cc4ccc(Cl)cc4)c23)cc1 | Score: 0.9469534754753113 | Type: <class 'float'>
19:57:07 <INFO> SMILES: CNC(=O)n1ccc2cc(Cl)cc(C(=O)NC(C)c3ccc(C)cc3)c21 | Score: 0.47368890047073364 | Type: <class 'float'>
19:57:07 <INFO> SMILES: Cc1ccc(C(C)NC(=O)c2cc(Cl)cc3ccn(C(=O)c4cnco4)c23)cc1 | Score: 0.6350970268249512 | Type: <class 'float'>
19:57:07 <INFO> SMILES: CC(=O)n1ccc2cc(Cl)cc(C(=O)NC(C)c3ccc(C4CCNC(=O)C4)cc3)c21 | Score: 0.08486223965883255 | Type: <class 'float'>
19:57:07 <INFO> SMILES: CC(=O)n1ccc2cc(Cl)cc(C(=O)NC(C)c3ccc(N4CCOCC4)cc3)c21 | Score: 0.2838633060455322 | Type: <class 'float'>
19:57:07 <INFO> SMILES: CC(NC(=O)c1cc(Cl)cc2ccn(C(=O)c3ccccc3F)c12)c1ccc(C(C)(C)C)cc1 | Score: 0.8825111985206604 | Type: <class 'float'>
19:57:07 <INFO> SMILES: CC(=O)n1ccc2cc(Cl)cc(C(=O)NC(C)c3ccc(C(C)C)cc3)c21 | Score: 0.523260235786438 | Type: <class 'float'>
19:57:07 <INFO> SMILES: CC(=O)n1ccc2cc(Cl)cc(C(=O)NC(C)c3ccc(N4CCCNCC4)cc3)c21 | Score: 0.6040483713150024 | Type: <class 'float'>
19:57:07 <INFO> SMILES: CC(=O)n1ccc2cc(Cl)cc(C(=O)NC(C)c3ccc(-c4ccccc4)cc3)c21 | Score: 0.5481240153312683 | Type: <class 'float'>
19:57:07 <INFO> SMILES: CC(=O)n1ccc2cc(Cl)cc(C(=O)NC(C)c3ccc(-c4ccnn4C)cc3)c21 | Score: 0.18004676699638367 | Type: <class 'float'>
19:57:07 <INFO> SMILES: COc1ccc(-c2ccc(C(C)NC(=O)c3cc(Cl)cc4ccn(C(C)=O)c34)cc2)cc1 | Score: 0.5257220268249512 | Type: <class 'float'>
19:57:07 <INFO> SMILES: CC(NC(=O)c1cc(Cl)cc2ccn(C(=O)NC(C)(C)C)c12)c1ccc(-c2cc(F)nc(Nc3ccnnc3)c2)cc1 | Score: 0.658677875995636 | Type: <class 'float'>
19:57:07 <INFO> SMILES: CNC(=O)c1ccc(-c2ccc(C(C)NC(=O)c3cc(Cl)cc4ccn(C(=O)NC)c34)cc2)cc1 | Score: 0.28920385241508484 | Type: <class 'float'>
19:57:07 <INFO> SMILES: CC(=O)n1ccc2cc(Cl)cc(C(=O)NC(C)c3ccc(-c4ccncc4)cc3)c21 | Score: 0.3385186493396759 | Type: <class 'float'>
19:57:07 <INFO> SMILES: CC(=O)n1ccc2cc(Cl)cc(C(=O)NC(C)c3ccc(-c4ccc(Cl)cc4)cc3)c21 | Score: 0.6691969633102417 | Type: <class 'float'>
19:57:07 <INFO> SMILES: CC(=O)N(C)CCOc1ccc(-c2ccc(C(C)NC(=O)c3cc(Cl)cc4ccn(C(C)=O)c34)cc2)cc1 | Score: 0.706950306892395 | Type: <class 'float'>
19:57:07 <INFO> SMILES: CC(NC(=O)c1cc(Cl)cc2ccn(C(=O)NC(C)(C)C)c12)c1ccc(-c2ccn[nH]2)cc1 | Score: 0.5748858451843262 | Type: <class 'float'>
19:57:07 <INFO> SMILES: CCN(CC)C(=O)n1ccc2cc(Cl)cc(C(=O)NC(C)c3ccc(Cn4ncc(C=O)c4C)cc3)c21 | Score: 0.1340741664171219 | Type: <class 'float'>
19:57:07 <INFO> SMILES: CC(=O)n1ccc2cc(Cl)cc(C(=O)NC(C)c3ccc(Cn4cc(C)c(=O)[nH]c4=O)cc3)c21 | Score: 0.06149659678339958 | Type: <class 'float'>
19:57:07 <INFO> SMILES: CC(=O)n1ccc2cc(Cl)cc(C(=O)NC(C)c3ccc(-c4ccno4)cc3)c21 | Score: 0.5461360216140747 | Type: <class 'float'>
19:57:07 <INFO> SMILES: CC(=O)n1ccc2cc(Cl)cc(C(=O)NC(C)c3ccc(C(C)(C)C)cc3)c21 | LogD Prediction: 4.1704325675964355
19:57:07 <INFO> SMILES: CC(NC(=O)c1cc(Cl)cc2ccn(C(=O)c3ccccc3)c12)c1ccc(C(F)(F)F)cc1 | LogD Prediction: 4.511537551879883
19:57:07 <INFO> SMILES: CC(=O)n1ccc2cc(Cl)cc(C(=O)NC(C)c3ccc(C(F)(F)F)cc3)c21 | LogD Prediction: 4.3612799644470215
19:57:07 <INFO> SMILES: CC(NC(=O)c1cc(Cl)cc2ccn(C(=O)NC(C)c3ccc(Br)cc3)c12)c1ccc(C(F)(F)F)cc1 | LogD Prediction: 5.020864009857178
19:57:07 <INFO> SMILES: CC(NC(=O)c1cc(Cl)cc2ccn(C=O)c12)c1ccc(C(F)(F)F)cc1 | LogD Prediction: 4.118661403656006
19:57:07 <INFO> SMILES: CC(=O)n1ccc2cc(Cl)cc(C(=O)NC(C)c3ccc(C)cc3)c21 | LogD Prediction: 3.6959621906280518
19:57:07 <INFO> SMILES: Cc1ccc(C(C)NC(=O)c2cc(Cl)cc3ccn(C(=O)N(C)C)c23)cc1 | LogD Prediction: 3.475865125656128
19:57:07 <INFO> SMILES: Cc1ccc(C(C)NC(=O)c2cc(Cl)cc3ccn(S(C)(=O)=O)c23)cc1 | LogD Prediction: 3.0528132915496826
19:57:07 <INFO> SMILES: CC(=O)n1ccc2cc(Cl)cc(C(=O)NC(C)c3ccc(-c4nnn[nH]4)cc3)c21 | LogD Prediction: 2.9329891204833984
19:57:07 <INFO> SMILES: Cc1ccc(C(C)NC(=O)c2cc(Cl)cc3ccn(Cc4ccc(Cl)cc4)c23)cc1 | LogD Prediction: 4.170368671417236
19:57:07 <INFO> SMILES: CNC(=O)n1ccc2cc(Cl)cc(C(=O)NC(C)c3ccc(C)cc3)c21 | LogD Prediction: 3.4851152896881104
19:57:07 <INFO> SMILES: Cc1ccc(C(C)NC(=O)c2cc(Cl)cc3ccn(C(=O)c4cnco4)c23)cc1 | LogD Prediction: 3.492246150970459
19:57:07 <INFO> SMILES: CC(=O)n1ccc2cc(Cl)cc(C(=O)NC(C)c3ccc(C4CCNC(=O)C4)cc3)c21 | LogD Prediction: 3.110640048980713
19:57:07 <INFO> SMILES: CC(=O)n1ccc2cc(Cl)cc(C(=O)NC(C)c3ccc(N4CCOCC4)cc3)c21 | LogD Prediction: 3.447639226913452
19:57:07 <INFO> SMILES: CC(NC(=O)c1cc(Cl)cc2ccn(C(=O)c3ccccc3F)c12)c1ccc(C(C)(C)C)cc1 | LogD Prediction: 4.643819808959961
19:57:07 <INFO> SMILES: CC(=O)n1ccc2cc(Cl)cc(C(=O)NC(C)c3ccc(C(C)C)cc3)c21 | LogD Prediction: 4.084725379943848
19:57:07 <INFO> SMILES: CC(=O)n1ccc2cc(Cl)cc(C(=O)NC(C)c3ccc(N4CCCNCC4)cc3)c21 | LogD Prediction: 2.282252073287964
19:57:07 <INFO> SMILES: CC(=O)n1ccc2cc(Cl)cc(C(=O)NC(C)c3ccc(-c4ccccc4)cc3)c21 | LogD Prediction: 4.2139787673950195
19:57:07 <INFO> SMILES: CC(=O)n1ccc2cc(Cl)cc(C(=O)NC(C)c3ccc(-c4ccnn4C)cc3)c21 | LogD Prediction: 3.3561346530914307
19:57:07 <INFO> SMILES: COc1ccc(-c2ccc(C(C)NC(=O)c3cc(Cl)cc4ccn(C(C)=O)c34)cc2)cc1 | LogD Prediction: 4.232369899749756
19:57:07 <INFO> SMILES: CC(NC(=O)c1cc(Cl)cc2ccn(C(=O)NC(C)(C)C)c12)c1ccc(-c2cc(F)nc(Nc3ccnnc3)c2)cc1 | LogD Prediction: 4.0961103439331055
19:57:07 <INFO> SMILES: CNC(=O)c1ccc(-c2ccc(C(C)NC(=O)c3cc(Cl)cc4ccn(C(=O)NC)c34)cc2)cc1 | LogD Prediction: 3.713672637939453
19:57:07 <INFO> SMILES: CC(=O)n1ccc2cc(Cl)cc(C(=O)NC(C)c3ccc(-c4ccncc4)cc3)c21 | LogD Prediction: 3.295877695083618
19:57:07 <INFO> SMILES: CC(=O)n1ccc2cc(Cl)cc(C(=O)NC(C)c3ccc(-c4ccc(Cl)cc4)cc3)c21 | LogD Prediction: 4.387594223022461
19:57:07 <INFO> SMILES: CC(=O)N(C)CCOc1ccc(-c2ccc(C(C)NC(=O)c3cc(Cl)cc4ccn(C(C)=O)c34)cc2)cc1 | LogD Prediction: 3.981362819671631
19:57:07 <INFO> SMILES: CC(NC(=O)c1cc(Cl)cc2ccn(C(=O)NC(C)(C)C)c12)c1ccc(-c2ccn[nH]2)cc1 | LogD Prediction: 3.6180906295776367
19:57:07 <INFO> SMILES: CCN(CC)C(=O)n1ccc2cc(Cl)cc(C(=O)NC(C)c3ccc(Cn4ncc(C=O)c4C)cc3)c21 | LogD Prediction: 3.661076307296753
19:57:07 <INFO> SMILES: CC(=O)n1ccc2cc(Cl)cc(C(=O)NC(C)c3ccc(Cn4cc(C)c(=O)[nH]c4=O)cc3)c21 | LogD Prediction: 2.6528563499450684
19:57:07 <INFO> SMILES: CC(=O)n1ccc2cc(Cl)cc(C(=O)NC(C)c3ccc(-c4ccno4)cc3)c21 | LogD Prediction: 3.507194995880127
19:57:07 <INFO> Score: 0.00 Agent NLL: 13.68 Valid: 100% Step: 1
 | Agent Prior Target Score SMILES SMILES_state Input_Scaffold R-groups Scaffold QED QED (raw) gnina score gnina score (raw) MW MW (raw) SlogP (RDKit) SlogP (RDKit) (raw) TPSA TPSA (raw) Number of stereo centers Number of stereo centers (raw) Number of HB acceptors (Lipinski) Number of HB acceptors (Lipinski) (raw) Number of HB donors (Lipinski) Number of HB donors (Lipinski) (raw) Number of rotatable bonds Number of rotatable bonds (raw) Number of Heavy atoms Number of Heavy atoms (raw) Molecular Volume (RDKit) Molecular Volume (RDKit) (raw) SA score SA score (raw) herg inactive herg inactive (raw) LogD LogD (raw) Alerts Alerts (raw) matching_patterns (Alerts)
 | 6.9944 6.9822 -6.9822 0.0000000 CC(NC(=O)c1cc(Cl)cc2ccn(C(=O)OC(C)(C)C)c12)c1ccc(C(C)(C)C)cc1 1 [*]c1ccc(C(C)NC(=O)c2cc(Cl)cc3ccn([*])c23)cc1 *C(C)(C)C|*C(=O)OC(C)(C)C O=C(NCc1ccccc1)c1cccc2cc[nH]c12 0.0000000 0.0000 0.0000000 0.0000 0.0000000 0.0000 0.0000000 0.0000 0.0000000 0.0000 0.0000000 0.0000 0.0000000 0.0000 0.0000000 0.0000 0.0000000 0.0000 0.0000000 0.0000 0.0000000 0.0000 0.0000000 0.0000 0.0000000 0.0000 0.0000000 0.0000 0.0000000 0.0000 ['C(=[O,S])[O,S]']
 | 8.7069 8.5283 -8.2037 0.0006493 CC(=O)n1ccc2cc(Cl)cc(C(=O)NC(C)c3ccc(C(C)(C)C)cc3)c21 1 [*]c1ccc(C(C)NC(=O)c2cc(Cl)cc3ccn([*])c23)cc1 *C(C)(C)C|*C(C)=O O=C(NCc1ccccc1)c1cccc2cc[nH]c12 0.6129085 0.6129 -7.0069500 -7.0069 0.9999247 396.9180 0.0000000 5.7433 1.0000000 51.1000 1.0000000 1.0000 1.0000000 3.0000 0.9467598 1.0000 0.9825279 3.0000 0.9855343 28.0000 0.9647456 363.7680 0.9191686 2.8884 0.0000000 0.6820 0.0020767 4.1704 1.0000000 1.0000 []
 | 7.3138 7.4410 -7.4410 0.0000000 CC(NC(=O)c1cc(Cl)cc2ccn(C(=O)OC(C)(C)C)c12)c1ccc(C(C)(C)C)cc1 2 [*]c1ccc(C(C)NC(=O)c2cc(Cl)cc3ccn([*])c23)cc1 *C(C)(C)C|CC(OC(*)=O)(C)C O=C(NCc1ccccc1)c1cccc2cc[nH]c12 0.0000000 0.0000 0.0000000 0.0000 0.0000000 0.0000 0.0000000 0.0000 0.0000000 0.0000 0.0000000 0.0000 0.0000000 0.0000 0.0000000 0.0000 0.0000000 0.0000 0.0000000 0.0000 0.0000000 0.0000 0.0000000 0.0000 0.0000000 0.0000 0.0000000 0.0000 0.0000000 0.0000 ['C(=[O,S])[O,S]']
 | 11.1916 11.2545 -11.1242 0.0002607 CC(NC(=O)c1cc(Cl)cc2ccn(C(=O)c3ccccc3)c12)c1ccc(C(F)(F)F)cc1 1 [*]c1ccc(C(C)NC(=O)c2cc(Cl)cc3ccn([*])c23)cc1 *C(F)(F)F|C(*)(=O)c1ccccc1 O=C(NCc1ccccc1)c1cccc2ccn(C(=O)c3ccccc3)c12 0.3702362 0.3702 -12.1389900 -12.1390 0.9359703 470.8780 0.0000000 6.4930 1.0000000 51.1000 1.0000000 1.0000 1.0000000 3.0000 0.9467598 1.0000 0.9693466 4.0000 0.9631018 33.0000 0.9269340 383.8000 0.9217299 2.8580 0.0000000 0.8453 0.0000899 4.5115 1.0000000 1.0000 []
 | 7.2082 6.7909 -6.7909 0.0000000 CC(NC(=O)c1cc(Cl)cc2ccn(C(=O)OC(C)(C)C)c12)c1ccc(C(F)(F)F)cc1 1 [*]c1ccc(C(C)NC(=O)c2cc(Cl)cc3ccn([*])c23)cc1 *C(F)(F)F|CC(OC(=O)*)(C)C O=C(NCc1ccccc1)c1cccc2cc[nH]c12 0.0000000 0.0000 0.0000000 0.0000 0.0000000 0.0000 0.0000000 0.0000 0.0000000 0.0000 0.0000000 0.0000 0.0000000 0.0000 0.0000000 0.0000 0.0000000 0.0000 0.0000000 0.0000 0.0000000 0.0000 0.0000000 0.0000 0.0000000 0.0000 0.0000000 0.0000 0.0000000 0.0000 ['C(=[O,S])[O,S]']
 | 7.2283 6.7352 -6.7352 0.0000000 CC(NC(=O)c1cc(Cl)cc2ccn(C(=O)OC(C)(C)C)c12)c1ccc(C(F)(F)F)cc1 2 [*]c1ccc(C(C)NC(=O)c2cc(Cl)cc3ccn([*])c23)cc1 *C(F)(F)F|O(C(=O)*)C(C)(C)C O=C(NCc1ccccc1)c1cccc2cc[nH]c12 0.0000000 0.0000 0.0000000 0.0000 0.0000000 0.0000 0.0000000 0.0000 0.0000000 0.0000 0.0000000 0.0000 0.0000000 0.0000 0.0000000 0.0000 0.0000000 0.0000 0.0000000 0.0000 0.0000000 0.0000 0.0000000 0.0000 0.0000000 0.0000 0.0000000 0.0000 0.0000000 0.0000 ['C(=[O,S])[O,S]']
 | 6.5910 7.4267 -7.2191 0.0004153 CC(=O)n1ccc2cc(Cl)cc(C(=O)NC(C)c3ccc(C(F)(F)F)cc3)c21 1 [*]c1ccc(C(C)NC(=O)c2cc(Cl)cc3ccn([*])c23)cc1 *C(F)(F)F|O=C(*)C O=C(NCc1ccccc1)c1cccc2cc[nH]c12 0.6248520 0.6249 -10.4773900 -10.4774 0.9997750 408.8070 0.0000000 5.4646 1.0000000 51.1000 1.0000000 1.0000 1.0000000 3.0000 0.9467598 1.0000 0.9825279 3.0000 0.9855343 28.0000 0.9895296 331.4720 0.9169239 2.9143 0.0000000 0.6741 0.0003587 4.3613 1.0000000 1.0000 []
 | 21.9893 21.1887 -21.1845 0.0000083 CC(NC(=O)c1cc(Cl)cc2ccn(C(=O)NC(C)c3ccc(Br)cc3)c12)c1ccc(C(F)(F)F)cc1 1 [*]c1ccc(C(C)NC(=O)c2cc(Cl)cc3ccn([*])c23)cc1 *C(F)(F)F|O=C(*)NC(C)c1ccc(Br)cc1 O=C(NCc1ccccc1)c1cccc2ccn(C(=O)NCc3ccccc3)c12 0.2475975 0.2476 -8.6767800 -8.6768 0.0001933 592.8430 0.0000000 7.8859 1.0000000 63.1300 1.0000000 2.0000 1.0000000 3.0000 0.5000000 2.0000 0.9467598 5.0000 0.9237530 37.0000 0.4899467 451.0480 0.8674678 3.3681 0.0000000 0.7737 0.0000008 5.0209 1.0000000 1.0000 []
 | 10.8654 10.8834 -10.5134 0.0007399 CC(NC(=O)c1cc(Cl)cc2ccn(C=O)c12)c1ccc(C(F)(F)F)cc1 1 [*]c1ccc(C(C)NC(=O)c2cc(Cl)cc3ccn([*])c23)cc1 *C(F)(F)F|O=C* O=C(NCc1ccccc1)c1cccc2cc[nH]c12 0.6434455 0.6434 -8.4855500 -8.4855 0.9999382 394.7800 0.0000001 4.8428 1.0000000 51.1000 1.0000000 1.0000 1.0000000 3.0000 0.9467598 1.0000 0.9693466 4.0000 0.9880297 27.0000 0.9941639 316.1200 0.9043927 3.0483 0.0000000 0.7494 0.0033412 4.1187 1.0000000 1.0000 []
 | 15.0530 14.5993 -14.5993 0.0000000 CC(=O)n1ccc2cc(Cl)cc(C(=O)NC(C)c3ccc(CCN)cc3)c21 1 [*]c1ccc(C(C)NC(=O)c2cc(Cl)cc3ccn([*])c23)cc1 *CCN|C(C)(*)=O O=C(NCc1ccccc1)c1cccc2cc[nH]c12 0.0000000 0.0000 0.0000000 0.0000 0.0000000 0.0000 0.0000000 0.0000 0.0000000 0.0000 0.0000000 0.0000 0.0000000 0.0000 0.0000000 0.0000 0.0000000 0.0000 0.0000000 0.0000 0.0000000 0.0000 0.0000000 0.0000 0.0000000 0.0000 0.0000000 0.0000 0.0000000 0.0000 ['[NH2]']
19:58:50 <INFO> SMILES: CC(=O)n1ccc2cc(Cl)cc(C(=O)NC(C)c3ccc(N4CCCN(C)CC4)cc3)c21 | Score: 0.7228231430053711 | Type: <class 'float'>
19:58:50 <INFO> SMILES: CCc1ccc(C(C)NC(=O)c2cc(Cl)cc3ccn(C(C)=O)c23)cc1 | Score: 0.5049333572387695 | Type: <class 'float'>
19:58:50 <INFO> SMILES: CC(=O)n1ccc2cc(Cl)cc(C(=O)NC(C)c3ccc(N(C)C)cc3)c21 | Score: 0.06401856988668442 | Type: <class 'float'>
19:58:50 <INFO> SMILES: Cc1ccc(C(C)NC(=O)c2cc(Cl)cc3ccn(C(=O)NCC4CC4)c23)cc1 | Score: 0.7856212258338928 | Type: <class 'float'>
19:58:50 <INFO> SMILES: CCc1ccc(C(C)NC(=O)c2cc(Cl)cc3ccn(C(=O)c4ccccc4)c23)cc1 | Score: 0.7627131938934326 | Type: <class 'float'>
19:58:50 <INFO> SMILES: CC(=O)n1ccc2cc(Cl)cc(C(=O)NC(C)c3ccc(CC(=O)N(C)C)cc3)c21 | Score: 0.408189982175827 | Type: <class 'float'>
19:58:50 <INFO> SMILES: Cc1ccc(C(C)NC(=O)c2cc(Cl)cc3ccn(C(=O)c4ccccc4Cl)c23)cc1 | Score: 0.8485736846923828 | Type: <class 'float'>
19:58:50 <INFO> SMILES: COc1ccc(-c2ccc(C(C)NC(=O)c3cc(Cl)cc4ccn(C(C)=O)c34)cc2)cn1 | Score: 0.7402812242507935 | Type: <class 'float'>
19:58:50 <INFO> SMILES: Cc1ccc(C(C)NC(=O)c2cc(Cl)cc3ccn(C(=O)c4ccc(Cl)cc4)c23)cc1 | Score: 0.8603644967079163 | Type: <class 'float'>
19:58:50 <INFO> SMILES: CC(=O)n1ccc2cc(Cl)cc(C(=O)NC(C)c3ccc(N4CCN(C=O)CC4)cc3)c21 | Score: 0.19847044348716736 | Type: <class 'float'>
19:58:50 <INFO> SMILES: Cc1ccc(C(C)NC(=O)c2cc(Cl)cc3ccn(C(=O)N4CCCC4)c23)cc1 | Score: 0.5306392312049866 | Type: <class 'float'>
19:58:50 <INFO> SMILES: CC(=O)n1ccc2cc(Cl)cc(C(=O)NC(C)c3ccc(N4CCN(C)CC4)cc3)c21 | Score: 0.6555917263031006 | Type: <class 'float'>
19:58:50 <INFO> SMILES: CC(=O)n1ccc2cc(Cl)cc(C(=O)NC(C)c3ccc(C45CCC(C4)C5(C)C)cc3)c21 | Score: 0.8127629160881042 | Type: <class 'float'>
19:58:50 <INFO> SMILES: CC(=O)n1ccc2cc(Cl)cc(C(=O)NC(C)c3ccc(-c4cnn5cnc(C)nc45)cc3)c21 | Score: 0.5320572257041931 | Type: <class 'float'>
19:58:50 <INFO> SMILES: CC(=O)n1ccc2cc(Cl)cc(C(=O)NC(C)c3ccc(-c4nc5ccccc5c(=O)[nH]4)cc3)c21 | Score: 0.21731987595558167 | Type: <class 'float'>
19:58:50 <INFO> SMILES: Cc1ccc(C(C)NC(=O)c2cc(Cl)cc3ccn(C(=O)C(C)(C)C)c23)cc1 | Score: 0.9036608934402466 | Type: <class 'float'>
19:58:50 <INFO> SMILES: CC(NC(=O)c1cc(Cl)cc2ccn(C(=O)N(C)C)c12)c1ccc(C2CC2)cc1 | Score: 0.4564003348350525 | Type: <class 'float'>
19:58:50 <INFO> SMILES: CC(NC(=O)c1cc(Cl)cc2ccn(C(=O)N(C)C)c12)c1ccc(C(F)(F)F)cc1 | Score: 0.6491992473602295 | Type: <class 'float'>
19:58:50 <INFO> SMILES: CC(=O)n1ccc2cc(Cl)cc(C(=O)NC(C)c3ccc(CC(C)(C)C)cc3)c21 | Score: 0.6919333338737488 | Type: <class 'float'>
19:58:50 <INFO> SMILES: CC(=O)n1ccc2cc(Cl)cc(C(=O)NC(C)c3ccc(-c4cn[nH]c4)cc3)c21 | Score: 0.43555891513824463 | Type: <class 'float'>
19:58:50 <INFO> SMILES: CC(NC(=O)c1cc(Cl)cc2ccn(C(=O)c3ccccc3)c12)c1ccc(C2COC2)cc1 | Score: 0.6155153512954712 | Type: <class 'float'>
19:58:50 <INFO> SMILES: Cc1ccc(C(C)NC(=O)c2cc(Cl)cc3ccn(C(=O)c4ccccc4)c23)cc1 | Score: 0.7931444048881531 | Type: <class 'float'>
19:58:50 <INFO> SMILES: CC(C)c1ccc(C(C)NC(=O)c2cc(Cl)cc3ccn(C(=O)c4ccccc4)c23)cc1 | Score: 0.7673932909965515 | Type: <class 'float'>
19:58:50 <INFO> SMILES: CC(=O)N1CCN(c2ccc(C(C)NC(=O)c3cc(Cl)cc4ccn(C(=O)c5ccccc5)c34)cc2)CC1 | Score: 0.6260291934013367 | Type: <class 'float'>
19:58:50 <INFO> SMILES: CC(NC(=O)c1cc(Cl)cc2ccn(C(=O)c3ccccc3)c12)c1ccc(-c2ccccc2)cc1 | Score: 0.7658492922782898 | Type: <class 'float'>
19:58:50 <INFO> SMILES: CC(=O)n1ccc2cc(Cl)cc(C(=O)NC(C)c3ccc(N4CCCN(C)CC4)cc3)c21 | LogD Prediction: 2.8156638145446777
19:58:50 <INFO> SMILES: CCc1ccc(C(C)NC(=O)c2cc(Cl)cc3ccn(C(C)=O)c23)cc1 | LogD Prediction: 3.86108136177063
19:58:50 <INFO> SMILES: CC(=O)n1ccc2cc(Cl)cc(C(=O)NC(C)c3ccc(N(C)C)cc3)c21 | LogD Prediction: 3.4139606952667236
19:58:50 <INFO> SMILES: Cc1ccc(C(C)NC(=O)c2cc(Cl)cc3ccn(C(=O)NCC4CC4)c23)cc1 | LogD Prediction: 3.6481707096099854
19:58:50 <INFO> SMILES: CCc1ccc(C(C)NC(=O)c2cc(Cl)cc3ccn(C(=O)c4ccccc4)c23)cc1 | LogD Prediction: 4.3312578201293945
19:58:50 <INFO> SMILES: CC(=O)n1ccc2cc(Cl)cc(C(=O)NC(C)c3ccc(CC(=O)N(C)C)cc3)c21 | LogD Prediction: 3.3651134967803955
19:58:50 <INFO> SMILES: Cc1ccc(C(C)NC(=O)c2cc(Cl)cc3ccn(C(=O)c4ccccc4Cl)c23)cc1 | LogD Prediction: 4.367362976074219
19:58:50 <INFO> SMILES: COc1ccc(-c2ccc(C(C)NC(=O)c3cc(Cl)cc4ccn(C(C)=O)c34)cc2)cn1 | LogD Prediction: 4.011772632598877
19:58:50 <INFO> SMILES: Cc1ccc(C(C)NC(=O)c2cc(Cl)cc3ccn(C(=O)c4ccc(Cl)cc4)c23)cc1 | LogD Prediction: 4.356568813323975
19:58:50 <INFO> SMILES: CC(=O)n1ccc2cc(Cl)cc(C(=O)NC(C)c3ccc(N4CCN(C=O)CC4)cc3)c21 | LogD Prediction: 3.12565541267395
19:58:50 <INFO> SMILES: Cc1ccc(C(C)NC(=O)c2cc(Cl)cc3ccn(C(=O)N4CCCC4)c23)cc1 | LogD Prediction: 3.3279917240142822
19:58:50 <INFO> SMILES: CC(=O)n1ccc2cc(Cl)cc(C(=O)NC(C)c3ccc(N4CCN(C)CC4)cc3)c21 | LogD Prediction: 3.059730291366577
19:58:50 <INFO> SMILES: CC(=O)n1ccc2cc(Cl)cc(C(=O)NC(C)c3ccc(C45CCC(C4)C5(C)C)cc3)c21 | LogD Prediction: 4.284112930297852
19:58:50 <INFO> SMILES: CC(=O)n1ccc2cc(Cl)cc(C(=O)NC(C)c3ccc(-c4cnn5cnc(C)nc45)cc3)c21 | LogD Prediction: 3.6370222568511963
19:58:50 <INFO> SMILES: CC(=O)n1ccc2cc(Cl)cc(C(=O)NC(C)c3ccc(-c4nc5ccccc5c(=O)[nH]4)cc3)c21 | LogD Prediction: 3.695432186126709
19:58:50 <INFO> SMILES: Cc1ccc(C(C)NC(=O)c2cc(Cl)cc3ccn(C(=O)C(C)(C)C)c23)cc1 | LogD Prediction: 4.245885848999023
19:58:50 <INFO> SMILES: CC(NC(=O)c1cc(Cl)cc2ccn(C(=O)N(C)C)c12)c1ccc(C2CC2)cc1 | LogD Prediction: 3.7066304683685303
19:58:50 <INFO> SMILES: CC(NC(=O)c1cc(Cl)cc2ccn(C(=O)N(C)C)c12)c1ccc(C(F)(F)F)cc1 | LogD Prediction: 4.083681106567383
19:58:50 <INFO> SMILES: CC(=O)n1ccc2cc(Cl)cc(C(=O)NC(C)c3ccc(CC(C)(C)C)cc3)c21 | LogD Prediction: 4.324080944061279
19:58:50 <INFO> SMILES: CC(=O)n1ccc2cc(Cl)cc(C(=O)NC(C)c3ccc(-c4cn[nH]c4)cc3)c21 | LogD Prediction: 3.273334264755249
19:58:50 <INFO> SMILES: CC(NC(=O)c1cc(Cl)cc2ccn(C(=O)c3ccccc3)c12)c1ccc(C2COC2)cc1 | LogD Prediction: 3.8450424671173096
19:58:50 <INFO> SMILES: Cc1ccc(C(C)NC(=O)c2cc(Cl)cc3ccn(C(=O)c4ccccc4)c23)cc1 | LogD Prediction: 4.185138702392578
19:58:50 <INFO> SMILES: CC(C)c1ccc(C(C)NC(=O)c2cc(Cl)cc3ccn(C(=O)c4ccccc4)c23)cc1 | LogD Prediction: 4.513653755187988
19:58:50 <INFO> SMILES: CC(=O)N1CCN(c2ccc(C(C)NC(=O)c3cc(Cl)cc4ccn(C(=O)c5ccccc5)c34)cc2)CC1 | LogD Prediction: 3.440256118774414
19:58:50 <INFO> SMILES: CC(NC(=O)c1cc(Cl)cc2ccn(C(=O)c3ccccc3)c12)c1ccc(-c2ccccc2)cc1 | LogD Prediction: 4.382839679718018
19:58:51 <INFO> Score: 0.00 Agent NLL: 10.90 Valid: 100% Step: 2
 | Agent Prior Target Score SMILES SMILES_state Input_Scaffold R-groups Scaffold QED QED (raw) gnina score gnina score (raw) MW MW (raw) SlogP (RDKit) SlogP (RDKit) (raw) TPSA TPSA (raw) Number of stereo centers Number of stereo centers (raw) Number of HB acceptors (Lipinski) Number of HB acceptors (Lipinski) (raw) Number of HB donors (Lipinski) Number of HB donors (Lipinski) (raw) Number of rotatable bonds Number of rotatable bonds (raw) Number of Heavy atoms Number of Heavy atoms (raw) Molecular Volume (RDKit) Molecular Volume (RDKit) (raw) SA score SA score (raw) herg inactive herg inactive (raw) LogD LogD (raw) Alerts Alerts (raw) matching_patterns (Alerts)
 | 3.9935 6.4256 -3.7421 0.0053671 CC(=O)n1ccc2cc(Cl)cc(C(=O)NC(C)c3ccc(C)cc3)c21 1 C(c1c2c(ccn2[*])cc(Cl)c1)(=O)NC(c1ccc([*])cc1)C *C(=O)C|*C O=C(NCc1ccccc1)c1cccc2cc[nH]c12 0.7371775 0.7372 -7.9560800 -7.9561 0.9999985 354.8370 0.0000001 4.7542 1.0000000 51.1000 1.0000000 1.0000 1.0000000 3.0000 0.9467598 1.0000 0.9825279 3.0000 0.9918135 25.0000 0.9943858 315.1040 0.9289556 2.7671 0.0000238 0.5462 0.1412583 3.6960 1.0000000 1.0000 []
 | 6.7843 7.7680 -7.4433 0.0006493 CC(=O)n1ccc2cc(Cl)cc(C(=O)NC(C)c3ccc(C(C)(C)C)cc3)c21 1 C(c1c2c(ccn2[*])cc(Cl)c1)(=O)NC(c1ccc([*])cc1)C *C(=O)C|*C(C)(C)C O=C(NCc1ccccc1)c1cccc2cc[nH]c12 0.6129085 0.6129 -7.0069500 -7.0069 0.9999247 396.9180 0.0000000 5.7433 1.0000000 51.1000 1.0000000 1.0000 1.0000000 3.0000 0.9467598 1.0000 0.9825279 3.0000 0.9855343 28.0000 0.9647456 363.7680 0.9191686 2.8884 0.0000000 0.6820 0.0020767 4.1704 1.0000000 1.0000 []
 | 12.1364 12.7985 -11.2151 0.0031668 CC(=O)n1ccc2cc(Cl)cc(C(=O)NC(C)c3ccc(N4CCCN(C)CC4)cc3)c21 1 C(c1c2c(ccn2[*])cc(Cl)c1)(=O)NC(c1ccc([*])cc1)C *C(=O)C|C1CN(*)CCN(C)C1 O=C(NCc1ccc(N2CCCNCC2)cc1)c1cccc2cc[nH]c12 0.6287150 0.6287 -7.3566400 -7.3566 0.9870055 452.9860 0.0000004 4.5877 1.0000000 57.5800 1.0000000 1.0000 1.0000000 5.0000 0.9467598 1.0000 0.9693466 4.0000 0.9693466 32.0000 0.8194984 410.5760 0.9106569 2.9834 0.0000000 0.7228 0.9981725 2.8157 1.0000000 1.0000 []
 | 7.3486 9.3528 -3.2907 0.0121242 CCc1ccc(C(C)NC(=O)c2cc(Cl)cc3ccn(C(C)=O)c23)cc1 1 C(c1c2c(ccn2[*])cc(Cl)c1)(=O)NC(c1ccc([*])cc1)C *C(=O)C|CC* O=C(NCc1ccccc1)c1cccc2cc[nH]c12 0.7034061 0.7034 -7.1091700 -7.1092 0.9999943 368.8640 0.0000000 5.0082 1.0000000 51.1000 1.0000000 1.0000 1.0000000 3.0000 0.9467598 1.0000 0.9693466 4.0000 0.9900990 26.0000 0.9892362 332.2000 0.9264383 2.7997 0.2430652 0.5049 0.0347006 3.8611 1.0000000 1.0000 []
 | 6.3690 7.7740 -7.5663 0.0004153 CC(=O)n1ccc2cc(Cl)cc(C(=O)NC(C)c3ccc(C(F)(F)F)cc3)c21 1 C(c1c2c(ccn2[*])cc(Cl)c1)(=O)NC(c1ccc([*])cc1)C *C(=O)C|FC(F)(F)* O=C(NCc1ccccc1)c1cccc2cc[nH]c12 0.6248520 0.6249 -10.4773900 -10.4774 0.9997750 408.8070 0.0000000 5.4646 1.0000000 51.1000 1.0000000 1.0000 1.0000000 3.0000 0.9467598 1.0000 0.9825279 3.0000 0.9855343 28.0000 0.9895296 331.4720 0.9169239 2.9143 0.0000000 0.6741 0.0003587 4.3613 1.0000000 1.0000 []
 | 8.8288 9.6789 6.0227 0.0314031 CC(=O)n1ccc2cc(Cl)cc(C(=O)NC(C)c3ccc(N(C)C)cc3)c21 1 C(c1c2c(ccn2[*])cc(Cl)c1)(=O)NC(c1ccc([*])cc1)C *C(=O)C|N(C)(C)* O=C(NCc1ccccc1)c1cccc2cc[nH]c12 0.7206092 0.7206 -5.5761300 -5.5761 0.9999774 383.8790 0.0000005 4.5118 1.0000000 54.3400 1.0000000 1.0000 1.0000000 4.0000 0.9467598 1.0000 0.9693466 4.0000 0.9880297 27.0000 0.9836208 343.2880 0.9184455 2.8968 1.0000000 0.0640 0.6883575 3.4140 1.0000000 1.0000 []
 | 15.4915 19.5779 -18.5245 0.0021068 Cc1ccc(C(C)NC(=O)c2cc(Cl)cc3ccn(C(=O)NCC4CC4)c23)cc1 1 C(c1c2c(ccn2[*])cc(Cl)c1)(=O)NC(c1ccc([*])cc1)C *C(=O)NCC1CC1|*C O=C(NCc1ccccc1)c1cccc2ccn(C(=O)NCC3CC3)c12 0.6180629 0.6181 -10.8324500 -10.8324 0.9997508 409.9170 0.0000000 5.0618 1.0000000 63.1300 1.0000000 1.0000 1.0000000 3.0000 0.5000000 2.0000 0.9467598 5.0000 0.9825279 29.0000 0.9550537 370.3600 0.9144409 2.9422 0.0000000 0.7856 0.2034770 3.6482 1.0000000 1.0000 []
 | 11.0372 13.4013 -13.4013 0.0000000 CC(NC(=O)c1cc(Cl)cc2ccn(C(N)=O)c12)c1ccc(-c2ccccc2)cc1 1 C(c1c2c(ccn2[*])cc(Cl)c1)(=O)NC(c1ccc([*])cc1)C *C(=O)N|c1(*)ccccc1 O=C(NCc1ccc(-c2ccccc2)cc1)c1cccc2cc[nH]c12 0.0000000 0.0000 0.0000000 0.0000 0.0000000 0.0000 0.0000000 0.0000 0.0000000 0.0000 0.0000000 0.0000 0.0000000 0.0000 0.0000000 0.0000 0.0000000 0.0000 0.0000000 0.0000 0.0000000 0.0000 0.0000000 0.0000 0.0000000 0.0000 0.0000000 0.0000 0.0000000 0.0000 ['[NH2]']
 | 6.5846 5.4507 -5.4507 0.0000000 CC(NC(=O)c1cc(Cl)cc2ccn(C(=O)OC(C)(C)C)c12)c1ccc(C(F)(F)F)cc1 1 C(c1c2c(ccn2[*])cc(Cl)c1)(=O)NC(c1ccc([*])cc1)C *C(=O)OC(C)(C)C|*C(F)(F)F O=C(NCc1ccccc1)c1cccc2cc[nH]c12 0.0000000 0.0000 0.0000000 0.0000 0.0000000 0.0000 0.0000000 0.0000 0.0000000 0.0000 0.0000000 0.0000 0.0000000 0.0000 0.0000000 0.0000 0.0000000 0.0000 0.0000000 0.0000 0.0000000 0.0000 0.0000000 0.0000 0.0000000 0.0000 0.0000000 0.0000 0.0000000 0.0000 ['C(=[O,S])[O,S]']
 | 5.0275 4.1522 -4.1522 0.0000000 Cc1ccc(C(C)NC(=O)c2cc(Cl)cc3ccn(C(=O)OC(C)(C)C)c23)cc1 1 C(c1c2c(ccn2[*])cc(Cl)c1)(=O)NC(c1ccc([*])cc1)C *C(=O)OC(C)(C)C|C* O=C(NCc1ccccc1)c1cccc2cc[nH]c12 0.0000000 0.0000 0.0000000 0.0000 0.0000000 0.0000 0.0000000 0.0000 0.0000000 0.0000 0.0000000 0.0000 0.0000000 0.0000 0.0000000 0.0000 0.0000000 0.0000 0.0000000 0.0000 0.0000000 0.0000 0.0000000 0.0000 0.0000000 0.0000 0.0000000 0.0000 0.0000000 0.0000 ['C(=[O,S])[O,S]']
19:58:51 <WARN> reinvent_plugins.normalizers.rdkit_smiles: n1([*])ccc2cc(Cl)cc(C(NC(C)c3ccc([*])cc3)=O)c12*C(C)=O|O1C(F)(F)O*)CN(C)C1 could not be converted
19:58:51 <WARN> reinvent_plugins.normalizers.rdkit_smiles: n1([*])ccc2cc(Cl)cc(C(NC(C)c3ccc([*])cc3)=O)c12C(*)(=O)N|C1N(C)CCC(n2ncc(-c3nc(C)c(*)nc3)c2=O)C1 could not be converted
20:01:50 <INFO> SMILES: CC(=O)n1ccc2cc(Cl)cc(C(=O)NC(C)c3ccc(CC(=O)N4CCOC(C)C4)cc3)c21 | Score: 0.021003950387239456 | Type: <class 'float'>
20:01:50 <INFO> SMILES: CC(=O)n1ccc2cc(Cl)cc(C(=O)NC(C)c3ccc(-c4cccc(NC(=O)N5CCOCC5)c4)cc3)c21 | Score: 0.18256165087223053 | Type: <class 'float'>
20:01:50 <INFO> SMILES: CCNc1nc(-c2ccc(C(C)NC(=O)c3cc(Cl)cc4ccn(C(C)=O)c34)cc2)no1 | Score: 0.3742029666900635 | Type: <class 'float'>
20:01:50 <INFO> SMILES: CC(=O)n1ccc2cc(Cl)cc(C(=O)NC(C)c3ccc(CCNc4nnc5c(-c6ncco6)cccn45)cc3)c21 | Score: 0.5142905116081238 | Type: <class 'float'>
20:01:50 <INFO> SMILES: CC(NC(=O)c1cc(Cl)cc2ccn(C(=O)N(C)C)c12)c1ccc(N2CCC(N(C)C)CC2)cc1 | Score: 0.7694280743598938 | Type: <class 'float'>
20:01:50 <INFO> SMILES: CNc1ccc(C(C)NC(=O)c2cc(Cl)cc3ccn(C(=O)N(C)C)c23)cc1 | Score: 0.1933145374059677 | Type: <class 'float'>
20:01:50 <INFO> SMILES: CC(=O)n1ccc2cc(Cl)cc(C(=O)NC(C)c3ccc(C4(F)CC4)cc3)c21 | Score: 0.478450208902359 | Type: <class 'float'>
20:01:50 <INFO> SMILES: CC(=O)n1ccc2cc(Cl)cc(C(=O)NC(C)c3ccc(-c4cnn(C5CC5)c4)cc3)c21 | Score: 0.4918549656867981 | Type: <class 'float'>
20:01:50 <INFO> SMILES: CC(=O)n1ccc2cc(Cl)cc(C(=O)NC(C)c3ccc(N4CCNC4=O)cc3)c21 | Score: 0.2856327295303345 | Type: <class 'float'>
20:01:50 <INFO> SMILES: CC(=O)n1ccc2cc(Cl)cc(C(=O)NC(C)c3ccc(-c4nc(C)no4)cc3)c21 | Score: 0.5696874856948853 | Type: <class 'float'>
20:01:50 <INFO> SMILES: CC(NC(=O)c1cc(Cl)cc2ccn(C(=O)NC(C)(C)C)c12)c1ccc(C(F)(F)F)cc1 | Score: 0.8071497678756714 | Type: <class 'float'>
20:01:50 <INFO> SMILES: COc1ccccc1-c1ccc(C(C)NC(=O)c2cc(Cl)cc3ccn(C(C)=O)c23)cc1 | Score: 0.5502687096595764 | Type: <class 'float'>
20:01:50 <INFO> SMILES: CC(=O)n1ccc2cc(Cl)cc(C(=O)NC(C)c3ccc(N4C(=O)CCC4=O)cc3)c21 | Score: 0.18848852813243866 | Type: <class 'float'>
20:01:50 <INFO> SMILES: CCNC(=O)Nc1cn(C)c(-c2c(-c3ccc(C(C)NC(=O)c4cc(Cl)cc5ccn(C(C)=O)c45)cc3)ncn2C)n1 | Score: 0.2783588767051697 | Type: <class 'float'>
20:01:50 <INFO> SMILES: CCc1ccc(C(C)NC(=O)c2cc(Cl)cc3ccn(C(=O)NC(C)(C)C)c23)cc1 | Score: 0.7038447260856628 | Type: <class 'float'>
20:01:50 <INFO> SMILES: CCNC(=O)n1ccc2cc(Cl)cc(C(=O)NC(C)c3ccc(-c4ccc(-c5cccc(CN6CCOCC6)n5)cc4OC)cc3)c21 | Score: 0.4966840445995331 | Type: <class 'float'>
20:01:50 <INFO> SMILES: CCOCC(=O)n1ccc2cc(Cl)cc(C(=O)NC(C)c3ccc(-c4cccc(C(=O)NC)n4)cc3)c21 | Score: 0.587478756904602 | Type: <class 'float'>
20:01:50 <INFO> SMILES: CC(NC(=O)c1cc(Cl)cc2ccn(C(=O)C3CCC3)c12)c1ccc(C(F)(F)F)cc1 | Score: 0.8544037938117981 | Type: <class 'float'>
20:01:50 <INFO> SMILES: CNC(=O)C1CCC1C(=O)n1ccc2cc(Cl)cc(C(=O)NC(C)c3ccc(C)cc3)c21 | Score: 0.7626767754554749 | Type: <class 'float'>
20:01:50 <INFO> SMILES: Cc1ccc(C(C)NC(=O)c2cc(Cl)cc3ccn(C(=O)N4CCCC(C)C4)c23)cc1 | Score: 0.68070387840271 | Type: <class 'float'>
20:01:50 <INFO> SMILES: CC(NC(=O)c1cc(Cl)cc2ccn(C(=O)C3CCN(C)CC3)c12)c1ccc(C(F)(F)F)cc1 | Score: 0.8986099362373352 | Type: <class 'float'>
20:01:50 <INFO> SMILES: Cc1ccc(C(C)NC(=O)c2cc(Cl)cc3ccn(C(=O)NC(=O)C4COCCO4)c23)cc1 | Score: 0.28747105598449707 | Type: <class 'float'>
20:01:50 <INFO> SMILES: CC(=O)n1ccc2cc(Cl)cc(C(=O)NC(C)c3ccc(N4CCCC4)cc3)c21 | Score: 0.6360143423080444 | Type: <class 'float'>
20:01:50 <INFO> SMILES: CC(=O)n1ccc2cc(Cl)cc(C(=O)NC(C)c3ccc(CC(=O)c4ccc5c(n4)C4CC5CN(C)C4)cc3)c21 | Score: 0.5333750247955322 | Type: <class 'float'>
20:01:50 <INFO> SMILES: CC(=O)n1ccc2cc(Cl)cc(C(=O)NC(C)c3ccc(C4(C)CCNC(=O)C4)cc3)c21 | Score: 0.0938616394996643 | Type: <class 'float'>
20:01:50 <INFO> SMILES: CC(=O)n1ccc2cc(Cl)cc(C(=O)NC(C)c3ccc(Cc4cccnc4)cc3)c21 | Score: 0.45653343200683594 | Type: <class 'float'>
20:01:50 <INFO> SMILES: CCc1ccc(C(C)NC(=O)c2cc(Cl)cc3ccn(C(=O)C4CN(C(C)=O)CCO4)c23)cc1 | Score: 0.31068167090415955 | Type: <class 'float'>
20:01:50 <INFO> SMILES: CNC(=O)n1ccc2cc(Cl)cc(C(=O)NC(C)c3ccc(N4CCCN(C)CC4)cc3)c21 | Score: 0.6695084571838379 | Type: <class 'float'>
20:01:50 <INFO> SMILES: CNC(=O)n1ccc2cc(Cl)cc(C(=O)NC(C)c3ccc(C(F)(F)F)cc3)c21 | Score: 0.6100519895553589 | Type: <class 'float'>
20:01:50 <INFO> SMILES: COc1ncc(-c2ccc(C(C)NC(=O)c3cc(Cl)cc4ccn(C(C)=O)c34)cc2)cc1C#N | Score: 0.7321187853813171 | Type: <class 'float'>
20:01:50 <INFO> SMILES: CC(=O)n1ccc2cc(Cl)cc(C(=O)NC(C)c3ccc(Cn4cnc5ncc(Cl)cc54)cc3)c21 | Score: 0.6291348338127136 | Type: <class 'float'>
20:01:50 <INFO> SMILES: CC(NC(=O)c1cc(Cl)cc2ccn(C(=O)N(C)C)c12)c1ccc(CC2(C)COC2)cc1 | Score: 0.4867786765098572 | Type: <class 'float'>
20:01:50 <INFO> SMILES: CC(NC(=O)c1cc(Cl)cc2ccn(C(=O)NC(C)(C)C)c12)c1ccc(N2CCOCC2)cc1 | Score: 0.4830636978149414 | Type: <class 'float'>
20:01:50 <INFO> SMILES: CC(=O)n1ccc2cc(Cl)cc(C(=O)NC(C)c3ccc(N4CCNCC4)cc3)c21 | Score: 0.5531352162361145 | Type: <class 'float'>
20:01:50 <INFO> SMILES: CNC(=O)n1ccc2cc(Cl)cc(C(=O)NC(C)c3ccc(C(C)(C)C)cc3)c21 | Score: 0.618327796459198 | Type: <class 'float'>
20:01:50 <INFO> SMILES: CC(NC(=O)c1cc(Cl)cc2ccn(C=O)c12)c1ccc(N2CCN(C)CC2)cc1 | Score: 0.7256617546081543 | Type: <class 'float'>
20:01:50 <INFO> SMILES: CC(=O)n1ccc2cc(Cl)cc(C(=O)NC(C)c3ccc(CC(=O)N4CCOC(C)C4)cc3)c21 | LogD Prediction: 3.353217363357544
20:01:50 <INFO> SMILES: CC(=O)n1ccc2cc(Cl)cc(C(=O)NC(C)c3ccc(-c4cccc(NC(=O)N5CCOCC5)c4)cc3)c21 | LogD Prediction: 3.8634655475616455
20:01:50 <INFO> SMILES: CCNc1nc(-c2ccc(C(C)NC(=O)c3cc(Cl)cc4ccn(C(C)=O)c34)cc2)no1 | LogD Prediction: 3.612509250640869
20:01:50 <INFO> SMILES: CC(=O)n1ccc2cc(Cl)cc(C(=O)NC(C)c3ccc(CCNc4nnc5c(-c6ncco6)cccn45)cc3)c21 | LogD Prediction: 3.5125913619995117
20:01:50 <INFO> SMILES: CC(NC(=O)c1cc(Cl)cc2ccn(C(=O)N(C)C)c12)c1ccc(N2CCC(N(C)C)CC2)cc1 | LogD Prediction: 2.738224983215332
20:01:50 <INFO> SMILES: CNc1ccc(C(C)NC(=O)c2cc(Cl)cc3ccn(C(=O)N(C)C)c23)cc1 | LogD Prediction: 3.2347657680511475
20:01:50 <INFO> SMILES: CC(=O)n1ccc2cc(Cl)cc(C(=O)NC(C)c3ccc(C4(F)CC4)cc3)c21 | LogD Prediction: 4.090451717376709
20:01:50 <INFO> SMILES: CC(=O)n1ccc2cc(Cl)cc(C(=O)NC(C)c3ccc(-c4cnn(C5CC5)c4)cc3)c21 | LogD Prediction: 3.527930974960327
20:01:50 <INFO> SMILES: CC(=O)n1ccc2cc(Cl)cc(C(=O)NC(C)c3ccc(N4CCNC4=O)cc3)c21 | LogD Prediction: 3.05037784576416
20:01:50 <INFO> SMILES: CC(=O)n1ccc2cc(Cl)cc(C(=O)NC(C)c3ccc(-c4nc(C)no4)cc3)c21 | LogD Prediction: 3.766383647918701
20:01:50 <INFO> SMILES: CC(NC(=O)c1cc(Cl)cc2ccn(C(=O)NC(C)(C)C)c12)c1ccc(C(F)(F)F)cc1 | LogD Prediction: 4.5151214599609375
20:01:50 <INFO> SMILES: COc1ccccc1-c1ccc(C(C)NC(=O)c2cc(Cl)cc3ccn(C(C)=O)c23)cc1 | LogD Prediction: 4.235995769500732
20:01:50 <INFO> SMILES: CC(=O)n1ccc2cc(Cl)cc(C(=O)NC(C)c3ccc(N4C(=O)CCC4=O)cc3)c21 | LogD Prediction: 2.980907440185547
20:01:50 <INFO> SMILES: CCNC(=O)Nc1cn(C)c(-c2c(-c3ccc(C(C)NC(=O)c4cc(Cl)cc5ccn(C(C)=O)c45)cc3)ncn2C)n1 | LogD Prediction: 3.4996984004974365
20:01:50 <INFO> SMILES: CCc1ccc(C(C)NC(=O)c2cc(Cl)cc3ccn(C(=O)NC(C)(C)C)c23)cc1 | LogD Prediction: 4.057832717895508
20:01:50 <INFO> SMILES: CCNC(=O)n1ccc2cc(Cl)cc(C(=O)NC(C)c3ccc(-c4ccc(-c5cccc(CN6CCOCC6)n5)cc4OC)cc3)c21 | LogD Prediction: 4.166146278381348
20:01:50 <INFO> SMILES: CCOCC(=O)n1ccc2cc(Cl)cc(C(=O)NC(C)c3ccc(-c4cccc(C(=O)NC)n4)cc3)c21 | LogD Prediction: 3.6759560108184814
20:01:50 <INFO> SMILES: CC(NC(=O)c1cc(Cl)cc2ccn(C(=O)C3CCC3)c12)c1ccc(C(F)(F)F)cc1 | LogD Prediction: 4.673544883728027
20:01:50 <INFO> SMILES: CNC(=O)C1CCC1C(=O)n1ccc2cc(Cl)cc(C(=O)NC(C)c3ccc(C)cc3)c21 | LogD Prediction: 3.7826783657073975
20:01:50 <INFO> SMILES: Cc1ccc(C(C)NC(=O)c2cc(Cl)cc3ccn(C(=O)N4CCCC(C)C4)c23)cc1 | LogD Prediction: 3.7747998237609863
20:01:50 <INFO> SMILES: CC(NC(=O)c1cc(Cl)cc2ccn(C(=O)C3CCN(C)CC3)c12)c1ccc(C(F)(F)F)cc1 | LogD Prediction: 3.181947708129883
20:01:50 <INFO> SMILES: Cc1ccc(C(C)NC(=O)c2cc(Cl)cc3ccn(C(=O)NC(=O)C4COCCO4)c23)cc1 | LogD Prediction: 3.0599610805511475
20:01:50 <INFO> SMILES: CC(=O)n1ccc2cc(Cl)cc(C(=O)NC(C)c3ccc(N4CCCC4)cc3)c21 | LogD Prediction: 3.5450408458709717
20:01:50 <INFO> SMILES: CC(=O)n1ccc2cc(Cl)cc(C(=O)NC(C)c3ccc(CC(=O)c4ccc5c(n4)C4CC5CN(C)C4)cc3)c21 | LogD Prediction: 3.3668715953826904
20:01:50 <INFO> SMILES: CC(=O)n1ccc2cc(Cl)cc(C(=O)NC(C)c3ccc(C4(C)CCNC(=O)C4)cc3)c21 | LogD Prediction: 3.3010833263397217
20:01:50 <INFO> SMILES: CC(=O)n1ccc2cc(Cl)cc(C(=O)NC(C)c3ccc(Cc4cccnc4)cc3)c21 | LogD Prediction: 3.6478395462036133
20:01:50 <INFO> SMILES: CCc1ccc(C(C)NC(=O)c2cc(Cl)cc3ccn(C(=O)C4CN(C(C)=O)CCO4)c23)cc1 | LogD Prediction: 3.4189560413360596
20:01:50 <INFO> SMILES: CNC(=O)n1ccc2cc(Cl)cc(C(=O)NC(C)c3ccc(N4CCCN(C)CC4)cc3)c21 | LogD Prediction: 2.756927728652954
20:01:50 <INFO> SMILES: CNC(=O)n1ccc2cc(Cl)cc(C(=O)NC(C)c3ccc(C(F)(F)F)cc3)c21 | LogD Prediction: 4.155699253082275
20:01:50 <INFO> SMILES: COc1ncc(-c2ccc(C(C)NC(=O)c3cc(Cl)cc4ccn(C(C)=O)c34)cc2)cc1C#N | LogD Prediction: 4.036776065826416
20:01:50 <INFO> SMILES: CC(=O)n1ccc2cc(Cl)cc(C(=O)NC(C)c3ccc(Cn4cnc5ncc(Cl)cc54)cc3)c21 | LogD Prediction: 3.6479110717773438
20:01:50 <INFO> SMILES: CC(NC(=O)c1cc(Cl)cc2ccn(C(=O)N(C)C)c12)c1ccc(CC2(C)COC2)cc1 | LogD Prediction: 3.6273531913757324
20:01:50 <INFO> SMILES: CC(NC(=O)c1cc(Cl)cc2ccn(C(=O)NC(C)(C)C)c12)c1ccc(N2CCOCC2)cc1 | LogD Prediction: 3.672940969467163
20:01:50 <INFO> SMILES: CC(=O)n1ccc2cc(Cl)cc(C(=O)NC(C)c3ccc(N4CCNCC4)cc3)c21 | LogD Prediction: 2.492769241333008
20:01:50 <INFO> SMILES: CNC(=O)n1ccc2cc(Cl)cc(C(=O)NC(C)c3ccc(C(C)(C)C)cc3)c21 | LogD Prediction: 4.036120414733887
20:01:50 <INFO> SMILES: CC(NC(=O)c1cc(Cl)cc2ccn(C=O)c12)c1ccc(N2CCN(C)CC2)cc1 | LogD Prediction: 2.804931402206421
20:01:51 <INFO> Score: 0.01 Agent NLL: 17.09 Valid:  98% Step: 3
 | Agent Prior Target Score SMILES SMILES_state Input_Scaffold R-groups Scaffold QED QED (raw) gnina score gnina score (raw) MW MW (raw) SlogP (RDKit) SlogP (RDKit) (raw) TPSA TPSA (raw) Number of stereo centers Number of stereo centers (raw) Number of HB acceptors (Lipinski) Number of HB acceptors (Lipinski) (raw) Number of HB donors (Lipinski) Number of HB donors (Lipinski) (raw) Number of rotatable bonds Number of rotatable bonds (raw) Number of Heavy atoms Number of Heavy atoms (raw) Molecular Volume (RDKit) Molecular Volume (RDKit) (raw) SA score SA score (raw) herg inactive herg inactive (raw) LogD LogD (raw) Alerts Alerts (raw) matching_patterns (Alerts)
 | 19.3890 20.7945 -5.7618 0.0300655 CC(=O)n1ccc2cc(Cl)cc(C(=O)NC(C)c3ccc(CC(=O)N4CCOC(C)C4)cc3)c21 1 n1([*])ccc2cc(Cl)cc(C(NC(C)c3ccc([*])cc3)=O)c12 *C(=O)C|*CC(N1CCOC(C)C1)=O O=C(NCc1ccc(CC(=O)N2CCOCC2)cc1)c1cccc2cc[nH]c12 0.5908261 0.5908 -8.5937000 -8.5937 0.8401980 481.9800 0.0000026 4.2356 1.0000000 80.6400 1.0000000 2.0000 1.0000000 5.0000 0.9467598 1.0000 0.9467598 5.0000 0.9556430 34.0000 0.6980088 428.1680 0.8669466 3.3721 1.0000000 0.0210 0.7944430 3.3532 1.0000000 1.0000 []
 | 22.2416 22.6455 -20.4841 0.0043227 CC(=O)n1ccc2cc(Cl)cc(C(=O)NC(C)c3ccc(-c4cccc(NC(=O)N5CCOCC5)c4)cc3)c21 1 n1([*])ccc2cc(Cl)cc(C(NC(C)c3ccc([*])cc3)=O)c12 *C(=O)C|C1COCCN1C(Nc1cc(*)ccc1)=O O=C(NCc1ccc(-c2cccc(NC(=O)N3CCOCC3)c2)cc1)c1cccc2cc[nH]c12 0.3232522 0.3233 -8.4142900 -8.4143 0.0155466 545.0390 0.0000000 5.9769 0.9999998 92.6700 1.0000000 1.0000 1.0000000 5.0000 0.5000000 2.0000 0.9467598 5.0000 0.8919391 39.0000 0.2544824 478.0080 0.9011265 3.0806 1.0000000 0.1826 0.0339725 3.8635 1.0000000 1.0000 []
 | 21.0390 22.6796 -11.5396 0.0222801 CCNc1nc(-c2ccc(C(C)NC(=O)c3cc(Cl)cc4ccn(C(C)=O)c34)cc2)no1 1 n1([*])ccc2cc(Cl)cc(C(NC(C)c3ccc([*])cc3)=O)c12 *C(=O)C|c1(NCC)onc(*)n1 O=C(NCc1ccc(-c2ncon2)cc1)c1cccc2cc[nH]c12 0.4307179 0.4307 -7.9391100 -7.9391 0.9882128 451.9140 0.0000000 4.9276 0.9999962 102.0500 1.0000000 1.0000 0.9999900 7.0000 0.5000000 2.0000 0.9090909 6.0000 0.9693466 32.0000 0.9058691 391.0000 0.8872772 3.2079 1.0000000 0.3742 0.2618745 3.6125 1.0000000 1.0000 []
 | 34.4574 36.2074 -34.6790 0.0030567 CC(=O)n1ccc2cc(Cl)cc(C(=O)NC(C)c3ccc(CCNc4nnc5c(-c6ncco6)cccn45)cc3)c21 1 n1([*])ccc2cc(Cl)cc(C(NC(C)c3ccc([*])cc3)=O)c12 *C(=O)C|n1nc(NCC*)n2cccc(-c3ncco3)c12 O=C(NCc1ccc(CCNc2nnc3c(-c4ncco4)cccn23)cc1)c1cccc2cc[nH]c12 0.2384669 0.2385 -8.3450000 -8.3450 0.0018954 568.0370 0.0000000 5.7981 0.9988793 119.3500 1.0000000 1.0000 0.5000000 9.0000 0.5000000 2.0000 0.7597469 8.0000 0.8490205 41.0000 0.1954442 486.8720 0.8296082 3.6252 0.0358981 0.5143 0.4710398 3.5126 1.0000000 1.0000 []
 | 13.4148 15.5638 -14.2089 0.0027097 CC(NC(=O)c1cc(Cl)cc2ccn(C(=O)N(C)C)c12)c1ccc(N2CCC(N(C)C)CC2)cc1 1 n1([*])ccc2cc(Cl)cc(C(NC(C)c3ccc([*])cc3)=O)c12 *C(=O)N(C)C|C1N(*)CCC(N(C)C)C1 O=C(NCc1ccc(N2CCCCC2)cc1)c1cccc2cc[nH]c12 0.5495702 0.5496 -8.4463300 -8.4463 0.5898508 496.0550 0.0000001 4.8458 1.0000000 60.8200 1.0000000 1.0000 1.0000000 5.0000 0.9467598 1.0000 0.9467598 5.0000 0.9467598 35.0000 0.4380730 456.4880 0.8889892 3.1929 0.0000000 0.7694 0.9991036 2.7382 1.0000000 1.0000 []
 | 13.0442 14.9683 1.7961 0.0335289 CNc1ccc(C(C)NC(=O)c2cc(Cl)cc3ccn(C(=O)N(C)C)c23)cc1 1 n1([*])ccc2cc(Cl)cc(C(NC(C)c3ccc([*])cc3)=O)c12 *C(=O)N(C)C|N(*)C O=C(NCc1ccccc1)c1cccc2cc[nH]c12 0.6858646 0.6859 -6.2013000 -6.2013 0.9999097 398.8940 0.0000013 4.3571 1.0000000 66.3700 1.0000000 1.0000 1.0000000 4.0000 0.5000000 2.0000 0.9693466 4.0000 0.9855343 28.0000 0.9724985 357.0880 0.9071366 3.0203 1.0000000 0.1933 0.9200405 3.2348 1.0000000 1.0000 []
 | 14.8672 17.0966 -17.0966 0.0000000 CC(NC(=O)c1cc(Cl)cc2ccn(C(=O)NCCN(C)C)c12)c1ccc(CC(=O)O)cc1 1 n1([*])ccc2cc(Cl)cc(C(NC(C)c3ccc([*])cc3)=O)c12 *C(=O)NCCN(C)C|OC(C*)=O O=C(NCc1ccccc1)c1cccc2cc[nH]c12 0.0000000 0.0000 0.0000000 0.0000 0.0000000 0.0000 0.0000000 0.0000 0.0000000 0.0000 0.0000000 0.0000 0.0000000 0.0000 0.0000000 0.0000 0.0000000 0.0000 0.0000000 0.0000 0.0000000 0.0000 0.0000000 0.0000 0.0000000 0.0000 0.0000000 0.0000 0.0000000 0.0000 ['C(=[O,S])[O,S]', '[OH]']
 | 14.1548 14.7813 -14.7813 0.0000000 CC(NC(=O)c1cc(Cl)cc2ccn(C(N)=O)c12)c1ccc(N2CC(F)(F)C2)cc1 1 n1([*])ccc2cc(Cl)cc(C(NC(C)c3ccc([*])cc3)=O)c12 *C(=O)N|C1N(*)CC1(F)F O=C(NCc1ccc(N2CCC2)cc1)c1cccc2cc[nH]c12 0.0000000 0.0000 0.0000000 0.0000 0.0000000 0.0000 0.0000000 0.0000 0.0000000 0.0000 0.0000000 0.0000 0.0000000 0.0000 0.0000000 0.0000 0.0000000 0.0000 0.0000000 0.0000 0.0000000 0.0000 0.0000000 0.0000 0.0000000 0.0000 0.0000000 0.0000 0.0000000 0.0000 ['[NH2]']
 | 8.4583 9.3996 -9.3996 0.0000000 CC(NC(=O)c1cc(Cl)cc2ccn(C(N)=O)c12)c1ccc(N2CCOCC2)cc1 1 n1([*])ccc2cc(Cl)cc(C(NC(C)c3ccc([*])cc3)=O)c12 *C(=O)N|C1OCCN(*)C1 O=C(NCc1ccc(N2CCOCC2)cc1)c1cccc2cc[nH]c12 0.0000000 0.0000 0.0000000 0.0000 0.0000000 0.0000 0.0000000 0.0000 0.0000000 0.0000 0.0000000 0.0000 0.0000000 0.0000 0.0000000 0.0000 0.0000000 0.0000 0.0000000 0.0000 0.0000000 0.0000 0.0000000 0.0000 0.0000000 0.0000 0.0000000 0.0000 0.0000000 0.0000 ['[NH2]']
 | 8.1374 9.0542 -9.0542 0.0000000 CC(NC(=O)c1cc(Cl)cc2ccn(C(N)=O)c12)c1ccc(CC(=O)O)cc1 1 n1([*])ccc2cc(Cl)cc(C(NC(C)c3ccc([*])cc3)=O)c12 *C(=O)N|OC(=O)C* O=C(NCc1ccccc1)c1cccc2cc[nH]c12 0.0000000 0.0000 0.0000000 0.0000 0.0000000 0.0000 0.0000000 0.0000 0.0000000 0.0000 0.0000000 0.0000 0.0000000 0.0000 0.0000000 0.0000 0.0000000 0.0000 0.0000000 0.0000 0.0000000 0.0000 0.0000000 0.0000 0.0000000 0.0000 0.0000000 0.0000 0.0000000 0.0000 ['C(=[O,S])[O,S]', '[NH2]', '[OH]']
20:01:51 <WARN> reinvent_plugins.normalizers.rdkit_smiles: c1(Cl)cc2ccn([*])c2c(C(=O)NC(C)c2ccc([*])cc2)c1CN(C(*)=O)C|C1(=O)COc2n(n1)CCN(*)C2 could not be converted
20:05:23 <INFO> SMILES: CC(=O)n1ccc2cc(Cl)cc(C(=O)NC(C)c3ccc(C4CC(C)(C)OCCO4)cc3)c21 | Score: 0.2956787645816803 | Type: <class 'float'>
20:05:23 <INFO> SMILES: COC1(C)CCN(c2ccc(C(C)NC(=O)c3cc(Cl)cc4ccn(C(C)=O)c34)cc2)C1 | Score: 0.3684734106063843 | Type: <class 'float'>
20:05:23 <INFO> SMILES: CC(=O)n1ccc2cc(Cl)cc(C(=O)NC(C)c3ccc(C(F)F)cc3)c21 | Score: 0.5212552547454834 | Type: <class 'float'>
20:05:23 <INFO> SMILES: CC(=O)n1ccc2cc(Cl)cc(C(=O)NC(C)c3ccc(N4CC(F)(F)C4)cc3)c21 | Score: 0.652521014213562 | Type: <class 'float'>
20:05:23 <INFO> SMILES: CC(NC(=O)c1cc(Cl)cc2ccn(C(=O)N(C)C)c12)c1ccc(C(C)(C)C)cc1 | Score: 0.6568489670753479 | Type: <class 'float'>
20:05:23 <INFO> SMILES: CC(NC(=O)c1cc(Cl)cc2ccn(C(=O)N(C)C)c12)c1ccc(CC2CC2)cc1 | Score: 0.5960004329681396 | Type: <class 'float'>
20:05:23 <INFO> SMILES: CCc1ccc(C(C)NC(=O)c2cc(Cl)cc3ccn(C(=O)c4ccc(Cl)nc4)c23)cc1 | Score: 0.5974305868148804 | Type: <class 'float'>
20:05:23 <INFO> SMILES: CC(NC(=O)c1cc(Cl)cc2ccn(C(=O)c3ccccc3)c12)c1ccc(N2CCOCC2)cc1 | Score: 0.5563422441482544 | Type: <class 'float'>
20:05:23 <INFO> SMILES: CC(NC(=O)c1cc(Cl)cc2ccn(C(=O)N(C)C)c12)c1ccc(-c2ccc(=O)[nH]c2)cc1 | Score: 0.2010861188173294 | Type: <class 'float'>
20:05:23 <INFO> SMILES: CC(=O)n1ccc2cc(Cl)cc(C(=O)NC(C)c3ccc(C4CC4)cc3)c21 | Score: 0.4705694317817688 | Type: <class 'float'>
20:05:23 <INFO> SMILES: CC(=O)n1ccc2cc(Cl)cc(C(=O)NC(C)c3ccc(C4CN(C)C4)cc3)c21 | Score: 0.5909487009048462 | Type: <class 'float'>
20:05:23 <INFO> SMILES: CC(=O)n1ccc2cc(Cl)cc(C(=O)NC(C)c3ccc(-c4cc(F)ncc4F)cc3)c21 | Score: 0.43930086493492126 | Type: <class 'float'>
20:05:23 <INFO> SMILES: CC(NC(=O)c1cc(Cl)cc2ccn(C(=O)N(C)CCN(C)C)c12)c1ccc(N2CCOCC2)cc1 | Score: 0.528605043888092 | Type: <class 'float'>
20:05:23 <INFO> SMILES: CC(NC(=O)c1cc(Cl)cc2ccn(C(=O)NC3CC3)c12)c1ccc(-c2cnn(C)c2)cc1 | Score: 0.37372633814811707 | Type: <class 'float'>
20:05:23 <INFO> SMILES: CC(=O)NC(C)C(=O)n1ccc2cc(Cl)cc(C(=O)NC(C)c3ccc(C(C)(C)C)cc3)c21 | Score: 0.6611036062240601 | Type: <class 'float'>
20:05:23 <INFO> SMILES: CC(C)NC(=O)n1ccc2cc(Cl)cc(C(=O)NC(C)c3ccc(C(F)(F)F)cc3)c21 | Score: 0.8043904900550842 | Type: <class 'float'>
20:05:23 <INFO> SMILES: CCN(CC)C(=O)n1ccc2cc(Cl)cc(C(=O)NC(C)c3ccc(N4CCOCC4)cc3)c21 | Score: 0.218740314245224 | Type: <class 'float'>
20:05:23 <INFO> SMILES: CCN(C)C(=O)n1ccc2cc(Cl)cc(C(=O)NC(C)c3ccc(N4CCCOCC4)cc3)c21 | Score: 0.33768007159233093 | Type: <class 'float'>
20:05:23 <INFO> SMILES: CC(NC(=O)c1cc(Cl)cc2ccn(C(=O)N(C)C)c12)c1ccc(N2CCOCC2)cc1 | Score: 0.283625066280365 | Type: <class 'float'>
20:05:23 <INFO> SMILES: CC(NC(=O)c1cc(Cl)cc2ccn(C(=O)N(C)C)c12)c1ccc(CC(=O)N(C)C)cc1 | Score: 0.39957281947135925 | Type: <class 'float'>
20:05:23 <INFO> SMILES: CC(NC(=O)c1cc(Cl)cc2ccn(C(=O)N(C)C)c12)c1ccc(-c2ccccc2)cc1 | Score: 0.5304664969444275 | Type: <class 'float'>
20:05:23 <INFO> SMILES: CC(NC(=O)c1cc(Cl)cc2ccn(C(=O)CN(C)C)c12)c1ccc(-c2cnnn2C)cc1 | Score: 0.6271241307258606 | Type: <class 'float'>
20:05:23 <INFO> SMILES: CC(NC(=O)c1cc(Cl)cc2ccn(C(=O)CN(C)C)c12)c1ccc(C2(C#N)CC2)cc1 | Score: 0.7005070447921753 | Type: <class 'float'>
20:05:23 <INFO> SMILES: CNC(=O)n1ccc2cc(Cl)cc(C(=O)NC(C)c3ccc(N4CCOCC4)cc3)c21 | Score: 0.24352556467056274 | Type: <class 'float'>
20:05:23 <INFO> SMILES: CNC(=O)n1ccc2cc(Cl)cc(C(=O)NC(C)c3ccc(C4CC4S(C)(=O)=O)cc3)c21 | Score: 5.43452006240841e-05 | Type: <class 'float'>
20:05:23 <INFO> SMILES: CNC(=O)n1ccc2cc(Cl)cc(C(=O)NC(C)c3ccc(CC4(C)CC4)cc3)c21 | Score: 0.637040376663208 | Type: <class 'float'>
20:05:23 <INFO> SMILES: CNC(=O)n1ccc2cc(Cl)cc(C(=O)NC(C)c3ccc(-c4nncn4C4CCCO4)cc3)c21 | Score: 0.4492717385292053 | Type: <class 'float'>
20:05:23 <INFO> SMILES: CCOc1cc(-c2ccc(C(C)NC(=O)c3cc(Cl)cc4ccn(S(C)(=O)=O)c34)cc2)ccn1 | Score: 0.4125085771083832 | Type: <class 'float'>
20:05:23 <INFO> SMILES: CC(NC(=O)c1cc(Cl)cc2ccn(C(=O)N(C)C)c12)c1ccc(C2(C#N)CC2)cc1 | Score: 0.3545779287815094 | Type: <class 'float'>
20:05:23 <INFO> SMILES: CNC(=O)n1ccc2cc(Cl)cc(C(=O)NC(C)c3ccc(N4CCN(C)CC4)cc3)c21 | Score: 0.5970311164855957 | Type: <class 'float'>
20:05:23 <INFO> SMILES: CNS(=O)(=O)n1ccc2cc(Cl)cc(C(=O)NC(C)c3ccc(N4CCOCC4)cc3)c21 | Score: 0.37323927879333496 | Type: <class 'float'>
20:05:23 <INFO> SMILES: CC(=O)n1ccc2cc(Cl)cc(C(=O)NC(C)c3ccc(-c4nnco4)cc3)c21 | Score: 0.19310122728347778 | Type: <class 'float'>
20:05:23 <INFO> SMILES: CC(NC(=O)c1cc(Cl)cc2ccn(C(=O)N(C)C)c12)c1ccc(-c2cn(C3CCCOC3)nn2)cc1 | Score: 0.5276827812194824 | Type: <class 'float'>
20:05:23 <INFO> SMILES: CC(=O)n1ccc2cc(Cl)cc(C(=O)NC(C)c3ccc(C[n+]4c[nH]cn4)cc3)c21 | Score: 0.7059455513954163 | Type: <class 'float'>
20:05:23 <INFO> SMILES: CC(=O)N(C)CCn1ccc2cc(Cl)cc(C(=O)NC(C)c3ccc(C(C)(C)C)cc3)c21 | Score: 0.902075469493866 | Type: <class 'float'>
20:05:23 <INFO> SMILES: CCN(C)C(=O)n1ccc2cc(Cl)cc(C(=O)NC(C)c3ccc(CC4(CF)COC4)cc3)c21 | Score: 0.42900004982948303 | Type: <class 'float'>
20:05:23 <INFO> SMILES: CNC(=O)n1ccc2cc(Cl)cc(C(=O)NC(C)c3ccc(C4CC4)cc3)c21 | Score: 0.40683606266975403 | Type: <class 'float'>
20:05:23 <INFO> SMILES: CNC(=O)c1ccn(-c2ccc(NC(=O)n3ccc4cc(Cl)cc(C(=O)NC(C)c5ccc(C6CC6)cc5)c43)cc2F)c1C | Score: 0.6466342806816101 | Type: <class 'float'>
20:05:23 <INFO> SMILES: CC(NC(=O)c1cc(Cl)cc2ccn(S(=O)(=O)c3cn(C)cn3)c12)c1ccc(C2CC2)cc1 | Score: 0.0844457745552063 | Type: <class 'float'>
20:05:23 <INFO> SMILES: CC(NC(=O)c1cc(Cl)cc2ccn(C(=O)COc3ccccc3)c12)c1ccc(C(C)(C)C)cc1 | Score: 0.8249872326850891 | Type: <class 'float'>
20:05:23 <INFO> SMILES: CC(NC(=O)c1cc(Cl)cc2ccn(C(=O)c3ccccc3)c12)c1ccc(N2CCC2)cc1 | Score: 0.45526453852653503 | Type: <class 'float'>
20:05:23 <INFO> SMILES: CC(=O)N1CC(c2ccc(C(C)NC(=O)c3cc(Cl)cc4ccn(C(=O)c5ccno5)c34)cc2)C1 | Score: 0.4448610246181488 | Type: <class 'float'>
20:05:23 <INFO> SMILES: CC(NC(=O)c1cc(Cl)cc2ccn(C(=O)c3ccccc3)c12)c1ccc(N2CCNCC2)cc1 | Score: 0.7689478993415833 | Type: <class 'float'>
20:05:23 <INFO> SMILES: CC(NC(=O)c1cc(Cl)cc2ccn(C(=O)c3ccccc3)c12)c1ccc(C2CCOCC2)cc1 | Score: 0.7317572236061096 | Type: <class 'float'>
20:05:23 <INFO> SMILES: CC(NC(=O)c1cc(Cl)cc2ccn(C(=O)c3cccnc3)c12)c1ccc(C2CC2)cc1 | Score: 0.5556923151016235 | Type: <class 'float'>
20:05:23 <INFO> SMILES: CC(=O)n1ccc2cc(Cl)cc(C(=O)NC(C)c3ccc(C4CC(C)(C)OCCO4)cc3)c21 | LogD Prediction: 4.048762798309326
20:05:23 <INFO> SMILES: COC1(C)CCN(c2ccc(C(C)NC(=O)c3cc(Cl)cc4ccn(C(C)=O)c34)cc2)C1 | LogD Prediction: 3.6327784061431885
20:05:23 <INFO> SMILES: CC(=O)n1ccc2cc(Cl)cc(C(=O)NC(C)c3ccc(C(F)F)cc3)c21 | LogD Prediction: 4.184537410736084
20:05:23 <INFO> SMILES: CC(=O)n1ccc2cc(Cl)cc(C(=O)NC(C)c3ccc(N4CC(F)(F)C4)cc3)c21 | LogD Prediction: 3.8204522132873535
20:05:23 <INFO> SMILES: CC(NC(=O)c1cc(Cl)cc2ccn(C(=O)N(C)C)c12)c1ccc(C(C)(C)C)cc1 | LogD Prediction: 3.9849700927734375
20:05:23 <INFO> SMILES: CC(NC(=O)c1cc(Cl)cc2ccn(C(=O)N(C)C)c12)c1ccc(CC2CC2)cc1 | LogD Prediction: 3.809112787246704
20:05:23 <INFO> SMILES: CCc1ccc(C(C)NC(=O)c2cc(Cl)cc3ccn(C(=O)c4ccc(Cl)nc4)c23)cc1 | LogD Prediction: 4.292690753936768
20:05:23 <INFO> SMILES: CC(NC(=O)c1cc(Cl)cc2ccn(C(=O)c3ccccc3)c12)c1ccc(N2CCOCC2)cc1 | LogD Prediction: 3.741537094116211
20:05:23 <INFO> SMILES: CC(NC(=O)c1cc(Cl)cc2ccn(C(=O)N(C)C)c12)c1ccc(-c2ccc(=O)[nH]c2)cc1 | LogD Prediction: 3.3540260791778564
20:05:23 <INFO> SMILES: CC(=O)n1ccc2cc(Cl)cc(C(=O)NC(C)c3ccc(C4CC4)cc3)c21 | LogD Prediction: 3.901789665222168
20:05:23 <INFO> SMILES: CC(=O)n1ccc2cc(Cl)cc(C(=O)NC(C)c3ccc(C4CN(C)C4)cc3)c21 | LogD Prediction: 2.6924970149993896
20:05:23 <INFO> SMILES: CC(=O)n1ccc2cc(Cl)cc(C(=O)NC(C)c3ccc(-c4cc(F)ncc4F)cc3)c21 | LogD Prediction: 4.242105960845947
20:05:23 <INFO> SMILES: CC(NC(=O)c1cc(Cl)cc2ccn(C(=O)N(C)CCN(C)C)c12)c1ccc(N2CCOCC2)cc1 | LogD Prediction: 2.73236083984375
20:05:23 <INFO> SMILES: CC(NC(=O)c1cc(Cl)cc2ccn(C(=O)NC3CC3)c12)c1ccc(-c2cnn(C)c2)cc1 | LogD Prediction: 3.4530277252197266
20:05:23 <INFO> SMILES: CC(=O)NC(C)C(=O)n1ccc2cc(Cl)cc(C(=O)NC(C)c3ccc(C(C)(C)C)cc3)c21 | LogD Prediction: 4.021600246429443
20:05:23 <INFO> SMILES: CC(C)NC(=O)n1ccc2cc(Cl)cc(C(=O)NC(C)c3ccc(C(F)(F)F)cc3)c21 | LogD Prediction: 4.343228340148926
20:05:23 <INFO> SMILES: CCN(CC)C(=O)n1ccc2cc(Cl)cc(C(=O)NC(C)c3ccc(N4CCOCC4)cc3)c21 | LogD Prediction: 3.6281440258026123
20:05:23 <INFO> SMILES: CCN(C)C(=O)n1ccc2cc(Cl)cc(C(=O)NC(C)c3ccc(N4CCCOCC4)cc3)c21 | LogD Prediction: 3.4828832149505615
20:05:23 <INFO> SMILES: CC(NC(=O)c1cc(Cl)cc2ccn(C(=O)N(C)C)c12)c1ccc(N2CCOCC2)cc1 | LogD Prediction: 3.2316744327545166
20:05:23 <INFO> SMILES: CC(NC(=O)c1cc(Cl)cc2ccn(C(=O)N(C)C)c12)c1ccc(CC(=O)N(C)C)cc1 | LogD Prediction: 3.1536147594451904
20:05:23 <INFO> SMILES: CC(NC(=O)c1cc(Cl)cc2ccn(C(=O)N(C)C)c12)c1ccc(-c2ccccc2)cc1 | LogD Prediction: 3.9644579887390137
20:05:23 <INFO> SMILES: CC(NC(=O)c1cc(Cl)cc2ccn(C(=O)CN(C)C)c12)c1ccc(-c2cnnn2C)cc1 | LogD Prediction: 2.4689080715179443
20:05:23 <INFO> SMILES: CC(NC(=O)c1cc(Cl)cc2ccn(C(=O)CN(C)C)c12)c1ccc(C2(C#N)CC2)cc1 | LogD Prediction: 2.9343011379241943
20:05:23 <INFO> SMILES: CNC(=O)n1ccc2cc(Cl)cc(C(=O)NC(C)c3ccc(N4CCOCC4)cc3)c21 | LogD Prediction: 3.285827398300171
20:05:23 <INFO> SMILES: CNC(=O)n1ccc2cc(Cl)cc(C(=O)NC(C)c3ccc(C4CC4S(C)(=O)=O)cc3)c21 | LogD Prediction: 3.0702085494995117
20:05:23 <INFO> SMILES: CNC(=O)n1ccc2cc(Cl)cc(C(=O)NC(C)c3ccc(CC4(C)CC4)cc3)c21 | LogD Prediction: 3.9492075443267822
20:05:23 <INFO> SMILES: CNC(=O)n1ccc2cc(Cl)cc(C(=O)NC(C)c3ccc(-c4nncn4C4CCCO4)cc3)c21 | LogD Prediction: 3.193296194076538
20:05:23 <INFO> SMILES: CCOc1cc(-c2ccc(C(C)NC(=O)c3cc(Cl)cc4ccn(S(C)(=O)=O)c34)cc2)ccn1 | LogD Prediction: 3.6817915439605713
20:05:23 <INFO> SMILES: CC(NC(=O)c1cc(Cl)cc2ccn(C(=O)N(C)C)c12)c1ccc(C2(C#N)CC2)cc1 | LogD Prediction: 3.4964115619659424
20:05:23 <INFO> SMILES: CNC(=O)n1ccc2cc(Cl)cc(C(=O)NC(C)c3ccc(N4CCN(C)CC4)cc3)c21 | LogD Prediction: 2.9436395168304443
20:05:23 <INFO> SMILES: CNS(=O)(=O)n1ccc2cc(Cl)cc(C(=O)NC(C)c3ccc(N4CCOCC4)cc3)c21 | LogD Prediction: 3.1786887645721436
20:05:23 <INFO> SMILES: CC(=O)n1ccc2cc(Cl)cc(C(=O)NC(C)c3ccc(-c4nnco4)cc3)c21 | LogD Prediction: 3.3508188724517822
20:05:23 <INFO> SMILES: CC(NC(=O)c1cc(Cl)cc2ccn(C(=O)N(C)C)c12)c1ccc(-c2cn(C3CCCOC3)nn2)cc1 | LogD Prediction: 3.32580828666687
20:05:23 <INFO> SMILES: CC(=O)n1ccc2cc(Cl)cc(C(=O)NC(C)c3ccc(C[n+]4c[nH]cn4)cc3)c21 | LogD Prediction: 1.8488878011703491
20:05:23 <INFO> SMILES: CC(=O)N(C)CCn1ccc2cc(Cl)cc(C(=O)NC(C)c3ccc(C(C)(C)C)cc3)c21 | LogD Prediction: 3.819725751876831
20:05:23 <INFO> SMILES: CCN(C)C(=O)n1ccc2cc(Cl)cc(C(=O)NC(C)c3ccc(CC4(CF)COC4)cc3)c21 | LogD Prediction: 3.883765459060669
20:05:23 <INFO> SMILES: CNC(=O)n1ccc2cc(Cl)cc(C(=O)NC(C)c3ccc(C4CC4)cc3)c21 | LogD Prediction: 3.7161853313446045
20:05:23 <INFO> SMILES: CNC(=O)c1ccn(-c2ccc(NC(=O)n3ccc4cc(Cl)cc(C(=O)NC(C)c5ccc(C6CC6)cc5)c43)cc2F)c1C | LogD Prediction: 4.438517093658447
20:05:23 <INFO> SMILES: CC(NC(=O)c1cc(Cl)cc2ccn(S(=O)(=O)c3cn(C)cn3)c12)c1ccc(C2CC2)cc1 | LogD Prediction: 2.89020037651062
20:05:23 <INFO> SMILES: CC(NC(=O)c1cc(Cl)cc2ccn(C(=O)COc3ccccc3)c12)c1ccc(C(C)(C)C)cc1 | LogD Prediction: 4.586623668670654
20:05:23 <INFO> SMILES: CC(NC(=O)c1cc(Cl)cc2ccn(C(=O)c3ccccc3)c12)c1ccc(N2CCC2)cc1 | LogD Prediction: 3.7703285217285156
20:05:23 <INFO> SMILES: CC(=O)N1CC(c2ccc(C(C)NC(=O)c3cc(Cl)cc4ccn(C(=O)c5ccno5)c34)cc2)C1 | LogD Prediction: 2.939115047454834
20:05:23 <INFO> SMILES: CC(NC(=O)c1cc(Cl)cc2ccn(C(=O)c3ccccc3)c12)c1ccc(N2CCNCC2)cc1 | LogD Prediction: 2.914519786834717
20:05:23 <INFO> SMILES: CC(NC(=O)c1cc(Cl)cc2ccn(C(=O)c3ccccc3)c12)c1ccc(C2CCOCC2)cc1 | LogD Prediction: 4.006852626800537
20:05:23 <INFO> SMILES: CC(NC(=O)c1cc(Cl)cc2ccn(C(=O)c3cccnc3)c12)c1ccc(C2CC2)cc1 | LogD Prediction: 3.6848909854888916
20:05:23 <INFO> Score: 0.01 Agent NLL: 15.07 Valid:  99% Step: 4
 | Agent Prior Target Score SMILES SMILES_state Input_Scaffold R-groups Scaffold QED QED (raw) gnina score gnina score (raw) MW MW (raw) SlogP (RDKit) SlogP (RDKit) (raw) TPSA TPSA (raw) Number of stereo centers Number of stereo centers (raw) Number of HB acceptors (Lipinski) Number of HB acceptors (Lipinski) (raw) Number of HB donors (Lipinski) Number of HB donors (Lipinski) (raw) Number of rotatable bonds Number of rotatable bonds (raw) Number of Heavy atoms Number of Heavy atoms (raw) Molecular Volume (RDKit) Molecular Volume (RDKit) (raw) SA score SA score (raw) herg inactive herg inactive (raw) LogD LogD (raw) Alerts Alerts (raw) matching_patterns (Alerts)
 | 7.1590 6.5395 -3.8559 0.0053671 CC(=O)n1ccc2cc(Cl)cc(C(=O)NC(C)c3ccc(C)cc3)c21 1 c1(Cl)cc2ccn([*])c2c(C(=O)NC(C)c2ccc([*])cc2)c1 *C(=O)C|*C O=C(NCc1ccccc1)c1cccc2cc[nH]c12 0.7371775 0.7372 -7.9560800 -7.9561 0.9999985 354.8370 0.0000001 4.7542 1.0000000 51.1000 1.0000000 1.0000 1.0000000 3.0000 0.9467598 1.0000 0.9825279 3.0000 0.9918135 25.0000 0.9943858 315.1040 0.9289556 2.7671 0.0000238 0.5462 0.1412583 3.6960 1.0000000 1.0000 []
 | 18.0195 20.1760 -15.7683 0.0088153 CC(=O)n1ccc2cc(Cl)cc(C(=O)NC(C)c3ccc(C4CC(C)(C)OCCO4)cc3)c21 1 c1(Cl)cc2ccn([*])c2c(C(=O)NC(C)c2ccc([*])cc2)c1 *C(=O)C|C1(*)CC(C)(C)OCCO1 O=C(NCc1ccc(C2CCOCCO2)cc1)c1cccc2cc[nH]c12 0.5326417 0.5326 -7.9647200 -7.9647 0.9456772 468.9810 0.0000000 5.7024 1.0000000 69.5600 1.0000000 2.0000 1.0000000 5.0000 0.9467598 1.0000 0.9693466 4.0000 0.9631018 33.0000 0.7636477 419.4400 0.8371372 3.5781 1.0000000 0.2957 0.0063414 4.0488 1.0000000 1.0000 []
 | 6.6018 8.6134 6.4881 0.0302029 CC(=O)n1ccc2cc(Cl)cc(C(=O)NC(C)c3ccc(N4CCOCC4)cc3)c21 1 c1(Cl)cc2ccn([*])c2c(C(=O)NC(C)c2ccc([*])cc2)c1 *C(=O)C|C1COCCN1* O=C(NCc1ccc(N2CCOCC2)cc1)c1cccc2cc[nH]c12 0.6771376 0.6771 -9.9472500 -9.9473 0.9989132 425.9160 0.0000020 4.2824 1.0000000 63.5700 1.0000000 1.0000 1.0000000 5.0000 0.9467598 1.0000 0.9693466 4.0000 0.9789100 30.0000 0.9469761 374.8880 0.9153747 2.9318 1.0000000 0.2839 0.6182815 3.4476 1.0000000 1.0000 []
 | 17.5469 20.6106 -9.2629 0.0226953 COC1(C)CCN(c2ccc(C(C)NC(=O)c3cc(Cl)cc4ccn(C(C)=O)c34)cc2)C1 1 c1(Cl)cc2ccn([*])c2c(C(=O)NC(C)c2ccc([*])cc2)c1 *C(=O)C|O(C)C1(C)CN(*)CC1 O=C(NCc1ccc(N2CCCC2)cc1)c1cccc2cc[nH]c12 0.5860095 0.5860 -8.6974800 -8.6975 0.9857903 453.9700 0.0000000 5.0610 1.0000000 63.5700 1.0000000 2.0000 1.0000000 5.0000 0.9467598 1.0000 0.9467598 5.0000 0.9693466 32.0000 0.8263866 409.3440 0.8380891 3.5720 1.0000000 0.3685 0.2274205 3.6328 1.0000000 1.0000 []
 | 8.0825 9.5083 -9.1118 0.0007931 CC(NC(=O)c1cc(Cl)cc2ccn(C(=O)N(C)C)c12)c1ccc(C(F)(F)F)cc1 1 c1(Cl)cc2ccn([*])c2c(C(=O)NC(C)c2ccc([*])cc2)c1 *C(=O)N(C)C|*C(F)(F)F O=C(NCc1ccccc1)c1cccc2cc[nH]c12 0.6014361 0.6014 -7.3406800 -7.3407 0.9967450 437.8490 0.0000000 5.3342 1.0000000 54.3400 1.0000000 1.0000 1.0000000 3.0000 0.9467598 1.0000 0.9825279 3.0000 0.9789100 30.0000 0.9694012 359.9520 0.9051380 3.0408 0.0000000 0.6492 0.0046055 4.0837 1.0000000 1.0000 []
 | 13.8547 20.7784 -20.7784 0.0000000 CC(NC(=O)c1cc(Cl)cc2ccn(C(=O)N(C)C)c12)c1ccc(C2(C(=O)O)COC2)cc1 1 c1(Cl)cc2ccn([*])c2c(C(=O)NC(C)c2ccc([*])cc2)c1 *C(=O)N(C)C|*C1(C(=O)O)COC1 O=C(NCc1ccc(C2COC2)cc1)c1cccc2cc[nH]c12 0.0000000 0.0000 0.0000000 0.0000 0.0000000 0.0000 0.0000000 0.0000 0.0000000 0.0000 0.0000000 0.0000 0.0000000 0.0000 0.0000000 0.0000 0.0000000 0.0000 0.0000000 0.0000 0.0000000 0.0000 0.0000000 0.0000 0.0000000 0.0000 0.0000000 0.0000 0.0000000 0.0000 ['C(=[O,S])[O,S]', '[OH]']
 | 7.8454 12.3252 -2.2945 0.0200615 CC(NC(=O)c1cc(Cl)cc2ccn(C(=O)N(C)C)c12)c1ccc(C2CC2)cc1 1 c1(Cl)cc2ccn([*])c2c(C(=O)NC(C)c2ccc([*])cc2)c1 *C(=O)N(C)C|C1(*)CC1 O=C(NCc1ccc(C2CC2)cc1)c1cccc2cc[nH]c12 0.6439786 0.6440 -6.4630000 -6.4630 0.9997508 409.9170 0.0000000 5.1928 1.0000000 54.3400 1.0000000 1.0000 1.0000000 3.0000 0.9467598 1.0000 0.9693466 4.0000 0.9825279 29.0000 0.9558507 369.8720 0.9085720 3.0054 0.9999564 0.4564 0.1297539 3.7066 1.0000000 1.0000 []
 | 10.6297 9.9401 -9.9401 0.0000000 CC(NC(=O)c1cc(Cl)cc2ccn(C(N)=O)c12)c1ccc(C(F)(F)F)cc1 1 c1(Cl)cc2ccn([*])c2c(C(=O)NC(C)c2ccc([*])cc2)c1 *C(=O)N|C(F)(*)(F)F O=C(NCc1ccccc1)c1cccc2cc[nH]c12 0.0000000 0.0000 0.0000000 0.0000 0.0000000 0.0000 0.0000000 0.0000 0.0000000 0.0000 0.0000000 0.0000 0.0000000 0.0000 0.0000000 0.0000 0.0000000 0.0000 0.0000000 0.0000 0.0000000 0.0000 0.0000000 0.0000 0.0000000 0.0000 0.0000000 0.0000 0.0000000 0.0000 ['[NH2]']
 | 15.1157 18.5282 -18.5282 0.0000000 CC(NC(=O)c1cc(Cl)cc2ccn(C(=O)C(N)=O)c12)c1ccc(C2CC2)cc1 1 c1(Cl)cc2ccn([*])c2c(C(=O)NC(C)c2ccc([*])cc2)c1 *C(C(=O)N)=O|C1C(*)C1 O=C(NCc1ccc(C2CC2)cc1)c1cccc2cc[nH]c12 0.0000000 0.0000 0.0000000 0.0000 0.0000000 0.0000 0.0000000 0.0000 0.0000000 0.0000 0.0000000 0.0000 0.0000000 0.0000 0.0000000 0.0000 0.0000000 0.0000 0.0000000 0.0000 0.0000000 0.0000 0.0000000 0.0000 0.0000000 0.0000 0.0000000 0.0000 0.0000000 0.0000 ['[NH2]']
 | 11.8969 12.4681 -10.6725 0.0035913 CC(=O)n1ccc2cc(Cl)cc(C(=O)NC(C)c3ccc(C(F)F)cc3)c21 1 c1(Cl)cc2ccn([*])c2c(C(=O)NC(C)c2ccc([*])cc2)c1 *C(C)=O|C(F)(F)* O=C(NCc1ccccc1)c1cccc2cc[nH]c12 0.6494909 0.6495 -6.4138300 -6.4138 0.9999571 390.8170 0.0000000 5.3834 1.0000000 51.1000 1.0000000 1.0000 1.0000000 3.0000 0.9467598 1.0000 0.9693466 4.0000 0.9880297 27.0000 0.9914492 326.1440 0.9072719 3.0189 0.0074342 0.5213 0.0018241 4.1845 1.0000000 1.0000 []
20:05:23 <WARN> reinvent_plugins.normalizers.rdkit_smiles: c1c([*])ccc(C(C)NC(c2cc(Cl)cc3c2n([*])cc3)=O)c1c1(*)[nH]c(=O)cc(=O)[nH]1|N(C)(C(=O)*)C could not be converted
20:05:23 <WARN> reinvent_plugins.normalizers.rdkit_smiles: c1c([*])ccc(C(C)NC(c2cc(Cl)cc3c2n([*])cc3)=O)c1n1(CC*)cccc(=O)c1O|N(C)C(*)=O could not be converted
20:12:09 <WARN> Scoring function did not return result for SMILES: CNC(=O)n1ccc2cc(Cl)cc(C(=O)NC(C)c3ccc(-c4ncon4)cc3)c21
20:12:09 <WARN> [compute_transform] Missing SMILES in component results: CNC(=O)n1ccc2cc(Cl)cc(C(=O)NC(C)c3ccc(-c4ncon4)cc3)c21
20:12:15 <INFO> SMILES: CC(NC(=O)c1cc(Cl)cc2ccn(C(=O)NCCCN(C)C)c12)c1ccc(C(F)(F)F)cc1 | Score: 0.8822946548461914 | Type: <class 'float'>
20:12:15 <INFO> SMILES: CC(NC(=O)c1cc(Cl)cc2ccn(C(=O)N(C)C)c12)c1ccc(C2CCC(=O)NC2=O)cc1 | Score: 0.01856876350939274 | Type: <class 'float'>
20:12:15 <INFO> SMILES: CNC(=O)n1ccc2cc(Cl)cc(C(=O)NC(C)c3ccc(C4CC(=O)NC4=O)cc3)c21 | Score: 0.01360444538295269 | Type: <class 'float'>
20:12:15 <INFO> SMILES: CC(NC(=O)c1cc(Cl)cc2ccn(C(=O)N3CCN(C)C(=O)C3)c12)c1ccc(CC2CCNCC2)cc1 | Score: 0.03778015822172165 | Type: <class 'float'>
20:12:15 <INFO> SMILES: CCC1(n2cc(C)c(=O)[nH]c2=O)CN(CCc2ccc(C(C)NC(=O)c3cc(Cl)cc4ccn(C(C)=O)c34)cc2)C1 | Score: 0.22629207372665405 | Type: <class 'float'>
20:12:15 <INFO> SMILES: COc1ccc(C[N+](C)(C)CCc2ccc(C(C)NC(=O)c3cc(Cl)cc4ccn(C(=O)N(C)C)c34)cc2)c(OC)n1 | Score: 0.9496198296546936 | Type: <class 'float'>
20:12:15 <INFO> SMILES: Cc1ccc(C(C)NC(=O)c2cc(Cl)cc3ccn(C(=O)N=CN(C)C)c23)cc1 | Score: 0.2994789481163025 | Type: <class 'float'>
20:12:15 <INFO> SMILES: CC(NC(=O)c1cc(Cl)cc2ccn(C(=O)C=CCN(C)C)c12)c1ccc(N(C)C)cc1 | Score: 0.1447959840297699 | Type: <class 'float'>
20:12:15 <INFO> SMILES: CC(NC(=O)c1cc(Cl)cc2ccn(C(=O)CN(C)C)c12)c1ccc(-c2[nH]c(=O)[nH]c(=O)[n+]2C2CCCCO2)cc1 | Score: 0.12821374833583832 | Type: <class 'float'>
20:12:15 <INFO> SMILES: CC(NC(=O)c1cc(Cl)cc2ccn(C(=O)N(C)C)c12)c1ccc(-c2noc(=O)[nH]2)cc1 | Score: 0.19892114400863647 | Type: <class 'float'>
20:12:15 <INFO> SMILES: CC(NC(=O)c1cc(Cl)cc2ccn(C(=O)NCCN(C)C)c12)c1ccc(-c2ccnn2C2CCCCO2)cc1 | Score: 0.6368718147277832 | Type: <class 'float'>
20:12:15 <INFO> SMILES: CC(NC(=O)c1cc(Cl)cc2ccn(C(=O)N(C)C)c12)c1ccc(Cn2cc(Cl)cn2)cc1 | Score: 0.30375128984451294 | Type: <class 'float'>
20:12:15 <INFO> SMILES: CNC(=O)CCc1ccc(C(C)NC(=O)c2cc(Cl)cc3ccn(C(C)=O)c23)cc1 | Score: 0.6216303110122681 | Type: <class 'float'>
20:12:15 <INFO> SMILES: CC(NC(=O)c1cc(Cl)cc2ccn(C(=O)N(C)C)c12)c1ccc(-c2cnn(CCCN3CCOCC3)c2)cc1 | Score: 0.4974815249443054 | Type: <class 'float'>
20:12:15 <INFO> SMILES: Cc1ccc(C(C)NC(=O)c2cc(Cl)cc3ccn(C(=O)c4ccco4)c23)cc1 | Score: 0.8225859999656677 | Type: <class 'float'>
20:12:15 <INFO> SMILES: CC(NC(=O)c1cc(Cl)cc2ccn(C(=O)N(C)C)c12)c1ccc(C2CCCN(CCC#N)C2)cc1 | Score: 0.1945861428976059 | Type: <class 'float'>
20:12:15 <INFO> SMILES: CC(=O)n1ccc2cc(Cl)cc(C(=O)NC(C)c3ccc(C4CCOCC4)cc3)c21 | Score: 0.4953465163707733 | Type: <class 'float'>
20:12:15 <INFO> SMILES: CC(NC(=O)c1cc(Cl)cc2ccn(C(=O)N(C)C)c12)c1ccc(C2CCCN(C)C2)cc1 | Score: 0.5846506357192993 | Type: <class 'float'>
20:12:15 <INFO> SMILES: CNC(=O)n1ccc2cc(Cl)cc(C(=O)NC(C)c3ccc(C4CNC(=O)C4)cc3)c21 | Score: 0.06466314941644669 | Type: <class 'float'>
20:12:15 <INFO> SMILES: CCCNC(=O)C1CC1c1ccc(C(C)NC(=O)c2cc(Cl)cc3ccn(C(=O)N(C)C)c23)cc1 | Score: 0.44480764865875244 | Type: <class 'float'>
20:12:15 <INFO> SMILES: CC(NC(=O)c1cc(Cl)cc2ccn(C(=O)N(C)C)c12)c1ccc(C2CNC(=O)C2)cc1 | Score: 0.08190448582172394 | Type: <class 'float'>
20:12:15 <INFO> SMILES: CC(NC(=O)c1cc(Cl)cc2ccn(C(=O)N(C)C)c12)c1ccc(C2CNCCOC2)cc1 | Score: 0.4093587100505829 | Type: <class 'float'>
20:12:15 <INFO> SMILES: CC(NC(=O)c1cc(Cl)cc2ccn(C=O)c12)c1ccc(N2CCCC2)cc1 | Score: 0.7125009894371033 | Type: <class 'float'>
20:12:15 <INFO> SMILES: CC(NC(=O)c1cc(Cl)cc2ccn(C(=O)N(C)C)c12)c1ccc(N2CCN(S(=O)(=O)C3CCOCC3)CC2)cc1 | Score: 0.4606824815273285 | Type: <class 'float'>
20:12:15 <INFO> SMILES: CC(NC(=O)c1cc(Cl)cc2ccn(C(=O)N(C)C)c12)c1ccc(CCC(=O)N2CCN(C)CC2)cc1 | Score: 0.4060371518135071 | Type: <class 'float'>
20:12:15 <INFO> SMILES: CC(NC(=O)c1cc(Cl)cc2ccn(C(=O)N(C)C)c12)c1ccc(N2CCN(C)CC2)cc1 | Score: 0.6335501074790955 | Type: <class 'float'>
20:12:15 <INFO> SMILES: CC(NC(=O)c1cc(Cl)cc2ccn(C(=O)N(C)C)c12)c1ccc(CCN2CCN(C)CC2)cc1 | Score: 0.7295184135437012 | Type: <class 'float'>
20:12:15 <INFO> SMILES: CC(NC(=O)c1cc(Cl)cc2ccn(C(=O)N(C)C)c12)c1ccc(N2CCCNCC2)cc1 | Score: 0.5840798616409302 | Type: <class 'float'>
20:12:15 <INFO> SMILES: CC(NC(=O)c1cc(Cl)cc2ccn(C(=O)N(C)C)c12)c1ccc(Cn2nc3n(c2=O)CCN3)cc1 | Score: 0.07541585713624954 | Type: <class 'float'>
20:12:15 <INFO> SMILES: CC(NC(=O)c1cc(Cl)cc2ccn(CCN(C)C)c12)c1ccc(N2CCN(C)CC2)cc1 | Score: 0.9059489369392395 | Type: <class 'float'>
20:12:15 <INFO> SMILES: CC(NC(=O)c1cc(Cl)cc2ccn(C(=O)C=CCN(C)C)c12)c1ccc(N2CCOCC2)cc1 | Score: 0.4139479994773865 | Type: <class 'float'>
20:12:15 <INFO> SMILES: CC(NC(=O)c1cc(Cl)cc2ccn(C(=O)N(C)C)c12)c1ccc(CCN2CCOCC2)cc1 | Score: 0.637081503868103 | Type: <class 'float'>
20:12:15 <INFO> SMILES: CC(NC(=O)c1cc(Cl)cc2ccn(C(=O)N(C)C)c12)c1ccc(-c2n[nH]c(=O)n(C3CCCNC3)c2=O)cc1 | Score: 0.08212116360664368 | Type: <class 'float'>
20:12:15 <INFO> SMILES: CC(NC(=O)c1cc(Cl)cc2ccn(C(=O)CN(C)C)c12)c1ccc(N2CCOCC2)cc1 | Score: 0.6196742057800293 | Type: <class 'float'>
20:12:15 <INFO> SMILES: CC1CN(c2ccc(C(C)NC(=O)c3cc(Cl)cc4ccn(CCN(C)C)c34)cc2)C(C)CN1 | Score: 0.6815626621246338 | Type: <class 'float'>
20:12:15 <INFO> SMILES: CNCCc1ccc(C(C)NC(=O)c2cc(Cl)cc3ccn(CCCN(C)C)c23)cc1 | Score: 0.8967006802558899 | Type: <class 'float'>
20:12:15 <INFO> SMILES: CC(NC(=O)c1cc(Cl)cc2ccn(CCN(C)C)c12)c1ccc(CN2CCOCC2)cc1 | Score: 0.8174380660057068 | Type: <class 'float'>
20:12:15 <INFO> SMILES: CC(=O)n1ccc2cc(Cl)cc(C(=O)NC(C)c3ccc(N4CCNC(=O)C4)cc3)c21 | Score: 0.02275180071592331 | Type: <class 'float'>
20:12:15 <INFO> SMILES: CC(=O)n1ccc2cc(Cl)cc(C(=O)NC(C)c3ccc(-c4nncn4C4CCCCO4)cc3)c21 | Score: 0.5232976675033569 | Type: <class 'float'>
20:12:15 <INFO> SMILES: CC(NC(=O)c1cc(Cl)cc2ccn(C(=O)N(C)C)c12)c1ccc(-c2nc(S(=O)(=O)CCCF)n(C)n2)cc1 | Score: 0.22226154804229736 | Type: <class 'float'>
20:12:15 <INFO> SMILES: CC(NC(=O)c1cc(Cl)cc2ccn(C(=O)N(C)C)c12)c1ccc(CCCS(=O)(=O)N2CCN(C)CC2)cc1 | Score: 0.3787725865840912 | Type: <class 'float'>
20:12:15 <INFO> SMILES: CC(NC(=O)c1cc(Cl)cc2ccn(C(=O)C=CCN(C)C)c12)c1ccc(-c2ccc(S(C)(=O)=O)cc2)cc1 | Score: 0.7835592031478882 | Type: <class 'float'>
20:12:15 <INFO> SMILES: C=CCCCC[S+]([O-])CCc1ccc(C(C)NC(=O)c2cc(Cl)cc3ccn(C(C)=O)c23)cc1 | Score: 0.9999995231628418 | Type: <class 'float'>
20:12:15 <INFO> SMILES: CC(=O)n1ccc2cc(Cl)cc(C(=O)NC(C)c3ccc(-c4cn[nH]n4)cc3)c21 | Score: 0.5516933798789978 | Type: <class 'float'>
20:12:15 <INFO> SMILES: CC(NC(=O)c1cc(Cl)cc2ccn(C(=O)N(C)C)c12)c1ccc(-c2nc(=O)[nH]s2)cc1 | Score: 0.2057461440563202 | Type: <class 'float'>
20:12:15 <INFO> SMILES: C=CC(=O)N1CC(n2cc(-c3ccc(C(C)NC(=O)c4cc(Cl)cc5ccn(C(=O)NC)c45)cc3)ccc2=O)C1 | Score: 0.176970973610878 | Type: <class 'float'>
20:12:15 <INFO> SMILES: CC(NC(=O)c1cc(Cl)cc2ccn(C(=O)N(C)C)c12)c1ccc(-c2cnn(S(=O)(=O)N(C)C)c2)cc1 | Score: 0.17255760729312897 | Type: <class 'float'>
20:12:15 <INFO> SMILES: CC(=O)Nc1cccc(C(=O)n2ccc3cc(Cl)cc(C(=O)NC(C)c4ccc(-c5nnn[nH]5)cc4)c32)c1 | Score: 0.6559203267097473 | Type: <class 'float'>
20:12:15 <INFO> SMILES: CC(NC(=O)c1cc(Cl)cc2ccn(C(=O)N(C)C)c12)c1ccc(-c2n[nH]c(=O)n2C2CC2)cc1 | Score: 0.19291146099567413 | Type: <class 'float'>
20:12:15 <INFO> SMILES: CC(NC(=O)c1cc(Cl)cc2ccn(C(=O)N(C)C)c12)c1ccc(C=Cc2ccncn2)cc1 | Score: 0.5147409439086914 | Type: <class 'float'>
20:12:15 <INFO> SMILES: CC(NC(=O)c1cc(Cl)cc2ccn(C(=O)N(C)C)c12)c1ccc(-c2nnc(C=O)[nH]2)cc1 | Score: 0.35672301054000854 | Type: <class 'float'>
20:12:15 <INFO> SMILES: CC(=O)n1ccc2cc(Cl)cc(C(=O)NC(C)c3ccc(-c4ncc[nH]4)cc3)c21 | Score: 0.2700597941875458 | Type: <class 'float'>
20:12:15 <INFO> SMILES: CC(=O)n1ccc2cc(Cl)cc(C(=O)NC(C)c3ccc(-c4n[nH]cc4C)cc3)c21 | Score: 0.25313740968704224 | Type: <class 'float'>
20:12:15 <INFO> SMILES: CC(NC(=O)c1cc(Cl)cc2ccn(C(=O)N(C)C)c12)c1ccc(-c2cc(=O)[nH][nH]2)cc1 | Score: 0.14450521767139435 | Type: <class 'float'>
20:12:15 <INFO> SMILES: CC(NC(=O)c1cc(Cl)cc2ccn(C(=O)N(C)C)c12)c1ccc(-c2cccnc2)cc1 | Score: 0.3837276101112366 | Type: <class 'float'>
20:12:15 <INFO> SMILES: CC(NC(=O)c1cc(Cl)cc2ccn(C(=O)N(C)C)c12)c1ccc(CCn2c(=O)cc[nH]c2=O)cc1 | Score: 0.07276961952447891 | Type: <class 'float'>
20:12:15 <INFO> SMILES: CNC(=O)n1ccc2cc(Cl)cc(C(=O)NC(C)c3ccc(-c4cncc(C)c4)cc3)c21 | Score: 0.40771210193634033 | Type: <class 'float'>
20:12:15 <INFO> SMILES: CC(=O)Nc1cncc(-c2ccc(C(C)NC(=O)c3cc(Cl)cc4ccn(CCN(C)C)c34)cc2)c1 | Score: 0.5828490853309631 | Type: <class 'float'>
20:12:15 <INFO> SMILES: CNCc1cccc(-c2ccc(C(C)NC(=O)c3cc(Cl)cc4ccn(C(=O)NC)c34)cc2)c1 | Score: 0.42898571491241455 | Type: <class 'float'>
20:12:15 <INFO> SMILES: CCN(CC)C(=O)n1ccc2cc(Cl)cc(C(=O)NC(C)c3ccc(-c4ccc(Cl)cc4)cc3)c21 | Score: 0.5450190901756287 | Type: <class 'float'>
20:12:15 <INFO> SMILES: COc1cnc(-c2ccc(C(C)NC(=O)c3cc(Cl)cc4ccn(C(=O)N(C)C)c34)cc2)[nH]c1=O | Score: 0.120629221200943 | Type: <class 'float'>
20:12:15 <INFO> SMILES: CC(=O)n1ccc2cc(Cl)cc(C(=O)NC(C)c3ccc(-n4cncn4)cc3)c21 | Score: 0.551157534122467 | Type: <class 'float'>
20:12:15 <INFO> SMILES: CC(NC(=O)c1cc(Cl)cc2ccn(CCN(C)C)c12)c1ccc(Cn2ccc(=O)[nH]c2=O)cc1 | Score: 0.3373347818851471 | Type: <class 'float'>
20:12:15 <INFO> SMILES: CC(NC(=O)c1cc(Cl)cc2ccn(C(=O)N(C)C)c12)c1ccc(Cn2cncn2)cc1 | Score: 0.3536280691623688 | Type: <class 'float'>
20:12:15 <INFO> SMILES: CC(NC(=O)c1cc(Cl)cc2ccn(C(=O)N(C)C)c12)c1ccc(Cn2cnnc2)cc1 | Score: 0.502105712890625 | Type: <class 'float'>
20:12:15 <INFO> SMILES: CNC(=O)n1ccc2cc(Cl)cc(C(=O)NC(C)c3ccc(-c4nn[nH]n4)cc3)c21 | Score: 0.5315067768096924 | Type: <class 'float'>
20:12:15 <INFO> SMILES: CC(NC(=O)c1cc(Cl)cc2ccn(C(=O)N(C)C)c12)c1ccc(-c2nccc(=O)[nH]2)cc1 | Score: 0.09753008931875229 | Type: <class 'float'>
20:12:15 <INFO> SMILES: CC(NC(=O)c1cc(Cl)cc2ccn(C(=O)N(C)C)c12)c1ccc(-c2nnn[nH]2)cc1 | Score: 0.5742300748825073 | Type: <class 'float'>
20:12:15 <INFO> SMILES: CC(NC(=O)c1cc(Cl)cc2ccn(C(=O)N(C)C)c12)c1ccc(CCCc2nnn[nH]2)cc1 | Score: 0.6767765283584595 | Type: <class 'float'>
20:12:15 <INFO> SMILES: CNC(=O)n1ccc2cc(Cl)cc(C(=O)NC(C)c3ccc(-c4ncon4)cc3)c21 | Score: 0.23017774522304535 | Type: <class 'float'>
20:12:15 <INFO> SMILES: CC(NC(=O)c1cc(Cl)cc2ccn(C(=O)NCCCN(C)C)c12)c1ccc(C(F)(F)F)cc1 | LogD Prediction: 3.2790093421936035
20:12:15 <INFO> SMILES: CC(NC(=O)c1cc(Cl)cc2ccn(C(=O)N(C)C)c12)c1ccc(C2CCC(=O)NC2=O)cc1 | LogD Prediction: 2.7821128368377686
20:12:15 <INFO> SMILES: CNC(=O)n1ccc2cc(Cl)cc(C(=O)NC(C)c3ccc(C4CC(=O)NC4=O)cc3)c21 | LogD Prediction: 2.432433605194092
20:12:15 <INFO> SMILES: CC(NC(=O)c1cc(Cl)cc2ccn(C(=O)N3CCN(C)C(=O)C3)c12)c1ccc(CC2CCNCC2)cc1 | LogD Prediction: 1.898227334022522
20:12:15 <INFO> SMILES: CCC1(n2cc(C)c(=O)[nH]c2=O)CN(CCc2ccc(C(C)NC(=O)c3cc(Cl)cc4ccn(C(C)=O)c34)cc2)C1 | LogD Prediction: 3.1630256175994873
20:12:15 <INFO> SMILES: COc1ccc(C[N+](C)(C)CCc2ccc(C(C)NC(=O)c3cc(Cl)cc4ccn(C(=O)N(C)C)c34)cc2)c(OC)n1 | LogD Prediction: 1.8921881914138794
20:12:15 <INFO> SMILES: Cc1ccc(C(C)NC(=O)c2cc(Cl)cc3ccn(C(=O)N=CN(C)C)c23)cc1 | LogD Prediction: 3.619086503982544
20:12:15 <INFO> SMILES: CC(NC(=O)c1cc(Cl)cc2ccn(C(=O)C=CCN(C)C)c12)c1ccc(N(C)C)cc1 | LogD Prediction: 2.5152292251586914
20:12:15 <INFO> SMILES: CC(NC(=O)c1cc(Cl)cc2ccn(C(=O)CN(C)C)c12)c1ccc(-c2[nH]c(=O)[nH]c(=O)[n+]2C2CCCCO2)cc1 | LogD Prediction: 1.7162792682647705
20:12:15 <INFO> SMILES: CC(NC(=O)c1cc(Cl)cc2ccn(C(=O)N(C)C)c12)c1ccc(-c2noc(=O)[nH]2)cc1 | LogD Prediction: 2.7950148582458496
20:12:15 <INFO> SMILES: CC(NC(=O)c1cc(Cl)cc2ccn(C(=O)NCCN(C)C)c12)c1ccc(-c2ccnn2C2CCCCO2)cc1 | LogD Prediction: 3.0000007152557373
20:12:15 <INFO> SMILES: CC(NC(=O)c1cc(Cl)cc2ccn(C(=O)N(C)C)c12)c1ccc(Cn2cc(Cl)cn2)cc1 | LogD Prediction: 3.45914363861084
20:12:15 <INFO> SMILES: CNC(=O)CCc1ccc(C(C)NC(=O)c2cc(Cl)cc3ccn(C(C)=O)c23)cc1 | LogD Prediction: 3.495804786682129
20:12:15 <INFO> SMILES: CC(NC(=O)c1cc(Cl)cc2ccn(C(=O)N(C)C)c12)c1ccc(-c2cnn(CCCN3CCOCC3)c2)cc1 | LogD Prediction: 2.7612240314483643
20:12:15 <INFO> SMILES: Cc1ccc(C(C)NC(=O)c2cc(Cl)cc3ccn(C(=O)c4ccco4)c23)cc1 | LogD Prediction: 4.001802444458008
20:12:15 <INFO> SMILES: CC(NC(=O)c1cc(Cl)cc2ccn(C(=O)N(C)C)c12)c1ccc(C2CCCN(CCC#N)C2)cc1 | LogD Prediction: 2.6910579204559326
20:12:15 <INFO> SMILES: CC(=O)n1ccc2cc(Cl)cc(C(=O)NC(C)c3ccc(C4CCOCC4)cc3)c21 | LogD Prediction: 3.6705732345581055
20:12:15 <INFO> SMILES: CC(NC(=O)c1cc(Cl)cc2ccn(C(=O)N(C)C)c12)c1ccc(C2CCCN(C)C2)cc1 | LogD Prediction: 2.6265528202056885
20:12:15 <INFO> SMILES: CNC(=O)n1ccc2cc(Cl)cc(C(=O)NC(C)c3ccc(C4CNC(=O)C4)cc3)c21 | LogD Prediction: 2.7307040691375732
20:12:15 <INFO> SMILES: CCCNC(=O)C1CC1c1ccc(C(C)NC(=O)c2cc(Cl)cc3ccn(C(=O)N(C)C)c23)cc1 | LogD Prediction: 3.7003743648529053
20:12:15 <INFO> SMILES: CC(NC(=O)c1cc(Cl)cc2ccn(C(=O)N(C)C)c12)c1ccc(C2CNC(=O)C2)cc1 | LogD Prediction: 2.812389612197876
20:12:15 <INFO> SMILES: CC(NC(=O)c1cc(Cl)cc2ccn(C(=O)N(C)C)c12)c1ccc(C2CNCCOC2)cc1 | LogD Prediction: 2.2202341556549072
20:12:15 <INFO> SMILES: CC(NC(=O)c1cc(Cl)cc2ccn(C=O)c12)c1ccc(N2CCCC2)cc1 | LogD Prediction: 3.2629363536834717
20:12:15 <INFO> SMILES: CC(NC(=O)c1cc(Cl)cc2ccn(C(=O)N(C)C)c12)c1ccc(N2CCN(S(=O)(=O)C3CCOCC3)CC2)cc1 | LogD Prediction: 3.092749834060669
20:12:15 <INFO> SMILES: CC(NC(=O)c1cc(Cl)cc2ccn(C(=O)N(C)C)c12)c1ccc(CCC(=O)N2CCN(C)CC2)cc1 | LogD Prediction: 2.7360334396362305
20:12:15 <INFO> SMILES: CC(NC(=O)c1cc(Cl)cc2ccn(C(=O)N(C)C)c12)c1ccc(N2CCN(C)CC2)cc1 | LogD Prediction: 2.8652966022491455
20:12:15 <INFO> SMILES: CC(NC(=O)c1cc(Cl)cc2ccn(C(=O)N(C)C)c12)c1ccc(CCN2CCN(C)CC2)cc1 | LogD Prediction: 2.104133129119873
20:12:15 <INFO> SMILES: CC(NC(=O)c1cc(Cl)cc2ccn(C(=O)N(C)C)c12)c1ccc(N2CCCNCC2)cc1 | LogD Prediction: 2.1233651638031006
20:12:15 <INFO> SMILES: CC(NC(=O)c1cc(Cl)cc2ccn(C(=O)N(C)C)c12)c1ccc(Cn2nc3n(c2=O)CCN3)cc1 | LogD Prediction: 2.2570910453796387
20:12:15 <INFO> SMILES: CC(NC(=O)c1cc(Cl)cc2ccn(CCN(C)C)c12)c1ccc(N2CCN(C)CC2)cc1 | LogD Prediction: 2.0614118576049805
20:12:15 <INFO> SMILES: CC(NC(=O)c1cc(Cl)cc2ccn(C(=O)C=CCN(C)C)c12)c1ccc(N2CCOCC2)cc1 | LogD Prediction: 2.5798580646514893
20:12:15 <INFO> SMILES: CC(NC(=O)c1cc(Cl)cc2ccn(C(=O)N(C)C)c12)c1ccc(CCN2CCOCC2)cc1 | LogD Prediction: 2.9434611797332764
20:12:15 <INFO> SMILES: CC(NC(=O)c1cc(Cl)cc2ccn(C(=O)N(C)C)c12)c1ccc(-c2n[nH]c(=O)n(C3CCCNC3)c2=O)cc1 | LogD Prediction: 1.5547999143600464
20:12:15 <INFO> SMILES: CC(NC(=O)c1cc(Cl)cc2ccn(C(=O)CN(C)C)c12)c1ccc(N2CCOCC2)cc1 | LogD Prediction: 2.5937905311584473
20:12:15 <INFO> SMILES: CC1CN(c2ccc(C(C)NC(=O)c3cc(Cl)cc4ccn(CCN(C)C)c34)cc2)C(C)CN1 | LogD Prediction: 2.0094833374023438
20:12:15 <INFO> SMILES: CNCCc1ccc(C(C)NC(=O)c2cc(Cl)cc3ccn(CCCN(C)C)c23)cc1 | LogD Prediction: 1.1269663572311401
20:12:15 <INFO> SMILES: CC(NC(=O)c1cc(Cl)cc2ccn(CCN(C)C)c12)c1ccc(CN2CCOCC2)cc1 | LogD Prediction: 2.2755954265594482
20:12:15 <INFO> SMILES: CC(=O)n1ccc2cc(Cl)cc(C(=O)NC(C)c3ccc(N4CCNC(=O)C4)cc3)c21 | LogD Prediction: 2.872732639312744
20:12:15 <INFO> SMILES: CC(=O)n1ccc2cc(Cl)cc(C(=O)NC(C)c3ccc(-c4nncn4C4CCCCO4)cc3)c21 | LogD Prediction: 3.5767529010772705
20:12:15 <INFO> SMILES: CC(NC(=O)c1cc(Cl)cc2ccn(C(=O)N(C)C)c12)c1ccc(-c2nc(S(=O)(=O)CCCF)n(C)n2)cc1 | LogD Prediction: 2.9033572673797607
20:12:15 <INFO> SMILES: CC(NC(=O)c1cc(Cl)cc2ccn(C(=O)N(C)C)c12)c1ccc(CCCS(=O)(=O)N2CCN(C)CC2)cc1 | LogD Prediction: 2.930452823638916
20:12:15 <INFO> SMILES: CC(NC(=O)c1cc(Cl)cc2ccn(C(=O)C=CCN(C)C)c12)c1ccc(-c2ccc(S(C)(=O)=O)cc2)cc1 | LogD Prediction: 3.0595545768737793
20:12:15 <INFO> SMILES: C=CCCCC[S+]([O-])CCc1ccc(C(C)NC(=O)c2cc(Cl)cc3ccn(C(C)=O)c23)cc1 | LogD Prediction: 3.929335355758667
20:12:15 <INFO> SMILES: CC(=O)n1ccc2cc(Cl)cc(C(=O)NC(C)c3ccc(-c4cn[nH]n4)cc3)c21 | LogD Prediction: 3.1616132259368896
20:12:15 <INFO> SMILES: CC(NC(=O)c1cc(Cl)cc2ccn(C(=O)N(C)C)c12)c1ccc(-c2nc(=O)[nH]s2)cc1 | LogD Prediction: 3.027207374572754
20:12:15 <INFO> SMILES: C=CC(=O)N1CC(n2cc(-c3ccc(C(C)NC(=O)c4cc(Cl)cc5ccn(C(=O)NC)c45)cc3)ccc2=O)C1 | LogD Prediction: 3.0341079235076904
20:12:15 <INFO> SMILES: CC(NC(=O)c1cc(Cl)cc2ccn(C(=O)N(C)C)c12)c1ccc(-c2cnn(S(=O)(=O)N(C)C)c2)cc1 | LogD Prediction: 3.3684821128845215
20:12:15 <INFO> SMILES: CC(=O)Nc1cccc(C(=O)n2ccc3cc(Cl)cc(C(=O)NC(C)c4ccc(-c5nnn[nH]5)cc4)c32)c1 | LogD Prediction: 3.014897346496582
20:12:15 <INFO> SMILES: CC(NC(=O)c1cc(Cl)cc2ccn(C(=O)N(C)C)c12)c1ccc(-c2n[nH]c(=O)n2C2CC2)cc1 | LogD Prediction: 2.861064910888672
20:12:15 <INFO> SMILES: CC(NC(=O)c1cc(Cl)cc2ccn(C(=O)N(C)C)c12)c1ccc(C=Cc2ccncn2)cc1 | LogD Prediction: 3.225393533706665
20:12:15 <INFO> SMILES: CC(NC(=O)c1cc(Cl)cc2ccn(C(=O)N(C)C)c12)c1ccc(-c2nnc(C=O)[nH]2)cc1 | LogD Prediction: 3.0620925426483154
20:12:15 <INFO> SMILES: CC(=O)n1ccc2cc(Cl)cc(C(=O)NC(C)c3ccc(-c4ncc[nH]4)cc3)c21 | LogD Prediction: 3.4534685611724854
20:12:15 <INFO> SMILES: CC(=O)n1ccc2cc(Cl)cc(C(=O)NC(C)c3ccc(-c4n[nH]cc4C)cc3)c21 | LogD Prediction: 3.5623629093170166
20:12:15 <INFO> SMILES: CC(NC(=O)c1cc(Cl)cc2ccn(C(=O)N(C)C)c12)c1ccc(-c2cc(=O)[nH][nH]2)cc1 | LogD Prediction: 2.9939024448394775
20:12:15 <INFO> SMILES: CC(NC(=O)c1cc(Cl)cc2ccn(C(=O)N(C)C)c12)c1ccc(-c2cccnc2)cc1 | LogD Prediction: 3.2573459148406982
20:12:15 <INFO> SMILES: CC(NC(=O)c1cc(Cl)cc2ccn(C(=O)N(C)C)c12)c1ccc(CCn2c(=O)cc[nH]c2=O)cc1 | LogD Prediction: 2.3062024116516113
20:12:15 <INFO> SMILES: CNC(=O)n1ccc2cc(Cl)cc(C(=O)NC(C)c3ccc(-c4cncc(C)c4)cc3)c21 | LogD Prediction: 3.542022228240967
20:12:15 <INFO> SMILES: CC(=O)Nc1cncc(-c2ccc(C(C)NC(=O)c3cc(Cl)cc4ccn(CCN(C)C)c34)cc2)c1 | LogD Prediction: 2.7193429470062256
20:12:15 <INFO> SMILES: CNCc1cccc(-c2ccc(C(C)NC(=O)c3cc(Cl)cc4ccn(C(=O)NC)c34)cc2)c1 | LogD Prediction: 3.140418291091919
20:12:15 <INFO> SMILES: CCN(CC)C(=O)n1ccc2cc(Cl)cc(C(=O)NC(C)c3ccc(-c4ccc(Cl)cc4)cc3)c21 | LogD Prediction: 4.477230548858643
20:12:15 <INFO> SMILES: COc1cnc(-c2ccc(C(C)NC(=O)c3cc(Cl)cc4ccn(C(=O)N(C)C)c34)cc2)[nH]c1=O | LogD Prediction: 3.0128629207611084
20:12:15 <INFO> SMILES: CC(=O)n1ccc2cc(Cl)cc(C(=O)NC(C)c3ccc(-n4cncn4)cc3)c21 | LogD Prediction: 3.31892991065979
20:12:15 <INFO> SMILES: CC(NC(=O)c1cc(Cl)cc2ccn(CCN(C)C)c12)c1ccc(Cn2ccc(=O)[nH]c2=O)cc1 | LogD Prediction: 1.9569162130355835
20:12:15 <INFO> SMILES: CC(NC(=O)c1cc(Cl)cc2ccn(C(=O)N(C)C)c12)c1ccc(Cn2cncn2)cc1 | LogD Prediction: 2.8399617671966553
20:12:15 <INFO> SMILES: CC(NC(=O)c1cc(Cl)cc2ccn(C(=O)N(C)C)c12)c1ccc(Cn2cnnc2)cc1 | LogD Prediction: 2.7463951110839844
20:12:15 <INFO> SMILES: CNC(=O)n1ccc2cc(Cl)cc(C(=O)NC(C)c3ccc(-c4nn[nH]n4)cc3)c21 | LogD Prediction: 2.606724262237549
20:12:15 <INFO> SMILES: CC(NC(=O)c1cc(Cl)cc2ccn(C(=O)N(C)C)c12)c1ccc(-c2nccc(=O)[nH]2)cc1 | LogD Prediction: 2.829976797103882
20:12:15 <INFO> SMILES: CC(NC(=O)c1cc(Cl)cc2ccn(C(=O)N(C)C)c12)c1ccc(-c2nnn[nH]2)cc1 | LogD Prediction: 2.745183229446411
20:12:15 <INFO> SMILES: CC(NC(=O)c1cc(Cl)cc2ccn(C(=O)N(C)C)c12)c1ccc(CCCc2nnn[nH]2)cc1 | LogD Prediction: 3.1440720558166504
20:12:15 <INFO> SMILES: CNC(=O)n1ccc2cc(Cl)cc(C(=O)NC(C)c3ccc(-c4ncon4)cc3)c21 | LogD Prediction: 3.108398675918579
20:12:15 <WARN> [csv_summmary] Missing SMILES in component results: CNC(=O)n1ccc2cc(Cl)cc(C(=O)NC(C)c3ccc(-c4ncon4)cc3)c21. Filling zero scores.
20:12:15 <INFO> Score: 0.01 Agent NLL: 17.38 Valid:  98% Step: 5
 | Agent Prior Target Score SMILES SMILES_state Input_Scaffold R-groups Scaffold QED QED (raw) gnina score gnina score (raw) MW MW (raw) SlogP (RDKit) SlogP (RDKit) (raw) TPSA TPSA (raw) Number of stereo centers Number of stereo centers (raw) Number of HB acceptors (Lipinski) Number of HB acceptors (Lipinski) (raw) Number of HB donors (Lipinski) Number of HB donors (Lipinski) (raw) Number of rotatable bonds Number of rotatable bonds (raw) Number of Heavy atoms Number of Heavy atoms (raw) Molecular Volume (RDKit) Molecular Volume (RDKit) (raw) SA score SA score (raw) herg inactive herg inactive (raw) LogD LogD (raw) Alerts Alerts (raw) matching_patterns (Alerts)
 | 19.7109 19.0683 -17.7947 0.0025470 CC(NC(=O)c1cc(Cl)cc2ccn(C(=O)NCCCN(C)C)c12)c1ccc(C(F)(F)F)cc1 1 c1c([*])ccc(C(C)NC(c2cc(Cl)cc3c2n([*])cc3)=O)c1 *C(F)(F)F|N(C)(CCCNC(=O)*)C O=C(NCc1ccccc1)c1cccc2cc[nH]c12 0.4371611 0.4372 0.0000000 0.0000 0.6143376 494.9450 0.0000000 5.3139 1.0000000 66.3700 1.0000000 1.0000 1.0000000 4.0000 0.5000000 2.0000 0.8490205 7.0000 0.9556430 34.0000 0.7411243 422.5920 0.8969663 3.1204 0.0000000 0.8823 0.8844640 3.2790 1.0000000 1.0000 []
 | 15.3809 16.6597 -0.8434 0.0316327 CC(NC(=O)c1cc(Cl)cc2ccn(C(=O)N(C)C)c12)c1ccc(C2CCC(=O)NC2=O)cc1 1 c1c([*])ccc(C(C)NC(c2cc(Cl)cc3c2n([*])cc3)=O)c1 *C1C(=O)NC(=O)CC1|*C(N(C)C)=O O=C1CCC(c2ccc(CNC(=O)c3cccc4cc[nH]c34)cc2)C(=O)N1 0.5539275 0.5539 0.0000000 0.0000 0.8525051 480.9520 0.0000257 3.8356 0.9999977 100.5100 1.0000000 2.0000 1.0000000 5.0000 0.5000000 2.0000 0.9693466 4.0000 0.9556430 34.0000 0.7788102 417.2000 0.8369460 3.5793 1.0000000 0.0186 0.9986576 2.7821 1.0000000 1.0000 []
 | 12.5706 18.0868 -1.7989 0.0325758 CNC(=O)n1ccc2cc(Cl)cc(C(=O)NC(C)c3ccc(C4CC(=O)NC4=O)cc3)c21 1 c1c([*])ccc(C(C)NC(c2cc(Cl)cc3c2n([*])cc3)=O)c1 *C1CC(=O)NC1=O|*C(NC)=O O=C1CC(c2ccc(CNC(=O)c3cccc4cc[nH]c34)cc2)C(=O)N1 0.5281840 0.5282 0.0000000 0.0000 0.9871090 452.8980 0.0017418 3.1033 0.9999589 109.3000 1.0000000 2.0000 1.0000000 5.0000 0.0532402 3.0000 0.9693466 4.0000 0.9693466 32.0000 0.9217840 385.7200 0.8473389 3.5113 1.0000000 0.0136 0.9999464 2.4324 1.0000000 1.0000 []
 | 25.7970 29.2732 -22.3952 0.0137560 CC(NC(=O)c1cc(Cl)cc2ccn(C(=O)N3CCN(C)C(=O)C3)c12)c1ccc(CC2CCNCC2)cc1 1 c1c([*])ccc(C(C)NC(c2cc(Cl)cc3c2n([*])cc3)=O)c1 *CC1CCNCC1|O=C(N1CC(=O)N(C)CC1)* O=C1CN(C(=O)n2ccc3cccc(C(=O)NCc4ccc(CC5CCNCC5)cc4)c32)CCN1 0.5154619 0.5155 0.0000000 0.0000 0.0347999 536.0760 0.0000067 4.0699 1.0000000 86.6800 1.0000000 1.0000 1.0000000 5.0000 0.5000000 2.0000 0.9467598 5.0000 0.9090909 38.0000 0.2218779 482.6960 0.8608907 3.4168 1.0000000 0.0378 0.9999996 1.8982 1.0000000 1.0000 []
 | 23.7748 28.6776 -26.2215 0.0049122 CCC1(n2cc(C)c(=O)[nH]c2=O)CN(CCc2ccc(C(C)NC(=O)c3cc(Cl)cc4ccn(C(C)=O)c34)cc2)C1 1 c1c([*])ccc(C(C)NC(c2cc(Cl)cc3c2n([*])cc3)=O)c1 *CCN1CC(n2c(=O)[nH]c(=O)c(C)c2)(CC)C1|C(=O)(C)* O=C(NCc1ccc(CCN2CC(n3ccc(=O)[nH]c3=O)C2)cc1)c1cccc2cc[nH]c12 0.3260979 0.3261 0.0000000 0.0000 0.0009030 576.0970 0.0000021 4.2678 0.9999602 109.2000 1.0000000 1.0000 0.9999900 7.0000 0.5000000 2.0000 0.7597469 8.0000 0.8490205 41.0000 0.0814176 513.1440 0.8298095 3.6239 1.0000000 0.2263 0.9570430 3.1630 1.0000000 1.0000 []
 | 20.9067 25.1316 -25.1316 0.0000000 CC(NC(=O)c1cc(Cl)cc2ccn(C(=O)N(C)C)c12)c1ccc(CCOC(=O)NCCO)cc1 1 c1c([*])ccc(C(C)NC(c2cc(Cl)cc3c2n([*])cc3)=O)c1 *CCOC(=O)NCCO|O=C(N(C)C)* O=C(NCc1ccccc1)c1cccc2cc[nH]c12 0.0000000 0.0000 0.0000000 0.0000 0.0000000 0.0000 0.0000000 0.0000 0.0000000 0.0000 0.0000000 0.0000 0.0000000 0.0000 0.0000000 0.0000 0.0000000 0.0000 0.0000000 0.0000 0.0000000 0.0000 0.0000000 0.0000 0.0000000 0.0000 0.0000000 0.0000 0.0000000 0.0000 ['C(=[O,S])[O,S]', '[OH]']
 | 32.4285 35.2441 -35.0955 0.0002973 COc1ccc(C[N+](C)(C)CCc2ccc(C(C)NC(=O)c3cc(Cl)cc4ccn(C(=O)N(C)C)c34)cc2)c(OC)n1 1 c1c([*])ccc(C(C)NC(c2cc(Cl)cc3c2n([*])cc3)=O)c1 *CC[N+](C)(C)Cc1c(OC)nc(OC)cc1|CN(C(*)=O)C O=C(NCc1ccc(CC[NH2+]Cc2cccnc2)cc1)c1cccc2cc[nH]c12 0.2442083 0.2442 0.0000000 0.0000 0.0001879 593.1480 0.0000000 5.5467 1.0000000 85.6900 1.0000000 1.0000 0.9999999 6.0000 0.9467598 1.0000 0.5000000 10.0000 0.8227450 42.0000 0.0311036 539.6080 0.8237173 3.6609 0.0000000 0.9496 0.9999996 1.8922 1.0000000 1.0000 []
 | 16.2462 16.5861 -16.5861 0.0000000 CC(NC(=O)c1cc(Cl)cc2ccn(C(N)=O)c12)c1ccc(Cn2cc(C(=O)O)c(=O)[nH]c2=O)cc1 1 c1c([*])ccc(C(C)NC(c2cc(Cl)cc3c2n([*])cc3)=O)c1 *Cn1c(=O)[nH]c(=O)c(C(O)=O)c1|O=C(*)N O=C(NCc1ccc(Cn2ccc(=O)[nH]c2=O)cc1)c1cccc2cc[nH]c12 0.0000000 0.0000 0.0000000 0.0000 0.0000000 0.0000 0.0000000 0.0000 0.0000000 0.0000 0.0000000 0.0000 0.0000000 0.0000 0.0000000 0.0000 0.0000000 0.0000 0.0000000 0.0000 0.0000000 0.0000 0.0000000 0.0000 0.0000000 0.0000 0.0000000 0.0000 0.0000000 0.0000 ['C(=[O,S])[O,S]', '[NH2]', '[OH]']
 | 12.3752 17.2871 -5.9327 0.0227087 Cc1ccc(C(C)NC(=O)c2cc(Cl)cc3ccn(C(=O)N=CN(C)C)c23)cc1 1 c1c([*])ccc(C(C)NC(c2cc(Cl)cc3c2n([*])cc3)=O)c1 *C|CN(C)C=NC(*)=O O=C(NCc1ccccc1)c1cccc2cc[nH]c12 0.5024205 0.5024 0.0000000 0.0000 0.9997271 410.9050 0.0000002 4.6521 1.0000000 66.7000 1.0000000 1.0000 1.0000000 3.0000 0.9467598 1.0000 0.9693466 4.0000 0.9825279 29.0000 0.9585661 368.1440 0.8807400 3.2633 1.0000000 0.2995 0.2503348 3.6191 1.0000000 1.0000 []
 | 14.7517 17.1988 -0.8922 0.0326131 CC(NC(=O)c1cc(Cl)cc2ccn(C(=O)C=CCN(C)C)c12)c1ccc(N(C)C)cc1 1 c1c([*])ccc(C(C)NC(c2cc(Cl)cc3c2n([*])cc3)=O)c1 *N(C)C|CN(C)CC=CC(*)=O O=C(NCc1ccccc1)c1cccc2cc[nH]c12 0.5316868 0.5317 0.0000000 0.0000 0.9870055 452.9860 0.0000004 4.6097 1.0000000 57.5800 1.0000000 1.0000 1.0000000 5.0000 0.9467598 1.0000 0.8490205 7.0000 0.9693466 32.0000 0.7791274 417.1520 0.8805472 3.2649 1.0000000 0.1448 0.9998850 2.5152 1.0000000 1.0000 []
20:12:15 <WARN> [tensorboard] Missing SMILES in component results: CNC(=O)n1ccc2cc(Cl)cc(C(=O)NC(C)c3ccc(-c4ncon4)cc3)c21. Filling zeros.
20:12:16 <WARN> reinvent_plugins.normalizers.rdkit_smiles: c12cc(Cl)cc(C(=O)NC(C)c3ccc([*])cc3)c1n([*])cc2N1(C)CC2OCC(n2ncc(*)c2=O)C1|CN(C)C(*)=O could not be converted
20:16:47 <INFO> SMILES: CC(NC(=O)c1cc(Cl)cc2ccn(C(=O)NCCN3CCOCC3)c12)c1ccc(C(C)(C)C)cc1 | Score: 0.8077083826065063 | Type: <class 'float'>
20:16:47 <INFO> SMILES: CC(NC(=O)c1cc(Cl)cc2ccn(C(=O)C=CCN(C)C)c12)c1ccc(C2CC2)cc1 | Score: 0.5957618355751038 | Type: <class 'float'>
20:16:47 <INFO> SMILES: CC(NC(=O)c1cc(Cl)cc2ccn(C(=O)N3CCOCC3)c12)c1ccc(C2CC2)cc1 | Score: 0.20472407341003418 | Type: <class 'float'>
20:16:47 <INFO> SMILES: CNC(=O)n1ccc2cc(Cl)cc(C(=O)NC(C)c3ccc(C4CCC4)cc3)c21 | Score: 0.43699607253074646 | Type: <class 'float'>
20:16:47 <INFO> SMILES: CC(NC(=O)c1cc(Cl)cc2ccn(C(=O)N(C)C)c12)c1ccc(C2CCOCC2)cc1 | Score: 0.48089441657066345 | Type: <class 'float'>
20:16:47 <INFO> SMILES: CC(NC(=O)c1cc(Cl)cc2ccn(C(=O)N(C)C)c12)c1ccc(C2CN(C(=O)C3CC3)CCO2)cc1 | Score: 0.15665192902088165 | Type: <class 'float'>
20:16:47 <INFO> SMILES: Cc1ccc(C(C)NC(=O)c2cc(Cl)cc3ccn(C(=O)N4CCC(N(C)C)C4)c23)cc1 | Score: 0.6584962010383606 | Type: <class 'float'>
20:16:47 <INFO> SMILES: Cc1noc(N2CCN(C)CC2)c1-c1ccc(C(C)NC(=O)c2cc(Cl)cc3ccn(C(=O)N(C)C)c23)cc1 | Score: 0.6624148488044739 | Type: <class 'float'>
20:16:47 <INFO> SMILES: CC(NC(=O)c1cc(Cl)cc2ccn(C(=O)N(C)C)c12)c1ccc(-c2ccncn2)cc1 | Score: 0.243922159075737 | Type: <class 'float'>
20:16:47 <INFO> SMILES: CC(NC(=O)c1cc(Cl)cc2ccn(C(=O)N(C)C)c12)c1ccc(C2(C#N)COC2)cc1 | Score: 0.17203405499458313 | Type: <class 'float'>
20:16:47 <INFO> SMILES: CC(NC(=O)c1cc(Cl)cc2ccn(C(=O)N(C)C)c12)c1ccc(C2(C)C(=O)NC(=O)NC2=O)cc1 | Score: 0.004952469374984503 | Type: <class 'float'>
20:16:47 <INFO> SMILES: CC(NC(=O)c1cc(Cl)cc2ccn(C(=O)N(C)C)c12)c1ccc(CC2C(=O)C2C)cc1 | Score: 0.6692964434623718 | Type: <class 'float'>
20:16:47 <INFO> SMILES: CC(NC(=O)c1cc(Cl)cc2ccn(C(=O)NCC(C)(C)N(C)C)c12)c1ccc(CC2(C)COC2)cc1 | Score: 0.8105771541595459 | Type: <class 'float'>
20:16:47 <INFO> SMILES: CNC(=O)n1ccc2cc(Cl)cc(C(=O)NC(C)c3ccc(CC4(C)COC4)cc3)c21 | Score: 0.4423545002937317 | Type: <class 'float'>
20:16:47 <INFO> SMILES: CC(NC(=O)c1cc(Cl)cc2ccn(C(=O)N(C)Cc3cccc(=O)n3C)c12)c1ccc(C2CC2)cc1 | Score: 0.36692625284194946 | Type: <class 'float'>
20:16:47 <INFO> SMILES: CC(NC(=O)c1cc(Cl)cc2ccn(C(=O)N(C)C)c12)c1ccc(C2CCC(N3CCOCC3)CC2)cc1 | Score: 0.523960292339325 | Type: <class 'float'>
20:16:47 <INFO> SMILES: CC1CC(c2ccc(C(C)NC(=O)c3cc(Cl)cc4ccn(C(=O)N(C)C)c34)cc2)CCN1 | Score: 0.365472674369812 | Type: <class 'float'>
20:16:47 <INFO> SMILES: CC(NC(=O)c1cc(Cl)cc2ccn(C(=O)N(C)C)c12)c1ccc(N(CCN(C)C)C2CCOCC2)cc1 | Score: 0.7466369271278381 | Type: <class 'float'>
20:16:47 <INFO> SMILES: CCN(C)C(=O)n1ccc2cc(Cl)cc(C(=O)NC(C)c3ccc(C4CC4)cc3)c21 | Score: 0.4373565912246704 | Type: <class 'float'>
20:16:47 <INFO> SMILES: CC(=O)n1ccc2cc(Cl)cc(C(=O)NC(C)c3ccc(C4CCC4)cc3)c21 | Score: 0.500249981880188 | Type: <class 'float'>
20:16:47 <INFO> SMILES: CC(NC(=O)c1cc(Cl)cc2ccn(C(=O)N(C)C)c12)c1ccc(N2CCN(CCN(C)C)CC2)cc1 | Score: 0.7452279329299927 | Type: <class 'float'>
20:16:47 <INFO> SMILES: CNC(=O)n1ccc2cc(Cl)cc(C(=O)NC(C)c3ccc(C4CC4C(=O)N4CCOCC4)cc3)c21 | Score: 0.08581091463565826 | Type: <class 'float'>
20:16:47 <INFO> SMILES: CC(NC(=O)c1cc(Cl)cc2ccn(C(=O)N(C)C)c12)c1ccc(CCC2CCOCC2)cc1 | Score: 0.6455114483833313 | Type: <class 'float'>
20:16:47 <INFO> SMILES: COc1c(-c2ccc(OC3CCOCC3)nn2)ccnc1-c1ccc(C(C)NC(=O)c2cc(Cl)cc3ccn(C(C)=O)c23)cc1 | Score: 0.3845773935317993 | Type: <class 'float'>
20:16:47 <INFO> SMILES: CC(NC(=O)c1cc(Cl)cc2ccn(C(=O)NC3CC3)c12)c1ccc(N2CCC(N3CCCOCC3)CC2)cc1 | Score: 0.8283174633979797 | Type: <class 'float'>
20:16:47 <INFO> SMILES: CC(NC(=O)c1cc(Cl)cc2ccn(C(=O)N(C)C)c12)c1ccc(Cn2ccc3c(c2=O)CCCC3)cc1 | Score: 0.27965599298477173 | Type: <class 'float'>
20:16:47 <INFO> SMILES: CNC(=O)n1ccc2cc(Cl)cc(C(=O)NC(C)c3ccc(N4CCN(C(C)C)CC4)cc3)c21 | Score: 0.6347039937973022 | Type: <class 'float'>
20:16:47 <INFO> SMILES: CC(NC(=O)c1cc(Cl)cc2ccn(C(=O)N(C)C)c12)c1ccc(C2(F)CCN(C)CC2)cc1 | Score: 0.6168777346611023 | Type: <class 'float'>
20:16:47 <INFO> SMILES: CC(NC(=O)c1cc(Cl)cc2ccn(C(=O)N(C)C)c12)c1ccc(N2CC3CN(C)CC(C2)O3)cc1 | Score: 0.7011582851409912 | Type: <class 'float'>
20:16:47 <INFO> SMILES: CCN(C)C(=O)n1ccc2cc(Cl)cc(C(=O)NC(C)c3ccc(N4CC=CCC4)cc3)c21 | Score: 0.1221628189086914 | Type: <class 'float'>
20:16:47 <INFO> SMILES: CC(NC(=O)c1cc(Cl)cc2ccn(C(=O)N3CCOCC3)c12)c1ccc(N2CCOCC2)cc1 | Score: 0.12532177567481995 | Type: <class 'float'>
20:16:47 <INFO> SMILES: CC(=O)n1ccc2cc(Cl)cc(C(=O)NC(C)c3ccc(N4CCC5(CCOCC5)C4)cc3)c21 | Score: 0.7087880969047546 | Type: <class 'float'>
20:16:47 <INFO> SMILES: CC(NC(=O)c1cc(Cl)cc2ccn(C(=O)N(C)C)c12)c1ccc(CC2COCCO2)cc1 | Score: 0.4156321883201599 | Type: <class 'float'>
20:16:47 <INFO> SMILES: CCNC(=O)n1ccc2cc(Cl)cc(C(=O)NC(C)c3ccc(C4CCC(=O)N(C)C4)cc3)c21 | Score: 0.07821096479892731 | Type: <class 'float'>
20:16:47 <INFO> SMILES: CC(NC(=O)c1cc(Cl)cc2ccn(C(=O)N3CCN(C)CC3)c12)c1ccc(-c2ccn(C3COC3)c(=O)c2)cc1 | Score: 0.17415575683116913 | Type: <class 'float'>
20:16:47 <INFO> SMILES: CC(=O)n1ccc2cc(Cl)cc(C(=O)NC(C)c3ccc(-c4cc[nH]n4)cc3)c21 | Score: 0.36949390172958374 | Type: <class 'float'>
20:16:47 <INFO> SMILES: CC(NC(=O)c1cc(Cl)cc2ccn(C(=O)N(C)C)c12)c1ccc(-c2nc(-n3cccn3)nc(N3CCOCC3)c2Cl)cc1 | Score: 0.24541468918323517 | Type: <class 'float'>
20:16:47 <INFO> SMILES: CC(NC(=O)c1cc(Cl)cc2ccn(C(=O)N(C)C)c12)c1ccc(-c2cc(F)ncn2)cc1 | Score: 0.2750251591205597 | Type: <class 'float'>
20:16:47 <INFO> SMILES: CC(NC(=O)c1cc(Cl)cc2ccn(C(=O)N(C)C)c12)c1ccc(-c2cc[n+](C3CCCNC3)cc2)cc1 | Score: 0.6940751671791077 | Type: <class 'float'>
20:16:47 <INFO> SMILES: CC(=O)N1CCC(n2ccc3cc(Cl)cc(C(=O)NC(C)c4ccc(-c5nccn5C)cc4)c32)CC1 | Score: 0.3886089026927948 | Type: <class 'float'>
20:16:47 <INFO> SMILES: CC(NC(=O)c1cc(Cl)cc2ccn(C(=O)CN(C)C)c12)c1ccc(-c2ccnn2C)cc1 | Score: 0.4878045916557312 | Type: <class 'float'>
20:16:47 <INFO> SMILES: CC(NC(=O)c1cc(Cl)cc2ccn(C(=O)N(C)C)c12)c1ccc(Nc2ncc(C(=O)N(C)C)cn2)cc1 | Score: 0.41012924909591675 | Type: <class 'float'>
20:16:47 <INFO> SMILES: CC(=O)n1ccc2cc(Cl)cc(C(=O)NC(C)c3ccc(-c4ccc(N5CCOCC5)nc4)cc3)c21 | Score: 0.35488396883010864 | Type: <class 'float'>
20:16:47 <INFO> SMILES: CC(NC(=O)c1cc(Cl)cc2ccn(C(=O)N(C)C)c12)c1ccc(-c2cnn(C3CCOCC3)c2)cc1 | Score: 0.5459393262863159 | Type: <class 'float'>
20:16:47 <INFO> SMILES: CC(C)NC(=O)n1ccc2cc(Cl)cc(C(=O)NC(C)c3ccc(-c4ccc(-c5nnn[nH]5)cc4)cc3)c21 | Score: 0.7667553424835205 | Type: <class 'float'>
20:16:47 <INFO> SMILES: CC(NC(=O)c1cc(Cl)cc2ccn(C(=O)N(C)C)c12)c1ccc(-c2ccn[nH]2)cc1 | Score: 0.3633567988872528 | Type: <class 'float'>
20:16:47 <INFO> SMILES: CC(NC(=O)c1cc(Cl)cc2ccn(C(=O)N(C)C)c12)c1ccc(-c2ncnc3[nH]cnc23)cc1 | Score: 0.36478978395462036 | Type: <class 'float'>
20:16:47 <INFO> SMILES: CC(NC(=O)c1cc(Cl)cc2ccn(C(=O)NCCN3CCOCC3)c12)c1ccc(C(C)(C)C)cc1 | LogD Prediction: 3.566798448562622
20:16:47 <INFO> SMILES: CC(NC(=O)c1cc(Cl)cc2ccn(C(=O)C=CCN(C)C)c12)c1ccc(C2CC2)cc1 | LogD Prediction: 3.0783321857452393
20:16:47 <INFO> SMILES: CC(NC(=O)c1cc(Cl)cc2ccn(C(=O)N3CCOCC3)c12)c1ccc(C2CC2)cc1 | LogD Prediction: 3.4791953563690186
20:16:47 <INFO> SMILES: CNC(=O)n1ccc2cc(Cl)cc(C(=O)NC(C)c3ccc(C4CCC4)cc3)c21 | LogD Prediction: 3.9223601818084717
20:16:47 <INFO> SMILES: CC(NC(=O)c1cc(Cl)cc2ccn(C(=O)N(C)C)c12)c1ccc(C2CCOCC2)cc1 | LogD Prediction: 3.5361015796661377
20:16:47 <INFO> SMILES: CC(NC(=O)c1cc(Cl)cc2ccn(C(=O)N(C)C)c12)c1ccc(C2CN(C(=O)C3CC3)CCO2)cc1 | LogD Prediction: 3.2244443893432617
20:16:47 <INFO> SMILES: Cc1ccc(C(C)NC(=O)c2cc(Cl)cc3ccn(C(=O)N4CCC(N(C)C)C4)c23)cc1 | LogD Prediction: 2.660179853439331
20:16:47 <INFO> SMILES: Cc1noc(N2CCN(C)CC2)c1-c1ccc(C(C)NC(=O)c2cc(Cl)cc3ccn(C(=O)N(C)C)c23)cc1 | LogD Prediction: 3.3352158069610596
20:16:47 <INFO> SMILES: CC(NC(=O)c1cc(Cl)cc2ccn(C(=O)N(C)C)c12)c1ccc(-c2ccncn2)cc1 | LogD Prediction: 3.047912359237671
20:16:47 <INFO> SMILES: CC(NC(=O)c1cc(Cl)cc2ccn(C(=O)N(C)C)c12)c1ccc(C2(C#N)COC2)cc1 | LogD Prediction: 3.1998260021209717
20:16:47 <INFO> SMILES: CC(NC(=O)c1cc(Cl)cc2ccn(C(=O)N(C)C)c12)c1ccc(C2(C)C(=O)NC(=O)NC2=O)cc1 | LogD Prediction: 2.6047916412353516
20:16:47 <INFO> SMILES: CC(NC(=O)c1cc(Cl)cc2ccn(C(=O)N(C)C)c12)c1ccc(CC2C(=O)C2C)cc1 | LogD Prediction: 3.2816975116729736
20:16:47 <INFO> SMILES: CC(NC(=O)c1cc(Cl)cc2ccn(C(=O)NCC(C)(C)N(C)C)c12)c1ccc(CC2(C)COC2)cc1 | LogD Prediction: 3.098065137863159
20:16:47 <INFO> SMILES: CNC(=O)n1ccc2cc(Cl)cc(C(=O)NC(C)c3ccc(CC4(C)COC4)cc3)c21 | LogD Prediction: 3.5980582237243652
20:16:47 <INFO> SMILES: CC(NC(=O)c1cc(Cl)cc2ccn(C(=O)N(C)Cc3cccc(=O)n3C)c12)c1ccc(C2CC2)cc1 | LogD Prediction: 3.7829411029815674
20:16:47 <INFO> SMILES: CC(NC(=O)c1cc(Cl)cc2ccn(C(=O)N(C)C)c12)c1ccc(C2CCC(N3CCOCC3)CC2)cc1 | LogD Prediction: 3.6120808124542236
20:16:47 <INFO> SMILES: CC1CC(c2ccc(C(C)NC(=O)c3cc(Cl)cc4ccn(C(=O)N(C)C)c34)cc2)CCN1 | LogD Prediction: 2.174102544784546
20:16:47 <INFO> SMILES: CC(NC(=O)c1cc(Cl)cc2ccn(C(=O)N(C)C)c12)c1ccc(N(CCN(C)C)C2CCOCC2)cc1 | LogD Prediction: 2.9009175300598145
20:16:47 <INFO> SMILES: CCN(C)C(=O)n1ccc2cc(Cl)cc(C(=O)NC(C)c3ccc(C4CC4)cc3)c21 | LogD Prediction: 3.8645403385162354
20:16:47 <INFO> SMILES: CC(=O)n1ccc2cc(Cl)cc(C(=O)NC(C)c3ccc(C4CCC4)cc3)c21 | LogD Prediction: 4.081948757171631
20:16:47 <INFO> SMILES: CC(NC(=O)c1cc(Cl)cc2ccn(C(=O)N(C)C)c12)c1ccc(N2CCN(CCN(C)C)CC2)cc1 | LogD Prediction: 2.2738912105560303
20:16:47 <INFO> SMILES: CNC(=O)n1ccc2cc(Cl)cc(C(=O)NC(C)c3ccc(C4CC4C(=O)N4CCOCC4)cc3)c21 | LogD Prediction: 3.1443326473236084
20:16:47 <INFO> SMILES: CC(NC(=O)c1cc(Cl)cc2ccn(C(=O)N(C)C)c12)c1ccc(CCC2CCOCC2)cc1 | LogD Prediction: 3.8190653324127197
20:16:47 <INFO> SMILES: COc1c(-c2ccc(OC3CCOCC3)nn2)ccnc1-c1ccc(C(C)NC(=O)c2cc(Cl)cc3ccn(C(C)=O)c23)cc1 | LogD Prediction: 3.9750022888183594
20:16:47 <INFO> SMILES: CC(NC(=O)c1cc(Cl)cc2ccn(C(=O)NC3CC3)c12)c1ccc(N2CCC(N3CCCOCC3)CC2)cc1 | LogD Prediction: 3.086998224258423
20:16:47 <INFO> SMILES: CC(NC(=O)c1cc(Cl)cc2ccn(C(=O)N(C)C)c12)c1ccc(Cn2ccc3c(c2=O)CCCC3)cc1 | LogD Prediction: 3.8358662128448486
20:16:47 <INFO> SMILES: CNC(=O)n1ccc2cc(Cl)cc(C(=O)NC(C)c3ccc(N4CCN(C(C)C)CC4)cc3)c21 | LogD Prediction: 2.896683931350708
20:16:47 <INFO> SMILES: CC(NC(=O)c1cc(Cl)cc2ccn(C(=O)N(C)C)c12)c1ccc(C2(F)CCN(C)CC2)cc1 | LogD Prediction: 2.7062132358551025
20:16:47 <INFO> SMILES: CC(NC(=O)c1cc(Cl)cc2ccn(C(=O)N(C)C)c12)c1ccc(N2CC3CN(C)CC(C2)O3)cc1 | LogD Prediction: 2.781843900680542
20:16:47 <INFO> SMILES: CCN(C)C(=O)n1ccc2cc(Cl)cc(C(=O)NC(C)c3ccc(N4CC=CCC4)cc3)c21 | LogD Prediction: 3.6666510105133057
20:16:47 <INFO> SMILES: CC(NC(=O)c1cc(Cl)cc2ccn(C(=O)N3CCOCC3)c12)c1ccc(N2CCOCC2)cc1 | LogD Prediction: 2.909235954284668
20:16:47 <INFO> SMILES: CC(=O)n1ccc2cc(Cl)cc(C(=O)NC(C)c3ccc(N4CCC5(CCOCC5)C4)cc3)c21 | LogD Prediction: 3.476543426513672
20:16:47 <INFO> SMILES: CC(NC(=O)c1cc(Cl)cc2ccn(C(=O)N(C)C)c12)c1ccc(CC2COCCO2)cc1 | LogD Prediction: 3.3765480518341064
20:16:47 <INFO> SMILES: CCNC(=O)n1ccc2cc(Cl)cc(C(=O)NC(C)c3ccc(C4CCC(=O)N(C)C4)cc3)c21 | LogD Prediction: 3.4211103916168213
20:16:47 <INFO> SMILES: CC(NC(=O)c1cc(Cl)cc2ccn(C(=O)N3CCN(C)CC3)c12)c1ccc(-c2ccn(C3COC3)c(=O)c2)cc1 | LogD Prediction: 2.6925790309906006
20:16:47 <INFO> SMILES: CC(=O)n1ccc2cc(Cl)cc(C(=O)NC(C)c3ccc(-c4cc[nH]n4)cc3)c21 | LogD Prediction: 3.3325436115264893
20:16:47 <INFO> SMILES: CC(NC(=O)c1cc(Cl)cc2ccn(C(=O)N(C)C)c12)c1ccc(-c2nc(-n3cccn3)nc(N3CCOCC3)c2Cl)cc1 | LogD Prediction: 3.7636358737945557
20:16:47 <INFO> SMILES: CC(NC(=O)c1cc(Cl)cc2ccn(C(=O)N(C)C)c12)c1ccc(-c2cc(F)ncn2)cc1 | LogD Prediction: 3.560267448425293
20:16:48 <INFO> SMILES: CC(NC(=O)c1cc(Cl)cc2ccn(C(=O)N(C)C)c12)c1ccc(-c2cc[n+](C3CCCNC3)cc2)cc1 | LogD Prediction: 1.1088448762893677
20:16:48 <INFO> SMILES: CC(=O)N1CCC(n2ccc3cc(Cl)cc(C(=O)NC(C)c4ccc(-c5nccn5C)cc4)c32)CC1 | LogD Prediction: 2.8770065307617188
20:16:48 <INFO> SMILES: CC(NC(=O)c1cc(Cl)cc2ccn(C(=O)CN(C)C)c12)c1ccc(-c2ccnn2C)cc1 | LogD Prediction: 2.5481491088867188
20:16:48 <INFO> SMILES: CC(NC(=O)c1cc(Cl)cc2ccn(C(=O)N(C)C)c12)c1ccc(Nc2ncc(C(=O)N(C)C)cn2)cc1 | LogD Prediction: 3.0647192001342773
20:16:48 <INFO> SMILES: CC(=O)n1ccc2cc(Cl)cc(C(=O)NC(C)c3ccc(-c4ccc(N5CCOCC5)nc4)cc3)c21 | LogD Prediction: 3.7229933738708496
20:16:48 <INFO> SMILES: CC(NC(=O)c1cc(Cl)cc2ccn(C(=O)N(C)C)c12)c1ccc(-c2cnn(C3CCOCC3)c2)cc1 | LogD Prediction: 3.3886868953704834
20:16:48 <INFO> SMILES: CC(C)NC(=O)n1ccc2cc(Cl)cc(C(=O)NC(C)c3ccc(-c4ccc(-c5nnn[nH]5)cc4)cc3)c21 | LogD Prediction: 3.731236219406128
20:16:48 <INFO> SMILES: CC(NC(=O)c1cc(Cl)cc2ccn(C(=O)N(C)C)c12)c1ccc(-c2ccn[nH]2)cc1 | LogD Prediction: 3.157301187515259
20:16:48 <INFO> SMILES: CC(NC(=O)c1cc(Cl)cc2ccn(C(=O)N(C)C)c12)c1ccc(-c2ncnc3[nH]cnc23)cc1 | LogD Prediction: 2.979710340499878
20:16:48 <INFO> Score: 0.02 Agent NLL: 15.23 Valid:  99% Step: 6
 | Agent Prior Target Score SMILES SMILES_state Input_Scaffold R-groups Scaffold QED QED (raw) gnina score gnina score (raw) MW MW (raw) SlogP (RDKit) SlogP (RDKit) (raw) TPSA TPSA (raw) Number of stereo centers Number of stereo centers (raw) Number of HB acceptors (Lipinski) Number of HB acceptors (Lipinski) (raw) Number of HB donors (Lipinski) Number of HB donors (Lipinski) (raw) Number of rotatable bonds Number of rotatable bonds (raw) Number of Heavy atoms Number of Heavy atoms (raw) Molecular Volume (RDKit) Molecular Volume (RDKit) (raw) SA score SA score (raw) herg inactive herg inactive (raw) LogD LogD (raw) Alerts Alerts (raw) matching_patterns (Alerts)
 | 18.6996 19.2239 -18.3970 0.0016538 CC(NC(=O)c1cc(Cl)cc2ccn(C(=O)NCCN3CCOCC3)c12)c1ccc(C(C)(C)C)cc1 1 c12cc(Cl)cc(C(=O)NC(C)c3ccc([*])cc3)c1n([*])cc2 *C(C)(C)C|*C(NCCN1CCOCC1)=O O=C(NCc1ccccc1)c1cccc2ccn(C(=O)NCCN3CCOCC3)c12 0.4904997 0.4905 -11.1784300 -11.1784 0.2651799 511.0660 0.0000000 4.9731 1.0000000 75.6000 1.0000000 1.0000 1.0000000 5.0000 0.5000000 2.0000 0.9090909 6.0000 0.9362164 36.0000 0.3278115 468.7120 0.8946179 3.1423 0.0000000 0.8077 0.3508656 3.5668 1.0000000 1.0000 []
 | 14.7175 17.9532 -17.9532 0.0000000 CC(NC(=O)c1cc(Cl)cc2ccn(C(=O)N(C)C)c12)c1ccc(C2(C(=O)O)CCC2)cc1 1 c12cc(Cl)cc(C(=O)NC(C)c3ccc([*])cc3)c1n([*])cc2 *C1(C(O)=O)CCC1|*C(N(C)C)=O O=C(NCc1ccc(C2CCC2)cc1)c1cccc2cc[nH]c12 0.0000000 0.0000 0.0000000 0.0000 0.0000000 0.0000 0.0000000 0.0000 0.0000000 0.0000 0.0000000 0.0000 0.0000000 0.0000 0.0000000 0.0000 0.0000000 0.0000 0.0000000 0.0000 0.0000000 0.0000 0.0000000 0.0000 0.0000000 0.0000 0.0000000 0.0000 0.0000000 0.0000 ['C(=[O,S])[O,S]', '[OH]']
 | 20.5334 20.9357 -20.9357 0.0000000 CC(NC(=O)c1cc(Cl)cc2ccn(C(=O)OC(C)(C)C)c12)c1ccc(C2CC2C(=O)C2CC2)cc1 1 c12cc(Cl)cc(C(=O)NC(C)c3ccc([*])cc3)c1n([*])cc2 *C1CC1C(C1CC1)=O|CC(OC(=O)*)(C)C O=C(NCc1ccc(C2CC2C(=O)C2CC2)cc1)c1cccc2cc[nH]c12 0.0000000 0.0000 0.0000000 0.0000 0.0000000 0.0000 0.0000000 0.0000 0.0000000 0.0000 0.0000000 0.0000 0.0000000 0.0000 0.0000000 0.0000 0.0000000 0.0000 0.0000000 0.0000 0.0000000 0.0000 0.0000000 0.0000 0.0000000 0.0000 0.0000000 0.0000 0.0000000 0.0000 ['C(=[O,S])[O,S]']
 | 9.1408 11.3909 -4.8382 0.0131053 CC(=O)n1ccc2cc(Cl)cc(C(=O)NC(C)c3ccc(C4CC4)cc3)c21 1 c12cc(Cl)cc(C(=O)NC(C)c3ccc([*])cc3)c1n([*])cc2 *C1CC1|*C(C)=O O=C(NCc1ccc(C2CC2)cc1)c1cccc2cc[nH]c12 0.6651859 0.6652 -8.3293300 -8.3293 0.9999828 380.8750 0.0000000 5.3232 1.0000000 51.1000 1.0000000 1.0000 1.0000000 3.0000 0.9467598 1.0000 0.9693466 4.0000 0.9880297 27.0000 0.9854201 340.2080 0.9200269 2.8783 0.9988612 0.4706 0.0241124 3.9018 1.0000000 1.0000 []
 | 9.8850 13.1419 -3.1112 0.0200615 CC(NC(=O)c1cc(Cl)cc2ccn(C(=O)N(C)C)c12)c1ccc(C2CC2)cc1 1 c12cc(Cl)cc(C(=O)NC(C)c3ccc([*])cc3)c1n([*])cc2 *C1CC1|CN(C(*)=O)C O=C(NCc1ccc(C2CC2)cc1)c1cccc2cc[nH]c12 0.6439786 0.6440 -6.4630000 -6.4630 0.9997508 409.9170 0.0000000 5.1928 1.0000000 54.3400 1.0000000 1.0000 1.0000000 3.0000 0.9467598 1.0000 0.9693466 4.0000 0.9825279 29.0000 0.9558507 369.8720 0.9085720 3.0054 0.9999564 0.4564 0.1297539 3.7066 1.0000000 1.0000 []
 | 11.0236 20.3444 -18.8364 0.0030160 CC(NC(=O)c1cc(Cl)cc2ccn(C(=O)C=CCN(C)C)c12)c1ccc(C2CC2)cc1 1 c12cc(Cl)cc(C(=O)NC(C)c3ccc([*])cc3)c1n([*])cc2 *C1CC1|CN(C)CC=CC(=O)* O=C(NCc1ccc(C2CC2)cc1)c1cccc2cc[nH]c12 0.4897131 0.4897 -4.1718200 -4.1718 0.9901153 449.9820 0.0000000 5.4211 1.0000000 54.3400 1.0000000 1.0000 1.0000000 4.0000 0.9467598 1.0000 0.8490205 7.0000 0.9693466 32.0000 0.7969147 414.3760 0.8827105 3.2469 0.0000000 0.5958 0.9798403 3.0783 1.0000000 1.0000 []
 | 7.7654 12.5782 -2.6922 0.0197720 CNC(=O)n1ccc2cc(Cl)cc(C(=O)NC(C)c3ccc(C4CC4)cc3)c21 1 c12cc(Cl)cc(C(=O)NC(C)c3ccc([*])cc3)c1n([*])cc2 *C1CC1|CNC(*)=O O=C(NCc1ccc(C2CC2)cc1)c1cccc2cc[nH]c12 0.6627747 0.6628 -8.6461600 -8.6462 0.9999315 395.8900 0.0000001 4.8506 1.0000000 63.1300 1.0000000 1.0000 1.0000000 3.0000 0.5000000 2.0000 0.9693466 4.0000 0.9855343 28.0000 0.9759114 353.5440 0.9099129 2.9913 1.0000000 0.4068 0.1201362 3.7162 1.0000000 1.0000 []
 | 11.2413 13.8461 -13.8461 0.0000000 CC(NC(=O)c1cc(Cl)cc2ccn(C(=O)N(C)C)c12)c1ccc(C2CC2)cc1 2 c12cc(Cl)cc(C(=O)NC(C)c3ccc([*])cc3)c1n([*])cc2 *C1CC1|N(C(*)=O)(C)C O=C(NCc1ccc(C2CC2)cc1)c1cccc2cc[nH]c12 0.0000000 0.6440 -0.0000000 -6.4630 0.0000000 409.9170 0.0000000 5.1928 0.0000000 54.3400 0.0000000 1.0000 0.0000000 3.0000 0.0000000 1.0000 0.0000000 4.0000 0.0000000 29.0000 0.0000000 369.8720 0.0000000 3.0054 0.0000000 0.4564 0.0000000 3.7066 0.0000000 1.0000 []
 | 11.8569 16.8957 534.3896 1.1025706 CC(NC(=O)c1cc(Cl)cc2ccn(C(=O)N3CCOCC3)c12)c1ccc(C2CC2)cc1 1 c12cc(Cl)cc(C(=O)NC(C)c3ccc([*])cc3)c1n([*])cc2 *C1CC1|O=C(*)N1CCOCC1 O=C(NCc1ccc(C2CC2)cc1)c1cccc2ccn(C(=O)N3CCOCC3)c12 0.6091329 0.6091 6.7979800 6.7980 0.9881698 451.9540 0.0000000 4.9634 1.0000000 63.5700 1.0000000 1.0000 1.0000000 4.0000 0.9467598 1.0000 0.9693466 4.0000 0.9693466 32.0000 0.8710444 400.2240 0.9007379 3.0844 1.0000000 0.2047 0.5477584 3.4792 1.0000000 1.0000 []
 | 11.6092 17.3881 -11.2202 0.0123358 CNC(=O)n1ccc2cc(Cl)cc(C(=O)NC(C)c3ccc(C4CCC4)cc3)c21 1 c12cc(Cl)cc(C(=O)NC(C)c3ccc([*])cc3)c1n([*])cc2 *C1CCC1|N(C)C(=O)* O=C(NCc1ccc(C2CCC2)cc1)c1cccc2cc[nH]c12 0.6184104 0.6184 -9.0499700 -9.0500 0.9997508 409.9170 0.0000000 5.2407 1.0000000 63.1300 1.0000000 1.0000 1.0000000 3.0000 0.5000000 2.0000 0.9693466 4.0000 0.9825279 29.0000 0.9583093 368.3120 0.9080876 3.0105 0.9999995 0.4370 0.0200341 3.9224 1.0000000 1.0000 []
20:24:17 <INFO> SMILES: CC(NC(=O)c1cc(Cl)cc2ccn(C(=O)N(C)CCN(C)C)c12)c1ccc(-c2cn[nH]c2)cc1 | Score: 0.6673510670661926 | Type: <class 'float'>
20:24:17 <INFO> SMILES: CC(=O)N1CCN(c2ccc(C(C)NC(=O)c3cc(Cl)cc4ccn(C(=O)N(C)C)c34)cc2)CC1 | Score: 0.3742372691631317 | Type: <class 'float'>
20:24:17 <INFO> SMILES: CC(NC(=O)c1cc(Cl)cc2ccn(C(=O)N(C)C)c12)c1ccc(N2CCCOCC2)cc1 | Score: 0.35007351636886597 | Type: <class 'float'>
20:24:17 <INFO> SMILES: CC(=O)n1ccc2cc(Cl)cc(C(=O)NC(C)c3ccc(C4CCNCC4)cc3)c21 | Score: 0.5131985545158386 | Type: <class 'float'>
20:24:17 <INFO> SMILES: CC(=O)n1ccc2cc(Cl)cc(C(=O)NC(C)c3ccc(-c4cccc(Cl)c4)cc3)c21 | Score: 0.6707417964935303 | Type: <class 'float'>
20:24:17 <INFO> SMILES: CC(NC(=O)c1cc(Cl)cc2ccn(C(=O)N(C)C)c12)c1ccc(N(C)C)cc1 | Score: 0.07158848643302917 | Type: <class 'float'>
20:24:17 <INFO> SMILES: CC(NC(=O)c1cc(Cl)cc2ccn(C(=O)N(C)C)c12)c1ccc(N2CC(Oc3ccc(C4=NOC(C)(C(=O)N(C)C)C4)nc3)C2)cc1 | Score: 0.07714986801147461 | Type: <class 'float'>
20:24:17 <INFO> SMILES: CC(NC(=O)c1cc(Cl)cc2ccn(C(=O)N(C)C)c12)c1ccc(N(C)S(C)(=O)=O)cc1 | Score: 0.5885185599327087 | Type: <class 'float'>
20:24:17 <INFO> SMILES: CCN(CC)C(=O)n1ccc2cc(Cl)cc(C(=O)NC(C)c3ccc(-c4cncnc4)cc3)c21 | Score: 0.295393168926239 | Type: <class 'float'>
20:24:17 <INFO> SMILES: CCN(CC)C(=O)n1ccc2cc(Cl)cc(C(=O)NC(C)c3ccc(N4CCCN(C)CC4)cc3)c21 | Score: 0.6036883592605591 | Type: <class 'float'>
20:24:17 <INFO> SMILES: CC(NC(=O)c1cc(Cl)cc2ccn(C(=O)N3CCN(C)CC3)c12)c1ccc(C2(C#N)CCCCC2)cc1 | Score: 0.45580509305000305 | Type: <class 'float'>
20:24:17 <INFO> SMILES: CCNC(=O)n1ccc2cc(Cl)cc(C(=O)NC(C)c3ccc(N(C)C)cc3)c21 | Score: 0.09199310094118118 | Type: <class 'float'>
20:24:17 <INFO> SMILES: CC(=O)n1ccc2cc(Cl)cc(C(=O)NC(C)c3ccc(-c4cccnc4)cc3)c21 | Score: 0.39116978645324707 | Type: <class 'float'>
20:24:17 <INFO> SMILES: CC(NC(=O)c1cc(Cl)cc2ccn(C(=O)N(C)C)c12)c1ccc(-c2ccno2)cc1 | Score: 0.5280252695083618 | Type: <class 'float'>
20:24:17 <INFO> SMILES: CCN(C)C(=O)n1ccc2cc(Cl)cc(C(=O)NC(C)c3ccc(N4CCN5CCOC(C5)C4)cc3)c21 | Score: 0.541056752204895 | Type: <class 'float'>
20:24:17 <INFO> SMILES: CC(NC(=O)c1cc(Cl)cc2ccn(C(=O)N(C)CCN(C)C)c12)c1ccc(C=Cc2ccccn2)cc1 | Score: 0.7808040976524353 | Type: <class 'float'>
20:24:17 <INFO> SMILES: CCN(C)C(=O)n1ccc2cc(Cl)cc(C(=O)NC(C)c3ccc(CC(=O)NC)cc3)c21 | Score: 0.3645017743110657 | Type: <class 'float'>
20:24:17 <INFO> SMILES: CCN(C)C(=O)n1ccc2cc(Cl)cc(C(=O)NC(C)c3ccc(Cn4cnc5ccccc54)cc3)c21 | Score: 0.5874544978141785 | Type: <class 'float'>
20:24:17 <INFO> SMILES: CCN(CC)C(=O)n1ccc2cc(Cl)cc(C(=O)NC(C)c3ccc(C4CC(C)(F)C4)cc3)c21 | Score: 0.48168158531188965 | Type: <class 'float'>
20:24:17 <INFO> SMILES: CC(NC(=O)c1cc(Cl)cc2ccn(C(=O)N(CCN(C)C)CCN(C)C)c12)c1ccc(N2CCOCC2)cc1 | Score: 0.6551544070243835 | Type: <class 'float'>
20:24:17 <INFO> SMILES: CC(NC(=O)c1cc(Cl)cc2ccn(C(=O)N(C)C)c12)c1ccc(-c2ccsc2)cc1 | Score: 0.7131782174110413 | Type: <class 'float'>
20:24:17 <INFO> SMILES: CC(NC(=O)c1cc(Cl)cc2ccn(C(=O)N(C)C)c12)c1ccc(-c2cn[nH]c2)cc1 | Score: 0.42472782731056213 | Type: <class 'float'>
20:24:17 <INFO> SMILES: COCCCN1CC(F)(c2ccc(C(C)NC(=O)c3cc(Cl)cc4ccn(C(=O)N(C)C)c34)cc2)C1 | Score: 0.7313908934593201 | Type: <class 'float'>
20:24:17 <INFO> SMILES: CC(NC(=O)c1cc(Cl)cc2ccn(C(=O)CN(C)C)c12)c1ccc(-c2cccc(=O)[nH]2)cc1 | Score: 0.42657309770584106 | Type: <class 'float'>
20:24:17 <INFO> SMILES: CC(NC(=O)c1cc(Cl)cc2ccn(C(=O)N(C)CCCN(C)C)c12)c1ccc(C2CCOCC2)cc1 | Score: 0.7606238722801208 | Type: <class 'float'>
20:24:17 <INFO> SMILES: CC(NC(=O)c1cc(Cl)cc2ccn(C(=O)N(C)CCCN(C)C)c12)c1ccc(-c2ccc(C#N)cc2)cc1 | Score: 0.7802311778068542 | Type: <class 'float'>
20:24:17 <INFO> SMILES: CC(NC(=O)c1cc(Cl)cc2ccn(C(=O)N(CCCN(C)C)CCN(C)C)c12)c1ccc(N2CCN(C)CC2)cc1 | Score: 0.8819486498832703 | Type: <class 'float'>
20:24:17 <INFO> SMILES: CC(NC(=O)c1cc(Cl)cc2ccn(C(=O)N(C)CCN(C)C)c12)c1ccc(-c2nccn2C)cc1 | Score: 0.521506667137146 | Type: <class 'float'>
20:24:17 <INFO> SMILES: CC(NC(=O)c1cc(Cl)cc2ccn(C(=O)N(C)C3CC3)c12)c1ccc(N2CCN(C)CC2)cc1 | Score: 0.723375141620636 | Type: <class 'float'>
20:24:17 <INFO> SMILES: CCN(CC)C(=O)n1ccc2cc(Cl)cc(C(=O)NC(C)c3ccc(C4CCC4)cc3)c21 | Score: 0.38126805424690247 | Type: <class 'float'>
20:24:17 <INFO> SMILES: CCN(CC)C(=O)n1ccc2cc(Cl)cc(C(=O)NC(C)c3ccc(-c4n[nH]c(=O)c5ccccc45)cc3)c21 | Score: 0.2630319893360138 | Type: <class 'float'>
20:24:17 <INFO> SMILES: CC(NC(=O)c1cc(Cl)cc2ccn(C(=O)CN3CCN(C)CCC3C)c12)c1ccc(CC2COCCN2C)cc1 | Score: 0.6891039609909058 | Type: <class 'float'>
20:24:17 <INFO> SMILES: CC(NC(=O)c1cc(Cl)cc2ccn(C(=O)N3CCCC3)c12)c1ccc(-c2ncnn2C)cc1 | Score: 0.25507521629333496 | Type: <class 'float'>
20:24:17 <INFO> SMILES: CC(NC(=O)c1cc(Cl)cc2ccn(C(=O)N3CCN(C)CC3)c12)c1ccc(Nc2cc(C3CC3)[nH]n2)cc1 | Score: 0.5601285696029663 | Type: <class 'float'>
20:24:17 <INFO> SMILES: CC(NC(=O)c1cc(Cl)cc2ccn(C(=O)C(C)(C)C)c12)c1ccc(-c2cn[nH]c2)cc1 | Score: 0.8290567994117737 | Type: <class 'float'>
20:24:17 <INFO> SMILES: CC(NC(=O)c1cc(Cl)cc2ccn(C(=O)N3CCN(C(C)(C)C)CC3)c12)c1ccc(-c2cc(Br)cs2)cc1 | Score: 0.7889112830162048 | Type: <class 'float'>
20:24:17 <INFO> SMILES: CCN(C(=O)n1ccc2cc(Cl)cc(C(=O)NC(C)c3ccc(-c4cn[nH]c4)cc3)c21)C(C)C | Score: 0.4932198226451874 | Type: <class 'float'>
20:24:17 <INFO> SMILES: CC(=O)N1CCCC(c2ccc(C(C)NC(=O)c3cc(Cl)cc4ccn(C(=O)N(C)C(C)C)c34)cc2)C1 | Score: 0.4259895384311676 | Type: <class 'float'>
20:24:17 <INFO> SMILES: CC(=O)N1CCN(c2ccc(C(C)NC(=O)c3cc(Cl)cc4ccn(C(=O)C(C)(C)N(C)C)c34)cc2)CC1 | Score: 0.7872592806816101 | Type: <class 'float'>
20:24:17 <INFO> SMILES: CC(NC(=O)c1cc(Cl)cc2ccn(C(=O)NC(C)(C)C)c12)c1ccc(Cn2cncn2)cc1 | Score: 0.5588818192481995 | Type: <class 'float'>
20:24:17 <INFO> SMILES: CCCN(C)CC(=O)n1ccc2cc(Cl)cc(C(=O)NC(C)c3ccc(N4CCOCC4)cc3)c21 | Score: 0.6944646239280701 | Type: <class 'float'>
20:24:17 <INFO> SMILES: CCN(CC)C(=O)n1ccc2cc(Cl)cc(C(=O)NC(C)c3ccc(C(F)(F)F)cc3)c21 | Score: 0.5376821756362915 | Type: <class 'float'>
20:24:17 <INFO> SMILES: CCN(CC)C(=O)n1ccc2cc(Cl)cc(C(=O)NC(C)c3ccc(C4(C#N)CCOCC4)cc3)c21 | Score: 0.2518796920776367 | Type: <class 'float'>
20:24:17 <INFO> SMILES: CCN(CC)C(=O)n1ccc2cc(Cl)cc(C(=O)NC(C)c3ccc(CCN4CCCS4(=O)=O)cc3)c21 | Score: 0.2034139633178711 | Type: <class 'float'>
20:24:17 <INFO> SMILES: CCN(C)C(=O)n1ccc2cc(Cl)cc(C(=O)NC(C)c3ccc(CCN(C)C)cc3)c21 | Score: 0.6532071828842163 | Type: <class 'float'>
20:24:17 <INFO> SMILES: Cc1ncc(C#N)nc1-c1ccc(C(C)NC(=O)c2cc(Cl)cc3ccn(C(=O)N(C)C)c23)cc1 | Score: 0.2753911316394806 | Type: <class 'float'>
20:24:17 <INFO> SMILES: CC(NC(=O)c1cc(Cl)cc2ccn(C(=O)N(C)C)c12)c1ccc(-c2ccnc(Oc3ccc(C(F)(F)F)cn3)n2)cc1 | Score: 0.43698570132255554 | Type: <class 'float'>
20:24:17 <INFO> SMILES: CC(NC(=O)c1cc(Cl)cc2ccn(C(=O)N(C)C)c12)c1ccc(-c2cccc(F)c2)cc1 | Score: 0.635577380657196 | Type: <class 'float'>
20:24:17 <INFO> SMILES: CC(NC(=O)c1cc(Cl)cc2ccn(C(=O)N(C)C)c12)c1ccc(N2CCCN(C)CC2)cc1 | Score: 0.6998509764671326 | Type: <class 'float'>
20:24:17 <INFO> SMILES: CC(NC(=O)c1cc(Cl)cc2ccn(C(=O)N(C)CC(C)(C)N(C)C)c12)c1ccc(N2CCOCC2)cc1 | Score: 0.6581264734268188 | Type: <class 'float'>
20:24:17 <INFO> SMILES: CC(NC(=O)c1cc(Cl)cc2ccn(C(=O)N(C)C)c12)c1ccc(-c2nc(C3(C)CCCCO3)nn2C)cc1 | Score: 0.2533333897590637 | Type: <class 'float'>
20:24:17 <INFO> SMILES: CSc1nc(-c2ccc(C(C)NC(=O)c3cc(Cl)cc4ccn(C(=O)N(C)C)c34)cc2)no1 | Score: 0.6077130436897278 | Type: <class 'float'>
20:24:17 <INFO> SMILES: CNCC1CCN(c2ccc(C(C)NC(=O)c3cc(Cl)cc4ccn(C(=O)N(C)C)c34)cc2)CC1 | Score: 0.7215201258659363 | Type: <class 'float'>
20:24:17 <INFO> SMILES: CC(NC(=O)c1cc(Cl)cc2ccn(C(=O)N(C)C)c12)c1ccc(-c2cccn2C)cc1 | Score: 0.33139553666114807 | Type: <class 'float'>
20:24:17 <INFO> SMILES: CC(NC(=O)c1cc(Cl)cc2ccn(C(=O)N(C)CCCCN(C)C)c12)c1ccc(N2CCN(C)CC2)cc1 | Score: 0.8478838205337524 | Type: <class 'float'>
20:24:17 <INFO> SMILES: CC(NC(=O)c1cc(Cl)cc2ccn(C(=O)N(C)CCCN(C)C)c12)c1ccc(CCCN2CCC(F)(F)C2)cc1 | Score: 0.8853574991226196 | Type: <class 'float'>
20:24:17 <INFO> SMILES: CC(NC(=O)c1cc(Cl)cc2ccn(C(=O)NC(C)(C)C)c12)c1ccc(CBr)cc1 | Score: 0.6503260731697083 | Type: <class 'float'>
20:24:17 <INFO> SMILES: CC(NC(=O)c1cc(Cl)cc2ccn(C(=O)N(C)C)c12)c1ccc(CC(=O)N2CCNCC2)cc1 | Score: 0.09128286689519882 | Type: <class 'float'>
20:24:17 <INFO> SMILES: CC(NC(=O)c1cc(Cl)cc2ccn(C(=O)N(C)C)c12)c1ccc(CC2CCC2)cc1 | Score: 0.617627739906311 | Type: <class 'float'>
20:24:17 <INFO> SMILES: CC(NC(=O)c1cc(Cl)cc2ccn(C(=O)NCCCN3CCCC(C)(C)C3)c12)c1ccc(N2CC(c3cccnc3)C2)cc1 | Score: 0.8690199851989746 | Type: <class 'float'>
20:24:17 <INFO> SMILES: CC(NC(=O)c1cc(Cl)cc2ccn(C(=O)N(C)CCN(C)C)c12)c1ccc(-c2ccccc2)cc1 | Score: 0.740122377872467 | Type: <class 'float'>
20:24:17 <INFO> SMILES: COc1cc(C(=O)NS(C)(=O)=O)ccc1Cc1ccc(C(C)NC(=O)c2cc(Cl)cc3ccn(C(=O)N(C)C)c23)cc1 | Score: 0.8112570643424988 | Type: <class 'float'>
20:24:17 <INFO> SMILES: Cc1nn(C)c(C)c1-c1ccc(C(C)NC(=O)c2cc(Cl)cc3ccn(C(=O)N(C)C)c23)cc1 | Score: 0.1575583517551422 | Type: <class 'float'>
20:24:17 <INFO> SMILES: CC(NC(=O)c1cc(Cl)cc2ccn(C(=O)N(C)C)c12)c1ccc(NC2CCN(C)CC2)cc1 | Score: 0.8012401461601257 | Type: <class 'float'>
20:24:17 <INFO> SMILES: Cc1cn(C2CCCN(c3ccc(C(C)NC(=O)c4cc(Cl)cc5ccn(C(=O)N(C)C)c45)cc3)C2)c(=O)[nH]c1=O | Score: 0.14291971921920776 | Type: <class 'float'>
20:24:17 <INFO> SMILES: CCN(CC)C(=O)n1ccc2cc(Cl)cc(C(=O)NC(C)c3ccc(-c4ccsc4)cc3)c21 | Score: 0.6088640689849854 | Type: <class 'float'>
20:24:17 <INFO> SMILES: CC(NC(=O)c1cc(Cl)cc2ccn(C(=O)N(C)C)c12)c1ccc(C2CC2C(=O)N2CCN(C)CC2)cc1 | Score: 0.2708576023578644 | Type: <class 'float'>
20:24:17 <INFO> SMILES: CC(NC(=O)c1cc(Cl)cc2ccn(C(=O)N(C)C)c12)c1ccc(N2CCCCC2)cc1 | Score: 0.6332287192344666 | Type: <class 'float'>
20:24:17 <INFO> SMILES: C=CCN(CC=C)C(=O)n1ccc2cc(Cl)cc(C(=O)NC(C)c3ccc(Cn4cnn(CCC)c4=O)cc3)c21 | Score: 1.0 | Type: <class 'float'>
20:24:17 <INFO> SMILES: CC(NC(=O)c1cc(Cl)cc2ccn(C(=O)N(C)Cc3ccccc3)c12)c1ccc(Cn2cnc3cnccc32)cc1 | Score: 0.7082153558731079 | Type: <class 'float'>
20:24:17 <INFO> SMILES: CC(NC(=O)c1cc(Cl)cc2ccn(C(=O)N(C)CCN(C)C)c12)c1ccc(-c2cn[nH]c2)cc1 | LogD Prediction: 2.604519844055176
20:24:17 <INFO> SMILES: CC(=O)N1CCN(c2ccc(C(C)NC(=O)c3cc(Cl)cc4ccn(C(=O)N(C)C)c34)cc2)CC1 | LogD Prediction: 2.921598196029663
20:24:17 <INFO> SMILES: CC(NC(=O)c1cc(Cl)cc2ccn(C(=O)N(C)C)c12)c1ccc(N2CCCOCC2)cc1 | LogD Prediction: 3.2923190593719482
20:24:17 <INFO> SMILES: CC(=O)n1ccc2cc(Cl)cc(C(=O)NC(C)c3ccc(C4CCNCC4)cc3)c21 | LogD Prediction: 2.219452142715454
20:24:17 <INFO> SMILES: CC(=O)n1ccc2cc(Cl)cc(C(=O)NC(C)c3ccc(-c4cccc(Cl)c4)cc3)c21 | LogD Prediction: 4.38969087600708
20:24:17 <INFO> SMILES: CC(NC(=O)c1cc(Cl)cc2ccn(C(=O)N(C)C)c12)c1ccc(N(C)C)cc1 | LogD Prediction: 3.224454641342163
20:24:17 <INFO> SMILES: CC(NC(=O)c1cc(Cl)cc2ccn(C(=O)N(C)C)c12)c1ccc(N2CC(Oc3ccc(C4=NOC(C)(C(=O)N(C)C)C4)nc3)C2)cc1 | LogD Prediction: 3.5441343784332275
20:24:17 <INFO> SMILES: CC(NC(=O)c1cc(Cl)cc2ccn(C(=O)N(C)C)c12)c1ccc(N(C)S(C)(=O)=O)cc1 | LogD Prediction: 2.769211530685425
20:24:17 <INFO> SMILES: CCN(CC)C(=O)n1ccc2cc(Cl)cc(C(=O)NC(C)c3ccc(-c4cncnc4)cc3)c21 | LogD Prediction: 3.4416770935058594
20:24:17 <INFO> SMILES: CCN(CC)C(=O)n1ccc2cc(Cl)cc(C(=O)NC(C)c3ccc(N4CCCN(C)CC4)cc3)c21 | LogD Prediction: 3.040492296218872
20:24:17 <INFO> SMILES: CC(NC(=O)c1cc(Cl)cc2ccn(C(=O)N3CCN(C)CC3)c12)c1ccc(C2(C#N)CCCCC2)cc1 | LogD Prediction: 3.496222496032715
20:24:17 <INFO> SMILES: CCNC(=O)n1ccc2cc(Cl)cc(C(=O)NC(C)c3ccc(N(C)C)cc3)c21 | LogD Prediction: 3.2956206798553467
20:24:17 <INFO> SMILES: CC(=O)n1ccc2cc(Cl)cc(C(=O)NC(C)c3ccc(-c4cccnc4)cc3)c21 | LogD Prediction: 3.461975574493408
20:24:17 <INFO> SMILES: CC(NC(=O)c1cc(Cl)cc2ccn(C(=O)N(C)C)c12)c1ccc(-c2ccno2)cc1 | LogD Prediction: 3.286851167678833
20:24:17 <INFO> SMILES: CCN(C)C(=O)n1ccc2cc(Cl)cc(C(=O)NC(C)c3ccc(N4CCN5CCOC(C5)C4)cc3)c21 | LogD Prediction: 3.078848123550415
20:24:17 <INFO> SMILES: CC(NC(=O)c1cc(Cl)cc2ccn(C(=O)N(C)CCN(C)C)c12)c1ccc(C=Cc2ccccn2)cc1 | LogD Prediction: 3.143939971923828
20:24:17 <INFO> SMILES: CCN(C)C(=O)n1ccc2cc(Cl)cc(C(=O)NC(C)c3ccc(CC(=O)NC)cc3)c21 | LogD Prediction: 3.3781967163085938
20:24:17 <INFO> SMILES: CCN(C)C(=O)n1ccc2cc(Cl)cc(C(=O)NC(C)c3ccc(Cn4cnc5ccccc54)cc3)c21 | LogD Prediction: 3.562772512435913
20:24:17 <INFO> SMILES: CCN(CC)C(=O)n1ccc2cc(Cl)cc(C(=O)NC(C)c3ccc(C4CC(C)(F)C4)cc3)c21 | LogD Prediction: 4.460204124450684
20:24:17 <INFO> SMILES: CC(NC(=O)c1cc(Cl)cc2ccn(C(=O)N(CCN(C)C)CCN(C)C)c12)c1ccc(N2CCOCC2)cc1 | LogD Prediction: 2.2902629375457764
20:24:17 <INFO> SMILES: CC(NC(=O)c1cc(Cl)cc2ccn(C(=O)N(C)C)c12)c1ccc(-c2ccsc2)cc1 | LogD Prediction: 3.8915913105010986
20:24:17 <INFO> SMILES: CC(NC(=O)c1cc(Cl)cc2ccn(C(=O)N(C)C)c12)c1ccc(-c2cn[nH]c2)cc1 | LogD Prediction: 3.0640981197357178
20:24:17 <INFO> SMILES: COCCCN1CC(F)(c2ccc(C(C)NC(=O)c3cc(Cl)cc4ccn(C(=O)N(C)C)c34)cc2)C1 | LogD Prediction: 3.26625657081604
20:24:17 <INFO> SMILES: CC(NC(=O)c1cc(Cl)cc2ccn(C(=O)CN(C)C)c12)c1ccc(-c2cccc(=O)[nH]2)cc1 | LogD Prediction: 2.8895761966705322
20:24:17 <INFO> SMILES: CC(NC(=O)c1cc(Cl)cc2ccn(C(=O)N(C)CCCN(C)C)c12)c1ccc(C2CCOCC2)cc1 | LogD Prediction: 2.799656867980957
20:24:17 <INFO> SMILES: CC(NC(=O)c1cc(Cl)cc2ccn(C(=O)N(C)CCCN(C)C)c12)c1ccc(-c2ccc(C#N)cc2)cc1 | LogD Prediction: 3.3437020778656006
20:24:17 <INFO> SMILES: CC(NC(=O)c1cc(Cl)cc2ccn(C(=O)N(CCCN(C)C)CCN(C)C)c12)c1ccc(N2CCN(C)CC2)cc1 | LogD Prediction: 1.801189661026001
20:24:17 <INFO> SMILES: CC(NC(=O)c1cc(Cl)cc2ccn(C(=O)N(C)CCN(C)C)c12)c1ccc(-c2nccn2C)cc1 | LogD Prediction: 2.698972702026367
20:24:17 <INFO> SMILES: CC(NC(=O)c1cc(Cl)cc2ccn(C(=O)N(C)C3CC3)c12)c1ccc(N2CCN(C)CC2)cc1 | LogD Prediction: 3.0396132469177246
20:24:17 <INFO> SMILES: CCN(CC)C(=O)n1ccc2cc(Cl)cc(C(=O)NC(C)c3ccc(C4CCC4)cc3)c21 | LogD Prediction: 4.215252876281738
20:24:17 <INFO> SMILES: CCN(CC)C(=O)n1ccc2cc(Cl)cc(C(=O)NC(C)c3ccc(-c4n[nH]c(=O)c5ccccc45)cc3)c21 | LogD Prediction: 4.028990745544434
20:24:17 <INFO> SMILES: CC(NC(=O)c1cc(Cl)cc2ccn(C(=O)CN3CCN(C)CCC3C)c12)c1ccc(CC2COCCN2C)cc1 | LogD Prediction: 1.9161752462387085
20:24:17 <INFO> SMILES: CC(NC(=O)c1cc(Cl)cc2ccn(C(=O)N3CCCC3)c12)c1ccc(-c2ncnn2C)cc1 | LogD Prediction: 2.8478848934173584
20:24:17 <INFO> SMILES: CC(NC(=O)c1cc(Cl)cc2ccn(C(=O)N3CCN(C)CC3)c12)c1ccc(Nc2cc(C3CC3)[nH]n2)cc1 | LogD Prediction: 3.407662868499756
20:24:17 <INFO> SMILES: CC(NC(=O)c1cc(Cl)cc2ccn(C(=O)C(C)(C)C)c12)c1ccc(-c2cn[nH]c2)cc1 | LogD Prediction: 3.9665088653564453
20:24:17 <INFO> SMILES: CC(NC(=O)c1cc(Cl)cc2ccn(C(=O)N3CCN(C(C)(C)C)CC3)c12)c1ccc(-c2cc(Br)cs2)cc1 | LogD Prediction: 3.436204671859741
20:24:17 <INFO> SMILES: CCN(C(=O)n1ccc2cc(Cl)cc(C(=O)NC(C)c3ccc(-c4cn[nH]c4)cc3)c21)C(C)C | LogD Prediction: 3.7017178535461426
20:24:17 <INFO> SMILES: CC(=O)N1CCCC(c2ccc(C(C)NC(=O)c3cc(Cl)cc4ccn(C(=O)N(C)C(C)C)c34)cc2)C1 | LogD Prediction: 3.6818010807037354
20:24:17 <INFO> SMILES: CC(=O)N1CCN(c2ccc(C(C)NC(=O)c3cc(Cl)cc4ccn(C(=O)C(C)(C)N(C)C)c34)cc2)CC1 | LogD Prediction: 2.460714101791382
20:24:17 <INFO> SMILES: CC(NC(=O)c1cc(Cl)cc2ccn(C(=O)NC(C)(C)C)c12)c1ccc(Cn2cncn2)cc1 | LogD Prediction: 3.3380472660064697
20:24:17 <INFO> SMILES: CCCN(C)CC(=O)n1ccc2cc(Cl)cc(C(=O)NC(C)c3ccc(N4CCOCC4)cc3)c21 | LogD Prediction: 2.718681812286377
20:24:17 <INFO> SMILES: CCN(CC)C(=O)n1ccc2cc(Cl)cc(C(=O)NC(C)c3ccc(C(F)(F)F)cc3)c21 | LogD Prediction: 4.434962272644043
20:24:17 <INFO> SMILES: CCN(CC)C(=O)n1ccc2cc(Cl)cc(C(=O)NC(C)c3ccc(C4(C#N)CCOCC4)cc3)c21 | LogD Prediction: 3.782119035720825
20:24:17 <INFO> SMILES: CCN(CC)C(=O)n1ccc2cc(Cl)cc(C(=O)NC(C)c3ccc(CCN4CCCS4(=O)=O)cc3)c21 | LogD Prediction: 3.3683528900146484
20:24:17 <INFO> SMILES: CCN(C)C(=O)n1ccc2cc(Cl)cc(C(=O)NC(C)c3ccc(CCN(C)C)cc3)c21 | LogD Prediction: 3.0144503116607666
20:24:17 <INFO> SMILES: Cc1ncc(C#N)nc1-c1ccc(C(C)NC(=O)c2cc(Cl)cc3ccn(C(=O)N(C)C)c23)cc1 | LogD Prediction: 3.6634068489074707
20:24:17 <INFO> SMILES: CC(NC(=O)c1cc(Cl)cc2ccn(C(=O)N(C)C)c12)c1ccc(-c2ccnc(Oc3ccc(C(F)(F)F)cn3)n2)cc1 | LogD Prediction: 4.145868301391602
20:24:17 <INFO> SMILES: CC(NC(=O)c1cc(Cl)cc2ccn(C(=O)N(C)C)c12)c1ccc(-c2cccc(F)c2)cc1 | LogD Prediction: 4.108293056488037
20:24:17 <INFO> SMILES: CC(NC(=O)c1cc(Cl)cc2ccn(C(=O)N(C)C)c12)c1ccc(N2CCCN(C)CC2)cc1 | LogD Prediction: 2.6417298316955566
20:24:17 <INFO> SMILES: CC(NC(=O)c1cc(Cl)cc2ccn(C(=O)N(C)CC(C)(C)N(C)C)c12)c1ccc(N2CCOCC2)cc1 | LogD Prediction: 2.7821547985076904
20:24:17 <INFO> SMILES: CC(NC(=O)c1cc(Cl)cc2ccn(C(=O)N(C)C)c12)c1ccc(-c2nc(C3(C)CCCCO3)nn2C)cc1 | LogD Prediction: 3.80486798286438
20:24:17 <INFO> SMILES: CSc1nc(-c2ccc(C(C)NC(=O)c3cc(Cl)cc4ccn(C(=O)N(C)C)c34)cc2)no1 | LogD Prediction: 3.4242403507232666
20:24:17 <INFO> SMILES: CNCC1CCN(c2ccc(C(C)NC(=O)c3cc(Cl)cc4ccn(C(=O)N(C)C)c34)cc2)CC1 | LogD Prediction: 2.2242848873138428
20:24:17 <INFO> SMILES: CC(NC(=O)c1cc(Cl)cc2ccn(C(=O)N(C)C)c12)c1ccc(-c2cccn2C)cc1 | LogD Prediction: 3.4218504428863525
20:24:17 <INFO> SMILES: CC(NC(=O)c1cc(Cl)cc2ccn(C(=O)N(C)CCCCN(C)C)c12)c1ccc(N2CCN(C)CC2)cc1 | LogD Prediction: 2.2740161418914795
20:24:17 <INFO> SMILES: CC(NC(=O)c1cc(Cl)cc2ccn(C(=O)N(C)CCCN(C)C)c12)c1ccc(CCCN2CCC(F)(F)C2)cc1 | LogD Prediction: 2.6056907176971436
20:24:17 <INFO> SMILES: CC(NC(=O)c1cc(Cl)cc2ccn(C(=O)NC(C)(C)C)c12)c1ccc(CBr)cc1 | LogD Prediction: 4.306452751159668
20:24:17 <INFO> SMILES: CC(NC(=O)c1cc(Cl)cc2ccn(C(=O)N(C)C)c12)c1ccc(CC(=O)N2CCNCC2)cc1 | LogD Prediction: 2.0145788192749023
20:24:17 <INFO> SMILES: CC(NC(=O)c1cc(Cl)cc2ccn(C(=O)N(C)C)c12)c1ccc(CC2CCC2)cc1 | LogD Prediction: 3.997931718826294
20:24:17 <INFO> SMILES: CC(NC(=O)c1cc(Cl)cc2ccn(C(=O)NCCCN3CCCC(C)(C)C3)c12)c1ccc(N2CC(c3cccnc3)C2)cc1 | LogD Prediction: 3.0641043186187744
20:24:17 <INFO> SMILES: CC(NC(=O)c1cc(Cl)cc2ccn(C(=O)N(C)CCN(C)C)c12)c1ccc(-c2ccccc2)cc1 | LogD Prediction: 3.378126859664917
20:24:17 <INFO> SMILES: COc1cc(C(=O)NS(C)(=O)=O)ccc1Cc1ccc(C(C)NC(=O)c2cc(Cl)cc3ccn(C(=O)N(C)C)c23)cc1 | LogD Prediction: 3.104712963104248
20:24:17 <INFO> SMILES: Cc1nn(C)c(C)c1-c1ccc(C(C)NC(=O)c2cc(Cl)cc3ccn(C(=O)N(C)C)c23)cc1 | LogD Prediction: 3.6165106296539307
20:24:17 <INFO> SMILES: CC(NC(=O)c1cc(Cl)cc2ccn(C(=O)N(C)C)c12)c1ccc(NC2CCN(C)CC2)cc1 | LogD Prediction: 2.6133534908294678
20:24:17 <INFO> SMILES: Cc1cn(C2CCCN(c3ccc(C(C)NC(=O)c4cc(Cl)cc5ccn(C(=O)N(C)C)c45)cc3)C2)c(=O)[nH]c1=O | LogD Prediction: 2.8800556659698486
20:24:17 <INFO> SMILES: CCN(CC)C(=O)n1ccc2cc(Cl)cc(C(=O)NC(C)c3ccc(-c4ccsc4)cc3)c21 | LogD Prediction: 4.245168685913086
20:24:17 <INFO> SMILES: CC(NC(=O)c1cc(Cl)cc2ccn(C(=O)N(C)C)c12)c1ccc(C2CC2C(=O)N2CCN(C)CC2)cc1 | LogD Prediction: 2.822289228439331
20:24:17 <INFO> SMILES: CC(NC(=O)c1cc(Cl)cc2ccn(C(=O)N(C)C)c12)c1ccc(N2CCCCC2)cc1 | LogD Prediction: 3.5404269695281982
20:24:17 <INFO> SMILES: C=CCN(CC=C)C(=O)n1ccc2cc(Cl)cc(C(=O)NC(C)c3ccc(Cn4cnn(CCC)c4=O)cc3)c21 | LogD Prediction: 3.3577051162719727
20:24:17 <INFO> SMILES: CC(NC(=O)c1cc(Cl)cc2ccn(C(=O)N(C)Cc3ccccc3)c12)c1ccc(Cn2cnc3cnccc32)cc1 | LogD Prediction: 3.551584005355835
20:24:17 <INFO> Score: 0.01 Agent NLL: 15.67 Valid: 100% Step: 7
 | Agent Prior Target Score SMILES SMILES_state Input_Scaffold R-groups Scaffold QED QED (raw) gnina score gnina score (raw) MW MW (raw) SlogP (RDKit) SlogP (RDKit) (raw) TPSA TPSA (raw) Number of stereo centers Number of stereo centers (raw) Number of HB acceptors (Lipinski) Number of HB acceptors (Lipinski) (raw) Number of HB donors (Lipinski) Number of HB donors (Lipinski) (raw) Number of rotatable bonds Number of rotatable bonds (raw) Number of Heavy atoms Number of Heavy atoms (raw) Molecular Volume (RDKit) Molecular Volume (RDKit) (raw) SA score SA score (raw) herg inactive herg inactive (raw) LogD LogD (raw) Alerts Alerts (raw) matching_patterns (Alerts)
 | 14.8485 19.1330 -17.8219 0.0026223 CC(NC(=O)c1cc(Cl)cc2ccn(C(=O)N(C)CCN(C)C)c12)c1ccc(-c2cn[nH]c2)cc1 1 N(C(c1c2n([*])ccc2cc(Cl)c1)=O)C(C)c1ccc([*])cc1 *C(=O)N(C)CCN(C)C|n1[nH]cc(*)c1 O=C(NCc1ccc(-c2cn[nH]c2)cc1)c1cccc2cc[nH]c12 0.3933437 0.3933 -7.4259300 -7.4259 0.6555921 493.0110 0.0000002 4.6373 1.0000000 86.2600 1.0000000 1.0000 1.0000000 5.0000 0.5000000 2.0000 0.8490205 7.0000 0.9467598 35.0000 0.5771300 441.8960 0.8683764 3.3613 0.0000000 0.6674 0.9997382 2.6045 1.0000000 1.0000 []
 | 17.7473 25.0929 -25.0928 0.0000000 CC(NC(=O)c1cc(Cl)cc2ccn(C(=O)N(C)C)c12)c1ccc(C2(S(N)(=O)=O)CC2)cc1 1 N(C(c1c2n([*])ccc2cc(Cl)c1)=O)C(C)c1ccc([*])cc1 *C(=O)N(C)C|C1C(S(=O)(N)=O)(*)C1 O=C(NCc1ccc(C2CC2)cc1)c1cccc2cc[nH]c12 0.0000000 0.0000 0.0000000 0.0000 0.0000000 0.0000 0.0000000 0.0000 0.0000000 0.0000 0.0000000 0.0000 0.0000000 0.0000 0.0000000 0.0000 0.0000000 0.0000 0.0000000 0.0000 0.0000000 0.0000 0.0000000 0.0000 0.0000000 0.0000 0.0000000 0.0000 0.0000000 0.0000 ['[NH2]']
 | 13.5396 16.0861 -1.5227 0.0291269 CC(=O)N1CCN(c2ccc(C(C)NC(=O)c3cc(Cl)cc4ccn(C(=O)N(C)C)c34)cc2)CC1 1 N(C(c1c2n([*])ccc2cc(Cl)c1)=O)C(C)c1ccc([*])cc1 *C(=O)N(C)C|C1N(C(C)=O)CCN(*)C1 O=C(NCc1ccc(N2CCNCC2)cc1)c1cccc2cc[nH]c12 0.5934835 0.5935 -7.8513100 -7.8513 0.5908310 496.0110 0.0000110 3.9839 1.0000000 77.8900 1.0000000 1.0000 1.0000000 5.0000 0.9467598 1.0000 0.9693466 4.0000 0.9467598 35.0000 0.5567814 444.0560 0.8996117 3.0953 1.0000000 0.3742 0.9951662 2.9216 1.0000000 1.0000 []
 | 7.3826 12.5376 3.9756 0.0330265 CC(NC(=O)c1cc(Cl)cc2ccn(C(=O)N(C)C)c12)c1ccc(N2CCOCC2)cc1 1 N(C(c1c2n([*])ccc2cc(Cl)c1)=O)C(C)c1ccc([*])cc1 *C(=O)N(C)C|O1CCN(*)CC1 O=C(NCc1ccc(N2CCOCC2)cc1)c1cccc2cc[nH]c12 0.6426546 0.6427 -7.3581900 -7.3582 0.9844576 454.9580 0.0000042 4.1520 1.0000000 66.8100 1.0000000 1.0000 1.0000000 5.0000 0.9467598 1.0000 0.9693466 4.0000 0.9693466 32.0000 0.8553237 403.6960 0.9037104 3.0551 1.0000000 0.2836 0.9221102 3.2317 1.0000000 1.0000 []
 | 8.2546 17.1460 -1.1879 0.0319162 CC(NC(=O)c1cc(Cl)cc2ccn(C(=O)N(C)C)c12)c1ccc(N2CCCOCC2)cc1 1 N(C(c1c2n([*])ccc2cc(Cl)c1)=O)C(C)c1ccc([*])cc1 *C(=O)N(C)C|O1CCN(*)CCC1 O=C(NCc1ccc(N2CCCOCC2)cc1)c1cccc2cc[nH]c12 0.6099820 0.6100 -5.5809900 -5.5810 0.9456583 468.9850 0.0000005 4.5421 1.0000000 66.8100 1.0000000 1.0000 1.0000000 5.0000 0.9467598 1.0000 0.9693466 4.0000 0.9631018 33.0000 0.7668465 418.9760 0.8978634 3.1119 1.0000000 0.3501 0.8713348 3.2923 1.0000000 1.0000 []
 | 20.6172 24.1544 -24.1544 0.0000000 CC(NC(=O)c1cc(Cl)cc2ccn(C(=O)N(C)C)c12)c1ccc(-c2nc(N)no2)cc1 1 N(C(c1c2n([*])ccc2cc(Cl)c1)=O)C(C)c1ccc([*])cc1 *C(=O)N(C)C|c1(N)noc(*)n1 O=C(NCc1ccc(-c2ncno2)cc1)c1cccc2cc[nH]c12 0.0000000 0.0000 0.0000000 0.0000 0.0000000 0.0000 0.0000000 0.0000 0.0000000 0.0000 0.0000000 0.0000 0.0000000 0.0000 0.0000000 0.0000 0.0000000 0.0000 0.0000000 0.0000 0.0000000 0.0000 0.0000000 0.0000 0.0000000 0.0000 0.0000000 0.0000 0.0000000 0.0000 ['[NH2]']
 | 30.6402 40.6847 -40.6847 0.0000000 CCNC(=O)n1ccc2cc(Cl)cc(C(=O)NC(C)c3ccc(C#CC(=O)N4CCC(c5cn(C)c6ccccc56)C4)cc3)c21 1 N(C(c1c2n([*])ccc2cc(Cl)c1)=O)C(C)c1ccc([*])cc1 *C(=O)NCC|*C#CC(N1CC(c2cn(C)c3ccccc32)CC1)=O O=C(NCc1ccc(C#CC(=O)N2CCC(c3c[nH]c4ccccc34)C2)cc1)c1cccc2cc[nH]c12 0.0000000 0.0000 0.0000000 0.0000 0.0000000 0.0000 0.0000000 0.0000 0.0000000 0.0000 0.0000000 0.0000 0.0000000 0.0000 0.0000000 0.0000 0.0000000 0.0000 0.0000000 0.0000 0.0000000 0.0000 0.0000000 0.0000 0.0000000 0.0000 0.0000000 0.0000 0.0000000 0.0000 ['C#C']
 | 12.2725 15.6576 -4.3167 0.0226820 CC(=O)n1ccc2cc(Cl)cc(C(=O)NC(C)c3ccc(C4CCNCC4)cc3)c21 1 N(C(c1c2n([*])ccc2cc(Cl)c1)=O)C(C)c1ccc([*])cc1 *C(C)=O|C1CC(*)CCN1 O=C(NCc1ccc(C2CCNCC2)cc1)c1cccc2cc[nH]c12 0.6260671 0.6261 -7.8646900 -7.8647 0.9990935 423.9440 0.0000000 4.9128 1.0000000 63.1300 1.0000000 1.0000 1.0000000 4.0000 0.5000000 2.0000 0.9693466 4.0000 0.9789100 30.0000 0.9300322 382.5840 0.9029087 3.0631 0.0456913 0.5132 0.9999924 2.2195 1.0000000 1.0000 []
 | 13.4743 14.3048 -14.1283 0.0003529 CC(=O)n1ccc2cc(Cl)cc(C(=O)NC(C)c3ccc(-c4cccc(Cl)c4)cc3)c21 1 N(C(c1c2n([*])ccc2cc(Cl)c1)=O)C(C)c1ccc([*])cc1 *C(C)=O|c1c(*)cc(Cl)cc1 O=C(NCc1ccc(-c2ccccc2)cc1)c1cccc2cc[nH]c12 0.3725177 0.3725 -9.2239800 -9.2240 0.9887998 451.3530 0.0000000 6.7662 1.0000000 51.1000 1.0000000 1.0000 1.0000000 3.0000 0.9467598 1.0000 0.9693466 4.0000 0.9745624 31.0000 0.9253591 384.4000 0.9241489 2.8284 0.0000000 0.6707 0.0002761 4.3897 1.0000000 1.0000 []
 | 8.2219 13.4952 -11.9279 0.0031346 CC(NC(=O)c1cc(Cl)cc2ccn(C(=O)N(C)C)c12)c1ccc(N2CCN(C)CC2)cc1 1 N(C(c1c2n([*])ccc2cc(Cl)c1)=O)C(C)c1ccc([*])cc1 *C(N(C)C)=O|C1CN(*)CCN1C O=C(NCc1ccc(N2CCNCC2)cc1)c1cccc2cc[nH]c12 0.6280375 0.6280 -7.5287100 -7.5287 0.9501317 468.0010 0.0000068 4.0672 1.0000000 60.8200 1.0000000 1.0000 1.0000000 5.0000 0.9467598 1.0000 0.9693466 4.0000 0.9631018 33.0000 0.7394716 422.8160 0.9032116 3.0601 0.0000000 0.6336 0.9971164 2.8653 1.0000000 1.0000 []
20:32:13 <WARN> Scoring function did not return result for SMILES: CCN(C)Cc1ccccc1NC(=O)n1ccc2cc(Cl)cc(C(=O)NC(C)c3ccc(-c4cc[nH]n4)cc3)c21
20:32:13 <WARN> [compute_transform] Missing SMILES in component results: CCN(C)Cc1ccccc1NC(=O)n1ccc2cc(Cl)cc(C(=O)NC(C)c3ccc(-c4cc[nH]n4)cc3)c21
20:32:20 <INFO> SMILES: CC(NC(=O)c1cc(Cl)cc2ccn(C(=O)N(C)C)c12)c1ccc(C2CCNCC2)cc1 | Score: 0.4976244866847992 | Type: <class 'float'>
20:32:20 <INFO> SMILES: CC(NC(=O)c1cc(Cl)cc2ccn(C(=O)N(C)C)c12)c1ccc(-c2nnnn2C)cc1 | Score: 0.3093318045139313 | Type: <class 'float'>
20:32:20 <INFO> SMILES: COc1ccc(C2(c3ccc(C(C)NC(=O)c4cc(Cl)cc5ccn(C(=O)N(C)C)c45)cc3)CCC2)cc1 | Score: 0.5943366885185242 | Type: <class 'float'>
20:32:20 <INFO> SMILES: COc1ccc(-c2ccc(C(C)NC(=O)c3cc(Cl)cc4ccn(C(=O)N(C)C)c34)cc2)nc1 | Score: 0.3517575263977051 | Type: <class 'float'>
20:32:20 <INFO> SMILES: CC(NC(=O)c1cc(Cl)cc2ccn(C(=O)N(C)C)c12)c1ccc(-c2ccn(C3CCN(C)CC3)n2)cc1 | Score: 0.5927112102508545 | Type: <class 'float'>
20:32:20 <INFO> SMILES: CCNC(=O)n1ccc2cc(Cl)cc(C(=O)NC(C)c3ccc(-c4cnn(C)c4)cc3)c21 | Score: 0.25925514101982117 | Type: <class 'float'>
20:32:20 <INFO> SMILES: CC(NC(=O)c1cc(Cl)cc2ccn(C(=O)N(C)C)c12)c1ccc(N2CCN(C3COC3)CC2)cc1 | Score: 0.5148414373397827 | Type: <class 'float'>
20:32:20 <INFO> SMILES: CC(=O)N1CCC(c2ccc(C(C)NC(=O)c3cc(Cl)cc4ccn(C(=O)N(C)C)c34)cc2)CC1 | Score: 0.3860916197299957 | Type: <class 'float'>
20:32:20 <INFO> SMILES: CC(NC(=O)c1cc(Cl)cc2ccn(C(=O)N(C)C)c12)c1ccc(-c2ccc(OCCN(C)C)cc2)cc1 | Score: 0.7163612842559814 | Type: <class 'float'>
20:32:20 <INFO> SMILES: Cc1nc(Nc2ccc(C(C)NC(=O)c3cc(Cl)cc4ccn(C(=O)N(C)C)c34)cc2)n(C2CCC(=O)N(C)C2)c1C | Score: 0.08420979231595993 | Type: <class 'float'>
20:32:20 <INFO> SMILES: CNC(=O)n1ccc2cc(Cl)cc(C(=O)NC(C)c3ccc(-c4cccnc4)cc3)c21 | Score: 0.33938270807266235 | Type: <class 'float'>
20:32:20 <INFO> SMILES: CNC(=O)n1ccc2cc(Cl)cc(C(=O)NC(C)c3ccc(CCCN4CCN(C)CC4)cc3)c21 | Score: 0.6819966435432434 | Type: <class 'float'>
20:32:20 <INFO> SMILES: CC(NC(=O)c1cc(Cl)cc2ccn(C(=O)NC3CC3)c12)c1ccc(N2CCOCC2)cc1 | Score: 0.4608811140060425 | Type: <class 'float'>
20:32:20 <INFO> SMILES: CCNC(=O)c1cn(C)n(-c2ccc(=O)n(Cc3ccc(C(C)NC(=O)c4cc(Cl)cc5ccn(C=O)c45)cc3)c2)c1=O | Score: 0.087767094373703 | Type: <class 'float'>
20:32:20 <INFO> SMILES: CC(NC(=O)c1cc(Cl)cc2ccn(C(=O)CN3CCCC3)c12)c1ccc(N2CCOCC2)cc1 | Score: 0.5927315950393677 | Type: <class 'float'>
20:32:20 <INFO> SMILES: CC(NC(=O)c1cc(Cl)cc2ccn(C(=O)N(C)C)c12)c1ccc(N2CCC(F)C2)cc1 | Score: 0.6837997436523438 | Type: <class 'float'>
20:32:20 <INFO> SMILES: CC(NC(=O)c1cc(Cl)cc2ccn(C(=O)CN(C)C)c12)c1ccc(-c2ccccc2)cc1 | Score: 0.8183128833770752 | Type: <class 'float'>
20:32:20 <INFO> SMILES: CC(NC(=O)c1cc(Cl)cc2ccn(CCN(C)C)c12)c1ccc(C2CCN(C)CC2)cc1 | Score: 0.9012566804885864 | Type: <class 'float'>
20:32:20 <INFO> SMILES: CC(NC(=O)c1cc(Cl)cc2ccn(CCN(C)C)c12)c1ccc(C2CCN(Cc3ccc4ncn(C)c(=O)c4c3)CC2)cc1 | Score: 0.6731143593788147 | Type: <class 'float'>
20:32:20 <INFO> SMILES: CC(NC(=O)c1cc(Cl)cc2ccn(C(=O)N(C)CCN(C)C)c12)c1ccc(C2CCCCNC2=O)cc1 | Score: 0.20493648946285248 | Type: <class 'float'>
20:32:20 <INFO> SMILES: CCN(CC)C(=O)n1ccc2cc(Cl)cc(C(=O)NC(C)c3ccc(C4CCN(C)CC4)cc3)c21 | Score: 0.5189594626426697 | Type: <class 'float'>
20:32:20 <INFO> SMILES: CC(NC(=O)c1cc(Cl)cc2ccn(C(=O)CN3CCOCC3)c12)c1ccc(C2CCOCC2)cc1 | Score: 0.6928974390029907 | Type: <class 'float'>
20:32:20 <INFO> SMILES: CNC(=O)n1ccc2cc(Cl)cc(C(=O)NC(C)c3ccc(C4CCCNC(=O)C4)cc3)c21 | Score: 0.07059753686189651 | Type: <class 'float'>
20:32:20 <INFO> SMILES: CC(NC(=O)c1cc(Cl)cc2ccn(C(=O)C3CCOCC3)c12)c1ccc(NC2CCOCC2)cc1 | Score: 0.864023745059967 | Type: <class 'float'>
20:32:20 <INFO> SMILES: CC(NC(=O)c1cc(Cl)cc2ccn(C(=O)NC3CC3)c12)c1ccc(N2CCCOCC2)cc1 | Score: 0.5298007726669312 | Type: <class 'float'>
20:32:20 <INFO> SMILES: COc1cccc(OCn2nc(-c3ccc(C(C)NC(=O)c4cc(Cl)cc5ccn(C(C)=O)c45)cc3)ccc2=O)c1 | Score: 0.30190223455429077 | Type: <class 'float'>
20:32:20 <INFO> SMILES: CCN(C)C(=O)n1ccc2cc(Cl)cc(C(=O)NC(C)c3ccc(N4CCOCC4)cc3)c21 | Score: 0.2741195857524872 | Type: <class 'float'>
20:32:20 <INFO> SMILES: CCN(C)C(=O)n1ccc2cc(Cl)cc(C(=O)NC(C)c3ccc(-c4ccn[nH]4)cc3)c21 | Score: 0.3495539426803589 | Type: <class 'float'>
20:32:20 <INFO> SMILES: CCN1CCCN(c2ccc(C(C)NC(=O)c3cc(Cl)cc4ccn(C(=O)N(CC)CC)c34)cc2)CC1 | Score: 0.6673004031181335 | Type: <class 'float'>
20:32:20 <INFO> SMILES: CCN(CC)C(=O)n1ccc2cc(Cl)cc(C(=O)NC(C)c3ccc(CC4CCN(C)CC4)cc3)c21 | Score: 0.57503342628479 | Type: <class 'float'>
20:32:20 <INFO> SMILES: CCNC(=O)n1ccc2cc(Cl)cc(C(=O)NC(C)c3ccc(C4CCC4)cc3)c21 | Score: 0.5503025054931641 | Type: <class 'float'>
20:32:20 <INFO> SMILES: CCNC(=O)n1ccc2cc(Cl)cc(C(=O)NC(C)c3ccc(C4CCOCC4)cc3)c21 | Score: 0.5426333546638489 | Type: <class 'float'>
20:32:20 <INFO> SMILES: CCNC(=O)n1ccc2cc(Cl)cc(C(=O)NC(C)c3ccc(CCN4CCOCC4)cc3)c21 | Score: 0.689026951789856 | Type: <class 'float'>
20:32:20 <INFO> SMILES: CC(NC(=O)c1cc(Cl)cc2ccn(C(=O)N(C)C)c12)c1ccc(N2CC[S+]([O-])CC2)cc1 | Score: 0.24622619152069092 | Type: <class 'float'>
20:32:20 <INFO> SMILES: CC(NC(=O)c1cc(Cl)cc2ccn(C(=O)N(C)C)c12)c1ccc(-c2cc[n+]([O-])cc2)cc1 | Score: 0.7621793746948242 | Type: <class 'float'>
20:32:20 <INFO> SMILES: CC(NC(=O)c1cc(Cl)cc2ccn(C(=O)N(C)C)c12)c1ccc(C(C)N2CCOCC2)cc1 | Score: 0.3830755352973938 | Type: <class 'float'>
20:32:20 <INFO> SMILES: CC(NC(=O)c1cc(Cl)cc2ccn(C(=O)N(C)C)c12)c1ccc(C2(C)CCC2)cc1 | Score: 0.5451914072036743 | Type: <class 'float'>
20:32:20 <INFO> SMILES: Cc1ccnn1Cc1ccc(C(C)NC(=O)c2cc(Cl)cc3ccn(C(=O)N(C)C)c23)cc1 | Score: 0.3034347593784332 | Type: <class 'float'>
20:32:20 <INFO> SMILES: CC(NC(=O)c1cc(Cl)cc2ccn(C(=O)N(C)C)c12)c1ccc(-c2ncc[nH]2)cc1 | Score: 0.27069857716560364 | Type: <class 'float'>
20:32:20 <INFO> SMILES: CNC(=O)N1CCC(C)(c2ccc(C(C)NC(=O)c3cc(Cl)cc4ccn(C(=O)N(C)C)c34)cc2)CC1 | Score: 0.28133341670036316 | Type: <class 'float'>
20:32:20 <INFO> SMILES: CC(=O)N1CCCN(c2ccc(C(C)NC(=O)c3cc(Cl)cc4ccn(C(=O)N(C)C)c34)cc2)CC1 | Score: 0.11984533816576004 | Type: <class 'float'>
20:32:20 <INFO> SMILES: CNc1cc(C(=O)N(C)C)c(-c2ccc(C(C)NC(=O)c3cc(Cl)cc4ccn(C(=O)N(C)C)c34)cc2)cn1 | Score: 0.583134651184082 | Type: <class 'float'>
20:32:20 <INFO> SMILES: CC1CN(c2ccc(C(C)NC(=O)c3cc(Cl)cc4ccn(C(=O)NCC(=O)N(C)C)c34)cc2)CCO1 | Score: 0.15733644366264343 | Type: <class 'float'>
20:32:20 <INFO> SMILES: Cc1cc(-c2ccc(C(C)NC(=O)c3cc(Cl)cc4ccn(C(=O)CN(C)C)c34)cc2)n(C2CCCCO2)n1 | Score: 0.6702091097831726 | Type: <class 'float'>
20:32:20 <INFO> SMILES: CC(NC(=O)c1cc(Cl)cc2ccn(C(=O)C(C)(CN(C)C)N(C)C)c12)c1ccc(C2CC2)cc1 | Score: 0.9088665246963501 | Type: <class 'float'>
20:32:20 <INFO> SMILES: CC(NC(=O)c1cc(Cl)cc2ccn(CCN(C)C)c12)c1ccc(C2CCOCC2)cc1 | Score: 0.844865620136261 | Type: <class 'float'>
20:32:20 <INFO> SMILES: CC(NC(=O)c1cc(Cl)cc2ccn(CCN(C)C=O)c12)c1ccc(-c2[nH]c(=O)ccc2C(F)(F)F)cc1 | Score: 0.3048623502254486 | Type: <class 'float'>
20:32:20 <INFO> SMILES: CC(NC(=O)c1cc(Cl)cc2ccn(C(=O)N(C)CCCN(C)C)c12)c1ccc(C2CC2)cc1 | Score: 0.765117347240448 | Type: <class 'float'>
20:32:20 <INFO> SMILES: CC(NC(=O)c1cc(Cl)cc2ccn(C(=O)N(C)CCN(C)C)c12)c1ccc(N2CCN(C3CCOCC3)CC2)cc1 | Score: 0.7831873893737793 | Type: <class 'float'>
20:32:20 <INFO> SMILES: CC(NC(=O)c1cc(Cl)cc2ccn(C(=O)N(C)CCN(C)C)c12)c1ccc(Cn2cccn2)cc1 | Score: 0.5180623531341553 | Type: <class 'float'>
20:32:20 <INFO> SMILES: CC(NC(=O)c1cc(Cl)cc2ccn(CC3CCN(C)CC3)c12)c1ccc(CC2CCOCC(=O)N2)cc1 | Score: 0.6738004684448242 | Type: <class 'float'>
20:32:20 <INFO> SMILES: CC(NC(=O)c1cc(Cl)cc2ccn(C(=O)N3CCCN(C)CC3)c12)c1ccc(N2CCOCC2)cc1 | Score: 0.4013623893260956 | Type: <class 'float'>
20:32:20 <INFO> SMILES: CNC(=O)n1ccc2cc(Cl)cc(C(=O)NC(C)c3ccc(C4(C)CCNC(=O)C4)cc3)c21 | Score: 0.08149824291467667 | Type: <class 'float'>
20:32:20 <INFO> SMILES: CNC(=O)n1ccc2cc(Cl)cc(C(=O)NC(C)c3ccc(C4CCN(C(C)=O)CC4)cc3)c21 | Score: 0.34551772475242615 | Type: <class 'float'>
20:32:20 <INFO> SMILES: CC(NC(=O)c1cc(Cl)cc2ccn(C(=O)N(C)C)c12)c1ccc(C2CCNC2=O)cc1 | Score: 0.04107377678155899 | Type: <class 'float'>
20:32:20 <INFO> SMILES: CNC(=O)n1ccc2cc(Cl)cc(C(=O)NC(C)c3ccc(N4CCC(N(C)C)C4)cc3)c21 | Score: 0.693030595779419 | Type: <class 'float'>
20:32:20 <INFO> SMILES: CNc1ccc(-c2ccc(C(C)NC(=O)c3cc(Cl)cc4ccn(C(=O)N(C)C)c34)cc2)cn1 | Score: 0.7238965630531311 | Type: <class 'float'>
20:32:20 <INFO> SMILES: CC(NC(=O)c1cc(Cl)cc2ccn(C(=O)N(C)c3ccccc3)c12)c1ccc(C2(C)CCC(C3CCOCC3)CC2)cc1 | Score: 0.7746525406837463 | Type: <class 'float'>
20:32:20 <INFO> SMILES: CC(NC(=O)c1cc(Cl)cc2ccn(C(=O)N(C)C)c12)c1ccc(C2(F)CC2)cc1 | Score: 0.4642002284526825 | Type: <class 'float'>
20:32:20 <INFO> SMILES: CNC(=O)n1ccc2cc(Cl)cc(C(=O)NC(C)c3ccc(C4CCN(C)CC4)cc3)c21 | Score: 0.583594560623169 | Type: <class 'float'>
20:32:20 <INFO> SMILES: CNC(=O)n1ccc2cc(Cl)cc(C(=O)NC(C)c3ccc(N4CCOC(C)C4)cc3)c21 | Score: 0.1417156606912613 | Type: <class 'float'>
20:32:20 <INFO> SMILES: CCN(C(=O)NC)C(=O)n1ccc2cc(Cl)cc(C(=O)NC(C)c3ccc(C4CCN(C)CC4)cc3)c21 | Score: 0.34772542119026184 | Type: <class 'float'>
20:32:20 <INFO> SMILES: CC(NC(=O)c1cc(Cl)cc2ccn(C(=O)N3CCCN(C)CC3)c12)c1ccc(N2CCNCC2)cc1 | Score: 0.62796550989151 | Type: <class 'float'>
20:32:20 <INFO> SMILES: CC(NC(=O)c1cc(Cl)cc2ccn(C(=O)N3CCN(C)CC3)c12)c1ccc(C2CCNC2)cc1 | Score: 0.5122159123420715 | Type: <class 'float'>
20:32:20 <INFO> SMILES: CCON(C)C(=O)n1ccc2cc(Cl)cc(C(=O)NC(C)c3ccc(N4CCCN(C)CC4)cc3)c21 | Score: 0.8040217161178589 | Type: <class 'float'>
20:32:20 <INFO> SMILES: CC(NC(=O)c1cc(Cl)cc2ccn(C(=O)N(C)C)c12)c1ccc(C2CCN(CCc3cc(C4CC4)cc(=O)[nH]3)CC2)cc1 | Score: 0.44585341215133667 | Type: <class 'float'>
20:32:20 <INFO> SMILES: CCn1nccc1-c1ccc(C(C)NC(=O)c2cc(Cl)cc3ccn(C(=O)N(C)C)c23)cc1 | Score: 0.23391903936862946 | Type: <class 'float'>
20:32:20 <INFO> SMILES: CC(NC(=O)c1cc(Cl)cc2ccn(C(=O)N(C)C)c12)c1ccc(CC2=NC(c3ccc(OC(F)(F)F)nc3)CCN2)cc1 | Score: 0.3221217095851898 | Type: <class 'float'>
20:32:20 <INFO> SMILES: CC(=O)n1ccc2cc(Cl)cc(C(=O)NC(C)c3ccc(CCCN4CCCCO4)cc3)c21 | Score: 0.6384307146072388 | Type: <class 'float'>
20:32:20 <INFO> SMILES: CC(NC(=O)c1cc(Cl)cc2ccn(C(=O)N(C)C)c12)c1ccc(CC(C)(C)C)cc1 | Score: 0.6673130393028259 | Type: <class 'float'>
20:32:20 <INFO> SMILES: CC(NC(=O)c1cc(Cl)cc2ccn(C(=O)N(C)C)c12)c1ccc(C2CCN(C)CC2)cc1 | Score: 0.6209537982940674 | Type: <class 'float'>
20:32:20 <INFO> SMILES: CC(NC(=O)c1cc(Cl)cc2ccn(C(=O)N(C)C)c12)c1ccc(C2CCCNC2)cc1 | Score: 0.4885810315608978 | Type: <class 'float'>
20:32:20 <INFO> SMILES: CCOc1ccc(-c2ccc(C(C)NC(=O)c3cc(Cl)cc4ccn(C(=O)N(C)C)c34)cc2)cn1 | Score: 0.655292809009552 | Type: <class 'float'>
20:32:20 <INFO> SMILES: CC(NC(=O)c1cc(Cl)cc2ccn(C(=O)N(C)C)c12)c1ccc(Cn2ccccc2=O)cc1 | Score: 0.2700579762458801 | Type: <class 'float'>
20:32:20 <INFO> SMILES: CC(NC(=O)c1cc(Cl)cc2ccn(C(=O)N(C)C)c12)c1ccc(-c2cnn(C)c2)cc1 | Score: 0.2146279513835907 | Type: <class 'float'>
20:32:20 <INFO> SMILES: Cc1ccc(-c2ccc(C(C)NC(=O)c3cc(Cl)cc4ccn(C(=O)N(C)C)c34)cc2)nn1 | Score: 0.5016517043113708 | Type: <class 'float'>
20:32:20 <INFO> SMILES: CNC(=O)n1ccc2cc(Cl)cc(C(=O)NC(C)c3ccc(C4CCNCC4)cc3)c21 | Score: 0.45343121886253357 | Type: <class 'float'>
20:32:20 <INFO> SMILES: CC(NC(=O)c1cc(Cl)cc2ccn(C(=O)c3ccccc3CN(C)C(=O)N(C)C)c12)c1ccc(-c2ncco2)cc1 | Score: 0.46504876017570496 | Type: <class 'float'>
20:32:20 <INFO> SMILES: CCN(C)Cc1ccccc1NC(=O)n1ccc2cc(Cl)cc(C(=O)NC(C)c3ccc(-c4cc[nH]n4)cc3)c21 | Score: 0.7292405366897583 | Type: <class 'float'>
20:32:20 <INFO> SMILES: CC(NC(=O)c1cc(Cl)cc2ccn(C(=O)N(C)C)c12)c1ccc(C2CCNCC2)cc1 | LogD Prediction: 2.063770055770874
20:32:20 <INFO> SMILES: CC(NC(=O)c1cc(Cl)cc2ccn(C(=O)N(C)C)c12)c1ccc(-c2nnnn2C)cc1 | LogD Prediction: 2.8135929107666016
20:32:20 <INFO> SMILES: COc1ccc(C2(c3ccc(C(C)NC(=O)c4cc(Cl)cc5ccn(C(=O)N(C)C)c45)cc3)CCC2)cc1 | LogD Prediction: 4.277224540710449
20:32:20 <INFO> SMILES: COc1ccc(-c2ccc(C(C)NC(=O)c3cc(Cl)cc4ccn(C(=O)N(C)C)c34)cc2)nc1 | LogD Prediction: 3.7352066040039062
20:32:20 <INFO> SMILES: CC(NC(=O)c1cc(Cl)cc2ccn(C(=O)N(C)C)c12)c1ccc(-c2ccn(C3CCN(C)CC3)n2)cc1 | LogD Prediction: 2.657841682434082
20:32:20 <INFO> SMILES: CCNC(=O)n1ccc2cc(Cl)cc(C(=O)NC(C)c3ccc(-c4cnn(C)c4)cc3)c21 | LogD Prediction: 3.3762779235839844
20:32:20 <INFO> SMILES: CC(NC(=O)c1cc(Cl)cc2ccn(C(=O)N(C)C)c12)c1ccc(N2CCN(C3COC3)CC2)cc1 | LogD Prediction: 2.966158151626587
20:32:20 <INFO> SMILES: CC(=O)N1CCC(c2ccc(C(C)NC(=O)c3cc(Cl)cc4ccn(C(=O)N(C)C)c34)cc2)CC1 | LogD Prediction: 3.2374048233032227
20:32:20 <INFO> SMILES: CC(NC(=O)c1cc(Cl)cc2ccn(C(=O)N(C)C)c12)c1ccc(-c2ccc(OCCN(C)C)cc2)cc1 | LogD Prediction: 3.275543212890625
20:32:20 <INFO> SMILES: Cc1nc(Nc2ccc(C(C)NC(=O)c3cc(Cl)cc4ccn(C(=O)N(C)C)c34)cc2)n(C2CCC(=O)N(C)C2)c1C | LogD Prediction: 3.520530939102173
20:32:20 <INFO> SMILES: CNC(=O)n1ccc2cc(Cl)cc(C(=O)NC(C)c3ccc(-c4cccnc4)cc3)c21 | LogD Prediction: 3.305673837661743
20:32:20 <INFO> SMILES: CNC(=O)n1ccc2cc(Cl)cc(C(=O)NC(C)c3ccc(CCCN4CCN(C)CC4)cc3)c21 | LogD Prediction: 2.1778335571289062
20:32:20 <INFO> SMILES: CC(NC(=O)c1cc(Cl)cc2ccn(C(=O)NC3CC3)c12)c1ccc(N2CCOCC2)cc1 | LogD Prediction: 3.431396484375
20:32:20 <INFO> SMILES: CCNC(=O)c1cn(C)n(-c2ccc(=O)n(Cc3ccc(C(C)NC(=O)c4cc(Cl)cc5ccn(C=O)c45)cc3)c2)c1=O | LogD Prediction: 2.399085521697998
20:32:20 <INFO> SMILES: CC(NC(=O)c1cc(Cl)cc2ccn(C(=O)CN3CCCC3)c12)c1ccc(N2CCOCC2)cc1 | LogD Prediction: 2.313671827316284
20:32:20 <INFO> SMILES: CC(NC(=O)c1cc(Cl)cc2ccn(C(=O)N(C)C)c12)c1ccc(N2CCC(F)C2)cc1 | LogD Prediction: 3.5651814937591553
20:32:20 <INFO> SMILES: CC(NC(=O)c1cc(Cl)cc2ccn(C(=O)CN(C)C)c12)c1ccc(-c2ccccc2)cc1 | LogD Prediction: 3.2703397274017334
20:32:20 <INFO> SMILES: CC(NC(=O)c1cc(Cl)cc2ccn(CCN(C)C)c12)c1ccc(C2CCN(C)CC2)cc1 | LogD Prediction: 1.7637653350830078
20:32:20 <INFO> SMILES: CC(NC(=O)c1cc(Cl)cc2ccn(CCN(C)C)c12)c1ccc(C2CCN(Cc3ccc4ncn(C)c(=O)c4c3)CC2)cc1 | LogD Prediction: 2.368533134460449
20:32:20 <INFO> SMILES: CC(NC(=O)c1cc(Cl)cc2ccn(C(=O)N(C)CCN(C)C)c12)c1ccc(C2CCCCNC2=O)cc1 | LogD Prediction: 2.7694528102874756
20:32:20 <INFO> SMILES: CCN(CC)C(=O)n1ccc2cc(Cl)cc(C(=O)NC(C)c3ccc(C4CCN(C)CC4)cc3)c21 | LogD Prediction: 2.984952211380005
20:32:20 <INFO> SMILES: CC(NC(=O)c1cc(Cl)cc2ccn(C(=O)CN3CCOCC3)c12)c1ccc(C2CCOCC2)cc1 | LogD Prediction: 2.983814239501953
20:32:20 <INFO> SMILES: CNC(=O)n1ccc2cc(Cl)cc(C(=O)NC(C)c3ccc(C4CCCNC(=O)C4)cc3)c21 | LogD Prediction: 3.106370210647583
20:32:20 <INFO> SMILES: CC(NC(=O)c1cc(Cl)cc2ccn(C(=O)C3CCOCC3)c12)c1ccc(NC2CCOCC2)cc1 | LogD Prediction: 3.6123807430267334
20:32:20 <INFO> SMILES: CC(NC(=O)c1cc(Cl)cc2ccn(C(=O)NC3CC3)c12)c1ccc(N2CCCOCC2)cc1 | LogD Prediction: 3.486217975616455
20:32:20 <INFO> SMILES: COc1cccc(OCn2nc(-c3ccc(C(C)NC(=O)c4cc(Cl)cc5ccn(C(C)=O)c45)cc3)ccc2=O)c1 | LogD Prediction: 3.793318271636963
20:32:20 <INFO> SMILES: CCN(C)C(=O)n1ccc2cc(Cl)cc(C(=O)NC(C)c3ccc(N4CCOCC4)cc3)c21 | LogD Prediction: 3.425752878189087
20:32:20 <INFO> SMILES: CCN(C)C(=O)n1ccc2cc(Cl)cc(C(=O)NC(C)c3ccc(-c4ccn[nH]4)cc3)c21 | LogD Prediction: 3.3624837398529053
20:32:20 <INFO> SMILES: CCN1CCCN(c2ccc(C(C)NC(=O)c3cc(Cl)cc4ccn(C(=O)N(CC)CC)c34)cc2)CC1 | LogD Prediction: 2.9699113368988037
20:32:20 <INFO> SMILES: CCN(CC)C(=O)n1ccc2cc(Cl)cc(C(=O)NC(C)c3ccc(CC4CCN(C)CC4)cc3)c21 | LogD Prediction: 3.0910112857818604
20:32:20 <INFO> SMILES: CCNC(=O)n1ccc2cc(Cl)cc(C(=O)NC(C)c3ccc(C4CCC4)cc3)c21 | LogD Prediction: 3.976593017578125
20:32:20 <INFO> SMILES: CCNC(=O)n1ccc2cc(Cl)cc(C(=O)NC(C)c3ccc(C4CCOCC4)cc3)c21 | LogD Prediction: 3.5743613243103027
20:32:20 <INFO> SMILES: CCNC(=O)n1ccc2cc(Cl)cc(C(=O)NC(C)c3ccc(CCN4CCOCC4)cc3)c21 | LogD Prediction: 3.083714723587036
20:32:20 <INFO> SMILES: CC(NC(=O)c1cc(Cl)cc2ccn(C(=O)N(C)C)c12)c1ccc(N2CC[S+]([O-])CC2)cc1 | LogD Prediction: 2.8882386684417725
20:32:20 <INFO> SMILES: CC(NC(=O)c1cc(Cl)cc2ccn(C(=O)N(C)C)c12)c1ccc(-c2cc[n+]([O-])cc2)cc1 | LogD Prediction: 2.2168467044830322
20:32:20 <INFO> SMILES: CC(NC(=O)c1cc(Cl)cc2ccn(C(=O)N(C)C)c12)c1ccc(C(C)N2CCOCC2)cc1 | LogD Prediction: 3.197044610977173
20:32:20 <INFO> SMILES: CC(NC(=O)c1cc(Cl)cc2ccn(C(=O)N(C)C)c12)c1ccc(C2(C)CCC2)cc1 | LogD Prediction: 3.931143283843994
20:32:20 <INFO> SMILES: Cc1ccnn1Cc1ccc(C(C)NC(=O)c2cc(Cl)cc3ccn(C(=O)N(C)C)c23)cc1 | LogD Prediction: 3.166311264038086
20:32:20 <INFO> SMILES: CC(NC(=O)c1cc(Cl)cc2ccn(C(=O)N(C)C)c12)c1ccc(-c2ncc[nH]2)cc1 | LogD Prediction: 3.2331230640411377
20:32:20 <INFO> SMILES: CNC(=O)N1CCC(C)(c2ccc(C(C)NC(=O)c3cc(Cl)cc4ccn(C(=O)N(C)C)c34)cc2)CC1 | LogD Prediction: 3.5579986572265625
20:32:20 <INFO> SMILES: CC(=O)N1CCCN(c2ccc(C(C)NC(=O)c3cc(Cl)cc4ccn(C(=O)N(C)C)c34)cc2)CC1 | LogD Prediction: 2.9963433742523193
20:32:20 <INFO> SMILES: CNc1cc(C(=O)N(C)C)c(-c2ccc(C(C)NC(=O)c3cc(Cl)cc4ccn(C(=O)N(C)C)c34)cc2)cn1 | LogD Prediction: 3.3203439712524414
20:32:20 <INFO> SMILES: CC1CN(c2ccc(C(C)NC(=O)c3cc(Cl)cc4ccn(C(=O)NCC(=O)N(C)C)c34)cc2)CCO1 | LogD Prediction: 3.2961666584014893
20:32:20 <INFO> SMILES: Cc1cc(-c2ccc(C(C)NC(=O)c3cc(Cl)cc4ccn(C(=O)CN(C)C)c34)cc2)n(C2CCCCO2)n1 | LogD Prediction: 3.309426784515381
20:32:20 <INFO> SMILES: CC(NC(=O)c1cc(Cl)cc2ccn(C(=O)C(C)(CN(C)C)N(C)C)c12)c1ccc(C2CC2)cc1 | LogD Prediction: 2.5923707485198975
20:32:20 <INFO> SMILES: CC(NC(=O)c1cc(Cl)cc2ccn(CCN(C)C)c12)c1ccc(C2CCOCC2)cc1 | LogD Prediction: 2.752027750015259
20:32:20 <INFO> SMILES: CC(NC(=O)c1cc(Cl)cc2ccn(CCN(C)C=O)c12)c1ccc(-c2[nH]c(=O)ccc2C(F)(F)F)cc1 | LogD Prediction: 3.778048276901245
20:32:20 <INFO> SMILES: CC(NC(=O)c1cc(Cl)cc2ccn(C(=O)N(C)CCCN(C)C)c12)c1ccc(C2CC2)cc1 | LogD Prediction: 3.0064809322357178
20:32:20 <INFO> SMILES: CC(NC(=O)c1cc(Cl)cc2ccn(C(=O)N(C)CCN(C)C)c12)c1ccc(N2CCN(C3CCOCC3)CC2)cc1 | LogD Prediction: 2.6241064071655273
20:32:20 <INFO> SMILES: CC(NC(=O)c1cc(Cl)cc2ccn(C(=O)N(C)CCN(C)C)c12)c1ccc(Cn2cccn2)cc1 | LogD Prediction: 2.5518405437469482
20:32:20 <INFO> SMILES: CC(NC(=O)c1cc(Cl)cc2ccn(CC3CCN(C)CC3)c12)c1ccc(CC2CCOCC(=O)N2)cc1 | LogD Prediction: 2.3253233432769775
20:32:20 <INFO> SMILES: CC(NC(=O)c1cc(Cl)cc2ccn(C(=O)N3CCCN(C)CC3)c12)c1ccc(N2CCOCC2)cc1 | LogD Prediction: 2.377455949783325
20:32:20 <INFO> SMILES: CNC(=O)n1ccc2cc(Cl)cc(C(=O)NC(C)c3ccc(C4(C)CCNC(=O)C4)cc3)c21 | LogD Prediction: 3.1511425971984863
20:32:20 <INFO> SMILES: CNC(=O)n1ccc2cc(Cl)cc(C(=O)NC(C)c3ccc(C4CCN(C(C)=O)CC4)cc3)c21 | LogD Prediction: 3.273979425430298
20:32:20 <INFO> SMILES: CC(NC(=O)c1cc(Cl)cc2ccn(C(=O)N(C)C)c12)c1ccc(C2CCNC2=O)cc1 | LogD Prediction: 2.7276878356933594
20:32:20 <INFO> SMILES: CNC(=O)n1ccc2cc(Cl)cc(C(=O)NC(C)c3ccc(N4CCC(N(C)C)C4)cc3)c21 | LogD Prediction: 2.790377378463745
20:32:20 <INFO> SMILES: CNc1ccc(-c2ccc(C(C)NC(=O)c3cc(Cl)cc4ccn(C(=O)N(C)C)c34)cc2)cn1 | LogD Prediction: 3.5406453609466553
20:32:20 <INFO> SMILES: CC(NC(=O)c1cc(Cl)cc2ccn(C(=O)N(C)c3ccccc3)c12)c1ccc(C2(C)CCC(C3CCOCC3)CC2)cc1 | LogD Prediction: 4.731282711029053
20:32:20 <INFO> SMILES: CC(NC(=O)c1cc(Cl)cc2ccn(C(=O)N(C)C)c12)c1ccc(C2(F)CC2)cc1 | LogD Prediction: 3.8471853733062744
20:32:20 <INFO> SMILES: CNC(=O)n1ccc2cc(Cl)cc(C(=O)NC(C)c3ccc(C4CCN(C)CC4)cc3)c21 | LogD Prediction: 2.6884586811065674
20:32:20 <INFO> SMILES: CNC(=O)n1ccc2cc(Cl)cc(C(=O)NC(C)c3ccc(N4CCOC(C)C4)cc3)c21 | LogD Prediction: 3.5805113315582275
20:32:20 <INFO> SMILES: CCN(C(=O)NC)C(=O)n1ccc2cc(Cl)cc(C(=O)NC(C)c3ccc(C4CCN(C)CC4)cc3)c21 | LogD Prediction: 3.065018892288208
20:32:20 <INFO> SMILES: CC(NC(=O)c1cc(Cl)cc2ccn(C(=O)N3CCCN(C)CC3)c12)c1ccc(N2CCNCC2)cc1 | LogD Prediction: 1.591478705406189
20:32:20 <INFO> SMILES: CC(NC(=O)c1cc(Cl)cc2ccn(C(=O)N3CCN(C)CC3)c12)c1ccc(C2CCNC2)cc1 | LogD Prediction: 1.354348063468933
20:32:20 <INFO> SMILES: CCON(C)C(=O)n1ccc2cc(Cl)cc(C(=O)NC(C)c3ccc(N4CCCN(C)CC4)cc3)c21 | LogD Prediction: 2.8033554553985596
20:32:20 <INFO> SMILES: CC(NC(=O)c1cc(Cl)cc2ccn(C(=O)N(C)C)c12)c1ccc(C2CCN(CCc3cc(C4CC4)cc(=O)[nH]3)CC2)cc1 | LogD Prediction: 3.466803789138794
20:32:20 <INFO> SMILES: CCn1nccc1-c1ccc(C(C)NC(=O)c2cc(Cl)cc3ccn(C(=O)N(C)C)c23)cc1 | LogD Prediction: 3.3656294345855713
20:32:20 <INFO> SMILES: CC(NC(=O)c1cc(Cl)cc2ccn(C(=O)N(C)C)c12)c1ccc(CC2=NC(c3ccc(OC(F)(F)F)nc3)CCN2)cc1 | LogD Prediction: 3.9876835346221924
20:32:20 <INFO> SMILES: CC(=O)n1ccc2cc(Cl)cc(C(=O)NC(C)c3ccc(CCCN4CCCCO4)cc3)c21 | LogD Prediction: 3.154618740081787
20:32:20 <INFO> SMILES: CC(NC(=O)c1cc(Cl)cc2ccn(C(=O)N(C)C)c12)c1ccc(CC(C)(C)C)cc1 | LogD Prediction: 4.145454406738281
20:32:20 <INFO> SMILES: CC(NC(=O)c1cc(Cl)cc2ccn(C(=O)N(C)C)c12)c1ccc(C2CCN(C)CC2)cc1 | LogD Prediction: 2.568002939224243
20:32:20 <INFO> SMILES: CC(NC(=O)c1cc(Cl)cc2ccn(C(=O)N(C)C)c12)c1ccc(C2CCCNC2)cc1 | LogD Prediction: 2.1466424465179443
20:32:20 <INFO> SMILES: CCOc1ccc(-c2ccc(C(C)NC(=O)c3cc(Cl)cc4ccn(C(=O)N(C)C)c34)cc2)cn1 | LogD Prediction: 4.047453880310059
20:32:20 <INFO> SMILES: CC(NC(=O)c1cc(Cl)cc2ccn(C(=O)N(C)C)c12)c1ccc(Cn2ccccc2=O)cc1 | LogD Prediction: 3.1042840480804443
20:32:20 <INFO> SMILES: CC(NC(=O)c1cc(Cl)cc2ccn(C(=O)N(C)C)c12)c1ccc(-c2cnn(C)c2)cc1 | LogD Prediction: 3.2509684562683105
20:32:20 <INFO> SMILES: Cc1ccc(-c2ccc(C(C)NC(=O)c3cc(Cl)cc4ccn(C(=O)N(C)C)c34)cc2)nn1 | LogD Prediction: 3.623185157775879
20:32:20 <INFO> SMILES: CNC(=O)n1ccc2cc(Cl)cc(C(=O)NC(C)c3ccc(C4CCNCC4)cc3)c21 | LogD Prediction: 2.0879905223846436
20:32:20 <INFO> SMILES: CC(NC(=O)c1cc(Cl)cc2ccn(C(=O)c3ccccc3CN(C)C(=O)N(C)C)c12)c1ccc(-c2ncco2)cc1 | LogD Prediction: 3.991779088973999
20:32:20 <INFO> SMILES: CCN(C)Cc1ccccc1NC(=O)n1ccc2cc(Cl)cc(C(=O)NC(C)c3ccc(-c4cc[nH]n4)cc3)c21 | LogD Prediction: 3.298891305923462
20:32:21 <WARN> [csv_summmary] Missing SMILES in component results: CCN(C)Cc1ccccc1NC(=O)n1ccc2cc(Cl)cc(C(=O)NC(C)c3ccc(-c4cc[nH]n4)cc3)c21. Filling zero scores.
20:32:21 <INFO> Score: 0.01 Agent NLL: 15.40 Valid: 100% Step: 8
 | Agent Prior Target Score SMILES SMILES_state Input_Scaffold R-groups Scaffold QED QED (raw) gnina score gnina score (raw) MW MW (raw) SlogP (RDKit) SlogP (RDKit) (raw) TPSA TPSA (raw) Number of stereo centers Number of stereo centers (raw) Number of HB acceptors (Lipinski) Number of HB acceptors (Lipinski) (raw) Number of HB donors (Lipinski) Number of HB donors (Lipinski) (raw) Number of rotatable bonds Number of rotatable bonds (raw) Number of Heavy atoms Number of Heavy atoms (raw) Molecular Volume (RDKit) Molecular Volume (RDKit) (raw) SA score SA score (raw) herg inactive herg inactive (raw) LogD LogD (raw) Alerts Alerts (raw) matching_patterns (Alerts)
 | 19.0174 18.9976 -18.9976 0.0000000 CC(=O)n1ccc2cc(Cl)cc(C(=O)NC(C)c3ccc(N4CCC(C(C)(C)O)CC4)cc3)c21 1 c1cn([*])c2c(C(NC(C)c3ccc([*])cc3)=O)cc(Cl)cc12 *C(=O)C|C1N(*)CCC(C(C)(O)C)C1 O=C(NCc1ccc(N2CCCCC2)cc1)c1cccc2cc[nH]c12 0.0000000 0.0000 0.0000000 0.0000 0.0000000 0.0000 0.0000000 0.0000 0.0000000 0.0000 0.0000000 0.0000 0.0000000 0.0000 0.0000000 0.0000 0.0000000 0.0000 0.0000000 0.0000 0.0000000 0.0000 0.0000000 0.0000 0.0000000 0.0000 0.0000000 0.0000 0.0000000 0.0000 ['[OH]']
 | 9.1606 16.7832 -1.0750 0.0314165 CC(NC(=O)c1cc(Cl)cc2ccn(C(=O)N(C)C)c12)c1ccc(C2CCNCC2)cc1 1 c1cn([*])c2c(C(NC(C)c3ccc([*])cc3)=O)cc(Cl)cc12 *C(=O)N(C)C|*C1CCNCC1 O=C(NCc1ccc(C2CCNCC2)cc1)c1cccc2cc[nH]c12 0.5981101 0.5981 0.0000000 0.0000 0.9870055 452.9860 0.0000001 4.7824 1.0000000 66.3700 1.0000000 1.0000 1.0000000 4.0000 0.5000000 2.0000 0.9693466 4.0000 0.9693466 32.0000 0.8182233 410.8000 0.8905542 3.1791 0.6334351 0.4976 0.9999982 2.0638 1.0000000 1.0000 []
 | 10.5844 16.1198 -0.1000 0.0320396 CC(NC(=O)c1cc(Cl)cc2ccn(C(=O)N(C)C)c12)c1ccc(-c2cn[nH]c2)cc1 1 c1cn([*])c2c(C(NC(C)c3ccc([*])cc3)=O)cc(Cl)cc12 *C(=O)N(C)C|*c1cn[nH]c1 O=C(NCc1ccc(-c2cn[nH]c2)cc1)c1cccc2cc[nH]c12 0.4867828 0.4868 0.0000000 0.0000 0.9972747 435.9150 0.0000001 4.7055 1.0000000 83.0200 1.0000000 1.0000 1.0000000 4.0000 0.5000000 2.0000 0.9693466 4.0000 0.9745624 31.0000 0.9375057 379.4320 0.8872571 3.2081 1.0000000 0.4247 0.9822734 3.0641 1.0000000 1.0000 []
 | 11.5506 17.2221 -1.0294 0.0323855 CC(NC(=O)c1cc(Cl)cc2ccn(C(=O)N(C)C)c12)c1ccc(-c2nnnn2C)cc1 1 c1cn([*])c2c(C(NC(C)c3ccc([*])cc3)=O)cc(Cl)cc12 *C(=O)N(C)C|*c1n(C)nnn1 O=C(NCc1ccc(-c2nnn[nH]2)cc1)c1cccc2cc[nH]c12 0.5116805 0.5117 0.0000000 0.0000 0.9882085 451.9180 0.0001719 3.5059 0.9999990 97.9400 1.0000000 1.0000 0.9999900 7.0000 0.9467598 1.0000 0.9693466 4.0000 0.9693466 32.0000 0.9099248 389.7360 0.8873827 3.2070 1.0000000 0.3093 0.9982070 2.8136 1.0000000 1.0000 []
 | 7.6990 12.8335 3.6798 0.0330265 CC(NC(=O)c1cc(Cl)cc2ccn(C(=O)N(C)C)c12)c1ccc(N2CCOCC2)cc1 1 c1cn([*])c2c(C(NC(C)c3ccc([*])cc3)=O)cc(Cl)cc12 *C(=O)N(C)C|C1CN(*)CCO1 O=C(NCc1ccc(N2CCOCC2)cc1)c1cccc2cc[nH]c12 0.6426546 0.6427 0.0000000 0.0000 0.9844576 454.9580 0.0000042 4.1520 1.0000000 66.8100 1.0000000 1.0000 1.0000000 5.0000 0.9467598 1.0000 0.9693466 4.0000 0.9693466 32.0000 0.8553237 403.6960 0.9037104 3.0551 1.0000000 0.2836 0.9221102 3.2317 1.0000000 1.0000 []
 | 8.3190 12.2333 -10.6660 0.0031346 CC(NC(=O)c1cc(Cl)cc2ccn(C(=O)N(C)C)c12)c1ccc(N2CCN(C)CC2)cc1 1 c1cn([*])c2c(C(NC(C)c3ccc([*])cc3)=O)cc(Cl)cc12 *C(=O)N(C)C|N1(*)CCN(C)CC1 O=C(NCc1ccc(N2CCNCC2)cc1)c1cccc2cc[nH]c12 0.6280375 0.6280 0.0000000 0.0000 0.9501317 468.0010 0.0000068 4.0672 1.0000000 60.8200 1.0000000 1.0000 1.0000000 5.0000 0.9467598 1.0000 0.9693466 4.0000 0.9631018 33.0000 0.7394716 422.8160 0.9032116 3.0601 0.0000000 0.6336 0.9971164 2.8653 1.0000000 1.0000 []
 | 18.9805 26.1746 -26.0673 0.0002147 COc1ccc(C2(c3ccc(C(C)NC(=O)c4cc(Cl)cc5ccn(C(=O)N(C)C)c45)cc3)CCC2)cc1 1 c1cn([*])c2c(C(NC(C)c3ccc([*])cc3)=O)cc(Cl)cc12 *C(=O)N(C)C|c1(C2(*)CCC2)ccc(OC)cc1 O=C(NCc1ccc(C2(c3ccccc3)CCC2)cc1)c1cccc2cc[nH]c12 0.2987627 0.2988 0.0000000 0.0000 0.0590023 530.0680 0.0000000 6.7940 1.0000000 63.5700 1.0000000 1.0000 1.0000000 4.0000 0.9467598 1.0000 0.9090909 6.0000 0.9090909 38.0000 0.2366850 480.5120 0.8828917 3.2454 0.0000000 0.5943 0.0007776 4.2772 1.0000000 1.0000 []
 | 15.0294 20.4481 -11.9499 0.0169964 COc1ccc(-c2ccc(C(C)NC(=O)c3cc(Cl)cc4ccn(C(=O)N(C)C)c34)cc2)nc1 1 c1cn([*])c2c(C(NC(C)c3ccc([*])cc3)=O)cc(Cl)cc12 *C(=O)N(C)C|c1(OC)ccc(*)nc1 O=C(NCc1ccc(-c2ccccn2)cc1)c1cccc2cc[nH]c12 0.4189107 0.4189 0.0000000 0.0000 0.8929940 476.9640 0.0000000 5.3860 1.0000000 76.4600 1.0000000 1.0000 1.0000000 5.0000 0.9467598 1.0000 0.9467598 5.0000 0.9556430 34.0000 0.7606423 419.8720 0.9000118 3.0914 1.0000000 0.3518 0.1028148 3.7352 1.0000000 1.0000 []
 | 18.8197 26.6236 -25.9695 0.0013082 CC(NC(=O)c1cc(Cl)cc2ccn(C(=O)N(C)C)c12)c1ccc(-c2ccn(C3CCN(C)CC3)n2)cc1 1 c1cn([*])c2c(C(NC(C)c3ccc([*])cc3)=O)cc(Cl)cc12 *C(=O)N(C)C|n1(C2CCN(C)CC2)ccc(*)n1 O=C(NCc1ccc(-c2ccn(C3CCNCC3)n2)cc1)c1cccc2cc[nH]c12 0.3708969 0.3709 0.0000000 0.0000 0.0453727 533.0760 0.0000000 5.4456 1.0000000 75.4000 1.0000000 1.0000 0.9999999 6.0000 0.9467598 1.0000 0.9467598 5.0000 0.9090909 38.0000 0.2320575 481.1840 0.8647384 3.3886 0.0000000 0.5927 0.9995723 2.6578 1.0000000 1.0000 []
 | 19.4422 25.9540 -25.9540 0.0000000 CC(NC(=O)c1cc(Cl)cc2ccn(C(=O)N(C)C)c12)c1ccc(-c2nnnn2CCO)cc1 1 c1cn([*])c2c(C(NC(C)c3ccc([*])cc3)=O)cc(Cl)cc12 *C(=O)N(C)C|n1nnc(*)n1CCO O=C(NCc1ccc(-c2nnn[nH]2)cc1)c1cccc2cc[nH]c12 0.0000000 0.0000 0.0000000 0.0000 0.0000000 0.0000 0.0000000 0.0000 0.0000000 0.0000 0.0000000 0.0000 0.0000000 0.0000 0.0000000 0.0000 0.0000000 0.0000 0.0000000 0.0000 0.0000000 0.0000 0.0000000 0.0000 0.0000000 0.0000 0.0000000 0.0000 0.0000000 0.0000 ['[OH]']
20:32:21 <WARN> [tensorboard] Missing SMILES in component results: CCN(C)Cc1ccccc1NC(=O)n1ccc2cc(Cl)cc(C(=O)NC(C)c3ccc(-c4cc[nH]n4)cc3)c21. Filling zeros.
20:32:21 <WARN> reinvent_plugins.normalizers.rdkit_smiles: C(=O)(NC(c1ccc([*])cc1)C)c1c2c(ccn2[*])cc(Cl)c1*C1C(N)(=O)C1|O=C(*)N(CC)CC could not be converted
20:32:21 <WARN> reinvent_plugins.normalizers.rdkit_smiles: C(=O)(NC(c1ccc([*])cc1)C)c1c2c(ccn2[*])cc(Cl)c1*c1cn[nH]1|CN(C)C(*)=O could not be converted
20:32:21 <WARN> reinvent_plugins.normalizers.rdkit_smiles: C(=O)(NC(c1ccc([*])cc1)C)c1c2c(ccn2[*])cc(Cl)c1C1(=O)NC2CN(*)C(CCCC(=O)OCC)S22|C(*)(OC(C)(C)C)=O could not be converted
20:32:21 <WARN> reinvent_plugins.normalizers.rdkit_smiles: C(=O)(NC(c1ccc([*])cc1)C)c1c2c(ccn2[*])cc(Cl)c1c1ccc(*)n(C)n1|CC(=O)* could not be converted
20:38:12 <INFO> SMILES: CC(NC(=O)c1cc(Cl)cc2ccn(C(=O)N(C)C)c12)c1ccc(C2(C)COC2)cc1 | Score: 0.3278323709964752 | Type: <class 'float'>
20:38:12 <INFO> SMILES: CNCC1CCN(C(=O)n2ccc3cc(Cl)cc(C(=O)NC(C)c4ccc(C5CC5)cc4)c32)CC1 | Score: 0.6069621443748474 | Type: <class 'float'>
20:38:12 <INFO> SMILES: CC(NC(=O)c1cc(Cl)cc2ccn(C(=O)c3ccccc3)c12)c1ccc(C2CC2)cc1 | Score: 0.7341240048408508 | Type: <class 'float'>
20:38:12 <INFO> SMILES: CC(NC(=O)c1cc(Cl)cc2ccn(C(=O)c3ccccc3)c12)c1ccc(C2CCC2)cc1 | Score: 0.7469003796577454 | Type: <class 'float'>
20:38:12 <INFO> SMILES: CCN(C)C(=O)n1ccc2cc(Cl)cc(C(=O)NC(C)c3ccc(C)cc3)c21 | Score: 0.5023382306098938 | Type: <class 'float'>
20:38:12 <INFO> SMILES: CC(NC(=O)c1cc(Cl)cc2ccn(C(=O)N(C)C)c12)c1ccc(-c2n[nH]c(=O)[nH]2)cc1 | Score: 0.22413232922554016 | Type: <class 'float'>
20:38:12 <INFO> SMILES: CNC(=O)n1ccc2cc(Cl)cc(C(=O)NC(C)c3ccc(-c4ccc(C)nn4)cc3)c21 | Score: 0.4589269459247589 | Type: <class 'float'>
20:38:12 <INFO> SMILES: CC(NC(=O)c1cc(Cl)cc2ccn(Cc3ccccc3)c12)c1ccc(C(C)(C)C#N)cc1 | Score: 0.9822026491165161 | Type: <class 'float'>
20:38:12 <INFO> SMILES: CC(NC(=O)c1cc(Cl)cc2ccn(C(=O)c3ccccn3)c12)c1ccc(C(C)(C)C)cc1 | Score: 0.7757307887077332 | Type: <class 'float'>
20:38:12 <INFO> SMILES: CCc1ccc(C(C)NC(=O)c2cc(Cl)cc3ccn(C(=O)N(CC)CC)c23)cc1 | Score: 0.37747541069984436 | Type: <class 'float'>
20:38:12 <INFO> SMILES: CC(=O)n1ccc2cc(Cl)cc(C(=O)NC(C)c3ccc(CCN(C)C)cc3)c21 | Score: 0.7004664540290833 | Type: <class 'float'>
20:38:12 <INFO> SMILES: CC(=O)NCC(=O)n1ccc2cc(Cl)cc(C(=O)NC(C)c3ccc(C4(C)COC4)cc3)c21 | Score: 0.4875713288784027 | Type: <class 'float'>
20:38:12 <INFO> SMILES: CC(NC(=O)c1cc(Cl)cc2ccn(C(=O)N(C)C)c12)c1ccc(CC2(C)COC(C)(C)CO2)cc1 | Score: 0.2670348286628723 | Type: <class 'float'>
20:38:12 <INFO> SMILES: CC(NC(=O)c1cc(Cl)cc2ccn(C(=O)c3nn(C)nc3-c3ccc(Cl)cc3)c12)c1ccc(NC2CC2)cc1 | Score: 0.7957143187522888 | Type: <class 'float'>
20:38:12 <INFO> SMILES: CC(=O)n1ccc2cc(Cl)cc(C(=O)NC(C)c3ccc(C4(C(F)(F)F)CC4)cc3)c21 | Score: 0.6074677109718323 | Type: <class 'float'>
20:38:12 <INFO> SMILES: CCNC(=O)n1ccc2cc(Cl)cc(C(=O)NC(C)c3ccc(C4CC4)cc3)c21 | Score: 0.5245200991630554 | Type: <class 'float'>
20:38:12 <INFO> SMILES: Cc1nccnc1C(=O)n1ccc2cc(Cl)cc(C(=O)NC(C)c3ccc(C4CC4)cc3)c21 | Score: 0.5567896366119385 | Type: <class 'float'>
20:38:12 <INFO> SMILES: CC(NC(=O)c1cc(Cl)cc2ccn(C(=O)C(C)(C)C)c12)c1ccc(C2CC(C)(C)C2)cc1 | Score: 0.9363201260566711 | Type: <class 'float'>
20:38:12 <INFO> SMILES: CC(NC(=O)c1cc(Cl)cc2ccn(C(=O)c3ccccc3)c12)c1ccc(C2CC(N(C)C)C2)cc1 | Score: 0.8030391335487366 | Type: <class 'float'>
20:38:12 <INFO> SMILES: CC(NC(=O)c1cc(Cl)cc2ccn(C(=O)CN(C)C)c12)c1ccc(C2CCC2)cc1 | Score: 0.804724931716919 | Type: <class 'float'>
20:38:12 <INFO> SMILES: CC(NC(=O)c1cc(Cl)cc2ccn(C(=O)N(C)C)c12)c1ccc(C2CCC2)cc1 | Score: 0.48450276255607605 | Type: <class 'float'>
20:38:12 <INFO> SMILES: CCN(CC)C(=O)n1ccc2cc(Cl)cc(C(=O)NC(C)c3ccc(C4CCC(F)(F)CC4)cc3)c21 | Score: 0.4658612012863159 | Type: <class 'float'>
20:38:12 <INFO> SMILES: CC(NC(=O)c1cc(Cl)cc2ccn(C(=O)c3cccc(Cl)n3)c12)c1ccc(CC2CCCN2)cc1 | Score: 0.6890775561332703 | Type: <class 'float'>
20:38:12 <INFO> SMILES: CCN(C)C(=O)n1ccc2cc(Cl)cc(C(=O)NC(C)c3ccc(C4CCC4)cc3)c21 | Score: 0.46500298380851746 | Type: <class 'float'>
20:38:12 <INFO> SMILES: CC(=O)n1ccc2cc(Cl)cc(C(=O)NC(C)c3ccc(Cn4c(OCC5CCC5)cccc4=O)cc3)c21 | Score: 0.6192631721496582 | Type: <class 'float'>
20:38:12 <INFO> SMILES: CCN(CC)C(=O)n1ccc2cc(Cl)cc(C(=O)NC(C)c3ccc(N(C)C4CCCCC4)cc3)c21 | Score: 0.3902572989463806 | Type: <class 'float'>
20:38:12 <INFO> SMILES: CC(=O)n1ccc2cc(Cl)cc(C(=O)NC(C)c3ccc(N4CCCCC4)cc3)c21 | Score: 0.655982494354248 | Type: <class 'float'>
20:38:12 <INFO> SMILES: CCCN(C)C(=O)n1ccc2cc(Cl)cc(C(=O)NC(C)c3ccc(N4CCCC4)cc3)c21 | Score: 0.7598018646240234 | Type: <class 'float'>
20:38:12 <INFO> SMILES: CCN(CC)C(=O)n1ccc2cc(Cl)cc(C(=O)NC(C)c3ccc(N4CCCC4)cc3)c21 | Score: 0.505027711391449 | Type: <class 'float'>
20:38:12 <INFO> SMILES: CCCN1CCN(c2ccc(C(C)NC(=O)c3cc(Cl)cc4ccn(C(=O)N(C)C)c34)cc2)CC1 | Score: 0.7186286449432373 | Type: <class 'float'>
20:38:12 <INFO> SMILES: CCNC(=O)n1ccc2cc(Cl)cc(C(=O)NC(C)c3ccc(N4CCOCC4)cc3)c21 | Score: 0.3364527225494385 | Type: <class 'float'>
20:38:12 <INFO> SMILES: CNC(=O)n1ccc2cc(Cl)cc(C(=O)NC(C)c3ccc(C4CCN(C5CCOCC5)CC4)cc3)c21 | Score: 0.5849246382713318 | Type: <class 'float'>
20:38:12 <INFO> SMILES: CC(C)NC(=O)n1ccc2cc(Cl)cc(C(=O)NC(C)c3ccc(N4CCN(C)C(C)C4)cc3)c21 | Score: 0.6157135963439941 | Type: <class 'float'>
20:38:12 <INFO> SMILES: CC(NC(=O)c1cc(Cl)cc2ccn(C=O)c12)c1ccc(N2CCCC(F)(F)C2)cc1 | Score: 0.7724698781967163 | Type: <class 'float'>
20:38:12 <INFO> SMILES: CCNC(=O)n1ccc2cc(Cl)cc(C(=O)NC(C)c3ccc(N4CCCC4)cc3)c21 | Score: 0.6718528270721436 | Type: <class 'float'>
20:38:12 <INFO> SMILES: CC(NC(=O)c1cc(Cl)cc2ccn(C(=O)c3cccn3C)c12)c1ccc(N2CCCC2)cc1 | Score: 0.7239572405815125 | Type: <class 'float'>
20:38:12 <INFO> SMILES: CC(=O)N1CCCN(c2ccc(C(C)NC(=O)c3cc(Cl)cc4ccn(C(=O)C5CC6CC6N5C(C)=O)c34)cc2)CC1 | Score: 0.14957667887210846 | Type: <class 'float'>
20:38:12 <INFO> SMILES: CCN(CC)C(=O)n1ccc2cc(Cl)cc(C(=O)NC(C)c3ccc(N4CCN(C)CC4)cc3)c21 | Score: 0.531626284122467 | Type: <class 'float'>
20:38:12 <INFO> SMILES: CC(NC(=O)c1cc(Cl)cc2ccn(C(=O)C=Cc3ccccc3)c12)c1ccc(N2CCN(C)CC2)cc1 | Score: 0.9270614385604858 | Type: <class 'float'>
20:38:12 <INFO> SMILES: CC(NC(=O)c1cc(Cl)cc2ccn(CCN(C)C)c12)c1ccc(C(C)(C)C)cc1 | Score: 0.926811933517456 | Type: <class 'float'>
20:38:12 <INFO> SMILES: CCc1ccc(C(C)NC(=O)c2cc(Cl)cc3ccn(C(=O)N(C)C)c23)cc1 | Score: 0.48772406578063965 | Type: <class 'float'>
20:38:12 <INFO> SMILES: CNC(=O)n1ccc2cc(Cl)cc(C(=O)NC(C)c3ccc(C4(C)CCC5CN(C)CC54)cc3)c21 | Score: 0.6647316813468933 | Type: <class 'float'>
20:38:12 <INFO> SMILES: CC(NC(=O)c1cc(Cl)cc2ccn(C(=O)N(C)C)c12)c1ccc(N2CCCC(F)C2)cc1 | Score: 0.622657835483551 | Type: <class 'float'>
20:38:12 <INFO> SMILES: CCN(C)C(=O)n1ccc2cc(Cl)cc(C(=O)NC(C)c3ccc(N4CCNC(=O)C4)cc3)c21 | Score: 0.027733435854315758 | Type: <class 'float'>
20:38:12 <INFO> SMILES: CC1CN(c2ccc(C(C)NC(=O)c3cc(Cl)cc4ccn(C(=O)C(C)(C)N(C)C)c34)cc2)CC(C)N1 | Score: 0.7546589970588684 | Type: <class 'float'>
20:38:12 <INFO> SMILES: CC(NC(=O)c1cc(Cl)cc2ccn(C(=O)NC(C)(C)C)c12)c1ccc(N2CCNCC2)cc1 | Score: 0.7184904217720032 | Type: <class 'float'>
20:38:12 <INFO> SMILES: CC(=O)n1ccc2cc(Cl)cc(C(=O)NC(C)c3ccc(CC4(C)NC5CCC4C5)cc3)c21 | Score: 0.645677387714386 | Type: <class 'float'>
20:38:12 <INFO> SMILES: CC(NC(=O)c1cc(Cl)cc2ccn(C(=O)NC(C)(C)C)c12)c1ccc(C2CCOCC2)cc1 | Score: 0.6753129363059998 | Type: <class 'float'>
20:38:12 <INFO> SMILES: CNCCCC1CCN(C(=O)n2ccc3cc(Cl)cc(C(=O)NC(C)c4ccc(N5CCOCC5)cc4)c32)CC1 | Score: 0.4904829263687134 | Type: <class 'float'>
20:38:12 <INFO> SMILES: CCNC(=O)n1ccc2cc(Cl)cc(C(=O)NC(C)c3ccc(-c4ncc[nH]4)cc3)c21 | Score: 0.32394683361053467 | Type: <class 'float'>
20:38:12 <INFO> SMILES: CCNC(=O)n1ccc2cc(Cl)cc(C(=O)NC(C)c3ccc(-c4ccc(Cl)cc4)cc3)c21 | Score: 0.6994217038154602 | Type: <class 'float'>
20:38:12 <INFO> SMILES: CNC(=O)n1ccc2cc(Cl)cc(C(=O)NC(C)c3ccc(-c4cccc(OC)c4)cc3)c21 | Score: 0.47077417373657227 | Type: <class 'float'>
20:38:12 <INFO> SMILES: CCN(C)C(=O)n1ccc2cc(Cl)cc(C(=O)NC(C)c3ccc(Cn4[nH]c(=O)c5cccnc54)cc3)c21 | Score: 0.1532624214887619 | Type: <class 'float'>
20:38:12 <INFO> SMILES: Cc1nn(C2CC2)cc1-c1ccc(C(C)NC(=O)c2cc(Cl)cc3ccn(C(=O)N(C)C)c23)cc1 | Score: 0.41636157035827637 | Type: <class 'float'>
20:38:12 <INFO> SMILES: CCCn1c(-c2ccc(C(C)NC(=O)c3cc(Cl)cc4ccn(C(=O)N(C)C)c34)cc2)cc(=O)n(CC)c1=O | Score: 0.06688693910837173 | Type: <class 'float'>
20:38:12 <INFO> SMILES: CNC(=O)n1ccc2cc(Cl)cc(C(=O)NC(C)c3ccc(C[n+]4ccc(C=C5OCCCNC5=O)cc4)cc3)c21 | Score: 0.5382883548736572 | Type: <class 'float'>
20:38:12 <INFO> SMILES: CC(NC(=O)c1cc(Cl)cc2ccn(C(=O)N3CCN(c4ncccn4)CC3C)c12)c1ccc(Cn2cnc3cccnc32)cc1 | Score: 0.31526145339012146 | Type: <class 'float'>
20:38:12 <INFO> SMILES: CCN(C)C(=O)n1ccc2cc(Cl)cc(C(=O)NC(C)c3ccc(-c4nc(C)nn4C)cc3)c21 | Score: 0.2832825481891632 | Type: <class 'float'>
20:38:12 <INFO> SMILES: CNC(=O)n1ccc2cc(Cl)cc(C(=O)NC(C)c3ccc(Cn4cnc5ccccc54)cc3)c21 | Score: 0.5714851021766663 | Type: <class 'float'>
20:38:12 <INFO> SMILES: CC(=O)NC(C)C(=O)n1ccc2cc(Cl)cc(C(=O)NC(C)c3ccc(Cn4cc(C=O)c(=O)[nH]4)cc3)c21 | Score: 0.08579138666391373 | Type: <class 'float'>
20:38:12 <INFO> SMILES: CC(NC(=O)c1cc(Cl)cc2ccn(C(=O)c3ccccc3)c12)c1ccc(Cn2ccnc2)cc1 | Score: 0.6664148569107056 | Type: <class 'float'>
20:38:12 <INFO> SMILES: CC(=O)n1ccc2cc(Cl)cc(C(=O)NC(C)c3ccc(-c4ccc(=O)[nH]n4)cc3)c21 | Score: 0.21441952884197235 | Type: <class 'float'>
20:38:12 <INFO> SMILES: Cc1nn(C2CCCN(C)C2)cc1-c1ccc(C(C)NC(=O)c2cc(Cl)cc3ccn(C(=O)N(C)C)c23)cc1 | Score: 0.5288107395172119 | Type: <class 'float'>
20:38:12 <INFO> SMILES: CC(NC(=O)c1cc(Cl)cc2ccn(C(=O)N(C)C)c12)c1ccc(C2(C)COC2)cc1 | LogD Prediction: 3.473194122314453
20:38:12 <INFO> SMILES: CNCC1CCN(C(=O)n2ccc3cc(Cl)cc(C(=O)NC(C)c4ccc(C5CC5)cc4)c32)CC1 | LogD Prediction: 2.4474782943725586
20:38:12 <INFO> SMILES: CC(NC(=O)c1cc(Cl)cc2ccn(C(=O)c3ccccc3)c12)c1ccc(C2CC2)cc1 | LogD Prediction: 4.32592248916626
20:38:12 <INFO> SMILES: CC(NC(=O)c1cc(Cl)cc2ccn(C(=O)c3ccccc3)c12)c1ccc(C2CCC2)cc1 | LogD Prediction: 4.506063461303711
20:38:12 <INFO> SMILES: CCN(C)C(=O)n1ccc2cc(Cl)cc(C(=O)NC(C)c3ccc(C)cc3)c21 | LogD Prediction: 3.653479814529419
20:38:12 <INFO> SMILES: CC(NC(=O)c1cc(Cl)cc2ccn(C(=O)N(C)C)c12)c1ccc(-c2n[nH]c(=O)[nH]2)cc1 | LogD Prediction: 2.679814338684082
20:38:12 <INFO> SMILES: CNC(=O)n1ccc2cc(Cl)cc(C(=O)NC(C)c3ccc(-c4ccc(C)nn4)cc3)c21 | LogD Prediction: 3.632129430770874
20:38:12 <INFO> SMILES: CC(NC(=O)c1cc(Cl)cc2ccn(Cc3ccccc3)c12)c1ccc(C(C)(C)C#N)cc1 | LogD Prediction: 4.068733215332031
20:38:12 <INFO> SMILES: CC(NC(=O)c1cc(Cl)cc2ccn(C(=O)c3ccccn3)c12)c1ccc(C(C)(C)C)cc1 | LogD Prediction: 4.115029335021973
20:38:12 <INFO> SMILES: CCc1ccc(C(C)NC(=O)c2cc(Cl)cc3ccn(C(=O)N(CC)CC)c23)cc1 | LogD Prediction: 4.002664566040039
20:38:12 <INFO> SMILES: CC(=O)n1ccc2cc(Cl)cc(C(=O)NC(C)c3ccc(CCN(C)C)cc3)c21 | LogD Prediction: 3.016113042831421
20:38:12 <INFO> SMILES: CC(=O)NCC(=O)n1ccc2cc(Cl)cc(C(=O)NC(C)c3ccc(C4(C)COC4)cc3)c21 | LogD Prediction: 3.1731326580047607
20:38:12 <INFO> SMILES: CC(NC(=O)c1cc(Cl)cc2ccn(C(=O)N(C)C)c12)c1ccc(CC2(C)COC(C)(C)CO2)cc1 | LogD Prediction: 3.956951379776001
20:38:12 <INFO> SMILES: CC(NC(=O)c1cc(Cl)cc2ccn(C(=O)c3nn(C)nc3-c3ccc(Cl)cc3)c12)c1ccc(NC2CC2)cc1 | LogD Prediction: 4.248993873596191
20:38:12 <INFO> SMILES: CC(=O)n1ccc2cc(Cl)cc(C(=O)NC(C)c3ccc(C4(C(F)(F)F)CC4)cc3)c21 | LogD Prediction: 4.475787162780762
20:38:12 <INFO> SMILES: CCNC(=O)n1ccc2cc(Cl)cc(C(=O)NC(C)c3ccc(C4CC4)cc3)c21 | LogD Prediction: 3.770247459411621
20:38:12 <INFO> SMILES: Cc1nccnc1C(=O)n1ccc2cc(Cl)cc(C(=O)NC(C)c3ccc(C4CC4)cc3)c21 | LogD Prediction: 3.72580885887146
20:38:12 <INFO> SMILES: CC(NC(=O)c1cc(Cl)cc2ccn(C(=O)C(C)(C)C)c12)c1ccc(C2CC(C)(C)C2)cc1 | LogD Prediction: 4.775485992431641
20:38:12 <INFO> SMILES: CC(NC(=O)c1cc(Cl)cc2ccn(C(=O)c3ccccc3)c12)c1ccc(C2CC(N(C)C)C2)cc1 | LogD Prediction: 3.4866669178009033
20:38:12 <INFO> SMILES: CC(NC(=O)c1cc(Cl)cc2ccn(C(=O)CN(C)C)c12)c1ccc(C2CCC2)cc1 | LogD Prediction: 3.348935604095459
20:38:12 <INFO> SMILES: CC(NC(=O)c1cc(Cl)cc2ccn(C(=O)N(C)C)c12)c1ccc(C2CCC2)cc1 | LogD Prediction: 3.895334005355835
20:38:12 <INFO> SMILES: CCN(CC)C(=O)n1ccc2cc(Cl)cc(C(=O)NC(C)c3ccc(C4CCC(F)(F)CC4)cc3)c21 | LogD Prediction: 4.662940502166748
20:38:12 <INFO> SMILES: CC(NC(=O)c1cc(Cl)cc2ccn(C(=O)c3cccc(Cl)n3)c12)c1ccc(CC2CCCN2)cc1 | LogD Prediction: 2.926333427429199
20:38:12 <INFO> SMILES: CCN(C)C(=O)n1ccc2cc(Cl)cc(C(=O)NC(C)c3ccc(C4CCC4)cc3)c21 | LogD Prediction: 4.049773216247559
20:38:12 <INFO> SMILES: CC(=O)n1ccc2cc(Cl)cc(C(=O)NC(C)c3ccc(Cn4c(OCC5CCC5)cccc4=O)cc3)c21 | LogD Prediction: 4.036595821380615
20:38:12 <INFO> SMILES: CCN(CC)C(=O)n1ccc2cc(Cl)cc(C(=O)NC(C)c3ccc(N(C)C4CCCCC4)cc3)c21 | LogD Prediction: 4.42114782333374
20:38:12 <INFO> SMILES: CC(=O)n1ccc2cc(Cl)cc(C(=O)NC(C)c3ccc(N4CCCCC4)cc3)c21 | LogD Prediction: 3.7666988372802734
20:38:12 <INFO> SMILES: CCCN(C)C(=O)n1ccc2cc(Cl)cc(C(=O)NC(C)c3ccc(N4CCCC4)cc3)c21 | LogD Prediction: 3.6917576789855957
20:38:12 <INFO> SMILES: CCN(CC)C(=O)n1ccc2cc(Cl)cc(C(=O)NC(C)c3ccc(N4CCCC4)cc3)c21 | LogD Prediction: 3.701045513153076
20:38:12 <INFO> SMILES: CCCN1CCN(c2ccc(C(C)NC(=O)c3cc(Cl)cc4ccn(C(=O)N(C)C)c34)cc2)CC1 | LogD Prediction: 2.982006072998047
20:38:12 <INFO> SMILES: CCNC(=O)n1ccc2cc(Cl)cc(C(=O)NC(C)c3ccc(N4CCOCC4)cc3)c21 | LogD Prediction: 3.3569836616516113
20:38:12 <INFO> SMILES: CNC(=O)n1ccc2cc(Cl)cc(C(=O)NC(C)c3ccc(C4CCN(C5CCOCC5)CC4)cc3)c21 | LogD Prediction: 2.972313165664673
20:38:12 <INFO> SMILES: CC(C)NC(=O)n1ccc2cc(Cl)cc(C(=O)NC(C)c3ccc(N4CCN(C)C(C)C4)cc3)c21 | LogD Prediction: 3.306680679321289
20:38:12 <INFO> SMILES: CC(NC(=O)c1cc(Cl)cc2ccn(C=O)c12)c1ccc(N2CCCC(F)(F)C2)cc1 | LogD Prediction: 3.785127878189087
20:38:12 <INFO> SMILES: CCNC(=O)n1ccc2cc(Cl)cc(C(=O)NC(C)c3ccc(N4CCCC4)cc3)c21 | LogD Prediction: 3.449291706085205
20:38:12 <INFO> SMILES: CC(NC(=O)c1cc(Cl)cc2ccn(C(=O)c3cccn3C)c12)c1ccc(N2CCCC2)cc1 | LogD Prediction: 3.2809951305389404
20:38:12 <INFO> SMILES: CC(=O)N1CCCN(c2ccc(C(C)NC(=O)c3cc(Cl)cc4ccn(C(=O)C5CC6CC6N5C(C)=O)c34)cc2)CC1 | LogD Prediction: 2.772967576980591
20:38:12 <INFO> SMILES: CCN(CC)C(=O)n1ccc2cc(Cl)cc(C(=O)NC(C)c3ccc(N4CCN(C)CC4)cc3)c21 | LogD Prediction: 3.2552199363708496
20:38:12 <INFO> SMILES: CC(NC(=O)c1cc(Cl)cc2ccn(C(=O)C=Cc3ccccc3)c12)c1ccc(N2CCN(C)CC2)cc1 | LogD Prediction: 3.343482255935669
20:38:12 <INFO> SMILES: CC(NC(=O)c1cc(Cl)cc2ccn(CCN(C)C)c12)c1ccc(C(C)(C)C)cc1 | LogD Prediction: 3.263084650039673
20:38:12 <INFO> SMILES: CCc1ccc(C(C)NC(=O)c2cc(Cl)cc3ccn(C(=O)N(C)C)c23)cc1 | LogD Prediction: 3.6495680809020996
20:38:12 <INFO> SMILES: CNC(=O)n1ccc2cc(Cl)cc(C(=O)NC(C)c3ccc(C4(C)CCC5CN(C)CC54)cc3)c21 | LogD Prediction: 3.018193483352661
20:38:12 <INFO> SMILES: CC(NC(=O)c1cc(Cl)cc2ccn(C(=O)N(C)C)c12)c1ccc(N2CCCC(F)C2)cc1 | LogD Prediction: 3.7153828144073486
20:38:12 <INFO> SMILES: CCN(C)C(=O)n1ccc2cc(Cl)cc(C(=O)NC(C)c3ccc(N4CCNC(=O)C4)cc3)c21 | LogD Prediction: 2.913748025894165
20:38:12 <INFO> SMILES: CC1CN(c2ccc(C(C)NC(=O)c3cc(Cl)cc4ccn(C(=O)C(C)(C)N(C)C)c34)cc2)CC(C)N1 | LogD Prediction: 1.9275180101394653
20:38:12 <INFO> SMILES: CC(NC(=O)c1cc(Cl)cc2ccn(C(=O)NC(C)(C)C)c12)c1ccc(N2CCNCC2)cc1 | LogD Prediction: 2.8129618167877197
20:38:12 <INFO> SMILES: CC(=O)n1ccc2cc(Cl)cc(C(=O)NC(C)c3ccc(CC4(C)NC5CCC4C5)cc3)c21 | LogD Prediction: 2.990806818008423
20:38:12 <INFO> SMILES: CC(NC(=O)c1cc(Cl)cc2ccn(C(=O)NC(C)(C)C)c12)c1ccc(C2CCOCC2)cc1 | LogD Prediction: 3.950350522994995
20:38:12 <INFO> SMILES: CNCCCC1CCN(C(=O)n2ccc3cc(Cl)cc(C(=O)NC(C)c4ccc(N5CCOCC5)cc4)c32)CC1 | LogD Prediction: 2.3759772777557373
20:38:12 <INFO> SMILES: CCNC(=O)n1ccc2cc(Cl)cc(C(=O)NC(C)c3ccc(-c4ncc[nH]4)cc3)c21 | LogD Prediction: 3.327268600463867
20:38:12 <INFO> SMILES: CCNC(=O)n1ccc2cc(Cl)cc(C(=O)NC(C)c3ccc(-c4ccc(Cl)cc4)cc3)c21 | LogD Prediction: 4.330669403076172
20:38:12 <INFO> SMILES: CNC(=O)n1ccc2cc(Cl)cc(C(=O)NC(C)c3ccc(-c4cccc(OC)c4)cc3)c21 | LogD Prediction: 4.065911293029785
20:38:12 <INFO> SMILES: CCN(C)C(=O)n1ccc2cc(Cl)cc(C(=O)NC(C)c3ccc(Cn4[nH]c(=O)c5cccnc54)cc3)c21 | LogD Prediction: 3.082690715789795
20:38:12 <INFO> SMILES: Cc1nn(C2CC2)cc1-c1ccc(C(C)NC(=O)c2cc(Cl)cc3ccn(C(=O)N(C)C)c23)cc1 | LogD Prediction: 3.5683295726776123
20:38:12 <INFO> SMILES: CCCn1c(-c2ccc(C(C)NC(=O)c3cc(Cl)cc4ccn(C(=O)N(C)C)c34)cc2)cc(=O)n(CC)c1=O | LogD Prediction: 3.1528637409210205
20:38:12 <INFO> SMILES: CNC(=O)n1ccc2cc(Cl)cc(C(=O)NC(C)c3ccc(C[n+]4ccc(C=C5OCCCNC5=O)cc4)cc3)c21 | LogD Prediction: 1.7739781141281128
20:38:12 <INFO> SMILES: CC(NC(=O)c1cc(Cl)cc2ccn(C(=O)N3CCN(c4ncccn4)CC3C)c12)c1ccc(Cn2cnc3cccnc32)cc1 | LogD Prediction: 3.0731751918792725
20:38:12 <INFO> SMILES: CCN(C)C(=O)n1ccc2cc(Cl)cc(C(=O)NC(C)c3ccc(-c4nc(C)nn4C)cc3)c21 | LogD Prediction: 3.6363861560821533
20:38:12 <INFO> SMILES: CNC(=O)n1ccc2cc(Cl)cc(C(=O)NC(C)c3ccc(Cn4cnc5ccccc54)cc3)c21 | LogD Prediction: 3.4201128482818604
20:38:12 <INFO> SMILES: CC(=O)NC(C)C(=O)n1ccc2cc(Cl)cc(C(=O)NC(C)c3ccc(Cn4cc(C=O)c(=O)[nH]4)cc3)c21 | LogD Prediction: 2.4368369579315186
20:38:12 <INFO> SMILES: CC(NC(=O)c1cc(Cl)cc2ccn(C(=O)c3ccccc3)c12)c1ccc(Cn2ccnc2)cc1 | LogD Prediction: 3.420867681503296
20:38:12 <INFO> SMILES: CC(=O)n1ccc2cc(Cl)cc(C(=O)NC(C)c3ccc(-c4ccc(=O)[nH]n4)cc3)c21 | LogD Prediction: 3.299384593963623
20:38:12 <INFO> SMILES: Cc1nn(C2CCCN(C)C2)cc1-c1ccc(C(C)NC(=O)c2cc(Cl)cc3ccn(C(=O)N(C)C)c23)cc1 | LogD Prediction: 3.0723392963409424
20:38:12 <INFO> Score: 0.01 Agent NLL: 15.28 Valid:  97% Step: 9
 | Agent Prior Target Score SMILES SMILES_state Input_Scaffold R-groups Scaffold QED QED (raw) gnina score gnina score (raw) MW MW (raw) SlogP (RDKit) SlogP (RDKit) (raw) TPSA TPSA (raw) Number of stereo centers Number of stereo centers (raw) Number of HB acceptors (Lipinski) Number of HB acceptors (Lipinski) (raw) Number of HB donors (Lipinski) Number of HB donors (Lipinski) (raw) Number of rotatable bonds Number of rotatable bonds (raw) Number of Heavy atoms Number of Heavy atoms (raw) Molecular Volume (RDKit) Molecular Volume (RDKit) (raw) SA score SA score (raw) herg inactive herg inactive (raw) LogD LogD (raw) Alerts Alerts (raw) matching_patterns (Alerts)
 | 15.1403 21.9652 -21.9652 0.0000000 CC(NC(=O)c1cc(Cl)cc2ccn(C(=O)N(C)C)c12)c1ccc(C#CC2(O)CN3CCC2CC3)cc1 1 C(=O)(NC(c1ccc([*])cc1)C)c1c2c(ccn2[*])cc(Cl)c1 *C#CC1(O)CN2CCC1CC2|O=C(N(C)C)* O=C(NCc1ccc(C#CC2CN3CCC2CC3)cc1)c1cccc2cc[nH]c12 0.0000000 0.0000 0.0000000 0.0000 0.0000000 0.0000 0.0000000 0.0000 0.0000000 0.0000 0.0000000 0.0000 0.0000000 0.0000 0.0000000 0.0000 0.0000000 0.0000 0.0000000 0.0000 0.0000000 0.0000 0.0000000 0.0000 0.0000000 0.0000 0.0000000 0.0000 0.0000000 0.0000 ['C#C', '[OH]']
 | 8.6525 13.3847 -12.8860 0.0009973 CC(NC(=O)c1cc(Cl)cc2ccn(C(=O)N(C)C)c12)c1ccc(C(C)(C)C)cc1 1 C(=O)(NC(c1ccc([*])cc1)C)c1c2c(ccn2[*])cc(Cl)c1 *C(C)(C)C|CN(C)C(*)=O O=C(NCc1ccccc1)c1cccc2cc[nH]c12 0.5922150 0.5922 -6.5180900 -6.5181 0.9989088 425.9600 0.0000000 5.6129 1.0000000 54.3400 1.0000000 1.0000 1.0000000 3.0000 0.9467598 1.0000 0.9825279 3.0000 0.9789100 30.0000 0.8993955 392.9200 0.9075147 3.0164 0.0000000 0.6568 0.0113543 3.9850 1.0000000 1.0000 []
 | 9.7780 22.0378 -7.4419 0.0291919 CC(NC(=O)c1cc(Cl)cc2ccn(C(=O)N(C)C)c12)c1ccc(C2(C)COC2)cc1 1 C(=O)(NC(c1ccc([*])cc1)C)c1c2c(ccn2[*])cc(Cl)c1 *C1(C)COC1|*C(=O)N(C)C O=C(NCc1ccc(C2COC2)cc1)c1cccc2cc[nH]c12 0.6455637 0.6456 -8.2128100 -8.2128 0.9960554 439.9430 0.0000004 4.6033 1.0000000 63.5700 1.0000000 1.0000 1.0000000 4.0000 0.9467598 1.0000 0.9693466 4.0000 0.9745624 31.0000 0.9015962 392.2800 0.8720328 3.3331 1.0000000 0.3278 0.5614111 3.4732 1.0000000 1.0000 []
 | 22.0672 30.6088 -30.6088 0.0000000 C(=O)(NC(c1ccc([*])cc1)C)c1c2c(ccn2[*])cc(Cl)c1*C1C(N)(=O)C1|O=C(*)N(CC)CC 0 C(=O)(NC(c1ccc([*])cc1)C)c1c2c(ccn2[*])cc(Cl)c1 *C1C(N)(=O)C1|O=C(*)N(CC)CC -- 0.0000000 0.0000 0.0000000 0.0000 0.0000000 0.0000 0.0000000 0.0000 0.0000000 0.0000 0.0000000 0.0000 0.0000000 0.0000 0.0000000 0.0000 0.0000000 0.0000 0.0000000 0.0000 0.0000000 0.0000 0.0000000 0.0000 0.0000000 0.0000 0.0000000 0.0000 0.0000000 0.0000 None
 | 9.3758 15.7781 -5.7474 0.0200615 CC(NC(=O)c1cc(Cl)cc2ccn(C(=O)N(C)C)c12)c1ccc(C2CC2)cc1 1 C(=O)(NC(c1ccc([*])cc1)C)c1c2c(ccn2[*])cc(Cl)c1 *C1CC1|C(=O)(N(C)C)* O=C(NCc1ccc(C2CC2)cc1)c1cccc2cc[nH]c12 0.6439786 0.6440 -6.4630000 -6.4630 0.9997508 409.9170 0.0000000 5.1928 1.0000000 54.3400 1.0000000 1.0000 1.0000000 3.0000 0.9467598 1.0000 0.9693466 4.0000 0.9825279 29.0000 0.9558507 369.8720 0.9085720 3.0054 0.9999564 0.4564 0.1297539 3.7066 1.0000000 1.0000 []
 | 20.6423 30.6460 -29.2911 0.0027097 CNCC1CCN(C(=O)n2ccc3cc(Cl)cc(C(=O)NC(C)c4ccc(C5CC5)cc4)c32)CC1 1 C(=O)(NC(c1ccc([*])cc1)C)c1c2c(ccn2[*])cc(Cl)c1 *C1CC1|C(N1CCC(CNC)CC1)(*)=O O=C(NCc1ccc(C2CC2)cc1)c1cccc2ccn(C(=O)N3CCCCC3)c12 0.4729101 0.4729 -5.6186200 -5.6186 0.6547596 493.0510 0.0000000 5.5626 1.0000000 66.3700 1.0000000 1.0000 1.0000000 4.0000 0.5000000 2.0000 0.9090909 6.0000 0.9467598 35.0000 0.4621567 453.9520 0.8864571 3.2150 0.0000000 0.6070 0.9999384 2.4475 1.0000000 1.0000 []
 | 7.6072 17.9333 -17.9333 0.0000000 CC(NC(=O)c1cc(Cl)cc2ccn(C(=O)N(C)C)c12)c1ccc(C2CC2)cc1 2 C(=O)(NC(c1ccc([*])cc1)C)c1c2c(ccn2[*])cc(Cl)c1 *C1CC1|N(C)(C)C(=O)* O=C(NCc1ccc(C2CC2)cc1)c1cccc2cc[nH]c12 0.0000000 0.6440 -0.0000000 -6.4630 0.0000000 409.9170 0.0000000 5.1928 0.0000000 54.3400 0.0000000 1.0000 0.0000000 3.0000 0.0000000 1.0000 0.0000000 4.0000 0.0000000 29.0000 0.0000000 369.8720 0.0000000 3.0054 0.0000000 0.4564 0.0000000 3.7066 0.0000000 1.0000 []
 | 9.3887 15.7071 -15.4998 0.0004145 CC(NC(=O)c1cc(Cl)cc2ccn(C(=O)c3ccccc3)c12)c1ccc(C2CC2)cc1 1 C(=O)(NC(c1ccc([*])cc1)C)c1c2c(ccn2[*])cc(Cl)c1 *C1CC1|c1cc(C(*)=O)ccc1 O=C(NCc1ccc(C2CC2)cc1)c1cccc2ccn(C(=O)c3ccccc3)c12 0.3910872 0.3911 -4.8299300 -4.8299 0.9948051 442.9460 0.0000000 6.3516 1.0000000 51.1000 1.0000000 1.0000 1.0000000 3.0000 0.9467598 1.0000 0.9467598 5.0000 0.9693466 32.0000 0.8963554 393.7840 0.9248663 2.8195 0.0000000 0.7341 0.0004967 4.3259 1.0000000 1.0000 []
 | 12.2486 18.1438 -18.0107 0.0002661 CC(NC(=O)c1cc(Cl)cc2ccn(C(=O)c3ccccc3)c12)c1ccc(C2CCC2)cc1 1 C(=O)(NC(c1ccc([*])cc1)C)c1c2c(ccn2[*])cc(Cl)c1 *C1CCC1|c1(C(=O)*)ccccc1 O=C(NCc1ccc(C2CCC2)cc1)c1cccc2ccn(C(=O)c3ccccc3)c12 0.3611349 0.3611 -9.6692700 -9.6693 0.9813473 456.9730 0.0000000 6.7417 1.0000000 51.1000 1.0000000 1.0000 1.0000000 3.0000 0.9467598 1.0000 0.9467598 5.0000 0.9631018 33.0000 0.8235048 409.8640 0.9223428 2.8506 0.0000000 0.7469 0.0000945 4.5061 1.0000000 1.0000 []
 | 6.9250 5.3495 -2.6660 0.0053671 CC(=O)n1ccc2cc(Cl)cc(C(=O)NC(C)c3ccc(C)cc3)c21 1 C(=O)(NC(c1ccc([*])cc1)C)c1c2c(ccn2[*])cc(Cl)c1 *C|*C(C)=O O=C(NCc1ccccc1)c1cccc2cc[nH]c12 0.7371775 0.7372 -7.9560800 -7.9561 0.9999985 354.8370 0.0000001 4.7542 1.0000000 51.1000 1.0000000 1.0000 1.0000000 3.0000 0.9467598 1.0000 0.9825279 3.0000 0.9918135 25.0000 0.9943858 315.1040 0.9289556 2.7671 0.0000238 0.5462 0.1412583 3.6960 1.0000000 1.0000 []
20:38:13 <WARN> reinvent_plugins.normalizers.rdkit_smiles: c1cc2c(c(C(=O)NC(C)c3ccc([*])cc3)cc(Cl)c2)n1[*]O1C1C(*)(C)CCNC=O|C1N(C(*)=O)CCC1 could not be converted
20:44:02 <INFO> SMILES: CC(NC(=O)c1cc(Cl)cc2ccn(C(=O)N3CCN(C)CC3)c12)c1ccc(C2CC2)cc1 | Score: 0.4896189868450165 | Type: <class 'float'>
20:44:02 <INFO> SMILES: CC(NC(=O)c1cc(Cl)cc2ccn(C3CCN(CC4CCN(C)CC4)CC3)c12)c1ccc(C2CCN(C)CC2)cc1 | Score: 0.9356272220611572 | Type: <class 'float'>
20:44:02 <INFO> SMILES: CC(NC(=O)c1cc(Cl)cc2ccn(C=O)c12)c1ccc(C2CCOCC2)cc1 | Score: 0.5741744041442871 | Type: <class 'float'>
20:44:02 <INFO> SMILES: CC(NC(=O)c1cc(Cl)cc2ccn(C(=O)NCCCN(C)C)c12)c1ccc(C2CCOCC2)cc1 | Score: 0.7894370555877686 | Type: <class 'float'>
20:44:02 <INFO> SMILES: CNC(=O)n1ccc2cc(Cl)cc(C(=O)NC(C)c3ccc(N4CCNC(C)C4)cc3)c21 | Score: 0.38101518154144287 | Type: <class 'float'>
20:44:02 <INFO> SMILES: CC1CCCC(CNC(=O)n2ccc3cc(Cl)cc(C(=O)NC(C)c4ccc(N5CCOCC5)cc4)c32)O1 | Score: 0.2911936938762665 | Type: <class 'float'>
20:44:02 <INFO> SMILES: CC(NC(=O)c1cc(Cl)cc2ccn(C(=O)N3CCOCC3)c12)c1ccc(N2CCCOCC2)cc1 | Score: 0.16348053514957428 | Type: <class 'float'>
20:44:02 <INFO> SMILES: CNC(=O)n1ccc2cc(Cl)cc(C(=O)NC(C)c3ccc(-c4ccnn4C4CCS(=O)(=O)CC4)cc3)c21 | Score: 0.0007334124529734254 | Type: <class 'float'>
20:44:02 <INFO> SMILES: CC(NC(=O)c1cc(Cl)cc2ccn(CCN(C)C)c12)c1ccc(-c2cn(C)nn2)cc1 | Score: 0.6734957098960876 | Type: <class 'float'>
20:44:02 <INFO> SMILES: CNC(=O)c1c(C(F)(F)F)nc(-c2ccc(C(C)NC(=O)c3cc(Cl)cc4ccn(C(=O)N(C)C)c34)cc2)n1C | Score: 0.35694459080696106 | Type: <class 'float'>
20:44:02 <INFO> SMILES: CC(NC(=O)c1cc(Cl)cc2ccn(C(=O)N(C)C)c12)c1ccc(-c2nnco2)cc1 | Score: 0.19803228974342346 | Type: <class 'float'>
20:44:02 <INFO> SMILES: CCN(CC)C(=O)n1ccc2cc(Cl)cc(C(=O)NC(C)c3ccc(Cn4cnc(C#N)c4)cc3)c21 | Score: 0.2933853566646576 | Type: <class 'float'>
20:44:02 <INFO> SMILES: Cc1ccc(C(C)NC(=O)c2cc(Cl)cc3ccn(C=O)c23)cc1 | Score: 0.6405231952667236 | Type: <class 'float'>
20:44:02 <INFO> SMILES: CC(NC(=O)c1cc(Cl)cc2ccn(C(=O)N3CCCC3)c12)c1ccc(C2CC2)cc1 | Score: 0.46569764614105225 | Type: <class 'float'>
20:44:02 <INFO> SMILES: CC(NC(=O)c1cc(Cl)cc2ccn(C(=O)N(C)C)c12)c1ccc(CCN2CCCC2=O)cc1 | Score: 0.14968501031398773 | Type: <class 'float'>
20:44:02 <INFO> SMILES: CC(NC(=O)c1cc(Cl)cc2ccn(CCN3CCCC3)c12)c1ccc(N2CCOCC2C(F)(F)F)cc1 | Score: 0.8174575567245483 | Type: <class 'float'>
20:44:02 <INFO> SMILES: CC(NC(=O)c1cc(Cl)cc2ccn(C(=O)N(C)C)c12)c1ccc(C2CN3CCC2CC3)cc1 | Score: 0.557241678237915 | Type: <class 'float'>
20:44:02 <INFO> SMILES: CC(=O)N1CCCC(C(=O)n2ccc3cc(Cl)cc(C(=O)NC(C)c4ccc(C5CCCCC5)cc4)c32)C1 | Score: 0.5927808284759521 | Type: <class 'float'>
20:44:02 <INFO> SMILES: CC(NC(=O)c1cc(Cl)cc2ccn(S(=O)(=O)N(C)C)c12)c1ccc(C2CCCNC2)cc1 | Score: 0.615068793296814 | Type: <class 'float'>
20:44:02 <INFO> SMILES: CC(NC(=O)c1cc(Cl)cc2ccn(C(=O)C3CCC3)c12)c1ccc(C2CCOCC2)cc1 | Score: 0.7366468906402588 | Type: <class 'float'>
20:44:02 <INFO> SMILES: CC(NC(=O)c1cc(Cl)cc2ccn(C(=O)C3CC3)c12)c1ccc(C2CCOCC2)cc1 | Score: 0.724134087562561 | Type: <class 'float'>
20:44:02 <INFO> SMILES: CC(NC(=O)c1cc(Cl)cc2ccn(C(=O)NC3CCOCC3)c12)c1ccc(C2(C)CN(C)C2)cc1 | Score: 0.7672140002250671 | Type: <class 'float'>
20:44:02 <INFO> SMILES: CNC(=O)n1ccc2cc(Cl)cc(C(=O)NC(C)c3ccc(C4(C)CCOC4)cc3)c21 | Score: 0.3898385465145111 | Type: <class 'float'>
20:44:02 <INFO> SMILES: CC(NC(=O)c1cc(Cl)cc2ccn(C(=O)N(C)C)c12)c1ccc(C2CCC(N(C)C)CC2)cc1 | Score: 0.6192221641540527 | Type: <class 'float'>
20:44:02 <INFO> SMILES: CC(NC(=O)c1cc(Cl)cc2ccn(C(=O)N(C)C3CCOCC3)c12)c1ccc(C2CCCC2N(C)C)cc1 | Score: 0.7061731815338135 | Type: <class 'float'>
20:44:02 <INFO> SMILES: CCN(C)C(=O)CN1CCC(n2ccc3cc(Cl)cc(C(=O)NC(C)c4ccc(C5CCCCC5)cc4)c32)CC1 | Score: 0.7578983902931213 | Type: <class 'float'>
20:44:02 <INFO> SMILES: CNC(=O)n1ccc2cc(Cl)cc(C(=O)NC(C)c3ccc(C4CCCCC4)cc3)c21 | Score: 0.4919273555278778 | Type: <class 'float'>
20:44:02 <INFO> SMILES: CC(=O)N1CCC(n2ccc3cc(Cl)cc(C(=O)NC(C)c4ccc(C5CCC5)cc4)c32)CC1 | Score: 0.5908918380737305 | Type: <class 'float'>
20:44:02 <INFO> SMILES: CC(=O)n1ccc2cc(Cl)cc(C(=O)NC(C)c3ccc(N4CCCC5COCCCC54)cc3)c21 | Score: 0.6665515303611755 | Type: <class 'float'>
20:44:02 <INFO> SMILES: CC(NC(=O)c1cc(Cl)cc2ccn(C(=O)N(C)C)c12)c1ccc(C2CCCCC2)cc1 | Score: 0.5349908471107483 | Type: <class 'float'>
20:44:02 <INFO> SMILES: CC(=O)n1ccc2cc(Cl)cc(C(=O)NC(C)c3ccc(CC4CCCO4)cc3)c21 | Score: 0.5299776792526245 | Type: <class 'float'>
20:44:02 <INFO> SMILES: CC(NC(=O)c1cc(Cl)cc2ccn(C(=O)N(C)C)c12)c1ccc(N2CCCC2)cc1 | Score: 0.6132959723472595 | Type: <class 'float'>
20:44:02 <INFO> SMILES: CC(NC(=O)c1cc(Cl)cc2ccn(C3CCN(C(=O)CN(C)C)CC3)c12)c1ccc(N2CCNCC2)cc1 | Score: 0.6469106078147888 | Type: <class 'float'>
20:44:02 <INFO> SMILES: CC(NC(=O)c1cc(Cl)cc2ccn(C(=O)N3CCN(C)CC3)c12)c1ccc(N2CCOCC2)cc1 | Score: 0.3272115886211395 | Type: <class 'float'>
20:44:02 <INFO> SMILES: CCN(CC)C(=O)n1ccc2cc(Cl)cc(C(=O)NC(C)c3ccc(N4CCCOCC4)cc3)c21 | Score: 0.27430689334869385 | Type: <class 'float'>
20:44:02 <INFO> SMILES: CC(=O)N1CCCC1C(=O)n1ccc2cc(Cl)cc(C(=O)NC(C)c3ccc(N4CCNCC4)cc3)c21 | Score: 0.4970058500766754 | Type: <class 'float'>
20:44:02 <INFO> SMILES: CC(NC(=O)c1cc(Cl)cc2ccn(CCN(C)C)c12)c1ccc(N2CCOCC2)cc1 | Score: 0.699474036693573 | Type: <class 'float'>
20:44:02 <INFO> SMILES: CC(=O)N1CCN(C(=O)n2ccc3cc(Cl)cc(C(=O)NC(C)c4ccc(N5CCOCC5)cc4)c32)CC1 | Score: 0.1736794114112854 | Type: <class 'float'>
20:44:02 <INFO> SMILES: CC(NC(=O)c1cc(Cl)cc2ccn(C(=O)N(C)C)c12)c1ccc(N2CCC(C)C(C)C2)cc1 | Score: 0.8118627071380615 | Type: <class 'float'>
20:44:02 <INFO> SMILES: CC(=O)N1CCN(c2ccc(C(C)NC(=O)c3cc(Cl)cc4ccn(C(C)=O)c34)cc2)CC1 | Score: 0.3803606927394867 | Type: <class 'float'>
20:44:02 <INFO> SMILES: CCN(CC)C(=O)n1ccc2cc(Cl)cc(C(=O)NC(C)c3ccc(N4CCCNCC4)cc3)c21 | Score: 0.4826626777648926 | Type: <class 'float'>
20:44:02 <INFO> SMILES: CNC(=O)n1ccc2cc(Cl)cc(C(=O)NC(C)c3ccc(N4CCCNCC4)cc3)c21 | Score: 0.5445512533187866 | Type: <class 'float'>
20:44:02 <INFO> SMILES: CC(NC(=O)c1cc(Cl)cc2ccn(C(=O)N3CCN(C4COC4)CC3)c12)c1ccc(N2CCOCC2)cc1 | Score: 0.2546790540218353 | Type: <class 'float'>
20:44:02 <INFO> SMILES: CC(=O)NC(=O)n1ccc2cc(Cl)cc(C(=O)NC(C)c3ccc(N4CCCOCC4)cc3)c21 | Score: 0.24979518353939056 | Type: <class 'float'>
20:44:02 <INFO> SMILES: CC(NC(=O)c1cc(Cl)cc2ccn(C(=O)C3CC3)c12)c1ccc(N2CCN(C)CC2)cc1 | Score: 0.8259854316711426 | Type: <class 'float'>
20:44:02 <INFO> SMILES: COCCn1ccc2cc(Cl)cc(C(=O)NC(C)c3ccc(N4CCOCC4)cc3)c21 | Score: 0.6493762731552124 | Type: <class 'float'>
20:44:02 <INFO> SMILES: CC(NC(=O)c1cc(Cl)cc2ccn(C(=O)c3ccncc3)c12)c1ccc(N2CCOCC2)cc1 | Score: 0.38048723340034485 | Type: <class 'float'>
20:44:02 <INFO> SMILES: CC(NC(=O)c1cc(Cl)cc2ccn(Cc3ccc(Cl)cc3)c12)c1ccc(N2CCCCC2)cc1 | Score: 0.9474053978919983 | Type: <class 'float'>
20:44:02 <INFO> SMILES: CC(NC(=O)c1cc(Cl)cc2ccn(C(=O)N3CCC(N(C)C)CC3)c12)c1ccc(N2CCOCC2)cc1 | Score: 0.49663105607032776 | Type: <class 'float'>
20:44:02 <INFO> SMILES: CC(NC(=O)c1cc(Cl)cc2ccn(C(=O)C(Cl)(Cl)Cl)c12)c1ccc(N2CCOCC2)cc1 | Score: 0.9371870756149292 | Type: <class 'float'>
20:44:02 <INFO> SMILES: CC1CN(c2ccc(C(C)NC(=O)c3cc(Cl)cc4ccn(C(=O)N(C)C)c34)cc2)CCNC1=O | Score: 0.02100587636232376 | Type: <class 'float'>
20:44:02 <INFO> SMILES: CC(NC(=O)c1cc(Cl)cc2ccn(C(=O)N(C)C)c12)c1ccc(N2CCCC3(CCCOC3)C2)cc1 | Score: 0.7235088348388672 | Type: <class 'float'>
20:44:02 <INFO> SMILES: CC(=O)n1ccc2cc(Cl)cc(C(=O)NC(C)c3ccc(C4CCNC(=O)CC4)cc3)c21 | Score: 0.09929241985082626 | Type: <class 'float'>
20:44:02 <INFO> SMILES: CC(NC(=O)c1cc(Cl)cc2ccn(C(=O)N3CCOCC3)c12)c1ccc(CC2CCC(=O)N2)cc1 | Score: 0.08028166741132736 | Type: <class 'float'>
20:44:02 <INFO> SMILES: CC(NC(=O)c1cc(Cl)cc2ccn(C(=O)N(C)C)c12)c1ccc(N2CCSCC2)cc1 | Score: 0.5468454360961914 | Type: <class 'float'>
20:44:02 <INFO> SMILES: CNC(=O)n1ccc2cc(Cl)cc(C(=O)NC(C)c3ccc(-c4ncc[nH]4)cc3)c21 | Score: 0.23022785782814026 | Type: <class 'float'>
20:44:02 <INFO> SMILES: Cc1c(-c2ccc(C(C)NC(=O)c3cc(Cl)cc4ccn(C(=O)N(C)C)c34)cc2)c(=O)[nH]n1C | Score: 0.05342999845743179 | Type: <class 'float'>
20:44:02 <INFO> SMILES: CNC(=O)n1ccc2cc(Cl)cc(C(=O)NC(C)c3ccc(-c4ccnn4C)cc3)c21 | Score: 0.15380731225013733 | Type: <class 'float'>
20:44:02 <INFO> SMILES: CC(NC(=O)c1cc(Cl)cc2ccn(C(=O)N(C)C)c12)c1ccc(-c2ccn(C)c(=O)c2)cc1 | Score: 0.18116185069084167 | Type: <class 'float'>
20:44:02 <INFO> SMILES: CC(NC(=O)c1cc(Cl)cc2ccn(C(=O)N3CCOCC3)c12)c1ccc(-c2cn[nH]c2)cc1 | Score: 0.19707214832305908 | Type: <class 'float'>
20:44:02 <INFO> SMILES: Cc1nc(Cl)nn1Cc1ccc(C(C)NC(=O)c2cc(Cl)cc3ccn(C(=O)N4CCCOCC4)c23)cc1 | Score: 0.2751717269420624 | Type: <class 'float'>
20:44:02 <INFO> SMILES: CC(=O)n1ccc2cc(Cl)cc(C(=O)NC(C)c3ccc(-c4nc5cc(Cl)ccc5n4C)cc3)c21 | Score: 0.6235613822937012 | Type: <class 'float'>
20:44:02 <INFO> SMILES: CC(NC(=O)c1cc(Cl)cc2ccn(C(=O)N3CCN(C)CC3)c12)c1ccc(C2CC2)cc1 | LogD Prediction: 3.076421022415161
20:44:02 <INFO> SMILES: CC(NC(=O)c1cc(Cl)cc2ccn(C3CCN(CC4CCN(C)CC4)CC3)c12)c1ccc(C2CCN(C)CC2)cc1 | LogD Prediction: 0.9627796411514282
20:44:02 <INFO> SMILES: CC(NC(=O)c1cc(Cl)cc2ccn(C=O)c12)c1ccc(C2CCOCC2)cc1 | LogD Prediction: 3.394240617752075
20:44:02 <INFO> SMILES: CC(NC(=O)c1cc(Cl)cc2ccn(C(=O)NCCCN(C)C)c12)c1ccc(C2CCOCC2)cc1 | LogD Prediction: 2.8266477584838867
20:44:02 <INFO> SMILES: CNC(=O)n1ccc2cc(Cl)cc(C(=O)NC(C)c3ccc(N4CCNC(C)C4)cc3)c21 | LogD Prediction: 2.390659809112549
20:44:02 <INFO> SMILES: CC1CCCC(CNC(=O)n2ccc3cc(Cl)cc(C(=O)NC(C)c4ccc(N5CCOCC5)cc4)c32)O1 | LogD Prediction: 3.8264458179473877
20:44:02 <INFO> SMILES: CC(NC(=O)c1cc(Cl)cc2ccn(C(=O)N3CCOCC3)c12)c1ccc(N2CCCOCC2)cc1 | LogD Prediction: 2.983304500579834
20:44:03 <INFO> SMILES: CNC(=O)n1ccc2cc(Cl)cc(C(=O)NC(C)c3ccc(-c4ccnn4C4CCS(=O)(=O)CC4)cc3)c21 | LogD Prediction: 2.9521450996398926
20:44:03 <INFO> SMILES: CC(NC(=O)c1cc(Cl)cc2ccn(CCN(C)C)c12)c1ccc(-c2cn(C)nn2)cc1 | LogD Prediction: 2.5510027408599854
20:44:03 <INFO> SMILES: CNC(=O)c1c(C(F)(F)F)nc(-c2ccc(C(C)NC(=O)c3cc(Cl)cc4ccn(C(=O)N(C)C)c34)cc2)n1C | LogD Prediction: 3.6590418815612793
20:44:03 <INFO> SMILES: CC(NC(=O)c1cc(Cl)cc2ccn(C(=O)N(C)C)c12)c1ccc(-c2nnco2)cc1 | LogD Prediction: 3.1030375957489014
20:44:03 <INFO> SMILES: CCN(CC)C(=O)n1ccc2cc(Cl)cc(C(=O)NC(C)c3ccc(Cn4cnc(C#N)c4)cc3)c21 | LogD Prediction: 3.7539613246917725
20:44:03 <INFO> SMILES: Cc1ccc(C(C)NC(=O)c2cc(Cl)cc3ccn(C=O)c23)cc1 | LogD Prediction: 3.4261186122894287
20:44:03 <INFO> SMILES: CC(NC(=O)c1cc(Cl)cc2ccn(C(=O)N3CCCC3)c12)c1ccc(C2CC2)cc1 | LogD Prediction: 3.5267632007598877
20:44:03 <INFO> SMILES: CC(NC(=O)c1cc(Cl)cc2ccn(C(=O)N(C)C)c12)c1ccc(CCN2CCCC2=O)cc1 | LogD Prediction: 3.1292386054992676
20:44:03 <INFO> SMILES: CC(NC(=O)c1cc(Cl)cc2ccn(CCN3CCCC3)c12)c1ccc(N2CCOCC2C(F)(F)F)cc1 | LogD Prediction: 2.925854206085205
20:44:03 <INFO> SMILES: CC(NC(=O)c1cc(Cl)cc2ccn(C(=O)N(C)C)c12)c1ccc(C2CN3CCC2CC3)cc1 | LogD Prediction: 2.341655969619751
20:44:03 <INFO> SMILES: CC(=O)N1CCCC(C(=O)n2ccc3cc(Cl)cc(C(=O)NC(C)c4ccc(C5CCCCC5)cc4)c32)C1 | LogD Prediction: 4.33460807800293
20:44:03 <INFO> SMILES: CC(NC(=O)c1cc(Cl)cc2ccn(S(=O)(=O)N(C)C)c12)c1ccc(C2CCCNC2)cc1 | LogD Prediction: 2.3487212657928467
20:44:03 <INFO> SMILES: CC(NC(=O)c1cc(Cl)cc2ccn(C(=O)C3CCC3)c12)c1ccc(C2CCOCC2)cc1 | LogD Prediction: 4.013432025909424
20:44:03 <INFO> SMILES: CC(NC(=O)c1cc(Cl)cc2ccn(C(=O)C3CC3)c12)c1ccc(C2CCOCC2)cc1 | LogD Prediction: 3.832693338394165
20:44:03 <INFO> SMILES: CC(NC(=O)c1cc(Cl)cc2ccn(C(=O)NC3CCOCC3)c12)c1ccc(C2(C)CN(C)C2)cc1 | LogD Prediction: 2.970675468444824
20:44:03 <INFO> SMILES: CNC(=O)n1ccc2cc(Cl)cc(C(=O)NC(C)c3ccc(C4(C)CCOC4)cc3)c21 | LogD Prediction: 3.5537257194519043
20:44:03 <INFO> SMILES: CC(NC(=O)c1cc(Cl)cc2ccn(C(=O)N(C)C)c12)c1ccc(C2CCC(N(C)C)CC2)cc1 | LogD Prediction: 3.385808229446411
20:44:03 <INFO> SMILES: CC(NC(=O)c1cc(Cl)cc2ccn(C(=O)N(C)C3CCOCC3)c12)c1ccc(C2CCCC2N(C)C)cc1 | LogD Prediction: 3.3166792392730713
20:44:03 <INFO> SMILES: CCN(C)C(=O)CN1CCC(n2ccc3cc(Cl)cc(C(=O)NC(C)c4ccc(C5CCCCC5)cc4)c32)CC1 | LogD Prediction: 3.5464656352996826
20:44:03 <INFO> SMILES: CNC(=O)n1ccc2cc(Cl)cc(C(=O)NC(C)c3ccc(C4CCCCC4)cc3)c21 | LogD Prediction: 4.327729225158691
20:44:03 <INFO> SMILES: CC(=O)N1CCC(n2ccc3cc(Cl)cc(C(=O)NC(C)c4ccc(C5CCC5)cc4)c32)CC1 | LogD Prediction: 3.59967041015625
20:44:03 <INFO> SMILES: CC(=O)n1ccc2cc(Cl)cc(C(=O)NC(C)c3ccc(N4CCCC5COCCCC54)cc3)c21 | LogD Prediction: 3.6638448238372803
20:44:03 <INFO> SMILES: CC(NC(=O)c1cc(Cl)cc2ccn(C(=O)N(C)C)c12)c1ccc(C2CCCCC2)cc1 | LogD Prediction: 4.265364646911621
20:44:03 <INFO> SMILES: CC(=O)n1ccc2cc(Cl)cc(C(=O)NC(C)c3ccc(CC4CCCO4)cc3)c21 | LogD Prediction: 3.7048871517181396
20:44:03 <INFO> SMILES: CC(NC(=O)c1cc(Cl)cc2ccn(C(=O)N(C)C)c12)c1ccc(N2CCCC2)cc1 | LogD Prediction: 3.3194456100463867
20:44:03 <INFO> SMILES: CC(NC(=O)c1cc(Cl)cc2ccn(C3CCN(C(=O)CN(C)C)CC3)c12)c1ccc(N2CCNCC2)cc1 | LogD Prediction: 1.6185237169265747
20:44:03 <INFO> SMILES: CC(NC(=O)c1cc(Cl)cc2ccn(C(=O)N3CCN(C)CC3)c12)c1ccc(N2CCOCC2)cc1 | LogD Prediction: 2.581266164779663
20:44:03 <INFO> SMILES: CCN(CC)C(=O)n1ccc2cc(Cl)cc(C(=O)NC(C)c3ccc(N4CCCOCC4)cc3)c21 | LogD Prediction: 3.6817281246185303
20:44:03 <INFO> SMILES: CC(=O)N1CCCC1C(=O)n1ccc2cc(Cl)cc(C(=O)NC(C)c3ccc(N4CCNCC4)cc3)c21 | LogD Prediction: 2.157949686050415
20:44:03 <INFO> SMILES: CC(NC(=O)c1cc(Cl)cc2ccn(CCN(C)C)c12)c1ccc(N2CCOCC2)cc1 | LogD Prediction: 2.467813014984131
20:44:03 <INFO> SMILES: CC(=O)N1CCN(C(=O)n2ccc3cc(Cl)cc(C(=O)NC(C)c4ccc(N5CCOCC5)cc4)c32)CC1 | LogD Prediction: 2.656707286834717
20:44:03 <INFO> SMILES: CC(NC(=O)c1cc(Cl)cc2ccn(C(=O)N(C)C)c12)c1ccc(N2CCC(C)C(C)C2)cc1 | LogD Prediction: 3.9529731273651123
20:44:03 <INFO> SMILES: CC(=O)N1CCN(c2ccc(C(C)NC(=O)c3cc(Cl)cc4ccn(C(C)=O)c34)cc2)CC1 | LogD Prediction: 3.095160722732544
20:44:03 <INFO> SMILES: CCN(CC)C(=O)n1ccc2cc(Cl)cc(C(=O)NC(C)c3ccc(N4CCCNCC4)cc3)c21 | LogD Prediction: 2.5848910808563232
20:44:03 <INFO> SMILES: CNC(=O)n1ccc2cc(Cl)cc(C(=O)NC(C)c3ccc(N4CCCNCC4)cc3)c21 | LogD Prediction: 2.149718999862671
20:44:03 <INFO> SMILES: CC(NC(=O)c1cc(Cl)cc2ccn(C(=O)N3CCN(C4COC4)CC3)c12)c1ccc(N2CCOCC2)cc1 | LogD Prediction: 2.6954362392425537
20:44:03 <INFO> SMILES: CC(=O)NC(=O)n1ccc2cc(Cl)cc(C(=O)NC(C)c3ccc(N4CCCOCC4)cc3)c21 | LogD Prediction: 3.0310163497924805
20:44:03 <INFO> SMILES: CC(NC(=O)c1cc(Cl)cc2ccn(C(=O)C3CC3)c12)c1ccc(N2CCN(C)CC2)cc1 | LogD Prediction: 3.2449679374694824
20:44:03 <INFO> SMILES: COCCn1ccc2cc(Cl)cc(C(=O)NC(C)c3ccc(N4CCOCC4)cc3)c21 | LogD Prediction: 3.18194842338562
20:44:03 <INFO> SMILES: CC(NC(=O)c1cc(Cl)cc2ccn(C(=O)c3ccncc3)c12)c1ccc(N2CCOCC2)cc1 | LogD Prediction: 2.9296841621398926
20:44:03 <INFO> SMILES: CC(NC(=O)c1cc(Cl)cc2ccn(Cc3ccc(Cl)cc3)c12)c1ccc(N2CCCCC2)cc1 | LogD Prediction: 3.7426583766937256
20:44:03 <INFO> SMILES: CC(NC(=O)c1cc(Cl)cc2ccn(C(=O)N3CCC(N(C)C)CC3)c12)c1ccc(N2CCOCC2)cc1 | LogD Prediction: 2.4802393913269043
20:44:03 <INFO> SMILES: CC(NC(=O)c1cc(Cl)cc2ccn(C(=O)C(Cl)(Cl)Cl)c12)c1ccc(N2CCOCC2)cc1 | LogD Prediction: 3.694978952407837
20:44:03 <INFO> SMILES: CC1CN(c2ccc(C(C)NC(=O)c3cc(Cl)cc4ccn(C(=O)N(C)C)c34)cc2)CCNC1=O | LogD Prediction: 2.962498903274536
20:44:03 <INFO> SMILES: CC(NC(=O)c1cc(Cl)cc2ccn(C(=O)N(C)C)c12)c1ccc(N2CCCC3(CCCOC3)C2)cc1 | LogD Prediction: 3.5562846660614014
20:44:03 <INFO> SMILES: CC(=O)n1ccc2cc(Cl)cc(C(=O)NC(C)c3ccc(C4CCNC(=O)CC4)cc3)c21 | LogD Prediction: 3.2879624366760254
20:44:03 <INFO> SMILES: CC(NC(=O)c1cc(Cl)cc2ccn(C(=O)N3CCOCC3)c12)c1ccc(CC2CCC(=O)N2)cc1 | LogD Prediction: 2.853431224822998
20:44:03 <INFO> SMILES: CC(NC(=O)c1cc(Cl)cc2ccn(C(=O)N(C)C)c12)c1ccc(N2CCSCC2)cc1 | LogD Prediction: 3.4370391368865967
20:44:03 <INFO> SMILES: CNC(=O)n1ccc2cc(Cl)cc(C(=O)NC(C)c3ccc(-c4ncc[nH]4)cc3)c21 | LogD Prediction: 3.2156612873077393
20:44:03 <INFO> SMILES: Cc1c(-c2ccc(C(C)NC(=O)c3cc(Cl)cc4ccn(C(=O)N(C)C)c34)cc2)c(=O)[nH]n1C | LogD Prediction: 3.068744659423828
20:44:03 <INFO> SMILES: CNC(=O)n1ccc2cc(Cl)cc(C(=O)NC(C)c3ccc(-c4ccnn4C)cc3)c21 | LogD Prediction: 3.199780225753784
20:44:03 <INFO> SMILES: CC(NC(=O)c1cc(Cl)cc2ccn(C(=O)N(C)C)c12)c1ccc(-c2ccn(C)c(=O)c2)cc1 | LogD Prediction: 3.209449529647827
20:44:03 <INFO> SMILES: CC(NC(=O)c1cc(Cl)cc2ccn(C(=O)N3CCOCC3)c12)c1ccc(-c2cn[nH]c2)cc1 | LogD Prediction: 2.7669899463653564
20:44:03 <INFO> SMILES: Cc1nc(Cl)nn1Cc1ccc(C(C)NC(=O)c2cc(Cl)cc3ccn(C(=O)N4CCCOCC4)c23)cc1 | LogD Prediction: 3.353320837020874
20:44:03 <INFO> SMILES: CC(=O)n1ccc2cc(Cl)cc(C(=O)NC(C)c3ccc(-c4nc5cc(Cl)ccc5n4C)cc3)c21 | LogD Prediction: 4.035767555236816
20:44:03 <INFO> Score: 0.02 Agent NLL: 13.30 Valid:  99% Step: 10
 | Agent Prior Target Score SMILES SMILES_state Input_Scaffold R-groups Scaffold QED QED (raw) gnina score gnina score (raw) MW MW (raw) SlogP (RDKit) SlogP (RDKit) (raw) TPSA TPSA (raw) Number of stereo centers Number of stereo centers (raw) Number of HB acceptors (Lipinski) Number of HB acceptors (Lipinski) (raw) Number of HB donors (Lipinski) Number of HB donors (Lipinski) (raw) Number of rotatable bonds Number of rotatable bonds (raw) Number of Heavy atoms Number of Heavy atoms (raw) Molecular Volume (RDKit) Molecular Volume (RDKit) (raw) SA score SA score (raw) herg inactive herg inactive (raw) LogD LogD (raw) Alerts Alerts (raw) matching_patterns (Alerts)
 | 11.7959 15.6339 -15.6339 0.0000000 CC(NC(=O)c1cc(Cl)cc2ccn(C(N)=O)c12)c1ccc(C2(C#N)CC2)cc1 1 c1cc2c(c(C(=O)NC(C)c3ccc([*])cc3)cc(Cl)c2)n1[*] *C1(C#N)CC1|*C(N)=O O=C(NCc1ccc(C2CC2)cc1)c1cccc2cc[nH]c12 0.0000000 0.0000 0.0000000 0.0000 0.0000000 0.0000 0.0000000 0.0000 0.0000000 0.0000 0.0000000 0.0000 0.0000000 0.0000 0.0000000 0.0000 0.0000000 0.0000 0.0000000 0.0000 0.0000000 0.0000 0.0000000 0.0000 0.0000000 0.0000 0.0000000 0.0000 0.0000000 0.0000 ['[NH2]']
 | 10.1304 16.8066 -2.2106 0.0291919 CC(NC(=O)c1cc(Cl)cc2ccn(C(=O)N(C)C)c12)c1ccc(C2(C)COC2)cc1 1 c1cc2c(c(C(=O)NC(C)c3ccc([*])cc3)cc(Cl)c2)n1[*] *C1(C)COC1|CN(C)C(*)=O O=C(NCc1ccc(C2COC2)cc1)c1cccc2cc[nH]c12 0.6455637 0.6456 -8.2128100 -8.2128 0.9960554 439.9430 0.0000004 4.6033 1.0000000 63.5700 1.0000000 1.0000 1.0000000 4.0000 0.9467598 1.0000 0.9693466 4.0000 0.9745624 31.0000 0.9015962 392.2800 0.8720328 3.3331 1.0000000 0.3278 0.5614111 3.4732 1.0000000 1.0000 []
 | 7.5489 14.6173 -10.4175 0.0083996 CCNC(=O)n1ccc2cc(Cl)cc(C(=O)NC(C)c3ccc(C4CC4)cc3)c21 1 c1cc2c(c(C(=O)NC(C)c3ccc([*])cc3)cc(Cl)c2)n1[*] *C1CC1|*C(NCC)=O O=C(NCc1ccc(C2CC2)cc1)c1cccc2cc[nH]c12 0.6047603 0.6048 -8.5168300 -8.5168 0.9997508 409.9170 0.0000000 5.2407 1.0000000 63.1300 1.0000000 1.0000 1.0000000 3.0000 0.5000000 2.0000 0.9467598 5.0000 0.9825279 29.0000 0.9553297 370.1920 0.9106362 2.9836 0.0035192 0.5245 0.0766280 3.7702 1.0000000 1.0000 []
 | 10.4637 13.7174 -3.8314 0.0197720 CNC(=O)n1ccc2cc(Cl)cc(C(=O)NC(C)c3ccc(C4CC4)cc3)c21 1 c1cc2c(c(C(=O)NC(C)c3ccc([*])cc3)cc(Cl)c2)n1[*] *C1CC1|C(=O)(NC)* O=C(NCc1ccc(C2CC2)cc1)c1cccc2cc[nH]c12 0.6627747 0.6628 -8.6461600 -8.6462 0.9999315 395.8900 0.0000001 4.8506 1.0000000 63.1300 1.0000000 1.0000 1.0000000 3.0000 0.5000000 2.0000 0.9693466 4.0000 0.9855343 28.0000 0.9759114 353.5440 0.9099129 2.9913 1.0000000 0.4068 0.1201362 3.7162 1.0000000 1.0000 []
 | 11.3574 17.1012 -0.8238 0.0325548 CC(NC(=O)c1cc(Cl)cc2ccn(C(=O)N3CCN(C)CC3)c12)c1ccc(C2CC2)cc1 1 c1cc2c(c(C(=O)NC(C)c3ccc([*])cc3)cc(Cl)c2)n1[*] *C1CC1|C1CN(C)CCN1C(*)=O O=C(NCc1ccc(C2CC2)cc1)c1cccc2ccn(C(=O)N3CCNCC3)c12 0.5983605 0.5984 -3.1952000 -3.1952 0.9617236 464.9970 0.0000001 4.8786 1.0000000 57.5800 1.0000000 1.0000 1.0000000 4.0000 0.9467598 1.0000 0.9693466 4.0000 0.9631018 33.0000 0.7592984 420.0640 0.9005584 3.0861 0.9160859 0.4896 0.9801851 3.0764 1.0000000 1.0000 []
 | 13.0800 14.5923 -14.5923 0.0000000 CCOC(=O)n1ccc2cc(Cl)cc(C(=O)NC(C)c3ccc(C4CC4)cc3)c21 1 c1cc2c(c(C(=O)NC(C)c3ccc([*])cc3)cc(Cl)c2)n1[*] *C1CC1|CCOC(=O)* O=C(NCc1ccc(C2CC2)cc1)c1cccc2cc[nH]c12 0.0000000 0.0000 0.0000000 0.0000 0.0000000 0.0000 0.0000000 0.0000 0.0000000 0.0000 0.0000000 0.0000 0.0000000 0.0000 0.0000000 0.0000 0.0000000 0.0000 0.0000000 0.0000 0.0000000 0.0000 0.0000000 0.0000 0.0000000 0.0000 0.0000000 0.0000 0.0000000 0.0000 ['C(=[O,S])[O,S]']
 | 7.7018 12.1882 -2.1575 0.0200615 CC(NC(=O)c1cc(Cl)cc2ccn(C(=O)N(C)C)c12)c1ccc(C2CC2)cc1 1 c1cc2c(c(C(=O)NC(C)c3ccc([*])cc3)cc(Cl)c2)n1[*] *C1CC1|N(C)(C)C(=O)* O=C(NCc1ccc(C2CC2)cc1)c1cccc2cc[nH]c12 0.6439786 0.6440 -6.4630000 -6.4630 0.9997508 409.9170 0.0000000 5.1928 1.0000000 54.3400 1.0000000 1.0000 1.0000000 3.0000 0.9467598 1.0000 0.9693466 4.0000 0.9825279 29.0000 0.9558507 369.8720 0.9085720 3.0054 0.9999564 0.4564 0.1297539 3.7066 1.0000000 1.0000 []
 | 14.0166 19.1612 -19.1612 0.0000000 CC(NC(=O)c1cc(Cl)cc2ccn(C(=O)C(C)(C)N)c12)c1ccc(C2CCC2)cc1 1 c1cc2c(c(C(=O)NC(C)c3ccc([*])cc3)cc(Cl)c2)n1[*] *C1CCC1|NC(C)(C)C(*)=O O=C(NCc1ccc(C2CCC2)cc1)c1cccc2cc[nH]c12 0.0000000 0.0000 0.0000000 0.0000 0.0000000 0.0000 0.0000000 0.0000 0.0000000 0.0000 0.0000000 0.0000 0.0000000 0.0000 0.0000000 0.0000 0.0000000 0.0000 0.0000000 0.0000 0.0000000 0.0000 0.0000000 0.0000 0.0000000 0.0000 0.0000000 0.0000 0.0000000 0.0000 ['[NH2]']
 | 9.2356 17.9017 -1.3945 0.0330144 CC(NC(=O)c1cc(Cl)cc2ccn(C(=O)N(C)C)c12)c1ccc(C2CCCNC2)cc1 1 c1cc2c(c(C(=O)NC(C)c3ccc([*])cc3)cc(Cl)c2)n1[*] *C1CCCNC1|O=C(N(C)C)* O=C(NCc1ccc(C2CCCNC2)cc1)c1cccc2cc[nH]c12 0.5981101 0.5981 -7.6135900 -7.6136 0.9870055 452.9860 0.0000001 4.7824 1.0000000 66.3700 1.0000000 2.0000 1.0000000 4.0000 0.5000000 2.0000 0.9693466 4.0000 0.9693466 32.0000 0.8133793 411.6400 0.8554853 3.4554 0.9327245 0.4886 0.9999961 2.1466 1.0000000 1.0000 []
 | 23.9956 32.8760 -32.7073 0.0003375 CC(NC(=O)c1cc(Cl)cc2ccn(C3CCN(CC4CCN(C)CC4)CC3)c12)c1ccc(C2CCN(C)CC2)cc1 1 c1cc2c(c(C(=O)NC(C)c3ccc([*])cc3)cc(Cl)c2)n1[*] *C1CCN(C)CC1|N1(C)CCC(CN2CCC(*)CC2)CC1 O=C(NCc1ccc(C2CCNCC2)cc1)c1cccc2ccn(C3CCN(CC4CCNCC4)CC3)c12 0.3383093 0.3383 -8.7632600 -8.7633 0.0002453 590.2560 0.0000000 6.5736 0.9999994 43.7500 1.0000000 1.0000 1.0000000 5.0000 0.9467598 1.0000 0.8490205 7.0000 0.8227450 42.0000 0.0121017 564.7120 0.8737639 3.3196 0.0000000 0.9356 1.0000000 0.9628 1.0000000 1.0000 []
20:50:06 <INFO> SMILES: CC(NC(=O)c1cc(Cl)cc2ccn(C(=O)N(C)C)c12)c1ccc(N2CCN3CCCC3C2)cc1 | Score: 0.6334620118141174 | Type: <class 'float'>
20:50:06 <INFO> SMILES: CC(NC(=O)c1cc(Cl)cc2ccn(C(=O)N3CCCOCC3)c12)c1ccc(C2CCOCC2)cc1 | Score: 0.28022751212120056 | Type: <class 'float'>
20:50:06 <INFO> SMILES: CC(NC(=O)c1cc(Cl)cc2ccn(C(=O)NCCN(C)C)c12)c1ccc(C2CCOCC2)cc1 | Score: 0.7628574371337891 | Type: <class 'float'>
20:50:06 <INFO> SMILES: CCNC(=O)n1ccc2cc(Cl)cc(C(=O)NC(C)c3ccc(N4CCCOCC4)cc3)c21 | Score: 0.40641510486602783 | Type: <class 'float'>
20:50:06 <INFO> SMILES: CC(NC(=O)C1CCCN1)C(=O)n1ccc2cc(Cl)cc(C(=O)NC(C)c3ccc(C4CCOCC4)cc3)c21 | Score: 0.3265482783317566 | Type: <class 'float'>
20:50:06 <INFO> SMILES: CC(=O)n1ccc2cc(Cl)cc(C(=O)NC(C)c3ccc(C4CCCCC4)cc3)c21 | Score: 0.5529211759567261 | Type: <class 'float'>
20:50:06 <INFO> SMILES: CC(=O)n1ccc2cc(Cl)cc(C(=O)NC(C)c3ccc(-c4n[nH]c(=O)n4C)cc3)c21 | Score: 0.16113623976707458 | Type: <class 'float'>
20:50:06 <INFO> SMILES: CC(=O)n1ccc2cc(Cl)cc(C(=O)NC(C)c3ccc(-c4nc(-c5c[nH]c(=O)[nH]5)cn4C)cc3)c21 | Score: 0.13212929666042328 | Type: <class 'float'>
20:50:06 <INFO> SMILES: CC(NC(=O)c1cc(Cl)cc2ccn(C(=O)CN(C)C)c12)c1ccc(C2CCNCC2)cc1 | Score: 0.7985771298408508 | Type: <class 'float'>
20:50:06 <INFO> SMILES: COC1CN(c2ccc(C(C)NC(=O)c3cc(Cl)cc4ccn(C(=O)N(C)C)c34)cc2)C1 | Score: 0.49008405208587646 | Type: <class 'float'>
20:50:06 <INFO> SMILES: Cc1c[nH]c(-c2cn(C3CCN(c4ccc(C(C)NC(=O)c5cc(Cl)cc6ccn(C(=O)N(C)C)c56)cc4)CC3)cn2)n1 | Score: 0.5349694490432739 | Type: <class 'float'>
20:50:06 <INFO> SMILES: CNC(=O)n1ccc2cc(Cl)cc(C(=O)NC(C)c3ccc(N4CCCOCC4)cc3)c21 | Score: 0.30799123644828796 | Type: <class 'float'>
20:50:06 <INFO> SMILES: CCn1cc(-c2ccc(C(C)NC(=O)c3cc(Cl)cc4ccn(C(=O)NC)c34)cc2)cn1 | Score: 0.2763029932975769 | Type: <class 'float'>
20:50:07 <INFO> SMILES: CNC(=O)n1ccc2cc(Cl)cc(C(=O)NC(C)c3ccc(-c4[nH]c(-c5ccc(=O)n(C)n5)nc4OC)cc3)c21 | Score: 0.250970721244812 | Type: <class 'float'>
20:50:07 <INFO> SMILES: CCNC(=O)n1ccc2cc(Cl)cc(C(=O)NC(C)c3ccc(C4CCCCC4)cc3)c21 | Score: 0.5957048535346985 | Type: <class 'float'>
20:50:07 <INFO> SMILES: CCNC(=O)n1ccc2cc(Cl)cc(C(=O)NC(C)c3ccc(N4CCCNCC4)cc3)c21 | Score: 0.6409420371055603 | Type: <class 'float'>
20:50:07 <INFO> SMILES: CCNC(=O)n1ccc2cc(Cl)cc(C(=O)NC(C)c3ccc(N4CCCN(C)CC4)cc3)c21 | Score: 0.7463886141777039 | Type: <class 'float'>
20:50:07 <INFO> SMILES: CC(NC(=O)c1cc(Cl)cc2ccn(CCN(C)C)c12)c1ccc(-c2cnn[nH]2)cc1 | Score: 0.8767167925834656 | Type: <class 'float'>
20:50:07 <INFO> SMILES: CC(NC(=O)c1cc(Cl)cc2ccn(C(=O)CCN(C)C)c12)c1ccc(N2CCOCC2)cc1 | Score: 0.7190409898757935 | Type: <class 'float'>
20:50:07 <INFO> SMILES: CNCC(=O)n1ccc2cc(Cl)cc(C(=O)NC(C)c3ccc(N4CCOCC4)cc3)c21 | Score: 0.4437117278575897 | Type: <class 'float'>
20:50:07 <INFO> SMILES: CC(NC(=O)c1cc(Cl)cc2ccn(C(=O)N(C)C(C)C)c12)c1ccc(C2CCCCC2)cc1 | Score: 0.6719042658805847 | Type: <class 'float'>
20:50:07 <INFO> SMILES: CCN(C)C(=O)n1ccc2cc(Cl)cc(C(=O)NC(C)c3ccc(N4CCN(C)CC4)cc3)c21 | Score: 0.6125975251197815 | Type: <class 'float'>
20:50:07 <INFO> SMILES: CC(NC(=O)c1cc(Cl)cc2ccn(C(=O)N(C)C)c12)c1ccc(-c2ccc(=O)[nH]n2)cc1 | Score: 0.21805919706821442 | Type: <class 'float'>
20:50:07 <INFO> SMILES: CC1CCC(NC(=O)n2ccc3cc(Cl)cc(C(=O)NC(C)c4ccc(-c5cn[nH]c5)cc4)c32)CC1 | Score: 0.7468761205673218 | Type: <class 'float'>
20:50:07 <INFO> SMILES: CC[n+]1cccc(-c2ccc(C(C)NC(=O)c3cc(Cl)cc4ccn(C(=O)NC5CCCCCC5)c34)cc2)c1 | Score: 0.7204059362411499 | Type: <class 'float'>
20:50:07 <INFO> SMILES: CC(NC(=O)c1cc(Cl)cc2ccn(C(=O)C3CNCCCO3)c12)c1ccc(N2CCOCC2)cc1 | Score: 0.514211118221283 | Type: <class 'float'>
20:50:07 <INFO> SMILES: CC(NC(=O)c1cc(Cl)cc2ccn(C(=O)N3CCC(CN(C)C)CC3)c12)c1ccc(C2CCOCC2)cc1 | Score: 0.6905139088630676 | Type: <class 'float'>
20:50:07 <INFO> SMILES: CC(NC(=O)c1cc(Cl)cc2ccn(C(=O)N3CCN(C)CC3)c12)c1ccc(C2CCN(C)CC2)cc1 | Score: 0.6318671107292175 | Type: <class 'float'>
20:50:07 <INFO> SMILES: CCN1CCN(C(=O)n2ccc3cc(Cl)cc(C(=O)NC(C)c4ccc(N5CCCOCC5)cc4)c32)CC1 | Score: 0.4598606526851654 | Type: <class 'float'>
20:50:07 <INFO> SMILES: CCN(C)C(=O)n1ccc2cc(Cl)cc(C(=O)NC(C)c3ccc(C4CCN(CC5CC5)CC4)cc3)c21 | Score: 0.7309883832931519 | Type: <class 'float'>
20:50:07 <INFO> SMILES: CCN(C)C(=O)n1ccc2cc(Cl)cc(C(=O)NC(C)c3ccc(C4CCCCC4)cc3)c21 | Score: 0.5151444673538208 | Type: <class 'float'>
20:50:07 <INFO> SMILES: CCN(C)C(=O)n1ccc2cc(Cl)cc(C(=O)NC(C)c3ccc(N4CCCCCC4)cc3)c21 | Score: 0.6304885745048523 | Type: <class 'float'>
20:50:07 <INFO> SMILES: CCN(C)CC(=O)n1ccc2cc(Cl)cc(C(=O)NC(C)c3ccc(C4CCNCC4)cc3)c21 | Score: 0.8366996645927429 | Type: <class 'float'>
20:50:07 <INFO> SMILES: CCNC(=O)n1ccc2cc(Cl)cc(C(=O)NC(C)c3ccc(CCN4CCCOCC4)cc3)c21 | Score: 0.740096926689148 | Type: <class 'float'>
20:50:07 <INFO> SMILES: CCNC(=O)n1ccc2cc(Cl)cc(C(=O)NC(C)c3ccc(C4CCCNC4)cc3)c21 | Score: 0.5502607226371765 | Type: <class 'float'>
20:50:07 <INFO> SMILES: CCNC(=O)n1ccc2cc(Cl)cc(C(=O)NC(C)c3ccc(-c4c[nH]c(=O)[nH]4)cc3)c21 | Score: 0.2400819957256317 | Type: <class 'float'>
20:50:07 <INFO> SMILES: CCNC(=O)n1ccc2cc(Cl)cc(C(=O)NC(C)c3ccc(N4CCCCCC4)cc3)c21 | Score: 0.7038633227348328 | Type: <class 'float'>
20:50:07 <INFO> SMILES: CCNC(=O)n1ccc2cc(Cl)cc(C(=O)NC(C)c3ccc(-c4cn[nH]c4)cc3)c21 | Score: 0.48800086975097656 | Type: <class 'float'>
20:50:07 <INFO> SMILES: CC(NC(=O)c1cc(Cl)cc2ccn(C(=O)N(C)C)c12)c1ccc(-c2ccn(C3CNCCO3)n2)cc1 | Score: 0.3710486888885498 | Type: <class 'float'>
20:50:07 <INFO> SMILES: Cc1n[nH]c(-c2ccc(C(C)NC(=O)c3cc(Cl)cc4ccn(C(=O)N(C)C)c34)cc2)n1 | Score: 0.5271257758140564 | Type: <class 'float'>
20:50:07 <INFO> SMILES: CC(NC(=O)c1cc(Cl)cc2ccn(C(=O)N(C)C)c12)c1ccc(-c2ccnn2C)cc1 | Score: 0.18538405001163483 | Type: <class 'float'>
20:50:07 <INFO> SMILES: CNC(=O)n1ccc2cc(Cl)cc(C(=O)NC(C)c3ccc(-c4ccccc4)cc3)c21 | Score: 0.4872390627861023 | Type: <class 'float'>
20:50:07 <INFO> SMILES: CCn1nnc(-c2ccc(C(C)NC(=O)c3cc(Cl)cc4ccn(C(=O)N(C)C)c34)cc2)n1 | Score: 0.4306192696094513 | Type: <class 'float'>
20:50:07 <INFO> SMILES: CNC(=O)n1ccc2cc(Cl)cc(C(=O)NC(C)c3ccc(C4CCCNC4)cc3)c21 | Score: 0.44419217109680176 | Type: <class 'float'>
20:50:07 <INFO> SMILES: CC(NC(=O)c1cc(Cl)cc2ccn(C(=O)N(C)C)c12)c1ccc(C2(C)CCOCCO2)cc1 | Score: 0.37505045533180237 | Type: <class 'float'>
20:50:07 <INFO> SMILES: CC1CCN(c2ccc(C(C)NC(=O)c3cc(Cl)cc4ccn(C(=O)N(C)C)c34)cc2)CC1 | Score: 0.7180418968200684 | Type: <class 'float'>
20:50:07 <INFO> SMILES: CC(NC(=O)c1cc(Cl)cc2ccn(C(=O)N(C)C)c12)c1ccc(C2COCCC2N2CCCCC2)cc1 | Score: 0.5523706674575806 | Type: <class 'float'>
20:50:07 <INFO> SMILES: CCN1CCN(C(=O)Cc2ccc(C(C)NC(=O)c3cc(Cl)cc4ccn(C(=O)N(C)C)c34)cc2)CC1 | Score: 0.18049198389053345 | Type: <class 'float'>
20:50:07 <INFO> SMILES: CC(NC(=O)c1cc(Cl)cc2ccn(C(=O)N(C)C)c12)c1ccc(-c2n[nH]c(=O)n2C)cc1 | Score: 0.16700126230716705 | Type: <class 'float'>
20:50:07 <INFO> SMILES: CCNC(=O)n1ccc2cc(Cl)cc(C(=O)NC(C)c3ccc(Cn4cnc(C)c4)cc3)c21 | Score: 0.5065503716468811 | Type: <class 'float'>
20:50:07 <INFO> SMILES: Cc1ccc(C(C)NC(=O)c2cc(Cl)cc3ccn(C(=O)N4CCOCC4)c23)cc1 | Score: 0.23381955921649933 | Type: <class 'float'>
20:50:07 <INFO> SMILES: CC(NC(=O)c1cc(Cl)cc2ccn(C(=O)N3CCCNCC3)c12)c1ccc(C2CCOCC2)cc1 | Score: 0.4631582796573639 | Type: <class 'float'>
20:50:07 <INFO> SMILES: CC(=O)n1ccc2cc(Cl)cc(C(=O)NC(C)c3ccc(C4CCCOCC4)cc3)c21 | Score: 0.49403131008148193 | Type: <class 'float'>
20:50:07 <INFO> SMILES: CC(=O)n1ccc2cc(Cl)cc(C(=O)NC(C)c3ccc(N(C)c4cccnc4)cc3)c21 | Score: 0.4937777817249298 | Type: <class 'float'>
20:50:07 <INFO> SMILES: CC(NC(=O)c1cc(Cl)cc2ccn(C(=O)N(C)C)c12)c1ccc(C2(C)CCNCC2)cc1 | Score: 0.5293229222297668 | Type: <class 'float'>
20:50:07 <INFO> SMILES: CC(NC(=O)c1cc(Cl)cc2ccn(C(=O)N(C)C)c12)c1ccc(C2CCCC2)cc1 | Score: 0.510546863079071 | Type: <class 'float'>
20:50:07 <INFO> SMILES: CC(NC(=O)c1cc(Cl)cc2ccn(C(=O)N(C)C)c12)c1ccc(C2CCCOC2)cc1 | Score: 0.41989144682884216 | Type: <class 'float'>
20:50:07 <INFO> SMILES: CC(=O)NCCn1ccc2cc(Cl)cc(C(=O)NC(C)c3ccc(N4CCOCC4)cc3)c21 | Score: 0.6035064458847046 | Type: <class 'float'>
20:50:07 <INFO> SMILES: CC(NC(=O)c1cc(Cl)cc2ccn(C(=O)NCC(=O)N(C)C)c12)c1ccc(-c2cncnc2)cc1 | Score: 0.3277081251144409 | Type: <class 'float'>
20:50:07 <INFO> SMILES: CC(NC(=O)c1cc(Cl)cc2ccn(C(=O)N(C)C)c12)c1ccc(C2CCN(C(=O)c3cc(Cl)ncn3)CC2)cc1 | Score: 0.28173089027404785 | Type: <class 'float'>
20:50:07 <INFO> SMILES: CC(NC(=O)c1cc(Cl)cc2ccn(C(=O)N(C)C)c12)c1ccc(-c2c[nH]c(=O)[nH]c2=O)cc1 | Score: 0.08166084438562393 | Type: <class 'float'>
20:50:07 <INFO> SMILES: CC(NC(=O)c1cc(Cl)cc2ccn(C(=O)N3CCN(C)CC3)c12)c1ccc(N2CCCCC2)cc1 | Score: 0.6429503560066223 | Type: <class 'float'>
20:50:07 <INFO> SMILES: CC(NC(=O)c1cc(Cl)cc2ccn(C(=O)Nc3ccc(N4CCCCC4)cc3)c12)c1ccc(N2CCOCC2)cc1 | Score: 0.6925255060195923 | Type: <class 'float'>
20:50:07 <INFO> SMILES: CON=Cc1ccccc1C(=O)n1ccc2cc(Cl)cc(C(=O)NC(C)c3ccc(CC4=NCCN4)cc3)c21 | Score: 0.6781750917434692 | Type: <class 'float'>
20:50:07 <INFO> SMILES: CC(NC(=O)c1cc(Cl)cc2ccn(C(=O)N(C)C)c12)c1ccc(N2CCN3CCCC3C2)cc1 | LogD Prediction: 2.6109941005706787
20:50:07 <INFO> SMILES: CC(NC(=O)c1cc(Cl)cc2ccn(C(=O)N3CCCOCC3)c12)c1ccc(C2CCOCC2)cc1 | LogD Prediction: 3.2764487266540527
20:50:07 <INFO> SMILES: CC(NC(=O)c1cc(Cl)cc2ccn(C(=O)NCCN(C)C)c12)c1ccc(C2CCOCC2)cc1 | LogD Prediction: 2.948946237564087
20:50:07 <INFO> SMILES: CCNC(=O)n1ccc2cc(Cl)cc(C(=O)NC(C)c3ccc(N4CCCOCC4)cc3)c21 | LogD Prediction: 3.4133665561676025
20:50:07 <INFO> SMILES: CC(NC(=O)C1CCCN1)C(=O)n1ccc2cc(Cl)cc(C(=O)NC(C)c3ccc(C4CCOCC4)cc3)c21 | LogD Prediction: 2.5491909980773926
20:50:07 <INFO> SMILES: CC(=O)n1ccc2cc(Cl)cc(C(=O)NC(C)c3ccc(C4CCCCC4)cc3)c21 | LogD Prediction: 4.436112403869629
20:50:07 <INFO> SMILES: CC(=O)n1ccc2cc(Cl)cc(C(=O)NC(C)c3ccc(-c4n[nH]c(=O)n4C)cc3)c21 | LogD Prediction: 2.7816250324249268
20:50:07 <INFO> SMILES: CC(=O)n1ccc2cc(Cl)cc(C(=O)NC(C)c3ccc(-c4nc(-c5c[nH]c(=O)[nH]5)cn4C)cc3)c21 | LogD Prediction: 3.221761465072632
20:50:07 <INFO> SMILES: CC(NC(=O)c1cc(Cl)cc2ccn(C(=O)CN(C)C)c12)c1ccc(C2CCNCC2)cc1 | LogD Prediction: 1.4314607381820679
20:50:07 <INFO> SMILES: COC1CN(c2ccc(C(C)NC(=O)c3cc(Cl)cc4ccn(C(=O)N(C)C)c34)cc2)C1 | LogD Prediction: 3.2806098461151123
20:50:07 <INFO> SMILES: Cc1c[nH]c(-c2cn(C3CCN(c4ccc(C(C)NC(=O)c5cc(Cl)cc6ccn(C(=O)N(C)C)c56)cc4)CC3)cn2)n1 | LogD Prediction: 3.640110731124878
20:50:07 <INFO> SMILES: CNC(=O)n1ccc2cc(Cl)cc(C(=O)NC(C)c3ccc(N4CCCOCC4)cc3)c21 | LogD Prediction: 3.341979503631592
20:50:07 <INFO> SMILES: CCn1cc(-c2ccc(C(C)NC(=O)c3cc(Cl)cc4ccn(C(=O)NC)c34)cc2)cn1 | LogD Prediction: 3.50962233543396
20:50:07 <INFO> SMILES: CNC(=O)n1ccc2cc(Cl)cc(C(=O)NC(C)c3ccc(-c4[nH]c(-c5ccc(=O)n(C)n5)nc4OC)cc3)c21 | LogD Prediction: 3.192253828048706
20:50:07 <INFO> SMILES: CCNC(=O)n1ccc2cc(Cl)cc(C(=O)NC(C)c3ccc(C4CCCCC4)cc3)c21 | LogD Prediction: 4.382501125335693
20:50:07 <INFO> SMILES: CCNC(=O)n1ccc2cc(Cl)cc(C(=O)NC(C)c3ccc(N4CCCNCC4)cc3)c21 | LogD Prediction: 2.249476671218872
20:50:07 <INFO> SMILES: CCNC(=O)n1ccc2cc(Cl)cc(C(=O)NC(C)c3ccc(N4CCCN(C)CC4)cc3)c21 | LogD Prediction: 2.844630002975464
20:50:07 <INFO> SMILES: CC(NC(=O)c1cc(Cl)cc2ccn(CCN(C)C)c12)c1ccc(-c2cnn[nH]2)cc1 | LogD Prediction: 2.4642419815063477
20:50:07 <INFO> SMILES: CC(NC(=O)c1cc(Cl)cc2ccn(C(=O)CCN(C)C)c12)c1ccc(N2CCOCC2)cc1 | LogD Prediction: 2.6704325675964355
20:50:07 <INFO> SMILES: CNCC(=O)n1ccc2cc(Cl)cc(C(=O)NC(C)c3ccc(N4CCOCC4)cc3)c21 | LogD Prediction: 2.118492364883423
20:50:07 <INFO> SMILES: CC(NC(=O)c1cc(Cl)cc2ccn(C(=O)N(C)C(C)C)c12)c1ccc(C2CCCCC2)cc1 | LogD Prediction: 4.590657711029053
20:50:07 <INFO> SMILES: CCN(C)C(=O)n1ccc2cc(Cl)cc(C(=O)NC(C)c3ccc(N4CCN(C)CC4)cc3)c21 | LogD Prediction: 3.0569164752960205
20:50:07 <INFO> SMILES: CC(NC(=O)c1cc(Cl)cc2ccn(C(=O)N(C)C)c12)c1ccc(-c2ccc(=O)[nH]n2)cc1 | LogD Prediction: 3.075531005859375
20:50:07 <INFO> SMILES: CC1CCC(NC(=O)n2ccc3cc(Cl)cc(C(=O)NC(C)c4ccc(-c5cn[nH]c5)cc4)c32)CC1 | LogD Prediction: 4.101082801818848
20:50:07 <INFO> SMILES: CC[n+]1cccc(-c2ccc(C(C)NC(=O)c3cc(Cl)cc4ccn(C(=O)NC5CCCCCC5)c34)cc2)c1 | LogD Prediction: 2.966139078140259
20:50:07 <INFO> SMILES: CC(NC(=O)c1cc(Cl)cc2ccn(C(=O)C3CNCCCO3)c12)c1ccc(N2CCOCC2)cc1 | LogD Prediction: 2.14631986618042
20:50:07 <INFO> SMILES: CC(NC(=O)c1cc(Cl)cc2ccn(C(=O)N3CCC(CN(C)C)CC3)c12)c1ccc(C2CCOCC2)cc1 | LogD Prediction: 2.6276023387908936
20:50:07 <INFO> SMILES: CC(NC(=O)c1cc(Cl)cc2ccn(C(=O)N3CCN(C)CC3)c12)c1ccc(C2CCN(C)CC2)cc1 | LogD Prediction: 1.9671272039413452
20:50:07 <INFO> SMILES: CCN1CCN(C(=O)n2ccc3cc(Cl)cc(C(=O)NC(C)c4ccc(N5CCCOCC5)cc4)c32)CC1 | LogD Prediction: 2.584770917892456
20:50:07 <INFO> SMILES: CCN(C)C(=O)n1ccc2cc(Cl)cc(C(=O)NC(C)c3ccc(C4CCN(CC5CC5)CC4)cc3)c21 | LogD Prediction: 2.957512140274048
20:50:07 <INFO> SMILES: CCN(C)C(=O)n1ccc2cc(Cl)cc(C(=O)NC(C)c3ccc(C4CCCCC4)cc3)c21 | LogD Prediction: 4.413725852966309
20:50:07 <INFO> SMILES: CCN(C)C(=O)n1ccc2cc(Cl)cc(C(=O)NC(C)c3ccc(N4CCCCCC4)cc3)c21 | LogD Prediction: 3.917121171951294
20:50:07 <INFO> SMILES: CCN(C)CC(=O)n1ccc2cc(Cl)cc(C(=O)NC(C)c3ccc(C4CCNCC4)cc3)c21 | LogD Prediction: 1.389026165008545
20:50:07 <INFO> SMILES: CCNC(=O)n1ccc2cc(Cl)cc(C(=O)NC(C)c3ccc(CCN4CCCOCC4)cc3)c21 | LogD Prediction: 2.9386584758758545
20:50:07 <INFO> SMILES: CCNC(=O)n1ccc2cc(Cl)cc(C(=O)NC(C)c3ccc(C4CCCNC4)cc3)c21 | LogD Prediction: 2.2771832942962646
20:50:07 <INFO> SMILES: CCNC(=O)n1ccc2cc(Cl)cc(C(=O)NC(C)c3ccc(-c4c[nH]c(=O)[nH]4)cc3)c21 | LogD Prediction: 2.98132586479187
20:50:07 <INFO> SMILES: CCNC(=O)n1ccc2cc(Cl)cc(C(=O)NC(C)c3ccc(N4CCCCCC4)cc3)c21 | LogD Prediction: 3.911451578140259
20:50:07 <INFO> SMILES: CCNC(=O)n1ccc2cc(Cl)cc(C(=O)NC(C)c3ccc(-c4cn[nH]c4)cc3)c21 | LogD Prediction: 3.1473023891448975
20:50:07 <INFO> SMILES: CC(NC(=O)c1cc(Cl)cc2ccn(C(=O)N(C)C)c12)c1ccc(-c2ccn(C3CNCCO3)n2)cc1 | LogD Prediction: 2.7388288974761963
20:50:07 <INFO> SMILES: Cc1n[nH]c(-c2ccc(C(C)NC(=O)c3cc(Cl)cc4ccn(C(=O)N(C)C)c34)cc2)n1 | LogD Prediction: 3.35672926902771
20:50:07 <INFO> SMILES: CC(NC(=O)c1cc(Cl)cc2ccn(C(=O)N(C)C)c12)c1ccc(-c2ccnn2C)cc1 | LogD Prediction: 3.1513402462005615
20:50:07 <INFO> SMILES: CNC(=O)n1ccc2cc(Cl)cc(C(=O)NC(C)c3ccc(-c4ccccc4)cc3)c21 | LogD Prediction: 4.050510406494141
20:50:07 <INFO> SMILES: CCn1nnc(-c2ccc(C(C)NC(=O)c3cc(Cl)cc4ccn(C(=O)N(C)C)c34)cc2)n1 | LogD Prediction: 3.2277090549468994
20:50:07 <INFO> SMILES: CNC(=O)n1ccc2cc(Cl)cc(C(=O)NC(C)c3ccc(C4CCCNC4)cc3)c21 | LogD Prediction: 2.1735379695892334
20:50:07 <INFO> SMILES: CC(NC(=O)c1cc(Cl)cc2ccn(C(=O)N(C)C)c12)c1ccc(C2(C)CCOCCO2)cc1 | LogD Prediction: 3.6081440448760986
20:50:07 <INFO> SMILES: CC1CCN(c2ccc(C(C)NC(=O)c3cc(Cl)cc4ccn(C(=O)N(C)C)c34)cc2)CC1 | LogD Prediction: 3.712756395339966
20:50:07 <INFO> SMILES: CC(NC(=O)c1cc(Cl)cc2ccn(C(=O)N(C)C)c12)c1ccc(C2COCCC2N2CCCCC2)cc1 | LogD Prediction: 2.9023993015289307
20:50:07 <INFO> SMILES: CCN1CCN(C(=O)Cc2ccc(C(C)NC(=O)c3cc(Cl)cc4ccn(C(=O)N(C)C)c34)cc2)CC1 | LogD Prediction: 2.532548189163208
20:50:07 <INFO> SMILES: CC(NC(=O)c1cc(Cl)cc2ccn(C(=O)N(C)C)c12)c1ccc(-c2n[nH]c(=O)n2C)cc1 | LogD Prediction: 2.575979709625244
20:50:07 <INFO> SMILES: CCNC(=O)n1ccc2cc(Cl)cc(C(=O)NC(C)c3ccc(Cn4cnc(C)c4)cc3)c21 | LogD Prediction: 3.3480851650238037
20:50:07 <INFO> SMILES: Cc1ccc(C(C)NC(=O)c2cc(Cl)cc3ccn(C(=O)N4CCOCC4)c23)cc1 | LogD Prediction: 3.2537598609924316
20:50:07 <INFO> SMILES: CC(NC(=O)c1cc(Cl)cc2ccn(C(=O)N3CCCNCC3)c12)c1ccc(C2CCOCC2)cc1 | LogD Prediction: 2.200117826461792
20:50:07 <INFO> SMILES: CC(=O)n1ccc2cc(Cl)cc(C(=O)NC(C)c3ccc(C4CCCOCC4)cc3)c21 | LogD Prediction: 3.853344202041626
20:50:07 <INFO> SMILES: CC(=O)n1ccc2cc(Cl)cc(C(=O)NC(C)c3ccc(N(C)c4cccnc4)cc3)c21 | LogD Prediction: 3.4021589756011963
20:50:07 <INFO> SMILES: CC(NC(=O)c1cc(Cl)cc2ccn(C(=O)N(C)C)c12)c1ccc(C2(C)CCNCC2)cc1 | LogD Prediction: 2.22129487991333
20:50:07 <INFO> SMILES: CC(NC(=O)c1cc(Cl)cc2ccn(C(=O)N(C)C)c12)c1ccc(C2CCCC2)cc1 | LogD Prediction: 4.080747604370117
20:50:07 <INFO> SMILES: CC(NC(=O)c1cc(Cl)cc2ccn(C(=O)N(C)C)c12)c1ccc(C2CCCOC2)cc1 | LogD Prediction: 3.5646770000457764
20:50:07 <INFO> SMILES: CC(=O)NCCn1ccc2cc(Cl)cc(C(=O)NC(C)c3ccc(N4CCOCC4)cc3)c21 | LogD Prediction: 2.905092716217041
20:50:07 <INFO> SMILES: CC(NC(=O)c1cc(Cl)cc2ccn(C(=O)NCC(=O)N(C)C)c12)c1ccc(-c2cncnc2)cc1 | LogD Prediction: 2.658156156539917
20:50:07 <INFO> SMILES: CC(NC(=O)c1cc(Cl)cc2ccn(C(=O)N(C)C)c12)c1ccc(C2CCN(C(=O)c3cc(Cl)ncn3)CC2)cc1 | LogD Prediction: 3.403113842010498
20:50:07 <INFO> SMILES: CC(NC(=O)c1cc(Cl)cc2ccn(C(=O)N(C)C)c12)c1ccc(-c2c[nH]c(=O)[nH]c2=O)cc1 | LogD Prediction: 2.470402479171753
20:50:07 <INFO> SMILES: CC(NC(=O)c1cc(Cl)cc2ccn(C(=O)N3CCN(C)CC3)c12)c1ccc(N2CCCCC2)cc1 | LogD Prediction: 2.8363046646118164
20:50:07 <INFO> SMILES: CC(NC(=O)c1cc(Cl)cc2ccn(C(=O)Nc3ccc(N4CCCCC4)cc3)c12)c1ccc(N2CCOCC2)cc1 | LogD Prediction: 3.917653799057007
20:50:07 <INFO> SMILES: CON=Cc1ccccc1C(=O)n1ccc2cc(Cl)cc(C(=O)NC(C)c3ccc(CC4=NCCN4)cc3)c21 | LogD Prediction: 3.641826629638672
20:50:07 <INFO> Score: 0.01 Agent NLL: 13.39 Valid: 100% Step: 11
 | Agent Prior Target Score SMILES SMILES_state Input_Scaffold R-groups Scaffold QED QED (raw) gnina score gnina score (raw) MW MW (raw) SlogP (RDKit) SlogP (RDKit) (raw) TPSA TPSA (raw) Number of stereo centers Number of stereo centers (raw) Number of HB acceptors (Lipinski) Number of HB acceptors (Lipinski) (raw) Number of HB donors (Lipinski) Number of HB donors (Lipinski) (raw) Number of rotatable bonds Number of rotatable bonds (raw) Number of Heavy atoms Number of Heavy atoms (raw) Molecular Volume (RDKit) Molecular Volume (RDKit) (raw) SA score SA score (raw) herg inactive herg inactive (raw) LogD LogD (raw) Alerts Alerts (raw) matching_patterns (Alerts)
 | 18.0905 16.5969 -16.5969 0.0000000 CC(=O)n1ccc2cc(Cl)cc(C(=O)NC(C)c3ccc(NC4CC(O)C4)cc3)c21 1 c1c2c(n([*])c1)c(C(NC(C)c1ccc([*])cc1)=O)cc(Cl)c2 *C(=O)C|C1(N*)CC(O)C1 O=C(NCc1ccc(NC2CCC2)cc1)c1cccc2cc[nH]c12 0.0000000 0.0000 0.0000000 0.0000 0.0000000 0.0000 0.0000000 0.0000 0.0000000 0.0000 0.0000000 0.0000 0.0000000 0.0000 0.0000000 0.0000 0.0000000 0.0000 0.0000000 0.0000 0.0000000 0.0000 0.0000000 0.0000 0.0000000 0.0000 0.0000000 0.0000 0.0000000 0.0000 ['[OH]']
 | 15.8750 26.2703 -26.2703 0.0000000 CC(NC(=O)c1cc(Cl)cc2ccn(C(=O)N(C)C)c12)c1ccc(C#CC2(C)COC2)cc1 1 c1c2c(n([*])c1)c(C(NC(C)c1ccc([*])cc1)=O)cc(Cl)c2 *C(=O)N(C)C|*C#CC1(C)COC1 O=C(NCc1ccc(C#CC2COC2)cc1)c1cccc2cc[nH]c12 0.0000000 0.0000 0.0000000 0.0000 0.0000000 0.0000 0.0000000 0.0000 0.0000000 0.0000 0.0000000 0.0000 0.0000000 0.0000 0.0000000 0.0000 0.0000000 0.0000 0.0000000 0.0000 0.0000000 0.0000 0.0000000 0.0000 0.0000000 0.0000 0.0000000 0.0000 0.0000000 0.0000 ['C#C']
 | 15.4909 21.7267 -20.3344 0.0027846 CC(NC(=O)c1cc(Cl)cc2ccn(C(=O)N(C)C)c12)c1ccc(N2CCN3CCCC3C2)cc1 1 c1c2c(n([*])c1)c(C(NC(C)c1ccc([*])cc1)=O)cc(Cl)c2 *C(=O)N(C)C|C1CC2CN(*)CCN2C1 O=C(NCc1ccc(N2CCN3CCCC3C2)cc1)c1cccc2cc[nH]c12 0.5767205 0.5767 -8.4055900 -8.4056 0.6339101 494.0390 0.0000004 4.5998 1.0000000 60.8200 1.0000000 2.0000 1.0000000 5.0000 0.9467598 1.0000 0.9693466 4.0000 0.9467598 35.0000 0.5307392 446.7920 0.8566287 3.4473 0.0000000 0.6335 0.9997221 2.6110 1.0000000 1.0000 []
 | 11.4077 19.1265 -3.1684 0.0319162 CC(NC(=O)c1cc(Cl)cc2ccn(C(=O)N(C)C)c12)c1ccc(N2CCCOCC2)cc1 1 c1c2c(n([*])c1)c(C(NC(C)c1ccc([*])cc1)=O)cc(Cl)c2 *C(=O)N(C)C|C1N(*)CCOCC1 O=C(NCc1ccc(N2CCCOCC2)cc1)c1cccc2cc[nH]c12 0.6099820 0.6100 -5.5809900 -5.5810 0.9456583 468.9850 0.0000005 4.5421 1.0000000 66.8100 1.0000000 1.0000 1.0000000 5.0000 0.9467598 1.0000 0.9693466 4.0000 0.9631018 33.0000 0.7668465 418.9760 0.8978634 3.1119 1.0000000 0.3501 0.8713348 3.2923 1.0000000 1.0000 []
 | 8.2917 12.4512 4.0620 0.0330265 CC(NC(=O)c1cc(Cl)cc2ccn(C(=O)N(C)C)c12)c1ccc(N2CCOCC2)cc1 1 c1c2c(n([*])c1)c(C(NC(C)c1ccc([*])cc1)=O)cc(Cl)c2 *C(=O)N(C)C|O1CCN(*)CC1 O=C(NCc1ccc(N2CCOCC2)cc1)c1cccc2cc[nH]c12 0.6426546 0.6427 -7.3581900 -7.3582 0.9844576 454.9580 0.0000042 4.1520 1.0000000 66.8100 1.0000000 1.0000 1.0000000 5.0000 0.9467598 1.0000 0.9693466 4.0000 0.9693466 32.0000 0.8553237 403.6960 0.9037104 3.0551 1.0000000 0.2836 0.9221102 3.2317 1.0000000 1.0000 []
 | 14.2530 23.4305 -12.0143 0.0228324 CC(NC(=O)c1cc(Cl)cc2ccn(C(=O)N3CCCOCC3)c12)c1ccc(C2CCOCC2)cc1 1 c1c2c(n([*])c1)c(C(NC(C)c1ccc([*])cc1)=O)cc(Cl)c2 *C(=O)N1CCOCCC1|C1CC(*)CCO1 O=C(NCc1ccc(C2CCOCC2)cc1)c1cccc2ccn(C(=O)N3CCCOCC3)c12 0.5128834 0.5129 -7.7284100 -7.7284 0.2841100 510.0340 0.0000000 5.3701 1.0000000 72.8000 1.0000000 1.0000 1.0000000 5.0000 0.9467598 1.0000 0.9693466 4.0000 0.9362164 36.0000 0.4865716 451.4000 0.8783668 3.2828 1.0000000 0.2802 0.8868522 3.2764 1.0000000 1.0000 []
 | 12.1877 19.9939 -18.6803 0.0026273 CC(NC(=O)c1cc(Cl)cc2ccn(C(=O)NCCN(C)C)c12)c1ccc(C2CCOCC2)cc1 1 c1c2c(n([*])c1)c(C(NC(C)c1ccc([*])cc1)=O)cc(Cl)c2 *C(=O)NCCN(C)C|*C1CCOCC1 O=C(NCc1ccc(C2CCOCC2)cc1)c1cccc2cc[nH]c12 0.4924213 0.4924 -5.0535300 -5.0535 0.5677601 497.0390 0.0000001 4.7990 1.0000000 75.6000 1.0000000 1.0000 1.0000000 5.0000 0.5000000 2.0000 0.8490205 7.0000 0.9467598 35.0000 0.4667386 453.4720 0.8851151 3.2265 0.0000000 0.7629 0.9937901 2.9489 1.0000000 1.0000 []
 | 10.5678 16.0136 -12.4901 0.0070469 CCNC(=O)n1ccc2cc(Cl)cc(C(=O)NC(C)c3ccc(C4CCOCC4)cc3)c21 1 c1c2c(n([*])c1)c(C(NC(C)c1ccc([*])cc1)=O)cc(Cl)c2 *C(=O)NCC|*C1CCOCC1 O=C(NCc1ccc(C2CCOCC2)cc1)c1cccc2cc[nH]c12 0.5532421 0.5532 -5.9713300 -5.9713 0.9857903 453.9700 0.0000000 5.2573 1.0000000 72.3600 1.0000000 1.0000 1.0000000 4.0000 0.5000000 2.0000 0.9467598 5.0000 0.9693466 32.0000 0.8350204 407.7440 0.8950080 3.1387 0.0000545 0.5426 0.3351701 3.5744 1.0000000 1.0000 []
 | 8.6037 11.0873 4.6086 0.0313918 CCNC(=O)n1ccc2cc(Cl)cc(C(=O)NC(C)c3ccc(N4CCOCC4)cc3)c21 1 c1c2c(n([*])c1)c(C(NC(C)c1ccc([*])cc1)=O)cc(Cl)c2 *C(=O)NCC|C1OCCN(*)C1 O=C(NCc1ccc(N2CCOCC2)cc1)c1cccc2cc[nH]c12 0.6054635 0.6055 -9.1407200 -9.1407 0.9844576 454.9580 0.0000032 4.1999 1.0000000 75.6000 1.0000000 1.0000 1.0000000 5.0000 0.5000000 2.0000 0.9467598 5.0000 0.9693466 32.0000 0.8546005 403.8480 0.9055910 3.0362 1.0000000 0.3365 0.7887204 3.3570 1.0000000 1.0000 []
 | 8.6197 15.5168 -0.6517 0.0297302 CCNC(=O)n1ccc2cc(Cl)cc(C(=O)NC(C)c3ccc(N4CCCOCC4)cc3)c21 1 c1c2c(n([*])c1)c(C(NC(C)c1ccc([*])cc1)=O)cc(Cl)c2 *C(=O)NCC|O1CCN(*)CCC1 O=C(NCc1ccc(N2CCCOCC2)cc1)c1cccc2cc[nH]c12 0.5738985 0.5739 -4.7820200 -4.7820 0.9456583 468.9850 0.0000004 4.5900 1.0000000 75.6000 1.0000000 1.0000 1.0000000 5.0000 0.5000000 2.0000 0.9467598 5.0000 0.9631018 33.0000 0.7658571 419.1200 0.8998110 3.0933 1.0000000 0.4064 0.6895301 3.4134 1.0000000 1.0000 []
20:50:07 <WARN> reinvent_plugins.normalizers.rdkit_smiles: Clc1cc2ccn([*])c2c(C(=O)NC(c2ccc([*])cc2)C)c1C(=O)(*)N(C)C|C1(N*)CCN(*)CCC1 could not be converted
20:50:07 <WARN> reinvent_plugins.normalizers.rdkit_smiles: Clc1cc2ccn([*])c2c(C(=O)NC(c2ccc([*])cc2)C)c1N(C)S(=N(C)CC)(*)=O|C1OCCN(*)C1 could not be converted
20:58:09 <WARN> Scoring function did not return result for SMILES: CC(NC(=O)c1cc(Cl)cc2ccn(C(=O)c3ccn(C)n3)c12)c1ccc(N2CCOCC2)cc1
20:58:09 <WARN> Scoring function did not return result for SMILES: CC(NC(=O)c1cc(Cl)cc2ccn(C(=O)c3ccnc(NCCCN(C)C)n3)c12)c1ccc(C2CCN(C)CC2)cc1
20:58:09 <WARN> Scoring function did not return result for SMILES: CC(NC(=O)c1cc(Cl)cc2ccn(C(=O)c3cn(C)nc3CN(C)C)c12)c1ccc(N2CCOCC2)cc1
20:58:09 <WARN> [compute_transform] Missing SMILES in component results: CC(NC(=O)c1cc(Cl)cc2ccn(C(=O)c3ccn(C)n3)c12)c1ccc(N2CCOCC2)cc1
20:58:16 <INFO> SMILES: CCNC(=O)n1ccc2cc(Cl)cc(C(=O)NC(C)c3ccc(-c4nccn4C)cc3)c21 | Score: 0.32934126257896423 | Type: <class 'float'>
20:58:16 <INFO> SMILES: CNC(=O)n1ccc2cc(Cl)cc(C(=O)NC(C)c3ccc(-c4cnc(C#N)nc4)cc3)c21 | Score: 0.35423392057418823 | Type: <class 'float'>
20:58:16 <INFO> SMILES: Cc1nc(C(=O)n2ccc3cc(Cl)cc(C(=O)NC(C)c4ccc(N5CCOCC5)cc4)c32)c(C)o1 | Score: 0.960621178150177 | Type: <class 'float'>
20:58:16 <INFO> SMILES: CC(NC(=O)c1cc(Cl)cc2ccn(C(=O)c3cccc(CN(C)C)c3)c12)c1ccc(-c2cnn[nH]2)cc1 | Score: 0.8392314314842224 | Type: <class 'float'>
20:58:16 <INFO> SMILES: CC(=O)n1ccc2cc(Cl)cc(C(=O)NC(C)c3ccc(CCN4CCOCC4)cc3)c21 | Score: 0.6585632562637329 | Type: <class 'float'>
20:58:16 <INFO> SMILES: CCC(=O)n1ccc2cc(Cl)cc(C(=O)NC(C)c3ccc(-c4n[nH]c(=O)o4)cc3)c21 | Score: 0.3102424144744873 | Type: <class 'float'>
20:58:16 <INFO> SMILES: CC(=O)NCC(=O)n1ccc2cc(Cl)cc(C(=O)NC(C)c3ccc(N4CCOCC4)cc3)c21 | Score: 0.43397337198257446 | Type: <class 'float'>
20:58:16 <INFO> SMILES: CC(NC(=O)c1cc(Cl)cc2ccn(C(=O)N3CCOCC3C)c12)c1ccc(N(C)CC2CC2)cc1 | Score: 0.26502612233161926 | Type: <class 'float'>
20:58:16 <INFO> SMILES: CCNC(=O)n1ccc2cc(Cl)cc(C(=O)NC(C)c3ccc(C4(C)CCCN(C)C4)cc3)c21 | Score: 0.6818273663520813 | Type: <class 'float'>
20:58:16 <INFO> SMILES: CC(NC(=O)c1cc(Cl)cc2ccn(S(C)(=O)=O)c12)c1ccc(C2(C)CCOC2)cc1 | Score: 0.24286314845085144 | Type: <class 'float'>
20:58:16 <INFO> SMILES: CC(NC(=O)c1cc(Cl)cc2ccn(S(C)(=O)=O)c12)c1ccc(N2CCOCC2)cc1 | Score: 0.13913391530513763 | Type: <class 'float'>
20:58:16 <INFO> SMILES: CC(NC(=O)c1cc(Cl)cc2ccn(S(=O)(=O)C3CC3)c12)c1ccc(-c2cc[nH]n2)cc1 | Score: 0.5324089527130127 | Type: <class 'float'>
20:58:16 <INFO> SMILES: CC(NC(=O)c1cc(Cl)cc2ccn(S(=O)(=O)c3cn(C)cn3)c12)c1ccc(-c2ncc[nH]2)cc1 | Score: 0.048329807817935944 | Type: <class 'float'>
20:58:16 <INFO> SMILES: CC(NC(=O)c1cc(Cl)cc2ccn(C(=O)c3ccncc3)c12)c1ccc(C2CC2)cc1 | Score: 0.5584607124328613 | Type: <class 'float'>
20:58:16 <INFO> SMILES: CCNC(=O)n1ccc2cc(Cl)cc(C(=O)NC(C)c3ccc(-c4cc[nH]n4)cc3)c21 | Score: 0.4242294430732727 | Type: <class 'float'>
20:58:16 <INFO> SMILES: CC(NC(=O)c1cc(Cl)cc2ccn(C(=O)N(C)C)c12)c1ccc(C2CC3CCCN(C)C3C2)cc1 | Score: 0.7014621496200562 | Type: <class 'float'>
20:58:16 <INFO> SMILES: CC(NC(=O)c1cc(Cl)cc2ccn(C(=O)CN(C)C)c12)c1ccc(-c2ncn[nH]2)cc1 | Score: 0.7858648896217346 | Type: <class 'float'>
20:58:16 <INFO> SMILES: CC(NC(=O)c1cc(Cl)cc2ccn(C(=O)NCCCN(C)C)c12)c1ccc(N2CCOCC2)cc1 | Score: 0.6378164887428284 | Type: <class 'float'>
20:58:16 <INFO> SMILES: CCN(CC)C(=O)n1ccc2cc(Cl)cc(C(=O)NC(C)c3ccc(C4CCOCC4)cc3)c21 | Score: 0.383921355009079 | Type: <class 'float'>
20:58:16 <INFO> SMILES: CNC(=O)n1ccc2cc(Cl)cc(C(=O)NC(C)c3ccc(N4CCNCC4)cc3)c21 | Score: 0.4921368360519409 | Type: <class 'float'>
20:58:16 <INFO> SMILES: COCCN(C)C(=O)n1ccc2cc(Cl)cc(C(=O)NC(C)c3ccc(C4(C)CCOC4)cc3)c21 | Score: 0.6234010457992554 | Type: <class 'float'>
20:58:16 <INFO> SMILES: CC(NC(=O)c1cc(Cl)cc2ccn(C)c12)c1ccc(N2CCOCC2)cc1 | Score: 0.5152134895324707 | Type: <class 'float'>
20:58:16 <INFO> SMILES: CC(NC(=O)c1cc(Cl)cc2ccn(C(=O)C3CCOCC3)c12)c1ccc(N2CCOCC2)cc1 | Score: 0.5480591058731079 | Type: <class 'float'>
20:58:16 <INFO> SMILES: CC(NC(=O)c1cc(Cl)cc2ccn(C(=O)N3CCC(N(C)C)CC3)c12)c1ccc(N2CCCCCC2)cc1 | Score: 0.7818847298622131 | Type: <class 'float'>
20:58:16 <INFO> SMILES: CC(NC(=O)c1cc(Cl)cc2ccn(C(=O)N(C)CC3CC3)c12)c1ccc(N2CCCOCC2)cc1 | Score: 0.5495936870574951 | Type: <class 'float'>
20:58:16 <INFO> SMILES: CC(NC(=O)c1cc(Cl)cc2ccn(C(=O)NCC3CC3)c12)c1ccc(N2CCOCC2)cc1 | Score: 0.538637638092041 | Type: <class 'float'>
20:58:16 <INFO> SMILES: CC(NC(=O)c1cc(Cl)cc2ccn(C(=O)N3CCCC3)c12)c1ccc(N2CCCOCC2)cc1 | Score: 0.3634987771511078 | Type: <class 'float'>
20:58:16 <INFO> SMILES: CC(NC(=O)c1cc(Cl)cc2ccn(C(=O)c3ccc(N4CCOCC4)cc3)c12)c1ccc(-c2nnn[nH]2)cc1 | Score: 0.6449283361434937 | Type: <class 'float'>
20:58:16 <INFO> SMILES: CC(NC(=O)c1cc(Cl)cc2ccn(C(=O)N3CCCCC3)c12)c1ccc(N2CCCOCC2)cc1 | Score: 0.3878479301929474 | Type: <class 'float'>
20:58:16 <INFO> SMILES: CC(NC(=O)c1cc(Cl)cc2ccn(C(=O)N3CCN(C)CC3)c12)c1ccc(Cc2cccnc2)cc1 | Score: 0.4757499694824219 | Type: <class 'float'>
20:58:16 <INFO> SMILES: Cc1ccnn1Cc1ccc(C(C)NC(=O)c2cc(Cl)cc3ccn(C(=O)N4CCOCC4)c23)cc1 | Score: 0.13857872784137726 | Type: <class 'float'>
20:58:16 <INFO> SMILES: CCN(C)C(=O)n1ccc2cc(Cl)cc(C(=O)NC(C)c3ccc(CCc4n[nH]c(=O)[nH]4)cc3)c21 | Score: 0.3576256036758423 | Type: <class 'float'>
20:58:16 <INFO> SMILES: CCCN1CCC(Cc2ccc(C(C)NC(=O)c3cc(Cl)cc4ccn(C(=O)N(CC)CC)c34)cc2)CC1 | Score: 0.6634282469749451 | Type: <class 'float'>
20:58:16 <INFO> SMILES: CC(NC(=O)c1cc(Cl)cc2ccn(C(=O)N(C)C)c12)c1ccc(-c2ccncc2)cc1 | Score: 0.3346914052963257 | Type: <class 'float'>
20:58:16 <INFO> SMILES: CC(NC(=O)c1cc(Cl)cc2ccn(C(=O)N(C)C)c12)c1ccc(N2CCCCCC2)cc1 | Score: 0.6515483260154724 | Type: <class 'float'>
20:58:16 <INFO> SMILES: CC(NC(=O)c1cc(Cl)cc2ccn(C(=O)NCCCN(C)C)c12)c1ccc(-c2ccc(=O)[nH]c2)cc1 | Score: 0.5303533673286438 | Type: <class 'float'>
20:58:16 <INFO> SMILES: CC(NC(=O)c1cc(Cl)cc2ccn(C(=O)NCCN(C)C)c12)c1ccc(N2CCOCC2)cc1 | Score: 0.596567690372467 | Type: <class 'float'>
20:58:16 <INFO> SMILES: CC(NC(=O)c1cc(Cl)cc2ccn(S(=O)(=O)CCN(C)C)c12)c1ccc(-c2cccc(=O)n2C)cc1 | Score: 0.6733621954917908 | Type: <class 'float'>
20:58:16 <INFO> SMILES: CC(NC(=O)c1cc(Cl)cc2ccn(C(=O)NC3CCN(C)CC3)c12)c1ccc(N2CC3(C)CCC2C3)cc1 | Score: 0.9019632339477539 | Type: <class 'float'>
20:58:16 <INFO> SMILES: CCn1c(Cc2ccc(C(C)NC(=O)c3cc(Cl)cc4ccn(C(=O)NC)c34)cc2)n[nH]c1=O | Score: 0.0372140072286129 | Type: <class 'float'>
20:58:16 <INFO> SMILES: CNC(=O)n1ccc2cc(Cl)cc(C(=O)NC(C)c3ccc(N4CCCCCC4)cc3)c21 | Score: 0.6163143515586853 | Type: <class 'float'>
20:58:16 <INFO> SMILES: CC(NC(=O)c1cc(Cl)cc2ccn(C(=O)N(C)C)c12)c1ccc(-c2nnc[nH]2)cc1 | Score: 0.4665548801422119 | Type: <class 'float'>
20:58:16 <INFO> SMILES: CC(NC(=O)c1cc(Cl)cc2ccn(C(=O)N(C)C)c12)c1ccc(C2=CC2)cc1 | Score: 0.19552923738956451 | Type: <class 'float'>
20:58:16 <INFO> SMILES: CC(NC(=O)c1cc(Cl)cc2ccn(C(=O)N(C)C)c12)c1ccc(N2CCNCC2)cc1 | Score: 0.5351926684379578 | Type: <class 'float'>
20:58:16 <INFO> SMILES: CC(NC(=O)c1cc(Cl)cc2ccn(C(=O)N(C)C)c12)c1ccc(C2CCCCO2)cc1 | Score: 0.49056243896484375 | Type: <class 'float'>
20:58:16 <INFO> SMILES: Cc1nn(C)cc1-c1ccc(C(C)NC(=O)c2cc(Cl)cc3ccn(C(=O)N(C)C)c23)cc1 | Score: 0.17692652344703674 | Type: <class 'float'>
20:58:16 <INFO> SMILES: CC(NC(=O)c1cc(Cl)cc2ccn(CCN(C)C)c12)c1ccc(-c2ccn[nH]2)cc1 | Score: 0.780342161655426 | Type: <class 'float'>
20:58:16 <INFO> SMILES: CC(NC(=O)c1cc(Cl)cc2ccn(CCN(C)C)c12)c1ccc(-c2cc[nH]n2)cc1 | Score: 0.780342161655426 | Type: <class 'float'>
20:58:16 <INFO> SMILES: CC(NC(=O)c1cc(Cl)cc2ccn(CCCN(C)C)c12)c1ccc(-c2nnc(C#N)o2)cc1 | Score: 0.7379082441329956 | Type: <class 'float'>
20:58:16 <INFO> SMILES: CC(NC(=O)c1cc(Cl)cc2ccn(C(=O)N(C)CCN(C)C)c12)c1ccc(C2CCOCC2)cc1 | Score: 0.7047834396362305 | Type: <class 'float'>
20:58:16 <INFO> SMILES: CC(NC(=O)c1cc(Cl)cc2ccn(C(=O)NCCN(C)C)c12)c1ccc(-c2ccccn2)cc1 | Score: 0.6472100615501404 | Type: <class 'float'>
20:58:16 <INFO> SMILES: CC(NC(=O)c1cc(Cl)cc2ccn(S(=O)(=O)N(C)C)c12)c1ccc(N2CCOCC2)cc1 | Score: 0.40480002760887146 | Type: <class 'float'>
20:58:16 <INFO> SMILES: CC(NC(=O)c1cc(Cl)cc2ccn(C(=O)CN(C)C=O)c12)c1ccc(C2CC([S+](C)C)C2)cc1 | Score: 0.7948828935623169 | Type: <class 'float'>
20:58:16 <INFO> SMILES: CC(NC(=O)c1cc(Cl)cc2ccn(C(=O)N(C)CC=CCN(C)C)c12)c1ccc(CN2CCOCC2)cc1 | Score: 0.9983855485916138 | Type: <class 'float'>
20:58:16 <INFO> SMILES: CNC(=O)n1ccc2cc(Cl)cc(C(=O)NC(C)c3ccc(-c4n[nH]c(=O)[nH]4)cc3)c21 | Score: 0.1886494904756546 | Type: <class 'float'>
20:58:16 <INFO> SMILES: CNC(=O)n1ccc2cc(Cl)cc(C(=O)NC(C)c3ccc(-c4nnco4)cc3)c21 | Score: 0.16408148407936096 | Type: <class 'float'>
20:58:16 <INFO> SMILES: CC(NC(=O)c1cc(Cl)cc2ccn(C(=O)N3CCCC3)c12)c1ccc(-c2nnn[nH]2)cc1 | Score: 0.5757999420166016 | Type: <class 'float'>
20:58:16 <INFO> SMILES: CC(NC(=O)c1cc(Cl)cc2ccn(C(=O)N3CCC3)c12)c1ccc(C2CCN(C)CC2)cc1 | Score: 0.23205183446407318 | Type: <class 'float'>
20:58:16 <INFO> SMILES: CC(NC(=O)c1cc(Cl)cc2ccn(C(=O)NCC3CN(C)C(=O)N3C)c12)c1ccc(C2CCOCC2)cc1 | Score: 0.19219982624053955 | Type: <class 'float'>
20:58:16 <INFO> SMILES: CC(NC(=O)c1cc(Cl)cc2ccn(C(=O)N3CCN(C)CC3)c12)c1ccc(CC2CCCOCC2)cc1 | Score: 0.5935866832733154 | Type: <class 'float'>
20:58:16 <INFO> SMILES: CC(NC(=O)c1cc(Cl)cc2ccn(C(=O)C3CCN(CCN(C)C)CC3)c12)c1ccc(C2CCOC2)cc1 | Score: 0.8490228652954102 | Type: <class 'float'>
20:58:16 <INFO> SMILES: CC(NC(=O)c1cc(Cl)cc2ccn(C(=O)N(C)C)c12)c1ccc(-c2nc3c(=O)[nH]cnc3[nH]2)cc1 | Score: 0.14522778987884521 | Type: <class 'float'>
20:58:16 <INFO> SMILES: CC(NC(=O)c1cc(Cl)cc2ccn(C(=O)N(C)C)c12)c1ccc(-c2nc[nH]n2)cc1 | Score: 0.4665548801422119 | Type: <class 'float'>
20:58:16 <INFO> SMILES: CC(NC(=O)c1cc(Cl)cc2ccn(C(=O)N(C)C)c12)c1ccc(-c2cc[nH]n2)cc1 | Score: 0.36335673928260803 | Type: <class 'float'>
20:58:16 <INFO> SMILES: CC(=O)n1ccc2cc(Cl)cc(C(=O)NC(C)c3ccc(N4CCN(C5COC5)CC4)cc3)c21 | Score: 0.5295689105987549 | Type: <class 'float'>
20:58:16 <INFO> SMILES: CC(NC(=O)c1cc(Cl)cc2ccn(C(=O)N(C)C)c12)c1ccc(C2(C)CCCOCC2)cc1 | Score: 0.5335575342178345 | Type: <class 'float'>
20:58:16 <INFO> SMILES: CNc1cnc(-c2ccc(C(C)NC(=O)c3cc(Cl)cc4ccn(C(=O)N(C)C)c34)cc2)cn1 | Score: 0.6190183758735657 | Type: <class 'float'>
20:58:16 <INFO> SMILES: CC(NC(=O)c1cc(Cl)cc2ccn(C(=O)N(C)C)c12)c1ccc(-c2ncn[nH]2)cc1 | Score: 0.4665548801422119 | Type: <class 'float'>
20:58:16 <INFO> SMILES: CC(NC(=O)c1cc(Cl)cc2ccn(C(=O)CN(C)C(=O)N(C)C)c12)c1ccc(N2CCN(C)CC2)cc1 | Score: 0.443321168422699 | Type: <class 'float'>
20:58:16 <INFO> SMILES: CC(NC(=O)c1cc(Cl)cc2ccn(C(=O)c3ccc(F)cc3)c12)c1ccc(N2CCC(C#N)CC2)cc1 | Score: 0.43505242466926575 | Type: <class 'float'>
20:58:16 <INFO> SMILES: CC(NC(=O)c1cc(Cl)cc2ccn(C=O)c12)c1ccc(N2CCCCCC2)cc1 | Score: 0.742486834526062 | Type: <class 'float'>
20:58:16 <INFO> SMILES: CCS(=O)(=O)n1ccc2cc(Cl)cc(C(=O)NC(C)c3ccc(N4CCOCC4)cc3)c21 | Score: 0.8104454278945923 | Type: <class 'float'>
20:58:16 <INFO> SMILES: CCN1CC2CC1CN2c1ccc(C(C)NC(=O)c2cc(Cl)cc3ccn(S(C)(=O)=O)c23)cc1 | Score: 0.5728287696838379 | Type: <class 'float'>
20:58:16 <INFO> SMILES: CC(NC(=O)c1cc(Cl)cc2ccn(C(=O)c3ccc4c(c3)CCS(=O)(=O)C4)c12)c1ccc(N2CCOCC2)cc1 | Score: 0.004739152733236551 | Type: <class 'float'>
20:58:16 <INFO> SMILES: CC(NC(=O)c1cc(Cl)cc2ccn(C(=O)c3ccccc3CN3CCOCC3)c12)c1ccc(N2CCOCC2)cc1 | Score: 0.5376549959182739 | Type: <class 'float'>
20:58:16 <INFO> SMILES: CNC(=O)c1cnccc1C(=O)n1ccc2cc(Cl)cc(C(=O)NC(C)c3ccc(N4CCOCC4)cc3)c21 | Score: 0.23487769067287445 | Type: <class 'float'>
20:58:16 <INFO> SMILES: Cc1ccc(CNC(=O)n2ccc3cc(Cl)cc(C(=O)NC(C)c4ccc(N5CCOCC5)cc4)c32)o1 | Score: 0.8291156888008118 | Type: <class 'float'>
20:58:16 <INFO> SMILES: CCC1CN(c2cc[n+](C)cc2)CC1n1ccc2cc(Cl)cc(C(=O)NC(C)c3ccc(N4CCOCC4)cc3)c21 | Score: 0.9358134865760803 | Type: <class 'float'>
20:58:16 <INFO> SMILES: CC(NC(=O)c1cc(Cl)cc2ccn(C(=O)c3cccc(N(C)S(C)(=O)=O)c3)c12)c1ccc(N2CCOCC2)cc1 | Score: 0.6540107727050781 | Type: <class 'float'>
20:58:16 <INFO> SMILES: CC(NC(=O)c1cc(Cl)cc2ccn(C(=O)c3ccn(C)n3)c12)c1ccc(N2CCOCC2)cc1 | Score: 0.19852770864963531 | Type: <class 'float'>
20:58:16 <INFO> SMILES: CC(NC(=O)c1cc(Cl)cc2ccn(C(=O)c3ccnc(NCCCN(C)C)n3)c12)c1ccc(C2CCN(C)CC2)cc1 | Score: 0.8323665857315063 | Type: <class 'float'>
20:58:16 <INFO> SMILES: CC(NC(=O)c1cc(Cl)cc2ccn(C(=O)c3cn(C)nc3CN(C)C)c12)c1ccc(N2CCOCC2)cc1 | Score: 0.26631900668144226 | Type: <class 'float'>
20:58:16 <INFO> SMILES: CCNC(=O)n1ccc2cc(Cl)cc(C(=O)NC(C)c3ccc(-c4nccn4C)cc3)c21 | LogD Prediction: 3.282778739929199
20:58:16 <INFO> SMILES: CNC(=O)n1ccc2cc(Cl)cc(C(=O)NC(C)c3ccc(-c4cnc(C#N)nc4)cc3)c21 | LogD Prediction: 3.4417362213134766
20:58:16 <INFO> SMILES: Cc1nc(C(=O)n2ccc3cc(Cl)cc(C(=O)NC(C)c4ccc(N5CCOCC5)cc4)c32)c(C)o1 | LogD Prediction: 3.6671078205108643
20:58:16 <INFO> SMILES: CC(NC(=O)c1cc(Cl)cc2ccn(C(=O)c3cccc(CN(C)C)c3)c12)c1ccc(-c2cnn[nH]2)cc1 | LogD Prediction: 3.276937246322632
20:58:16 <INFO> SMILES: CC(=O)n1ccc2cc(Cl)cc(C(=O)NC(C)c3ccc(CCN4CCOCC4)cc3)c21 | LogD Prediction: 3.1370818614959717
20:58:16 <INFO> SMILES: CCC(=O)n1ccc2cc(Cl)cc(C(=O)NC(C)c3ccc(-c4n[nH]c(=O)o4)cc3)c21 | LogD Prediction: 3.3012287616729736
20:58:16 <INFO> SMILES: CC(=O)NCC(=O)n1ccc2cc(Cl)cc(C(=O)NC(C)c3ccc(N4CCOCC4)cc3)c21 | LogD Prediction: 2.8622376918792725
20:58:16 <INFO> SMILES: CC(NC(=O)c1cc(Cl)cc2ccn(C(=O)N3CCOCC3C)c12)c1ccc(N(C)CC2CC2)cc1 | LogD Prediction: 3.586305856704712
20:58:16 <INFO> SMILES: CCNC(=O)n1ccc2cc(Cl)cc(C(=O)NC(C)c3ccc(C4(C)CCCN(C)C4)cc3)c21 | LogD Prediction: 3.1039280891418457
20:58:16 <INFO> SMILES: CC(NC(=O)c1cc(Cl)cc2ccn(S(C)(=O)=O)c12)c1ccc(C2(C)CCOC2)cc1 | LogD Prediction: 3.3554019927978516
20:58:16 <INFO> SMILES: CC(NC(=O)c1cc(Cl)cc2ccn(S(C)(=O)=O)c12)c1ccc(N2CCOCC2)cc1 | LogD Prediction: 3.0221331119537354
20:58:16 <INFO> SMILES: CC(NC(=O)c1cc(Cl)cc2ccn(S(=O)(=O)C3CC3)c12)c1ccc(-c2cc[nH]n2)cc1 | LogD Prediction: 2.725399971008301
20:58:16 <INFO> SMILES: CC(NC(=O)c1cc(Cl)cc2ccn(S(=O)(=O)c3cn(C)cn3)c12)c1ccc(-c2ncc[nH]2)cc1 | LogD Prediction: 2.1065032482147217
20:58:16 <INFO> SMILES: CC(NC(=O)c1cc(Cl)cc2ccn(C(=O)c3ccncc3)c12)c1ccc(C2CC2)cc1 | LogD Prediction: 3.5062167644500732
20:58:16 <INFO> SMILES: CCNC(=O)n1ccc2cc(Cl)cc(C(=O)NC(C)c3ccc(-c4cc[nH]n4)cc3)c21 | LogD Prediction: 3.1986403465270996
20:58:16 <INFO> SMILES: CC(NC(=O)c1cc(Cl)cc2ccn(C(=O)N(C)C)c12)c1ccc(C2CC3CCCN(C)C3C2)cc1 | LogD Prediction: 2.8130874633789062
20:58:16 <INFO> SMILES: CC(NC(=O)c1cc(Cl)cc2ccn(C(=O)CN(C)C)c12)c1ccc(-c2ncn[nH]2)cc1 | LogD Prediction: 2.484015464782715
20:58:16 <INFO> SMILES: CC(NC(=O)c1cc(Cl)cc2ccn(C(=O)NCCCN(C)C)c12)c1ccc(N2CCOCC2)cc1 | LogD Prediction: 2.5100741386413574
20:58:16 <INFO> SMILES: CCN(CC)C(=O)n1ccc2cc(Cl)cc(C(=O)NC(C)c3ccc(C4CCOCC4)cc3)c21 | LogD Prediction: 3.880319118499756
20:58:16 <INFO> SMILES: CNC(=O)n1ccc2cc(Cl)cc(C(=O)NC(C)c3ccc(N4CCNCC4)cc3)c21 | LogD Prediction: 2.3452508449554443
20:58:16 <INFO> SMILES: COCCN(C)C(=O)n1ccc2cc(Cl)cc(C(=O)NC(C)c3ccc(C4(C)CCOC4)cc3)c21 | LogD Prediction: 3.608757257461548
20:58:16 <INFO> SMILES: CC(NC(=O)c1cc(Cl)cc2ccn(C)c12)c1ccc(N2CCOCC2)cc1 | LogD Prediction: 3.0952188968658447
20:58:16 <INFO> SMILES: CC(NC(=O)c1cc(Cl)cc2ccn(C(=O)C3CCOCC3)c12)c1ccc(N2CCOCC2)cc1 | LogD Prediction: 3.3675377368927
20:58:16 <INFO> SMILES: CC(NC(=O)c1cc(Cl)cc2ccn(C(=O)N3CCC(N(C)C)CC3)c12)c1ccc(N2CCCCCC2)cc1 | LogD Prediction: 2.942413091659546
20:58:16 <INFO> SMILES: CC(NC(=O)c1cc(Cl)cc2ccn(C(=O)N(C)CC3CC3)c12)c1ccc(N2CCCOCC2)cc1 | LogD Prediction: 3.579810619354248
20:58:16 <INFO> SMILES: CC(NC(=O)c1cc(Cl)cc2ccn(C(=O)NCC3CC3)c12)c1ccc(N2CCOCC2)cc1 | LogD Prediction: 3.43937087059021
20:58:16 <INFO> SMILES: CC(NC(=O)c1cc(Cl)cc2ccn(C(=O)N3CCCC3)c12)c1ccc(N2CCCOCC2)cc1 | LogD Prediction: 3.0480921268463135
20:58:16 <INFO> SMILES: CC(NC(=O)c1cc(Cl)cc2ccn(C(=O)c3ccc(N4CCOCC4)cc3)c12)c1ccc(-c2nnn[nH]2)cc1 | LogD Prediction: 3.338735342025757
20:58:16 <INFO> SMILES: CC(NC(=O)c1cc(Cl)cc2ccn(C(=O)N3CCCCC3)c12)c1ccc(N2CCCOCC2)cc1 | LogD Prediction: 3.259429693222046
20:58:16 <INFO> SMILES: CC(NC(=O)c1cc(Cl)cc2ccn(C(=O)N3CCN(C)CC3)c12)c1ccc(Cc2cccnc2)cc1 | LogD Prediction: 2.8333606719970703
20:58:16 <INFO> SMILES: Cc1ccnn1Cc1ccc(C(C)NC(=O)c2cc(Cl)cc3ccn(C(=O)N4CCOCC4)c23)cc1 | LogD Prediction: 2.8655996322631836
20:58:16 <INFO> SMILES: CCN(C)C(=O)n1ccc2cc(Cl)cc(C(=O)NC(C)c3ccc(CCc4n[nH]c(=O)[nH]4)cc3)c21 | LogD Prediction: 3.1541552543640137
20:58:16 <INFO> SMILES: CCCN1CCC(Cc2ccc(C(C)NC(=O)c3cc(Cl)cc4ccn(C(=O)N(CC)CC)c34)cc2)CC1 | LogD Prediction: 3.2080719470977783
20:58:16 <INFO> SMILES: CC(NC(=O)c1cc(Cl)cc2ccn(C(=O)N(C)C)c12)c1ccc(-c2ccncc2)cc1 | LogD Prediction: 3.1016294956207275
20:58:16 <INFO> SMILES: CC(NC(=O)c1cc(Cl)cc2ccn(C(=O)N(C)C)c12)c1ccc(N2CCCCCC2)cc1 | LogD Prediction: 3.7487952709198
20:58:16 <INFO> SMILES: CC(NC(=O)c1cc(Cl)cc2ccn(C(=O)NCCCN(C)C)c12)c1ccc(-c2ccc(=O)[nH]c2)cc1 | LogD Prediction: 2.7131094932556152
20:58:16 <INFO> SMILES: CC(NC(=O)c1cc(Cl)cc2ccn(C(=O)NCCN(C)C)c12)c1ccc(N2CCOCC2)cc1 | LogD Prediction: 2.628818988800049
20:58:16 <INFO> SMILES: CC(NC(=O)c1cc(Cl)cc2ccn(S(=O)(=O)CCN(C)C)c12)c1ccc(-c2cccc(=O)n2C)cc1 | LogD Prediction: 2.663498640060425
20:58:16 <INFO> SMILES: CC(NC(=O)c1cc(Cl)cc2ccn(C(=O)NC3CCN(C)CC3)c12)c1ccc(N2CC3(C)CCC2C3)cc1 | LogD Prediction: 2.8831913471221924
20:58:16 <INFO> SMILES: CCn1c(Cc2ccc(C(C)NC(=O)c3cc(Cl)cc4ccn(C(=O)NC)c34)cc2)n[nH]c1=O | LogD Prediction: 2.931067705154419
20:58:16 <INFO> SMILES: CNC(=O)n1ccc2cc(Cl)cc(C(=O)NC(C)c3ccc(N4CCCCCC4)cc3)c21 | LogD Prediction: 3.8502566814422607
20:58:16 <INFO> SMILES: CC(NC(=O)c1cc(Cl)cc2ccn(C(=O)N(C)C)c12)c1ccc(-c2nnc[nH]2)cc1 | LogD Prediction: 2.963046073913574
20:58:16 <INFO> SMILES: CC(NC(=O)c1cc(Cl)cc2ccn(C(=O)N(C)C)c12)c1ccc(C2=CC2)cc1 | LogD Prediction: 3.647369861602783
20:58:16 <INFO> SMILES: CC(NC(=O)c1cc(Cl)cc2ccn(C(=O)N(C)C)c12)c1ccc(N2CCNCC2)cc1 | LogD Prediction: 2.3118112087249756
20:58:16 <INFO> SMILES: CC(NC(=O)c1cc(Cl)cc2ccn(C(=O)N(C)C)c12)c1ccc(C2CCCCO2)cc1 | LogD Prediction: 3.6926214694976807
20:58:16 <INFO> SMILES: Cc1nn(C)cc1-c1ccc(C(C)NC(=O)c2cc(Cl)cc3ccn(C(=O)N(C)C)c23)cc1 | LogD Prediction: 3.511605978012085
20:58:16 <INFO> SMILES: CC(NC(=O)c1cc(Cl)cc2ccn(CCN(C)C)c12)c1ccc(-c2ccn[nH]2)cc1 | LogD Prediction: 2.5097849369049072
20:58:17 <INFO> SMILES: CC(NC(=O)c1cc(Cl)cc2ccn(CCN(C)C)c12)c1ccc(-c2cc[nH]n2)cc1 | LogD Prediction: 2.4721715450286865
20:58:17 <INFO> SMILES: CC(NC(=O)c1cc(Cl)cc2ccn(CCCN(C)C)c12)c1ccc(-c2nnc(C#N)o2)cc1 | LogD Prediction: 2.8678648471832275
20:58:17 <INFO> SMILES: CC(NC(=O)c1cc(Cl)cc2ccn(C(=O)N(C)CCN(C)C)c12)c1ccc(C2CCOCC2)cc1 | LogD Prediction: 3.0034563541412354
20:58:17 <INFO> SMILES: CC(NC(=O)c1cc(Cl)cc2ccn(C(=O)NCCN(C)C)c12)c1ccc(-c2ccccn2)cc1 | LogD Prediction: 2.861276388168335
20:58:17 <INFO> SMILES: CC(NC(=O)c1cc(Cl)cc2ccn(S(=O)(=O)N(C)C)c12)c1ccc(N2CCOCC2)cc1 | LogD Prediction: 3.4000744819641113
20:58:17 <INFO> SMILES: CC(NC(=O)c1cc(Cl)cc2ccn(C(=O)CN(C)C=O)c12)c1ccc(C2CC([S+](C)C)C2)cc1 | LogD Prediction: 3.348724126815796
20:58:17 <INFO> SMILES: CC(NC(=O)c1cc(Cl)cc2ccn(C(=O)N(C)CC=CCN(C)C)c12)c1ccc(CN2CCOCC2)cc1 | LogD Prediction: 2.5507328510284424
20:58:17 <INFO> SMILES: CNC(=O)n1ccc2cc(Cl)cc(C(=O)NC(C)c3ccc(-c4n[nH]c(=O)[nH]4)cc3)c21 | LogD Prediction: 2.626385450363159
20:58:17 <INFO> SMILES: CNC(=O)n1ccc2cc(Cl)cc(C(=O)NC(C)c3ccc(-c4nnco4)cc3)c21 | LogD Prediction: 3.0407676696777344
20:58:17 <INFO> SMILES: CC(NC(=O)c1cc(Cl)cc2ccn(C(=O)N3CCCC3)c12)c1ccc(-c2nnn[nH]2)cc1 | LogD Prediction: 2.64516544342041
20:58:17 <INFO> SMILES: CC(NC(=O)c1cc(Cl)cc2ccn(C(=O)N3CCC3)c12)c1ccc(C2CCN(C)CC2)cc1 | LogD Prediction: 2.256051778793335
20:58:17 <INFO> SMILES: CC(NC(=O)c1cc(Cl)cc2ccn(C(=O)NCC3CN(C)C(=O)N3C)c12)c1ccc(C2CCOCC2)cc1 | LogD Prediction: 3.320106267929077
20:58:17 <INFO> SMILES: CC(NC(=O)c1cc(Cl)cc2ccn(C(=O)N3CCN(C)CC3)c12)c1ccc(CC2CCCOCC2)cc1 | LogD Prediction: 3.15503191947937
20:58:17 <INFO> SMILES: CC(NC(=O)c1cc(Cl)cc2ccn(C(=O)C3CCN(CCN(C)C)CC3)c12)c1ccc(C2CCOC2)cc1 | LogD Prediction: 2.0718183517456055
20:58:17 <INFO> SMILES: CC(NC(=O)c1cc(Cl)cc2ccn(C(=O)N(C)C)c12)c1ccc(-c2nc3c(=O)[nH]cnc3[nH]2)cc1 | LogD Prediction: 2.679670572280884
20:58:17 <INFO> SMILES: CC(NC(=O)c1cc(Cl)cc2ccn(C(=O)N(C)C)c12)c1ccc(-c2nc[nH]n2)cc1 | LogD Prediction: 2.977816104888916
20:58:17 <INFO> SMILES: CC(NC(=O)c1cc(Cl)cc2ccn(C(=O)N(C)C)c12)c1ccc(-c2cc[nH]n2)cc1 | LogD Prediction: 3.119487762451172
20:58:17 <INFO> SMILES: CC(=O)n1ccc2cc(Cl)cc(C(=O)NC(C)c3ccc(N4CCN(C5COC5)CC4)cc3)c21 | LogD Prediction: 3.1520395278930664
20:58:17 <INFO> SMILES: CC(NC(=O)c1cc(Cl)cc2ccn(C(=O)N(C)C)c12)c1ccc(C2(C)CCCOCC2)cc1 | LogD Prediction: 3.826472043991089
20:58:17 <INFO> SMILES: CNc1cnc(-c2ccc(C(C)NC(=O)c3cc(Cl)cc4ccn(C(=O)N(C)C)c34)cc2)cn1 | LogD Prediction: 3.299407720565796
20:58:17 <INFO> SMILES: CC(NC(=O)c1cc(Cl)cc2ccn(C(=O)N(C)C)c12)c1ccc(-c2ncn[nH]2)cc1 | LogD Prediction: 2.9494245052337646
20:58:17 <INFO> SMILES: CC(NC(=O)c1cc(Cl)cc2ccn(C(=O)CN(C)C(=O)N(C)C)c12)c1ccc(N2CCN(C)CC2)cc1 | LogD Prediction: 2.9748456478118896
20:58:17 <INFO> SMILES: CC(NC(=O)c1cc(Cl)cc2ccn(C(=O)c3ccc(F)cc3)c12)c1ccc(N2CCC(C#N)CC2)cc1 | LogD Prediction: 3.9407804012298584
20:58:17 <INFO> SMILES: CC(NC(=O)c1cc(Cl)cc2ccn(C=O)c12)c1ccc(N2CCCCCC2)cc1 | LogD Prediction: 3.7427778244018555
20:58:17 <INFO> SMILES: CCS(=O)(=O)n1ccc2cc(Cl)cc(C(=O)NC(C)c3ccc(N4CCOCC4)cc3)c21 | LogD Prediction: 3.199906349182129
20:58:17 <INFO> SMILES: CCN1CC2CC1CN2c1ccc(C(C)NC(=O)c2cc(Cl)cc3ccn(S(C)(=O)=O)c23)cc1 | LogD Prediction: 2.5974059104919434
20:58:17 <INFO> SMILES: CC(NC(=O)c1cc(Cl)cc2ccn(C(=O)c3ccc4c(c3)CCS(=O)(=O)C4)c12)c1ccc(N2CCOCC2)cc1 | LogD Prediction: 3.5488367080688477
20:58:17 <INFO> SMILES: CC(NC(=O)c1cc(Cl)cc2ccn(C(=O)c3ccccc3CN3CCOCC3)c12)c1ccc(N2CCOCC2)cc1 | LogD Prediction: 3.4222326278686523
20:58:17 <INFO> SMILES: CNC(=O)c1cnccc1C(=O)n1ccc2cc(Cl)cc(C(=O)NC(C)c3ccc(N4CCOCC4)cc3)c21 | LogD Prediction: 2.888214588165283
20:58:17 <INFO> SMILES: Cc1ccc(CNC(=O)n2ccc3cc(Cl)cc(C(=O)NC(C)c4ccc(N5CCOCC5)cc4)c32)o1 | LogD Prediction: 3.843010187149048
20:58:17 <INFO> SMILES: CCC1CN(c2cc[n+](C)cc2)CC1n1ccc2cc(Cl)cc(C(=O)NC(C)c3ccc(N4CCOCC4)cc3)c21 | LogD Prediction: 1.8340243101119995
20:58:17 <INFO> SMILES: CC(NC(=O)c1cc(Cl)cc2ccn(C(=O)c3cccc(N(C)S(C)(=O)=O)c3)c12)c1ccc(N2CCOCC2)cc1 | LogD Prediction: 3.4275155067443848
20:58:17 <INFO> SMILES: CC(NC(=O)c1cc(Cl)cc2ccn(C(=O)c3ccn(C)n3)c12)c1ccc(N2CCOCC2)cc1 | LogD Prediction: 3.1625876426696777
20:58:17 <INFO> SMILES: CC(NC(=O)c1cc(Cl)cc2ccn(C(=O)c3ccnc(NCCCN(C)C)n3)c12)c1ccc(C2CCN(C)CC2)cc1 | LogD Prediction: 2.1199839115142822
20:58:17 <INFO> SMILES: CC(NC(=O)c1cc(Cl)cc2ccn(C(=O)c3cn(C)nc3CN(C)C)c12)c1ccc(N2CCOCC2)cc1 | LogD Prediction: 2.8852837085723877
20:58:17 <WARN> [csv_summmary] Missing SMILES in component results: CC(NC(=O)c1cc(Cl)cc2ccn(C(=O)c3ccn(C)n3)c12)c1ccc(N2CCOCC2)cc1. Filling zero scores.
20:58:17 <INFO> Score: 0.01 Agent NLL: 15.49 Valid:  98% Step: 12
 | Agent Prior Target Score SMILES SMILES_state Input_Scaffold R-groups Scaffold QED QED (raw) gnina score gnina score (raw) MW MW (raw) SlogP (RDKit) SlogP (RDKit) (raw) TPSA TPSA (raw) Number of stereo centers Number of stereo centers (raw) Number of HB acceptors (Lipinski) Number of HB acceptors (Lipinski) (raw) Number of HB donors (Lipinski) Number of HB donors (Lipinski) (raw) Number of rotatable bonds Number of rotatable bonds (raw) Number of Heavy atoms Number of Heavy atoms (raw) Molecular Volume (RDKit) Molecular Volume (RDKit) (raw) SA score SA score (raw) herg inactive herg inactive (raw) LogD LogD (raw) Alerts Alerts (raw) matching_patterns (Alerts)
 | 16.2404 24.7230 -24.7229 0.0000000 CC(NC(=O)c1cc(Cl)cc2ccn(C(=O)C3CC3)c12)c1ccc(N2CCCCCCC2)cc1 1 Clc1cc2ccn([*])c2c(C(=O)NC(c2ccc([*])cc2)C)c1 *C(=O)C1CC1|N1(*)CCCCCCC1 O=C(NCc1ccc(N2CCCCCCC2)cc1)c1cccc2ccn(C(=O)C3CC3)c12 0.0000000 0.0000 0.0000000 0.0000 0.0000000 0.0000 0.0000000 0.0000 0.0000000 0.0000 0.0000000 0.0000 0.0000000 0.0000 0.0000000 0.0000 0.0000000 0.0000 0.0000000 0.0000 0.0000000 0.0000 0.0000000 0.0000 0.0000000 0.0000 0.0000000 0.0000 0.0000000 0.0000 ['[*;r8]']
 | 9.6230 11.7135 3.7314 0.0308899 CC(=O)n1ccc2cc(Cl)cc(C(=O)NC(C)c3ccc(-c4cc[nH]n4)cc3)c21 1 Clc1cc2ccn([*])c2c(C(=O)NC(c2ccc([*])cc2)C)c1 *C(=O)C|c1(*)n[nH]cc1 O=C(NCc1ccc(-c2cc[nH]n2)cc1)c1cccc2cc[nH]c12 0.5087314 0.5087 0.0000000 0.0000 0.9998117 406.8730 0.0000001 4.8359 1.0000000 79.7800 1.0000000 1.0000 1.0000000 4.0000 0.5000000 2.0000 0.9693466 4.0000 0.9825279 29.0000 0.9772726 351.9920 0.8788975 3.2784 1.0000000 0.3695 0.8238032 3.3325 1.0000000 1.0000 []
 | 9.8006 17.6204 -16.0622 0.0031163 CC(NC(=O)c1cc(Cl)cc2ccn(C(=O)N(C)C)c12)c1ccc(N2CCCNCC2)cc1 1 Clc1cc2ccn([*])c2c(C(=O)NC(c2ccc([*])cc2)C)c1 *C(=O)N(C)C|*N1CCNCCC1 O=C(NCc1ccc(N2CCCNCC2)cc1)c1cccc2cc[nH]c12 0.6053504 0.6054 0.0000000 0.0000 0.9501317 468.0010 0.0000051 4.1151 1.0000000 69.6100 1.0000000 1.0000 1.0000000 5.0000 0.5000000 2.0000 0.9693466 4.0000 0.9631018 33.0000 0.7432394 422.3040 0.8935446 3.1521 0.0000000 0.5841 0.9999969 2.1234 1.0000000 1.0000 []
 | 10.4748 18.3744 -2.5590 0.0316308 CC(NC(=O)c1cc(Cl)cc2ccn(C(=O)N(C)C)c12)c1ccc(-c2ccc(=O)[nH]n2)cc1 1 Clc1cc2ccn([*])c2c(C(=O)NC(c2ccc([*])cc2)C)c1 *C(=O)N(C)C|*c1n[nH]c(=O)cc1 O=C(NCc1ccc(-c2ccc(=O)[nH]n2)cc1)c1cccc2cc[nH]c12 0.4761740 0.4762 0.0000000 0.0000 0.9651971 463.9250 0.0000068 4.0657 0.9999980 100.0900 1.0000000 1.0000 1.0000000 5.0000 0.5000000 2.0000 0.9693466 4.0000 0.9631018 33.0000 0.8832753 397.2640 0.8888510 3.1942 1.0000000 0.2181 0.9803437 3.0755 1.0000000 1.0000 []
 | 17.1167 23.4388 -8.0436 0.0307905 CCNC(=O)n1ccc2cc(Cl)cc(C(=O)NC(C)c3ccc(-c4nccn4C)cc3)c21 1 Clc1cc2ccn([*])c2c(C(=O)NC(c2ccc([*])cc2)C)c1 *C(=O)NCC|c1cn(C)c(*)n1 O=C(NCc1ccc(-c2ncc[nH]2)cc1)c1cccc2cc[nH]c12 0.4604224 0.4604 0.0000000 0.0000 0.9901512 449.9420 0.0000001 4.7638 1.0000000 80.9500 1.0000000 1.0000 1.0000000 5.0000 0.5000000 2.0000 0.9467598 5.0000 0.9693466 32.0000 0.8866815 396.3920 0.8938824 3.1490 1.0000000 0.3293 0.8808687 3.2828 1.0000000 1.0000 []
 | 15.7055 22.1820 -8.0259 0.0283122 CNC(=O)n1ccc2cc(Cl)cc(C(=O)NC(C)c3ccc(-c4cnc(C#N)nc4)cc3)c21 1 Clc1cc2ccn([*])c2c(C(=O)NC(c2ccc([*])cc2)C)c1 *C(=O)NC|n1c(C#N)ncc(*)c1 O=C(NCc1ccc(-c2cncnc2)cc1)c1cccc2cc[nH]c12 0.4730049 0.4730 0.0000000 0.0000 0.9777871 458.9090 0.0000018 4.3019 0.9998741 112.7000 1.0000000 1.0000 0.9999999 6.0000 0.5000000 2.0000 0.9693466 4.0000 0.9631018 33.0000 0.9021125 392.1280 0.8765836 3.2972 1.0000000 0.3542 0.6310279 3.4417 1.0000000 1.0000 []
 | 15.3623 20.5452 -19.8261 0.0014382 Cc1nc(C(=O)n2ccc3cc(Cl)cc(C(=O)NC(C)c4ccc(N5CCOCC5)cc4)c32)c(C)o1 1 Clc1cc2ccn([*])c2c(C(=O)NC(c2ccc([*])cc2)C)c1 *C(=O)c1c(C)oc(C)n1|C1CN(*)CCO1 O=C(NCc1ccc(N2CCOCC2)cc1)c1cccc2ccn(C(=O)c3cocn3)c12 0.4132003 0.4132 0.0000000 0.0000 0.3443876 506.9900 0.0000000 4.9156 0.9999999 89.6000 1.0000000 1.0000 0.9999900 7.0000 0.9467598 1.0000 0.9467598 5.0000 0.9362164 36.0000 0.5678881 442.8800 0.8777614 3.2877 0.0000000 0.9606 0.1766632 3.6671 1.0000000 1.0000 []
 | 20.0448 26.9894 -26.2915 0.0013959 CC(NC(=O)c1cc(Cl)cc2ccn(C(=O)c3cccc(CN(C)C)c3)c12)c1ccc(-c2cnn[nH]2)cc1 1 Clc1cc2ccn([*])c2c(C(=O)NC(c2ccc([*])cc2)C)c1 *C(=O)c1cccc(CN(C)C)c1|c1c(*)[nH]nn1 O=C(NCc1ccc(-c2cnn[nH]2)cc1)c1cccc2ccn(C(=O)c3ccccc3)c12 0.2990263 0.2990 0.0000000 0.0000 0.0766066 527.0280 0.0000000 5.3209 0.9999995 95.9100 1.0000000 1.0000 0.9999999 6.0000 0.5000000 2.0000 0.8490205 7.0000 0.9090909 38.0000 0.3795342 462.8080 0.8540441 3.4655 0.0000000 0.8392 0.8863999 3.2769 1.0000000 1.0000 []
 | 14.0649 14.1654 -12.6073 0.0031161 CC(=O)n1ccc2cc(Cl)cc(C(=O)NC(C)c3ccc(CCN4CCOCC4)cc3)c21 1 Clc1cc2ccn([*])c2c(C(=O)NC(c2ccc([*])cc2)C)c1 *C(C)=O|O1CCN(CC*)CC1 O=C(NCc1ccc(CCN2CCOCC2)cc1)c1cccc2cc[nH]c12 0.6033330 0.6033 0.0000000 0.0000 0.9857903 453.9700 0.0000015 4.3205 1.0000000 63.5700 1.0000000 1.0000 1.0000000 5.0000 0.9467598 1.0000 0.9090909 6.0000 0.9693466 32.0000 0.8411030 406.5760 0.9122343 2.9664 0.0000000 0.6586 0.9658617 3.1371 1.0000000 1.0000 []
 | 18.6622 19.9831 -4.5032 0.0309598 CCC(=O)n1ccc2cc(Cl)cc(C(=O)NC(C)c3ccc(-c4n[nH]c(=O)o4)cc3)c21 1 Clc1cc2ccn([*])c2c(C(=O)NC(c2ccc([*])cc2)C)c1 *C(CC)=O|c1(=O)oc(*)n[nH]1 O=C(NCc1ccc(-c2n[nH]c(=O)o2)cc1)c1cccc2cc[nH]c12 0.4853469 0.4853 0.0000000 0.0000 0.9964249 438.8710 0.0000036 4.1792 0.9999484 109.9900 1.0000000 1.0000 0.9999999 6.0000 0.5000000 2.0000 0.9467598 5.0000 0.9745624 31.0000 0.9570148 369.1440 0.8768622 3.2949 1.0000000 0.3102 0.8618512 3.3012 1.0000000 1.0000 []
20:58:17 <WARN> [tensorboard] Missing SMILES in component results: CC(NC(=O)c1cc(Cl)cc2ccn(C(=O)c3ccn(C)n3)c12)c1ccc(N2CCOCC2)cc1. Filling zeros.
20:58:17 <WARN> reinvent_plugins.normalizers.rdkit_smiles: c1cc([*])ccc1C(C)NC(c1cc(Cl)cc2ccn([*])c12)=Oc1c(*)cnc(F)c1|CN(C)CC=CC)* could not be converted
21:05:19 <INFO> SMILES: Cc1ccc(C(C)NC(=O)c2cc(Cl)cc3ccn(Cc4ccncc4)c23)cc1 | Score: 0.7961564064025879 | Type: <class 'float'>
21:05:19 <INFO> SMILES: CC(NC(=O)c1cc(Cl)cc2ccn(C(=O)NCCN(C)C)c12)c1ccc(N(C)C)cc1 | Score: 0.27530035376548767 | Type: <class 'float'>
21:05:19 <INFO> SMILES: CC(NC(=O)c1cc(Cl)cc2ccn(C(=O)N3CCOCC3)c12)c1ccc(-c2nnn[nH]2)cc1 | Score: 0.2983153462409973 | Type: <class 'float'>
21:05:19 <INFO> SMILES: CNC(=O)n1ccc2cc(Cl)cc(C(=O)NC(C)c3ccc(-c4ccc(Cl)nc4)cc3)c21 | Score: 0.35792040824890137 | Type: <class 'float'>
21:05:19 <INFO> SMILES: CCN(C)C(=O)n1ccc2cc(Cl)cc(C(=O)NC(C)c3ccc(-c4ccncn4)cc3)c21 | Score: 0.23642843961715698 | Type: <class 'float'>
21:05:19 <INFO> SMILES: CNC(=O)n1ccc2cc(Cl)cc(C(=O)NC(C)c3ccc(-c4ncc(F)cn4)cc3)c21 | Score: 0.13682344555854797 | Type: <class 'float'>
21:05:19 <INFO> SMILES: CNC(=O)n1ccc2cc(Cl)cc(C(=O)NC(C)c3ccc(-c4cnn(Cc5n[nH]c(=O)[nH]5)n4)cc3)c21 | Score: 0.2129008173942566 | Type: <class 'float'>
21:05:19 <INFO> SMILES: CCNC(=O)n1ccc2cc(Cl)cc(C(=O)NC(C)c3ccc(-c4nnn[nH]4)cc3)c21 | Score: 0.6351836919784546 | Type: <class 'float'>
21:05:19 <INFO> SMILES: Cc1ccc(C(C)NC(=O)c2cc(Cl)cc3ccn(C(=O)c4ccc(C)c(CN(C)C)c4C)c23)cc1 | Score: 0.8721399307250977 | Type: <class 'float'>
21:05:19 <INFO> SMILES: CC(NC(=O)c1cc(Cl)cc2ccn(C(=O)N(C)C)c12)c1ccc(C2(C)CCOCC2)cc1 | Score: 0.49989035725593567 | Type: <class 'float'>
21:05:19 <INFO> SMILES: CNC(=O)n1ccc2cc(Cl)cc(C(=O)NC(C)c3ccc(C4CCOCC4)cc3)c21 | Score: 0.43636348843574524 | Type: <class 'float'>
21:05:19 <INFO> SMILES: CC(NC(=O)c1cc(Cl)cc2ccn(S(C)(=O)=O)c12)c1ccc(N2CCN(C)CC2)cc1 | Score: 0.431824266910553 | Type: <class 'float'>
21:05:19 <INFO> SMILES: CC(NC(=O)c1cc(Cl)cc2ccn(S(C)(=O)=O)c12)c1ccc(C2CCOCC2)cc1 | Score: 0.279893696308136 | Type: <class 'float'>
21:05:19 <INFO> SMILES: CC(NC(=O)c1cc(Cl)cc2ccn(C(=O)NCCCN3CCOCC3)c12)c1ccc(N2CCOCC2)cc1 | Score: 0.5445458292961121 | Type: <class 'float'>
21:05:19 <INFO> SMILES: CC(NC(=O)c1cc(Cl)cc2ccn(C(=O)N(C)C)c12)c1ccc(NC2CCOCC2)cc1 | Score: 0.7138650417327881 | Type: <class 'float'>
21:05:19 <INFO> SMILES: CC(NC(=O)c1cc(Cl)cc2ccn(C(=O)c3ccc(CNS(=O)(=O)c4cn(C)cn4)cc3)c12)c1ccc(N2CCOCC2)cc1 | Score: 0.15093538165092468 | Type: <class 'float'>
21:05:19 <INFO> SMILES: CCc1ccc(C(C)NC(=O)c2cc(Cl)cc3ccn(C(=O)c4ncccn4)c23)cc1 | Score: 0.5703732371330261 | Type: <class 'float'>
21:05:19 <INFO> SMILES: CCC(=O)N1CCCC1C(=O)n1ccc2cc(Cl)cc(C(=O)NC(C)c3ccc(C(F)(F)F)cc3)c21 | Score: 0.5889009833335876 | Type: <class 'float'>
21:05:19 <INFO> SMILES: CNC(=O)n1ccc2cc(Cl)cc(C(=O)NC(C)c3ccc(CC#N)cc3)c21 | Score: 0.07005683332681656 | Type: <class 'float'>
21:05:19 <INFO> SMILES: CC(NC(=O)c1cc(Cl)cc2ccn(C(=O)CN(C)C)c12)c1ccc(N2CCCCCC2)cc1 | Score: 0.8758061528205872 | Type: <class 'float'>
21:05:19 <INFO> SMILES: CC(NC(=O)c1cc(Cl)cc2ccn(C(=O)N3CCN(C)CC3)c12)c1ccc(N2CCCOCC2)cc1 | Score: 0.3889259994029999 | Type: <class 'float'>
21:05:19 <INFO> SMILES: CC(=O)n1ccc2cc(Cl)cc(C(=O)NC(C)c3ccc(C4CCCN(C)CC4)cc3)c21 | Score: 0.6332041621208191 | Type: <class 'float'>
21:05:19 <INFO> SMILES: CC(NC(=O)c1cc(Cl)cc2ccn(C(=O)N(C)C)c12)c1ccc(-c2cnc(N3CCNCC3)nn2)cc1 | Score: 0.4911559224128723 | Type: <class 'float'>
21:05:19 <INFO> SMILES: CC(=O)n1ccc2cc(Cl)cc(C(=O)NC(C)c3ccc(N4CCCOCC4)cc3)c21 | Score: 0.3548652231693268 | Type: <class 'float'>
21:05:19 <INFO> SMILES: CC(NC(=O)c1cc(Cl)cc2ccn(S(C)(=O)=O)c12)c1ccc(-c2ccncc2S(C)(=O)=O)cc1 | Score: 0.31442663073539734 | Type: <class 'float'>
21:05:19 <INFO> SMILES: CC(NC(=O)c1cc(Cl)cc2ccn(C(=O)C=CCN(C)C)c12)c1ccc(-c2cn[nH]c2)cc1 | Score: 0.5591046214103699 | Type: <class 'float'>
21:05:19 <INFO> SMILES: CC(NC(=O)c1cc(Cl)cc2ccn(C(=O)N(C)C)c12)c1ccc(-c2cccc(=O)[nH]2)cc1 | Score: 0.1555851846933365 | Type: <class 'float'>
21:05:19 <INFO> SMILES: CNC(=O)n1ccc2cc(Cl)cc(C(=O)NC(C)c3ccc(-c4nc5ccccc5[nH]4)cc3)c21 | Score: 0.4206334948539734 | Type: <class 'float'>
21:05:19 <INFO> SMILES: CC(NC(=O)c1cc(Cl)cc2ccn(C(=O)C=CCN(C)C)c12)c1ccc(-c2cnc[nH]2)cc1 | Score: 0.5133649706840515 | Type: <class 'float'>
21:05:19 <INFO> SMILES: CNCC(=O)n1ccc2cc(Cl)cc(C(=O)NC(C)c3ccc(-c4nc(C)n[nH]4)cc3)c21 | Score: 0.6919066309928894 | Type: <class 'float'>
21:05:19 <INFO> SMILES: CCN(CC)C(=O)n1ccc2cc(Cl)cc(C(=O)NC(C)c3ccc(-c4ccc(=O)[nH]c4)cc3)c21 | Score: 0.15574833750724792 | Type: <class 'float'>
21:05:19 <INFO> SMILES: CC(NC(=O)c1cc(Cl)cc2ccn(CCN(C)C)c12)c1ccc(-c2ccc(CS(C)(=O)=O)cc2)cc1 | Score: 0.0007506772526539862 | Type: <class 'float'>
21:05:19 <INFO> SMILES: CCNC(=O)n1ccc2cc(Cl)cc(C(=O)NC(C)c3ccc(-c4ccncc4)cc3)c21 | Score: 0.39182817935943604 | Type: <class 'float'>
21:05:19 <INFO> SMILES: CCN(C)C(=O)n1ccc2cc(Cl)cc(C(=O)NC(C)c3ccc(-c4cn[nH]c4)cc3)c21 | Score: 0.40815067291259766 | Type: <class 'float'>
21:05:19 <INFO> SMILES: CC(NC(=O)c1cc(Cl)cc2ccn(S(C)(=O)=O)c12)c1ccc(-c2cn[nH]c2)cc1 | Score: 0.22997727990150452 | Type: <class 'float'>
21:05:19 <INFO> SMILES: CCS(=O)(=O)n1ccc2cc(Cl)cc(C(=O)NC(C)c3ccc(-c4cccnc4)cc3)c21 | Score: 0.8705354928970337 | Type: <class 'float'>
21:05:19 <INFO> SMILES: Cc1cc(-c2ccc(C(C)NC(=O)c3cc(Cl)cc4ccn(C(=O)N(C)C)c34)cc2)n[nH]c1=O | Score: 0.15384815633296967 | Type: <class 'float'>
21:05:19 <INFO> SMILES: Cc1nccc(-c2ccc(C(C)NC(=O)c3cc(Cl)cc4ccn(C(=O)c5ccncc5)c34)cc2)n1 | Score: 0.4192121624946594 | Type: <class 'float'>
21:05:19 <INFO> SMILES: CNS(=O)(=O)n1ccc2cc(Cl)cc(C(=O)NC(C)c3ccc(-c4ncco4)cc3)c21 | Score: 0.4754346013069153 | Type: <class 'float'>
21:05:19 <INFO> SMILES: CNC(=O)n1ccc2cc(Cl)cc(C(=O)NC(C)c3ccc(-c4nc(Cl)n[nH]4)cc3)c21 | Score: 0.46386054158210754 | Type: <class 'float'>
21:05:19 <INFO> SMILES: CC(NC(=O)c1cc(Cl)cc2ccn(S(C)(=O)=O)c12)c1ccc(N2CCCN(c3cnccn3)CC2)cc1 | Score: 0.17386457324028015 | Type: <class 'float'>
21:05:19 <INFO> SMILES: CC(NC(=O)c1cc(Cl)cc2ccn(C(=O)NC3CC3)c12)c1ccc(-c2nc3c([nH]2)CN(C)CC3)cc1 | Score: 0.5223337411880493 | Type: <class 'float'>
21:05:19 <INFO> SMILES: CC(NC(=O)c1cc(Cl)cc2ccn(CCN(C)C)c12)c1ccc(-c2cc(=O)n(C)c(=O)[nH]2)cc1 | Score: 0.24687910079956055 | Type: <class 'float'>
21:05:19 <INFO> SMILES: CC(=O)n1ccc2cc(Cl)cc(C(=O)NC(C)c3ccc(-c4ccn[nH]4)cc3)c21 | Score: 0.36949390172958374 | Type: <class 'float'>
21:05:19 <INFO> SMILES: CC(NC(=O)c1cc(Cl)cc2ccn(S(C)(=O)=O)c12)c1ccc(-c2cnn[nH]2)cc1 | Score: 0.31923791766166687 | Type: <class 'float'>
21:05:19 <INFO> SMILES: CC(NC(=O)c1cc(Cl)cc2ccn(C(=O)N3CCCN(C)CC3)c12)c1ccc(-c2cc[nH]c2)cc1 | Score: 0.4784478545188904 | Type: <class 'float'>
21:05:19 <INFO> SMILES: CNCC(=O)n1ccc2cc(Cl)cc(C(=O)NC(C)c3ccc(-c4ccnc(C)n4)cc3)c21 | Score: 0.4855339527130127 | Type: <class 'float'>
21:05:19 <INFO> SMILES: CC(NC(=O)c1cc(Cl)cc2ccn(C(=O)N(C)C)c12)c1ccc(-c2ccn(C)n2)cc1 | Score: 0.16495682299137115 | Type: <class 'float'>
21:05:19 <INFO> SMILES: CC(=O)n1ccc2cc(Cl)cc(C(=O)NC(C)c3ccc(-c4cnco4)cc3)c21 | Score: 0.3607935905456543 | Type: <class 'float'>
21:05:19 <INFO> SMILES: CC(NC(=O)c1cc(Cl)cc2ccn(C3CCN(C)CC3)c12)c1ccc(-c2ncc[nH]2)cc1 | Score: 0.7088397145271301 | Type: <class 'float'>
21:05:19 <INFO> SMILES: CC(NC(=O)c1cc(Cl)cc2ccn(C(=O)c3cccnc3)c12)c1ccc(-c2ccncc2)cc1 | Score: 0.43075788021087646 | Type: <class 'float'>
21:05:19 <INFO> SMILES: CCN(C)C(=O)n1ccc2cc(Cl)cc(C(=O)NC(C)c3ccc(-c4ccc(=O)[nH]n4)cc3)c21 | Score: 0.21205462515354156 | Type: <class 'float'>
21:05:19 <INFO> SMILES: CC(NC(=O)c1cc(Cl)cc2ccn(C(=O)N(C)CCN(C)C)c12)c1ccc(-c2ccccn2)cc1 | Score: 0.5803400874137878 | Type: <class 'float'>
21:05:19 <INFO> SMILES: CC(=O)n1ccc2cc(Cl)cc(C(=O)NC(C)c3ccc(C4CNCCc5cccnc54)cc3)c21 | Score: 0.5111870169639587 | Type: <class 'float'>
21:05:19 <INFO> SMILES: Cc1cccc(-c2ccc(C(C)NC(=O)c3cc(Cl)cc4ccn(C(=O)N(C)CCN(C)C)c34)cc2)n1 | Score: 0.6206477880477905 | Type: <class 'float'>
21:05:19 <INFO> SMILES: CNCCN(C)S(=O)(=O)n1ccc2cc(Cl)cc(C(=O)NC(C)c3ccc(-c4cccnn4)cc3)c21 | Score: 0.6043077111244202 | Type: <class 'float'>
21:05:19 <INFO> SMILES: CNC(=O)n1ccc2cc(Cl)cc(C(=O)NC(C)c3ccc(-c4cnn(C)c4)cc3)c21 | Score: 0.18003560602664948 | Type: <class 'float'>
21:05:19 <INFO> SMILES: CC(NC(=O)c1cc(Cl)cc2ccn(C(=O)N(C)C)c12)c1ccc(Cn2ccnc2)cc1 | Score: 0.3971850872039795 | Type: <class 'float'>
21:05:19 <INFO> SMILES: CC(NC(=O)c1cc(Cl)cc2ccn(CCN(C)C)c12)c1ccc(-c2cn[nH]c2)cc1 | Score: 0.8212867975234985 | Type: <class 'float'>
21:05:19 <INFO> SMILES: CNC(=O)n1ccc2cc(Cl)cc(C(=O)NC(C)c3ccc(-c4cnc[nH]4)cc3)c21 | Score: 0.33070167899131775 | Type: <class 'float'>
21:05:19 <INFO> SMILES: CCNC(=O)n1ccc2cc(Cl)cc(C(=O)NC(C)c3ccc(-c4ncon4)cc3)c21 | Score: 0.3238869607448578 | Type: <class 'float'>
21:05:19 <INFO> SMILES: CCNC(=O)n1ccc2cc(Cl)cc(C(=O)NC(C)c3ccc(-c4ccnn4C)cc3)c21 | Score: 0.22567789256572723 | Type: <class 'float'>
21:05:19 <INFO> SMILES: CC(NC(=O)c1cc(Cl)cc2ccn(C(=O)N(C)C)c12)c1ccc(Cn2cn[nH]c2=O)cc1 | Score: 0.18820296227931976 | Type: <class 'float'>
21:05:19 <INFO> SMILES: Cc1n[nH]c(=O)n1Cc1ccc(C(C)NC(=O)c2cc(Cl)cc3ccn(C(=O)N4CCOCC4)c23)cc1 | Score: 0.04052194207906723 | Type: <class 'float'>
21:05:19 <INFO> SMILES: CC(NC(=O)c1cc(Cl)cc2ccn(CCN(C)C)c12)c1ccc(Cn2ccnc2)cc1 | Score: 0.7948050498962402 | Type: <class 'float'>
21:05:19 <INFO> SMILES: CC(NC(=O)c1cc(Cl)cc2ccn(S(=O)(=O)c3cnn(C)c3)c12)c1ccc(-c2ncc[nH]2)cc1 | Score: 0.12994171679019928 | Type: <class 'float'>
21:05:19 <INFO> SMILES: Cc1ccnc(Nc2ccc(C(C)NC(=O)c3cc(Cl)cc4ccn(C(=O)N(C)C)c34)cc2)n1 | Score: 0.572746217250824 | Type: <class 'float'>
21:05:19 <INFO> SMILES: CCNC(=O)n1ccc2cc(Cl)cc(C(=O)NC(C)c3ccc(-c4cnc(C)nc4)cc3)c21 | Score: 0.55255126953125 | Type: <class 'float'>
21:05:19 <INFO> SMILES: CC(=O)n1ccc2cc(Cl)cc(C(=O)NC(C)c3ccc(-c4csc(C)n4)cc3)c21 | Score: 0.059279099106788635 | Type: <class 'float'>
21:05:19 <INFO> SMILES: CNC(=O)n1ccc2cc(Cl)cc(C(=O)NC(C)c3ccc(-c4cnccn4)cc3)c21 | Score: 0.2716718316078186 | Type: <class 'float'>
21:05:19 <INFO> SMILES: CNC(=O)n1ccc2cc(Cl)cc(C(=O)NC(C)c3ccc(-c4ccccn4)cc3)c21 | Score: 0.2911074459552765 | Type: <class 'float'>
21:05:19 <INFO> SMILES: CC(NC(=O)c1cc(Cl)cc2ccn(C(=O)NCC3CCCN(C)C3)c12)c1ccc(-c2ccnn2C)cc1 | Score: 0.5290560722351074 | Type: <class 'float'>
21:05:19 <INFO> SMILES: CCn1ccc2cc(Cl)cc(C(=O)NC(C)c3ccc(Cn4cncn4)cc3)c21 | Score: 0.5395746231079102 | Type: <class 'float'>
21:05:19 <INFO> SMILES: CCNC(=O)n1ccc2cc(Cl)cc(C(=O)NC(C)c3ccc(Cn4nccn4)cc3)c21 | Score: 0.3204394578933716 | Type: <class 'float'>
21:05:19 <INFO> SMILES: CC(NC(=O)c1cc(Cl)cc2ccn(C(=O)C=CCN(C)C)c12)c1ccc(-c2nnn[nH]2)cc1 | Score: 0.6871632933616638 | Type: <class 'float'>
21:05:19 <INFO> SMILES: CCNC(=O)n1ccc2cc(Cl)cc(C(=O)NC(C)c3ccc(-c4cnn[nH]4)cc3)c21 | Score: 0.5959466099739075 | Type: <class 'float'>
21:05:19 <INFO> SMILES: CNC(=O)n1ccc2cc(Cl)cc(C(=O)NC(C)c3ccc(-c4nnnn4C)cc3)c21 | Score: 0.2677312195301056 | Type: <class 'float'>
21:05:19 <INFO> SMILES: CCNC(=O)n1ccc2cc(Cl)cc(C(=O)NC(C)c3ccc(-c4nccs4)cc3)c21 | Score: 0.4687345325946808 | Type: <class 'float'>
21:05:19 <INFO> SMILES: Cc1ccc(C(C)NC(=O)c2cc(Cl)cc3ccn(Cc4ccncc4)c23)cc1 | LogD Prediction: 3.061753034591675
21:05:19 <INFO> SMILES: CC(NC(=O)c1cc(Cl)cc2ccn(C(=O)NCCN(C)C)c12)c1ccc(N(C)C)cc1 | LogD Prediction: 2.581453561782837
21:05:19 <INFO> SMILES: CC(NC(=O)c1cc(Cl)cc2ccn(C(=O)N3CCOCC3)c12)c1ccc(-c2nnn[nH]2)cc1 | LogD Prediction: 2.46168851852417
21:05:19 <INFO> SMILES: CNC(=O)n1ccc2cc(Cl)cc(C(=O)NC(C)c3ccc(-c4ccc(Cl)nc4)cc3)c21 | LogD Prediction: 3.973121404647827
21:05:19 <INFO> SMILES: CCN(C)C(=O)n1ccc2cc(Cl)cc(C(=O)NC(C)c3ccc(-c4ccncn4)cc3)c21 | LogD Prediction: 3.249394178390503
21:05:19 <INFO> SMILES: CNC(=O)n1ccc2cc(Cl)cc(C(=O)NC(C)c3ccc(-c4ncc(F)cn4)cc3)c21 | LogD Prediction: 3.581981658935547
21:05:19 <INFO> SMILES: CNC(=O)n1ccc2cc(Cl)cc(C(=O)NC(C)c3ccc(-c4cnn(Cc5n[nH]c(=O)[nH]5)n4)cc3)c21 | LogD Prediction: 2.3317906856536865
21:05:19 <INFO> SMILES: CCNC(=O)n1ccc2cc(Cl)cc(C(=O)NC(C)c3ccc(-c4nnn[nH]4)cc3)c21 | LogD Prediction: 2.7154271602630615
21:05:19 <INFO> SMILES: Cc1ccc(C(C)NC(=O)c2cc(Cl)cc3ccn(C(=O)c4ccc(C)c(CN(C)C)c4C)c23)cc1 | LogD Prediction: 4.001804351806641
21:05:19 <INFO> SMILES: CC(NC(=O)c1cc(Cl)cc2ccn(C(=O)N(C)C)c12)c1ccc(C2(C)CCOCC2)cc1 | LogD Prediction: 3.6629693508148193
21:05:19 <INFO> SMILES: CNC(=O)n1ccc2cc(Cl)cc(C(=O)NC(C)c3ccc(C4CCOCC4)cc3)c21 | LogD Prediction: 3.501101493835449
21:05:19 <INFO> SMILES: CC(NC(=O)c1cc(Cl)cc2ccn(S(C)(=O)=O)c12)c1ccc(N2CCN(C)CC2)cc1 | LogD Prediction: 2.769401788711548
21:05:19 <INFO> SMILES: CC(NC(=O)c1cc(Cl)cc2ccn(S(C)(=O)=O)c12)c1ccc(C2CCOCC2)cc1 | LogD Prediction: 3.3027775287628174
21:05:19 <INFO> SMILES: CC(NC(=O)c1cc(Cl)cc2ccn(C(=O)NCCCN3CCOCC3)c12)c1ccc(N2CCOCC2)cc1 | LogD Prediction: 2.632037401199341
21:05:19 <INFO> SMILES: CC(NC(=O)c1cc(Cl)cc2ccn(C(=O)N(C)C)c12)c1ccc(NC2CCOCC2)cc1 | LogD Prediction: 3.452796220779419
21:05:19 <INFO> SMILES: CC(NC(=O)c1cc(Cl)cc2ccn(C(=O)c3ccc(CNS(=O)(=O)c4cn(C)cn4)cc3)c12)c1ccc(N2CCOCC2)cc1 | LogD Prediction: 3.4850411415100098
21:05:19 <INFO> SMILES: CCc1ccc(C(C)NC(=O)c2cc(Cl)cc3ccn(C(=O)c4ncccn4)c23)cc1 | LogD Prediction: 3.5701546669006348
21:05:19 <INFO> SMILES: CCC(=O)N1CCCC1C(=O)n1ccc2cc(Cl)cc(C(=O)NC(C)c3ccc(C(F)(F)F)cc3)c21 | LogD Prediction: 3.88773512840271
21:05:19 <INFO> SMILES: CNC(=O)n1ccc2cc(Cl)cc(C(=O)NC(C)c3ccc(CC#N)cc3)c21 | LogD Prediction: 3.0782511234283447
21:05:19 <INFO> SMILES: CC(NC(=O)c1cc(Cl)cc2ccn(C(=O)CN(C)C)c12)c1ccc(N2CCCCCC2)cc1 | LogD Prediction: 3.0768516063690186
21:05:19 <INFO> SMILES: CC(NC(=O)c1cc(Cl)cc2ccn(C(=O)N3CCN(C)CC3)c12)c1ccc(N2CCCOCC2)cc1 | LogD Prediction: 2.645512342453003
21:05:19 <INFO> SMILES: CC(=O)n1ccc2cc(Cl)cc(C(=O)NC(C)c3ccc(C4CCCN(C)CC4)cc3)c21 | LogD Prediction: 2.956700563430786
21:05:19 <INFO> SMILES: CC(NC(=O)c1cc(Cl)cc2ccn(C(=O)N(C)C)c12)c1ccc(-c2cnc(N3CCNCC3)nn2)cc1 | LogD Prediction: 2.421888589859009
21:05:19 <INFO> SMILES: CC(=O)n1ccc2cc(Cl)cc(C(=O)NC(C)c3ccc(N4CCCOCC4)cc3)c21 | LogD Prediction: 3.4975359439849854
21:05:19 <INFO> SMILES: CC(NC(=O)c1cc(Cl)cc2ccn(S(C)(=O)=O)c12)c1ccc(-c2ccncc2S(C)(=O)=O)cc1 | LogD Prediction: 2.5223286151885986
21:05:19 <INFO> SMILES: CC(NC(=O)c1cc(Cl)cc2ccn(C(=O)C=CCN(C)C)c12)c1ccc(-c2cn[nH]c2)cc1 | LogD Prediction: 2.460387945175171
21:05:19 <INFO> SMILES: CC(NC(=O)c1cc(Cl)cc2ccn(C(=O)N(C)C)c12)c1ccc(-c2cccc(=O)[nH]2)cc1 | LogD Prediction: 3.4338324069976807
21:05:19 <INFO> SMILES: CNC(=O)n1ccc2cc(Cl)cc(C(=O)NC(C)c3ccc(-c4nc5ccccc5[nH]4)cc3)c21 | LogD Prediction: 3.7360317707061768
21:05:19 <INFO> SMILES: CC(NC(=O)c1cc(Cl)cc2ccn(C(=O)C=CCN(C)C)c12)c1ccc(-c2cnc[nH]2)cc1 | LogD Prediction: 2.5401580333709717
21:05:19 <INFO> SMILES: CNCC(=O)n1ccc2cc(Cl)cc(C(=O)NC(C)c3ccc(-c4nc(C)n[nH]4)cc3)c21 | LogD Prediction: 2.197683095932007
21:05:19 <INFO> SMILES: CCN(CC)C(=O)n1ccc2cc(Cl)cc(C(=O)NC(C)c3ccc(-c4ccc(=O)[nH]c4)cc3)c21 | LogD Prediction: 3.770524740219116
21:05:19 <INFO> SMILES: CC(NC(=O)c1cc(Cl)cc2ccn(CCN(C)C)c12)c1ccc(-c2ccc(CS(C)(=O)=O)cc2)cc1 | LogD Prediction: 3.2499570846557617
21:05:19 <INFO> SMILES: CCNC(=O)n1ccc2cc(Cl)cc(C(=O)NC(C)c3ccc(-c4ccncc4)cc3)c21 | LogD Prediction: 3.2269387245178223
21:05:19 <INFO> SMILES: CCN(C)C(=O)n1ccc2cc(Cl)cc(C(=O)NC(C)c3ccc(-c4cn[nH]c4)cc3)c21 | LogD Prediction: 3.270449638366699
21:05:19 <INFO> SMILES: CC(NC(=O)c1cc(Cl)cc2ccn(S(C)(=O)=O)c12)c1ccc(-c2cn[nH]c2)cc1 | LogD Prediction: 2.646387815475464
21:05:19 <INFO> SMILES: CCS(=O)(=O)n1ccc2cc(Cl)cc(C(=O)NC(C)c3ccc(-c4cccnc4)cc3)c21 | LogD Prediction: 3.230659246444702
21:05:19 <INFO> SMILES: Cc1cc(-c2ccc(C(C)NC(=O)c3cc(Cl)cc4ccn(C(=O)N(C)C)c34)cc2)n[nH]c1=O | LogD Prediction: 3.234539031982422
21:05:19 <INFO> SMILES: Cc1nccc(-c2ccc(C(C)NC(=O)c3cc(Cl)cc4ccn(C(=O)c5ccncc5)c34)cc2)n1 | LogD Prediction: 3.135904550552368
21:05:19 <INFO> SMILES: CNS(=O)(=O)n1ccc2cc(Cl)cc(C(=O)NC(C)c3ccc(-c4ncco4)cc3)c21 | LogD Prediction: 3.2339677810668945
21:05:19 <INFO> SMILES: CNC(=O)n1ccc2cc(Cl)cc(C(=O)NC(C)c3ccc(-c4nc(Cl)n[nH]4)cc3)c21 | LogD Prediction: 3.553331136703491
21:05:19 <INFO> SMILES: CC(NC(=O)c1cc(Cl)cc2ccn(S(C)(=O)=O)c12)c1ccc(N2CCCN(c3cnccn3)CC2)cc1 | LogD Prediction: 2.890946626663208
21:05:19 <INFO> SMILES: CC(NC(=O)c1cc(Cl)cc2ccn(C(=O)NC3CC3)c12)c1ccc(-c2nc3c([nH]2)CN(C)CC3)cc1 | LogD Prediction: 2.906816005706787
21:05:19 <INFO> SMILES: CC(NC(=O)c1cc(Cl)cc2ccn(CCN(C)C)c12)c1ccc(-c2cc(=O)n(C)c(=O)[nH]2)cc1 | LogD Prediction: 2.102069854736328
21:05:19 <INFO> SMILES: CC(=O)n1ccc2cc(Cl)cc(C(=O)NC(C)c3ccc(-c4ccn[nH]4)cc3)c21 | LogD Prediction: 3.3727519512176514
21:05:19 <INFO> SMILES: CC(NC(=O)c1cc(Cl)cc2ccn(S(C)(=O)=O)c12)c1ccc(-c2cnn[nH]2)cc1 | LogD Prediction: 2.511427164077759
21:05:19 <INFO> SMILES: CC(NC(=O)c1cc(Cl)cc2ccn(C(=O)N3CCCN(C)CC3)c12)c1ccc(-c2cc[nH]c2)cc1 | LogD Prediction: 2.387012243270874
21:05:19 <INFO> SMILES: CNCC(=O)n1ccc2cc(Cl)cc(C(=O)NC(C)c3ccc(-c4ccnc(C)n4)cc3)c21 | LogD Prediction: 2.366276979446411
21:05:19 <INFO> SMILES: CC(NC(=O)c1cc(Cl)cc2ccn(C(=O)N(C)C)c12)c1ccc(-c2ccn(C)n2)cc1 | LogD Prediction: 3.3491430282592773
21:05:19 <INFO> SMILES: CC(=O)n1ccc2cc(Cl)cc(C(=O)NC(C)c3ccc(-c4cnco4)cc3)c21 | LogD Prediction: 3.476534128189087
21:05:19 <INFO> SMILES: CC(NC(=O)c1cc(Cl)cc2ccn(C3CCN(C)CC3)c12)c1ccc(-c2ncc[nH]2)cc1 | LogD Prediction: 2.3782384395599365
21:05:19 <INFO> SMILES: CC(NC(=O)c1cc(Cl)cc2ccn(C(=O)c3cccnc3)c12)c1ccc(-c2ccncc2)cc1 | LogD Prediction: 2.9866435527801514
21:05:19 <INFO> SMILES: CCN(C)C(=O)n1ccc2cc(Cl)cc(C(=O)NC(C)c3ccc(-c4ccc(=O)[nH]n4)cc3)c21 | LogD Prediction: 3.3134775161743164
21:05:19 <INFO> SMILES: CC(NC(=O)c1cc(Cl)cc2ccn(C(=O)N(C)CCN(C)C)c12)c1ccc(-c2ccccn2)cc1 | LogD Prediction: 2.9685797691345215
21:05:19 <INFO> SMILES: CC(=O)n1ccc2cc(Cl)cc(C(=O)NC(C)c3ccc(C4CNCCc5cccnc54)cc3)c21 | LogD Prediction: 2.3871686458587646
21:05:19 <INFO> SMILES: Cc1cccc(-c2ccc(C(C)NC(=O)c3cc(Cl)cc4ccn(C(=O)N(C)CCN(C)C)c34)cc2)n1 | LogD Prediction: 3.3943965435028076
21:05:19 <INFO> SMILES: CNCCN(C)S(=O)(=O)n1ccc2cc(Cl)cc(C(=O)NC(C)c3ccc(-c4cccnn4)cc3)c21 | LogD Prediction: 2.476712465286255
21:05:19 <INFO> SMILES: CNC(=O)n1ccc2cc(Cl)cc(C(=O)NC(C)c3ccc(-c4cnn(C)c4)cc3)c21 | LogD Prediction: 3.302622079849243
21:05:19 <INFO> SMILES: CC(NC(=O)c1cc(Cl)cc2ccn(C(=O)N(C)C)c12)c1ccc(Cn2ccnc2)cc1 | LogD Prediction: 2.877915382385254
21:05:19 <INFO> SMILES: CC(NC(=O)c1cc(Cl)cc2ccn(CCN(C)C)c12)c1ccc(-c2cn[nH]c2)cc1 | LogD Prediction: 2.4167821407318115
21:05:19 <INFO> SMILES: CNC(=O)n1ccc2cc(Cl)cc(C(=O)NC(C)c3ccc(-c4cnc[nH]4)cc3)c21 | LogD Prediction: 3.1190760135650635
21:05:19 <INFO> SMILES: CCNC(=O)n1ccc2cc(Cl)cc(C(=O)NC(C)c3ccc(-c4ncon4)cc3)c21 | LogD Prediction: 3.2166924476623535
21:05:19 <INFO> SMILES: CCNC(=O)n1ccc2cc(Cl)cc(C(=O)NC(C)c3ccc(-c4ccnn4C)cc3)c21 | LogD Prediction: 3.2766494750976562
21:05:19 <INFO> SMILES: CC(NC(=O)c1cc(Cl)cc2ccn(C(=O)N(C)C)c12)c1ccc(Cn2cn[nH]c2=O)cc1 | LogD Prediction: 2.369971990585327
21:05:19 <INFO> SMILES: Cc1n[nH]c(=O)n1Cc1ccc(C(C)NC(=O)c2cc(Cl)cc3ccn(C(=O)N4CCOCC4)c23)cc1 | LogD Prediction: 2.3927345275878906
21:05:19 <INFO> SMILES: CC(NC(=O)c1cc(Cl)cc2ccn(CCN(C)C)c12)c1ccc(Cn2ccnc2)cc1 | LogD Prediction: 2.181581497192383
21:05:19 <INFO> SMILES: CC(NC(=O)c1cc(Cl)cc2ccn(S(=O)(=O)c3cnn(C)c3)c12)c1ccc(-c2ncc[nH]2)cc1 | LogD Prediction: 2.107450485229492
21:05:19 <INFO> SMILES: Cc1ccnc(Nc2ccc(C(C)NC(=O)c3cc(Cl)cc4ccn(C(=O)N(C)C)c34)cc2)n1 | LogD Prediction: 3.462925672531128
21:05:19 <INFO> SMILES: CCNC(=O)n1ccc2cc(Cl)cc(C(=O)NC(C)c3ccc(-c4cnc(C)nc4)cc3)c21 | LogD Prediction: 3.576078176498413
21:05:19 <INFO> SMILES: CC(=O)n1ccc2cc(Cl)cc(C(=O)NC(C)c3ccc(-c4csc(C)n4)cc3)c21 | LogD Prediction: 4.075249671936035
21:05:19 <INFO> SMILES: CNC(=O)n1ccc2cc(Cl)cc(C(=O)NC(C)c3ccc(-c4cnccn4)cc3)c21 | LogD Prediction: 3.108038902282715
21:05:19 <INFO> SMILES: CNC(=O)n1ccc2cc(Cl)cc(C(=O)NC(C)c3ccc(-c4ccccn4)cc3)c21 | LogD Prediction: 3.4970033168792725
21:05:19 <INFO> SMILES: CC(NC(=O)c1cc(Cl)cc2ccn(C(=O)NCC3CCCN(C)C3)c12)c1ccc(-c2ccnn2C)cc1 | LogD Prediction: 2.6118154525756836
21:05:19 <INFO> SMILES: CCn1ccc2cc(Cl)cc(C(=O)NC(C)c3ccc(Cn4cncn4)cc3)c21 | LogD Prediction: 2.9536054134368896
21:05:19 <INFO> SMILES: CCNC(=O)n1ccc2cc(Cl)cc(C(=O)NC(C)c3ccc(Cn4nccn4)cc3)c21 | LogD Prediction: 3.040954113006592
21:05:19 <INFO> SMILES: CC(NC(=O)c1cc(Cl)cc2ccn(C(=O)C=CCN(C)C)c12)c1ccc(-c2nnn[nH]2)cc1 | LogD Prediction: 2.301034450531006
21:05:19 <INFO> SMILES: CCNC(=O)n1ccc2cc(Cl)cc(C(=O)NC(C)c3ccc(-c4cnn[nH]4)cc3)c21 | LogD Prediction: 3.0063819885253906
21:05:19 <INFO> SMILES: CNC(=O)n1ccc2cc(Cl)cc(C(=O)NC(C)c3ccc(-c4nnnn4C)cc3)c21 | LogD Prediction: 2.7439358234405518
21:05:19 <INFO> SMILES: CCNC(=O)n1ccc2cc(Cl)cc(C(=O)NC(C)c3ccc(-c4nccs4)cc3)c21 | LogD Prediction: 3.9021196365356445
21:05:19 <INFO> Score: 0.02 Agent NLL: 13.86 Valid:  99% Step: 13
 | Agent Prior Target Score SMILES SMILES_state Input_Scaffold R-groups Scaffold QED QED (raw) gnina score gnina score (raw) MW MW (raw) SlogP (RDKit) SlogP (RDKit) (raw) TPSA TPSA (raw) Number of stereo centers Number of stereo centers (raw) Number of HB acceptors (Lipinski) Number of HB acceptors (Lipinski) (raw) Number of HB donors (Lipinski) Number of HB donors (Lipinski) (raw) Number of rotatable bonds Number of rotatable bonds (raw) Number of Heavy atoms Number of Heavy atoms (raw) Molecular Volume (RDKit) Molecular Volume (RDKit) (raw) SA score SA score (raw) herg inactive herg inactive (raw) LogD LogD (raw) Alerts Alerts (raw) matching_patterns (Alerts)
 | 21.4884 21.6807 -21.6807 0.0000000 CC(NC(=O)c1cc(Cl)cc2ccn(C(=O)N(C)C)c12)c1ccc(C#CCNC(N)=O)cc1 1 c1cc([*])ccc1C(C)NC(c1cc(Cl)cc2ccn([*])c12)=O *C#CCNC(=O)N|CN(C)C(=O)* O=C(NCc1ccccc1)c1cccc2cc[nH]c12 0.0000000 0.0000 0.0000000 0.0000 0.0000000 0.0000 0.0000000 0.0000 0.0000000 0.0000 0.0000000 0.0000 0.0000000 0.0000 0.0000000 0.0000 0.0000000 0.0000 0.0000000 0.0000 0.0000000 0.0000 0.0000000 0.0000 0.0000000 0.0000 0.0000000 0.0000 0.0000000 0.0000 ['C#C', '[NH2]']
 | 29.0832 27.1650 -27.1650 0.0000000 CC(=O)n1ccc2cc(Cl)cc(C(=O)NC(C)c3ccc(C#Cc4cc(O)ncn4)cc3)c21 1 c1cc([*])ccc1C(C)NC(c1cc(Cl)cc2ccn([*])c12)=O *C#Cc1ncnc(O)c1|O=C(*)C O=C(NCc1ccc(C#Cc2ccncn2)cc1)c1cccc2cc[nH]c12 0.0000000 0.0000 0.0000000 0.0000 0.0000000 0.0000 0.0000000 0.0000 0.0000000 0.0000 0.0000000 0.0000 0.0000000 0.0000 0.0000000 0.0000 0.0000000 0.0000 0.0000000 0.0000 0.0000000 0.0000 0.0000000 0.0000 0.0000000 0.0000 0.0000000 0.0000 0.0000000 0.0000 ['C#C', '[OH]']
 | 12.5684 15.7959 -14.2481 0.0030956 CC(NC(=O)c1cc(Cl)cc2ccn(C(=O)N(C)C)c12)c1ccc(C2CCN(C)CC2)cc1 1 c1cc([*])ccc1C(C)NC(c1cc(Cl)cc2ccn([*])c12)=O *C1CCN(C)CC1|C(=O)(*)N(C)C O=C(NCc1ccc(C2CCNCC2)cc1)c1cccc2cc[nH]c12 0.5798540 0.5799 -7.6153000 -7.6153 0.9542710 467.0130 0.0000000 5.1246 1.0000000 57.5800 1.0000000 1.0000 1.0000000 4.0000 0.9467598 1.0000 0.9693466 4.0000 0.9631018 33.0000 0.7029045 427.5600 0.8959871 3.1296 0.0000000 0.6210 0.9998130 2.5680 1.0000000 1.0000 []
 | 9.3424 13.7648 -0.5105 0.0265087 CC(NC(=O)c1cc(Cl)cc2ccn(C(=O)N(C)C)c12)c1ccc(C2CCOCC2)cc1 1 c1cc([*])ccc1C(C)NC(c1cc(Cl)cc2ccn([*])c12)=O *C1CCOCC1|O=C(N(C)C)* O=C(NCc1ccc(C2CCOCC2)cc1)c1cccc2cc[nH]c12 0.5894021 0.5894 -8.3257600 -8.3258 0.9857903 453.9700 0.0000000 5.2094 1.0000000 63.5700 1.0000000 1.0000 1.0000000 4.0000 0.9467598 1.0000 0.9693466 4.0000 0.9693466 32.0000 0.8369567 407.3760 0.8928161 3.1587 0.9878622 0.4809 0.4176306 3.5361 1.0000000 1.0000 []
 | 11.9365 14.5008 -4.6190 0.0197638 CCN(C)C(=O)n1ccc2cc(Cl)cc(C(=O)NC(C)c3ccc(C)cc3)c21 1 c1cc([*])ccc1C(C)NC(c1cc(Cl)cc2ccn([*])c12)=O *C|CN(CC)C(=O)* O=C(NCc1ccccc1)c1cccc2cc[nH]c12 0.6719921 0.6720 -9.9434700 -9.9435 0.9999176 397.9060 0.0000000 5.0139 1.0000000 54.3400 1.0000000 1.0000 1.0000000 3.0000 0.9467598 1.0000 0.9693466 4.0000 0.9855343 28.0000 0.9695739 359.8000 0.9096453 2.9942 0.3685604 0.5023 0.1956667 3.6535 1.0000000 1.0000 []
 | 15.3984 16.8220 -15.3171 0.0030097 Cc1ccc(C(C)NC(=O)c2cc(Cl)cc3ccn(Cc4ccncc4)c23)cc1 1 c1cc([*])ccc1C(C)NC(c1cc(Cl)cc2ccn([*])c12)=O *C|c1(C*)ccncc1 O=C(NCc1ccccc1)c1cccc2ccn(Cc3ccncc3)c12 0.4753521 0.4754 -10.4307200 -10.4307 0.9998567 403.9130 0.0000000 5.5374 0.9999998 46.9200 1.0000000 1.0000 1.0000000 3.0000 0.9467598 1.0000 0.9467598 5.0000 0.9825279 29.0000 0.9639967 364.3360 0.9330483 2.7117 0.0000000 0.7962 0.9826456 3.0618 1.0000000 1.0000 []
 | 14.9343 22.4515 -5.9829 0.0329372 CC(NC(=O)c1cc(Cl)cc2ccn(C(=O)NCCN(C)C)c12)c1ccc(N(C)C)cc1 1 c1cc([*])ccc1C(C)NC(c1cc(Cl)cc2ccn([*])c12)=O *N(C)C|N(C)(C)CCNC(*)=O O=C(NCc1ccccc1)c1cccc2cc[nH]c12 0.5652048 0.5652 -7.6171700 -7.6172 0.9829343 455.9900 0.0000118 3.9710 1.0000000 69.6100 1.0000000 1.0000 1.0000000 5.0000 0.5000000 2.0000 0.8490205 7.0000 0.9693466 32.0000 0.7741212 417.9040 0.9001172 3.0904 1.0000000 0.2753 0.9997883 2.5815 1.0000000 1.0000 []
 | 8.4279 9.5467 -8.0043 0.0030848 CC(=O)n1ccc2cc(Cl)cc(C(=O)NC(C)c3ccc(-c4nnn[nH]4)cc3)c21 1 c1cc([*])ccc1C(C)NC(c1cc(Cl)cc2ccn([*])c12)=O *c1[nH]nnn1|*C(=O)C O=C(NCc1ccc(-c2nnn[nH]2)cc1)c1cccc2cc[nH]c12 0.5360422 0.5360 -10.5632900 -10.5633 0.9997742 408.8490 0.0000862 3.6259 0.9999880 105.5600 1.0000000 1.0000 0.9999999 6.0000 0.5000000 2.0000 0.9693466 4.0000 0.9825279 29.0000 0.9829857 344.2960 0.8839859 3.2361 0.0000000 0.5950 0.9946344 2.9330 1.0000000 1.0000 []
 | 11.7005 18.1702 -2.7941 0.0307522 CC(NC(=O)c1cc(Cl)cc2ccn(C(=O)N3CCOCC3)c12)c1ccc(-c2nnn[nH]2)cc1 1 c1cc([*])ccc1C(C)NC(c1cc(Cl)cc2ccn([*])c12)=O *c1[nH]nnn1|C1OCCN(C(*)=O)C1 O=C(NCc1ccc(-c2nnn[nH]2)cc1)c1cccc2ccn(C(=O)N3CCOCC3)c12 0.4635198 0.4635 -3.5438500 -3.5438 0.8639742 479.9280 0.0006831 3.2661 0.9992737 118.0300 1.0000000 1.0000 0.9999900 7.0000 0.5000000 2.0000 0.9693466 4.0000 0.9556430 34.0000 0.8579630 403.1360 0.8642445 3.3922 1.0000000 0.2983 0.9999297 2.4617 1.0000000 1.0000 []
 | 14.4964 17.0439 -12.0850 0.0099178 CNC(=O)n1ccc2cc(Cl)cc(C(=O)NC(C)c3ccc(-c4ccc(Cl)nc4)cc3)c21 1 c1cc([*])ccc1C(C)NC(c1cc(Cl)cc2ccn([*])c12)=O *c1ccc(Cl)nc1|*C(=O)NC O=C(NCc1ccc(-c2cccnc2)cc1)c1cccc2cc[nH]c12 0.3789473 0.3789 -7.4687000 -7.4687 0.9528725 467.3560 0.0000000 5.6886 1.0000000 76.0200 1.0000000 1.0000 1.0000000 4.0000 0.5000000 2.0000 0.9693466 4.0000 0.9693466 32.0000 0.9020854 392.1360 0.9010367 3.0815 1.0000000 0.3579 0.0126469 3.9731 1.0000000 1.0000 []
21:12:31 <INFO> SMILES: CC(NC(=O)c1cc(Cl)cc2ccn(C(=O)NCCc3cccnc3)c12)c1ccc(C2CCC2)cc1 | Score: 0.5647671222686768 | Type: <class 'float'>
21:12:31 <INFO> SMILES: CCN1CCN(C(=O)n2ccc3cc(Cl)cc(C(=O)NC(C)c4ccc(C5CCCCC5)cc4)c32)CC1 | Score: 0.6242958903312683 | Type: <class 'float'>
21:12:31 <INFO> SMILES: CCNC(=O)n1ccc2cc(Cl)cc(C(=O)NC(C)c3ccc(C)cc3)c21 | Score: 0.597489595413208 | Type: <class 'float'>
21:12:31 <INFO> SMILES: Cc1ccc(C(C)NC(=O)c2cc(Cl)cc3ccn(S(=O)(=O)Cc4ccccn4)c23)cc1 | Score: 0.4460825026035309 | Type: <class 'float'>
21:12:31 <INFO> SMILES: CC(NC(=O)c1cc(Cl)cc2ccn(C(=O)c3ccc(Cl)cc3)c12)c1ccc(N2CCOCC2)cc1 | Score: 0.6605693101882935 | Type: <class 'float'>
21:12:31 <INFO> SMILES: CC(NC(=O)c1cc(Cl)cc2ccn(C=O)c12)c1ccc(N2CCCOCC2)cc1 | Score: 0.4230926036834717 | Type: <class 'float'>
21:12:31 <INFO> SMILES: CC(NC(=O)c1cc(Cl)cc2ccn(C(=O)CN(C)C)c12)c1ccc(-c2ccn[nH]2)cc1 | Score: 0.7082031965255737 | Type: <class 'float'>
21:12:31 <INFO> SMILES: CC(NC(=O)c1cc(Cl)cc2ccn(S(=O)(=O)C3CC3)c12)c1ccc(-c2ccn[nH]2)cc1 | Score: 0.5324089527130127 | Type: <class 'float'>
21:12:31 <INFO> SMILES: CCCn1ccc2cc(Cl)cc(C(=O)NC(C)c3ccc(-c4nnnn4C)cc3)c21 | Score: 0.6465146541595459 | Type: <class 'float'>
21:12:31 <INFO> SMILES: CNC(=O)n1ccc2cc(Cl)cc(C(=O)NC(C)c3ccc(-c4cc[nH]n4)cc3)c21 | Score: 0.31811976432800293 | Type: <class 'float'>
21:12:31 <INFO> SMILES: CCNC(=O)n1ccc2cc(Cl)cc(C(=O)NC(C)c3ccc(-c4ncn[nH]4)cc3)c21 | Score: 0.5303149819374084 | Type: <class 'float'>
21:12:31 <INFO> SMILES: CCNC(=O)n1ccc2cc(Cl)cc(C(=O)NC(C)c3ccc(-c4nnco4)cc3)c21 | Score: 0.24172428250312805 | Type: <class 'float'>
21:12:31 <INFO> SMILES: Cc1ccc(C(C)NC(=O)c2cc(Cl)cc3ccn(C(=O)CC4CCN(C)C4)c23)cc1 | Score: 0.8830297589302063 | Type: <class 'float'>
21:12:31 <INFO> SMILES: Cc1ccc(C(C)NC(=O)c2cc(Cl)cc3ccn(C(=O)c4cnc(C#N)nc4)c23)cc1 | Score: 0.5066996812820435 | Type: <class 'float'>
21:12:31 <INFO> SMILES: Cc1ccc(C(C)NC(=O)c2cc(Cl)cc3ccn(C(=O)c4ccncc4)c23)cc1 | Score: 0.6250888705253601 | Type: <class 'float'>
21:12:31 <INFO> SMILES: CC(NC(=O)c1cc(Cl)cc2ccn(C(=O)c3cccn3C)c12)c1ccc(C2CC2)cc1 | Score: 0.603294312953949 | Type: <class 'float'>
21:12:31 <INFO> SMILES: CC(NC(=O)c1cc(Cl)cc2ccn(C(=O)N3CCOCC3)c12)c1ccc(N2CCCCCC2)cc1 | Score: 0.37949272990226746 | Type: <class 'float'>
21:12:31 <INFO> SMILES: CC(NC(=O)c1cc(Cl)cc2ccn(C=O)c12)c1ccc(N2CCOCC2)cc1 | Score: 0.3454436957836151 | Type: <class 'float'>
21:12:31 <INFO> SMILES: CCN(C)CCn1ccc2cc(Cl)cc(C(=O)NC(C)c3ccc(N4CCOCC4)cc3)c21 | Score: 0.7799804210662842 | Type: <class 'float'>
21:12:31 <INFO> SMILES: CC(NC(=O)c1cc(Cl)cc2ccn(-c3ncccc3C#N)c12)c1ccc(N2CCOCC2)cc1 | Score: 0.5539586544036865 | Type: <class 'float'>
21:12:31 <INFO> SMILES: CC(NC(=O)c1cc(Cl)cc2ccn(Cc3ccccn3)c12)c1ccc(N2CCOCC2)cc1 | Score: 0.5278943181037903 | Type: <class 'float'>
21:12:31 <INFO> SMILES: CC(NC(=O)c1cc(Cl)cc2ccn(CC(C)(C)N3CCCNCC3)c12)c1ccc(N2CCN(C)CC2)cc1 | Score: 0.8803732991218567 | Type: <class 'float'>
21:12:31 <INFO> SMILES: CC(C)NC(=O)n1ccc2cc(Cl)cc(C(=O)NC(C)c3ccc(N4CCN(C)CC4)cc3)c21 | Score: 0.7820190191268921 | Type: <class 'float'>
21:12:31 <INFO> SMILES: CC(NC(=O)c1cc(Cl)cc2ccn(CCN(C)C)c12)c1ccc(N2CCCOCC2)cc1 | Score: 0.7500636577606201 | Type: <class 'float'>
21:12:31 <INFO> SMILES: Cc1nc(Cn2ccc3cc(Cl)cc(C(=O)NC(C)c4ccc(N5CCOCC5)cc4)c32)[nH]c1C | Score: 0.5328598618507385 | Type: <class 'float'>
21:12:31 <INFO> SMILES: CC(NC(=O)c1cc(Cl)cc2ccn(S(C)(=O)=O)c12)c1ccc(N2CCS(=O)(=O)CC2)cc1 | Score: 0.00034221558598801494 | Type: <class 'float'>
21:12:31 <INFO> SMILES: CC(NC(=O)c1cc(Cl)cc2ccn(S(C)(=O)=O)c12)c1ccc(N(C)C)cc1 | Score: 0.02626466564834118 | Type: <class 'float'>
21:12:31 <INFO> SMILES: CCn1ccc2cc(Cl)cc(C(=O)NC(C)c3ccc(-c4c(OC)cnnc4OC)cc3)c21 | Score: 0.8059816360473633 | Type: <class 'float'>
21:12:31 <INFO> SMILES: CCN(CC)C(=O)n1ccc2cc(Cl)cc(C(=O)NC(C)c3ccc(-c4cncnc4OC)cc3)c21 | Score: 0.5853399634361267 | Type: <class 'float'>
21:12:31 <INFO> SMILES: CCNCC(=O)n1ccc2cc(Cl)cc(C(=O)NC(C)c3ccc(-c4c[nH]nc4C)cc3)c21 | Score: 0.6456183195114136 | Type: <class 'float'>
21:12:31 <INFO> SMILES: CC(NC(=O)c1cc(Cl)cc2ccn(C(=O)NCCC3CC3)c12)c1ccc(N(C)C)cc1 | Score: 0.24681970477104187 | Type: <class 'float'>
21:12:31 <INFO> SMILES: CCN(CC)C(=O)n1ccc2cc(Cl)cc(C(=O)NC(C)c3ccc(N4CCCCC4)cc3)c21 | Score: 0.528218686580658 | Type: <class 'float'>
21:12:31 <INFO> SMILES: CC(NC(=O)c1cc(Cl)cc2ccn(C(=O)c3cccnc3N3CCCOCC3)c12)c1ccc(N2CCOCC2)cc1 | Score: 0.39776092767715454 | Type: <class 'float'>
21:12:31 <INFO> SMILES: CC(NC(=O)c1cc(Cl)cc2ccn(C(=O)c3cccnc3)c12)c1ccc(N2CCOCC2)cc1 | Score: 0.37807223200798035 | Type: <class 'float'>
21:12:31 <INFO> SMILES: CC(NC(=O)c1cc(Cl)cc2ccn(C(=O)c3cncs3)c12)c1ccc(N2CCCOCC2)cc1 | Score: 0.5184429287910461 | Type: <class 'float'>
21:12:31 <INFO> SMILES: CC(NC(=O)c1cc(Cl)cc2ccn(C(=O)N(C)C)c12)c1ccc(-c2nc3ccccc3c(=O)[nH]2)cc1 | Score: 0.22043633460998535 | Type: <class 'float'>
21:12:31 <INFO> SMILES: CCNC(=O)n1ccc2cc(Cl)cc(C(=O)NC(C)c3ccc(-c4ccn[nH]4)cc3)c21 | Score: 0.4242294132709503 | Type: <class 'float'>
21:12:31 <INFO> SMILES: CC(=O)n1ccc2cc(Cl)cc(C(=O)NC(C)c3ccc(-c4cccc(=O)[nH]4)cc3)c21 | Score: 0.14935553073883057 | Type: <class 'float'>
21:12:31 <INFO> SMILES: CNC(=O)n1ccc2cc(Cl)cc(C(=O)NC(C)c3ccc(-c4noc(=O)[nH]4)cc3)c21 | Score: 0.16589616239070892 | Type: <class 'float'>
21:12:31 <INFO> SMILES: CC(NC(=O)c1cc(Cl)cc2ccn(CCN3CCOCC3)c12)c1ccc(-c2ccn[nH]2)cc1 | Score: 0.6858992576599121 | Type: <class 'float'>
21:12:31 <INFO> SMILES: CNC(=O)n1ccc2cc(Cl)cc(C(=O)NC(C)c3ccc(-c4cn[nH]c4)cc3)c21 | Score: 0.3783833086490631 | Type: <class 'float'>
21:12:31 <INFO> SMILES: CC[n+]1ccc(-c2ccc(C(C)NC(=O)c3cc(Cl)cc4ccn(C(=O)N(C)C)c34)cc2)[nH]1 | Score: 0.33826959133148193 | Type: <class 'float'>
21:12:31 <INFO> SMILES: CC(NC(=O)c1cc(Cl)cc2ccn(C(=O)N3CCCC(N(C)C)C3)c12)c1ccc(-c2cn[nH]c2)cc1 | Score: 0.5564214587211609 | Type: <class 'float'>
21:12:31 <INFO> SMILES: CC(NC(=O)c1cc(Cl)cc2ccn(CCN(C)C)c12)c1ccc(-c2c[nH]c(=O)cn2)cc1 | Score: 0.45527413487434387 | Type: <class 'float'>
21:12:31 <INFO> SMILES: CC(NC(=O)c1cc(Cl)cc2ccn(C(=O)C3CC3)c12)c1ccc(-c2n[nH]c(=O)[nH]2)cc1 | Score: 0.45011046528816223 | Type: <class 'float'>
21:12:31 <INFO> SMILES: CCNC(=O)n1ccc2cc(Cl)cc(C(=O)NC(C)c3ccc(-c4cnn(C)c4Br)cc3)c21 | Score: 0.14438079297542572 | Type: <class 'float'>
21:12:31 <INFO> SMILES: Cc1nnc(-c2ccc(C(C)NC(=O)c3cc(Cl)cc4ccn(C(=O)N(C)C)c34)cc2)o1 | Score: 0.8292182087898254 | Type: <class 'float'>
21:12:31 <INFO> SMILES: CCN(CC)C(=O)n1ccc2cc(Cl)cc(C(=O)NC(C)c3ccc(Nc4ncc[nH]4)cc3)c21 | Score: 0.4816451370716095 | Type: <class 'float'>
21:12:31 <INFO> SMILES: CNCC1CCC(n2ccc3cc(Cl)cc(C(=O)NC(C)c4ccc(-c5cn[nH]c5)cc4)c32)CC1 | Score: 0.8068247437477112 | Type: <class 'float'>
21:12:31 <INFO> SMILES: CCN(CC)C(=O)n1ccc2cc(Cl)cc(C(=O)NC(C)c3ccc(-c4cn[nH]c4)cc3)c21 | Score: 0.3322262763977051 | Type: <class 'float'>
21:12:31 <INFO> SMILES: CC(NC(=O)c1cc(Cl)cc2ccn(-c3ccncc3)c12)c1ccc(-c2ccccc2)cc1 | Score: 0.7462949156761169 | Type: <class 'float'>
21:12:31 <INFO> SMILES: CC(NC(=O)c1cc(Cl)cc2ccn(C(=O)N(C)C)c12)c1ccc(-c2ccccn2)cc1 | Score: 0.33387240767478943 | Type: <class 'float'>
21:12:31 <INFO> SMILES: CC(NC(=O)c1cc(Cl)cc2ccn(C(=O)N(C)C)c12)c1ccc(-c2ccco2)cc1 | Score: 0.5352521538734436 | Type: <class 'float'>
21:12:31 <INFO> SMILES: Cc1ncsc1C(=O)n1ccc2cc(Cl)cc(C(=O)NC(C)c3ccc(-c4cc[nH]n4)cc3)c21 | Score: 0.5670788288116455 | Type: <class 'float'>
21:12:31 <INFO> SMILES: CCNC(=O)n1ccc2cc(Cl)cc(C(=O)NC(C)c3ccc(-c4ccccn4)cc3)c21 | Score: 0.3909514546394348 | Type: <class 'float'>
21:12:31 <INFO> SMILES: CC(=O)n1ccc2cc(Cl)cc(C(=O)NC(C)c3ccc(-c4ncn[nH]4)cc3)c21 | Score: 0.48048296570777893 | Type: <class 'float'>
21:12:31 <INFO> SMILES: CC(NC(=O)c1cc(Cl)cc2ccn(CC3CCCCN3C)c12)c1ccc(-c2cn[nH]c2)cc1 | Score: 0.8020303845405579 | Type: <class 'float'>
21:12:31 <INFO> SMILES: CC(NC(=O)c1cc(Cl)cc2ccn(C(=O)c3ccccn3)c12)c1ccc(-c2cn[nH]c2)cc1 | Score: 0.5878145694732666 | Type: <class 'float'>
21:12:31 <INFO> SMILES: CC(=O)n1ccc2cc(Cl)cc(C(=O)NC(C)c3ccc(-c4cnc[nH]4)cc3)c21 | Score: 0.38343435525894165 | Type: <class 'float'>
21:12:31 <INFO> SMILES: CC(=O)n1ccc2cc(Cl)cc(C(=O)NC(C)c3ccc(-c4cnn(C)n4)cc3)c21 | Score: 0.28992339968681335 | Type: <class 'float'>
21:12:31 <INFO> SMILES: CC(NC(=O)c1cc(Cl)cc2ccn(C(=O)N(C)C)c12)c1ccc(-c2nccs2)cc1 | Score: 0.4059787392616272 | Type: <class 'float'>
21:12:31 <INFO> SMILES: CC(NC(=O)c1cc(Cl)cc2ccn(C3CCOCC3)c12)c1ccc(-c2ccnn2C)cc1 | Score: 0.47441405057907104 | Type: <class 'float'>
21:12:31 <INFO> SMILES: CCN(C)C(=O)n1ccc2cc(Cl)cc(C(=O)NC(C)c3ccc(Cn4cc(C)c(=O)[nH]c4=O)cc3)c21 | Score: 0.06769991666078568 | Type: <class 'float'>
21:12:31 <INFO> SMILES: CC(=O)n1ccc2cc(Cl)cc(C(=O)NC(C)c3ccc(Cn4cc(C=O)c(C)n4)cc3)c21 | Score: 0.17915984988212585 | Type: <class 'float'>
21:12:31 <INFO> SMILES: CCN(CC)S(=O)(=O)n1ccc2cc(Cl)cc(C(=O)NC(C)c3ccc(-c4nnn[nH]4)cc3)c21 | Score: 0.7552558779716492 | Type: <class 'float'>
21:12:31 <INFO> SMILES: CCN(CC)C(=O)n1ccc2cc(Cl)cc(C(=O)NC(C)c3ccc(-c4nnn[nH]4)cc3)c21 | Score: 0.46701690554618835 | Type: <class 'float'>
21:12:31 <INFO> SMILES: CNC(=O)n1ccc2cc(Cl)cc(C(=O)NC(C)c3ccc(-c4nnn[nH]4)cc3)c21 | Score: 0.5315067768096924 | Type: <class 'float'>
21:12:31 <INFO> SMILES: CC(NC(=O)c1cc(Cl)cc2ccn(C(=O)N(C)C)c12)c1ccc(-c2cncnc2)cc1 | Score: 0.378097802400589 | Type: <class 'float'>
21:12:31 <INFO> SMILES: CC(NC(=O)c1cc(Cl)cc2ccn(C(=O)N3CCCC(CCN(C)C)CC3)c12)c1ccc(-c2cnc(Cl)cn2)cc1 | Score: 0.5815659761428833 | Type: <class 'float'>
21:12:31 <INFO> SMILES: CC(NC(=O)c1cc(Cl)cc2ccn(C(=O)c3ccccc3)c12)c1ccc(-c2cnn(C)c2)cc1 | Score: 0.47188058495521545 | Type: <class 'float'>
21:12:31 <INFO> SMILES: CC(NC(=O)c1cc(Cl)cc2ccn(C(=O)c3ccccc3)c12)c1ccc(Cn2nc[nH]c2=O)cc1 | Score: 0.4143805205821991 | Type: <class 'float'>
21:12:31 <INFO> SMILES: CCNC(=O)n1ccc2cc(Cl)cc(C(=O)NC(C)c3ccc(Cn4cccn4)cc3)c21 | Score: 0.3259216547012329 | Type: <class 'float'>
21:12:31 <INFO> SMILES: CC(NC(=O)c1cc(Cl)cc2ccn(CCCN(C)Cc3cccnc3)c12)c1ccc(-c2nnn[nH]2)cc1 | Score: 0.819318950176239 | Type: <class 'float'>
21:12:31 <INFO> SMILES: CC(NC(=O)c1cc(Cl)cc2ccn(C(=O)c3ccc(CN4CCOCC4)cc3)c12)c1ccc(-c2n[nH]c(=O)o2)cc1 | Score: 0.39883652329444885 | Type: <class 'float'>
21:12:31 <INFO> SMILES: CCNC(=O)n1ccc2cc(Cl)cc(C(=O)NC(C)c3ccc(-c4noc(COC)n4)cc3)c21 | Score: 0.4321994185447693 | Type: <class 'float'>
21:12:31 <INFO> SMILES: CC(NC(=O)c1cc(Cl)cc2ccn(C(=O)NCCc3cccnc3)c12)c1ccc(C2CCC2)cc1 | LogD Prediction: 3.819847822189331
21:12:31 <INFO> SMILES: CCN1CCN(C(=O)n2ccc3cc(Cl)cc(C(=O)NC(C)c4ccc(C5CCCCC5)cc4)c32)CC1 | LogD Prediction: 3.6029725074768066
21:12:31 <INFO> SMILES: CCNC(=O)n1ccc2cc(Cl)cc(C(=O)NC(C)c3ccc(C)cc3)c21 | LogD Prediction: 3.5372533798217773
21:12:31 <INFO> SMILES: Cc1ccc(C(C)NC(=O)c2cc(Cl)cc3ccn(S(=O)(=O)Cc4ccccn4)c23)cc1 | LogD Prediction: 3.4771015644073486
21:12:31 <INFO> SMILES: CC(NC(=O)c1cc(Cl)cc2ccn(C(=O)c3ccc(Cl)cc3)c12)c1ccc(N2CCOCC2)cc1 | LogD Prediction: 3.9218924045562744
21:12:31 <INFO> SMILES: CC(NC(=O)c1cc(Cl)cc2ccn(C=O)c12)c1ccc(N2CCCOCC2)cc1 | LogD Prediction: 3.220989942550659
21:12:31 <INFO> SMILES: CC(NC(=O)c1cc(Cl)cc2ccn(C(=O)CN(C)C)c12)c1ccc(-c2ccn[nH]2)cc1 | LogD Prediction: 2.5482590198516846
21:12:31 <INFO> SMILES: CC(NC(=O)c1cc(Cl)cc2ccn(S(=O)(=O)C3CC3)c12)c1ccc(-c2ccn[nH]2)cc1 | LogD Prediction: 2.7583632469177246
21:12:31 <INFO> SMILES: CCCn1ccc2cc(Cl)cc(C(=O)NC(C)c3ccc(-c4nnnn4C)cc3)c21 | LogD Prediction: 3.341702699661255
21:12:31 <INFO> SMILES: CNC(=O)n1ccc2cc(Cl)cc(C(=O)NC(C)c3ccc(-c4cc[nH]n4)cc3)c21 | LogD Prediction: 3.082745313644409
21:12:31 <INFO> SMILES: CCNC(=O)n1ccc2cc(Cl)cc(C(=O)NC(C)c3ccc(-c4ncn[nH]4)cc3)c21 | LogD Prediction: 2.9976298809051514
21:12:31 <INFO> SMILES: CCNC(=O)n1ccc2cc(Cl)cc(C(=O)NC(C)c3ccc(-c4nnco4)cc3)c21 | LogD Prediction: 3.1512434482574463
21:12:31 <INFO> SMILES: Cc1ccc(C(C)NC(=O)c2cc(Cl)cc3ccn(C(=O)CC4CCN(C)C4)c23)cc1 | LogD Prediction: 2.7210967540740967
21:12:31 <INFO> SMILES: Cc1ccc(C(C)NC(=O)c2cc(Cl)cc3ccn(C(=O)c4cnc(C#N)nc4)c23)cc1 | LogD Prediction: 3.687331438064575
21:12:31 <INFO> SMILES: Cc1ccc(C(C)NC(=O)c2cc(Cl)cc3ccn(C(=O)c4ccncc4)c23)cc1 | LogD Prediction: 3.260695695877075
21:12:31 <INFO> SMILES: CC(NC(=O)c1cc(Cl)cc2ccn(C(=O)c3cccn3C)c12)c1ccc(C2CC2)cc1 | LogD Prediction: 3.786241054534912
21:12:31 <INFO> SMILES: CC(NC(=O)c1cc(Cl)cc2ccn(C(=O)N3CCOCC3)c12)c1ccc(N2CCCCCC2)cc1 | LogD Prediction: 3.41526460647583
21:12:31 <INFO> SMILES: CC(NC(=O)c1cc(Cl)cc2ccn(C=O)c12)c1ccc(N2CCOCC2)cc1 | LogD Prediction: 3.1688177585601807
21:12:31 <INFO> SMILES: CCN(C)CCn1ccc2cc(Cl)cc(C(=O)NC(C)c3ccc(N4CCOCC4)cc3)c21 | LogD Prediction: 2.381067991256714
21:12:31 <INFO> SMILES: CC(NC(=O)c1cc(Cl)cc2ccn(-c3ncccc3C#N)c12)c1ccc(N2CCOCC2)cc1 | LogD Prediction: 3.4858596324920654
21:12:31 <INFO> SMILES: CC(NC(=O)c1cc(Cl)cc2ccn(Cc3ccccn3)c12)c1ccc(N2CCOCC2)cc1 | LogD Prediction: 3.1039297580718994
21:12:31 <INFO> SMILES: CC(NC(=O)c1cc(Cl)cc2ccn(CC(C)(C)N3CCCNCC3)c12)c1ccc(N2CCN(C)CC2)cc1 | LogD Prediction: 1.1587198972702026
21:12:31 <INFO> SMILES: CC(C)NC(=O)n1ccc2cc(Cl)cc(C(=O)NC(C)c3ccc(N4CCN(C)CC4)cc3)c21 | LogD Prediction: 3.1547935009002686
21:12:31 <INFO> SMILES: CC(NC(=O)c1cc(Cl)cc2ccn(CCN(C)C)c12)c1ccc(N2CCCOCC2)cc1 | LogD Prediction: 2.5268146991729736
21:12:31 <INFO> SMILES: Cc1nc(Cn2ccc3cc(Cl)cc(C(=O)NC(C)c4ccc(N5CCOCC5)cc4)c32)[nH]c1C | LogD Prediction: 3.4151906967163086
21:12:31 <INFO> SMILES: CC(NC(=O)c1cc(Cl)cc2ccn(S(C)(=O)=O)c12)c1ccc(N2CCS(=O)(=O)CC2)cc1 | LogD Prediction: 2.3942854404449463
21:12:31 <INFO> SMILES: CC(NC(=O)c1cc(Cl)cc2ccn(S(C)(=O)=O)c12)c1ccc(N(C)C)cc1 | LogD Prediction: 2.857978582382202
21:12:31 <INFO> SMILES: CCn1ccc2cc(Cl)cc(C(=O)NC(C)c3ccc(-c4c(OC)cnnc4OC)cc3)c21 | LogD Prediction: 3.6662237644195557
21:12:31 <INFO> SMILES: CCN(CC)C(=O)n1ccc2cc(Cl)cc(C(=O)NC(C)c3ccc(-c4cncnc4OC)cc3)c21 | LogD Prediction: 3.728705644607544
21:12:31 <INFO> SMILES: CCNCC(=O)n1ccc2cc(Cl)cc(C(=O)NC(C)c3ccc(-c4c[nH]nc4C)cc3)c21 | LogD Prediction: 2.0908617973327637
21:12:31 <INFO> SMILES: CC(NC(=O)c1cc(Cl)cc2ccn(C(=O)NCCC3CC3)c12)c1ccc(N(C)C)cc1 | LogD Prediction: 3.567634344100952
21:12:31 <INFO> SMILES: CCN(CC)C(=O)n1ccc2cc(Cl)cc(C(=O)NC(C)c3ccc(N4CCCCC4)cc3)c21 | LogD Prediction: 3.901026964187622
21:12:31 <INFO> SMILES: CC(NC(=O)c1cc(Cl)cc2ccn(C(=O)c3cccnc3N3CCCOCC3)c12)c1ccc(N2CCOCC2)cc1 | LogD Prediction: 3.2684929370880127
21:12:31 <INFO> SMILES: CC(NC(=O)c1cc(Cl)cc2ccn(C(=O)c3cccnc3)c12)c1ccc(N2CCOCC2)cc1 | LogD Prediction: 3.093043565750122
21:12:31 <INFO> SMILES: CC(NC(=O)c1cc(Cl)cc2ccn(C(=O)c3cncs3)c12)c1ccc(N2CCCOCC2)cc1 | LogD Prediction: 3.692568302154541
21:12:31 <INFO> SMILES: CC(NC(=O)c1cc(Cl)cc2ccn(C(=O)N(C)C)c12)c1ccc(-c2nc3ccccc3c(=O)[nH]2)cc1 | LogD Prediction: 3.5037498474121094
21:12:31 <INFO> SMILES: CCNC(=O)n1ccc2cc(Cl)cc(C(=O)NC(C)c3ccc(-c4ccn[nH]4)cc3)c21 | LogD Prediction: 3.232666015625
21:12:31 <INFO> SMILES: CC(=O)n1ccc2cc(Cl)cc(C(=O)NC(C)c3ccc(-c4cccc(=O)[nH]4)cc3)c21 | LogD Prediction: 3.6609880924224854
21:12:31 <INFO> SMILES: CNC(=O)n1ccc2cc(Cl)cc(C(=O)NC(C)c3ccc(-c4noc(=O)[nH]4)cc3)c21 | LogD Prediction: 2.73984956741333
21:12:31 <INFO> SMILES: CC(NC(=O)c1cc(Cl)cc2ccn(CCN3CCOCC3)c12)c1ccc(-c2ccn[nH]2)cc1 | LogD Prediction: 2.6508312225341797
21:12:31 <INFO> SMILES: CNC(=O)n1ccc2cc(Cl)cc(C(=O)NC(C)c3ccc(-c4cn[nH]c4)cc3)c21 | LogD Prediction: 3.0296967029571533
21:12:31 <INFO> SMILES: CC[n+]1ccc(-c2ccc(C(C)NC(=O)c3cc(Cl)cc4ccn(C(=O)N(C)C)c34)cc2)[nH]1 | LogD Prediction: 2.0040316581726074
21:12:31 <INFO> SMILES: CC(NC(=O)c1cc(Cl)cc2ccn(C(=O)N3CCCC(N(C)C)C3)c12)c1ccc(-c2cn[nH]c2)cc1 | LogD Prediction: 2.4894609451293945
21:12:31 <INFO> SMILES: CC(NC(=O)c1cc(Cl)cc2ccn(CCN(C)C)c12)c1ccc(-c2c[nH]c(=O)cn2)cc1 | LogD Prediction: 2.4728691577911377
21:12:31 <INFO> SMILES: CC(NC(=O)c1cc(Cl)cc2ccn(C(=O)C3CC3)c12)c1ccc(-c2n[nH]c(=O)[nH]2)cc1 | LogD Prediction: 3.2808690071105957
21:12:31 <INFO> SMILES: CCNC(=O)n1ccc2cc(Cl)cc(C(=O)NC(C)c3ccc(-c4cnn(C)c4Br)cc3)c21 | LogD Prediction: 3.706340789794922
21:12:31 <INFO> SMILES: Cc1nnc(-c2ccc(C(C)NC(=O)c3cc(Cl)cc4ccn(C(=O)N(C)C)c34)cc2)o1 | LogD Prediction: 3.472292184829712
21:12:31 <INFO> SMILES: CCN(CC)C(=O)n1ccc2cc(Cl)cc(C(=O)NC(C)c3ccc(Nc4ncc[nH]4)cc3)c21 | LogD Prediction: 3.676689386367798
21:12:31 <INFO> SMILES: CNCC1CCC(n2ccc3cc(Cl)cc(C(=O)NC(C)c4ccc(-c5cn[nH]c5)cc4)c32)CC1 | LogD Prediction: 2.3844125270843506
21:12:31 <INFO> SMILES: CCN(CC)C(=O)n1ccc2cc(Cl)cc(C(=O)NC(C)c3ccc(-c4cn[nH]c4)cc3)c21 | LogD Prediction: 3.486293077468872
21:12:32 <INFO> SMILES: CC(NC(=O)c1cc(Cl)cc2ccn(-c3ccncc3)c12)c1ccc(-c2ccccc2)cc1 | LogD Prediction: 3.4933888912200928
21:12:32 <INFO> SMILES: CC(NC(=O)c1cc(Cl)cc2ccn(C(=O)N(C)C)c12)c1ccc(-c2ccccn2)cc1 | LogD Prediction: 3.4426968097686768
21:12:32 <INFO> SMILES: CC(NC(=O)c1cc(Cl)cc2ccn(C(=O)N(C)C)c12)c1ccc(-c2ccco2)cc1 | LogD Prediction: 3.7746407985687256
21:12:32 <INFO> SMILES: Cc1ncsc1C(=O)n1ccc2cc(Cl)cc(C(=O)NC(C)c3ccc(-c4cc[nH]n4)cc3)c21 | LogD Prediction: 3.582172393798828
21:12:32 <INFO> SMILES: CCNC(=O)n1ccc2cc(Cl)cc(C(=O)NC(C)c3ccc(-c4ccccn4)cc3)c21 | LogD Prediction: 3.5680062770843506
21:12:32 <INFO> SMILES: CC(=O)n1ccc2cc(Cl)cc(C(=O)NC(C)c3ccc(-c4ncn[nH]4)cc3)c21 | LogD Prediction: 3.1892197132110596
21:12:32 <INFO> SMILES: CC(NC(=O)c1cc(Cl)cc2ccn(CC3CCCCN3C)c12)c1ccc(-c2cn[nH]c2)cc1 | LogD Prediction: 2.5454823970794678
21:12:32 <INFO> SMILES: CC(NC(=O)c1cc(Cl)cc2ccn(C(=O)c3ccccn3)c12)c1ccc(-c2cn[nH]c2)cc1 | LogD Prediction: 3.1413376331329346
21:12:32 <INFO> SMILES: CC(=O)n1ccc2cc(Cl)cc(C(=O)NC(C)c3ccc(-c4cnc[nH]4)cc3)c21 | LogD Prediction: 3.3668577671051025
21:12:32 <INFO> SMILES: CC(=O)n1ccc2cc(Cl)cc(C(=O)NC(C)c3ccc(-c4cnn(C)n4)cc3)c21 | LogD Prediction: 3.480659246444702
21:12:32 <INFO> SMILES: CC(NC(=O)c1cc(Cl)cc2ccn(C(=O)N(C)C)c12)c1ccc(-c2nccs2)cc1 | LogD Prediction: 3.7919070720672607
21:12:32 <INFO> SMILES: CC(NC(=O)c1cc(Cl)cc2ccn(C3CCOCC3)c12)c1ccc(-c2ccnn2C)cc1 | LogD Prediction: 3.1442010402679443
21:12:32 <INFO> SMILES: CCN(C)C(=O)n1ccc2cc(Cl)cc(C(=O)NC(C)c3ccc(Cn4cc(C)c(=O)[nH]c4=O)cc3)c21 | LogD Prediction: 2.713787794113159
21:12:32 <INFO> SMILES: CC(=O)n1ccc2cc(Cl)cc(C(=O)NC(C)c3ccc(Cn4cc(C=O)c(C)n4)cc3)c21 | LogD Prediction: 3.5447258949279785
21:12:32 <INFO> SMILES: CCN(CC)S(=O)(=O)n1ccc2cc(Cl)cc(C(=O)NC(C)c3ccc(-c4nnn[nH]4)cc3)c21 | LogD Prediction: 2.8143527507781982
21:12:32 <INFO> SMILES: CCN(CC)C(=O)n1ccc2cc(Cl)cc(C(=O)NC(C)c3ccc(-c4nnn[nH]4)cc3)c21 | LogD Prediction: 3.206098794937134
21:12:32 <INFO> SMILES: CNC(=O)n1ccc2cc(Cl)cc(C(=O)NC(C)c3ccc(-c4nnn[nH]4)cc3)c21 | LogD Prediction: 2.6170527935028076
21:12:32 <INFO> SMILES: CC(NC(=O)c1cc(Cl)cc2ccn(C(=O)N(C)C)c12)c1ccc(-c2cncnc2)cc1 | LogD Prediction: 3.028308153152466
21:12:32 <INFO> SMILES: CC(NC(=O)c1cc(Cl)cc2ccn(C(=O)N3CCCC(CCN(C)C)CC3)c12)c1ccc(-c2cnc(Cl)cn2)cc1 | LogD Prediction: 3.2584688663482666
21:12:32 <INFO> SMILES: CC(NC(=O)c1cc(Cl)cc2ccn(C(=O)c3ccccc3)c12)c1ccc(-c2cnn(C)c2)cc1 | LogD Prediction: 3.767847776412964
21:12:32 <INFO> SMILES: CC(NC(=O)c1cc(Cl)cc2ccn(C(=O)c3ccccc3)c12)c1ccc(Cn2nc[nH]c2=O)cc1 | LogD Prediction: 3.1166939735412598
21:12:32 <INFO> SMILES: CCNC(=O)n1ccc2cc(Cl)cc(C(=O)NC(C)c3ccc(Cn4cccn4)cc3)c21 | LogD Prediction: 3.143303632736206
21:12:32 <INFO> SMILES: CC(NC(=O)c1cc(Cl)cc2ccn(CCCN(C)Cc3cccnc3)c12)c1ccc(-c2nnn[nH]2)cc1 | LogD Prediction: 2.47672700881958
21:12:32 <INFO> SMILES: CC(NC(=O)c1cc(Cl)cc2ccn(C(=O)c3ccc(CN4CCOCC4)cc3)c12)c1ccc(-c2n[nH]c(=O)o2)cc1 | LogD Prediction: 3.3540024757385254
21:12:32 <INFO> SMILES: CCNC(=O)n1ccc2cc(Cl)cc(C(=O)NC(C)c3ccc(-c4noc(COC)n4)cc3)c21 | LogD Prediction: 3.400134801864624
21:12:32 <INFO> Score: 0.02 Agent NLL: 13.72 Valid: 100% Step: 14
 | Agent Prior Target Score SMILES SMILES_state Input_Scaffold R-groups Scaffold QED QED (raw) gnina score gnina score (raw) MW MW (raw) SlogP (RDKit) SlogP (RDKit) (raw) TPSA TPSA (raw) Number of stereo centers Number of stereo centers (raw) Number of HB acceptors (Lipinski) Number of HB acceptors (Lipinski) (raw) Number of HB donors (Lipinski) Number of HB donors (Lipinski) (raw) Number of rotatable bonds Number of rotatable bonds (raw) Number of Heavy atoms Number of Heavy atoms (raw) Molecular Volume (RDKit) Molecular Volume (RDKit) (raw) SA score SA score (raw) herg inactive herg inactive (raw) LogD LogD (raw) Alerts Alerts (raw) matching_patterns (Alerts)
 | 20.7013 26.4080 -25.5566 0.0017028 CC(NC(=O)c1cc(Cl)cc2ccn(C(=O)NCCc3cccnc3)c12)c1ccc(C2CCC2)cc1 1 c1cc([*])ccc1C(NC(c1c2c(cc(Cl)c1)ccn2[*])=O)C *C1CCC1|c1ccc(CCNC(*)=O)cn1 O=C(NCc1ccc(C2CCC2)cc1)c1cccc2ccn(C(=O)NCCc3cccnc3)c12 0.3147220 0.3147 -6.7348300 -6.7348 0.4763011 501.0300 0.0000000 6.2486 1.0000000 76.0200 1.0000000 1.0000 1.0000000 4.0000 0.5000000 2.0000 0.8490205 7.0000 0.9362164 36.0000 0.4854212 451.5200 0.8981440 3.1093 0.0000004 0.5648 0.0499303 3.8198 1.0000000 1.0000 []
 | 15.6648 25.0739 -3.4709 0.0432061 CCN1CCN(C(=O)n2ccc3cc(Cl)cc(C(=O)NC(C)c4ccc(C5CCCCC5)cc4)c32)CC1 1 c1cc([*])ccc1C(NC(c1c2c(cc(Cl)c1)ccn2[*])=O)C *C1CCCCC1|C1CN(CC)CCN1C(*)=O O=C(NCc1ccc(C2CCCCC2)cc1)c1cccc2ccn(C(=O)N3CCNCC3)c12 0.4209263 0.4209 3.7039000 3.7039 0.1252265 521.1050 0.0000000 6.4390 1.0000000 57.5800 1.0000000 1.0000 1.0000000 4.0000 0.9467598 1.0000 0.9467598 5.0000 0.9237530 37.0000 0.2280334 481.7760 0.8934572 3.1529 0.0000000 0.6243 0.2792043 3.6030 1.0000000 1.0000 []
 | 8.9650 8.6581 -8.6581 0.0000000 Cc1ccc(C(C)NC(=O)c2cc(Cl)cc3ccn(C(N)=O)c23)cc1 1 c1cc([*])ccc1C(NC(c1c2c(cc(Cl)c1)ccn2[*])=O)C *C|*C(N)=O O=C(NCc1ccccc1)c1cccc2cc[nH]c12 0.0000000 0.0000 0.0000000 0.0000 0.0000000 0.0000 0.0000000 0.0000 0.0000000 0.0000 0.0000000 0.0000 0.0000000 0.0000 0.0000000 0.0000 0.0000000 0.0000 0.0000000 0.0000 0.0000000 0.0000 0.0000000 0.0000 0.0000000 0.0000 0.0000000 0.0000 0.0000000 0.0000 ['[NH2]']
 | 9.9047 12.5560 -11.2670 0.0025780 CCNC(=O)n1ccc2cc(Cl)cc(C(=O)NC(C)c3ccc(C)cc3)c21 1 c1cc([*])ccc1C(NC(c1c2c(cc(Cl)c1)ccn2[*])=O)C *C|C(NCC)(=O)* O=C(NCc1ccccc1)c1cccc2cc[nH]c12 0.6870927 0.6871 -5.4038900 -5.4039 0.9999774 383.8790 0.0000002 4.6717 1.0000000 63.1300 1.0000000 1.0000 1.0000000 3.0000 0.5000000 2.0000 0.9693466 4.0000 0.9880297 27.0000 0.9832810 343.8320 0.9199596 2.8791 0.0000000 0.5975 0.4150527 3.5373 1.0000000 1.0000 []
 | 10.2584 13.0313 -3.1494 0.0197638 CCN(C)C(=O)n1ccc2cc(Cl)cc(C(=O)NC(C)c3ccc(C)cc3)c21 1 c1cc([*])ccc1C(NC(c1c2c(cc(Cl)c1)ccn2[*])=O)C *C|CCN(C(*)=O)C O=C(NCc1ccccc1)c1cccc2cc[nH]c12 0.6719921 0.6720 -9.9434700 -9.9435 0.9999176 397.9060 0.0000000 5.0139 1.0000000 54.3400 1.0000000 1.0000 1.0000000 3.0000 0.9467598 1.0000 0.9693466 4.0000 0.9855343 28.0000 0.9695739 359.8000 0.9096453 2.9942 0.3685604 0.5023 0.1956667 3.6535 1.0000000 1.0000 []
 | 16.4946 20.5973 -7.1990 0.0267967 Cc1ccc(C(C)NC(=O)c2cc(Cl)cc3ccn(S(=O)(=O)Cc4ccccn4)c23)cc1 1 c1cc([*])ccc1C(NC(c1c2c(cc(Cl)c1)ccn2[*])=O)C *C|c1nc(CS(=O)(*)=O)ccc1 O=C(NCc1ccccc1)c1cccc2ccn(S(=O)(=O)Cc3ccccn3)c12 0.4384361 0.4384 -9.9969500 -9.9970 0.9502321 467.9780 0.0000001 4.8672 1.0000000 81.0600 1.0000000 1.0000 1.0000000 5.0000 0.9467598 1.0000 0.9090909 6.0000 0.9693466 32.0000 0.8798456 398.1200 0.9041293 3.0509 0.9999959 0.4461 0.5525310 3.4771 1.0000000 1.0000 []
 | 16.9215 13.7117 -13.4114 0.0006006 CC(NC(=O)c1cc(Cl)cc2ccn(C(=O)c3ccc(Cl)cc3)c12)c1ccc(N2CCOCC2)cc1 1 c1cc([*])ccc1C(NC(c1c2c(cc(Cl)c1)ccn2[*])=O)C *N1CCOCC1|c1(C(*)=O)ccc(Cl)cc1 O=C(NCc1ccc(N2CCOCC2)cc1)c1cccc2ccn(C(=O)c3ccccc3)c12 0.3512830 0.3513 -9.3824500 -9.3825 0.1124393 522.4320 0.0000000 5.9642 1.0000000 63.5700 1.0000000 1.0000 1.0000000 5.0000 0.9467598 1.0000 0.9467598 5.0000 0.9362164 36.0000 0.5454654 445.2480 0.9134353 2.9533 0.0000000 0.6606 0.0201190 3.9219 1.0000000 1.0000 []
 | 11.1959 15.9709 0.5582 0.0330582 CC(NC(=O)c1cc(Cl)cc2ccn(C=O)c12)c1ccc(N2CCCOCC2)cc1 1 c1cc([*])ccc1C(NC(c1c2c(cc(Cl)c1)ccn2[*])=O)C *N1CCOCCC1|*C=O O=C(NCc1ccc(N2CCCOCC2)cc1)c1cccc2cc[nH]c12 0.6261914 0.6262 -8.5208000 -8.5208 0.9989132 425.9160 0.0000075 4.0507 1.0000000 63.5700 1.0000000 1.0000 1.0000000 5.0000 0.9467598 1.0000 0.9467598 5.0000 0.9789100 30.0000 0.9495658 373.5120 0.8989358 3.1017 1.0000000 0.4231 0.9288910 3.2210 1.0000000 1.0000 []
 | 12.5027 18.7286 -17.2312 0.0029948 CC(NC(=O)c1cc(Cl)cc2ccn(C(=O)CN(C)C)c12)c1ccc(-c2ccn[nH]2)cc1 1 c1cc([*])ccc1C(NC(c1c2c(cc(Cl)c1)ccn2[*])=O)C *c1[nH]ncc1|C(N(C)C)C(*)=O O=C(NCc1ccc(-c2ccn[nH]2)cc1)c1cccc2cc[nH]c12 0.4573470 0.4573 -6.3189000 -6.3189 0.9901512 449.9420 0.0000012 4.3776 1.0000000 83.0200 1.0000000 1.0000 1.0000000 5.0000 0.5000000 2.0000 0.9090909 6.0000 0.9693466 32.0000 0.8899404 395.5360 0.8821786 3.2513 0.0000000 0.7082 0.9998441 2.5483 1.0000000 1.0000 []
 | 15.3754 25.3175 -19.3439 0.0119473 CC(NC(=O)c1cc(Cl)cc2ccn(S(=O)(=O)C3CC3)c12)c1ccc(-c2ccn[nH]2)cc1 1 c1cc([*])ccc1C(NC(c1c2c(cc(Cl)c1)ccn2[*])=O)C *c1[nH]ncc1|C1(S(=O)(*)=O)CC1 O=C(NCc1ccc(-c2ccn[nH]2)cc1)c1cccc2ccn(S(=O)(=O)C3CC3)c12 0.4345592 0.4346 -6.9136800 -6.9137 0.9457480 468.9660 0.0000005 4.5161 0.9999993 96.8500 1.0000000 1.0000 1.0000000 5.0000 0.5000000 2.0000 0.9090909 6.0000 0.9693466 32.0000 0.8985031 393.1760 0.8776042 3.2889 0.0005739 0.5324 0.9989211 2.7584 1.0000000 1.0000 []
21:18:01 <INFO> SMILES: CC(NC(=O)c1cc(Cl)cc2ccn(C(=O)N(C)C)c12)c1ccc(-c2c[nH]nn2)cc1 | Score: 0.5332546234130859 | Type: <class 'float'>
21:18:01 <INFO> SMILES: CC(C)NC(=O)n1ccc2cc(Cl)cc(C(=O)NC(C)c3ccc(N4CCCOCC4)cc3)c21 | Score: 0.5363302826881409 | Type: <class 'float'>
21:18:01 <INFO> SMILES: CC(NC(=O)c1cc(Cl)cc2ccn(C(=O)NC3CCN(C)C3)c12)c1ccc(C2(F)CCNCC2)cc1 | Score: 0.7372284531593323 | Type: <class 'float'>
21:18:01 <INFO> SMILES: CCNC(=O)n1ccc2cc(Cl)cc(C(=O)NC(C)c3ccc(C4CCCCCC4)cc3)c21 | Score: 0.6158953905105591 | Type: <class 'float'>
21:18:01 <INFO> SMILES: CNC(=O)n1ccc2cc(Cl)cc(C(=O)NC(C)c3ccc(CC4CCOCC4)cc3)c21 | Score: 0.5155282020568848 | Type: <class 'float'>
21:18:01 <INFO> SMILES: CNC(=O)n1ccc2cc(Cl)cc(C(=O)NC(C)c3ccc(C4CCCCO4)cc3)c21 | Score: 0.4462137520313263 | Type: <class 'float'>
21:18:01 <INFO> SMILES: CNC(=O)n1ccc2cc(Cl)cc(C(=O)NC(C)c3ccc(-c4cc[nH]c(=O)c4)cc3)c21 | Score: 0.13790398836135864 | Type: <class 'float'>
21:18:01 <INFO> SMILES: CNC(=O)n1ccc2cc(Cl)cc(C(=O)NC(C)c3ccc(-c4n[nH]c(=O)o4)cc3)c21 | Score: 0.12701287865638733 | Type: <class 'float'>
21:18:01 <INFO> SMILES: CNC(=O)n1ccc2cc(Cl)cc(C(=O)NC(C)c3ccc(-c4nc[nH]n4)cc3)c21 | Score: 0.420345664024353 | Type: <class 'float'>
21:18:01 <INFO> SMILES: CNCCC(=O)n1ccc2cc(Cl)cc(C(=O)NC(C)c3ccc(-c4cccc(=O)[nH]4)cc3)c21 | Score: 0.4382898807525635 | Type: <class 'float'>
21:18:01 <INFO> SMILES: CNCC(=O)n1ccc2cc(Cl)cc(C(=O)NC(C)c3ccc(-c4cc(=O)[nH]c(=O)[nH]4)cc3)c21 | Score: 0.09194547683000565 | Type: <class 'float'>
21:18:01 <INFO> SMILES: CC(NC(=O)c1cc(Cl)cc2ccn(C(=O)N(C)C)c12)c1ccc(-c2n[nH][nH]c2=O)cc1 | Score: 0.146526500582695 | Type: <class 'float'>
21:18:01 <INFO> SMILES: CC(NC(=O)c1cc(Cl)cc2ccn(C(=O)N3CCOCC3)c12)c1ccc(N2CCCCC2)cc1 | Score: 0.3551323115825653 | Type: <class 'float'>
21:18:01 <INFO> SMILES: CNC(=O)n1ccc2cc(Cl)cc(C(=O)NC(C)c3ccc(-c4nc(=O)[nH]c(=O)n4C(C)C)cc3)c21 | Score: 0.08560270816087723 | Type: <class 'float'>
21:18:01 <INFO> SMILES: CC(NC(=O)c1cc(Cl)cc2ccn(C(=O)c3ccc(F)cc3)c12)c1ccc(N2CCOCC2)cc1 | Score: 0.6499471664428711 | Type: <class 'float'>
21:18:01 <INFO> SMILES: CC(NC(=O)c1cc(Cl)cc2ccn(S(C)(=O)=O)c12)c1ccc(-c2ccccc2)cc1 | Score: 0.322980135679245 | Type: <class 'float'>
21:18:01 <INFO> SMILES: CC(NC(=O)c1cc(Cl)cc2ccn(C(=O)CN(C)C)c12)c1ccc(-c2ccccn2)cc1 | Score: 0.671912431716919 | Type: <class 'float'>
21:18:01 <INFO> SMILES: CC(NC(=O)c1cc(Cl)cc2ccn(CCCN(C)C)c12)c1ccc(-c2nnn[nH]2)cc1 | Score: 0.8981255888938904 | Type: <class 'float'>
21:18:01 <INFO> SMILES: CC1CN(C(=O)n2ccc3cc(Cl)cc(C(=O)NC(C)c4ccc(N5CCCOCC5)cc4)c32)CCN1 | Score: 0.22661912441253662 | Type: <class 'float'>
21:18:01 <INFO> SMILES: CC(NC(=O)c1cc(Cl)cc2ccn(C(=O)N3CCN(CC4CC4)S(=O)(=O)CC3)c12)c1ccc(Cc2ccn[nH]2)cc1 | Score: 0.18952475488185883 | Type: <class 'float'>
21:18:01 <INFO> SMILES: CC(NC(=O)c1cc(Cl)cc2ccn(C(=O)N3CCN(C)CC3)c12)c1ccc(-c2ccon2)cc1 | Score: 0.5090839266777039 | Type: <class 'float'>
21:18:01 <INFO> SMILES: CC(NC(=O)c1cc(Cl)cc2ccn(C(=O)N3CCCOCC3)c12)c1ccc(N2CCCOCC2)cc1 | Score: 0.1972551792860031 | Type: <class 'float'>
21:18:01 <INFO> SMILES: CCN(C)C(=O)n1ccc2cc(Cl)cc(C(=O)NC(C)c3ccc(C=Cc4ccccc4)cc3)c21 | Score: 0.1690535694360733 | Type: <class 'float'>
21:18:01 <INFO> SMILES: CCN(C)C(=O)n1ccc2cc(Cl)cc(C(=O)NC(C)c3ccc(-c4cc[nH]n4)cc3)c21 | Score: 0.3495539426803589 | Type: <class 'float'>
21:18:01 <INFO> SMILES: CCN(CC)C(=O)n1ccc2cc(Cl)cc(C(=O)NC(C)c3ccc(N4CCC(F)(F)CC4)cc3)c21 | Score: 0.780413031578064 | Type: <class 'float'>
21:18:01 <INFO> SMILES: CC(NC(=O)c1cc(Cl)cc2ccn(C(=O)N(C)C)c12)c1ccc(N2CCOCC(F)C2)cc1 | Score: 0.3993861675262451 | Type: <class 'float'>
21:18:01 <INFO> SMILES: CC(NC(=O)c1cc(Cl)cc2ccn(C(=O)NCCCN(C)C)c12)c1ccc(N2CCCOCC2)cc1 | Score: 0.6899996995925903 | Type: <class 'float'>
21:18:01 <INFO> SMILES: CNS(=O)(=O)n1ccc2cc(Cl)cc(C(=O)NC(C)c3ccc(-c4ccc[nH]c4=O)cc3)c21 | Score: 0.23120279610157013 | Type: <class 'float'>
21:18:01 <INFO> SMILES: CC(NC(=O)c1cc(Cl)cc2ccn(C(=O)N(C)C)c12)c1ccc(Cn2cc(Br)cn2)cc1 | Score: 0.16588371992111206 | Type: <class 'float'>
21:18:01 <INFO> SMILES: CC(NC(=O)c1cc(Cl)cc2ccn(C(=O)N(C)C)c12)c1ccc(-c2cc(=O)[nH]nn2)cc1 | Score: 0.16666750609874725 | Type: <class 'float'>
21:18:01 <INFO> SMILES: CC(NC(=O)c1cc(Cl)cc2ccn(C(=O)C=CCN(C)C)c12)c1ccc(C2(F)CCCOCC2)cc1 | Score: 0.6007295846939087 | Type: <class 'float'>
21:18:01 <INFO> SMILES: Cc1nc(-c2ccc(C(C)NC(=O)c3cc(Cl)cc4ccn(C(=O)C=CCN(C)C)c34)cc2)n[nH]1 | Score: 0.6453733444213867 | Type: <class 'float'>
21:18:01 <INFO> SMILES: CNC(=O)n1ccc2cc(Cl)cc(C(=O)NC(C)c3ccc(-c4c[nH]cn4)cc3)c21 | Score: 0.330701619386673 | Type: <class 'float'>
21:18:01 <INFO> SMILES: CNCC=CC(=O)n1ccc2cc(Cl)cc(C(=O)NC(C)c3ccc(N4CCOCC4)cc3)c21 | Score: 0.2780158519744873 | Type: <class 'float'>
21:18:01 <INFO> SMILES: CC(NC(=O)c1cc(Cl)cc2ccn(C(=O)N3CCCC3)c12)c1ccc(N2CCOCC2)cc1 | Score: 0.29980719089508057 | Type: <class 'float'>
21:18:01 <INFO> SMILES: CC(NC(=O)c1cc(Cl)cc2ccn(C(=O)N3CCNC(=O)CC3)c12)c1ccc(C2CCCCOC2)cc1 | Score: 0.034284938126802444 | Type: <class 'float'>
21:18:01 <INFO> SMILES: CC(NC(=O)c1cc(Cl)cc2ccn(C(=O)N(C)C)c12)c1ccc(N2CCOCC(C)(C)C2)cc1 | Score: 0.6304541826248169 | Type: <class 'float'>
21:18:01 <INFO> SMILES: CC(NC(=O)c1cc(Cl)cc2ccn(C(=O)N(C)C)c12)c1ccc(-c2cncc(Cl)c2)cc1 | Score: 0.5043415427207947 | Type: <class 'float'>
21:18:01 <INFO> SMILES: CC(=O)N1CCCN(CCn2ccc3cc(Cl)cc(C(=O)NC(C)c4ccc(C5CCC5)cc4)c32)CC1 | Score: 0.6486538052558899 | Type: <class 'float'>
21:18:01 <INFO> SMILES: CC(NC(=O)c1cc(Cl)cc2ccn(C(=O)CN3CCCC3)c12)c1ccc(C2CCOCC2)cc1 | Score: 0.7599664330482483 | Type: <class 'float'>
21:18:01 <INFO> SMILES: Cc1ccsc1C(=O)n1ccc2cc(Cl)cc(C(=O)NC(C)c3ccc(N4CCCN(C)CC4)cc3)c21 | Score: 0.9375188946723938 | Type: <class 'float'>
21:18:01 <INFO> SMILES: CCS(=O)(=O)n1ccc2cc(Cl)cc(C(=O)NC(C)c3ccc(N4CCCOCC4)cc3)c21 | Score: 0.8440448641777039 | Type: <class 'float'>
21:18:01 <INFO> SMILES: CC1CN(c2ccc(C(C)NC(=O)c3cc(Cl)cc4ccn(S(C)(=O)=O)c34)cc2)CCN1 | Score: 0.23998470604419708 | Type: <class 'float'>
21:18:01 <INFO> SMILES: CC(NC(=O)c1cc(Cl)cc2ccn(S(C)(=O)=O)c12)c1ccc(-c2cc[nH]c(=O)c2)cc1 | Score: 0.0758349597454071 | Type: <class 'float'>
21:18:01 <INFO> SMILES: CC(NC(=O)c1cc(Cl)cc2ccn(C(=O)N3CCN(S(C)(=O)=O)CC3)c12)c1ccc(N2CCCN(C)CC2)cc1 | Score: 0.40392395853996277 | Type: <class 'float'>
21:18:01 <INFO> SMILES: CNC(=O)c1ccc(=O)c(NC(=O)n2ccc3cc(Cl)cc(C(=O)NC(C)c4ccc(N5CCOCC5)cc4)c32)c(CN(C)C)n1 | Score: 0.09288032352924347 | Type: <class 'float'>
21:18:01 <INFO> SMILES: CCn1cc(C(=O)n2ccc3cc(Cl)cc(C(=O)NC(C)c4ccc(N5CCOCC5)cc4)c32)ccc1=O | Score: 0.19411852955818176 | Type: <class 'float'>
21:18:01 <INFO> SMILES: CC(=O)NC1CCN(c2ccc(C(=O)n3ccc4cc(Cl)cc(C(=O)NC(C)c5ccc(N6CCCNCC6)cc5)c43)cn2)CC1 | Score: 0.8583011627197266 | Type: <class 'float'>
21:18:01 <INFO> SMILES: CC(NC(=O)c1cc(Cl)cc2ccn(C(=O)Nc3cncnc3)c12)c1ccc(N2CCCOCC2)cc1 | Score: 0.15456704795360565 | Type: <class 'float'>
21:18:01 <INFO> SMILES: CC(NC(=O)c1cc(Cl)cc2ccn(C(=O)c3ccccc3)c12)c1ccc(N2CCCN(C)CC2)cc1 | Score: 0.8573415875434875 | Type: <class 'float'>
21:18:01 <INFO> SMILES: CC(NC(=O)c1cc(Cl)cc2ccn(C(=O)c3ccccc3)c12)c1ccc(-c2ccco2)cc1 | Score: 0.7744854688644409 | Type: <class 'float'>
21:18:01 <INFO> SMILES: CC(NC(=O)c1cc(Cl)cc2ccn(C(=O)NCc3ccncc3)c12)c1ccc(-c2ncccn2)cc1 | Score: 0.3168599009513855 | Type: <class 'float'>
21:18:01 <INFO> SMILES: CC(NC(=O)c1cc(Cl)cc2ccn(C(=O)c3cc4ccccc4n3C)c12)c1ccc(C2CN3CCCC2CC3)cc1 | Score: 0.8075211644172668 | Type: <class 'float'>
21:18:01 <INFO> SMILES: CC(NC(=O)c1cc(Cl)cc2ccn(Cc3ncnn3C)c12)c1ccc(-c2nc[nH]n2)cc1 | Score: 0.4114537835121155 | Type: <class 'float'>
21:18:01 <INFO> SMILES: CC(NC(=O)c1cc(Cl)cc2ccn(C(=O)N(C)C)c12)c1ccc(-c2c[nH]nn2)cc1 | LogD Prediction: 2.9482667446136475
21:18:01 <INFO> SMILES: CC(C)NC(=O)n1ccc2cc(Cl)cc(C(=O)NC(C)c3ccc(N4CCCOCC4)cc3)c21 | LogD Prediction: 3.534440755844116
21:18:01 <INFO> SMILES: CC(NC(=O)c1cc(Cl)cc2ccn(C(=O)NC3CCN(C)C3)c12)c1ccc(C2(F)CCNCC2)cc1 | LogD Prediction: 1.7290350198745728
21:18:01 <INFO> SMILES: CCNC(=O)n1ccc2cc(Cl)cc(C(=O)NC(C)c3ccc(C4CCCCCC4)cc3)c21 | LogD Prediction: 4.5639801025390625
21:18:01 <INFO> SMILES: CNC(=O)n1ccc2cc(Cl)cc(C(=O)NC(C)c3ccc(CC4CCOCC4)cc3)c21 | LogD Prediction: 3.6093320846557617
21:18:01 <INFO> SMILES: CNC(=O)n1ccc2cc(Cl)cc(C(=O)NC(C)c3ccc(C4CCCCO4)cc3)c21 | LogD Prediction: 3.6669204235076904
21:18:01 <INFO> SMILES: CNC(=O)n1ccc2cc(Cl)cc(C(=O)NC(C)c3ccc(-c4cc[nH]c(=O)c4)cc3)c21 | LogD Prediction: 3.100797176361084
21:18:01 <INFO> SMILES: CNC(=O)n1ccc2cc(Cl)cc(C(=O)NC(C)c3ccc(-c4n[nH]c(=O)o4)cc3)c21 | LogD Prediction: 2.7247002124786377
21:18:01 <INFO> SMILES: CNC(=O)n1ccc2cc(Cl)cc(C(=O)NC(C)c3ccc(-c4nc[nH]n4)cc3)c21 | LogD Prediction: 2.9126322269439697
21:18:01 <INFO> SMILES: CNCCC(=O)n1ccc2cc(Cl)cc(C(=O)NC(C)c3ccc(-c4cccc(=O)[nH]4)cc3)c21 | LogD Prediction: 2.4172070026397705
21:18:01 <INFO> SMILES: CNCC(=O)n1ccc2cc(Cl)cc(C(=O)NC(C)c3ccc(-c4cc(=O)[nH]c(=O)[nH]4)cc3)c21 | LogD Prediction: 1.5122090578079224
21:18:01 <INFO> SMILES: CC(NC(=O)c1cc(Cl)cc2ccn(C(=O)N(C)C)c12)c1ccc(-c2n[nH][nH]c2=O)cc1 | LogD Prediction: 2.510847568511963
21:18:01 <INFO> SMILES: CC(NC(=O)c1cc(Cl)cc2ccn(C(=O)N3CCOCC3)c12)c1ccc(N2CCCCC2)cc1 | LogD Prediction: 3.2085654735565186
21:18:01 <INFO> SMILES: CNC(=O)n1ccc2cc(Cl)cc(C(=O)NC(C)c3ccc(-c4nc(=O)[nH]c(=O)n4C(C)C)cc3)c21 | LogD Prediction: 2.733168363571167
21:18:01 <INFO> SMILES: CC(NC(=O)c1cc(Cl)cc2ccn(C(=O)c3ccc(F)cc3)c12)c1ccc(N2CCOCC2)cc1 | LogD Prediction: 3.87510347366333
21:18:01 <INFO> SMILES: CC(NC(=O)c1cc(Cl)cc2ccn(S(C)(=O)=O)c12)c1ccc(-c2ccccc2)cc1 | LogD Prediction: 3.867112398147583
21:18:01 <INFO> SMILES: CC(NC(=O)c1cc(Cl)cc2ccn(C(=O)CN(C)C)c12)c1ccc(-c2ccccn2)cc1 | LogD Prediction: 2.8288934230804443
21:18:01 <INFO> SMILES: CC(NC(=O)c1cc(Cl)cc2ccn(CCCN(C)C)c12)c1ccc(-c2nnn[nH]2)cc1 | LogD Prediction: 2.25250244140625
21:18:01 <INFO> SMILES: CC1CN(C(=O)n2ccc3cc(Cl)cc(C(=O)NC(C)c4ccc(N5CCCOCC5)cc4)c32)CCN1 | LogD Prediction: 2.2133426666259766
21:18:01 <INFO> SMILES: CC(NC(=O)c1cc(Cl)cc2ccn(C(=O)N3CCN(CC4CC4)S(=O)(=O)CC3)c12)c1ccc(Cc2ccn[nH]2)cc1 | LogD Prediction: 3.11488676071167
21:18:01 <INFO> SMILES: CC(NC(=O)c1cc(Cl)cc2ccn(C(=O)N3CCN(C)CC3)c12)c1ccc(-c2ccon2)cc1 | LogD Prediction: 2.8140313625335693
21:18:01 <INFO> SMILES: CC(NC(=O)c1cc(Cl)cc2ccn(C(=O)N3CCCOCC3)c12)c1ccc(N2CCCOCC2)cc1 | LogD Prediction: 3.054525136947632
21:18:01 <INFO> SMILES: CCN(C)C(=O)n1ccc2cc(Cl)cc(C(=O)NC(C)c3ccc(C=Cc4ccccc4)cc3)c21 | LogD Prediction: 4.239915370941162
21:18:01 <INFO> SMILES: CCN(C)C(=O)n1ccc2cc(Cl)cc(C(=O)NC(C)c3ccc(-c4cc[nH]n4)cc3)c21 | LogD Prediction: 3.324997663497925
21:18:01 <INFO> SMILES: CCN(CC)C(=O)n1ccc2cc(Cl)cc(C(=O)NC(C)c3ccc(N4CCC(F)(F)CC4)cc3)c21 | LogD Prediction: 4.073563575744629
21:18:01 <INFO> SMILES: CC(NC(=O)c1cc(Cl)cc2ccn(C(=O)N(C)C)c12)c1ccc(N2CCOCC(F)C2)cc1 | LogD Prediction: 3.5540523529052734
21:18:01 <INFO> SMILES: CC(NC(=O)c1cc(Cl)cc2ccn(C(=O)NCCCN(C)C)c12)c1ccc(N2CCCOCC2)cc1 | LogD Prediction: 2.594054698944092
21:18:01 <INFO> SMILES: CNS(=O)(=O)n1ccc2cc(Cl)cc(C(=O)NC(C)c3ccc(-c4ccc[nH]c4=O)cc3)c21 | LogD Prediction: 2.9864342212677
21:18:01 <INFO> SMILES: CC(NC(=O)c1cc(Cl)cc2ccn(C(=O)N(C)C)c12)c1ccc(Cn2cc(Br)cn2)cc1 | LogD Prediction: 3.5181326866149902
21:18:01 <INFO> SMILES: CC(NC(=O)c1cc(Cl)cc2ccn(C(=O)N(C)C)c12)c1ccc(-c2cc(=O)[nH]nn2)cc1 | LogD Prediction: 2.608525037765503
21:18:01 <INFO> SMILES: CC(NC(=O)c1cc(Cl)cc2ccn(C(=O)C=CCN(C)C)c12)c1ccc(C2(F)CCCOCC2)cc1 | LogD Prediction: 3.103755474090576
21:18:01 <INFO> SMILES: Cc1nc(-c2ccc(C(C)NC(=O)c3cc(Cl)cc4ccn(C(=O)C=CCN(C)C)c34)cc2)n[nH]1 | LogD Prediction: 2.8428688049316406
21:18:01 <INFO> SMILES: CNC(=O)n1ccc2cc(Cl)cc(C(=O)NC(C)c3ccc(-c4c[nH]cn4)cc3)c21 | LogD Prediction: 3.194028377532959
21:18:01 <INFO> SMILES: CNCC=CC(=O)n1ccc2cc(Cl)cc(C(=O)NC(C)c3ccc(N4CCOCC4)cc3)c21 | LogD Prediction: 1.8977733850479126
21:18:01 <INFO> SMILES: CC(NC(=O)c1cc(Cl)cc2ccn(C(=O)N3CCCC3)c12)c1ccc(N2CCOCC2)cc1 | LogD Prediction: 2.9951112270355225
21:18:01 <INFO> SMILES: CC(NC(=O)c1cc(Cl)cc2ccn(C(=O)N3CCNC(=O)CC3)c12)c1ccc(C2CCCCOC2)cc1 | LogD Prediction: 3.1286118030548096
21:18:01 <INFO> SMILES: CC(NC(=O)c1cc(Cl)cc2ccn(C(=O)N(C)C)c12)c1ccc(N2CCOCC(C)(C)C2)cc1 | LogD Prediction: 3.689954996109009
21:18:01 <INFO> SMILES: CC(NC(=O)c1cc(Cl)cc2ccn(C(=O)N(C)C)c12)c1ccc(-c2cncc(Cl)c2)cc1 | LogD Prediction: 3.680875778198242
21:18:01 <INFO> SMILES: CC(=O)N1CCCN(CCn2ccc3cc(Cl)cc(C(=O)NC(C)c4ccc(C5CCC5)cc4)c32)CC1 | LogD Prediction: 2.952172040939331
21:18:01 <INFO> SMILES: CC(NC(=O)c1cc(Cl)cc2ccn(C(=O)CN3CCCC3)c12)c1ccc(C2CCOCC2)cc1 | LogD Prediction: 2.5877184867858887
21:18:01 <INFO> SMILES: Cc1ccsc1C(=O)n1ccc2cc(Cl)cc(C(=O)NC(C)c3ccc(N4CCCN(C)CC4)cc3)c21 | LogD Prediction: 3.230785608291626
21:18:01 <INFO> SMILES: CCS(=O)(=O)n1ccc2cc(Cl)cc(C(=O)NC(C)c3ccc(N4CCCOCC4)cc3)c21 | LogD Prediction: 3.285754442214966
21:18:01 <INFO> SMILES: CC1CN(c2ccc(C(C)NC(=O)c3cc(Cl)cc4ccn(S(C)(=O)=O)c34)cc2)CCN1 | LogD Prediction: 2.1634576320648193
21:18:01 <INFO> SMILES: CC(NC(=O)c1cc(Cl)cc2ccn(S(C)(=O)=O)c12)c1ccc(-c2cc[nH]c(=O)c2)cc1 | LogD Prediction: 2.734294891357422
21:18:01 <INFO> SMILES: CC(NC(=O)c1cc(Cl)cc2ccn(C(=O)N3CCN(S(C)(=O)=O)CC3)c12)c1ccc(N2CCCN(C)CC2)cc1 | LogD Prediction: 2.4415857791900635
21:18:01 <INFO> SMILES: CNC(=O)c1ccc(=O)c(NC(=O)n2ccc3cc(Cl)cc(C(=O)NC(C)c4ccc(N5CCOCC5)cc4)c32)c(CN(C)C)n1 | LogD Prediction: 2.6846039295196533
21:18:01 <INFO> SMILES: CCn1cc(C(=O)n2ccc3cc(Cl)cc(C(=O)NC(C)c4ccc(N5CCOCC5)cc4)c32)ccc1=O | LogD Prediction: 3.279435396194458
21:18:01 <INFO> SMILES: CC(=O)NC1CCN(c2ccc(C(=O)n3ccc4cc(Cl)cc(C(=O)NC(C)c5ccc(N6CCCNCC6)cc5)c43)cn2)CC1 | LogD Prediction: 2.6803953647613525
21:18:01 <INFO> SMILES: CC(NC(=O)c1cc(Cl)cc2ccn(C(=O)Nc3cncnc3)c12)c1ccc(N2CCCOCC2)cc1 | LogD Prediction: 3.0147430896759033
21:18:01 <INFO> SMILES: CC(NC(=O)c1cc(Cl)cc2ccn(C(=O)c3ccccc3)c12)c1ccc(N2CCCN(C)CC2)cc1 | LogD Prediction: 3.1444003582000732
21:18:01 <INFO> SMILES: CC(NC(=O)c1cc(Cl)cc2ccn(C(=O)c3ccccc3)c12)c1ccc(-c2ccco2)cc1 | LogD Prediction: 4.268043041229248
21:18:01 <INFO> SMILES: CC(NC(=O)c1cc(Cl)cc2ccn(C(=O)NCc3ccncc3)c12)c1ccc(-c2ncccn2)cc1 | LogD Prediction: 3.033066511154175
21:18:01 <INFO> SMILES: CC(NC(=O)c1cc(Cl)cc2ccn(C(=O)c3cc4ccccc4n3C)c12)c1ccc(C2CN3CCCC2CC3)cc1 | LogD Prediction: 2.971421480178833
21:18:01 <INFO> SMILES: CC(NC(=O)c1cc(Cl)cc2ccn(Cc3ncnn3C)c12)c1ccc(-c2nc[nH]n2)cc1 | LogD Prediction: 2.4598441123962402
21:18:01 <INFO> Score: 0.01 Agent NLL: 12.94 Valid: 100% Step: 15
 | Agent Prior Target Score SMILES SMILES_state Input_Scaffold R-groups Scaffold QED QED (raw) gnina score gnina score (raw) MW MW (raw) SlogP (RDKit) SlogP (RDKit) (raw) TPSA TPSA (raw) Number of stereo centers Number of stereo centers (raw) Number of HB acceptors (Lipinski) Number of HB acceptors (Lipinski) (raw) Number of HB donors (Lipinski) Number of HB donors (Lipinski) (raw) Number of rotatable bonds Number of rotatable bonds (raw) Number of Heavy atoms Number of Heavy atoms (raw) Molecular Volume (RDKit) Molecular Volume (RDKit) (raw) SA score SA score (raw) herg inactive herg inactive (raw) LogD LogD (raw) Alerts Alerts (raw) matching_patterns (Alerts)
 | 9.9051 12.6543 3.0984 0.0315054 CC(=O)n1ccc2cc(Cl)cc(C(=O)NC(C)c3ccc(-c4cn[nH]c4)cc3)c21 1 c1(Cl)cc2ccn([*])c2c(C(NC(C)c2ccc([*])cc2)=O)c1 *C(=O)C|*c1cn[nH]c1 O=C(NCc1ccc(-c2cn[nH]c2)cc1)c1cccc2cc[nH]c12 0.5087314 0.5087 -7.2589300 -7.2589 0.9998117 406.8730 0.0000001 4.8359 1.0000000 79.7800 1.0000000 1.0000 1.0000000 4.0000 0.5000000 2.0000 0.9693466 4.0000 0.9825279 29.0000 0.9774357 351.8000 0.8997181 3.0942 0.9999996 0.4356 0.8896989 3.2733 1.0000000 1.0000 []
 | 8.8280 12.3421 -12.3421 0.0000000 CC(=O)n1ccc2cc(Cl)cc(C(=O)NC(C)c3ccc(-c4cn[nH]c4)cc3)c21 2 c1(Cl)cc2ccn([*])c2c(C(NC(C)c2ccc([*])cc2)=O)c1 *C(=O)C|c1n[nH]cc1* O=C(NCc1ccc(-c2cn[nH]c2)cc1)c1cccc2cc[nH]c12 0.0000000 0.5087 -0.0000000 -7.2589 0.0000000 406.8730 0.0000000 4.8359 0.0000000 79.7800 0.0000000 1.0000 0.0000000 4.0000 0.0000000 2.0000 0.0000000 4.0000 0.0000000 29.0000 0.0000000 351.8000 0.0000000 3.0942 0.0000000 0.4356 0.0000000 3.2733 0.0000000 1.0000 []
 | 10.9377 22.5940 -22.5940 0.0000000 CC(NC(=O)c1cc(Cl)cc2ccn(C(=O)N(C)C)c12)c1ccc(N2CCCCOCC2)cc1 1 c1(Cl)cc2ccn([*])c2c(C(NC(C)c2ccc([*])cc2)=O)c1 *C(=O)N(C)C|*N1CCOCCCC1 O=C(NCc1ccc(N2CCCCOCC2)cc1)c1cccc2cc[nH]c12 0.0000000 0.0000 0.0000000 0.0000 0.0000000 0.0000 0.0000000 0.0000 0.0000000 0.0000 0.0000000 0.0000 0.0000000 0.0000 0.0000000 0.0000 0.0000000 0.0000 0.0000000 0.0000 0.0000000 0.0000 0.0000000 0.0000 0.0000000 0.0000 0.0000000 0.0000 0.0000000 0.0000 ['[*;r8]']
 | 11.4283 17.4678 -11.4127 0.0121102 CC(NC(=O)c1cc(Cl)cc2ccn(C(=O)N(C)C)c12)c1ccc(-c2c[nH]nn2)cc1 1 c1(Cl)cc2ccn([*])c2c(C(NC(C)c2ccc([*])cc2)=O)c1 *C(=O)N(C)C|*c1c[nH]nn1 O=C(NCc1ccc(-c2c[nH]nn2)cc1)c1cccc2cc[nH]c12 0.5030191 0.5030 -7.7382400 -7.7382 0.9970158 436.9030 0.0000056 4.1005 0.9999995 95.9100 1.0000000 1.0000 1.0000000 5.0000 0.5000000 2.0000 0.9693466 4.0000 0.9745624 31.0000 0.9449359 375.9280 0.8535682 3.4688 0.0004724 0.5333 0.9938287 2.9483 1.0000000 1.0000 []
 | 11.9397 20.8492 -16.5686 0.0085612 CC(C)NC(=O)n1ccc2cc(Cl)cc(C(=O)NC(C)c3ccc(N4CCCOCC4)cc3)c21 1 c1(Cl)cc2ccn([*])c2c(C(NC(C)c2ccc([*])cc2)=O)c1 *C(=O)NC(C)C|N1(*)CCOCCC1 O=C(NCc1ccc(N2CCCOCC2)cc1)c1cccc2cc[nH]c12 0.5375178 0.5375 -6.9010800 -6.9011 0.8270200 483.0120 0.0000000 4.9785 1.0000000 75.6000 1.0000000 1.0000 1.0000000 5.0000 0.5000000 2.0000 0.9467598 5.0000 0.9556430 34.0000 0.6303190 436.0960 0.8967706 3.1222 0.0002328 0.5363 0.4213555 3.5344 1.0000000 1.0000 []
 | 22.8649 31.6607 -15.9315 0.0314583 CC(NC(=O)c1cc(Cl)cc2ccn(C(=O)NC3CCN(C)C3)c12)c1ccc(C2(F)CCNCC2)cc1 1 c1(Cl)cc2ccn([*])c2c(C(NC(C)c2ccc([*])cc2)=O)c1 *C(=O)NC1CN(C)CC1|FC1(*)CCNCC1 O=C(NCc1ccc(C2CCNCC2)cc1)c1cccc2ccn(C(=O)NC3CCNC3)c12 0.4549096 0.4549 0.1695900 0.1696 0.0831842 526.0560 0.0000004 4.5957 1.0000000 78.4000 1.0000000 2.0000 1.0000000 5.0000 0.0532402 3.0000 0.9467598 5.0000 0.9237530 37.0000 0.3377636 467.5440 0.7952009 3.8217 0.0000000 0.7372 0.9999999 1.7290 1.0000000 1.0000 []
 | 14.3882 24.0035 -23.8857 0.0002356 CCNC(=O)n1ccc2cc(Cl)cc(C(=O)NC(C)c3ccc(C4CCCCCC4)cc3)c21 1 c1(Cl)cc2ccn([*])c2c(C(NC(C)c2ccc([*])cc2)=O)c1 *C(=O)NCC|*C1CCCCCC1 O=C(NCc1ccc(C2CCCCCC2)cc1)c1cccc2cc[nH]c12 0.4066917 0.4067 -6.4811000 -6.4811 0.9580818 466.0250 0.0000000 6.8011 1.0000000 63.1300 1.0000000 1.0000 1.0000000 3.0000 0.5000000 2.0000 0.9467598 5.0000 0.9631018 33.0000 0.6896615 429.1920 0.9053593 3.0385 0.0000000 0.6159 0.0000554 4.5640 1.0000000 1.0000 []
 | 8.3752 14.7356 0.9603 0.0313918 CCNC(=O)n1ccc2cc(Cl)cc(C(=O)NC(C)c3ccc(N4CCOCC4)cc3)c21 1 c1(Cl)cc2ccn([*])c2c(C(NC(C)c2ccc([*])cc2)=O)c1 *C(=O)NCC|C1OCCN(*)C1 O=C(NCc1ccc(N2CCOCC2)cc1)c1cccc2cc[nH]c12 0.6054635 0.6055 -9.1407200 -9.1407 0.9844576 454.9580 0.0000032 4.1999 1.0000000 75.6000 1.0000000 1.0000 1.0000000 5.0000 0.5000000 2.0000 0.9467598 5.0000 0.9693466 32.0000 0.8546005 403.8480 0.9055910 3.0362 1.0000000 0.3365 0.7887204 3.3570 1.0000000 1.0000 []
 | 13.7915 20.8083 -5.9969 0.0296229 CCNC(=O)n1ccc2cc(Cl)cc(C(=O)NC(C)c3ccc(-c4cnn(C)c4)cc3)c21 1 c1(Cl)cc2ccn([*])c2c(C(NC(C)c2ccc([*])cc2)=O)c1 *C(=O)NCC|c1n(C)ncc1* O=C(NCc1ccc(-c2cn[nH]c2)cc1)c1cccc2cc[nH]c12 0.4604224 0.4604 -7.1940600 -7.1941 0.9901512 449.9420 0.0000001 4.7638 1.0000000 80.9500 1.0000000 1.0000 1.0000000 5.0000 0.5000000 2.0000 0.9467598 5.0000 0.9693466 32.0000 0.8817793 397.6400 0.8966910 3.1230 1.0000000 0.2593 0.7575920 3.3763 1.0000000 1.0000 []
 | 12.3182 15.0690 -13.4866 0.0031648 CNC(=O)n1ccc2cc(Cl)cc(C(=O)NC(C)c3ccc(N4CCN(C)CC4)cc3)c21 1 c1(Cl)cc2ccn([*])c2c(C(NC(C)c2ccc([*])cc2)=O)c1 *C(=O)NC|*N1CCN(C)CC1 O=C(NCc1ccc(N2CCNCC2)cc1)c1cccc2cc[nH]c12 0.6312450 0.6312 -3.8828200 -3.8828 0.9857851 453.9740 0.0000486 3.7250 1.0000000 69.6100 1.0000000 1.0000 1.0000000 5.0000 0.5000000 2.0000 0.9693466 4.0000 0.9693466 32.0000 0.8384593 407.0880 0.9050837 3.0413 0.0000000 0.5970 0.9940847 2.9436 1.0000000 1.0000 []
21:23:51 <INFO> SMILES: CC(NC(=O)c1cc(Cl)cc2ccn(C(=O)CN3CCOCC3)c12)c1ccc(-c2nc3ccccc3[nH]2)cc1 | Score: 0.6627150774002075 | Type: <class 'float'>
21:23:51 <INFO> SMILES: CC(=O)n1ccc2cc(Cl)cc(C(=O)NC(C)c3ccc(Cn4cnc(C#N)c4)cc3)c21 | Score: 0.37664130330085754 | Type: <class 'float'>
21:23:51 <INFO> SMILES: CCOc1cncc(-c2ccc(C(C)NC(=O)c3cc(Cl)cc4ccn(C(=O)N(C)C)c34)cc2)c1 | Score: 0.39811432361602783 | Type: <class 'float'>
21:23:51 <INFO> SMILES: CC(NC(=O)c1cc(Cl)cc2ccn(C(=O)NCCCN(C)C)c12)c1ccc(-c2cnccn2)cc1 | Score: 0.6665745973587036 | Type: <class 'float'>
21:23:51 <INFO> SMILES: CCNC(=O)n1ccc2cc(Cl)cc(C(=O)NC(C)c3ccc(-c4ccncn4)cc3)c21 | Score: 0.29237285256385803 | Type: <class 'float'>
21:23:51 <INFO> SMILES: CNC(=O)n1ccc2cc(Cl)cc(C(=O)NC(C)c3ccc(-c4ncc(C5(C)CCOC5)[nH]4)cc3)c21 | Score: 0.2538301348686218 | Type: <class 'float'>
21:23:51 <INFO> SMILES: CNC(=O)n1ccc2cc(Cl)cc(C(=O)NC(C)c3ccc(-c4cn(C)nc4C)cc3)c21 | Score: 0.14718803763389587 | Type: <class 'float'>
21:23:51 <INFO> SMILES: CNC(=O)n1ccc2cc(Cl)cc(C(=O)NC(C)c3ccc(-c4nncn4C)cc3)c21 | Score: 0.34042367339134216 | Type: <class 'float'>
21:23:51 <INFO> SMILES: CC(NC(=O)c1cc(Cl)cc2ccn(C(=O)c3ccccn3)c12)c1ccc(N2CCOCC2)cc1 | Score: 0.44186079502105713 | Type: <class 'float'>
21:23:51 <INFO> SMILES: CC(=O)n1ccc2cc(Cl)cc(C(=O)NC(C)c3ccc(-c4nc(C)c[nH]4)cc3)c21 | Score: 0.2969528138637543 | Type: <class 'float'>
21:23:51 <INFO> SMILES: CC(=O)n1ccc2cc(Cl)cc(C(=O)NC(C)c3ccc(-c4cncnc4)cc3)c21 | Score: 0.3851221799850464 | Type: <class 'float'>
21:23:51 <INFO> SMILES: CC(C)NC(=O)n1ccc2cc(Cl)cc(C(=O)NC(C)c3ccc(Nc4ncn(C)n4)cc3)c21 | Score: 0.40907883644104004 | Type: <class 'float'>
21:23:51 <INFO> SMILES: CNC(=O)n1ccc2cc(Cl)cc(C(=O)NC(C)c3ccc(-c4nc5ncccc5s4)cc3)c21 | Score: 0.37065988779067993 | Type: <class 'float'>
21:23:51 <INFO> SMILES: CNC(=O)n1ccc2cc(Cl)cc(C(=O)NC(C)c3ccc(-c4cnco4)cc3)c21 | Score: 0.3103019595146179 | Type: <class 'float'>
21:23:51 <INFO> SMILES: CCNC(=O)n1ccc2cc(Cl)cc(C(=O)NC(C)c3ccc(N4CCCC(F)C4)cc3)c21 | Score: 0.6771610975265503 | Type: <class 'float'>
21:23:51 <INFO> SMILES: CC(NC(=O)c1cc(Cl)cc2ccn(CCN(C)C)c12)c1ccc(-c2c[nH]c(=O)[nH]2)cc1 | Score: 0.5918713212013245 | Type: <class 'float'>
21:23:51 <INFO> SMILES: COc1ncnc(Nc2ccc(C(C)NC(=O)c3cc(Cl)cc4ccn(C(=O)N(C)C)c34)cc2)n1 | Score: 0.8108934760093689 | Type: <class 'float'>
21:23:51 <INFO> SMILES: C=CCOc1cccc(-c2ccc(C(C)NC(=O)c3cc(Cl)cc4ccn(C(=O)N5CCCOCC5)c34)cc2)c1 | Score: 0.9999191761016846 | Type: <class 'float'>
21:23:51 <INFO> SMILES: CC(NC(=O)c1cc(Cl)cc2ccn(C(=O)N3CCCOCC3)c12)c1ccc(N2CCN(C)CC2)cc1 | Score: 0.41013190150260925 | Type: <class 'float'>
21:23:51 <INFO> SMILES: CCN(c1ccc(C(C)NC(=O)c2cc(Cl)cc3ccn(C(=O)N(C)C)c23)cc1)C1CC1 | Score: 0.4785229563713074 | Type: <class 'float'>
21:23:51 <INFO> SMILES: CCN(C)C(=O)n1ccc2cc(Cl)cc(C(=O)NC(C)c3ccc(N4CCNCC4)cc3)c21 | Score: 0.51534104347229 | Type: <class 'float'>
21:23:51 <INFO> SMILES: CCN(CC)C(=O)n1ccc2cc(Cl)cc(C(=O)NC(C)c3ccc(-c4ccn[nH]4)cc3)c21 | Score: 0.28090834617614746 | Type: <class 'float'>
21:23:51 <INFO> SMILES: CC(NC(=O)c1cc(Cl)cc2ccn(CCN(C)C)c12)c1ccc(Cn2cccn2)cc1 | Score: 0.6893853545188904 | Type: <class 'float'>
21:23:51 <INFO> SMILES: CC(NC(=O)c1cc(Cl)cc2ccn(C(=O)C=CCN(C)C)c12)c1ccc(N2CCCOCC2)cc1 | Score: 0.4796195924282074 | Type: <class 'float'>
21:23:51 <INFO> SMILES: CCc1ccc(C(C)NC(=O)c2cc(Cl)cc3ccn(C(=O)NC)c23)cc1 | Score: 0.4367988407611847 | Type: <class 'float'>
21:23:51 <INFO> SMILES: CC(NC(=O)c1cc(Cl)cc2ccn(C(=O)CCCN3C(=O)CC(C)N(C)C3=O)c12)c1ccc(N2CCOCC2)cc1 | Score: 0.1186077743768692 | Type: <class 'float'>
21:23:51 <INFO> SMILES: CC(NC(=O)c1cc(Cl)cc2ccn(C(=O)N3CCOCC3C)c12)c1ccc(-c2nc3cncnc3[nH]2)cc1 | Score: 0.1570080667734146 | Type: <class 'float'>
21:23:51 <INFO> SMILES: CCN(C)C(=O)n1ccc2cc(Cl)cc(C(=O)NC(C)c3ccc(C4(C)CC4)cc3)c21 | Score: 0.4983658790588379 | Type: <class 'float'>
21:23:51 <INFO> SMILES: CCN(CC)C(=O)n1ccc2cc(Cl)cc(C(=O)NC(C)c3ccc(-c4cscn4)cc3)c21 | Score: 0.317655473947525 | Type: <class 'float'>
21:23:51 <INFO> SMILES: CCN(C)C(=O)n1ccc2cc(Cl)cc(C(=O)NC(C)c3ccc(-c4nnnn4C)cc3)c21 | Score: 0.29854175448417664 | Type: <class 'float'>
21:23:51 <INFO> SMILES: CC(NC(=O)c1cc(Cl)cc2ccn(C(=O)N(C)C)c12)c1ccc(CCN2CCCCCC2)cc1 | Score: 0.739581823348999 | Type: <class 'float'>
21:23:51 <INFO> SMILES: Cc1cc(-c2ccc(C(C)NC(=O)c3cc(Cl)cc4ccn(C(=O)N5CCN(C)CC5)c34)cc2)[nH]n1 | Score: 0.42201822996139526 | Type: <class 'float'>
21:23:51 <INFO> SMILES: CNC(=O)n1ccc2cc(Cl)cc(C(=O)NC(C)c3ccc(Cn4cc(C5=NCCCC5)[nH]c4=O)cc3)c21 | Score: 0.14343342185020447 | Type: <class 'float'>
21:23:51 <INFO> SMILES: CNC(=O)n1ccc2cc(Cl)cc(C(=O)NC(C)c3ccc(-c4ccc[nH]c4=O)cc3)c21 | Score: 0.13958249986171722 | Type: <class 'float'>
21:23:51 <INFO> SMILES: CNC(=O)n1ccc2cc(Cl)cc(C(=O)NC(C)c3ccc(-c4cncc(C#N)c4)cc3)c21 | Score: 0.36911311745643616 | Type: <class 'float'>
21:23:51 <INFO> SMILES: CCNC(=O)n1ccc2cc(Cl)cc(C(=O)NC(C)c3ccc(-c4cccnc4)cc3)c21 | Score: 0.4436533451080322 | Type: <class 'float'>
21:23:51 <INFO> SMILES: CC(NC(=O)c1cc(Cl)cc2ccn(C(=O)N(C)C)c12)c1ccc(-c2ncccn2)cc1 | Score: 0.22750598192214966 | Type: <class 'float'>
21:23:51 <INFO> SMILES: CC(NC(=O)c1cc(Cl)cc2ccn(C(=O)N(C)C)c12)c1ccc(-c2cnn(C3CCN(C)CC3)c2)cc1 | Score: 0.646347165107727 | Type: <class 'float'>
21:23:51 <INFO> SMILES: CC1CN(c2ccc(C(C)NC(=O)c3cc(Cl)cc4ccn(C(=O)N(C)C)c34)cc2)CCN1 | Score: 0.4245172142982483 | Type: <class 'float'>
21:23:51 <INFO> SMILES: CC(NC(=O)c1cc(Cl)cc2ccn(C(=O)CCCN(C)C)c12)c1ccc(-c2cnc(N3CCOCC3)nc2)cc1 | Score: 0.6496014595031738 | Type: <class 'float'>
21:23:51 <INFO> SMILES: CNC(=O)n1ccc2cc(Cl)cc(C(=O)NC(C)c3ccc(-c4ccc(=O)[nH]n4)cc3)c21 | Score: 0.1841626614332199 | Type: <class 'float'>
21:23:51 <INFO> SMILES: CNC(=O)n1ccc2cc(Cl)cc(C(=O)NC(C)c3ccc(-c4nnn(C)n4)cc3)c21 | Score: 0.25098803639411926 | Type: <class 'float'>
21:23:51 <INFO> SMILES: Cc1cccnc1-c1ccc(C(C)NC(=O)c2cc(Cl)cc3ccn(C(=O)N4CCOCC4)c23)cc1 | Score: 0.18446922302246094 | Type: <class 'float'>
21:23:51 <INFO> SMILES: CC(NC(=O)c1cc(Cl)cc2ccn(C(=O)N3CCOCC3)c12)c1ccc(C2CCNCC2)cc1 | Score: 0.24889253079891205 | Type: <class 'float'>
21:23:51 <INFO> SMILES: CC(NC(=O)c1cc(Cl)cc2ccn(C(=O)N(C)C)c12)c1ccc(-c2n[nH]ccc2=O)cc1 | Score: 0.13675978779792786 | Type: <class 'float'>
21:23:51 <INFO> SMILES: CC(NC(=O)c1cc(Cl)cc2ccn(C(=O)N(C)C)c12)c1ccc(Cn2ccnn2)cc1 | Score: 0.34488508105278015 | Type: <class 'float'>
21:23:51 <INFO> SMILES: CC(NC(=O)c1cc(Cl)cc2ccn(C(=O)N3CCCC3)c12)c1ccc(N2CCCCCC2)cc1 | Score: 0.6486794352531433 | Type: <class 'float'>
21:23:51 <INFO> SMILES: C=CCNC(=O)n1ccc2cc(Cl)cc(C(=O)NC(C)c3ccc(-c4ncc(F)cn4)cc3)c21 | Score: 0.9999837875366211 | Type: <class 'float'>
21:23:51 <INFO> SMILES: CCNC(=O)n1ccc2cc(Cl)cc(C(=O)NC(C)c3ccc(C4CCOC4)cc3)c21 | Score: 0.4819091558456421 | Type: <class 'float'>
21:23:51 <INFO> SMILES: CCNC(=O)n1ccc2cc(Cl)cc(C(=O)NC(C)c3ccc(-c4n[nH]c(=O)[nH]4)cc3)c21 | Score: 0.27005624771118164 | Type: <class 'float'>
21:23:51 <INFO> SMILES: CC(=O)n1ccc2cc(Cl)cc(C(=O)NC(C)c3ccc(NCC4CCOCC4)cc3)c21 | Score: 0.7962883710861206 | Type: <class 'float'>
21:23:51 <INFO> SMILES: CC(=O)n1ccc2cc(Cl)cc(C(=O)NC(C)c3ccc(-c4cnn(C5CCCCO5)c4)cc3)c21 | Score: 0.48841366171836853 | Type: <class 'float'>
21:23:51 <INFO> SMILES: CC(=O)n1ccc2cc(Cl)cc(C(=O)NC(C)c3ccc(Cc4ccnn4C)cc3)c21 | Score: 0.1589013636112213 | Type: <class 'float'>
21:23:51 <INFO> SMILES: CC(NC(=O)c1cc(Cl)cc2ccn(C(=O)N(C)C)c12)c1ccc(N2CCCC(F)(F)C2)cc1 | Score: 0.6873051524162292 | Type: <class 'float'>
21:23:51 <INFO> SMILES: CC(NC(=O)c1cc(Cl)cc2ccn(C(=O)N(C)C)c12)c1ccc(CC(=O)N2CCOCC2)cc1 | Score: 0.0429433137178421 | Type: <class 'float'>
21:23:51 <INFO> SMILES: CC(NC(=O)c1cc(Cl)cc2ccn(C(=O)N(C)C)c12)c1ccc(-c2n[nH]cc2Cl)cc1 | Score: 0.34911027550697327 | Type: <class 'float'>
21:23:51 <INFO> SMILES: CC(NC(=O)c1cc(Cl)cc2ccn(C(=O)N(C)C)c12)c1ccc(-c2ccnc(C#N)c2)cc1 | Score: 0.3385288417339325 | Type: <class 'float'>
21:23:51 <INFO> SMILES: CC(NC(=O)c1cc(Cl)cc2ccn(C(=O)N3CCCC3)c12)c1ccc(-c2cnc[nH]c2=O)cc1 | Score: 0.17116297781467438 | Type: <class 'float'>
21:23:51 <INFO> SMILES: CCc1ccc(-c2ccc(C(C)NC(=O)c3cc(Cl)cc4ccn(C(=O)NC)c34)cc2)o1 | Score: 0.5420905351638794 | Type: <class 'float'>
21:23:51 <INFO> SMILES: CNC(=O)n1ccc2cc(Cl)cc(C(=O)NC(C)c3ccc(-c4cncnc4)cc3)c21 | Score: 0.3338795304298401 | Type: <class 'float'>
21:23:51 <INFO> SMILES: CNC(=O)n1ccc2cc(Cl)cc(C(=O)NC(C)c3ccc(-c4ccncc4)cc3)c21 | Score: 0.29189202189445496 | Type: <class 'float'>
21:23:51 <INFO> SMILES: CNC(=O)n1ccc2cc(Cl)cc(C(=O)NC(C)c3ccc(-c4csnn4)cc3)c21 | Score: 0.3003672659397125 | Type: <class 'float'>
21:23:51 <INFO> SMILES: CC(NC(=O)c1cc(Cl)cc2ccn(C(=O)c3cccs3)c12)c1ccc(-c2cn[nH]c2)cc1 | Score: 0.8402270078659058 | Type: <class 'float'>
21:23:51 <INFO> SMILES: CCN1CCN(c2ccc(C(C)NC(=O)c3cc(Cl)cc4ccn(C(=O)Nc5cccnc5)c34)cc2)CC1 | Score: 0.6966551542282104 | Type: <class 'float'>
21:23:51 <INFO> SMILES: CC(NC(=O)c1cc(Cl)cc2ccn(C(=O)c3cnn(C)c3)c12)c1ccc(C2CCCNC2)cc1 | Score: 0.3153868019580841 | Type: <class 'float'>
21:23:51 <INFO> SMILES: CC(NC(=O)c1cc(Cl)cc2ccn(C(=O)CN3CCOCC3)c12)c1ccc(-c2nc3ccccc3[nH]2)cc1 | LogD Prediction: 3.192009210586548
21:23:51 <INFO> SMILES: CC(=O)n1ccc2cc(Cl)cc(C(=O)NC(C)c3ccc(Cn4cnc(C#N)c4)cc3)c21 | LogD Prediction: 3.4972598552703857
21:23:51 <INFO> SMILES: CCOc1cncc(-c2ccc(C(C)NC(=O)c3cc(Cl)cc4ccn(C(=O)N(C)C)c34)cc2)c1 | LogD Prediction: 3.7762081623077393
21:23:51 <INFO> SMILES: CC(NC(=O)c1cc(Cl)cc2ccn(C(=O)NCCCN(C)C)c12)c1ccc(-c2cnccn2)cc1 | LogD Prediction: 2.4274768829345703
21:23:51 <INFO> SMILES: CCNC(=O)n1ccc2cc(Cl)cc(C(=O)NC(C)c3ccc(-c4ccncn4)cc3)c21 | LogD Prediction: 3.1727945804595947
21:23:51 <INFO> SMILES: CNC(=O)n1ccc2cc(Cl)cc(C(=O)NC(C)c3ccc(-c4ncc(C5(C)CCOC5)[nH]4)cc3)c21 | LogD Prediction: 3.7656288146972656
21:23:51 <INFO> SMILES: CNC(=O)n1ccc2cc(Cl)cc(C(=O)NC(C)c3ccc(-c4cn(C)nc4C)cc3)c21 | LogD Prediction: 3.5654995441436768
21:23:51 <INFO> SMILES: CNC(=O)n1ccc2cc(Cl)cc(C(=O)NC(C)c3ccc(-c4nncn4C)cc3)c21 | LogD Prediction: 2.942265510559082
21:23:51 <INFO> SMILES: CC(NC(=O)c1cc(Cl)cc2ccn(C(=O)c3ccccn3)c12)c1ccc(N2CCOCC2)cc1 | LogD Prediction: 3.262274742126465
21:23:51 <INFO> SMILES: CC(=O)n1ccc2cc(Cl)cc(C(=O)NC(C)c3ccc(-c4nc(C)c[nH]4)cc3)c21 | LogD Prediction: 3.812753438949585
21:23:51 <INFO> SMILES: CC(=O)n1ccc2cc(Cl)cc(C(=O)NC(C)c3ccc(-c4cncnc4)cc3)c21 | LogD Prediction: 3.2267796993255615
21:23:51 <INFO> SMILES: CC(C)NC(=O)n1ccc2cc(Cl)cc(C(=O)NC(C)c3ccc(Nc4ncn(C)n4)cc3)c21 | LogD Prediction: 3.3699452877044678
21:23:51 <INFO> SMILES: CNC(=O)n1ccc2cc(Cl)cc(C(=O)NC(C)c3ccc(-c4nc5ncccc5s4)cc3)c21 | LogD Prediction: 3.708604574203491
21:23:51 <INFO> SMILES: CNC(=O)n1ccc2cc(Cl)cc(C(=O)NC(C)c3ccc(-c4cnco4)cc3)c21 | LogD Prediction: 3.253999948501587
21:23:51 <INFO> SMILES: CCNC(=O)n1ccc2cc(Cl)cc(C(=O)NC(C)c3ccc(N4CCCC(F)C4)cc3)c21 | LogD Prediction: 3.8623619079589844
21:23:51 <INFO> SMILES: CC(NC(=O)c1cc(Cl)cc2ccn(CCN(C)C)c12)c1ccc(-c2c[nH]c(=O)[nH]2)cc1 | LogD Prediction: 2.4969165325164795
21:23:51 <INFO> SMILES: COc1ncnc(Nc2ccc(C(C)NC(=O)c3cc(Cl)cc4ccn(C(=O)N(C)C)c34)cc2)n1 | LogD Prediction: 3.1679859161376953
21:23:51 <INFO> SMILES: C=CCOc1cccc(-c2ccc(C(C)NC(=O)c3cc(Cl)cc4ccn(C(=O)N5CCCOCC5)c34)cc2)c1 | LogD Prediction: 3.8742518424987793
21:23:51 <INFO> SMILES: CC(NC(=O)c1cc(Cl)cc2ccn(C(=O)N3CCCOCC3)c12)c1ccc(N2CCN(C)CC2)cc1 | LogD Prediction: 2.633981466293335
21:23:51 <INFO> SMILES: CCN(c1ccc(C(C)NC(=O)c2cc(Cl)cc3ccn(C(=O)N(C)C)c23)cc1)C1CC1 | LogD Prediction: 3.7331435680389404
21:23:51 <INFO> SMILES: CCN(C)C(=O)n1ccc2cc(Cl)cc(C(=O)NC(C)c3ccc(N4CCNCC4)cc3)c21 | LogD Prediction: 2.5359110832214355
21:23:51 <INFO> SMILES: CCN(CC)C(=O)n1ccc2cc(Cl)cc(C(=O)NC(C)c3ccc(-c4ccn[nH]4)cc3)c21 | LogD Prediction: 3.575537919998169
21:23:51 <INFO> SMILES: CC(NC(=O)c1cc(Cl)cc2ccn(CCN(C)C)c12)c1ccc(Cn2cccn2)cc1 | LogD Prediction: 2.315000295639038
21:23:51 <INFO> SMILES: CC(NC(=O)c1cc(Cl)cc2ccn(C(=O)C=CCN(C)C)c12)c1ccc(N2CCCOCC2)cc1 | LogD Prediction: 2.6436450481414795
21:23:51 <INFO> SMILES: CCc1ccc(C(C)NC(=O)c2cc(Cl)cc3ccn(C(=O)NC)c23)cc1 | LogD Prediction: 3.654066324234009
21:23:51 <INFO> SMILES: CC(NC(=O)c1cc(Cl)cc2ccn(C(=O)CCCN3C(=O)CC(C)N(C)C3=O)c12)c1ccc(N2CCOCC2)cc1 | LogD Prediction: 3.4929873943328857
21:23:51 <INFO> SMILES: CC(NC(=O)c1cc(Cl)cc2ccn(C(=O)N3CCOCC3C)c12)c1ccc(-c2nc3cncnc3[nH]2)cc1 | LogD Prediction: 3.2587053775787354
21:23:51 <INFO> SMILES: CCN(C)C(=O)n1ccc2cc(Cl)cc(C(=O)NC(C)c3ccc(C4(C)CC4)cc3)c21 | LogD Prediction: 3.9122426509857178
21:23:51 <INFO> SMILES: CCN(CC)C(=O)n1ccc2cc(Cl)cc(C(=O)NC(C)c3ccc(-c4cscn4)cc3)c21 | LogD Prediction: 4.249689102172852
21:23:51 <INFO> SMILES: CCN(C)C(=O)n1ccc2cc(Cl)cc(C(=O)NC(C)c3ccc(-c4nnnn4C)cc3)c21 | LogD Prediction: 3.058126449584961
21:23:51 <INFO> SMILES: CC(NC(=O)c1cc(Cl)cc2ccn(C(=O)N(C)C)c12)c1ccc(CCN2CCCCCC2)cc1 | LogD Prediction: 2.962345600128174
21:23:51 <INFO> SMILES: Cc1cc(-c2ccc(C(C)NC(=O)c3cc(Cl)cc4ccn(C(=O)N5CCN(C)CC5)c34)cc2)[nH]n1 | LogD Prediction: 2.941601514816284
21:23:51 <INFO> SMILES: CNC(=O)n1ccc2cc(Cl)cc(C(=O)NC(C)c3ccc(Cn4cc(C5=NCCCC5)[nH]c4=O)cc3)c21 | LogD Prediction: 2.816744804382324
21:23:51 <INFO> SMILES: CNC(=O)n1ccc2cc(Cl)cc(C(=O)NC(C)c3ccc(-c4ccc[nH]c4=O)cc3)c21 | LogD Prediction: 3.10199236869812
21:23:51 <INFO> SMILES: CNC(=O)n1ccc2cc(Cl)cc(C(=O)NC(C)c3ccc(-c4cncc(C#N)c4)cc3)c21 | LogD Prediction: 3.546299457550049
21:23:51 <INFO> SMILES: CCNC(=O)n1ccc2cc(Cl)cc(C(=O)NC(C)c3ccc(-c4cccnc4)cc3)c21 | LogD Prediction: 3.382654905319214
21:23:51 <INFO> SMILES: CC(NC(=O)c1cc(Cl)cc2ccn(C(=O)N(C)C)c12)c1ccc(-c2ncccn2)cc1 | LogD Prediction: 3.145462989807129
21:23:51 <INFO> SMILES: CC(NC(=O)c1cc(Cl)cc2ccn(C(=O)N(C)C)c12)c1ccc(-c2cnn(C3CCN(C)CC3)c2)cc1 | LogD Prediction: 2.5880630016326904
21:23:51 <INFO> SMILES: CC1CN(c2ccc(C(C)NC(=O)c3cc(Cl)cc4ccn(C(=O)N(C)C)c34)cc2)CCN1 | LogD Prediction: 2.363334894180298
21:23:51 <INFO> SMILES: CC(NC(=O)c1cc(Cl)cc2ccn(C(=O)CCCN(C)C)c12)c1ccc(-c2cnc(N3CCOCC3)nc2)cc1 | LogD Prediction: 2.898918867111206
21:23:51 <INFO> SMILES: CNC(=O)n1ccc2cc(Cl)cc(C(=O)NC(C)c3ccc(-c4ccc(=O)[nH]n4)cc3)c21 | LogD Prediction: 3.003162145614624
21:23:51 <INFO> SMILES: CNC(=O)n1ccc2cc(Cl)cc(C(=O)NC(C)c3ccc(-c4nnn(C)n4)cc3)c21 | LogD Prediction: 2.9087655544281006
21:23:51 <INFO> SMILES: Cc1cccnc1-c1ccc(C(C)NC(=O)c2cc(Cl)cc3ccn(C(=O)N4CCOCC4)c23)cc1 | LogD Prediction: 3.3284976482391357
21:23:51 <INFO> SMILES: CC(NC(=O)c1cc(Cl)cc2ccn(C(=O)N3CCOCC3)c12)c1ccc(C2CCNCC2)cc1 | LogD Prediction: 1.84760320186615
21:23:51 <INFO> SMILES: CC(NC(=O)c1cc(Cl)cc2ccn(C(=O)N(C)C)c12)c1ccc(-c2n[nH]ccc2=O)cc1 | LogD Prediction: 2.688931465148926
21:23:51 <INFO> SMILES: CC(NC(=O)c1cc(Cl)cc2ccn(C(=O)N(C)C)c12)c1ccc(Cn2ccnn2)cc1 | LogD Prediction: 2.838510274887085
21:23:51 <INFO> SMILES: CC(NC(=O)c1cc(Cl)cc2ccn(C(=O)N3CCCC3)c12)c1ccc(N2CCCCCC2)cc1 | LogD Prediction: 3.454430103302002
21:23:51 <INFO> SMILES: C=CCNC(=O)n1ccc2cc(Cl)cc(C(=O)NC(C)c3ccc(-c4ncc(F)cn4)cc3)c21 | LogD Prediction: 3.5897092819213867
21:23:51 <INFO> SMILES: CCNC(=O)n1ccc2cc(Cl)cc(C(=O)NC(C)c3ccc(C4CCOC4)cc3)c21 | LogD Prediction: 3.4016165733337402
21:23:51 <INFO> SMILES: CCNC(=O)n1ccc2cc(Cl)cc(C(=O)NC(C)c3ccc(-c4n[nH]c(=O)[nH]4)cc3)c21 | LogD Prediction: 2.7367260456085205
21:23:51 <INFO> SMILES: CC(=O)n1ccc2cc(Cl)cc(C(=O)NC(C)c3ccc(NCC4CCOCC4)cc3)c21 | LogD Prediction: 3.42543625831604
21:23:51 <INFO> SMILES: CC(=O)n1ccc2cc(Cl)cc(C(=O)NC(C)c3ccc(-c4cnn(C5CCCCO5)c4)cc3)c21 | LogD Prediction: 3.784489870071411
21:23:51 <INFO> SMILES: CC(=O)n1ccc2cc(Cl)cc(C(=O)NC(C)c3ccc(Cc4ccnn4C)cc3)c21 | LogD Prediction: 3.527602434158325
21:23:51 <INFO> SMILES: CC(NC(=O)c1cc(Cl)cc2ccn(C(=O)N(C)C)c12)c1ccc(N2CCCC(F)(F)C2)cc1 | LogD Prediction: 3.793536901473999
21:23:51 <INFO> SMILES: CC(NC(=O)c1cc(Cl)cc2ccn(C(=O)N(C)C)c12)c1ccc(CC(=O)N2CCOCC2)cc1 | LogD Prediction: 2.87361216545105
21:23:51 <INFO> SMILES: CC(NC(=O)c1cc(Cl)cc2ccn(C(=O)N(C)C)c12)c1ccc(-c2n[nH]cc2Cl)cc1 | LogD Prediction: 3.549070119857788
21:23:51 <INFO> SMILES: CC(NC(=O)c1cc(Cl)cc2ccn(C(=O)N(C)C)c12)c1ccc(-c2ccnc(C#N)c2)cc1 | LogD Prediction: 3.653059720993042
21:23:51 <INFO> SMILES: CC(NC(=O)c1cc(Cl)cc2ccn(C(=O)N3CCCC3)c12)c1ccc(-c2cnc[nH]c2=O)cc1 | LogD Prediction: 2.6871249675750732
21:23:51 <INFO> SMILES: CCc1ccc(-c2ccc(C(C)NC(=O)c3cc(Cl)cc4ccn(C(=O)NC)c34)cc2)o1 | LogD Prediction: 4.209539890289307
21:23:51 <INFO> SMILES: CNC(=O)n1ccc2cc(Cl)cc(C(=O)NC(C)c3ccc(-c4cncnc4)cc3)c21 | LogD Prediction: 3.0422489643096924
21:23:51 <INFO> SMILES: CNC(=O)n1ccc2cc(Cl)cc(C(=O)NC(C)c3ccc(-c4ccncc4)cc3)c21 | LogD Prediction: 3.1474156379699707
21:23:51 <INFO> SMILES: CNC(=O)n1ccc2cc(Cl)cc(C(=O)NC(C)c3ccc(-c4csnn4)cc3)c21 | LogD Prediction: 3.656111240386963
21:23:51 <INFO> SMILES: CC(NC(=O)c1cc(Cl)cc2ccn(C(=O)c3cccs3)c12)c1ccc(-c2cn[nH]c2)cc1 | LogD Prediction: 3.5481536388397217
21:23:51 <INFO> SMILES: CCN1CCN(c2ccc(C(C)NC(=O)c3cc(Cl)cc4ccn(C(=O)Nc5cccnc5)c34)cc2)CC1 | LogD Prediction: 2.8071110248565674
21:23:51 <INFO> SMILES: CC(NC(=O)c1cc(Cl)cc2ccn(C(=O)c3cnn(C)c3)c12)c1ccc(C2CCCNC2)cc1 | LogD Prediction: 2.1568942070007324
21:23:52 <INFO> Score: 0.02 Agent NLL: 13.47 Valid: 100% Step: 16
 | Agent Prior Target Score SMILES SMILES_state Input_Scaffold R-groups Scaffold QED QED (raw) gnina score gnina score (raw) MW MW (raw) SlogP (RDKit) SlogP (RDKit) (raw) TPSA TPSA (raw) Number of stereo centers Number of stereo centers (raw) Number of HB acceptors (Lipinski) Number of HB acceptors (Lipinski) (raw) Number of HB donors (Lipinski) Number of HB donors (Lipinski) (raw) Number of rotatable bonds Number of rotatable bonds (raw) Number of Heavy atoms Number of Heavy atoms (raw) Molecular Volume (RDKit) Molecular Volume (RDKit) (raw) SA score SA score (raw) herg inactive herg inactive (raw) LogD LogD (raw) Alerts Alerts (raw) matching_patterns (Alerts)
 | 18.5947 24.1536 -23.6468 0.0010136 CC(NC(=O)c1cc(Cl)cc2ccn(C(=O)CN3CCOCC3)c12)c1ccc(-c2nc3ccccc3[nH]2)cc1 1 c12ccn([*])c1c(C(=O)NC(c1ccc([*])cc1)C)cc(Cl)c2 *C(=O)CN1CCOCC1|c12c(nc(*)[nH]1)cccc2 O=C(NCc1ccc(-c2nc3ccccc3[nH]2)cc1)c1cccc2ccn(C(=O)CN3CCOCC3)c12 0.3041594 0.3042 -9.3089400 -9.3089 0.0203934 542.0390 0.0000000 5.3014 0.9999998 92.2500 1.0000000 1.0000 0.9999999 6.0000 0.5000000 2.0000 0.9090909 6.0000 0.8919391 39.0000 0.3211496 469.5040 0.8898960 3.1849 0.0000000 0.6627 0.9446271 3.1920 1.0000000 1.0000 []
 | 12.0255 15.8837 -0.7368 0.0302937 CC(=O)n1ccc2cc(Cl)cc(C(=O)NC(C)c3ccc(-c4ccn[nH]4)cc3)c21 1 c12ccn([*])c1c(C(=O)NC(c1ccc([*])cc1)C)cc(Cl)c2 *C(=O)C|[nH]1c(*)ccn1 O=C(NCc1ccc(-c2ccn[nH]2)cc1)c1cccc2cc[nH]c12 0.5087314 0.5087 -8.5588000 -8.5588 0.9998117 406.8730 0.0000001 4.8359 1.0000000 79.7800 1.0000000 1.0000 1.0000000 4.0000 0.5000000 2.0000 0.9693466 4.0000 0.9825279 29.0000 0.9772112 352.0640 0.9015076 3.0769 1.0000000 0.3695 0.7635059 3.3728 1.0000000 1.0000 []
 | 9.6901 11.6040 -10.0616 0.0030848 CC(=O)n1ccc2cc(Cl)cc(C(=O)NC(C)c3ccc(-c4nnn[nH]4)cc3)c21 1 c12ccn([*])c1c(C(=O)NC(c1ccc([*])cc1)C)cc(Cl)c2 *C(=O)C|[nH]1nnnc1* O=C(NCc1ccc(-c2nnn[nH]2)cc1)c1cccc2cc[nH]c12 0.5360422 0.5360 -10.5632900 -10.5633 0.9997742 408.8490 0.0000862 3.6259 0.9999880 105.5600 1.0000000 1.0000 0.9999999 6.0000 0.5000000 2.0000 0.9693466 4.0000 0.9825279 29.0000 0.9829857 344.2960 0.8839859 3.2361 0.0000000 0.5950 0.9946344 2.9330 1.0000000 1.0000 []
 | 9.5846 12.4093 3.0357 0.0308899 CC(=O)n1ccc2cc(Cl)cc(C(=O)NC(C)c3ccc(-c4cc[nH]n4)cc3)c21 1 c12ccn([*])c1c(C(=O)NC(c1ccc([*])cc1)C)cc(Cl)c2 *C(=O)C|c1(*)n[nH]cc1 O=C(NCc1ccc(-c2cc[nH]n2)cc1)c1cccc2cc[nH]c12 0.5087314 0.5087 -8.9897300 -8.9897 0.9998117 406.8730 0.0000001 4.8359 1.0000000 79.7800 1.0000000 1.0000 1.0000000 4.0000 0.5000000 2.0000 0.9693466 4.0000 0.9825279 29.0000 0.9772726 351.9920 0.8788975 3.2784 1.0000000 0.3695 0.8238032 3.3325 1.0000000 1.0000 []
 | 17.6819 22.2401 -8.7375 0.0270052 CC(=O)n1ccc2cc(Cl)cc(C(=O)NC(C)c3ccc(Cn4cnc(C#N)c4)cc3)c21 1 c12ccn([*])c1c(C(=O)NC(c1ccc([*])cc1)C)cc(Cl)c2 *C(=O)C|n1(C*)cnc(C#N)c1 O=C(NCc1ccc(Cn2ccnc2)cc1)c1cccc2cc[nH]c12 0.4868848 0.4869 -8.2783700 -8.2784 0.9931856 445.9100 0.0000004 4.5623 0.9999998 92.7100 1.0000000 1.0000 0.9999999 6.0000 0.9467598 1.0000 0.9467598 5.0000 0.9693466 32.0000 0.9224675 385.4720 0.8724198 3.3301 1.0000000 0.3766 0.5063090 3.4973 1.0000000 1.0000 []
 | 16.7807 18.4392 -11.4724 0.0139337 CCN(C)C(=O)n1ccc2cc(Cl)cc(C(=O)NC(C)c3ccc(C4CC4)cc3)c21 1 c12ccn([*])c1c(C(=O)NC(c1ccc([*])cc1)C)cc(Cl)c2 *C(=O)N(C)CC|C1(*)CC1 O=C(NCc1ccc(C2CC2)cc1)c1cccc2cc[nH]c12 0.5816878 0.5817 -5.6222200 -5.6222 0.9990935 423.9440 0.0000000 5.5829 1.0000000 54.3400 1.0000000 1.0000 1.0000000 3.0000 0.9467598 1.0000 0.9467598 5.0000 0.9789100 30.0000 0.9195870 386.5040 0.8999488 3.0920 0.9999995 0.4374 0.0336491 3.8645 1.0000000 1.0000 []
 | 19.5567 25.0566 -17.9134 0.0142865 CCOc1cncc(-c2ccc(C(C)NC(=O)c3cc(Cl)cc4ccn(C(=O)N(C)C)c34)cc2)c1 1 c12ccn([*])c1c(C(=O)NC(c1ccc([*])cc1)C)cc(Cl)c2 *C(=O)N(C)C|*c1cncc(OCC)c1 O=C(NCc1ccc(-c2cccnc2)cc1)c1cccc2cc[nH]c12 0.3716352 0.3716 -9.5188900 -9.5189 0.6963041 490.9910 0.0000000 5.7761 1.0000000 76.4600 1.0000000 1.0000 1.0000000 5.0000 0.9467598 1.0000 0.9090909 6.0000 0.9467598 35.0000 0.6275965 436.4000 0.8946812 3.1417 1.0000000 0.3981 0.0728325 3.7762 1.0000000 1.0000 []
 | 6.6150 12.8627 3.6506 0.0330265 CC(NC(=O)c1cc(Cl)cc2ccn(C(=O)N(C)C)c12)c1ccc(N2CCOCC2)cc1 1 c12ccn([*])c1c(C(=O)NC(c1ccc([*])cc1)C)cc(Cl)c2 *C(=O)N(C)C|C1COCCN1* O=C(NCc1ccc(N2CCOCC2)cc1)c1cccc2cc[nH]c12 0.6426546 0.6427 -7.3581900 -7.3582 0.9844576 454.9580 0.0000042 4.1520 1.0000000 66.8100 1.0000000 1.0000 1.0000000 5.0000 0.9467598 1.0000 0.9693466 4.0000 0.9693466 32.0000 0.8553237 403.6960 0.9037104 3.0551 1.0000000 0.2836 0.9221102 3.2317 1.0000000 1.0000 []
 | 8.0129 14.4135 1.6063 0.0320396 CC(NC(=O)c1cc(Cl)cc2ccn(C(=O)N(C)C)c12)c1ccc(-c2cn[nH]c2)cc1 1 c12ccn([*])c1c(C(=O)NC(c1ccc([*])cc1)C)cc(Cl)c2 *C(=O)N(C)C|c1[nH]ncc1* O=C(NCc1ccc(-c2cn[nH]c2)cc1)c1cccc2cc[nH]c12 0.4867828 0.4868 -7.9009500 -7.9009 0.9972747 435.9150 0.0000001 4.7055 1.0000000 83.0200 1.0000000 1.0000 1.0000000 4.0000 0.5000000 2.0000 0.9693466 4.0000 0.9745624 31.0000 0.9375057 379.4320 0.8872571 3.2081 1.0000000 0.4247 0.9822734 3.0641 1.0000000 1.0000 []
 | 17.1178 22.9859 -21.8718 0.0022281 CC(NC(=O)c1cc(Cl)cc2ccn(C(=O)NCCCN(C)C)c12)c1ccc(-c2cnccn2)cc1 1 c12ccn([*])c1c(C(=O)NC(c1ccc([*])cc1)C)cc(Cl)c2 *C(=O)NCCCN(C)C|n1cc(*)ncc1 O=C(NCc1ccc(-c2cnccn2)cc1)c1cccc2cc[nH]c12 0.3376806 0.3377 -4.5789900 -4.5790 0.3863826 505.0220 0.0000001 4.7521 0.9999999 92.1500 1.0000000 1.0000 0.9999999 6.0000 0.5000000 2.0000 0.7597469 8.0000 0.9362164 36.0000 0.4707140 453.0560 0.8874198 3.2067 0.0000000 0.6666 0.9999487 2.4275 1.0000000 1.0000 []
21:23:52 <WARN> reinvent_plugins.normalizers.rdkit_smiles: N(C(c1ccc([*])cc1)C)C(=O)c1c2n([*])ccc2cc(Cl)c1*N1CC[S+](CC)[O-]CC1|CCN(C(=O)*)CC could not be converted
21:23:52 <WARN> reinvent_plugins.normalizers.rdkit_smiles: N(C(c1ccc([*])cc1)C)C(=O)c1c2n([*])ccc2cc(Cl)c1c1ccc(*)[nH]c1|C(C)(*)=O could not be converted
21:27:08 <INFO> SMILES: CCN(CC)C(=O)n1ccc2cc(Cl)cc(C(=O)NC(C)c3ccc(C(C)(C)C)cc3)c21 | Score: 0.5455401539802551 | Type: <class 'float'>
21:27:08 <INFO> SMILES: CC(NC(=O)c1cc(Cl)cc2ccn(C(=O)N(C)CCN(C)C)c12)c1ccc(Cn2ccc(=O)n(C)c2=O)cc1 | Score: 0.22557666897773743 | Type: <class 'float'>
21:27:08 <INFO> SMILES: CCN(CC)C(=O)n1ccc2cc(Cl)cc(C(=O)NC(C)c3ccc(C)cc3)c21 | Score: 0.40725186467170715 | Type: <class 'float'>
21:27:08 <INFO> SMILES: CC(NC(=O)c1cc(Cl)cc2ccn(C(=O)N3CCOCC3)c12)c1ccc(N(C)C)cc1 | Score: 0.028724001720547676 | Type: <class 'float'>
21:27:08 <INFO> SMILES: CC(C)NC(=O)n1ccc2cc(Cl)cc(C(=O)NC(C)c3ccc(-c4ncc[nH]4)cc3)c21 | Score: 0.4582516551017761 | Type: <class 'float'>
21:27:08 <INFO> SMILES: CC(=O)n1ccc2cc(Cl)cc(C(=O)NC(C)c3ccc(-c4ccco4)cc3)c21 | Score: 0.5538148283958435 | Type: <class 'float'>
21:27:08 <INFO> SMILES: CCNC(=O)n1ccc2cc(Cl)cc(C(=O)NC(C)c3ccc(C(C)(C)C)cc3)c21 | Score: 0.7136514782905579 | Type: <class 'float'>
21:27:08 <INFO> SMILES: CCNC(=O)n1ccc2cc(Cl)cc(C(=O)NC(C)c3ccc(C(C)C)cc3)c21 | Score: 0.5731161236763 | Type: <class 'float'>
21:27:08 <INFO> SMILES: CC(=O)n1ccc2cc(Cl)cc(C(=O)NC(C)c3ccc(C4C=CN=C4)cc3)c21 | Score: 0.016960574313998222 | Type: <class 'float'>
21:27:08 <INFO> SMILES: CC(=O)n1ccc2cc(Cl)cc(C(=O)NC(C)c3ccc(C4C=CCCC4)cc3)c21 | Score: 0.21333888173103333 | Type: <class 'float'>
21:27:08 <INFO> SMILES: CCN(C)C(=O)n1ccc2cc(Cl)cc(C(=O)NC(C)c3ccc(C4CCOCC4)cc3)c21 | Score: 0.46269690990448 | Type: <class 'float'>
21:27:08 <INFO> SMILES: CC(NC(=O)c1cc(Cl)cc2ccn(C(=O)c3cnc4ncccn34)c12)c1ccc(N2CCOCC2)cc1 | Score: 0.3548373878002167 | Type: <class 'float'>
21:27:08 <INFO> SMILES: CCCC(=O)n1ccc2cc(Cl)cc(C(=O)NC(C)c3ccc(C(C)(C)C)cc3)c21 | Score: 0.896495521068573 | Type: <class 'float'>
21:27:08 <INFO> SMILES: CCNC(=O)n1ccc2cc(Cl)cc(C(=O)NC(C)c3ccc(NC(C)(C)C)cc3)c21 | Score: 0.6693178415298462 | Type: <class 'float'>
21:27:08 <INFO> SMILES: CCN(C)c1ccc(C(C)NC(=O)c2cc(Cl)cc3ccn(C(=O)NC(C)(C)C)c23)cc1 | Score: 0.3914726674556732 | Type: <class 'float'>
21:27:08 <INFO> SMILES: CCN(CC)C(=O)n1ccc2cc(Cl)cc(C(=O)NC(C)c3ccc(N(C)C)cc3)c21 | Score: 0.05535747483372688 | Type: <class 'float'>
21:27:08 <INFO> SMILES: CCNC(=O)n1ccc2cc(Cl)cc(C(=O)NC(C)c3ccc(NC)cc3)c21 | Score: 0.24124550819396973 | Type: <class 'float'>
21:27:08 <INFO> SMILES: CC(NC(=O)c1cc(Cl)cc2ccn(C(=O)NC3CCCCC3)c12)c1ccc(C(F)(F)F)cc1 | Score: 0.823754608631134 | Type: <class 'float'>
21:27:08 <INFO> SMILES: CCNC(=O)n1ccc2cc(Cl)cc(C(=O)NC(C)c3ccc(C(F)(F)F)cc3)c21 | Score: 0.7067026495933533 | Type: <class 'float'>
21:27:08 <INFO> SMILES: CCN(CC)C(=O)n1ccc2cc(Cl)cc(C(=O)NC(C)c3ccc(-c4nc5ccccc5[nH]4)cc3)c21 | Score: 0.37416884303092957 | Type: <class 'float'>
21:27:08 <INFO> SMILES: CC(NC(=O)c1cc(Cl)cc2ccn(C(=O)C3CCCN3S(=O)(=O)N(C)C)c12)c1ccc(-c2nnco2)cc1 | Score: 0.3972713351249695 | Type: <class 'float'>
21:27:08 <INFO> SMILES: CCN(CC)C(=O)n1ccc2cc(Cl)cc(C(=O)NC(C)c3ccc(-c4cnn[nH]4)cc3)c21 | Score: 0.42849740386009216 | Type: <class 'float'>
21:27:08 <INFO> SMILES: CC(=O)n1ccc2cc(Cl)cc(C(=O)NC(C)c3ccc(-c4cnn[nH]4)cc3)c21 | Score: 0.5516933798789978 | Type: <class 'float'>
21:27:08 <INFO> SMILES: CC(=O)n1ccc2cc(Cl)cc(C(=O)NC(C)c3ccc(-c4cocn4)cc3)c21 | Score: 0.33165234327316284 | Type: <class 'float'>
21:27:08 <INFO> SMILES: CCNC(=O)n1ccc2cc(Cl)cc(C(=O)NC(C)c3ccc(Cc4ccccc4)cc3)c21 | Score: 0.7013092041015625 | Type: <class 'float'>
21:27:08 <INFO> SMILES: CCN(CC)C(=O)n1ccc2cc(Cl)cc(C(=O)NC(C)c3ccc(-c4ccccc4)cc3)c21 | Score: 0.4289502501487732 | Type: <class 'float'>
21:27:08 <INFO> SMILES: CCN(CC)C(=O)n1ccc2cc(Cl)cc(C(=O)NC(C)c3ccc(-c4ccc5c(c4)CCN(C)C5)cc3)c21 | Score: 0.5469121932983398 | Type: <class 'float'>
21:27:08 <INFO> SMILES: CCNC(=O)n1ccc2cc(Cl)cc(C(=O)NC(C)c3ccc(-c4ccccc4)cc3)c21 | Score: 0.5913200974464417 | Type: <class 'float'>
21:27:08 <INFO> SMILES: CCN(CC)C(=O)n1ccc2cc(Cl)cc(C(=O)NC(C)c3ccc(-c4cccc(SC)c4)cc3)c21 | Score: 0.9529322981834412 | Type: <class 'float'>
21:27:08 <INFO> SMILES: CC(NC(=O)c1cc(Cl)cc2ccn(C(=O)CN3CCCC3)c12)c1ccc(-c2ccccc2)cc1 | Score: 0.7914948463439941 | Type: <class 'float'>
21:27:08 <INFO> SMILES: CC(=O)n1ccc2cc(Cl)cc(C(=O)NC(C)c3ccc(-c4ccccn4)cc3)c21 | Score: 0.3376401364803314 | Type: <class 'float'>
21:27:08 <INFO> SMILES: CCN(CC)C(=O)n1ccc2cc(Cl)cc(C(=O)NC(C)c3ccc(-c4ccncc4)cc3)c21 | Score: 0.2596856951713562 | Type: <class 'float'>
21:27:08 <INFO> SMILES: CC(C)NC(=O)n1ccc2cc(Cl)cc(C(=O)NC(C)c3ccc(Cn4cc(Cl)cn4)cc3)c21 | Score: 0.48525291681289673 | Type: <class 'float'>
21:27:08 <INFO> SMILES: CC(=O)n1ccc2cc(Cl)cc(C(=O)NC(C)c3ccc(Cc4nnn[nH]4)cc3)c21 | Score: 0.18665800988674164 | Type: <class 'float'>
21:27:08 <INFO> SMILES: CCN(C)C(=O)n1ccc2cc(Cl)cc(C(=O)NC(C)c3ccc(-c4c[nH]cn4)cc3)c21 | Score: 0.3618887662887573 | Type: <class 'float'>
21:27:08 <INFO> SMILES: CC(=O)n1ccc2cc(Cl)cc(C(=O)NC(C)c3ccc(-c4cscn4)cc3)c21 | Score: 0.4170723557472229 | Type: <class 'float'>
21:27:08 <INFO> SMILES: CC(=O)n1ccc2cc(Cl)cc(C(=O)NC(C)c3ccc(-c4noc(C(F)(F)F)n4)cc3)c21 | Score: 0.4838179647922516 | Type: <class 'float'>
21:27:08 <INFO> SMILES: CCNC(=O)n1ccc2cc(Cl)cc(C(=O)NC(C)c3ccc(-c4nnc(C)o4)cc3)c21 | Score: 0.861464262008667 | Type: <class 'float'>
21:27:08 <INFO> SMILES: CCNC(=O)n1ccc2cc(Cl)cc(C(=O)NC(C)c3ccc(-c4ncc5onc(C)c5n4)cc3)c21 | Score: 0.4605497419834137 | Type: <class 'float'>
21:27:08 <INFO> SMILES: CC(=O)n1ccc2cc(Cl)cc(C(=O)NC(C)c3ccc(-c4ccon4)cc3)c21 | Score: 0.4953467547893524 | Type: <class 'float'>
21:27:08 <INFO> SMILES: CCN(CC)C(=O)n1ccc2cc(Cl)cc(C(=O)NC(C)c3ccc(C(C)(C)C)cc3)c21 | LogD Prediction: 4.305897235870361
21:27:08 <INFO> SMILES: CC(NC(=O)c1cc(Cl)cc2ccn(C(=O)N(C)CCN(C)C)c12)c1ccc(Cn2ccc(=O)n(C)c2=O)cc1 | LogD Prediction: 1.9025064706802368
21:27:08 <INFO> SMILES: CCN(CC)C(=O)n1ccc2cc(Cl)cc(C(=O)NC(C)c3ccc(C)cc3)c21 | LogD Prediction: 3.843576192855835
21:27:08 <INFO> SMILES: CC(NC(=O)c1cc(Cl)cc2ccn(C(=O)N3CCOCC3)c12)c1ccc(N(C)C)cc1 | LogD Prediction: 2.8786704540252686
21:27:08 <INFO> SMILES: CC(C)NC(=O)n1ccc2cc(Cl)cc(C(=O)NC(C)c3ccc(-c4ncc[nH]4)cc3)c21 | LogD Prediction: 3.48888897895813
21:27:08 <INFO> SMILES: CC(=O)n1ccc2cc(Cl)cc(C(=O)NC(C)c3ccc(-c4ccco4)cc3)c21 | LogD Prediction: 4.023216247558594
21:27:08 <INFO> SMILES: CCNC(=O)n1ccc2cc(Cl)cc(C(=O)NC(C)c3ccc(C(C)(C)C)cc3)c21 | LogD Prediction: 4.090298652648926
21:27:08 <INFO> SMILES: CCNC(=O)n1ccc2cc(Cl)cc(C(=O)NC(C)c3ccc(C(C)C)cc3)c21 | LogD Prediction: 3.944045305252075
21:27:08 <INFO> SMILES: CC(=O)n1ccc2cc(Cl)cc(C(=O)NC(C)c3ccc(C4C=CN=C4)cc3)c21 | LogD Prediction: 3.8074252605438232
21:27:08 <INFO> SMILES: CC(=O)n1ccc2cc(Cl)cc(C(=O)NC(C)c3ccc(C4C=CCCC4)cc3)c21 | LogD Prediction: 4.333381652832031
21:27:09 <INFO> SMILES: CCN(C)C(=O)n1ccc2cc(Cl)cc(C(=O)NC(C)c3ccc(C4CCOCC4)cc3)c21 | LogD Prediction: 3.7050082683563232
21:27:09 <INFO> SMILES: CC(NC(=O)c1cc(Cl)cc2ccn(C(=O)c3cnc4ncccn34)c12)c1ccc(N2CCOCC2)cc1 | LogD Prediction: 3.153481960296631
21:27:09 <INFO> SMILES: CCCC(=O)n1ccc2cc(Cl)cc(C(=O)NC(C)c3ccc(C(C)(C)C)cc3)c21 | LogD Prediction: 4.490609169006348
21:27:09 <INFO> SMILES: CCNC(=O)n1ccc2cc(Cl)cc(C(=O)NC(C)c3ccc(NC(C)(C)C)cc3)c21 | LogD Prediction: 3.840059757232666
21:27:09 <INFO> SMILES: CCN(C)c1ccc(C(C)NC(=O)c2cc(Cl)cc3ccn(C(=O)NC(C)(C)C)c23)cc1 | LogD Prediction: 3.89205002784729
21:27:09 <INFO> SMILES: CCN(CC)C(=O)n1ccc2cc(Cl)cc(C(=O)NC(C)c3ccc(N(C)C)cc3)c21 | LogD Prediction: 3.6224541664123535
21:27:09 <INFO> SMILES: CCNC(=O)n1ccc2cc(Cl)cc(C(=O)NC(C)c3ccc(NC)cc3)c21 | LogD Prediction: 3.290867805480957
21:27:09 <INFO> SMILES: CC(NC(=O)c1cc(Cl)cc2ccn(C(=O)NC3CCCCC3)c12)c1ccc(C(F)(F)F)cc1 | LogD Prediction: 4.859165191650391
21:27:09 <INFO> SMILES: CCNC(=O)n1ccc2cc(Cl)cc(C(=O)NC(C)c3ccc(C(F)(F)F)cc3)c21 | LogD Prediction: 4.239191055297852
21:27:09 <INFO> SMILES: CCN(CC)C(=O)n1ccc2cc(Cl)cc(C(=O)NC(C)c3ccc(-c4nc5ccccc5[nH]4)cc3)c21 | LogD Prediction: 4.049757480621338
21:27:09 <INFO> SMILES: CC(NC(=O)c1cc(Cl)cc2ccn(C(=O)C3CCCN3S(=O)(=O)N(C)C)c12)c1ccc(-c2nnco2)cc1 | LogD Prediction: 2.9922266006469727
21:27:09 <INFO> SMILES: CCN(CC)C(=O)n1ccc2cc(Cl)cc(C(=O)NC(C)c3ccc(-c4cnn[nH]4)cc3)c21 | LogD Prediction: 3.4777991771698
21:27:09 <INFO> SMILES: CC(=O)n1ccc2cc(Cl)cc(C(=O)NC(C)c3ccc(-c4cnn[nH]4)cc3)c21 | LogD Prediction: 3.1985762119293213
21:27:09 <INFO> SMILES: CC(=O)n1ccc2cc(Cl)cc(C(=O)NC(C)c3ccc(-c4cocn4)cc3)c21 | LogD Prediction: 3.6183454990386963
21:27:09 <INFO> SMILES: CCNC(=O)n1ccc2cc(Cl)cc(C(=O)NC(C)c3ccc(Cc4ccccc4)cc3)c21 | LogD Prediction: 4.2562408447265625
21:27:09 <INFO> SMILES: CCN(CC)C(=O)n1ccc2cc(Cl)cc(C(=O)NC(C)c3ccc(-c4ccccc4)cc3)c21 | LogD Prediction: 4.305261135101318
21:27:09 <INFO> SMILES: CCN(CC)C(=O)n1ccc2cc(Cl)cc(C(=O)NC(C)c3ccc(-c4ccc5c(c4)CCN(C)C5)cc3)c21 | LogD Prediction: 3.333380937576294
21:27:09 <INFO> SMILES: CCNC(=O)n1ccc2cc(Cl)cc(C(=O)NC(C)c3ccc(-c4ccccc4)cc3)c21 | LogD Prediction: 4.1066131591796875
21:27:09 <INFO> SMILES: CCN(CC)C(=O)n1ccc2cc(Cl)cc(C(=O)NC(C)c3ccc(-c4cccc(SC)c4)cc3)c21 | LogD Prediction: 4.545905113220215
21:27:09 <INFO> SMILES: CC(NC(=O)c1cc(Cl)cc2ccn(C(=O)CN3CCCC3)c12)c1ccc(-c2ccccc2)cc1 | LogD Prediction: 2.9715912342071533
21:27:09 <INFO> SMILES: CC(=O)n1ccc2cc(Cl)cc(C(=O)NC(C)c3ccc(-c4ccccn4)cc3)c21 | LogD Prediction: 3.6596829891204834
21:27:09 <INFO> SMILES: CCN(CC)C(=O)n1ccc2cc(Cl)cc(C(=O)NC(C)c3ccc(-c4ccncc4)cc3)c21 | LogD Prediction: 3.5178802013397217
21:27:09 <INFO> SMILES: CC(C)NC(=O)n1ccc2cc(Cl)cc(C(=O)NC(C)c3ccc(Cn4cc(Cl)cn4)cc3)c21 | LogD Prediction: 3.7002310752868652
21:27:09 <INFO> SMILES: CC(=O)n1ccc2cc(Cl)cc(C(=O)NC(C)c3ccc(Cc4nnn[nH]4)cc3)c21 | LogD Prediction: 2.9478442668914795
21:27:09 <INFO> SMILES: CCN(C)C(=O)n1ccc2cc(Cl)cc(C(=O)NC(C)c3ccc(-c4c[nH]cn4)cc3)c21 | LogD Prediction: 3.421025037765503
21:27:09 <INFO> SMILES: CC(=O)n1ccc2cc(Cl)cc(C(=O)NC(C)c3ccc(-c4cscn4)cc3)c21 | LogD Prediction: 4.125576019287109
21:27:09 <INFO> SMILES: CC(=O)n1ccc2cc(Cl)cc(C(=O)NC(C)c3ccc(-c4noc(C(F)(F)F)n4)cc3)c21 | LogD Prediction: 4.235888481140137
21:27:09 <INFO> SMILES: CCNC(=O)n1ccc2cc(Cl)cc(C(=O)NC(C)c3ccc(-c4nnc(C)o4)cc3)c21 | LogD Prediction: 3.4870283603668213
21:27:09 <INFO> SMILES: CCNC(=O)n1ccc2cc(Cl)cc(C(=O)NC(C)c3ccc(-c4ncc5onc(C)c5n4)cc3)c21 | LogD Prediction: 3.616891622543335
21:27:09 <INFO> SMILES: CC(=O)n1ccc2cc(Cl)cc(C(=O)NC(C)c3ccc(-c4ccon4)cc3)c21 | LogD Prediction: 3.6630866527557373
21:27:09 <INFO> Score: 0.02 Agent NLL: 11.61 Valid:  98% Step: 17
 | Agent Prior Target Score SMILES SMILES_state Input_Scaffold R-groups Scaffold QED QED (raw) gnina score gnina score (raw) MW MW (raw) SlogP (RDKit) SlogP (RDKit) (raw) TPSA TPSA (raw) Number of stereo centers Number of stereo centers (raw) Number of HB acceptors (Lipinski) Number of HB acceptors (Lipinski) (raw) Number of HB donors (Lipinski) Number of HB donors (Lipinski) (raw) Number of rotatable bonds Number of rotatable bonds (raw) Number of Heavy atoms Number of Heavy atoms (raw) Molecular Volume (RDKit) Molecular Volume (RDKit) (raw) SA score SA score (raw) herg inactive herg inactive (raw) LogD LogD (raw) Alerts Alerts (raw) matching_patterns (Alerts)
 | 6.4663 6.2025 -5.8778 0.0006493 CC(=O)n1ccc2cc(Cl)cc(C(=O)NC(C)c3ccc(C(C)(C)C)cc3)c21 1 N(C(c1ccc([*])cc1)C)C(=O)c1c2n([*])ccc2cc(Cl)c1 *C(C)(C)C|*C(=O)C O=C(NCc1ccccc1)c1cccc2cc[nH]c12 0.6129085 0.6129 -7.0069500 -7.0069 0.9999247 396.9180 0.0000000 5.7433 1.0000000 51.1000 1.0000000 1.0000 1.0000000 3.0000 0.9467598 1.0000 0.9825279 3.0000 0.9855343 28.0000 0.9647456 363.7680 0.9191686 2.8884 0.0000000 0.6820 0.0020767 4.1704 1.0000000 1.0000 []
 | 9.8003 10.3264 7.2924 0.0352377 CCN(CC)C(=O)n1ccc2cc(Cl)cc(C(=O)NC(C)c3ccc(C(C)(C)C)cc3)c21 1 N(C(c1ccc([*])cc1)C)C(=O)c1c2n([*])ccc2cc(Cl)c1 *C(C)(C)C|*C(N(CC)CC)=O O=C(NCc1ccccc1)c1cccc2cc[nH]c12 0.4859612 0.4860 1.2183300 1.2183 0.9857334 454.0140 0.0000000 6.3931 1.0000000 54.3400 1.0000000 1.0000 1.0000000 3.0000 0.9467598 1.0000 0.9467598 5.0000 0.9693466 32.0000 0.7178717 425.6640 0.9012285 3.0796 0.0000279 0.5455 0.0005972 4.3059 1.0000000 1.0000 []
 | 6.9309 13.1680 -13.1680 0.0000000 CCN(CC)C(=O)n1ccc2cc(Cl)cc(C(=O)NC(C)c3ccc(C(C)(C)C)cc3)c21 2 N(C(c1ccc([*])cc1)C)C(=O)c1c2n([*])ccc2cc(Cl)c1 *C(C)(C)C|CCN(C(=O)*)CC O=C(NCc1ccccc1)c1cccc2cc[nH]c12 0.0000000 0.4860 0.0000000 1.2183 0.0000000 454.0140 0.0000000 6.3931 0.0000000 54.3400 0.0000000 1.0000 0.0000000 3.0000 0.0000000 1.0000 0.0000000 5.0000 0.0000000 32.0000 0.0000000 425.6640 0.0000000 3.0796 0.0000000 0.5455 0.0000000 4.3059 0.0000000 1.0000 []
 | 7.6646 6.7270 -6.7270 0.0000000 CC(=O)n1ccc2cc(Cl)cc(C(=O)NC(C)c3ccc(C(C)(C)C)cc3)c21 2 N(C(c1ccc([*])cc1)C)C(=O)c1c2n([*])ccc2cc(Cl)c1 *C(C)(C)C|O=C(C)* O=C(NCc1ccccc1)c1cccc2cc[nH]c12 0.0000000 0.6129 -0.0000000 -7.0069 0.0000000 396.9180 0.0000000 5.7433 0.0000000 51.1000 0.0000000 1.0000 0.0000000 3.0000 0.0000000 1.0000 0.0000000 3.0000 0.0000000 28.0000 0.0000000 363.7680 0.0000000 2.8884 0.0000000 0.6820 0.0000000 4.1704 0.0000000 1.0000 []
 | 8.6207 10.6701 -10.6701 0.0000000 CCN(CC)C(=O)n1ccc2cc(Cl)cc(C(=O)NC(C)c3ccc(C(C)(C)C)cc3)c21 2 N(C(c1ccc([*])cc1)C)C(=O)c1c2n([*])ccc2cc(Cl)c1 *C(C)(C)C|O=C(N(CC)CC)* O=C(NCc1ccccc1)c1cccc2cc[nH]c12 0.0000000 0.4860 0.0000000 1.2183 0.0000000 454.0140 0.0000000 6.3931 0.0000000 54.3400 0.0000000 1.0000 0.0000000 3.0000 0.0000000 1.0000 0.0000000 5.0000 0.0000000 32.0000 0.0000000 425.6640 0.0000000 3.0796 0.0000000 0.5455 0.0000000 4.3059 0.0000000 1.0000 []
 | 8.7105 10.9953 -4.4427 0.0131053 CC(=O)n1ccc2cc(Cl)cc(C(=O)NC(C)c3ccc(C4CC4)cc3)c21 1 N(C(c1ccc([*])cc1)C)C(=O)c1c2n([*])ccc2cc(Cl)c1 *C1CC1|O=C(*)C O=C(NCc1ccc(C2CC2)cc1)c1cccc2cc[nH]c12 0.6651859 0.6652 -8.3293300 -8.3293 0.9999828 380.8750 0.0000000 5.3232 1.0000000 51.1000 1.0000000 1.0000 1.0000000 3.0000 0.9467598 1.0000 0.9693466 4.0000 0.9880297 27.0000 0.9854201 340.2080 0.9200269 2.8783 0.9988612 0.4706 0.0241124 3.9018 1.0000000 1.0000 []
 | 9.6718 8.8927 -2.8306 0.0121242 CCc1ccc(C(C)NC(=O)c2cc(Cl)cc3ccn(C(C)=O)c23)cc1 1 N(C(c1ccc([*])cc1)C)C(=O)c1c2n([*])ccc2cc(Cl)c1 *CC|*C(C)=O O=C(NCc1ccccc1)c1cccc2cc[nH]c12 0.7034061 0.7034 -7.1091700 -7.1092 0.9999943 368.8640 0.0000000 5.0082 1.0000000 51.1000 1.0000000 1.0000 1.0000000 3.0000 0.9467598 1.0000 0.9693466 4.0000 0.9900990 26.0000 0.9892362 332.2000 0.9264383 2.7997 0.2430652 0.5049 0.0347006 3.8611 1.0000000 1.0000 []
 | 25.2904 29.4151 -26.1457 0.0065387 CC(NC(=O)c1cc(Cl)cc2ccn(C(=O)N(C)CCN(C)C)c12)c1ccc(Cn2ccc(=O)n(C)c2=O)cc1 1 N(C(c1ccc([*])cc1)C)C(=O)c1c2n([*])ccc2cc(Cl)c1 *Cn1c(=O)n(C)c(=O)cc1|C(*)(=O)N(CCN(C)C)C O=C(NCc1ccc(Cn2ccc(=O)[nH]c2=O)cc1)c1cccc2cc[nH]c12 0.3541879 0.3542 -7.4347000 -7.4347 0.0024886 565.0740 0.0012873 3.1559 0.9999968 101.5800 1.0000000 1.0000 0.9968477 8.0000 0.9467598 1.0000 0.7597469 8.0000 0.8720069 40.0000 0.1182846 502.3440 0.8556103 3.4545 1.0000000 0.2256 0.9999996 1.9025 1.0000000 1.0000 []
 | 6.8836 5.7916 -3.1080 0.0053671 CC(=O)n1ccc2cc(Cl)cc(C(=O)NC(C)c3ccc(C)cc3)c21 1 N(C(c1ccc([*])cc1)C)C(=O)c1c2n([*])ccc2cc(Cl)c1 *C|C(*)(=O)C O=C(NCc1ccccc1)c1cccc2cc[nH]c12 0.7371775 0.7372 -7.9560800 -7.9561 0.9999985 354.8370 0.0000001 4.7542 1.0000000 51.1000 1.0000000 1.0000 1.0000000 3.0000 0.9467598 1.0000 0.9825279 3.0000 0.9918135 25.0000 0.9943858 315.1040 0.9289556 2.7671 0.0000238 0.5462 0.1412583 3.6960 1.0000000 1.0000 []
 | 5.7025 11.4199 -4.0485 0.0147429 CCN(CC)C(=O)n1ccc2cc(Cl)cc(C(=O)NC(C)c3ccc(C)cc3)c21 1 N(C(c1ccc([*])cc1)C)C(=O)c1c2n([*])ccc2cc(Cl)c1 *C|CCN(C(*)=O)CC O=C(NCc1ccccc1)c1cccc2cc[nH]c12 0.6102986 0.6103 -6.2419000 -6.2419 0.9997000 411.9330 0.0000000 5.4040 1.0000000 54.3400 1.0000000 1.0000 1.0000000 3.0000 0.9467598 1.0000 0.9467598 5.0000 0.9825279 29.0000 0.9424400 377.1520 0.9123108 2.9656 1.0000000 0.4073 0.0405255 3.8436 1.0000000 1.0000 []
21:27:09 <WARN> reinvent_plugins.normalizers.rdkit_smiles: c1([*])ccc(C(C)NC(=O)c2cc(Cl)cc3c2n([*])cc3)cc1[nH]1cnccc1*|*C(=O)N(CC)C could not be converted
21:27:09 <WARN> reinvent_plugins.normalizers.rdkit_smiles: c1([*])ccc(C(C)NC(=O)c2cc(Cl)cc3c2n([*])cc3)cc1c1cn[nH]c(*)c1=O|*C(N(C)C)=O could not be converted
21:31:55 <WARN> Scoring function did not return result for SMILES: CCN(CC)C(=O)n1ccc2cc(Cl)cc(C(=O)NC(C)c3ccc(-c4cnco4)cc3)c21
21:31:55 <WARN> [compute_transform] Missing SMILES in component results: CCN(CC)C(=O)n1ccc2cc(Cl)cc(C(=O)NC(C)c3ccc(-c4cnco4)cc3)c21
21:31:59 <INFO> SMILES: CCNC(=O)n1ccc2cc(Cl)cc(C(=O)NC(C)c3ccc(C4CCNCC4)cc3)c21 | Score: 0.5591974854469299 | Type: <class 'float'>
21:31:59 <INFO> SMILES: CC(NC(=O)c1cc(Cl)cc2ccn(C(=O)C=CCN(C)C)c12)c1ccc(C2CCOCC2)cc1 | Score: 0.6057680249214172 | Type: <class 'float'>
21:31:59 <INFO> SMILES: Cc1ccc(C(C)NC(=O)c2cc(Cl)cc3ccn(C(=O)N4CCCOCC4)c23)cc1 | Score: 0.2833506762981415 | Type: <class 'float'>
21:31:59 <INFO> SMILES: CNC(=O)n1ccc2cc(Cl)cc(C(=O)NC(C)c3ccc(-c4ccn[nH]4)cc3)c21 | Score: 0.31811976432800293 | Type: <class 'float'>
21:31:59 <INFO> SMILES: CCNC(=O)n1ccc2cc(Cl)cc(C(=O)NC(C)c3ccc(-c4cc(C)n[nH]4)cc3)c21 | Score: 0.44472163915634155 | Type: <class 'float'>
21:31:59 <INFO> SMILES: CNC(=O)n1ccc2cc(Cl)cc(C(=O)NC(C)c3ccc(-c4ncnn4C)cc3)c21 | Score: 0.2012363076210022 | Type: <class 'float'>
21:31:59 <INFO> SMILES: CC(=O)n1ccc2cc(Cl)cc(C(=O)NC(C)c3ccc(-c4n[nH]c(=O)o4)cc3)c21 | Score: 0.14854784309864044 | Type: <class 'float'>
21:31:59 <INFO> SMILES: CCNC(=O)n1ccc2cc(Cl)cc(C(=O)NC(C)c3ccc(-c4n[nH]ccc4=O)cc3)c21 | Score: 0.16762462258338928 | Type: <class 'float'>
21:31:59 <INFO> SMILES: CNC(=O)n1ccc2cc(Cl)cc(C(=O)NC(C)c3ccc(-c4nn(C)c(=O)o4)cc3)c21 | Score: 0.08310691267251968 | Type: <class 'float'>
21:31:59 <INFO> SMILES: CCNC(=O)n1ccc2cc(Cl)cc(C(=O)NC(C)c3ccc(-c4c[nH]nn4)cc3)c21 | Score: 0.5959466099739075 | Type: <class 'float'>
21:31:59 <INFO> SMILES: CC(=O)NC(=O)n1ccc2cc(Cl)cc(C(=O)NC(C)c3ccc(N4CC5CCCCN5C(=O)C4Cn4cccn4)cc3)c21 | Score: 0.15013155341148376 | Type: <class 'float'>
21:31:59 <INFO> SMILES: CNC(=O)n1ccc2cc(Cl)cc(C(=O)NC(C)c3ccc(N4CCSCC4)cc3)c21 | Score: 0.5042467713356018 | Type: <class 'float'>
21:31:59 <INFO> SMILES: CCc1ccc(C(C)NC(=O)c2cc(Cl)cc3ccn(C(=O)c4ccncc4)c23)cc1 | Score: 0.589451253414154 | Type: <class 'float'>
21:31:59 <INFO> SMILES: CC(NC(=O)c1cc(Cl)cc2ccn(C(=O)N(C)C)c12)c1ccc(-c2cccc(Cl)c2)cc1 | Score: 0.6482140421867371 | Type: <class 'float'>
21:31:59 <INFO> SMILES: CC(=O)n1ccc2cc(Cl)cc(C(=O)NC(C)c3ccc(-c4nccnc4Nc4ccncn4)cc3)c21 | Score: 0.30806320905685425 | Type: <class 'float'>
21:31:59 <INFO> SMILES: CCNC(=O)n1ccc2cc(Cl)cc(C(=O)NC(C)c3ccc(N4CCS(=O)(=O)CC4)cc3)c21 | Score: 0.0012020436115562916 | Type: <class 'float'>
21:31:59 <INFO> SMILES: CCNC(=O)n1ccc2cc(Cl)cc(C(=O)NC(C)c3ccc(-c4ncc5c(n4)NCCCO5)cc3)c21 | Score: 0.4455766975879669 | Type: <class 'float'>
21:31:59 <INFO> SMILES: CNC(=O)n1ccc2cc(Cl)cc(C(=O)NC(C)c3ccc(CC(C)=O)cc3)c21 | Score: 0.8895943760871887 | Type: <class 'float'>
21:31:59 <INFO> SMILES: CNC(=O)n1ccc2cc(Cl)cc(C(=O)NC(C)c3ccc(-c4ccnc(=O)[nH]4)cc3)c21 | Score: 0.10149498283863068 | Type: <class 'float'>
21:31:59 <INFO> SMILES: CCNC(=O)n1ccc2cc(Cl)cc(C(=O)NC(C)c3ccc(-c4cn(C)c(=O)[nH]c4=O)cc3)c21 | Score: 0.08972442150115967 | Type: <class 'float'>
21:31:59 <INFO> SMILES: CC(NC(=O)c1cc(Cl)cc2ccn(C(=O)NC3CC3)c12)c1ccc(-c2cc[nH]n2)cc1 | Score: 0.5551636219024658 | Type: <class 'float'>
21:31:59 <INFO> SMILES: CC(NC(=O)c1cc(Cl)cc2ccn(C(=O)N3CCCC3)c12)c1ccc(-c2cn[nH]c2)cc1 | Score: 0.4352520704269409 | Type: <class 'float'>
21:31:59 <INFO> SMILES: CC(NC(=O)c1cc(Cl)cc2ccn(C(=O)N(C)CCN(C)C)c12)c1ccc(-c2cc[nH]n2)cc1 | Score: 0.6149622797966003 | Type: <class 'float'>
21:31:59 <INFO> SMILES: CCN(CC)C(=O)n1ccc2cc(Cl)cc(C(=O)NC(C)c3ccc(-c4ccc[nH]c4=O)cc3)c21 | Score: 0.13060633838176727 | Type: <class 'float'>
21:31:59 <INFO> SMILES: Cc1nc(-c2ccc(C(C)NC(=O)c3cc(Cl)cc4ccn(C(=O)N5CCCC5)c34)cc2)cs1 | Score: 0.07792544364929199 | Type: <class 'float'>
21:31:59 <INFO> SMILES: CC(NC(=O)c1cc(Cl)cc2ccn(C(=O)N3CCN(C)CC3)c12)c1ccc(-c2ccnn2C)cc1 | Score: 0.22916458547115326 | Type: <class 'float'>
21:31:59 <INFO> SMILES: Cc1cc(-c2ccc(C(C)NC(=O)c3cc(Cl)cc4ccn(C(=O)N5CCOCC5)c34)cc2)nn1C | Score: 0.08412395417690277 | Type: <class 'float'>
21:31:59 <INFO> SMILES: CC(=O)n1ccc2cc(Cl)cc(C(=O)NC(C)c3ccc(-c4nnc(C)o4)cc3)c21 | Score: 0.8517482876777649 | Type: <class 'float'>
21:31:59 <INFO> SMILES: CNC(=O)n1ccc2cc(Cl)cc(C(=O)NC(C)c3ccc(-c4nnc(C)o4)cc3)c21 | Score: 0.8106224536895752 | Type: <class 'float'>
21:31:59 <INFO> SMILES: CCN(C)C(=O)n1ccc2cc(Cl)cc(C(=O)NC(C)c3ccc(-c4nnco4)cc3)c21 | Score: 0.19268876314163208 | Type: <class 'float'>
21:31:59 <INFO> SMILES: Cc1ncnn1Cc1ccc(C(C)NC(=O)c2cc(Cl)cc3ccn(C(=O)N(C)CCCN(C)C)c23)cc1 | Score: 0.6904657483100891 | Type: <class 'float'>
21:31:59 <INFO> SMILES: CC(NC(=O)c1cc(Cl)cc2ccn(C(=O)NC3CC3)c12)c1ccc(-c2ccn[nH]2)cc1 | Score: 0.5551636219024658 | Type: <class 'float'>
21:31:59 <INFO> SMILES: CNC(=O)n1ccc2cc(Cl)cc(C(=O)NC(C)c3ccc(-c4cnc(=O)[nH]n4)cc3)c21 | Score: 0.21621523797512054 | Type: <class 'float'>
21:31:59 <INFO> SMILES: CNC(=O)n1ccc2cc(Cl)cc(C(=O)NC(C)c3ccc(-c4cocn4)cc3)c21 | Score: 0.2843035161495209 | Type: <class 'float'>
21:31:59 <INFO> SMILES: CC(NC(=O)c1cc(Cl)cc2ccn(C(=O)N(C)C)c12)c1ccc(Cc2cn[nH]c2)cc1 | Score: 0.2709487974643707 | Type: <class 'float'>
21:31:59 <INFO> SMILES: CC(NC(=O)c1cc(Cl)cc2ccn(C(=O)N3CCOCC3)c12)c1ccc(-c2cc[nH]n2)cc1 | Score: 0.16254538297653198 | Type: <class 'float'>
21:31:59 <INFO> SMILES: CCCN1CCN(C(=O)n2ccc3cc(Cl)cc(C(=O)NC(C)c4ccc(-c5cc[nH]n5)cc4)c32)CC1 | Score: 0.507202684879303 | Type: <class 'float'>
21:31:59 <INFO> SMILES: CCN(CC)C(=O)n1ccc2cc(Cl)cc(C(=O)NC(C)c3ccc(-c4cccnc4)cc3)c21 | Score: 0.30009129643440247 | Type: <class 'float'>
21:31:59 <INFO> SMILES: CCNC(=O)n1ccc2cc(Cl)cc(C(=O)NC(C)c3ccc(-c4ccn[nH]c4=O)cc3)c21 | Score: 0.17537811398506165 | Type: <class 'float'>
21:31:59 <INFO> SMILES: CNC(=O)n1ccc2cc(Cl)cc(C(=O)NC(C)c3ccc(Cc4ccncn4)cc3)c21 | Score: 0.2722766697406769 | Type: <class 'float'>
21:31:59 <INFO> SMILES: CC(=O)N1CCN(C(=O)n2ccc3cc(Cl)cc(C(=O)NC(C)c4ccc(-c5cccnc5)cc4)c32)CC1 | Score: 0.23532722890377045 | Type: <class 'float'>
21:31:59 <INFO> SMILES: CCN(C)C(=O)n1ccc2cc(Cl)cc(C(=O)NC(C)c3ccc(-c4cnccn4)cc3)c21 | Score: 0.3024924397468567 | Type: <class 'float'>
21:31:59 <INFO> SMILES: CC(NC(=O)c1cc(Cl)cc2ccn(C(=O)N(C)C)c12)c1ccc(-c2ncncn2)cc1 | Score: 0.32248973846435547 | Type: <class 'float'>
21:31:59 <INFO> SMILES: CNC(=O)n1ccc2cc(Cl)cc(C(=O)NC(C)c3ccc(-c4nc(C)cs4)cc3)c21 | Score: 0.38967078924179077 | Type: <class 'float'>
21:31:59 <INFO> SMILES: CC(NC(=O)c1cc(Cl)cc2ccn(C(=O)N(C)C)c12)c1ccc(-c2cnn[nH]2)cc1 | Score: 0.5332546234130859 | Type: <class 'float'>
21:31:59 <INFO> SMILES: CC(NC(=O)c1cc(Cl)cc2ccn(C(=O)NCCC3=CCNCC3)c12)c1ccc(-c2c[nH]nn2)cc1 | Score: 0.43377673625946045 | Type: <class 'float'>
21:31:59 <INFO> SMILES: CNC(=O)n1ccc2cc(Cl)cc(C(=O)NC(C)c3ccc(-c4nccn4C)cc3)c21 | Score: 0.2374875396490097 | Type: <class 'float'>
21:31:59 <INFO> SMILES: CCNC(=O)n1ccc2cc(Cl)cc(C(=O)NC(C)c3ccc(-c4ncccn4)cc3)c21 | Score: 0.2738770842552185 | Type: <class 'float'>
21:31:59 <INFO> SMILES: CCNC(=O)n1ccc2cc(Cl)cc(C(=O)NC(C)c3ccc(-c4cnccn4)cc3)c21 | Score: 0.36901265382766724 | Type: <class 'float'>
21:31:59 <INFO> SMILES: CCNC(=O)n1ccc2cc(Cl)cc(C(=O)NC(C)c3ccc(-c4cncnc4)cc3)c21 | Score: 0.4377688765525818 | Type: <class 'float'>
21:31:59 <INFO> SMILES: CNC(=O)n1ccc2cc(Cl)cc(C(=O)NC(C)c3ccc(Cn4cncn4)cc3)c21 | Score: 0.31011250615119934 | Type: <class 'float'>
21:31:59 <INFO> SMILES: CCNC(=O)n1ccc2cc(Cl)cc(C(=O)NC(C)c3ccc(-c4ccco4)cc3)c21 | Score: 0.5978781580924988 | Type: <class 'float'>
21:31:59 <INFO> SMILES: CC(=O)n1ccc2cc(Cl)cc(C(=O)NC(C)c3ccc(-c4ncco4)cc3)c21 | Score: 0.3797890543937683 | Type: <class 'float'>
21:31:59 <INFO> SMILES: CCN(CC)C(=O)n1ccc2cc(Cl)cc(C(=O)NC(C)c3ccc(-c4cnco4)cc3)c21 | Score: 0.27429407835006714 | Type: <class 'float'>
21:31:59 <INFO> SMILES: CCNC(=O)n1ccc2cc(Cl)cc(C(=O)NC(C)c3ccc(C4CCNCC4)cc3)c21 | LogD Prediction: 2.1943094730377197
21:31:59 <INFO> SMILES: CC(NC(=O)c1cc(Cl)cc2ccn(C(=O)C=CCN(C)C)c12)c1ccc(C2CCOCC2)cc1 | LogD Prediction: 2.854192018508911
21:31:59 <INFO> SMILES: Cc1ccc(C(C)NC(=O)c2cc(Cl)cc3ccn(C(=O)N4CCCOCC4)c23)cc1 | LogD Prediction: 3.3099539279937744
21:31:59 <INFO> SMILES: CNC(=O)n1ccc2cc(Cl)cc(C(=O)NC(C)c3ccc(-c4ccn[nH]4)cc3)c21 | LogD Prediction: 3.117905855178833
21:31:59 <INFO> SMILES: CCNC(=O)n1ccc2cc(Cl)cc(C(=O)NC(C)c3ccc(-c4cc(C)n[nH]4)cc3)c21 | LogD Prediction: 3.639542579650879
21:31:59 <INFO> SMILES: CNC(=O)n1ccc2cc(Cl)cc(C(=O)NC(C)c3ccc(-c4ncnn4C)cc3)c21 | LogD Prediction: 2.9757754802703857
21:31:59 <INFO> SMILES: CC(=O)n1ccc2cc(Cl)cc(C(=O)NC(C)c3ccc(-c4n[nH]c(=O)o4)cc3)c21 | LogD Prediction: 3.0096702575683594
21:31:59 <INFO> SMILES: CCNC(=O)n1ccc2cc(Cl)cc(C(=O)NC(C)c3ccc(-c4n[nH]ccc4=O)cc3)c21 | LogD Prediction: 2.7272582054138184
21:31:59 <INFO> SMILES: CNC(=O)n1ccc2cc(Cl)cc(C(=O)NC(C)c3ccc(-c4nn(C)c(=O)o4)cc3)c21 | LogD Prediction: 2.711404800415039
21:31:59 <INFO> SMILES: CCNC(=O)n1ccc2cc(Cl)cc(C(=O)NC(C)c3ccc(-c4c[nH]nn4)cc3)c21 | LogD Prediction: 2.996472120285034
21:31:59 <INFO> SMILES: CC(=O)NC(=O)n1ccc2cc(Cl)cc(C(=O)NC(C)c3ccc(N4CC5CCCCN5C(=O)C4Cn4cccn4)cc3)c21 | LogD Prediction: 2.9174981117248535
21:31:59 <INFO> SMILES: CNC(=O)n1ccc2cc(Cl)cc(C(=O)NC(C)c3ccc(N4CCSCC4)cc3)c21 | LogD Prediction: 3.5218780040740967
21:31:59 <INFO> SMILES: CCc1ccc(C(C)NC(=O)c2cc(Cl)cc3ccn(C(=O)c4ccncc4)c23)cc1 | LogD Prediction: 3.4507217407226562
21:31:59 <INFO> SMILES: CC(NC(=O)c1cc(Cl)cc2ccn(C(=O)N(C)C)c12)c1ccc(-c2cccc(Cl)c2)cc1 | LogD Prediction: 4.147609710693359
21:31:59 <INFO> SMILES: CC(=O)n1ccc2cc(Cl)cc(C(=O)NC(C)c3ccc(-c4nccnc4Nc4ccncn4)cc3)c21 | LogD Prediction: 3.115837812423706
21:31:59 <INFO> SMILES: CCNC(=O)n1ccc2cc(Cl)cc(C(=O)NC(C)c3ccc(N4CCS(=O)(=O)CC4)cc3)c21 | LogD Prediction: 2.8834068775177
21:31:59 <INFO> SMILES: CCNC(=O)n1ccc2cc(Cl)cc(C(=O)NC(C)c3ccc(-c4ncc5c(n4)NCCCO5)cc3)c21 | LogD Prediction: 3.0600271224975586
21:31:59 <INFO> SMILES: CNC(=O)n1ccc2cc(Cl)cc(C(=O)NC(C)c3ccc(CC(C)=O)cc3)c21 | LogD Prediction: 3.0863094329833984
21:31:59 <INFO> SMILES: CNC(=O)n1ccc2cc(Cl)cc(C(=O)NC(C)c3ccc(-c4ccnc(=O)[nH]4)cc3)c21 | LogD Prediction: 2.828087091445923
21:31:59 <INFO> SMILES: CCNC(=O)n1ccc2cc(Cl)cc(C(=O)NC(C)c3ccc(-c4cn(C)c(=O)[nH]c4=O)cc3)c21 | LogD Prediction: 2.508270025253296
21:31:59 <INFO> SMILES: CC(NC(=O)c1cc(Cl)cc2ccn(C(=O)NC3CC3)c12)c1ccc(-c2cc[nH]n2)cc1 | LogD Prediction: 3.333094596862793
21:31:59 <INFO> SMILES: CC(NC(=O)c1cc(Cl)cc2ccn(C(=O)N3CCCC3)c12)c1ccc(-c2cn[nH]c2)cc1 | LogD Prediction: 2.8368313312530518
21:31:59 <INFO> SMILES: CC(NC(=O)c1cc(Cl)cc2ccn(C(=O)N(C)CCN(C)C)c12)c1ccc(-c2cc[nH]n2)cc1 | LogD Prediction: 2.6559550762176514
21:31:59 <INFO> SMILES: CCN(CC)C(=O)n1ccc2cc(Cl)cc(C(=O)NC(C)c3ccc(-c4ccc[nH]c4=O)cc3)c21 | LogD Prediction: 3.5961334705352783
21:31:59 <INFO> SMILES: Cc1nc(-c2ccc(C(C)NC(=O)c3cc(Cl)cc4ccn(C(=O)N5CCCC5)c34)cc2)cs1 | LogD Prediction: 3.58437180519104
21:31:59 <INFO> SMILES: CC(NC(=O)c1cc(Cl)cc2ccn(C(=O)N3CCN(C)CC3)c12)c1ccc(-c2ccnn2C)cc1 | LogD Prediction: 2.5690886974334717
21:31:59 <INFO> SMILES: Cc1cc(-c2ccc(C(C)NC(=O)c3cc(Cl)cc4ccn(C(=O)N5CCOCC5)c34)cc2)nn1C | LogD Prediction: 3.1913301944732666
21:31:59 <INFO> SMILES: CC(=O)n1ccc2cc(Cl)cc(C(=O)NC(C)c3ccc(-c4nnc(C)o4)cc3)c21 | LogD Prediction: 3.7138941287994385
21:31:59 <INFO> SMILES: CNC(=O)n1ccc2cc(Cl)cc(C(=O)NC(C)c3ccc(-c4nnc(C)o4)cc3)c21 | LogD Prediction: 3.384136438369751
21:31:59 <INFO> SMILES: CCN(C)C(=O)n1ccc2cc(Cl)cc(C(=O)NC(C)c3ccc(-c4nnco4)cc3)c21 | LogD Prediction: 3.3549859523773193
21:31:59 <INFO> SMILES: Cc1ncnn1Cc1ccc(C(C)NC(=O)c2cc(Cl)cc3ccn(C(=O)N(C)CCCN(C)C)c23)cc1 | LogD Prediction: 2.4620325565338135
21:31:59 <INFO> SMILES: CC(NC(=O)c1cc(Cl)cc2ccn(C(=O)NC3CC3)c12)c1ccc(-c2ccn[nH]2)cc1 | LogD Prediction: 3.370579957962036
21:31:59 <INFO> SMILES: CNC(=O)n1ccc2cc(Cl)cc(C(=O)NC(C)c3ccc(-c4cnc(=O)[nH]n4)cc3)c21 | LogD Prediction: 2.680527448654175
21:31:59 <INFO> SMILES: CNC(=O)n1ccc2cc(Cl)cc(C(=O)NC(C)c3ccc(-c4cocn4)cc3)c21 | LogD Prediction: 3.3802247047424316
21:31:59 <INFO> SMILES: CC(NC(=O)c1cc(Cl)cc2ccn(C(=O)N(C)C)c12)c1ccc(Cc2cn[nH]c2)cc1 | LogD Prediction: 3.2776668071746826
21:31:59 <INFO> SMILES: CC(NC(=O)c1cc(Cl)cc2ccn(C(=O)N3CCOCC3)c12)c1ccc(-c2cc[nH]n2)cc1 | LogD Prediction: 2.8174922466278076
21:31:59 <INFO> SMILES: CCCN1CCN(C(=O)n2ccc3cc(Cl)cc(C(=O)NC(C)c4ccc(-c5cc[nH]n5)cc4)c32)CC1 | LogD Prediction: 2.700723648071289
21:31:59 <INFO> SMILES: CCN(CC)C(=O)n1ccc2cc(Cl)cc(C(=O)NC(C)c3ccc(-c4cccnc4)cc3)c21 | LogD Prediction: 3.6644375324249268
21:31:59 <INFO> SMILES: CCNC(=O)n1ccc2cc(Cl)cc(C(=O)NC(C)c3ccc(-c4ccn[nH]c4=O)cc3)c21 | LogD Prediction: 2.7871875762939453
21:31:59 <INFO> SMILES: CNC(=O)n1ccc2cc(Cl)cc(C(=O)NC(C)c3ccc(Cc4ccncn4)cc3)c21 | LogD Prediction: 3.198359489440918
21:31:59 <INFO> SMILES: CC(=O)N1CCN(C(=O)n2ccc3cc(Cl)cc(C(=O)NC(C)c4ccc(-c5cccnc5)cc4)c32)CC1 | LogD Prediction: 2.7279210090637207
21:31:59 <INFO> SMILES: CCN(C)C(=O)n1ccc2cc(Cl)cc(C(=O)NC(C)c3ccc(-c4cnccn4)cc3)c21 | LogD Prediction: 3.2934417724609375
21:31:59 <INFO> SMILES: CC(NC(=O)c1cc(Cl)cc2ccn(C(=O)N(C)C)c12)c1ccc(-c2ncncn2)cc1 | LogD Prediction: 2.9290096759796143
21:31:59 <INFO> SMILES: CNC(=O)n1ccc2cc(Cl)cc(C(=O)NC(C)c3ccc(-c4nc(C)cs4)cc3)c21 | LogD Prediction: 3.9292972087860107
21:31:59 <INFO> SMILES: CC(NC(=O)c1cc(Cl)cc2ccn(C(=O)N(C)C)c12)c1ccc(-c2cnn[nH]2)cc1 | LogD Prediction: 2.958176374435425
21:31:59 <INFO> SMILES: CC(NC(=O)c1cc(Cl)cc2ccn(C(=O)NCCC3=CCNCC3)c12)c1ccc(-c2c[nH]nn2)cc1 | LogD Prediction: 1.739134430885315
21:31:59 <INFO> SMILES: CNC(=O)n1ccc2cc(Cl)cc(C(=O)NC(C)c3ccc(-c4nccn4C)cc3)c21 | LogD Prediction: 3.2064316272735596
21:31:59 <INFO> SMILES: CCNC(=O)n1ccc2cc(Cl)cc(C(=O)NC(C)c3ccc(-c4ncccn4)cc3)c21 | LogD Prediction: 3.2719311714172363
21:31:59 <INFO> SMILES: CCNC(=O)n1ccc2cc(Cl)cc(C(=O)NC(C)c3ccc(-c4cnccn4)cc3)c21 | LogD Prediction: 3.2195284366607666
21:31:59 <INFO> SMILES: CCNC(=O)n1ccc2cc(Cl)cc(C(=O)NC(C)c3ccc(-c4cncnc4)cc3)c21 | LogD Prediction: 3.1547763347625732
21:31:59 <INFO> SMILES: CNC(=O)n1ccc2cc(Cl)cc(C(=O)NC(C)c3ccc(Cn4cncn4)cc3)c21 | LogD Prediction: 2.7697415351867676
21:31:59 <INFO> SMILES: CCNC(=O)n1ccc2cc(Cl)cc(C(=O)NC(C)c3ccc(-c4ccco4)cc3)c21 | LogD Prediction: 3.9044861793518066
21:31:59 <INFO> SMILES: CC(=O)n1ccc2cc(Cl)cc(C(=O)NC(C)c3ccc(-c4ncco4)cc3)c21 | LogD Prediction: 3.6138205528259277
21:31:59 <INFO> SMILES: CCN(CC)C(=O)n1ccc2cc(Cl)cc(C(=O)NC(C)c3ccc(-c4cnco4)cc3)c21 | LogD Prediction: 3.6707029342651367
21:31:59 <WARN> [csv_summmary] Missing SMILES in component results: CCN(CC)C(=O)n1ccc2cc(Cl)cc(C(=O)NC(C)c3ccc(-c4cnco4)cc3)c21. Filling zero scores.
21:31:59 <INFO> Score: 0.02 Agent NLL: 12.68 Valid:  98% Step: 18
 | Agent Prior Target Score SMILES SMILES_state Input_Scaffold R-groups Scaffold QED QED (raw) gnina score gnina score (raw) MW MW (raw) SlogP (RDKit) SlogP (RDKit) (raw) TPSA TPSA (raw) Number of stereo centers Number of stereo centers (raw) Number of HB acceptors (Lipinski) Number of HB acceptors (Lipinski) (raw) Number of HB donors (Lipinski) Number of HB donors (Lipinski) (raw) Number of rotatable bonds Number of rotatable bonds (raw) Number of Heavy atoms Number of Heavy atoms (raw) Molecular Volume (RDKit) Molecular Volume (RDKit) (raw) SA score SA score (raw) herg inactive herg inactive (raw) LogD LogD (raw) Alerts Alerts (raw) matching_patterns (Alerts)
 | 12.4815 12.2064 -12.2064 0.0000000 C#Cc1ccc(C(C)NC(=O)c2cc(Cl)cc3ccn(C(C)=O)c23)cc1 1 c1([*])ccc(C(C)NC(=O)c2cc(Cl)cc3c2n([*])cc3)cc1 *C#C|C(=O)(C)* O=C(NCc1ccccc1)c1cccc2cc[nH]c12 0.0000000 0.0000 0.0000000 0.0000 0.0000000 0.0000 0.0000000 0.0000 0.0000000 0.0000 0.0000000 0.0000 0.0000000 0.0000 0.0000000 0.0000 0.0000000 0.0000 0.0000000 0.0000 0.0000000 0.0000 0.0000000 0.0000 0.0000000 0.0000 0.0000000 0.0000 0.0000000 0.0000 ['C#C']
 | 21.0483 25.8128 -25.8128 0.0000000 CC(NC(=O)c1cc(Cl)cc2ccn(C(=O)N3CCCCN(C)CC3)c12)c1ccc(C(C)(C)C)cc1 1 c1([*])ccc(C(C)NC(=O)c2cc(Cl)cc3c2n([*])cc3)cc1 *C(C)(C)C|C1CN(C)CCN(C(*)=O)CC1 O=C(NCc1ccccc1)c1cccc2ccn(C(=O)N3CCCCNCC3)c12 0.0000000 0.0000 0.0000000 0.0000 0.0000000 0.0000 0.0000000 0.0000 0.0000000 0.0000 0.0000000 0.0000 0.0000000 0.0000 0.0000000 0.0000 0.0000000 0.0000 0.0000000 0.0000 0.0000000 0.0000 0.0000000 0.0000 0.0000000 0.0000 0.0000000 0.0000 0.0000000 0.0000 ['[*;r8]']
 | 12.5696 15.2824 -12.4576 0.0056496 CCNC(=O)n1ccc2cc(Cl)cc(C(=O)NC(C)c3ccc(C4CCNCC4)cc3)c21 1 c1([*])ccc(C(C)NC(=O)c2cc(Cl)cc3c2n([*])cc3)cc1 *C1CCNCC1|CCNC(=O)* O=C(NCc1ccc(C2CCNCC2)cc1)c1cccc2cc[nH]c12 0.5186092 0.5186 0.0000000 0.0000 0.9870055 452.9860 0.0000001 4.8303 1.0000000 75.1600 1.0000000 1.0000 1.0000000 4.0000 0.0532402 3.0000 0.9467598 5.0000 0.9693466 32.0000 0.8239951 409.7760 0.8928115 3.1588 0.0000012 0.5592 0.9999940 2.1943 1.0000000 1.0000 []
 | 14.2139 17.2831 -15.9547 0.0026567 CC(NC(=O)c1cc(Cl)cc2ccn(C(=O)C=CCN(C)C)c12)c1ccc(C2CCOCC2)cc1 1 c1([*])ccc(C(C)NC(=O)c2cc(Cl)cc3c2n([*])cc3)cc1 *C1CCOCC1|C(N(C)C)C=CC(=O)* O=C(NCc1ccc(C2CCOCC2)cc1)c1cccc2cc[nH]c12 0.4451517 0.4452 0.0000000 0.0000 0.6339955 494.0350 0.0000000 5.4377 1.0000000 63.5700 1.0000000 1.0000 1.0000000 5.0000 0.9467598 1.0000 0.8490205 7.0000 0.9467598 35.0000 0.4738512 452.7280 0.8656701 3.3816 0.0000000 0.6058 0.9973961 2.8542 1.0000000 1.0000 []
 | 12.4670 19.3369 -3.1273 0.0324191 Cc1ccc(C(C)NC(=O)c2cc(Cl)cc3ccn(C(=O)N4CCCOCC4)c23)cc1 1 c1([*])ccc(C(C)NC(=O)c2cc(Cl)cc3c2n([*])cc3)cc1 *C|C1N(C(*)=O)CCOCC1 O=C(NCc1ccccc1)c1cccc2ccn(C(=O)N3CCCOCC3)c12 0.6380527 0.6381 0.0000000 0.0000 0.9960554 439.9430 0.0000001 4.7845 1.0000000 63.5700 1.0000000 1.0000 1.0000000 4.0000 0.9467598 1.0000 0.9825279 3.0000 0.9745624 31.0000 0.9066775 390.7520 0.9054565 3.0375 1.0000000 0.2834 0.8520018 3.3100 1.0000000 1.0000 []
 | 7.1817 8.1054 6.6134 0.0294377 CNC(=O)n1ccc2cc(Cl)cc(C(=O)NC(C)c3ccc(C)cc3)c21 1 c1([*])ccc(C(C)NC(=O)c2cc(Cl)cc3c2n([*])cc3)cc1 *C|CNC(*)=O O=C(NCc1ccccc1)c1cccc2cc[nH]c12 0.7232790 0.7233 0.0000000 0.0000 0.9999938 369.8520 0.0000020 4.2816 1.0000000 63.1300 1.0000000 1.0000 1.0000000 3.0000 0.5000000 2.0000 0.9825279 3.0000 0.9900990 26.0000 0.9909071 327.7600 0.9191461 2.8886 0.9976672 0.4737 0.5342197 3.4851 1.0000000 1.0000 []
 | 7.5525 7.6864 -0.6802 0.0140125 Cc1ccc(C(C)NC(=O)c2cc(Cl)cc3ccn(C(=O)N(C)C)c23)cc1 1 c1([*])ccc(C(C)NC(=O)c2cc(Cl)cc3c2n([*])cc3)cc1 *C|O=C(*)N(C)C O=C(NCc1ccccc1)c1cccc2cc[nH]c12 0.7167794 0.7168 0.0000000 0.0000 0.9999774 383.8790 0.0000002 4.6238 1.0000000 54.3400 1.0000000 1.0000 1.0000000 3.0000 0.9467598 1.0000 0.9825279 3.0000 0.9880297 27.0000 0.9838808 342.8640 0.9179896 2.9021 0.0028587 0.5254 0.5553449 3.4759 1.0000000 1.0000 []
 | 7.5705 6.6291 -3.9455 0.0053671 CC(=O)n1ccc2cc(Cl)cc(C(=O)NC(C)c3ccc(C)cc3)c21 1 c1([*])ccc(C(C)NC(=O)c2cc(Cl)cc3c2n([*])cc3)cc1 *C|O=C(C)* O=C(NCc1ccccc1)c1cccc2cc[nH]c12 0.7371775 0.7372 0.0000000 0.0000 0.9999985 354.8370 0.0000001 4.7542 1.0000000 51.1000 1.0000000 1.0000 1.0000000 3.0000 0.9467598 1.0000 0.9825279 3.0000 0.9918135 25.0000 0.9943858 315.1040 0.9289556 2.7671 0.0000238 0.5462 0.1412583 3.6960 1.0000000 1.0000 []
 | 8.5392 14.4268 1.2691 0.0313918 CCNC(=O)n1ccc2cc(Cl)cc(C(=O)NC(C)c3ccc(N4CCOCC4)cc3)c21 1 c1([*])ccc(C(C)NC(=O)c2cc(Cl)cc3c2n([*])cc3)cc1 *N1CCOCC1|CCNC(*)=O O=C(NCc1ccc(N2CCOCC2)cc1)c1cccc2cc[nH]c12 0.6054635 0.6055 0.0000000 0.0000 0.9844576 454.9580 0.0000032 4.1999 1.0000000 75.6000 1.0000000 1.0000 1.0000000 5.0000 0.5000000 2.0000 0.9467598 5.0000 0.9693466 32.0000 0.8546005 403.8480 0.9055910 3.0362 1.0000000 0.3365 0.7887204 3.3570 1.0000000 1.0000 []
 | 13.2129 15.7227 -1.5306 0.0283841 CC(=O)n1ccc2cc(Cl)cc(C(=O)NC(C)c3ccc(N4CCCOCC4)cc3)c21 1 c1([*])ccc(C(C)NC(=O)c2cc(Cl)cc3c2n([*])cc3)cc1 *N1CCOCCC1|O=C(*)C O=C(NCc1ccc(N2CCCOCC2)cc1)c1cccc2cc[nH]c12 0.6410750 0.6411 0.0000000 0.0000 0.9960554 439.9430 0.0000002 4.6725 1.0000000 63.5700 1.0000000 1.0000 1.0000000 5.0000 0.9467598 1.0000 0.9693466 4.0000 0.9745624 31.0000 0.9061828 390.9040 0.9098746 2.9917 1.0000000 0.3549 0.5056734 3.4975 1.0000000 1.0000 []
21:31:59 <WARN> [tensorboard] Missing SMILES in component results: CCN(CC)C(=O)n1ccc2cc(Cl)cc(C(=O)NC(C)c3ccc(-c4cnco4)cc3)c21. Filling zeros.
21:32:00 <WARN> reinvent_plugins.normalizers.rdkit_smiles: c1c(C(NC(=O)c2c3n([*])ccc3cc(Cl)c2)C)ccc([*])c1C(C)(*)=O|Oc1ccc(*)ccc1 could not be converted
21:32:00 <WARN> reinvent_plugins.normalizers.rdkit_smiles: c1c(C(NC(=O)c2c3n([*])ccc3cc(Cl)c2)C)ccc([*])c1CCNC(*)=O|[nH]1c(*)nccn1 could not be converted
21:37:38 <INFO> SMILES: CCn1cncc1-c1ccc(C(C)NC(=O)c2cc(Cl)cc3ccn(C(=O)c4ccccc4)c23)cc1 | Score: 0.6102171540260315 | Type: <class 'float'>
21:37:38 <INFO> SMILES: CC(NC(=O)c1cc(Cl)cc2ccn(C(=O)c3ccncc3)c12)c1ccc(N2c3ccccc3Cc3cnccc32)cc1 | Score: 0.8730391263961792 | Type: <class 'float'>
21:37:38 <INFO> SMILES: CC(=O)n1ccc2cc(Cl)cc(C(=O)NC(C)c3ccc(-c4[nH]nnc4C#N)cc3)c21 | Score: 0.4562448561191559 | Type: <class 'float'>
21:37:38 <INFO> SMILES: CC(=O)n1ccc2cc(Cl)cc(C(=O)NC(C)c3ccc(Cn4ccnn4)cc3)c21 | Score: 0.34945622086524963 | Type: <class 'float'>
21:37:38 <INFO> SMILES: CCC(=O)n1ccc2cc(Cl)cc(C(=O)NC(C)c3ccc(-c4cnc5c(c4)OCCO5)cc3)c21 | Score: 0.6950677037239075 | Type: <class 'float'>
21:37:38 <INFO> SMILES: CCN(CC)C(=O)n1ccc2cc(Cl)cc(C(=O)NC(C)c3ccc(-c4cnccn4)cc3)c21 | Score: 0.24255385994911194 | Type: <class 'float'>
21:37:38 <INFO> SMILES: CC(NC(=O)c1cc(Cl)cc2ccn(C(=O)NC(C)(C)C)c12)c1ccc(-c2ccncc2)cc1 | Score: 0.5393307209014893 | Type: <class 'float'>
21:37:38 <INFO> SMILES: Cc1cc(C(=O)n2ccc3cc(Cl)cc(C(=O)NC(C)c4ccc(N5CCCOCC5)cc4)c32)no1 | Score: 0.8065683841705322 | Type: <class 'float'>
21:37:38 <INFO> SMILES: CC(NC(=O)c1cc(Cl)cc2ccn(C(=O)N(C)C)c12)c1ccc(-c2n[nH]c(=O)o2)cc1 | Score: 0.15499921143054962 | Type: <class 'float'>
21:37:38 <INFO> SMILES: CC(NC(=O)c1cc(Cl)cc2ccn(C(=O)N(C)C3CCOC3)c12)c1ccc(-c2cnn(C)c2)cc1 | Score: 0.29731419682502747 | Type: <class 'float'>
21:37:38 <INFO> SMILES: CC(NC(=O)c1cc(Cl)cc2ccn(C(=O)NC(C)(C)C)c12)c1ccc(-c2c[nH]cn2)cc1 | Score: 0.5875890254974365 | Type: <class 'float'>
21:37:38 <INFO> SMILES: Cc1ccc(C(C)NC(=O)c2cc(Cl)cc3ccn(C(=O)NC(C)C)c23)cc1 | Score: 0.731869637966156 | Type: <class 'float'>
21:37:38 <INFO> SMILES: CC(=O)n1ccc2cc(Cl)cc(C(=O)NC(C)c3ccc(Cn4ccc5ccccc54)cc3)c21 | Score: 0.6627367734909058 | Type: <class 'float'>
21:37:38 <INFO> SMILES: CC(=O)n1ccc2cc(Cl)cc(C(=O)NC(C)c3ccc(-c4cc5ccccc5o4)cc3)c21 | Score: 0.6345446705818176 | Type: <class 'float'>
21:37:38 <INFO> SMILES: CC(=O)n1ccc2cc(Cl)cc(C(=O)NC(C)c3ccc(-c4ccccc4Br)cc3)c21 | Score: 0.5491893291473389 | Type: <class 'float'>
21:37:38 <INFO> SMILES: CCN(C)C(=O)n1ccc2cc(Cl)cc(C(=O)NC(C)c3ccc(N(C)CC)cc3)c21 | Score: 0.1950264275074005 | Type: <class 'float'>
21:37:38 <INFO> SMILES: CC(NC(=O)c1cc(Cl)cc2ccn(C(=O)N3CCCC3)c12)c1ccc(Cn2c(=O)ccc3ccccc32)cc1 | Score: 0.4734305441379547 | Type: <class 'float'>
21:37:38 <INFO> SMILES: CC(NC(=O)c1cc(Cl)cc2ccn(C(=O)CCC3CCOCC3)c12)c1ccc(-c2cn[nH]c2)cc1 | Score: 0.7163336277008057 | Type: <class 'float'>
21:37:38 <INFO> SMILES: CC(NC(=O)c1cc(Cl)cc2ccn(C(=O)C3CCCCCC3)c12)c1ccc(Cn2cccn2)cc1 | Score: 0.6009839177131653 | Type: <class 'float'>
21:37:38 <INFO> SMILES: CC(NC(=O)c1cc(Cl)cc2ccn(C(=O)NC3CC3)c12)c1ccc(-c2ncccn2)cc1 | Score: 0.39085325598716736 | Type: <class 'float'>
21:37:38 <INFO> SMILES: CC(=O)n1ccc2cc(Cl)cc(C(=O)NC(C)c3ccc(Cn4cncn4)cc3)c21 | Score: 0.3588414490222931 | Type: <class 'float'>
21:37:38 <INFO> SMILES: CC(=O)n1ccc2cc(Cl)cc(C(=O)NC(C)c3ccc(-c4nn(-c5cc(C)cc(Cl)c5)c(=O)c5ccccc45)cc3)c21 | Score: 0.5846601724624634 | Type: <class 'float'>
21:37:38 <INFO> SMILES: CC(=O)n1ccc2cc(Cl)cc(C(=O)NC(C)c3ccc(-c4cccc(C#N)c4)cc3)c21 | Score: 0.5490163564682007 | Type: <class 'float'>
21:37:38 <INFO> SMILES: CC(=O)n1ccc2cc(Cl)cc(C(=O)NC(C)c3ccc(-c4cnn(Cc5ccccc5)n4)cc3)c21 | Score: 0.5005514621734619 | Type: <class 'float'>
21:37:38 <INFO> SMILES: COc1ncccc1-c1ccc(C(C)NC(=O)c2cc(Cl)cc3ccn(C(C)=O)c23)cc1 | Score: 0.727412223815918 | Type: <class 'float'>
21:37:38 <INFO> SMILES: CC(=O)n1ccc2cc(Cl)cc(C(=O)NC(C)c3ccc(Cn4cccn4)cc3)c21 | Score: 0.2736673355102539 | Type: <class 'float'>
21:37:38 <INFO> SMILES: CC(=O)n1ccc2cc(Cl)cc(C(=O)NC(C)c3ccc(Cn4cc(C#N)cn4)cc3)c21 | Score: 0.2848665118217468 | Type: <class 'float'>
21:37:38 <INFO> SMILES: CC(=O)n1ccc2cc(Cl)cc(C(=O)NC(C)c3ccc(-c4n[nH]c(=O)c5ccccc45)cc3)c21 | Score: 0.33080536127090454 | Type: <class 'float'>
21:37:38 <INFO> SMILES: CC(=O)n1ccc2cc(Cl)cc(C(=O)NC(C)c3ccc(-c4noc(=O)[nH]4)cc3)c21 | Score: 0.19419501721858978 | Type: <class 'float'>
21:37:38 <INFO> SMILES: CC(=O)n1ccc2cc(Cl)cc(C(=O)NC(C)c3ccc(-c4cncc5[nH]ncc45)cc3)c21 | Score: 0.3768361806869507 | Type: <class 'float'>
21:37:38 <INFO> SMILES: CC(=O)n1ccc2cc(Cl)cc(C(=O)NC(C)c3ccc(-c4ccc(C#N)o4)cc3)c21 | Score: 0.5339872241020203 | Type: <class 'float'>
21:37:38 <INFO> SMILES: CC(=O)n1ccc2cc(Cl)cc(C(=O)NC(C)c3ccc(Nc4nc5ccccc5[nH]4)cc3)c21 | Score: 0.7212409377098083 | Type: <class 'float'>
21:37:38 <INFO> SMILES: CCCNC(=O)n1ccc2cc(Cl)cc(C(=O)NC(C)c3ccc(-c4ncco4)cc3)c21 | Score: 0.6134783625602722 | Type: <class 'float'>
21:37:38 <INFO> SMILES: CCN(CC)C(=O)n1ccc2cc(Cl)cc(C(=O)NC(C)c3ccc(-c4ccc[nH]4)cc3)c21 | Score: 0.232705757021904 | Type: <class 'float'>
21:37:38 <INFO> SMILES: CCN(CC)C(=O)n1ccc2cc(Cl)cc(C(=O)NC(C)c3ccc(Cn4cc[nH]c4=O)cc3)c21 | Score: 0.19338752329349518 | Type: <class 'float'>
21:37:38 <INFO> SMILES: CCN(CC)C(=O)n1ccc2cc(Cl)cc(C(=O)NC(C)c3ccc(Cn4ccnc4)cc3)c21 | Score: 0.311387300491333 | Type: <class 'float'>
21:37:38 <INFO> SMILES: CCN(C)C(=O)n1ccc2cc(Cl)cc(C(=O)NC(C)c3ccc(-c4cccc(Cl)c4)cc3)c21 | Score: 0.6271688342094421 | Type: <class 'float'>
21:37:38 <INFO> SMILES: CCN(CC)C(=O)n1ccc2cc(Cl)cc(C(=O)NC(C)c3ccc(-c4ccc5ccc(=O)[nH]c5c4)cc3)c21 | Score: 0.2435649037361145 | Type: <class 'float'>
21:37:38 <INFO> SMILES: CCN(CC)C(=O)n1ccc2cc(Cl)cc(C(=O)NC(C)c3ccc(-c4ccn(C)n4)cc3)c21 | Score: 0.12704141438007355 | Type: <class 'float'>
21:37:38 <INFO> SMILES: CCN1CCC(C(=O)n2ccc3cc(Cl)cc(C(=O)NC(C)c4ccc(N5CCOCC5)cc4)c32)CC1 | Score: 0.7301024198532104 | Type: <class 'float'>
21:37:38 <INFO> SMILES: CCNC(=O)n1ccc2cc(Cl)cc(C(=O)NC(C)c3ccc(Cn4ccnc4)cc3)c21 | Score: 0.4576517343521118 | Type: <class 'float'>
21:37:38 <INFO> SMILES: CCNC(=O)n1ccc2cc(Cl)cc(C(=O)NC(C)c3ccc(-c4ccc(F)cn4)cc3)c21 | Score: 0.49905526638031006 | Type: <class 'float'>
21:37:38 <INFO> SMILES: CCNC(=O)n1ccc2cc(Cl)cc(C(=O)NC(C)c3ccc(Nc4ccn(C)n4)cc3)c21 | Score: 0.2925635576248169 | Type: <class 'float'>
21:37:38 <INFO> SMILES: CCNC(=O)n1ccc2cc(Cl)cc(C(=O)NC(C)c3ccc(Nc4ncccn4)cc3)c21 | Score: 0.5800478458404541 | Type: <class 'float'>
21:37:38 <INFO> SMILES: CCNC(=O)n1ccc2cc(Cl)cc(C(=O)NC(C)c3ccc(CC)cc3)c21 | Score: 0.5581453442573547 | Type: <class 'float'>
21:37:38 <INFO> SMILES: CC(=O)N1CCC(C(=O)n2ccc3cc(Cl)cc(C(=O)NC(C)c4ccc(N5CCOCC5)cc4)c32)CC1 | Score: 0.41842716932296753 | Type: <class 'float'>
21:37:38 <INFO> SMILES: CC(=O)n1ccc2cc(Cl)cc(C(=O)NC(C)c3ccc(Cc4ccccn4)cc3)c21 | Score: 0.4010782241821289 | Type: <class 'float'>
21:37:38 <INFO> SMILES: CC(=O)n1ccc2cc(Cl)cc(C(=O)NC(C)c3ccc(-c4ncccn4)cc3)c21 | Score: 0.2242615967988968 | Type: <class 'float'>
21:37:38 <INFO> SMILES: CCN(C)C(=O)n1ccc2cc(Cl)cc(C(=O)NC(C)c3ccc(-c4cnco4)cc3)c21 | Score: 0.34186041355133057 | Type: <class 'float'>
21:37:38 <INFO> SMILES: CC1CCC(NC(=O)n2ccc3cc(Cl)cc(C(=O)NC(C)c4ccc(-c5n[nH]ccc5=O)cc4)c32)CC1 | Score: 0.41885900497436523 | Type: <class 'float'>
21:37:38 <INFO> SMILES: CC(NC(=O)c1cc(Cl)cc2ccn(C(=O)NC3CCC3)c12)c1ccc(C2=NOc3ccccc3O2)cc1 | Score: 0.9691218137741089 | Type: <class 'float'>
21:37:38 <INFO> SMILES: CCNC(=O)n1ccc2cc(Cl)cc(C(=O)NC(C)c3ccc(C=Cc4ccncc4)cc3)c21 | Score: 0.11348377168178558 | Type: <class 'float'>
21:37:38 <INFO> SMILES: CC(=O)n1ccc2cc(Cl)cc(C(=O)NC(C)c3ccc(-c4cc(=O)[nH]c(C)n4)cc3)c21 | Score: 0.14416959881782532 | Type: <class 'float'>
21:37:38 <INFO> SMILES: CC(=O)n1ccc2cc(Cl)cc(C(=O)NC(C)c3ccc(-c4cc5n(n4)CCCC5)cc3)c21 | Score: 0.2837376594543457 | Type: <class 'float'>
21:37:38 <INFO> SMILES: CC(NC(=O)c1cc(Cl)cc2ccn(C(=O)c3ccccc3Cl)c12)c1ccc(N2CCOCC2)cc1 | Score: 0.6420206427574158 | Type: <class 'float'>
21:37:38 <INFO> SMILES: CC(NC(=O)c1cc(Cl)cc2ccn(C(=O)NCc3ccncc3)c12)c1ccc(-c2ccccc2)cc1 | Score: 0.5973752737045288 | Type: <class 'float'>
21:37:38 <INFO> SMILES: CC(NC(=O)c1cc(Cl)cc2ccn(C(=O)N(CCN(C)C)Cc3ccccc3)c12)c1ccc(N2CCOCC2)cc1 | Score: 0.6821207404136658 | Type: <class 'float'>
21:37:38 <INFO> SMILES: CC(NC(=O)c1cc(Cl)cc2ccn(C(=O)c3cccnc3)c12)c1ccc(N2CCCN(C)CC2)cc1 | Score: 0.7518406510353088 | Type: <class 'float'>
21:37:38 <INFO> SMILES: CCn1cncc1-c1ccc(C(C)NC(=O)c2cc(Cl)cc3ccn(C(=O)c4ccccc4)c23)cc1 | LogD Prediction: 3.813847780227661
21:37:38 <INFO> SMILES: CC(NC(=O)c1cc(Cl)cc2ccn(C(=O)c3ccncc3)c12)c1ccc(N2c3ccccc3Cc3cnccc32)cc1 | LogD Prediction: 3.5493171215057373
21:37:38 <INFO> SMILES: CC(=O)n1ccc2cc(Cl)cc(C(=O)NC(C)c3ccc(-c4[nH]nnc4C#N)cc3)c21 | LogD Prediction: 3.228567600250244
21:37:39 <INFO> SMILES: CC(=O)n1ccc2cc(Cl)cc(C(=O)NC(C)c3ccc(Cn4ccnn4)cc3)c21 | LogD Prediction: 3.0631887912750244
21:37:39 <INFO> SMILES: CCC(=O)n1ccc2cc(Cl)cc(C(=O)NC(C)c3ccc(-c4cnc5c(c4)OCCO5)cc3)c21 | LogD Prediction: 4.0058064460754395
21:37:39 <INFO> SMILES: CCN(CC)C(=O)n1ccc2cc(Cl)cc(C(=O)NC(C)c3ccc(-c4cnccn4)cc3)c21 | LogD Prediction: 3.50351619720459
21:37:39 <INFO> SMILES: CC(NC(=O)c1cc(Cl)cc2ccn(C(=O)NC(C)(C)C)c12)c1ccc(-c2ccncc2)cc1 | LogD Prediction: 3.5626778602600098
21:37:39 <INFO> SMILES: Cc1cc(C(=O)n2ccc3cc(Cl)cc(C(=O)NC(C)c4ccc(N5CCCOCC5)cc4)c32)no1 | LogD Prediction: 3.5749714374542236
21:37:39 <INFO> SMILES: CC(NC(=O)c1cc(Cl)cc2ccn(C(=O)N(C)C)c12)c1ccc(-c2n[nH]c(=O)o2)cc1 | LogD Prediction: 2.7787182331085205
21:37:39 <INFO> SMILES: CC(NC(=O)c1cc(Cl)cc2ccn(C(=O)N(C)C3CCOC3)c12)c1ccc(-c2cnn(C)c2)cc1 | LogD Prediction: 3.2646572589874268
21:37:39 <INFO> SMILES: CC(NC(=O)c1cc(Cl)cc2ccn(C(=O)NC(C)(C)C)c12)c1ccc(-c2c[nH]cn2)cc1 | LogD Prediction: 3.674858331680298
21:37:39 <INFO> SMILES: Cc1ccc(C(C)NC(=O)c2cc(Cl)cc3ccn(C(=O)NC(C)C)c23)cc1 | LogD Prediction: 3.669706344604492
21:37:39 <INFO> SMILES: CC(=O)n1ccc2cc(Cl)cc(C(=O)NC(C)c3ccc(Cn4ccc5ccccc54)cc3)c21 | LogD Prediction: 3.7191288471221924
21:37:39 <INFO> SMILES: CC(=O)n1ccc2cc(Cl)cc(C(=O)NC(C)c3ccc(-c4cc5ccccc5o4)cc3)c21 | LogD Prediction: 4.328915596008301
21:37:39 <INFO> SMILES: CC(=O)n1ccc2cc(Cl)cc(C(=O)NC(C)c3ccc(-c4ccccc4Br)cc3)c21 | LogD Prediction: 4.61891508102417
21:37:39 <INFO> SMILES: CCN(C)C(=O)n1ccc2cc(Cl)cc(C(=O)NC(C)c3ccc(N(C)CC)cc3)c21 | LogD Prediction: 3.654181957244873
21:37:39 <INFO> SMILES: CC(NC(=O)c1cc(Cl)cc2ccn(C(=O)N3CCCC3)c12)c1ccc(Cn2c(=O)ccc3ccccc32)cc1 | LogD Prediction: 3.3304879665374756
21:37:39 <INFO> SMILES: CC(NC(=O)c1cc(Cl)cc2ccn(C(=O)CCC3CCOCC3)c12)c1ccc(-c2cn[nH]c2)cc1 | LogD Prediction: 3.6007912158966064
21:37:39 <INFO> SMILES: CC(NC(=O)c1cc(Cl)cc2ccn(C(=O)C3CCCCCC3)c12)c1ccc(Cn2cccn2)cc1 | LogD Prediction: 4.274070739746094
21:37:39 <INFO> SMILES: CC(NC(=O)c1cc(Cl)cc2ccn(C(=O)NC3CC3)c12)c1ccc(-c2ncccn2)cc1 | LogD Prediction: 3.3515522480010986
21:37:39 <INFO> SMILES: CC(=O)n1ccc2cc(Cl)cc(C(=O)NC(C)c3ccc(Cn4cncn4)cc3)c21 | LogD Prediction: 3.06646466255188
21:37:39 <INFO> SMILES: CC(=O)n1ccc2cc(Cl)cc(C(=O)NC(C)c3ccc(-c4nn(-c5cc(C)cc(Cl)c5)c(=O)c5ccccc45)cc3)c21 | LogD Prediction: 4.743945598602295
21:37:39 <INFO> SMILES: CC(=O)n1ccc2cc(Cl)cc(C(=O)NC(C)c3ccc(-c4cccc(C#N)c4)cc3)c21 | LogD Prediction: 4.229089260101318
21:37:39 <INFO> SMILES: CC(=O)n1ccc2cc(Cl)cc(C(=O)NC(C)c3ccc(-c4cnn(Cc5ccccc5)n4)cc3)c21 | LogD Prediction: 3.9359209537506104
21:37:39 <INFO> SMILES: COc1ncccc1-c1ccc(C(C)NC(=O)c2cc(Cl)cc3ccn(C(C)=O)c23)cc1 | LogD Prediction: 3.8155152797698975
21:37:39 <INFO> SMILES: CC(=O)n1ccc2cc(Cl)cc(C(=O)NC(C)c3ccc(Cn4cccn4)cc3)c21 | LogD Prediction: 3.2184908390045166
21:37:39 <INFO> SMILES: CC(=O)n1ccc2cc(Cl)cc(C(=O)NC(C)c3ccc(Cn4cc(C#N)cn4)cc3)c21 | LogD Prediction: 3.4875757694244385
21:37:39 <INFO> SMILES: CC(=O)n1ccc2cc(Cl)cc(C(=O)NC(C)c3ccc(-c4n[nH]c(=O)c5ccccc45)cc3)c21 | LogD Prediction: 3.8094685077667236
21:37:39 <INFO> SMILES: CC(=O)n1ccc2cc(Cl)cc(C(=O)NC(C)c3ccc(-c4noc(=O)[nH]4)cc3)c21 | LogD Prediction: 3.0253243446350098
21:37:39 <INFO> SMILES: CC(=O)n1ccc2cc(Cl)cc(C(=O)NC(C)c3ccc(-c4cncc5[nH]ncc45)cc3)c21 | LogD Prediction: 3.2346065044403076
21:37:39 <INFO> SMILES: CC(=O)n1ccc2cc(Cl)cc(C(=O)NC(C)c3ccc(-c4ccc(C#N)o4)cc3)c21 | LogD Prediction: 4.073304653167725
21:37:39 <INFO> SMILES: CC(=O)n1ccc2cc(Cl)cc(C(=O)NC(C)c3ccc(Nc4nc5ccccc5[nH]4)cc3)c21 | LogD Prediction: 3.8705973625183105
21:37:39 <INFO> SMILES: CCCNC(=O)n1ccc2cc(Cl)cc(C(=O)NC(C)c3ccc(-c4ncco4)cc3)c21 | LogD Prediction: 3.687727689743042
21:37:39 <INFO> SMILES: CCN(CC)C(=O)n1ccc2cc(Cl)cc(C(=O)NC(C)c3ccc(-c4ccc[nH]4)cc3)c21 | LogD Prediction: 3.8365890979766846
21:37:39 <INFO> SMILES: CCN(CC)C(=O)n1ccc2cc(Cl)cc(C(=O)NC(C)c3ccc(Cn4cc[nH]c4=O)cc3)c21 | LogD Prediction: 3.2087743282318115
21:37:39 <INFO> SMILES: CCN(CC)C(=O)n1ccc2cc(Cl)cc(C(=O)NC(C)c3ccc(Cn4ccnc4)cc3)c21 | LogD Prediction: 3.296804428100586
21:37:39 <INFO> SMILES: CCN(C)C(=O)n1ccc2cc(Cl)cc(C(=O)NC(C)c3ccc(-c4cccc(Cl)c4)cc3)c21 | LogD Prediction: 4.309171676635742
21:37:39 <INFO> SMILES: CCN(CC)C(=O)n1ccc2cc(Cl)cc(C(=O)NC(C)c3ccc(-c4ccc5ccc(=O)[nH]c5c4)cc3)c21 | LogD Prediction: 3.982342481613159
21:37:39 <INFO> SMILES: CCN(CC)C(=O)n1ccc2cc(Cl)cc(C(=O)NC(C)c3ccc(-c4ccn(C)n4)cc3)c21 | LogD Prediction: 3.744364023208618
21:37:39 <INFO> SMILES: CCN1CCC(C(=O)n2ccc3cc(Cl)cc(C(=O)NC(C)c4ccc(N5CCOCC5)cc4)c32)CC1 | LogD Prediction: 2.4246888160705566
21:37:39 <INFO> SMILES: CCNC(=O)n1ccc2cc(Cl)cc(C(=O)NC(C)c3ccc(Cn4ccnc4)cc3)c21 | LogD Prediction: 3.0032246112823486
21:37:39 <INFO> SMILES: CCNC(=O)n1ccc2cc(Cl)cc(C(=O)NC(C)c3ccc(-c4ccc(F)cn4)cc3)c21 | LogD Prediction: 4.0073018074035645
21:37:39 <INFO> SMILES: CCNC(=O)n1ccc2cc(Cl)cc(C(=O)NC(C)c3ccc(Nc4ccn(C)n4)cc3)c21 | LogD Prediction: 3.4830455780029297
21:37:39 <INFO> SMILES: CCNC(=O)n1ccc2cc(Cl)cc(C(=O)NC(C)c3ccc(Nc4ncccn4)cc3)c21 | LogD Prediction: 3.2410032749176025
21:37:39 <INFO> SMILES: CCNC(=O)n1ccc2cc(Cl)cc(C(=O)NC(C)c3ccc(CC)cc3)c21 | LogD Prediction: 3.70566987991333
21:37:39 <INFO> SMILES: CC(=O)N1CCC(C(=O)n2ccc3cc(Cl)cc(C(=O)NC(C)c4ccc(N5CCOCC5)cc4)c32)CC1 | LogD Prediction: 3.087026357650757
21:37:39 <INFO> SMILES: CC(=O)n1ccc2cc(Cl)cc(C(=O)NC(C)c3ccc(Cc4ccccn4)cc3)c21 | LogD Prediction: 3.8330488204956055
21:37:39 <INFO> SMILES: CC(=O)n1ccc2cc(Cl)cc(C(=O)NC(C)c3ccc(-c4ncccn4)cc3)c21 | LogD Prediction: 3.3517444133758545
21:37:39 <INFO> SMILES: CCN(C)C(=O)n1ccc2cc(Cl)cc(C(=O)NC(C)c3ccc(-c4cnco4)cc3)c21 | LogD Prediction: 3.4604098796844482
21:37:39 <INFO> SMILES: CC1CCC(NC(=O)n2ccc3cc(Cl)cc(C(=O)NC(C)c4ccc(-c5n[nH]ccc5=O)cc4)c32)CC1 | LogD Prediction: 3.9016125202178955
21:37:39 <INFO> SMILES: CC(NC(=O)c1cc(Cl)cc2ccn(C(=O)NC3CCC3)c12)c1ccc(C2=NOc3ccccc3O2)cc1 | LogD Prediction: 4.273993015289307
21:37:39 <INFO> SMILES: CCNC(=O)n1ccc2cc(Cl)cc(C(=O)NC(C)c3ccc(C=Cc4ccncc4)cc3)c21 | LogD Prediction: 3.403956890106201
21:37:39 <INFO> SMILES: CC(=O)n1ccc2cc(Cl)cc(C(=O)NC(C)c3ccc(-c4cc(=O)[nH]c(C)n4)cc3)c21 | LogD Prediction: 3.464437961578369
21:37:39 <INFO> SMILES: CC(=O)n1ccc2cc(Cl)cc(C(=O)NC(C)c3ccc(-c4cc5n(n4)CCCC5)cc3)c21 | LogD Prediction: 4.081382751464844
21:37:39 <INFO> SMILES: CC(NC(=O)c1cc(Cl)cc2ccn(C(=O)c3ccccc3Cl)c12)c1ccc(N2CCOCC2)cc1 | LogD Prediction: 3.931187391281128
21:37:39 <INFO> SMILES: CC(NC(=O)c1cc(Cl)cc2ccn(C(=O)NCc3ccncc3)c12)c1ccc(-c2ccccc2)cc1 | LogD Prediction: 3.763495683670044
21:37:39 <INFO> SMILES: CC(NC(=O)c1cc(Cl)cc2ccn(C(=O)N(CCN(C)C)Cc3ccccc3)c12)c1ccc(N2CCOCC2)cc1 | LogD Prediction: 3.3429019451141357
21:37:39 <INFO> SMILES: CC(NC(=O)c1cc(Cl)cc2ccn(C(=O)c3cccnc3)c12)c1ccc(N2CCCN(C)CC2)cc1 | LogD Prediction: 2.6161015033721924
21:37:39 <INFO> Score: 0.02 Agent NLL: 13.24 Valid:  98% Step: 19
 | Agent Prior Target Score SMILES SMILES_state Input_Scaffold R-groups Scaffold QED QED (raw) gnina score gnina score (raw) MW MW (raw) SlogP (RDKit) SlogP (RDKit) (raw) TPSA TPSA (raw) Number of stereo centers Number of stereo centers (raw) Number of HB acceptors (Lipinski) Number of HB acceptors (Lipinski) (raw) Number of HB donors (Lipinski) Number of HB donors (Lipinski) (raw) Number of rotatable bonds Number of rotatable bonds (raw) Number of Heavy atoms Number of Heavy atoms (raw) Molecular Volume (RDKit) Molecular Volume (RDKit) (raw) SA score SA score (raw) herg inactive herg inactive (raw) LogD LogD (raw) Alerts Alerts (raw) matching_patterns (Alerts)
 | 7.8955 12.3215 3.1427 0.0309283 CC(=O)n1ccc2cc(Cl)cc(C(=O)NC(C)c3ccc(-c4ccncc4)cc3)c21 1 c1c(C(NC(=O)c2c3n([*])ccc3cc(Cl)c2)C)ccc([*])c1 *C(=O)C|*c1ccncc1 O=C(NCc1ccc(-c2ccncc2)cc1)c1cccc2cc[nH]c12 0.4759411 0.4759 -7.2878200 -7.2878 0.9994805 417.8960 0.0000000 5.5078 1.0000000 63.9900 1.0000000 1.0000 1.0000000 4.0000 0.9467598 1.0000 0.9693466 4.0000 0.9789100 30.0000 0.9624859 365.4480 0.9193171 2.8866 1.0000000 0.3385 0.8676152 3.2959 1.0000000 1.0000 []
 | 7.1012 9.9831 5.1183 0.0302029 CC(=O)n1ccc2cc(Cl)cc(C(=O)NC(C)c3ccc(N4CCOCC4)cc3)c21 1 c1c(C(NC(=O)c2c3n([*])ccc3cc(Cl)c2)C)ccc([*])c1 *C(=O)C|C1COCCN1* O=C(NCc1ccc(N2CCOCC2)cc1)c1cccc2cc[nH]c12 0.6771376 0.6771 -9.9472500 -9.9473 0.9989132 425.9160 0.0000020 4.2824 1.0000000 63.5700 1.0000000 1.0000 1.0000000 5.0000 0.9467598 1.0000 0.9693466 4.0000 0.9789100 30.0000 0.9469761 374.8880 0.9153747 2.9318 1.0000000 0.2839 0.6182815 3.4476 1.0000000 1.0000 []
 | 7.7231 12.8706 1.3215 0.0283841 CC(=O)n1ccc2cc(Cl)cc(C(=O)NC(C)c3ccc(N4CCCOCC4)cc3)c21 1 c1c(C(NC(=O)c2c3n([*])ccc3cc(Cl)c2)C)ccc([*])c1 *C(=O)C|O1CCN(*)CCC1 O=C(NCc1ccc(N2CCCOCC2)cc1)c1cccc2cc[nH]c12 0.6410750 0.6411 -9.0001300 -9.0001 0.9960554 439.9430 0.0000002 4.6725 1.0000000 63.5700 1.0000000 1.0000 1.0000000 5.0000 0.9467598 1.0000 0.9693466 4.0000 0.9745624 31.0000 0.9061828 390.9040 0.9098746 2.9917 1.0000000 0.3549 0.5056734 3.4975 1.0000000 1.0000 []
 | 10.2932 12.6693 1.6034 0.0285455 CC(=O)n1ccc2cc(Cl)cc(C(=O)NC(C)c3ccc(-c4ncc[nH]4)cc3)c21 1 c1c(C(NC(=O)c2c3n([*])ccc3cc(Cl)c2)C)ccc([*])c1 *C(=O)C|c1(*)[nH]ccn1 O=C(NCc1ccc(-c2ncc[nH]2)cc1)c1cccc2cc[nH]c12 0.5087314 0.5087 -7.6879200 -7.6879 0.9998117 406.8730 0.0000001 4.8359 1.0000000 79.7800 1.0000000 1.0000 1.0000000 4.0000 0.5000000 2.0000 0.9693466 4.0000 0.9825279 29.0000 0.9778185 351.3440 0.8987896 3.1031 1.0000000 0.2701 0.6055322 3.4535 1.0000000 1.0000 []
 | 8.0912 8.6454 -7.9395 0.0014119 CC(=O)n1ccc2cc(Cl)cc(C(=O)NC(C)c3ccc(-c4ccccc4)cc3)c21 1 c1c(C(NC(=O)c2c3n([*])ccc3cc(Cl)c2)C)ccc([*])c1 *C(=O)C|c1(*)ccccc1 O=C(NCc1ccc(-c2ccccc2)cc1)c1cccc2cc[nH]c12 0.4357932 0.4358 -7.4912600 -7.4913 0.9995256 416.9080 0.0000000 6.1128 1.0000000 51.1000 1.0000000 1.0000 1.0000000 3.0000 0.9467598 1.0000 0.9693466 4.0000 0.9789100 30.0000 0.9564940 369.4720 0.9317604 2.7295 0.0000154 0.5481 0.0013915 4.2140 1.0000000 1.0000 []
 | 9.0434 11.9761 -11.9761 0.0000000 CC(=O)n1ccc2cc(Cl)cc(C(=O)NC(C)c3ccc(-c4ccncc4)cc3)c21 2 c1c(C(NC(=O)c2c3n([*])ccc3cc(Cl)c2)C)ccc([*])c1 *C(=O)C|c1(*)ccncc1 O=C(NCc1ccc(-c2ccncc2)cc1)c1cccc2cc[nH]c12 0.0000000 0.4759 -0.0000000 -7.2878 0.0000000 417.8960 0.0000000 5.5078 0.0000000 63.9900 0.0000000 1.0000 0.0000000 4.0000 0.0000000 1.0000 0.0000000 4.0000 0.0000000 30.0000 0.0000000 365.4480 0.0000000 2.8866 0.0000000 0.3385 0.0000000 3.2959 0.0000000 1.0000 []
 | 15.0506 16.6839 -16.6839 0.0000000 CC(=O)n1ccc2cc(Cl)cc(C(=O)NC(C)c3ccc(-c4ccc(O)c(Cl)c4)cc3)c21 1 c1c(C(NC(=O)c2c3n([*])ccc3cc(Cl)c2)C)ccc([*])c1 *C(=O)C|c1c(*)cc(Cl)c(O)c1 O=C(NCc1ccc(-c2ccccc2)cc1)c1cccc2cc[nH]c12 0.0000000 0.0000 0.0000000 0.0000 0.0000000 0.0000 0.0000000 0.0000 0.0000000 0.0000 0.0000000 0.0000 0.0000000 0.0000 0.0000000 0.0000 0.0000000 0.0000 0.0000000 0.0000 0.0000000 0.0000 0.0000000 0.0000 0.0000000 0.0000 0.0000000 0.0000 0.0000000 0.0000 ['[OH]']
 | 9.9077 13.5615 -3.1303 0.0208623 CC(=O)n1ccc2cc(Cl)cc(C(=O)NC(C)c3ccc(-c4ccccn4)cc3)c21 1 c1c(C(NC(=O)c2c3n([*])ccc3cc(Cl)c2)C)ccc([*])c1 *C(=O)C|c1ccnc(*)c1 O=C(NCc1ccc(-c2ccccn2)cc1)c1cccc2cc[nH]c12 0.4759411 0.4759 -8.3497500 -8.3498 0.9994805 417.8960 0.0000000 5.5078 1.0000000 63.9900 1.0000000 1.0000 1.0000000 4.0000 0.9467598 1.0000 0.9693466 4.0000 0.9789100 30.0000 0.9612130 366.3520 0.9207244 2.8700 1.0000000 0.3376 0.1868309 3.6597 1.0000000 1.0000 []
 | 10.1189 12.9273 -12.9273 0.0000000 CC(NC(=O)c1cc(Cl)cc2ccn(C(=O)N(C)C)c12)c1ccc(C#Cc2ccccc2)cc1 1 c1c(C(NC(=O)c2c3n([*])ccc3cc(Cl)c2)C)ccc([*])c1 *C(=O)N(C)C|c1(C#C*)ccccc1 O=C(NCc1ccc(C#Cc2ccccc2)cc1)c1cccc2cc[nH]c12 0.0000000 0.0000 0.0000000 0.0000 0.0000000 0.0000 0.0000000 0.0000 0.0000000 0.0000 0.0000000 0.0000 0.0000000 0.0000 0.0000000 0.0000 0.0000000 0.0000 0.0000000 0.0000 0.0000000 0.0000 0.0000000 0.0000 0.0000000 0.0000 0.0000000 0.0000 0.0000000 0.0000 ['C#C']
 | 8.5572 13.3159 2.4772 0.0315861 CC(NC(=O)c1cc(Cl)cc2ccn(C(=O)N(C)C)c12)c1ccc(-c2ccncc2)cc1 1 c1c(C(NC(=O)c2c3n([*])ccc3cc(Cl)c2)C)ccc([*])c1 *C(=O)N(C)C|c1cc(*)ccn1 O=C(NCc1ccc(-c2ccncc2)cc1)c1cccc2cc[nH]c12 0.4574392 0.4574 -7.0059500 -7.0060 0.9925139 446.9380 0.0000000 5.3774 1.0000000 67.2300 1.0000000 1.0000 1.0000000 4.0000 0.9467598 1.0000 0.9693466 4.0000 0.9693466 32.0000 0.8992844 392.9520 0.9079005 3.0124 1.0000000 0.3347 0.9751353 3.1016 1.0000000 1.0000 []
21:42:06 <WARN> Scoring function did not return result for SMILES: CCN(C)c1ncc(C(=O)n2ccc3cc(Cl)cc(C(=O)NC(C)c4ccc(N5CCOCC5)cc4)c32)cn1
21:42:06 <WARN> [compute_transform] Missing SMILES in component results: CCN(C)c1ncc(C(=O)n2ccc3cc(Cl)cc(C(=O)NC(C)c4ccc(N5CCOCC5)cc4)c32)cn1
21:42:10 <INFO> SMILES: CNCC(=O)n1ccc2cc(Cl)cc(C(=O)NC(C)c3ccc(-c4ccncc4)cc3)c21 | Score: 0.5033491849899292 | Type: <class 'float'>
21:42:10 <INFO> SMILES: CC(=O)n1ccc2cc(Cl)cc(C(=O)NC(C)c3ccc(N4CCN(c5ncccn5)CC4)cc3)c21 | Score: 0.5491356253623962 | Type: <class 'float'>
21:42:10 <INFO> SMILES: CC(NC(=O)c1cc(Cl)cc2ccn(C(=O)N(C)C)c12)c1ccc(C(F)F)cc1 | Score: 0.503523051738739 | Type: <class 'float'>
21:42:10 <INFO> SMILES: CC(NC(=O)c1cc(Cl)cc2ccn(C(=O)N(C)C)c12)c1ccc(-c2cnc[nH]2)cc1 | Score: 0.376304566860199 | Type: <class 'float'>
21:42:10 <INFO> SMILES: CC(NC(=O)c1cc(Cl)cc2ccn(C(=O)N(C)C)c12)c1ccc(-c2ccc(C#N)cc2)cc1 | Score: 0.530777633190155 | Type: <class 'float'>
21:42:10 <INFO> SMILES: CC(NC(=O)c1cc(Cl)cc2ccn(C(=O)N(C)C)c12)c1ccc(-c2nnc3ncccn23)cc1 | Score: 0.3814292848110199 | Type: <class 'float'>
21:42:10 <INFO> SMILES: CCNC(=O)n1ccc2cc(Cl)cc(C(=O)NC(C)c3ccc(C(C)(C)C#N)cc3)c21 | Score: 0.9123072028160095 | Type: <class 'float'>
21:42:10 <INFO> SMILES: CCNC(=O)n1ccc2cc(Cl)cc(C(=O)NC(C)c3ccc(N4CC[S+]([O-])CC4)cc3)c21 | Score: 0.29339924454689026 | Type: <class 'float'>
21:42:10 <INFO> SMILES: CCNC(=O)n1ccc2cc(Cl)cc(C(=O)NC(C)c3ccc(-c4ccnc(N5CCOCC5)n4)cc3)c21 | Score: 0.19040730595588684 | Type: <class 'float'>
21:42:10 <INFO> SMILES: CCNC(=O)n1ccc2cc(Cl)cc(C(=O)NC(C)c3ccc(-c4ccc(C#N)cc4)cc3)c21 | Score: 0.5881010890007019 | Type: <class 'float'>
21:42:10 <INFO> SMILES: CCNC(=O)n1ccc2cc(Cl)cc(C(=O)NC(C)c3ccc(-c4nnn(C)n4)cc3)c21 | Score: 0.3451792299747467 | Type: <class 'float'>
21:42:10 <INFO> SMILES: CNC(=O)n1ccc2cc(Cl)cc(C(=O)NC(C)c3ccc(Cn4ccnc4)cc3)c21 | Score: 0.3525899350643158 | Type: <class 'float'>
21:42:10 <INFO> SMILES: Cc1cc(C(=O)n2ccc3cc(Cl)cc(C(=O)NC(C)c4ccc(N5CCOCC5)cc4)c32)c(C)nn1 | Score: 0.40204501152038574 | Type: <class 'float'>
21:42:10 <INFO> SMILES: CC(=O)n1ccc2cc(Cl)cc(C(=O)NC(C)c3ccc(-c4ncon4)cc3)c21 | Score: 0.27000218629837036 | Type: <class 'float'>
21:42:10 <INFO> SMILES: CNCC(=O)n1ccc2cc(Cl)cc(C(=O)NC(C)c3ccc(-c4cncnc4)cc3)c21 | Score: 0.5505292415618896 | Type: <class 'float'>
21:42:10 <INFO> SMILES: CC(NC(=O)c1cc(Cl)cc2ccn(C(=O)N3CCN(C)CCC3=O)c12)c1ccc(-c2ccncn2)cc1 | Score: 0.18219758570194244 | Type: <class 'float'>
21:42:10 <INFO> SMILES: CC(C)NC(=O)n1ccc2cc(Cl)cc(C(=O)NC(C)c3ccc(-c4cn[nH]c4)cc3)c21 | Score: 0.6221804022789001 | Type: <class 'float'>
21:42:10 <INFO> SMILES: CNC(=O)n1ccc2cc(Cl)cc(C(=O)NC(C)c3ccc(Cn4cc(C#N)c(C)n4)cc3)c21 | Score: 0.18009938299655914 | Type: <class 'float'>
21:42:10 <INFO> SMILES: CCNC(=O)n1ccc2cc(Cl)cc(C(=O)NC(C)c3ccc(-c4cccc(Br)c4)cc3)c21 | Score: 0.6189110279083252 | Type: <class 'float'>
21:42:10 <INFO> SMILES: CC(=O)n1ccc2cc(Cl)cc(C(=O)NC(C)c3ccc(-c4nnc(CNC5CCOCC5)o4)cc3)c21 | Score: 0.2962574064731598 | Type: <class 'float'>
21:42:10 <INFO> SMILES: CCNC(=O)n1ccc2cc(Cl)cc(C(=O)NC(C)c3ccc(-c4ccc(C#N)cn4)cc3)c21 | Score: 0.4183477461338043 | Type: <class 'float'>
21:42:10 <INFO> SMILES: CC(NC(=O)c1cc(Cl)cc2ccn(C(=O)N3CCCOCC3)c12)c1ccc(-c2ccncc2)cc1 | Score: 0.18451182544231415 | Type: <class 'float'>
21:42:10 <INFO> SMILES: CC(=O)NC1CCN(C(=O)n2ccc3cc(Cl)cc(C(=O)NC(C)c4ccc(-c5ccncc5)cc4)c32)CC1 | Score: 0.5202391743659973 | Type: <class 'float'>
21:42:10 <INFO> SMILES: CC(NC(=O)c1cc(Cl)cc2ccn(C(=O)N3CCN(C)CC3)c12)c1ccc(N(C)C)cc1 | Score: 0.10528729856014252 | Type: <class 'float'>
21:42:10 <INFO> SMILES: CC(NC(=O)c1cc(Cl)cc2ccn(C(=O)C3CCN(C)CC3)c12)c1ccc(-c2cc[nH]n2)cc1 | Score: 0.7493624687194824 | Type: <class 'float'>
21:42:10 <INFO> SMILES: COc1cnccc1-c1ccc(C(C)NC(=O)c2cc(Cl)cc3ccn(C(=O)N(C)C)c23)cc1 | Score: 0.37112101912498474 | Type: <class 'float'>
21:42:10 <INFO> SMILES: Cc1n[nH]cc1-c1ccc(C(C)NC(=O)c2cc(Cl)cc3ccn(C(=O)N(C)C)c23)cc1 | Score: 0.3572418689727783 | Type: <class 'float'>
21:42:10 <INFO> SMILES: CC(NC(=O)c1cc(Cl)cc2ccn(CC3CCN(C)CC3)c12)c1ccc(-c2ccncc2)cc1 | Score: 0.7360717058181763 | Type: <class 'float'>
21:42:10 <INFO> SMILES: CNC(=O)n1ccc2cc(Cl)cc(C(=O)NC(C)c3ccc(-c4cncs4)cc3)c21 | Score: 0.37978267669677734 | Type: <class 'float'>
21:42:10 <INFO> SMILES: Cc1cc(C)n(CC(=O)n2ccc3cc(Cl)cc(C(=O)NC(C)c4ccc(Cn5nnc(C)n5)cc4)c32)n1 | Score: 0.1691497266292572 | Type: <class 'float'>
21:42:10 <INFO> SMILES: CCNC(=O)n1ccc2cc(Cl)cc(C(=O)NC(C)c3ccc(Cn4ccnn4)cc3)c21 | Score: 0.4027087390422821 | Type: <class 'float'>
21:42:10 <INFO> SMILES: CNC(=O)n1ccc2cc(Cl)cc(C(=O)NC(C)c3ccc(-c4cnc5c(C)ncnn45)cc3)c21 | Score: 0.4093937873840332 | Type: <class 'float'>
21:42:10 <INFO> SMILES: CC(NC(=O)c1cc(Cl)cc2ccn(C(=O)N(C)C)c12)c1ccc(-c2cnns2)cc1 | Score: 0.44740816950798035 | Type: <class 'float'>
21:42:10 <INFO> SMILES: CNC(=O)n1ccc2cc(Cl)cc(C(=O)NC(C)c3ccc(-c4ncn[nH]4)cc3)c21 | Score: 0.420345664024353 | Type: <class 'float'>
21:42:10 <INFO> SMILES: CC(NC(=O)c1cc(Cl)cc2ccn(C(=O)N3CCOCC3)c12)c1ccc(Cc2nccs2)cc1 | Score: 0.10620984435081482 | Type: <class 'float'>
21:42:10 <INFO> SMILES: CC(=O)NC(=O)n1ccc2cc(Cl)cc(C(=O)NC(C)c3ccc(-c4cccc5nccc(=O)n45)cc3)c21 | Score: 0.10766107589006424 | Type: <class 'float'>
21:42:10 <INFO> SMILES: CC(NC(=O)c1cc(Cl)cc2ccn(C(=O)NCCN3CCOCC3)c12)c1ccc(-c2ccccc2)cc1 | Score: 0.7210771441459656 | Type: <class 'float'>
21:42:10 <INFO> SMILES: CCNC(=O)n1ccc2cc(Cl)cc(C(=O)NC(C)c3ccc(-c4ccc(C)nc4)cc3)c21 | Score: 0.5035366415977478 | Type: <class 'float'>
21:42:10 <INFO> SMILES: CCNC(=O)n1ccc2cc(Cl)cc(C(=O)NC(C)c3ccc(-c4nc(C)ns4)cc3)c21 | Score: 0.5941230058670044 | Type: <class 'float'>
21:42:10 <INFO> SMILES: CC(NC(=O)c1cc(Cl)cc2ccn(C(=O)NCc3ccncc3)c12)c1ccc(-c2n[nH]c(=O)n2C)cc1 | Score: 0.24709376692771912 | Type: <class 'float'>
21:42:10 <INFO> SMILES: CNC(=O)n1ccc2cc(Cl)cc(C(=O)NC(C)c3ccc(N(C)C)cc3)c21 | Score: 0.05467960983514786 | Type: <class 'float'>
21:42:10 <INFO> SMILES: CC(=O)n1ccc2cc(Cl)cc(C(=O)NC(C)c3ccc(-c4cc5cccnc5[nH]4)cc3)c21 | Score: 0.3567810654640198 | Type: <class 'float'>
21:42:10 <INFO> SMILES: CC(NC(=O)c1cc(Cl)cc2ccn(C(=O)N(C)C)c12)c1ccc(-c2c[nH]c(=O)[nH]2)cc1 | Score: 0.1978735625743866 | Type: <class 'float'>
21:42:10 <INFO> SMILES: CNC(=O)n1ccc2cc(Cl)cc(C(=O)NC(C)c3ccc(-c4cnc5ccccn45)cc3)c21 | Score: 0.34866151213645935 | Type: <class 'float'>
21:42:10 <INFO> SMILES: CCNC(=O)n1ccc2cc(Cl)cc(C(=O)NC(C)c3ccc(-c4nnc[nH]4)cc3)c21 | Score: 0.5303149223327637 | Type: <class 'float'>
21:42:10 <INFO> SMILES: CC(NC(=O)c1cc(Cl)cc2ccn(C(=O)c3cccnc3Cl)c12)c1ccc(-c2cccnc2)cc1 | Score: 0.45636066794395447 | Type: <class 'float'>
21:42:10 <INFO> SMILES: CC(NC(=O)c1cc(Cl)cc2ccn(C(=O)c3ccnn3C)c12)c1ccc(-c2cn[nH]c2)cc1 | Score: 0.35040032863616943 | Type: <class 'float'>
21:42:10 <INFO> SMILES: CC(NC(=O)c1cc(Cl)cc2ccn(C(=O)c3ccccc3)c12)c1ccc(-c2ccn[nH]2)cc1 | Score: 0.6442124843597412 | Type: <class 'float'>
21:42:10 <INFO> SMILES: CCN(C)c1ncc(C(=O)n2ccc3cc(Cl)cc(C(=O)NC(C)c4ccc(N5CCOCC5)cc4)c32)cn1 | Score: 0.29764994978904724 | Type: <class 'float'>
21:42:10 <INFO> SMILES: CNCC(=O)n1ccc2cc(Cl)cc(C(=O)NC(C)c3ccc(-c4ccncc4)cc3)c21 | LogD Prediction: 2.0401251316070557
21:42:10 <INFO> SMILES: CC(=O)n1ccc2cc(Cl)cc(C(=O)NC(C)c3ccc(N4CCN(c5ncccn5)CC4)cc3)c21 | LogD Prediction: 3.246011972427368
21:42:10 <INFO> SMILES: CC(NC(=O)c1cc(Cl)cc2ccn(C(=O)N(C)C)c12)c1ccc(C(F)F)cc1 | LogD Prediction: 3.902332067489624
21:42:10 <INFO> SMILES: CC(NC(=O)c1cc(Cl)cc2ccn(C(=O)N(C)C)c12)c1ccc(-c2cnc[nH]2)cc1 | LogD Prediction: 3.151587724685669
21:42:10 <INFO> SMILES: CC(NC(=O)c1cc(Cl)cc2ccn(C(=O)N(C)C)c12)c1ccc(-c2ccc(C#N)cc2)cc1 | LogD Prediction: 4.001812934875488
21:42:10 <INFO> SMILES: CC(NC(=O)c1cc(Cl)cc2ccn(C(=O)N(C)C)c12)c1ccc(-c2nnc3ncccn23)cc1 | LogD Prediction: 3.2685422897338867
21:42:10 <INFO> SMILES: CCNC(=O)n1ccc2cc(Cl)cc(C(=O)NC(C)c3ccc(C(C)(C)C#N)cc3)c21 | LogD Prediction: 3.7117834091186523
21:42:10 <INFO> SMILES: CCNC(=O)n1ccc2cc(Cl)cc(C(=O)NC(C)c3ccc(N4CC[S+]([O-])CC4)cc3)c21 | LogD Prediction: 2.9253029823303223
21:42:10 <INFO> SMILES: CCNC(=O)n1ccc2cc(Cl)cc(C(=O)NC(C)c3ccc(-c4ccnc(N5CCOCC5)n4)cc3)c21 | LogD Prediction: 3.3760299682617188
21:42:10 <INFO> SMILES: CCNC(=O)n1ccc2cc(Cl)cc(C(=O)NC(C)c3ccc(-c4ccc(C#N)cc4)cc3)c21 | LogD Prediction: 4.118849277496338
21:42:10 <INFO> SMILES: CCNC(=O)n1ccc2cc(Cl)cc(C(=O)NC(C)c3ccc(-c4nnn(C)n4)cc3)c21 | LogD Prediction: 3.010523557662964
21:42:10 <INFO> SMILES: CNC(=O)n1ccc2cc(Cl)cc(C(=O)NC(C)c3ccc(Cn4ccnc4)cc3)c21 | LogD Prediction: 2.9210448265075684
21:42:10 <INFO> SMILES: Cc1cc(C(=O)n2ccc3cc(Cl)cc(C(=O)NC(C)c4ccc(N5CCOCC5)cc4)c32)c(C)nn1 | LogD Prediction: 3.4956700801849365
21:42:10 <INFO> SMILES: CC(=O)n1ccc2cc(Cl)cc(C(=O)NC(C)c3ccc(-c4ncon4)cc3)c21 | LogD Prediction: 3.4207823276519775
21:42:10 <INFO> SMILES: CNCC(=O)n1ccc2cc(Cl)cc(C(=O)NC(C)c3ccc(-c4cncnc4)cc3)c21 | LogD Prediction: 1.9563826322555542
21:42:10 <INFO> SMILES: CC(NC(=O)c1cc(Cl)cc2ccn(C(=O)N3CCN(C)CCC3=O)c12)c1ccc(-c2ccncn2)cc1 | LogD Prediction: 2.362826108932495
21:42:10 <INFO> SMILES: CC(C)NC(=O)n1ccc2cc(Cl)cc(C(=O)NC(C)c3ccc(-c4cn[nH]c4)cc3)c21 | LogD Prediction: 3.323402166366577
21:42:10 <INFO> SMILES: CNC(=O)n1ccc2cc(Cl)cc(C(=O)NC(C)c3ccc(Cn4cc(C#N)c(C)n4)cc3)c21 | LogD Prediction: 3.360764741897583
21:42:10 <INFO> SMILES: CCNC(=O)n1ccc2cc(Cl)cc(C(=O)NC(C)c3ccc(-c4cccc(Br)c4)cc3)c21 | LogD Prediction: 4.455845355987549
21:42:10 <INFO> SMILES: CC(=O)n1ccc2cc(Cl)cc(C(=O)NC(C)c3ccc(-c4nnc(CNC5CCOCC5)o4)cc3)c21 | LogD Prediction: 2.926466464996338
21:42:10 <INFO> SMILES: CCNC(=O)n1ccc2cc(Cl)cc(C(=O)NC(C)c3ccc(-c4ccc(C#N)cn4)cc3)c21 | LogD Prediction: 3.8392088413238525
21:42:10 <INFO> SMILES: CC(NC(=O)c1cc(Cl)cc2ccn(C(=O)N3CCCOCC3)c12)c1ccc(-c2ccncc2)cc1 | LogD Prediction: 2.8926727771759033
21:42:10 <INFO> SMILES: CC(=O)NC1CCN(C(=O)n2ccc3cc(Cl)cc(C(=O)NC(C)c4ccc(-c5ccncc5)cc4)c32)CC1 | LogD Prediction: 2.9546687602996826
21:42:10 <INFO> SMILES: CC(NC(=O)c1cc(Cl)cc2ccn(C(=O)N3CCN(C)CC3)c12)c1ccc(N(C)C)cc1 | LogD Prediction: 2.5176286697387695
21:42:10 <INFO> SMILES: CC(NC(=O)c1cc(Cl)cc2ccn(C(=O)C3CCN(C)CC3)c12)c1ccc(-c2cc[nH]n2)cc1 | LogD Prediction: 2.5137414932250977
21:42:10 <INFO> SMILES: COc1cnccc1-c1ccc(C(C)NC(=O)c2cc(Cl)cc3ccn(C(=O)N(C)C)c23)cc1 | LogD Prediction: 3.371267557144165
21:42:10 <INFO> SMILES: Cc1n[nH]cc1-c1ccc(C(C)NC(=O)c2cc(Cl)cc3ccn(C(=O)N(C)C)c23)cc1 | LogD Prediction: 3.334162473678589
21:42:10 <INFO> SMILES: CC(NC(=O)c1cc(Cl)cc2ccn(CC3CCN(C)CC3)c12)c1ccc(-c2ccncc2)cc1 | LogD Prediction: 2.075357437133789
21:42:10 <INFO> SMILES: CNC(=O)n1ccc2cc(Cl)cc(C(=O)NC(C)c3ccc(-c4cncs4)cc3)c21 | LogD Prediction: 3.8453166484832764
21:42:10 <INFO> SMILES: Cc1cc(C)n(CC(=O)n2ccc3cc(Cl)cc(C(=O)NC(C)c4ccc(Cn5nnc(C)n5)cc4)c32)n1 | LogD Prediction: 3.25675368309021
21:42:10 <INFO> SMILES: CCNC(=O)n1ccc2cc(Cl)cc(C(=O)NC(C)c3ccc(Cn4ccnn4)cc3)c21 | LogD Prediction: 2.884535312652588
21:42:10 <INFO> SMILES: CNC(=O)n1ccc2cc(Cl)cc(C(=O)NC(C)c3ccc(-c4cnc5c(C)ncnn45)cc3)c21 | LogD Prediction: 3.312988519668579
21:42:10 <INFO> SMILES: CC(NC(=O)c1cc(Cl)cc2ccn(C(=O)N(C)C)c12)c1ccc(-c2cnns2)cc1 | LogD Prediction: 3.61920428276062
21:42:10 <INFO> SMILES: CNC(=O)n1ccc2cc(Cl)cc(C(=O)NC(C)c3ccc(-c4ncn[nH]4)cc3)c21 | LogD Prediction: 2.8832945823669434
21:42:10 <INFO> SMILES: CC(NC(=O)c1cc(Cl)cc2ccn(C(=O)N3CCOCC3)c12)c1ccc(Cc2nccs2)cc1 | LogD Prediction: 3.4979264736175537
21:42:10 <INFO> SMILES: CC(=O)NC(=O)n1ccc2cc(Cl)cc(C(=O)NC(C)c3ccc(-c4cccc5nccc(=O)n45)cc3)c21 | LogD Prediction: 2.8504769802093506
21:42:10 <INFO> SMILES: CC(NC(=O)c1cc(Cl)cc2ccn(C(=O)NCCN3CCOCC3)c12)c1ccc(-c2ccccc2)cc1 | LogD Prediction: 3.441603422164917
21:42:10 <INFO> SMILES: CCNC(=O)n1ccc2cc(Cl)cc(C(=O)NC(C)c3ccc(-c4ccc(C)nc4)cc3)c21 | LogD Prediction: 3.83510160446167
21:42:10 <INFO> SMILES: CCNC(=O)n1ccc2cc(Cl)cc(C(=O)NC(C)c3ccc(-c4nc(C)ns4)cc3)c21 | LogD Prediction: 3.8326237201690674
21:42:10 <INFO> SMILES: CC(NC(=O)c1cc(Cl)cc2ccn(C(=O)NCc3ccncc3)c12)c1ccc(-c2n[nH]c(=O)n2C)cc1 | LogD Prediction: 2.402141809463501
21:42:10 <INFO> SMILES: CNC(=O)n1ccc2cc(Cl)cc(C(=O)NC(C)c3ccc(N(C)C)cc3)c21 | LogD Prediction: 3.2280046939849854
21:42:10 <INFO> SMILES: CC(=O)n1ccc2cc(Cl)cc(C(=O)NC(C)c3ccc(-c4cc5cccnc5[nH]4)cc3)c21 | LogD Prediction: 3.6960158348083496
21:42:10 <INFO> SMILES: CC(NC(=O)c1cc(Cl)cc2ccn(C(=O)N(C)C)c12)c1ccc(-c2c[nH]c(=O)[nH]2)cc1 | LogD Prediction: 2.9382150173187256
21:42:10 <INFO> SMILES: CNC(=O)n1ccc2cc(Cl)cc(C(=O)NC(C)c3ccc(-c4cnc5ccccn45)cc3)c21 | LogD Prediction: 3.6114232540130615
21:42:10 <INFO> SMILES: CCNC(=O)n1ccc2cc(Cl)cc(C(=O)NC(C)c3ccc(-c4nnc[nH]4)cc3)c21 | LogD Prediction: 3.011251926422119
21:42:10 <INFO> SMILES: CC(NC(=O)c1cc(Cl)cc2ccn(C(=O)c3cccnc3Cl)c12)c1ccc(-c2cccnc2)cc1 | LogD Prediction: 3.5602822303771973
21:42:10 <INFO> SMILES: CC(NC(=O)c1cc(Cl)cc2ccn(C(=O)c3ccnn3C)c12)c1ccc(-c2cn[nH]c2)cc1 | LogD Prediction: 2.821467161178589
21:42:10 <INFO> SMILES: CC(NC(=O)c1cc(Cl)cc2ccn(C(=O)c3ccccc3)c12)c1ccc(-c2ccn[nH]2)cc1 | LogD Prediction: 3.7020912170410156
21:42:10 <INFO> SMILES: CCN(C)c1ncc(C(=O)n2ccc3cc(Cl)cc(C(=O)NC(C)c4ccc(N5CCOCC5)cc4)c32)cn1 | LogD Prediction: 3.382319211959839
21:42:10 <WARN> [csv_summmary] Missing SMILES in component results: CCN(C)c1ncc(C(=O)n2ccc3cc(Cl)cc(C(=O)NC(C)c4ccc(N5CCOCC5)cc4)c32)cn1. Filling zero scores.
21:42:10 <INFO> Score: 0.02 Agent NLL: 12.34 Valid: 100% Step: 20
 | Agent Prior Target Score SMILES SMILES_state Input_Scaffold R-groups Scaffold QED QED (raw) gnina score gnina score (raw) MW MW (raw) SlogP (RDKit) SlogP (RDKit) (raw) TPSA TPSA (raw) Number of stereo centers Number of stereo centers (raw) Number of HB acceptors (Lipinski) Number of HB acceptors (Lipinski) (raw) Number of HB donors (Lipinski) Number of HB donors (Lipinski) (raw) Number of rotatable bonds Number of rotatable bonds (raw) Number of Heavy atoms Number of Heavy atoms (raw) Molecular Volume (RDKit) Molecular Volume (RDKit) (raw) SA score SA score (raw) herg inactive herg inactive (raw) LogD LogD (raw) Alerts Alerts (raw) matching_patterns (Alerts)
 | 13.0233 20.5304 -6.8592 0.0273424 CNCC(=O)n1ccc2cc(Cl)cc(C(=O)NC(C)c3ccc(-c4ccncc4)cc3)c21 1 c1c2ccn([*])c2c(C(=O)NC(C)c2ccc([*])cc2)cc1Cl *C(=O)CNC|*c1ccncc1 O=C(NCc1ccc(-c2ccncc2)cc1)c1cccc2cc[nH]c12 0.4495273 0.4495 0.0000000 0.0000 0.9925139 446.9380 0.0000001 4.7073 1.0000000 76.0200 1.0000000 1.0000 1.0000000 5.0000 0.5000000 2.0000 0.9090909 6.0000 0.9693466 32.0000 0.8954966 394.0240 0.9024407 3.0677 0.3162243 0.5033 0.9999986 2.0401 1.0000000 1.0000 []
 | 13.6887 17.0088 -14.1027 0.0058122 CC(=O)n1ccc2cc(Cl)cc(C(=O)NC(C)c3ccc(N4CCN(c5ncccn5)CC4)cc3)c21 1 c1c2ccn([*])c2c(C(=O)NC(C)c2ccc([*])cc2)cc1Cl *C(=O)C|C1N(*)CCN(c2ncccn2)C1 O=C(NCc1ccc(N2CCN(c3ncccn3)CC2)cc1)c1cccc2cc[nH]c12 0.4304316 0.4304 0.0000000 0.0000 0.4312228 503.0060 0.0000004 4.5624 1.0000000 83.3600 1.0000000 1.0000 0.9999900 7.0000 0.9467598 1.0000 0.9467598 5.0000 0.9362164 36.0000 0.5715759 442.4880 0.9001030 3.0905 0.0000122 0.5491 0.9120812 3.2460 1.0000000 1.0000 []
 | 12.7332 16.1161 -12.6001 0.0070320 CC(=O)n1ccc2cc(Cl)cc(C(=O)NC(C)c3ccc(-c4cn[nH]n4)cc3)c21 1 c1c2ccn([*])c2c(C(=O)NC(C)c2ccc([*])cc2)cc1Cl *C(=O)C|n1[nH]ncc1* O=C(NCc1ccc(-c2cn[nH]n2)cc1)c1cccc2cc[nH]c12 0.5290408 0.5290 0.0000000 0.0000 0.9997938 407.8610 0.0000026 4.2309 0.9999998 92.6700 1.0000000 1.0000 1.0000000 5.0000 0.5000000 2.0000 0.9693466 4.0000 0.9825279 29.0000 0.9806951 347.6480 0.8921034 3.1652 0.0000068 0.5517 0.9575747 3.1616 1.0000000 1.0000 []
 | 13.8352 15.4174 -9.8499 0.0111350 CC(NC(=O)c1cc(Cl)cc2ccn(C(=O)N(C)C)c12)c1ccc(C(F)F)cc1 1 c1c2ccn([*])c2c(C(=O)NC(C)c2ccc([*])cc2)cc1Cl *C(=O)N(C)C|C(F)(*)F O=C(NCc1ccccc1)c1cccc2cc[nH]c12 0.6272849 0.6273 0.0000000 0.0000 0.9993775 419.8590 0.0000000 5.2530 1.0000000 54.3400 1.0000000 1.0000 1.0000000 3.0000 0.9467598 1.0000 0.9693466 4.0000 0.9825279 29.0000 0.9751121 354.4160 0.8950747 3.1380 0.3076322 0.5035 0.0239952 3.9023 1.0000000 1.0000 []
 | 8.5604 13.0920 3.4213 0.0330265 CC(NC(=O)c1cc(Cl)cc2ccn(C(=O)N(C)C)c12)c1ccc(N2CCOCC2)cc1 1 c1c2ccn([*])c2c(C(=O)NC(C)c2ccc([*])cc2)cc1Cl *C(=O)N(C)C|C1COCCN1* O=C(NCc1ccc(N2CCOCC2)cc1)c1cccc2cc[nH]c12 0.6426546 0.6427 0.0000000 0.0000 0.9844576 454.9580 0.0000042 4.1520 1.0000000 66.8100 1.0000000 1.0000 1.0000000 5.0000 0.9467598 1.0000 0.9693466 4.0000 0.9693466 32.0000 0.8553237 403.6960 0.9037104 3.0551 1.0000000 0.2836 0.9221102 3.2317 1.0000000 1.0000 []
 | 8.8818 12.8751 -12.8751 0.0000000 CC(NC(=O)c1cc(Cl)cc2ccn(C(=O)N(C)C)c12)c1ccc(N2CCOCC2)cc1 2 c1c2ccn([*])c2c(C(=O)NC(C)c2ccc([*])cc2)cc1Cl *C(=O)N(C)C|C1N(*)CCOC1 O=C(NCc1ccc(N2CCOCC2)cc1)c1cccc2cc[nH]c12 0.0000000 0.6427 0.0000000 0.0000 0.0000000 454.9580 0.0000000 4.1520 0.0000000 66.8100 0.0000000 1.0000 0.0000000 5.0000 0.0000000 1.0000 0.0000000 4.0000 0.0000000 32.0000 0.0000000 403.6960 0.0000000 3.0551 0.0000000 0.2836 0.0000000 3.2317 0.0000000 1.0000 []
 | 13.3767 19.5127 -3.5818 0.0318617 CC(NC(=O)c1cc(Cl)cc2ccn(C(=O)N(C)C)c12)c1ccc(-c2cnc[nH]2)cc1 1 c1c2ccn([*])c2c(C(=O)NC(C)c2ccc([*])cc2)cc1Cl *C(=O)N(C)C|c1(*)cnc[nH]1 O=C(NCc1ccc(-c2cnc[nH]2)cc1)c1cccc2cc[nH]c12 0.4867828 0.4868 0.0000000 0.0000 0.9972747 435.9150 0.0000001 4.7055 1.0000000 83.0200 1.0000000 1.0000 1.0000000 4.0000 0.5000000 2.0000 0.9693466 4.0000 0.9745624 31.0000 0.9377212 379.3360 0.8855325 3.2230 1.0000000 0.3763 0.9611714 3.1516 1.0000000 1.0000 []
 | 12.0231 17.4560 -15.5726 0.0037668 CC(NC(=O)c1cc(Cl)cc2ccn(C(=O)N(C)C)c12)c1ccc(-c2ccc(C#N)cc2)cc1 1 c1c2ccn([*])c2c(C(=O)NC(C)c2ccc([*])cc2)cc1Cl *C(=O)N(C)C|c1(C#N)ccc(*)cc1 O=C(NCc1ccc(-c2ccccc2)cc1)c1cccc2cc[nH]c12 0.4057801 0.4058 0.0000000 0.0000 0.9355162 470.9600 0.0000000 5.8541 1.0000000 78.1300 1.0000000 1.0000 1.0000000 4.0000 0.9467598 1.0000 0.9693466 4.0000 0.9556430 34.0000 0.7755674 417.6880 0.9056367 3.0357 0.0008353 0.5308 0.0097386 4.0018 1.0000000 1.0000 []
 | 18.3479 25.6711 -11.6009 0.0281402 CC(NC(=O)c1cc(Cl)cc2ccn(C(=O)N(C)C)c12)c1ccc(-c2nnc3ncccn23)cc1 1 c1c2ccn([*])c2c(C(=O)NC(C)c2ccc([*])cc2)cc1Cl *C(=O)N(C)C|n1c(*)n2cccnc2n1 O=C(NCc1ccc(-c2nnc3ncccn23)cc1)c1cccc2cc[nH]c12 0.4044359 0.4044 0.0000000 0.0000 0.7520834 487.9510 0.0000008 4.4201 0.9999992 97.4200 1.0000000 1.0000 0.9999900 7.0000 0.9467598 1.0000 0.9693466 4.0000 0.9467598 35.0000 0.7897678 415.5120 0.8700441 3.3485 1.0000000 0.3814 0.8939562 3.2685 1.0000000 1.0000 []
 | 10.8726 17.0006 -2.2519 0.0294973 CC(NC(=O)c1cc(Cl)cc2ccn(C(=O)NC3CC3)c12)c1ccc(N2CCOCC2)cc1 1 c1c2ccn([*])c2c(C(=O)NC(C)c2ccc([*])cc2)cc1Cl *C(=O)NC1CC1|N1(*)CCOCC1 O=C(NCc1ccc(N2CCOCC2)cc1)c1cccc2ccn(C(=O)NC3CC3)c12 0.5860808 0.5861 0.0000000 0.0000 0.9544476 466.9690 0.0000014 4.3424 1.0000000 75.6000 1.0000000 1.0000 1.0000000 5.0000 0.5000000 2.0000 0.9467598 5.0000 0.9631018 33.0000 0.8006158 413.7760 0.9031678 3.0605 0.9998775 0.4609 0.6529115 3.4314 1.0000000 1.0000 []
21:42:10 <WARN> [tensorboard] Missing SMILES in component results: CCN(C)c1ncc(C(=O)n2ccc3cc(Cl)cc(C(=O)NC(C)c4ccc(N5CCOCC5)cc4)c32)cn1. Filling zeros.
21:42:11 <WARN> Maximum number of steps of 20 reached in stage 1. Terminating all stages.
21:42:11 <INFO> Peak main memory usage: 2544.336 MiB
21:42:11 <INFO> Finished REINVENT on 2025-08-29
