Agent,Prior,Target,Score,SMILES,SMILES_state,Input_Scaffold,R-groups,Scaffold,QED,QED (raw),gnina score,gnina score (raw),MW,MW (raw),SlogP (RDKit),SlogP (RDKit) (raw),TPSA,TPSA (raw),Number of stereo centers,Number of stereo centers (raw),Number of HB acceptors (Lipinski),Number of HB acceptors (Lipinski) (raw),Number of HB donors (Lipinski),Number of HB donors (Lipinski) (raw),Number of rotatable bonds,Number of rotatable bonds (raw),Number of Heavy atoms,Number of Heavy atoms (raw),Molecular Volume (RDKit),Molecular Volume (RDKit) (raw),SA score,SA score (raw),herg inactive,herg inactive (raw),LogD,LogD (raw),Alerts,Alerts (raw),matching_patterns (Alerts),step
8.2616,8.9166,-8.9166,0.0000000,CC(=O)n1ccc2cc(Cl)cc(C(=O)NC(C)c3ccc(N)cc3)c21,1,c1n([*])c2c(C(=O)NC(c3ccc([*])cc3)C)cc(Cl)cc2c1,*C(=O)C|*N,O=C(NCc1ccccc1)c1cccc2cc[nH]c12,0.0000000,0.0000,0.0000000,0.0000,0.0000000,0.0000,0.0000000,0.0000,0.0000000,0.0000,0.0000000,0.0000,0.0000000,0.0000,0.0000000,0.0000,0.0000000,0.0000,0.0000000,0.0000,0.0000000,0.0000,0.0000000,0.0000,0.0000000,0.0000,0.0000000,0.0000,0.0000000,0.0000,['[NH2]'],1
6.0848,6.1554,0.0422,0.0123953,CC(=O)n1ccc2cc(Cl)cc(C(=O)NC(C)c3ccc(C)cc3)c21,1,c1n([*])c2c(C(=O)NC(c3ccc([*])cc3)C)cc(Cl)cc2c1,*C(=O)C|C*,O=C(NCc1ccccc1)c1cccc2cc[nH]c12,0.7371775,0.7372,-8.4743900,-8.4744,0.9999985,354.8370,0.0000001,4.7542,1.0000000,51.1000,1.0000000,1.0000,1.0000000,3.0000,0.9467598,1.0000,0.9825279,3.0000,0.9918135,25.0000,0.9945430,314.3600,0.9289556,2.7671,0.0000238,0.5462,3.6959622,3.6960,1.0000000,1.0000,[],1
7.8866,8.6788,-6.3929,0.0045718,CNC(=O)n1ccc2cc(Cl)cc(C(=O)NC(C)c3ccc(C(F)(F)F)cc3)c21,1,c1n([*])c2c(C(=O)NC(c3ccc([*])cc3)C)cc(Cl)cc2c1,*C(=O)NC|FC(F)(F)*,O=C(NCc1ccccc1)c1cccc2cc[nH]c12,0.6229005,0.6229,-10.8909000,-10.8909,0.9991036,423.8220,0.0000000,4.9920,1.0000000,63.1300,1.0000000,1.0000,1.0000000,3.0000,0.5000000,2.0000,0.9825279,3.0000,0.9825279,29.0000,0.9828362,344.5280,0.9065567,3.0263,0.0000000,0.6101,4.1556993,4.1557,1.0000000,1.0000,[],1
6.8175,6.7488,-6.7488,0.0000000,CC(NC(=O)c1cc(Cl)cc2ccn(C(N)=O)c12)c1ccc(C(C)(C)C)cc1,1,c1n([*])c2c(C(=O)NC(c3ccc([*])cc3)C)cc(Cl)cc2c1,*C(=O)N|*C(C)(C)C,O=C(NCc1ccccc1)c1cccc2cc[nH]c12,0.0000000,0.0000,0.0000000,0.0000,0.0000000,0.0000,0.0000000,0.0000,0.0000000,0.0000,0.0000000,0.0000,0.0000000,0.0000,0.0000000,0.0000,0.0000000,0.0000,0.0000000,0.0000,0.0000000,0.0000,0.0000000,0.0000,0.0000000,0.0000,0.0000000,0.0000,0.0000000,0.0000,['[NH2]'],1
11.7533,12.1284,-12.1284,0.0000000,CC(NC(=O)c1cc(Cl)cc2ccn(C(N)=O)c12)c1ccc(CC(=O)O)cc1,1,c1n([*])c2c(C(=O)NC(c3ccc([*])cc3)C)cc(Cl)cc2c1,*C(=O)N|C(*)C(O)=O,O=C(NCc1ccccc1)c1cccc2cc[nH]c12,0.0000000,0.0000,0.0000000,0.0000,0.0000000,0.0000,0.0000000,0.0000,0.0000000,0.0000,0.0000000,0.0000,0.0000000,0.0000,0.0000000,0.0000,0.0000000,0.0000,0.0000000,0.0000,0.0000000,0.0000,0.0000000,0.0000,0.0000000,0.0000,0.0000000,0.0000,0.0000000,0.0000,"['C(=[O,S])[O,S]', '[NH2]', '[OH]']",1
9.5172,10.6971,-10.6971,0.0000000,CC(NC(=O)c1cc(Cl)cc2ccn(C(N)=O)c12)c1ccc(-c2ccncc2)cc1,1,c1n([*])c2c(C(=O)NC(c3ccc([*])cc3)C)cc(Cl)cc2c1,*C(=O)N|c1c(*)ccnc1,O=C(NCc1ccc(-c2ccncc2)cc1)c1cccc2cc[nH]c12,0.0000000,0.0000,0.0000000,0.0000,0.0000000,0.0000,0.0000000,0.0000,0.0000000,0.0000,0.0000000,0.0000,0.0000000,0.0000,0.0000000,0.0000,0.0000000,0.0000,0.0000000,0.0000,0.0000000,0.0000,0.0000000,0.0000,0.0000000,0.0000,0.0000000,0.0000,0.0000000,0.0000,['[NH2]'],1
5.7367,5.6982,-5.6982,0.0000000,CC(NC(=O)c1cc(Cl)cc2ccn(C(=O)OC(C)(C)C)c12)c1ccc(C(F)(F)F)cc1,1,c1n([*])c2c(C(=O)NC(c3ccc([*])cc3)C)cc(Cl)cc2c1,*C(=O)OC(C)(C)C|*C(F)(F)F,O=C(NCc1ccccc1)c1cccc2cc[nH]c12,0.0000000,0.0000,0.0000000,0.0000,0.0000000,0.0000,0.0000000,0.0000,0.0000000,0.0000,0.0000000,0.0000,0.0000000,0.0000,0.0000000,0.0000,0.0000000,0.0000,0.0000000,0.0000,0.0000000,0.0000,0.0000000,0.0000,0.0000000,0.0000,0.0000000,0.0000,0.0000000,0.0000,"['C(=[O,S])[O,S]']",1
7.9976,8.0956,-8.0956,0.0000000,CC(NC(=O)c1cc(Cl)cc2ccn(C(=O)OC(C)(C)C)c12)c1ccc(N(C)C)cc1,1,c1n([*])c2c(C(=O)NC(c3ccc([*])cc3)C)cc(Cl)cc2c1,*C(=O)OC(C)(C)C|*N(C)C,O=C(NCc1ccccc1)c1cccc2cc[nH]c12,0.0000000,0.0000,0.0000000,0.0000,0.0000000,0.0000,0.0000000,0.0000,0.0000000,0.0000,0.0000000,0.0000,0.0000000,0.0000,0.0000000,0.0000,0.0000000,0.0000,0.0000000,0.0000,0.0000000,0.0000,0.0000000,0.0000,0.0000000,0.0000,0.0000000,0.0000,0.0000000,0.0000,"['C(=[O,S])[O,S]']",1
5.6237,5.2121,-5.2121,0.0000000,Cc1ccc(C(C)NC(=O)c2cc(Cl)cc3ccn(C(=O)OC(C)(C)C)c23)cc1,1,c1n([*])c2c(C(=O)NC(c3ccc([*])cc3)C)cc(Cl)cc2c1,*C(=O)OC(C)(C)C|C*,O=C(NCc1ccccc1)c1cccc2cc[nH]c12,0.0000000,0.0000,0.0000000,0.0000,0.0000000,0.0000,0.0000000,0.0000,0.0000000,0.0000,0.0000000,0.0000,0.0000000,0.0000,0.0000000,0.0000,0.0000000,0.0000,0.0000000,0.0000,0.0000000,0.0000,0.0000000,0.0000,0.0000000,0.0000,0.0000000,0.0000,0.0000000,0.0000,"['C(=[O,S])[O,S]']",1
24.8645,24.3394,-24.3394,0.0000000,CC(NC(=O)c1cc(Cl)cc2ccn(C(=O)OC(C)(C)C)c12)c1ccc(CC2(C(=O)NO)CN3CCC2CC3)cc1,1,c1n([*])c2c(C(=O)NC(c3ccc([*])cc3)C)cc(Cl)cc2c1,*C(=O)OC(C)(C)C|C1(C*)(C(=O)NO)C2CCN(CC2)C1,O=C(NCc1ccc(CC2CN3CCC2CC3)cc1)c1cccc2cc[nH]c12,0.0000000,0.0000,0.0000000,0.0000,0.0000000,0.0000,0.0000000,0.0000,0.0000000,0.0000,0.0000000,0.0000,0.0000000,0.0000,0.0000000,0.0000,0.0000000,0.0000,0.0000000,0.0000,0.0000000,0.0000,0.0000000,0.0000,0.0000000,0.0000,0.0000000,0.0000,0.0000000,0.0000,"['C(=[O,S])[O,S]', '[OH]']",1
7.5345,7.3044,-7.3043,0.0000000,CC(NC(=O)c1cc(Cl)cc2ccn(C(=O)OC(C)(C)C)c12)c1ccc(N(C)C)cc1,2,c1n([*])c2c(C(=O)NC(c3ccc([*])cc3)C)cc(Cl)cc2c1,*C(=O)OC(C)(C)C|CN(*)C,O=C(NCc1ccccc1)c1cccc2cc[nH]c12,0.0000000,0.0000,0.0000000,0.0000,0.0000000,0.0000,0.0000000,0.0000,0.0000000,0.0000,0.0000000,0.0000,0.0000000,0.0000,0.0000000,0.0000,0.0000000,0.0000,0.0000000,0.0000,0.0000000,0.0000,0.0000000,0.0000,0.0000000,0.0000,0.0000000,0.0000,0.0000000,0.0000,"['C(=[O,S])[O,S]']",1
7.7160,7.7621,-7.7621,0.0000000,CC(NC(=O)c1cc(Cl)cc2ccn(C(=O)OC(C)(C)C)c12)c1ccc(N(C)C)cc1,2,c1n([*])c2c(C(=O)NC(c3ccc([*])cc3)C)cc(Cl)cc2c1,*C(=O)OC(C)(C)C|CN(C)*,O=C(NCc1ccccc1)c1cccc2cc[nH]c12,0.0000000,0.0000,0.0000000,0.0000,0.0000000,0.0000,0.0000000,0.0000,0.0000000,0.0000,0.0000000,0.0000,0.0000000,0.0000,0.0000000,0.0000,0.0000000,0.0000,0.0000000,0.0000,0.0000000,0.0000,0.0000000,0.0000,0.0000000,0.0000,0.0000000,0.0000,0.0000000,0.0000,"['C(=[O,S])[O,S]']",1
8.0274,6.6522,-6.6522,0.0000000,CC(NC(=O)c1cc(Cl)cc2ccn(C(=O)OC(C)(C)C)c12)c1ccc(C(F)(F)F)cc1,2,c1n([*])c2c(C(=O)NC(c3ccc([*])cc3)C)cc(Cl)cc2c1,*C(=O)OC(C)(C)C|FC(F)(*)F,O=C(NCc1ccccc1)c1cccc2cc[nH]c12,0.0000000,0.0000,0.0000000,0.0000,0.0000000,0.0000,0.0000000,0.0000,0.0000000,0.0000,0.0000000,0.0000,0.0000000,0.0000,0.0000000,0.0000,0.0000000,0.0000,0.0000000,0.0000,0.0000000,0.0000,0.0000000,0.0000,0.0000000,0.0000,0.0000000,0.0000,0.0000000,0.0000,"['C(=[O,S])[O,S]']",1
13.0603,12.9812,-12.9812,0.0000000,COc1ccccc1-c1ccc(C(C)NC(=O)c2cc(Cl)cc3ccn(C(=O)OC(C)(C)C)c23)cc1,1,c1n([*])c2c(C(=O)NC(c3ccc([*])cc3)C)cc(Cl)cc2c1,*C(=O)OC(C)(C)C|c1cc(OC)c(*)cc1,O=C(NCc1ccc(-c2ccccc2)cc1)c1cccc2cc[nH]c12,0.0000000,0.0000,0.0000000,0.0000,0.0000000,0.0000,0.0000000,0.0000,0.0000000,0.0000,0.0000000,0.0000,0.0000000,0.0000,0.0000000,0.0000,0.0000000,0.0000,0.0000000,0.0000,0.0000000,0.0000,0.0000000,0.0000,0.0000000,0.0000,0.0000000,0.0000,0.0000000,0.0000,"['C(=[O,S])[O,S]']",1
8.3524,9.3898,-9.3898,0.0000000,Cc1ccc(C(C)NC(=O)c2cc(Cl)cc3ccn(C(=O)OCc4ccccc4)c23)cc1,1,c1n([*])c2c(C(=O)NC(c3ccc([*])cc3)C)cc(Cl)cc2c1,*C(=O)OCc1ccccc1|C*,O=C(NCc1ccccc1)c1cccc2ccn(C(=O)OCc3ccccc3)c12,0.0000000,0.0000,0.0000000,0.0000,0.0000000,0.0000,0.0000000,0.0000,0.0000000,0.0000,0.0000000,0.0000,0.0000000,0.0000,0.0000000,0.0000,0.0000000,0.0000,0.0000000,0.0000,0.0000000,0.0000,0.0000000,0.0000,0.0000000,0.0000,0.0000000,0.0000,0.0000000,0.0000,"['C(=[O,S])[O,S]']",1
10.8031,9.8668,-9.8668,0.0000000,COC(=O)n1ccc2cc(Cl)cc(C(=O)NC(C)c3ccc(C(F)(F)F)cc3)c21,1,c1n([*])c2c(C(=O)NC(c3ccc([*])cc3)C)cc(Cl)cc2c1,*C(=O)OC|FC(F)(F)*,O=C(NCc1ccccc1)c1cccc2cc[nH]c12,0.0000000,0.0000,0.0000000,0.0000,0.0000000,0.0000,0.0000000,0.0000,0.0000000,0.0000,0.0000000,0.0000,0.0000000,0.0000,0.0000000,0.0000,0.0000000,0.0000,0.0000000,0.0000,0.0000000,0.0000,0.0000000,0.0000,0.0000000,0.0000,0.0000000,0.0000,0.0000000,0.0000,"['C(=[O,S])[O,S]']",1
6.3179,6.6716,-6.6716,0.0000000,CC(=O)n1ccc2cc(Cl)cc(C(=O)NC(C)c3ccc(C)cc3)c21,2,c1n([*])c2c(C(=O)NC(c3ccc([*])cc3)C)cc(Cl)cc2c1,*C(C)=O|*C,O=C(NCc1ccccc1)c1cccc2cc[nH]c12,0.0000000,0.7372,-0.0000000,-8.4744,0.0000000,354.8370,0.0000000,4.7542,0.0000000,51.1000,0.0000000,1.0000,0.0000000,3.0000,0.0000000,1.0000,0.0000000,3.0000,0.0000000,25.0000,0.0000000,314.3600,0.0000000,2.7671,0.0000000,0.5462,0.0000000,3.6960,0.0000000,1.0000,[],1
6.1473,6.2167,-3.9006,0.0046322,CC(=O)n1ccc2cc(Cl)cc(C(=O)NC(C)c3ccc(C(F)(F)F)cc3)c21,1,c1n([*])c2c(C(=O)NC(c3ccc([*])cc3)C)cc(Cl)cc2c1,*C(C)=O|*C(F)(F)F,O=C(NCc1ccccc1)c1cccc2cc[nH]c12,0.6248520,0.6249,-10.5477300,-10.5477,0.9997750,408.8070,0.0000000,5.4646,1.0000000,51.1000,1.0000000,1.0000,1.0000000,3.0000,0.9467598,1.0000,0.9825279,3.0000,0.9855343,28.0000,0.9893403,331.9440,0.9169239,2.9143,0.0000000,0.6741,4.3612804,4.3613,1.0000000,1.0000,[],1
7.6616,7.4951,-7.4951,0.0000000,CC(=O)n1ccc2cc(Cl)cc(C(=O)NC(C)c3ccc(N)cc3)c21,2,c1n([*])c2c(C(=O)NC(c3ccc([*])cc3)C)cc(Cl)cc2c1,*C(C)=O|N*,O=C(NCc1ccccc1)c1cccc2cc[nH]c12,0.0000000,0.0000,0.0000000,0.0000,0.0000000,0.0000,0.0000000,0.0000,0.0000000,0.0000,0.0000000,0.0000,0.0000000,0.0000,0.0000000,0.0000,0.0000000,0.0000,0.0000000,0.0000,0.0000000,0.0000,0.0000000,0.0000,0.0000000,0.0000,0.0000000,0.0000,0.0000000,0.0000,['[NH2]'],1
10.2222,10.2921,-10.2921,0.0000000,CC(=O)n1ccc2cc(Cl)cc(C(=O)NC(C)c3ccc(CC(=O)O)cc3)c21,1,c1n([*])c2c(C(=O)NC(c3ccc([*])cc3)C)cc(Cl)cc2c1,*C(C)=O|O=C(O)C*,O=C(NCc1ccccc1)c1cccc2cc[nH]c12,0.0000000,0.0000,0.0000000,0.0000,0.0000000,0.0000,0.0000000,0.0000,0.0000000,0.0000,0.0000000,0.0000,0.0000000,0.0000,0.0000000,0.0000,0.0000000,0.0000,0.0000000,0.0000,0.0000000,0.0000,0.0000000,0.0000,0.0000000,0.0000,0.0000000,0.0000,0.0000000,0.0000,"['C(=[O,S])[O,S]', '[OH]']",1
16.2465,17.1923,-15.1419,0.0041008,CC(NC(=O)c1cc(Cl)cc2ccn(C(=O)C3CCCN3C)c12)c1ccc(C(C)(C)C)cc1,1,c1n([*])c2c(C(=O)NC(c3ccc([*])cc3)C)cc(Cl)cc2c1,*C(C1N(C)CCC1)=O|*C(C)(C)C,O=C(NCc1ccccc1)c1cccc2ccn(C(=O)C3CCCN3)c12,0.5279567,0.5280,-6.7849500,-6.7850,0.9580818,466.0250,0.0000000,5.8176,1.0000000,54.3400,1.0000000,2.0000,1.0000000,4.0000,0.9467598,1.0000,0.9693466,4.0000,0.9631018,33.0000,0.6662759,431.9840,0.8618423,3.4099,0.0000000,0.8908,3.1838679,3.1839,1.0000000,1.0000,[],1
18.8136,16.7416,-16.7416,0.0000000,CC(NC(=O)c1cc(Cl)cc2ccn(C(N)=O)c12)c1ccc(Nc2ccncn2)cc1,1,c1n([*])c2c(C(=O)NC(c3ccc([*])cc3)C)cc(Cl)cc2c1,*C(N)=O|c1(N*)ccncn1,O=C(NCc1ccc(Nc2ccncn2)cc1)c1cccc2cc[nH]c12,0.0000000,0.0000,0.0000000,0.0000,0.0000000,0.0000,0.0000000,0.0000,0.0000000,0.0000,0.0000000,0.0000,0.0000000,0.0000,0.0000000,0.0000,0.0000000,0.0000,0.0000000,0.0000,0.0000000,0.0000,0.0000000,0.0000,0.0000000,0.0000,0.0000000,0.0000,0.0000000,0.0000,['[NH2]'],1
7.4047,7.4973,-7.4973,0.0000000,CC(NC(=O)c1cc(Cl)cc2ccn(C(=O)OC(C)(C)C)c12)c1ccc(C(F)(F)F)cc1,2,c1n([*])c2c(C(=O)NC(c3ccc([*])cc3)C)cc(Cl)cc2c1,*C(OC(C)(C)C)=O|C(F)(*)(F)F,O=C(NCc1ccccc1)c1cccc2cc[nH]c12,0.0000000,0.0000,0.0000000,0.0000,0.0000000,0.0000,0.0000000,0.0000,0.0000000,0.0000,0.0000000,0.0000,0.0000000,0.0000,0.0000000,0.0000,0.0000000,0.0000,0.0000000,0.0000,0.0000000,0.0000,0.0000000,0.0000,0.0000000,0.0000,0.0000000,0.0000,0.0000000,0.0000,"['C(=[O,S])[O,S]']",1
5.4507,5.6774,-5.6774,0.0000000,Cc1ccc(C(C)NC(=O)c2cc(Cl)cc3ccn(C(=O)OC(C)(C)C)c23)cc1,2,c1n([*])c2c(C(=O)NC(c3ccc([*])cc3)C)cc(Cl)cc2c1,*C(OC(C)(C)C)=O|C*,O=C(NCc1ccccc1)c1cccc2cc[nH]c12,0.0000000,0.0000,0.0000000,0.0000,0.0000000,0.0000,0.0000000,0.0000,0.0000000,0.0000,0.0000000,0.0000,0.0000000,0.0000,0.0000000,0.0000,0.0000000,0.0000,0.0000000,0.0000,0.0000000,0.0000,0.0000000,0.0000,0.0000000,0.0000,0.0000000,0.0000,0.0000000,0.0000,"['C(=[O,S])[O,S]']",1
6.8810,6.8452,-6.8452,0.0000000,CC(NC(=O)c1cc(Cl)cc2ccn(C(=O)OC(C)(C)C)c12)c1ccc(C(C)(C)C)cc1,1,c1n([*])c2c(C(=O)NC(c3ccc([*])cc3)C)cc(Cl)cc2c1,*C(OC(C)(C)C)=O|CC(*)(C)C,O=C(NCc1ccccc1)c1cccc2cc[nH]c12,0.0000000,0.0000,0.0000000,0.0000,0.0000000,0.0000,0.0000000,0.0000,0.0000000,0.0000,0.0000000,0.0000,0.0000000,0.0000,0.0000000,0.0000,0.0000000,0.0000,0.0000000,0.0000,0.0000000,0.0000,0.0000000,0.0000,0.0000000,0.0000,0.0000000,0.0000,0.0000000,0.0000,"['C(=[O,S])[O,S]']",1
17.1108,15.3700,-15.3700,0.0000000,CC(NC(=O)c1cc(Cl)cc2ccn(C(=O)OC(C)(C)C)c12)c1ccc(-c2ccc(C(=O)O)nc2)cc1,1,c1n([*])c2c(C(=O)NC(c3ccc([*])cc3)C)cc(Cl)cc2c1,*C(OC(C)(C)C)=O|n1c(C(O)=O)ccc(*)c1,O=C(NCc1ccc(-c2cccnc2)cc1)c1cccc2cc[nH]c12,0.0000000,0.0000,0.0000000,0.0000,0.0000000,0.0000,0.0000000,0.0000,0.0000000,0.0000,0.0000000,0.0000,0.0000000,0.0000,0.0000000,0.0000,0.0000000,0.0000,0.0000000,0.0000,0.0000000,0.0000,0.0000000,0.0000,0.0000000,0.0000,0.0000000,0.0000,0.0000000,0.0000,"['C(=[O,S])[O,S]', '[OH]']",1
8.3398,8.1670,-5.8852,0.0045637,CC(=O)n1ccc2cc(Cl)cc(C(=O)NC(C)c3ccc(C(C)(C)C)cc3)c21,1,c1n([*])c2c(C(=O)NC(c3ccc([*])cc3)C)cc(Cl)cc2c1,C(*)(=O)C|CC(C)(C)*,O=C(NCc1ccccc1)c1cccc2cc[nH]c12,0.6129085,0.6129,-7.9375800,-7.9376,0.9999247,396.9180,0.0000000,5.7433,1.0000000,51.1000,1.0000000,1.0000,1.0000000,3.0000,0.9467598,1.0000,0.9825279,3.0000,0.9855343,28.0000,0.9651196,363.4800,0.9191686,2.8884,0.0000000,0.6820,4.1704326,4.1704,1.0000000,1.0000,[],1
16.2565,14.9646,-14.9646,0.0000000,CC(NC(=O)c1cc(Cl)cc2ccn(C(=O)OC(C)(C)C)c12)c1ccc(N2CCCNCC2)cc1,1,c1n([*])c2c(C(=O)NC(c3ccc([*])cc3)C)cc(Cl)cc2c1,C(*)(=O)OC(C)(C)C|C1CCN(*)CCN1,O=C(NCc1ccc(N2CCCNCC2)cc1)c1cccc2cc[nH]c12,0.0000000,0.0000,0.0000000,0.0000,0.0000000,0.0000,0.0000000,0.0000,0.0000000,0.0000,0.0000000,0.0000,0.0000000,0.0000,0.0000000,0.0000,0.0000000,0.0000,0.0000000,0.0000,0.0000000,0.0000,0.0000000,0.0000,0.0000000,0.0000,0.0000000,0.0000,0.0000000,0.0000,"['C(=[O,S])[O,S]']",1
23.2552,22.4275,-22.4275,0.0000000,CC(NC(=O)c1cc(Cl)cc2ccn(C(=O)OC(C)(C)C)c12)c1ccc(-c2cnc3c(N)n[nH]c(=O)n23)cc1,1,c1n([*])c2c(C(=O)NC(c3ccc([*])cc3)C)cc(Cl)cc2c1,C(*)(=O)OC(C)(C)C|c1(=O)[nH]nc(N)c2ncc(*)n12,O=C(NCc1ccc(-c2cnc3cn[nH]c(=O)n23)cc1)c1cccc2cc[nH]c12,0.0000000,0.0000,0.0000000,0.0000,0.0000000,0.0000,0.0000000,0.0000,0.0000000,0.0000,0.0000000,0.0000,0.0000000,0.0000,0.0000000,0.0000,0.0000000,0.0000,0.0000000,0.0000,0.0000000,0.0000,0.0000000,0.0000,0.0000000,0.0000,0.0000000,0.0000,0.0000000,0.0000,"['C(=[O,S])[O,S]', '[NH2]']",1
7.2405,7.7714,-7.7714,0.0000000,CC(=O)n1ccc2cc(Cl)cc(C(=O)NC(C)c3ccc(C)cc3)c21,2,c1n([*])c2c(C(=O)NC(c3ccc([*])cc3)C)cc(Cl)cc2c1,C(*)(C)=O|*C,O=C(NCc1ccccc1)c1cccc2cc[nH]c12,0.0000000,0.7372,-0.0000000,-8.4744,0.0000000,354.8370,0.0000000,4.7542,0.0000000,51.1000,0.0000000,1.0000,0.0000000,3.0000,0.0000000,1.0000,0.0000000,3.0000,0.0000000,25.0000,0.0000000,314.3600,0.0000000,2.7671,0.0000000,0.5462,0.0000000,3.6960,0.0000000,1.0000,[],1
7.5483,6.9727,-6.9727,0.0000000,Cc1ccc(C(C)NC(=O)c2cc(Cl)cc3ccn(C(=O)OC(C)(C)C)c23)cc1,2,c1n([*])c2c(C(=O)NC(c3ccc([*])cc3)C)cc(Cl)cc2c1,C(*)(OC(C)(C)C)=O|C*,O=C(NCc1ccccc1)c1cccc2cc[nH]c12,0.0000000,0.0000,0.0000000,0.0000,0.0000000,0.0000,0.0000000,0.0000,0.0000000,0.0000,0.0000000,0.0000,0.0000000,0.0000,0.0000000,0.0000,0.0000000,0.0000,0.0000000,0.0000,0.0000000,0.0000,0.0000000,0.0000,0.0000000,0.0000,0.0000000,0.0000,0.0000000,0.0000,"['C(=[O,S])[O,S]']",1
10.9367,11.2605,-11.2605,0.0000000,CC(C)c1ccc(C(C)NC(=O)c2cc(Cl)cc3ccn(C(=O)OC(C)(C)C)c23)cc1,1,c1n([*])c2c(C(=O)NC(c3ccc([*])cc3)C)cc(Cl)cc2c1,C(*)(OC(C)(C)C)=O|CC(C)*,O=C(NCc1ccccc1)c1cccc2cc[nH]c12,0.0000000,0.0000,0.0000000,0.0000,0.0000000,0.0000,0.0000000,0.0000,0.0000000,0.0000,0.0000000,0.0000,0.0000000,0.0000,0.0000000,0.0000,0.0000000,0.0000,0.0000000,0.0000,0.0000000,0.0000,0.0000000,0.0000,0.0000000,0.0000,0.0000000,0.0000,0.0000000,0.0000,"['C(=[O,S])[O,S]']",1
7.5263,7.7900,-7.7900,0.0000000,CC(=O)n1ccc2cc(Cl)cc(C(=O)NC(C)c3ccc(C)cc3)c21,2,c1n([*])c2c(C(=O)NC(c3ccc([*])cc3)C)cc(Cl)cc2c1,C(=O)(*)C|*C,O=C(NCc1ccccc1)c1cccc2cc[nH]c12,0.0000000,0.7372,-0.0000000,-8.4744,0.0000000,354.8370,0.0000000,4.7542,0.0000000,51.1000,0.0000000,1.0000,0.0000000,3.0000,0.0000000,1.0000,0.0000000,3.0000,0.0000000,25.0000,0.0000000,314.3600,0.0000000,2.7671,0.0000000,0.5462,0.0000000,3.6960,0.0000000,1.0000,[],1
18.5436,18.6193,-18.6193,0.0000000,CC(=O)n1ccc2cc(Cl)cc(C(=O)NC(C)c3ccc(-c4ccc(C(=O)O)cc4F)cc3)c21,1,c1n([*])c2c(C(=O)NC(c3ccc([*])cc3)C)cc(Cl)cc2c1,C(=O)(*)C|*c1c(F)cc(C(=O)O)cc1,O=C(NCc1ccc(-c2ccccc2)cc1)c1cccc2cc[nH]c12,0.0000000,0.0000,0.0000000,0.0000,0.0000000,0.0000,0.0000000,0.0000,0.0000000,0.0000,0.0000000,0.0000,0.0000000,0.0000,0.0000000,0.0000,0.0000000,0.0000,0.0000000,0.0000,0.0000000,0.0000,0.0000000,0.0000,0.0000000,0.0000,0.0000000,0.0000,0.0000000,0.0000,"['C(=[O,S])[O,S]', '[OH]']",1
13.9171,13.9611,-8.8624,0.0101974,COc1ccccc1-c1ccc(C(C)NC(=O)c2cc(Cl)cc3ccn(C(C)=O)c23)cc1,1,c1n([*])c2c(C(=O)NC(c3ccc([*])cc3)C)cc(Cl)cc2c1,C(=O)(*)C|c1(OC)c(*)cccc1,O=C(NCc1ccc(-c2ccccc2)cc1)c1cccc2cc[nH]c12,0.4013211,0.4013,-8.6524900,-8.6525,0.9925166,446.9340,0.0000000,6.1214,1.0000000,60.3300,1.0000000,1.0000,1.0000000,4.0000,0.9467598,1.0000,0.9467598,5.0000,0.9693466,32.0000,0.8917910,395.0400,0.9247937,2.8204,0.0000094,0.5503,4.2359958,4.2360,1.0000000,1.0000,[],1
9.5987,9.7848,-4.2718,0.0110260,CC(=O)n1ccc2cc(Cl)cc(C(=O)NC(C)c3ccc(-c4ccccc4)cc3)c21,1,c1n([*])c2c(C(=O)NC(c3ccc([*])cc3)C)cc(Cl)cc2c1,C(=O)(*)C|c1cc(*)ccc1,O=C(NCc1ccc(-c2ccccc2)cc1)c1cccc2cc[nH]c12,0.4357932,0.4358,-7.4670800,-7.4671,0.9995256,416.9080,0.0000000,6.1128,1.0000000,51.1000,1.0000000,1.0000,1.0000000,3.0000,0.9467598,1.0000,0.9693466,4.0000,0.9789100,30.0000,0.9541086,370.9280,0.9317604,2.7295,0.0000154,0.5481,4.2139792,4.2140,1.0000000,1.0000,[],1
8.9824,8.1043,-8.1043,0.0000000,CC(NC(=O)c1cc(Cl)cc2ccn(C(N)=O)c12)c1ccc(C(F)(F)F)cc1,1,c1n([*])c2c(C(=O)NC(c3ccc([*])cc3)C)cc(Cl)cc2c1,C(=O)(*)N|FC(*)(F)F,O=C(NCc1ccccc1)c1cccc2cc[nH]c12,0.0000000,0.0000,0.0000000,0.0000,0.0000000,0.0000,0.0000000,0.0000,0.0000000,0.0000,0.0000000,0.0000,0.0000000,0.0000,0.0000000,0.0000,0.0000000,0.0000,0.0000000,0.0000,0.0000000,0.0000,0.0000000,0.0000,0.0000000,0.0000,0.0000000,0.0000,0.0000000,0.0000,['[NH2]'],1
7.3618,7.4710,-7.4710,0.0000000,Cc1ccc(C(C)NC(=O)c2cc(Cl)cc3ccn(C(=O)OC(C)(C)C)c23)cc1,2,c1n([*])c2c(C(=O)NC(c3ccc([*])cc3)C)cc(Cl)cc2c1,C(=O)(*)OC(C)(C)C|*C,O=C(NCc1ccccc1)c1cccc2cc[nH]c12,0.0000000,0.0000,0.0000000,0.0000,0.0000000,0.0000,0.0000000,0.0000,0.0000000,0.0000,0.0000000,0.0000,0.0000000,0.0000,0.0000000,0.0000,0.0000000,0.0000,0.0000000,0.0000,0.0000000,0.0000,0.0000000,0.0000,0.0000000,0.0000,0.0000000,0.0000,0.0000000,0.0000,"['C(=[O,S])[O,S]']",1
7.6009,7.3417,-7.3417,0.0000000,CC(NC(=O)c1cc(Cl)cc2ccn(C(=O)OC(C)(C)C)c12)c1ccc(C(C)(C)C)cc1,2,c1n([*])c2c(C(=O)NC(c3ccc([*])cc3)C)cc(Cl)cc2c1,C(=O)(*)OC(C)(C)C|*C(C)(C)C,O=C(NCc1ccccc1)c1cccc2cc[nH]c12,0.0000000,0.0000,0.0000000,0.0000,0.0000000,0.0000,0.0000000,0.0000,0.0000000,0.0000,0.0000000,0.0000,0.0000000,0.0000,0.0000000,0.0000,0.0000000,0.0000,0.0000000,0.0000,0.0000000,0.0000,0.0000000,0.0000,0.0000000,0.0000,0.0000000,0.0000,0.0000000,0.0000,"['C(=[O,S])[O,S]']",1
11.0328,10.4872,-10.4872,0.0000000,CC(NC(=O)c1cc(Cl)cc2ccn(C(=O)OC(C)(C)C)c12)c1ccc(N2CCOCC2)cc1,1,c1n([*])c2c(C(=O)NC(c3ccc([*])cc3)C)cc(Cl)cc2c1,C(=O)(*)OC(C)(C)C|*N1CCOCC1,O=C(NCc1ccc(N2CCOCC2)cc1)c1cccc2cc[nH]c12,0.0000000,0.0000,0.0000000,0.0000,0.0000000,0.0000,0.0000000,0.0000,0.0000000,0.0000,0.0000000,0.0000,0.0000000,0.0000,0.0000000,0.0000,0.0000000,0.0000,0.0000000,0.0000,0.0000000,0.0000,0.0000000,0.0000,0.0000000,0.0000,0.0000000,0.0000,0.0000000,0.0000,"['C(=[O,S])[O,S]']",1
10.4445,10.1880,-10.1880,0.0000000,CC(NC(=O)c1cc(Cl)cc2ccn(C(=O)OC(C)(C)C)c12)c1ccc(-c2ccccc2)cc1,1,c1n([*])c2c(C(=O)NC(c3ccc([*])cc3)C)cc(Cl)cc2c1,C(=O)(*)OC(C)(C)C|c1ccccc1*,O=C(NCc1ccc(-c2ccccc2)cc1)c1cccc2cc[nH]c12,0.0000000,0.0000,0.0000000,0.0000,0.0000000,0.0000,0.0000000,0.0000,0.0000000,0.0000,0.0000000,0.0000,0.0000000,0.0000,0.0000000,0.0000,0.0000000,0.0000,0.0000000,0.0000,0.0000000,0.0000,0.0000000,0.0000,0.0000000,0.0000,0.0000000,0.0000,0.0000000,0.0000,"['C(=[O,S])[O,S]']",1
9.1725,9.1986,-9.1986,0.0000000,CCOC(=O)n1ccc2cc(Cl)cc(C(=O)NC(C)c3ccc(C(F)(F)F)cc3)c21,1,c1n([*])c2c(C(=O)NC(c3ccc([*])cc3)C)cc(Cl)cc2c1,C(=O)(*)OCC|*C(F)(F)F,O=C(NCc1ccccc1)c1cccc2cc[nH]c12,0.0000000,0.0000,0.0000000,0.0000,0.0000000,0.0000,0.0000000,0.0000,0.0000000,0.0000,0.0000000,0.0000,0.0000000,0.0000,0.0000000,0.0000,0.0000000,0.0000,0.0000000,0.0000,0.0000000,0.0000,0.0000000,0.0000,0.0000000,0.0000,0.0000000,0.0000,0.0000000,0.0000,"['C(=[O,S])[O,S]']",1
21.1238,21.2532,-21.2532,0.0000000,CCOC(=O)n1ccc2cc(Cl)cc(C(=O)NC(C)c3ccc(-c4ccc5ncnn5c4)cc3)c21,1,c1n([*])c2c(C(=O)NC(c3ccc([*])cc3)C)cc(Cl)cc2c1,C(=O)(*)OCC|c1(*)ccc2n(ncn2)c1,O=C(NCc1ccc(-c2ccc3ncnn3c2)cc1)c1cccc2cc[nH]c12,0.0000000,0.0000,0.0000000,0.0000,0.0000000,0.0000,0.0000000,0.0000,0.0000000,0.0000,0.0000000,0.0000,0.0000000,0.0000,0.0000000,0.0000,0.0000000,0.0000,0.0000000,0.0000,0.0000000,0.0000,0.0000000,0.0000,0.0000000,0.0000,0.0000000,0.0000,0.0000000,0.0000,"['C(=[O,S])[O,S]']",1
15.9483,15.9210,-15.9210,0.0000000,CC(=O)n1ccc2cc(Cl)cc(C(=O)NC(C)c3ccc(-c4cccc(C(N)=O)c4)cc3)c21,1,c1n([*])c2c(C(=O)NC(c3ccc([*])cc3)C)cc(Cl)cc2c1,C(=O)(C)*|c1(C(N)=O)cccc(*)c1,O=C(NCc1ccc(-c2ccccc2)cc1)c1cccc2cc[nH]c12,0.0000000,0.0000,0.0000000,0.0000,0.0000000,0.0000,0.0000000,0.0000,0.0000000,0.0000,0.0000000,0.0000,0.0000000,0.0000,0.0000000,0.0000,0.0000000,0.0000,0.0000000,0.0000,0.0000000,0.0000,0.0000000,0.0000,0.0000000,0.0000,0.0000000,0.0000,0.0000000,0.0000,['[NH2]'],1
28.5277,27.9123,-27.9123,0.0000000,CC(NC(=O)c1cc(Cl)cc2ccn(C(=O)CC(N)C(N)=O)c12)c1ccc(-c2ccc(C(F)(F)F)nc2)cc1,1,c1n([*])c2c(C(=O)NC(c3ccc([*])cc3)C)cc(Cl)cc2c1,C(C(=O)N)(N)CC(=O)*|*c1cnc(C(F)(F)F)cc1,O=C(NCc1ccc(-c2cccnc2)cc1)c1cccc2cc[nH]c12,0.0000000,0.0000,0.0000000,0.0000,0.0000000,0.0000,0.0000000,0.0000,0.0000000,0.0000,0.0000000,0.0000,0.0000000,0.0000,0.0000000,0.0000,0.0000000,0.0000,0.0000000,0.0000,0.0000000,0.0000,0.0000000,0.0000,0.0000000,0.0000,0.0000000,0.0000,0.0000000,0.0000,['[NH2]'],1
13.4945,12.8298,-12.8298,0.0000000,CC(N)C(=O)n1ccc2cc(Cl)cc(C(=O)NC(C)c3ccc(C(C)(C)C)cc3)c21,1,c1n([*])c2c(C(=O)NC(c3ccc([*])cc3)C)cc(Cl)cc2c1,C(C)(N)C(=O)*|CC(*)(C)C,O=C(NCc1ccccc1)c1cccc2cc[nH]c12,0.0000000,0.0000,0.0000000,0.0000,0.0000000,0.0000,0.0000000,0.0000,0.0000000,0.0000,0.0000000,0.0000,0.0000000,0.0000,0.0000000,0.0000,0.0000000,0.0000,0.0000000,0.0000,0.0000000,0.0000,0.0000000,0.0000,0.0000000,0.0000,0.0000000,0.0000,0.0000000,0.0000,['[NH2]'],1
12.8931,11.9485,-11.9485,0.0000000,CC(C)OC(=O)n1ccc2cc(Cl)cc(C(=O)NC(C)c3ccc(C(F)(F)F)cc3)c21,1,c1n([*])c2c(C(=O)NC(c3ccc([*])cc3)C)cc(Cl)cc2c1,C(C)(OC(*)=O)C|*C(F)(F)F,O=C(NCc1ccccc1)c1cccc2cc[nH]c12,0.0000000,0.0000,0.0000000,0.0000,0.0000000,0.0000,0.0000000,0.0000,0.0000000,0.0000,0.0000000,0.0000,0.0000000,0.0000,0.0000000,0.0000,0.0000000,0.0000,0.0000000,0.0000,0.0000000,0.0000,0.0000000,0.0000,0.0000000,0.0000,0.0000000,0.0000,0.0000000,0.0000,"['C(=[O,S])[O,S]']",1
7.3017,8.2728,-8.2728,0.0000000,Cc1ccc(C(C)NC(=O)c2cc(Cl)cc3ccn(C(=O)OC(C)(C)C)c23)cc1,2,c1n([*])c2c(C(=O)NC(c3ccc([*])cc3)C)cc(Cl)cc2c1,C(C)(OC(=O)*)(C)C|*C,O=C(NCc1ccccc1)c1cccc2cc[nH]c12,0.0000000,0.0000,0.0000000,0.0000,0.0000000,0.0000,0.0000000,0.0000,0.0000000,0.0000,0.0000000,0.0000,0.0000000,0.0000,0.0000000,0.0000,0.0000000,0.0000,0.0000000,0.0000,0.0000000,0.0000,0.0000000,0.0000,0.0000000,0.0000,0.0000000,0.0000,0.0000000,0.0000,"['C(=[O,S])[O,S]']",1
8.4622,7.9052,-7.9052,0.0000000,CC(NC(=O)c1cc(Cl)cc2ccn(C(N)=O)c12)c1ccc(C(C)(C)C)cc1,2,c1n([*])c2c(C(=O)NC(c3ccc([*])cc3)C)cc(Cl)cc2c1,C(N)(*)=O|*C(C)(C)C,O=C(NCc1ccccc1)c1cccc2cc[nH]c12,0.0000000,0.0000,0.0000000,0.0000,0.0000000,0.0000,0.0000000,0.0000,0.0000000,0.0000,0.0000000,0.0000,0.0000000,0.0000,0.0000000,0.0000,0.0000000,0.0000,0.0000000,0.0000,0.0000000,0.0000,0.0000000,0.0000,0.0000000,0.0000,0.0000000,0.0000,0.0000000,0.0000,['[NH2]'],1
7.2805,7.2860,-7.2860,0.0000000,Cc1ccc(C(C)NC(=O)c2cc(Cl)cc3ccn(C(N)=O)c23)cc1,1,c1n([*])c2c(C(=O)NC(c3ccc([*])cc3)C)cc(Cl)cc2c1,C(N)(*)=O|C*,O=C(NCc1ccccc1)c1cccc2cc[nH]c12,0.0000000,0.0000,0.0000000,0.0000,0.0000000,0.0000,0.0000000,0.0000,0.0000000,0.0000,0.0000000,0.0000,0.0000000,0.0000,0.0000000,0.0000,0.0000000,0.0000,0.0000000,0.0000,0.0000000,0.0000,0.0000000,0.0000,0.0000000,0.0000,0.0000000,0.0000,0.0000000,0.0000,['[NH2]'],1
15.4824,14.7275,-14.7275,0.0000000,CC(NC(=O)c1cc(Cl)cc2ccn(C(N)=O)c12)c1ccc(C#Cc2ccccc2)cc1,1,c1n([*])c2c(C(=O)NC(c3ccc([*])cc3)C)cc(Cl)cc2c1,C(N)(=O)*|c1(C#C*)ccccc1,O=C(NCc1ccc(C#Cc2ccccc2)cc1)c1cccc2cc[nH]c12,0.0000000,0.0000,0.0000000,0.0000,0.0000000,0.0000,0.0000000,0.0000,0.0000000,0.0000,0.0000000,0.0000,0.0000000,0.0000,0.0000000,0.0000,0.0000000,0.0000,0.0000000,0.0000,0.0000000,0.0000,0.0000000,0.0000,0.0000000,0.0000,0.0000000,0.0000,0.0000000,0.0000,"['C#C', '[NH2]']",1
9.7134,10.6514,-10.6514,0.0000000,CC(NC(=O)c1cc(Cl)cc2ccn(C(=O)OC(C)(C)C)c12)c1ccc(-c2ccccc2)cc1,2,c1n([*])c2c(C(=O)NC(c3ccc([*])cc3)C)cc(Cl)cc2c1,C(OC(*)=O)(C)(C)C|c1cccc(*)c1,O=C(NCc1ccc(-c2ccccc2)cc1)c1cccc2cc[nH]c12,0.0000000,0.0000,0.0000000,0.0000,0.0000000,0.0000,0.0000000,0.0000,0.0000000,0.0000,0.0000000,0.0000,0.0000000,0.0000,0.0000000,0.0000,0.0000000,0.0000,0.0000000,0.0000,0.0000000,0.0000,0.0000000,0.0000,0.0000000,0.0000,0.0000000,0.0000,0.0000000,0.0000,"['C(=[O,S])[O,S]']",1
14.9489,15.3489,-15.3489,0.0000000,CC(NC(=O)c1cc(Cl)cc2ccn(C(=O)OC(C)(C)C)c12)c1ccc(N(C)C2CC2)cc1,1,c1n([*])c2c(C(=O)NC(c3ccc([*])cc3)C)cc(Cl)cc2c1,C(OC(=O)*)(C)(C)C|C1(N(*)C)CC1,O=C(NCc1ccc(NC2CC2)cc1)c1cccc2cc[nH]c12,0.0000000,0.0000,0.0000000,0.0000,0.0000000,0.0000,0.0000000,0.0000,0.0000000,0.0000,0.0000000,0.0000,0.0000000,0.0000,0.0000000,0.0000,0.0000000,0.0000,0.0000000,0.0000,0.0000000,0.0000,0.0000000,0.0000,0.0000000,0.0000,0.0000000,0.0000,0.0000000,0.0000,"['C(=[O,S])[O,S]']",1
8.3971,8.3624,-8.3624,0.0000000,CC(NC(=O)c1cc(Cl)cc2ccn(C(=O)OC(C)(C)C)c12)c1ccc(C(F)(F)F)cc1,2,c1n([*])c2c(C(=O)NC(c3ccc([*])cc3)C)cc(Cl)cc2c1,C(OC(=O)*)(C)(C)C|FC(F)(F)*,O=C(NCc1ccccc1)c1cccc2cc[nH]c12,0.0000000,0.0000,0.0000000,0.0000,0.0000000,0.0000,0.0000000,0.0000,0.0000000,0.0000,0.0000000,0.0000,0.0000000,0.0000,0.0000000,0.0000,0.0000000,0.0000,0.0000000,0.0000,0.0000000,0.0000,0.0000000,0.0000,0.0000000,0.0000,0.0000000,0.0000,0.0000000,0.0000,"['C(=[O,S])[O,S]']",1
27.3209,25.5164,-25.5164,0.0000000,CC(NC(=O)c1cc(Cl)cc2ccn(C(=O)OC(C)(C)C)c12)c1ccc(-c2ccc3c(c2)Cc2ncccc2-3)cc1,1,c1n([*])c2c(C(=O)NC(c3ccc([*])cc3)C)cc(Cl)cc2c1,C(OC(C)(C)C)(*)=O|c1cc(*)cc2c1-c1c(nccc1)C2,O=C(NCc1ccc(-c2ccc3c(c2)Cc2ncccc2-3)cc1)c1cccc2cc[nH]c12,0.0000000,0.0000,0.0000000,0.0000,0.0000000,0.0000,0.0000000,0.0000,0.0000000,0.0000,0.0000000,0.0000,0.0000000,0.0000,0.0000000,0.0000,0.0000000,0.0000,0.0000000,0.0000,0.0000000,0.0000,0.0000000,0.0000,0.0000000,0.0000,0.0000000,0.0000,0.0000000,0.0000,"['C(=[O,S])[O,S]']",1
12.4772,11.2966,-11.2966,0.0000000,CC(NC(=O)c1cc(Cl)cc2ccn(C(=O)OC(C)(C)C)c12)c1ccc(N2CCN(C)CC2)cc1,1,c1n([*])c2c(C(=O)NC(c3ccc([*])cc3)C)cc(Cl)cc2c1,C(OC(C)(C)C)(=O)*|N1(*)CCN(C)CC1,O=C(NCc1ccc(N2CCNCC2)cc1)c1cccc2cc[nH]c12,0.0000000,0.0000,0.0000000,0.0000,0.0000000,0.0000,0.0000000,0.0000,0.0000000,0.0000,0.0000000,0.0000,0.0000000,0.0000,0.0000000,0.0000,0.0000000,0.0000,0.0000000,0.0000,0.0000000,0.0000,0.0000000,0.0000,0.0000000,0.0000,0.0000000,0.0000,0.0000000,0.0000,"['C(=[O,S])[O,S]']",1
7.7539,8.2229,-8.2229,0.0000000,CC(=O)n1ccc2cc(Cl)cc(C(=O)NC(C)c3ccc(C(F)(F)F)cc3)c21,2,c1n([*])c2c(C(=O)NC(c3ccc([*])cc3)C)cc(Cl)cc2c1,CC(*)=O|C(F)(F)(F)*,O=C(NCc1ccccc1)c1cccc2cc[nH]c12,0.0000000,0.6249,-0.0000000,-10.5477,0.0000000,408.8070,0.0000000,5.4646,0.0000000,51.1000,0.0000000,1.0000,0.0000000,3.0000,0.0000000,1.0000,0.0000000,3.0000,0.0000000,28.0000,0.0000000,331.9440,0.0000000,2.9143,0.0000000,0.6741,0.0000000,4.3613,0.0000000,1.0000,[],1
7.2062,7.7434,-7.7434,0.0000000,CC(=O)n1ccc2cc(Cl)cc(C(=O)NC(C)c3ccc(C(C)(C)C)cc3)c21,2,c1n([*])c2c(C(=O)NC(c3ccc([*])cc3)C)cc(Cl)cc2c1,CC(*)=O|CC(C)(*)C,O=C(NCc1ccccc1)c1cccc2cc[nH]c12,0.0000000,0.6129,-0.0000000,-7.9376,0.0000000,396.9180,0.0000000,5.7433,0.0000000,51.1000,0.0000000,1.0000,0.0000000,3.0000,0.0000000,1.0000,0.0000000,3.0000,0.0000000,28.0000,0.0000000,363.4800,0.0000000,2.8884,0.0000000,0.6820,0.0000000,4.1704,0.0000000,1.0000,[],1
7.8180,7.3248,-7.3248,0.0000000,CC(=O)n1ccc2cc(Cl)cc(C(=O)NC(C)c3ccc(C(F)(F)F)cc3)c21,2,c1n([*])c2c(C(=O)NC(c3ccc([*])cc3)C)cc(Cl)cc2c1,CC(*)=O|FC(F)(F)*,O=C(NCc1ccccc1)c1cccc2cc[nH]c12,0.0000000,0.6249,-0.0000000,-10.5477,0.0000000,408.8070,0.0000000,5.4646,0.0000000,51.1000,0.0000000,1.0000,0.0000000,3.0000,0.0000000,1.0000,0.0000000,3.0000,0.0000000,28.0000,0.0000000,331.9440,0.0000000,2.9143,0.0000000,0.6741,0.0000000,4.3613,0.0000000,1.0000,[],1
35.3518,31.9413,-28.6663,0.0065500,CC(=O)n1ccc2cc(Cl)cc(C(=O)NC(C)c3ccc(N4CCC(=O)N(C(=O)NC5CCOCC5)CC4)cc3)c21,1,c1n([*])c2c(C(=O)NC(c3ccc([*])cc3)C)cc(Cl)cc2c1,CC(=O)*|C1COCCC1NC(N1CCN(*)CCC1=O)=O,O=C(NCc1ccc(N2CCC(=O)N(C(=O)NC3CCOCC3)CC2)cc1)c1cccc2cc[nH]c12,0.4639780,0.4640,-7.6936400,-7.6936,0.0006257,580.0850,0.0000012,4.3731,0.9998620,112.9800,1.0000000,1.0000,0.9999900,7.0000,0.5000000,2.0000,0.9467598,5.0000,0.8490205,41.0000,0.0919547,509.6720,0.8592464,3.4287,1.0000000,0.1641,3.3146446,3.3146,1.0000000,1.0000,[],1
11.9459,11.4155,-9.2001,0.0044308,CC(=O)n1ccc2cc(Cl)cc(C(=O)NC(C)c3ccc(N4CCCC4)cc3)c21,1,c1n([*])c2c(C(=O)NC(c3ccc([*])cc3)C)cc(Cl)cc2c1,CC(=O)*|N1(*)CCCC1,O=C(NCc1ccc(N2CCCC2)cc1)c1cccc2cc[nH]c12,0.6558432,0.6558,-5.2717000,-5.2717,0.9997508,409.9170,0.0000000,5.0460,1.0000000,54.3400,1.0000000,1.0000,1.0000000,4.0000,0.9467598,1.0000,0.9693466,4.0000,0.9825279,29.0000,0.9601814,367.0640,0.9208435,2.8686,0.0000000,0.6360,3.5450408,3.5450,1.0000000,1.0000,[],1
14.1314,14.1871,-12.1914,0.0039913,CC(=O)n1ccc2cc(Cl)cc(C(=O)NC(C)c3ccc(-c4cccc(C(F)(F)F)c4)cc3)c21,1,c1n([*])c2c(C(=O)NC(c3ccc([*])cc3)C)cc(Cl)cc2c1,CC(=O)*|c1(*)cccc(C(F)(F)F)c1,O=C(NCc1ccc(-c2ccccc2)cc1)c1cccc2cc[nH]c12,0.3347012,0.3347,-9.2701900,-9.2702,0.8006403,484.9050,0.0000000,7.1316,1.0000000,51.1000,1.0000000,1.0000,1.0000000,3.0000,0.9467598,1.0000,0.9693466,4.0000,0.9556430,34.0000,0.8613336,402.4080,0.9134313,2.9534,0.0000000,0.7142,4.7166905,4.7167,1.0000000,1.0000,[],1
15.5008,15.8235,-15.8235,0.0000000,CC(=O)n1ccc2cc(Cl)cc(C(=O)NC(C)c3ccc(C#Cc4cccnc4)cc3)c21,1,c1n([*])c2c(C(=O)NC(c3ccc([*])cc3)C)cc(Cl)cc2c1,CC(=O)*|c1c(C#C*)cncc1,O=C(NCc1ccc(C#Cc2cccnc2)cc1)c1cccc2cc[nH]c12,0.0000000,0.0000,0.0000000,0.0000,0.0000000,0.0000,0.0000000,0.0000,0.0000000,0.0000,0.0000000,0.0000,0.0000000,0.0000,0.0000000,0.0000,0.0000000,0.0000,0.0000000,0.0000,0.0000000,0.0000,0.0000000,0.0000,0.0000000,0.0000,0.0000000,0.0000,0.0000000,0.0000,['C#C'],1
8.5644,7.8883,-7.8883,0.0000000,CC(NC(=O)c1cc(Cl)cc2ccn(C(=O)OC(C)(C)C)c12)c1ccc(C(F)(F)F)cc1,2,c1n([*])c2c(C(=O)NC(c3ccc([*])cc3)C)cc(Cl)cc2c1,CC(C)(OC(*)=O)C|FC(F)(F)*,O=C(NCc1ccccc1)c1cccc2cc[nH]c12,0.0000000,0.0000,0.0000000,0.0000,0.0000000,0.0000,0.0000000,0.0000,0.0000000,0.0000,0.0000000,0.0000,0.0000000,0.0000,0.0000000,0.0000,0.0000000,0.0000,0.0000000,0.0000,0.0000000,0.0000,0.0000000,0.0000,0.0000000,0.0000,0.0000000,0.0000,0.0000000,0.0000,"['C(=[O,S])[O,S]']",1
9.1170,9.0145,-9.0145,0.0000000,CC(NC(=O)c1cc(Cl)cc2ccn(C(=O)OC(C)(C)C)c12)c1ccc(N2CCOCC2)cc1,2,c1n([*])c2c(C(=O)NC(c3ccc([*])cc3)C)cc(Cl)cc2c1,CC(C)(OC(*)=O)C|O1CCN(*)CC1,O=C(NCc1ccc(N2CCOCC2)cc1)c1cccc2cc[nH]c12,0.0000000,0.0000,0.0000000,0.0000,0.0000000,0.0000,0.0000000,0.0000,0.0000000,0.0000,0.0000000,0.0000,0.0000000,0.0000,0.0000000,0.0000,0.0000000,0.0000,0.0000000,0.0000,0.0000000,0.0000,0.0000000,0.0000,0.0000000,0.0000,0.0000000,0.0000,0.0000000,0.0000,"['C(=[O,S])[O,S]']",1
24.8068,24.0232,-24.0232,0.0000000,CC(NC(=O)c1cc(Cl)cc2ccn(C(=O)OC(C)(C)C)c12)c1ccc(C(NC(=O)OC(C)(C)C)C(N)=O)cc1,1,c1n([*])c2c(C(=O)NC(c3ccc([*])cc3)C)cc(Cl)cc2c1,CC(C)(OC(*)=O)C|O=C(N)C(NC(=O)OC(C)(C)C)*,O=C(NCc1ccccc1)c1cccc2cc[nH]c12,0.0000000,0.0000,0.0000000,0.0000,0.0000000,0.0000,0.0000000,0.0000,0.0000000,0.0000,0.0000000,0.0000,0.0000000,0.0000,0.0000000,0.0000,0.0000000,0.0000,0.0000000,0.0000,0.0000000,0.0000,0.0000000,0.0000,0.0000000,0.0000,0.0000000,0.0000,0.0000000,0.0000,"['C(=[O,S])[O,S]', '[NH2]']",1
8.8243,9.4294,-9.4294,0.0000000,CC(NC(=O)c1cc(Cl)cc2ccn(C(=O)C(C)(C)N)c12)c1ccc(C(C)(C)C)cc1,1,c1n([*])c2c(C(=O)NC(c3ccc([*])cc3)C)cc(Cl)cc2c1,CC(N)(C)C(*)=O|CC(C)(C)*,O=C(NCc1ccccc1)c1cccc2cc[nH]c12,0.0000000,0.0000,0.0000000,0.0000,0.0000000,0.0000,0.0000000,0.0000,0.0000000,0.0000,0.0000000,0.0000,0.0000000,0.0000,0.0000000,0.0000,0.0000000,0.0000,0.0000000,0.0000,0.0000000,0.0000,0.0000000,0.0000,0.0000000,0.0000,0.0000000,0.0000,0.0000000,0.0000,['[NH2]'],1
7.4503,7.0381,-7.0381,0.0000000,CC(NC(=O)c1cc(Cl)cc2ccn(C(=O)OC(C)(C)C)c12)c1ccc(C(F)(F)F)cc1,2,c1n([*])c2c(C(=O)NC(c3ccc([*])cc3)C)cc(Cl)cc2c1,CC(OC(*)=O)(C)C|FC(F)(F)*,O=C(NCc1ccccc1)c1cccc2cc[nH]c12,0.0000000,0.0000,0.0000000,0.0000,0.0000000,0.0000,0.0000000,0.0000,0.0000000,0.0000,0.0000000,0.0000,0.0000000,0.0000,0.0000000,0.0000,0.0000000,0.0000,0.0000000,0.0000,0.0000000,0.0000,0.0000000,0.0000,0.0000000,0.0000,0.0000000,0.0000,0.0000000,0.0000,"['C(=[O,S])[O,S]']",1
14.1190,14.5984,-14.5984,0.0000000,CC(NC(=O)c1cc(Cl)cc2ccn(C(=O)OC(C)(C)C)c12)c1ccc(CC2CO2)cc1,1,c1n([*])c2c(C(=O)NC(c3ccc([*])cc3)C)cc(Cl)cc2c1,CC(OC(*)=O)(C)C|O1CC1C*,O=C(NCc1ccc(CC2CO2)cc1)c1cccc2cc[nH]c12,0.0000000,0.0000,0.0000000,0.0000,0.0000000,0.0000,0.0000000,0.0000,0.0000000,0.0000,0.0000000,0.0000,0.0000000,0.0000,0.0000000,0.0000,0.0000000,0.0000,0.0000000,0.0000,0.0000000,0.0000,0.0000000,0.0000,0.0000000,0.0000,0.0000000,0.0000,0.0000000,0.0000,"['C(=[O,S])[O,S]']",1
5.7535,6.9481,-6.9480,0.0000000,Cc1ccc(C(C)NC(=O)c2cc(Cl)cc3ccn(C(=O)OC(C)(C)C)c23)cc1,2,c1n([*])c2c(C(=O)NC(c3ccc([*])cc3)C)cc(Cl)cc2c1,CC(OC(=O)*)(C)C|*C,O=C(NCc1ccccc1)c1cccc2cc[nH]c12,0.0000000,0.0000,0.0000000,0.0000,0.0000000,0.0000,0.0000000,0.0000,0.0000000,0.0000,0.0000000,0.0000,0.0000000,0.0000,0.0000000,0.0000,0.0000000,0.0000,0.0000000,0.0000,0.0000000,0.0000,0.0000000,0.0000,0.0000000,0.0000,0.0000000,0.0000,0.0000000,0.0000,"['C(=[O,S])[O,S]']",1
7.8700,7.7141,-7.7141,0.0000000,CC(NC(=O)c1cc(Cl)cc2ccn(C(=O)OC(C)(C)C)c12)c1ccc(C(F)(F)F)cc1,2,c1n([*])c2c(C(=O)NC(c3ccc([*])cc3)C)cc(Cl)cc2c1,CC(OC(=O)*)(C)C|C(*)(F)(F)F,O=C(NCc1ccccc1)c1cccc2cc[nH]c12,0.0000000,0.0000,0.0000000,0.0000,0.0000000,0.0000,0.0000000,0.0000,0.0000000,0.0000,0.0000000,0.0000,0.0000000,0.0000,0.0000000,0.0000,0.0000000,0.0000,0.0000000,0.0000,0.0000000,0.0000,0.0000000,0.0000,0.0000000,0.0000,0.0000000,0.0000,0.0000000,0.0000,"['C(=[O,S])[O,S]']",1
5.0590,5.6856,-5.6856,0.0000000,Cc1ccc(C(C)NC(=O)c2cc(Cl)cc3ccn(C(=O)OC(C)(C)C)c23)cc1,2,c1n([*])c2c(C(=O)NC(c3ccc([*])cc3)C)cc(Cl)cc2c1,CC(OC(=O)*)(C)C|C*,O=C(NCc1ccccc1)c1cccc2cc[nH]c12,0.0000000,0.0000,0.0000000,0.0000,0.0000000,0.0000,0.0000000,0.0000,0.0000000,0.0000,0.0000000,0.0000,0.0000000,0.0000,0.0000000,0.0000,0.0000000,0.0000,0.0000000,0.0000,0.0000000,0.0000,0.0000000,0.0000,0.0000000,0.0000,0.0000000,0.0000,0.0000000,0.0000,"['C(=[O,S])[O,S]']",1
15.1741,15.2682,-15.2682,0.0000000,CC(NC(=O)c1cc(Cl)cc2ccn(C(=O)OC(C)(C)C)c12)c1ccc(C2CC2CC(=O)O)cc1,1,c1n([*])c2c(C(=O)NC(c3ccc([*])cc3)C)cc(Cl)cc2c1,CC(OC(=O)*)(C)C|C1(*)CC1CC(O)=O,O=C(NCc1ccc(C2CC2)cc1)c1cccc2cc[nH]c12,0.0000000,0.0000,0.0000000,0.0000,0.0000000,0.0000,0.0000000,0.0000,0.0000000,0.0000,0.0000000,0.0000,0.0000000,0.0000,0.0000000,0.0000,0.0000000,0.0000,0.0000000,0.0000,0.0000000,0.0000,0.0000000,0.0000,0.0000000,0.0000,0.0000000,0.0000,0.0000000,0.0000,"['C(=[O,S])[O,S]', '[OH]']",1
9.1882,9.7271,-9.7271,0.0000000,CCOC(=O)n1ccc2cc(Cl)cc(C(=O)NC(C)c3ccc(C(F)(F)F)cc3)c21,2,c1n([*])c2c(C(=O)NC(c3ccc([*])cc3)C)cc(Cl)cc2c1,CCOC(*)=O|FC(*)(F)F,O=C(NCc1ccccc1)c1cccc2cc[nH]c12,0.0000000,0.0000,0.0000000,0.0000,0.0000000,0.0000,0.0000000,0.0000,0.0000000,0.0000,0.0000000,0.0000,0.0000000,0.0000,0.0000000,0.0000,0.0000000,0.0000,0.0000000,0.0000,0.0000000,0.0000,0.0000000,0.0000,0.0000000,0.0000,0.0000000,0.0000,0.0000000,0.0000,"['C(=[O,S])[O,S]']",1
13.4066,13.3259,-13.3259,0.0000000,COC(=O)n1ccc2cc(Cl)cc(C(=O)NC(C)c3ccc(-c4cn[nH]c4)cc3)c21,1,c1n([*])c2c(C(=O)NC(c3ccc([*])cc3)C)cc(Cl)cc2c1,COC(=O)*|c1[nH]ncc1*,O=C(NCc1ccc(-c2cn[nH]c2)cc1)c1cccc2cc[nH]c12,0.0000000,0.0000,0.0000000,0.0000,0.0000000,0.0000,0.0000000,0.0000,0.0000000,0.0000,0.0000000,0.0000,0.0000000,0.0000,0.0000000,0.0000,0.0000000,0.0000,0.0000000,0.0000,0.0000000,0.0000,0.0000000,0.0000,0.0000000,0.0000,0.0000000,0.0000,0.0000000,0.0000,"['C(=[O,S])[O,S]']",1
19.6662,19.8642,-19.8642,0.0000000,COc1cccc(Cc2ccc(C(C)NC(=O)c3cc(Cl)cc4ccn(C(N)=O)c34)cc2)c1,1,c1n([*])c2c(C(=O)NC(c3ccc([*])cc3)C)cc(Cl)cc2c1,NC(*)=O|COc1cccc(C*)c1,O=C(NCc1ccc(Cc2ccccc2)cc1)c1cccc2cc[nH]c12,0.0000000,0.0000,0.0000000,0.0000,0.0000000,0.0000,0.0000000,0.0000,0.0000000,0.0000,0.0000000,0.0000,0.0000000,0.0000,0.0000000,0.0000,0.0000000,0.0000,0.0000000,0.0000,0.0000000,0.0000,0.0000000,0.0000,0.0000000,0.0000,0.0000000,0.0000,0.0000000,0.0000,['[NH2]'],1
6.9258,6.8210,-6.8210,0.0000000,CC(NC(=O)c1cc(Cl)cc2ccn(C(=O)OC(C)(C)C)c12)c1ccc(C(F)(F)F)cc1,2,c1n([*])c2c(C(=O)NC(c3ccc([*])cc3)C)cc(Cl)cc2c1,O(C(*)=O)C(C)(C)C|*C(F)(F)F,O=C(NCc1ccccc1)c1cccc2cc[nH]c12,0.0000000,0.0000,0.0000000,0.0000,0.0000000,0.0000,0.0000000,0.0000,0.0000000,0.0000,0.0000000,0.0000,0.0000000,0.0000,0.0000000,0.0000,0.0000000,0.0000,0.0000000,0.0000,0.0000000,0.0000,0.0000000,0.0000,0.0000000,0.0000,0.0000000,0.0000,0.0000000,0.0000,"['C(=[O,S])[O,S]']",1
5.7217,6.3755,-6.3755,0.0000000,Cc1ccc(C(C)NC(=O)c2cc(Cl)cc3ccn(C(=O)OC(C)(C)C)c23)cc1,2,c1n([*])c2c(C(=O)NC(c3ccc([*])cc3)C)cc(Cl)cc2c1,O(C(*)=O)C(C)(C)C|C*,O=C(NCc1ccccc1)c1cccc2cc[nH]c12,0.0000000,0.0000,0.0000000,0.0000,0.0000000,0.0000,0.0000000,0.0000,0.0000000,0.0000,0.0000000,0.0000,0.0000000,0.0000,0.0000000,0.0000,0.0000000,0.0000,0.0000000,0.0000,0.0000000,0.0000,0.0000000,0.0000,0.0000000,0.0000,0.0000000,0.0000,0.0000000,0.0000,"['C(=[O,S])[O,S]']",1
18.6806,18.4635,-18.4635,0.0000000,C=COC(=O)n1ccc2cc(Cl)cc(C(=O)NC(C)c3ccc(C(C)(C)C)cc3)c21,1,c1n([*])c2c(C(=O)NC(c3ccc([*])cc3)C)cc(Cl)cc2c1,O(C(*)=O)C=C|C(C)(C)(C)*,O=C(NCc1ccccc1)c1cccc2cc[nH]c12,0.0000000,0.0000,0.0000000,0.0000,0.0000000,0.0000,0.0000000,0.0000,0.0000000,0.0000,0.0000000,0.0000,0.0000000,0.0000,0.0000000,0.0000,0.0000000,0.0000,0.0000000,0.0000,0.0000000,0.0000,0.0000000,0.0000,0.0000000,0.0000,0.0000000,0.0000,0.0000000,0.0000,"['C(=[O,S])[O,S]']",1
6.8402,6.7813,-6.7813,0.0000000,CC(NC(=O)c1cc(Cl)cc2ccn(C(=O)OC(C)(C)C)c12)c1ccc(C(C)(C)C)cc1,2,c1n([*])c2c(C(=O)NC(c3ccc([*])cc3)C)cc(Cl)cc2c1,O(C(=O)*)C(C)(C)C|CC(C)(*)C,O=C(NCc1ccccc1)c1cccc2cc[nH]c12,0.0000000,0.0000,0.0000000,0.0000,0.0000000,0.0000,0.0000000,0.0000,0.0000000,0.0000,0.0000000,0.0000,0.0000000,0.0000,0.0000000,0.0000,0.0000000,0.0000,0.0000000,0.0000,0.0000000,0.0000,0.0000000,0.0000,0.0000000,0.0000,0.0000000,0.0000,0.0000000,0.0000,"['C(=[O,S])[O,S]']",1
11.2449,11.2032,-11.2032,0.0000000,CC(NC(=O)c1cc(Cl)cc2ccn(C(=O)OC(C)(C)C)c12)c1ccc(N2CCN(C)CC2)cc1,2,c1n([*])c2c(C(=O)NC(c3ccc([*])cc3)C)cc(Cl)cc2c1,O(C(C)(C)C)C(*)=O|C1CN(*)CCN1C,O=C(NCc1ccc(N2CCNCC2)cc1)c1cccc2cc[nH]c12,0.0000000,0.0000,0.0000000,0.0000,0.0000000,0.0000,0.0000000,0.0000,0.0000000,0.0000,0.0000000,0.0000,0.0000000,0.0000,0.0000000,0.0000,0.0000000,0.0000,0.0000000,0.0000,0.0000000,0.0000,0.0000000,0.0000,0.0000000,0.0000,0.0000000,0.0000,0.0000000,0.0000,"['C(=[O,S])[O,S]']",1
9.8950,8.1657,-8.1657,0.0000000,CC(NC(=O)c1cc(Cl)cc2ccn(C(=O)OC(C)(C)C)c12)c1ccc(C(C)(C)C)cc1,2,c1n([*])c2c(C(=O)NC(c3ccc([*])cc3)C)cc(Cl)cc2c1,O(C(C)(C)C)C(=O)*|CC(C)(*)C,O=C(NCc1ccccc1)c1cccc2cc[nH]c12,0.0000000,0.0000,0.0000000,0.0000,0.0000000,0.0000,0.0000000,0.0000,0.0000000,0.0000,0.0000000,0.0000,0.0000000,0.0000,0.0000000,0.0000,0.0000000,0.0000,0.0000000,0.0000,0.0000000,0.0000,0.0000000,0.0000,0.0000000,0.0000,0.0000000,0.0000,0.0000000,0.0000,"['C(=[O,S])[O,S]']",1
20.0331,18.6988,-18.6988,0.0000000,COc1ccc(-c2ccc(C(C)NC(=O)c3cc(Cl)cc4ccn(C(=O)NC(=O)OC(C)(C)C)c34)cc2)cn1,1,c1n([*])c2c(C(=O)NC(c3ccc([*])cc3)C)cc(Cl)cc2c1,O(C(NC(*)=O)=O)C(C)(C)C|c1(*)ccc(OC)nc1,O=C(NCc1ccc(-c2cccnc2)cc1)c1cccc2cc[nH]c12,0.0000000,0.0000,0.0000000,0.0000,0.0000000,0.0000,0.0000000,0.0000,0.0000000,0.0000,0.0000000,0.0000,0.0000000,0.0000,0.0000000,0.0000,0.0000000,0.0000,0.0000000,0.0000,0.0000000,0.0000,0.0000000,0.0000,0.0000000,0.0000,0.0000000,0.0000,0.0000000,0.0000,"['C(=[O,S])[O,S]']",1
16.0901,15.5014,-15.5014,0.0000000,CC(NC(=O)OCc1ccccc1)C(=O)n1ccc2cc(Cl)cc(C(=O)NC(C)c3ccc(C(C)(C)C)cc3)c21,1,c1n([*])c2c(C(=O)NC(c3ccc([*])cc3)C)cc(Cl)cc2c1,O(C(NC(C(=O)*)C)=O)Cc1ccccc1|CC(C)(*)C,O=C(NCC(=O)n1ccc2cccc(C(=O)NCc3ccccc3)c21)OCc1ccccc1,0.0000000,0.0000,0.0000000,0.0000,0.0000000,0.0000,0.0000000,0.0000,0.0000000,0.0000,0.0000000,0.0000,0.0000000,0.0000,0.0000000,0.0000,0.0000000,0.0000,0.0000000,0.0000,0.0000000,0.0000,0.0000000,0.0000,0.0000000,0.0000,0.0000000,0.0000,0.0000000,0.0000,"['C(=[O,S])[O,S]']",1
17.7180,18.6565,-18.6565,0.0000000,CCOC(=O)n1ccc2cc(Cl)cc(C(=O)NC(C)c3ccc(-c4cn[nH]c4C)cc3)c21,1,c1n([*])c2c(C(=O)NC(c3ccc([*])cc3)C)cc(Cl)cc2c1,O(CC)C(*)=O|c1(*)cn[nH]c1C,O=C(NCc1ccc(-c2cn[nH]c2)cc1)c1cccc2cc[nH]c12,0.0000000,0.0000,0.0000000,0.0000,0.0000000,0.0000,0.0000000,0.0000,0.0000000,0.0000,0.0000000,0.0000,0.0000000,0.0000,0.0000000,0.0000,0.0000000,0.0000,0.0000000,0.0000,0.0000000,0.0000,0.0000000,0.0000,0.0000000,0.0000,0.0000000,0.0000,0.0000000,0.0000,"['C(=[O,S])[O,S]']",1
15.9412,16.6567,-16.6567,0.0000000,CCCCOC(=O)n1ccc2cc(Cl)cc(C(=O)NC(C)c3ccc(-c4ccccc4)cc3)c21,1,c1n([*])c2c(C(=O)NC(c3ccc([*])cc3)C)cc(Cl)cc2c1,O(CCCC)C(*)=O|*c1ccccc1,O=C(NCc1ccc(-c2ccccc2)cc1)c1cccc2cc[nH]c12,0.0000000,0.0000,0.0000000,0.0000,0.0000000,0.0000,0.0000000,0.0000,0.0000000,0.0000,0.0000000,0.0000,0.0000000,0.0000,0.0000000,0.0000,0.0000000,0.0000,0.0000000,0.0000,0.0000000,0.0000,0.0000000,0.0000,0.0000000,0.0000,0.0000000,0.0000,0.0000000,0.0000,"['C(=[O,S])[O,S]']",1
18.2565,16.2994,-16.2993,0.0000000,CC(NC(=O)c1cc(Cl)cc2ccn(C(=O)OCCCN)c12)c1ccc(N(C)C)cc1,1,c1n([*])c2c(C(=O)NC(c3ccc([*])cc3)C)cc(Cl)cc2c1,O(CCCN)C(=O)*|CN(*)C,O=C(NCc1ccccc1)c1cccc2cc[nH]c12,0.0000000,0.0000,0.0000000,0.0000,0.0000000,0.0000,0.0000000,0.0000,0.0000000,0.0000,0.0000000,0.0000,0.0000000,0.0000,0.0000000,0.0000,0.0000000,0.0000,0.0000000,0.0000,0.0000000,0.0000,0.0000000,0.0000,0.0000000,0.0000,0.0000000,0.0000,0.0000000,0.0000,"['C(=[O,S])[O,S]', '[NH2]']",1
25.6992,24.5154,-24.5154,0.0000000,CC(NC(=O)c1cc(Cl)cc2ccn(C(=O)Oc3ccccc3)c12)c1ccc(-c2ccc3c(cnn3C)c2)cc1,1,c1n([*])c2c(C(=O)NC(c3ccc([*])cc3)C)cc(Cl)cc2c1,O(c1ccccc1)C(=O)*|c1cc(*)cc2c1n(C)nc2,O=C(NCc1ccc(-c2ccc3[nH]ncc3c2)cc1)c1cccc2ccn(C(=O)Oc3ccccc3)c12,0.0000000,0.0000,0.0000000,0.0000,0.0000000,0.0000,0.0000000,0.0000,0.0000000,0.0000,0.0000000,0.0000,0.0000000,0.0000,0.0000000,0.0000,0.0000000,0.0000,0.0000000,0.0000,0.0000000,0.0000,0.0000000,0.0000,0.0000000,0.0000,0.0000000,0.0000,0.0000000,0.0000,"['C(=[O,S])[O,S]']",1
7.2958,6.2291,-6.2291,0.0000000,CC(=O)n1ccc2cc(Cl)cc(C(=O)NC(C)c3ccc(C(F)(F)F)cc3)c21,2,c1n([*])c2c(C(=O)NC(c3ccc([*])cc3)C)cc(Cl)cc2c1,O=C(*)C|*C(F)(F)F,O=C(NCc1ccccc1)c1cccc2cc[nH]c12,0.0000000,0.6249,-0.0000000,-10.5477,0.0000000,408.8070,0.0000000,5.4646,0.0000000,51.1000,0.0000000,1.0000,0.0000000,3.0000,0.0000000,1.0000,0.0000000,3.0000,0.0000000,28.0000,0.0000000,331.9440,0.0000000,2.9143,0.0000000,0.6741,0.0000000,4.3613,0.0000000,1.0000,[],1
17.1100,16.5594,5.8047,0.0447281,CC(=O)n1ccc2cc(Cl)cc(C(=O)NC(C)c3ccc(-c4c(C)n[nH]c4C)cc3)c21,1,c1n([*])c2c(C(=O)NC(c3ccc([*])cc3)C)cc(Cl)cc2c1,O=C(*)C|c1(C)c(*)c(C)n[nH]1,O=C(NCc1ccc(-c2cn[nH]c2)cc1)c1cccc2cc[nH]c12,0.4476542,0.4477,-7.1060800,-7.1061,0.9975111,434.9270,0.0000000,5.4527,1.0000000,79.7800,1.0000000,1.0000,1.0000000,4.0000,0.5000000,2.0000,0.9693466,4.0000,0.9745624,31.0000,0.9240983,384.8720,0.8911875,3.1734,1.0000000,0.3297,3.8254845,3.8255,1.0000000,1.0000,[],1
9.7540,9.2650,-9.2650,0.0000000,CC(=O)n1ccc2cc(Cl)cc(C(=O)NC(C)c3ccc(-c4ccccc4)cc3)c21,2,c1n([*])c2c(C(=O)NC(c3ccc([*])cc3)C)cc(Cl)cc2c1,O=C(*)C|c1cccc(*)c1,O=C(NCc1ccc(-c2ccccc2)cc1)c1cccc2cc[nH]c12,0.0000000,0.4358,-0.0000000,-7.4671,0.0000000,416.9080,0.0000000,6.1128,0.0000000,51.1000,0.0000000,1.0000,0.0000000,3.0000,0.0000000,1.0000,0.0000000,4.0000,0.0000000,30.0000,0.0000000,370.9280,0.0000000,2.7295,0.0000000,0.5481,0.0000000,4.2140,0.0000000,1.0000,[],1
12.5133,12.7069,9.0678,0.0435495,CC(=O)n1ccc2cc(Cl)cc(C(=O)NC(C)c3ccc(-c4ccncc4)cc3)c21,1,c1n([*])c2c(C(=O)NC(c3ccc([*])cc3)C)cc(Cl)cc2c1,O=C(*)C|n1ccc(*)cc1,O=C(NCc1ccc(-c2ccncc2)cc1)c1cccc2cc[nH]c12,0.4759411,0.4759,-8.9296100,-8.9296,0.9994805,417.8960,0.0000000,5.5078,1.0000000,63.9900,1.0000000,1.0000,1.0000000,4.0000,0.9467598,1.0000,0.9693466,4.0000,0.9789100,30.0000,0.9613387,366.2640,0.9193171,2.8866,1.0000000,0.3385,3.2958777,3.2959,1.0000000,1.0000,[],1
20.3301,19.6712,61.4019,0.1621464,CC(NC(=O)c1cc(Cl)cc2ccn(C(=O)NCc3ccccc3)c12)c1ccc(C(C)(C)C#N)cc1,1,c1n([*])c2c(C(=O)NC(c3ccc([*])cc3)C)cc(Cl)cc2c1,O=C(*)NCc1ccccc1|CC(C#N)(*)C,O=C(NCc1ccccc1)c1cccc2ccn(C(=O)NCc3ccccc3)c12,0.3246869,0.3247,19.8206500,19.8207,0.5226877,499.0140,0.0000000,6.3448,1.0000000,86.9200,1.0000000,1.0000,1.0000000,4.0000,0.5000000,2.0000,0.9090909,6.0000,0.9362164,36.0000,0.5081350,449.1520,0.8960035,3.1294,0.0000000,0.9504,4.3091145,4.3091,1.0000000,1.0000,[],1
7.2650,6.6985,-6.6985,0.0000000,CC(NC(=O)c1cc(Cl)cc2ccn(C(N)=O)c12)c1ccc(C(F)(F)F)cc1,2,c1n([*])c2c(C(=O)NC(c3ccc([*])cc3)C)cc(Cl)cc2c1,O=C(*)N|*C(F)(F)F,O=C(NCc1ccccc1)c1cccc2cc[nH]c12,0.0000000,0.0000,0.0000000,0.0000,0.0000000,0.0000,0.0000000,0.0000,0.0000000,0.0000,0.0000000,0.0000,0.0000000,0.0000,0.0000000,0.0000,0.0000000,0.0000,0.0000000,0.0000,0.0000000,0.0000,0.0000000,0.0000,0.0000000,0.0000,0.0000000,0.0000,0.0000000,0.0000,['[NH2]'],1
7.8088,7.7058,-7.7058,0.0000000,CC(NC(=O)c1cc(Cl)cc2ccn(C(N)=O)c12)c1ccc(C(C)(C)C)cc1,2,c1n([*])c2c(C(=O)NC(c3ccc([*])cc3)C)cc(Cl)cc2c1,O=C(*)N|CC(*)(C)C,O=C(NCc1ccccc1)c1cccc2cc[nH]c12,0.0000000,0.0000,0.0000000,0.0000,0.0000000,0.0000,0.0000000,0.0000,0.0000000,0.0000,0.0000000,0.0000,0.0000000,0.0000,0.0000000,0.0000,0.0000000,0.0000,0.0000000,0.0000,0.0000000,0.0000,0.0000000,0.0000,0.0000000,0.0000,0.0000000,0.0000,0.0000000,0.0000,['[NH2]'],1
11.6465,10.9602,-10.9602,0.0000000,CC(NC(=O)c1cc(Cl)cc2ccn(C(=O)OC(C)(C)C)c12)c1ccc(-c2cc[nH]n2)cc1,1,c1n([*])c2c(C(=O)NC(c3ccc([*])cc3)C)cc(Cl)cc2c1,O=C(*)OC(C)(C)C|*c1n[nH]cc1,O=C(NCc1ccc(-c2cc[nH]n2)cc1)c1cccc2cc[nH]c12,0.0000000,0.0000,0.0000000,0.0000,0.0000000,0.0000,0.0000000,0.0000,0.0000000,0.0000,0.0000000,0.0000,0.0000000,0.0000,0.0000000,0.0000,0.0000000,0.0000,0.0000000,0.0000,0.0000000,0.0000,0.0000000,0.0000,0.0000000,0.0000,0.0000000,0.0000,0.0000000,0.0000,"['C(=[O,S])[O,S]']",1
6.9737,6.4778,-6.4778,0.0000000,CC(NC(=O)c1cc(Cl)cc2ccn(C(=O)OC(C)(C)C)c12)c1ccc(C(C)(C)C)cc1,2,c1n([*])c2c(C(=O)NC(c3ccc([*])cc3)C)cc(Cl)cc2c1,O=C(*)OC(C)(C)C|CC(*)(C)C,O=C(NCc1ccccc1)c1cccc2cc[nH]c12,0.0000000,0.0000,0.0000000,0.0000,0.0000000,0.0000,0.0000000,0.0000,0.0000000,0.0000,0.0000000,0.0000,0.0000000,0.0000,0.0000000,0.0000,0.0000000,0.0000,0.0000000,0.0000,0.0000000,0.0000,0.0000000,0.0000,0.0000000,0.0000,0.0000000,0.0000,0.0000000,0.0000,"['C(=[O,S])[O,S]']",1
13.1197,10.7398,-10.7398,0.0000000,CC(NC(=O)c1cc(Cl)cc2ccn(C(=O)OC(C)(C)C)c12)c1ccc(C(Cl)(Cl)Cl)cc1,1,c1n([*])c2c(C(=O)NC(c3ccc([*])cc3)C)cc(Cl)cc2c1,O=C(*)OC(C)(C)C|ClC(Cl)(Cl)*,O=C(NCc1ccccc1)c1cccc2cc[nH]c12,0.0000000,0.0000,0.0000000,0.0000,0.0000000,0.0000,0.0000000,0.0000,0.0000000,0.0000,0.0000000,0.0000,0.0000000,0.0000,0.0000000,0.0000,0.0000000,0.0000,0.0000000,0.0000,0.0000000,0.0000,0.0000000,0.0000,0.0000000,0.0000,0.0000000,0.0000,0.0000000,0.0000,"['C(=[O,S])[O,S]']",1
17.2516,14.6446,-14.6446,0.0000000,CC(NC(=O)c1cc(Cl)cc2ccn(C(=O)OC(C)(C)C)c12)c1ccc(-c2ccnc(N)c2)cc1,1,c1n([*])c2c(C(=O)NC(c3ccc([*])cc3)C)cc(Cl)cc2c1,O=C(*)OC(C)(C)C|c1c(*)cc(N)nc1,O=C(NCc1ccc(-c2ccncc2)cc1)c1cccc2cc[nH]c12,0.0000000,0.0000,0.0000000,0.0000,0.0000000,0.0000,0.0000000,0.0000,0.0000000,0.0000,0.0000000,0.0000,0.0000000,0.0000,0.0000000,0.0000,0.0000000,0.0000,0.0000000,0.0000,0.0000000,0.0000,0.0000000,0.0000,0.0000000,0.0000,0.0000000,0.0000,0.0000000,0.0000,"['C(=[O,S])[O,S]', '[NH2]']",1
8.1397,8.0787,-8.0787,0.0000000,CC(NC(=O)c1cc(Cl)cc2ccn(C(=O)OC(C)(C)C)c12)c1ccc(-c2ccccc2)cc1,2,c1n([*])c2c(C(=O)NC(c3ccc([*])cc3)C)cc(Cl)cc2c1,O=C(*)OC(C)(C)C|c1cc(*)ccc1,O=C(NCc1ccc(-c2ccccc2)cc1)c1cccc2cc[nH]c12,0.0000000,0.0000,0.0000000,0.0000,0.0000000,0.0000,0.0000000,0.0000,0.0000000,0.0000,0.0000000,0.0000,0.0000000,0.0000,0.0000000,0.0000,0.0000000,0.0000,0.0000000,0.0000,0.0000000,0.0000,0.0000000,0.0000,0.0000000,0.0000,0.0000000,0.0000,0.0000000,0.0000,"['C(=[O,S])[O,S]']",1
18.8055,18.6420,-18.6420,0.0000000,CC(NC(=O)c1cc(Cl)cc2ccn(C(=O)OC(C)(C)C)c12)c1ccc(-c2ccnc(C(F)(F)F)c2)cc1,1,c1n([*])c2c(C(=O)NC(c3ccc([*])cc3)C)cc(Cl)cc2c1,O=C(*)OC(C)(C)C|c1nc(C(F)(F)F)cc(*)c1,O=C(NCc1ccc(-c2ccncc2)cc1)c1cccc2cc[nH]c12,0.0000000,0.0000,0.0000000,0.0000,0.0000000,0.0000,0.0000000,0.0000,0.0000000,0.0000,0.0000000,0.0000,0.0000000,0.0000,0.0000000,0.0000,0.0000000,0.0000,0.0000000,0.0000,0.0000000,0.0000,0.0000000,0.0000,0.0000000,0.0000,0.0000000,0.0000,0.0000000,0.0000,"['C(=[O,S])[O,S]']",1
17.1261,16.0987,-16.0987,0.0000000,CC(C)OC(=O)n1ccc2cc(Cl)cc(C(=O)NC(C)c3ccc(CC(N)=O)cc3)c21,1,c1n([*])c2c(C(=O)NC(c3ccc([*])cc3)C)cc(Cl)cc2c1,O=C(*)OC(C)C|O=C(N)C*,O=C(NCc1ccccc1)c1cccc2cc[nH]c12,0.0000000,0.0000,0.0000000,0.0000,0.0000000,0.0000,0.0000000,0.0000,0.0000000,0.0000,0.0000000,0.0000,0.0000000,0.0000,0.0000000,0.0000,0.0000000,0.0000,0.0000000,0.0000,0.0000000,0.0000,0.0000000,0.0000,0.0000000,0.0000,0.0000000,0.0000,0.0000000,0.0000,"['C(=[O,S])[O,S]', '[NH2]']",1
9.2003,8.7957,-8.7957,0.0000000,CCOC(=O)n1ccc2cc(Cl)cc(C(=O)NC(C)c3ccc(C)cc3)c21,1,c1n([*])c2c(C(=O)NC(c3ccc([*])cc3)C)cc(Cl)cc2c1,O=C(*)OCC|*C,O=C(NCc1ccccc1)c1cccc2cc[nH]c12,0.0000000,0.0000,0.0000000,0.0000,0.0000000,0.0000,0.0000000,0.0000,0.0000000,0.0000,0.0000000,0.0000,0.0000000,0.0000,0.0000000,0.0000,0.0000000,0.0000,0.0000000,0.0000,0.0000000,0.0000,0.0000000,0.0000,0.0000000,0.0000,0.0000000,0.0000,0.0000000,0.0000,"['C(=[O,S])[O,S]']",1
9.9132,9.8936,-9.8936,0.0000000,CCOC(=O)n1ccc2cc(Cl)cc(C(=O)NC(C)c3ccc(C(F)(F)F)cc3)c21,2,c1n([*])c2c(C(=O)NC(c3ccc([*])cc3)C)cc(Cl)cc2c1,O=C(*)OCC|C(F)(*)(F)F,O=C(NCc1ccccc1)c1cccc2cc[nH]c12,0.0000000,0.0000,0.0000000,0.0000,0.0000000,0.0000,0.0000000,0.0000,0.0000000,0.0000,0.0000000,0.0000,0.0000000,0.0000,0.0000000,0.0000,0.0000000,0.0000,0.0000000,0.0000,0.0000000,0.0000,0.0000000,0.0000,0.0000000,0.0000,0.0000000,0.0000,0.0000000,0.0000,"['C(=[O,S])[O,S]']",1
14.4792,11.8217,-11.8217,0.0000000,CC(NC(=O)c1cc(Cl)cc2ccn(C(=O)O)c12)c1ccc(C(C)(C)C)cc1,1,c1n([*])c2c(C(=O)NC(c3ccc([*])cc3)C)cc(Cl)cc2c1,O=C(*)O|C(*)(C)(C)C,O=C(NCc1ccccc1)c1cccc2cc[nH]c12,0.0000000,0.0000,0.0000000,0.0000,0.0000000,0.0000,0.0000000,0.0000,0.0000000,0.0000,0.0000000,0.0000,0.0000000,0.0000,0.0000000,0.0000,0.0000000,0.0000,0.0000000,0.0000,0.0000000,0.0000,0.0000000,0.0000,0.0000000,0.0000,0.0000000,0.0000,0.0000000,0.0000,"['C(=[O,S])[O,S]', '[OH]']",1
5.9301,6.3973,-6.3973,0.0000000,CC(=O)n1ccc2cc(Cl)cc(C(=O)NC(C)c3ccc(C(F)(F)F)cc3)c21,2,c1n([*])c2c(C(=O)NC(c3ccc([*])cc3)C)cc(Cl)cc2c1,O=C(C)*|*C(F)(F)F,O=C(NCc1ccccc1)c1cccc2cc[nH]c12,0.0000000,0.6249,-0.0000000,-10.5477,0.0000000,408.8070,0.0000000,5.4646,0.0000000,51.1000,0.0000000,1.0000,0.0000000,3.0000,0.0000000,1.0000,0.0000000,3.0000,0.0000000,28.0000,0.0000000,331.9440,0.0000000,2.9143,0.0000000,0.6741,0.0000000,4.3613,0.0000000,1.0000,[],1
6.0279,5.9747,-5.9747,0.0000000,CC(=O)n1ccc2cc(Cl)cc(C(=O)NC(C)c3ccc(C)cc3)c21,2,c1n([*])c2c(C(=O)NC(c3ccc([*])cc3)C)cc(Cl)cc2c1,O=C(C)*|C*,O=C(NCc1ccccc1)c1cccc2cc[nH]c12,0.0000000,0.7372,-0.0000000,-8.4744,0.0000000,354.8370,0.0000000,4.7542,0.0000000,51.1000,0.0000000,1.0000,0.0000000,3.0000,0.0000000,1.0000,0.0000000,3.0000,0.0000000,25.0000,0.0000000,314.3600,0.0000000,2.7671,0.0000000,0.5462,0.0000000,3.6960,0.0000000,1.0000,[],1
7.2238,7.7917,-7.7917,0.0000000,CC(=O)n1ccc2cc(Cl)cc(C(=O)NC(C)c3ccc(N)cc3)c21,2,c1n([*])c2c(C(=O)NC(c3ccc([*])cc3)C)cc(Cl)cc2c1,O=C(C)*|N*,O=C(NCc1ccccc1)c1cccc2cc[nH]c12,0.0000000,0.0000,0.0000000,0.0000,0.0000000,0.0000,0.0000000,0.0000,0.0000000,0.0000,0.0000000,0.0000,0.0000000,0.0000,0.0000000,0.0000,0.0000000,0.0000,0.0000000,0.0000,0.0000000,0.0000,0.0000000,0.0000,0.0000000,0.0000,0.0000000,0.0000,0.0000000,0.0000,['[NH2]'],1
24.5166,23.9552,-21.9821,0.0039463,CC(=O)n1ccc2cc(Cl)cc(C(=O)NC(C)c3ccc(-c4cc5ccccc5cc4C)cc3)c21,1,c1n([*])c2c(C(=O)NC(c3ccc([*])cc3)C)cc(Cl)cc2c1,O=C(C)*|c1(C)c(*)cc2ccccc2c1,O=C(NCc1ccc(-c2ccc3ccccc3c2)cc1)c1cccc2cc[nH]c12,0.2880480,0.2880,-9.4597500,-9.4597,0.8520065,480.9950,0.0000000,7.5744,1.0000000,51.1000,1.0000000,1.0000,1.0000000,3.0000,0.9467598,1.0000,0.9693466,4.0000,0.9467598,35.0000,0.7030326,427.5440,0.9132676,2.9552,0.0000000,0.6908,4.7105365,4.7105,1.0000000,1.0000,[],1
10.4029,10.5264,-10.5264,0.0000000,CC(NC(=O)c1cc(Cl)cc2ccn(C(N)=O)c12)c1ccc(N2CCOCC2)cc1,1,c1n([*])c2c(C(=O)NC(c3ccc([*])cc3)C)cc(Cl)cc2c1,O=C(N)*|C1CN(*)CCO1,O=C(NCc1ccc(N2CCOCC2)cc1)c1cccc2cc[nH]c12,0.0000000,0.0000,0.0000000,0.0000,0.0000000,0.0000,0.0000000,0.0000,0.0000000,0.0000,0.0000000,0.0000,0.0000000,0.0000,0.0000000,0.0000,0.0000000,0.0000,0.0000000,0.0000,0.0000000,0.0000,0.0000000,0.0000,0.0000000,0.0000,0.0000000,0.0000,0.0000000,0.0000,['[NH2]'],1
27.6708,27.4350,-27.4350,0.0000000,CC(=NC(C)(C)C(=O)O)c1ccccc1C(=O)n1ccc2cc(Cl)cc(C(=O)NC(C)c3ccc(C)cc3)c21,1,c1n([*])c2c(C(=O)NC(c3ccc([*])cc3)C)cc(Cl)cc2c1,O=C(O)C(C)(C)N=C(C)c1c(C(*)=O)cccc1|C*,O=C(NCc1ccccc1)c1cccc2ccn(C(=O)c3ccccc3)c12,0.0000000,0.0000,0.0000000,0.0000,0.0000000,0.0000,0.0000000,0.0000,0.0000000,0.0000,0.0000000,0.0000,0.0000000,0.0000,0.0000000,0.0000,0.0000000,0.0000,0.0000000,0.0000,0.0000000,0.0000,0.0000000,0.0000,0.0000000,0.0000,0.0000000,0.0000,0.0000000,0.0000,"['C(=[O,S])[O,S]', '[OH]']",1
8.4499,7.9785,-7.9785,0.0000000,CC(NC(=O)c1cc(Cl)cc2ccn(C(=O)OC(C)(C)C)c12)c1ccc(C(C)(C)C)cc1,2,c1n([*])c2c(C(=O)NC(c3ccc([*])cc3)C)cc(Cl)cc2c1,O=C(OC(C)(C)C)*|C(*)(C)(C)C,O=C(NCc1ccccc1)c1cccc2cc[nH]c12,0.0000000,0.0000,0.0000000,0.0000,0.0000000,0.0000,0.0000000,0.0000,0.0000000,0.0000,0.0000000,0.0000,0.0000000,0.0000,0.0000000,0.0000,0.0000000,0.0000,0.0000000,0.0000,0.0000000,0.0000,0.0000000,0.0000,0.0000000,0.0000,0.0000000,0.0000,0.0000000,0.0000,"['C(=[O,S])[O,S]']",1
7.6442,7.8678,-7.8678,0.0000000,CC(NC(=O)c1cc(Cl)cc2ccn(C(=O)OC(C)(C)C)c12)c1ccc(C(F)(F)F)cc1,2,c1n([*])c2c(C(=O)NC(c3ccc([*])cc3)C)cc(Cl)cc2c1,O=C(OC(C)(C)C)*|C(*)(F)(F)F,O=C(NCc1ccccc1)c1cccc2cc[nH]c12,0.0000000,0.0000,0.0000000,0.0000,0.0000000,0.0000,0.0000000,0.0000,0.0000000,0.0000,0.0000000,0.0000,0.0000000,0.0000,0.0000000,0.0000,0.0000000,0.0000,0.0000000,0.0000,0.0000000,0.0000,0.0000000,0.0000,0.0000000,0.0000,0.0000000,0.0000,0.0000000,0.0000,"['C(=[O,S])[O,S]']",1
8.4561,8.3895,-8.3895,0.0000000,CC(NC(=O)c1cc(Cl)cc2ccn(C(=O)OC(C)(C)C)c12)c1ccc(N(C)C)cc1,2,c1n([*])c2c(C(=O)NC(c3ccc([*])cc3)C)cc(Cl)cc2c1,O=C(OC(C)(C)C)*|CN(C)*,O=C(NCc1ccccc1)c1cccc2cc[nH]c12,0.0000000,0.0000,0.0000000,0.0000,0.0000000,0.0000,0.0000000,0.0000,0.0000000,0.0000,0.0000000,0.0000,0.0000000,0.0000,0.0000000,0.0000,0.0000000,0.0000,0.0000000,0.0000,0.0000000,0.0000,0.0000000,0.0000,0.0000000,0.0000,0.0000000,0.0000,0.0000000,0.0000,"['C(=[O,S])[O,S]']",1
12.9163,12.4661,-12.4661,0.0000000,CCOC(=O)n1ccc2cc(Cl)cc(C(=O)NC(C)c3ccc(-c4cn[nH]c4)cc3)c21,1,c1n([*])c2c(C(=O)NC(c3ccc([*])cc3)C)cc(Cl)cc2c1,O=C(OCC)*|c1(*)cn[nH]c1,O=C(NCc1ccc(-c2cn[nH]c2)cc1)c1cccc2cc[nH]c12,0.0000000,0.0000,0.0000000,0.0000,0.0000000,0.0000,0.0000000,0.0000,0.0000000,0.0000,0.0000000,0.0000,0.0000000,0.0000,0.0000000,0.0000,0.0000000,0.0000,0.0000000,0.0000,0.0000000,0.0000,0.0000000,0.0000,0.0000000,0.0000,0.0000000,0.0000,0.0000000,0.0000,"['C(=[O,S])[O,S]']",1
8.9892,8.2552,-8.2552,0.0000000,Cc1ccc(C(C)NC(=O)c2cc(Cl)cc3ccn(C(=O)OCc4ccccc4)c23)cc1,2,c1n([*])c2c(C(=O)NC(c3ccc([*])cc3)C)cc(Cl)cc2c1,O=C(OCc1ccccc1)*|C*,O=C(NCc1ccccc1)c1cccc2ccn(C(=O)OCc3ccccc3)c12,0.0000000,0.0000,0.0000000,0.0000,0.0000000,0.0000,0.0000000,0.0000,0.0000000,0.0000,0.0000000,0.0000,0.0000000,0.0000,0.0000000,0.0000,0.0000000,0.0000,0.0000000,0.0000,0.0000000,0.0000,0.0000000,0.0000,0.0000000,0.0000,0.0000000,0.0000,0.0000000,0.0000,"['C(=[O,S])[O,S]']",1
14.0021,14.1313,-14.1313,0.0000000,CC(NC(=O)c1cc(Cl)cc2ccn(C(=O)OCc3ccccc3)c12)c1ccc(-c2ccc(Cl)cc2)cc1,1,c1n([*])c2c(C(=O)NC(c3ccc([*])cc3)C)cc(Cl)cc2c1,c1(COC(*)=O)ccccc1|*c1ccc(Cl)cc1,O=C(NCc1ccc(-c2ccccc2)cc1)c1cccc2ccn(C(=O)OCc3ccccc3)c12,0.0000000,0.0000,0.0000000,0.0000,0.0000000,0.0000,0.0000000,0.0000,0.0000000,0.0000,0.0000000,0.0000,0.0000000,0.0000,0.0000000,0.0000,0.0000000,0.0000,0.0000000,0.0000,0.0000000,0.0000,0.0000000,0.0000,0.0000000,0.0000,0.0000000,0.0000,0.0000000,0.0000,"['C(=[O,S])[O,S]']",1
9.2098,9.5726,-9.5726,0.0000000,CC(NC(=O)c1cc(Cl)cc2ccn(C(=O)OCc3ccccc3)c12)c1ccc(C(C)(C)C)cc1,1,c1n([*])c2c(C(=O)NC(c3ccc([*])cc3)C)cc(Cl)cc2c1,c1(COC(=O)*)ccccc1|CC(C)(C)*,O=C(NCc1ccccc1)c1cccc2ccn(C(=O)OCc3ccccc3)c12,0.0000000,0.0000,0.0000000,0.0000,0.0000000,0.0000,0.0000000,0.0000,0.0000000,0.0000,0.0000000,0.0000,0.0000000,0.0000,0.0000000,0.0000,0.0000000,0.0000,0.0000000,0.0000,0.0000000,0.0000,0.0000000,0.0000,0.0000000,0.0000,0.0000000,0.0000,0.0000000,0.0000,"['C(=[O,S])[O,S]']",1
14.1259,13.8721,-13.8721,0.0000000,CC(NC(=O)c1cc(Cl)cc2ccn(C(=O)Oc3ccccc3)c12)c1ccc(C(F)(F)F)cc1,1,c1n([*])c2c(C(=O)NC(c3ccc([*])cc3)C)cc(Cl)cc2c1,c1(OC(=O)*)ccccc1|FC(F)(*)F,O=C(NCc1ccccc1)c1cccc2ccn(C(=O)Oc3ccccc3)c12,0.0000000,0.0000,0.0000000,0.0000,0.0000000,0.0000,0.0000000,0.0000,0.0000000,0.0000,0.0000000,0.0000,0.0000000,0.0000,0.0000000,0.0000,0.0000000,0.0000,0.0000000,0.0000,0.0000000,0.0000,0.0000000,0.0000,0.0000000,0.0000,0.0000000,0.0000,0.0000000,0.0000,"['C(=[O,S])[O,S]']",1
21.6076,21.5088,-20.8213,0.0013749,COc1ccc(-c2ccc(C(C)NC(=O)c3cc(Cl)cc4ccn(C(=O)c5ccccc5Cl)c34)cc2)cn1,1,c1n([*])c2c(C(=O)NC(c3ccc([*])cc3)C)cc(Cl)cc2c1,c1c(C(*)=O)c(Cl)ccc1|c1(*)ccc(OC)nc1,O=C(NCc1ccc(-c2cccnc2)cc1)c1cccc2ccn(C(=O)c3ccccc3)c12,0.2454972,0.2455,-10.8418300,-10.8418,0.0164170,544.4380,0.0000000,7.1982,1.0000000,73.2200,1.0000000,1.0000,1.0000000,5.0000,0.9467598,1.0000,0.9090909,6.0000,0.9090909,38.0000,0.4088501,459.6080,0.9053362,3.0387,0.0000000,0.8972,4.4767985,4.4768,1.0000000,1.0000,[],1
12.8911,14.4853,-12.3918,0.0041870,Cc1ccc(C(C)NC(=O)c2cc(Cl)cc3ccn(C(=O)c4cccnc4)c23)cc1,1,c1n([*])c2c(C(=O)NC(c3ccc([*])cc3)C)cc(Cl)cc2c1,c1cc(C(*)=O)cnc1|C*,O=C(NCc1ccccc1)c1cccc2ccn(C(=O)c3cccnc3)c12,0.4973640,0.4974,-11.3056100,-11.3056,0.9994805,417.8960,0.0000000,5.1776,1.0000000,63.9900,1.0000000,1.0000,1.0000000,4.0000,0.9467598,1.0000,0.9693466,4.0000,0.9789100,30.0000,0.9637401,364.5280,0.9219636,2.8552,0.0000000,0.6223,3.4512815,3.4513,1.0000000,1.0000,[],1
21.3631,20.3876,-20.3876,0.0000000,CC(NC(=O)c1cc(Cl)cc2ccn(C(=O)Nc3ccc(NC(=O)OC(C)(C)C)cc3)c12)c1ccc(C(C)(C)C)cc1,1,c1n([*])c2c(C(=O)NC(c3ccc([*])cc3)C)cc(Cl)cc2c1,c1cc(NC(=O)OC(C)(C)C)ccc1NC(=O)*|CC(C)(C)*,O=C(NCc1ccccc1)c1cccc2ccn(C(=O)Nc3ccccc3)c12,0.0000000,0.0000,0.0000000,0.0000,0.0000000,0.0000,0.0000000,0.0000,0.0000000,0.0000,0.0000000,0.0000,0.0000000,0.0000,0.0000000,0.0000,0.0000000,0.0000,0.0000000,0.0000,0.0000000,0.0000,0.0000000,0.0000,0.0000000,0.0000,0.0000000,0.0000,0.0000000,0.0000,"['C(=[O,S])[O,S]']",1
11.0119,10.3935,-8.2262,0.0043345,Cc1ccc(C(C)NC(=O)c2cc(Cl)cc3ccn(C(=O)c4ccccc4)c23)cc1,1,c1n([*])c2c(C(=O)NC(c3ccc([*])cc3)C)cc(Cl)cc2c1,c1ccccc1C(=O)*|C*,O=C(NCc1ccccc1)c1cccc2ccn(C(=O)c3ccccc3)c12,0.4578988,0.4579,-10.5816200,-10.5816,0.9995256,416.9080,0.0000000,5.7826,1.0000000,51.1000,1.0000000,1.0000,1.0000000,3.0000,0.9467598,1.0000,0.9693466,4.0000,0.9789100,30.0000,0.9574797,368.8480,0.9338462,2.7006,0.0000000,0.7931,4.1851387,4.1851,1.0000000,1.0000,[],1
18.0005,19.0907,-19.0907,0.0000000,COC(=O)C(C)c1ccc(C(C)NC(=O)c2cc(Cl)cc3ccn(C(=O)OCc4ccccc4)c23)cc1,1,c1(C(NC(c2ccc([*])cc2)C)=O)c2c(cc(Cl)c1)ccn2[*],*C(C(=O)OC)C|C(OC(*)=O)c1ccccc1,O=C(NCc1ccccc1)c1cccc2ccn(C(=O)OCc3ccccc3)c12,0.0000000,0.0000,0.0000000,0.0000,0.0000000,0.0000,0.0000000,0.0000,0.0000000,0.0000,0.0000000,0.0000,0.0000000,0.0000,0.0000000,0.0000,0.0000000,0.0000,0.0000000,0.0000,0.0000000,0.0000,0.0000000,0.0000,0.0000000,0.0000,0.0000000,0.0000,0.0000000,0.0000,"['C(=[O,S])[O,S]']",2
8.3958,6.6379,-6.6379,0.0000000,CC(NC(=O)c1cc(Cl)cc2ccn(C(=O)OC(C)(C)C)c12)c1ccc(C(C)(C)C)cc1,1,c1(C(NC(c2ccc([*])cc2)C)=O)c2c(cc(Cl)c1)ccn2[*],*C(C)(C)C|C(*)(=O)OC(C)(C)C,O=C(NCc1ccccc1)c1cccc2cc[nH]c12,0.0000000,0.0000,0.0000000,0.0000,0.0000000,0.0000,0.0000000,0.0000,0.0000000,0.0000,0.0000000,0.0000,0.0000000,0.0000,0.0000000,0.0000,0.0000000,0.0000,0.0000000,0.0000,0.0000000,0.0000,0.0000000,0.0000,0.0000000,0.0000,0.0000000,0.0000,0.0000000,0.0000,"['C(=[O,S])[O,S]']",2
9.1659,10.1398,-10.1398,0.0000000,CC(NC(=O)c1cc(Cl)cc2ccn(C(=O)C(C)(C)N)c12)c1ccc(C(C)(C)C)cc1,1,c1(C(NC(c2ccc([*])cc2)C)=O)c2c(cc(Cl)c1)ccn2[*],*C(C)(C)C|CC(N)(C)C(*)=O,O=C(NCc1ccccc1)c1cccc2cc[nH]c12,0.0000000,0.0000,0.0000000,0.0000,0.0000000,0.0000,0.0000000,0.0000,0.0000000,0.0000,0.0000000,0.0000,0.0000000,0.0000,0.0000000,0.0000,0.0000000,0.0000,0.0000000,0.0000,0.0000000,0.0000,0.0000000,0.0000,0.0000000,0.0000,0.0000000,0.0000,0.0000000,0.0000,['[NH2]'],2
9.0753,8.3573,-8.3573,0.0000000,CC(NC(=O)c1cc(Cl)cc2ccn(C(N)=O)c12)c1ccc(C(C)(C)C)cc1,1,c1(C(NC(c2ccc([*])cc2)C)=O)c2c(cc(Cl)c1)ccn2[*],*C(C)(C)C|NC(=O)*,O=C(NCc1ccccc1)c1cccc2cc[nH]c12,0.0000000,0.0000,0.0000000,0.0000,0.0000000,0.0000,0.0000000,0.0000,0.0000000,0.0000,0.0000000,0.0000,0.0000000,0.0000,0.0000000,0.0000,0.0000000,0.0000,0.0000000,0.0000,0.0000000,0.0000,0.0000000,0.0000,0.0000000,0.0000,0.0000000,0.0000,0.0000000,0.0000,['[NH2]'],2
7.7203,9.0289,-9.0289,0.0000000,CC(NC(=O)c1cc(Cl)cc2ccn(C(N)=O)c12)c1ccc(C(F)(F)F)cc1,1,c1(C(NC(c2ccc([*])cc2)C)=O)c2c(cc(Cl)c1)ccn2[*],*C(F)(F)F|*C(=O)N,O=C(NCc1ccccc1)c1cccc2cc[nH]c12,0.0000000,0.0000,0.0000000,0.0000,0.0000000,0.0000,0.0000000,0.0000,0.0000000,0.0000,0.0000000,0.0000,0.0000000,0.0000,0.0000000,0.0000,0.0000000,0.0000,0.0000000,0.0000,0.0000000,0.0000,0.0000000,0.0000,0.0000000,0.0000,0.0000000,0.0000,0.0000000,0.0000,['[NH2]'],2
7.3116,6.3245,-6.3245,0.0000000,CC(NC(=O)c1cc(Cl)cc2ccn(C(=O)OC(C)(C)C)c12)c1ccc(C(F)(F)F)cc1,1,c1(C(NC(c2ccc([*])cc2)C)=O)c2c(cc(Cl)c1)ccn2[*],*C(F)(F)F|*C(=O)OC(C)(C)C,O=C(NCc1ccccc1)c1cccc2cc[nH]c12,0.0000000,0.0000,0.0000000,0.0000,0.0000000,0.0000,0.0000000,0.0000,0.0000000,0.0000,0.0000000,0.0000,0.0000000,0.0000,0.0000000,0.0000,0.0000000,0.0000,0.0000000,0.0000,0.0000000,0.0000,0.0000000,0.0000,0.0000000,0.0000,0.0000000,0.0000,0.0000000,0.0000,"['C(=[O,S])[O,S]']",2
17.9911,18.3546,-16.8653,0.0029785,CC(NC(=O)c1cc(Cl)cc2ccn(C(=O)N(C)CCCN(C)C)c12)c1ccc(C(F)(F)F)cc1,1,c1(C(NC(c2ccc([*])cc2)C)=O)c2c(cc(Cl)c1)ccn2[*],*C(F)(F)F|C(N(C)C)CCN(C)C(*)=O,O=C(NCc1ccccc1)c1cccc2cc[nH]c12,0.4480685,0.4481,0.0000000,0.0000,0.3044173,508.9720,0.0000000,5.6561,1.0000000,57.5800,1.0000000,1.0000,1.0000000,4.0000,0.9467598,1.0000,0.8490205,7.0000,0.9467598,35.0000,0.6069289,438.6800,0.8844696,3.2320,0.0000000,0.8605,3.2299504,3.2300,1.0000000,1.0000,[],2
11.8391,10.5572,-10.5572,0.0000000,CCOC(=O)n1ccc2cc(Cl)cc(C(=O)NC(C)c3ccc(C(F)(F)F)cc3)c21,1,c1(C(NC(c2ccc([*])cc2)C)=O)c2c(cc(Cl)c1)ccn2[*],*C(F)(F)F|C(OC(=O)*)C,O=C(NCc1ccccc1)c1cccc2cc[nH]c12,0.0000000,0.0000,0.0000000,0.0000,0.0000000,0.0000,0.0000000,0.0000,0.0000000,0.0000,0.0000000,0.0000,0.0000000,0.0000,0.0000000,0.0000,0.0000000,0.0000,0.0000000,0.0000,0.0000000,0.0000,0.0000000,0.0000,0.0000000,0.0000,0.0000000,0.0000,0.0000000,0.0000,"['C(=[O,S])[O,S]']",2
8.0495,7.3633,-5.0472,0.0046322,CC(=O)n1ccc2cc(Cl)cc(C(=O)NC(C)c3ccc(C(F)(F)F)cc3)c21,1,c1(C(NC(c2ccc([*])cc2)C)=O)c2c(cc(Cl)c1)ccn2[*],*C(F)(F)F|CC(*)=O,O=C(NCc1ccccc1)c1cccc2cc[nH]c12,0.6248520,0.6249,0.0000000,0.0000,0.9997750,408.8070,0.0000000,5.4646,1.0000000,51.1000,1.0000000,1.0000,1.0000000,3.0000,0.9467598,1.0000,0.9825279,3.0000,0.9855343,28.0000,0.9893403,331.9440,0.9169239,2.9143,0.0000000,0.6741,4.3612804,4.3613,1.0000000,1.0000,[],2
7.3078,8.7278,-8.7278,0.0000000,CC(NC(=O)c1cc(Cl)cc2ccn(C(N)=O)c12)c1ccc(C(F)(F)F)cc1,2,c1(C(NC(c2ccc([*])cc2)C)=O)c2c(cc(Cl)c1)ccn2[*],*C(F)(F)F|NC(=O)*,O=C(NCc1ccccc1)c1cccc2cc[nH]c12,0.0000000,0.0000,0.0000000,0.0000,0.0000000,0.0000,0.0000000,0.0000,0.0000000,0.0000,0.0000000,0.0000,0.0000000,0.0000,0.0000000,0.0000,0.0000000,0.0000,0.0000000,0.0000,0.0000000,0.0000,0.0000000,0.0000,0.0000000,0.0000,0.0000000,0.0000,0.0000000,0.0000,['[NH2]'],2
7.7116,10.1872,-7.9271,0.0045201,CC(NC(=O)c1cc(Cl)cc2ccn(C(=O)N(C)C)c12)c1ccc(C(F)(F)F)cc1,1,c1(C(NC(c2ccc([*])cc2)C)=O)c2c(cc(Cl)c1)ccn2[*],*C(F)(F)F|O=C(N(C)C)*,O=C(NCc1ccccc1)c1cccc2cc[nH]c12,0.6014361,0.6014,0.0000000,0.0000,0.9967450,437.8490,0.0000000,5.3342,1.0000000,54.3400,1.0000000,1.0000,1.0000000,3.0000,0.9467598,1.0000,0.9825279,3.0000,0.9789100,30.0000,0.9698174,359.5840,0.9051380,3.0408,0.0000000,0.6492,4.0836811,4.0837,1.0000000,1.0000,[],2
10.0514,9.1741,-9.1741,0.0000000,CC(NC(=O)c1cc(Cl)cc2ccn(C(=O)OC(C)(C)C)c12)c1ccc(C2CC2)cc1,1,c1(C(NC(c2ccc([*])cc2)C)=O)c2c(cc(Cl)c1)ccn2[*],*C1CC1|O=C(OC(C)(C)C)*,O=C(NCc1ccc(C2CC2)cc1)c1cccc2cc[nH]c12,0.0000000,0.0000,0.0000000,0.0000,0.0000000,0.0000,0.0000000,0.0000,0.0000000,0.0000,0.0000000,0.0000,0.0000000,0.0000,0.0000000,0.0000,0.0000000,0.0000,0.0000000,0.0000,0.0000000,0.0000,0.0000000,0.0000,0.0000000,0.0000,0.0000000,0.0000,0.0000000,0.0000,"['C(=[O,S])[O,S]']",2
30.5416,32.5868,-32.5868,0.0000000,CC(NC(=O)c1cc(Cl)cc2ccn(C(=O)OCc3ccccc3)c12)c1ccc(CC(O)=NNC(=O)CCN)cc1,1,c1(C(NC(c2ccc([*])cc2)C)=O)c2c(cc(Cl)c1)ccn2[*],*CC(=NNC(=O)CCN)O|O=C(OCc1ccccc1)*,O=C(NCc1ccccc1)c1cccc2ccn(C(=O)OCc3ccccc3)c12,0.0000000,0.0000,0.0000000,0.0000,0.0000000,0.0000,0.0000000,0.0000,0.0000000,0.0000,0.0000000,0.0000,0.0000000,0.0000,0.0000000,0.0000,0.0000000,0.0000,0.0000000,0.0000,0.0000000,0.0000,0.0000000,0.0000,0.0000000,0.0000,0.0000000,0.0000,0.0000000,0.0000,"['[#7;!n][#7;!n]', 'C(=[O,S])[O,S]', '[NH2]', '[OH]']",2
9.9031,9.9547,-9.9547,0.0000000,CC(=O)n1ccc2cc(Cl)cc(C(=O)NC(C)c3ccc(CC(=O)O)cc3)c21,1,c1(C(NC(c2ccc([*])cc2)C)=O)c2c(cc(Cl)c1)ccn2[*],*CC(=O)O|C(=O)(C)*,O=C(NCc1ccccc1)c1cccc2cc[nH]c12,0.0000000,0.0000,0.0000000,0.0000,0.0000000,0.0000,0.0000000,0.0000,0.0000000,0.0000,0.0000000,0.0000,0.0000000,0.0000,0.0000000,0.0000,0.0000000,0.0000,0.0000000,0.0000,0.0000000,0.0000,0.0000000,0.0000,0.0000000,0.0000,0.0000000,0.0000,0.0000000,0.0000,"['C(=[O,S])[O,S]', '[OH]']",2
26.2322,27.8775,-27.8775,0.0000000,C#CC(C)(C)Cc1ccc(C(C)NC(=O)c2cc(Cl)cc3ccn(C(=O)c4ccccc4)c23)cc1,1,c1(C(NC(c2ccc([*])cc2)C)=O)c2c(cc(Cl)c1)ccn2[*],*CC(C#C)(C)C|C(=O)(*)c1ccccc1,O=C(NCc1ccccc1)c1cccc2ccn(C(=O)c3ccccc3)c12,0.0000000,0.0000,0.0000000,0.0000,0.0000000,0.0000,0.0000000,0.0000,0.0000000,0.0000,0.0000000,0.0000,0.0000000,0.0000,0.0000000,0.0000,0.0000000,0.0000,0.0000000,0.0000,0.0000000,0.0000,0.0000000,0.0000,0.0000000,0.0000,0.0000000,0.0000,0.0000000,0.0000,['C#C'],2
12.0267,9.9504,-9.9504,0.0000000,CCc1ccc(C(C)NC(=O)c2cc(Cl)cc3ccn(C(=O)OC(C)(C)C)c23)cc1,1,c1(C(NC(c2ccc([*])cc2)C)=O)c2c(cc(Cl)c1)ccn2[*],*CC|O(C(*)=O)C(C)(C)C,O=C(NCc1ccccc1)c1cccc2cc[nH]c12,0.0000000,0.0000,0.0000000,0.0000,0.0000000,0.0000,0.0000000,0.0000,0.0000000,0.0000,0.0000000,0.0000,0.0000000,0.0000,0.0000000,0.0000,0.0000000,0.0000,0.0000000,0.0000,0.0000000,0.0000,0.0000000,0.0000,0.0000000,0.0000,0.0000000,0.0000,0.0000000,0.0000,"['C(=[O,S])[O,S]']",2
20.5958,21.2513,-21.2513,0.0000000,CC(NC(=O)c1cc(Cl)cc2ccn(C(=O)OC(C)(C)C)c12)c1ccc(Cn2cccc2CC(=O)O)cc1,1,c1(C(NC(c2ccc([*])cc2)C)=O)c2c(cc(Cl)c1)ccn2[*],*Cn1c(CC(=O)O)ccc1|CC(OC(*)=O)(C)C,O=C(NCc1ccc(Cn2cccc2)cc1)c1cccc2cc[nH]c12,0.0000000,0.0000,0.0000000,0.0000,0.0000000,0.0000,0.0000000,0.0000,0.0000000,0.0000,0.0000000,0.0000,0.0000000,0.0000,0.0000000,0.0000,0.0000000,0.0000,0.0000000,0.0000,0.0000000,0.0000,0.0000000,0.0000,0.0000000,0.0000,0.0000000,0.0000,0.0000000,0.0000,"['C(=[O,S])[O,S]', '[OH]']",2
7.4695,7.7387,-7.7387,0.0000000,Cc1ccc(C(C)NC(=O)c2cc(Cl)cc3ccn(C(N)=O)c23)cc1,1,c1(C(NC(c2ccc([*])cc2)C)=O)c2c(cc(Cl)c1)ccn2[*],*C|*C(N)=O,O=C(NCc1ccccc1)c1cccc2cc[nH]c12,0.0000000,0.0000,0.0000000,0.0000,0.0000000,0.0000,0.0000000,0.0000,0.0000000,0.0000,0.0000000,0.0000,0.0000000,0.0000,0.0000000,0.0000,0.0000000,0.0000,0.0000000,0.0000,0.0000000,0.0000,0.0000000,0.0000,0.0000000,0.0000,0.0000000,0.0000,0.0000000,0.0000,['[NH2]'],2
7.1727,6.2474,-6.2474,0.0000000,Cc1ccc(C(C)NC(=O)c2cc(Cl)cc3ccn(C(=O)OC(C)(C)C)c23)cc1,1,c1(C(NC(c2ccc([*])cc2)C)=O)c2c(cc(Cl)c1)ccn2[*],*C|CC(C)(C)OC(*)=O,O=C(NCc1ccccc1)c1cccc2cc[nH]c12,0.0000000,0.0000,0.0000000,0.0000,0.0000000,0.0000,0.0000000,0.0000,0.0000000,0.0000,0.0000000,0.0000,0.0000000,0.0000,0.0000000,0.0000,0.0000000,0.0000,0.0000000,0.0000,0.0000000,0.0000,0.0000000,0.0000,0.0000000,0.0000,0.0000000,0.0000,0.0000000,0.0000,"['C(=[O,S])[O,S]']",2
6.7249,5.0029,-5.0029,0.0000000,Cc1ccc(C(C)NC(=O)c2cc(Cl)cc3ccn(C(=O)OC(C)(C)C)c23)cc1,2,c1(C(NC(c2ccc([*])cc2)C)=O)c2c(cc(Cl)c1)ccn2[*],*C|CC(OC(=O)*)(C)C,O=C(NCc1ccccc1)c1cccc2cc[nH]c12,0.0000000,0.0000,0.0000000,0.0000,0.0000000,0.0000,0.0000000,0.0000,0.0000000,0.0000,0.0000000,0.0000,0.0000000,0.0000,0.0000000,0.0000,0.0000000,0.0000,0.0000000,0.0000,0.0000000,0.0000,0.0000000,0.0000,0.0000000,0.0000,0.0000000,0.0000,0.0000000,0.0000,"['C(=[O,S])[O,S]']",2
8.5978,9.7233,1.4895,0.0224257,Cc1ccc(C(C)NC(=O)c2cc(Cl)cc3ccn(C(=O)N(C)C)c23)cc1,1,c1(C(NC(c2ccc([*])cc2)C)=O)c2c(cc(Cl)c1)ccn2[*],*C|CN(C(*)=O)C,O=C(NCc1ccccc1)c1cccc2cc[nH]c12,0.7167794,0.7168,0.0000000,0.0000,0.9999774,383.8790,0.0000002,4.6238,1.0000000,54.3400,1.0000000,1.0000,1.0000000,3.0000,0.9467598,1.0000,0.9825279,3.0000,0.9880297,27.0000,0.9827062,344.7280,0.9179896,2.9021,0.0028587,0.5254,3.4758651,3.4759,1.0000000,1.0000,[],2
14.2547,11.8851,-9.6507,0.0044688,Cc1ccc(C(C)NC(=O)c2cc(Cl)cc3ccn(C(=O)C(Cl)Cl)c23)cc1,1,c1(C(NC(c2ccc([*])cc2)C)=O)c2c(cc(Cl)c1)ccn2[*],*C|ClC(Cl)C(=O)*,O=C(NCc1ccccc1)c1cccc2cc[nH]c12,0.5602598,0.5603,0.0000000,0.0000,0.9991114,423.7270,0.0000000,5.5380,1.0000000,51.1000,1.0000000,1.0000,1.0000000,3.0000,0.9467598,1.0000,0.9693466,4.0000,0.9880297,27.0000,0.9821282,345.6000,0.9047525,3.0446,0.0000000,0.9356,4.0949330,4.0949,1.0000000,1.0000,[],2
6.6771,5.6743,-5.6743,0.0000000,Cc1ccc(C(C)NC(=O)c2cc(Cl)cc3ccn(C(=O)OC(C)(C)C)c23)cc1,2,c1(C(NC(c2ccc([*])cc2)C)=O)c2c(cc(Cl)c1)ccn2[*],*C|O(C(C)(C)C)C(=O)*,O=C(NCc1ccccc1)c1cccc2cc[nH]c12,0.0000000,0.0000,0.0000000,0.0000,0.0000000,0.0000,0.0000000,0.0000,0.0000000,0.0000,0.0000000,0.0000,0.0000000,0.0000,0.0000000,0.0000,0.0000000,0.0000,0.0000000,0.0000,0.0000000,0.0000,0.0000000,0.0000,0.0000000,0.0000,0.0000000,0.0000,0.0000000,0.0000,"['C(=[O,S])[O,S]']",2
6.0667,7.9499,-7.9499,0.0000000,Cc1ccc(C(C)NC(=O)c2cc(Cl)cc3ccn(C(N)=O)c23)cc1,2,c1(C(NC(c2ccc([*])cc2)C)=O)c2c(cc(Cl)c1)ccn2[*],*C|O=C(*)N,O=C(NCc1ccccc1)c1cccc2cc[nH]c12,0.0000000,0.0000,0.0000000,0.0000,0.0000000,0.0000,0.0000000,0.0000,0.0000000,0.0000,0.0000000,0.0000,0.0000000,0.0000,0.0000000,0.0000,0.0000000,0.0000,0.0000000,0.0000,0.0000000,0.0000,0.0000000,0.0000,0.0000000,0.0000,0.0000000,0.0000,0.0000000,0.0000,['[NH2]'],2
17.7116,14.3638,-12.7067,0.0033143,Cc1ccc(C(C)NC(=O)c2cc(Cl)cc3ccn(C(=O)c4ccc(COC(C)(C)C)cc4)c23)cc1,1,c1(C(NC(c2ccc([*])cc2)C)=O)c2c(cc(Cl)c1)ccn2[*],*C|O=C(*)c1ccc(COC(C)(C)C)cc1,O=C(NCc1ccccc1)c1cccc2ccn(C(=O)c3ccccc3)c12,0.3056991,0.3057,0.0000000,0.0000,0.4304101,503.0420,0.0000000,7.0977,1.0000000,60.3300,1.0000000,1.0000,1.0000000,4.0000,0.9467598,1.0000,0.9090909,6.0000,0.9362164,36.0000,0.4054412,459.9760,0.9076845,3.0147,0.0000000,0.8393,4.5283375,4.5283,1.0000000,1.0000,[],2
20.8590,18.8105,-18.8105,0.0000000,Cc1ccc(C(C)NC(=O)c2cc(Cl)cc3ccn(C(=O)c4ccc(COCCCCO)cc4)c23)cc1,1,c1(C(NC(c2ccc([*])cc2)C)=O)c2c(cc(Cl)c1)ccn2[*],*C|O=C(*)c1ccc(COCCCCO)cc1,O=C(NCc1ccccc1)c1cccc2ccn(C(=O)c3ccccc3)c12,0.0000000,0.0000,0.0000000,0.0000,0.0000000,0.0000,0.0000000,0.0000,0.0000000,0.0000,0.0000000,0.0000,0.0000000,0.0000,0.0000000,0.0000,0.0000000,0.0000,0.0000000,0.0000,0.0000000,0.0000,0.0000000,0.0000,0.0000000,0.0000,0.0000000,0.0000,0.0000000,0.0000,['[OH]'],2
6.5010,6.1475,0.0501,0.0123953,CC(=O)n1ccc2cc(Cl)cc(C(=O)NC(C)c3ccc(C)cc3)c21,1,c1(C(NC(c2ccc([*])cc2)C)=O)c2c(cc(Cl)c1)ccn2[*],*C|O=C(C)*,O=C(NCc1ccccc1)c1cccc2cc[nH]c12,0.7371775,0.7372,0.0000000,0.0000,0.9999985,354.8370,0.0000001,4.7542,1.0000000,51.1000,1.0000000,1.0000,1.0000000,3.0000,0.9467598,1.0000,0.9825279,3.0000,0.9918135,25.0000,0.9945430,314.3600,0.9289556,2.7671,0.0000238,0.5462,3.6959622,3.6960,1.0000000,1.0000,[],2
6.5382,5.2658,-5.2658,0.0000000,Cc1ccc(C(C)NC(=O)c2cc(Cl)cc3ccn(C(=O)OC(C)(C)C)c23)cc1,2,c1(C(NC(c2ccc([*])cc2)C)=O)c2c(cc(Cl)c1)ccn2[*],*C|O=C(OC(C)(C)C)*,O=C(NCc1ccccc1)c1cccc2cc[nH]c12,0.0000000,0.0000,0.0000000,0.0000,0.0000000,0.0000,0.0000000,0.0000,0.0000000,0.0000,0.0000000,0.0000,0.0000000,0.0000,0.0000000,0.0000,0.0000000,0.0000,0.0000000,0.0000,0.0000000,0.0000,0.0000000,0.0000,0.0000000,0.0000,0.0000000,0.0000,0.0000000,0.0000,"['C(=[O,S])[O,S]']",2
18.6844,19.3539,-19.3539,0.0000000,CCN1CCN(c2ccc(C(C)NC(=O)c3cc(Cl)cc4ccn(C(=O)Oc5ccccc5)c34)cc2)CC1,1,c1(C(NC(c2ccc([*])cc2)C)=O)c2c(cc(Cl)c1)ccn2[*],*N1CCN(CC)CC1|O(C(=O)*)c1ccccc1,O=C(NCc1ccc(N2CCNCC2)cc1)c1cccc2ccn(C(=O)Oc3ccccc3)c12,0.0000000,0.0000,0.0000000,0.0000,0.0000000,0.0000,0.0000000,0.0000,0.0000000,0.0000,0.0000000,0.0000,0.0000000,0.0000,0.0000000,0.0000,0.0000000,0.0000,0.0000000,0.0000,0.0000000,0.0000,0.0000000,0.0000,0.0000000,0.0000,0.0000000,0.0000,0.0000000,0.0000,"['C(=[O,S])[O,S]']",2
11.2003,11.3897,-6.8998,0.0089798,CC(=O)n1ccc2cc(Cl)cc(C(=O)NC(C)c3ccc(N4CCNCC4)cc3)c21,1,c1(C(NC(c2ccc([*])cc2)C)=O)c2c(cc(Cl)c1)ccn2[*],*N1CCNCC1|O=C(C)*,O=C(NCc1ccc(N2CCNCC2)cc1)c1cccc2cc[nH]c12,0.6671113,0.6671,0.0000000,0.0000,0.9990072,424.9320,0.0000230,3.8554,1.0000000,66.3700,1.0000000,1.0000,1.0000000,5.0000,0.5000000,2.0000,0.9693466,4.0000,0.9789100,30.0000,0.9401501,378.2320,0.9083104,3.0082,0.0000049,0.5531,2.4927692,2.4928,1.0000000,1.0000,[],2
8.6771,9.0411,-9.0411,0.0000000,CC(NC(=O)c1cc(Cl)cc2ccn(C(=O)OC(C)(C)C)c12)c1ccc(N2CCOCC2)cc1,1,c1(C(NC(c2ccc([*])cc2)C)=O)c2c(cc(Cl)c1)ccn2[*],*N1CCOCC1|CC(OC(=O)*)(C)C,O=C(NCc1ccc(N2CCOCC2)cc1)c1cccc2cc[nH]c12,0.0000000,0.0000,0.0000000,0.0000,0.0000000,0.0000,0.0000000,0.0000,0.0000000,0.0000,0.0000000,0.0000,0.0000000,0.0000,0.0000000,0.0000,0.0000000,0.0000,0.0000000,0.0000,0.0000000,0.0000,0.0000000,0.0000,0.0000000,0.0000,0.0000000,0.0000,0.0000000,0.0000,"['C(=[O,S])[O,S]']",2
10.7122,12.1049,-12.1049,0.0000000,CC(NC(=O)c1cc(Cl)cc2ccn(C(N)=O)c12)c1ccc(-c2ccccc2)cc1,1,c1(C(NC(c2ccc([*])cc2)C)=O)c2c(cc(Cl)c1)ccn2[*],*c1ccccc1|O=C(*)N,O=C(NCc1ccc(-c2ccccc2)cc1)c1cccc2cc[nH]c12,0.0000000,0.0000,0.0000000,0.0000,0.0000000,0.0000,0.0000000,0.0000,0.0000000,0.0000,0.0000000,0.0000,0.0000000,0.0000,0.0000000,0.0000,0.0000000,0.0000,0.0000000,0.0000,0.0000000,0.0000,0.0000000,0.0000,0.0000000,0.0000,0.0000000,0.0000,0.0000000,0.0000,['[NH2]'],2
15.2799,15.7123,-15.7123,0.0000000,CC(NC(=O)c1cc(Cl)cc2ccn(C(=O)OC(C)(C)C)c12)c1ccc(-c2ccc(C(=O)O)cn2)cc1,1,c1(C(NC(c2ccc([*])cc2)C)=O)c2c(cc(Cl)c1)ccn2[*],*c1ncc(C(=O)O)cc1|O(C(=O)*)C(C)(C)C,O=C(NCc1ccc(-c2ccccn2)cc1)c1cccc2cc[nH]c12,0.0000000,0.0000,0.0000000,0.0000,0.0000000,0.0000,0.0000000,0.0000,0.0000000,0.0000,0.0000000,0.0000,0.0000000,0.0000,0.0000000,0.0000,0.0000000,0.0000,0.0000000,0.0000,0.0000000,0.0000,0.0000000,0.0000,0.0000000,0.0000,0.0000000,0.0000,0.0000000,0.0000,"['C(=[O,S])[O,S]', '[OH]']",2
46.7117,43.0062,-43.0062,0.0000000,c1(C(NC(c2ccc([*])cc2)C)=O)c2c(cc(Cl)c1)ccn2[*]*c1nnc(CNC)n(CC(C)C)c1|CNC(=O)*,0,c1(C(NC(c2ccc([*])cc2)C)=O)c2c(cc(Cl)c1)ccn2[*],*c1nnc(CNC)n(CC(C)C)c1|CNC(=O)*,,0.0000000,0.0000,0.0000000,0.0000,0.0000000,0.0000,0.0000000,0.0000,0.0000000,0.0000,0.0000000,0.0000,0.0000000,0.0000,0.0000000,0.0000,0.0000000,0.0000,0.0000000,0.0000,0.0000000,0.0000,0.0000000,0.0000,0.0000000,0.0000,0.0000000,0.0000,0.0000000,0.0000,None,2
12.1251,13.3447,-13.3447,0.0000000,C#Cc1ccc(C(C)NC(=O)c2cc(Cl)cc3ccn(C(=O)OC(C)(C)C)c23)cc1,1,c1(C(NC(c2ccc([*])cc2)C)=O)c2c(cc(Cl)c1)ccn2[*],C#C*|*C(=O)OC(C)(C)C,O=C(NCc1ccccc1)c1cccc2cc[nH]c12,0.0000000,0.0000,0.0000000,0.0000,0.0000000,0.0000,0.0000000,0.0000,0.0000000,0.0000,0.0000000,0.0000,0.0000000,0.0000,0.0000000,0.0000,0.0000000,0.0000,0.0000000,0.0000,0.0000000,0.0000,0.0000000,0.0000,0.0000000,0.0000,0.0000000,0.0000,0.0000000,0.0000,"['C#C', 'C(=[O,S])[O,S]']",2
23.6589,24.2760,-24.2760,0.0000000,CC(NC(=O)c1cc(Cl)cc2ccn(C(=O)NN)c12)c1ccc(C(C)C(=O)O)cc1,1,c1(C(NC(c2ccc([*])cc2)C)=O)c2c(cc(Cl)c1)ccn2[*],C(*)(C(=O)O)C|O=C(*)NN,O=C(NCc1ccccc1)c1cccc2cc[nH]c12,0.0000000,0.0000,0.0000000,0.0000,0.0000000,0.0000,0.0000000,0.0000,0.0000000,0.0000,0.0000000,0.0000,0.0000000,0.0000,0.0000000,0.0000,0.0000000,0.0000,0.0000000,0.0000,0.0000000,0.0000,0.0000000,0.0000,0.0000000,0.0000,0.0000000,0.0000,0.0000000,0.0000,"['[#7;!n][#7;!n]', 'C(=[O,S])[O,S]', '[NH2]', '[OH]']",2
10.5762,10.9939,-10.9939,0.0000000,CC(NC(=O)c1cc(Cl)cc2ccn(C(N)=O)c12)c1ccc(C(C)(C)C)cc1,2,c1(C(NC(c2ccc([*])cc2)C)=O)c2c(cc(Cl)c1)ccn2[*],C(*)(C)(C)C|C(*)(=O)N,O=C(NCc1ccccc1)c1cccc2cc[nH]c12,0.0000000,0.0000,0.0000000,0.0000,0.0000000,0.0000,0.0000000,0.0000,0.0000000,0.0000,0.0000000,0.0000,0.0000000,0.0000,0.0000000,0.0000,0.0000000,0.0000,0.0000000,0.0000,0.0000000,0.0000,0.0000000,0.0000,0.0000000,0.0000,0.0000000,0.0000,0.0000000,0.0000,['[NH2]'],2
10.2751,10.9506,-10.9505,0.0000000,CC(NC(=O)c1cc(Cl)cc2ccn(C(N)=O)c12)c1ccc(C(C)(C)C)cc1,2,c1(C(NC(c2ccc([*])cc2)C)=O)c2c(cc(Cl)c1)ccn2[*],C(*)(C)(C)C|C(=O)(N)*,O=C(NCc1ccccc1)c1cccc2cc[nH]c12,0.0000000,0.0000,0.0000000,0.0000,0.0000000,0.0000,0.0000000,0.0000,0.0000000,0.0000,0.0000000,0.0000,0.0000000,0.0000,0.0000000,0.0000,0.0000000,0.0000,0.0000000,0.0000,0.0000000,0.0000,0.0000000,0.0000,0.0000000,0.0000,0.0000000,0.0000,0.0000000,0.0000,['[NH2]'],2
9.3724,8.7590,-6.4772,0.0045637,CC(=O)n1ccc2cc(Cl)cc(C(=O)NC(C)c3ccc(C(C)(C)C)cc3)c21,1,c1(C(NC(c2ccc([*])cc2)C)=O)c2c(cc(Cl)c1)ccn2[*],C(*)(C)(C)C|CC(=O)*,O=C(NCc1ccccc1)c1cccc2cc[nH]c12,0.6129085,0.6129,0.0000000,0.0000,0.9999247,396.9180,0.0000000,5.7433,1.0000000,51.1000,1.0000000,1.0000,1.0000000,3.0000,0.9467598,1.0000,0.9825279,3.0000,0.9855343,28.0000,0.9651196,363.4800,0.9191686,2.8884,0.0000000,0.6820,4.1704326,4.1704,1.0000000,1.0000,[],2
11.4702,10.5100,-10.5100,0.0000000,CC(C)c1ccc(C(C)NC(=O)c2cc(Cl)cc3ccn(C(=O)OC(C)(C)C)c23)cc1,1,c1(C(NC(c2ccc([*])cc2)C)=O)c2c(cc(Cl)c1)ccn2[*],C(*)(C)C|*C(=O)OC(C)(C)C,O=C(NCc1ccccc1)c1cccc2cc[nH]c12,0.0000000,0.0000,0.0000000,0.0000,0.0000000,0.0000,0.0000000,0.0000,0.0000000,0.0000,0.0000000,0.0000,0.0000000,0.0000,0.0000000,0.0000,0.0000000,0.0000,0.0000000,0.0000,0.0000000,0.0000,0.0000000,0.0000,0.0000000,0.0000,0.0000000,0.0000,0.0000000,0.0000,"['C(=[O,S])[O,S]']",2
21.2641,21.0447,-21.0447,0.0000000,CC(NC(=O)c1cc(Cl)cc2ccn(C(=O)OC(C)(C)C)c12)c1ccc(CC(=O)N[N+](=O)[O-])cc1,1,c1(C(NC(c2ccc([*])cc2)C)=O)c2c(cc(Cl)c1)ccn2[*],C(*)C(=O)N[N+](=O)[O-]|CC(C)(OC(=O)*)C,O=C(NCc1ccccc1)c1cccc2cc[nH]c12,0.0000000,0.0000,0.0000000,0.0000,0.0000000,0.0000,0.0000000,0.0000,0.0000000,0.0000,0.0000000,0.0000,0.0000000,0.0000,0.0000000,0.0000,0.0000000,0.0000,0.0000000,0.0000,0.0000000,0.0000,0.0000000,0.0000,0.0000000,0.0000,0.0000000,0.0000,0.0000000,0.0000,"['[#7;!n][#7;!n]', 'C(=[O,S])[O,S]']",2
11.8008,10.9222,-10.9222,0.0000000,CC(=O)n1ccc2cc(Cl)cc(C(=O)NC(C)c3ccc(CC(=O)O)cc3)c21,2,c1(C(NC(c2ccc([*])cc2)C)=O)c2c(cc(Cl)c1)ccn2[*],C(*)C(O)=O|CC(*)=O,O=C(NCc1ccccc1)c1cccc2cc[nH]c12,0.0000000,0.0000,0.0000000,0.0000,0.0000000,0.0000,0.0000000,0.0000,0.0000000,0.0000,0.0000000,0.0000,0.0000000,0.0000,0.0000000,0.0000,0.0000000,0.0000,0.0000000,0.0000,0.0000000,0.0000,0.0000000,0.0000,0.0000000,0.0000,0.0000000,0.0000,0.0000000,0.0000,"['C(=[O,S])[O,S]', '[OH]']",2
19.0958,19.9948,-19.9948,0.0000000,CC(NC(=O)c1cc(Cl)cc2ccn(C(=O)C(C)(C)C)c12)c1ccc(N2CCN(C(=O)OC(C)(C)C)CC2)cc1,1,c1(C(NC(c2ccc([*])cc2)C)=O)c2c(cc(Cl)c1)ccn2[*],C(=O)(N1CCN(*)CC1)OC(C)(C)C|*C(=O)C(C)(C)C,O=C(NCc1ccc(N2CCNCC2)cc1)c1cccc2cc[nH]c12,0.0000000,0.0000,0.0000000,0.0000,0.0000000,0.0000,0.0000000,0.0000,0.0000000,0.0000,0.0000000,0.0000,0.0000000,0.0000,0.0000000,0.0000,0.0000000,0.0000,0.0000000,0.0000,0.0000000,0.0000,0.0000000,0.0000,0.0000000,0.0000,0.0000000,0.0000,0.0000000,0.0000,"['C(=[O,S])[O,S]']",2
22.9780,23.1738,-23.1738,0.0000000,CC(NC(=O)c1cc(Cl)cc2ccn(C(=O)OC(C)(C)C)c12)c1ccc(CC(NC(=O)Oc2ccccc2)C(=O)O)cc1,1,c1(C(NC(c2ccc([*])cc2)C)=O)c2c(cc(Cl)c1)ccn2[*],C(C(=O)O)(C*)NC(=O)Oc1ccccc1|O(C(*)=O)C(C)(C)C,O=C(NCCc1ccc(CNC(=O)c2cccc3cc[nH]c23)cc1)Oc1ccccc1,0.0000000,0.0000,0.0000000,0.0000,0.0000000,0.0000,0.0000000,0.0000,0.0000000,0.0000,0.0000000,0.0000,0.0000000,0.0000,0.0000000,0.0000,0.0000000,0.0000,0.0000000,0.0000,0.0000000,0.0000,0.0000000,0.0000,0.0000000,0.0000,0.0000000,0.0000,0.0000000,0.0000,"['C(=[O,S])[O,S]', '[OH]']",2
13.5270,11.9624,-9.6892,0.0045464,CC(=O)n1ccc2cc(Cl)cc(C(=O)NC(C)c3ccc(CC(C)(C)C)cc3)c21,1,c1(C(NC(c2ccc([*])cc2)C)=O)c2c(cc(Cl)c1)ccn2[*],C(C(C)(C)C)*|O=C(C)*,O=C(NCc1ccccc1)c1cccc2cc[nH]c12,0.5700134,0.5700,0.0000000,0.0000,0.9997261,410.9450,0.0000000,6.0344,1.0000000,51.1000,1.0000000,1.0000,1.0000000,3.0000,0.9467598,1.0000,0.9693466,4.0000,0.9825279,29.0000,0.9326238,381.5280,0.9106262,2.9837,0.0000000,0.6919,4.3240809,4.3241,1.0000000,1.0000,[],2
15.2910,13.4619,-13.4619,0.0000000,CC(NC(=O)c1cc(Cl)cc2ccn(C(=O)OC(C)(C)C)c12)c1ccc(C(C)(C)C(=O)O)cc1,1,c1(C(NC(c2ccc([*])cc2)C)=O)c2c(cc(Cl)c1)ccn2[*],C(C(O)=O)(*)(C)C|O(C(*)=O)C(C)(C)C,O=C(NCc1ccccc1)c1cccc2cc[nH]c12,0.0000000,0.0000,0.0000000,0.0000,0.0000000,0.0000,0.0000000,0.0000,0.0000000,0.0000,0.0000000,0.0000,0.0000000,0.0000,0.0000000,0.0000,0.0000000,0.0000,0.0000000,0.0000,0.0000000,0.0000,0.0000000,0.0000,0.0000000,0.0000,0.0000000,0.0000,0.0000000,0.0000,"['C(=[O,S])[O,S]', '[OH]']",2
12.2334,13.7885,-11.5841,0.0044089,CC(NC(=O)c1cc(Cl)cc2ccn(C(=O)NC(C)(C)C)c12)c1ccc(C(C)(C)C)cc1,1,c1(C(NC(c2ccc([*])cc2)C)=O)c2c(cc(Cl)c1)ccn2[*],C(C)(C)(*)C|C(C)(NC(*)=O)(C)C,O=C(NCc1ccccc1)c1cccc2cc[nH]c12,0.4788904,0.4789,0.0000000,0.0000,0.9857334,454.0140,0.0000000,6.4394,1.0000000,63.1300,1.0000000,1.0000,1.0000000,3.0000,0.5000000,2.0000,0.9825279,3.0000,0.9693466,32.0000,0.7223269,425.0880,0.8991862,3.0993,0.0000000,0.8120,4.3951716,4.3952,1.0000000,1.0000,[],2
18.9763,17.5653,-17.5653,0.0000000,CC(NC(=O)c1cc(Cl)cc2ccn(C(=O)OC(C)(C)C)c12)c1ccc(C2CCN(C(=O)OC(C)(C)C)C2)cc1,1,c1(C(NC(c2ccc([*])cc2)C)=O)c2c(cc(Cl)c1)ccn2[*],C(C)(C)(C)OC(N1CC(*)CC1)=O|CC(C)(OC(*)=O)C,O=C(NCc1ccc(C2CCNC2)cc1)c1cccc2cc[nH]c12,0.0000000,0.0000,0.0000000,0.0000,0.0000000,0.0000,0.0000000,0.0000,0.0000000,0.0000,0.0000000,0.0000,0.0000000,0.0000,0.0000000,0.0000,0.0000000,0.0000,0.0000000,0.0000,0.0000000,0.0000,0.0000000,0.0000,0.0000000,0.0000,0.0000000,0.0000,0.0000000,0.0000,"['C(=[O,S])[O,S]']",2
13.7699,13.9386,-13.9386,0.0000000,CCOC(=O)n1ccc2cc(Cl)cc(C(=O)NC(C)c3ccc(CC(C)(C)C)cc3)c21,1,c1(C(NC(c2ccc([*])cc2)C)=O)c2c(cc(Cl)c1)ccn2[*],C(C)(C*)(C)C|CCOC(*)=O,O=C(NCc1ccccc1)c1cccc2cc[nH]c12,0.0000000,0.0000,0.0000000,0.0000,0.0000000,0.0000,0.0000000,0.0000,0.0000000,0.0000,0.0000000,0.0000,0.0000000,0.0000,0.0000000,0.0000,0.0000000,0.0000,0.0000000,0.0000,0.0000000,0.0000,0.0000000,0.0000,0.0000000,0.0000,0.0000000,0.0000,0.0000000,0.0000,"['C(=[O,S])[O,S]']",2
28.1241,26.6388,-25.9154,0.0014467,CC(=O)N1CCN(c2ccc(C(C)NC(=O)c3cc(Cl)cc4ccn(Cc5cc[n+](C)cc5)c34)cc2)CC1,1,c1(C(NC(c2ccc([*])cc2)C)=O)c2c(cc(Cl)c1)ccn2[*],C(C)(N1CCN(*)CC1)=O|*Cc1cc[n+](C)cc1,O=C(NCc1ccc(N2CCNCC2)cc1)c1cccc2ccn(Cc3cc[nH+]cc3)c12,0.3775134,0.3775,0.0000000,0.0000,0.0540349,531.0800,0.0000015,4.3270,1.0000000,61.4600,1.0000000,1.0000,1.0000000,4.0000,0.9467598,1.0000,0.9090909,6.0000,0.9090909,38.0000,0.2183994,483.2240,0.8870759,3.2097,0.0000000,0.9237,1.2272257,1.2272,1.0000000,1.0000,[],2
15.0816,14.0725,-14.0725,0.0000000,CC(NC(=O)c1cc(Cl)cc2ccn(C(=O)OC(C)(C)C)c12)c1ccc(C(Cl)(Cl)Cl)cc1,1,c1(C(NC(c2ccc([*])cc2)C)=O)c2c(cc(Cl)c1)ccn2[*],C(Cl)(Cl)(*)Cl|C(C)(C)(C)OC(=O)*,O=C(NCc1ccccc1)c1cccc2cc[nH]c12,0.0000000,0.0000,0.0000000,0.0000,0.0000000,0.0000,0.0000000,0.0000,0.0000000,0.0000,0.0000000,0.0000,0.0000000,0.0000,0.0000000,0.0000,0.0000000,0.0000,0.0000000,0.0000,0.0000000,0.0000,0.0000000,0.0000,0.0000000,0.0000,0.0000000,0.0000,0.0000000,0.0000,"['C(=[O,S])[O,S]']",2
9.0280,7.9892,-7.9892,0.0000000,CC(NC(=O)c1cc(Cl)cc2ccn(C(=O)OC(C)(C)C)c12)c1ccc(C(F)(F)F)cc1,2,c1(C(NC(c2ccc([*])cc2)C)=O)c2c(cc(Cl)c1)ccn2[*],C(F)(*)(F)F|CC(C)(OC(*)=O)C,O=C(NCc1ccccc1)c1cccc2cc[nH]c12,0.0000000,0.0000,0.0000000,0.0000,0.0000000,0.0000,0.0000000,0.0000,0.0000000,0.0000,0.0000000,0.0000,0.0000000,0.0000,0.0000000,0.0000,0.0000000,0.0000,0.0000000,0.0000,0.0000000,0.0000,0.0000000,0.0000,0.0000000,0.0000,0.0000000,0.0000,0.0000000,0.0000,"['C(=[O,S])[O,S]']",2
9.3690,7.8261,-7.8261,0.0000000,CC(NC(=O)c1cc(Cl)cc2ccn(C(=O)OC(C)(C)C)c12)c1ccc(C(F)(F)F)cc1,2,c1(C(NC(c2ccc([*])cc2)C)=O)c2c(cc(Cl)c1)ccn2[*],C(F)(F)(*)F|O(C(C)(C)C)C(=O)*,O=C(NCc1ccccc1)c1cccc2cc[nH]c12,0.0000000,0.0000,0.0000000,0.0000,0.0000000,0.0000,0.0000000,0.0000,0.0000000,0.0000,0.0000000,0.0000,0.0000000,0.0000,0.0000000,0.0000,0.0000000,0.0000,0.0000000,0.0000,0.0000000,0.0000,0.0000000,0.0000,0.0000000,0.0000,0.0000000,0.0000,0.0000000,0.0000,"['C(=[O,S])[O,S]']",2
7.8173,7.1178,-7.1178,0.0000000,CC(NC(=O)c1cc(Cl)cc2ccn(C(=O)OC(C)(C)C)c12)c1ccc(C(F)(F)F)cc1,2,c1(C(NC(c2ccc([*])cc2)C)=O)c2c(cc(Cl)c1)ccn2[*],C(F)(F)(F)*|*C(=O)OC(C)(C)C,O=C(NCc1ccccc1)c1cccc2cc[nH]c12,0.0000000,0.0000,0.0000000,0.0000,0.0000000,0.0000,0.0000000,0.0000,0.0000000,0.0000,0.0000000,0.0000,0.0000000,0.0000,0.0000000,0.0000,0.0000000,0.0000,0.0000000,0.0000,0.0000000,0.0000,0.0000000,0.0000,0.0000000,0.0000,0.0000000,0.0000,0.0000000,0.0000,"['C(=[O,S])[O,S]']",2
10.4564,9.0820,-9.0820,0.0000000,CC(=O)n1ccc2cc(Cl)cc(C(=O)NC(C)c3ccc(C(F)(F)F)cc3)c21,2,c1(C(NC(c2ccc([*])cc2)C)=O)c2c(cc(Cl)c1)ccn2[*],C(F)(F)(F)*|C(=O)(C)*,O=C(NCc1ccccc1)c1cccc2cc[nH]c12,0.0000000,0.6249,0.0000000,0.0000,0.0000000,408.8070,0.0000000,5.4646,0.0000000,51.1000,0.0000000,1.0000,0.0000000,3.0000,0.0000000,1.0000,0.0000000,3.0000,0.0000000,28.0000,0.0000000,331.9440,0.0000000,2.9143,0.0000000,0.6741,0.0000000,4.3613,0.0000000,1.0000,[],2
9.6802,9.3254,-9.3254,0.0000000,CC(=O)n1ccc2cc(Cl)cc(C(=O)NC(C)c3ccc(C(F)(F)F)cc3)c21,2,c1(C(NC(c2ccc([*])cc2)C)=O)c2c(cc(Cl)c1)ccn2[*],C(F)(F)(F)*|C(C)(=O)*,O=C(NCc1ccccc1)c1cccc2cc[nH]c12,0.0000000,0.6249,0.0000000,0.0000,0.0000000,408.8070,0.0000000,5.4646,0.0000000,51.1000,0.0000000,1.0000,0.0000000,3.0000,0.0000000,1.0000,0.0000000,3.0000,0.0000000,28.0000,0.0000000,331.9440,0.0000000,2.9143,0.0000000,0.6741,0.0000000,4.3613,0.0000000,1.0000,[],2
9.4072,8.1765,-8.1765,0.0000000,CC(NC(=O)c1cc(Cl)cc2ccn(C(=O)OC(C)(C)C)c12)c1ccc(C(F)(F)F)cc1,2,c1(C(NC(c2ccc([*])cc2)C)=O)c2c(cc(Cl)c1)ccn2[*],C(F)(F)(F)*|CC(C)(C)OC(*)=O,O=C(NCc1ccccc1)c1cccc2cc[nH]c12,0.0000000,0.0000,0.0000000,0.0000,0.0000000,0.0000,0.0000000,0.0000,0.0000000,0.0000,0.0000000,0.0000,0.0000000,0.0000,0.0000000,0.0000,0.0000000,0.0000,0.0000000,0.0000,0.0000000,0.0000,0.0000000,0.0000,0.0000000,0.0000,0.0000000,0.0000,0.0000000,0.0000,"['C(=[O,S])[O,S]']",2
9.1526,10.3045,-10.3045,0.0000000,CC(NC(=O)c1cc(Cl)cc2ccn(C(=O)OCc3ccccc3)c12)c1ccc(C(F)(F)F)cc1,1,c1(C(NC(c2ccc([*])cc2)C)=O)c2c(cc(Cl)c1)ccn2[*],C(F)(F)(F)*|c1ccc(COC(=O)*)cc1,O=C(NCc1ccccc1)c1cccc2ccn(C(=O)OCc3ccccc3)c12,0.0000000,0.0000,0.0000000,0.0000,0.0000000,0.0000,0.0000000,0.0000,0.0000000,0.0000,0.0000000,0.0000,0.0000000,0.0000,0.0000000,0.0000,0.0000000,0.0000,0.0000000,0.0000,0.0000000,0.0000,0.0000000,0.0000,0.0000000,0.0000,0.0000000,0.0000,0.0000000,0.0000,"['C(=[O,S])[O,S]']",2
16.7000,16.0518,-16.0518,0.0000000,CC(=O)n1ccc2cc(Cl)cc(C(=O)NC(C)c3ccc(N4CC(C(=O)O)C4)cc3)c21,1,c1(C(NC(c2ccc([*])cc2)C)=O)c2c(cc(Cl)c1)ccn2[*],C(O)(=O)C1CN(*)C1|*C(C)=O,O=C(NCc1ccc(N2CCC2)cc1)c1cccc2cc[nH]c12,0.0000000,0.0000,0.0000000,0.0000,0.0000000,0.0000,0.0000000,0.0000,0.0000000,0.0000,0.0000000,0.0000,0.0000000,0.0000,0.0000000,0.0000,0.0000000,0.0000,0.0000000,0.0000,0.0000000,0.0000,0.0000000,0.0000,0.0000000,0.0000,0.0000000,0.0000,0.0000000,0.0000,"['C(=[O,S])[O,S]', '[OH]']",2
11.3119,13.2600,-11.0310,0.0044581,Cc1ccc(C(C)NC(=O)c2cc(Cl)cc3ccn(C(=O)NC(C)C)c23)cc1,1,c1(C(NC(c2ccc([*])cc2)C)=O)c2c(cc(Cl)c1)ccn2[*],C*|*C(NC(C)C)=O,O=C(NCc1ccccc1)c1cccc2cc[nH]c12,0.6458199,0.6458,0.0000000,0.0000,0.9999176,397.9060,0.0000000,5.0602,1.0000000,63.1300,1.0000000,1.0000,1.0000000,3.0000,0.5000000,2.0000,0.9693466,4.0000,0.9855343,28.0000,0.9669231,362.0480,0.9175866,2.9067,0.0000000,0.7319,3.6697061,3.6697,1.0000000,1.0000,[],2
16.0768,16.3364,-16.3364,0.0000000,Cc1ccc(C(C)NC(=O)c2cc(Cl)cc3ccn(C(=O)OCCNC(=O)OC(C)(C)C)c23)cc1,1,c1(C(NC(c2ccc([*])cc2)C)=O)c2c(cc(Cl)c1)ccn2[*],C*|C(OC(C)(C)C)(NCCOC(=O)*)=O,O=C(NCc1ccccc1)c1cccc2cc[nH]c12,0.0000000,0.0000,0.0000000,0.0000,0.0000000,0.0000,0.0000000,0.0000,0.0000000,0.0000,0.0000000,0.0000,0.0000000,0.0000,0.0000000,0.0000,0.0000000,0.0000,0.0000000,0.0000,0.0000000,0.0000,0.0000000,0.0000,0.0000000,0.0000,0.0000000,0.0000,0.0000000,0.0000,"['C(=[O,S])[O,S]']",2
5.9872,5.6230,-5.6230,0.0000000,CC(=O)n1ccc2cc(Cl)cc(C(=O)NC(C)c3ccc(C)cc3)c21,2,c1(C(NC(c2ccc([*])cc2)C)=O)c2c(cc(Cl)c1)ccn2[*],C*|CC(=O)*,O=C(NCc1ccccc1)c1cccc2cc[nH]c12,0.0000000,0.7372,0.0000000,0.0000,0.0000000,354.8370,0.0000000,4.7542,0.0000000,51.1000,0.0000000,1.0000,0.0000000,3.0000,0.0000000,1.0000,0.0000000,3.0000,0.0000000,25.0000,0.0000000,314.3600,0.0000000,2.7671,0.0000000,0.5462,0.0000000,3.6960,0.0000000,1.0000,[],2
6.5337,5.8017,-5.8017,0.0000000,Cc1ccc(C(C)NC(=O)c2cc(Cl)cc3ccn(C(=O)OC(C)(C)C)c23)cc1,2,c1(C(NC(c2ccc([*])cc2)C)=O)c2c(cc(Cl)c1)ccn2[*],C*|CC(C)(C)OC(=O)*,O=C(NCc1ccccc1)c1cccc2cc[nH]c12,0.0000000,0.0000,0.0000000,0.0000,0.0000000,0.0000,0.0000000,0.0000,0.0000000,0.0000,0.0000000,0.0000,0.0000000,0.0000,0.0000000,0.0000,0.0000000,0.0000,0.0000000,0.0000,0.0000000,0.0000,0.0000000,0.0000,0.0000000,0.0000,0.0000000,0.0000,0.0000000,0.0000,"['C(=[O,S])[O,S]']",2
6.5102,5.4406,-5.4406,0.0000000,Cc1ccc(C(C)NC(=O)c2cc(Cl)cc3ccn(C(=O)OC(C)(C)C)c23)cc1,2,c1(C(NC(c2ccc([*])cc2)C)=O)c2c(cc(Cl)c1)ccn2[*],C*|CC(C)(OC(*)=O)C,O=C(NCc1ccccc1)c1cccc2cc[nH]c12,0.0000000,0.0000,0.0000000,0.0000,0.0000000,0.0000,0.0000000,0.0000,0.0000000,0.0000,0.0000000,0.0000,0.0000000,0.0000,0.0000000,0.0000,0.0000000,0.0000,0.0000000,0.0000,0.0000000,0.0000,0.0000000,0.0000,0.0000000,0.0000,0.0000000,0.0000,0.0000000,0.0000,"['C(=[O,S])[O,S]']",2
8.4335,10.1195,-7.8866,0.0044657,CCNC(=O)n1ccc2cc(Cl)cc(C(=O)NC(C)c3ccc(C)cc3)c21,1,c1(C(NC(c2ccc([*])cc2)C)=O)c2c(cc(Cl)c1)ccn2[*],C*|CCNC(=O)*,O=C(NCc1ccccc1)c1cccc2cc[nH]c12,0.6870927,0.6871,0.0000000,0.0000,0.9999774,383.8790,0.0000002,4.6717,1.0000000,63.1300,1.0000000,1.0000,1.0000000,3.0000,0.5000000,2.0000,0.9693466,4.0000,0.9880297,27.0000,0.9824434,345.1280,0.9199596,2.8791,0.0000000,0.5975,3.5372534,3.5373,1.0000000,1.0000,[],2
6.7457,5.0672,-5.0672,0.0000000,Cc1ccc(C(C)NC(=O)c2cc(Cl)cc3ccn(C(=O)OC(C)(C)C)c23)cc1,2,c1(C(NC(c2ccc([*])cc2)C)=O)c2c(cc(Cl)c1)ccn2[*],C*|O(C(*)=O)C(C)(C)C,O=C(NCc1ccccc1)c1cccc2cc[nH]c12,0.0000000,0.0000,0.0000000,0.0000,0.0000000,0.0000,0.0000000,0.0000,0.0000000,0.0000,0.0000000,0.0000,0.0000000,0.0000,0.0000000,0.0000,0.0000000,0.0000,0.0000000,0.0000,0.0000000,0.0000,0.0000000,0.0000,0.0000000,0.0000,0.0000000,0.0000,0.0000000,0.0000,"['C(=[O,S])[O,S]']",2
17.1747,17.5647,-15.4442,0.0042410,COc1cccc(C(=O)n2ccc3cc(Cl)cc(C(=O)NC(C)c4ccc(C)cc4)c32)c1C,1,c1(C(NC(c2ccc([*])cc2)C)=O)c2c(cc(Cl)c1)ccn2[*],C*|O(c1cccc(C(=O)*)c1C)C,O=C(NCc1ccccc1)c1cccc2ccn(C(=O)c3ccccc3)c12,0.3911507,0.3912,0.0000000,0.0000,0.9732895,460.9610,0.0000000,6.0996,1.0000000,60.3300,1.0000000,1.0000,1.0000000,4.0000,0.9467598,1.0000,0.9467598,5.0000,0.9631018,33.0000,0.8212175,410.2720,0.9183223,2.8982,0.0000000,0.7928,4.4078708,4.4079,1.0000000,1.0000,[],2
6.0983,7.5140,-7.5140,0.0000000,Cc1ccc(C(C)NC(=O)c2cc(Cl)cc3ccn(C(N)=O)c23)cc1,2,c1(C(NC(c2ccc([*])cc2)C)=O)c2c(cc(Cl)c1)ccn2[*],C*|O=C(N)*,O=C(NCc1ccccc1)c1cccc2cc[nH]c12,0.0000000,0.0000,0.0000000,0.0000,0.0000000,0.0000,0.0000000,0.0000,0.0000000,0.0000,0.0000000,0.0000,0.0000000,0.0000,0.0000000,0.0000,0.0000000,0.0000,0.0000000,0.0000,0.0000000,0.0000,0.0000000,0.0000,0.0000000,0.0000,0.0000000,0.0000,0.0000000,0.0000,['[NH2]'],2
13.3492,15.7722,-13.5472,0.0044500,CCCNC(=O)n1ccc2cc(Cl)cc(C(=O)NC(C)c3ccc(C)cc3)c21,1,c1(C(NC(c2ccc([*])cc2)C)=O)c2c(cc(Cl)c1)ccn2[*],C*|O=C(NCCC)*,O=C(NCc1ccccc1)c1cccc2cc[nH]c12,0.6314484,0.6314,0.0000000,0.0000,0.9999176,397.9060,0.0000000,5.0618,1.0000000,63.1300,1.0000000,1.0000,1.0000000,3.0000,0.5000000,2.0000,0.9467598,5.0000,0.9855343,28.0000,0.9682044,360.9840,0.9203628,2.8743,0.0000000,0.7688,3.7018738,3.7019,1.0000000,1.0000,[],2
12.6233,12.4034,-10.2394,0.0043281,Cc1ccc(C(C)NC(=O)c2cc(Cl)cc3ccn(C(=O)c4ccccc4C)c23)cc1,1,c1(C(NC(c2ccc([*])cc2)C)=O)c2c(cc(Cl)c1)ccn2[*],C*|c1(C(=O)*)ccccc1C,O=C(NCc1ccccc1)c1cccc2ccn(C(=O)c3ccccc3)c12,0.4254883,0.4255,0.0000000,0.0000,0.9982756,430.9350,0.0000000,6.0910,1.0000000,51.1000,1.0000000,1.0000,1.0000000,3.0000,0.9467598,1.0000,0.9693466,4.0000,0.9745624,31.0000,0.9246349,384.6720,0.9276116,2.7846,0.0000000,0.8241,4.3861132,4.3861,1.0000000,1.0000,[],2
12.3640,13.8768,-13.8768,0.0000000,Cc1ccc(C(C)NC(=O)c2cc(Cl)cc3ccn(C(=O)c4ccc(N=C(N)N)cc4)c23)cc1,1,c1(C(NC(c2ccc([*])cc2)C)=O)c2c(cc(Cl)c1)ccn2[*],C*|c1cc(C(*)=O)ccc1N=C(N)N,O=C(NCc1ccccc1)c1cccc2ccn(C(=O)c3ccccc3)c12,0.0000000,0.0000,0.0000000,0.0000,0.0000000,0.0000,0.0000000,0.0000,0.0000000,0.0000,0.0000000,0.0000,0.0000000,0.0000,0.0000000,0.0000,0.0000000,0.0000,0.0000000,0.0000,0.0000000,0.0000,0.0000000,0.0000,0.0000000,0.0000,0.0000000,0.0000,0.0000000,0.0000,['[NH2]'],2
17.2039,13.9883,-13.9883,0.0000000,CC(NC(=O)c1cc(Cl)cc2ccn(C(=O)OC(C)(C)C)c12)c1ccc(C2CCC2)cc1,1,c1(C(NC(c2ccc([*])cc2)C)=O)c2c(cc(Cl)c1)ccn2[*],C1C(*)CC1|C(OC(*)=O)(C)(C)C,O=C(NCc1ccc(C2CCC2)cc1)c1cccc2cc[nH]c12,0.0000000,0.0000,0.0000000,0.0000,0.0000000,0.0000,0.0000000,0.0000,0.0000000,0.0000,0.0000000,0.0000,0.0000000,0.0000,0.0000000,0.0000,0.0000000,0.0000,0.0000000,0.0000,0.0000000,0.0000,0.0000000,0.0000,0.0000000,0.0000,0.0000000,0.0000,0.0000000,0.0000,"['C(=[O,S])[O,S]']",2
14.8340,14.1685,-14.1685,0.0000000,CCOC(=O)n1ccc2cc(Cl)cc(C(=O)NC(C)c3ccc(C4CCCCC4)cc3)c21,1,c1(C(NC(c2ccc([*])cc2)C)=O)c2c(cc(Cl)c1)ccn2[*],C1CCC(*)CC1|O=C(OCC)*,O=C(NCc1ccc(C2CCCCC2)cc1)c1cccc2cc[nH]c12,0.0000000,0.0000,0.0000000,0.0000,0.0000000,0.0000,0.0000000,0.0000,0.0000000,0.0000,0.0000000,0.0000,0.0000000,0.0000,0.0000000,0.0000,0.0000000,0.0000,0.0000000,0.0000,0.0000000,0.0000,0.0000000,0.0000,0.0000000,0.0000,0.0000000,0.0000,0.0000000,0.0000,"['C(=[O,S])[O,S]']",2
24.6545,24.0354,-24.0353,0.0000000,CC(NC(=O)c1cc(Cl)cc2ccn(C(=O)OC(C)(C)C)c12)c1ccc(N2CCCC3CCCCCC32)cc1,1,c1(C(NC(c2ccc([*])cc2)C)=O)c2c(cc(Cl)c1)ccn2[*],C1CCCC2CCCN(*)C2C1|*C(=O)OC(C)(C)C,O=C(NCc1ccc(N2CCCC3CCCCCC32)cc1)c1cccc2cc[nH]c12,0.0000000,0.0000,0.0000000,0.0000,0.0000000,0.0000,0.0000000,0.0000,0.0000000,0.0000,0.0000000,0.0000,0.0000000,0.0000,0.0000000,0.0000,0.0000000,0.0000,0.0000000,0.0000,0.0000000,0.0000,0.0000000,0.0000,0.0000000,0.0000,0.0000000,0.0000,0.0000000,0.0000,"['C(=[O,S])[O,S]']",2
18.9814,17.4831,-17.4831,0.0000000,CC(NC(=O)c1cc(Cl)cc2ccn(C(N)=O)c12)c1ccc(N2CCN(C(C)C)CC2)cc1,1,c1(C(NC(c2ccc([*])cc2)C)=O)c2c(cc(Cl)c1)ccn2[*],C1CN(*)CCN1C(C)C|C(*)(=O)N,O=C(NCc1ccc(N2CCNCC2)cc1)c1cccc2cc[nH]c12,0.0000000,0.0000,0.0000000,0.0000,0.0000000,0.0000,0.0000000,0.0000,0.0000000,0.0000,0.0000000,0.0000,0.0000000,0.0000,0.0000000,0.0000,0.0000000,0.0000,0.0000000,0.0000,0.0000000,0.0000,0.0000000,0.0000,0.0000000,0.0000,0.0000000,0.0000,0.0000000,0.0000,['[NH2]'],2
17.3991,18.4437,-11.2135,0.0144603,CC(NC(=O)c1cc(Cl)cc2ccn(C(=O)c3ccc(N(C)C)cc3)c12)c1ccc(N2CCN(C)CC2)cc1,1,c1(C(NC(c2ccc([*])cc2)C)=O)c2c(cc(Cl)c1)ccn2[*],C1CN(*)CCN1C|C(c1ccc(N(C)C)cc1)(*)=O,O=C(NCc1ccc(N2CCNCC2)cc1)c1cccc2ccn(C(=O)c3ccccc3)c12,0.3578444,0.3578,0.0000000,0.0000,0.0169287,544.0990,0.0000000,5.2920,1.0000000,60.8200,1.0000000,1.0000,0.9999999,6.0000,0.9467598,1.0000,0.9090909,6.0000,0.8919391,39.0000,0.1521243,494.7680,0.9014117,3.0778,1.0000000,0.4237,3.2246473,3.2246,1.0000000,1.0000,[],2
12.2506,13.4141,-13.4141,0.0000000,CC(NC(=O)c1cc(Cl)cc2ccn(C(=O)C(C)(C)N)c12)c1ccc(N2CCOCC2)cc1,1,c1(C(NC(c2ccc([*])cc2)C)=O)c2c(cc(Cl)c1)ccn2[*],C1COCCN1*|CC(N)(C)C(*)=O,O=C(NCc1ccc(N2CCOCC2)cc1)c1cccc2cc[nH]c12,0.0000000,0.0000,0.0000000,0.0000,0.0000000,0.0000,0.0000000,0.0000,0.0000000,0.0000,0.0000000,0.0000,0.0000000,0.0000,0.0000000,0.0000,0.0000000,0.0000,0.0000000,0.0000,0.0000000,0.0000,0.0000000,0.0000,0.0000000,0.0000,0.0000000,0.0000,0.0000000,0.0000,['[NH2]'],2
11.3385,11.0483,-11.0483,0.0000000,CC(NC(=O)c1cc(Cl)cc2ccn(C(=O)OC(C)(C)C)c12)c1ccc(N2CCNCC2)cc1,1,c1(C(NC(c2ccc([*])cc2)C)=O)c2c(cc(Cl)c1)ccn2[*],C1N(*)CCNC1|C(C)(OC(*)=O)(C)C,O=C(NCc1ccc(N2CCNCC2)cc1)c1cccc2cc[nH]c12,0.0000000,0.0000,0.0000000,0.0000,0.0000000,0.0000,0.0000000,0.0000,0.0000000,0.0000,0.0000000,0.0000,0.0000000,0.0000,0.0000000,0.0000,0.0000000,0.0000,0.0000000,0.0000,0.0000000,0.0000,0.0000000,0.0000,0.0000000,0.0000,0.0000000,0.0000,0.0000000,0.0000,"['C(=[O,S])[O,S]']",2
8.6375,8.7733,-8.7733,0.0000000,CC(NC(=O)c1cc(Cl)cc2ccn(C(=O)OC(C)(C)C)c12)c1ccc(N2CCOCC2)cc1,2,c1(C(NC(c2ccc([*])cc2)C)=O)c2c(cc(Cl)c1)ccn2[*],C1N(*)CCOC1|CC(C)(OC(*)=O)C,O=C(NCc1ccc(N2CCOCC2)cc1)c1cccc2cc[nH]c12,0.0000000,0.0000,0.0000000,0.0000,0.0000000,0.0000,0.0000000,0.0000,0.0000000,0.0000,0.0000000,0.0000,0.0000000,0.0000,0.0000000,0.0000,0.0000000,0.0000,0.0000000,0.0000,0.0000000,0.0000,0.0000000,0.0000,0.0000000,0.0000,0.0000000,0.0000,0.0000000,0.0000,"['C(=[O,S])[O,S]']",2
21.5430,22.3970,-21.0657,0.0026626,Cc1cccc(C(=O)n2ccc3cc(Cl)cc(C(=O)NC(C)c4ccc(N5CC[S+]([O-])CC5)cc4)c32)c1,1,c1(C(NC(c2ccc([*])cc2)C)=O)c2c(cc(Cl)c1)ccn2[*],C1N(*)CC[S+]([O-])C1|Cc1cc(C(*)=O)ccc1,O=C(NCc1ccc(N2CC[SH+]CC2)cc1)c1cccc2ccn(C(=O)c3ccccc3)c12,0.3506945,0.3507,0.0000000,0.0000,0.0415279,534.0810,0.0000000,5.3513,1.0000000,77.4000,1.0000000,1.0000,1.0000000,5.0000,0.9467598,1.0000,0.9467598,5.0000,0.9237530,37.0000,0.3595107,465.0480,0.8312092,3.6153,0.0000002,0.5672,3.7173829,3.7174,1.0000000,1.0000,[],2
7.2974,6.4259,-6.4259,0.0000000,CC(NC(=O)c1cc(Cl)cc2ccn(C(=O)OC(C)(C)C)c12)c1ccc(C(C)(C)C)cc1,2,c1(C(NC(c2ccc([*])cc2)C)=O)c2c(cc(Cl)c1)ccn2[*],CC(*)(C)C|O(C(=O)*)C(C)(C)C,O=C(NCc1ccccc1)c1cccc2cc[nH]c12,0.0000000,0.0000,0.0000000,0.0000,0.0000000,0.0000,0.0000000,0.0000,0.0000000,0.0000,0.0000000,0.0000,0.0000000,0.0000,0.0000000,0.0000,0.0000000,0.0000,0.0000000,0.0000,0.0000000,0.0000,0.0000000,0.0000,0.0000000,0.0000,0.0000000,0.0000,0.0000000,0.0000,"['C(=[O,S])[O,S]']",2
18.6866,21.0620,-21.0620,0.0000000,CC(=O)Nc1ccc(-c2ccc(C(C)NC(=O)c3cc(Cl)cc4ccn(C(=O)C(C)(C)N)c34)cc2)cc1,1,c1(C(NC(c2ccc([*])cc2)C)=O)c2c(cc(Cl)c1)ccn2[*],CC(=O)Nc1ccc(*)cc1|CC(N)(C)C(*)=O,O=C(NCc1ccc(-c2ccccc2)cc1)c1cccc2cc[nH]c12,0.0000000,0.0000,0.0000000,0.0000,0.0000000,0.0000,0.0000000,0.0000,0.0000000,0.0000,0.0000000,0.0000,0.0000000,0.0000,0.0000000,0.0000,0.0000000,0.0000,0.0000000,0.0000,0.0000000,0.0000,0.0000000,0.0000,0.0000000,0.0000,0.0000000,0.0000,0.0000000,0.0000,['[NH2]'],2
23.8614,25.4448,-25.4448,0.0000000,COC(=O)N1CCCC1C(=O)n1ccc2cc(Cl)cc(C(=O)NC(C)c3ccc(C(C)(C)C)cc3)c21,1,c1(C(NC(c2ccc([*])cc2)C)=O)c2c(cc(Cl)c1)ccn2[*],CC(C)(*)C|C(=O)(OC)N1C(C(*)=O)CCC1,O=C(NCc1ccccc1)c1cccc2ccn(C(=O)C3CCCN3)c12,0.0000000,0.0000,0.0000000,0.0000,0.0000000,0.0000,0.0000000,0.0000,0.0000000,0.0000,0.0000000,0.0000,0.0000000,0.0000,0.0000000,0.0000,0.0000000,0.0000,0.0000000,0.0000,0.0000000,0.0000,0.0000000,0.0000,0.0000000,0.0000,0.0000000,0.0000,0.0000000,0.0000,"['C(=[O,S])[O,S]']",2
8.1295,7.8136,-7.8136,0.0000000,CC(NC(=O)c1cc(Cl)cc2ccn(C(=O)OC(C)(C)C)c12)c1ccc(C(C)(C)C)cc1,2,c1(C(NC(c2ccc([*])cc2)C)=O)c2c(cc(Cl)c1)ccn2[*],CC(C)(*)C|C(C)(OC(*)=O)(C)C,O=C(NCc1ccccc1)c1cccc2cc[nH]c12,0.0000000,0.0000,0.0000000,0.0000,0.0000000,0.0000,0.0000000,0.0000,0.0000000,0.0000,0.0000000,0.0000,0.0000000,0.0000,0.0000000,0.0000,0.0000000,0.0000,0.0000000,0.0000,0.0000000,0.0000,0.0000000,0.0000,0.0000000,0.0000,0.0000000,0.0000,0.0000000,0.0000,"['C(=[O,S])[O,S]']",2
8.6572,7.7051,-7.7051,0.0000000,CC(NC(=O)c1cc(Cl)cc2ccn(C(=O)OC(C)(C)C)c12)c1ccc(C(C)(C)C)cc1,2,c1(C(NC(c2ccc([*])cc2)C)=O)c2c(cc(Cl)c1)ccn2[*],CC(C)(*)C|C(C)(OC(=O)*)(C)C,O=C(NCc1ccccc1)c1cccc2cc[nH]c12,0.0000000,0.0000,0.0000000,0.0000,0.0000000,0.0000,0.0000000,0.0000,0.0000000,0.0000,0.0000000,0.0000,0.0000000,0.0000,0.0000000,0.0000,0.0000000,0.0000,0.0000000,0.0000,0.0000000,0.0000,0.0000000,0.0000,0.0000000,0.0000,0.0000000,0.0000,0.0000000,0.0000,"['C(=[O,S])[O,S]']",2
8.5443,7.6517,-7.6517,0.0000000,CC(=O)n1ccc2cc(Cl)cc(C(=O)NC(C)c3ccc(C(C)(C)C)cc3)c21,2,c1(C(NC(c2ccc([*])cc2)C)=O)c2c(cc(Cl)c1)ccn2[*],CC(C)(*)C|O=C(*)C,O=C(NCc1ccccc1)c1cccc2cc[nH]c12,0.0000000,0.6129,0.0000000,0.0000,0.0000000,396.9180,0.0000000,5.7433,0.0000000,51.1000,0.0000000,1.0000,0.0000000,3.0000,0.0000000,1.0000,0.0000000,3.0000,0.0000000,28.0000,0.0000000,363.4800,0.0000000,2.8884,0.0000000,0.6820,0.0000000,4.1704,0.0000000,1.0000,[],2
13.2761,14.1810,-8.1011,0.0121598,CCN(CC)C(=O)n1ccc2cc(Cl)cc(C(=O)NC(C)c3ccc(C(C)(C)C)cc3)c21,1,c1(C(NC(c2ccc([*])cc2)C)=O)c2c(cc(Cl)c1)ccn2[*],CC(C)(C)*|C(N(CC)C(=O)*)C,O=C(NCc1ccccc1)c1cccc2cc[nH]c12,0.4859612,0.4860,0.0000000,0.0000,0.9857334,454.0140,0.0000000,6.3931,1.0000000,54.3400,1.0000000,1.0000,1.0000000,3.0000,0.9467598,1.0000,0.9467598,5.0000,0.9693466,32.0000,0.7125565,426.3440,0.9012285,3.0796,0.0000279,0.5455,4.3058972,4.3059,1.0000000,1.0000,[],2
8.1126,6.4178,-6.4178,0.0000000,CC(NC(=O)c1cc(Cl)cc2ccn(C(=O)OC(C)(C)C)c12)c1ccc(C(C)(C)C)cc1,2,c1(C(NC(c2ccc([*])cc2)C)=O)c2c(cc(Cl)c1)ccn2[*],CC(C)(C)*|CC(C)(C)OC(=O)*,O=C(NCc1ccccc1)c1cccc2cc[nH]c12,0.0000000,0.0000,0.0000000,0.0000,0.0000000,0.0000,0.0000000,0.0000,0.0000000,0.0000,0.0000000,0.0000,0.0000000,0.0000,0.0000000,0.0000,0.0000000,0.0000,0.0000000,0.0000,0.0000000,0.0000,0.0000000,0.0000,0.0000000,0.0000,0.0000000,0.0000,0.0000000,0.0000,"['C(=[O,S])[O,S]']",2
7.3015,8.8517,-8.8517,0.0000000,CC(NC(=O)c1cc(Cl)cc2ccn(C(N)=O)c12)c1ccc(C(C)(C)C)cc1,2,c1(C(NC(c2ccc([*])cc2)C)=O)c2c(cc(Cl)c1)ccn2[*],CC(C)(C)*|O=C(N)*,O=C(NCc1ccccc1)c1cccc2cc[nH]c12,0.0000000,0.0000,0.0000000,0.0000,0.0000000,0.0000,0.0000000,0.0000,0.0000000,0.0000,0.0000000,0.0000,0.0000000,0.0000,0.0000000,0.0000,0.0000000,0.0000,0.0000000,0.0000,0.0000000,0.0000,0.0000000,0.0000,0.0000000,0.0000,0.0000000,0.0000,0.0000000,0.0000,['[NH2]'],2
10.4456,9.5317,-9.5316,0.0000000,CC(NC(=O)c1cc(Cl)cc2ccn(C(=O)OC(C)(C)C)c12)c1ccc(CC(C)(C)C)cc1,1,c1(C(NC(c2ccc([*])cc2)C)=O)c2c(cc(Cl)c1)ccn2[*],CC(C)(C*)C|C(C)(OC(=O)*)(C)C,O=C(NCc1ccccc1)c1cccc2cc[nH]c12,0.0000000,0.0000,0.0000000,0.0000,0.0000000,0.0000,0.0000000,0.0000,0.0000000,0.0000,0.0000000,0.0000,0.0000000,0.0000,0.0000000,0.0000,0.0000000,0.0000,0.0000000,0.0000,0.0000000,0.0000,0.0000000,0.0000,0.0000000,0.0000,0.0000000,0.0000,0.0000000,0.0000,"['C(=[O,S])[O,S]']",2
25.0211,27.7106,-27.7106,0.0000000,CC(NC(=O)c1cc(Cl)cc2ccn(C(=O)Nc3ccccc3C(N)=O)c12)c1ccc(C#CC(C)(C)O)cc1,1,c1(C(NC(c2ccc([*])cc2)C)=O)c2c(cc(Cl)c1)ccn2[*],CC(C)(O)C#C*|c1cccc(C(N)=O)c1NC(*)=O,O=C(NCc1ccccc1)c1cccc2ccn(C(=O)Nc3ccccc3)c12,0.0000000,0.0000,0.0000000,0.0000,0.0000000,0.0000,0.0000000,0.0000,0.0000000,0.0000,0.0000000,0.0000,0.0000000,0.0000,0.0000000,0.0000,0.0000000,0.0000,0.0000000,0.0000,0.0000000,0.0000,0.0000000,0.0000,0.0000000,0.0000,0.0000000,0.0000,0.0000000,0.0000,"['C#C', '[NH2]', '[OH]']",2
16.7518,15.4737,-15.4737,0.0000000,CC(NC(=O)c1cc(Cl)cc2ccn(C(=O)OC(C)(C)C)c12)c1ccc(CC(C)(C)C(=O)O)cc1,1,c1(C(NC(c2ccc([*])cc2)C)=O)c2c(cc(Cl)c1)ccn2[*],CC(C*)(C(O)=O)C|O(C(C)(C)C)C(*)=O,O=C(NCc1ccccc1)c1cccc2cc[nH]c12,0.0000000,0.0000,0.0000000,0.0000,0.0000000,0.0000,0.0000000,0.0000,0.0000000,0.0000,0.0000000,0.0000,0.0000000,0.0000,0.0000000,0.0000,0.0000000,0.0000,0.0000000,0.0000,0.0000000,0.0000,0.0000000,0.0000,0.0000000,0.0000,0.0000000,0.0000,0.0000000,0.0000,"['C(=[O,S])[O,S]', '[OH]']",2
11.1469,11.9293,-11.9292,0.0000000,CC(C)Cc1ccc(C(C)NC(=O)c2cc(Cl)cc3ccn(C(N)=O)c23)cc1,1,c1(C(NC(c2ccc([*])cc2)C)=O)c2c(cc(Cl)c1)ccn2[*],CC(C*)C|NC(*)=O,O=C(NCc1ccccc1)c1cccc2cc[nH]c12,0.0000000,0.0000,0.0000000,0.0000,0.0000000,0.0000,0.0000000,0.0000,0.0000000,0.0000,0.0000000,0.0000,0.0000000,0.0000,0.0000000,0.0000,0.0000000,0.0000,0.0000000,0.0000,0.0000000,0.0000,0.0000000,0.0000,0.0000000,0.0000,0.0000000,0.0000,0.0000000,0.0000,['[NH2]'],2
11.3228,11.3863,10.7854,0.0443434,CC(NC(=O)c1cc(Cl)cc2ccn(C(=O)c3ccccc3)c12)c1ccc(N(C)C)cc1,1,c1(C(NC(c2ccc([*])cc2)C)=O)c2c(cc(Cl)c1)ccn2[*],CN(*)C|*C(=O)c1ccccc1,O=C(NCc1ccccc1)c1cccc2ccn(C(=O)c3ccccc3)c12,0.4384559,0.4385,0.0000000,0.0000,0.9931605,445.9500,0.0000000,5.5402,1.0000000,54.3400,1.0000000,1.0000,1.0000000,4.0000,0.9467598,1.0000,0.9467598,5.0000,0.9693466,32.0000,0.8823224,397.5040,0.9238313,2.8324,1.0000000,0.2408,3.7693439,3.7693,1.0000000,1.0000,[],2
10.8763,8.8560,-8.8560,0.0000000,CC(NC(=O)c1cc(Cl)cc2ccn(C(=O)OC(C)(C)C)c12)c1ccc(N(C)C)cc1,1,c1(C(NC(c2ccc([*])cc2)C)=O)c2c(cc(Cl)c1)ccn2[*],CN(C)*|C(=O)(OC(C)(C)C)*,O=C(NCc1ccccc1)c1cccc2cc[nH]c12,0.0000000,0.0000,0.0000000,0.0000,0.0000000,0.0000,0.0000000,0.0000,0.0000000,0.0000,0.0000000,0.0000,0.0000000,0.0000,0.0000000,0.0000,0.0000000,0.0000,0.0000000,0.0000,0.0000000,0.0000,0.0000000,0.0000,0.0000000,0.0000,0.0000000,0.0000,0.0000000,0.0000,"['C(=[O,S])[O,S]']",2
9.0043,8.8524,14.8211,0.0473470,CC(=O)n1ccc2cc(Cl)cc(C(=O)NC(C)c3ccc(N(C)C)cc3)c21,1,c1(C(NC(c2ccc([*])cc2)C)=O)c2c(cc(Cl)c1)ccn2[*],CN(C)*|CC(=O)*,O=C(NCc1ccccc1)c1cccc2cc[nH]c12,0.7206092,0.7206,0.0000000,0.0000,0.9999774,383.8790,0.0000005,4.5118,1.0000000,54.3400,1.0000000,1.0000,1.0000000,4.0000,0.9467598,1.0000,0.9693466,4.0000,0.9880297,27.0000,0.9827947,344.5920,0.9184455,2.8968,1.0000000,0.0640,3.4139607,3.4140,1.0000000,1.0000,[],2
8.7752,8.3203,-8.3203,0.0000000,CC(NC(=O)c1cc(Cl)cc2ccn(C(=O)OC(C)(C)C)c12)c1ccc(N(C)C)cc1,2,c1(C(NC(c2ccc([*])cc2)C)=O)c2c(cc(Cl)c1)ccn2[*],CN(C)*|O(C(=O)*)C(C)(C)C,O=C(NCc1ccccc1)c1cccc2cc[nH]c12,0.0000000,0.0000,0.0000000,0.0000,0.0000000,0.0000,0.0000000,0.0000,0.0000000,0.0000,0.0000000,0.0000,0.0000000,0.0000,0.0000000,0.0000,0.0000000,0.0000,0.0000000,0.0000,0.0000000,0.0000,0.0000000,0.0000,0.0000000,0.0000,0.0000000,0.0000,0.0000000,0.0000,"['C(=[O,S])[O,S]']",2
12.6851,12.3632,-12.3632,0.0000000,CC(NC(=O)c1cc(Cl)cc2ccn(C(=O)c3ccccc3)c12)c1ccc(N(C)C)cc1,2,c1(C(NC(c2ccc([*])cc2)C)=O)c2c(cc(Cl)c1)ccn2[*],CN(C)*|O=C(*)c1ccccc1,O=C(NCc1ccccc1)c1cccc2ccn(C(=O)c3ccccc3)c12,0.0000000,0.4385,0.0000000,0.0000,0.0000000,445.9500,0.0000000,5.5402,0.0000000,54.3400,0.0000000,1.0000,0.0000000,4.0000,0.0000000,1.0000,0.0000000,5.0000,0.0000000,32.0000,0.0000000,397.5040,0.0000000,2.8324,0.0000000,0.2408,0.0000000,3.7693,0.0000000,1.0000,[],2
16.4930,16.4805,-16.4805,0.0000000,CCCOC(=O)n1ccc2cc(Cl)cc(C(=O)NC(C)c3ccc(C(F)(F)F)cc3)c21,1,c1(C(NC(c2ccc([*])cc2)C)=O)c2c(cc(Cl)c1)ccn2[*],FC(*)(F)F|C(OC(*)=O)CC,O=C(NCc1ccccc1)c1cccc2cc[nH]c12,0.0000000,0.0000,0.0000000,0.0000,0.0000000,0.0000,0.0000000,0.0000,0.0000000,0.0000,0.0000000,0.0000,0.0000000,0.0000,0.0000000,0.0000,0.0000000,0.0000,0.0000000,0.0000,0.0000000,0.0000,0.0000000,0.0000,0.0000000,0.0000,0.0000000,0.0000,0.0000000,0.0000,"['C(=[O,S])[O,S]']",2
9.2135,7.1797,-7.1797,0.0000000,CC(NC(=O)c1cc(Cl)cc2ccn(C(=O)OC(C)(C)C)c12)c1ccc(C(F)(F)F)cc1,2,c1(C(NC(c2ccc([*])cc2)C)=O)c2c(cc(Cl)c1)ccn2[*],FC(F)(*)F|O=C(*)OC(C)(C)C,O=C(NCc1ccccc1)c1cccc2cc[nH]c12,0.0000000,0.0000,0.0000000,0.0000,0.0000000,0.0000,0.0000000,0.0000,0.0000000,0.0000,0.0000000,0.0000,0.0000000,0.0000,0.0000000,0.0000,0.0000000,0.0000,0.0000000,0.0000,0.0000000,0.0000,0.0000000,0.0000,0.0000000,0.0000,0.0000000,0.0000,0.0000000,0.0000,"['C(=[O,S])[O,S]']",2
11.2528,9.5222,-9.5222,0.0000000,CC(NC(=O)c1cc(Cl)cc2ccn(C(=O)OCc3ccccc3)c12)c1ccc(C(F)(F)F)cc1,2,c1(C(NC(c2ccc([*])cc2)C)=O)c2c(cc(Cl)c1)ccn2[*],FC(F)(*)F|c1cc(COC(=O)*)ccc1,O=C(NCc1ccccc1)c1cccc2ccn(C(=O)OCc3ccccc3)c12,0.0000000,0.0000,0.0000000,0.0000,0.0000000,0.0000,0.0000000,0.0000,0.0000000,0.0000,0.0000000,0.0000,0.0000000,0.0000,0.0000000,0.0000,0.0000000,0.0000,0.0000000,0.0000,0.0000000,0.0000,0.0000000,0.0000,0.0000000,0.0000,0.0000000,0.0000,0.0000000,0.0000,"['C(=[O,S])[O,S]']",2
23.5775,24.6829,-24.3857,0.0005944,CC(NC(=O)c1cc(Cl)cc2ccn(C(=O)c3ccc(Cl)c(Cl)c3)c12)c1ccc(C(C)(C)C(F)(F)F)cc1,1,c1(C(NC(c2ccc([*])cc2)C)=O)c2c(cc(Cl)c1)ccn2[*],FC(F)(C(C)(*)C)F|Clc1cc(C(*)=O)ccc1Cl,O=C(NCc1ccccc1)c1cccc2ccn(C(=O)c3ccccc3)c12,0.2564985,0.2565,0.0000000,0.0000,0.0005319,581.8490,0.0000000,8.6209,1.0000000,51.1000,1.0000000,1.0000,1.0000000,3.0000,0.9467598,1.0000,0.9467598,5.0000,0.9090909,38.0000,0.3741992,463.4000,0.8809627,3.2615,0.0000000,0.9009,5.0888004,5.0888,1.0000000,1.0000,[],2
13.3827,14.6466,-12.4367,0.0044197,CC(NC(=O)c1cc(Cl)cc2ccn(C(=O)NC(C)(C)C)c12)c1ccc(C(F)(F)F)cc1,1,c1(C(NC(c2ccc([*])cc2)C)=O)c2c(cc(Cl)c1)ccn2[*],FC(F)(F)*|CC(C)(C)NC(*)=O,O=C(NCc1ccccc1)c1cccc2cc[nH]c12,0.4862015,0.4862,0.0000000,0.0000,0.9585307,465.9030,0.0000000,6.1607,1.0000000,63.1300,1.0000000,1.0000,1.0000000,3.0000,0.5000000,2.0000,0.9825279,3.0000,0.9693466,32.0000,0.9031916,391.8080,0.8967707,3.1222,0.0000000,0.8071,4.5151215,4.5151,1.0000000,1.0000,[],2
9.7830,9.7329,-9.7329,0.0000000,CC(NC(=O)c1cc(Cl)cc2ccn(C(N)=O)c12)c1ccc(C(F)(F)F)cc1,2,c1(C(NC(c2ccc([*])cc2)C)=O)c2c(cc(Cl)c1)ccn2[*],FC(F)(F)*|NC(*)=O,O=C(NCc1ccccc1)c1cccc2cc[nH]c12,0.0000000,0.0000,0.0000000,0.0000,0.0000000,0.0000,0.0000000,0.0000,0.0000000,0.0000,0.0000000,0.0000,0.0000000,0.0000,0.0000000,0.0000,0.0000000,0.0000,0.0000000,0.0000,0.0000000,0.0000,0.0000000,0.0000,0.0000000,0.0000,0.0000000,0.0000,0.0000000,0.0000,['[NH2]'],2
23.2197,23.0279,-23.0279,0.0000000,CC(NC(=O)c1cc(Cl)cc2ccn(C(=O)OC(C)(C)C)c12)c1ccc(N2CCC(N(C)C(=O)OC(C)(C)C)C2)cc1,1,c1(C(NC(c2ccc([*])cc2)C)=O)c2c(cc(Cl)c1)ccn2[*],N(C(=O)OC(C)(C)C)(C)C1CCN(*)C1|CC(C)(C)OC(=O)*,O=C(NCc1ccc(N2CCCC2)cc1)c1cccc2cc[nH]c12,0.0000000,0.0000,0.0000000,0.0000,0.0000000,0.0000,0.0000000,0.0000,0.0000000,0.0000,0.0000000,0.0000,0.0000000,0.0000,0.0000000,0.0000,0.0000000,0.0000,0.0000000,0.0000,0.0000000,0.0000,0.0000000,0.0000,0.0000000,0.0000,0.0000000,0.0000,0.0000000,0.0000,"['C(=[O,S])[O,S]']",2
8.1455,7.6565,-7.6565,0.0000000,CC(NC(=O)c1cc(Cl)cc2ccn(C(=O)OC(C)(C)C)c12)c1ccc(N)cc1,1,c1(C(NC(c2ccc([*])cc2)C)=O)c2c(cc(Cl)c1)ccn2[*],N*|CC(OC(*)=O)(C)C,O=C(NCc1ccccc1)c1cccc2cc[nH]c12,0.0000000,0.0000,0.0000000,0.0000,0.0000000,0.0000,0.0000000,0.0000,0.0000000,0.0000,0.0000000,0.0000,0.0000000,0.0000,0.0000000,0.0000,0.0000000,0.0000,0.0000000,0.0000,0.0000000,0.0000,0.0000000,0.0000,0.0000000,0.0000,0.0000000,0.0000,0.0000000,0.0000,"['C(=[O,S])[O,S]', '[NH2]']",2
11.0392,10.2543,-10.2543,0.0000000,CC(NC(=O)c1cc(Cl)cc2ccn(C(=O)OC(C)(C)C)c12)c1ccc(N2CCNCC2)cc1,2,c1(C(NC(c2ccc([*])cc2)C)=O)c2c(cc(Cl)c1)ccn2[*],N1(*)CCNCC1|O(C(*)=O)C(C)(C)C,O=C(NCc1ccc(N2CCNCC2)cc1)c1cccc2cc[nH]c12,0.0000000,0.0000,0.0000000,0.0000,0.0000000,0.0000,0.0000000,0.0000,0.0000000,0.0000,0.0000000,0.0000,0.0000000,0.0000,0.0000000,0.0000,0.0000000,0.0000,0.0000000,0.0000,0.0000000,0.0000,0.0000000,0.0000,0.0000000,0.0000,0.0000000,0.0000,0.0000000,0.0000,"['C(=[O,S])[O,S]']",2
8.4751,8.9681,-8.9681,0.0000000,CC(NC(=O)c1cc(Cl)cc2ccn(C(=O)OC(C)(C)C)c12)c1ccc(N2CCOCC2)cc1,2,c1(C(NC(c2ccc([*])cc2)C)=O)c2c(cc(Cl)c1)ccn2[*],N1(*)CCOCC1|O(C(=O)*)C(C)(C)C,O=C(NCc1ccc(N2CCOCC2)cc1)c1cccc2cc[nH]c12,0.0000000,0.0000,0.0000000,0.0000,0.0000000,0.0000,0.0000000,0.0000,0.0000000,0.0000,0.0000000,0.0000,0.0000000,0.0000,0.0000000,0.0000,0.0000000,0.0000,0.0000000,0.0000,0.0000000,0.0000,0.0000000,0.0000,0.0000000,0.0000,0.0000000,0.0000,0.0000000,0.0000,"['C(=[O,S])[O,S]']",2
26.8779,27.1039,-27.1039,0.0000000,COC(=O)c1cnc(N=C(N)N)c(-c2ccc(C(C)NC(=O)c3cc(Cl)cc4ccn(C(=O)OC(C)(C)C)c34)cc2)c1,1,c1(C(NC(c2ccc([*])cc2)C)=O)c2c(cc(Cl)c1)ccn2[*],NC(N)=Nc1ncc(C(=O)OC)cc1*|CC(C)(OC(=O)*)C,O=C(NCc1ccc(-c2cccnc2)cc1)c1cccc2cc[nH]c12,0.0000000,0.0000,0.0000000,0.0000,0.0000000,0.0000,0.0000000,0.0000,0.0000000,0.0000,0.0000000,0.0000,0.0000000,0.0000,0.0000000,0.0000,0.0000000,0.0000,0.0000000,0.0000,0.0000000,0.0000,0.0000000,0.0000,0.0000000,0.0000,0.0000000,0.0000,0.0000000,0.0000,"['C(=[O,S])[O,S]', '[NH2]']",2
21.3256,19.0261,-19.0261,0.0000000,CCOC(=O)n1ccc2cc(Cl)cc(C(=O)NC(C)c3ccc(C4(N)CC4)cc3)c21,1,c1(C(NC(c2ccc([*])cc2)C)=O)c2c(cc(Cl)c1)ccn2[*],NC1(*)CC1|O=C(*)OCC,O=C(NCc1ccc(C2CC2)cc1)c1cccc2cc[nH]c12,0.0000000,0.0000,0.0000000,0.0000,0.0000000,0.0000,0.0000000,0.0000,0.0000000,0.0000,0.0000000,0.0000,0.0000000,0.0000,0.0000000,0.0000,0.0000000,0.0000,0.0000000,0.0000,0.0000000,0.0000,0.0000000,0.0000,0.0000000,0.0000,0.0000000,0.0000,0.0000000,0.0000,"['C(=[O,S])[O,S]', '[NH2]']",2
15.8263,15.4460,-15.4460,0.0000000,CC(NC(=O)c1cc(Cl)cc2ccn(C(=O)OC(C)(C)C)c12)c1ccc(N2CC[S+]([O-])CC2)cc1,1,c1(C(NC(c2ccc([*])cc2)C)=O)c2c(cc(Cl)c1)ccn2[*],[S+]1([O-])CCN(*)CC1|C(C)(C)(OC(=O)*)C,O=C(NCc1ccc(N2CC[SH+]CC2)cc1)c1cccc2cc[nH]c12,0.0000000,0.0000,0.0000000,0.0000,0.0000000,0.0000,0.0000000,0.0000,0.0000000,0.0000,0.0000000,0.0000,0.0000000,0.0000,0.0000000,0.0000,0.0000000,0.0000,0.0000000,0.0000,0.0000000,0.0000,0.0000000,0.0000,0.0000000,0.0000,0.0000000,0.0000,0.0000000,0.0000,"['C(=[O,S])[O,S]']",2
20.2770,21.3012,-21.3012,0.0000000,CC[S+]([O-])c1ccc(-c2ccc(C(C)NC(=O)c3cc(Cl)cc4ccn(C(=O)OC(C)(C)C)c34)cc2)cc1,1,c1(C(NC(c2ccc([*])cc2)C)=O)c2c(cc(Cl)c1)ccn2[*],c1(*)ccc([S+](CC)[O-])cc1|CC(OC(=O)*)(C)C,O=C(NCc1ccc(-c2ccccc2)cc1)c1cccc2cc[nH]c12,0.0000000,0.0000,0.0000000,0.0000,0.0000000,0.0000,0.0000000,0.0000,0.0000000,0.0000,0.0000000,0.0000,0.0000000,0.0000,0.0000000,0.0000,0.0000000,0.0000,0.0000000,0.0000,0.0000000,0.0000,0.0000000,0.0000,0.0000000,0.0000,0.0000000,0.0000,0.0000000,0.0000,"['C(=[O,S])[O,S]']",2
29.3852,32.2230,-21.0085,0.0224289,CC(=O)n1ccc2cc(Cl)cc(C(=O)NC(C)c3ccc(-c4c(-c5cnc[nH]5)ccc5[nH]ccc45)cc3)c21,1,c1(C(NC(c2ccc([*])cc2)C)=O)c2c(cc(Cl)c1)ccn2[*],c1(-c2ccc3[nH]ccc3c2*)cnc[nH]1|CC(=O)*,O=C(NCc1ccc(-c2c(-c3cnc[nH]3)ccc3[nH]ccc23)cc1)c1cccc2cc[nH]c12,0.2280776,0.2281,0.0000000,0.0000,0.1163960,522.0080,0.0000000,6.9842,0.9999995,95.5700,1.0000000,1.0000,1.0000000,4.0000,0.0532402,3.0000,0.9467598,5.0000,0.9090909,38.0000,0.4927089,450.7600,0.8604138,3.4203,0.9999995,0.4372,3.5608361,3.5608,1.0000000,1.0000,[],2
10.9052,12.6073,-12.6073,0.0000000,CC(NC(=O)c1cc(Cl)cc2ccn(C(=O)OC(C)(C)C)c12)c1ccc(-c2ccc(F)cc2)cc1,1,c1(C(NC(c2ccc([*])cc2)C)=O)c2c(cc(Cl)c1)ccn2[*],c1(F)ccc(*)cc1|CC(C)(OC(*)=O)C,O=C(NCc1ccc(-c2ccccc2)cc1)c1cccc2cc[nH]c12,0.0000000,0.0000,0.0000000,0.0000,0.0000000,0.0000,0.0000000,0.0000,0.0000000,0.0000,0.0000000,0.0000,0.0000000,0.0000,0.0000000,0.0000,0.0000000,0.0000,0.0000000,0.0000,0.0000000,0.0000,0.0000000,0.0000,0.0000000,0.0000,0.0000000,0.0000,0.0000000,0.0000,"['C(=[O,S])[O,S]']",2
27.1533,26.1643,-26.1643,0.0000000,CC(NC(=O)c1cc(Cl)cc2ccn(C(N)=O)c12)c1ccc(-c2nc(Cl)nc3ccsc23)cc1,1,c1(C(NC(c2ccc([*])cc2)C)=O)c2c(cc(Cl)c1)ccn2[*],c12nc(Cl)nc(*)c1scc2|NC(=O)*,O=C(NCc1ccc(-c2ncnc3ccsc23)cc1)c1cccc2cc[nH]c12,0.0000000,0.0000,0.0000000,0.0000,0.0000000,0.0000,0.0000000,0.0000,0.0000000,0.0000,0.0000000,0.0000,0.0000000,0.0000,0.0000000,0.0000,0.0000000,0.0000,0.0000000,0.0000,0.0000000,0.0000,0.0000000,0.0000,0.0000000,0.0000,0.0000000,0.0000,0.0000000,0.0000,['[NH2]'],2
22.0370,20.8865,-20.8865,0.0000000,CC(NC(=O)c1cc(Cl)cc2ccn(C(=O)OC(C)(C)C)c12)c1ccc(-c2cnc3nc[nH]c3c2)cc1,1,c1(C(NC(c2ccc([*])cc2)C)=O)c2c(cc(Cl)c1)ccn2[*],c12nc[nH]c1cc(*)cn2|CC(OC(=O)*)(C)C,O=C(NCc1ccc(-c2cnc3nc[nH]c3c2)cc1)c1cccc2cc[nH]c12,0.0000000,0.0000,0.0000000,0.0000,0.0000000,0.0000,0.0000000,0.0000,0.0000000,0.0000,0.0000000,0.0000,0.0000000,0.0000,0.0000000,0.0000,0.0000000,0.0000,0.0000000,0.0000,0.0000000,0.0000,0.0000000,0.0000,0.0000000,0.0000,0.0000000,0.0000,0.0000000,0.0000,"['C(=[O,S])[O,S]']",2
8.9600,12.5137,-12.5137,0.0000000,CC(NC(=O)c1cc(Cl)cc2ccn(C(N)=O)c12)c1ccc(-c2ccccc2)cc1,2,c1(C(NC(c2ccc([*])cc2)C)=O)c2c(cc(Cl)c1)ccn2[*],c1c(*)cccc1|*C(=O)N,O=C(NCc1ccc(-c2ccccc2)cc1)c1cccc2cc[nH]c12,0.0000000,0.0000,0.0000000,0.0000,0.0000000,0.0000,0.0000000,0.0000,0.0000000,0.0000,0.0000000,0.0000,0.0000000,0.0000,0.0000000,0.0000,0.0000000,0.0000,0.0000000,0.0000,0.0000000,0.0000,0.0000000,0.0000,0.0000000,0.0000,0.0000000,0.0000,0.0000000,0.0000,['[NH2]'],2
23.5164,27.0152,-27.0152,0.0000000,CC(NC(=O)c1cc(Cl)cc2ccn(C(=O)N(C)C(=O)OC3CCOC3)c12)c1ccc(-c2ccccc2)cc1,1,c1(C(NC(c2ccc([*])cc2)C)=O)c2c(cc(Cl)c1)ccn2[*],c1c(*)cccc1|O=C(*)N(C(=O)OC1CCOC1)C,O=C(NC(=O)n1ccc2cccc(C(=O)NCc3ccc(-c4ccccc4)cc3)c21)OC1CCOC1,0.0000000,0.0000,0.0000000,0.0000,0.0000000,0.0000,0.0000000,0.0000,0.0000000,0.0000,0.0000000,0.0000,0.0000000,0.0000,0.0000000,0.0000,0.0000000,0.0000,0.0000000,0.0000,0.0000000,0.0000,0.0000000,0.0000,0.0000000,0.0000,0.0000000,0.0000,0.0000000,0.0000,"['C(=[O,S])[O,S]']",2
7.9864,9.2492,-9.2492,0.0000000,CC(NC(=O)c1cc(Cl)cc2ccn(C(=O)OC(C)(C)C)c12)c1ccc(-c2ccccc2)cc1,1,c1(C(NC(c2ccc([*])cc2)C)=O)c2c(cc(Cl)c1)ccn2[*],c1c(*)cccc1|O=C(OC(C)(C)C)*,O=C(NCc1ccc(-c2ccccc2)cc1)c1cccc2cc[nH]c12,0.0000000,0.0000,0.0000000,0.0000,0.0000000,0.0000,0.0000000,0.0000,0.0000000,0.0000,0.0000000,0.0000,0.0000000,0.0000,0.0000000,0.0000,0.0000000,0.0000,0.0000000,0.0000,0.0000000,0.0000,0.0000000,0.0000,0.0000000,0.0000,0.0000000,0.0000,0.0000000,0.0000,"['C(=[O,S])[O,S]']",2
15.0851,15.8603,5.9457,0.0436119,CC(NC(=O)c1cc(Cl)cc2ccn(C=O)c12)c1ccc(-c2cnn(C)c2)cc1,1,c1(C(NC(c2ccc([*])cc2)C)=O)c2c(cc(Cl)c1)ccn2[*],c1c(*)cnn1C|*C=O,O=C(NCc1ccc(-c2cn[nH]c2)cc1)c1cccc2cc[nH]c12,0.5042317,0.5042,0.0000000,0.0000,0.9998117,406.8730,0.0000027,4.2245,1.0000000,68.9200,1.0000000,1.0000,1.0000000,5.0000,0.9467598,1.0000,0.9467598,5.0000,0.9825279,29.0000,0.9773135,351.9440,0.8945380,3.1430,1.0000000,0.2596,3.1819971,3.1820,1.0000000,1.0000,[],2
11.5569,12.2415,-10.1116,0.0042600,CC(NC(=O)c1cc(Cl)cc2ccn(C=O)c12)c1ccc(-c2ccccc2)cc1,1,c1(C(NC(c2ccc([*])cc2)C)=O)c2c(cc(Cl)c1)ccn2[*],c1cc(*)ccc1|*C=O,O=C(NCc1ccc(-c2ccccc2)cc1)c1cccc2cc[nH]c12,0.4485003,0.4485,0.0000000,0.0000,0.9998696,402.8810,0.0000000,5.4910,1.0000000,51.1000,1.0000000,1.0000,1.0000000,3.0000,0.9467598,1.0000,0.9467598,5.0000,0.9825279,29.0000,0.9759691,353.4800,0.9232739,2.8392,0.0000000,0.6267,3.9673440,3.9673,1.0000000,1.0000,[],2
13.6475,15.1116,-15.1116,0.0000000,CC(NC(=O)c1cc(Cl)cc2ccn(C(=O)OC(C)(C)C)c12)c1ccc(Cn2ccccc2=O)cc1,1,c1(C(NC(c2ccc([*])cc2)C)=O)c2c(cc(Cl)c1)ccn2[*],c1cc(=O)n(C*)cc1|O=C(*)OC(C)(C)C,O=C(NCc1ccc(Cn2ccccc2=O)cc1)c1cccc2cc[nH]c12,0.0000000,0.0000,0.0000000,0.0000,0.0000000,0.0000,0.0000000,0.0000,0.0000000,0.0000,0.0000000,0.0000,0.0000000,0.0000,0.0000000,0.0000,0.0000000,0.0000,0.0000000,0.0000,0.0000000,0.0000,0.0000000,0.0000,0.0000000,0.0000,0.0000000,0.0000,0.0000000,0.0000,"['C(=[O,S])[O,S]']",2
18.2708,21.8878,-20.3345,0.0031067,CC(=O)n1ccc2cc(Cl)cc(C(=O)NC(C)c3ccc(Cc4nc5ccc(Cl)cc5[nH]4)cc3)c21,1,c1(C(NC(c2ccc([*])cc2)C)=O)c2c(cc(Cl)c1)ccn2[*],c1cc(Cl)cc2[nH]c(C*)nc12|O=C(*)C,O=C(NCc1ccc(Cc2nc3ccccc3[nH]2)cc1)c1cccc2cc[nH]c12,0.2837654,0.2838,0.0000000,0.0000,0.3780534,505.4050,0.0000000,6.5663,1.0000000,79.7800,1.0000000,1.0000,1.0000000,4.0000,0.5000000,2.0000,0.9467598,5.0000,0.9467598,35.0000,0.7117383,426.4480,0.8979112,3.1115,0.0000000,0.6195,4.2200422,4.2200,1.0000000,1.0000,[],2
9.5139,9.6195,-9.6195,0.0000000,CC(NC(=O)c1cc(Cl)cc2ccn(C(=O)OC(C)(C)C)c12)c1ccc(-c2ccccc2)cc1,2,c1(C(NC(c2ccc([*])cc2)C)=O)c2c(cc(Cl)c1)ccn2[*],c1ccc(*)cc1|CC(OC(=O)*)(C)C,O=C(NCc1ccc(-c2ccccc2)cc1)c1cccc2cc[nH]c12,0.0000000,0.0000,0.0000000,0.0000,0.0000000,0.0000,0.0000000,0.0000,0.0000000,0.0000,0.0000000,0.0000,0.0000000,0.0000,0.0000000,0.0000,0.0000000,0.0000,0.0000000,0.0000,0.0000000,0.0000,0.0000000,0.0000,0.0000000,0.0000,0.0000000,0.0000,0.0000000,0.0000,"['C(=[O,S])[O,S]']",2
10.8071,9.7857,-9.7857,0.0000000,CC(NC(=O)c1cc(Cl)cc2ccn(C(=O)OC(C)(C)C)c12)c1ccc(-c2ccccc2)cc1,2,c1(C(NC(c2ccc([*])cc2)C)=O)c2c(cc(Cl)c1)ccn2[*],c1cccc(*)c1|*C(=O)OC(C)(C)C,O=C(NCc1ccc(-c2ccccc2)cc1)c1cccc2cc[nH]c12,0.0000000,0.0000,0.0000000,0.0000,0.0000000,0.0000,0.0000000,0.0000,0.0000000,0.0000,0.0000000,0.0000,0.0000000,0.0000,0.0000000,0.0000,0.0000000,0.0000,0.0000000,0.0000,0.0000000,0.0000,0.0000000,0.0000,0.0000000,0.0000,0.0000000,0.0000,0.0000000,0.0000,"['C(=[O,S])[O,S]']",2
10.0986,11.2781,-11.2781,0.0000000,CC(NC(=O)c1cc(Cl)cc2ccn(C(=O)OC(C)(C)C)c12)c1ccc(-c2cn[nH]c2)cc1,1,c1(C(NC(c2ccc([*])cc2)C)=O)c2c(cc(Cl)c1)ccn2[*],n1[nH]cc(*)c1|*C(OC(C)(C)C)=O,O=C(NCc1ccc(-c2cn[nH]c2)cc1)c1cccc2cc[nH]c12,0.0000000,0.0000,0.0000000,0.0000,0.0000000,0.0000,0.0000000,0.0000,0.0000000,0.0000,0.0000000,0.0000,0.0000000,0.0000,0.0000000,0.0000,0.0000000,0.0000,0.0000000,0.0000,0.0000000,0.0000,0.0000000,0.0000,0.0000000,0.0000,0.0000000,0.0000,0.0000000,0.0000,"['C(=[O,S])[O,S]']",2
14.6380,18.4138,-16.2237,0.0043801,CCNC(=O)n1ccc2cc(Cl)cc(C(=O)NC(C)c3ccc(C(C)(C)C#N)cc3)c21,1,c1(C(NC(c2ccc([*])cc2)C)=O)c2c(ccn2[*])cc(Cl)c1,*C(C)(C)C#N|O=C(NCC)*,O=C(NCc1ccccc1)c1cccc2cc[nH]c12,0.5783189,0.5783,-5.4391000,-5.4391,0.9970049,436.9430,0.0000000,5.1645,1.0000000,86.9200,1.0000000,1.0000,1.0000000,4.0000,0.5000000,2.0000,0.9467598,5.0000,0.9745624,31.0000,0.8980824,393.2960,0.8860096,3.2189,0.0000000,0.9123,3.7117834,3.7118,1.0000000,1.0000,[],3
15.4983,18.6417,-17.0112,0.0032611,CC(NC(=O)c1cc(Cl)cc2ccn(C(=O)c3ccc(Cl)cc3)c12)c1ccc(C(C)(C)C#N)cc1,1,c1(C(NC(c2ccc([*])cc2)C)=O)c2c(ccn2[*])cc(Cl)c1,*C(C)(C)C#N|c1cc(C(=O)*)ccc1Cl,O=C(NCc1ccccc1)c1cccc2ccn(C(=O)c3ccccc3)c12,0.3203648,0.3204,-6.1607000,-6.1607,0.3996749,504.4170,0.0000000,6.9288,1.0000000,74.8900,1.0000000,1.0000,1.0000000,4.0000,0.9467598,1.0000,0.9467598,5.0000,0.9467598,35.0000,0.6365210,435.4000,0.8995590,3.0958,0.0000000,0.9671,4.4306817,4.4307,1.0000000,1.0000,[],3
29.1645,27.8198,-27.8198,0.0000000,c1(C(NC(c2ccc([*])cc2)C)=O)c2c(ccn2[*])cc(Cl)c1*C(C)(C)C|*C(N(CC)[N]nc1ccccc1)=O,0,c1(C(NC(c2ccc([*])cc2)C)=O)c2c(ccn2[*])cc(Cl)c1,*C(C)(C)C|*C(N(CC)[N]nc1ccccc1)=O,,0.0000000,0.0000,0.0000000,0.0000,0.0000000,0.0000,0.0000000,0.0000,0.0000000,0.0000,0.0000000,0.0000,0.0000000,0.0000,0.0000000,0.0000,0.0000000,0.0000,0.0000000,0.0000,0.0000000,0.0000,0.0000000,0.0000,0.0000000,0.0000,0.0000000,0.0000,0.0000000,0.0000,None,3
8.1178,6.4772,-6.4772,0.0000000,CC(NC(=O)c1cc(Cl)cc2ccn(C(=O)OC(C)(C)C)c12)c1ccc(C(C)(C)C)cc1,1,c1(C(NC(c2ccc([*])cc2)C)=O)c2c(ccn2[*])cc(Cl)c1,*C(C)(C)C|C(=O)(OC(C)(C)C)*,O=C(NCc1ccccc1)c1cccc2cc[nH]c12,0.0000000,0.0000,0.0000000,0.0000,0.0000000,0.0000,0.0000000,0.0000,0.0000000,0.0000,0.0000000,0.0000,0.0000000,0.0000,0.0000000,0.0000,0.0000000,0.0000,0.0000000,0.0000,0.0000000,0.0000,0.0000000,0.0000,0.0000000,0.0000,0.0000000,0.0000,0.0000000,0.0000,"['C(=[O,S])[O,S]']",3
7.4468,7.6491,-5.3330,0.0046322,CC(=O)n1ccc2cc(Cl)cc(C(=O)NC(C)c3ccc(C(F)(F)F)cc3)c21,1,c1(C(NC(c2ccc([*])cc2)C)=O)c2c(ccn2[*])cc(Cl)c1,*C(F)(F)F|O=C(C)*,O=C(NCc1ccccc1)c1cccc2cc[nH]c12,0.6248520,0.6249,-10.5477300,-10.5477,0.9997750,408.8070,0.0000000,5.4646,1.0000000,51.1000,1.0000000,1.0000,1.0000000,3.0000,0.9467598,1.0000,0.9825279,3.0000,0.9855343,28.0000,0.9893403,331.9440,0.9169239,2.9143,0.0000000,0.6741,4.3612804,4.3613,1.0000000,1.0000,[],3
10.0885,9.7628,-9.7628,0.0000000,CC(NC(=O)c1cc(Cl)cc2ccn(C(=O)OCc3ccccc3)c12)c1ccc(C(F)(F)F)cc1,1,c1(C(NC(c2ccc([*])cc2)C)=O)c2c(ccn2[*])cc(Cl)c1,*C(F)(F)F|c1cccc(COC(=O)*)c1,O=C(NCc1ccccc1)c1cccc2ccn(C(=O)OCc3ccccc3)c12,0.0000000,0.0000,0.0000000,0.0000,0.0000000,0.0000,0.0000000,0.0000,0.0000000,0.0000,0.0000000,0.0000,0.0000000,0.0000,0.0000000,0.0000,0.0000000,0.0000,0.0000000,0.0000,0.0000000,0.0000,0.0000000,0.0000,0.0000000,0.0000,0.0000000,0.0000,0.0000000,0.0000,"['C(=[O,S])[O,S]']",3
12.1095,12.0673,-12.0673,0.0000000,CC(NC(=O)c1cc(Cl)cc2ccn(C(N)=O)c12)c1ccc(C2CC2)cc1,1,c1(C(NC(c2ccc([*])cc2)C)=O)c2c(ccn2[*])cc(Cl)c1,*C1CC1|O=C(N)*,O=C(NCc1ccc(C2CC2)cc1)c1cccc2cc[nH]c12,0.0000000,0.0000,0.0000000,0.0000,0.0000000,0.0000,0.0000000,0.0000,0.0000000,0.0000,0.0000000,0.0000,0.0000000,0.0000,0.0000000,0.0000,0.0000000,0.0000,0.0000000,0.0000,0.0000000,0.0000,0.0000000,0.0000,0.0000000,0.0000,0.0000000,0.0000,0.0000000,0.0000,['[NH2]'],3
11.9159,12.9258,-12.9258,0.0000000,CC(NC(=O)c1cc(Cl)cc2ccn(C(N)=O)c12)c1ccc(CC(=O)O)cc1,1,c1(C(NC(c2ccc([*])cc2)C)=O)c2c(ccn2[*])cc(Cl)c1,*CC(=O)O|*C(=O)N,O=C(NCc1ccccc1)c1cccc2cc[nH]c12,0.0000000,0.0000,0.0000000,0.0000,0.0000000,0.0000,0.0000000,0.0000,0.0000000,0.0000,0.0000000,0.0000,0.0000000,0.0000,0.0000000,0.0000,0.0000000,0.0000,0.0000000,0.0000,0.0000000,0.0000,0.0000000,0.0000,0.0000000,0.0000,0.0000000,0.0000,0.0000000,0.0000,"['C(=[O,S])[O,S]', '[NH2]', '[OH]']",3
10.1343,10.6699,9.6225,0.0405847,CCc1ccc(C(C)NC(=O)c2cc(Cl)cc3ccn(C(C)=O)c23)cc1,1,c1(C(NC(c2ccc([*])cc2)C)=O)c2c(ccn2[*])cc(Cl)c1,*CC|CC(=O)*,O=C(NCc1ccccc1)c1cccc2cc[nH]c12,0.7034061,0.7034,-8.6761700,-8.6762,0.9999943,368.8640,0.0000000,5.0082,1.0000000,51.1000,1.0000000,1.0000,1.0000000,3.0000,0.9467598,1.0000,0.9693466,4.0000,0.9900990,26.0000,0.9899840,330.3040,0.9264383,2.7997,0.2430652,0.5049,3.8610814,3.8611,1.0000000,1.0000,[],3
5.7740,6.2522,-0.0546,0.0123953,CC(=O)n1ccc2cc(Cl)cc(C(=O)NC(C)c3ccc(C)cc3)c21,1,c1(C(NC(c2ccc([*])cc2)C)=O)c2c(ccn2[*])cc(Cl)c1,*C|*C(=O)C,O=C(NCc1ccccc1)c1cccc2cc[nH]c12,0.7371775,0.7372,-8.4743900,-8.4744,0.9999985,354.8370,0.0000001,4.7542,1.0000000,51.1000,1.0000000,1.0000,1.0000000,3.0000,0.9467598,1.0000,0.9825279,3.0000,0.9918135,25.0000,0.9945430,314.3600,0.9289556,2.7671,0.0000238,0.5462,3.6959622,3.6960,1.0000000,1.0000,[],3
9.7592,13.0206,-10.8931,0.0042551,Cc1ccc(C(C)NC(=O)c2cc(Cl)cc3ccn(C(=O)NCc4ccccc4)c23)cc1,1,c1(C(NC(c2ccc([*])cc2)C)=O)c2c(ccn2[*])cc(Cl)c1,*C|*C(=O)NCc1ccccc1,O=C(NCc1ccccc1)c1cccc2ccn(C(=O)NCc3ccccc3)c12,0.4042807,0.4043,-9.2763100,-9.2763,0.9931605,445.9500,0.0000000,5.8520,1.0000000,63.1300,1.0000000,1.0000,1.0000000,3.0000,0.5000000,2.0000,0.9467598,5.0000,0.9693466,32.0000,0.8734392,399.6640,0.9267089,2.7962,0.0000000,0.7999,4.2759323,4.2759,1.0000000,1.0000,[],3
11.1507,10.4428,-10.4428,0.0000000,Cc1ccc(C(C)NC(=O)c2cc(Cl)cc3ccn(C(=O)Oc4ccccc4)c23)cc1,1,c1(C(NC(c2ccc([*])cc2)C)=O)c2c(ccn2[*])cc(Cl)c1,*C|*C(Oc1ccccc1)=O,O=C(NCc1ccccc1)c1cccc2ccn(C(=O)Oc3ccccc3)c12,0.0000000,0.0000,0.0000000,0.0000,0.0000000,0.0000,0.0000000,0.0000,0.0000000,0.0000,0.0000000,0.0000,0.0000000,0.0000,0.0000000,0.0000,0.0000000,0.0000,0.0000000,0.0000,0.0000000,0.0000,0.0000000,0.0000,0.0000000,0.0000,0.0000000,0.0000,0.0000000,0.0000,"['C(=[O,S])[O,S]']",3
7.3955,6.9759,-6.9759,0.0000000,CC(=O)n1ccc2cc(Cl)cc(C(=O)NC(C)c3ccc(C)cc3)c21,2,c1(C(NC(c2ccc([*])cc2)C)=O)c2c(ccn2[*])cc(Cl)c1,*C|C(*)(=O)C,O=C(NCc1ccccc1)c1cccc2cc[nH]c12,0.0000000,0.7372,-0.0000000,-8.4744,0.0000000,354.8370,0.0000000,4.7542,0.0000000,51.1000,0.0000000,1.0000,0.0000000,3.0000,0.0000000,1.0000,0.0000000,3.0000,0.0000000,25.0000,0.0000000,314.3600,0.0000000,2.7671,0.0000000,0.5462,0.0000000,3.6960,0.0000000,1.0000,[],3
7.7873,6.7178,-6.7178,0.0000000,CC(=O)n1ccc2cc(Cl)cc(C(=O)NC(C)c3ccc(C)cc3)c21,2,c1(C(NC(c2ccc([*])cc2)C)=O)c2c(ccn2[*])cc(Cl)c1,*C|C(*)(C)=O,O=C(NCc1ccccc1)c1cccc2cc[nH]c12,0.0000000,0.7372,-0.0000000,-8.4744,0.0000000,354.8370,0.0000000,4.7542,0.0000000,51.1000,0.0000000,1.0000,0.0000000,3.0000,0.0000000,1.0000,0.0000000,3.0000,0.0000000,25.0000,0.0000000,314.3600,0.0000000,2.7671,0.0000000,0.5462,0.0000000,3.6960,0.0000000,1.0000,[],3
6.7121,6.0475,-6.0475,0.0000000,Cc1ccc(C(C)NC(=O)c2cc(Cl)cc3ccn(C(=O)OC(C)(C)C)c23)cc1,1,c1(C(NC(c2ccc([*])cc2)C)=O)c2c(ccn2[*])cc(Cl)c1,*C|C(*)(OC(C)(C)C)=O,O=C(NCc1ccccc1)c1cccc2cc[nH]c12,0.0000000,0.0000,0.0000000,0.0000,0.0000000,0.0000,0.0000000,0.0000,0.0000000,0.0000,0.0000000,0.0000,0.0000000,0.0000,0.0000000,0.0000,0.0000000,0.0000,0.0000000,0.0000,0.0000000,0.0000,0.0000000,0.0000,0.0000000,0.0000,0.0000000,0.0000,0.0000000,0.0000,"['C(=[O,S])[O,S]']",3
7.4414,7.9174,-7.9174,0.0000000,Cc1ccc(C(C)NC(=O)c2cc(Cl)cc3ccn(C(N)=O)c23)cc1,1,c1(C(NC(c2ccc([*])cc2)C)=O)c2c(ccn2[*])cc(Cl)c1,*C|C(N)(=O)*,O=C(NCc1ccccc1)c1cccc2cc[nH]c12,0.0000000,0.0000,0.0000000,0.0000,0.0000000,0.0000,0.0000000,0.0000,0.0000000,0.0000,0.0000000,0.0000,0.0000000,0.0000,0.0000000,0.0000,0.0000000,0.0000,0.0000000,0.0000,0.0000000,0.0000,0.0000000,0.0000,0.0000000,0.0000,0.0000000,0.0000,0.0000000,0.0000,['[NH2]'],3
5.8696,6.2150,-6.2150,0.0000000,CC(=O)n1ccc2cc(Cl)cc(C(=O)NC(C)c3ccc(C)cc3)c21,2,c1(C(NC(c2ccc([*])cc2)C)=O)c2c(ccn2[*])cc(Cl)c1,*C|CC(*)=O,O=C(NCc1ccccc1)c1cccc2cc[nH]c12,0.0000000,0.7372,-0.0000000,-8.4744,0.0000000,354.8370,0.0000000,4.7542,0.0000000,51.1000,0.0000000,1.0000,0.0000000,3.0000,0.0000000,1.0000,0.0000000,3.0000,0.0000000,25.0000,0.0000000,314.3600,0.0000000,2.7671,0.0000000,0.5462,0.0000000,3.6960,0.0000000,1.0000,[],3
5.3742,4.9305,-4.9305,0.0000000,Cc1ccc(C(C)NC(=O)c2cc(Cl)cc3ccn(C(=O)OC(C)(C)C)c23)cc1,2,c1(C(NC(c2ccc([*])cc2)C)=O)c2c(ccn2[*])cc(Cl)c1,*C|CC(C)(C)OC(=O)*,O=C(NCc1ccccc1)c1cccc2cc[nH]c12,0.0000000,0.0000,0.0000000,0.0000,0.0000000,0.0000,0.0000000,0.0000,0.0000000,0.0000,0.0000000,0.0000,0.0000000,0.0000,0.0000000,0.0000,0.0000000,0.0000,0.0000000,0.0000,0.0000000,0.0000,0.0000000,0.0000,0.0000000,0.0000,0.0000000,0.0000,0.0000000,0.0000,"['C(=[O,S])[O,S]']",3
6.1023,5.4968,-5.4968,0.0000000,Cc1ccc(C(C)NC(=O)c2cc(Cl)cc3ccn(C(=O)OC(C)(C)C)c23)cc1,2,c1(C(NC(c2ccc([*])cc2)C)=O)c2c(ccn2[*])cc(Cl)c1,*C|CC(OC(*)=O)(C)C,O=C(NCc1ccccc1)c1cccc2cc[nH]c12,0.0000000,0.0000,0.0000000,0.0000,0.0000000,0.0000,0.0000000,0.0000,0.0000000,0.0000,0.0000000,0.0000,0.0000000,0.0000,0.0000000,0.0000,0.0000000,0.0000,0.0000000,0.0000,0.0000000,0.0000,0.0000000,0.0000,0.0000000,0.0000,0.0000000,0.0000,0.0000000,0.0000,"['C(=[O,S])[O,S]']",3
13.9418,13.8318,-13.8318,0.0000000,CCCCOC(=O)n1ccc2cc(Cl)cc(C(=O)NC(C)c3ccc(C)cc3)c21,1,c1(C(NC(c2ccc([*])cc2)C)=O)c2c(ccn2[*])cc(Cl)c1,*C|O(CCCC)C(=O)*,O=C(NCc1ccccc1)c1cccc2cc[nH]c12,0.0000000,0.0000,0.0000000,0.0000,0.0000000,0.0000,0.0000000,0.0000,0.0000000,0.0000,0.0000000,0.0000,0.0000000,0.0000,0.0000000,0.0000,0.0000000,0.0000,0.0000000,0.0000,0.0000000,0.0000,0.0000000,0.0000,0.0000000,0.0000,0.0000000,0.0000,0.0000000,0.0000,"['C(=[O,S])[O,S]']",3
5.2613,4.9329,-4.9329,0.0000000,Cc1ccc(C(C)NC(=O)c2cc(Cl)cc3ccn(C(=O)OC(C)(C)C)c23)cc1,2,c1(C(NC(c2ccc([*])cc2)C)=O)c2c(ccn2[*])cc(Cl)c1,*C|O=C(OC(C)(C)C)*,O=C(NCc1ccccc1)c1cccc2cc[nH]c12,0.0000000,0.0000,0.0000000,0.0000,0.0000000,0.0000,0.0000000,0.0000,0.0000000,0.0000,0.0000000,0.0000,0.0000000,0.0000,0.0000000,0.0000,0.0000000,0.0000,0.0000000,0.0000,0.0000000,0.0000,0.0000000,0.0000,0.0000000,0.0000,0.0000000,0.0000,0.0000000,0.0000,"['C(=[O,S])[O,S]']",3
9.8921,9.3533,-9.3533,0.0000000,CC(NC(=O)c1cc(Cl)cc2ccn(C(=O)OC(C)(C)C)c12)c1ccc(N(C)C)cc1,1,c1(C(NC(c2ccc([*])cc2)C)=O)c2c(ccn2[*])cc(Cl)c1,*N(C)C|C(=O)(OC(C)(C)C)*,O=C(NCc1ccccc1)c1cccc2cc[nH]c12,0.0000000,0.0000,0.0000000,0.0000,0.0000000,0.0000,0.0000000,0.0000,0.0000000,0.0000,0.0000000,0.0000,0.0000000,0.0000,0.0000000,0.0000,0.0000000,0.0000,0.0000000,0.0000,0.0000000,0.0000,0.0000000,0.0000,0.0000000,0.0000,0.0000000,0.0000,0.0000000,0.0000,"['C(=[O,S])[O,S]']",3
13.3807,15.7490,-13.6833,0.0041315,CC(=O)n1ccc2cc(Cl)cc(C(=O)NC(C)c3ccc(N4CCCN(C)CC4)cc3)c21,1,c1(C(NC(c2ccc([*])cc2)C)=O)c2c(ccn2[*])cc(Cl)c1,*N1CCN(C)CCC1|C(=O)(*)C,O=C(NCc1ccc(N2CCCNCC2)cc1)c1cccc2cc[nH]c12,0.6287150,0.6287,-8.0029400,-8.0029,0.9870055,452.9860,0.0000004,4.5877,1.0000000,57.5800,1.0000000,1.0000,1.0000000,5.0000,0.9467598,1.0000,0.9693466,4.0000,0.9693466,32.0000,0.8204952,410.4000,0.9106569,2.9834,0.0000000,0.7228,2.8156636,2.8157,1.0000000,1.0000,[],3
11.3679,11.7888,-7.2989,0.0089798,CC(=O)n1ccc2cc(Cl)cc(C(=O)NC(C)c3ccc(N4CCNCC4)cc3)c21,1,c1(C(NC(c2ccc([*])cc2)C)=O)c2c(ccn2[*])cc(Cl)c1,*N1CCNCC1|CC(=O)*,O=C(NCc1ccc(N2CCNCC2)cc1)c1cccc2cc[nH]c12,0.6671113,0.6671,-7.4974100,-7.4974,0.9990072,424.9320,0.0000230,3.8554,1.0000000,66.3700,1.0000000,1.0000,1.0000000,5.0000,0.5000000,2.0000,0.9693466,4.0000,0.9789100,30.0000,0.9401501,378.2320,0.9083104,3.0082,0.0000049,0.5531,2.4927692,2.4928,1.0000000,1.0000,[],3
7.2741,8.2141,-8.2141,0.0000000,CC(NC(=O)c1cc(Cl)cc2ccn(C(=O)OC(C)(C)C)c12)c1ccc(-c2ccccc2)cc1,1,c1(C(NC(c2ccc([*])cc2)C)=O)c2c(ccn2[*])cc(Cl)c1,*c1ccccc1|O=C(OC(C)(C)C)*,O=C(NCc1ccc(-c2ccccc2)cc1)c1cccc2cc[nH]c12,0.0000000,0.0000,0.0000000,0.0000,0.0000000,0.0000,0.0000000,0.0000,0.0000000,0.0000,0.0000000,0.0000,0.0000000,0.0000,0.0000000,0.0000,0.0000000,0.0000,0.0000000,0.0000,0.0000000,0.0000,0.0000000,0.0000,0.0000000,0.0000,0.0000000,0.0000,0.0000000,0.0000,"['C(=[O,S])[O,S]']",3
17.3678,16.7841,-16.7841,0.0000000,CC(NC(=O)c1cc(Cl)cc2ccn(C(=O)OC(C)(C)C)c12)c1ccc(-c2cccnc2F)cc1,1,c1(C(NC(c2ccc([*])cc2)C)=O)c2c(ccn2[*])cc(Cl)c1,*c1cccnc1F|CC(C)(OC(=O)*)C,O=C(NCc1ccc(-c2cccnc2)cc1)c1cccc2cc[nH]c12,0.0000000,0.0000,0.0000000,0.0000,0.0000000,0.0000,0.0000000,0.0000,0.0000000,0.0000,0.0000000,0.0000,0.0000000,0.0000,0.0000000,0.0000,0.0000000,0.0000,0.0000000,0.0000,0.0000000,0.0000,0.0000000,0.0000,0.0000000,0.0000,0.0000000,0.0000,0.0000000,0.0000,"['C(=[O,S])[O,S]']",3
28.3874,26.6238,-26.6238,0.0000000,CNc1ncnc2c1nc(-c1ccc(C(C)NC(=O)c3cc(Cl)cc4ccn(C(=O)OC(C)(C)C)c34)cc1)n2C,1,c1(C(NC(c2ccc([*])cc2)C)=O)c2c(ccn2[*])cc(Cl)c1,*c1nc2c(n1C)ncnc2NC|O=C(*)OC(C)(C)C,O=C(NCc1ccc(-c2nc3cncnc3[nH]2)cc1)c1cccc2cc[nH]c12,0.0000000,0.0000,0.0000000,0.0000,0.0000000,0.0000,0.0000000,0.0000,0.0000000,0.0000,0.0000000,0.0000,0.0000000,0.0000,0.0000000,0.0000,0.0000000,0.0000,0.0000000,0.0000,0.0000000,0.0000,0.0000000,0.0000,0.0000000,0.0000,0.0000000,0.0000,0.0000000,0.0000,"['C(=[O,S])[O,S]']",3
21.7097,19.3252,-19.3252,0.0000000,CC(NC(=O)c1cc(Cl)cc2ccn(C(=O)OC(C)(C)C)c12)c1ccc(N(C)CCBr)cc1,1,c1(C(NC(c2ccc([*])cc2)C)=O)c2c(ccn2[*])cc(Cl)c1,BrCCN(C)*|O(C(=O)*)C(C)(C)C,O=C(NCc1ccccc1)c1cccc2cc[nH]c12,0.0000000,0.0000,0.0000000,0.0000,0.0000000,0.0000,0.0000000,0.0000,0.0000000,0.0000,0.0000000,0.0000,0.0000000,0.0000,0.0000000,0.0000,0.0000000,0.0000,0.0000000,0.0000,0.0000000,0.0000,0.0000000,0.0000,0.0000000,0.0000,0.0000000,0.0000,0.0000000,0.0000,"['C(=[O,S])[O,S]']",3
16.6196,17.5813,-17.5813,0.0000000,Cc1cccc(COC(=O)n2ccc3cc(Cl)cc(C(=O)NC(C)c4ccc(C(F)(F)F)cc4)c32)c1,1,c1(C(NC(c2ccc([*])cc2)C)=O)c2c(ccn2[*])cc(Cl)c1,C(*)(F)(F)F|c1(C)cccc(COC(=O)*)c1,O=C(NCc1ccccc1)c1cccc2ccn(C(=O)OCc3ccccc3)c12,0.0000000,0.0000,0.0000000,0.0000,0.0000000,0.0000,0.0000000,0.0000,0.0000000,0.0000,0.0000000,0.0000,0.0000000,0.0000,0.0000000,0.0000,0.0000000,0.0000,0.0000000,0.0000,0.0000000,0.0000,0.0000000,0.0000,0.0000000,0.0000,0.0000000,0.0000,0.0000000,0.0000,"['C(=[O,S])[O,S]']",3
18.7646,23.7523,-23.7523,0.0000000,CC(=O)n1ccc2cc(Cl)cc(C(=O)NC(C)c3ccc(C#CC(O)C(F)(F)F)cc3)c21,1,c1(C(NC(c2ccc([*])cc2)C)=O)c2c(ccn2[*])cc(Cl)c1,C(C(C(F)(F)F)O)#C*|*C(=O)C,O=C(NCc1ccccc1)c1cccc2cc[nH]c12,0.0000000,0.0000,0.0000000,0.0000,0.0000000,0.0000,0.0000000,0.0000,0.0000000,0.0000,0.0000000,0.0000,0.0000000,0.0000,0.0000000,0.0000,0.0000000,0.0000,0.0000000,0.0000,0.0000000,0.0000,0.0000000,0.0000,0.0000000,0.0000,0.0000000,0.0000,0.0000000,0.0000,"['C#C', '[OH]']",3
12.8547,13.5272,-11.2895,0.0044754,CCNC(=O)n1ccc2cc(Cl)cc(C(=O)NC(C)c3ccc(C(C)(C)C)cc3)c21,1,c1(C(NC(c2ccc([*])cc2)C)=O)c2c(ccn2[*])cc(Cl)c1,C(C)(*)(C)C|O=C(NCC)*,O=C(NCc1ccccc1)c1cccc2cc[nH]c12,0.5659501,0.5660,-7.9965600,-7.9966,0.9989088,425.9600,0.0000000,5.6608,1.0000000,63.1300,1.0000000,1.0000,1.0000000,3.0000,0.5000000,2.0000,0.9693466,4.0000,0.9789100,30.0000,0.9040738,391.5440,0.9095526,2.9951,0.0000000,0.7137,4.0902987,4.0903,1.0000000,1.0000,[],3
10.7446,9.9521,-7.6703,0.0045637,CC(=O)n1ccc2cc(Cl)cc(C(=O)NC(C)c3ccc(C(C)(C)C)cc3)c21,1,c1(C(NC(c2ccc([*])cc2)C)=O)c2c(ccn2[*])cc(Cl)c1,C(C)(C)(C)*|C(*)(=O)C,O=C(NCc1ccccc1)c1cccc2cc[nH]c12,0.6129085,0.6129,-7.9375800,-7.9376,0.9999247,396.9180,0.0000000,5.7433,1.0000000,51.1000,1.0000000,1.0000,1.0000000,3.0000,0.9467598,1.0000,0.9825279,3.0000,0.9855343,28.0000,0.9651196,363.4800,0.9191686,2.8884,0.0000000,0.6820,4.1704326,4.1704,1.0000000,1.0000,[],3
16.3058,16.0497,-13.8301,0.0044392,CC(C)NC(=O)n1ccc2cc(Cl)cc(C(=O)NC(C)c3ccc(C(C)(C)C)cc3)c21,1,c1(C(NC(c2ccc([*])cc2)C)=O)c2c(ccn2[*])cc(Cl)c1,C(C)(C)(C)*|CC(C)NC(=O)*,O=C(NCc1ccccc1)c1cccc2cc[nH]c12,0.5193425,0.5193,-4.1764000,-4.1764,0.9960395,439.9870,0.0000000,6.0493,1.0000000,63.1300,1.0000000,1.0000,1.0000000,3.0000,0.5000000,2.0000,0.9693466,4.0000,0.9745624,31.0000,0.8220275,410.1280,0.9068677,3.0231,0.0000000,0.8095,4.2206163,4.2206,1.0000000,1.0000,[],3
9.3357,9.0807,-9.0807,0.0000000,CCc1ccc(C(C)NC(=O)c2cc(Cl)cc3ccn(C(=O)OC(C)(C)C)c23)cc1,1,c1(C(NC(c2ccc([*])cc2)C)=O)c2c(ccn2[*])cc(Cl)c1,C(C)*|CC(C)(C)OC(*)=O,O=C(NCc1ccccc1)c1cccc2cc[nH]c12,0.0000000,0.0000,0.0000000,0.0000,0.0000000,0.0000,0.0000000,0.0000,0.0000000,0.0000,0.0000000,0.0000,0.0000000,0.0000,0.0000000,0.0000,0.0000000,0.0000,0.0000000,0.0000,0.0000000,0.0000,0.0000000,0.0000,0.0000000,0.0000,0.0000000,0.0000,0.0000000,0.0000,"['C(=[O,S])[O,S]']",3
8.1429,9.2161,-9.2161,0.0000000,CC(=O)n1ccc2cc(Cl)cc(C(=O)NC(C)c3ccc(C(F)(F)F)cc3)c21,2,c1(C(NC(c2ccc([*])cc2)C)=O)c2c(ccn2[*])cc(Cl)c1,C(F)(F)(F)*|O=C(*)C,O=C(NCc1ccccc1)c1cccc2cc[nH]c12,0.0000000,0.6249,-0.0000000,-10.5477,0.0000000,408.8070,0.0000000,5.4646,0.0000000,51.1000,0.0000000,1.0000,0.0000000,3.0000,0.0000000,1.0000,0.0000000,3.0000,0.0000000,28.0000,0.0000000,331.9440,0.0000000,2.9143,0.0000000,0.6741,0.0000000,4.3613,0.0000000,1.0000,[],3
17.2904,19.9428,-19.9428,0.0000000,CC(NC(=O)c1cc(Cl)cc2ccn(C(=O)NC(C)(C)C)c12)c1ccc(CCN)cc1,1,c1(C(NC(c2ccc([*])cc2)C)=O)c2c(ccn2[*])cc(Cl)c1,C(N)C*|CC(C)(NC(=O)*)C,O=C(NCc1ccccc1)c1cccc2cc[nH]c12,0.0000000,0.0000,0.0000000,0.0000,0.0000000,0.0000,0.0000000,0.0000,0.0000000,0.0000,0.0000000,0.0000,0.0000000,0.0000,0.0000000,0.0000,0.0000000,0.0000,0.0000000,0.0000,0.0000000,0.0000,0.0000000,0.0000,0.0000000,0.0000,0.0000000,0.0000,0.0000000,0.0000,['[NH2]'],3
7.4995,10.1009,-7.8681,0.0044657,CCNC(=O)n1ccc2cc(Cl)cc(C(=O)NC(C)c3ccc(C)cc3)c21,1,c1(C(NC(c2ccc([*])cc2)C)=O)c2c(ccn2[*])cc(Cl)c1,C*|*C(=O)NCC,O=C(NCc1ccccc1)c1cccc2cc[nH]c12,0.6870927,0.6871,-8.2225700,-8.2226,0.9999774,383.8790,0.0000002,4.6717,1.0000000,63.1300,1.0000000,1.0000,1.0000000,3.0000,0.5000000,2.0000,0.9693466,4.0000,0.9880297,27.0000,0.9824434,345.1280,0.9199596,2.8791,0.0000000,0.5975,3.5372534,3.5373,1.0000000,1.0000,[],3
5.9683,4.2082,-4.2082,0.0000000,Cc1ccc(C(C)NC(=O)c2cc(Cl)cc3ccn(C(=O)OC(C)(C)C)c23)cc1,2,c1(C(NC(c2ccc([*])cc2)C)=O)c2c(ccn2[*])cc(Cl)c1,C*|*C(=O)OC(C)(C)C,O=C(NCc1ccccc1)c1cccc2cc[nH]c12,0.0000000,0.0000,0.0000000,0.0000,0.0000000,0.0000,0.0000000,0.0000,0.0000000,0.0000,0.0000000,0.0000,0.0000000,0.0000,0.0000000,0.0000,0.0000000,0.0000,0.0000000,0.0000,0.0000000,0.0000,0.0000000,0.0000,0.0000000,0.0000,0.0000000,0.0000,0.0000000,0.0000,"['C(=[O,S])[O,S]']",3
6.3683,5.0216,-5.0216,0.0000000,Cc1ccc(C(C)NC(=O)c2cc(Cl)cc3ccn(C(=O)OC(C)(C)C)c23)cc1,2,c1(C(NC(c2ccc([*])cc2)C)=O)c2c(ccn2[*])cc(Cl)c1,C*|C(*)(=O)OC(C)(C)C,O=C(NCc1ccccc1)c1cccc2cc[nH]c12,0.0000000,0.0000,0.0000000,0.0000,0.0000000,0.0000,0.0000000,0.0000,0.0000000,0.0000,0.0000000,0.0000,0.0000000,0.0000,0.0000000,0.0000,0.0000000,0.0000,0.0000000,0.0000,0.0000000,0.0000,0.0000000,0.0000,0.0000000,0.0000,0.0000000,0.0000,0.0000000,0.0000,"['C(=[O,S])[O,S]']",3
7.3373,5.9792,-5.9792,0.0000000,Cc1ccc(C(C)NC(=O)c2cc(Cl)cc3ccn(C(=O)OC(C)(C)C)c23)cc1,2,c1(C(NC(c2ccc([*])cc2)C)=O)c2c(ccn2[*])cc(Cl)c1,C*|C(OC(C)(C)C)(=O)*,O=C(NCc1ccccc1)c1cccc2cc[nH]c12,0.0000000,0.0000,0.0000000,0.0000,0.0000000,0.0000,0.0000000,0.0000,0.0000000,0.0000,0.0000000,0.0000,0.0000000,0.0000,0.0000000,0.0000,0.0000000,0.0000,0.0000000,0.0000,0.0000000,0.0000,0.0000000,0.0000,0.0000000,0.0000,0.0000000,0.0000,0.0000000,0.0000,"['C(=[O,S])[O,S]']",3
6.0297,6.2361,-6.2361,0.0000000,CC(=O)n1ccc2cc(Cl)cc(C(=O)NC(C)c3ccc(C)cc3)c21,2,c1(C(NC(c2ccc([*])cc2)C)=O)c2c(ccn2[*])cc(Cl)c1,C*|CC(=O)*,O=C(NCc1ccccc1)c1cccc2cc[nH]c12,0.0000000,0.7372,-0.0000000,-8.4744,0.0000000,354.8370,0.0000000,4.7542,0.0000000,51.1000,0.0000000,1.0000,0.0000000,3.0000,0.0000000,1.0000,0.0000000,3.0000,0.0000000,25.0000,0.0000000,314.3600,0.0000000,2.7671,0.0000000,0.5462,0.0000000,3.6960,0.0000000,1.0000,[],3
5.4393,4.7120,-4.7120,0.0000000,Cc1ccc(C(C)NC(=O)c2cc(Cl)cc3ccn(C(=O)OC(C)(C)C)c23)cc1,2,c1(C(NC(c2ccc([*])cc2)C)=O)c2c(ccn2[*])cc(Cl)c1,C*|CC(C)(OC(=O)*)C,O=C(NCc1ccccc1)c1cccc2cc[nH]c12,0.0000000,0.0000,0.0000000,0.0000,0.0000000,0.0000,0.0000000,0.0000,0.0000000,0.0000,0.0000000,0.0000,0.0000000,0.0000,0.0000000,0.0000,0.0000000,0.0000,0.0000000,0.0000,0.0000000,0.0000,0.0000000,0.0000,0.0000000,0.0000,0.0000000,0.0000,0.0000000,0.0000,"['C(=[O,S])[O,S]']",3
14.6486,14.3140,-12.4187,0.0037908,Cc1ccc(C(C)NC(=O)c2cc(Cl)cc3ccn(C(=O)Nc4cc(C(C)(C)C)nn4C)c23)cc1,1,c1(C(NC(c2ccc([*])cc2)C)=O)c2c(ccn2[*])cc(Cl)c1,C*|CC(C)(c1cc(NC(*)=O)n(C)n1)C,O=C(NCc1ccccc1)c1cccc2ccn(C(=O)Nc3ccn[nH]3)c12,0.3560476,0.3560,-5.3763500,-5.3764,0.6758375,492.0230,0.0000000,6.2053,1.0000000,80.9500,1.0000000,1.0000,1.0000000,5.0000,0.5000000,2.0000,0.9693466,4.0000,0.9467598,35.0000,0.5329559,446.5600,0.8841615,3.2346,0.0000000,0.6146,4.3765645,4.3766,1.0000000,1.0000,[],3
5.8898,5.0629,-5.0629,0.0000000,Cc1ccc(C(C)NC(=O)c2cc(Cl)cc3ccn(C(=O)OC(C)(C)C)c23)cc1,2,c1(C(NC(c2ccc([*])cc2)C)=O)c2c(ccn2[*])cc(Cl)c1,C*|CC(OC(=O)*)(C)C,O=C(NCc1ccccc1)c1cccc2cc[nH]c12,0.0000000,0.0000,0.0000000,0.0000,0.0000000,0.0000,0.0000000,0.0000,0.0000000,0.0000,0.0000000,0.0000,0.0000000,0.0000,0.0000000,0.0000,0.0000000,0.0000,0.0000000,0.0000,0.0000000,0.0000,0.0000000,0.0000,0.0000000,0.0000,0.0000000,0.0000,0.0000000,0.0000,"['C(=[O,S])[O,S]']",3
17.2529,14.1634,-14.1634,0.0000000,Cc1ccc(C(C)NC(=O)c2cc(Cl)cc3ccn(C(=O)OCc4ccccc4Cl)c23)cc1,1,c1(C(NC(c2ccc([*])cc2)C)=O)c2c(ccn2[*])cc(Cl)c1,C*|Clc1c(COC(=O)*)cccc1,O=C(NCc1ccccc1)c1cccc2ccn(C(=O)OCc3ccccc3)c12,0.0000000,0.0000,0.0000000,0.0000,0.0000000,0.0000,0.0000000,0.0000,0.0000000,0.0000,0.0000000,0.0000,0.0000000,0.0000,0.0000000,0.0000,0.0000000,0.0000,0.0000000,0.0000,0.0000000,0.0000,0.0000000,0.0000,0.0000000,0.0000,0.0000000,0.0000,0.0000000,0.0000,"['C(=[O,S])[O,S]']",3
10.5659,10.5610,-10.5610,0.0000000,CCNC(=O)n1ccc2cc(Cl)cc(C(=O)NC(C)c3ccc(C)cc3)c21,2,c1(C(NC(c2ccc([*])cc2)C)=O)c2c(ccn2[*])cc(Cl)c1,C*|N(C(*)=O)CC,O=C(NCc1ccccc1)c1cccc2cc[nH]c12,0.0000000,0.6871,-0.0000000,-8.2226,0.0000000,383.8790,0.0000000,4.6717,0.0000000,63.1300,0.0000000,1.0000,0.0000000,3.0000,0.0000000,2.0000,0.0000000,4.0000,0.0000000,27.0000,0.0000000,345.1280,0.0000000,2.8791,0.0000000,0.5975,0.0000000,3.5373,0.0000000,1.0000,[],3
15.0147,16.9014,-14.8842,0.0040344,Cc1ccc(C(C)NC(=O)c2cc(Cl)cc3ccn(C(=O)NCc4cccc(Cl)c4)c23)cc1,1,c1(C(NC(c2ccc([*])cc2)C)=O)c2c(ccn2[*])cc(Cl)c1,C*|N(C(=O)*)Cc1cccc(Cl)c1,O=C(NCc1ccccc1)c1cccc2ccn(C(=O)NCc3ccccc3)c12,0.3423620,0.3424,-10.4057300,-10.4057,0.8588399,480.3950,0.0000000,6.5054,1.0000000,63.1300,1.0000000,1.0000,1.0000000,3.0000,0.5000000,2.0000,0.9467598,5.0000,0.9631018,33.0000,0.7989442,414.0480,0.9187905,2.8928,0.0000000,0.8439,4.5131550,4.5132,1.0000000,1.0000,[],3
7.3841,7.8713,-7.8713,0.0000000,Cc1ccc(C(C)NC(=O)c2cc(Cl)cc3ccn(C(N)=O)c23)cc1,2,c1(C(NC(c2ccc([*])cc2)C)=O)c2c(ccn2[*])cc(Cl)c1,C*|NC(*)=O,O=C(NCc1ccccc1)c1cccc2cc[nH]c12,0.0000000,0.0000,0.0000000,0.0000,0.0000000,0.0000,0.0000000,0.0000,0.0000000,0.0000,0.0000000,0.0000,0.0000000,0.0000,0.0000000,0.0000,0.0000000,0.0000,0.0000000,0.0000,0.0000000,0.0000,0.0000000,0.0000,0.0000000,0.0000,0.0000000,0.0000,0.0000000,0.0000,['[NH2]'],3
6.3554,5.0082,-5.0082,0.0000000,Cc1ccc(C(C)NC(=O)c2cc(Cl)cc3ccn(C(=O)OC(C)(C)C)c23)cc1,2,c1(C(NC(c2ccc([*])cc2)C)=O)c2c(ccn2[*])cc(Cl)c1,C*|O(C(C)(C)C)C(=O)*,O=C(NCc1ccccc1)c1cccc2cc[nH]c12,0.0000000,0.0000,0.0000000,0.0000,0.0000000,0.0000,0.0000000,0.0000,0.0000000,0.0000,0.0000000,0.0000,0.0000000,0.0000,0.0000000,0.0000,0.0000000,0.0000,0.0000000,0.0000,0.0000000,0.0000,0.0000000,0.0000,0.0000000,0.0000,0.0000000,0.0000,0.0000000,0.0000,"['C(=[O,S])[O,S]']",3
8.1996,8.0261,-8.0261,0.0000000,Cc1ccc(C(C)NC(=O)c2cc(Cl)cc3ccn(C(=O)OCc4ccccc4)c23)cc1,1,c1(C(NC(c2ccc([*])cc2)C)=O)c2c(ccn2[*])cc(Cl)c1,C*|c1(COC(*)=O)ccccc1,O=C(NCc1ccccc1)c1cccc2ccn(C(=O)OCc3ccccc3)c12,0.0000000,0.0000,0.0000000,0.0000,0.0000000,0.0000,0.0000000,0.0000,0.0000000,0.0000,0.0000000,0.0000,0.0000000,0.0000,0.0000000,0.0000,0.0000000,0.0000,0.0000000,0.0000,0.0000000,0.0000,0.0000000,0.0000,0.0000000,0.0000,0.0000000,0.0000,0.0000000,0.0000,"['C(=[O,S])[O,S]']",3
9.2905,7.8332,-7.8332,0.0000000,Cc1ccc(C(C)NC(=O)c2cc(Cl)cc3ccn(C(=O)OCc4ccccc4)c23)cc1,2,c1(C(NC(c2ccc([*])cc2)C)=O)c2c(ccn2[*])cc(Cl)c1,C*|c1cc(COC(=O)*)ccc1,O=C(NCc1ccccc1)c1cccc2ccn(C(=O)OCc3ccccc3)c12,0.0000000,0.0000,0.0000000,0.0000,0.0000000,0.0000,0.0000000,0.0000,0.0000000,0.0000,0.0000000,0.0000,0.0000000,0.0000,0.0000000,0.0000,0.0000000,0.0000,0.0000000,0.0000,0.0000000,0.0000,0.0000000,0.0000,0.0000000,0.0000,0.0000000,0.0000,0.0000000,0.0000,"['C(=[O,S])[O,S]']",3
10.7716,9.6936,14.4518,0.0482908,CC(=O)n1ccc2cc(Cl)cc(C(=O)NC(C)c3ccc(C4CC4)cc3)c21,1,c1(C(NC(c2ccc([*])cc2)C)=O)c2c(ccn2[*])cc(Cl)c1,C1(*)CC1|CC(=O)*,O=C(NCc1ccc(C2CC2)cc1)c1cccc2cc[nH]c12,0.6651859,0.6652,-7.2537100,-7.2537,0.9999828,380.8750,0.0000000,5.3232,1.0000000,51.1000,1.0000000,1.0000,1.0000000,3.0000,0.9467598,1.0000,0.9693466,4.0000,0.9880297,27.0000,0.9849223,341.0960,0.9200269,2.8783,0.9988612,0.4706,3.9017897,3.9018,1.0000000,1.0000,[],3
9.8998,8.1447,-8.1447,0.0000000,CC(NC(=O)c1cc(Cl)cc2ccn(C(=O)OC(C)(C)C)c12)c1ccc(C2CC2)cc1,1,c1(C(NC(c2ccc([*])cc2)C)=O)c2c(ccn2[*])cc(Cl)c1,C1(*)CC1|CC(C)(C)OC(=O)*,O=C(NCc1ccc(C2CC2)cc1)c1cccc2cc[nH]c12,0.0000000,0.0000,0.0000000,0.0000,0.0000000,0.0000,0.0000000,0.0000,0.0000000,0.0000,0.0000000,0.0000,0.0000000,0.0000,0.0000000,0.0000,0.0000000,0.0000,0.0000000,0.0000,0.0000000,0.0000,0.0000000,0.0000,0.0000000,0.0000,0.0000000,0.0000,0.0000000,0.0000,"['C(=[O,S])[O,S]']",3
15.7698,14.2267,-14.2267,0.0000000,CC(NC(=O)c1cc(Cl)cc2ccn(C(=O)OC(C)(C)C)c12)c1ccc(C2CCN(C(=O)OC(C)(C)C)C2)cc1,1,c1(C(NC(c2ccc([*])cc2)C)=O)c2c(ccn2[*])cc(Cl)c1,C1(*)CN(C(=O)OC(C)(C)C)CC1|CC(C)(C)OC(=O)*,O=C(NCc1ccc(C2CCNC2)cc1)c1cccc2cc[nH]c12,0.0000000,0.0000,0.0000000,0.0000,0.0000000,0.0000,0.0000000,0.0000,0.0000000,0.0000,0.0000000,0.0000,0.0000000,0.0000,0.0000000,0.0000,0.0000000,0.0000,0.0000000,0.0000,0.0000000,0.0000,0.0000000,0.0000,0.0000000,0.0000,0.0000000,0.0000,0.0000000,0.0000,"['C(=[O,S])[O,S]']",3
15.7298,14.5905,-14.5905,0.0000000,CC(NC(=O)c1cc(Cl)cc2ccn(C(=O)OC(C)(C)C)c12)c1ccc(N2CCC(N)CC2)cc1,1,c1(C(NC(c2ccc([*])cc2)C)=O)c2c(ccn2[*])cc(Cl)c1,C1(N)CCN(*)CC1|C(=O)(OC(C)(C)C)*,O=C(NCc1ccc(N2CCCCC2)cc1)c1cccc2cc[nH]c12,0.0000000,0.0000,0.0000000,0.0000,0.0000000,0.0000,0.0000000,0.0000,0.0000000,0.0000,0.0000000,0.0000,0.0000000,0.0000,0.0000000,0.0000,0.0000000,0.0000,0.0000000,0.0000,0.0000000,0.0000,0.0000000,0.0000,0.0000000,0.0000,0.0000000,0.0000,0.0000000,0.0000,"['C(=[O,S])[O,S]', '[NH2]']",3
13.2087,12.4852,-12.4852,0.0000000,CC(NC(=O)c1cc(Cl)cc2ccn(C(=O)OC(C)(C)C)c12)c1ccc(NC2CC2)cc1,1,c1(C(NC(c2ccc([*])cc2)C)=O)c2c(ccn2[*])cc(Cl)c1,C1C(N*)C1|O(C(*)=O)C(C)(C)C,O=C(NCc1ccc(NC2CC2)cc1)c1cccc2cc[nH]c12,0.0000000,0.0000,0.0000000,0.0000,0.0000000,0.0000,0.0000000,0.0000,0.0000000,0.0000,0.0000000,0.0000,0.0000000,0.0000,0.0000000,0.0000,0.0000000,0.0000,0.0000000,0.0000,0.0000000,0.0000,0.0000000,0.0000,0.0000000,0.0000,0.0000000,0.0000,0.0000000,0.0000,"['C(=[O,S])[O,S]']",3
24.1501,28.7475,-28.7475,0.0000000,COC(=O)CC1CCC(c2ccc(C(C)NC(=O)c3cc(Cl)cc4ccn(C(=O)NC(C)C)c34)cc2)CC1,1,c1(C(NC(c2ccc([*])cc2)C)=O)c2c(ccn2[*])cc(Cl)c1,C1CC(*)CCC1CC(OC)=O|C(NC(C)C)(=O)*,O=C(NCc1ccc(C2CCCCC2)cc1)c1cccc2cc[nH]c12,0.0000000,0.0000,0.0000000,0.0000,0.0000000,0.0000,0.0000000,0.0000,0.0000000,0.0000,0.0000000,0.0000,0.0000000,0.0000,0.0000000,0.0000,0.0000000,0.0000,0.0000000,0.0000,0.0000000,0.0000,0.0000000,0.0000,0.0000000,0.0000,0.0000000,0.0000,0.0000000,0.0000,"['C(=[O,S])[O,S]']",3
10.2188,10.6540,-10.6540,0.0000000,CC(=O)n1ccc2cc(Cl)cc(C(=O)NC(C)c3ccc(C4CC4)cc3)c21,2,c1(C(NC(c2ccc([*])cc2)C)=O)c2c(ccn2[*])cc(Cl)c1,C1CC1*|O=C(C)*,O=C(NCc1ccc(C2CC2)cc1)c1cccc2cc[nH]c12,0.0000000,0.6652,-0.0000000,-7.2537,0.0000000,380.8750,0.0000000,5.3232,0.0000000,51.1000,0.0000000,1.0000,0.0000000,3.0000,0.0000000,1.0000,0.0000000,4.0000,0.0000000,27.0000,0.0000000,341.0960,0.0000000,2.8783,0.0000000,0.4706,0.0000000,3.9018,0.0000000,1.0000,[],3
20.0723,20.6317,-17.1903,0.0068829,CC(=O)n1ccc2cc(Cl)cc(C(=O)NC(C)c3ccc(-c4cnn(C5CCCCC5)c4)cc3)c21,1,c1(C(NC(c2ccc([*])cc2)C)=O)c2c(ccn2[*])cc(Cl)c1,C1CCC(n2ncc(*)c2)CC1|O=C(*)C,O=C(NCc1ccc(-c2cnn(C3CCCCC3)c2)cc1)c1cccc2cc[nH]c12,0.3350123,0.3350,-9.4016000,-9.4016,0.7332914,489.0190,0.0000000,6.8145,1.0000000,68.9200,1.0000000,1.0000,1.0000000,5.0000,0.9467598,1.0000,0.9467598,5.0000,0.9467598,35.0000,0.5966293,439.8000,0.8896169,3.1874,0.0000011,0.5596,4.1610718,4.1611,1.0000000,1.0000,[],3
16.0196,17.4445,-17.4445,0.0000000,CC(NC(=O)c1cc(Cl)cc2ccn(C(=O)Oc3ccccc3)c12)c1ccc(N2CCCCC2)cc1,1,c1(C(NC(c2ccc([*])cc2)C)=O)c2c(ccn2[*])cc(Cl)c1,C1CCCCN1*|*C(=O)Oc1ccccc1,O=C(NCc1ccc(N2CCCCC2)cc1)c1cccc2ccn(C(=O)Oc3ccccc3)c12,0.0000000,0.0000,0.0000000,0.0000,0.0000000,0.0000,0.0000000,0.0000,0.0000000,0.0000,0.0000000,0.0000,0.0000000,0.0000,0.0000000,0.0000,0.0000000,0.0000,0.0000000,0.0000,0.0000000,0.0000,0.0000000,0.0000,0.0000000,0.0000,0.0000000,0.0000,0.0000000,0.0000,"['C(=[O,S])[O,S]']",3
12.0228,11.4207,-11.4207,0.0000000,CC(NC(=O)c1cc(Cl)cc2ccn(C(=O)OC(C)(C)C)c12)c1ccc(N2CCCCC2)cc1,1,c1(C(NC(c2ccc([*])cc2)C)=O)c2c(ccn2[*])cc(Cl)c1,C1CCN(*)CC1|O(C(=O)*)C(C)(C)C,O=C(NCc1ccc(N2CCCCC2)cc1)c1cccc2cc[nH]c12,0.0000000,0.0000,0.0000000,0.0000,0.0000000,0.0000,0.0000000,0.0000,0.0000000,0.0000,0.0000000,0.0000,0.0000000,0.0000,0.0000000,0.0000,0.0000000,0.0000,0.0000000,0.0000,0.0000000,0.0000,0.0000000,0.0000,0.0000000,0.0000,0.0000000,0.0000,0.0000000,0.0000,"['C(=[O,S])[O,S]']",3
16.3430,14.2166,-14.2166,0.0000000,CC(NC(=O)c1cc(Cl)cc2ccn(C(=O)OC(C)(C)C)c12)c1ccc(N2CCC(CCO)CC2)cc1,1,c1(C(NC(c2ccc([*])cc2)C)=O)c2c(ccn2[*])cc(Cl)c1,C1CN(*)CCC1CCO|*C(=O)OC(C)(C)C,O=C(NCc1ccc(N2CCCCC2)cc1)c1cccc2cc[nH]c12,0.0000000,0.0000,0.0000000,0.0000,0.0000000,0.0000,0.0000000,0.0000,0.0000000,0.0000,0.0000000,0.0000,0.0000000,0.0000,0.0000000,0.0000,0.0000000,0.0000,0.0000000,0.0000,0.0000000,0.0000,0.0000000,0.0000,0.0000000,0.0000,0.0000000,0.0000,0.0000000,0.0000,"['C(=[O,S])[O,S]', '[OH]']",3
23.1337,23.4652,-23.4652,0.0000000,CC(NC(=O)c1cc(Cl)cc2ccn(C(=O)OCc3cccc(Cl)c3)c12)c1ccc(N2CCN(C(=O)OC(C)(C)C)CC2)cc1,1,c1(C(NC(c2ccc([*])cc2)C)=O)c2c(ccn2[*])cc(Cl)c1,C1CN(*)CCN1C(OC(C)(C)C)=O|C(c1cc(Cl)ccc1)OC(=O)*,O=C(NCc1ccc(N2CCNCC2)cc1)c1cccc2ccn(C(=O)OCc3ccccc3)c12,0.0000000,0.0000,0.0000000,0.0000,0.0000000,0.0000,0.0000000,0.0000,0.0000000,0.0000,0.0000000,0.0000,0.0000000,0.0000,0.0000000,0.0000,0.0000000,0.0000,0.0000000,0.0000,0.0000000,0.0000,0.0000000,0.0000,0.0000000,0.0000,0.0000000,0.0000,0.0000000,0.0000,"['C(=[O,S])[O,S]']",3
9.2181,10.4886,12.9746,0.0469263,CC(=O)n1ccc2cc(Cl)cc(C(=O)NC(C)c3ccc(N4CCOCC4)cc3)c21,1,c1(C(NC(c2ccc([*])cc2)C)=O)c2c(ccn2[*])cc(Cl)c1,C1CN(*)CCO1|*C(=O)C,O=C(NCc1ccc(N2CCOCC2)cc1)c1cccc2cc[nH]c12,0.6771376,0.6771,-5.1660700,-5.1661,0.9989132,425.9160,0.0000020,4.2824,1.0000000,63.5700,1.0000000,1.0000,1.0000000,5.0000,0.9467598,1.0000,0.9693466,4.0000,0.9789100,30.0000,0.9440831,376.3520,0.9153747,2.9318,1.0000000,0.2839,3.4476392,3.4476,1.0000000,1.0000,[],3
16.9519,16.7289,-16.7289,0.0000000,CC1CN(c2ccc(C(C)NC(=O)c3cc(Cl)cc4ccn(C(=O)OC(C)(C)C)c34)cc2)CCN1,1,c1(C(NC(c2ccc([*])cc2)C)=O)c2c(ccn2[*])cc(Cl)c1,C1CNC(C)CN1*|C(C)(OC(=O)*)(C)C,O=C(NCc1ccc(N2CCNCC2)cc1)c1cccc2cc[nH]c12,0.0000000,0.0000,0.0000000,0.0000,0.0000000,0.0000,0.0000000,0.0000,0.0000000,0.0000,0.0000000,0.0000,0.0000000,0.0000,0.0000000,0.0000,0.0000000,0.0000,0.0000000,0.0000,0.0000000,0.0000,0.0000000,0.0000,0.0000000,0.0000,0.0000000,0.0000,0.0000000,0.0000,"['C(=[O,S])[O,S]']",3
13.0564,13.0476,-13.0476,0.0000000,CC(NC(=O)c1cc(Cl)cc2ccn(C(=O)OC(C)(C)C)c12)c1ccc(N2CCN(C(=O)OC(C)(C)C)CC2)cc1,1,c1(C(NC(c2ccc([*])cc2)C)=O)c2c(ccn2[*])cc(Cl)c1,C1N(*)CCN(C(OC(C)(C)C)=O)C1|CC(OC(*)=O)(C)C,O=C(NCc1ccc(N2CCNCC2)cc1)c1cccc2cc[nH]c12,0.0000000,0.0000,0.0000000,0.0000,0.0000000,0.0000,0.0000000,0.0000,0.0000000,0.0000,0.0000000,0.0000,0.0000000,0.0000,0.0000000,0.0000,0.0000000,0.0000,0.0000000,0.0000,0.0000000,0.0000,0.0000000,0.0000,0.0000000,0.0000,0.0000000,0.0000,0.0000000,0.0000,"['C(=[O,S])[O,S]']",3
10.1442,9.4926,-9.4926,0.0000000,CC(NC(=O)c1cc(Cl)cc2ccn(C(=O)OC(C)(C)C)c12)c1ccc(N2CCN(C)CC2)cc1,1,c1(C(NC(c2ccc([*])cc2)C)=O)c2c(ccn2[*])cc(Cl)c1,C1N(*)CCN(C)C1|C(=O)(OC(C)(C)C)*,O=C(NCc1ccc(N2CCNCC2)cc1)c1cccc2cc[nH]c12,0.0000000,0.0000,0.0000000,0.0000,0.0000000,0.0000,0.0000000,0.0000,0.0000000,0.0000,0.0000000,0.0000,0.0000000,0.0000,0.0000000,0.0000,0.0000000,0.0000,0.0000000,0.0000,0.0000000,0.0000,0.0000000,0.0000,0.0000000,0.0000,0.0000000,0.0000,0.0000000,0.0000,"['C(=[O,S])[O,S]']",3
7.8187,8.6926,-8.6926,0.0000000,CC(NC(=O)c1cc(Cl)cc2ccn(C(=O)OC(C)(C)C)c12)c1ccc(N2CCN(C)CC2)cc1,2,c1(C(NC(c2ccc([*])cc2)C)=O)c2c(ccn2[*])cc(Cl)c1,C1N(*)CCN(C)C1|CC(C)(C)OC(=O)*,O=C(NCc1ccc(N2CCNCC2)cc1)c1cccc2cc[nH]c12,0.0000000,0.0000,0.0000000,0.0000,0.0000000,0.0000,0.0000000,0.0000,0.0000000,0.0000,0.0000000,0.0000,0.0000000,0.0000,0.0000000,0.0000,0.0000000,0.0000,0.0000000,0.0000,0.0000000,0.0000,0.0000000,0.0000,0.0000000,0.0000,0.0000000,0.0000,0.0000000,0.0000,"['C(=[O,S])[O,S]']",3
8.0910,8.7615,-8.7615,0.0000000,CC(NC(=O)c1cc(Cl)cc2ccn(C(=O)OC(C)(C)C)c12)c1ccc(N2CCOCC2)cc1,1,c1(C(NC(c2ccc([*])cc2)C)=O)c2c(ccn2[*])cc(Cl)c1,C1N(*)CCOC1|CC(OC(=O)*)(C)C,O=C(NCc1ccc(N2CCOCC2)cc1)c1cccc2cc[nH]c12,0.0000000,0.0000,0.0000000,0.0000,0.0000000,0.0000,0.0000000,0.0000,0.0000000,0.0000,0.0000000,0.0000,0.0000000,0.0000,0.0000000,0.0000,0.0000000,0.0000,0.0000000,0.0000,0.0000000,0.0000,0.0000000,0.0000,0.0000000,0.0000,0.0000000,0.0000,0.0000000,0.0000,"['C(=[O,S])[O,S]']",3
11.6560,11.5600,-11.5600,0.0000000,CC(NC(=O)c1cc(Cl)cc2ccn(C(=O)OC(C)(C)C)c12)c1ccc(N2CC[S+]([O-])CC2)cc1,1,c1(C(NC(c2ccc([*])cc2)C)=O)c2c(ccn2[*])cc(Cl)c1,C1N(*)CC[S+]([O-])C1|*C(=O)OC(C)(C)C,O=C(NCc1ccc(N2CC[SH+]CC2)cc1)c1cccc2cc[nH]c12,0.0000000,0.0000,0.0000000,0.0000,0.0000000,0.0000,0.0000000,0.0000,0.0000000,0.0000,0.0000000,0.0000,0.0000000,0.0000,0.0000000,0.0000,0.0000000,0.0000,0.0000000,0.0000,0.0000000,0.0000,0.0000000,0.0000,0.0000000,0.0000,0.0000000,0.0000,0.0000000,0.0000,"['C(=[O,S])[O,S]']",3
17.6095,18.1902,-18.1902,0.0000000,CC(NC(=O)c1cc(Cl)cc2ccn(C(=O)OC(C)(C)C)c12)c1ccc(N2CCCNCCC2)cc1,1,c1(C(NC(c2ccc([*])cc2)C)=O)c2c(ccn2[*])cc(Cl)c1,C1NCCCN(*)CC1|O(C(*)=O)C(C)(C)C,O=C(NCc1ccc(N2CCCNCCC2)cc1)c1cccc2cc[nH]c12,0.0000000,0.0000,0.0000000,0.0000,0.0000000,0.0000,0.0000000,0.0000,0.0000000,0.0000,0.0000000,0.0000,0.0000000,0.0000,0.0000000,0.0000,0.0000000,0.0000,0.0000000,0.0000,0.0000000,0.0000,0.0000000,0.0000,0.0000000,0.0000,0.0000000,0.0000,0.0000000,0.0000,"['[*;r8]', 'C(=[O,S])[O,S]']",3
11.5886,12.4426,-12.4426,0.0000000,CC(=O)n1ccc2cc(Cl)cc(C(=O)NC(C)c3ccc(N4CCNCC4)cc3)c21,2,c1(C(NC(c2ccc([*])cc2)C)=O)c2c(ccn2[*])cc(Cl)c1,C1NCCN(*)C1|C(C)(*)=O,O=C(NCc1ccc(N2CCNCC2)cc1)c1cccc2cc[nH]c12,0.0000000,0.6671,-0.0000000,-7.4974,0.0000000,424.9320,0.0000000,3.8554,0.0000000,66.3700,0.0000000,1.0000,0.0000000,5.0000,0.0000000,2.0000,0.0000000,4.0000,0.0000000,30.0000,0.0000000,378.2320,0.0000000,3.0082,0.0000000,0.5531,0.0000000,2.4928,0.0000000,1.0000,[],3
22.7771,22.5564,-21.5226,0.0020676,CC(NC(=O)c1cc(Cl)cc2ccn(Cc3cccc(Cl)c3F)c12)c1ccc(N2CCOCC2)cc1,1,c1(C(NC(c2ccc([*])cc2)C)=O)c2c(ccn2[*])cc(Cl)c1,C1OCCN(*)C1|c1c(Cl)c(F)c(C*)cc1,O=C(NCc1ccc(N2CCOCC2)cc1)c1cccc2ccn(Cc3ccccc3)c12,0.3137057,0.3137,-10.3857900,-10.3858,0.0805332,526.4390,0.0000000,6.4631,0.9999998,46.5000,1.0000000,1.0000,1.0000000,4.0000,0.9467598,1.0000,0.9090909,6.0000,0.9362164,36.0000,0.5207880,447.8320,0.9092301,2.9985,0.0000000,0.7549,3.7738276,3.7738,1.0000000,1.0000,[],3
22.4634,24.8981,-5.9683,0.0378596,CC(=O)n1ccc2cc(Cl)cc(C(=O)NC(C)c3ccc(-c4nc5c([nH]4)CCN(C)CC5)cc3)c21,1,c1(C(NC(c2ccc([*])cc2)C)=O)c2c(ccn2[*])cc(Cl)c1,C1c2nc(*)[nH]c2CCN(C)C1|*C(=O)C,O=C(NCc1ccc(-c2nc3c([nH]2)CCNCC3)cc1)c1cccc2cc[nH]c12,0.4282985,0.4283,-8.1191700,-8.1192,0.7151216,490.0070,0.0000001,4.8663,1.0000000,83.0200,1.0000000,1.0000,1.0000000,5.0000,0.5000000,2.0000,0.9693466,4.0000,0.9467598,35.0000,0.6426777,434.7040,0.8706321,3.3440,0.9999978,0.4434,2.8726451,2.8726,1.0000000,1.0000,[],3
9.5279,8.7991,-8.7991,0.0000000,CC(=O)n1ccc2cc(Cl)cc(C(=O)NC(C)c3ccc(C(C)(C)C)cc3)c21,2,c1(C(NC(c2ccc([*])cc2)C)=O)c2c(ccn2[*])cc(Cl)c1,CC(*)(C)C|C(=O)(C)*,O=C(NCc1ccccc1)c1cccc2cc[nH]c12,0.0000000,0.6129,-0.0000000,-7.9376,0.0000000,396.9180,0.0000000,5.7433,0.0000000,51.1000,0.0000000,1.0000,0.0000000,3.0000,0.0000000,1.0000,0.0000000,3.0000,0.0000000,28.0000,0.0000000,363.4800,0.0000000,2.8884,0.0000000,0.6820,0.0000000,4.1704,0.0000000,1.0000,[],3
8.9589,9.3582,-9.3582,0.0000000,CC(=O)n1ccc2cc(Cl)cc(C(=O)NC(C)c3ccc(C(C)(C)C)cc3)c21,2,c1(C(NC(c2ccc([*])cc2)C)=O)c2c(ccn2[*])cc(Cl)c1,CC(*)(C)C|C(C)(=O)*,O=C(NCc1ccccc1)c1cccc2cc[nH]c12,0.0000000,0.6129,-0.0000000,-7.9376,0.0000000,396.9180,0.0000000,5.7433,0.0000000,51.1000,0.0000000,1.0000,0.0000000,3.0000,0.0000000,1.0000,0.0000000,3.0000,0.0000000,28.0000,0.0000000,363.4800,0.0000000,2.8884,0.0000000,0.6820,0.0000000,4.1704,0.0000000,1.0000,[],3
7.5762,8.2020,-8.2020,0.0000000,CC(=O)n1ccc2cc(Cl)cc(C(=O)NC(C)c3ccc(C(C)(C)C)cc3)c21,2,c1(C(NC(c2ccc([*])cc2)C)=O)c2c(ccn2[*])cc(Cl)c1,CC(C)(*)C|CC(*)=O,O=C(NCc1ccccc1)c1cccc2cc[nH]c12,0.0000000,0.6129,-0.0000000,-7.9376,0.0000000,396.9180,0.0000000,5.7433,0.0000000,51.1000,0.0000000,1.0000,0.0000000,3.0000,0.0000000,1.0000,0.0000000,3.0000,0.0000000,28.0000,0.0000000,363.4800,0.0000000,2.8884,0.0000000,0.6820,0.0000000,4.1704,0.0000000,1.0000,[],3
29.5086,31.3474,-31.3474,0.0000000,CC(NC(=O)c1cc(Cl)cc2ccn(C(=O)C(C)(C)C)c12)c1ccc(C#CC(C)(C)NCc2ccccc2)cc1,1,c1(C(NC(c2ccc([*])cc2)C)=O)c2c(ccn2[*])cc(Cl)c1,CC(C)(C#C*)NCc1ccccc1|CC(C)(C)C(=O)*,O=C(NCc1ccc(C#CCNCc2ccccc2)cc1)c1cccc2cc[nH]c12,0.0000000,0.0000,0.0000000,0.0000,0.0000000,0.0000,0.0000000,0.0000,0.0000000,0.0000,0.0000000,0.0000,0.0000000,0.0000,0.0000000,0.0000,0.0000000,0.0000,0.0000000,0.0000,0.0000000,0.0000,0.0000000,0.0000,0.0000000,0.0000,0.0000000,0.0000,0.0000000,0.0000,['C#C'],3
7.3505,5.9610,-5.9610,0.0000000,CC(NC(=O)c1cc(Cl)cc2ccn(C(=O)OC(C)(C)C)c12)c1ccc(C(C)(C)C)cc1,2,c1(C(NC(c2ccc([*])cc2)C)=O)c2c(ccn2[*])cc(Cl)c1,CC(C)(C)*|CC(C)(OC(=O)*)C,O=C(NCc1ccccc1)c1cccc2cc[nH]c12,0.0000000,0.0000,0.0000000,0.0000,0.0000000,0.0000,0.0000000,0.0000,0.0000000,0.0000,0.0000000,0.0000,0.0000000,0.0000,0.0000000,0.0000,0.0000000,0.0000,0.0000000,0.0000,0.0000000,0.0000,0.0000000,0.0000,0.0000000,0.0000,0.0000000,0.0000,0.0000000,0.0000,"['C(=[O,S])[O,S]']",3
8.8996,6.9972,-6.9972,0.0000000,CC(NC(=O)c1cc(Cl)cc2ccn(C(=O)OC(C)(C)C)c12)c1ccc(C(C)(C)C)cc1,2,c1(C(NC(c2ccc([*])cc2)C)=O)c2c(ccn2[*])cc(Cl)c1,CC(C)(C)*|CC(OC(*)=O)(C)C,O=C(NCc1ccccc1)c1cccc2cc[nH]c12,0.0000000,0.0000,0.0000000,0.0000,0.0000000,0.0000,0.0000000,0.0000,0.0000000,0.0000,0.0000000,0.0000,0.0000000,0.0000,0.0000000,0.0000,0.0000000,0.0000,0.0000000,0.0000,0.0000000,0.0000,0.0000000,0.0000,0.0000000,0.0000,0.0000000,0.0000,0.0000000,0.0000,"['C(=[O,S])[O,S]']",3
26.6695,27.0955,-27.0955,0.0000000,CC(NC(=O)c1cc(Cl)cc2ccn(C(=O)OC(C)(C)C)c12)c1ccc(-c2ccccc2C(C)(C)NS(C)(=O)=O)cc1,1,c1(C(NC(c2ccc([*])cc2)C)=O)c2c(ccn2[*])cc(Cl)c1,CC(NS(=O)(=O)C)(c1ccccc1*)C|C(OC(C)(C)C)(*)=O,O=C(NCc1ccc(-c2ccccc2)cc1)c1cccc2cc[nH]c12,0.0000000,0.0000,0.0000000,0.0000,0.0000000,0.0000,0.0000000,0.0000,0.0000000,0.0000,0.0000000,0.0000,0.0000000,0.0000,0.0000000,0.0000,0.0000000,0.0000,0.0000000,0.0000,0.0000000,0.0000,0.0000000,0.0000,0.0000000,0.0000,0.0000000,0.0000,0.0000000,0.0000,"['C(=[O,S])[O,S]']",3
18.4045,16.6978,-16.6978,0.0000000,CC(NC(=O)c1cc(Cl)cc2ccn(C(=O)OC(C)(C)C)c12)c1ccc(CCN(C)C(=O)OC(C)(C)C)cc1,1,c1(C(NC(c2ccc([*])cc2)C)=O)c2c(ccn2[*])cc(Cl)c1,CC(OC(N(C)CC*)=O)(C)C|CC(C)(C)OC(=O)*,O=C(NCc1ccccc1)c1cccc2cc[nH]c12,0.0000000,0.0000,0.0000000,0.0000,0.0000000,0.0000,0.0000000,0.0000,0.0000000,0.0000,0.0000000,0.0000,0.0000000,0.0000,0.0000000,0.0000,0.0000000,0.0000,0.0000000,0.0000,0.0000000,0.0000,0.0000000,0.0000,0.0000000,0.0000,0.0000000,0.0000,0.0000000,0.0000,"['C(=[O,S])[O,S]']",3
8.9537,9.5992,-9.5992,0.0000000,CCc1ccc(C(C)NC(=O)c2cc(Cl)cc3ccn(C(C)=O)c23)cc1,2,c1(C(NC(c2ccc([*])cc2)C)=O)c2c(ccn2[*])cc(Cl)c1,CC*|O=C(C)*,O=C(NCc1ccccc1)c1cccc2cc[nH]c12,0.0000000,0.7034,-0.0000000,-8.6762,0.0000000,368.8640,0.0000000,5.0082,0.0000000,51.1000,0.0000000,1.0000,0.0000000,3.0000,0.0000000,1.0000,0.0000000,4.0000,0.0000000,26.0000,0.0000000,330.3040,0.0000000,2.7997,0.0000000,0.5049,0.0000000,3.8611,0.0000000,1.0000,[],3
14.0215,13.4594,-13.4594,0.0000000,CCN(CC)c1ccc(C(C)NC(=O)c2cc(Cl)cc3ccn(C(=O)OC(C)(C)C)c23)cc1,1,c1(C(NC(c2ccc([*])cc2)C)=O)c2c(ccn2[*])cc(Cl)c1,CCN(*)CC|C(C)(OC(*)=O)(C)C,O=C(NCc1ccccc1)c1cccc2cc[nH]c12,0.0000000,0.0000,0.0000000,0.0000,0.0000000,0.0000,0.0000000,0.0000,0.0000000,0.0000,0.0000000,0.0000,0.0000000,0.0000,0.0000000,0.0000,0.0000000,0.0000,0.0000000,0.0000,0.0000000,0.0000,0.0000000,0.0000,0.0000000,0.0000,0.0000000,0.0000,0.0000000,0.0000,"['C(=[O,S])[O,S]']",3
11.9802,12.4511,-12.4511,0.0000000,CC(NC(=O)c1cc(Cl)cc2ccn(C(N)=O)c12)c1ccc(N(C)C)cc1,1,c1(C(NC(c2ccc([*])cc2)C)=O)c2c(ccn2[*])cc(Cl)c1,CN(*)C|C(=O)(*)N,O=C(NCc1ccccc1)c1cccc2cc[nH]c12,0.0000000,0.0000,0.0000000,0.0000,0.0000000,0.0000,0.0000000,0.0000,0.0000000,0.0000,0.0000000,0.0000,0.0000000,0.0000,0.0000000,0.0000,0.0000000,0.0000,0.0000000,0.0000,0.0000000,0.0000,0.0000000,0.0000,0.0000000,0.0000,0.0000000,0.0000,0.0000000,0.0000,['[NH2]'],3
8.5027,9.5282,14.1453,0.0473470,CC(=O)n1ccc2cc(Cl)cc(C(=O)NC(C)c3ccc(N(C)C)cc3)c21,1,c1(C(NC(c2ccc([*])cc2)C)=O)c2c(ccn2[*])cc(Cl)c1,CN(*)C|CC(=O)*,O=C(NCc1ccccc1)c1cccc2cc[nH]c12,0.7206092,0.7206,-7.6745900,-7.6746,0.9999774,383.8790,0.0000005,4.5118,1.0000000,54.3400,1.0000000,1.0000,1.0000000,4.0000,0.9467598,1.0000,0.9693466,4.0000,0.9880297,27.0000,0.9827947,344.5920,0.9184455,2.8968,1.0000000,0.0640,3.4139607,3.4140,1.0000000,1.0000,[],3
10.5971,13.1884,-13.1884,0.0000000,CC(NC(=O)c1cc(Cl)cc2ccn(C(=O)OCc3ccccc3)c12)c1ccc(N(C)C)cc1,1,c1(C(NC(c2ccc([*])cc2)C)=O)c2c(ccn2[*])cc(Cl)c1,CN(*)C|c1ccccc1COC(*)=O,O=C(NCc1ccccc1)c1cccc2ccn(C(=O)OCc3ccccc3)c12,0.0000000,0.0000,0.0000000,0.0000,0.0000000,0.0000,0.0000000,0.0000,0.0000000,0.0000,0.0000000,0.0000,0.0000000,0.0000,0.0000000,0.0000,0.0000000,0.0000,0.0000000,0.0000,0.0000000,0.0000,0.0000000,0.0000,0.0000000,0.0000,0.0000000,0.0000,0.0000000,0.0000,"['C(=[O,S])[O,S]']",3
10.7001,11.8407,-11.8407,0.0000000,CC(NC(=O)c1cc(Cl)cc2ccn(C(N)=O)c12)c1ccc(N(C)C)cc1,2,c1(C(NC(c2ccc([*])cc2)C)=O)c2c(ccn2[*])cc(Cl)c1,CN(C)*|*C(=O)N,O=C(NCc1ccccc1)c1cccc2cc[nH]c12,0.0000000,0.0000,0.0000000,0.0000,0.0000000,0.0000,0.0000000,0.0000,0.0000000,0.0000,0.0000000,0.0000,0.0000000,0.0000,0.0000000,0.0000,0.0000000,0.0000,0.0000000,0.0000,0.0000000,0.0000,0.0000000,0.0000,0.0000000,0.0000,0.0000000,0.0000,0.0000000,0.0000,['[NH2]'],3
9.1837,8.7591,-8.7591,0.0000000,CC(NC(=O)c1cc(Cl)cc2ccn(C(=O)OC(C)(C)C)c12)c1ccc(N(C)C)cc1,2,c1(C(NC(c2ccc([*])cc2)C)=O)c2c(ccn2[*])cc(Cl)c1,CN(C)*|C(*)(=O)OC(C)(C)C,O=C(NCc1ccccc1)c1cccc2cc[nH]c12,0.0000000,0.0000,0.0000000,0.0000,0.0000000,0.0000,0.0000000,0.0000,0.0000000,0.0000,0.0000000,0.0000,0.0000000,0.0000,0.0000000,0.0000,0.0000000,0.0000,0.0000000,0.0000,0.0000000,0.0000,0.0000000,0.0000,0.0000000,0.0000,0.0000000,0.0000,0.0000000,0.0000,"['C(=[O,S])[O,S]']",3
26.6611,25.1385,-25.1385,0.0000000,c1(C(NC(c2ccc([*])cc2)C)=O)c2c(ccn2[*])cc(Cl)c1Clc1c(=O)oc(*)n1C|CC(=O)*,0,c1(C(NC(c2ccc([*])cc2)C)=O)c2c(ccn2[*])cc(Cl)c1,Clc1c(=O)oc(*)n1C|CC(=O)*,,0.0000000,0.0000,0.0000000,0.0000,0.0000000,0.0000,0.0000000,0.0000,0.0000000,0.0000,0.0000000,0.0000,0.0000000,0.0000,0.0000000,0.0000,0.0000000,0.0000,0.0000000,0.0000,0.0000000,0.0000,0.0000000,0.0000,0.0000000,0.0000,0.0000000,0.0000,0.0000000,0.0000,None,3
9.6198,9.4015,-9.4015,0.0000000,CC(=O)n1ccc2cc(Cl)cc(C(=O)NC(C)c3ccc(C(F)(F)F)cc3)c21,2,c1(C(NC(c2ccc([*])cc2)C)=O)c2c(ccn2[*])cc(Cl)c1,FC(*)(F)F|C(*)(=O)C,O=C(NCc1ccccc1)c1cccc2cc[nH]c12,0.0000000,0.6249,-0.0000000,-10.5477,0.0000000,408.8070,0.0000000,5.4646,0.0000000,51.1000,0.0000000,1.0000,0.0000000,3.0000,0.0000000,1.0000,0.0000000,3.0000,0.0000000,28.0000,0.0000000,331.9440,0.0000000,2.9143,0.0000000,0.6741,0.0000000,4.3613,0.0000000,1.0000,[],3
7.8027,7.0784,-7.0784,0.0000000,CC(NC(=O)c1cc(Cl)cc2ccn(C(=O)OC(C)(C)C)c12)c1ccc(C(F)(F)F)cc1,1,c1(C(NC(c2ccc([*])cc2)C)=O)c2c(ccn2[*])cc(Cl)c1,FC(*)(F)F|CC(C)(OC(=O)*)C,O=C(NCc1ccccc1)c1cccc2cc[nH]c12,0.0000000,0.0000,0.0000000,0.0000,0.0000000,0.0000,0.0000000,0.0000,0.0000000,0.0000,0.0000000,0.0000,0.0000000,0.0000,0.0000000,0.0000,0.0000000,0.0000,0.0000000,0.0000,0.0000000,0.0000,0.0000000,0.0000,0.0000000,0.0000,0.0000000,0.0000,0.0000000,0.0000,"['C(=[O,S])[O,S]']",3
8.5457,8.4401,-8.4401,0.0000000,CC(=O)n1ccc2cc(Cl)cc(C(=O)NC(C)c3ccc(C(F)(F)F)cc3)c21,2,c1(C(NC(c2ccc([*])cc2)C)=O)c2c(ccn2[*])cc(Cl)c1,FC(*)(F)F|O=C(C)*,O=C(NCc1ccccc1)c1cccc2cc[nH]c12,0.0000000,0.6249,-0.0000000,-10.5477,0.0000000,408.8070,0.0000000,5.4646,0.0000000,51.1000,0.0000000,1.0000,0.0000000,3.0000,0.0000000,1.0000,0.0000000,3.0000,0.0000000,28.0000,0.0000000,331.9440,0.0000000,2.9143,0.0000000,0.6741,0.0000000,4.3613,0.0000000,1.0000,[],3
14.3808,11.9924,-11.9924,0.0000000,CC(NC(=O)c1cc(Cl)cc2ccn(C(=O)C(C)(C)O)c12)c1ccc(C(F)(F)F)cc1,1,c1(C(NC(c2ccc([*])cc2)C)=O)c2c(ccn2[*])cc(Cl)c1,FC(F)(F)*|CC(C(=O)*)(C)O,O=C(NCc1ccccc1)c1cccc2cc[nH]c12,0.0000000,0.0000,0.0000000,0.0000,0.0000000,0.0000,0.0000000,0.0000,0.0000000,0.0000,0.0000000,0.0000,0.0000000,0.0000,0.0000000,0.0000,0.0000000,0.0000,0.0000000,0.0000,0.0000000,0.0000,0.0000000,0.0000,0.0000000,0.0000,0.0000000,0.0000,0.0000000,0.0000,['[OH]'],3
7.7016,6.8887,-6.8887,0.0000000,CC(NC(=O)c1cc(Cl)cc2ccn(C(=O)OC(C)(C)C)c12)c1ccc(C(F)(F)F)cc1,2,c1(C(NC(c2ccc([*])cc2)C)=O)c2c(ccn2[*])cc(Cl)c1,FC(F)(F)*|CC(C)(C)OC(=O)*,O=C(NCc1ccccc1)c1cccc2cc[nH]c12,0.0000000,0.0000,0.0000000,0.0000,0.0000000,0.0000,0.0000000,0.0000,0.0000000,0.0000,0.0000000,0.0000,0.0000000,0.0000,0.0000000,0.0000,0.0000000,0.0000,0.0000000,0.0000,0.0000000,0.0000,0.0000000,0.0000,0.0000000,0.0000,0.0000000,0.0000,0.0000000,0.0000,"['C(=[O,S])[O,S]']",3
8.2309,6.7310,-6.7310,0.0000000,CC(NC(=O)c1cc(Cl)cc2ccn(C(=O)OC(C)(C)C)c12)c1ccc(C(F)(F)F)cc1,2,c1(C(NC(c2ccc([*])cc2)C)=O)c2c(ccn2[*])cc(Cl)c1,FC(F)(F)*|O=C(OC(C)(C)C)*,O=C(NCc1ccccc1)c1cccc2cc[nH]c12,0.0000000,0.0000,0.0000000,0.0000,0.0000000,0.0000,0.0000000,0.0000,0.0000000,0.0000,0.0000000,0.0000,0.0000000,0.0000,0.0000000,0.0000,0.0000000,0.0000,0.0000000,0.0000,0.0000000,0.0000,0.0000000,0.0000,0.0000000,0.0000,0.0000000,0.0000,0.0000000,0.0000,"['C(=[O,S])[O,S]']",3
17.6834,16.2747,-16.2747,0.0000000,CCNCCc1ccc(C(C)NC(=O)c2cc(Cl)cc3ccn(C(=O)OC(C)(C)C)c23)cc1,1,c1(C(NC(c2ccc([*])cc2)C)=O)c2c(ccn2[*])cc(Cl)c1,N(CC)CC*|CC(C)(C)OC(=O)*,O=C(NCc1ccccc1)c1cccc2cc[nH]c12,0.0000000,0.0000,0.0000000,0.0000,0.0000000,0.0000,0.0000000,0.0000,0.0000000,0.0000,0.0000000,0.0000,0.0000000,0.0000,0.0000000,0.0000,0.0000000,0.0000,0.0000000,0.0000,0.0000000,0.0000,0.0000000,0.0000,0.0000000,0.0000,0.0000000,0.0000,0.0000000,0.0000,"['C(=[O,S])[O,S]']",3
10.7563,10.3455,-10.3455,0.0000000,CC(NC(=O)c1cc(Cl)cc2ccn(C(=O)OC(C)(C)C)c12)c1ccc(N2CCCC2)cc1,1,c1(C(NC(c2ccc([*])cc2)C)=O)c2c(ccn2[*])cc(Cl)c1,N1(*)CCCC1|C(*)(=O)OC(C)(C)C,O=C(NCc1ccc(N2CCCC2)cc1)c1cccc2cc[nH]c12,0.0000000,0.0000,0.0000000,0.0000,0.0000000,0.0000,0.0000000,0.0000,0.0000000,0.0000,0.0000000,0.0000,0.0000000,0.0000,0.0000000,0.0000,0.0000000,0.0000,0.0000000,0.0000,0.0000000,0.0000,0.0000000,0.0000,0.0000000,0.0000,0.0000000,0.0000,0.0000000,0.0000,"['C(=[O,S])[O,S]']",3
19.1080,18.2126,-18.2126,0.0000000,CC(=O)n1ccc2cc(Cl)cc(C(=O)NC(C)c3ccc(C4(N)CC4)cc3)c21,1,c1(C(NC(c2ccc([*])cc2)C)=O)c2c(ccn2[*])cc(Cl)c1,NC1(*)CC1|C(C)(=O)*,O=C(NCc1ccc(C2CC2)cc1)c1cccc2cc[nH]c12,0.0000000,0.0000,0.0000000,0.0000,0.0000000,0.0000,0.0000000,0.0000,0.0000000,0.0000,0.0000000,0.0000,0.0000000,0.0000,0.0000000,0.0000,0.0000000,0.0000,0.0000000,0.0000,0.0000000,0.0000,0.0000000,0.0000,0.0000000,0.0000,0.0000000,0.0000,0.0000000,0.0000,['[NH2]'],3
16.8167,17.5051,-17.5051,0.0000000,CC(NC(=O)c1cc(Cl)cc2ccn(C(=O)OC(C)(C)C)c12)c1ccc(Cn2ccc3ccccc3c2=O)cc1,1,c1(C(NC(c2ccc([*])cc2)C)=O)c2c(ccn2[*])cc(Cl)c1,O=c1n(C*)ccc2ccccc12|O=C(*)OC(C)(C)C,O=C(NCc1ccc(Cn2ccc3ccccc3c2=O)cc1)c1cccc2cc[nH]c12,0.0000000,0.0000,0.0000000,0.0000,0.0000000,0.0000,0.0000000,0.0000,0.0000000,0.0000,0.0000000,0.0000,0.0000000,0.0000,0.0000000,0.0000,0.0000000,0.0000,0.0000000,0.0000,0.0000000,0.0000,0.0000000,0.0000,0.0000000,0.0000,0.0000000,0.0000,0.0000000,0.0000,"['C(=[O,S])[O,S]']",3
16.8758,16.5538,-16.5538,0.0000000,Cc1cc(-c2ccc(C(C)NC(=O)c3cc(Cl)cc4ccn(C(=O)OC(C)(C)C)c34)cc2)[nH]n1,1,c1(C(NC(c2ccc([*])cc2)C)=O)c2c(ccn2[*])cc(Cl)c1,[nH]1nc(C)cc1*|*C(=O)OC(C)(C)C,O=C(NCc1ccc(-c2ccn[nH]2)cc1)c1cccc2cc[nH]c12,0.0000000,0.0000,0.0000000,0.0000,0.0000000,0.0000,0.0000000,0.0000,0.0000000,0.0000,0.0000000,0.0000,0.0000000,0.0000,0.0000000,0.0000,0.0000000,0.0000,0.0000000,0.0000,0.0000000,0.0000,0.0000000,0.0000,0.0000000,0.0000,0.0000000,0.0000,0.0000000,0.0000,"['C(=[O,S])[O,S]']",3
12.6255,13.9454,-12.5791,0.0027326,CC(NC(=O)c1cc(Cl)cc2ccn(C(=O)c3ccccc3Cl)c12)c1ccc(-c2ccccc2)cc1,1,c1(C(NC(c2ccc([*])cc2)C)=O)c2c(ccn2[*])cc(Cl)c1,c1(*)ccccc1|*C(c1ccccc1Cl)=O,O=C(NCc1ccc(-c2ccccc2)cc1)c1cccc2ccn(C(=O)c3ccccc3)c12,0.2608232,0.2608,-6.7035100,-6.7035,0.2250637,513.4240,0.0000000,7.7946,1.0000000,51.1000,1.0000000,1.0000,1.0000000,3.0000,0.9467598,1.0000,0.9467598,5.0000,0.9362164,36.0000,0.6286005,436.2880,0.9252676,2.8145,0.0000000,0.8200,4.5593181,4.5593,1.0000000,1.0000,[],3
8.2214,10.4056,-4.8926,0.0110260,CC(=O)n1ccc2cc(Cl)cc(C(=O)NC(C)c3ccc(-c4ccccc4)cc3)c21,1,c1(C(NC(c2ccc([*])cc2)C)=O)c2c(ccn2[*])cc(Cl)c1,c1(*)ccccc1|O=C(*)C,O=C(NCc1ccc(-c2ccccc2)cc1)c1cccc2cc[nH]c12,0.4357932,0.4358,-7.4670800,-7.4671,0.9995256,416.9080,0.0000000,6.1128,1.0000000,51.1000,1.0000000,1.0000,1.0000000,3.0000,0.9467598,1.0000,0.9693466,4.0000,0.9789100,30.0000,0.9541086,370.9280,0.9317604,2.7295,0.0000154,0.5481,4.2139792,4.2140,1.0000000,1.0000,[],3
11.0864,13.2592,8.7918,0.0441020,CC(=O)n1ccc2cc(Cl)cc(C(=O)NC(C)c3ccc(-c4cccnc4)cc3)c21,1,c1(C(NC(c2ccc([*])cc2)C)=O)c2c(ccn2[*])cc(Cl)c1,c1(*)cccnc1|*C(=O)C,O=C(NCc1ccc(-c2cccnc2)cc1)c1cccc2cc[nH]c12,0.4759411,0.4759,-8.3497300,-8.3497,0.9994805,417.8960,0.0000000,5.5078,1.0000000,63.9900,1.0000000,1.0000,1.0000000,4.0000,0.9467598,1.0000,0.9693466,4.0000,0.9789100,30.0000,0.9601226,367.1040,0.9197583,2.8815,1.0000000,0.3912,3.4619756,3.4620,1.0000000,1.0000,[],3
15.4183,15.3135,-15.3135,0.0000000,CC(NC(=O)c1cc(Cl)cc2ccn(C(=O)OC(C)(C)C)c12)c1ccc(-c2cccs2)cc1,1,c1(C(NC(c2ccc([*])cc2)C)=O)c2c(ccn2[*])cc(Cl)c1,c1(*)cccs1|*C(OC(C)(C)C)=O,O=C(NCc1ccc(-c2cccs2)cc1)c1cccc2cc[nH]c12,0.0000000,0.0000,0.0000000,0.0000,0.0000000,0.0000,0.0000000,0.0000,0.0000000,0.0000,0.0000000,0.0000,0.0000000,0.0000,0.0000000,0.0000,0.0000000,0.0000,0.0000000,0.0000,0.0000000,0.0000,0.0000000,0.0000,0.0000000,0.0000,0.0000000,0.0000,0.0000000,0.0000,"['C(=[O,S])[O,S]']",3
12.8117,15.0712,-15.0712,0.0000000,CC(NC(=O)c1cc(Cl)cc2ccn(C(N)=O)c12)c1ccc(-c2ccncc2)cc1,1,c1(C(NC(c2ccc([*])cc2)C)=O)c2c(ccn2[*])cc(Cl)c1,c1(*)ccncc1|NC(=O)*,O=C(NCc1ccc(-c2ccncc2)cc1)c1cccc2cc[nH]c12,0.0000000,0.0000,0.0000000,0.0000,0.0000000,0.0000,0.0000000,0.0000,0.0000000,0.0000,0.0000000,0.0000,0.0000000,0.0000,0.0000000,0.0000,0.0000000,0.0000,0.0000000,0.0000,0.0000000,0.0000,0.0000000,0.0000,0.0000000,0.0000,0.0000000,0.0000,0.0000000,0.0000,['[NH2]'],3
19.3260,21.4577,-21.4577,0.0000000,CCNC(=O)n1ccc2cc(Cl)cc(C(=O)NC(C)c3ccc(-c4ccccc4C(N)=O)cc3)c21,1,c1(C(NC(c2ccc([*])cc2)C)=O)c2c(ccn2[*])cc(Cl)c1,c1(C(N)=O)c(*)cccc1|O=C(NCC)*,O=C(NCc1ccc(-c2ccccc2)cc1)c1cccc2cc[nH]c12,0.0000000,0.0000,0.0000000,0.0000,0.0000000,0.0000,0.0000000,0.0000,0.0000000,0.0000,0.0000000,0.0000,0.0000000,0.0000,0.0000000,0.0000,0.0000000,0.0000,0.0000000,0.0000,0.0000000,0.0000,0.0000000,0.0000,0.0000000,0.0000,0.0000000,0.0000,0.0000000,0.0000,['[NH2]'],3
14.2043,14.6871,-14.6871,0.0000000,CC(NC(=O)c1cc(Cl)cc2ccn(C(=O)OC(C)(C)C)c12)c1ccc(NCc2ccccc2)cc1,1,c1(C(NC(c2ccc([*])cc2)C)=O)c2c(ccn2[*])cc(Cl)c1,c1(CN*)ccccc1|O(C(=O)*)C(C)(C)C,O=C(NCc1ccc(NCc2ccccc2)cc1)c1cccc2cc[nH]c12,0.0000000,0.0000,0.0000000,0.0000,0.0000000,0.0000,0.0000000,0.0000,0.0000000,0.0000,0.0000000,0.0000,0.0000000,0.0000,0.0000000,0.0000,0.0000000,0.0000,0.0000000,0.0000,0.0000000,0.0000,0.0000000,0.0000,0.0000000,0.0000,0.0000000,0.0000,0.0000000,0.0000,"['C(=[O,S])[O,S]']",3
13.2929,15.8177,-15.8177,0.0000000,CCOc1ccc(-c2ccc(C(C)NC(=O)c3cc(Cl)cc4ccn(C(=O)OC(C)(C)C)c34)cc2)cc1,1,c1(C(NC(c2ccc([*])cc2)C)=O)c2c(ccn2[*])cc(Cl)c1,c1(OCC)ccc(*)cc1|CC(C)(C)OC(=O)*,O=C(NCc1ccc(-c2ccccc2)cc1)c1cccc2cc[nH]c12,0.0000000,0.0000,0.0000000,0.0000,0.0000000,0.0000,0.0000000,0.0000,0.0000000,0.0000,0.0000000,0.0000,0.0000000,0.0000,0.0000000,0.0000,0.0000000,0.0000,0.0000000,0.0000,0.0000000,0.0000,0.0000000,0.0000,0.0000000,0.0000,0.0000000,0.0000,0.0000000,0.0000,"['C(=[O,S])[O,S]']",3
40.0309,39.0438,-39.0438,0.0000000,CC(NC(=O)c1cc(Cl)cc2ccn(C(=O)OC(C)(C)C)c12)c1ccc(-c2ccc3c(c2C2(C)COC2)C(=O)N(CC2CC2)C3)cc1,1,c1(C(NC(c2ccc([*])cc2)C)=O)c2c(ccn2[*])cc(Cl)c1,c12ccc(*)c(C3(C)COC3)c1C(=O)N(CC1CC1)C2|CC(C)(C)OC(*)=O,O=C(NCc1ccc(-c2ccc3c(c2C2COC2)C(=O)N(CC2CC2)C3)cc1)c1cccc2cc[nH]c12,0.0000000,0.0000,0.0000000,0.0000,0.0000000,0.0000,0.0000000,0.0000,0.0000000,0.0000,0.0000000,0.0000,0.0000000,0.0000,0.0000000,0.0000,0.0000000,0.0000,0.0000000,0.0000,0.0000000,0.0000,0.0000000,0.0000,0.0000000,0.0000,0.0000000,0.0000,0.0000000,0.0000,"['C(=[O,S])[O,S]']",3
31.0449,29.5283,-25.6205,0.0078157,CC(NC(=O)c1cc(Cl)cc2ccn(C(=O)N(C(C)C)C(C)C)c12)c1ccc(Cn2ncc3nccnc32)cc1,1,c1(C(NC(c2ccc([*])cc2)C)=O)c2c(ccn2[*])cc(Cl)c1,c12cnn(C*)c1nccn2|O=C(*)N(C(C)C)C(C)C,O=C(NCc1ccc(Cn2ncc3nccnc32)cc1)c1cccc2cc[nH]c12,0.2621336,0.2621,-9.1240000,-9.1240,0.0047261,558.0860,0.0000000,6.0606,0.9999990,97.9400,1.0000000,1.0000,0.9999900,7.0000,0.9467598,1.0000,0.8490205,7.0000,0.8720069,40.0000,0.1357589,498.2320,0.8464488,3.5173,0.1215646,0.5086,3.7386100,3.7386,1.0000000,1.0000,[],3
15.9031,16.4171,-2.8189,0.0271964,CC(NC(=O)c1cc(Cl)cc2ccn(C=O)c12)c1ccc(-c2cn[nH]c2)cc1,1,c1(C(NC(c2ccc([*])cc2)C)=O)c2c(ccn2[*])cc(Cl)c1,c1[nH]ncc1*|O=C*,O=C(NCc1ccc(-c2cn[nH]c2)cc1)c1cccc2cc[nH]c12,0.4990136,0.4990,-8.2618300,-8.2618,0.9999483,392.8460,0.0000029,4.2141,1.0000000,79.7800,1.0000000,1.0000,1.0000000,4.0000,0.5000000,2.0000,0.9467598,5.0000,0.9855343,28.0000,0.9873888,336.3760,0.8859482,3.2194,0.0289230,0.5153,2.9875505,2.9876,1.0000000,1.0000,[],3
24.4218,27.0435,-27.0435,0.0000000,CCOC(=O)n1ccc2cc(Cl)cc(C(=O)NC(C)c3ccc(-c4ccc(-c5nccn5C5CCOCC5)cc4)cc3)c21,1,c1(C(NC(c2ccc([*])cc2)C)=O)c2c(ccn2[*])cc(Cl)c1,c1c(*)ccc(-c2n(C3CCOCC3)ccn2)c1|O(C(=O)*)CC,O=C(NCc1ccc(-c2ccc(-c3nccn3C3CCOCC3)cc2)cc1)c1cccc2cc[nH]c12,0.0000000,0.0000,0.0000000,0.0000,0.0000000,0.0000,0.0000000,0.0000,0.0000000,0.0000,0.0000000,0.0000,0.0000000,0.0000,0.0000000,0.0000,0.0000000,0.0000,0.0000000,0.0000,0.0000000,0.0000,0.0000000,0.0000,0.0000000,0.0000,0.0000000,0.0000,0.0000000,0.0000,"['C(=[O,S])[O,S]']",3
12.4493,16.0157,-16.0157,0.0000000,CC(NC(=O)c1cc(Cl)cc2ccn(C(=O)OC(C)(C)C)c12)c1ccc(-c2ccc(C#N)cc2)cc1,1,c1(C(NC(c2ccc([*])cc2)C)=O)c2c(ccn2[*])cc(Cl)c1,c1c(*)ccc(C#N)c1|CC(OC(=O)*)(C)C,O=C(NCc1ccc(-c2ccccc2)cc1)c1cccc2cc[nH]c12,0.0000000,0.0000,0.0000000,0.0000,0.0000000,0.0000,0.0000000,0.0000,0.0000000,0.0000,0.0000000,0.0000,0.0000000,0.0000,0.0000000,0.0000,0.0000000,0.0000,0.0000000,0.0000,0.0000000,0.0000,0.0000000,0.0000,0.0000000,0.0000,0.0000000,0.0000,0.0000000,0.0000,"['C(=[O,S])[O,S]']",3
7.5859,8.1956,-8.1956,0.0000000,CC(NC(=O)c1cc(Cl)cc2ccn(C(=O)OC(C)(C)C)c12)c1ccc(-c2ccccc2)cc1,2,c1(C(NC(c2ccc([*])cc2)C)=O)c2c(ccn2[*])cc(Cl)c1,c1c(*)cccc1|*C(=O)OC(C)(C)C,O=C(NCc1ccc(-c2ccccc2)cc1)c1cccc2cc[nH]c12,0.0000000,0.0000,0.0000000,0.0000,0.0000000,0.0000,0.0000000,0.0000,0.0000000,0.0000,0.0000000,0.0000,0.0000000,0.0000,0.0000000,0.0000,0.0000000,0.0000,0.0000000,0.0000,0.0000000,0.0000,0.0000000,0.0000,0.0000000,0.0000,0.0000000,0.0000,0.0000000,0.0000,"['C(=[O,S])[O,S]']",3
12.7746,11.1368,-11.1368,0.0000000,CC(NC(=O)c1cc(Cl)cc2ccn(C(=O)OC(C)(C)C)c12)c1ccc(-c2cc[nH]n2)cc1,1,c1(C(NC(c2ccc([*])cc2)C)=O)c2c(ccn2[*])cc(Cl)c1,c1c[nH]nc1*|O(C(=O)*)C(C)(C)C,O=C(NCc1ccc(-c2cc[nH]n2)cc1)c1cccc2cc[nH]c12,0.0000000,0.0000,0.0000000,0.0000,0.0000000,0.0000,0.0000000,0.0000,0.0000000,0.0000,0.0000000,0.0000,0.0000000,0.0000,0.0000000,0.0000,0.0000000,0.0000,0.0000000,0.0000,0.0000000,0.0000,0.0000000,0.0000,0.0000000,0.0000,0.0000000,0.0000,0.0000000,0.0000,"['C(=[O,S])[O,S]']",3
11.4609,11.4375,-11.4375,0.0000000,CC(NC(=O)c1cc(Cl)cc2ccn(C(=O)OC(C)(C)C)c12)c1ccc(-c2ccncc2)cc1,1,c1(C(NC(c2ccc([*])cc2)C)=O)c2c(ccn2[*])cc(Cl)c1,c1cc(*)ccn1|*C(OC(C)(C)C)=O,O=C(NCc1ccc(-c2ccncc2)cc1)c1cccc2cc[nH]c12,0.0000000,0.0000,0.0000000,0.0000,0.0000000,0.0000,0.0000000,0.0000,0.0000000,0.0000,0.0000000,0.0000,0.0000000,0.0000,0.0000000,0.0000,0.0000000,0.0000,0.0000000,0.0000,0.0000000,0.0000,0.0000000,0.0000,0.0000000,0.0000,0.0000000,0.0000,0.0000000,0.0000,"['C(=[O,S])[O,S]']",3
10.9417,13.0148,-13.0148,0.0000000,CCOC(=O)n1ccc2cc(Cl)cc(C(=O)NC(C)c3ccc(-c4ccccc4)cc3)c21,1,c1(C(NC(c2ccc([*])cc2)C)=O)c2c(ccn2[*])cc(Cl)c1,c1ccc(*)cc1|O=C(*)OCC,O=C(NCc1ccc(-c2ccccc2)cc1)c1cccc2cc[nH]c12,0.0000000,0.0000,0.0000000,0.0000,0.0000000,0.0000,0.0000000,0.0000,0.0000000,0.0000,0.0000000,0.0000,0.0000000,0.0000,0.0000000,0.0000,0.0000000,0.0000,0.0000000,0.0000,0.0000000,0.0000,0.0000000,0.0000,0.0000000,0.0000,0.0000000,0.0000,0.0000000,0.0000,"['C(=[O,S])[O,S]']",3
31.6610,33.7186,-33.7186,0.0000000,CC(NC(=O)c1cc(Cl)cc2ccn(C(=O)OC(C)(C)C)c12)c1ccc(-c2nc(-c3ccccc3)ccc2CN(C)Cc2ccccc2)cc1,1,c1(C(NC(c2ccc([*])cc2)C)=O)c2c(ccn2[*])cc(Cl)c1,c1ccc(-c2ccc(CN(C)Cc3ccccc3)c(*)n2)cc1|*C(OC(C)(C)C)=O,O=C(NCc1ccc(-c2nc(-c3ccccc3)ccc2CNCc2ccccc2)cc1)c1cccc2cc[nH]c12,0.0000000,0.0000,0.0000000,0.0000,0.0000000,0.0000,0.0000000,0.0000,0.0000000,0.0000,0.0000000,0.0000,0.0000000,0.0000,0.0000000,0.0000,0.0000000,0.0000,0.0000000,0.0000,0.0000000,0.0000,0.0000000,0.0000,0.0000000,0.0000,0.0000000,0.0000,0.0000000,0.0000,"['C(=[O,S])[O,S]']",3
10.1202,13.3175,-13.3175,0.0000000,CC(=O)n1ccc2cc(Cl)cc(C(=O)NC(C)c3ccc(-c4cccnc4)cc3)c21,2,c1(C(NC(c2ccc([*])cc2)C)=O)c2c(ccn2[*])cc(Cl)c1,c1ccncc1*|CC(=O)*,O=C(NCc1ccc(-c2cccnc2)cc1)c1cccc2cc[nH]c12,0.0000000,0.4759,-0.0000000,-8.3497,0.0000000,417.8960,0.0000000,5.5078,0.0000000,63.9900,0.0000000,1.0000,0.0000000,4.0000,0.0000000,1.0000,0.0000000,4.0000,0.0000000,30.0000,0.0000000,367.1040,0.0000000,2.8815,0.0000000,0.3912,0.0000000,3.4620,0.0000000,1.0000,[],3
11.8515,14.0869,-14.0869,0.0000000,CC(NC(=O)c1cc(Cl)cc2ccn(C(=O)OC(C)(C)C)c12)c1ccc(-c2ccccn2)cc1,1,c1(C(NC(c2ccc([*])cc2)C)=O)c2c(ccn2[*])cc(Cl)c1,c1cnc(*)cc1|O=C(*)OC(C)(C)C,O=C(NCc1ccc(-c2ccccn2)cc1)c1cccc2cc[nH]c12,0.0000000,0.0000,0.0000000,0.0000,0.0000000,0.0000,0.0000000,0.0000,0.0000000,0.0000,0.0000000,0.0000,0.0000000,0.0000,0.0000000,0.0000,0.0000000,0.0000,0.0000000,0.0000,0.0000000,0.0000,0.0000000,0.0000,0.0000000,0.0000,0.0000000,0.0000,0.0000000,0.0000,"['C(=[O,S])[O,S]']",3
15.4311,17.6337,3.8121,0.0428916,CC(NC(=O)c1cc(Cl)cc2ccn(C(=O)N(C)C)c12)c1ccc(-c2cn[nH]c2)cc1,1,c1(C(NC(c2ccc([*])cc2)C)=O)c2c(ccn2[*])cc(Cl)c1,c1n[nH]cc1*|N(C)(C(=O)*)C,O=C(NCc1ccc(-c2cn[nH]c2)cc1)c1cccc2cc[nH]c12,0.4867828,0.4868,-7.7586900,-7.7587,0.9972747,435.9150,0.0000001,4.7055,1.0000000,83.0200,1.0000000,1.0000,1.0000000,4.0000,0.5000000,2.0000,0.9693466,4.0000,0.9745624,31.0000,0.9382035,379.1200,0.8872571,3.2081,1.0000000,0.4247,3.0640981,3.0641,1.0000000,1.0000,[],3
13.6368,17.7770,-15.8040,0.0039460,CC(NC(=O)c1cc(Cl)cc2ccn(C(=O)NC(C)(C)C)c12)c1ccc(-c2cccnc2)cc1,1,c1(C(NC(c2ccc([*])cc2)C)=O)c2c(ccn2[*])cc(Cl)c1,c1ncc(*)cc1|O=C(NC(C)(C)C)*,O=C(NCc1ccc(-c2cccnc2)cc1)c1cccc2cc[nH]c12,0.3691960,0.3692,-10.6618300,-10.6618,0.9091517,474.9920,0.0000000,6.2039,1.0000000,76.0200,1.0000000,1.0000,1.0000000,4.0000,0.5000000,2.0000,0.9693466,4.0000,0.9556430,34.0000,0.7047603,427.3280,0.8998364,3.0931,0.0000000,0.5887,3.7092345,3.7092,1.0000000,1.0000,[],3
13.3102,14.6585,-14.6585,0.0000000,CC(NC(=O)c1cc(Cl)cc2ccn(C(=O)OC(C)(C)C)c12)c1ccc(Nc2cnccn2)cc1,1,c1(C(NC(c2ccc([*])cc2)C)=O)c2c(ccn2[*])cc(Cl)c1,c1ncc(N*)nc1|*C(=O)OC(C)(C)C,O=C(NCc1ccc(Nc2cnccn2)cc1)c1cccc2cc[nH]c12,0.0000000,0.0000,0.0000000,0.0000,0.0000000,0.0000,0.0000000,0.0000,0.0000000,0.0000,0.0000000,0.0000,0.0000000,0.0000,0.0000000,0.0000,0.0000000,0.0000,0.0000000,0.0000,0.0000000,0.0000,0.0000000,0.0000,0.0000000,0.0000,0.0000000,0.0000,0.0000000,0.0000,"['C(=[O,S])[O,S]']",3
20.9984,20.8902,-20.8901,0.0000000,CC(NC(=O)c1cc(Cl)cc2ccn(C(=O)OC(C)(C)C)c12)c1ccc(-c2ncnc3[nH]cnc23)cc1,1,c1(C(NC(c2ccc([*])cc2)C)=O)c2c(ccn2[*])cc(Cl)c1,n1c2c(*)ncnc2[nH]c1|C(C)(C)(C)OC(=O)*,O=C(NCc1ccc(-c2ncnc3[nH]cnc23)cc1)c1cccc2cc[nH]c12,0.0000000,0.0000,0.0000000,0.0000,0.0000000,0.0000,0.0000000,0.0000,0.0000000,0.0000,0.0000000,0.0000,0.0000000,0.0000,0.0000000,0.0000,0.0000000,0.0000,0.0000000,0.0000,0.0000000,0.0000,0.0000000,0.0000,0.0000000,0.0000,0.0000000,0.0000,0.0000000,0.0000,"['C(=[O,S])[O,S]']",3
20.2123,21.0698,-19.7577,0.0026241,CC(=O)n1ccc2cc(Cl)cc(C(=O)NC(C)c3ccc(-c4cccc(N5CCN(C)CC5)n4)cc3)c21,1,n1([*])ccc2cc(Cl)cc(C(NC(C)c3ccc([*])cc3)=O)c12,*C(=O)C|c1(N2CCN(C)CC2)cccc(*)n1,O=C(NCc1ccc(-c2cccc(N3CCNCC3)n2)cc1)c1cccc2cc[nH]c12,0.3923985,0.3924,-9.4183200,-9.4183,0.1857603,516.0450,0.0000000,5.2596,1.0000000,70.4700,1.0000000,1.0000,0.9999999,6.0000,0.9467598,1.0000,0.9467598,5.0000,0.9237530,37.0000,0.3944636,461.1680,0.8974468,3.1159,0.0000000,0.6334,3.5435650,3.5436,1.0000000,1.0000,[],4
13.0037,17.9566,-17.9565,0.0000000,CC(NC(=O)c1cc(Cl)cc2ccn(C(=O)N(C)C)c12)c1ccc(-c2ccncc2C(=O)O)cc1,1,n1([*])ccc2cc(Cl)cc(C(NC(C)c3ccc([*])cc3)=O)c12,*C(=O)N(C)C|OC(c1cnccc1*)=O,O=C(NCc1ccc(-c2ccncc2)cc1)c1cccc2cc[nH]c12,0.0000000,0.0000,0.0000000,0.0000,0.0000000,0.0000,0.0000000,0.0000,0.0000000,0.0000,0.0000000,0.0000,0.0000000,0.0000,0.0000000,0.0000,0.0000000,0.0000,0.0000000,0.0000,0.0000000,0.0000,0.0000000,0.0000,0.0000000,0.0000,0.0000000,0.0000,0.0000000,0.0000,"['C(=[O,S])[O,S]', '[OH]']",4
14.1891,16.8230,-6.1848,0.0212765,CC(NC(=O)c1cc(Cl)cc2ccn(C(=O)N(C)c3ccccc3)c12)c1ccc(N2CCOCC2)cc1,1,n1([*])ccc2cc(Cl)cc(C(NC(C)c3ccc([*])cc3)=O)c12,*C(=O)N(c1ccccc1)C|C1OCCN(*)C1,O=C(NCc1ccc(N2CCOCC2)cc1)c1cccc2ccn(C(=O)Nc3ccccc3)c12,0.3678395,0.3678,-6.1933600,-6.1934,0.1724406,517.0290,0.0000000,5.7268,1.0000000,66.8100,1.0000000,1.0000,1.0000000,5.0000,0.9467598,1.0000,0.9467598,5.0000,0.9237530,37.0000,0.4161414,458.8240,0.8966703,3.1232,0.1349757,0.5081,3.8113730,3.8114,1.0000000,1.0000,[],4
28.0814,31.2429,-31.2429,0.0000000,COc1ccc(-c2ccc(C(C)NC(=O)c3cc(Cl)cc4ccn(C(=O)NC(=O)OC(C)(C)C)c34)cc2)c(C#N)c1OC,1,n1([*])ccc2cc(Cl)cc(C(NC(C)c3ccc([*])cc3)=O)c12,*C(=O)NC(OC(C)(C)C)=O|COc1c(OC)ccc(*)c1C#N,O=C(NCc1ccc(-c2ccccc2)cc1)c1cccc2cc[nH]c12,0.0000000,0.0000,0.0000000,0.0000,0.0000000,0.0000,0.0000000,0.0000,0.0000000,0.0000,0.0000000,0.0000,0.0000000,0.0000,0.0000000,0.0000,0.0000000,0.0000,0.0000000,0.0000,0.0000000,0.0000,0.0000000,0.0000,0.0000000,0.0000,0.0000000,0.0000,0.0000000,0.0000,"['C(=[O,S])[O,S]']",4
34.1274,35.8961,-31.2662,0.0092597,CC(NC(=O)c1cc(Cl)cc2ccn(C(=O)NC3CC3C)c12)c1ccc(N2CCC3(C2)NCCN(C)C3=O)cc1,1,n1([*])ccc2cc(Cl)cc(C(NC(C)c3ccc([*])cc3)=O)c12,*C(=O)NC1CC1C|C1N(C)C(=O)C2(CN(*)CC2)NC1,O=C(NCc1ccc(N2CCC3(C2)NCCNC3=O)cc1)c1cccc2ccn(C(=O)NC3CC3)c12,0.4397259,0.4397,-5.4970400,-5.4970,0.0029827,563.1020,0.0000393,3.7623,0.9999987,98.7100,0.0000000,4.0000,0.9999999,6.0000,0.0532402,3.0000,0.9467598,5.0000,0.8720069,40.0000,0.1021990,506.6240,0.5707515,4.7525,1.0000000,0.4011,2.7853286,2.7853,1.0000000,1.0000,[],4
16.2008,18.0067,-16.0775,0.0038584,CC(NC(=O)c1cc(Cl)cc2ccn(C(=O)NC3CCCCCC3)c12)c1ccc(C(C)(C)C)cc1,1,n1([*])ccc2cc(Cl)cc(C(NC(C)c3ccc([*])cc3)=O)c12,*C(=O)NC1CCCCCC1|CC(*)(C)C,O=C(NCc1ccccc1)c1cccc2ccn(C(=O)NC3CCCCCC3)c12,0.3726055,0.3726,-1.8656500,-1.8657,0.6330546,494.0790,0.0000000,7.3637,1.0000000,63.1300,1.0000000,1.0000,1.0000000,3.0000,0.5000000,2.0000,0.9693466,4.0000,0.9467598,35.0000,0.3896340,461.6960,0.9023295,3.0688,0.0000000,0.8345,4.8491216,4.8491,1.0000000,1.0000,[],4
28.2049,31.2293,-30.9798,0.0004990,CC(NC(=O)c1cc(Cl)cc2ccn(C(=O)NCC34CC5CC(CC(C5)C3)C4)c12)c1ccc(N2CCCOCC2)cc1,1,n1([*])ccc2cc(Cl)cc(C(NC(C)c3ccc([*])cc3)=O)c12,*C(=O)NCC12CC3CC(CC(C1)C3)C2|C1COCCN(*)C1,O=C(NCc1ccc(N2CCCOCC2)cc1)c1cccc2ccn(C(=O)NCC34CC5CC(CC(C5)C3)C4)c12,0.3325111,0.3325,-5.7134300,-5.7134,0.0002708,589.1800,0.0000000,6.7865,1.0000000,75.6000,1.0000000,1.0000,1.0000000,5.0000,0.5000000,2.0000,0.9090909,6.0000,0.8227450,42.0000,0.0386156,533.7680,0.6284846,4.5434,0.0000000,0.7491,4.2147884,4.2148,1.0000000,1.0000,[],4
10.0379,11.3552,-9.0916,0.0045270,CCNC(=O)n1ccc2cc(Cl)cc(C(=O)NC(C)c3ccc(C(F)(F)F)cc3)c21,1,n1([*])ccc2cc(Cl)cc(C(NC(C)c3ccc([*])cc3)=O)c12,*C(=O)NCC|C(F)(F)(F)*,O=C(NCc1ccccc1)c1cccc2cc[nH]c12,0.5750840,0.5751,-10.8126700,-10.8127,0.9967450,437.8490,0.0000000,5.3821,1.0000000,63.1300,1.0000000,1.0000,1.0000000,3.0000,0.5000000,2.0000,0.9693466,4.0000,0.9789100,30.0000,0.9702281,359.2160,0.9072517,3.0192,0.0000000,0.7067,4.2391911,4.2392,1.0000000,1.0000,[],4
20.6570,26.3476,-16.8048,0.0190855,CCNC(=O)n1ccc2cc(Cl)cc(C(=O)NC(C)c3ccc(-c4ccc5nccnc5c4)cc3)c21,1,n1([*])ccc2cc(Cl)cc(C(NC(C)c3ccc([*])cc3)=O)c12,*C(=O)NCC|c12c(nccn1)ccc(*)c2,O=C(NCc1ccc(-c2ccc3nccnc3c2)cc1)c1cccc2cc[nH]c12,0.3126794,0.3127,-6.6838500,-6.6838,0.5462418,497.9860,0.0000000,5.9735,0.9999999,88.9100,1.0000000,1.0000,1.0000000,5.0000,0.5000000,2.0000,0.9467598,5.0000,0.9362164,36.0000,0.6529040,433.5360,0.8947691,3.1409,0.0087239,0.5206,3.4708550,3.4709,1.0000000,1.0000,[],4
19.2757,23.9095,-23.4573,0.0009044,CCNC(=O)n1ccc2cc(Cl)cc(C(=O)NC(C)c3ccc(-c4ccc(OC5CCN(C)CC5)nc4)cc3)c21,1,n1([*])ccc2cc(Cl)cc(C(NC(C)c3ccc([*])cc3)=O)c12,*C(=O)NCC|c1cc(OC2CCN(C)CC2)ncc1*,O=C(NCc1ccc(-c2ccc(OC3CCNCC3)nc2)cc1)c1cccc2cc[nH]c12,0.2942761,0.2943,-8.8657100,-8.8657,0.0039299,560.0980,0.0000000,5.8983,0.9999999,88.4900,1.0000000,1.0000,0.9999999,6.0000,0.5000000,2.0000,0.8490205,7.0000,0.8720069,40.0000,0.1142784,503.3600,0.8719302,3.3339,0.0000000,0.7320,3.2153287,3.2153,1.0000000,1.0000,[],4
20.2061,28.5893,-28.2591,0.0006603,CCN(CC)C1CCN(c2ccc(C(C)NC(=O)c3cc(Cl)cc4ccn(C(=O)NCc5ccccc5)c34)cc2)C1,1,n1([*])ccc2cc(Cl)cc(C(NC(C)c3ccc([*])cc3)=O)c12,*C(=O)NCc1ccccc1|C1(N(CC)CC)CCN(*)C1,O=C(NCc1ccc(N2CCCC2)cc1)c1cccc2ccn(C(=O)NCc3ccccc3)c12,0.2416910,0.2417,-9.8615300,-9.8615,0.0012982,572.1530,0.0000000,6.4641,1.0000000,69.6100,1.0000000,2.0000,1.0000000,5.0000,0.5000000,2.0000,0.6400650,9.0000,0.8490205,41.0000,0.0467868,528.5440,0.8499233,3.4939,0.0000000,0.9270,3.2769501,3.2770,1.0000000,1.0000,[],4
19.0243,25.5147,-22.0410,0.0069475,CC(NC(=O)c1cc(Cl)cc2ccn(C(=O)NCc3ccccc3)c12)c1ccc(-c2ccc(=O)n(C(F)F)c2)cc1,1,n1([*])ccc2cc(Cl)cc(C(NC(C)c3ccc([*])cc3)=O)c12,*C(=O)NCc1ccccc1|c1cc(*)cn(C(F)F)c1=O,O=C(NCc1ccc(-c2ccc(=O)[nH]c2)cc1)c1cccc2ccn(C(=O)NCc3ccccc3)c12,0.2249639,0.2250,-8.2103500,-8.2104,0.0009976,575.0150,0.0000000,6.7674,1.0000000,85.1300,1.0000000,1.0000,1.0000000,5.0000,0.5000000,2.0000,0.8490205,7.0000,0.8490205,41.0000,0.2117143,484.2560,0.8770249,3.2936,1.0000000,0.3621,4.3419242,4.3419,1.0000000,1.0000,[],4
23.8511,26.0077,-26.0077,0.0000000,CCOc1ccccc1C=NNC(=O)n1ccc2cc(Cl)cc(C(=O)NC(C)c3ccc(C(F)(F)F)cc3)c21,1,n1([*])ccc2cc(Cl)cc(C(NC(C)c3ccc([*])cc3)=O)c12,*C(=O)NN=Cc1ccccc1OCC|FC(F)(F)*,O=C(NCc1ccccc1)c1cccc2ccn(C(=O)NN=Cc3ccccc3)c12,0.0000000,0.0000,0.0000000,0.0000,0.0000000,0.0000,0.0000000,0.0000,0.0000000,0.0000,0.0000000,0.0000,0.0000000,0.0000,0.0000000,0.0000,0.0000000,0.0000,0.0000000,0.0000,0.0000000,0.0000,0.0000000,0.0000,0.0000000,0.0000,0.0000000,0.0000,0.0000000,0.0000,['[#7;!n][#7;!n]'],4
17.3339,15.3586,-15.3586,0.0000000,CC1CN(c2ccc(C(C)NC(=O)c3cc(Cl)cc4ccn(C(N)=O)c34)cc2)CCO1,1,n1([*])ccc2cc(Cl)cc(C(NC(C)c3ccc([*])cc3)=O)c12,*C(=O)N|C1N(*)CCOC1C,O=C(NCc1ccc(N2CCOCC2)cc1)c1cccc2cc[nH]c12,0.0000000,0.0000,0.0000000,0.0000,0.0000000,0.0000,0.0000000,0.0000,0.0000000,0.0000,0.0000000,0.0000,0.0000000,0.0000,0.0000000,0.0000,0.0000000,0.0000,0.0000000,0.0000,0.0000000,0.0000,0.0000000,0.0000,0.0000000,0.0000,0.0000000,0.0000,0.0000000,0.0000,['[NH2]'],4
11.0890,9.2477,-9.2477,0.0000000,CC(NC(=O)c1cc(Cl)cc2ccn(C(=O)OC(C)(C)C)c12)c1ccc(N2CCN(C)CC2)cc1,1,n1([*])ccc2cc(Cl)cc(C(NC(C)c3ccc([*])cc3)=O)c12,*C(=O)OC(C)(C)C|C1CN(*)CCN1C,O=C(NCc1ccc(N2CCNCC2)cc1)c1cccc2cc[nH]c12,0.0000000,0.0000,0.0000000,0.0000,0.0000000,0.0000,0.0000000,0.0000,0.0000000,0.0000,0.0000000,0.0000,0.0000000,0.0000,0.0000000,0.0000,0.0000000,0.0000,0.0000000,0.0000,0.0000000,0.0000,0.0000000,0.0000,0.0000000,0.0000,0.0000000,0.0000,0.0000000,0.0000,"['C(=[O,S])[O,S]']",4
23.3422,23.2088,-21.1551,0.0041073,COc1nc(C)c(-c2ccc(C(C)NC(=O)c3cc(Cl)cc4ccn(C(C)=O)c34)cc2)nc1C,1,n1([*])ccc2cc(Cl)cc(C(NC(C)c3ccc([*])cc3)=O)c12,*C(C)=O|Cc1nc(*)c(C)nc1OC,O=C(NCc1ccc(-c2cnccn2)cc1)c1cccc2cc[nH]c12,0.4090654,0.4091,-8.8310600,-8.8311,0.8929940,476.9640,0.0000000,5.5282,1.0000000,86.1100,1.0000000,1.0000,0.9999999,6.0000,0.9467598,1.0000,0.9467598,5.0000,0.9556430,34.0000,0.7569339,420.4000,0.8840846,3.2353,0.0000000,0.6587,4.1094370,4.1094,1.0000000,1.0000,[],4
9.0277,8.8765,-6.7409,0.0042712,CC(=O)n1ccc2cc(Cl)cc(C(=O)NC(C)c3ccc(N4CCN(C)CC4)cc3)c21,1,n1([*])ccc2cc(Cl)cc(C(NC(C)c3ccc([*])cc3)=O)c12,*C(C)=O|N1(*)CCN(C)CC1,O=C(NCc1ccc(N2CCNCC2)cc1)c1cccc2cc[nH]c12,0.6629158,0.6629,-4.6096500,-4.6097,0.9963959,438.9590,0.0000032,4.1976,1.0000000,57.5800,1.0000000,1.0000,1.0000000,5.0000,0.9467598,1.0000,0.9693466,4.0000,0.9745624,31.0000,0.8924116,394.8720,0.9149806,2.9362,0.0000000,0.6556,3.0597303,3.0597,1.0000000,1.0000,[],4
32.6604,32.2068,-28.1686,0.0080763,CC(=O)n1ccc2cc(Cl)cc(C(=O)NC(C)c3ccc(-c4c[nH]c5ncc(-c6nccs6)cc5c4=O)cc3)c21,1,n1([*])ccc2cc(Cl)cc(C(NC(C)c3ccc([*])cc3)=O)c12,*C(C)=O|O=c1c2c([nH]cc1*)ncc(-c1nccs1)c2,O=C(NCc1ccc(-c2c[nH]c3ncc(-c4nccs4)cc3c2=O)cc1)c1cccc2cc[nH]c12,0.2478912,0.2479,-9.1509700,-9.1510,0.0018917,568.0580,0.0000000,6.4728,0.9999524,109.7400,1.0000000,1.0000,0.9999900,7.0000,0.5000000,2.0000,0.9467598,5.0000,0.8720069,40.0000,0.3009568,471.9600,0.8499244,3.4939,1.0000000,0.1399,3.8485143,3.8485,1.0000000,1.0000,[],4
20.1167,19.7793,-19.7793,0.0000000,CC(=O)n1ccc2cc(Cl)cc(C(=O)NC(C)c3ccc(-c4cnc5ccccc5c4C(=O)O)cc3)c21,1,n1([*])ccc2cc(Cl)cc(C(NC(C)c3ccc([*])cc3)=O)c12,*C(C)=O|c1(C(O)=O)c(*)cnc2c1cccc2,O=C(NCc1ccc(-c2cnc3ccccc3c2)cc1)c1cccc2cc[nH]c12,0.0000000,0.0000,0.0000000,0.0000,0.0000000,0.0000,0.0000000,0.0000,0.0000000,0.0000,0.0000000,0.0000,0.0000000,0.0000,0.0000000,0.0000,0.0000000,0.0000,0.0000000,0.0000,0.0000000,0.0000,0.0000000,0.0000,0.0000000,0.0000,0.0000000,0.0000,0.0000000,0.0000,"['C(=[O,S])[O,S]', '[OH]']",4
18.2469,20.0324,-19.3961,0.0012726,CC(=O)n1ccc2cc(Cl)cc(C(=O)NC(C)c3ccc(-c4cccc(OCCN5CCOCC5)n4)cc3)c21,1,n1([*])ccc2cc(Cl)cc(C(NC(C)c3ccc([*])cc3)=O)c12,*C(C)=O|c1cc(OCCN2CCOCC2)nc(*)c1,O=C(NCc1ccc(-c2cccc(OCCN3CCOCC3)n2)cc1)c1cccc2cc[nH]c12,0.3260540,0.3261,-9.9699900,-9.9700,0.0129462,547.0550,0.0000000,5.2188,1.0000000,85.6900,1.0000000,1.0000,0.9999900,7.0000,0.9467598,1.0000,0.7597469,8.0000,0.8919391,39.0000,0.2081499,484.8160,0.8857161,3.2214,0.0000000,0.6447,3.4426904,3.4427,1.0000000,1.0000,[],4
15.0357,16.3822,6.1350,0.0450342,CC(=O)n1ccc2cc(Cl)cc(C(=O)NC(C)c3ccc(-c4cccnc4C#N)cc3)c21,1,n1([*])ccc2cc(Cl)cc(C(NC(C)c3ccc([*])cc3)=O)c12,*C(C)=O|c1nc(C#N)c(*)cc1,O=C(NCc1ccc(-c2cccnc2)cc1)c1cccc2cc[nH]c12,0.4592443,0.4592,-9.0536600,-9.0537,0.9948241,442.9060,0.0000000,5.3795,0.9999999,87.7800,1.0000000,1.0000,1.0000000,5.0000,0.9467598,1.0000,0.9693466,4.0000,0.9693466,32.0000,0.9296517,382.7360,0.8950431,3.1383,1.0000000,0.3710,3.8693564,3.8694,1.0000000,1.0000,[],4
8.1761,9.8942,-9.8942,0.0000000,CC(NC(=O)c1cc(Cl)cc2ccn(C(N)=O)c12)c1ccc(N2CCOCC2)cc1,1,n1([*])ccc2cc(Cl)cc(C(NC(C)c3ccc([*])cc3)=O)c12,*C(N)=O|C1OCCN(*)C1,O=C(NCc1ccc(N2CCOCC2)cc1)c1cccc2cc[nH]c12,0.0000000,0.0000,0.0000000,0.0000,0.0000000,0.0000,0.0000000,0.0000,0.0000000,0.0000,0.0000000,0.0000,0.0000000,0.0000,0.0000000,0.0000,0.0000000,0.0000,0.0000000,0.0000,0.0000000,0.0000,0.0000000,0.0000,0.0000000,0.0000,0.0000000,0.0000,0.0000000,0.0000,['[NH2]'],4
12.1828,8.9720,-8.9720,0.0000000,CC(NC(=O)c1cc(Cl)cc2ccn(C(N)=O)c12)c1ccc(C(C)(C)C)cc1,1,n1([*])ccc2cc(Cl)cc(C(NC(C)c3ccc([*])cc3)=O)c12,*C(N)=O|CC(C)(C)*,O=C(NCc1ccccc1)c1cccc2cc[nH]c12,0.0000000,0.0000,0.0000000,0.0000,0.0000000,0.0000,0.0000000,0.0000,0.0000000,0.0000,0.0000000,0.0000,0.0000000,0.0000,0.0000000,0.0000,0.0000000,0.0000,0.0000000,0.0000,0.0000000,0.0000,0.0000000,0.0000,0.0000000,0.0000,0.0000000,0.0000,0.0000000,0.0000,['[NH2]'],4
12.5989,13.7922,-13.7922,0.0000000,CC(NC(=O)c1cc(Cl)cc2ccn(C(N)=O)c12)c1ccc(-c2ccccc2)cc1,1,n1([*])ccc2cc(Cl)cc(C(NC(C)c3ccc([*])cc3)=O)c12,*C(N)=O|c1(*)ccccc1,O=C(NCc1ccc(-c2ccccc2)cc1)c1cccc2cc[nH]c12,0.0000000,0.0000,0.0000000,0.0000,0.0000000,0.0000,0.0000000,0.0000,0.0000000,0.0000,0.0000000,0.0000,0.0000000,0.0000,0.0000000,0.0000,0.0000000,0.0000,0.0000000,0.0000,0.0000000,0.0000,0.0000000,0.0000,0.0000000,0.0000,0.0000000,0.0000,0.0000000,0.0000,['[NH2]'],4
14.6257,15.9917,-15.9917,0.0000000,CC(NC(=O)c1cc(Cl)cc2ccn(C(N)=O)c12)c1ccc(-c2cnn(C3CCN(C)CC3)c2)cc1,1,n1([*])ccc2cc(Cl)cc(C(NC(C)c3ccc([*])cc3)=O)c12,*C(N)=O|c1(*)cn(C2CCN(C)CC2)nc1,O=C(NCc1ccc(-c2cnn(C3CCNCC3)c2)cc1)c1cccc2cc[nH]c12,0.0000000,0.0000,0.0000000,0.0000,0.0000000,0.0000,0.0000000,0.0000,0.0000000,0.0000,0.0000000,0.0000,0.0000000,0.0000,0.0000000,0.0000,0.0000000,0.0000,0.0000000,0.0000,0.0000000,0.0000,0.0000000,0.0000,0.0000000,0.0000,0.0000000,0.0000,0.0000000,0.0000,['[NH2]'],4
12.2534,12.5015,-10.2156,0.0045718,CNC(=O)n1ccc2cc(Cl)cc(C(=O)NC(C)c3ccc(C(F)(F)F)cc3)c21,1,n1([*])ccc2cc(Cl)cc(C(NC(C)c3ccc([*])cc3)=O)c12,*C(NC)=O|C(F)(F)(F)*,O=C(NCc1ccccc1)c1cccc2cc[nH]c12,0.6229005,0.6229,-10.8909000,-10.8909,0.9991036,423.8220,0.0000000,4.9920,1.0000000,63.1300,1.0000000,1.0000,1.0000000,3.0000,0.5000000,2.0000,0.9825279,3.0000,0.9825279,29.0000,0.9828362,344.5280,0.9065567,3.0263,0.0000000,0.6101,4.1556993,4.1557,1.0000000,1.0000,[],4
13.1190,18.3116,2.5976,0.0418183,CCNC(=O)n1ccc2cc(Cl)cc(C(=O)NC(C)c3ccc(-c4cncc(OC)c4)cc3)c21,1,n1([*])ccc2cc(Cl)cc(C(NC(C)c3ccc([*])cc3)=O)c12,*C(NCC)=O|c1(*)cncc(OC)c1,O=C(NCc1ccc(-c2cccnc2)cc1)c1cccc2cc[nH]c12,0.3880801,0.3881,-6.6843000,-6.6843,0.8929940,476.9640,0.0000000,5.4339,1.0000000,85.2500,1.0000000,1.0000,1.0000000,5.0000,0.5000000,2.0000,0.9090909,6.0000,0.9556430,34.0000,0.7634261,419.4720,0.8994783,3.0965,0.9998472,0.4618,3.6330254,3.6330,1.0000000,1.0000,[],4
22.8449,30.0105,-29.3135,0.0013941,CC(NC(=O)c1cc(Cl)cc2ccn(C(=O)NCCCN(C)C)c12)c1ccc(CCN2CCCCC2)cc1,1,n1([*])ccc2cc(Cl)cc(C(NC(C)c3ccc([*])cc3)=O)c12,*C(NCCCN(C)C)=O|*CCN1CCCCC1,O=C(NCc1ccc(CCN2CCCCC2)cc1)c1cccc2cc[nH]c12,0.3432221,0.3432,-6.0110400,-6.0110,0.0289600,538.1360,0.0000000,5.3235,1.0000000,69.6100,1.0000000,1.0000,1.0000000,5.0000,0.5000000,2.0000,0.5000000,10.0000,0.9090909,38.0000,0.1066194,505.3920,0.8944143,3.1441,0.0000000,0.8997,2.1183305,2.1183,1.0000000,1.0000,[],4
21.6727,22.9396,-22.9396,0.0000000,CC(NC(=O)c1cc(Cl)cc2ccn(C(=O)OC(C)(C)C)c12)c1ccc(Nc2ccnc3cncn23)cc1,1,n1([*])ccc2cc(Cl)cc(C(NC(C)c3ccc([*])cc3)=O)c12,*C(OC(C)(C)C)=O|n1cc2nccc(N*)n2c1,O=C(NCc1ccc(Nc2ccnc3cncn23)cc1)c1cccc2cc[nH]c12,0.0000000,0.0000,0.0000000,0.0000,0.0000000,0.0000,0.0000000,0.0000,0.0000000,0.0000,0.0000000,0.0000,0.0000000,0.0000,0.0000000,0.0000,0.0000000,0.0000,0.0000000,0.0000,0.0000000,0.0000,0.0000000,0.0000,0.0000000,0.0000,0.0000000,0.0000,0.0000000,0.0000,"['C(=[O,S])[O,S]']",4
16.7220,15.8262,5.9054,0.0434632,CC(=O)N1CCN(c2ccc(C(C)NC(=O)c3cc(Cl)cc4ccn(C=O)c34)cc2)CC1,1,n1([*])ccc2cc(Cl)cc(C(NC(C)c3ccc([*])cc3)=O)c12,*C=O|C1CN(C(C)=O)CCN1*,O=C(NCc1ccc(N2CCNCC2)cc1)c1cccc2cc[nH]c12,0.6011632,0.6012,-8.9393100,-8.9393,0.9870574,452.9420,0.0001857,3.4925,1.0000000,74.6500,1.0000000,1.0000,1.0000000,5.0000,0.9467598,1.0000,0.9467598,5.0000,0.9693466,32.0000,0.8769931,398.8160,0.9018186,3.0738,0.9999956,0.4465,2.8121531,2.8122,1.0000000,1.0000,[],4
18.2030,21.8861,-8.2335,0.0273051,CC(NC(=O)c1cc(Cl)cc2ccn(C(=O)N(C)C)c12)c1ccc(-c2cccc(C(=O)N(C)C)c2)cc1,1,n1([*])ccc2cc(Cl)cc(C(NC(C)c3ccc([*])cc3)=O)c12,C(*)(=O)N(C)C|c1(*)cc(C(N(C)C)=O)ccc1,O=C(NCc1ccc(-c2ccccc2)cc1)c1cccc2cc[nH]c12,0.3703748,0.3704,-8.3433700,-8.3434,0.1724406,517.0290,0.0000000,5.6842,1.0000000,74.6500,1.0000000,1.0000,1.0000000,4.0000,0.9467598,1.0000,0.9467598,5.0000,0.9237530,37.0000,0.3697525,463.8960,0.9004858,3.0868,1.0000000,0.3951,3.6869040,3.6869,1.0000000,1.0000,[],4
10.5388,13.5261,8.3028,0.0436577,CC(NC(=O)c1cc(Cl)cc2ccn(C(=O)NC(C)(C)C)c12)c1ccc(N2CCOCC2)cc1,1,n1([*])ccc2cc(Cl)cc(C(NC(C)c3ccc([*])cc3)=O)c12,C(*)(=O)NC(C)(C)C|C1COCCN1*,O=C(NCc1ccc(N2CCOCC2)cc1)c1cccc2cc[nH]c12,0.5496502,0.5497,-7.0035100,-7.0035,0.8270200,483.0120,0.0000000,4.9785,1.0000000,75.6000,1.0000000,1.0000,1.0000000,5.0000,0.5000000,2.0000,0.9693466,4.0000,0.9556430,34.0000,0.6260166,436.5760,0.8950638,3.1381,0.9801544,0.4831,3.6729410,3.6729,1.0000000,1.0000,[],4
33.9703,35.4866,-33.7271,0.0035190,Cc1cc(-c2ccc(C(C)NC(=O)c3cc(Cl)cc4ccn(C(=O)C5CCCCN5)c34)cc2)nn1C1CCCN(C)C1=O,1,n1([*])ccc2cc(Cl)cc(C(NC(C)c3ccc([*])cc3)=O)c12,C(*)(C1NCCCC1)=O|N1(C)C(=O)C(n2nc(*)cc2C)CCC1,O=C(NCc1ccc(-c2ccn(C3CCCNC3=O)n2)cc1)c1cccc2ccn(C(=O)C3CCCCN3)c12,0.3028923,0.3029,-8.3698900,-8.3699,0.0000899,601.1510,0.0000000,5.5332,0.9999971,101.2600,1.0000000,3.0000,0.9999900,7.0000,0.5000000,2.0000,0.9090909,6.0000,0.7930115,43.0000,0.0312985,539.4400,0.7450708,4.0684,1.0000000,0.1724,2.7569516,2.7570,1.0000000,1.0000,[],4
9.2126,10.0444,13.4188,0.0469263,CC(=O)n1ccc2cc(Cl)cc(C(=O)NC(C)c3ccc(N4CCOCC4)cc3)c21,1,n1([*])ccc2cc(Cl)cc(C(NC(C)c3ccc([*])cc3)=O)c12,C(=O)(*)C|C1N(*)CCOC1,O=C(NCc1ccc(N2CCOCC2)cc1)c1cccc2cc[nH]c12,0.6771376,0.6771,-5.1660700,-5.1661,0.9989132,425.9160,0.0000020,4.2824,1.0000000,63.5700,1.0000000,1.0000,1.0000000,5.0000,0.9467598,1.0000,0.9693466,4.0000,0.9789100,30.0000,0.9440831,376.3520,0.9153747,2.9318,1.0000000,0.2839,3.4476392,3.4476,1.0000000,1.0000,[],4
31.9241,39.5415,-39.5415,0.0000000,Cc1cc(C#N)c(C(N)=O)n1Cc1ccc(C(C)NC(=O)c2cc(Cl)cc3ccn(C(=O)N4CCC(N(C)C)CC4)c23)cc1,1,n1([*])ccc2cc(Cl)cc(C(NC(C)c3ccc([*])cc3)=O)c12,C(=O)(*)N1CCC(N(C)C)CC1|*Cn1c(C)cc(C#N)c1C(=O)N,O=C(NCc1ccc(Cn2cccc2)cc1)c1cccc2ccn(C(=O)N3CCCCC3)c12,0.0000000,0.0000,0.0000000,0.0000,0.0000000,0.0000,0.0000000,0.0000,0.0000000,0.0000,0.0000000,0.0000,0.0000000,0.0000,0.0000000,0.0000,0.0000000,0.0000,0.0000000,0.0000,0.0000000,0.0000,0.0000000,0.0000,0.0000000,0.0000,0.0000000,0.0000,0.0000000,0.0000,['[NH2]'],4
11.4493,11.3136,-9.1038,0.0044197,CC(NC(=O)c1cc(Cl)cc2ccn(C(=O)NC(C)(C)C)c12)c1ccc(C(F)(F)F)cc1,1,n1([*])ccc2cc(Cl)cc(C(NC(C)c3ccc([*])cc3)=O)c12,C(=O)(*)NC(C)(C)C|FC(F)(*)F,O=C(NCc1ccccc1)c1cccc2cc[nH]c12,0.4862015,0.4862,-8.1870900,-8.1871,0.9585307,465.9030,0.0000000,6.1607,1.0000000,63.1300,1.0000000,1.0000,1.0000000,3.0000,0.5000000,2.0000,0.9825279,3.0000,0.9693466,32.0000,0.9031916,391.8080,0.8967707,3.1222,0.0000000,0.8071,4.5151215,4.5151,1.0000000,1.0000,[],4
12.8419,15.8264,-15.8264,0.0000000,CC(NC(=O)c1cc(Cl)cc2ccn(C(=O)NC3CCCCC3N)c12)c1ccc(C(F)(F)F)cc1,1,n1([*])ccc2cc(Cl)cc(C(NC(C)c3ccc([*])cc3)=O)c12,C(=O)(*)NC1CCCCC1N|*C(F)(F)F,O=C(NCc1ccccc1)c1cccc2ccn(C(=O)NC3CCCCC3)c12,0.0000000,0.0000,0.0000000,0.0000,0.0000000,0.0000,0.0000000,0.0000,0.0000000,0.0000,0.0000000,0.0000,0.0000000,0.0000,0.0000000,0.0000,0.0000000,0.0000,0.0000000,0.0000,0.0000000,0.0000,0.0000000,0.0000,0.0000000,0.0000,0.0000000,0.0000,0.0000000,0.0000,['[NH2]'],4
17.3678,21.4966,-19.3091,0.0043749,CCCNC(=O)n1ccc2cc(Cl)cc(C(=O)NC(C)c3ccc(CC(C)C)cc3)c21,1,n1([*])ccc2cc(Cl)cc(C(NC(C)c3ccc([*])cc3)=O)c12,C(=O)(*)NCCC|*CC(C)C,O=C(NCc1ccccc1)c1cccc2cc[nH]c12,0.4772250,0.4772,-8.8220600,-8.8221,0.9960395,439.9870,0.0000000,5.9519,1.0000000,63.1300,1.0000000,1.0000,1.0000000,3.0000,0.5000000,2.0000,0.8490205,7.0000,0.9745624,31.0000,0.8291007,408.8480,0.9117032,2.9722,0.0000000,0.8061,4.2306719,4.2307,1.0000000,1.0000,[],4
19.3393,24.8181,-24.1182,0.0013997,Cc1cc(C)cc(CNC(=O)n2ccc3cc(Cl)cc(C(=O)NC(C)c4ccc(N5CCOCC5)cc4)c32)c1,1,n1([*])ccc2cc(Cl)cc(C(NC(C)c3ccc([*])cc3)=O)c12,C(=O)(*)NCc1cc(C)cc(C)c1|C1COCCN1*,O=C(NCc1ccc(N2CCOCC2)cc1)c1cccc2ccn(C(=O)NCc3ccccc3)c12,0.3121733,0.3122,-10.1840900,-10.1841,0.0154847,545.0830,0.0000000,5.9970,1.0000000,75.6000,1.0000000,1.0000,1.0000000,5.0000,0.5000000,2.0000,0.9090909,6.0000,0.8919391,39.0000,0.1698146,491.3520,0.8927182,3.1596,0.0000000,0.6775,4.3012471,4.3012,1.0000000,1.0000,[],4
12.6778,14.0292,7.9041,0.0438666,CC(=O)n1ccc2cc(Cl)cc(C(=O)NC(C)c3ccc(-c4cncnc4)cc3)c21,1,n1([*])ccc2cc(Cl)cc(C(NC(C)c3ccc([*])cc3)=O)c12,C(=O)(C)*|c1c(*)cncn1,O=C(NCc1ccc(-c2cncnc2)cc1)c1cccc2cc[nH]c12,0.5108379,0.5108,-8.1411100,-8.1411,0.9994310,418.8840,0.0000000,4.9028,1.0000000,76.8800,1.0000000,1.0000,1.0000000,5.0000,0.9467598,1.0000,0.9693466,4.0000,0.9789100,30.0000,0.9668050,362.1440,0.9072134,3.0196,1.0000000,0.3851,3.2267797,3.2268,1.0000000,1.0000,[],4
41.1060,40.5232,-40.5232,0.0000000,CCN(CC1(O)CCCOCC1)c1ccc(-c2ccc(C(C)NC(=O)c3cc(Cl)cc4ccn(C(=O)OC(C)(C)C)c34)cc2)c(F)n1,1,n1([*])ccc2cc(Cl)cc(C(NC(C)c3ccc([*])cc3)=O)c12,C(=O)(OC(C)(C)C)*|CCN(c1ccc(*)c(F)n1)CC1(O)CCCOCC1,O=C(NCc1ccc(-c2ccc(NCC3CCCOCC3)nc2)cc1)c1cccc2cc[nH]c12,0.0000000,0.0000,0.0000000,0.0000,0.0000000,0.0000,0.0000000,0.0000,0.0000000,0.0000,0.0000000,0.0000,0.0000000,0.0000,0.0000000,0.0000,0.0000000,0.0000,0.0000000,0.0000,0.0000000,0.0000,0.0000000,0.0000,0.0000000,0.0000,0.0000000,0.0000,0.0000000,0.0000,"['C(=[O,S])[O,S]', '[OH]']",4
30.8727,35.7446,-35.7446,0.0000000,n1([*])ccc2cc(Cl)cc(C(NC(C)c3ccc([*])cc3)=O)c12C(C)(*)=O|C(C)(C#Nc1cccc(*)n1)(C)O,0,n1([*])ccc2cc(Cl)cc(C(NC(C)c3ccc([*])cc3)=O)c12,C(C)(*)=O|C(C)(C#Nc1cccc(*)n1)(C)O,,0.0000000,0.0000,0.0000000,0.0000,0.0000000,0.0000,0.0000000,0.0000,0.0000000,0.0000,0.0000000,0.0000,0.0000000,0.0000,0.0000000,0.0000,0.0000000,0.0000,0.0000000,0.0000,0.0000000,0.0000,0.0000000,0.0000,0.0000000,0.0000,0.0000000,0.0000,0.0000000,0.0000,None,4
20.1694,21.5784,-2.6950,0.0377669,CCOc1cc(Cl)ncc1-c1ccc(C(C)NC(=O)c2cc(Cl)cc3ccn(C(C)=O)c23)cc1,1,n1([*])ccc2cc(Cl)cc(C(NC(C)c3ccc([*])cc3)=O)c12,C(C)(*)=O|c1(Cl)cc(OCC)c(*)cn1,O=C(NCc1ccc(-c2cccnc2)cc1)c1cccc2cc[nH]c12,0.3070428,0.3070,-8.1702200,-8.1702,0.5822760,496.3940,0.0000000,6.5599,1.0000000,73.2200,1.0000000,1.0000,1.0000000,5.0000,0.9467598,1.0000,0.9090909,6.0000,0.9556430,34.0000,0.7368609,423.1680,0.8932753,3.1546,1.0000000,0.3909,4.4113064,4.4113,1.0000000,1.0000,[],4
14.3083,15.3423,-13.4468,0.0037909,CC(=O)N1CCN(c2ccc(C(C)NC(=O)c3cc(Cl)cc4ccn(C(=O)NC(C)(C)C)c34)cc2)CC1,1,n1([*])ccc2cc(Cl)cc(C(NC(C)c3ccc([*])cc3)=O)c12,C(C)(NC(*)=O)(C)C|N1(*)CCN(C(C)=O)CC1,O=C(NCc1ccc(N2CCNCC2)cc1)c1cccc2cc[nH]c12,0.5135328,0.5135,-11.4707900,-11.4708,0.0982813,524.0650,0.0000001,4.8104,1.0000000,86.6800,1.0000000,1.0000,1.0000000,5.0000,0.5000000,2.0000,0.9693466,4.0000,0.9237530,37.0000,0.2687730,476.0800,0.8903580,3.1808,0.0000005,0.5629,3.3731170,3.3731,1.0000000,1.0000,[],4
11.9780,16.0745,5.6762,0.0435013,CCN(CC)C(=O)n1ccc2cc(Cl)cc(C(=O)NC(C)c3ccc(N4CCOCC4)cc3)c21,1,n1([*])ccc2cc(Cl)cc(C(NC(C)c3ccc([*])cc3)=O)c12,C(C)N(C(=O)*)CC|N1(*)CCOCC1,O=C(NCc1ccc(N2CCOCC2)cc1)c1cccc2cc[nH]c12,0.5404983,0.5405,-6.8119900,-6.8120,0.8270200,483.0120,0.0000000,4.9322,1.0000000,66.8100,1.0000000,1.0000,1.0000000,5.0000,0.9467598,1.0000,0.9090909,6.0000,0.9556430,34.0000,0.6104391,438.2960,0.8969566,3.1205,1.0000000,0.2187,3.6281440,3.6281,1.0000000,1.0000,[],4
24.5465,26.4911,-26.4911,0.0000000,CCOC(=O)n1ccc2cc(Cl)cc(C(=O)NC(C)c3ccc(C#Cc4cnccc4OC)cc3)c21,1,n1([*])ccc2cc(Cl)cc(C(NC(C)c3ccc([*])cc3)=O)c12,C(C)OC(=O)*|COc1c(C#C*)cncc1,O=C(NCc1ccc(C#Cc2cccnc2)cc1)c1cccc2cc[nH]c12,0.0000000,0.0000,0.0000000,0.0000,0.0000000,0.0000,0.0000000,0.0000,0.0000000,0.0000,0.0000000,0.0000,0.0000000,0.0000,0.0000000,0.0000,0.0000000,0.0000,0.0000000,0.0000,0.0000000,0.0000,0.0000000,0.0000,0.0000000,0.0000,0.0000000,0.0000,0.0000000,0.0000,"['C#C', 'C(=[O,S])[O,S]']",4
20.1688,21.7695,-21.5368,0.0004653,CC(NC(=O)c1cc(Cl)cc2ccn(C(=O)N(CCN(C)C)Cc3ccccc3)c12)c1ccc(N2CCOCC2)cc1,1,n1([*])ccc2cc(Cl)cc(C(NC(C)c3ccc([*])cc3)=O)c12,C(N(Cc1ccccc1)C(=O)*)CN(C)C|N1(*)CCOCC1,O=C(NCc1ccc(N2CCOCC2)cc1)c1cccc2ccn(C(=O)NCc3ccccc3)c12,0.2738546,0.2739,-2.8679800,-2.8680,0.0002977,588.1520,0.0000000,5.6542,1.0000000,70.0500,1.0000000,1.0000,0.9999999,6.0000,0.9467598,1.0000,0.6400650,9.0000,0.8227450,42.0000,0.0349942,536.4320,0.8819215,3.2535,0.0000000,0.6821,3.3429024,3.3429,1.0000000,1.0000,[],4
14.3713,14.9264,-14.9264,0.0000000,CC(NC(=O)c1cc(Cl)cc2ccn(C(N)=O)c12)c1ccc(CC(N)=O)cc1,1,n1([*])ccc2cc(Cl)cc(C(NC(C)c3ccc([*])cc3)=O)c12,C(N)(*)=O|C(C(=O)N)*,O=C(NCc1ccccc1)c1cccc2cc[nH]c12,0.0000000,0.0000,0.0000000,0.0000,0.0000000,0.0000,0.0000000,0.0000,0.0000000,0.0000,0.0000000,0.0000,0.0000000,0.0000,0.0000000,0.0000,0.0000000,0.0000,0.0000000,0.0000,0.0000000,0.0000,0.0000000,0.0000,0.0000000,0.0000,0.0000000,0.0000,0.0000000,0.0000,['[NH2]'],4
22.2479,21.2486,-21.2486,0.0000000,CC(NC(=O)c1cc(Cl)cc2ccn(C(=O)OC(C)(C)C)c12)c1ccc(-c2cccnc2C(=O)N(C)C)cc1,1,n1([*])ccc2cc(Cl)cc(C(NC(C)c3ccc([*])cc3)=O)c12,C(OC(=O)*)(C)(C)C|n1c(C(=O)N(C)C)c(*)ccc1,O=C(NCc1ccc(-c2cccnc2)cc1)c1cccc2cc[nH]c12,0.0000000,0.0000,0.0000000,0.0000,0.0000000,0.0000,0.0000000,0.0000,0.0000000,0.0000,0.0000000,0.0000,0.0000000,0.0000,0.0000000,0.0000,0.0000000,0.0000,0.0000000,0.0000,0.0000000,0.0000,0.0000000,0.0000,0.0000000,0.0000,0.0000000,0.0000,0.0000000,0.0000,"['C(=[O,S])[O,S]']",4
20.6779,20.9475,-20.9475,0.0000000,CCc1ccc(C(C)NC(=O)c2cc(Cl)cc3ccn(C(=O)CN4CCCC(N)C4)c23)cc1,1,n1([*])ccc2cc(Cl)cc(C(NC(C)c3ccc([*])cc3)=O)c12,C1(N)CN(CC(=O)*)CCC1|CC*,O=C(NCc1ccccc1)c1cccc2ccn(C(=O)CN3CCCCC3)c12,0.0000000,0.0000,0.0000000,0.0000,0.0000000,0.0000,0.0000000,0.0000,0.0000000,0.0000,0.0000000,0.0000,0.0000000,0.0000,0.0000000,0.0000,0.0000000,0.0000,0.0000000,0.0000,0.0000000,0.0000,0.0000000,0.0000,0.0000000,0.0000,0.0000000,0.0000,0.0000000,0.0000,['[NH2]'],4
27.6103,27.2049,-26.8287,0.0007524,Cc1ccc(C(C)NC(=O)c2cc(Cl)cc3ccn(C(=O)c4cn(C5CCOCC5)c(-c5cccnc5)n4)c23)cc1,1,n1([*])ccc2cc(Cl)cc(C(NC(C)c3ccc([*])cc3)=O)c12,C1CC(n2cc(C(=O)*)nc2-c2cnccc2)CCO1|*C,O=C(NCc1ccccc1)c1cccc2ccn(C(=O)c3cn(C4CCOCC4)c(-c4cccnc4)n3)c12,0.2565302,0.2565,-6.3550400,-6.3550,0.0018884,568.0770,0.0000000,6.3926,0.9999999,91.0400,1.0000000,1.0000,0.9999900,7.0000,0.9467598,1.0000,0.9090909,6.0000,0.8490205,41.0000,0.1290591,499.7520,0.8521857,3.4784,0.0000000,0.6024,3.5953536,3.5954,1.0000000,1.0000,[],4
14.3510,14.7185,-14.7185,0.0000000,CC(NC(=O)c1cc(Cl)cc2ccn(C(=O)N3CCCC(N)C3)c12)c1ccc(C(C)(C)C)cc1,1,n1([*])ccc2cc(Cl)cc(C(NC(C)c3ccc([*])cc3)=O)c12,C1CCN(C(=O)*)CC1N|CC(C)(*)C,O=C(NCc1ccccc1)c1cccc2ccn(C(=O)N3CCCCC3)c12,0.0000000,0.0000,0.0000000,0.0000,0.0000000,0.0000,0.0000000,0.0000,0.0000000,0.0000,0.0000000,0.0000,0.0000000,0.0000,0.0000000,0.0000,0.0000000,0.0000,0.0000000,0.0000,0.0000000,0.0000,0.0000000,0.0000,0.0000000,0.0000,0.0000000,0.0000,0.0000000,0.0000,['[NH2]'],4
22.1456,24.4699,-9.9758,0.0289882,CC(NC(=O)c1cc(Cl)cc2ccn(C(=O)N3CCCNCC3)c12)c1ccc(-c2nccn2C)cc1,1,n1([*])ccc2cc(Cl)cc(C(NC(C)c3ccc([*])cc3)=O)c12,C1CN(C(*)=O)CCCN1|c1(*)n(C)ccn1,O=C(NCc1ccc(-c2ncc[nH]2)cc1)c1cccc2ccn(C(=O)N3CCCNCC3)c12,0.4298397,0.4298,-11.7913400,-11.7913,0.3863826,505.0220,0.0000007,4.4496,1.0000000,84.1900,1.0000000,1.0000,0.9999999,6.0000,0.5000000,2.0000,0.9693466,4.0000,0.9362164,36.0000,0.5474435,445.0400,0.8724253,3.3301,1.0000000,0.2826,1.8721000,1.8721,1.0000000,1.0000,[],4
14.0123,13.7577,-11.8606,0.0037943,CC(NC(=O)c1cc(Cl)cc2ccn(C(=O)N3CCN(C)CC3)c12)c1ccc(C(F)(F)F)cc1,1,n1([*])ccc2cc(Cl)cc(C(NC(C)c3ccc([*])cc3)=O)c12,C1CN(C(*)=O)CCN1C|FC(F)(*)F,O=C(NCc1ccccc1)c1cccc2ccn(C(=O)N3CCNCC3)c12,0.5583080,0.5583,-6.5796700,-6.5797,0.6572953,492.9290,0.0000000,5.0200,1.0000000,57.5800,1.0000000,1.0000,1.0000000,4.0000,0.9467598,1.0000,0.9825279,3.0000,0.9556430,34.0000,0.8169872,411.0160,0.8967810,3.1221,0.0000000,0.6574,3.2963328,3.2963,1.0000000,1.0000,[],4
28.7886,30.9417,-30.9417,0.0000000,CCOc1nc(-c2ccc(C(C)NC(=O)c3cc(Cl)cc4ccn(C(C)=O)c34)cc2)ccc1-n1ccnc(C(N)=O)c1=O,1,n1([*])ccc2cc(Cl)cc(C(NC(C)c3ccc([*])cc3)=O)c12,CC(*)=O|*c1ccc(-n2ccnc(C(=O)N)c2=O)c(OCC)n1,O=C(NCc1ccc(-c2ccc(-n3ccncc3=O)cn2)cc1)c1cccc2cc[nH]c12,0.0000000,0.0000,0.0000000,0.0000,0.0000000,0.0000,0.0000000,0.0000,0.0000000,0.0000,0.0000000,0.0000,0.0000000,0.0000,0.0000000,0.0000,0.0000000,0.0000,0.0000000,0.0000,0.0000000,0.0000,0.0000000,0.0000,0.0000000,0.0000,0.0000000,0.0000,0.0000000,0.0000,['[NH2]'],4
12.8311,14.6406,7.4240,0.0441294,CC(=O)n1ccc2cc(Cl)cc(C(=O)NC(C)c3ccc(N4CCNC(=O)CC4)cc3)c21,1,n1([*])ccc2cc(Cl)cc(C(NC(C)c3ccc([*])cc3)=O)c12,CC(*)=O|N1CCN(*)CCC1=O,O=C1CCN(c2ccc(CNC(=O)c3cccc4cc[nH]c34)cc2)CCN1,0.6307684,0.6308,-9.2356700,-9.2357,0.9870574,452.9420,0.0000371,3.7721,1.0000000,83.4400,1.0000000,1.0000,1.0000000,5.0000,0.5000000,2.0000,0.9693466,4.0000,0.9693466,32.0000,0.8834651,397.2160,0.8985571,3.1054,1.0000000,0.0344,2.8852713,2.8853,1.0000000,1.0000,[],4
22.2245,27.9077,-27.2951,0.0012253,COc1nccc(-c2ccc(C#N)cc2)c1-c1ccc(C(C)NC(=O)c2cc(Cl)cc3ccn(C(C)=O)c23)cc1,1,n1([*])ccc2cc(Cl)cc(C(NC(C)c3ccc([*])cc3)=O)c12,CC(=O)*|C(#N)c1ccc(-c2ccnc(OC)c2*)cc1,O=C(NCc1ccc(-c2cnccc2-c2ccccc2)cc1)c1cccc2cc[nH]c12,0.2449450,0.2449,-3.5798800,-3.5799,0.0108162,549.0300,0.0000000,7.0551,0.9999993,97.0100,1.0000000,1.0000,0.9999999,6.0000,0.9467598,1.0000,0.9090909,6.0000,0.8720069,40.0000,0.2306380,481.3920,0.8777074,3.2881,0.0000000,0.7401,4.3421192,4.3421,1.0000000,1.0000,[],4
8.8177,9.0094,-9.0094,0.0000000,CC(=O)n1ccc2cc(Cl)cc(C(=O)NC(C)c3ccc(N4CCOCC4)cc3)c21,2,n1([*])ccc2cc(Cl)cc(C(NC(C)c3ccc([*])cc3)=O)c12,CC(=O)*|C1N(*)CCOC1,O=C(NCc1ccc(N2CCOCC2)cc1)c1cccc2cc[nH]c12,0.0000000,0.6771,-0.0000000,-5.1661,0.0000000,425.9160,0.0000000,4.2824,0.0000000,63.5700,0.0000000,1.0000,0.0000000,5.0000,0.0000000,1.0000,0.0000000,4.0000,0.0000000,30.0000,0.0000000,376.3520,0.0000000,2.9318,0.0000000,0.2839,0.0000000,3.4476,0.0000000,1.0000,[],4
9.0154,8.2355,12.0569,0.0405847,CCc1ccc(C(C)NC(=O)c2cc(Cl)cc3ccn(C(C)=O)c23)cc1,1,n1([*])ccc2cc(Cl)cc(C(NC(C)c3ccc([*])cc3)=O)c12,CC(=O)*|CC*,O=C(NCc1ccccc1)c1cccc2cc[nH]c12,0.7034061,0.7034,-8.6761700,-8.6762,0.9999943,368.8640,0.0000000,5.0082,1.0000000,51.1000,1.0000000,1.0000,1.0000000,3.0000,0.9467598,1.0000,0.9693466,4.0000,0.9900990,26.0000,0.9899840,330.3040,0.9264383,2.7997,0.2430652,0.5049,3.8610814,3.8611,1.0000000,1.0000,[],4
11.1286,12.5157,-10.4308,0.0041699,CCN1CCN(c2ccc(C(C)NC(=O)c3cc(Cl)cc4ccn(C(C)=O)c34)cc2)CC1,1,n1([*])ccc2cc(Cl)cc(C(NC(C)c3ccc([*])cc3)=O)c12,CC(=O)*|N1(*)CCN(CC)CC1,O=C(NCc1ccc(N2CCNCC2)cc1)c1cccc2cc[nH]c12,0.6148375,0.6148,-7.9573000,-7.9573,0.9870055,452.9860,0.0000004,4.5877,1.0000000,57.5800,1.0000000,1.0000,1.0000000,5.0000,0.9467598,1.0000,0.9467598,5.0000,0.9693466,32.0000,0.8060000,412.8880,0.9141074,2.9459,0.0000000,0.7221,2.9651787,2.9652,1.0000000,1.0000,[],4
24.5815,25.2826,-3.6495,0.0432662,CCN1CC(C)OC(c2ccc(C(C)NC(=O)c3cc(Cl)cc4ccn(C(C)=O)c34)cc2)C1,1,n1([*])ccc2cc(Cl)cc(C(NC(C)c3ccc([*])cc3)=O)c12,CC(=O)*|O1C(C)CN(CC)CC1*,O=C(NCc1ccc(C2CNCCO2)cc1)c1cccc2cc[nH]c12,0.5578446,0.5578,-9.3092500,-9.3093,0.9501492,467.9970,0.0000000,5.2275,1.0000000,63.5700,1.0000000,3.0000,1.0000000,5.0000,0.9467598,1.0000,0.9467598,5.0000,0.9631018,33.0000,0.7329733,423.6880,0.8233709,3.6629,0.9999998,0.4332,3.0243287,3.0243,1.0000000,1.0000,[],4
27.3616,32.6707,-32.6707,0.0000000,n1([*])ccc2cc(Cl)cc(C(NC(C)c3ccc([*])cc3)=O)c12CC(=O)*|c1(C#N)c(*)c(Cl)c(-c2nn(C)nn2)cn1C,0,n1([*])ccc2cc(Cl)cc(C(NC(C)c3ccc([*])cc3)=O)c12,CC(=O)*|c1(C#N)c(*)c(Cl)c(-c2nn(C)nn2)cn1C,,0.0000000,0.0000,0.0000000,0.0000,0.0000000,0.0000,0.0000000,0.0000,0.0000000,0.0000,0.0000000,0.0000,0.0000000,0.0000,0.0000000,0.0000,0.0000000,0.0000,0.0000000,0.0000,0.0000000,0.0000,0.0000000,0.0000,0.0000000,0.0000,0.0000000,0.0000,0.0000000,0.0000,None,4
21.4290,25.0027,-12.9152,0.0241750,COc1ccc(-c2ccc(C(C)NC(=O)c3cc(Cl)cc4ccn(C(C)=O)c34)cc2)c2cccnc12,1,n1([*])ccc2cc(Cl)cc(C(NC(C)c3ccc([*])cc3)=O)c12,CC(=O)*|c1c2c(*)ccc(OC)c2ncc1,O=C(NCc1ccc(-c2cccc3ncccc23)cc1)c1cccc2cc[nH]c12,0.2940903,0.2941,-8.5549400,-8.5549,0.5463330,497.9820,0.0000000,6.6696,1.0000000,73.2200,1.0000000,1.0000,1.0000000,5.0000,0.9467598,1.0000,0.9467598,5.0000,0.9362164,36.0000,0.6597598,432.7440,0.9059775,3.0322,0.0464276,0.5131,3.9477549,3.9478,1.0000000,1.0000,[],4
17.4942,14.4339,-14.4339,0.0000000,CC(NC(=O)c1cc(Cl)cc2ccn(C(=O)OC(C)(C)C)c12)c1ccc(N2CCOC(=O)C2)cc1,1,n1([*])ccc2cc(Cl)cc(C(NC(C)c3ccc([*])cc3)=O)c12,CC(C)(C)OC(*)=O|O1CCN(*)CC1=O,O=C1CN(c2ccc(CNC(=O)c3cccc4cc[nH]c34)cc2)CCO1,0.0000000,0.0000,0.0000000,0.0000,0.0000000,0.0000,0.0000000,0.0000,0.0000000,0.0000,0.0000000,0.0000,0.0000000,0.0000,0.0000000,0.0000,0.0000000,0.0000,0.0000000,0.0000,0.0000000,0.0000,0.0000000,0.0000,0.0000000,0.0000,0.0000000,0.0000,0.0000000,0.0000,"['C(=[O,S])[O,S]']",4
7.9448,6.2618,-6.2618,0.0000000,Cc1ccc(C(C)NC(=O)c2cc(Cl)cc3ccn(C(=O)OC(C)(C)C)c23)cc1,1,n1([*])ccc2cc(Cl)cc(C(NC(C)c3ccc([*])cc3)=O)c12,CC(C)(C)OC(=O)*|C*,O=C(NCc1ccccc1)c1cccc2cc[nH]c12,0.0000000,0.0000,0.0000000,0.0000,0.0000000,0.0000,0.0000000,0.0000,0.0000000,0.0000,0.0000000,0.0000,0.0000000,0.0000,0.0000000,0.0000,0.0000000,0.0000,0.0000000,0.0000,0.0000000,0.0000,0.0000000,0.0000,0.0000000,0.0000,0.0000000,0.0000,0.0000000,0.0000,"['C(=[O,S])[O,S]']",4
21.3498,22.4164,-22.4164,0.0000000,COCCOCCOCCOCCOc1nn(C)cc1-c1ccc(C(C)NC(=O)c2cc(Cl)cc3ccn(C(=O)OC(C)(C)C)c23)cc1,1,n1([*])ccc2cc(Cl)cc(C(NC(C)c3ccc([*])cc3)=O)c12,CC(C)(C)OC(=O)*|n1n(C)cc(*)c1OCCOCCOCCOCCOC,O=C(NCc1ccc(-c2cn[nH]c2)cc1)c1cccc2cc[nH]c12,0.0000000,0.0000,0.0000000,0.0000,0.0000000,0.0000,0.0000000,0.0000,0.0000000,0.0000,0.0000000,0.0000,0.0000000,0.0000,0.0000000,0.0000,0.0000000,0.0000,0.0000000,0.0000,0.0000000,0.0000,0.0000000,0.0000,0.0000000,0.0000,0.0000000,0.0000,0.0000000,0.0000,"['C(=[O,S])[O,S]']",4
15.8730,15.0241,-15.0241,0.0000000,CC(NC(=O)OC(C)(C)C)C(=O)n1ccc2cc(Cl)cc(C(=O)NC(C)c3ccc(C(C)(C)C)cc3)c21,1,n1([*])ccc2cc(Cl)cc(C(NC(C)c3ccc([*])cc3)=O)c12,CC(C)(C)OC(=O)NC(C)C(*)=O|CC(C)(*)C,O=C(NCc1ccccc1)c1cccc2cc[nH]c12,0.0000000,0.0000,0.0000000,0.0000,0.0000000,0.0000,0.0000000,0.0000,0.0000000,0.0000,0.0000000,0.0000,0.0000000,0.0000,0.0000000,0.0000,0.0000000,0.0000,0.0000000,0.0000,0.0000000,0.0000,0.0000000,0.0000,0.0000000,0.0000,0.0000000,0.0000,0.0000000,0.0000,"['C(=[O,S])[O,S]']",4
17.2548,18.1948,-18.1948,0.0000000,CC(NC(=O)c1cc(Cl)cc2ccn(C(=O)OC(C)(C)C)c12)c1ccc(Cc2ccccn2)cc1,1,n1([*])ccc2cc(Cl)cc(C(NC(C)c3ccc([*])cc3)=O)c12,CC(C)(OC(*)=O)C|*Cc1ccccn1,O=C(NCc1ccc(Cc2ccccn2)cc1)c1cccc2cc[nH]c12,0.0000000,0.0000,0.0000000,0.0000,0.0000000,0.0000,0.0000000,0.0000,0.0000000,0.0000,0.0000000,0.0000,0.0000000,0.0000,0.0000000,0.0000,0.0000000,0.0000,0.0000000,0.0000,0.0000000,0.0000,0.0000000,0.0000,0.0000000,0.0000,0.0000000,0.0000,0.0000000,0.0000,"['C(=[O,S])[O,S]']",4
11.1868,9.4661,-9.4661,0.0000000,CC(NC(=O)c1cc(Cl)cc2ccn(C(=O)OC(C)(C)C)c12)c1ccc(N2CCN(C)CC2)cc1,2,n1([*])ccc2cc(Cl)cc(C(NC(C)c3ccc([*])cc3)=O)c12,CC(C)(OC(*)=O)C|N1(C)CCN(*)CC1,O=C(NCc1ccc(N2CCNCC2)cc1)c1cccc2cc[nH]c12,0.0000000,0.0000,0.0000000,0.0000,0.0000000,0.0000,0.0000000,0.0000,0.0000000,0.0000,0.0000000,0.0000,0.0000000,0.0000,0.0000000,0.0000,0.0000000,0.0000,0.0000000,0.0000,0.0000000,0.0000,0.0000000,0.0000,0.0000000,0.0000,0.0000000,0.0000,0.0000000,0.0000,"['C(=[O,S])[O,S]']",4
7.9563,5.9562,-5.9562,0.0000000,Cc1ccc(C(C)NC(=O)c2cc(Cl)cc3ccn(C(=O)OC(C)(C)C)c23)cc1,2,n1([*])ccc2cc(Cl)cc(C(NC(C)c3ccc([*])cc3)=O)c12,CC(C)(OC(=O)*)C|C*,O=C(NCc1ccccc1)c1cccc2cc[nH]c12,0.0000000,0.0000,0.0000000,0.0000,0.0000000,0.0000,0.0000000,0.0000,0.0000000,0.0000,0.0000000,0.0000,0.0000000,0.0000,0.0000000,0.0000,0.0000000,0.0000,0.0000000,0.0000,0.0000000,0.0000,0.0000000,0.0000,0.0000000,0.0000,0.0000000,0.0000,0.0000000,0.0000,"['C(=[O,S])[O,S]']",4
13.0394,14.6875,-14.6875,0.0000000,CC(NC(=O)c1cc(Cl)cc2ccn(C(=O)OC(C)(C)C)c12)c1ccc(-c2cccnc2)cc1,1,n1([*])ccc2cc(Cl)cc(C(NC(C)c3ccc([*])cc3)=O)c12,CC(C)(OC(=O)*)C|c1ncccc1*,O=C(NCc1ccc(-c2cccnc2)cc1)c1cccc2cc[nH]c12,0.0000000,0.0000,0.0000000,0.0000,0.0000000,0.0000,0.0000000,0.0000,0.0000000,0.0000,0.0000000,0.0000,0.0000000,0.0000,0.0000000,0.0000,0.0000000,0.0000,0.0000000,0.0000,0.0000000,0.0000,0.0000000,0.0000,0.0000000,0.0000,0.0000000,0.0000,0.0000000,0.0000,"['C(=[O,S])[O,S]']",4
13.7405,16.3414,-15.1453,0.0023921,CC(=O)N1CCC(NC(=O)n2ccc3cc(Cl)cc(C(=O)NC(C)c4ccc(C(C)(C)C)cc4)c32)CC1,1,n1([*])ccc2cc(Cl)cc(C(NC(C)c3ccc([*])cc3)=O)c12,CC(N1CCC(NC(=O)*)CC1)=O|C(C)(C)(*)C,O=C(NCc1ccccc1)c1cccc2ccn(C(=O)NC3CCNCC3)c12,0.4640194,0.4640,-5.0928600,-5.0929,0.1066456,523.0770,0.0000000,5.6518,1.0000000,83.4400,1.0000000,1.0000,1.0000000,4.0000,0.5000000,2.0000,0.9693466,4.0000,0.9237530,37.0000,0.2407017,479.9360,0.8908468,3.1765,0.0000000,0.6699,3.8260257,3.8260,1.0000000,1.0000,[],4
9.3903,11.3225,-11.3225,0.0000000,CC(NC(=O)c1cc(Cl)cc2ccn(C(=O)NC(C)(C)C)c12)c1ccc(N2CCOCC2)cc1,2,n1([*])ccc2cc(Cl)cc(C(NC(C)c3ccc([*])cc3)=O)c12,CC(NC(*)=O)(C)C|C1COCCN1*,O=C(NCc1ccc(N2CCOCC2)cc1)c1cccc2cc[nH]c12,0.0000000,0.5497,-0.0000000,-7.0035,0.0000000,483.0120,0.0000000,4.9785,0.0000000,75.6000,0.0000000,1.0000,0.0000000,5.0000,0.0000000,2.0000,0.0000000,4.0000,0.0000000,34.0000,0.0000000,436.5760,0.0000000,3.1381,0.0000000,0.4831,0.0000000,3.6729,0.0000000,1.0000,[],4
12.0211,15.7759,5.3261,0.0422040,CC(NC(=O)c1cc(Cl)cc2ccn(C(=O)NC(C)(C)C)c12)c1ccc(-c2cnn(C)c2)cc1,1,n1([*])ccc2cc(Cl)cc(C(NC(C)c3ccc([*])cc3)=O)c12,CC(NC(*)=O)(C)C|c1nn(C)cc1*,O=C(NCc1ccc(-c2cn[nH]c2)cc1)c1cccc2cc[nH]c12,0.4044654,0.4045,-6.6882000,-6.6882,0.8835662,477.9960,0.0000000,5.5424,1.0000000,80.9500,1.0000000,1.0000,1.0000000,5.0000,0.5000000,2.0000,0.9693466,4.0000,0.9556430,34.0000,0.6868947,429.5280,0.8856799,3.2217,1.0000000,0.3973,3.6967614,3.6968,1.0000000,1.0000,[],4
16.6597,18.2517,-18.2517,0.0000000,COc1ncccc1C#Cc1ccc(C(C)NC(=O)c2cc(Cl)cc3ccn(C(=O)OC(C)(C)C)c23)cc1,1,n1([*])ccc2cc(Cl)cc(C(NC(C)c3ccc([*])cc3)=O)c12,CC(OC(*)=O)(C)C|c1(C#C*)c(OC)nccc1,O=C(NCc1ccc(C#Cc2cccnc2)cc1)c1cccc2cc[nH]c12,0.0000000,0.0000,0.0000000,0.0000,0.0000000,0.0000,0.0000000,0.0000,0.0000000,0.0000,0.0000000,0.0000,0.0000000,0.0000,0.0000000,0.0000,0.0000000,0.0000,0.0000000,0.0000,0.0000000,0.0000,0.0000000,0.0000,0.0000000,0.0000,0.0000000,0.0000,0.0000000,0.0000,"['C#C', 'C(=[O,S])[O,S]']",4
27.8358,29.6702,-29.6702,0.0000000,CCOC(=O)c1cccc2c(-c3ccc(C(C)NC(=O)c4cc(Cl)cc5ccn(C(=O)OC(C)(C)C)c45)cc3)cn(C)c12,1,n1([*])ccc2cc(Cl)cc(C(NC(C)c3ccc([*])cc3)=O)c12,CC(OC(=O)*)(C)C|CCOC(=O)c1c2c(ccc1)c(*)cn2C,O=C(NCc1ccc(-c2c[nH]c3ccccc23)cc1)c1cccc2cc[nH]c12,0.0000000,0.0000,0.0000000,0.0000,0.0000000,0.0000,0.0000000,0.0000,0.0000000,0.0000,0.0000000,0.0000,0.0000000,0.0000,0.0000000,0.0000,0.0000000,0.0000,0.0000000,0.0000,0.0000000,0.0000,0.0000000,0.0000,0.0000000,0.0000,0.0000000,0.0000,0.0000000,0.0000,"['C(=[O,S])[O,S]']",4
12.7090,12.9606,-12.9606,0.0000000,CC(NC(=O)c1cc(Cl)cc2ccn(C(=O)OC(C)(C)C)c12)c1ccc(-c2ccccc2)cc1,1,n1([*])ccc2cc(Cl)cc(C(NC(C)c3ccc([*])cc3)=O)c12,CC(OC(=O)*)(C)C|c1(*)ccccc1,O=C(NCc1ccc(-c2ccccc2)cc1)c1cccc2cc[nH]c12,0.0000000,0.0000,0.0000000,0.0000,0.0000000,0.0000,0.0000000,0.0000,0.0000000,0.0000,0.0000000,0.0000,0.0000000,0.0000,0.0000000,0.0000,0.0000000,0.0000,0.0000000,0.0000,0.0000000,0.0000,0.0000000,0.0000,0.0000000,0.0000,0.0000000,0.0000,0.0000000,0.0000,"['C(=[O,S])[O,S]']",4
15.2502,21.4101,-21.4101,0.0000000,CCN(C)C(=O)n1ccc2cc(Cl)cc(C(=O)NC(C)c3ccc(C#CCN(C)C)cc3)c21,1,n1([*])ccc2cc(Cl)cc(C(NC(C)c3ccc([*])cc3)=O)c12,CCN(C(*)=O)C|*C#CCN(C)C,O=C(NCc1ccccc1)c1cccc2cc[nH]c12,0.0000000,0.0000,0.0000000,0.0000,0.0000000,0.0000,0.0000000,0.0000,0.0000000,0.0000,0.0000000,0.0000,0.0000000,0.0000,0.0000000,0.0000,0.0000000,0.0000,0.0000000,0.0000,0.0000000,0.0000,0.0000000,0.0000,0.0000000,0.0000,0.0000000,0.0000,0.0000000,0.0000,['C#C'],4
15.4657,15.6492,-15.6492,0.0000000,CCOC(=O)n1ccc2cc(Cl)cc(C(=O)NC(C)c3ccc(C4CCOCC4)cc3)c21,1,n1([*])ccc2cc(Cl)cc(C(NC(C)c3ccc([*])cc3)=O)c12,CCOC(=O)*|C1C(*)CCOC1,O=C(NCc1ccc(C2CCOCC2)cc1)c1cccc2cc[nH]c12,0.0000000,0.0000,0.0000000,0.0000,0.0000000,0.0000,0.0000000,0.0000,0.0000000,0.0000,0.0000000,0.0000,0.0000000,0.0000,0.0000000,0.0000,0.0000000,0.0000,0.0000000,0.0000,0.0000000,0.0000,0.0000000,0.0000,0.0000000,0.0000,0.0000000,0.0000,0.0000000,0.0000,"['C(=[O,S])[O,S]']",4
15.4222,16.5408,-16.5408,0.0000000,CCOC(=O)n1ccc2cc(Cl)cc(C(=O)NC(C)c3ccc(-c4cn[nH]c4)cc3)c21,1,n1([*])ccc2cc(Cl)cc(C(NC(C)c3ccc([*])cc3)=O)c12,CCOC(=O)*|c1c(*)cn[nH]1,O=C(NCc1ccc(-c2cn[nH]c2)cc1)c1cccc2cc[nH]c12,0.0000000,0.0000,0.0000000,0.0000,0.0000000,0.0000,0.0000000,0.0000,0.0000000,0.0000,0.0000000,0.0000,0.0000000,0.0000,0.0000000,0.0000,0.0000000,0.0000,0.0000000,0.0000,0.0000000,0.0000,0.0000000,0.0000,0.0000000,0.0000,0.0000000,0.0000,0.0000000,0.0000,"['C(=[O,S])[O,S]']",4
18.8610,20.2997,-20.2997,0.0000000,CCOC(=O)n1ccc2cc(Cl)cc(C(=O)NC(C)c3ccc(-c4ccn(C5CCCCO5)n4)cc3)c21,1,n1([*])ccc2cc(Cl)cc(C(NC(C)c3ccc([*])cc3)=O)c12,CCOC(=O)*|c1cn(C2OCCCC2)nc1*,O=C(NCc1ccc(-c2ccn(C3CCCCO3)n2)cc1)c1cccc2cc[nH]c12,0.0000000,0.0000,0.0000000,0.0000,0.0000000,0.0000,0.0000000,0.0000,0.0000000,0.0000,0.0000000,0.0000,0.0000000,0.0000,0.0000000,0.0000,0.0000000,0.0000,0.0000000,0.0000,0.0000000,0.0000,0.0000000,0.0000,0.0000000,0.0000,0.0000000,0.0000,0.0000000,0.0000,"['C(=[O,S])[O,S]']",4
17.2588,17.8911,3.3028,0.0423876,COc1cc(-c2ccc(C(C)NC(=O)c3cc(Cl)cc4ccn(C(=O)N(C)C)c34)cc2)n(C)n1,1,n1([*])ccc2cc(Cl)cc(C(NC(C)c3ccc([*])cc3)=O)c12,CN(C(*)=O)C|c1c(OC)nn(C)c1*,O=C(NCc1ccc(-c2ccn[nH]2)cc1)c1cccc2cc[nH]c12,0.4485953,0.4486,-7.5465900,-7.5466,0.8635409,479.9680,0.0000001,4.7245,1.0000000,81.3900,1.0000000,1.0000,0.9999999,6.0000,0.9467598,1.0000,0.9467598,5.0000,0.9556430,34.0000,0.7327329,423.7200,0.8741072,3.3169,0.9999969,0.4449,3.5780928,3.5781,1.0000000,1.0000,[],4
16.0788,15.8500,-15.8500,0.0000000,COC(=O)N1CCN(c2ccc(C(C)NC(=O)c3cc(Cl)cc4ccn(C(=O)N(C)C)c34)cc2)CC1,1,n1([*])ccc2cc(Cl)cc(C(NC(C)c3ccc([*])cc3)=O)c12,CN(C(=O)*)C|N1(C(=O)OC)CCN(*)CC1,O=C(NCc1ccc(N2CCNCC2)cc1)c1cccc2cc[nH]c12,0.0000000,0.0000,0.0000000,0.0000,0.0000000,0.0000,0.0000000,0.0000,0.0000000,0.0000,0.0000000,0.0000,0.0000000,0.0000,0.0000000,0.0000,0.0000000,0.0000,0.0000000,0.0000,0.0000000,0.0000,0.0000000,0.0000,0.0000000,0.0000,0.0000000,0.0000,0.0000000,0.0000,"['C(=[O,S])[O,S]']",4
12.6117,12.9936,-10.9392,0.0041089,CC(NC(=O)c1cc(Cl)cc2ccn(C(=O)N(C)C)c12)c1ccc(N2CCN(C)CC2)cc1,1,n1([*])ccc2cc(Cl)cc(C(NC(C)c3ccc([*])cc3)=O)c12,CN(C)C(*)=O|*N1CCN(C)CC1,O=C(NCc1ccc(N2CCNCC2)cc1)c1cccc2cc[nH]c12,0.6280375,0.6280,-8.3985000,-8.3985,0.9501317,468.0010,0.0000068,4.0672,1.0000000,60.8200,1.0000000,1.0000,1.0000000,5.0000,0.9467598,1.0000,0.9693466,4.0000,0.9631018,33.0000,0.7294130,424.1600,0.9032116,3.0601,0.0000000,0.6336,2.8652966,2.8653,1.0000000,1.0000,[],4
11.3739,9.5617,36.5582,0.0922397,CC(NC(=O)c1cc(Cl)cc2ccn(C(=O)N(C)C)c12)c1ccc(C(F)(F)F)cc1,1,n1([*])ccc2cc(Cl)cc(C(NC(C)c3ccc([*])cc3)=O)c12,CN(C)C(=O)*|*C(F)(F)F,O=C(NCc1ccccc1)c1cccc2cc[nH]c12,0.6014361,0.6014,0.1982900,0.1983,0.9967450,437.8490,0.0000000,5.3342,1.0000000,54.3400,1.0000000,1.0000,1.0000000,3.0000,0.9467598,1.0000,0.9825279,3.0000,0.9789100,30.0000,0.9698174,359.5840,0.9051380,3.0408,0.0000000,0.6492,4.0836811,4.0837,1.0000000,1.0000,[],4
22.9508,24.4695,-24.4695,0.0000000,CC(NC(=O)c1cc(Cl)cc2ccn(C(=O)N(C)C)c12)c1ccc(-c2cnn(C(CO)CF)c2)cc1,1,n1([*])ccc2cc(Cl)cc(C(NC(C)c3ccc([*])cc3)=O)c12,CN(C)C(=O)*|c1nn(C(CO)CF)cc1*,O=C(NCc1ccc(-c2cn[nH]c2)cc1)c1cccc2cc[nH]c12,0.0000000,0.0000,0.0000000,0.0000,0.0000000,0.0000,0.0000000,0.0000,0.0000000,0.0000,0.0000000,0.0000,0.0000000,0.0000,0.0000000,0.0000,0.0000000,0.0000,0.0000000,0.0000,0.0000000,0.0000,0.0000000,0.0000,0.0000000,0.0000,0.0000000,0.0000,0.0000000,0.0000,['[OH]'],4
8.9879,10.0118,-10.0118,0.0000000,CNC(=O)n1ccc2cc(Cl)cc(C(=O)NC(C)c3ccc(C(F)(F)F)cc3)c21,2,n1([*])ccc2cc(Cl)cc(C(NC(C)c3ccc([*])cc3)=O)c12,CNC(*)=O|FC(F)(F)*,O=C(NCc1ccccc1)c1cccc2cc[nH]c12,0.0000000,0.6229,-0.0000000,-10.8909,0.0000000,423.8220,0.0000000,4.9920,0.0000000,63.1300,0.0000000,1.0000,0.0000000,3.0000,0.0000000,2.0000,0.0000000,3.0000,0.0000000,29.0000,0.0000000,344.5280,0.0000000,3.0263,0.0000000,0.6101,0.0000000,4.1557,0.0000000,1.0000,[],4
16.0816,21.8601,-0.4950,0.0427302,CNC(=O)n1ccc2cc(Cl)cc(C(=O)NC(C)c3ccc(-c4[nH]cnc4C#N)cc3)c21,1,n1([*])ccc2cc(Cl)cc(C(NC(C)c3ccc([*])cc3)=O)c12,CNC(*)=O|c1(C#N)c(*)[nH]cn1,O=C(NCc1ccc(-c2cnc[nH]2)cc1)c1cccc2cc[nH]c12,0.4345110,0.4345,-6.7337600,-6.7338,0.9925412,446.8980,0.0000026,4.2350,0.9996733,115.6000,1.0000000,1.0000,1.0000000,5.0000,0.0532402,3.0000,0.9693466,4.0000,0.9693466,32.0000,0.9334296,381.1920,0.8550115,3.4587,1.0000000,0.2844,3.2848608,3.2849,1.0000000,1.0000,[],4
19.1151,19.9275,-14.3481,0.0111587,COc1cccc(C(=O)n2ccc3cc(Cl)cc(C(=O)NC(C)c4ccc(N5CCOCC5)cc4)c32)c1OC,1,n1([*])ccc2cc(Cl)cc(C(NC(C)c3ccc([*])cc3)=O)c12,COc1c(OC)c(C(*)=O)ccc1|C1OCCN(*)C1,O=C(NCc1ccc(N2CCOCC2)cc1)c1cccc2ccn(C(=O)c3ccccc3)c12,0.3367673,0.3368,-8.2124200,-8.2124,0.0118378,548.0390,0.0000000,5.3280,1.0000000,82.0300,1.0000000,1.0000,0.9999900,7.0000,0.9467598,1.0000,0.8490205,7.0000,0.8919391,39.0000,0.2419382,479.7600,0.8981313,3.1094,0.2126037,0.5057,3.7976363,3.7976,1.0000000,1.0000,[],4
11.1786,10.1694,1.0435,0.0224257,Cc1ccc(C(C)NC(=O)c2cc(Cl)cc3ccn(C(=O)N(C)C)c23)cc1,1,n1([*])ccc2cc(Cl)cc(C(NC(C)c3ccc([*])cc3)=O)c12,N(C(*)=O)(C)C|*C,O=C(NCc1ccccc1)c1cccc2cc[nH]c12,0.7167794,0.7168,-10.0187800,-10.0188,0.9999774,383.8790,0.0000002,4.6238,1.0000000,54.3400,1.0000000,1.0000,1.0000000,3.0000,0.9467598,1.0000,0.9825279,3.0000,0.9880297,27.0000,0.9827062,344.7280,0.9179896,2.9021,0.0028587,0.5254,3.4758651,3.4759,1.0000000,1.0000,[],4
15.9762,21.5659,1.6125,0.0463567,CCNC(=O)n1ccc2cc(Cl)cc(C(=O)NC(C)c3ccc(C(C)C#N)cc3)c21,1,n1([*])ccc2cc(Cl)cc(C(NC(C)c3ccc([*])cc3)=O)c12,N(C(*)=O)CC|C(C)(C#N)*,O=C(NCc1ccccc1)c1cccc2cc[nH]c12,0.6067007,0.6067,-8.8276100,-8.8276,0.9991753,422.9160,0.0000000,4.9904,1.0000000,86.9200,1.0000000,2.0000,1.0000000,4.0000,0.5000000,2.0000,0.9467598,5.0000,0.9789100,30.0000,0.9366913,379.7920,0.8541254,3.4649,0.9989198,0.4703,3.5510006,3.5510,1.0000000,1.0000,[],4
14.7164,14.0358,-11.9456,0.0041805,CNC(=O)n1ccc2cc(Cl)cc(C(=O)NC(C)c3ccc(N4CCN(C)CC4)cc3)c21,1,n1([*])ccc2cc(Cl)cc(C(NC(C)c3ccc([*])cc3)=O)c12,N(C(=O)*)C|CN1CCN(*)CC1,O=C(NCc1ccc(N2CCNCC2)cc1)c1cccc2cc[nH]c12,0.6312450,0.6312,-7.4877600,-7.4878,0.9857851,453.9740,0.0000486,3.7250,1.0000000,69.6100,1.0000000,1.0000,1.0000000,5.0000,0.5000000,2.0000,0.9693466,4.0000,0.9693466,32.0000,0.8434278,406.1200,0.9050837,3.0413,0.0000000,0.5970,2.9436395,2.9436,1.0000000,1.0000,[],4
24.1964,28.1180,-8.1226,0.0399909,CNC(=O)n1ccc2cc(Cl)cc(C(=O)NC(C)c3ccc(N4CCc5cccnc5C4)cc3)c21,1,n1([*])ccc2cc(Cl)cc(C(NC(C)c3ccc([*])cc3)=O)c12,N(C(=O)*)C|c1cc2c(nc1)CN(*)CC2,O=C(NCc1ccc(N2CCc3cccnc3C2)cc1)c1cccc2cc[nH]c12,0.4274816,0.4275,-8.4990300,-8.4990,0.7513957,487.9910,0.0000000,4.9309,1.0000000,79.2600,1.0000000,1.0000,1.0000000,5.0000,0.5000000,2.0000,0.9693466,4.0000,0.9467598,35.0000,0.6893327,429.2320,0.8778293,3.2871,1.0000000,0.2862,3.3895071,3.3895,1.0000000,1.0000,[],4
41.5878,43.9148,-43.9148,0.0000000,CC(NC(=O)c1cc(Cl)cc2ccn(C(=O)N(C)CC(OC(=O)C3CCN(C(C)C)CC3)c3ccccc3)c12)c1ccc(CC(=O)N(C)C)cc1,1,n1([*])ccc2cc(Cl)cc(C(NC(C)c3ccc([*])cc3)=O)c12,N(C)(C(=O)*)CC(OC(C1CCN(C(C)C)CC1)=O)c1ccccc1|*CC(N(C)C)=O,O=C(NCc1ccccc1)c1cccc2ccn(C(=O)NCC(OC(=O)C3CCNCC3)c3ccccc3)c12,0.0000000,0.0000,0.0000000,0.0000,0.0000000,0.0000,0.0000000,0.0000,0.0000000,0.0000,0.0000000,0.0000,0.0000000,0.0000,0.0000000,0.0000,0.0000000,0.0000,0.0000000,0.0000,0.0000000,0.0000,0.0000000,0.0000,0.0000000,0.0000,0.0000000,0.0000,0.0000000,0.0000,"['C(=[O,S])[O,S]']",4
17.2490,18.5043,3.6895,0.0443876,CC(NC(=O)c1cc(Cl)cc2ccn(C(=O)N(C)C)c12)c1ccc(C2CCN(C)C2=O)cc1,1,n1([*])ccc2cc(Cl)cc(C(NC(C)c3ccc([*])cc3)=O)c12,N(C)(C(=O)*)C|C1CN(C)C(=O)C1*,O=C(NCc1ccc(C2CCNC2=O)cc1)c1cccc2cc[nH]c12,0.6238440,0.6238,-9.2570600,-9.2571,0.9544476,466.9690,0.0000023,4.2611,1.0000000,74.6500,1.0000000,2.0000,1.0000000,4.0000,0.9467598,1.0000,0.9693466,4.0000,0.9631018,33.0000,0.7895637,415.5440,0.8404828,3.5566,1.0000000,0.0372,3.0762150,3.0762,1.0000000,1.0000,[],4
9.2686,9.7712,-9.7712,0.0000000,CNC(=O)n1ccc2cc(Cl)cc(C(=O)NC(C)c3ccc(C(F)(F)F)cc3)c21,2,n1([*])ccc2cc(Cl)cc(C(NC(C)c3ccc([*])cc3)=O)c12,N(C)C(*)=O|*C(F)(F)F,O=C(NCc1ccccc1)c1cccc2cc[nH]c12,0.0000000,0.6229,-0.0000000,-10.8909,0.0000000,423.8220,0.0000000,4.9920,0.0000000,63.1300,0.0000000,1.0000,0.0000000,3.0000,0.0000000,2.0000,0.0000000,3.0000,0.0000000,29.0000,0.0000000,344.5280,0.0000000,3.0263,0.0000000,0.6101,0.0000000,4.1557,0.0000000,1.0000,[],4
27.2049,31.0532,-31.0532,0.0000000,CCOc1ncccc1-c1ccc(C(C)NC(=O)c2cc(Cl)cc3ccn(C(=O)N4CCC(CC(=O)O)CC4)c23)cc1,1,n1([*])ccc2cc(Cl)cc(C(NC(C)c3ccc([*])cc3)=O)c12,N1(C(*)=O)CCC(CC(O)=O)CC1|n1c(OCC)c(*)ccc1,O=C(NCc1ccc(-c2cccnc2)cc1)c1cccc2ccn(C(=O)N3CCCCC3)c12,0.0000000,0.0000,0.0000000,0.0000,0.0000000,0.0000,0.0000000,0.0000,0.0000000,0.0000,0.0000000,0.0000,0.0000000,0.0000,0.0000000,0.0000,0.0000000,0.0000,0.0000000,0.0000,0.0000000,0.0000,0.0000000,0.0000,0.0000000,0.0000,0.0000000,0.0000,0.0000000,0.0000,"['C(=[O,S])[O,S]', '[OH]']",4
16.5490,18.3148,-18.3148,0.0000000,CC(NC(=O)c1cc(Cl)cc2ccn(C(=O)N3CCCCCCC3)c12)c1ccc(C(C)(C)C)cc1,1,n1([*])ccc2cc(Cl)cc(C(NC(C)c3ccc([*])cc3)=O)c12,N1(C(*)=O)CCCCCCC1|*C(C)(C)C,O=C(NCc1ccccc1)c1cccc2ccn(C(=O)N3CCCCCCC3)c12,0.0000000,0.0000,0.0000000,0.0000,0.0000000,0.0000,0.0000000,0.0000,0.0000000,0.0000,0.0000000,0.0000,0.0000000,0.0000,0.0000000,0.0000,0.0000000,0.0000,0.0000000,0.0000,0.0000000,0.0000,0.0000000,0.0000,0.0000000,0.0000,0.0000000,0.0000,0.0000000,0.0000,['[*;r8]'],4
9.2645,10.0954,-10.0954,0.0000000,CC(NC(=O)c1cc(Cl)cc2ccn(C(N)=O)c12)c1ccc(N2CCOCC2)cc1,2,n1([*])ccc2cc(Cl)cc(C(NC(C)c3ccc([*])cc3)=O)c12,NC(*)=O|C1CN(*)CCO1,O=C(NCc1ccc(N2CCOCC2)cc1)c1cccc2cc[nH]c12,0.0000000,0.0000,0.0000000,0.0000,0.0000000,0.0000,0.0000000,0.0000,0.0000000,0.0000,0.0000000,0.0000,0.0000000,0.0000,0.0000000,0.0000,0.0000000,0.0000,0.0000000,0.0000,0.0000000,0.0000,0.0000000,0.0000,0.0000000,0.0000,0.0000000,0.0000,0.0000000,0.0000,['[NH2]'],4
19.7499,19.8290,-19.8290,0.0000000,CC(NC(=O)c1cc(Cl)cc2ccn(C(N)=O)c12)c1ccc(C2C3CNCC32)cc1,1,n1([*])ccc2cc(Cl)cc(C(NC(C)c3ccc([*])cc3)=O)c12,NC(*)=O|C1NCC2C(*)C12,O=C(NCc1ccc(C2C3CNCC32)cc1)c1cccc2cc[nH]c12,0.0000000,0.0000,0.0000000,0.0000,0.0000000,0.0000,0.0000000,0.0000,0.0000000,0.0000,0.0000000,0.0000,0.0000000,0.0000,0.0000000,0.0000,0.0000000,0.0000,0.0000000,0.0000,0.0000000,0.0000,0.0000000,0.0000,0.0000000,0.0000,0.0000000,0.0000,0.0000000,0.0000,['[NH2]'],4
6.7943,6.8570,-6.8570,0.0000000,Cc1ccc(C(C)NC(=O)c2cc(Cl)cc3ccn(C(N)=O)c23)cc1,1,n1([*])ccc2cc(Cl)cc(C(NC(C)c3ccc([*])cc3)=O)c12,NC(=O)*|C*,O=C(NCc1ccccc1)c1cccc2cc[nH]c12,0.0000000,0.0000,0.0000000,0.0000,0.0000000,0.0000,0.0000000,0.0000,0.0000000,0.0000,0.0000000,0.0000,0.0000000,0.0000,0.0000000,0.0000,0.0000000,0.0000,0.0000000,0.0000,0.0000000,0.0000,0.0000000,0.0000,0.0000000,0.0000,0.0000000,0.0000,0.0000000,0.0000,['[NH2]'],4
18.6064,16.8715,-16.8715,0.0000000,CC(NC(=O)c1cc(Cl)cc2ccn(C(N)=O)c12)c1ccc(N2CCOCC(F)(F)C2)cc1,1,n1([*])ccc2cc(Cl)cc(C(NC(C)c3ccc([*])cc3)=O)c12,NC(=O)*|C1COCC(F)(F)CN1*,O=C(NCc1ccc(N2CCCOCC2)cc1)c1cccc2cc[nH]c12,0.0000000,0.0000,0.0000000,0.0000,0.0000000,0.0000,0.0000000,0.0000,0.0000000,0.0000,0.0000000,0.0000,0.0000000,0.0000,0.0000000,0.0000,0.0000000,0.0000,0.0000000,0.0000,0.0000000,0.0000,0.0000000,0.0000,0.0000000,0.0000,0.0000000,0.0000,0.0000000,0.0000,['[NH2]'],4
23.5742,26.3865,-26.3865,0.0000000,CC(NC(=O)c1cc(Cl)cc2ccn(C(N)=O)c12)c1ccc(N2CCCN(S(=O)(=O)N(C)C)CC2)cc1,1,n1([*])ccc2cc(Cl)cc(C(NC(C)c3ccc([*])cc3)=O)c12,NC(=O)*|N1(S(=O)(=O)N(C)C)CCN(*)CCC1,O=C(NCc1ccc(N2CCCNCC2)cc1)c1cccc2cc[nH]c12,0.0000000,0.0000,0.0000000,0.0000,0.0000000,0.0000,0.0000000,0.0000,0.0000000,0.0000,0.0000000,0.0000,0.0000000,0.0000,0.0000000,0.0000,0.0000000,0.0000,0.0000000,0.0000,0.0000000,0.0000,0.0000000,0.0000,0.0000000,0.0000,0.0000000,0.0000,0.0000000,0.0000,['[NH2]'],4
13.9581,16.8411,-16.8410,0.0000000,CC(NC(=O)c1cc(Cl)cc2ccn(C(=O)OC(C)(C)C)c12)c1ccc(-c2ccc(C#N)cc2)cc1,1,n1([*])ccc2cc(Cl)cc(C(NC(C)c3ccc([*])cc3)=O)c12,O(C(*)=O)C(C)(C)C|c1(C#N)ccc(*)cc1,O=C(NCc1ccc(-c2ccccc2)cc1)c1cccc2cc[nH]c12,0.0000000,0.0000,0.0000000,0.0000,0.0000000,0.0000,0.0000000,0.0000,0.0000000,0.0000,0.0000000,0.0000,0.0000000,0.0000,0.0000000,0.0000,0.0000000,0.0000,0.0000000,0.0000,0.0000000,0.0000,0.0000000,0.0000,0.0000000,0.0000,0.0000000,0.0000,0.0000000,0.0000,"['C(=[O,S])[O,S]']",4
13.3966,15.8417,-15.8416,0.0000000,CC(NC(=O)c1cc(Cl)cc2ccn(C(=O)OC(C)(C)C)c12)c1ccc(-c2cccnc2)cc1,2,n1([*])ccc2cc(Cl)cc(C(NC(C)c3ccc([*])cc3)=O)c12,O(C(=O)*)C(C)(C)C|c1(*)cnccc1,O=C(NCc1ccc(-c2cccnc2)cc1)c1cccc2cc[nH]c12,0.0000000,0.0000,0.0000000,0.0000,0.0000000,0.0000,0.0000000,0.0000,0.0000000,0.0000,0.0000000,0.0000,0.0000000,0.0000,0.0000000,0.0000,0.0000000,0.0000,0.0000000,0.0000,0.0000000,0.0000,0.0000000,0.0000,0.0000000,0.0000,0.0000000,0.0000,0.0000000,0.0000,"['C(=[O,S])[O,S]']",4
21.9314,24.4858,-18.8210,0.0113295,CC(NC(=O)c1cc(Cl)cc2ccn(C(=O)N3CCOCC3)c12)c1ccc(-c2cncc(OC(F)F)c2)cc1,1,n1([*])ccc2cc(Cl)cc(C(NC(C)c3ccc([*])cc3)=O)c12,O1CCN(C(*)=O)CC1|c1ncc(*)cc1OC(F)F,O=C(NCc1ccc(-c2cccnc2)cc1)c1cccc2ccn(C(=O)N3CCOCC3)c12,0.3279543,0.3280,-8.2276200,-8.2276,0.0062809,554.9810,0.0000000,5.7494,1.0000000,85.6900,1.0000000,1.0000,0.9999999,6.0000,0.9467598,1.0000,0.9090909,6.0000,0.8919391,39.0000,0.4057375,459.9440,0.8692918,3.3543,1.0000000,0.3130,3.5672705,3.5673,1.0000000,1.0000,[],4
25.4511,27.2372,-20.1485,0.0141774,CC(NC(=O)c1cc(Cl)cc2ccn(C(=O)CN3CCOCC3)c12)c1ccc(-c2c[nH]c(=O)c(C#N)c2)cc1,1,n1([*])ccc2cc(Cl)cc(C(NC(C)c3ccc([*])cc3)=O)c12,O1CCN(CC(*)=O)CC1|c1(C#N)c(=O)[nH]cc(*)c1,O=C(NCc1ccc(-c2ccc(=O)[nH]c2)cc1)c1cccc2ccn(C(=O)CN3CCOCC3)c12,0.3793221,0.3793,-11.5061200,-11.5061,0.0170642,544.0110,0.0000108,3.9851,0.9985085,120.2200,1.0000000,1.0000,0.9999900,7.0000,0.5000000,2.0000,0.9090909,6.0000,0.8919391,39.0000,0.3546475,465.6000,0.8627073,3.4036,1.0000000,0.4130,2.8433959,2.8434,1.0000000,1.0000,[],4
8.9706,9.5636,-9.5636,0.0000000,CC(=O)n1ccc2cc(Cl)cc(C(=O)NC(C)c3ccc(N4CCOCC4)cc3)c21,2,n1([*])ccc2cc(Cl)cc(C(NC(C)c3ccc([*])cc3)=O)c12,O=C(*)C|C1CN(*)CCO1,O=C(NCc1ccc(N2CCOCC2)cc1)c1cccc2cc[nH]c12,0.0000000,0.6771,-0.0000000,-5.1661,0.0000000,425.9160,0.0000000,4.2824,0.0000000,63.5700,0.0000000,1.0000,0.0000000,5.0000,0.0000000,1.0000,0.0000000,4.0000,0.0000000,30.0000,0.0000000,376.3520,0.0000000,2.9318,0.0000000,0.2839,0.0000000,3.4476,0.0000000,1.0000,[],4
15.4677,16.0017,-16.0017,0.0000000,CC(NC(=O)c1cc(Cl)cc2ccn(C(=O)N(C)C)c12)c1ccc(N2CCC(O)C2)cc1,1,n1([*])ccc2cc(Cl)cc(C(NC(C)c3ccc([*])cc3)=O)c12,O=C(*)N(C)C|C1N(*)CC(O)C1,O=C(NCc1ccc(N2CCCC2)cc1)c1cccc2cc[nH]c12,0.0000000,0.0000,0.0000000,0.0000,0.0000000,0.0000,0.0000000,0.0000,0.0000000,0.0000,0.0000000,0.0000,0.0000000,0.0000,0.0000000,0.0000,0.0000000,0.0000,0.0000000,0.0000,0.0000000,0.0000,0.0000000,0.0000,0.0000000,0.0000,0.0000000,0.0000,0.0000000,0.0000,['[OH]'],4
11.0792,12.4988,10.6555,0.0463086,CC(NC(=O)c1cc(Cl)cc2ccn(C(=O)N(C)C)c12)c1ccc(N(C)C)cc1,1,n1([*])ccc2cc(Cl)cc(C(NC(C)c3ccc([*])cc3)=O)c12,O=C(*)N(C)C|N(C)(*)C,O=C(NCc1ccccc1)c1cccc2cc[nH]c12,0.6913005,0.6913,-4.5537600,-4.5538,0.9996714,412.9210,0.0000011,4.3814,1.0000000,57.5800,1.0000000,1.0000,1.0000000,4.0000,0.9467598,1.0000,0.9693466,4.0000,0.9825279,29.0000,0.9517261,372.3120,0.9068189,3.0236,1.0000000,0.0716,3.2244546,3.2245,1.0000000,1.0000,[],4
27.4371,26.6958,-16.4522,0.0204873,COc1c(-c2ccc(C(C)NC(=O)c3cc(Cl)cc4ccn(C(=O)N(C)C)c34)cc2)ccc2c1CCC2=O,1,n1([*])ccc2cc(Cl)cc(C(NC(C)c3ccc([*])cc3)=O)c12,O=C(*)N(C)C|c1c(*)c(OC)c2c(c1)C(=O)CC2,O=C1CCc2cc(-c3ccc(CNC(=O)c4cccc5cc[nH]c45)cc3)ccc21,0.3375402,0.3375,-9.7231000,-9.7231,0.0592277,530.0240,0.0000000,6.1199,1.0000000,80.6400,1.0000000,1.0000,1.0000000,5.0000,0.9467598,1.0000,0.9467598,5.0000,0.9090909,38.0000,0.3484888,466.3040,0.8706331,3.3440,0.8098829,0.4937,4.1517115,4.1517,1.0000000,1.0000,[],4
33.9874,38.6952,-34.6834,0.0080238,Cc1[nH]c(=O)c(Cc2ccc(C(C)NC(=O)c3cc(Cl)cc4ccn(C(=O)N(C)C)c34)cc2)cc1-c1cccnc1,1,n1([*])ccc2cc(Cl)cc(C(NC(C)c3ccc([*])cc3)=O)c12,O=C(*)N(C)C|c1c(-c2cc(C*)c(=O)[nH]c2C)cncc1,O=C(NCc1ccc(Cc2cc(-c3cccnc3)c[nH]c2=O)cc1)c1cccc2cc[nH]c12,0.2640902,0.2641,-9.0582300,-9.0582,0.0018884,568.0770,0.0000000,5.9649,0.9999980,100.0900,1.0000000,1.0000,1.0000000,5.0000,0.5000000,2.0000,0.9090909,6.0000,0.8490205,41.0000,0.1207399,501.7360,0.8609322,3.4165,1.0000000,0.2915,3.5954750,3.5955,1.0000000,1.0000,[],4
27.9120,35.6110,-35.6110,0.0000000,CCN(C(=O)C1CC1c1ccccc1)C(=O)n1ccc2cc(Cl)cc(C(=O)NC(C)c3ccc(C#CCN(C)C)cc3)c21,1,n1([*])ccc2cc(Cl)cc(C(NC(C)c3ccc([*])cc3)=O)c12,O=C(*)N(CC)C(=O)C1CC1c1ccccc1|C(*)#CCN(C)C,O=C(NCc1ccccc1)c1cccc2ccn(C(=O)NC(=O)C3CC3c3ccccc3)c12,0.0000000,0.0000,0.0000000,0.0000,0.0000000,0.0000,0.0000000,0.0000,0.0000000,0.0000,0.0000000,0.0000,0.0000000,0.0000,0.0000000,0.0000,0.0000000,0.0000,0.0000000,0.0000,0.0000000,0.0000,0.0000000,0.0000,0.0000000,0.0000,0.0000000,0.0000,0.0000000,0.0000,['C#C'],4
14.8714,21.3930,-18.2325,0.0063210,CCN(CC)CCCNC(=O)n1ccc2cc(Cl)cc(C(=O)NC(C)c3ccc(N(C)C)cc3)c21,1,n1([*])ccc2cc(Cl)cc(C(NC(C)c3ccc([*])cc3)=O)c12,O=C(*)NCCCN(CC)CC|CN(*)C,O=C(NCc1ccccc1)c1cccc2cc[nH]c12,0.3803410,0.3803,-9.0594900,-9.0595,0.5443001,498.0710,0.0000000,5.1413,1.0000000,69.6100,1.0000000,1.0000,1.0000000,5.0000,0.5000000,2.0000,0.5000000,10.0000,0.9467598,35.0000,0.3316111,468.2640,0.8927690,3.1592,0.0000026,0.5558,2.3536842,2.3537,1.0000000,1.0000,[],4
18.5065,19.9635,-17.9171,0.0040927,COCCCNC(=O)n1ccc2cc(Cl)cc(C(=O)NC(C)c3ccc(C(F)(F)F)cc3)c21,1,n1([*])ccc2cc(Cl)cc(C(NC(C)c3ccc([*])cc3)=O)c12,O=C(*)NCCCOC|C(F)(*)(F)F,O=C(NCc1ccccc1)c1cccc2cc[nH]c12,0.4438059,0.4438,-7.6924400,-7.6924,0.8411603,481.9020,0.0000000,5.3987,1.0000000,72.3600,1.0000000,1.0000,1.0000000,4.0000,0.5000000,2.0000,0.8490205,7.0000,0.9631018,33.0000,0.8625757,402.1360,0.9017956,3.0740,0.0000000,0.8849,4.0638952,4.0639,1.0000000,1.0000,[],4
11.4143,12.0831,-12.0831,0.0000000,CCNC(=O)n1ccc2cc(Cl)cc(C(=O)NC(C)c3ccc(CC(=O)O)cc3)c21,1,n1([*])ccc2cc(Cl)cc(C(NC(C)c3ccc([*])cc3)=O)c12,O=C(*)NCC|*CC(=O)O,O=C(NCc1ccccc1)c1cccc2cc[nH]c12,0.0000000,0.0000,0.0000000,0.0000,0.0000000,0.0000,0.0000000,0.0000,0.0000000,0.0000,0.0000000,0.0000,0.0000000,0.0000,0.0000000,0.0000,0.0000000,0.0000,0.0000000,0.0000,0.0000000,0.0000,0.0000000,0.0000,0.0000000,0.0000,0.0000000,0.0000,0.0000000,0.0000,"['C(=[O,S])[O,S]', '[OH]']",4
20.5829,24.3059,-22.6597,0.0032924,Cc1cc(C(=O)n2ccc3cc(Cl)cc(C(=O)NC(C)c4ccc(-c5cnn(C)c5)cc4)c32)c(C)o1,1,n1([*])ccc2cc(Cl)cc(C(NC(C)c3ccc([*])cc3)=O)c12,O=C(*)c1c(C)oc(C)c1|c1(*)cnn(C)c1,O=C(NCc1ccc(-c2cn[nH]c2)cc1)c1cccc2ccn(C(=O)c3ccoc3)c12,0.3166075,0.3166,-9.2554400,-9.2554,0.4773123,500.9860,0.0000000,6.0845,1.0000000,82.0600,1.0000000,1.0000,0.9999999,6.0000,0.9467598,1.0000,0.9467598,5.0000,0.9362164,36.0000,0.6135737,437.9520,0.8822529,3.2507,0.0000000,0.8789,3.8825619,3.8826,1.0000000,1.0000,[],4
10.4362,9.3216,-9.3216,0.0000000,CC(=O)n1ccc2cc(Cl)cc(C(=O)NC(C)c3ccc(N4CCOCC4)cc3)c21,2,n1([*])ccc2cc(Cl)cc(C(NC(C)c3ccc([*])cc3)=O)c12,O=C(C)*|*N1CCOCC1,O=C(NCc1ccc(N2CCOCC2)cc1)c1cccc2cc[nH]c12,0.0000000,0.6771,-0.0000000,-5.1661,0.0000000,425.9160,0.0000000,4.2824,0.0000000,63.5700,0.0000000,1.0000,0.0000000,5.0000,0.0000000,1.0000,0.0000000,4.0000,0.0000000,30.0000,0.0000000,376.3520,0.0000000,2.9318,0.0000000,0.2839,0.0000000,3.4476,0.0000000,1.0000,[],4
22.4435,18.1787,5.1959,0.0467492,CC(=O)n1ccc2cc(Cl)cc(C(=O)NC(C)c3ccc(CC(=O)NC(C)(C)C)cc3)c21,1,n1([*])ccc2cc(Cl)cc(C(NC(C)c3ccc([*])cc3)=O)c12,O=C(C)*|C(C)(NC(C*)=O)(C)C,O=C(NCc1ccccc1)c1cccc2cc[nH]c12,0.5759739,0.5760,-8.4920500,-8.4921,0.9857903,453.9700,0.0000000,4.9030,1.0000000,80.2000,1.0000000,1.0000,1.0000000,4.0000,0.5000000,2.0000,0.9467598,5.0000,0.9693466,32.0000,0.7972127,414.3280,0.9083543,3.0077,1.0000000,0.4182,3.8552511,3.8553,1.0000000,1.0000,[],4
27.3472,26.2884,-23.4404,0.0056959,CC(=O)n1ccc2cc(Cl)cc(C(=O)NC(C)c3ccc(-c4nn(C)c5c(N6CC(C)OC(C)C6)cccc45)cc3)c21,1,n1([*])ccc2cc(Cl)cc(C(NC(C)c3ccc([*])cc3)=O)c12,O=C(C)*|O1C(C)CN(c2cccc3c(*)nn(C)c32)CC1C,O=C(NCc1ccc(-c2n[nH]c3c(N4CCOCC4)cccc23)cc1)c1cccc2cc[nH]c12,0.2516238,0.2516,-9.1538800,-9.1539,0.0004316,584.1200,0.0000000,6.6131,1.0000000,81.3900,1.0000000,3.0000,0.9999900,7.0000,0.9467598,1.0000,0.9467598,5.0000,0.8227450,42.0000,0.0592995,522.0240,0.7742615,3.9294,1.0000000,0.1288,4.2764921,4.2765,1.0000000,1.0000,[],4
19.1019,23.0491,-23.0491,0.0000000,CC(NC(=O)c1cc(Cl)cc2ccn(C(N)=O)c12)c1ccc(-c2cnc3c(=O)[nH]cnc3c2)cc1,1,n1([*])ccc2cc(Cl)cc(C(NC(C)c3ccc([*])cc3)=O)c12,O=C(N)*|c1nc2c(cc1*)nc[nH]c2=O,O=C(NCc1ccc(-c2cnc3c(=O)[nH]cnc3c2)cc1)c1cccc2cc[nH]c12,0.0000000,0.0000,0.0000000,0.0000,0.0000000,0.0000,0.0000000,0.0000,0.0000000,0.0000,0.0000000,0.0000,0.0000000,0.0000,0.0000000,0.0000,0.0000000,0.0000,0.0000000,0.0000,0.0000000,0.0000,0.0000000,0.0000,0.0000000,0.0000,0.0000000,0.0000,0.0000000,0.0000,['[NH2]'],4
9.1774,5.5144,-5.5144,0.0000000,Cc1ccc(C(C)NC(=O)c2cc(Cl)cc3ccn(C(=O)OC(C)(C)C)c23)cc1,2,n1([*])ccc2cc(Cl)cc(C(NC(C)c3ccc([*])cc3)=O)c12,O=C(OC(C)(C)C)*|C*,O=C(NCc1ccccc1)c1cccc2cc[nH]c12,0.0000000,0.0000,0.0000000,0.0000,0.0000000,0.0000,0.0000000,0.0000,0.0000000,0.0000,0.0000000,0.0000,0.0000000,0.0000,0.0000000,0.0000,0.0000000,0.0000,0.0000000,0.0000,0.0000000,0.0000,0.0000000,0.0000,0.0000000,0.0000,0.0000000,0.0000,0.0000000,0.0000,"['C(=[O,S])[O,S]']",4
15.5378,16.7336,-16.7336,0.0000000,CC(NC(=O)c1cc(Cl)cc2ccn(C(=O)OC(C)(C)C)c12)c1ccc(C2CCN(C3CCOCC3)CC2)cc1,1,n1([*])ccc2cc(Cl)cc(C(NC(C)c3ccc([*])cc3)=O)c12,O=C(OC(C)(C)C)*|C1(N2CCC(*)CC2)CCOCC1,O=C(NCc1ccc(C2CCN(C3CCOCC3)CC2)cc1)c1cccc2cc[nH]c12,0.0000000,0.0000,0.0000000,0.0000,0.0000000,0.0000,0.0000000,0.0000,0.0000000,0.0000,0.0000000,0.0000,0.0000000,0.0000,0.0000000,0.0000,0.0000000,0.0000,0.0000000,0.0000,0.0000000,0.0000,0.0000000,0.0000,0.0000000,0.0000,0.0000000,0.0000,0.0000000,0.0000,"['C(=[O,S])[O,S]']",4
28.7037,32.8056,-31.5599,0.0024915,CNC(=O)c1c(-c2ccc(-c3ccc(C(C)NC(=O)c4cc(Cl)cc5ccn(C(=O)c6ccccc6)c45)cc3)cn2)cnn1C,1,n1([*])ccc2cc(Cl)cc(C(NC(C)c3ccc([*])cc3)=O)c12,c1(C(*)=O)ccccc1|c1(-c2ccc(*)cn2)cnn(C)c1C(NC)=O,O=C(NCc1ccc(-c2ccc(-c3cn[nH]c3)nc2)cc1)c1cccc2ccn(C(=O)c3ccccc3)c12,0.2187946,0.2188,-9.2916400,-9.2916,0.0000207,617.1090,0.0000000,6.2963,0.9999301,110.9100,1.0000000,1.0000,0.9999900,7.0000,0.5000000,2.0000,0.8490205,7.0000,0.7230037,45.0000,0.0339319,537.2640,0.8609809,3.4162,1.0000000,0.2462,3.9020922,3.9021,1.0000000,1.0000,[],4
36.6101,39.3316,-39.3316,0.0000000,CC(NC(=O)c1cc(Cl)cc2ccn(C(=O)c3ccc(CN)cc3)c12)c1ccc(-c2nn(C)c3c(OCCN(C)C)nncc23)cc1,1,n1([*])ccc2cc(Cl)cc(C(NC(C)c3ccc([*])cc3)=O)c12,c1cc(C(*)=O)ccc1CN|C(N(C)C)COc1nncc2c1n(C)nc2*,O=C(NCc1ccc(-c2n[nH]c3cnncc23)cc1)c1cccc2ccn(C(=O)c3ccccc3)c12,0.0000000,0.0000,0.0000000,0.0000,0.0000000,0.0000,0.0000000,0.0000,0.0000000,0.0000,0.0000000,0.0000,0.0000000,0.0000,0.0000000,0.0000,0.0000000,0.0000,0.0000000,0.0000,0.0000000,0.0000,0.0000000,0.0000,0.0000000,0.0000,0.0000000,0.0000,0.0000000,0.0000,['[NH2]'],4
10.9090,11.4479,-9.2807,0.0043345,Cc1ccc(C(C)NC(=O)c2cc(Cl)cc3ccn(C(=O)c4ccccc4)c23)cc1,1,n1([*])ccc2cc(Cl)cc(C(NC(C)c3ccc([*])cc3)=O)c12,c1cccc(C(=O)*)c1|*C,O=C(NCc1ccccc1)c1cccc2ccn(C(=O)c3ccccc3)c12,0.4578988,0.4579,-10.5816200,-10.5816,0.9995256,416.9080,0.0000000,5.7826,1.0000000,51.1000,1.0000000,1.0000,1.0000000,3.0000,0.9467598,1.0000,0.9693466,4.0000,0.9789100,30.0000,0.9574797,368.8480,0.9338462,2.7006,0.0000000,0.7931,4.1851387,4.1851,1.0000000,1.0000,[],4
23.9971,29.6978,-29.6978,0.0000000,CC(NC(=O)c1cc(Cl)cc2ccn(C(=O)N3CCc4ccccc43)c12)c1ccc(C#CC(C)(C)O)cc1,1,n1([*])ccc2cc(Cl)cc(C(NC(C)c3ccc([*])cc3)=O)c12,c1cccc2c1N(C(=O)*)CC2|*C#CC(O)(C)C,O=C(NCc1ccccc1)c1cccc2ccn(C(=O)N3CCc4ccccc43)c12,0.0000000,0.0000,0.0000000,0.0000,0.0000000,0.0000,0.0000000,0.0000,0.0000000,0.0000,0.0000000,0.0000,0.0000000,0.0000,0.0000000,0.0000,0.0000000,0.0000,0.0000000,0.0000,0.0000000,0.0000,0.0000000,0.0000,0.0000000,0.0000,0.0000000,0.0000,0.0000000,0.0000,"['C#C', '[OH]']",4
28.4683,27.1757,-25.2560,0.0038396,CC(NC(=O)c1cc(Cl)cc2ccn(C(=O)c3conn3)c12)c1ccc(CCN(C)C)cc1,1,n1([*])ccc2cc(Cl)cc(C(NC(C)c3ccc([*])cc3)=O)c12,n1nc(C(*)=O)co1|C(*)CN(C)C,O=C(NCc1ccccc1)c1cccc2ccn(C(=O)c3conn3)c12,0.4437361,0.4437,-8.8001100,-8.8001,0.9583914,465.9410,0.0000125,3.9613,0.9999998,93.2600,1.0000000,1.0000,0.9999900,7.0000,0.9467598,1.0000,0.8490205,7.0000,0.9631018,33.0000,0.8492565,404.9520,0.8552653,3.4569,0.0000000,0.6667,2.7807724,2.7808,1.0000000,1.0000,[],4
