activity_id,assay_chembl_id,molecule_chembl_id,type,standard_units,relation,standard_value,target_chembl_id,target_organism,assay_description,assay_type,smiles,clint,units,assay_class
35512,CHEMBL620905,CHEMBL68366,CL,mL.min-1.kg-1,=,18.0,CHEMBL612558,,Plasma clearance of compound was determined in monkey,A,CC(C)(F)CC[C@H](C[C@H](O)[C@H](Cc1ccccc1)NC(=O)c1cnc2ccccc2n1)C(N)=O,18.0,mL.min-1.kg-1,species_only_monkey
39104,CHEMBL620905,CHEMBL303673,CL,mL.min-1.kg-1,=,33.0,CHEMBL612558,,Plasma clearance of compound was determined in monkey,A,O=C(N[C@@H](Cc1ccccc1)[C@@H](O)CC(C(=O)NO)C1CCC(F)(F)CC1)c1cnc2ccccc2n1,33.0,mL.min-1.kg-1,species_only_monkey
52311,CHEMBL625521,CHEMBL79433,CL,mL.min-1.kg-1,=,0.1,CHEMBL612558,,Total clearance of compound was determined in monkey at 5 mg/kg intravenously admn.,A,O=C(NO)C1(S(=O)(=O)c2ccc(Oc3ccc(Cl)cc3)cc2)CCN(Cc2ccccc2)CC1,0.1,mL.min-1.kg-1,species_only_monkey
64272,CHEMBL620905,CHEMBL308473,CL,mL.min-1.kg-1,=,18.0,CHEMBL612558,,Plasma clearance of compound was determined in monkey,A,CC(C)(O)CCC(C[C@H](O)[C@H](Cc1cccc(F)c1)NC(=O)c1cnc2ccccc2n1)C(N)=O,18.0,mL.min-1.kg-1,species_only_monkey
70761,CHEMBL620905,CHEMBL305423,CL,mL.min-1.kg-1,=,29.0,CHEMBL612558,,Plasma clearance of compound was determined in monkey,A,CC(C)(F)CCC(C[C@H](O)[C@H](Cc1ccccc1)NC(=O)c1cnc2ccccc2n1)C(=O)NO,29.0,mL.min-1.kg-1,species_only_monkey
90204,CHEMBL624290,CHEMBL3706620,CL,mL.min-1.kg-1,=,20.4,CHEMBL612558,,Plasma clearance after peroral administration at 10 mpk in Rhesus,A,CC(C)(c1ccc(-c2ccncc2)o1)N1CCN(C[C@@H](O)C[C@@H](Cc2ccccc2)C(=O)N[C@H]2c3ccccc3OC[C@H]2O)[C@H](C(=O)NCC(F)(F)F)C1,20.4,mL.min-1.kg-1,species_only_monkey
111180,CHEMBL621474,CHEMBL324489,CL,mL.min-1.kg-1,=,3.4,CHEMBL612558,,Plasma clearance in monkey after administration of 1 mg/kg iv,A,CN1CCN(C(=O)c2ccc3[nH]c(-c4cc5ccccc5nc4O)cc3c2)CC1,3.4,mL.min-1.kg-1,species_only_monkey
138178,CHEMBL620911,CHEMBL349096,CL,mL.min-1.kg-1,=,16.3,CHEMBL612558,,Plasma clearance was reported after intravenous administration at a dose of 1 mg/kg in Rhesus monkey (male),A,C[C@@]1(C(=O)N[C@@H](Cc2ccccc2)C(=O)O)CCCN1S(=O)(=O)c1cc(Cl)cc(Cl)c1,16.3,mL.min-1.kg-1,species_only_monkey
138179,CHEMBL620912,CHEMBL349096,CL,mL.min-1.kg-1,=,16.3,CHEMBL612558,,Plasma clearance was reported after oral administration at a dose of 2 mg/kg in Rhesus monkey (male),A,C[C@@]1(C(=O)N[C@@H](Cc2ccccc2)C(=O)O)CCCN1S(=O)(=O)c1cc(Cl)cc(Cl)c1,16.3,mL.min-1.kg-1,species_only_monkey
141168,CHEMBL621474,CHEMBL117983,CL,mL.min-1.kg-1,=,12.0,CHEMBL612558,,Plasma clearance in monkey after administration of 1 mg/kg iv,A,CN1CCN(S(=O)(=O)c2ccc3[nH]c(-c4cc5ccccc5nc4O)cc3c2)CC1,12.0,mL.min-1.kg-1,species_only_monkey
180365,CHEMBL621475,CHEMBL339778,CL,mL.min-1.kg-1,=,58.8,CHEMBL612558,,Plasma clearance in cynomolgus monkey,A,O=C(O)CN(CC(=O)N[C@@H](Cc1ccc(OCc2c(Cl)cccc2Cl)cc1)C(=O)O)S(=O)(=O)c1ccccc1,58.8,mL.min-1.kg-1,species_only_monkey
208515,CHEMBL631432,CHEMBL34498,CL,mL.min-1.kg-1,=,3.3,CHEMBL614875,Macaca mulatta,Low plasma clearance was calculated in rhesus monkey,A,COc1cccc(OC)c1-c1ccc(C[C@H](NC(=O)[C@@]2(C)CCCO2)C(=O)O)cc1,3.3,mL.min-1.kg-1,species_only_monkey
231894,CHEMBL620097,CHEMBL148,CL,mL.min-1.kg-1,=,6.72,CHEMBL612558,,Plasma clearance compared to Cilastatin evaluated in Rhesus monkeys at the dose of 10 mg/kg by iv bolus injection,A,C[C@@H](O)[C@H]1C(=O)N2C(C(=O)O)=C(SCCNC=N)C[C@H]12,6.72,mL.min-1.kg-1,species_only_monkey
236905,CHEMBL620096,CHEMBL432966,CL,mL.min-1.kg-1,=,4.74,CHEMBL612558,,Plasma clearance evaluated in Rhesus monkeys at the dose of 10 mg/kg by iv bolus injection,A,C[C@@H](O)[C@H]1C(=O)N2C(C(=O)[O-])=C(c3ccc4c(c3)-c3ccc(C[N+]56CC[N+](CC(N)=O)(CC5)CC6)cc3C4=O)C[C@H]12.[Cl-],4.74,mL.min-1.kg-1,species_only_monkey
250500,CHEMBL620096,CHEMBL322522,CL,mL.min-1.kg-1,=,2.95,CHEMBL612558,,Plasma clearance evaluated in Rhesus monkeys at the dose of 10 mg/kg by iv bolus injection,A,C[C@@H](O)[C@H]1C(=O)N2C(C(=O)[O-])=C(c3ccc4c(c3)-c3ccc(C[N+]56CC[N+](CC(N)=O)(CC5)CC6)cc3C4=O)[C@H](C)[C@H]12.[Cl-],2.95,mL.min-1.kg-1,species_only_monkey
255958,CHEMBL620096,CHEMBL422426,CL,mL.min-1.kg-1,=,5.56,CHEMBL612558,,Plasma clearance evaluated in Rhesus monkeys at the dose of 10 mg/kg by iv bolus injection,A,C[C@@H](O)[C@H]1C(=O)N2C(C(=O)[O-])=C(c3ccc4c(c3)-c3ccc(C[n+]5ccn(C)c5)cc3C4=O)C[C@H]12,5.56,mL.min-1.kg-1,species_only_monkey
274866,CHEMBL620907,CHEMBL174304,CL,mL.min-1.kg-1,=,20.0,CHEMBL612558,,Plasma clearance in monkey (dosed at 0.5 mpk iv and 2.0 mpk orally),A,CCn1nc(Cc2ccccc2)cc1C1CCN(C[C@H]2CN([C@@H](C(=O)O)C(C)C)C[C@@H]2c2cccc(F)c2)CC1,20.0,mL.min-1.kg-1,species_only_monkey
307463,CHEMBL624294,CHEMBL322862,CL,mL.min-1.kg-1,=,36.0,CHEMBL612558,,Tested for Clearance upon iv administration to african green monkey,A,CS(=O)(=O)Nc1cc([C@@H](O)CN[C@H](Cc2ccccc2)c2ccc(OC(F)F)cc2)ccc1O,36.0,mL.min-1.kg-1,species_only_monkey
403942,CHEMBL620901,CHEMBL96224,CL,mL.min-1.kg-1,=,4.2,CHEMBL612558,,Compound was evaluated for Hepatic clearance in monkey,A,COc1ccc(NS(=O)(=O)C(F)(F)F)cc1C[C@@H]1COc2ccc(OCc3nc4cc(F)c(F)cc4s3)cc2[C@@H]1O,4.2,mL.min-1.kg-1,species_only_monkey
415190,CHEMBL620901,CHEMBL96206,CL,mL.min-1.kg-1,=,6.5,CHEMBL612558,,Compound was evaluated for Hepatic clearance in monkey,A,COc1ccc(NS(=O)(=O)C(F)(F)F)cc1C[C@@H]1COc2ccc(OCc3ccc4ccc(Cl)cc4n3)cc2[C@@H]1O,6.5,mL.min-1.kg-1,species_only_monkey
433240,CHEMBL624291,CHEMBL162117,CL,mL.min-1.kg-1,=,1.085,CHEMBL612558,,The total clearance was determined after intravenous administration in cynomolgus monkeys,A,Cn1cc(C(=O)O)c(=O)c2cc(F)c(N3CCN(c4ncccn4)CC3)c(C(F)(F)F)c21,1.085,mL.min-1.kg-1,species_only_monkey
437315,CHEMBL625970,CHEMBL77538,CL,mL.min-1.kg-1,=,21.9,CHEMBL613847,Macaca fascicularis,Clearance from plasma in male cynomolgus monkeys,A,N#Cc1ccc(NCCNCC(=O)N2CCC[C@H]2C#N)nc1,21.9,mL.min-1.kg-1,species_only_monkey
460698,CHEMBL624291,CHEMBL161145,CL,mL.min-1.kg-1,=,0.9283,CHEMBL612558,,The total clearance was determined after intravenous administration in cynomolgus monkeys,A,Cn1cc(C(=O)O)c(=O)c2cc(F)c(N3CCN(c4ccccn4)CC3)c(C(F)(F)F)c21,0.9283,mL.min-1.kg-1,species_only_monkey
471387,CHEMBL624291,CHEMBL164307,CL,mL.min-1.kg-1,=,0.0815,CHEMBL612558,,The total clearance was determined after intravenous administration in cynomolgus monkeys,A,O=C(O)c1cn(C2CC2)c2c(C(F)(F)F)c(N3CCN(c4ccccn4)CC3)c(F)cc2c1=O,0.0815,mL.min-1.kg-1,species_only_monkey
477449,CHEMBL621472,CHEMBL78591,CL,mL.min-1.kg-1,=,22.1,CHEMBL612558,,Compound was tested for its plasma clearance rate in rhesus monkey at a dose of 0.75 mg/kg iv/ 1.5 mg/kg po,A,COc1ccccc1-c1ccc([C@@H](CC(=O)O)NC(=O)[C@@H]2CCN2S(=O)(=O)c2cc(Cl)cc(Cl)c2)cc1,22.1,mL.min-1.kg-1,species_only_monkey
500146,CHEMBL623698,CHEMBL81596,CL,mL.min-1.kg-1,=,10.4,CHEMBL612558,,Compound was tested for its plasma clearance rate in rhesus monkey at a dose of 0.75 mg/kg iv/ 1.5 mg/kg po,A,COc1cccc(OC)c1-c1ccc([C@@H](CC(=O)O)NC(=O)[C@]2(C)CCCN2S(=O)(=O)c2cc(Cl)cc(Cl)c2)cc1,10.4,mL.min-1.kg-1,species_only_monkey
505087,CHEMBL621472,CHEMBL421508,CL,mL.min-1.kg-1,=,21.7,CHEMBL612558,,Compound was tested for its plasma clearance rate in rhesus monkey at a dose of 0.75 mg/kg iv/ 1.5 mg/kg po,A,COc1cccc(OC)c1-c1ccc([C@@H](CC(=O)O)NC(=O)[C@@H]2CCN2S(=O)(=O)c2cc(Cl)cc(Cl)c2)cc1,21.7,mL.min-1.kg-1,species_only_monkey
530634,CHEMBL620910,CHEMBL294708,CL,mL.min-1.kg-1,=,7.5,CHEMBL612558,,Plasma clearance was determined in rhesus monkey at a dose of 1 mg/kg by iv administration,A,C[C@@]1(C(=O)N[C@@H](Cc2ccc(NC(=O)c3c(Cl)ccnc3Cl)cc2)C(=O)O)CCCN1S(=O)(=O)c1cc(Cl)cc(Cl)c1,7.5,mL.min-1.kg-1,species_only_monkey
545138,CHEMBL622808,CHEMBL282837,CL,mL.min-1.kg-1,=,19.0,CHEMBL614875,Macaca mulatta,Plasma clearance (pharmacokinetic parameter) in rhesus (in vivo) at a dose of 5 mg/kg,A,O=C(Cn1c(Cl)cnc(NCC(F)(F)c2cccc[n+]2[O-])c1=O)NCc1ccccc1F,19.0,mL.min-1.kg-1,species_only_monkey
546511,CHEMBL621476,CHEMBL27979,CL,mL.min-1.kg-1,=,16.67,CHEMBL612558,,Plasma clearance after oral administration (2.5 mg/kg) in monkey was determined,A,C[C@H]1CC[C@H](C)N1CCCOc1ccc(-c2ccc(C(=O)N3CCOCC3)cc2)cc1,16.67,mL.min-1.kg-1,species_only_monkey
633539,CHEMBL621473,CHEMBL145085,CL,mL.min-1.kg-1,=,9.0,CHEMBL612558,,Plasma clearance in rhesus monkey was determined,A,COc1ccc([C@H](CC(=O)O)N2CCN(CCCc3ccc4c(n3)NCCC4)C2=O)cn1,9.0,mL.min-1.kg-1,species_only_monkey
643227,CHEMBL636282,CHEMBL135339,CL,mL.min-1.kg-1,=,3.1,CHEMBL612558,,The total clearance time in monkey was determined,A,O=C(C(=O)N1CCN(C(=O)c2ccccc2)CC1)c1c[nH]c2cccc(F)c12,3.1,mL.min-1.kg-1,species_only_monkey
649230,CHEMBL624295,CHEMBL324912,CL,mL.min-1.kg-1,=,13.5,CHEMBL612558,,Clearance in monkey,A,CN[C@@H](Cc1ccccc1)Cn1c(=O)c(-c2cccc(OC)c2F)c(C)n(Cc2c(F)cccc2F)c1=O,13.5,mL.min-1.kg-1,species_only_monkey
668826,CHEMBL636282,CHEMBL337301,CL,mL.min-1.kg-1,=,10.0,CHEMBL612558,,The total clearance time in monkey was determined,A,COc1ccnc2[nH]cc(C(=O)C(=O)N3CCN(C(=O)c4ccccc4)C[C@H]3C)c12,10.0,mL.min-1.kg-1,species_only_monkey
684141,CHEMBL876431,CHEMBL3706615,CL,mL.min-1.kg-1,=,33.0,CHEMBL614875,Macaca mulatta,Plasma clearance after peroral administration at 10 mpk in Rhesus,A,COc1cncc(-c2cnc(C(C)(C)N3CCN(C[C@@H](O)C[C@@H](Cc4ccccc4)C(=O)N[C@H]4c5ccccc5OC[C@H]4O)[C@H](C(=O)NCC(F)(F)F)C3)o2)c1,33.0,mL.min-1.kg-1,species_only_monkey
761278,CHEMBL620900,CHEMBL15177,CL,mL.min-1.kg-1,=,1.2,CHEMBL612558,,The apparent total plasma clearance in monkey,A,CN(C)C(=O)CCSC(SCCC(=O)O)c1cccc(/C=C/c2ccc3ccc(Cl)cc3n2)c1,1.2,mL.min-1.kg-1,species_only_monkey
785839,CHEMBL620900,CHEMBL430147,CL,mL.min-1.kg-1,=,15.0,CHEMBL612558,,The apparent total plasma clearance in monkey,A,CN(C)C(=O)CCSC(CCc1ccccc1C(=O)O)c1cccc(OCc2ccc3ccc(Cl)cc3n2)c1,15.0,mL.min-1.kg-1,species_only_monkey
895376,CHEMBL641609,CHEMBL420540,CL,mL.min-1.kg-1,=,9.8,CHEMBL612558,,Clearance was determined after intravenous dosing at 2 mg/kg in monkey,F,N=C(N)c1ccc(CNC(=O)[C@@H]2CCCN2C(=O)[C@H](NCC(=O)O)C(c2ccccc2)c2ccccc2)s1,9.8,mL.min-1.kg-1,species_only_monkey
906532,CHEMBL644246,CHEMBL274489,CL,mL.min-1.kg-1,=,2.7,CHEMBL612558,,Tested for plasma clearance at intravenous dose of 25 umol/kg in monkey,A,Cc1onc(NS(=O)(=O)c2ccccc2-c2ccc(-c3ncco3)cc2N(C)C(=O)CC(C)(C)C)c1C,2.7,mL.min-1.kg-1,species_only_monkey
911848,CHEMBL645655,CHEMBL103667,CL,mL.min-1.kg-1,=,14.4,CHEMBL613847,Macaca fascicularis,Plasma clearance was measured after intravenous dosing at 1 mg/kg in male cynomolgus monkey (70% PEG400),A,Cc1ccc(-n2nc(C(C)(C)C)cc2NC(=O)Nc2ccc(OCCN3CCOCC3)c3ccccc23)cc1,14.4,mL.min-1.kg-1,species_only_monkey
920633,CHEMBL644244,CHEMBL24461,CL,mL.min-1.kg-1,=,0.86,CHEMBL612558,,Tested for plasma clearance at intravenous dose of 50 umol/kg in monkey,A,Cc1noc(NS(=O)(=O)c2ccccc2-c2ccc(-c3ncco3)cc2)c1C,0.86,mL.min-1.kg-1,species_only_monkey
928443,CHEMBL622991,CHEMBL116306,CL,mL.min-1.kg-1,=,0.02,CHEMBL612558,,plasma clearance in preclinical species was measured after Intravenous administration at the given dose (0.01 mg/kg) in monkey,A,Cn1cc(C2=C(O)C(O)=C(c3ccccc3)C(=O)C2=O)c2ccccc21,0.02,mL.min-1.kg-1,species_only_monkey
971353,CHEMBL875420,CHEMBL102826,CL,mL.min-1.kg-1,=,17.1,CHEMBL612558,,Plasma clearance in rhesus monkey,A,O=C(O)[C@@H](C1CCCCC1)N1C[C@H](CN2CCC(CCCc3ccccc3)CC2)[C@@H](c2ccccc2)C1,17.1,mL.min-1.kg-1,species_only_monkey
977542,CHEMBL624532,CHEMBL322693,CL,mL.min-1.kg-1,=,14.6,CHEMBL373,Canis lupus familiaris,Plasma clearance in rhesus monkey,A,CC(C)[C@H](C(=O)O)N1C[C@H](CN2CCC(c3ccc(F)cc3)CC2)[C@@H](c2ccccc2)C1,14.6,mL.min-1.kg-1,species_only_monkey
995889,CHEMBL618210,CHEMBL356065,CL,mL.min-1.kg-1,=,6.4,CHEMBL612558,,Plasma clearance was determined in monkey after (iv) administration of a dose of 13 (uM/kg),A,CS(=O)(=O)N[C@H](Cc1ccccc1)C(=O)N1CCC[C@H]1C(=O)NCC1CCN(C(=N)N)CC1,6.4,mL.min-1.kg-1,species_only_monkey
1015302,CHEMBL620902,CHEMBL112725,CL,mL.min-1.g-1,=,8.6,CHEMBL612558,,Lower clearance in monkey (i.v.) at 0.5 mpk,A,CC[C@]1(C(=O)O)CCc2ccc(OCCCOc3ccc(Oc4ccc(F)cc4)cc3Cl)cc2O1,0.0086,mL.min-1.kg-1,species_only_monkey
1034962,CHEMBL620908,CHEMBL21117,CL,mL.min-1.kg-1,=,11.0,CHEMBL612558,,Plasma clearance was evaluated in rhesus,A,O=C(O)[C@@H](CC1CCC1)N1C[C@H](CN2CCC(CCC(F)(F)c3ccc(F)cc3)CC2)[C@@H](c2cccc(F)c2)C1,11.0,mL.min-1.kg-1,species_only_monkey
1049481,CHEMBL620908,CHEMBL21106,CL,mL.min-1.kg-1,=,17.6,CHEMBL612558,,Plasma clearance was evaluated in rhesus,A,O=C(O)[C@@H](CC1CC1)N1C[C@H](CN2CCC(CCC(F)(F)c3ccc(F)cc3)CC2)[C@@H](c2cccc(F)c2)C1,17.6,mL.min-1.kg-1,species_only_monkey
1049643,CHEMBL625715,CHEMBL99055,CL,mL.min-1.kg-1,=,2.4,CHEMBL614875,Macaca mulatta,Plasma clearance after intravenous administration dosing (30 mg/kg) in Rhesus monkey,A,O=c1[nH]nc(CN2CCC[C@H](OCc3cc(C(F)(F)F)cc(C(F)(F)F)c3)[C@@H]2c2ccccc2)[nH]1,2.4,mL.min-1.kg-1,species_only_monkey
1061912,CHEMBL620904,CHEMBL410775,CL,mL.min-1.kg-1,=,2.833,CHEMBL612558,,Plasma clearance for the compound was measured in monkey after an iv dose of 1 mg/kg,A,CCCCCOc1ccc(-c2ccc(-c3ccc(C(=O)N[C@H]4CCCNC(=O)C5C[C@H](N=C(N)N)CN5C(=O)[C@H]([C@@H](C)O)NC(=O)[C@H](CCc5ccc(O)c(NC(=O)CN)c5)NC(=O)[C@@H]5C[C@@H](O)CN5C(=O)[C@H]([C@@H](C)O)NC4=O)cc3)cc2)cc1,2.833,mL.min-1.kg-1,species_only_monkey
1121680,CHEMBL641608,CHEMBL68399,CL,mL.min-1.kg-1,=,6.1,CHEMBL614875,Macaca mulatta,Clearance in rhesus,A,CC(C)CCn1cnc(C(Cc2ccc(N)nc2)C(=O)O)c1,6.1,mL.min-1.kg-1,species_only_monkey
1157530,CHEMBL620906,CHEMBL358108,CL,mL.min-1.kg-1,=,46.0,CHEMBL612558,,Plasma clearance was calculated in rhesus monkey,A,CN1C(C)(C)CC(Nc2cc3c(ccc(=O)n3-c3c(Cl)cccc3Cl)c(-c3ccccc3Cl)n2)CC1(C)C,46.0,mL.min-1.kg-1,species_only_monkey
1194072,CHEMBL626622,CHEMBL42039,CL,mL.min-1.kg-1,=,29.0,CHEMBL613847,Macaca fascicularis,Pharmacokinetic parameter Cl calculated in cynomolgus monkey when the compound was administered intravenously at 1 mg/kg concentration,A,CCNC(=O)COc1ccc(Cl)cc1CNC(=O)[C@@H]1CCCN1C(=O)[C@H](N)C1CCCCC1,29.0,mL.min-1.kg-1,species_only_monkey
1194697,CHEMBL620903,CHEMBL93790,CL,mL.min-1.kg-1,=,12.0,CHEMBL612558,,Plasma clearance in rhesus monkey,A,C[C@@]1(C(=O)N[C@@H](Cc2ccc(-c3ccccc3C#N)cc2)C(=O)O)CCCN1S(=O)(=O)c1cc(Cl)cc(Cl)c1,12.0,mL.min-1.kg-1,species_only_monkey
1208573,CHEMBL626623,CHEMBL108202,CL,mL.min-1.kg-1,=,4e-05,CHEMBL613847,Macaca fascicularis,Pharmacokinetic parameter Cl calculated in cynomolgus monkey when the compound was administered intravenously at 0.5 mg/kg concentration,A,N[C@@H](C(=O)N1CCC[C@H]1C(=O)NCc1cc(Cl)ccc1OCC(=O)NC1CC1)C1CCCCC1,4e-05,mL.min-1.kg-1,species_only_monkey
1238598,CHEMBL621471,CHEMBL298725,CL,mL.min-1.kg-1,=,5.0,CHEMBL612558,,Compound was evaluated for clearance after treatment with iv dose of 1 mgkg to female cynomolgus monkey,A,COc1ccc(C(=O)/C(Cc2cc(OC)c(OC)c(OC)c2)=C(\C(=O)[O-])c2ccc3nsnc3c2)cc1F.[Na+],5.0,mL.min-1.kg-1,species_only_monkey
1412051,CHEMBL840652,CHEMBL537844,CL,mL.min-1.kg-1,=,26.0,CHEMBL612558,,Plasma clearance was measured in monkey,A,CCc1nnc2n1CCN(C(=O)C[C@H](N)Cc1ccc(F)c(F)c1)C2.Cl,26.0,mL.min-1.kg-1,species_only_monkey
1412191,CHEMBL840652,CHEMBL539077,CL,mL.min-1.kg-1,=,28.0,CHEMBL612558,,Plasma clearance was measured in monkey,A,Cl.N[C@@H](CC(=O)N1CCn2c(nnc2C(F)(F)F)C1)Cc1cc(F)c(F)cc1F,28.0,mL.min-1.kg-1,species_only_monkey
1417125,CHEMBL839620,CHEMBL351231,CL,mL.min-1.kg-1,=,5.0,CHEMBL612558,,Clearance was observed in monkey after intravenous administration of 1-5 mg/kg,A,C[C@@H]1CCCN1CCc1cc2cc(-c3ccc(C#N)cc3)ccc2o1,5.0,mL.min-1.kg-1,species_only_monkey
1417412,CHEMBL839620,CHEMBL179539,CL,mL.min-1.kg-1,=,27.0,CHEMBL612558,,Clearance was observed in monkey after intravenous administration of 1-5 mg/kg,A,C[C@@H]1CCCN1CCc1cc2cc(C(=O)c3cccc(F)c3)ccc2o1,27.0,mL.min-1.kg-1,species_only_monkey
1417434,CHEMBL839620,CHEMBL555146,CL,mL.min-1.kg-1,=,15.0,CHEMBL612558,,Clearance was observed in monkey after intravenous administration of 1-5 mg/kg,A,C[C@@H]1CCCN1CCc1cc2cc(C(=O)c3ccc(F)cc3)ccc2o1,15.0,mL.min-1.kg-1,species_only_monkey
1417655,CHEMBL839791,CHEMBL179691,CL,mL.min-1.kg-1,=,12.6,CHEMBL612558,,Plasma clearance in monkey after treatment with 10 mg/kg (po. and iv.),A,COc1cccc(-c2c(C)n(Cc3c(F)cccc3F)c(=O)n(C[C@H](N)c3ccccc3)c2=O)c1F,12.6,mL.min-1.kg-1,species_only_monkey
1417728,CHEMBL839620,CHEMBL178853,CL,mL.min-1.kg-1,=,28.33,CHEMBL612558,,Clearance was observed in monkey after intravenous administration of 1-5 mg/kg,A,CC(=O)c1cccc(-c2ccc3oc(CCN4CCC[C@H]4C)cc3c2)c1,28.33,mL.min-1.kg-1,species_only_monkey
1417788,CHEMBL839791,CHEMBL324912,CL,mL.min-1.kg-1,=,13.5,CHEMBL612558,,Plasma clearance in monkey after treatment with 10 mg/kg (po. and iv.),A,CN[C@@H](Cc1ccccc1)Cn1c(=O)c(-c2cccc(OC)c2F)c(C)n(Cc2c(F)cccc2F)c1=O,13.5,mL.min-1.kg-1,species_only_monkey
1417922,CHEMBL839791,CHEMBL359894,CL,mL.min-1.kg-1,=,16.9,CHEMBL612558,,Plasma clearance in monkey after treatment with 10 mg/kg (po. and iv.),A,COc1cccc(-c2c(C)n(Cc3c(F)cccc3F)c(=O)n(C[C@H](N)c3ccccc3)c2=O)c1,16.9,mL.min-1.kg-1,species_only_monkey
1417935,CHEMBL839791,CHEMBL178457,CL,mL.min-1.kg-1,=,15.5,CHEMBL612558,,Plasma clearance in monkey after treatment with 10 mg/kg (po. and iv.),A,Cc1c(-c2ccc3c(c2)OCO3)c(=O)n(C[C@H](N)c2ccccc2)c(=O)n1Cc1c(F)cccc1F,15.5,mL.min-1.kg-1,species_only_monkey
1418423,CHEMBL839620,CHEMBL179702,CL,mL.min-1.kg-1,=,16.67,CHEMBL612558,,Clearance was observed in monkey after intravenous administration of 1-5 mg/kg,A,C[C@@H]1CC[C@@H](C)N1CCCOc1ccc(-c2ccc(C(=O)N3CCOCC3)cc2)cc1,16.67,mL.min-1.kg-1,species_only_monkey
1420372,CHEMBL826122,CHEMBL360240,CL,mL.min-1.kg-1,=,5.6,CHEMBL612558,,Plasma clearance activity against adult Rhesus monkey at 0.5 mg/kg after intravenous administration; (Number of rats = 3),A,C[C@]1(C(=O)O)CCc2ccc(OCCCOc3ccc(OCC(F)(F)F)cc3Cl)cc2O1,5.6,mL.min-1.kg-1,species_only_monkey
1458695,CHEMBL839617,CHEMBL186151,CL,mL.min-1.kg-1,=,7.7,CHEMBL612558,,"Plasma clearance after i.v. dosing at 1 mg/kg, p.o. dosing at 1 mg/kg. In solution of PEG 400/water in monkey",A,Fc1cc(Oc2cccnc2)cc(-n2nnc(-c3ccccn3)n2)c1,7.7,mL.min-1.kg-1,species_only_monkey
1468855,CHEMBL838709,CHEMBL186552,CL,mL.min-1.kg-1,=,19.0,CHEMBL612558,,Clearance value in monkey at 0.2 mg/kg dose in intravenous and 1 mg/kg of peroral,A,O=C(O)C[C@H](CCCCCCc1ccc2c(n1)NCCC2)c1cncnc1,19.0,mL.min-1.kg-1,species_only_monkey
1468869,CHEMBL838709,CHEMBL187289,CL,mL.min-1.kg-1,=,4.5,CHEMBL612558,,Clearance value in monkey at 0.2 mg/kg dose in intravenous and 1 mg/kg of peroral,A,Cc1ncc([C@@H](CCCCCCc2ccc3c(n2)NCCC3)CC(=O)O)cn1,4.5,mL.min-1.kg-1,species_only_monkey
1476661,CHEMBL839821,CHEMBL364346,CL,mL.min-1.kg-1,=,3.4,CHEMBL612558,,"Clearance in rhesus as a solution in water at 0.5 mg/kg, iv and 2 mg/kg po.",A,CN1C[C@H]2CC[C@@H]1[C@H](C(=O)N[C@H](Cc1ccc(F)cc1)C(=O)N1CCC(C(=O)NC(C)(C)C)(C3CCCCC3)CC1)C2,3.4,mL.min-1.kg-1,species_only_monkey
1480010,CHEMBL840647,CHEMBL191067,CL,mL.min-1.kg-1,=,2.4,CHEMBL612558,,Plasma clearance in rhesus monkey,A,CN(C)C(=O)[C@@H](c1ccc(-c2ccc(F)cc2)cc1)[C@H](N)C(=O)N1CC[C@H](F)C1.O=C(O)C(F)(F)F,2.4,mL.min-1.kg-1,species_only_monkey
1496214,CHEMBL840361,CHEMBL192530,CL,mL.min-1.kg-1,=,24.0,CHEMBL612558,,Clearance is determined in monkey after intravenous administration 1 mg/kg,A,CCN1c2ncc(CCOc3ccc(C(=O)O)cc3C)cc2C(=O)N(C)c2cccnc21,24.0,mL.min-1.kg-1,species_only_monkey
1509768,CHEMBL839796,CHEMBL192469,CL,mL.min-1.kg-1,=,113.33,CHEMBL612558,,Total plasma clearance in monkey after administration of intravenous dosage; (n=3),A,CCOC(=O)[C@H](C)NP(=O)(OC[C@@H]1C=C[C@H](n2cnc3c(NC4CC4)nc(N)nc32)C1)Oc1ccccc1,113.33,mL.min-1.kg-1,species_only_monkey
1605396,CHEMBL882521,CHEMBL401930,CL,mL.min-1.kg-1,=,16.5,CHEMBL612558,,Total clearance in monkey at 2 mg/kg intravenous dose,A,Cc1cc(N2CCOCC2)cc2[nH]c(-c3c(NC[C@@H](O)c4cccc(Cl)c4)cc[nH]c3=O)nc12,16.5,mL.min-1.kg-1,species_only_monkey
1609143,CHEMBL881555,CHEMBL196363,CL,mL.min-1.kg-1,=,1.7,CHEMBL614874,Cercopithecidae,Plasma clearance observed in monkey at a dose of both intravenously and orally at 5 mg/kg,A,Cc1cccc(NC(=O)Nc2ccc(-c3csc4ncnc(N)c34)cc2)c1,1.7,mL.min-1.kg-1,species_only_monkey
1662957,CHEMBL862756,CHEMBL381632,CL,mL.min-1.kg-1,=,52.85,CHEMBL614875,Macaca mulatta,Plasma clearance in rhesus monkey,A,CC(C)(C)N1CCC(c2cc(-c3ccc(F)cc3Cl)c3ccc(=O)n(-c4c(Cl)cccc4Cl)c3c2)CC1,52.85,mL.min-1.kg-1,species_only_monkey
1662962,CHEMBL862756,CHEMBL199625,CL,mL.min-1.kg-1,=,41.45,CHEMBL614875,Macaca mulatta,Plasma clearance in rhesus monkey,A,CC(C)(C)N1CCC(c2cc3c(ccc(=O)n3-c3c(Cl)cccc3Cl)c(-c3ccc(F)cc3F)n2)CC1,41.45,mL.min-1.kg-1,species_only_monkey
1662963,CHEMBL862756,CHEMBL199291,CL,mL.min-1.kg-1,=,47.5,CHEMBL614875,Macaca mulatta,Plasma clearance in rhesus monkey,A,CC(C)(C)N1CCC(c2cc3c(ccc(=O)n3-c3c(Cl)cccc3Cl)c(-c3ccc(F)cc3Cl)n2)CC1,47.5,mL.min-1.kg-1,species_only_monkey
1662964,CHEMBL862756,CHEMBL199484,CL,mL.min-1.kg-1,=,35.15,CHEMBL614875,Macaca mulatta,Plasma clearance in rhesus monkey,A,CC(C)(C)N1CCC(c2cc(-c3ccc(F)cc3Cl)c3ccc(=O)n(-c4c(F)cccc4F)c3c2)CC1,35.15,mL.min-1.kg-1,species_only_monkey
1662965,CHEMBL862756,CHEMBL199679,CL,mL.min-1.kg-1,=,29.25,CHEMBL614875,Macaca mulatta,Plasma clearance in rhesus monkey,A,CC(C)(C)N1CCC(c2cc(-c3ccc(F)cc3F)c3ccc(=O)n(-c4c(Cl)cccc4Cl)c3c2)CC1,29.25,mL.min-1.kg-1,species_only_monkey
1667278,CHEMBL862778,CHEMBL369902,CL,mL.min-1.kg-1,=,3.0,CHEMBL614875,Macaca mulatta,Plasma clearance in rhesus monkey,A,N#Cc1cc(F)ccc1-c1cc(-c2cnc3nc(C(F)(F)F)ccn23)ccc1F,3.0,mL.min-1.kg-1,species_only_monkey
1676389,CHEMBL859586,CHEMBL201782,CL,mL.min-1.kg-1,=,17.0,CHEMBL613821,Saimiri sciureus,"Plasma clearance in squirrel monkey at 1 mL/kg, po",A,CSc1ccc(-c2ccccc2[C@@H]2CCC(F)(F)C[C@H]2C(=O)NCC#N)cc1,17.0,mL.min-1.kg-1,species_only_monkey
1676391,CHEMBL859586,CHEMBL371954,CL,mL.min-1.kg-1,=,21.0,CHEMBL613821,Saimiri sciureus,"Plasma clearance in squirrel monkey at 1 mL/kg, po",A,CSc1ccc(-c2ccccc2C2CCC(F)CC2C(=O)NCC#N)cc1,21.0,mL.min-1.kg-1,species_only_monkey
1677547,CHEMBL853587,CHEMBL204232,CL,mL.min-1.kg-1,=,1.4,CHEMBL614875,Macaca mulatta,Plasma clearance in rhesus macaque,A,CC(=O)Nc1c(C(C)=O)c(=O)n(C)c2nc(-c3ccc(Cl)cc3Cl)c(-c3ccc(Cl)cc3)cc12,1.4,mL.min-1.kg-1,species_only_monkey
1679071,CHEMBL860468,CHEMBL202319,CL,mL.min-1.kg-1,=,1.73,CHEMBL613847,Macaca fascicularis,"Clearance in cynomolgus monkey at 1.8 mg/kg, iv or 1.6 mg/kg, po",A,O=c1c(C2=NS(=O)(=O)c3ccccc3N2)c(O)c2ccccc2n1CCC1CC1,1.73,mL.min-1.kg-1,species_only_monkey
1679400,CHEMBL860471,CHEMBL201769,CL,mL.min-1.kg-1,=,5.32,CHEMBL613847,Macaca fascicularis,"Clearance in cynomolgus monkey at 1.0 mg/kg, iv or 3.6 mg/kg, po",A,Cc1ccc2c(c1)c(O)c(C1=NS(=O)(=O)c3ccccc3N1)c(=O)n2CCC(C)C,5.32,mL.min-1.kg-1,species_only_monkey
1679415,CHEMBL860474,CHEMBL372357,CL,mL.min-1.kg-1,=,0.76,CHEMBL613847,Macaca fascicularis,"Clearance in cynomolgus monkey at 0.8 mg/kg, iv or 4.0 mg/kg, po",A,O=c1c(C2=Nc3ccccc3S(=O)(=O)N2)c(O)c2cc(F)ccc2n1CCC1CC1,0.76,mL.min-1.kg-1,species_only_monkey
1679985,CHEMBL867018,CHEMBL204696,CL,mL.min-1.kg-1,=,5.8,CHEMBL614875,Macaca mulatta,"Plasma clearance in rhesus at 1 mg/kg, iv or 1 mg/kg, po",A,CC(C)(O)c1cnn2c(-c3ccc(F)c(-c4c(F)cccc4C#N)c3)cnc2n1,5.8,mL.min-1.kg-1,species_only_monkey
1681157,CHEMBL865921,CHEMBL363211,CL,mL.min-1.kg-1,=,33.0,CHEMBL614875,Macaca mulatta,Clearance in rhesus,A,Cc1cc(-c2nncc3c(C(C)(C)C)c(OCc4ncnn4C)nn23)no1,33.0,mL.min-1.kg-1,species_only_monkey
1682161,CHEMBL854137,CHEMBL203599,CL,mL.min-1.kg-1,=,85.8,CHEMBL614875,Macaca mulatta,"Plasma clearance in monkey at 5 mg/kg, iv",A,CN1CCN(CCC#CC(=O)Nc2cc3c(Nc4ccc(F)c(Cl)c4)ncnc3cn2)CC1,85.8,mL.min-1.kg-1,species_only_monkey
1683505,CHEMBL868287,CHEMBL204593,CL,mL.min-1.kg-1,=,23.0,CHEMBL614875,Macaca mulatta,"Clearance in rhesus monkey at 1 mg/kg, iv",A,Cc1cc(S(=O)(=O)N[C@@H](C(=O)NO)C2CCOCC2)ccc1F,23.0,mL.min-1.kg-1,species_only_monkey
1686631,CHEMBL860580,CHEMBL204446,CL,mL.min-1.kg-1,=,22.7,CHEMBL614875,Macaca mulatta,"Clearance in rhesus monkey at 1 mg/kg, iv and 1 mg/kg, po",A,N#Cc1cnc(Nc2cc(N3CCN(CCN4CCOCC4)CC3)ncn2)s1,22.7,mL.min-1.kg-1,species_only_monkey
1689275,CHEMBL859273,CHEMBL203567,CL,mL.min-1.kg-1,=,12.67,CHEMBL613847,Macaca fascicularis,"Clearance in cynomolgus monkey at 10 mg/kg, iv",A,Nc1c(C(=O)c2cccc(OC[C@@H](O)CO)c2)cnn1-c1ccc(F)cc1,12.67,mL.min-1.kg-1,species_only_monkey
1690106,CHEMBL863716,CHEMBL286364,CL,mL.min-1.kg-1,=,13.9,CHEMBL613847,Macaca fascicularis,Clearance in iv dosed cynomolgus monkey,A,CC(C)C[C@H](NC(=O)c1cc2ccccc2o1)C(=O)N[C@H]1CCCN(S(=O)(=O)c2ccccn2)CC1=O,13.9,mL.min-1.kg-1,species_only_monkey
1690121,CHEMBL863716,CHEMBL203665,CL,mL.min-1.kg-1,=,11.7,CHEMBL613847,Macaca fascicularis,Clearance in iv dosed cynomolgus monkey,A,CC(C)C[C@H](NC(=O)c1cc2ccccc2o1)C(=O)N[C@H]1CC[C@@H](C)N(S(=O)(=O)c2ccccn2)CC1=O,11.7,mL.min-1.kg-1,species_only_monkey
1693023,CHEMBL865356,CHEMBL206383,CL,mL.min-1.kg-1,=,6.7,CHEMBL614875,Macaca mulatta,"Plasma clearance in rhesus monkey at 1 mg/kg, iv or 2 mg/kg, po",A,C[C@@H](c1ccc(-c2ccc(=O)n(C)c2)cc1)[C@H](N)C(=O)N1CC[C@H](F)C1.O=C(O)C(F)(F)F,6.7,mL.min-1.kg-1,species_only_monkey
1697401,CHEMBL868403,CHEMBL383541,CL,mL.min-1.kg-1,=,26.67,CHEMBL614875,Macaca mulatta,Plasma clearance in monkey at 2.5 mg/kg,A,N[C@H](COc1cncc(/C=C/c2ccncc2)c1)Cc1c[nH]c2ccccc12,26.67,mL.min-1.kg-1,species_only_monkey
1697402,CHEMBL868403,CHEMBL379914,CL,mL.min-1.kg-1,=,16.17,CHEMBL614875,Macaca mulatta,Plasma clearance in monkey at 2.5 mg/kg,A,N[C@H](COc1cnc(Cl)c(/C=C/c2ccncc2)c1)Cc1c[nH]c2ccccc12,16.17,mL.min-1.kg-1,species_only_monkey
1698573,CHEMBL867202,CHEMBL2113219,CL,mL.min-1.kg-1,=,7.8,CHEMBL614875,Macaca mulatta,"Clearance in monkey at 0.5 mg/kg, iv and 2 mg/kg, po",A,CC1(C)C=C(C(F)(F)F)c2cc(Cl)c(OCCCOc3ccc(CC(C)(C)C(=O)O)cc3)cc2O1,7.8,mL.min-1.kg-1,species_only_monkey
1698584,CHEMBL867202,CHEMBL206759,CL,mL.min-1.kg-1,=,9.45,CHEMBL614875,Macaca mulatta,"Clearance in monkey at 0.5 mg/kg, iv and 2 mg/kg, po",A,CC[C@@](C)(Cc1ccc(OCCCOc2cc3oc(=O)cc(C(F)(F)F)c3cc2Cl)cc1)C(=O)O,9.45,mL.min-1.kg-1,species_only_monkey
1701951,CHEMBL863844,CHEMBL383303,CL,mL.min-1.kg-1,=,6.0,CHEMBL614875,Macaca mulatta,Plasma clearance in Rhesus monkey,A,Fc1cnc(-c2cc(-c3cnnc(-c4c(F)cncc4F)c3)ccc2F)c(F)c1,6.0,mL.min-1.kg-1,species_only_monkey
1702080,CHEMBL868954,CHEMBL204459,CL,mL.min-1.kg-1,=,21.0,CHEMBL614875,Macaca mulatta,"Plasma clearance in monkey at 0.4 mg/kg, iv",A,N[C@H](C(=O)N1CC(c2cc(F)ccc2F)=C[C@H]1c1ccccc1)C1CC1,21.0,mL.min-1.kg-1,species_only_monkey
1707938,CHEMBL869636,CHEMBL380853,CL,mL.min-1.kg-1,=,3.8,CHEMBL614875,Macaca mulatta,"Clearance in monkey at 2 mg/kg, iv",A,CC(C)(C(=O)O)c1ccc(-c2ccccc2)c(F)c1,3.8,mL.min-1.kg-1,species_only_monkey
1712173,CHEMBL862140,CHEMBL204521,CL,mL.min-1.kg-1,=,6.9,CHEMBL614875,Macaca mulatta,Clearance in monkey,A,CN(C)C(=O)[C@@H](NC(=O)CNC(=O)C(=O)C(CC1CC1)NC(=O)[C@@H]1[C@@H]2[C@H](CN1C(=O)[C@@H](NC(=O)OC(C)(C)C)C(C)(C)C)C2(C)C)c1ccccc1,6.9,mL.min-1.kg-1,species_only_monkey
1712610,CHEMBL863058,CHEMBL208427,CL,mL.min-1.kg-1,=,5.5,CHEMBL613847,Macaca fascicularis,Clearance in cynomolgus monkey,A,O=C(O)c1cccc(-c2cccc(NCCNC[C@H](O)c3cccc(Cl)c3)c2)c1,5.5,mL.min-1.kg-1,species_only_monkey
1717993,CHEMBL862654,CHEMBL379522,CL,mL.min-1.kg-1,=,42.0,CHEMBL613847,Macaca fascicularis,Hepatic clearance in cynomolgus monkey,A,N#C[C@@H]1CC[C@H](C#N)N1C(=O)CNC1(CO)CCCC1,42.0,mL.min-1.kg-1,species_only_monkey
1723182,CHEMBL868193,CHEMBL209064,CL,mL.min-1.kg-1,=,5.3,CHEMBL614875,Macaca mulatta,"Plasma clearance in rhesus monkey at 1 mg/kg, iv or 2 mg/kg, po",A,CN(C)C(=O)[C@@H](c1ccc(-c2ccc3ncnn3c2)cc1)[C@H](N)C(=O)N1CCC(F)(F)C1.O=C(O)C(F)(F)F,5.3,mL.min-1.kg-1,species_only_monkey
1739273,CHEMBL870274,CHEMBL2113241,CL,mL.min-1.kg-1,=,70.17,CHEMBL614875,Macaca mulatta,"Clearance in monkey at 3 mg/kg, iv",A,Cc1coc2ccc(N3C[C@@]4(CN5CCC4CC5)OC3=O)cc12,70.17,mL.min-1.kg-1,species_only_monkey
1744439,CHEMBL868109,CHEMBL377734,CL,mL.min-1.kg-1,=,3.9,CHEMBL613847,Macaca fascicularis,"Clearance in cynomolgus monkey at 1 mg/kg, po",A,O=C(NC1CC1)c1cc(NCc2cnc(Nc3ccccn3)s2)c(F)cc1F,3.9,mL.min-1.kg-1,species_only_monkey
1751711,CHEMBL867931,CHEMBL212239,CL,mL.min-1.kg-1,=,15.0,CHEMBL614875,Macaca mulatta,Plasma clearance in monkey,A,CC(C)c1nnc2ccc(-c3ocnc3-c3cccc(Cl)c3)cn12,15.0,mL.min-1.kg-1,species_only_monkey
1751712,CHEMBL867931,CHEMBL379866,CL,mL.min-1.kg-1,=,6.0,CHEMBL614875,Macaca mulatta,Plasma clearance in monkey,A,CC(C)c1nnc2ccc(-c3ocnc3-c3cc(F)ccc3F)cn12,6.0,mL.min-1.kg-1,species_only_monkey
1751713,CHEMBL867931,CHEMBL378934,CL,mL.min-1.kg-1,=,5.7,CHEMBL614875,Macaca mulatta,Plasma clearance in monkey,A,CC(C)c1nnc2ccc(-c3ocnc3-c3ccc(F)c(Cl)c3)cn12,5.7,mL.min-1.kg-1,species_only_monkey
1751714,CHEMBL867931,CHEMBL212968,CL,mL.min-1.kg-1,=,3.4,CHEMBL614875,Macaca mulatta,Plasma clearance in monkey,A,CC(C)(C)c1nnc2ccc(-c3ocnc3-c3cc(F)c(F)cc3F)cn12,3.4,mL.min-1.kg-1,species_only_monkey
1751734,CHEMBL867931,CHEMBL194322,CL,mL.min-1.kg-1,=,16.0,CHEMBL614875,Macaca mulatta,Plasma clearance in monkey,A,CC(C)c1nnc2ccc(-c3ocnc3-c3ccc(F)cc3)cn12,16.0,mL.min-1.kg-1,species_only_monkey
1774929,CHEMBL855573,CHEMBL386369,CL,mL.min-1.kg-1,=,8.5,CHEMBL613847,Macaca fascicularis,"Plasma clearance in cynomolgus monkey at 2.5 mg/kg, iv",A,C#C[C@H]1CC[C@@H](C#N)N1C(=O)CNC1(C)CCN(c2cc(C(=O)O)ccn2)CC1,8.5,mL.min-1.kg-1,species_only_monkey
1778178,CHEMBL909420,CHEMBL386515,CL,mL.min-1.kg-1,=,15.0,CHEMBL614875,Macaca mulatta,"Plasma clearance in rhesus monkey at 2 mg/kg, iv or 10 mg/kg, po",A,CN(C)C(C)(C)c1nc(O)c(O)c(C(=O)NCc2ccc(F)cc2)n1,15.0,mL.min-1.kg-1,species_only_monkey
1778182,CHEMBL909420,CHEMBL386710,CL,mL.min-1.kg-1,=,14.0,CHEMBL614875,Macaca mulatta,"Plasma clearance in rhesus monkey at 2 mg/kg, iv or 10 mg/kg, po",A,CN1CCOCC1c1nc(C(=O)NCc2ccc(F)cc2)c(O)c(=O)n1C,14.0,mL.min-1.kg-1,species_only_monkey
1781523,CHEMBL910025,CHEMBL386974,CL,mL.min-1.kg-1,=,5.82,CHEMBL613847,Macaca fascicularis,"Clearance in cynomolgus monkey at 1 mg/kg, po",A,CCCn1c(=O)c2nc([C@]34CC[C@](CCC(=O)O)(CC3)CC4)[nH]c2n(CCC)c1=O,5.82,mL.min-1.kg-1,species_only_monkey
1794602,CHEMBL908162,CHEMBL219804,CL,mL.min-1.kg-1,=,1.3,CHEMBL614875,Macaca mulatta,Clearance in rhesus macaque,A,Nc1cc2c(ccc(=O)n2-c2c(F)cccc2F)c(-c2ccc(F)cc2F)n1,1.3,mL.min-1.kg-1,species_only_monkey
1803821,CHEMBL912906,CHEMBL374580,CL,mL.min-1.kg-1,=,28.0,CHEMBL614875,Macaca mulatta,"Clearance in rhesus monkey at 3 mg/kg, po and 1 mg/kg, iv",A,COC(=O)c1c(F)cccc1-c1ccc([C@@H](C)NC(=O)C2(NC(=O)C(F)(F)F)CC2)c(F)c1,28.0,mL.min-1.kg-1,species_only_monkey
1803834,CHEMBL912906,CHEMBL218605,CL,mL.min-1.kg-1,=,15.0,CHEMBL614875,Macaca mulatta,"Clearance in rhesus monkey at 3 mg/kg, po and 1 mg/kg, iv",A,Cc1noc(-c2c(F)cccc2-c2ccc([C@@H](C)NC(=O)C3(NC(=O)C(F)(F)F)CC3)c(F)c2)n1,15.0,mL.min-1.kg-1,species_only_monkey
1803835,CHEMBL912906,CHEMBL232943,CL,mL.min-1.kg-1,=,13.0,CHEMBL614875,Macaca mulatta,"Clearance in rhesus monkey at 3 mg/kg, po and 1 mg/kg, iv",A,COC(=O)c1c(Cl)cccc1-c1ccc([C@@H](C)NC(=O)C2(NC(=O)C(F)(F)F)CC2)c(F)c1,13.0,mL.min-1.kg-1,species_only_monkey
1806469,CHEMBL855098,CHEMBL221067,CL,mL.min-1.kg-1,=,6.667,CHEMBL613847,Macaca fascicularis,"Clearance in cynomolgus monkey at 2 mg/kg, iv",A,CCCN1CC[C@@H](Cc2ccc(F)cc2)C[C@@H]1CCCNC(=O)Nc1cccc(C(C)=O)c1,6.667,mL.min-1.kg-1,species_only_monkey
1813590,CHEMBL911970,CHEMBL223156,CL,mL.min-1.kg-1,=,0.85,CHEMBL614875,Macaca mulatta,"Clearance in rhesus at 2 mpk, po",A,CN1C(=O)NC(=O)[C@]12Cc1ccc(NC(=O)Cn3c(=O)n(-c4ccccn4)c4ccccc43)cc1C2,0.85,mL.min-1.kg-1,species_only_monkey
1814537,CHEMBL906831,CHEMBL218713,CL,mL.min-1.kg-1,=,9.5,CHEMBL614875,Macaca mulatta,"Plasma clearance in rhesus monkey at 1 mg/kg, iv",A,Cc1ccc(COC(=O)N2CCC(CNc3ncccn3)CC2)cc1,9.5,mL.min-1.kg-1,species_only_monkey
1826452,CHEMBL919928,CHEMBL223360,CL,mL.min-1.kg-1,=,8.2,CHEMBL613847,Macaca fascicularis,"Clearance in cynomolgus monkey at 2.5 mg/kg, iv",A,Cc1ccc(F)c(NC(=O)Nc2ccc(-c3cccc4[nH]nc(N)c34)cc2)c1,8.2,mL.min-1.kg-1,species_only_monkey
1828653,CHEMBL913773,CHEMBL389847,CL,mL.min-1.kg-1,=,1.76,CHEMBL614875,Macaca mulatta,"Clearance in monkey at 5 mg/kg, iv",A,C[C@@H](O)[C@H]1C(=O)N2C(C(=O)O)=C(S[C@H]3C[C@@H](C(=O)N4CC[C@H](NC(=O)CNC(=N)N)C4)N(C)C3)[C@H](C)[C@H]12,1.76,mL.min-1.kg-1,species_only_monkey
1828654,CHEMBL913774,CHEMBL389847,CL,mL.min-1.kg-1,=,1.62,CHEMBL614875,Macaca mulatta,"Clearance in monkey at 10 mg/kg, iv",A,C[C@@H](O)[C@H]1C(=O)N2C(C(=O)O)=C(S[C@H]3C[C@@H](C(=O)N4CC[C@H](NC(=O)CNC(=N)N)C4)N(C)C3)[C@H](C)[C@H]12,1.62,mL.min-1.kg-1,species_only_monkey
1828655,CHEMBL913775,CHEMBL389847,CL,mL.min-1.kg-1,=,1.73,CHEMBL614875,Macaca mulatta,"Clearance in monkey at 25 mg/kg, iv",A,C[C@@H](O)[C@H]1C(=O)N2C(C(=O)O)=C(S[C@H]3C[C@@H](C(=O)N4CC[C@H](NC(=O)CNC(=N)N)C4)N(C)C3)[C@H](C)[C@H]12,1.73,mL.min-1.kg-1,species_only_monkey
1839012,CHEMBL913880,CHEMBL376722,CL,mL.min-1.kg-1,=,1.7,CHEMBL614875,Macaca mulatta,"Clearance in rhesus monkey at 1 mg/kg, iv and 1 mg/kg, po",A,CNC(=O)N1CCN(Cc2ccnc(Nc3ncc(C#N)s3)c2C)CC1,1.7,mL.min-1.kg-1,species_only_monkey
1839020,CHEMBL913880,CHEMBL375248,CL,mL.min-1.kg-1,=,17.2,CHEMBL614875,Macaca mulatta,"Clearance in rhesus monkey at 1 mg/kg, iv and 1 mg/kg, po",A,CNC(=O)N1CCN(Cc2ccnc(Nc3ncc(C#N)s3)c2)CC1,17.2,mL.min-1.kg-1,species_only_monkey
1842003,CHEMBL915437,CHEMBL425563,CL,mL.min-1.kg-1,=,1.5,CHEMBL614875,Macaca mulatta,"Plasma clearance in rhesus monkey at 1 mg/kg, po and 0.5 mg/kg, iv",A,O=C(O)C1CN(Cc2ccc(OCc3cc(-c4ccccc4)c(C(F)(F)F)s3)cc2)C1,1.5,mL.min-1.kg-1,species_only_monkey
1842008,CHEMBL915437,CHEMBL224005,CL,mL.min-1.kg-1,=,1.3,CHEMBL614875,Macaca mulatta,"Plasma clearance in rhesus monkey at 1 mg/kg, po and 0.5 mg/kg, iv",A,Cc1cc(CN2CC(C(=O)O)C2)ccc1OCc1cc(-c2ccccc2)c(C(F)(F)F)s1,1.3,mL.min-1.kg-1,species_only_monkey
1861600,CHEMBL915720,CHEMBL386515,CL,mL.min-1.kg-1,=,15.0,CHEMBL614875,Macaca mulatta,"Plasma clearance in rhesus monkey at 1 mg/kg, po and 1 mg/kg, iv",A,CN(C)C(C)(C)c1nc(O)c(O)c(C(=O)NCc2ccc(F)cc2)n1,15.0,mL.min-1.kg-1,species_only_monkey
1862027,CHEMBL916128,CHEMBL227529,CL,mL.min-1.kg-1,=,8.81,CHEMBL614875,Macaca mulatta,"Clearance in monkey at 1.1 mg/kg, iv and 10 mg/kg, po",A,Cn1c(=O)cc(N2CCC[C@@H](N)C2)n(Cc2ccccc2C#N)c1=O.O=C(O)c1ccccc1,8.81,mL.min-1.kg-1,species_only_monkey
1896481,CHEMBL886255,CHEMBL230387,CL,mL.min-1.kg-1,=,39.4,CHEMBL614875,Macaca mulatta,"Plasma clearance in monkey at 1 mg/kg, iv or 2 mg/kg, po",A,C[C@H]1CNC(=O)[C@@H](C)N(C(=O)C[C@H](N)Cc2cc(F)c(F)cc2F)C1,39.4,mL.min-1.kg-1,species_only_monkey
1896509,CHEMBL886255,CHEMBL230496,CL,mL.min-1.kg-1,=,42.3,CHEMBL614875,Macaca mulatta,"Plasma clearance in monkey at 1 mg/kg, iv or 2 mg/kg, po",A,C[C@@H]1CCN(C(=O)C[C@H](N)Cc2cc(F)c(F)cc2F)[C@H](C)C(=O)N1,42.3,mL.min-1.kg-1,species_only_monkey
1899060,CHEMBL888997,CHEMBL397983,CL,mL.min-1.kg-1,=,2.0,CHEMBL613847,Macaca fascicularis,"Clearance in cynomolgus monkey at 1 mg/kg, iv",A,CCOc1ccc(-n2c([C@@H](C)N(Cc3cccnc3)C(=O)Cc3ccc(OC(F)(F)F)cc3)nc3ncccc3c2=O)cc1,2.0,mL.min-1.kg-1,species_only_monkey
1909400,CHEMBL890335,CHEMBL229430,CL,mL.min-1.kg-1,=,0.5,CHEMBL614875,Macaca mulatta,"Clearance in monkey at 1 mg/kg, iv",A,CC(=O)Nc1nc2c(Oc3cc(-c4ccc(C(F)(F)F)cc4)ncn3)cccc2s1,0.5,mL.min-1.kg-1,species_only_monkey
1909540,CHEMBL890363,CHEMBL226574,CL,mL.min-1.kg-1,=,6.667,CHEMBL614875,Macaca mulatta,"Clearance in monkey at 1 mg/kg, iv",A,CC(=O)Nc1nc2c(Oc3cc(N4CCN([C@H](C)c5ccc(F)cc5)CC4)ncn3)cccc2s1,6.667,mL.min-1.kg-1,species_only_monkey
1909656,CHEMBL890402,CHEMBL229008,CL,mL.min-1.kg-1,=,3.4,CHEMBL613847,Macaca fascicularis,"Clearance in cynomolgus monkey at 2 mg/kg, iv",A,CCN1CCN(c2ccc(C(C)(C)NC(=O)c3cc4[nH]c5ccccc5c(=O)c4cc3F)cn2)CC1,3.4,mL.min-1.kg-1,species_only_monkey
1936352,CHEMBL895316,CHEMBL538587,CL,mL.min-1.kg-1,=,14.0,CHEMBL614875,Macaca mulatta,"Plasma clearance in rhesus monkey at 1 mg/kg, po and 1 mg/kg, iv",A,CN1CCOCC1c1nc(C(=O)NCc2ccc(F)cc2)c(O)c(=O)n1C.Cl,14.0,mL.min-1.kg-1,species_only_monkey
1960132,CHEMBL893229,CHEMBL234635,CL,mL.min-1.kg-1,=,9.5,CHEMBL614875,Macaca mulatta,"Plasma clearance in rhesus monkey at 1 mg/kg, iv or 2 mg/kg, po",A,N[C@H]1C[C@@H](N2CCn3c(C(F)(F)F)cnc3C2)CCC1c1cc(F)c(F)cc1F,9.5,mL.min-1.kg-1,species_only_monkey
1961719,CHEMBL893676,CHEMBL234606,CL,mL.min-1.kg-1,=,17.0,CHEMBL613847,Macaca fascicularis,Plasma clearance in monkey,A,CC(C)(O)CC[C@@H](CN)C[C@H](O)[C@H](Cc1cccc(F)c1)NC(=O)c1cnc2ccccc2n1,17.0,mL.min-1.kg-1,species_only_monkey
1961816,CHEMBL893676,CHEMBL430166,CL,mL.min-1.kg-1,=,51.0,CHEMBL613847,Macaca fascicularis,Plasma clearance in monkey,A,C[C@@H]1CN(Cc2ccc(F)cc2)[C@@H](C)CN1C(=O)COc1ccc(Cl)cc1CS(=O)(=O)O,51.0,mL.min-1.kg-1,species_only_monkey
1961818,CHEMBL893676,CHEMBL391239,CL,mL.min-1.kg-1,=,1.2,CHEMBL613847,Macaca fascicularis,Plasma clearance in monkey,A,COS(=O)(=O)NC(=O)Cc1cc(Cl)ccc1OCC(=O)N1C[C@H](C)N(Cc2ccc(F)cc2)C[C@H]1C,1.2,mL.min-1.kg-1,species_only_monkey
1961823,CHEMBL893676,CHEMBL391301,CL,mL.min-1.kg-1,=,3.4,CHEMBL613847,Macaca fascicularis,Plasma clearance in monkey,A,C[C@@H]1CN(Cc2ccc(F)cc2)[C@@H](C)CN1C(=O)COc1ccc(Cl)cc1C(=O)O,3.4,mL.min-1.kg-1,species_only_monkey
1961826,CHEMBL893676,CHEMBL232656,CL,mL.min-1.kg-1,=,8.9,CHEMBL613847,Macaca fascicularis,Plasma clearance in monkey,A,C[C@@H]1CN(Cc2ccc(F)cc2)CCN1C(=O)COc1ccc(Cl)cc1NC(N)=O,8.9,mL.min-1.kg-1,species_only_monkey
1965442,CHEMBL897280,CHEMBL410414,CL,mL.min-1.kg-1,=,12.0,CHEMBL614875,Macaca mulatta,"Plasma clearance in monkey at 0.5 mg/kg, iv",A,CN(Cc1ccccc1)C(=O)[C@@H](NC(=O)c1cc2cc(NC(=O)c3ccccc3-c3ccc(C(F)(F)F)cc3)ccc2n1C)c1ccccc1,12.0,mL.min-1.kg-1,species_only_monkey
1970103,CHEMBL895502,CHEMBL232185,CL,mL.min-1.kg-1,=,18.0,CHEMBL614875,Macaca mulatta,"Plasma clearance in monkey at 5 mg/kg, iv or 5 mg/kg, po",A,CC(C)(CO)NCC(=O)N1C[C@@H](F)C[C@H]1C(=O)c1nnc(C(C)(C)C)o1,18.0,mL.min-1.kg-1,species_only_monkey
1987861,CHEMBL898868,CHEMBL437557,CL,mL.min-1.kg-1,=,5.6,CHEMBL614875,Macaca mulatta,"Plasma clearance in rhesus monkey at 1 mg/kg, iv or 2 mg/kg, po",A,CN(C)C(=O)[C@@H]([C@H]1CC[C@H](c2ccc3ncnn3c2)CC1)[C@H](N)C(=O)N1CCC(F)(F)C1,5.6,mL.min-1.kg-1,species_only_monkey
1994881,CHEMBL900833,CHEMBL427860,CL,mL.min-1.kg-1,=,8.1,CHEMBL614875,Macaca mulatta,"Plasma clearance in rhesus monkey at 5 mg/kg, iv",A,Cc1ccc(N2CCN(C(=O)[C@H](C)Cc3ccc(Cl)cc3)CC2)c([C@@H](NC(=O)CCN(C)C)C(C)C)c1,8.1,mL.min-1.kg-1,species_only_monkey
1994924,CHEMBL900830,CHEMBL427860,CL,mL.min-1.kg-1,=,39.0,CHEMBL614875,Macaca mulatta,Scaled intrinsic clearance in rhesus monkey,A,Cc1ccc(N2CCN(C(=O)[C@H](C)Cc3ccc(Cl)cc3)CC2)c([C@@H](NC(=O)CCN(C)C)C(C)C)c1,39.0,mL.min-1.kg-1,species_only_monkey
1996480,CHEMBL899881,CHEMBL236593,CL,mL.min-1.kg-1,=,7.0,CHEMBL614875,Macaca mulatta,"Clearance in rhesus monkey at 0.5 mg/kg, iv",A,O=C(N[C@@H]1CC[C@@H](c2cccc(F)c2F)CN(CC(F)(F)F)C1=O)N1CCC(n2c(=O)[nH]c3ncccc32)CC1,7.0,mL.min-1.kg-1,species_only_monkey
1996483,CHEMBL899881,CHEMBL237848,CL,mL.min-1.kg-1,=,8.7,CHEMBL614875,Macaca mulatta,"Clearance in rhesus monkey at 0.5 mg/kg, iv",A,CCN1C[C@H](c2cccc(F)c2F)CC[C@@H](NC(=O)N2CCC(n3c(=O)[nH]c4ncccc43)CC2)C1=O,8.7,mL.min-1.kg-1,species_only_monkey
1996484,CHEMBL899881,CHEMBL237664,CL,mL.min-1.kg-1,=,7.1,CHEMBL614875,Macaca mulatta,"Clearance in rhesus monkey at 0.5 mg/kg, iv",A,CN1C[C@H](c2cccc(F)c2F)CC[C@@H](NC(=O)N2CCC(n3c(=O)[nH]c4ncccc43)CC2)C1=O,7.1,mL.min-1.kg-1,species_only_monkey
2004068,CHEMBL901994,CHEMBL398372,CL,mL.min-1.kg-1,=,37.0,CHEMBL614875,Macaca mulatta,"Plasma clearance in monkey at 10 umol/kg, po",A,CC(C)(N)C(=O)N[C@H](COCc1ccccc1)c1nnnn1CCOC(=O)NCCCCO,37.0,mL.min-1.kg-1,species_only_monkey
2006626,CHEMBL901366,CHEMBL266647,CL,mL.min-1.kg-1,=,24.3,CHEMBL614875,Macaca mulatta,"Clearance in monkey at 5 mg/kg, iv",A,CC(C)C[C@H](NC(=O)CCN(C)C)c1cc(Cl)ccc1N1CCN(C(=O)[C@H](C)Cc2ccc(Cl)cc2)CC1,24.3,mL.min-1.kg-1,species_only_monkey
2008953,CHEMBL902724,CHEMBL237500,CL,mL.min-1.kg-1,=,15.8,CHEMBL613847,Macaca fascicularis,"Clearance in cynomolgus monkey at 5 mg/kg, po and 1.5 mg/kg, iv",A,CC#CCn1c(N2CCC[C@@H](N)C2)nc2c1c(=O)n(Cc1nc(C)c3ccccc3n1)c(=O)n2C,15.8,mL.min-1.kg-1,species_only_monkey
2013274,CHEMBL902380,CHEMBL241707,CL,mL.min-1.kg-1,=,6.667,CHEMBL614875,Macaca mulatta,"Plasma clearance in monkey at 2.5 mg/kg, iv",A,CC(C)(Oc1ccc(F)cc1Cl)C(=O)N[C@H]1C2CC3CC1C[C@](S(C)(=O)=O)(C3)C2,6.667,mL.min-1.kg-1,species_only_monkey
2018459,CHEMBL885934,CHEMBL414850,CL,mL.min-1.kg-1,=,6.6,CHEMBL614875,Macaca mulatta,"Clearance in rhesus monkey at 1 mg/kg, iv",A,O=C(NCc1ccc(F)cc1)c1nc(N2CCCCS2(=O)=O)c2cccnc2c1O,6.6,mL.min-1.kg-1,species_only_monkey
2018462,CHEMBL885934,CHEMBL245719,CL,mL.min-1.kg-1,=,18.3,CHEMBL614875,Macaca mulatta,"Clearance in rhesus monkey at 1 mg/kg, iv",A,CNC(=O)c1cc(F)ccc1CNC(=O)c1nc(N2CCCCS2(=O)=O)c2cccnc2c1O,18.3,mL.min-1.kg-1,species_only_monkey
2021869,CHEMBL903597,CHEMBL246530,CL,mL.min-1.kg-1,=,10.33,CHEMBL614875,Macaca mulatta,"Plasma clearance in monkey at 2.5 mg/kg, po",A,CS(=O)(=O)c1cccc(-c2ncnc(N3CC(N)C(c4cc(F)c(F)cc4F)C3)n2)c1,10.33,mL.min-1.kg-1,species_only_monkey
2030835,CHEMBL886407,CHEMBL245742,CL,mL.min-1.kg-1,=,8.1,CHEMBL613847,Macaca fascicularis,"Clearance in cynomolgus monkey at 10 mg/kg, po",A,C[C@H](NS(=O)(=O)C(F)(F)F)c1ccc(S(=O)(=O)c2ccc(Cl)cc2S(=O)(=O)c2ccccc2F)cc1,8.1,mL.min-1.kg-1,species_only_monkey
2035306,CHEMBL907483,CHEMBL556574,CL,mL.min-1.kg-1,=,14.2,CHEMBL614875,Macaca mulatta,"Clearance in monkey at 3 mg/kg, po and iv",A,CN1CCc2nc(C(=O)N[C@@H]3CCC[C@H]3NC(=O)c3cc4cc(Cl)ccc4[nH]3)sc2C1.Cl,14.2,mL.min-1.kg-1,species_only_monkey
2035311,CHEMBL907483,CHEMBL556396,CL,mL.min-1.kg-1,=,17.7,CHEMBL614875,Macaca mulatta,"Clearance in monkey at 3 mg/kg, po and iv",A,CN1CCc2nc(C(=O)N[C@@H]3CCCC[C@@H]3NC(=O)c3cc4cc(Cl)ccc4[nH]3)sc2C1.Cl,17.7,mL.min-1.kg-1,species_only_monkey
2035368,CHEMBL907500,CHEMBL251144,CL,mL.min-1.kg-1,=,2.5,CHEMBL614875,Macaca mulatta,"Plasma clearance in rhesus monkey at 1.0 mg/kg, iv",A,Nc1ccccc1NC(=O)c1ccc(C(C(=O)Nc2ccccc2)C(=O)Nc2ccccc2)cc1,2.5,mL.min-1.kg-1,species_only_monkey
2040753,CHEMBL923411,CHEMBL250798,CL,mL.min-1.kg-1,=,4.5,CHEMBL614875,Macaca mulatta,Plasma clearance in rhesus monkey,A,C[C@@H](O[C@@H]1CN(C2=CC(=O)CC2)C[C@H]1c1ccc(F)cc1)c1cc(C(F)(F)F)cc(C(F)(F)F)c1,4.5,mL.min-1.kg-1,species_only_monkey
2045074,CHEMBL923812,CHEMBL1422,CL,mL.min-1.kg-1,=,28.0,CHEMBL614875,Macaca mulatta,Plasma clearance in rhesus monkey,A,N[C@@H](CC(=O)N1CCn2c(nnc2C(F)(F)F)C1)Cc1cc(F)c(F)cc1F,28.0,mL.min-1.kg-1,species_only_monkey
2045092,CHEMBL923812,CHEMBL250787,CL,mL.min-1.kg-1,=,16.0,CHEMBL614875,Macaca mulatta,Plasma clearance in rhesus monkey,A,C[C@@H]1c2nc(C(F)(F)F)nn2CCN1C(=O)C[C@H](N)Cc1cc(F)c(F)cc1F,16.0,mL.min-1.kg-1,species_only_monkey
2046440,CHEMBL924088,CHEMBL394052,CL,mL.min-1.kg-1,=,11.23,CHEMBL613847,Macaca fascicularis,"Clearance (0 to infinity) in cynomolgus monkey at 1 mg/kg, iv",A,CC(C)(C)c1csc(NC(=O)c2ccn3c(=O)c(/C=C/c4nnn[nH]4)c(N4CCC[C@@H](OC(=O)NCC[N+](C)(C)CC(=O)[O-])C4)nc3c2)n1,11.23,mL.min-1.kg-1,species_only_monkey
2046441,CHEMBL924089,CHEMBL394052,CL,mL.min-1.kg-1,=,10.7,CHEMBL613847,Macaca fascicularis,"Clearance (0 to infinity) in cynomolgus monkey at 5 mg/kg, iv",A,CC(C)(C)c1csc(NC(=O)c2ccn3c(=O)c(/C=C/c4nnn[nH]4)c(N4CCC[C@@H](OC(=O)NCC[N+](C)(C)CC(=O)[O-])C4)nc3c2)n1,10.7,mL.min-1.kg-1,species_only_monkey
2055990,CHEMBL925083,CHEMBL250689,CL,mL.min-1.kg-1,=,35.0,CHEMBL613847,Macaca fascicularis,Clearance in cynomolgus monkey,A,CC(=O)c1cccc(NC(=O)N[C@@H]2CCCC[C@H]2CN2CCC[C@@H](Cc3ccc(F)cc3)C2)c1,35.0,mL.min-1.kg-1,species_only_monkey
2056012,CHEMBL925083,CHEMBL249854,CL,mL.min-1.kg-1,=,14.5,CHEMBL613847,Macaca fascicularis,Clearance in cynomolgus monkey,A,CC(=O)c1sc(NC(=O)N[C@@H]2CN(C(C)=O)CC[C@H]2CN2CCC[C@@H](Cc3ccc(F)cc3)C2)nc1C,14.5,mL.min-1.kg-1,species_only_monkey
2067669,CHEMBL944807,CHEMBL398338,CL,mL.min-1.kg-1,=,9.833,CHEMBL614875,Macaca mulatta,"Plasma clearance in monkey at 5 umol/kg, iv administered in PEG400",A,CC(C)(C)c1ccc2c(c1)CC[C@H]2NC(=O)Nc1cccc2[nH]ncc12,9.833,mL.min-1.kg-1,species_only_monkey
2068970,CHEMBL944062,CHEMBL558779,CL,mL.min-1.kg-1,=,29.0,CHEMBL614875,Macaca mulatta,"Plasma clearance in monkey at 1 mg/kg, iv and 2 mg/kg, po",A,C[C@@H]1c2nnc(C(F)(F)F)n2CCN1C(=O)C[C@H](N)Cc1cc(F)c(F)cc1F.Cl,29.0,mL.min-1.kg-1,species_only_monkey
2078024,CHEMBL945075,CHEMBL437501,CL,mL.min-1.kg-1,=,7.5,CHEMBL614875,Macaca mulatta,Clearance in monkey,A,CC(C)C[C@H](N[C@@H](c1ccc(-c2ccc(S(C)(=O)=O)cc2)cc1)C(F)(F)F)C(=O)NCC#N,7.5,mL.min-1.kg-1,species_only_monkey
2078122,CHEMBL946037,CHEMBL481611,CL,mL.min-1.kg-1,=,6.1,CHEMBL614875,Macaca mulatta,"Clearance in rhesus monkey at 5 mg/kg, po",A,CC(C)(F)C[C@H](N[C@@H](c1ccc(-c2ccc(S(C)(=O)=O)cc2)cc1)C(F)(F)F)C(=O)NC1(C#N)CC1,6.1,mL.min-1.kg-1,species_only_monkey
2092917,CHEMBL930618,CHEMBL402831,CL,mL.min-1.kg-1,=,7.1,CHEMBL614875,Macaca mulatta,"Clearance in rhesus monkey at 1 mg/kg, po or 1 mg/kg, iv",A,Cc1nc(-c2c(F)cc(Cl)cc2-c2cnc([C@@H](C)NC(=O)[C@@](C)(O)C(F)(F)F)c(F)c2)no1,7.1,mL.min-1.kg-1,species_only_monkey
2095379,CHEMBL931932,CHEMBL261646,CL,mL.min-1.kg-1,=,12.23,CHEMBL613847,Macaca fascicularis,"Total clearance in cynomolgus monkey at 1 mg/kg, iv",A,Cc1cc(N2CCC(N(C)C(=O)CCS(=O)(=O)c3ccc4cc(Cl)ccc4c3)CC2)ccn1,12.23,mL.min-1.kg-1,species_only_monkey
2100872,CHEMBL932133,CHEMBL408479,CL,mL.min-1.kg-1,=,27.0,CHEMBL614875,Macaca mulatta,"Plasma clearance in rhesus monkey at 1 mg/kg, iv or 6.5 mg/kg, po",A,CN(C)S(=O)(=O)N(C)[C@@H]1CCCn2c1nc(C(=O)NCc1ccc(F)cc1)c(O)c2=O,27.0,mL.min-1.kg-1,species_only_monkey
2100895,CHEMBL932139,CHEMBL408962,CL,mL.min-1.kg-1,=,8.0,CHEMBL614875,Macaca mulatta,"Plasma clearance in rhesus monkey at 2 mg/kg, iv or 10 mg/kg, po",A,CN(C)C(=O)C(=O)N(C)[C@H]1CCCCn2c1nc(C(=O)NCc1ccc(F)cc1)c(O)c2=O,8.0,mL.min-1.kg-1,species_only_monkey
2103647,CHEMBL949059,CHEMBL270173,CL,mL.min-1.kg-1,=,15.0,CHEMBL614875,Macaca mulatta,"Clearance in rhesus monkey at 3 mg/kg, po or 1 mg/kg, iv",A,CCOc1c(Cl)cc(Cl)cc1-c1cnc([C@@H](C)NC(=O)C2(NC(=O)c3ccno3)CC2)c(F)c1,15.0,mL.min-1.kg-1,species_only_monkey
2103659,CHEMBL949059,CHEMBL404484,CL,mL.min-1.kg-1,=,1.6,CHEMBL614875,Macaca mulatta,"Clearance in rhesus monkey at 3 mg/kg, po or 1 mg/kg, iv",A,COc1cc(C(=O)NC2(C(=O)N[C@H](C)c3ncc(-c4cc(Cl)cc(Cl)c4OCC(F)F)cc3F)CC2)on1,1.6,mL.min-1.kg-1,species_only_monkey
2103660,CHEMBL949059,CHEMBL402630,CL,mL.min-1.kg-1,=,9.1,CHEMBL614875,Macaca mulatta,"Clearance in rhesus monkey at 3 mg/kg, po or 1 mg/kg, iv",A,Cc1cc(C(=O)NC2(C(=O)N[C@H](C)c3ncc(-c4cc(Cl)cc(Cl)c4OCC(F)F)cc3F)CC2)no1,9.1,mL.min-1.kg-1,species_only_monkey
2103661,CHEMBL949059,CHEMBL233968,CL,mL.min-1.kg-1,=,11.2,CHEMBL614875,Macaca mulatta,"Clearance in rhesus monkey at 3 mg/kg, po or 1 mg/kg, iv",A,COC(=O)c1c(Cl)cc(Cl)cc1-c1ccc([C@@H](C)NC(=O)C2(NC(=O)C(F)(F)F)CC2)c(F)c1,11.2,mL.min-1.kg-1,species_only_monkey
2114736,CHEMBL932911,CHEMBL1627088,CL,mL.min-1.kg-1,=,2.0,CHEMBL614875,Macaca mulatta,"Clearance in rhesus monkey at 4 mg/kg, po or 2 mg/kg, iv",A,COc1cccc(OC)c1C1(C(=O)[N-]S(=O)(=O)Cc2ccc(N3Cc4c(c(OCC(F)(F)F)c5cccnc5c4OCC(F)(F)F)C3=O)c(C)c2)CC1.[Na+],2.0,mL.min-1.kg-1,species_only_monkey
2116613,CHEMBL934378,CHEMBL258131,CL,mL.min-1.kg-1,=,16.0,CHEMBL614875,Macaca mulatta,"Clearance in rhesus monkey at 0.5 mg/kg, iv and 1 mg/kg, po",A,CNC(=O)C(N)c1ccc(C(=O)Nc2cc(-c3cccs3)ccc2N)cc1,16.0,mL.min-1.kg-1,species_only_monkey
2117405,CHEMBL950172,CHEMBL272584,CL,mL.min-1.kg-1,=,0.9,CHEMBL614875,Macaca mulatta,"Total clearance in monkey at 0.32 mg/kg, iv by cassette assay",A,CC(C)Oc1cc(-c2ccc(CCNC[C@H](O)c3cccc(Cl)c3)cc2)ccc1C(=O)O,0.9,mL.min-1.kg-1,species_only_monkey
2117619,CHEMBL949240,CHEMBL271945,CL,mL.min-1.kg-1,=,1.4,CHEMBL614875,Macaca mulatta,"Total clearance in monkey at 0.186 mg/kg, iv by cassette assay",A,CC(C)Oc1cc(-c2ccc(CCNC[C@H](O)c3ccccc3)cc2)ccc1C(=O)O,1.4,mL.min-1.kg-1,species_only_monkey
2117628,CHEMBL949237,CHEMBL59765,CL,mL.min-1.kg-1,=,11.8,CHEMBL614875,Macaca mulatta,"Total clearance in monkey at 0.83 mg/kg, iv by cassette assay",A,CCOC(=O)COc1ccc2c(c1)C[C@@H](NC[C@H](O)c1cccc(Cl)c1)CCC2,11.8,mL.min-1.kg-1,species_only_monkey
2120075,CHEMBL934396,CHEMBL270908,CL,mL.min-1.kg-1,=,12.0,CHEMBL613847,Macaca fascicularis,"Plasma clearance in cynomolgus monkey at 0.25 mg/kg, iv",A,Cn1c(C#N)ccc1-c1ccc2c(c1)C(C)(C)C(=O)N2,12.0,mL.min-1.kg-1,species_only_monkey
2120076,CHEMBL934396,CHEMBL407848,CL,mL.min-1.kg-1,=,7.0,CHEMBL613847,Macaca fascicularis,"Plasma clearance in cynomolgus monkey at 0.25 mg/kg, iv",A,Cn1c(C#N)ccc1-c1cc(F)c2c(c1)C(C)(C)C(=O)N2,7.0,mL.min-1.kg-1,species_only_monkey
2120077,CHEMBL935293,CHEMBL407848,CL,mL.min-1.kg-1,=,7.0,CHEMBL613847,Macaca fascicularis,"Plasma clearance in cynomolgus monkey at 1 mg/kg, iv",A,Cn1c(C#N)ccc1-c1cc(F)c2c(c1)C(C)(C)C(=O)N2,7.0,mL.min-1.kg-1,species_only_monkey
2120903,CHEMBL932762,CHEMBL271984,CL,mL.min-1.kg-1,=,12.97,CHEMBL613847,Macaca fascicularis,"Clearance in cynomolgus monkey at 0.5 mg/kg, iv",A,COc1cc2nccc(Oc3ccc4c(C(N)=O)cccc4c3)c2cc1OC,12.97,mL.min-1.kg-1,species_only_monkey
2121196,CHEMBL932989,CHEMBL270532,CL,mL.min-1.kg-1,=,3.333,CHEMBL613847,Macaca fascicularis,"Clearance in cynomolgus monkey at 1 mg/kg, iv",A,COc1cc2nccc(Oc3ccc4c(C(=O)Nc5ccc(Cl)cc5)cccc4c3)c2cc1OC.CS(=O)(=O)O,3.333,mL.min-1.kg-1,species_only_monkey
2139709,CHEMBL936571,CHEMBL259603,CL,mL.min-1.kg-1,=,7.333,CHEMBL613847,Macaca fascicularis,"Total clearance in cynomolgus monkey at 0.3 mg/kg, iv",A,O=C(CCS(=O)(=O)c1ccc2cc(Cl)ccc2c1)N1CCN(c2cccc3nc(CO)cn23)CC1,7.333,mL.min-1.kg-1,species_only_monkey
2149750,CHEMBL935677,CHEMBL525076,CL,mL.min-1.kg-1,=,0.6667,CHEMBL613847,Macaca fascicularis,"Clearance in cynomolgus monkey at 1 to 2 mg/kg, iv",A,CC[C@H](C)[C@H](NC(=O)[C@H](CC(C)C)NC(=O)[C@H](CO)NC(=O)[C@H](Cc1cnc[nH]1)NC(=O)[C@@H](NC(=O)[C@H](CC(C)C)NC(=O)[C@H](CO)NC(=O)[C@@H](NC(=O)[C@H](Cc1ccc(O)cc1)NC(C)=O)[C@@H](C)O)[C@@H](C)CC)C(=O)N[C@@H](CCC(=O)O)C(=O)N[C@@H](CCC(=O)O)C(=O)N[C@@H](CO)C(=O)N[C@@H](CCC(N)=O)C(=O)N[C@@H](CC(N)=O)C(=O)N[C@@H](CCC(N)=O)C(=O)N[C@@H](CCC(N)=O)C(=O)N[C@@H](CCC(=O)O)C(=O)N[C@@H](CCCCN)C(=O)N[C@@H](CC(N)=O)C(=O)N[C@@H](CCC(=O)O)C(=O)N[C@@H](CCC(N)=O)C(=O)N[C@@H](CCC(=O)O)C(=O)N[C@@H](CC(C)C)C(=O)N[C@@H](CC(C)C)C(=O)N[C@@H](CCC(=O)O)C(=O)N[C@@H](CC(C)C)C(=O)N[C@@H](CC(=O)O)C(=O)N[C@@H](CCCCN)C(=O)N[C@@H](Cc1c[nH]c2ccccc12)C(=O)N[C@@H](C)C(=O)N[C@@H](CO)C(=O)N[C@@H](CC(C)C)C(=O)N[C@@H](Cc1c[nH]c2ccccc12)C(=O)N[C@@H](CC(N)=O)C(=O)N[C@@H](Cc1c[nH]c2ccccc12)C(=O)N[C@@H](Cc1ccccc1)C(N)=O,0.6667,mL.min-1.kg-1,species_only_monkey
2149751,CHEMBL935677,CHEMBL428338,CL,mL.min-1.kg-1,=,0.05,CHEMBL613847,Macaca fascicularis,"Clearance in cynomolgus monkey at 1 to 2 mg/kg, iv",A,CC[C@H](C)[C@H](NC(=O)[C@H](C)NC(=O)[C@H](CCCNC(=N)N)NC(=O)[C@H](CC(=O)O)NC(=O)[C@H](Cc1c[nH]c2ccccc12)NC(=O)[C@H](C)NC(=O)[C@H](CCC(=O)O)NC(=O)[C@H](Cc1c[nH]c2ccccc12)NC(=O)[C@@H](NC(=O)[C@@H](N)[C@@H](C)O)[C@@H](C)O)C(=O)N[C@@H](C)C(=O)N[C@@H](CCC(=O)O)C(=O)N[C@@H](Cc1ccc(O)cc1)C(=O)N[C@@H](C)C(=O)N[C@@H](C)C(=O)N[C@@H](CCCNC(=N)N)C(=O)N[C@H](C(=O)N[C@@H](CCC(=O)O)C(=O)N[C@@H](C)C(=O)N[C@@H](CC(C)C)C(=O)N[C@H](C(=O)N[C@@H](CCCNC(=N)N)C(=O)N[C@@H](C)C(=O)N[C@@H](CC(C)C)C(=O)N[C@@H](CCC(N)=O)C(=O)N[C@@H](CCC(=O)O)C(=O)N[C@@H](CC(C)C)C(=O)N[C@@H](CCC(N)=O)C(=O)N[C@@H](CCC(=O)O)C(=O)N[C@@H](CCCCN)C(=O)N[C@@H](CC(C)C)C(=O)N[C@@H](CCC(=O)O)C(=O)N[C@@H](C)C(=O)N[C@H](C(=O)N[C@@H](CC(C)C)C(=O)N[C@@H](CCCNC(=N)N)C(=O)N[C@@H](CCC(=O)O)C(=O)N[C@@H](CC(C)C)C(=O)O)[C@@H](C)CC)[C@@H](C)CC)[C@@H](C)CC,0.05,mL.min-1.kg-1,species_only_monkey
2149752,CHEMBL935677,CHEMBL437278,CL,mL.min-1.kg-1,=,0.03333,CHEMBL613847,Macaca fascicularis,"Clearance in cynomolgus monkey at 1 to 2 mg/kg, iv",A,CC[C@H](C)[C@H](NC(=O)[C@H](C)NC(=O)[C@H](CCCNC(=N)N)NC(=O)[C@H](CC(=O)O)NC(=O)[C@H](Cc1c[nH]c2ccccc12)NC(=O)[C@H](C)NC(=O)[C@H](CCC(=O)O)NC(=O)[C@H](Cc1c[nH]c2ccccc12)NC(=O)[C@@H](NC(=O)[C@@H](N)[C@@H](C)O)[C@@H](C)O)C(=O)N[C@@H](C)C(=O)N[C@@H](CCC(=O)O)C(=O)N[C@@H](Cc1ccc(O)cc1)C(=O)N[C@@H](C)C(=O)N[C@@H](C)C(=O)N[C@@H](CCCNC(=N)N)C(=O)N[C@H](C(=O)N[C@@H](CCC(=O)O)C(=O)N[C@@H](C)C(=O)N[C@@H](CC(C)C)C(=O)N[C@H](C(=O)N[C@@H](CCCNC(=N)N)C(=O)N[C@@H](C)C(=O)N[C@@H](C)C(=O)N[C@@H](CCC(N)=O)C(=O)N[C@@H](CCC(=O)O)C(=O)N[C@@H](CC(C)C)C(=O)N[C@@H](CCC(N)=O)C(=O)N[C@@H](CCC(=O)O)C(=O)N[C@@H](CCCCN)C(=O)N[C@@H](CC(C)C)C(=O)N[C@@H](CCC(=O)O)C(=O)N[C@@H](C)C(=O)N[C@@H](C)C(=O)N[C@@H](CC(C)C)C(=O)N[C@@H](CCCNC(=N)N)C(=O)N[C@@H](CCC(=O)O)C(=O)N[C@@H](CC(C)C)C(=O)O)[C@@H](C)CC)[C@@H](C)CC,0.03333,mL.min-1.kg-1,species_only_monkey
2149753,CHEMBL935677,CHEMBL427982,CL,mL.min-1.kg-1,=,0.15,CHEMBL613847,Macaca fascicularis,"Clearance in cynomolgus monkey at 1 to 2 mg/kg, iv",A,CC[C@H](C)[C@H](NC(=O)[C@H](C)NC(=O)[C@H](CCCNC(=N)N)NC(=O)[C@H](CC(=O)O)NC(=O)[C@H](Cc1c[nH]c2ccccc12)NC(=O)[C@H](C)NC(=O)[C@H](CCC(=O)O)NC(=O)[C@H](Cc1c[nH]c2ccccc12)NC(=O)[C@@H](NC(=O)[C@@H](N)[C@@H](C)O)[C@@H](C)O)C(=O)N[C@@H](C)C(=O)N[C@@H](CCC(=O)O)C(=O)N[C@@H](Cc1ccc(O)cc1)C(=O)N[C@@H](C)C(=O)N[C@@H](C)C(=O)N[C@@H](CCCNC(=N)N)C(=O)N[C@H](C(=O)N[C@@H](CCC(=O)O)C(=O)N[C@@H](C)C(=O)N[C@@H](CC(C)C)C(=O)N[C@H](C(=O)N[C@@H](CCCNC(=N)N)C(=O)N[C@@H](C)C(=O)N[C@@H](CC(C)C)C(=O)N[C@@H](CCC(N)=O)C(=O)N[C@@H](CCC(=O)O)C(=O)N[C@@H](CC(C)C)C(=O)N[C@@H](CCC(N)=O)C(=O)N[C@@H](CCC(=O)O)C(=O)N[C@@H](CCCCN)C(=O)N[C@@H](CC(N)=O)C(=O)N[C@@H](CCC(N)=O)C(=O)N[C@@H](C)C(=O)N[C@H](C(=O)N[C@@H](CC(C)C)C(=O)N[C@@H](CCCNC(=N)N)C(=O)N[C@@H](CCC(=O)O)C(=O)N[C@@H](CC(C)C)C(=O)O)[C@@H](C)CC)[C@@H](C)CC)[C@@H](C)CC,0.15,mL.min-1.kg-1,species_only_monkey
2149754,CHEMBL935677,CHEMBL266465,CL,mL.min-1.kg-1,=,0.06667,CHEMBL613847,Macaca fascicularis,"Clearance in cynomolgus monkey at 1 to 2 mg/kg, iv",A,CC[C@H](C)[C@H](NC(=O)[C@H](C)NC(=O)[C@H](CCCNC(=N)N)NC(=O)[C@H](CC(=O)O)NC(=O)[C@H](Cc1c[nH]c2ccccc12)NC(=O)[C@H](C)NC(=O)[C@H](CCC(=O)O)NC(=O)[C@H](Cc1c[nH]c2ccccc12)NC(=O)[C@@H](NC(=O)[C@@H](N)[C@@H](C)O)[C@@H](C)O)C(=O)N[C@@H](C)C(=O)N[C@@H](CCC(=O)O)C(=O)N[C@@H](Cc1ccc(O)cc1)C(=O)N[C@@H](C)C(=O)N[C@@H](C)C(=O)N[C@@H](CCCNC(=N)N)C(=O)N[C@H](C(=O)N[C@@H](CCC(=O)O)C(=O)N[C@@H](C)C(=O)N[C@@H](CC(C)C)C(=O)N[C@H](C(=O)N[C@@H](CCCNC(=N)N)C(=O)N[C@@H](C)C(=O)N[C@@H](C)C(=O)N[C@@H](CCC(N)=O)C(=O)N[C@@H](CCC(=O)O)C(=O)N[C@@H](CCC(N)=O)C(=O)N[C@@H](CCC(N)=O)C(=O)N[C@@H](CCC(=O)O)C(=O)N[C@@H](CCCCN)C(=O)N[C@@H](CC(C)C)C(=O)N[C@@H](CCC(=O)O)C(=O)N[C@@H](C)C(=O)N[C@H](C(=O)N[C@@H](CC(C)C)C(=O)N[C@@H](CCCNC(=N)N)C(=O)N[C@@H](CCC(=O)O)C(=O)N[C@@H](CC(C)C)C(=O)O)C(C)C)[C@@H](C)CC)[C@@H](C)CC,0.06667,mL.min-1.kg-1,species_only_monkey
2149755,CHEMBL935677,CHEMBL415790,CL,mL.min-1.kg-1,=,0.15,CHEMBL613847,Macaca fascicularis,"Clearance in cynomolgus monkey at 1 to 2 mg/kg, iv",A,CC[C@H](C)[C@H](NC(=O)[C@H](C)NC(=O)[C@H](CCCNC(=N)N)NC(=O)[C@H](CC(=O)O)NC(=O)[C@H](Cc1c[nH]c2ccccc12)NC(=O)[C@H](C)NC(=O)[C@H](CCC(=O)O)NC(=O)[C@H](Cc1c[nH]c2ccccc12)NC(=O)[C@@H](NC(=O)[C@@H](N)[C@@H](C)O)[C@@H](C)O)C(=O)N[C@@H](C)C(=O)N[C@@H](CCC(=O)O)C(=O)N[C@@H](Cc1ccc(O)cc1)C(=O)N[C@@H](C)C(=O)N[C@@H](C)C(=O)N[C@@H](CCCNC(=N)N)C(=O)N[C@H](C(=O)N[C@@H](CCC(=O)O)C(=O)N[C@@H](C)C(=O)N[C@@H](CC(C)C)C(=O)N[C@H](C(=O)N[C@@H](CCCNC(=N)N)C(=O)N[C@@H](C)C(=O)N[C@@H](C)C(=O)N[C@@H](CCC(N)=O)C(=O)N[C@@H](CCC(=O)O)C(=O)N[C@@H](CCC(N)=O)C(=O)N[C@@H](CCC(N)=O)C(=O)N[C@@H](CCC(=O)O)C(=O)N[C@@H](CCCCN)C(=O)N[C@@H](CC(C)C)C(=O)N[C@@H](CCC(=O)O)C(=O)N[C@@H](C)C(=O)N[C@@H](C)C(=O)N[C@@H](CC(C)C)C(=O)N[C@@H](CCCNC(=N)N)C(=O)N[C@@H](CCC(=O)O)C(=O)N[C@@H](CC(C)C)C(=O)O)[C@@H](C)CC)[C@@H](C)CC,0.15,mL.min-1.kg-1,species_only_monkey
2149756,CHEMBL935677,CHEMBL437636,CL,mL.min-1.kg-1,=,0.2,CHEMBL613847,Macaca fascicularis,"Clearance in cynomolgus monkey at 1 to 2 mg/kg, iv",A,CC[C@H](C)[C@H](NC(=O)[C@H](C)NC(=O)[C@H](CCCNC(=N)N)NC(=O)[C@H](CC(=O)O)NC(=O)[C@H](Cc1c[nH]c2ccccc12)NC(=O)[C@H](C)NC(=O)[C@H](CCC(=O)O)NC(=O)[C@H](Cc1c[nH]c2ccccc12)NC(=O)[C@@H](NC(=O)[C@@H](N)[C@@H](C)O)[C@@H](C)O)C(=O)N[C@@H](C)C(=O)N[C@@H](CCC(=O)O)C(=O)N[C@@H](Cc1ccc(O)cc1)C(=O)N[C@@H](C)C(=O)N[C@@H](C)C(=O)N[C@@H](CCCNC(=N)N)C(=O)N[C@H](C(=O)N[C@@H](CCC(=O)O)C(=O)N[C@@H](C)C(=O)N[C@@H](CC(C)C)C(=O)N[C@H](C(=O)N[C@@H](CCCNC(=N)N)C(=O)N[C@@H](C)C(=O)N[C@@H](CC(C)C)C(=O)N[C@@H](CCC(N)=O)C(=O)N[C@@H](CCC(=O)O)C(=O)N[C@@H](CCC(N)=O)C(=O)N[C@@H](CCC(N)=O)C(=O)N[C@@H](CCC(=O)O)C(=O)N[C@@H](CCCCN)C(=O)N[C@@H](CC(N)=O)C(=O)N[C@@H](CCC(=O)O)C(=O)N[C@@H](C)C(=O)N[C@H](C(=O)N[C@@H](CC(C)C)C(=O)N[C@@H](CCCNC(=N)N)C(=O)N[C@@H](CCC(=O)O)C(=O)N[C@@H](CC(C)C)C(=O)O)[C@@H](C)CC)[C@@H](C)CC)[C@@H](C)CC,0.2,mL.min-1.kg-1,species_only_monkey
2149757,CHEMBL935677,CHEMBL428455,CL,mL.min-1.kg-1,=,0.4333,CHEMBL613847,Macaca fascicularis,"Clearance in cynomolgus monkey at 1 to 2 mg/kg, iv",A,CC[C@H](C)[C@H](NC(=O)[C@H](C)NC(=O)[C@H](CCCNC(=N)N)NC(=O)[C@H](CC(=O)O)NC(=O)[C@H](Cc1c[nH]c2ccccc12)NC(=O)[C@H](C)NC(=O)[C@H](CCC(=O)O)NC(=O)[C@H](Cc1c[nH]c2ccccc12)NC(=O)[C@@H](NC(=O)[C@@H](N)[C@@H](C)O)[C@@H](C)O)C(=O)N[C@@H](C)C(=O)N[C@@H](CCC(=O)O)C(=O)N[C@@H](Cc1ccc(O)cc1)C(=O)N[C@@H](C)C(=O)N[C@@H](C)C(=O)N[C@@H](CCCNC(=N)N)C(=O)N[C@H](C(=O)N[C@@H](CCC(=O)O)C(=O)N[C@@H](C)C(=O)N[C@@H](CC(C)C)C(=O)N[C@H](C(=O)N[C@@H](CCCNC(=N)N)C(=O)N[C@@H](C)C(=O)N[C@@H](C)C(=O)N[C@@H](CCC(N)=O)C(=O)N[C@@H](CCC(=O)O)C(=O)N[C@@H](CC(C)C)C(=O)N[C@@H](CCC(N)=O)C(=O)N[C@@H](CCC(=O)O)C(=O)N[C@@H](CCCCN)C(=O)N[C@@H](CC(N)=O)C(=O)N[C@@H](CCC(=O)O)C(=O)N[C@@H](C)C(=O)N[C@@H](C)C(=O)N[C@@H](CC(C)C)C(=O)N[C@@H](CCCNC(=N)N)C(=O)N[C@@H](CCC(=O)O)C(=O)N[C@@H](CC(C)C)C(=O)O)[C@@H](C)CC)[C@@H](C)CC,0.4333,mL.min-1.kg-1,species_only_monkey
2149758,CHEMBL935677,CHEMBL427784,CL,mL.min-1.kg-1,=,0.1667,CHEMBL613847,Macaca fascicularis,"Clearance in cynomolgus monkey at 1 to 2 mg/kg, iv",A,CC[C@H](C)[C@H](NC(=O)[C@H](C)NC(=O)[C@H](CCCNC(=N)N)NC(=O)[C@H](CC(=O)O)NC(=O)[C@H](Cc1c[nH]c2ccccc12)NC(=O)[C@H](C)NC(=O)[C@H](CCC(=O)O)NC(=O)[C@H](Cc1c[nH]c2ccccc12)NC(=O)[C@@H](NC(=O)[C@@H](N)[C@@H](C)O)[C@@H](C)O)C(=O)N[C@@H](C)C(=O)N[C@@H](CCC(=O)O)C(=O)N[C@@H](Cc1ccc(O)cc1)C(=O)N[C@@H](C)C(=O)N[C@@H](C)C(=O)N[C@@H](CCCNC(=N)N)C(=O)N[C@H](C(=O)N[C@@H](CCC(=O)O)C(=O)N[C@@H](C)C(=O)N[C@@H](CC(C)C)C(=O)N[C@H](C(=O)N[C@@H](CCCNC(=N)N)C(=O)N[C@@H](C)C(=O)N[C@@H](CC(C)C)C(=O)N[C@@H](CCC(N)=O)C(=O)N[C@@H](CCC(=O)O)C(=O)N[C@@H](CCC(N)=O)C(=O)N[C@@H](CCC(N)=O)C(=O)N[C@@H](CCC(N)=O)C(=O)N[C@@H](CCCCN)C(=O)N[C@@H](CC(N)=O)C(=O)N[C@@H](CCC(=O)O)C(=O)N[C@@H](C)C(=O)N[C@@H](C)C(=O)N[C@@H](CC(C)C)C(=O)N[C@@H](CCCNC(=N)N)C(=O)N[C@@H](CCC(=O)O)C(=O)N[C@@H](CC(C)C)C(=O)O)[C@@H](C)CC)[C@@H](C)CC,0.1667,mL.min-1.kg-1,species_only_monkey
2149759,CHEMBL935677,CHEMBL428436,CL,mL.min-1.kg-1,=,1.1,CHEMBL613847,Macaca fascicularis,"Clearance in cynomolgus monkey at 1 to 2 mg/kg, iv",A,CC[C@H](C)[C@H](NC(=O)[C@H](C)NC(=O)[C@H](CCCNC(=N)N)NC(=O)[C@H](CC(=O)O)NC(=O)[C@H](Cc1c[nH]c2ccccc12)NC(=O)[C@H](C)NC(=O)[C@H](CCC(=O)O)NC(=O)[C@H](Cc1c[nH]c2ccccc12)NC(=O)[C@@H](N)[C@@H](C)O)C(=O)N[C@@H](C)C(=O)N[C@@H](CCC(=O)O)C(=O)N[C@@H](Cc1ccc(O)cc1)C(=O)N[C@@H](C)C(=O)N[C@@H](C)C(=O)N[C@@H](CCCNC(=N)N)C(=O)N[C@H](C(=O)N[C@@H](CCC(=O)O)C(=O)N[C@@H](C)C(=O)N[C@@H](CC(C)C)C(=O)N[C@H](C(=O)N[C@@H](CCCNC(=N)N)C(=O)N[C@@H](C)C(=O)N[C@@H](C)C(=O)N[C@@H](CCC(N)=O)C(=O)N[C@@H](CCC(=O)O)C(=O)N[C@@H](CCC(N)=O)C(=O)N[C@@H](CCC(N)=O)C(=O)N[C@@H](CCC(=O)O)C(=O)N[C@@H](CCCCN)C(=O)N[C@@H](CC(N)=O)C(=O)N[C@@H](CCC(=O)O)C(=O)N[C@@H](C)C(=O)N[C@H](C(=O)N[C@@H](CC(C)C)C(=O)N[C@@H](CCCNC(=N)N)C(=O)N[C@@H](CCC(=O)O)C(=O)N[C@@H](CC(C)C)C(=O)O)[C@@H](C)CC)[C@@H](C)CC)[C@@H](C)CC,1.1,mL.min-1.kg-1,species_only_monkey
2149760,CHEMBL935677,CHEMBL411406,CL,mL.min-1.kg-1,=,0.5333,CHEMBL613847,Macaca fascicularis,"Clearance in cynomolgus monkey at 1 to 2 mg/kg, iv",A,CC[C@H](C)[C@H](NC(=O)[C@H](C)NC(=O)[C@H](CCCNC(=N)N)NC(=O)[C@H](CC(=O)O)NC(=O)[C@H](Cc1c[nH]c2ccccc12)NC(=O)[C@H](C)NC(=O)[C@H](CCC(=O)O)NC(=O)[C@H](Cc1c[nH]c2ccccc12)NC(=O)[C@@H](NC(=O)[C@@H](N)CCSC)[C@@H](C)O)C(=O)N[C@@H](C)C(=O)N[C@@H](CCC(=O)O)C(=O)N[C@@H](Cc1ccc(O)cc1)C(=O)N[C@@H](C)C(=O)N[C@@H](C)C(=O)N[C@@H](CCCNC(=N)N)C(=O)N[C@H](C(=O)N[C@@H](CCC(=O)O)C(=O)N[C@@H](C)C(=O)N[C@@H](CC(C)C)C(=O)N[C@H](C(=O)N[C@@H](CCCNC(=N)N)C(=O)N[C@@H](C)C(=O)N[C@@H](C)C(=O)N[C@@H](CCC(N)=O)C(=O)N[C@@H](CCC(=O)O)C(=O)N[C@@H](CCC(N)=O)C(=O)N[C@@H](CCC(N)=O)C(=O)N[C@@H](CCC(=O)O)C(=O)N[C@@H](CCCCN)C(=O)N[C@@H](CC(N)=O)C(=O)N[C@@H](CCC(=O)O)C(=O)N[C@@H](C)C(=O)N[C@@H](C)C(=O)N[C@@H](CC(C)C)C(=O)N[C@@H](CCCNC(=N)N)C(=O)N[C@@H](CCC(=O)O)C(=O)N[C@@H](CC(C)C)C(=O)O)[C@@H](C)CC)[C@@H](C)CC,0.5333,mL.min-1.kg-1,species_only_monkey
2149761,CHEMBL935677,CHEMBL428607,CL,mL.min-1.kg-1,=,0.7167,CHEMBL613847,Macaca fascicularis,"Clearance in cynomolgus monkey at 1 to 2 mg/kg, iv",A,CC[C@H](C)[C@H](NC(=O)[C@H](C)NC(=O)[C@H](CCCNC(=N)N)NC(=O)[C@H](CC(=O)O)NC(=O)[C@H](Cc1c[nH]c2ccccc12)NC(=O)[C@H](C)NC(=O)[C@H](CCC(=O)O)NC(=O)[C@H](Cc1c[nH]c2ccccc12)NC(=O)[C@@H](NC(=O)[C@@H](N)[C@@H](C)O)[C@@H](C)O)C(=O)N[C@@H](C)C(=O)N[C@@H](CCC(=O)O)C(=O)N[C@@H](Cc1ccc(O)cc1)C(=O)N[C@@H](C)C(=O)N[C@@H](C)C(=O)N[C@@H](CCCNC(=N)N)C(=O)N[C@H](C(=O)N[C@@H](CCC(=O)O)C(=O)N[C@@H](C)C(=O)N[C@@H](CC(C)C)C(=O)N[C@H](C(=O)N[C@@H](CCCNC(=N)N)C(=O)N[C@@H](C)C(=O)N[C@@H](C)C(=O)N[C@@H](CCC(N)=O)C(=O)N[C@@H](CCC(=O)O)C(=O)N[C@@H](CCC(N)=O)C(=O)N[C@@H](CCC(N)=O)C(=O)N[C@@H](CCC(=O)O)C(=O)N[C@@H](CCCCN)C(=O)N[C@@H](CC(N)=O)C(=O)N[C@@H](CCC(=O)O)C(=O)N[C@@H](C)C(=O)N[C@@H](C)C(=O)N[C@@H](CC(C)C)C(=O)N[C@@H](CCCNC(=N)N)C(=O)N[C@@H](CCC(=O)O)C(=O)N[C@@H](CC(C)C)C(=O)O)[C@@H](C)CC)[C@@H](C)CC,0.7167,mL.min-1.kg-1,species_only_monkey
2149762,CHEMBL935677,CHEMBL437618,CL,mL.min-1.kg-1,=,1.433,CHEMBL613847,Macaca fascicularis,"Clearance in cynomolgus monkey at 1 to 2 mg/kg, iv",A,CC[C@H](C)[C@H](NC(=O)[C@H](C)NC(=O)[C@H](CCCNC(=N)N)NC(=O)[C@H](CC(=O)O)NC(=O)[C@H](Cc1c[nH]c2ccccc12)NC(=O)[C@H](C)NC(=O)[C@H](CCC(=O)O)NC(=O)[C@H](Cc1c[nH]c2ccccc12)NC(=O)[C@@H](NC(=O)[C@@H](N)[C@@H](C)O)[C@@H](C)O)C(=O)N[C@@H](C)C(=O)N[C@@H](CCC(=O)O)C(=O)N[C@@H](Cc1ccc(O)cc1)C(=O)N[C@@H](C)C(=O)N[C@@H](C)C(=O)N[C@@H](CCCNC(=N)N)C(=O)N[C@H](C(=O)N[C@@H](CCC(=O)O)C(=O)N[C@@H](C)C(=O)N[C@@H](CC(C)C)C(=O)N[C@H](C(=O)N[C@@H](CCCNC(=N)N)C(=O)N[C@@H](C)C(=O)N[C@@H](CO)C(=O)N[C@@H](CCC(N)=O)C(=O)N[C@@H](CCC(=O)O)C(=O)N[C@@H](CCC(N)=O)C(=O)N[C@@H](CCC(N)=O)C(=O)N[C@@H](CCC(=O)O)C(=O)N[C@@H](CCCCN)C(=O)N[C@@H](CC(N)=O)C(=O)N[C@@H](CCC(=O)O)C(=O)N[C@@H](C)C(=O)N[C@@H](CCC(=O)O)C(=O)N[C@@H](CC(C)C)C(=O)N[C@@H](CCCNC(=N)N)C(=O)N[C@@H](CCC(=O)O)C(=O)N[C@@H](CC(C)C)C(=O)O)[C@@H](C)CC)[C@@H](C)CC,1.433,mL.min-1.kg-1,species_only_monkey
2149763,CHEMBL935677,CHEMBL428147,CL,mL.min-1.kg-1,=,6.2,CHEMBL613847,Macaca fascicularis,"Clearance in cynomolgus monkey at 1 to 2 mg/kg, iv",A,CC[C@H](C)[C@H](NC(=O)[C@H](CC(C)C)NC(=O)[C@H](CO)NC(=O)[C@H](Cc1cnc[nH]1)NC(=O)[C@@H](NC(=O)[C@H](CC(C)C)NC(=O)[C@H](CO)NC(=O)[C@@H](NC(=O)[C@H](Cc1ccc(O)cc1)NC(=O)[C@H](CC(N)=O)NC(=O)[C@H](CC(N)=O)NC(=O)[C@@H](NC(=O)[C@H](CCC(=O)O)NC(=O)[C@H](CCCNC(=N)N)NC(=O)[C@H](CC(=O)O)NC(=O)[C@H](Cc1c[nH]c2ccccc12)NC(=O)[C@H](CCC(=O)O)NC(=O)[C@H](CCSC)NC(=O)[C@H](Cc1c[nH]c2ccccc12)NC(=O)[C@@H](NC(=O)[C@@H](N)CCSC)[C@@H](C)O)[C@@H](C)CC)[C@@H](C)O)[C@@H](C)CC)C(=O)N[C@@H](CCC(=O)O)C(=O)N[C@@H](CCC(=O)O)C(=O)N[C@@H](CO)C(=O)N[C@@H](CCC(N)=O)C(=O)N[C@@H](CC(N)=O)C(=O)N[C@@H](CCC(N)=O)C(=O)N[C@@H](CCC(N)=O)C(=O)N[C@@H](CCC(=O)O)C(=O)N[C@@H](CCCCN)C(=O)N[C@@H](CC(N)=O)C(=O)N[C@@H](CCC(=O)O)C(=O)N[C@@H](CCC(N)=O)C(=O)N[C@@H](CCC(=O)O)C(=O)N[C@@H](CC(C)C)C(=O)N[C@@H](CC(C)C)C(=O)N[C@@H](CCC(=O)O)C(=O)N[C@@H](CC(C)C)C(=O)O,6.2,mL.min-1.kg-1,species_only_monkey
2149764,CHEMBL935677,CHEMBL427801,CL,mL.min-1.kg-1,=,7.2,CHEMBL613847,Macaca fascicularis,"Clearance in cynomolgus monkey at 1 to 2 mg/kg, iv",A,CC[C@H](C)[C@H](NC(=O)[C@H](CC(C)C)NC(=O)[C@H](CO)NC(=O)[C@H](Cc1cnc[nH]1)NC(=O)[C@H](NC(=O)[C@H](CC(C)C)NC(=O)[C@H](CO)NC(=O)[C@@H](NC(=O)[C@H](Cc1ccc(O)cc1)NC(=O)[C@H](CC(N)=O)NC(=O)[C@H](CC(N)=O)NC(=O)[C@@H](NC(=O)[C@H](CCC(=O)O)NC(=O)[C@H](CCCNC(=N)N)NC(=O)[C@H](CC(=O)O)NC(=O)[C@H](Cc1c[nH]c2ccccc12)NC(=O)[C@H](CCC(=O)O)NC(=O)[C@H](CCSC)NC(=O)[C@H](Cc1c[nH]c2ccccc12)NC(=O)[C@@H](NC(=O)[C@@H](N)CCSC)[C@@H](C)O)[C@@H](C)CC)[C@@H](C)O)[C@@H](C)CC)C(=O)N[C@@H](CCC(=O)O)C(=O)N[C@@H](CCC(=O)O)C(=O)N[C@@H](CO)C(=O)N[C@@H](CCC(N)=O)C(=O)N[C@@H](CC(N)=O)C(=O)N[C@@H](CCC(N)=O)C(=O)N[C@@H](CCC(N)=O)C(=O)N[C@@H](CCC(=O)O)C(=O)N[C@@H](CCCCN)C(=O)N[C@@H](CC(N)=O)C(=O)N[C@@H](CCC(=O)O)C(=O)N[C@@H](CCC(N)=O)C(=O)N[C@@H](CCC(=O)O)C(=O)N[C@@H](CC(C)C)C(=O)N[C@@H](CC(C)C)C(=O)O,7.2,mL.min-1.kg-1,species_only_monkey
2149765,CHEMBL935677,CHEMBL427630,CL,mL.min-1.kg-1,=,0.1667,CHEMBL613847,Macaca fascicularis,"Clearance in cynomolgus monkey at 1 to 2 mg/kg, iv",A,CC[C@H](C)[C@H](NC(=O)[C@H](CCC(N)=O)NC(=O)[C@H](C)NC(=O)[C@H](CCC(N)=O)NC(=O)[C@H](CCC(=O)O)NC(=O)[C@H](CC(C)C)NC(=O)[C@H](CC(C)C)NC(=O)[C@H](C)NC(=O)[C@@H](NC(=O)[C@@H](NC(=O)[C@H](CCCCN)NC(=O)[C@H](CCC(N)=O)NC(=O)[C@H](CCC(=O)O)NC(=O)[C@H](Cc1c[nH]c2ccccc12)NC(=O)[C@H](CCC(=O)O)NC(=O)[C@H](CCC(N)=O)NC(=O)[C@@H](N)Cc1c[nH]c2ccccc12)[C@@H](C)CC)[C@@H](C)O)C(=O)N[C@@H](CCC(N)=O)C(=O)N[C@@H](CCC(N)=O)C(=O)N[C@@H](CCC(=O)O)C(=O)N[C@@H](CCCCN)C(=O)N[C@@H](CC(N)=O)C(=O)N[C@@H](CCC(=O)O)C(=O)N[C@@H](Cc1ccc(O)cc1)C(=O)N[C@@H](CCC(=O)O)C(=O)N[C@@H](CC(C)C)C(=O)N[C@@H](CCC(N)=O)C(=O)N[C@@H](CCCCN)C(=O)N[C@@H](CC(C)C)C(=O)N[C@@H](CC(=O)O)C(=O)N[C@@H](CCCCN)C(=O)N[C@@H](Cc1c[nH]c2ccccc12)C(=O)N[C@@H](C)C(=O)N[C@@H](CO)C(=O)N[C@@H](CC(C)C)C(=O)N[C@@H](Cc1c[nH]c2ccccc12)C(=O)N[C@@H](CCC(=O)O)C(=O)N[C@@H](Cc1c[nH]c2ccccc12)C(=O)N[C@@H](Cc1ccccc1)C(=O)O,0.1667,mL.min-1.kg-1,species_only_monkey
2149766,CHEMBL935677,CHEMBL428503,CL,mL.min-1.kg-1,=,0.1333,CHEMBL613847,Macaca fascicularis,"Clearance in cynomolgus monkey at 1 to 2 mg/kg, iv",A,CC[C@H](C)[C@H](NC(=O)[C@H](C)NC(=O)[C@H](CCCNC(=N)N)NC(=O)[C@H](CC(=O)O)NC(=O)[C@H](Cc1c[nH]c2ccccc12)NC(=O)[C@H](C)NC(=O)[C@H](CCC(=O)O)NC(=O)[C@H](Cc1c[nH]c2ccccc12)NC(=O)[C@@H](NC(=O)[C@@H](N)[C@@H](C)O)[C@@H](C)O)C(=O)N[C@@H](C)C(=O)N[C@@H](CCC(=O)O)C(=O)N[C@@H](Cc1ccc(O)cc1)C(=O)N[C@@H](C)C(=O)N[C@@H](C)C(=O)N[C@@H](CCCNC(=N)N)C(=O)N[C@H](C(=O)N[C@@H](CCC(=O)O)C(=O)N[C@@H](C)C(=O)N[C@@H](CC(C)C)C(=O)N[C@H](C(=O)N[C@@H](CCCNC(=N)N)C(=O)N[C@@H](C)C(=O)N[C@@H](CC(C)C)C(=O)N[C@@H](CCC(N)=O)C(=O)N[C@@H](CCC(=O)O)C(=O)N[C@@H](CC(C)C)C(=O)N[C@@H](CCC(N)=O)C(=O)N[C@@H](CCC(=O)O)C(=O)N[C@@H](CCCCN)C(=O)N[C@@H](CC(N)=O)C(=O)N[C@@H](CCC(=O)O)C(=O)N[C@@H](C)C(=O)N[C@@H](C)C(=O)N[C@@H](CC(C)C)C(=O)N[C@@H](CCCNC(=N)N)C(=O)N[C@@H](CCC(=O)O)C(=O)N[C@@H](CC(C)C)C(=O)O)[C@@H](C)CC)[C@@H](C)CC,0.1333,mL.min-1.kg-1,species_only_monkey
2165089,CHEMBL926818,CHEMBL402823,CL,mL.min-1.kg-1,=,24.0,CHEMBL614875,Macaca mulatta,"Clearance in rhesus monkey at 1 mg/kg, iv",A,N#Cc1cc(Cl)cc(Oc2cc(OCc3n[nH]c4ccccc34)ccc2Cl)c1,24.0,mL.min-1.kg-1,species_only_monkey
2168796,CHEMBL923761,CHEMBL401825,CL,mL.min-1.kg-1,=,13.7,CHEMBL613847,Macaca fascicularis,"Clearance in cynomolgus monkey at 1 mg/kg, iv",A,CC(C)CCn1nc(-c2cccs2)c(O)c(C2=Nc3ccc(NS(C)(=O)=O)cc3S(=O)(=O)N2)c1=O,13.7,mL.min-1.kg-1,species_only_monkey
2168818,CHEMBL923761,CHEMBL401931,CL,mL.min-1.kg-1,=,1.9,CHEMBL613847,Macaca fascicularis,"Clearance in cynomolgus monkey at 1 mg/kg, iv",A,Cc1ccc(-c2nn(Cc3ccccc3)c(=O)c(C3=NS(=O)(=O)c4ccccc4N3)c2O)s1,1.9,mL.min-1.kg-1,species_only_monkey
2168819,CHEMBL923761,CHEMBL256946,CL,mL.min-1.kg-1,=,19.6,CHEMBL613847,Macaca fascicularis,"Clearance in cynomolgus monkey at 1 mg/kg, iv",A,CC(C)(C)CCn1nc(CC2CCCC2)c(O)c(C2=NS(=O)(=O)c3cc(NS(C)(=O)=O)ccc3N2)c1=O,19.6,mL.min-1.kg-1,species_only_monkey
2168820,CHEMBL923761,CHEMBL254756,CL,mL.min-1.kg-1,=,6.6,CHEMBL613847,Macaca fascicularis,"Clearance in cynomolgus monkey at 1 mg/kg, iv",A,CC(C)CCn1nc(CC2CCCC2)c(O)c(C2=NS(=O)(=O)c3cc(NS(C)(=O)=O)ccc3N2)c1=O,6.6,mL.min-1.kg-1,species_only_monkey
2168821,CHEMBL923761,CHEMBL257356,CL,mL.min-1.kg-1,=,4.4,CHEMBL613847,Macaca fascicularis,"Clearance in cynomolgus monkey at 1 mg/kg, iv",A,CC(C)CCn1nc(C(C)(C)C)c(O)c(C2=NS(=O)(=O)c3cc(NS(C)(=O)=O)ccc3N2)c1=O,4.4,mL.min-1.kg-1,species_only_monkey
2168822,CHEMBL923761,CHEMBL401595,CL,mL.min-1.kg-1,=,27.8,CHEMBL613847,Macaca fascicularis,"Clearance in cynomolgus monkey at 1 mg/kg, iv",A,CC(C)CCn1nc(-c2cccs2)c(O)c(C2=NS(=O)(=O)c3cc(N(C)S(C)(=O)=O)ccc3N2)c1=O,27.8,mL.min-1.kg-1,species_only_monkey
2170007,CHEMBL936677,CHEMBL401825,CL,mL.min-1.kg-1,=,9.0,CHEMBL613847,Macaca fascicularis,"Clearance in cynomolgus monkey at 5 mg/kg, iv",A,CC(C)CCn1nc(-c2cccs2)c(O)c(C2=Nc3ccc(NS(C)(=O)=O)cc3S(=O)(=O)N2)c1=O,9.0,mL.min-1.kg-1,species_only_monkey
2170018,CHEMBL936677,CHEMBL258459,CL,mL.min-1.kg-1,=,5.0,CHEMBL613847,Macaca fascicularis,"Clearance in cynomolgus monkey at 5 mg/kg, iv",A,CC(C)(C)CCn1nc(-c2cccs2)c(O)c(C2=NS(=O)(=O)c3cc(NS(C)(=O)=O)ccc3N2)c1=O,5.0,mL.min-1.kg-1,species_only_monkey
2171059,CHEMBL936475,CHEMBL259628,CL,mL.min-1.kg-1,=,0.02,CHEMBL613821,Saimiri sciureus,"Clearance in Squirrel monkey at 5 mg/kg, iv and 10 mg/kg, po",A,N#Cc1ccc2cc(Br)c(C(F)(F)P(=O)(O)O)cc2c1,0.02,mL.min-1.kg-1,species_only_monkey
2171788,CHEMBL932553,CHEMBL401825,CL,mL.min-1.kg-1,=,14.0,CHEMBL613847,Macaca fascicularis,"Clearance in cynomolgus monkey at 1 mg/kg, iv",A,CC(C)CCn1nc(-c2cccs2)c(O)c(C2=Nc3ccc(NS(C)(=O)=O)cc3S(=O)(=O)N2)c1=O,14.0,mL.min-1.kg-1,species_only_monkey
2171796,CHEMBL932553,CHEMBL255107,CL,mL.min-1.kg-1,=,9.0,CHEMBL613847,Macaca fascicularis,"Clearance in cynomolgus monkey at 1 mg/kg, iv",A,CN(c1ccc2c(c1)S(=O)(=O)N=C(c1c(O)c3cccn3n(Cc3ccc(F)cc3)c1=O)N2)S(C)(=O)=O,9.0,mL.min-1.kg-1,species_only_monkey
2171797,CHEMBL932553,CHEMBL404663,CL,mL.min-1.kg-1,=,31.0,CHEMBL613847,Macaca fascicularis,"Clearance in cynomolgus monkey at 1 mg/kg, iv",A,CS(=O)(=O)Nc1ccc2c(c1)S(=O)(=O)N=C(c1c(O)c3cccn3n(Cc3ccc(F)cc3)c1=O)N2,31.0,mL.min-1.kg-1,species_only_monkey
2171798,CHEMBL932553,CHEMBL403650,CL,mL.min-1.kg-1,=,14.0,CHEMBL613847,Macaca fascicularis,"Clearance in cynomolgus monkey at 1 mg/kg, iv",A,CC(C)(C)CCn1c(=O)c(C2=NS(=O)(=O)c3cc(NS(C)(=O)=O)ccc3N2)c(O)c2cccn21,14.0,mL.min-1.kg-1,species_only_monkey
2171799,CHEMBL932553,CHEMBL404096,CL,mL.min-1.kg-1,=,5.0,CHEMBL613847,Macaca fascicularis,"Clearance in cynomolgus monkey at 1 mg/kg, iv",A,CC(C)CCn1c(=O)c(C2=NS(=O)(=O)c3cc(NS(=O)(=O)C4CC4)ccc3N2)c(O)c2cccn21,5.0,mL.min-1.kg-1,species_only_monkey
2171800,CHEMBL932553,CHEMBL254968,CL,mL.min-1.kg-1,=,16.0,CHEMBL613847,Macaca fascicularis,"Clearance in cynomolgus monkey at 1 mg/kg, iv",A,CC(C)CCn1c(=O)c(C2=NS(=O)(=O)c3cc(N(C)S(C)(=O)=O)ccc3N2)c(O)c2cccn21,16.0,mL.min-1.kg-1,species_only_monkey
2171802,CHEMBL932553,CHEMBL253960,CL,mL.min-1.kg-1,=,49.0,CHEMBL613847,Macaca fascicularis,"Clearance in cynomolgus monkey at 1 mg/kg, iv",A,CC(C)CCn1c(=O)c(C2=NS(=O)(=O)c3ccccc3N2)c(O)c2cccn21,49.0,mL.min-1.kg-1,species_only_monkey
2251465,CHEMBL1005335,CHEMBL506871,CL,mL.min-1.kg-1,=,18.33,CHEMBL613847,Macaca fascicularis,Clearance in cynomolgus monkey at 2.5 mg/kg,A,C[C@]1(c2nc3c(C(N)=O)cccc3[nH]2)CCCN1,18.33,mL.min-1.kg-1,species_only_monkey
2251466,CHEMBL1005335,CHEMBL497608,CL,mL.min-1.kg-1,=,23.33,CHEMBL613847,Macaca fascicularis,Clearance in cynomolgus monkey at 2.5 mg/kg,A,C[C@@]1(c2nc3cccc(C(N)=O)c3[nH]2)CCCN1,23.33,mL.min-1.kg-1,species_only_monkey
2255609,CHEMBL945307,CHEMBL498376,CL,mL.min-1.kg-1,=,3.3,CHEMBL613847,Macaca fascicularis,Clearance in iv dosed cynomolgus monkey,A,CC(C)(C)CCN1C(=O)C(C2=NS(=O)(=O)c3cc(NS(C)(=O)=O)ccc3N2)=C(O)C2CCCN21,3.3,mL.min-1.kg-1,species_only_monkey
2286265,CHEMBL1018666,CHEMBL526305,CL,mL.min-1.kg-1,=,1.833,CHEMBL613847,Macaca fascicularis,"Clearance in cynomolgus monkey at 0.5 mg/kg, iv and 2 mg/kg, po",A,C[C@](O)(c1ccc(C(=O)N(C2CC2)[C@H]2CC[C@](O)(C3CC3)CC2)cc1)C(F)(F)F,1.833,mL.min-1.kg-1,species_only_monkey
2286273,CHEMBL1019453,CHEMBL518644,CL,mL.min-1.kg-1,=,1.55,CHEMBL613847,Macaca fascicularis,"Clearance in cynomolgus monkey at 0.7 mg/kg, iv and 2 mg/kg, po",A,C[C@](O)(c1ccc(C(=O)N(C2CC2)[C@H]2CC[C@](C#N)(C3CC3)CC2)cc1)C(F)(F)F,1.55,mL.min-1.kg-1,species_only_monkey
2348964,CHEMBL954807,CHEMBL487105,CL,mL.min-1.kg-1,=,9.017,CHEMBL613847,Macaca fascicularis,"Total clearance in cynomolgus monkey in fed state at 0.3 mg, iv",A,Cc1ncc2n1C(=O)N(C1CCN(C(=O)CCS(=O)(=O)c3ccc4cc(Cl)ccc4c3)CC1)C2,9.017,mL.min-1.kg-1,species_only_monkey
2349565,CHEMBL958849,CHEMBL304445,CL,mL.min-1.kg-1,=,6.0,CHEMBL614875,Macaca mulatta,"Systemic clearance in rhesus monkey at 33.3 mg/kg, iv",A,Cc1cn([C@H]2CO[C@@H](CO)O2)c(=O)[nH]c1=O,6.0,mL.min-1.kg-1,species_only_monkey
2355725,CHEMBL955052,CHEMBL509075,CL,mL.min-1.kg-1,=,20.9,CHEMBL613847,Macaca fascicularis,"Clearance in cynomolgus monkey at 10 mg/kg, iv",A,COc1cccc(-c2cn(Cc3c(F)cccc3C(F)(F)F)c(=O)n(C[C@H](NCCCC(=O)O)c3ccccc3)c2=O)c1F,20.9,mL.min-1.kg-1,species_only_monkey
2355739,CHEMBL955052,CHEMBL450471,CL,mL.min-1.kg-1,=,7.9,CHEMBL613847,Macaca fascicularis,"Clearance in cynomolgus monkey at 10 mg/kg, iv",A,O=C(O)CCCN[C@@H](Cn1c(=O)c(-c2ccccc2Cl)cn(Cc2c(F)cccc2C(F)(F)F)c1=O)c1ccccc1,7.9,mL.min-1.kg-1,species_only_monkey
2356290,CHEMBL964841,CHEMBL497746,CL,mL.min-1.kg-1,=,13.8,CHEMBL614875,Macaca mulatta,"Clearance in monkey at 5 mg/kg, iv and 10 mg/kg, po",A,CC(C)[C@H](NC(=O)CCN(C)C)c1cccc(F)c1N1CCN(C(=O)[C@H](C)Cc2ccc(Cl)cc2)CC1,13.8,mL.min-1.kg-1,species_only_monkey
2357156,CHEMBL954218,CHEMBL494350,CL,mL.min-1.kg-1,=,20.0,CHEMBL614875,Macaca mulatta,"Clearance in rhesus monkey at 3 mg/kg, po and 1 mg/kg, iv",A,C[C@@H]1CN(CCO)CCN1c1cc2[nH]c(SC(C)(C)C)nc2cc1Cl,20.0,mL.min-1.kg-1,species_only_monkey
2360947,CHEMBL971760,CHEMBL495331,CL,mL.min-1.kg-1,=,14.0,CHEMBL614875,Macaca mulatta,"Plasma clearance in rhesus monkey at 1 mg/kg, iv",A,CN(C)C(=O)C(=O)NC(C)(C)c1nc(C(=O)NCc2ccc(F)cc2)c(O)c(=O)n1C,14.0,mL.min-1.kg-1,species_only_monkey
2360955,CHEMBL971760,CHEMBL254316,CL,mL.min-1.kg-1,=,18.0,CHEMBL614875,Macaca mulatta,"Plasma clearance in rhesus monkey at 1 mg/kg, iv",A,Cc1nnc(C(=O)NC(C)(C)c2nc(C(=O)NCc3ccc(F)cc3)c(O)c(=O)n2C)o1,18.0,mL.min-1.kg-1,species_only_monkey
2361586,CHEMBL971631,CHEMBL459729,CL,mL.min-1.kg-1,=,27.0,CHEMBL614875,Macaca mulatta,"Total clearance in monkey at 2 mg/kg, iv and 10 mg/kg, po",A,Cc1cc(C2CCN(CCCF)CC2)cc2[nH]c(-c3c(NCCn4cc(Cl)cn4)cc[nH]c3=O)nc12,27.0,mL.min-1.kg-1,species_only_monkey
2367348,CHEMBL1028946,CHEMBL494089,CL,mL.min-1.kg-1,=,22.5,CHEMBL614875,Macaca mulatta,"Clearance in monkey at 4.3 mg/kg, iv",A,CCn1c(-c2nonc2N)nc2c(C#CC(C)(C)O)ncc(OC[C@H]3CCCNC3)c21,22.5,mL.min-1.kg-1,species_only_monkey
2369588,CHEMBL1033923,CHEMBL493677,CL,mL.min-1.kg-1,=,9.6,CHEMBL614875,Macaca mulatta,"Plasma clearance in rhesus monkey at 1 mg/kg, iv",A,CC(C)(C)CCN1CC[C@H](CNC(=O)c2cc(Cl)cc(Cl)c2)[C@H](F)C1,9.6,mL.min-1.kg-1,species_only_monkey
2371509,CHEMBL1025600,CHEMBL491019,CL,mL.min-1.kg-1,=,19.0,CHEMBL614875,Macaca mulatta,"Clearance in rhesus monkey at 10 mg/kg, po and 1 mg/kg, iv",A,N#Cc1cc(Cl)cc(Oc2cc(OCc3n[nH]c4ncccc34)ccc2Cl)c1,19.0,mL.min-1.kg-1,species_only_monkey
2371560,CHEMBL1035729,CHEMBL489586,CL,mL.min-1.kg-1,=,15.8,CHEMBL614875,Macaca mulatta,"Clearance in rhesus monkey at 10 mg/kg, po and 2 mg/kg, iv",A,N#Cc1cc(Cl)cc(Oc2cc(OCc3n[nH]c4nc(N)ccc34)ccc2Cl)c1,15.8,mL.min-1.kg-1,species_only_monkey
2374167,CHEMBL1024684,CHEMBL523352,CL,mL.min-1.kg-1,=,5.0,CHEMBL614875,Macaca mulatta,"Clearance in rhesus monkey at 1 mL/kg, po",A,CS(=O)(=O)c1ccc(-c2cn(CC(F)(F)F)nc2[C@@H]2CCC(Cl)(Cl)C[C@H]2C(=O)NC2(C#N)CC2)cc1,5.0,mL.min-1.kg-1,species_only_monkey
2382741,CHEMBL1008962,CHEMBL502182,CL,mL.min-1.kg-1,=,25.7,CHEMBL614875,Macaca mulatta,Plasma clearance in rhesus monkey,A,COc1cccc(-c2c(C)n(Cc3c(F)cccc3C(F)(F)F)c(=O)n(C[C@H](NCCCC(=O)[O-])c3ccccc3)c2=O)c1F.[Na+],25.7,mL.min-1.kg-1,species_only_monkey
2383545,CHEMBL1008747,CHEMBL459169,CL,mL.min-1.kg-1,=,1.3,CHEMBL614875,Macaca mulatta,"Clearance in monkey at 5 mg/kg, iv",A,N#Cc1cc(Cl)cc(Oc2c(Cl)ccc(Cc3n[nH]c4nnccc34)c2F)c1,1.3,mL.min-1.kg-1,species_only_monkey
2393467,CHEMBL968003,CHEMBL490672,CL,mL.min-1.kg-1,=,21.0,CHEMBL613847,Macaca fascicularis,"Plasma clearance in cynomolgus monkey at 2 mg/kg, iv",A,CCc1cc(CC[C@]2(C3CCCC3)CC(O)=C(Cc3nc4nc(C)cc(C)n4n3)C(=O)O2)cc(CC)n1,21.0,mL.min-1.kg-1,species_only_monkey
2394559,CHEMBL943631,CHEMBL492809,CL,mL.min-1.kg-1,=,48.7,CHEMBL614875,Macaca mulatta,"Clearance in monkey at 2 mg/kg, iv",A,CONC(=O)c1cn(-c2ccc3c(c2)CCC3)c2nc(Nc3ccc(C4CCN(C)CC4)cc3)ncc2c1=O,48.7,mL.min-1.kg-1,species_only_monkey
2395294,CHEMBL1004638,CHEMBL147806,CL,mL.min-1.kg-1,=,14.5,CHEMBL614875,Macaca mulatta,Clearance in iv and orally dosed monkey blood,A,CC(C)(C)NCc1ccc(Nc2ccnc3cc(Cl)ccc23)cc1O,14.5,mL.min-1.kg-1,species_only_monkey
2395313,CHEMBL1004638,CHEMBL146826,CL,mL.min-1.kg-1,=,49.0,CHEMBL614875,Macaca mulatta,Clearance in iv and orally dosed monkey blood,A,CCNCc1ccc(Nc2ccnc3cc(Cl)ccc23)cc1O,49.0,mL.min-1.kg-1,species_only_monkey
2397289,CHEMBL952353,CHEMBL512157,CL,mL.min-1.kg-1,=,22.9,CHEMBL614875,Macaca mulatta,"Plasma clearance in monkey at 5 mg/kg, iv or 30 mg/kg, po",A,C=CCN(CC=C)C(=O)[C@@]1(c2cccs2)C[C@H]1CN.Cl,22.9,mL.min-1.kg-1,species_only_monkey
2397301,CHEMBL952353,CHEMBL471212,CL,mL.min-1.kg-1,=,34.0,CHEMBL614875,Macaca mulatta,"Plasma clearance in monkey at 5 mg/kg, iv or 30 mg/kg, po",A,C=C(F)CN(CC)C(=O)[C@@]1(c2cccs2)C[C@H]1CN.Cl,34.0,mL.min-1.kg-1,species_only_monkey
2407914,CHEMBL955145,CHEMBL476270,CL,mL.min-1.kg-1,=,4.1,CHEMBL613847,Macaca fascicularis,"Clearance in cynomolgus monkey at 1 mg/kg, iv",A,CS(=O)(=O)Nc1ccc2c(c1)S(=O)(=O)N=C(C1=C(O)C3CCCCCC3N(Cc3ccc(F)cc3)C1=O)N2,4.1,mL.min-1.kg-1,species_only_monkey
2407915,CHEMBL955145,CHEMBL476271,CL,mL.min-1.kg-1,=,4.3,CHEMBL613847,Macaca fascicularis,"Clearance in cynomolgus monkey at 1 mg/kg, iv",A,CC(C)(C)CCN1C(=O)C(C2=NS(=O)(=O)c3cc(NS(C)(=O)=O)ccc3N2)=C(O)C2CCCC21,4.3,mL.min-1.kg-1,species_only_monkey
2407916,CHEMBL955145,CHEMBL477948,CL,mL.min-1.kg-1,=,4.9,CHEMBL613847,Macaca fascicularis,"Clearance in cynomolgus monkey at 1 mg/kg, iv",A,CC(C)(C)CCN1C(=O)C(C2=NS(=O)(=O)c3cc(NS(C)(=O)=O)ccc3N2)=C(O)C2CCCCC21,4.9,mL.min-1.kg-1,species_only_monkey
2407917,CHEMBL955145,CHEMBL404663,CL,mL.min-1.kg-1,=,31.0,CHEMBL613847,Macaca fascicularis,"Clearance in cynomolgus monkey at 1 mg/kg, iv",A,CS(=O)(=O)Nc1ccc2c(c1)S(=O)(=O)N=C(c1c(O)c3cccn3n(Cc3ccc(F)cc3)c1=O)N2,31.0,mL.min-1.kg-1,species_only_monkey
2407918,CHEMBL955145,CHEMBL498376,CL,mL.min-1.kg-1,=,3.3,CHEMBL613847,Macaca fascicularis,"Clearance in cynomolgus monkey at 1 mg/kg, iv",A,CC(C)(C)CCN1C(=O)C(C2=NS(=O)(=O)c3cc(NS(C)(=O)=O)ccc3N2)=C(O)C2CCCN21,3.3,mL.min-1.kg-1,species_only_monkey
2407919,CHEMBL955145,CHEMBL514229,CL,mL.min-1.kg-1,=,6.2,CHEMBL613847,Macaca fascicularis,"Clearance in cynomolgus monkey at 1 mg/kg, iv",A,CC(C)CCN1C(=O)C(C2=NS(=O)(=O)c3cc(NS(C)(=O)=O)ccc3N2)=C(O)C2CCCC21,6.2,mL.min-1.kg-1,species_only_monkey
2407920,CHEMBL955145,CHEMBL516253,CL,mL.min-1.kg-1,=,18.2,CHEMBL613847,Macaca fascicularis,"Clearance in cynomolgus monkey at 1 mg/kg, iv",A,CC(C)CCN1C(=O)C(C2=NS(=O)(=O)c3cc(NS(C)(=O)=O)ccc3N2)=C(O)C2CCCCC21,18.2,mL.min-1.kg-1,species_only_monkey
2407921,CHEMBL955145,CHEMBL476806,CL,mL.min-1.kg-1,=,0.63,CHEMBL613847,Macaca fascicularis,"Clearance in cynomolgus monkey at 1 mg/kg, iv",A,CS(=O)(=O)Nc1ccc2c(c1)S(=O)(=O)N=C(C1=C(O)[C@H]3CCC[C@H]3N(Cc3ccc(F)cc3)C1=O)N2,0.63,mL.min-1.kg-1,species_only_monkey
2407922,CHEMBL955145,CHEMBL477014,CL,mL.min-1.kg-1,=,3.45,CHEMBL613847,Macaca fascicularis,"Clearance in cynomolgus monkey at 1 mg/kg, iv",A,CS(=O)(=O)Nc1ccc2c(c1)S(=O)(=O)NC(C1=C(O)[C@@H]3CCC[C@@H]3N(Cc3ccc(F)cc3)C1=O)=N2,3.45,mL.min-1.kg-1,species_only_monkey
2407923,CHEMBL955145,CHEMBL473464,CL,mL.min-1.kg-1,=,0.7,CHEMBL613847,Macaca fascicularis,"Clearance in cynomolgus monkey at 1 mg/kg, iv",A,CS(=O)(=O)Nc1ccc2c(c1)S(=O)(=O)N=C(C1=C(O)[C@H]3CCCC[C@H]3N(Cc3ccc(F)cc3)C1=O)N2,0.7,mL.min-1.kg-1,species_only_monkey
2407924,CHEMBL955145,CHEMBL515562,CL,mL.min-1.kg-1,=,1.7,CHEMBL613847,Macaca fascicularis,"Clearance in cynomolgus monkey at 1 mg/kg, iv",A,CS(=O)(=O)Nc1ccc2c(c1)S(=O)(=O)N=C(C1=C(O)[C@@H]3CCCC[C@@H]3N(Cc3ccc(F)cc3)C1=O)N2,1.7,mL.min-1.kg-1,species_only_monkey
2407925,CHEMBL955145,CHEMBL474681,CL,mL.min-1.kg-1,=,1.2,CHEMBL613847,Macaca fascicularis,"Clearance in cynomolgus monkey at 1 mg/kg, iv",A,CS(=O)(=O)Nc1ccc2c(c1)S(=O)(=O)N=C(C1=C(O)[C@H]3CCC[C@H]3N(Cc3ccc(F)c(F)c3)C1=O)N2,1.2,mL.min-1.kg-1,species_only_monkey
2417036,CHEMBL971493,CHEMBL483991,CL,mL.min-1.kg-1,=,21.0,CHEMBL613847,Macaca fascicularis,Plasma clearance in cynomolgus monkey at 2 mg/kg,A,CC(C)c1nccc2c1c(Sc1ccc(Cl)c(Cl)c1)c1n2CC[C@@H]1CC(=O)O,21.0,mL.min-1.kg-1,species_only_monkey
2417041,CHEMBL971498,CHEMBL483991,CL,mL.min-1.kg-1,=,7.3,CHEMBL613042,Saimiri,Plasma clearance in squirrel monkey at 5 mg/kg,A,CC(C)c1nccc2c1c(Sc1ccc(Cl)c(Cl)c1)c1n2CC[C@@H]1CC(=O)O,7.3,mL.min-1.kg-1,species_only_monkey
2418332,CHEMBL1011909,CHEMBL529213,CL,mL.min-1.kg-1,=,14.6,CHEMBL614875,Macaca mulatta,Plasma clearance in rhesus monkey,A,O=C([C@@H]1C[C@H]1c1ccc(C(F)(F)F)cc1)N1CCN(S(=O)(=O)c2cc(-c3nnc[nH]3)cc(C(F)(F)F)c2)CC1,14.6,mL.min-1.kg-1,species_only_monkey
2445467,CHEMBL1015693,CHEMBL488817,CL,mL.min-1.kg-1,=,13.6,CHEMBL614875,Macaca mulatta,"Clearance in monkey at 0.5 mg/kg, iv",A,CC1(C)C[C@@H](CN2CCC(F)(CNC(=O)c3cc(Cl)cc(Cl)c3)CC2)CCO1,13.6,mL.min-1.kg-1,species_only_monkey
2446020,CHEMBL992790,CHEMBL452800,CL,mL.min-1.kg-1,=,33.33,CHEMBL614875,Macaca mulatta,Clearance in monkey at 4.1 mg/kg,A,CCCN1CCC(c2nc3cccc(C(N)=O)c3[nH]2)CC1,33.33,mL.min-1.kg-1,species_only_monkey
2448632,CHEMBL947274,CHEMBL470292,CL,mL.min-1.kg-1,=,22.8,CHEMBL614875,Macaca mulatta,"Total clearance in monkey at 0.27 mg/kg, iv by cassette assay",A,CC(C)Oc1cc(-c2ccc(CCNC[C@H](O)c3cccnc3)cc2)ccc1C(=O)O,22.8,mL.min-1.kg-1,species_only_monkey
2448643,CHEMBL947284,CHEMBL488224,CL,mL.min-1.kg-1,=,3.4,CHEMBL614875,Macaca mulatta,"Total clearance in monkey at 0.28 mg/kg, iv by cassette assay",A,O=C(O)c1ccc(-c2ccc(CCNC[C@H](O)c3cccnc3)cc2)cc1OC1CCCCC1,3.4,mL.min-1.kg-1,species_only_monkey
2448657,CHEMBL947289,CHEMBL487682,CL,mL.min-1.kg-1,=,24.3,CHEMBL614875,Macaca mulatta,"Total clearance in monkey at 0.32 mg/kg, iv by cassette assay",A,CC(C)Cc1cc(-c2ccc(CCNC[C@H](O)c3ccc(N)nc3)cc2)ccc1C(=O)O,24.3,mL.min-1.kg-1,species_only_monkey
2448669,CHEMBL947289,CHEMBL486051,CL,mL.min-1.kg-1,=,1.8,CHEMBL614875,Macaca mulatta,"Total clearance in monkey at 0.32 mg/kg, iv by cassette assay",A,CC(C)Oc1cc(-c2ccc(C[C@@H](C)NC[C@H](O)c3ccccc3)cc2)ccc1C(=O)O,1.8,mL.min-1.kg-1,species_only_monkey
2448684,CHEMBL947289,CHEMBL453047,CL,mL.min-1.kg-1,=,2.5,CHEMBL614875,Macaca mulatta,"Total clearance in monkey at 0.32 mg/kg, iv by cassette assay",A,CC(C)Oc1cc(-c2ccc(CCN[C@@H](C)[C@H](O)c3ccccc3)cc2)ccc1C(=O)O,2.5,mL.min-1.kg-1,species_only_monkey
2448706,CHEMBL1021857,CHEMBL507506,CL,mL.min-1.kg-1,=,47.0,CHEMBL614875,Macaca mulatta,"Total clearance in monkey at 0.30 mg/kg, iv by cassette assay",A,CCCOc1cc(-c2ccc(C[C@@H](C)NC[C@H](O)c3cccnc3)cc2)ccc1C(=O)O,47.0,mL.min-1.kg-1,species_only_monkey
2448801,CHEMBL1021884,CHEMBL452587,CL,mL.min-1.kg-1,=,8.333,CHEMBL613847,Macaca fascicularis,"Clearance in cynomolgus monkey at 0.5 mg/kg, iv",A,C[C@](O)(c1ccc(C(=O)N(C2CC2)[C@H]2CC[C@H](c3cccnc3)CC2)cc1)C(F)(F)F,8.333,mL.min-1.kg-1,species_only_monkey
2449097,CHEMBL989232,CHEMBL460472,CL,mL.min-1.kg-1,=,1.667,CHEMBL613847,Macaca fascicularis,"Clearance in cynomolgus monkey at 1 mg/kg, iv or 10 mg/kg, po",A,COc1ccc2c(Oc3ccc(NC(=O)c4c(C)n(CC(C)(C)O)n(-c5ccccc5)c4=O)nc3)ccnc2c1,1.667,mL.min-1.kg-1,species_only_monkey
2458920,CHEMBL1020068,CHEMBL481931,CL,mL.min-1.kg-1,=,23.1,CHEMBL614875,Macaca mulatta,"Clearance in rhesus monkey at 0.4 mg/kg, iv",A,CN1CC[C@H](N(C)C(=O)N2CC(c3cc(F)ccc3F)=C[C@@]2(CO)c2ccccc2)[C@H](F)C1,23.1,mL.min-1.kg-1,species_only_monkey
2459249,CHEMBL986608,CHEMBL479779,CL,mL.min-1.kg-1,=,23.33,CHEMBL614875,Macaca mulatta,"Clearance in monkey at 2.5 mg/kg, iv and 2.5 mg/kg, po",A,CC(C)NC(C)(C)c1nc2c(C(N)=O)cccc2[nH]1,23.33,mL.min-1.kg-1,species_only_monkey
2462818,CHEMBL945243,CHEMBL480501,CL,mL.min-1.kg-1,=,16.0,CHEMBL614875,Macaca mulatta,"Clearance in rhesus monkey at 0.5 mg/kg, iv and 2 mg/kg, po",A,Cn1c(N(Cc2ccc(C(=O)Nc3nnn[nH]3)cc2)[C@H]2CC[C@H](C(C)(C)C)CC2)nc2cc(C(F)(F)F)ccc21,16.0,mL.min-1.kg-1,species_only_monkey
2473842,CHEMBL981860,CHEMBL483400,CL,mL.min-1.kg-1,=,27.0,CHEMBL614875,Macaca mulatta,"Plasma clearance in rhesus monkey at 0.3 mg/kg, iv",A,Cc1nc2cccc(F)c2c(=O)n1-c1ccc(OC2CCN(C3CCC3)CC2)cc1,27.0,mL.min-1.kg-1,species_only_monkey
2473843,CHEMBL981860,CHEMBL484946,CL,mL.min-1.kg-1,=,17.0,CHEMBL614875,Macaca mulatta,"Plasma clearance in rhesus monkey at 0.3 mg/kg, iv",A,Cc1cccc2nc(C)n(-c3ccc(OC4CCN(C5CCC5)CC4)cc3)c(=O)c12,17.0,mL.min-1.kg-1,species_only_monkey
2473844,CHEMBL981860,CHEMBL485543,CL,mL.min-1.kg-1,=,26.0,CHEMBL614875,Macaca mulatta,"Plasma clearance in rhesus monkey at 0.3 mg/kg, iv",A,Cc1nc2cccc(C(F)(F)F)c2c(=O)n1-c1ccc(OC2CCN(C3CCC3)CC2)cc1,26.0,mL.min-1.kg-1,species_only_monkey
2488289,CHEMBL947820,CHEMBL466397,CL,mL.min-1.kg-1,=,13.9,CHEMBL613847,Macaca fascicularis,"Clearance in cynomolgus monkey at 2.1 mg/kg, po",A,CCc1cc(Nc2nccc(-c3c(-c4ccc(OC)c(C(=O)Nc5c(F)cccc5F)c4)nc4ccccn34)n2)c(OC)cc1N1CCC(N2CCN(S(C)(=O)=O)CC2)CC1,13.9,mL.min-1.kg-1,species_only_monkey
2498704,CHEMBL982403,CHEMBL245678,CL,mL.min-1.kg-1,=,17.7,CHEMBL614875,Macaca mulatta,"Clearance in monkey at 3 mg/kg, po and iv",A,CN1CCc2nc(C(=O)N[C@@H]3CCCC[C@@H]3NC(=O)c3cc4cc(Cl)ccc4[nH]3)sc2C1,17.7,mL.min-1.kg-1,species_only_monkey
2498705,CHEMBL982404,CHEMBL479863,CL,mL.min-1.kg-1,=,12.4,CHEMBL614875,Macaca mulatta,"Clearance in monkey at 1 mg/kg, po and iv",A,CN1CCc2nc(C(=O)N[C@@H]3C[C@@H](C(=O)N(C)C)CC[C@@H]3NC(=O)c3cc4cc(Cl)ccc4[nH]3)sc2C1,12.4,mL.min-1.kg-1,species_only_monkey
2499435,CHEMBL982446,CHEMBL480816,CL,mL.min-1.kg-1,=,22.0,CHEMBL614875,Macaca mulatta,Plasma clearance in rhesus monkey,A,CN(C)CCN1CCn2c(c(C3CCCCC3)c3ccc(C(=O)O)cc32)-c2ccccc2C1,22.0,mL.min-1.kg-1,species_only_monkey
2509383,CHEMBL1007106,CHEMBL445481,CL,mL.min-1.kg-1,=,7.5,CHEMBL614875,Macaca mulatta,"Total clearance in monkey at 0.32 mg/kg, iv by cassette assay",A,CS(=O)(=O)NC(=O)c1ccc(-c2ccc(CCNC[C@H](O)c3cccnc3)cc2)cc1OC1CCCCC1.Cl.Cl,7.5,mL.min-1.kg-1,species_only_monkey
2509400,CHEMBL1007106,CHEMBL470856,CL,mL.min-1.kg-1,=,9.2,CHEMBL614875,Macaca mulatta,"Total clearance in monkey at 0.32 mg/kg, iv by cassette assay",A,CC(C)Sc1cc(-c2ccc(CCNC[C@H](O)c3ccccc3)cc2)ccc1C(=O)NS(C)(=O)=O.Cl,9.2,mL.min-1.kg-1,species_only_monkey
2509414,CHEMBL1007106,CHEMBL471060,CL,mL.min-1.kg-1,=,25.9,CHEMBL614875,Macaca mulatta,"Total clearance in monkey at 0.32 mg/kg, iv by cassette assay",A,CC(C)Nc1cc(-c2ccc(CCNC[C@H](O)c3ccccc3)cc2)ccc1C(=O)NS(C)(=O)=O.Cl.Cl,25.9,mL.min-1.kg-1,species_only_monkey
2513173,CHEMBL967807,CHEMBL490153,CL,mL.min-1.kg-1,=,41.67,CHEMBL614875,Macaca mulatta,"Plasma clearance in monkey at 0.5 umol/kg, iv",A,CCC(=O)c1cc(-c2ccc(Cl)cc2)n(-c2ccc(S(N)(=O)=O)cc2)c1C,41.67,mL.min-1.kg-1,species_only_monkey
2513933,CHEMBL1022830,CHEMBL491288,CL,mL.min-1.kg-1,=,8.0,CHEMBL614875,Macaca mulatta,"Plasma clearance in rhesus monkey plasma at 0.3 mg/kg, iv administered as single dose",A,C[C@@H]1NC(c2cc(C#N)ccn2)=N[C@@]1(c1ccc(F)cc1)c1ccc(F)nc1,8.0,mL.min-1.kg-1,species_only_monkey
2515545,CHEMBL1022028,CHEMBL515387,CL,mL.min-1.kg-1,=,7.6,CHEMBL613847,Macaca fascicularis,"Clearance in cynomolgus monkey plasma at 1 mg/kg, iv and 1 mg/kg, po",A,O=C([C@@H]1C[C@H](N2CCN(c3ncccn3)CC2)CN1)N1CCC(F)(F)C1,7.6,mL.min-1.kg-1,species_only_monkey
2517413,CHEMBL968732,CHEMBL221906,CL,mL.min-1.kg-1,=,26.7,CHEMBL613847,Macaca fascicularis,"Clearance in cynomolgus monkey at 0.1 mg/kg, iv and 1 mg/kg, po",A,CN(C)C(=N)c1ccc(C(=O)Nc2ccc(Cl)cc2C(=O)Nc2ccc(Cl)cn2)cc1,26.7,mL.min-1.kg-1,species_only_monkey
2517414,CHEMBL968732,CHEMBL472967,CL,mL.min-1.kg-1,=,11.2,CHEMBL613847,Macaca fascicularis,"Clearance in cynomolgus monkey at 0.1 mg/kg, iv and 1 mg/kg, po",A,CN(C)C(=N)c1ccc(C(=O)Nc2ccc(Cl)cc2C(=O)Nc2ccc(Cl)cn2)c(F)c1,11.2,mL.min-1.kg-1,species_only_monkey
2517415,CHEMBL968733,CHEMBL512351,CL,mL.min-1.kg-1,=,18.7,CHEMBL613847,Macaca fascicularis,"Clearance in cynomolgus monkey at 0.75 mg/kg, iv and 7.5 mg/kg, po",A,COc1ccc(NC(=O)c2ccc(C(=N)N(C)C)cc2)c(C(=O)Nc2ccc(Cl)cn2)c1,18.7,mL.min-1.kg-1,species_only_monkey
2517416,CHEMBL968733,CHEMBL515919,CL,mL.min-1.kg-1,=,16.2,CHEMBL613847,Macaca fascicularis,"Clearance in cynomolgus monkey at 0.75 mg/kg, iv and 7.5 mg/kg, po",A,COc1ccc(NC(=O)c2ccc(C(=N)N(C)C)cc2F)c(C(=O)Nc2ccc(Cl)cn2)c1,16.2,mL.min-1.kg-1,species_only_monkey
2518759,CHEMBL980664,CHEMBL512436,CL,mL.min-1.kg-1,=,5.3,CHEMBL614875,Macaca mulatta,Plasma clearance in monkey,A,CC(C)(C)c1nc2nc(-c3ccccc3Cl)c(-c3ccc(C#N)cc3)cc2c2n[nH]c(=O)n12,5.3,mL.min-1.kg-1,species_only_monkey
2522914,CHEMBL1022933,CHEMBL467114,CL,mL.min-1.kg-1,=,41.0,CHEMBL613847,Macaca fascicularis,Clearance in cynomolgus monkey blood at 1 mg/kg administered by intravenous infusion for 1 hr,A,O=C([O-])c1cccc(Cc2cc(Cl)ccc2OCc2ccc(Cl)cc2F)n1.[Na+],41.0,mL.min-1.kg-1,species_only_monkey
2525533,CHEMBL983201,CHEMBL519504,CL,mL.min-1.kg-1,=,1.6,CHEMBL613847,Macaca fascicularis,Total clearance in cynomolgus monkey,A,CO[C@@H](Cc1ccc(OCCc2nc(-c3ccccc3)oc2C)c2ccsc12)C(=O)O,1.6,mL.min-1.kg-1,species_only_monkey
2526014,CHEMBL1007106,CHEMBL446806,CL,mL.min-1.kg-1,=,52.0,CHEMBL614875,Macaca mulatta,"Total clearance in monkey at 0.32 mg/kg, iv by cassette assay",A,CS(=O)(=O)NC(=O)c1ccc(-c2ccc(CCNC[C@H](O)c3cnccc3N)cc2)cc1OC1CCCCC1.Cl.Cl,52.0,mL.min-1.kg-1,species_only_monkey
2527057,CHEMBL984115,CHEMBL447955,CL,mL.min-1.kg-1,=,1.0,CHEMBL614875,Macaca mulatta,"Plasma clearance in monkey at 0.5 mg/kg, iv and 1 mg/kg, po",A,C[C@@H](O[C@H]1CC[C@@H]2CN(C3=CC(=O)CC3)C[C@H]2[C@@H]1c1ccc(F)cc1)c1cc(C(F)(F)F)cc(C(F)(F)F)c1,1.0,mL.min-1.kg-1,species_only_monkey
2556430,CHEMBL990918,CHEMBL223482,CL,mL.min-1.kg-1,=,10.0,CHEMBL614875,Macaca mulatta,"Clearance in rhesus monkey at 33.3 mg/kg, po administered as single dose",A,C[C@@]1(F)[C@H](O)[C@@H](CO)O[C@H]1n1ccc(N)nc1=O,10.0,mL.min-1.kg-1,species_only_monkey
2558266,CHEMBL986374,CHEMBL476323,CL,mL.min-1.kg-1,=,18.0,CHEMBL614875,Macaca mulatta,"Plasma clearance in rhesus monkey at 1 mg/kg, iv",A,Cc1nc2cccc(C(F)(F)F)c2c(=O)n1-c1ccc(OCCCN2CCCC2)cc1,18.0,mL.min-1.kg-1,species_only_monkey
2561559,CHEMBL981085,CHEMBL477772,CL,mL.min-1.kg-1,=,1.4,CHEMBL614875,Macaca mulatta,Clearance in monkey at 5 mg/kg,A,Cc1ccc(Nc2nccc(N(C)c3ccc4c(C)n(C)nc4c3)n2)cc1S(N)(=O)=O,1.4,mL.min-1.kg-1,species_only_monkey
2562180,CHEMBL982052,CHEMBL476302,CL,mL.min-1.kg-1,=,5.5,CHEMBL613847,Macaca fascicularis,Clearance in iv dosed cynomolgus monkey,A,CC(C)c1onc(-c2c(Cl)cccc2Cl)c1COc1ccc(-c2ccc3c(C(=O)O)cccc3c2)cc1,5.5,mL.min-1.kg-1,species_only_monkey
2565979,CHEMBL977237,CHEMBL456795,CL,mL.min-1.kg-1,=,5.3,CHEMBL614875,Macaca mulatta,"Total clearance in monkey at 0.32 mg/kg, iv by cassette assay",A,COc1ccc(Oc2ccc3c(c2)C[C@@H](NC[C@H](O)c2ccc(Cl)cc2)CC3)cc1C(=O)O,5.3,mL.min-1.kg-1,species_only_monkey
2565994,CHEMBL977237,CHEMBL503209,CL,mL.min-1.kg-1,=,15.7,CHEMBL614875,Macaca mulatta,"Total clearance in monkey at 0.32 mg/kg, iv by cassette assay",A,COc1ccc(Oc2ccc3c(c2)C[C@@H](NC[C@H](O)c2ccc(Cl)nc2)CC3)cc1C(=O)O,15.7,mL.min-1.kg-1,species_only_monkey
2566007,CHEMBL977237,CHEMBL514102,CL,mL.min-1.kg-1,=,6.7,CHEMBL614875,Macaca mulatta,"Total clearance in monkey at 0.32 mg/kg, iv by cassette assay",A,O=C(O)c1ccc(-c2ccc3c(c2)C[C@@H](NC[C@H](O)c2ccc(Cl)cc2)CC3)cc1,6.7,mL.min-1.kg-1,species_only_monkey
2566036,CHEMBL977249,CHEMBL59765,CL,mL.min-1.kg-1,=,11.8,CHEMBL614875,Macaca mulatta,"Total clearance in monkey at 0.83 mg/kg, iv",A,CCOC(=O)COc1ccc2c(c1)C[C@@H](NC[C@H](O)c1cccc(Cl)c1)CCC2,11.8,mL.min-1.kg-1,species_only_monkey
2590540,CHEMBL1015404,CHEMBL466192,CL,mL.min-1.kg-1,=,7.5,CHEMBL614875,Macaca mulatta,"Clearance in rhesus monkey at 2 mg/kg, po and 0.5 mg/kg, iv",A,Cc1cc2c3c(c1)n(CC(=O)Nc1ccc4c(c1)C[C@]1(C4)C(=O)NC(=O)N1C)c(=O)n3CC(=O)N2,7.5,mL.min-1.kg-1,species_only_monkey
2594453,CHEMBL1016211,CHEMBL455907,CL,mL.min-1.kg-1,=,20.0,CHEMBL614875,Macaca mulatta,"Clearance in monkey at 2 mg/kg, iv and 10 mg/kg, po",A,C[C@H](NC1=NC(=O)[C@](C)(C(C)(C)O)S1)c1ccc(F)cc1,20.0,mL.min-1.kg-1,species_only_monkey
2608824,CHEMBL1014371,CHEMBL471404,CL,mL.min-1.kg-1,=,8.5,CHEMBL614875,Macaca mulatta,"Plasma clearance in monkey at 5 mg/kg, iv",A,CC(C)CC[C@@]1(C)C(=O)C(C2=NS(=O)(=O)c3cc(NS(C)(=O)=O)ccc3N2)=C([O-])c2ccccc21.[Na+],8.5,mL.min-1.kg-1,species_only_monkey
2608825,CHEMBL1014371,CHEMBL471405,CL,mL.min-1.kg-1,=,9.333,CHEMBL614875,Macaca mulatta,"Plasma clearance in monkey at 5 mg/kg, iv",A,CC(C)(C)CC[C@@]1(C)C(=O)C(C2=NS(=O)(=O)c3cc(NS(C)(=O)=O)ccc3N2)=C([O-])c2ccccc21.[Na+],9.333,mL.min-1.kg-1,species_only_monkey
2617390,CHEMBL1014243,CHEMBL467510,CL,mL.min-1.kg-1,=,26.0,CHEMBL613847,Macaca fascicularis,"Blood clearance in cynomolgus monkey at 1 mg/kg, iv",A,CC(C)COc1ccc(Cl)cc1-c1ccccc1-c1cccc(C(=O)[O-])n1.[Na+],26.0,mL.min-1.kg-1,species_only_monkey
2623670,CHEMBL999765,CHEMBL502641,CL,mL.min-1.kg-1,=,33.0,CHEMBL614875,Macaca mulatta,"Plasma Clearance in rhesus monkey at 0.75 mg/kg, iv",A,O=C(Nc1ccc(C[C@H](NC(=O)[C@@H]2C[C@@H](N3CCC3)CN2S(=O)(=O)c2cc(Cl)cc(Cl)c2)C(=O)O)cc1)c1c(Cl)cncc1Cl,33.0,mL.min-1.kg-1,species_only_monkey
2623678,CHEMBL1002496,CHEMBL506044,CL,mL.min-1.kg-1,=,33.0,CHEMBL614875,Macaca mulatta,"Plasma Clearance in rhesus monkey at 5 mg/kg, po",A,N#Cc1cccc(S(=O)(=O)N2C[C@H](NC3CCC3)C[C@H]2C(=O)N[C@@H](Cc2ccc(NC(=O)c3c(Cl)cncc3Cl)cc2)C(=O)O)c1,33.0,mL.min-1.kg-1,species_only_monkey
2624482,CHEMBL996328,CHEMBL504492,CL,mL.min-1.kg-1,=,15.0,CHEMBL614875,Macaca mulatta,"Plasma clearance in monkey at 1 mg/kg, iv",A,CO/C(C)=C1/NC(=O)[C@H]([C@@H](C)O)NC(=O)c2csc(n2)-c2cc(OC)c(-c3nc(C(=O)NCCCN4CCOCC4)cs3)nc2-c2csc(n2)[C@@H]2COC(=O)c3c4c5c(cccc5n3O)COC(=O)[C@@H](O[C@H]3C[C@](C)(O)[C@H](N(C)C)[C@H](C)O3)[C@@H](OC4)[C@H](NC(=O)c3csc1n3)c1nc(cs1)C(=O)N2,15.0,mL.min-1.kg-1,species_only_monkey
2625703,CHEMBL1007560,CHEMBL506140,CL,mL.min-1.kg-1,=,43.0,CHEMBL613847,Macaca fascicularis,"Clearance in cynomolgus monkey at 3 mg/kg, po and at 3 mg/kg, iv",A,CC(C)(C)[C@H](NC(=O)NC1(C(=O)OCc2ccccc2)CCCCC1)C(=O)N1C[C@H]2[C@@H]([C@H]1C(=O)NC(CC1CC1)C(=O)C(N)=O)C2(C)C,43.0,mL.min-1.kg-1,species_only_monkey
2634220,CHEMBL943705,CHEMBL490029,CL,mL.min-1.kg-1,=,10.1,CHEMBL614875,Macaca mulatta,Plasma clearance in monkey,A,CC[C@@H](Oc1cccc(-n2c(C)c(C(=O)c3ccc(OC)cc3)c3ccc(OC(F)(F)F)cc32)c1)C(=O)O,10.1,mL.min-1.kg-1,species_only_monkey
2638603,CHEMBL1015798,CHEMBL466308,CL,mL.min-1.kg-1,=,22.0,CHEMBL614875,Macaca mulatta,"Clearance in monkey at 3 mg/kg, po and 1 mg/kg, iv",A,CCN1CCN(c2cc3[nH]c(C(=O)[C@]4(C)CC[C@@](C)(O)CC4)nc3cc2Cl)CC1,22.0,mL.min-1.kg-1,species_only_monkey
2647950,CHEMBL1029388,CHEMBL518940,CL,mL.min-1.kg-1,=,13.33,CHEMBL613847,Macaca fascicularis,"Plasma clearance in cynomolgus monkey at 1 mg/kg, iv",A,CC1=C2C[C@H]3[C@@H](CC[C@@H]4CNC(=O)CC[C@@]43C)[C@@H]2CC[C@@]2(C1)O[C@@H]1C[C@H](C)CN[C@H]1[C@H]2C,13.33,mL.min-1.kg-1,species_only_monkey
2647951,CHEMBL1029388,CHEMBL480694,CL,mL.min-1.kg-1,=,30.0,CHEMBL613847,Macaca fascicularis,"Plasma clearance in cynomolgus monkey at 1 mg/kg, iv",A,CC1=C2C[C@H]3[C@@H](CC[C@@H]4Cc5[nH]ncc5C[C@@]43C)[C@@H]2CC[C@@]2(C1)O[C@@H]1C[C@H](C)CN[C@H]1[C@H]2C,30.0,mL.min-1.kg-1,species_only_monkey
2647952,CHEMBL1029388,CHEMBL538867,CL,mL.min-1.kg-1,=,15.0,CHEMBL613847,Macaca fascicularis,"Plasma clearance in cynomolgus monkey at 1 mg/kg, iv",A,CC1=C2C[C@H]3[C@@H](CC[C@@H]4C[C@H](NS(C)(=O)=O)CC[C@@]43C)[C@@H]2CC[C@@]2(C1)O[C@@H]1C[C@H](C)CN[C@H]1[C@H]2C,15.0,mL.min-1.kg-1,species_only_monkey
2647953,CHEMBL1029388,CHEMBL473393,CL,mL.min-1.kg-1,=,103.33,CHEMBL613847,Macaca fascicularis,"Plasma clearance in cynomolgus monkey at 1 mg/kg, iv",A,CC1=C2C[C@H]3[C@@H](CCC4=CC(=O)CC[C@@]43C)[C@@H]2CC[C@@]2(C1)O[C@@H]1C[C@H](C)CN[C@H]1[C@H]2C,103.33,mL.min-1.kg-1,species_only_monkey
2652168,CHEMBL1030162,CHEMBL559437,CL,mL.min-1.kg-1,=,21.0,CHEMBL613847,Macaca fascicularis,"Clearance in cynomolgus monkey at 2 mg/kg, iv",A,COC[C@@H](C1CC1)n1cc(Cl)nc(Nc2cc(C)c(OC)cc2C)c1=O,21.0,mL.min-1.kg-1,species_only_monkey
2687773,CHEMBL1051674,CHEMBL562318,CL,mL.min-1.kg-1,=,13.9,CHEMBL613847,Macaca fascicularis,"Hepatic clearance in cynomolgus monkey at 0.03 mg/kg, iv",A,Cn1cc(-c2ccncc2)c(-c2ccc(OCc3ccc4ccccc4n3)cc2)n1,13.9,mL.min-1.kg-1,species_only_monkey
2695223,CHEMBL1063967,CHEMBL551051,CL,mL.min-1.kg-1,=,1.1,CHEMBL614875,Macaca mulatta,"Clearance in monkey at 2 mg/kg, iv",A,O=C(N[C@@H]1CCCc2c1[nH]c1ccc(Cl)cc21)c1ccccn1,1.1,mL.min-1.kg-1,species_only_monkey
2707091,CHEMBL1054101,CHEMBL552068,CL,mL.min-1.kg-1,=,35.0,CHEMBL614875,Macaca mulatta,"Plasma clearance in rhesus monkey at 1 mg/kg, iv or 2 mg/kg, po",A,Cl.N[C@H]1Cn2c(nc3cnccc32)C[C@@H]1c1cc(F)c(F)cc1F,35.0,mL.min-1.kg-1,species_only_monkey
2712875,CHEMBL1060878,CHEMBL564088,CL,mL.min-1.kg-1,=,9.3,CHEMBL614875,Macaca mulatta,Clearance in monkey,A,O=C(CN1CC2CC(=O)Nc3cccc1c32)Nc1ccc2c(c1)C[C@]1(C2)C(=O)Nc2ncccc21,9.3,mL.min-1.kg-1,species_only_monkey
2724577,CHEMBL1062724,CHEMBL552284,CL,mL.min-1.kg-1,=,110.0,CHEMBL614875,Macaca mulatta,"Plasma clearance in monkey at 1.6 mg/kg, po",A,CN1C[C@@H](N(Cc2cccc(F)c2F)c2ccc(C#N)c(Cl)c2)CC1=O,110.0,mL.min-1.kg-1,species_only_monkey
2724579,CHEMBL1062725,CHEMBL565022,CL,mL.min-1.kg-1,=,480.0,CHEMBL614875,Macaca mulatta,"Plasma clearance in monkey at 1.3 mg/kg, po",A,CCN1C[C@@H](N(Cc2cc(Cl)ccc2Cl)c2ccc(C#N)c(Cl)c2)CC1=O,480.0,mL.min-1.kg-1,species_only_monkey
2924407,CHEMBL1043227,CHEMBL575777,CL,mL.min-1.kg-1,=,10.0,CHEMBL613847,Macaca fascicularis,"Clearance in cynomolgus monkey at 2 mg/kg, iv and 5 mg/kg, po",A,Cc1cc(CN2C(=O)C(C3=NS(=O)(=O)c4c(CNS(C)(=O)=O)cccc43)=C(O)[C@@H]2C(C)(C)C)ccc1F,10.0,mL.min-1.kg-1,species_only_monkey
2925534,CHEMBL1050159,CHEMBL575448,CL,mL.min-1.kg-1,=,41.0,CHEMBL614875,Macaca mulatta,Total clearance in iv dosed monkey,A,C[C@@]1(C(=O)Nc2ccc(F)nc2)CCCN1c1nc(Nc2cc(C3CC3)n[nH]2)c2cccn2n1,41.0,mL.min-1.kg-1,species_only_monkey
2934393,CHEMBL1053593,CHEMBL1645462,CL,mL.min-1.kg-1,=,10.5,CHEMBL613847,Macaca fascicularis,"Clearance in cynomolgus monkey at 5 mg/kg, iv",A,Cc1c(NC(=O)OC[C@@H]2COCCN2)cn2ncnc(Nc3ccc4c(cnn4Cc4cccc(F)c4)c3)c12,10.5,mL.min-1.kg-1,species_only_monkey
2943873,CHEMBL1046732,CHEMBL574663,CL,mL.min-1.kg-1,=,1.8,CHEMBL613847,Macaca fascicularis,"Clearance in cynomolgus monkey at 0.5 mg/kg, iv",A,CO[C@H]1C[C@@H](CO[C@H]2CC[C@H](C(=O)O)CC2)N(C(=O)Cc2cc(Cl)c(NC(=O)c3cn(C)c4ccccc34)cc2Cl)C1,1.8,mL.min-1.kg-1,species_only_monkey
2986533,CHEMBL1037199,CHEMBL572324,CL,mL.min-1.kg-1,=,15.0,CHEMBL614875,Macaca mulatta,"Clearance in rhesus monkey at 1 mg/kg, iv",A,N#Cc1cc(Cl)cc(Oc2cc(OCc3n[nH]c4nc(N)ccc34)cc(F)c2Cl)c1,15.0,mL.min-1.kg-1,species_only_monkey
2986535,CHEMBL1037199,CHEMBL489586,CL,mL.min-1.kg-1,=,16.0,CHEMBL614875,Macaca mulatta,"Clearance in rhesus monkey at 1 mg/kg, iv",A,N#Cc1cc(Cl)cc(Oc2cc(OCc3n[nH]c4nc(N)ccc34)ccc2Cl)c1,16.0,mL.min-1.kg-1,species_only_monkey
2990243,CHEMBL1042635,CHEMBL565789,CL,mL.min-1.kg-1,=,6.0,CHEMBL614875,Macaca mulatta,"Clearance in monkey at 10 mg/kg, iv",A,O=C(O)CCCN1CCC[C@H]1COc1ccc(Oc2ccc(Cl)cc2)cc1,6.0,mL.min-1.kg-1,species_only_monkey
2991401,CHEMBL1038100,CHEMBL570867,CL,mL.min-1.kg-1,=,11.0,CHEMBL614875,Macaca mulatta,"Total clearance in monkey at 10 mg/kg, iv",A,Cc1cc2cc(N/C(=N\C(=O)c3ccc(C(=O)N(C)C)nc3)N[C@H]3CCCCN(CC(=O)N4CCCC4)C3=O)ccc2o1,11.0,mL.min-1.kg-1,species_only_monkey
3001103,CHEMBL1041715,CHEMBL477014,CL,mL.min-1.kg-1,=,0.63,CHEMBL613847,Macaca fascicularis,"Clearance in cynomolgus monkey at 1 mg/kg, po",A,CS(=O)(=O)Nc1ccc2c(c1)S(=O)(=O)NC(C1=C(O)[C@@H]3CCC[C@@H]3N(Cc3ccc(F)cc3)C1=O)=N2,0.63,mL.min-1.kg-1,species_only_monkey
3001104,CHEMBL1042516,CHEMBL477014,CL,mL.min-1.kg-1,=,0.63,CHEMBL613847,Macaca fascicularis,"Clearance in cynomolgus monkey at 1 mg/kg, iv",A,CS(=O)(=O)Nc1ccc2c(c1)S(=O)(=O)NC(C1=C(O)[C@@H]3CCC[C@@H]3N(Cc3ccc(F)cc3)C1=O)=N2,0.63,mL.min-1.kg-1,species_only_monkey
3001111,CHEMBL1041715,CHEMBL567166,CL,mL.min-1.kg-1,=,4.7,CHEMBL613847,Macaca fascicularis,"Clearance in cynomolgus monkey at 1 mg/kg, po",A,CC(C)CC[C@]1(C)CN(C2CCC2)C(=O)C(C2=NS(=O)(=O)c3cc(NS(C)(=O)=O)ccc3N2)=C1O,4.7,mL.min-1.kg-1,species_only_monkey
3001112,CHEMBL1042516,CHEMBL567166,CL,mL.min-1.kg-1,=,4.7,CHEMBL613847,Macaca fascicularis,"Clearance in cynomolgus monkey at 1 mg/kg, iv",A,CC(C)CC[C@]1(C)CN(C2CCC2)C(=O)C(C2=NS(=O)(=O)c3cc(NS(C)(=O)=O)ccc3N2)=C1O,4.7,mL.min-1.kg-1,species_only_monkey
3009417,CHEMBL1047098,CHEMBL589973,CL,mL.min-1.kg-1,=,4.5,CHEMBL613847,Macaca fascicularis,"Clearance in cynomolgus monkey at 0.5 mg/kg, iv",A,CCCCNC(=O)c1ccc(Oc2ccc(CC(=O)O)cc2OC)c(NS(=O)(=O)c2ccc(Cl)cc2Cl)c1,4.5,mL.min-1.kg-1,species_only_monkey
3010765,CHEMBL1046093,CHEMBL570522,CL,mL.min-1.kg-1,=,6.0,CHEMBL613847,Macaca fascicularis,"Clearance in cynomolgus monkey at 1 mg/kg, iv",A,CN1CCN(c2cccc3nc(CN(C)[C@H]4CCCc5cccnc54)cn23)CC1,6.0,mL.min-1.kg-1,species_only_monkey
3076378,CHEMBL1040231,CHEMBL591578,CL,mL.min-1.kg-1,=,11.7,CHEMBL613847,Macaca fascicularis,"Clearance in cynomolgus monkey at 1 mg/kg, iv",A,CNC[C@H](CC1CCCCC1)NC(=O)N1CCC[C@@H]([C@@H](OCCNC(=O)OC)c2cccc(Cl)c2)C1,11.7,mL.min-1.kg-1,species_only_monkey
3076381,CHEMBL1040231,CHEMBL496430,CL,mL.min-1.kg-1,=,5.2,CHEMBL613847,Macaca fascicularis,"Clearance in cynomolgus monkey at 1 mg/kg, iv",A,CNC[C@H](CC1CCCCC1)NC(=O)N1CCC[C@@H]([C@@](O)(CCCCOC)c2cccc(Cl)c2)C1,5.2,mL.min-1.kg-1,species_only_monkey
3076394,CHEMBL1040231,CHEMBL1639,CL,mL.min-1.kg-1,=,2.5,CHEMBL613847,Macaca fascicularis,"Clearance in cynomolgus monkey at 1 mg/kg, iv",A,COCCCOc1cc(C[C@@H](C[C@H](N)[C@@H](O)C[C@H](C(=O)NCC(C)(C)C(N)=O)C(C)C)C(C)C)ccc1OC,2.5,mL.min-1.kg-1,species_only_monkey
3076744,CHEMBL1072003,CHEMBL596290,CL,mL.min-1.kg-1,=,39.1,CHEMBL614875,Macaca mulatta,"Clearance in monkey at 3.1 mg, iv",A,Cc1n[nH]c2ncc(-c3cc(OC[C@@H](N)Cc4c[nH]c5ccccc45)cnc3-c3ccoc3)nc12,39.1,mL.min-1.kg-1,species_only_monkey
3076752,CHEMBL1072005,CHEMBL595944,CL,mL.min-1.kg-1,=,22.3,CHEMBL614875,Macaca mulatta,"Clearance in monkey at 3.0 mg, iv",A,Cc1occc1-c1nc(N)c(OC[C@@H](N)Cc2c[nH]c3ccccc23)cc1-c1cnc2[nH]nc(C)c2n1,22.3,mL.min-1.kg-1,species_only_monkey
3080405,CHEMBL1069981,CHEMBL594717,CL,mL.min-1.kg-1,=,8.6,CHEMBL614875,Macaca mulatta,Clearance in monkey,A,Cc1ccc(F)cc1CO[C@H]1CCc2ccc(N3CCNC[C@H]3C)nc21,8.6,mL.min-1.kg-1,species_only_monkey
3085043,CHEMBL1043329,CHEMBL593482,CL,mL.min-1.kg-1,=,11.9,CHEMBL613847,Macaca fascicularis,"Total clearance in cynomolgus monkey at 0.1 mg/kg, iv",A,O=C(CCS(=O)(=O)c1ccc2cc(Cl)ccc2c1)N1CCC(N2Cc3cnc(CO)n3C2=O)CC1,11.9,mL.min-1.kg-1,species_only_monkey
3085044,CHEMBL1043329,CHEMBL593461,CL,mL.min-1.kg-1,=,14.2,CHEMBL613847,Macaca fascicularis,"Total clearance in cynomolgus monkey at 0.1 mg/kg, iv",A,Cc1ncc2n1C(=O)N(C1CCN(C(=O)[C@H](O)CS(=O)(=O)c3ccc4cc(Cl)ccc4c3)CC1)C2,14.2,mL.min-1.kg-1,species_only_monkey
3086695,CHEMBL1047727,CHEMBL473560,CL,mL.min-1.kg-1,=,82.0,CHEMBL613847,Macaca fascicularis,Clearance in cynomolgus monkey plasma,A,Cc1cc(S(C)(=O)=O)cc2c(Nc3cccc(C#N)c3)c(C(N)=O)cnc12,82.0,mL.min-1.kg-1,species_only_monkey
3086699,CHEMBL1047727,CHEMBL593894,CL,mL.min-1.kg-1,=,5.9,CHEMBL613847,Macaca fascicularis,Clearance in cynomolgus monkey plasma,A,Cc1cc(S(C)(=O)=O)cc2c(Nc3cccc(C#N)c3)c(C(N)=O)c(=O)[nH]c12,5.9,mL.min-1.kg-1,species_only_monkey
3086702,CHEMBL1047727,CHEMBL603196,CL,mL.min-1.kg-1,=,1.6,CHEMBL613847,Macaca fascicularis,Clearance in cynomolgus monkey plasma,A,Cc1cc(S(C)(=O)=O)cc2c1NNC(C(N)=O)=C2Nc1cccc(C#N)c1,1.6,mL.min-1.kg-1,species_only_monkey
3095574,CHEMBL1074756,CHEMBL605162,CL,mL.min-1.kg-1,=,13.8,CHEMBL613847,Macaca fascicularis,"Clearance in cynomolgus monkey at 1 mg/kg, iv",A,O=C(O)CC1CC2(CCN(C(=O)NC3C4CC5CC(C4)CC3C5)CC2)c2c(Br)cccc21,13.8,mL.min-1.kg-1,species_only_monkey
3100452,CHEMBL1071755,CHEMBL592778,CL,mL.min-1.kg-1,=,18.7,CHEMBL613847,Macaca fascicularis,"Clearance in cynomolgus monkey at 1 mg/kg, iv",A,COc1cc2c(cc1OC)[C@@H]1C[C@H](N)[C@@H](N3CCCCC3=O)CN1CC2,18.7,mL.min-1.kg-1,species_only_monkey
3100453,CHEMBL1071755,CHEMBL591118,CL,mL.min-1.kg-1,=,8.5,CHEMBL613847,Macaca fascicularis,"Clearance in cynomolgus monkey at 1 mg/kg, iv",A,COc1cc2c(cc1OC)[C@@H]1C[C@H](N)[C@@H](N3C[C@@H](CF)CC3=O)CN1CC2,8.5,mL.min-1.kg-1,species_only_monkey
3120433,CHEMBL1074470,CHEMBL597997,CL,mL.min-1.kg-1,=,0.91,CHEMBL613847,Macaca fascicularis,"Plasma clearance in cynomolgus monkey at 5 mg/kg, po and 1 mg/kg, iv",A,Cc1sc(C)c(C(=O)NC2(c3ccc(C(=O)O)cc3)CC2)c1Cc1ccc(C(F)(F)F)cc1,0.91,mL.min-1.kg-1,species_only_monkey
3120593,CHEMBL1064425,CHEMBL4525964,CL,mL.min-1.kg-1,=,18.0,CHEMBL614875,Macaca mulatta,"Clearance in monkey at 2 mg/kg, iv and 5 mg/kg, po by LC/MS analysis",A,CC[C@@H]1C[C@]1(NC(=O)[C@@H]1C[C@@H]2CN1C(=O)[C@H](C(C)(C)C)NC(=O)OCC(C)(C)CCCCc1cccc3c1CN(C3)C(=O)O2)C(=O)NS(=O)(=O)C1CC1,18.0,mL.min-1.kg-1,species_only_monkey
3186121,CHEMBL1110527,CHEMBL1099372,CL,mL.min-1.kg-1,=,1.0,CHEMBL614875,Macaca mulatta,Plasma clearance in rhesus monkey,A,C[C@@H](O[C@H]1CN2C(=O)C(O)C[C@H]2[C@@H]1c1ccc(F)cc1)c1cc(C(F)(F)F)cc(C(F)(F)F)c1,1.0,mL.min-1.kg-1,species_only_monkey
3188876,CHEMBL1106863,CHEMBL1086657,CL,mL.min-1.kg-1,=,0.4,CHEMBL614875,Macaca mulatta,"Clearance in rhesus monkey at 1.0 mg/kg, iv or 2 mg/kg, po",A,CC(C)(Cc1nc(-c2ccc(O)cn2)no1)C(=O)NC1=C(C(=O)O)CCCC1,0.4,mL.min-1.kg-1,species_only_monkey
3198664,CHEMBL1108638,CHEMBL1084926,CL,mL.min-1.kg-1,=,15.0,CHEMBL613847,Macaca fascicularis,"Clearance in cynomolgus monkey at 1 mg/kg, iv",A,CC(C)(O)c1cc2nc(-c3cnc(N)nc3)nc(N3CCOCC3)c2s1,15.0,mL.min-1.kg-1,species_only_monkey
3224038,CHEMBL1112201,CHEMBL477014,CL,mL.min-1.kg-1,=,0.63,CHEMBL613847,Macaca fascicularis,"Clearance in cynomolgus monkey at 1 mg/kg, iv",A,CS(=O)(=O)Nc1ccc2c(c1)S(=O)(=O)NC(C1=C(O)[C@@H]3CCC[C@@H]3N(Cc3ccc(F)cc3)C1=O)=N2,0.63,mL.min-1.kg-1,species_only_monkey
3224039,CHEMBL1112201,CHEMBL1079753,CL,mL.min-1.kg-1,=,0.27,CHEMBL613847,Macaca fascicularis,"Clearance in cynomolgus monkey at 1 mg/kg, iv",A,CS(=O)(=O)Nc1ccc2c(c1)S(=O)(=O)N=C(C1=C(O)C3C4CCC(C4)C3N(Cc3ccc(F)cc3)C1=O)N2,0.27,mL.min-1.kg-1,species_only_monkey
3224040,CHEMBL1112201,CHEMBL1079753,CL,mL.min-1.kg-1,=,3.2,CHEMBL613847,Macaca fascicularis,"Clearance in cynomolgus monkey at 1 mg/kg, iv",A,CS(=O)(=O)Nc1ccc2c(c1)S(=O)(=O)N=C(C1=C(O)C3C4CCC(C4)C3N(Cc3ccc(F)cc3)C1=O)N2,3.2,mL.min-1.kg-1,species_only_monkey
3224041,CHEMBL1112201,CHEMBL1076263,CL,mL.min-1.kg-1,=,0.18,CHEMBL613847,Macaca fascicularis,"Clearance in cynomolgus monkey at 1 mg/kg, iv",A,CS(=O)(=O)Nc1ccc2c(c1)S(=O)(=O)N=C(C1=C(O)[C@@H]3[C@H]4CC[C@H](C4)[C@@H]3N(Cc3ccc(F)cc3)C1=O)N2,0.18,mL.min-1.kg-1,species_only_monkey
3224042,CHEMBL1112201,CHEMBL1076425,CL,mL.min-1.kg-1,=,6.3,CHEMBL613847,Macaca fascicularis,"Clearance in cynomolgus monkey at 1 mg/kg, iv",A,CS(=O)(=O)Nc1ccc2c(c1)S(=O)(=O)N=C(C1=C(O)[C@@H]3[C@@H]([C@H]4CC[C@@H]3O4)N(Cc3ccc(F)cc3)C1=O)N2,6.3,mL.min-1.kg-1,species_only_monkey
3224043,CHEMBL1112201,CHEMBL1076413,CL,mL.min-1.kg-1,=,0.67,CHEMBL613847,Macaca fascicularis,"Clearance in cynomolgus monkey at 1 mg/kg, iv",A,Cc1cc(CN2C(=O)C(C3=NS(=O)(=O)c4cc(NS(C)(=O)=O)ccc4N3)=C(O)[C@@H]3[C@H]4CC[C@H](C4)[C@@H]32)ccc1F,0.67,mL.min-1.kg-1,species_only_monkey
3224044,CHEMBL1112201,CHEMBL1076409,CL,mL.min-1.kg-1,=,0.37,CHEMBL613847,Macaca fascicularis,"Clearance in cynomolgus monkey at 1 mg/kg, iv",A,CS(=O)(=O)Nc1ccc2c(c1)S(=O)(=O)N=C(C1=C(O)[C@@H]3[C@H]4CC[C@H](C4)[C@@H]3N(Cc3ccc(F)c(F)c3)C1=O)N2,0.37,mL.min-1.kg-1,species_only_monkey
3224433,CHEMBL1104182,CHEMBL1077831,CL,mL.min-1.kg-1,=,14.5,CHEMBL613847,Macaca fascicularis,"Clearance in cynomolgus monkey at 1 mg/kg, iv",A,CCS(=O)(=O)CCN(C(=O)Cc1ccc(F)c(C(F)(F)F)c1)[C@H](C)c1nc2ncccc2c(=O)n1-c1ccc(OCC(F)(F)F)cc1,14.5,mL.min-1.kg-1,species_only_monkey
3225140,CHEMBL1112206,CHEMBL1076264,CL,mL.min-1.kg-1,=,6.5,CHEMBL613847,Macaca fascicularis,"Clearance in cynomolgus monkey at 0.5 mg/kg, iv",A,CS(=O)(=O)Nc1ccc2c(c1)S(=O)(=O)N=C(C1=C(O)[C@H]3[C@@H]4CC[C@@H](C4)[C@H]3N(Cc3ccc(F)cc3)C1=O)N2,6.5,mL.min-1.kg-1,species_only_monkey
3225141,CHEMBL1112206,CHEMBL1076428,CL,mL.min-1.kg-1,=,5.7,CHEMBL613847,Macaca fascicularis,"Clearance in cynomolgus monkey at 0.5 mg/kg, iv",A,CS(=O)(=O)Nc1ccc2c(c1)S(=O)(=O)N=C(C1=C(O)[C@H]3[C@H]4CC[C@H](C4)[C@H]3N(Cc3ccc(F)cc3)C1=O)N2,5.7,mL.min-1.kg-1,species_only_monkey
3230523,CHEMBL1114074,CHEMBL1078231,CL,mL.min-1.kg-1,=,19.0,CHEMBL613847,Macaca fascicularis,"Clearance in cynomolgus monkey at 1 mg/kg, iv",A,CCCC[C@H]1CN(CC2CCOCC2)C(=O)OC12CCN(C1(C)CCN(C(=O)c3c(C)ncnc3C)CC1)CC2,19.0,mL.min-1.kg-1,species_only_monkey
3239506,CHEMBL1108015,CHEMBL1090467,CL,mL.min-1.kg-1,=,68.33,CHEMBL613847,Macaca fascicularis,Clearance in cynomolgus monkey,A,NC(=O)c1cccc2[nH]c(-c3ccc([C@@H]4CCCN4)cc3F)nc12,68.33,mL.min-1.kg-1,species_only_monkey
3239507,CHEMBL1108015,CHEMBL1089125,CL,mL.min-1.kg-1,=,36.67,CHEMBL613847,Macaca fascicularis,Clearance in cynomolgus monkey,A,NC(=O)c1cccc2nc(-c3ccc([C@@H]4CCCCN4)cc3F)[nH]c12,36.67,mL.min-1.kg-1,species_only_monkey
3244013,CHEMBL1117106,CHEMBL1089351,CL,mL.min-1.kg-1,=,29.0,CHEMBL614875,Macaca mulatta,Plasma clearance in rhesus monkey,A,CC(C)(C)C(=O)c1oc2nc(-c3ccc(Cl)cc3Cl)c(-c3ccc(Cl)cc3)cc2c1N,29.0,mL.min-1.kg-1,species_only_monkey
3244014,CHEMBL1117106,CHEMBL1092168,CL,mL.min-1.kg-1,=,2.8,CHEMBL614875,Macaca mulatta,Plasma clearance in rhesus monkey,A,CC(=O)Nc1c(C(=O)C(C)(C)O)oc2nc(-c3ccccc3Cl)c(-c3ccc(Cl)cc3)cc12,2.8,mL.min-1.kg-1,species_only_monkey
3244015,CHEMBL1117106,CHEMBL1092169,CL,mL.min-1.kg-1,=,2.1,CHEMBL614875,Macaca mulatta,Plasma clearance in rhesus monkey,A,CC(C)(O)C(=O)c1oc2nc(-c3ccccc3Cl)c(-c3ccc(Cl)cc3)cc2c1NC(=O)CO,2.1,mL.min-1.kg-1,species_only_monkey
3247390,CHEMBL1117158,CHEMBL1093304,CL,mL.min-1.kg-1,=,9.6,CHEMBL614875,Macaca mulatta,"Clearance in rhesus monkey at 0.5 mg/kg, iv and 2 mg/kg, po",A,CC(=O)NC(C)(C)[C@@H]1CC2(CCN(C(=O)[C@@H]3CN(C(C)(C)C)C[C@H]3c3ccc(F)cc3F)CC2)c2cc(Cl)c(C)cc21,9.6,mL.min-1.kg-1,species_only_monkey
3253431,CHEMBL1103503,CHEMBL1091874,CL,mL.min-1.kg-1,=,62.0,CHEMBL613847,Macaca fascicularis,Clearance in Cynomolgus monkey,A,CN[C@@H]1CCN(c2nc(N)nc3c2oc2ccc(Cl)cc23)C1,62.0,mL.min-1.kg-1,species_only_monkey
3254163,CHEMBL1115375,CHEMBL1089501,CL,mL.min-1.kg-1,=,8.9,CHEMBL613847,Macaca fascicularis,"Plasma clearance in cynomolgus monkey at 1 mg/kg, iv",A,COC(=O)N(CC(=O)O)Cc1cccc(OCc2nc(-c3ccc(Cl)cc3)oc2C)c1,8.9,mL.min-1.kg-1,species_only_monkey
3254685,CHEMBL1106144,CHEMBL1092838,CL,mL.min-1.kg-1,=,5.6,CHEMBL614875,Macaca mulatta,"Clearance in rhesus monkey at 2 mg/kg, po and 0.5 mg/kg, iv",A,CN1C(=O)NC(=O)[C@@]12Cc1cc3ccc(CN4CC5(C)CC(=O)Nc6cccc4c65)nc3cc1C2,5.6,mL.min-1.kg-1,species_only_monkey
3285056,CHEMBL1112970,CHEMBL1098554,CL,mL.min-1.kg-1,=,3.6,CHEMBL614875,Macaca mulatta,"Clearance in monkey at 0.25 mg/kg, iv and 2 mg/kg, po",A,O=c1ccn2c(-c3ccc(F)cc3F)cccc2c1-c1cc(-c2nnco2)ccc1F,3.6,mL.min-1.kg-1,species_only_monkey
3285068,CHEMBL1112970,CHEMBL1096192,CL,mL.min-1.kg-1,=,0.9,CHEMBL614875,Macaca mulatta,"Clearance in monkey at 0.25 mg/kg, iv and 2 mg/kg, po",A,Cc1nnc(-c2ccc(F)c(-c3c(=O)ccn4c(-c5ccc(F)cc5F)cccc34)c2)o1,0.9,mL.min-1.kg-1,species_only_monkey
3297047,CHEMBL1105733,CHEMBL1096182,CL,mL.min-1.kg-1,=,2.3,CHEMBL614875,Macaca mulatta,"Plasma clearance in rhesus monkey at 0.4 mg/kg, po",A,Cc1cc(C(=O)N[C@@H]2CC(C)(C)Oc3nc(-c4ccc(Cl)cc4Cl)c(-c4ccc(Cl)cc4)cc32)n[nH]1,2.3,mL.min-1.kg-1,species_only_monkey
3302201,CHEMBL1120147,CHEMBL203665,CL,mL.min-1.kg-1,=,11.7,CHEMBL613847,Macaca fascicularis,"Clearance in cynomolgus monkey at 1 to 2 mg/kg, iv by LC/MS/MS analysis",A,CC(C)C[C@H](NC(=O)c1cc2ccccc2o1)C(=O)N[C@H]1CC[C@@H](C)N(S(=O)(=O)c2ccccn2)CC1=O,11.7,mL.min-1.kg-1,species_only_monkey
3303411,CHEMBL1118508,CHEMBL1085289,CL,mL.min-1.kg-1,=,13.9,CHEMBL614875,Macaca mulatta,"Plasma clearance in monkey at 3 mg/kg, iv and 10 mg/kg, po",A,C1c2c(-c3nnn[nH]3)n[nH]c2[C@H]2C[C@@H]12,13.9,mL.min-1.kg-1,species_only_monkey
3304277,CHEMBL1120320,CHEMBL1084738,CL,mL.min-1.kg-1,=,8.833,CHEMBL613847,Macaca fascicularis,"Clearance in cynomolgus monkey at 0.5 mg/kg, iv",A,C[C@@H]1CN(C(=O)c2ccccc2)CCN1c1nnc(-c2ccc(C(F)(F)F)cc2)c2ccccc12,8.833,mL.min-1.kg-1,species_only_monkey
3305123,CHEMBL1117609,CHEMBL1083416,CL,mL.min-1.kg-1,=,0.13,CHEMBL614875,Macaca mulatta,"Plasma clearance in rhesus monkey at 0.1 mg/kg, iv and 1 mg/kg, po",A,NC(=O)c1ccccc1S(=O)(=O)c1ccc(/C=C/c2ccc(F)cc2F)cc1,0.13,mL.min-1.kg-1,species_only_monkey
3305126,CHEMBL1117609,CHEMBL1084976,CL,mL.min-1.kg-1,=,32.0,CHEMBL614875,Macaca mulatta,"Plasma clearance in rhesus monkey at 0.1 mg/kg, iv and 1 mg/kg, po",A,C[C@H](O)c1ccccc1S(=O)(=O)c1ccc(/C=C/c2ccc(F)cc2)cc1,32.0,mL.min-1.kg-1,species_only_monkey
3307044,CHEMBL1118546,CHEMBL1085107,CL,mL.min-1.kg-1,=,31.5,CHEMBL613847,Macaca fascicularis,"Clearance in cynomolgus monkey at 5 mg/kg, iv or 30 mg/kg, po",A,CC(C)[C@]1(C)SC(N[C@H]2C[C@@H]3CC[C@H]2C3)=NC1=O,31.5,mL.min-1.kg-1,species_only_monkey
3315757,CHEMBL1119613,CHEMBL1084617,CL,mL.min-1.kg-1,=,15.0,CHEMBL614875,Macaca mulatta,"Total clearance in monkey at 2 mg/kg, iv after 24 hrs by HPLC/MS/MS analysis",A,COc1cccc(C(=O)Nc2ccc(OCCN3CCOCC3)c(-c3ccnn3C)c2)c1,15.0,mL.min-1.kg-1,species_only_monkey
3316640,CHEMBL1119770,CHEMBL1085229,CL,mL.min-1.kg-1,=,39.0,CHEMBL613847,Macaca fascicularis,"Clearance in cynomolgus monkey at 1 mg/kg, iv",A,Cc1ncnc(C)c1C(=O)N1CCC(C)(N2CCC(N3C(=O)N(CC4CCOCC4)C[C@H]3c3ccccc3)CC2)CC1,39.0,mL.min-1.kg-1,species_only_monkey
3316646,CHEMBL1119770,CHEMBL1085227,CL,mL.min-1.kg-1,=,17.0,CHEMBL613847,Macaca fascicularis,"Clearance in cynomolgus monkey at 1 mg/kg, iv",A,Cc1cc(C#N)nc(C)c1C(=O)N1CCC(C)(N2CCC(N3C(=O)N(C4CCOCC4)CC3c3ccccc3)CC2)CC1,17.0,mL.min-1.kg-1,species_only_monkey
3369500,CHEMBL1177047,CHEMBL2021600,CL,mL.min-1.kg-1,=,3.62,CHEMBL613847,Macaca fascicularis,"Clearance in cynomolgus monkey at 0.5 mg/kg, iv",A,C[C@H](Oc1ccc(S(C)(=O)=O)cc1C(=O)N1CCN(c2ncc(C(F)(F)F)cc2F)CC1)C(C)(C)C,3.62,mL.min-1.kg-1,species_only_monkey
3388729,CHEMBL1216253,CHEMBL1269597,CL,mL.min-1.kg-1,=,0.47,CHEMBL614875,Macaca mulatta,"Systemic clearance in monkey at 1.4 mg/kg, iv after 24 hrs by LC/MS/MS analysis",A,C/C=C/C[C@@H](C)[C@@H](O)[C@H]1C(=O)N[C@@H](CC)C(=O)N(C)[C@H](SCCN(C)C)C(=O)N(C)[C@@H](CC(C)(C)O)C(=O)N[C@@H](C(C)C)C(=O)N(C)[C@@H](CC(C)C)C(=O)N[C@@H](C)C(=O)N[C@H](C)C(=O)N(C)[C@@H](CC(C)C)C(=O)N(C)[C@@H](CC(C)C)C(=O)N(C)[C@@H](C(C)C)C(=O)N1C,0.47,mL.min-1.kg-1,species_only_monkey
3388730,CHEMBL1216254,CHEMBL1269597,CL,mL.min-1.kg-1,=,0.5283,CHEMBL614875,Macaca mulatta,"Systemic clearance in monkey at 1 mg/kg, iv after 24 hrs by LC/MS/MS analysis",A,C/C=C/C[C@@H](C)[C@@H](O)[C@H]1C(=O)N[C@@H](CC)C(=O)N(C)[C@H](SCCN(C)C)C(=O)N(C)[C@@H](CC(C)(C)O)C(=O)N[C@@H](C(C)C)C(=O)N(C)[C@@H](CC(C)C)C(=O)N[C@@H](C)C(=O)N[C@H](C)C(=O)N(C)[C@@H](CC(C)C)C(=O)N(C)[C@@H](CC(C)C)C(=O)N(C)[C@@H](C(C)C)C(=O)N1C,0.5283,mL.min-1.kg-1,species_only_monkey
3399254,CHEMBL1219600,CHEMBL219046,CL,mL.min-1.kg-1,=,5.6,CHEMBL613847,Macaca fascicularis,"Clearance in cynomolgus monkey at 5 mg/kg, iv and po",A,O=C(O)c1c(O)c(Cc2ccc(Cl)cc2)nc2c3c(ccc12)CCCC3,5.6,mL.min-1.kg-1,species_only_monkey
3399255,CHEMBL1219600,CHEMBL1215851,CL,mL.min-1.kg-1,=,0.2,CHEMBL613847,Macaca fascicularis,"Clearance in cynomolgus monkey at 5 mg/kg, iv and po",A,O=C(O)c1c(O)c(C2(c3ccc(Cl)cc3)CC2)nc2c(C(F)(F)F)cccc12,0.2,mL.min-1.kg-1,species_only_monkey
3401554,CHEMBL1217420,CHEMBL1214399,CL,mL.min-1.kg-1,=,1.4,CHEMBL613847,Macaca fascicularis,"Blood clearance in cynomolgus monkey at 0.125 mg/kg, iv and 0.5 mg/kg, po",A,CC(C)S(=O)(=O)N[C@H]1Cc2ccc(-c3ccc(F)nc3)cc2C1,1.4,mL.min-1.kg-1,species_only_monkey
3404385,CHEMBL1217600,CHEMBL1214402,CL,mL.min-1.kg-1,=,2.8,CHEMBL614875,Macaca mulatta,"Clearance in rhesus monkey at 1 mg/kg, iv",A,NC(=O)c1cnc(-c2cnc3c(Nc4ccc(C(F)(F)F)cn4)ccnc3n2)c(C(F)(F)F)c1,2.8,mL.min-1.kg-1,species_only_monkey
3406760,CHEMBL1219150,CHEMBL1214946,CL,mL.min-1.kg-1,=,15.0,CHEMBL614875,Macaca mulatta,"Total clearance in monkey at 2 mg/kg, iv",A,Cn1cc(Cl)c(C(=O)N2CCN(CC(=O)c3ccc(F)cc3)CC2)n1,15.0,mL.min-1.kg-1,species_only_monkey
3423013,CHEMBL1227358,CHEMBL1221852,CL,mL.min-1.kg-1,=,5.5,CHEMBL613847,Macaca fascicularis,Clearance in cynomolgus monkey,A,CCS(=O)(=O)N1C[C@H](C(=O)Nc2ccc(Cl)cn2)[C@@H](C(=O)Nc2ccc(-n3ccccc3=O)cc2F)C1,5.5,mL.min-1.kg-1,species_only_monkey
3423014,CHEMBL1227358,CHEMBL1221913,CL,mL.min-1.kg-1,=,6.4,CHEMBL613847,Macaca fascicularis,Clearance in cynomolgus monkey,A,O=C(Nc1ccc(Cl)cn1)[C@H]1CN(CC(F)F)C[C@@H]1C(=O)Nc1ccc(-n2ccccc2=O)cc1F,6.4,mL.min-1.kg-1,species_only_monkey
3423015,CHEMBL1227358,CHEMBL1221915,CL,mL.min-1.kg-1,=,17.0,CHEMBL613847,Macaca fascicularis,Clearance in cynomolgus monkey,A,CC(C)N1C[C@H](C(=O)Nc2ccc(Cl)cn2)[C@@H](C(=O)Nc2ccc(-n3ccccc3=O)cc2F)C1,17.0,mL.min-1.kg-1,species_only_monkey
3423016,CHEMBL1227358,CHEMBL1221916,CL,mL.min-1.kg-1,=,1.8,CHEMBL613847,Macaca fascicularis,Clearance in cynomolgus monkey,A,COC(=O)N1C[C@H](C(=O)Nc2ccc(Cl)cn2)[C@@H](C(=O)Nc2ccc(-n3ccccc3=O)cc2F)C1,1.8,mL.min-1.kg-1,species_only_monkey
3425773,CHEMBL1225400,CHEMBL1222450,CL,mL.min-1.kg-1,=,23.0,CHEMBL614875,Macaca mulatta,Plasma clearance in monkey,A,O=C1Nc2ccc(F)c(F)c2C(CC(F)F)(c2ccc(F)cc2)N1CC(F)(F)F,23.0,mL.min-1.kg-1,species_only_monkey
3450494,CHEMBL1245106,CHEMBL4525964,CL,mL.min-1.kg-1,=,18.0,CHEMBL614875,Macaca mulatta,"Plasma clearance in rhesus monkey at 2 mg/kg, iv by LC/MS/MS analysis",A,CC[C@@H]1C[C@]1(NC(=O)[C@@H]1C[C@@H]2CN1C(=O)[C@H](C(C)(C)C)NC(=O)OCC(C)(C)CCCCc1cccc3c1CN(C3)C(=O)O2)C(=O)NS(=O)(=O)C1CC1,18.0,mL.min-1.kg-1,species_only_monkey
3453397,CHEMBL1245779,CHEMBL1242210,CL,mL.min-1.kg-1,=,5.8,CHEMBL614875,Macaca mulatta,"Clearance in monkey at 1 mg/kg, iv administered as single dose after 24 hrs by liquid chromatography-mass spectroscopy",A,CN1CCN(c2cccc3nc(CN(C)[C@H]4CCCc5cccnc54)c(CO)n23)CC1,5.8,mL.min-1.kg-1,species_only_monkey
3465177,CHEMBL1253090,CHEMBL1254945,CL,mL.min-1.kg-1,=,8.2,CHEMBL614875,Macaca mulatta,"Clearance in monkey at 1 mg/kg, iv",A,O=C(c1cccc(N2Cc3cccc(Cl)c3C2=O)c1)N1CCC2(CC1)CCN(c1ccncc1)CC2,8.2,mL.min-1.kg-1,species_only_monkey
3501820,CHEMBL1259425,CHEMBL1257505,CL,mL.min-1.kg-1,=,16.33,CHEMBL614875,Macaca mulatta,"Clearance in rhesus monkey at 1 mg/kg, iv",A,N#Cc1cc(F)cc(N2CCCc3oc(-c4ccccn4)nc3C2)c1,16.33,mL.min-1.kg-1,species_only_monkey
3515086,CHEMBL1273280,CHEMBL479863,CL,mL.min-1.kg-1,=,12.4,CHEMBL614875,Macaca mulatta,Clearance in monkey,A,CN1CCc2nc(C(=O)N[C@@H]3C[C@@H](C(=O)N(C)C)CC[C@@H]3NC(=O)c3cc4cc(Cl)ccc4[nH]3)sc2C1,12.4,mL.min-1.kg-1,species_only_monkey
3515127,CHEMBL1273280,CHEMBL364838,CL,mL.min-1.kg-1,=,4.167,CHEMBL614875,Macaca mulatta,Clearance in monkey,A,COC[C@@H](NC(=O)c1ccc(Cl)s1)C(=O)Nc1ccc(N2CCOCC2=O)c(C)c1,4.167,mL.min-1.kg-1,species_only_monkey
3515168,CHEMBL1273280,CHEMBL1095032,CL,mL.min-1.kg-1,=,11.8,CHEMBL614875,Macaca mulatta,Clearance in monkey,A,O=C([C@H](O)CS(=O)(=O)c1ccc2cc(Cl)ccc2c1)N1CCC(N2CCCNC2=O)CC1,11.8,mL.min-1.kg-1,species_only_monkey
3515208,CHEMBL1273280,CHEMBL512351,CL,mL.min-1.kg-1,=,18.7,CHEMBL614875,Macaca mulatta,Clearance in monkey,A,COc1ccc(NC(=O)c2ccc(C(=N)N(C)C)cc2)c(C(=O)Nc2ccc(Cl)cn2)c1,18.7,mL.min-1.kg-1,species_only_monkey
3519664,CHEMBL1273086,CHEMBL1222883,CL,mL.min-1.kg-1,=,17.0,CHEMBL614875,Macaca mulatta,"Clearance in monkey blood at 1 mg/kg, iv and 3 mg/kg, po",A,CN1C(=O)CC[C@H]1C(=O)NCc1cccc(C(F)(F)F)c1Cl,17.0,mL.min-1.kg-1,species_only_monkey
3519688,CHEMBL1273086,CHEMBL1269249,CL,mL.min-1.kg-1,=,7.0,CHEMBL614875,Macaca mulatta,"Clearance in monkey blood at 1 mg/kg, iv and 3 mg/kg, po",A,CN1C(=O)NC[C@H]1C(=O)NCc1ccc(Cl)cc1Cl,7.0,mL.min-1.kg-1,species_only_monkey
3596708,CHEMBL1292018,CHEMBL1288689,CL,mL.min-1.kg-1,=,30.0,CHEMBL614875,Macaca mulatta,Clearance in monkey at 1 mg/kg,A,CC(C)(O)C(=O)N1CCC(CCN2CCC(N(C(=O)NCc3ccc(C#N)cc3)c3cccc(F)c3)CC2)(c2cccc(F)c2)CC1,30.0,mL.min-1.kg-1,species_only_monkey
3600651,CHEMBL1291770,CHEMBL1289406,CL,mL.min-1.kg-1,=,7.167,CHEMBL613847,Macaca fascicularis,"Clearance in cynomolgus monkey at 0.5 mg/kg, iv",A,C[C@](O)(c1ccc(S(=O)(=O)c2ccc(-c3ccc(C#N)cc3)cc2Cl)cc1)C(F)(F)F,7.167,mL.min-1.kg-1,species_only_monkey
3604922,CHEMBL1292841,CHEMBL1287851,CL,mL.min-1.kg-1,=,216.67,CHEMBL614875,Macaca mulatta,"Clearance in monkey at 1 mg/kg, iv",A,COc1ccc2c(c1)C(=O)N(C[C@@]1(C#Cc3cccnc3)NC(=O)NC1=O)C2,216.67,mL.min-1.kg-1,species_only_monkey
5079139,CHEMBL1614679,CHEMBL275528,CL,mL.min-1.kg-1,=,37.0,CHEMBL612558,,Clearance in monkey after iv administration,A,c1ccc(C2(N3CCCCC3)CCCCC2)cc1,37.0,mL.min-1.kg-1,species_only_monkey
5079145,CHEMBL1614687,CHEMBL6966,CL,mL.min-1.kg-1,=,37.1,CHEMBL612558,,Clearance in monkey after iv administration,A,COc1ccc(CCN(C)CCCC(C#N)(c2ccc(OC)c(OC)c2)C(C)C)cc1OC,37.1,mL.min-1.kg-1,species_only_monkey
5079157,CHEMBL1614679,CHEMBL549,CL,mL.min-1.kg-1,=,39.0,CHEMBL612558,,Clearance in monkey after iv administration,A,CN(C)CCCC1(c2ccc(F)cc2)OCc2cc(C#N)ccc21,39.0,mL.min-1.kg-1,species_only_monkey
5079172,CHEMBL1614687,CHEMBL266510,CL,mL.min-1.kg-1,=,40.2,CHEMBL612558,,Clearance in monkey after iv administration,A,COc1ccc(Cl)cc1[C@]1(F)C(=O)Nc2cc(C(F)(F)F)ccc21,40.2,mL.min-1.kg-1,species_only_monkey
5079188,CHEMBL1614679,CHEMBL1614666,CL,mL.min-1.kg-1,=,43.0,CHEMBL612558,,Clearance in monkey after iv administration,A,COc1cccc2c1C(=O)c1cc3c(c(O)c1C2=O)C[C@@](O)(C(=O)CO)C[C@@H]3O[C@H]1CC(N)C(I)C(C)O1,43.0,mL.min-1.kg-1,species_only_monkey
5079194,CHEMBL1614687,CHEMBL631,CL,mL.min-1.kg-1,=,44.1,CHEMBL612558,,Clearance in monkey after iv administration,A,CCCNCC(O)COc1ccccc1C(=O)CCc1ccccc1,44.1,mL.min-1.kg-1,species_only_monkey
5079265,CHEMBL1614679,CHEMBL494,CL,mL.min-1.kg-1,=,58.0,CHEMBL612558,,Clearance in monkey after iv administration,A,CC#CCC(C)[C@H](O)/C=C/[C@@H]1[C@H]2C/C(=C/CCCC(=O)O)C[C@H]2C[C@H]1O,58.0,mL.min-1.kg-1,species_only_monkey
5079269,CHEMBL1614679,CHEMBL6622,CL,mL.min-1.kg-1,=,59.0,CHEMBL612558,,Clearance in monkey after iv administration,A,O=[N+]([O-])O[C@H]1CO[C@H]2[C@@H]1OC[C@H]2O[N+](=O)[O-],59.0,mL.min-1.kg-1,species_only_monkey
5079284,CHEMBL1614679,CHEMBL370805,CL,mL.min-1.kg-1,=,64.0,CHEMBL612558,,Clearance in monkey after iv administration,A,COC(=O)[C@H]1[C@@H](OC(=O)c2ccccc2)C[C@@H]2CC[C@H]1N2C,64.0,mL.min-1.kg-1,species_only_monkey
5079292,CHEMBL1614679,CHEMBL79,CL,mL.min-1.kg-1,=,66.0,CHEMBL612558,,Clearance in monkey after iv administration,A,CCN(CC)CC(=O)Nc1c(C)cccc1C,66.0,mL.min-1.kg-1,species_only_monkey
5079293,CHEMBL1614679,CHEMBL19019,CL,mL.min-1.kg-1,=,66.0,CHEMBL612558,,Clearance in monkey after iv administration,A,O=C1CC[C@@]2(O)[C@H]3Cc4ccc(O)c5c4[C@@]2(CCN3CC2CC2)[C@H]1O5,66.0,mL.min-1.kg-1,species_only_monkey
5079317,CHEMBL1614679,CHEMBL3037806,CL,mL.min-1.kg-1,=,77.0,CHEMBL612558,,Clearance in monkey after iv administration,A,O=C(OC1C[C@@H]2CC3C[C@@H](C1)N2CC3O)c1c[nH]c2ccccc12,77.0,mL.min-1.kg-1,species_only_monkey
5079588,CHEMBL1614679,CHEMBL267345,CL,mL.min-1.kg-1,=,0.1,CHEMBL612558,,Clearance in monkey after iv administration,A,C[C@@H]1[C@H](O)[C@@H](C)/C=C/C=C/C=C/C=C/C=C/C=C/C=C/[C@H](O[C@@H]2O[C@H](C)[C@@H](O)[C@H](N)[C@@H]2O)C[C@@H]2O[C@](O)(C[C@@H](O)C[C@@H](O)[C@H](O)CC[C@@H](O)C[C@@H](O)CC(=O)O[C@H]1C)C[C@H](O)[C@H]2C(=O)O,0.1,mL.min-1.kg-1,species_only_monkey
5079666,CHEMBL1614679,CHEMBL1464,CL,mL.min-1.kg-1,=,0.13,CHEMBL612558,,Clearance in monkey after iv administration,A,CC(=O)CC(c1ccccc1)c1c(O)c2ccccc2oc1=O,0.13,mL.min-1.kg-1,species_only_monkey
5079799,CHEMBL1614679,CHEMBL20634,CL,mL.min-1.kg-1,=,0.19,CHEMBL612558,,Clearance in monkey after iv administration,A,CN1C(C(=O)Nc2nccs2)=C(O)c2ccccc2S1(=O)=O,0.19,mL.min-1.kg-1,species_only_monkey
5080190,CHEMBL1614679,CHEMBL696,CL,mL.min-1.kg-1,=,0.33,CHEMBL612558,,Clearance in monkey after iv administration,A,CCC1(C)CC(=O)NC1=O,0.33,mL.min-1.kg-1,species_only_monkey
5080308,CHEMBL1614679,CHEMBL161,CL,mL.min-1.kg-1,=,0.45,CHEMBL612558,,Clearance in monkey after iv administration,A,CO/N=C(\C(=O)N[C@@H]1C(=O)N2C(C(=O)O)=C(CSc3nc(=O)c(O)nn3C)CS[C@H]12)c1csc(N)n1,0.45,mL.min-1.kg-1,species_only_monkey
5080379,CHEMBL1614679,CHEMBL1201204,CL,mL.min-1.kg-1,=,0.52,CHEMBL612558,,Clearance in monkey after iv administration,A,Cc1cc(O)c(C(=O)N[C@@H](C(=O)N[C@@H]2C(=O)N3C(C(=O)O)=C(CSc4nnnn4C)CS[C@H]23)c2ccc(O)cc2)cn1,0.52,mL.min-1.kg-1,species_only_monkey
5080457,CHEMBL1614679,CHEMBL469,CL,mL.min-1.kg-1,=,0.6,CHEMBL612558,,Clearance in monkey after iv administration,A,O=C(c1ccccc1)c1ccc2n1CCC2C(=O)O,0.6,mL.min-1.kg-1,species_only_monkey
5080479,CHEMBL1614679,CHEMBL154,CL,mL.min-1.kg-1,=,0.61,CHEMBL612558,,Clearance in monkey after iv administration,A,COc1ccc2cc([C@H](C)C(=O)O)ccc2c1,0.61,mL.min-1.kg-1,species_only_monkey
5080669,CHEMBL1614679,CHEMBL53624,CL,mL.min-1.kg-1,=,0.78,CHEMBL612558,,Clearance in monkey after iv administration,A,Nc1nc(/C(=N/O)C(=O)N[C@@H]2C(=O)N3C(C(=O)O)=C(/C=C4\CCN(CC(F)(F)F)C4=O)CS[C@H]23)cs1,0.78,mL.min-1.kg-1,species_only_monkey
5080726,CHEMBL1614679,CHEMBL1350,CL,mL.min-1.kg-1,=,0.83,CHEMBL612558,,Clearance in monkey after iv administration,A,O=P(O)(O)C(Sc1ccc(Cl)cc1)P(=O)(O)O,0.83,mL.min-1.kg-1,species_only_monkey
5080857,CHEMBL1614679,CHEMBL507674,CL,mL.min-1.kg-1,=,0.96,CHEMBL612558,,Clearance in monkey after iv administration,A,CCN1CCN(C(=O)N[C@@H](C(=O)N[C@@H]2C(=O)N3C(C(=O)O)=C(CSc4nnnn4C)CS[C@H]23)c2ccc(O)cc2)C(=O)C1=O,0.96,mL.min-1.kg-1,species_only_monkey
5080939,CHEMBL1614679,CHEMBL607,CL,mL.min-1.kg-1,=,1.0,CHEMBL612558,,Clearance in monkey after iv administration,A,CCOC(=O)C1(c2ccccc2)CCN(C)CC1,1.0,mL.min-1.kg-1,species_only_monkey
5081048,CHEMBL1614679,CHEMBL2303613,CL,mL.min-1.kg-1,=,1.2,CHEMBL612558,,Clearance in monkey after iv administration,A,CO/N=C(\C(=O)N[C@@H]1C(=O)N2C(C(=O)O)=C(CSc3nc(C)c(CC(=O)O)s3)CS[C@H]12)c1csc(N)n1,1.2,mL.min-1.kg-1,species_only_monkey
5081348,CHEMBL1614679,CHEMBL695,CL,mL.min-1.kg-1,=,1.6,CHEMBL612558,,Clearance in monkey after iv administration,A,CN1C(=O)OC(C)(C)C1=O,1.6,mL.min-1.kg-1,species_only_monkey
5081360,CHEMBL1614679,CHEMBL474579,CL,mL.min-1.kg-1,=,1.7,CHEMBL612558,,Clearance in monkey after iv administration,A,CO[C@@]1(NC(=O)C2SC(=C(C(N)=O)C(=O)O)S2)C(=O)N2C(C(=O)O)=C(CSc3nnnn3C)CS[C@@H]21,1.7,mL.min-1.kg-1,species_only_monkey
5081396,CHEMBL1614679,CHEMBL186,CL,mL.min-1.kg-1,=,1.8,CHEMBL612558,,Clearance in monkey after iv administration,A,CO/N=C(\C(=O)N[C@@H]1C(=O)N2C(C(=O)[O-])=C(C[N+]3(C)CCCC3)CS[C@H]12)c1csc(N)n1,1.8,mL.min-1.kg-1,species_only_monkey
5081459,CHEMBL1614679,CHEMBL1435,CL,mL.min-1.kg-1,=,1.9,CHEMBL612558,,Clearance in monkey after iv administration,A,Cc1nnc(SCC2=C(C(=O)O)N3C(=O)[C@@H](NC(=O)Cn4cnnn4)[C@H]3SC2)s1,1.9,mL.min-1.kg-1,species_only_monkey
5081498,CHEMBL1614679,CHEMBL1276663,CL,mL.min-1.kg-1,=,1.9,CHEMBL612558,,Clearance in monkey after iv administration,A,CO/N=C(\C(=O)N[C@@H]1C(=O)N2C(C(=O)[O-])=C(C[n+]3ccn4ncccc43)CS[C@H]12)c1nsc(N)n1,1.9,mL.min-1.kg-1,species_only_monkey
5081499,CHEMBL1614679,CHEMBL15177,CL,mL.min-1.kg-1,=,1.9,CHEMBL612558,,Clearance in monkey after iv administration,A,CN(C)C(=O)CCSC(SCCC(=O)O)c1cccc(/C=C/c2ccc3ccc(Cl)cc3n2)c1,1.9,mL.min-1.kg-1,species_only_monkey
5081551,CHEMBL1614679,CHEMBL1200357,CL,mL.min-1.kg-1,=,2.0,CHEMBL612558,,Clearance in monkey after iv administration,A,CO[C@@]1(NC(=O)C(C(=O)[O-])c2ccc(O)cc2)C(=O)N2C(C(=O)[O-])=C(CSc3nnnn3C)CO[C@@H]21.[Na+].[Na+],2.0,mL.min-1.kg-1,species_only_monkey
5081552,CHEMBL1614679,CHEMBL1614646,CL,mL.min-1.kg-1,=,2.0,CHEMBL612558,,Clearance in monkey after iv administration,A,Cc1cccnc1NS(=O)(=O)c1ccc(C#Cc2ccc(O)c(C(=O)O)c2)cc1,2.0,mL.min-1.kg-1,species_only_monkey
5081791,CHEMBL1614679,CHEMBL940,CL,mL.min-1.kg-1,=,2.6,CHEMBL612558,,Clearance in monkey after iv administration,A,NCC1(CC(=O)O)CCCCC1,2.6,mL.min-1.kg-1,species_only_monkey
5081796,CHEMBL1614679,CHEMBL108111,CL,mL.min-1.kg-1,=,2.6,CHEMBL612558,,Clearance in monkey after iv administration,A,N=C(N)c1ccc(C(=O)N[C@@H](Cc2ccc(O)cc2)C(=O)N2CCC(OCC(=O)O)CC2)cc1,2.6,mL.min-1.kg-1,species_only_monkey
5081869,CHEMBL1614679,CHEMBL35,CL,mL.min-1.kg-1,=,2.9,CHEMBL612558,,Clearance in monkey after iv administration,A,NS(=O)(=O)c1cc(C(=O)O)c(NCc2ccco2)cc1Cl,2.9,mL.min-1.kg-1,species_only_monkey
5081917,CHEMBL1614679,CHEMBL113,CL,mL.min-1.kg-1,=,3.1,CHEMBL612558,,Clearance in monkey after iv administration,A,Cn1c(=O)c2c(ncn2C)n(C)c1=O,3.1,mL.min-1.kg-1,species_only_monkey
5081943,CHEMBL1614679,CHEMBL265325,CL,mL.min-1.kg-1,=,3.1,CHEMBL612558,,Clearance in monkey after iv administration,A,NC1(C(=O)O)CC1,3.1,mL.min-1.kg-1,species_only_monkey
5081969,CHEMBL1614679,CHEMBL1628161,CL,mL.min-1.kg-1,=,3.2,CHEMBL612558,,Clearance in monkey after iv administration,A,C#C[C@]1(O)CC[C@H]2[C@@H]3CCc4cc(O)ccc4[C@H]3[C@@H](OC)C[C@@]21C,3.2,mL.min-1.kg-1,species_only_monkey
5081972,CHEMBL1614679,CHEMBL1231101,CL,mL.min-1.kg-1,=,3.3,CHEMBL612558,,Clearance in monkey after iv administration,A,N[C@H](C(=O)O)[C@@H]1CC(Cl)=NO1,3.3,mL.min-1.kg-1,species_only_monkey
5082029,CHEMBL1614679,CHEMBL1614665,CL,mL.min-1.kg-1,=,3.4,CHEMBL612558,,Clearance in monkey after iv administration,A,CO/N=C(\C(=O)N[C@@H]1C(=O)N2C(C(=O)[O-])=C(C[N+]34CCC(C(N)=O)(CC3)CC4)CS[C@H]12)c1nsc(N)n1,3.4,mL.min-1.kg-1,species_only_monkey
5082030,CHEMBL1614687,CHEMBL215303,CL,mL.min-1.kg-1,=,3.4,CHEMBL612558,,Clearance in monkey after iv administration,A,C[C@H]1NCc2cc(-c3ccc4c(=O)c(C(=O)O)cn(C5CC5)c4c3OC(F)F)ccc21,3.4,mL.min-1.kg-1,species_only_monkey
5082047,CHEMBL1614679,CHEMBL108358,CL,mL.min-1.kg-1,=,3.5,CHEMBL612558,,Clearance in monkey after iv administration,A,NC(=O)c1csc([C@@H]2O[C@H](CO)[C@@H](O)[C@H]2O)n1,3.5,mL.min-1.kg-1,species_only_monkey
5082100,CHEMBL1614679,CHEMBL504802,CL,mL.min-1.kg-1,=,3.7,CHEMBL612558,,Clearance in monkey after iv administration,A,O=C(O)C[C@H](NC(=O)CP(=O)(O)O)C(=O)O,3.7,mL.min-1.kg-1,species_only_monkey
5082104,CHEMBL1614679,CHEMBL1201195,CL,mL.min-1.kg-1,=,3.8,CHEMBL612558,,Clearance in monkey after iv administration,A,CO[C@@]1(NC(=O)CSCC#N)C(=O)N2C(C(=O)O)=C(CSc3nnnn3C)CS[C@@H]21,3.8,mL.min-1.kg-1,species_only_monkey
5082158,CHEMBL1614679,CHEMBL6273,CL,mL.min-1.kg-1,=,4.0,CHEMBL612558,,Clearance in monkey after iv administration,A,CN1CCN(c2c(F)cc3c(=O)c(C(=O)O)cn(CCF)c3c2F)CC1,4.0,mL.min-1.kg-1,species_only_monkey
5082175,CHEMBL1614679,CHEMBL109,CL,mL.min-1.kg-1,=,4.0,CHEMBL612558,,Clearance in monkey after iv administration,A,CCCC(CCC)C(=O)O,4.0,mL.min-1.kg-1,species_only_monkey
5082232,CHEMBL1614679,CHEMBL277474,CL,mL.min-1.kg-1,=,4.4,CHEMBL612558,,Clearance in monkey after iv administration,A,Cc1cc(=O)n(-c2ccccc2)n1C,4.4,mL.min-1.kg-1,species_only_monkey
5082248,CHEMBL1614679,CHEMBL44793,CL,mL.min-1.kg-1,=,4.4,CHEMBL612558,,Clearance in monkey after iv administration,A,O=C(/C=C/c1c(C(=O)O)[nH]c2cc(Cl)cc(Cl)c12)Nc1ccccc1,4.4,mL.min-1.kg-1,species_only_monkey
5082287,CHEMBL1614679,CHEMBL8,CL,mL.min-1.kg-1,=,4.7,CHEMBL612558,,Clearance in monkey after iv administration,A,O=C(O)c1cn(C2CC2)c2cc(N3CCNCC3)c(F)cc2c1=O,4.7,mL.min-1.kg-1,species_only_monkey
5082299,CHEMBL1614679,CHEMBL70088,CL,mL.min-1.kg-1,=,4.7,CHEMBL612558,,Clearance in monkey after iv administration,A,C[C@@H](O)[C@H]1C(=O)N2C(C(=O)O)=C(COC(N)=O)S[C@H]12,4.7,mL.min-1.kg-1,species_only_monkey
5082319,CHEMBL1614679,CHEMBL90555,CL,mL.min-1.kg-1,=,4.8,CHEMBL612558,,Clearance in monkey after iv administration,A,CC[C@]1(O)C[C@H]2CN(CCc3c([nH]c4ccccc34)[C@@](C(=O)OC)(c3cc4c(cc3OC)N(C=O)[C@H]3[C@@](O)(C(=O)OC)[C@H](OC(C)=O)[C@]5(CC)C=CCN6CC[C@]43[C@@H]65)C2)C1,4.8,mL.min-1.kg-1,species_only_monkey
5082341,CHEMBL1614679,CHEMBL158,CL,mL.min-1.kg-1,=,5.0,CHEMBL612558,,Clearance in monkey after iv administration,A,C[C@H]1[C@H](NC(=O)/C(=N\OC(C)(C)C(=O)O)c2csc(N)n2)C(=O)N1S(=O)(=O)O,5.0,mL.min-1.kg-1,species_only_monkey
5082349,CHEMBL1614679,CHEMBL432103,CL,mL.min-1.kg-1,=,5.0,CHEMBL612558,,Clearance in monkey after iv administration,A,CC1CCCC(C)N1CCCC(O)(c1ccccc1)c1ccccn1,5.0,mL.min-1.kg-1,species_only_monkey
5082392,CHEMBL1614679,CHEMBL285347,CL,mL.min-1.kg-1,=,5.3,CHEMBL612558,,Clearance in monkey after iv administration,A,C[C@@H](O)[C@H]1C(=O)N2C(C(=O)[O-])=C(SC3Cn4cnc[n+]4C3)[C@H](C)[C@H]12,5.3,mL.min-1.kg-1,species_only_monkey
5082419,CHEMBL1614679,CHEMBL306713,CL,mL.min-1.kg-1,=,5.4,CHEMBL612558,,Clearance in monkey after iv administration,A,C[C@@H](O)[C@H]1C(=O)N2C(C(=O)O)=C(SCCOC(N)=O)S[C@H]12,5.4,mL.min-1.kg-1,species_only_monkey
5082473,CHEMBL1614679,CHEMBL528,CL,mL.min-1.kg-1,=,5.9,CHEMBL612558,,Clearance in monkey after iv administration,A,CO/N=C(\C(=O)N[C@@H]1C(=O)N2C(C(=O)O)=CCS[C@H]12)c1csc(N)n1,5.9,mL.min-1.kg-1,species_only_monkey
5082544,CHEMBL1614679,CHEMBL339323,CL,mL.min-1.kg-1,=,6.5,CHEMBL612558,,Clearance in monkey after iv administration,A,CC(=N)N1CC[C@H](SC2=C(C(=O)O)N3C(=O)[C@H]([C@@H](C)O)[C@H]3C2)C1,6.5,mL.min-1.kg-1,species_only_monkey
5082617,CHEMBL1614679,CHEMBL127,CL,mL.min-1.kg-1,=,7.0,CHEMBL612558,,Clearance in monkey after iv administration,A,C[C@@H](O)[C@H]1C(=O)N2C(C(=O)O)=C(S[C@@H]3CN[C@H](C(=O)N(C)C)C3)[C@H](C)[C@H]12,7.0,mL.min-1.kg-1,species_only_monkey
5082623,CHEMBL1614679,CHEMBL159,CL,mL.min-1.kg-1,=,7.0,CHEMBL612558,,Clearance in monkey after iv administration,A,CC[C@]1(O)C[C@@H]2CN(CCc3c([nH]c4ccccc34)[C@@](C(=O)OC)(c3cc4c(cc3OC)N(C)[C@H]3[C@@](O)(C(=O)OC)[C@H](OC(C)=O)[C@]5(CC)C=CCN6CC[C@]43[C@@H]65)C2)C1,7.0,mL.min-1.kg-1,species_only_monkey
5082637,CHEMBL1614679,CHEMBL428,CL,mL.min-1.kg-1,=,7.2,CHEMBL612558,,Clearance in monkey after iv administration,A,N[C@@H]1[C@H]2CN(c3nc4c(cc3F)c(=O)c(C(=O)O)cn4-c3ccc(F)cc3F)C[C@@H]12,7.2,mL.min-1.kg-1,species_only_monkey
5082666,CHEMBL1614687,CHEMBL4,CL,mL.min-1.kg-1,=,7.5,CHEMBL612558,,Clearance in monkey after iv administration,A,CC1COc2c(N3CCN(C)CC3)c(F)cc3c(=O)c(C(=O)O)cn1c23,7.5,mL.min-1.kg-1,species_only_monkey
5082695,CHEMBL1614687,CHEMBL54,CL,mL.min-1.kg-1,=,7.8,CHEMBL612558,,Clearance in monkey after iv administration,A,O=C(CCCN1CCC(O)(c2ccc(Cl)cc2)CC1)c1ccc(F)cc1,7.8,mL.min-1.kg-1,species_only_monkey
5082705,CHEMBL1614679,CHEMBL1231530,CL,mL.min-1.kg-1,=,7.9,CHEMBL612558,,Clearance in monkey after iv administration,A,O=C(O)CCNC(=O)c1ccccc1,7.9,mL.min-1.kg-1,species_only_monkey
5082714,CHEMBL1614679,CHEMBL16,CL,mL.min-1.kg-1,=,7.9,CHEMBL612558,,Clearance in monkey after iv administration,A,O=C1NC(=O)C(c2ccccc2)(c2ccccc2)N1,7.9,mL.min-1.kg-1,species_only_monkey
5082719,CHEMBL1614679,CHEMBL34259,CL,mL.min-1.kg-1,=,8.0,CHEMBL612558,,Clearance in monkey after iv administration,A,CN(Cc1cnc2nc(N)nc(N)c2n1)c1ccc(C(=O)N[C@@H](CCC(=O)O)C(=O)O)cc1,8.0,mL.min-1.kg-1,species_only_monkey
5082723,CHEMBL1614679,CHEMBL15413,CL,mL.min-1.kg-1,=,8.0,CHEMBL612558,,Clearance in monkey after iv administration,A,CO[C@@]1(NC(=O)CSC(F)F)C(=O)N2C(C(=O)O)=C(CSc3nnnn3CCO)CO[C@@H]21,8.0,mL.min-1.kg-1,species_only_monkey
5082751,CHEMBL1614679,CHEMBL408,CL,mL.min-1.kg-1,=,8.3,CHEMBL612558,,Clearance in monkey after iv administration,A,Cc1c(C)c2c(c(C)c1O)CCC(C)(COc1ccc(CC3SC(=O)NC3=O)cc1)O2,8.3,mL.min-1.kg-1,species_only_monkey
5082756,CHEMBL1614679,CHEMBL184,CL,mL.min-1.kg-1,=,8.4,CHEMBL612558,,Clearance in monkey after iv administration,A,Nc1nc2c(ncn2COCCO)c(=O)[nH]1,8.4,mL.min-1.kg-1,species_only_monkey
5082772,CHEMBL1614679,CHEMBL385181,CL,mL.min-1.kg-1,=,8.6,CHEMBL612558,,Clearance in monkey after iv administration,A,NC(=O)c1cc[n+](COC[n+]2ccccc2/C=N/O)cc1,8.6,mL.min-1.kg-1,species_only_monkey
5082775,CHEMBL1614679,CHEMBL139,CL,mL.min-1.kg-1,=,8.7,CHEMBL612558,,Clearance in monkey after iv administration,A,O=C(O)Cc1ccccc1Nc1c(Cl)cccc1Cl,8.7,mL.min-1.kg-1,species_only_monkey
5082804,CHEMBL1614687,CHEMBL145085,CL,mL.min-1.kg-1,=,9.0,CHEMBL612558,,Clearance in monkey after iv administration,A,COc1ccc([C@H](CC(=O)O)N2CCN(CCCc3ccc4c(n3)NCCC4)C2=O)cn1,9.0,mL.min-1.kg-1,species_only_monkey
5082914,CHEMBL1614687,CHEMBL193,CL,mL.min-1.kg-1,=,10.0,CHEMBL612558,,Clearance in monkey after iv administration,A,COC(=O)C1=C(C)NC(C)=C(C(=O)OC)C1c1ccccc1[N+](=O)[O-],10.0,mL.min-1.kg-1,species_only_monkey
5082929,CHEMBL1614687,CHEMBL633,CL,mL.min-1.kg-1,=,10.7,CHEMBL612558,,Clearance in monkey after iv administration,A,CCCCc1oc2ccccc2c1C(=O)c1cc(I)c(OCCN(CC)CC)c(I)c1,10.7,mL.min-1.kg-1,species_only_monkey
5082963,CHEMBL1614679,CHEMBL481,CL,mL.min-1.kg-1,=,11.0,CHEMBL612558,,Clearance in monkey after iv administration,A,CCc1c2c(nc3ccc(OC(=O)N4CCC(N5CCCCC5)CC4)cc13)-c1cc3c(c(=O)n1C2)COC(=O)[C@]3(O)CC,11.0,mL.min-1.kg-1,species_only_monkey
5082999,CHEMBL1614679,CHEMBL1311,CL,mL.min-1.kg-1,=,11.0,CHEMBL612558,,Clearance in monkey after iv administration,A,O=[N+]([O-])O[C@@H]1CO[C@H]2[C@@H]1OC[C@@H]2O,11.0,mL.min-1.kg-1,species_only_monkey
5083007,CHEMBL1614687,CHEMBL22242,CL,mL.min-1.kg-1,=,11.8,CHEMBL612558,,Clearance in monkey after iv administration,A,CCN1CCC[C@H]1CNC(=O)c1c(OC)ccc(Br)c1OC,11.8,mL.min-1.kg-1,species_only_monkey
5083024,CHEMBL1614679,CHEMBL1460,CL,mL.min-1.kg-1,=,12.0,CHEMBL612558,,Clearance in monkey after iv administration,A,O=c1[nH]cnc2c1ncn2[C@H]1CC[C@@H](CO)O1,12.0,mL.min-1.kg-1,species_only_monkey
5083047,CHEMBL1614679,CHEMBL32,CL,mL.min-1.kg-1,=,12.0,CHEMBL612558,,Clearance in monkey after iv administration,A,COc1c(N2C[C@@H]3CCCN[C@@H]3C2)c(F)cc2c(=O)c(C(=O)O)cn(C3CC3)c12,12.0,mL.min-1.kg-1,species_only_monkey
5083096,CHEMBL1614679,CHEMBL6,CL,mL.min-1.kg-1,=,13.0,CHEMBL612558,,Clearance in monkey after iv administration,A,COc1ccc2c(c1)c(CC(=O)O)c(C)n2C(=O)c1ccc(Cl)cc1,13.0,mL.min-1.kg-1,species_only_monkey
5083097,CHEMBL1614679,CHEMBL141,CL,mL.min-1.kg-1,=,13.0,CHEMBL612558,,Clearance in monkey after iv administration,A,Nc1ccn([C@@H]2CS[C@H](CO)O2)c(=O)n1,13.0,mL.min-1.kg-1,species_only_monkey
5083105,CHEMBL1614679,CHEMBL635,CL,mL.min-1.kg-1,=,13.0,CHEMBL612558,,Clearance in monkey after iv administration,A,C[C@]12C=CC(=O)C=C1CC[C@@H]1[C@@H]2C(=O)C[C@@]2(C)[C@H]1CC[C@]2(O)C(=O)CO,13.0,mL.min-1.kg-1,species_only_monkey
5083106,CHEMBL1614679,CHEMBL1294,CL,mL.min-1.kg-1,=,13.0,CHEMBL612558,,Clearance in monkey after iv administration,A,C=C[C@H]1CN2CC[C@H]1C[C@@H]2[C@@H](O)c1ccnc2ccc(OC)cc12,13.0,mL.min-1.kg-1,species_only_monkey
5083115,CHEMBL1614679,CHEMBL17125,CL,mL.min-1.kg-1,=,13.0,CHEMBL612558,,Clearance in monkey after iv administration,A,Cc1nc(=O)c(C#N)c(NCc2cccnc2)[nH]1,13.0,mL.min-1.kg-1,species_only_monkey
5083119,CHEMBL1614679,CHEMBL6231,CL,mL.min-1.kg-1,=,13.5,CHEMBL612558,,Clearance in monkey after iv administration,A,CNn1cc(C(=O)O)c(=O)c2cc(F)c(N3CCN(C)CC3)cc21,13.5,mL.min-1.kg-1,species_only_monkey
5083128,CHEMBL1614679,CHEMBL452,CL,mL.min-1.kg-1,=,14.0,CHEMBL612558,,Clearance in monkey after iv administration,A,O=C1CN=C(c2ccccc2Cl)c2cc([N+](=O)[O-])ccc2N1,14.0,mL.min-1.kg-1,species_only_monkey
5083138,CHEMBL1614679,CHEMBL532,CL,mL.min-1.kg-1,=,14.0,CHEMBL612558,,Clearance in monkey after iv administration,A,CC[C@H]1OC(=O)[C@H](C)[C@@H](O[C@H]2C[C@@](C)(OC)[C@@H](O)[C@H](C)O2)[C@H](C)[C@@H](O[C@@H]2O[C@H](C)C[C@H](N(C)C)[C@H]2O)[C@](C)(O)C[C@@H](C)C(=O)[C@H](C)[C@@H](O)[C@]1(C)O,14.0,mL.min-1.kg-1,species_only_monkey
5083148,CHEMBL1614679,CHEMBL3,CL,mL.min-1.kg-1,=,14.0,CHEMBL612558,,Clearance in monkey after iv administration,A,CN1CCC[C@H]1c1cccnc1,14.0,mL.min-1.kg-1,species_only_monkey
5083158,CHEMBL1614679,CHEMBL27,CL,mL.min-1.kg-1,=,14.0,CHEMBL612558,,Clearance in monkey after iv administration,A,CC(C)NCC(O)COc1cccc2ccccc12,14.0,mL.min-1.kg-1,species_only_monkey
5083205,CHEMBL1614679,CHEMBL129,CL,mL.min-1.kg-1,=,15.0,CHEMBL612558,,Clearance in monkey after iv administration,A,Cc1cn([C@H]2C[C@H](N=[N+]=[N-])[C@@H](CO)O2)c(=O)[nH]c1=O,15.0,mL.min-1.kg-1,species_only_monkey
5083210,CHEMBL1614687,CHEMBL1480,CL,mL.min-1.kg-1,=,15.7,CHEMBL612558,,Clearance in monkey after iv administration,A,CCOC(=O)C1=C(C)NC(C)=C(C(=O)OC)C1c1cccc(Cl)c1Cl,15.7,mL.min-1.kg-1,species_only_monkey
5083230,CHEMBL1614679,CHEMBL325166,CL,mL.min-1.kg-1,=,16.0,CHEMBL612558,,Clearance in monkey after iv administration,A,N=C(N)N1CCC[C@@H](CNC(=O)C[C@H](NS(=O)(=O)c2ccc3ccccc3c2)C(=O)N(CC(=O)O)C2CC2)C1,16.0,mL.min-1.kg-1,species_only_monkey
5083246,CHEMBL1614679,CHEMBL286259,CL,mL.min-1.kg-1,=,16.4,CHEMBL612558,,Clearance in monkey after iv administration,A,CC1=NC(=O)C(CCN(C(C)C)C(C)C)(c2ccccc2)C2CCCCN12,16.4,mL.min-1.kg-1,species_only_monkey
5083262,CHEMBL1614679,CHEMBL691,CL,mL.min-1.kg-1,=,17.0,CHEMBL612558,,Clearance in monkey after iv administration,A,C#C[C@]1(O)CC[C@H]2[C@@H]3CCc4cc(O)ccc4[C@H]3CC[C@@]21C,17.0,mL.min-1.kg-1,species_only_monkey
5083267,CHEMBL1614679,CHEMBL1009,CL,mL.min-1.kg-1,=,17.0,CHEMBL612558,,Clearance in monkey after iv administration,A,N[C@@H](Cc1ccc(O)c(O)c1)C(=O)O,17.0,mL.min-1.kg-1,species_only_monkey
5083280,CHEMBL1614679,CHEMBL13878,CL,mL.min-1.kg-1,=,17.0,CHEMBL612558,,Clearance in monkey after iv administration,A,C#CCCCC(=O)c1cc(C(C)(C)C)c(O)c(C(C)(C)C)c1,17.0,mL.min-1.kg-1,species_only_monkey
5083309,CHEMBL1614679,CHEMBL1560,CL,mL.min-1.kg-1,=,19.0,CHEMBL612558,,Clearance in monkey after iv administration,A,C[C@H](CS)C(=O)N1CCC[C@H]1C(=O)O,19.0,mL.min-1.kg-1,species_only_monkey
5083311,CHEMBL1614679,CHEMBL517,CL,mL.min-1.kg-1,=,19.0,CHEMBL612558,,Clearance in monkey after iv administration,A,CC(C)N(CCC(C(N)=O)(c1ccccc1)c1ccccn1)C(C)C,19.0,mL.min-1.kg-1,species_only_monkey
5083313,CHEMBL1614679,CHEMBL3301673,CL,mL.min-1.kg-1,=,19.0,CHEMBL612558,,Clearance in monkey after iv administration,A,CCCCCNC(=O)c1coc([C@H]2[C@@H](Cc3ccccc3CCC(=O)O)[C@@H]3CC[C@H]2O3)n1,19.0,mL.min-1.kg-1,species_only_monkey
5083324,CHEMBL1614679,CHEMBL1512,CL,mL.min-1.kg-1,=,19.0,CHEMBL612558,,Clearance in monkey after iv administration,A,CC1(C)O[C@@H]2C[C@H]3[C@@H]4C[C@H](F)C5=CC(=O)C=C[C@]5(C)[C@H]4[C@@H](O)C[C@]3(C)[C@]2(C(=O)CO)O1,19.0,mL.min-1.kg-1,species_only_monkey
5083330,CHEMBL1614679,CHEMBL88,CL,mL.min-1.kg-1,=,20.0,CHEMBL612558,,Clearance in monkey after iv administration,A,O=P1(N(CCCl)CCCl)NCCCO1,20.0,mL.min-1.kg-1,species_only_monkey
5083347,CHEMBL1614679,CHEMBL31601,CL,mL.min-1.kg-1,=,20.0,CHEMBL612558,,Clearance in monkey after iv administration,A,CC(C)(C)S(=O)(=O)C[C@@H](Cc1ccccc1)C(=O)N[C@@H](Cc1c[nH]cn1)C(=O)N[C@@H](CC1CCCCC1)[C@@H](O)[C@@H](O)C1CC1,20.0,mL.min-1.kg-1,species_only_monkey
5083364,CHEMBL1614687,CHEMBL1101,CL,mL.min-1.kg-1,=,21.9,CHEMBL612558,,Clearance in monkey after iv administration,A,OC(CCN1CCCCC1)(c1ccccc1)C1CC2C=CC1C2,21.9,mL.min-1.kg-1,species_only_monkey
5083387,CHEMBL1614679,CHEMBL1614669,CL,mL.min-1.kg-1,=,22.0,CHEMBL612558,,Clearance in monkey after iv administration,A,Cn1cc(/C=C2/C(=O)N3C(C(=O)O)=CS[C@H]23)nn1,22.0,mL.min-1.kg-1,species_only_monkey
5083410,CHEMBL1614687,CHEMBL553025,CL,mL.min-1.kg-1,=,23.6,CHEMBL612558,,Clearance in monkey after iv administration,A,CCC1=C[C@@H]2CN(C1)Cc1c([nH]c3ccccc13)[C@@](C(=O)OC)(c1cc3c(cc1OC)N(C)[C@H]1[C@@](O)(C(=O)OC)[C@H](OC(C)=O)[C@]4(CC)C=CCN5CC[C@]31[C@@H]54)C2,23.6,mL.min-1.kg-1,species_only_monkey
5083427,CHEMBL1614679,CHEMBL634,CL,mL.min-1.kg-1,=,24.0,CHEMBL612558,,Clearance in monkey after iv administration,A,CCC(=O)N(c1ccccc1)C1(COC)CCN(CCn2nnn(CC)c2=O)CC1,24.0,mL.min-1.kg-1,species_only_monkey
5083428,CHEMBL1614687,CHEMBL655,CL,mL.min-1.kg-1,=,24.2,CHEMBL612558,,Clearance in monkey after iv administration,A,Cc1ncc2n1-c1ccc(Cl)cc1C(c1ccccc1F)=NC2,24.2,mL.min-1.kg-1,species_only_monkey
5083429,CHEMBL1614687,CHEMBL1276308,CL,mL.min-1.kg-1,=,24.2,CHEMBL612558,,Clearance in monkey after iv administration,A,CC#C[C@]1(O)CC[C@H]2[C@@H]3CCC4=CC(=O)CCC4=C3[C@@H](c3ccc(N(C)C)cc3)C[C@@]21C,24.2,mL.min-1.kg-1,species_only_monkey
5083431,CHEMBL1614687,CHEMBL71,CL,mL.min-1.kg-1,=,24.6,CHEMBL612558,,Clearance in monkey after iv administration,A,CN(C)CCCN1c2ccccc2Sc2ccc(Cl)cc21,24.6,mL.min-1.kg-1,species_only_monkey
5083446,CHEMBL1614687,CHEMBL276711,CL,mL.min-1.kg-1,=,25.7,CHEMBL612558,,Clearance in monkey after iv administration,A,Cc1cc(C)c(/C=C2\C(=O)Nc3ccccc32)[nH]1,25.7,mL.min-1.kg-1,species_only_monkey
5083460,CHEMBL1614679,CHEMBL114715,CL,mL.min-1.kg-1,=,26.0,CHEMBL612558,,Clearance in monkey after iv administration,A,N=C(N)NCCCNC(=O)[C@@H]1CCCCN1C(=O)[C@@H](CC1CCCCC1)NCC(=O)O,26.0,mL.min-1.kg-1,species_only_monkey
5083470,CHEMBL1614679,CHEMBL1484,CL,mL.min-1.kg-1,=,27.0,CHEMBL612558,,Clearance in monkey after iv administration,A,COC(=O)C1=C(C)NC(C)=C(C(=O)OCCN(C)Cc2ccccc2)C1c1cccc([N+](=O)[O-])c1,27.0,mL.min-1.kg-1,species_only_monkey
5083479,CHEMBL1614679,CHEMBL53463,CL,mL.min-1.kg-1,=,28.0,CHEMBL612558,,Clearance in monkey after iv administration,A,COc1cccc2c1C(=O)c1c(O)c3c(c(O)c1C2=O)C[C@@](O)(C(=O)CO)C[C@@H]3O[C@H]1C[C@H](N)[C@H](O)[C@H](C)O1,28.0,mL.min-1.kg-1,species_only_monkey
5083500,CHEMBL1614687,CHEMBL651,CL,mL.min-1.kg-1,=,29.4,CHEMBL612558,,Clearance in monkey after iv administration,A,CCC(=O)C(CC(C)N(C)C)(c1ccccc1)c1ccccc1,29.4,mL.min-1.kg-1,species_only_monkey
5083505,CHEMBL1614679,CHEMBL13,CL,mL.min-1.kg-1,=,30.0,CHEMBL612558,,Clearance in monkey after iv administration,A,COCCc1ccc(OCC(O)CNC(C)C)cc1,30.0,mL.min-1.kg-1,species_only_monkey
5083508,CHEMBL1614687,CHEMBL280378,CL,mL.min-1.kg-1,=,30.6,CHEMBL612558,,Clearance in monkey after iv administration,A,CCOc1cc(Cc2cnc(N)nc2N)cc(OCC)c1-n1cccc1,30.6,mL.min-1.kg-1,species_only_monkey
5083531,CHEMBL1614679,CHEMBL551786,CL,mL.min-1.kg-1,=,32.0,CHEMBL612558,,Clearance in monkey after iv administration,A,Cc1cccc(C)c1NC(=O)NCCCNC(C)C,32.0,mL.min-1.kg-1,species_only_monkey
5083540,CHEMBL1614679,CHEMBL596,CL,mL.min-1.kg-1,=,33.0,CHEMBL612558,,Clearance in monkey after iv administration,A,CCC(=O)N(c1ccccc1)C1CCN(CCc2ccccc2)CC1,33.0,mL.min-1.kg-1,species_only_monkey
5083542,CHEMBL1614679,CHEMBL1428,CL,mL.min-1.kg-1,=,33.0,CHEMBL612558,,Clearance in monkey after iv administration,A,COCCOC(=O)C1=C(C)NC(C)=C(C(=O)OC(C)C)C1c1cccc([N+](=O)[O-])c1,33.0,mL.min-1.kg-1,species_only_monkey
5083548,CHEMBL1614687,CHEMBL311730,CL,mL.min-1.kg-1,=,33.3,CHEMBL612558,,Clearance in monkey after iv administration,A,CCCN1CCC[C@@H](c2cccc(S(C)(=O)=O)c2)C1,33.3,mL.min-1.kg-1,species_only_monkey
5083554,CHEMBL1614679,CHEMBL70,CL,mL.min-1.kg-1,=,34.0,CHEMBL612558,,Clearance in monkey after iv administration,A,CN1CC[C@]23c4c5ccc(O)c4O[C@H]2[C@@H](O)C=C[C@H]3[C@H]1C5,34.0,mL.min-1.kg-1,species_only_monkey
5083558,CHEMBL1614679,CHEMBL6466,CL,mL.min-1.kg-1,=,34.0,CHEMBL612558,,Clearance in monkey after iv administration,A,O=c1ccc2ccccc2o1,34.0,mL.min-1.kg-1,species_only_monkey
5083560,CHEMBL1614687,CHEMBL23,CL,mL.min-1.kg-1,=,34.5,CHEMBL612558,,Clearance in monkey after iv administration,A,COc1ccc([C@@H]2Sc3ccccc3N(CCN(C)C)C(=O)[C@@H]2OC(C)=O)cc1,34.5,mL.min-1.kg-1,species_only_monkey
5083562,CHEMBL1614679,CHEMBL2220442,CL,mL.min-1.kg-1,=,35.0,CHEMBL612558,,Clearance in monkey after iv administration,A,CC(C)n1c(/C=C/C(O)CC(O)CC(=O)O)c(-c2ccc(F)cc2)c2ccccc21,35.0,mL.min-1.kg-1,species_only_monkey
5087501,CHEMBL1635486,CHEMBL3215829,CL,mL.min-1.kg-1,=,25.0,CHEMBL613847,Macaca fascicularis,"Clearance in cynomolgus monkey at 1 mg/kg, iv",A,Cc1ccc2c(N3CCN(CCc4cccc(N5CCNC5=O)c4)CC3)cccc2n1.Cl.Cl,25.0,mL.min-1.kg-1,species_only_monkey
5109107,CHEMBL1641135,CHEMBL221959,CL,mL.min-1.kg-1,=,18.0,CHEMBL613847,Macaca fascicularis,"Clearance in cynomolgus monkey at 3 mg/kg, iv",A,C[C@@H]1CCN(C(=O)CC#N)C[C@@H]1N(C)c1ncnc2[nH]ccc12,18.0,mL.min-1.kg-1,species_only_monkey
5122535,CHEMBL1648986,CHEMBL1256683,CL,mL.min-1.kg-1,=,8.6,CHEMBL614875,Macaca mulatta,Clearance in monkey,A,C/C(=C\c1cc(F)c(OC[C@H](F)C2CC2)cc1F)C(=O)N[C@@H]1[C@H](O)[C@@H](O)[C@H]2OCO[C@H]2[C@@H]1O,8.6,mL.min-1.kg-1,species_only_monkey
5127741,CHEMBL1646974,CHEMBL1642593,CL,mL.min-1.kg-1,=,1.0,CHEMBL613847,Macaca fascicularis,Clearance in cynomolgus monkey,A,C[C@](O)(c1ccc(C(=O)N(C2CC2)[C@H]2CC[C@](CCC(N)=O)(c3ccccc3)CC2)cc1)C(F)(F)F,1.0,mL.min-1.kg-1,species_only_monkey
5128512,CHEMBL1648872,CHEMBL1644183,CL,mL.min-1.kg-1,=,0.68,CHEMBL614875,Macaca mulatta,"Plasma clearance in rhesus monkey at 0.5 mg/kg, iv and 2 mg/kg, po",A,O=C(O)CCNC(=O)c1ccc(Cn2nc(-c3cc(Cl)cc(Cl)c3)cc2-c2ccc(OC(F)(F)F)cc2)cc1,0.68,mL.min-1.kg-1,species_only_monkey
5135080,CHEMBL1645671,CHEMBL561132,CL,mL.min-1.kg-1,=,4.8,CHEMBL613847,Macaca fascicularis,"Clearance in cynomolgus monkey at 1 mg/kg, po and 0.5 mg/kg, iv",A,CN([C@@H]1CCc2c(CC(=O)O)c3ccccc3n2C1)S(=O)(=O)c1ccc(F)cc1,4.8,mL.min-1.kg-1,species_only_monkey
5135084,CHEMBL1645675,CHEMBL561132,CL,mL.min-1.kg-1,=,6.9,CHEMBL613847,Macaca fascicularis,"Clearance in rhesus monkey at 1 mg/kg, po and 0.5 mg/kg, iv",A,CN([C@@H]1CCc2c(CC(=O)O)c3ccccc3n2C1)S(=O)(=O)c1ccc(F)cc1,6.9,mL.min-1.kg-1,species_only_monkey
5139283,CHEMBL1645833,CHEMBL204656,CL,mL.min-1.kg-1,=,7.167,CHEMBL614875,Macaca mulatta,"Plasma clearance in rhesus monkey at 1 mg/kg, iv",A,COc1cc2c(cc1Cc1cccc(Cl)c1F)c(=O)c(C(=O)O)cn2[C@H](CO)C(C)C,7.167,mL.min-1.kg-1,species_only_monkey
5139284,CHEMBL1645833,CHEMBL1645572,CL,mL.min-1.kg-1,=,19.67,CHEMBL614875,Macaca mulatta,"Plasma clearance in rhesus monkey at 1 mg/kg, iv",A,CC(C)(C)[C@@H](CO)n1cc(C(=O)O)c(=O)c2cc(Cc3cccc(Cl)c3F)c(N3CCOCC3)nc21,19.67,mL.min-1.kg-1,species_only_monkey
5139285,CHEMBL1645833,CHEMBL1645583,CL,mL.min-1.kg-1,=,44.17,CHEMBL614875,Macaca mulatta,"Plasma clearance in rhesus monkey at 1 mg/kg, iv",A,COc1nc2c(cc1NCc1c(F)cc(F)cc1F)c(=O)c(C(=O)O)cn2[C@H](CO)C(C)(C)C,44.17,mL.min-1.kg-1,species_only_monkey
5142609,CHEMBL1656156,CHEMBL1650511,CL,mL.min-1.kg-1,=,15.4,CHEMBL614875,Macaca mulatta,"Clearance in monkey at 2 mg/kg, iv",A,FC(F)(F)c1ccccc1-c1cc(C(F)(F)F)c2[nH]c(C3=NOC4(CCCCC4)C3)nc2c1,15.4,mL.min-1.kg-1,species_only_monkey
5143808,CHEMBL1656546,CHEMBL1650545,CL,mL.min-1.kg-1,=,18.0,CHEMBL613847,Macaca fascicularis,"Clearance in cynomolgus monkey at 0.3 mg/kg, iv",A,Cc1cn2c(-c3cn[nH]c3)cnc2c(Nc2cc(CN3CCC(F)(F)C3)ns2)n1.Cl,18.0,mL.min-1.kg-1,species_only_monkey
5143814,CHEMBL1656547,CHEMBL1650551,CL,mL.min-1.kg-1,=,4.2,CHEMBL613847,Macaca fascicularis,"Clearance in cynomolgus monkey at 1 mg/kg, iv",A,Cl.[2H]C([2H])(c1cc(Nc2nc(C)cn3c(-c4cn[nH]c4)cnc23)sn1)N1CCC(F)(F)C1,4.2,mL.min-1.kg-1,species_only_monkey
5149539,CHEMBL1655267,CHEMBL1233524,CL,mL.min-1.kg-1,=,7.0,CHEMBL614875,Macaca mulatta,"Clearance in rhesus monkey at 2 mg/kg, iv and 4 mg/kg, po",A,CN(C)CCN(C)[C@H]1COc2ccccc2-c2c(C3CCCCC3)c3ccc(C(=O)O)cc3n2C1,7.0,mL.min-1.kg-1,species_only_monkey
5155297,CHEMBL1657542,CHEMBL1651717,CL,mL.min-1.kg-1,=,5.15,CHEMBL613847,Macaca fascicularis,"Clearance in cynomolgus monkey at 1 mg/kg, iv or 5 mg/kg, po",A,O=C(O)C1CN(Cc2ccc(-c3cc4cc(Cc5ccccc5)ccc4o3)c(F)c2)C1,5.15,mL.min-1.kg-1,species_only_monkey
5156729,CHEMBL1656238,CHEMBL1651861,CL,mL.min-1.kg-1,=,8.333,CHEMBL613847,Macaca fascicularis,"Clearance in cynomolgus monkey at 1 mg/kg, iv or 1 mg/kg, po",A,O=C(O)C1CN(Cc2ccc(-c3nc4ccc(C5(c6ccccc6)CC5)nc4s3)c(F)c2)C1,8.333,mL.min-1.kg-1,species_only_monkey
5157813,CHEMBL1657002,CHEMBL1649659,CL,mL.min-1.kg-1,=,38.0,CHEMBL613847,Macaca fascicularis,"Clearance in cynomolgus monkey at 0.25 mg/kg, iv and 1 mg/kg, po",A,O=C(c1ccc(-n2nc(C(F)(F)F)c3c2CCCC3)cc1)N1CCCC1,38.0,mL.min-1.kg-1,species_only_monkey
5193004,CHEMBL1664423,CHEMBL1650457,CL,mL.min-1.kg-1,=,10.0,CHEMBL614875,Macaca mulatta,"Clearance in monkey at 0.93 mg/kg, iv and 4.6 mg/kg, po",A,Cl.Cn1c(=O)cc(N2CCC[C@@H](N)C2)n(Cc2cc(F)ccc2C#N)c1=O,10.0,mL.min-1.kg-1,species_only_monkey
5204185,CHEMBL1670815,CHEMBL1669278,CL,mL.min-1.kg-1,=,10.0,CHEMBL613847,Macaca fascicularis,"Clearance in cynomolgus monkey at 2 mg/kg, iv or 10 mg/kg, po",A,Cn1cnc2c(C#N)nc(-c3ccc(OCCC4CCN(Cc5ncco5)CC4)c(C(F)(F)F)c3)cc21,10.0,mL.min-1.kg-1,species_only_monkey
5207593,CHEMBL1679936,CHEMBL1671971,CL,mL.min-1.kg-1,=,0.72,CHEMBL613847,Macaca fascicularis,"Clearance in cynomolgus monkey at 2 mg/kg, iv",A,COc1cc(/C=C2\SC(=O)NC2=O)ccc1Oc1ccc(C#N)cc1C(F)(F)F,0.72,mL.min-1.kg-1,species_only_monkey
5208023,CHEMBL1681394,CHEMBL1672354,CL,mL.min-1.kg-1,=,8.8,CHEMBL614875,Macaca mulatta,"Plasma clearance in rhesus monkey at 0.5 mg/kg, iv",A,O[C@@](Cc1nc(CC2(C(F)(F)F)CC2)c[nH]1)(c1ccc(-n2cccn2)cc1)C(F)(F)F,8.8,mL.min-1.kg-1,species_only_monkey
5209040,CHEMBL1680649,CHEMBL1672558,CL,mL.min-1.kg-1,=,8.333,CHEMBL613847,Macaca fascicularis,"Clearance in cynomolgus monkey at 4 mg/kg, iv and 10 mg/kg, po",A,O=C(O)C1CN(Cc2ccc(-c3nc4cc(Cc5ccccc5F)ccc4s3)c(F)c2)C1,8.333,mL.min-1.kg-1,species_only_monkey
5220534,CHEMBL1679064,CHEMBL1672609,CL,mL.min-1.kg-1,=,8.3,CHEMBL614875,Macaca mulatta,"Clearance in rhesus monkey at 2 mg/kg, iv",A,C=C[C@@H]1C[C@]1(NC(=O)[C@@H]1C[C@@H]2CN1C(=O)[C@H](C1CCCCC1)NC(=O)OCC(C)(C)CCCc1cc3c(nccc3cc1OC)O2)C(=O)NS(=O)(=O)C1CC1,8.3,mL.min-1.kg-1,species_only_monkey
5220596,CHEMBL1679583,CHEMBL1672627,CL,mL.min-1.kg-1,=,3.4,CHEMBL613847,Macaca fascicularis,"Plasma clearance in cynomolgus monkey at 0.5 mg/kg, iv",A,O=C(Nc1cnc(-c2ccncc2F)c(-c2cccnc2)n1)C1CC1,3.4,mL.min-1.kg-1,species_only_monkey
5232421,CHEMBL1677761,CHEMBL1672054,CL,mL.min-1.kg-1,=,26.0,CHEMBL613847,Macaca fascicularis,"Plasma clearance in cynomolgus monkey at 1 mg/kg, iv",A,CC(=O)N1CCN([C@H]2CCN(C(=O)N(C)[C@H](C)c3cc(C(F)(F)F)cc(C(F)(F)F)c3)[C@@H](c3ccc(F)cc3C)C2)CC1,26.0,mL.min-1.kg-1,species_only_monkey
5233915,CHEMBL1678698,CHEMBL1672448,CL,mL.min-1.kg-1,=,3.1,CHEMBL613847,Macaca fascicularis,Clearance in iv dosed cynomolgus monkey,A,CC(C)c1onc(-c2c(Cl)cccc2Cl)c1COc1ccc(-c2ccc3nc(C(=O)O)ccc3c2)cc1,3.1,mL.min-1.kg-1,species_only_monkey
5233996,CHEMBL1678698,CHEMBL1672451,CL,mL.min-1.kg-1,=,11.0,CHEMBL613847,Macaca fascicularis,Clearance in iv dosed cynomolgus monkey,A,CC(C)c1onc(-c2c(Cl)cccc2Cl)c1COc1ccc(-c2ccc3cc(C(=O)O)ncc3c2)cc1,11.0,mL.min-1.kg-1,species_only_monkey
5239573,CHEMBL1686859,CHEMBL1615025,CL,mL.min-1.kg-1,=,11.1,CHEMBL614875,Macaca mulatta,"Clearance in monkey at 0.5 mg/kg, iv and 2 mg/kg, po",A,Cn1c(=O)c(F)c(Nc2ccc(I)cc2F)c2c(=O)n(C[C@@H](O)CO)cnc21,11.1,mL.min-1.kg-1,species_only_monkey
5247188,CHEMBL1686279,CHEMBL1684954,CL,mL.min-1.kg-1,=,17.0,CHEMBL614875,Macaca mulatta,"Plasma clearance in rhesus monkey at 0.5 mg/kg, iv",A,C[C@@H](NC(=O)Cc1ccc(C2CC2)cc1)c1ccc(OCC(F)(F)F)cn1,17.0,mL.min-1.kg-1,species_only_monkey
5247265,CHEMBL1686311,CHEMBL1684983,CL,mL.min-1.kg-1,=,13.47,CHEMBL613847,Macaca fascicularis,"Clearance in cynomolgus monkey at 3 mg/kg, iv and 10 mg/kg, po",A,CCN(CC)c1ncc(-c2c(C)noc2C)c(N[C@@H](Cc2ccc(OC(=O)N(C)C)cc2)C(=O)O)n1,13.47,mL.min-1.kg-1,species_only_monkey
5247324,CHEMBL1686482,CHEMBL1684984,CL,mL.min-1.kg-1,=,6.2,CHEMBL614875,Macaca mulatta,"Clearance in monkey at 0.25 mg/kg, iv",A,CS(=O)(=O)N1CCc2c(-c3cnc(N)nc3)nc(N3CCOCC3)nc21,6.2,mL.min-1.kg-1,species_only_monkey
5248452,CHEMBL1686995,CHEMBL111201,CL,mL.min-1.kg-1,=,19.0,CHEMBL614875,Macaca mulatta,Plasma clearance in iv dosed rhesus monkey,A,O=S(=O)(Nc1ccc(CCNC[C@H](O)c2cccnc2)cc1)c1ccc(-c2nc(-c3ccc(C(F)(F)F)cc3)cs2)cc1,19.0,mL.min-1.kg-1,species_only_monkey
5248453,CHEMBL1686995,CHEMBL1684585,CL,mL.min-1.kg-1,=,43.4,CHEMBL614875,Macaca mulatta,Plasma clearance in iv dosed rhesus monkey,A,Nc1nc(CC(=O)Nc2ccc(C[C@@H]3CC[C@H]([C@H](O)c4ccccc4)N3)cc2)cs1,43.4,mL.min-1.kg-1,species_only_monkey
5251182,CHEMBL1686163,CHEMBL1683074,CL,mL.min-1.kg-1,=,36.67,CHEMBL613847,Macaca fascicularis,"Clearance in cynomolgus monkey at 2.5 mg/kg, iv and 10 mg/kg, po",A,CO[C@@H]1COCC[C@@H]1N[C@@H]1CC[C@@](C(=O)N2CCN(c3cc(C(F)(F)F)ccn3)CC2)(C(C)C)C1,36.67,mL.min-1.kg-1,species_only_monkey
5294185,CHEMBL1695842,CHEMBL1688364,CL,mL.min-1.kg-1,=,15.0,CHEMBL614875,Macaca mulatta,"Clearance in rhesus monkey at 5 mg/kg, iv administered as single dose",A,C[C@]1(O)C[C@@H](c2nc(-c3ccc4ccc(-c5ccccc5)nc4c3F)c3c(N)ncnn32)C1.Cl,15.0,mL.min-1.kg-1,species_only_monkey
6160922,CHEMBL1764107,CHEMBL1761313,CL,mL.min-1.kg-1,=,4.0,CHEMBL614875,Macaca mulatta,"Clearance in rhesus monkey at 0.5 mg/kg, iv and 2 mg/kg, po",A,CCS(=O)(=O)CCC12CCC(c3nnc(-c4ccccc4C(F)(F)F)n3C)(CC1)CC2,4.0,mL.min-1.kg-1,species_only_monkey
6163043,CHEMBL1764511,CHEMBL1761870,CL,mL.min-1.kg-1,=,5.2,CHEMBL614875,Macaca mulatta,"Clearance in rhesus monkey at 1 mg/kg, po",A,C[C@@H]1CN(C(=O)N[C@H](Cc2ccc(F)cc2)C(=O)N2CCC(C(=O)NC(C)(C)C)(C3CCCCC3)CC2)C[C@H](C)N1,5.2,mL.min-1.kg-1,species_only_monkey
6173034,CHEMBL1769352,CHEMBL1230122,CL,mL.min-1.kg-1,=,3.05,CHEMBL613847,Macaca fascicularis,"Clearance in cynomolgus monkey at 10 mg/kg, iv",A,Cn1c(=O)c(Oc2ccc(F)cc2F)cc2cnc(NC3CCOCC3)nc21,3.05,mL.min-1.kg-1,species_only_monkey
6173058,CHEMBL1769469,CHEMBL1090089,CL,mL.min-1.kg-1,=,10.83,CHEMBL613847,Macaca fascicularis,"Clearance in cynomolgus monkey at 5 mg/kg, iv",A,Cn1c(=O)c(Oc2ccc(F)cc2F)cc2cnc(NC(CCO)CCO)nc21,10.83,mL.min-1.kg-1,species_only_monkey
6192287,CHEMBL1776034,CHEMBL1774080,CL,mL.min-1.kg-1,=,5.8,CHEMBL614875,Macaca mulatta,"Plasma clearance in rhesus monkey at 1 mg/kg, iv",A,O=C1CCc2ccc(OCCCCN3CCN(c4cccc5ccccc45)CC3)nc2N1,5.8,mL.min-1.kg-1,species_only_monkey
6202986,CHEMBL1780713,CHEMBL560423,CL,mL.min-1.kg-1,=,21.0,CHEMBL614875,Macaca mulatta,Plasma clearance in monkey,A,O=C(NCC1(O)CCCCCC1)c1cc(-n2ncc(=O)[nH]c2=O)ccc1Cl,21.0,mL.min-1.kg-1,species_only_monkey
6203002,CHEMBL1780713,CHEMBL1823817,CL,mL.min-1.kg-1,=,16.0,CHEMBL614875,Macaca mulatta,Plasma clearance in monkey,A,COC[C@H](O)Cn1c(=O)cnn(-c2ccc(Cl)c(C(=O)NCC3(O)CCCCCC3)c2)c1=O,16.0,mL.min-1.kg-1,species_only_monkey
6207983,CHEMBL1780780,CHEMBL1777958,CL,mL.min-1.kg-1,=,10.0,CHEMBL613847,Macaca fascicularis,"Clearance in cynomolgus monkey at 1 mg/kg, iv",A,Cc1ccc(S(=O)(=O)N2CCNC(=O)[C@H]2CC(=O)N[C@@H]2CCCc3cc(CN4CCCCC4)ccc32)cc1,10.0,mL.min-1.kg-1,species_only_monkey
6207987,CHEMBL1780784,CHEMBL1777958,CL,mL.min-1.kg-1,=,30.0,CHEMBL614875,Macaca mulatta,"Clearance in rhesus monkey at 1 mg/kg, iv",A,Cc1ccc(S(=O)(=O)N2CCNC(=O)[C@H]2CC(=O)N[C@@H]2CCCc3cc(CN4CCCCC4)ccc32)cc1,30.0,mL.min-1.kg-1,species_only_monkey
6229038,CHEMBL1787176,CHEMBL1784130,CL,mL.min-1.kg-1,=,3.5,CHEMBL614875,Macaca mulatta,"Plasma clearance in rhesus monkey at 0.3 mg/kg, iv",A,C[C@@H]1NC(c2ccc(=O)n(C(F)F)c2)=N[C@@]1(c1ccc(F)cc1)c1ccc(F)nc1,3.5,mL.min-1.kg-1,species_only_monkey
6263942,CHEMBL1798220,CHEMBL1796063,CL,mL.min-1.kg-1,=,14.0,CHEMBL613847,Macaca fascicularis,"Clearance in cynomolgus monkey at 3 mg/kg, po and 1 mg/kg, iv",A,COCCCc1cc(CN(C(=O)[C@H]2CNCC[C@@H]2c2ccn(C)c(=O)c2)C2CC2)cc(Br)c1C,14.0,mL.min-1.kg-1,species_only_monkey
6265784,CHEMBL1798673,CHEMBL1796761,CL,mL.min-1.kg-1,=,10.0,CHEMBL613847,Macaca fascicularis,Plasma clearance in cynomolgus monkey,A,CNC(=O)c1ccc2c(c1)OCCc1cc(C(=O)N(C)c3ccc(C(=O)N(C)C)cc3Cl)sc1-2,10.0,mL.min-1.kg-1,species_only_monkey
6271915,CHEMBL1805908,CHEMBL1801063,CL,mL.min-1.kg-1,=,6.0,CHEMBL614875,Macaca mulatta,"Plasma clearance in rhesus monkey at 3 mg/kg, iv and 10 mg/kg, po",A,Cl.O=c1cc(Cn2c(C3CCC3)nc3nccnc32)c2ccc(F)c(F)c2[nH]1,6.0,mL.min-1.kg-1,species_only_monkey
6271916,CHEMBL1805908,CHEMBL1801064,CL,mL.min-1.kg-1,=,18.0,CHEMBL614875,Macaca mulatta,"Plasma clearance in rhesus monkey at 3 mg/kg, iv and 10 mg/kg, po",A,CC(C)Cc1nc2nccnc2n1Cc1cc(=O)[nH]c2c(F)c(F)ccc12.Cl,18.0,mL.min-1.kg-1,species_only_monkey
6271917,CHEMBL1805908,CHEMBL1801065,CL,mL.min-1.kg-1,=,4.3,CHEMBL614875,Macaca mulatta,"Plasma clearance in rhesus monkey at 3 mg/kg, iv and 10 mg/kg, po",A,Cl.O=c1cc(Cn2c(C3CCC3)nc3nccnc32)c2cccc(F)c2[nH]1,4.3,mL.min-1.kg-1,species_only_monkey
6271918,CHEMBL1805908,CHEMBL1801066,CL,mL.min-1.kg-1,=,8.6,CHEMBL614875,Macaca mulatta,"Plasma clearance in rhesus monkey at 3 mg/kg, iv and 10 mg/kg, po",A,Cl.O=c1cc(Cn2c(C3CC(F)(F)C3)nc3nccnc32)c2cccc(F)c2[nH]1,8.6,mL.min-1.kg-1,species_only_monkey
6272703,CHEMBL1805711,CHEMBL1801160,CL,mL.min-1.kg-1,=,1.7,CHEMBL613042,Saimiri,"Clearance in squirrel monkey at 10 mg/kg, po or 1 mg/kg, iv",A,O=C(NC1CC1)c1cn(-c2cccc(-c3ccc([C@@H]4C[C@H]4C(=O)O)c(F)c3)c2)c2ncccc2c1=O,1.7,mL.min-1.kg-1,species_only_monkey
6272706,CHEMBL1805714,CHEMBL1801160,CL,mL.min-1.kg-1,=,1.3,CHEMBL614875,Macaca mulatta,"Clearance in rhesus monkey at 10 mg/kg, po or 1 mg/kg, iv",A,O=C(NC1CC1)c1cn(-c2cccc(-c3ccc([C@@H]4C[C@H]4C(=O)O)c(F)c3)c2)c2ncccc2c1=O,1.3,mL.min-1.kg-1,species_only_monkey
6275309,CHEMBL1804333,CHEMBL1802099,CL,mL.min-1.kg-1,=,4.8,CHEMBL613847,Macaca fascicularis,"Clearance in cynomolgus monkey at 1 mg/kg, iv by LC/MS/MS analysis",A,C/C(=N\O)c1nc([C@@H](O)[C@H](O)[C@H](O)CO)c[nH]1.Cl,4.8,mL.min-1.kg-1,species_only_monkey
6281514,CHEMBL1803717,CHEMBL1822792,CL,mL.min-1.kg-1,=,8.4,CHEMBL614875,Macaca mulatta,"Plasma clearance in monkey at 0.25 mg/kg, iv",A,CN(C[C@@H]1COCCO1)S(=O)(=O)Nc1ccc2ccc3ncc(-c4cnn(C)c4)cc3c(=O)c2c1,8.4,mL.min-1.kg-1,species_only_monkey
6286091,CHEMBL1803653,CHEMBL1800285,CL,mL.min-1.kg-1,=,17.0,CHEMBL614875,Macaca mulatta,Clearance in rhesus monkey,A,N#CC1(c2ccccn2)CCN(Cc2cc(C(=O)O)c(=O)n3ccccc23)CC1,17.0,mL.min-1.kg-1,species_only_monkey
6298462,CHEMBL1810975,CHEMBL1807273,CL,mL.min-1.kg-1,=,23.0,CHEMBL613847,Macaca fascicularis,"Clearance in cynomolgus monkey at 1 mg/kg, iv and 3 mg/kg, po",A,CN(C)[C@H]1CC[C@H](NC(=O)[C@@H](Cc2ccc(Cl)cc2)NC(=O)C2(c3ccc(F)cc3)CC2)CC1,23.0,mL.min-1.kg-1,species_only_monkey
6319240,CHEMBL1816819,CHEMBL1813067,CL,mL.min-1.kg-1,=,7.7,CHEMBL613847,Macaca fascicularis,"Clearance in cynomolgus monkey at 1 mg/kg, iv after 6 to 24 hrs by LC-MS/MS analysis",A,C[C@@H]1CCCN1CCCOc1ccc(-c2ccc(=O)[nH]n2)cc1.Cl,7.7,mL.min-1.kg-1,species_only_monkey
6335460,CHEMBL1821074,CHEMBL1819090,CL,mL.min-1.kg-1,=,38.0,CHEMBL614875,Macaca mulatta,"Clearance in monkey at 1 mg/kg, iv",A,Cn1c(=O)c2c(cc(N3CCC[C@@](C)(N)C3)n2Cc2cc(F)ccc2C#N)n(C)c1=O,38.0,mL.min-1.kg-1,species_only_monkey
6339295,CHEMBL1827997,CHEMBL1823221,CL,mL.min-1.kg-1,=,0.73,CHEMBL613847,Macaca fascicularis,"Total clearance in cynomolgus monkey at 0.5 mg/kg, iv",A,CCc1cc2c(cc1N1CCN(C3COC3)CC1)C(C)(C)c1[nH]c3cc(C#N)ccc3c1C2=O,0.73,mL.min-1.kg-1,species_only_monkey
6367322,CHEMBL1832377,CHEMBL1829763,CL,mL.min-1.kg-1,=,5.8,CHEMBL613847,Macaca fascicularis,"Clearance in cynomolgus monkey at 1 mg/kg, iv",A,C[C@@H](c1ccc(-c2ccc(F)cc2F)cc1)N1CC[C@](CCO)(c2ccc(F)cc2)OC1=O,5.8,mL.min-1.kg-1,species_only_monkey
6388877,CHEMBL1840148,CHEMBL1835153,CL,mL.min-1.kg-1,=,7.4,CHEMBL614875,Macaca mulatta,"Plasma clearance in monkey at 0.5 mg/kg, iv",A,NC(=O)c1cnc(N[C@H](C2CC2)C(F)(F)F)c2c1[nH]c1cc(-c3cnc(N)nc3)ccc12,7.4,mL.min-1.kg-1,species_only_monkey
7843586,CHEMBL1913291,CHEMBL1909867,CL,mL.min-1.kg-1,=,20.2,CHEMBL614875,Macaca mulatta,"Clearance in monkey at 1 mg/kg, po",A,Cc1nc(Oc2ccc(S(C)(=O)=O)cc2)ccc1CN1CCC(N2C(=O)N(c3cc(C(N)=O)c(F)cc3F)C[C@H]2c2ccccc2)CC1,20.2,mL.min-1.kg-1,species_only_monkey
7947692,CHEMBL1925117,CHEMBL1921965,CL,mL.min-1.kg-1,=,3.0,CHEMBL614875,Macaca mulatta,"Clearance in rhesus monkey at 1 mg/kg, iv by LC/MS analysis",A,Cl.O=C(Nc1ccc(N2C(=O)CC(c3ccccc3)C2=O)c(Cl)c1)c1ccccn1,3.0,mL.min-1.kg-1,species_only_monkey
7950947,CHEMBL1924604,CHEMBL1922270,CL,mL.min-1.kg-1,=,65.0,CHEMBL614875,Macaca mulatta,"Clearance in rhesus monkey at 0.5 mg/kg, iv",A,C[C@H]1c2c([nH]c3ccc(C(F)(F)F)cc23)C[C@H]2CCN(CCCC3CCOCC3)C[C@@H]21,65.0,mL.min-1.kg-1,species_only_monkey
7951991,CHEMBL1924185,CHEMBL3215653,CL,mL.min-1.kg-1,=,66.0,CHEMBL614875,Macaca mulatta,"Clearance in rhesus monkey at 3 mg/kg, po and 1 mg/kg, iv",A,COCCCc1cc(CCCN2CCOCC2)c(Cl)c(CN(C(=O)[C@H]2CNCC[C@@]23OCc2cc(F)c(F)cc23)C2CC2)c1.Cl.Cl.Cl,66.0,mL.min-1.kg-1,species_only_monkey
7953921,CHEMBL1925884,CHEMBL1923502,CL,mL.min-1.kg-1,=,8.8,CHEMBL613847,Macaca fascicularis,"Clearance in cynomolgus monkey at 2 mg/kg, iv",A,C[C@@H]1CN[C@@H](C2CC2)C(=O)N(C)[C@H](C)C(=O)N[C@H](Cc2ccc(F)cc2)C(=O)NCCCc2ccccc2O1.Cl.O,8.8,mL.min-1.kg-1,species_only_monkey
7953922,CHEMBL1925884,CHEMBL1923642,CL,mL.min-1.kg-1,=,20.0,CHEMBL613847,Macaca fascicularis,"Clearance in cynomolgus monkey at 2 mg/kg, iv",A,C[C@@H]1C(=O)N[C@H](Cc2ccc(F)cc2)C(=O)NCCCc2ccc(F)cc2OCCN[C@@H](C2CC2)C(=O)N1C,20.0,mL.min-1.kg-1,species_only_monkey
7954631,CHEMBL1924539,CHEMBL1922696,CL,mL.min-1.kg-1,=,15.0,CHEMBL614875,Macaca mulatta,"Plasma clearance in rhesus monkey at 0.5 mg/kg, iv and 2 mg/kg, po",A,Cn1/c(=N/c2ccc(OC(F)(F)F)cc2)n(Cc2ccc(C(=O)Nc3nnn[nH]3)cc2)c2cc(Cl)c(Cl)cc21,15.0,mL.min-1.kg-1,species_only_monkey
7965885,CHEMBL1932191,CHEMBL1926763,CL,mL.min-1.kg-1,=,34.2,CHEMBL613847,Macaca fascicularis,"Blood clearance in cynomolgus monkey at 2.7 mg/kg, iv",A,COc1ccc2nccc(NC(=O)[C@]3(O)CC[C@@H](NCc4cc5c(cn4)OCCO5)CC3)c2n1,34.2,mL.min-1.kg-1,species_only_monkey
7971122,CHEMBL1931731,CHEMBL1927165,CL,mL.min-1.kg-1,=,15.2,CHEMBL613847,Macaca fascicularis,"Blood clearance in cynomolgus monkey at 3.1 mg/kg, iv",A,COc1ccc2ncc(F)c([C@@H](O)CN3CCC(NCc4cc5c(cn4)OCCO5)CC3)c2n1,15.2,mL.min-1.kg-1,species_only_monkey
7989752,CHEMBL1936817,CHEMBL1934130,CL,mL.min-1.kg-1,=,10.0,CHEMBL614875,Macaca mulatta,Clearance in rhesus monkey,A,CC(=O)N[C@@H]1CC2(CCN(Cc3ccc4c(c3)c3ccccc3n4C(N)=O)CC2)c2ccccc21,10.0,mL.min-1.kg-1,species_only_monkey
7992332,CHEMBL1936282,CHEMBL1934523,CL,mL.min-1.kg-1,=,6.167,CHEMBL614875,Macaca mulatta,"Clearance in monkey at 3 mg/kg, po by LC-MS/MS analysis",A,COCCCS(=O)(=O)c1ccc(-c2ccc(CCN3CCC[C@H]3C)cc2)cc1,6.167,mL.min-1.kg-1,species_only_monkey
7997426,CHEMBL1943526,CHEMBL1738797,CL,mL.min-1.kg-1,=,6.04,CHEMBL613847,Macaca fascicularis,"Total clearance in cynomolgus monkey at 0.5 mg/kg, iv",A,CCc1cc2c(cc1N1CCC(N3CCOCC3)CC1)C(C)(C)c1[nH]c3cc(C#N)ccc3c1C2=O,6.04,mL.min-1.kg-1,species_only_monkey
8001113,CHEMBL1941398,CHEMBL1939562,CL,mL.min-1.kg-1,=,5.667,CHEMBL613847,Macaca fascicularis,"Clearance in cynomolgus monkey at 0.5 mg/kg, iv",A,C[C@H](c1nc2ncccc2c(=O)n1-c1ccc(F)cc1)N(CC1CCS(=O)(=O)CC1)C(=O)Cc1ccc(F)c(C(F)(F)F)c1,5.667,mL.min-1.kg-1,species_only_monkey
8001114,CHEMBL1941398,CHEMBL1939559,CL,mL.min-1.kg-1,=,2.0,CHEMBL613847,Macaca fascicularis,"Clearance in cynomolgus monkey at 0.5 mg/kg, iv",A,C[C@H](c1nc2ncccc2c(=O)n1-c1ccc(Cl)cc1)N(CC1CCS(=O)(=O)CC1)C(=O)Cc1ccc(F)c(C(F)(F)F)c1,2.0,mL.min-1.kg-1,species_only_monkey
8001115,CHEMBL1941398,CHEMBL1938408,CL,mL.min-1.kg-1,=,21.67,CHEMBL613847,Macaca fascicularis,"Clearance in cynomolgus monkey at 0.5 mg/kg, iv",A,C[C@H](c1nc2ncccc2c(=O)n1-c1ccc(C#N)cc1)N(CC1CCS(=O)(=O)CC1)C(=O)Cc1ccc(F)c(C(F)(F)F)c1,21.67,mL.min-1.kg-1,species_only_monkey
8001116,CHEMBL1941398,CHEMBL253431,CL,mL.min-1.kg-1,=,12.33,CHEMBL613847,Macaca fascicularis,"Clearance in cynomolgus monkey at 0.5 mg/kg, iv",A,CCS(=O)(=O)CCN(C(=O)Cc1ccc(F)c(C(F)(F)F)c1)[C@H](C)c1nc2ncccc2c(=O)n1-c1ccc(C#N)cc1,12.33,mL.min-1.kg-1,species_only_monkey
8011405,CHEMBL1943358,CHEMBL1829173,CL,mL.min-1.kg-1,=,1.0,CHEMBL613847,Macaca fascicularis,"Clearance in cynomolgus monkey at 0.5 mg/kg, iv",A,CC#C[C@@H](CC(=O)O)c1ccc(OCc2cccc(-c3ccc(C(F)(F)F)cc3)c2)cc1,1.0,mL.min-1.kg-1,species_only_monkey
8024507,CHEMBL1947893,CHEMBL1946837,CL,mL.min-1.kg-1,=,5.0,CHEMBL613847,Macaca fascicularis,"Clearance in cynomolgus monkey at 1 mg/kg, iv bolus",A,N[C@H]1CC[C@H](Nc2ncc3nc(Nc4ccc(F)cc4F)n(C4CCCC4)c3n2)CC1,5.0,mL.min-1.kg-1,species_only_monkey
8030177,CHEMBL1955577,CHEMBL1950434,CL,mL.min-1.kg-1,=,6.0,CHEMBL614875,Macaca mulatta,"Clearance in monkey at 3 mg/kg, iv",A,COc1cc(/C=C2\CCCN3C2=NO[C@]3(CO)c2ccc(F)cc2)ccc1-n1cnc(C)c1,6.0,mL.min-1.kg-1,species_only_monkey
8030178,CHEMBL1955577,CHEMBL1950433,CL,mL.min-1.kg-1,=,7.3,CHEMBL614875,Macaca mulatta,"Clearance in monkey at 3 mg/kg, iv",A,COc1cc(/C=C2\CCCN3C2=NOC3(C)c2ccc(F)cc2)ccc1-n1cnc(C)c1,7.3,mL.min-1.kg-1,species_only_monkey
8030179,CHEMBL1955577,CHEMBL1950535,CL,mL.min-1.kg-1,=,11.0,CHEMBL614875,Macaca mulatta,"Clearance in monkey at 3 mg/kg, iv",A,COc1cc(/C=C2\CCCN3C2=NOC[C@@H]3c2cc(F)c(F)c(F)c2)ccc1-n1cnc(C)c1,11.0,mL.min-1.kg-1,species_only_monkey
8030260,CHEMBL1955642,CHEMBL1950289,CL,mL.min-1.kg-1,=,2.9,CHEMBL613847,Macaca fascicularis,"Clearance in cynomolgus monkey at 1 mg/kg, iv",A,O[C@H]1CC[C@H](Nc2ncc3nc(Nc4c(F)cc(F)cc4F)n([C@H]4CCOC4)c3n2)CC1,2.9,mL.min-1.kg-1,species_only_monkey
8030276,CHEMBL1955642,CHEMBL1950304,CL,mL.min-1.kg-1,=,7.1,CHEMBL613847,Macaca fascicularis,"Clearance in cynomolgus monkey at 1 mg/kg, iv",A,CNC(=O)[C@H]1CC[C@H](Nc2ncc3nc(Nc4c(F)cc(F)cc4F)n([C@H]4CCOC4)c3n2)CC1,7.1,mL.min-1.kg-1,species_only_monkey
8033999,CHEMBL1952947,CHEMBL1775179,CL,mL.min-1.kg-1,=,1.833,CHEMBL613847,Macaca fascicularis,Clearance in iv dosed Cynomolgus monkey,A,CC(C)OC(=O)N1CCC(Oc2ncnc3c2cnn3-c2ccc(S(C)(=O)=O)cc2F)CC1,1.833,mL.min-1.kg-1,species_only_monkey
8034002,CHEMBL1952947,CHEMBL1951032,CL,mL.min-1.kg-1,=,1.833,CHEMBL613847,Macaca fascicularis,Clearance in iv dosed Cynomolgus monkey,A,COc1c(Nc2ccc(S(C)(=O)=O)nc2C)ncnc1OC1CCN(C(=O)OC(C)C)CC1,1.833,mL.min-1.kg-1,species_only_monkey
8036182,CHEMBL1952544,CHEMBL1951575,CL,mL.min-1.kg-1,=,16.0,CHEMBL613847,Macaca fascicularis,"Clearance in cynomolgus monkey at 0.5 mg/kg, iv",A,CC(C)(C)NC(=O)c1ccc(Oc2cc(F)c(CC(=O)O)cc2Cl)c(NS(=O)(=O)c2ccc(C3CC3)cc2Cl)c1,16.0,mL.min-1.kg-1,species_only_monkey
8037361,CHEMBL1953993,CHEMBL1951778,CL,mL.min-1.kg-1,=,13.67,CHEMBL613847,Macaca fascicularis,"Clearance in cynomolgus monkey at 5 mg/kg, iv",A,COc1ccc([C@]2(O)CC[C@H](N3CC[C@@H](NC(=O)CNC(=O)c4cccc(C(F)(F)F)c4)C3)CC2)cn1.CS(=O)(=O)O,13.67,mL.min-1.kg-1,species_only_monkey
8055235,CHEMBL1960262,CHEMBL1945843,CL,mL.min-1.kg-1,=,21.0,CHEMBL613847,Macaca fascicularis,"Clearance in cynomolgus monkey at 1 mg/kg, iv and 3 mg/kg, po",A,C[C@@H]1CCCN1CCCOc1ccc(-c2cnn(-c3ccccn3)c(=O)c2)cc1,21.0,mL.min-1.kg-1,species_only_monkey
10841806,CHEMBL2015969,CHEMBL2012512,CL,mL.min-1.kg-1,=,3.3,CHEMBL613847,Macaca fascicularis,"Clearance in cynomolgus monkey at 1 mg/kg, po and 1 mg/kg, iv",A,CC[C@H]1[C@H](/C=C/c2ccc(-c3ccccc3)cn2)[C@@H]2[C@@H](C)OC(=O)[C@]2(O)C[C@@H]1C.Cl,3.3,mL.min-1.kg-1,species_only_monkey
10843877,CHEMBL2015691,CHEMBL2010872,CL,mL.min-1.kg-1,=,18.0,CHEMBL613847,Macaca fascicularis,"Clearance in cynomolgus monkey at 0.5 mg/kg, iv",A,CC(C)Cn1c2ccc(Nc3ncccn3)cc2c2c3c(c4c(c21)CCc1nn(C)cc1-4)C(=O)NC3,18.0,mL.min-1.kg-1,species_only_monkey
10844145,CHEMBL2014607,CHEMBL2013174,CL,mL.min-1.kg-1,=,4.833,CHEMBL613847,Macaca fascicularis,"Clearance in cynomolgus monkey at 1 mg/kg, iv and 4 mg/kg, po",A,CC[C@@H]1C[C@]1(NC(=O)[C@@H]1C[C@@H](Oc2cc(-c3csc(NC(C)C)n3)nc3c(Cl)c(OCCN4CCOCC4)ccc23)CN1C(=O)[C@@H](NC(=O)O[C@@H]1C[C@@H]2C[C@@H]2C1)C(C)(C)C)C(=O)O,4.833,mL.min-1.kg-1,species_only_monkey
10853071,CHEMBL2020285,CHEMBL2017974,CL,mL.min-1.kg-1,=,13.0,CHEMBL613847,Macaca fascicularis,"Clearance in cynomolgus monkey at 1 mg/kg, iv",A,Nc1cc(C(F)(F)F)c(-c2cc(N3CCOCC3)nc(N3CCOCC3)n2)cn1,13.0,mL.min-1.kg-1,species_only_monkey
10855499,CHEMBL2021088,CHEMBL2017195,CL,mL.min-1.kg-1,=,0.7,CHEMBL613847,Macaca fascicularis,"Clearance in cynomolgus monkey at 1 mg/kg, iv and 3 mg/kg, po after 72 hrs",A,CC[C@@H]1C[C@H](N(Cc2cc(C(F)(F)F)cc(C(F)(F)F)c2)c2nnn(C)n2)c2nc(C(F)(F)F)ccc2N1C(=O)OC(C)C,0.7,mL.min-1.kg-1,species_only_monkey
10855500,CHEMBL2021088,CHEMBL2017198,CL,mL.min-1.kg-1,=,2.2,CHEMBL613847,Macaca fascicularis,"Clearance in cynomolgus monkey at 1 mg/kg, iv and 3 mg/kg, po after 72 hrs",A,CC[C@@H]1C[C@H](N(Cc2cc(C(F)(F)F)cc(C(F)(F)F)c2)c2nnn(C)n2)c2nc(C)ccc2N1C(=O)OC(C)C,2.2,mL.min-1.kg-1,species_only_monkey
10857041,CHEMBL2020140,CHEMBL2019090,CL,mL.min-1.kg-1,=,13.6,CHEMBL613847,Macaca fascicularis,"Clearance in cynomolgus monkey at 3 mg/kg, iv",A,CCc1c(C)cc(C(=O)NC2(C(=O)O)CCCCC2)c(=O)n1Cc1ccc(F)cc1,13.6,mL.min-1.kg-1,species_only_monkey
10858797,CHEMBL2020590,CHEMBL2016893,CL,mL.min-1.kg-1,=,20.5,CHEMBL614875,Macaca mulatta,Clearance in monkey at 3 mg/kg,A,Cc1c(NCCN2CCCC2)cc(C(=O)CCC(F)(F)F)cc1N1CCN(c2ncnc3[nH]nc(Br)c23)CC1,20.5,mL.min-1.kg-1,species_only_monkey
10866050,CHEMBL2027791,CHEMBL2023125,CL,mL.min-1.kg-1,=,29.6,CHEMBL613847,Macaca fascicularis,"Clearance in cynomolgus monkey at 1 mg/kg, iv",A,CN[C@H](CNC(=O)N1CCC[C@@H]([C@@H](OCCNC(=O)OC)c2cccc(Cl)c2)C1)C[C@H]1CCCOC1.O=C(O)/C=C/C(=O)O,29.6,mL.min-1.kg-1,species_only_monkey
10866051,CHEMBL2027791,CHEMBL2023121,CL,mL.min-1.kg-1,=,9.5,CHEMBL613847,Macaca fascicularis,"Clearance in cynomolgus monkey at 1 mg/kg, iv",A,CNC[C@H](C[C@H]1CCCOC1)NC(=O)N1CCC[C@@H]([C@@H](OCCNC(=O)OC)c2cccc(Cl)c2)C1.O=C(O)/C=C/C(=O)O,9.5,mL.min-1.kg-1,species_only_monkey
10866052,CHEMBL2027791,CHEMBL2023120,CL,mL.min-1.kg-1,=,11.7,CHEMBL613847,Macaca fascicularis,"Clearance in cynomolgus monkey at 1 mg/kg, iv",A,CNC[C@H](CC1CCCCC1)NC(=O)N1CCC[C@@H]([C@@H](OCCNC(=O)OC)c2cccc(Cl)c2)C1.O=C(O)/C=C/C(=O)O,11.7,mL.min-1.kg-1,species_only_monkey
10866053,CHEMBL2027791,CHEMBL3545059,CL,mL.min-1.kg-1,=,2.5,CHEMBL613847,Macaca fascicularis,"Clearance in cynomolgus monkey at 1 mg/kg, iv",A,COCCCOc1cc(C[C@@H](C[C@H](N)[C@@H](O)C[C@H](C(=O)NCC(C)(C)C(N)=O)C(C)C)C(C)C)ccc1OC.COCCCOc1cc(C[C@@H](C[C@H](N)[C@@H](O)C[C@H](C(=O)NCC(C)(C)C(N)=O)C(C)C)C(C)C)ccc1OC.O=C(O)/C=C/C(=O)O,2.5,mL.min-1.kg-1,species_only_monkey
10866893,CHEMBL2027373,CHEMBL2022903,CL,mL.min-1.kg-1,=,2.0,CHEMBL613847,Macaca fascicularis,"Clearance in cynomolgus monkey at 0.5 mg/kg, iv",A,CCc1cc(CN2CC(C(=O)O)C2)sc1-c1ncc(-c2ccc(OC(C)C)c(C)c2)s1,2.0,mL.min-1.kg-1,species_only_monkey
10866894,CHEMBL2027373,CHEMBL2022914,CL,mL.min-1.kg-1,=,1.75,CHEMBL613847,Macaca fascicularis,"Clearance in cynomolgus monkey at 0.5 mg/kg, iv",A,CCc1cc(-c2cnc(-c3ccc(CN4CC(C(=O)O)C4)nc3CC)s2)ccc1OC(C)C,1.75,mL.min-1.kg-1,species_only_monkey
10883889,CHEMBL2032884,CHEMBL2032049,CL,mL.min-1.kg-1,=,3.667,CHEMBL613847,Macaca fascicularis,"Clearance in cynomolgus monkey at 0.5 mg/kg, iv",A,C[C@H]1c2c([nH]c3ccc(C(F)(F)F)cc23)C[C@H]2CCN(CCC3(C(=O)O)CCCCC3)C[C@@H]21,3.667,mL.min-1.kg-1,species_only_monkey
10886179,CHEMBL2033550,CHEMBL2029988,CL,mL.min-1.kg-1,=,6.7,CHEMBL613847,Macaca fascicularis,"Clearance in Cynomolgus monkey at 1 mg/kg, iv and 10 mg/kg, po",A,COc1cc2ncnc(Oc3cccc(NC(=O)Nc4cc(C(C)(C)C(F)(F)F)on4)c3)c2cc1OC,6.7,mL.min-1.kg-1,species_only_monkey
10889543,CHEMBL2034177,CHEMBL2032130,CL,mL.min-1.kg-1,=,29.4,CHEMBL614875,Macaca mulatta,"Plasma clearance in monkey at 3 mg/kg, iv",A,CCNC(=O)NC(=O)[C@@H]1CCCN1C(=O)[C@H](CC1CCCC1)CN(O)C=O,29.4,mL.min-1.kg-1,species_only_monkey
10908217,CHEMBL2039814,CHEMBL377414,CL,mL.min-1.kg-1,=,24.0,CHEMBL613847,Macaca fascicularis,Clearance in cynomolgus monkey at 2 mg/kg,A,CC(C)C[C@@H]1C(=O)N[C@H](C2Cc3ccccc3C2)C(=O)N1[C@@H](C(=O)N(C)C)c1ccc(F)cc1F,24.0,mL.min-1.kg-1,species_only_monkey
10908218,CHEMBL2039814,CHEMBL429736,CL,mL.min-1.kg-1,=,26.0,CHEMBL613847,Macaca fascicularis,Clearance in cynomolgus monkey at 2 mg/kg,A,CC[C@H](C)[C@@H]1C(=O)N[C@H](C2Cc3ccccc3C2)C(=O)N1[C@@H](C(=O)N1CCOCC1)c1coc(C)n1,26.0,mL.min-1.kg-1,species_only_monkey
10908220,CHEMBL2039814,CHEMBL2037512,CL,mL.min-1.kg-1,=,24.0,CHEMBL613847,Macaca fascicularis,Clearance in cynomolgus monkey at 2 mg/kg,A,CCC(CC)[C@@H]1C(=O)N[C@H](C2Cc3ccccc3C2)C(=O)N1[C@@H](C(=O)NC)c1ccc(C)nc1,24.0,mL.min-1.kg-1,species_only_monkey
10908221,CHEMBL2039814,CHEMBL2037511,CL,mL.min-1.kg-1,=,26.0,CHEMBL613847,Macaca fascicularis,Clearance in cynomolgus monkey at 2 mg/kg,A,CC[C@H](C)[C@@H]1C(=O)N[C@H](C2Cc3ccccc3C2)C(=O)N1[C@@H](C(=O)N1CCOCC1)c1ccc(C)nc1C,26.0,mL.min-1.kg-1,species_only_monkey
10908222,CHEMBL2039814,CHEMBL2037510,CL,mL.min-1.kg-1,=,20.0,CHEMBL613847,Macaca fascicularis,Clearance in cynomolgus monkey at 2 mg/kg,A,CC[C@H](C)[C@@H]1C(=O)N[C@H](C2Cc3ccccc3C2)C(=O)N1[C@@H](C(=O)N(C)C)c1ccc(C)nc1C,20.0,mL.min-1.kg-1,species_only_monkey
10911669,CHEMBL2040036,CHEMBL2035983,CL,mL.min-1.kg-1,=,22.0,CHEMBL614875,Macaca mulatta,"Clearance in monkey at 0.5 mg/kg, iv",A,C[C@@]1(c2cc(F)cc(F)c2)CNC2(CCCC2)C(=O)N1CC(=O)Nc1cnc2c(c1)C[C@@]1(C2)C(=O)Nc2ncccc21,22.0,mL.min-1.kg-1,species_only_monkey
10927468,CHEMBL2046237,CHEMBL2043298,CL,mL.min-1.kg-1,=,10.0,CHEMBL614875,Macaca mulatta,Clearance in monkey at 3 mg/kg,A,CCc1ccc2c(c1)c(-c1ccc[nH]c1=O)c(C(=O)O)n2Cc1cc([N+](=O)[O-])ccc1F,10.0,mL.min-1.kg-1,species_only_monkey
10936031,CHEMBL2051649,CHEMBL2048705,CL,mL.min-1.kg-1,=,14.7,CHEMBL613847,Macaca fascicularis,"Clearance in cynomolgus monkey at 1 mg/kg, iv",A,CCCCNC(=O)[C@@H](C[C@H](O)[C@@H](N)CN1CC(=O)N(c2cc(F)ccc2Cl)CC1(C)C)C(C)C.O=C(O)/C=C/C(=O)O,14.7,mL.min-1.kg-1,species_only_monkey
10953771,CHEMBL2060067,CHEMBL2057618,CL,mL.min-1.kg-1,=,5.1,CHEMBL614875,Macaca mulatta,Plasma clearance in rhesus monkey,A,O=C(O)c1n[nH]c2c1C[C@H]1C[C@@H]21,5.1,mL.min-1.kg-1,species_only_monkey
10958707,CHEMBL2061070,CHEMBL2059191,CL,mL.min-1.kg-1,=,15.0,CHEMBL614875,Macaca mulatta,"Clearance in monkey at 3 mg/kg, po",A,CCc1cc2cc(-c3c(C)nc(NCC(F)(F)F)nc3N[C@@H]3C[C@H](CO)[C@@H](O)[C@H]3O)oc2cn1.Cl,15.0,mL.min-1.kg-1,species_only_monkey
10958708,CHEMBL2061070,CHEMBL2058961,CL,mL.min-1.kg-1,=,16.0,CHEMBL614875,Macaca mulatta,"Clearance in monkey at 3 mg/kg, po",A,CCOc1cc2cc(-c3c(C)nc(NCC4CC4)nc3N[C@@H]3C[C@H](CO)[C@@H](O)[C@H]3O)oc2c(C)n1.Cl,16.0,mL.min-1.kg-1,species_only_monkey
10970386,CHEMBL2066654,CHEMBL2063872,CL,mL.min-1.kg-1,=,47.0,CHEMBL613847,Macaca fascicularis,"Clearance in cynomolgus monkey at 1 mg/kg, iv",A,CN[C@@H](C)C(=O)N[C@H](C(=O)N1CCC[C@H]1C(=O)Nc1snnc1-c1ccccc1)C1CCCCC1.O=C(O)C(F)(F)F,47.0,mL.min-1.kg-1,species_only_monkey
10970406,CHEMBL2066066,CHEMBL2063872,CL,mL.min-1.kg-1,=,36.0,CHEMBL613847,Macaca fascicularis,"Clearance in cynomolgus monkey at 20 mg/kg, iv",A,CN[C@@H](C)C(=O)N[C@H](C(=O)N1CCC[C@H]1C(=O)Nc1snnc1-c1ccccc1)C1CCCCC1.O=C(O)C(F)(F)F,36.0,mL.min-1.kg-1,species_only_monkey
10981514,CHEMBL2066406,CHEMBL2064666,CL,mL.min-1.kg-1,=,28.0,CHEMBL613847,Macaca fascicularis,"Plasma clearance in cynomolgus monkey at 1 mg/kg, iv",A,COc1c(Nc2ncc(Cl)c(N[C@H]3[C@@H](C(N)=O)[C@@H]4C=C[C@H]3C4)n2)ccc2c1CC[C@@H](N1CCOCC1)CC2,28.0,mL.min-1.kg-1,species_only_monkey
10989739,CHEMBL2073387,CHEMBL2069560,CL,mL.min-1.kg-1,=,12.0,CHEMBL614875,Macaca mulatta,"Total clearance in monkey at 1 mg/kg, iv",A,CCc1cc(NC[C@@H](O)CO)nc(-c2cc(F)c(Cl)cc2F)n1,12.0,mL.min-1.kg-1,species_only_monkey
10993920,CHEMBL2072309,CHEMBL2071136,CL,mL.min-1.kg-1,=,20.0,CHEMBL614875,Macaca mulatta,"Clearance in monkey at 3 mg/kg, po",A,Cc1nc(N[C@H](C)c2ccc(OC(F)(F)F)cc2)nc(N[C@@H]2C[C@H](CO)[C@@H](O)[C@H]2O)c1-c1nc2c(C)nccc2s1.Cl,20.0,mL.min-1.kg-1,species_only_monkey
10993921,CHEMBL2072309,CHEMBL2071103,CL,mL.min-1.kg-1,=,7.2,CHEMBL614875,Macaca mulatta,"Clearance in monkey at 3 mg/kg, po",A,Cc1nc(N[C@H](C)c2ccc(OC(F)(F)F)cc2)nc(N[C@@H]2C[C@H](CO)[C@@H](O)[C@H]2O)c1-c1nc2c(C3CC3)nccc2s1.Cl,7.2,mL.min-1.kg-1,species_only_monkey
11011066,CHEMBL2090348,CHEMBL2088583,CL,mL.min-1.kg-1,=,2.0,CHEMBL614875,Macaca mulatta,"Clearance in monkey at 1 mg/kg, iv or 2 mg/kg, po",A,Cc1nnc(-c2ccc(F)c(-c3c(=O)ccn4nc(Oc5ccc(F)cc5F)ccc34)c2)o1,2.0,mL.min-1.kg-1,species_only_monkey
11011067,CHEMBL2090348,CHEMBL2088591,CL,mL.min-1.kg-1,=,3.4,CHEMBL614875,Macaca mulatta,"Clearance in monkey at 1 mg/kg, iv or 2 mg/kg, po",A,COc1ccc(-c2nnc(C)o2)cc1-c1c(=O)ccn2nc(Oc3ccc(F)cc3F)ccc12,3.4,mL.min-1.kg-1,species_only_monkey
12039625,CHEMBL2149751,CHEMBL2146721,CL,mL.min-1.kg-1,=,24.0,CHEMBL614875,Macaca mulatta,"Clearance in rhesus monkey at 1 mg/kg, po and 1 mg/kg, iv",A,O=C(NC[C@]1(CC2CC2)CC[C@H](S(=O)(=O)CC2CC2)CC1)c1ccc(Cl)cc1Cl,24.0,mL.min-1.kg-1,species_only_monkey
12040433,CHEMBL2150381,CHEMBL2146752,CL,mL.min-1.kg-1,=,3.7,CHEMBL613847,Macaca fascicularis,"Plasma clearance in cynomolgus monkey at 1 mg/kg, iv",A,CC1CCN([C@H](c2ccc(F)cc2)c2ccc([C@@H](C)C(=O)O)cc2-c2ccc(C(F)(F)F)cc2)CC1.Cl,3.7,mL.min-1.kg-1,species_only_monkey
12050340,CHEMBL2154286,CHEMBL2151147,CL,mL.min-1.kg-1,=,19.3,CHEMBL614875,Macaca mulatta,Systemic clearance in rhesus monkey at 10 mg/kg,A,Cc1nccnc1-c1ccc(CC(=O)N[C@H](C)c2ccc(OCC(F)(F)F)cn2)cc1,19.3,mL.min-1.kg-1,species_only_monkey
12050560,CHEMBL2156145,CHEMBL565612,CL,mL.min-1.kg-1,=,23.0,CHEMBL613847,Macaca fascicularis,"Total plasma clearance in cynomolgus monkey at 5 mg/kg, iv",A,CN1CCN(c2nc(C3=C(c4c[nH]c5ccccc45)C(=O)NC3=O)c3ccccc3n2)CC1,23.0,mL.min-1.kg-1,species_only_monkey
12054437,CHEMBL2155196,CHEMBL2152070,CL,mL.min-1.kg-1,=,13.5,CHEMBL613847,Macaca fascicularis,"Clearance in cynomolgus monkey at 2 mg/kg, po and 0.5 mg/kg, iv",A,COc1ccc(F)c(-c2ccc(COc3cccc([C@@H](CC(=O)O)C4CC4)c3)cc2C2=CCCC2(C)C)c1,13.5,mL.min-1.kg-1,species_only_monkey
12055681,CHEMBL2155349,CHEMBL2152353,CL,mL.min-1.kg-1,=,3.59,CHEMBL613847,Macaca fascicularis,"Clearance in cynomolgus monkey at 3 mg/kg, iv",A,CC[C@H](C[C@H](O)[C@@H](N)CN1CC(=O)N(c2ccccc2Cl)CC1(C)C)C(=O)NC1C2CC3CC1CC(O)(C3)C2.O.O=C(O)/C=C/C(=O)O,3.59,mL.min-1.kg-1,species_only_monkey
12067794,CHEMBL2160905,CHEMBL2159511,CL,mL.min-1.kg-1,=,8.2,CHEMBL614875,Macaca mulatta,"Clearance in monkey at 2.5 mg/kg, iv administered with 0.4% HPMC",A,CS(=O)(=O)CC[C@@H]1OCC[C@@]2(S(=O)(=O)c3ccc(Cl)cc3)c3c(F)ccc(F)c3OC[C@@H]12,8.2,mL.min-1.kg-1,species_only_monkey
12077479,CHEMBL2160833,CHEMBL1933349,CL,mL.min-1.kg-1,=,2.5,CHEMBL614875,Macaca mulatta,"Plasma clearance in monkey at 0.5 mg/kg, iv and 2 mg/kg, po",A,COc1ccc2cc(-c3cc(-c4cc(Cl)cc(Cl)c4)nn3[C@@H](C)c3ccc(C(=O)NCCC(=O)O)cc3)ccc2c1,2.5,mL.min-1.kg-1,species_only_monkey
12082332,CHEMBL2168818,CHEMBL2165620,CL,mL.min-1.kg-1,=,20.0,CHEMBL614875,Macaca mulatta,"Clearance in monkey at 0.5 mg/kg, iv",A,O=C(O)c1ccc(NC(=O)[C@H](CC2CCCC2)n2cnc(C(F)(F)F)c2)nc1,20.0,mL.min-1.kg-1,species_only_monkey
12084297,CHEMBL2167693,CHEMBL1095488,CL,mL.min-1.kg-1,=,7.0,CHEMBL613847,Macaca fascicularis,"Clearance in cynomolgus monkey at 2 mg/kg, iv and 10 mg/kg, po administered as single dose",A,Nc1nc(-c2ccccc2)c2c(n1)-c1cc(OCCN3CCOCC3)ccc1C2=O,7.0,mL.min-1.kg-1,species_only_monkey
12084298,CHEMBL2167693,CHEMBL1087185,CL,mL.min-1.kg-1,=,15.0,CHEMBL613847,Macaca fascicularis,"Clearance in cynomolgus monkey at 2 mg/kg, iv and 10 mg/kg, po administered as single dose",A,CN1CCN(C(=O)c2ccc3c(c2)-c2nc(N)nc(-c4ccccc4)c2C3=O)CC1,15.0,mL.min-1.kg-1,species_only_monkey
12084336,CHEMBL2167700,CHEMBL1087189,CL,mL.min-1.kg-1,=,56.0,CHEMBL613847,Macaca fascicularis,"Clearance in cynomolgus monkey at 1 mg/kg, iv and 10 mg/kg, po administered as single dose",A,Nc1nc(-c2ccccc2)c2c(n1)-c1cc(CN3CCCC3)ccc1C2=O,56.0,mL.min-1.kg-1,species_only_monkey
12086016,CHEMBL2166081,CHEMBL2165861,CL,mL.min-1.kg-1,=,4.4,CHEMBL613847,Macaca fascicularis,"Clearance in cynomolgus monkey at 1.3 mg/kg, iv",A,COc1cnc(OC)c2c1c(C(=O)C(=O)N1CCN(C(=O)c3ccccc3)CC1)cn2COP(=O)(O)O.NCCCC[C@H](N)C(=O)O,4.4,mL.min-1.kg-1,species_only_monkey
12086820,CHEMBL2169316,CHEMBL1783734,CL,mL.min-1.kg-1,=,24.47,CHEMBL614875,Macaca mulatta,"Plasma clearance in monkey at 5 mg/kg, iv",A,CS(=O)(=O)c1ccc([C@@H](C[C@H]2CCC(=O)C2)C(=O)Nc2cnccn2)cc1Cl,24.47,mL.min-1.kg-1,species_only_monkey
12091483,CHEMBL2168549,CHEMBL2023109,CL,mL.min-1.kg-1,=,1.3,CHEMBL614875,Macaca mulatta,"Plasma clearance in rhesus monkey at 0.5 mg/kg, iv",A,CC(C)(O)c1nc(-c2cccc3c2N(S(=O)(=O)c2ccc(OC(F)(F)F)cc2)Cc2ccc(C(F)(F)F)nc2N3)no1,1.3,mL.min-1.kg-1,species_only_monkey
12092493,CHEMBL2168766,CHEMBL2164602,CL,mL.min-1.kg-1,=,25.33,CHEMBL613847,Macaca fascicularis,"Clearance in cynomolgus monkey at 1 mg/kg, iv and 5 mg/kg, po",A,O=C(Nc1cccnc1)N1CCN(Cc2cccc(Oc3ccc(Cl)cc3)c2)CC1,25.33,mL.min-1.kg-1,species_only_monkey
12103530,CHEMBL2175387,CHEMBL2171670,CL,mL.min-1.kg-1,=,2.4,CHEMBL613847,Macaca fascicularis,"Total clearance in fed cynomolgus monkey at 1 mg/kg, iv measured up to 24 hrs",A,COC(=O)c1[nH]cc(C(=O)NCc2ccc(F)cc2)c(=O)c1O,2.4,mL.min-1.kg-1,species_only_monkey
12110239,CHEMBL2174747,CHEMBL2172493,CL,mL.min-1.kg-1,=,5.117,CHEMBL613847,Macaca fascicularis,"Total clearance in fasted cynomolgus monkey at 1 mg/kg, iv",A,CC(C)c1ccc(Cc2ccc3c(c2)[C@]2(OC3)O[C@H](CO)[C@@H](O)[C@H](O)[C@H]2O)cc1,5.117,mL.min-1.kg-1,species_only_monkey
12110240,CHEMBL2174747,CHEMBL2110731,CL,mL.min-1.kg-1,=,5.933,CHEMBL613847,Macaca fascicularis,"Total clearance in fasted cynomolgus monkey at 1 mg/kg, iv",A,CCc1ccc(Cc2ccc3c(c2)[C@]2(OC3)O[C@H](CO)[C@@H](O)[C@H](O)[C@H]2O)cc1,5.933,mL.min-1.kg-1,species_only_monkey
12135131,CHEMBL2184271,CHEMBL2181880,CL,mL.min-1.kg-1,=,27.5,CHEMBL614875,Macaca mulatta,"Clearance in rhesus monkey at 2 mg/kg, iv",A,CO[C@H](C)C(=O)N[C@@H](Cc1ccc2c(c1)OCO2)[C@H](O)CN[C@H]1CC2(CCC2)Oc2ncc(CC(C)(C)C)cc21,27.5,mL.min-1.kg-1,species_only_monkey
12141307,CHEMBL2182656,CHEMBL2059435,CL,mL.min-1.kg-1,=,12.0,CHEMBL613847,Macaca fascicularis,Clearance in cynomolgus monkey plasma relative to hepatic blood flow,A,CC[C@@H]([C@H](C)O)N1C(=O)[C@@](C)(CC(=O)O)C[C@H](c2cccc(Cl)c2)[C@H]1c1ccc(Cl)cc1,12.0,mL.min-1.kg-1,species_only_monkey
12159972,CHEMBL2185656,CHEMBL2181776,CL,mL.min-1.kg-1,=,9.5,CHEMBL614875,Macaca mulatta,"Clearance in rhesus monkey at 2 mg/kg, iv",A,Cn1c(-c2ccccn2)c(C2CCCC2)c2ccc(C(=O)NC3(C(=O)Nc4ccc(/C=C/C(=O)O)cc4)CCC3)cc21,9.5,mL.min-1.kg-1,species_only_monkey
12165217,CHEMBL2184532,CHEMBL2180972,CL,mL.min-1.kg-1,=,4.7,CHEMBL613847,Macaca fascicularis,"Clearance in cynomolgus monkey at 1 mg/kg, iv",A,N#Cc1cc(Cl)cc(Oc2c(Br)ccc(CNC(=O)c3[nH]c(N)nc3Cl)c2F)c1,4.7,mL.min-1.kg-1,species_only_monkey
12172856,CHEMBL2208687,CHEMBL2204935,CL,mL.min-1.kg-1,=,3.09,CHEMBL614875,Macaca mulatta,"Clearance in rhesus monkey at 1 mg/kg, iv",A,Cc1nc([C@]2(c3cnn(C)c3)N[C@@H](c3nc(-c4ccc(F)cc4)c[nH]3)Cc3c2[nH]c2ccccc32)no1,3.09,mL.min-1.kg-1,species_only_monkey
12172931,CHEMBL2208687,CHEMBL2204933,CL,mL.min-1.kg-1,=,2.79,CHEMBL614875,Macaca mulatta,"Clearance in rhesus monkey at 1 mg/kg, iv",A,Cc1nc([C@@H]2N[C@@H](c3nc(-c4ccc(F)cc4)c[nH]3)Cc3c2[nH]c2ccccc32)no1,2.79,mL.min-1.kg-1,species_only_monkey
12175260,CHEMBL2213591,CHEMBL2204538,CL,mL.min-1.kg-1,=,7.7,CHEMBL614875,Macaca mulatta,Clearance in monkey,A,COCCOc1nc(-c2ccc(Cl)nc2)nc2c1CN(C(=O)c1ncn3ccccc13)CC2,7.7,mL.min-1.kg-1,species_only_monkey
12185246,CHEMBL2216342,CHEMBL2205766,CL,mL.min-1.kg-1,=,1.6,CHEMBL613847,Macaca fascicularis,Clearance in cynomolgus monkey,A,CC(C)(C)NS(=O)(=O)c1cncc(-c2ccn3nc(N)nc3c2)c1,1.6,mL.min-1.kg-1,species_only_monkey
12187241,CHEMBL2214335,CHEMBL2203836,CL,mL.min-1.kg-1,=,2.0,CHEMBL613847,Macaca fascicularis,"Clearance in cynomolgus monkey at 2 mg/kg, iv",A,CCS(=O)(=O)Nc1cc(F)c(-c2ccc(C#N)n2C)c(F)c1,2.0,mL.min-1.kg-1,species_only_monkey
12193843,CHEMBL2213320,CHEMBL2208034,CL,mL.min-1.kg-1,=,19.58,CHEMBL613847,Macaca fascicularis,"Clearance in cynomolgus monkey at 3 mg/kg, po and iv",A,O=C(Nc1ccc(-c2ccnc(Nc3ccc(N4CCOCC4)cc3)n2)cc1)[C@H]1CCCN1,19.58,mL.min-1.kg-1,species_only_monkey
12464632,CHEMBL3055344,CHEMBL301267,CL,mL.min-1.kg-1,=,38.33,CHEMBL614875,Macaca mulatta,"Clearance in Macaca mulatta (Rhesus monkey) at 4 mg/kg, iv",A,CCO[C@H]1O[C@@H]2O[C@@]3(C)CC[C@H]4[C@H](C)CC[C@@H]([C@H]1C)[C@@]24OO3,38.33,mL.min-1.kg-1,species_only_monkey
12464638,CHEMBL3055350,CHEMBL301267,CL,mL.min-1.kg-1,=,118.33,CHEMBL614875,Macaca mulatta,"Clearance in Macaca mulatta (Rhesus monkey) at 7.5 mg/kg, administered intramuscularly",A,CCO[C@H]1O[C@@H]2O[C@@]3(C)CC[C@H]4[C@H](C)CC[C@@H]([C@H]1C)[C@@]24OO3,118.33,mL.min-1.kg-1,species_only_monkey
12464716,CHEMBL3055344,CHEMBL469416,CL,mL.min-1.kg-1,=,26.67,CHEMBL614875,Macaca mulatta,"Clearance in Macaca mulatta (Rhesus monkey) at 4 mg/kg, iv",A,CCO[C@@H]1O[C@@H]2O[C@]3(C)CC[C@H]4[C@H](C)CC[C@@H]([C@H]1C)[C@@]24OO3,26.67,mL.min-1.kg-1,species_only_monkey
12464722,CHEMBL3055350,CHEMBL469416,CL,mL.min-1.kg-1,=,61.67,CHEMBL614875,Macaca mulatta,"Clearance in Macaca mulatta (Rhesus monkey) at 7.5 mg/kg, administered intramuscularly",A,CCO[C@@H]1O[C@@H]2O[C@]3(C)CC[C@H]4[C@H](C)CC[C@@H]([C@H]1C)[C@@]24OO3,61.67,mL.min-1.kg-1,species_only_monkey
12613529,CHEMBL2318633,CHEMBL522802,CL,mL.min-1.kg-1,=,2.0,CHEMBL613847,Macaca fascicularis,"Plasma clearance in cynomolgus monkey at 1 mg/kg, iv and 5 mg/kg, po",A,CNC(=O)c1c(O)c2ncc(Cc3ccc(F)cc3)cc2n(C)c1=O,2.0,mL.min-1.kg-1,species_only_monkey
12636437,CHEMBL2320811,CHEMBL2314618,CL,mL.min-1.kg-1,=,6.5,CHEMBL614875,Macaca mulatta,"Clearance in monkey at 2.5 mg/kg, iv",A,CS(=O)(=O)CC[C@@H]1OCC[C@@]2(S(=O)(=O)c3ccc(C(F)(F)F)cc3)c3c(F)ccc(F)c3OC[C@@H]12,6.5,mL.min-1.kg-1,species_only_monkey
12655325,CHEMBL2328806,CHEMBL2322331,CL,mL.min-1.kg-1,=,0.33,CHEMBL614875,Macaca mulatta,Clearance in monkey,A,Cc1nn2c(O)cc(N3CCOCC3)nc2c1Cc1cccc(C(F)(F)F)c1C,0.33,mL.min-1.kg-1,species_only_monkey
12656851,CHEMBL2329643,CHEMBL1980391,CL,mL.min-1.kg-1,=,7.817,CHEMBL614875,Macaca mulatta,"Total clearance in monkey at 1 mg/kg, iv",A,COc1cc2c(cc1F)C(c1ccccc1Cl)=Nc1c(n[nH]c1C)N2,7.817,mL.min-1.kg-1,species_only_monkey
12677399,CHEMBL2340109,CHEMBL2332742,CL,mL.min-1.kg-1,=,3.0,CHEMBL614875,Macaca mulatta,"Clearance in monkey at 15 mg/kg, iv",A,Cc1cc(C(F)(F)F)c(-c2ccc(C[C@H](NC(=O)c3c(Cl)cccc3Cl)C(=O)O)cc2)c(=O)n1C,3.0,mL.min-1.kg-1,species_only_monkey
12677566,CHEMBL2346041,CHEMBL2333173,CL,mL.min-1.kg-1,=,6.88,CHEMBL613847,Macaca fascicularis,"Clearance in cynomolgus monkey at 10 mg/kg, iv",A,Cc1c(-c2ccc(C[C@H](NC(=O)c3c(F)cccc3F)C(=O)O)cc2)c(=O)n(C)c(=O)n1C,6.88,mL.min-1.kg-1,species_only_monkey
12685557,CHEMBL2341514,CHEMBL2336071,CL,mL.min-1.kg-1,=,1.633,CHEMBL614875,Macaca mulatta,Clearance in monkey,A,CCc1cc(/C(C)=N/OCc2ccc(C3CCCCC3)c(C(F)(F)F)c2)ccc1CN1CC(C(=O)O)C1,1.633,mL.min-1.kg-1,species_only_monkey
12691470,CHEMBL2345969,CHEMBL1808262,CL,mL.min-1.kg-1,=,39.0,CHEMBL614875,Macaca mulatta,Blood clearance in iv dosed monkey,A,CC(C)c1nc(-c2cccc(NS(=O)(=O)c3c(F)cccc3F)c2F)c(-c2ccnc(Nc3ccc(N4CCOCC4)nc3)n2)s1,39.0,mL.min-1.kg-1,species_only_monkey
12693041,CHEMBL2341989,CHEMBL2333365,CL,mL.min-1.kg-1,=,84.17,CHEMBL613847,Macaca fascicularis,"Clearance in cynomolgus monkey at 3 mg/kg, iv",A,Cc1c(C(=O)N2CCOc3ccc(-c4ccc(N)nc4)cc3C2)ccc(S(C)(=O)=O)c1F,84.17,mL.min-1.kg-1,species_only_monkey
12712586,CHEMBL2346478,CHEMBL2332698,CL,mL.min-1.kg-1,=,3.8,CHEMBL613847,Macaca fascicularis,"Clearance in cynomolgus monkey at 0.5 mg/kg, iv by LC/MS/MS method",A,CON(C)C[C@@H]1CC[C@@H](CO[C@H]2CC[C@H](C(=O)O)CC2)N1C(=O)Cc1ccc2nc(Nc3cc(F)ccc3C)oc2c1F,3.8,mL.min-1.kg-1,species_only_monkey
12730640,CHEMBL2353599,CHEMBL2180604,CL,mL.min-1.kg-1,=,3.183,CHEMBL613847,Macaca fascicularis,"Total plasma clearance in cynomolgus monkey at 0.25 mg/kg, iv",A,Cc1cc(C(=O)Nc2cc(Oc3ccc4nc(NC(=O)C5CC5)cn4n3)ccc2C)n(C)n1,3.183,mL.min-1.kg-1,species_only_monkey
13304194,CHEMBL2383039,CHEMBL2381289,CL,mL.min-1.kg-1,=,1.667,CHEMBL613847,Macaca fascicularis,"Plasma clearance in cynomolgus monkey at 6 mg/kg, po",A,O=C(O)C[C@@H]1COc2cc3c(cc21)OC[C@@H](c1cccc(C(F)(F)F)c1)O3,1.667,mL.min-1.kg-1,species_only_monkey
13304195,CHEMBL2383039,CHEMBL2381285,CL,mL.min-1.kg-1,=,0.8333,CHEMBL613847,Macaca fascicularis,"Plasma clearance in cynomolgus monkey at 6 mg/kg, po",A,O=C(O)C[C@@H]1COc2cc3c(cc21)OC[C@@H](c1cccc(Cl)c1)O3,0.8333,mL.min-1.kg-1,species_only_monkey
13304196,CHEMBL2383039,CHEMBL2381282,CL,mL.min-1.kg-1,=,0.6667,CHEMBL613847,Macaca fascicularis,"Plasma clearance in cynomolgus monkey at 6 mg/kg, po",A,O=C(O)C[C@@H]1COc2cc3c(cc21)OC[C@@H](c1cccc(Br)c1)O3,0.6667,mL.min-1.kg-1,species_only_monkey
13313406,CHEMBL2389947,CHEMBL2387446,CL,mL.min-1.kg-1,=,28.4,CHEMBL613847,Macaca fascicularis,"Clearance in cynomolgus monkey at 1 mg/kg, iv by HPLC-MS/MS analysis",A,CC(C)[C@H](C[C@H](O)[C@@H](N)CN1CC(=O)N(c2ccccc2Cl)CC1(C)C)C(=O)NCC(C)(C)C.O=C(O)/C=C/C(=O)O,28.4,mL.min-1.kg-1,species_only_monkey
13323378,CHEMBL2388533,CHEMBL2385464,CL,mL.min-1.kg-1,=,1.833,CHEMBL613847,Macaca fascicularis,"Clearance in cynomolgus monkey at 0.5 mg/kg, iv",A,COc1cc(-c2ccc(COc3ccc4c(c3F)[C@]3(CCC4)C[C@H]3C(=O)O)cc2[C@@H]2CCCC2(C)C)c(F)cn1,1.833,mL.min-1.kg-1,species_only_monkey
13323379,CHEMBL2388533,CHEMBL2385460,CL,mL.min-1.kg-1,=,14.0,CHEMBL613847,Macaca fascicularis,"Clearance in cynomolgus monkey at 0.5 mg/kg, iv",A,COc1ccc(F)c(-c2ccc(COc3ccc4c(c3)[C@]3(CC4)C[C@H]3C(=O)O)cc2[C@@H]2CCCC2(C)C)c1,14.0,mL.min-1.kg-1,species_only_monkey
13323380,CHEMBL2388533,CHEMBL2152070,CL,mL.min-1.kg-1,=,13.5,CHEMBL613847,Macaca fascicularis,"Clearance in cynomolgus monkey at 0.5 mg/kg, iv",A,COc1ccc(F)c(-c2ccc(COc3cccc([C@@H](CC(=O)O)C4CC4)c3)cc2C2=CCCC2(C)C)c1,13.5,mL.min-1.kg-1,species_only_monkey
13330662,CHEMBL2390382,CHEMBL2386636,CL,mL.min-1.kg-1,=,29.0,CHEMBL613847,Macaca fascicularis,"Clearance in cynomolgus monkey at 0.4 mg/kg, iv by LC/MS/MS analysis",A,C[C@@H](O)c1nc2cnc3[nH]ccc3c2n1[C@H]1CC[C@H](CCC#N)CC1,29.0,mL.min-1.kg-1,species_only_monkey
13330663,CHEMBL2390382,CHEMBL2386633,CL,mL.min-1.kg-1,=,18.0,CHEMBL613847,Macaca fascicularis,"Clearance in cynomolgus monkey at 0.4 mg/kg, iv by LC/MS/MS analysis",A,C[C@@H](O)c1nc2cnc3[nH]ccc3c2n1[C@H]1CC[C@H](C#N)CC1,18.0,mL.min-1.kg-1,species_only_monkey
13330664,CHEMBL2390382,CHEMBL2386653,CL,mL.min-1.kg-1,=,19.0,CHEMBL613847,Macaca fascicularis,"Clearance in cynomolgus monkey at 0.4 mg/kg, iv by LC/MS/MS analysis",A,C[C@@H](O)c1nc2cnc3[nH]ccc3c2n1[C@H]1CCCOC1,19.0,mL.min-1.kg-1,species_only_monkey
13349897,CHEMBL2401280,CHEMBL2396952,CL,mL.min-1.kg-1,=,11.67,CHEMBL613847,Macaca fascicularis,Clearance in cynomolgus monkey,A,O=S(=O)(c1ccc(C(F)(F)F)cc1)N1[C@H]2c3c[nH]nc3C[C@@H]1c1cccc(F)c12,11.67,mL.min-1.kg-1,species_only_monkey
13366706,CHEMBL2403934,CHEMBL447955,CL,mL.min-1.kg-1,=,1.0,CHEMBL614875,Macaca mulatta,"Plasma clearance in monkey at 0.5 mg/kg, iv and 1 mg/kg, po",A,C[C@@H](O[C@H]1CC[C@@H]2CN(C3=CC(=O)CC3)C[C@H]2[C@@H]1c1ccc(F)cc1)c1cc(C(F)(F)F)cc(C(F)(F)F)c1,1.0,mL.min-1.kg-1,species_only_monkey
13366707,CHEMBL2403934,CHEMBL2402572,CL,mL.min-1.kg-1,=,8.0,CHEMBL614875,Macaca mulatta,"Plasma clearance in monkey at 0.5 mg/kg, iv and 1 mg/kg, po",A,Cc1ccccc1[C@H]1[C@@H]2CN(C3=NC(=O)CO3)C[C@H]2CC[C@@H]1O[C@H](CO)c1cc(C(F)(F)F)cc(C(F)(F)F)c1,8.0,mL.min-1.kg-1,species_only_monkey
13367158,CHEMBL2406354,CHEMBL2403108,CL,mL.min-1.kg-1,=,12.8,CHEMBL613847,Macaca fascicularis,"Plasma clearance in cynomolgus monkey at 5 mg/kg, iv",A,Cc1cc(Nc2ncc(Cl)c(Nc3ccccc3S(=O)(=O)C(C)C)n2)c(OC(C)C)cc1C1CCNCC1,12.8,mL.min-1.kg-1,species_only_monkey
13374207,CHEMBL2404485,CHEMBL1213165,CL,mL.min-1.kg-1,=,2.1,CHEMBL613847,Macaca fascicularis,"Clearance in cynomolgus monkey at 1 mg/kg, iv and 5 mg/kg, po administered as suspension by LC-MS/MS analysis",A,C[C@@H]1CCO[C@H]2Cn3cc(C(=O)NCc4ccc(F)cc4F)c(=O)c([O-])c3C(=O)N12.[Na+],2.1,mL.min-1.kg-1,species_only_monkey
13375614,CHEMBL2404483,CHEMBL2403238,CL,mL.min-1.kg-1,=,0.32,CHEMBL613847,Macaca fascicularis,"Clearance in cynomolgus monkey at 1 mg/kg, iv and 5 mg/kg, po administered as capsule by LC-MS/MS analysis",A,C[C@H]1CO[C@@H]2Cn3cc(C(=O)NCc4ccc(F)cc4F)c(=O)c(O)c3C(=O)N12,0.32,mL.min-1.kg-1,species_only_monkey
13394436,CHEMBL2410413,CHEMBL2408470,CL,mL.min-1.kg-1,=,12.4,CHEMBL614875,Macaca mulatta,"Clearance in rhesus monkey at 1 mg/kg, iv",A,O=C(O)[C@H]1CC[C@@H](Oc2ccc(-c3ccc(-c4nc5cc(F)ccc5[nH]4)cn3)cn2)CC1,12.4,mL.min-1.kg-1,species_only_monkey
13396805,CHEMBL2410908,CHEMBL2409024,CL,mL.min-1.kg-1,=,21.67,CHEMBL614875,Macaca mulatta,"Clearance in monkey at 0.5 mg/kg, iv",A,COCc1c(C(=O)NCc2ccncc2)cnn1-c1ncc(C)c(-c2cccs2)n1,21.67,mL.min-1.kg-1,species_only_monkey
13396810,CHEMBL2410908,CHEMBL2409007,CL,mL.min-1.kg-1,=,16.67,CHEMBL614875,Macaca mulatta,"Clearance in monkey at 0.5 mg/kg, iv",A,CCOCc1c(C(=O)NCc2cncn2C)cnn1-c1ncc(C)c(N2CCCCC2)n1,16.67,mL.min-1.kg-1,species_only_monkey
13423434,CHEMBL2423901,CHEMBL2419044,CL,mL.min-1.kg-1,=,9.5,CHEMBL613847,Macaca fascicularis,"Clearance in cynomolgus monkey at 10 mg/kg, and 1 mg/kg, iv",A,Cc1ccccc1N1CC(C)(C)N([C@H]2CNC[C@@H](C(=O)N[C@H](CC(C)C)c3ccc(F)cn3)C2)CC1=O.O=C(O)/C=C/C(=O)O,9.5,mL.min-1.kg-1,species_only_monkey
13431588,CHEMBL2421631,CHEMBL2419440,CL,mL.min-1.kg-1,=,21.0,CHEMBL613847,Macaca fascicularis,"Plasma clearance in cynomolgus monkey at 1 mg/kg, iv by LC/MS analysis",A,CCc1nnc(-c2ccc(-c3ccccc3)nc2)n1-c1cccc(C#N)c1C,21.0,mL.min-1.kg-1,species_only_monkey
13446818,CHEMBL2427857,CHEMBL2424928,CL,mL.min-1.kg-1,=,25.1,CHEMBL613847,Macaca fascicularis,"Clearance in cynomolgus monkey at 3 mg/kg, iv",A,O=c1ccc2ncc(F)c3c2n1C[C@@]3(O)CN1CCC(NCc2cc3c(cn2)OCCO3)CC1,25.1,mL.min-1.kg-1,species_only_monkey
13449610,CHEMBL2427216,CHEMBL2424780,CL,mL.min-1.kg-1,=,0.01483,CHEMBL613847,Macaca fascicularis,"Clearance in cynomolgus monkey at 0.1 mg/kg, iv and 0.3 mg/kg, po",A,CCCCOc1nc(N)c2c(n1)N(Cc1cccc(CN3CCCC3)c1)CC(=O)N2,0.01483,mL.min-1.kg-1,species_only_monkey
13452886,CHEMBL2428790,CHEMBL2425070,CL,mL.min-1.kg-1,=,5.2,CHEMBL614875,Macaca mulatta,"Plasma clearance in rhesus monkey at 1 mg/kg, iv and 2 mg/kg, po",A,N[C@H]1C[C@@H](N2Cc3cn[nH]c3C2)CO[C@@H]1c1cc(F)ccc1F,5.2,mL.min-1.kg-1,species_only_monkey
13455863,CHEMBL2433566,CHEMBL1232461,CL,mL.min-1.kg-1,=,14.0,CHEMBL613847,Macaca fascicularis,"Blood clearance in cynomolgus monkey at 2 mg/kg, iv and 5 mg/kg, po after 1 hr",A,CCNC(=O)C[C@@H]1N=C(c2ccc(Cl)cc2)c2cc(OC)ccc2-n2c(C)nnc21,14.0,mL.min-1.kg-1,species_only_monkey
13456221,CHEMBL2434375,CHEMBL2430983,CL,mL.min-1.kg-1,=,7.333,CHEMBL613847,Macaca fascicularis,"Clearance in cynomolgus monkey at 0.5 mg/kg, iv",A,Cn1nc(-c2ccncc2)cc1NC(=O)[C@H](Cc1ccccc1)NCC(=O)O,7.333,mL.min-1.kg-1,species_only_monkey
13497020,CHEMBL2444160,CHEMBL2441952,CL,mL.min-1.kg-1,=,19.2,CHEMBL614875,Macaca mulatta,"Total blood clearance in monkey at 3 mg/kg, iv and po",A,Cc1nc2c(c(-c3ccc(Cl)cc3Cl)c1CN)C(=O)N(CC(=O)N(C)C)C2,19.2,mL.min-1.kg-1,species_only_monkey
13829972,CHEMBL3088688,CHEMBL3087342,CL,mL.min-1.kg-1,=,2.667,CHEMBL613847,Macaca fascicularis,"Clearance in cynomolgus monkey at 2 mg/kg, iv",A,Cc1cc(-c2ccc(NC(=O)[C@H](C)c3cc(C(F)(F)F)cc(C(F)(F)F)c3)cc2)ccn1,2.667,mL.min-1.kg-1,species_only_monkey
13835881,CHEMBL3090550,CHEMBL3086078,CL,mL.min-1.kg-1,=,25.0,CHEMBL613847,Macaca fascicularis,"Clearance in cynomolgus monkey at 2.5 mg/kg, iv and 5 mg/kg, po",A,Cc1c(Cc2cccc(NS(N)(=O)=O)c2F)c(=O)oc2cc(OC(=O)N(C)C)c(F)cc12,25.0,mL.min-1.kg-1,species_only_monkey
13844522,CHEMBL3094915,CHEMBL3092129,CL,mL.min-1.kg-1,=,3.5,CHEMBL613847,Macaca fascicularis,Clearance in cynomolgus monkey,A,Cc1cc2c(-c3ccc[nH]c3=O)c(C(=O)[O-])n(Cc3cc4ccccc4nc3Cl)c2cc1F.[Na+],3.5,mL.min-1.kg-1,species_only_monkey
13845210,CHEMBL3096725,CHEMBL3093427,CL,mL.min-1.kg-1,=,0.4,CHEMBL614875,Macaca mulatta,Clearance in monkey,A,NS(=O)(=O)c1ccc(-c2nc(NC(=O)N(CCC(c3ccc(F)cc3)c3ccc(F)cc3)CCN3CCOCC3)sc2Cl)cc1,0.4,mL.min-1.kg-1,species_only_monkey
13849867,CHEMBL3097119,CHEMBL3092650,CL,mL.min-1.kg-1,=,28.0,CHEMBL613847,Macaca fascicularis,Total blood clearance in iv dosed cynomolgus monkey,A,O=C1CCCN1c1ccc(Oc2ccc3c(c2)CCN(C2CCC2)CC3)nc1,28.0,mL.min-1.kg-1,species_only_monkey
13850126,CHEMBL3095291,CHEMBL3092169,CL,mL.min-1.kg-1,=,0.9,CHEMBL613847,Macaca fascicularis,"Clearance in cynomolgus monkey at 2.5 mg/kg, iv and 5 mg/kg, po by LC-MS/MS analysis",A,CNS(=O)(=O)[N-]c1cccc(Cc2c(C)c3ccc(Oc4ncccn4)cc3oc2=O)c1F.[Na+],0.9,mL.min-1.kg-1,species_only_monkey
13878576,CHEMBL3106568,CHEMBL3104879,CL,mL.min-1.kg-1,=,7.5,CHEMBL613847,Macaca fascicularis,"Clearance in cynomolgus monkey at 0.5 mg/kg, iv",A,Cc1cc2c(c(Oc3cc(NS(=O)(=O)c4ccc(Cl)cc4)ccc3F)n1)C(=O)N(C(C)C)C2=O,7.5,mL.min-1.kg-1,species_only_monkey
13880529,CHEMBL3108388,CHEMBL3105228,CL,mL.min-1.kg-1,=,3.0,CHEMBL613847,Macaca fascicularis,"Plasma clearance in cynomolgus monkey at 1 mg/kg, iv",A,O=C(c1ccc(F)c(F)c1)N1CCN2C(=O)c3ccccc3[C@@]12c1ccc(Cl)cc1,3.0,mL.min-1.kg-1,species_only_monkey
13904761,CHEMBL3118577,CHEMBL3113002,CL,mL.min-1.kg-1,=,5.833,CHEMBL613847,Macaca fascicularis,"Clearance in cynomolgus monkey at 0.5 mg/kg, iv",A,O=S(=O)(c1ccc(Cl)cc1)N1CCCc2ccc(Oc3cc(-c4nc(C5CC5)no4)cc(Cl)n3)cc21,5.833,mL.min-1.kg-1,species_only_monkey
13925853,CHEMBL3123423,CHEMBL3120505,CL,mL.min-1.kg-1,=,11.0,CHEMBL613847,Macaca fascicularis,"Clearance in cynomolgus monkey at 2.5 mg/kg, iv",A,CCc1cc2c(cc1F)c(C#N)c(-c1ccc(S(=O)(=O)N[C@@H](C)C(F)(F)F)cn1)n2-c1ncccn1,11.0,mL.min-1.kg-1,species_only_monkey
13925854,CHEMBL3123423,CHEMBL3121821,CL,mL.min-1.kg-1,=,2.2,CHEMBL613847,Macaca fascicularis,"Clearance in cynomolgus monkey at 2.5 mg/kg, iv",A,C[C@H](NS(=O)(=O)c1ccc(-c2c(C#N)c3cc(F)c(OC(F)F)cc3n2C2CCC2)nc1)C(F)(F)F,2.2,mL.min-1.kg-1,species_only_monkey
13926791,CHEMBL3122566,CHEMBL2374220,CL,mL.min-1.kg-1,=,2.833,CHEMBL613847,Macaca fascicularis,"Clearance in cynomolgus monkey at 0.5 mg/kg, iv",A,COC(=O)N[C@H](C(=O)N1CC2(CC2)C[C@H]1c1nc(-c2ccc3c(c2)C(F)(F)c2cc(-c4ccc5[nH]c([C@@H]6[C@H]7CC[C@H](C7)N6C(=O)[C@@H](NC(=O)OC)C(C)C)nc5c4)ccc2-3)c[nH]1)C(C)C,2.833,mL.min-1.kg-1,species_only_monkey
13926828,CHEMBL3123317,CHEMBL3121095,CL,mL.min-1.kg-1,=,8.0,CHEMBL614875,Macaca mulatta,"Clearance in monkey at 1 mg/kg, iv",A,O=C1NN=C(c2ccc(OC3CCN(C4CCC4)CC3)cc2)[C@H]2C[C@@H]12,8.0,mL.min-1.kg-1,species_only_monkey
13928524,CHEMBL3124025,CHEMBL3122117,CL,mL.min-1.kg-1,=,43.0,CHEMBL613847,Macaca fascicularis,"Unbound clearance in cynomolgus monkey at 1 mg/kg, po and 0.5 mg/kg, iv",A,CNc1nc(Nc2cnn([C@H]3CCN(C4COC4)C[C@@H]3F)c2Cl)ncc1C(F)(F)F,43.0,mL.min-1.kg-1,species_only_monkey
13928525,CHEMBL3124025,CHEMBL3122113,CL,mL.min-1.kg-1,=,100.0,CHEMBL613847,Macaca fascicularis,"Unbound clearance in cynomolgus monkey at 1 mg/kg, po and 0.5 mg/kg, iv",A,CNc1nc(Nc2cn(C(C)(C)C#N)nc2C)ncc1C(F)(F)F,100.0,mL.min-1.kg-1,species_only_monkey
13928526,CHEMBL3124027,CHEMBL3122117,CL,mL.min-1.kg-1,=,7.8,CHEMBL613847,Macaca fascicularis,"Clearance in cynomolgus monkey at 1 mg/kg, po and 0.5 mg/kg, iv",A,CNc1nc(Nc2cnn([C@H]3CCN(C4COC4)C[C@@H]3F)c2Cl)ncc1C(F)(F)F,7.8,mL.min-1.kg-1,species_only_monkey
13928527,CHEMBL3124027,CHEMBL3122113,CL,mL.min-1.kg-1,=,19.7,CHEMBL613847,Macaca fascicularis,"Clearance in cynomolgus monkey at 1 mg/kg, po and 0.5 mg/kg, iv",A,CNc1nc(Nc2cn(C(C)(C)C#N)nc2C)ncc1C(F)(F)F,19.7,mL.min-1.kg-1,species_only_monkey
13931233,CHEMBL3124513,CHEMBL3122212,CL,mL.min-1.kg-1,=,18.0,CHEMBL614875,Macaca mulatta,Blood clearance in monkey,A,Cc1ccncc1-c1nn(C)c2nc(OCc3ccccn3)cnc12,18.0,mL.min-1.kg-1,species_only_monkey
13937614,CHEMBL3123397,CHEMBL3121951,CL,mL.min-1.kg-1,=,9.0,CHEMBL613847,Macaca fascicularis,In vivo clearance in cynomolgus monkey relative to hepatic blood flow,A,COC(=O)N[C@H](C(=O)N1CCC[C@H]1c1ncc(-c2ccc(-c3ccc(-c4cnc([C@@H]5CC6(CN5C(=O)[C@@H](NC(=O)OC)C(C)C)OCCO6)[nH]4)cc3)cc2)[nH]1)C(C)C,9.0,mL.min-1.kg-1,species_only_monkey
13940494,CHEMBL3129046,CHEMBL3125013,CL,mL.min-1.kg-1,=,0.8,CHEMBL614875,Macaca mulatta,"Clearance in iv dosed monkey assessed as 4-Fluoro-6-((7-fluoro-4-oxo-3,4-dihydroquinazolin-6-yl)methyl)-8-(2-oxo-1,2-dihydropyridin-3-yl)-6H-furo[2,3-e]indole-7-carboxylic acid",A,CN(C)CCOC(=O)c1c(-c2ccc[nH]c2=O)c2c3occc3c(F)cc2n1Cc1cc2c(=O)[nH]cnc2cc1F.Cl,0.8,mL.min-1.kg-1,species_only_monkey
13940511,CHEMBL3128461,CHEMBL3125026,CL,mL.min-1.kg-1,=,0.6,CHEMBL614875,Macaca mulatta,Clearance in iv dosed monkey,A,O=C(O)c1c(-c2ccc[nH]c2=O)c2c3occc3c(F)cc2n1Cc1cc2c(=O)[nH]cnc2cc1F,0.6,mL.min-1.kg-1,species_only_monkey
13941810,CHEMBL3128650,CHEMBL3125160,CL,mL.min-1.kg-1,=,3.7,CHEMBL613847,Macaca fascicularis,"Clearance in cynomolgus monkey at 3 mg/kg, po",A,C[C@@]1(c2nc3ccccc3o2)CC(c2ccc3c(=O)n(-c4ccc(F)cc4)c(CCCCC(=O)O)nc3c2)=NO1,3.7,mL.min-1.kg-1,species_only_monkey
13943306,CHEMBL3129327,CHEMBL3128188,CL,mL.min-1.kg-1,=,36.0,CHEMBL614875,Macaca mulatta,"Plasma clearance in rhesus monkey at 1 mg/kg, iv and 2 mg/kg, po",A,O=C(Nc1ccc(C[C@@H]2CC[C@H]([C@H](O)c3cccnc3)N2)cc1)[C@@H]1CCc2ccnn21,36.0,mL.min-1.kg-1,species_only_monkey
13943307,CHEMBL3129327,CHEMBL3128178,CL,mL.min-1.kg-1,=,36.0,CHEMBL614875,Macaca mulatta,"Plasma clearance in rhesus monkey at 1 mg/kg, iv and 2 mg/kg, po",A,O=C(Nc1ccc(C[C@@H]2CC[C@H]([C@H](O)c3cccnc3)N2)cc1)[C@@H]1CCc2scnc21,36.0,mL.min-1.kg-1,species_only_monkey
13943330,CHEMBL3129368,CHEMBL111201,CL,mL.min-1.kg-1,=,19.0,CHEMBL614875,Macaca mulatta,"Plasma clearance in rhesus monkey at 3 mg/kg, iv",A,O=S(=O)(Nc1ccc(CCNC[C@H](O)c2cccnc2)cc1)c1ccc(-c2nc(-c3ccc(C(F)(F)F)cc3)cs2)cc1,19.0,mL.min-1.kg-1,species_only_monkey
13944828,CHEMBL3131704,CHEMBL3125655,CL,mL.min-1.kg-1,=,3.0,CHEMBL613847,Macaca fascicularis,"Clearance in cynomolgus monkey at 1 mg/kg, iv by LC/MS/MS analysis",A,O=C(c1nn2c(C(F)(F)F)cc(C3CC3)cc2c1Cl)N1CCN([C@H]2C[C@@H]3C[C@@H]3[C@@H]2O)C(=O)C1,3.0,mL.min-1.kg-1,species_only_monkey
13950093,CHEMBL3128502,CHEMBL3127106,CL,mL.min-1.kg-1,=,22.0,CHEMBL613847,Macaca fascicularis,"Hepatic clearance in cynomolgus monkey at 0.5 mg/kg, iv",A,CN1C(=O)[C@]2(N=C1N)c1cc(-c3cccnc3F)ccc1O[C@H]1CCOC[C@@H]12,22.0,mL.min-1.kg-1,species_only_monkey
13951550,CHEMBL3130260,CHEMBL3127338,CL,mL.min-1.kg-1,=,51.67,CHEMBL614875,Macaca mulatta,"Clearance in monkey at 1 mg/kg, iv",A,COC(=O)N[C@H](C(=O)N1CCC[C@H]1C(=O)Nc1ccc([C@H]2CC[C@H](c3ccc(NC(=O)[C@@H]4CCCN4C(=O)[C@@H](NC(=O)OC)C(C)C)cc3)N2c2ccc(F)cc2)cc1)C(C)C,51.67,mL.min-1.kg-1,species_only_monkey
13951742,CHEMBL3132463,CHEMBL3125702,CL,mL.min-1.kg-1,=,8.5,CHEMBL613847,Macaca fascicularis,Clearance in cynomolgus monkey,A,CC(C)[C@@H](CS(=O)(=O)C(C)C)N1C(=O)[C@@](C)(CC(=O)O)C[C@H](c2cccc(Cl)c2)[C@H]1c1ccc(Cl)cc1,8.5,mL.min-1.kg-1,species_only_monkey
13952794,CHEMBL3130260,CHEMBL3127108,CL,mL.min-1.kg-1,=,15.5,CHEMBL614875,Macaca mulatta,"Clearance in monkey at 1 mg/kg, iv",A,COC(=O)N[C@H](C(=O)N1CCC[C@H]1C(=O)Nc1ccc([C@H]2CC[C@H](c3ccc(NC(=O)[C@@H]4CCCN4C(=O)[C@@H](NC(=O)OC)C(C)(C)C)cc3)N2c2ccc(F)cc2)cc1)C(C)(C)C,15.5,mL.min-1.kg-1,species_only_monkey
13952834,CHEMBL3130260,CHEMBL3127326,CL,mL.min-1.kg-1,=,6.333,CHEMBL614875,Macaca mulatta,"Clearance in monkey at 1 mg/kg, iv",A,COC(=O)N[C@H](C(=O)N1CCC[C@H]1C(=O)Nc1ccc([C@@H]2CC[C@@H](c3ccc(NC(=O)[C@@H]4CCCN4C(=O)[C@@H](NC(=O)OC)C(C)C)cc3)N2c2ccc(C(C)(C)C)cc2)cc1)C(C)C,6.333,mL.min-1.kg-1,species_only_monkey
13954179,CHEMBL3131437,CHEMBL3126592,CL,mL.min-1.kg-1,=,3.1,CHEMBL613847,Macaca fascicularis,"Clearance in cynomolgus monkey at 1 mg/kg, iv by LC-MS/MS analysis",A,CCc1cc(-c2noc(-c3cc(C)nc(N(CC)CC)c3)n2)cc(C)c1OC[C@@H](O)CNC(=O)CO,3.1,mL.min-1.kg-1,species_only_monkey
14535657,CHEMBL3223967,CHEMBL2165615,CL,mL.min-1.kg-1,=,9.4,CHEMBL613847,Macaca fascicularis,"Clearance in cynomolgus monkey at 0.5 mg/kg, iv and 3 mg/kg, po",A,Cc1cnc(NC(=O)c2cc(Oc3cnc(C(=O)N(C)C)nc3)c3cc(C)oc3c2)cn1,9.4,mL.min-1.kg-1,species_only_monkey
14572916,CHEMBL3239955,CHEMBL473967,CL,mL.min-1.kg-1,=,3.667,CHEMBL614875,Macaca mulatta,"Clearance in rhesus monkey at 0.2 mg/kg, iv",A,CC1(C)Oc2ncnc(N)c2N=C1c1ccc([C@H]2CC[C@H](CC(=O)O)CC2)cc1,3.667,mL.min-1.kg-1,species_only_monkey
14572948,CHEMBL3242098,CHEMBL3235321,CL,mL.min-1.kg-1,=,0.3333,CHEMBL613847,Macaca fascicularis,"Clearance in cynomolgus monkey at 0.5 mg/kg, iv",A,CC1(C)Oc2nc(C(F)(F)F)nc(N)c2N=C1c1ccc2c(c1)CC[C@]21CC[C@@H](CC(=O)O)CC1,0.3333,mL.min-1.kg-1,species_only_monkey
14574337,CHEMBL3242206,CHEMBL3238246,CL,mL.min-1.kg-1,=,0.6,CHEMBL614875,Macaca mulatta,"Plasma clearance in monkey at 3 mg/kg, iv",A,CC(C)(C)CC[C@H](c1ccc(C(=O)NCc2nn[nH]n2)cc1)N1C(=O)C(c2cc(Cl)cc(Cl)c2)=N[C@]12CC[C@@H](C(C)(C)C)CC2,0.6,mL.min-1.kg-1,species_only_monkey
14584245,CHEMBL3243218,CHEMBL3233178,CL,mL.min-1.kg-1,=,14.0,CHEMBL613847,Macaca fascicularis,"Clearance in cynomolgus monkey at 1 mg/kg, iv",A,CC(C)N(C)[C@@H]1CC[C@H](N2CC[C@H](NC(=O)c3cccc(C(F)(F)F)c3)C2=O)[C@H](CS(C)(=O)=O)C1,14.0,mL.min-1.kg-1,species_only_monkey
14584246,CHEMBL3243218,CHEMBL3233188,CL,mL.min-1.kg-1,=,12.0,CHEMBL613847,Macaca fascicularis,"Clearance in cynomolgus monkey at 1 mg/kg, iv",A,CC(C)N(C)[C@@H]1CC[C@H](N2CC[C@H](NC(=O)c3cccc(C(F)(F)F)c3)C2=O)[C@H](CS(=O)(=O)C(C)(C)C)C1,12.0,mL.min-1.kg-1,species_only_monkey
14587669,CHEMBL3242617,CHEMBL3237719,CL,mL.min-1.kg-1,=,23.67,CHEMBL613847,Macaca fascicularis,Clearance in iv dosed cynomolgus monkey,A,C[C@H]1CC[C@H](n2c3cnccc3c3cnc(Nc4ccc5c(n4)CCN(C(=O)CO)C5)nc32)CC1,23.67,mL.min-1.kg-1,species_only_monkey
14595246,CHEMBL3242822,CHEMBL2204469,CL,mL.min-1.kg-1,=,21.0,CHEMBL614875,Macaca mulatta,"Clearance in monkey at 2 mg/kg, iv",A,Cc1c(Cc2ccc(=O)n(Cc3ccc(F)cc3F)n2)c2cc(F)ccc2n1CC(=O)O,21.0,mL.min-1.kg-1,species_only_monkey
14595316,CHEMBL3242822,CHEMBL3236948,CL,mL.min-1.kg-1,=,6.1,CHEMBL614875,Macaca mulatta,"Clearance in monkey at 2 mg/kg, iv",A,Cc1c(-c2cn(C(C)C)c(=O)c3ccccc23)c2cc(F)ccc2n1CC(=O)O,6.1,mL.min-1.kg-1,species_only_monkey
14646889,CHEMBL3268577,CHEMBL3260743,CL,mL.min-1.kg-1,=,31.0,CHEMBL613847,Macaca fascicularis,Clearance in cynomolgus monkey,A,CCn1nc2c(-c3ccc(Cl)cc3)c(-c3ccncc3)c(=O)n(Cc3ccc(C(F)(F)F)nc3C)n2c1=O,31.0,mL.min-1.kg-1,species_only_monkey
14654703,CHEMBL3269440,CHEMBL3264002,CL,mL.min-1.kg-1,=,0.1,CHEMBL613847,Macaca fascicularis,"Clearance in cynomolgus monkey at 2.5 mg/kg, iv and 5 mg/kg, po by LC-MS/MS analysis",A,CNS(=O)(=O)Nc1nccc(Cc2c(C)c3ccc(Oc4ncccn4)cc3oc2=O)c1F,0.1,mL.min-1.kg-1,species_only_monkey
14654704,CHEMBL3269440,CHEMBL3092195,CL,mL.min-1.kg-1,=,0.9,CHEMBL613847,Macaca fascicularis,"Clearance in cynomolgus monkey at 2.5 mg/kg, iv and 5 mg/kg, po by LC-MS/MS analysis",A,CNS(=O)(=O)Nc1cccc(Cc2c(C)c3ccc(Oc4ncccn4)cc3oc2=O)c1F,0.9,mL.min-1.kg-1,species_only_monkey
14721813,CHEMBL3293628,CHEMBL3286732,CL,mL.min-1.kg-1,=,27.0,CHEMBL614875,Macaca mulatta,"Plasma clearance in rhesus monkey at 0.5 mg/kg, iv",A,Nc1ccc(-c2cccs2)cc1NC(=O)c1ccc(N2CCC3(CC2)CNC(=O)O3)nc1,27.0,mL.min-1.kg-1,species_only_monkey
14726794,CHEMBL3292371,CHEMBL3263056,CL,mL.min-1.kg-1,=,7.7,CHEMBL613847,Macaca fascicularis,"Clearance in cynomolgus monkey at 0.2 mg/kg, iv and 5 mg/kg, po",A,CC(C)(C)CN1CCC2(CC1)CN(c1ccccc1NC(=O)Nc1nc3ccc(Cl)nc3s1)c1c(O)ccc(Cl)c12,7.7,mL.min-1.kg-1,species_only_monkey
14735509,CHEMBL3296994,CHEMBL2031678,CL,mL.min-1.kg-1,=,20.5,CHEMBL613847,Macaca fascicularis,"Total clearance in cynomolgus monkey at 2 mg/kg, iv and 5 mg/kg, po by WinNonlin non-compartmental analysis",A,C[C@@]1(O)[C@H](O)[C@@H](CO)O[C@H]1c1ccc2c(N)ncnn12,20.5,mL.min-1.kg-1,species_only_monkey
14739507,CHEMBL3295239,CHEMBL3287574,CL,mL.min-1.kg-1,=,0.6667,CHEMBL613847,Macaca fascicularis,"Clearance in cynomolgus monkey at 0.5 mg/kg, iv",A,Cc1nc(-c2ccc(C(F)(F)F)cc2)sc1COc1ccc([C@H](CC(=O)O)c2ccon2)cc1,0.6667,mL.min-1.kg-1,species_only_monkey
14985852,CHEMBL3381011,CHEMBL3358920,CL,mL.min-1.kg-1,=,0.9467,CHEMBL614875,Macaca mulatta,"Systemic clearance in monkey at 1 mg/kg, iv",A,O=C(O)C[C@H]1CCc2c1[nH]c1ccc(OCc3ccc(C4CCCC4)c(C(F)(F)F)c3)cc21,0.9467,mL.min-1.kg-1,species_only_monkey
14986067,CHEMBL3380733,CHEMBL3360442,CL,mL.min-1.kg-1,=,6.5,CHEMBL613847,Macaca fascicularis,"Clearance in cynomolgus monkey at 1 mg/kg, iv",A,COC(=O)N[C@H](C(=O)N1CCC[C@H]1c1ncc(-c2ccc(C34CCC(c5cnc([C@@H]6CCCN6C(=O)[C@@H](NC(=O)OC)C(C)C)[nH]5)(CC3)CC4)cc2)[nH]1)C(C)C,6.5,mL.min-1.kg-1,species_only_monkey
14987451,CHEMBL3374703,CHEMBL3360476,CL,mL.min-1.kg-1,=,7.0,CHEMBL613847,Macaca fascicularis,"Clearance in cynomolgus monkey at 1 mg/kg, iv",A,COC(=O)N[C@H](C(=O)N1CCC[C@H]1c1ncc(-c2ccc3c(c2)Oc2ccc(-c4cnc([C@@H]5CCCN5C(=O)[C@@H](NC(=O)OC)C(C)C)[nH]4)cc2C3(C)C)[nH]1)C(C)C,7.0,mL.min-1.kg-1,species_only_monkey
15010727,CHEMBL3370771,CHEMBL236593,CL,mL.min-1.kg-1,=,14.0,CHEMBL614875,Macaca mulatta,"Clearance in monkey at 5 mg/kg, po or 10 mg/kg, iv",A,O=C(N[C@@H]1CC[C@@H](c2cccc(F)c2F)CN(CC(F)(F)F)C1=O)N1CCC(n2c(=O)[nH]c3ncccc32)CC1,14.0,mL.min-1.kg-1,species_only_monkey
15014084,CHEMBL3361475,CHEMBL3298678,CL,mL.min-1.kg-1,=,33.0,CHEMBL613847,Macaca fascicularis,"Clearance in cynomolgus monkey at 1 mg/kg, iv",A,O=C(N[C@H](CO)c1ccc(Cl)c(F)c1)N1CCc2cnc(NC3CCOCC3)nc2C1,33.0,mL.min-1.kg-1,species_only_monkey
15029260,CHEMBL3379382,CHEMBL3323181,CL,mL.min-1.kg-1,=,27.0,CHEMBL613847,Macaca fascicularis,"Clearance in cynomolgus monkey at 2 mg/kg, po and 0.5 mg/kg, iv",A,CN1Cc2cc(N3CCOCC3)ccc2[C@@H](c2ccc3sccc3c2)C1,27.0,mL.min-1.kg-1,species_only_monkey
15035864,CHEMBL3369763,CHEMBL3310096,CL,mL.min-1.kg-1,=,2.0,CHEMBL613847,Macaca fascicularis,"Plasma clearance in cynomolgus monkey at 5 mg/kg, po",A,CNC(=O)Cn1c(=O)c(C(=O)NCCOC)c(O)c2ncc(Cc3ccc(F)cc3)cc21,2.0,mL.min-1.kg-1,species_only_monkey
15035865,CHEMBL3369763,CHEMBL3310087,CL,mL.min-1.kg-1,=,9.2,CHEMBL613847,Macaca fascicularis,"Plasma clearance in cynomolgus monkey at 5 mg/kg, po",A,COCCNC(=O)c1c(O)c2ncc(Cc3ccc(F)cc3)cc2n(CC(=O)N(C)C)c1=O,9.2,mL.min-1.kg-1,species_only_monkey
15035866,CHEMBL3369763,CHEMBL3309905,CL,mL.min-1.kg-1,=,6.3,CHEMBL613847,Macaca fascicularis,"Plasma clearance in cynomolgus monkey at 5 mg/kg, po",A,CNC(=O)c1c(O)c2ncc(Cc3ccc(F)cc3)cc2n(CC(=O)N(C)C)c1=O,6.3,mL.min-1.kg-1,species_only_monkey
15039899,CHEMBL3371307,CHEMBL3310802,CL,mL.min-1.kg-1,=,16.5,CHEMBL614875,Macaca mulatta,"Clearance in monkey at 0.25 mg/kg, iv and 2.5 mg/kg, po",A,CCOC(=O)N1CCC(CN2CCC3(CC2)CN(C(=O)N(C)C)c2ncccc23)CC1.O=C(O)/C=C/C(=O)O,16.5,mL.min-1.kg-1,species_only_monkey
15065294,CHEMBL3385781,CHEMBL2010601,CL,mL.min-1.kg-1,=,7.4,CHEMBL613847,Macaca fascicularis,"Clearance in Cynomolgus monkey at 0.8 mg/kg, iv",A,CC(C)(C)c1cc(C(C)(C)C)c(NC(=O)c2c[nH]c3ccccc3c2=O)cc1O,7.4,mL.min-1.kg-1,species_only_monkey
15069777,CHEMBL3383182,CHEMBL3359844,CL,mL.min-1.kg-1,=,30.0,CHEMBL613847,Macaca fascicularis,"Clearance in cynomolgus monkey at 1 mg/kg, iv or 3 mg/kg, po using DMSO/10%(w/v) Kleptose, 0.9% saline(aq) (2%/98%)",A,CC(C)Oc1ccc(-c2nc(-c3cccc4c3OCCN(CCCC(=O)O)C4)no2)cc1Cl,30.0,mL.min-1.kg-1,species_only_monkey
15069778,CHEMBL3383182,CHEMBL3360360,CL,mL.min-1.kg-1,=,3.0,CHEMBL613847,Macaca fascicularis,"Clearance in cynomolgus monkey at 1 mg/kg, iv or 3 mg/kg, po using DMSO/10%(w/v) Kleptose, 0.9% saline(aq) (2%/98%)",A,CC(C)Oc1ccc(-c2nc(-c3cccc4c3cnn4CCC(=O)[O-])no2)cc1Cl.[Na+],3.0,mL.min-1.kg-1,species_only_monkey
15079155,CHEMBL3383827,CHEMBL2181776,CL,mL.min-1.kg-1,=,9.5,CHEMBL614875,Macaca mulatta,"Clearance in monkey at 2 mg/kg, iv",A,Cn1c(-c2ccccn2)c(C2CCCC2)c2ccc(C(=O)NC3(C(=O)Nc4ccc(/C=C/C(=O)O)cc4)CCC3)cc21,9.5,mL.min-1.kg-1,species_only_monkey
15079156,CHEMBL3383827,CHEMBL3355225,CL,mL.min-1.kg-1,=,3.6,CHEMBL614875,Macaca mulatta,"Clearance in monkey at 2 mg/kg, iv",A,CCOc1cc(NC(=O)C2(NC(=O)c3ccc4c(C5CCCC5)c(-c5ncc(Cl)cn5)n(C)c4c3)CCC2)ccc1/C=C/C(=O)O,3.6,mL.min-1.kg-1,species_only_monkey
15091517,CHEMBL3384671,CHEMBL2177300,CL,mL.min-1.kg-1,=,3.0,CHEMBL613847,Macaca fascicularis,"Blood clearance in Cynomolgus monkey at 1 mg/kg, iv as infusion and 3 mg/kg, po",A,CC(=O)N1c2ccc(-c3ccc(C(=O)O)cc3)cc2[C@H](Nc2ccc(Cl)cc2)C[C@@H]1C,3.0,mL.min-1.kg-1,species_only_monkey
15102782,CHEMBL3378264,CHEMBL3359763,CL,mL.min-1.kg-1,=,10.17,CHEMBL613847,Macaca fascicularis,"Clearance in cynomolgus monkey at 2 mg/kg, iv",A,CC1(C#Cc2cnc3c(c2)[C@]2(COC(N)=N2)c2cc(-c4cccnc4F)ccc2O3)COC1,10.17,mL.min-1.kg-1,species_only_monkey
15102977,CHEMBL3384542,CHEMBL1642601,CL,mL.min-1.kg-1,=,0.4833,CHEMBL613847,Macaca fascicularis,"Clearance in cynomolgus monkey at 0.5 mg/kg, iv",A,C[C@](O)(c1ccc(C(=O)N(C2CC2)[C@H]2CC[C@](COC(N)=O)(c3ccc(F)cc3)CC2)cc1)C(F)(F)F,0.4833,mL.min-1.kg-1,species_only_monkey
15110804,CHEMBL3389302,CHEMBL3359092,CL,mL.min-1.kg-1,=,20.93,CHEMBL614875,Macaca mulatta,"Total clearance in monkey at 1 mg/kg, iv",A,COc1cccc(CNC(=O)c2nc3ccc(F)c(OCCc4ccc(C(=O)[O-])cc4)c3c(=O)[nH]2)c1.[Na+],20.93,mL.min-1.kg-1,species_only_monkey
15136856,CHEMBL3365741,CHEMBL3329696,CL,mL.min-1.kg-1,=,11.17,CHEMBL614875,Macaca mulatta,"Clearance in monkey at 5 mg/kg, iv",A,Cc1cc(N2CCC[C@@H](N)C2)c2c(n1)n(C)c(=O)n2Cc1ccccc1C#N,11.17,mL.min-1.kg-1,species_only_monkey
15140598,CHEMBL3387913,CHEMBL3359265,CL,mL.min-1.kg-1,=,2.4,CHEMBL614875,Macaca mulatta,"Clearance in monkey at 1 mg/kg, iv",A,Cc1nc2ccc(C(=O)N3CCC4(CC3)CC(=O)c3c(cnn3C(C)C)C4)cc2[nH]1,2.4,mL.min-1.kg-1,species_only_monkey
15146332,CHEMBL3395644,CHEMBL3394057,CL,mL.min-1.kg-1,=,0.4333,CHEMBL613847,Macaca fascicularis,"Clearance in cynomolgus monkey at 2 mg/kg, iv or 2 mg/kg, po",A,NC1=N[C@@]2(CO1)c1cc(-c3cccnc3F)ccc1Oc1cnc(-c3ccnc(F)c3)cc12,0.4333,mL.min-1.kg-1,species_only_monkey
15148670,CHEMBL3396711,CHEMBL3394220,CL,mL.min-1.kg-1,=,15.0,CHEMBL613847,Macaca fascicularis,"Clearance in cynomolgus monkey at 1 mg/kg, iv",A,NC1=N[C@@]2(CO1)c1cc(-c3ncccc3F)ccc1Oc1c2cc(C2=CCCOC2)nc1F,15.0,mL.min-1.kg-1,species_only_monkey
15151393,CHEMBL3395608,CHEMBL3393333,CL,mL.min-1.kg-1,=,16.0,CHEMBL613847,Macaca fascicularis,"Plasma clearance in cynomolgus monkey at 1 mg/kg, iv and 5 mg/kg, po",A,N#Cc1ccnc(Nc2cc(C3CCN(C4COC4)CC3)cc(N3CCC(F)(F)C3)n2)c1,16.0,mL.min-1.kg-1,species_only_monkey
15163278,CHEMBL3405312,CHEMBL3400949,CL,mL.min-1.kg-1,=,1.5,CHEMBL613847,Macaca fascicularis,"Clearance in cynomolgous monkey at 2 mg/kg, iv",A,CCOc1nc(NC(=O)C2(NC(=O)c3ccc4c(C5CCCC5)c(-c5ncc(Cl)cn5)n(C)c4c3)CCC2)ccc1/C=C/C(=O)O,1.5,mL.min-1.kg-1,species_only_monkey
15163344,CHEMBL3405312,CHEMBL3355225,CL,mL.min-1.kg-1,=,3.6,CHEMBL613847,Macaca fascicularis,"Clearance in cynomolgous monkey at 2 mg/kg, iv",A,CCOc1cc(NC(=O)C2(NC(=O)c3ccc4c(C5CCCC5)c(-c5ncc(Cl)cn5)n(C)c4c3)CCC2)ccc1/C=C/C(=O)O,3.6,mL.min-1.kg-1,species_only_monkey
15165519,CHEMBL3404472,CHEMBL3402762,CL,mL.min-1.kg-1,=,12.17,CHEMBL613847,Macaca fascicularis,"Clearance in cynomolgus monkey at 2 mg/kg, iv after 72 hrs by LC/MS/MS analysis",A,CN1CCC(COc2cnc(-c3cccc(Cn4nc(-c5cccc(C#N)c5)ccc4=O)c3)nc2)CC1,12.17,mL.min-1.kg-1,species_only_monkey
15166777,CHEMBL3406741,CHEMBL2057915,CL,mL.min-1.kg-1,=,33.0,CHEMBL613847,Macaca fascicularis,Clearance in cynomolgus monkey,A,Cc1c(NC(=O)c2cc3c(s2)CCCC3)cccc1-c1cn(C)c(=O)c(Nc2ccc([C@@H]3C(=O)N(C)CCN3C)cc2)n1,33.0,mL.min-1.kg-1,species_only_monkey
15193474,CHEMBL3412736,CHEMBL3039504,CL,mL.min-1.kg-1,=,37.5,CHEMBL613847,Macaca fascicularis,"Clearance in Cynomolgus monkey at 5 mg/kg, iv",A,CCS(=O)(=O)O.COC(=O)c1ccc2c(c1)NC(=O)/C2=C(\Nc1ccc(N(C)C(=O)CN2CCN(C)CC2)cc1)c1ccccc1,37.5,mL.min-1.kg-1,species_only_monkey
15193487,CHEMBL3412912,CHEMBL3039504,CL,mL.min-1.kg-1,=,30.2,CHEMBL614875,Macaca mulatta,"Clearance in Rhesus monkey at 5 mg/kg, iv",A,CCS(=O)(=O)O.COC(=O)c1ccc2c(c1)NC(=O)/C2=C(\Nc1ccc(N(C)C(=O)CN2CCN(C)CC2)cc1)c1ccccc1,30.2,mL.min-1.kg-1,species_only_monkey
15195253,CHEMBL3412671,CHEMBL3301626,CL,mL.min-1.kg-1,=,9.1,CHEMBL613847,Macaca fascicularis,"Clearance in cynomolgus monkey at 1 mg/kg, iv",A,Cc1nc(C#Cc2ccnc(Cl)c2)c(C)n1-c1ccc(F)cc1,9.1,mL.min-1.kg-1,species_only_monkey
15195439,CHEMBL3412818,CHEMBL3408617,CL,mL.min-1.kg-1,=,4.6,CHEMBL613847,Macaca fascicularis,"Clearance in cynomolgous monkey at 5 mg/kg, po and 2 mg/kg, iv",A,CCOc1nc(NC(=O)C2(NC(=O)c3ccc4c(C5CCCC5)c(-c5ccc(F)cn5)n(C)c4c3)CCC2)ccc1/C=C/C(=O)O,4.6,mL.min-1.kg-1,species_only_monkey
15195440,CHEMBL3412818,CHEMBL3408622,CL,mL.min-1.kg-1,=,4.1,CHEMBL613847,Macaca fascicularis,"Clearance in cynomolgous monkey at 5 mg/kg, po and 2 mg/kg, iv",A,CCOc1nc(NC(=O)C2(NC(=O)c3ccc4c(c3)c(C)c(-c3ccc(F)cn3)n4C3CCCCC3)CCC2)ccc1/C=C/C(=O)O,4.1,mL.min-1.kg-1,species_only_monkey
15196869,CHEMBL3412818,CHEMBL3408841,CL,mL.min-1.kg-1,=,13.9,CHEMBL613847,Macaca fascicularis,"Clearance in cynomolgous monkey at 5 mg/kg, po and 2 mg/kg, iv",A,CCOc1nc(NC(=O)C(C)(C)NC(=O)c2ccc3c(C4CCCC4)c(-c4ccc(F)cn4)n(C)c3c2)ccc1/C=C/C(=O)O,13.9,mL.min-1.kg-1,species_only_monkey
15198095,CHEMBL3413811,CHEMBL3410450,CL,mL.min-1.kg-1,=,6.0,CHEMBL613847,Macaca fascicularis,"Clearance in cynomolgus monkey at 1 mg/kg, iv administered as infusion over 30 mins",A,Cc1cn2nc([C@@H]3CCCCN3C(=O)c3cc(Cl)ccc3NS(C)(=O)=O)cc2nc1N1CC[C@H](N)C1,6.0,mL.min-1.kg-1,species_only_monkey
15202775,CHEMBL3413960,CHEMBL3409588,CL,mL.min-1.kg-1,=,12.0,CHEMBL613847,Macaca fascicularis,"Clearance in cynomolgus monkey at 2 mg/kg, iv",A,O=c1cc(-c2ccnc(NC3CCOCC3)n2)ccn1[C@H](CO)c1ccc(Cl)c(F)c1,12.0,mL.min-1.kg-1,species_only_monkey
15221209,CHEMBL3418890,CHEMBL3417246,CL,mL.min-1.kg-1,=,19.2,CHEMBL613847,Macaca fascicularis,"Clearance in Non-naive cynomolgus monkey at 5 mg/kg, iv",A,CC[C@]1(CO)O[C@@H](n2ccc(N)nc2=O)[C@H](F)[C@@H]1O,19.2,mL.min-1.kg-1,species_only_monkey
15221210,CHEMBL3418890,CHEMBL3417243,CL,mL.min-1.kg-1,=,28.0,CHEMBL613847,Macaca fascicularis,"Clearance in Non-naive cynomolgus monkey at 5 mg/kg, iv",A,Nc1ccn([C@@H]2O[C@@](CO)(CCl)[C@@H](O)[C@H]2F)c(=O)n1,28.0,mL.min-1.kg-1,species_only_monkey
15221211,CHEMBL3418890,CHEMBL3417242,CL,mL.min-1.kg-1,=,54.3,CHEMBL613847,Macaca fascicularis,"Clearance in Non-naive cynomolgus monkey at 5 mg/kg, iv",A,Nc1ccn([C@@H]2O[C@@](CO)(CF)[C@@H](O)[C@H]2F)c(=O)n1,54.3,mL.min-1.kg-1,species_only_monkey
15224700,CHEMBL3421094,CHEMBL3417585,CL,mL.min-1.kg-1,=,6.0,CHEMBL614875,Macaca mulatta,"Clearance in monkey at 1 mg/kg, iv",A,C[C@@H]1CCCN1CCCOc1ccc(C2=NNC(=O)[C@@H]3C[C@H]23)cc1,6.0,mL.min-1.kg-1,species_only_monkey
15236432,CHEMBL3425182,CHEMBL3422010,CL,mL.min-1.kg-1,=,16.5,CHEMBL613847,Macaca fascicularis,"Total systemic clearance in castrated cynomolgus monkey at 10 mg/kg, iv by LC-MS/MS analysis",A,Cc1nc(-c2nnc3n2CCN(C(=O)c2ccc(-c4cccs4)cc2)[C@@H]3C)cs1,16.5,mL.min-1.kg-1,species_only_monkey
15254913,CHEMBL3429469,CHEMBL2364618,CL,mL.min-1.kg-1,=,7.0,CHEMBL614875,Macaca mulatta,"Clearance in monkey at 2 mg/kg, iv",A,CC(C)(O)c1ccccc1-c1ccc2[nH]c(/C=C/c3ccc(C(F)(F)F)cc3)nc2c1,7.0,mL.min-1.kg-1,species_only_monkey
15447476,CHEMBL3529248,CHEMBL3526580,CL,mL.min-1.kg-1,=,22.33,CHEMBL613847,Macaca fascicularis,Blood clearance in cynomolgus monkey,A,Cc1nn(C[C@H](F)CN2C3CCC2CC(OCc2cccc(F)c2)C3)c(=O)n1C,22.33,mL.min-1.kg-1,species_only_monkey
15447477,CHEMBL3529939,CHEMBL3526580,CL,mL.min-1.kg-1,=,20.33,CHEMBL613847,Macaca fascicularis,"Clearance in cynomolgus monkey at 1 mg/kg, iv in presence of ketoconazole",A,Cc1nn(C[C@H](F)CN2C3CCC2CC(OCc2cccc(F)c2)C3)c(=O)n1C,20.33,mL.min-1.kg-1,species_only_monkey
15447503,CHEMBL3529244,CHEMBL3526580,CL,mL.min-1.g-1,=,84.0,CHEMBL613847,Macaca fascicularis,Unbound intrinsic clearance in cynomolgus monkey,A,Cc1nn(C[C@H](F)CN2C3CCC2CC(OCc2cccc(F)c2)C3)c(=O)n1C,0.084,mL.min-1.kg-1,species_only_monkey
15447993,CHEMBL3528118,CHEMBL2152561,CL,mL.min-1.kg-1,=,0.3667,CHEMBL613847,Macaca fascicularis,"Clearance in cynomolgus monkey at 5 mg/kg, iv administered as bolus injection by LC-MS/MS analysis",A,O=C(O)c1cccc(-c2cccc(CCS)c2C(=O)O)c1,0.3667,mL.min-1.kg-1,species_only_monkey
15452778,CHEMBL3532785,CHEMBL2146883,CL,mL.min-1.kg-1,=,29.6,CHEMBL613847,Macaca fascicularis,"Plasma clearance in cynomolgus monkey at 3 mg/kg, iv by LC-MS/MS analysis",A,O=C(c1ccc(F)c(F)c1Nc1ccc(I)cc1F)N1CC(O)([C@@H]2CCCCN2)C1,29.6,mL.min-1.kg-1,species_only_monkey
15452945,CHEMBL3533682,CHEMBL3527377,CL,mL.min-1.kg-1,=,10.0,CHEMBL613847,Macaca fascicularis,"Clearance in cynomolgus monkey at 35 mg/kg, iv administered as single infusion for 1 hr",A,Cl.NC[C@H]1OB(O)c2c(OCCCO)cccc21,10.0,mL.min-1.kg-1,species_only_monkey
15452952,CHEMBL3533689,CHEMBL3527377,CL,mL.min-1.kg-1,=,3.667,CHEMBL613847,Macaca fascicularis,"Clearance in cynomolgus monkey at 35 mg/kg, iv administered as single infusion for 1 hr followed single oral dose of 35 mg/kg 4-MP",A,Cl.NC[C@H]1OB(O)c2c(OCCCO)cccc21,3.667,mL.min-1.kg-1,species_only_monkey
15455854,CHEMBL3534973,CHEMBL2440659,CL,mL.min-1.kg-1,=,24.0,CHEMBL613847,Macaca fascicularis,"Plasma clearance in cynomolgus monkey at 1 mg/kg, iv administered as single dose",A,Cc1csc(NC(=O)c2cc(F)cc(Oc3cncnc3)c2)n1,24.0,mL.min-1.kg-1,species_only_monkey
15456248,CHEMBL3533898,CHEMBL3527223,CL,mL.min-1.kg-1,=,2.55,CHEMBL613847,Macaca fascicularis,"Clearance in cynomolgus monkey at 0.3 mg/kg, iv administered as single dose by LC-MS/MS method",A,C[C@H]1O[C@@H](O[C@H]2[C@H](O)[C@@H](O)[C@@H](O[C@H]3[C@H](O)CN[C@@H]3CO)O[C@@H]2CO)[C@H](O)[C@@H](O)[C@@H]1O,2.55,mL.min-1.kg-1,species_only_monkey
15456249,CHEMBL3533899,CHEMBL3527223,CL,mL.min-1.kg-1,=,2.84,CHEMBL613847,Macaca fascicularis,"Clearance in cynomolgus monkey at 1 mg/kg, iv administered as single dose by LC-MS/MS method",A,C[C@H]1O[C@@H](O[C@H]2[C@H](O)[C@@H](O)[C@@H](O[C@H]3[C@H](O)CN[C@@H]3CO)O[C@@H]2CO)[C@H](O)[C@@H](O)[C@@H]1O,2.84,mL.min-1.kg-1,species_only_monkey
15456250,CHEMBL3533900,CHEMBL3527223,CL,mL.min-1.kg-1,=,2.75,CHEMBL613847,Macaca fascicularis,"Clearance in cynomolgus monkey at 3 mg/kg, iv administered as single dose by LC-MS/MS method",A,C[C@H]1O[C@@H](O[C@H]2[C@H](O)[C@@H](O)[C@@H](O[C@H]3[C@H](O)CN[C@@H]3CO)O[C@@H]2CO)[C@H](O)[C@@H](O)[C@@H]1O,2.75,mL.min-1.kg-1,species_only_monkey
15456251,CHEMBL3533901,CHEMBL3527223,CL,mL.min-1.kg-1,=,2.25,CHEMBL613847,Macaca fascicularis,"Clearance in cynomolgus monkey at 10 mg/kg, iv administered as single dose by LC-MS/MS method",A,C[C@H]1O[C@@H](O[C@H]2[C@H](O)[C@@H](O)[C@@H](O[C@H]3[C@H](O)CN[C@@H]3CO)O[C@@H]2CO)[C@H](O)[C@@H](O)[C@@H]1O,2.25,mL.min-1.kg-1,species_only_monkey
15462898,CHEMBL3535858,CHEMBL3526905,CL,mL.min-1.kg-1,=,0.31,CHEMBL614875,Macaca mulatta,"Total clearance in monkey at 0.986 mg/kg, iv administered via tail vein by LC-MS/MS analysis",A,COc1ccc2nc(COc3ccc(CC4SC(=O)NC4=O)cc3)n(C)c2c1.Cl,0.31,mL.min-1.kg-1,species_only_monkey
15462903,CHEMBL3535853,CHEMBL3526905,CL,mL.min-1.kg-1,=,0.371,CHEMBL614875,Macaca mulatta,"Total clearance in monkey at 0.493 mg/kg, iv administered via tail vein by LC-MS/MS analysis",A,COc1ccc2nc(COc3ccc(CC4SC(=O)NC4=O)cc3)n(C)c2c1.Cl,0.371,mL.min-1.kg-1,species_only_monkey
15462908,CHEMBL3535955,CHEMBL3526905,CL,mL.min-1.kg-1,=,0.312,CHEMBL614875,Macaca mulatta,"Total clearance in monkey at 0.0986 mg/kg, iv administered via tail vein by LC-MS/MS analysis",A,COc1ccc2nc(COc3ccc(CC4SC(=O)NC4=O)cc3)n(C)c2c1.Cl,0.312,mL.min-1.kg-1,species_only_monkey
15466372,CHEMBL3528806,CHEMBL3526580,CL,mL.min-1.kg-1,=,22.5,CHEMBL613847,Macaca fascicularis,"Clearance in cynomolgus monkey at 1 mg/kg, iv",A,Cc1nn(C[C@H](F)CN2C3CCC2CC(OCc2cccc(F)c2)C3)c(=O)n1C,22.5,mL.min-1.kg-1,species_only_monkey
15466427,CHEMBL3529245,CHEMBL3526580,CL,mL.min-1.kg-1,=,33.33,CHEMBL613847,Macaca fascicularis,Hepatic blood clearance in cynomolgus monkey,A,Cc1nn(C[C@H](F)CN2C3CCC2CC(OCc2cccc(F)c2)C3)c(=O)n1C,33.33,mL.min-1.kg-1,species_only_monkey
15605468,CHEMBL3579045,CHEMBL3577124,CL,mL.min-1.kg-1,=,25.9,CHEMBL614875,Macaca mulatta,"Clearance in monkey at 1 mg/kg, iv administered as 20% cyclodextrin solution",A,CNc1ncc2cc(-c3cc(NC(=O)NCCC(C)(C)C)c(F)cc3C)c(C)nc2n1,25.9,mL.min-1.kg-1,species_only_monkey
15608513,CHEMBL3578407,CHEMBL3577945,CL,mL.min-1.kg-1,=,25.0,CHEMBL613847,Macaca fascicularis,"Clearance in cynomolgus monkey at 1 mg/kg, iv after 0.25 to 24 hrs by LC/MS/MS method",A,CCC[C@@H]1C[C@H](N(C)C(C)C)CC[C@@H]1N1CC[C@H](Nc2ncnc3ccc(C(F)(F)F)cc23)C1=O,25.0,mL.min-1.kg-1,species_only_monkey
15613902,CHEMBL3584732,CHEMBL3582201,CL,mL.min-1.kg-1,=,45.8,CHEMBL613847,Macaca fascicularis,"Clearance in cynomolgus monkey at 1 mg/kg, iv solution at pH 4.5",A,N#Cc1cc2c(cn1)[nH]c1ncc(-c3ccc(CN4CCCCC4)cc3)cc12,45.8,mL.min-1.kg-1,species_only_monkey
15613903,CHEMBL3584732,CHEMBL3582212,CL,mL.min-1.kg-1,=,30.8,CHEMBL613847,Macaca fascicularis,"Clearance in cynomolgus monkey at 1 mg/kg, iv solution at pH 4.5",A,N#Cc1cc2c(cn1)[nH]c1ncc(-c3ccc(CN4CCC5(CC4)COC5)cc3)cc12,30.8,mL.min-1.kg-1,species_only_monkey
15615069,CHEMBL3584066,CHEMBL3582336,CL,mL.min-1.kg-1,=,5.3,CHEMBL614875,Macaca mulatta,Plasma clearance in iv dosed rhesus monkey,A,CCn1cc([C@@]2(c3nn(C)c(=O)o3)N[C@@H](c3nc(-c4ccc(F)cn4)c[nH]3)Cc3c2[nH]c2ccccc32)cn1,5.3,mL.min-1.kg-1,species_only_monkey
15616598,CHEMBL3582795,CHEMBL3581693,CL,mL.min-1.kg-1,=,7.0,CHEMBL613847,Macaca fascicularis,"Clearance in cynomolgus monkey at 3 mg/kg, iv and 10 mg/kg, po",A,CC/C(=C(/c1ccc(/C=C/C(=O)O)cc1)c1ccc2[nH]ncc2c1)c1ccc(F)cc1Cl,7.0,mL.min-1.kg-1,species_only_monkey
15616909,CHEMBL3583960,CHEMBL3582472,CL,mL.min-1.kg-1,=,10.0,CHEMBL614875,Macaca mulatta,"Plasma clearance in rhesus monkey at 1 mg/kg, po or 0.5 mg/kg, iv by LC-MS/MS method",A,Fc1cncc(-c2nc3cc(F)c(F)cc3n2C2CC2)c1,10.0,mL.min-1.kg-1,species_only_monkey
15616910,CHEMBL3583960,CHEMBL3582478,CL,mL.min-1.kg-1,=,5.0,CHEMBL614875,Macaca mulatta,"Plasma clearance in rhesus monkey at 1 mg/kg, po or 0.5 mg/kg, iv by LC-MS/MS method",A,CC(C)(O)c1cncc(-c2nc3ccc(F)cc3n2C2CC2)c1,5.0,mL.min-1.kg-1,species_only_monkey
15616911,CHEMBL3583960,CHEMBL3582481,CL,mL.min-1.kg-1,=,19.0,CHEMBL614875,Macaca mulatta,"Plasma clearance in rhesus monkey at 1 mg/kg, po or 0.5 mg/kg, iv by LC-MS/MS method",A,Cc1c(F)cncc1-c1nc2cc(F)c(F)cc2n1C1CC1,19.0,mL.min-1.kg-1,species_only_monkey
15622420,CHEMBL3587725,CHEMBL3597971,CL,mL.min-1.kg-1,=,16.0,CHEMBL613847,Macaca fascicularis,"Clearance in cynomolgus monkey at 10 mg/kg, po and 1 mg/kg, iv",A,Cc1cc(C)nc(N2CC3CN(C(=O)c4c(F)cccc4-n4nccn4)CC3C2)n1,16.0,mL.min-1.kg-1,species_only_monkey
15642291,CHEMBL3592787,CHEMBL3589557,CL,mL.min-1.kg-1,=,1.833,CHEMBL614875,Macaca mulatta,"Plasma clearance in monkey at 1 uM/kg, iv or 1 uM/kg, po",A,Cl.O=C(c1cc(S(=O)(=O)Nc2ccccc2F)c(F)cc1Cl)N1CCN2CCC[C@@H]2C1,1.833,mL.min-1.kg-1,species_only_monkey
15648989,CHEMBL3594810,CHEMBL3593777,CL,mL.min-1.kg-1,=,3.8,CHEMBL613847,Macaca fascicularis,"Total clearance in cynomolgus monkey at 1 mg/kg, iv by LC/MS/MS method",A,N#Cc1ccc(N2CC[C@@H](Nc3c(C(N)=O)cnc4[nH]ccc34)[C@@H](F)C2)nc1,3.8,mL.min-1.kg-1,species_only_monkey
15667651,CHEMBL3603466,CHEMBL3601398,CL,mL.min-1.kg-1,=,4.0,CHEMBL613847,Macaca fascicularis,"Clearance in cynomolgus monkey at 0.1 mg/kg, iv",A,COc1cc2c(cc1OC(C)C)[C@H](c1ccc(Cl)cc1)N(c1ccc(N(C)C[C@H]3CC[C@H](N4CCN(C)C(=O)C4)CC3)cc1)C(=O)C2,4.0,mL.min-1.kg-1,species_only_monkey
15696124,CHEMBL3610031,CHEMBL3609637,CL,mL.min-1.kg-1,=,17.0,CHEMBL614875,Macaca mulatta,"Plasma clearance in rhesus monkey at 0.25 mg/kg, iv and 0.5 mg/kg, po",A,COc1cc(-c2cn(C3CCc4c(F)cccc4N(CC(F)(F)F)C3=O)nn2)ccc1-n1cnc(C)c1,17.0,mL.min-1.kg-1,species_only_monkey
15734910,CHEMBL3625590,CHEMBL3622175,CL,mL.min-1.kg-1,=,16.0,CHEMBL614875,Macaca mulatta,Plasma clearance in rhesus monkey,A,COCc1cnc(N2CCC([C@H]3C[C@H]3COCc3ccc(S(C)(=O)=O)cc3F)CC2)nc1,16.0,mL.min-1.kg-1,species_only_monkey
15746579,CHEMBL3624337,CHEMBL3545215,CL,mL.min-1.kg-1,=,5.3,CHEMBL613847,Macaca fascicularis,"Clearance in cynomolgus monkey at 1 mg/kg, iv and 1 mg/kg, po",A,CCn1c(C(=O)N(C2CC2)C2CC2)cc2c3c(ncn3C)c(Nc3cc(C)n(C)n3)nc21,5.3,mL.min-1.kg-1,species_only_monkey
15746722,CHEMBL3625359,CHEMBL3622445,CL,mL.min-1.kg-1,=,3.0,CHEMBL614875,Macaca mulatta,Plasma clearance in rhesus monkey at 2 mg/kg administered through gavage by LC-MS/MS method,A,Cc1nnc2n1-c1ccc(-c3cncc([C@](C)(O)C(F)(F)F)c3)cc1CC2,3.0,mL.min-1.kg-1,species_only_monkey
15762993,CHEMBL3637496,CHEMBL3634394,CL,mL.min-1.kg-1,=,3.833,CHEMBL613847,Macaca fascicularis,"Clearance in Cynomolgus monkey at 2 mg/kg, iv administered as single dose",A,COc1ccc2c(O[C@H]3CCN4C(=O)N(C)CCCC/C=C/[C@@H]5C[C@@]5(C(=O)NS(=O)(=O)C5(C)CC5)NC(=O)[C@@H]4C3)cc(-c3nc(C(F)(F)F)cs3)nc2c1C,3.833,mL.min-1.kg-1,species_only_monkey
15764534,CHEMBL3636313,CHEMBL3634867,CL,mL.min-1.kg-1,=,13.0,CHEMBL613847,Macaca fascicularis,"Clearance in cynomolgus monkey assessed as 6-(4-Fluorophenyl)-5-[4-quinolin-2-ylmethoxy)phenyl]-pyridine-2(1H)-one at 1.1 mg/kg, iv",A,CC(=O)Oc1ccc(-c2ccc(OCc3ccc4ccccc4n3)cc2)c(-c2ccc(F)cc2)n1,13.0,mL.min-1.kg-1,species_only_monkey
15771338,CHEMBL3637554,CHEMBL558752,CL,mL.min-1.kg-1,=,1.5,CHEMBL614875,Macaca mulatta,"Clearance in monkey at 1 mg/kg, iv and 5 mg/kg, po",A,Cn1c(Nc2ccc(C(F)(F)F)cc2)nc2cc(Oc3ccnc(-c4ncc(C(F)(F)F)[nH]4)c3)ccc21,1.5,mL.min-1.kg-1,species_only_monkey
15772106,CHEMBL3636531,CHEMBL3633460,CL,mL.min-1.kg-1,=,10.3,CHEMBL613847,Macaca fascicularis,"Plasma clearance in cynomolgus monkey at 1 mg/kg, iv and 3 or 5 mg/kg, po",A,COc1ccc(Cl)cc1-c1cc(=O)[nH]c(=S)n1CC(N)=O,10.3,mL.min-1.kg-1,species_only_monkey
16391052,CHEMBL3739051,CHEMBL1684986,CL,mL.min-1.kg-1,=,24.4,CHEMBL613847,Macaca fascicularis,"Clearance in cynomolgus monkey at 5 mg/kg, iv by LC-MS/MS analysis",A,Nc1ncc(-c2nc(N3CCOCC3)nc3c2CCN3c2cccnc2)cn1,24.4,mL.min-1.kg-1,species_only_monkey
16391053,CHEMBL3739051,CHEMBL3735088,CL,mL.min-1.kg-1,=,33.9,CHEMBL613847,Macaca fascicularis,"Clearance in cynomolgus monkey at 5 mg/kg, iv by LC-MS/MS analysis",A,CN1CCN(Cc2ccc(N3CCc4c(-c5cnc(N)nc5)nc(N5CCOCC5)nc43)cc2)CC1,33.9,mL.min-1.kg-1,species_only_monkey
16392054,CHEMBL3736954,CHEMBL3736206,CL,mL.min-1.kg-1,=,7.54,CHEMBL613847,Macaca fascicularis,"Clearance in cynomolgus monkey at 2.5 mg/kg, iv by LC-MS/MS analysis",A,Nc1ncc(-c2nc(N3CCOCC3)nc3c2CCN3c2ccc(C(=O)N3CCOCC3)cc2F)cn1,7.54,mL.min-1.kg-1,species_only_monkey
16413359,CHEMBL3744860,CHEMBL3741589,CL,mL.min-1.kg-1,=,2.667,CHEMBL613403,Macaca fascicularis,"Clearance in cynomolgus monkey plasma at 1 mg/kg, iv",A,O=C(O)C1CN(Cc2ccc(OCc3ccc(Cl)c(Cl)c3)cc2)C1,2.667,mL.min-1.kg-1,species_only_monkey
16420624,CHEMBL3750683,CHEMBL3747455,CL,mL.min-1.kg-1,=,30.0,CHEMBL614875,Macaca mulatta,Plasma clearance in rhesus monkey,A,CCc1nnc([C@H]2[C@@H]3CN(C(=O)c4ccc(C[C@@H]5CC[C@H]([C@H](O)c6ccccc6)N5)cc4)C[C@@H]32)o1,30.0,mL.min-1.kg-1,species_only_monkey
16422188,CHEMBL3750602,CHEMBL3695713,CL,mL.min-1.kg-1,=,8.2,CHEMBL614875,Macaca mulatta,Plasma clearance in iv dosed rhesus monkey,A,Cn1cc(CNc2cc(OC[C@H]3C[C@@H]3c3ccccn3)nc3ccnn23)cn1,8.2,mL.min-1.kg-1,species_only_monkey
16429266,CHEMBL3750134,CHEMBL3746329,CL,mL.min-1.kg-1,=,1.3,CHEMBL613847,Macaca fascicularis,"Clearance in cynomolgus monkey at 10 mg/kg, po by LC-MS/MS analysis",A,O=C(O)C1(Sc2ccnc3ccc(Br)cc23)CCC1,1.3,mL.min-1.kg-1,species_only_monkey
16442068,CHEMBL3756875,CHEMBL3287569,CL,mL.min-1.kg-1,=,4.5,CHEMBL613847,Macaca fascicularis,"Clearance in cynomolgus monkey at 0.5 mg/kg, iv",A,Cc1cc(Cl)ccc1-c1cccc(COc2ccc([C@H](CC(=O)O)c3nccn3C)cc2)c1,4.5,mL.min-1.kg-1,species_only_monkey
16450548,CHEMBL3756728,CHEMBL3120505,CL,mL.min-1.kg-1,=,11.0,CHEMBL613847,Macaca fascicularis,"Clearance in cynomolgus monkey at 2.5 mg/kg, iv by LC-MS/MS analysis",A,CCc1cc2c(cc1F)c(C#N)c(-c1ccc(S(=O)(=O)N[C@@H](C)C(F)(F)F)cn1)n2-c1ncccn1,11.0,mL.min-1.kg-1,species_only_monkey
16452940,CHEMBL3762963,CHEMBL3758288,CL,mL.min-1.kg-1,=,3.7,CHEMBL613847,Macaca fascicularis,"Clearance in cynomolgus monkey at 1 mg/kg, iv",A,COc1ccc2c(c1)[C@@H]1C[C@]1(C(=O)N1C3CCC1CN(C)C3)Cn1c-2c(C2CCCCC2)c2ccc(C(=O)NS(=O)(=O)C(C)C)cc21,3.7,mL.min-1.kg-1,species_only_monkey
16457413,CHEMBL3762867,CHEMBL3759434,CL,mL.min-1.kg-1,=,9.91,CHEMBL614875,Macaca mulatta,Clearance in monkey,A,CC(C)CC1(O)CCN(C(=O)Nc2cc(Oc3ccc(F)cc3)cc(Oc3ccc(C(C)(C)C(=O)O)cc3)c2)C1,9.91,mL.min-1.kg-1,species_only_monkey
16457893,CHEMBL3761864,CHEMBL3759468,CL,mL.min-1.kg-1,=,2.1,CHEMBL613847,Macaca fascicularis,"Clearance in cynomolgus monkey at 1 mg/kg, po and iv",A,COc1cc(CNC(=O)c2cc(-c3nnn(C[C@H]4CO[C@H](CO)CO4)n3)nc(C)n2)ccc1F,2.1,mL.min-1.kg-1,species_only_monkey
16464659,CHEMBL3768482,CHEMBL111201,CL,mL.min-1.kg-1,=,19.0,CHEMBL614875,Macaca mulatta,"Plasma clearance in rhesus monkey at 0.5 mg/kg, iv or 2 mg/kg, po",A,O=S(=O)(Nc1ccc(CCNC[C@H](O)c2cccnc2)cc1)c1ccc(-c2nc(-c3ccc(C(F)(F)F)cc3)cs2)cc1,19.0,mL.min-1.kg-1,species_only_monkey
16464660,CHEMBL3768482,CHEMBL3764088,CL,mL.min-1.kg-1,=,21.0,CHEMBL614875,Macaca mulatta,"Plasma clearance in rhesus monkey at 0.5 mg/kg, iv or 2 mg/kg, po",A,O=C(Cn1ncccc1=O)Nc1ccc(C[C@@H]2CC[C@H]([C@H](O)c3ccccc3)N2)cc1,21.0,mL.min-1.kg-1,species_only_monkey
16464661,CHEMBL3768482,CHEMBL3765335,CL,mL.min-1.kg-1,=,33.0,CHEMBL614875,Macaca mulatta,"Plasma clearance in rhesus monkey at 0.5 mg/kg, iv or 2 mg/kg, po",A,C[C@@H](C(=O)Nc1ccc(C[C@@H]2CC[C@H]([C@H](O)c3ccccc3)N2)cc1)n1ncccc1=O,33.0,mL.min-1.kg-1,species_only_monkey
16464662,CHEMBL3768482,CHEMBL2107826,CL,mL.min-1.kg-1,=,16.0,CHEMBL614875,Macaca mulatta,"Plasma clearance in rhesus monkey at 0.5 mg/kg, iv or 2 mg/kg, po",A,O=C(Nc1ccc(C[C@@H]2CC[C@H]([C@H](O)c3ccccc3)N2)cc1)[C@@H]1CCc2nccc(=O)n21,16.0,mL.min-1.kg-1,species_only_monkey
16465317,CHEMBL3768485,CHEMBL3764088,CL,mL.min-1.kg-1,=,33.0,CHEMBL614875,Macaca mulatta,"Unbound clearance in rhesus monkey at 0.5 mg/kg, iv or 2 mg/kg, po",A,O=C(Cn1ncccc1=O)Nc1ccc(C[C@@H]2CC[C@H]([C@H](O)c3ccccc3)N2)cc1,33.0,mL.min-1.kg-1,species_only_monkey
16465318,CHEMBL3768485,CHEMBL3765335,CL,mL.min-1.kg-1,=,46.0,CHEMBL614875,Macaca mulatta,"Unbound clearance in rhesus monkey at 0.5 mg/kg, iv or 2 mg/kg, po",A,C[C@@H](C(=O)Nc1ccc(C[C@@H]2CC[C@H]([C@H](O)c3ccccc3)N2)cc1)n1ncccc1=O,46.0,mL.min-1.kg-1,species_only_monkey
16465319,CHEMBL3768485,CHEMBL2107826,CL,mL.min-1.kg-1,=,33.0,CHEMBL614875,Macaca mulatta,"Unbound clearance in rhesus monkey at 0.5 mg/kg, iv or 2 mg/kg, po",A,O=C(Nc1ccc(C[C@@H]2CC[C@H]([C@H](O)c3ccccc3)N2)cc1)[C@@H]1CCc2nccc(=O)n21,33.0,mL.min-1.kg-1,species_only_monkey
16465529,CHEMBL3766292,CHEMBL2107826,CL,mL.min-1.kg-1,=,20.0,CHEMBL613847,Macaca fascicularis,"Plasma clearance in cynomolgus monkey at 0.5 mg/kg, iv or 2 mg/kg, po",A,O=C(Nc1ccc(C[C@@H]2CC[C@H]([C@H](O)c3ccccc3)N2)cc1)[C@@H]1CCc2nccc(=O)n21,20.0,mL.min-1.kg-1,species_only_monkey
16465530,CHEMBL3766293,CHEMBL2107826,CL,mL.min-1.kg-1,=,34.0,CHEMBL613847,Macaca fascicularis,"Unbound clearance in cynomolgus monkey at 0.5 mg/kg, iv or 2 mg/kg, po",A,O=C(Nc1ccc(C[C@@H]2CC[C@H]([C@H](O)c3ccccc3)N2)cc1)[C@@H]1CCc2nccc(=O)n21,34.0,mL.min-1.kg-1,species_only_monkey
16483341,CHEMBL3772914,CHEMBL3770443,CL,mL.min-1.kg-1,=,3.4,CHEMBL613847,Macaca fascicularis,Plasma clearance in cynomolgus monkey,A,CNc1ncc2cc(-c3ccc(-c4cccc(C)n4)cc3Cl)c(=O)n(C[C@H]3OC[C@H](N)CO3)c2n1,3.4,mL.min-1.kg-1,species_only_monkey
16485018,CHEMBL3774231,CHEMBL3771364,CL,mL.min-1.kg-1,=,13.0,CHEMBL613847,Macaca fascicularis,"Clearance in Cynomolgus monkey at 1 mg/kg, iv",A,CC(C)n1ncnc1-c1cn2c(n1)-c1ccc(O[C@@H](C)C(N)=O)cc1OCC2,13.0,mL.min-1.kg-1,species_only_monkey
16493015,CHEMBL3772197,CHEMBL3338866,CL,mL.min-1.kg-1,=,12.0,CHEMBL614875,Macaca mulatta,Clearance in iv dosed rhesus monkey,A,COc1ccc(CNC(=O)c2cc(-c3cncc(Cl)c3)cnc2-c2ccccn2)nc1OC,12.0,mL.min-1.kg-1,species_only_monkey
16508076,CHEMBL3779206,CHEMBL3775576,CL,mL.min-1.kg-1,=,4.667,CHEMBL614875,Macaca mulatta,Intrinsic clearance in monkey,A,CNC(=O)c1ccc2[nH]nc(Cc3ccc4c(cnn4C)c3)c2c1,4.667,mL.min-1.kg-1,species_only_monkey
16510920,CHEMBL3784039,CHEMBL2147041,CL,mL.min-1.kg-1,=,19.0,CHEMBL613847,Macaca fascicularis,"Clearance in cynomolgus monkey plasma at 2 mg/kg, iv by LC-MS/MS analysis",A,Cc1ccncc1-c1cccc2c1ncn2CC(F)(F)F,19.0,mL.min-1.kg-1,species_only_monkey
16554974,CHEMBL3795002,CHEMBL3793226,CL,mL.min-1.kg-1,=,22.6,CHEMBL613847,Macaca fascicularis,"Blood clearance in cynomolgus monkey at 3 mg/kg, iv administered as single dose by LC/MS/MS analysis",A,O=c1ccc2ccc(F)c3c2n1C[C@H]3CN1CCC(NCc2cc3c(nn2)OCCO3)CC1,22.6,mL.min-1.kg-1,species_only_monkey
16555699,CHEMBL3795126,CHEMBL3794145,CL,mL.min-1.kg-1,=,14.0,CHEMBL613847,Macaca fascicularis,"Clearance in cynomolgus monkey at 1 mg/kg, iv",A,O=C(O)C1CN(Cc2ccc(-c3noc(-c4onc(-c5ccccn5)c4C(F)(F)F)n3)cc2)C1,14.0,mL.min-1.kg-1,species_only_monkey
16569372,CHEMBL3803826,CHEMBL3794064,CL,mL.min-1.kg-1,=,5.2,CHEMBL613847,Macaca fascicularis,"Clearance in cynomolgus monkey at 2 mg/kg, iv",A,O=C(O)C1CN(Cc2ccc(-c3noc(-c4onc(-c5ccccc5)c4C(F)(F)F)n3)cc2)C1,5.2,mL.min-1.kg-1,species_only_monkey
16569502,CHEMBL3801784,CHEMBL3640290,CL,mL.min-1.kg-1,=,15.0,CHEMBL613847,Macaca fascicularis,"Clearance in cynomolgus monkey at 1 mg/kg, iv",A,COc1nc(N2C[C@H]3C(=O)N(C)C(=N)N[C@@]3(c3ccc(F)cc3F)C2)nc(C)c1F,15.0,mL.min-1.kg-1,species_only_monkey
16585212,CHEMBL3807999,CHEMBL3805372,CL,mL.min-1.kg-1,=,23.0,CHEMBL614875,Macaca mulatta,"Clearance in monkey at 1 mg/kg, iv",A,CCC[C@H]1N(C(=O)c2cnccc2C(F)(F)F)CCC[C@@]1(Oc1csc(C(F)(F)F)c1)C(=O)N1CCN(c2ccccc2OCCCC(=O)O)CC1,23.0,mL.min-1.kg-1,species_only_monkey
16594010,CHEMBL3810556,CHEMBL3809595,CL,mL.min-1.kg-1,=,0.2167,CHEMBL613847,Macaca fascicularis,Clearance in iv dosed cynomolgus monkey,A,FC(F)(F)Oc1ccc(-c2ccc3nnc(C(F)(F)F)n3c2)cc1,0.2167,mL.min-1.kg-1,species_only_monkey
16595834,CHEMBL3811022,CHEMBL3809850,CL,mL.min-1.kg-1,=,18.0,CHEMBL614875,Macaca mulatta,Clearance in rhesus monkey,A,CC(C)[C@@](O)(C(=O)N1CCC(C2CCN(c3ccc(C(=O)N(C)C)c(Cl)c3)CC2)CC1)C(F)(F)F,18.0,mL.min-1.kg-1,species_only_monkey
16602883,CHEMBL3813486,CHEMBL3809641,CL,mL.min-1.kg-1,=,7.967,CHEMBL613847,Macaca fascicularis,Clearance in cynomolgus monkey,A,Cc1noc(Cn2nc3ccc(-c4ccc(OC(F)(F)F)cc4)cn3c2=O)n1,7.967,mL.min-1.kg-1,species_only_monkey
16652055,CHEMBL3830464,CHEMBL3828718,CL,mL.min-1.kg-1,=,5.9,CHEMBL613847,Macaca fascicularis,"Plasma clearance in cynomolgus monkey at 1 mg/kg, iv",A,COC(=O)N(CC(=O)O)Cc1cc(OCc2nc(-c3ccc(Cl)cc3)oc2C)ccc1F,5.9,mL.min-1.kg-1,species_only_monkey
16667931,CHEMBL3854753,CHEMBL3891221,CL,mL.min-1.kg-1,=,8.57,CHEMBL612558,,"Plasma clearance in cynomolgus monkey at 1 mg/kg, iv",A,O=C(O)c1c[nH]c2cc(Cl)c(-c3ccc(C4(O)CCC4)cc3)cc12,8.57,mL.min-1.kg-1,species_only_monkey
16668647,CHEMBL3854903,CHEMBL2110732,CL,mL.min-1.kg-1,=,44.1,CHEMBL612558,,"Clearance in overnight fasted cynomolgus monkey at 5 mg/kg/day, iv measured up to 144 hrs by LC/MS analysis",A,COc1cc2ncnc(Nc3ccc(F)c(Cl)c3)c2cc1NC(=O)/C=C/CN1CCCCC1,44.1,mL.min-1.kg-1,species_only_monkey
16668648,CHEMBL3854904,CHEMBL3930506,CL,mL.min-1.kg-1,=,69.8,CHEMBL612558,,"Clearance in overnight fasted cynomolgus monkey at 2.5 mg/kg/day, iv measured up to 144 hrs by LC/MS analysis",A,O=C(/C=C/CN1CCCCC1)Nc1cc2c(Nc3ccc(F)c(Cl)c3)ncnc2cn1,69.8,mL.min-1.kg-1,species_only_monkey
16672452,CHEMBL3855784,CHEMBL3984425,CL,mL.min-1.kg-1,=,4.3,CHEMBL612558,,"Clearance in cynomolgus monkey plasma at 0.5 mg/kg, iv measured 24 hrs post dose by LC/MS/MS analysis",A,C[C@H](NC(=O)c1c(N)nn2cccnc12)c1cc2cccc(C#Cc3cnn(C)c3)c2c(=O)n1-c1ccccc1,4.3,mL.min-1.kg-1,species_only_monkey
16744015,CHEMBL3858227,CHEMBL2064666,CL,mL.min-1.kg-1,=,28.0,CHEMBL612558,,"Clearance in cynomolgus monkey at 1 mg/kg, iv by LC/MS/MS analysis",A,COc1c(Nc2ncc(Cl)c(N[C@H]3[C@@H](C(N)=O)[C@@H]4C=C[C@H]3C4)n2)ccc2c1CC[C@@H](N1CCOCC1)CC2,28.0,mL.min-1.kg-1,species_only_monkey
16744016,CHEMBL3858227,CHEMBL3951811,CL,mL.min-1.kg-1,=,30.0,CHEMBL612558,,"Clearance in cynomolgus monkey at 1 mg/kg, iv by LC/MS/MS analysis",A,CNC(=O)c1ccccc1Nc1nc(Nc2ccc3c(c2OC)CCC[C@H](N2CCN(CCO)CC2)C3)ncc1Cl,30.0,mL.min-1.kg-1,species_only_monkey
16744527,CHEMBL3858398,CHEMBL3895947,CL,mL.min-1.kg-1,=,14.0,CHEMBL612558,,"Clearance in cynomolgus monkey at 1 mg/kg, iv after 0.033 to 24 hrs by LC/MS/MS analysis",A,C[C@@H]1c2ncn(-c3ccc(F)cn3)c2CCN1C(=O)c1cccc(C(F)(F)F)c1Cl,14.0,mL.min-1.kg-1,species_only_monkey
16746326,CHEMBL3858993,CHEMBL3900554,CL,mL.min-1.kg-1,=,10.0,CHEMBL612558,,"Clearance in cynomolgus monkey at 2 mg/kg, iv",A,Cc1c(-c2c(F)cc(C(N)=O)c3[nH]c4c(c23)CC[C@H](C(C)(C)O)C4)cccc1-n1c(=O)c2cccc(F)c2n(C)c1=O,10.0,mL.min-1.kg-1,species_only_monkey
16763696,CHEMBL3862821,CHEMBL2105735,CL,mL.min-1.kg-1,=,19.5,CHEMBL612558,,"Clearance in cynomolgus monkey plasma at 3 mg/kg, iv administered as 5 mins infusion measured up to 24 hrs post dose by LC/MS/MS analysis",A,C=C[C@@H]1C[C@]1(NC(=O)[C@@H]1C[C@@H](Oc2ncc(OC)c3ccc(Cl)cc23)CN1C(=O)[C@@H](NC(=O)OC(C)(C)C)C(C)(C)C)C(=O)NS(=O)(=O)C1CC1,19.5,mL.min-1.kg-1,species_only_monkey
16763697,CHEMBL3862821,CHEMBL3906900,CL,mL.min-1.kg-1,=,11.4,CHEMBL612558,,"Clearance in cynomolgus monkey plasma at 3 mg/kg, iv administered as 5 mins infusion measured up to 24 hrs post dose by LC/MS/MS analysis",A,COc1cnc(O[C@@H]2C[C@@H](C(=O)N[C@]3(C(=O)NS(=O)(=O)C4CC4)C[C@H]3C3CC3)N(C(=O)[C@@H](NC(=O)O[C@H](C)C(F)(F)F)C(C)(C)C)C2)c2cc(Cl)ccc12,11.4,mL.min-1.kg-1,species_only_monkey
16763698,CHEMBL3862821,CHEMBL3905199,CL,mL.min-1.kg-1,=,15.8,CHEMBL612558,,"Clearance in cynomolgus monkey plasma at 3 mg/kg, iv administered as 5 mins infusion measured up to 24 hrs post dose by LC/MS/MS analysis",A,COc1cnc(O[C@@H]2C[C@@H](C(=O)N[C@]3(C(=O)NS(=O)(=O)C4CC4)C[C@H]3C3CC3)N(C(=O)[C@@H](NC(=O)O[C@H](C)C(F)(F)F)C3CCCC3)C2)c2cc(Cl)ccc12,15.8,mL.min-1.kg-1,species_only_monkey
16763699,CHEMBL3862821,CHEMBL3933212,CL,mL.min-1.kg-1,=,9.4,CHEMBL612558,,"Clearance in cynomolgus monkey plasma at 3 mg/kg, iv administered as 5 mins infusion measured up to 24 hrs post dose by LC/MS/MS analysis",A,COc1cnc(O[C@@H]2C[C@@H](C(=O)N[C@]3(C(=O)NS(=O)(=O)C4CC4)C[C@H]3C3CC3)N(C(=O)[C@@H](NC(=O)O[C@H](C)C(F)(F)F)C3CCCCC3)C2)c2cc(Cl)ccc12,9.4,mL.min-1.kg-1,species_only_monkey
16799044,CHEMBL3868353,CHEMBL3973097,CL,mL.min-1.kg-1,=,25.0,CHEMBL612558,,"Clearance in rhesus monkey at 2 mg/kg, iv or 10 mg/kg, po",A,O=C(c1nccc2[nH]cnc12)N1CCC(F)(F)[C@@H](Oc2ccc3ccccc3n2)C1,25.0,mL.min-1.kg-1,species_only_monkey
16799045,CHEMBL3868353,CHEMBL3955752,CL,mL.min-1.kg-1,=,33.0,CHEMBL612558,,"Clearance in rhesus monkey at 2 mg/kg, iv or 10 mg/kg, po",A,O=C(c1cccn2cncc12)N1CCC(F)(F)[C@@H](Oc2ccc3ccccc3n2)C1,33.0,mL.min-1.kg-1,species_only_monkey
16799804,CHEMBL3868437,CHEMBL1829173,CL,mL.min-1.kg-1,=,1.0,CHEMBL612558,,Clearance in iv or po dosed monkey,A,CC#C[C@@H](CC(=O)O)c1ccc(OCc2cccc(-c3ccc(C(F)(F)F)cc3)c2)cc1,1.0,mL.min-1.kg-1,species_only_monkey
16800488,CHEMBL3868522,CHEMBL3360975,CL,mL.min-1.kg-1,=,1.9,CHEMBL612558,,"Clearance in cynomolgus monkey at 1 mg/kg, iv administered as 10 mins infusion by LC/MS/MS analysis",A,CC(C)(O)c1cn(-c2ccc(-c3cccc(S(C)(=O)=O)c3)cc2)c(C(C)(C)c2ccccc2Cl)n1,1.9,mL.min-1.kg-1,species_only_monkey
16800490,CHEMBL3868524,CHEMBL3360975,CL,mL.min-1.kg-1,=,2.9,CHEMBL612558,,"Clearance in cynomolgus monkey at 0.2 mg/kg, iv administered as cassette dose by LC/MS/MS analysis",A,CC(C)(O)c1cn(-c2ccc(-c3cccc(S(C)(=O)=O)c3)cc2)c(C(C)(C)c2ccccc2Cl)n1,2.9,mL.min-1.kg-1,species_only_monkey
16800558,CHEMBL3868526,CHEMBL3960606,CL,mL.min-1.kg-1,=,61.0,CHEMBL612558,,"Clearance in cynomolgus monkey at 0.25 mg/kg, iv administered as 10 mins infusion by LC/MS/MS analysis",A,CC(C)(O)c1cn(-c2ccc(-c3ccc(CO)c(S(C)(=O)=O)c3)cc2)c(Cc2ccccc2Cl)n1,61.0,mL.min-1.kg-1,species_only_monkey
16800560,CHEMBL3868524,CHEMBL3963566,CL,mL.min-1.kg-1,=,5.6,CHEMBL612558,,"Clearance in cynomolgus monkey at 0.2 mg/kg, iv administered as cassette dose by LC/MS/MS analysis",A,CC(O)c1ccc(-c2ccc(-n3cc(C(C)(C)O)nc3C(C)(C)c3ccccc3Cl)cc2)cc1S(C)(=O)=O,5.6,mL.min-1.kg-1,species_only_monkey
16800562,CHEMBL3868524,CHEMBL3944154,CL,mL.min-1.kg-1,=,8.4,CHEMBL612558,,"Clearance in cynomolgus monkey at 0.2 mg/kg, iv administered as cassette dose by LC/MS/MS analysis",A,CC(C)(O)c1cn(-c2ccc(-c3cc(F)c(CO)c(S(C)(=O)=O)c3)cc2)c(C(C)(C)c2ccccc2Cl)n1,8.4,mL.min-1.kg-1,species_only_monkey
16800614,CHEMBL3868529,CHEMBL3945199,CL,mL.min-1.kg-1,=,8.0,CHEMBL612558,,"Clearance in cynomolgus monkey at 3 mg/kg, iv administered as 10 mins infusion by LC/MS/MS analysis",A,CC(C)(O)c1cn(-c2ccc(-c3cc(F)c(CO)c(S(C)(=O)=O)c3)cc2F)c(C(C)(C)c2c(Cl)cccc2Cl)n1,8.0,mL.min-1.kg-1,species_only_monkey
16802408,CHEMBL3869156,CHEMBL1650559,CL,mL.min-1.kg-1,=,2.167,CHEMBL612558,,Clearance in African green monkey blood at 25 mg/kg administered as iv infusion twice daily for 7 consecutive days measured on day 1 by LC-MS/MS analysis,A,CN[C@@H]1[C@@H](O)[C@@H](O[C@@H]2[C@@H](O)[C@H](O[C@H]3OC(CNCCO)=CC[C@H]3N)[C@@H](N)C[C@H]2NC(=O)[C@@H](O)CCN)OC[C@]1(C)O,2.167,mL.min-1.kg-1,species_only_monkey
16802409,CHEMBL3869157,CHEMBL1650559,CL,mL.min-1.kg-1,=,1.833,CHEMBL612558,,Clearance in African green monkey blood at 25 mg/kg administered as iv infusion twice daily for 7 consecutive days measured on day 7 by LC-MS/MS analysis,A,CN[C@@H]1[C@@H](O)[C@@H](O[C@@H]2[C@@H](O)[C@H](O[C@H]3OC(CNCCO)=CC[C@H]3N)[C@@H](N)C[C@H]2NC(=O)[C@@H](O)CCN)OC[C@]1(C)O,1.833,mL.min-1.kg-1,species_only_monkey
16802410,CHEMBL3869158,CHEMBL1650559,CL,mL.min-1.kg-1,=,1.667,CHEMBL612558,,Clearance in African green monkey blood at 35 mg/kg administered as iv infusion twice daily for 7 consecutive days measured on day 1 by LC-MS/MS analysis,A,CN[C@@H]1[C@@H](O)[C@@H](O[C@@H]2[C@@H](O)[C@H](O[C@H]3OC(CNCCO)=CC[C@H]3N)[C@@H](N)C[C@H]2NC(=O)[C@@H](O)CCN)OC[C@]1(C)O,1.667,mL.min-1.kg-1,species_only_monkey
16802411,CHEMBL3869159,CHEMBL1650559,CL,mL.min-1.kg-1,=,1.667,CHEMBL612558,,Clearance in African green monkey blood at 35 mg/kg administered as iv infusion twice daily for 7 consecutive days measured on day 7 by LC-MS/MS analysis,A,CN[C@@H]1[C@@H](O)[C@@H](O[C@@H]2[C@@H](O)[C@H](O[C@H]3OC(CNCCO)=CC[C@H]3N)[C@@H](N)C[C@H]2NC(=O)[C@@H](O)CCN)OC[C@]1(C)O,1.667,mL.min-1.kg-1,species_only_monkey
16818822,CHEMBL3872190,CHEMBL3980898,CL,mL.min-1.kg-1,=,0.33,CHEMBL612558,,"Clearance in rhesus monkey plasma at 0.5 mg/kg, iv or 1 mg/kg, po by LC/MS/MS analysis",A,CO[C@H]1C[C@H](Oc2cc(F)c(F)c(-c3ccc4c(c3)CC[C@H](CCC(=O)O)O4)n2)C1,0.33,mL.min-1.kg-1,species_only_monkey
16818828,CHEMBL3872196,CHEMBL3980898,CL,mL.min-1.kg-1,=,150.0,CHEMBL612558,,"Intrinsic clearance in rhesus monkey plasma at 0.5 mg/kg, iv or 1 mg/kg, po by LC/MS/MS analysis",A,CO[C@H]1C[C@H](Oc2cc(F)c(F)c(-c3ccc4c(c3)CC[C@H](CCC(=O)O)O4)n2)C1,150.0,mL.min-1.kg-1,species_only_monkey
16830266,CHEMBL3875020,CHEMBL3919973,CL,mL.min-1.kg-1,=,2.7,CHEMBL612558,,"Plasma clearance in rhesus monkey at 0.5 mg/kg, iv or 1 mg/kg, po by LC/MS/MS analysis",A,O=C(O)CC1CCC2(CC1)CCN(c1cc(OC(F)(F)F)ccc1Cl)CC2,2.7,mL.min-1.kg-1,species_only_monkey
16834193,CHEMBL3875658,CHEMBL161,CL,mL.min-1.kg-1,=,0.77,CHEMBL612558,,"Total clearance in monkey at 20 mg/kg, iv administered as bolus dose by HPLC method",A,CO/N=C(\C(=O)N[C@@H]1C(=O)N2C(C(=O)O)=C(CSc3nc(=O)c(O)nn3C)CS[C@H]12)c1csc(N)n1,0.77,mL.min-1.kg-1,species_only_monkey
16834194,CHEMBL3875658,CHEMBL3884013,CL,mL.min-1.kg-1,=,0.48,CHEMBL612558,,"Total clearance in monkey at 20 mg/kg, iv administered as bolus dose by HPLC method",A,CCO/N=C(\C(=O)N[C@@H]1C(=O)N2C(C(=O)[O-])=C(/C=C/C[n+]3ccc(-c4cc(/C([O-])=N/C#N)[nH]n4)cc3)CS[C@H]12)c1csc(N)n1.[Na+],0.48,mL.min-1.kg-1,species_only_monkey
16834195,CHEMBL3875658,CHEMBL3883791,CL,mL.min-1.kg-1,=,0.81,CHEMBL612558,,"Total clearance in monkey at 20 mg/kg, iv administered as bolus dose by HPLC method",A,CCO/N=C(\C(=O)N[C@@H]1C(=O)N2C(C(=O)[O-])=C(/C=C/C[n+]3ccc(-c4cc(/C([O-])=N/C#N)n(C)n4)cc3)CS[C@H]12)c1csc(N)n1.[Na+],0.81,mL.min-1.kg-1,species_only_monkey
16834196,CHEMBL3875658,CHEMBL3884296,CL,mL.min-1.kg-1,=,0.54,CHEMBL612558,,"Total clearance in monkey at 20 mg/kg, iv administered as bolus dose by HPLC method",A,CCO/N=C(\C(=O)N[C@@H]1C(=O)N2C(C(=O)[O-])=C(/C=C/C[n+]3ccc(-n4ccc(/C([O-])=N/C#N)n4)cc3)CS[C@H]12)c1csc(N)n1.[Na+],0.54,mL.min-1.kg-1,species_only_monkey
16834197,CHEMBL3875658,CHEMBL3883524,CL,mL.min-1.kg-1,=,0.84,CHEMBL612558,,"Total clearance in monkey at 20 mg/kg, iv administered as bolus dose by HPLC method",A,CCO/N=C(\C(=O)N[C@@H]1C(=O)N2C(C(=O)[O-])=C(/C=C/C[n+]3ccc(-c4c[nH]c(/C([O-])=N/C#N)c4)cc3)CS[C@H]12)c1csc(N)n1.[Na+],0.84,mL.min-1.kg-1,species_only_monkey
16834198,CHEMBL3875658,CHEMBL3883654,CL,mL.min-1.kg-1,=,0.66,CHEMBL612558,,"Total clearance in monkey at 20 mg/kg, iv administered as bolus dose by HPLC method",A,CCO/N=C(\C(=O)N[C@@H]1C(=O)N2C(C(=O)[O-])=C(/C=C/C[n+]3ccc(-c4cc(/C([O-])=N/C#N)n(C)c4)cc3)CS[C@H]12)c1csc(N)n1.[Na+],0.66,mL.min-1.kg-1,species_only_monkey
16834199,CHEMBL3875658,CHEMBL3883425,CL,mL.min-1.kg-1,=,0.4,CHEMBL612558,,"Total clearance in monkey at 20 mg/kg, iv administered as bolus dose by HPLC method",A,CCO/N=C(\C(=O)N[C@@H]1C(=O)N2C(C(=O)[O-])=C(/C=C/C[n+]3ccc(-c4c[nH]c(/C([O-])=N/C#N)c4C)cc3)CS[C@H]12)c1csc(N)n1.[Na+],0.4,mL.min-1.kg-1,species_only_monkey
16834200,CHEMBL3875658,CHEMBL3884061,CL,mL.min-1.kg-1,=,0.66,CHEMBL612558,,"Total clearance in monkey at 20 mg/kg, iv administered as bolus dose by HPLC method",A,CCO/N=C(\C(=O)N[C@@H]1C(=O)N2C(C(=O)[O-])=C(/C=C/C[n+]3ccc(-c4csc(/C([O-])=N/C#N)c4)cc3)CS[C@H]12)c1csc(N)n1.[Na+],0.66,mL.min-1.kg-1,species_only_monkey
16834201,CHEMBL3875658,CHEMBL3883486,CL,mL.min-1.kg-1,=,0.29,CHEMBL612558,,"Total clearance in monkey at 20 mg/kg, iv administered as bolus dose by HPLC method",A,CCO/N=C(\C(=O)N[C@@H]1C(=O)N2C(C(=O)[O-])=C(/C=C/C[n+]3ccc(-c4cc(/C([O-])=N/C#N)on4)cc3)CS[C@H]12)c1csc(N)n1.[Na+],0.29,mL.min-1.kg-1,species_only_monkey
16834202,CHEMBL3875658,CHEMBL3884631,CL,mL.min-1.kg-1,=,0.41,CHEMBL612558,,"Total clearance in monkey at 20 mg/kg, iv administered as bolus dose by HPLC method",A,CCO/N=C(\C(=O)N[C@@H]1C(=O)N2C(C(=O)[O-])=C(/C=C/C[n+]3ccc(-c4csc(/C([O-])=N/C#N)n4)cc3)CS[C@H]12)c1csc(N)n1.[Na+],0.41,mL.min-1.kg-1,species_only_monkey
16834203,CHEMBL3875658,CHEMBL3884276,CL,mL.min-1.kg-1,=,0.49,CHEMBL612558,,"Total clearance in monkey at 20 mg/kg, iv administered as bolus dose by HPLC method",A,CCO/N=C(\C(=O)N[C@@H]1C(=O)N2C(C(=O)[O-])=C(/C=C/C[n+]3ccc(-c4nc(/C([O-])=N/C#N)cs4)cc3)CS[C@H]12)c1csc(N)n1.[Na+],0.49,mL.min-1.kg-1,species_only_monkey
16834204,CHEMBL3875658,CHEMBL3883556,CL,mL.min-1.kg-1,=,1.79,CHEMBL612558,,"Total clearance in monkey at 20 mg/kg, iv administered as bolus dose by HPLC method",A,CCO/N=C(\C(=O)N[C@@H]1C(=O)N2C(C(=O)[O-])=C(/C=C/C[n+]3cccc(/C([O-])=N/C#N)c3)CS[C@H]12)c1csc(N)n1.[Na+],1.79,mL.min-1.kg-1,species_only_monkey
16834205,CHEMBL3875658,CHEMBL3884197,CL,mL.min-1.kg-1,=,1.84,CHEMBL612558,,"Total clearance in monkey at 20 mg/kg, iv administered as bolus dose by HPLC method",A,CCO/N=C(\C(=O)N[C@@H]1C(=O)N2C(C(=O)[O-])=C(/C=C/C[n+]3ccc(/C([O-])=N/C#N)cc3)CS[C@H]12)c1csc(N)n1.[Na+],1.84,mL.min-1.kg-1,species_only_monkey
16834206,CHEMBL3875658,CHEMBL3884963,CL,mL.min-1.kg-1,=,1.74,CHEMBL612558,,"Total clearance in monkey at 20 mg/kg, iv administered as bolus dose by HPLC method",A,CCO/N=C(\C(=O)N[C@@H]1C(=O)N2C(C(=O)[O-])=C(/C=C/C[n+]3cccc4[nH]c(/C([O-])=N/C#N)cc43)CS[C@H]12)c1csc(N)n1.[Na+],1.74,mL.min-1.kg-1,species_only_monkey
16834207,CHEMBL3875658,CHEMBL3884716,CL,mL.min-1.kg-1,=,0.8,CHEMBL612558,,"Total clearance in monkey at 20 mg/kg, iv administered as bolus dose by HPLC method",A,CCO/N=C(\C(=O)N[C@@H]1C(=O)N2C(C(=O)[O-])=C(/C=C/C[n+]3ccc4[nH]c(/C([O-])=N/C#N)cc4c3)CS[C@H]12)c1csc(N)n1.[Na+],0.8,mL.min-1.kg-1,species_only_monkey
16834208,CHEMBL3875658,CHEMBL3884150,CL,mL.min-1.kg-1,=,0.57,CHEMBL612558,,"Total clearance in monkey at 20 mg/kg, iv administered as bolus dose by HPLC method",A,CCO/N=C(\C(=O)N[C@@H]1C(=O)N2C(C(=O)[O-])=C(/C=C/C[n+]3cccc4cc(/C([O-])=N/C#N)[nH]c43)CS[C@H]12)c1csc(N)n1.[Na+],0.57,mL.min-1.kg-1,species_only_monkey
16834209,CHEMBL3875658,CHEMBL3884800,CL,mL.min-1.kg-1,=,0.68,CHEMBL612558,,"Total clearance in monkey at 20 mg/kg, iv administered as bolus dose by HPLC method",A,CCO/N=C(\C(=O)N[C@@H]1C(=O)N2C(C(=O)[O-])=C(/C=C/C[n+]3ccc4sc(/C([O-])=N/C#N)nc4c3)CS[C@H]12)c1csc(N)n1.[Na+],0.68,mL.min-1.kg-1,species_only_monkey
16834210,CHEMBL3875658,CHEMBL3885467,CL,mL.min-1.kg-1,=,1.59,CHEMBL612558,,"Total clearance in monkey at 20 mg/kg, iv administered as bolus dose by HPLC method",A,CCO/N=C(\C(=O)N[C@@H]1C(=O)N2C(C(=O)[O-])=C(/C=C/C[n+]3ccc4c(/C([O-])=N\C#N)cccc4c3)CS[C@H]12)c1csc(N)n1.[Na+],1.59,mL.min-1.kg-1,species_only_monkey
16834211,CHEMBL3875658,CHEMBL3885006,CL,mL.min-1.kg-1,=,2.08,CHEMBL612558,,"Total clearance in monkey at 20 mg/kg, iv administered as bolus dose by HPLC method",A,CCO/N=C(\C(=O)N[C@@H]1C(=O)N2C(C(=O)[O-])=C(/C=C/C[n+]3cccc4cc(/C([O-])=N/C#N)ccc43)CS[C@H]12)c1csc(N)n1.[Na+],2.08,mL.min-1.kg-1,species_only_monkey
16852587,CHEMBL3878711,CHEMBL3917518,CL,mL.min-1.kg-1,=,2.2,CHEMBL612558,,"Plasma clearance in rhesus monkey at 1 mg/kg, iv measured after 48 hrs by LC/MS/MS method",A,COC(=O)N[C@H](C(=O)N1CCC[C@H]1c1ncc(-c2cc(F)c3c(c2)OC(c2cc(C(C)C)no2)n2c-3cc3cc(-c4cnc([C@@H]5CCCN5C(=O)[C@@H](NC(=O)OC)C(C)C)[nH]4)ccc32)[nH]1)C(C)C,2.2,mL.min-1.kg-1,species_only_monkey
17976231,CHEMBL3997142,CHEMBL4099851,CL,mL.min-1.kg-1,=,5.31,CHEMBL613847,Macaca fascicularis,"Total clearance in cynomolgus monkey at 1 mg/kg, iv",A,C[C@H](NC(=O)c1cc(Cl)cnc1Oc1cccc(F)c1)c1ccc(C(=O)O)cc1,5.31,mL.min-1.kg-1,species_only_monkey
17977151,CHEMBL3997349,CHEMBL4093284,CL,mL.min-1.kg-1,=,14.0,CHEMBL614875,Macaca mulatta,"Plasma clearance in rhesus monkey at 0.5 mg/kg, iv by LC-MS/MS analysis",A,COCc1cnc(N2CCC([C@H]3C[C@H]3CCOc3cc(F)c(CC(=O)N4CCC4)c(F)c3)CC2)nc1,14.0,mL.min-1.kg-1,species_only_monkey
17986289,CHEMBL3999287,CHEMBL4071864,CL,mL.min-1.kg-1,=,10.0,CHEMBL613847,Macaca fascicularis,"Clearance in cynomolgus monkey at 1.2 mg/kg, iv",A,CN1C(=O)[C@@H](NC(=O)c2n[nH]c(Cc3ccccc3)n2)COc2ccccc21,10.0,mL.min-1.kg-1,species_only_monkey
17990726,CHEMBL4000004,CHEMBL3545369,CL,mL.min-1.kg-1,=,13.33,CHEMBL613847,Macaca fascicularis,"Clearance in cynomolgus monkey at 4 mg/kg, iv or 10 mg/kg, po by LC/MS/MS analysis",A,NS(=O)(=O)NCCNc1nonc1/C(=N/O)Nc1ccc(F)c(Br)c1,13.33,mL.min-1.kg-1,species_only_monkey
18001414,CHEMBL4002460,CHEMBL2105720,CL,mL.min-1.kg-1,=,5.9,CHEMBL613847,Macaca fascicularis,"Apparent plasma clearance in cynomolgus monkey assessed as (-)-Lesinurad level at 2 mg/kg, iv administered as single bolus dose by LC-MS/MS analysis",A,O=C(O)CSc1nnc(Br)n1-c1ccc(C2CC2)c2ccccc12,5.9,mL.min-1.kg-1,species_only_monkey
18001415,CHEMBL4002461,CHEMBL2105720,CL,mL.min-1.kg-1,=,8.8,CHEMBL613847,Macaca fascicularis,"Apparent plasma clearance in cynomolgus monkey assessed as (+)-Lesinurad level at 2 mg/kg, iv administered as single bolus dose by LC-MS/MS analysis",A,O=C(O)CSc1nnc(Br)n1-c1ccc(C2CC2)c2ccccc12,8.8,mL.min-1.kg-1,species_only_monkey
18001426,CHEMBL4002471,CHEMBL2105720,CL,mL.min-1.kg-1,=,3.3,CHEMBL613847,Macaca fascicularis,"Apparent plasma clearance in cynomolgus monkey at 2 mg/kg, iv administered as single bolus dose by LC-MS/MS analysis",A,O=C(O)CSc1nnc(Br)n1-c1ccc(C2CC2)c2ccccc12,3.3,mL.min-1.kg-1,species_only_monkey
18001427,CHEMBL4002471,CHEMBL2105720,CL,mL.min-1.kg-1,=,4.7,CHEMBL613847,Macaca fascicularis,"Apparent plasma clearance in cynomolgus monkey at 2 mg/kg, iv administered as single bolus dose by LC-MS/MS analysis",A,O=C(O)CSc1nnc(Br)n1-c1ccc(C2CC2)c2ccccc12,4.7,mL.min-1.kg-1,species_only_monkey
18010687,CHEMBL4004043,CHEMBL4073137,CL,mL.min-1.kg-1,=,18.0,CHEMBL614875,Macaca mulatta,"Plasma clearance in rhesus monkey at 0.5 mg/kg, iv or 2 mg/kg, po",A,O=C(c1ccc(C[C@@H]2CC[C@H]([C@H](O)c3ccccc3)N2)cc1)N1CCN(Cc2ccccn2)CC1,18.0,mL.min-1.kg-1,species_only_monkey
18010689,CHEMBL4004045,CHEMBL4073137,CL,mL.min-1.kg-1,=,43.0,CHEMBL614875,Macaca mulatta,"Unbound clearance in rhesus monkey at 0.5 mg/kg, iv or 2 mg/kg, po",A,O=C(c1ccc(C[C@@H]2CC[C@H]([C@H](O)c3ccccc3)N2)cc1)N1CCN(Cc2ccccn2)CC1,43.0,mL.min-1.kg-1,species_only_monkey
18010733,CHEMBL4004043,CHEMBL3747455,CL,mL.min-1.kg-1,=,30.0,CHEMBL614875,Macaca mulatta,"Plasma clearance in rhesus monkey at 0.5 mg/kg, iv or 2 mg/kg, po",A,CCc1nnc([C@H]2[C@@H]3CN(C(=O)c4ccc(C[C@@H]5CC[C@H]([C@H](O)c6ccccc6)N5)cc4)C[C@@H]32)o1,30.0,mL.min-1.kg-1,species_only_monkey
18010841,CHEMBL4004043,CHEMBL4085173,CL,mL.min-1.kg-1,=,19.0,CHEMBL614875,Macaca mulatta,"Plasma clearance in rhesus monkey at 0.5 mg/kg, iv or 2 mg/kg, po",A,O=C(c1ccc(C[C@@H]2CC[C@H]([C@H](O)c3ccccc3)N2)cc1)N1CCN(Cc2nnn(CC(F)(F)F)n2)CC1,19.0,mL.min-1.kg-1,species_only_monkey
18010843,CHEMBL4004045,CHEMBL4085173,CL,mL.min-1.kg-1,=,43.0,CHEMBL614875,Macaca mulatta,"Unbound clearance in rhesus monkey at 0.5 mg/kg, iv or 2 mg/kg, po",A,O=C(c1ccc(C[C@@H]2CC[C@H]([C@H](O)c3ccccc3)N2)cc1)N1CCN(Cc2nnn(CC(F)(F)F)n2)CC1,43.0,mL.min-1.kg-1,species_only_monkey
18013270,CHEMBL4004336,CHEMBL4064760,CL,mL.min-1.kg-1,=,57.0,CHEMBL614875,Macaca mulatta,"Clearance in rhesus monkey at 0.5 mg/kg, iv",A,Cc1c([C@@H](O)CN2CCC3(CC2)CCN(c2cnc(S(C)(=O)=O)cn2)C3)ccc2c1COC2=O,57.0,mL.min-1.kg-1,species_only_monkey
18014576,CHEMBL4004525,CHEMBL4104525,CL,mL.min-1.kg-1,=,14.3,CHEMBL614875,Macaca mulatta,Clearance in rhesus monkey,A,O[C@@H](c1cccnc1-c1cc(Cl)cc(Cl)c1)C(c1cccnc1)c1cccnc1,14.3,mL.min-1.kg-1,species_only_monkey
18015347,CHEMBL4004759,CHEMBL4084621,CL,mL.min-1.kg-1,=,17.0,CHEMBL613847,Macaca fascicularis,"Total plasma clearance in cynomolgus monkey at 1 mg/kg, iv administered as 5 mins infusion",A,c1cn(-c2cc(NC3=NC[C@@]4(CN5CCC4CC5)O3)ncn2)cn1,17.0,mL.min-1.kg-1,species_only_monkey
18017764,CHEMBL4005305,CHEMBL3301604,CL,mL.min-1.kg-1,=,14.68,CHEMBL613847,Macaca fascicularis,"Total clearance in cynomolgus monkey at 0.1 mg/kg, iv",A,O=C(O)COC[C@H]1CC[C@H](COC(=O)N(c2ccccc2)c2ccc(Cl)cc2)CC1,14.68,mL.min-1.kg-1,species_only_monkey
18018643,CHEMBL4005505,CHEMBL4082978,CL,mL.min-1.kg-1,=,4.0,CHEMBL613847,Macaca fascicularis,"Clearance in cynomolgus monkey plasma at 1 mg/kg, iv administered via infusion over 30 mins measured over 24 hrs by LC/MS/MS analysis",A,C[C@H](Nc1nc(N)nc(N)c1Cl)c1nc2c(Cl)cc(F)cc2c(=O)n1-c1cc[nH]n1,4.0,mL.min-1.kg-1,species_only_monkey
18018649,CHEMBL4005511,CHEMBL4082978,CL,mL.min-1.kg-1,=,6.833,CHEMBL614875,Macaca mulatta,"Clearance in rhesus monkey plasma at 1 mg/kg, iv administered via infusion over 30 mins measured over 24 hrs by LC/MS/MS analysis",A,C[C@H](Nc1nc(N)nc(N)c1Cl)c1nc2c(Cl)cc(F)cc2c(=O)n1-c1cc[nH]n1,6.833,mL.min-1.kg-1,species_only_monkey
18020368,CHEMBL4005746,CHEMBL4085457,CL,mL.min-1.kg-1,=,42.0,CHEMBL614875,Macaca mulatta,Blood clearance in monkey,A,C=CC(=O)N1C[C@H](Nc2ncnc3[nH]ccc23)CC[C@@H]1C,42.0,mL.min-1.kg-1,species_only_monkey
18040387,CHEMBL4009608,CHEMBL4101809,CL,mL.min-1.kg-1,=,5.6,CHEMBL613847,Macaca fascicularis,"Clearance in Cynomolgus monkey at 1 mg/kg, iv",A,COc1nc(C2=NOC[C@H](c3cc4ccccc4o3)N2)ccc1-n1cnc(C)c1,5.6,mL.min-1.kg-1,species_only_monkey
18064326,CHEMBL4013881,CHEMBL4068509,CL,mL.min-1.kg-1,=,42.9,CHEMBL613847,Macaca fascicularis,"Clearance in cynomolgus monkey at 1.23 mg/kg, iv",A,C=CC(=O)N1CCN(CCCn2c(=O)c(-c3c(Cl)c(OC)cc(OC)c3Cl)cc3cnc(NC)nc32)CC1,42.9,mL.min-1.kg-1,species_only_monkey
18071754,CHEMBL4015533,CHEMBL4094440,CL,mL.min-1.kg-1,=,3.2,CHEMBL613847,Macaca fascicularis,"Clearance in cynomolgus monkey at 1 mg/kg, iv or 1 mg/kg, po",A,NS(=O)(=O)c1cncc(-c2nc(NCc3ccccn3)c3c(-c4ccccc4)cccc3n2)c1,3.2,mL.min-1.kg-1,species_only_monkey
18073993,CHEMBL4015974,CHEMBL4081711,CL,mL.min-1.kg-1,=,0.01,CHEMBL613847,Macaca fascicularis,"Plasma clearance in cynomolgus monkey at 1 mg/kg, iv administered as single dose",A,CC[C@@H]1[C@H](F)C(=O)N[C@@H]1COc1nccc2cc(C(N)=O)c(OC)cc12,0.01,mL.min-1.kg-1,species_only_monkey
18076678,CHEMBL4016403,CHEMBL4080667,CL,mL.min-1.kg-1,=,21.2,CHEMBL613847,Macaca fascicularis,"Total plasma clearance in cynomolgus monkey at 1 mg/kg, iv",A,O=C(CC1(c2ccccc2)C2CC3CC1CC(C2)C3O)N1CC(O)C1,21.2,mL.min-1.kg-1,species_only_monkey
18077918,CHEMBL4016589,CHEMBL4064666,CL,mL.min-1.kg-1,=,4.6,CHEMBL614875,Macaca mulatta,"Clearance in monkey at 1 mg/kg, iv",A,CC(=O)N1CCN(c2cc(-c3cc(C(F)(F)F)c4c(N)ncnn34)ccc2C#N)C(=O)C1(C)C,4.6,mL.min-1.kg-1,species_only_monkey
18084175,CHEMBL4018211,CHEMBL4065034,CL,mL.min-1.kg-1,=,14.0,CHEMBL613847,Macaca fascicularis,"Clearance in cynomolgus monkey at 10 mg/kg, po",A,CCO[P@]1(=O)N=C(C2=C(O)[C@H](C(C)(C)C)N(CCC(C)(C)C)C2=O)Nc2ccc(NS(C)(=O)=O)cc21,14.0,mL.min-1.kg-1,species_only_monkey
18087405,CHEMBL4019154,CHEMBL4091620,CL,mL.min-1.kg-1,=,13.1,CHEMBL613847,Macaca fascicularis,"Blood clearance in cynomolgus monkey at 1 mg/kg, iv via single bolus administration",A,CC(C)C[C@@H]1COCc2nc(OCc3cccc(C#N)c3)cc(=O)n21,13.1,mL.min-1.kg-1,species_only_monkey
18087406,CHEMBL4019154,CHEMBL4063837,CL,mL.min-1.kg-1,=,31.2,CHEMBL613847,Macaca fascicularis,"Blood clearance in cynomolgus monkey at 1 mg/kg, iv via single bolus administration",A,CC(C)(C)C[C@@H]1COCc2nc(OCc3ccccn3)cc(=O)n21,31.2,mL.min-1.kg-1,species_only_monkey
18087525,CHEMBL4019168,CHEMBL4063837,CL,mL.min-1.kg-1,=,1.4,CHEMBL614875,Macaca mulatta,Plasma clearance in 6 MPTP-treated dyskinetic PD-LID rhesus monkey at 2 mg/kg administered BID,A,CC(C)(C)C[C@@H]1COCc2nc(OCc3ccccn3)cc(=O)n21,1.4,mL.min-1.kg-1,species_only_monkey
18092559,CHEMBL4020245,CHEMBL3987016,CL,mL.min-1.kg-1,=,5.5,CHEMBL614875,Macaca mulatta,Plasma clearance in iv dosed monkey,A,CCS(=O)(=O)Nc1ccc(Oc2ccc(F)cc2F)c(-c2cn(C)c(=O)c3[nH]ccc23)c1,5.5,mL.min-1.kg-1,species_only_monkey
18098214,CHEMBL4021528,CHEMBL4088914,CL,mL.min-1.kg-1,=,14.22,CHEMBL613847,Macaca fascicularis,"Total clearance in cynomolgus monkey at 0.1 mg/kg, iv by LC-MS/MS analysis",A,CC[C@H]1[C@@H](O)CC(=O)N1c1ccc(C#N)c(C(F)(F)F)c1,14.22,mL.min-1.kg-1,species_only_monkey
18104519,CHEMBL4022537,CHEMBL4092752,CL,mL.min-1.kg-1,=,7.0,CHEMBL614875,Macaca mulatta,"Clearance in monkey at 1 mg/kg, iv",A,COc1ccc2c(c1)C(=O)N(C[C@@]1(c3cc4cnccc4o3)NC(=O)NC1=O)C2,7.0,mL.min-1.kg-1,species_only_monkey
18104520,CHEMBL4022537,CHEMBL4065068,CL,mL.min-1.kg-1,=,11.0,CHEMBL614875,Macaca mulatta,"Clearance in monkey at 1 mg/kg, iv",A,COc1ccc2c(c1)C(=O)N(C[C@@]1(c3cc4ncccc4o3)NC(=O)NC1=O)C2,11.0,mL.min-1.kg-1,species_only_monkey
18107655,CHEMBL4023170,CHEMBL4066815,CL,mL.min-1.kg-1,=,4.0,CHEMBL613847,Macaca fascicularis,"Clearance in cynomolgus monkey at 0.5 mg/kg, iv administered as single dose measured up to 24 hrs post dose by LC-MS/MS analysis",A,CCOc1ccc(F)c(N2CC[C@@H](Oc3ccc(N4N=C(C(F)(F)F)[C@@H](C)[C@@H]4CC(=O)O)cc3)[C@H](F)C2)c1,4.0,mL.min-1.kg-1,species_only_monkey
18107656,CHEMBL4023170,CHEMBL4080226,CL,mL.min-1.kg-1,=,0.7,CHEMBL613847,Macaca fascicularis,"Clearance in cynomolgus monkey at 0.5 mg/kg, iv administered as single dose measured up to 24 hrs post dose by LC-MS/MS analysis",A,COc1cc(N2CC[C@@H](Oc3ccc(N4N=C(C(F)(F)F)[C@@H](C)[C@@H]4CC(=O)O)cc3)[C@H](C)C2)c(Cl)cn1,0.7,mL.min-1.kg-1,species_only_monkey
18107664,CHEMBL4023176,CHEMBL4105324,CL,mL.min-1.kg-1,=,6.6,CHEMBL613847,Macaca fascicularis,"Clearance in cynomolgus monkey at 0.2 mg/kg, iv administered as single dose measured up to 24 hrs post dose by LC-MS/MS analysis",A,COc1ccc(F)c(N2CCC(Oc3ccc(N4N=C(C(F)(F)F)[C@@H](C)[C@@H]4CC(=O)O)cc3)CC2)c1,6.6,mL.min-1.kg-1,species_only_monkey
18110874,CHEMBL4023952,CHEMBL3891221,CL,mL.min-1.kg-1,=,55.0,CHEMBL613847,Macaca fascicularis,"Unbound renal clearance in cynomolgus monkey blood at 1 mg/kg, iv measured up to 24 hrs post dose by LC-MS/MS analysis",A,O=C(O)c1c[nH]c2cc(Cl)c(-c3ccc(C4(O)CCC4)cc3)cc12,55.0,mL.min-1.kg-1,species_only_monkey
18110885,CHEMBL4023948,CHEMBL3891221,CL,mL.min-1.kg-1,=,2.48,CHEMBL613847,Macaca fascicularis,"Total renal clearance in cynomolgus monkey blood at 1 mg/kg, iv measured up to 24 hrs post dose by LC-MS/MS analysis",A,O=C(O)c1c[nH]c2cc(Cl)c(-c3ccc(C4(O)CCC4)cc3)cc12,2.48,mL.min-1.kg-1,species_only_monkey
18111010,CHEMBL4023972,CHEMBL4105032,CL,mL.min-1.kg-1,=,0.38,CHEMBL613847,Macaca fascicularis,"Plasma clearance in cynomolgus monkey at 1 mg/kg, iv via bolus dose measured up to 24 hrs post dose by LC-MS/MS analysis",A,O=C(O)c1c[nH]c2cc(F)c(-c3ccc([C@@H]4CCCCO4)cc3)c(F)c12,0.38,mL.min-1.kg-1,species_only_monkey
18111011,CHEMBL4023972,CHEMBL3986871,CL,mL.min-1.kg-1,=,0.98,CHEMBL613847,Macaca fascicularis,"Plasma clearance in cynomolgus monkey at 1 mg/kg, iv via bolus dose measured up to 24 hrs post dose by LC-MS/MS analysis",A,COc1nc(N(C)C)ccc1-c1cc2c(C(=O)O)c[nH]c2cc1Cl,0.98,mL.min-1.kg-1,species_only_monkey
18138020,CHEMBL4030225,CHEMBL4086547,CL,mL.min-1.kg-1,=,9.3,CHEMBL613847,Macaca fascicularis,"Clearance in cynomolgus monkey plasma at 10 mg/kg, iv",A,Cc1nnc2sc(C(=O)NCc3ccc(-c4cccnc4F)cc3)c(N)c2c1C.Cl,9.3,mL.min-1.kg-1,species_only_monkey
18144803,CHEMBL4032040,CHEMBL4073292,CL,mL.min-1.kg-1,=,31.0,CHEMBL613847,Macaca fascicularis,Clearance in cynomolgus monkey at 2.03 mg/kg,A,CN1CCN(c2cccc3c2CCN(C(=O)/C=C/c2c(-n4cnnn4)ccc(Cl)c2F)[C@@H]3C(=O)Nc2ccc(C(=O)O)cc2)C(=O)C1,31.0,mL.min-1.kg-1,species_only_monkey
18145813,CHEMBL4032288,CHEMBL4093489,CL,mL.min-1.kg-1,=,1.06,CHEMBL613847,Macaca fascicularis,"Total clearance in cynomolgus monkey at 0.1 mg/kg, iv by LC-MS/MS analysis",A,CCCc1ccc(COc2ccc3c(c2)CCC(CN2CC(C(=O)O)C2)=C3C)c(OC)c1,1.06,mL.min-1.kg-1,species_only_monkey
18148821,CHEMBL4033027,CHEMBL4061128,CL,mL.min-1.kg-1,=,2.4,CHEMBL613847,Macaca fascicularis,"Plasma clearance in cynomolgus monkey at 0.25 mg/kg, iv or 0.5 mg/kg, po",A,N#Cc1ccc(Nc2nn([C@H]3COCC[C@@H]3C#N)cc2C(N)=O)cc1,2.4,mL.min-1.kg-1,species_only_monkey
18148822,CHEMBL4033027,CHEMBL4071005,CL,mL.min-1.kg-1,=,19.0,CHEMBL613847,Macaca fascicularis,"Plasma clearance in cynomolgus monkey at 0.25 mg/kg, iv or 0.5 mg/kg, po",A,COc1cc(Nc2nn([C@H]3COCC[C@@H]3C#N)cc2C(N)=O)ccc1Cl,19.0,mL.min-1.kg-1,species_only_monkey
18148823,CHEMBL4033028,CHEMBL4061128,CL,mL.min-1.kg-1,=,12.0,CHEMBL613847,Macaca fascicularis,"Unbound clearance in cynomolgus monkey at 0.25 mg/kg, iv or 0.5 mg/kg, po",A,N#Cc1ccc(Nc2nn([C@H]3COCC[C@@H]3C#N)cc2C(N)=O)cc1,12.0,mL.min-1.kg-1,species_only_monkey
18148885,CHEMBL4033080,CHEMBL4066961,CL,mL.min-1.kg-1,=,7.0,CHEMBL614875,Macaca mulatta,Clearance in iv dosed monkey,A,COCCCc1ccc2oc(-c3ccc(OC)c(OC)c3)cc2c1,7.0,mL.min-1.kg-1,species_only_monkey
18150055,CHEMBL4033457,CHEMBL3919664,CL,mL.min-1.kg-1,=,26.0,CHEMBL613847,Macaca fascicularis,"Clearance in cynomolgus monkey at 0.125 mg/kg, iv or 0.625 mg/kg, po by LC-MS/MS method",A,C[C@H]1Cc2c(nnn2-c2ncc(F)cn2)CN1C(=O)c1cccc(C(F)(F)F)c1F,26.0,mL.min-1.kg-1,species_only_monkey
18150056,CHEMBL4033476,CHEMBL3914857,CL,mL.min-1.kg-1,=,2.6,CHEMBL613847,Macaca fascicularis,"Clearance in cynomolgus monkey at 0.5 mg/kg, iv or 2.5 mg/kg, po by LC-MS/MS method",A,C[C@H]1Cc2c(nnn2-c2ncc(F)cn2)CN1C(=O)c1ccnc(C(F)(F)F)c1F,2.6,mL.min-1.kg-1,species_only_monkey
18163530,CHEMBL4036201,CHEMBL4075178,CL,mL.min-1.kg-1,=,5.2,CHEMBL613847,Macaca fascicularis,Clearance in iv dosed cynomolgus monkey,A,Cc1ccc(-c2ccc([C@H](C)N3CC[C@](CC(C)(C)O)(c4ccccc4)OC3=O)cc2)nn1,5.2,mL.min-1.kg-1,species_only_monkey
18163531,CHEMBL4036201,CHEMBL4105041,CL,mL.min-1.kg-1,=,8.1,CHEMBL613847,Macaca fascicularis,Clearance in iv dosed cynomolgus monkey,A,Cc1ncc(-c2ccc([C@H](C)N3CC[C@](CC(C)(C)O)(c4ccccc4)OC3=O)cc2)cn1,8.1,mL.min-1.kg-1,species_only_monkey
18163532,CHEMBL4036201,CHEMBL3664715,CL,mL.min-1.kg-1,=,11.0,CHEMBL613847,Macaca fascicularis,Clearance in iv dosed cynomolgus monkey,A,C[C@@H](c1ccc(-c2ccc(=O)n(C)c2)cc1)N1CC[C@](CC(C)(C)O)(c2ccccc2)OC1=O,11.0,mL.min-1.kg-1,species_only_monkey
18163533,CHEMBL4036201,CHEMBL3664717,CL,mL.min-1.kg-1,=,7.5,CHEMBL613847,Macaca fascicularis,Clearance in iv dosed cynomolgus monkey,A,C[C@@H](c1ccc(-c2ccn(C)c(=O)c2)cc1)N1CC[C@](CC(C)(C)O)(c2ccccc2)OC1=O,7.5,mL.min-1.kg-1,species_only_monkey
18167392,CHEMBL4036712,CHEMBL3670082,CL,mL.min-1.kg-1,=,17.0,CHEMBL613847,Macaca fascicularis,Total clearance in cynomolgus monkey,A,Cn1cc(-c2cccc(N3CCc4c(sc5c4CC(C)(C)C5)C3=O)c2CO)cc(Nc2ccncn2)c1=O,17.0,mL.min-1.kg-1,species_only_monkey
18168667,CHEMBL4036986,CHEMBL4074702,CL,mL.min-1.kg-1,=,4.7,CHEMBL613847,Macaca fascicularis,"Clearance in cynomolgus monkey at 1 mg/kg, iv or 3 mg/kg, po",A,[2H]C([2H])([2H])Oc1ncc(-c2cc3c(C(=O)NC)c(-c4ccc(F)cc4)oc3nc2CCC(F)(F)F)cc1C(=O)NC(c1ncon1)(C([2H])([2H])[2H])C([2H])([2H])[2H],4.7,mL.min-1.kg-1,species_only_monkey
18179509,CHEMBL4039240,CHEMBL2386850,CL,mL.min-1.kg-1,=,15.5,CHEMBL613847,Macaca fascicularis,"Plasma clearance in cynomolgus monkey at 0.5 mg/kg, iv up to 24 hrs by LC/MS/MS analysis",A,Cc1cc(Oc2cncnc2)cc(C(=O)Nc2ccc(F)cn2)n1,15.5,mL.min-1.kg-1,species_only_monkey
18179510,CHEMBL4039240,CHEMBL2386849,CL,mL.min-1.kg-1,=,13.3,CHEMBL613847,Macaca fascicularis,"Plasma clearance in cynomolgus monkey at 0.5 mg/kg, iv up to 24 hrs by LC/MS/MS analysis",A,Cc1cc(Oc2cncc(F)c2)cc(C(=O)Nc2ccc(F)cn2)n1,13.3,mL.min-1.kg-1,species_only_monkey
18179596,CHEMBL4039313,CHEMBL2440659,CL,mL.min-1.kg-1,=,24.0,CHEMBL613847,Macaca fascicularis,"Plasma clearance in cynomolgus monkey at 0.2 mg/kg, iv up to 24 hrs by LC/MS/MS analysis",A,Cc1csc(NC(=O)c2cc(F)cc(Oc3cncnc3)c2)n1,24.0,mL.min-1.kg-1,species_only_monkey
18187760,CHEMBL4040982,CHEMBL4063636,CL,mL.min-1.kg-1,=,33.33,CHEMBL613847,Macaca fascicularis,"Plasma clearance in cynomolgus monkey at 1 mg/kg, iv",A,NC(=O)C(=O)C(Cc1ccccc1)NC(=O)c1cccnc1-n1ccc(-c2ccc(F)cc2)n1,33.33,mL.min-1.kg-1,species_only_monkey
18214935,CHEMBL4046802,CHEMBL4060556,CL,mL.min-1.kg-1,=,4.2,CHEMBL614875,Macaca mulatta,"Clearance in monkey at 0.5 mg/kg, iv after 24 hrs",A,O=C(c1ccccc1)N1CCc2oc(-c3ccc(F)cn3)nc2C1,4.2,mL.min-1.kg-1,species_only_monkey
18214936,CHEMBL4046802,CHEMBL4102181,CL,mL.min-1.kg-1,=,2.8,CHEMBL614875,Macaca mulatta,"Clearance in monkey at 0.5 mg/kg, iv after 24 hrs",A,O=C(c1cccc(F)c1)N1CCc2oc(-c3ccc(F)cn3)nc2C1,2.8,mL.min-1.kg-1,species_only_monkey
18214937,CHEMBL4046802,CHEMBL4087545,CL,mL.min-1.kg-1,=,1.7,CHEMBL614875,Macaca mulatta,"Clearance in monkey at 0.5 mg/kg, iv after 24 hrs",A,O=C(c1cc(F)cc(Cl)c1)N1CCc2oc(-c3ccc(F)cn3)nc2C1,1.7,mL.min-1.kg-1,species_only_monkey
18222075,CHEMBL4047953,CHEMBL4094310,CL,mL.min-1.kg-1,=,0.7,CHEMBL613847,Macaca fascicularis,"Total clearance in cynomolgus monkey at 0.2 mg/kg, iv by LC-MS/MS analysis",A,Cc1ccc(OC2CN(c3cccc(COC(=O)NC(=N)N)c3F)C2)cn1.O=C(O)[C@H](O)[C@@H](O)C(=O)O,0.7,mL.min-1.kg-1,species_only_monkey
18233550,CHEMBL4050659,CHEMBL4092719,CL,mL.min-1.kg-1,=,4.39,CHEMBL613847,Macaca fascicularis,"Clearance in cynomolgus monkey at 10 mg/kg, iv",A,CC(C)(N)[C@H](N[C@H]1CCc2cc(C#Cc3ccc(Cn4ccnc4CO)cc3)ccc21)C(=O)NO,4.39,mL.min-1.kg-1,species_only_monkey
18244025,CHEMBL4052963,CHEMBL4073390,CL,mL.min-1.kg-1,=,13.0,CHEMBL613847,Macaca fascicularis,Plasma clearance in cynomolgus monkey,A,Cc1cc([C@](C)(O)C#Cc2cc3c(cc2F)C2CC(C2)n2cc(C(N)=O)nc2-3)no1,13.0,mL.min-1.kg-1,species_only_monkey
18244026,CHEMBL4052963,CHEMBL3692450,CL,mL.min-1.kg-1,=,21.0,CHEMBL613847,Macaca fascicularis,Plasma clearance in cynomolgus monkey,A,CNC(=O)c1c(C(N)=O)nc2n1CCOc1ccc(C#C[C@@](C)(O)c3cc(C)on3)cc1-2,21.0,mL.min-1.kg-1,species_only_monkey
18252246,CHEMBL4054729,CHEMBL4068397,CL,mL.min-1.kg-1,=,19.0,CHEMBL613847,Macaca fascicularis,"Clearance in cynomolgus monkey at 1 mg/kg, iv or 5 mg/kg, po by LC-MS/MS analysis",A,C[C@@H]1c2nnn(-c3ncccn3)c2CCN1C(=O)c1cccc(C(F)(F)F)c1Cl,19.0,mL.min-1.kg-1,species_only_monkey
18252247,CHEMBL4054729,CHEMBL4079239,CL,mL.min-1.kg-1,=,4.4,CHEMBL613847,Macaca fascicularis,"Clearance in cynomolgus monkey at 1 mg/kg, iv or 5 mg/kg, po by LC-MS/MS analysis",A,C[C@@H]1c2nnn(-c3ncc(F)cn3)c2CCN1C(=O)c1cccc(C(F)(F)F)c1Cl,4.4,mL.min-1.kg-1,species_only_monkey
18259000,CHEMBL4056179,CHEMBL4067852,CL,mL.min-1.kg-1,=,10.5,CHEMBL613847,Macaca fascicularis,"Clearance in cynomolgus monkey at 1 mg/kg, iv",A,CN1CC2CCC(C1)N2C(=O)[C@]12C[C@H]1c1cc(F)ccc1-c1c(C3CCCCC3)c3ccc(C(=O)NS(=O)(=O)C4(C)CC4)cc3n1C2,10.5,mL.min-1.kg-1,species_only_monkey
18270972,CHEMBL4058626,CHEMBL4097025,CL,mL.min-1.kg-1,=,18.0,CHEMBL613847,Macaca fascicularis,"Clearance in cynomolgus monkey at 1 mg/kg, iv or 5 mg/kg, po by LC-MS/MS method",A,CNC(=O)N1CCc2c(c(N3CCCc4cc(-c5cnn(C)c5)c(C(F)F)cc43)nn2C2CCOCC2)C1,18.0,mL.min-1.kg-1,species_only_monkey
18270973,CHEMBL4058626,CHEMBL4076748,CL,mL.min-1.kg-1,=,7.4,CHEMBL613847,Macaca fascicularis,"Clearance in cynomolgus monkey at 1 mg/kg, iv or 5 mg/kg, po by LC-MS/MS method",A,CC(=O)N1CCc2c(c(N3CCCc4cc(-c5cnn(C)c5)c(C(F)F)cc43)nn2C2CCOCC2)C1,7.4,mL.min-1.kg-1,species_only_monkey
18281943,CHEMBL4119900,CHEMBL3719135,CL,mL.min-1.kg-1,=,10.0,CHEMBL613847,Macaca fascicularis,Plasma clearance in iv or po dosed cynomolgus monkey,A,CC(C)n1nc(-c2cnc(N)c(OC(F)(F)F)c2)cc1[C@H]1[C@@H]2CN(C3COC3)C[C@@H]21,10.0,mL.min-1.kg-1,species_only_monkey
18281944,CHEMBL4119901,CHEMBL3719135,CL,mL.min-1.kg-1,=,53.0,CHEMBL613847,Macaca fascicularis,Unbound clearance in iv or po dosed cynomolgus monkey,A,CC(C)n1nc(-c2cnc(N)c(OC(F)(F)F)c2)cc1[C@H]1[C@@H]2CN(C3COC3)C[C@@H]21,53.0,mL.min-1.kg-1,species_only_monkey
18287075,CHEMBL4121662,CHEMBL4128747,CL,mL.min-1.kg-1,=,1.2,CHEMBL613847,Macaca fascicularis,"Clearance in cynomolgus monkey at 1 mg/kg, iv by LC-MS/MS method",A,COC(=O)N[C@H](C(=O)N1CC(F)(F)C[C@H]1c1ncc(-c2ccc(-c3ccc4c(ccc5nc([C@@H]6C[Si](C)(C)CN6C(=O)[C@@H](NC(=O)OC)C(C)C)[nH]c54)c3)cc2)[nH]1)C(C)C.Cl.Cl,1.2,mL.min-1.kg-1,species_only_monkey
18287095,CHEMBL4121662,CHEMBL3765311,CL,mL.min-1.kg-1,=,9.1,CHEMBL613847,Macaca fascicularis,"Clearance in cynomolgus monkey at 1 mg/kg, iv by LC-MS/MS method",A,COC(=O)N[C@H](C(=O)N1CCC[C@H]1c1ncc(-c2ccc(-c3cc4cc(-c5cnc([C@@H]6CCCN6C(=O)[C@@H](NC(=O)OC)C(C)C)[nH]5)ccc4o3)cc2)[nH]1)C(C)C,9.1,mL.min-1.kg-1,species_only_monkey
18287097,CHEMBL4121662,CHEMBL3763799,CL,mL.min-1.kg-1,=,0.7,CHEMBL613847,Macaca fascicularis,"Clearance in cynomolgus monkey at 1 mg/kg, iv by LC-MS/MS method",A,COC(=O)N[C@H](C(=O)N1C[Si](C)(C)C[C@H]1c1ncc(-c2ccc(-c3ccc4c(ccc5nc([C@@H]6CC(F)(F)CN6C(=O)[C@@H](NC(=O)OC)C(C)C)[nH]c54)c3)cc2)[nH]1)C(C)C,0.7,mL.min-1.kg-1,species_only_monkey
18290976,CHEMBL4122655,CHEMBL4128835,CL,mL.min-1.kg-1,=,5.367,CHEMBL614875,Macaca mulatta,"Total clearance in monkey at 0.3 mg/kg, iv",A,C[C@@H](N[C@H]1CCN(c2ccc(CC(=O)O)cc2)C1)c1cccc2ccccc12.Cl.Cl,5.367,mL.min-1.kg-1,species_only_monkey
18292589,CHEMBL4122892,CHEMBL3990145,CL,mL.min-1.kg-1,=,14.25,CHEMBL613847,Macaca fascicularis,"Clearance in cynomolgus monkey at 0.1 mg/kg, iv or 1 mg/kg, po administered as cassette dose by LC-MS/MS analysis",A,COCCCCn1c(C(=O)N(CC(C)C)[C@@H]2CNC[C@H](C(=O)N3CCOCC3)C2)nc2ccccc21,14.25,mL.min-1.kg-1,species_only_monkey
18292590,CHEMBL4122892,CHEMBL1639,CL,mL.min-1.kg-1,=,3.367,CHEMBL613847,Macaca fascicularis,"Clearance in cynomolgus monkey at 0.1 mg/kg, iv or 1 mg/kg, po administered as cassette dose by LC-MS/MS analysis",A,COCCCOc1cc(C[C@@H](C[C@H](N)[C@@H](O)C[C@H](C(=O)NCC(C)(C)C(N)=O)C(C)C)C(C)C)ccc1OC,3.367,mL.min-1.kg-1,species_only_monkey
18295951,CHEMBL4123681,CHEMBL4126289,CL,mL.min-1.kg-1,=,6.8,CHEMBL613847,Macaca fascicularis,"Clearance in cynomolgus monkey at 1 mg/kg, iv",A,CC1(C)OCCn2c1nc(C(=O)NCc1ccc(F)cc1)c(O)c2=O,6.8,mL.min-1.kg-1,species_only_monkey
18298351,CHEMBL4124172,CHEMBL4126773,CL,mL.min-1.kg-1,=,4.0,CHEMBL614875,Macaca mulatta,Clearance in iv dosed monkey,A,COc1cc(-c2ccc3c(n2)[C@@H](C)N(c2cnn(CC(F)(F)F)c2)C3=O)cnc1OC,4.0,mL.min-1.kg-1,species_only_monkey
18320321,CHEMBL4134259,CHEMBL3643413,CL,mL.min-1.kg-1,=,17.0,CHEMBL613847,Macaca fascicularis,"Clearance in cynomolgus monkey at 0.1 mg/kg, iv by RP-HPLC analysis",A,CCC(=O)N1CC[C@H](Nc2ncnc3c2CN(c2cnc(OC)c(C(F)(F)F)c2)CC3)C1,17.0,mL.min-1.kg-1,species_only_monkey
18336665,CHEMBL4137324,CHEMBL238103,CL,mL.min-1.kg-1,=,4.3,CHEMBL613847,Macaca fascicularis,"Total clearance in cynomolgus monkey at 1 mg/kg, iv",A,COc1ncc(OC)c2c(C(=O)C(=O)N3CCN(C(=O)c4ccccc4)CC3)c[nH]c12,4.3,mL.min-1.kg-1,species_only_monkey
18337044,CHEMBL4137324,CHEMBL3301620,CL,mL.min-1.kg-1,=,7.5,CHEMBL613847,Macaca fascicularis,"Total clearance in cynomolgus monkey at 1 mg/kg, iv",A,COc1cnc(-n2cnc(C)n2)c2[nH]cc(C(=O)C(=O)N3CCN(C(=O)c4ccccc4)CC3)c12,7.5,mL.min-1.kg-1,species_only_monkey
18376695,CHEMBL4144788,CHEMBL4062397,CL,mL.min-1.kg-1,=,4.0,CHEMBL613847,Macaca fascicularis,"Plasma clearance in cynomolgus monkey at 1 mg/kg, iv or po via gavage by LC-MS/MS analysis",A,Cc1nn2c(-c3c(C)nn(C)c3-c3ccc(C(F)(F)F)cc3)nc(CO)c2c(=O)[nH]1,4.0,mL.min-1.kg-1,species_only_monkey
18399610,CHEMBL4149825,CHEMBL4159767,CL,mL.min-1.kg-1,=,3.1,CHEMBL614875,Macaca mulatta,"Plasma clearance in monkey at 1 mg/kg, iv or 3 mg/kg, po",A,CC1(OC(=O)N2C[C@H]3COC[C@@H](C2)[C@@H]3Oc2ncnc(Nc3ccc(C#N)cc3Cl)c2F)CC1,3.1,mL.min-1.kg-1,species_only_monkey
18399806,CHEMBL4149911,CHEMBL3892956,CL,mL.min-1.kg-1,=,15.0,CHEMBL613847,Macaca fascicularis,"Clearance in cynomolgus monkey at 1 mg/kg, iv administered as 5 mins infusion",A,Cc1ccc(CN2CC[C@@H](N3CC[C@@H](c4ccc(O)cc4)[C@H](F)C3)C2=O)cc1,15.0,mL.min-1.kg-1,species_only_monkey
18404607,CHEMBL4150732,CHEMBL4161627,CL,mL.min-1.kg-1,=,20.0,CHEMBL613847,Macaca fascicularis,Plasma clearance in iv or po dosed cynomolgus monkey by reverse phase HPLC with MS/MS detection method,A,Cn1cnc(S(=O)(=O)N2C[C@H](Nc3ccc(F)c(OC(F)(F)F)c3)[C@@H](c3ccc(F)cc3)C2)c1,20.0,mL.min-1.kg-1,species_only_monkey
18404609,CHEMBL4150732,CHEMBL4160468,CL,mL.min-1.kg-1,=,15.0,CHEMBL613847,Macaca fascicularis,Plasma clearance in iv or po dosed cynomolgus monkey by reverse phase HPLC with MS/MS detection method,A,Cn1cnc(S(=O)(=O)N2C[C@H]([C@H]3CCCCO3)[C@@H](Nc3cccc(OC(F)(F)F)c3)C2)c1,15.0,mL.min-1.kg-1,species_only_monkey
18404610,CHEMBL4150732,CHEMBL4176089,CL,mL.min-1.kg-1,=,20.0,CHEMBL613847,Macaca fascicularis,Plasma clearance in iv or po dosed cynomolgus monkey by reverse phase HPLC with MS/MS detection method,A,Cn1cnc(S(=O)(=O)N2C[C@H](Nc3cccc(OC(F)(F)F)c3)[C@@H](C3OCCCO3)C2)c1,20.0,mL.min-1.kg-1,species_only_monkey
18407439,CHEMBL4151290,CHEMBL4165147,CL,mL.min-1.kg-1,=,0.72,CHEMBL614875,Macaca mulatta,"Clearance in rhesus monkey at 1 mg/kg, iv or 2 mg/kg, po administered as single dose",A,COc1cc(-c2ccc([C@@H]3CCc4ccc([C@H](C5CC5)[C@H](C)C(=O)[O-])cc4O3)c(F)c2)ccn1.[Na+],0.72,mL.min-1.kg-1,species_only_monkey
18441151,CHEMBL4157461,CHEMBL3827379,CL,mL.min-1.kg-1,=,1.9,CHEMBL613847,Macaca fascicularis,"Total plasma clearance in cynomolgus monkey at 1 mg/kg, iv",A,C=C(C)[C@@H]1CC[C@]2(NCCN3CCS(=O)(=O)CC3)CC[C@]3(C)[C@H](CC[C@@H]4[C@@]5(C)CC=C(c6ccc(C(=O)O)cc6)C(C)(C)[C@@H]5CC[C@]43C)[C@@H]12,1.9,mL.min-1.kg-1,species_only_monkey
18441521,CHEMBL4157545,CHEMBL4064619,CL,mL.min-1.kg-1,=,17.0,CHEMBL613847,Macaca fascicularis,"Plasma clearance in cynomolgus monkey at 1 mg/kg, iv or 5 mg/kg, po by UHPLC and ESI mass spectrometry",A,C[C@@H]1CN(CC(=O)N2CC(C)(C)c3ncc(Cc4ccc(F)cc4)cc32)[C@@H](CN2CCOC[C@H]2C)CN1,17.0,mL.min-1.kg-1,species_only_monkey
18441589,CHEMBL4157545,CHEMBL4173974,CL,mL.min-1.kg-1,=,16.0,CHEMBL613847,Macaca fascicularis,"Plasma clearance in cynomolgus monkey at 1 mg/kg, iv or 5 mg/kg, po by UHPLC and ESI mass spectrometry",A,C[C@@H]1CN(CC(=O)N2CC(C)(C)c3nc(CO)c(Cc4ccc(F)cc4)cc32)[C@@H](CN2CCOC[C@H]2C)CN1,16.0,mL.min-1.kg-1,species_only_monkey
18443795,CHEMBL4157998,CHEMBL4164753,CL,mL.min-1.kg-1,=,0.32,CHEMBL613847,Macaca fascicularis,"Clearance in cynomolgus monkey at 1 mg/kg, iv by LC-MS/MS",A,Cn1c(COc2cccc(C(=O)O)c2)nc2ccc(Oc3ccc(Cl)c(F)c3)cc21,0.32,mL.min-1.kg-1,species_only_monkey
18443796,CHEMBL4157998,CHEMBL4173802,CL,mL.min-1.kg-1,=,2.73,CHEMBL613847,Macaca fascicularis,"Clearance in cynomolgus monkey at 1 mg/kg, iv by LC-MS/MS",A,Cn1c(COc2cccc(C(=O)O)c2)nc2ccc(Oc3ccc4c(c3)OCC4)nc21,2.73,mL.min-1.kg-1,species_only_monkey
18443797,CHEMBL4157998,CHEMBL4164423,CL,mL.min-1.kg-1,=,2.06,CHEMBL613847,Macaca fascicularis,"Clearance in cynomolgus monkey at 1 mg/kg, iv by LC-MS/MS",A,Cc1cnc(Oc2ccc3nc(COc4cccc(C(=O)O)c4)n(C)c3c2)c(C)c1,2.06,mL.min-1.kg-1,species_only_monkey
18443798,CHEMBL4157998,CHEMBL4175461,CL,mL.min-1.kg-1,=,3.07,CHEMBL613847,Macaca fascicularis,"Clearance in cynomolgus monkey at 1 mg/kg, iv by LC-MS/MS",A,Cc1cnc(Oc2ccc3nc(COc4cccc(C(=O)O)c4)n(C)c3c2)c(F)c1,3.07,mL.min-1.kg-1,species_only_monkey
18443799,CHEMBL4157998,CHEMBL4175921,CL,mL.min-1.kg-1,=,1.66,CHEMBL613847,Macaca fascicularis,"Clearance in cynomolgus monkey at 1 mg/kg, iv by LC-MS/MS",A,Cn1c(COc2cccc(C(=O)O)c2)nc2ccc(Oc3ncc(Cl)cc3F)cc21,1.66,mL.min-1.kg-1,species_only_monkey
18444716,CHEMBL4158120,CHEMBL4176512,CL,mL.min-1.kg-1,=,3.58,CHEMBL613847,Macaca fascicularis,"Clearance in cynomolgus monkey at 1 mg/kg, iv by LC-MS/MS analysis",A,Cc1ccc(Oc2ccc3nc(COc4cccc(C(=O)O)c4)n(C)c3c2)cc1,3.58,mL.min-1.kg-1,species_only_monkey
18444717,CHEMBL4158120,CHEMBL4164769,CL,mL.min-1.kg-1,=,0.8,CHEMBL613847,Macaca fascicularis,"Clearance in cynomolgus monkey at 1 mg/kg, iv by LC-MS/MS analysis",A,Cn1c(COc2cccc(C(=O)O)c2)nc2ccc(Oc3cc(F)ccc3F)cc21,0.8,mL.min-1.kg-1,species_only_monkey
18444718,CHEMBL4158120,CHEMBL4175728,CL,mL.min-1.kg-1,=,4.16,CHEMBL613847,Macaca fascicularis,"Clearance in cynomolgus monkey at 1 mg/kg, iv by LC-MS/MS analysis",A,Cc1ccc(Oc2ccc3nc(COc4cccc(C(=O)O)c4)n(C)c3c2)c(F)c1,4.16,mL.min-1.kg-1,species_only_monkey
18444719,CHEMBL4158120,CHEMBL4172322,CL,mL.min-1.kg-1,=,1.8,CHEMBL613847,Macaca fascicularis,"Clearance in cynomolgus monkey at 1 mg/kg, iv by LC-MS/MS analysis",A,Cc1ccc(Oc2ccc3nc(COc4cccc(C(=O)O)c4)n(C)c3c2)cc1F,1.8,mL.min-1.kg-1,species_only_monkey
18444720,CHEMBL4158120,CHEMBL4164753,CL,mL.min-1.kg-1,=,0.32,CHEMBL613847,Macaca fascicularis,"Clearance in cynomolgus monkey at 1 mg/kg, iv by LC-MS/MS analysis",A,Cn1c(COc2cccc(C(=O)O)c2)nc2ccc(Oc3ccc(Cl)c(F)c3)cc21,0.32,mL.min-1.kg-1,species_only_monkey
18464304,CHEMBL4181364,CHEMBL3931344,CL,mL.min-1.kg-1,=,8.03,CHEMBL613847,Macaca fascicularis,"Clearance in cynomolgus monkey at 10 mg/kg, po",A,CC1(C)Cc2c(c(C(=O)Nc3ccc(C(F)(F)F)cc3)cc3nc(Nc4c(F)cccc4Cl)[nH]c23)O1,8.03,mL.min-1.kg-1,species_only_monkey
18465251,CHEMBL4181611,CHEMBL3958704,CL,mL.min-1.kg-1,=,8.0,CHEMBL613847,Macaca fascicularis,"Clearance in cynomolgus monkey at 3 mg/kg, iv",A,C/C(=C\COc1ccccc1CN(C)C(=O)c1ccc(-c2ccco2)cc1)CCC(=O)O,8.0,mL.min-1.kg-1,species_only_monkey
18466522,CHEMBL4181840,CHEMBL4217292,CL,mL.min-1.kg-1,=,5.5,CHEMBL613847,Macaca fascicularis,"Clearance in cynomolgus monkey at 1 mg/kg, iv administered via 15 mins infusion by LC-MS/MS method",A,N#Cc1ccc(Cn2ccc(NC(=O)Cc3ccc(C4(C(F)(F)F)CC4)cc3)n2)nc1,5.5,mL.min-1.kg-1,species_only_monkey
18476356,CHEMBL4183606,CHEMBL3545123,CL,mL.min-1.kg-1,=,2.5,CHEMBL614875,Macaca mulatta,"Plasma clearance in monkey at 1 mg/kg, iv by LC-MS method",A,COC(=O)N[C@H](C(=O)N1CCC[C@H]1c1nc2cc([C@H]3CC[C@H](c4cc5nc([C@@H]6CCCN6C(=O)[C@@H](NC(=O)OC)[C@@H](C)OC)[nH]c5cc4F)N3c3cc(F)c(N4CCC(c5ccc(F)cc5)CC4)c(F)c3)c(F)cc2[nH]1)[C@@H](C)OC,2.5,mL.min-1.kg-1,species_only_monkey
18533617,CHEMBL4195787,CHEMBL4211840,CL,mL.min-1.kg-1,=,7.8,CHEMBL613847,Macaca fascicularis,Plasma clearance in iv dosed cynomolgus monkey,A,COc1cc(C(N)=O)nc(-c2cccc(C#C[C@]3(O)CCN(C)C3=O)c2)c1,7.8,mL.min-1.kg-1,species_only_monkey
18552018,CHEMBL4199638,CHEMBL4078588,CL,mL.min-1.kg-1,=,7.6,CHEMBL614875,Macaca mulatta,"Clearance in rhesus monkey at 1 mg/kg, po or 0.5 mg/kg, iv",A,Cc1ccc(Cc2cc3c(=O)n([C@H]4CCCC[C@@H]4O)cnc3c3ccccc23)cn1,7.6,mL.min-1.kg-1,species_only_monkey
18552398,CHEMBL4199738,CHEMBL4208457,CL,mL.min-1.kg-1,=,16.4,CHEMBL614875,Macaca mulatta,"Clearance in monkey plasma at 1 mg/kg, iv",A,O=C(O)CCC(=O)N(C1CC1)[C@H]1c2cc(F)ccc2N(C(=O)c2ccc(OC(F)(F)F)cc2)[C@H]2CCC[C@H]21,16.4,mL.min-1.kg-1,species_only_monkey
18553656,CHEMBL4199956,CHEMBL2152070,CL,mL.min-1.kg-1,=,13.5,CHEMBL613847,Macaca fascicularis,"Clearance in cynomolgus monkey at 10 mg/kg, po",A,COc1ccc(F)c(-c2ccc(COc3cccc([C@@H](CC(=O)O)C4CC4)c3)cc2C2=CCCC2(C)C)c1,13.5,mL.min-1.kg-1,species_only_monkey
18553657,CHEMBL4199956,CHEMBL4205882,CL,mL.min-1.kg-1,=,3.667,CHEMBL613847,Macaca fascicularis,"Clearance in cynomolgus monkey at 10 mg/kg, po",A,CC[C@H](CC(=O)O)c1cccc(OCc2ccc(-c3cc(OC)ccc3F)c([C@@H]3CCCC3(C)C)c2)c1F,3.667,mL.min-1.kg-1,species_only_monkey
18553886,CHEMBL4200043,CHEMBL4213970,CL,mL.min-1.kg-1,=,17.9,CHEMBL614875,Macaca mulatta,"Clearance in monkey at 1 mg/kg, iv",A,CS[C@@]1(C(=O)Nc2ccc3[nH]nc(-c4ccc(OC(C)C)nc4)c3c2)CCN(CC(=O)N2CC=C(c3ccc(-c4ncn(C)n4)cc3)CC2)C1,17.9,mL.min-1.kg-1,species_only_monkey
18556458,CHEMBL4200534,CHEMBL4211122,CL,mL.min-1.kg-1,=,2.0,CHEMBL614875,Macaca mulatta,Clearance in rhesus monkey,A,Cc1nc2c(c(CO)nn2[C@@H](C)c2ccc(C(F)(F)F)cc2)c(=O)[nH]1,2.0,mL.min-1.kg-1,species_only_monkey
18576006,CHEMBL4221848,CHEMBL4224969,CL,mL.min-1.kg-1,=,3.35,CHEMBL613847,Macaca fascicularis,"Clearance in cynomolgus monkey at 1 mg/kg, iv",A,CC1(C)Cc2c(c(C(=O)Nc3ccc(F)c(C(F)(F)F)c3)cc3nc(Nc4c(F)cccc4Cl)[nH]c23)O1,3.35,mL.min-1.kg-1,species_only_monkey
18576007,CHEMBL4221848,CHEMBL4226545,CL,mL.min-1.kg-1,=,1.6,CHEMBL613847,Macaca fascicularis,"Clearance in cynomolgus monkey at 1 mg/kg, iv",A,Cc1cccc(Cl)c1Nc1nc2cc(C(=O)Nc3cc(C(F)(F)F)ccc3F)c3c(c2[nH]1)CC(C)(C)O3,1.6,mL.min-1.kg-1,species_only_monkey
18576008,CHEMBL4221848,CHEMBL4229061,CL,mL.min-1.kg-1,=,8.5,CHEMBL613847,Macaca fascicularis,"Clearance in cynomolgus monkey at 1 mg/kg, iv",A,CC1(C)Cc2c(c(C(=O)Nc3ccc(C(F)(F)F)cn3)cc3nc(Nc4c(Cl)cccc4Cl)[nH]c23)O1,8.5,mL.min-1.kg-1,species_only_monkey
18576200,CHEMBL4221987,CHEMBL4228147,CL,mL.min-1.kg-1,=,3.74,CHEMBL614875,Macaca mulatta,"Systemic clearance in monkey at 2 mg/kg, iv",A,OC[C@H]1O[C@@H](c2ccc(Cl)c(Cc3ccc4c(c3)CC4)c2)[C@H](O)[C@@H](O)[C@@H]1O,3.74,mL.min-1.kg-1,species_only_monkey
18578862,CHEMBL4222486,CHEMBL4227082,CL,mL.min-1.kg-1,=,28.0,CHEMBL614875,Macaca mulatta,"Clearance in monkey at 1 mg/kg, iv",A,Cc1cn2c(-c3cn[nH]c3)cnc2c(Nc2cc(Cc3ccccn3)ns2)n1,28.0,mL.min-1.kg-1,species_only_monkey
18578863,CHEMBL4222486,CHEMBL4225923,CL,mL.min-1.kg-1,=,7.4,CHEMBL614875,Macaca mulatta,"Clearance in monkey at 1 mg/kg, iv",A,Cc1cn2c(-c3cn[nH]c3)cnc2c(Nc2cc(C(NC(C)(C)C)c3ccccn3)ns2)n1,7.4,mL.min-1.kg-1,species_only_monkey
18586383,CHEMBL4223528,CHEMBL4229058,CL,mL.min-1.g-1,=,4.0,CHEMBL613847,Macaca fascicularis,Blood clearance in orally dosed cynomolgus monkey,A,CCOc1c2c(c(OCC)c3ccccc13)C(=O)N(c1ccc(CC(=O)O)c(F)c1)C2,0.004,mL.min-1.kg-1,species_only_monkey
18670940,CHEMBL4234663,CHEMBL3891221,CL,mL.min-1.kg-1,=,8.57,CHEMBL613847,Macaca fascicularis,"Plasma clearance in cynomolgus monkey at 1 mg/kg, iv by LC-MS/MS analysis",A,O=C(O)c1c[nH]c2cc(Cl)c(-c3ccc(C4(O)CCC4)cc3)cc12,8.57,mL.min-1.kg-1,species_only_monkey
18670941,CHEMBL4234663,CHEMBL4249790,CL,mL.min-1.kg-1,=,9.85,CHEMBL613847,Macaca fascicularis,"Plasma clearance in cynomolgus monkey at 1 mg/kg, iv by LC-MS/MS analysis",A,O=C(O[C@@H]1O[C@H](C(=O)O)[C@@H](O)[C@H](O)[C@H]1O)c1c[nH]c2cc(Cl)c(-c3ccc(C4(O)CCC4)cc3)cc12,9.85,mL.min-1.kg-1,species_only_monkey
18676369,CHEMBL4235809,CHEMBL4248604,CL,mL.min-1.kg-1,=,1.1,CHEMBL613847,Macaca fascicularis,"Clearance in cynomolgus monkey at 0.1 mg/kg, iv or 1 mg/kg, po",A,NC(=O)c1cc(-c2ccc(S(=O)(=O)[C@H]3CC[C@H](Nc4ccc(C(F)(F)F)cn4)CC3)cc2)ccn1,1.1,mL.min-1.kg-1,species_only_monkey
18685192,CHEMBL4251954,CHEMBL3672387,CL,mL.min-1.kg-1,=,5.8,CHEMBL613847,Macaca fascicularis,"Clearance in cynomolgus monkey at 1 mg/kg, iv",A,CNC(=O)c1c(-c2ccc(F)cc2)oc2nc(CCC(F)(F)F)c(-c3cccc(C(=O)NC(C)(C)c4ncon4)c3)cc12,5.8,mL.min-1.kg-1,species_only_monkey
18705050,CHEMBL4255764,CHEMBL4288855,CL,mL.min-1.g-1,=,2.0,CHEMBL612558,,Intrinsic clearance in cynomolgus monkey liver cytosol at 0.5 uM measured after 15 mins in presence of NADPH by spectrometric method,A,O=C(NOCCN1CCOCC1)C(=O)C(Cc1ccccc1)NC(=O)c1cccnc1-n1ccc(-c2ccccc2)n1,0.002,mL.min-1.kg-1,species_only_monkey
18705051,CHEMBL4255764,CHEMBL4280951,CL,mL.min-1.g-1,=,3.0,CHEMBL612558,,Intrinsic clearance in cynomolgus monkey liver cytosol at 0.5 uM measured after 15 mins in presence of NADPH by spectrometric method,A,CN(C)CCONC(=O)C(=O)C(Cc1ccccc1)NC(=O)c1cccnc1-n1ccc(-c2ccccc2)n1,0.003,mL.min-1.kg-1,species_only_monkey
18705052,CHEMBL4255764,CHEMBL4292263,CL,mL.min-1.g-1,=,1.0,CHEMBL612558,,Intrinsic clearance in cynomolgus monkey liver cytosol at 0.5 uM measured after 15 mins in presence of NADPH by spectrometric method,A,O=C(NOC1CCCC1)C(=O)C(Cc1ccccc1)NC(=O)c1cccnc1-n1ccc(-c2ccccc2)n1,0.001,mL.min-1.kg-1,species_only_monkey
18705053,CHEMBL4255764,CHEMBL4284362,CL,mL.min-1.g-1,=,3.0,CHEMBL612558,,Intrinsic clearance in cynomolgus monkey liver cytosol at 0.5 uM measured after 15 mins in presence of NADPH by spectrometric method,A,O=C(NOC1CCC1)C(=O)C(Cc1ccccc1)NC(=O)c1cccnc1-n1ccc(-c2ccccc2)n1,0.003,mL.min-1.kg-1,species_only_monkey
18705054,CHEMBL4255764,CHEMBL4285615,CL,mL.min-1.g-1,=,2.0,CHEMBL612558,,Intrinsic clearance in cynomolgus monkey liver cytosol at 0.5 uM measured after 15 mins in presence of NADPH by spectrometric method,A,O=C(NOCC1CC1)C(=O)C(Cc1ccccc1)NC(=O)c1cccnc1-n1ccc(-c2ccccc2)n1,0.002,mL.min-1.kg-1,species_only_monkey
18705055,CHEMBL4255764,CHEMBL4293456,CL,mL.min-1.g-1,=,1.0,CHEMBL612558,,Intrinsic clearance in cynomolgus monkey liver cytosol at 0.5 uM measured after 15 mins in presence of NADPH by spectrometric method,A,C=CCONC(=O)C(=O)C(Cc1ccccc1)NC(=O)c1cccnc1-n1ccc(-c2ccccc2)n1,0.001,mL.min-1.kg-1,species_only_monkey
18705056,CHEMBL4255764,CHEMBL4282193,CL,mL.min-1.g-1,=,29.0,CHEMBL612558,,Intrinsic clearance in cynomolgus monkey liver cytosol at 0.5 uM measured after 15 mins in presence of NADPH by spectrometric method,A,CC(C)ONC(=O)C(=O)C(Cc1ccccc1)NC(=O)c1cccnc1-n1ccc(-c2ccccc2)n1,0.029,mL.min-1.kg-1,species_only_monkey
18705059,CHEMBL4255764,CHEMBL4286633,CL,mL.min-1.g-1,=,1.0,CHEMBL612558,,Intrinsic clearance in cynomolgus monkey liver cytosol at 0.5 uM measured after 15 mins in presence of NADPH by spectrometric method,A,CONC(=O)C(=O)C(Cc1ccccc1)NC(=O)c1cccnc1-n1ccc(-c2ccccc2)n1,0.001,mL.min-1.kg-1,species_only_monkey
18705060,CHEMBL4255764,CHEMBL4293870,CL,mL.min-1.g-1,=,11.0,CHEMBL612558,,Intrinsic clearance in cynomolgus monkey liver cytosol at 0.5 uM measured after 15 mins in presence of NADPH by spectrometric method,A,O=C(NCc1nc2ccccc2o1)C(=O)C(Cc1ccccc1)NC(=O)c1cccnc1-n1ccc(-c2ccccc2)n1,0.011,mL.min-1.kg-1,species_only_monkey
18705061,CHEMBL4255764,CHEMBL4283277,CL,mL.min-1.g-1,=,38.0,CHEMBL612558,,Intrinsic clearance in cynomolgus monkey liver cytosol at 0.5 uM measured after 15 mins in presence of NADPH by spectrometric method,A,O=C(NCCc1ccccc1)C(=O)C(Cc1ccccc1)NC(=O)c1cccnc1-n1ccc(-c2ccccc2)n1,0.038,mL.min-1.kg-1,species_only_monkey
18705062,CHEMBL4255764,CHEMBL4290469,CL,mL.min-1.g-1,=,17.0,CHEMBL612558,,Intrinsic clearance in cynomolgus monkey liver cytosol at 0.5 uM measured after 15 mins in presence of NADPH by spectrometric method,A,O=C(NCc1ccccc1)C(=O)C(Cc1ccccc1)NC(=O)c1cccnc1-n1ccc(-c2ccccc2)n1,0.017,mL.min-1.kg-1,species_only_monkey
18705063,CHEMBL4255764,CHEMBL4279814,CL,mL.min-1.g-1,=,10.0,CHEMBL612558,,Intrinsic clearance in cynomolgus monkey liver cytosol at 0.5 uM measured after 15 mins in presence of NADPH by spectrometric method,A,CC1(NC(=O)C(=O)C(Cc2ccccc2)NC(=O)c2cccnc2-n2ccc(-c3ccccc3)n2)CC1,0.01,mL.min-1.kg-1,species_only_monkey
18705064,CHEMBL4255764,CHEMBL4279559,CL,mL.min-1.g-1,=,7.0,CHEMBL612558,,Intrinsic clearance in cynomolgus monkey liver cytosol at 0.5 uM measured after 15 mins in presence of NADPH by spectrometric method,A,O=C(NCC1CC1)C(=O)C(Cc1ccccc1)NC(=O)c1cccnc1-n1ccc(-c2ccccc2)n1,0.007,mL.min-1.kg-1,species_only_monkey
18705065,CHEMBL4255764,CHEMBL4290224,CL,mL.min-1.g-1,=,7.0,CHEMBL612558,,Intrinsic clearance in cynomolgus monkey liver cytosol at 0.5 uM measured after 15 mins in presence of NADPH by spectrometric method,A,O=C(NC1CCCC1)C(=O)C(Cc1ccccc1)NC(=O)c1cccnc1-n1ccc(-c2ccccc2)n1,0.007,mL.min-1.kg-1,species_only_monkey
18705066,CHEMBL4255764,CHEMBL4284950,CL,mL.min-1.g-1,=,8.0,CHEMBL612558,,Intrinsic clearance in cynomolgus monkey liver cytosol at 0.5 uM measured after 15 mins in presence of NADPH by spectrometric method,A,O=C(NC1CCC1)C(=O)C(Cc1ccccc1)NC(=O)c1cccnc1-n1ccc(-c2ccccc2)n1,0.008,mL.min-1.kg-1,species_only_monkey
18705067,CHEMBL4255764,CHEMBL4277000,CL,mL.min-1.g-1,=,12.0,CHEMBL612558,,Intrinsic clearance in cynomolgus monkey liver cytosol at 0.5 uM measured after 15 mins in presence of NADPH by spectrometric method,A,O=C(NC1CC1)C(=O)C(Cc1ccccc1)NC(=O)c1cccnc1-n1ccc(-c2ccccc2)n1,0.012,mL.min-1.kg-1,species_only_monkey
18705068,CHEMBL4255764,CHEMBL4281522,CL,mL.min-1.g-1,=,6.0,CHEMBL612558,,Intrinsic clearance in cynomolgus monkey liver cytosol at 0.5 uM measured after 15 mins in presence of NADPH by spectrometric method,A,N#CCNC(=O)C(=O)C(Cc1ccccc1)NC(=O)c1cccnc1-n1ccc(-c2ccccc2)n1,0.006,mL.min-1.kg-1,species_only_monkey
18705069,CHEMBL4255764,CHEMBL4292149,CL,mL.min-1.g-1,=,8.0,CHEMBL612558,,Intrinsic clearance in cynomolgus monkey liver cytosol at 0.5 uM measured after 15 mins in presence of NADPH by spectrometric method,A,C=CCNC(=O)C(=O)C(Cc1ccccc1)NC(=O)c1cccnc1-n1ccc(-c2ccccc2)n1,0.008,mL.min-1.kg-1,species_only_monkey
18705070,CHEMBL4255764,CHEMBL4278068,CL,mL.min-1.g-1,=,5.0,CHEMBL612558,,Intrinsic clearance in cynomolgus monkey liver cytosol at 0.5 uM measured after 15 mins in presence of NADPH by spectrometric method,A,CC(C)NC(=O)C(=O)C(Cc1ccccc1)NC(=O)c1cccnc1-n1ccc(-c2ccccc2)n1,0.005,mL.min-1.kg-1,species_only_monkey
18705071,CHEMBL4255764,CHEMBL4288728,CL,mL.min-1.g-1,=,4.0,CHEMBL612558,,Intrinsic clearance in cynomolgus monkey liver cytosol at 0.5 uM measured after 15 mins in presence of NADPH by spectrometric method,A,CCCNC(=O)C(=O)C(Cc1ccccc1)NC(=O)c1cccnc1-n1ccc(-c2ccccc2)n1,0.004,mL.min-1.kg-1,species_only_monkey
18705072,CHEMBL4255764,CHEMBL4293200,CL,mL.min-1.g-1,=,12.0,CHEMBL612558,,Intrinsic clearance in cynomolgus monkey liver cytosol at 0.5 uM measured after 15 mins in presence of NADPH by spectrometric method,A,CNC(=O)C(=O)C(Cc1ccccc1)NC(=O)c1cccnc1-n1ccc(-c2ccccc2)n1,0.012,mL.min-1.kg-1,species_only_monkey
18705073,CHEMBL4255764,CHEMBL4285376,CL,mL.min-1.g-1,=,16.0,CHEMBL612558,,Intrinsic clearance in cynomolgus monkey liver cytosol at 0.5 uM measured after 15 mins in presence of NADPH by spectrometric method,A,CCNC(=O)C(=O)C(Cc1ccccc1)NC(=O)c1cccnc1-n1ccc(-c2ccccc2)n1,0.016,mL.min-1.kg-1,species_only_monkey
18705074,CHEMBL4255764,CHEMBL4063636,CL,mL.min-1.g-1,=,39.0,CHEMBL612558,,Intrinsic clearance in cynomolgus monkey liver cytosol at 0.5 uM measured after 15 mins in presence of NADPH by spectrometric method,A,NC(=O)C(=O)C(Cc1ccccc1)NC(=O)c1cccnc1-n1ccc(-c2ccc(F)cc2)n1,0.039,mL.min-1.kg-1,species_only_monkey
18705075,CHEMBL4255764,CHEMBL4095528,CL,mL.min-1.g-1,=,74.0,CHEMBL612558,,Intrinsic clearance in cynomolgus monkey liver cytosol at 0.5 uM measured after 15 mins in presence of NADPH by spectrometric method,A,NC(=O)C(=O)C(Cc1ccccc1)NC(=O)c1cccnc1-n1ccc(-c2ccccc2)n1,0.074,mL.min-1.kg-1,species_only_monkey
18705174,CHEMBL4255776,CHEMBL4095528,CL,mL.min-1.kg-1,=,25.0,CHEMBL613847,Macaca fascicularis,"Plasma clearance in cynomolgus monkey at 1 mg/kg, iv administered as bolus dose by HPLC-MS/MS analysis",A,NC(=O)C(=O)C(Cc1ccccc1)NC(=O)c1cccnc1-n1ccc(-c2ccccc2)n1,25.0,mL.min-1.kg-1,species_only_monkey
18705175,CHEMBL4255776,CHEMBL4063636,CL,mL.min-1.kg-1,=,33.33,CHEMBL613847,Macaca fascicularis,"Plasma clearance in cynomolgus monkey at 1 mg/kg, iv administered as bolus dose by HPLC-MS/MS analysis",A,NC(=O)C(=O)C(Cc1ccccc1)NC(=O)c1cccnc1-n1ccc(-c2ccc(F)cc2)n1,33.33,mL.min-1.kg-1,species_only_monkey
18705176,CHEMBL4255776,CHEMBL4277000,CL,mL.min-1.kg-1,=,50.0,CHEMBL613847,Macaca fascicularis,"Plasma clearance in cynomolgus monkey at 1 mg/kg, iv administered as bolus dose by HPLC-MS/MS analysis",A,O=C(NC1CC1)C(=O)C(Cc1ccccc1)NC(=O)c1cccnc1-n1ccc(-c2ccccc2)n1,50.0,mL.min-1.kg-1,species_only_monkey
18705177,CHEMBL4255776,CHEMBL4286633,CL,mL.min-1.kg-1,=,23.33,CHEMBL613847,Macaca fascicularis,"Plasma clearance in cynomolgus monkey at 1 mg/kg, iv administered as bolus dose by HPLC-MS/MS analysis",A,CONC(=O)C(=O)C(Cc1ccccc1)NC(=O)c1cccnc1-n1ccc(-c2ccccc2)n1,23.33,mL.min-1.kg-1,species_only_monkey
18773008,CHEMBL4268706,CHEMBL3125702,CL,mL.min-1.kg-1,=,8.5,CHEMBL613847,Macaca fascicularis,Clearance in cynomolgus monkey,A,CC(C)[C@@H](CS(=O)(=O)C(C)C)N1C(=O)[C@@](C)(CC(=O)O)C[C@H](c2cccc(Cl)c2)[C@H]1c1ccc(Cl)cc1,8.5,mL.min-1.kg-1,species_only_monkey
18774780,CHEMBL4268921,CHEMBL4279519,CL,mL.min-1.kg-1,=,15.5,CHEMBL613847,Macaca fascicularis,"Clearance in cynomolgus monkey at 2 mg/kg, iv",A,COc1c([C@@H]2O[C@H](CO)[C@@H](F)[C@H](O)[C@H]2O)cc(Cc2ccc3c(c2)OCCO3)c2c1CCO2,15.5,mL.min-1.kg-1,species_only_monkey
18775773,CHEMBL4269005,CHEMBL4283853,CL,mL.min-1.kg-1,=,4.6,CHEMBL613847,Macaca fascicularis,Plasma clearance in iv dosed cynomolgus monkey,A,COCCCOc1cc2c(cc1OC)-c1cc(=O)c(C(=O)O)cn1[C@H](C(C)C)C2,4.6,mL.min-1.kg-1,species_only_monkey
18781686,CHEMBL4270263,CHEMBL4282052,CL,mL.min-1.kg-1,=,11.8,CHEMBL614875,Macaca mulatta,"Clearance in rhesus monkey at 0.25 mg/kg, iv or 1 mg/kg, po",A,CCOc1cc(CN2CCC3(CC2)CC(=O)N(c2ccc(C(=O)O)cc2)C3)cc(OCC)c1-c1ccc(F)cc1.O=C(O)C(F)(F)F,11.8,mL.min-1.kg-1,species_only_monkey
18851512,CHEMBL4305937,CHEMBL4452233,CL,mL.min-1.kg-1,=,6.4,CHEMBL612558,,"Clearance in monkey at 0.93 mg/kg, iv",A,O=C(N[C@H]1CCc2cc(F)cc(F)c2NC1=O)c1n[nH]c(Cc2ccccc2)n1,6.4,mL.min-1.kg-1,species_only_monkey
18882095,CHEMBL4312223,CHEMBL4590062,CL,mL.min-1.kg-1,=,4.7,CHEMBL612558,,"Clearance in monkey at 1 mg/kg, iv",A,CNC(=O)c1c(-c2ccc(F)cc2)oc2cc(N(C)S(C)(=O)=O)c(-c3ccc4ncn5c6cccc(F)c6cc5c4n3)cc12,4.7,mL.min-1.kg-1,species_only_monkey
18882096,CHEMBL4312223,CHEMBL4435877,CL,mL.min-1.kg-1,=,7.7,CHEMBL612558,,"Clearance in monkey at 1 mg/kg, iv",A,CNC(=O)c1c(-c2ccc(F)cc2)oc2cc(N(C)S(C)(=O)=O)c(-c3ccc4c(n3)-c3cc5c(F)cccc5n3CN4)cc12,7.7,mL.min-1.kg-1,species_only_monkey
18882097,CHEMBL4312223,CHEMBL3901713,CL,mL.min-1.kg-1,=,5.6,CHEMBL612558,,"Clearance in monkey at 1 mg/kg, iv",A,CNC(=O)c1c(-c2ccc(F)cc2)oc2cc(N(C)S(C)(=O)=O)c(-c3ccc4ccn5c6cccc(F)c6cc5c4n3)cc12,5.6,mL.min-1.kg-1,species_only_monkey
18882098,CHEMBL4312223,CHEMBL3947779,CL,mL.min-1.kg-1,=,11.0,CHEMBL612558,,"Clearance in monkey at 1 mg/kg, iv",A,CNC(=O)c1c(-c2ccc(F)cc2)oc2cc(N(C)S(C)(=O)=O)c(-c3ccc4c(n3)-c3cc5c(F)cccc5n3CC4)cc12,11.0,mL.min-1.kg-1,species_only_monkey
18883472,CHEMBL4312599,CHEMBL4585668,CL,mL.min-1.kg-1,=,3.5,CHEMBL612558,,"Clearance in monkey at 1 mg/kg, iv by UPLC-MS analysis",A,CS(=O)(=O)c1ccc(Oc2cc(F)cc(C#N)c2)c2c1[C@H](O)[C@H](F)[C@@H]2F,3.5,mL.min-1.kg-1,species_only_monkey
18904279,CHEMBL4317077,CHEMBL3648680,CL,mL.min-1.kg-1,=,34.0,CHEMBL612558,,"Total clearance in cynomolgus monkey at 0.5 mg/kg, iv by LC-MS/MS analysis",A,Cn1ncc(NC(=O)c2nc(-c3c(F)cccc3F)sc2N)c1N1CC[C@@H](N)[C@H](F)CC1,34.0,mL.min-1.kg-1,species_only_monkey
18920065,CHEMBL4323037,CHEMBL4557670,CL,mL.min-1.kg-1,=,23.0,CHEMBL612558,,"Clearance in Cynomolgus monkey at 0.5 mg/kg, iv by LC/MS/MS analysis",A,C[C@H]1SC(N)=N[C@](C)(c2cc(NC(=O)c3cnc(OCF)cn3)ccc2F)[C@H]1F,23.0,mL.min-1.kg-1,species_only_monkey
18933168,CHEMBL4326462,CHEMBL4470860,CL,mL.min-1.kg-1,=,1.667,CHEMBL612558,,"Clearance in rhesus monkey at 1 mg/kg, iv by ESI-LC/MS/MS analysis",A,Cc1nc2c(-c3nnc[nH]3)cc(-c3ccnc(N)c3F)cc2n1-c1ccnc2c(F)ccc(F)c12,1.667,mL.min-1.kg-1,species_only_monkey
18933174,CHEMBL4326456,CHEMBL4470860,CL,mL.min-1.kg-1,=,1.833,CHEMBL612558,,"Clearance in cynomolgus monkey at 1 mg/kg, iv by ESI-LC/MS/MS analysis",A,Cc1nc2c(-c3nnc[nH]3)cc(-c3ccnc(N)c3F)cc2n1-c1ccnc2c(F)ccc(F)c12,1.833,mL.min-1.kg-1,species_only_monkey
18945552,CHEMBL4329707,CHEMBL4301600,CL,mL.min-1.kg-1,=,1.2,CHEMBL613847,Macaca fascicularis,"Total plasma clearance in cynomolgus monkey at 1 mg/kg, iv by LC-MS/MS analysis",A,CC(C)(O)c1cccn2c(C3(c4ccc(Cl)cc4)CC3)nnc12,1.2,mL.min-1.kg-1,species_only_monkey
18980558,CHEMBL4339163,CHEMBL3676150,CL,mL.min-1.kg-1,=,3.0,CHEMBL612558,,Clearance in monkey plasma,A,O=C(O)CCC(=O)N[C@@H](CC(=O)O)Cc1ccc(-c2cccc(Cl)c2)cc1,3.0,mL.min-1.kg-1,species_only_monkey
19000074,CHEMBL4343457,CHEMBL4560579,CL,mL.min-1.kg-1,=,35.0,CHEMBL612558,,"Clearance in monkey at 1 mg/kg, iv",A,C#CCOc1cnc(C(=O)Nc2cc(F)c(F)c([C@@]3(C)N=C(N)S[C@@]4(COC)C[C@H]43)c2)cn1,35.0,mL.min-1.kg-1,species_only_monkey
19009031,CHEMBL4345139,CHEMBL4475494,CL,mL.min-1.kg-1,=,15.8,CHEMBL612558,,"Clearance in cynomolgus monkey plasma at 1 mg/kg, iv or po",A,CC(C)(O)[C@H](F)CN1Cc2cc(NC(=O)c3cnn4cccnc34)c(N3CCOCC3)cc2C1=O,15.8,mL.min-1.kg-1,species_only_monkey
19014766,CHEMBL4346361,CHEMBL4462804,CL,mL.min-1.kg-1,=,20.0,CHEMBL612558,,"Clearance in monkey plasma at 0.1 mg/kg, iv",A,CCNC(=O)c1cc2c(-c3cc(S(=O)(=O)CC)ccc3Oc3c(C)cccc3C)cn(C)c(=O)c2[nH]1,20.0,mL.min-1.kg-1,species_only_monkey
19014789,CHEMBL4346381,CHEMBL4297454,CL,mL.min-1.kg-1,=,25.67,CHEMBL612558,,"Clearance in monkey plasma at 0.3 mg/kg, iv",A,CCNC(=O)c1cc2c(-c3cc(C(C)(C)O)ccc3Oc3c(C)cc(F)cc3C)cn(C)c(=O)c2[nH]1,25.67,mL.min-1.kg-1,species_only_monkey
19031706,CHEMBL4349604,CHEMBL4474855,CL,mL.min-1.kg-1,=,14.83,CHEMBL612558,,"Clearance in cynomolgus monkey at 0.5 mg/kg, iv or 1 mg/kg, po",A,CC[C@@H]1[C@@H]2CN(C(=O)[C@H](C(C)(C)C)NC(=O)O[C@@H]3C[C@H]3CCCCC(F)(F)c3nc4ccc(OC)cc4nc3O2)[C@@H]1C(=O)N[C@]1(C(=O)NS(=O)(=O)C2(C)CC2)C[C@H]1C(F)F,14.83,mL.min-1.kg-1,species_only_monkey
19040972,CHEMBL4352233,CHEMBL4545939,CL,mL.min-1.kg-1,=,5.5,CHEMBL612558,,"Clearance in monkey at 1 mg/kg, iv",A,Cc1nnc(N2CCC(C(=O)N3N=CC[C@H]3c3cc(F)cc(F)c3)CC2)o1,5.5,mL.min-1.kg-1,species_only_monkey
19053514,CHEMBL4355786,CHEMBL4111094,CL,mL.min-1.kg-1,=,26.7,CHEMBL612558,,"Clearance in rhesus monkey at 1 mg/kg, iv",A,CCNC1=N[C@@H]2[C@@H](O)[C@H](O)[C@@H](C(F)F)O[C@@H]2S1,26.7,mL.min-1.kg-1,species_only_monkey
19057664,CHEMBL4357150,CHEMBL4446421,CL,mL.min-1.kg-1,=,194.46,CHEMBL612558,,Metabolic stability in monkey assessed as intrinsic hepatic clearance by LC/MS-MS analysis,A,COc1ccccc1S(=O)(=O)Nc1ccc2c3c(cc(-n4cnc(C)c4)nc13)C(=O)N2C,194.46,mL.min-1.kg-1,species_only_monkey
19058448,CHEMBL4357365,CHEMBL4445591,CL,mL.min-1.kg-1,=,20.0,CHEMBL612558,,"Clearance in cynomolgus monkey at 0.72 mg/kg, iv or 1.33 mg/kg, po",A,COC(=O)Nc1ccc2c(c1)NC(=O)[C@H](C)CCC[C@H](NC(=O)c1cnn(-c3cccc(Cl)c3F)c1C)c1cc-2ccn1.O=C(O)C(F)(F)F,20.0,mL.min-1.kg-1,species_only_monkey
19058456,CHEMBL4357373,CHEMBL4537182,CL,mL.min-1.kg-1,=,14.5,CHEMBL612558,,"Clearance in cynomolgus monkey at 0.80 mg/kg, iv or 1.58 mg/kg, po",A,COC(=O)Nc1ccc2c(c1)NC(=O)[C@H](C)CCC[C@H](NC(=O)c1ncn(-c3cccc(Cl)c3F)c1C)c1cc-2ccn1.O=C(O)C(F)(F)F.O=C(O)C(F)(F)F,14.5,mL.min-1.kg-1,species_only_monkey
19058466,CHEMBL4357383,CHEMBL4455005,CL,mL.min-1.kg-1,=,9.9,CHEMBL612558,,"Clearance in cynomolgus monkey at 0.71 mg/kg, iv or 1.52 mg/kg, po",A,COC(=O)Nc1ccc2c(c1)NC(=O)[C@H](C)CCC[C@H](NC(=O)c1nnn(-c3cccc(Cl)c3F)c1C)c1cc-2ccn1.O=C(O)C(F)(F)F,9.9,mL.min-1.kg-1,species_only_monkey
19060969,CHEMBL4358457,CHEMBL4550298,CL,mL.min-1.kg-1,=,6.1,CHEMBL612558,,Clearance in monkey,A,CCOC(=O)N1CCC2(CC1)C[C@H](NC(=O)c1cccc3cn[nH]c13)c1cc(Br)ccc1O2,6.1,mL.min-1.kg-1,species_only_monkey
19064750,CHEMBL4359985,CHEMBL4466517,CL,mL.min-1.kg-1,=,11.0,CHEMBL612558,,"Plasma clearance in monkey at 1 mg/kg, iv",A,C[C@]1(CO)Cc2cc(NC(=O)c3cnn4cccnc34)c(N3CCOCC3)cc2O1,11.0,mL.min-1.kg-1,species_only_monkey
19088207,CHEMBL4365200,CHEMBL4468815,CL,mL.min-1.kg-1,=,26.0,CHEMBL612558,,"Clearance in cynomolgus monkey at 2 mg/kg, iv or 10 mg/kg, po",A,Cc1ccc2nc(N3CCS(=O)(=O)c4ccccc4C3)nc(NCC3(N)COC3)c2c1,26.0,mL.min-1.kg-1,species_only_monkey
19090847,CHEMBL4366100,CHEMBL4574163,CL,mL.min-1.kg-1,=,0.7,CHEMBL612558,,"Clearance in cynomolgus monkey at 1 mg/kg, iv or 5 mg/kg, po administered via gavage measured upto 24 hrs by LC-MS/MS",A,NC(C(=O)N[C@@](Cc1ccccc1)(c1cc(F)cc(OC(F)(F)C(F)F)c1)c1ccc(F)c(OC2CC2)c1)C(O)(C(F)(F)F)C(F)(F)F,0.7,mL.min-1.kg-1,species_only_monkey
19094355,CHEMBL4367219,CHEMBL4459231,CL,mL.min-1.kg-1,=,11.3,CHEMBL612558,,"Hepatic clearance in cynomolgus monkey at 0.5 mg/kg, iv or 2 mg/kg, po",A,C[C@@H]1CC(c2cnc3c(C#N)nn([C@H](C)c4ccc(Cl)cc4Cl)c3n2)=CC[C@@H]1N1CCC[C@H]1CO,11.3,mL.min-1.kg-1,species_only_monkey
19143969,CHEMBL4377435,CHEMBL4435170,CL,mL.min-1.kg-1,=,4.8,CHEMBL612558,,"Clearance in cynomolgus monkey at 2 mg/kg, iv",A,[2H]C([2H])([2H])NC(=O)c1nnc(NC(=O)C2CC2)cc1Nc1cccc(-c2ncn(C)n2)c1OC,4.8,mL.min-1.kg-1,species_only_monkey
19145109,CHEMBL4378113,CHEMBL1956285,CL,mL.min-1.kg-1,=,0.3667,CHEMBL612558,,"Plasma clearance in monkey at 1 mg/kg, iv by LC-MS analysis",A,Cc1cc(Nc2ccc(S(F)(F)(F)(F)F)cc2)n2nc(C(C)(F)F)nc2n1,0.3667,mL.min-1.kg-1,species_only_monkey
19145337,CHEMBL4378194,CHEMBL3961833,CL,mL.min-1.kg-1,=,0.6,CHEMBL612558,,"Clearance in cynomolgus monkey at 1 mg/kg, iv or 2 mg/kg, po after 48 hrs",A,COc1nc(N(CC(C)(C)F)c2cc(Cl)c(F)cc2F)cnc1C(=O)[C@H]1C[C@@H]1C(=O)O,0.6,mL.min-1.kg-1,species_only_monkey
19160373,CHEMBL4383110,CHEMBL4297528,CL,mL.min-1.kg-1,=,5.7,CHEMBL612558,,"Clearance in cynomolgus monkey at 0.1 mg/kg, iv administered as single dose",A,Cc1cn2nc(-c3cc(=O)n4cc(N5CCNC6(CC6)C5)ccc4n3)cc(C)c2n1,5.7,mL.min-1.kg-1,species_only_monkey
19160377,CHEMBL4383114,CHEMBL4459971,CL,mL.min-1.kg-1,=,5.0,CHEMBL612558,,"Clearance in cynomolgus monkey at 0.3 mg/kg, iv administered as single dose",A,CCc1nc(C)cn2nc(-c3cc(=O)n4cc(C5CCN(C)CC5)cc(C)c4n3)cc12,5.0,mL.min-1.kg-1,species_only_monkey
19176958,CHEMBL4386274,CHEMBL4464990,CL,mL.min-1.kg-1,=,19.0,CHEMBL612558,,"Plasma clearance in cynomolgus monkey at 0.5 mg/kg, iv administered as single dose measured upto 24 hrs by LC-MS/MS analysis",A,O=S(=O)(Nc1ccncn1)c1cc2c(cc1F)[C@@H](N1CC[C@H](C(F)(F)F)C[C@@H]1c1ccccn1)CCO2,19.0,mL.min-1.kg-1,species_only_monkey
19178589,CHEMBL4386704,CHEMBL3545062,CL,mL.min-1.kg-1,=,5.0,CHEMBL612558,,"Clearance in monkey at 0.5 mg/kg, iv",A,COC[C@H]1C[C@@H](c2nc(-c3ccc4c(c3)COc3cc5c(ccc6nc([C@@H]7CC[C@H](C)N7C(=O)[C@@H](NC(=O)OC)C(C)C)[nH]c65)cc3-4)c[nH]2)N(C(=O)[C@H](NC(=O)OC)c2ccccc2)C1,5.0,mL.min-1.kg-1,species_only_monkey
19191175,CHEMBL4389053,CHEMBL4463517,CL,mL.min-1.kg-1,=,33.0,CHEMBL612558,,"Plasma clearance in cynomolgus monkey at 1 mg/kg, iv",A,O=C(NC1CC1)C(=O)C(Cc1ccccc1)NC(=O)[C@H]1CCC(=O)N1Cc1ccccc1,33.0,mL.min-1.kg-1,species_only_monkey
19191208,CHEMBL4389022,CHEMBL4591200,CL,mL.min-1.g-1,=,185.0,CHEMBL612558,,Intrinsic clearance in cynomolgus monkey liver cytosol,A,NC(=O)C(=O)C(Cc1ccccc1)NC(=O)[C@H]1CCC(=O)N1Cc1ccccc1,0.185,mL.min-1.kg-1,species_only_monkey
19197697,CHEMBL4390921,CHEMBL3121193,CL,mL.min-1.kg-1,=,48.0,CHEMBL612558,,"Plasma clearance in cynomolgus monkey at 1 mg/kg, iv by LC-MS/MS analysis",A,CNC(=O)c1c(-c2ccc(F)cc2)oc2cc(N(Cc3ccc(B(O)O)c(F)c3)S(C)(=O)=O)c(C3CC3)cc12,48.0,mL.min-1.kg-1,species_only_monkey
19197698,CHEMBL4390922,CHEMBL4467259,CL,mL.min-1.kg-1,=,5.7,CHEMBL612558,,"Blood clearance in cynomolgus monkey at 1 mg/kg, iv by LC-MS/MS analysis",A,CNC(=O)c1c(-c2ccc(F)cc2)oc2cc(N(c3cc(Cl)c4c(c3)COB4O)S(C)(=O)=O)c(C3CC3)cc12,5.7,mL.min-1.kg-1,species_only_monkey
19240751,CHEMBL4399606,CHEMBL4461649,CL,mL.min-1.kg-1,=,9.0,CHEMBL612558,,Clearance in iv dosed cynomolgus monkey,A,NCC1(c2cccc(-c3ccnc4[nH]nc(C(F)(F)F)c34)c2)COC1,9.0,mL.min-1.kg-1,species_only_monkey
19254760,CHEMBL4402463,CHEMBL4532948,CL,mL.min-1.kg-1,=,17.0,CHEMBL612558,,"Clearance in cynomolgus monkey at 10 mg/kg, po",A,CNc1cc(Nc2cccn(-c3ccccn3)c2=O)nn2c(C(=O)N[C@@H]3C[C@@H]3F)cnc12,17.0,mL.min-1.kg-1,species_only_monkey
19272429,CHEMBL4407159,CHEMBL3728620,CL,mL.min-1.kg-1,=,5.2,CHEMBL612558,,"Clearance in monkey at 2 mg/kg, po or 0.5 mg/kg, iv administered as infusion for 10 mins",A,COc1cc(OCc2cccc(OCc3ccccc3)c2)c2cc(-c3cn4nc(OC)sc4n3)oc2c1,5.2,mL.min-1.kg-1,species_only_monkey
19316232,CHEMBL4417037,CHEMBL4464946,CL,mL.min-1.kg-1,=,1.293,CHEMBL612558,,Plasma clearance in cynomolgus monkey,A,O=C(NCc1cc(F)cc(F)c1)[C@@]1(O)CCN(c2ccc3[nH]ccc3c2)C1=O,1.293,mL.min-1.kg-1,species_only_monkey
19371099,CHEMBL4424864,CHEMBL4526056,CL,mL.min-1.kg-1,=,44.0,CHEMBL612558,,"Clearance in cynomolgus monkey at 1 mg/kg, iv by LC-MS/MS analysis",A,COc1cc(C2CN(C(=O)c3cc(OC[C@H](O)CO)ccn3)C2)ccc1OCc1ccc(C2CC2)cc1,44.0,mL.min-1.kg-1,species_only_monkey
19371100,CHEMBL4424864,CHEMBL4474690,CL,mL.min-1.kg-1,=,11.17,CHEMBL612558,,"Clearance in cynomolgus monkey at 1 mg/kg, iv by LC-MS/MS analysis",A,COc1cc(C2CN(C(=O)c3cc(COC[C@@H](O)CO)ccn3)C2)ccc1OCc1ccc(C2CC2)cc1,11.17,mL.min-1.kg-1,species_only_monkey
19371101,CHEMBL4424864,CHEMBL4451717,CL,mL.min-1.kg-1,=,7.667,CHEMBL612558,,"Clearance in cynomolgus monkey at 1 mg/kg, iv by LC-MS/MS analysis",A,COc1cc(C2CN(C(=O)c3cc(COCC(CO)(CO)CO)ccn3)C2)ccc1OCc1ccc(C2CC2)cc1,7.667,mL.min-1.kg-1,species_only_monkey
19402800,CHEMBL4425617,CHEMBL3358158,CL,mL.min-1.kg-1,=,7.3,CHEMBL612558,,"Clearance in cynomolgus monkey at 1 mg/kg, iv or 5 mg/kg, po",A,Cn1ccnc1[C@]1(CNC(=O)c2cc3cc(C(F)(F)F)ccc3o2)NC(=O)NC1=O,7.3,mL.min-1.kg-1,species_only_monkey
19402801,CHEMBL4425617,CHEMBL4097165,CL,mL.min-1.kg-1,=,1.0,CHEMBL612558,,"Clearance in cynomolgus monkey at 1 mg/kg, iv or 5 mg/kg, po",A,O=C1NC(=O)[C@](CNC(=O)c2cc3cc(C(F)(F)F)ccc3o2)(C2CC2)N1,1.0,mL.min-1.kg-1,species_only_monkey
19403937,CHEMBL4425946,CHEMBL3544964,CL,mL.min-1.kg-1,=,31.0,CHEMBL612558,,Plasma clearance in cynomolgus monkey,A,Cn1nccc1Nc1nccc(-c2ccn([C@H](CO)c3ccc(Cl)c(F)c3)c(=O)c2)n1,31.0,mL.min-1.kg-1,species_only_monkey
19410876,CHEMBL4427501,CHEMBL3696475,CL,mL.min-1.kg-1,=,29.0,CHEMBL612558,,"Clearance in rhesus monkey at 1 mg/kg, iv or 2 mg/kg, po",A,Cc1c([C@@H](O)CN2CCN(C[C@H](O)c3ccc4c(c3C)COC4=O)CC2)ccc2c1COC2=O,29.0,mL.min-1.kg-1,species_only_monkey
19411055,CHEMBL4427566,CHEMBL4454070,CL,mL.min-1.kg-1,=,10.0,CHEMBL612558,,"Clearance in cynomolgus monkey at 2 mg/kg, po or 0.5 mg/kg, iv",A,CNC(=O)Nc1cc(Oc2cncc(C)c2)c(-c2ccc(OCC(C)(C)O)nc2)cn1,10.0,mL.min-1.kg-1,species_only_monkey
19431595,CHEMBL4429094,CHEMBL4467115,CL,mL.min-1.kg-1,=,9.667,CHEMBL612558,,"Clearance in cynomolgus monkey at 1 mg/kg, iv",A,CC[C@H](C)[C@H](NC(=O)OC)NC(=O)N1CCC[C@H]1c1nc2ccc(-c3ccc4cc(-c5cnc([C@@H]6CCCN6C(=O)[C@@H](NC(=O)OC)[C@@H](C)OC)[nH]5)ccc4c3)cc2[nH]1.Cl,9.667,mL.min-1.kg-1,species_only_monkey
19431610,CHEMBL4429094,CHEMBL4522026,CL,mL.min-1.kg-1,=,5.667,CHEMBL612558,,"Clearance in cynomolgus monkey at 1 mg/kg, iv",A,COC(=O)N[C@H](NC(=O)N1CCC[C@H]1c1nc2ccc(-c3ccc4cc(-c5cnc([C@@H]6CCCN6C(=O)[C@@H](NC(=O)OC)C(C)C)[nH]5)ccc4c3)cc2[nH]1)C(C)C.Cl.Cl,5.667,mL.min-1.kg-1,species_only_monkey
19432673,CHEMBL4429469,CHEMBL3918580,CL,mL.min-1.kg-1,=,2.1,CHEMBL612558,,"Plasma clearance in cynomolgus monkey at 2 mg/kg, iv through bolus administration after 0.167 to 48 hrs by LC/MS/MS analysis",A,Cc1c(-c2ccc(C(N)=O)c3[nH]c4cc(C(C)(C)O)ccc4c23)cccc1-n1cnc2ccccc2c1=O,2.1,mL.min-1.kg-1,species_only_monkey
19434027,CHEMBL4429898,CHEMBL4448986,CL,mL.min-1.kg-1,=,24.9,CHEMBL612558,,"Total clearance in cynomolgus monkey at 1 mg/kg, iv or 5 mg/kg, po measured up to 12 or 24 hrs post dose by LC-MS/MS analysis",A,CC(NC(=O)c1ccc(C(F)(F)F)cc1Cl)C1(N2CCN(S(=O)(=O)c3cn(C)nn3)CC2)CCC(F)(F)CC1.Cl,24.9,mL.min-1.kg-1,species_only_monkey
19439712,CHEMBL4431196,CHEMBL4593409,CL,mL.min-1.kg-1,=,2.8,CHEMBL612558,,"Clearance in cynomolgus monkey at 5 umol/kg, iv or 15.8 umol/kg, po",A,C[C@H](Cc1cccc(-c2cc(Cc3ccccc3)ccc2C(N)=O)c1)C(=O)O,2.8,mL.min-1.kg-1,species_only_monkey
19441529,CHEMBL4431853,CHEMBL4571877,CL,mL.min-1.kg-1,=,2.167,CHEMBL612558,,"Clearance in monkey plasma at 1 mg/kg, iv after 24 hrs by LC-MS/MS analysis",A,CC(C)(O)Cn1nc(-c2ccc3cc(OC4CC4)ccc3c2)c2c(N)ncnc21,2.167,mL.min-1.kg-1,species_only_monkey
19470944,CHEMBL4478565,CHEMBL4520499,CL,mL.min-1.kg-1,=,7.5,CHEMBL612558,,"Clearance in Cynomolgus monkey at 0.3 mg/kg, iv",A,Cc1cn2cc(-c3cc(=O)n4cc(N5CCN(C)CC5)ccc4n3)cc(C)c2n1,7.5,mL.min-1.kg-1,species_only_monkey
19470945,CHEMBL4478565,CHEMBL4544881,CL,mL.min-1.kg-1,=,9.7,CHEMBL612558,,"Clearance in Cynomolgus monkey at 0.3 mg/kg, iv",A,Cc1cn2cc(-c3cc(=O)n4cc(N5CCN(C)CC5)ccc4n3)cc(F)c2n1,9.7,mL.min-1.kg-1,species_only_monkey
19470946,CHEMBL4478565,CHEMBL4459971,CL,mL.min-1.kg-1,=,5.0,CHEMBL612558,,"Clearance in Cynomolgus monkey at 0.3 mg/kg, iv",A,CCc1nc(C)cn2nc(-c3cc(=O)n4cc(C5CCN(C)CC5)cc(C)c4n3)cc12,5.0,mL.min-1.kg-1,species_only_monkey
19472292,CHEMBL4478879,CHEMBL4580214,CL,mL.min-1.kg-1,=,9.9,CHEMBL612558,,"Clearance in monkey at 1 mg/kg, iv through bolus administration",A,CC(C)(C)C#Cc1cc(N(CC(=O)N2CCOCC2)C(=O)[C@H]2CC[C@H](C)CC2)c(C(=O)O)s1,9.9,mL.min-1.kg-1,species_only_monkey
20609321,CHEMBL4605701,CHEMBL3986824,CL,mL.min-1.kg-1,=,9.667,CHEMBL612558,,"Clearance in monkey at 1 mg/kg, iv or 5 mg/kg, po",A,Nc1cncc(-c2cn3ccnc3c(Nc3ccc(N4CCN(C5COC5)CC4)cc3)n2)n1,9.667,mL.min-1.kg-1,species_only_monkey
20640775,CHEMBL4613029,CHEMBL4635331,CL,mL.min-1.kg-1,=,2.0,CHEMBL612558,,"Clearance in cynomolgus monkey at 0.5 mg/kg, iv",A,Cc1cc(C[C@@H](NC(=O)N2CCC3(CC2)OC(=O)Nc2ncccc23)C(=O)N[C@@H](CC2CCNCC2)C(=O)N2CCN(c3ccncc3)CC2)cc2cn[nH]c12,2.0,mL.min-1.kg-1,species_only_monkey
20653605,CHEMBL4616514,CHEMBL4303782,CL,mL.min-1.kg-1,=,11.7,CHEMBL612558,,"Clearance in monkey at 1 mg, iv administered as single dose measured after 0.083 to 24 hrs by LC-MS analysis",A,COc1cc2c(c(OC)n1)[C@]1(O)[C@H](O)[C@H](CN(C)C)[C@@H](c3ccccc3)[C@]1(c1ccc(C#N)cc1)O2,11.7,mL.min-1.kg-1,species_only_monkey
20654667,CHEMBL4616832,CHEMBL4297674,CL,mL.min-1.kg-1,=,9.4,CHEMBL612558,,"Clearance in monkey at 1 mg/kg, iv",A,CC#CC(=O)N[C@H]1CCCN(c2c(F)cc(C(N)=O)c3[nH]c(C)c(C)c23)C1,9.4,mL.min-1.kg-1,species_only_monkey
20657390,CHEMBL4617526,CHEMBL93,CL,mL.min-1.kg-1,=,14.0,CHEMBL612558,,Plasma clearance in iv dosed cynomolgus monkey,A,CC(c1cc2ccccc2s1)N(O)C(N)=O,14.0,mL.min-1.kg-1,species_only_monkey
20657393,CHEMBL4617526,CHEMBL86676,CL,mL.min-1.kg-1,=,2.0,CHEMBL612558,,Plasma clearance in iv dosed cynomolgus monkey,A,CC(/C=C/c1cccc(Oc2ccc(F)cc2)c1)N(O)C(N)=O,2.0,mL.min-1.kg-1,species_only_monkey
20657396,CHEMBL4617526,CHEMBL293743,CL,mL.min-1.kg-1,=,1.3,CHEMBL612558,,Plasma clearance in iv dosed cynomolgus monkey,A,CC(C#Cc1cccc(Oc2ccc(F)cc2)c1)N(O)C(N)=O,1.3,mL.min-1.kg-1,species_only_monkey
20657399,CHEMBL4617526,CHEMBL144028,CL,mL.min-1.kg-1,=,0.64,CHEMBL612558,,Plasma clearance in iv dosed cynomolgus monkey,A,CC(C#Cc1ccc(Cc2ccc(F)cc2)s1)N(O)C(N)=O,0.64,mL.min-1.kg-1,species_only_monkey
20660831,CHEMBL4618249,CHEMBL4644510,CL,mL.min-1.kg-1,=,56.0,CHEMBL612558,,"Clearance in cynomolgus monkey at 0.5 mg/kg, iv",A,COC(=O)Nc1ccc2c(c1)NC(=O)[C@H](C)CCC[C@H](N1CC[C@H](c3c(F)ccc(Cl)c3F)OC1=O)c1ncc-2[nH]1,56.0,mL.min-1.kg-1,species_only_monkey
20660930,CHEMBL4618275,CHEMBL4646133,CL,mL.min-1.kg-1,=,17.0,CHEMBL612558,,"Clearance in cynomolgus monkey at 0.48 mg/kg, iv",A,COC(=O)Nc1ccc2c(c1)NC(=O)[C@H](C)CCC[C@H](N1CCC(c3c(F)ccc(Cl)c3F)=CC1=O)c1cc-2ccn1.Cl,17.0,mL.min-1.kg-1,species_only_monkey
20661643,CHEMBL4618372,CHEMBL3187788,CL,mL.min-1.kg-1,=,0.2997,CHEMBL612558,,Intrinsic hepatic clearance in monkey,A,CC(O)(C#Cc1ccc2c(c1)N(c1nc(N)ncc1Cl)CC2)c1nccs1,0.2997,mL.min-1.kg-1,species_only_monkey
20661644,CHEMBL4618372,CHEMBL4645565,CL,mL.min-1.kg-1,=,0.1106,CHEMBL612558,,Intrinsic hepatic clearance in monkey,A,CC(O)(C#Cc1ccc(N2CCOCC2)c(Nc2ncnc3[nH]ccc23)c1)c1nccs1,0.1106,mL.min-1.kg-1,species_only_monkey
20663163,CHEMBL4618763,CHEMBL4647543,CL,mL.min-1.kg-1,=,4.6,CHEMBL612558,,Plasma clearance in iv dosed cynomolgus monkey,A,CCS(=O)(=O)N1CC(Oc2cncc(N3C(=O)c4ccc(Cl)cc4C3(C)C)c2)C1,4.6,mL.min-1.kg-1,species_only_monkey
20663180,CHEMBL4618763,CHEMBL4641359,CL,mL.min-1.kg-1,=,2.1,CHEMBL612558,,Plasma clearance in iv dosed cynomolgus monkey,A,Cn1cc(C(=O)N2CC3(C2)CN(c2cncc(N4C(=O)c5ccc(Cl)cc5C4(C)C)c2)C3)cn1,2.1,mL.min-1.kg-1,species_only_monkey
20664198,CHEMBL4618984,CHEMBL4634542,CL,mL.min-1.kg-1,=,1.1,CHEMBL612558,,"Clearance in cynomolgus monkey at 1 mg/kg, iv",A,C[C@H]1C[C@H](C(=O)O)CC[C@H]1C(=O)N1CC[C@@]2(S(=O)(=O)c3ccc(F)cc3)c3ccc(C(F)(C(F)(F)F)C(F)(F)F)cc3CC[C@@H]12,1.1,mL.min-1.kg-1,species_only_monkey
20664602,CHEMBL4619066,CHEMBL4647791,CL,mL.min-1.kg-1,=,4.167,CHEMBL612558,,Clearance in cynomolgus monkey at 1 mg/kg administered as iv infusion for 30 mins and measured after 24 hrs by ESI-LC/MS/MS analysis,A,Cc1nc2c(-c3nnc[nH]3)cc(-c3ccnc(C#N)c3)cc2n1-c1ccnc2c(F)ccc(F)c12,4.167,mL.min-1.kg-1,species_only_monkey
20664603,CHEMBL4619066,CHEMBL4470860,CL,mL.min-1.kg-1,=,2.167,CHEMBL612558,,Clearance in cynomolgus monkey at 1 mg/kg administered as iv infusion for 30 mins and measured after 24 hrs by ESI-LC/MS/MS analysis,A,Cc1nc2c(-c3nnc[nH]3)cc(-c3ccnc(N)c3F)cc2n1-c1ccnc2c(F)ccc(F)c12,2.167,mL.min-1.kg-1,species_only_monkey
20664614,CHEMBL4619072,CHEMBL4647791,CL,mL.min-1.kg-1,=,7.833,CHEMBL612558,,Clearance in rhesus monkey at 1 mg/kg administered as iv infusion for 30 mins and measured after 24 hrs by ESI-LC/MS/MS analysis,A,Cc1nc2c(-c3nnc[nH]3)cc(-c3ccnc(C#N)c3)cc2n1-c1ccnc2c(F)ccc(F)c12,7.833,mL.min-1.kg-1,species_only_monkey
20664615,CHEMBL4619072,CHEMBL4470860,CL,mL.min-1.kg-1,=,1.667,CHEMBL612558,,Clearance in rhesus monkey at 1 mg/kg administered as iv infusion for 30 mins and measured after 24 hrs by ESI-LC/MS/MS analysis,A,Cc1nc2c(-c3nnc[nH]3)cc(-c3ccnc(N)c3F)cc2n1-c1ccnc2c(F)ccc(F)c12,1.667,mL.min-1.kg-1,species_only_monkey
20665410,CHEMBL4619349,CHEMBL4649390,CL,mL.min-1.kg-1,=,5.8,CHEMBL612558,,"Clearance in cynomolgus monkey at 0.3 mg/kg, iv administered as single dose by LC-MS/MS analysis",A,O=C(CC12CCC(C(=O)O)(CC1)C2)N1CCc2c(n(Cc3ccc(F)cc3)c3ncccc23)C1,5.8,mL.min-1.kg-1,species_only_monkey
20665488,CHEMBL4619361,CHEMBL4447340,CL,mL.min-1.kg-1,=,17.0,CHEMBL612558,,Clearance in cynomolgus monkey,A,CC1=C(c2cccc(O)c2)[C@H](c2ccc(OCCN3CC(CF)C3)cc2)Oc2ccc(O)cc21,17.0,mL.min-1.kg-1,species_only_monkey
20665489,CHEMBL4619361,CHEMBL4649161,CL,mL.min-1.kg-1,=,13.0,CHEMBL612558,,Clearance in cynomolgus monkey,A,C[C@@H]1Cc2c([nH]c3ccccc23)[C@@H](c2c(F)cc(OC3CN(CCCF)C3)cc2F)N1CC(C)(C)F,13.0,mL.min-1.kg-1,species_only_monkey
20684956,CHEMBL4623882,CHEMBL4633566,CL,mL.min-1.kg-1,=,6.55,CHEMBL612558,,"Clearance in cynomolgus monkey at 1 mg/kg, iv by LC-MS/MS analysis",A,Cn1nccc1[C@H]1CCCC[C@@H]1Oc1cc(F)c(S(=O)(=O)Nc2ccncn2)cc1Cl,6.55,mL.min-1.kg-1,species_only_monkey
20687386,CHEMBL4624621,CHEMBL3658400,CL,mL.min-1.kg-1,=,4.46,CHEMBL612558,,"Clearance in monkey at 10 mg/kg, po",A,O=C(c1ccc2c(ccn2-c2ccc(F)cc2)c1)N1CC(N2CCN(C(=O)c3nccs3)CC2)C1,4.46,mL.min-1.kg-1,species_only_monkey
20697861,CHEMBL4627185,CHEMBL3544912,CL,mL.min-1.kg-1,=,5.0,CHEMBL612558,,"Total blood clearance in monkey blood at 0.5 mg/kg, iv",A,Cl.NC(=O)[C@@H]1CC[C@H](c2ccc(OCc3ccccc3F)cc2)N1,5.0,mL.min-1.kg-1,species_only_monkey
20714954,CHEMBL4630014,CHEMBL3689515,CL,mL.min-1.kg-1,=,12.67,CHEMBL612558,,"Clearance in monkey at 0.1 mg/kg, iv",A,N#CCC(=O)N1CCC12CCCN(c1ncnc3[nH]ccc13)C2,12.67,mL.min-1.kg-1,species_only_monkey
20714957,CHEMBL4630014,CHEMBL4297507,CL,mL.min-1.kg-1,=,4.833,CHEMBL612558,,"Clearance in monkey at 0.1 mg/kg, iv",A,C[C@H]1CN(C(=O)CC#N)[C@]12CCN(c1ncnc3[nH]ccc13)C2,4.833,mL.min-1.kg-1,species_only_monkey
20714958,CHEMBL4630014,CHEMBL3689516,CL,mL.min-1.kg-1,=,5.833,CHEMBL612558,,"Clearance in monkey at 0.1 mg/kg, iv",A,N#CCC(=O)N1CC(F)(F)C12CCN(c1ncnc3[nH]ccc13)C2,5.833,mL.min-1.kg-1,species_only_monkey
20717102,CHEMBL4630464,CHEMBL4637143,CL,mL.min-1.kg-1,=,3.7,CHEMBL612558,,"Clearance in cynomolgus monkey at 0.5 mg/kg, iv",A,C[C@H](c1ccc(Cl)cc1Cl)n1nc(C#N)c2ncc(N3CC([C@H]4CCCN(CCO)C4)C3)nc21,3.7,mL.min-1.kg-1,species_only_monkey
22388957,CHEMBL4666685,CHEMBL3827379,CL,mL.min-1.kg-1,=,1.9,CHEMBL612558,,Clearance in cynomolgus monkey,A,C=C(C)[C@@H]1CC[C@]2(NCCN3CCS(=O)(=O)CC3)CC[C@]3(C)[C@H](CC[C@@H]4[C@@]5(C)CC=C(c6ccc(C(=O)O)cc6)C(C)(C)[C@@H]5CC[C@]43C)[C@@H]12,1.9,mL.min-1.kg-1,species_only_monkey
22392917,CHEMBL4667465,CHEMBL4795177,CL,mL.min-1.kg-1,=,16.0,CHEMBL612558,,Plasma clearance in cynomolgus monkey,A,COc1nnc2sc(C(=O)NC3CN(c4ncc(C(F)(F)F)cn4)C3)c(N)c2c1C,16.0,mL.min-1.kg-1,species_only_monkey
22396927,CHEMBL4668707,CHEMBL4471306,CL,mL.min-1.kg-1,=,0.04167,CHEMBL612558,,"Clearance in monkey at 0.5 mg/kg, iv",A,C[C@H](Nc1cc(Cl)nc2c1cnn2[C@@H]1O[C@H](COP(=O)(O)CP(=O)(O)O)[C@@H](O)[C@H]1O)c1ccccc1F,0.04167,mL.min-1.kg-1,species_only_monkey
22396928,CHEMBL4668707,CHEMBL4761506,CL,mL.min-1.kg-1,=,0.02833,CHEMBL612558,,"Clearance in monkey at 0.5 mg/kg, iv",A,C[C@H](Nc1cc(Cl)nc2c1cnn2[C@@H]1O[C@H](COP(=O)(O)CP(=O)(O)O)[C@@H](O)[C@H]1O)c1ccc(F)cc1,0.02833,mL.min-1.kg-1,species_only_monkey
22396929,CHEMBL4668707,CHEMBL4743437,CL,mL.min-1.kg-1,=,0.04,CHEMBL612558,,"Clearance in monkey at 0.5 mg/kg, iv",A,C[C@H](Nc1nc(Cl)nc2c1cnn2[C@@H]1O[C@H](COP(=O)(O)CP(=O)(O)O)[C@@H](O)[C@H]1O)c1ccccc1,0.04,mL.min-1.kg-1,species_only_monkey
22397479,CHEMBL4668849,CHEMBL4794811,CL,mL.min-1.kg-1,=,0.9,CHEMBL612558,,"Clearance in cynomolgus monkey at 0.3 mg/kg, iv measured up to 72 hrs",A,Cc1nc(C)c(C(=O)Nc2ccc(F)c(-c3nc4ncc(-c5ncccc5C)cn4n3)c2)o1.Cl,0.9,mL.min-1.kg-1,species_only_monkey
22402085,CHEMBL4669953,CHEMBL4567446,CL,mL.min-1.kg-1,=,1.3,CHEMBL612558,,"Clearance in cynomolgus monkey plasma at 1 mg/kg, iv and measured up to 72 hrs by LC/MS-MS analysis",A,COc1cc(C(=O)N2CCC3(CC2)CC(=O)c2c(cnn2C(C)C)C3)cc(-c2ccc(C(=O)O)cc2)n1,1.3,mL.min-1.kg-1,species_only_monkey
22412361,CHEMBL4671722,CHEMBL4758823,CL,mL.min-1.kg-1,=,34.0,CHEMBL612558,,"Clearance in monkey at 0.5 mg/kg, iv and 2 mg/kg, po",A,CC1(C)C(=O)Nc2nc(-n3nc(CCC(F)(F)F)c4cc(Cl)ccc43)nc(N)c21,34.0,mL.min-1.kg-1,species_only_monkey
22423007,CHEMBL4674052,CHEMBL4764485,CL,mL.min-1.kg-1,=,2.19,CHEMBL612558,,Clearance in cynomolgus monkey,A,COc1cc(-c2ncc(COc3cccc([C@@H](CC(=O)O)C4CC4)c3)nc2CC(C)C)c(F)cn1,2.19,mL.min-1.kg-1,species_only_monkey
22431302,CHEMBL4676376,CHEMBL4747201,CL,mL.min-1.kg-1,=,300.0,CHEMBL612558,,Clearance in cynomolgus monkey,A,COc1ccc(-c2ccc3c(c2)COC3=O)n2nc(C3(C(=O)OCC(C)C)CC3)nc12,300.0,mL.min-1.kg-1,species_only_monkey
22432570,CHEMBL4676637,CHEMBL4790843,CL,mL.min-1.kg-1,=,8.0,CHEMBL612558,,"Clearance in cynomolgus monkey at 0.3 mg/kg, iv by LC-MS/MS analysis",A,CNC(=O)c1cn(C[C@H](F)CCc2ccc(NC(=O)Cc3cc(OC4CC(F)(F)C4)cc(C)n3)nn2)nn1.Cl.Cl,8.0,mL.min-1.kg-1,species_only_monkey
22436507,CHEMBL4677612,CHEMBL4745533,CL,mL.min-1.kg-1,=,60.16,CHEMBL612558,,Intrinsic hepatic clearance in monkey,A,CC(O)(C#Cc1ccc2nccc(-c3cn[nH]c3)c2c1)c1nccs1,60.16,mL.min-1.kg-1,species_only_monkey
22438931,CHEMBL4678043,CHEMBL4791626,CL,mL.min-1.kg-1,=,4.86,CHEMBL612558,,"Clearance in monkey at 0.5 mg/kg, iv",A,CN(C)CCn1cc2cc(NC(=O)c3cccc(C(F)(F)F)n3)c(C(C)(C)O)cc2n1,4.86,mL.min-1.kg-1,species_only_monkey
22441918,CHEMBL4678854,CHEMBL4462530,CL,mL.min-1.kg-1,=,19.0,CHEMBL612558,,"Clearance in cynomolgus monkey plasma at 0.46 umol/kg, iv administered over 0.25 hrs formulated as solution in DMA/PEG400/Tween80",A,CC(=O)N[C@@H]1CCC[C@H](C(=O)Nc2cc(-c3cnn4c3CC(C)(C)C4)c(Cl)cn2)C1,19.0,mL.min-1.kg-1,species_only_monkey
22448155,CHEMBL4679955,CHEMBL4786690,CL,mL.min-1.kg-1,=,12.0,CHEMBL612558,,"Clearance in cynomolgus monkey at 1 mg/kg, iv",A,C[C@@H](NC(=O)c1ccc(Cl)cc1)[C@H]1CC[C@@H](c2ccnc3ccc(F)cc32)CC1,12.0,mL.min-1.kg-1,species_only_monkey
22451695,CHEMBL4681180,CHEMBL3959509,CL,mL.min-1.kg-1,=,2.4,CHEMBL612558,,"Clearance in cynomolgus monkey at 0.5 mg/kg, po or 0.5 mg/kg, iv",A,O=C(O)C1CN(Cc2ccc3c(c2)CCc2c-3noc2-c2onc(-c3ccccc3)c2C(F)(F)F)C1,2.4,mL.min-1.kg-1,species_only_monkey
22455681,CHEMBL4681961,CHEMBL4746566,CL,mL.min-1.kg-1,=,0.9,CHEMBL612558,,"Clearance in cynomolgus monkey at 1 mg/kg, iv",A,CC(C)(Oc1ccc(-c2cnc(N)c(-c3ccc(Cl)cc3)c2)cc1)C(=O)O,0.9,mL.min-1.kg-1,species_only_monkey
22483025,CHEMBL4687940,CHEMBL4747746,CL,mL.min-1.kg-1,=,14.0,CHEMBL612558,,Clearance in rhesus monkey,A,CC(C)[C@@H](C)[C@@]1(C)CC[C@]2(C)[C@H]3CC[C@@H]4[C@@]5(COC[C@@]4(C)[C@@H](OC[C@](C)(N)C(C)C)[C@H](n4ncnc4-c4ccncc4)C5)C3=CC[C@@]2(C)[C@@H]1C(=O)O,14.0,mL.min-1.kg-1,species_only_monkey
22483026,CHEMBL4687940,CHEMBL4297513,CL,mL.min-1.kg-1,=,11.0,CHEMBL612558,,Clearance in rhesus monkey,A,CC(C)[C@@H](C)[C@@]1(C)CC[C@]2(C)[C@H]3CC[C@@H]4[C@@]5(COC[C@@]4(C)[C@@H](OC[C@](C)(N)C(C)(C)C)[C@H](n4ncnc4-c4ccncc4)C5)C3=CC[C@@]2(C)[C@@H]1C(=O)O,11.0,mL.min-1.kg-1,species_only_monkey
22756181,CHEMBL4700829,CHEMBL4209316,CL,mL.min-1.kg-1,=,31.3,CHEMBL612558,,"Clearance in cynomolgus monkey at 1 mg/kg, iv measured up to 24 hrs by LC-MS/MS analysis",A,CNc1nc(Nc2ccc(-n3cnc(C)n3)c(OC)c2)nc2c1CC[C@H]2c1ccc(F)cc1,31.3,mL.min-1.kg-1,species_only_monkey
22757278,CHEMBL4701135,CHEMBL4744041,CL,mL.min-1.kg-1,=,11.0,CHEMBL612558,,"Clearance in cynomolgus monkey at 1 mg/kg, iv",A,Cc1cc(-c2ccnc(Nc3cnn(C)c3)n2)ccc1CNC(=O)N1CC(OC(C)C)C1,11.0,mL.min-1.kg-1,species_only_monkey
22759073,CHEMBL4701626,CHEMBL4763134,CL,mL.min-1.kg-1,=,1.1,CHEMBL612558,,"Clearance in cynomolgus monkey at 1 mg/kg, iv",A,C[C@H]1C[C@H](C(=O)O)CC[C@H]1C(=O)N1CC[C@@]2(S(=O)(=O)c3ccccc3)c3cc(F)c(C(F)(C(F)(F)F)C(F)(F)F)cc3CC[C@@H]12,1.1,mL.min-1.kg-1,species_only_monkey
22760516,CHEMBL4701939,CHEMBL4650521,CL,mL.min-1.kg-1,=,6.0,CHEMBL612558,,"Clearance in cynomolgus monkey at 0.3 mg/kg, iv by LC-MS/MS analysis",A,C[C@@H]1OCC2(CCN(c3cnc(Sc4ccnc(N)c4Cl)c(N)n3)CC2)[C@@H]1N,6.0,mL.min-1.kg-1,species_only_monkey
22763382,CHEMBL4702831,CHEMBL139,CL,mL.min-1.kg-1,=,10.8,CHEMBL612558,,"Hepatic clearance in cynomolgus monkey at < 1 mg/kg, iv administered as cassette dosing",A,O=C(O)Cc1ccccc1Nc1c(Cl)cccc1Cl,10.8,mL.min-1.kg-1,species_only_monkey
22763383,CHEMBL4702831,CHEMBL521,CL,mL.min-1.kg-1,=,3.1,CHEMBL612558,,"Hepatic clearance in cynomolgus monkey at < 1 mg/kg, iv administered as cassette dosing",A,CC(C)Cc1ccc(C(C)C(=O)O)cc1,3.1,mL.min-1.kg-1,species_only_monkey
22763384,CHEMBL4702831,CHEMBL469,CL,mL.min-1.kg-1,=,1.2,CHEMBL612558,,"Hepatic clearance in cynomolgus monkey at < 1 mg/kg, iv administered as cassette dosing",A,O=C(c1ccccc1)c1ccc2n1CCC2C(=O)O,1.2,mL.min-1.kg-1,species_only_monkey
22763385,CHEMBL4702831,CHEMBL154,CL,mL.min-1.kg-1,=,0.27,CHEMBL612558,,"Hepatic clearance in cynomolgus monkey at < 1 mg/kg, iv administered as cassette dosing",A,COc1ccc2cc([C@H](C)C(=O)O)ccc2c1,0.27,mL.min-1.kg-1,species_only_monkey
22763386,CHEMBL4702831,CHEMBL957,CL,mL.min-1.kg-1,=,33.1,CHEMBL612558,,"Hepatic clearance in cynomolgus monkey at < 1 mg/kg, iv administered as cassette dosing",A,COc1ccccc1Oc1c(NS(=O)(=O)c2ccc(C(C)(C)C)cc2)nc(-c2ncccn2)nc1OCCO,33.1,mL.min-1.kg-1,species_only_monkey
22763387,CHEMBL4702831,CHEMBL1477,CL,mL.min-1.kg-1,=,19.7,CHEMBL612558,,"Hepatic clearance in cynomolgus monkey at < 1 mg/kg, iv administered as cassette dosing",A,COCc1c(C(C)C)nc(C(C)C)c(/C=C/[C@@H](O)C[C@@H](O)CC(=O)O)c1-c1ccc(F)cc1,19.7,mL.min-1.kg-1,species_only_monkey
22763388,CHEMBL4702831,CHEMBL258734,CL,mL.min-1.kg-1,=,26.3,CHEMBL612558,,"Hepatic clearance in cynomolgus monkey at < 1 mg/kg, iv administered as cassette dosing",A,CC(C)(C)OC(=O)N[C@H]1CCCCC/C=C\[C@@H]2C[C@@]2(C(=O)NS(=O)(=O)C2CC2)NC(=O)[C@@H]2C[C@@H](OC(=O)N3Cc4cccc(F)c4C3)CN2C1=O,26.3,mL.min-1.kg-1,species_only_monkey
22763389,CHEMBL4702831,CHEMBL550781,CL,mL.min-1.kg-1,=,1.4,CHEMBL612558,,"Hepatic clearance in cynomolgus monkey at < 1 mg/kg, iv administered as cassette dosing",A,CCCCCN(CCCOC)C(=O)[C@@H](CCC(=O)O)NC(=O)c1ccc(Cl)c(Cl)c1,1.4,mL.min-1.kg-1,species_only_monkey
22763390,CHEMBL4702831,CHEMBL138225,CL,mL.min-1.kg-1,=,1.5,CHEMBL612558,,"Hepatic clearance in cynomolgus monkey at < 1 mg/kg, iv administered as cassette dosing",A,CC(C)(C)NC(=O)[C@H]1CC[C@H]2[C@@H]3CC=C4C=C(C(=O)O)CC[C@]4(C)[C@H]3CC[C@]12C,1.5,mL.min-1.kg-1,species_only_monkey
22763391,CHEMBL4702831,CHEMBL1073,CL,mL.min-1.kg-1,=,0.24,CHEMBL612558,,"Hepatic clearance in cynomolgus monkey at < 1 mg/kg, iv administered as cassette dosing",A,Cc1cnc(C(=O)NCCc2ccc(S(=O)(=O)NC(=O)NC3CCCCC3)cc2)cn1,0.24,mL.min-1.kg-1,species_only_monkey
22763392,CHEMBL4702831,CHEMBL383634,CL,mL.min-1.kg-1,=,3.5,CHEMBL612558,,"Hepatic clearance in cynomolgus monkey at < 1 mg/kg, iv administered as cassette dosing",A,COc1ccc2c(c1)C(=O)N(CCc1ccc(S(=O)(=O)NC(=O)NC3CCCCC3)cc1)C(=O)C2(C)C,3.5,mL.min-1.kg-1,species_only_monkey
22763393,CHEMBL4702831,CHEMBL472,CL,mL.min-1.kg-1,=,5.8,CHEMBL612558,,"Hepatic clearance in cynomolgus monkey at < 1 mg/kg, iv administered as cassette dosing",A,COc1ccc(Cl)cc1C(=O)NCCc1ccc(S(=O)(=O)NC(=O)NC2CCCCC2)cc1,5.8,mL.min-1.kg-1,species_only_monkey
22763394,CHEMBL4702831,CHEMBL1207972,CL,mL.min-1.kg-1,=,19.5,CHEMBL612558,,"Hepatic clearance in cynomolgus monkey at < 1 mg/kg, iv administered as cassette dosing",A,O=C(O)c1cccc(Cc2cc(Cl)ccc2OCc2ccc(Cl)cc2F)n1,19.5,mL.min-1.kg-1,species_only_monkey
22763395,CHEMBL4702831,CHEMBL1513,CL,mL.min-1.kg-1,=,12.1,CHEMBL612558,,"Hepatic clearance in cynomolgus monkey at < 1 mg/kg, iv administered as cassette dosing",A,CCCCC1=NC2(CCCC2)C(=O)N1Cc1ccc(-c2ccccc2-c2nnn[nH]2)cc1,12.1,mL.min-1.kg-1,species_only_monkey
22763396,CHEMBL4702831,CHEMBL787,CL,mL.min-1.kg-1,=,1.3,CHEMBL612558,,"Hepatic clearance in cynomolgus monkey at < 1 mg/kg, iv administered as cassette dosing",A,CC(C)(O)c1ccccc1CC[C@@H](SCC1(CC(=O)O)CC1)c1cccc(/C=C/c2ccc3ccc(Cl)cc3n2)c1,1.3,mL.min-1.kg-1,species_only_monkey
22763397,CHEMBL4702831,CHEMBL1201753,CL,mL.min-1.kg-1,=,17.8,CHEMBL612558,,"Hepatic clearance in cynomolgus monkey at < 1 mg/kg, iv administered as cassette dosing",A,O=C(O)C[C@H](O)C[C@H](O)/C=C/c1c(C2CC2)nc2ccccc2c1-c1ccc(F)cc1,17.8,mL.min-1.kg-1,species_only_monkey
22763398,CHEMBL4702831,CHEMBL2325014,CL,mL.min-1.kg-1,=,1.8,CHEMBL612558,,"Hepatic clearance in cynomolgus monkey at < 1 mg/kg, iv administered as cassette dosing",A,Nc1[nH]ncc1-c1cc(Cl)ccc1Oc1cc(F)c(S(=O)(=O)Nc2cscn2)cc1Cl,1.8,mL.min-1.kg-1,species_only_monkey
22763399,CHEMBL4702831,CHEMBL4279521,CL,mL.min-1.kg-1,=,30.1,CHEMBL612558,,"Hepatic clearance in cynomolgus monkey at < 1 mg/kg, iv administered as cassette dosing",A,Cc1nn(-c2cnc(OCC(C)C)c(Cl)c2)c2ccc(C(=O)NS(C)(=O)=O)cc12,30.1,mL.min-1.kg-1,species_only_monkey
22763400,CHEMBL4702831,CHEMBL1272,CL,mL.min-1.kg-1,=,10.7,CHEMBL612558,,"Hepatic clearance in cynomolgus monkey at < 1 mg/kg, iv administered as cassette dosing",A,CCOc1cc(CC(=O)N[C@@H](CC(C)C)c2ccccc2N2CCCCC2)ccc1C(=O)O,10.7,mL.min-1.kg-1,species_only_monkey
22763401,CHEMBL4702831,CHEMBL1017,CL,mL.min-1.kg-1,=,9.2,CHEMBL612558,,"Hepatic clearance in cynomolgus monkey at < 1 mg/kg, iv administered as cassette dosing",A,CCCc1nc2c(C)cc(-c3nc4ccccc4n3C)cc2n1Cc1ccc(-c2ccccc2C(=O)O)cc1,9.2,mL.min-1.kg-1,species_only_monkey
22763402,CHEMBL4702831,CHEMBL282686,CL,mL.min-1.kg-1,=,0.135,CHEMBL612558,,"Hepatic clearance in cynomolgus monkey at < 1 mg/kg, iv administered as cassette dosing",A,CCO[C@@H](Cc1ccc(OCCc2ccc(OS(C)(=O)=O)cc2)cc1)C(=O)O,0.135,mL.min-1.kg-1,species_only_monkey
22763403,CHEMBL4702831,CHEMBL280481,CL,mL.min-1.kg-1,=,10.1,CHEMBL612558,,"Hepatic clearance in cynomolgus monkey at < 1 mg/kg, iv administered as cassette dosing",A,CN(C)C(=O)CCS[C@H](SCCC(=O)O)c1cccc(/C=C/c2ccc3ccc(Cl)cc3n2)c1,10.1,mL.min-1.kg-1,species_only_monkey
22763404,CHEMBL4702831,CHEMBL914,CL,mL.min-1.kg-1,=,6.0,CHEMBL612558,,"Hepatic clearance in cynomolgus monkey at < 1 mg/kg, iv administered as cassette dosing",A,CC(C)(C(=O)O)c1ccc(C(O)CCCN2CCC(C(O)(c3ccccc3)c3ccccc3)CC2)cc1,6.0,mL.min-1.kg-1,species_only_monkey
22763405,CHEMBL4702831,CHEMBL1951143,CL,mL.min-1.kg-1,=,23.0,CHEMBL612558,,"Hepatic clearance in cynomolgus monkey at < 1 mg/kg, iv administered as cassette dosing",A,CCCCc1nc(C)c(CC(=S)N(C)C)c(=O)n1Cc1ccc(-c2ccccc2-c2nnn[nH]2)cc1,23.0,mL.min-1.kg-1,species_only_monkey
22763406,CHEMBL4702831,CHEMBL1144,CL,mL.min-1.kg-1,=,34.6,CHEMBL612558,,"Hepatic clearance in cynomolgus monkey at < 1 mg/kg, iv administered as cassette dosing",A,CC[C@H](C)C(=O)O[C@H]1C[C@H](O)C=C2C=C[C@H](C)[C@H](CC[C@@H](O)C[C@@H](O)CC(=O)O)[C@H]21,34.6,mL.min-1.kg-1,species_only_monkey
22763407,CHEMBL4702831,CHEMBL1496,CL,mL.min-1.kg-1,=,27.9,CHEMBL612558,,"Hepatic clearance in cynomolgus monkey at < 1 mg/kg, iv administered as cassette dosing",A,CC(C)c1nc(N(C)S(C)(=O)=O)nc(-c2ccc(F)cc2)c1/C=C/[C@@H](O)C[C@@H](O)CC(=O)O,27.9,mL.min-1.kg-1,species_only_monkey
22763408,CHEMBL4702831,CHEMBL1069,CL,mL.min-1.kg-1,=,8.4,CHEMBL612558,,"Hepatic clearance in cynomolgus monkey at < 1 mg/kg, iv administered as cassette dosing",A,CCCCC(=O)N(Cc1ccc(-c2ccccc2-c2nnn[nH]2)cc1)[C@H](C(=O)O)C(C)C,8.4,mL.min-1.kg-1,species_only_monkey
22763495,CHEMBL4702836,CHEMBL1834206,CL,mL.min-1.kg-1,=,2.0,CHEMBL612558,,Hepatic clearance in cynomolgus monkey administered through oral dosing,A,O=C(O)[C@@H]1CCC[C@H]1C(=O)c1ccc(-c2ccc(Nc3nc4ccc(F)cc4s3)c(F)c2)cc1,2.0,mL.min-1.kg-1,species_only_monkey
22763496,CHEMBL4702836,CHEMBL3407547,CL,mL.min-1.kg-1,=,11.3,CHEMBL612558,,Hepatic clearance in cynomolgus monkey administered through oral dosing,A,COc1ccccc1[C@H](Cn1c(=O)n(C(C)(C)C(=O)O)c(=O)c2c(C)c(-c3ncco3)sc21)OC1CCOCC1,11.3,mL.min-1.kg-1,species_only_monkey
22763497,CHEMBL4702836,CHEMBL2103870,CL,mL.min-1.kg-1,=,0.72,CHEMBL612558,,Hepatic clearance in cynomolgus monkey administered through oral dosing,A,Cc1ccc(NC(=O)C2(c3ccc4c(c3)OC(F)(F)O4)CC2)nc1-c1cccc(C(=O)O)c1,0.72,mL.min-1.kg-1,species_only_monkey
22763498,CHEMBL4702836,CHEMBL4746805,CL,mL.min-1.kg-1,=,0.29,CHEMBL612558,,Hepatic clearance in cynomolgus monkey administered through oral dosing,A,Cc1cc(O[C@H](CCC(F)(F)F)c2ccc(C(=O)NCCC(=O)O)cc2)cc(C)c1-c1ccc(C(C)(C)C)cc1,0.29,mL.min-1.kg-1,species_only_monkey
22763499,CHEMBL4702836,CHEMBL3746388,CL,mL.min-1.kg-1,=,6.0,CHEMBL612558,,Hepatic clearance in cynomolgus monkey administered through oral dosing,A,Cn1cc(C(=O)O)c2ccc(N3CCC(OCc4c(-c5c(Cl)cccc5Cl)noc4C4CC4)CC3)cc21,6.0,mL.min-1.kg-1,species_only_monkey
22763500,CHEMBL4702836,CHEMBL1933350,CL,mL.min-1.kg-1,=,9.3,CHEMBL612558,,Hepatic clearance in cynomolgus monkey administered through oral dosing,A,CCC[C@H](c1ccc(C(=O)NCCC(=O)O)cc1)[C@H](c1ccc(Cl)cc1)c1c[nH]c2c(F)cc(C)cc12,9.3,mL.min-1.kg-1,species_only_monkey
22763501,CHEMBL4702836,CHEMBL4785223,CL,mL.min-1.kg-1,=,6.1,CHEMBL612558,,Hepatic clearance in cynomolgus monkey administered through oral dosing,A,Cc1ccc(S(=O)(=O)NCCc2ccc(Oc3ccc(F)c(F)c3)cc2)cc1C(=O)O,6.1,mL.min-1.kg-1,species_only_monkey
22763502,CHEMBL4702836,CHEMBL2165620,CL,mL.min-1.kg-1,=,21.2,CHEMBL612558,,Hepatic clearance in cynomolgus monkey administered through oral dosing,A,O=C(O)c1ccc(NC(=O)[C@H](CC2CCCC2)n2cnc(C(F)(F)F)c2)nc1,21.2,mL.min-1.kg-1,species_only_monkey
22768984,CHEMBL4703782,CHEMBL4777223,CL,mL.min-1.kg-1,=,20.6,CHEMBL612558,,"Clearance in monkey at 4 mg/kg, iv",A,COc1cccc2[nH]c(C(=O)N[C@@H](CC(C)C)C(=O)N[C@@H](C[C@@H]3CCNC3=O)C(=O)CO)cc12,20.6,mL.min-1.kg-1,species_only_monkey
22774444,CHEMBL4705234,CHEMBL4790764,CL,mL.min-1.kg-1,=,20.15,CHEMBL612558,,"Clearance in cynomolgus monkey at 0.5 mg/kg, iv by LC-MS/MS analysis",A,COc1ccc(C[C@@H]2NC(=O)[C@H]([C@@H](C)O)NC(=O)[C@@H]3CCCN3C(=O)[C@@H]3Cc4cn(c5ccc(F)cc45)Cc4cn(nn4)-c4cc(cc(c4)CSCCC(=O)N[C@@H](C)C(=O)N[C@H](C)C(=O)N[C@@H](Cc4c[nH]c5ccc(F)cc45)C(=O)N3)CSCCNC(=O)[C@]3(C)CCCN3C2=O)cc1,20.15,mL.min-1.kg-1,species_only_monkey
22775247,CHEMBL4705452,CHEMBL4781849,CL,mL.min-1.kg-1,=,30.6,CHEMBL612558,,Clearance in monkey liver,A,CC[C@@H](c1nc2cccc(F)c2c(=O)n1C1CC1)n1nc(-c2ccc(OC)c(F)c2)c2c(N)ncnc21,30.6,mL.min-1.kg-1,species_only_monkey
22813115,CHEMBL4714200,CHEMBL4742712,CL,mL.min-1.kg-1,=,6.0,CHEMBL612558,,"Clearance in cynomolgus monkey at 1 mg/kg, iv administered as bolus dose",A,O=C1CCC(N2Cc3cc(CNC(=O)C(F)(F)c4ccc(Cl)cc4)ccc3C2=O)C(=O)N1,6.0,mL.min-1.kg-1,species_only_monkey
22817538,CHEMBL4715134,CHEMBL4760466,CL,mL.min-1.kg-1,=,2.8,CHEMBL612558,,"Clearance in cynomolgus monkey at 1 mg/kg, iv",A,C[C@@](O)(CS(C)(=O)=O)C(=O)N[C@@H]1CC[C@@]2(S(=O)(=O)c3ccc(F)cc3)c3ccc(C(F)(C(F)(F)F)C(F)(F)F)nc3CC[C@@H]12,2.8,mL.min-1.kg-1,species_only_monkey
22818177,CHEMBL4715384,CHEMBL4778083,CL,mL.min-1.kg-1,=,23.0,CHEMBL612558,,"Clearance in monkey at 0.9 mg/kg, iv",A,Cn1cc(Nc2nn3c(C(F)(F)c4ccc5ncccc5c4)nnc3s2)cn1,23.0,mL.min-1.kg-1,species_only_monkey
22818815,CHEMBL4715672,CHEMBL4747709,CL,mL.min-1.kg-1,=,11.0,CHEMBL612558,,Clearance in rhesus monkey,A,CN[C@H](CNc1cc(F)c(S(=O)(=O)Nc2ncc(F)s2)cc1Cl)CC(C)(C)C.Cl,11.0,mL.min-1.kg-1,species_only_monkey
22845830,CHEMBL4721927,CHEMBL4649683,CL,mL.min-1.kg-1,=,0.4,CHEMBL612558,,"Clearance in cynomolgus monkey at 3 mg/kg, iv",A,Cc1cnc(-c2ccc(OC(F)(F)F)cc2)n1Cc1ccccc1OCCC[C@@H](C)CC(=O)O,0.4,mL.min-1.kg-1,species_only_monkey
22876479,CHEMBL4725942,CHEMBL4786078,CL,mL.min-1.kg-1,=,13.5,CHEMBL612558,,"Clearance in cynomolgus monkey at 1 mg/kg, iv",A,Cc1cc(CNC(=O)c2nc3n(c(=O)c2O)CC2CCC3(NC(=O)C(=O)N(C)C)CC2)ccc1F,13.5,mL.min-1.kg-1,species_only_monkey
22876684,CHEMBL4726003,CHEMBL4784510,CL,mL.min-1.kg-1,=,12.0,CHEMBL612558,,"Total clearance in cynomolgus monkey at 1 mg/kg, iv by LC-MS/MS analysis",A,COc1cc(F)c([C@@H]2CNC(=O)[C@H]2NC(=O)Nc2ccccc2)c(F)c1,12.0,mL.min-1.kg-1,species_only_monkey
22876867,CHEMBL4726061,CHEMBL4594258,CL,mL.min-1.kg-1,=,103.33,CHEMBL612558,,"Clearance in cynomolgus monkey at 0.1 mg/kg, iv administered as 30 mins infusion by HPLC-MS analysis",A,CCCC[C@](C)(CO)Nc1nc(N)nc2cc(F)cnc12,103.33,mL.min-1.kg-1,species_only_monkey
22882690,CHEMBL4727397,CHEMBL4793710,CL,mL.min-1.kg-1,=,4.0,CHEMBL612558,,Clearance in rhesus monkey,A,CC(C)[C@@H](C)[C@@]1(C)CC[C@]2(C)[C@H]3CC[C@@H]4[C@@]5(COC[C@]4(C)[C@@H](OC[C@](C)(N)C(C)(C)C)[C@H](n4ncnc4C(N)=O)C5)C3=CC[C@@]2(C)[C@@H]1C(=O)O,4.0,mL.min-1.kg-1,species_only_monkey
22888990,CHEMBL4728877,CHEMBL4779889,CL,mL.min-1.kg-1,=,9.0,CHEMBL612558,,"Clearance in monkey at 0.1 mg/kg, iv by LC-MS/MS analysis",A,Cn1c(=O)n(CC(=O)N2CCC2)c2cc(-c3ccc(C(F)(F)F)s3)cnc21,9.0,mL.min-1.kg-1,species_only_monkey
22889411,CHEMBL4728959,CHEMBL4759047,CL,mL.min-1.kg-1,=,1.2,CHEMBL612558,,"Clearance in cynomolgus monkey at 0.3 mg/kg, iv and measured up to 24 hrs by LC-MS/MS analysis",A,Nc1nccc(COc2ccc3nc(N[C@@H]4CCCC[C@H]4O)sc3c2)c1Cl,1.2,mL.min-1.kg-1,species_only_monkey
22889412,CHEMBL4728959,CHEMBL4748740,CL,mL.min-1.kg-1,=,7.2,CHEMBL612558,,"Clearance in cynomolgus monkey at 0.3 mg/kg, iv and measured up to 24 hrs by LC-MS/MS analysis",A,COc1cc(OCc2ccnc(Nc3cnn(C)c3)n2)cc2sc(N[C@H]3CCCC[C@@H]3O)nc12,7.2,mL.min-1.kg-1,species_only_monkey
22897362,CHEMBL4730834,CHEMBL4761518,CL,mL.min-1.kg-1,=,8.4,CHEMBL612558,,"Clearance in cynomolgus monkey at 3 mg/kg, iv",A,C=CC(=O)N[C@H]1COC[C@H]1Nc1ncc2cc(-c3c(Cl)c(OC)cc(OC)c3Cl)c(=O)n(C)c2n1,8.4,mL.min-1.kg-1,species_only_monkey
22921361,CHEMBL4736714,CHEMBL4762011,CL,mL.min-1.kg-1,=,7.4,CHEMBL612558,,"Clearance in cynomolgus monkey at 1 mg/kg, iv",A,CCOCCC[C@H]1CCc2cc([C@H]3CC[C@](N)(CO)C3)ccc2C1,7.4,mL.min-1.kg-1,species_only_monkey
22921362,CHEMBL4736714,CHEMBL4785629,CL,mL.min-1.kg-1,=,9.7,CHEMBL612558,,"Clearance in cynomolgus monkey at 1 mg/kg, iv",A,COCCCCC[C@@H]1CCc2cc([C@H]3CC[C@](N)(CO)C3)ccc2C1,9.7,mL.min-1.kg-1,species_only_monkey
22949847,CHEMBL4765890,CHEMBL3928926,CL,mL.min-1.kg-1,=,1.667,CHEMBL612558,,"Clearance in cynomolgus monkey at 1 mg/kg, iv",A,C[C@H](Nc1nc(N)nc(N)c1C#N)c1nc2cccc(Cl)c2c(=O)n1-c1cccnc1,1.667,mL.min-1.kg-1,species_only_monkey
22949927,CHEMBL4765922,CHEMBL3928407,CL,mL.min-1.kg-1,=,6.833,CHEMBL612558,,"Clearance in cynomolgus monkey at 1 mg/kg, iv measured over 24 hrs by LC/MS/MS analysis",A,N#Cc1c(N)nc(N)nc1N[C@H](c1nc2c(F)ccc(Cl)c2c(=O)n1-c1cccnc1)C1CC1,6.833,mL.min-1.kg-1,species_only_monkey
22949931,CHEMBL4765926,CHEMBL3928407,CL,mL.min-1.kg-1,=,11.67,CHEMBL612558,,"Clearance in rhesus monkey at 1 mg/kg, iv measured over 24 hrs by LC/MS/MS analysis",A,N#Cc1c(N)nc(N)nc1N[C@H](c1nc2c(F)ccc(Cl)c2c(=O)n1-c1cccnc1)C1CC1,11.67,mL.min-1.kg-1,species_only_monkey
22950149,CHEMBL4766011,CHEMBL3707392,CL,mL.min-1.kg-1,=,1.833,CHEMBL612558,,Clearance in iv dosed cynomolgus monkey,A,O=C1c2cc(-c3ccc(OC(F)(F)F)cc3)ccc2OCCN1Cc1ncccn1,1.833,mL.min-1.kg-1,species_only_monkey
22951580,CHEMBL4766449,CHEMBL4788580,CL,mL.min-1.kg-1,=,0.001,CHEMBL612558,,"Clearance in rhesus monkey at 1 mg/kg, po or 0.5 mg/kg, iv",A,CC(C)(NC(=O)c1cnc(-n2cccn2)nc1O)c1ccccc1,0.001,mL.min-1.kg-1,species_only_monkey
22951613,CHEMBL4766478,CHEMBL4783524,CL,mL.min-1.kg-1,=,0.15,CHEMBL612558,,"Plasma clearance in rhesus monkey at 1 mg/kg, po or 0.5 mg/kg, iv",A,COc1ccc(C(NC(=O)c2cnc(-c3cccnn3)nc2O)c2ccc(OC)cc2)cc1,0.15,mL.min-1.kg-1,species_only_monkey
22953930,CHEMBL4767232,CHEMBL4649457,CL,mL.min-1.kg-1,=,3.8,CHEMBL612558,,"Clearance in cynomolgus monkey at 1 mg/kg, iv",A,COc1ccccc1CC[C@@H]1CCc2cc([C@H]3CC[C@](N)(CO)C3)ccc2C1,3.8,mL.min-1.kg-1,species_only_monkey
22991225,CHEMBL4775216,CHEMBL2105735,CL,mL.min-1.kg-1,=,19.5,CHEMBL612558,,"Clearance in cynomolgus monkey at 3 mg/kg, po or 1 mg/kg, iv",A,C=C[C@@H]1C[C@]1(NC(=O)[C@@H]1C[C@@H](Oc2ncc(OC)c3ccc(Cl)cc23)CN1C(=O)[C@@H](NC(=O)OC(C)(C)C)C(C)(C)C)C(=O)NS(=O)(=O)C1CC1,19.5,mL.min-1.kg-1,species_only_monkey
22991226,CHEMBL4775216,CHEMBL4779370,CL,mL.min-1.kg-1,=,5.5,CHEMBL612558,,"Clearance in cynomolgus monkey at 3 mg/kg, po or 1 mg/kg, iv",A,CC[C@@H]1C[C@H](C)CC/C=C\[C@@H]2C[C@@]2(C(=O)NS(=O)(=O)C2(C)CC2)NC(=O)[C@@H]2C[C@@H](Oc3ncc(OC)c4ccc(F)cc34)CN2C(=O)[C@H]1NC(=O)OC(C)(C)C(F)(F)F,5.5,mL.min-1.kg-1,species_only_monkey
22991227,CHEMBL4775216,CHEMBL4787795,CL,mL.min-1.kg-1,=,9.3,CHEMBL612558,,"Clearance in cynomolgus monkey at 3 mg/kg, po or 1 mg/kg, iv",A,CC[C@@H]1C[C@H](C)CC/C=C\[C@@H]2C[C@@]2(C(=O)NS(=O)(=O)C2(C)CC2)NC(=O)[C@@H]2C[C@@H](Oc3nccc4cc(OC)c(F)cc34)CN2C(=O)[C@H]1NC(=O)OC(C)(C)C(F)(F)F,9.3,mL.min-1.kg-1,species_only_monkey
22991228,CHEMBL4775216,CHEMBL4800520,CL,mL.min-1.kg-1,=,12.1,CHEMBL612558,,"Clearance in cynomolgus monkey at 3 mg/kg, po or 1 mg/kg, iv",A,[2H]C([2H])([2H])Oc1cc2ccnc(O[C@@H]3C[C@H]4C(=O)N[C@]5(C(=O)NS(=O)(=O)C6(C)CC6)C[C@H]5/C=C\CC[C@@H](C)C[C@@H](CC)[C@H](NC(=O)OC(C)(C)C(F)(F)F)C(=O)N4C3)c2cc1F,12.1,mL.min-1.kg-1,species_only_monkey
22992596,CHEMBL4775547,CHEMBL4789639,CL,mL.min-1.kg-1,=,2.3,CHEMBL612558,,"Clearance in cynomolgus monkey at 7 mg/kg, po",A,[2H]C([2H])([2H])NC(=O)c1cnc(NC(=O)C2CC2)cc1Nc1cccc(-c2ncc(F)cn2)c1OC,2.3,mL.min-1.kg-1,species_only_monkey
22994927,CHEMBL4775894,CHEMBL4785210,CL,mL.min-1.kg-1,=,0.6667,CHEMBL612558,,"Clearance in Cynomolgus monkey at 1 mg/kg, iv",A,C[C@H](O)CNC(=O)c1ncc(S(=O)(=O)c2ccc(OC(F)(F)F)cc2)cc1N,0.6667,mL.min-1.kg-1,species_only_monkey
22994929,CHEMBL4775896,CHEMBL4785210,CL,mL.min-1.kg-1,=,21.67,CHEMBL612558,,"Unbound clearance in Cynomolgus monkey at 1 mg/kg, iv",A,C[C@H](O)CNC(=O)c1ncc(S(=O)(=O)c2ccc(OC(F)(F)F)cc2)cc1N,21.67,mL.min-1.kg-1,species_only_monkey
23157606,CHEMBL4811918,CHEMBL3916243,CL,mL.min-1.kg-1,=,16.3,CHEMBL612558,,"Clearance in cynomolgus monkey at 0.3 mg/kg, iv",A,C[C@@]1(c2cc(NC(=O)c3ccc(C#N)cn3)ccc2F)C=CSC(N)=N1,16.3,mL.min-1.kg-1,species_only_monkey
23200971,CHEMBL4820849,CHEMBL4761772,CL,mL.min-1.kg-1,=,2.7,CHEMBL612558,,"Clearance in cynomolgus monkey at 1 mg/kg, iv",A,CC(C)(O)C(=O)N[C@@H]1CC[C@@]2(S(=O)(=O)c3ccc(F)cc3)c3ccc(C(F)(C(F)(F)F)C(F)(F)F)cc3CC[C@@H]12,2.7,mL.min-1.kg-1,species_only_monkey
23200972,CHEMBL4820849,CHEMBL4871326,CL,mL.min-1.kg-1,=,1.1,CHEMBL612558,,"Clearance in cynomolgus monkey at 1 mg/kg, iv",A,C[C@H]1C[C@H](C(=O)O)CC[C@H]1NN1CC[C@@]2(S(=O)(=O)c3ccc(F)cc3)c3ccc(C(F)(C(F)(F)F)C(F)(F)F)cc3CC[C@@H]12,1.1,mL.min-1.kg-1,species_only_monkey
23214920,CHEMBL4823174,CHEMBL4867615,CL,mL.min-1.kg-1,=,20.67,CHEMBL612558,,Clearance in cynomolgus monkey,A,O=C(OCC12CCN(CC1)CC2)N1CCc2ccccc2[C@H]1c1ccc(F)cc1,20.67,mL.min-1.kg-1,species_only_monkey
23217174,CHEMBL4823987,CHEMBL4065616,CL,mL.min-1.kg-1,=,32.0,CHEMBL612558,,"Clearance in cynomolgus monkey at 10 mg/kg, iv after 30 mins by LC-MS/MS analysis",A,CCC(CC)COC(=O)[C@H](C)N[P@](=O)(OC[C@H]1O[C@@](C#N)(c2ccc3c(N)ncnn23)[C@H](O)[C@@H]1O)Oc1ccccc1,32.0,mL.min-1.kg-1,species_only_monkey
23217338,CHEMBL4824014,CHEMBL4065616,CL,mL.min-1.kg-1,=,35.5,CHEMBL612558,,"Clearance in African green monkey at 10 mg/kg, iv after 30 mins by LC-MS/MS analysis",A,CCC(CC)COC(=O)[C@H](C)N[P@](=O)(OC[C@H]1O[C@@](C#N)(c2ccc3c(N)ncnn23)[C@H](O)[C@@H]1O)Oc1ccccc1,35.5,mL.min-1.kg-1,species_only_monkey
23217343,CHEMBL4824019,CHEMBL2016757,CL,mL.min-1.kg-1,=,9.333,CHEMBL612558,,"Clearance in cynomolgus monkey at 20 mg/kg, iv after 30 mins by LC-MS/MS analysis",A,N#C[C@@]1(c2ccc3c(N)ncnn23)O[C@H](CO)[C@@H](O)[C@H]1O,9.333,mL.min-1.kg-1,species_only_monkey
23222354,CHEMBL4824914,CHEMBL4848094,CL,mL.min-1.kg-1,=,29.0,CHEMBL612558,,"Clearance in cynomolgus monkey at 1 mg/kg, iv",A,CC[C@@H](NC(=O)c1ccc(OC)nc1)[C@H]1CC[C@@H](c2ccnc(OC)c2C(F)F)CC1,29.0,mL.min-1.kg-1,species_only_monkey
23225181,CHEMBL4825354,CHEMBL3949501,CL,mL.min-1.kg-1,=,42.83,CHEMBL612558,,"Clearance in cynomolgus monkey at 0.5 mg/kg, po or 0.2 mg/kg, iv",A,NC(=O)c1c(N)ncnc1N1CCC(c2nc(-c3ccc(F)c(C(F)(F)F)c3)cn2CCN2CCC2)CC1,42.83,mL.min-1.kg-1,species_only_monkey
23233043,CHEMBL4827397,CHEMBL4650316,CL,mL.min-1.kg-1,=,19.0,CHEMBL612558,,"Total clearance in cynomolgus monkey at 1 mg/kg, iv or po measured after 0.033 to 24 hrs by LC/MS/MS analysis",A,C[C@@H]1Cc2c([nH]c3ccccc23)[C@@H](c2c(F)cc(NC3CN(CCCF)C3)cc2F)N1CC(F)(F)CO,19.0,mL.min-1.kg-1,species_only_monkey
23234254,CHEMBL4827652,CHEMBL4871014,CL,mL.min-1.kg-1,=,9.3,CHEMBL612558,,"Clearance in cynomolgus monkey at 0.2 mg/kg, iv",A,C[C@@H](c1ccc2ccc(O[C@H]3CC[C@@H](C(F)(F)F)CC3)c(C(F)(F)F)c2c1)N1C2CCC1CC(C(=O)O)C2,9.3,mL.min-1.kg-1,species_only_monkey
23251961,CHEMBL4831289,CHEMBL4871106,CL,mL.min-1.kg-1,=,15.0,CHEMBL612558,,Clearance in cynomolgus monkey,A,NC(=O)c1cccc2c(N[C@H](CN3CCC3)c3ccc(Cl)c(C(F)(F)F)c3)ncnc12,15.0,mL.min-1.kg-1,species_only_monkey
23263389,CHEMBL4833527,CHEMBL4847050,CL,mL.min-1.kg-1,=,11.25,CHEMBL612558,,"Clearance in cynomolgus monkey at 1 mg/kg, iv",A,CCc1nc(-c2ccc3c(c2)CC[C@H]3NC(=O)c2cnn(C)c2)no1,11.25,mL.min-1.kg-1,species_only_monkey
23277053,CHEMBL4836423,CHEMBL4854493,CL,mL.min-1.kg-1,=,8.0,CHEMBL612558,,"Clearance in cynomolgus monkey at 0.482 mg/kg, iv",A,O=S(=O)(CC1CCOCC1)Nc1ccc(-c2ccc(F)cc2N2CCCCC2)nn1,8.0,mL.min-1.kg-1,species_only_monkey
23282366,CHEMBL4837542,CHEMBL571209,CL,mL.min-1.kg-1,=,10.2,CHEMBL612558,,"Clearance in female cynomolgus monkey at 15 mg/kg, iv measured on day 1",A,Cn1cc(C[C@@H](N)C(=O)O)c2ccccc21,10.2,mL.min-1.kg-1,species_only_monkey
23301234,CHEMBL4842067,CHEMBL4594419,CL,mL.min-1.kg-1,=,16.0,CHEMBL612558,,"Clearance in cynomolgus monkey at 1 mg/kg, iv",A,CC(=O)N[C@@H]1C[C@H](NC(C)(C)C)CC[C@@H]1N1CC[C@H](Nc2ncnc3cc(C(C)(C)C)nn23)C1=O,16.0,mL.min-1.kg-1,species_only_monkey
23309374,CHEMBL4843670,CHEMBL4873397,CL,mL.min-1.kg-1,=,0.39,CHEMBL612558,,"Plasma clearance in rhesus monkey at 0.5 mg/kg, iv",A,COc1ncc(-c2ccc(C(=O)O)cc2C)cc1-c1ccc(C(F)(F)F)cc1[C@@H]1CC[C@H]2[C@@H](c3cc(C(F)(F)F)cc(C(F)(F)F)c3)OC(=O)N12,0.39,mL.min-1.kg-1,species_only_monkey
23312837,CHEMBL4844494,CHEMBL5189739,CL,mL.min-1.kg-1,=,30.0,CHEMBL612558,,"Clearance in monkey at 2.5 mg/kg, iv",A,N#Cc1cccc([C@@H](NCC2CC2)c2ccc(F)c(NC(=O)c3cc(C(F)(F)F)nn3-c3cccc(CN)c3)c2)c1,30.0,mL.min-1.kg-1,species_only_monkey
23312838,CHEMBL4844495,CHEMBL5189739,CL,mL.min-1.kg-1,=,73.0,CHEMBL612558,,"Clearance in monkey at 25 mg/kg, po",A,N#Cc1cccc([C@@H](NCC2CC2)c2ccc(F)c(NC(=O)c3cc(C(F)(F)F)nn3-c3cccc(CN)c3)c2)c1,73.0,mL.min-1.kg-1,species_only_monkey
23315915,CHEMBL4845203,CHEMBL4297600,CL,mL.min-1.kg-1,=,13.0,CHEMBL612558,,"Clearance in cynomolgus monkey at 3 mg/kg, po administered as single dose measured up to 24 hrs by HPLC analysis",A,NC(=O)c1ccn(-c2cnc(NC[C@]3(c4ncccc4F)C[C@H](F)C3)nc2)c1,13.0,mL.min-1.kg-1,species_only_monkey
24343777,CHEMBL5030027,CHEMBL3647052,CL,mL.min-1.kg-1,=,12.4,CHEMBL612558,,"Clearance in rhesus monkey plasma at 0.5 mg/kg, iv",A,C[C@H]1CC[C@H](Cn2c(N3CCO[C@@H]4CCC[C@H]43)nc3cc(-c4noc(=O)[nH]4)nc(-c4cncc(Cl)c4)c32)CC1,12.4,mL.min-1.kg-1,species_only_monkey
24365817,CHEMBL5035804,CHEMBL5091040,CL,mL.min-1.kg-1,=,19.6,CHEMBL612558,,"Clearance in cynomolgus monkey at 1 mg/kg, iv measured upto 72 hrs by LC-MS/MS analysis",A,COc1ccc(C[C@@H]2NC(=O)[C@H]([C@@H](C)OC)NC(=O)[C@@H]3[C@@H]4CCN3C(=O)[C@H](Cc3c[nH]c5ccc(F)cc35)NC(=O)[C@H](Cc3cccc(c3)C/C=C/CO4)NC(=O)[C@@H](C)NC(=O)[C@H](C)NC(=O)CCSCc3cccc(c3)CSCCNC(=O)[C@]3(C)CCCN3C2=O)cc1,19.6,mL.min-1.kg-1,species_only_monkey
24365856,CHEMBL5035823,CHEMBL5084416,CL,mL.min-1.kg-1,=,1.4,CHEMBL612558,,"Clearance in cynomolgus monkey at 0.2 mg/kg, iv measured upto 72 hrs by LC-MS/MS analysis",A,COc1ccc(C[C@@H]2NC(=O)[C@H]([C@@H](C)O)NC(=O)[C@@H]3[C@@H]4CCN3C(=O)[C@@H]3Cc5cn(c6ccc(F)cc56)Cc5cn(nn5)-c5cc(cc(c5)CSCCC(=O)N[C@@H](CNC(=O)CCOCCOCC[N+](C)(C)C)C(=O)N[C@H](C)C(=O)N[C@@H](Cc5cccc(c5)C/C=C/CO4)C(=O)N3)CSCCNC(=O)[C@]3(C)CCCN3C2=O)cc1,1.4,mL.min-1.kg-1,species_only_monkey
24365857,CHEMBL5035823,CHEMBL5081349,CL,mL.min-1.kg-1,=,2.7,CHEMBL612558,,"Clearance in cynomolgus monkey at 0.2 mg/kg, iv measured upto 72 hrs by LC-MS/MS analysis",A,COc1ccc(C[C@@H]2NC(=O)[C@H]([C@@H](C)O)NC(=O)[C@@H]3[C@@H]4CCN3C(=O)[C@@H]3Cc5cn(c6ccc(F)cc56)Cc5cn(nn5)-c5cc(cc(c5)CSCCC(=O)N[C@@H](C)C(=O)N[C@H](CNC(=O)CCOCCOCC[N+](C)(C)C)C(=O)N[C@@H](Cc5cccc(c5)C/C=C/CO4)C(=O)N3)CSCCNC(=O)[C@]3(C)CCCN3C2=O)cc1,2.7,mL.min-1.kg-1,species_only_monkey
24365864,CHEMBL5035827,CHEMBL5084416,CL,mL.min-1.kg-1,=,5.8,CHEMBL612558,,"Unbound clearance in cynomolgus monkey at 0.2 mg/kg, iv measured upto 72 hrs by LC-MS/MS analysis",A,COc1ccc(C[C@@H]2NC(=O)[C@H]([C@@H](C)O)NC(=O)[C@@H]3[C@@H]4CCN3C(=O)[C@@H]3Cc5cn(c6ccc(F)cc56)Cc5cn(nn5)-c5cc(cc(c5)CSCCC(=O)N[C@@H](CNC(=O)CCOCCOCC[N+](C)(C)C)C(=O)N[C@H](C)C(=O)N[C@@H](Cc5cccc(c5)C/C=C/CO4)C(=O)N3)CSCCNC(=O)[C@]3(C)CCCN3C2=O)cc1,5.8,mL.min-1.kg-1,species_only_monkey
24365865,CHEMBL5035827,CHEMBL5081349,CL,mL.min-1.kg-1,=,10.6,CHEMBL612558,,"Unbound clearance in cynomolgus monkey at 0.2 mg/kg, iv measured upto 72 hrs by LC-MS/MS analysis",A,COc1ccc(C[C@@H]2NC(=O)[C@H]([C@@H](C)O)NC(=O)[C@@H]3[C@@H]4CCN3C(=O)[C@@H]3Cc5cn(c6ccc(F)cc56)Cc5cn(nn5)-c5cc(cc(c5)CSCCC(=O)N[C@@H](C)C(=O)N[C@H](CNC(=O)CCOCCOCC[N+](C)(C)C)C(=O)N[C@@H](Cc5cccc(c5)C/C=C/CO4)C(=O)N3)CSCCNC(=O)[C@]3(C)CCCN3C2=O)cc1,10.6,mL.min-1.kg-1,species_only_monkey
24365987,CHEMBL5035848,CHEMBL5072201,CL,mL.min-1.kg-1,=,17.0,CHEMBL612558,,"Plasma clearance in Cynomolgus monkey at 3 mg/kg, po or 1 mg/kg, iv measured up to 24 hrs by LC-MS/MS analysis",A,Cc1nc(-c2nnn(C)c2COC(=O)N(C)CC2CCC2)ccc1O[C@H]1CCC[C@H](C(=O)O)C1,17.0,mL.min-1.kg-1,species_only_monkey
24365988,CHEMBL5035848,CHEMBL5087506,CL,mL.min-1.kg-1,=,2.0,CHEMBL612558,,"Plasma clearance in Cynomolgus monkey at 3 mg/kg, po or 1 mg/kg, iv measured up to 24 hrs by LC-MS/MS analysis",A,CCCN(C)C(=O)OCc1c(-c2ccc(O[C@H]3CCC[C@H](C(=O)O)C3)c(C)n2)nnn1C,2.0,mL.min-1.kg-1,species_only_monkey
24375402,CHEMBL5036998,CHEMBL4650318,CL,mL.min-1.kg-1,=,18.0,CHEMBL612558,,"Clearance in cynomolgus monkey plasma at 10 mg/kg, po or 0.1 mg/kg, iv after 48 hrs by LC-MS/MS analysis",A,COc1nc(C(=O)NC[C@](C)(O)C(F)(F)F)c(N)cc1C(F)(F)F,18.0,mL.min-1.kg-1,species_only_monkey
24375404,CHEMBL5037000,CHEMBL4650318,CL,mL.min-1.kg-1,=,20.2,CHEMBL612558,,"Clearance in cynomolgus monkey blood at 10 mg/kg, po or 0.1 mg/kg, iv after 48 hrs by LC-MS/MS analysis",A,COc1nc(C(=O)NC[C@](C)(O)C(F)(F)F)c(N)cc1C(F)(F)F,20.2,mL.min-1.kg-1,species_only_monkey
24385892,CHEMBL5039928,CHEMBL3913475,CL,mL.min-1.kg-1,=,0.0583,CHEMBL612558,,"Clearance in rhesus monkey at 2 mg/kg, po or 1 mg/kg, iv",A,CC1=C(N2CCC3(CCN(C[C@H](O)c4ccc5c(c4C)COC5=O)CC3)C2=O)COC1=O,0.0583,mL.min-1.kg-1,species_only_monkey
24387436,CHEMBL5040333,CHEMBL4112929,CL,mL.min-1.kg-1,=,10.3,CHEMBL612558,,"Clearance in cynomolgus monkey at 1.50 mg/kg, po or 0.50 mg/kg, iv",A,C[C@@H]1CCC[C@H](n2cnc(-c3cc(Cl)ccc3-n3cc(Cl)nn3)cc2=O)c2cc(ccn2)-c2c(cnn2C(F)F)NC1=O,10.3,mL.min-1.kg-1,species_only_monkey
24398713,CHEMBL5043262,CHEMBL5083772,CL,mL.min-1.kg-1,=,18.0,CHEMBL612558,,"Clearance in cynomolgus monkey at 1 mg/kg, iv",A,Cn1cc(Nc2nccc(-c3ccc4c(c3)CN(C3COC3)CC[C@H]4NC(=O)c3cn(C(C)(C)C)nn3)n2)cn1,18.0,mL.min-1.kg-1,species_only_monkey
24402694,CHEMBL5044126,CHEMBL5075047,CL,mL.min-1.kg-1,=,486.0,CHEMBL612558,,"Intrinsic clearance in Rhesus monkey at 0.1 mg/kg, iv by LC-MS/MS analysis",A,Cc1c(Nc2ncc3cc(Cl)c(C4CCN([C@@H]5COC[C@@H]5O)CC4)cc3n2)cnn1[C@@H]1CC1(F)F,486.0,mL.min-1.kg-1,species_only_monkey
24402905,CHEMBL5044167,CHEMBL5076397,CL,mL.min-1.kg-1,=,21.0,CHEMBL612558,,"Total plasma clearance in Rhesus monkey at 3 mg/kg, iv by LC-MS/MS analysis",A,O[C@H]1COC[C@H]1N1CC[C@@H](c2cc3nc(Nc4cnn([C@@H]5CC5(F)F)c4Cl)ncc3cc2Cl)[C@H](F)C1,21.0,mL.min-1.kg-1,species_only_monkey
24402939,CHEMBL5044196,CHEMBL5075047,CL,mL.min-1.kg-1,=,29.0,CHEMBL612558,,"Total plasma clearance in Rhesus monkey at 0.1 mg/kg, iv by LC-MS/MS analysis",A,Cc1c(Nc2ncc3cc(Cl)c(C4CCN([C@@H]5COC[C@@H]5O)CC4)cc3n2)cnn1[C@@H]1CC1(F)F,29.0,mL.min-1.kg-1,species_only_monkey
24410806,CHEMBL5046113,CHEMBL5081315,CL,mL.min-1.kg-1,=,12.0,CHEMBL612558,,"Clearance in cynomolgus monkey at 0.3 mg/kg, iv",A,C[C@H]1OC(=O)[C@]2(N)CC(F)(F)[C@@H](C)[C@H](/C=C/c3ccc(-c4ccccc4C#N)cn3)[C@H]12,12.0,mL.min-1.kg-1,species_only_monkey
24410807,CHEMBL5046114,CHEMBL5085562,CL,mL.min-1.kg-1,=,8.6,CHEMBL612558,,Clearance in intravenously dosed cynomolgus monkey,A,Cc1cccc(-c2ccc(/C=C/[C@@H]3[C@@H]4[C@@H](C)OC(=O)[C@]4(O)CC(F)(F)[C@H]3C)nc2)c1C#N,8.6,mL.min-1.kg-1,species_only_monkey
24410808,CHEMBL5046114,CHEMBL5088392,CL,mL.min-1.kg-1,=,7.7,CHEMBL612558,,Clearance in intravenously dosed cynomolgus monkey,A,CCNC(=O)N1C[C@H]2[C@H](C)[C@@H](C)[C@H](/C=C/c3ccc(-c4ccccc4C#N)cn3)[C@@H]3[C@@H](C)OC(=O)[C@@]32C1,7.7,mL.min-1.kg-1,species_only_monkey
24410814,CHEMBL5046117,CHEMBL5081315,CL,mL.min-1.kg-1,=,12.0,CHEMBL612558,,"Unbound clearance in cynomolgus monkey at 0.3 mg/kg, iv",A,C[C@H]1OC(=O)[C@]2(N)CC(F)(F)[C@@H](C)[C@H](/C=C/c3ccc(-c4ccccc4C#N)cn3)[C@H]12,12.0,mL.min-1.kg-1,species_only_monkey
24410815,CHEMBL5046118,CHEMBL5085562,CL,mL.min-1.kg-1,=,344.0,CHEMBL612558,,Unbound clearance in intravenously dosed cynomolgus monkey,A,Cc1cccc(-c2ccc(/C=C/[C@@H]3[C@@H]4[C@@H](C)OC(=O)[C@]4(O)CC(F)(F)[C@H]3C)nc2)c1C#N,344.0,mL.min-1.kg-1,species_only_monkey
24410816,CHEMBL5046118,CHEMBL5088392,CL,mL.min-1.kg-1,=,140.0,CHEMBL612558,,Unbound clearance in intravenously dosed cynomolgus monkey,A,CCNC(=O)N1C[C@H]2[C@H](C)[C@@H](C)[C@H](/C=C/c3ccc(-c4ccccc4C#N)cn3)[C@@H]3[C@@H](C)OC(=O)[C@@]32C1,140.0,mL.min-1.kg-1,species_only_monkey
24413436,CHEMBL5046733,CHEMBL5079623,CL,mL.min-1.kg-1,=,13.33,CHEMBL612558,,"Clearence in Cynomolgus monkey at 1 mg/kg, iv measured after 3 hrs by LC/MS/MS analysis",A,C[C@H](C(=O)O)n1nc(Cn2cc3cc(OCC4CC4)c(Cl)cc3n2)c2ccccc2c1=O,13.33,mL.min-1.kg-1,species_only_monkey
24419024,CHEMBL5048083,CHEMBL5075255,CL,mL.min-1.kg-1,=,15.0,CHEMBL612558,,"Total clearance in cynomolgus monkey at 2 mg/kg, iv measured upto 24 hrs by LC-MS/MS analysis",A,Cn1ncc(-c2ccc3c(=O)[nH]nc(CN)c3c2)c1-c1c(F)c(Cl)cc(OC2CC2)c1C#N,15.0,mL.min-1.kg-1,species_only_monkey
24419025,CHEMBL5048083,CHEMBL5087914,CL,mL.min-1.kg-1,=,24.0,CHEMBL612558,,"Total clearance in cynomolgus monkey at 2 mg/kg, iv measured upto 24 hrs by LC-MS/MS analysis",A,Cn1ncc(-c2ccc3c(=O)[nH]nc(CN)c3c2)c1-c1c(F)cc2ccccc2c1C#N,24.0,mL.min-1.kg-1,species_only_monkey
24421519,CHEMBL5048886,CHEMBL5072532,CL,mL.min-1.kg-1,=,22.7,CHEMBL612558,,"Systemic plasma clearance in cynomolgus monkey at 3 mg/kg, iv measured upto 24 hrs",A,CCOP(=O)(Cn1ccc(NC(=O)c2cc(Oc3cnc(C(=O)N4CCC4)cn3)cc(OC(C)C)c2)n1)OCC,22.7,mL.min-1.kg-1,species_only_monkey
24423192,CHEMBL5049360,CHEMBL5093378,CL,mL.min-1.kg-1,=,14.5,CHEMBL612558,,"Clearance in Cynomolgus monkey at 1 mg/kg, iv by LC-MS/MS analysis",A,Cc1nc(C)c([C@H](OC(C)(C)C)C(=O)O)c(N2CCC(C)(C)CC2)c1-c1ccc(OCCc2ccc(F)cc2)cc1,14.5,mL.min-1.kg-1,species_only_monkey
24424841,CHEMBL5049710,CHEMBL5089410,CL,mL.min-1.kg-1,=,41.2,CHEMBL612558,,"Clearance in monkey at 2 mg/kg, iv",A,CC(C)C[C@](C)(N)COc1ccc(-c2ccnc(C(F)F)c2)nc1C(F)F,41.2,mL.min-1.kg-1,species_only_monkey
24437702,CHEMBL5051358,CHEMBL1684950,CL,mL.min-1.kg-1,=,15.9,CHEMBL612558,,"Clearance in rhesus monkey at 2 mg/kg, iv",A,CC(C)c1ccc(CC(=O)N[C@H](C)c2ccc(OCC(F)(F)F)cn2)cc1,15.9,mL.min-1.kg-1,species_only_monkey
24437703,CHEMBL5051359,CHEMBL1684950,CL,mL.min-1.kg-1,=,2.5,CHEMBL612558,,"Clearance in rhesus monkey at 20 mg/kg, po",A,CC(C)c1ccc(CC(=O)N[C@H](C)c2ccc(OCC(F)(F)F)cn2)cc1,2.5,mL.min-1.kg-1,species_only_monkey
24437869,CHEMBL5051525,CHEMBL1684950,CL,mL.min-1.kg-1,=,16.0,CHEMBL612558,,Plasma clearance in rhesus monkey,A,CC(C)c1ccc(CC(=O)N[C@H](C)c2ccc(OCC(F)(F)F)cn2)cc1,16.0,mL.min-1.kg-1,species_only_monkey
24505726,CHEMBL5054331,CHEMBL4297458,CL,mL.min-1.kg-1,=,32.0,CHEMBL612558,,"Total plasma clearance in monkey at 0.1 mg/kg, iv",A,Cc1nnn(C)c1-c1cnc2c3ccc(C(C)(C)O)cc3n([C@H](c3ccccc3)C3CCOCC3)c2c1,32.0,mL.min-1.kg-1,species_only_monkey
24510297,CHEMBL5055715,CHEMBL3657855,CL,mL.min-1.kg-1,=,2.3,CHEMBL612558,,"Clearance in cynomolgus monkey at 2 mg/kg, po or 1 mg/kg, iv measured upto 24 hrs by LC-MS/MS analysis",A,O=C(NS(=O)(=O)N1CCC1)c1cc(C2CC2)c(OCC23CC4CC(CC(C4)C2)C3)cc1F,2.3,mL.min-1.kg-1,species_only_monkey
24510298,CHEMBL5055715,CHEMBL5094715,CL,mL.min-1.kg-1,=,0.87,CHEMBL612558,,"Clearance in cynomolgus monkey at 2 mg/kg, po or 1 mg/kg, iv measured upto 24 hrs by LC-MS/MS analysis",A,C[C@@H](c1cc(Cl)cc(Cl)c1)N1CCC(COc2cc(F)c(C(=O)NS(C)(=O)=O)cc2C2CC2)CC1,0.87,mL.min-1.kg-1,species_only_monkey
24666895,CHEMBL5098588,CHEMBL5196403,CL,mL.min-1.kg-1,=,4.2,CHEMBL612558,,Clearance in iv dosed Cynomolgus monkey measured at 0.083 to 24 hrs by LC-MS/MS analysis,A,Cc1nc(N2CCC3(CC2)CO[C@@H](C)[C@H]3N)cc(=O)n1-c1cccc(Cl)c1Cl,4.2,mL.min-1.kg-1,species_only_monkey
24666896,CHEMBL5098588,CHEMBL5188931,CL,mL.min-1.kg-1,=,8.3,CHEMBL612558,,Clearance in iv dosed Cynomolgus monkey measured at 0.083 to 24 hrs by LC-MS/MS analysis,A,Cc1nc(N2CCC3(CC2)CO[C@@H](C)[C@H]3N)c(Cl)c(=O)n1-c1cccc(Cl)c1Cl,8.3,mL.min-1.kg-1,species_only_monkey
24667829,CHEMBL5098812,CHEMBL5170657,CL,mL.min-1.kg-1,=,10.6,CHEMBL612558,,"Clearance in overnight fasted cynomolgus monkey at 3 mg/kg, po or 1 mg/kg, iv measured upto 72 hrs by LC/MS/MS analysis",A,CCc1cccc(CC)c1-n1c(-c2ccn(C)n2)nc(=O)c(C(=O)N2CC[C@@H](c3ncc(Cl)cc3F)C2)c1O,10.6,mL.min-1.kg-1,species_only_monkey
24670884,CHEMBL5099737,CHEMBL4760665,CL,mL.min-1.kg-1,=,10.0,CHEMBL612558,,"Plasma clearance in cynomolgus monkey at 1 mg/kg, iv",A,CCOc1cccnc1Oc1cncc(-c2ncc(C(=O)N[C@H]3CCOC3)cn2)c1,10.0,mL.min-1.kg-1,species_only_monkey
24688257,CHEMBL5104786,CHEMBL4468760,CL,mL.min-1.kg-1,=,11.9,CHEMBL612558,,"Clearance in Cynomolgus monkeys at 1 mg/kg, iv measured after 24 hrs by LC-MS/MS analysis",A,C[C@H]1c2cccc(-c3cnn(C)c3)c2C[C@H](CO)N1C(=O)Cc1c(Cl)cccc1Cl,11.9,mL.min-1.kg-1,species_only_monkey
24693569,CHEMBL5106304,CHEMBL5178296,CL,mL.min-1.kg-1,=,18.5,CHEMBL612558,,Clearance in rhesus monkey,A,N#CC1(NC(=O)[C@@H]2CCCC[C@H]2c2oc(-c3ccc(F)cc3)nc2-c2ccc(N3CCS(=O)(=O)CC3)cc2)CC1,18.5,mL.min-1.kg-1,species_only_monkey
24698496,CHEMBL5107283,CHEMBL5192780,CL,mL.min-1.kg-1,=,31.7,CHEMBL612558,,Metabolic stability in Crab eating monkey liver assessed as intrinsic clearance measured upto 60 min by UPLC-MS/MS analysis,A,CN(C)CCOc1ccc2ncnc(NC3CCN(CC4CN(c5ccc(S(=O)(=O)C6CC6)cc5)C4)CC3)c2n1,31.7,mL.min-1.kg-1,species_only_monkey
24719634,CHEMBL5112441,CHEMBL5190700,CL,mL.min-1.kg-1,=,18.9,CHEMBL612558,,"Clearance in Cynomolgus monkey blood at 1 mg/kg, iv measured at 2 to 72 hrs by LC-MS/MS analysis",A,C[C@H]1C[C@@H](N2C(=N)N[C@](C)(c3cccc(NC(=O)c4cccc(C#N)c4)c3Cl)CC2=O)CCO1,18.9,mL.min-1.kg-1,species_only_monkey
24745292,CHEMBL5119002,CHEMBL40143,CL,mL.min-1.kg-1,=,1.133,CHEMBL612558,,"Metabolic stability in cynomolgus monkey assessed as clearance at 3 mg/kg, iv",A,CC1(C)NC(=O)N(C[C@@H](COc2ccc(-c3ccc(OC(F)(F)F)cc3)cc2)N(O)C=O)C1=O,1.133,mL.min-1.kg-1,species_only_monkey
24745759,CHEMBL5119175,CHEMBL3827379,CL,mL.min-1.kg-1,=,1.9,CHEMBL612558,,"Clearance in overnight fasted cynomolgus monkey at 2 mg/kg, po or 1 mg/kg, iv",A,C=C(C)[C@@H]1CC[C@]2(NCCN3CCS(=O)(=O)CC3)CC[C@]3(C)[C@H](CC[C@@H]4[C@@]5(C)CC=C(c6ccc(C(=O)O)cc6)C(C)(C)[C@@H]5CC[C@]43C)[C@@H]12,1.9,mL.min-1.kg-1,species_only_monkey
24745760,CHEMBL5119175,CHEMBL5201510,CL,mL.min-1.kg-1,=,1.8,CHEMBL612558,,"Clearance in overnight fasted cynomolgus monkey at 2 mg/kg, po or 1 mg/kg, iv",A,C=C(C)[C@@H]1CC[C@]2(NCCN3CCS(=O)(=O)CC3)CC[C@]3(C)[C@H](CC[C@@H]4[C@@]5(C)CC=C(C6=CC[C@@](CF)(C(=O)O)CC6)C(C)(C)[C@@H]5CC[C@]43C)[C@@H]12,1.8,mL.min-1.kg-1,species_only_monkey
24769338,CHEMBL5125717,CHEMBL4297458,CL,mL.min-1.kg-1,=,32.0,CHEMBL612558,,"Plasma clearance in cynomologus monkey at 0.3 mg/kg, po or 0.1 mg/kg, iv",A,Cc1nnn(C)c1-c1cnc2c3ccc(C(C)(C)O)cc3n([C@H](c3ccccc3)C3CCOCC3)c2c1,32.0,mL.min-1.kg-1,species_only_monkey
24769339,CHEMBL5125717,CHEMBL4859923,CL,mL.min-1.kg-1,=,4.3,CHEMBL612558,,"Plasma clearance in cynomologus monkey at 0.3 mg/kg, po or 0.1 mg/kg, iv",A,[2H]C([2H])([2H])c1nnn(C)c1-c1cnc2c3cc(F)c(C(C)(C)O)cc3n([C@H](c3ccccc3)C3CCOCC3)c2c1,4.3,mL.min-1.kg-1,species_only_monkey
24777671,CHEMBL5128802,CHEMBL5172072,CL,mL.min-1.kg-1,=,18.33,CHEMBL612558,,"Clearance in cynomologus monkey at 2.5 mg/kg, iv",A,CNC(=O)c1ccc(-c2ccc(C3(C(=O)N4CC[C@@]5(C4)OC(=O)c4ccccc45)CC3)cc2)cn1,18.33,mL.min-1.kg-1,species_only_monkey
24783745,CHEMBL5130282,CHEMBL5183317,CL,mL.min-1.kg-1,=,0.12,CHEMBL612558,,"Plasma clearance in rhesus monkey at 0.01 mg/kg, iv by LC-MS analysis",A,CCCCCCCCCCCCCCCC(=O)N[C@@H](CCC(=O)N[C@@H](CCC(=O)NCCCC[C@H](NC(=O)[C@H](CC(=O)O)NC(=O)[C@H](CO)NC(=O)[C@@H](NC(=O)[C@H](Cc1ccccc1)NC(=O)[C@@H](NC(=O)CNC(=O)[C@H](CCC(N)=O)NC(=O)[C@@H](CO)NC(=O)[C@@H](N)Cc1cnc[nH]1)[C@@H](C)O)[C@@H](C)O)C(=O)N[C@@H](CO)C(=O)N[C@@H](CCCCN)C(=O)N[C@@H](Cc1ccc(O)cc1)C(=O)N[C@@H](CC(C)C)C(=O)N[C@@H](CC(=O)O)C(=O)N[C@@H](C)C(=O)N[C@@H](CCCNC(=N)N)C(=O)N[C@@H](C)C(=O)N[C@@H](C)C(=O)N[C@@H](CCC(N)=O)C(=O)N[C@@H](CC(=O)O)C(=O)N[C@@H](Cc1ccccc1)C(=O)N[C@H](C(=O)N[C@@H](CCC(N)=O)C(=O)N[C@@H](Cc1c[nH]c2ccccc12)C(=O)N[C@@H](CC(C)C)C(=O)N[C@@H](CC(C)C)C(=O)N[C@@H](CC(=O)O)C(=O)N[C@H](C(N)=O)[C@@H](C)O)C(C)C)C(=O)O)C(=O)O,0.12,mL.min-1.kg-1,species_only_monkey
24788119,CHEMBL5131315,CHEMBL5176104,CL,mL.min-1.kg-1,=,1.23,CHEMBL612558,,Clearance in Cynomolgous monkey plasma,A,N=C1N[C@H]2[C@H](CN3C(=O)CCC3=O)NC(=N)N3C[C@H](NC(=O)c4cccc5c4CCCC5)C(O)(O)[C@]23N1,1.23,mL.min-1.kg-1,species_only_monkey
24792292,CHEMBL5132832,CHEMBL5081193,CL,mL.min-1.kg-1,=,7.0,CHEMBL612558,,"Clearance in Cynomolgus monkey at 1 mg/kg, iv upto 48 hrs by LC/MS/MS analysis",A,O=C(Nc1ccn(-c2ccnc(F)c2)n1)C1(c2ccccc2F)CC1,7.0,mL.min-1.kg-1,species_only_monkey
24809215,CHEMBL5136499,CHEMBL5170648,CL,mL.min-1.kg-1,=,3.3,CHEMBL612558,,"Clearance in cynomolgus monkey at 1 mg/kg, iv by LC-MS/MS analysis",A,Cc1cccc(Cl)c1CN1CCc2cc(-c3c(C)nc(C)c([C@H](OC(C)(C)C)C(=O)O)c3N3CCC(C)(C)CC3)ccc2C1,3.3,mL.min-1.kg-1,species_only_monkey
24809216,CHEMBL5136499,CHEMBL5177043,CL,mL.min-1.kg-1,=,1.7,CHEMBL612558,,"Clearance in cynomolgus monkey at 1 mg/kg, iv by LC-MS/MS analysis",A,Cc1cccc(Cl)c1CN1CCc2cc(-c3cnc(C)c([C@H](OC(C)(C)C)C(=O)O)c3N3CCC(C)(C)CC3)ccc2C1,1.7,mL.min-1.kg-1,species_only_monkey
24811937,CHEMBL5137173,CHEMBL5179476,CL,mL.min-1.kg-1,=,3.333,CHEMBL612558,,"Clearance in cynomolgus monkey at 1 mg/kg, iv by LC-MS/MS analysis",A,Cc1cc(=O)n(-c2ccc(N3CCC(Cc4ccc(Cl)c(F)c4)CC3)c(Cl)c2)c(C)n1,3.333,mL.min-1.kg-1,species_only_monkey
24813678,CHEMBL5137824,CHEMBL5178512,CL,mL.min-1.kg-1,=,23.8,CHEMBL612558,,Metabolic stability in monkey liver assessed as intrinsic clearance incubated for 1 hr by LC-MS/MS analysis,A,CC(=O)c1c(C)[nH]c(-c2nc3cc(N4CCN(C)CC4)ccc3[nH]2)c1-c1ccccc1,23.8,mL.min-1.kg-1,species_only_monkey
24813679,CHEMBL5137824,CHEMBL5187914,CL,mL.min-1.kg-1,=,63.1,CHEMBL612558,,Metabolic stability in monkey liver assessed as intrinsic clearance incubated for 1 hr by LC-MS/MS analysis,A,CC(=O)c1c(C)[nH]c(-c2nc3cc(N4CCOCC4)ccc3[nH]2)c1-c1ccccc1,63.1,mL.min-1.kg-1,species_only_monkey
24824983,CHEMBL5141260,CHEMBL5095169,CL,mL.min-1.kg-1,=,4.9,CHEMBL612558,,"Plasma clearance in cynomolgus monkey at 0.5 mg/kg, iv",A,CO[C@@H]1CCN(c2nccc(Nc3cc4c(C(C)C)ccc(N5C[C@H](CS(C)(=O)=O)[C@H]5C)c4cn3)n2)C[C@@H]1F,4.9,mL.min-1.kg-1,species_only_monkey
24825364,CHEMBL5141378,CHEMBL5170592,CL,mL.min-1.kg-1,=,25.6,CHEMBL612558,,"Clearance in Cynomolgus monkey at 5 mg/kg, po and 1 mg/kg, iv",A,Cn1nncc1-c1cnn([C@H](CCOC(F)F)c2ccc(-c3c(-n4cc(Cl)nn4)ccc(Cl)c3F)c[n+]2[O-])c1,25.6,mL.min-1.kg-1,species_only_monkey
24826198,CHEMBL5141623,CHEMBL5196713,CL,mL.min-1.kg-1,=,19.4,CHEMBL612558,,"Clearance in Cynomolgous monkey at 0.5 mg/kg, iv measured upto 24 hrs by reversed phase LCMS analysis",A,Cc1ccc(O)c(C)c1-n1c(N)c(C(N)=O)c2cc(Cl)cnc21,19.4,mL.min-1.kg-1,species_only_monkey
24826199,CHEMBL5141623,CHEMBL5199076,CL,mL.min-1.kg-1,=,23.8,CHEMBL612558,,"Clearance in Cynomolgous monkey at 0.5 mg/kg, iv measured upto 24 hrs by reversed phase LCMS analysis",A,Cc1cc2c(C(N)=O)c(N)n(-c3c(C)ccc(O)c3C)c2nc1C,23.8,mL.min-1.kg-1,species_only_monkey
24828131,CHEMBL5142302,CHEMBL4110551,CL,mL.min-1.kg-1,=,29.15,CHEMBL612558,,"Intrinsic clearance in cynomolgus monkey at 3 mg/kg, po or 3 mg/kg, iv administered as single dose",A,COC(=O)NCCCn1nc([C@@H](C)N(C(=O)[C@H]2CNCCO2)C2CC2)c2ccc(C)nc21,29.15,mL.min-1.kg-1,species_only_monkey
24849469,CHEMBL5147503,CHEMBL5095068,CL,mL.min-1.kg-1,=,26.8,CHEMBL612558,,"Clearance in Cynomolgus monkey at 0.5 mg/kg, iv",A,COc1cc(N2CCC3(CCN(C)CC3)CC2)ccc1Nc1ncc(Cl)c(Nc2ccccc2P(C)(C)=O)n1,26.8,mL.min-1.kg-1,species_only_monkey
24850286,CHEMBL5147736,CHEMBL3970885,CL,mL.min-1.kg-1,=,5.0,CHEMBL612558,,Clearance in iv dosed monkey,A,O=C(c1ccc2cc(Oc3ccc(C(F)(F)F)cn3)ccc2n1)N1CC[C@@H](F)C1,5.0,mL.min-1.kg-1,species_only_monkey
24855934,CHEMBL5148616,CHEMBL3716726,CL,mL.min-1.kg-1,=,19.0,CHEMBL612558,,"Clearance in cynomolgus monkey at 1 mg/kg, po or 0.5 mg/kg, iv",A,COc1cc(OCc2nc(N3CCOCC3)sc2C)c2cc(-c3cn4nc(OC)sc4n3)oc2c1,19.0,mL.min-1.kg-1,species_only_monkey
24855935,CHEMBL5148616,CHEMBL3716552,CL,mL.min-1.kg-1,=,12.0,CHEMBL612558,,"Clearance in cynomolgus monkey at 1 mg/kg, po or 0.5 mg/kg, iv",A,COc1cc(OCc2csc(-c3ccc(C(=O)N(C)C)cc3)n2)c2cc(-c3cn4nc(OC)sc4n3)oc2c1,12.0,mL.min-1.kg-1,species_only_monkey
24859124,CHEMBL5149470,CHEMBL5207947,CL,mL.min-1.kg-1,=,30.0,CHEMBL612558,,"Plasma clearance in Cynomolgus monkey at 1 mg/kg, iv administered for 30 min by LC-MS/MS analysis",A,CCCC[C@@H]1NC(=O)[C@H](Cc2ccc(O)cc2)NC(=O)[C@@H]2CCCN2C(=O)[C@H](CC(=O)O)NC(=O)[C@H](C)NC(=O)[C@H](Cc2ccccc2)NC(=O)[C@@H]2CSCCC(=O)N3CN(CN(C3)C(=O)CCSC[C@@H](C(=O)N[C@@H](C)C(N)=O)NC1=O)C(=O)CCSC[C@H](NC(C)=O)C(=O)N[C@@H](CC(C)(C)C)C(=O)N1CCC[C@H]1C(=O)N[C@@H](CCC(=O)O)C(=O)N[C@H](CCCCNC(=O)CCc1cn(CCOCCOCCOCCOCCOCCC(=O)N[C@H]3CSCCC(=O)N4CN5CN(C4)C(=O)CCSC[C@H](NC(=O)[C@@H](CC(=O)O)NC(=O)[C@H](Cc4cccc6ccccc46)NC(=O)[C@@H]4CCCN4C3=O)C(=O)N[C@@H](CCSC)C(=O)N[C@@H](CCCCNC(=N)N)C(=O)N[C@@H](CC(=O)O)C(=O)N[C@@H](Cc3c[nH]c4ccccc34)C(=O)N[C@@H](CO)C(=O)N[C@@H]([C@@H](C)O)C(=O)N3CCC[C@H]3C(=O)N3C[C@H](O)C[C@H]3C(=O)N[C@@H](Cc3c[nH]c4ccccc34)C(=O)N[C@H](C(N)=O)CSCCC5=O)nn1)C(=O)N1CCC[C@H]1C(=O)N[C@@H](Cc1ccc(O)cc1)C(=O)N2,30.0,mL.min-1.kg-1,species_only_monkey
24867556,CHEMBL5152057,CHEMBL5095220,CL,mL.min-1.kg-1,=,0.84,CHEMBL612558,,Plasma clearance in monkey,A,CCc1cc2ncc(CN3CCN(c4ccc(C(=O)NC)nc4)CC3)cc2[nH]c1=O,0.84,mL.min-1.kg-1,species_only_monkey
24867579,CHEMBL5152076,CHEMBL5095220,CL,mL.min-1.kg-1,=,20.0,CHEMBL612558,,Unbound clearance in monkey,A,CCc1cc2ncc(CN3CCN(c4ccc(C(=O)NC)nc4)CC3)cc2[nH]c1=O,20.0,mL.min-1.kg-1,species_only_monkey
24869488,CHEMBL5152691,CHEMBL5206366,CL,mL.min-1.kg-1,=,3.1,CHEMBL612558,,"Clearance in cynomolgus monkey at 1 mg/kg, iv measured upto 24 hrs by LC-MS/MS analysis",A,C=CC(=O)N[C@H]1CCC[C@H]1NC(=O)c1sc2nccc3c2c1NC(=O)N3[C@@H]1CN=C(CC(C)C)C=C1C,3.1,mL.min-1.kg-1,species_only_monkey
24878162,CHEMBL5155284,CHEMBL5196935,CL,mL.min-1.kg-1,=,17.67,CHEMBL612558,,"Clearance in cynomolgus monkey at 1 mg/kg, iv",A,C[C@@H](C1CC1)N1Cc2cc(-c3ccn4nc(N)c(C(=O)N[C@H]5CC[C@@](C)(O)CC5)c4n3)cc(OC(F)(F)F)c2C1=O,17.67,mL.min-1.kg-1,species_only_monkey
24878163,CHEMBL5155284,CHEMBL5209268,CL,mL.min-1.kg-1,=,18.0,CHEMBL612558,,"Clearance in cynomolgus monkey at 1 mg/kg, iv",A,C[C@@H](C1CC1)N1Cc2cc(-c3ccn4nc(N)c(C(=O)N[C@H]5CC[C@@](C)(O)CC5)c4n3)cc(OC(F)F)c2C1=O,18.0,mL.min-1.kg-1,species_only_monkey
24910699,CHEMBL5163352,CHEMBL5183847,CL,mL.min-1.kg-1,=,0.29,CHEMBL612558,,"Total clearance in cynomolgus monkey at 0.1 mg/0.2mL/kg, iv measured for 2 to 1440 mins by LC-MS/MS analysis",A,Cn1cnc(Cn2c(=O)[nH]/c(=N\c3cc4cn(C)nc4cc3Cl)n(Cc3cc(F)c(F)cc3F)c2=O)n1,0.29,mL.min-1.kg-1,species_only_monkey
24929166,CHEMBL5168539,CHEMBL4518483,CL,mL.min-1.kg-1,=,13.8,CHEMBL612558,,"Plasma clearance in cynomologus monkey at 1 mg/kg, iv measured upto 24 hrs by LC-MS/MS analysis",A,N#Cc1ccc(COc2cccc(C3CCN(Cc4nc5ccc(C(=O)O)cc5n4C[C@@H]4CCO4)CC3)n2)c(F)c1,13.8,mL.min-1.kg-1,species_only_monkey
24969599,CHEMBL5217798,CHEMBL5219660,CL,mL.min-1.kg-1,=,1.3,CHEMBL612558,,"Clearance in cynomolgus monkey at 1 mg/kg, po or 1 mg/kg, iv measured upto 24 hrs by LC-MS/MS analysis",A,O=C(Nc1c2c(cc3c1CCC3)CCC2)NS(=O)(=O)c1cnn2c1OCCC2,1.3,mL.min-1.kg-1,species_only_monkey
24969600,CHEMBL5217798,CHEMBL5219789,CL,mL.min-1.kg-1,=,4.1,CHEMBL612558,,"Clearance in cynomolgus monkey at 1 mg/kg, po or 1 mg/kg, iv measured upto 24 hrs by LC-MS/MS analysis",A,CN[C@@H]1COc2c(S(=O)(=O)NC(=O)Nc3c4c(cc5c3CCC5)CCC4)cnn2C1,4.1,mL.min-1.kg-1,species_only_monkey
24975860,CHEMBL5224663,CHEMBL5290029,CL,mL.min-1.kg-1,=,2.8,CHEMBL612558,,"Clearance in cynomolgus monkey at 1 mg/kg, iv",A,Nc1ncncc1-c1ccnc2c1cnn2-c1ccc(F)cc1,2.8,mL.min-1.kg-1,species_only_monkey
24979343,CHEMBL5225624,CHEMBL5267404,CL,mL.min-1.kg-1,=,20.0,CHEMBL612558,,"Clearance in cynomolgus monkey at 1 mg/kg, iv and measured upto 24 hrs by LC-MS/MS analysis",A,CNCc1cc(C)c(-c2cc3c(-c4cnn(C)c4)n[nH]c3cn2)c(F)c1,20.0,mL.min-1.kg-1,species_only_monkey
24979344,CHEMBL5225624,CHEMBL5271139,CL,mL.min-1.kg-1,=,18.33,CHEMBL612558,,"Clearance in cynomolgus monkey at 1 mg/kg, iv and measured upto 24 hrs by LC-MS/MS analysis",A,CNC(C)c1cc(C)c(-c2cc3c(-c4cnn(C)c4)n[nH]c3cn2)c(F)c1,18.33,mL.min-1.kg-1,species_only_monkey
24979345,CHEMBL5225624,CHEMBL5285291,CL,mL.min-1.kg-1,=,9.0,CHEMBL612558,,"Clearance in cynomolgus monkey at 1 mg/kg, iv and measured upto 24 hrs by LC-MS/MS analysis",A,Cc1cc(C2CCCCN2)cc(F)c1-c1cc2c(-c3cnn(C)c3)n[nH]c2cn1,9.0,mL.min-1.kg-1,species_only_monkey
24979346,CHEMBL5225624,CHEMBL5290302,CL,mL.min-1.kg-1,=,11.0,CHEMBL612558,,"Clearance in cynomolgus monkey at 1 mg/kg, iv and measured upto 24 hrs by LC-MS/MS analysis",A,CCNCc1cc(C)c(-c2cc3c(-c4cnn(C)c4)n[nH]c3cn2)c(F)c1,11.0,mL.min-1.kg-1,species_only_monkey
24979347,CHEMBL5225624,CHEMBL5289695,CL,mL.min-1.kg-1,=,15.83,CHEMBL612558,,"Clearance in cynomolgus monkey at 1 mg/kg, iv and measured upto 24 hrs by LC-MS/MS analysis",A,Cc1cc(CN2CCC2)cc(F)c1-c1cc2c(-c3cnn(C)c3)n[nH]c2cn1,15.83,mL.min-1.kg-1,species_only_monkey
24986932,CHEMBL5228330,CHEMBL5199558,CL,mL.min-1.kg-1,=,40.83,CHEMBL612558,,Clearance in monkey plasma,A,Cc1ccc2c(=O)[nH]c(-c3ccc(C(C)(C)O)cc3)cn12,40.83,mL.min-1.kg-1,species_only_monkey
24987478,CHEMBL5228513,CHEMBL5277056,CL,mL.min-1.kg-1,=,32.47,CHEMBL612558,,"Total clearance in cynomolgus monkey at 0.1 mg/kg, iv by LC-MS/MS analysis",A,Cc1cc(F)ncc1C(=O)Nc1ccc([C@@H]2C[C@H]2NCC2CC2)cc1,32.47,mL.min-1.kg-1,species_only_monkey
24989617,CHEMBL5229306,CHEMBL1739540,CL,mL.min-1.kg-1,=,16.67,CHEMBL612558,,"Clearance in monkey at 3 mg/kg, iv",A,CC(C)[C@@H](Nc1ccc(CNC(=O)[C@@H]2SCCN2C(=O)C[C@H](N)Cc2cc(F)c(F)cc2F)cc1)C(=O)O,16.67,mL.min-1.kg-1,species_only_monkey
25012442,CHEMBL5237091,CHEMBL5286646,CL,mL.min-1.kg-1,=,6.15,CHEMBL612558,,"Total clearance in monkey at 5 mg/kg,iv by LC/MS/MS analysis",A,C[S@@+]([O-])[C@@H]1CC[C@@H]2CN1C(=O)N2O[C@H](F)C(=O)[O-].[Na+],6.15,mL.min-1.kg-1,species_only_monkey
25020827,CHEMBL5239438,CHEMBL5284890,CL,mL.min-1.kg-1,=,2.79,CHEMBL612558,,"Clearance in cynomolgus monkey plasma at 0.5 mg/kg, iv by LC-MS/MS analysis",A,Nc1ncc(-c2cc(N3CCC(F)(F)C3)nc(N3C[C@@H]4C[C@H]3CO4)n2)nc1OC(F)F,2.79,mL.min-1.kg-1,species_only_monkey
25020828,CHEMBL5239439,CHEMBL5284890,CL,mL.min-1.kg-1,=,6.164,CHEMBL612558,,"Clearance in cynomolgus monkey at 0.5 mg/kg, iv by LC-MS/MS analysis",A,Nc1ncc(-c2cc(N3CCC(F)(F)C3)nc(N3C[C@@H]4C[C@H]3CO4)n2)nc1OC(F)F,6.164,mL.min-1.kg-1,species_only_monkey
25021503,CHEMBL5239666,CHEMBL4098877,CL,mL.min-1.kg-1,=,16.0,CHEMBL612558,,"Clearance in rhesus monkey at 2 mg/kg, iv measured upto 24 hrs by LC-MS/MS method",A,C[C@@H]1CN(c2cc(-c3n[nH]c4ccc(OC5(C)CC5)cc34)ncn2)C[C@H](C)O1,16.0,mL.min-1.kg-1,species_only_monkey
25021550,CHEMBL5239699,CHEMBL5283154,CL,mL.min-1.kg-1,=,17.0,CHEMBL612558,,"Clearance in rhesus monkey at 2 mg/kg, po or 0.25 mg/kg, iv measured upto 24 hrs by LC-MS/MS method",A,C[C@@H]1CN(c2cc(-n3ncc4ccc(-c5ccn[nH]5)cc43)ncn2)C[C@H](C)O1,17.0,mL.min-1.kg-1,species_only_monkey
25021554,CHEMBL5239703,CHEMBL5282583,CL,mL.min-1.kg-1,=,11.0,CHEMBL612558,,"Clearance in rhesus monkey at 0.1 mg/kg, iv measured upto 24 hrs by LC-MS/MS method",A,CC(C)(O)[C@@H]1CCN(c2cc(-n3ncc4ccc(-c5ccn[nH]5)cc43)ncn2)C1,11.0,mL.min-1.kg-1,species_only_monkey
25021586,CHEMBL5239722,CHEMBL5286106,CL,mL.min-1.kg-1,=,13.0,CHEMBL612558,,"Clearance in rhesus monkey at 1 mg/kg, po or 0.5 mg/kg, iv measured upto 24 hrs by LC-MS/MS method",A,CC(C)(O)C12CC(C1)N(c1cc(-n3ncc4ccc([C@]5(C#N)CC56CC6)cc43)ncn1)C2,13.0,mL.min-1.kg-1,species_only_monkey
25047945,CHEMBL5246668,CHEMBL5288931,CL,mL.min-1.kg-1,=,68.0,CHEMBL612558,,"Clearance in cynomolgus monkey at 1 mg/kg, iv",A,Cc1ncc(-c2nc3c(OC4(C)CC4)nc(Nc4cnn(C5CCN(C)CC5)c4)nc3cc2F)cn1,68.0,mL.min-1.kg-1,species_only_monkey
25066382,CHEMBL5251672,CHEMBL5279308,CL,mL.min-1.kg-1,=,5.3,CHEMBL612558,,"Clearance in Cynomolgus monkey at 1.0 mg/kg,iv or 1.25 mg/kg, po",A,Cc1ncn(CC(=O)N2CCN(c3sc(C(F)(F)F)nc3-c3cnc(C(F)(F)F)nc3)C[C@H]2CCO)n1,5.3,mL.min-1.kg-1,species_only_monkey
25073918,CHEMBL5253797,CHEMBL4207737,CL,mL.min-1.kg-1,=,25.0,CHEMBL612558,,"Clearance in Cynomolgous monkey plasma at 1 mg/kg,iv by LC-MS/MS analysis",A,COc1ccc(CNC(=O)c2sc3nnc(C)c(C)c3c2N)cc1F,25.0,mL.min-1.kg-1,species_only_monkey
25085294,CHEMBL5256744,CHEMBL5284353,CL,mL.min-1.kg-1,=,2.0,CHEMBL612558,,"Clearance in cynomolgus monkey plasma at 1 mg/kg,iv by LC-MS/MS analysis",A,O=C1NCCc2c1cnn2-c1ccnc(Cc2cc(F)cc(C(F)(F)F)c2)c1,2.0,mL.min-1.kg-1,species_only_monkey
25090926,CHEMBL5258158,CHEMBL4797139,CL,mL.min-1.kg-1,=,17.1,CHEMBL612558,,"Clearance in Cynomolgus monkey plasma at 0.2 mg/kg, iv and measured upto 24 hrs by LC-MS/MS analysis",A,FC(F)(F)c1nccc2cc(Nc3n[nH]c4ncccc34)ccc12,17.1,mL.min-1.kg-1,species_only_monkey
25091438,CHEMBL5258376,CHEMBL5286909,CL,mL.min-1.kg-1,=,11.67,CHEMBL612558,,"Clearance in cynomolgus monkey at 3 mg/kg, po or 1 mg/kg, iv measured up to 24 hrs",A,CN1C[C@@H]2CC[C@H](C1=O)N2c1ncc2[nH]nc(-c3cnn(C4CCC4)c3)c2n1,11.67,mL.min-1.kg-1,species_only_monkey
25100559,CHEMBL5261277,CHEMBL5270256,CL,mL.min-1.kg-1,=,33.5,CHEMBL612558,,"Clearance in Cynomolgus monkey at 1 mg/kg,iv and measured after 72 hrs by LC/MS/MS analysis",A,CN1CCCC[C@H](N(c2cc(C#CC(C)(C)C)sc2C(=O)O)C(=O)[C@H]2CC[C@H](C)CC2)C1=O,33.5,mL.min-1.kg-1,species_only_monkey
25449359,CHEMBL5318445,CHEMBL5314924,CL,mL.min-1.kg-1,=,9.3,CHEMBL612558,,"Plasma clearance in Rhesus monkey at 0.5 mg/kg, iv by LC-MS/MS analysis",A,Cc1ccc([C@H]2C[C@@H]2COc2cc(NCc3nnc(C)s3)nc(C)n2)nc1,9.3,mL.min-1.kg-1,species_only_monkey
25458092,CHEMBL5320715,CHEMBL5095071,CL,mL.min-1.kg-1,=,23.6,CHEMBL612558,,"Clearance in cynomolgus monkey at 2 mg/kg,iv by LC-MS/MS analysis",A,CCOC(=O)C1=C(CN2CCN3C(=O)N(CC(C)(C)C(=O)O)C[C@@H]3C2)N=C(c2nccs2)N[C@H]1c1cccc(F)c1C,23.6,mL.min-1.kg-1,species_only_monkey
25469680,CHEMBL5324188,CHEMBL2016757,CL,mL.min-1.kg-1,=,9.333,CHEMBL612558,,"Clearance in cynomolgus monkey at 20 mg/kg, iv measured upto 24 hrs by LC-MS/MS analysis",A,N#C[C@@]1(c2ccc3c(N)ncnn23)O[C@H](CO)[C@@H](O)[C@H]1O,9.333,mL.min-1.kg-1,species_only_monkey
25469685,CHEMBL5324193,CHEMBL2016757,CL,mL.min-1.kg-1,=,8.167,CHEMBL612558,,"Clearance in African green monkey at 20 mg/kg, iv measured upto 24 hrs by LC-MS/MS analysis",A,N#C[C@@]1(c2ccc3c(N)ncnn23)O[C@H](CO)[C@@H](O)[C@H]1O,8.167,mL.min-1.kg-1,species_only_monkey
25484072,CHEMBL5327961,CHEMBL5405569,CL,mL.min-1.kg-1,=,12.0,CHEMBL612558,,"Clearance in Cynomolgus monkey at 10 mg/kg, po and 1 mg/kg, iv by LC-MS/MS analysis",A,CNc1cc(Nc2cccn(-c3ncccc3F)c2=O)nc2c(C(=O)N[C@@H]3C[C@@H]3F)cnn12,12.0,mL.min-1.kg-1,species_only_monkey
25484073,CHEMBL5327961,CHEMBL5422616,CL,mL.min-1.kg-1,=,7.0,CHEMBL612558,,"Clearance in Cynomolgus monkey at 10 mg/kg, po and 1 mg/kg, iv by LC-MS/MS analysis",A,CNc1cc(Nc2cccn(-c3ccccn3)c2=O)nc2c(C(=O)N[C@H]3CC[C@@H]3OC)cnn12,7.0,mL.min-1.kg-1,species_only_monkey
25512916,CHEMBL5335276,CHEMBL5410401,CL,mL.min-1.kg-1,=,13.0,CHEMBL612558,,"Clearance in cynomolgus monkey at 1 mg/kg, po and 0.1 mg/kg, iv measured upto 24 hrs by LC/MS/MS analysis",A,C[C@@H]1COCCN1c1cc(N2CCOC[C@@H]2C)nc2sc(-c3cscn3)nc12,13.0,mL.min-1.kg-1,species_only_monkey
25513937,CHEMBL5335438,CHEMBL5412914,CL,mL.min-1.kg-1,=,2.5,CHEMBL612558,,"Clearance in cynomolgus monkey at 1 mg/kg, po or 0.3 mg/kg, iv measured for 24 hrs by LC-MS/MS analysis",A,CC(C)c1nc(-c2cnc(N)c(OC(F)(F)F)c2)cn1C12CC(N3CCOCC3)(C1)C2,2.5,mL.min-1.kg-1,species_only_monkey
25513938,CHEMBL5335438,CHEMBL5436727,CL,mL.min-1.kg-1,=,7.2,CHEMBL612558,,"Clearance in cynomolgus monkey at 1 mg/kg, po or 0.3 mg/kg, iv measured for 24 hrs by LC-MS/MS analysis",A,Nc1ncc(-c2cn(C34CC(N5CCOCC5)(C3)C4)c(C3CC3)n2)cc1OC(F)(F)F,7.2,mL.min-1.kg-1,species_only_monkey
25513997,CHEMBL5335487,CHEMBL5408274,CL,mL.min-1.kg-1,=,9.3,CHEMBL612558,,"Plasma clearance in cynomolgus monkey at 1 mg/kg, po or 0.3 mg/kg, iv measured for 24 hrs by LC-MS/MS analysis",A,Nc1ncc(-c2cn(C34CC(F)(C3)C4)c([C@@H](O)C(F)(F)F)n2)cc1OC(F)(F)F,9.3,mL.min-1.kg-1,species_only_monkey
25520891,CHEMBL5337290,CHEMBL5430978,CL,mL.min-1.kg-1,=,32.9,CHEMBL612558,,"Clearance in cynomolgus monkey at 2 mg/kg,iv administration measured upto 24 hrs by LC-MS/MS analysis",A,CC(C)C[C@@H](O)C(=O)N1CC2(CC2)C[C@H]1C(=O)N[C@@H](C[C@@H]1CCNC1=O)C(=O)COC(F)(F)F,32.9,mL.min-1.kg-1,species_only_monkey
25520892,CHEMBL5337290,CHEMBL4802135,CL,mL.min-1.kg-1,=,30.0,CHEMBL612558,,"Clearance in cynomolgus monkey at 2 mg/kg,iv administration measured upto 24 hrs by LC-MS/MS analysis",A,CC(C)(C)[C@H](NC(=O)C(F)(F)F)C(=O)N1C[C@H]2[C@@H]([C@H]1C(=O)N[C@H](C#N)C[C@@H]1CCNC1=O)C2(C)C,30.0,mL.min-1.kg-1,species_only_monkey
25525377,CHEMBL5338641,CHEMBL4283853,CL,mL.min-1.kg-1,=,11.33,CHEMBL612558,,In vivo clearance in cynomolgus monkey,A,COCCCOc1cc2c(cc1OC)-c1cc(=O)c(C(=O)O)cn1[C@H](C(C)C)C2,11.33,mL.min-1.kg-1,species_only_monkey
25525378,CHEMBL5338641,CHEMBL5401098,CL,mL.min-1.kg-1,=,2.833,CHEMBL612558,,In vivo clearance in cynomolgus monkey,A,COCCCOc1cc2c(cc1Cl)-c1cc(=O)c(C(=O)O)cn1[C@H](C(C)(C)C)C2,2.833,mL.min-1.kg-1,species_only_monkey
25525379,CHEMBL5338641,CHEMBL5403285,CL,mL.min-1.kg-1,=,0.5333,CHEMBL612558,,In vivo clearance in cynomolgus monkey,A,COCCCOc1cc2c(cc1Cl)-c1cc(=O)c(C(=O)O)cn1N(C(C)(C)C)C2,0.5333,mL.min-1.kg-1,species_only_monkey
25525445,CHEMBL5338694,CHEMBL5439804,CL,mL.min-1.kg-1,=,2.5,CHEMBL612558,,"Clearance in Cynomolgus monkey at 0.4 mg/kg, iv",A,COCCCOc1cc2c(cc1COC)-c1cc(=O)c(C(=O)O)cn1N1[C@@H]2CCC1(C)C,2.5,mL.min-1.kg-1,species_only_monkey
25525451,CHEMBL5338700,CHEMBL5439804,CL,mL.min-1.kg-1,=,3.0,CHEMBL612558,,"Clearance in Rhesus monkey at 0.5 mg/kg, iv",A,COCCCOc1cc2c(cc1COC)-c1cc(=O)c(C(=O)O)cn1N1[C@@H]2CCC1(C)C,3.0,mL.min-1.kg-1,species_only_monkey
25530165,CHEMBL5340558,CHEMBL5394778,CL,mL.min-1.kg-1,=,5.5,CHEMBL612558,,"Clearance in monkey at 3 mg/kg, iv",A,CC[C@@H](C(=O)Nc1ccc(C(N)=O)c(F)c1)n1cc(OC)c(-c2cc(Cl)ccc2-n2cc(Cl)nn2)cc1=O,5.5,mL.min-1.kg-1,species_only_monkey
25530166,CHEMBL5340558,CHEMBL5427131,CL,mL.min-1.kg-1,=,2.0,CHEMBL612558,,"Clearance in monkey at 3 mg/kg, iv",A,CC[C@@H](C(=O)Nc1ccc(C(N)=O)c(F)c1)n1cc(OC)c(-c2cc(Cl)ccc2-n2cc(C(F)(F)F)nn2)cc1=O,2.0,mL.min-1.kg-1,species_only_monkey
25530198,CHEMBL5340578,CHEMBL4112929,CL,mL.min-1.kg-1,=,10.3,CHEMBL612558,,Clearance in cynomolgus monkey,A,C[C@@H]1CCC[C@H](n2cnc(-c3cc(Cl)ccc3-n3cc(Cl)nn3)cc2=O)c2cc(ccn2)-c2c(cnn2C(F)F)NC1=O,10.3,mL.min-1.kg-1,species_only_monkey
25530204,CHEMBL5340584,CHEMBL5411143,CL,mL.min-1.kg-1,=,8.6,CHEMBL612558,,"Clearance in cynomolgus monkey at 1 mg/kg, iv",A,[2H]C([2H])([2H])n1ncc2c1-c1ccnc(c1)[C@@H](c1coc(-c3cc(Cl)ccc3-n3cc(Cl)nn3)cc1=O)CCC[C@@H](C)C(=O)N2,8.6,mL.min-1.kg-1,species_only_monkey
25551162,CHEMBL5346046,CHEMBL5435454,CL,mL.min-1.kg-1,=,22.2,CHEMBL612558,,"Observed clearance in cynomolgus monkey at 1 mg/kg,iv",A,NC(=O)c1ncc(N2CCCCC2)nc1Nc1ccc(C2CCN(C[C@H]3CCN(c4ccc5c(c4)C(=O)N(C4CCC(=O)NC4=O)C5=O)C3)CC2)cc1,22.2,mL.min-1.kg-1,species_only_monkey
25568183,CHEMBL5350447,CHEMBL5425361,CL,mL.min-1.kg-1,=,18.2,CHEMBL612558,,"Clearance in cynomolgus monkey at 5 mg/kg, iv measured upto 24 hrs by LC-MS/MS analysis",A,CN(C)C(=O)/C=C/CNCCOc1ccc(/C(=C(/CC(F)(F)F)c2ccccc2)c2ccc3[nH]nc(F)c3c2)cn1,18.2,mL.min-1.kg-1,species_only_monkey
25570273,CHEMBL5351103,CHEMBL5394570,CL,mL.min-1.kg-1,=,0.09834,CHEMBL612558,,Clearance in cynomolgous monkey at 5 mg/kg by LC-MS/MS analysis,A,CC(=O)N[C@@H](CC(C)C)C(=O)N[C@H](C(=O)N[C@@H](Cc1ccccc1)C(=O)N[C@]1(C)CCCCCC/C=C/CCC[C@@](C)(C(=O)N[C@@H](C)C(=O)N[C@@H](C)C(=O)N[C@@H](C)C(=O)N[C@@H](C)C(=O)N[C@@H](C)C(=O)N[C@H](C)C(N)=O)NC(=O)[C@H](CC(C)C)NC(=O)[C@H](CCC(N)=O)NC(=O)[C@H](C)NC(=O)[C@H](Cc2c[nH]c3ccccc23)NC(=O)[C@H](Cc2ccc(O)cc2)NC(=O)[C@H](CCC(=O)O)NC1=O)[C@@H](C)O,0.09834,mL.min-1.kg-1,species_only_monkey
25570277,CHEMBL5351107,CHEMBL5394570,CL,mL.min-1.kg-1,=,0.1267,CHEMBL612558,,Clearance in cynomolgous monkey at 10 mg/kg by LC-MS/MS analysis,A,CC(=O)N[C@@H](CC(C)C)C(=O)N[C@H](C(=O)N[C@@H](Cc1ccccc1)C(=O)N[C@]1(C)CCCCCC/C=C/CCC[C@@](C)(C(=O)N[C@@H](C)C(=O)N[C@@H](C)C(=O)N[C@@H](C)C(=O)N[C@@H](C)C(=O)N[C@@H](C)C(=O)N[C@H](C)C(N)=O)NC(=O)[C@H](CC(C)C)NC(=O)[C@H](CCC(N)=O)NC(=O)[C@H](C)NC(=O)[C@H](Cc2c[nH]c3ccccc23)NC(=O)[C@H](Cc2ccc(O)cc2)NC(=O)[C@H](CCC(=O)O)NC1=O)[C@@H](C)O,0.1267,mL.min-1.kg-1,species_only_monkey
25570741,CHEMBL5351309,CHEMBL5423499,CL,mL.min-1.kg-1,=,151.0,CHEMBL612558,,"Plasma clearance in cynomolgus monkey at 1 mg/kg, iv measured upto 24 hrs by LC/MS-MS analysis",A,Cc1ccc([C@@H]2C[C@H](CN[C@H](C)c3cccc4ccccc34)Oc3ccccc32)cc1C(=O)O.Cl,151.0,mL.min-1.kg-1,species_only_monkey
25603270,CHEMBL5359002,CHEMBL5428833,CL,mL.min-1.kg-1,=,0.06914,CHEMBL612558,,Stability in cynomolgus monkey assessed as intrinsic clearance,A,CC(C)n1nnnc1[C@@H](c1ccccc1F)N1CCN(c2cccc(Cl)c2)CC1,0.06914,mL.min-1.kg-1,species_only_monkey
25603271,CHEMBL5359002,CHEMBL5395068,CL,mL.min-1.kg-1,=,0.1898,CHEMBL612558,,Stability in cynomolgus monkey assessed as intrinsic clearance,A,CC(C)n1nnnc1[C@H](c1ccccc1F)N1CCN(c2cccc(Cl)c2)CC1,0.1898,mL.min-1.kg-1,species_only_monkey
25629072,CHEMBL5365222,CHEMBL4111091,CL,mL.min-1.kg-1,=,22.0,CHEMBL612558,,"Clearance in monkey at 0.5 mg/kg, iv",A,C[C@@H]1CN(Cc2ccc3c(-c4cnn(C)c4)cc(C(N)=O)nc3c2)C[C@H](C(F)(F)F)O1,22.0,mL.min-1.kg-1,species_only_monkey
25636237,CHEMBL5366979,CHEMBL376359,CL,mL.min-1.kg-1,=,8.8,CHEMBL612558,,"Clearance in Cynomolgus monkey at 10 mg/kg, po measured after 24 hrs by LC/MS/MS analysis",A,Cn1c(=O)cc(N2CCC[C@@H](N)C2)n(Cc2ccccc2C#N)c1=O,8.8,mL.min-1.kg-1,species_only_monkey
25640220,CHEMBL5368263,CHEMBL5403262,CL,mL.min-1.kg-1,=,7.1,CHEMBL612558,,"Clearance in monkey at 1 mg/kg, iv and measured upto 24 hrs",A,COCCOc1ncc(NC(=O)c2cc(C(F)(F)F)nc(-n3ccnc3)n2)cn1,7.1,mL.min-1.kg-1,species_only_monkey
25648638,CHEMBL5370184,CHEMBL5412197,CL,mL.min-1.kg-1,=,22.0,CHEMBL612558,,"Total clearance in Cynomolgous monkey at 3 mg/kg, po or 1 mg/kg, iv",A,Cl.N[C@@H]1c2ccccc2OC12CCN(c1cnc3c(N4CCCc5ncccc54)n[nH]c3n1)CC2,22.0,mL.min-1.kg-1,species_only_monkey
25648639,CHEMBL5370185,CHEMBL5412197,CL,mL.min-1.kg-1,=,340.0,CHEMBL612558,,"Unbound clearance in Cynomolgous monkey at 3 mg/kg, po or 1 mg/kg, iv",A,Cl.N[C@@H]1c2ccccc2OC12CCN(c1cnc3c(N4CCCc5ncccc54)n[nH]c3n1)CC2,340.0,mL.min-1.kg-1,species_only_monkey
25661463,CHEMBL5373740,CHEMBL5418961,CL,mL.min-1.kg-1,=,38.33,CHEMBL612558,,"Unbound clearance in cynomolgus monkey blood at 1 mg/kg, iv",A,COCc1cc(-c2cn(C3COC3)c3cnc(NC(C)=O)cc23)nc([C@]2(OC)CCOC2)c1,38.33,mL.min-1.kg-1,species_only_monkey
25661467,CHEMBL5373744,CHEMBL5403113,CL,mL.min-1.kg-1,=,78.33,CHEMBL612558,,"Unbound clearance in cynomolgus monkey blood at 0.5 mg/kg, iv",A,CO[C@@]1(c2cc(O[C@@H](C)CCO)cc(-c3cn(C)c4cnc(NC(C)=O)cc34)n2)CCOC1,78.33,mL.min-1.kg-1,species_only_monkey
25662609,CHEMBL5373995,CHEMBL4760665,CL,mL.min-1.kg-1,=,10.0,CHEMBL612558,,"Clearance in cynomolgus monkey plasma at 1 mg/kg,iv",A,CCOc1cccnc1Oc1cncc(-c2ncc(C(=O)N[C@H]3CCOC3)cn2)c1,10.0,mL.min-1.kg-1,species_only_monkey
25662611,CHEMBL5373997,CHEMBL4875314,CL,mL.min-1.kg-1,=,17.0,CHEMBL612558,,Clearance in po dosed cynomolgus monkey plasma,A,CCOc1cccnc1Oc1cncc(-c2ncc(C(=O)N[C@@H]3CNC[C@@H](F)C3)cn2)c1,17.0,mL.min-1.kg-1,species_only_monkey
25662617,CHEMBL5374002,CHEMBL4875314,CL,mL.min-1.kg-1,=,0.29,CHEMBL612558,,Renal clearance in po dosed cynomolgus monkey,A,CCOc1cccnc1Oc1cncc(-c2ncc(C(=O)N[C@@H]3CNC[C@@H](F)C3)cn2)c1,0.29,mL.min-1.kg-1,species_only_monkey
25664085,CHEMBL5374386,CHEMBL5396961,CL,mL.min-1.kg-1,=,13.0,CHEMBL612558,,"Total clearance in rhesus monkey at 1 mg/kg, iv measured after 24 hrs by LC-MS/MS analysis",A,C[C@@]1(N2CCC(c3cc4cc(NC(=O)C5CC56CC6)ncc4cc3Cl)CC2)COC[C@@H]1O,13.0,mL.min-1.kg-1,species_only_monkey
25664086,CHEMBL5374387,CHEMBL5396961,CL,mL.min-1.kg-1,=,341.0,CHEMBL612558,,"Intrinsic clearance in rhesus monkey at 1 mg/kg, iv measured after 24 hrs by LC-MS/MS analysis",A,C[C@@]1(N2CCC(c3cc4cc(NC(=O)C5CC56CC6)ncc4cc3Cl)CC2)COC[C@@H]1O,341.0,mL.min-1.kg-1,species_only_monkey
25664107,CHEMBL5374400,CHEMBL5408287,CL,mL.min-1.kg-1,=,22.0,CHEMBL612558,,"Total clearance in rhesus monkey at 3 mg/kg, iv measured after 24 hrs by LC-MS/MS analysis",A,C[C@@]1(N2CCN(c3cc4cc(NC(=O)[C@H]5CC56CCOCC6)ncc4cc3Cl)CC2)COC[C@@H]1O,22.0,mL.min-1.kg-1,species_only_monkey
25673870,CHEMBL5377254,CHEMBL5431962,CL,mL.min-1.kg-1,=,0.52,CHEMBL612558,,"Clearance in Cynomolgus monkey at 3 mg/kg, po or 1 mg/kg, iv measured upto 72 hrs",A,CCOc1cc(F)c2c(-c3ccc(C(=O)O)c(C(C)C)c3)ncnc2c1,0.52,mL.min-1.kg-1,species_only_monkey
25688248,CHEMBL5381601,CHEMBL5426983,CL,mL.min-1.kg-1,=,1.1,CHEMBL612558,,"Clearance in monkey at 5 mg/kg, po",A,Cc1c(OCCNCCCF)ncc(F)c1[C@@H]1c2[nH]c3ccccc3c2C[C@@H](C)N1C[C@@H](C)C(=O)O,1.1,mL.min-1.kg-1,species_only_monkey
25688774,CHEMBL5381773,CHEMBL5314917,CL,mL.min-1.kg-1,=,36.67,CHEMBL612558,,"Plasma clearance in Cynomolgus monkey at 0.2 mg/kg, iv and measured upto 24 hrs",A,Cn1cc(-c2ccc(CNc3cc(-c4cnc5cc(OCCCN6CCCC6)ccn45)ncn3)cc2)cn1,36.67,mL.min-1.kg-1,species_only_monkey
25697863,CHEMBL5384156,CHEMBL5407071,CL,mL.min-1.kg-1,=,31.1,CHEMBL612558,,"Clearance in Cynomolgous monkey at 1 mg/kg, iv",A,Cc1cc(S(=O)(=O)N[C@H](C)C2CCN(C)CC2)ccc1NC(=O)c1ccccc1C,31.1,mL.min-1.kg-1,species_only_monkey
25702435,CHEMBL5385349,CHEMBL5405484,CL,mL.min-1.kg-1,=,95.0,CHEMBL612558,,Unbound plasma clearance in iv dosed Cynomolgus monkey,A,CN1C(=O)[C@](O)(C#Cc2cccc(-n3nc(C(N)=O)c4cccnc43)c2)[C@H]2C[C@H]21,95.0,mL.min-1.kg-1,species_only_monkey
25702436,CHEMBL5385349,CHEMBL4209095,CL,mL.min-1.kg-1,=,58.0,CHEMBL612558,,Unbound plasma clearance in iv dosed Cynomolgus monkey,A,CN1CC[C@@](O)(C#Cc2cccc(-n3nc(C(N)=O)c4cccnc43)c2)C1=O,58.0,mL.min-1.kg-1,species_only_monkey
25838145,CHEMBL5502991,CHEMBL5558638,CL,mL.min-1.kg-1,=,34.2,CHEMBL612558,,Clearance in cynomolgus monkey,A,C=CC(=O)N1CCC[C@@H](Oc2nc(-c3cnn(C)c3)cn3nccc23)CC1,34.2,mL.min-1.kg-1,species_only_monkey
25838146,CHEMBL5502991,CHEMBL5532458,CL,mL.min-1.kg-1,=,53.5,CHEMBL612558,,Clearance in cynomolgus monkey,A,C=CC(=O)N(C)[C@H]1C[C@@](C)(Oc2nc(-c3cnn(C)c3)cn3nccc23)C1,53.5,mL.min-1.kg-1,species_only_monkey
25838147,CHEMBL5502991,CHEMBL5557589,CL,mL.min-1.kg-1,=,37.0,CHEMBL612558,,Clearance in cynomolgus monkey,A,C=CC(=O)N1CC[C@@H]2[C@H]1C[C@]2(C)Oc1nc(-c2cnn(C)c2)cn2nccc12,37.0,mL.min-1.kg-1,species_only_monkey
25851031,CHEMBL5507136,CHEMBL5095260,CL,mL.min-1.kg-1,=,14.0,CHEMBL612558,,"Clearance in cynomolgus monkey at 0.5 mg/kg, iv formulated as a solution in 10% PG:18% PEG400 in water or 5% NMP:95% (10% VitE TPGS in water) measured for 24 hrs by reverse phase liquid chromatography coupled to mass spectrometry",A,C[C@@H]1COCCN1c1cc([C@]2(O)C[C@H]3CC[C@@H](C2)O3)c2cnn(-c3cc[nH]n3)c2n1,14.0,mL.min-1.kg-1,species_only_monkey
25860803,CHEMBL5510193,CHEMBL5561973,CL,mL.min-1.kg-1,=,13.0,CHEMBL612558,,"Clearance in monkey at 1 mg/kg, iv measured upto 24 hrs by LC-MS/MS anlaysis",A,FC(F)c1c(Br)c(Br)cc2c1nc(N1CCNCC1)n2C1CCOCC1,13.0,mL.min-1.kg-1,species_only_monkey
25861410,CHEMBL5510276,CHEMBL5559740,CL,mL.min-1.kg-1,=,15.1,CHEMBL612558,,Clearance in Cynomolgus monkey at iv administration,A,CC(C)Oc1nc2nc(C34COC(C)(C3)C4)cn2cc1C(=O)Nc1cccn(C2CC2)c1=O,15.1,mL.min-1.kg-1,species_only_monkey
25861414,CHEMBL5510280,CHEMBL5559740,CL,mL.min-1.kg-1,=,98.0,CHEMBL612558,,Unbound clearance in Cynomolgus monkey at iv administration,A,CC(C)Oc1nc2nc(C34COC(C)(C3)C4)cn2cc1C(=O)Nc1cccn(C2CC2)c1=O,98.0,mL.min-1.kg-1,species_only_monkey
25864164,CHEMBL5510970,CHEMBL5314433,CL,mL.min-1.kg-1,=,1.1,CHEMBL612558,,"Clearance in cynomolgus monkey at 2 mg/kg,po or 0.5 mg/kg,iv measured after 24 hrs by HPLC analysis",A,CS(=O)(=O)c1cncc(C(=O)N2[C@@H](C(=O)N[C@@H](c3cc(F)c(C(F)(F)F)cc3F)C3CC3)C[C@H]3C[C@H]32)c1,1.1,mL.min-1.kg-1,species_only_monkey
25864165,CHEMBL5510970,CHEMBL5558474,CL,mL.min-1.kg-1,=,8.3,CHEMBL612558,,"Clearance in cynomolgus monkey at 2 mg/kg,po or 0.5 mg/kg,iv measured after 24 hrs by HPLC analysis",A,CS(=O)(=O)c1cncc(C(=O)N2[C@@H](C(=O)N[C@@H](c3cc(F)c(Cl)cc3F)C3CC3)C[C@H]3C[C@H]32)c1,8.3,mL.min-1.kg-1,species_only_monkey
25868261,CHEMBL5511905,CHEMBL5558524,CL,mL.min-1.kg-1,=,15.0,CHEMBL612558,,"Clearance in cynomolgus monkey at 1 mg/kg,iv administration measured for 0.033 to 48 hrs by liquid chromatography tandem mass spectrometry",A,O=C1CN2c3c(cccc3[C@@H]3CN(CCCOc4ccc(F)cc4)CC[C@@H]32)N1,15.0,mL.min-1.kg-1,species_only_monkey
25887778,CHEMBL5518274,CHEMBL2420629,CL,mL.min-1.kg-1,=,9.14,CHEMBL612558,,"Clearance in cynomolgus monkey at 5 mg/kg, po",A,O=C(NCc1ccc(S(=O)(=O)c2cc(F)cc(F)c2)cc1)c1ccc2nccn2c1,9.14,mL.min-1.kg-1,species_only_monkey
25897885,CHEMBL5521488,CHEMBL5549853,CL,mL.min-1.kg-1,=,2.7,CHEMBL612558,,"Clearance in cynomolgus monkey at 1 mg/kg, iv by LC-MS/MS analysis",A,Cc1cnc2c(NC(=O)c3cn4cc(C56COC(C)(C5)C6)nc4nc3OC(C)C)cnn2c1,2.7,mL.min-1.kg-1,species_only_monkey
25897886,CHEMBL5521489,CHEMBL5549853,CL,mL.min-1.kg-1,=,14.0,CHEMBL612558,,"Unbound clearance in cynomolgus monkey at 1 mg/kg, iv by LC-MS/MS analysis",A,Cc1cnc2c(NC(=O)c3cn4cc(C56COC(C)(C5)C6)nc4nc3OC(C)C)cnn2c1,14.0,mL.min-1.kg-1,species_only_monkey
25899121,CHEMBL5521899,CHEMBL5314530,CL,mL.min-1.kg-1,=,2.45,CHEMBL612558,,"Clearance in 8 hrs fasted cynomolgus monkey at 1 mg/kg, iv measured upto 24 hrs by LC-MS/MS analysis",A,COc1cc(N[C@H](C(=O)c2c[nH]c3ccc(OC(F)(F)F)cc23)c2ccc(Cl)cc2OC)cc(S(C)(=O)=O)c1,2.45,mL.min-1.kg-1,species_only_monkey
25901113,CHEMBL5522579,CHEMBL5559571,CL,mL.min-1.kg-1,=,9.1,CHEMBL612558,,"Clearance in Cynomolgus monkey at 3.7 micromol/kg, iv",A,COc1cc(F)c(O[C@H]2CC[C@@](C)(C(=O)O)CC2)cc1C(=O)N[C@@H]1[C@H]2CC[C@H](C2)[C@@H]1C(=O)NCC1(C)CCC1,9.1,mL.min-1.kg-1,species_only_monkey
25906545,CHEMBL5524203,CHEMBL5555202,CL,mL.min-1.kg-1,=,55.67,CHEMBL612558,,"Clearance in monkey at 0.5 mg/kg, iv",A,CC1(C)CC(=O)c2c(C(F)(F)F)nn(Cc3ccc(C(=O)NO)cc3)c2C1,55.67,mL.min-1.kg-1,species_only_monkey
25926205,CHEMBL5529560,CHEMBL5570012,CL,mL.min-1.kg-1,=,20.8,CHEMBL612558,,"Clearance in cynomolgus monkey at 0.25 mg/kg, iv measured after 24 hrs by LC-MS/MS analysis",A,CN1C(=O)c2c(O)c(=O)ccn2N2[C@H](c3ccccc3)c3cc(F)c(F)cc3OCC[C@@H]12,20.8,mL.min-1.kg-1,species_only_monkey
25930769,CHEMBL5530862,CHEMBL5594588,CL,mL.min-1.kg-1,=,18.0,CHEMBL612558,,Clearance in rhesus monkey by measuring compound and its epimer,A,CNC(=O)C(=O)[C@H](CCC(C)(F)F)NC(=O)[C@@H]1[C@H]2CCC[C@H]2CN1C(=O)[C@@H](NC(=O)OC)C(C)(C)C,18.0,mL.min-1.kg-1,species_only_monkey
25950172,CHEMBL5536510,CHEMBL5570267,CL,mL.min-1.kg-1,=,3.15,CHEMBL612558,,"Clearance in rhesus monkey at 1 mg/kg, iv",A,NS(=O)(=O)c1cccc(NC(=O)c2cc(C(F)(F)F)cnc2N2CCC(F)(F)CC2)c1,3.15,mL.min-1.kg-1,species_only_monkey
25950173,CHEMBL5536511,CHEMBL5570267,CL,mL.min-1.kg-1,=,62.0,CHEMBL612558,,"Unbound clearance in rhesus monkey at 2 mg/kg, po",A,NS(=O)(=O)c1cccc(NC(=O)c2cc(C(F)(F)F)cnc2N2CCC(F)(F)CC2)c1,62.0,mL.min-1.kg-1,species_only_monkey
25961067,CHEMBL5539456,CHEMBL3314012,CL,mL.min-1.kg-1,=,3.167,CHEMBL612558,,"Total body clearance in cynomolgus monkey at 1 mg/kg, iv administered as single dose and measured after 24 hrs",A,Cc1ccc(NC(=O)C[C@H](CCC(=O)O)c2noc([C@H]3C[C@@H](CC(C)(C)C)C3)c2C2CC2)c(Cl)c1,3.167,mL.min-1.kg-1,species_only_monkey
25962726,CHEMBL5540039,CHEMBL5563061,CL,mL.min-1.kg-1,=,6.9,CHEMBL612558,,"Clearance in cynomolgus monkey at 1 mg/kg, iv administered as 20% HP-beta-CD formulation by LC-MS/MS analysis",A,N#Cc1ccc(CNC(=O)c2ncc3nc(N4CC[C@@H](O)C4)ccc3c2O)cn1,6.9,mL.min-1.kg-1,species_only_monkey
25963970,CHEMBL5540404,CHEMBL5417105,CL,mL.min-1.kg-1,=,24.5,CHEMBL612558,,"Total clearance in cynomolgus monkey at 0.25 mg/kg, iv",A,CC(C)(C)[C@H](NC(=O)[C@H](Cc1ccncc1)NC(=O)CNC(=O)CC[C@H](NS(=O)(=O)c1ccc(Cl)c(C(F)(F)F)c1)C(=O)O)C(=O)N1CCC[C@H]1CC(N)=O,24.5,mL.min-1.kg-1,species_only_monkey
25963972,CHEMBL5540406,CHEMBL5417105,CL,mL.min-1.kg-1,=,9.117,CHEMBL612558,,"Total clearance in cynomolgus monkey at 0.25 mg/kg, iv pretreated with rifampicin 20 mg/kg, po 1 hr before",A,CC(C)(C)[C@H](NC(=O)[C@H](Cc1ccncc1)NC(=O)CNC(=O)CC[C@H](NS(=O)(=O)c1ccc(Cl)c(C(F)(F)F)c1)C(=O)O)C(=O)N1CCC[C@H]1CC(N)=O,9.117,mL.min-1.kg-1,species_only_monkey
25964053,CHEMBL5540455,CHEMBL5584155,CL,mL.min-1.kg-1,=,0.9184,CHEMBL612558,,"Clearance in cynomolgus monkey at 1 mg/kg, iv",A,CC(C)(C)[C@H](NC(=O)[C@H](Cc1ccncc1)NC(=O)CNC(=O)CC[C@H](NS(=O)(=O)c1ccc(Cl)c(C(F)(F)F)c1)C(=O)O)C(=O)Nc1ccc(C(=O)N2CCC(C(=O)N[C@H](CCCCN)C(=O)N3CC[C@H](N)C3)CC2)cc1,0.9184,mL.min-1.kg-1,species_only_monkey
25978887,CHEMBL5545970,CHEMBL5569312,CL,mL.min-1.kg-1,=,2.9,CHEMBL612558,,"Clearance in cynomolgus monkey at 0.5 mg/kg, iv",A,O=C(COc1ccc(Cl)cc1)NC12CC(c3nnc([C@H]4C[C@@H](OC(F)(F)F)C4)o3)(C1)C2,2.9,mL.min-1.kg-1,species_only_monkey
25983237,CHEMBL5547682,CHEMBL5573027,CL,mL.min-1.kg-1,=,16.2,CHEMBL612558,,"Clearance in Cynomolgus monkey at 1 mg/kg, iv measured for 24 hrs by LC-MS/MS analysis",A,Cc1cc(NC(=O)C(=O)N2C[C@@H](C)CC[C@@H]2c2ccc3scnc3c2)cnc1N,16.2,mL.min-1.kg-1,species_only_monkey
26000166,CHEMBL5553114,CHEMBL5570195,CL,mL.min-1.kg-1,=,4.3,CHEMBL612558,,"Clearance in Cynomolgus monkey at 0.167 mg/kg, iv measured upto 24 hrs by LC-MS/MS analysis",A,CC[C@H](C)[C@@H]1NC(=O)[C@H](CC(C)C)N(C)C(=O)C[C@@H](C(=O)N2CCOCC2)N(C)C(=O)[C@H](C2CCCC2)N(C)C(=O)C2(CCCC2)NC(=O)[C@@H]2CCCN2C(=O)[C@H](CCc2ccc(C(F)(F)F)c(Cl)c2)NC(=O)CN(C)C(=O)[C@H](CC2CCCCC2)N(C)C(=O)[C@@H]2CCN2C(=O)[C@H](C)N(C)C1=O,4.3,mL.min-1.kg-1,species_only_monkey
26000167,CHEMBL5553115,CHEMBL5565237,CL,mL.min-1.kg-1,=,1.81,CHEMBL612558,,"Clearance in Cynomolgus monkey at 0.168 mg/kg, iv measured upto 24 hrs by LC-MS/MS analysis",A,CC[C@H](C)[C@@H]1NC(=O)[C@H](CC(C)C)N(C)C(=O)C[C@@H](C(=O)N2CCCCC2)N(C)C(=O)[C@H](C2CCCC2)N(C)C(=O)C2(CCCC2)NC(=O)[C@@H]2CCCN2C(=O)[C@H](CCc2ccc(C(F)(F)F)c(Cl)c2)NC(=O)CN(C)C(=O)[C@H](CC2CCCCC2)N(C)C(=O)[C@@H]2CCN2C(=O)[C@H](C)N(C)C1=O,1.81,mL.min-1.kg-1,species_only_monkey
26006371,CHEMBL5576445,CHEMBL5591580,CL,mL.min-1.kg-1,=,6.88,CHEMBL612558,,"Clearance in cynomolgus monkey at 1 mg/kg, iv by LC-MS/MS analysis",A,COC(=O)N[C@H](C(=O)N1C[C@H](C(F)(F)F)C[C@H]1C(=O)N[C@H](C#N)C[C@@H]1CCNC1=O)C(C)(C)C,6.88,mL.min-1.kg-1,species_only_monkey
26006374,CHEMBL5576448,CHEMBL5591580,CL,mL.min-1.kg-1,=,0.697,CHEMBL612558,,"Renal clerance in cynomolgus monkey at 1 mg/kg, iv by LC-MS/MS analysis",A,COC(=O)N[C@H](C(=O)N1C[C@H](C(F)(F)F)C[C@H]1C(=O)N[C@H](C#N)C[C@@H]1CCNC1=O)C(C)(C)C,0.697,mL.min-1.kg-1,species_only_monkey
26007334,CHEMBL5576759,CHEMBL5589856,CL,mL.min-1.kg-1,=,0.06,CHEMBL612558,,"Clearance in Cynomolgous monkey at 3 mg/kg,po or 1 mg/kg,iv",A,Cc1nc(Cc2ccc(-c3ccccc3)cc2)nc(C(=O)NCC(=O)O)c1O,0.06,mL.min-1.kg-1,species_only_monkey
26015888,CHEMBL5578872,CHEMBL4752051,CL,mL.min-1.kg-1,=,1.9,CHEMBL612558,,"Clearance in cynomolgus monkey at 0.25 mg/kg, iv measured upto 24 hrs by LC-MS/MS analysis",A,Nc1nc(N2CCC3(CC2)Cc2ncccc2[C@H]3N)cnc1Sc1ccnc(N)c1Cl,1.9,mL.min-1.kg-1,species_only_monkey
26032782,CHEMBL5583127,CHEMBL5592652,CL,mL.min-1.g-1,=,9.0,CHEMBL612558,,"Clearance in monkey at 2 mg/kg, iv",A,CC(c1c[nH]c(=O)c2cc(F)c(F)cc12)N(C)C(=O)Nc1ccc(F)c(C#N)c1,0.009,mL.min-1.kg-1,species_only_monkey
26033501,CHEMBL5583215,CHEMBL5595500,CL,mL.min-1.kg-1,=,11.07,CHEMBL612558,,"Clearance in monkey at 1 mg/kg, iv measured for 24 hrs by LC-MS/MS analysis",A,C[C@@H](Oc1ccc2[nH]nc(-c3ccc(N4CC5(C4)CN(S(C)(=O)=O)C5)nc3)c2c1)c1c(Cl)cncc1Cl,11.07,mL.min-1.kg-1,species_only_monkey
26039398,CHEMBL5585547,CHEMBL4751399,CL,mL.min-1.kg-1,=,2.4,CHEMBL612558,,"Clearance in cynomolgus monkey at 1 mg/kg,iv",A,CCn1c(CO)nn(-c2cc3c(C(C)C)cn(-c4ccccc4C)c(=O)c3cc2F)c1=O,2.4,mL.min-1.kg-1,species_only_monkey
26044726,CHEMBL5586821,CHEMBL5591047,CL,mL.min-1.kg-1,=,0.993,CHEMBL612558,,"Clearance in Cynomolgous monkey at 1 mg/kg, iv measured upto 24 hrs by LC-MS/MS analysis",A,N#Cc1cc(-c2ccc(C(=O)O)c(O)c2)c2oc(F)cc2c1,0.993,mL.min-1.kg-1,species_only_monkey
26051925,CHEMBL5589337,CHEMBL5597482,CL,mL.min-1.kg-1,=,1.59,CHEMBL612558,,"Clearance in cynomolgus monkey at 1 mg/kg, iv by LC-MS/MS analysis",A,CC(C)c1cc(Oc2c(Cl)cc(-n3nc(N)c(=O)[nH]c3=O)cc2Cl)n[nH]c1=O,1.59,mL.min-1.kg-1,species_only_monkey
26199256,CHEMBL5638861,CHEMBL5646860,CL,mL.min-1.kg-1,=,22.0,CHEMBL612558,,"Clearance in Cynomolgus monkey at 1 mg/kg, iv",A,Nc1nonc1-c1nc2cccc(F)c2n1Cc1cccnn1,22.0,mL.min-1.kg-1,species_only_monkey
26224015,CHEMBL5653238,CHEMBL3639728,CL,mL.min-1.kg-1,=,11.0,CHEMBL612558,,"Clearance in monkey at 1.35 mg/kg, iv administered as single dose",A,COc1ncc(F)cc1CNc1ccc(Cc2c[nH]c3ncc(C)cc23)c(F)n1,11.0,mL.min-1.kg-1,species_only_monkey
26225465,CHEMBL5654467,CHEMBL2204538,CL,mL.min-1.kg-1,=,7.7,CHEMBL612558,,Clearance in orally dosed rhesus monkey after 4 hrs by UPLC-MS analysis,A,COCCOc1nc(-c2ccc(Cl)nc2)nc2c1CN(C(=O)c1ncn3ccccc13)CC2,7.7,mL.min-1.kg-1,species_only_monkey
26228569,CHEMBL5657179,CHEMBL1236962,CL,mL.min-1.kg-1,=,3.6,CHEMBL612558,,"Clearance in monkey at 0.1 mg/kg, iv by HPLC/MS/MS analysis",A,COc1ncc(-c2ccc3nccc(-c4ccnnc4)c3c2)cc1NS(=O)(=O)c1ccc(F)cc1F,3.6,mL.min-1.kg-1,species_only_monkey
26278192,CHEMBL5682405,CHEMBL1738758,CL,mL.min-1.kg-1,=,11.2,CHEMBL612558,,"Clearance in male cynomolgus monkey at 5 mg/kg, iv by LC-MS analysis",A,CN1CCN(c2ccc(OC(F)(F)F)c(Nc3ncc4c(n3)-c3c(c(C(N)=O)nn3CCO)CC4)c2)CC1,11.2,mL.min-1.kg-1,species_only_monkey
26283882,CHEMBL5685494,CHEMBL4297627,CL,mL.min-1.kg-1,=,23.33,CHEMBL612558,,"Clearance in monkey at 1 mg/kg, iv administered as 20% hydroxypropyl-beta-cyclodextrin formulation by LC-MS analysis",A,C[C@@H]1CCc2ncc(F)cc2[C@H]2CCCN2c2ccn3ncc(c3n2)C(=O)N1,23.33,mL.min-1.kg-1,species_only_monkey
