activity_id,assay_chembl_id,molecule_chembl_id,type,standard_units,relation,standard_value,target_chembl_id,target_organism,assay_description,assay_type,smiles,clint,units,assay_class
469461,CHEMBL625973,CHEMBL85653,CL,mL.min-1.kg-1,=,66.67,CHEMBL372,Homo sapiens,Clearance of compound in human plasma,A,Cc1ccc(NC(=O)c2cccc(CN3C(=O)N(Cc4cccc(C(=O)Nc5ccc(C)cn5)c4)[C@H](Cc4ccccc4)[C@H](O)[C@@H](O)[C@H]3Cc3ccccc3)c2)nc1,66.67,mL.min-1.kg-1,species_only_human
608116,CHEMBL625493,CHEMBL343495,CL,mL.min-1.kg-1,=,73.33,CHEMBL372,Homo sapiens,plasma clearance in human,A,N=C(N)c1ccc2ncn(CC(=O)Nc3ccc(-c4ccccc4S(N)(=O)=O)cc3)c2c1,73.33,mL.min-1.kg-1,species_only_human
619626,CHEMBL635284,CHEMBL136846,CL,mL.min-1.kg-1,=,33.33,CHEMBL372,Homo sapiens,plasma clearance in human,A,N=C(N)c1ccc2[nH]cc(CC(=O)Nc3ccc(-c4ccccc4S(N)(=O)=O)cc3)c2c1,33.33,mL.min-1.kg-1,species_only_human
855424,CHEMBL877514,CHEMBL473,CL,mL.min-1.g-1,=,0.25,CHEMBL612558,,In vitro Intrinsic clearance was measured as Vmax/KM (human),A,CN(CCOc1ccc(NS(C)(=O)=O)cc1)CCc1ccc(NS(C)(=O)=O)cc1,0.00025,mL.min-1.kg-1,species_only_human
855428,CHEMBL638863,CHEMBL473,CL,mL.min-1.kg-1,=,0.51,CHEMBL612558,,Extrapolated in vivo clearance was measured by N-demethylation using scalling factors (human),A,CN(CCOc1ccc(NS(C)(=O)=O)cc1)CCc1ccc(NS(C)(=O)=O)cc1,0.51,mL.min-1.kg-1,species_only_human
855432,CHEMBL638089,CHEMBL473,CL,mL.min-1.kg-1,=,1.5,CHEMBL612558,,Extrapolated in vivo clearance was measured by all pathways. (Human),A,CN(CCOc1ccc(NS(C)(=O)=O)cc1)CCc1ccc(NS(C)(=O)=O)cc1,1.5,mL.min-1.kg-1,species_only_human
905128,CHEMBL635503,CHEMBL45816,CL,mL.min-1.kg-1,=,7.0,CHEMBL372,Homo sapiens,In vivo clearance in human.,A,COCC(=O)O[C@]1(CCN(C)CCCc2nc3ccccc3[nH]2)CCc2cc(F)ccc2[C@@H]1C(C)C,7.0,mL.min-1.kg-1,species_only_human
905134,CHEMBL635503,CHEMBL655,CL,mL.min-1.kg-1,=,11.0,CHEMBL372,Homo sapiens,In vivo clearance in human.,A,Cc1ncc2n1-c1ccc(Cl)cc1C(c1ccccc1F)=NC2,11.0,mL.min-1.kg-1,species_only_human
906455,CHEMBL875174,CHEMBL113,CL,mL.min-1.kg-1,=,2.0,CHEMBL372,Homo sapiens,In vivo clearance in human,A,Cn1c(=O)c2c(ncn2C)n(C)c1=O,2.0,mL.min-1.kg-1,species_only_human
910341,CHEMBL875174,CHEMBL12,CL,mL.min-1.kg-1,=,0.4,CHEMBL372,Homo sapiens,In vivo clearance in human,A,CN1C(=O)CN=C(c2ccccc2)c2cc(Cl)ccc21,0.4,mL.min-1.kg-1,species_only_human
911736,CHEMBL635503,CHEMBL568,CL,mL.min-1.kg-1,=,1.1,CHEMBL372,Homo sapiens,In vivo clearance in human.,A,O=C1Nc2ccc(Cl)cc2C(c2ccccc2)=NC1O,1.1,mL.min-1.kg-1,species_only_human
912981,CHEMBL635503,CHEMBL957,CL,mL.min-1.kg-1,=,3.7,CHEMBL372,Homo sapiens,In vivo clearance in human.,A,COc1ccccc1Oc1c(NS(=O)(=O)c2ccc(C(C)(C)C)cc2)nc(-c2ncccn2)nc1OCCO,3.7,mL.min-1.kg-1,species_only_human
914448,CHEMBL875174,CHEMBL31601,CL,mL.min-1.kg-1,=,19.6,CHEMBL372,Homo sapiens,In vivo clearance in human,A,CC(C)(C)S(=O)(=O)C[C@@H](Cc1ccccc1)C(=O)N[C@@H](Cc1c[nH]cn1)C(=O)N[C@@H](CC1CCCCC1)[C@@H](O)[C@@H](O)C1CC1,19.6,mL.min-1.kg-1,species_only_human
915691,CHEMBL875174,CHEMBL580,CL,mL.min-1.kg-1,=,1.1,CHEMBL372,Homo sapiens,In vivo clearance in human,A,O=C1Nc2ccc(Cl)cc2C(c2ccccc2Cl)=NC1O,1.1,mL.min-1.kg-1,species_only_human
922995,CHEMBL635503,CHEMBL27,CL,mL.min-1.kg-1,=,13.0,CHEMBL372,Homo sapiens,In vivo clearance in human.,A,CC(C)NCC(O)COc1cccc2ccccc12,13.0,mL.min-1.kg-1,species_only_human
924157,CHEMBL875174,CHEMBL475534,CL,mL.min-1.kg-1,=,18.7,CHEMBL372,Homo sapiens,In vivo clearance in human,A,CCOC(=O)C1=C(C)NC(C)=C(C(=O)OC)C1c1cccc([N+](=O)[O-])c1,18.7,mL.min-1.kg-1,species_only_human
925709,CHEMBL875174,CHEMBL517427,CL,mL.min-1.kg-1,=,20.0,CHEMBL372,Homo sapiens,In vivo clearance in human,A,COC(=O)C1=C(C#N)NC(C)=C(C(=O)OC(C)C)C1c1cccc([N+](=O)[O-])c1,20.0,mL.min-1.kg-1,species_only_human
929771,CHEMBL875174,CHEMBL1355736,CL,mL.min-1.kg-1,=,0.6,CHEMBL372,Homo sapiens,In vivo clearance in human,A,Cn1c(=O)c2nc[nH]c2n(C)c1=O.O,0.6,mL.min-1.kg-1,species_only_human
931154,CHEMBL875174,CHEMBL1484,CL,mL.min-1.kg-1,=,7.0,CHEMBL372,Homo sapiens,In vivo clearance in human,A,COC(=O)C1=C(C)NC(C)=C(C(=O)OCCN(C)Cc2ccccc2)C1c1cccc([N+](=O)[O-])c1,7.0,mL.min-1.kg-1,species_only_human
932510,CHEMBL875174,CHEMBL80,CL,mL.min-1.kg-1,=,25.0,CHEMBL372,Homo sapiens,In vivo clearance in human,A,C=CCN1CC[C@]23c4c5ccc(O)c4O[C@H]2C(=O)CC[C@@]3(O)[C@H]1C5,25.0,mL.min-1.kg-1,species_only_human
932535,CHEMBL635503,CHEMBL23,CL,mL.min-1.kg-1,=,11.5,CHEMBL372,Homo sapiens,In vivo clearance in human.,A,COc1ccc([C@@H]2Sc3ccccc3N(CCN(C)C)C(=O)[C@@H]2OC(C)=O)cc1,11.5,mL.min-1.kg-1,species_only_human
933897,CHEMBL875174,CHEMBL1324,CL,mL.min-1.kg-1,=,2.7,CHEMBL372,Homo sapiens,In vivo clearance in human,A,Cc1ccc(C(=O)c2cc(O)c(O)c([N+](=O)[O-])c2)cc1,2.7,mL.min-1.kg-1,species_only_human
935454,CHEMBL875174,CHEMBL277474,CL,mL.min-1.kg-1,=,0.5,CHEMBL372,Homo sapiens,In vivo clearance in human,A,Cc1cc(=O)n(-c2ccccc2)n1C,0.5,mL.min-1.kg-1,species_only_human
939587,CHEMBL635503,CHEMBL1480,CL,mL.min-1.kg-1,=,11.0,CHEMBL372,Homo sapiens,In vivo clearance in human.,A,CCOC(=O)C1=C(C)NC(C)=C(C(=O)OC)C1c1cccc(Cl)c1Cl,11.0,mL.min-1.kg-1,species_only_human
944862,CHEMBL635503,CHEMBL146506,CL,mL.min-1.kg-1,=,11.0,CHEMBL372,Homo sapiens,In vivo clearance in human.,A,C/C(=C\c1ccc(OCCN2CCOCC2)cc1)c1ccc2c(c1)C(C)(C)CCC2(C)C,11.0,mL.min-1.kg-1,species_only_human
1686447,CHEMBL859419,CHEMBL239800,CL,mL.min-1.g-1,=,50.0,CHEMBL372,Homo sapiens,Clearance in human,A,CN1CC(=O)N=C1NC(=O)Nc1cccc(Cl)c1,0.05,mL.min-1.kg-1,species_only_human
2006125,CHEMBL901249,CHEMBL398110,CL,mL.min-1.kg-1,=,1.5,CHEMBL372,Homo sapiens,Total plasma clearance in iv dosed human,A,CCCn1cnc(C[C@H](CCCN)C(=O)O)c1,1.5,mL.min-1.kg-1,species_only_human
2053360,CHEMBL943021,CHEMBL1760,CL,mL.min-1.kg-1,=,3.1,CHEMBL372,Homo sapiens,Clearance in human,A,CC(C)(C)NCC(O)c1cc(O)cc(O)c1,3.1,mL.min-1.kg-1,species_only_human
2053361,CHEMBL943021,CHEMBL1215,CL,mL.min-1.kg-1,=,30.0,CHEMBL372,Homo sapiens,Clearance in human,A,CNC[C@H](O)c1cccc(O)c1,30.0,mL.min-1.kg-1,species_only_human
2123206,CHEMBL936975,CHEMBL116,CL,mL.min-1.kg-1,=,19.38,CHEMBL372,Homo sapiens,"Total clearance in HIV-seronegative human at 600 mg, po by two compartment model",A,CC(C)CN(C[C@@H](O)[C@H](Cc1ccccc1)NC(=O)O[C@H]1CCOC1)S(=O)(=O)c1ccc(N)cc1,19.38,mL.min-1.kg-1,species_only_human
2123209,CHEMBL936978,CHEMBL116,CL,mL.min-1.kg-1,=,0.6667,CHEMBL372,Homo sapiens,"Distributional clearance in HIV-seronegative human at 600 mg, po by two compartment model",A,CC(C)CN(C[C@@H](O)[C@H](Cc1ccccc1)NC(=O)O[C@H]1CCOC1)S(=O)(=O)c1ccc(N)cc1,0.6667,mL.min-1.kg-1,species_only_human
2126528,CHEMBL935126,CHEMBL29,CL,mL.min-1.kg-1,=,1.2,CHEMBL372,Homo sapiens,"Clearance in human very low birth weight preterm neonates at 28 mg/kg, iv administered every 12 hrs after 24 hrs",A,CC1(C)S[C@@H]2[C@H](NC(=O)Cc3ccccc3)C(=O)N2[C@H]1C(=O)O,1.2,mL.min-1.kg-1,species_only_human
2126534,CHEMBL935127,CHEMBL29,CL,mL.min-1.kg-1,=,1.5,CHEMBL372,Homo sapiens,"Clearance in human very low birth weight preterm neonates at 14 mg/kg, iv administered every 12 hrs after 24 hrs",A,CC1(C)S[C@@H]2[C@H](NC(=O)Cc3ccccc3)C(=O)N2[C@H]1C(=O)O,1.5,mL.min-1.kg-1,species_only_human
2387390,CHEMBL1008006,CHEMBL473921,CL,mL.min-1.g-1,=,2.6,CHEMBL372,Homo sapiens,Intrinsic clearance in human,A,C[C@@H]1CN(Cc2ccc(-c3cccnc3C(=O)N3CCC(Nc4ccc(F)cc4)CC3)cc2)C[C@H](C)N1,0.0026,mL.min-1.kg-1,species_only_human
2387391,CHEMBL1008006,CHEMBL489095,CL,mL.min-1.g-1,=,0.6,CHEMBL372,Homo sapiens,Intrinsic clearance in human,A,C[C@H]1CN(Cc2ccc(CC(=O)N3CCC(Nc4cccc(F)c4)CC3)cc2)CCN1,0.0006,mL.min-1.kg-1,species_only_human
2387392,CHEMBL1008006,CHEMBL489480,CL,mL.min-1.g-1,=,0.5,CHEMBL372,Homo sapiens,Intrinsic clearance in human,A,C[C@H]1CN(Cc2ccc(CC(=O)N3CCC(Nc4cccc(C#N)c4)CC3)cc2)CCN1,0.0005,mL.min-1.kg-1,species_only_human
2410531,CHEMBL976174,CHEMBL484528,CL,mL.min-1.kg-1,=,3.4,CHEMBL372,Homo sapiens,Clearance in human plasma at 15 mg,A,Cc1cc2ncc(C(=O)N3CCC([C@H](N)Cc4cc(F)c(F)cc4F)CC3)c(C)n2n1,3.4,mL.min-1.kg-1,species_only_human
2495121,CHEMBL1028819,CHEMBL638,CL,mL.min-1.kg-1,=,4.232,CHEMBL372,Homo sapiens,"Clearance in healthy human at 2 mg, po twice a day for 30 days measured after 2 days of last dose",A,C[C@@H](c1ncncc1F)[C@](O)(Cn1cncn1)c1ccc(F)cc1F,4.232,mL.min-1.kg-1,species_only_human
2500719,CHEMBL1027173,CHEMBL158,CL,mL.min-1.kg-1,=,1.84,CHEMBL372,Homo sapiens,Total body clearance in human cystic fibrosis patient at 2000 mg/20 mins infusion,A,C[C@H]1[C@H](NC(=O)/C(=N\OC(C)(C)C(=O)O)c2csc(N)n2)C(=O)N1S(=O)(=O)O,1.84,mL.min-1.kg-1,species_only_human
2500720,CHEMBL1027174,CHEMBL158,CL,mL.min-1.kg-1,=,1.31,CHEMBL372,Homo sapiens,Total body clearance in healthy human at 2000 mg/20 mins infusion,A,C[C@H]1[C@H](NC(=O)/C(=N\OC(C)(C)C(=O)O)c2csc(N)n2)C(=O)N1S(=O)(=O)O,1.31,mL.min-1.kg-1,species_only_human
2556231,CHEMBL990036,CHEMBL64391,CL,mL.min-1.kg-1,=,11.71,CHEMBL372,Homo sapiens,"Clearance in human at risk for fungal infection at 2.5 mg/kg, iv in 0.1 g/kg hydroxypropyl-beta-cyclodextrin administered as single dose",A,CCC(C)n1ncn(-c2ccc(N3CCN(c4ccc(OCC5COC(Cn6cncn6)(c6ccc(Cl)cc6Cl)O5)cc4)CC3)cc2)c1=O,11.71,mL.min-1.kg-1,species_only_human
2568908,CHEMBL971708,CHEMBL456963,CL,mL.min-1.kg-1,=,65.0,CHEMBL375,Mus musculus,"Plasma clearance in BALB/c mouse bearing human HCT116 cells xenografts at 0.2 mg/kg, iv",A,O=C(NC1CCCCC1)c1n[nH]cc1NC(=O)c1c(F)cccc1F,65.0,mL.min-1.kg-1,species_only_human
2568909,CHEMBL971708,CHEMBL445813,CL,mL.min-1.kg-1,=,52.0,CHEMBL375,Mus musculus,"Plasma clearance in BALB/c mouse bearing human HCT116 cells xenografts at 0.2 mg/kg, iv",A,O=C(NC1CCNCC1)c1n[nH]cc1NC(=O)c1c(Cl)cccc1Cl,52.0,mL.min-1.kg-1,species_only_human
2568910,CHEMBL971708,CHEMBL497477,CL,mL.min-1.kg-1,=,56.0,CHEMBL375,Mus musculus,"Plasma clearance in BALB/c mouse bearing human HCT116 cells xenografts at 0.2 mg/kg, iv",A,O=C(NC1CCNCC1)c1n[nH]cc1NC(=O)c1c(F)cccc1Cl,56.0,mL.min-1.kg-1,species_only_human
2568911,CHEMBL971708,CHEMBL497306,CL,mL.min-1.kg-1,=,38.0,CHEMBL375,Mus musculus,"Plasma clearance in BALB/c mouse bearing human HCT116 cells xenografts at 0.2 mg/kg, iv",A,COc1cccc(F)c1C(=O)Nc1c[nH]nc1C(=O)NC1CCNCC1,38.0,mL.min-1.kg-1,species_only_human
2568912,CHEMBL971708,CHEMBL448316,CL,mL.min-1.kg-1,=,71.0,CHEMBL375,Mus musculus,"Plasma clearance in BALB/c mouse bearing human HCT116 cells xenografts at 0.2 mg/kg, iv",A,O=C(NC1CCNCC1)c1n[nH]cc1NC(=O)c1c(F)cc(F)cc1F,71.0,mL.min-1.kg-1,species_only_human
2568913,CHEMBL971708,CHEMBL498659,CL,mL.min-1.kg-1,=,48.0,CHEMBL375,Mus musculus,"Plasma clearance in BALB/c mouse bearing human HCT116 cells xenografts at 0.2 mg/kg, iv",A,Cl.O=C(N[C@H]1CCCNC1)c1n[nH]cc1NC(=O)c1c(F)cccc1F,48.0,mL.min-1.kg-1,species_only_human
2568914,CHEMBL971708,CHEMBL457388,CL,mL.min-1.kg-1,=,43.0,CHEMBL375,Mus musculus,"Plasma clearance in BALB/c mouse bearing human HCT116 cells xenografts at 0.2 mg/kg, iv",A,O=C(NC1CCNCC1)c1n[nH]cc1NC(=O)c1c(F)cccc1F,43.0,mL.min-1.kg-1,species_only_human
2568915,CHEMBL971708,CHEMBL507167,CL,mL.min-1.kg-1,=,63.0,CHEMBL375,Mus musculus,"Plasma clearance in BALB/c mouse bearing human HCT116 cells xenografts at 0.2 mg/kg, iv",A,N[C@H]1CC[C@H](NC(=O)c2n[nH]cc2NC(=O)c2c(F)cccc2F)CC1,63.0,mL.min-1.kg-1,species_only_human
2568916,CHEMBL971708,CHEMBL457177,CL,mL.min-1.kg-1,=,42.0,CHEMBL375,Mus musculus,"Plasma clearance in BALB/c mouse bearing human HCT116 cells xenografts at 0.2 mg/kg, iv",A,O=C(N[C@H]1CC[C@H](O)CC1)c1n[nH]cc1NC(=O)c1c(F)cccc1F,42.0,mL.min-1.kg-1,species_only_human
2568917,CHEMBL971708,CHEMBL510578,CL,mL.min-1.kg-1,=,66.0,CHEMBL375,Mus musculus,"Plasma clearance in BALB/c mouse bearing human HCT116 cells xenografts at 0.2 mg/kg, iv",A,O=C(NCC1CC1)c1n[nH]cc1NC(=O)c1c(F)cccc1F,66.0,mL.min-1.kg-1,species_only_human
2568918,CHEMBL971708,CHEMBL518383,CL,mL.min-1.kg-1,=,40.0,CHEMBL375,Mus musculus,"Plasma clearance in BALB/c mouse bearing human HCT116 cells xenografts at 0.2 mg/kg, iv",A,O=C(Nc1ccc(F)cc1)c1n[nH]cc1NC(=O)c1c(F)cccc1F,40.0,mL.min-1.kg-1,species_only_human
2656274,CHEMBL1027757,CHEMBL549344,CL,mL.min-1.kg-1,=,7.7,CHEMBL372,Homo sapiens,"Clearance in human at 2 mg, iv",A,CCc1nc2c(N)nc3ccccc3c2n1CCCCNS(C)(=O)=O,7.7,mL.min-1.kg-1,species_only_human
2656299,CHEMBL1028541,CHEMBL281724,CL,mL.min-1.kg-1,=,1.8,CHEMBL372,Homo sapiens,"Clearance in human administered three way cross over study in 11, 10 and 12 healthy subjects at 5, 10, 15 mg dose respectively as 1 hr infusion",A,CN(c1nc2ccccc2s1)C1CCN(C[C@H](O)COc2ccc(F)c(F)c2)CC1,1.8,mL.min-1.kg-1,species_only_human
2656303,CHEMBL1028545,CHEMBL281724,CL,mL.min-1.kg-1,=,1.54,CHEMBL372,Homo sapiens,Clearance in human given 31 administration across 6 doses 2.5 to 25 mg administered 30 mins infusion each dose separated by 13 days,A,CN(c1nc2ccccc2s1)C1CCN(C[C@H](O)COc2ccc(F)c(F)c2)CC1,1.54,mL.min-1.kg-1,species_only_human
2671343,CHEMBL1035433,CHEMBL1380,CL,mL.min-1.kg-1,=,13.0,CHEMBL372,Homo sapiens,Total body clearance in human,A,Nc1nc(NC2CC2)c2ncn([C@H]3C=C[C@@H](CO)C3)c2n1,13.0,mL.min-1.kg-1,species_only_human
2671345,CHEMBL1035433,CHEMBL642,CL,mL.min-1.kg-1,=,10.0,CHEMBL372,Homo sapiens,Total body clearance in human,A,CCCC(=O)Nc1ccc(OCC(O)CNC(C)C)c(C(C)=O)c1,10.0,mL.min-1.kg-1,species_only_human
2671347,CHEMBL1035433,CHEMBL1097,CL,mL.min-1.kg-1,=,4.0,CHEMBL372,Homo sapiens,Total body clearance in human,A,CCN(CC)CCNC(=O)c1ccc(NC(C)=O)cc1,4.0,mL.min-1.kg-1,species_only_human
2671349,CHEMBL1035433,CHEMBL112,CL,mL.min-1.kg-1,=,5.0,CHEMBL372,Homo sapiens,Total body clearance in human,A,CC(=O)Nc1ccc(O)cc1,5.0,mL.min-1.kg-1,species_only_human
2671351,CHEMBL1035433,CHEMBL20,CL,mL.min-1.kg-1,=,0.65,CHEMBL372,Homo sapiens,Total body clearance in human,A,CC(=O)Nc1nnc(S(N)(=O)=O)s1,0.65,mL.min-1.kg-1,species_only_human
2671353,CHEMBL1035433,CHEMBL25,CL,mL.min-1.kg-1,=,12.0,CHEMBL372,Homo sapiens,Total body clearance in human,A,CC(=O)Oc1ccccc1C(=O)O,12.0,mL.min-1.kg-1,species_only_human
2671355,CHEMBL1035433,CHEMBL184,CL,mL.min-1.kg-1,=,4.7,CHEMBL372,Homo sapiens,Total body clearance in human,A,Nc1nc2c(ncn2COCCO)c(=O)[nH]1,4.7,mL.min-1.kg-1,species_only_human
2671357,CHEMBL1035433,CHEMBL484,CL,mL.min-1.kg-1,=,3.7,CHEMBL372,Homo sapiens,Total body clearance in human,A,Nc1ncnc2c1ncn2CCOCP(=O)(O)O,3.7,mL.min-1.kg-1,species_only_human
2671359,CHEMBL1035433,CHEMBL328250,CL,mL.min-1.kg-1,=,6.2,CHEMBL372,Homo sapiens,Total body clearance in human,A,CN(C)Cc1nnc2n1-c1ccc(Cl)cc1C(c1ccccc1)=NC2,6.2,mL.min-1.kg-1,species_only_human
2671361,CHEMBL1035433,CHEMBL634,CL,mL.min-1.kg-1,=,3.9,CHEMBL372,Homo sapiens,Total body clearance in human,A,CCC(=O)N(c1ccccc1)C1(COC)CCN(CCn2nnn(CC)c2=O)CC1,3.9,mL.min-1.kg-1,species_only_human
2671363,CHEMBL1035433,CHEMBL1467,CL,mL.min-1.kg-1,=,11.0,CHEMBL372,Homo sapiens,Total body clearance in human,A,Oc1ncnc2[nH]ncc12,11.0,mL.min-1.kg-1,species_only_human
2671365,CHEMBL1035433,CHEMBL1505,CL,mL.min-1.kg-1,=,8.9,CHEMBL372,Homo sapiens,Total body clearance in human,A,CN(C)CCc1c[nH]c2ccc(CS(=O)(=O)N3CCCC3)cc12,8.9,mL.min-1.kg-1,species_only_human
2671367,CHEMBL1035433,CHEMBL661,CL,mL.min-1.kg-1,=,0.74,CHEMBL372,Homo sapiens,Total body clearance in human,A,Cc1nnc2n1-c1ccc(Cl)cc1C(c1ccccc1)=NC2,0.74,mL.min-1.kg-1,species_only_human
2671369,CHEMBL1035433,CHEMBL266195,CL,mL.min-1.kg-1,=,15.0,CHEMBL372,Homo sapiens,Total body clearance in human,A,C=CCc1ccccc1OCC(O)CNC(C)C,15.0,mL.min-1.kg-1,species_only_human
2671371,CHEMBL1035433,CHEMBL660,CL,mL.min-1.kg-1,=,4.8,CHEMBL372,Homo sapiens,Total body clearance in human,A,NC12CC3CC(CC(C3)C1)C2,4.8,mL.min-1.kg-1,species_only_human
2671373,CHEMBL1035433,CHEMBL564390,CL,mL.min-1.kg-1,=,6.5,CHEMBL372,Homo sapiens,Total body clearance in human,A,CC[C@@]1(O)C(=O)OCc2c1cc1n(c2=O)Cc2c-1nc1ccccc1c2N,6.5,mL.min-1.kg-1,species_only_human
2671375,CHEMBL1035433,CHEMBL633,CL,mL.min-1.kg-1,=,1.9,CHEMBL372,Homo sapiens,Total body clearance in human,A,CCCCc1oc2ccccc2c1C(=O)c1cc(I)c(OCCN(CC)CC)c(I)c1,1.9,mL.min-1.kg-1,species_only_human
2671377,CHEMBL1035433,CHEMBL243712,CL,mL.min-1.kg-1,=,7.8,CHEMBL372,Homo sapiens,Total body clearance in human,A,CCN1CCCC1CNC(=O)c1cc(S(=O)(=O)CC)c(N)cc1OC,7.8,mL.min-1.kg-1,species_only_human
2671379,CHEMBL1035433,CHEMBL629,CL,mL.min-1.kg-1,=,6.1,CHEMBL372,Homo sapiens,Total body clearance in human,A,CN(C)CCC=C1c2ccccc2CCc2ccccc21,6.1,mL.min-1.kg-1,species_only_human
2671381,CHEMBL1035433,CHEMBL1491,CL,mL.min-1.kg-1,=,7.0,CHEMBL372,Homo sapiens,Total body clearance in human,A,CCOC(=O)C1=C(COCCN)NC(C)=C(C(=O)OC)C1c1ccccc1Cl,7.0,mL.min-1.kg-1,species_only_human
2671383,CHEMBL1035433,CHEMBL1082,CL,mL.min-1.kg-1,=,3.3,CHEMBL372,Homo sapiens,Total body clearance in human,A,CC1(C)S[C@@H]2[C@H](NC(=O)[C@H](N)c3ccc(O)cc3)C(=O)N2[C@H]1C(=O)O,3.3,mL.min-1.kg-1,species_only_human
2671385,CHEMBL1035433,CHEMBL174,CL,mL.min-1.kg-1,=,2.8,CHEMBL372,Homo sapiens,Total body clearance in human,A,CC1(C)S[C@@H]2[C@H](NC(=O)[C@H](N)c3ccccc3)C(=O)N2[C@H]1C(=O)O,2.8,mL.min-1.kg-1,species_only_human
2671387,CHEMBL1035433,CHEMBL12856,CL,mL.min-1.kg-1,=,8.9,CHEMBL372,Homo sapiens,Total body clearance in human,A,Nc1cc(-c2ccncc2)c[nH]c1=O,8.9,mL.min-1.kg-1,species_only_human
2671389,CHEMBL1035433,CHEMBL277474,CL,mL.min-1.kg-1,=,0.64,CHEMBL372,Homo sapiens,Total body clearance in human,A,Cc1cc(=O)n(-c2ccccc2)n1C,0.64,mL.min-1.kg-1,species_only_human
2671391,CHEMBL1035433,CHEMBL24,CL,mL.min-1.kg-1,=,2.5,CHEMBL372,Homo sapiens,Total body clearance in human,A,CC(C)NCC(O)COc1ccc(CC(N)=O)cc1,2.5,mL.min-1.kg-1,species_only_human
2671393,CHEMBL1035433,CHEMBL641,CL,mL.min-1.kg-1,=,9.3,CHEMBL372,Homo sapiens,Total body clearance in human,A,CNCC[C@@H](Oc1ccccc1C)c1ccccc1,9.3,mL.min-1.kg-1,species_only_human
2671395,CHEMBL1035433,CHEMBL1450,CL,mL.min-1.kg-1,=,0.15,CHEMBL372,Homo sapiens,Total body clearance in human,A,O=C1C(O)=C([C@H]2CC[C@H](c3ccc(Cl)cc3)CC2)C(=O)c2ccccc21,0.15,mL.min-1.kg-1,species_only_human
2671397,CHEMBL1035433,CHEMBL517712,CL,mL.min-1.kg-1,=,7.6,CHEMBL372,Homo sapiens,Total body clearance in human,A,CN1[C@@H]2CC[C@H]1C[C@@H](OC(=O)C(CO)c1ccccc1)C2,7.6,mL.min-1.kg-1,species_only_human
2671399,CHEMBL1035433,CHEMBL639,CL,mL.min-1.kg-1,=,9.0,CHEMBL372,Homo sapiens,Total body clearance in human,A,CN1CCCC(n2nc(Cc3ccc(Cl)cc3)c3ccccc3c2=O)CC1,9.0,mL.min-1.kg-1,species_only_human
2671401,CHEMBL1035433,CHEMBL529,CL,mL.min-1.kg-1,=,10.0,CHEMBL372,Homo sapiens,Total body clearance in human,A,CC[C@H]1OC(=O)[C@H](C)[C@@H](O[C@H]2C[C@@](C)(OC)[C@@H](O)[C@H](C)O2)[C@H](C)[C@@H](O[C@@H]2O[C@H](C)C[C@H](N(C)C)[C@H]2O)[C@](C)(O)C[C@@H](C)CN(C)[C@H](C)[C@@H](O)[C@]1(C)O,10.0,mL.min-1.kg-1,species_only_human
2671403,CHEMBL1035433,CHEMBL1537,CL,mL.min-1.kg-1,=,2.5,CHEMBL372,Homo sapiens,Total body clearance in human,A,CC1(C)S[C@@H]2[C@H](NC(=O)[C@H](NC(=O)N3CCNC3=O)c3ccccc3)C(=O)N2[C@H]1C(=O)O,2.5,mL.min-1.kg-1,species_only_human
2671405,CHEMBL1035433,CHEMBL158,CL,mL.min-1.kg-1,=,1.5,CHEMBL372,Homo sapiens,Total body clearance in human,A,C[C@H]1[C@H](NC(=O)/C(=N\OC(C)(C)C(=O)O)c2csc(N)n2)C(=O)N1S(=O)(=O)O,1.5,mL.min-1.kg-1,species_only_human
2671407,CHEMBL1035433,CHEMBL632,CL,mL.min-1.kg-1,=,2.8,CHEMBL372,Homo sapiens,Total body clearance in human,A,C[C@H]1C[C@H]2[C@@H]3CCC4=CC(=O)C=C[C@]4(C)[C@@]3(F)[C@@H](O)C[C@]2(C)[C@@]1(O)C(=O)CO,2.8,mL.min-1.kg-1,species_only_human
2671409,CHEMBL1035433,CHEMBL423,CL,mL.min-1.kg-1,=,3.4,CHEMBL372,Homo sapiens,Total body clearance in human,A,CC(C)NCC(O)COc1ccc(CCOCC2CC2)cc1,3.4,mL.min-1.kg-1,species_only_human
2671411,CHEMBL1035433,CHEMBL314010,CL,mL.min-1.kg-1,=,5.5,CHEMBL372,Homo sapiens,Total body clearance in human,A,COc1ccc(CCNCC(O)COc2cccc(C)c2)cc1OC,5.5,mL.min-1.kg-1,species_only_human
2671413,CHEMBL1035433,CHEMBL285347,CL,mL.min-1.kg-1,=,2.5,CHEMBL372,Homo sapiens,Total body clearance in human,A,C[C@@H](O)[C@H]1C(=O)N2C(C(=O)[O-])=C(SC3Cn4cnc[n+]4C3)[C@H](C)[C@H]12,2.5,mL.min-1.kg-1,species_only_human
2671415,CHEMBL1035433,CHEMBL645,CL,mL.min-1.kg-1,=,3.7,CHEMBL372,Homo sapiens,Total body clearance in human,A,CC(C)NCC(O)COc1ccc(COCCOC(C)C)cc1,3.7,mL.min-1.kg-1,species_only_human
2671417,CHEMBL1035433,CHEMBL277062,CL,mL.min-1.kg-1,=,0.51,CHEMBL372,Homo sapiens,Total body clearance in human,A,O=C1CN=C(c2ccccn2)c2cc(Br)ccc2N1,0.51,mL.min-1.kg-1,species_only_human
2671419,CHEMBL1035433,CHEMBL1077,CL,mL.min-1.kg-1,=,1.3,CHEMBL372,Homo sapiens,Total body clearance in human,A,Nc1c(CC(=O)O)cccc1C(=O)c1ccc(Br)cc1,1.3,mL.min-1.kg-1,species_only_human
2671421,CHEMBL1035433,CHEMBL399510,CL,mL.min-1.kg-1,=,13.0,CHEMBL372,Homo sapiens,Total body clearance in human,A,CCN(CC)CCNC(=O)c1cc(Br)c(N)cc1OC,13.0,mL.min-1.kg-1,species_only_human
2671423,CHEMBL1035433,CHEMBL1370,CL,mL.min-1.kg-1,=,20.0,CHEMBL372,Homo sapiens,Total body clearance in human,A,CCCC1O[C@@H]2C[C@H]3[C@@H]4CCC5=CC(=O)C=C[C@]5(C)[C@H]4[C@@H](O)C[C@]3(C)[C@]2(C(=O)CO)O1,20.0,mL.min-1.kg-1,species_only_human
2671425,CHEMBL1035433,CHEMBL188921,CL,mL.min-1.kg-1,=,5.6,CHEMBL372,Homo sapiens,Total body clearance in human,A,COc1cc(OC)c(C(=O)CCCN2CCCC2)c(OC)c1,5.6,mL.min-1.kg-1,species_only_human
2671427,CHEMBL1035433,CHEMBL296035,CL,mL.min-1.kg-1,=,8.9,CHEMBL372,Homo sapiens,Total body clearance in human,A,CCc1cccc2cc(C(O)CNC(C)(C)C)oc12,8.9,mL.min-1.kg-1,species_only_human
2671429,CHEMBL1035433,CHEMBL1072,CL,mL.min-1.kg-1,=,2.5,CHEMBL372,Homo sapiens,Total body clearance in human,A,CCCCNc1cc(C(=O)O)cc(S(N)(=O)=O)c1Oc1ccccc1,2.5,mL.min-1.kg-1,species_only_human
2671431,CHEMBL1035433,CHEMBL1098,CL,mL.min-1.kg-1,=,4.3,CHEMBL372,Homo sapiens,Total body clearance in human,A,CCCCN1CCCCC1C(=O)Nc1c(C)cccc1C,4.3,mL.min-1.kg-1,species_only_human
2671433,CHEMBL1035433,CHEMBL511142,CL,mL.min-1.kg-1,=,19.0,CHEMBL372,Homo sapiens,Total body clearance in human,A,CO[C@@]12CC[C@@]3(C[C@@H]1[C@](C)(O)C(C)(C)C)[C@H]1Cc4ccc(O)c5c4[C@@]3(CCN1CC1CC1)[C@H]2O5,19.0,mL.min-1.kg-1,species_only_human
2671435,CHEMBL1035433,CHEMBL820,CL,mL.min-1.kg-1,=,2.4,CHEMBL372,Homo sapiens,Total body clearance in human,A,CS(=O)(=O)OCCCCOS(C)(=O)=O,2.4,mL.min-1.kg-1,species_only_human
2671437,CHEMBL1035433,CHEMBL33986,CL,mL.min-1.kg-1,=,41.0,CHEMBL372,Homo sapiens,Total body clearance in human,A,Oc1ccc2c(c1)[C@@]13CCCC[C@@]1(O)[C@@H](C2)N(CC1CCC1)CC3,41.0,mL.min-1.kg-1,species_only_human
2671439,CHEMBL1035433,CHEMBL113,CL,mL.min-1.kg-1,=,1.4,CHEMBL372,Homo sapiens,Total body clearance in human,A,Cn1c(=O)c2c(ncn2C)n(C)c1=O,1.4,mL.min-1.kg-1,species_only_human
2671441,CHEMBL1035433,CHEMBL1560,CL,mL.min-1.kg-1,=,12.0,CHEMBL372,Homo sapiens,Total body clearance in human,A,C[C@H](CS)C(=O)N1CCC[C@H]1C(=O)O,12.0,mL.min-1.kg-1,species_only_human
2671443,CHEMBL1035433,CHEMBL1214,CL,mL.min-1.kg-1,=,1.9,CHEMBL372,Homo sapiens,Total body clearance in human,A,CC1(C)S[C@@H]2[C@H](NC(=O)C(C(=O)O)c3ccccc3)C(=O)N2[C@H]1C(=O)O,1.9,mL.min-1.kg-1,species_only_human
2671445,CHEMBL1035433,CHEMBL723,CL,mL.min-1.kg-1,=,7.8,CHEMBL372,Homo sapiens,Total body clearance in human,A,COc1ccccc1OCCNCC(O)COc1cccc2[nH]c3ccccc3c12,7.8,mL.min-1.kg-1,species_only_human
2671447,CHEMBL1035433,CHEMBL1644,CL,mL.min-1.kg-1,=,2.5,CHEMBL372,Homo sapiens,Total body clearance in human,A,CC1=C(C(=O)O)N2C(=O)[C@@H](NC(=O)[C@H](N)c3ccc(O)cc3)[C@H]2SC1,2.5,mL.min-1.kg-1,species_only_human
2671449,CHEMBL1035433,CHEMBL1146,CL,mL.min-1.kg-1,=,3.6,CHEMBL372,Homo sapiens,Total body clearance in human,A,Cn1nnnc1SCC1=C(C(=O)O)N2C(=O)[C@@H](NC(=O)[C@H](O)c3ccccc3)[C@H]2SC1,3.6,mL.min-1.kg-1,species_only_human
2671451,CHEMBL1035433,CHEMBL1095284,CL,mL.min-1.kg-1,=,3.3,CHEMBL372,Homo sapiens,Total body clearance in human,A,N[C@@H](C(=O)N[C@@H]1C(=O)N2C(C(=O)O)=C(CSc3c[nH]nn3)CS[C@H]12)c1ccc(O)cc1,3.3,mL.min-1.kg-1,species_only_human
2671453,CHEMBL1035433,CHEMBL1435,CL,mL.min-1.kg-1,=,0.89,CHEMBL372,Homo sapiens,Total body clearance in human,A,Cc1nnc(SCC2=C(C(=O)O)N3C(=O)[C@@H](NC(=O)Cn4cnnn4)[C@H]3SC2)s1,0.89,mL.min-1.kg-1,species_only_human
2671455,CHEMBL1035433,CHEMBL186,CL,mL.min-1.kg-1,=,2.2,CHEMBL372,Homo sapiens,Total body clearance in human,A,CO/N=C(\C(=O)N[C@@H]1C(=O)N2C(C(=O)[O-])=C(C[N+]3(C)CCCC3)CS[C@H]12)c1csc(N)n1,2.2,mL.min-1.kg-1,species_only_human
2671457,CHEMBL1035433,CHEMBL2103764,CL,mL.min-1.kg-1,=,1.9,CHEMBL372,Homo sapiens,Total body clearance in human,A,CO/N=C(\C(=O)N[C@@H]1C(=O)N2C(C(=O)O)=C(C)CS[C@H]12)c1csc(N)n1,1.9,mL.min-1.kg-1,species_only_human
2671459,CHEMBL1035433,CHEMBL1541,CL,mL.min-1.kg-1,=,1.0,CHEMBL372,Homo sapiens,Total body clearance in human,A,C=CC1=C(C(=O)O)N2C(=O)[C@@H](NC(=O)/C(=N\OCC(=O)O)c3csc(N)n3)[C@H]2SC1,1.0,mL.min-1.kg-1,species_only_human
2671461,CHEMBL1035433,CHEMBL1730,CL,mL.min-1.kg-1,=,2.7,CHEMBL372,Homo sapiens,Total body clearance in human,A,CO/N=C(\C(=O)N[C@@H]1C(=O)N2C(C(=O)O)=C(COC(C)=O)CS[C@H]12)c1csc(N)n1,2.7,mL.min-1.kg-1,species_only_human
2671463,CHEMBL1035433,CHEMBL44354,CL,mL.min-1.kg-1,=,2.4,CHEMBL372,Homo sapiens,Total body clearance in human,A,CC(C)(O/N=C(\C(=O)N[C@@H]1C(=O)N2C(C(=O)[O-])=C(C[n+]3ccccc3)CS[C@H]12)c1csc(N)n1)C(=O)O,2.4,mL.min-1.kg-1,species_only_human
2671465,CHEMBL1035433,CHEMBL528,CL,mL.min-1.kg-1,=,2.1,CHEMBL372,Homo sapiens,Total body clearance in human,A,CO/N=C(\C(=O)N[C@@H]1C(=O)N2C(C(=O)O)=CCS[C@H]12)c1csc(N)n1,2.1,mL.min-1.kg-1,species_only_human
2671467,CHEMBL1035433,CHEMBL161,CL,mL.min-1.kg-1,=,0.26,CHEMBL372,Homo sapiens,Total body clearance in human,A,CO/N=C(\C(=O)N[C@@H]1C(=O)N2C(C(=O)O)=C(CSc3nc(=O)c(O)nn3C)CS[C@H]12)c1csc(N)n1,0.26,mL.min-1.kg-1,species_only_human
2671469,CHEMBL1035433,CHEMBL1436,CL,mL.min-1.kg-1,=,2.2,CHEMBL372,Homo sapiens,Total body clearance in human,A,CO/N=C(\C(=O)N[C@@H]1C(=O)N2C(C(=O)O)=C(COC(N)=O)CS[C@H]12)c1ccco1,2.2,mL.min-1.kg-1,species_only_human
2671471,CHEMBL1035433,CHEMBL1727,CL,mL.min-1.kg-1,=,3.9,CHEMBL372,Homo sapiens,Total body clearance in human,A,CC1=C(C(=O)O)N2C(=O)[C@@H](NC(=O)[C@H](N)c3ccccc3)[C@H]2SC1,3.9,mL.min-1.kg-1,species_only_human
2671473,CHEMBL1035433,CHEMBL1604,CL,mL.min-1.kg-1,=,3.3,CHEMBL372,Homo sapiens,Total body clearance in human,A,CC1=C(C(=O)O)N2C(=O)[C@@H](NC(=O)[C@H](N)C3=CCC=CC3)[C@H]2SC1,3.3,mL.min-1.kg-1,species_only_human
2671475,CHEMBL1035433,CHEMBL1477,CL,mL.min-1.kg-1,=,2.9,CHEMBL372,Homo sapiens,Total body clearance in human,A,COCc1c(C(C)C)nc(C(C)C)c(/C=C/[C@@H](O)C[C@@H](O)CC(=O)O)c1-c1ccc(F)cc1,2.9,mL.min-1.kg-1,species_only_human
2671477,CHEMBL1035433,CHEMBL515,CL,mL.min-1.kg-1,=,2.8,CHEMBL372,Homo sapiens,Total body clearance in human,A,O=C(O)CCCc1ccc(N(CCCl)CCCl)cc1,2.8,mL.min-1.kg-1,species_only_human
2671479,CHEMBL1035433,CHEMBL130,CL,mL.min-1.kg-1,=,2.4,CHEMBL372,Homo sapiens,Total body clearance in human,A,O=C(N[C@H](CO)[C@H](O)c1ccc([N+](=O)[O-])cc1)C(Cl)Cl,2.4,mL.min-1.kg-1,species_only_human
2671481,CHEMBL1035433,CHEMBL451,CL,mL.min-1.kg-1,=,0.37,CHEMBL372,Homo sapiens,Total body clearance in human,A,CNC1=Nc2ccc(Cl)cc2C(c2ccccc2)=[N+]([O-])C1,0.37,mL.min-1.kg-1,species_only_human
2671483,CHEMBL1035433,CHEMBL315795,CL,mL.min-1.kg-1,=,33.0,CHEMBL372,Homo sapiens,Total body clearance in human,A,Cc1ncsc1CCCl,33.0,mL.min-1.kg-1,species_only_human
2671485,CHEMBL1035433,CHEMBL76,CL,mL.min-1.kg-1,=,4.1,CHEMBL372,Homo sapiens,Total body clearance in human,A,CCN(CC)CCCC(C)Nc1ccnc2cc(Cl)ccc12,4.1,mL.min-1.kg-1,species_only_human
2671487,CHEMBL1035433,CHEMBL505,CL,mL.min-1.kg-1,=,2.5,CHEMBL372,Homo sapiens,Total body clearance in human,A,CN(C)CCC(c1ccc(Cl)cc1)c1ccccn1,2.5,mL.min-1.kg-1,species_only_human
2671489,CHEMBL1035433,CHEMBL71,CL,mL.min-1.kg-1,=,16.0,CHEMBL372,Homo sapiens,Total body clearance in human,A,CN(C)CCCN1c2ccccc2Sc2ccc(Cl)cc21,16.0,mL.min-1.kg-1,species_only_human
2671491,CHEMBL1035433,CHEMBL498,CL,mL.min-1.kg-1,=,0.045,CHEMBL372,Homo sapiens,Total body clearance in human,A,CCCNC(=O)NS(=O)(=O)c1ccc(Cl)cc1,0.045,mL.min-1.kg-1,species_only_human
2671493,CHEMBL1035433,CHEMBL1055,CL,mL.min-1.kg-1,=,1.5,CHEMBL372,Homo sapiens,Total body clearance in human,A,NS(=O)(=O)c1cc(C2(O)NC(=O)c3ccccc32)ccc1Cl,1.5,mL.min-1.kg-1,species_only_human
2671495,CHEMBL1035433,CHEMBL87045,CL,mL.min-1.kg-1,=,8.6,CHEMBL372,Homo sapiens,Total body clearance in human,A,c1ccc(C2(c3ccccc3)CC2C2=NCCN2)cc1,8.6,mL.min-1.kg-1,species_only_human
2671497,CHEMBL1035433,CHEMBL5314375,CL,mL.min-1.kg-1,=,2.5,CHEMBL372,Homo sapiens,Total body clearance in human,A,Nc1ccn(C[C@@H](CO)OCP(=O)(O)O)c(=O)n1.O.O,2.5,mL.min-1.kg-1,species_only_human
2671499,CHEMBL1035433,CHEMBL766,CL,mL.min-1.kg-1,=,2.3,CHEMBL372,Homo sapiens,Total body clearance in human,A,CC1(C)C[C@@H]1C(=O)N/C(=C\CCCCSC[C@H](N)C(=O)O)C(=O)O,2.3,mL.min-1.kg-1,species_only_human
2671501,CHEMBL1035433,CHEMBL511115,CL,mL.min-1.kg-1,=,0.5,CHEMBL372,Homo sapiens,Total body clearance in human,A,COc1ccc([C@]2(C#N)CC[C@@H](C(=O)O)CC2)cc1OC1CCCC1,0.5,mL.min-1.kg-1,species_only_human
2671503,CHEMBL1035433,CHEMBL30,CL,mL.min-1.kg-1,=,8.1,CHEMBL372,Homo sapiens,Total body clearance in human,A,CN/C(=N\CCSCc1nc[nH]c1C)NC#N,8.1,mL.min-1.kg-1,species_only_human
2671505,CHEMBL1035433,CHEMBL8,CL,mL.min-1.kg-1,=,8.3,CHEMBL372,Homo sapiens,Total body clearance in human,A,O=C(O)c1cn(C2CC2)c2cc(N3CCNCC3)c(F)cc2c1=O,8.3,mL.min-1.kg-1,species_only_human
2671507,CHEMBL1035433,CHEMBL549,CL,mL.min-1.kg-1,=,4.3,CHEMBL372,Homo sapiens,Total body clearance in human,A,CN(C)CCCC1(c2ccc(F)cc2)OCc2cc(C#N)ccc21,4.3,mL.min-1.kg-1,species_only_human
2671509,CHEMBL1035433,CHEMBL1619,CL,mL.min-1.kg-1,=,14.0,CHEMBL372,Homo sapiens,Total body clearance in human,A,Nc1nc(Cl)nc2c1ncn2[C@H]1C[C@H](O)[C@@H](CO)O1,14.0,mL.min-1.kg-1,species_only_human
2671511,CHEMBL1035433,CHEMBL777,CL,mL.min-1.kg-1,=,3.1,CHEMBL372,Homo sapiens,Total body clearance in human,A,O=C(O)[C@H]1/C(=C/CO)O[C@@H]2CC(=O)N21,3.1,mL.min-1.kg-1,species_only_human
2671513,CHEMBL1035433,CHEMBL278255,CL,mL.min-1.kg-1,=,4.7,CHEMBL372,Homo sapiens,Total body clearance in human,A,NC1CCN(c2c(F)cc3c(=O)c(C(=O)O)cn(C4CC4)c3c2Cl)C1,4.7,mL.min-1.kg-1,species_only_human
2671515,CHEMBL1035433,CHEMBL1753,CL,mL.min-1.kg-1,=,4.5,CHEMBL372,Homo sapiens,Total body clearance in human,A,CCC[C@@H]1C[C@@H](C(=O)N[C@@H]([C@H]2O[C@H](SC)[C@H](O)[C@@H](O)[C@H]2O)[C@H](C)Cl)N(C)C1,4.5,mL.min-1.kg-1,species_only_human
2671517,CHEMBL1035433,CHEMBL452,CL,mL.min-1.kg-1,=,0.88,CHEMBL372,Homo sapiens,Total body clearance in human,A,O=C1CN=C(c2ccccc2Cl)c2cc([N+](=O)[O-])ccc2N1,0.88,mL.min-1.kg-1,species_only_human
2671519,CHEMBL1035433,CHEMBL134,CL,mL.min-1.kg-1,=,4.0,CHEMBL372,Homo sapiens,Total body clearance in human,A,Clc1cccc(Cl)c1NC1=NCCN1,4.0,mL.min-1.kg-1,species_only_human
2671521,CHEMBL1035433,CHEMBL42,CL,mL.min-1.kg-1,=,2.5,CHEMBL372,Homo sapiens,Total body clearance in human,A,CN1CCN(C2=Nc3cc(Cl)ccc3Nc3ccccc32)CC1,2.5,mL.min-1.kg-1,species_only_human
2671523,CHEMBL1035433,CHEMBL370805,CL,mL.min-1.kg-1,=,32.0,CHEMBL372,Homo sapiens,Total body clearance in human,A,COC(=O)[C@H]1[C@@H](OC(=O)c2ccccc2)C[C@@H]2CC[C@H]1N2C,32.0,mL.min-1.kg-1,species_only_human
2671525,CHEMBL1035433,CHEMBL485,CL,mL.min-1.kg-1,=,15.0,CHEMBL372,Homo sapiens,Total body clearance in human,A,COc1ccc2c3c1O[C@H]1[C@@H](O)C=C[C@H]4[C@@H](C2)N(C)CC[C@@]341,15.0,mL.min-1.kg-1,species_only_human
2671527,CHEMBL1035433,CHEMBL88,CL,mL.min-1.kg-1,=,1.1,CHEMBL372,Homo sapiens,Total body clearance in human,A,O=P1(N(CCCl)CCCl)NCCCO1,1.1,mL.min-1.kg-1,species_only_human
2671529,CHEMBL1035433,CHEMBL160,CL,mL.min-1.kg-1,=,7.5,CHEMBL372,Homo sapiens,Total body clearance in human,A,C/C=C/C[C@@H](C)[C@@H](O)[C@H]1C(=O)N[C@@H](CC)C(=O)N(C)CC(=O)N(C)[C@@H](CC(C)C)C(=O)N[C@@H](C(C)C)C(=O)N(C)[C@@H](CC(C)C)C(=O)N[C@@H](C)C(=O)N[C@H](C)C(=O)N(C)[C@@H](CC(C)C)C(=O)N(C)[C@@H](CC(C)C)C(=O)N(C)[C@@H](C(C)C)C(=O)N1C,7.5,mL.min-1.kg-1,species_only_human
2671531,CHEMBL1035433,CHEMBL1043,CL,mL.min-1.kg-1,=,0.48,CHEMBL372,Homo sapiens,Total body clearance in human,A,Nc1ccc(S(=O)(=O)c2ccc(N)cc2)cc1,0.48,mL.min-1.kg-1,species_only_human
2671533,CHEMBL1035433,CHEMBL4744444,CL,mL.min-1.kg-1,=,0.16,CHEMBL372,Homo sapiens,Total body clearance in human,A,CCCCCCCCCC(=O)N[C@@H](Cc1c[nH]c2ccccc12)C(=O)N[C@H](CC(N)=O)C(=O)N[C@@H](CC(=O)O)C(=O)N[C@@H]1C(=O)NCC(=O)N[C@@H](CCCN)C(=O)N[C@@H](CC(=O)O)C(=O)N[C@H](C)C(=O)N[C@@H](CC(=O)O)C(=O)NCC(=O)N[C@H](CO)C(=O)N[C@@H]([C@H](C)CC(=O)O)C(=O)N[C@@H](CC(=O)c2ccccc2N)C(=O)O[C@@H]1C,0.16,mL.min-1.kg-1,species_only_human
2671535,CHEMBL1035433,CHEMBL1201129,CL,mL.min-1.kg-1,=,130.0,CHEMBL372,Homo sapiens,Total body clearance in human,A,Nc1ncn([C@H]2C[C@H](O)[C@@H](CO)O2)c(=O)n1,130.0,mL.min-1.kg-1,species_only_human
2671537,CHEMBL1035433,CHEMBL72,CL,mL.min-1.kg-1,=,11.0,CHEMBL372,Homo sapiens,Total body clearance in human,A,CNCCCN1c2ccccc2CCc2ccccc21,11.0,mL.min-1.kg-1,species_only_human
2671539,CHEMBL1035433,CHEMBL384467,CL,mL.min-1.kg-1,=,3.3,CHEMBL372,Homo sapiens,Total body clearance in human,A,C[C@@H]1C[C@H]2[C@@H]3CCC4=CC(=O)C=C[C@]4(C)[C@@]3(F)[C@@H](O)C[C@]2(C)[C@@]1(O)C(=O)CO,3.3,mL.min-1.kg-1,species_only_human
2671541,CHEMBL1035433,CHEMBL550781,CL,mL.min-1.kg-1,=,3.7,CHEMBL372,Homo sapiens,Total body clearance in human,A,CCCCCN(CCCOC)C(=O)[C@@H](CCC(=O)O)NC(=O)c1ccc(Cl)c(Cl)c1,3.7,mL.min-1.kg-1,species_only_human
2671543,CHEMBL1035433,CHEMBL1738,CL,mL.min-1.kg-1,=,3.1,CHEMBL372,Homo sapiens,Total body clearance in human,A,C[C@@H](CN1CC(=O)NC(=O)C1)N1CC(=O)NC(=O)C1,3.1,mL.min-1.kg-1,species_only_human
2671545,CHEMBL1035433,CHEMBL12,CL,mL.min-1.kg-1,=,0.38,CHEMBL372,Homo sapiens,Total body clearance in human,A,CN1C(=O)CN=C(c2ccccc2)c2cc(Cl)ccc21,0.38,mL.min-1.kg-1,species_only_human
2671547,CHEMBL1035433,CHEMBL181,CL,mL.min-1.kg-1,=,0.06,CHEMBL372,Homo sapiens,Total body clearance in human,A,CC1=Nc2ccc(Cl)cc2S(=O)(=O)N1,0.06,mL.min-1.kg-1,species_only_human
2671549,CHEMBL1035433,CHEMBL139,CL,mL.min-1.kg-1,=,3.5,CHEMBL372,Homo sapiens,Total body clearance in human,A,O=C(O)Cc1ccccc1Nc1c(Cl)cccc1Cl,3.5,mL.min-1.kg-1,species_only_human
2671551,CHEMBL1035433,CHEMBL893,CL,mL.min-1.kg-1,=,2.0,CHEMBL372,Homo sapiens,Total body clearance in human,A,Cc1onc(-c2c(Cl)cccc2Cl)c1C(=O)N[C@@H]1C(=O)N2[C@@H]1SC(C)(C)[C@@H]2C(=O)O,2.0,mL.min-1.kg-1,species_only_human
2671553,CHEMBL1035433,CHEMBL1460,CL,mL.min-1.kg-1,=,11.0,CHEMBL372,Homo sapiens,Total body clearance in human,A,O=c1[nH]cnc2c1ncn2[C@H]1CC[C@@H](CO)O1,11.0,mL.min-1.kg-1,species_only_human
2671555,CHEMBL1035433,CHEMBL1751,CL,mL.min-1.kg-1,=,1.7,CHEMBL372,Homo sapiens,Total body clearance in human,A,C[C@H]1O[C@@H](O[C@H]2[C@@H](O)C[C@H](O[C@H]3[C@@H](O)C[C@H](O[C@H]4CC[C@@]5(C)[C@H](CC[C@@H]6[C@@H]5C[C@@H](O)[C@]5(C)[C@@H](C7=CC(=O)OC7)CC[C@]65O)C4)O[C@@H]3C)O[C@@H]2C)C[C@H](O)[C@@H]1O,1.7,mL.min-1.kg-1,species_only_human
2671557,CHEMBL1035433,CHEMBL23,CL,mL.min-1.kg-1,=,13.0,CHEMBL372,Homo sapiens,Total body clearance in human,A,COc1ccc([C@@H]2Sc3ccccc3N(CCN(C)C)C(=O)[C@@H]2OC(C)=O)cc1,13.0,mL.min-1.kg-1,species_only_human
2671559,CHEMBL1035433,CHEMBL657,CL,mL.min-1.kg-1,=,9.8,CHEMBL372,Homo sapiens,Total body clearance in human,A,CN(C)CCOC(c1ccccc1)c1ccccc1,9.8,mL.min-1.kg-1,species_only_human
2671561,CHEMBL1035433,CHEMBL441809,CL,mL.min-1.kg-1,=,11.0,CHEMBL372,Homo sapiens,Total body clearance in human,A,CCC(C)(C)NCC(O)COc1ccccc1C(=O)CCc1ccccc1,11.0,mL.min-1.kg-1,species_only_human
2671563,CHEMBL1035433,CHEMBL517,CL,mL.min-1.kg-1,=,0.9,CHEMBL372,Homo sapiens,Total body clearance in human,A,CC(C)N(CCC(C(N)=O)(c1ccccc1)c1ccccn1)C(C)C,0.9,mL.min-1.kg-1,species_only_human
2671565,CHEMBL1035433,CHEMBL3545252,CL,mL.min-1.kg-1,=,14.0,CHEMBL372,Homo sapiens,Total body clearance in human,A,CC(=O)O[C@@]12CO[C@@H]1C[C@H](O)[C@@]1(C)C(=O)[C@H](O)C3=C(C)[C@@H](OC(=O)[C@H](O)[C@@H](NC(=O)OC(C)(C)C)c4ccccc4)C[C@@](O)([C@@H](OC(=O)c4ccccc4)[C@H]21)C3(C)C.O.O.O,14.0,mL.min-1.kg-1,species_only_human
2671567,CHEMBL1035433,CHEMBL473,CL,mL.min-1.kg-1,=,5.2,CHEMBL372,Homo sapiens,Total body clearance in human,A,CN(CCOc1ccc(NS(C)(=O)=O)cc1)CCc1ccc(NS(C)(=O)=O)cc1,5.2,mL.min-1.kg-1,species_only_human
2671569,CHEMBL1035433,CHEMBL219916,CL,mL.min-1.kg-1,=,9.5,CHEMBL372,Homo sapiens,Total body clearance in human,A,O=c1[nH]c2ccccc2n1CCCN1CCC(n2c(=O)[nH]c3cc(Cl)ccc32)CC1,9.5,mL.min-1.kg-1,species_only_human
2671571,CHEMBL1035433,CHEMBL1628227,CL,mL.min-1.kg-1,=,14.0,CHEMBL372,Homo sapiens,Total body clearance in human,A,CN(C)CCC=C1c2ccccc2COc2ccccc21,14.0,mL.min-1.kg-1,species_only_human
2671573,CHEMBL1035433,CHEMBL1130,CL,mL.min-1.kg-1,=,11.0,CHEMBL372,Homo sapiens,Total body clearance in human,A,C[C@H]1O[C@@H](n2cc(F)c(=O)[nH]c2=O)[C@H](O)[C@@H]1O,11.0,mL.min-1.kg-1,species_only_human
2671575,CHEMBL1035433,CHEMBL53463,CL,mL.min-1.kg-1,=,15.0,CHEMBL372,Homo sapiens,Total body clearance in human,A,COc1cccc2c1C(=O)c1c(O)c3c(c(O)c1C2=O)C[C@@](O)(C(=O)CO)C[C@@H]3O[C@H]1C[C@H](N)[C@H](O)[C@H](C)O1,15.0,mL.min-1.kg-1,species_only_human
2671577,CHEMBL1035433,CHEMBL1200699,CL,mL.min-1.kg-1,=,0.46,CHEMBL372,Homo sapiens,Total body clearance in human,A,C[C@H]1c2cccc(O)c2C(=O)C2=C(O)[C@]3(O)C(=O)C(C(N)=O)=C(O)[C@@H](N(C)C)[C@@H]3[C@@H](O)[C@@H]21.O,0.46,mL.min-1.kg-1,species_only_human
2671910,CHEMBL1035433,CHEMBL551978,CL,mL.min-1.kg-1,=,3.5,CHEMBL372,Homo sapiens,Total body clearance in human,A,CCOc1ccc(/C=C2\NCCc3cc(OCC)c(OCC)cc32)cc1OCC,3.5,mL.min-1.kg-1,species_only_human
2671912,CHEMBL1035433,CHEMBL577,CL,mL.min-1.kg-1,=,1.6,CHEMBL372,Homo sapiens,Total body clearance in human,A,C[C@H](N[C@@H](CCc1ccccc1)C(=O)O)C(=O)N1CCC[C@H]1C(=O)O,1.6,mL.min-1.kg-1,species_only_human
2671914,CHEMBL1035433,CHEMBL315838,CL,mL.min-1.kg-1,=,13.0,CHEMBL372,Homo sapiens,Total body clearance in human,A,COc1ccc(C(=O)Nc2ccccc2CCC2CCCCN2C)cc1,13.0,mL.min-1.kg-1,species_only_human
2671916,CHEMBL1035433,CHEMBL279898,CL,mL.min-1.kg-1,=,4.0,CHEMBL372,Homo sapiens,Total body clearance in human,A,CCCn1c(=O)[nH]c(=O)c2nc[nH]c21,4.0,mL.min-1.kg-1,species_only_human
2671918,CHEMBL1035433,CHEMBL953,CL,mL.min-1.kg-1,=,11.7,CHEMBL372,Homo sapiens,Total body clearance in human,A,CCN(CC)C(=O)/C(C#N)=C/c1cc(O)c(O)c([N+](=O)[O-])c1,11.7,mL.min-1.kg-1,species_only_human
2671920,CHEMBL1035433,CHEMBL417,CL,mL.min-1.kg-1,=,20.0,CHEMBL372,Homo sapiens,Total body clearance in human,A,COc1cccc2c1C(=O)c1c(O)c3c(c(O)c1C2=O)C[C@@](O)(C(=O)CO)C[C@@H]3O[C@H]1C[C@H](N)[C@@H](O)[C@H](C)O1,20.0,mL.min-1.kg-1,species_only_human
2671922,CHEMBL1035433,CHEMBL138225,CL,mL.min-1.kg-1,=,0.33,CHEMBL372,Homo sapiens,Total body clearance in human,A,CC(C)(C)NC(=O)[C@H]1CC[C@H]2[C@@H]3CC=C4C=C(C(=O)O)CC[C@]4(C)[C@H]3CC[C@]12C,0.33,mL.min-1.kg-1,species_only_human
2671924,CHEMBL1035433,CHEMBL813,CL,mL.min-1.kg-1,=,1.9,CHEMBL372,Homo sapiens,Total body clearance in human,A,CCCCc1ncc(/C=C(\Cc2cccs2)C(=O)O)n1Cc1ccc(C(=O)O)cc1,1.9,mL.min-1.kg-1,species_only_human
2671926,CHEMBL1035433,CHEMBL532,CL,mL.min-1.kg-1,=,5.6,CHEMBL372,Homo sapiens,Total body clearance in human,A,CC[C@H]1OC(=O)[C@H](C)[C@@H](O[C@H]2C[C@@](C)(OC)[C@@H](O)[C@H](C)O2)[C@H](C)[C@@H](O[C@@H]2O[C@H](C)C[C@H](N(C)C)[C@H]2O)[C@](C)(O)C[C@@H](C)C(=O)[C@H](C)[C@@H](O)[C@]1(C)O,5.6,mL.min-1.kg-1,species_only_human
2671928,CHEMBL1035433,CHEMBL44884,CL,mL.min-1.kg-1,=,10.0,CHEMBL372,Homo sapiens,Total body clearance in human,A,CC[C@@H](CO)NCCN[C@@H](CC)CO,10.0,mL.min-1.kg-1,species_only_human
2671930,CHEMBL1035433,CHEMBL86882,CL,mL.min-1.kg-1,=,14.0,CHEMBL372,Homo sapiens,Total body clearance in human,A,CCNCC(O)c1cccc(O)c1,14.0,mL.min-1.kg-1,species_only_human
2671932,CHEMBL1035433,CHEMBL902,CL,mL.min-1.kg-1,=,6.6,CHEMBL372,Homo sapiens,Total body clearance in human,A,NC(N)=Nc1nc(CSCC/C(N)=N/S(N)(=O)=O)cs1,6.6,mL.min-1.kg-1,species_only_human
2671934,CHEMBL1035433,CHEMBL1480,CL,mL.min-1.kg-1,=,11.0,CHEMBL372,Homo sapiens,Total body clearance in human,A,CCOC(=O)C1=C(C)NC(C)=C(C(=O)OC)C1c1cccc(Cl)c1Cl,11.0,mL.min-1.kg-1,species_only_human
2671936,CHEMBL1035433,CHEMBL249856,CL,mL.min-1.kg-1,=,29.0,CHEMBL372,Homo sapiens,Total body clearance in human,A,CSc1ccc(C(=O)c2[nH]c(=O)[nH]c2C)cc1,29.0,mL.min-1.kg-1,species_only_human
2671938,CHEMBL1035433,CHEMBL596,CL,mL.min-1.kg-1,=,4.7,CHEMBL372,Homo sapiens,Total body clearance in human,A,CCC(=O)N(c1ccccc1)C1CCN(CCc2ccccc2)CC1,4.7,mL.min-1.kg-1,species_only_human
2671940,CHEMBL1035433,CHEMBL710,CL,mL.min-1.kg-1,=,2.4,CHEMBL372,Homo sapiens,Total body clearance in human,A,CC(C)(C)NC(=O)[C@H]1CC[C@H]2[C@@H]3CC[C@H]4NC(=O)C=C[C@]4(C)[C@H]3CC[C@]12C,2.4,mL.min-1.kg-1,species_only_human
2671942,CHEMBL1035433,CHEMBL652,CL,mL.min-1.kg-1,=,4.9,CHEMBL372,Homo sapiens,Total body clearance in human,A,O=C(NCC1CCCCN1)c1cc(OCC(F)(F)F)ccc1OCC(F)(F)F,4.9,mL.min-1.kg-1,species_only_human
2671944,CHEMBL1035433,CHEMBL6273,CL,mL.min-1.kg-1,=,2.4,CHEMBL372,Homo sapiens,Total body clearance in human,A,CN1CCN(c2c(F)cc3c(=O)c(C(=O)O)cn(CCF)c3c2F)CC1,2.4,mL.min-1.kg-1,species_only_human
2671946,CHEMBL1035433,CHEMBL222645,CL,mL.min-1.kg-1,=,2.4,CHEMBL372,Homo sapiens,Total body clearance in human,A,Cc1onc(-c2c(F)cccc2Cl)c1C(=O)N[C@@H]1C(=O)N2[C@@H]1SC(C)(C)[C@@H]2C(=O)O,2.4,mL.min-1.kg-1,species_only_human
2671948,CHEMBL1035433,CHEMBL106,CL,mL.min-1.kg-1,=,0.31,CHEMBL372,Homo sapiens,Total body clearance in human,A,OC(Cn1cncn1)(Cn1cncn1)c1ccc(F)cc1F,0.31,mL.min-1.kg-1,species_only_human
2671950,CHEMBL1035433,CHEMBL1463,CL,mL.min-1.kg-1,=,2.0,CHEMBL372,Homo sapiens,Total body clearance in human,A,Nc1nc(=O)[nH]cc1F,2.0,mL.min-1.kg-1,species_only_human
2671952,CHEMBL1035433,CHEMBL407,CL,mL.min-1.kg-1,=,16.0,CHEMBL372,Homo sapiens,Total body clearance in human,A,CCOC(=O)c1ncn2c1CN(C)C(=O)c1cc(F)ccc1-2,16.0,mL.min-1.kg-1,species_only_human
2671954,CHEMBL1035433,CHEMBL185,CL,mL.min-1.kg-1,=,26.0,CHEMBL372,Homo sapiens,Total body clearance in human,A,O=c1[nH]cc(F)c(=O)[nH]1,26.0,mL.min-1.kg-1,species_only_human
2671956,CHEMBL1035433,CHEMBL255044,CL,mL.min-1.kg-1,=,1.6,CHEMBL372,Homo sapiens,Total body clearance in human,A,CCOC(=O)Nc1ccc(NCc2ccc(F)cc2)nc1N,1.6,mL.min-1.kg-1,species_only_human
2671958,CHEMBL1035433,CHEMBL1679,CL,mL.min-1.kg-1,=,5.3,CHEMBL372,Homo sapiens,Total body clearance in human,A,Nc1nc(=O)c2c([nH]1)NCC(CNc1ccc(C(=O)N[C@@H](CCC(=O)O)C(=O)O)cc1)N2C=O,5.3,mL.min-1.kg-1,species_only_human
2671960,CHEMBL1035433,CHEMBL666,CL,mL.min-1.kg-1,=,2.1,CHEMBL372,Homo sapiens,Total body clearance in human,A,O=C(O)P(=O)(O)O,2.1,mL.min-1.kg-1,species_only_human
2671962,CHEMBL1035433,CHEMBL1757,CL,mL.min-1.kg-1,=,2.0,CHEMBL372,Homo sapiens,Total body clearance in human,A,C[C@@H]1O[C@@H]1P(=O)(O)O,2.0,mL.min-1.kg-1,species_only_human
2671964,CHEMBL1035433,CHEMBL1279,CL,mL.min-1.kg-1,=,2.5,CHEMBL372,Homo sapiens,Total body clearance in human,A,CN[C@@H]1CCc2[nH]c3ccc(C(N)=O)cc3c2C1,2.5,mL.min-1.kg-1,species_only_human
2671966,CHEMBL1035433,CHEMBL35,CL,mL.min-1.kg-1,=,2.4,CHEMBL372,Homo sapiens,Total body clearance in human,A,NS(=O)(=O)c1cc(C(=O)O)c(NCc2ccco2)cc1Cl,2.4,mL.min-1.kg-1,species_only_human
2671968,CHEMBL1035433,CHEMBL940,CL,mL.min-1.kg-1,=,1.7,CHEMBL372,Homo sapiens,Total body clearance in human,A,NCC1(CC(=O)O)CCCCC1,1.7,mL.min-1.kg-1,species_only_human
2671970,CHEMBL1035433,CHEMBL659,CL,mL.min-1.kg-1,=,5.6,CHEMBL372,Homo sapiens,Total body clearance in human,A,COc1ccc2c3c1O[C@H]1C[C@@H](O)C=C[C@@]31CCN(C)C2,5.6,mL.min-1.kg-1,species_only_human
2671972,CHEMBL1035433,CHEMBL182,CL,mL.min-1.kg-1,=,4.6,CHEMBL372,Homo sapiens,Total body clearance in human,A,Nc1nc2c(ncn2COC(CO)CO)c(=O)[nH]1,4.6,mL.min-1.kg-1,species_only_human
2671974,CHEMBL1035433,CHEMBL31,CL,mL.min-1.kg-1,=,2.8,CHEMBL372,Homo sapiens,Total body clearance in human,A,COc1c(N2CCNC(C)C2)c(F)cc2c(=O)c(C(=O)O)cn(C3CC3)c12,2.8,mL.min-1.kg-1,species_only_human
2671976,CHEMBL1035433,CHEMBL888,CL,mL.min-1.kg-1,=,32.0,CHEMBL372,Homo sapiens,Total body clearance in human,A,Nc1ccn([C@@H]2O[C@H](CO)[C@@H](O)C2(F)F)c(=O)n1,32.0,mL.min-1.kg-1,species_only_human
2671978,CHEMBL1035433,CHEMBL6067485,CL,mL.min-1.kg-1,=,1.0,CHEMBL372,Homo sapiens,Total body clearance in human,A,,1.0,mL.min-1.kg-1,species_only_human
2671980,CHEMBL1035433,CHEMBL1481,CL,mL.min-1.kg-1,=,0.5,CHEMBL372,Homo sapiens,Total body clearance in human,A,CCC1=C(C)CN(C(=O)NCCc2ccc(S(=O)(=O)NC(=O)N[C@H]3CC[C@H](C)CC3)cc2)C1=O,0.5,mL.min-1.kg-1,species_only_human
2671982,CHEMBL1035433,CHEMBL1073,CL,mL.min-1.kg-1,=,0.56,CHEMBL372,Homo sapiens,Total body clearance in human,A,Cc1cnc(C(=O)NCCc2ccc(S(=O)(=O)NC(=O)NC3CCCCC3)cc2)cn1,0.56,mL.min-1.kg-1,species_only_human
2671984,CHEMBL1035433,CHEMBL472,CL,mL.min-1.kg-1,=,0.82,CHEMBL372,Homo sapiens,Total body clearance in human,A,COc1ccc(Cl)cc1C(=O)NCCc1ccc(S(=O)(=O)NC(=O)NC2CCCCC2)cc1,0.82,mL.min-1.kg-1,species_only_human
2671986,CHEMBL1035433,CHEMBL289469,CL,mL.min-1.kg-1,=,9.1,CHEMBL372,Homo sapiens,Total body clearance in human,A,CN1C2CCCC1CC(NC(=O)c1nn(C)c3ccccc13)C2,9.1,mL.min-1.kg-1,species_only_human
2671988,CHEMBL1035433,CHEMBL862,CL,mL.min-1.kg-1,=,5.9,CHEMBL372,Homo sapiens,Total body clearance in human,A,N=C(N)NC(=O)Cc1c(Cl)cccc1Cl,5.9,mL.min-1.kg-1,species_only_human
2671990,CHEMBL1035433,CHEMBL54,CL,mL.min-1.kg-1,=,7.8,CHEMBL372,Homo sapiens,Total body clearance in human,A,O=C(CCCN1CCC(O)(c2ccc(Cl)cc2)CC1)c1ccc(F)cc1,7.8,mL.min-1.kg-1,species_only_human
2671992,CHEMBL1035433,CHEMBL7728,CL,mL.min-1.kg-1,=,3.4,CHEMBL372,Homo sapiens,Total body clearance in human,A,CN1C(=O)NC(=O)C(C)(C2=CCCCC2)C1=O,3.4,mL.min-1.kg-1,species_only_human
2671994,CHEMBL1035433,CHEMBL276832,CL,mL.min-1.kg-1,=,85.0,CHEMBL372,Homo sapiens,Total body clearance in human,A,NNc1nncc2ccccc12,85.0,mL.min-1.kg-1,species_only_human
2671996,CHEMBL1035433,CHEMBL539456,CL,mL.min-1.kg-1,=,9.2,CHEMBL372,Homo sapiens,Total body clearance in human,A,CN(C)CCCN1c2ccccc2CCc2cc(O)ccc21,9.2,mL.min-1.kg-1,species_only_human
2671998,CHEMBL1035433,CHEMBL467,CL,mL.min-1.kg-1,=,1.5,CHEMBL372,Homo sapiens,Total body clearance in human,A,NC(=O)NO,1.5,mL.min-1.kg-1,species_only_human
2672000,CHEMBL1035433,CHEMBL521,CL,mL.min-1.kg-1,=,0.82,CHEMBL372,Homo sapiens,Total body clearance in human,A,CC(C)Cc1ccc(C(C)C(=O)O)cc1,0.82,mL.min-1.kg-1,species_only_human
2672002,CHEMBL1035433,CHEMBL533,CL,mL.min-1.kg-1,=,25.0,CHEMBL372,Homo sapiens,Total body clearance in human,A,CCCCCCCN(CC)CCCC(O)c1ccc(NS(C)(=O)=O)cc1,25.0,mL.min-1.kg-1,species_only_human
2672004,CHEMBL1035433,CHEMBL1117,CL,mL.min-1.kg-1,=,24.0,CHEMBL372,Homo sapiens,Total body clearance in human,A,CC(=O)[C@]1(O)Cc2c(O)c3c(c(O)c2[C@@H](O[C@H]2C[C@H](N)[C@H](O)[C@H](C)O2)C1)C(=O)c1ccccc1C3=O,24.0,mL.min-1.kg-1,species_only_human
2672006,CHEMBL1035433,CHEMBL1024,CL,mL.min-1.kg-1,=,1.1,CHEMBL372,Homo sapiens,Total body clearance in human,A,O=P1(NCCCl)OCCCN1CCCl,1.1,mL.min-1.kg-1,species_only_human
2672008,CHEMBL1035433,CHEMBL941,CL,mL.min-1.kg-1,=,3.3,CHEMBL372,Homo sapiens,Total body clearance in human,A,Cc1ccc(NC(=O)c2ccc(CN3CCN(C)CC3)cc2)cc1Nc1nccc(-c2cccnc2)n1,3.3,mL.min-1.kg-1,species_only_human
2672010,CHEMBL1035433,CHEMBL11,CL,mL.min-1.kg-1,=,13.0,CHEMBL372,Homo sapiens,Total body clearance in human,A,CN(C)CCCN1c2ccccc2CCc2ccccc21,13.0,mL.min-1.kg-1,species_only_human
2672012,CHEMBL1035433,CHEMBL5483011,CL,mL.min-1.kg-1,=,18.0,CHEMBL372,Homo sapiens,Total body clearance in human,A,CC(C)(C)NC(=O)[C@@H]1CN(Cc2cccnc2)CCN1C[C@@H](O)C[C@@H](Cc1ccccc1)C(=O)N[C@H]1c2ccccc2C[C@H]1O.O,18.0,mL.min-1.kg-1,species_only_human
2672014,CHEMBL1035433,CHEMBL6,CL,mL.min-1.kg-1,=,1.3,CHEMBL372,Homo sapiens,Total body clearance in human,A,COc1ccc2c(c1)c(CC(=O)O)c(C)n2C(=O)c1ccc(Cl)cc1,1.3,mL.min-1.kg-1,species_only_human
2672016,CHEMBL1035433,CHEMBL1725,CL,mL.min-1.kg-1,=,1.4,CHEMBL372,Homo sapiens,Total body clearance in human,A,COCC(=O)Nc1c(I)c(C(=O)NCC(O)CO)c(I)c(C(=O)N(C)CC(O)CO)c1I,1.4,mL.min-1.kg-1,species_only_human
2672018,CHEMBL1035433,CHEMBL481,CL,mL.min-1.kg-1,=,7.0,CHEMBL372,Homo sapiens,Total body clearance in human,A,CCc1c2c(nc3ccc(OC(=O)N4CCC(N5CCCCC5)CC4)cc13)-c1cc3c(c(=O)n1C2)COC(=O)[C@]3(O)CC,7.0,mL.min-1.kg-1,species_only_human
2672020,CHEMBL1035433,CHEMBL1311,CL,mL.min-1.kg-1,=,2.0,CHEMBL372,Homo sapiens,Total body clearance in human,A,O=[N+]([O-])O[C@@H]1CO[C@H]2[C@@H]1OC[C@@H]2O,2.0,mL.min-1.kg-1,species_only_human
2672022,CHEMBL1035433,CHEMBL53292,CL,mL.min-1.kg-1,=,0.07,CHEMBL372,Homo sapiens,Total body clearance in human,A,Cc1cc(NC(=O)C2=C(O)c3ccccc3S(=O)(=O)N2C)no1,0.07,mL.min-1.kg-1,species_only_human
2672024,CHEMBL1035433,CHEMBL1648,CL,mL.min-1.kg-1,=,26.0,CHEMBL372,Homo sapiens,Total body clearance in human,A,COC(=O)C1=C(C)NC(C)=C(C(=O)OC(C)C)C1c1cccc2nonc12,26.0,mL.min-1.kg-1,species_only_human
2672026,CHEMBL1035433,CHEMBL64391,CL,mL.min-1.kg-1,=,5.1,CHEMBL372,Homo sapiens,Total body clearance in human,A,CCC(C)n1ncn(-c2ccc(N3CCN(c4ccc(OCC5COC(Cn6cncn6)(c6ccc(Cl)cc6Cl)O5)cc4)CC3)cc2)c1=O,5.1,mL.min-1.kg-1,species_only_human
2672028,CHEMBL1035433,CHEMBL51,CL,mL.min-1.kg-1,=,6.7,CHEMBL372,Homo sapiens,Total body clearance in human,A,O=C(c1ccc(F)cc1)C1CCN(CCn2c(=O)[nH]c3ccccc3c2=O)CC1,6.7,mL.min-1.kg-1,species_only_human
2672030,CHEMBL1035433,CHEMBL571,CL,mL.min-1.kg-1,=,1.6,CHEMBL372,Homo sapiens,Total body clearance in human,A,CC(C(=O)O)c1cccc(C(=O)c2ccccc2)c1,1.6,mL.min-1.kg-1,species_only_human
2672032,CHEMBL1035433,CHEMBL469,CL,mL.min-1.kg-1,=,0.35,CHEMBL372,Homo sapiens,Total body clearance in human,A,O=C(c1ccccc1)c1ccc2n1CCC2C(=O)O,0.35,mL.min-1.kg-1,species_only_human
2672034,CHEMBL1035433,CHEMBL429,CL,mL.min-1.kg-1,=,23.0,CHEMBL372,Homo sapiens,Total body clearance in human,A,CC(CCc1ccccc1)NCC(O)c1ccc(O)c(C(N)=O)c1,23.0,mL.min-1.kg-1,species_only_human
2672036,CHEMBL1035433,CHEMBL141,CL,mL.min-1.kg-1,=,4.8,CHEMBL372,Homo sapiens,Total body clearance in human,A,Nc1ccn([C@@H]2CS[C@H](CO)O2)c(=O)n1,4.8,mL.min-1.kg-1,species_only_human
2672038,CHEMBL1035433,CHEMBL480,CL,mL.min-1.kg-1,=,4.4,CHEMBL372,Homo sapiens,Total body clearance in human,A,Cc1c(OCC(F)(F)F)ccnc1C[S+]([O-])c1nc2ccccc2[nH]1,4.4,mL.min-1.kg-1,species_only_human
2672040,CHEMBL1035433,CHEMBL1444,CL,mL.min-1.kg-1,=,0.57,CHEMBL372,Homo sapiens,Total body clearance in human,A,N#Cc1ccc(C(c2ccc(C#N)cc2)n2cncn2)cc1,0.57,mL.min-1.kg-1,species_only_human
2672042,CHEMBL1035433,CHEMBL1009,CL,mL.min-1.kg-1,=,23.0,CHEMBL372,Homo sapiens,Total body clearance in human,A,N[C@@H](Cc1ccc(O)c(O)c1)C(=O)O,23.0,mL.min-1.kg-1,species_only_human
2672044,CHEMBL1035433,CHEMBL5315124,CL,mL.min-1.kg-1,=,1.9,CHEMBL372,Homo sapiens,Total body clearance in human,A,C[C@H]1COc2c(N3CCN(C)CC3)c(F)cc3c(=O)c(C(=O)O)cn1c23.C[C@H]1COc2c(N3CCN(C)CC3)c(F)cc3c(=O)c(C(=O)O)cn1c23.O,1.9,mL.min-1.kg-1,species_only_human
2672046,CHEMBL1035433,CHEMBL79,CL,mL.min-1.kg-1,=,16.0,CHEMBL372,Homo sapiens,Total body clearance in human,A,CCN(CC)CC(=O)Nc1c(C)cccc1C,16.0,mL.min-1.kg-1,species_only_human
2672048,CHEMBL1035433,CHEMBL126,CL,mL.min-1.kg-1,=,1.8,CHEMBL372,Homo sapiens,Total body clearance in human,A,CC(=O)NC[C@H]1CN(c2ccc(N3CCOCC3)c(F)c2)C(=O)O1,1.8,mL.min-1.kg-1,species_only_human
2672050,CHEMBL1035433,CHEMBL1237,CL,mL.min-1.kg-1,=,1.2,CHEMBL372,Homo sapiens,Total body clearance in human,A,NCCCC[C@H](N[C@@H](CCc1ccccc1)C(=O)O)C(=O)N1CCC[C@H]1C(=O)O,1.2,mL.min-1.kg-1,species_only_human
2672052,CHEMBL1035433,CHEMBL580,CL,mL.min-1.kg-1,=,1.0,CHEMBL372,Homo sapiens,Total body clearance in human,A,O=C1Nc2ccc(Cl)cc2C(c2ccccc2Cl)=NC1O,1.0,mL.min-1.kg-1,species_only_human
2672054,CHEMBL1035433,CHEMBL87543,CL,mL.min-1.kg-1,=,16.0,CHEMBL372,Homo sapiens,Total body clearance in human,A,CC(C)N1CCC(N(C(=O)Cc2ccccc2)c2ccc(Cl)cc2)CC1,16.0,mL.min-1.kg-1,species_only_human
2672056,CHEMBL1035433,CHEMBL22097,CL,mL.min-1.kg-1,=,4.0,CHEMBL372,Homo sapiens,Total body clearance in human,A,CN1C(=O)C(O)N=C(c2ccccc2Cl)c2cc(Cl)ccc21,4.0,mL.min-1.kg-1,species_only_human
2672058,CHEMBL1035433,CHEMBL191,CL,mL.min-1.kg-1,=,8.2,CHEMBL372,Homo sapiens,Total body clearance in human,A,CCCCc1nc(Cl)c(CO)n1Cc1ccc(-c2ccccc2-c2nnn[nH]2)cc1,8.2,mL.min-1.kg-1,species_only_human
2672060,CHEMBL1035433,CHEMBL503,CL,mL.min-1.kg-1,=,7.2,CHEMBL372,Homo sapiens,Total body clearance in human,A,CC[C@H](C)C(=O)O[C@H]1C[C@@H](C)C=C2C=C[C@H](C)[C@H](CC[C@@H]3C[C@@H](O)CC(=O)O3)[C@H]21,7.2,mL.min-1.kg-1,species_only_human
2672062,CHEMBL1035433,CHEMBL685,CL,mL.min-1.kg-1,=,15.0,CHEMBL372,Homo sapiens,Total body clearance in human,A,COC(=O)Nc1nc2cc(C(=O)c3ccccc3)ccc2[nH]1,15.0,mL.min-1.kg-1,species_only_human
2672064,CHEMBL1035433,CHEMBL266349,CL,mL.min-1.kg-1,=,1.9,CHEMBL372,Homo sapiens,Total body clearance in human,A,N=C(N)c1ccc(CNC(=O)[C@@H]2CCN2C(=O)[C@H](NCC(=O)O)C2CCCCC2)cc1,1.9,mL.min-1.kg-1,species_only_human
2672066,CHEMBL1035433,CHEMBL599,CL,mL.min-1.kg-1,=,0.12,CHEMBL372,Homo sapiens,Total body clearance in human,A,Cc1cnc(NC(=O)C2=C(O)c3ccccc3S(=O)(=O)N2C)s1,0.12,mL.min-1.kg-1,species_only_human
2672068,CHEMBL1035433,CHEMBL852,CL,mL.min-1.kg-1,=,7.0,CHEMBL372,Homo sapiens,Total body clearance in human,A,N[C@@H](Cc1ccc(N(CCCl)CCCl)cc1)C(=O)O,7.0,mL.min-1.kg-1,species_only_human
2672070,CHEMBL1035433,CHEMBL607,CL,mL.min-1.kg-1,=,4.9,CHEMBL372,Homo sapiens,Total body clearance in human,A,CCOC(=O)C1(c2ccccc2)CCN(C)CC1,4.9,mL.min-1.kg-1,species_only_human
2672072,CHEMBL1035433,CHEMBL314437,CL,mL.min-1.kg-1,=,28.0,CHEMBL372,Homo sapiens,Total body clearance in human,A,CCC1(c2cccc(O)c2)CCCCN(C)C1,28.0,mL.min-1.kg-1,species_only_human
2672074,CHEMBL1035433,CHEMBL1425,CL,mL.min-1.kg-1,=,15.0,CHEMBL372,Homo sapiens,Total body clearance in human,A,Sc1ncnc2nc[nH]c12,15.0,mL.min-1.kg-1,species_only_human
2672076,CHEMBL1035433,CHEMBL127,CL,mL.min-1.kg-1,=,3.9,CHEMBL372,Homo sapiens,Total body clearance in human,A,C[C@@H](O)[C@H]1C(=O)N2C(C(=O)O)=C(S[C@@H]3CN[C@H](C(=O)N(C)C)C3)[C@H](C)[C@H]12,3.9,mL.min-1.kg-1,species_only_human
2672078,CHEMBL1035433,CHEMBL1431,CL,mL.min-1.kg-1,=,7.4,CHEMBL372,Homo sapiens,Total body clearance in human,A,CN(C)C(=N)NC(=N)N,7.4,mL.min-1.kg-1,species_only_human
2672080,CHEMBL1035433,CHEMBL651,CL,mL.min-1.kg-1,=,1.7,CHEMBL372,Homo sapiens,Total body clearance in human,A,CCC(=O)C(CC(C)N(C)C)(c1ccccc1)c1ccccc1,1.7,mL.min-1.kg-1,species_only_human
2672082,CHEMBL1035433,CHEMBL575,CL,mL.min-1.kg-1,=,6.6,CHEMBL372,Homo sapiens,Total body clearance in human,A,COc1cccc(OC)c1C(=O)N[C@@H]1C(=O)N2[C@@H]1SC(C)(C)[C@@H]2C(=O)O,6.6,mL.min-1.kg-1,species_only_human
2672084,CHEMBL1035433,CHEMBL34259,CL,mL.min-1.kg-1,=,2.1,CHEMBL372,Homo sapiens,Total body clearance in human,A,CN(Cc1cnc2nc(N)nc(N)c2n1)c1ccc(C(=O)N[C@@H](CCC(=O)O)C(=O)O)cc1,2.1,mL.min-1.kg-1,species_only_human
2672086,CHEMBL1035433,CHEMBL459,CL,mL.min-1.kg-1,=,3.5,CHEMBL372,Homo sapiens,Total body clearance in human,A,C[C@](N)(Cc1ccc(O)c(O)c1)C(=O)O,3.5,mL.min-1.kg-1,species_only_human
2672088,CHEMBL1035433,CHEMBL796,CL,mL.min-1.kg-1,=,0.55,CHEMBL372,Homo sapiens,Total body clearance in human,A,COC(=O)C(c1ccccc1)C1CCCCN1,0.55,mL.min-1.kg-1,species_only_human
2672090,CHEMBL1035433,CHEMBL650,CL,mL.min-1.kg-1,=,6.1,CHEMBL372,Homo sapiens,Total body clearance in human,A,C[C@H]1C[C@@H]2[C@H]([C@@H](O)C[C@@]3(C)[C@H]2CC[C@]3(O)C(=O)CO)[C@@]2(C)C=CC(=O)C=C12,6.1,mL.min-1.kg-1,species_only_human
2672092,CHEMBL1035433,CHEMBL86,CL,mL.min-1.kg-1,=,5.7,CHEMBL372,Homo sapiens,Total body clearance in human,A,CCN(CC)CCNC(=O)c1cc(Cl)c(N)cc1OC,5.7,mL.min-1.kg-1,species_only_human
2672094,CHEMBL1035433,CHEMBL1739,CL,mL.min-1.kg-1,=,1.2,CHEMBL372,Homo sapiens,Total body clearance in human,A,COc1ccc2cc1Oc1cc3c(cc1OC)CC[N+](C)(C)[C@H]3Cc1ccc(cc1)Oc1c(OC)c(OC)cc3c1[C@@H](C2)[N+](C)(C)CC3.[I-].[I-],1.2,mL.min-1.kg-1,species_only_human
2672096,CHEMBL1035433,CHEMBL878,CL,mL.min-1.kg-1,=,1.4,CHEMBL372,Homo sapiens,Total body clearance in human,A,Cc1ccccc1N1C(=O)c2cc(S(N)(=O)=O)c(Cl)cc2NC1C,1.4,mL.min-1.kg-1,species_only_human
2672098,CHEMBL1035433,CHEMBL13,CL,mL.min-1.kg-1,=,13.0,CHEMBL372,Homo sapiens,Total body clearance in human,A,COCCc1ccc(OCC(O)CNC(C)C)cc1,13.0,mL.min-1.kg-1,species_only_human
2672100,CHEMBL1035433,CHEMBL1736,CL,mL.min-1.kg-1,=,2.7,CHEMBL372,Homo sapiens,Total body clearance in human,A,CC(=O)Nc1c(I)c(C(=O)O)c(I)c(N(C)C(C)=O)c1I,2.7,mL.min-1.kg-1,species_only_human
2672102,CHEMBL1035433,CHEMBL137,CL,mL.min-1.kg-1,=,0.85,CHEMBL372,Homo sapiens,Total body clearance in human,A,Cc1ncc([N+](=O)[O-])n1CCO,0.85,mL.min-1.kg-1,species_only_human
2672104,CHEMBL1035433,CHEMBL558,CL,mL.min-1.kg-1,=,8.3,CHEMBL372,Homo sapiens,Total body clearance in human,A,Cc1cccc(C)c1OCC(C)N,8.3,mL.min-1.kg-1,species_only_human
2672106,CHEMBL1035433,CHEMBL1731,CL,mL.min-1.kg-1,=,5.23,CHEMBL372,Homo sapiens,Total body clearance in human,A,CC1(C)S[C@@H]2[C@H](NC(=O)[C@H](NC(=O)N3CCN(S(C)(=O)=O)C3=O)c3ccccc3)C(=O)N2[C@H]1C(=O)O,5.23,mL.min-1.kg-1,species_only_human
2672108,CHEMBL1035433,CHEMBL655,CL,mL.min-1.kg-1,=,5.3,CHEMBL372,Homo sapiens,Total body clearance in human,A,Cc1ncc2n1-c1ccc(Cl)cc1C(c1ccccc1F)=NC2,5.3,mL.min-1.kg-1,species_only_human
2672110,CHEMBL1035433,CHEMBL1561,CL,mL.min-1.kg-1,=,1.7,CHEMBL372,Homo sapiens,Total body clearance in human,A,OCCN1C[C@H](O)[C@@H](O)[C@H](O)[C@H]1CO,1.7,mL.min-1.kg-1,species_only_human
2672112,CHEMBL1035433,CHEMBL189,CL,mL.min-1.kg-1,=,6.2,CHEMBL372,Homo sapiens,Total body clearance in human,A,Cc1[nH]c(=O)c(C#N)cc1-c1ccncc1,6.2,mL.min-1.kg-1,species_only_human
2672114,CHEMBL1035433,CHEMBL654,CL,mL.min-1.kg-1,=,8.0,CHEMBL372,Homo sapiens,Total body clearance in human,A,CN1CCN2c3ncccc3Cc3ccccc3C2C1,8.0,mL.min-1.kg-1,species_only_human
2672116,CHEMBL1035433,CHEMBL58,CL,mL.min-1.kg-1,=,7.9,CHEMBL372,Homo sapiens,Total body clearance in human,A,O=C1c2c(O)ccc(O)c2C(=O)c2c(NCCNCCO)ccc(NCCNCCO)c21,7.9,mL.min-1.kg-1,species_only_human
2672118,CHEMBL1035433,CHEMBL86304,CL,mL.min-1.kg-1,=,10.0,CHEMBL372,Homo sapiens,Total body clearance in human,A,O=C(NCCN1CCOCC1)c1ccc(Cl)cc1,10.0,mL.min-1.kg-1,species_only_human
2672120,CHEMBL1035433,CHEMBL787,CL,mL.min-1.kg-1,=,0.68,CHEMBL372,Homo sapiens,Total body clearance in human,A,CC(C)(O)c1ccccc1CC[C@@H](SCC1(CC(=O)O)CC1)c1cccc(/C=C/c2ccc3ccc(Cl)cc3n2)c1,0.68,mL.min-1.kg-1,species_only_human
2672122,CHEMBL1035433,CHEMBL70,CL,mL.min-1.kg-1,=,26.0,CHEMBL372,Homo sapiens,Total body clearance in human,A,CN1CC[C@]23c4c5ccc(O)c4O[C@H]2[C@@H](O)C=C[C@H]3[C@H]1C5,26.0,mL.min-1.kg-1,species_only_human
2672124,CHEMBL1035433,CHEMBL74632,CL,mL.min-1.kg-1,=,0.72,CHEMBL372,Homo sapiens,Total body clearance in human,A,CO[C@@]1(NC(=O)C(C(=O)O)c2ccc(O)cc2)C(=O)N2C(C(=O)O)=C(CSc3nnnn3C)CO[C@@H]21,0.72,mL.min-1.kg-1,species_only_human
2672126,CHEMBL1035433,CHEMBL32,CL,mL.min-1.kg-1,=,2.4,CHEMBL372,Homo sapiens,Total body clearance in human,A,COc1c(N2C[C@@H]3CCCN[C@@H]3C2)c(F)cc2c(=O)c(C(=O)O)cn(C3CC3)c12,2.4,mL.min-1.kg-1,species_only_human
2672128,CHEMBL1035433,CHEMBL19236,CL,mL.min-1.kg-1,=,11.0,CHEMBL372,Homo sapiens,Total body clearance in human,A,COc1nc(C)nc(Cl)c1NC1=NCCN1,11.0,mL.min-1.kg-1,species_only_human
2672130,CHEMBL1035433,CHEMBL521606,CL,mL.min-1.kg-1,=,2.9,CHEMBL372,Homo sapiens,Total body clearance in human,A,CC(C)(C)NCC(O)COc1cccc2c1CC(O)C(O)C2,2.9,mL.min-1.kg-1,species_only_human
2672132,CHEMBL1035433,CHEMBL1443,CL,mL.min-1.kg-1,=,3.3,CHEMBL372,Homo sapiens,Total body clearance in human,A,CCOc1ccc2ccccc2c1C(=O)N[C@@H]1C(=O)N2[C@@H]1SC(C)(C)[C@@H]2C(=O)O,3.3,mL.min-1.kg-1,species_only_human
2672134,CHEMBL1035433,CHEMBL895,CL,mL.min-1.kg-1,=,22.0,CHEMBL372,Homo sapiens,Total body clearance in human,A,Oc1ccc2c3c1O[C@H]1[C@@H](O)CC[C@@]4(O)[C@@H](C2)N(CC2CCC2)CC[C@]314,22.0,mL.min-1.kg-1,species_only_human
2672136,CHEMBL1035433,CHEMBL982,CL,mL.min-1.kg-1,=,15.0,CHEMBL372,Homo sapiens,Total body clearance in human,A,C=C1CC[C@@]2(O)[C@H]3Cc4ccc(O)c5c4[C@@]2(CCN3CC2CC2)[C@H]1O5,15.0,mL.min-1.kg-1,species_only_human
2672138,CHEMBL1035433,CHEMBL80,CL,mL.min-1.kg-1,=,23.0,CHEMBL372,Homo sapiens,Total body clearance in human,A,C=CCN1CC[C@]23c4c5ccc(O)c4O[C@H]2C(=O)CC[C@@]3(O)[C@H]1C5,23.0,mL.min-1.kg-1,species_only_human
2672140,CHEMBL1035433,CHEMBL1278,CL,mL.min-1.kg-1,=,6.6,CHEMBL372,Homo sapiens,Total body clearance in human,A,CNS(=O)(=O)CCc1ccc2[nH]cc(C3CCN(C)CC3)c2c1,6.6,mL.min-1.kg-1,species_only_human
2672142,CHEMBL1035433,CHEMBL783,CL,mL.min-1.kg-1,=,1.8,CHEMBL372,Homo sapiens,Total body clearance in human,A,CC(C)[C@H]1CC[C@H](C(=O)N[C@H](Cc2ccccc2)C(=O)O)CC1,1.8,mL.min-1.kg-1,species_only_human
2672144,CHEMBL1035433,CHEMBL623,CL,mL.min-1.kg-1,=,7.5,CHEMBL372,Homo sapiens,Total body clearance in human,A,CCc1nn(CCCN2CCN(c3cccc(Cl)c3)CC2)c(=O)n1CCOc1ccccc1,7.5,mL.min-1.kg-1,species_only_human
2672146,CHEMBL1035433,CHEMBL1572,CL,mL.min-1.kg-1,=,0.55,CHEMBL372,Homo sapiens,Total body clearance in human,A,CCN[C@@H]1C[C@H](N)[C@@H](O[C@H]2OC(CN)=CC[C@H]2N)[C@H](O)[C@H]1O[C@H]1OC[C@](C)(O)[C@H](NC)[C@H]1O,0.55,mL.min-1.kg-1,species_only_human
2672148,CHEMBL1035433,CHEMBL57,CL,mL.min-1.kg-1,=,0.3,CHEMBL372,Homo sapiens,Total body clearance in human,A,Cc1ccnc2c1NC(=O)c1cccnc1N2C1CC1,0.3,mL.min-1.kg-1,species_only_human
2672150,CHEMBL1035433,CHEMBL1484,CL,mL.min-1.kg-1,=,11.0,CHEMBL372,Homo sapiens,Total body clearance in human,A,COC(=O)C1=C(C)NC(C)=C(C(=O)OCCN(C)Cc2ccccc2)C1c1cccc([N+](=O)[O-])c1,11.0,mL.min-1.kg-1,species_only_human
2672152,CHEMBL1035433,CHEMBL3,CL,mL.min-1.kg-1,=,18.0,CHEMBL372,Homo sapiens,Total body clearance in human,A,CN1CCC[C@H]1c1cccnc1,18.0,mL.min-1.kg-1,species_only_human
2672154,CHEMBL1035433,CHEMBL193,CL,mL.min-1.kg-1,=,7.3,CHEMBL372,Homo sapiens,Total body clearance in human,A,COC(=O)C1=C(C)NC(C)=C(C(=O)OC)C1c1ccccc1[N+](=O)[O-],7.3,mL.min-1.kg-1,species_only_human
2672156,CHEMBL1035433,CHEMBL1428,CL,mL.min-1.kg-1,=,15.0,CHEMBL372,Homo sapiens,Total body clearance in human,A,COCCOC(=O)C1=C(C)NC(C)=C(C(=O)OC(C)C)C1c1cccc([N+](=O)[O-])c1,15.0,mL.min-1.kg-1,species_only_human
2672158,CHEMBL1035433,CHEMBL1726,CL,mL.min-1.kg-1,=,15.0,CHEMBL372,Homo sapiens,Total body clearance in human,A,COC(=O)C1=C(C)NC(C)=C(C(=O)OCC(C)C)C1c1ccccc1[N+](=O)[O-],15.0,mL.min-1.kg-1,species_only_human
2672160,CHEMBL1035433,CHEMBL13209,CL,mL.min-1.kg-1,=,0.86,CHEMBL372,Homo sapiens,Total body clearance in human,A,O=C1CN=C(c2ccccc2)c2cc([N+](=O)[O-])ccc2N1,0.86,mL.min-1.kg-1,species_only_human
2672162,CHEMBL1035433,CHEMBL475534,CL,mL.min-1.kg-1,=,25.0,CHEMBL372,Homo sapiens,Total body clearance in human,A,CCOC(=O)C1=C(C)NC(C)=C(C(=O)OC)C1c1cccc([N+](=O)[O-])c1,25.0,mL.min-1.kg-1,species_only_human
2672164,CHEMBL1035433,CHEMBL572,CL,mL.min-1.kg-1,=,9.7,CHEMBL372,Homo sapiens,Total body clearance in human,A,O=C1CN(/N=C/c2ccc([N+](=O)[O-])o2)C(=O)N1,9.7,mL.min-1.kg-1,species_only_human
2672166,CHEMBL1035433,CHEMBL3183075,CL,mL.min-1.kg-1,=,9.8,CHEMBL372,Homo sapiens,Total body clearance in human,A,CNC(=C[N+](=O)[O-])NCCSCc1csc(CN(C)C)n1,9.8,mL.min-1.kg-1,species_only_human
2672168,CHEMBL1035433,CHEMBL273575,CL,mL.min-1.kg-1,=,22.0,CHEMBL372,Homo sapiens,Total body clearance in human,A,CN1Cc2c(N)cccc2C(c2ccccc2)C1,22.0,mL.min-1.kg-1,species_only_human
2672170,CHEMBL1035433,CHEMBL445,CL,mL.min-1.kg-1,=,10.0,CHEMBL372,Homo sapiens,Total body clearance in human,A,CNCCC=C1c2ccccc2CCc2ccccc21,10.0,mL.min-1.kg-1,species_only_human
2672172,CHEMBL1035433,CHEMBL4,CL,mL.min-1.kg-1,=,3.5,CHEMBL372,Homo sapiens,Total body clearance in human,A,CC1COc2c(N3CCN(C)CC3)c(F)cc3c(=O)c(C(=O)O)cn1c23,3.5,mL.min-1.kg-1,species_only_human
2672174,CHEMBL1035433,CHEMBL1503,CL,mL.min-1.kg-1,=,8.4,CHEMBL372,Homo sapiens,Total body clearance in human,A,COc1ccc2[nH]c([S+]([O-])Cc3ncc(C)c(OC)c3C)nc2c1,8.4,mL.min-1.kg-1,species_only_human
2672176,CHEMBL1035433,CHEMBL674,CL,mL.min-1.kg-1,=,4.8,CHEMBL372,Homo sapiens,Total body clearance in human,A,CCC(CC)O[C@@H]1C=C(C(=O)O)C[C@H](N)[C@H]1NC(C)=O,4.8,mL.min-1.kg-1,species_only_human
2672178,CHEMBL1035433,CHEMBL819,CL,mL.min-1.kg-1,=,6.3,CHEMBL372,Homo sapiens,Total body clearance in human,A,Cc1onc(-c2ccccc2)c1C(=O)N[C@@H]1C(=O)N2[C@@H]1SC(C)(C)[C@@H]2C(=O)O,6.3,mL.min-1.kg-1,species_only_human
2672180,CHEMBL1035433,CHEMBL568,CL,mL.min-1.kg-1,=,1.1,CHEMBL372,Homo sapiens,Total body clearance in human,A,O=C1Nc2ccc(Cl)cc2C(c2ccccc2)=NC1O,1.1,mL.min-1.kg-1,species_only_human
2672182,CHEMBL1035433,CHEMBL656,CL,mL.min-1.kg-1,=,6.1,CHEMBL372,Homo sapiens,Total body clearance in human,A,COc1ccc2c3c1O[C@H]1C(=O)CC[C@@]4(O)[C@@H](C2)N(C)CC[C@]314,6.1,mL.min-1.kg-1,species_only_human
2672184,CHEMBL1035433,CHEMBL1517,CL,mL.min-1.kg-1,=,2.0,CHEMBL372,Homo sapiens,Total body clearance in human,A,CN(C)[C@@H]1C(O)=C(C(N)=O)C(=O)[C@@]2(O)C(O)=C3C(=O)c4c(O)cccc4[C@@](C)(O)[C@H]3[C@H](O)[C@@H]12,2.0,mL.min-1.kg-1,species_only_human
2672186,CHEMBL1035433,CHEMBL428647,CL,mL.min-1.kg-1,=,6.4,CHEMBL372,Homo sapiens,Total body clearance in human,A,CC(=O)O[C@H]1C(=O)[C@@]2(C)[C@H]([C@H](OC(=O)c3ccccc3)[C@]3(O)C[C@H](OC(=O)[C@H](O)[C@@H](NC(=O)c4ccccc4)c4ccccc4)C(C)=C1C3(C)C)[C@]1(OC(C)=O)CO[C@@H]1C[C@@H]2O,6.4,mL.min-1.kg-1,species_only_human
2672188,CHEMBL1035433,CHEMBL1502,CL,mL.min-1.kg-1,=,2.2,CHEMBL372,Homo sapiens,Total body clearance in human,A,COc1ccnc(C[S+]([O-])c2nc3cc(OC(F)F)ccc3[nH]2)c1OC,2.2,mL.min-1.kg-1,species_only_human
2672190,CHEMBL1035433,CHEMBL19224,CL,mL.min-1.kg-1,=,11.0,CHEMBL372,Homo sapiens,Total body clearance in human,A,COc1ccc(Cc2nccc3cc(OC)c(OC)cc23)cc1OC,11.0,mL.min-1.kg-1,species_only_human
2672192,CHEMBL1035433,CHEMBL1200622,CL,mL.min-1.kg-1,=,0.89,CHEMBL372,Homo sapiens,Total body clearance in human,A,C[C@H](/C=C/[C@H](C)C(C)(C)O)[C@H]1CC[C@H]2/C(=C/C=C3C[C@@H](O)C[C@H](O)C3)CCC[C@]12C,0.89,mL.min-1.kg-1,species_only_human
2672194,CHEMBL1035433,CHEMBL490,CL,mL.min-1.kg-1,=,18.0,CHEMBL372,Homo sapiens,Total body clearance in human,A,Fc1ccc([C@@H]2CCNC[C@H]2COc2ccc3c(c2)OCO3)cc1,18.0,mL.min-1.kg-1,species_only_human
2672196,CHEMBL1035433,CHEMBL267648,CL,mL.min-1.kg-1,=,2.0,CHEMBL372,Homo sapiens,Total body clearance in human,A,CCn1cc(C(=O)O)c(=O)c2cc(F)c(N3CCN(C)CC3)cc21,2.0,mL.min-1.kg-1,species_only_human
2672198,CHEMBL1035433,CHEMBL1540,CL,mL.min-1.kg-1,=,8.4,CHEMBL372,Homo sapiens,Total body clearance in human,A,Nc1nc(O)c2ncn(CCC(CO)CO)c2n1,8.4,mL.min-1.kg-1,species_only_human
2672200,CHEMBL1035433,CHEMBL29,CL,mL.min-1.kg-1,=,6.9,CHEMBL372,Homo sapiens,Total body clearance in human,A,CC1(C)S[C@@H]2[C@H](NC(=O)Cc3ccccc3)C(=O)N2[C@H]1C(=O)O,6.9,mL.min-1.kg-1,species_only_human
2672202,CHEMBL1035433,CHEMBL60542,CL,mL.min-1.kg-1,=,23.0,CHEMBL372,Homo sapiens,Total body clearance in human,A,CC(C)=CCN1CC[C@]2(C)c3cc(O)ccc3C[C@H]1[C@H]2C,23.0,mL.min-1.kg-1,species_only_human
2672204,CHEMBL1035433,CHEMBL567,CL,mL.min-1.kg-1,=,27.0,CHEMBL372,Homo sapiens,Total body clearance in human,A,OCCN1CCN(CCCN2c3ccccc3Sc3ccc(Cl)cc32)CC1,27.0,mL.min-1.kg-1,species_only_human
2672206,CHEMBL1035433,CHEMBL275528,CL,mL.min-1.kg-1,=,5.1,CHEMBL372,Homo sapiens,Total body clearance in human,A,c1ccc(C2(N3CCCCC3)CCCCC2)cc1,5.1,mL.min-1.kg-1,species_only_human
2672208,CHEMBL1035433,CHEMBL40,CL,mL.min-1.kg-1,=,0.063,CHEMBL372,Homo sapiens,Total body clearance in human,A,CCC1(c2ccccc2)C(=O)NC(=O)NC1=O,0.063,mL.min-1.kg-1,species_only_human
2672210,CHEMBL1035433,CHEMBL615,CL,mL.min-1.kg-1,=,6.8,CHEMBL372,Homo sapiens,Total body clearance in human,A,CC1(C)S[C@@H]2[C@H](NC(=O)COc3ccccc3)C(=O)N2[C@H]1C(=O)O,6.8,mL.min-1.kg-1,species_only_human
2672212,CHEMBL1035433,CHEMBL500,CL,mL.min-1.kg-1,=,7.7,CHEMBL372,Homo sapiens,Total body clearance in human,A,CC(C)NCC(O)COc1cccc2[nH]ccc12,7.7,mL.min-1.kg-1,species_only_human
2672214,CHEMBL1035433,CHEMBL702,CL,mL.min-1.kg-1,=,4.0,CHEMBL372,Homo sapiens,Total body clearance in human,A,CCN1CCN(C(=O)N[C@@H](C(=O)N[C@@H]2C(=O)N3[C@@H]2SC(C)(C)[C@@H]3C(=O)O)c2ccccc2)C(=O)C1=O,4.0,mL.min-1.kg-1,species_only_human
2672216,CHEMBL1035433,CHEMBL349803,CL,mL.min-1.kg-1,=,3.1,CHEMBL372,Homo sapiens,Total body clearance in human,A,NS(=O)(=O)c1cc(C(=O)O)cc(N2CCCC2)c1Oc1ccccc1,3.1,mL.min-1.kg-1,species_only_human
2672218,CHEMBL1035433,CHEMBL559288,CL,mL.min-1.kg-1,=,7.8,CHEMBL372,Homo sapiens,Total body clearance in human,A,N#CC(CCN1CCC(C(N)=O)(N2CCCCC2)CC1)(c1ccccc1)c1ccccc1,7.8,mL.min-1.kg-1,species_only_human
2672220,CHEMBL1035433,CHEMBL432103,CL,mL.min-1.kg-1,=,1.8,CHEMBL372,Homo sapiens,Total body clearance in human,A,CC1CCCC(C)N1CCCC(O)(c1ccccc1)c1ccccn1,1.8,mL.min-1.kg-1,species_only_human
2672222,CHEMBL1035433,CHEMBL6995,CL,mL.min-1.kg-1,=,2.0,CHEMBL372,Homo sapiens,Total body clearance in human,A,CC(=O)Nc1ccc(OCC(O)CNC(C)C)cc1,2.0,mL.min-1.kg-1,species_only_human
2672224,CHEMBL1035433,CHEMBL1144,CL,mL.min-1.kg-1,=,14.0,CHEMBL372,Homo sapiens,Total body clearance in human,A,CC[C@H](C)C(=O)O[C@H]1C[C@H](O)C=C2C=C[C@H](C)[C@H](CC[C@@H](O)C[C@@H](O)CC(=O)O)[C@H]21,14.0,mL.min-1.kg-1,species_only_human
2672226,CHEMBL1035433,CHEMBL2,CL,mL.min-1.kg-1,=,4.7,CHEMBL372,Homo sapiens,Total body clearance in human,A,COc1cc2nc(N3CCN(C(=O)c4ccco4)CC3)nc(N)c2cc1OC,4.7,mL.min-1.kg-1,species_only_human
2672228,CHEMBL1035433,CHEMBL131,CL,mL.min-1.kg-1,=,2.9,CHEMBL372,Homo sapiens,Total body clearance in human,A,C[C@]12C=CC(=O)C=C1CC[C@@H]1[C@@H]2[C@@H](O)C[C@@]2(C)[C@H]1CC[C@]2(O)C(=O)CO,2.9,mL.min-1.kg-1,species_only_human
2672230,CHEMBL1035433,CHEMBL635,CL,mL.min-1.kg-1,=,2.5,CHEMBL372,Homo sapiens,Total body clearance in human,A,C[C@]12C=CC(=O)C=C1CC[C@@H]1[C@@H]2C(=O)C[C@@]2(C)[C@H]1CC[C@]2(O)C(=O)CO,2.5,mL.min-1.kg-1,species_only_human
2672232,CHEMBL1035433,CHEMBL897,CL,mL.min-1.kg-1,=,0.25,CHEMBL372,Homo sapiens,Total body clearance in human,A,CCCN(CCC)S(=O)(=O)c1ccc(C(=O)O)cc1,0.25,mL.min-1.kg-1,species_only_human
2672234,CHEMBL1035433,CHEMBL640,CL,mL.min-1.kg-1,=,10.0,CHEMBL372,Homo sapiens,Total body clearance in human,A,CCN(CC)CCNC(=O)c1ccc(N)cc1,10.0,mL.min-1.kg-1,species_only_human
2672236,CHEMBL1035433,CHEMBL643,CL,mL.min-1.kg-1,=,14.0,CHEMBL372,Homo sapiens,Total body clearance in human,A,CC(CN1c2ccccc2Sc2ccccc21)N(C)C,14.0,mL.min-1.kg-1,species_only_human
2672238,CHEMBL1035433,CHEMBL27,CL,mL.min-1.kg-1,=,12.0,CHEMBL372,Homo sapiens,Total body clearance in human,A,CC(C)NCC(O)COc1cccc2ccccc12,12.0,mL.min-1.kg-1,species_only_human
2672240,CHEMBL1035433,CHEMBL1518,CL,mL.min-1.kg-1,=,3.1,CHEMBL372,Homo sapiens,Total body clearance in human,A,CCCc1cc(=O)[nH]c(=S)[nH]1,3.1,mL.min-1.kg-1,species_only_human
2672587,CHEMBL1035433,CHEMBL1115,CL,mL.min-1.kg-1,=,9.6,CHEMBL372,Homo sapiens,Total body clearance in human,A,CN(C)C(=O)Oc1ccc[n+](C)c1,9.6,mL.min-1.kg-1,species_only_human
2672589,CHEMBL1035433,CHEMBL1733,CL,mL.min-1.kg-1,=,0.93,CHEMBL372,Homo sapiens,Total body clearance in human,A,C[C@H](N[C@@H](CCc1ccccc1)C(=O)O)C(=O)N1Cc2ccccc2C[C@H]1C(=O)O,0.93,mL.min-1.kg-1,species_only_human
2672591,CHEMBL1035433,CHEMBL1294,CL,mL.min-1.kg-1,=,4.0,CHEMBL372,Homo sapiens,Total body clearance in human,A,C=C[C@H]1CN2CC[C@H]1C[C@@H]2[C@@H](O)c1ccnc2ccc(OC)cc12,4.0,mL.min-1.kg-1,species_only_human
2672593,CHEMBL1035433,CHEMBL170,CL,mL.min-1.kg-1,=,1.9,CHEMBL372,Homo sapiens,Total body clearance in human,A,C=C[C@H]1CN2CC[C@H]1C[C@H]2[C@H](O)c1ccnc2ccc(OC)cc12,1.9,mL.min-1.kg-1,species_only_human
2672595,CHEMBL1035433,CHEMBL1219,CL,mL.min-1.kg-1,=,4.0,CHEMBL372,Homo sapiens,Total body clearance in human,A,COCCCOc1ccnc(C[S+]([O-])c2nc3ccccc3[nH]2)c1C,4.0,mL.min-1.kg-1,species_only_human
2672597,CHEMBL1035433,CHEMBL1790041,CL,mL.min-1.kg-1,=,9.6,CHEMBL372,Homo sapiens,Total body clearance in human,A,CNC(=C[N+](=O)[O-])NCCSCc1ccc(CN(C)C)o1,9.6,mL.min-1.kg-1,species_only_human
2672599,CHEMBL1035433,CHEMBL14370,CL,mL.min-1.kg-1,=,0.82,CHEMBL372,Homo sapiens,Total body clearance in human,A,CCOc1ccccc1OC(c1ccccc1)C1CNCCO1,0.82,mL.min-1.kg-1,species_only_human
2672601,CHEMBL1035433,CHEMBL551786,CL,mL.min-1.kg-1,=,4.5,CHEMBL372,Homo sapiens,Total body clearance in human,A,Cc1cccc(C)c1NC(=O)NCCCNC(C)C,4.5,mL.min-1.kg-1,species_only_human
2672603,CHEMBL1035433,CHEMBL1005,CL,mL.min-1.kg-1,=,37.0,CHEMBL372,Homo sapiens,Total body clearance in human,A,CCC(=O)N(c1ccccc1)C1(C(=O)OC)CCN(CCC(=O)OC)CC1,37.0,mL.min-1.kg-1,species_only_human
2672605,CHEMBL1035433,CHEMBL22242,CL,mL.min-1.kg-1,=,1.7,CHEMBL372,Homo sapiens,Total body clearance in human,A,CCN1CCC[C@H]1CNC(=O)c1c(OC)ccc(Br)c1OC,1.7,mL.min-1.kg-1,species_only_human
2672607,CHEMBL1035433,CHEMBL1272,CL,mL.min-1.kg-1,=,7.8,CHEMBL372,Homo sapiens,Total body clearance in human,A,CCOc1cc(CC(=O)N[C@@H](CC(C)C)c2ccccc2N2CCCCC2)ccc1C(=O)O,7.8,mL.min-1.kg-1,species_only_human
2672609,CHEMBL1035433,CHEMBL1643,CL,mL.min-1.kg-1,=,5.2,CHEMBL372,Homo sapiens,Total body clearance in human,A,NC(=O)c1ncn([C@@H]2O[C@H](CO)[C@@H](O)[C@H]2O)n1,5.2,mL.min-1.kg-1,species_only_human
2672611,CHEMBL1035433,CHEMBL444633,CL,mL.min-1.kg-1,=,2.4,CHEMBL372,Homo sapiens,Total body clearance in human,A,CO[C@H]1/C=C/O[C@@]2(C)Oc3c(C)c(O)c4c(c3C2=O)C2=NC3(CCN(CC(C)C)CC3)NC2=C(NC(=O)/C(C)=C\C=C\[C@H](C)[C@H](O)[C@@H](C)[C@@H](O)[C@@H](C)[C@H](OC(C)=O)[C@@H]1C)C4=O,2.4,mL.min-1.kg-1,species_only_human
2672613,CHEMBL1035433,CHEMBL374478,CL,mL.min-1.kg-1,=,1.5,CHEMBL372,Homo sapiens,Total body clearance in human,A,CO[C@H]1/C=C/O[C@@]2(C)Oc3c(C)c(O)c4c(O)c(c(/C=N/N5CCN(C)CC5)c(O)c4c3C2=O)NC(=O)/C(C)=C\C=C\[C@H](C)[C@H](O)[C@@H](C)[C@@H](O)[C@@H](C)[C@H](OC(C)=O)[C@@H]1C,1.5,mL.min-1.kg-1,species_only_human
2672615,CHEMBL1035433,CHEMBL923,CL,mL.min-1.kg-1,=,1.5,CHEMBL372,Homo sapiens,Total body clearance in human,A,O=P(O)(O)C(O)(Cc1cccnc1)P(=O)(O)O,1.5,mL.min-1.kg-1,species_only_human
2672617,CHEMBL1035433,CHEMBL85,CL,mL.min-1.kg-1,=,5.4,CHEMBL372,Homo sapiens,Total body clearance in human,A,Cc1nc2n(c(=O)c1CCN1CCC(c3noc4cc(F)ccc34)CC1)CCCC2,5.4,mL.min-1.kg-1,species_only_human
2672619,CHEMBL1035433,CHEMBL636,CL,mL.min-1.kg-1,=,12.0,CHEMBL372,Homo sapiens,Total body clearance in human,A,CCN(C)C(=O)Oc1cccc([C@H](C)N(C)C)c1,12.0,mL.min-1.kg-1,species_only_human
2672621,CHEMBL1035433,CHEMBL905,CL,mL.min-1.kg-1,=,19.0,CHEMBL372,Homo sapiens,Total body clearance in human,A,CN(C)CCc1c[nH]c2ccc(Cn3cncn3)cc12,19.0,mL.min-1.kg-1,species_only_human
2672623,CHEMBL1035433,CHEMBL121,CL,mL.min-1.kg-1,=,0.65,CHEMBL372,Homo sapiens,Total body clearance in human,A,CN(CCOc1ccc(CC2SC(=O)NC2=O)cc1)c1ccccn1,0.65,mL.min-1.kg-1,species_only_human
2672625,CHEMBL1035433,CHEMBL1496,CL,mL.min-1.kg-1,=,11.0,CHEMBL372,Homo sapiens,Total body clearance in human,A,CC(C)c1nc(N(C)S(C)(=O)=O)nc(-c2ccc(F)cc2)c1/C=C/[C@@H](O)C[C@@H](O)CC(=O)O,11.0,mL.min-1.kg-1,species_only_human
2672627,CHEMBL1035433,CHEMBL714,CL,mL.min-1.kg-1,=,7.8,CHEMBL372,Homo sapiens,Total body clearance in human,A,CC(C)(C)NCC(O)c1ccc(O)c(CO)c1,7.8,mL.min-1.kg-1,species_only_human
2672629,CHEMBL1035433,CHEMBL306713,CL,mL.min-1.kg-1,=,7.5,CHEMBL372,Homo sapiens,Total body clearance in human,A,C[C@@H](O)[C@H]1C(=O)N2C(C(=O)O)=C(SCCOC(N)=O)S[C@H]12,7.5,mL.min-1.kg-1,species_only_human
2672631,CHEMBL1035433,CHEMBL972,CL,mL.min-1.kg-1,=,20.0,CHEMBL372,Homo sapiens,Total body clearance in human,A,C#CCN(C)[C@H](C)Cc1ccccc1,20.0,mL.min-1.kg-1,species_only_human
2672633,CHEMBL1035433,CHEMBL95804,CL,mL.min-1.kg-1,=,3.7,CHEMBL372,Homo sapiens,Total body clearance in human,A,CCN(CC)CCNC(=O)c1ccc(NS(C)(=O)=O)cc1,3.7,mL.min-1.kg-1,species_only_human
2672635,CHEMBL1035433,CHEMBL192,CL,mL.min-1.kg-1,=,9.1,CHEMBL372,Homo sapiens,Total body clearance in human,A,CCCc1nn(C)c2c(=O)[nH]c(-c3cc(S(=O)(=O)N4CCN(C)CC4)ccc3OCC)nc12,9.1,mL.min-1.kg-1,species_only_human
2672637,CHEMBL1035433,CHEMBL221886,CL,mL.min-1.kg-1,=,1.0,CHEMBL372,Homo sapiens,Total body clearance in human,A,CN[C@@H]1[C@@H](O)[C@@H](O[C@@H]2[C@@H](O)[C@H](O[C@H]3OC(CN)=CC[C@H]3N)[C@@H](N)C[C@H]2N)OC[C@]1(C)O,1.0,mL.min-1.kg-1,species_only_human
2672639,CHEMBL1035433,CHEMBL108821,CL,mL.min-1.kg-1,=,3.7,CHEMBL372,Homo sapiens,Total body clearance in human,A,N[C@@H]1CN(c2c(F)cc3c(=O)c(C(=O)O)cn([C@@H]4C[C@@H]4F)c3c2Cl)CC12CC2,3.7,mL.min-1.kg-1,species_only_human
2672641,CHEMBL1035433,CHEMBL1422,CL,mL.min-1.kg-1,=,6.0,CHEMBL372,Homo sapiens,Total body clearance in human,A,N[C@@H](CC(=O)N1CCn2c(nnc2C(F)(F)F)C1)Cc1cc(F)c(F)cc1F,6.0,mL.min-1.kg-1,species_only_human
2672643,CHEMBL1035433,CHEMBL1734,CL,mL.min-1.kg-1,=,2.1,CHEMBL372,Homo sapiens,Total body clearance in human,A,O=C(O[C@H]1CN2CCC1CC2)N1CCc2ccccc2[C@@H]1c1ccccc1,2.1,mL.min-1.kg-1,species_only_human
2672645,CHEMBL1035433,CHEMBL471,CL,mL.min-1.kg-1,=,2.0,CHEMBL372,Homo sapiens,Total body clearance in human,A,CC(C)NCC(O)c1ccc(NS(C)(=O)=O)cc1,2.0,mL.min-1.kg-1,species_only_human
2672647,CHEMBL1035433,CHEMBL850,CL,mL.min-1.kg-1,=,2.7,CHEMBL372,Homo sapiens,Total body clearance in human,A,C[C@@H]1CN(c2c(F)c(N)c3c(=O)c(C(=O)O)cn(C4CC4)c3c2F)C[C@H](C)N1,2.7,mL.min-1.kg-1,species_only_human
2672649,CHEMBL1035433,CHEMBL991,CL,mL.min-1.kg-1,=,8.2,CHEMBL372,Homo sapiens,Total body clearance in human,A,Cc1cn([C@H]2C=C[C@@H](CO)O2)c(=O)[nH]c1=O,8.2,mL.min-1.kg-1,species_only_human
2672651,CHEMBL1035433,CHEMBL658,CL,mL.min-1.kg-1,=,15.0,CHEMBL372,Homo sapiens,Total body clearance in human,A,CCC(=O)N(c1ccccc1)C1(COC)CCN(CCc2cccs2)CC1,15.0,mL.min-1.kg-1,species_only_human
2672653,CHEMBL1035433,CHEMBL403,CL,mL.min-1.kg-1,=,5.1,CHEMBL372,Homo sapiens,Total body clearance in human,A,CC1(C)[C@H](C(=O)O)N2C(=O)C[C@H]2S1(=O)=O,5.1,mL.min-1.kg-1,species_only_human
2672655,CHEMBL1035433,CHEMBL1256734,CL,mL.min-1.kg-1,=,1.6,CHEMBL372,Homo sapiens,Total body clearance in human,A,CC1(C)S[C@@H]2[C@H](NC(=O)C(c3ccccc3)S(=O)(=O)O)C(=O)N2[C@H]1C(=O)O,1.6,mL.min-1.kg-1,species_only_human
2672657,CHEMBL1035433,CHEMBL439,CL,mL.min-1.kg-1,=,0.55,CHEMBL372,Homo sapiens,Total body clearance in human,A,Nc1ccc(S(=O)(=O)Nc2ncccn2)cc1,0.55,mL.min-1.kg-1,species_only_human
2672659,CHEMBL1035433,CHEMBL443,CL,mL.min-1.kg-1,=,0.36,CHEMBL372,Homo sapiens,Total body clearance in human,A,Cc1cc(NS(=O)(=O)c2ccc(N)cc2)no1,0.36,mL.min-1.kg-1,species_only_human
2672661,CHEMBL1035433,CHEMBL832,CL,mL.min-1.kg-1,=,0.34,CHEMBL372,Homo sapiens,Total body clearance in human,A,O=C1C(CC[S+]([O-])c2ccccc2)C(=O)N(c2ccccc2)N1c1ccccc1,0.34,mL.min-1.kg-1,species_only_human
2672663,CHEMBL1035433,CHEMBL453,CL,mL.min-1.kg-1,=,0.3,CHEMBL372,Homo sapiens,Total body clearance in human,A,Cc1noc(NS(=O)(=O)c2ccc(N)cc2)c1C,0.3,mL.min-1.kg-1,species_only_human
2672665,CHEMBL1035433,CHEMBL26,CL,mL.min-1.kg-1,=,1.83,CHEMBL372,Homo sapiens,Total body clearance in human,A,CCN1CCCC1CNC(=O)c1cc(S(N)(=O)=O)ccc1OC,1.83,mL.min-1.kg-1,species_only_human
2672667,CHEMBL1035433,CHEMBL128,CL,mL.min-1.kg-1,=,19.0,CHEMBL372,Homo sapiens,Total body clearance in human,A,CNS(=O)(=O)Cc1ccc2[nH]cc(CCN(C)C)c2c1,19.0,mL.min-1.kg-1,species_only_human
2672669,CHEMBL1035433,CHEMBL956,CL,mL.min-1.kg-1,=,0.76,CHEMBL372,Homo sapiens,Total body clearance in human,A,CC(C(=O)O)c1ccc(C(=O)c2cccs2)cc1,0.76,mL.min-1.kg-1,species_only_human
2672671,CHEMBL1035433,CHEMBL265502,CL,mL.min-1.kg-1,=,0.0057,CHEMBL372,Homo sapiens,Total body clearance in human,A,Cc1ccc(C(=O)Nc2ccc(S(=O)(=O)O)c3cc(S(=O)(=O)O)cc(S(=O)(=O)O)c23)cc1NC(=O)c1cccc(NC(=O)Nc2cccc(C(=O)Nc3cc(C(=O)Nc4ccc(S(=O)(=O)O)c5cc(S(=O)(=O)O)cc(S(=O)(=O)O)c45)ccc3C)c2)c1,0.0057,mL.min-1.kg-1,species_only_human
2672673,CHEMBL1035433,CHEMBL95,CL,mL.min-1.kg-1,=,56.0,CHEMBL372,Homo sapiens,Total body clearance in human,A,Nc1c2c(nc3ccccc13)CCCC2,56.0,mL.min-1.kg-1,species_only_human
2672675,CHEMBL1035433,CHEMBL269732,CL,mL.min-1.kg-1,=,0.7,CHEMBL372,Homo sapiens,Total body clearance in human,A,C=CC[C@@H]1/C=C(\C)C[C@H](C)C[C@H](OC)[C@H]2O[C@@](O)(C(=O)C(=O)N3CCCC[C@H]3C(=O)O[C@H](/C(C)=C/[C@@H]3CC[C@@H](O)[C@H](OC)C3)[C@H](C)[C@@H](O)CC1=O)[C@H](C)C[C@@H]2OC,0.7,mL.min-1.kg-1,species_only_human
2672677,CHEMBL1035433,CHEMBL152067,CL,mL.min-1.kg-1,=,4.9,CHEMBL372,Homo sapiens,Total body clearance in human,A,CC(C)(C)NCC(O)COc1ccc(NC(=O)NC2CCCCC2)cc1,4.9,mL.min-1.kg-1,species_only_human
2672679,CHEMBL1035433,CHEMBL836,CL,mL.min-1.kg-1,=,0.62,CHEMBL372,Homo sapiens,Total body clearance in human,A,CCOc1ccccc1OCCN[C@H](C)Cc1ccc(OC)c(S(N)(=O)=O)c1,0.62,mL.min-1.kg-1,species_only_human
2672681,CHEMBL1035433,CHEMBL76370,CL,mL.min-1.kg-1,=,18.0,CHEMBL372,Homo sapiens,Total body clearance in human,A,CCCCCNC(=N)N/N=C/c1c[nH]c2ccc(OC)cc12,18.0,mL.min-1.kg-1,species_only_human
2672683,CHEMBL1035433,CHEMBL4297191,CL,mL.min-1.kg-1,=,0.17,CHEMBL372,Homo sapiens,Total body clearance in human,A,CCCCC/C=C\CCC(=O)N[C@H]1[C@H](Oc2c3cc4cc2Oc2ccc(cc2Cl)[C@@H](O[C@@H]2O[C@H](CO)[C@@H](O)[C@H](O)[C@H]2NC(C)=O)[C@@H]2NC(=O)[C@H](NC(=O)[C@@H]4NC(=O)[C@H]4NC(=O)[C@@H](Cc5ccc(c(Cl)c5)O3)NC(=O)[C@H](N)c3ccc(O)c(c3)Oc3cc(O)cc4c3)c3ccc(O)c(c3)-c3c(O[C@H]4O[C@H](CO)[C@@H](O)[C@H](O)[C@@H]4O)cc(O)cc3[C@@H](C(=O)O)NC2=O)O[C@H](CO)[C@@H](O)[C@@H]1O,0.17,mL.min-1.kg-1,species_only_human
2672685,CHEMBL1035433,CHEMBL1136,CL,mL.min-1.kg-1,=,14.0,CHEMBL372,Homo sapiens,Total body clearance in human,A,CC[C@H]1OC(=O)[C@H](C)C(=O)[C@H](C)[C@@H](O[C@@H]2O[C@H](C)C[C@H](N(C)C)[C@H]2O)[C@](C)(OC)C[C@@H](C)C(=O)[C@H](C)[C@H]2N(CCCCn3cnc(-c4cccnc4)c3)C(=O)O[C@]12C,14.0,mL.min-1.kg-1,species_only_human
2672687,CHEMBL1035433,CHEMBL1017,CL,mL.min-1.kg-1,=,8.4,CHEMBL372,Homo sapiens,Total body clearance in human,A,CCCc1nc2c(C)cc(-c3nc4ccccc4n3C)cc2n1Cc1ccc(-c2ccccc2C(=O)O)cc1,8.4,mL.min-1.kg-1,species_only_human
2672689,CHEMBL1035433,CHEMBL452231,CL,mL.min-1.kg-1,=,0.19,CHEMBL372,Homo sapiens,Total body clearance in human,A,COc1cc([C@@H]2c3cc4c(cc3[C@@H](O[C@@H]3O[C@@H]5CO[C@@H](c6cccs6)O[C@H]5[C@H](O)[C@H]3O)[C@H]3COC(=O)[C@H]23)OCO4)cc(OC)c1O,0.19,mL.min-1.kg-1,species_only_human
2672691,CHEMBL1035433,CHEMBL483,CL,mL.min-1.kg-1,=,3.1,CHEMBL372,Homo sapiens,Total body clearance in human,A,C[C@H](Cn1cnc2c(N)ncnc21)OCP(=O)(O)O,3.1,mL.min-1.kg-1,species_only_human
2672693,CHEMBL1035433,CHEMBL302795,CL,mL.min-1.kg-1,=,0.03,CHEMBL372,Homo sapiens,Total body clearance in human,A,CN1C(C(=O)Nc2ccccn2)=C(O)c2sccc2S1(=O)=O,0.03,mL.min-1.kg-1,species_only_human
2672695,CHEMBL1035433,CHEMBL611,CL,mL.min-1.kg-1,=,1.1,CHEMBL372,Homo sapiens,Total body clearance in human,A,COc1cc2nc(N3CCN(C(=O)C4CCCO4)CC3)nc(N)c2cc1OC,1.1,mL.min-1.kg-1,species_only_human
2672697,CHEMBL1035433,CHEMBL1760,CL,mL.min-1.kg-1,=,3.4,CHEMBL372,Homo sapiens,Total body clearance in human,A,CC(C)(C)NCC(O)c1cc(O)cc(O)c1,3.4,mL.min-1.kg-1,species_only_human
2672699,CHEMBL1035433,CHEMBL363295,CL,mL.min-1.kg-1,=,1.1,CHEMBL372,Homo sapiens,Total body clearance in human,A,CC(CC(c1ccccc1)c1ccccc1)NC(C)(C)C,1.1,mL.min-1.kg-1,species_only_human
2672701,CHEMBL1035433,CHEMBL282686,CL,mL.min-1.kg-1,=,0.039,CHEMBL372,Homo sapiens,Total body clearance in human,A,CCO[C@@H](Cc1ccc(OCCc2ccc(OS(C)(=O)=O)cc2)cc1)C(=O)O,0.039,mL.min-1.kg-1,species_only_human
2672703,CHEMBL1035433,CHEMBL1440,CL,mL.min-1.kg-1,=,1.5,CHEMBL372,Homo sapiens,Total body clearance in human,A,CN(C)[C@@H]1C(O)=C(C(N)=O)C(=O)[C@@]2(O)C(O)=C3C(=O)c4c(O)cccc4[C@@](C)(O)[C@H]3C[C@@H]12,1.5,mL.min-1.kg-1,species_only_human
2672705,CHEMBL1035433,CHEMBL1355736,CL,mL.min-1.kg-1,=,0.86,CHEMBL372,Homo sapiens,Total body clearance in human,A,Cn1c(=O)c2nc[nH]c2n(C)c1=O.O,0.86,mL.min-1.kg-1,species_only_human
2672707,CHEMBL1035433,CHEMBL441,CL,mL.min-1.kg-1,=,8.2,CHEMBL372,Homo sapiens,Total body clearance in human,A,CCCC(C)C1(CC)C(=O)NC(=S)NC1=O,8.2,mL.min-1.kg-1,species_only_human
2672709,CHEMBL1035433,CHEMBL671,CL,mL.min-1.kg-1,=,6.7,CHEMBL372,Homo sapiens,Total body clearance in human,A,S=P(N1CC1)(N1CC1)N1CC1,6.7,mL.min-1.kg-1,species_only_human
2672711,CHEMBL1035433,CHEMBL1027,CL,mL.min-1.kg-1,=,1.6,CHEMBL372,Homo sapiens,Total body clearance in human,A,Cc1ccsc1C(=CCCN1CCC[C@@H](C(=O)O)C1)c1sccc1C,1.6,mL.min-1.kg-1,species_only_human
2672713,CHEMBL1035433,CHEMBL1449,CL,mL.min-1.kg-1,=,2.2,CHEMBL372,Homo sapiens,Total body clearance in human,A,CC1(C)S[C@@H]2[C@H](NC(=O)[C@H](C(=O)O)c3ccsc3)C(=O)N2[C@H]1C(=O)O,2.2,mL.min-1.kg-1,species_only_human
2672715,CHEMBL1035433,CHEMBL376140,CL,mL.min-1.kg-1,=,3.8,CHEMBL372,Homo sapiens,Total body clearance in human,A,CN(C)c1cc(NC(=O)CNC(C)(C)C)c(O)c2c1C[C@H]1C[C@H]3[C@H](N(C)C)C(O)=C(C(N)=O)C(=O)[C@@]3(O)C(O)=C1C2=O,3.8,mL.min-1.kg-1,species_only_human
2672717,CHEMBL1035433,CHEMBL2220384,CL,mL.min-1.kg-1,=,16.0,CHEMBL372,Homo sapiens,Total body clearance in human,A,CCOC(=O)C1(c2ccccc2)CCC=CC1N(C)C,16.0,mL.min-1.kg-1,species_only_human
2672719,CHEMBL1035433,CHEMBL499,CL,mL.min-1.kg-1,=,8.5,CHEMBL372,Homo sapiens,Total body clearance in human,A,CC(C)(C)NC[C@H](O)COc1nsnc1N1CCOCC1,8.5,mL.min-1.kg-1,species_only_human
2672721,CHEMBL1035433,CHEMBL1220,CL,mL.min-1.kg-1,=,0.6,CHEMBL372,Homo sapiens,Total body clearance in human,A,CCS(=O)(=O)CCn1c([N+](=O)[O-])cnc1C,0.6,mL.min-1.kg-1,species_only_human
2672723,CHEMBL1035433,CHEMBL916,CL,mL.min-1.kg-1,=,4.3,CHEMBL372,Homo sapiens,Total body clearance in human,A,CCCCS(=O)(=O)N[C@@H](Cc1ccc(OCCCCC2CCNCC2)cc1)C(=O)O,4.3,mL.min-1.kg-1,species_only_human
2672725,CHEMBL1035433,CHEMBL1079,CL,mL.min-1.kg-1,=,11.0,CHEMBL372,Homo sapiens,Total body clearance in human,A,Clc1ccc2nsnc2c1NC1=NCCN1,11.0,mL.min-1.kg-1,species_only_human
2672727,CHEMBL1035433,CHEMBL1747,CL,mL.min-1.kg-1,=,1.6,CHEMBL372,Homo sapiens,Total body clearance in human,A,NC[C@H]1O[C@H](O[C@H]2[C@H](O)[C@@H](O[C@H]3O[C@H](CO)[C@@H](O)[C@H](N)[C@H]3O)[C@H](N)C[C@@H]2N)[C@H](N)C[C@@H]1O,1.6,mL.min-1.kg-1,species_only_human
2672729,CHEMBL1035433,CHEMBL1762,CL,mL.min-1.kg-1,=,2.2,CHEMBL372,Homo sapiens,Total body clearance in human,A,Cc1cccc(C)c1NC(=O)C(C)N,2.2,mL.min-1.kg-1,species_only_human
2672731,CHEMBL1035433,CHEMBL782,CL,mL.min-1.kg-1,=,0.21,CHEMBL372,Homo sapiens,Total body clearance in human,A,CCCCNC(=O)NS(=O)(=O)c1ccc(C)cc1,0.21,mL.min-1.kg-1,species_only_human
2672733,CHEMBL1035433,CHEMBL1324,CL,mL.min-1.kg-1,=,1.9,CHEMBL372,Homo sapiens,Total body clearance in human,A,Cc1ccc(C(=O)c2cc(O)c(O)c([N+](=O)[O-])c2)cc1,1.9,mL.min-1.kg-1,species_only_human
2672735,CHEMBL1035433,CHEMBL18116,CL,mL.min-1.kg-1,=,11.0,CHEMBL372,Homo sapiens,Total body clearance in human,A,Cc1cccc(N2CC(CO)OC2=O)c1,11.0,mL.min-1.kg-1,species_only_human
2672737,CHEMBL1035433,CHEMBL1382,CL,mL.min-1.kg-1,=,8.4,CHEMBL372,Homo sapiens,Total body clearance in human,A,Cc1ccc(O)c([C@H](CCN(C(C)C)C(C)C)c2ccccc2)c1,8.4,mL.min-1.kg-1,species_only_human
2672739,CHEMBL1035433,CHEMBL389847,CL,mL.min-1.kg-1,=,1.9,CHEMBL372,Homo sapiens,Total body clearance in human,A,C[C@@H](O)[C@H]1C(=O)N2C(C(=O)O)=C(S[C@H]3C[C@@H](C(=O)N4CC[C@H](NC(=O)CNC(=N)N)C4)N(C)C3)[C@H](C)[C@H]12,1.9,mL.min-1.kg-1,species_only_human
2672741,CHEMBL1035433,CHEMBL84,CL,mL.min-1.kg-1,=,13.0,CHEMBL372,Homo sapiens,Total body clearance in human,A,CC[C@@]1(O)C(=O)OCc2c1cc1n(c2=O)Cc2cc3c(CN(C)C)c(O)ccc3nc2-1,13.0,mL.min-1.kg-1,species_only_human
2672743,CHEMBL1035433,CHEMBL1148,CL,mL.min-1.kg-1,=,0.53,CHEMBL372,Homo sapiens,Total body clearance in human,A,Cc1cccc(Nc2ccncc2S(=O)(=O)NC(=O)NC(C)C)c1,0.53,mL.min-1.kg-1,species_only_human
2672745,CHEMBL1035433,CHEMBL1237044,CL,mL.min-1.kg-1,=,6.5,CHEMBL372,Homo sapiens,Total body clearance in human,A,COc1cccc(C2(O)CCCCC2CN(C)C)c1,6.5,mL.min-1.kg-1,species_only_human
2672747,CHEMBL1035433,CHEMBL17350,CL,mL.min-1.kg-1,=,27.0,CHEMBL372,Homo sapiens,Total body clearance in human,A,C[C@@H]([C@@H](O)c1ccc(O)cc1)N1CCC(O)(c2ccccc2)CC1,27.0,mL.min-1.kg-1,species_only_human
2672749,CHEMBL1035433,CHEMBL585,CL,mL.min-1.kg-1,=,63.0,CHEMBL372,Homo sapiens,Total body clearance in human,A,Nc1nc(N)c2nc(-c3ccccc3)c(N)nc2n1,63.0,mL.min-1.kg-1,species_only_human
2672751,CHEMBL1035433,CHEMBL646,CL,mL.min-1.kg-1,=,3.0,CHEMBL372,Homo sapiens,Total body clearance in human,A,Cc1nnc2n1-c1ccc(Cl)cc1C(c1ccccc1Cl)=NC2,3.0,mL.min-1.kg-1,species_only_human
2672753,CHEMBL1035433,CHEMBL22,CL,mL.min-1.kg-1,=,2.1,CHEMBL372,Homo sapiens,Total body clearance in human,A,COc1cc(Cc2cnc(N)nc2N)cc(OC)c1OC,2.1,mL.min-1.kg-1,species_only_human
2672755,CHEMBL1035433,CHEMBL119,CL,mL.min-1.kg-1,=,0.77,CHEMBL372,Homo sapiens,Total body clearance in human,A,COc1cc(NCc2ccc3nc(N)nc(N)c3c2C)cc(OC)c1OC,0.77,mL.min-1.kg-1,species_only_human
2672757,CHEMBL1035433,CHEMBL428,CL,mL.min-1.kg-1,=,1.4,CHEMBL372,Homo sapiens,Total body clearance in human,A,N[C@@H]1[C@H]2CN(c3nc4c(cc3F)c(=O)c(C(=O)O)cn4-c3ccc(F)cc3F)C[C@@H]12,1.4,mL.min-1.kg-1,species_only_human
2672759,CHEMBL1035433,CHEMBL1687,CL,mL.min-1.kg-1,=,3.4,CHEMBL372,Homo sapiens,Total body clearance in human,A,COc1cc2c3cc1Oc1cc(ccc1O)C[C@@H]1c4c(cc(OC)c(O)c4Oc4ccc(cc4)C[C@@H]3N(C)CC2)CC[N+]1(C)C.[Cl-],3.4,mL.min-1.kg-1,species_only_human
2672761,CHEMBL1035433,CHEMBL539216,CL,mL.min-1.kg-1,=,6.0,CHEMBL372,Homo sapiens,Total body clearance in human,A,CS(=O)(=O)N(CCO)c1c(Cl)c(Cl)cc2[nH]c(=O)c(=O)[nH]c12,6.0,mL.min-1.kg-1,species_only_human
2672763,CHEMBL1035433,CHEMBL109,CL,mL.min-1.kg-1,=,0.16,CHEMBL372,Homo sapiens,Total body clearance in human,A,CCCC(CCC)C(=O)O,0.16,mL.min-1.kg-1,species_only_human
2672765,CHEMBL1035433,CHEMBL1069,CL,mL.min-1.kg-1,=,0.49,CHEMBL372,Homo sapiens,Total body clearance in human,A,CCCCC(=O)N(Cc1ccc(-c2ccccc2-c2nnn[nH]2)cc1)[C@H](C(=O)O)C(C)C,0.49,mL.min-1.kg-1,species_only_human
2672767,CHEMBL1035433,CHEMBL262777,CL,mL.min-1.kg-1,=,1.3,CHEMBL372,Homo sapiens,Total body clearance in human,A,CN[C@H](CC(C)C)C(=O)N[C@H]1C(=O)N[C@@H](CC(N)=O)C(=O)N[C@H]2C(=O)N[C@H]3C(=O)N[C@H](C(=O)N[C@H](C(=O)O)c4cc(O)cc(O)c4-c4cc3ccc4O)[C@H](O)c3ccc(c(Cl)c3)Oc3cc2cc(c3O[C@@H]2O[C@H](CO)[C@@H](O)[C@H](O)[C@H]2O[C@H]2C[C@](C)(N)[C@H](O)[C@H](C)O2)Oc2ccc(cc2Cl)[C@H]1O,1.3,mL.min-1.kg-1,species_only_human
2672769,CHEMBL1035433,CHEMBL1520,CL,mL.min-1.kg-1,=,13.0,CHEMBL372,Homo sapiens,Total body clearance in human,A,CCCc1nc(C)c2c(=O)nc(-c3cc(S(=O)(=O)N4CCN(CC)CC4)ccc3OCC)[nH]n12,13.0,mL.min-1.kg-1,species_only_human
2672771,CHEMBL1035433,CHEMBL637,CL,mL.min-1.kg-1,=,14.0,CHEMBL372,Homo sapiens,Total body clearance in human,A,COc1ccc(C(CN(C)C)C2(O)CCCCC2)cc1,14.0,mL.min-1.kg-1,species_only_human
2672773,CHEMBL1035433,CHEMBL6966,CL,mL.min-1.kg-1,=,18.0,CHEMBL372,Homo sapiens,Total body clearance in human,A,COc1ccc(CCN(C)CCCC(C#N)(c2ccc(OC)c(OC)c2)C(C)C)cc1OC,18.0,mL.min-1.kg-1,species_only_human
2672775,CHEMBL1035433,CHEMBL159,CL,mL.min-1.kg-1,=,3.1,CHEMBL372,Homo sapiens,Total body clearance in human,A,CC[C@]1(O)C[C@@H]2CN(CCc3c([nH]c4ccccc34)[C@@](C(=O)OC)(c3cc4c(cc3OC)N(C)[C@H]3[C@@](O)(C(=O)OC)[C@H](OC(C)=O)[C@]5(CC)C=CCN6CC[C@]43[C@@H]65)C2)C1,3.1,mL.min-1.kg-1,species_only_human
2672777,CHEMBL1035433,CHEMBL553025,CL,mL.min-1.kg-1,=,20.0,CHEMBL372,Homo sapiens,Total body clearance in human,A,CCC1=C[C@@H]2CN(C1)Cc1c([nH]c3ccccc13)[C@@](C(=O)OC)(c1cc3c(cc1OC)N(C)[C@H]1[C@@](O)(C(=O)OC)[C@H](OC(C)=O)[C@]4(CC)C=CCN5CC[C@]31[C@@H]54)C2,20.0,mL.min-1.kg-1,species_only_human
2672779,CHEMBL1035433,CHEMBL1464,CL,mL.min-1.kg-1,=,0.055,CHEMBL372,Homo sapiens,Total body clearance in human,A,CC(=O)CC(c1ccccc1)c1c(O)c2ccccc2oc1=O,0.055,mL.min-1.kg-1,species_only_human
2672781,CHEMBL1035433,CHEMBL75753,CL,mL.min-1.kg-1,=,3.0,CHEMBL372,Homo sapiens,Total body clearance in human,A,O=C(NCCNCC(O)COc1ccc(O)cc1)N1CCOCC1,3.0,mL.min-1.kg-1,species_only_human
2672783,CHEMBL1035433,CHEMBL1521,CL,mL.min-1.kg-1,=,16.0,CHEMBL372,Homo sapiens,Total body clearance in human,A,CCN(C(C)=O)c1cccc(-c2ccnc3c(C#N)cnn23)c1,16.0,mL.min-1.kg-1,species_only_human
2672785,CHEMBL1035433,CHEMBL222813,CL,mL.min-1.kg-1,=,1.6,CHEMBL372,Homo sapiens,Total body clearance in human,A,CC(=O)N[C@H]1[C@H]([C@H](O)[C@H](O)CO)OC(C(=O)O)=C[C@@H]1NC(=N)N,1.6,mL.min-1.kg-1,species_only_human
2672787,CHEMBL1035433,CHEMBL129,CL,mL.min-1.kg-1,=,25.0,CHEMBL372,Homo sapiens,Total body clearance in human,A,Cc1cn([C@H]2C[C@H](N=[N+]=[N-])[C@@H](CO)O2)c(=O)[nH]c1=O,25.0,mL.min-1.kg-1,species_only_human
2672789,CHEMBL1035433,CHEMBL708,CL,mL.min-1.kg-1,=,5.1,CHEMBL372,Homo sapiens,Total body clearance in human,A,O=C1Cc2cc(CCN3CCN(c4nsc5ccccc45)CC3)c(Cl)cc2N1,5.1,mL.min-1.kg-1,species_only_human
2672791,CHEMBL1035433,CHEMBL4303669,CL,mL.min-1.kg-1,=,2.2,CHEMBL372,Homo sapiens,Total body clearance in human,A,O.O=P(O)(O)C(O)(Cn1ccnc1)P(=O)(O)O,2.2,mL.min-1.kg-1,species_only_human
2672793,CHEMBL1035433,CHEMBL1185,CL,mL.min-1.kg-1,=,6.7,CHEMBL372,Homo sapiens,Total body clearance in human,A,CN(C)CCc1c[nH]c2ccc(C[C@H]3COC(=O)N3)cc12,6.7,mL.min-1.kg-1,species_only_human
2672795,CHEMBL1035433,CHEMBL911,CL,mL.min-1.kg-1,=,4.3,CHEMBL372,Homo sapiens,Total body clearance in human,A,Cc1ccc(-c2nc3ccc(C)cn3c2CC(=O)N(C)C)cc1,4.3,mL.min-1.kg-1,species_only_human
2672797,CHEMBL1035433,CHEMBL135400,CL,mL.min-1.kg-1,=,3.3,CHEMBL372,Homo sapiens,Total body clearance in human,A,CN1CCN(C(=O)OC2c3nccnc3C(=O)N2c2ccc(Cl)cn2)CC1,3.3,mL.min-1.kg-1,species_only_human
2698149,CHEMBL1063995,CHEMBL549565,CL,mL.min-1.g-1,=,0.5,CHEMBL372,Homo sapiens,Intrinsic clearance in human,A,O=C(Cc1ccccc1)Nc1ccc(N2CCN(C(=O)c3ccccc3)CC2)c(Cl)c1,0.0005,mL.min-1.kg-1,species_only_human
2698150,CHEMBL1063995,CHEMBL549771,CL,mL.min-1.g-1,=,0.6,CHEMBL372,Homo sapiens,Intrinsic clearance in human,A,CC(C)(C(=O)Nc1ccc(N2CCN(C(=O)c3ccccc3)CC2)c(Cl)c1)c1ccccc1,0.0006,mL.min-1.kg-1,species_only_human
2698152,CHEMBL1063995,CHEMBL557502,CL,mL.min-1.g-1,=,2.7,CHEMBL372,Homo sapiens,Intrinsic clearance in human,A,COc1cccnc1C(=O)N1CCN(c2ccc(NC(=O)C(C)(C)c3ccccc3)cc2Cl)CC1.Cl,0.0027,mL.min-1.kg-1,species_only_human
2723056,CHEMBL1063652,CHEMBL507870,CL,mL.min-1.kg-1,=,0.2167,CHEMBL372,Homo sapiens,"Clearance at steady state in healthy human at 10 mg/kg, iv once daily for 3 days measured at 24 after start of infusion",A,CCCCCCCCCCNCCN[C@@]1(C)C[C@H](O[C@H]2[C@H](Oc3c4cc5cc3Oc3ccc(cc3Cl)[C@@H](O)[C@@H](NC(=O)[C@@H](CC(C)C)NC)C(=O)N[C@@H](CC(N)=O)C(=O)N[C@H]5C(=O)N[C@H]3C(=O)N[C@H](C(=O)N[C@H](C(=O)O)c5cc(O)c(CNCP(=O)(O)O)c(O)c5-c5cc3ccc5O)[C@H](O)c3ccc(c(Cl)c3)O4)O[C@H](CO)[C@@H](O)[C@@H]2O)O[C@@H](C)[C@H]1O,0.2167,mL.min-1.kg-1,species_only_human
2927587,CHEMBL1046694,CHEMBL584554,CL,mL.min-1.g-1,=,60.0,CHEMBL372,Homo sapiens,Intrinsic clearance in human,A,CCN(CC)C(=O)[C@@H]1C=C2c3cccc4[nH]cc(c34)C[C@H]2N(C(=O)Nc2ccccc2)C1,0.06,mL.min-1.kg-1,species_only_human
2927829,CHEMBL1043000,CHEMBL579014,CL,mL.min-1.kg-1,=,18.33,CHEMBL372,Homo sapiens,Intrinsic clearance in human,A,Nc1nonc1/C(=N/O)Nc1cccc(Cl)c1,18.33,mL.min-1.kg-1,species_only_human
2927830,CHEMBL1043000,CHEMBL584991,CL,mL.min-1.kg-1,=,9.5,CHEMBL372,Homo sapiens,Intrinsic clearance in human,A,Nc1nonc1/C(=N/O)Nc1ccc(F)c(Cl)c1,9.5,mL.min-1.kg-1,species_only_human
2978303,CHEMBL1043582,CHEMBL184,CL,mL.min-1.kg-1,=,1.1,CHEMBL372,Homo sapiens,Hepatic clearance in human,A,Nc1nc2c(ncn2COCCO)c(=O)[nH]1,1.1,mL.min-1.kg-1,species_only_human
2978304,CHEMBL1043581,CHEMBL88,CL,mL.min-1.kg-1,=,1.1,CHEMBL372,Homo sapiens,Total clearance in human,A,O=P1(N(CCCl)CCCl)NCCCO1,1.1,mL.min-1.kg-1,species_only_human
2978305,CHEMBL1043581,CHEMBL1024,CL,mL.min-1.kg-1,=,1.1,CHEMBL372,Homo sapiens,Total clearance in human,A,O=P1(NCCCl)OCCCN1CCCl,1.1,mL.min-1.kg-1,species_only_human
2978306,CHEMBL1043582,CHEMBL6,CL,mL.min-1.kg-1,=,1.1,CHEMBL372,Homo sapiens,Hepatic clearance in human,A,COc1ccc2c(c1)c(CC(=O)O)c(C)n2C(=O)c1ccc(Cl)cc1,1.1,mL.min-1.kg-1,species_only_human
2978307,CHEMBL1043582,CHEMBL571,CL,mL.min-1.kg-1,=,1.1,CHEMBL372,Homo sapiens,Hepatic clearance in human,A,CC(C(=O)O)c1cccc(C(=O)c2ccccc2)c1,1.1,mL.min-1.kg-1,species_only_human
2978310,CHEMBL1043582,CHEMBL1434,CL,mL.min-1.kg-1,=,1.1,CHEMBL372,Homo sapiens,Hepatic clearance in human,A,CN(C)c1ccc(O)c2c1C[C@H]1C[C@H]3[C@H](N(C)C)C(O)=C(C(N)=O)C(=O)[C@@]3(O)C(O)=C1C2=O,1.1,mL.min-1.kg-1,species_only_human
2978311,CHEMBL1043582,CHEMBL521606,CL,mL.min-1.kg-1,=,1.1,CHEMBL372,Homo sapiens,Hepatic clearance in human,A,CC(C)(C)NCC(O)COc1cccc2c1CC(O)C(O)C2,1.1,mL.min-1.kg-1,species_only_human
2978312,CHEMBL1043581,CHEMBL568,CL,mL.min-1.kg-1,=,1.1,CHEMBL372,Homo sapiens,Total clearance in human,A,O=C1Nc2ccc(Cl)cc2C(c2ccccc2)=NC1O,1.1,mL.min-1.kg-1,species_only_human
2978313,CHEMBL1043582,CHEMBL432103,CL,mL.min-1.kg-1,=,1.1,CHEMBL372,Homo sapiens,Hepatic clearance in human,A,CC1CCCC(C)N1CCCC(O)(c1ccccc1)c1ccccn1,1.1,mL.min-1.kg-1,species_only_human
2978314,CHEMBL1043581,CHEMBL611,CL,mL.min-1.kg-1,=,1.1,CHEMBL372,Homo sapiens,Total clearance in human,A,COc1cc2nc(N3CCN(C(=O)C4CCCO4)CC3)nc(N)c2cc1OC,1.1,mL.min-1.kg-1,species_only_human
2978315,CHEMBL1043581,CHEMBL363295,CL,mL.min-1.kg-1,=,1.1,CHEMBL372,Homo sapiens,Total clearance in human,A,CC(CC(c1ccccc1)c1ccccc1)NC(C)(C)C,1.1,mL.min-1.kg-1,species_only_human
2978316,CHEMBL1043582,CHEMBL75753,CL,mL.min-1.kg-1,=,1.1,CHEMBL372,Homo sapiens,Hepatic clearance in human,A,O=C(NCCNCC(O)COc1ccc(O)cc1)N1CCOCC1,1.1,mL.min-1.kg-1,species_only_human
2978317,CHEMBL1043582,CHEMBL853,CL,mL.min-1.kg-1,=,1.1,CHEMBL372,Homo sapiens,Hepatic clearance in human,A,Nc1ccn([C@H]2CC[C@@H](CO)O2)c(=O)n1,1.1,mL.min-1.kg-1,species_only_human
2978330,CHEMBL1043582,CHEMBL813,CL,mL.min-1.kg-1,=,1.2,CHEMBL372,Homo sapiens,Hepatic clearance in human,A,CCCCc1ncc(/C=C(\Cc2cccs2)C(=O)O)n1Cc1ccc(C(=O)O)cc1,1.2,mL.min-1.kg-1,species_only_human
2978331,CHEMBL1043582,CHEMBL126,CL,mL.min-1.kg-1,=,1.2,CHEMBL372,Homo sapiens,Hepatic clearance in human,A,CC(=O)NC[C@H]1CN(c2ccc(N3CCOCC3)c(F)c2)C(=O)O1,1.2,mL.min-1.kg-1,species_only_human
2978332,CHEMBL1043581,CHEMBL1237,CL,mL.min-1.kg-1,=,1.2,CHEMBL372,Homo sapiens,Total clearance in human,A,NCCCC[C@H](N[C@@H](CCc1ccccc1)C(=O)O)C(=O)N1CCC[C@H]1C(=O)O,1.2,mL.min-1.kg-1,species_only_human
2978334,CHEMBL1043582,CHEMBL189,CL,mL.min-1.kg-1,=,1.2,CHEMBL372,Homo sapiens,Hepatic clearance in human,A,Cc1[nH]c(=O)c(C#N)cc1-c1ccncc1,1.2,mL.min-1.kg-1,species_only_human
2978335,CHEMBL1043581,CHEMBL1434,CL,mL.min-1.kg-1,=,1.2,CHEMBL372,Homo sapiens,Total clearance in human,A,CN(C)c1ccc(O)c2c1C[C@H]1C[C@H]3[C@H](N(C)C)C(O)=C(C(N)=O)C(=O)[C@@]3(O)C(O)=C1C2=O,1.2,mL.min-1.kg-1,species_only_human
2978336,CHEMBL1043581,CHEMBL425,CL,mL.min-1.kg-1,=,1.2,CHEMBL372,Homo sapiens,Total clearance in human,A,O=C(O)c1cc(/N=N/c2ccc(O)c(C(=O)O)c2)ccc1O,1.2,mL.min-1.kg-1,species_only_human
2978338,CHEMBL1043581,CHEMBL163,CL,mL.min-1.kg-1,=,1.2,CHEMBL372,Homo sapiens,Total clearance in human,A,CC(C)c1nc(CN(C)C(=O)N[C@H](C(=O)N[C@@H](Cc2ccccc2)C[C@H](O)[C@H](Cc2ccccc2)NC(=O)OCc2cncs2)C(C)C)cs1,1.2,mL.min-1.kg-1,species_only_human
2978339,CHEMBL1043582,CHEMBL163,CL,mL.min-1.kg-1,=,1.2,CHEMBL372,Homo sapiens,Hepatic clearance in human,A,CC(C)c1nc(CN(C)C(=O)N[C@H](C(=O)N[C@@H](Cc2ccccc2)C[C@H](O)[C@H](Cc2ccccc2)NC(=O)OCc2cncs2)C(C)C)cs1,1.2,mL.min-1.kg-1,species_only_human
2978340,CHEMBL1043582,CHEMBL1760,CL,mL.min-1.kg-1,=,1.2,CHEMBL372,Homo sapiens,Hepatic clearance in human,A,CC(C)(C)NCC(O)c1cc(O)cc(O)c1,1.2,mL.min-1.kg-1,species_only_human
2978341,CHEMBL1043582,CHEMBL22,CL,mL.min-1.kg-1,=,1.2,CHEMBL372,Homo sapiens,Hepatic clearance in human,A,COc1cc(Cc2cnc(N)nc2N)cc(OC)c1OC,1.2,mL.min-1.kg-1,species_only_human
2978350,CHEMBL1043582,CHEMBL290194,CL,mL.min-1.kg-1,=,1.3,CHEMBL372,Homo sapiens,Hepatic clearance in human,A,C=CCN1CCCC1CNC(=O)c1cc2nn[nH]c2cc1OC,1.3,mL.min-1.kg-1,species_only_human
2978351,CHEMBL1043581,CHEMBL1077,CL,mL.min-1.kg-1,=,1.3,CHEMBL372,Homo sapiens,Total clearance in human,A,Nc1c(CC(=O)O)cccc1C(=O)c1ccc(Br)cc1,1.3,mL.min-1.kg-1,species_only_human
2978352,CHEMBL1043582,CHEMBL1077,CL,mL.min-1.kg-1,=,1.3,CHEMBL372,Homo sapiens,Hepatic clearance in human,A,Nc1c(CC(=O)O)cccc1C(=O)c1ccc(Br)cc1,1.3,mL.min-1.kg-1,species_only_human
2978355,CHEMBL1043582,CHEMBL255044,CL,mL.min-1.kg-1,=,1.3,CHEMBL372,Homo sapiens,Hepatic clearance in human,A,CCOC(=O)Nc1ccc(NCc2ccc(F)cc2)nc1N,1.3,mL.min-1.kg-1,species_only_human
2978356,CHEMBL1043582,CHEMBL514432,CL,mL.min-1.kg-1,=,1.3,CHEMBL372,Homo sapiens,Hepatic clearance in human,A,C[C@@H]1C(=O)O[C@H]2[C@H](O)[C@@]34[C@H]5C[C@@H](C(C)(C)C)[C@]36[C@@H](OC(=O)[C@@H]6O)O[C@@]4(C(=O)O5)[C@@]12O,1.3,mL.min-1.kg-1,species_only_human
2978357,CHEMBL1043581,CHEMBL6,CL,mL.min-1.kg-1,=,1.3,CHEMBL372,Homo sapiens,Total clearance in human,A,COc1ccc2c(c1)c(CC(=O)O)c(C)n2C(=O)c1ccc(Cl)cc1,1.3,mL.min-1.kg-1,species_only_human
2978358,CHEMBL1043582,CHEMBL651,CL,mL.min-1.kg-1,=,1.3,CHEMBL372,Homo sapiens,Hepatic clearance in human,A,CCC(=O)C(CC(C)N(C)C)(c1ccccc1)c1ccccc1,1.3,mL.min-1.kg-1,species_only_human
2978359,CHEMBL1043582,CHEMBL22242,CL,mL.min-1.kg-1,=,1.3,CHEMBL372,Homo sapiens,Hepatic clearance in human,A,CCN1CCC[C@H]1CNC(=O)c1c(OC)ccc(Br)c1OC,1.3,mL.min-1.kg-1,species_only_human
2978360,CHEMBL1043582,CHEMBL374478,CL,mL.min-1.kg-1,=,1.3,CHEMBL372,Homo sapiens,Hepatic clearance in human,A,CO[C@H]1/C=C/O[C@@]2(C)Oc3c(C)c(O)c4c(O)c(c(/C=N/N5CCN(C)CC5)c(O)c4c3C2=O)NC(=O)/C(C)=C\C=C\[C@H](C)[C@H](O)[C@@H](C)[C@@H](O)[C@@H](C)[C@H](OC(C)=O)[C@@H]1C,1.3,mL.min-1.kg-1,species_only_human
2978362,CHEMBL1043582,CHEMBL1422,CL,mL.min-1.kg-1,=,1.3,CHEMBL372,Homo sapiens,Hepatic clearance in human,A,N[C@@H](CC(=O)N1CCn2c(nnc2C(F)(F)F)C1)Cc1cc(F)c(F)cc1F,1.3,mL.min-1.kg-1,species_only_human
2978363,CHEMBL1043582,CHEMBL428,CL,mL.min-1.kg-1,=,1.3,CHEMBL372,Homo sapiens,Hepatic clearance in human,A,N[C@@H]1[C@H]2CN(c3nc4c(cc3F)c(=O)c(C(=O)O)cn4-c3ccc(F)cc3F)C[C@@H]12,1.3,mL.min-1.kg-1,species_only_human
2978364,CHEMBL1043581,CHEMBL262777,CL,mL.min-1.kg-1,=,1.3,CHEMBL372,Homo sapiens,Total clearance in human,A,CN[C@H](CC(C)C)C(=O)N[C@H]1C(=O)N[C@@H](CC(N)=O)C(=O)N[C@H]2C(=O)N[C@H]3C(=O)N[C@H](C(=O)N[C@H](C(=O)O)c4cc(O)cc(O)c4-c4cc3ccc4O)[C@H](O)c3ccc(c(Cl)c3)Oc3cc2cc(c3O[C@@H]2O[C@H](CO)[C@@H](O)[C@H](O)[C@H]2O[C@H]2C[C@](C)(N)[C@H](O)[C@H](C)O2)Oc2ccc(cc2Cl)[C@H]1O,1.3,mL.min-1.kg-1,species_only_human
2978375,CHEMBL1043582,CHEMBL1082,CL,mL.min-1.kg-1,=,1.4,CHEMBL372,Homo sapiens,Hepatic clearance in human,A,CC1(C)S[C@@H]2[C@H](NC(=O)[C@H](N)c3ccc(O)cc3)C(=O)N2[C@H]1C(=O)O,1.4,mL.min-1.kg-1,species_only_human
2978376,CHEMBL1043582,CHEMBL645,CL,mL.min-1.kg-1,=,1.4,CHEMBL372,Homo sapiens,Hepatic clearance in human,A,CC(C)NCC(O)COc1ccc(COCCOC(C)C)cc1,1.4,mL.min-1.kg-1,species_only_human
2978377,CHEMBL1043581,CHEMBL113,CL,mL.min-1.kg-1,=,1.4,CHEMBL372,Homo sapiens,Total clearance in human,A,Cn1c(=O)c2c(ncn2C)n(C)c1=O,1.4,mL.min-1.kg-1,species_only_human
2978378,CHEMBL1043582,CHEMBL113,CL,mL.min-1.kg-1,=,1.4,CHEMBL372,Homo sapiens,Hepatic clearance in human,A,Cn1c(=O)c2c(ncn2C)n(C)c1=O,1.4,mL.min-1.kg-1,species_only_human
2978379,CHEMBL1043582,CHEMBL8,CL,mL.min-1.kg-1,=,1.4,CHEMBL372,Homo sapiens,Hepatic clearance in human,A,O=C(O)c1cn(C2CC2)c2cc(N3CCNCC3)c(F)cc2c1=O,1.4,mL.min-1.kg-1,species_only_human
2978380,CHEMBL1043582,CHEMBL141,CL,mL.min-1.kg-1,=,1.4,CHEMBL372,Homo sapiens,Hepatic clearance in human,A,Nc1ccn([C@@H]2CS[C@H](CO)O2)c(=O)n1,1.4,mL.min-1.kg-1,species_only_human
2978382,CHEMBL1043582,CHEMBL459,CL,mL.min-1.kg-1,=,1.4,CHEMBL372,Homo sapiens,Hepatic clearance in human,A,C[C@](N)(Cc1ccc(O)c(O)c1)C(=O)O,1.4,mL.min-1.kg-1,species_only_human
2978383,CHEMBL1043581,CHEMBL878,CL,mL.min-1.kg-1,=,1.4,CHEMBL372,Homo sapiens,Total clearance in human,A,Cc1ccccc1N1C(=O)c2cc(S(N)(=O)=O)c(Cl)cc2NC1C,1.4,mL.min-1.kg-1,species_only_human
2978385,CHEMBL1043582,CHEMBL1762,CL,mL.min-1.kg-1,=,1.4,CHEMBL372,Homo sapiens,Hepatic clearance in human,A,Cc1cccc(C)c1NC(=O)C(C)N,1.4,mL.min-1.kg-1,species_only_human
2978386,CHEMBL1043581,CHEMBL621,CL,mL.min-1.kg-1,=,1.4,CHEMBL372,Homo sapiens,Total clearance in human,A,O=c1n(CCCN2CCN(c3cccc(Cl)c3)CC2)nc2ccccn12,1.4,mL.min-1.kg-1,species_only_human
2978387,CHEMBL1043582,CHEMBL621,CL,mL.min-1.kg-1,=,1.4,CHEMBL372,Homo sapiens,Hepatic clearance in human,A,O=c1n(CCCN2CCN(c3cccc(Cl)c3)CC2)nc2ccccn12,1.4,mL.min-1.kg-1,species_only_human
2978388,CHEMBL1043581,CHEMBL428,CL,mL.min-1.kg-1,=,1.4,CHEMBL372,Homo sapiens,Total clearance in human,A,N[C@@H]1[C@H]2CN(c3nc4c(cc3F)c(=O)c(C(=O)O)cn4-c3ccc(F)cc3F)C[C@@H]12,1.4,mL.min-1.kg-1,species_only_human
2978394,CHEMBL1043581,CHEMBL158,CL,mL.min-1.kg-1,=,1.5,CHEMBL372,Homo sapiens,Total clearance in human,A,C[C@H]1[C@H](NC(=O)/C(=N\OC(C)(C)C(=O)O)c2csc(N)n2)C(=O)N1S(=O)(=O)O,1.5,mL.min-1.kg-1,species_only_human
2978397,CHEMBL1043581,CHEMBL1055,CL,mL.min-1.kg-1,=,1.5,CHEMBL372,Homo sapiens,Total clearance in human,A,NS(=O)(=O)c1cc(C2(O)NC(=O)c3ccccc32)ccc1Cl,1.5,mL.min-1.kg-1,species_only_human
2978398,CHEMBL1043582,CHEMBL278255,CL,mL.min-1.kg-1,=,1.5,CHEMBL372,Homo sapiens,Hepatic clearance in human,A,NC1CCN(c2c(F)cc3c(=O)c(C(=O)O)cn(C4CC4)c3c2Cl)C1,1.5,mL.min-1.kg-1,species_only_human
2978400,CHEMBL1043582,CHEMBL1279,CL,mL.min-1.kg-1,=,1.5,CHEMBL372,Homo sapiens,Hepatic clearance in human,A,CN[C@@H]1CCc2[nH]c3ccc(C(N)=O)cc3c2C1,1.5,mL.min-1.kg-1,species_only_human
2978401,CHEMBL1043581,CHEMBL467,CL,mL.min-1.kg-1,=,1.5,CHEMBL372,Homo sapiens,Total clearance in human,A,NC(=O)NO,1.5,mL.min-1.kg-1,species_only_human
2978402,CHEMBL1043582,CHEMBL148,CL,mL.min-1.kg-1,=,1.5,CHEMBL372,Homo sapiens,Hepatic clearance in human,A,C[C@@H](O)[C@H]1C(=O)N2C(C(=O)O)=C(SCCNC=N)C[C@H]12,1.5,mL.min-1.kg-1,species_only_human
2978404,CHEMBL1043581,CHEMBL374478,CL,mL.min-1.kg-1,=,1.5,CHEMBL372,Homo sapiens,Total clearance in human,A,CO[C@H]1/C=C/O[C@@]2(C)Oc3c(C)c(O)c4c(O)c(c(/C=N/N5CCN(C)CC5)c(O)c4c3C2=O)NC(=O)/C(C)=C\C=C\[C@H](C)[C@H](O)[C@@H](C)[C@@H](O)[C@@H](C)[C@H](OC(C)=O)[C@@H]1C,1.5,mL.min-1.kg-1,species_only_human
2978405,CHEMBL1043581,CHEMBL923,CL,mL.min-1.kg-1,=,1.5,CHEMBL372,Homo sapiens,Total clearance in human,A,O=P(O)(O)C(O)(Cc1cccnc1)P(=O)(O)O,1.5,mL.min-1.kg-1,species_only_human
2978406,CHEMBL1043581,CHEMBL1440,CL,mL.min-1.kg-1,=,1.5,CHEMBL372,Homo sapiens,Total clearance in human,A,CN(C)[C@@H]1C(O)=C(C(N)=O)C(=O)[C@@]2(O)C(O)=C3C(=O)c4c(O)cccc4[C@@](C)(O)[C@H]3C[C@@H]12,1.5,mL.min-1.kg-1,species_only_human
2978415,CHEMBL1043582,CHEMBL174,CL,mL.min-1.kg-1,=,1.6,CHEMBL372,Homo sapiens,Hepatic clearance in human,A,CC1(C)S[C@@H]2[C@H](NC(=O)[C@H](N)c3ccccc3)C(=O)N2[C@H]1C(=O)O,1.6,mL.min-1.kg-1,species_only_human
2978417,CHEMBL1043581,CHEMBL891,CL,mL.min-1.kg-1,=,1.6,CHEMBL372,Homo sapiens,Total clearance in human,A,Cc1onc(-c2ccccc2Cl)c1C(=O)N[C@@H]1C(=O)N2[C@@H]1SC(C)(C)[C@@H]2C(=O)O,1.6,mL.min-1.kg-1,species_only_human
2978418,CHEMBL1043581,CHEMBL577,CL,mL.min-1.kg-1,=,1.6,CHEMBL372,Homo sapiens,Total clearance in human,A,C[C@H](N[C@@H](CCc1ccccc1)C(=O)O)C(=O)N1CCC[C@H]1C(=O)O,1.6,mL.min-1.kg-1,species_only_human
2978420,CHEMBL1043581,CHEMBL255044,CL,mL.min-1.kg-1,=,1.6,CHEMBL372,Homo sapiens,Total clearance in human,A,CCOC(=O)Nc1ccc(NCc2ccc(F)cc2)nc1N,1.6,mL.min-1.kg-1,species_only_human
2978421,CHEMBL1043581,CHEMBL571,CL,mL.min-1.kg-1,=,1.6,CHEMBL372,Homo sapiens,Total clearance in human,A,CC(C(=O)O)c1cccc(C(=O)c2ccccc2)c1,1.6,mL.min-1.kg-1,species_only_human
2978423,CHEMBL1043582,CHEMBL170,CL,mL.min-1.kg-1,=,1.6,CHEMBL372,Homo sapiens,Hepatic clearance in human,A,C=C[C@H]1CN2CC[C@H]1C[C@H]2[C@H](O)c1ccnc2ccc(OC)cc12,1.6,mL.min-1.kg-1,species_only_human
2978424,CHEMBL1043581,CHEMBL1027,CL,mL.min-1.kg-1,=,1.6,CHEMBL372,Homo sapiens,Total clearance in human,A,Cc1ccsc1C(=CCCN1CCC[C@@H](C(=O)O)C1)c1sccc1C,1.6,mL.min-1.kg-1,species_only_human
2978425,CHEMBL1043582,CHEMBL1027,CL,mL.min-1.kg-1,=,1.6,CHEMBL372,Homo sapiens,Hepatic clearance in human,A,Cc1ccsc1C(=CCCN1CCC[C@@H](C(=O)O)C1)c1sccc1C,1.6,mL.min-1.kg-1,species_only_human
2978426,CHEMBL1043581,CHEMBL222813,CL,mL.min-1.kg-1,=,1.6,CHEMBL372,Homo sapiens,Total clearance in human,A,CC(=O)N[C@H]1[C@H]([C@H](O)[C@H](O)CO)OC(C(=O)O)=C[C@@H]1NC(=N)N,1.6,mL.min-1.kg-1,species_only_human
2978434,CHEMBL1043581,CHEMBL1751,CL,mL.min-1.kg-1,=,1.7,CHEMBL372,Homo sapiens,Total clearance in human,A,C[C@H]1O[C@@H](O[C@H]2[C@@H](O)C[C@H](O[C@H]3[C@@H](O)C[C@H](O[C@H]4CC[C@@]5(C)[C@H](CC[C@@H]6[C@@H]5C[C@@H](O)[C@]5(C)[C@@H](C7=CC(=O)OC7)CC[C@]65O)C4)O[C@@H]3C)O[C@@H]2C)C[C@H](O)[C@@H]1O,1.7,mL.min-1.kg-1,species_only_human
2978438,CHEMBL1043581,CHEMBL940,CL,mL.min-1.kg-1,=,1.7,CHEMBL372,Homo sapiens,Total clearance in human,A,NCC1(CC(=O)O)CCCCC1,1.7,mL.min-1.kg-1,species_only_human
2978441,CHEMBL1043581,CHEMBL651,CL,mL.min-1.kg-1,=,1.7,CHEMBL372,Homo sapiens,Total clearance in human,A,CCC(=O)C(CC(C)N(C)C)(c1ccccc1)c1ccccc1,1.7,mL.min-1.kg-1,species_only_human
2978443,CHEMBL1043581,CHEMBL1561,CL,mL.min-1.kg-1,=,1.7,CHEMBL372,Homo sapiens,Total clearance in human,A,OCCN1C[C@H](O)[C@@H](O)[C@H](O)[C@H]1CO,1.7,mL.min-1.kg-1,species_only_human
2978445,CHEMBL1043582,CHEMBL783,CL,mL.min-1.kg-1,=,1.7,CHEMBL372,Homo sapiens,Hepatic clearance in human,A,CC(C)[C@H]1CC[C@H](C(=O)N[C@H](Cc2ccccc2)C(=O)O)CC1,1.7,mL.min-1.kg-1,species_only_human
2978447,CHEMBL1043582,CHEMBL1540,CL,mL.min-1.kg-1,=,1.7,CHEMBL372,Homo sapiens,Hepatic clearance in human,A,Nc1nc(O)c2ncn(CCC(CO)CO)c2n1,1.7,mL.min-1.kg-1,species_only_human
2978450,CHEMBL1043581,CHEMBL22242,CL,mL.min-1.kg-1,=,1.7,CHEMBL372,Homo sapiens,Total clearance in human,A,CCN1CCC[C@H]1CNC(=O)c1c(OC)ccc(Br)c1OC,1.7,mL.min-1.kg-1,species_only_human
2978459,CHEMBL1043582,CHEMBL76,CL,mL.min-1.kg-1,=,1.8,CHEMBL372,Homo sapiens,Hepatic clearance in human,A,CCN(CC)CCCC(C)Nc1ccnc2cc(Cl)ccc12,1.8,mL.min-1.kg-1,species_only_human
2978460,CHEMBL1043582,CHEMBL777,CL,mL.min-1.kg-1,=,1.8,CHEMBL372,Homo sapiens,Hepatic clearance in human,A,O=C(O)[C@H]1/C(=C/CO)O[C@@H]2CC(=O)N21,1.8,mL.min-1.kg-1,species_only_human
2978463,CHEMBL1043581,CHEMBL126,CL,mL.min-1.kg-1,=,1.8,CHEMBL372,Homo sapiens,Total clearance in human,A,CC(=O)NC[C@H]1CN(c2ccc(N3CCOCC3)c(F)c2)C(=O)O1,1.8,mL.min-1.kg-1,species_only_human
2978465,CHEMBL1043581,CHEMBL783,CL,mL.min-1.kg-1,=,1.8,CHEMBL372,Homo sapiens,Total clearance in human,A,CC(C)[C@H]1CC[C@H](C(=O)N[C@H](Cc2ccccc2)C(=O)O)CC1,1.8,mL.min-1.kg-1,species_only_human
2978466,CHEMBL1043581,CHEMBL36633,CL,mL.min-1.kg-1,=,1.8,CHEMBL372,Homo sapiens,Total clearance in human,A,NC(=O)CN1CC(O)CC1=O,1.8,mL.min-1.kg-1,species_only_human
2978467,CHEMBL1043581,CHEMBL432103,CL,mL.min-1.kg-1,=,1.8,CHEMBL372,Homo sapiens,Total clearance in human,A,CC1CCCC(C)N1CCCC(O)(c1ccccc1)c1ccccn1,1.8,mL.min-1.kg-1,species_only_human
2978473,CHEMBL1043581,CHEMBL26,CL,mL.min-1.kg-1,=,1.83,CHEMBL372,Homo sapiens,Total clearance in human,A,CCN1CCCC1CNC(=O)c1cc(S(N)(=O)=O)ccc1OC,1.83,mL.min-1.kg-1,species_only_human
2978474,CHEMBL1043581,CHEMBL633,CL,mL.min-1.kg-1,=,1.9,CHEMBL372,Homo sapiens,Total clearance in human,A,CCCCc1oc2ccccc2c1C(=O)c1cc(I)c(OCCN(CC)CC)c(I)c1,1.9,mL.min-1.kg-1,species_only_human
2978475,CHEMBL1043582,CHEMBL633,CL,mL.min-1.kg-1,=,1.9,CHEMBL372,Homo sapiens,Hepatic clearance in human,A,CCCCc1oc2ccccc2c1C(=O)c1cc(I)c(OCCN(CC)CC)c(I)c1,1.9,mL.min-1.kg-1,species_only_human
2978477,CHEMBL1043581,CHEMBL2103764,CL,mL.min-1.kg-1,=,1.9,CHEMBL372,Homo sapiens,Total clearance in human,A,CO/N=C(\C(=O)N[C@@H]1C(=O)N2C(C(=O)O)=C(C)CS[C@H]12)c1csc(N)n1,1.9,mL.min-1.kg-1,species_only_human
2978478,CHEMBL1043581,CHEMBL813,CL,mL.min-1.kg-1,=,1.9,CHEMBL372,Homo sapiens,Total clearance in human,A,CCCCc1ncc(/C=C(\Cc2cccs2)C(=O)O)n1Cc1ccc(C(=O)O)cc1,1.9,mL.min-1.kg-1,species_only_human
2978479,CHEMBL1043582,CHEMBL1311,CL,mL.min-1.kg-1,=,1.9,CHEMBL372,Homo sapiens,Hepatic clearance in human,A,O=[N+]([O-])O[C@@H]1CO[C@H]2[C@@H]1OC[C@@H]2O,1.9,mL.min-1.kg-1,species_only_human
2978480,CHEMBL1043581,CHEMBL5315124,CL,mL.min-1.kg-1,=,1.9,CHEMBL372,Homo sapiens,Total clearance in human,A,C[C@H]1COc2c(N3CCN(C)CC3)c(F)cc3c(=O)c(C(=O)O)cn1c23.C[C@H]1COc2c(N3CCN(C)CC3)c(F)cc3c(=O)c(C(=O)O)cn1c23.O,1.9,mL.min-1.kg-1,species_only_human
2978481,CHEMBL1043581,CHEMBL266349,CL,mL.min-1.kg-1,=,1.9,CHEMBL372,Homo sapiens,Total clearance in human,A,N=C(N)c1ccc(CNC(=O)[C@@H]2CCN2C(=O)[C@H](NCC(=O)O)C2CCCCC2)cc1,1.9,mL.min-1.kg-1,species_only_human
2978482,CHEMBL1043582,CHEMBL32,CL,mL.min-1.kg-1,=,1.9,CHEMBL372,Homo sapiens,Hepatic clearance in human,A,COc1c(N2C[C@@H]3CCCN[C@@H]3C2)c(F)cc2c(=O)c(C(=O)O)cn(C3CC3)c12,1.9,mL.min-1.kg-1,species_only_human
2978483,CHEMBL1043582,CHEMBL267648,CL,mL.min-1.kg-1,=,1.9,CHEMBL372,Homo sapiens,Hepatic clearance in human,A,CCn1cc(C(=O)O)c(=O)c2cc(F)c(N3CCN(C)CC3)cc21,1.9,mL.min-1.kg-1,species_only_human
2978484,CHEMBL1043581,CHEMBL170,CL,mL.min-1.kg-1,=,1.9,CHEMBL372,Homo sapiens,Total clearance in human,A,C=C[C@H]1CN2CC[C@H]1C[C@H]2[C@H](O)c1ccnc2ccc(OC)cc12,1.9,mL.min-1.kg-1,species_only_human
2978492,CHEMBL1043581,CHEMBL893,CL,mL.min-1.kg-1,=,2.0,CHEMBL372,Homo sapiens,Total clearance in human,A,Cc1onc(-c2c(Cl)cccc2Cl)c1C(=O)N[C@@H]1C(=O)N2[C@@H]1SC(C)(C)[C@@H]2C(=O)O,2.0,mL.min-1.kg-1,species_only_human
2978493,CHEMBL1043581,CHEMBL1463,CL,mL.min-1.kg-1,=,2.0,CHEMBL372,Homo sapiens,Total clearance in human,A,Nc1nc(=O)[nH]cc1F,2.0,mL.min-1.kg-1,species_only_human
2978495,CHEMBL1043581,CHEMBL1757,CL,mL.min-1.kg-1,=,2.0,CHEMBL372,Homo sapiens,Total clearance in human,A,C[C@@H]1O[C@@H]1P(=O)(O)O,2.0,mL.min-1.kg-1,species_only_human
2978497,CHEMBL1043581,CHEMBL1311,CL,mL.min-1.kg-1,=,2.0,CHEMBL372,Homo sapiens,Total clearance in human,A,O=[N+]([O-])O[C@@H]1CO[C@H]2[C@@H]1OC[C@@H]2O,2.0,mL.min-1.kg-1,species_only_human
2978498,CHEMBL1043581,CHEMBL267648,CL,mL.min-1.kg-1,=,2.0,CHEMBL372,Homo sapiens,Total clearance in human,A,CCn1cc(C(=O)O)c(=O)c2cc(F)c(N3CCN(C)CC3)cc21,2.0,mL.min-1.kg-1,species_only_human
2978499,CHEMBL1043581,CHEMBL6995,CL,mL.min-1.kg-1,=,2.0,CHEMBL372,Homo sapiens,Total clearance in human,A,CC(=O)Nc1ccc(OCC(O)CNC(C)C)cc1,2.0,mL.min-1.kg-1,species_only_human
2978500,CHEMBL1043582,CHEMBL444633,CL,mL.min-1.kg-1,=,2.0,CHEMBL372,Homo sapiens,Hepatic clearance in human,A,CO[C@H]1/C=C/O[C@@]2(C)Oc3c(C)c(O)c4c(c3C2=O)C2=NC3(CCN(CC(C)C)CC3)NC2=C(NC(=O)/C(C)=C\C=C\[C@H](C)[C@H](O)[C@@H](C)[C@@H](O)[C@@H](C)[C@H](OC(C)=O)[C@@H]1C)C4=O,2.0,mL.min-1.kg-1,species_only_human
2978501,CHEMBL1043582,CHEMBL1734,CL,mL.min-1.kg-1,=,2.0,CHEMBL372,Homo sapiens,Hepatic clearance in human,A,O=C(O[C@H]1CN2CCC1CC2)N1CCc2ccccc2[C@@H]1c1ccccc1,2.0,mL.min-1.kg-1,species_only_human
2978502,CHEMBL1043581,CHEMBL471,CL,mL.min-1.kg-1,=,2.0,CHEMBL372,Homo sapiens,Total clearance in human,A,CC(C)NCC(O)c1ccc(NS(C)(=O)=O)cc1,2.0,mL.min-1.kg-1,species_only_human
2978505,CHEMBL1043582,CHEMBL505,CL,mL.min-1.kg-1,=,2.1,CHEMBL372,Homo sapiens,Hepatic clearance in human,A,CN(C)CCC(c1ccc(Cl)cc1)c1ccccn1,2.1,mL.min-1.kg-1,species_only_human
2978506,CHEMBL1043582,CHEMBL473,CL,mL.min-1.kg-1,=,2.1,CHEMBL372,Homo sapiens,Hepatic clearance in human,A,CN(CCOc1ccc(NS(C)(=O)=O)cc1)CCc1ccc(NS(C)(=O)=O)cc1,2.1,mL.min-1.kg-1,species_only_human
2978508,CHEMBL1043581,CHEMBL666,CL,mL.min-1.kg-1,=,2.1,CHEMBL372,Homo sapiens,Total clearance in human,A,O=C(O)P(=O)(O)O,2.1,mL.min-1.kg-1,species_only_human
2978509,CHEMBL1043581,CHEMBL34259,CL,mL.min-1.kg-1,=,2.1,CHEMBL372,Homo sapiens,Total clearance in human,A,CN(Cc1cnc2nc(N)nc(N)c2n1)c1ccc(C(=O)N[C@@H](CCC(=O)O)C(=O)O)cc1,2.1,mL.min-1.kg-1,species_only_human
2978511,CHEMBL1043581,CHEMBL1734,CL,mL.min-1.kg-1,=,2.1,CHEMBL372,Homo sapiens,Total clearance in human,A,O=C(O[C@H]1CN2CCC1CC2)N1CCc2ccccc2[C@@H]1c1ccccc1,2.1,mL.min-1.kg-1,species_only_human
2978512,CHEMBL1043581,CHEMBL22,CL,mL.min-1.kg-1,=,2.1,CHEMBL372,Homo sapiens,Total clearance in human,A,COc1cc(Cc2cnc(N)nc2N)cc(OC)c1OC,2.1,mL.min-1.kg-1,species_only_human
2978515,CHEMBL1043581,CHEMBL404271,CL,mL.min-1.kg-1,=,2.2,CHEMBL372,Homo sapiens,Total clearance in human,A,C[C@H]1O[C@H](O[C@H]2[C@H](O)[C@@H](O)[C@@H](O[C@H]3[C@H](O)[C@@H](O)C(O)O[C@@H]3CO)O[C@@H]2CO)[C@H](O)[C@@H](O)[C@@H]1N[C@H]1C=C(CO)[C@@H](O)[C@H](O)[C@H]1O,2.2,mL.min-1.kg-1,species_only_human
2978516,CHEMBL1043581,CHEMBL186,CL,mL.min-1.kg-1,=,2.2,CHEMBL372,Homo sapiens,Total clearance in human,A,CO/N=C(\C(=O)N[C@@H]1C(=O)N2C(C(=O)[O-])=C(C[N+]3(C)CCCC3)CS[C@H]12)c1csc(N)n1,2.2,mL.min-1.kg-1,species_only_human
2978517,CHEMBL1043581,CHEMBL1436,CL,mL.min-1.kg-1,=,2.2,CHEMBL372,Homo sapiens,Total clearance in human,A,CO/N=C(\C(=O)N[C@@H]1C(=O)N2C(C(=O)O)=C(COC(N)=O)CS[C@H]12)c1ccco1,2.2,mL.min-1.kg-1,species_only_human
2978518,CHEMBL1043582,CHEMBL130,CL,mL.min-1.kg-1,=,2.2,CHEMBL372,Homo sapiens,Hepatic clearance in human,A,O=C(N[C@H](CO)[C@H](O)c1ccc([N+](=O)[O-])cc1)C(Cl)Cl,2.2,mL.min-1.kg-1,species_only_human
2978519,CHEMBL1043581,CHEMBL1502,CL,mL.min-1.kg-1,=,2.2,CHEMBL372,Homo sapiens,Total clearance in human,A,COc1ccnc(C[S+]([O-])c2nc3cc(OC(F)F)ccc3[nH]2)c1OC,2.2,mL.min-1.kg-1,species_only_human
2978520,CHEMBL1043582,CHEMBL1502,CL,mL.min-1.kg-1,=,2.2,CHEMBL372,Homo sapiens,Hepatic clearance in human,A,COc1ccnc(C[S+]([O-])c2nc3cc(OC(F)F)ccc3[nH]2)c1OC,2.2,mL.min-1.kg-1,species_only_human
2978521,CHEMBL1043582,CHEMBL1790041,CL,mL.min-1.kg-1,=,2.2,CHEMBL372,Homo sapiens,Hepatic clearance in human,A,CNC(=C[N+](=O)[O-])NCCSCc1ccc(CN(C)C)o1,2.2,mL.min-1.kg-1,species_only_human
2978522,CHEMBL1043582,CHEMBL551786,CL,mL.min-1.kg-1,=,2.2,CHEMBL372,Homo sapiens,Hepatic clearance in human,A,Cc1cccc(C)c1NC(=O)NCCCNC(C)C,2.2,mL.min-1.kg-1,species_only_human
2978524,CHEMBL1043581,CHEMBL1762,CL,mL.min-1.kg-1,=,2.2,CHEMBL372,Homo sapiens,Total clearance in human,A,Cc1cccc(C)c1NC(=O)C(C)N,2.2,mL.min-1.kg-1,species_only_human
2978534,CHEMBL1043581,CHEMBL465161,CL,mL.min-1.kg-1,=,2.3,CHEMBL372,Homo sapiens,Total clearance in human,A,C[C@@H]1C(=O)O[C@H]2C[C@@]34[C@H]5C[C@@H](C(C)(C)C)[C@]36[C@@H](OC(=O)[C@@H]6O)O[C@@]4(C(=O)O5)[C@]21O,2.3,mL.min-1.kg-1,species_only_human
2978535,CHEMBL1043581,CHEMBL514432,CL,mL.min-1.kg-1,=,2.3,CHEMBL372,Homo sapiens,Total clearance in human,A,C[C@@H]1C(=O)O[C@H]2[C@H](O)[C@@]34[C@H]5C[C@@H](C(C)(C)C)[C@]36[C@@H](OC(=O)[C@@H]6O)O[C@@]4(C(=O)O5)[C@@]12O,2.3,mL.min-1.kg-1,species_only_human
2978536,CHEMBL1043582,CHEMBL131,CL,mL.min-1.kg-1,=,2.3,CHEMBL372,Homo sapiens,Hepatic clearance in human,A,C[C@]12C=CC(=O)C=C1CC[C@@H]1[C@@H]2[C@@H](O)C[C@@]2(C)[C@H]1CC[C@]2(O)C(=O)CO,2.3,mL.min-1.kg-1,species_only_human
2978538,CHEMBL1043582,CHEMBL850,CL,mL.min-1.kg-1,=,2.3,CHEMBL372,Homo sapiens,Hepatic clearance in human,A,C[C@@H]1CN(c2c(F)c(N)c3c(=O)c(C(=O)O)cn(C4CC4)c3c2F)C[C@H](C)N1,2.3,mL.min-1.kg-1,species_only_human
2978539,CHEMBL1043582,CHEMBL152067,CL,mL.min-1.kg-1,=,2.3,CHEMBL372,Homo sapiens,Hepatic clearance in human,A,CC(C)(C)NCC(O)COc1ccc(NC(=O)NC2CCCCC2)cc1,2.3,mL.min-1.kg-1,species_only_human
2978540,CHEMBL1043581,CHEMBL820,CL,mL.min-1.kg-1,=,2.4,CHEMBL372,Homo sapiens,Total clearance in human,A,CS(=O)(=O)OCCCCOS(C)(=O)=O,2.4,mL.min-1.kg-1,species_only_human
2978541,CHEMBL1043582,CHEMBL820,CL,mL.min-1.kg-1,=,2.4,CHEMBL372,Homo sapiens,Hepatic clearance in human,A,CS(=O)(=O)OCCCCOS(C)(=O)=O,2.4,mL.min-1.kg-1,species_only_human
2978543,CHEMBL1043581,CHEMBL130,CL,mL.min-1.kg-1,=,2.4,CHEMBL372,Homo sapiens,Total clearance in human,A,O=C(N[C@H](CO)[C@H](O)c1ccc([N+](=O)[O-])cc1)C(Cl)Cl,2.4,mL.min-1.kg-1,species_only_human
2978544,CHEMBL1043581,CHEMBL710,CL,mL.min-1.kg-1,=,2.4,CHEMBL372,Homo sapiens,Total clearance in human,A,CC(C)(C)NC(=O)[C@H]1CC[C@H]2[C@@H]3CC[C@H]4NC(=O)C=C[C@]4(C)[C@H]3CC[C@]12C,2.4,mL.min-1.kg-1,species_only_human
2978545,CHEMBL1043582,CHEMBL710,CL,mL.min-1.kg-1,=,2.4,CHEMBL372,Homo sapiens,Hepatic clearance in human,A,CC(C)(C)NC(=O)[C@H]1CC[C@H]2[C@@H]3CC[C@H]4NC(=O)C=C[C@]4(C)[C@H]3CC[C@]12C,2.4,mL.min-1.kg-1,species_only_human
2978546,CHEMBL1043581,CHEMBL6273,CL,mL.min-1.kg-1,=,2.4,CHEMBL372,Homo sapiens,Total clearance in human,A,CN1CCN(c2c(F)cc3c(=O)c(C(=O)O)cn(CCF)c3c2F)CC1,2.4,mL.min-1.kg-1,species_only_human
2978547,CHEMBL1043581,CHEMBL35,CL,mL.min-1.kg-1,=,2.4,CHEMBL372,Homo sapiens,Total clearance in human,A,NS(=O)(=O)c1cc(C(=O)O)c(NCc2ccco2)cc1Cl,2.4,mL.min-1.kg-1,species_only_human
2978548,CHEMBL1043581,CHEMBL32,CL,mL.min-1.kg-1,=,2.4,CHEMBL372,Homo sapiens,Total clearance in human,A,COc1c(N2C[C@@H]3CCCN[C@@H]3C2)c(F)cc2c(=O)c(C(=O)O)cn(C3CC3)c12,2.4,mL.min-1.kg-1,species_only_human
2978549,CHEMBL1043582,CHEMBL1115,CL,mL.min-1.kg-1,=,2.4,CHEMBL372,Homo sapiens,Hepatic clearance in human,A,CN(C)C(=O)Oc1ccc[n+](C)c1,2.4,mL.min-1.kg-1,species_only_human
2978550,CHEMBL1043581,CHEMBL444633,CL,mL.min-1.kg-1,=,2.4,CHEMBL372,Homo sapiens,Total clearance in human,A,CO[C@H]1/C=C/O[C@@]2(C)Oc3c(C)c(O)c4c(c3C2=O)C2=NC3(CCN(CC(C)C)CC3)NC2=C(NC(=O)/C(C)=C\C=C\[C@H](C)[C@H](O)[C@@H](C)[C@@H](O)[C@@H](C)[C@H](OC(C)=O)[C@@H]1C)C4=O,2.4,mL.min-1.kg-1,species_only_human
2979627,CHEMBL1043581,CHEMBL24,CL,mL.min-1.kg-1,=,2.5,CHEMBL372,Homo sapiens,Total clearance in human,A,CC(C)NCC(O)COc1ccc(CC(N)=O)cc1,2.5,mL.min-1.kg-1,species_only_human
2979629,CHEMBL1043581,CHEMBL1072,CL,mL.min-1.kg-1,=,2.5,CHEMBL372,Homo sapiens,Total clearance in human,A,CCCCNc1cc(C(=O)O)cc(S(N)(=O)=O)c1Oc1ccccc1,2.5,mL.min-1.kg-1,species_only_human
2979630,CHEMBL1043581,CHEMBL1644,CL,mL.min-1.kg-1,=,2.5,CHEMBL372,Homo sapiens,Total clearance in human,A,CC1=C(C(=O)O)N2C(=O)[C@@H](NC(=O)[C@H](N)c3ccc(O)cc3)[C@H]2SC1,2.5,mL.min-1.kg-1,species_only_human
2979631,CHEMBL1043581,CHEMBL505,CL,mL.min-1.kg-1,=,2.5,CHEMBL372,Homo sapiens,Total clearance in human,A,CN(C)CCC(c1ccc(Cl)cc1)c1ccccn1,2.5,mL.min-1.kg-1,species_only_human
2979632,CHEMBL1043581,CHEMBL5314375,CL,mL.min-1.kg-1,=,2.5,CHEMBL372,Homo sapiens,Total clearance in human,A,Nc1ccn(C[C@@H](CO)OCP(=O)(O)O)c(=O)n1.O.O,2.5,mL.min-1.kg-1,species_only_human
2979633,CHEMBL1043581,CHEMBL42,CL,mL.min-1.kg-1,=,2.5,CHEMBL372,Homo sapiens,Total clearance in human,A,CN1CCN(C2=Nc3cc(Cl)ccc3Nc3ccccc32)CC1,2.5,mL.min-1.kg-1,species_only_human
2979634,CHEMBL1043582,CHEMBL42,CL,mL.min-1.kg-1,=,2.5,CHEMBL372,Homo sapiens,Hepatic clearance in human,A,CN1CCN(C2=Nc3cc(Cl)ccc3Nc3ccccc32)CC1,2.5,mL.min-1.kg-1,species_only_human
2979635,CHEMBL1043581,CHEMBL1279,CL,mL.min-1.kg-1,=,2.5,CHEMBL372,Homo sapiens,Total clearance in human,A,CN[C@@H]1CCc2[nH]c3ccc(C(N)=O)cc3c2C1,2.5,mL.min-1.kg-1,species_only_human
2979636,CHEMBL1043582,CHEMBL3183075,CL,mL.min-1.kg-1,=,2.5,CHEMBL372,Homo sapiens,Hepatic clearance in human,A,CNC(=C[N+](=O)[O-])NCCSCc1csc(CN(C)C)n1,2.5,mL.min-1.kg-1,species_only_human
2979637,CHEMBL1043581,CHEMBL635,CL,mL.min-1.kg-1,=,2.5,CHEMBL372,Homo sapiens,Total clearance in human,A,C[C@]12C=CC(=O)C=C1CC[C@@H]1[C@@H]2C(=O)C[C@@]2(C)[C@H]1CC[C@]2(O)C(=O)CO,2.5,mL.min-1.kg-1,species_only_human
2979638,CHEMBL1043582,CHEMBL635,CL,mL.min-1.kg-1,=,2.5,CHEMBL372,Homo sapiens,Hepatic clearance in human,A,C[C@]12C=CC(=O)C=C1CC[C@@H]1[C@@H]2C(=O)C[C@@]2(C)[C@H]1CC[C@]2(O)C(=O)CO,2.5,mL.min-1.kg-1,species_only_human
2979641,CHEMBL1043581,CHEMBL1908354,CL,mL.min-1.kg-1,=,2.6,CHEMBL372,Homo sapiens,Total clearance in human,A,Cc1nnc(SCC2=C(C(=O)O)N3C(=O)[C@@H](NC(=O)[C@H](O)c4ccccc4)[C@H]3SC2)s1,2.6,mL.min-1.kg-1,species_only_human
2979643,CHEMBL1043581,CHEMBL576127,CL,mL.min-1.kg-1,=,2.6,CHEMBL372,Homo sapiens,Total clearance in human,A,O=C1NCC2(CCN(CCc3ccccc3)CC2)O1,2.6,mL.min-1.kg-1,species_only_human
2979645,CHEMBL1043582,CHEMBL279229,CL,mL.min-1.kg-1,=,2.6,CHEMBL372,Homo sapiens,Hepatic clearance in human,A,COc1ccccc1N1CCN(CCCNc2cc(=O)n(C)c(=O)n2C)CC1,2.6,mL.min-1.kg-1,species_only_human
2979649,CHEMBL1043582,CHEMBL423,CL,mL.min-1.kg-1,=,2.7,CHEMBL372,Homo sapiens,Hepatic clearance in human,A,CC(C)NCC(O)COc1ccc(CCOCC2CC2)cc1,2.7,mL.min-1.kg-1,species_only_human
2979651,CHEMBL1043581,CHEMBL850,CL,mL.min-1.kg-1,=,2.7,CHEMBL372,Homo sapiens,Total clearance in human,A,C[C@@H]1CN(c2c(F)c(N)c3c(=O)c(C(=O)O)cn(C4CC4)c3c2F)C[C@H](C)N1,2.7,mL.min-1.kg-1,species_only_human
2979653,CHEMBL1043581,CHEMBL174,CL,mL.min-1.kg-1,=,2.8,CHEMBL372,Homo sapiens,Total clearance in human,A,CC1(C)S[C@@H]2[C@H](NC(=O)[C@H](N)c3ccccc3)C(=O)N2[C@H]1C(=O)O,2.8,mL.min-1.kg-1,species_only_human
2979654,CHEMBL1043581,CHEMBL515,CL,mL.min-1.kg-1,=,2.8,CHEMBL372,Homo sapiens,Total clearance in human,A,O=C(O)CCCc1ccc(N(CCCl)CCCl)cc1,2.8,mL.min-1.kg-1,species_only_human
2979655,CHEMBL1043582,CHEMBL515,CL,mL.min-1.kg-1,=,2.8,CHEMBL372,Homo sapiens,Hepatic clearance in human,A,O=C(O)CCCc1ccc(N(CCCl)CCCl)cc1,2.8,mL.min-1.kg-1,species_only_human
2979656,CHEMBL1043582,CHEMBL652,CL,mL.min-1.kg-1,=,2.8,CHEMBL372,Homo sapiens,Hepatic clearance in human,A,O=C(NCC1CCCCN1)c1cc(OCC(F)(F)F)ccc1OCC(F)(F)F,2.8,mL.min-1.kg-1,species_only_human
2979657,CHEMBL1043581,CHEMBL31,CL,mL.min-1.kg-1,=,2.8,CHEMBL372,Homo sapiens,Total clearance in human,A,COc1c(N2CCNC(C)C2)c(F)cc2c(=O)c(C(=O)O)cn(C3CC3)c12,2.8,mL.min-1.kg-1,species_only_human
2979658,CHEMBL1043582,CHEMBL714,CL,mL.min-1.kg-1,=,2.8,CHEMBL372,Homo sapiens,Hepatic clearance in human,A,CC(C)(C)NCC(O)c1ccc(O)c(CO)c1,2.8,mL.min-1.kg-1,species_only_human
2979662,CHEMBL1043581,CHEMBL1477,CL,mL.min-1.kg-1,=,2.9,CHEMBL372,Homo sapiens,Total clearance in human,A,COCc1c(C(C)C)nc(C(C)C)c(/C=C/[C@@H](O)C[C@@H](O)CC(=O)O)c1-c1ccc(F)cc1,2.9,mL.min-1.kg-1,species_only_human
2979663,CHEMBL1043582,CHEMBL1477,CL,mL.min-1.kg-1,=,2.9,CHEMBL372,Homo sapiens,Hepatic clearance in human,A,COCc1c(C(C)C)nc(C(C)C)c(/C=C/[C@@H](O)C[C@@H](O)CC(=O)O)c1-c1ccc(F)cc1,2.9,mL.min-1.kg-1,species_only_human
2979664,CHEMBL1043582,CHEMBL862,CL,mL.min-1.kg-1,=,2.9,CHEMBL372,Homo sapiens,Hepatic clearance in human,A,N=C(N)NC(=O)Cc1c(Cl)cccc1Cl,2.9,mL.min-1.kg-1,species_only_human
2979665,CHEMBL1043581,CHEMBL521606,CL,mL.min-1.kg-1,=,2.9,CHEMBL372,Homo sapiens,Total clearance in human,A,CC(C)(C)NCC(O)COc1cccc2c1CC(O)C(O)C2,2.9,mL.min-1.kg-1,species_only_human
2979666,CHEMBL1043581,CHEMBL131,CL,mL.min-1.kg-1,=,2.9,CHEMBL372,Homo sapiens,Total clearance in human,A,C[C@]12C=CC(=O)C=C1CC[C@@H]1[C@@H]2[C@@H](O)C[C@@]2(C)[C@H]1CC[C@]2(O)C(=O)CO,2.9,mL.min-1.kg-1,species_only_human
2979667,CHEMBL1043582,CHEMBL646,CL,mL.min-1.kg-1,=,2.9,CHEMBL372,Homo sapiens,Hepatic clearance in human,A,Cc1nnc2n1-c1ccc(Cl)cc1C(c1ccccc1Cl)=NC2,2.9,mL.min-1.kg-1,species_only_human
2979670,CHEMBL1043581,CHEMBL1755,CL,mL.min-1.kg-1,=,3.0,CHEMBL372,Homo sapiens,Total clearance in human,A,Cc1nc2c([nH]1)-c1ccccc1N(C(=O)c1ccc(NC(=O)c3ccccc3-c3ccccc3)cc1)CC2,3.0,mL.min-1.kg-1,species_only_human
2979671,CHEMBL1043582,CHEMBL1755,CL,mL.min-1.kg-1,=,3.0,CHEMBL372,Homo sapiens,Hepatic clearance in human,A,Cc1nc2c([nH]1)-c1ccccc1N(C(=O)c1ccc(NC(=O)c3ccccc3-c3ccccc3)cc1)CC2,3.0,mL.min-1.kg-1,species_only_human
2979673,CHEMBL1043581,CHEMBL148,CL,mL.min-1.kg-1,=,3.0,CHEMBL372,Homo sapiens,Total clearance in human,A,C[C@@H](O)[C@H]1C(=O)N2C(C(=O)O)=C(SCCNC=N)C[C@H]12,3.0,mL.min-1.kg-1,species_only_human
2979675,CHEMBL1043581,CHEMBL646,CL,mL.min-1.kg-1,=,3.0,CHEMBL372,Homo sapiens,Total clearance in human,A,Cc1nnc2n1-c1ccc(Cl)cc1C(c1ccccc1Cl)=NC2,3.0,mL.min-1.kg-1,species_only_human
2979676,CHEMBL1043581,CHEMBL75753,CL,mL.min-1.kg-1,=,3.0,CHEMBL372,Homo sapiens,Total clearance in human,A,O=C(NCCNCC(O)COc1ccc(O)cc1)N1CCOCC1,3.0,mL.min-1.kg-1,species_only_human
2979680,CHEMBL1043581,CHEMBL777,CL,mL.min-1.kg-1,=,3.1,CHEMBL372,Homo sapiens,Total clearance in human,A,O=C(O)[C@H]1/C(=C/CO)O[C@@H]2CC(=O)N21,3.1,mL.min-1.kg-1,species_only_human
2979683,CHEMBL1043581,CHEMBL1518,CL,mL.min-1.kg-1,=,3.1,CHEMBL372,Homo sapiens,Total clearance in human,A,CCCc1cc(=O)[nH]c(=S)[nH]1,3.1,mL.min-1.kg-1,species_only_human
2979684,CHEMBL1043582,CHEMBL1518,CL,mL.min-1.kg-1,=,3.1,CHEMBL372,Homo sapiens,Hepatic clearance in human,A,CCCc1cc(=O)[nH]c(=S)[nH]1,3.1,mL.min-1.kg-1,species_only_human
2979685,CHEMBL1043581,CHEMBL279229,CL,mL.min-1.kg-1,=,3.1,CHEMBL372,Homo sapiens,Total clearance in human,A,COc1ccccc1N1CCN(CCCNc2cc(=O)n(C)c(=O)n2C)CC1,3.1,mL.min-1.kg-1,species_only_human
2979686,CHEMBL1043581,CHEMBL159,CL,mL.min-1.kg-1,=,3.1,CHEMBL372,Homo sapiens,Total clearance in human,A,CC[C@]1(O)C[C@@H]2CN(CCc3c([nH]c4ccccc34)[C@@](C(=O)OC)(c3cc4c(cc3OC)N(C)[C@H]3[C@@](O)(C(=O)OC)[C@H](OC(C)=O)[C@]5(CC)C=CCN6CC[C@]43[C@@H]65)C2)C1,3.1,mL.min-1.kg-1,species_only_human
2979691,CHEMBL1043582,CHEMBL384467,CL,mL.min-1.kg-1,=,3.2,CHEMBL372,Homo sapiens,Hepatic clearance in human,A,C[C@@H]1C[C@H]2[C@@H]3CCC4=CC(=O)C=C[C@]4(C)[C@@]3(F)[C@@H](O)C[C@]2(C)[C@@]1(O)C(=O)CO,3.2,mL.min-1.kg-1,species_only_human
2979692,CHEMBL1043582,CHEMBL135400,CL,mL.min-1.kg-1,=,3.2,CHEMBL372,Homo sapiens,Hepatic clearance in human,A,CN1CCN(C(=O)OC2c3nccnc3C(=O)N2c2ccc(Cl)cn2)CC1,3.2,mL.min-1.kg-1,species_only_human
2979696,CHEMBL1043581,CHEMBL1082,CL,mL.min-1.kg-1,=,3.3,CHEMBL372,Homo sapiens,Total clearance in human,A,CC1(C)S[C@@H]2[C@H](NC(=O)[C@H](N)c3ccc(O)cc3)C(=O)N2[C@H]1C(=O)O,3.3,mL.min-1.kg-1,species_only_human
2979697,CHEMBL1043582,CHEMBL517712,CL,mL.min-1.kg-1,=,3.3,CHEMBL372,Homo sapiens,Hepatic clearance in human,A,CN1[C@@H]2CC[C@H]1C[C@@H](OC(=O)C(CO)c1ccccc1)C2,3.3,mL.min-1.kg-1,species_only_human
2979698,CHEMBL1043581,CHEMBL1095284,CL,mL.min-1.kg-1,=,3.3,CHEMBL372,Homo sapiens,Total clearance in human,A,N[C@@H](C(=O)N[C@@H]1C(=O)N2C(C(=O)O)=C(CSc3c[nH]nn3)CS[C@H]12)c1ccc(O)cc1,3.3,mL.min-1.kg-1,species_only_human
2979699,CHEMBL1043581,CHEMBL1604,CL,mL.min-1.kg-1,=,3.3,CHEMBL372,Homo sapiens,Total clearance in human,A,CC1=C(C(=O)O)N2C(=O)[C@@H](NC(=O)[C@H](N)C3=CCC=CC3)[C@H]2SC1,3.3,mL.min-1.kg-1,species_only_human
2979700,CHEMBL1043581,CHEMBL384467,CL,mL.min-1.kg-1,=,3.3,CHEMBL372,Homo sapiens,Total clearance in human,A,C[C@@H]1C[C@H]2[C@@H]3CCC4=CC(=O)C=C[C@]4(C)[C@@]3(F)[C@@H](O)C[C@]2(C)[C@@]1(O)C(=O)CO,3.3,mL.min-1.kg-1,species_only_human
2979701,CHEMBL1043582,CHEMBL550781,CL,mL.min-1.kg-1,=,3.3,CHEMBL372,Homo sapiens,Hepatic clearance in human,A,CCCCCN(CCCOC)C(=O)[C@@H](CCC(=O)O)NC(=O)c1ccc(Cl)c(Cl)c1,3.3,mL.min-1.kg-1,species_only_human
2979703,CHEMBL1043581,CHEMBL135400,CL,mL.min-1.kg-1,=,3.3,CHEMBL372,Homo sapiens,Total clearance in human,A,CN1CCN(C(=O)OC2c3nccnc3C(=O)N2c2ccc(Cl)cn2)CC1,3.3,mL.min-1.kg-1,species_only_human
2979710,CHEMBL1043582,CHEMBL243712,CL,mL.min-1.kg-1,=,3.4,CHEMBL372,Homo sapiens,Hepatic clearance in human,A,CCN1CCCC1CNC(=O)c1cc(S(=O)(=O)CC)c(N)cc1OC,3.4,mL.min-1.kg-1,species_only_human
2979711,CHEMBL1043581,CHEMBL423,CL,mL.min-1.kg-1,=,3.4,CHEMBL372,Homo sapiens,Total clearance in human,A,CC(C)NCC(O)COc1ccc(CCOCC2CC2)cc1,3.4,mL.min-1.kg-1,species_only_human
2979713,CHEMBL1043582,CHEMBL1294,CL,mL.min-1.kg-1,=,3.4,CHEMBL372,Homo sapiens,Hepatic clearance in human,A,C=C[C@H]1CN2CC[C@H]1C[C@@H]2[C@@H](O)c1ccnc2ccc(OC)cc12,3.4,mL.min-1.kg-1,species_only_human
2979714,CHEMBL1043581,CHEMBL1760,CL,mL.min-1.kg-1,=,3.4,CHEMBL372,Homo sapiens,Total clearance in human,A,CC(C)(C)NCC(O)c1cc(O)cc(O)c1,3.4,mL.min-1.kg-1,species_only_human
2979717,CHEMBL1043581,CHEMBL139,CL,mL.min-1.kg-1,=,3.5,CHEMBL372,Homo sapiens,Total clearance in human,A,O=C(O)Cc1ccccc1Nc1c(Cl)cccc1Cl,3.5,mL.min-1.kg-1,species_only_human
2979718,CHEMBL1043582,CHEMBL139,CL,mL.min-1.kg-1,=,3.5,CHEMBL372,Homo sapiens,Hepatic clearance in human,A,O=C(O)Cc1ccccc1Nc1c(Cl)cccc1Cl,3.5,mL.min-1.kg-1,species_only_human
2979719,CHEMBL1043581,CHEMBL551978,CL,mL.min-1.kg-1,=,3.5,CHEMBL372,Homo sapiens,Total clearance in human,A,CCOc1ccc(/C=C2\NCCc3cc(OCC)c(OCC)cc32)cc1OCC,3.5,mL.min-1.kg-1,species_only_human
2979720,CHEMBL1043582,CHEMBL551978,CL,mL.min-1.kg-1,=,3.5,CHEMBL372,Homo sapiens,Hepatic clearance in human,A,CCOc1ccc(/C=C2\NCCc3cc(OCC)c(OCC)cc32)cc1OCC,3.5,mL.min-1.kg-1,species_only_human
2979721,CHEMBL1043581,CHEMBL459,CL,mL.min-1.kg-1,=,3.5,CHEMBL372,Homo sapiens,Total clearance in human,A,C[C@](N)(Cc1ccc(O)c(O)c1)C(=O)O,3.5,mL.min-1.kg-1,species_only_human
2979722,CHEMBL1043582,CHEMBL19236,CL,mL.min-1.kg-1,=,3.5,CHEMBL372,Homo sapiens,Hepatic clearance in human,A,COc1nc(C)nc(Cl)c1NC1=NCCN1,3.5,mL.min-1.kg-1,species_only_human
2979723,CHEMBL1043582,CHEMBL1278,CL,mL.min-1.kg-1,=,3.5,CHEMBL372,Homo sapiens,Hepatic clearance in human,A,CNS(=O)(=O)CCc1ccc2[nH]cc(C3CCN(C)CC3)c2c1,3.5,mL.min-1.kg-1,species_only_human
2979724,CHEMBL1043581,CHEMBL4,CL,mL.min-1.kg-1,=,3.5,CHEMBL372,Homo sapiens,Total clearance in human,A,CC1COc2c(N3CCN(C)CC3)c(F)cc3c(=O)c(C(=O)O)cn1c23,3.5,mL.min-1.kg-1,species_only_human
2979727,CHEMBL1043582,CHEMBL328250,CL,mL.min-1.kg-1,=,3.6,CHEMBL372,Homo sapiens,Hepatic clearance in human,A,CN(C)Cc1nnc2n1-c1ccc(Cl)cc1C(c1ccccc1)=NC2,3.6,mL.min-1.kg-1,species_only_human
2979730,CHEMBL1043581,CHEMBL484,CL,mL.min-1.kg-1,=,3.7,CHEMBL372,Homo sapiens,Total clearance in human,A,Nc1ncnc2c1ncn2CCOCP(=O)(O)O,3.7,mL.min-1.kg-1,species_only_human
2979731,CHEMBL1043581,CHEMBL645,CL,mL.min-1.kg-1,=,3.7,CHEMBL372,Homo sapiens,Total clearance in human,A,CC(C)NCC(O)COc1ccc(COCCOC(C)C)cc1,3.7,mL.min-1.kg-1,species_only_human
2979732,CHEMBL1043581,CHEMBL550781,CL,mL.min-1.kg-1,=,3.7,CHEMBL372,Homo sapiens,Total clearance in human,A,CCCCCN(CCCOC)C(=O)[C@@H](CCC(=O)O)NC(=O)c1ccc(Cl)c(Cl)c1,3.7,mL.min-1.kg-1,species_only_human
2979733,CHEMBL1043581,CHEMBL95804,CL,mL.min-1.kg-1,=,3.7,CHEMBL372,Homo sapiens,Total clearance in human,A,CCN(CC)CCNC(=O)c1ccc(NS(C)(=O)=O)cc1,3.7,mL.min-1.kg-1,species_only_human
2979734,CHEMBL1043581,CHEMBL108821,CL,mL.min-1.kg-1,=,3.7,CHEMBL372,Homo sapiens,Total clearance in human,A,N[C@@H]1CN(c2c(F)cc3c(=O)c(C(=O)O)cn([C@@H]4C[C@@H]4F)c3c2Cl)CC12CC2,3.7,mL.min-1.kg-1,species_only_human
2979738,CHEMBL1043582,CHEMBL549,CL,mL.min-1.kg-1,=,3.8,CHEMBL372,Homo sapiens,Hepatic clearance in human,A,CN(C)CCCC1(c2ccc(F)cc2)OCc2cc(C#N)ccc21,3.8,mL.min-1.kg-1,species_only_human
2979739,CHEMBL1043582,CHEMBL23,CL,mL.min-1.kg-1,=,3.8,CHEMBL372,Homo sapiens,Hepatic clearance in human,A,COc1ccc([C@@H]2Sc3ccccc3N(CCN(C)C)C(=O)[C@@H]2OC(C)=O)cc1,3.8,mL.min-1.kg-1,species_only_human
2979740,CHEMBL1043582,CHEMBL54126,CL,mL.min-1.kg-1,=,3.8,CHEMBL372,Homo sapiens,Hepatic clearance in human,A,CN(C)C(=O)Oc1cccc([N+](C)(C)C)c1.[Br-],3.8,mL.min-1.kg-1,species_only_human
2979741,CHEMBL1043582,CHEMBL500,CL,mL.min-1.kg-1,=,3.8,CHEMBL372,Homo sapiens,Hepatic clearance in human,A,CC(C)NCC(O)COc1cccc2[nH]ccc12,3.8,mL.min-1.kg-1,species_only_human
2979742,CHEMBL1043581,CHEMBL634,CL,mL.min-1.kg-1,=,3.9,CHEMBL372,Homo sapiens,Total clearance in human,A,CCC(=O)N(c1ccccc1)C1(COC)CCN(CCn2nnn(CC)c2=O)CC1,3.9,mL.min-1.kg-1,species_only_human
2979743,CHEMBL1043582,CHEMBL634,CL,mL.min-1.kg-1,=,3.9,CHEMBL372,Homo sapiens,Hepatic clearance in human,A,CCC(=O)N(c1ccccc1)C1(COC)CCN(CCn2nnn(CC)c2=O)CC1,3.9,mL.min-1.kg-1,species_only_human
2979744,CHEMBL1043581,CHEMBL1727,CL,mL.min-1.kg-1,=,3.9,CHEMBL372,Homo sapiens,Total clearance in human,A,CC1=C(C(=O)O)N2C(=O)[C@@H](NC(=O)[C@H](N)c3ccccc3)[C@H]2SC1,3.9,mL.min-1.kg-1,species_only_human
2979745,CHEMBL1043582,CHEMBL1753,CL,mL.min-1.kg-1,=,3.9,CHEMBL372,Homo sapiens,Hepatic clearance in human,A,CCC[C@@H]1C[C@@H](C(=O)N[C@@H]([C@H]2O[C@H](SC)[C@H](O)[C@@H](O)[C@H]2O)[C@H](C)Cl)N(C)C1,3.9,mL.min-1.kg-1,species_only_human
2979754,CHEMBL1043581,CHEMBL22097,CL,mL.min-1.kg-1,=,4.0,CHEMBL372,Homo sapiens,Total clearance in human,A,CN1C(=O)C(O)N=C(c2ccccc2Cl)c2cc(Cl)ccc21,4.0,mL.min-1.kg-1,species_only_human
2979755,CHEMBL1043582,CHEMBL22097,CL,mL.min-1.kg-1,=,4.0,CHEMBL372,Homo sapiens,Hepatic clearance in human,A,CN1C(=O)C(O)N=C(c2ccccc2Cl)c2cc(Cl)ccc21,4.0,mL.min-1.kg-1,species_only_human
2979756,CHEMBL1043581,CHEMBL1294,CL,mL.min-1.kg-1,=,4.0,CHEMBL372,Homo sapiens,Total clearance in human,A,C=C[C@H]1CN2CC[C@H]1C[C@@H]2[C@@H](O)c1ccnc2ccc(OC)cc12,4.0,mL.min-1.kg-1,species_only_human
2979757,CHEMBL1043581,CHEMBL1219,CL,mL.min-1.kg-1,=,4.0,CHEMBL372,Homo sapiens,Total clearance in human,A,COCCCOc1ccnc(C[S+]([O-])c2nc3ccccc3[nH]2)c1C,4.0,mL.min-1.kg-1,species_only_human
2979758,CHEMBL1043582,CHEMBL1219,CL,mL.min-1.kg-1,=,4.0,CHEMBL372,Homo sapiens,Hepatic clearance in human,A,COCCCOc1ccnc(C[S+]([O-])c2nc3ccccc3[nH]2)c1C,4.0,mL.min-1.kg-1,species_only_human
2979760,CHEMBL1043581,CHEMBL76,CL,mL.min-1.kg-1,=,4.1,CHEMBL372,Homo sapiens,Total clearance in human,A,CCN(CC)CCCC(C)Nc1ccnc2cc(Cl)ccc12,4.1,mL.min-1.kg-1,species_only_human
2979765,CHEMBL1043582,CHEMBL1098,CL,mL.min-1.kg-1,=,4.2,CHEMBL372,Homo sapiens,Hepatic clearance in human,A,CCCCN1CCCCC1C(=O)Nc1c(C)cccc1C,4.2,mL.min-1.kg-1,species_only_human
2979767,CHEMBL1043582,CHEMBL1460,CL,mL.min-1.kg-1,=,4.2,CHEMBL372,Homo sapiens,Hepatic clearance in human,A,O=c1[nH]cnc2c1ncn2[C@H]1CC[C@@H](CO)O1,4.2,mL.min-1.kg-1,species_only_human
2979770,CHEMBL1043582,CHEMBL188921,CL,mL.min-1.kg-1,=,4.3,CHEMBL372,Homo sapiens,Hepatic clearance in human,A,COc1cc(OC)c(C(=O)CCCN2CCCC2)c(OC)c1,4.3,mL.min-1.kg-1,species_only_human
2979771,CHEMBL1043581,CHEMBL1098,CL,mL.min-1.kg-1,=,4.3,CHEMBL372,Homo sapiens,Total clearance in human,A,CCCCN1CCCCC1C(=O)Nc1c(C)cccc1C,4.3,mL.min-1.kg-1,species_only_human
2979772,CHEMBL1043581,CHEMBL549,CL,mL.min-1.kg-1,=,4.3,CHEMBL372,Homo sapiens,Total clearance in human,A,CN(C)CCCC1(c2ccc(F)cc2)OCc2cc(C#N)ccc21,4.3,mL.min-1.kg-1,species_only_human
2979774,CHEMBL1043582,CHEMBL275528,CL,mL.min-1.kg-1,=,4.3,CHEMBL372,Homo sapiens,Hepatic clearance in human,A,c1ccc(C2(N3CCCCC3)CCCCC2)cc1,4.3,mL.min-1.kg-1,species_only_human
2979775,CHEMBL1043581,CHEMBL911,CL,mL.min-1.kg-1,=,4.3,CHEMBL372,Homo sapiens,Total clearance in human,A,Cc1ccc(-c2nc3ccc(C)cn3c2CC(=O)N(C)C)cc1,4.3,mL.min-1.kg-1,species_only_human
2979776,CHEMBL1043582,CHEMBL911,CL,mL.min-1.kg-1,=,4.3,CHEMBL372,Homo sapiens,Hepatic clearance in human,A,Cc1ccc(-c2nc3ccc(C)cn3c2CC(=O)N(C)C)cc1,4.3,mL.min-1.kg-1,species_only_human
2979778,CHEMBL1043582,CHEMBL87045,CL,mL.min-1.kg-1,=,4.4,CHEMBL372,Homo sapiens,Hepatic clearance in human,A,c1ccc(C2(c3ccccc3)CC2C2=NCCN2)cc1,4.4,mL.min-1.kg-1,species_only_human
2979779,CHEMBL1043581,CHEMBL480,CL,mL.min-1.kg-1,=,4.4,CHEMBL372,Homo sapiens,Total clearance in human,A,Cc1c(OCC(F)(F)F)ccnc1C[S+]([O-])c1nc2ccccc2[nH]1,4.4,mL.min-1.kg-1,species_only_human
2979780,CHEMBL1043582,CHEMBL480,CL,mL.min-1.kg-1,=,4.4,CHEMBL372,Homo sapiens,Hepatic clearance in human,A,Cc1c(OCC(F)(F)F)ccnc1C[S+]([O-])c1nc2ccccc2[nH]1,4.4,mL.min-1.kg-1,species_only_human
2979784,CHEMBL1043581,CHEMBL1753,CL,mL.min-1.kg-1,=,4.5,CHEMBL372,Homo sapiens,Total clearance in human,A,CCC[C@@H]1C[C@@H](C(=O)N[C@@H]([C@H]2O[C@H](SC)[C@H](O)[C@@H](O)[C@H]2O)[C@H](C)Cl)N(C)C1,4.5,mL.min-1.kg-1,species_only_human
2979785,CHEMBL1043582,CHEMBL1679,CL,mL.min-1.kg-1,=,4.5,CHEMBL372,Homo sapiens,Hepatic clearance in human,A,Nc1nc(=O)c2c([nH]1)NCC(CNc1ccc(C(=O)N[C@@H](CCC(=O)O)C(=O)O)cc1)N2C=O,4.5,mL.min-1.kg-1,species_only_human
2979787,CHEMBL1043582,CHEMBL2,CL,mL.min-1.kg-1,=,4.5,CHEMBL372,Homo sapiens,Hepatic clearance in human,A,COc1cc2nc(N3CCN(C(=O)c4ccco4)CC3)nc(N)c2cc1OC,4.5,mL.min-1.kg-1,species_only_human
2979789,CHEMBL1043581,CHEMBL551786,CL,mL.min-1.kg-1,=,4.5,CHEMBL372,Homo sapiens,Total clearance in human,A,Cc1cccc(C)c1NC(=O)NCCCNC(C)C,4.5,mL.min-1.kg-1,species_only_human
2979791,CHEMBL1043582,CHEMBL1185,CL,mL.min-1.kg-1,=,4.5,CHEMBL372,Homo sapiens,Hepatic clearance in human,A,CN(C)CCc1c[nH]c2ccc(C[C@H]3COC(=O)N3)cc12,4.5,mL.min-1.kg-1,species_only_human
2979792,CHEMBL1043581,CHEMBL182,CL,mL.min-1.kg-1,=,4.6,CHEMBL372,Homo sapiens,Total clearance in human,A,Nc1nc2c(ncn2COC(CO)CO)c(=O)[nH]1,4.6,mL.min-1.kg-1,species_only_human
2979793,CHEMBL1043582,CHEMBL86,CL,mL.min-1.kg-1,=,4.6,CHEMBL372,Homo sapiens,Hepatic clearance in human,A,CCN(CC)CCNC(=O)c1cc(Cl)c(N)cc1OC,4.6,mL.min-1.kg-1,species_only_human
2979794,CHEMBL1043581,CHEMBL184,CL,mL.min-1.kg-1,=,4.7,CHEMBL372,Homo sapiens,Total clearance in human,A,Nc1nc2c(ncn2COCCO)c(=O)[nH]1,4.7,mL.min-1.kg-1,species_only_human
2979795,CHEMBL1043582,CHEMBL1741,CL,mL.min-1.kg-1,=,4.7,CHEMBL372,Homo sapiens,Hepatic clearance in human,A,CC[C@H]1OC(=O)[C@H](C)[C@@H](O[C@H]2C[C@@](C)(OC)[C@@H](O)[C@H](C)O2)[C@H](C)[C@@H](O[C@@H]2O[C@H](C)C[C@H](N(C)C)[C@H]2O)[C@](C)(OC)C[C@@H](C)C(=O)[C@H](C)[C@@H](O)[C@]1(C)O,4.7,mL.min-1.kg-1,species_only_human
2979796,CHEMBL1043581,CHEMBL278255,CL,mL.min-1.kg-1,=,4.7,CHEMBL372,Homo sapiens,Total clearance in human,A,NC1CCN(c2c(F)cc3c(=O)c(C(=O)O)cn(C4CC4)c3c2Cl)C1,4.7,mL.min-1.kg-1,species_only_human
2979797,CHEMBL1043581,CHEMBL2,CL,mL.min-1.kg-1,=,4.7,CHEMBL372,Homo sapiens,Total clearance in human,A,COc1cc2nc(N3CCN(C(=O)c4ccco4)CC3)nc(N)c2cc1OC,4.7,mL.min-1.kg-1,species_only_human
2979799,CHEMBL1043581,CHEMBL660,CL,mL.min-1.kg-1,=,4.8,CHEMBL372,Homo sapiens,Total clearance in human,A,NC12CC3CC(CC(C3)C1)C2,4.8,mL.min-1.kg-1,species_only_human
2979801,CHEMBL1043581,CHEMBL1752,CL,mL.min-1.kg-1,=,4.8,CHEMBL372,Homo sapiens,Total clearance in human,A,Cn1c(=O)c2c(ncn2CC(O)CO)n(C)c1=O,4.8,mL.min-1.kg-1,species_only_human
2979802,CHEMBL1043581,CHEMBL141,CL,mL.min-1.kg-1,=,4.8,CHEMBL372,Homo sapiens,Total clearance in human,A,Nc1ccn([C@@H]2CS[C@H](CO)O2)c(=O)n1,4.8,mL.min-1.kg-1,species_only_human
2979803,CHEMBL1043581,CHEMBL674,CL,mL.min-1.kg-1,=,4.8,CHEMBL372,Homo sapiens,Total clearance in human,A,CCC(CC)O[C@@H]1C=C(C(=O)O)C[C@H](N)[C@H]1NC(C)=O,4.8,mL.min-1.kg-1,species_only_human
2979805,CHEMBL1043582,CHEMBL112,CL,mL.min-1.kg-1,=,4.9,CHEMBL372,Homo sapiens,Hepatic clearance in human,A,CC(=O)Nc1ccc(O)cc1,4.9,mL.min-1.kg-1,species_only_human
2979806,CHEMBL1043581,CHEMBL652,CL,mL.min-1.kg-1,=,4.9,CHEMBL372,Homo sapiens,Total clearance in human,A,O=C(NCC1CCCCN1)c1cc(OCC(F)(F)F)ccc1OCC(F)(F)F,4.9,mL.min-1.kg-1,species_only_human
2979807,CHEMBL1043581,CHEMBL152067,CL,mL.min-1.kg-1,=,4.9,CHEMBL372,Homo sapiens,Total clearance in human,A,CC(C)(C)NCC(O)COc1ccc(NC(=O)NC2CCCCC2)cc1,4.9,mL.min-1.kg-1,species_only_human
2979808,CHEMBL1043581,CHEMBL112,CL,mL.min-1.kg-1,=,5.0,CHEMBL372,Homo sapiens,Total clearance in human,A,CC(=O)Nc1ccc(O)cc1,5.0,mL.min-1.kg-1,species_only_human
2979809,CHEMBL1043582,CHEMBL1754,CL,mL.min-1.kg-1,=,5.0,CHEMBL372,Homo sapiens,Hepatic clearance in human,A,CCN1CC(CCN2CCOCC2)C(c2ccccc2)(c2ccccc2)C1=O,5.0,mL.min-1.kg-1,species_only_human
2979812,CHEMBL1043582,CHEMBL708,CL,mL.min-1.kg-1,=,5.0,CHEMBL372,Homo sapiens,Hepatic clearance in human,A,O=C1Cc2cc(CCN3CCN(c4nsc5ccccc45)CC3)c(Cl)cc2N1,5.0,mL.min-1.kg-1,species_only_human
2979813,CHEMBL1043581,CHEMBL64391,CL,mL.min-1.kg-1,=,5.1,CHEMBL372,Homo sapiens,Total clearance in human,A,CCC(C)n1ncn(-c2ccc(N3CCN(c4ccc(OCC5COC(Cn6cncn6)(c6ccc(Cl)cc6Cl)O5)cc4)CC3)cc2)c1=O,5.1,mL.min-1.kg-1,species_only_human
2979814,CHEMBL1043582,CHEMBL64391,CL,mL.min-1.kg-1,=,5.1,CHEMBL372,Homo sapiens,Hepatic clearance in human,A,CCC(C)n1ncn(-c2ccc(N3CCN(c4ccc(OCC5COC(Cn6cncn6)(c6ccc(Cl)cc6Cl)O5)cc4)CC3)cc2)c1=O,5.1,mL.min-1.kg-1,species_only_human
2979815,CHEMBL1043581,CHEMBL275528,CL,mL.min-1.kg-1,=,5.1,CHEMBL372,Homo sapiens,Total clearance in human,A,c1ccc(C2(N3CCCCC3)CCCCC2)cc1,5.1,mL.min-1.kg-1,species_only_human
2979816,CHEMBL1043582,CHEMBL615,CL,mL.min-1.kg-1,=,5.1,CHEMBL372,Homo sapiens,Hepatic clearance in human,A,CC1(C)S[C@@H]2[C@H](NC(=O)COc3ccccc3)C(=O)N2[C@H]1C(=O)O,5.1,mL.min-1.kg-1,species_only_human
2979817,CHEMBL1043581,CHEMBL708,CL,mL.min-1.kg-1,=,5.1,CHEMBL372,Homo sapiens,Total clearance in human,A,O=C1Cc2cc(CCN3CCN(c4nsc5ccccc45)CC3)c(Cl)cc2N1,5.1,mL.min-1.kg-1,species_only_human
2979819,CHEMBL1043581,CHEMBL473,CL,mL.min-1.kg-1,=,5.2,CHEMBL372,Homo sapiens,Total clearance in human,A,CN(CCOc1ccc(NS(C)(=O)=O)cc1)CCc1ccc(NS(C)(=O)=O)cc1,5.2,mL.min-1.kg-1,species_only_human
2979820,CHEMBL1043582,CHEMBL85,CL,mL.min-1.kg-1,=,5.2,CHEMBL372,Homo sapiens,Hepatic clearance in human,A,Cc1nc2n(c(=O)c1CCN1CCC(c3noc4cc(F)ccc34)CC1)CCCC2,5.2,mL.min-1.kg-1,species_only_human
2979822,CHEMBL1043581,CHEMBL1754,CL,mL.min-1.kg-1,=,5.3,CHEMBL372,Homo sapiens,Total clearance in human,A,CCN1CC(CCN2CCOCC2)C(c2ccccc2)(c2ccccc2)C1=O,5.3,mL.min-1.kg-1,species_only_human
2979823,CHEMBL1043582,CHEMBL953,CL,mL.min-1.kg-1,=,5.3,CHEMBL372,Homo sapiens,Hepatic clearance in human,A,CCN(CC)C(=O)/C(C#N)=C/c1cc(O)c(O)c([N+](=O)[O-])c1,5.3,mL.min-1.kg-1,species_only_human
2979824,CHEMBL1043582,CHEMBL532,CL,mL.min-1.kg-1,=,5.3,CHEMBL372,Homo sapiens,Hepatic clearance in human,A,CC[C@H]1OC(=O)[C@H](C)[C@@H](O[C@H]2C[C@@](C)(OC)[C@@H](O)[C@H](C)O2)[C@H](C)[C@@H](O[C@@H]2O[C@H](C)C[C@H](N(C)C)[C@H]2O)[C@](C)(O)C[C@@H](C)C(=O)[C@H](C)[C@@H](O)[C@]1(C)O,5.3,mL.min-1.kg-1,species_only_human
2979825,CHEMBL1043581,CHEMBL1679,CL,mL.min-1.kg-1,=,5.3,CHEMBL372,Homo sapiens,Total clearance in human,A,Nc1nc(=O)c2c([nH]1)NCC(CNc1ccc(C(=O)N[C@@H](CCC(=O)O)C(=O)O)cc1)N2C=O,5.3,mL.min-1.kg-1,species_only_human
2979826,CHEMBL1043581,CHEMBL655,CL,mL.min-1.kg-1,=,5.3,CHEMBL372,Homo sapiens,Total clearance in human,A,Cc1ncc2n1-c1ccc(Cl)cc1C(c1ccccc1F)=NC2,5.3,mL.min-1.kg-1,species_only_human
2979827,CHEMBL1043582,CHEMBL655,CL,mL.min-1.kg-1,=,5.3,CHEMBL372,Homo sapiens,Hepatic clearance in human,A,Cc1ncc2n1-c1ccc(Cl)cc1C(c1ccccc1F)=NC2,5.3,mL.min-1.kg-1,species_only_human
2979831,CHEMBL1043581,CHEMBL85,CL,mL.min-1.kg-1,=,5.4,CHEMBL372,Homo sapiens,Total clearance in human,A,Cc1nc2n(c(=O)c1CCN1CCC(c3noc4cc(F)ccc34)CC1)CCCC2,5.4,mL.min-1.kg-1,species_only_human
2979832,CHEMBL1043582,CHEMBL46,CL,mL.min-1.kg-1,=,5.5,CHEMBL372,Homo sapiens,Hepatic clearance in human,A,Cc1nccn1CC1CCc2c(c3ccccc3n2C)C1=O,5.5,mL.min-1.kg-1,species_only_human
2979833,CHEMBL1043582,CHEMBL94,CL,mL.min-1.kg-1,=,5.5,CHEMBL372,Homo sapiens,Hepatic clearance in human,A,CNC(=O)Oc1ccc2c(c1)[C@]1(C)CCN(C)[C@@H]1N2C,5.5,mL.min-1.kg-1,species_only_human
2979834,CHEMBL1043582,CHEMBL640,CL,mL.min-1.kg-1,=,5.5,CHEMBL372,Homo sapiens,Hepatic clearance in human,A,CCN(CC)CCNC(=O)c1ccc(N)cc1,5.5,mL.min-1.kg-1,species_only_human
2979835,CHEMBL1043582,CHEMBL1237044,CL,mL.min-1.kg-1,=,5.5,CHEMBL372,Homo sapiens,Hepatic clearance in human,A,COc1cccc(C2(O)CCCCC2CN(C)C)c1,5.5,mL.min-1.kg-1,species_only_human
2979837,CHEMBL1043581,CHEMBL188921,CL,mL.min-1.kg-1,=,5.6,CHEMBL372,Homo sapiens,Total clearance in human,A,COc1cc(OC)c(C(=O)CCCN2CCCC2)c(OC)c1,5.6,mL.min-1.kg-1,species_only_human
2979838,CHEMBL1043581,CHEMBL532,CL,mL.min-1.kg-1,=,5.6,CHEMBL372,Homo sapiens,Total clearance in human,A,CC[C@H]1OC(=O)[C@H](C)[C@@H](O[C@H]2C[C@@](C)(OC)[C@@H](O)[C@H](C)O2)[C@H](C)[C@@H](O[C@@H]2O[C@H](C)C[C@H](N(C)C)[C@H]2O)[C@](C)(O)C[C@@H](C)C(=O)[C@H](C)[C@@H](O)[C@]1(C)O,5.6,mL.min-1.kg-1,species_only_human
2979839,CHEMBL1043581,CHEMBL853,CL,mL.min-1.kg-1,=,5.6,CHEMBL372,Homo sapiens,Total clearance in human,A,Nc1ccn([C@H]2CC[C@@H](CO)O2)c(=O)n1,5.6,mL.min-1.kg-1,species_only_human
2979841,CHEMBL1043581,CHEMBL86,CL,mL.min-1.kg-1,=,5.7,CHEMBL372,Homo sapiens,Total clearance in human,A,CCN(CC)CCNC(=O)c1cc(Cl)c(N)cc1OC,5.7,mL.min-1.kg-1,species_only_human
2979842,CHEMBL1043581,CHEMBL46,CL,mL.min-1.kg-1,=,5.8,CHEMBL372,Homo sapiens,Total clearance in human,A,Cc1nccn1CC1CCc2c(c3ccccc3n2C)C1=O,5.8,mL.min-1.kg-1,species_only_human
2979844,CHEMBL1043581,CHEMBL862,CL,mL.min-1.kg-1,=,5.9,CHEMBL372,Homo sapiens,Total clearance in human,A,N=C(N)NC(=O)Cc1c(Cl)cccc1Cl,5.9,mL.min-1.kg-1,species_only_human
2979845,CHEMBL1043582,CHEMBL1764,CL,mL.min-1.kg-1,=,5.9,CHEMBL372,Homo sapiens,Hepatic clearance in human,A,COc1ccc2c(c1)N(C[C@H](C)CN(C)C)c1ccccc1S2,5.9,mL.min-1.kg-1,species_only_human
2979846,CHEMBL1043582,CHEMBL629,CL,mL.min-1.kg-1,=,6.0,CHEMBL372,Homo sapiens,Hepatic clearance in human,A,CN(C)CCC=C1c2ccccc2CCc2ccccc21,6.0,mL.min-1.kg-1,species_only_human
2979847,CHEMBL1043581,CHEMBL1422,CL,mL.min-1.kg-1,=,6.0,CHEMBL372,Homo sapiens,Total clearance in human,A,N[C@@H](CC(=O)N1CCn2c(nnc2C(F)(F)F)C1)Cc1cc(F)c(F)cc1F,6.0,mL.min-1.kg-1,species_only_human
2979849,CHEMBL1043581,CHEMBL629,CL,mL.min-1.kg-1,=,6.1,CHEMBL372,Homo sapiens,Total clearance in human,A,CN(C)CCC=C1c2ccccc2CCc2ccccc21,6.1,mL.min-1.kg-1,species_only_human
2979851,CHEMBL1043581,CHEMBL328250,CL,mL.min-1.kg-1,=,6.2,CHEMBL372,Homo sapiens,Total clearance in human,A,CN(C)Cc1nnc2n1-c1ccc(Cl)cc1C(c1ccccc1)=NC2,6.2,mL.min-1.kg-1,species_only_human
2979852,CHEMBL1043581,CHEMBL189,CL,mL.min-1.kg-1,=,6.2,CHEMBL372,Homo sapiens,Total clearance in human,A,Cc1[nH]c(=O)c(C#N)cc1-c1ccncc1,6.2,mL.min-1.kg-1,species_only_human
2979853,CHEMBL1043582,CHEMBL1491,CL,mL.min-1.kg-1,=,6.3,CHEMBL372,Homo sapiens,Hepatic clearance in human,A,CCOC(=O)C1=C(COCCN)NC(C)=C(C(=O)OC)C1c1ccccc1Cl,6.3,mL.min-1.kg-1,species_only_human
2979858,CHEMBL1043582,CHEMBL503,CL,mL.min-1.kg-1,=,6.5,CHEMBL372,Homo sapiens,Hepatic clearance in human,A,CC[C@H](C)C(=O)O[C@H]1C[C@@H](C)C=C2C=C[C@H](C)[C@H](CC[C@@H]3C[C@@H](O)CC(=O)O3)[C@H]21,6.5,mL.min-1.kg-1,species_only_human
2979859,CHEMBL1043581,CHEMBL1237044,CL,mL.min-1.kg-1,=,6.5,CHEMBL372,Homo sapiens,Total clearance in human,A,COc1cccc(C2(O)CCCCC2CN(C)C)c1,6.5,mL.min-1.kg-1,species_only_human
2979860,CHEMBL1043581,CHEMBL290194,CL,mL.min-1.kg-1,=,6.6,CHEMBL372,Homo sapiens,Total clearance in human,A,C=CCN1CCCC1CNC(=O)c1cc2nn[nH]c2cc1OC,6.6,mL.min-1.kg-1,species_only_human
2979861,CHEMBL1043582,CHEMBL51,CL,mL.min-1.kg-1,=,6.6,CHEMBL372,Homo sapiens,Hepatic clearance in human,A,O=C(c1ccc(F)cc1)C1CCN(CCn2c(=O)[nH]c3ccccc3c2=O)CC1,6.6,mL.min-1.kg-1,species_only_human
2979862,CHEMBL1043581,CHEMBL1278,CL,mL.min-1.kg-1,=,6.6,CHEMBL372,Homo sapiens,Total clearance in human,A,CNS(=O)(=O)CCc1ccc2[nH]cc(C3CCN(C)CC3)c2c1,6.6,mL.min-1.kg-1,species_only_human
2979865,CHEMBL1043582,CHEMBL1130,CL,mL.min-1.kg-1,=,6.7,CHEMBL372,Homo sapiens,Hepatic clearance in human,A,C[C@H]1O[C@@H](n2cc(F)c(=O)[nH]c2=O)[C@H](O)[C@@H]1O,6.7,mL.min-1.kg-1,species_only_human
2979866,CHEMBL1043581,CHEMBL51,CL,mL.min-1.kg-1,=,6.7,CHEMBL372,Homo sapiens,Total clearance in human,A,O=C(c1ccc(F)cc1)C1CCN(CCn2c(=O)[nH]c3ccccc3c2=O)CC1,6.7,mL.min-1.kg-1,species_only_human
2979868,CHEMBL1043581,CHEMBL1185,CL,mL.min-1.kg-1,=,6.7,CHEMBL372,Homo sapiens,Total clearance in human,A,CN(C)CCc1c[nH]c2ccc(C[C@H]3COC(=O)N3)cc12,6.7,mL.min-1.kg-1,species_only_human
2979870,CHEMBL1043581,CHEMBL615,CL,mL.min-1.kg-1,=,6.8,CHEMBL372,Homo sapiens,Total clearance in human,A,CC1(C)S[C@@H]2[C@H](NC(=O)COc3ccccc3)C(=O)N2[C@H]1C(=O)O,6.8,mL.min-1.kg-1,species_only_human
2979873,CHEMBL1043581,CHEMBL1491,CL,mL.min-1.kg-1,=,7.0,CHEMBL372,Homo sapiens,Total clearance in human,A,CCOC(=O)C1=C(COCCN)NC(C)=C(C(=O)OC)C1c1ccccc1Cl,7.0,mL.min-1.kg-1,species_only_human
2979874,CHEMBL1043582,CHEMBL623,CL,mL.min-1.kg-1,=,7.1,CHEMBL372,Homo sapiens,Hepatic clearance in human,A,CCc1nn(CCCN2CCN(c3cccc(Cl)c3)CC2)c(=O)n1CCOc1ccccc1,7.1,mL.min-1.kg-1,species_only_human
2979875,CHEMBL1043582,CHEMBL499,CL,mL.min-1.kg-1,=,7.1,CHEMBL372,Homo sapiens,Hepatic clearance in human,A,CC(C)(C)NC[C@H](O)COc1nsnc1N1CCOCC1,7.1,mL.min-1.kg-1,species_only_human
2979876,CHEMBL1043581,CHEMBL503,CL,mL.min-1.kg-1,=,7.2,CHEMBL372,Homo sapiens,Total clearance in human,A,CC[C@H](C)C(=O)O[C@H]1C[C@@H](C)C=C2C=C[C@H](C)[C@H](CC[C@@H]3C[C@@H](O)CC(=O)O3)[C@H]21,7.2,mL.min-1.kg-1,species_only_human
2979878,CHEMBL1043582,CHEMBL642,CL,mL.min-1.kg-1,=,7.3,CHEMBL372,Homo sapiens,Hepatic clearance in human,A,CCCC(=O)Nc1ccc(OCC(O)CNC(C)C)c(C(C)=O)c1,7.3,mL.min-1.kg-1,species_only_human
2979879,CHEMBL1043581,CHEMBL1741,CL,mL.min-1.kg-1,=,7.3,CHEMBL372,Homo sapiens,Total clearance in human,A,CC[C@H]1OC(=O)[C@H](C)[C@@H](O[C@H]2C[C@@](C)(OC)[C@@H](O)[C@H](C)O2)[C@H](C)[C@@H](O[C@@H]2O[C@H](C)C[C@H](N(C)C)[C@H]2O)[C@](C)(OC)C[C@@H](C)C(=O)[C@H](C)[C@@H](O)[C@]1(C)O,7.3,mL.min-1.kg-1,species_only_human
2979880,CHEMBL1043582,CHEMBL191,CL,mL.min-1.kg-1,=,7.3,CHEMBL372,Homo sapiens,Hepatic clearance in human,A,CCCCc1nc(Cl)c(CO)n1Cc1ccc(-c2ccccc2-c2nnn[nH]2)cc1,7.3,mL.min-1.kg-1,species_only_human
2979881,CHEMBL1043581,CHEMBL193,CL,mL.min-1.kg-1,=,7.3,CHEMBL372,Homo sapiens,Total clearance in human,A,COC(=O)C1=C(C)NC(C)=C(C(=O)OC)C1c1ccccc1[N+](=O)[O-],7.3,mL.min-1.kg-1,species_only_human
2979882,CHEMBL1043582,CHEMBL193,CL,mL.min-1.kg-1,=,7.3,CHEMBL372,Homo sapiens,Hepatic clearance in human,A,COC(=O)C1=C(C)NC(C)=C(C(=O)OC)C1c1ccccc1[N+](=O)[O-],7.3,mL.min-1.kg-1,species_only_human
2979883,CHEMBL1043582,CHEMBL160,CL,mL.min-1.kg-1,=,7.4,CHEMBL372,Homo sapiens,Hepatic clearance in human,A,C/C=C/C[C@@H](C)[C@@H](O)[C@H]1C(=O)N[C@@H](CC)C(=O)N(C)CC(=O)N(C)[C@@H](CC(C)C)C(=O)N[C@@H](C(C)C)C(=O)N(C)[C@@H](CC(C)C)C(=O)N[C@@H](C)C(=O)N[C@H](C)C(=O)N(C)[C@@H](CC(C)C)C(=O)N(C)[C@@H](CC(C)C)C(=O)N(C)[C@@H](C(C)C)C(=O)N1C,7.4,mL.min-1.kg-1,species_only_human
2979884,CHEMBL1043581,CHEMBL1431,CL,mL.min-1.kg-1,=,7.4,CHEMBL372,Homo sapiens,Total clearance in human,A,CN(C)C(=N)NC(=N)N,7.4,mL.min-1.kg-1,species_only_human
2979889,CHEMBL1043581,CHEMBL160,CL,mL.min-1.kg-1,=,7.5,CHEMBL372,Homo sapiens,Total clearance in human,A,C/C=C/C[C@@H](C)[C@@H](O)[C@H]1C(=O)N[C@@H](CC)C(=O)N(C)CC(=O)N(C)[C@@H](CC(C)C)C(=O)N[C@@H](C(C)C)C(=O)N(C)[C@@H](CC(C)C)C(=O)N[C@@H](C)C(=O)N[C@H](C)C(=O)N(C)[C@@H](CC(C)C)C(=O)N(C)[C@@H](CC(C)C)C(=O)N(C)[C@@H](C(C)C)C(=O)N1C,7.5,mL.min-1.kg-1,species_only_human
2979891,CHEMBL1043581,CHEMBL623,CL,mL.min-1.kg-1,=,7.5,CHEMBL372,Homo sapiens,Total clearance in human,A,CCc1nn(CCCN2CCN(c3cccc(Cl)c3)CC2)c(=O)n1CCOc1ccccc1,7.5,mL.min-1.kg-1,species_only_human
2979892,CHEMBL1043581,CHEMBL517712,CL,mL.min-1.kg-1,=,7.6,CHEMBL372,Homo sapiens,Total clearance in human,A,CN1[C@@H]2CC[C@H]1C[C@@H](OC(=O)C(CO)c1ccccc1)C2,7.6,mL.min-1.kg-1,species_only_human
2979893,CHEMBL1043582,CHEMBL723,CL,mL.min-1.kg-1,=,7.7,CHEMBL372,Homo sapiens,Hepatic clearance in human,A,COc1ccccc1OCCNCC(O)COc1cccc2[nH]c3ccccc3c12,7.7,mL.min-1.kg-1,species_only_human
2979894,CHEMBL1043582,CHEMBL54,CL,mL.min-1.kg-1,=,7.7,CHEMBL372,Homo sapiens,Hepatic clearance in human,A,O=C(CCCN1CCC(O)(c2ccc(Cl)cc2)CC1)c1ccc(F)cc1,7.7,mL.min-1.kg-1,species_only_human
2979895,CHEMBL1043582,CHEMBL654,CL,mL.min-1.kg-1,=,7.7,CHEMBL372,Homo sapiens,Hepatic clearance in human,A,CN1CCN2c3ncccc3Cc3ccccc3C2C1,7.7,mL.min-1.kg-1,species_only_human
2979896,CHEMBL1043581,CHEMBL500,CL,mL.min-1.kg-1,=,7.7,CHEMBL372,Homo sapiens,Total clearance in human,A,CC(C)NCC(O)COc1cccc2[nH]ccc12,7.7,mL.min-1.kg-1,species_only_human
2979897,CHEMBL1043582,CHEMBL1144,CL,mL.min-1.kg-1,=,7.7,CHEMBL372,Homo sapiens,Hepatic clearance in human,A,CC[C@H](C)C(=O)O[C@H]1C[C@H](O)C=C2C=C[C@H](C)[C@H](CC[C@@H](O)C[C@@H](O)CC(=O)O)[C@H]21,7.7,mL.min-1.kg-1,species_only_human
2979898,CHEMBL1043582,CHEMBL1272,CL,mL.min-1.kg-1,=,7.7,CHEMBL372,Homo sapiens,Hepatic clearance in human,A,CCOc1cc(CC(=O)N[C@@H](CC(C)C)c2ccccc2N2CCCCC2)ccc1C(=O)O,7.7,mL.min-1.kg-1,species_only_human
2979899,CHEMBL1043582,CHEMBL1496,CL,mL.min-1.kg-1,=,7.7,CHEMBL372,Homo sapiens,Hepatic clearance in human,A,CC(C)c1nc(N(C)S(C)(=O)=O)nc(-c2ccc(F)cc2)c1/C=C/[C@@H](O)C[C@@H](O)CC(=O)O,7.7,mL.min-1.kg-1,species_only_human
2979900,CHEMBL1043581,CHEMBL243712,CL,mL.min-1.kg-1,=,7.8,CHEMBL372,Homo sapiens,Total clearance in human,A,CCN1CCCC1CNC(=O)c1cc(S(=O)(=O)CC)c(N)cc1OC,7.8,mL.min-1.kg-1,species_only_human
2979901,CHEMBL1043581,CHEMBL723,CL,mL.min-1.kg-1,=,7.8,CHEMBL372,Homo sapiens,Total clearance in human,A,COc1ccccc1OCCNCC(O)COc1cccc2[nH]c3ccccc3c12,7.8,mL.min-1.kg-1,species_only_human
2979902,CHEMBL1043581,CHEMBL54,CL,mL.min-1.kg-1,=,7.8,CHEMBL372,Homo sapiens,Total clearance in human,A,O=C(CCCN1CCC(O)(c2ccc(Cl)cc2)CC1)c1ccc(F)cc1,7.8,mL.min-1.kg-1,species_only_human
2979903,CHEMBL1043581,CHEMBL1272,CL,mL.min-1.kg-1,=,7.8,CHEMBL372,Homo sapiens,Total clearance in human,A,CCOc1cc(CC(=O)N[C@@H](CC(C)C)c2ccccc2N2CCCCC2)ccc1C(=O)O,7.8,mL.min-1.kg-1,species_only_human
2979904,CHEMBL1043581,CHEMBL714,CL,mL.min-1.kg-1,=,7.8,CHEMBL372,Homo sapiens,Total clearance in human,A,CC(C)(C)NCC(O)c1ccc(O)c(CO)c1,7.8,mL.min-1.kg-1,species_only_human
2979906,CHEMBL1043581,CHEMBL654,CL,mL.min-1.kg-1,=,8.0,CHEMBL372,Homo sapiens,Total clearance in human,A,CN1CCN2c3ncccc3Cc3ccccc3C2C1,8.0,mL.min-1.kg-1,species_only_human
2979907,CHEMBL1043581,CHEMBL30,CL,mL.min-1.kg-1,=,8.1,CHEMBL372,Homo sapiens,Total clearance in human,A,CN/C(=N\CCSCc1nc[nH]c1C)NC#N,8.1,mL.min-1.kg-1,species_only_human
2979908,CHEMBL1043582,CHEMBL289469,CL,mL.min-1.kg-1,=,8.1,CHEMBL372,Homo sapiens,Hepatic clearance in human,A,CN1C2CCCC1CC(NC(=O)c1nn(C)c3ccccc13)C2,8.1,mL.min-1.kg-1,species_only_human
2979909,CHEMBL1043581,CHEMBL191,CL,mL.min-1.kg-1,=,8.2,CHEMBL372,Homo sapiens,Total clearance in human,A,CCCCc1nc(Cl)c(CO)n1Cc1ccc(-c2ccccc2-c2nnn[nH]2)cc1,8.2,mL.min-1.kg-1,species_only_human
2979911,CHEMBL1043581,CHEMBL8,CL,mL.min-1.kg-1,=,8.3,CHEMBL372,Homo sapiens,Total clearance in human,A,O=C(O)c1cn(C2CC2)c2cc(N3CCNCC3)c(F)cc2c1=O,8.3,mL.min-1.kg-1,species_only_human
2979912,CHEMBL1043582,CHEMBL1503,CL,mL.min-1.kg-1,=,8.3,CHEMBL372,Homo sapiens,Hepatic clearance in human,A,COc1ccc2[nH]c([S+]([O-])Cc3ncc(C)c(OC)c3C)nc2c1,8.3,mL.min-1.kg-1,species_only_human
2979913,CHEMBL1043582,CHEMBL1017,CL,mL.min-1.kg-1,=,8.3,CHEMBL372,Homo sapiens,Hepatic clearance in human,A,CCCc1nc2c(C)cc(-c3nc4ccccc4n3C)cc2n1Cc1ccc(-c2ccccc2C(=O)O)cc1,8.3,mL.min-1.kg-1,species_only_human
2979914,CHEMBL1043581,CHEMBL1503,CL,mL.min-1.kg-1,=,8.4,CHEMBL372,Homo sapiens,Total clearance in human,A,COc1ccc2[nH]c([S+]([O-])Cc3ncc(C)c(OC)c3C)nc2c1,8.4,mL.min-1.kg-1,species_only_human
2979915,CHEMBL1043581,CHEMBL1540,CL,mL.min-1.kg-1,=,8.4,CHEMBL372,Homo sapiens,Total clearance in human,A,Nc1nc(O)c2ncn(CCC(CO)CO)c2n1,8.4,mL.min-1.kg-1,species_only_human
2979916,CHEMBL1043581,CHEMBL1017,CL,mL.min-1.kg-1,=,8.4,CHEMBL372,Homo sapiens,Total clearance in human,A,CCCc1nc2c(C)cc(-c3nc4ccccc4n3C)cc2n1Cc1ccc(-c2ccccc2C(=O)O)cc1,8.4,mL.min-1.kg-1,species_only_human
2979917,CHEMBL1043581,CHEMBL1382,CL,mL.min-1.kg-1,=,8.4,CHEMBL372,Homo sapiens,Total clearance in human,A,Cc1ccc(O)c([C@H](CCN(C(C)C)C(C)C)c2ccccc2)c1,8.4,mL.min-1.kg-1,species_only_human
2979918,CHEMBL1043582,CHEMBL1382,CL,mL.min-1.kg-1,=,8.4,CHEMBL372,Homo sapiens,Hepatic clearance in human,A,Cc1ccc(O)c([C@H](CCN(C(C)C)C(C)C)c2ccccc2)c1,8.4,mL.min-1.kg-1,species_only_human
2979919,CHEMBL1043581,CHEMBL499,CL,mL.min-1.kg-1,=,8.5,CHEMBL372,Homo sapiens,Total clearance in human,A,CC(C)(C)NC[C@H](O)COc1nsnc1N1CCOCC1,8.5,mL.min-1.kg-1,species_only_human
2979920,CHEMBL1043581,CHEMBL87045,CL,mL.min-1.kg-1,=,8.6,CHEMBL372,Homo sapiens,Total clearance in human,A,c1ccc(C2(c3ccccc3)CC2C2=NCCN2)cc1,8.6,mL.min-1.kg-1,species_only_human
2979922,CHEMBL1043581,CHEMBL296035,CL,mL.min-1.kg-1,=,8.9,CHEMBL372,Homo sapiens,Total clearance in human,A,CCc1cccc2cc(C(O)CNC(C)(C)C)oc12,8.9,mL.min-1.kg-1,species_only_human
2979923,CHEMBL1043582,CHEMBL296035,CL,mL.min-1.kg-1,=,8.9,CHEMBL372,Homo sapiens,Hepatic clearance in human,A,CCc1cccc2cc(C(O)CNC(C)(C)C)oc12,8.9,mL.min-1.kg-1,species_only_human
2979924,CHEMBL1043582,CHEMBL641,CL,mL.min-1.kg-1,=,9.0,CHEMBL372,Homo sapiens,Hepatic clearance in human,A,CNCC[C@@H](Oc1ccccc1C)c1ccccc1,9.0,mL.min-1.kg-1,species_only_human
2979926,CHEMBL1043581,CHEMBL289469,CL,mL.min-1.kg-1,=,9.1,CHEMBL372,Homo sapiens,Total clearance in human,A,CN1C2CCCC1CC(NC(=O)c1nn(C)c3ccccc13)C2,9.1,mL.min-1.kg-1,species_only_human
2979927,CHEMBL1043581,CHEMBL192,CL,mL.min-1.kg-1,=,9.1,CHEMBL372,Homo sapiens,Total clearance in human,A,CCCc1nn(C)c2c(=O)[nH]c(-c3cc(S(=O)(=O)N4CCN(C)CC4)ccc3OCC)nc12,9.1,mL.min-1.kg-1,species_only_human
2979928,CHEMBL1043582,CHEMBL192,CL,mL.min-1.kg-1,=,9.1,CHEMBL372,Homo sapiens,Hepatic clearance in human,A,CCCc1nn(C)c2c(=O)[nH]c(-c3cc(S(=O)(=O)N4CCN(C)CC4)ccc3OCC)nc12,9.1,mL.min-1.kg-1,species_only_human
2979930,CHEMBL1043581,CHEMBL54126,CL,mL.min-1.kg-1,=,9.2,CHEMBL372,Homo sapiens,Total clearance in human,A,CN(C)C(=O)Oc1cccc([N+](C)(C)C)c1.[Br-],9.2,mL.min-1.kg-1,species_only_human
2979931,CHEMBL1043582,CHEMBL1467,CL,mL.min-1.kg-1,=,9.3,CHEMBL372,Homo sapiens,Hepatic clearance in human,A,Oc1ncnc2[nH]ncc12,9.3,mL.min-1.kg-1,species_only_human
2979932,CHEMBL1043581,CHEMBL641,CL,mL.min-1.kg-1,=,9.3,CHEMBL372,Homo sapiens,Total clearance in human,A,CNCC[C@@H](Oc1ccccc1C)c1ccccc1,9.3,mL.min-1.kg-1,species_only_human
2979935,CHEMBL1043581,CHEMBL219916,CL,mL.min-1.kg-1,=,9.5,CHEMBL372,Homo sapiens,Total clearance in human,A,O=c1[nH]c2ccccc2n1CCCN1CCC(n2c(=O)[nH]c3cc(Cl)ccc32)CC1,9.5,mL.min-1.kg-1,species_only_human
2979936,CHEMBL1043582,CHEMBL219916,CL,mL.min-1.kg-1,=,9.5,CHEMBL372,Homo sapiens,Hepatic clearance in human,A,O=c1[nH]c2ccccc2n1CCCN1CCC(n2c(=O)[nH]c3cc(Cl)ccc32)CC1,9.5,mL.min-1.kg-1,species_only_human
2979937,CHEMBL1043582,CHEMBL273575,CL,mL.min-1.kg-1,=,9.5,CHEMBL372,Homo sapiens,Hepatic clearance in human,A,CN1Cc2c(N)cccc2C(c2ccccc2)C1,9.5,mL.min-1.kg-1,species_only_human
2979938,CHEMBL1043582,CHEMBL529,CL,mL.min-1.kg-1,=,9.6,CHEMBL372,Homo sapiens,Hepatic clearance in human,A,CC[C@H]1OC(=O)[C@H](C)[C@@H](O[C@H]2C[C@@](C)(OC)[C@@H](O)[C@H](C)O2)[C@H](C)[C@@H](O[C@@H]2O[C@H](C)C[C@H](N(C)C)[C@H]2O)[C@](C)(O)C[C@@H](C)CN(C)[C@H](C)[C@@H](O)[C@]1(C)O,9.6,mL.min-1.kg-1,species_only_human
2979939,CHEMBL1043581,CHEMBL1115,CL,mL.min-1.kg-1,=,9.6,CHEMBL372,Homo sapiens,Total clearance in human,A,CN(C)C(=O)Oc1ccc[n+](C)c1,9.6,mL.min-1.kg-1,species_only_human
2979940,CHEMBL1043581,CHEMBL1790041,CL,mL.min-1.kg-1,=,9.6,CHEMBL372,Homo sapiens,Total clearance in human,A,CNC(=C[N+](=O)[O-])NCCSCc1ccc(CN(C)C)o1,9.6,mL.min-1.kg-1,species_only_human
2979941,CHEMBL1043581,CHEMBL1763,CL,mL.min-1.kg-1,=,9.7,CHEMBL372,Homo sapiens,Total clearance in human,A,NS(=O)(=O)c1cc2c(cc1C(F)(F)F)NCNS2(=O)=O,9.7,mL.min-1.kg-1,species_only_human
2979942,CHEMBL1043581,CHEMBL3183075,CL,mL.min-1.kg-1,=,9.8,CHEMBL372,Homo sapiens,Total clearance in human,A,CNC(=C[N+](=O)[O-])NCCSCc1csc(CN(C)C)n1,9.8,mL.min-1.kg-1,species_only_human
2979943,CHEMBL1043582,CHEMBL445,CL,mL.min-1.kg-1,=,9.8,CHEMBL372,Homo sapiens,Hepatic clearance in human,A,CNCCC=C1c2ccccc2CCc2ccccc21,9.8,mL.min-1.kg-1,species_only_human
2979944,CHEMBL1043581,CHEMBL1764,CL,mL.min-1.kg-1,=,9.9,CHEMBL372,Homo sapiens,Total clearance in human,A,COc1ccc2c(c1)N(C[C@H](C)CN(C)C)c1ccccc1S2,9.9,mL.min-1.kg-1,species_only_human
2979945,CHEMBL1043581,CHEMBL642,CL,mL.min-1.kg-1,=,10.0,CHEMBL372,Homo sapiens,Total clearance in human,A,CCCC(=O)Nc1ccc(OCC(O)CNC(C)C)c(C(C)=O)c1,10.0,mL.min-1.kg-1,species_only_human
2979946,CHEMBL1043581,CHEMBL529,CL,mL.min-1.kg-1,=,10.0,CHEMBL372,Homo sapiens,Total clearance in human,A,CC[C@H]1OC(=O)[C@H](C)[C@@H](O[C@H]2C[C@@](C)(OC)[C@@H](O)[C@H](C)O2)[C@H](C)[C@@H](O[C@@H]2O[C@H](C)C[C@H](N(C)C)[C@H]2O)[C@](C)(O)C[C@@H](C)CN(C)[C@H](C)[C@@H](O)[C@]1(C)O,10.0,mL.min-1.kg-1,species_only_human
2979947,CHEMBL1043582,CHEMBL86882,CL,mL.min-1.kg-1,=,10.0,CHEMBL372,Homo sapiens,Hepatic clearance in human,A,CCNCC(O)c1cccc(O)c1,10.0,mL.min-1.kg-1,species_only_human
2979948,CHEMBL1043581,CHEMBL10316,CL,mL.min-1.kg-1,=,10.0,CHEMBL372,Homo sapiens,Total clearance in human,A,c1ccc2c(c1)OCC(C1=NCCN1)O2,10.0,mL.min-1.kg-1,species_only_human
2979949,CHEMBL1043582,CHEMBL10316,CL,mL.min-1.kg-1,=,10.0,CHEMBL372,Homo sapiens,Hepatic clearance in human,A,c1ccc2c(c1)OCC(C1=NCCN1)O2,10.0,mL.min-1.kg-1,species_only_human
2979950,CHEMBL1043581,CHEMBL86304,CL,mL.min-1.kg-1,=,10.0,CHEMBL372,Homo sapiens,Total clearance in human,A,O=C(NCCN1CCOCC1)c1ccc(Cl)cc1,10.0,mL.min-1.kg-1,species_only_human
2979951,CHEMBL1043582,CHEMBL86304,CL,mL.min-1.kg-1,=,10.0,CHEMBL372,Homo sapiens,Hepatic clearance in human,A,O=C(NCCN1CCOCC1)c1ccc(Cl)cc1,10.0,mL.min-1.kg-1,species_only_human
2979952,CHEMBL1043581,CHEMBL445,CL,mL.min-1.kg-1,=,10.0,CHEMBL372,Homo sapiens,Total clearance in human,A,CNCCC=C1c2ccccc2CCc2ccccc21,10.0,mL.min-1.kg-1,species_only_human
2979953,CHEMBL1043581,CHEMBL640,CL,mL.min-1.kg-1,=,10.0,CHEMBL372,Homo sapiens,Total clearance in human,A,CCN(CC)CCNC(=O)c1ccc(N)cc1,10.0,mL.min-1.kg-1,species_only_human
2979955,CHEMBL1043582,CHEMBL1079,CL,mL.min-1.kg-1,=,10.7,CHEMBL372,Homo sapiens,Hepatic clearance in human,A,Clc1ccc2nsnc2c1NC1=NCCN1,10.7,mL.min-1.kg-1,species_only_human
2979956,CHEMBL1043582,CHEMBL72,CL,mL.min-1.kg-1,=,10.8,CHEMBL372,Homo sapiens,Hepatic clearance in human,A,CNCCCN1c2ccccc2CCc2ccccc21,10.8,mL.min-1.kg-1,species_only_human
2979957,CHEMBL1043582,CHEMBL27,CL,mL.min-1.kg-1,=,10.8,CHEMBL372,Homo sapiens,Hepatic clearance in human,A,CC(C)NCC(O)COc1cccc2ccccc12,10.8,mL.min-1.kg-1,species_only_human
2979958,CHEMBL1043582,CHEMBL1484,CL,mL.min-1.kg-1,=,10.9,CHEMBL372,Homo sapiens,Hepatic clearance in human,A,COC(=O)C1=C(C)NC(C)=C(C(=O)OCCN(C)Cc2ccccc2)C1c1cccc([N+](=O)[O-])c1,10.9,mL.min-1.kg-1,species_only_human
2979959,CHEMBL1043581,CHEMBL1467,CL,mL.min-1.kg-1,=,11.0,CHEMBL372,Homo sapiens,Total clearance in human,A,Oc1ncnc2[nH]ncc12,11.0,mL.min-1.kg-1,species_only_human
2979960,CHEMBL1043581,CHEMBL72,CL,mL.min-1.kg-1,=,11.0,CHEMBL372,Homo sapiens,Total clearance in human,A,CNCCCN1c2ccccc2CCc2ccccc21,11.0,mL.min-1.kg-1,species_only_human
2979961,CHEMBL1043581,CHEMBL1460,CL,mL.min-1.kg-1,=,11.0,CHEMBL372,Homo sapiens,Total clearance in human,A,O=c1[nH]cnc2c1ncn2[C@H]1CC[C@@H](CO)O1,11.0,mL.min-1.kg-1,species_only_human
2979962,CHEMBL1043581,CHEMBL1130,CL,mL.min-1.kg-1,=,11.0,CHEMBL372,Homo sapiens,Total clearance in human,A,C[C@H]1O[C@@H](n2cc(F)c(=O)[nH]c2=O)[C@H](O)[C@@H]1O,11.0,mL.min-1.kg-1,species_only_human
2979963,CHEMBL1043581,CHEMBL1480,CL,mL.min-1.kg-1,=,11.0,CHEMBL372,Homo sapiens,Total clearance in human,A,CCOC(=O)C1=C(C)NC(C)=C(C(=O)OC)C1c1cccc(Cl)c1Cl,11.0,mL.min-1.kg-1,species_only_human
2979964,CHEMBL1043582,CHEMBL1480,CL,mL.min-1.kg-1,=,11.0,CHEMBL372,Homo sapiens,Hepatic clearance in human,A,CCOC(=O)C1=C(C)NC(C)=C(C(=O)OC)C1c1cccc(Cl)c1Cl,11.0,mL.min-1.kg-1,species_only_human
2979965,CHEMBL1043581,CHEMBL19236,CL,mL.min-1.kg-1,=,11.0,CHEMBL372,Homo sapiens,Total clearance in human,A,COc1nc(C)nc(Cl)c1NC1=NCCN1,11.0,mL.min-1.kg-1,species_only_human
2979966,CHEMBL1043581,CHEMBL1484,CL,mL.min-1.kg-1,=,11.0,CHEMBL372,Homo sapiens,Total clearance in human,A,COC(=O)C1=C(C)NC(C)=C(C(=O)OCCN(C)Cc2ccccc2)C1c1cccc([N+](=O)[O-])c1,11.0,mL.min-1.kg-1,species_only_human
2981012,CHEMBL1043581,CHEMBL19224,CL,mL.min-1.kg-1,=,11.0,CHEMBL372,Homo sapiens,Total clearance in human,A,COc1ccc(Cc2nccc3cc(OC)c(OC)cc23)cc1OC,11.0,mL.min-1.kg-1,species_only_human
2981013,CHEMBL1043582,CHEMBL19224,CL,mL.min-1.kg-1,=,11.0,CHEMBL372,Homo sapiens,Hepatic clearance in human,A,COc1ccc(Cc2nccc3cc(OC)c(OC)cc23)cc1OC,11.0,mL.min-1.kg-1,species_only_human
2981014,CHEMBL1043581,CHEMBL1496,CL,mL.min-1.kg-1,=,11.0,CHEMBL372,Homo sapiens,Total clearance in human,A,CC(C)c1nc(N(C)S(C)(=O)=O)nc(-c2ccc(F)cc2)c1/C=C/[C@@H](O)C[C@@H](O)CC(=O)O,11.0,mL.min-1.kg-1,species_only_human
2981015,CHEMBL1043581,CHEMBL1079,CL,mL.min-1.kg-1,=,11.0,CHEMBL372,Homo sapiens,Total clearance in human,A,Clc1ccc2nsnc2c1NC1=NCCN1,11.0,mL.min-1.kg-1,species_only_human
2981016,CHEMBL1043581,CHEMBL953,CL,mL.min-1.kg-1,=,11.7,CHEMBL372,Homo sapiens,Total clearance in human,A,CCN(CC)C(=O)/C(C#N)=C/c1cc(O)c(O)c([N+](=O)[O-])c1,11.7,mL.min-1.kg-1,species_only_human
2981017,CHEMBL1043581,CHEMBL1101,CL,mL.min-1.kg-1,=,12.0,CHEMBL372,Homo sapiens,Total clearance in human,A,OC(CCN1CCCCC1)(c1ccccc1)C1CC2C=CC1C2,12.0,mL.min-1.kg-1,species_only_human
2981018,CHEMBL1043582,CHEMBL1101,CL,mL.min-1.kg-1,=,12.0,CHEMBL372,Homo sapiens,Hepatic clearance in human,A,OC(CCN1CCCCC1)(c1ccccc1)C1CC2C=CC1C2,12.0,mL.min-1.kg-1,species_only_human
2981019,CHEMBL1043581,CHEMBL1560,CL,mL.min-1.kg-1,=,12.0,CHEMBL372,Homo sapiens,Total clearance in human,A,C[C@H](CS)C(=O)N1CCC[C@H]1C(=O)O,12.0,mL.min-1.kg-1,species_only_human
2981021,CHEMBL1043581,CHEMBL27,CL,mL.min-1.kg-1,=,12.0,CHEMBL372,Homo sapiens,Total clearance in human,A,CC(C)NCC(O)COc1cccc2ccccc12,12.0,mL.min-1.kg-1,species_only_human
2981025,CHEMBL1043582,CHEMBL584059,CL,mL.min-1.kg-1,=,12.1,CHEMBL372,Homo sapiens,Hepatic clearance in human,A,CNC[C@H](O)CC12CCC(c3ccccc31)c1ccccc12,12.1,mL.min-1.kg-1,species_only_human
2981026,CHEMBL1043582,CHEMBL315838,CL,mL.min-1.kg-1,=,12.2,CHEMBL372,Homo sapiens,Hepatic clearance in human,A,COc1ccc(C(=O)Nc2ccccc2CCC2CCCCN2C)cc1,12.2,mL.min-1.kg-1,species_only_human
2981027,CHEMBL1043581,CHEMBL584059,CL,mL.min-1.kg-1,=,12.3,CHEMBL372,Homo sapiens,Total clearance in human,A,CNC[C@H](O)CC12CCC(c3ccccc31)c1ccccc12,12.3,mL.min-1.kg-1,species_only_human
2981028,CHEMBL1043582,CHEMBL13,CL,mL.min-1.kg-1,=,12.4,CHEMBL372,Homo sapiens,Hepatic clearance in human,A,COCCc1ccc(OCC(O)CNC(C)C)cc1,12.4,mL.min-1.kg-1,species_only_human
2981030,CHEMBL1043582,CHEMBL114,CL,mL.min-1.kg-1,=,12.6,CHEMBL372,Homo sapiens,Hepatic clearance in human,A,CC(C)(C)NC(=O)[C@@H]1C[C@@H]2CCCC[C@@H]2CN1C[C@@H](O)[C@H](Cc1ccccc1)NC(=O)[C@H](CC(N)=O)NC(=O)c1ccc2ccccc2n1,12.6,mL.min-1.kg-1,species_only_human
2981031,CHEMBL1043581,CHEMBL23,CL,mL.min-1.kg-1,=,13.0,CHEMBL372,Homo sapiens,Total clearance in human,A,COc1ccc([C@@H]2Sc3ccccc3N(CCN(C)C)C(=O)[C@@H]2OC(C)=O)cc1,13.0,mL.min-1.kg-1,species_only_human
2981032,CHEMBL1043581,CHEMBL315838,CL,mL.min-1.kg-1,=,13.0,CHEMBL372,Homo sapiens,Total clearance in human,A,COc1ccc(C(=O)Nc2ccccc2CCC2CCCCN2C)cc1,13.0,mL.min-1.kg-1,species_only_human
2981033,CHEMBL1043581,CHEMBL13,CL,mL.min-1.kg-1,=,13.0,CHEMBL372,Homo sapiens,Total clearance in human,A,COCCc1ccc(OCC(O)CNC(C)C)cc1,13.0,mL.min-1.kg-1,species_only_human
2981034,CHEMBL1043581,CHEMBL114,CL,mL.min-1.kg-1,=,13.0,CHEMBL372,Homo sapiens,Total clearance in human,A,CC(C)(C)NC(=O)[C@@H]1C[C@@H]2CCCC[C@@H]2CN1C[C@@H](O)[C@H](Cc1ccccc1)NC(=O)[C@H](CC(N)=O)NC(=O)c1ccc2ccccc2n1,13.0,mL.min-1.kg-1,species_only_human
2981035,CHEMBL1043581,CHEMBL1520,CL,mL.min-1.kg-1,=,13.0,CHEMBL372,Homo sapiens,Total clearance in human,A,CCCc1nc(C)c2c(=O)nc(-c3cc(S(=O)(=O)N4CCN(CC)CC4)ccc3OCC)[nH]n12,13.0,mL.min-1.kg-1,species_only_human
2981036,CHEMBL1043582,CHEMBL1520,CL,mL.min-1.kg-1,=,13.0,CHEMBL372,Homo sapiens,Hepatic clearance in human,A,CCCc1nc(C)c2c(=O)nc(-c3cc(S(=O)(=O)N4CCN(CC)CC4)ccc3OCC)[nH]n12,13.0,mL.min-1.kg-1,species_only_human
2981037,CHEMBL1043582,CHEMBL53463,CL,mL.min-1.kg-1,=,13.2,CHEMBL372,Homo sapiens,Hepatic clearance in human,A,COc1cccc2c1C(=O)c1c(O)c3c(c(O)c1C2=O)C[C@@](O)(C(=O)CO)C[C@@H]3O[C@H]1C[C@H](N)[C@H](O)[C@H](C)O1,13.2,mL.min-1.kg-1,species_only_human
2981038,CHEMBL1043582,CHEMBL637,CL,mL.min-1.kg-1,=,13.4,CHEMBL372,Homo sapiens,Hepatic clearance in human,A,COc1ccc(C(CN(C)C)C2(O)CCCCC2)cc1,13.4,mL.min-1.kg-1,species_only_human
2981039,CHEMBL1043581,CHEMBL86882,CL,mL.min-1.kg-1,=,14.0,CHEMBL372,Homo sapiens,Total clearance in human,A,CCNCC(O)c1cccc(O)c1,14.0,mL.min-1.kg-1,species_only_human
2981040,CHEMBL1043581,CHEMBL1144,CL,mL.min-1.kg-1,=,14.0,CHEMBL372,Homo sapiens,Total clearance in human,A,CC[C@H](C)C(=O)O[C@H]1C[C@H](O)C=C2C=C[C@H](C)[C@H](CC[C@@H](O)C[C@@H](O)CC(=O)O)[C@H]21,14.0,mL.min-1.kg-1,species_only_human
2981041,CHEMBL1043581,CHEMBL637,CL,mL.min-1.kg-1,=,14.0,CHEMBL372,Homo sapiens,Total clearance in human,A,COc1ccc(C(CN(C)C)C2(O)CCCCC2)cc1,14.0,mL.min-1.kg-1,species_only_human
2981042,CHEMBL1043582,CHEMBL266195,CL,mL.min-1.kg-1,=,14.4,CHEMBL372,Homo sapiens,Hepatic clearance in human,A,C=CCc1ccccc1OCC(O)CNC(C)C,14.4,mL.min-1.kg-1,species_only_human
2981043,CHEMBL1043582,CHEMBL685,CL,mL.min-1.kg-1,=,14.8,CHEMBL372,Homo sapiens,Hepatic clearance in human,A,COC(=O)Nc1nc2cc(C(=O)c3ccccc3)ccc2[nH]1,14.8,mL.min-1.kg-1,species_only_human
2981044,CHEMBL1043582,CHEMBL658,CL,mL.min-1.kg-1,=,14.9,CHEMBL372,Homo sapiens,Hepatic clearance in human,A,CCC(=O)N(c1ccccc1)C1(COC)CCN(CCc2cccs2)CC1,14.9,mL.min-1.kg-1,species_only_human
2981045,CHEMBL1043581,CHEMBL266195,CL,mL.min-1.kg-1,=,15.0,CHEMBL372,Homo sapiens,Total clearance in human,A,C=CCc1ccccc1OCC(O)CNC(C)C,15.0,mL.min-1.kg-1,species_only_human
2981046,CHEMBL1043581,CHEMBL53463,CL,mL.min-1.kg-1,=,15.0,CHEMBL372,Homo sapiens,Total clearance in human,A,COc1cccc2c1C(=O)c1c(O)c3c(c(O)c1C2=O)C[C@@](O)(C(=O)CO)C[C@@H]3O[C@H]1C[C@H](N)[C@H](O)[C@H](C)O1,15.0,mL.min-1.kg-1,species_only_human
2981047,CHEMBL1043581,CHEMBL685,CL,mL.min-1.kg-1,=,15.0,CHEMBL372,Homo sapiens,Total clearance in human,A,COC(=O)Nc1nc2cc(C(=O)c3ccccc3)ccc2[nH]1,15.0,mL.min-1.kg-1,species_only_human
2981048,CHEMBL1043582,CHEMBL3,CL,mL.min-1.kg-1,=,15.0,CHEMBL372,Homo sapiens,Hepatic clearance in human,A,CN1CCC[C@H]1c1cccnc1,15.0,mL.min-1.kg-1,species_only_human
2981049,CHEMBL1043581,CHEMBL1428,CL,mL.min-1.kg-1,=,15.0,CHEMBL372,Homo sapiens,Total clearance in human,A,COCCOC(=O)C1=C(C)NC(C)=C(C(=O)OC(C)C)C1c1cccc([N+](=O)[O-])c1,15.0,mL.min-1.kg-1,species_only_human
2981050,CHEMBL1043582,CHEMBL1428,CL,mL.min-1.kg-1,=,15.0,CHEMBL372,Homo sapiens,Hepatic clearance in human,A,COCCOC(=O)C1=C(C)NC(C)=C(C(=O)OC(C)C)C1c1cccc([N+](=O)[O-])c1,15.0,mL.min-1.kg-1,species_only_human
2981051,CHEMBL1043581,CHEMBL1726,CL,mL.min-1.kg-1,=,15.0,CHEMBL372,Homo sapiens,Total clearance in human,A,COC(=O)C1=C(C)NC(C)=C(C(=O)OCC(C)C)C1c1ccccc1[N+](=O)[O-],15.0,mL.min-1.kg-1,species_only_human
2981052,CHEMBL1043582,CHEMBL1726,CL,mL.min-1.kg-1,=,15.0,CHEMBL372,Homo sapiens,Hepatic clearance in human,A,COC(=O)C1=C(C)NC(C)=C(C(=O)OCC(C)C)C1c1ccccc1[N+](=O)[O-],15.0,mL.min-1.kg-1,species_only_human
2981053,CHEMBL1043582,CHEMBL569713,CL,mL.min-1.kg-1,=,15.0,CHEMBL372,Homo sapiens,Hepatic clearance in human,A,CN1[C@@H]2C[C@@H](OC(=O)[C@H](CO)c3ccccc3)C[C@H]1[C@@H]1O[C@@H]12,15.0,mL.min-1.kg-1,species_only_human
2981054,CHEMBL1043581,CHEMBL658,CL,mL.min-1.kg-1,=,15.0,CHEMBL372,Homo sapiens,Total clearance in human,A,CCC(=O)N(c1ccccc1)C1(COC)CCN(CCc2cccs2)CC1,15.0,mL.min-1.kg-1,species_only_human
2981056,CHEMBL1043582,CHEMBL128,CL,mL.min-1.kg-1,=,15.3,CHEMBL372,Homo sapiens,Hepatic clearance in human,A,CNS(=O)(=O)Cc1ccc2[nH]cc(CCN(C)C)c2c1,15.3,mL.min-1.kg-1,species_only_human
2981057,CHEMBL1043582,CHEMBL87543,CL,mL.min-1.kg-1,=,15.7,CHEMBL372,Homo sapiens,Hepatic clearance in human,A,CC(C)N1CCC(N(C(=O)Cc2ccccc2)c2ccc(Cl)cc2)CC1,15.7,mL.min-1.kg-1,species_only_human
2981058,CHEMBL1043582,CHEMBL2220384,CL,mL.min-1.kg-1,=,15.7,CHEMBL372,Homo sapiens,Hepatic clearance in human,A,CCOC(=O)C1(c2ccccc2)CCC=CC1N(C)C,15.7,mL.min-1.kg-1,species_only_human
2981059,CHEMBL1043582,CHEMBL71,CL,mL.min-1.kg-1,=,15.8,CHEMBL372,Homo sapiens,Hepatic clearance in human,A,CN(C)CCCN1c2ccccc2Sc2ccc(Cl)cc21,15.8,mL.min-1.kg-1,species_only_human
2981060,CHEMBL1043581,CHEMBL71,CL,mL.min-1.kg-1,=,16.0,CHEMBL372,Homo sapiens,Total clearance in human,A,CN(C)CCCN1c2ccccc2Sc2ccc(Cl)cc21,16.0,mL.min-1.kg-1,species_only_human
2981061,CHEMBL1043581,CHEMBL407,CL,mL.min-1.kg-1,=,16.0,CHEMBL372,Homo sapiens,Total clearance in human,A,CCOC(=O)c1ncn2c1CN(C)C(=O)c1cc(F)ccc1-2,16.0,mL.min-1.kg-1,species_only_human
2981062,CHEMBL1043582,CHEMBL407,CL,mL.min-1.kg-1,=,16.0,CHEMBL372,Homo sapiens,Hepatic clearance in human,A,CCOC(=O)c1ncn2c1CN(C)C(=O)c1cc(F)ccc1-2,16.0,mL.min-1.kg-1,species_only_human
2981063,CHEMBL1043581,CHEMBL2220442,CL,mL.min-1.kg-1,=,16.0,CHEMBL372,Homo sapiens,Total clearance in human,A,CC(C)n1c(/C=C/C(O)CC(O)CC(=O)O)c(-c2ccc(F)cc2)c2ccccc21,16.0,mL.min-1.kg-1,species_only_human
2981064,CHEMBL1043582,CHEMBL2220442,CL,mL.min-1.kg-1,=,16.0,CHEMBL372,Homo sapiens,Hepatic clearance in human,A,CC(C)n1c(/C=C/C(O)CC(O)CC(=O)O)c(-c2ccc(F)cc2)c2ccccc21,16.0,mL.min-1.kg-1,species_only_human
2981065,CHEMBL1043581,CHEMBL87543,CL,mL.min-1.kg-1,=,16.0,CHEMBL372,Homo sapiens,Total clearance in human,A,CC(C)N1CCC(N(C(=O)Cc2ccccc2)c2ccc(Cl)cc2)CC1,16.0,mL.min-1.kg-1,species_only_human
2981066,CHEMBL1043581,CHEMBL569713,CL,mL.min-1.kg-1,=,16.0,CHEMBL372,Homo sapiens,Total clearance in human,A,CN1[C@@H]2C[C@@H](OC(=O)[C@H](CO)c3ccccc3)C[C@H]1[C@@H]1O[C@@H]12,16.0,mL.min-1.kg-1,species_only_human
2981067,CHEMBL1043581,CHEMBL2220384,CL,mL.min-1.kg-1,=,16.0,CHEMBL372,Homo sapiens,Total clearance in human,A,CCOC(=O)C1(c2ccccc2)CCC=CC1N(C)C,16.0,mL.min-1.kg-1,species_only_human
2981068,CHEMBL1043581,CHEMBL1521,CL,mL.min-1.kg-1,=,16.0,CHEMBL372,Homo sapiens,Total clearance in human,A,CCN(C(C)=O)c1cccc(-c2ccnc3c(C#N)cnn23)c1,16.0,mL.min-1.kg-1,species_only_human
2981069,CHEMBL1043582,CHEMBL1521,CL,mL.min-1.kg-1,=,16.0,CHEMBL372,Homo sapiens,Hepatic clearance in human,A,CCN(C(C)=O)c1cccc(-c2ccnc3c(C#N)cnn23)c1,16.0,mL.min-1.kg-1,species_only_human
2981071,CHEMBL1043582,CHEMBL6966,CL,mL.min-1.kg-1,=,16.5,CHEMBL372,Homo sapiens,Hepatic clearance in human,A,COc1ccc(CCN(C)CCCC(C#N)(c2ccc(OC)c(OC)c2)C(C)C)cc1OC,16.5,mL.min-1.kg-1,species_only_human
2981074,CHEMBL1043582,CHEMBL76370,CL,mL.min-1.kg-1,=,17.6,CHEMBL372,Homo sapiens,Hepatic clearance in human,A,CCCCCNC(=N)N/N=C/c1c[nH]c2ccc(OC)cc12,17.6,mL.min-1.kg-1,species_only_human
2981075,CHEMBL1043581,CHEMBL3,CL,mL.min-1.kg-1,=,18.0,CHEMBL372,Homo sapiens,Total clearance in human,A,CN1CCC[C@H]1c1cccnc1,18.0,mL.min-1.kg-1,species_only_human
2981076,CHEMBL1043581,CHEMBL76370,CL,mL.min-1.kg-1,=,18.0,CHEMBL372,Homo sapiens,Total clearance in human,A,CCCCCNC(=N)N/N=C/c1c[nH]c2ccc(OC)cc12,18.0,mL.min-1.kg-1,species_only_human
2981077,CHEMBL1043581,CHEMBL6966,CL,mL.min-1.kg-1,=,18.0,CHEMBL372,Homo sapiens,Total clearance in human,A,COc1ccc(CCN(C)CCCC(C#N)(c2ccc(OC)c(OC)c2)C(C)C)cc1OC,18.0,mL.min-1.kg-1,species_only_human
2981078,CHEMBL1043582,CHEMBL1370,CL,mL.min-1.kg-1,=,19.0,CHEMBL372,Homo sapiens,Hepatic clearance in human,A,CCCC1O[C@@H]2C[C@H]3[C@@H]4CCC5=CC(=O)C=C[C@]5(C)[C@H]4[C@@H](O)C[C@]3(C)[C@]2(C(=O)CO)O1,19.0,mL.min-1.kg-1,species_only_human
2981079,CHEMBL1043581,CHEMBL128,CL,mL.min-1.kg-1,=,19.0,CHEMBL372,Homo sapiens,Total clearance in human,A,CNS(=O)(=O)Cc1ccc2[nH]cc(CCN(C)C)c2c1,19.0,mL.min-1.kg-1,species_only_human
2981080,CHEMBL1043582,CHEMBL972,CL,mL.min-1.kg-1,=,19.8,CHEMBL372,Homo sapiens,Hepatic clearance in human,A,C#CCN(C)[C@H](C)Cc1ccccc1,19.8,mL.min-1.kg-1,species_only_human
2981081,CHEMBL1043581,CHEMBL1370,CL,mL.min-1.kg-1,=,20.0,CHEMBL372,Homo sapiens,Total clearance in human,A,CCCC1O[C@@H]2C[C@H]3[C@@H]4CCC5=CC(=O)C=C[C@]5(C)[C@H]4[C@@H](O)C[C@]3(C)[C@]2(C(=O)CO)O1,20.0,mL.min-1.kg-1,species_only_human
2981082,CHEMBL1043581,CHEMBL972,CL,mL.min-1.kg-1,=,20.0,CHEMBL372,Homo sapiens,Total clearance in human,A,C#CCN(C)[C@H](C)Cc1ccccc1,20.0,mL.min-1.kg-1,species_only_human
2981083,CHEMBL1043581,CHEMBL273575,CL,mL.min-1.kg-1,=,22.0,CHEMBL372,Homo sapiens,Total clearance in human,A,CN1Cc2c(N)cccc2C(c2ccccc2)C1,22.0,mL.min-1.kg-1,species_only_human
2981084,CHEMBL1043581,CHEMBL94,CL,mL.min-1.kg-1,=,22.0,CHEMBL372,Homo sapiens,Total clearance in human,A,CNC(=O)Oc1ccc2c(c1)[C@]1(C)CCN(C)[C@@H]1N2C,22.0,mL.min-1.kg-1,species_only_human
2989620,CHEMBL1043582,CHEMBL660,CL,mL.min-1.kg-1,=,0.0,CHEMBL372,Homo sapiens,Hepatic clearance in human,A,NC12CC3CC(CC(C3)C1)C2,0.0,mL.min-1.kg-1,species_only_human
2989624,CHEMBL1043582,CHEMBL24,CL,mL.min-1.kg-1,=,0.03,CHEMBL372,Homo sapiens,Hepatic clearance in human,A,CC(C)NCC(O)COc1ccc(CC(N)=O)cc1,0.03,mL.min-1.kg-1,species_only_human
2989631,CHEMBL1043582,CHEMBL1560,CL,mL.min-1.kg-1,=,0.0,CHEMBL372,Homo sapiens,Hepatic clearance in human,A,C[C@H](CS)C(=O)N1CCC[C@H]1C(=O)O,0.0,mL.min-1.kg-1,species_only_human
2989635,CHEMBL1043582,CHEMBL498,CL,mL.min-1.kg-1,=,0.036,CHEMBL372,Homo sapiens,Hepatic clearance in human,A,CCCNC(=O)NS(=O)(=O)c1ccc(Cl)cc1,0.036,mL.min-1.kg-1,species_only_human
2989643,CHEMBL1043582,CHEMBL181,CL,mL.min-1.kg-1,=,0.0,CHEMBL372,Homo sapiens,Hepatic clearance in human,A,CC1=Nc2ccc(Cl)cc2S(=O)(=O)N1,0.0,mL.min-1.kg-1,species_only_human
2989645,CHEMBL1043582,CHEMBL1751,CL,mL.min-1.kg-1,=,0.0,CHEMBL372,Homo sapiens,Hepatic clearance in human,A,C[C@H]1O[C@@H](O[C@H]2[C@@H](O)C[C@H](O[C@H]3[C@@H](O)C[C@H](O[C@H]4CC[C@@]5(C)[C@H](CC[C@@H]6[C@@H]5C[C@@H](O)[C@]5(C)[C@@H](C7=CC(=O)OC7)CC[C@]65O)C4)O[C@@H]3C)O[C@@H]2C)C[C@H](O)[C@@H]1O,0.0,mL.min-1.kg-1,species_only_human
2989648,CHEMBL1043582,CHEMBL577,CL,mL.min-1.kg-1,=,0.0,CHEMBL372,Homo sapiens,Hepatic clearance in human,A,C[C@H](N[C@@H](CCc1ccccc1)C(=O)O)C(=O)N1CCC[C@H]1C(=O)O,0.0,mL.min-1.kg-1,species_only_human
2989653,CHEMBL1043582,CHEMBL1463,CL,mL.min-1.kg-1,=,0.02,CHEMBL372,Homo sapiens,Hepatic clearance in human,A,Nc1nc(=O)[nH]cc1F,0.02,mL.min-1.kg-1,species_only_human
2990374,CHEMBL1043582,CHEMBL1757,CL,mL.min-1.kg-1,=,0.02,CHEMBL372,Homo sapiens,Hepatic clearance in human,A,C[C@@H]1O[C@@H]1P(=O)(O)O,0.02,mL.min-1.kg-1,species_only_human
2990375,CHEMBL1043582,CHEMBL940,CL,mL.min-1.kg-1,=,0.0,CHEMBL372,Homo sapiens,Hepatic clearance in human,A,NCC1(CC(=O)O)CCCCC1,0.0,mL.min-1.kg-1,species_only_human
2990376,CHEMBL1043582,CHEMBL34139,CL,mL.min-1.kg-1,=,0.038,CHEMBL372,Homo sapiens,Hepatic clearance in human,A,C[C@H]([C@](O)(Cn1cncn1)c1ccc(F)cc1F)S(C)(=O)=O,0.038,mL.min-1.kg-1,species_only_human
2990387,CHEMBL1043582,CHEMBL1237,CL,mL.min-1.kg-1,=,0.0,CHEMBL372,Homo sapiens,Hepatic clearance in human,A,NCCCC[C@H](N[C@@H](CCc1ccccc1)C(=O)O)C(=O)N1CCC[C@H]1C(=O)O,0.0,mL.min-1.kg-1,species_only_human
2990392,CHEMBL1043582,CHEMBL1431,CL,mL.min-1.kg-1,=,0.0,CHEMBL372,Homo sapiens,Hepatic clearance in human,A,CN(C)C(=N)NC(=N)N,0.0,mL.min-1.kg-1,species_only_human
2990394,CHEMBL1043582,CHEMBL1561,CL,mL.min-1.kg-1,=,0.0,CHEMBL372,Homo sapiens,Hepatic clearance in human,A,OCCN1C[C@H](O)[C@@H](O)[C@H](O)[C@H]1CO,0.0,mL.min-1.kg-1,species_only_human
2990404,CHEMBL1043582,CHEMBL40,CL,mL.min-1.kg-1,=,0.0479,CHEMBL372,Homo sapiens,Hepatic clearance in human,A,CCC1(c2ccccc2)C(=O)NC(=O)NC1=O,0.0479,mL.min-1.kg-1,species_only_human
2990411,CHEMBL1043582,CHEMBL1733,CL,mL.min-1.kg-1,=,0.0,CHEMBL372,Homo sapiens,Hepatic clearance in human,A,C[C@H](N[C@@H](CCc1ccccc1)C(=O)O)C(=O)N1Cc2ccccc2C[C@H]1C(=O)O,0.0,mL.min-1.kg-1,species_only_human
2990419,CHEMBL1043582,CHEMBL265502,CL,mL.min-1.kg-1,=,0.0011,CHEMBL372,Homo sapiens,Hepatic clearance in human,A,Cc1ccc(C(=O)Nc2ccc(S(=O)(=O)O)c3cc(S(=O)(=O)O)cc(S(=O)(=O)O)c23)cc1NC(=O)c1cccc(NC(=O)Nc2cccc(C(=O)Nc3cc(C(=O)Nc4ccc(S(=O)(=O)O)c5cc(S(=O)(=O)O)cc(S(=O)(=O)O)c45)ccc3C)c2)c1,0.0011,mL.min-1.kg-1,species_only_human
2990422,CHEMBL1043582,CHEMBL302795,CL,mL.min-1.kg-1,=,0.0297,CHEMBL372,Homo sapiens,Hepatic clearance in human,A,CN1C(C(=O)Nc2ccccn2)=C(O)c2sccc2S1(=O)=O,0.0297,mL.min-1.kg-1,species_only_human
2990424,CHEMBL1043582,CHEMBL282686,CL,mL.min-1.kg-1,=,0.032,CHEMBL372,Homo sapiens,Hepatic clearance in human,A,CCO[C@@H](Cc1ccc(OCCc2ccc(OS(C)(=O)=O)cc2)cc1)C(=O)O,0.032,mL.min-1.kg-1,species_only_human
2990462,CHEMBL1043581,CHEMBL265502,CL,mL.min-1.kg-1,=,0.0057,CHEMBL372,Homo sapiens,Total clearance in human,A,Cc1ccc(C(=O)Nc2ccc(S(=O)(=O)O)c3cc(S(=O)(=O)O)cc(S(=O)(=O)O)c23)cc1NC(=O)c1cccc(NC(=O)Nc2cccc(C(=O)Nc3cc(C(=O)Nc4ccc(S(=O)(=O)O)c5cc(S(=O)(=O)O)cc(S(=O)(=O)O)c45)ccc3C)c2)c1,0.0057,mL.min-1.kg-1,species_only_human
2990511,CHEMBL1043581,CHEMBL302795,CL,mL.min-1.kg-1,=,0.03,CHEMBL372,Homo sapiens,Total clearance in human,A,CN1C(C(=O)Nc2ccccn2)=C(O)c2sccc2S1(=O)=O,0.03,mL.min-1.kg-1,species_only_human
2990522,CHEMBL1043581,CHEMBL282686,CL,mL.min-1.kg-1,=,0.039,CHEMBL372,Homo sapiens,Total clearance in human,A,CCO[C@@H](Cc1ccc(OCCc2ccc(OS(C)(=O)=O)cc2)cc1)C(=O)O,0.039,mL.min-1.kg-1,species_only_human
2990533,CHEMBL1043581,CHEMBL498,CL,mL.min-1.kg-1,=,0.045,CHEMBL372,Homo sapiens,Total clearance in human,A,CCCNC(=O)NS(=O)(=O)c1ccc(Cl)cc1,0.045,mL.min-1.kg-1,species_only_human
2990554,CHEMBL1043581,CHEMBL1464,CL,mL.min-1.kg-1,=,0.055,CHEMBL372,Homo sapiens,Total clearance in human,A,CC(=O)CC(c1ccccc1)c1c(O)c2ccccc2oc1=O,0.055,mL.min-1.kg-1,species_only_human
2990560,CHEMBL1043581,CHEMBL181,CL,mL.min-1.kg-1,=,0.06,CHEMBL372,Homo sapiens,Total clearance in human,A,CC1=Nc2ccc(Cl)cc2S(=O)(=O)N1,0.06,mL.min-1.kg-1,species_only_human
2990568,CHEMBL1043581,CHEMBL40,CL,mL.min-1.kg-1,=,0.063,CHEMBL372,Homo sapiens,Total clearance in human,A,CCC1(c2ccccc2)C(=O)NC(=O)NC1=O,0.063,mL.min-1.kg-1,species_only_human
2990570,CHEMBL1043581,CHEMBL53292,CL,mL.min-1.kg-1,=,0.07,CHEMBL372,Homo sapiens,Total clearance in human,A,Cc1cc(NC(=O)C2=C(O)c3ccccc3S(=O)(=O)N2C)no1,0.07,mL.min-1.kg-1,species_only_human
2990585,CHEMBL1043581,CHEMBL11672,CL,mL.min-1.kg-1,=,0.082,CHEMBL372,Homo sapiens,Total clearance in human,A,CN(C(=O)c1c(O)c2ccccc2n(C)c1=O)c1ccccc1,0.082,mL.min-1.kg-1,species_only_human
2990599,CHEMBL1043582,CHEMBL404271,CL,mL.min-1.kg-1,=,0.1,CHEMBL372,Homo sapiens,Hepatic clearance in human,A,C[C@H]1O[C@H](O[C@H]2[C@H](O)[C@@H](O)[C@@H](O[C@H]3[C@H](O)[C@@H](O)C(O)O[C@@H]3CO)O[C@@H]2CO)[C@H](O)[C@@H](O)[C@@H]1N[C@H]1C=C(CO)[C@@H](O)[C@H](O)[C@H]1O,0.1,mL.min-1.kg-1,species_only_human
2990604,CHEMBL1043582,CHEMBL1435,CL,mL.min-1.kg-1,=,0.1,CHEMBL372,Homo sapiens,Hepatic clearance in human,A,Cc1nnc(SCC2=C(C(=O)O)N3C(=O)[C@@H](NC(=O)Cn4cnnn4)[C@H]3SC2)s1,0.1,mL.min-1.kg-1,species_only_human
2990605,CHEMBL1043582,CHEMBL161,CL,mL.min-1.kg-1,=,0.1,CHEMBL372,Homo sapiens,Hepatic clearance in human,A,CO/N=C(\C(=O)N[C@@H]1C(=O)N2C(C(=O)O)=C(CSc3nc(=O)c(O)nn3C)CS[C@H]12)c1csc(N)n1,0.1,mL.min-1.kg-1,species_only_human
2990607,CHEMBL1043582,CHEMBL1436,CL,mL.min-1.kg-1,=,0.1,CHEMBL372,Homo sapiens,Hepatic clearance in human,A,CO/N=C(\C(=O)N[C@@H]1C(=O)N2C(C(=O)O)=C(COC(N)=O)CS[C@H]12)c1ccco1,0.1,mL.min-1.kg-1,species_only_human
2990613,CHEMBL1043582,CHEMBL106,CL,mL.min-1.kg-1,=,0.1,CHEMBL372,Homo sapiens,Hepatic clearance in human,A,OC(Cn1cncn1)(Cn1cncn1)c1ccc(F)cc1F,0.1,mL.min-1.kg-1,species_only_human
2990616,CHEMBL1043582,CHEMBL53292,CL,mL.min-1.kg-1,=,0.1,CHEMBL372,Homo sapiens,Hepatic clearance in human,A,Cc1cc(NC(=O)C2=C(O)c3ccccc3S(=O)(=O)N2C)no1,0.1,mL.min-1.kg-1,species_only_human
2990618,CHEMBL1043582,CHEMBL599,CL,mL.min-1.kg-1,=,0.1,CHEMBL372,Homo sapiens,Hepatic clearance in human,A,Cc1cnc(NC(=O)C2=C(O)c3ccccc3S(=O)(=O)N2C)s1,0.1,mL.min-1.kg-1,species_only_human
2990624,CHEMBL1043582,CHEMBL36633,CL,mL.min-1.kg-1,=,0.1,CHEMBL372,Homo sapiens,Hepatic clearance in human,A,NC(=O)CN1CC(O)CC1=O,0.1,mL.min-1.kg-1,species_only_human
2990627,CHEMBL1043582,CHEMBL11672,CL,mL.min-1.kg-1,=,0.1,CHEMBL372,Homo sapiens,Hepatic clearance in human,A,CN(C(=O)c1c(O)c2ccccc2n(C)c1=O)c1ccccc1,0.1,mL.min-1.kg-1,species_only_human
2990632,CHEMBL1043582,CHEMBL832,CL,mL.min-1.kg-1,=,0.1,CHEMBL372,Homo sapiens,Hepatic clearance in human,A,O=C1C(CC[S+]([O-])c2ccccc2)C(=O)N(c2ccccc2)N1c1ccccc1,0.1,mL.min-1.kg-1,species_only_human
2990634,CHEMBL1043582,CHEMBL26,CL,mL.min-1.kg-1,=,0.1,CHEMBL372,Homo sapiens,Hepatic clearance in human,A,CCN1CCCC1CNC(=O)c1cc(S(N)(=O)=O)ccc1OC,0.1,mL.min-1.kg-1,species_only_human
2990645,CHEMBL1043582,CHEMBL1464,CL,mL.min-1.kg-1,=,0.1,CHEMBL372,Homo sapiens,Hepatic clearance in human,A,CC(=O)CC(c1ccccc1)c1c(O)c2ccccc2oc1=O,0.1,mL.min-1.kg-1,species_only_human
2990662,CHEMBL1043581,CHEMBL599,CL,mL.min-1.kg-1,=,0.12,CHEMBL372,Homo sapiens,Total clearance in human,A,Cc1cnc(NC(=O)C2=C(O)c3ccccc3S(=O)(=O)N2C)s1,0.12,mL.min-1.kg-1,species_only_human
2990703,CHEMBL1043581,CHEMBL1450,CL,mL.min-1.kg-1,=,0.15,CHEMBL372,Homo sapiens,Total clearance in human,A,O=C1C(O)=C([C@H]2CC[C@H](c3ccc(Cl)cc3)CC2)C(=O)c2ccccc21,0.15,mL.min-1.kg-1,species_only_human
2990718,CHEMBL1043581,CHEMBL109,CL,mL.min-1.kg-1,=,0.16,CHEMBL372,Homo sapiens,Total clearance in human,A,CCCC(CCC)C(=O)O,0.16,mL.min-1.kg-1,species_only_human
2990740,CHEMBL1043581,CHEMBL34139,CL,mL.min-1.kg-1,=,0.19,CHEMBL372,Homo sapiens,Total clearance in human,A,C[C@H]([C@](O)(Cn1cncn1)c1ccc(F)cc1F)S(C)(=O)=O,0.19,mL.min-1.kg-1,species_only_human
2991784,CHEMBL1043582,CHEMBL1450,CL,mL.min-1.kg-1,=,0.2,CHEMBL372,Homo sapiens,Hepatic clearance in human,A,O=C1C(O)=C([C@H]2CC[C@H](c3ccc(Cl)cc3)CC2)C(=O)c2ccccc21,0.2,mL.min-1.kg-1,species_only_human
2991785,CHEMBL1043582,CHEMBL1644,CL,mL.min-1.kg-1,=,0.2,CHEMBL372,Homo sapiens,Hepatic clearance in human,A,CC1=C(C(=O)O)N2C(=O)[C@@H](NC(=O)[C@H](N)c3ccc(O)cc3)[C@H]2SC1,0.2,mL.min-1.kg-1,species_only_human
2991786,CHEMBL1043582,CHEMBL1908354,CL,mL.min-1.kg-1,=,0.2,CHEMBL372,Homo sapiens,Hepatic clearance in human,A,Cc1nnc(SCC2=C(C(=O)O)N3C(=O)[C@@H](NC(=O)[C@H](O)c4ccccc4)[C@H]3SC2)s1,0.2,mL.min-1.kg-1,species_only_human
2991787,CHEMBL1043582,CHEMBL1604,CL,mL.min-1.kg-1,=,0.2,CHEMBL372,Homo sapiens,Hepatic clearance in human,A,CC1=C(C(=O)O)N2C(=O)[C@@H](NC(=O)[C@H](N)C3=CCC=CC3)[C@H]2SC1,0.2,mL.min-1.kg-1,species_only_human
2991790,CHEMBL1043582,CHEMBL30,CL,mL.min-1.kg-1,=,0.2,CHEMBL372,Homo sapiens,Hepatic clearance in human,A,CN/C(=N\CCSCc1nc[nH]c1C)NC#N,0.2,mL.min-1.kg-1,species_only_human
2991797,CHEMBL1043582,CHEMBL469,CL,mL.min-1.kg-1,=,0.2,CHEMBL372,Homo sapiens,Hepatic clearance in human,A,O=C(c1ccccc1)c1ccc2n1CCC2C(=O)O,0.2,mL.min-1.kg-1,species_only_human
2991803,CHEMBL1043582,CHEMBL568,CL,mL.min-1.kg-1,=,0.2,CHEMBL372,Homo sapiens,Hepatic clearance in human,A,O=C1Nc2ccc(Cl)cc2C(c2ccccc2)=NC1O,0.2,mL.min-1.kg-1,species_only_human
2991805,CHEMBL1043582,CHEMBL897,CL,mL.min-1.kg-1,=,0.2,CHEMBL372,Homo sapiens,Hepatic clearance in human,A,CCCN(CCC)S(=O)(=O)c1ccc(C(=O)O)cc1,0.2,mL.min-1.kg-1,species_only_human
2991807,CHEMBL1043582,CHEMBL923,CL,mL.min-1.kg-1,=,0.2,CHEMBL372,Homo sapiens,Hepatic clearance in human,A,O=P(O)(O)C(O)(Cc1cccnc1)P(=O)(O)O,0.2,mL.min-1.kg-1,species_only_human
2991810,CHEMBL1043582,CHEMBL95804,CL,mL.min-1.kg-1,=,0.2,CHEMBL372,Homo sapiens,Hepatic clearance in human,A,CCN(CC)CCNC(=O)c1ccc(NS(C)(=O)=O)cc1,0.2,mL.min-1.kg-1,species_only_human
2991811,CHEMBL1043582,CHEMBL439,CL,mL.min-1.kg-1,=,0.2,CHEMBL372,Homo sapiens,Hepatic clearance in human,A,Nc1ccc(S(=O)(=O)Nc2ncccn2)cc1,0.2,mL.min-1.kg-1,species_only_human
2991812,CHEMBL1043582,CHEMBL421,CL,mL.min-1.kg-1,=,0.2,CHEMBL372,Homo sapiens,Hepatic clearance in human,A,O=C(O)c1cc(/N=N/c2ccc(S(=O)(=O)Nc3ccccn3)cc2)ccc1O,0.2,mL.min-1.kg-1,species_only_human
2991813,CHEMBL1043582,CHEMBL453,CL,mL.min-1.kg-1,=,0.2,CHEMBL372,Homo sapiens,Hepatic clearance in human,A,Cc1noc(NS(=O)(=O)c2ccc(N)cc2)c1C,0.2,mL.min-1.kg-1,species_only_human
2991814,CHEMBL1043582,CHEMBL782,CL,mL.min-1.kg-1,=,0.2,CHEMBL372,Homo sapiens,Hepatic clearance in human,A,CCCCNC(=O)NS(=O)(=O)c1ccc(C)cc1,0.2,mL.min-1.kg-1,species_only_human
2991815,CHEMBL1043582,CHEMBL109,CL,mL.min-1.kg-1,=,0.2,CHEMBL372,Homo sapiens,Hepatic clearance in human,A,CCCC(CCC)C(=O)O,0.2,mL.min-1.kg-1,species_only_human
2991816,CHEMBL1043582,CHEMBL222813,CL,mL.min-1.kg-1,=,0.2,CHEMBL372,Homo sapiens,Hepatic clearance in human,A,CC(=O)N[C@H]1[C@H]([C@H](O)[C@H](O)CO)OC(C(=O)O)=C[C@@H]1NC(=N)N,0.2,mL.min-1.kg-1,species_only_human
2991824,CHEMBL1043581,CHEMBL782,CL,mL.min-1.kg-1,=,0.21,CHEMBL372,Homo sapiens,Total clearance in human,A,CCCCNC(=O)NS(=O)(=O)c1ccc(C)cc1,0.21,mL.min-1.kg-1,species_only_human
2991855,CHEMBL1043581,CHEMBL421,CL,mL.min-1.kg-1,=,0.24,CHEMBL372,Homo sapiens,Total clearance in human,A,O=C(O)c1cc(/N=N/c2ccc(S(=O)(=O)Nc3ccccn3)cc2)ccc1O,0.24,mL.min-1.kg-1,species_only_human
2991863,CHEMBL1043581,CHEMBL897,CL,mL.min-1.kg-1,=,0.25,CHEMBL372,Homo sapiens,Total clearance in human,A,CCCN(CCC)S(=O)(=O)c1ccc(C(=O)O)cc1,0.25,mL.min-1.kg-1,species_only_human
2991875,CHEMBL1043581,CHEMBL161,CL,mL.min-1.kg-1,=,0.26,CHEMBL372,Homo sapiens,Total clearance in human,A,CO/N=C(\C(=O)N[C@@H]1C(=O)N2C(C(=O)O)=C(CSc3nc(=O)c(O)nn3C)CS[C@H]12)c1csc(N)n1,0.26,mL.min-1.kg-1,species_only_human
2991910,CHEMBL1043582,CHEMBL277062,CL,mL.min-1.kg-1,=,0.3,CHEMBL372,Homo sapiens,Hepatic clearance in human,A,O=C1CN=C(c2ccccn2)c2cc(Br)ccc2N1,0.3,mL.min-1.kg-1,species_only_human
2991912,CHEMBL1043582,CHEMBL5314375,CL,mL.min-1.kg-1,=,0.3,CHEMBL372,Homo sapiens,Hepatic clearance in human,A,Nc1ccn(C[C@@H](CO)OCP(=O)(O)O)c(=O)n1.O.O,0.3,mL.min-1.kg-1,species_only_human
2991914,CHEMBL1043582,CHEMBL1200699,CL,mL.min-1.kg-1,=,0.3,CHEMBL372,Homo sapiens,Hepatic clearance in human,A,C[C@H]1c2cccc(O)c2C(=O)C2=C(O)[C@]3(O)C(=O)C(C(N)=O)=C(O)[C@@H](N(C)C)[C@@H]3[C@@H](O)[C@@H]21.O,0.3,mL.min-1.kg-1,species_only_human
2991915,CHEMBL1043582,CHEMBL138225,CL,mL.min-1.kg-1,=,0.3,CHEMBL372,Homo sapiens,Hepatic clearance in human,A,CC(C)(C)NC(=O)[C@H]1CC[C@H]2[C@@H]3CC=C4C=C(C(=O)O)CC[C@]4(C)[C@H]3CC[C@]12C,0.3,mL.min-1.kg-1,species_only_human
2991917,CHEMBL1043582,CHEMBL44657,CL,mL.min-1.kg-1,=,0.3,CHEMBL372,Homo sapiens,Hepatic clearance in human,A,COc1cc([C@@H]2c3cc4c(cc3[C@@H](O[C@@H]3O[C@@H]5CO[C@@H](C)O[C@H]5[C@H](O)[C@H]3O)[C@H]3COC(=O)[C@H]23)OCO4)cc(OC)c1O,0.3,mL.min-1.kg-1,species_only_human
2991919,CHEMBL1043582,CHEMBL6067485,CL,mL.min-1.kg-1,=,0.3,CHEMBL372,Homo sapiens,Hepatic clearance in human,A,,0.3,mL.min-1.kg-1,species_only_human
2991921,CHEMBL1043582,CHEMBL266349,CL,mL.min-1.kg-1,=,0.3,CHEMBL372,Homo sapiens,Hepatic clearance in human,A,N=C(N)c1ccc(CNC(=O)[C@@H]2CCN2C(=O)[C@H](NCC(=O)O)C2CCCCC2)cc1,0.3,mL.min-1.kg-1,species_only_human
2991922,CHEMBL1043582,CHEMBL878,CL,mL.min-1.kg-1,=,0.3,CHEMBL372,Homo sapiens,Hepatic clearance in human,A,Cc1ccccc1N1C(=O)c2cc(S(N)(=O)=O)c(Cl)cc2NC1C,0.3,mL.min-1.kg-1,species_only_human
2991924,CHEMBL1043581,CHEMBL57,CL,mL.min-1.kg-1,=,0.3,CHEMBL372,Homo sapiens,Total clearance in human,A,Cc1ccnc2c1NC(=O)c1cccnc1N2C1CC1,0.3,mL.min-1.kg-1,species_only_human
2991925,CHEMBL1043582,CHEMBL57,CL,mL.min-1.kg-1,=,0.3,CHEMBL372,Homo sapiens,Hepatic clearance in human,A,Cc1ccnc2c1NC(=O)c1cccnc1N2C1CC1,0.3,mL.min-1.kg-1,species_only_human
2991928,CHEMBL1043582,CHEMBL674,CL,mL.min-1.kg-1,=,0.3,CHEMBL372,Homo sapiens,Hepatic clearance in human,A,CCC(CC)O[C@@H]1C=C(C(=O)O)C[C@H](N)[C@H]1NC(C)=O,0.3,mL.min-1.kg-1,species_only_human
2991929,CHEMBL1043582,CHEMBL6995,CL,mL.min-1.kg-1,=,0.3,CHEMBL372,Homo sapiens,Hepatic clearance in human,A,CC(=O)Nc1ccc(OCC(O)CNC(C)C)cc1,0.3,mL.min-1.kg-1,species_only_human
2991931,CHEMBL1043582,CHEMBL471,CL,mL.min-1.kg-1,=,0.3,CHEMBL372,Homo sapiens,Hepatic clearance in human,A,CC(C)NCC(O)c1ccc(NS(C)(=O)=O)cc1,0.3,mL.min-1.kg-1,species_only_human
2991933,CHEMBL1043582,CHEMBL443,CL,mL.min-1.kg-1,=,0.3,CHEMBL372,Homo sapiens,Hepatic clearance in human,A,Cc1cc(NS(=O)(=O)c2ccc(N)cc2)no1,0.3,mL.min-1.kg-1,species_only_human
2991935,CHEMBL1043581,CHEMBL453,CL,mL.min-1.kg-1,=,0.3,CHEMBL372,Homo sapiens,Total clearance in human,A,Cc1noc(NS(=O)(=O)c2ccc(N)cc2)c1C,0.3,mL.min-1.kg-1,species_only_human
2991938,CHEMBL1043582,CHEMBL1069,CL,mL.min-1.kg-1,=,0.3,CHEMBL372,Homo sapiens,Hepatic clearance in human,A,CCCCC(=O)N(Cc1ccc(-c2ccccc2-c2nnn[nH]2)cc1)[C@H](C(=O)O)C(C)C,0.3,mL.min-1.kg-1,species_only_human
2991939,CHEMBL1043582,CHEMBL262777,CL,mL.min-1.kg-1,=,0.3,CHEMBL372,Homo sapiens,Hepatic clearance in human,A,CN[C@H](CC(C)C)C(=O)N[C@H]1C(=O)N[C@@H](CC(N)=O)C(=O)N[C@H]2C(=O)N[C@H]3C(=O)N[C@H](C(=O)N[C@H](C(=O)O)c4cc(O)cc(O)c4-c4cc3ccc4O)[C@H](O)c3ccc(c(Cl)c3)Oc3cc2cc(c3O[C@@H]2O[C@H](CO)[C@@H](O)[C@H](O)[C@H]2O[C@H]2C[C@](C)(N)[C@H](O)[C@H](C)O2)Oc2ccc(cc2Cl)[C@H]1O,0.3,mL.min-1.kg-1,species_only_human
2991946,CHEMBL1043581,CHEMBL106,CL,mL.min-1.kg-1,=,0.31,CHEMBL372,Homo sapiens,Total clearance in human,A,OC(Cn1cncn1)(Cn1cncn1)c1ccc(F)cc1F,0.31,mL.min-1.kg-1,species_only_human
2991964,CHEMBL1043581,CHEMBL138225,CL,mL.min-1.kg-1,=,0.33,CHEMBL372,Homo sapiens,Total clearance in human,A,CC(C)(C)NC(=O)[C@H]1CC[C@H]2[C@@H]3CC=C4C=C(C(=O)O)CC[C@]4(C)[C@H]3CC[C@]12C,0.33,mL.min-1.kg-1,species_only_human
2991970,CHEMBL1043581,CHEMBL832,CL,mL.min-1.kg-1,=,0.34,CHEMBL372,Homo sapiens,Total clearance in human,A,O=C1C(CC[S+]([O-])c2ccccc2)C(=O)N(c2ccccc2)N1c1ccccc1,0.34,mL.min-1.kg-1,species_only_human
2991977,CHEMBL1043581,CHEMBL469,CL,mL.min-1.kg-1,=,0.35,CHEMBL372,Homo sapiens,Total clearance in human,A,O=C(c1ccccc1)c1ccc2n1CCC2C(=O)O,0.35,mL.min-1.kg-1,species_only_human
2991988,CHEMBL1043581,CHEMBL443,CL,mL.min-1.kg-1,=,0.36,CHEMBL372,Homo sapiens,Total clearance in human,A,Cc1cc(NS(=O)(=O)c2ccc(N)cc2)no1,0.36,mL.min-1.kg-1,species_only_human
2991995,CHEMBL1043581,CHEMBL451,CL,mL.min-1.kg-1,=,0.37,CHEMBL372,Homo sapiens,Total clearance in human,A,CNC1=Nc2ccc(Cl)cc2C(c2ccccc2)=[N+]([O-])C1,0.37,mL.min-1.kg-1,species_only_human
2991996,CHEMBL1043581,CHEMBL16,CL,mL.min-1.kg-1,=,0.37,CHEMBL372,Homo sapiens,Total clearance in human,A,O=C1NC(=O)C(c2ccccc2)(c2ccccc2)N1,0.37,mL.min-1.kg-1,species_only_human
2992003,CHEMBL1043581,CHEMBL12,CL,mL.min-1.kg-1,=,0.38,CHEMBL372,Homo sapiens,Total clearance in human,A,CN1C(=O)CN=C(c2ccccc2)c2cc(Cl)ccc21,0.38,mL.min-1.kg-1,species_only_human
2992018,CHEMBL1043582,CHEMBL484,CL,mL.min-1.kg-1,=,0.4,CHEMBL372,Homo sapiens,Hepatic clearance in human,A,Nc1ncnc2c1ncn2CCOCP(=O)(O)O,0.4,mL.min-1.kg-1,species_only_human
2992019,CHEMBL1043582,CHEMBL267345,CL,mL.min-1.kg-1,=,0.4,CHEMBL372,Homo sapiens,Hepatic clearance in human,A,C[C@@H]1[C@H](O)[C@@H](C)/C=C/C=C/C=C/C=C/C=C/C=C/C=C/[C@H](O[C@@H]2O[C@H](C)[C@@H](O)[C@H](N)[C@@H]2O)C[C@@H]2O[C@](O)(C[C@@H](O)C[C@@H](O)[C@H](O)CC[C@@H](O)C[C@@H](O)CC(=O)O[C@H]1C)C[C@H](O)[C@H]2C(=O)O,0.4,mL.min-1.kg-1,species_only_human
2992020,CHEMBL1043582,CHEMBL2103764,CL,mL.min-1.kg-1,=,0.4,CHEMBL372,Homo sapiens,Hepatic clearance in human,A,CO/N=C(\C(=O)N[C@@H]1C(=O)N2C(C(=O)O)=C(C)CS[C@H]12)c1csc(N)n1,0.4,mL.min-1.kg-1,species_only_human
2992022,CHEMBL1043582,CHEMBL1727,CL,mL.min-1.kg-1,=,0.4,CHEMBL372,Homo sapiens,Hepatic clearance in human,A,CC1=C(C(=O)O)N2C(=O)[C@@H](NC(=O)[C@H](N)c3ccccc3)[C@H]2SC1,0.4,mL.min-1.kg-1,species_only_human
2992023,CHEMBL1043582,CHEMBL451,CL,mL.min-1.kg-1,=,0.4,CHEMBL372,Homo sapiens,Hepatic clearance in human,A,CNC1=Nc2ccc(Cl)cc2C(c2ccccc2)=[N+]([O-])C1,0.4,mL.min-1.kg-1,species_only_human
2992025,CHEMBL1043582,CHEMBL1043,CL,mL.min-1.kg-1,=,0.4,CHEMBL372,Homo sapiens,Hepatic clearance in human,A,Nc1ccc(S(=O)(=O)c2ccc(N)cc2)cc1,0.4,mL.min-1.kg-1,species_only_human
2992027,CHEMBL1043582,CHEMBL12,CL,mL.min-1.kg-1,=,0.4,CHEMBL372,Homo sapiens,Hepatic clearance in human,A,CN1C(=O)CN=C(c2ccccc2)c2cc(Cl)ccc21,0.4,mL.min-1.kg-1,species_only_human
2992028,CHEMBL1043582,CHEMBL517,CL,mL.min-1.kg-1,=,0.4,CHEMBL372,Homo sapiens,Hepatic clearance in human,A,CC(C)N(CCC(C(N)=O)(c1ccccc1)c1ccccn1)C(C)C,0.4,mL.min-1.kg-1,species_only_human
2992029,CHEMBL1043582,CHEMBL666,CL,mL.min-1.kg-1,=,0.4,CHEMBL372,Homo sapiens,Hepatic clearance in human,A,O=C(O)P(=O)(O)O,0.4,mL.min-1.kg-1,species_only_human
2992031,CHEMBL1043582,CHEMBL34259,CL,mL.min-1.kg-1,=,0.4,CHEMBL372,Homo sapiens,Hepatic clearance in human,A,CN(Cc1cnc2nc(N)nc(N)c2n1)c1ccc(C(=O)N[C@@H](CCC(=O)O)C(=O)O)cc1,0.4,mL.min-1.kg-1,species_only_human
2992033,CHEMBL1043582,CHEMBL16,CL,mL.min-1.kg-1,=,0.4,CHEMBL372,Homo sapiens,Hepatic clearance in human,A,O=C1NC(=O)C(c2ccccc2)(c2ccccc2)N1,0.4,mL.min-1.kg-1,species_only_human
2992039,CHEMBL1043582,CHEMBL1148,CL,mL.min-1.kg-1,=,0.4,CHEMBL372,Homo sapiens,Hepatic clearance in human,A,Cc1cccc(Nc2ccncc2S(=O)(=O)NC(=O)NC(C)C)c1,0.4,mL.min-1.kg-1,species_only_human
2992082,CHEMBL1043581,CHEMBL267345,CL,mL.min-1.kg-1,=,0.46,CHEMBL372,Homo sapiens,Total clearance in human,A,C[C@@H]1[C@H](O)[C@@H](C)/C=C/C=C/C=C/C=C/C=C/C=C/C=C/[C@H](O[C@@H]2O[C@H](C)[C@@H](O)[C@H](N)[C@@H]2O)C[C@@H]2O[C@](O)(C[C@@H](O)C[C@@H](O)[C@H](O)CC[C@@H](O)C[C@@H](O)CC(=O)O[C@H]1C)C[C@H](O)[C@H]2C(=O)O,0.46,mL.min-1.kg-1,species_only_human
2992083,CHEMBL1043581,CHEMBL1200699,CL,mL.min-1.kg-1,=,0.46,CHEMBL372,Homo sapiens,Total clearance in human,A,C[C@H]1c2cccc(O)c2C(=O)C2=C(O)[C@]3(O)C(=O)C(C(N)=O)=C(O)[C@@H](N(C)C)[C@@H]3[C@@H](O)[C@@H]21.O,0.46,mL.min-1.kg-1,species_only_human
2992092,CHEMBL1043581,CHEMBL1043,CL,mL.min-1.kg-1,=,0.48,CHEMBL372,Homo sapiens,Total clearance in human,A,Nc1ccc(S(=O)(=O)c2ccc(N)cc2)cc1,0.48,mL.min-1.kg-1,species_only_human
2992101,CHEMBL1043581,CHEMBL1069,CL,mL.min-1.kg-1,=,0.49,CHEMBL372,Homo sapiens,Total clearance in human,A,CCCCC(=O)N(Cc1ccc(-c2ccccc2-c2nnn[nH]2)cc1)[C@H](C(=O)O)C(C)C,0.49,mL.min-1.kg-1,species_only_human
2992105,CHEMBL1043582,CHEMBL158,CL,mL.min-1.kg-1,=,0.5,CHEMBL372,Homo sapiens,Hepatic clearance in human,A,C[C@H]1[C@H](NC(=O)/C(=N\OC(C)(C)C(=O)O)c2csc(N)n2)C(=O)N1S(=O)(=O)O,0.5,mL.min-1.kg-1,species_only_human
2992106,CHEMBL1043582,CHEMBL1055,CL,mL.min-1.kg-1,=,0.5,CHEMBL372,Homo sapiens,Hepatic clearance in human,A,NS(=O)(=O)c1cc(C2(O)NC(=O)c3ccccc32)ccc1Cl,0.5,mL.min-1.kg-1,species_only_human
2992107,CHEMBL1043581,CHEMBL511115,CL,mL.min-1.kg-1,=,0.5,CHEMBL372,Homo sapiens,Total clearance in human,A,COc1ccc([C@]2(C#N)CC[C@@H](C(=O)O)CC2)cc1OC1CCCC1,0.5,mL.min-1.kg-1,species_only_human
2992108,CHEMBL1043582,CHEMBL511115,CL,mL.min-1.kg-1,=,0.5,CHEMBL372,Homo sapiens,Hepatic clearance in human,A,COc1ccc([C@]2(C#N)CC[C@@H](C(=O)O)CC2)cc1OC1CCCC1,0.5,mL.min-1.kg-1,species_only_human
2992111,CHEMBL1043581,CHEMBL44657,CL,mL.min-1.kg-1,=,0.5,CHEMBL372,Homo sapiens,Total clearance in human,A,COc1cc([C@@H]2c3cc4c(cc3[C@@H](O[C@@H]3O[C@@H]5CO[C@@H](C)O[C@H]5[C@H](O)[C@H]3O)[C@H]3COC(=O)[C@H]23)OCO4)cc(OC)c1O,0.5,mL.min-1.kg-1,species_only_human
2992112,CHEMBL1043582,CHEMBL182,CL,mL.min-1.kg-1,=,0.5,CHEMBL372,Homo sapiens,Hepatic clearance in human,A,Nc1nc2c(ncn2COC(CO)CO)c(=O)[nH]1,0.5,mL.min-1.kg-1,species_only_human
2992113,CHEMBL1043582,CHEMBL31,CL,mL.min-1.kg-1,=,0.5,CHEMBL372,Homo sapiens,Hepatic clearance in human,A,COc1c(N2CCNC(C)C2)c(F)cc2c(=O)c(C(=O)O)cn(C3CC3)c12,0.5,mL.min-1.kg-1,species_only_human
2992114,CHEMBL1043581,CHEMBL1481,CL,mL.min-1.kg-1,=,0.5,CHEMBL372,Homo sapiens,Total clearance in human,A,CCC1=C(C)CN(C(=O)NCCc2ccc(S(=O)(=O)NC(=O)N[C@H]3CC[C@H](C)CC3)cc2)C1=O,0.5,mL.min-1.kg-1,species_only_human
2992115,CHEMBL1043582,CHEMBL1481,CL,mL.min-1.kg-1,=,0.5,CHEMBL372,Homo sapiens,Hepatic clearance in human,A,CCC1=C(C)CN(C(=O)NCCc2ccc(S(=O)(=O)NC(=O)N[C@H]3CC[C@H](C)CC3)cc2)C1=O,0.5,mL.min-1.kg-1,species_only_human
2992116,CHEMBL1043582,CHEMBL1073,CL,mL.min-1.kg-1,=,0.5,CHEMBL372,Homo sapiens,Hepatic clearance in human,A,Cc1cnc(C(=O)NCCc2ccc(S(=O)(=O)NC(=O)NC3CCCCC3)cc2)cn1,0.5,mL.min-1.kg-1,species_only_human
2992118,CHEMBL1043582,CHEMBL1024,CL,mL.min-1.kg-1,=,0.5,CHEMBL372,Homo sapiens,Hepatic clearance in human,A,O=P1(NCCCl)OCCCN1CCCl,0.5,mL.min-1.kg-1,species_only_human
2992120,CHEMBL1043582,CHEMBL5315124,CL,mL.min-1.kg-1,=,0.5,CHEMBL372,Homo sapiens,Hepatic clearance in human,A,C[C@H]1COc2c(N3CCN(C)CC3)c(F)cc3c(=O)c(C(=O)O)cn1c23.C[C@H]1COc2c(N3CCN(C)CC3)c(F)cc3c(=O)c(C(=O)O)cn1c23.O,0.5,mL.min-1.kg-1,species_only_human
2992122,CHEMBL1043582,CHEMBL836,CL,mL.min-1.kg-1,=,0.5,CHEMBL372,Homo sapiens,Hepatic clearance in human,A,CCOc1ccccc1OCCN[C@H](C)Cc1ccc(OC)c(S(N)(=O)=O)c1,0.5,mL.min-1.kg-1,species_only_human
2992123,CHEMBL1043582,CHEMBL1220,CL,mL.min-1.kg-1,=,0.5,CHEMBL372,Homo sapiens,Hepatic clearance in human,A,CCS(=O)(=O)CCn1c([N+](=O)[O-])cnc1C,0.5,mL.min-1.kg-1,species_only_human
2992125,CHEMBL1043582,CHEMBL159,CL,mL.min-1.kg-1,=,0.5,CHEMBL372,Homo sapiens,Hepatic clearance in human,A,CC[C@]1(O)C[C@@H]2CN(CCc3c([nH]c4ccccc34)[C@@](C(=O)OC)(c3cc4c(cc3OC)N(C)[C@H]3[C@@](O)(C(=O)OC)[C@H](OC(C)=O)[C@]5(CC)C=CCN6CC[C@]43[C@@H]65)C2)C1,0.5,mL.min-1.kg-1,species_only_human
2993176,CHEMBL1043581,CHEMBL277062,CL,mL.min-1.kg-1,=,0.51,CHEMBL372,Homo sapiens,Total clearance in human,A,O=C1CN=C(c2ccccn2)c2cc(Br)ccc2N1,0.51,mL.min-1.kg-1,species_only_human
2993198,CHEMBL1043581,CHEMBL1148,CL,mL.min-1.kg-1,=,0.53,CHEMBL372,Homo sapiens,Total clearance in human,A,Cc1cccc(Nc2ccncc2S(=O)(=O)NC(=O)NC(C)C)c1,0.53,mL.min-1.kg-1,species_only_human
2993220,CHEMBL1043581,CHEMBL439,CL,mL.min-1.kg-1,=,0.55,CHEMBL372,Homo sapiens,Total clearance in human,A,Nc1ccc(S(=O)(=O)Nc2ncccn2)cc1,0.55,mL.min-1.kg-1,species_only_human
2993234,CHEMBL1043581,CHEMBL1073,CL,mL.min-1.kg-1,=,0.56,CHEMBL372,Homo sapiens,Total clearance in human,A,Cc1cnc(C(=O)NCCc2ccc(S(=O)(=O)NC(=O)NC3CCCCC3)cc2)cn1,0.56,mL.min-1.kg-1,species_only_human
2993237,CHEMBL1043581,CHEMBL1444,CL,mL.min-1.kg-1,=,0.57,CHEMBL372,Homo sapiens,Total clearance in human,A,N#Cc1ccc(C(c2ccc(C#N)cc2)n2cncn2)cc1,0.57,mL.min-1.kg-1,species_only_human
2993261,CHEMBL1043582,CHEMBL661,CL,mL.min-1.kg-1,=,0.6,CHEMBL372,Homo sapiens,Hepatic clearance in human,A,Cc1nnc2n1-c1ccc(Cl)cc1C(c1ccccc1)=NC2,0.6,mL.min-1.kg-1,species_only_human
2993263,CHEMBL1043582,CHEMBL277474,CL,mL.min-1.kg-1,=,0.6,CHEMBL372,Homo sapiens,Hepatic clearance in human,A,Cc1cc(=O)n(-c2ccccc2)n1C,0.6,mL.min-1.kg-1,species_only_human
2993264,CHEMBL1043582,CHEMBL186,CL,mL.min-1.kg-1,=,0.6,CHEMBL372,Homo sapiens,Hepatic clearance in human,A,CO/N=C(\C(=O)N[C@@H]1C(=O)N2C(C(=O)[O-])=C(C[N+]3(C)CCCC3)CS[C@H]12)c1csc(N)n1,0.6,mL.min-1.kg-1,species_only_human
2993265,CHEMBL1043582,CHEMBL1541,CL,mL.min-1.kg-1,=,0.6,CHEMBL372,Homo sapiens,Hepatic clearance in human,A,C=CC1=C(C(=O)O)N2C(=O)[C@@H](NC(=O)/C(=N\OCC(=O)O)c3csc(N)n3)[C@H]2SC1,0.6,mL.min-1.kg-1,species_only_human
2993267,CHEMBL1043582,CHEMBL891,CL,mL.min-1.kg-1,=,0.6,CHEMBL372,Homo sapiens,Hepatic clearance in human,A,Cc1onc(-c2ccccc2Cl)c1C(=O)N[C@@H]1C(=O)N2[C@@H]1SC(C)(C)[C@@H]2C(=O)O,0.6,mL.min-1.kg-1,species_only_human
2993269,CHEMBL1043581,CHEMBL741,CL,mL.min-1.kg-1,=,0.6,CHEMBL372,Homo sapiens,Total clearance in human,A,Nc1nnc(-c2cccc(Cl)c2Cl)c(N)n1,0.6,mL.min-1.kg-1,species_only_human
2993270,CHEMBL1043582,CHEMBL741,CL,mL.min-1.kg-1,=,0.6,CHEMBL372,Homo sapiens,Hepatic clearance in human,A,Nc1nnc(-c2cccc(Cl)c2Cl)c(N)n1,0.6,mL.min-1.kg-1,species_only_human
2993271,CHEMBL1043582,CHEMBL1444,CL,mL.min-1.kg-1,=,0.6,CHEMBL372,Homo sapiens,Hepatic clearance in human,A,N#Cc1ccc(C(c2ccc(C#N)cc2)n2cncn2)cc1,0.6,mL.min-1.kg-1,species_only_human
2993275,CHEMBL1043582,CHEMBL1440,CL,mL.min-1.kg-1,=,0.6,CHEMBL372,Homo sapiens,Hepatic clearance in human,A,CN(C)[C@@H]1C(O)=C(C(N)=O)C(=O)[C@@]2(O)C(O)=C3C(=O)c4c(O)cccc4[C@@](C)(O)[C@H]3C[C@@H]12,0.6,mL.min-1.kg-1,species_only_human
2993276,CHEMBL1043581,CHEMBL1220,CL,mL.min-1.kg-1,=,0.6,CHEMBL372,Homo sapiens,Total clearance in human,A,CCS(=O)(=O)CCn1c([N+](=O)[O-])cnc1C,0.6,mL.min-1.kg-1,species_only_human
2993301,CHEMBL1043581,CHEMBL836,CL,mL.min-1.kg-1,=,0.62,CHEMBL372,Homo sapiens,Total clearance in human,A,CCOc1ccccc1OCCN[C@H](C)Cc1ccc(OC)c(S(N)(=O)=O)c1,0.62,mL.min-1.kg-1,species_only_human
2993328,CHEMBL1043581,CHEMBL277474,CL,mL.min-1.kg-1,=,0.64,CHEMBL372,Homo sapiens,Total clearance in human,A,Cc1cc(=O)n(-c2ccccc2)n1C,0.64,mL.min-1.kg-1,species_only_human
2993339,CHEMBL1043581,CHEMBL121,CL,mL.min-1.kg-1,=,0.65,CHEMBL372,Homo sapiens,Total clearance in human,A,CN(CCOc1ccc(CC2SC(=O)NC2=O)cc1)c1ccccn1,0.65,mL.min-1.kg-1,species_only_human
2993364,CHEMBL1043581,CHEMBL787,CL,mL.min-1.kg-1,=,0.68,CHEMBL372,Homo sapiens,Total clearance in human,A,CC(C)(O)c1ccccc1CC[C@@H](SCC1(CC(=O)O)CC1)c1cccc(/C=C/c2ccc3ccc(Cl)cc3n2)c1,0.68,mL.min-1.kg-1,species_only_human
2993389,CHEMBL1043582,CHEMBL1095284,CL,mL.min-1.kg-1,=,0.7,CHEMBL372,Homo sapiens,Hepatic clearance in human,A,N[C@@H](C(=O)N[C@@H]1C(=O)N2C(C(=O)O)=C(CSc3c[nH]nn3)CS[C@H]12)c1ccc(O)cc1,0.7,mL.min-1.kg-1,species_only_human
2993391,CHEMBL1043582,CHEMBL35,CL,mL.min-1.kg-1,=,0.7,CHEMBL372,Homo sapiens,Hepatic clearance in human,A,NS(=O)(=O)c1cc(C(=O)O)c(NCc2ccco2)cc1Cl,0.7,mL.min-1.kg-1,species_only_human
2993393,CHEMBL1043582,CHEMBL465161,CL,mL.min-1.kg-1,=,0.7,CHEMBL372,Homo sapiens,Hepatic clearance in human,A,C[C@@H]1C(=O)O[C@H]2C[C@@]34[C@H]5C[C@@H](C(C)(C)C)[C@]36[C@@H](OC(=O)[C@@H]6O)O[C@@]4(C(=O)O5)[C@]21O,0.7,mL.min-1.kg-1,species_only_human
2993394,CHEMBL1043582,CHEMBL1763,CL,mL.min-1.kg-1,=,0.7,CHEMBL372,Homo sapiens,Hepatic clearance in human,A,NS(=O)(=O)c1cc2c(cc1C(F)(F)F)NCNS2(=O)=O,0.7,mL.min-1.kg-1,species_only_human
2993397,CHEMBL1043582,CHEMBL137,CL,mL.min-1.kg-1,=,0.7,CHEMBL372,Homo sapiens,Hepatic clearance in human,A,Cc1ncc([N+](=O)[O-])n1CCO,0.7,mL.min-1.kg-1,species_only_human
2993398,CHEMBL1043582,CHEMBL787,CL,mL.min-1.kg-1,=,0.7,CHEMBL372,Homo sapiens,Hepatic clearance in human,A,CC(C)(O)c1ccccc1CC[C@@H](SCC1(CC(=O)O)CC1)c1cccc(/C=C/c2ccc3ccc(Cl)cc3n2)c1,0.7,mL.min-1.kg-1,species_only_human
2993400,CHEMBL1043582,CHEMBL121,CL,mL.min-1.kg-1,=,0.7,CHEMBL372,Homo sapiens,Hepatic clearance in human,A,CN(CCOc1ccc(CC2SC(=O)NC2=O)cc1)c1ccccn1,0.7,mL.min-1.kg-1,species_only_human
2993401,CHEMBL1043582,CHEMBL956,CL,mL.min-1.kg-1,=,0.7,CHEMBL372,Homo sapiens,Hepatic clearance in human,A,CC(C(=O)O)c1ccc(C(=O)c2cccs2)cc1,0.7,mL.min-1.kg-1,species_only_human
2993402,CHEMBL1043581,CHEMBL269732,CL,mL.min-1.kg-1,=,0.7,CHEMBL372,Homo sapiens,Total clearance in human,A,C=CC[C@@H]1/C=C(\C)C[C@H](C)C[C@H](OC)[C@H]2O[C@@](O)(C(=O)C(=O)N3CCCC[C@H]3C(=O)O[C@H](/C(C)=C/[C@@H]3CC[C@@H](O)[C@H](OC)C3)[C@H](C)[C@@H](O)CC1=O)[C@H](C)C[C@@H]2OC,0.7,mL.min-1.kg-1,species_only_human
2993403,CHEMBL1043582,CHEMBL269732,CL,mL.min-1.kg-1,=,0.7,CHEMBL372,Homo sapiens,Hepatic clearance in human,A,C=CC[C@@H]1/C=C(\C)C[C@H](C)C[C@H](OC)[C@H]2O[C@@](O)(C(=O)C(=O)N3CCCC[C@H]3C(=O)O[C@H](/C(C)=C/[C@@H]3CC[C@@H](O)[C@H](OC)C3)[C@H](C)[C@@H](O)CC1=O)[C@H](C)C[C@@H]2OC,0.7,mL.min-1.kg-1,species_only_human
2993447,CHEMBL1043581,CHEMBL661,CL,mL.min-1.kg-1,=,0.74,CHEMBL372,Homo sapiens,Total clearance in human,A,Cc1nnc2n1-c1ccc(Cl)cc1C(c1ccccc1)=NC2,0.74,mL.min-1.kg-1,species_only_human
2993480,CHEMBL1043581,CHEMBL956,CL,mL.min-1.kg-1,=,0.76,CHEMBL372,Homo sapiens,Total clearance in human,A,CC(C(=O)O)c1ccc(C(=O)c2cccs2)cc1,0.76,mL.min-1.kg-1,species_only_human
2993528,CHEMBL1043582,CHEMBL578211,CL,mL.min-1.kg-1,=,0.8,CHEMBL372,Homo sapiens,Hepatic clearance in human,A,CN1C(=O)CC[C@H]1c1cccnc1,0.8,mL.min-1.kg-1,species_only_human
2993529,CHEMBL1043582,CHEMBL893,CL,mL.min-1.kg-1,=,0.8,CHEMBL372,Homo sapiens,Hepatic clearance in human,A,Cc1onc(-c2c(Cl)cccc2Cl)c1C(=O)N[C@@H]1C(=O)N2[C@@H]1SC(C)(C)[C@@H]2C(=O)O,0.8,mL.min-1.kg-1,species_only_human
2993530,CHEMBL1043582,CHEMBL1752,CL,mL.min-1.kg-1,=,0.8,CHEMBL372,Homo sapiens,Hepatic clearance in human,A,Cn1c(=O)c2c(ncn2CC(O)CO)n(C)c1=O,0.8,mL.min-1.kg-1,species_only_human
2993532,CHEMBL1043582,CHEMBL576127,CL,mL.min-1.kg-1,=,0.8,CHEMBL372,Homo sapiens,Hepatic clearance in human,A,O=C1NCC2(CCN(CCc3ccccc3)CC2)O1,0.8,mL.min-1.kg-1,species_only_human
2993534,CHEMBL1043582,CHEMBL472,CL,mL.min-1.kg-1,=,0.8,CHEMBL372,Homo sapiens,Hepatic clearance in human,A,COc1ccc(Cl)cc1C(=O)NCCc1ccc(S(=O)(=O)NC(=O)NC2CCCCC2)cc1,0.8,mL.min-1.kg-1,species_only_human
2993535,CHEMBL1043582,CHEMBL521,CL,mL.min-1.kg-1,=,0.8,CHEMBL372,Homo sapiens,Hepatic clearance in human,A,CC(C)Cc1ccc(C(C)C(=O)O)cc1,0.8,mL.min-1.kg-1,species_only_human
2993536,CHEMBL1043582,CHEMBL4,CL,mL.min-1.kg-1,=,0.8,CHEMBL372,Homo sapiens,Hepatic clearance in human,A,CC1COc2c(N3CCN(C)CC3)c(F)cc3c(=O)c(C(=O)O)cn1c23,0.8,mL.min-1.kg-1,species_only_human
2993538,CHEMBL1043582,CHEMBL86715,CL,mL.min-1.kg-1,=,0.8,CHEMBL372,Homo sapiens,Hepatic clearance in human,A,OC(CCN1CCCC1)(c1ccccc1)C1CCCCC1,0.8,mL.min-1.kg-1,species_only_human
2993539,CHEMBL1043582,CHEMBL14370,CL,mL.min-1.kg-1,=,0.8,CHEMBL372,Homo sapiens,Hepatic clearance in human,A,CCOc1ccccc1OC(c1ccccc1)C1CNCCO1,0.8,mL.min-1.kg-1,species_only_human
2993540,CHEMBL1043582,CHEMBL1355736,CL,mL.min-1.kg-1,=,0.8,CHEMBL372,Homo sapiens,Hepatic clearance in human,A,Cn1c(=O)c2nc[nH]c2n(C)c1=O.O,0.8,mL.min-1.kg-1,species_only_human
2994662,CHEMBL1043581,CHEMBL472,CL,mL.min-1.kg-1,=,0.82,CHEMBL372,Homo sapiens,Total clearance in human,A,COc1ccc(Cl)cc1C(=O)NCCc1ccc(S(=O)(=O)NC(=O)NC2CCCCC2)cc1,0.82,mL.min-1.kg-1,species_only_human
2994663,CHEMBL1043581,CHEMBL521,CL,mL.min-1.kg-1,=,0.82,CHEMBL372,Homo sapiens,Total clearance in human,A,CC(C)Cc1ccc(C(C)C(=O)O)cc1,0.82,mL.min-1.kg-1,species_only_human
2994664,CHEMBL1043581,CHEMBL14370,CL,mL.min-1.kg-1,=,0.82,CHEMBL372,Homo sapiens,Total clearance in human,A,CCOc1ccccc1OC(c1ccccc1)C1CNCCO1,0.82,mL.min-1.kg-1,species_only_human
2994705,CHEMBL1043581,CHEMBL137,CL,mL.min-1.kg-1,=,0.85,CHEMBL372,Homo sapiens,Total clearance in human,A,Cc1ncc([N+](=O)[O-])n1CCO,0.85,mL.min-1.kg-1,species_only_human
2994736,CHEMBL1043581,CHEMBL13209,CL,mL.min-1.kg-1,=,0.86,CHEMBL372,Homo sapiens,Total clearance in human,A,O=C1CN=C(c2ccccc2)c2cc([N+](=O)[O-])ccc2N1,0.86,mL.min-1.kg-1,species_only_human
2994737,CHEMBL1043581,CHEMBL86715,CL,mL.min-1.kg-1,=,0.86,CHEMBL372,Homo sapiens,Total clearance in human,A,OC(CCN1CCCC1)(c1ccccc1)C1CCCCC1,0.86,mL.min-1.kg-1,species_only_human
2994738,CHEMBL1043581,CHEMBL1355736,CL,mL.min-1.kg-1,=,0.86,CHEMBL372,Homo sapiens,Total clearance in human,A,Cn1c(=O)c2nc[nH]c2n(C)c1=O.O,0.86,mL.min-1.kg-1,species_only_human
2994771,CHEMBL1043581,CHEMBL452,CL,mL.min-1.kg-1,=,0.88,CHEMBL372,Homo sapiens,Total clearance in human,A,O=C1CN=C(c2ccccc2Cl)c2cc([N+](=O)[O-])ccc2N1,0.88,mL.min-1.kg-1,species_only_human
2994793,CHEMBL1043581,CHEMBL1435,CL,mL.min-1.kg-1,=,0.89,CHEMBL372,Homo sapiens,Total clearance in human,A,Cc1nnc(SCC2=C(C(=O)O)N3C(=O)[C@@H](NC(=O)Cn4cnnn4)[C@H]3SC2)s1,0.89,mL.min-1.kg-1,species_only_human
2994794,CHEMBL1043581,CHEMBL578211,CL,mL.min-1.kg-1,=,0.89,CHEMBL372,Homo sapiens,Total clearance in human,A,CN1C(=O)CC[C@H]1c1cccnc1,0.89,mL.min-1.kg-1,species_only_human
2994795,CHEMBL1043581,CHEMBL1200622,CL,mL.min-1.kg-1,=,0.89,CHEMBL372,Homo sapiens,Total clearance in human,A,C[C@H](/C=C/[C@H](C)C(C)(C)O)[C@H]1CC[C@H]2/C(=C/C=C3C[C@@H](O)C[C@H](O)C3)CCC[C@]12C,0.89,mL.min-1.kg-1,species_only_human
2994808,CHEMBL1043582,CHEMBL452,CL,mL.min-1.kg-1,=,0.9,CHEMBL372,Homo sapiens,Hepatic clearance in human,A,O=C1CN=C(c2ccccc2Cl)c2cc([N+](=O)[O-])ccc2N1,0.9,mL.min-1.kg-1,species_only_human
2994809,CHEMBL1043581,CHEMBL517,CL,mL.min-1.kg-1,=,0.9,CHEMBL372,Homo sapiens,Total clearance in human,A,CC(C)N(CCC(C(N)=O)(c1ccccc1)c1ccccn1)C(C)C,0.9,mL.min-1.kg-1,species_only_human
2994810,CHEMBL1043582,CHEMBL1756,CL,mL.min-1.kg-1,=,0.9,CHEMBL372,Homo sapiens,Hepatic clearance in human,A,C[C@]12CC[C@@H]3c4ccc(OC(=O)N(CCCl)CCCl)cc4CC[C@H]3[C@@H]1CC[C@@H]2OP(=O)(O)O,0.9,mL.min-1.kg-1,species_only_human
2994811,CHEMBL1043582,CHEMBL6273,CL,mL.min-1.kg-1,=,0.9,CHEMBL372,Homo sapiens,Hepatic clearance in human,A,CN1CCN(c2c(F)cc3c(=O)c(C(=O)O)cn(CCF)c3c2F)CC1,0.9,mL.min-1.kg-1,species_only_human
2994813,CHEMBL1043582,CHEMBL13209,CL,mL.min-1.kg-1,=,0.9,CHEMBL372,Homo sapiens,Hepatic clearance in human,A,O=C1CN=C(c2ccccc2)c2cc([N+](=O)[O-])ccc2N1,0.9,mL.min-1.kg-1,species_only_human
2994814,CHEMBL1043582,CHEMBL425,CL,mL.min-1.kg-1,=,0.9,CHEMBL372,Homo sapiens,Hepatic clearance in human,A,O=C(O)c1cc(/N=N/c2ccc(O)c(C(=O)O)c2)ccc1O,0.9,mL.min-1.kg-1,species_only_human
2994816,CHEMBL1043582,CHEMBL1200622,CL,mL.min-1.kg-1,=,0.9,CHEMBL372,Homo sapiens,Hepatic clearance in human,A,C[C@H](/C=C/[C@H](C)C(C)(C)O)[C@H]1CC[C@H]2/C(=C/C=C3C[C@@H](O)C[C@H](O)C3)CCC[C@]12C,0.9,mL.min-1.kg-1,species_only_human
2994818,CHEMBL1043582,CHEMBL108821,CL,mL.min-1.kg-1,=,0.9,CHEMBL372,Homo sapiens,Hepatic clearance in human,A,N[C@@H]1CN(c2c(F)cc3c(=O)c(C(=O)O)cn([C@@H]4C[C@@H]4F)c3c2Cl)CC12CC2,0.9,mL.min-1.kg-1,species_only_human
2994915,CHEMBL1043581,CHEMBL1733,CL,mL.min-1.kg-1,=,0.93,CHEMBL372,Homo sapiens,Total clearance in human,A,C[C@H](N[C@@H](CCc1ccccc1)C(=O)O)C(=O)N1Cc2ccccc2C[C@H]1C(=O)O,0.93,mL.min-1.kg-1,species_only_human
2994950,CHEMBL1043581,CHEMBL1756,CL,mL.min-1.kg-1,=,0.94,CHEMBL372,Homo sapiens,Total clearance in human,A,C[C@]12CC[C@@H]3c4ccc(OC(=O)N(CCCl)CCCl)cc4CC[C@H]3[C@@H]1CC[C@@H]2OP(=O)(O)O,0.94,mL.min-1.kg-1,species_only_human
2996360,CHEMBL1043582,CHEMBL1072,CL,mL.min-1.kg-1,=,1.0,CHEMBL372,Homo sapiens,Hepatic clearance in human,A,CCCCNc1cc(C(=O)O)cc(S(N)(=O)=O)c1Oc1ccccc1,1.0,mL.min-1.kg-1,species_only_human
2996361,CHEMBL1043581,CHEMBL1541,CL,mL.min-1.kg-1,=,1.0,CHEMBL372,Homo sapiens,Total clearance in human,A,C=CC1=C(C(=O)O)N2C(=O)[C@@H](NC(=O)/C(=N\OCC(=O)O)c3csc(N)n3)[C@H]2SC1,1.0,mL.min-1.kg-1,species_only_human
2996364,CHEMBL1043582,CHEMBL88,CL,mL.min-1.kg-1,=,1.0,CHEMBL372,Homo sapiens,Hepatic clearance in human,A,O=P1(N(CCCl)CCCl)NCCCO1,1.0,mL.min-1.kg-1,species_only_human
2996366,CHEMBL1043581,CHEMBL6067485,CL,mL.min-1.kg-1,=,1.0,CHEMBL372,Homo sapiens,Total clearance in human,A,,1.0,mL.min-1.kg-1,species_only_human
2996369,CHEMBL1043582,CHEMBL467,CL,mL.min-1.kg-1,=,1.0,CHEMBL372,Homo sapiens,Hepatic clearance in human,A,NC(=O)NO,1.0,mL.min-1.kg-1,species_only_human
2996370,CHEMBL1043581,CHEMBL580,CL,mL.min-1.kg-1,=,1.0,CHEMBL372,Homo sapiens,Total clearance in human,A,O=C1Nc2ccc(Cl)cc2C(c2ccccc2Cl)=NC1O,1.0,mL.min-1.kg-1,species_only_human
2996371,CHEMBL1043582,CHEMBL580,CL,mL.min-1.kg-1,=,1.0,CHEMBL372,Homo sapiens,Hepatic clearance in human,A,O=C1Nc2ccc(Cl)cc2C(c2ccccc2Cl)=NC1O,1.0,mL.min-1.kg-1,species_only_human
2996372,CHEMBL1043581,CHEMBL206025,CL,mL.min-1.kg-1,=,1.0,CHEMBL372,Homo sapiens,Total clearance in human,A,CCCCCN(CCCOC)C(=O)C(CCC(=O)O)NC(=O)c1ccc(Cl)c(Cl)c1,1.0,mL.min-1.kg-1,species_only_human
2996373,CHEMBL1043582,CHEMBL206025,CL,mL.min-1.kg-1,=,1.0,CHEMBL372,Homo sapiens,Hepatic clearance in human,A,CCCCCN(CCCOC)C(=O)C(CCC(=O)O)NC(=O)c1ccc(Cl)c(Cl)c1,1.0,mL.min-1.kg-1,species_only_human
2996375,CHEMBL1043582,CHEMBL611,CL,mL.min-1.kg-1,=,1.0,CHEMBL372,Homo sapiens,Hepatic clearance in human,A,COc1cc2nc(N3CCN(C(=O)C4CCCO4)CC3)nc(N)c2cc1OC,1.0,mL.min-1.kg-1,species_only_human
2996376,CHEMBL1043582,CHEMBL363295,CL,mL.min-1.kg-1,=,1.0,CHEMBL372,Homo sapiens,Hepatic clearance in human,A,CC(CC(c1ccccc1)c1ccccc1)NC(C)(C)C,1.0,mL.min-1.kg-1,species_only_human
3075146,CHEMBL1071131,CHEMBL398110,CL,mL.min-1.kg-1,=,1.5,CHEMBL372,Homo sapiens,"Clearance in human at 10 mg/kg, iv",A,CCCn1cnc(C[C@H](CCCN)C(=O)O)c1,1.5,mL.min-1.kg-1,species_only_human
3078033,CHEMBL1069187,CHEMBL594025,CL,mL.min-1.kg-1,=,29.0,CHEMBL372,Homo sapiens,Intrinsic clearance in human,A,Cc1cc(-n2ncc(=O)[nH]c2=O)cc(C)c1Oc1ccc(O)c(Cc2ccc(F)cc2)c1,29.0,mL.min-1.kg-1,species_only_human
3078034,CHEMBL1069186,CHEMBL594025,CL,mL.min-1.kg-1,=,15.0,CHEMBL613416,Homo sapiens,Clearance in human blood,A,Cc1cc(-n2ncc(=O)[nH]c2=O)cc(C)c1Oc1ccc(O)c(Cc2ccc(F)cc2)c1,15.0,mL.min-1.kg-1,species_only_human
3249736,CHEMBL1106993,CHEMBL564144,CL,mL.min-1.kg-1,=,6.2,CHEMBL372,Homo sapiens,"Systemic clearance in human at 0.1 mg/kg, iv by microdose study",A,C[C@@H](c1ccccn1)c1c(CCN(C)C)sc2ccccc12,6.2,mL.min-1.kg-1,species_only_human
3249738,CHEMBL1106993,CHEMBL1092765,CL,mL.min-1.kg-1,=,12.1,CHEMBL372,Homo sapiens,"Systemic clearance in human at 0.1 mg/kg, iv by microdose study",A,C[C@H](c1cccnc1F)c1c(CCN(C)C)sc2ccccc12,12.1,mL.min-1.kg-1,species_only_human
3257610,CHEMBL1108926,CHEMBL6966,CL,mL.min-1.kg-1,=,11.8,CHEMBL372,Homo sapiens,Clearance in human,A,COc1ccc(CCN(C)CCCC(C#N)(c2ccc(OC)c(OC)c2)C(C)C)cc1OC,11.8,mL.min-1.kg-1,species_only_human
3303941,CHEMBL1119451,CHEMBL1085593,CL,mL.min-1.kg-1,=,16.0,CHEMBL372,Homo sapiens,Clearance in human,A,CC1(C)CN(Cc2ccccc2)C(=O)[C@@H]1Oc1ccc(C#N)c(C(F)(F)F)c1,16.0,mL.min-1.kg-1,species_only_human
3372533,CHEMBL1211616,CHEMBL1079481,CL,mL.min-1.g-1,=,1.6,CHEMBL372,Homo sapiens,Intrinsic clearance in human,A,Cc1ncoc1-c1nnc(SCCCN2CC3CC3(c3ccc(C(F)(F)F)cc3)C2)n1C,0.0016,mL.min-1.kg-1,species_only_human
3372534,CHEMBL1211616,CHEMBL1210552,CL,mL.min-1.g-1,=,2.3,CHEMBL372,Homo sapiens,Intrinsic clearance in human,A,Cc1ncoc1-c1nnc(SCCCN2CC3CC3(c3ccc(S(F)(F)(F)(F)F)cc3)C2)n1C,0.0023,mL.min-1.kg-1,species_only_human
3372535,CHEMBL1211616,CHEMBL1210552,CL,mL.min-1.g-1,=,2.0,CHEMBL372,Homo sapiens,Intrinsic clearance in human,A,Cc1ncoc1-c1nnc(SCCCN2CC3CC3(c3ccc(S(F)(F)(F)(F)F)cc3)C2)n1C,0.002,mL.min-1.kg-1,species_only_human
3372536,CHEMBL1211616,CHEMBL1210552,CL,mL.min-1.g-1,=,1.7,CHEMBL372,Homo sapiens,Intrinsic clearance in human,A,Cc1ncoc1-c1nnc(SCCCN2CC3CC3(c3ccc(S(F)(F)(F)(F)F)cc3)C2)n1C,0.0017,mL.min-1.kg-1,species_only_human
3372537,CHEMBL1211616,CHEMBL1081957,CL,mL.min-1.g-1,=,3.2,CHEMBL372,Homo sapiens,Intrinsic clearance in human,A,Cc1ncoc1-c1nnc(SCCCN2CC3CC3(c3cccc(C(F)(F)F)c3)C2)n1C,0.0032,mL.min-1.kg-1,species_only_human
3372538,CHEMBL1211616,CHEMBL1210614,CL,mL.min-1.g-1,=,3.9,CHEMBL372,Homo sapiens,Intrinsic clearance in human,A,Cc1ncoc1-c1nnc(SCCCN2CC3CC3(c3cccc(S(F)(F)(F)(F)F)c3)C2)n1C,0.0039,mL.min-1.kg-1,species_only_human
3372539,CHEMBL1211616,CHEMBL1210614,CL,mL.min-1.g-1,=,2.7,CHEMBL372,Homo sapiens,Intrinsic clearance in human,A,Cc1ncoc1-c1nnc(SCCCN2CC3CC3(c3cccc(S(F)(F)(F)(F)F)c3)C2)n1C,0.0027,mL.min-1.kg-1,species_only_human
3372540,CHEMBL1211616,CHEMBL1210614,CL,mL.min-1.g-1,=,3.3,CHEMBL372,Homo sapiens,Intrinsic clearance in human,A,Cc1ncoc1-c1nnc(SCCCN2CC3CC3(c3cccc(S(F)(F)(F)(F)F)c3)C2)n1C,0.0033,mL.min-1.kg-1,species_only_human
3386202,CHEMBL1218297,CHEMBL1213456,CL,mL.min-1.kg-1,=,3.0,CHEMBL372,Homo sapiens,"Clearance in healthy human at 1500 mg/kg, po administered as single dose",A,COc1c(N2C[C@@H](C)C[C@H](N)C2)ccc2c(=O)c(C(=O)O)cn(C3CC3)c12,3.0,mL.min-1.kg-1,species_only_human
3386203,CHEMBL1218296,CHEMBL1213456,CL,mL.min-1.kg-1,=,3.667,CHEMBL372,Homo sapiens,"Clearance in healthy human at 1000 mg/kg, po administered as single dose",A,COc1c(N2C[C@@H](C)C[C@H](N)C2)ccc2c(=O)c(C(=O)O)cn(C3CC3)c12,3.667,mL.min-1.kg-1,species_only_human
3386204,CHEMBL1218295,CHEMBL1213456,CL,mL.min-1.kg-1,=,3.333,CHEMBL372,Homo sapiens,"Clearance in healthy human at 500 mg/kg, po administered as single dose",A,COc1c(N2C[C@@H](C)C[C@H](N)C2)ccc2c(=O)c(C(=O)O)cn(C3CC3)c12,3.333,mL.min-1.kg-1,species_only_human
3386205,CHEMBL1218294,CHEMBL1213456,CL,mL.min-1.kg-1,=,4.0,CHEMBL372,Homo sapiens,"Clearance in healthy human at 250 mg/kg, po administered as single dose",A,COc1c(N2C[C@@H](C)C[C@H](N)C2)ccc2c(=O)c(C(=O)O)cn(C3CC3)c12,4.0,mL.min-1.kg-1,species_only_human
3386206,CHEMBL1218293,CHEMBL1213456,CL,mL.min-1.kg-1,=,3.667,CHEMBL372,Homo sapiens,"Clearance in healthy human at 125 mg/kg, po administered as single dose",A,COc1c(N2C[C@@H](C)C[C@H](N)C2)ccc2c(=O)c(C(=O)O)cn(C3CC3)c12,3.667,mL.min-1.kg-1,species_only_human
3386207,CHEMBL1218292,CHEMBL1213456,CL,mL.min-1.kg-1,=,3.833,CHEMBL372,Homo sapiens,"Clearance in healthy human at 50 mg/kg, po administered as single dose",A,COc1c(N2C[C@@H](C)C[C@H](N)C2)ccc2c(=O)c(C(=O)O)cn(C3CC3)c12,3.833,mL.min-1.kg-1,species_only_human
3386208,CHEMBL1218291,CHEMBL1213456,CL,mL.min-1.kg-1,=,5.0,CHEMBL372,Homo sapiens,"Clearance in healthy human at 25 mg/kg, po administered as single dose",A,COc1c(N2C[C@@H](C)C[C@H](N)C2)ccc2c(=O)c(C(=O)O)cn(C3CC3)c12,5.0,mL.min-1.kg-1,species_only_human
3420268,CHEMBL1225261,CHEMBL225519,CL,mL.min-1.kg-1,=,30.0,CHEMBL375,Mus musculus,"Clearance in SCID mouse carrying human HL60 cells at 20 mg/kg or 30 mg/kg, iv after 10 hrs",A,O=C1NCCc2[nH]c(-c3ccncc3)cc21,30.0,mL.min-1.kg-1,species_only_human
3467665,CHEMBL1252254,CHEMBL1254134,CL,mL.min-1.kg-1,=,11.0,CHEMBL375,Mus musculus,"Clearance in Crl:CD1-Foxn1 nu/nu mouse xenografted with human WM266.4 cells expressing BRAF mutant at 4 mg/kg, ip",A,CN(C)CCOc1ccc(-c2nc(-c3ccc4c(c3)Cc3cn[nH]c3-4)c(-c3ccncc3)[nH]2)cc1,11.0,mL.min-1.kg-1,species_only_human
3506985,CHEMBL1260992,CHEMBL1257653,CL,mL.min-1.kg-1,=,12.7,CHEMBL375,Mus musculus,Plasma clearance in human PC3 cells xenografted athymic nude mouse,A,Cn1ncc2c(Oc3ccc(S(C)(=O)=O)cc3)cc(-c3cccc4[nH]ncc34)nc21,12.7,mL.min-1.kg-1,species_only_human
3516612,CHEMBL1275174,CHEMBL1269757,CL,mL.min-1.kg-1,=,35.0,CHEMBL376,Rattus norvegicus,"Clearance in transgenic rat harboring human angiotensinogen and human renin gene at 3 mg/kg, po",A,COCCc1ccc(Cl)c(CN(C(=O)[C@H]2CNCC[C@@H]2c2ccc(N3CC[C@@H](Oc4c(Cl)cc(C)cc4Cl)C3)nc2)C2CC2)c1,35.0,mL.min-1.kg-1,species_only_human
3516617,CHEMBL1275174,CHEMBL1269743,CL,mL.min-1.kg-1,=,21.0,CHEMBL376,Rattus norvegicus,"Clearance in transgenic rat harboring human angiotensinogen and human renin gene at 3 mg/kg, po",A,COCCc1ccc(Cl)c(CN(C(=O)[C@H]2CNCC[C@@H]2c2ccc(OCCOc3c(Cl)cc(C)cc3Cl)nc2)C2CC2)c1,21.0,mL.min-1.kg-1,species_only_human
3516622,CHEMBL1275174,CHEMBL1269742,CL,mL.min-1.kg-1,=,29.0,CHEMBL376,Rattus norvegicus,"Clearance in transgenic rat harboring human angiotensinogen and human renin gene at 3 mg/kg, po",A,COCCCc1ccc(Cl)c(CN(C(=O)[C@H]2CNCC[C@@H]2c2ccc(OCCOc3c(Cl)cc(C)cc3Cl)nc2)C2CC2)c1,29.0,mL.min-1.kg-1,species_only_human
3591676,CHEMBL1291078,CHEMBL1289313,CL,mL.min-1.kg-1,=,5.5,CHEMBL372,Homo sapiens,Blood clearance in human,A,CN(O)C(=O)c1cc2c(CN3CCC[C@H]3C(N)=O)cn(Cc3ccc(F)cc3)c2cn1,5.5,mL.min-1.kg-1,species_only_human
5079140,CHEMBL1614671,CHEMBL1005,CL,mL.min-1.kg-1,=,37.0,CHEMBL612558,,Clearance in human after iv administration,A,CCC(=O)N(c1ccccc1)C1(C(=O)OC)CCN(CCC(=O)OC)CC1,37.0,mL.min-1.kg-1,species_only_human
5079161,CHEMBL1614671,CHEMBL628,CL,mL.min-1.kg-1,=,39.0,CHEMBL612558,,Clearance in human after iv administration,A,CC(=O)CCCCn1c(=O)c2c(ncn2C)n(C)c1=O,39.0,mL.min-1.kg-1,species_only_human
5079171,CHEMBL1614671,CHEMBL53,CL,mL.min-1.kg-1,=,40.0,CHEMBL612558,,Clearance in human after iv administration,A,CN1CCc2cccc3c2[C@H]1Cc1ccc(O)c(O)c1-3,40.0,mL.min-1.kg-1,species_only_human
5079175,CHEMBL1614671,CHEMBL33986,CL,mL.min-1.kg-1,=,41.0,CHEMBL612558,,Clearance in human after iv administration,A,Oc1ccc2c(c1)[C@@]13CCCC[C@@]1(O)[C@@H](C2)N(CC1CCC1)CC3,41.0,mL.min-1.kg-1,species_only_human
5079213,CHEMBL1614671,CHEMBL1531134,CL,mL.min-1.kg-1,=,46.0,CHEMBL612558,,Clearance in human after iv administration,A,CC1CCN(CCCC(=O)c2ccc(F)cc2)CC1,46.0,mL.min-1.kg-1,species_only_human
5079223,CHEMBL1614681,CHEMBL19019,CL,mL.min-1.kg-1,=,48.0,CHEMBL612558,,Clearance in human after iv administration,A,O=C1CC[C@@]2(O)[C@H]3Cc4ccc(O)c5c4[C@@]2(CCN3CC2CC2)[C@H]1O5,48.0,mL.min-1.kg-1,species_only_human
5079254,CHEMBL1614671,CHEMBL434,CL,mL.min-1.kg-1,=,56.0,CHEMBL612558,,Clearance in human after iv administration,A,CC(C)NCC(O)c1ccc(O)c(O)c1,56.0,mL.min-1.kg-1,species_only_human
5079256,CHEMBL1614671,CHEMBL95,CL,mL.min-1.kg-1,=,56.0,CHEMBL612558,,Clearance in human after iv administration,A,Nc1c2c(nc3ccccc13)CCCC2,56.0,mL.min-1.kg-1,species_only_human
5079260,CHEMBL1614671,CHEMBL19019,CL,mL.min-1.kg-1,=,57.0,CHEMBL612558,,Clearance in human after iv administration,A,O=C1CC[C@@]2(O)[C@H]3Cc4ccc(O)c5c4[C@@]2(CCN3CC2CC2)[C@H]1O5,57.0,mL.min-1.kg-1,species_only_human
5079282,CHEMBL1614671,CHEMBL585,CL,mL.min-1.kg-1,=,63.0,CHEMBL612558,,Clearance in human after iv administration,A,Nc1nc(N)c2nc(-c3ccccc3)c(N)nc2n1,63.0,mL.min-1.kg-1,species_only_human
5079313,CHEMBL1614671,CHEMBL55,CL,mL.min-1.kg-1,=,74.0,CHEMBL612558,,Clearance in human after iv administration,A,N=C(N)c1ccc(OCCCCCOc2ccc(C(=N)N)cc2)cc1,74.0,mL.min-1.kg-1,species_only_human
5079321,CHEMBL1614671,CHEMBL513,CL,mL.min-1.kg-1,=,78.0,CHEMBL612558,,Clearance in human after iv administration,A,O=NN(CCCl)C(=O)NCCCl,78.0,mL.min-1.kg-1,species_only_human
5079326,CHEMBL1614671,CHEMBL1201112,CL,mL.min-1.kg-1,=,81.0,CHEMBL612558,,Clearance in human after iv administration,A,COc1nc(N)nc2c1ncn2[C@@H]1O[C@H](CO)[C@@H](O)[C@@H]1O,81.0,mL.min-1.kg-1,species_only_human
5079337,CHEMBL1614671,CHEMBL276832,CL,mL.min-1.kg-1,=,85.0,CHEMBL612558,,Clearance in human after iv administration,A,NNc1nncc2ccccc12,85.0,mL.min-1.kg-1,species_only_human
5079365,CHEMBL1614671,CHEMBL1201129,CL,mL.min-1.kg-1,=,130.0,CHEMBL612558,,Clearance in human after iv administration,A,Nc1ncn([C@H]2C[C@H](O)[C@@H](CO)O2)c(=O)n1,130.0,mL.min-1.kg-1,species_only_human
5079370,CHEMBL1614671,CHEMBL118218,CL,mL.min-1.kg-1,=,140.0,CHEMBL612558,,Clearance in human after iv administration,A,CC1=C(CO)C2=C(C)C3(CC3)[C@@](C)(O)C(=O)C2=C1,140.0,mL.min-1.kg-1,species_only_human
5079377,CHEMBL1614671,CHEMBL1237132,CL,mL.min-1.kg-1,=,142.0,CHEMBL612558,,Clearance in human after iv administration,A,CCCC(=O)OCOC(=O)C1=C(C)NC(C)=C(C(=O)OC)C1c1cccc(Cl)c1Cl,142.0,mL.min-1.kg-1,species_only_human
5079393,CHEMBL1614671,CHEMBL2368925,CL,mL.min-1.kg-1,=,180.0,CHEMBL612558,,Clearance in human after iv administration,A,O=C(O[C@@H]1C[C@@H]2C[C@H]3C[C@H](C1)N2CC3=O)c1c[nH]c2ccccc12,180.0,mL.min-1.kg-1,species_only_human
5079398,CHEMBL1614681,CHEMBL1614666,CL,mL.min-1.kg-1,=,198.0,CHEMBL612558,,Clearance in human after iv administration,A,COc1cccc2c1C(=O)c1cc3c(c(O)c1C2=O)C[C@@](O)(C(=O)CO)C[C@@H]3O[C@H]1CC(N)C(I)C(C)O1,198.0,mL.min-1.kg-1,species_only_human
5079413,CHEMBL1614671,CHEMBL768,CL,mL.min-1.kg-1,=,290.0,CHEMBL612558,,Clearance in human after iv administration,A,COC(=O)CCc1ccc(OCC(O)CNC(C)C)cc1,290.0,mL.min-1.kg-1,species_only_human
5079500,CHEMBL1614671,CHEMBL3301669,CL,mL.min-1.kg-1,=,0.01,CHEMBL612558,,Clearance in human after iv administration,A,CN[C@H]1C(=O)N[C@@H]2Cc3ccc(cc3)Oc3cc4cc(c3O[C@@H]3O[C@H](C(=O)O)[C@@H](O)[C@H](O)[C@H]3NC(=O)CCCCCCCCC(C)C)Oc3ccc(cc3Cl)[C@@H](O)[C@@H]3NC(=O)[C@H](NC(=O)[C@@H]4NC(=O)[C@@H](NC2=O)c2cc(cc(O)c2Cl)Oc2cc1ccc2O)c1ccc(O)c(c1)-c1c(O[C@H]2O[C@H](CO)[C@@H](O)[C@H](O)[C@@H]2O)cc(O)cc1[C@@H](C(=O)NCCCN(C)C)NC3=O,0.01,mL.min-1.kg-1,species_only_human
5079524,CHEMBL1614671,CHEMBL302795,CL,mL.min-1.kg-1,=,0.03,CHEMBL612558,,Clearance in human after iv administration,A,CN1C(C(=O)Nc2ccccn2)=C(O)c2sccc2S1(=O)=O,0.03,mL.min-1.kg-1,species_only_human
5079534,CHEMBL1614681,CHEMBL1464,CL,mL.min-1.kg-1,=,0.04,CHEMBL612558,,Clearance in human after iv administration,A,CC(=O)CC(c1ccccc1)c1c(O)c2ccccc2oc1=O,0.04,mL.min-1.kg-1,species_only_human
5079553,CHEMBL1614671,CHEMBL181,CL,mL.min-1.kg-1,=,0.06,CHEMBL612558,,Clearance in human after iv administration,A,CC1=Nc2ccc(Cl)cc2S(=O)(=O)N1,0.06,mL.min-1.kg-1,species_only_human
5079572,CHEMBL1614681,CHEMBL44793,CL,mL.min-1.kg-1,=,0.09,CHEMBL612558,,Clearance in human after iv administration,A,O=C(/C=C/c1c(C(=O)O)[nH]c2cc(Cl)cc(Cl)c12)Nc1ccccc1,0.09,mL.min-1.kg-1,species_only_human
5079575,CHEMBL1614681,CHEMBL1614646,CL,mL.min-1.kg-1,=,0.09,CHEMBL612558,,Clearance in human after iv administration,A,Cc1cccnc1NS(=O)(=O)c1ccc(C#Cc2ccc(O)c(C(=O)O)c2)cc1,0.09,mL.min-1.kg-1,species_only_human
5079579,CHEMBL1614671,CHEMBL898,CL,mL.min-1.kg-1,=,0.1,CHEMBL612558,,Clearance in human after iv administration,A,O=C(O)c1cc(-c2ccc(F)cc2F)ccc1O,0.1,mL.min-1.kg-1,species_only_human
5079591,CHEMBL1614681,CHEMBL20634,CL,mL.min-1.kg-1,=,0.1,CHEMBL612558,,Clearance in human after iv administration,A,CN1C(C(=O)Nc2nccs2)=C(O)c2ccccc2S1(=O)=O,0.1,mL.min-1.kg-1,species_only_human
5079605,CHEMBL1614681,CHEMBL109,CL,mL.min-1.kg-1,=,0.11,CHEMBL612558,,Clearance in human after iv administration,A,CCCC(CCC)C(=O)O,0.11,mL.min-1.kg-1,species_only_human
5079614,CHEMBL1614671,CHEMBL523,CL,mL.min-1.kg-1,=,0.12,CHEMBL612558,,Clearance in human after iv administration,A,O=C1CN=C(c2ccccc2)c2cc(Cl)ccc2N1,0.12,mL.min-1.kg-1,species_only_human
5079624,CHEMBL1614671,CHEMBL599,CL,mL.min-1.kg-1,=,0.12,CHEMBL612558,,Clearance in human after iv administration,A,Cc1cnc(NC(=O)C2=C(O)c3ccccc3S(=O)(=O)N2C)s1,0.12,mL.min-1.kg-1,species_only_human
5079652,CHEMBL1614671,CHEMBL286494,CL,mL.min-1.kg-1,=,0.13,CHEMBL612558,,Clearance in human after iv administration,A,Cc1cc(O)c2c(=O)c3c(O)cc(O)c4c5c(O)cc(O)c6c(=O)c7c(O)cc(C)c8c1c2c(c34)c(c78)c65,0.13,mL.min-1.kg-1,species_only_human
5079668,CHEMBL1614671,CHEMBL1565476,CL,mL.min-1.kg-1,=,0.14,CHEMBL612558,,Clearance in human after iv administration,A,CCCC1C(=O)N2C(N(C)C)=Nc3ccc(C)cc3N2C1=O,0.14,mL.min-1.kg-1,species_only_human
5079669,CHEMBL1614671,CHEMBL1630575,CL,mL.min-1.kg-1,=,0.14,CHEMBL612558,,Clearance in human after iv administration,A,CC[C@H](C)C[C@H](C)CCCCCCCCC(=O)N[C@H]1C[C@@H](O)[C@@H](NCCN)NC(=O)[C@@H]2[C@@H](O)CCN2C(=O)[C@H]([C@H](O)CCN)NC(=O)[C@H]([C@H](O)[C@@H](O)c2ccc(O)cc2)NC(=O)[C@@H]2C[C@@H](O)CN2C(=O)[C@H]([C@@H](C)O)NC1=O,0.14,mL.min-1.kg-1,species_only_human
5079684,CHEMBL1614671,CHEMBL1450,CL,mL.min-1.kg-1,=,0.15,CHEMBL612558,,Clearance in human after iv administration,A,O=C1C(O)=C([C@H]2CC[C@H](c3ccc(Cl)cc3)CC2)C(=O)c2ccccc21,0.15,mL.min-1.kg-1,species_only_human
5079710,CHEMBL1614681,CHEMBL696,CL,mL.min-1.kg-1,=,0.15,CHEMBL612558,,Clearance in human after iv administration,A,CCC1(C)CC(=O)NC1=O,0.15,mL.min-1.kg-1,species_only_human
5079717,CHEMBL1614671,CHEMBL4744444,CL,mL.min-1.kg-1,=,0.16,CHEMBL612558,,Clearance in human after iv administration,A,CCCCCCCCCC(=O)N[C@@H](Cc1c[nH]c2ccccc12)C(=O)N[C@H](CC(N)=O)C(=O)N[C@@H](CC(=O)O)C(=O)N[C@@H]1C(=O)NCC(=O)N[C@@H](CCCN)C(=O)N[C@@H](CC(=O)O)C(=O)N[C@H](C)C(=O)N[C@@H](CC(=O)O)C(=O)NCC(=O)N[C@H](CO)C(=O)N[C@@H]([C@H](C)CC(=O)O)C(=O)N[C@@H](CC(=O)c2ccccc2N)C(=O)O[C@@H]1C,0.16,mL.min-1.kg-1,species_only_human
5079729,CHEMBL1614671,CHEMBL109,CL,mL.min-1.kg-1,=,0.16,CHEMBL612558,,Clearance in human after iv administration,A,CCCC(CCC)C(=O)O,0.16,mL.min-1.kg-1,species_only_human
5079744,CHEMBL1614671,CHEMBL268254,CL,mL.min-1.kg-1,=,0.17,CHEMBL612558,,Clearance in human after iv administration,A,O=C1CN=C(c2ccccc2Cl)c2cc(Cl)ccc2N1,0.17,mL.min-1.kg-1,species_only_human
5079753,CHEMBL1614671,CHEMBL457547,CL,mL.min-1.kg-1,=,0.17,CHEMBL612558,,Clearance in human after iv administration,A,CCCCCOc1ccc(-c2cc(-c3ccc(C(=O)N[C@H]4C[C@@H](O)[C@@H](O)NC(=O)[C@@H]5[C@@H](O)[C@@H](C)CN5C(=O)[C@H]([C@H](O)CC(N)=O)NC(=O)[C@H]([C@H](O)[C@@H](O)c5ccc(O)c(OS(=O)(=O)O)c5)NC(=O)[C@@H]5C[C@@H](O)CN5C(=O)[C@H]([C@@H](C)O)NC4=O)cc3)no2)cc1,0.17,mL.min-1.kg-1,species_only_human
5079789,CHEMBL1614671,CHEMBL34139,CL,mL.min-1.kg-1,=,0.19,CHEMBL612558,,Clearance in human after iv administration,A,C[C@H]([C@](O)(Cn1cncn1)c1ccc(F)cc1F)S(C)(=O)=O,0.19,mL.min-1.kg-1,species_only_human
5079796,CHEMBL1614671,CHEMBL452231,CL,mL.min-1.kg-1,=,0.19,CHEMBL612558,,Clearance in human after iv administration,A,COc1cc([C@@H]2c3cc4c(cc3[C@@H](O[C@@H]3O[C@@H]5CO[C@@H](c6cccs6)O[C@H]5[C@H](O)[C@H]3O)[C@H]3COC(=O)[C@H]23)OCO4)cc(OC)c1O,0.19,mL.min-1.kg-1,species_only_human
5079812,CHEMBL1614671,CHEMBL4297191,CL,mL.min-1.kg-1,=,0.2,CHEMBL612558,,Clearance in human after iv administration,A,CCCCC/C=C\CCC(=O)N[C@H]1[C@H](Oc2c3cc4cc2Oc2ccc(cc2Cl)[C@@H](O[C@@H]2O[C@H](CO)[C@@H](O)[C@H](O)[C@H]2NC(C)=O)[C@@H]2NC(=O)[C@H](NC(=O)[C@@H]4NC(=O)[C@H]4NC(=O)[C@@H](Cc5ccc(c(Cl)c5)O3)NC(=O)[C@H](N)c3ccc(O)c(c3)Oc3cc(O)cc4c3)c3ccc(O)c(c3)-c3c(O[C@H]4O[C@H](CO)[C@@H](O)[C@H](O)[C@@H]4O)cc(O)cc3[C@@H](C(=O)O)NC2=O)O[C@H](CO)[C@@H](O)[C@@H]1O,0.2,mL.min-1.kg-1,species_only_human
5079813,CHEMBL1614671,CHEMBL507870,CL,mL.min-1.kg-1,=,0.2,CHEMBL612558,,Clearance in human after iv administration,A,CCCCCCCCCCNCCN[C@@]1(C)C[C@H](O[C@H]2[C@H](Oc3c4cc5cc3Oc3ccc(cc3Cl)[C@@H](O)[C@@H](NC(=O)[C@@H](CC(C)C)NC)C(=O)N[C@@H](CC(N)=O)C(=O)N[C@H]5C(=O)N[C@H]3C(=O)N[C@H](C(=O)N[C@H](C(=O)O)c5cc(O)c(CNCP(=O)(O)O)c(O)c5-c5cc3ccc5O)[C@H](O)c3ccc(c(Cl)c3)O4)O[C@H](CO)[C@@H](O)[C@@H]2O)O[C@@H](C)[C@H]1O,0.2,mL.min-1.kg-1,species_only_human
5079828,CHEMBL1614671,CHEMBL264241,CL,mL.min-1.kg-1,=,0.21,CHEMBL612558,,Clearance in human after iv administration,A,CCCCCOc1ccc(-c2ccc(-c3ccc(C(=O)N[C@H]4C[C@@H](O)[C@@H](O)NC(=O)[C@@H]5[C@@H](O)[C@@H](C)CN5C(=O)[C@H]([C@@H](C)O)NC(=O)[C@H]([C@H](O)[C@@H](O)c5ccc(O)cc5)NC(=O)[C@@H]5C[C@@H](O)CN5C(=O)[C@H]([C@@H](C)O)NC4=O)cc3)cc2)cc1,0.21,mL.min-1.kg-1,species_only_human
5079840,CHEMBL1614671,CHEMBL782,CL,mL.min-1.kg-1,=,0.21,CHEMBL612558,,Clearance in human after iv administration,A,CCCCNC(=O)NS(=O)(=O)c1ccc(C)cc1,0.21,mL.min-1.kg-1,species_only_human
5079890,CHEMBL1614681,CHEMBL161,CL,mL.min-1.kg-1,=,0.24,CHEMBL612558,,Clearance in human after iv administration,A,CO/N=C(\C(=O)N[C@@H]1C(=O)N2C(C(=O)O)=C(CSc3nc(=O)c(O)nn3C)CS[C@H]12)c1csc(N)n1,0.24,mL.min-1.kg-1,species_only_human
5079909,CHEMBL1614671,CHEMBL501259,CL,mL.min-1.kg-1,=,0.013,CHEMBL612558,,Clearance in human after iv administration,A,CCCCCC/C=C\CCCCCCCCCC(=O)N[C@H]1[C@H](OC[C@H]2O[C@H](OP(=O)(O)O)[C@H](NC(=O)CC(=O)CCCCCCCCCCC)[C@@H](OCCCCCCCCCC)[C@@H]2O)O[C@H](COC)[C@@H](OP(=O)(O)O)[C@@H]1OCC[C@@H](CCCCCCC)OC,0.013,mL.min-1.kg-1,species_only_human
5079937,CHEMBL1614671,CHEMBL263499,CL,mL.min-1.kg-1,=,0.025,CHEMBL612558,,Clearance in human after iv administration,A,CC/C=C\C/C=C\C/C=C\C/C=C\C/C=C\C/C=C/CCC(=O)O[C@@H](C(=O)O[C@H]1C[C@@]2(O)[C@@H](OC(=O)c3ccccc3)C3[C@](C)(C(=O)[C@H](OC(C)=O)C(=C1C)C2(C)C)[C@@H](O)C[C@H]1OC[C@@]31OC(C)=O)[C@@H](NC(=O)c1ccccc1)c1ccccc1,0.025,mL.min-1.kg-1,species_only_human
5079961,CHEMBL1614671,CHEMBL1236539,CL,mL.min-1.kg-1,=,0.0037,CHEMBL612558,,Clearance in human after iv administration,A,CN[C@@H]1C[C@H]2O[C@@](C)([C@@H]1OC)n1c3ccccc3c3c4c(c5c6ccccc6n2c5c31)C(=O)N[C@@H]4O,0.0037,mL.min-1.kg-1,species_only_human
5079966,CHEMBL1614671,CHEMBL282686,CL,mL.min-1.kg-1,=,0.039,CHEMBL612558,,Clearance in human after iv administration,A,CCO[C@@H](Cc1ccc(OCCc2ccc(OS(C)(=O)=O)cc2)cc1)C(=O)O,0.039,mL.min-1.kg-1,species_only_human
5079971,CHEMBL1614671,CHEMBL254219,CL,mL.min-1.kg-1,=,0.043,CHEMBL612558,,Clearance in human after iv administration,A,C[C@H]1O[C@@H](O[C@H]2[C@@H](O)C[C@H](O[C@H]3[C@@H](O)C[C@H](O[C@H]4CC[C@@]5(C)[C@H](CC[C@@H]6[C@@H]5CC[C@]5(C)[C@@H](C7=CC(=O)OC7)CC[C@]65O)C4)O[C@@H]3C)O[C@@H]2C)C[C@H](O)[C@@H]1O,0.043,mL.min-1.kg-1,species_only_human
5079976,CHEMBL1614671,CHEMBL498,CL,mL.min-1.kg-1,=,0.045,CHEMBL612558,,Clearance in human after iv administration,A,CCCNC(=O)NS(=O)(=O)c1ccc(Cl)cc1,0.045,mL.min-1.kg-1,species_only_human
5079977,CHEMBL1614671,CHEMBL1614640,CL,mL.min-1.kg-1,=,0.0047,CHEMBL612558,,Clearance in human after iv administration,A,Cn1cc(NC(=O)Nc2cc(C(=O)Nc3cc(C(=O)Nc4ccc5cc(S(=O)(=O)O)cc(S(=O)(=O)O)c5c4)n(C)c3)n(C)c2)cc1C(=O)Nc1cc(C(=O)Nc2ccc3cc(S(=O)(=O)O)cc(S(=O)(=O)O)c3c2)n(C)c1,0.0047,mL.min-1.kg-1,species_only_human
5079986,CHEMBL1614671,CHEMBL36,CL,mL.min-1.kg-1,=,0.052,CHEMBL612558,,Clearance in human after iv administration,A,CCc1nc(N)nc(N)c1-c1ccc(Cl)cc1,0.052,mL.min-1.kg-1,species_only_human
5079990,CHEMBL1614671,CHEMBL1464,CL,mL.min-1.kg-1,=,0.055,CHEMBL612558,,Clearance in human after iv administration,A,CC(=O)CC(c1ccccc1)c1c(O)c2ccccc2oc1=O,0.055,mL.min-1.kg-1,species_only_human
5079995,CHEMBL1614671,CHEMBL265502,CL,mL.min-1.kg-1,=,0.0057,CHEMBL612558,,Clearance in human after iv administration,A,Cc1ccc(C(=O)Nc2ccc(S(=O)(=O)O)c3cc(S(=O)(=O)O)cc(S(=O)(=O)O)c23)cc1NC(=O)c1cccc(NC(=O)Nc2cccc(C(=O)Nc3cc(C(=O)Nc4ccc(S(=O)(=O)O)c5cc(S(=O)(=O)O)cc(S(=O)(=O)O)c45)ccc3C)c2)c1,0.0057,mL.min-1.kg-1,species_only_human
5080002,CHEMBL1614671,CHEMBL40,CL,mL.min-1.kg-1,=,0.063,CHEMBL612558,,Clearance in human after iv administration,A,CCC1(c2ccccc2)C(=O)NC(=O)NC1=O,0.063,mL.min-1.kg-1,species_only_human
5080013,CHEMBL1614671,CHEMBL53292,CL,mL.min-1.kg-1,=,0.07,CHEMBL612558,,Clearance in human after iv administration,A,Cc1cc(NC(=O)C2=C(O)c3ccccc3S(=O)(=O)N2C)no1,0.07,mL.min-1.kg-1,species_only_human
5080018,CHEMBL1614681,CHEMBL154,CL,mL.min-1.kg-1,=,0.07,CHEMBL612558,,Clearance in human after iv administration,A,COc1ccc2cc([C@H](C)C(=O)O)ccc2c1,0.07,mL.min-1.kg-1,species_only_human
5080029,CHEMBL1614671,CHEMBL11672,CL,mL.min-1.kg-1,=,0.082,CHEMBL612558,,Clearance in human after iv administration,A,CN(C(=O)c1c(O)c2ccccc2n(C)c1=O)c1ccccc1,0.082,mL.min-1.kg-1,species_only_human
5080062,CHEMBL1614671,CHEMBL897,CL,mL.min-1.kg-1,=,0.25,CHEMBL612558,,Clearance in human after iv administration,A,CCCN(CCC)S(=O)(=O)c1ccc(C(=O)O)cc1,0.25,mL.min-1.kg-1,species_only_human
5080073,CHEMBL1614671,CHEMBL161,CL,mL.min-1.kg-1,=,0.26,CHEMBL612558,,Clearance in human after iv administration,A,CO/N=C(\C(=O)N[C@@H]1C(=O)N2C(C(=O)O)=C(CSc3nc(=O)c(O)nn3C)CS[C@H]12)c1csc(N)n1,0.26,mL.min-1.kg-1,species_only_human
5080114,CHEMBL1614681,CHEMBL1201204,CL,mL.min-1.kg-1,=,0.28,CHEMBL612558,,Clearance in human after iv administration,A,Cc1cc(O)c(C(=O)N[C@@H](C(=O)N[C@@H]2C(=O)N3C(C(=O)O)=C(CSc4nnnn4C)CS[C@H]23)c2ccc(O)cc2)cn1,0.28,mL.min-1.kg-1,species_only_human
5080140,CHEMBL1614671,CHEMBL57,CL,mL.min-1.kg-1,=,0.3,CHEMBL612558,,Clearance in human after iv administration,A,Cc1ccnc2c1NC(=O)c1cccnc1N2C1CC1,0.3,mL.min-1.kg-1,species_only_human
5080148,CHEMBL1614671,CHEMBL453,CL,mL.min-1.kg-1,=,0.3,CHEMBL612558,,Clearance in human after iv administration,A,Cc1noc(NS(=O)(=O)c2ccc(N)cc2)c1C,0.3,mL.min-1.kg-1,species_only_human
5080155,CHEMBL1614681,CHEMBL1350,CL,mL.min-1.kg-1,=,0.3,CHEMBL612558,,Clearance in human after iv administration,A,O=P(O)(O)C(Sc1ccc(Cl)cc1)P(=O)(O)O,0.3,mL.min-1.kg-1,species_only_human
5080162,CHEMBL1614671,CHEMBL106,CL,mL.min-1.kg-1,=,0.31,CHEMBL612558,,Clearance in human after iv administration,A,OC(Cn1cncn1)(Cn1cncn1)c1ccc(F)cc1F,0.31,mL.min-1.kg-1,species_only_human
5080171,CHEMBL1614671,CHEMBL581,CL,mL.min-1.kg-1,=,0.32,CHEMBL612558,,Clearance in human after iv administration,A,O=C(O)[C@@H]1C[C@@H](C2CCCCC2)CN1C(=O)CP(=O)(O)CCCCc1ccccc1,0.32,mL.min-1.kg-1,species_only_human
5080186,CHEMBL1614671,CHEMBL138225,CL,mL.min-1.kg-1,=,0.33,CHEMBL612558,,Clearance in human after iv administration,A,CC(C)(C)NC(=O)[C@H]1CC[C@H]2[C@@H]3CC=C4C=C(C(=O)O)CC[C@]4(C)[C@H]3CC[C@]12C,0.33,mL.min-1.kg-1,species_only_human
5080191,CHEMBL1614689,CHEMBL1276308,CL,mL.min-1.kg-1,=,0.33,CHEMBL612558,,Clearance in human after iv administration,A,CC#C[C@]1(O)CC[C@H]2[C@@H]3CCC4=CC(=O)CCC4=C3[C@@H](c3ccc(N(C)C)cc3)C[C@@]21C,0.33,mL.min-1.kg-1,species_only_human
5080197,CHEMBL1614671,CHEMBL832,CL,mL.min-1.kg-1,=,0.34,CHEMBL612558,,Clearance in human after iv administration,A,O=C1C(CC[S+]([O-])c2ccccc2)C(=O)N(c2ccccc2)N1c1ccccc1,0.34,mL.min-1.kg-1,species_only_human
5080199,CHEMBL1614681,CHEMBL1628161,CL,mL.min-1.kg-1,=,0.34,CHEMBL612558,,Clearance in human after iv administration,A,C#C[C@]1(O)CC[C@H]2[C@@H]3CCc4cc(O)ccc4[C@H]3[C@@H](OC)C[C@@]21C,0.34,mL.min-1.kg-1,species_only_human
5080203,CHEMBL1614681,CHEMBL469,CL,mL.min-1.kg-1,=,0.35,CHEMBL612558,,Clearance in human after iv administration,A,O=C(c1ccccc1)c1ccc2n1CCC2C(=O)O,0.35,mL.min-1.kg-1,species_only_human
5080204,CHEMBL1614671,CHEMBL469,CL,mL.min-1.kg-1,=,0.35,CHEMBL612558,,Clearance in human after iv administration,A,O=C(c1ccccc1)c1ccc2n1CCC2C(=O)O,0.35,mL.min-1.kg-1,species_only_human
5080221,CHEMBL1614671,CHEMBL443,CL,mL.min-1.kg-1,=,0.36,CHEMBL612558,,Clearance in human after iv administration,A,Cc1cc(NS(=O)(=O)c2ccc(N)cc2)no1,0.36,mL.min-1.kg-1,species_only_human
5080227,CHEMBL1614671,CHEMBL451,CL,mL.min-1.kg-1,=,0.37,CHEMBL612558,,Clearance in human after iv administration,A,CNC1=Nc2ccc(Cl)cc2C(c2ccccc2)=[N+]([O-])C1,0.37,mL.min-1.kg-1,species_only_human
5080233,CHEMBL1614671,CHEMBL12,CL,mL.min-1.kg-1,=,0.38,CHEMBL612558,,Clearance in human after iv administration,A,CN1C(=O)CN=C(c2ccccc2)c2cc(Cl)ccc21,0.38,mL.min-1.kg-1,species_only_human
5080241,CHEMBL1614681,CHEMBL53624,CL,mL.min-1.kg-1,=,0.38,CHEMBL612558,,Clearance in human after iv administration,A,Nc1nc(/C(=N/O)C(=O)N[C@@H]2C(=O)N3C(C(=O)O)=C(/C=C4\CCN(CC(F)(F)F)C4=O)CS[C@H]23)cs1,0.38,mL.min-1.kg-1,species_only_human
5080266,CHEMBL1614671,CHEMBL344478,CL,mL.min-1.kg-1,=,0.4,CHEMBL612558,,Clearance in human after iv administration,A,COc1cc([C@@H]2c3cc4c(cc3C(OC3OC5COC(C)OC5C(O)C3N)C3COC(=O)[C@@H]32)OCO4)cc(OC)c1O,0.4,mL.min-1.kg-1,species_only_human
5080274,CHEMBL1614681,CHEMBL267345,CL,mL.min-1.kg-1,=,0.4,CHEMBL612558,,Clearance in human after iv administration,A,C[C@@H]1[C@H](O)[C@@H](C)/C=C/C=C/C=C/C=C/C=C/C=C/C=C/[C@H](O[C@@H]2O[C@H](C)[C@@H](O)[C@H](N)[C@@H]2O)C[C@@H]2O[C@](O)(C[C@@H](O)C[C@@H](O)[C@H](O)CC[C@@H](O)C[C@@H](O)CC(=O)O[C@H]1C)C[C@H](O)[C@H]2C(=O)O,0.4,mL.min-1.kg-1,species_only_human
5080285,CHEMBL1614671,CHEMBL474579,CL,mL.min-1.kg-1,=,0.42,CHEMBL612558,,Clearance in human after iv administration,A,CO[C@@]1(NC(=O)C2SC(=C(C(N)=O)C(=O)O)S2)C(=O)N2C(C(=O)O)=C(CSc3nnnn3C)CS[C@@H]21,0.42,mL.min-1.kg-1,species_only_human
5080296,CHEMBL1614671,CHEMBL1201288,CL,mL.min-1.kg-1,=,0.43,CHEMBL612558,,Clearance in human after iv administration,A,O=C1CN(/N=C/c2ccc(-c3ccc([N+](=O)[O-])cc3)o2)C(=O)N1,0.43,mL.min-1.kg-1,species_only_human
5080310,CHEMBL1614671,CHEMBL1359,CL,mL.min-1.kg-1,=,0.45,CHEMBL612558,,Clearance in human after iv administration,A,C[C@@H](O)[C@H]1C(=O)N2C(C(=O)O)=C(S[C@@H]3CN[C@H](C(=O)Nc4cccc(C(=O)O)c4)C3)[C@H](C)[C@H]12,0.45,mL.min-1.kg-1,species_only_human
5080317,CHEMBL1614671,CHEMBL1200699,CL,mL.min-1.kg-1,=,0.46,CHEMBL612558,,Clearance in human after iv administration,A,C[C@H]1c2cccc(O)c2C(=O)C2=C(O)[C@]3(O)C(=O)C(C(N)=O)=C(O)[C@@H](N(C)C)[C@@H]3[C@@H](O)[C@@H]21.O,0.46,mL.min-1.kg-1,species_only_human
5080325,CHEMBL1614671,CHEMBL448,CL,mL.min-1.kg-1,=,0.47,CHEMBL612558,,Clearance in human after iv administration,A,CCCC(C)C1(CC)C(=O)NC(=O)NC1=O,0.47,mL.min-1.kg-1,species_only_human
5080328,CHEMBL1614671,CHEMBL1043,CL,mL.min-1.kg-1,=,0.48,CHEMBL612558,,Clearance in human after iv administration,A,Nc1ccc(S(=O)(=O)c2ccc(N)cc2)cc1,0.48,mL.min-1.kg-1,species_only_human
5080337,CHEMBL1614671,CHEMBL1069,CL,mL.min-1.kg-1,=,0.49,CHEMBL612558,,Clearance in human after iv administration,A,CCCCC(=O)N(Cc1ccc(-c2ccccc2-c2nnn[nH]2)cc1)[C@H](C(=O)O)C(C)C,0.49,mL.min-1.kg-1,species_only_human
5080342,CHEMBL1614681,CHEMBL474579,CL,mL.min-1.kg-1,=,0.5,CHEMBL612558,,Clearance in human after iv administration,A,CO[C@@]1(NC(=O)C2SC(=C(C(N)=O)C(=O)O)S2)C(=O)N2C(C(=O)O)=C(CSc3nnnn3C)CS[C@@H]21,0.5,mL.min-1.kg-1,species_only_human
5080344,CHEMBL1614671,CHEMBL511115,CL,mL.min-1.kg-1,=,0.5,CHEMBL612558,,Clearance in human after iv administration,A,COc1ccc([C@]2(C#N)CC[C@@H](C(=O)O)CC2)cc1OC1CCCC1,0.5,mL.min-1.kg-1,species_only_human
5080347,CHEMBL1614671,CHEMBL44657,CL,mL.min-1.kg-1,=,0.5,CHEMBL612558,,Clearance in human after iv administration,A,COc1cc([C@@H]2c3cc4c(cc3[C@@H](O[C@@H]3O[C@@H]5CO[C@@H](C)O[C@H]5[C@H](O)[C@H]3O)[C@H]3COC(=O)[C@H]23)OCO4)cc(OC)c1O,0.5,mL.min-1.kg-1,species_only_human
5080349,CHEMBL1614671,CHEMBL1481,CL,mL.min-1.kg-1,=,0.5,CHEMBL612558,,Clearance in human after iv administration,A,CCC1=C(C)CN(C(=O)NCCc2ccc(S(=O)(=O)NC(=O)N[C@H]3CC[C@H](C)CC3)cc2)C1=O,0.5,mL.min-1.kg-1,species_only_human
5080366,CHEMBL1614671,CHEMBL277062,CL,mL.min-1.kg-1,=,0.51,CHEMBL612558,,Clearance in human after iv administration,A,O=C1CN=C(c2ccccn2)c2cc(Br)ccc2N1,0.51,mL.min-1.kg-1,species_only_human
5080384,CHEMBL1614671,CHEMBL1148,CL,mL.min-1.kg-1,=,0.53,CHEMBL612558,,Clearance in human after iv administration,A,Cc1cccc(Nc2ccncc2S(=O)(=O)NC(=O)NC(C)C)c1,0.53,mL.min-1.kg-1,species_only_human
5080403,CHEMBL1614671,CHEMBL796,CL,mL.min-1.kg-1,=,0.55,CHEMBL612558,,Clearance in human after iv administration,A,COC(=O)C(c1ccccc1)C1CCCCN1,0.55,mL.min-1.kg-1,species_only_human
5080404,CHEMBL1614671,CHEMBL1572,CL,mL.min-1.kg-1,=,0.55,CHEMBL612558,,Clearance in human after iv administration,A,CCN[C@@H]1C[C@H](N)[C@@H](O[C@H]2OC(CN)=CC[C@H]2N)[C@H](O)[C@H]1O[C@H]1OC[C@](C)(O)[C@H](NC)[C@H]1O,0.55,mL.min-1.kg-1,species_only_human
5080409,CHEMBL1614671,CHEMBL439,CL,mL.min-1.kg-1,=,0.55,CHEMBL612558,,Clearance in human after iv administration,A,Nc1ccc(S(=O)(=O)Nc2ncccn2)cc1,0.55,mL.min-1.kg-1,species_only_human
5080413,CHEMBL1614671,CHEMBL1073,CL,mL.min-1.kg-1,=,0.56,CHEMBL612558,,Clearance in human after iv administration,A,Cc1cnc(C(=O)NCCc2ccc(S(=O)(=O)NC(=O)NC3CCCCC3)cc2)cn1,0.56,mL.min-1.kg-1,species_only_human
5080422,CHEMBL1614671,CHEMBL1444,CL,mL.min-1.kg-1,=,0.57,CHEMBL612558,,Clearance in human after iv administration,A,N#Cc1ccc(C(c2ccc(C#N)cc2)n2cncn2)cc1,0.57,mL.min-1.kg-1,species_only_human
5080425,CHEMBL1614681,CHEMBL16,CL,mL.min-1.kg-1,=,0.57,CHEMBL612558,,Clearance in human after iv administration,A,O=C1NC(=O)C(c2ccccc2)(c2ccccc2)N1,0.57,mL.min-1.kg-1,species_only_human
5080458,CHEMBL1614671,CHEMBL979,CL,mL.min-1.kg-1,=,0.6,CHEMBL612558,,Clearance in human after iv administration,A,CCCC(C)(COC(N)=O)COC(N)=O,0.6,mL.min-1.kg-1,species_only_human
5080464,CHEMBL1614671,CHEMBL1220,CL,mL.min-1.kg-1,=,0.6,CHEMBL612558,,Clearance in human after iv administration,A,CCS(=O)(=O)CCn1c([N+](=O)[O-])cnc1C,0.6,mL.min-1.kg-1,species_only_human
5080474,CHEMBL1614671,CHEMBL2303613,CL,mL.min-1.kg-1,=,0.61,CHEMBL612558,,Clearance in human after iv administration,A,CO/N=C(\C(=O)N[C@@H]1C(=O)N2C(C(=O)O)=C(CSc3nc(C)c(CC(=O)O)s3)CS[C@H]12)c1csc(N)n1,0.61,mL.min-1.kg-1,species_only_human
5080490,CHEMBL1614671,CHEMBL1614664,CL,mL.min-1.kg-1,=,0.62,CHEMBL612558,,Clearance in human after iv administration,A,Cc1cc(O)c2c(=O)c3c(O)cc(O)c4c5c(O)cc(O)c6c(=O)c7c(O)cc(CO)c8c1c2c(c34)c(c65)c78,0.62,mL.min-1.kg-1,species_only_human
5080494,CHEMBL1614671,CHEMBL836,CL,mL.min-1.kg-1,=,0.62,CHEMBL612558,,Clearance in human after iv administration,A,CCOc1ccccc1OCCN[C@H](C)Cc1ccc(OC)c(S(N)(=O)=O)c1,0.62,mL.min-1.kg-1,species_only_human
5080502,CHEMBL1614671,CHEMBL277474,CL,mL.min-1.kg-1,=,0.64,CHEMBL612558,,Clearance in human after iv administration,A,Cc1cc(=O)n(-c2ccccc2)n1C,0.64,mL.min-1.kg-1,species_only_human
5080513,CHEMBL1614671,CHEMBL20,CL,mL.min-1.kg-1,=,0.65,CHEMBL612558,,Clearance in human after iv administration,A,CC(=O)Nc1nnc(S(N)(=O)=O)s1,0.65,mL.min-1.kg-1,species_only_human
5080525,CHEMBL1614671,CHEMBL121,CL,mL.min-1.kg-1,=,0.65,CHEMBL612558,,Clearance in human after iv administration,A,CN(CCOc1ccc(CC2SC(=O)NC2=O)cc1)c1ccccn1,0.65,mL.min-1.kg-1,species_only_human
5080528,CHEMBL1614681,CHEMBL277474,CL,mL.min-1.kg-1,=,0.66,CHEMBL612558,,Clearance in human after iv administration,A,Cc1cc(=O)n(-c2ccccc2)n1C,0.66,mL.min-1.kg-1,species_only_human
5080531,CHEMBL1614671,CHEMBL1201046,CL,mL.min-1.kg-1,=,0.66,CHEMBL612558,,Clearance in human after iv administration,A,NCc1ccccc1CC(=O)N[C@@H]1C(=O)N2C(C(=O)O)=C(CSc3nnnn3CC(=O)O)CS[C@H]12,0.66,mL.min-1.kg-1,species_only_human
5080544,CHEMBL1614671,CHEMBL219410,CL,mL.min-1.kg-1,=,0.67,CHEMBL612558,,Clearance in human after iv administration,A,CO[C@H]1C[C@@H]2CC[C@@H](C)[C@@](O)(O2)C(=O)C(=O)N2CCCC[C@H]2C(=O)O[C@H]([C@H](C)C[C@@H]2CC[C@H](n3cnnn3)[C@H](OC)C2)CC(=O)[C@H](C)/C=C(\C)[C@@H](O)[C@@H](OC)C(=O)[C@H](C)C[C@H](C)/C=C/C=C/C=C/1C,0.67,mL.min-1.kg-1,species_only_human
5080550,CHEMBL1614671,CHEMBL787,CL,mL.min-1.kg-1,=,0.68,CHEMBL612558,,Clearance in human after iv administration,A,CC(C)(O)c1ccccc1CC[C@@H](SCC1(CC(=O)O)CC1)c1cccc(/C=C/c2ccc3ccc(Cl)cc3n2)c1,0.68,mL.min-1.kg-1,species_only_human
5080552,CHEMBL1614671,CHEMBL280481,CL,mL.min-1.kg-1,=,0.68,CHEMBL612558,,Clearance in human after iv administration,A,CN(C)C(=O)CCS[C@H](SCCC(=O)O)c1cccc(/C=C/c2ccc3ccc(Cl)cc3n2)c1,0.68,mL.min-1.kg-1,species_only_human
5080554,CHEMBL1614671,CHEMBL1231101,CL,mL.min-1.kg-1,=,0.69,CHEMBL612558,,Clearance in human after iv administration,A,N[C@H](C(=O)O)[C@@H]1CC(Cl)=NO1,0.69,mL.min-1.kg-1,species_only_human
5080581,CHEMBL1614671,CHEMBL269732,CL,mL.min-1.kg-1,=,0.7,CHEMBL612558,,Clearance in human after iv administration,A,C=CC[C@@H]1/C=C(\C)C[C@H](C)C[C@H](OC)[C@H]2O[C@@](O)(C(=O)C(=O)N3CCCC[C@H]3C(=O)O[C@H](/C(C)=C/[C@@H]3CC[C@@H](O)[C@H](OC)C3)[C@H](C)[C@@H](O)CC1=O)[C@H](C)C[C@@H]2OC,0.7,mL.min-1.kg-1,species_only_human
5080587,CHEMBL1614681,CHEMBL695,CL,mL.min-1.kg-1,=,0.7,CHEMBL612558,,Clearance in human after iv administration,A,CN1C(=O)OC(C)(C)C1=O,0.7,mL.min-1.kg-1,species_only_human
5080598,CHEMBL1614671,CHEMBL74632,CL,mL.min-1.kg-1,=,0.72,CHEMBL612558,,Clearance in human after iv administration,A,CO[C@@]1(NC(=O)C(C(=O)O)c2ccc(O)cc2)C(=O)N2C(C(=O)O)=C(CSc3nnnn3C)CO[C@@H]21,0.72,mL.min-1.kg-1,species_only_human
5080603,CHEMBL1614681,CHEMBL2303613,CL,mL.min-1.kg-1,=,0.73,CHEMBL612558,,Clearance in human after iv administration,A,CO/N=C(\C(=O)N[C@@H]1C(=O)N2C(C(=O)O)=C(CSc3nc(C)c(CC(=O)O)s3)CS[C@H]12)c1csc(N)n1,0.73,mL.min-1.kg-1,species_only_human
5080614,CHEMBL1614671,CHEMBL661,CL,mL.min-1.kg-1,=,0.74,CHEMBL612558,,Clearance in human after iv administration,A,Cc1nnc2n1-c1ccc(Cl)cc1C(c1ccccc1)=NC2,0.74,mL.min-1.kg-1,species_only_human
5080645,CHEMBL1614671,CHEMBL956,CL,mL.min-1.kg-1,=,0.76,CHEMBL612558,,Clearance in human after iv administration,A,CC(C(=O)O)c1ccc(C(=O)c2cccs2)cc1,0.76,mL.min-1.kg-1,species_only_human
5080654,CHEMBL1614671,CHEMBL119,CL,mL.min-1.kg-1,=,0.77,CHEMBL612558,,Clearance in human after iv administration,A,COc1cc(NCc2ccc3nc(N)nc(N)c3c2C)cc(OC)c1OC,0.77,mL.min-1.kg-1,species_only_human
5080656,CHEMBL1614681,CHEMBL1231101,CL,mL.min-1.kg-1,=,0.78,CHEMBL612558,,Clearance in human after iv administration,A,N[C@H](C(=O)O)[C@@H]1CC(Cl)=NO1,0.78,mL.min-1.kg-1,species_only_human
5080664,CHEMBL1614671,CHEMBL372795,CL,mL.min-1.kg-1,=,0.78,CHEMBL612558,,Clearance in human after iv administration,A,CN[C@@H]1[C@H](O[C@H]2[C@H](O[C@H]3[C@H](O)[C@@H](O)[C@H](N=C(N)N)[C@@H](O)[C@@H]3N=C(N)N)O[C@@H](C)[C@]2(O)C=O)O[C@@H](CO)[C@H](O)[C@H]1O,0.78,mL.min-1.kg-1,species_only_human
5080675,CHEMBL1614671,CHEMBL416146,CL,mL.min-1.kg-1,=,0.79,CHEMBL612558,,Clearance in human after iv administration,A,Cc1ccc(-c2ncc(Cl)cc2-c2ccc(S(C)(=O)=O)cc2)cn1,0.79,mL.min-1.kg-1,species_only_human
5080684,CHEMBL1614671,CHEMBL560976,CL,mL.min-1.kg-1,=,0.8,CHEMBL612558,,Clearance in human after iv administration,A,NC[C@@H]1CC[C@@H](N)[C@@H](O[C@H]2[C@H](O)[C@@H](O[C@H]3O[C@H](CO)[C@@H](O)[C@H](N)[C@H]3O)[C@H](N)C[C@@H]2N)O1,0.8,mL.min-1.kg-1,species_only_human
5080689,CHEMBL1614671,CHEMBL1213583,CL,mL.min-1.kg-1,=,0.8,CHEMBL612558,,Clearance in human after iv administration,A,C#C[C@]1(O)C=C[C@H]2[C@@H]3CCC4=CC(=O)CC[C@@H]4[C@H]3CC[C@@]21CC,0.8,mL.min-1.kg-1,species_only_human
5080703,CHEMBL1614681,CHEMBL504802,CL,mL.min-1.kg-1,=,0.8,CHEMBL612558,,Clearance in human after iv administration,A,O=C(O)C[C@H](NC(=O)CP(=O)(O)O)C(=O)O,0.8,mL.min-1.kg-1,species_only_human
5080711,CHEMBL1614671,CHEMBL472,CL,mL.min-1.kg-1,=,0.82,CHEMBL612558,,Clearance in human after iv administration,A,COc1ccc(Cl)cc1C(=O)NCCc1ccc(S(=O)(=O)NC(=O)NC2CCCCC2)cc1,0.82,mL.min-1.kg-1,species_only_human
5080712,CHEMBL1614671,CHEMBL521,CL,mL.min-1.kg-1,=,0.82,CHEMBL612558,,Clearance in human after iv administration,A,CC(C)Cc1ccc(C(C)C(=O)O)cc1,0.82,mL.min-1.kg-1,species_only_human
5080715,CHEMBL1614671,CHEMBL14370,CL,mL.min-1.kg-1,=,0.82,CHEMBL612558,,Clearance in human after iv administration,A,CCOc1ccccc1OC(c1ccccc1)C1CNCCO1,0.82,mL.min-1.kg-1,species_only_human
5080718,CHEMBL1614671,CHEMBL1112,CL,mL.min-1.kg-1,=,0.83,CHEMBL612558,,Clearance in human after iv administration,A,O=C1CCc2ccc(OCCCCN3CCN(c4cccc(Cl)c4Cl)CC3)cc2N1,0.83,mL.min-1.kg-1,species_only_human
5080750,CHEMBL1614671,CHEMBL137,CL,mL.min-1.kg-1,=,0.85,CHEMBL612558,,Clearance in human after iv administration,A,Cc1ncc([N+](=O)[O-])n1CCO,0.85,mL.min-1.kg-1,species_only_human
5080758,CHEMBL1614671,CHEMBL13209,CL,mL.min-1.kg-1,=,0.86,CHEMBL612558,,Clearance in human after iv administration,A,O=C1CN=C(c2ccccc2)c2cc([N+](=O)[O-])ccc2N1,0.86,mL.min-1.kg-1,species_only_human
5080760,CHEMBL1614671,CHEMBL86715,CL,mL.min-1.kg-1,=,0.86,CHEMBL612558,,Clearance in human after iv administration,A,OC(CCN1CCCC1)(c1ccccc1)C1CCCCC1,0.86,mL.min-1.kg-1,species_only_human
5080763,CHEMBL1614671,CHEMBL1355736,CL,mL.min-1.kg-1,=,0.86,CHEMBL612558,,Clearance in human after iv administration,A,Cn1c(=O)c2nc[nH]c2n(C)c1=O.O,0.86,mL.min-1.kg-1,species_only_human
5080780,CHEMBL1614681,CHEMBL1435,CL,mL.min-1.kg-1,=,0.88,CHEMBL612558,,Clearance in human after iv administration,A,Cc1nnc(SCC2=C(C(=O)O)N3C(=O)[C@@H](NC(=O)Cn4cnnn4)[C@H]3SC2)s1,0.88,mL.min-1.kg-1,species_only_human
5080781,CHEMBL1614671,CHEMBL452,CL,mL.min-1.kg-1,=,0.88,CHEMBL612558,,Clearance in human after iv administration,A,O=C1CN=C(c2ccccc2Cl)c2cc([N+](=O)[O-])ccc2N1,0.88,mL.min-1.kg-1,species_only_human
5080786,CHEMBL1614671,CHEMBL1435,CL,mL.min-1.kg-1,=,0.89,CHEMBL612558,,Clearance in human after iv administration,A,Cc1nnc(SCC2=C(C(=O)O)N3C(=O)[C@@H](NC(=O)Cn4cnnn4)[C@H]3SC2)s1,0.89,mL.min-1.kg-1,species_only_human
5080788,CHEMBL1614671,CHEMBL578211,CL,mL.min-1.kg-1,=,0.89,CHEMBL612558,,Clearance in human after iv administration,A,CN1C(=O)CC[C@H]1c1cccnc1,0.89,mL.min-1.kg-1,species_only_human
5080793,CHEMBL1614671,CHEMBL1200622,CL,mL.min-1.kg-1,=,0.89,CHEMBL612558,,Clearance in human after iv administration,A,C[C@H](/C=C/[C@H](C)C(C)(C)O)[C@H]1CC[C@H]2/C(=C/C=C3C[C@@H](O)C[C@H](O)C3)CCC[C@]12C,0.89,mL.min-1.kg-1,species_only_human
5080798,CHEMBL1614671,CHEMBL517,CL,mL.min-1.kg-1,=,0.9,CHEMBL612558,,Clearance in human after iv administration,A,CC(C)N(CCC(C(N)=O)(c1ccccc1)c1ccccn1)C(C)C,0.9,mL.min-1.kg-1,species_only_human
5080825,CHEMBL1614681,CHEMBL15177,CL,mL.min-1.kg-1,=,0.92,CHEMBL612558,,Clearance in human after iv administration,A,CN(C)C(=O)CCSC(SCCC(=O)O)c1cccc(/C=C/c2ccc3ccc(Cl)cc3n2)c1,0.92,mL.min-1.kg-1,species_only_human
5080830,CHEMBL1614671,CHEMBL1733,CL,mL.min-1.kg-1,=,0.93,CHEMBL612558,,Clearance in human after iv administration,A,C[C@H](N[C@@H](CCc1ccccc1)C(=O)O)C(=O)N1Cc2ccccc2C[C@H]1C(=O)O,0.93,mL.min-1.kg-1,species_only_human
5080836,CHEMBL1614671,CHEMBL1756,CL,mL.min-1.kg-1,=,0.94,CHEMBL612558,,Clearance in human after iv administration,A,C[C@]12CC[C@@H]3c4ccc(OC(=O)N(CCCl)CCCl)cc4CC[C@H]3[C@@H]1CC[C@@H]2OP(=O)(O)O,0.94,mL.min-1.kg-1,species_only_human
5080859,CHEMBL1614671,CHEMBL1614650,CL,mL.min-1.kg-1,=,0.96,CHEMBL612558,,Clearance in human after iv administration,A,CC[C@@]1(O)C(=O)OCc2c1cc1n(c2=O)Cc2c-1nc1cc(F)c(C)c3c1c2[C@@H](N)CC3,0.96,mL.min-1.kg-1,species_only_human
5080866,CHEMBL1614671,CHEMBL513301,CL,mL.min-1.kg-1,=,0.96,CHEMBL612558,,Clearance in human after iv administration,A,COc1cc2c(N)nc(N3CCN(C(=O)OCC(C)(C)O)CC3)nc2c(OC)c1OC,0.96,mL.min-1.kg-1,species_only_human
5080875,CHEMBL1614671,CHEMBL1237046,CL,mL.min-1.kg-1,=,0.97,CHEMBL612558,,Clearance in human after iv administration,A,CN(C)[C@@H]1C(O)=C(C(=O)NCN2CCCC2)C(=O)[C@@]2(O)C(O)=C3C(=O)c4c(O)cccc4[C@@](C)(O)[C@H]3C[C@@H]12,0.97,mL.min-1.kg-1,species_only_human
5080889,CHEMBL1614671,CHEMBL1167,CL,mL.min-1.kg-1,=,0.99,CHEMBL612558,,Clearance in human after iv administration,A,CN[C@@H]1[C@H](O)[C@H](NC)[C@H]2O[C@@]3(O)C(=O)C[C@@H](C)O[C@H]3O[C@@H]2[C@H]1O,0.99,mL.min-1.kg-1,species_only_human
5080894,CHEMBL1614671,CHEMBL1471,CL,mL.min-1.kg-1,=,1.0,CHEMBL612558,,Clearance in human after iv administration,A,C[C@@H](O[C@H]1OCCN(Cc2n[nH]c(=O)[nH]2)[C@H]1c1ccc(F)cc1)c1cc(C(F)(F)F)cc(C(F)(F)F)c1,1.0,mL.min-1.kg-1,species_only_human
5080899,CHEMBL1614671,CHEMBL1541,CL,mL.min-1.kg-1,=,1.0,CHEMBL612558,,Clearance in human after iv administration,A,C=CC1=C(C(=O)O)N2C(=O)[C@@H](NC(=O)/C(=N\OCC(=O)O)c3csc(N)n3)[C@H]2SC1,1.0,mL.min-1.kg-1,species_only_human
5080919,CHEMBL1614671,CHEMBL6067485,CL,mL.min-1.kg-1,=,1.0,CHEMBL612558,,Clearance in human after iv administration,A,,1.0,mL.min-1.kg-1,species_only_human
5080936,CHEMBL1614671,CHEMBL580,CL,mL.min-1.kg-1,=,1.0,CHEMBL612558,,Clearance in human after iv administration,A,O=C1Nc2ccc(Cl)cc2C(c2ccccc2Cl)=NC1O,1.0,mL.min-1.kg-1,species_only_human
5080937,CHEMBL1614671,CHEMBL206025,CL,mL.min-1.kg-1,=,1.0,CHEMBL612558,,Clearance in human after iv administration,A,CCCCCN(CCCOC)C(=O)C(CCC(=O)O)NC(=O)c1ccc(Cl)c(Cl)c1,1.0,mL.min-1.kg-1,species_only_human
5080957,CHEMBL1614671,CHEMBL221886,CL,mL.min-1.kg-1,=,1.0,CHEMBL612558,,Clearance in human after iv administration,A,CN[C@@H]1[C@@H](O)[C@@H](O[C@@H]2[C@@H](O)[C@H](O[C@H]3OC(CN)=CC[C@H]3N)[C@@H](N)C[C@H]2N)OC[C@]1(C)O,1.0,mL.min-1.kg-1,species_only_human
5080974,CHEMBL1614689,CHEMBL145085,CL,mL.min-1.kg-1,=,1.0,CHEMBL612558,,Clearance in human after iv administration,A,COc1ccc([C@H](CC(=O)O)N2CCN(CCCc3ccc4c(n3)NCCC4)C2=O)cn1,1.0,mL.min-1.kg-1,species_only_human
5080978,CHEMBL1614671,CHEMBL177,CL,mL.min-1.kg-1,=,1.1,CHEMBL612558,,Clearance in human after iv administration,A,NCC[C@H](O)C(=O)N[C@@H]1C[C@H](N)[C@@H](O[C@H]2O[C@H](CN)[C@@H](O)[C@H](O)[C@H]2O)[C@H](O)[C@H]1O[C@H]1O[C@H](CO)[C@@H](O)[C@H](N)[C@H]1O,1.1,mL.min-1.kg-1,species_only_human
5080987,CHEMBL1614681,CHEMBL507674,CL,mL.min-1.kg-1,=,1.1,CHEMBL612558,,Clearance in human after iv administration,A,CCN1CCN(C(=O)N[C@@H](C(=O)N[C@@H]2C(=O)N3C(C(=O)O)=C(CSc4nnnn4C)CS[C@H]23)c2ccc(O)cc2)C(=O)C1=O,1.1,mL.min-1.kg-1,species_only_human
5080992,CHEMBL1614671,CHEMBL1213252,CL,mL.min-1.kg-1,=,1.1,CHEMBL612558,,Clearance in human after iv administration,A,O=C(O)C1N=C(c2ccccc2)c2cc(Cl)ccc2NC1=O,1.1,mL.min-1.kg-1,species_only_human
5080996,CHEMBL1614671,CHEMBL88,CL,mL.min-1.kg-1,=,1.1,CHEMBL612558,,Clearance in human after iv administration,A,O=P1(N(CCCl)CCCl)NCCCO1,1.1,mL.min-1.kg-1,species_only_human
5080997,CHEMBL1614671,CHEMBL1591,CL,mL.min-1.kg-1,=,1.1,CHEMBL612558,,Clearance in human after iv administration,A,CN(C)[C@@H]1C(O)=C(C(N)=O)C(=O)[C@@]2(O)C(O)=C3C(=O)c4c(O)ccc(Cl)c4[C@@H](O)[C@H]3C[C@@H]12,1.1,mL.min-1.kg-1,species_only_human
5081004,CHEMBL1614671,CHEMBL1024,CL,mL.min-1.kg-1,=,1.1,CHEMBL612558,,Clearance in human after iv administration,A,O=P1(NCCCl)OCCCN1CCCl,1.1,mL.min-1.kg-1,species_only_human
5081021,CHEMBL1614671,CHEMBL568,CL,mL.min-1.kg-1,=,1.1,CHEMBL612558,,Clearance in human after iv administration,A,O=C1Nc2ccc(Cl)cc2C(c2ccccc2)=NC1O,1.1,mL.min-1.kg-1,species_only_human
5081029,CHEMBL1614671,CHEMBL611,CL,mL.min-1.kg-1,=,1.1,CHEMBL612558,,Clearance in human after iv administration,A,COc1cc2nc(N3CCN(C(=O)C4CCCO4)CC3)nc(N)c2cc1OC,1.1,mL.min-1.kg-1,species_only_human
5081030,CHEMBL1614671,CHEMBL363295,CL,mL.min-1.kg-1,=,1.1,CHEMBL612558,,Clearance in human after iv administration,A,CC(CC(c1ccccc1)c1ccccc1)NC(C)(C)C,1.1,mL.min-1.kg-1,species_only_human
5081054,CHEMBL1614671,CHEMBL1200490,CL,mL.min-1.kg-1,=,1.2,CHEMBL612558,,Clearance in human after iv administration,A,CC(=O)N[C@H](Cc1ccc2ccccc2c1)C(=O)N[C@H](Cc1ccc(Cl)cc1)C(=O)N[C@H](Cc1cccnc1)C(=O)N[C@@H](CO)C(=O)N[C@@H](Cc1ccc(O)cc1)C(=O)N[C@H](CCCNC(N)=O)C(=O)N[C@@H](CC(C)C)C(=O)N[C@@H](CCCNC(=N)N)C(=O)N1CCC[C@H]1C(=O)N[C@H](C)C(N)=O,1.2,mL.min-1.kg-1,species_only_human
5081061,CHEMBL1614671,CHEMBL1174,CL,mL.min-1.kg-1,=,1.2,CHEMBL612558,,Clearance in human after iv administration,A,N=C(N)NCCCC[C@@H]1NC(=O)CCSSC[C@@H](C(N)=O)NC(=O)[C@@H]2CCCN2C(=O)[C@H](Cc2c[nH]c3ccccc23)NC(=O)[C@H](CC(=O)O)NC(=O)CNC1=O,1.2,mL.min-1.kg-1,species_only_human
5081070,CHEMBL1614671,CHEMBL1200457,CL,mL.min-1.kg-1,=,1.2,CHEMBL612558,,Clearance in human after iv administration,A,,1.2,mL.min-1.kg-1,species_only_human
5081076,CHEMBL1614671,CHEMBL1237,CL,mL.min-1.kg-1,=,1.2,CHEMBL612558,,Clearance in human after iv administration,A,NCCCC[C@H](N[C@@H](CCc1ccccc1)C(=O)O)C(=O)N1CCC[C@H]1C(=O)O,1.2,mL.min-1.kg-1,species_only_human
5081081,CHEMBL1614671,CHEMBL1739,CL,mL.min-1.kg-1,=,1.2,CHEMBL612558,,Clearance in human after iv administration,A,COc1ccc2cc1Oc1cc3c(cc1OC)CC[N+](C)(C)[C@H]3Cc1ccc(cc1)Oc1c(OC)c(OC)cc3c1[C@@H](C2)[N+](C)(C)CC3.[I-].[I-],1.2,mL.min-1.kg-1,species_only_human
5081083,CHEMBL1614671,CHEMBL1434,CL,mL.min-1.kg-1,=,1.2,CHEMBL612558,,Clearance in human after iv administration,A,CN(C)c1ccc(O)c2c1C[C@H]1C[C@H]3[C@H](N(C)C)C(O)=C(C(N)=O)C(=O)[C@@]3(O)C(O)=C1C2=O,1.2,mL.min-1.kg-1,species_only_human
5081088,CHEMBL1614671,CHEMBL425,CL,mL.min-1.kg-1,=,1.2,CHEMBL612558,,Clearance in human after iv administration,A,O=C(O)c1cc(/N=N/c2ccc(O)c(C(=O)O)c2)ccc1O,1.2,mL.min-1.kg-1,species_only_human
5081097,CHEMBL1614671,CHEMBL444929,CL,mL.min-1.kg-1,=,1.2,CHEMBL612558,,Clearance in human after iv administration,A,CC(C)[C@@H](CC[C@@H](C)[C@H]1CC[C@H]2[C@@H]3[C@H](O)C[C@H]4C[C@@H](NCCCNCCCCN)CC[C@]4(C)[C@H]3CC[C@]12C)OS(=O)(=O)O,1.2,mL.min-1.kg-1,species_only_human
5081105,CHEMBL1614681,CHEMBL1200357,CL,mL.min-1.kg-1,=,1.2,CHEMBL612558,,Clearance in human after iv administration,A,CO[C@@]1(NC(=O)C(C(=O)[O-])c2ccc(O)cc2)C(=O)N2C(C(=O)[O-])=C(CSc3nnnn3C)CO[C@@H]21.[Na+].[Na+],1.2,mL.min-1.kg-1,species_only_human
5081108,CHEMBL1614689,CHEMBL215303,CL,mL.min-1.kg-1,=,1.2,CHEMBL612558,,Clearance in human after iv administration,A,C[C@H]1NCc2cc(-c3ccc4c(=O)c(C(=O)O)cn(C5CC5)c4c3OC(F)F)ccc21,1.2,mL.min-1.kg-1,species_only_human
5081110,CHEMBL1614671,CHEMBL1180293,CL,mL.min-1.kg-1,=,1.3,CHEMBL612558,,Clearance in human after iv administration,A,C=CC[N+]12CC[C@@]34c5ccccc5N5/C=C6/[C@H]7C[C@H]8[C@@]9(CC[N@@+]8(CC=C)C/C7=C/CO)c7ccccc7N(/C=C(/[C@@H](C[C@@H]31)/C(=C\CO)C2)[C@H]54)[C@@H]69,1.3,mL.min-1.kg-1,species_only_human
5081114,CHEMBL1614681,CHEMBL158,CL,mL.min-1.kg-1,=,1.3,CHEMBL612558,,Clearance in human after iv administration,A,C[C@H]1[C@H](NC(=O)/C(=N\OC(C)(C)C(=O)O)c2csc(N)n2)C(=O)N1S(=O)(=O)O,1.3,mL.min-1.kg-1,species_only_human
5081117,CHEMBL1614671,CHEMBL1077,CL,mL.min-1.kg-1,=,1.3,CHEMBL612558,,Clearance in human after iv administration,A,Nc1c(CC(=O)O)cccc1C(=O)c1ccc(Br)cc1,1.3,mL.min-1.kg-1,species_only_human
5081120,CHEMBL1614671,CHEMBL422037,CL,mL.min-1.kg-1,=,1.3,CHEMBL612558,,Clearance in human after iv administration,A,CN(C)/N=N/c1ccc(C(=O)O)cc1,1.3,mL.min-1.kg-1,species_only_human
5081121,CHEMBL1614671,CHEMBL507674,CL,mL.min-1.kg-1,=,1.3,CHEMBL612558,,Clearance in human after iv administration,A,CCN1CCN(C(=O)N[C@@H](C(=O)N[C@@H]2C(=O)N3C(C(=O)O)=C(CSc4nnnn4C)CS[C@H]23)c2ccc(O)cc2)C(=O)C1=O,1.3,mL.min-1.kg-1,species_only_human
5081125,CHEMBL1614671,CHEMBL1614647,CL,mL.min-1.kg-1,=,1.3,CHEMBL612558,,Clearance in human after iv administration,A,C#C[C@]1(OS(=O)(=O)O)CC[C@H]2[C@@H]3CCc4cc(O)ccc4[C@H]3CC[C@@]21C,1.3,mL.min-1.kg-1,species_only_human
5081129,CHEMBL1614671,CHEMBL1057,CL,mL.min-1.kg-1,=,1.3,CHEMBL612558,,Clearance in human after iv administration,A,O=C1OC2(c3ccc(O)cc3Oc3cc(O)ccc32)c2ccccc21,1.3,mL.min-1.kg-1,species_only_human
5081131,CHEMBL1614671,CHEMBL1908301,CL,mL.min-1.kg-1,=,1.3,CHEMBL612558,,Clearance in human after iv administration,A,O=P(O)(O)OC(Cn1cncn1)(Cn1cncn1)c1ccc(F)cc1F,1.3,mL.min-1.kg-1,species_only_human
5081134,CHEMBL1614671,CHEMBL6,CL,mL.min-1.kg-1,=,1.3,CHEMBL612558,,Clearance in human after iv administration,A,COc1ccc2c(c1)c(CC(=O)O)c(C)n2C(=O)c1ccc(Cl)cc1,1.3,mL.min-1.kg-1,species_only_human
5081137,CHEMBL1614671,CHEMBL272080,CL,mL.min-1.kg-1,=,1.3,CHEMBL612558,,Clearance in human after iv administration,A,CN[C@@H]1[C@@H](O)[C@@H](O[C@@H]2[C@@H](O)[C@H](O[C@H]3O[C@H](CN)[C@@H](O)[C@H](O)[C@H]3O)[C@@H](N)C[C@H]2NC(=O)[C@@H](O)CN)OC[C@]1(C)O,1.3,mL.min-1.kg-1,species_only_human
5081143,CHEMBL1614671,CHEMBL1200826,CL,mL.min-1.kg-1,=,1.3,CHEMBL612558,,Clearance in human after iv administration,A,O=C([O-])[O-].[Li+].[Li+],1.3,mL.min-1.kg-1,species_only_human
5081163,CHEMBL1614671,CHEMBL262777,CL,mL.min-1.kg-1,=,1.3,CHEMBL612558,,Clearance in human after iv administration,A,CN[C@H](CC(C)C)C(=O)N[C@H]1C(=O)N[C@@H](CC(N)=O)C(=O)N[C@H]2C(=O)N[C@H]3C(=O)N[C@H](C(=O)N[C@H](C(=O)O)c4cc(O)cc(O)c4-c4cc3ccc4O)[C@H](O)c3ccc(c(Cl)c3)Oc3cc2cc(c3O[C@@H]2O[C@H](CO)[C@@H](O)[C@H](O)[C@H]2O[C@H]2C[C@](C)(N)[C@H](O)[C@H](C)O2)Oc2ccc(cc2Cl)[C@H]1O,1.3,mL.min-1.kg-1,species_only_human
5081178,CHEMBL1614671,CHEMBL113,CL,mL.min-1.kg-1,=,1.4,CHEMBL612558,,Clearance in human after iv administration,A,Cn1c(=O)c2c(ncn2C)n(C)c1=O,1.4,mL.min-1.kg-1,species_only_human
5081179,CHEMBL1614681,CHEMBL8,CL,mL.min-1.kg-1,=,1.4,CHEMBL612558,,Clearance in human after iv administration,A,O=C(O)c1cn(C2CC2)c2cc(N3CCNCC3)c(F)cc2c1=O,1.4,mL.min-1.kg-1,species_only_human
5081180,CHEMBL1614671,CHEMBL1429,CL,mL.min-1.kg-1,=,1.4,CHEMBL612558,,Clearance in human after iv administration,A,N=C(N)NCCC[C@@H](NC(=O)[C@@H]1CCCN1C(=O)[C@@H]1CSSCCC(=O)N[C@@H](Cc2ccc(O)cc2)C(=O)N[C@@H](Cc2ccccc2)C(=O)N[C@@H](CCC(N)=O)C(=O)N[C@@H](CC(N)=O)C(=O)N1)C(=O)NCC(N)=O,1.4,mL.min-1.kg-1,species_only_human
5081185,CHEMBL1614671,CHEMBL13280,CL,mL.min-1.kg-1,=,1.4,CHEMBL612558,,Clearance in human after iv administration,A,CN1C(=O)CN=C(c2ccccc2F)c2cc([N+](=O)[O-])ccc21,1.4,mL.min-1.kg-1,species_only_human
5081187,CHEMBL1614671,CHEMBL1725,CL,mL.min-1.kg-1,=,1.4,CHEMBL612558,,Clearance in human after iv administration,A,COCC(=O)Nc1c(I)c(C(=O)NCC(O)CO)c(I)c(C(=O)N(C)CC(O)CO)c1I,1.4,mL.min-1.kg-1,species_only_human
5081188,CHEMBL1614671,CHEMBL1384,CL,mL.min-1.kg-1,=,1.4,CHEMBL612558,,Clearance in human after iv administration,A,NC[C@H]1O[C@H](O[C@H]2[C@H](O)[C@@H](O[C@H]3O[C@H](CO)[C@@H](O)[C@H](N)[C@H]3O)[C@H](N)C[C@@H]2N)[C@H](O)[C@@H](O)[C@@H]1O,1.4,mL.min-1.kg-1,species_only_human
5081192,CHEMBL1614689,CHEMBL651,CL,mL.min-1.kg-1,=,1.4,CHEMBL612558,,Clearance in human after iv administration,A,CCC(=O)C(CC(C)N(C)C)(c1ccccc1)c1ccccc1,1.4,mL.min-1.kg-1,species_only_human
5081193,CHEMBL1614671,CHEMBL878,CL,mL.min-1.kg-1,=,1.4,CHEMBL612558,,Clearance in human after iv administration,A,Cc1ccccc1N1C(=O)c2cc(S(N)(=O)=O)c(Cl)cc2NC1C,1.4,mL.min-1.kg-1,species_only_human
5081209,CHEMBL1614681,CHEMBL108358,CL,mL.min-1.kg-1,=,1.4,CHEMBL612558,,Clearance in human after iv administration,A,NC(=O)c1csc([C@@H]2O[C@H](CO)[C@@H](O)[C@H]2O)n1,1.4,mL.min-1.kg-1,species_only_human
5081210,CHEMBL1614671,CHEMBL621,CL,mL.min-1.kg-1,=,1.4,CHEMBL612558,,Clearance in human after iv administration,A,O=c1n(CCCN2CCN(c3cccc(Cl)c3)CC2)nc2ccccn12,1.4,mL.min-1.kg-1,species_only_human
5081213,CHEMBL1614671,CHEMBL428,CL,mL.min-1.kg-1,=,1.4,CHEMBL612558,,Clearance in human after iv administration,A,N[C@@H]1[C@H]2CN(c3nc4c(cc3F)c(=O)c(C(=O)O)cn4-c3ccc(F)cc3F)C[C@@H]12,1.4,mL.min-1.kg-1,species_only_human
5081227,CHEMBL1614671,CHEMBL158,CL,mL.min-1.kg-1,=,1.5,CHEMBL612558,,Clearance in human after iv administration,A,C[C@H]1[C@H](NC(=O)/C(=N\OC(C)(C)C(=O)O)c2csc(N)n2)C(=O)N1S(=O)(=O)O,1.5,mL.min-1.kg-1,species_only_human
5081231,CHEMBL1614671,CHEMBL1351,CL,mL.min-1.kg-1,=,1.5,CHEMBL612558,,Clearance in human after iv administration,A,,1.5,mL.min-1.kg-1,species_only_human
5081232,CHEMBL1614671,CHEMBL1614658,CL,mL.min-1.kg-1,=,1.5,CHEMBL612558,,Clearance in human after iv administration,A,NC(=O)OC[C@@H]1[C@H](NC(=O)/C(=N\OCC(=O)O)c2csc(N)n2)C(=O)N1S(=O)(=O)O,1.5,mL.min-1.kg-1,species_only_human
5081234,CHEMBL1614671,CHEMBL1201195,CL,mL.min-1.kg-1,=,1.5,CHEMBL612558,,Clearance in human after iv administration,A,CO[C@@]1(NC(=O)CSCC#N)C(=O)N2C(C(=O)O)=C(CSc3nnnn3C)CS[C@@H]21,1.5,mL.min-1.kg-1,species_only_human
5081239,CHEMBL1614671,CHEMBL520642,CL,mL.min-1.kg-1,=,1.5,CHEMBL612558,,Clearance in human after iv administration,A,Nc1nc(/C(=N/O)C(=O)N[C@@H]2C(=O)N3C(C(=O)O)=C(/C=C4\CCN([C@@H]5CCNC5)C4=O)CS[C@H]23)ns1,1.5,mL.min-1.kg-1,species_only_human
5081242,CHEMBL1614671,CHEMBL1055,CL,mL.min-1.kg-1,=,1.5,CHEMBL612558,,Clearance in human after iv administration,A,NS(=O)(=O)c1cc(C2(O)NC(=O)c3ccccc32)ccc1Cl,1.5,mL.min-1.kg-1,species_only_human
5081255,CHEMBL1614671,CHEMBL467,CL,mL.min-1.kg-1,=,1.5,CHEMBL612558,,Clearance in human after iv administration,A,NC(=O)NO,1.5,mL.min-1.kg-1,species_only_human
5081267,CHEMBL1614671,CHEMBL185073,CL,mL.min-1.kg-1,=,1.5,CHEMBL612558,,Clearance in human after iv administration,A,CC(=O)O[C@H]1C[C@@H]2CC[C@@H]3[C@H](CC[C@@]4(C)[C@H]3C[C@H]([N+]3(C)CCCCC3)[C@@H]4OC(C)=O)[C@@]2(C)C[C@@H]1[N+]1(C)CCCCC1,1.5,mL.min-1.kg-1,species_only_human
5081270,CHEMBL1614671,CHEMBL221572,CL,mL.min-1.kg-1,=,1.5,CHEMBL612558,,Clearance in human after iv administration,A,NC[C@H]1O[C@H](O[C@H]2[C@H](O[C@@H]3O[C@H](CO)[C@@H](O)[C@H]3O)[C@@H](O)[C@H](N)C[C@@H]2N)[C@H](N)[C@@H](O)[C@@H]1O,1.5,mL.min-1.kg-1,species_only_human
5081271,CHEMBL1614671,CHEMBL923,CL,mL.min-1.kg-1,=,1.5,CHEMBL612558,,Clearance in human after iv administration,A,O=P(O)(O)C(O)(Cc1cccnc1)P(=O)(O)O,1.5,mL.min-1.kg-1,species_only_human
5081277,CHEMBL1614671,CHEMBL1440,CL,mL.min-1.kg-1,=,1.5,CHEMBL612558,,Clearance in human after iv administration,A,CN(C)[C@@H]1C(O)=C(C(N)=O)C(=O)[C@@]2(O)C(O)=C3C(=O)c4c(O)cccc4[C@@](C)(O)[C@H]3C[C@@H]12,1.5,mL.min-1.kg-1,species_only_human
5081285,CHEMBL1614681,CHEMBL265325,CL,mL.min-1.kg-1,=,1.5,CHEMBL612558,,Clearance in human after iv administration,A,NC1(C(=O)O)CC1,1.5,mL.min-1.kg-1,species_only_human
5081287,CHEMBL1614681,CHEMBL1614665,CL,mL.min-1.kg-1,=,1.5,CHEMBL612558,,Clearance in human after iv administration,A,CO/N=C(\C(=O)N[C@@H]1C(=O)N2C(C(=O)[O-])=C(C[N+]34CCC(C(N)=O)(CC3)CC4)CS[C@H]12)c1nsc(N)n1,1.5,mL.min-1.kg-1,species_only_human
5081288,CHEMBL1614681,CHEMBL1276663,CL,mL.min-1.kg-1,=,1.5,CHEMBL612558,,Clearance in human after iv administration,A,CO/N=C(\C(=O)N[C@@H]1C(=O)N2C(C(=O)[O-])=C(C[n+]3ccn4ncccc43)CS[C@H]12)c1nsc(N)n1,1.5,mL.min-1.kg-1,species_only_human
5081302,CHEMBL1614681,CHEMBL452,CL,mL.min-1.kg-1,=,1.6,CHEMBL612558,,Clearance in human after iv administration,A,O=C1CN=C(c2ccccc2Cl)c2cc([N+](=O)[O-])ccc2N1,1.6,mL.min-1.kg-1,species_only_human
5081307,CHEMBL1614671,CHEMBL707,CL,mL.min-1.kg-1,=,1.6,CHEMBL612558,,Clearance in human after iv administration,A,COc1cc2nc(N3CCN(C(=O)C4COc5ccccc5O4)CC3)nc(N)c2cc1OC,1.6,mL.min-1.kg-1,species_only_human
5081309,CHEMBL1614671,CHEMBL577,CL,mL.min-1.kg-1,=,1.6,CHEMBL612558,,Clearance in human after iv administration,A,C[C@H](N[C@@H](CCc1ccccc1)C(=O)O)C(=O)N1CCC[C@H]1C(=O)O,1.6,mL.min-1.kg-1,species_only_human
5081313,CHEMBL1614671,CHEMBL255044,CL,mL.min-1.kg-1,=,1.6,CHEMBL612558,,Clearance in human after iv administration,A,CCOC(=O)Nc1ccc(NCc2ccc(F)cc2)nc1N,1.6,mL.min-1.kg-1,species_only_human
5081314,CHEMBL1614671,CHEMBL35,CL,mL.min-1.kg-1,=,1.6,CHEMBL612558,,Clearance in human after iv administration,A,NS(=O)(=O)c1cc(C(=O)O)c(NCc2ccco2)cc1Cl,1.6,mL.min-1.kg-1,species_only_human
5081319,CHEMBL1614671,CHEMBL571,CL,mL.min-1.kg-1,=,1.6,CHEMBL612558,,Clearance in human after iv administration,A,CC(C(=O)O)c1cccc(C(=O)c2ccccc2)c1,1.6,mL.min-1.kg-1,species_only_human
5081335,CHEMBL1614671,CHEMBL1256734,CL,mL.min-1.kg-1,=,1.6,CHEMBL612558,,Clearance in human after iv administration,A,CC1(C)S[C@@H]2[C@H](NC(=O)C(c3ccccc3)S(=O)(=O)O)C(=O)N2[C@H]1C(=O)O,1.6,mL.min-1.kg-1,species_only_human
5081339,CHEMBL1614671,CHEMBL1027,CL,mL.min-1.kg-1,=,1.6,CHEMBL612558,,Clearance in human after iv administration,A,Cc1ccsc1C(=CCCN1CCC[C@@H](C(=O)O)C1)c1sccc1C,1.6,mL.min-1.kg-1,species_only_human
5081341,CHEMBL1614671,CHEMBL1747,CL,mL.min-1.kg-1,=,1.6,CHEMBL612558,,Clearance in human after iv administration,A,NC[C@H]1O[C@H](O[C@H]2[C@H](O)[C@@H](O[C@H]3O[C@H](CO)[C@@H](O)[C@H](N)[C@H]3O)[C@H](N)C[C@@H]2N)[C@H](N)C[C@@H]1O,1.6,mL.min-1.kg-1,species_only_human
5081344,CHEMBL1614671,CHEMBL222813,CL,mL.min-1.kg-1,=,1.6,CHEMBL612558,,Clearance in human after iv administration,A,CC(=O)N[C@H]1[C@H]([C@H](O)[C@H](O)CO)OC(C(=O)O)=C[C@@H]1NC(=N)N,1.6,mL.min-1.kg-1,species_only_human
5081362,CHEMBL1614671,CHEMBL1201220,CL,mL.min-1.kg-1,=,1.7,CHEMBL612558,,Clearance in human after iv administration,A,CC(=O)Nc1c(I)c(NC(C)=O)c(I)c(C(=O)O)c1I,1.7,mL.min-1.kg-1,species_only_human
5081363,CHEMBL1614671,CHEMBL1751,CL,mL.min-1.kg-1,=,1.7,CHEMBL612558,,Clearance in human after iv administration,A,C[C@H]1O[C@@H](O[C@H]2[C@@H](O)C[C@H](O[C@H]3[C@@H](O)C[C@H](O[C@H]4CC[C@@]5(C)[C@H](CC[C@@H]6[C@@H]5C[C@@H](O)[C@]5(C)[C@@H](C7=CC(=O)OC7)CC[C@]65O)C4)O[C@@H]3C)O[C@@H]2C)C[C@H](O)[C@@H]1O,1.7,mL.min-1.kg-1,species_only_human
5081368,CHEMBL1614671,CHEMBL940,CL,mL.min-1.kg-1,=,1.7,CHEMBL612558,,Clearance in human after iv administration,A,NCC1(CC(=O)O)CCCCC1,1.7,mL.min-1.kg-1,species_only_human
5081376,CHEMBL1614671,CHEMBL651,CL,mL.min-1.kg-1,=,1.7,CHEMBL612558,,Clearance in human after iv administration,A,CCC(=O)C(CC(C)N(C)C)(c1ccccc1)c1ccccc1,1.7,mL.min-1.kg-1,species_only_human
5081377,CHEMBL1614671,CHEMBL1561,CL,mL.min-1.kg-1,=,1.7,CHEMBL612558,,Clearance in human after iv administration,A,OCCN1C[C@H](O)[C@@H](O)[C@H](O)[C@H]1CO,1.7,mL.min-1.kg-1,species_only_human
5081382,CHEMBL1614671,CHEMBL1201368,CL,mL.min-1.kg-1,=,1.7,CHEMBL612558,,Clearance in human after iv administration,A,CCC[C@H](N[C@@H](C)C(=O)N1[C@H](C(=O)O)C[C@@H]2CCCC[C@@H]21)C(=O)O,1.7,mL.min-1.kg-1,species_only_human
5081384,CHEMBL1614689,CHEMBL22242,CL,mL.min-1.kg-1,=,1.7,CHEMBL612558,,Clearance in human after iv administration,A,CCN1CCC[C@H]1CNC(=O)c1c(OC)ccc(Br)c1OC,1.7,mL.min-1.kg-1,species_only_human
5081385,CHEMBL1614671,CHEMBL22242,CL,mL.min-1.kg-1,=,1.7,CHEMBL612558,,Clearance in human after iv administration,A,CCN1CCC[C@H]1CNC(=O)c1c(OC)ccc(Br)c1OC,1.7,mL.min-1.kg-1,species_only_human
5081390,CHEMBL1614671,CHEMBL1614655,CL,mL.min-1.kg-1,=,1.7,CHEMBL612558,,Clearance in human after iv administration,A,CCCC[C@@H]1CC(=O)[C@]2(O)O[C@@H]3[C@@H](NC)[C@@H](O)[C@@H](NC)[C@H](O)[C@H]3O[C@@H]2O1,1.7,mL.min-1.kg-1,species_only_human
5081393,CHEMBL1614681,CHEMBL1311,CL,mL.min-1.kg-1,=,1.7,CHEMBL612558,,Clearance in human after iv administration,A,O=[N+]([O-])O[C@@H]1CO[C@H]2[C@@H]1OC[C@@H]2O,1.7,mL.min-1.kg-1,species_only_human
5081397,CHEMBL1614681,CHEMBL1201195,CL,mL.min-1.kg-1,=,1.8,CHEMBL612558,,Clearance in human after iv administration,A,CO[C@@]1(NC(=O)CSCC#N)C(=O)N2C(C(=O)O)=C(CSc3nnnn3C)CS[C@@H]21,1.8,mL.min-1.kg-1,species_only_human
5081400,CHEMBL1614681,CHEMBL528,CL,mL.min-1.kg-1,=,1.8,CHEMBL612558,,Clearance in human after iv administration,A,CO/N=C(\C(=O)N[C@@H]1C(=O)N2C(C(=O)O)=CCS[C@H]12)c1csc(N)n1,1.8,mL.min-1.kg-1,species_only_human
5081401,CHEMBL1614671,CHEMBL617,CL,mL.min-1.kg-1,=,1.8,CHEMBL612558,,Clearance in human after iv administration,A,CC(=O)OCC1=C(C(=O)O)N2C(=O)[C@@H](NC(=O)Cc3cccs3)[C@H]2SC1,1.8,mL.min-1.kg-1,species_only_human
5081410,CHEMBL1614681,CHEMBL940,CL,mL.min-1.kg-1,=,1.8,CHEMBL612558,,Clearance in human after iv administration,A,NCC1(CC(=O)O)CCCCC1,1.8,mL.min-1.kg-1,species_only_human
5081411,CHEMBL1614671,CHEMBL1614639,CL,mL.min-1.kg-1,=,1.8,CHEMBL612558,,Clearance in human after iv administration,A,CN1C(=O)[C@H](O)C[C@H]1c1cccnc1,1.8,mL.min-1.kg-1,species_only_human
5081412,CHEMBL1614671,CHEMBL997,CL,mL.min-1.kg-1,=,1.8,CHEMBL612558,,Clearance in human after iv administration,A,CCCCCN(C)CCC(O)(P(=O)(O)O)P(=O)(O)O,1.8,mL.min-1.kg-1,species_only_human
5081417,CHEMBL1614671,CHEMBL1389,CL,mL.min-1.kg-1,=,1.8,CHEMBL612558,,Clearance in human after iv administration,A,C#C[C@]1(O)CC[C@H]2[C@@H]3CCC4=CC(=O)CC[C@@H]4[C@H]3CC[C@@]21CC,1.8,mL.min-1.kg-1,species_only_human
5081419,CHEMBL1614671,CHEMBL126,CL,mL.min-1.kg-1,=,1.8,CHEMBL612558,,Clearance in human after iv administration,A,CC(=O)NC[C@H]1CN(c2ccc(N3CCOCC3)c(F)c2)C(=O)O1,1.8,mL.min-1.kg-1,species_only_human
5081423,CHEMBL1614671,CHEMBL783,CL,mL.min-1.kg-1,=,1.8,CHEMBL612558,,Clearance in human after iv administration,A,CC(C)[C@H]1CC[C@H](C(=O)N[C@H](Cc2ccccc2)C(=O)O)CC1,1.8,mL.min-1.kg-1,species_only_human
5081427,CHEMBL1614671,CHEMBL36633,CL,mL.min-1.kg-1,=,1.8,CHEMBL612558,,Clearance in human after iv administration,A,NC(=O)CN1CC(O)CC1=O,1.8,mL.min-1.kg-1,species_only_human
5081432,CHEMBL1614671,CHEMBL432103,CL,mL.min-1.kg-1,=,1.8,CHEMBL612558,,Clearance in human after iv administration,A,CC1CCCC(C)N1CCCC(O)(c1ccccc1)c1ccccn1,1.8,mL.min-1.kg-1,species_only_human
5081438,CHEMBL1614671,CHEMBL1449,CL,mL.min-1.kg-1,=,1.8,CHEMBL612558,,Clearance in human after iv administration,A,CC1(C)S[C@@H]2[C@H](NC(=O)[C@H](C(=O)O)c3ccsc3)C(=O)N2[C@H]1C(=O)O,1.8,mL.min-1.kg-1,species_only_human
5081444,CHEMBL1614681,CHEMBL90555,CL,mL.min-1.kg-1,=,1.8,CHEMBL612558,,Clearance in human after iv administration,A,CC[C@]1(O)C[C@H]2CN(CCc3c([nH]c4ccccc34)[C@@](C(=O)OC)(c3cc4c(cc3OC)N(C=O)[C@H]3[C@@](O)(C(=O)OC)[C@H](OC(C)=O)[C@]5(CC)C=CCN6CC[C@]43[C@@H]65)C2)C1,1.8,mL.min-1.kg-1,species_only_human
5081454,CHEMBL1614689,CHEMBL633,CL,mL.min-1.kg-1,=,1.9,CHEMBL612558,,Clearance in human after iv administration,A,CCCCc1oc2ccccc2c1C(=O)c1cc(I)c(OCCN(CC)CC)c(I)c1,1.9,mL.min-1.kg-1,species_only_human
5081455,CHEMBL1614671,CHEMBL633,CL,mL.min-1.kg-1,=,1.9,CHEMBL612558,,Clearance in human after iv administration,A,CCCCc1oc2ccccc2c1C(=O)c1cc(I)c(OCCN(CC)CC)c(I)c1,1.9,mL.min-1.kg-1,species_only_human
5081458,CHEMBL1614671,CHEMBL1214,CL,mL.min-1.kg-1,=,1.9,CHEMBL612558,,Clearance in human after iv administration,A,CC1(C)S[C@@H]2[C@H](NC(=O)C(C(=O)O)c3ccccc3)C(=O)N2[C@H]1C(=O)O,1.9,mL.min-1.kg-1,species_only_human
5081461,CHEMBL1614671,CHEMBL2103764,CL,mL.min-1.kg-1,=,1.9,CHEMBL612558,,Clearance in human after iv administration,A,CO/N=C(\C(=O)N[C@@H]1C(=O)N2C(C(=O)O)=C(C)CS[C@H]12)c1csc(N)n1,1.9,mL.min-1.kg-1,species_only_human
5081462,CHEMBL1614671,CHEMBL65794,CL,mL.min-1.kg-1,=,1.9,CHEMBL612558,,Clearance in human after iv administration,A,CO/N=C(\C(=O)N[C@@H]1C(=O)N2C(C(=O)[O-])=C(C[n+]3cccc4c3CCC4)CS[C@H]12)c1csc(N)n1,1.9,mL.min-1.kg-1,species_only_human
5081467,CHEMBL1614671,CHEMBL813,CL,mL.min-1.kg-1,=,1.9,CHEMBL612558,,Clearance in human after iv administration,A,CCCCc1ncc(/C=C(\Cc2cccs2)C(=O)O)n1Cc1ccc(C(=O)O)cc1,1.9,mL.min-1.kg-1,species_only_human
5081472,CHEMBL1614671,CHEMBL1200932,CL,mL.min-1.kg-1,=,1.9,CHEMBL612558,,Clearance in human after iv administration,A,C[C@H](O)C(=O)Nc1c(I)c(C(=O)NC(CO)CO)c(I)c(C(=O)NC(CO)CO)c1I,1.9,mL.min-1.kg-1,species_only_human
5081475,CHEMBL1614681,CHEMBL108111,CL,mL.min-1.kg-1,=,1.9,CHEMBL612558,,Clearance in human after iv administration,A,N=C(N)c1ccc(C(=O)N[C@@H](Cc2ccc(O)cc2)C(=O)N2CCC(OCC(=O)O)CC2)cc1,1.9,mL.min-1.kg-1,species_only_human
5081476,CHEMBL1614671,CHEMBL108111,CL,mL.min-1.kg-1,=,1.9,CHEMBL612558,,Clearance in human after iv administration,A,N=C(N)c1ccc(C(=O)N[C@@H](Cc2ccc(O)cc2)C(=O)N2CCC(OCC(=O)O)CC2)cc1,1.9,mL.min-1.kg-1,species_only_human
5081478,CHEMBL1614671,CHEMBL5315124,CL,mL.min-1.kg-1,=,1.9,CHEMBL612558,,Clearance in human after iv administration,A,C[C@H]1COc2c(N3CCN(C)CC3)c(F)cc3c(=O)c(C(=O)O)cn1c23.C[C@H]1COc2c(N3CCN(C)CC3)c(F)cc3c(=O)c(C(=O)O)cn1c23.O,1.9,mL.min-1.kg-1,species_only_human
5081480,CHEMBL1614671,CHEMBL266349,CL,mL.min-1.kg-1,=,1.9,CHEMBL612558,,Clearance in human after iv administration,A,N=C(N)c1ccc(CNC(=O)[C@@H]2CCN2C(=O)[C@H](NCC(=O)O)C2CCCCC2)cc1,1.9,mL.min-1.kg-1,species_only_human
5081492,CHEMBL1614671,CHEMBL170,CL,mL.min-1.kg-1,=,1.9,CHEMBL612558,,Clearance in human after iv administration,A,C=C[C@H]1CN2CC[C@H]1C[C@H]2[C@H](O)c1ccnc2ccc(OC)cc12,1.9,mL.min-1.kg-1,species_only_human
5081496,CHEMBL1614671,CHEMBL1324,CL,mL.min-1.kg-1,=,1.9,CHEMBL612558,,Clearance in human after iv administration,A,Cc1ccc(C(=O)c2cc(O)c(O)c([N+](=O)[O-])c2)cc1,1.9,mL.min-1.kg-1,species_only_human
5081497,CHEMBL1614671,CHEMBL389847,CL,mL.min-1.kg-1,=,1.9,CHEMBL612558,,Clearance in human after iv administration,A,C[C@@H](O)[C@H]1C(=O)N2C(C(=O)O)=C(S[C@H]3C[C@@H](C(=O)N4CC[C@H](NC(=O)CNC(=N)N)C4)N(C)C3)[C@H](C)[C@H]12,1.9,mL.min-1.kg-1,species_only_human
5081504,CHEMBL1614671,CHEMBL32479,CL,mL.min-1.kg-1,=,2.0,CHEMBL612558,,Clearance in human after iv administration,A,Cc1nnc2n1-c1sc(Br)cc1C(c1ccccc1Cl)=NC2,2.0,mL.min-1.kg-1,species_only_human
5081506,CHEMBL1614681,CHEMBL113,CL,mL.min-1.kg-1,=,2.0,CHEMBL612558,,Clearance in human after iv administration,A,Cn1c(=O)c2c(ncn2C)n(C)c1=O,2.0,mL.min-1.kg-1,species_only_human
5081510,CHEMBL1614681,CHEMBL186,CL,mL.min-1.kg-1,=,2.0,CHEMBL612558,,Clearance in human after iv administration,A,CO/N=C(\C(=O)N[C@@H]1C(=O)N2C(C(=O)[O-])=C(C[N+]3(C)CCCC3)CS[C@H]12)c1csc(N)n1,2.0,mL.min-1.kg-1,species_only_human
5081511,CHEMBL1614671,CHEMBL404520,CL,mL.min-1.kg-1,=,2.0,CHEMBL612558,,Clearance in human after iv administration,A,CN(C)[C@@H]1C(O)=C(C(N)=O)C(=O)[C@@]2(O)C(O)=C3C(=O)c4c(O)ccc(Cl)c4[C@@](C)(O)[C@H]3C[C@@H]12,2.0,mL.min-1.kg-1,species_only_human
5081515,CHEMBL1614671,CHEMBL893,CL,mL.min-1.kg-1,=,2.0,CHEMBL612558,,Clearance in human after iv administration,A,Cc1onc(-c2c(Cl)cccc2Cl)c1C(=O)N[C@@H]1C(=O)N2[C@@H]1SC(C)(C)[C@@H]2C(=O)O,2.0,mL.min-1.kg-1,species_only_human
5081521,CHEMBL1614671,CHEMBL1463,CL,mL.min-1.kg-1,=,2.0,CHEMBL612558,,Clearance in human after iv administration,A,Nc1nc(=O)[nH]cc1F,2.0,mL.min-1.kg-1,species_only_human
5081523,CHEMBL1614671,CHEMBL1757,CL,mL.min-1.kg-1,=,2.0,CHEMBL612558,,Clearance in human after iv administration,A,C[C@@H]1O[C@@H]1P(=O)(O)O,2.0,mL.min-1.kg-1,species_only_human
5081524,CHEMBL1614681,CHEMBL35,CL,mL.min-1.kg-1,=,2.0,CHEMBL612558,,Clearance in human after iv administration,A,NS(=O)(=O)c1cc(C(=O)O)c(NCc2ccco2)cc1Cl,2.0,mL.min-1.kg-1,species_only_human
5081525,CHEMBL1614681,CHEMBL6,CL,mL.min-1.kg-1,=,2.0,CHEMBL612558,,Clearance in human after iv administration,A,COc1ccc2c(c1)c(CC(=O)O)c(C)n2C(=O)c1ccc(Cl)cc1,2.0,mL.min-1.kg-1,species_only_human
5081526,CHEMBL1614671,CHEMBL1200455,CL,mL.min-1.kg-1,=,2.0,CHEMBL612558,,Clearance in human after iv administration,A,CC(=O)N(CC(O)CO)c1c(I)c(C(=O)NCC(O)CO)c(I)c(C(=O)NCC(O)CO)c1I,2.0,mL.min-1.kg-1,species_only_human
5081527,CHEMBL1614671,CHEMBL1311,CL,mL.min-1.kg-1,=,2.0,CHEMBL612558,,Clearance in human after iv administration,A,O=[N+]([O-])O[C@@H]1CO[C@H]2[C@@H]1OC[C@@H]2O,2.0,mL.min-1.kg-1,species_only_human
5081528,CHEMBL1614671,CHEMBL1201199,CL,mL.min-1.kg-1,=,2.0,CHEMBL612558,,Clearance in human after iv administration,A,CCNC(=O)[C@@H]1CCCN1C(=O)[C@H](CCCNC(=N)N)NC(=O)[C@H](CC(C)C)NC(=O)[C@@H](CC(C)C)NC(=O)[C@H](Cc1ccc(O)cc1)NC(=O)[C@H](CO)NC(=O)[C@H](Cc1c[nH]c2ccccc12)NC(=O)[C@H](Cc1c[nH]cn1)NC(=O)[C@@H]1CCC(=O)N1,2.0,mL.min-1.kg-1,species_only_human
5081537,CHEMBL1614671,CHEMBL1517,CL,mL.min-1.kg-1,=,2.0,CHEMBL612558,,Clearance in human after iv administration,A,CN(C)[C@@H]1C(O)=C(C(N)=O)C(=O)[C@@]2(O)C(O)=C3C(=O)c4c(O)cccc4[C@@](C)(O)[C@H]3[C@H](O)[C@@H]12,2.0,mL.min-1.kg-1,species_only_human
5081538,CHEMBL1614671,CHEMBL267648,CL,mL.min-1.kg-1,=,2.0,CHEMBL612558,,Clearance in human after iv administration,A,CCn1cc(C(=O)O)c(=O)c2cc(F)c(N3CCN(C)CC3)cc21,2.0,mL.min-1.kg-1,species_only_human
5081541,CHEMBL1614671,CHEMBL471,CL,mL.min-1.kg-1,=,2.0,CHEMBL612558,,Clearance in human after iv administration,A,CC(C)NCC(O)c1ccc(NS(C)(=O)=O)cc1,2.0,mL.min-1.kg-1,species_only_human
5081549,CHEMBL1614671,CHEMBL90555,CL,mL.min-1.kg-1,=,2.0,CHEMBL612558,,Clearance in human after iv administration,A,CC[C@]1(O)C[C@H]2CN(CCc3c([nH]c4ccccc34)[C@@](C(=O)OC)(c3cc4c(cc3OC)N(C=O)[C@H]3[C@@](O)(C(=O)OC)[C@H](OC(C)=O)[C@]5(CC)C=CCN6CC[C@]43[C@@H]65)C2)C1,2.0,mL.min-1.kg-1,species_only_human
5081558,CHEMBL1614671,CHEMBL957,CL,mL.min-1.kg-1,=,2.1,CHEMBL612558,,Clearance in human after iv administration,A,COc1ccccc1Oc1c(NS(=O)(=O)c2ccc(C(C)(C)C)cc2)nc(-c2ncccn2)nc1OCCO,2.1,mL.min-1.kg-1,species_only_human
5081563,CHEMBL1614671,CHEMBL528,CL,mL.min-1.kg-1,=,2.1,CHEMBL612558,,Clearance in human after iv administration,A,CO/N=C(\C(=O)N[C@@H]1C(=O)N2C(C(=O)O)=CCS[C@H]12)c1csc(N)n1,2.1,mL.min-1.kg-1,species_only_human
5081566,CHEMBL1614671,CHEMBL107,CL,mL.min-1.kg-1,=,2.1,CHEMBL612558,,Clearance in human after iv administration,A,COc1cc2c(c(OC)c1OC)-c1ccc(OC)c(=O)cc1[C@@H](NC(C)=O)CC2,2.1,mL.min-1.kg-1,species_only_human
5081572,CHEMBL1614671,CHEMBL666,CL,mL.min-1.kg-1,=,2.1,CHEMBL612558,,Clearance in human after iv administration,A,O=C(O)P(=O)(O)O,2.1,mL.min-1.kg-1,species_only_human
5081580,CHEMBL1614671,CHEMBL1447,CL,mL.min-1.kg-1,=,2.1,CHEMBL612558,,Clearance in human after iv administration,A,CCC[C@@H]1C[C@@H](C(=O)N[C@@H]([C@H]2O[C@H](SC)[C@H](O)[C@@H](O)[C@H]2O)[C@@H](C)O)N(C)C1,2.1,mL.min-1.kg-1,species_only_human
5081581,CHEMBL1614671,CHEMBL34259,CL,mL.min-1.kg-1,=,2.1,CHEMBL612558,,Clearance in human after iv administration,A,CN(Cc1cnc2nc(N)nc(N)c2n1)c1ccc(C(=O)N[C@@H](CCC(=O)O)C(=O)O)cc1,2.1,mL.min-1.kg-1,species_only_human
5081582,CHEMBL1614671,CHEMBL1731,CL,mL.min-1.kg-1,=,2.1,CHEMBL612558,,Clearance in human after iv administration,A,CC1(C)S[C@@H]2[C@H](NC(=O)[C@H](NC(=O)N3CCN(S(C)(=O)=O)C3=O)c3ccccc3)C(=O)N2[C@H]1C(=O)O,2.1,mL.min-1.kg-1,species_only_human
5081588,CHEMBL1614671,CHEMBL1734,CL,mL.min-1.kg-1,=,2.1,CHEMBL612558,,Clearance in human after iv administration,A,O=C(O[C@H]1CN2CCC1CC2)N1CCc2ccccc2[C@@H]1c1ccccc1,2.1,mL.min-1.kg-1,species_only_human
5081590,CHEMBL1614671,CHEMBL22,CL,mL.min-1.kg-1,=,2.1,CHEMBL612558,,Clearance in human after iv administration,A,COc1cc(Cc2cnc(N)nc2N)cc(OC)c1OC,2.1,mL.min-1.kg-1,species_only_human
5081591,CHEMBL1614671,CHEMBL306700,CL,mL.min-1.kg-1,=,2.1,CHEMBL612558,,Clearance in human after iv administration,A,CCOc1ccccc1OCC1CNCCO1,2.1,mL.min-1.kg-1,species_only_human
5081595,CHEMBL1614671,CHEMBL404271,CL,mL.min-1.kg-1,=,2.2,CHEMBL612558,,Clearance in human after iv administration,A,C[C@H]1O[C@H](O[C@H]2[C@H](O)[C@@H](O)[C@@H](O[C@H]3[C@H](O)[C@@H](O)C(O)O[C@@H]3CO)O[C@@H]2CO)[C@H](O)[C@@H](O)[C@@H]1N[C@H]1C=C(CO)[C@@H](O)[C@H](O)[C@H]1O,2.2,mL.min-1.kg-1,species_only_human
5081600,CHEMBL1614671,CHEMBL186,CL,mL.min-1.kg-1,=,2.2,CHEMBL612558,,Clearance in human after iv administration,A,CO/N=C(\C(=O)N[C@@H]1C(=O)N2C(C(=O)[O-])=C(C[N+]3(C)CCCC3)CS[C@H]12)c1csc(N)n1,2.2,mL.min-1.kg-1,species_only_human
5081603,CHEMBL1614671,CHEMBL1436,CL,mL.min-1.kg-1,=,2.2,CHEMBL612558,,Clearance in human after iv administration,A,CO/N=C(\C(=O)N[C@@H]1C(=O)N2C(C(=O)O)=C(COC(N)=O)CS[C@H]12)c1ccco1,2.2,mL.min-1.kg-1,species_only_human
5081618,CHEMBL1614671,CHEMBL1330,CL,mL.min-1.kg-1,=,2.2,CHEMBL612558,,Clearance in human after iv administration,A,CN1CC[C@]23c4c5ccc(O)c4O[C@H]2[C@@H](O[C@@H]2O[C@H](C(=O)O)[C@@H](O)[C@H](O)[C@H]2O)C=C[C@H]3[C@H]1C5,2.2,mL.min-1.kg-1,species_only_human
5081619,CHEMBL1614681,CHEMBL32,CL,mL.min-1.kg-1,=,2.2,CHEMBL612558,,Clearance in human after iv administration,A,COc1c(N2C[C@@H]3CCCN[C@@H]3C2)c(F)cc2c(=O)c(C(=O)O)cn(C3CC3)c12,2.2,mL.min-1.kg-1,species_only_human
5081624,CHEMBL1614671,CHEMBL1502,CL,mL.min-1.kg-1,=,2.2,CHEMBL612558,,Clearance in human after iv administration,A,COc1ccnc(C[S+]([O-])c2nc3cc(OC(F)F)ccc3[nH]2)c1OC,2.2,mL.min-1.kg-1,species_only_human
5081632,CHEMBL1614671,CHEMBL1614652,CL,mL.min-1.kg-1,=,2.2,CHEMBL612558,,Clearance in human after iv administration,A,O=C1c2ccccc2S(=O)(=O)N1CCCCNC[C@H]1CCc2ccccc2O1,2.2,mL.min-1.kg-1,species_only_human
5081637,CHEMBL1614671,CHEMBL1762,CL,mL.min-1.kg-1,=,2.2,CHEMBL612558,,Clearance in human after iv administration,A,Cc1cccc(C)c1NC(=O)C(C)N,2.2,mL.min-1.kg-1,species_only_human
5081640,CHEMBL1614671,CHEMBL238071,CL,mL.min-1.kg-1,=,2.2,CHEMBL612558,,Clearance in human after iv administration,A,CC[C@]1(O)C[C@@H]2CN(CCc3c([nH]c4ccccc34)[C@@](C(=O)OC)(c3cc4c(cc3OC)N(C)[C@H]3[C@@](O)(C(N)=O)[C@H](O)[C@]5(CC)C=CCN6CC[C@]43[C@@H]65)C2)C1,2.2,mL.min-1.kg-1,species_only_human
5081642,CHEMBL1614671,CHEMBL4303669,CL,mL.min-1.kg-1,=,2.2,CHEMBL612558,,Clearance in human after iv administration,A,O.O=P(O)(O)C(O)(Cn1ccnc1)P(=O)(O)O,2.2,mL.min-1.kg-1,species_only_human
5081650,CHEMBL1614671,CHEMBL766,CL,mL.min-1.kg-1,=,2.3,CHEMBL612558,,Clearance in human after iv administration,A,CC1(C)C[C@@H]1C(=O)N/C(=C\CCCCSC[C@H](N)C(=O)O)C(=O)O,2.3,mL.min-1.kg-1,species_only_human
5081657,CHEMBL1614671,CHEMBL465161,CL,mL.min-1.kg-1,=,2.3,CHEMBL612558,,Clearance in human after iv administration,A,C[C@@H]1C(=O)O[C@H]2C[C@@]34[C@H]5C[C@@H](C(C)(C)C)[C@]36[C@@H](OC(=O)[C@@H]6O)O[C@@]4(C(=O)O5)[C@]21O,2.3,mL.min-1.kg-1,species_only_human
5081658,CHEMBL1614671,CHEMBL514432,CL,mL.min-1.kg-1,=,2.3,CHEMBL612558,,Clearance in human after iv administration,A,C[C@@H]1C(=O)O[C@H]2[C@H](O)[C@@]34[C@H]5C[C@@H](C(C)(C)C)[C@]36[C@@H](OC(=O)[C@@H]6O)O[C@@]4(C(=O)O5)[C@@]12O,2.3,mL.min-1.kg-1,species_only_human
5081660,CHEMBL1614671,CHEMBL1513,CL,mL.min-1.kg-1,=,2.3,CHEMBL612558,,Clearance in human after iv administration,A,CCCCC1=NC2(CCCC2)C(=O)N1Cc1ccc(-c2ccccc2-c2nnn[nH]2)cc1,2.3,mL.min-1.kg-1,species_only_human
5081675,CHEMBL1614681,CHEMBL428,CL,mL.min-1.kg-1,=,2.3,CHEMBL612558,,Clearance in human after iv administration,A,N[C@@H]1[C@H]2CN(c3nc4c(cc3F)c(=O)c(C(=O)O)cn4-c3ccc(F)cc3F)C[C@@H]12,2.3,mL.min-1.kg-1,species_only_human
5081688,CHEMBL1614671,CHEMBL123558,CL,mL.min-1.kg-1,=,2.4,CHEMBL612558,,Clearance in human after iv administration,A,CN1CCN(CCCCN2C(=O)CN(/N=C/c3ccc(-c4ccc(Cl)cc4)o3)C2=O)CC1,2.4,mL.min-1.kg-1,species_only_human
5081690,CHEMBL1614671,CHEMBL820,CL,mL.min-1.kg-1,=,2.4,CHEMBL612558,,Clearance in human after iv administration,A,CS(=O)(=O)OCCCCOS(C)(=O)=O,2.4,mL.min-1.kg-1,species_only_human
5081692,CHEMBL1614671,CHEMBL44354,CL,mL.min-1.kg-1,=,2.4,CHEMBL612558,,Clearance in human after iv administration,A,CC(C)(O/N=C(\C(=O)N[C@@H]1C(=O)N2C(C(=O)[O-])=C(C[n+]3ccccc3)CS[C@H]12)c1csc(N)n1)C(=O)O,2.4,mL.min-1.kg-1,species_only_human
5081693,CHEMBL1614671,CHEMBL130,CL,mL.min-1.kg-1,=,2.4,CHEMBL612558,,Clearance in human after iv administration,A,O=C(N[C@H](CO)[C@H](O)c1ccc([N+](=O)[O-])cc1)C(Cl)Cl,2.4,mL.min-1.kg-1,species_only_human
5081696,CHEMBL1614681,CHEMBL517,CL,mL.min-1.kg-1,=,2.4,CHEMBL612558,,Clearance in human after iv administration,A,CC(C)N(CCC(C(N)=O)(c1ccccc1)c1ccccn1)C(C)C,2.4,mL.min-1.kg-1,species_only_human
5081700,CHEMBL1614671,CHEMBL710,CL,mL.min-1.kg-1,=,2.4,CHEMBL612558,,Clearance in human after iv administration,A,CC(C)(C)NC(=O)[C@H]1CC[C@H]2[C@@H]3CC[C@H]4NC(=O)C=C[C@]4(C)[C@H]3CC[C@]12C,2.4,mL.min-1.kg-1,species_only_human
5081701,CHEMBL1614681,CHEMBL6273,CL,mL.min-1.kg-1,=,2.4,CHEMBL612558,,Clearance in human after iv administration,A,CN1CCN(c2c(F)cc3c(=O)c(C(=O)O)cn(CCF)c3c2F)CC1,2.4,mL.min-1.kg-1,species_only_human
5081702,CHEMBL1614671,CHEMBL6273,CL,mL.min-1.kg-1,=,2.4,CHEMBL612558,,Clearance in human after iv administration,A,CN1CCN(c2c(F)cc3c(=O)c(C(=O)O)cn(CCF)c3c2F)CC1,2.4,mL.min-1.kg-1,species_only_human
5081703,CHEMBL1614671,CHEMBL222645,CL,mL.min-1.kg-1,=,2.4,CHEMBL612558,,Clearance in human after iv administration,A,Cc1onc(-c2c(F)cccc2Cl)c1C(=O)N[C@@H]1C(=O)N2[C@@H]1SC(C)(C)[C@@H]2C(=O)O,2.4,mL.min-1.kg-1,species_only_human
5081704,CHEMBL1614671,CHEMBL1201300,CL,mL.min-1.kg-1,=,2.4,CHEMBL612558,,Clearance in human after iv administration,A,CNC(=O)c1c(I)c(NC(C)=O)c(I)c(C(=O)O)c1I,2.4,mL.min-1.kg-1,species_only_human
5081708,CHEMBL1614671,CHEMBL32,CL,mL.min-1.kg-1,=,2.4,CHEMBL612558,,Clearance in human after iv administration,A,COc1c(N2C[C@@H]3CCCN[C@@H]3C2)c(F)cc2c(=O)c(C(=O)O)cn(C3CC3)c12,2.4,mL.min-1.kg-1,species_only_human
5081712,CHEMBL1614671,CHEMBL444633,CL,mL.min-1.kg-1,=,2.4,CHEMBL612558,,Clearance in human after iv administration,A,CO[C@H]1/C=C/O[C@@]2(C)Oc3c(C)c(O)c4c(c3C2=O)C2=NC3(CCN(CC(C)C)CC3)NC2=C(NC(=O)/C(C)=C\C=C\[C@H](C)[C@H](O)[C@@H](C)[C@@H](O)[C@@H](C)[C@H](OC(C)=O)[C@@H]1C)C4=O,2.4,mL.min-1.kg-1,species_only_human
5081716,CHEMBL1614671,CHEMBL108358,CL,mL.min-1.kg-1,=,2.4,CHEMBL612558,,Clearance in human after iv administration,A,NC(=O)c1csc([C@@H]2O[C@H](CO)[C@@H](O)[C@H]2O)n1,2.4,mL.min-1.kg-1,species_only_human
5081721,CHEMBL1614671,CHEMBL877,CL,mL.min-1.kg-1,=,2.4,CHEMBL612558,,Clearance in human after iv administration,A,NC[C@H]1CC[C@H](C(=O)O)CC1,2.4,mL.min-1.kg-1,species_only_human
5081723,CHEMBL1614671,CHEMBL359164,CL,mL.min-1.kg-1,=,2.4,CHEMBL612558,,Clearance in human after iv administration,A,Nc1ccn([C@@H]2CO[C@H](CO)O2)c(=O)n1,2.4,mL.min-1.kg-1,species_only_human
5081731,CHEMBL1614671,CHEMBL1046,CL,mL.min-1.kg-1,=,2.5,CHEMBL612558,,Clearance in human after iv administration,A,NCCCCCC(=O)O,2.5,mL.min-1.kg-1,species_only_human
5081732,CHEMBL1614671,CHEMBL24,CL,mL.min-1.kg-1,=,2.5,CHEMBL612558,,Clearance in human after iv administration,A,CC(C)NCC(O)COc1ccc(CC(N)=O)cc1,2.5,mL.min-1.kg-1,species_only_human
5081733,CHEMBL1614671,CHEMBL1537,CL,mL.min-1.kg-1,=,2.5,CHEMBL612558,,Clearance in human after iv administration,A,CC1(C)S[C@@H]2[C@H](NC(=O)[C@H](NC(=O)N3CCNC3=O)c3ccccc3)C(=O)N2[C@H]1C(=O)O,2.5,mL.min-1.kg-1,species_only_human
5081734,CHEMBL1614671,CHEMBL285347,CL,mL.min-1.kg-1,=,2.5,CHEMBL612558,,Clearance in human after iv administration,A,C[C@@H](O)[C@H]1C(=O)N2C(C(=O)[O-])=C(SC3Cn4cnc[n+]4C3)[C@H](C)[C@H]12,2.5,mL.min-1.kg-1,species_only_human
5081736,CHEMBL1614671,CHEMBL1072,CL,mL.min-1.kg-1,=,2.5,CHEMBL612558,,Clearance in human after iv administration,A,CCCCNc1cc(C(=O)O)cc(S(N)(=O)=O)c1Oc1ccccc1,2.5,mL.min-1.kg-1,species_only_human
5081740,CHEMBL1614671,CHEMBL1644,CL,mL.min-1.kg-1,=,2.5,CHEMBL612558,,Clearance in human after iv administration,A,CC1=C(C(=O)O)N2C(=O)[C@@H](NC(=O)[C@H](N)c3ccc(O)cc3)[C@H]2SC1,2.5,mL.min-1.kg-1,species_only_human
5081743,CHEMBL1614671,CHEMBL505,CL,mL.min-1.kg-1,=,2.5,CHEMBL612558,,Clearance in human after iv administration,A,CN(C)CCC(c1ccc(Cl)cc1)c1ccccn1,2.5,mL.min-1.kg-1,species_only_human
5081744,CHEMBL1614671,CHEMBL5314375,CL,mL.min-1.kg-1,=,2.5,CHEMBL612558,,Clearance in human after iv administration,A,Nc1ccn(C[C@@H](CO)OCP(=O)(O)O)c(=O)n1.O.O,2.5,mL.min-1.kg-1,species_only_human
5081746,CHEMBL1614671,CHEMBL42,CL,mL.min-1.kg-1,=,2.5,CHEMBL612558,,Clearance in human after iv administration,A,CN1CCN(C2=Nc3cc(Cl)ccc3Nc3ccccc32)CC1,2.5,mL.min-1.kg-1,species_only_human
5081751,CHEMBL1614671,CHEMBL1279,CL,mL.min-1.kg-1,=,2.5,CHEMBL612558,,Clearance in human after iv administration,A,CN[C@@H]1CCc2[nH]c3ccc(C(N)=O)cc3c2C1,2.5,mL.min-1.kg-1,species_only_human
5081757,CHEMBL1614671,CHEMBL1230227,CL,mL.min-1.kg-1,=,2.5,CHEMBL612558,,Clearance in human after iv administration,A,C[C@@H]1O[C@@H](O[C@@H]2[C@H](C)O[C@@H](O[C@H]3C[C@](O)(C(=O)CO)Cc4c(O)c5c(c(O)c43)C(=O)c3ccccc3C5=O)C[C@@H]2O)C[C@H](N)[C@@H]1O,2.5,mL.min-1.kg-1,species_only_human
5081759,CHEMBL1614681,CHEMBL34259,CL,mL.min-1.kg-1,=,2.5,CHEMBL612558,,Clearance in human after iv administration,A,CN(Cc1cnc2nc(N)nc(N)c2n1)c1ccc(C(=O)N[C@@H](CCC(=O)O)C(=O)O)cc1,2.5,mL.min-1.kg-1,species_only_human
5081762,CHEMBL1614671,CHEMBL4,CL,mL.min-1.kg-1,=,2.5,CHEMBL612558,,Clearance in human after iv administration,A,CC1COc2c(N3CCN(C)CC3)c(F)cc3c(=O)c(C(=O)O)cn1c23,2.5,mL.min-1.kg-1,species_only_human
5081765,CHEMBL1614671,CHEMBL834,CL,mL.min-1.kg-1,=,2.5,CHEMBL612558,,Clearance in human after iv administration,A,NCCC(O)(P(=O)(O)O)P(=O)(O)O,2.5,mL.min-1.kg-1,species_only_human
5081768,CHEMBL1614681,CHEMBL432103,CL,mL.min-1.kg-1,=,2.5,CHEMBL612558,,Clearance in human after iv administration,A,CC1CCCC(C)N1CCCC(O)(c1ccccc1)c1ccccn1,2.5,mL.min-1.kg-1,species_only_human
5081769,CHEMBL1614671,CHEMBL635,CL,mL.min-1.kg-1,=,2.5,CHEMBL612558,,Clearance in human after iv administration,A,C[C@]12C=CC(=O)C=C1CC[C@@H]1[C@@H]2C(=O)C[C@@]2(C)[C@H]1CC[C@]2(O)C(=O)CO,2.5,mL.min-1.kg-1,species_only_human
5081779,CHEMBL1614671,CHEMBL48880,CL,mL.min-1.kg-1,=,2.6,CHEMBL612558,,Clearance in human after iv administration,A,CNC(=O)c1cccc2c(Nc3ccc(NS(C)(=O)=O)cc3OC)c3cccc(C)c3nc12,2.6,mL.min-1.kg-1,species_only_human
5081782,CHEMBL1614671,CHEMBL1908354,CL,mL.min-1.kg-1,=,2.6,CHEMBL612558,,Clearance in human after iv administration,A,Cc1nnc(SCC2=C(C(=O)O)N3C(=O)[C@@H](NC(=O)[C@H](O)c4ccccc4)[C@H]3SC2)s1,2.6,mL.min-1.kg-1,species_only_human
5081784,CHEMBL1614681,CHEMBL88,CL,mL.min-1.kg-1,=,2.6,CHEMBL612558,,Clearance in human after iv administration,A,O=P1(N(CCCl)CCCl)NCCCO1,2.6,mL.min-1.kg-1,species_only_human
5081785,CHEMBL1614671,CHEMBL476,CL,mL.min-1.kg-1,=,2.6,CHEMBL612558,,Clearance in human after iv administration,A,CN(C)/N=N/c1[nH]cnc1C(N)=O,2.6,mL.min-1.kg-1,species_only_human
5081790,CHEMBL1614671,CHEMBL576127,CL,mL.min-1.kg-1,=,2.6,CHEMBL612558,,Clearance in human after iv administration,A,O=C1NCC2(CCN(CCc3ccccc3)CC2)O1,2.6,mL.min-1.kg-1,species_only_human
5081800,CHEMBL1614671,CHEMBL207197,CL,mL.min-1.kg-1,=,2.6,CHEMBL612558,,Clearance in human after iv administration,A,NCCCC[C@H](NC(=O)[C@@H](Cc1cc(Br)c(O)c(Br)c1)NC(=O)N1CCC(N2Cc3ccccc3NC2=O)CC1)C(=O)N1CCN(c2ccncc2)CC1,2.6,mL.min-1.kg-1,species_only_human
5081801,CHEMBL1614671,CHEMBL1189679,CL,mL.min-1.kg-1,=,2.6,CHEMBL612558,,Clearance in human after iv administration,A,O=C1c2cccc3c2[C@H](CCC3)CN1[C@@H]1CN2CCC1CC2,2.6,mL.min-1.kg-1,species_only_human
5081802,CHEMBL1614671,CHEMBL339323,CL,mL.min-1.kg-1,=,2.6,CHEMBL612558,,Clearance in human after iv administration,A,CC(=N)N1CC[C@H](SC2=C(C(=O)O)N3C(=O)[C@H]([C@@H](C)O)[C@H]3C2)C1,2.6,mL.min-1.kg-1,species_only_human
5081811,CHEMBL1614671,CHEMBL1086218,CL,mL.min-1.kg-1,=,2.6,CHEMBL612558,,Clearance in human after iv administration,A,C/C=C/C[C@@H](C)C(=O)[C@H]1C(=O)N[C@@H](C(C)C)C(=O)N(C)CC(=O)N(C)[C@@H](CC(C)C)C(=O)N[C@@H](C(C)C)C(=O)N(C)[C@@H](CC(C)C)C(=O)N[C@@H](C)C(=O)N[C@H](C)C(=O)N(C)[C@@H](CC(C)C)C(=O)N(C)[C@@H](CC(C)C)C(=O)N(C)[C@@H](C(C)C)C(=O)N1C,2.6,mL.min-1.kg-1,species_only_human
5081818,CHEMBL1614681,CHEMBL285347,CL,mL.min-1.kg-1,=,2.7,CHEMBL612558,,Clearance in human after iv administration,A,C[C@@H](O)[C@H]1C(=O)N2C(C(=O)[O-])=C(SC3Cn4cnc[n+]4C3)[C@H](C)[C@H]12,2.7,mL.min-1.kg-1,species_only_human
5081819,CHEMBL1614671,CHEMBL1730,CL,mL.min-1.kg-1,=,2.7,CHEMBL612558,,Clearance in human after iv administration,A,CO/N=C(\C(=O)N[C@@H]1C(=O)N2C(C(=O)O)=C(COC(C)=O)CS[C@H]12)c1csc(N)n1,2.7,mL.min-1.kg-1,species_only_human
5081820,CHEMBL1614671,CHEMBL1599,CL,mL.min-1.kg-1,=,2.7,CHEMBL612558,,Clearance in human after iv administration,A,CC(=O)OCC1=C(C(=O)O)N2C(=O)[C@@H](NC(=O)CSc3ccncc3)[C@H]2SC1,2.7,mL.min-1.kg-1,species_only_human
5081822,CHEMBL1614671,CHEMBL1237123,CL,mL.min-1.kg-1,=,2.7,CHEMBL612558,,Clearance in human after iv administration,A,COc1cc(CC2c3c(cc(OC)c(OC)c3OC)CC[N+]2(C)CCCOC(=O)CCC(=O)OCCC[N+]2(C)CCc3cc(OC)c(OC)c(OC)c3C2Cc2cc(OC)c(OC)c(OC)c2)cc(OC)c1OC,2.7,mL.min-1.kg-1,species_only_human
5081828,CHEMBL1614671,CHEMBL1614660,CL,mL.min-1.kg-1,=,2.7,CHEMBL612558,,Clearance in human after iv administration,A,CCCCCCCCC/C=C/C=C/C(=O)CCC(=O)NC1[C@H](C(O)CO)O[C@H](Nc2ncnc3nc[nH]c23)[C@H](O)[C@@H]1O,2.7,mL.min-1.kg-1,species_only_human
5081829,CHEMBL1614671,CHEMBL1736,CL,mL.min-1.kg-1,=,2.7,CHEMBL612558,,Clearance in human after iv administration,A,CC(=O)Nc1c(I)c(C(=O)O)c(I)c(N(C)C(C)=O)c1I,2.7,mL.min-1.kg-1,species_only_human
5081834,CHEMBL1614671,CHEMBL850,CL,mL.min-1.kg-1,=,2.7,CHEMBL612558,,Clearance in human after iv administration,A,C[C@@H]1CN(c2c(F)c(N)c3c(=O)c(C(=O)O)cn(C4CC4)c3c2F)C[C@H](C)N1,2.7,mL.min-1.kg-1,species_only_human
5081841,CHEMBL1614671,CHEMBL174,CL,mL.min-1.kg-1,=,2.8,CHEMBL612558,,Clearance in human after iv administration,A,CC1(C)S[C@@H]2[C@H](NC(=O)[C@H](N)c3ccccc3)C(=O)N2[C@H]1C(=O)O,2.8,mL.min-1.kg-1,species_only_human
5081842,CHEMBL1614671,CHEMBL632,CL,mL.min-1.kg-1,=,2.8,CHEMBL612558,,Clearance in human after iv administration,A,C[C@H]1C[C@H]2[C@@H]3CCC4=CC(=O)C=C[C@]4(C)[C@@]3(F)[C@@H](O)C[C@]2(C)[C@@]1(O)C(=O)CO,2.8,mL.min-1.kg-1,species_only_human
5081845,CHEMBL1614671,CHEMBL515,CL,mL.min-1.kg-1,=,2.8,CHEMBL612558,,Clearance in human after iv administration,A,O=C(O)CCCc1ccc(N(CCCl)CCCl)cc1,2.8,mL.min-1.kg-1,species_only_human
5081852,CHEMBL1614671,CHEMBL31,CL,mL.min-1.kg-1,=,2.8,CHEMBL612558,,Clearance in human after iv administration,A,COc1c(N2CCNC(C)C2)c(F)cc2c(=O)c(C(=O)O)cn(C3CC3)c12,2.8,mL.min-1.kg-1,species_only_human
5081864,CHEMBL1614671,CHEMBL3301800,CL,mL.min-1.kg-1,=,2.9,CHEMBL612558,,Clearance in human after iv administration,A,CC=CC1=C(C(=O)O)N2C(=O)[C@@H](NC(=O)[C@H](N)c3ccc(O)cc3)[C@H]2SC1,2.9,mL.min-1.kg-1,species_only_human
5081865,CHEMBL1614671,CHEMBL1477,CL,mL.min-1.kg-1,=,2.9,CHEMBL612558,,Clearance in human after iv administration,A,COCc1c(C(C)C)nc(C(C)C)c(/C=C/[C@@H](O)C[C@@H](O)CC(=O)O)c1-c1ccc(F)cc1,2.9,mL.min-1.kg-1,species_only_human
5081874,CHEMBL1614671,CHEMBL521606,CL,mL.min-1.kg-1,=,2.9,CHEMBL612558,,Clearance in human after iv administration,A,CC(C)(C)NCC(O)COc1cccc2c1CC(O)C(O)C2,2.9,mL.min-1.kg-1,species_only_human
5081875,CHEMBL1614671,CHEMBL131,CL,mL.min-1.kg-1,=,2.9,CHEMBL612558,,Clearance in human after iv administration,A,C[C@]12C=CC(=O)C=C1CC[C@@H]1[C@@H]2[C@@H](O)C[C@@]2(C)[C@H]1CC[C@]2(O)C(=O)CO,2.9,mL.min-1.kg-1,species_only_human
5081888,CHEMBL1614671,CHEMBL1755,CL,mL.min-1.kg-1,=,3.0,CHEMBL612558,,Clearance in human after iv administration,A,Cc1nc2c([nH]1)-c1ccccc1N(C(=O)c1ccc(NC(=O)c3ccccc3-c3ccccc3)cc1)CC2,3.0,mL.min-1.kg-1,species_only_human
5081895,CHEMBL1614671,CHEMBL148,CL,mL.min-1.kg-1,=,3.0,CHEMBL612558,,Clearance in human after iv administration,A,C[C@@H](O)[C@H]1C(=O)N2C(C(=O)O)=C(SCCNC=N)C[C@H]12,3.0,mL.min-1.kg-1,species_only_human
5081900,CHEMBL1614671,CHEMBL1614663,CL,mL.min-1.kg-1,=,3.0,CHEMBL612558,,Clearance in human after iv administration,A,CC(=O)O[C@H]1C[C@]2(C)CC[C@H]3[C@@H]4C[C@H](N5CC[N+](C)(C)CC5)[C@H](OC(C)=O)[C@@]4(C)CC[C@@H]3[C@@]2(C)C[C@@H]1N1CC[N+](C)(C)CC1.[Br-].[Br-],3.0,mL.min-1.kg-1,species_only_human
5081906,CHEMBL1614671,CHEMBL646,CL,mL.min-1.kg-1,=,3.0,CHEMBL612558,,Clearance in human after iv administration,A,Cc1nnc2n1-c1ccc(Cl)cc1C(c1ccccc1Cl)=NC2,3.0,mL.min-1.kg-1,species_only_human
5081909,CHEMBL1614671,CHEMBL75753,CL,mL.min-1.kg-1,=,3.0,CHEMBL612558,,Clearance in human after iv administration,A,O=C(NCCNCC(O)COc1ccc(O)cc1)N1CCOCC1,3.0,mL.min-1.kg-1,species_only_human
5081913,CHEMBL1614671,CHEMBL600,CL,mL.min-1.kg-1,=,3.1,CHEMBL612558,,Clearance in human after iv administration,A,CC(=O)N[C@@H](CS)C(=O)O,3.1,mL.min-1.kg-1,species_only_human
5081914,CHEMBL1614671,CHEMBL1614662,CL,mL.min-1.kg-1,=,3.1,CHEMBL612558,,Clearance in human after iv administration,A,CC(C)(C)[C@H](NC(=O)[C@H](CC1CCCC1)CN(O)C=O)C(=O)N1CCN(Cc2ccc3c(c2)OCO3)CC1,3.1,mL.min-1.kg-1,species_only_human
5081919,CHEMBL1614671,CHEMBL777,CL,mL.min-1.kg-1,=,3.1,CHEMBL612558,,Clearance in human after iv administration,A,O=C(O)[C@H]1/C(=C/CO)O[C@@H]2CC(=O)N21,3.1,mL.min-1.kg-1,species_only_human
5081920,CHEMBL1614671,CHEMBL1738,CL,mL.min-1.kg-1,=,3.1,CHEMBL612558,,Clearance in human after iv administration,A,C[C@@H](CN1CC(=O)NC(=O)C1)N1CC(=O)NC(=O)C1,3.1,mL.min-1.kg-1,species_only_human
5081930,CHEMBL1614681,CHEMBL339323,CL,mL.min-1.kg-1,=,3.1,CHEMBL612558,,Clearance in human after iv administration,A,CC(=N)N1CC[C@H](SC2=C(C(=O)O)N3C(=O)[C@H]([C@@H](C)O)[C@H]3C2)C1,3.1,mL.min-1.kg-1,species_only_human
5081931,CHEMBL1614671,CHEMBL349803,CL,mL.min-1.kg-1,=,3.1,CHEMBL612558,,Clearance in human after iv administration,A,NS(=O)(=O)c1cc(C(=O)O)cc(N2CCCC2)c1Oc1ccccc1,3.1,mL.min-1.kg-1,species_only_human
5081934,CHEMBL1614671,CHEMBL1518,CL,mL.min-1.kg-1,=,3.1,CHEMBL612558,,Clearance in human after iv administration,A,CCCc1cc(=O)[nH]c(=S)[nH]1,3.1,mL.min-1.kg-1,species_only_human
5081936,CHEMBL1614671,CHEMBL483,CL,mL.min-1.kg-1,=,3.1,CHEMBL612558,,Clearance in human after iv administration,A,C[C@H](Cn1cnc2c(N)ncnc21)OCP(=O)(O)O,3.1,mL.min-1.kg-1,species_only_human
5081939,CHEMBL1614671,CHEMBL279229,CL,mL.min-1.kg-1,=,3.1,CHEMBL612558,,Clearance in human after iv administration,A,COc1ccccc1N1CCN(CCCNc2cc(=O)n(C)c(=O)n2C)CC1,3.1,mL.min-1.kg-1,species_only_human
5081940,CHEMBL1614671,CHEMBL159,CL,mL.min-1.kg-1,=,3.1,CHEMBL612558,,Clearance in human after iv administration,A,CC[C@]1(O)C[C@@H]2CN(CCc3c([nH]c4ccccc34)[C@@](C(=O)OC)(c3cc4c(cc3OC)N(C)[C@H]3[C@@](O)(C(=O)OC)[C@H](OC(C)=O)[C@]5(CC)C=CCN6CC[C@]43[C@@H]65)C2)C1,3.1,mL.min-1.kg-1,species_only_human
5081953,CHEMBL1614671,CHEMBL1568,CL,mL.min-1.kg-1,=,3.2,CHEMBL612558,,Clearance in human after iv administration,A,Nc1nc(F)nc2c1ncn2[C@@H]1O[C@H](CO)[C@@H](O)[C@@H]1O,3.2,mL.min-1.kg-1,species_only_human
5081965,CHEMBL1614671,CHEMBL465,CL,mL.min-1.kg-1,=,3.2,CHEMBL612558,,Clearance in human after iv administration,A,CCCCCc1cc(O)c2c(c1)OC(C)(C)[C@@H]1CCC(C)=C[C@@H]21,3.2,mL.min-1.kg-1,species_only_human
5081968,CHEMBL1614681,CHEMBL385181,CL,mL.min-1.kg-1,=,3.2,CHEMBL612558,,Clearance in human after iv administration,A,NC(=O)c1cc[n+](COC[n+]2ccccc2/C=N/O)cc1,3.2,mL.min-1.kg-1,species_only_human
5081973,CHEMBL1614671,CHEMBL1082,CL,mL.min-1.kg-1,=,3.3,CHEMBL612558,,Clearance in human after iv administration,A,CC1(C)S[C@@H]2[C@H](NC(=O)[C@H](N)c3ccc(O)cc3)C(=O)N2[C@H]1C(=O)O,3.3,mL.min-1.kg-1,species_only_human
5081977,CHEMBL1614671,CHEMBL1095284,CL,mL.min-1.kg-1,=,3.3,CHEMBL612558,,Clearance in human after iv administration,A,N[C@@H](C(=O)N[C@@H]1C(=O)N2C(C(=O)O)=C(CSc3c[nH]nn3)CS[C@H]12)c1ccc(O)cc1,3.3,mL.min-1.kg-1,species_only_human
5081980,CHEMBL1614671,CHEMBL316157,CL,mL.min-1.kg-1,=,3.3,CHEMBL612558,,Clearance in human after iv administration,A,O=C(Cc1cccs1)N[C@@H]1C(=O)N2C(C(=O)[O-])=C(C[n+]3ccccc3)CS[C@H]12,3.3,mL.min-1.kg-1,species_only_human
5081981,CHEMBL1614671,CHEMBL1604,CL,mL.min-1.kg-1,=,3.3,CHEMBL612558,,Clearance in human after iv administration,A,CC1=C(C(=O)O)N2C(=O)[C@@H](NC(=O)[C@H](N)C3=CCC=CC3)[C@H]2SC1,3.3,mL.min-1.kg-1,species_only_human
5081987,CHEMBL1614671,CHEMBL384467,CL,mL.min-1.kg-1,=,3.3,CHEMBL612558,,Clearance in human after iv administration,A,C[C@@H]1C[C@H]2[C@@H]3CCC4=CC(=O)C=C[C@]4(C)[C@@]3(F)[C@@H](O)C[C@]2(C)[C@@]1(O)C(=O)CO,3.3,mL.min-1.kg-1,species_only_human
5081992,CHEMBL1614671,CHEMBL941,CL,mL.min-1.kg-1,=,3.3,CHEMBL612558,,Clearance in human after iv administration,A,Cc1ccc(NC(=O)c2ccc(CN3CCN(C)CC3)cc2)cc1Nc1nccc(-c2cccnc2)n1,3.3,mL.min-1.kg-1,species_only_human
5081997,CHEMBL1614671,CHEMBL1443,CL,mL.min-1.kg-1,=,3.3,CHEMBL612558,,Clearance in human after iv administration,A,CCOc1ccc2ccccc2c1C(=O)N[C@@H]1C(=O)N2[C@@H]1SC(C)(C)[C@@H]2C(=O)O,3.3,mL.min-1.kg-1,species_only_human
5082005,CHEMBL1614671,CHEMBL135400,CL,mL.min-1.kg-1,=,3.3,CHEMBL612558,,Clearance in human after iv administration,A,CN1CCN(C(=O)OC2c3nccnc3C(=O)N2c2ccc(Cl)cn2)CC1,3.3,mL.min-1.kg-1,species_only_human
5082009,CHEMBL1614681,CHEMBL184,CL,mL.min-1.kg-1,=,3.4,CHEMBL612558,,Clearance in human after iv administration,A,Nc1nc2c(ncn2COCCO)c(=O)[nH]1,3.4,mL.min-1.kg-1,species_only_human
5082011,CHEMBL1614671,CHEMBL423,CL,mL.min-1.kg-1,=,3.4,CHEMBL612558,,Clearance in human after iv administration,A,CC(C)NCC(O)COc1ccc(CCOCC2CC2)cc1,3.4,mL.min-1.kg-1,species_only_human
5082015,CHEMBL1614671,CHEMBL7728,CL,mL.min-1.kg-1,=,3.4,CHEMBL612558,,Clearance in human after iv administration,A,CN1C(=O)NC(=O)C(C)(C2=CCCCC2)C1=O,3.4,mL.min-1.kg-1,species_only_human
5082024,CHEMBL1614671,CHEMBL1760,CL,mL.min-1.kg-1,=,3.4,CHEMBL612558,,Clearance in human after iv administration,A,CC(C)(C)NCC(O)c1cc(O)cc(O)c1,3.4,mL.min-1.kg-1,species_only_human
5082025,CHEMBL1614671,CHEMBL468,CL,mL.min-1.kg-1,=,3.4,CHEMBL612558,,Clearance in human after iv administration,A,O=C1CCC(N2C(=O)c3ccccc3C2=O)C(=O)N1,3.4,mL.min-1.kg-1,species_only_human
5082027,CHEMBL1614671,CHEMBL1687,CL,mL.min-1.kg-1,=,3.4,CHEMBL612558,,Clearance in human after iv administration,A,COc1cc2c3cc1Oc1cc(ccc1O)C[C@@H]1c4c(cc(OC)c(O)c4Oc4ccc(cc4)C[C@@H]3N(C)CC2)CC[N+]1(C)C.[Cl-],3.4,mL.min-1.kg-1,species_only_human
5082035,CHEMBL1614671,CHEMBL139,CL,mL.min-1.kg-1,=,3.5,CHEMBL612558,,Clearance in human after iv administration,A,O=C(O)Cc1ccccc1Nc1c(Cl)cccc1Cl,3.5,mL.min-1.kg-1,species_only_human
5082037,CHEMBL1614671,CHEMBL551978,CL,mL.min-1.kg-1,=,3.5,CHEMBL612558,,Clearance in human after iv administration,A,CCOc1ccc(/C=C2\NCCc3cc(OCC)c(OCC)cc32)cc1OCC,3.5,mL.min-1.kg-1,species_only_human
5082041,CHEMBL1614671,CHEMBL459,CL,mL.min-1.kg-1,=,3.5,CHEMBL612558,,Clearance in human after iv administration,A,C[C@](N)(Cc1ccc(O)c(O)c1)C(=O)O,3.5,mL.min-1.kg-1,species_only_human
5082046,CHEMBL1614671,CHEMBL374478,CL,mL.min-1.kg-1,=,3.5,CHEMBL612558,,Clearance in human after iv administration,A,CO[C@H]1/C=C/O[C@@]2(C)Oc3c(C)c(O)c4c(O)c(c(/C=N/N5CCN(C)CC5)c(O)c4c3C2=O)NC(=O)/C(C)=C\C=C\[C@H](C)[C@H](O)[C@@H](C)[C@@H](O)[C@@H](C)[C@H](OC(C)=O)[C@@H]1C,3.5,mL.min-1.kg-1,species_only_human
5082049,CHEMBL1614681,CHEMBL408,CL,mL.min-1.kg-1,=,3.5,CHEMBL612558,,Clearance in human after iv administration,A,Cc1c(C)c2c(c(C)c1O)CCC(C)(COc1ccc(CC3SC(=O)NC3=O)cc1)O2,3.5,mL.min-1.kg-1,species_only_human
5082050,CHEMBL1614689,CHEMBL280378,CL,mL.min-1.kg-1,=,3.5,CHEMBL612558,,Clearance in human after iv administration,A,CCOc1cc(Cc2cnc(N)nc2N)cc(OCC)c1-n1cccc1,3.5,mL.min-1.kg-1,species_only_human
5082055,CHEMBL1614671,CHEMBL1146,CL,mL.min-1.kg-1,=,3.6,CHEMBL612558,,Clearance in human after iv administration,A,Cn1nnnc1SCC1=C(C(=O)O)N2C(=O)[C@@H](NC(=O)[C@H](O)c3ccccc3)[C@H]2SC1,3.6,mL.min-1.kg-1,species_only_human
5082056,CHEMBL1614671,CHEMBL996,CL,mL.min-1.kg-1,=,3.6,CHEMBL612558,,Clearance in human after iv administration,A,CO[C@@]1(NC(=O)Cc2cccs2)C(=O)N2C(C(=O)O)=C(COC(N)=O)CS[C@@H]21,3.6,mL.min-1.kg-1,species_only_human
5082064,CHEMBL1614681,CHEMBL6622,CL,mL.min-1.kg-1,=,3.6,CHEMBL612558,,Clearance in human after iv administration,A,O=[N+]([O-])O[C@H]1CO[C@H]2[C@@H]1OC[C@H]2O[N+](=O)[O-],3.6,mL.min-1.kg-1,species_only_human
5082069,CHEMBL1614681,CHEMBL635,CL,mL.min-1.kg-1,=,3.6,CHEMBL612558,,Clearance in human after iv administration,A,C[C@]12C=CC(=O)C=C1CC[C@@H]1[C@@H]2C(=O)C[C@@]2(C)[C@H]1CC[C@]2(O)C(=O)CO,3.6,mL.min-1.kg-1,species_only_human
5082073,CHEMBL1614671,CHEMBL810,CL,mL.min-1.kg-1,=,3.6,CHEMBL612558,,Clearance in human after iv administration,A,Cn1nnc2c(C(N)=O)ncn2c1=O,3.6,mL.min-1.kg-1,species_only_human
5082078,CHEMBL1614671,CHEMBL484,CL,mL.min-1.kg-1,=,3.7,CHEMBL612558,,Clearance in human after iv administration,A,Nc1ncnc2c1ncn2CCOCP(=O)(O)O,3.7,mL.min-1.kg-1,species_only_human
5082079,CHEMBL1614671,CHEMBL645,CL,mL.min-1.kg-1,=,3.7,CHEMBL612558,,Clearance in human after iv administration,A,CC(C)NCC(O)COc1ccc(COCCOC(C)C)cc1,3.7,mL.min-1.kg-1,species_only_human
5082081,CHEMBL1614671,CHEMBL550781,CL,mL.min-1.kg-1,=,3.7,CHEMBL612558,,Clearance in human after iv administration,A,CCCCCN(CCCOC)C(=O)[C@@H](CCC(=O)O)NC(=O)c1ccc(Cl)c(Cl)c1,3.7,mL.min-1.kg-1,species_only_human
5082087,CHEMBL1614671,CHEMBL1515,CL,mL.min-1.kg-1,=,3.7,CHEMBL612558,,Clearance in human after iv administration,A,Cn1ccnc1S,3.7,mL.min-1.kg-1,species_only_human
5082092,CHEMBL1614671,CHEMBL1201244,CL,mL.min-1.kg-1,=,3.7,CHEMBL612558,,Clearance in human after iv administration,A,C=CC[N+]1([C@H]2C[C@H]3[C@@H]4CC[C@H]5C[C@H](O)[C@@H](N6CCOCC6)C[C@]5(C)[C@H]4CC[C@]3(C)[C@H]2OC(C)=O)CCCC1,3.7,mL.min-1.kg-1,species_only_human
5082093,CHEMBL1614671,CHEMBL95804,CL,mL.min-1.kg-1,=,3.7,CHEMBL612558,,Clearance in human after iv administration,A,CCN(CC)CCNC(=O)c1ccc(NS(C)(=O)=O)cc1,3.7,mL.min-1.kg-1,species_only_human
5082095,CHEMBL1614671,CHEMBL108821,CL,mL.min-1.kg-1,=,3.7,CHEMBL612558,,Clearance in human after iv administration,A,N[C@@H]1CN(c2c(F)cc3c(=O)c(C(=O)O)cn([C@@H]4C[C@@H]4F)c3c2Cl)CC12CC2,3.7,mL.min-1.kg-1,species_only_human
5082105,CHEMBL1614671,CHEMBL160629,CL,mL.min-1.kg-1,=,3.8,CHEMBL612558,,Clearance in human after iv administration,A,CCC#CC[C@H](C)[C@H](O)C#C[C@@H]1[C@H]2C/C(=C/COCC(=O)O)C[C@H]2C[C@H]1O,3.8,mL.min-1.kg-1,species_only_human
5082112,CHEMBL1614671,CHEMBL2051955,CL,mL.min-1.kg-1,=,3.8,CHEMBL612558,,Clearance in human after iv administration,A,C[C@@H]1CC(=O)NN=C1c1ccc(NN=C(C#N)C#N)cc1,3.8,mL.min-1.kg-1,species_only_human
5082122,CHEMBL1614671,CHEMBL376140,CL,mL.min-1.kg-1,=,3.8,CHEMBL612558,,Clearance in human after iv administration,A,CN(C)c1cc(NC(=O)CNC(C)(C)C)c(O)c2c1C[C@H]1C[C@H]3[C@H](N(C)C)C(O)=C(C(N)=O)C(=O)[C@@]3(O)C(O)=C1C2=O,3.8,mL.min-1.kg-1,species_only_human
5082126,CHEMBL1614671,CHEMBL634,CL,mL.min-1.kg-1,=,3.9,CHEMBL612558,,Clearance in human after iv administration,A,CCC(=O)N(c1ccccc1)C1(COC)CCN(CCn2nnn(CC)c2=O)CC1,3.9,mL.min-1.kg-1,species_only_human
5082130,CHEMBL1614671,CHEMBL1727,CL,mL.min-1.kg-1,=,3.9,CHEMBL612558,,Clearance in human after iv administration,A,CC1=C(C(=O)O)N2C(=O)[C@@H](NC(=O)[C@H](N)c3ccccc3)[C@H]2SC1,3.9,mL.min-1.kg-1,species_only_human
5082138,CHEMBL1614671,CHEMBL127,CL,mL.min-1.kg-1,=,3.9,CHEMBL612558,,Clearance in human after iv administration,A,C[C@@H](O)[C@H]1C(=O)N2C(C(=O)O)=C(S[C@@H]3CN[C@H](C(=O)N(C)C)C3)[C@H](C)[C@H]12,3.9,mL.min-1.kg-1,species_only_human
5082144,CHEMBL1614671,CHEMBL1097,CL,mL.min-1.kg-1,=,4.0,CHEMBL612558,,Clearance in human after iv administration,A,CCN(CC)CCNC(=O)c1ccc(NC(C)=O)cc1,4.0,mL.min-1.kg-1,species_only_human
5082151,CHEMBL1614671,CHEMBL134,CL,mL.min-1.kg-1,=,4.0,CHEMBL612558,,Clearance in human after iv administration,A,Clc1cccc(Cl)c1NC1=NCCN1,4.0,mL.min-1.kg-1,species_only_human
5082154,CHEMBL1614671,CHEMBL279898,CL,mL.min-1.kg-1,=,4.0,CHEMBL612558,,Clearance in human after iv administration,A,CCCn1c(=O)[nH]c(=O)c2nc[nH]c21,4.0,mL.min-1.kg-1,species_only_human
5082160,CHEMBL1614671,CHEMBL22097,CL,mL.min-1.kg-1,=,4.0,CHEMBL612558,,Clearance in human after iv administration,A,CN1C(=O)C(O)N=C(c2ccccc2Cl)c2cc(Cl)ccc21,4.0,mL.min-1.kg-1,species_only_human
5082163,CHEMBL1614681,CHEMBL127,CL,mL.min-1.kg-1,=,4.0,CHEMBL612558,,Clearance in human after iv administration,A,C[C@@H](O)[C@H]1C(=O)N2C(C(=O)O)=C(S[C@@H]3CN[C@H](C(=O)N(C)C)C3)[C@H](C)[C@H]12,4.0,mL.min-1.kg-1,species_only_human
5082165,CHEMBL1614671,CHEMBL45816,CL,mL.min-1.kg-1,=,4.0,CHEMBL612558,,Clearance in human after iv administration,A,COCC(=O)O[C@]1(CCN(C)CCCc2nc3ccccc3[nH]2)CCc2cc(F)ccc2[C@@H]1C(C)C,4.0,mL.min-1.kg-1,species_only_human
5082167,CHEMBL1614671,CHEMBL702,CL,mL.min-1.kg-1,=,4.0,CHEMBL612558,,Clearance in human after iv administration,A,CCN1CCN(C(=O)N[C@@H](C(=O)N[C@@H]2C(=O)N3[C@@H]2SC(C)(C)[C@@H]3C(=O)O)c2ccccc2)C(=O)C1=O,4.0,mL.min-1.kg-1,species_only_human
5082169,CHEMBL1614671,CHEMBL1294,CL,mL.min-1.kg-1,=,4.0,CHEMBL612558,,Clearance in human after iv administration,A,C=C[C@H]1CN2CC[C@H]1C[C@@H]2[C@@H](O)c1ccnc2ccc(OC)cc12,4.0,mL.min-1.kg-1,species_only_human
5082170,CHEMBL1614671,CHEMBL1219,CL,mL.min-1.kg-1,=,4.0,CHEMBL612558,,Clearance in human after iv administration,A,COCCCOc1ccnc(C[S+]([O-])c2nc3ccccc3[nH]2)c1C,4.0,mL.min-1.kg-1,species_only_human
5082179,CHEMBL1614681,CHEMBL17125,CL,mL.min-1.kg-1,=,4.0,CHEMBL612558,,Clearance in human after iv administration,A,Cc1nc(=O)c(C#N)c(NCc2cccnc2)[nH]1,4.0,mL.min-1.kg-1,species_only_human
5082185,CHEMBL1614671,CHEMBL76,CL,mL.min-1.kg-1,=,4.1,CHEMBL612558,,Clearance in human after iv administration,A,CCN(CC)CCCC(C)Nc1ccnc2cc(Cl)ccc12,4.1,mL.min-1.kg-1,species_only_human
5082202,CHEMBL1614681,CHEMBL139,CL,mL.min-1.kg-1,=,4.2,CHEMBL612558,,Clearance in human after iv administration,A,O=C(O)Cc1ccccc1Nc1c(Cl)cccc1Cl,4.2,mL.min-1.kg-1,species_only_human
5082203,CHEMBL1614671,CHEMBL2092739,CL,mL.min-1.kg-1,=,4.2,CHEMBL612558,,Clearance in human after iv administration,A,CCC1CN2CCC1CC2[C@@H](O)c1ccnc2ccc(OC)cc12,4.2,mL.min-1.kg-1,species_only_human
5082211,CHEMBL1614671,CHEMBL1614637,CL,mL.min-1.kg-1,=,4.2,CHEMBL612558,,Clearance in human after iv administration,A,CC(Oc1ccccc1)C(=O)N[C@@H]1C(=O)N2[C@@H]1SC(C)(C)[C@@H]2C(=O)O,4.2,mL.min-1.kg-1,species_only_human
5082214,CHEMBL1614671,CHEMBL43,CL,mL.min-1.kg-1,=,4.3,CHEMBL612558,,Clearance in human after iv administration,A,COc1cc(NS(C)(=O)=O)ccc1Nc1c2ccccc2nc2ccccc12,4.3,mL.min-1.kg-1,species_only_human
5082215,CHEMBL1614671,CHEMBL1098,CL,mL.min-1.kg-1,=,4.3,CHEMBL612558,,Clearance in human after iv administration,A,CCCCN1CCCCC1C(=O)Nc1c(C)cccc1C,4.3,mL.min-1.kg-1,species_only_human
5082217,CHEMBL1614689,CHEMBL71,CL,mL.min-1.kg-1,=,4.3,CHEMBL612558,,Clearance in human after iv administration,A,CN(C)CCCN1c2ccccc2Sc2ccc(Cl)cc21,4.3,mL.min-1.kg-1,species_only_human
5082218,CHEMBL1614671,CHEMBL549,CL,mL.min-1.kg-1,=,4.3,CHEMBL612558,,Clearance in human after iv administration,A,CN(C)CCCC1(c2ccc(F)cc2)OCc2cc(C#N)ccc21,4.3,mL.min-1.kg-1,species_only_human
5082226,CHEMBL1614671,CHEMBL916,CL,mL.min-1.kg-1,=,4.3,CHEMBL612558,,Clearance in human after iv administration,A,CCCCS(=O)(=O)N[C@@H](Cc1ccc(OCCCCC2CCNCC2)cc1)C(=O)O,4.3,mL.min-1.kg-1,species_only_human
5082229,CHEMBL1614671,CHEMBL911,CL,mL.min-1.kg-1,=,4.3,CHEMBL612558,,Clearance in human after iv administration,A,Cc1ccc(-c2nc3ccc(C)cn3c2CC(=O)N(C)C)cc1,4.3,mL.min-1.kg-1,species_only_human
5082239,CHEMBL1614671,CHEMBL480,CL,mL.min-1.kg-1,=,4.4,CHEMBL612558,,Clearance in human after iv administration,A,Cc1c(OCC(F)(F)F)ccnc1C[S+]([O-])c1nc2ccccc2[nH]1,4.4,mL.min-1.kg-1,species_only_human
5082242,CHEMBL1614671,CHEMBL1201201,CL,mL.min-1.kg-1,=,4.4,CHEMBL612558,,Clearance in human after iv administration,A,CN[C@@H](C)Cc1ccccc1,4.4,mL.min-1.kg-1,species_only_human
5082253,CHEMBL1614671,CHEMBL1753,CL,mL.min-1.kg-1,=,4.5,CHEMBL612558,,Clearance in human after iv administration,A,CCC[C@@H]1C[C@@H](C(=O)N[C@@H]([C@H]2O[C@H](SC)[C@H](O)[C@@H](O)[C@H]2O)[C@H](C)Cl)N(C)C1,4.5,mL.min-1.kg-1,species_only_human
5082255,CHEMBL1614671,CHEMBL862,CL,mL.min-1.kg-1,=,4.5,CHEMBL612558,,Clearance in human after iv administration,A,N=C(N)NC(=O)Cc1c(Cl)cccc1Cl,4.5,mL.min-1.kg-1,species_only_human
5082261,CHEMBL1614681,CHEMBL1294,CL,mL.min-1.kg-1,=,4.5,CHEMBL612558,,Clearance in human after iv administration,A,C=C[C@H]1CN2CC[C@H]1C[C@@H]2[C@@H](O)c1ccnc2ccc(OC)cc12,4.5,mL.min-1.kg-1,species_only_human
5082262,CHEMBL1614671,CHEMBL551786,CL,mL.min-1.kg-1,=,4.5,CHEMBL612558,,Clearance in human after iv administration,A,Cc1cccc(C)c1NC(=O)NCCCNC(C)C,4.5,mL.min-1.kg-1,species_only_human
5082266,CHEMBL1614671,CHEMBL1200629,CL,mL.min-1.kg-1,=,4.5,CHEMBL612558,,Clearance in human after iv administration,A,CC(=O)O[C@H]1C[C@@H]2CC[C@@H]3[C@H](CC[C@@]4(C)[C@H]3C[C@H]([N+]3(C)CCCCC3)[C@@H]4OC(C)=O)[C@@]2(C)C[C@@H]1N1CCCCC1.[Br-],4.5,mL.min-1.kg-1,species_only_human
5082269,CHEMBL1614681,CHEMBL6231,CL,mL.min-1.kg-1,=,4.5,CHEMBL612558,,Clearance in human after iv administration,A,CNn1cc(C(=O)O)c(=O)c2cc(F)c(N3CCN(C)CC3)cc21,4.5,mL.min-1.kg-1,species_only_human
5082272,CHEMBL1614689,CHEMBL4,CL,mL.min-1.kg-1,=,4.53,CHEMBL612558,,Clearance in human after iv administration,A,CC1COc2c(N3CCN(C)CC3)c(F)cc3c(=O)c(C(=O)O)cn1c23,4.53,mL.min-1.kg-1,species_only_human
5082277,CHEMBL1614671,CHEMBL182,CL,mL.min-1.kg-1,=,4.6,CHEMBL612558,,Clearance in human after iv administration,A,Nc1nc2c(ncn2COC(CO)CO)c(=O)[nH]1,4.6,mL.min-1.kg-1,species_only_human
5082284,CHEMBL1614671,CHEMBL184,CL,mL.min-1.kg-1,=,4.7,CHEMBL612558,,Clearance in human after iv administration,A,Nc1nc2c(ncn2COCCO)c(=O)[nH]1,4.7,mL.min-1.kg-1,species_only_human
5082288,CHEMBL1614671,CHEMBL278255,CL,mL.min-1.kg-1,=,4.7,CHEMBL612558,,Clearance in human after iv administration,A,NC1CCN(c2c(F)cc3c(=O)c(C(=O)O)cn(C4CC4)c3c2Cl)C1,4.7,mL.min-1.kg-1,species_only_human
5082290,CHEMBL1614671,CHEMBL1614648,CL,mL.min-1.kg-1,=,4.7,CHEMBL612558,,Clearance in human after iv administration,A,C#C[C@]1(O)CC[C@H]2[C@@H]3CCc4cc(OS(=O)(=O)O)ccc4[C@H]3CC[C@@]21C,4.7,mL.min-1.kg-1,species_only_human
5082291,CHEMBL1614671,CHEMBL596,CL,mL.min-1.kg-1,=,4.7,CHEMBL612558,,Clearance in human after iv administration,A,CCC(=O)N(c1ccccc1)C1CCN(CCc2ccccc2)CC1,4.7,mL.min-1.kg-1,species_only_human
5082296,CHEMBL1614671,CHEMBL2,CL,mL.min-1.kg-1,=,4.7,CHEMBL612558,,Clearance in human after iv administration,A,COc1cc2nc(N3CCN(C(=O)c4ccco4)CC3)nc(N)c2cc1OC,4.7,mL.min-1.kg-1,species_only_human
5082302,CHEMBL1614671,CHEMBL660,CL,mL.min-1.kg-1,=,4.8,CHEMBL612558,,Clearance in human after iv administration,A,NC12CC3CC(CC(C3)C1)C2,4.8,mL.min-1.kg-1,species_only_human
5082305,CHEMBL1614671,CHEMBL188185,CL,mL.min-1.kg-1,=,4.8,CHEMBL612558,,Clearance in human after iv administration,A,CCCC(=O)N1CCCN(c2nc(N)c3cc(OC)c(OC)cc3n2)CC1,4.8,mL.min-1.kg-1,species_only_human
5082308,CHEMBL1614671,CHEMBL1752,CL,mL.min-1.kg-1,=,4.8,CHEMBL612558,,Clearance in human after iv administration,A,Cn1c(=O)c2c(ncn2CC(O)CO)n(C)c1=O,4.8,mL.min-1.kg-1,species_only_human
5082313,CHEMBL1614671,CHEMBL141,CL,mL.min-1.kg-1,=,4.8,CHEMBL612558,,Clearance in human after iv administration,A,Nc1ccn([C@@H]2CS[C@H](CO)O2)c(=O)n1,4.8,mL.min-1.kg-1,species_only_human
5082315,CHEMBL1614671,CHEMBL674,CL,mL.min-1.kg-1,=,4.8,CHEMBL612558,,Clearance in human after iv administration,A,CCC(CC)O[C@@H]1C=C(C(=O)O)C[C@H](N)[C@H]1NC(C)=O,4.8,mL.min-1.kg-1,species_only_human
5082325,CHEMBL1614671,CHEMBL652,CL,mL.min-1.kg-1,=,4.9,CHEMBL612558,,Clearance in human after iv administration,A,O=C(NCC1CCCCN1)c1cc(OCC(F)(F)F)ccc1OCC(F)(F)F,4.9,mL.min-1.kg-1,species_only_human
5082330,CHEMBL1614671,CHEMBL607,CL,mL.min-1.kg-1,=,4.9,CHEMBL612558,,Clearance in human after iv administration,A,CCOC(=O)C1(c2ccccc2)CCN(C)CC1,4.9,mL.min-1.kg-1,species_only_human
5082335,CHEMBL1614681,CHEMBL275528,CL,mL.min-1.kg-1,=,4.9,CHEMBL612558,,Clearance in human after iv administration,A,c1ccc(C2(N3CCCCC3)CCCCC2)cc1,4.9,mL.min-1.kg-1,species_only_human
5082337,CHEMBL1614671,CHEMBL152067,CL,mL.min-1.kg-1,=,4.9,CHEMBL612558,,Clearance in human after iv administration,A,CC(C)(C)NCC(O)COc1ccc(NC(=O)NC2CCCCC2)cc1,4.9,mL.min-1.kg-1,species_only_human
5082339,CHEMBL1614671,CHEMBL112,CL,mL.min-1.kg-1,=,5.0,CHEMBL612558,,Clearance in human after iv administration,A,CC(=O)Nc1ccc(O)cc1,5.0,mL.min-1.kg-1,species_only_human
5082340,CHEMBL1614671,CHEMBL1166,CL,mL.min-1.kg-1,=,5.0,CHEMBL612558,,Clearance in human after iv administration,A,CC1CNc2c(cccc2S(=O)(=O)N[C@@H](CCCNC(=N)N)C(=O)N2CC[C@@H](C)C[C@@H]2C(=O)O)C1,5.0,mL.min-1.kg-1,species_only_human
5082342,CHEMBL1614681,CHEMBL549,CL,mL.min-1.kg-1,=,5.0,CHEMBL612558,,Clearance in human after iv administration,A,CN(C)CCCC1(c2ccc(F)cc2)OCc2cc(C#N)ccc21,5.0,mL.min-1.kg-1,species_only_human
5082344,CHEMBL1614681,CHEMBL691,CL,mL.min-1.kg-1,=,5.0,CHEMBL612558,,Clearance in human after iv administration,A,C#C[C@]1(O)CC[C@H]2[C@@H]3CCc4cc(O)ccc4[C@H]3CC[C@@]21C,5.0,mL.min-1.kg-1,species_only_human
5082360,CHEMBL1614671,CHEMBL64391,CL,mL.min-1.kg-1,=,5.1,CHEMBL612558,,Clearance in human after iv administration,A,CCC(C)n1ncn(-c2ccc(N3CCN(c4ccc(OCC5COC(Cn6cncn6)(c6ccc(Cl)cc6Cl)O5)cc4)CC3)cc2)c1=O,5.1,mL.min-1.kg-1,species_only_human
5082364,CHEMBL1614671,CHEMBL1231,CL,mL.min-1.kg-1,=,5.1,CHEMBL612558,,Clearance in human after iv administration,A,CCN(CC)CC#CCOC(=O)C(O)(c1ccccc1)C1CCCCC1,5.1,mL.min-1.kg-1,species_only_human
5082365,CHEMBL1614671,CHEMBL275528,CL,mL.min-1.kg-1,=,5.1,CHEMBL612558,,Clearance in human after iv administration,A,c1ccc(C2(N3CCCCC3)CCCCC2)cc1,5.1,mL.min-1.kg-1,species_only_human
5082366,CHEMBL1614671,CHEMBL7568,CL,mL.min-1.kg-1,=,5.1,CHEMBL612558,,Clearance in human after iv administration,A,CCN(CC)CCCC(C)Nc1c2ccc(Cl)cc2nc2ccc(OC)cc12,5.1,mL.min-1.kg-1,species_only_human
5082368,CHEMBL1614671,CHEMBL403,CL,mL.min-1.kg-1,=,5.1,CHEMBL612558,,Clearance in human after iv administration,A,CC1(C)[C@H](C(=O)O)N2C(=O)C[C@H]2S1(=O)=O,5.1,mL.min-1.kg-1,species_only_human
5082371,CHEMBL1614671,CHEMBL708,CL,mL.min-1.kg-1,=,5.1,CHEMBL612558,,Clearance in human after iv administration,A,O=C1Cc2cc(CCN3CCN(c4nsc5ccccc45)CC3)c(Cl)cc2N1,5.1,mL.min-1.kg-1,species_only_human
5082377,CHEMBL1614671,CHEMBL473,CL,mL.min-1.kg-1,=,5.2,CHEMBL612558,,Clearance in human after iv administration,A,CN(CCOc1ccc(NS(C)(=O)=O)cc1)CCc1ccc(NS(C)(=O)=O)cc1,5.2,mL.min-1.kg-1,species_only_human
5082384,CHEMBL1614671,CHEMBL1182833,CL,mL.min-1.kg-1,=,5.2,CHEMBL612558,,Clearance in human after iv administration,A,COc1cc2c(cc1OC)[C@@H](Cc1cc(OC)c(OC)c(OC)c1)[N+](C)(CCCOC(=O)CC/C=C/CCC(=O)OCCC[N+]1(C)CCc3cc(OC)c(OC)cc3[C@H]1Cc1cc(OC)c(OC)c(OC)c1)CC2,5.2,mL.min-1.kg-1,species_only_human
5082388,CHEMBL1614671,CHEMBL1643,CL,mL.min-1.kg-1,=,5.2,CHEMBL612558,,Clearance in human after iv administration,A,NC(=O)c1ncn([C@@H]2O[C@H](CO)[C@@H](O)[C@H]2O)n1,5.2,mL.min-1.kg-1,species_only_human
5082395,CHEMBL1614671,CHEMBL13960,CL,mL.min-1.kg-1,=,5.3,CHEMBL612558,,Clearance in human after iv administration,A,O=C(O)C(Cl)Cl,5.3,mL.min-1.kg-1,species_only_human
5082397,CHEMBL1614671,CHEMBL1754,CL,mL.min-1.kg-1,=,5.3,CHEMBL612558,,Clearance in human after iv administration,A,CCN1CC(CCN2CCOCC2)C(c2ccccc2)(c2ccccc2)C1=O,5.3,mL.min-1.kg-1,species_only_human
5082398,CHEMBL1614671,CHEMBL1510,CL,mL.min-1.kg-1,=,5.3,CHEMBL612558,,Clearance in human after iv administration,A,CN1CCC[C@@H]1Cc1c[nH]c2ccc(CCS(=O)(=O)c3ccccc3)cc12,5.3,mL.min-1.kg-1,species_only_human
5082401,CHEMBL1614671,CHEMBL655,CL,mL.min-1.kg-1,=,5.3,CHEMBL612558,,Clearance in human after iv administration,A,Cc1ncc2n1-c1ccc(Cl)cc1C(c1ccccc1F)=NC2,5.3,mL.min-1.kg-1,species_only_human
5082406,CHEMBL1614671,CHEMBL119625,CL,mL.min-1.kg-1,=,5.3,CHEMBL612558,,Clearance in human after iv administration,A,O=C(O)Cn1c(=O)c(=O)[nH]c2cc([N+](=O)[O-])c(-n3ccnc3)cc21,5.3,mL.min-1.kg-1,species_only_human
5082409,CHEMBL1614671,CHEMBL1514,CL,mL.min-1.kg-1,=,5.4,CHEMBL612558,,Clearance in human after iv administration,A,CC[C@H](OC(C)=O)C(C[C@H](C)N(C)C)(c1ccccc1)c1ccccc1,5.4,mL.min-1.kg-1,species_only_human
5082412,CHEMBL1614671,CHEMBL1201248,CL,mL.min-1.kg-1,=,5.4,CHEMBL612558,,Clearance in human after iv administration,A,COc1ccc(C[C@@H]2c3cc(OC)c(OC)cc3CC[N@+]2(C)CCC(=O)OCCCCCOC(=O)CC[N@@+]2(C)CCc3cc(OC)c(OC)cc3[C@H]2Cc2ccc(OC)c(OC)c2)cc1OC,5.4,mL.min-1.kg-1,species_only_human
5082414,CHEMBL1614671,CHEMBL826,CL,mL.min-1.kg-1,=,5.4,CHEMBL612558,,Clearance in human after iv administration,A,CCn1cc(C(=O)O)c(=O)c2cc(F)c(N3CCNCC3)nc21,5.4,mL.min-1.kg-1,species_only_human
5082418,CHEMBL1614671,CHEMBL85,CL,mL.min-1.kg-1,=,5.4,CHEMBL612558,,Clearance in human after iv administration,A,Cc1nc2n(c(=O)c1CCN1CCC(c3noc4cc(F)ccc34)CC1)CCCC2,5.4,mL.min-1.kg-1,species_only_human
5082423,CHEMBL1614671,CHEMBL314010,CL,mL.min-1.kg-1,=,5.5,CHEMBL612558,,Clearance in human after iv administration,A,COc1ccc(CCNCC(O)COc2cccc(C)c2)cc1OC,5.5,mL.min-1.kg-1,species_only_human
5082431,CHEMBL1614671,CHEMBL1077896,CL,mL.min-1.kg-1,=,5.5,CHEMBL612558,,Clearance in human after iv administration,A,CCCN1CCCC[C@H]1C(=O)Nc1c(C)cccc1C,5.5,mL.min-1.kg-1,species_only_human
5082435,CHEMBL1614671,CHEMBL188921,CL,mL.min-1.kg-1,=,5.6,CHEMBL612558,,Clearance in human after iv administration,A,COc1cc(OC)c(C(=O)CCCN2CCCC2)c(OC)c1,5.6,mL.min-1.kg-1,species_only_human
5082438,CHEMBL1614671,CHEMBL532,CL,mL.min-1.kg-1,=,5.6,CHEMBL612558,,Clearance in human after iv administration,A,CC[C@H]1OC(=O)[C@H](C)[C@@H](O[C@H]2C[C@@](C)(OC)[C@@H](O)[C@H](C)O2)[C@H](C)[C@@H](O[C@@H]2O[C@H](C)C[C@H](N(C)C)[C@H]2O)[C@](C)(O)C[C@@H](C)C(=O)[C@H](C)[C@@H](O)[C@]1(C)O,5.6,mL.min-1.kg-1,species_only_human
5082439,CHEMBL1614671,CHEMBL659,CL,mL.min-1.kg-1,=,5.6,CHEMBL612558,,Clearance in human after iv administration,A,COc1ccc2c3c1O[C@H]1C[C@@H](O)C=C[C@@]31CCN(C)C2,5.6,mL.min-1.kg-1,species_only_human
5082447,CHEMBL1614671,CHEMBL853,CL,mL.min-1.kg-1,=,5.6,CHEMBL612558,,Clearance in human after iv administration,A,Nc1ccn([C@H]2CC[C@@H](CO)O2)c(=O)n1,5.6,mL.min-1.kg-1,species_only_human
5082449,CHEMBL1614671,CHEMBL1360,CL,mL.min-1.kg-1,=,5.7,CHEMBL612558,,Clearance in human after iv administration,A,COc1ccc(CC2c3cc(OC)c(OC)cc3CC[N+]2(C)CCC(=O)OCCCCCOC(=O)CC[N+]2(C)CCc3cc(OC)c(OC)cc3C2Cc2ccc(OC)c(OC)c2)cc1OC,5.7,mL.min-1.kg-1,species_only_human
5082450,CHEMBL1614671,CHEMBL1614656,CL,mL.min-1.kg-1,=,5.7,CHEMBL612558,,Clearance in human after iv administration,A,CCC(CC)COC(C(=O)OCCN(C)C)(c1ccccc1)c1ccccc1,5.7,mL.min-1.kg-1,species_only_human
5082455,CHEMBL1614671,CHEMBL389621,CL,mL.min-1.kg-1,=,5.7,CHEMBL612558,,Clearance in human after iv administration,A,C[C@]12CCC(=O)C=C1CC[C@@H]1[C@@H]2[C@@H](O)C[C@@]2(C)[C@H]1CC[C@]2(O)C(=O)CO,5.7,mL.min-1.kg-1,species_only_human
5082456,CHEMBL1614671,CHEMBL86,CL,mL.min-1.kg-1,=,5.7,CHEMBL612558,,Clearance in human after iv administration,A,CCN(CC)CCNC(=O)c1cc(Cl)c(N)cc1OC,5.7,mL.min-1.kg-1,species_only_human
5082461,CHEMBL1614671,CHEMBL1679,CL,mL.min-1.kg-1,=,5.8,CHEMBL612558,,Clearance in human after iv administration,A,Nc1nc(=O)c2c([nH]1)NCC(CNc1ccc(C(=O)N[C@@H](CCC(=O)O)C(=O)O)cc1)N2C=O,5.8,mL.min-1.kg-1,species_only_human
5082463,CHEMBL1614671,CHEMBL46,CL,mL.min-1.kg-1,=,5.8,CHEMBL612558,,Clearance in human after iv administration,A,Cc1nccn1CC1CCc2c(c3ccccc3n2C)C1=O,5.8,mL.min-1.kg-1,species_only_human
5082464,CHEMBL1614671,CHEMBL506,CL,mL.min-1.kg-1,=,5.8,CHEMBL612558,,Clearance in human after iv administration,A,COc1cc(NC(C)CCCN)c2ncccc2c1,5.8,mL.min-1.kg-1,species_only_human
5082471,CHEMBL1614671,CHEMBL709,CL,mL.min-1.kg-1,=,5.9,CHEMBL612558,,Clearance in human after iv administration,A,COc1cc2nc(N(C)CCCNC(=O)C3CCCO3)nc(N)c2cc1OC,5.9,mL.min-1.kg-1,species_only_human
5082490,CHEMBL1614671,CHEMBL1422,CL,mL.min-1.kg-1,=,6.0,CHEMBL612558,,Clearance in human after iv administration,A,N[C@@H](CC(=O)N1CCn2c(nnc2C(F)(F)F)C1)Cc1cc(F)c(F)cc1F,6.0,mL.min-1.kg-1,species_only_human
5082491,CHEMBL1614671,CHEMBL539216,CL,mL.min-1.kg-1,=,6.0,CHEMBL612558,,Clearance in human after iv administration,A,CS(=O)(=O)N(CCO)c1c(Cl)c(Cl)cc2[nH]c(=O)c(=O)[nH]c12,6.0,mL.min-1.kg-1,species_only_human
5082492,CHEMBL1614681,CHEMBL15413,CL,mL.min-1.kg-1,=,6.0,CHEMBL612558,,Clearance in human after iv administration,A,CO[C@@]1(NC(=O)CSC(F)F)C(=O)N2C(C(=O)O)=C(CSc3nnnn3CCO)CO[C@@H]21,6.0,mL.min-1.kg-1,species_only_human
5082494,CHEMBL1614671,CHEMBL629,CL,mL.min-1.kg-1,=,6.1,CHEMBL612558,,Clearance in human after iv administration,A,CN(C)CCC=C1c2ccccc2CCc2ccccc21,6.1,mL.min-1.kg-1,species_only_human
5082497,CHEMBL1614671,CHEMBL478,CL,mL.min-1.kg-1,=,6.1,CHEMBL612558,,Clearance in human after iv administration,A,Clc1cccc(N2CCNCC2)c1,6.1,mL.min-1.kg-1,species_only_human
5082499,CHEMBL1614671,CHEMBL428690,CL,mL.min-1.kg-1,=,6.1,CHEMBL612558,,Clearance in human after iv administration,A,CN1CC[C@H](c2c(O)cc(O)c3c(=O)cc(-c4ccccc4Cl)oc23)[C@H](O)C1,6.1,mL.min-1.kg-1,species_only_human
5082501,CHEMBL1614671,CHEMBL650,CL,mL.min-1.kg-1,=,6.1,CHEMBL612558,,Clearance in human after iv administration,A,C[C@H]1C[C@@H]2[C@H]([C@@H](O)C[C@@]3(C)[C@H]2CC[C@]3(O)C(=O)CO)[C@@]2(C)C=CC(=O)C=C12,6.1,mL.min-1.kg-1,species_only_human
5082502,CHEMBL1614681,CHEMBL325166,CL,mL.min-1.kg-1,=,6.1,CHEMBL612558,,Clearance in human after iv administration,A,N=C(N)N1CCC[C@@H](CNC(=O)C[C@H](NS(=O)(=O)c2ccc3ccccc3c2)C(=O)N(CC(=O)O)C2CC2)C1,6.1,mL.min-1.kg-1,species_only_human
5082505,CHEMBL1614671,CHEMBL656,CL,mL.min-1.kg-1,=,6.1,CHEMBL612558,,Clearance in human after iv administration,A,COc1ccc2c3c1O[C@H]1C(=O)CC[C@@]4(O)[C@@H](C2)N(C)CC[C@]314,6.1,mL.min-1.kg-1,species_only_human
5082506,CHEMBL1614681,CHEMBL114715,CL,mL.min-1.kg-1,=,6.1,CHEMBL612558,,Clearance in human after iv administration,A,N=C(N)NCCCNC(=O)[C@@H]1CCCCN1C(=O)[C@@H](CC1CCCCC1)NCC(=O)O,6.1,mL.min-1.kg-1,species_only_human
5082507,CHEMBL1614671,CHEMBL328250,CL,mL.min-1.kg-1,=,6.2,CHEMBL612558,,Clearance in human after iv administration,A,CN(C)Cc1nnc2n1-c1ccc(Cl)cc1C(c1ccccc1)=NC2,6.2,mL.min-1.kg-1,species_only_human
5082514,CHEMBL1614671,CHEMBL1311,CL,mL.min-1.kg-1,=,6.2,CHEMBL612558,,Clearance in human after iv administration,A,O=[N+]([O-])O[C@@H]1CO[C@H]2[C@@H]1OC[C@@H]2O,6.2,mL.min-1.kg-1,species_only_human
5082515,CHEMBL1614671,CHEMBL189,CL,mL.min-1.kg-1,=,6.2,CHEMBL612558,,Clearance in human after iv administration,A,Cc1[nH]c(=O)c(C#N)cc1-c1ccncc1,6.2,mL.min-1.kg-1,species_only_human
5082520,CHEMBL1614671,CHEMBL530,CL,mL.min-1.kg-1,=,6.3,CHEMBL612558,,Clearance in human after iv administration,A,CC1(C)S[C@@H]2[C@H](/N=C/N3CCCCCC3)C(=O)N2[C@H]1C(=O)O,6.3,mL.min-1.kg-1,species_only_human
5082523,CHEMBL1614671,CHEMBL819,CL,mL.min-1.kg-1,=,6.3,CHEMBL612558,,Clearance in human after iv administration,A,Cc1onc(-c2ccccc2)c1C(=O)N[C@@H]1C(=O)N2[C@@H]1SC(C)(C)[C@@H]2C(=O)O,6.3,mL.min-1.kg-1,species_only_human
5082530,CHEMBL1614681,CHEMBL3301673,CL,mL.min-1.kg-1,=,6.4,CHEMBL612558,,Clearance in human after iv administration,A,CCCCCNC(=O)c1coc([C@H]2[C@@H](Cc3ccccc3CCC(=O)O)[C@@H]3CC[C@H]2O3)n1,6.4,mL.min-1.kg-1,species_only_human
5082531,CHEMBL1614671,CHEMBL3301673,CL,mL.min-1.kg-1,=,6.4,CHEMBL612558,,Clearance in human after iv administration,A,CCCCCNC(=O)c1coc([C@H]2[C@@H](Cc3ccccc3CCC(=O)O)[C@@H]3CC[C@H]2O3)n1,6.4,mL.min-1.kg-1,species_only_human
5082533,CHEMBL1614671,CHEMBL343118,CL,mL.min-1.kg-1,=,6.4,CHEMBL612558,,Clearance in human after iv administration,A,CSCO[C@H]1C[C@H]2OC[C@@]2(OC(C)=O)C2[C@H](OCc3ccccc3)[C@]3(O)CC(OC(=O)[C@H](O)[C@@H](NC(=O)c4ccccc4)c4ccccc4)C(C)=C([C@@H](OC(C)=O)C(=O)[C@@]21C)C3(C)C,6.4,mL.min-1.kg-1,species_only_human
5082534,CHEMBL1614671,CHEMBL325166,CL,mL.min-1.kg-1,=,6.4,CHEMBL612558,,Clearance in human after iv administration,A,N=C(N)N1CCC[C@@H](CNC(=O)C[C@H](NS(=O)(=O)c2ccc3ccccc3c2)C(=O)N(CC(=O)O)C2CC2)C1,6.4,mL.min-1.kg-1,species_only_human
5082535,CHEMBL1614671,CHEMBL428647,CL,mL.min-1.kg-1,=,6.4,CHEMBL612558,,Clearance in human after iv administration,A,CC(=O)O[C@H]1C(=O)[C@@]2(C)[C@H]([C@H](OC(=O)c3ccccc3)[C@]3(O)C[C@H](OC(=O)[C@H](O)[C@@H](NC(=O)c4ccccc4)c4ccccc4)C(C)=C1C3(C)C)[C@]1(OC(C)=O)CO[C@@H]1C[C@@H]2O,6.4,mL.min-1.kg-1,species_only_human
5082537,CHEMBL1614671,CHEMBL274070,CL,mL.min-1.kg-1,=,6.5,CHEMBL612558,,Clearance in human after iv administration,A,CC[C@@]1(O)C(=O)OCc2c1cc1n(c2=O)Cc2cc3c(N)cccc3nc2-1,6.5,mL.min-1.kg-1,species_only_human
5082538,CHEMBL1614681,CHEMBL1231530,CL,mL.min-1.kg-1,=,6.5,CHEMBL612558,,Clearance in human after iv administration,A,O=C(O)CCNC(=O)c1ccccc1,6.5,mL.min-1.kg-1,species_only_human
5082545,CHEMBL1614671,CHEMBL1237044,CL,mL.min-1.kg-1,=,6.5,CHEMBL612558,,Clearance in human after iv administration,A,COc1cccc(C2(O)CCCCC2CN(C)C)c1,6.5,mL.min-1.kg-1,species_only_human
5082549,CHEMBL1614671,CHEMBL290194,CL,mL.min-1.kg-1,=,6.6,CHEMBL612558,,Clearance in human after iv administration,A,C=CCN1CCCC1CNC(=O)c1cc2nn[nH]c2cc1OC,6.6,mL.min-1.kg-1,species_only_human
5082552,CHEMBL1614671,CHEMBL902,CL,mL.min-1.kg-1,=,6.6,CHEMBL612558,,Clearance in human after iv administration,A,NC(N)=Nc1nc(CSCC/C(N)=N/S(N)(=O)=O)cs1,6.6,mL.min-1.kg-1,species_only_human
5082558,CHEMBL1614671,CHEMBL575,CL,mL.min-1.kg-1,=,6.6,CHEMBL612558,,Clearance in human after iv administration,A,COc1cccc(OC)c1C(=O)N[C@@H]1C(=O)N2[C@@H]1SC(C)(C)[C@@H]2C(=O)O,6.6,mL.min-1.kg-1,species_only_human
5082559,CHEMBL1614689,CHEMBL655,CL,mL.min-1.kg-1,=,6.6,CHEMBL612558,,Clearance in human after iv administration,A,Cc1ncc2n1-c1ccc(Cl)cc1C(c1ccccc1F)=NC2,6.6,mL.min-1.kg-1,species_only_human
5082560,CHEMBL1614671,CHEMBL1278,CL,mL.min-1.kg-1,=,6.6,CHEMBL612558,,Clearance in human after iv administration,A,CNS(=O)(=O)CCc1ccc2[nH]cc(C3CCN(C)CC3)c2c1,6.6,mL.min-1.kg-1,species_only_human
5082575,CHEMBL1614671,CHEMBL51,CL,mL.min-1.kg-1,=,6.7,CHEMBL612558,,Clearance in human after iv administration,A,O=C(c1ccc(F)cc1)C1CCN(CCn2c(=O)[nH]c3ccccc3c2=O)CC1,6.7,mL.min-1.kg-1,species_only_human
5082580,CHEMBL1614671,CHEMBL671,CL,mL.min-1.kg-1,=,6.7,CHEMBL612558,,Clearance in human after iv administration,A,S=P(N1CC1)(N1CC1)N1CC1,6.7,mL.min-1.kg-1,species_only_human
5082581,CHEMBL1614671,CHEMBL1185,CL,mL.min-1.kg-1,=,6.7,CHEMBL612558,,Clearance in human after iv administration,A,CN(C)CCc1c[nH]c2ccc(C[C@H]3COC(=O)N3)cc12,6.7,mL.min-1.kg-1,species_only_human
5082582,CHEMBL1614681,CHEMBL634,CL,mL.min-1.kg-1,=,6.7,CHEMBL612558,,Clearance in human after iv administration,A,CCC(=O)N(c1ccccc1)C1(COC)CCN(CCn2nnn(CC)c2=O)CC1,6.7,mL.min-1.kg-1,species_only_human
5082588,CHEMBL1614671,CHEMBL1646,CL,mL.min-1.kg-1,=,6.8,CHEMBL612558,,Clearance in human after iv administration,A,CC1(C)C(/C=C/C=C/C=C/C=C2\N(CCCCS(=O)(=O)[O-])c3ccc4ccccc4c3C2(C)C)=[N+](CCCCS(=O)(=O)[O-])c2ccc3ccccc3c21.[Na+],6.8,mL.min-1.kg-1,species_only_human
5082590,CHEMBL1614671,CHEMBL1087,CL,mL.min-1.kg-1,=,6.8,CHEMBL612558,,Clearance in human after iv administration,A,Cc1cccc(C)c1NC(=O)C1CCCCN1C,6.8,mL.min-1.kg-1,species_only_human
5082592,CHEMBL1614671,CHEMBL615,CL,mL.min-1.kg-1,=,6.8,CHEMBL612558,,Clearance in human after iv administration,A,CC1(C)S[C@@H]2[C@H](NC(=O)COc3ccccc3)C(=O)N2[C@H]1C(=O)O,6.8,mL.min-1.kg-1,species_only_human
5082594,CHEMBL1614681,CHEMBL286259,CL,mL.min-1.kg-1,=,6.8,CHEMBL612558,,Clearance in human after iv administration,A,CC1=NC(=O)C(CCN(C(C)C)C(C)C)(c2ccccc2)C2CCCCN12,6.8,mL.min-1.kg-1,species_only_human
5082597,CHEMBL1614671,CHEMBL29,CL,mL.min-1.kg-1,=,6.9,CHEMBL612558,,Clearance in human after iv administration,A,CC1(C)S[C@@H]2[C@H](NC(=O)Cc3ccccc3)C(=O)N2[C@H]1C(=O)O,6.9,mL.min-1.kg-1,species_only_human
5082605,CHEMBL1614671,CHEMBL1491,CL,mL.min-1.kg-1,=,7.0,CHEMBL612558,,Clearance in human after iv administration,A,CCOC(=O)C1=C(COCCN)NC(C)=C(C(=O)OC)C1c1ccccc1Cl,7.0,mL.min-1.kg-1,species_only_human
5082609,CHEMBL1614681,CHEMBL532,CL,mL.min-1.kg-1,=,7.0,CHEMBL612558,,Clearance in human after iv administration,A,CC[C@H]1OC(=O)[C@H](C)[C@@H](O[C@H]2C[C@@](C)(OC)[C@@H](O)[C@H](C)O2)[C@H](C)[C@@H](O[C@@H]2O[C@H](C)C[C@H](N(C)C)[C@H]2O)[C@](C)(O)C[C@@H](C)C(=O)[C@H](C)[C@@H](O)[C@]1(C)O,7.0,mL.min-1.kg-1,species_only_human
5082610,CHEMBL1614671,CHEMBL691,CL,mL.min-1.kg-1,=,7.0,CHEMBL612558,,Clearance in human after iv administration,A,C#C[C@]1(O)CC[C@H]2[C@@H]3CCc4cc(O)ccc4[C@H]3CC[C@@]21C,7.0,mL.min-1.kg-1,species_only_human
5082614,CHEMBL1614671,CHEMBL481,CL,mL.min-1.kg-1,=,7.0,CHEMBL612558,,Clearance in human after iv administration,A,CCc1c2c(nc3ccc(OC(=O)N4CCC(N5CCCCC5)CC4)cc13)-c1cc3c(c(=O)n1C2)COC(=O)[C@]3(O)CC,7.0,mL.min-1.kg-1,species_only_human
5082616,CHEMBL1614671,CHEMBL852,CL,mL.min-1.kg-1,=,7.0,CHEMBL612558,,Clearance in human after iv administration,A,N[C@@H](Cc1ccc(N(CCCl)CCCl)cc1)C(=O)O,7.0,mL.min-1.kg-1,species_only_human
5082619,CHEMBL1614681,CHEMBL1484,CL,mL.min-1.kg-1,=,7.0,CHEMBL612558,,Clearance in human after iv administration,A,COC(=O)C1=C(C)NC(C)=C(C(=O)OCCN(C)Cc2ccccc2)C1c1cccc([N+](=O)[O-])c1,7.0,mL.min-1.kg-1,species_only_human
5082620,CHEMBL1614689,CHEMBL193,CL,mL.min-1.kg-1,=,7.0,CHEMBL612558,,Clearance in human after iv administration,A,COC(=O)C1=C(C)NC(C)=C(C(=O)OC)C1c1ccccc1[N+](=O)[O-],7.0,mL.min-1.kg-1,species_only_human
5082631,CHEMBL1614671,CHEMBL503,CL,mL.min-1.kg-1,=,7.2,CHEMBL612558,,Clearance in human after iv administration,A,CC[C@H](C)C(=O)O[C@H]1C[C@@H](C)C=C2C=C[C@H](C)[C@H](CC[C@@H]3C[C@@H](O)CC(=O)O3)[C@H]21,7.2,mL.min-1.kg-1,species_only_human
5082634,CHEMBL1614681,CHEMBL551786,CL,mL.min-1.kg-1,=,7.2,CHEMBL612558,,Clearance in human after iv administration,A,Cc1cccc(C)c1NC(=O)NCCCNC(C)C,7.2,mL.min-1.kg-1,species_only_human
5082638,CHEMBL1614681,CHEMBL70088,CL,mL.min-1.kg-1,=,7.2,CHEMBL612558,,Clearance in human after iv administration,A,C[C@@H](O)[C@H]1C(=O)N2C(C(=O)O)=C(COC(N)=O)S[C@H]12,7.2,mL.min-1.kg-1,species_only_human
5082639,CHEMBL1614689,CHEMBL311730,CL,mL.min-1.kg-1,=,7.2,CHEMBL612558,,Clearance in human after iv administration,A,CCCN1CCC[C@@H](c2cccc(S(C)(=O)=O)c2)C1,7.2,mL.min-1.kg-1,species_only_human
5082642,CHEMBL1614671,CHEMBL1741,CL,mL.min-1.kg-1,=,7.3,CHEMBL612558,,Clearance in human after iv administration,A,CC[C@H]1OC(=O)[C@H](C)[C@@H](O[C@H]2C[C@@](C)(OC)[C@@H](O)[C@H](C)O2)[C@H](C)[C@@H](O[C@@H]2O[C@H](C)C[C@H](N(C)C)[C@H]2O)[C@](C)(OC)C[C@@H](C)C(=O)[C@H](C)[C@@H](O)[C@]1(C)O,7.3,mL.min-1.kg-1,species_only_human
5082645,CHEMBL1614671,CHEMBL193,CL,mL.min-1.kg-1,=,7.3,CHEMBL612558,,Clearance in human after iv administration,A,COC(=O)C1=C(C)NC(C)=C(C(=O)OC)C1c1ccccc1[N+](=O)[O-],7.3,mL.min-1.kg-1,species_only_human
5082652,CHEMBL1614681,CHEMBL481,CL,mL.min-1.kg-1,=,7.4,CHEMBL612558,,Clearance in human after iv administration,A,CCc1c2c(nc3ccc(OC(=O)N4CCC(N5CCCCC5)CC4)cc13)-c1cc3c(c(=O)n1C2)COC(=O)[C@]3(O)CC,7.4,mL.min-1.kg-1,species_only_human
5082653,CHEMBL1614671,CHEMBL64,CL,mL.min-1.kg-1,=,7.4,CHEMBL612558,,Clearance in human after iv administration,A,NNC(=O)c1ccncc1,7.4,mL.min-1.kg-1,species_only_human
5082655,CHEMBL1614671,CHEMBL1431,CL,mL.min-1.kg-1,=,7.4,CHEMBL612558,,Clearance in human after iv administration,A,CN(C)C(=N)NC(=N)N,7.4,mL.min-1.kg-1,species_only_human
5082656,CHEMBL1614671,CHEMBL343448,CL,mL.min-1.kg-1,=,7.4,CHEMBL612558,,Clearance in human after iv administration,A,C/C=C1\NC(=O)[C@H]2CSSCC/C=C/[C@H](CC(=O)N[C@H](C(C)C)C(=O)N2)OC(=O)[C@H](C(C)C)NC1=O,7.4,mL.min-1.kg-1,species_only_human
5082662,CHEMBL1614671,CHEMBL160,CL,mL.min-1.kg-1,=,7.5,CHEMBL612558,,Clearance in human after iv administration,A,C/C=C/C[C@@H](C)[C@@H](O)[C@H]1C(=O)N[C@@H](CC)C(=O)N(C)CC(=O)N(C)[C@@H](CC(C)C)C(=O)N[C@@H](C(C)C)C(=O)N(C)[C@@H](CC(C)C)C(=O)N[C@@H](C)C(=O)N[C@H](C)C(=O)N(C)[C@@H](CC(C)C)C(=O)N(C)[C@@H](CC(C)C)C(=O)N(C)[C@@H](C(C)C)C(=O)N1C,7.5,mL.min-1.kg-1,species_only_human
5082665,CHEMBL1614671,CHEMBL623,CL,mL.min-1.kg-1,=,7.5,CHEMBL612558,,Clearance in human after iv administration,A,CCc1nn(CCCN2CCN(c3cccc(Cl)c3)CC2)c(=O)n1CCOc1ccccc1,7.5,mL.min-1.kg-1,species_only_human
5082668,CHEMBL1614671,CHEMBL306713,CL,mL.min-1.kg-1,=,7.5,CHEMBL612558,,Clearance in human after iv administration,A,C[C@@H](O)[C@H]1C(=O)N2C(C(=O)O)=C(SCCOC(N)=O)S[C@H]12,7.5,mL.min-1.kg-1,species_only_human
5082672,CHEMBL1614671,CHEMBL517712,CL,mL.min-1.kg-1,=,7.6,CHEMBL612558,,Clearance in human after iv administration,A,CN1[C@@H]2CC[C@H]1C[C@@H](OC(=O)C(CO)c1ccccc1)C2,7.6,mL.min-1.kg-1,species_only_human
5082680,CHEMBL1614689,CHEMBL266510,CL,mL.min-1.kg-1,=,7.63,CHEMBL612558,,Clearance in human after iv administration,A,COc1ccc(Cl)cc1[C@]1(F)C(=O)Nc2cc(C(F)(F)F)ccc21,7.63,mL.min-1.kg-1,species_only_human
5082684,CHEMBL1614671,CHEMBL500,CL,mL.min-1.kg-1,=,7.7,CHEMBL612558,,Clearance in human after iv administration,A,CC(C)NCC(O)COc1cccc2[nH]ccc12,7.7,mL.min-1.kg-1,species_only_human
5082685,CHEMBL1614671,CHEMBL1201182,CL,mL.min-1.kg-1,=,7.7,CHEMBL612558,,Clearance in human after iv administration,A,CO[C@H]1C[C@@H]2CC[C@@H](C)[C@@](O)(O2)C(=O)C(=O)N2CCCC[C@H]2C(=O)O[C@H]([C@H](C)C[C@@H]2CC[C@@H](OC(=O)C(C)(CO)CO)[C@H](OC)C2)CC(=O)[C@H](C)/C=C(\C)[C@@H](O)[C@@H](OC)C(=O)[C@H](C)C[C@H](C)/C=C/C=C/C=C/1C,7.7,mL.min-1.kg-1,species_only_human
5082689,CHEMBL1614671,CHEMBL714,CL,mL.min-1.kg-1,=,7.8,CHEMBL612558,,Clearance in human after iv administration,A,CC(C)(C)NCC(O)c1ccc(O)c(CO)c1,7.8,mL.min-1.kg-1,species_only_human
5082690,CHEMBL1614671,CHEMBL723,CL,mL.min-1.kg-1,=,7.8,CHEMBL612558,,Clearance in human after iv administration,A,COc1ccccc1OCCNCC(O)COc1cccc2[nH]c3ccccc3c12,7.8,mL.min-1.kg-1,species_only_human
5082696,CHEMBL1614671,CHEMBL54,CL,mL.min-1.kg-1,=,7.8,CHEMBL612558,,Clearance in human after iv administration,A,O=C(CCCN1CCC(O)(c2ccc(Cl)cc2)CC1)c1ccc(F)cc1,7.8,mL.min-1.kg-1,species_only_human
5082700,CHEMBL1614671,CHEMBL559288,CL,mL.min-1.kg-1,=,7.8,CHEMBL612558,,Clearance in human after iv administration,A,N#CC(CCN1CCC(C(N)=O)(N2CCCCC2)CC1)(c1ccccc1)c1ccccc1,7.8,mL.min-1.kg-1,species_only_human
5082701,CHEMBL1614671,CHEMBL1272,CL,mL.min-1.kg-1,=,7.8,CHEMBL612558,,Clearance in human after iv administration,A,CCOc1cc(CC(=O)N[C@@H](CC(C)C)c2ccccc2N2CCCCC2)ccc1C(=O)O,7.8,mL.min-1.kg-1,species_only_human
5082711,CHEMBL1614671,CHEMBL58,CL,mL.min-1.kg-1,=,7.9,CHEMBL612558,,Clearance in human after iv administration,A,O=C1c2c(O)ccc(O)c2C(=O)c2c(NCCNCCO)ccc(NCCNCCO)c21,7.9,mL.min-1.kg-1,species_only_human
5082713,CHEMBL1614681,CHEMBL306713,CL,mL.min-1.kg-1,=,7.9,CHEMBL612558,,Clearance in human after iv administration,A,C[C@@H](O)[C@H]1C(=O)N2C(C(=O)O)=C(SCCOC(N)=O)S[C@H]12,7.9,mL.min-1.kg-1,species_only_human
5082720,CHEMBL1614671,CHEMBL654,CL,mL.min-1.kg-1,=,8.0,CHEMBL612558,,Clearance in human after iv administration,A,CN1CCN2c3ncccc3Cc3ccccc3C2C1,8.0,mL.min-1.kg-1,species_only_human
5082724,CHEMBL1614671,CHEMBL30,CL,mL.min-1.kg-1,=,8.1,CHEMBL612558,,Clearance in human after iv administration,A,CN/C(=N\CCSCc1nc[nH]c1C)NC#N,8.1,mL.min-1.kg-1,species_only_human
5082729,CHEMBL1614671,CHEMBL61780,CL,mL.min-1.kg-1,=,8.1,CHEMBL612558,,Clearance in human after iv administration,A,COc1ccccc1Oc1c(NS(=O)(=O)c2ccc(C(C)C)cn2)nc(-c2ccnc(-c3nnn[nH]3)c2)nc1OCCO,8.1,mL.min-1.kg-1,species_only_human
5082730,CHEMBL1614671,CHEMBL415,CL,mL.min-1.kg-1,=,8.2,CHEMBL612558,,Clearance in human after iv administration,A,CN(C)CCCN1c2ccccc2CCc2ccc(Cl)cc21,8.2,mL.min-1.kg-1,species_only_human
5082731,CHEMBL1614671,CHEMBL64360,CL,mL.min-1.kg-1,=,8.2,CHEMBL612558,,Clearance in human after iv administration,A,Cc1cc(-n2cccc2)c(S(C)(=O)=O)cc1C(=O)N=C(N)N,8.2,mL.min-1.kg-1,species_only_human
5082733,CHEMBL1614671,CHEMBL191,CL,mL.min-1.kg-1,=,8.2,CHEMBL612558,,Clearance in human after iv administration,A,CCCCc1nc(Cl)c(CO)n1Cc1ccc(-c2ccccc2-c2nnn[nH]2)cc1,8.2,mL.min-1.kg-1,species_only_human
5082741,CHEMBL1614671,CHEMBL991,CL,mL.min-1.kg-1,=,8.2,CHEMBL612558,,Clearance in human after iv administration,A,Cc1cn([C@H]2C=C[C@@H](CO)O2)c(=O)[nH]c1=O,8.2,mL.min-1.kg-1,species_only_human
5082742,CHEMBL1614671,CHEMBL441,CL,mL.min-1.kg-1,=,8.2,CHEMBL612558,,Clearance in human after iv administration,A,CCCC(C)C1(CC)C(=O)NC(=S)NC1=O,8.2,mL.min-1.kg-1,species_only_human
5082744,CHEMBL1614671,CHEMBL297302,CL,mL.min-1.kg-1,=,8.3,CHEMBL612558,,Clearance in human after iv administration,A,O=C(CCCN1CCC(n2c(=O)[nH]c3ccccc32)CC1)c1ccc(F)cc1,8.3,mL.min-1.kg-1,species_only_human
5082746,CHEMBL1614671,CHEMBL8,CL,mL.min-1.kg-1,=,8.3,CHEMBL612558,,Clearance in human after iv administration,A,O=C(O)c1cn(C2CC2)c2cc(N3CCNCC3)c(F)cc2c1=O,8.3,mL.min-1.kg-1,species_only_human
5082748,CHEMBL1614671,CHEMBL558,CL,mL.min-1.kg-1,=,8.3,CHEMBL612558,,Clearance in human after iv administration,A,Cc1cccc(C)c1OCC(C)N,8.3,mL.min-1.kg-1,species_only_human
5082750,CHEMBL1614671,CHEMBL638,CL,mL.min-1.kg-1,=,8.3,CHEMBL612558,,Clearance in human after iv administration,A,C[C@@H](c1ncncc1F)[C@](O)(Cn1cncn1)c1ccc(F)cc1F,8.3,mL.min-1.kg-1,species_only_human
5082759,CHEMBL1614671,CHEMBL1503,CL,mL.min-1.kg-1,=,8.4,CHEMBL612558,,Clearance in human after iv administration,A,COc1ccc2[nH]c([S+]([O-])Cc3ncc(C)c(OC)c3C)nc2c1,8.4,mL.min-1.kg-1,species_only_human
5082760,CHEMBL1614671,CHEMBL1540,CL,mL.min-1.kg-1,=,8.4,CHEMBL612558,,Clearance in human after iv administration,A,Nc1nc(O)c2ncn(CCC(CO)CO)c2n1,8.4,mL.min-1.kg-1,species_only_human
5082762,CHEMBL1614671,CHEMBL1017,CL,mL.min-1.kg-1,=,8.4,CHEMBL612558,,Clearance in human after iv administration,A,CCCc1nc2c(C)cc(-c3nc4ccccc4n3C)cc2n1Cc1ccc(-c2ccccc2C(=O)O)cc1,8.4,mL.min-1.kg-1,species_only_human
5082763,CHEMBL1614671,CHEMBL1382,CL,mL.min-1.kg-1,=,8.4,CHEMBL612558,,Clearance in human after iv administration,A,Cc1ccc(O)c([C@H](CCN(C(C)C)C(C)C)c2ccccc2)c1,8.4,mL.min-1.kg-1,species_only_human
5082766,CHEMBL1614671,CHEMBL499,CL,mL.min-1.kg-1,=,8.5,CHEMBL612558,,Clearance in human after iv administration,A,CC(C)(C)NC[C@H](O)COc1nsnc1N1CCOCC1,8.5,mL.min-1.kg-1,species_only_human
5082769,CHEMBL1614671,CHEMBL87045,CL,mL.min-1.kg-1,=,8.6,CHEMBL612558,,Clearance in human after iv administration,A,c1ccc(C2(c3ccccc3)CC2C2=NCCN2)cc1,8.6,mL.min-1.kg-1,species_only_human
5082770,CHEMBL1614671,CHEMBL1096237,CL,mL.min-1.kg-1,=,8.6,CHEMBL612558,,Clearance in human after iv administration,A,COC(=O)O[C@@]12CO[C@@H]1C[C@H](O)[C@@]1(C)C(=O)[C@H](OC(C)=O)C3=C(C)[C@@H](OC(=O)[C@H](O)[C@@H](NC(=O)c4ccccc4)c4ccccc4)C[C@@](O)([C@@H](OC(=O)c4ccccc4)[C@H]21)C3(C)C,8.6,mL.min-1.kg-1,species_only_human
5082773,CHEMBL1614671,CHEMBL1110,CL,mL.min-1.kg-1,=,8.7,CHEMBL612558,,Clearance in human after iv administration,A,Cc1[nH]cnc1CN1CCc2c(c3ccccc3n2C)C1=O,8.7,mL.min-1.kg-1,species_only_human
5082777,CHEMBL1614671,CHEMBL456,CL,mL.min-1.kg-1,=,8.73,CHEMBL612558,,Clearance in human after iv administration,A,C=C(CC)C(=O)c1ccc(OCC(=O)O)c(Cl)c1Cl,8.73,mL.min-1.kg-1,species_only_human
5082784,CHEMBL1614689,CHEMBL631,CL,mL.min-1.kg-1,=,8.8,CHEMBL612558,,Clearance in human after iv administration,A,CCCNCC(O)COc1ccccc1C(=O)CCc1ccccc1,8.8,mL.min-1.kg-1,species_only_human
5082789,CHEMBL1614671,CHEMBL1505,CL,mL.min-1.kg-1,=,8.9,CHEMBL612558,,Clearance in human after iv administration,A,CN(C)CCc1c[nH]c2ccc(CS(=O)(=O)N3CCCC3)cc12,8.9,mL.min-1.kg-1,species_only_human
5082790,CHEMBL1614671,CHEMBL12856,CL,mL.min-1.kg-1,=,8.9,CHEMBL612558,,Clearance in human after iv administration,A,Nc1cc(-c2ccncc2)c[nH]c1=O,8.9,mL.min-1.kg-1,species_only_human
5082791,CHEMBL1614671,CHEMBL296035,CL,mL.min-1.kg-1,=,8.9,CHEMBL612558,,Clearance in human after iv administration,A,CCc1cccc2cc(C(O)CNC(C)(C)C)oc12,8.9,mL.min-1.kg-1,species_only_human
5082795,CHEMBL1614671,CHEMBL50882,CL,mL.min-1.kg-1,=,8.9,CHEMBL612558,,Clearance in human after iv administration,A,Nc1n[n+]([O-])c2ccccc2[n+]1[O-],8.9,mL.min-1.kg-1,species_only_human
5082796,CHEMBL1614671,CHEMBL639,CL,mL.min-1.kg-1,=,9.0,CHEMBL612558,,Clearance in human after iv administration,A,CN1CCCC(n2nc(Cc3ccc(Cl)cc3)c3ccccc3c2=O)CC1,9.0,mL.min-1.kg-1,species_only_human
5082801,CHEMBL1614671,CHEMBL166937,CL,mL.min-1.kg-1,=,9.0,CHEMBL612558,,Clearance in human after iv administration,A,CN(CC(N)=O)C(=O)N(CCCl)N=O,9.0,mL.min-1.kg-1,species_only_human
5082806,CHEMBL1614671,CHEMBL289469,CL,mL.min-1.kg-1,=,9.1,CHEMBL612558,,Clearance in human after iv administration,A,CN1C2CCCC1CC(NC(=O)c1nn(C)c3ccccc13)C2,9.1,mL.min-1.kg-1,species_only_human
5082809,CHEMBL1614671,CHEMBL192,CL,mL.min-1.kg-1,=,9.1,CHEMBL612558,,Clearance in human after iv administration,A,CCCc1nn(C)c2c(=O)[nH]c(-c3cc(S(=O)(=O)N4CCN(C)CC4)ccc3OCC)nc12,9.1,mL.min-1.kg-1,species_only_human
5082810,CHEMBL1614671,CHEMBL1231530,CL,mL.min-1.kg-1,=,9.2,CHEMBL612558,,Clearance in human after iv administration,A,O=C(O)CCNC(=O)c1ccccc1,9.2,mL.min-1.kg-1,species_only_human
5082813,CHEMBL1614671,CHEMBL539456,CL,mL.min-1.kg-1,=,9.2,CHEMBL612558,,Clearance in human after iv administration,A,CN(C)CCCN1c2ccccc2CCc2cc(O)ccc21,9.2,mL.min-1.kg-1,species_only_human
5082814,CHEMBL1614671,CHEMBL47072,CL,mL.min-1.kg-1,=,9.2,CHEMBL612558,,Clearance in human after iv administration,A,CCC(=O)C1(c2cccc(O)c2)CCN(C)CC1,9.2,mL.min-1.kg-1,species_only_human
5082815,CHEMBL1614681,CHEMBL79,CL,mL.min-1.kg-1,=,9.2,CHEMBL612558,,Clearance in human after iv administration,A,CCN(CC)CC(=O)Nc1c(C)cccc1C,9.2,mL.min-1.kg-1,species_only_human
5082817,CHEMBL1614671,CHEMBL54126,CL,mL.min-1.kg-1,=,9.2,CHEMBL612558,,Clearance in human after iv administration,A,CN(C)C(=O)Oc1cccc([N+](C)(C)C)c1.[Br-],9.2,mL.min-1.kg-1,species_only_human
5082819,CHEMBL1614671,CHEMBL704,CL,mL.min-1.kg-1,=,9.3,CHEMBL612558,,Clearance in human after iv administration,A,Nc1ccc(O)c(C(=O)O)c1,9.3,mL.min-1.kg-1,species_only_human
5082820,CHEMBL1614671,CHEMBL641,CL,mL.min-1.kg-1,=,9.3,CHEMBL612558,,Clearance in human after iv administration,A,CNCC[C@@H](Oc1ccccc1C)c1ccccc1,9.3,mL.min-1.kg-1,species_only_human
5082821,CHEMBL1614671,CHEMBL2051956,CL,mL.min-1.kg-1,=,9.3,CHEMBL612558,,Clearance in human after iv administration,A,COC(=O)C1=C(C)NC(C)=C(C(=O)OCCCN2CCC(c3ccccc3)(c3ccccc3)CC2)[C@@H]1c1cccc([N+](=O)[O-])c1,9.3,mL.min-1.kg-1,species_only_human
5082840,CHEMBL1614671,CHEMBL1504,CL,mL.min-1.kg-1,=,9.4,CHEMBL612558,,Clearance in human after iv administration,A,CC1(C)O[C@@H]2C[C@H]3[C@@H]4CCC5=CC(=O)C=C[C@]5(C)[C@@]4(F)[C@@H](O)C[C@]3(C)[C@]2(C(=O)CO)O1,9.4,mL.min-1.kg-1,species_only_human
5082846,CHEMBL1614671,CHEMBL219916,CL,mL.min-1.kg-1,=,9.5,CHEMBL612558,,Clearance in human after iv administration,A,O=c1[nH]c2ccccc2n1CCCN1CCC(n2c(=O)[nH]c3cc(Cl)ccc32)CC1,9.5,mL.min-1.kg-1,species_only_human
5082854,CHEMBL1614671,CHEMBL351706,CL,mL.min-1.kg-1,=,9.6,CHEMBL612558,,Clearance in human after iv administration,A,N#Cc1ccc2c(c1)CN(S(=O)(=O)c1cccs1)[C@H](Cc1ccccc1)CN2Cc1c[nH]cn1,9.6,mL.min-1.kg-1,species_only_human
5082856,CHEMBL1614671,CHEMBL60745,CL,mL.min-1.kg-1,=,9.6,CHEMBL612558,,Clearance in human after iv administration,A,CC[N+](C)(C)c1cccc(O)c1.[Br-],9.6,mL.min-1.kg-1,species_only_human
5082859,CHEMBL1614671,CHEMBL1115,CL,mL.min-1.kg-1,=,9.6,CHEMBL612558,,Clearance in human after iv administration,A,CN(C)C(=O)Oc1ccc[n+](C)c1,9.6,mL.min-1.kg-1,species_only_human
5082860,CHEMBL1614671,CHEMBL1790041,CL,mL.min-1.kg-1,=,9.6,CHEMBL612558,,Clearance in human after iv administration,A,CNC(=C[N+](=O)[O-])NCCSCc1ccc(CN(C)C)o1,9.6,mL.min-1.kg-1,species_only_human
5082863,CHEMBL1614671,CHEMBL405,CL,mL.min-1.kg-1,=,9.7,CHEMBL612558,,Clearance in human after iv administration,A,CC(N)Cc1ccccc1,9.7,mL.min-1.kg-1,species_only_human
5082866,CHEMBL1614671,CHEMBL1763,CL,mL.min-1.kg-1,=,9.7,CHEMBL612558,,Clearance in human after iv administration,A,NS(=O)(=O)c1cc2c(cc1C(F)(F)F)NCNS2(=O)=O,9.7,mL.min-1.kg-1,species_only_human
5082869,CHEMBL1614671,CHEMBL572,CL,mL.min-1.kg-1,=,9.7,CHEMBL612558,,Clearance in human after iv administration,A,O=C1CN(/N=C/c2ccc([N+](=O)[O-])o2)C(=O)N1,9.7,mL.min-1.kg-1,species_only_human
5082872,CHEMBL1614671,CHEMBL657,CL,mL.min-1.kg-1,=,9.8,CHEMBL612558,,Clearance in human after iv administration,A,CN(C)CCOC(c1ccccc1)c1ccccc1,9.8,mL.min-1.kg-1,species_only_human
5082874,CHEMBL1614671,CHEMBL3183075,CL,mL.min-1.kg-1,=,9.8,CHEMBL612558,,Clearance in human after iv administration,A,CNC(=C[N+](=O)[O-])NCCSCc1csc(CN(C)C)n1,9.8,mL.min-1.kg-1,species_only_human
5082881,CHEMBL1614671,CHEMBL1764,CL,mL.min-1.kg-1,=,9.9,CHEMBL612558,,Clearance in human after iv administration,A,COc1ccc2c(c1)N(C[C@H](C)CN(C)C)c1ccccc1S2,9.9,mL.min-1.kg-1,species_only_human
5082883,CHEMBL1614671,CHEMBL1614654,CL,mL.min-1.kg-1,=,9.9,CHEMBL612558,,Clearance in human after iv administration,A,CCOC(=O)[C@]1(c2ccccc2)CCC=C[C@H]1NC,9.9,mL.min-1.kg-1,species_only_human
5082885,CHEMBL1614681,CHEMBL13878,CL,mL.min-1.kg-1,=,9.9,CHEMBL612558,,Clearance in human after iv administration,A,C#CCCCC(=O)c1cc(C(C)(C)C)c(O)c(C(C)(C)C)c1,9.9,mL.min-1.kg-1,species_only_human
5082887,CHEMBL1614671,CHEMBL642,CL,mL.min-1.kg-1,=,10.0,CHEMBL612558,,Clearance in human after iv administration,A,CCCC(=O)Nc1ccc(OCC(O)CNC(C)C)c(C(C)=O)c1,10.0,mL.min-1.kg-1,species_only_human
5082890,CHEMBL1614671,CHEMBL529,CL,mL.min-1.kg-1,=,10.0,CHEMBL612558,,Clearance in human after iv administration,A,CC[C@H]1OC(=O)[C@H](C)[C@@H](O[C@H]2C[C@@](C)(OC)[C@@H](O)[C@H](C)O2)[C@H](C)[C@@H](O[C@@H]2O[C@H](C)C[C@H](N(C)C)[C@H]2O)[C@](C)(O)C[C@@H](C)CN(C)[C@H](C)[C@@H](O)[C@]1(C)O,10.0,mL.min-1.kg-1,species_only_human
5082891,CHEMBL1614671,CHEMBL133266,CL,mL.min-1.kg-1,=,10.0,CHEMBL612558,,Clearance in human after iv administration,A,CC(C)(C)[C@]1(O)CC2OC(=O)CC23C(=O)OC2OC(=O)[C@H](O)C231,10.0,mL.min-1.kg-1,species_only_human
5082903,CHEMBL1614671,CHEMBL44884,CL,mL.min-1.kg-1,=,10.0,CHEMBL612558,,Clearance in human after iv administration,A,CC[C@@H](CO)NCCN[C@@H](CC)CO,10.0,mL.min-1.kg-1,species_only_human
5082908,CHEMBL1614671,CHEMBL10316,CL,mL.min-1.kg-1,=,10.0,CHEMBL612558,,Clearance in human after iv administration,A,c1ccc2c(c1)OCC(C1=NCCN1)O2,10.0,mL.min-1.kg-1,species_only_human
5082909,CHEMBL1614671,CHEMBL1201752,CL,mL.min-1.kg-1,=,10.0,CHEMBL612558,,Clearance in human after iv administration,A,C/C(=C\c1csc(C)n1)[C@@H]1C[C@@H]2O[C@]2(C)CCC[C@H](C)[C@H](O)[C@@H](C)C(=O)C(C)(C)[C@@H](O)CC(=O)N1,10.0,mL.min-1.kg-1,species_only_human
5082911,CHEMBL1614671,CHEMBL86304,CL,mL.min-1.kg-1,=,10.0,CHEMBL612558,,Clearance in human after iv administration,A,O=C(NCCN1CCOCC1)c1ccc(Cl)cc1,10.0,mL.min-1.kg-1,species_only_human
5082915,CHEMBL1614671,CHEMBL445,CL,mL.min-1.kg-1,=,10.0,CHEMBL612558,,Clearance in human after iv administration,A,CNCCC=C1c2ccccc2CCc2ccccc21,10.0,mL.min-1.kg-1,species_only_human
5082918,CHEMBL1614671,CHEMBL640,CL,mL.min-1.kg-1,=,10.0,CHEMBL612558,,Clearance in human after iv administration,A,CCN(CC)CCNC(=O)c1ccc(N)cc1,10.0,mL.min-1.kg-1,species_only_human
5082924,CHEMBL1614681,CHEMBL31601,CL,mL.min-1.kg-1,=,10.0,CHEMBL612558,,Clearance in human after iv administration,A,CC(C)(C)S(=O)(=O)C[C@@H](Cc1ccccc1)C(=O)N[C@@H](Cc1c[nH]cn1)C(=O)N[C@@H](CC1CCCCC1)[C@@H](O)[C@@H](O)C1CC1,10.0,mL.min-1.kg-1,species_only_human
5082932,CHEMBL1614671,CHEMBL1467,CL,mL.min-1.kg-1,=,11.0,CHEMBL612558,,Clearance in human after iv administration,A,Oc1ncnc2[nH]ncc12,11.0,mL.min-1.kg-1,species_only_human
5082941,CHEMBL1614671,CHEMBL72,CL,mL.min-1.kg-1,=,11.0,CHEMBL612558,,Clearance in human after iv administration,A,CNCCCN1c2ccccc2CCc2ccccc21,11.0,mL.min-1.kg-1,species_only_human
5082943,CHEMBL1614671,CHEMBL248702,CL,mL.min-1.kg-1,=,11.0,CHEMBL612558,,Clearance in human after iv administration,A,CCN[C@@H](C)Cc1cccc(C(F)(F)F)c1,11.0,mL.min-1.kg-1,species_only_human
5082944,CHEMBL1614671,CHEMBL778,CL,mL.min-1.kg-1,=,11.0,CHEMBL612558,,Clearance in human after iv administration,A,Cc1cccc([C@H](C)c2c[nH]cn2)c1C,11.0,mL.min-1.kg-1,species_only_human
5082945,CHEMBL1614671,CHEMBL1460,CL,mL.min-1.kg-1,=,11.0,CHEMBL612558,,Clearance in human after iv administration,A,O=c1[nH]cnc2c1ncn2[C@H]1CC[C@@H](CO)O1,11.0,mL.min-1.kg-1,species_only_human
5082948,CHEMBL1614671,CHEMBL441809,CL,mL.min-1.kg-1,=,11.0,CHEMBL612558,,Clearance in human after iv administration,A,CCC(C)(C)NCC(O)COc1ccccc1C(=O)CCc1ccccc1,11.0,mL.min-1.kg-1,species_only_human
5082951,CHEMBL1614671,CHEMBL1130,CL,mL.min-1.kg-1,=,11.0,CHEMBL612558,,Clearance in human after iv administration,A,C[C@H]1O[C@@H](n2cc(F)c(=O)[nH]c2=O)[C@H](O)[C@@H]1O,11.0,mL.min-1.kg-1,species_only_human
5082953,CHEMBL1614671,CHEMBL1480,CL,mL.min-1.kg-1,=,11.0,CHEMBL612558,,Clearance in human after iv administration,A,CCOC(=O)C1=C(C)NC(C)=C(C(=O)OC)C1c1cccc(Cl)c1Cl,11.0,mL.min-1.kg-1,species_only_human
5082958,CHEMBL1614671,CHEMBL1535,CL,mL.min-1.kg-1,=,11.0,CHEMBL612558,,Clearance in human after iv administration,A,CCN(CCO)CCCC(C)Nc1ccnc2cc(Cl)ccc12,11.0,mL.min-1.kg-1,species_only_human
5082964,CHEMBL1614671,CHEMBL1614659,CL,mL.min-1.kg-1,=,11.0,CHEMBL612558,,Clearance in human after iv administration,A,COc1cc(CC(=O)NCC(=O)N(CCC(=O)O)Cc2ccc(CO)c(CO)c2)ccc1NC(=O)Nc1ccccc1C,11.0,mL.min-1.kg-1,species_only_human
5082971,CHEMBL1614671,CHEMBL19236,CL,mL.min-1.kg-1,=,11.0,CHEMBL612558,,Clearance in human after iv administration,A,COc1nc(C)nc(Cl)c1NC1=NCCN1,11.0,mL.min-1.kg-1,species_only_human
5082975,CHEMBL1614671,CHEMBL1484,CL,mL.min-1.kg-1,=,11.0,CHEMBL612558,,Clearance in human after iv administration,A,COC(=O)C1=C(C)NC(C)=C(C(=O)OCCN(C)Cc2ccccc2)C1c1cccc([N+](=O)[O-])c1,11.0,mL.min-1.kg-1,species_only_human
5082979,CHEMBL1614671,CHEMBL19224,CL,mL.min-1.kg-1,=,11.0,CHEMBL612558,,Clearance in human after iv administration,A,COc1ccc(Cc2nccc3cc(OC)c(OC)cc23)cc1OC,11.0,mL.min-1.kg-1,species_only_human
5082983,CHEMBL1614671,CHEMBL50,CL,mL.min-1.kg-1,=,11.0,CHEMBL612558,,Clearance in human after iv administration,A,O=c1c(O)c(-c2ccc(O)c(O)c2)oc2cc(O)cc(O)c12,11.0,mL.min-1.kg-1,species_only_human
5082986,CHEMBL1614671,CHEMBL1496,CL,mL.min-1.kg-1,=,11.0,CHEMBL612558,,Clearance in human after iv administration,A,CC(C)c1nc(N(C)S(C)(=O)=O)nc(-c2ccc(F)cc2)c1/C=C/[C@@H](O)C[C@@H](O)CC(=O)O,11.0,mL.min-1.kg-1,species_only_human
5082993,CHEMBL1614671,CHEMBL1079,CL,mL.min-1.kg-1,=,11.0,CHEMBL612558,,Clearance in human after iv administration,A,Clc1ccc2nsnc2c1NC1=NCCN1,11.0,mL.min-1.kg-1,species_only_human
5082994,CHEMBL1614671,CHEMBL18116,CL,mL.min-1.kg-1,=,11.0,CHEMBL612558,,Clearance in human after iv administration,A,Cc1cccc(N2CC(CO)OC2=O)c1,11.0,mL.min-1.kg-1,species_only_human
5083002,CHEMBL1614689,CHEMBL1480,CL,mL.min-1.kg-1,=,11.1,CHEMBL612558,,Clearance in human after iv administration,A,CCOC(=O)C1=C(C)NC(C)=C(C(=O)OC)C1c1cccc(Cl)c1Cl,11.1,mL.min-1.kg-1,species_only_human
5083006,CHEMBL1614689,CHEMBL54,CL,mL.min-1.kg-1,=,11.8,CHEMBL612558,,Clearance in human after iv administration,A,O=C(CCCN1CCC(O)(c2ccc(Cl)cc2)CC1)c1ccc(F)cc1,11.8,mL.min-1.kg-1,species_only_human
5083008,CHEMBL1614671,CHEMBL25,CL,mL.min-1.kg-1,=,12.0,CHEMBL612558,,Clearance in human after iv administration,A,CC(=O)Oc1ccccc1C(=O)O,12.0,mL.min-1.kg-1,species_only_human
5083012,CHEMBL1614671,CHEMBL553025,CL,mL.min-1.kg-1,=,12.0,CHEMBL612558,,Clearance in human after iv administration,A,CCC1=C[C@@H]2CN(C1)Cc1c([nH]c3ccccc13)[C@@](C(=O)OC)(c1cc3c(cc1OC)N(C)[C@H]1[C@@](O)(C(=O)OC)[C@H](OC(C)=O)[C@]4(CC)C=CCN5CC[C@]31[C@@H]54)C2,12.0,mL.min-1.kg-1,species_only_human
5083015,CHEMBL1614671,CHEMBL1101,CL,mL.min-1.kg-1,=,12.0,CHEMBL612558,,Clearance in human after iv administration,A,OC(CCN1CCCCC1)(c1ccccc1)C1CC2C=CC1C2,12.0,mL.min-1.kg-1,species_only_human
5083017,CHEMBL1614681,CHEMBL1560,CL,mL.min-1.kg-1,=,12.0,CHEMBL612558,,Clearance in human after iv administration,A,C[C@H](CS)C(=O)N1CCC[C@H]1C(=O)O,12.0,mL.min-1.kg-1,species_only_human
5083018,CHEMBL1614671,CHEMBL1560,CL,mL.min-1.kg-1,=,12.0,CHEMBL612558,,Clearance in human after iv administration,A,C[C@H](CS)C(=O)N1CCC[C@H]1C(=O)O,12.0,mL.min-1.kg-1,species_only_human
5083022,CHEMBL1614671,CHEMBL1346,CL,mL.min-1.kg-1,=,12.0,CHEMBL612558,,Clearance in human after iv administration,A,NC(=O)C(c1ccccc1)(c1ccccc1)[C@@H]1CCN(CCc2ccc3c(c2)CCO3)C1,12.0,mL.min-1.kg-1,species_only_human
5083025,CHEMBL1614689,CHEMBL23,CL,mL.min-1.kg-1,=,12.0,CHEMBL612558,,Clearance in human after iv administration,A,COc1ccc([C@@H]2Sc3ccccc3N(CCN(C)C)C(=O)[C@@H]2OC(C)=O)cc1,12.0,mL.min-1.kg-1,species_only_human
5083027,CHEMBL1614671,CHEMBL953,CL,mL.min-1.kg-1,=,12.0,CHEMBL612558,,Clearance in human after iv administration,A,CCN(CC)C(=O)/C(C#N)=C/c1cc(O)c(O)c([N+](=O)[O-])c1,12.0,mL.min-1.kg-1,species_only_human
5083031,CHEMBL1614671,CHEMBL939,CL,mL.min-1.kg-1,=,12.0,CHEMBL612558,,Clearance in human after iv administration,A,COc1cc2ncnc(Nc3ccc(F)c(Cl)c3)c2cc1OCCCN1CCOCC1,12.0,mL.min-1.kg-1,species_only_human
5083032,CHEMBL1614671,CHEMBL3707182,CL,mL.min-1.kg-1,=,12.0,CHEMBL612558,,Clearance in human after iv administration,A,C=C[C@@]1(O)C[N+]2(C)CC[C@H]1C[C@@H]2[C@@H](O)c1ccnc2ccc(OC)cc12,12.0,mL.min-1.kg-1,species_only_human
5083036,CHEMBL1614671,CHEMBL1614644,CL,mL.min-1.kg-1,=,12.0,CHEMBL612558,,Clearance in human after iv administration,A,C[N+](C)([O-])CCCN1c2ccccc2CCc2ccccc21,12.0,mL.min-1.kg-1,species_only_human
5083042,CHEMBL1614671,CHEMBL7413,CL,mL.min-1.kg-1,=,12.0,CHEMBL612558,,Clearance in human after iv administration,A,C=CCC1(C(C)C#CCC)C(=O)NC(=O)N(C)C1=O,12.0,mL.min-1.kg-1,species_only_human
5083048,CHEMBL1614671,CHEMBL465026,CL,mL.min-1.kg-1,=,12.0,CHEMBL612558,,Clearance in human after iv administration,A,CN1CCOC(c2ccccc2)c2ccccc2C1,12.0,mL.min-1.kg-1,species_only_human
5083055,CHEMBL1614671,CHEMBL27,CL,mL.min-1.kg-1,=,12.0,CHEMBL612558,,Clearance in human after iv administration,A,CC(C)NCC(O)COc1cccc2ccccc12,12.0,mL.min-1.kg-1,species_only_human
5083057,CHEMBL1614671,CHEMBL636,CL,mL.min-1.kg-1,=,12.0,CHEMBL612558,,Clearance in human after iv administration,A,CCN(C)C(=O)Oc1cccc([C@H](C)N(C)C)c1,12.0,mL.min-1.kg-1,species_only_human
5083065,CHEMBL1614671,CHEMBL450449,CL,mL.min-1.kg-1,=,12.0,CHEMBL612558,,Clearance in human after iv administration,A,COc1cc2c(cc1O)CCN[C@]21CS[C@@H]2c3c(OC(C)=O)c(C)c4c(c3[C@H](COC1=O)N1[C@@H]2[C@H]2c3c(cc(C)c(OC)c3O)C[C@@H]([C@@H]1O)N2C)OCO4,12.0,mL.min-1.kg-1,species_only_human
5083070,CHEMBL1614681,CHEMBL159,CL,mL.min-1.kg-1,=,12.0,CHEMBL612558,,Clearance in human after iv administration,A,CC[C@]1(O)C[C@@H]2CN(CCc3c([nH]c4ccccc34)[C@@](C(=O)OC)(c3cc4c(cc3OC)N(C)[C@H]3[C@@](O)(C(=O)OC)[C@H](OC(C)=O)[C@]5(CC)C=CCN6CC[C@]43[C@@H]65)C2)C1,12.0,mL.min-1.kg-1,species_only_human
5083072,CHEMBL1614681,CHEMBL1614669,CL,mL.min-1.kg-1,=,12.0,CHEMBL612558,,Clearance in human after iv administration,A,Cn1cc(/C=C2/C(=O)N3C(C(=O)O)=CS[C@H]23)nn1,12.0,mL.min-1.kg-1,species_only_human
5083073,CHEMBL1614681,CHEMBL1512,CL,mL.min-1.kg-1,=,12.0,CHEMBL612558,,Clearance in human after iv administration,A,CC1(C)O[C@@H]2C[C@H]3[C@@H]4C[C@H](F)C5=CC(=O)C=C[C@]5(C)[C@H]4[C@@H](O)C[C@]3(C)[C@]2(C(=O)CO)O1,12.0,mL.min-1.kg-1,species_only_human
5083079,CHEMBL1614671,CHEMBL1380,CL,mL.min-1.kg-1,=,13.0,CHEMBL612558,,Clearance in human after iv administration,A,Nc1nc(NC2CC2)c2ncn([C@H]3C=C[C@@H](CO)C3)c2n1,13.0,mL.min-1.kg-1,species_only_human
5083083,CHEMBL1614671,CHEMBL399510,CL,mL.min-1.kg-1,=,13.0,CHEMBL612558,,Clearance in human after iv administration,A,CCN(CC)CCNC(=O)c1cc(Br)c(N)cc1OC,13.0,mL.min-1.kg-1,species_only_human
5083088,CHEMBL1614671,CHEMBL608806,CL,mL.min-1.kg-1,=,13.0,CHEMBL612558,,Clearance in human after iv administration,A,CCOC(=O)[C@@H]1C2CCC(C[C@@H]1OC(=O)c1ccccc1)N2C,13.0,mL.min-1.kg-1,species_only_human
5083090,CHEMBL1614671,CHEMBL23,CL,mL.min-1.kg-1,=,13.0,CHEMBL612558,,Clearance in human after iv administration,A,COc1ccc([C@@H]2Sc3ccccc3N(CCN(C)C)C(=O)[C@@H]2OC(C)=O)cc1,13.0,mL.min-1.kg-1,species_only_human
5083091,CHEMBL1614671,CHEMBL315838,CL,mL.min-1.kg-1,=,13.0,CHEMBL612558,,Clearance in human after iv administration,A,COc1ccc(C(=O)Nc2ccccc2CCC2CCCCN2C)cc1,13.0,mL.min-1.kg-1,species_only_human
5083092,CHEMBL1614671,CHEMBL254193,CL,mL.min-1.kg-1,=,13.0,CHEMBL612558,,Clearance in human after iv administration,A,N/N=c1/cc2c(n[nH]1)CCN(C(=O)c1ccccc1)C2,13.0,mL.min-1.kg-1,species_only_human
5083093,CHEMBL1614671,CHEMBL681,CL,mL.min-1.kg-1,=,13.0,CHEMBL612558,,Clearance in human after iv administration,A,CCOC(=O)c1cncn1[C@H](C)c1ccccc1,13.0,mL.min-1.kg-1,species_only_human
5083094,CHEMBL1614681,CHEMBL596,CL,mL.min-1.kg-1,=,13.0,CHEMBL612558,,Clearance in human after iv administration,A,CCC(=O)N(c1ccccc1)C1CCN(CCc2ccccc2)CC1,13.0,mL.min-1.kg-1,species_only_human
5083095,CHEMBL1614671,CHEMBL11,CL,mL.min-1.kg-1,=,13.0,CHEMBL612558,,Clearance in human after iv administration,A,CN(C)CCCN1c2ccccc2CCc2ccccc21,13.0,mL.min-1.kg-1,species_only_human
5083098,CHEMBL1614671,CHEMBL13,CL,mL.min-1.kg-1,=,13.0,CHEMBL612558,,Clearance in human after iv administration,A,COCCc1ccc(OCC(O)CNC(C)C)cc1,13.0,mL.min-1.kg-1,species_only_human
5083109,CHEMBL1614671,CHEMBL114,CL,mL.min-1.kg-1,=,13.0,CHEMBL612558,,Clearance in human after iv administration,A,CC(C)(C)NC(=O)[C@@H]1C[C@@H]2CCCC[C@@H]2CN1C[C@@H](O)[C@H](Cc1ccccc1)NC(=O)[C@H](CC(N)=O)NC(=O)c1ccc2ccccc2n1,13.0,mL.min-1.kg-1,species_only_human
5083112,CHEMBL1614671,CHEMBL84,CL,mL.min-1.kg-1,=,13.0,CHEMBL612558,,Clearance in human after iv administration,A,CC[C@@]1(O)C(=O)OCc2c1cc1n(c2=O)Cc2cc3c(CN(C)C)c(O)ccc3nc2-1,13.0,mL.min-1.kg-1,species_only_human
5083114,CHEMBL1614671,CHEMBL1520,CL,mL.min-1.kg-1,=,13.0,CHEMBL612558,,Clearance in human after iv administration,A,CCCc1nc(C)c2c(=O)nc(-c3cc(S(=O)(=O)N4CCN(CC)CC4)ccc3OCC)[nH]n12,13.0,mL.min-1.kg-1,species_only_human
5083121,CHEMBL1614689,CHEMBL6966,CL,mL.min-1.kg-1,=,13.7,CHEMBL612558,,Clearance in human after iv administration,A,COc1ccc(CCN(C)CCCC(C#N)(c2ccc(OC)c(OC)c2)C(C)C)cc1OC,13.7,mL.min-1.kg-1,species_only_human
5083122,CHEMBL1614671,CHEMBL324090,CL,mL.min-1.kg-1,=,14.0,CHEMBL612558,,Clearance in human after iv administration,A,COc1cc2c(cc1OC)CN(c1cc(N)c3cc(OC)c(OC)cc3n1)CC2,14.0,mL.min-1.kg-1,species_only_human
5083127,CHEMBL1614671,CHEMBL1619,CL,mL.min-1.kg-1,=,14.0,CHEMBL612558,,Clearance in human after iv administration,A,Nc1nc(Cl)nc2c1ncn2[C@H]1C[C@H](O)[C@@H](CO)O1,14.0,mL.min-1.kg-1,species_only_human
5083132,CHEMBL1614681,CHEMBL1460,CL,mL.min-1.kg-1,=,14.0,CHEMBL612558,,Clearance in human after iv administration,A,O=c1[nH]cnc2c1ncn2[C@H]1CC[C@@H](CO)O1,14.0,mL.min-1.kg-1,species_only_human
5083134,CHEMBL1614671,CHEMBL3545252,CL,mL.min-1.kg-1,=,14.0,CHEMBL612558,,Clearance in human after iv administration,A,CC(=O)O[C@@]12CO[C@@H]1C[C@H](O)[C@@]1(C)C(=O)[C@H](O)C3=C(C)[C@@H](OC(=O)[C@H](O)[C@@H](NC(=O)OC(C)(C)C)c4ccccc4)C[C@@](O)([C@@H](OC(=O)c4ccccc4)[C@H]21)C3(C)C.O.O.O,14.0,mL.min-1.kg-1,species_only_human
5083136,CHEMBL1614671,CHEMBL1628227,CL,mL.min-1.kg-1,=,14.0,CHEMBL612558,,Clearance in human after iv administration,A,CN(C)CCC=C1c2ccccc2COc2ccccc21,14.0,mL.min-1.kg-1,species_only_human
5083139,CHEMBL1614671,CHEMBL86882,CL,mL.min-1.kg-1,=,14.0,CHEMBL612558,,Clearance in human after iv administration,A,CCNCC(O)c1cccc(O)c1,14.0,mL.min-1.kg-1,species_only_human
5083144,CHEMBL1614671,CHEMBL21731,CL,mL.min-1.kg-1,=,14.0,CHEMBL612558,,Clearance in human after iv administration,A,CNCCCC12CCC(c3ccccc31)c1ccccc12,14.0,mL.min-1.kg-1,species_only_human
5083147,CHEMBL1614671,CHEMBL434394,CL,mL.min-1.kg-1,=,14.0,CHEMBL612558,,Clearance in human after iv administration,A,OC(CNCC(O)C1CCc2cc(F)ccc2O1)C1CCc2cc(F)ccc2O1,14.0,mL.min-1.kg-1,species_only_human
5083149,CHEMBL1614681,CHEMBL1428,CL,mL.min-1.kg-1,=,14.0,CHEMBL612558,,Clearance in human after iv administration,A,COCCOC(=O)C1=C(C)NC(C)=C(C(=O)OC(C)C)C1c1cccc([N+](=O)[O-])c1,14.0,mL.min-1.kg-1,species_only_human
5083151,CHEMBL1614671,CHEMBL24646,CL,mL.min-1.kg-1,=,14.0,CHEMBL612558,,Clearance in human after iv administration,A,COc1ccc(-c2nc3cc(C4=NNC(=O)CC4C)ccc3[nH]2)cc1,14.0,mL.min-1.kg-1,species_only_human
5083152,CHEMBL1614671,CHEMBL1144,CL,mL.min-1.kg-1,=,14.0,CHEMBL612558,,Clearance in human after iv administration,A,CC[C@H](C)C(=O)O[C@H]1C[C@H](O)C=C2C=C[C@H](C)[C@H](CC[C@@H](O)C[C@@H](O)CC(=O)O)[C@H]21,14.0,mL.min-1.kg-1,species_only_human
5083154,CHEMBL1614671,CHEMBL564,CL,mL.min-1.kg-1,=,14.0,CHEMBL612558,,Clearance in human after iv administration,A,CN(C)CCCN1c2ccccc2Sc2ccccc21,14.0,mL.min-1.kg-1,species_only_human
5083156,CHEMBL1614671,CHEMBL643,CL,mL.min-1.kg-1,=,14.0,CHEMBL612558,,Clearance in human after iv administration,A,CC(CN1c2ccccc2Sc2ccccc21)N(C)C,14.0,mL.min-1.kg-1,species_only_human
5083160,CHEMBL1614671,CHEMBL1614667,CL,mL.min-1.kg-1,=,14.0,CHEMBL612558,,Clearance in human after iv administration,A,C=C(C)O[C@@]12CO[C@@H]1C[C@@H]1C[C@@]13C(=O)[C@H](OC(C)=O)C1=C(C)[C@@H](OC(=O)[C@H](O)[C@@H](NC(=O)OC(C)(C)C)c4ccccc4)C[C@@](O)([C@H](OC(=O)c4ccccc4)[C@H]23)C1(C)C,14.0,mL.min-1.kg-1,species_only_human
5083164,CHEMBL1614671,CHEMBL1136,CL,mL.min-1.kg-1,=,14.0,CHEMBL612558,,Clearance in human after iv administration,A,CC[C@H]1OC(=O)[C@H](C)C(=O)[C@H](C)[C@@H](O[C@@H]2O[C@H](C)C[C@H](N(C)C)[C@H]2O)[C@](C)(OC)C[C@@H](C)C(=O)[C@H](C)[C@H]2N(CCCCn3cnc(-c4cccnc4)c3)C(=O)O[C@]12C,14.0,mL.min-1.kg-1,species_only_human
5083166,CHEMBL1614671,CHEMBL418192,CL,mL.min-1.kg-1,=,14.0,CHEMBL612558,,Clearance in human after iv administration,A,Cc1ccccc1OCC(O)CNCCOc1ccc(C(N)=O)cc1,14.0,mL.min-1.kg-1,species_only_human
5083168,CHEMBL1614671,CHEMBL637,CL,mL.min-1.kg-1,=,14.0,CHEMBL612558,,Clearance in human after iv administration,A,COc1ccc(C(CN(C)C)C2(O)CCCCC2)cc1,14.0,mL.min-1.kg-1,species_only_human
5083172,CHEMBL1614689,CHEMBL276711,CL,mL.min-1.kg-1,=,14.0,CHEMBL612558,,Clearance in human after iv administration,A,Cc1cc(C)c(/C=C2\C(=O)Nc3ccccc32)[nH]1,14.0,mL.min-1.kg-1,species_only_human
5083176,CHEMBL1614671,CHEMBL266195,CL,mL.min-1.kg-1,=,15.0,CHEMBL612558,,Clearance in human after iv administration,A,C=CCc1ccccc1OCC(O)CNC(C)C,15.0,mL.min-1.kg-1,species_only_human
5083180,CHEMBL1614671,CHEMBL485,CL,mL.min-1.kg-1,=,15.0,CHEMBL612558,,Clearance in human after iv administration,A,COc1ccc2c3c1O[C@H]1[C@@H](O)C=C[C@H]4[C@@H](C2)N(C)CC[C@@]341,15.0,mL.min-1.kg-1,species_only_human
5083185,CHEMBL1614671,CHEMBL53463,CL,mL.min-1.kg-1,=,15.0,CHEMBL612558,,Clearance in human after iv administration,A,COc1cccc2c1C(=O)c1c(O)c3c(c(O)c1C2=O)C[C@@](O)(C(=O)CO)C[C@@H]3O[C@H]1C[C@H](N)[C@H](O)[C@H](C)O1,15.0,mL.min-1.kg-1,species_only_human
5083186,CHEMBL1614671,CHEMBL442,CL,mL.min-1.kg-1,=,15.0,CHEMBL612558,,Clearance in human after iv administration,A,CN1C[C@H](C(=O)N[C@]2(C)O[C@@]3(O)[C@@H]4CCCN4C(=O)[C@H](Cc4ccccc4)N3C2=O)C=C2c3cccc4[nH]cc(c34)C[C@H]21,15.0,mL.min-1.kg-1,species_only_human
5083189,CHEMBL1614671,CHEMBL266510,CL,mL.min-1.kg-1,=,15.0,CHEMBL612558,,Clearance in human after iv administration,A,COc1ccc(Cl)cc1[C@]1(F)C(=O)Nc2cc(C(F)(F)F)ccc21,15.0,mL.min-1.kg-1,species_only_human
5083190,CHEMBL1614671,CHEMBL685,CL,mL.min-1.kg-1,=,15.0,CHEMBL612558,,Clearance in human after iv administration,A,COC(=O)Nc1nc2cc(C(=O)c3ccccc3)ccc2[nH]1,15.0,mL.min-1.kg-1,species_only_human
5083191,CHEMBL1614671,CHEMBL1425,CL,mL.min-1.kg-1,=,15.0,CHEMBL612558,,Clearance in human after iv administration,A,Sc1ncnc2nc[nH]c12,15.0,mL.min-1.kg-1,species_only_human
5083192,CHEMBL1614681,CHEMBL13,CL,mL.min-1.kg-1,=,15.0,CHEMBL612558,,Clearance in human after iv administration,A,COCCc1ccc(OCC(O)CNC(C)C)cc1,15.0,mL.min-1.kg-1,species_only_human
5083194,CHEMBL1614671,CHEMBL982,CL,mL.min-1.kg-1,=,15.0,CHEMBL612558,,Clearance in human after iv administration,A,C=C1CC[C@@]2(O)[C@H]3Cc4ccc(O)c5c4[C@@]2(CCN3CC2CC2)[C@H]1O5,15.0,mL.min-1.kg-1,species_only_human
5083195,CHEMBL1614671,CHEMBL1428,CL,mL.min-1.kg-1,=,15.0,CHEMBL612558,,Clearance in human after iv administration,A,COCCOC(=O)C1=C(C)NC(C)=C(C(=O)OC(C)C)C1c1cccc([N+](=O)[O-])c1,15.0,mL.min-1.kg-1,species_only_human
5083196,CHEMBL1614671,CHEMBL1726,CL,mL.min-1.kg-1,=,15.0,CHEMBL612558,,Clearance in human after iv administration,A,COC(=O)C1=C(C)NC(C)=C(C(=O)OCC(C)C)C1c1ccccc1[N+](=O)[O-],15.0,mL.min-1.kg-1,species_only_human
5083197,CHEMBL1614671,CHEMBL1213351,CL,mL.min-1.kg-1,=,15.0,CHEMBL612558,,Clearance in human after iv administration,A,CCC(=O)O[C@](Cc1ccccc1)(c1ccccc1)[C@H](C)CN(C)C,15.0,mL.min-1.kg-1,species_only_human
5083198,CHEMBL1614681,CHEMBL27,CL,mL.min-1.kg-1,=,15.0,CHEMBL612558,,Clearance in human after iv administration,A,CC(C)NCC(O)COc1cccc2ccccc12,15.0,mL.min-1.kg-1,species_only_human
5083200,CHEMBL1614671,CHEMBL658,CL,mL.min-1.kg-1,=,15.0,CHEMBL612558,,Clearance in human after iv administration,A,CCC(=O)N(c1ccccc1)C1(COC)CCN(CCc2cccs2)CC1,15.0,mL.min-1.kg-1,species_only_human
5083208,CHEMBL1614689,CHEMBL1101,CL,mL.min-1.kg-1,=,15.3,CHEMBL612558,,Clearance in human after iv administration,A,OC(CCN1CCCCC1)(c1ccccc1)C1CC2C=CC1C2,15.3,mL.min-1.kg-1,species_only_human
5083215,CHEMBL1614671,CHEMBL71,CL,mL.min-1.kg-1,=,16.0,CHEMBL612558,,Clearance in human after iv administration,A,CN(C)CCCN1c2ccccc2Sc2ccc(Cl)cc21,16.0,mL.min-1.kg-1,species_only_human
5083218,CHEMBL1614671,CHEMBL1200937,CL,mL.min-1.kg-1,=,16.0,CHEMBL612558,,Clearance in human after iv administration,A,CCN(CC)CCS(=O)(=O)[C@@H]1CCN2C(=O)c3coc(n3)CC(=O)C[C@H](O)/C=C(C)/C=C/CNC(=O)/C=C/[C@@H](C)[C@@H](C(C)C)OC(=O)[C@@H]12,16.0,mL.min-1.kg-1,species_only_human
5083219,CHEMBL1614671,CHEMBL407,CL,mL.min-1.kg-1,=,16.0,CHEMBL612558,,Clearance in human after iv administration,A,CCOC(=O)c1ncn2c1CN(C)C(=O)c1cc(F)ccc1-2,16.0,mL.min-1.kg-1,species_only_human
5083220,CHEMBL1614681,CHEMBL2220442,CL,mL.min-1.kg-1,=,16.0,CHEMBL612558,,Clearance in human after iv administration,A,CC(C)n1c(/C=C/C(O)CC(O)CC(=O)O)c(-c2ccc(F)cc2)c2ccccc21,16.0,mL.min-1.kg-1,species_only_human
5083221,CHEMBL1614671,CHEMBL2220442,CL,mL.min-1.kg-1,=,16.0,CHEMBL612558,,Clearance in human after iv administration,A,CC(C)n1c(/C=C/C(O)CC(O)CC(=O)O)c(-c2ccc(F)cc2)c2ccccc21,16.0,mL.min-1.kg-1,species_only_human
5083223,CHEMBL1614671,CHEMBL494,CL,mL.min-1.kg-1,=,16.0,CHEMBL612558,,Clearance in human after iv administration,A,CC#CCC(C)[C@H](O)/C=C/[C@@H]1[C@H]2C/C(=C/CCCC(=O)O)C[C@H]2C[C@H]1O,16.0,mL.min-1.kg-1,species_only_human
5083225,CHEMBL1614671,CHEMBL79,CL,mL.min-1.kg-1,=,16.0,CHEMBL612558,,Clearance in human after iv administration,A,CCN(CC)CC(=O)Nc1c(C)cccc1C,16.0,mL.min-1.kg-1,species_only_human
5083226,CHEMBL1614671,CHEMBL87543,CL,mL.min-1.kg-1,=,16.0,CHEMBL612558,,Clearance in human after iv administration,A,CC(C)N1CCC(N(C(=O)Cc2ccccc2)c2ccc(Cl)cc2)CC1,16.0,mL.min-1.kg-1,species_only_human
5083227,CHEMBL1614671,CHEMBL113278,CL,mL.min-1.kg-1,=,16.0,CHEMBL612558,,Clearance in human after iv administration,A,CC(CCc1ccc2c(c1)OCO2)NCC(O)c1ccc(O)c(C(N)=O)c1,16.0,mL.min-1.kg-1,species_only_human
5083232,CHEMBL1614671,CHEMBL728,CL,mL.min-1.kg-1,=,16.0,CHEMBL612558,,Clearance in human after iv administration,A,CN1CCN(CCCN2c3ccccc3Sc3ccc(Cl)cc32)CC1,16.0,mL.min-1.kg-1,species_only_human
5083233,CHEMBL1614671,CHEMBL631,CL,mL.min-1.kg-1,=,16.0,CHEMBL612558,,Clearance in human after iv administration,A,CCCNCC(O)COc1ccccc1C(=O)CCc1ccccc1,16.0,mL.min-1.kg-1,species_only_human
5083235,CHEMBL1614671,CHEMBL1200649,CL,mL.min-1.kg-1,=,16.0,CHEMBL612558,,Clearance in human after iv administration,A,CC[C@H]1NC(=O)[C@@H](NC(=O)c2ncccc2O)[C@@H](C)OC(=O)[C@H](c2ccccc2)NC(=O)[C@@H]2CC(=O)[C@H](CS[C@@H]3CN4CCC3CC4)CN2C(=O)[C@H](Cc2ccc(N(C)C)cc2)N(C)C(=O)[C@@H]2CCCN2C1=O,16.0,mL.min-1.kg-1,species_only_human
5083236,CHEMBL1614671,CHEMBL905,CL,mL.min-1.kg-1,=,16.0,CHEMBL612558,,Clearance in human after iv administration,A,CN(C)CCc1c[nH]c2ccc(Cn3cncn3)cc12,16.0,mL.min-1.kg-1,species_only_human
5083237,CHEMBL1614671,CHEMBL569713,CL,mL.min-1.kg-1,=,16.0,CHEMBL612558,,Clearance in human after iv administration,A,CN1[C@@H]2C[C@@H](OC(=O)[C@H](CO)c3ccccc3)C[C@H]1[C@@H]1O[C@@H]12,16.0,mL.min-1.kg-1,species_only_human
5083239,CHEMBL1614671,CHEMBL2220384,CL,mL.min-1.kg-1,=,16.0,CHEMBL612558,,Clearance in human after iv administration,A,CCOC(=O)C1(c2ccccc2)CCC=CC1N(C)C,16.0,mL.min-1.kg-1,species_only_human
5083242,CHEMBL1614671,CHEMBL644,CL,mL.min-1.kg-1,=,16.0,CHEMBL612558,,Clearance in human after iv administration,A,CC(CN(C)C)CN1c2ccccc2CCc2ccccc21,16.0,mL.min-1.kg-1,species_only_human
5083243,CHEMBL1614671,CHEMBL1521,CL,mL.min-1.kg-1,=,16.0,CHEMBL612558,,Clearance in human after iv administration,A,CCN(C(C)=O)c1cccc(-c2ccnc3c(C#N)cnn23)c1,16.0,mL.min-1.kg-1,species_only_human
5083256,CHEMBL1614671,CHEMBL2103780,CL,mL.min-1.kg-1,=,17.0,CHEMBL612558,,Clearance in human after iv administration,A,CCN1C[C@H]2CN(C)C[C@H](C1)C2OC(=O)c1ccc(Cl)cc1,17.0,mL.min-1.kg-1,species_only_human
5083260,CHEMBL1614681,CHEMBL53463,CL,mL.min-1.kg-1,=,17.0,CHEMBL612558,,Clearance in human after iv administration,A,COc1cccc2c1C(=O)c1c(O)c3c(c(O)c1C2=O)C[C@@](O)(C(=O)CO)C[C@@H]3O[C@H]1C[C@H](N)[C@H](O)[C@H](C)O1,17.0,mL.min-1.kg-1,species_only_human
5083263,CHEMBL1614671,CHEMBL1473,CL,mL.min-1.kg-1,=,17.0,CHEMBL612558,,Clearance in human after iv administration,A,CCC(=O)O[C@]1(C(=O)SCF)[C@H](C)C[C@H]2[C@@H]3C[C@H](F)C4=CC(=O)C=C[C@]4(C)[C@@]3(F)[C@@H](O)C[C@@]21C,17.0,mL.min-1.kg-1,species_only_human
5083265,CHEMBL1614681,CHEMBL494,CL,mL.min-1.kg-1,=,17.0,CHEMBL612558,,Clearance in human after iv administration,A,CC#CCC(C)[C@H](O)/C=C/[C@@H]1[C@H]2C/C(=C/CCCC(=O)O)C[C@H]2C[C@H]1O,17.0,mL.min-1.kg-1,species_only_human
5083270,CHEMBL1614681,CHEMBL607,CL,mL.min-1.kg-1,=,17.0,CHEMBL612558,,Clearance in human after iv administration,A,CCOC(=O)C1(c2ccccc2)CCN(C)CC1,17.0,mL.min-1.kg-1,species_only_human
5083279,CHEMBL1614681,CHEMBL6466,CL,mL.min-1.kg-1,=,17.0,CHEMBL612558,,Clearance in human after iv administration,A,O=c1ccc2ccccc2o1,17.0,mL.min-1.kg-1,species_only_human
5083286,CHEMBL1614671,CHEMBL521589,CL,mL.min-1.kg-1,=,18.0,CHEMBL612558,,Clearance in human after iv administration,A,CN(C)C(=O)Oc1cc(OC(=O)N(C)C)cc(C(O)CNC(C)(C)C)c1,18.0,mL.min-1.kg-1,species_only_human
5083292,CHEMBL1614671,CHEMBL5483011,CL,mL.min-1.kg-1,=,18.0,CHEMBL612558,,Clearance in human after iv administration,A,CC(C)(C)NC(=O)[C@@H]1CN(Cc2cccnc2)CCN1C[C@@H](O)C[C@@H](Cc1ccccc1)C(=O)N[C@H]1c2ccccc2C[C@H]1O.O,18.0,mL.min-1.kg-1,species_only_human
5083293,CHEMBL1614671,CHEMBL1908351,CL,mL.min-1.kg-1,=,18.0,CHEMBL612558,,Clearance in human after iv administration,A,Cc1cnc(NCCCN(C)C)c2c1[nH]c1ccc3cc(O)ccc3c12,18.0,mL.min-1.kg-1,species_only_human
5083295,CHEMBL1614671,CHEMBL1614651,CL,mL.min-1.kg-1,=,18.0,CHEMBL612558,,Clearance in human after iv administration,A,NCCCNc1ccc2c(CNCCO)nn3c4c(O)ccc(O)c4c(=O)c1c23,18.0,mL.min-1.kg-1,species_only_human
5083297,CHEMBL1614671,CHEMBL3,CL,mL.min-1.kg-1,=,18.0,CHEMBL612558,,Clearance in human after iv administration,A,CN1CCC[C@H]1c1cccnc1,18.0,mL.min-1.kg-1,species_only_human
5083299,CHEMBL1614671,CHEMBL490,CL,mL.min-1.kg-1,=,18.0,CHEMBL612558,,Clearance in human after iv administration,A,Fc1ccc([C@@H]2CCNC[C@H]2COc2ccc3c(c2)OCO3)cc1,18.0,mL.min-1.kg-1,species_only_human
5083302,CHEMBL1614671,CHEMBL76370,CL,mL.min-1.kg-1,=,18.0,CHEMBL612558,,Clearance in human after iv administration,A,CCCCCNC(=N)N/N=C/c1c[nH]c2ccc(OC)cc12,18.0,mL.min-1.kg-1,species_only_human
5083304,CHEMBL1614671,CHEMBL6966,CL,mL.min-1.kg-1,=,18.0,CHEMBL612558,,Clearance in human after iv administration,A,COc1ccc(CCN(C)CCCC(C#N)(c2ccc(OC)c(OC)c2)C(C)C)cc1OC,18.0,mL.min-1.kg-1,species_only_human
5083307,CHEMBL1614671,CHEMBL325041,CL,mL.min-1.kg-1,=,19.0,CHEMBL612558,,Clearance in human after iv administration,A,CC(C)C[C@H](NC(=O)[C@H](Cc1ccccc1)NC(=O)c1cnccn1)B(O)O,19.0,mL.min-1.kg-1,species_only_human
5083308,CHEMBL1614671,CHEMBL511142,CL,mL.min-1.kg-1,=,19.0,CHEMBL612558,,Clearance in human after iv administration,A,CO[C@@]12CC[C@@]3(C[C@@H]1[C@](C)(O)C(C)(C)C)[C@H]1Cc4ccc(O)c5c4[C@@]3(CCN1CC1CC1)[C@H]2O5,19.0,mL.min-1.kg-1,species_only_human
5083315,CHEMBL1614671,CHEMBL742,CL,mL.min-1.kg-1,=,19.0,CHEMBL612558,,Clearance in human after iv administration,A,CNC1(c2ccccc2Cl)CCCCC1=O,19.0,mL.min-1.kg-1,species_only_human
5083320,CHEMBL1614681,CHEMBL3,CL,mL.min-1.kg-1,=,19.0,CHEMBL612558,,Clearance in human after iv administration,A,CN1CCC[C@H]1c1cccnc1,19.0,mL.min-1.kg-1,species_only_human
5083321,CHEMBL1614671,CHEMBL128,CL,mL.min-1.kg-1,=,19.0,CHEMBL612558,,Clearance in human after iv administration,A,CNS(=O)(=O)Cc1ccc2[nH]cc(CCN(C)C)c2c1,19.0,mL.min-1.kg-1,species_only_human
5083328,CHEMBL1614671,CHEMBL1370,CL,mL.min-1.kg-1,=,20.0,CHEMBL612558,,Clearance in human after iv administration,A,CCCC1O[C@@H]2C[C@H]3[C@@H]4CCC5=CC(=O)C=C[C@]5(C)[C@H]4[C@@H](O)C[C@]3(C)[C@]2(C(=O)CO)O1,20.0,mL.min-1.kg-1,species_only_human
5083331,CHEMBL1614671,CHEMBL417,CL,mL.min-1.kg-1,=,20.0,CHEMBL612558,,Clearance in human after iv administration,A,COc1cccc2c1C(=O)c1c(O)c3c(c(O)c1C2=O)C[C@@](O)(C(=O)CO)C[C@@H]3O[C@H]1C[C@H](N)[C@@H](O)[C@H](C)O1,20.0,mL.min-1.kg-1,species_only_human
5083333,CHEMBL1614671,CHEMBL279516,CL,mL.min-1.kg-1,=,20.0,CHEMBL612558,,Clearance in human after iv administration,A,O=C(NC1CCN(CCc2c[nH]c3ccccc23)CC1)c1ccccc1,20.0,mL.min-1.kg-1,species_only_human
5083334,CHEMBL1614681,CHEMBL141,CL,mL.min-1.kg-1,=,20.0,CHEMBL612558,,Clearance in human after iv administration,A,Nc1ccn([C@@H]2CS[C@H](CO)O2)c(=O)n1,20.0,mL.min-1.kg-1,species_only_human
5083335,CHEMBL1614671,CHEMBL1614636,CL,mL.min-1.kg-1,=,20.0,CHEMBL612558,,Clearance in human after iv administration,A,C[C@@H]1CC2=CC(=O)CC[C@]2(C)[C@H]2CC[C@@]3(C)[C@@H](CC[C@@H]3O)[C@]12C,20.0,mL.min-1.kg-1,species_only_human
5083339,CHEMBL1614671,CHEMBL972,CL,mL.min-1.kg-1,=,20.0,CHEMBL612558,,Clearance in human after iv administration,A,C#CCN(C)[C@H](C)Cc1ccccc1,20.0,mL.min-1.kg-1,species_only_human
5083344,CHEMBL1614671,CHEMBL553025,CL,mL.min-1.kg-1,=,20.0,CHEMBL612558,,Clearance in human after iv administration,A,CCC1=C[C@@H]2CN(C1)Cc1c([nH]c3ccccc13)[C@@](C(=O)OC)(c1cc3c(cc1OC)N(C)[C@H]1[C@@](O)(C(=O)OC)[C@H](OC(C)=O)[C@]4(CC)C=CCN5CC[C@]31[C@@H]54)C2,20.0,mL.min-1.kg-1,species_only_human
5083360,CHEMBL1614671,CHEMBL16073,CL,mL.min-1.kg-1,=,21.0,CHEMBL612558,,Clearance in human after iv administration,A,CCOc1ccc(NC(C)=O)cc1,21.0,mL.min-1.kg-1,species_only_human
5083361,CHEMBL1614689,CHEMBL553025,CL,mL.min-1.kg-1,=,21.0,CHEMBL612558,,Clearance in human after iv administration,A,CCC1=C[C@@H]2CN(C1)Cc1c([nH]c3ccccc13)[C@@](C(=O)OC)(c1cc3c(cc1OC)N(C)[C@H]1[C@@](O)(C(=O)OC)[C@H](OC(C)=O)[C@]4(CC)C=CCN5CC[C@]31[C@@H]54)C2,21.0,mL.min-1.kg-1,species_only_human
5083372,CHEMBL1614671,CHEMBL210952,CL,mL.min-1.kg-1,=,22.0,CHEMBL612558,,Clearance in human after iv administration,A,CC(=O)[C@H]1CC[C@H]2[C@@H]3CC[C@@H]4C[C@H](O)CC[C@]4(C)[C@H]3CC[C@]12C,22.0,mL.min-1.kg-1,species_only_human
5083379,CHEMBL1614671,CHEMBL1186579,CL,mL.min-1.kg-1,=,22.0,CHEMBL612558,,Clearance in human after iv administration,A,C[N+]1(CC2CC2)CC[C@]23c4c5ccc(O)c4O[C@H]2C(=O)CC[C@@]3(O)[C@H]1C5,22.0,mL.min-1.kg-1,species_only_human
5083381,CHEMBL1614671,CHEMBL895,CL,mL.min-1.kg-1,=,22.0,CHEMBL612558,,Clearance in human after iv administration,A,Oc1ccc2c3c1O[C@H]1[C@@H](O)CC[C@@]4(O)[C@@H](C2)N(CC2CCC2)CC[C@]314,22.0,mL.min-1.kg-1,species_only_human
5083382,CHEMBL1614671,CHEMBL273575,CL,mL.min-1.kg-1,=,22.0,CHEMBL612558,,Clearance in human after iv administration,A,CN1Cc2c(N)cccc2C(c2ccccc2)C1,22.0,mL.min-1.kg-1,species_only_human
5083389,CHEMBL1614681,CHEMBL3037806,CL,mL.min-1.kg-1,=,22.0,CHEMBL612558,,Clearance in human after iv administration,A,O=C(OC1C[C@@H]2CC3C[C@@H](C1)N2CC3O)c1c[nH]c2ccccc12,22.0,mL.min-1.kg-1,species_only_human
5083397,CHEMBL1614671,CHEMBL429,CL,mL.min-1.kg-1,=,23.0,CHEMBL612558,,Clearance in human after iv administration,A,CC(CCc1ccccc1)NCC(O)c1ccc(O)c(C(N)=O)c1,23.0,mL.min-1.kg-1,species_only_human
5083398,CHEMBL1614681,CHEMBL1009,CL,mL.min-1.kg-1,=,23.0,CHEMBL612558,,Clearance in human after iv administration,A,N[C@@H](Cc1ccc(O)c(O)c1)C(=O)O,23.0,mL.min-1.kg-1,species_only_human
5083399,CHEMBL1614671,CHEMBL1009,CL,mL.min-1.kg-1,=,23.0,CHEMBL612558,,Clearance in human after iv administration,A,N[C@@H](Cc1ccc(O)c(O)c1)C(=O)O,23.0,mL.min-1.kg-1,species_only_human
5083401,CHEMBL1614671,CHEMBL80,CL,mL.min-1.kg-1,=,23.0,CHEMBL612558,,Clearance in human after iv administration,A,C=CCN1CC[C@]23c4c5ccc(O)c4O[C@H]2C(=O)CC[C@@]3(O)[C@H]1C5,23.0,mL.min-1.kg-1,species_only_human
5083402,CHEMBL1614671,CHEMBL60542,CL,mL.min-1.kg-1,=,23.0,CHEMBL612558,,Clearance in human after iv administration,A,CC(C)=CCN1CC[C@]2(C)c3cc(O)ccc3C[C@H]1[C@H]2C,23.0,mL.min-1.kg-1,species_only_human
5083419,CHEMBL1614671,CHEMBL1117,CL,mL.min-1.kg-1,=,24.0,CHEMBL612558,,Clearance in human after iv administration,A,CC(=O)[C@]1(O)Cc2c(O)c3c(c(O)c2[C@@H](O[C@H]2C[C@H](N)[C@H](O)[C@H](C)O2)C1)C(=O)c1ccccc1C3=O,24.0,mL.min-1.kg-1,species_only_human
5083423,CHEMBL1614681,CHEMBL70,CL,mL.min-1.kg-1,=,24.0,CHEMBL612558,,Clearance in human after iv administration,A,CN1CC[C@]23c4c5ccc(O)c4O[C@H]2[C@@H](O)C=C[C@H]3[C@H]1C5,24.0,mL.min-1.kg-1,species_only_human
5083426,CHEMBL1614681,CHEMBL129,CL,mL.min-1.kg-1,=,24.0,CHEMBL612558,,Clearance in human after iv administration,A,Cc1cn([C@H]2C[C@H](N=[N+]=[N-])[C@@H](CO)O2)c(=O)[nH]c1=O,24.0,mL.min-1.kg-1,species_only_human
5083439,CHEMBL1614671,CHEMBL475534,CL,mL.min-1.kg-1,=,25.0,CHEMBL612558,,Clearance in human after iv administration,A,CCOC(=O)C1=C(C)NC(C)=C(C(=O)OC)C1c1cccc([N+](=O)[O-])c1,25.0,mL.min-1.kg-1,species_only_human
5083443,CHEMBL1614671,CHEMBL129,CL,mL.min-1.kg-1,=,25.0,CHEMBL612558,,Clearance in human after iv administration,A,Cc1cn([C@H]2C[C@H](N=[N+]=[N-])[C@@H](CO)O2)c(=O)[nH]c1=O,25.0,mL.min-1.kg-1,species_only_human
5083451,CHEMBL1614671,CHEMBL185,CL,mL.min-1.kg-1,=,26.0,CHEMBL612558,,Clearance in human after iv administration,A,O=c1[nH]cc(F)c(=O)[nH]1,26.0,mL.min-1.kg-1,species_only_human
5083452,CHEMBL1614671,CHEMBL533,CL,mL.min-1.kg-1,=,26.0,CHEMBL612558,,Clearance in human after iv administration,A,CCCCCCCN(CC)CCCC(O)c1ccc(NS(C)(=O)=O)cc1,26.0,mL.min-1.kg-1,species_only_human
5083454,CHEMBL1614671,CHEMBL1648,CL,mL.min-1.kg-1,=,26.0,CHEMBL612558,,Clearance in human after iv administration,A,COC(=O)C1=C(C)NC(C)=C(C(=O)OC(C)C)C1c1cccc2nonc12,26.0,mL.min-1.kg-1,species_only_human
5083455,CHEMBL1614671,CHEMBL70,CL,mL.min-1.kg-1,=,26.0,CHEMBL612558,,Clearance in human after iv administration,A,CN1CC[C@]23c4c5ccc(O)c4O[C@H]2[C@@H](O)C=C[C@H]3[C@H]1C5,26.0,mL.min-1.kg-1,species_only_human
5083458,CHEMBL1614671,CHEMBL56564,CL,mL.min-1.kg-1,=,26.0,CHEMBL612558,,Clearance in human after iv administration,A,CN1[C@@H]2CC[C@H]1C[C@@H](OC(=O)c1c[nH]c3ccccc13)C2,26.0,mL.min-1.kg-1,species_only_human
5083471,CHEMBL1614671,CHEMBL567,CL,mL.min-1.kg-1,=,27.0,CHEMBL612558,,Clearance in human after iv administration,A,OCCN1CCN(CCCN2c3ccccc3Sc3ccc(Cl)cc32)CC1,27.0,mL.min-1.kg-1,species_only_human
5083474,CHEMBL1614671,CHEMBL153774,CL,mL.min-1.kg-1,=,27.0,CHEMBL612558,,Clearance in human after iv administration,A,CN(C)CCNc1ccc2c3c(nn2CCNCCO)-c2cnccc2C(=O)c13,27.0,mL.min-1.kg-1,species_only_human
5083475,CHEMBL1614671,CHEMBL17350,CL,mL.min-1.kg-1,=,27.0,CHEMBL612558,,Clearance in human after iv administration,A,C[C@@H]([C@@H](O)c1ccc(O)cc1)N1CCC(O)(c2ccccc2)CC1,27.0,mL.min-1.kg-1,species_only_human
5083480,CHEMBL1614671,CHEMBL398707,CL,mL.min-1.kg-1,=,28.0,CHEMBL612558,,Clearance in human after iv administration,A,CN1CC[C@]23c4c5ccc(O)c4O[C@H]2C(=O)CC[C@H]3[C@H]1C5,28.0,mL.min-1.kg-1,species_only_human
5083481,CHEMBL1614671,CHEMBL314437,CL,mL.min-1.kg-1,=,28.0,CHEMBL612558,,Clearance in human after iv administration,A,CCC1(c2cccc(O)c2)CCCCN(C)C1,28.0,mL.min-1.kg-1,species_only_human
5083484,CHEMBL1614671,CHEMBL1411979,CL,mL.min-1.kg-1,=,28.0,CHEMBL612558,,Clearance in human after iv administration,A,CN(C)CCN(Cc1cccs1)c1ccccn1,28.0,mL.min-1.kg-1,species_only_human
5083486,CHEMBL1614671,CHEMBL98,CL,mL.min-1.kg-1,=,28.0,CHEMBL612558,,Clearance in human after iv administration,A,O=C(CCCCCCC(=O)Nc1ccccc1)NO,28.0,mL.min-1.kg-1,species_only_human
5083490,CHEMBL1614671,CHEMBL27193,CL,mL.min-1.kg-1,=,29.0,CHEMBL612558,,Clearance in human after iv administration,A,C[C@H](CCc1ccccc1)NC[C@H](O)c1ccc(O)c(C(N)=O)c1,29.0,mL.min-1.kg-1,species_only_human
5083492,CHEMBL1614671,CHEMBL32800,CL,mL.min-1.kg-1,=,29.0,CHEMBL612558,,Clearance in human after iv administration,A,CC(Cc1ccc(O)cc1)NCC(O)c1cc(O)cc(O)c1,29.0,mL.min-1.kg-1,species_only_human
5083493,CHEMBL1614671,CHEMBL249856,CL,mL.min-1.kg-1,=,29.0,CHEMBL612558,,Clearance in human after iv administration,A,CSc1ccc(C(=O)c2[nH]c(=O)[nH]c2C)cc1,29.0,mL.min-1.kg-1,species_only_human
5083496,CHEMBL1614671,CHEMBL1194,CL,mL.min-1.kg-1,=,29.0,CHEMBL612558,,Clearance in human after iv administration,A,CCCNC(C)C(=O)Nc1ccccc1C,29.0,mL.min-1.kg-1,species_only_human
5083502,CHEMBL1614671,CHEMBL135,CL,mL.min-1.kg-1,=,30.0,CHEMBL612558,,Clearance in human after iv administration,A,C[C@]12CC[C@@H]3c4ccc(O)cc4CC[C@H]3[C@@H]1CC[C@@H]2O,30.0,mL.min-1.kg-1,species_only_human
5083511,CHEMBL1614671,CHEMBL6622,CL,mL.min-1.kg-1,=,31.0,CHEMBL612558,,Clearance in human after iv administration,A,O=[N+]([O-])O[C@H]1CO[C@H]2[C@@H]1OC[C@H]2O[N+](=O)[O-],31.0,mL.min-1.kg-1,species_only_human
5083513,CHEMBL1614671,CHEMBL83063,CL,mL.min-1.kg-1,=,31.0,CHEMBL612558,,Clearance in human after iv administration,A,CC(NCCc1ccc(O)cc1)C(O)c1ccc(O)cc1,31.0,mL.min-1.kg-1,species_only_human
5083518,CHEMBL1614681,CHEMBL370805,CL,mL.min-1.kg-1,=,32.0,CHEMBL612558,,Clearance in human after iv administration,A,COC(=O)[C@H]1[C@@H](OC(=O)c2ccccc2)C[C@@H]2CC[C@H]1N2C,32.0,mL.min-1.kg-1,species_only_human
5083519,CHEMBL1614671,CHEMBL370805,CL,mL.min-1.kg-1,=,32.0,CHEMBL612558,,Clearance in human after iv administration,A,COC(=O)[C@H]1[C@@H](OC(=O)c2ccccc2)C[C@@H]2CC[C@H]1N2C,32.0,mL.min-1.kg-1,species_only_human
5083524,CHEMBL1614671,CHEMBL888,CL,mL.min-1.kg-1,=,32.0,CHEMBL612558,,Clearance in human after iv administration,A,Nc1ccn([C@@H]2O[C@H](CO)[C@@H](O)C2(F)F)c(=O)n1,32.0,mL.min-1.kg-1,species_only_human
5083538,CHEMBL1614671,CHEMBL315795,CL,mL.min-1.kg-1,=,33.0,CHEMBL612558,,Clearance in human after iv administration,A,Cc1ncsc1CCCl,33.0,mL.min-1.kg-1,species_only_human
5083561,CHEMBL1614671,CHEMBL1489,CL,mL.min-1.kg-1,=,35.0,CHEMBL612558,,Clearance in human after iv administration,A,Nc1ncn([C@@H]2O[C@H](CO)[C@@H](O)[C@H]2O)c(=O)n1,35.0,mL.min-1.kg-1,species_only_human
5083567,CHEMBL1614671,CHEMBL1200500,CL,mL.min-1.kg-1,=,36.0,CHEMBL612558,,Clearance in human after iv administration,A,CCC(=O)OCC(=O)[C@@]1(OC(=O)CC)[C@@H](C)C[C@H]2[C@@H]3CCC4=CC(=O)C=C[C@]4(C)[C@@]3(Cl)[C@@H](O)C[C@@]21C,36.0,mL.min-1.kg-1,species_only_human
5083572,CHEMBL1614671,CHEMBL526,CL,mL.min-1.kg-1,=,36.0,CHEMBL612558,,Clearance in human after iv administration,A,CC(C)c1cccc(C(C)C)c1O,36.0,mL.min-1.kg-1,species_only_human
5102798,CHEMBL1640076,CHEMBL1521,CL,mL.min-1.kg-1,=,90.0,CHEMBL372,Homo sapiens,In-vivo intrinsic clearance in human,A,CCN(C(C)=O)c1cccc(-c2ccnc3c(C#N)cnn23)c1,90.0,mL.min-1.kg-1,species_only_human
5162115,CHEMBL1662725,CHEMBL4744444,CL,mL.min-1.kg-1,=,0.2515,CHEMBL372,Homo sapiens,"Clearance in young healthy human at 4 mg/kg, iv administered as single dose 30 mins infusion",A,CCCCCCCCCC(=O)N[C@@H](Cc1c[nH]c2ccccc12)C(=O)N[C@H](CC(N)=O)C(=O)N[C@@H](CC(=O)O)C(=O)N[C@@H]1C(=O)NCC(=O)N[C@@H](CCCN)C(=O)N[C@@H](CC(=O)O)C(=O)N[C@H](C)C(=O)N[C@@H](CC(=O)O)C(=O)NCC(=O)N[C@H](CO)C(=O)N[C@@H]([C@H](C)CC(=O)O)C(=O)N[C@@H](CC(=O)c2ccccc2N)C(=O)O[C@@H]1C,0.2515,mL.min-1.kg-1,species_only_human
5162116,CHEMBL1662724,CHEMBL4744444,CL,mL.min-1.kg-1,=,0.1643,CHEMBL372,Homo sapiens,"Clearance in old healthy human at 4 mg/kg, iv administered as single dose 30 mins infusion",A,CCCCCCCCCC(=O)N[C@@H](Cc1c[nH]c2ccccc12)C(=O)N[C@H](CC(N)=O)C(=O)N[C@@H](CC(=O)O)C(=O)N[C@@H]1C(=O)NCC(=O)N[C@@H](CCCN)C(=O)N[C@@H](CC(=O)O)C(=O)N[C@H](C)C(=O)N[C@@H](CC(=O)O)C(=O)NCC(=O)N[C@H](CO)C(=O)N[C@@H]([C@H](C)CC(=O)O)C(=O)N[C@@H](CC(=O)c2ccccc2N)C(=O)O[C@@H]1C,0.1643,mL.min-1.kg-1,species_only_human
5162117,CHEMBL1662723,CHEMBL4744444,CL,mL.min-1.kg-1,=,0.2707,CHEMBL372,Homo sapiens,"Clearance in moderately obese adult human at 4 mg/kg, iv administered as single dose 30 mins infusion",A,CCCCCCCCCC(=O)N[C@@H](Cc1c[nH]c2ccccc12)C(=O)N[C@H](CC(N)=O)C(=O)N[C@@H](CC(=O)O)C(=O)N[C@@H]1C(=O)NCC(=O)N[C@@H](CCCN)C(=O)N[C@@H](CC(=O)O)C(=O)N[C@H](C)C(=O)N[C@@H](CC(=O)O)C(=O)NCC(=O)N[C@H](CO)C(=O)N[C@@H]([C@H](C)CC(=O)O)C(=O)N[C@@H](CC(=O)c2ccccc2N)C(=O)O[C@@H]1C,0.2707,mL.min-1.kg-1,species_only_human
5162118,CHEMBL1662722,CHEMBL4744444,CL,mL.min-1.kg-1,=,0.2453,CHEMBL372,Homo sapiens,"Clearance in nonobese adult human at 4 mg/kg, iv administered as single dose 30 mins infusion",A,CCCCCCCCCC(=O)N[C@@H](Cc1c[nH]c2ccccc12)C(=O)N[C@H](CC(N)=O)C(=O)N[C@@H](CC(=O)O)C(=O)N[C@@H]1C(=O)NCC(=O)N[C@@H](CCCN)C(=O)N[C@@H](CC(=O)O)C(=O)N[C@H](C)C(=O)N[C@@H](CC(=O)O)C(=O)NCC(=O)N[C@H](CO)C(=O)N[C@@H]([C@H](C)CC(=O)O)C(=O)N[C@@H](CC(=O)c2ccccc2N)C(=O)O[C@@H]1C,0.2453,mL.min-1.kg-1,species_only_human
5162119,CHEMBL1662721,CHEMBL4744444,CL,mL.min-1.kg-1,=,0.1303,CHEMBL372,Homo sapiens,"Clearance in morbidly obese adult human at 4 mg/kg, iv administered as single dose 30 mins infusion",A,CCCCCCCCCC(=O)N[C@@H](Cc1c[nH]c2ccccc12)C(=O)N[C@H](CC(N)=O)C(=O)N[C@@H](CC(=O)O)C(=O)N[C@@H]1C(=O)NCC(=O)N[C@@H](CCCN)C(=O)N[C@@H](CC(=O)O)C(=O)N[C@H](C)C(=O)N[C@@H](CC(=O)O)C(=O)NCC(=O)N[C@H](CO)C(=O)N[C@@H]([C@H](C)CC(=O)O)C(=O)N[C@@H](CC(=O)c2ccccc2N)C(=O)O[C@@H]1C,0.1303,mL.min-1.kg-1,species_only_human
5162120,CHEMBL1662720,CHEMBL4744444,CL,mL.min-1.kg-1,=,0.1698,CHEMBL372,Homo sapiens,"Clearance in nonobese human at 4 mg/kg, iv administered as single dose 30 mins infusion",A,CCCCCCCCCC(=O)N[C@@H](Cc1c[nH]c2ccccc12)C(=O)N[C@H](CC(N)=O)C(=O)N[C@@H](CC(=O)O)C(=O)N[C@@H]1C(=O)NCC(=O)N[C@@H](CCCN)C(=O)N[C@@H](CC(=O)O)C(=O)N[C@H](C)C(=O)N[C@@H](CC(=O)O)C(=O)NCC(=O)N[C@H](CO)C(=O)N[C@@H]([C@H](C)CC(=O)O)C(=O)N[C@@H](CC(=O)c2ccccc2N)C(=O)O[C@@H]1C,0.1698,mL.min-1.kg-1,species_only_human
5162121,CHEMBL1662719,CHEMBL4744444,CL,mL.min-1.kg-1,=,0.0001183,CHEMBL372,Homo sapiens,"Clearance in morbidly obese human at 4 mg/kg, iv administered as single dose 30 mins infusion",A,CCCCCCCCCC(=O)N[C@@H](Cc1c[nH]c2ccccc12)C(=O)N[C@H](CC(N)=O)C(=O)N[C@@H](CC(=O)O)C(=O)N[C@@H]1C(=O)NCC(=O)N[C@@H](CCCN)C(=O)N[C@@H](CC(=O)O)C(=O)N[C@H](C)C(=O)N[C@@H](CC(=O)O)C(=O)NCC(=O)N[C@H](CO)C(=O)N[C@@H]([C@H](C)CC(=O)O)C(=O)N[C@@H](CC(=O)c2ccccc2N)C(=O)O[C@@H]1C,0.0001183,mL.min-1.kg-1,species_only_human
5162122,CHEMBL1662718,CHEMBL4744444,CL,mL.min-1.kg-1,=,0.0002,CHEMBL372,Homo sapiens,"Clearance in nonobese human subjects at 4 mg/kg, iv administered as single dose 30 mins infusion",A,CCCCCCCCCC(=O)N[C@@H](Cc1c[nH]c2ccccc12)C(=O)N[C@H](CC(N)=O)C(=O)N[C@@H](CC(=O)O)C(=O)N[C@@H]1C(=O)NCC(=O)N[C@@H](CCCN)C(=O)N[C@@H](CC(=O)O)C(=O)N[C@H](C)C(=O)N[C@@H](CC(=O)O)C(=O)NCC(=O)N[C@H](CO)C(=O)N[C@@H]([C@H](C)CC(=O)O)C(=O)N[C@@H](CC(=O)c2ccccc2N)C(=O)O[C@@H]1C,0.0002,mL.min-1.kg-1,species_only_human
5162123,CHEMBL1662717,CHEMBL4744444,CL,mL.min-1.kg-1,=,0.1183,CHEMBL372,Homo sapiens,"Clearance in adult human with hepatic impairment at 6 mg/kg, iv administered as single dose 30 mins infusion",A,CCCCCCCCCC(=O)N[C@@H](Cc1c[nH]c2ccccc12)C(=O)N[C@H](CC(N)=O)C(=O)N[C@@H](CC(=O)O)C(=O)N[C@@H]1C(=O)NCC(=O)N[C@@H](CCCN)C(=O)N[C@@H](CC(=O)O)C(=O)N[C@H](C)C(=O)N[C@@H](CC(=O)O)C(=O)NCC(=O)N[C@H](CO)C(=O)N[C@@H]([C@H](C)CC(=O)O)C(=O)N[C@@H](CC(=O)c2ccccc2N)C(=O)O[C@@H]1C,0.1183,mL.min-1.kg-1,species_only_human
5162124,CHEMBL1662716,CHEMBL4744444,CL,mL.min-1.kg-1,=,0.1092,CHEMBL372,Homo sapiens,"Clearance in adult human subjects at 6 mg/kg, iv administered as single dose 30 mins infusion",A,CCCCCCCCCC(=O)N[C@@H](Cc1c[nH]c2ccccc12)C(=O)N[C@H](CC(N)=O)C(=O)N[C@@H](CC(=O)O)C(=O)N[C@@H]1C(=O)NCC(=O)N[C@@H](CCCN)C(=O)N[C@@H](CC(=O)O)C(=O)N[C@H](C)C(=O)N[C@@H](CC(=O)O)C(=O)NCC(=O)N[C@H](CO)C(=O)N[C@@H]([C@H](C)CC(=O)O)C(=O)N[C@@H](CC(=O)c2ccccc2N)C(=O)O[C@@H]1C,0.1092,mL.min-1.kg-1,species_only_human
5162125,CHEMBL1662715,CHEMBL4744444,CL,mL.min-1.kg-1,=,0.171,CHEMBL372,Homo sapiens,"Clearance in healthy adult human at 6 mg/kg, iv administered as single dose 30 mins infusion",A,CCCCCCCCCC(=O)N[C@@H](Cc1c[nH]c2ccccc12)C(=O)N[C@H](CC(N)=O)C(=O)N[C@@H](CC(=O)O)C(=O)N[C@@H]1C(=O)NCC(=O)N[C@@H](CCCN)C(=O)N[C@@H](CC(=O)O)C(=O)N[C@H](C)C(=O)N[C@@H](CC(=O)O)C(=O)NCC(=O)N[C@H](CO)C(=O)N[C@@H]([C@H](C)CC(=O)O)C(=O)N[C@@H](CC(=O)c2ccccc2N)C(=O)O[C@@H]1C,0.171,mL.min-1.kg-1,species_only_human
5162219,CHEMBL1662895,CHEMBL4744444,CL,mL.min-1.kg-1,=,0.16,CHEMBL372,Homo sapiens,"Clearance in healthy human at 4 mg/kg, iv administered as 30 mins infusion every 24 hrs measured on day 1",A,CCCCCCCCCC(=O)N[C@@H](Cc1c[nH]c2ccccc12)C(=O)N[C@H](CC(N)=O)C(=O)N[C@@H](CC(=O)O)C(=O)N[C@@H]1C(=O)NCC(=O)N[C@@H](CCCN)C(=O)N[C@@H](CC(=O)O)C(=O)N[C@H](C)C(=O)N[C@@H](CC(=O)O)C(=O)NCC(=O)N[C@H](CO)C(=O)N[C@@H]([C@H](C)CC(=O)O)C(=O)N[C@@H](CC(=O)c2ccccc2N)C(=O)O[C@@H]1C,0.16,mL.min-1.kg-1,species_only_human
5162220,CHEMBL1662894,CHEMBL4744444,CL,mL.min-1.kg-1,=,0.1433,CHEMBL372,Homo sapiens,"Clearance in healthy human at 6 mg/kg, iv administered as 30 mins infusion every 24 hrs measured on day 1",A,CCCCCCCCCC(=O)N[C@@H](Cc1c[nH]c2ccccc12)C(=O)N[C@H](CC(N)=O)C(=O)N[C@@H](CC(=O)O)C(=O)N[C@@H]1C(=O)NCC(=O)N[C@@H](CCCN)C(=O)N[C@@H](CC(=O)O)C(=O)N[C@H](C)C(=O)N[C@@H](CC(=O)O)C(=O)NCC(=O)N[C@H](CO)C(=O)N[C@@H]([C@H](C)CC(=O)O)C(=O)N[C@@H](CC(=O)c2ccccc2N)C(=O)O[C@@H]1C,0.1433,mL.min-1.kg-1,species_only_human
5162221,CHEMBL1662893,CHEMBL4744444,CL,mL.min-1.kg-1,=,0.12,CHEMBL372,Homo sapiens,"Clearance in healthy human at 8 mg/kg, iv administered as 30 mins infusion every 24 hrs measured on day 1",A,CCCCCCCCCC(=O)N[C@@H](Cc1c[nH]c2ccccc12)C(=O)N[C@H](CC(N)=O)C(=O)N[C@@H](CC(=O)O)C(=O)N[C@@H]1C(=O)NCC(=O)N[C@@H](CCCN)C(=O)N[C@@H](CC(=O)O)C(=O)N[C@H](C)C(=O)N[C@@H](CC(=O)O)C(=O)NCC(=O)N[C@H](CO)C(=O)N[C@@H]([C@H](C)CC(=O)O)C(=O)N[C@@H](CC(=O)c2ccccc2N)C(=O)O[C@@H]1C,0.12,mL.min-1.kg-1,species_only_human
5162222,CHEMBL1662892,CHEMBL4744444,CL,mL.min-1.kg-1,=,0.1383,CHEMBL372,Homo sapiens,"Clearance in healthy human at 4 mg/kg, iv administered as 30 mins infusion every 24 hrs measured on day 7",A,CCCCCCCCCC(=O)N[C@@H](Cc1c[nH]c2ccccc12)C(=O)N[C@H](CC(N)=O)C(=O)N[C@@H](CC(=O)O)C(=O)N[C@@H]1C(=O)NCC(=O)N[C@@H](CCCN)C(=O)N[C@@H](CC(=O)O)C(=O)N[C@H](C)C(=O)N[C@@H](CC(=O)O)C(=O)NCC(=O)N[C@H](CO)C(=O)N[C@@H]([C@H](C)CC(=O)O)C(=O)N[C@@H](CC(=O)c2ccccc2N)C(=O)O[C@@H]1C,0.1383,mL.min-1.kg-1,species_only_human
5162223,CHEMBL1662891,CHEMBL4744444,CL,mL.min-1.kg-1,=,0.135,CHEMBL372,Homo sapiens,"Clearance in healthy human at 6 mg/kg, iv administered as 30 mins infusion every 24 hrs measured on day 7",A,CCCCCCCCCC(=O)N[C@@H](Cc1c[nH]c2ccccc12)C(=O)N[C@H](CC(N)=O)C(=O)N[C@@H](CC(=O)O)C(=O)N[C@@H]1C(=O)NCC(=O)N[C@@H](CCCN)C(=O)N[C@@H](CC(=O)O)C(=O)N[C@H](C)C(=O)N[C@@H](CC(=O)O)C(=O)NCC(=O)N[C@H](CO)C(=O)N[C@@H]([C@H](C)CC(=O)O)C(=O)N[C@@H](CC(=O)c2ccccc2N)C(=O)O[C@@H]1C,0.135,mL.min-1.kg-1,species_only_human
5162224,CHEMBL1662890,CHEMBL4744444,CL,mL.min-1.kg-1,=,0.1183,CHEMBL372,Homo sapiens,"Clearance in healthy human at 8 mg/kg, iv administered as 30 mins infusion every 24 hrs measured on day 7",A,CCCCCCCCCC(=O)N[C@@H](Cc1c[nH]c2ccccc12)C(=O)N[C@H](CC(N)=O)C(=O)N[C@@H](CC(=O)O)C(=O)N[C@@H]1C(=O)NCC(=O)N[C@@H](CCCN)C(=O)N[C@@H](CC(=O)O)C(=O)N[C@H](C)C(=O)N[C@@H](CC(=O)O)C(=O)NCC(=O)N[C@H](CO)C(=O)N[C@@H]([C@H](C)CC(=O)O)C(=O)N[C@@H](CC(=O)c2ccccc2N)C(=O)O[C@@H]1C,0.1183,mL.min-1.kg-1,species_only_human
5162225,CHEMBL1662889,CHEMBL4744444,CL,mL.min-1.kg-1,=,0.1233,CHEMBL372,Homo sapiens,"Clearance in healthy human at 8 mg/kg, iv administered as 30 mins infusion every 24 hrs measured on day 14",A,CCCCCCCCCC(=O)N[C@@H](Cc1c[nH]c2ccccc12)C(=O)N[C@H](CC(N)=O)C(=O)N[C@@H](CC(=O)O)C(=O)N[C@@H]1C(=O)NCC(=O)N[C@@H](CCCN)C(=O)N[C@@H](CC(=O)O)C(=O)N[C@H](C)C(=O)N[C@@H](CC(=O)O)C(=O)NCC(=O)N[C@H](CO)C(=O)N[C@@H]([C@H](C)CC(=O)O)C(=O)N[C@@H](CC(=O)c2ccccc2N)C(=O)O[C@@H]1C,0.1233,mL.min-1.kg-1,species_only_human
5162226,CHEMBL1662888,CHEMBL4744444,CL,mL.min-1.kg-1,=,0.165,CHEMBL372,Homo sapiens,"Clearance in healthy human subjects at 6 mg/kg, iv administered as 30 mins infusion every 24 hrs measured on day 1",A,CCCCCCCCCC(=O)N[C@@H](Cc1c[nH]c2ccccc12)C(=O)N[C@H](CC(N)=O)C(=O)N[C@@H](CC(=O)O)C(=O)N[C@@H]1C(=O)NCC(=O)N[C@@H](CCCN)C(=O)N[C@@H](CC(=O)O)C(=O)N[C@H](C)C(=O)N[C@@H](CC(=O)O)C(=O)NCC(=O)N[C@H](CO)C(=O)N[C@@H]([C@H](C)CC(=O)O)C(=O)N[C@@H](CC(=O)c2ccccc2N)C(=O)O[C@@H]1C,0.165,mL.min-1.kg-1,species_only_human
5162227,CHEMBL1662887,CHEMBL4744444,CL,mL.min-1.kg-1,=,0.1683,CHEMBL372,Homo sapiens,"Clearance in healthy human subjects at 8 mg/kg, iv administered as 30 mins infusion every 24 hrs measured on day 1",A,CCCCCCCCCC(=O)N[C@@H](Cc1c[nH]c2ccccc12)C(=O)N[C@H](CC(N)=O)C(=O)N[C@@H](CC(=O)O)C(=O)N[C@@H]1C(=O)NCC(=O)N[C@@H](CCCN)C(=O)N[C@@H](CC(=O)O)C(=O)N[C@H](C)C(=O)N[C@@H](CC(=O)O)C(=O)NCC(=O)N[C@H](CO)C(=O)N[C@@H]([C@H](C)CC(=O)O)C(=O)N[C@@H](CC(=O)c2ccccc2N)C(=O)O[C@@H]1C,0.1683,mL.min-1.kg-1,species_only_human
5162228,CHEMBL1662886,CHEMBL4744444,CL,mL.min-1.kg-1,=,0.165,CHEMBL372,Homo sapiens,"Clearance in healthy human subjects at 10 mg/kg, iv administered as 30 mins infusion every 24 hrs measured on day 1",A,CCCCCCCCCC(=O)N[C@@H](Cc1c[nH]c2ccccc12)C(=O)N[C@H](CC(N)=O)C(=O)N[C@@H](CC(=O)O)C(=O)N[C@@H]1C(=O)NCC(=O)N[C@@H](CCCN)C(=O)N[C@@H](CC(=O)O)C(=O)N[C@H](C)C(=O)N[C@@H](CC(=O)O)C(=O)NCC(=O)N[C@H](CO)C(=O)N[C@@H]([C@H](C)CC(=O)O)C(=O)N[C@@H](CC(=O)c2ccccc2N)C(=O)O[C@@H]1C,0.165,mL.min-1.kg-1,species_only_human
5162229,CHEMBL1662885,CHEMBL4744444,CL,mL.min-1.kg-1,=,0.1667,CHEMBL372,Homo sapiens,"Clearance in healthy human subjects at 12 mg/kg, iv administered as 30 mins infusion every 24 hrs measured on day 1",A,CCCCCCCCCC(=O)N[C@@H](Cc1c[nH]c2ccccc12)C(=O)N[C@H](CC(N)=O)C(=O)N[C@@H](CC(=O)O)C(=O)N[C@@H]1C(=O)NCC(=O)N[C@@H](CCCN)C(=O)N[C@@H](CC(=O)O)C(=O)N[C@H](C)C(=O)N[C@@H](CC(=O)O)C(=O)NCC(=O)N[C@H](CO)C(=O)N[C@@H]([C@H](C)CC(=O)O)C(=O)N[C@@H](CC(=O)c2ccccc2N)C(=O)O[C@@H]1C,0.1667,mL.min-1.kg-1,species_only_human
5162230,CHEMBL1662884,CHEMBL4744444,CL,mL.min-1.kg-1,=,0.1517,CHEMBL372,Homo sapiens,"Clearance in healthy human subjects at 6 mg/kg, iv administered as 30 mins infusion every 24 hrs measured on day 4",A,CCCCCCCCCC(=O)N[C@@H](Cc1c[nH]c2ccccc12)C(=O)N[C@H](CC(N)=O)C(=O)N[C@@H](CC(=O)O)C(=O)N[C@@H]1C(=O)NCC(=O)N[C@@H](CCCN)C(=O)N[C@@H](CC(=O)O)C(=O)N[C@H](C)C(=O)N[C@@H](CC(=O)O)C(=O)NCC(=O)N[C@H](CO)C(=O)N[C@@H]([C@H](C)CC(=O)O)C(=O)N[C@@H](CC(=O)c2ccccc2N)C(=O)O[C@@H]1C,0.1517,mL.min-1.kg-1,species_only_human
5162231,CHEMBL1662883,CHEMBL4744444,CL,mL.min-1.kg-1,=,0.15,CHEMBL372,Homo sapiens,"Clearance in healthy human subjects at 8 mg/kg, iv administered as 30 mins infusion every 24 hrs measured on day 4",A,CCCCCCCCCC(=O)N[C@@H](Cc1c[nH]c2ccccc12)C(=O)N[C@H](CC(N)=O)C(=O)N[C@@H](CC(=O)O)C(=O)N[C@@H]1C(=O)NCC(=O)N[C@@H](CCCN)C(=O)N[C@@H](CC(=O)O)C(=O)N[C@H](C)C(=O)N[C@@H](CC(=O)O)C(=O)NCC(=O)N[C@H](CO)C(=O)N[C@@H]([C@H](C)CC(=O)O)C(=O)N[C@@H](CC(=O)c2ccccc2N)C(=O)O[C@@H]1C,0.15,mL.min-1.kg-1,species_only_human
5162232,CHEMBL1662882,CHEMBL4744444,CL,mL.min-1.kg-1,=,0.1467,CHEMBL372,Homo sapiens,"Clearance in healthy human subjects at 10 mg/kg, iv administered as 30 mins infusion every 24 hrs measured on day 4",A,CCCCCCCCCC(=O)N[C@@H](Cc1c[nH]c2ccccc12)C(=O)N[C@H](CC(N)=O)C(=O)N[C@@H](CC(=O)O)C(=O)N[C@@H]1C(=O)NCC(=O)N[C@@H](CCCN)C(=O)N[C@@H](CC(=O)O)C(=O)N[C@H](C)C(=O)N[C@@H](CC(=O)O)C(=O)NCC(=O)N[C@H](CO)C(=O)N[C@@H]([C@H](C)CC(=O)O)C(=O)N[C@@H](CC(=O)c2ccccc2N)C(=O)O[C@@H]1C,0.1467,mL.min-1.kg-1,species_only_human
5162233,CHEMBL1662881,CHEMBL4744444,CL,mL.min-1.kg-1,=,0.15,CHEMBL372,Homo sapiens,"Clearance in healthy human subjects at 12 mg/kg, iv administered as 30 mins infusion every 24 hrs measured on day 4",A,CCCCCCCCCC(=O)N[C@@H](Cc1c[nH]c2ccccc12)C(=O)N[C@H](CC(N)=O)C(=O)N[C@@H](CC(=O)O)C(=O)N[C@@H]1C(=O)NCC(=O)N[C@@H](CCCN)C(=O)N[C@@H](CC(=O)O)C(=O)N[C@H](C)C(=O)N[C@@H](CC(=O)O)C(=O)NCC(=O)N[C@H](CO)C(=O)N[C@@H]([C@H](C)CC(=O)O)C(=O)N[C@@H](CC(=O)c2ccccc2N)C(=O)O[C@@H]1C,0.15,mL.min-1.kg-1,species_only_human
5162234,CHEMBL1662880,CHEMBL4744444,CL,mL.min-1.kg-1,=,0.125,CHEMBL372,Homo sapiens,"Clearance in healthy human subjects at 10 mg/kg, iv administered as 30 mins infusion every 24 hrs measured on day 14",A,CCCCCCCCCC(=O)N[C@@H](Cc1c[nH]c2ccccc12)C(=O)N[C@H](CC(N)=O)C(=O)N[C@@H](CC(=O)O)C(=O)N[C@@H]1C(=O)NCC(=O)N[C@@H](CCCN)C(=O)N[C@@H](CC(=O)O)C(=O)N[C@H](C)C(=O)N[C@@H](CC(=O)O)C(=O)NCC(=O)N[C@H](CO)C(=O)N[C@@H]([C@H](C)CC(=O)O)C(=O)N[C@@H](CC(=O)c2ccccc2N)C(=O)O[C@@H]1C,0.125,mL.min-1.kg-1,species_only_human
5162235,CHEMBL1662879,CHEMBL4744444,CL,mL.min-1.kg-1,=,0.15,CHEMBL372,Homo sapiens,"Clearance in healthy human subjects at 12 mg/kg, iv administered as 30 mins infusion every 24 hrs measured on day 14",A,CCCCCCCCCC(=O)N[C@@H](Cc1c[nH]c2ccccc12)C(=O)N[C@H](CC(N)=O)C(=O)N[C@@H](CC(=O)O)C(=O)N[C@@H]1C(=O)NCC(=O)N[C@@H](CCCN)C(=O)N[C@@H](CC(=O)O)C(=O)N[C@H](C)C(=O)N[C@@H](CC(=O)O)C(=O)NCC(=O)N[C@H](CO)C(=O)N[C@@H]([C@H](C)CC(=O)O)C(=O)N[C@@H](CC(=O)c2ccccc2N)C(=O)O[C@@H]1C,0.15,mL.min-1.kg-1,species_only_human
5162236,CHEMBL1662878,CHEMBL4744444,CL,mL.min-1.kg-1,=,0.1578,CHEMBL372,Homo sapiens,"Clearance in healthy human subjects at 6 mg/kg, iv administered as 30 mins infusion every 24 hrs measured on days 1-3",A,CCCCCCCCCC(=O)N[C@@H](Cc1c[nH]c2ccccc12)C(=O)N[C@H](CC(N)=O)C(=O)N[C@@H](CC(=O)O)C(=O)N[C@@H]1C(=O)NCC(=O)N[C@@H](CCCN)C(=O)N[C@@H](CC(=O)O)C(=O)N[C@H](C)C(=O)N[C@@H](CC(=O)O)C(=O)NCC(=O)N[C@H](CO)C(=O)N[C@@H]([C@H](C)CC(=O)O)C(=O)N[C@@H](CC(=O)c2ccccc2N)C(=O)O[C@@H]1C,0.1578,mL.min-1.kg-1,species_only_human
5162237,CHEMBL1662877,CHEMBL4744444,CL,mL.min-1.kg-1,=,1.41,CHEMBL372,Homo sapiens,"Unbound clearance in healthy human at 4 mg/kg, iv administered as 30 mins infusion every 24 hrs measured on day 1",A,CCCCCCCCCC(=O)N[C@@H](Cc1c[nH]c2ccccc12)C(=O)N[C@H](CC(N)=O)C(=O)N[C@@H](CC(=O)O)C(=O)N[C@@H]1C(=O)NCC(=O)N[C@@H](CCCN)C(=O)N[C@@H](CC(=O)O)C(=O)N[C@H](C)C(=O)N[C@@H](CC(=O)O)C(=O)NCC(=O)N[C@H](CO)C(=O)N[C@@H]([C@H](C)CC(=O)O)C(=O)N[C@@H](CC(=O)c2ccccc2N)C(=O)O[C@@H]1C,1.41,mL.min-1.kg-1,species_only_human
5162238,CHEMBL1662876,CHEMBL4744444,CL,mL.min-1.kg-1,=,0.9917,CHEMBL372,Homo sapiens,"Unbound clearance in healthy human at 6 mg/kg, iv administered as 30 mins infusion every 24 hrs measured on day 1",A,CCCCCCCCCC(=O)N[C@@H](Cc1c[nH]c2ccccc12)C(=O)N[C@H](CC(N)=O)C(=O)N[C@@H](CC(=O)O)C(=O)N[C@@H]1C(=O)NCC(=O)N[C@@H](CCCN)C(=O)N[C@@H](CC(=O)O)C(=O)N[C@H](C)C(=O)N[C@@H](CC(=O)O)C(=O)NCC(=O)N[C@H](CO)C(=O)N[C@@H]([C@H](C)CC(=O)O)C(=O)N[C@@H](CC(=O)c2ccccc2N)C(=O)O[C@@H]1C,0.9917,mL.min-1.kg-1,species_only_human
5162239,CHEMBL1662875,CHEMBL4744444,CL,mL.min-1.kg-1,=,0.8333,CHEMBL372,Homo sapiens,"Unbound clearance in healthy human at 8 mg/kg, iv administered as 30 mins infusion every 24 hrs measured on day 1",A,CCCCCCCCCC(=O)N[C@@H](Cc1c[nH]c2ccccc12)C(=O)N[C@H](CC(N)=O)C(=O)N[C@@H](CC(=O)O)C(=O)N[C@@H]1C(=O)NCC(=O)N[C@@H](CCCN)C(=O)N[C@@H](CC(=O)O)C(=O)N[C@H](C)C(=O)N[C@@H](CC(=O)O)C(=O)NCC(=O)N[C@H](CO)C(=O)N[C@@H]([C@H](C)CC(=O)O)C(=O)N[C@@H](CC(=O)c2ccccc2N)C(=O)O[C@@H]1C,0.8333,mL.min-1.kg-1,species_only_human
5162240,CHEMBL1662874,CHEMBL4744444,CL,mL.min-1.kg-1,=,1.048,CHEMBL372,Homo sapiens,"Unbound clearance in healthy human at 4 mg/kg, iv administered as 30 mins infusion every 24 hrs measured on day 7",A,CCCCCCCCCC(=O)N[C@@H](Cc1c[nH]c2ccccc12)C(=O)N[C@H](CC(N)=O)C(=O)N[C@@H](CC(=O)O)C(=O)N[C@@H]1C(=O)NCC(=O)N[C@@H](CCCN)C(=O)N[C@@H](CC(=O)O)C(=O)N[C@H](C)C(=O)N[C@@H](CC(=O)O)C(=O)NCC(=O)N[C@H](CO)C(=O)N[C@@H]([C@H](C)CC(=O)O)C(=O)N[C@@H](CC(=O)c2ccccc2N)C(=O)O[C@@H]1C,1.048,mL.min-1.kg-1,species_only_human
5162241,CHEMBL1662873,CHEMBL4744444,CL,mL.min-1.kg-1,=,0.9967,CHEMBL372,Homo sapiens,"Unbound clearance in healthy human at 6 mg/kg, iv administered as 30 mins infusion every 24 hrs measured on day 7",A,CCCCCCCCCC(=O)N[C@@H](Cc1c[nH]c2ccccc12)C(=O)N[C@H](CC(N)=O)C(=O)N[C@@H](CC(=O)O)C(=O)N[C@@H]1C(=O)NCC(=O)N[C@@H](CCCN)C(=O)N[C@@H](CC(=O)O)C(=O)N[C@H](C)C(=O)N[C@@H](CC(=O)O)C(=O)NCC(=O)N[C@H](CO)C(=O)N[C@@H]([C@H](C)CC(=O)O)C(=O)N[C@@H](CC(=O)c2ccccc2N)C(=O)O[C@@H]1C,0.9967,mL.min-1.kg-1,species_only_human
5162242,CHEMBL1662872,CHEMBL4744444,CL,mL.min-1.kg-1,=,0.6817,CHEMBL372,Homo sapiens,"Unbound clearance in healthy human at 8 mg/kg, iv administered as 30 mins infusion every 24 hrs measured on day 7",A,CCCCCCCCCC(=O)N[C@@H](Cc1c[nH]c2ccccc12)C(=O)N[C@H](CC(N)=O)C(=O)N[C@@H](CC(=O)O)C(=O)N[C@@H]1C(=O)NCC(=O)N[C@@H](CCCN)C(=O)N[C@@H](CC(=O)O)C(=O)N[C@H](C)C(=O)N[C@@H](CC(=O)O)C(=O)NCC(=O)N[C@H](CO)C(=O)N[C@@H]([C@H](C)CC(=O)O)C(=O)N[C@@H](CC(=O)c2ccccc2N)C(=O)O[C@@H]1C,0.6817,mL.min-1.kg-1,species_only_human
5162243,CHEMBL1662871,CHEMBL4744444,CL,mL.min-1.kg-1,=,0.745,CHEMBL372,Homo sapiens,"Unbound clearance in healthy human at 8 mg/kg, iv administered as 30 mins infusion every 24 hrs measured on day 14",A,CCCCCCCCCC(=O)N[C@@H](Cc1c[nH]c2ccccc12)C(=O)N[C@H](CC(N)=O)C(=O)N[C@@H](CC(=O)O)C(=O)N[C@@H]1C(=O)NCC(=O)N[C@@H](CCCN)C(=O)N[C@@H](CC(=O)O)C(=O)N[C@H](C)C(=O)N[C@@H](CC(=O)O)C(=O)NCC(=O)N[C@H](CO)C(=O)N[C@@H]([C@H](C)CC(=O)O)C(=O)N[C@@H](CC(=O)c2ccccc2N)C(=O)O[C@@H]1C,0.745,mL.min-1.kg-1,species_only_human
6161300,CHEMBL1764537,CHEMBL81,CL,mL.min-1.g-1,=,21.0,CHEMBL372,Homo sapiens,Clearance in human,A,O=C(c1ccc(OCCN2CCCCC2)cc1)c1c(-c2ccc(O)cc2)sc2cc(O)ccc12,0.021,mL.min-1.kg-1,species_only_human
6314925,CHEMBL1815825,CHEMBL564144,CL,mL.min-1.kg-1,=,3.8,CHEMBL372,Homo sapiens,Systemic clearance in human at 30 mg/kg,A,C[C@@H](c1ccccn1)c1c(CCN(C)C)sc2ccccc12,3.8,mL.min-1.kg-1,species_only_human
6314994,CHEMBL1815830,CHEMBL556506,CL,mL.min-1.kg-1,=,2.5,CHEMBL372,Homo sapiens,Systemic clearance in human at 60 mg/kg,A,C[C@H](C1=C(CCN(C)C)Cc2ccccc21)c1cnccn1,2.5,mL.min-1.kg-1,species_only_human
6314995,CHEMBL1815831,CHEMBL1092662,CL,mL.min-1.kg-1,=,2.0,CHEMBL372,Homo sapiens,Systemic clearance in human at 3 mg/kg,A,CN(C)CCC1=C(Cc2cccnn2)c2ccc(F)cc2C1,2.0,mL.min-1.kg-1,species_only_human
6314999,CHEMBL1815842,CHEMBL564144,CL,mL.min-1.kg-1,=,5.2,CHEMBL372,Homo sapiens,"Systemic clearance in human at 0.1 mg/kg, po and iv administered as single dose",A,C[C@@H](c1ccccn1)c1c(CCN(C)C)sc2ccccc12,5.2,mL.min-1.kg-1,species_only_human
6315000,CHEMBL1815842,CHEMBL556506,CL,mL.min-1.kg-1,=,3.3,CHEMBL372,Homo sapiens,"Systemic clearance in human at 0.1 mg/kg, po and iv administered as single dose",A,C[C@H](C1=C(CCN(C)C)Cc2ccccc21)c1cnccn1,3.3,mL.min-1.kg-1,species_only_human
6315001,CHEMBL1815842,CHEMBL1092662,CL,mL.min-1.kg-1,=,2.3,CHEMBL372,Homo sapiens,"Systemic clearance in human at 0.1 mg/kg, po and iv administered as single dose",A,CN(C)CCC1=C(Cc2cccnn2)c2ccc(F)cc2C1,2.3,mL.min-1.kg-1,species_only_human
6333940,CHEMBL1820416,CHEMBL1819261,CL,mL.min-1.kg-1,=,176.0,CHEMBL375,Mus musculus,"Clearance in nude mouse xenografted with human HCT116 cells at 5 mg/kg, iv",A,CC(C)N(CCc1c(C(C)(C)O)[nH]c2ccccc12)Cc1ccc(/C=C/C(=O)NO)cc1,176.0,mL.min-1.kg-1,species_only_human
6333951,CHEMBL1820416,CHEMBL1819267,CL,mL.min-1.kg-1,=,95.0,CHEMBL375,Mus musculus,"Clearance in nude mouse xenografted with human HCT116 cells at 5 mg/kg, iv",A,CC(C)(C)c1[nH]c2ncccc2c1CCNCc1ccc(/C=C/C(=O)NO)cc1,95.0,mL.min-1.kg-1,species_only_human
6333960,CHEMBL1820416,CHEMBL1819270,CL,mL.min-1.kg-1,=,46.4,CHEMBL375,Mus musculus,"Clearance in nude mouse xenografted with human HCT116 cells at 5 mg/kg, iv",A,Cc1nn2ccccc2c1CCNCc1ccc(/C=C/C(=O)NO)cc1,46.4,mL.min-1.kg-1,species_only_human
7930057,CHEMBL1919041,CHEMBL1916224,CL,mL.min-1.kg-1,=,11.2,CHEMBL372,Homo sapiens,Intrinsic clearance in human,A,CCOC(=O)N1CCC(N2CCC[C@@H](NC(=O)c3ccccc3C)C2)CC1,11.2,mL.min-1.kg-1,species_only_human
7972965,CHEMBL1931103,CHEMBL1928262,CL,mL.min-1.kg-1,=,12.8,CHEMBL372,Homo sapiens,"Clearance in human at 0.43 mg/kg, iv and 1.43 mg/kg, po",A,CCOc1ncc(S(=O)(=O)N2CCN(CC)CC2)cc1-c1nc2c(CC)n(CCOC)nc2c(=O)[nH]1,12.8,mL.min-1.kg-1,species_only_human
10869343,CHEMBL2025905,CHEMBL2022460,CL,mL.min-1.g-1,=,4.0,CHEMBL372,Homo sapiens,Intrinsic clearance in human plasma,A,CC(C)[C@H](N)C(=O)O[C@H]1[C@@H](C)[C@H](n2ccc(N)nc2=O)O[C@@]1(CO)N=[N+]=[N-].O=C(O)C(F)(F)F,0.004,mL.min-1.kg-1,species_only_human
10869345,CHEMBL2025905,CHEMBL2022458,CL,mL.min-1.g-1,=,17.0,CHEMBL372,Homo sapiens,Intrinsic clearance in human plasma,A,CC(C)[C@H](N)C(=O)OC[C@@]1(N=[N+]=[N-])O[C@@H](n2ccc(N)nc2=O)[C@H](C)[C@@H]1O.O=C(O)C(F)(F)F,0.017,mL.min-1.kg-1,species_only_human
10869347,CHEMBL2025905,CHEMBL2022456,CL,mL.min-1.g-1,=,36.0,CHEMBL372,Homo sapiens,Intrinsic clearance in human plasma,A,CC(C)[C@H](N)C(=O)OC[C@@]1(N=[N+]=[N-])O[C@@H](n2ccc(N)nc2=O)[C@H](C)[C@@H]1OC(=O)[C@@H](N)C(C)C.O=C(O)C(F)(F)F,0.036,mL.min-1.kg-1,species_only_human
10869348,CHEMBL2025905,CHEMBL2022672,CL,mL.min-1.g-1,=,17.0,CHEMBL372,Homo sapiens,Intrinsic clearance in human plasma,A,CC(C)COC[C@@]1(N=[N+]=[N-])O[C@@H](n2ccc(N)nc2=O)[C@H](C)[C@@H]1OCC(C)C,0.017,mL.min-1.kg-1,species_only_human
10960331,CHEMBL2061254,CHEMBL2058044,CL,mL.min-1.g-1,=,230.0,CHEMBL372,Homo sapiens,Intrinsic clearance in human,A,Cc1ccc(-n2nc(C(C)(C)C)cc2NC(=O)NCc2ccccc2Oc2ccnc(N3CCOCC3)n2)cc1,0.23,mL.min-1.kg-1,species_only_human
10970423,CHEMBL2066083,CHEMBL2063869,CL,mL.min-1.kg-1,=,9.0,CHEMBL372,Homo sapiens,"Plasma clearance in human with locally advanced or metastatic solid malignancies or non Hodgkin's lymphoma with out leukemic phase at 0.049 to 1.48 mg/kg, iv administered as 0.5 hr infusion every 14 days",A,CN[C@@H](C)C(=O)N[C@H](C(=O)N1CCC[C@H]1C(=O)Nc1snnc1-c1ccccc1)C1CCCCC1,9.0,mL.min-1.kg-1,species_only_human
12099425,CHEMBL2174919,CHEMBL2170804,CL,mL.min-1.kg-1,=,9.0,CHEMBL372,Homo sapiens,Oral clearance in human,A,CS(=O)(=O)O.OCCn1cc(-c2cnc3nnn(Cc4ccc5ncccc5c4)c3n2)cn1,9.0,mL.min-1.kg-1,species_only_human
12162524,CHEMBL2182229,CHEMBL2179674,CL,mL.min-1.kg-1,=,0.0007,CHEMBL372,Homo sapiens,Intrinsic clearance in human by LC-MS/MS method,A,Cn1cc2c(OCC3CCN(CCc4ccc(C(=O)O)cc4)CC3)nc3ccccc3c2c1,0.0007,mL.min-1.kg-1,species_only_human
12162525,CHEMBL2182229,CHEMBL2179707,CL,mL.min-1.kg-1,=,0.0025,CHEMBL372,Homo sapiens,Intrinsic clearance in human by LC-MS/MS method,A,CC(C)n1nc(C(=O)NCC2CCN(CCc3ccc(C(=O)O)cc3)CC2)c2ccccc21,0.0025,mL.min-1.kg-1,species_only_human
12163646,CHEMBL2185195,CHEMBL1112,CL,mL.min-1.kg-1,=,0.8,CHEMBL372,Homo sapiens,Clearance in human,A,O=C1CCc2ccc(OCCCCN3CCN(c4cccc(Cl)c4Cl)CC3)cc2N1,0.8,mL.min-1.kg-1,species_only_human
12163663,CHEMBL2185195,CHEMBL623,CL,mL.min-1.kg-1,=,7.5,CHEMBL372,Homo sapiens,Clearance in human,A,CCc1nn(CCCN2CCN(c3cccc(Cl)c3)CC2)c(=O)n1CCOc1ccccc1,7.5,mL.min-1.kg-1,species_only_human
12182951,CHEMBL2214983,CHEMBL2207081,CL,mL.min-1.g-1,=,3.0,CHEMBL372,Homo sapiens,In vitro clearance in human,A,O=S(=O)(Nc1cc(Cl)ccc1Cn1ccnn1)c1ccc(Cl)c(Cl)c1,0.003,mL.min-1.kg-1,species_only_human
12464624,CHEMBL3055335,CHEMBL301267,CL,mL.min-1.kg-1,=,13.33,CHEMBL372,Homo sapiens,Clearance in Homo sapiens (human) at 150 mg,A,CCO[C@H]1O[C@@H]2O[C@@]3(C)CC[C@H]4[C@H](C)CC[C@@H]([C@H]1C)[C@@]24OO3,13.33,mL.min-1.kg-1,species_only_human
12464708,CHEMBL3055335,CHEMBL469416,CL,mL.min-1.kg-1,=,10.0,CHEMBL372,Homo sapiens,Clearance in Homo sapiens (human) at 150 mg,A,CCO[C@@H]1O[C@@H]2O[C@]3(C)CC[C@H]4[C@H](C)CC[C@@H]([C@H]1C)[C@@]24OO3,10.0,mL.min-1.kg-1,species_only_human
12679762,CHEMBL2346302,CHEMBL1521,CL,mL.min-1.kg-1,=,16.0,CHEMBL372,Homo sapiens,Plasma clearance in iv dosed human,A,CCN(C(C)=O)c1cccc(-c2ccnc3c(C#N)cnn23)c1,16.0,mL.min-1.kg-1,species_only_human
12679763,CHEMBL2346302,CHEMBL355862,CL,mL.min-1.kg-1,=,21.0,CHEMBL372,Homo sapiens,Plasma clearance in iv dosed human,A,N=C(N)NC(=O)c1cnn(-c2cccc3ncccc23)c1C1CC1,21.0,mL.min-1.kg-1,species_only_human
12679764,CHEMBL2346302,CHEMBL77131,CL,mL.min-1.kg-1,=,38.0,CHEMBL372,Homo sapiens,Plasma clearance in iv dosed human,A,CCNC(=O)OC1CCN(c2nncc3cc(OC)c(OC)cc23)CC1,38.0,mL.min-1.kg-1,species_only_human
12693349,CHEMBL2342881,CHEMBL2338245,CL,mL.min-1.g-1,=,41.0,CHEMBL612558,,Drug metabolism assessed as human cytochrome P450-mediated intrinsic clearance,A,Cc1ccccc1-n1ncc2c1C(C)(C)CCN([C@H]1C3CC4CC1C[C@@](O)(C4)C3)C2=O,0.041,mL.min-1.kg-1,species_only_human
12693350,CHEMBL2342881,CHEMBL2338253,CL,mL.min-1.g-1,=,8.0,CHEMBL612558,,Drug metabolism assessed as human cytochrome P450-mediated intrinsic clearance,A,CC1(C)CCN([C@H]2C3CC4CC2C[C@@](O)(C4)C3)C(=O)c2cnn(-c3ccc(Cl)cc3)c21,0.008,mL.min-1.kg-1,species_only_human
12693351,CHEMBL2342881,CHEMBL2338264,CL,mL.min-1.g-1,=,2.0,CHEMBL612558,,Drug metabolism assessed as human cytochrome P450-mediated intrinsic clearance,A,CC1(C)CCN([C@H]2C3CC4CC2C[C@@](O)(C4)C3)C(=O)c2cnn(-c3ccccc3)c21,0.002,mL.min-1.kg-1,species_only_human
12724935,CHEMBL2352576,CHEMBL2348091,CL,mL.min-1.kg-1,=,2.7,CHEMBL372,Homo sapiens,Intrinsic clearance in human plasma,A,O=C(O)CCc1sc(/C=C2\NC(=O)CS2)nc1-c1ccccn1,2.7,mL.min-1.kg-1,species_only_human
13500222,CHEMBL2443710,CHEMBL2442495,CL,mL.min-1.kg-1,=,35.0,CHEMBL613424,Homo sapiens,Intrinsic clearance in human plasma by LC/MS/MS analysis,A,Cc1c(-c2ccccc2)nn(-c2nc(C(=O)O)cs2)c1-c1ccccc1,35.0,mL.min-1.kg-1,species_only_human
13500224,CHEMBL2443710,CHEMBL1479261,CL,mL.min-1.kg-1,=,28.0,CHEMBL613424,Homo sapiens,Intrinsic clearance in human plasma by LC/MS/MS analysis,A,O=C(O)c1csc(-n2nc(-c3ccccc3)cc2C(F)(F)F)n1,28.0,mL.min-1.kg-1,species_only_human
13500225,CHEMBL2443710,CHEMBL2442485,CL,mL.min-1.kg-1,=,187.0,CHEMBL613424,Homo sapiens,Intrinsic clearance in human plasma by LC/MS/MS analysis,A,COc1ccc(-c2cc(C(F)(F)F)nn2-c2nc(C(=O)O)cs2)cc1,187.0,mL.min-1.kg-1,species_only_human
14553807,CHEMBL3226534,CHEMBL3219143,CL,mL.min-1.kg-1,=,18.0,CHEMBL372,Homo sapiens,"Clearance in healthy human at 100 ug, iv",A,COc1cc(F)ccc1Cn1ccc2c3c(ncc21)C(=O)N(O)CC3,18.0,mL.min-1.kg-1,species_only_human
14723143,CHEMBL3294615,CHEMBL3286585,CL,mL.min-1.kg-1,=,13.33,CHEMBL372,Homo sapiens,Clearance in human,A,O=S(=O)(c1cccc(F)c1)n1cc2c3c(cccc31)N1CCNCC1C2,13.33,mL.min-1.kg-1,species_only_human
14723144,CHEMBL3294615,CHEMBL3286578,CL,mL.min-1.kg-1,=,65.0,CHEMBL372,Homo sapiens,Clearance in human,A,c1ccc(-c2cccc(CN3CCN4c5cccc6[nH]cc(c56)CC4C3)c2)cc1,65.0,mL.min-1.kg-1,species_only_human
14737816,CHEMBL3297612,CHEMBL3287657,CL,mL.min-1.g-1,=,1.2,CHEMBL614068,Canis lupus familiaris,Efflux ratio of permeability from basolateral to apical over apical to basolateral side in MDCK cells expressing human MDR1 at 5 uM after 2 hrs by LC-MS/MS analysis,A,COc1nc2cccnc2n1-c1ccc(C(=O)c2nc3ccccc3[nH]2)cc1,0.0012,mL.min-1.kg-1,species_only_human
14737817,CHEMBL3297612,CHEMBL3287658,CL,mL.min-1.g-1,=,7.2,CHEMBL614068,Canis lupus familiaris,Efflux ratio of permeability from basolateral to apical over apical to basolateral side in MDCK cells expressing human MDR1 at 5 uM after 2 hrs by LC-MS/MS analysis,A,COc1nc2cccnc2n1-c1ccc(Nc2nc3ccccc3[nH]2)cc1,0.0072,mL.min-1.kg-1,species_only_human
14737818,CHEMBL3297612,CHEMBL3287659,CL,mL.min-1.g-1,=,1.6,CHEMBL614068,Canis lupus familiaris,Efflux ratio of permeability from basolateral to apical over apical to basolateral side in MDCK cells expressing human MDR1 at 5 uM after 2 hrs by LC-MS/MS analysis,A,COc1nc2cccnc2n1-c1ccc(Nc2nc3ccccc3s2)cc1,0.0016,mL.min-1.kg-1,species_only_human
14737821,CHEMBL3297612,CHEMBL3287662,CL,mL.min-1.g-1,=,1.4,CHEMBL614068,Canis lupus familiaris,Efflux ratio of permeability from basolateral to apical over apical to basolateral side in MDCK cells expressing human MDR1 at 5 uM after 2 hrs by LC-MS/MS analysis,A,COc1nc2cccnc2n1-c1ccc(Nc2ccc(C)cn2)cc1,0.0014,mL.min-1.kg-1,species_only_human
15021734,CHEMBL3369909,CHEMBL3319210,CL,mL.min-1.kg-1,=,13.67,CHEMBL612558,,"Clearance in non-human primates at 0.5 mg/kg, iv",A,CC(=O)N1CCC(c2cccnc2Oc2ccc(C(=O)c3nc4ccccc4[nH]3)cc2)CC1,13.67,mL.min-1.kg-1,species_only_human
15021735,CHEMBL3369909,CHEMBL3319209,CL,mL.min-1.kg-1,=,5.667,CHEMBL612558,,"Clearance in non-human primates at 0.5 mg/kg, iv",A,CC(=O)N1CCC(c2nccnc2Oc2ccc(C(=O)c3nc4ccccc4[nH]3)cc2)CC1,5.667,mL.min-1.kg-1,species_only_human
15076090,CHEMBL3390705,CHEMBL125021,CL,mL.min-1.kg-1,=,75.0,CHEMBL372,Homo sapiens,Intrinsic clearance in human,A,CCOC(=O)c1ccc(-c2nn(Cc3ccccc3)c3ccccc23)cc1,75.0,mL.min-1.kg-1,species_only_human
15076091,CHEMBL3390705,CHEMBL3334887,CL,mL.min-1.kg-1,=,77.0,CHEMBL372,Homo sapiens,Intrinsic clearance in human,A,CCOC(=O)c1ccc(-c2cn(Cc3ccccc3)c3ccccc23)cc1,77.0,mL.min-1.kg-1,species_only_human
15076092,CHEMBL3390705,CHEMBL1609104,CL,mL.min-1.kg-1,=,157.0,CHEMBL372,Homo sapiens,Intrinsic clearance in human,A,Cn1c(CO)c(-c2ccccc2)c2cc([N+](=O)[O-])ccc21,157.0,mL.min-1.kg-1,species_only_human
15444422,CHEMBL3531112,CHEMBL191,CL,mL.min-1.kg-1,=,31.67,CHEMBL372,Homo sapiens,Clearance in human plasma expressing CYP2C8*3 allele carrier polymorphism at 50 mg by LC/MS/MS analysis,A,CCCCc1nc(Cl)c(CO)n1Cc1ccc(-c2ccccc2-c2nnn[nH]2)cc1,31.67,mL.min-1.kg-1,species_only_human
15444427,CHEMBL3531117,CHEMBL191,CL,mL.min-1.kg-1,=,26.67,CHEMBL372,Homo sapiens,Clearance in human plasma expressing CYP2C8*4 allele carrier polymorphism at 50 mg by LC/MS/MS analysis,A,CCCCc1nc(Cl)c(CO)n1Cc1ccc(-c2ccccc2-c2nnn[nH]2)cc1,26.67,mL.min-1.kg-1,species_only_human
15444432,CHEMBL3531122,CHEMBL191,CL,mL.min-1.kg-1,=,30.0,CHEMBL372,Homo sapiens,Clearance in human plasma expressing CYP2C9*1/*1 polymorphism at 50 mg by LC/MS/MS analysis,A,CCCCc1nc(Cl)c(CO)n1Cc1ccc(-c2ccccc2-c2nnn[nH]2)cc1,30.0,mL.min-1.kg-1,species_only_human
15444437,CHEMBL3531127,CHEMBL191,CL,mL.min-1.kg-1,=,31.67,CHEMBL372,Homo sapiens,Clearance in human plasma expressing CYP2C9*2 allele carrier polymorphism at 50 mg by LC/MS/MS analysis,A,CCCCc1nc(Cl)c(CO)n1Cc1ccc(-c2ccccc2-c2nnn[nH]2)cc1,31.67,mL.min-1.kg-1,species_only_human
15444442,CHEMBL3531501,CHEMBL191,CL,mL.min-1.kg-1,=,21.67,CHEMBL372,Homo sapiens,Clearance in human plasma expressing CYP2C9*3 allele carrier polymorphism at 50 mg by LC/MS/MS analysis,A,CCCCc1nc(Cl)c(CO)n1Cc1ccc(-c2ccccc2-c2nnn[nH]2)cc1,21.67,mL.min-1.kg-1,species_only_human
15444471,CHEMBL3540483,CHEMBL1016,CL,mL.min-1.kg-1,=,2.5,CHEMBL372,Homo sapiens,Clearance in human plasma expressing CYP2C8*1/*1 polymorphism at 25 to 32 mg by LC/MS/MS analysis,A,CCOc1nc2cccc(C(=O)O)c2n1Cc1ccc(-c2ccccc2-c2nnn[nH]2)cc1,2.5,mL.min-1.kg-1,species_only_human
15444476,CHEMBL3540760,CHEMBL1016,CL,mL.min-1.kg-1,=,2.5,CHEMBL372,Homo sapiens,Clearance in human plasma expressing CYP2C8*2 allele carrier polymorphism at 25 to 32 mg by LC/MS/MS analysis,A,CCOc1nc2cccc(C(=O)O)c2n1Cc1ccc(-c2ccccc2-c2nnn[nH]2)cc1,2.5,mL.min-1.kg-1,species_only_human
15444481,CHEMBL3540765,CHEMBL1016,CL,mL.min-1.kg-1,=,2.667,CHEMBL372,Homo sapiens,Clearance in human plasma expressing CYP2C8*3 allele carrier polymorphism at 25 to 32 mg by LC/MS/MS analysis,A,CCOc1nc2cccc(C(=O)O)c2n1Cc1ccc(-c2ccccc2-c2nnn[nH]2)cc1,2.667,mL.min-1.kg-1,species_only_human
15444486,CHEMBL3540770,CHEMBL1016,CL,mL.min-1.kg-1,=,2.167,CHEMBL372,Homo sapiens,Clearance in human plasma expressing CYP2C8*4 allele carrier polymorphism at 25 to 32 mg by LC/MS/MS analysis,A,CCOc1nc2cccc(C(=O)O)c2n1Cc1ccc(-c2ccccc2-c2nnn[nH]2)cc1,2.167,mL.min-1.kg-1,species_only_human
15444491,CHEMBL3540775,CHEMBL1016,CL,mL.min-1.kg-1,=,2.333,CHEMBL372,Homo sapiens,Clearance in human plasma expressing CYP2C9*1/*1 polymorphism at 25 to 32 mg by LC/MS/MS analysis,A,CCOc1nc2cccc(C(=O)O)c2n1Cc1ccc(-c2ccccc2-c2nnn[nH]2)cc1,2.333,mL.min-1.kg-1,species_only_human
15444496,CHEMBL3540780,CHEMBL1016,CL,mL.min-1.kg-1,=,2.5,CHEMBL372,Homo sapiens,Clearance in human plasma expressing CYP2C9*2 allele carrier polymorphism at 25 to 32 mg by LC/MS/MS analysis,A,CCOc1nc2cccc(C(=O)O)c2n1Cc1ccc(-c2ccccc2-c2nnn[nH]2)cc1,2.5,mL.min-1.kg-1,species_only_human
15444501,CHEMBL3540785,CHEMBL1016,CL,mL.min-1.kg-1,=,2.5,CHEMBL372,Homo sapiens,Clearance in human plasma expressing CYP2C9*3 allele carrier polymorphism at 25 to 32 mg by LC/MS/MS analysis,A,CCOc1nc2cccc(C(=O)O)c2n1Cc1ccc(-c2ccccc2-c2nnn[nH]2)cc1,2.5,mL.min-1.kg-1,species_only_human
15444506,CHEMBL3540790,CHEMBL1069,CL,mL.min-1.kg-1,=,8.0,CHEMBL372,Homo sapiens,Clearance in human plasma expressing CYP2C8*1/*1 polymorphism at 25 to 320 mg by LC/MS/MS analysis,A,CCCCC(=O)N(Cc1ccc(-c2ccccc2-c2nnn[nH]2)cc1)[C@H](C(=O)O)C(C)C,8.0,mL.min-1.kg-1,species_only_human
15444511,CHEMBL3537466,CHEMBL1069,CL,mL.min-1.kg-1,=,17.83,CHEMBL372,Homo sapiens,Clearance in human plasma expressing CYP2C8*2 allele carrier polymorphism at 25 to 320 mg by LC/MS/MS analysis,A,CCCCC(=O)N(Cc1ccc(-c2ccccc2-c2nnn[nH]2)cc1)[C@H](C(=O)O)C(C)C,17.83,mL.min-1.kg-1,species_only_human
15444516,CHEMBL3537471,CHEMBL1069,CL,mL.min-1.kg-1,=,5.833,CHEMBL372,Homo sapiens,Clearance in human plasma expressing CYP2C8*3 allele carrier polymorphism at 25 to 320 mg by LC/MS/MS analysis,A,CCCCC(=O)N(Cc1ccc(-c2ccccc2-c2nnn[nH]2)cc1)[C@H](C(=O)O)C(C)C,5.833,mL.min-1.kg-1,species_only_human
15444521,CHEMBL3539466,CHEMBL1069,CL,mL.min-1.kg-1,=,5.667,CHEMBL372,Homo sapiens,Clearance in human plasma expressing CYP2C8*4 allele carrier polymorphism at 25 to 320 mg by LC/MS/MS analysis,A,CCCCC(=O)N(Cc1ccc(-c2ccccc2-c2nnn[nH]2)cc1)[C@H](C(=O)O)C(C)C,5.667,mL.min-1.kg-1,species_only_human
15444526,CHEMBL3539763,CHEMBL1069,CL,mL.min-1.kg-1,=,8.833,CHEMBL372,Homo sapiens,Clearance in human plasma expressing CYP2C9*1/*1 polymorphism at 25 to 320 mg by LC/MS/MS analysis,A,CCCCC(=O)N(Cc1ccc(-c2ccccc2-c2nnn[nH]2)cc1)[C@H](C(=O)O)C(C)C,8.833,mL.min-1.kg-1,species_only_human
15444531,CHEMBL3539768,CHEMBL1069,CL,mL.min-1.kg-1,=,8.333,CHEMBL372,Homo sapiens,Clearance in human plasma expressing CYP2C9*2 allele carrier polymorphism at 25 to 320 mg by LC/MS/MS analysis,A,CCCCC(=O)N(Cc1ccc(-c2ccccc2-c2nnn[nH]2)cc1)[C@H](C(=O)O)C(C)C,8.333,mL.min-1.kg-1,species_only_human
15444536,CHEMBL3539689,CHEMBL1069,CL,mL.min-1.kg-1,=,6.0,CHEMBL372,Homo sapiens,Clearance in human plasma expressing CYP2C9*3 allele carrier polymorphism at 25 to 320 mg by LC/MS/MS analysis,A,CCCCC(=O)N(Cc1ccc(-c2ccccc2-c2nnn[nH]2)cc1)[C@H](C(=O)O)C(C)C,6.0,mL.min-1.kg-1,species_only_human
15444541,CHEMBL3539694,CHEMBL1017,CL,mL.min-1.kg-1,=,245.0,CHEMBL372,Homo sapiens,Clearance in human plasma expressing CYP2C8*1/*1 polymorphism at 80 mg by LC/MS/MS analysis,A,CCCc1nc2c(C)cc(-c3nc4ccccc4n3C)cc2n1Cc1ccc(-c2ccccc2C(=O)O)cc1,245.0,mL.min-1.kg-1,species_only_human
15444546,CHEMBL3539699,CHEMBL1017,CL,mL.min-1.kg-1,=,163.33,CHEMBL372,Homo sapiens,Clearance in human plasma expressing CYP2C8*2 allele carrier polymorphism at 80 mg by LC/MS/MS analysis,A,CCCc1nc2c(C)cc(-c3nc4ccccc4n3C)cc2n1Cc1ccc(-c2ccccc2C(=O)O)cc1,163.33,mL.min-1.kg-1,species_only_human
15444551,CHEMBL3540002,CHEMBL1017,CL,mL.min-1.kg-1,=,283.33,CHEMBL372,Homo sapiens,Clearance in human plasma expressing CYP2C8*3 allele carrier polymorphism at 80 mg by LC/MS/MS analysis,A,CCCc1nc2c(C)cc(-c3nc4ccccc4n3C)cc2n1Cc1ccc(-c2ccccc2C(=O)O)cc1,283.33,mL.min-1.kg-1,species_only_human
15444556,CHEMBL3540007,CHEMBL1017,CL,mL.min-1.kg-1,=,231.67,CHEMBL372,Homo sapiens,Clearance in human plasma expressing CYP2C9*1/*1 polymorphism at 80 mg by LC/MS/MS analysis,A,CCCc1nc2c(C)cc(-c3nc4ccccc4n3C)cc2n1Cc1ccc(-c2ccccc2C(=O)O)cc1,231.67,mL.min-1.kg-1,species_only_human
15444561,CHEMBL3537474,CHEMBL1017,CL,mL.min-1.kg-1,=,243.33,CHEMBL372,Homo sapiens,Clearance in human plasma expressing CYP2C9*3 allele carrier polymorphism at 80 mg by LC/MS/MS analysis,A,CCCc1nc2c(C)cc(-c3nc4ccccc4n3C)cc2n1Cc1ccc(-c2ccccc2C(=O)O)cc1,243.33,mL.min-1.kg-1,species_only_human
15452478,CHEMBL3533202,CHEMBL3527329,CL,mL.min-1.g-1,=,99900.0,CHEMBL1743320,Homo sapiens,Activity of human recombinant UGT1A10 assessed as intrinsic clearance incubated for 5 mins prior to UDPGA addition measured after 90 mins,A,O=c1c(-c2ccc(O)cc2)coc2cc3c(c(O)c12)OCO3,99.9,mL.min-1.kg-1,species_only_human
15452479,CHEMBL3532758,CHEMBL3527329,CL,mL.min-1.g-1,=,53300.0,CHEMBL1743319,Homo sapiens,Activity of human recombinant UGT1A9 assessed as intrinsic clearance incubated for 5 mins prior to UDPGA addition measured after 90 mins,A,O=c1c(-c2ccc(O)cc2)coc2cc3c(c(O)c12)OCO3,53.3,mL.min-1.kg-1,species_only_human
15452480,CHEMBL3533092,CHEMBL3527329,CL,mL.min-1.g-1,=,27200.0,CHEMBL1287617,Homo sapiens,Activity of human recombinant UGT1A1 assessed as intrinsic clearance incubated for 5 mins prior to UDPGA addition measured after 90 mins,A,O=c1c(-c2ccc(O)cc2)coc2cc3c(c(O)c12)OCO3,27.2,mL.min-1.kg-1,species_only_human
15452481,CHEMBL3533093,CHEMBL3527329,CL,mL.min-1.g-1,=,20200.0,CHEMBL1743318,Homo sapiens,Activity of human recombinant UGT1A8 assessed as intrinsic clearance incubated for 5 mins prior to UDPGA addition measured after 90 mins,A,O=c1c(-c2ccc(O)cc2)coc2cc3c(c(O)c12)OCO3,20.2,mL.min-1.kg-1,species_only_human
15452482,CHEMBL3533094,CHEMBL3527329,CL,mL.min-1.g-1,=,3900.0,CHEMBL1743317,Homo sapiens,Activity of human recombinant UGT1A7 assessed as intrinsic clearance incubated for 5 mins prior to UDPGA addition measured after 90 mins,A,O=c1c(-c2ccc(O)cc2)coc2cc3c(c(O)c12)OCO3,3.9,mL.min-1.kg-1,species_only_human
15452804,CHEMBL3539330,CHEMBL1454,CL,mL.min-1.kg-1,=,7.56,CHEMBL372,Homo sapiens,"Plasma clearance in female human at 150 mg, po",A,c1ccc([C@H]2CN3CCSC3=N2)cc1,7.56,mL.min-1.kg-1,species_only_human
15452805,CHEMBL3539329,CHEMBL1454,CL,mL.min-1.kg-1,=,8.25,CHEMBL372,Homo sapiens,"Plasma clearance in male human at 150 mg, po",A,c1ccc([C@H]2CN3CCSC3=N2)cc1,8.25,mL.min-1.kg-1,species_only_human
15452806,CHEMBL3539328,CHEMBL1454,CL,mL.min-1.kg-1,=,8.04,CHEMBL372,Homo sapiens,"Plasma clearance in human at 150 mg, po",A,c1ccc([C@H]2CN3CCSC3=N2)cc1,8.04,mL.min-1.kg-1,species_only_human
15454349,CHEMBL3532052,CHEMBL710,CL,mL.min-1.kg-1,=,2.333,CHEMBL372,Homo sapiens,Total plasma clearance in human,A,CC(C)(C)NC(=O)[C@H]1CC[C@H]2[C@@H]3CC[C@H]4NC(=O)C=C[C@]4(C)[C@H]3CC[C@]12C,2.333,mL.min-1.kg-1,species_only_human
15454416,CHEMBL3536109,CHEMBL46740,CL,mL.min-1.kg-1,=,0.0,CHEMBL372,Homo sapiens,Renal clearance in human,A,Cc1c(-c2ccc(O)cc2)n(Cc2ccc(OCCN3CCCCCC3)cc2)c2ccc(O)cc12,0.0,mL.min-1.kg-1,species_only_human
15454417,CHEMBL3536109,CHEMBL81,CL,mL.min-1.kg-1,=,0.0,CHEMBL372,Homo sapiens,Renal clearance in human,A,O=C(c1ccc(OCCN2CCCCC2)cc1)c1c(-c2ccc(O)cc2)sc2cc(O)ccc12,0.0,mL.min-1.kg-1,species_only_human
15454418,CHEMBL3536109,CHEMBL50,CL,mL.min-1.kg-1,=,0.0,CHEMBL372,Homo sapiens,Renal clearance in human,A,O=c1c(O)c(-c2ccc(O)c(O)c2)oc2cc(O)cc(O)c12,0.0,mL.min-1.kg-1,species_only_human
15454419,CHEMBL3536109,CHEMBL139,CL,mL.min-1.kg-1,=,0.0,CHEMBL372,Homo sapiens,Renal clearance in human,A,O=C(O)Cc1ccccc1Nc1c(Cl)cccc1Cl,0.0,mL.min-1.kg-1,species_only_human
15454420,CHEMBL3536109,CHEMBL121626,CL,mL.min-1.kg-1,=,0.0,CHEMBL372,Homo sapiens,Renal clearance in human,A,Cc1c(Cl)cccc1Nc1ccccc1C(=O)O,0.0,mL.min-1.kg-1,species_only_human
15454421,CHEMBL3536109,CHEMBL1324,CL,mL.min-1.kg-1,=,0.0,CHEMBL372,Homo sapiens,Renal clearance in human,A,Cc1ccc(C(=O)c2cc(O)c(O)c([N+](=O)[O-])c2)cc1,0.0,mL.min-1.kg-1,species_only_human
15454422,CHEMBL3536109,CHEMBL953,CL,mL.min-1.kg-1,=,0.0,CHEMBL372,Homo sapiens,Renal clearance in human,A,CCN(CC)C(=O)/C(C#N)=C/c1cc(O)c(O)c([N+](=O)[O-])c1,0.0,mL.min-1.kg-1,species_only_human
15454423,CHEMBL3536109,CHEMBL1017,CL,mL.min-1.kg-1,=,0.0,CHEMBL372,Homo sapiens,Renal clearance in human,A,CCCc1nc2c(C)cc(-c3nc4ccccc4n3C)cc2n1Cc1ccc(-c2ccccc2C(=O)O)cc1,0.0,mL.min-1.kg-1,species_only_human
15454424,CHEMBL3536109,CHEMBL457,CL,mL.min-1.kg-1,=,0.0,CHEMBL372,Homo sapiens,Renal clearance in human,A,Cc1ccc(C)c(OCCCC(C)(C)C(=O)O)c1,0.0,mL.min-1.kg-1,species_only_human
15454425,CHEMBL3536109,CHEMBL622,CL,mL.min-1.kg-1,=,0.0,CHEMBL372,Homo sapiens,Renal clearance in human,A,CCc1cccc2c3c([nH]c12)C(CC)(CC(=O)O)OCC3,0.0,mL.min-1.kg-1,species_only_human
15454430,CHEMBL3536109,CHEMBL6,CL,mL.min-1.kg-1,=,0.21,CHEMBL372,Homo sapiens,Renal clearance in human,A,COc1ccc2c(c1)c(CC(=O)O)c(C)n2C(=O)c1ccc(Cl)cc1,0.21,mL.min-1.kg-1,species_only_human
15454446,CHEMBL3536107,CHEMBL622,CL,mL.min-1.kg-1,=,0.66,CHEMBL372,Homo sapiens,Total clearance in human,A,CCc1cccc2c3c([nH]c12)C(CC)(CC(=O)O)OCC3,0.66,mL.min-1.kg-1,species_only_human
15454465,CHEMBL3536107,CHEMBL6,CL,mL.min-1.kg-1,=,1.4,CHEMBL372,Homo sapiens,Total clearance in human,A,COc1ccc2c(c1)c(CC(=O)O)c(C)n2C(=O)c1ccc(Cl)cc1,1.4,mL.min-1.kg-1,species_only_human
15454467,CHEMBL3536107,CHEMBL457,CL,mL.min-1.kg-1,=,1.7,CHEMBL372,Homo sapiens,Total clearance in human,A,Cc1ccc(C)c(OCCCC(C)(C)C(=O)O)c1,1.7,mL.min-1.kg-1,species_only_human
15454468,CHEMBL3536107,CHEMBL1324,CL,mL.min-1.kg-1,=,1.9,CHEMBL372,Homo sapiens,Total clearance in human,A,Cc1ccc(C(=O)c2cc(O)c(O)c([N+](=O)[O-])c2)cc1,1.9,mL.min-1.kg-1,species_only_human
15454470,CHEMBL3536107,CHEMBL121626,CL,mL.min-1.kg-1,=,2.2,CHEMBL372,Homo sapiens,Total clearance in human,A,Cc1c(Cl)cccc1Nc1ccccc1C(=O)O,2.2,mL.min-1.kg-1,species_only_human
15454472,CHEMBL3536107,CHEMBL139,CL,mL.min-1.kg-1,=,3.5,CHEMBL372,Homo sapiens,Total clearance in human,A,O=C(O)Cc1ccccc1Nc1c(Cl)cccc1Cl,3.5,mL.min-1.kg-1,species_only_human
15454482,CHEMBL3536107,CHEMBL46740,CL,mL.min-1.kg-1,=,6.7,CHEMBL372,Homo sapiens,Total clearance in human,A,Cc1c(-c2ccc(O)cc2)n(Cc2ccc(OCCN3CCCCCC3)cc2)c2ccc(O)cc12,6.7,mL.min-1.kg-1,species_only_human
15454483,CHEMBL3536107,CHEMBL1017,CL,mL.min-1.kg-1,=,8.4,CHEMBL372,Homo sapiens,Total clearance in human,A,CCCc1nc2c(C)cc(-c3nc4ccccc4n3C)cc2n1Cc1ccc(-c2ccccc2C(=O)O)cc1,8.4,mL.min-1.kg-1,species_only_human
15454485,CHEMBL3536107,CHEMBL50,CL,mL.min-1.kg-1,=,11.0,CHEMBL372,Homo sapiens,Total clearance in human,A,O=c1c(O)c(-c2ccc(O)c(O)c2)oc2cc(O)cc(O)c12,11.0,mL.min-1.kg-1,species_only_human
15454486,CHEMBL3536107,CHEMBL953,CL,mL.min-1.kg-1,=,12.0,CHEMBL372,Homo sapiens,Total clearance in human,A,CCN(CC)C(=O)/C(C#N)=C/c1cc(O)c(O)c([N+](=O)[O-])c1,12.0,mL.min-1.kg-1,species_only_human
15454488,CHEMBL3536107,CHEMBL81,CL,mL.min-1.kg-1,=,14.7,CHEMBL372,Homo sapiens,Total clearance in human,A,O=C(c1ccc(OCCN2CCCCC2)cc1)c1c(-c2ccc(O)cc2)sc2cc(O)ccc12,14.7,mL.min-1.kg-1,species_only_human
15454748,CHEMBL3533473,CHEMBL269732,CL,mL.min-1.g-1,=,0.001,CHEMBL612558,,Intrinsic clearance in human intestine assessed as glucuronidation by measuring ratio of Vmax to Km at 25 to 750 uM after 1 hr by Eadie-Hofstee plot analysis,A,C=CC[C@@H]1/C=C(\C)C[C@H](C)C[C@H](OC)[C@H]2O[C@@](O)(C(=O)C(=O)N3CCCC[C@H]3C(=O)O[C@H](/C(C)=C/[C@@H]3CC[C@@H](O)[C@H](OC)C3)[C@H](C)[C@@H](O)CC1=O)[C@H](C)C[C@@H]2OC,1e-06,mL.min-1.kg-1,species_only_human
15455394,CHEMBL3541916,CHEMBL77131,CL,mL.min-1.kg-1,=,38.0,CHEMBL372,Homo sapiens,Total clearance in human,A,CCNC(=O)OC1CCN(c2nncc3cc(OC)c(OC)cc23)CC1,38.0,mL.min-1.kg-1,species_only_human
15455395,CHEMBL3541916,CHEMBL407874,CL,mL.min-1.kg-1,=,15.6,CHEMBL372,Homo sapiens,Total clearance in human,A,Nc1nc(OCc2ccccc2)c2nc[nH]c2n1,15.6,mL.min-1.kg-1,species_only_human
15455397,CHEMBL3541916,CHEMBL1521,CL,mL.min-1.kg-1,=,15.7,CHEMBL372,Homo sapiens,Total clearance in human,A,CCN(C(C)=O)c1cccc(-c2ccnc3c(C#N)cnn23)c1,15.7,mL.min-1.kg-1,species_only_human
15455398,CHEMBL3541916,CHEMBL258940,CL,mL.min-1.kg-1,=,25.0,CHEMBL372,Homo sapiens,Total clearance in human,A,CN1CCC(Nc2ncc3ncnc(Nc4ccc(F)c(Cl)c4)c3n2)CC1,25.0,mL.min-1.kg-1,species_only_human
15455404,CHEMBL3540990,CHEMBL251074,CL,mL.min-1.kg-1,=,3.31,CHEMBL612558,,Intrinsic clearance in human using well stirred liver model by LC-MS/MS method,A,CC(=O)C[C@@H](c1ccccc1)c1c(O)c2ccccc2oc1=O,3.31,mL.min-1.kg-1,species_only_human
15455405,CHEMBL3540990,CHEMBL6966,CL,mL.min-1.kg-1,=,310.0,CHEMBL612558,,Intrinsic clearance in human using well stirred liver model by LC-MS/MS method,A,COc1ccc(CCN(C)CCCC(C#N)(c2ccc(OC)c(OC)c2)C(C)C)cc1OC,310.0,mL.min-1.kg-1,species_only_human
15455407,CHEMBL3540990,CHEMBL621,CL,mL.min-1.kg-1,=,32.5,CHEMBL612558,,Intrinsic clearance in human using well stirred liver model by LC-MS/MS method,A,O=c1n(CCCN2CCN(c3cccc(Cl)c3)CC2)nc2ccccn12,32.5,mL.min-1.kg-1,species_only_human
15455408,CHEMBL3540990,CHEMBL782,CL,mL.min-1.kg-1,=,0.38,CHEMBL612558,,Intrinsic clearance in human using well stirred liver model by LC-MS/MS method,A,CCCCNC(=O)NS(=O)(=O)c1ccc(C)cc1,0.38,mL.min-1.kg-1,species_only_human
15455409,CHEMBL3540990,CHEMBL499,CL,mL.min-1.kg-1,=,48.9,CHEMBL612558,,Intrinsic clearance in human using well stirred liver model by LC-MS/MS method,A,CC(C)(C)NC[C@H](O)COc1nsnc1N1CCOCC1,48.9,mL.min-1.kg-1,species_only_human
15455410,CHEMBL3540990,CHEMBL1355736,CL,mL.min-1.kg-1,=,2.6,CHEMBL612558,,Intrinsic clearance in human using well stirred liver model by LC-MS/MS method,A,Cn1c(=O)c2nc[nH]c2n(C)c1=O.O,2.6,mL.min-1.kg-1,species_only_human
15455411,CHEMBL3540990,CHEMBL192,CL,mL.min-1.kg-1,=,89.9,CHEMBL612558,,Intrinsic clearance in human using well stirred liver model by LC-MS/MS method,A,CCCc1nn(C)c2c(=O)[nH]c(-c3cc(S(=O)(=O)N4CCN(C)CC4)ccc3OCC)nc12,89.9,mL.min-1.kg-1,species_only_human
15455412,CHEMBL3540990,CHEMBL85,CL,mL.min-1.kg-1,=,43.0,CHEMBL612558,,Intrinsic clearance in human using well stirred liver model by LC-MS/MS method,A,Cc1nc2n(c(=O)c1CCN1CCC(c3noc4cc(F)ccc34)CC1)CCCC2,43.0,mL.min-1.kg-1,species_only_human
15455413,CHEMBL3540990,CHEMBL1294,CL,mL.min-1.kg-1,=,33.3,CHEMBL612558,,Intrinsic clearance in human using well stirred liver model by LC-MS/MS method,A,C=C[C@H]1CN2CC[C@H]1C[C@@H]2[C@@H](O)c1ccnc2ccc(OC)cc12,33.3,mL.min-1.kg-1,species_only_human
15455414,CHEMBL3540990,CHEMBL27,CL,mL.min-1.kg-1,=,260.0,CHEMBL612558,,Intrinsic clearance in human using well stirred liver model by LC-MS/MS method,A,CC(C)NCC(O)COc1cccc2ccccc12,260.0,mL.min-1.kg-1,species_only_human
15455415,CHEMBL3540990,CHEMBL452861,CL,mL.min-1.kg-1,=,214.0,CHEMBL612558,,Intrinsic clearance in human using well stirred liver model by LC-MS/MS method,A,CC(C)NC[C@H](O)COc1cccc2ccccc12,214.0,mL.min-1.kg-1,species_only_human
15455416,CHEMBL3540990,CHEMBL631,CL,mL.min-1.kg-1,=,328.0,CHEMBL612558,,Intrinsic clearance in human using well stirred liver model by LC-MS/MS method,A,CCCNCC(O)COc1ccccc1C(=O)CCc1ccccc1,328.0,mL.min-1.kg-1,species_only_human
15455419,CHEMBL3540990,CHEMBL131,CL,mL.min-1.kg-1,=,27.1,CHEMBL612558,,Intrinsic clearance in human using well stirred liver model by LC-MS/MS method,A,C[C@]12C=CC(=O)C=C1CC[C@@H]1[C@@H]2[C@@H](O)C[C@@]2(C)[C@H]1CC[C@]2(O)C(=O)CO,27.1,mL.min-1.kg-1,species_only_human
15455421,CHEMBL3540990,CHEMBL193,CL,mL.min-1.kg-1,=,196.0,CHEMBL612558,,Intrinsic clearance in human using well stirred liver model by LC-MS/MS method,A,COC(=O)C1=C(C)NC(C)=C(C(=O)OC)C1c1ccccc1[N+](=O)[O-],196.0,mL.min-1.kg-1,species_only_human
15455422,CHEMBL3540990,CHEMBL154,CL,mL.min-1.kg-1,=,5.86,CHEMBL612558,,Intrinsic clearance in human using well stirred liver model by LC-MS/MS method,A,COc1ccc2cc([C@H](C)C(=O)O)ccc2c1,5.86,mL.min-1.kg-1,species_only_human
15455424,CHEMBL3540990,CHEMBL13,CL,mL.min-1.kg-1,=,46.5,CHEMBL612558,,Intrinsic clearance in human using well stirred liver model by LC-MS/MS method,A,COCCc1ccc(OCC(O)CNC(C)C)cc1,46.5,mL.min-1.kg-1,species_only_human
15455425,CHEMBL3540990,CHEMBL650,CL,mL.min-1.kg-1,=,45.0,CHEMBL612558,,Intrinsic clearance in human using well stirred liver model by LC-MS/MS method,A,C[C@H]1C[C@@H]2[C@H]([C@@H](O)C[C@@]3(C)[C@H]2CC[C@]3(O)C(=O)CO)[C@@]2(C)C=CC(=O)C=C12,45.0,mL.min-1.kg-1,species_only_human
15455426,CHEMBL3540990,CHEMBL79,CL,mL.min-1.kg-1,=,78.4,CHEMBL612558,,Intrinsic clearance in human using well stirred liver model by LC-MS/MS method,A,CCN(CC)CC(=O)Nc1c(C)cccc1C,78.4,mL.min-1.kg-1,species_only_human
15455427,CHEMBL3540990,CHEMBL429,CL,mL.min-1.kg-1,=,450.0,CHEMBL612558,,Intrinsic clearance in human using well stirred liver model by LC-MS/MS method,A,CC(CCc1ccccc1)NCC(O)c1ccc(O)c(C(N)=O)c1,450.0,mL.min-1.kg-1,species_only_human
15455428,CHEMBL3540990,CHEMBL571,CL,mL.min-1.kg-1,=,74.9,CHEMBL612558,,Intrinsic clearance in human using well stirred liver model by LC-MS/MS method,A,CC(C(=O)O)c1cccc(C(=O)c2ccccc2)c1,74.9,mL.min-1.kg-1,species_only_human
15455429,CHEMBL3540990,CHEMBL11,CL,mL.min-1.kg-1,=,299.0,CHEMBL612558,,Intrinsic clearance in human using well stirred liver model by LC-MS/MS method,A,CN(C)CCCN1c2ccccc2CCc2ccccc21,299.0,mL.min-1.kg-1,species_only_human
15455430,CHEMBL3540990,CHEMBL521,CL,mL.min-1.kg-1,=,56.2,CHEMBL612558,,Intrinsic clearance in human using well stirred liver model by LC-MS/MS method,A,CC(C)Cc1ccc(C(C)C(=O)O)cc1,56.2,mL.min-1.kg-1,species_only_human
15455431,CHEMBL3540990,CHEMBL472,CL,mL.min-1.kg-1,=,347.0,CHEMBL612558,,Intrinsic clearance in human using well stirred liver model by LC-MS/MS method,A,COc1ccc(Cl)cc1C(=O)NCCc1ccc(S(=O)(=O)NC(=O)NC2CCCCC2)cc1,347.0,mL.min-1.kg-1,species_only_human
15455432,CHEMBL3540990,CHEMBL1481,CL,mL.min-1.kg-1,=,5.1,CHEMBL612558,,Intrinsic clearance in human using well stirred liver model by LC-MS/MS method,A,CCC1=C(C)CN(C(=O)NCCc2ccc(S(=O)(=O)NC(=O)N[C@H]3CC[C@H](C)CC3)cc2)C1=O,5.1,mL.min-1.kg-1,species_only_human
15455433,CHEMBL3540990,CHEMBL35,CL,mL.min-1.kg-1,=,84.9,CHEMBL612558,,Intrinsic clearance in human using well stirred liver model by LC-MS/MS method,A,NS(=O)(=O)c1cc(C(=O)O)c(NCc2ccco2)cc1Cl,84.9,mL.min-1.kg-1,species_only_human
15455434,CHEMBL3540990,CHEMBL563,CL,mL.min-1.kg-1,=,92.0,CHEMBL612558,,Intrinsic clearance in human using well stirred liver model by LC-MS/MS method,A,CC(C(=O)O)c1ccc(-c2ccccc2)c(F)c1,92.0,mL.min-1.kg-1,species_only_human
15455436,CHEMBL3540990,CHEMBL1297,CL,mL.min-1.kg-1,=,34.3,CHEMBL612558,,Intrinsic clearance in human using well stirred liver model by LC-MS/MS method,A,CC(C(=O)O)c1cccc(Oc2ccccc2)c1,34.3,mL.min-1.kg-1,species_only_human
15455437,CHEMBL3540990,CHEMBL219916,CL,mL.min-1.kg-1,=,271.0,CHEMBL612558,,Intrinsic clearance in human using well stirred liver model by LC-MS/MS method,A,O=c1[nH]c2ccccc2n1CCCN1CCC(n2c(=O)[nH]c3cc(Cl)ccc32)CC1,271.0,mL.min-1.kg-1,species_only_human
15455438,CHEMBL3540990,CHEMBL139,CL,mL.min-1.kg-1,=,354.0,CHEMBL612558,,Intrinsic clearance in human using well stirred liver model by LC-MS/MS method,A,O=C(O)Cc1ccccc1Nc1c(Cl)cccc1Cl,354.0,mL.min-1.kg-1,species_only_human
15455440,CHEMBL3540990,CHEMBL71,CL,mL.min-1.kg-1,=,278.0,CHEMBL612558,,Intrinsic clearance in human using well stirred liver model by LC-MS/MS method,A,CN(C)CCCN1c2ccccc2Sc2ccc(Cl)cc21,278.0,mL.min-1.kg-1,species_only_human
15455441,CHEMBL3540990,CHEMBL113,CL,mL.min-1.kg-1,=,2.79,CHEMBL612558,,Intrinsic clearance in human using well stirred liver model by LC-MS/MS method,A,Cn1c(=O)c2c(ncn2C)n(C)c1=O,2.79,mL.min-1.kg-1,species_only_human
15455442,CHEMBL3540990,CHEMBL296035,CL,mL.min-1.kg-1,=,63.8,CHEMBL612558,,Intrinsic clearance in human using well stirred liver model by LC-MS/MS method,A,CCc1cccc2cc(C(O)CNC(C)(C)C)oc12,63.8,mL.min-1.kg-1,species_only_human
15455443,CHEMBL3540990,CHEMBL277474,CL,mL.min-1.kg-1,=,0.604,CHEMBL612558,,Intrinsic clearance in human using well stirred liver model by LC-MS/MS method,A,Cc1cc(=O)n(-c2ccccc2)n1C,0.604,mL.min-1.kg-1,species_only_human
15455444,CHEMBL3540990,CHEMBL266195,CL,mL.min-1.kg-1,=,117.0,CHEMBL612558,,Intrinsic clearance in human using well stirred liver model by LC-MS/MS method,A,C=CCc1ccccc1OCC(O)CNC(C)C,117.0,mL.min-1.kg-1,species_only_human
15455857,CHEMBL3534976,CHEMBL2440659,CL,mL.min-1.kg-1,=,3.7,CHEMBL612558,,Intrinsic clearance in human hepatic cytosol at 1 uM,A,Cc1csc(NC(=O)c2cc(F)cc(Oc3cncnc3)c2)n1,3.7,mL.min-1.kg-1,species_only_human
15456563,CHEMBL3540922,CHEMBL1555,CL,mL.min-1.kg-1,=,5.667,CHEMBL372,Homo sapiens,"Clearance in human at 2 mg, po single dose",A,Br.COc1ccc2c3c1O[C@H]1C[C@@H](O)C=C[C@@]31CCN(C)C2,5.667,mL.min-1.kg-1,species_only_human
15456564,CHEMBL3540922,CHEMBL1677,CL,mL.min-1.kg-1,=,40.33,CHEMBL372,Homo sapiens,"Clearance in human at 2 mg, po single dose",A,Cl.Nc1c2c(nc3ccccc13)CCCC2,40.33,mL.min-1.kg-1,species_only_human
15456565,CHEMBL3540922,CHEMBL1678,CL,mL.min-1.kg-1,=,2.167,CHEMBL372,Homo sapiens,"Clearance in human at 2 mg, po single dose",A,COc1cc2c(cc1OC)C(=O)C(CC1CCN(Cc3ccccc3)CC1)C2.Cl,2.167,mL.min-1.kg-1,species_only_human
15456980,CHEMBL3540984,CHEMBL251074,CL,mL.min-1.kg-1,=,0.06,CHEMBL372,Homo sapiens,Hepatic clearance in human,A,CC(=O)C[C@@H](c1ccccc1)c1c(O)c2ccccc2oc1=O,0.06,mL.min-1.kg-1,species_only_human
15456981,CHEMBL3540984,CHEMBL6966,CL,mL.min-1.kg-1,=,13.3,CHEMBL372,Homo sapiens,Hepatic clearance in human,A,COc1ccc(CCN(C)CCCC(C#N)(c2ccc(OC)c(OC)c2)C(C)C)cc1OC,13.3,mL.min-1.kg-1,species_only_human
15456982,CHEMBL3540984,CHEMBL644,CL,mL.min-1.kg-1,=,15.9,CHEMBL372,Homo sapiens,Hepatic clearance in human,A,CC(CN(C)C)CN1c2ccccc2CCc2ccccc21,15.9,mL.min-1.kg-1,species_only_human
15456983,CHEMBL3540984,CHEMBL621,CL,mL.min-1.kg-1,=,1.81,CHEMBL372,Homo sapiens,Hepatic clearance in human,A,O=c1n(CCCN2CCN(c3cccc(Cl)c3)CC2)nc2ccccn12,1.81,mL.min-1.kg-1,species_only_human
15456984,CHEMBL3540984,CHEMBL782,CL,mL.min-1.kg-1,=,0.06,CHEMBL372,Homo sapiens,Hepatic clearance in human,A,CCCCNC(=O)NS(=O)(=O)c1ccc(C)cc1,0.06,mL.min-1.kg-1,species_only_human
15456985,CHEMBL3540984,CHEMBL499,CL,mL.min-1.kg-1,=,11.0,CHEMBL372,Homo sapiens,Hepatic clearance in human,A,CC(C)(C)NC[C@H](O)COc1nsnc1N1CCOCC1,11.0,mL.min-1.kg-1,species_only_human
15456986,CHEMBL3540984,CHEMBL1355736,CL,mL.min-1.kg-1,=,1.29,CHEMBL372,Homo sapiens,Hepatic clearance in human,A,Cn1c(=O)c2nc[nH]c2n(C)c1=O.O,1.29,mL.min-1.kg-1,species_only_human
15456987,CHEMBL3540984,CHEMBL192,CL,mL.min-1.kg-1,=,6.0,CHEMBL372,Homo sapiens,Hepatic clearance in human,A,CCCc1nn(C)c2c(=O)[nH]c(-c3cc(S(=O)(=O)N4CCN(C)CC4)ccc3OCC)nc12,6.0,mL.min-1.kg-1,species_only_human
15456988,CHEMBL3540984,CHEMBL85,CL,mL.min-1.kg-1,=,5.4,CHEMBL372,Homo sapiens,Hepatic clearance in human,A,Cc1nc2n(c(=O)c1CCN1CCC(c3noc4cc(F)ccc34)CC1)CCCC2,5.4,mL.min-1.kg-1,species_only_human
15456989,CHEMBL3540984,CHEMBL1294,CL,mL.min-1.kg-1,=,4.02,CHEMBL372,Homo sapiens,Hepatic clearance in human,A,C=C[C@H]1CN2CC[C@H]1C[C@@H]2[C@@H](O)c1ccnc2ccc(OC)cc12,4.02,mL.min-1.kg-1,species_only_human
15456990,CHEMBL3540984,CHEMBL27,CL,mL.min-1.kg-1,=,13.2,CHEMBL372,Homo sapiens,Hepatic clearance in human,A,CC(C)NCC(O)COc1cccc2ccccc12,13.2,mL.min-1.kg-1,species_only_human
15456991,CHEMBL3540984,CHEMBL452861,CL,mL.min-1.kg-1,=,12.9,CHEMBL372,Homo sapiens,Hepatic clearance in human,A,CC(C)NC[C@H](O)COc1cccc2ccccc12,12.9,mL.min-1.kg-1,species_only_human
15456992,CHEMBL3540984,CHEMBL631,CL,mL.min-1.kg-1,=,10.0,CHEMBL372,Homo sapiens,Hepatic clearance in human,A,CCCNCC(O)COc1ccccc1C(=O)CCc1ccccc1,10.0,mL.min-1.kg-1,species_only_human
15456993,CHEMBL3540984,CHEMBL564,CL,mL.min-1.kg-1,=,14.3,CHEMBL372,Homo sapiens,Hepatic clearance in human,A,CN(C)CCCN1c2ccccc2Sc2ccccc21,14.3,mL.min-1.kg-1,species_only_human
15456994,CHEMBL3540984,CHEMBL728,CL,mL.min-1.kg-1,=,16.4,CHEMBL372,Homo sapiens,Hepatic clearance in human,A,CN1CCN(CCCN2c3ccccc3Sc3ccc(Cl)cc32)CC1,16.4,mL.min-1.kg-1,species_only_human
15456995,CHEMBL3540984,CHEMBL131,CL,mL.min-1.kg-1,=,2.4,CHEMBL372,Homo sapiens,Hepatic clearance in human,A,C[C@]12C=CC(=O)C=C1CC[C@@H]1[C@@H]2[C@@H](O)C[C@@]2(C)[C@H]1CC[C@]2(O)C(=O)CO,2.4,mL.min-1.kg-1,species_only_human
15456996,CHEMBL3540984,CHEMBL16073,CL,mL.min-1.kg-1,=,19.6,CHEMBL372,Homo sapiens,Hepatic clearance in human,A,CCOc1ccc(NC(C)=O)cc1,19.6,mL.min-1.kg-1,species_only_human
15456997,CHEMBL3540984,CHEMBL193,CL,mL.min-1.kg-1,=,8.1,CHEMBL372,Homo sapiens,Hepatic clearance in human,A,COC(=O)C1=C(C)NC(C)=C(C(=O)OC)C1c1ccccc1[N+](=O)[O-],8.1,mL.min-1.kg-1,species_only_human
15456998,CHEMBL3540984,CHEMBL154,CL,mL.min-1.kg-1,=,0.106,CHEMBL372,Homo sapiens,Hepatic clearance in human,A,COc1ccc2cc([C@H](C)C(=O)O)ccc2c1,0.106,mL.min-1.kg-1,species_only_human
15456999,CHEMBL3540984,CHEMBL6437,CL,mL.min-1.kg-1,=,18.8,CHEMBL372,Homo sapiens,Hepatic clearance in human,A,CN1CCN2c3ccccc3Cc3ccccc3C2C1,18.8,mL.min-1.kg-1,species_only_human
15457000,CHEMBL3540984,CHEMBL13,CL,mL.min-1.kg-1,=,13.3,CHEMBL372,Homo sapiens,Hepatic clearance in human,A,COCCc1ccc(OCC(O)CNC(C)C)cc1,13.3,mL.min-1.kg-1,species_only_human
15457001,CHEMBL3540984,CHEMBL650,CL,mL.min-1.kg-1,=,6.7,CHEMBL372,Homo sapiens,Hepatic clearance in human,A,C[C@H]1C[C@@H]2[C@H]([C@@H](O)C[C@@]3(C)[C@H]2CC[C@]3(O)C(=O)CO)[C@@]2(C)C=CC(=O)C=C12,6.7,mL.min-1.kg-1,species_only_human
15457002,CHEMBL3540984,CHEMBL79,CL,mL.min-1.kg-1,=,11.5,CHEMBL372,Homo sapiens,Hepatic clearance in human,A,CCN(CC)CC(=O)Nc1c(C)cccc1C,11.5,mL.min-1.kg-1,species_only_human
15457003,CHEMBL3540984,CHEMBL429,CL,mL.min-1.kg-1,=,18.1,CHEMBL372,Homo sapiens,Hepatic clearance in human,A,CC(CCc1ccccc1)NCC(O)c1ccc(O)c(C(N)=O)c1,18.1,mL.min-1.kg-1,species_only_human
15457004,CHEMBL3540984,CHEMBL571,CL,mL.min-1.kg-1,=,1.2,CHEMBL372,Homo sapiens,Hepatic clearance in human,A,CC(C(=O)O)c1cccc(C(=O)c2ccccc2)c1,1.2,mL.min-1.kg-1,species_only_human
15457574,CHEMBL3535205,CHEMBL507001,CL,mL.min-1.kg-1,=,167.6,CHEMBL372,Homo sapiens,Intrinsic clearance in human,A,C[C@@H]1CC[C@@]2(OC1)O[C@H]1C[C@H]3[C@@H]4CC=C5C[C@@H](O[C@@H]6O[C@H](CO)[C@@H](O[C@@H]7O[C@@H](C)[C@H](O)[C@@H](O)[C@H]7O)[C@H](O)[C@H]6O[C@@H]6O[C@@H](C)[C@H](O)[C@@H](O)[C@H]6O)CC[C@]5(C)[C@H]4CC[C@]3(C)[C@H]1[C@@H]2C,167.6,mL.min-1.kg-1,species_only_human
15457601,CHEMBL3532270,CHEMBL54,CL,mL.min-1.g-1,=,16.0,CHEMBL612558,,Unbound intrinsic clearance in human intestinal cytosol at 50 to 1000 nM after 30 to 60 mins by HPLC-MS/MS analysis,A,O=C(CCCN1CCC(O)(c2ccc(Cl)cc2)CC1)c1ccc(F)cc1,0.016,mL.min-1.kg-1,species_only_human
15457602,CHEMBL3532270,CHEMBL685,CL,mL.min-1.g-1,=,45.0,CHEMBL612558,,Unbound intrinsic clearance in human intestinal cytosol at 50 to 1000 nM after 30 to 60 mins by HPLC-MS/MS analysis,A,COC(=O)Nc1nc2cc(C(=O)c3ccccc3)ccc2[nH]1,0.045,mL.min-1.kg-1,species_only_human
15457603,CHEMBL3532270,CHEMBL708,CL,mL.min-1.g-1,=,15.0,CHEMBL612558,,Unbound intrinsic clearance in human intestinal cytosol at 50 to 1000 nM after 30 to 60 mins by HPLC-MS/MS analysis,A,O=C1Cc2cc(CCN3CCN(c4nsc5ccccc45)CC3)c(Cl)cc2N1,0.015,mL.min-1.kg-1,species_only_human
15457604,CHEMBL3532271,CHEMBL54,CL,mL.min-1.g-1,=,6.0,CHEMBL2367378,Homo sapiens,Unbound intrinsic clearance in human liver cytosol at 50 to 1000 nM after 30 to 60 mins by HPLC-MS/MS analysis,A,O=C(CCCN1CCC(O)(c2ccc(Cl)cc2)CC1)c1ccc(F)cc1,0.006,mL.min-1.kg-1,species_only_human
15457605,CHEMBL3532271,CHEMBL685,CL,mL.min-1.g-1,=,11.0,CHEMBL2367378,Homo sapiens,Unbound intrinsic clearance in human liver cytosol at 50 to 1000 nM after 30 to 60 mins by HPLC-MS/MS analysis,A,COC(=O)Nc1nc2cc(C(=O)c3ccccc3)ccc2[nH]1,0.011,mL.min-1.kg-1,species_only_human
15457606,CHEMBL3532271,CHEMBL708,CL,mL.min-1.g-1,=,23.0,CHEMBL2367378,Homo sapiens,Unbound intrinsic clearance in human liver cytosol at 50 to 1000 nM after 30 to 60 mins by HPLC-MS/MS analysis,A,O=C1Cc2cc(CCN3CCN(c4nsc5ccccc45)CC3)c(Cl)cc2N1,0.023,mL.min-1.kg-1,species_only_human
15457881,CHEMBL3538761,CHEMBL3526744,CL,mL.min-1.g-1,=,0.0129,CHEMBL612558,,Activity of human recombinant glutaredoxin assessed as intrinsic clearance of enzyme-mediated (E)-2-(1-((S)-1-(2-chlorophenyl)-2-methoxy-2-oxoethyl)-4-mercaptopiperidin-3-ylidene)acetic acid formation per ug of protein,A,COC(=O)[C@H](c1ccccc1Cl)N1CCC(SSC[C@H](NC(=O)CC[C@H](N)C(=O)O)C(=O)NCC(=O)O)/C(=C/C(=O)O)C1,1.29e-05,mL.min-1.kg-1,species_only_human
15459448,CHEMBL3529438,CHEMBL3527222,CL,mL.min-1.kg-1,=,55.0,CHEMBL372,Homo sapiens,"Unbound hepatobiliary clearance in human treated with tolterodine at 4 mg, po twice daily for 8 days",A,Cc1ccc(O)c([C@H](CCN(C(C)C)C(C)CO)c2ccccc2)c1,55.0,mL.min-1.kg-1,species_only_human
15459449,CHEMBL3529437,CHEMBL3527222,CL,mL.min-1.kg-1,=,2.9,CHEMBL372,Homo sapiens,"Unbound renal clearance in human treated with tolterodine at 4 mg, po twice daily for 8 days",A,Cc1ccc(O)c([C@H](CCN(C(C)C)C(C)CO)c2ccccc2)c1,2.9,mL.min-1.kg-1,species_only_human
15459450,CHEMBL3529436,CHEMBL3527222,CL,mL.min-1.kg-1,=,21.0,CHEMBL372,Homo sapiens,"Systemic clearance in human treated with tolterodine at 4 mg, po twice daily for 8 days",A,Cc1ccc(O)c([C@H](CCN(C(C)C)C(C)CO)c2ccccc2)c1,21.0,mL.min-1.kg-1,species_only_human
15459453,CHEMBL3529404,CHEMBL3350581,CL,mL.min-1.kg-1,=,25.0,CHEMBL372,Homo sapiens,"Unbound hepatobiliary clearance in human treated with dilitiazem at 120 mg, po",A,CNCCN1C(=O)[C@H](OC(C)=O)[C@H](c2ccc(OC)cc2)Sc2ccccc21,25.0,mL.min-1.kg-1,species_only_human
15459454,CHEMBL3529405,CHEMBL3350581,CL,mL.min-1.kg-1,=,8.0,CHEMBL372,Homo sapiens,"Systemic clearance in human treated with dilitiazem at 120 mg, po",A,CNCCN1C(=O)[C@H](OC(C)=O)[C@H](c2ccc(OC)cc2)Sc2ccccc21,8.0,mL.min-1.kg-1,species_only_human
15459534,CHEMBL3529397,CHEMBL1382,CL,mL.min-1.kg-1,=,1.0,CHEMBL372,Homo sapiens,"Unbound renal clearance in human at 4 mg, po twice daily for 8 days",A,Cc1ccc(O)c([C@H](CCN(C(C)C)C(C)C)c2ccccc2)c1,1.0,mL.min-1.kg-1,species_only_human
15459535,CHEMBL3529398,CHEMBL1382,CL,mL.min-1.kg-1,=,44.0,CHEMBL372,Homo sapiens,"Systemic clearance in human at 4 mg, po twice daily for 8 days",A,Cc1ccc(O)c([C@H](CCN(C(C)C)C(C)C)c2ccccc2)c1,44.0,mL.min-1.kg-1,species_only_human
15459537,CHEMBL3529400,CHEMBL1137,CL,mL.min-1.kg-1,=,248.0,CHEMBL372,Homo sapiens,Unbound hepatobiliary clearance in human treated with propranolol,A,CC(C)NCC(O)COc1ccc(O)c2ccccc12,248.0,mL.min-1.kg-1,species_only_human
15459538,CHEMBL3529401,CHEMBL1137,CL,mL.min-1.kg-1,=,5.0,CHEMBL372,Homo sapiens,Unbound renal clearance in human treated with propranolol,A,CC(C)NCC(O)COc1ccc(O)c2ccccc12,5.0,mL.min-1.kg-1,species_only_human
15459539,CHEMBL3529403,CHEMBL1137,CL,mL.min-1.kg-1,=,66.0,CHEMBL372,Homo sapiens,Systemic clearance in human treated with propranolol,A,CC(C)NCC(O)COc1ccc(O)c2ccccc12,66.0,mL.min-1.kg-1,species_only_human
15459541,CHEMBL3529407,CHEMBL23,CL,mL.min-1.kg-1,=,48.0,CHEMBL372,Homo sapiens,"Unbound hepatobiliary clearance in human at 120 mg, po",A,COc1ccc([C@@H]2Sc3ccccc3N(CCN(C)C)C(=O)[C@@H]2OC(C)=O)cc1,48.0,mL.min-1.kg-1,species_only_human
15459542,CHEMBL3529408,CHEMBL23,CL,mL.min-1.kg-1,=,12.0,CHEMBL372,Homo sapiens,"Systemic clearance in human at 120 mg, po",A,COc1ccc([C@@H]2Sc3ccccc3N(CCN(C)C)C(=O)[C@@H]2OC(C)=O)cc1,12.0,mL.min-1.kg-1,species_only_human
15459544,CHEMBL3529410,CHEMBL3526946,CL,mL.min-1.kg-1,=,60.0,CHEMBL372,Homo sapiens,Unbound hepatobiliary clearance in human treated with darifenacin,A,NC(=O)C(c1ccccc1)(c1ccccc1)[C@@H]1CCN(CCc2ccc3c(c2)C(O)CO3)C1,60.0,mL.min-1.kg-1,species_only_human
15459545,CHEMBL3529411,CHEMBL3526946,CL,mL.min-1.kg-1,=,47.0,CHEMBL372,Homo sapiens,Unbound renal clearance in human treated with darifenacin,A,NC(=O)C(c1ccccc1)(c1ccccc1)[C@@H]1CCN(CCc2ccc3c(c2)C(O)CO3)C1,47.0,mL.min-1.kg-1,species_only_human
15459546,CHEMBL3529412,CHEMBL3526946,CL,mL.min-1.kg-1,=,14.0,CHEMBL372,Homo sapiens,Systemic clearance in human treated with darifenacin,A,NC(=O)C(c1ccccc1)(c1ccccc1)[C@@H]1CCN(CCc2ccc3c(c2)C(O)CO3)C1,14.0,mL.min-1.kg-1,species_only_human
15459548,CHEMBL3529414,CHEMBL27,CL,mL.min-1.kg-1,=,132.0,CHEMBL372,Homo sapiens,Unbound hepatobiliary clearance in human,A,CC(C)NCC(O)COc1cccc2ccccc12,132.0,mL.min-1.kg-1,species_only_human
15459550,CHEMBL3529415,CHEMBL27,CL,mL.min-1.kg-1,=,0.7,CHEMBL372,Homo sapiens,Unbound renal clearance in human,A,CC(C)NCC(O)COc1cccc2ccccc12,0.7,mL.min-1.kg-1,species_only_human
15459551,CHEMBL3529415,CHEMBL1346,CL,mL.min-1.kg-1,=,6.0,CHEMBL372,Homo sapiens,Unbound renal clearance in human,A,NC(=O)C(c1ccccc1)(c1ccccc1)[C@@H]1CCN(CCc2ccc3c(c2)CCO3)C1,6.0,mL.min-1.kg-1,species_only_human
15459552,CHEMBL3529416,CHEMBL27,CL,mL.min-1.kg-1,=,20.0,CHEMBL372,Homo sapiens,Systemic clearance in human,A,CC(C)NCC(O)COc1cccc2ccccc12,20.0,mL.min-1.kg-1,species_only_human
15459553,CHEMBL3529416,CHEMBL1346,CL,mL.min-1.kg-1,=,12.0,CHEMBL372,Homo sapiens,Systemic clearance in human,A,NC(=O)C(c1ccccc1)(c1ccccc1)[C@@H]1CCN(CCc2ccc3c(c2)CCO3)C1,12.0,mL.min-1.kg-1,species_only_human
15459556,CHEMBL3529418,CHEMBL909,CL,mL.min-1.kg-1,=,400.0,CHEMBL372,Homo sapiens,"Unbound hepatobiliary clearance in healthy human treated with chlorpromazine at 10 mg, iv bolus dose and 25, 50 and 100 mg, po",A,CN(C)CCCN1c2ccc(O)cc2Sc2ccc(Cl)cc21,400.0,mL.min-1.kg-1,species_only_human
15459557,CHEMBL3529419,CHEMBL909,CL,mL.min-1.kg-1,=,6.0,CHEMBL372,Homo sapiens,"Unbound renal clearance in healthy human treated with chlorpromazine at 10 mg, iv bolus dose and 25, 50 and 100 mg, po",A,CN(C)CCCN1c2ccc(O)cc2Sc2ccc(Cl)cc21,6.0,mL.min-1.kg-1,species_only_human
15459558,CHEMBL3529420,CHEMBL909,CL,mL.min-1.kg-1,=,6.1,CHEMBL372,Homo sapiens,"Systemic clearance in healthy human treated with chlorpromazine at 10 mg, iv bolus dose and 25, 50 and 100 mg, po",A,CN(C)CCCN1c2ccc(O)cc2Sc2ccc(Cl)cc21,6.1,mL.min-1.kg-1,species_only_human
15459561,CHEMBL3529423,CHEMBL71,CL,mL.min-1.kg-1,=,1.0,CHEMBL372,Homo sapiens,"Unbound renal clearance in healthy human at 10 mg, iv bolus dose and 25, 50 and 100 mg, po",A,CN(C)CCCN1c2ccccc2Sc2ccc(Cl)cc21,1.0,mL.min-1.kg-1,species_only_human
15459562,CHEMBL3529424,CHEMBL71,CL,mL.min-1.kg-1,=,18.3,CHEMBL372,Homo sapiens,"Systemic clearance in healthy human at 10 mg, iv bolus dose and 25, 50 and 100 mg, po",A,CN(C)CCCN1c2ccccc2Sc2ccc(Cl)cc21,18.3,mL.min-1.kg-1,species_only_human
15459850,CHEMBL3529377,CHEMBL1034,CL,mL.min-1.kg-1,=,6.48,CHEMBL372,Homo sapiens,Plasma clearance in po dosed human,A,O=C([O-])Cc1ccccc1Nc1c(Cl)cccc1Cl.[Na+],6.48,mL.min-1.kg-1,species_only_human
15459853,CHEMBL3529377,CHEMBL866,CL,mL.min-1.kg-1,=,3.54,CHEMBL372,Homo sapiens,Plasma clearance in po dosed human,A,COc1c(C)c2c(c(O)c1C/C=C(\C)CCC(=O)O)C(=O)OC2,3.54,mL.min-1.kg-1,species_only_human
15459854,CHEMBL3529376,CHEMBL1034,CL,mL.min-1.kg-1,=,3.5,CHEMBL372,Homo sapiens,Plasma clearance in human,A,O=C([O-])Cc1ccccc1Nc1c(Cl)cccc1Cl.[Na+],3.5,mL.min-1.kg-1,species_only_human
15459855,CHEMBL3529376,CHEMBL866,CL,mL.min-1.kg-1,=,3.31,CHEMBL372,Homo sapiens,Plasma clearance in human,A,COc1c(C)c2c(c(O)c1C/C=C(\C)CCC(=O)O)C(=O)OC2,3.31,mL.min-1.kg-1,species_only_human
15459857,CHEMBL3529377,CHEMBL35,CL,mL.min-1.kg-1,=,2.12,CHEMBL372,Homo sapiens,Plasma clearance in po dosed human,A,NS(=O)(=O)c1cc(C(=O)O)c(NCc2ccco2)cc1Cl,2.12,mL.min-1.kg-1,species_only_human
15459860,CHEMBL3529377,CHEMBL2237108,CL,mL.min-1.kg-1,=,1.9,CHEMBL372,Homo sapiens,Plasma clearance in po dosed human,A,C[C@H]1COc2c(N3CCN(C)CC3)c(F)cc3c(=O)c(C(=O)O)cn1c23.Cl,1.9,mL.min-1.kg-1,species_only_human
15459861,CHEMBL3529376,CHEMBL2237108,CL,mL.min-1.kg-1,=,1.9,CHEMBL372,Homo sapiens,Plasma clearance in human,A,C[C@H]1COc2c(N3CCN(C)CC3)c(F)cc3c(=O)c(C(=O)O)cn1c23.Cl,1.9,mL.min-1.kg-1,species_only_human
15459863,CHEMBL3529377,CHEMBL571,CL,mL.min-1.kg-1,=,1.74,CHEMBL372,Homo sapiens,Plasma clearance in po dosed human,A,CC(C(=O)O)c1cccc(C(=O)c2ccccc2)c1,1.74,mL.min-1.kg-1,species_only_human
15459864,CHEMBL3529377,CHEMBL457,CL,mL.min-1.kg-1,=,1.73,CHEMBL372,Homo sapiens,Plasma clearance in po dosed human,A,Cc1ccc(C)c(OCCCC(C)(C)C(=O)O)c1,1.73,mL.min-1.kg-1,species_only_human
15459866,CHEMBL3529376,CHEMBL457,CL,mL.min-1.kg-1,=,1.7,CHEMBL372,Homo sapiens,Plasma clearance in human,A,Cc1ccc(C)c(OCCCC(C)(C)C(=O)O)c1,1.7,mL.min-1.kg-1,species_only_human
15459869,CHEMBL3529376,CHEMBL35,CL,mL.min-1.kg-1,=,1.6,CHEMBL372,Homo sapiens,Plasma clearance in human,A,NS(=O)(=O)c1cc(C(=O)O)c(NCc2ccco2)cc1Cl,1.6,mL.min-1.kg-1,species_only_human
15459870,CHEMBL3529376,CHEMBL571,CL,mL.min-1.kg-1,=,1.6,CHEMBL372,Homo sapiens,Plasma clearance in human,A,CC(C(=O)O)c1cccc(C(=O)c2ccccc2)c1,1.6,mL.min-1.kg-1,species_only_human
15459871,CHEMBL3529377,CHEMBL6,CL,mL.min-1.kg-1,=,1.58,CHEMBL372,Homo sapiens,Plasma clearance in po dosed human,A,COc1ccc2c(c1)c(CC(=O)O)c(C)n2C(=O)c1ccc(Cl)cc1,1.58,mL.min-1.kg-1,species_only_human
15459872,CHEMBL3529376,CHEMBL6,CL,mL.min-1.kg-1,=,1.58,CHEMBL372,Homo sapiens,Plasma clearance in human,A,COc1ccc2c(c1)c(CC(=O)O)c(C)n2C(=O)c1ccc(Cl)cc1,1.58,mL.min-1.kg-1,species_only_human
15459884,CHEMBL3529377,CHEMBL580,CL,mL.min-1.kg-1,=,1.21,CHEMBL372,Homo sapiens,Plasma clearance in po dosed human,A,O=C1Nc2ccc(Cl)cc2C(c2ccccc2Cl)=NC1O,1.21,mL.min-1.kg-1,species_only_human
15459885,CHEMBL3529376,CHEMBL580,CL,mL.min-1.kg-1,=,1.21,CHEMBL372,Homo sapiens,Plasma clearance in human,A,O=C1Nc2ccc(Cl)cc2C(c2ccccc2Cl)=NC1O,1.21,mL.min-1.kg-1,species_only_human
15461544,CHEMBL3529377,CHEMBL129,CL,mL.min-1.kg-1,=,33.3,CHEMBL372,Homo sapiens,Plasma clearance in po dosed human,A,Cc1cn([C@H]2C[C@H](N=[N+]=[N-])[C@@H](CO)O2)c(=O)[nH]c1=O,33.3,mL.min-1.kg-1,species_only_human
15461545,CHEMBL3529377,CHEMBL1692,CL,mL.min-1.kg-1,=,31.0,CHEMBL372,Homo sapiens,Plasma clearance in po dosed human,A,CN(C)CCCN1c2ccccc2CCc2ccccc21.Cl,31.0,mL.min-1.kg-1,species_only_human
15461546,CHEMBL3529376,CHEMBL129,CL,mL.min-1.kg-1,=,25.0,CHEMBL372,Homo sapiens,Plasma clearance in human,A,Cc1cn([C@H]2C[C@H](N=[N+]=[N-])[C@@H](CO)O2)c(=O)[nH]c1=O,25.0,mL.min-1.kg-1,species_only_human
15461547,CHEMBL3529377,CHEMBL1017,CL,mL.min-1.kg-1,=,17.8,CHEMBL372,Homo sapiens,Plasma clearance in po dosed human,A,CCCc1nc2c(C)cc(-c3nc4ccccc4n3C)cc2n1Cc1ccc(-c2ccccc2C(=O)O)cc1,17.8,mL.min-1.kg-1,species_only_human
15461549,CHEMBL3529376,CHEMBL81,CL,mL.min-1.kg-1,=,14.7,CHEMBL372,Homo sapiens,Plasma clearance in human,A,O=C(c1ccc(OCCN2CCCCC2)cc1)c1c(-c2ccc(O)cc2)sc2cc(O)ccc12,14.7,mL.min-1.kg-1,species_only_human
15461550,CHEMBL3529376,CHEMBL1692,CL,mL.min-1.kg-1,=,13.0,CHEMBL372,Homo sapiens,Plasma clearance in human,A,CN(C)CCCN1c2ccccc2CCc2ccccc21.Cl,13.0,mL.min-1.kg-1,species_only_human
15461554,CHEMBL3529376,CHEMBL1017,CL,mL.min-1.kg-1,=,8.4,CHEMBL372,Homo sapiens,Plasma clearance in human,A,CCCc1nc2c(C)cc(-c3nc4ccccc4n3C)cc2n1Cc1ccc(-c2ccccc2C(=O)O)cc1,8.4,mL.min-1.kg-1,species_only_human
15462495,CHEMBL3540017,CHEMBL3527592,CL,mL.min-1.g-1,=,1.22,CHEMBL3257,Homo sapiens,Drug metabolism in human liver cytosol assessed as intrinsic clearance for aldehyde-oxidase-mediated BILR516 metabolite formation after 10 mins by Eadie-Hofstee plot analysis,A,CCN1c2ncc(CCOc3ccnc4ccccc34)cc2C(=O)N(C)c2cccnc21,0.00122,mL.min-1.kg-1,species_only_human
15462496,CHEMBL3540018,CHEMBL3527592,CL,mL.min-1.g-1,=,0.437,CHEMBL3257,Homo sapiens,Drug metabolism in human liver cytosol assessed as intrinsic clearance for high affinity low capacity site aldehyde-oxidase-mediated BILR516 metabolite formation measured per mg protein after 10 mins by Eadie-Hofstee plot analysis,A,CCN1c2ncc(CCOc3ccnc4ccccc34)cc2C(=O)N(C)c2cccnc21,0.000437,mL.min-1.kg-1,species_only_human
15464235,CHEMBL3527736,CHEMBL3527027,CL,mL.min-1.g-1,=,0.000199,CHEMBL1743319,Homo sapiens,Activity of human recombinant UGT1A9 expressed in insect cells assessed as intrinsic clearance for enzyme-mediated N-carbamoyl glucuronide formation per mg protein,A,C[C@H]1CNCCc2ccc(Cl)cc21.Cl.O,1.9900000000000002e-07,mL.min-1.kg-1,species_only_human
15464238,CHEMBL3527739,CHEMBL3527027,CL,mL.min-1.g-1,=,0.001987,CHEMBL4370,Homo sapiens,Activity of human recombinant UGT2B7 expressed in insect cells assessed as intrinsic clearance for enzyme-mediated N-carbamoyl glucuronide formation per mg protein,A,C[C@H]1CNCCc2ccc(Cl)cc21.Cl.O,1.987e-06,mL.min-1.kg-1,species_only_human
15464241,CHEMBL3527742,CHEMBL3527027,CL,mL.min-1.g-1,=,0.004601,CHEMBL6161,Homo sapiens,Activity of human recombinant UGT2B15 expressed in insect cells assessed as intrinsic clearance for enzyme-mediated N-carbamoyl glucuronide formation per mg protein,A,C[C@H]1CNCCc2ccc(Cl)cc21.Cl.O,4.601e-06,mL.min-1.kg-1,species_only_human
15464244,CHEMBL3527745,CHEMBL3527027,CL,mL.min-1.g-1,=,0.000611,CHEMBL4978,Homo sapiens,Activity of human recombinant UGT2B17 expressed in insect cells assessed as intrinsic clearance for enzyme-mediated N-carbamoyl glucuronide formation per mg protein,A,C[C@H]1CNCCc2ccc(Cl)cc21.Cl.O,6.11e-07,mL.min-1.kg-1,species_only_human
15464282,CHEMBL3534679,CHEMBL1133,CL,mL.min-1.g-1,=,0.0082,CHEMBL2367378,Homo sapiens,Intrinsic clearance in human liver cytosol assessed as 2-cyclohexyl-2-phenylglycolic acid formation per mg of protein by Michaelis-Menten equation,A,CCN(CC)CC#CCOC(=O)C(O)(c1ccccc1)C1CCCCC1.Cl,8.200000000000001e-06,mL.min-1.kg-1,species_only_human
15464283,CHEMBL3534680,CHEMBL1133,CL,mL.min-1.g-1,=,0.018,CHEMBL612558,,Activity of human recombinant CES1b/CES1A1 expressed in baculovirus-infected High Five insect cells assessed as intrinsic clearance for enzyme-mediated 2-cyclohexyl-2-phenylglycolic acid formation per mg of protein by Michaelis-Menten equation,A,CCN(CC)CC#CCOC(=O)C(O)(c1ccccc1)C1CCCCC1.Cl,1.7999999999999997e-05,mL.min-1.kg-1,species_only_human
15464284,CHEMBL3534681,CHEMBL1133,CL,mL.min-1.g-1,=,0.00051,CHEMBL3180,Homo sapiens,Activity of human recombinant CES2 expressed in baculovirus-infected High Five insect cells assessed as intrinsic clearance for enzyme-mediated 2-cyclohexyl-2-phenylglycolic acid formation per mg of protein by Michaelis-Menten equation,A,CCN(CC)CC#CCOC(=O)C(O)(c1ccccc1)C1CCCCC1.Cl,5.1e-07,mL.min-1.kg-1,species_only_human
15464488,CHEMBL3529550,CHEMBL1435,CL,mL.min-1.kg-1,=,0.007,CHEMBL372,Homo sapiens,Unbound biliary clearance in iv dosed human by T-tube method,A,Cc1nnc(SCC2=C(C(=O)O)N3C(=O)[C@@H](NC(=O)Cn4cnnn4)[C@H]3SC2)s1,0.007,mL.min-1.kg-1,species_only_human
15464489,CHEMBL3529530,CHEMBL1435,CL,mL.min-1.kg-1,=,0.001,CHEMBL372,Homo sapiens,Total biliary clearance in iv dosed human by T-tube method,A,Cc1nnc(SCC2=C(C(=O)O)N3C(=O)[C@@H](NC(=O)Cn4cnnn4)[C@H]3SC2)s1,0.001,mL.min-1.kg-1,species_only_human
15464497,CHEMBL3529549,CHEMBL532,CL,mL.min-1.kg-1,=,7.169,CHEMBL372,Homo sapiens,Unbound biliary clearance in iv dosed human after 20 hrs,A,CC[C@H]1OC(=O)[C@H](C)[C@@H](O[C@H]2C[C@@](C)(OC)[C@@H](O)[C@H](C)O2)[C@H](C)[C@@H](O[C@@H]2O[C@H](C)C[C@H](N(C)C)[C@H]2O)[C@](C)(O)C[C@@H](C)C(=O)[C@H](C)[C@@H](O)[C@]1(C)O,7.169,mL.min-1.kg-1,species_only_human
15464498,CHEMBL3529529,CHEMBL532,CL,mL.min-1.kg-1,=,1.147,CHEMBL372,Homo sapiens,Total biliary clearance in iv dosed human after 20 hrs by duodenal aspiration method,A,CC[C@H]1OC(=O)[C@H](C)[C@@H](O[C@H]2C[C@@](C)(OC)[C@@H](O)[C@H](C)O2)[C@H](C)[C@@H](O[C@@H]2O[C@H](C)C[C@H](N(C)C)[C@H]2O)[C@](C)(O)C[C@@H](C)C(=O)[C@H](C)[C@@H](O)[C@]1(C)O,1.147,mL.min-1.kg-1,species_only_human
15464506,CHEMBL3529548,CHEMBL1751,CL,mL.min-1.kg-1,=,2.279,CHEMBL372,Homo sapiens,"Unbound biliary clearance in human at 1 nmol/l, iv after 8 hrs",A,C[C@H]1O[C@@H](O[C@H]2[C@@H](O)C[C@H](O[C@H]3[C@@H](O)C[C@H](O[C@H]4CC[C@@]5(C)[C@H](CC[C@@H]6[C@@H]5C[C@@H](O)[C@]5(C)[C@@H](C7=CC(=O)OC7)CC[C@]65O)C4)O[C@@H]3C)O[C@@H]2C)C[C@H](O)[C@@H]1O,2.279,mL.min-1.kg-1,species_only_human
15464507,CHEMBL3529528,CHEMBL1751,CL,mL.min-1.kg-1,=,1.595,CHEMBL372,Homo sapiens,"Total biliary clearance in human at 1 nmol/l, iv after 8 hrs by duodenal perfusion method",A,C[C@H]1O[C@@H](O[C@H]2[C@@H](O)C[C@H](O[C@H]3[C@@H](O)C[C@H](O[C@H]4CC[C@@]5(C)[C@H](CC[C@@H]6[C@@H]5C[C@@H](O)[C@]5(C)[C@@H](C7=CC(=O)OC7)CC[C@]65O)C4)O[C@@H]3C)O[C@@H]2C)C[C@H](O)[C@@H]1O,1.595,mL.min-1.kg-1,species_only_human
15464515,CHEMBL3529547,CHEMBL53463,CL,mL.min-1.kg-1,=,7.268,CHEMBL372,Homo sapiens,Unbound biliary clearance in iv dosed human after 24 hrs by T-tube method,A,COc1cccc2c1C(=O)c1c(O)c3c(c(O)c1C2=O)C[C@@](O)(C(=O)CO)C[C@@H]3O[C@H]1C[C@H](N)[C@H](O)[C@H](C)O1,7.268,mL.min-1.kg-1,species_only_human
15464516,CHEMBL3529527,CHEMBL53463,CL,mL.min-1.kg-1,=,2.035,CHEMBL372,Homo sapiens,Total biliary clearance in iv dosed human after 24 hrs by T-tube method,A,COc1cccc2c1C(=O)c1c(O)c3c(c(O)c1C2=O)C[C@@](O)(C(=O)CO)C[C@@H]3O[C@H]1C[C@H](N)[C@H](O)[C@H](C)O1,2.035,mL.min-1.kg-1,species_only_human
15464522,CHEMBL3529527,CHEMBL1144,CL,mL.min-1.kg-1,=,3.105,CHEMBL372,Homo sapiens,Total biliary clearance in iv dosed human after 24 hrs by T-tube method,A,CC[C@H](C)C(=O)O[C@H]1C[C@H](O)C=C2C=C[C@H](C)[C@H](CC[C@@H](O)C[C@@H](O)CC(=O)O)[C@H]21,3.105,mL.min-1.kg-1,species_only_human
15464525,CHEMBL3529527,CHEMBL34259,CL,mL.min-1.kg-1,=,0.048,CHEMBL372,Homo sapiens,Total biliary clearance in iv dosed human after 24 hrs by T-tube method,A,CN(Cc1cnc2nc(N)nc(N)c2n1)c1ccc(C(=O)N[C@@H](CCC(=O)O)C(=O)O)cc1,0.048,mL.min-1.kg-1,species_only_human
15464529,CHEMBL3529546,CHEMBL474579,CL,mL.min-1.kg-1,=,0.048,CHEMBL372,Homo sapiens,Total biliary clearance in iv dosed human after 7 hrs by duodenal perfusion method,A,CO[C@@]1(NC(=O)C2SC(=C(C(N)=O)C(=O)O)S2)C(=O)N2C(C(=O)O)=C(CSc3nnnn3C)CS[C@@H]21,0.048,mL.min-1.kg-1,species_only_human
15464530,CHEMBL3529545,CHEMBL325166,CL,mL.min-1.kg-1,=,4.357,CHEMBL372,Homo sapiens,Total biliary clearance in human,A,N=C(N)N1CCC[C@@H](CNC(=O)C[C@H](NS(=O)(=O)c2ccc3ccccc3c2)C(=O)N(CC(=O)O)C2CC2)C1,4.357,mL.min-1.kg-1,species_only_human
15464545,CHEMBL3529741,CHEMBL325166,CL,mL.min-1.kg-1,=,7.922,CHEMBL372,Homo sapiens,Unbound biliary clearance in human,A,N=C(N)N1CCC[C@@H](CNC(=O)C[C@H](NS(=O)(=O)c2ccc3ccccc3c2)C(=O)N(CC(=O)O)C2CC2)C1,7.922,mL.min-1.kg-1,species_only_human
15464549,CHEMBL3529740,CHEMBL8,CL,mL.min-1.kg-1,=,0.084,CHEMBL372,Homo sapiens,"Unbound biliary clearance in human at 400 mg, po after 12 hrs by T-tube method",A,O=C(O)c1cn(C2CC2)c2cc(N3CCNCC3)c(F)cc2c1=O,0.084,mL.min-1.kg-1,species_only_human
15464550,CHEMBL3529544,CHEMBL8,CL,mL.min-1.kg-1,=,0.059,CHEMBL372,Homo sapiens,"Total biliary clearance in human at 400 mg, po after 24 hrs by T-tube method",A,O=C(O)c1cn(C2CC2)c2cc(N3CCNCC3)c(F)cc2c1=O,0.059,mL.min-1.kg-1,species_only_human
15464554,CHEMBL3529739,CHEMBL914,CL,mL.min-1.kg-1,=,4.0,CHEMBL372,Homo sapiens,"Unbound biliary clearance in human at 60 mg, po after 24 hrs by fecal extraction method",A,CC(C)(C(=O)O)c1ccc(C(O)CCCN2CCC(C(O)(c3ccccc3)c3ccccc3)CC2)cc1,4.0,mL.min-1.kg-1,species_only_human
15464555,CHEMBL3529543,CHEMBL914,CL,mL.min-1.kg-1,=,1.4,CHEMBL372,Homo sapiens,"Total biliary clearance in human at 60 mg, po after 12 hrs by fecal extraction method",A,CC(C)(C(=O)O)c1ccc(C(O)CCCN2CCC(C(O)(c3ccccc3)c3ccccc3)CC2)cc1,1.4,mL.min-1.kg-1,species_only_human
15464559,CHEMBL3529738,CHEMBL651,CL,mL.min-1.kg-1,=,0.006,CHEMBL372,Homo sapiens,Unbound biliary clearance in po dosed human after 24 hrs by T-tube method,A,CCC(=O)C(CC(C)N(C)C)(c1ccccc1)c1ccccc1,0.006,mL.min-1.kg-1,species_only_human
15464560,CHEMBL3529542,CHEMBL651,CL,mL.min-1.kg-1,=,0.001,CHEMBL372,Homo sapiens,Total biliary clearance in po dosed human after 24 hrs by T-tube method,A,CCC(=O)C(CC(C)N(C)C)(c1ccccc1)c1ccccc1,0.001,mL.min-1.kg-1,species_only_human
15464564,CHEMBL3529737,CHEMBL90555,CL,mL.min-1.kg-1,=,0.523,CHEMBL372,Homo sapiens,Unbound biliary clearance in iv dosed human after 72 hrs by T-tube method,A,CC[C@]1(O)C[C@H]2CN(CCc3c([nH]c4ccccc34)[C@@](C(=O)OC)(c3cc4c(cc3OC)N(C=O)[C@H]3[C@@](O)(C(=O)OC)[C@H](OC(C)=O)[C@]5(CC)C=CCN6CC[C@]43[C@@H]65)C2)C1,0.523,mL.min-1.kg-1,species_only_human
15464565,CHEMBL3529541,CHEMBL90555,CL,mL.min-1.kg-1,=,0.209,CHEMBL372,Homo sapiens,Total biliary clearance in iv dosed human after 72 hrs by T-tube method,A,CC[C@]1(O)C[C@H]2CN(CCc3c([nH]c4ccccc34)[C@@](C(=O)OC)(c3cc4c(cc3OC)N(C=O)[C@H]3[C@@](O)(C(=O)OC)[C@H](OC(C)=O)[C@]5(CC)C=CCN6CC[C@]43[C@@H]65)C2)C1,0.209,mL.min-1.kg-1,species_only_human
15464568,CHEMBL3529736,CHEMBL1790041,CL,mL.min-1.kg-1,=,0.161,CHEMBL372,Homo sapiens,"Unbound biliary clearance in human at 50 mg, iv after 24 hrs by T-tube method",A,CNC(=C[N+](=O)[O-])NCCSCc1ccc(CN(C)C)o1,0.161,mL.min-1.kg-1,species_only_human
15464569,CHEMBL3529540,CHEMBL1790041,CL,mL.min-1.kg-1,=,0.153,CHEMBL372,Homo sapiens,"Total biliary clearance in human at 50 mg, iv after 24 hrs by T-tube method",A,CNC(=C[N+](=O)[O-])NCCSCc1ccc(CN(C)C)o1,0.153,mL.min-1.kg-1,species_only_human
15464573,CHEMBL3529735,CHEMBL1034,CL,mL.min-1.kg-1,=,8.4,CHEMBL372,Homo sapiens,Unbound biliary clearance in iv dosed human after 8 hrs by T-tube method,A,O=C([O-])Cc1ccccc1Nc1c(Cl)cccc1Cl.[Na+],8.4,mL.min-1.kg-1,species_only_human
15464574,CHEMBL3529539,CHEMBL1034,CL,mL.min-1.kg-1,=,0.042,CHEMBL372,Homo sapiens,Total biliary clearance in iv dosed human after 8 hrs by T-tube method,A,O=C([O-])Cc1ccccc1Nc1c(Cl)cccc1Cl.[Na+],0.042,mL.min-1.kg-1,species_only_human
15464578,CHEMBL3529547,CHEMBL1144,CL,mL.min-1.kg-1,=,6.21,CHEMBL372,Homo sapiens,Unbound biliary clearance in iv dosed human after 24 hrs by T-tube method,A,CC[C@H](C)C(=O)O[C@H]1C[C@H](O)C=C2C=C[C@H](C)[C@H](CC[C@@H](O)C[C@@H](O)CC(=O)O)[C@H]21,6.21,mL.min-1.kg-1,species_only_human
15464582,CHEMBL3529547,CHEMBL34259,CL,mL.min-1.kg-1,=,1.108,CHEMBL372,Homo sapiens,Unbound biliary clearance in iv dosed human after 24 hrs by T-tube method,A,CN(Cc1cnc2nc(N)nc(N)c2n1)c1ccc(C(=O)N[C@@H](CCC(=O)O)C(=O)O)cc1,1.108,mL.min-1.kg-1,species_only_human
15464586,CHEMBL3529734,CHEMBL74632,CL,mL.min-1.kg-1,=,0.008,CHEMBL372,Homo sapiens,"Unbound biliary clearance in human at 1 gm, iv after 8 hrs by T-tube method",A,CO[C@@]1(NC(=O)C(C(=O)O)c2ccc(O)cc2)C(=O)N2C(C(=O)O)=C(CSc3nnnn3C)CO[C@@H]21,0.008,mL.min-1.kg-1,species_only_human
15464587,CHEMBL3529537,CHEMBL74632,CL,mL.min-1.kg-1,=,0.003,CHEMBL372,Homo sapiens,"Total biliary clearance in human at 1 gm, iv after 8 hrs by T-tube method",A,CO[C@@]1(NC(=O)C(C(=O)O)c2ccc(O)cc2)C(=O)N2C(C(=O)O)=C(CSc3nnnn3C)CO[C@@H]21,0.003,mL.min-1.kg-1,species_only_human
15464592,CHEMBL3529733,CHEMBL1069,CL,mL.min-1.kg-1,=,10.78,CHEMBL372,Homo sapiens,"Unbound biliary clearance in human at 20 mg, iv after 24 hrs by T-tube method",A,CCCCC(=O)N(Cc1ccc(-c2ccccc2-c2nnn[nH]2)cc1)[C@H](C(=O)O)C(C)C,10.78,mL.min-1.kg-1,species_only_human
15464593,CHEMBL3529536,CHEMBL1069,CL,mL.min-1.kg-1,=,0.431,CHEMBL372,Homo sapiens,"Total biliary clearance in human at 20 mg, iv after 24 hrs by T-tube method",A,CCCCC(=O)N(Cc1ccc(-c2ccccc2-c2nnn[nH]2)cc1)[C@H](C(=O)O)C(C)C,0.431,mL.min-1.kg-1,species_only_human
15464598,CHEMBL3529732,CHEMBL507674,CL,mL.min-1.kg-1,=,2.129,CHEMBL372,Homo sapiens,"Unbound biliary clearance in human at 2 gm, iv after 24 hrs by T-tube method",A,CCN1CCN(C(=O)N[C@@H](C(=O)N[C@@H]2C(=O)N3C(C(=O)O)=C(CSc4nnnn4C)CS[C@H]23)c2ccc(O)cc2)C(=O)C1=O,2.129,mL.min-1.kg-1,species_only_human
15464599,CHEMBL3529535,CHEMBL507674,CL,mL.min-1.kg-1,=,0.149,CHEMBL372,Homo sapiens,"Total biliary clearance in human at 2 gm, iv after 24 hrs by T-tube method",A,CCN1CCN(C(=O)N[C@@H](C(=O)N[C@@H]2C(=O)N3C(C(=O)O)=C(CSc4nnnn4C)CS[C@H]23)c2ccc(O)cc2)C(=O)C1=O,0.149,mL.min-1.kg-1,species_only_human
15464607,CHEMBL3529731,CHEMBL1201204,CL,mL.min-1.kg-1,=,1.0,CHEMBL372,Homo sapiens,"Unbound biliary clearance in human at 1 gm, iv after 24 hrs by T-tube method",A,Cc1cc(O)c(C(=O)N[C@@H](C(=O)N[C@@H]2C(=O)N3C(C(=O)O)=C(CSc4nnnn4C)CS[C@H]23)c2ccc(O)cc2)cn1,1.0,mL.min-1.kg-1,species_only_human
15464608,CHEMBL3529534,CHEMBL1201204,CL,mL.min-1.kg-1,=,0.04,CHEMBL372,Homo sapiens,"Total biliary clearance in human at 1 gm, iv after 24 hrs by T-tube method",A,Cc1cc(O)c(C(=O)N[C@@H](C(=O)N[C@@H]2C(=O)N3C(C(=O)O)=C(CSc4nnnn4C)CS[C@H]23)c2ccc(O)cc2)cn1,0.04,mL.min-1.kg-1,species_only_human
15464616,CHEMBL3529730,CHEMBL161,CL,mL.min-1.kg-1,=,0.933,CHEMBL372,Homo sapiens,Unbound biliary clearance in iv dosed human after 6 to 8 hrs by duodenal perfusion method,A,CO/N=C(\C(=O)N[C@@H]1C(=O)N2C(C(=O)O)=C(CSc3nc(=O)c(O)nn3C)CS[C@H]12)c1csc(N)n1,0.933,mL.min-1.kg-1,species_only_human
15464617,CHEMBL3529533,CHEMBL161,CL,mL.min-1.kg-1,=,0.07,CHEMBL372,Homo sapiens,Total biliary clearance in iv dosed human after 6 to 8 hrs by duodenal perfusion method,A,CO/N=C(\C(=O)N[C@@H]1C(=O)N2C(C(=O)O)=C(CSc3nc(=O)c(O)nn3C)CS[C@H]12)c1csc(N)n1,0.07,mL.min-1.kg-1,species_only_human
15464622,CHEMBL3529729,CHEMBL1541,CL,mL.min-1.kg-1,=,0.452,CHEMBL372,Homo sapiens,"Unbound biliary clearance in human at 200 mg, po after 24 hrs by T-tube method",A,C=CC1=C(C(=O)O)N2C(=O)[C@@H](NC(=O)/C(=N\OCC(=O)O)c3csc(N)n3)[C@H]2SC1,0.452,mL.min-1.kg-1,species_only_human
15464623,CHEMBL3529532,CHEMBL1541,CL,mL.min-1.kg-1,=,0.14,CHEMBL372,Homo sapiens,"Total biliary clearance in human at 200 mg, po after 24 hrs by T-tube method",A,C=CC1=C(C(=O)O)N2C(=O)[C@@H](NC(=O)/C(=N\OCC(=O)O)c3csc(N)n3)[C@H]2SC1,0.14,mL.min-1.kg-1,species_only_human
15464629,CHEMBL3529742,CHEMBL474579,CL,mL.min-1.kg-1,=,0.32,CHEMBL372,Homo sapiens,Unbound biliary clearance in iv dosed human after 7 hrs by duodenal perfusion method,A,CO[C@@]1(NC(=O)C2SC(=C(C(N)=O)C(=O)O)S2)C(=O)N2C(C(=O)O)=C(CSc3nnnn3C)CS[C@@H]21,0.32,mL.min-1.kg-1,species_only_human
15464635,CHEMBL3529551,CHEMBL1146,CL,mL.min-1.kg-1,=,0.048,CHEMBL372,Homo sapiens,Unbound biliary clearance in iv dosed human after 6 hrs,A,Cn1nnnc1SCC1=C(C(=O)O)N2C(=O)[C@@H](NC(=O)[C@H](O)c3ccccc3)[C@H]2SC1,0.048,mL.min-1.kg-1,species_only_human
15464636,CHEMBL3529531,CHEMBL1146,CL,mL.min-1.kg-1,=,0.012,CHEMBL372,Homo sapiens,Total biliary clearance in iv dosed human after 6 hrs by T-tube method,A,Cn1nnnc1SCC1=C(C(=O)O)N2C(=O)[C@@H](NC(=O)[C@H](O)c3ccccc3)[C@H]2SC1,0.012,mL.min-1.kg-1,species_only_human
15465845,CHEMBL3540984,CHEMBL11,CL,mL.min-1.kg-1,=,13.5,CHEMBL372,Homo sapiens,Hepatic clearance in human,A,CN(C)CCCN1c2ccccc2CCc2ccccc21,13.5,mL.min-1.kg-1,species_only_human
15465846,CHEMBL3540984,CHEMBL521,CL,mL.min-1.kg-1,=,0.81,CHEMBL372,Homo sapiens,Hepatic clearance in human,A,CC(C)Cc1ccc(C(C)C(=O)O)cc1,0.81,mL.min-1.kg-1,species_only_human
15465847,CHEMBL3540984,CHEMBL472,CL,mL.min-1.kg-1,=,1.3,CHEMBL372,Homo sapiens,Hepatic clearance in human,A,COc1ccc(Cl)cc1C(=O)NCCc1ccc(S(=O)(=O)NC(=O)NC2CCCCC2)cc1,1.3,mL.min-1.kg-1,species_only_human
15465848,CHEMBL3540984,CHEMBL1481,CL,mL.min-1.kg-1,=,0.69,CHEMBL372,Homo sapiens,Hepatic clearance in human,A,CCC1=C(C)CN(C(=O)NCCc2ccc(S(=O)(=O)NC(=O)N[C@H]3CC[C@H](C)CC3)cc2)C1=O,0.69,mL.min-1.kg-1,species_only_human
15465849,CHEMBL3540984,CHEMBL35,CL,mL.min-1.kg-1,=,1.7,CHEMBL372,Homo sapiens,Hepatic clearance in human,A,NS(=O)(=O)c1cc(C(=O)O)c(NCc2ccco2)cc1Cl,1.7,mL.min-1.kg-1,species_only_human
15465850,CHEMBL3540984,CHEMBL563,CL,mL.min-1.kg-1,=,0.45,CHEMBL372,Homo sapiens,Hepatic clearance in human,A,CC(C(=O)O)c1ccc(-c2ccccc2)c(F)c1,0.45,mL.min-1.kg-1,species_only_human
15465851,CHEMBL3540984,CHEMBL726,CL,mL.min-1.kg-1,=,9.9,CHEMBL372,Homo sapiens,Hepatic clearance in human,A,OCCN1CCN(CCCN2c3ccccc3Sc3ccc(C(F)(F)F)cc32)CC1,9.9,mL.min-1.kg-1,species_only_human
15465852,CHEMBL3540984,CHEMBL1297,CL,mL.min-1.kg-1,=,0.6,CHEMBL372,Homo sapiens,Hepatic clearance in human,A,CC(C(=O)O)c1cccc(Oc2ccccc2)c1,0.6,mL.min-1.kg-1,species_only_human
15465853,CHEMBL3540984,CHEMBL219916,CL,mL.min-1.kg-1,=,9.1,CHEMBL372,Homo sapiens,Hepatic clearance in human,A,O=c1[nH]c2ccccc2n1CCCN1CCC(n2c(=O)[nH]c3cc(Cl)ccc32)CC1,9.1,mL.min-1.kg-1,species_only_human
15465854,CHEMBL3540984,CHEMBL139,CL,mL.min-1.kg-1,=,4.0,CHEMBL372,Homo sapiens,Hepatic clearance in human,A,O=C(O)Cc1ccccc1Nc1c(Cl)cccc1Cl,4.0,mL.min-1.kg-1,species_only_human
15465855,CHEMBL3540984,CHEMBL415,CL,mL.min-1.kg-1,=,10.9,CHEMBL372,Homo sapiens,Hepatic clearance in human,A,CN(C)CCCN1c2ccccc2CCc2ccc(Cl)cc21,10.9,mL.min-1.kg-1,species_only_human
15465856,CHEMBL3540984,CHEMBL71,CL,mL.min-1.kg-1,=,8.6,CHEMBL372,Homo sapiens,Hepatic clearance in human,A,CN(C)CCCN1c2ccccc2Sc2ccc(Cl)cc21,8.6,mL.min-1.kg-1,species_only_human
15465857,CHEMBL3540984,CHEMBL113,CL,mL.min-1.kg-1,=,1.67,CHEMBL372,Homo sapiens,Hepatic clearance in human,A,Cn1c(=O)c2c(ncn2C)n(C)c1=O,1.67,mL.min-1.kg-1,species_only_human
15465858,CHEMBL3540984,CHEMBL296035,CL,mL.min-1.kg-1,=,8.8,CHEMBL372,Homo sapiens,Hepatic clearance in human,A,CCc1cccc2cc(C(O)CNC(C)(C)C)oc12,8.8,mL.min-1.kg-1,species_only_human
15465859,CHEMBL3540984,CHEMBL277474,CL,mL.min-1.kg-1,=,0.57,CHEMBL372,Homo sapiens,Hepatic clearance in human,A,Cc1cc(=O)n(-c2ccccc2)n1C,0.57,mL.min-1.kg-1,species_only_human
15465860,CHEMBL3540984,CHEMBL266195,CL,mL.min-1.kg-1,=,12.5,CHEMBL372,Homo sapiens,Hepatic clearance in human,A,C=CCc1ccccc1OCC(O)CNC(C)C,12.5,mL.min-1.kg-1,species_only_human
15466692,CHEMBL3539619,CHEMBL1229211,CL,mL.min-1.g-1,=,3.0,CHEMBL340,Homo sapiens,"Drug metabolism in supersomes expressing human recombinant CYP3A4 assessed as intrinsic clearance for NADPH-fortified enzyme-mediated metabolite M3 ((4R,12aS)-N-((3,5-difluorophenyl)(hydroxy)methyl)-7-hydroxy-4-methyl-6,8-dioxo-3,4,6,8,12,12a-hexahydro-2H-[1,3]oxazino[3,2-d]pyrido[1,2-a]pyrazine-9-carboxamide) formation at 5 uM after 120 mins by radio-HPLC analysis",A,C[C@@H]1CCO[C@H]2Cn3cc(C(=O)NCc4ccc(F)cc4F)c(=O)c(O)c3C(=O)N12,0.003,mL.min-1.kg-1,species_only_human
15466693,CHEMBL3539618,CHEMBL1229211,CL,mL.min-1.g-1,=,0.0032,CHEMBL1287617,Homo sapiens,"Drug metabolism assessed as intrinsic clearance for human recombinant UGT1A1-mediated DTG glucuronide M2 ((2S,3S,4S,5R,6S)-6-((4R,12aS)-9-(2,4-difluorobenzylcarbamoyl)-4-methyl-6,8-dioxo-3,4,6,8,12,12a-hexahydro-2H-[1,3]oxazino[3,2-d]pyrido[1,2-a]pyrazin-7-yloxy)-3,4,5-trihydroxytetrahydro-2H-pyran-2-carboxylic acid) formation after 120 mins measured per mg of protein by radio-HPLC analysis",A,C[C@@H]1CCO[C@H]2Cn3cc(C(=O)NCc4ccc(F)cc4F)c(=O)c(O)c3C(=O)N12,3.2000000000000003e-06,mL.min-1.kg-1,species_only_human
15467617,CHEMBL3540230,CHEMBL54,CL,mL.min-1.g-1,=,0.009,CHEMBL3619,Homo sapiens,Intrinsic clearance in recombinant human UGT1A4 measured per mg of protein at 10 to 400 uM by LC-MS/MS analysis,A,O=C(CCCN1CCC(O)(c2ccc(Cl)cc2)CC1)c1ccc(F)cc1,8.999999999999999e-06,mL.min-1.kg-1,species_only_human
15467620,CHEMBL3540233,CHEMBL54,CL,mL.min-1.g-1,=,0.016,CHEMBL1743319,Homo sapiens,Intrinsic clearance in recombinant human UGT1A9 measured per mg of protein at 10 to 400 uM by LC-MS/MS analysis,A,O=C(CCCN1CCC(O)(c2ccc(Cl)cc2)CC1)c1ccc(F)cc1,1.6e-05,mL.min-1.kg-1,species_only_human
15467624,CHEMBL3537951,CHEMBL54,CL,mL.min-1.g-1,=,0.023,CHEMBL4370,Homo sapiens,Intrinsic clearance in recombinant human UGT2B7 measured per mg of protein at 10 to 400 uM by LC-MS/MS analysis,A,O=C(CCCN1CCC(O)(c2ccc(Cl)cc2)CC1)c1ccc(F)cc1,2.3e-05,mL.min-1.kg-1,species_only_human
15467876,CHEMBL3542038,CHEMBL1200681,CL,mL.min-1.kg-1,=,0.578,CHEMBL372,Homo sapiens,"Plasma clearance in human at 3 to 18 mg, iv",A,CC(C)(O)c1ccccc1CC[C@@H](SCC1(CC(=O)[O-])CC1)c1cccc(/C=C/c2ccc3ccc(Cl)cc3n2)c1.[Na+],0.578,mL.min-1.kg-1,species_only_human
15468868,CHEMBL3534362,CHEMBL3527359,CL,mL.min-1.g-1,=,0.0123,CHEMBL1743317,Homo sapiens,Activity of human recombinant UGT1A7 expressed in baculovirus-infected insect cells assessed as intrinsic clearance for enzyme-mediated glucuronide formation per mg of protein at 1 to 250 uM after 10 mins by Michaelis-Menten plot analysis in presence of UDPGA,A,COc1ccc(C(=O)Nc2cccc(O)c2NC(=O)c2ccc(N3CCCN(C)CC3)cc2)cc1.O=C(O)CCC(=O)O,1.23e-05,mL.min-1.kg-1,species_only_human
15468871,CHEMBL3534365,CHEMBL3527359,CL,mL.min-1.g-1,=,0.0515,CHEMBL1743318,Homo sapiens,Activity of human recombinant UGT1A8 expressed in baculovirus-infected insect cells assessed as intrinsic clearance for enzyme-mediated glucuronide formation per mg of protein at 1 to 250 uM after 10 mins in presence of UDPGA,A,COc1ccc(C(=O)Nc2cccc(O)c2NC(=O)c2ccc(N3CCCN(C)CC3)cc2)cc1.O=C(O)CCC(=O)O,5.15e-05,mL.min-1.kg-1,species_only_human
15468874,CHEMBL3527842,CHEMBL3527359,CL,mL.min-1.g-1,=,0.132,CHEMBL1743319,Homo sapiens,Activity of human recombinant UGT1A9 expressed in baculovirus-infected insect cells assessed as intrinsic clearance for enzyme-mediated glucuronide formation per mg of protein at 1 to 250 uM after 5 mins by Michaelis-Menten plot analysis in presence of UDPGA,A,COc1ccc(C(=O)Nc2cccc(O)c2NC(=O)c2ccc(N3CCCN(C)CC3)cc2)cc1.O=C(O)CCC(=O)O,0.000132,mL.min-1.kg-1,species_only_human
15468878,CHEMBL3527846,CHEMBL3527359,CL,mL.min-1.g-1,=,0.0398,CHEMBL1743320,Homo sapiens,Activity of human recombinant UGT1A10 expressed in baculovirus-infected insect cells assessed as intrinsic clearance for enzyme-mediated glucuronide formation per mg of protein at 1 to 250 uM after 10 mins in presence of UDPGA,A,COc1ccc(C(=O)Nc2cccc(O)c2NC(=O)c2ccc(N3CCCN(C)CC3)cc2)cc1.O=C(O)CCC(=O)O,3.9800000000000005e-05,mL.min-1.kg-1,species_only_human
15468922,CHEMBL3538261,CHEMBL3527359,CL,mL.min-1.g-1,=,0.138,CHEMBL1743319,Homo sapiens,Activity of human recombinant UGT1A9 expressed in baculovirus-infected insect cells assessed as unbound intrinsic clearance for enzyme-mediated glucuronidation per mg of protein after 5 mins by Michaelis-Menten plot analysis in presence of UDPGA and absence of fatty acid free BSA,A,COc1ccc(C(=O)Nc2cccc(O)c2NC(=O)c2ccc(N3CCCN(C)CC3)cc2)cc1.O=C(O)CCC(=O)O,0.00013800000000000002,mL.min-1.kg-1,species_only_human
15468923,CHEMBL3538262,CHEMBL3527359,CL,mL.min-1.g-1,=,0.25,CHEMBL1743319,Homo sapiens,Activity of human recombinant UGT1A9 expressed in baculovirus-infected insect cells assessed as unbound intrinsic clearance for enzyme-mediated glucuronidation per mg of protein after 5 mins by Michaelis-Menten plot analysis in presence of UDPGA and 0.1% fatty acid free BSA,A,COc1ccc(C(=O)Nc2cccc(O)c2NC(=O)c2ccc(N3CCCN(C)CC3)cc2)cc1.O=C(O)CCC(=O)O,0.00025,mL.min-1.kg-1,species_only_human
15468924,CHEMBL3538263,CHEMBL3527359,CL,mL.min-1.g-1,=,0.257,CHEMBL1743319,Homo sapiens,Activity of human recombinant UGT1A9 expressed in baculovirus-infected insect cells assessed as unbound intrinsic clearance for enzyme-mediated glucuronidation per mg of protein after 5 mins by Michaelis-Menten plot analysis in presence of UDPGA and 0.5% fatty acid free BSA,A,COc1ccc(C(=O)Nc2cccc(O)c2NC(=O)c2ccc(N3CCCN(C)CC3)cc2)cc1.O=C(O)CCC(=O)O,0.000257,mL.min-1.kg-1,species_only_human
15468925,CHEMBL3538264,CHEMBL3527359,CL,mL.min-1.g-1,=,0.316,CHEMBL1743319,Homo sapiens,Activity of human recombinant UGT1A9 expressed in baculovirus-infected insect cells assessed as unbound intrinsic clearance for enzyme-mediated glucuronidation per mg of protein after 5 mins by Michaelis-Menten plot analysis in presence of UDPGA and 2% fatty acid free BSA,A,COc1ccc(C(=O)Nc2cccc(O)c2NC(=O)c2ccc(N3CCCN(C)CC3)cc2)cc1.O=C(O)CCC(=O)O,0.000316,mL.min-1.kg-1,species_only_human
15469189,CHEMBL3541978,CHEMBL888,CL,mL.min-1.g-1,=,402800.0,CHEMBL612558,,"Drug metabolism assessed as intrinsic clearance for 2',2'-difluorodeoxycytidine formation incubated for 1 min in presence of human recombinant N-terminal His-tagged DCK Pro122Ser mutant expressed in Escherichia coli BL21(DE3) cells by liquid chromatography-tandem mass spectrometry",A,Nc1ccn([C@@H]2O[C@H](CO)[C@@H](O)C2(F)F)c(=O)n1,402.8,mL.min-1.kg-1,species_only_human
15469191,CHEMBL3541976,CHEMBL888,CL,mL.min-1.g-1,=,477100.0,CHEMBL612558,,"Drug metabolism assessed as intrinsic clearance for 2',2'-difluorodeoxycytidine formation incubated for 1 min in presence of human recombinant N-terminal His-tagged DCK Ala119Gly mutant expressed in Escherichia coli BL21(DE3) cells by liquid chromatography-tandem mass spectrometry",A,Nc1ccn([C@@H]2O[C@H](CO)[C@@H](O)C2(F)F)c(=O)n1,477.1,mL.min-1.kg-1,species_only_human
15469192,CHEMBL3541975,CHEMBL888,CL,mL.min-1.g-1,=,491900.0,CHEMBL2447,Homo sapiens,"Drug metabolism assessed as intrinsic clearance for 2',2'-difluorodeoxycytidine formation incubated for 1 min in presence of human recombinant N-terminal His-tagged wild type DCK expressed in Escherichia coli BL21(DE3) cells by liquid chromatography-tandem mass spectrometry",A,Nc1ccn([C@@H]2O[C@H](CO)[C@@H](O)C2(F)F)c(=O)n1,491.9,mL.min-1.kg-1,species_only_human
15469199,CHEMBL3541971,CHEMBL803,CL,mL.min-1.g-1,=,830.0,CHEMBL4502,Homo sapiens,Activity of human recombinant N-terminal His-SUMO fused wild type CDA expressed in Escherichia coli BL21(DE3) cells assessed as intrinsic clearance for arabinofuranosyl uridine formation by liquid chromatography-tandem mass spectrometry,A,Nc1ccn([C@@H]2O[C@H](CO)[C@@H](O)[C@@H]2O)c(=O)n1,0.83,mL.min-1.kg-1,species_only_human
15469200,CHEMBL3541970,CHEMBL803,CL,mL.min-1.g-1,=,740.0,CHEMBL4502,Homo sapiens,Activity of human recombinant N-terminal His-SUMO fused CDA Lys27Gln mutant expressed in Escherichia coli BL21(DE3) cells assessed as intrinsic clearance for arabinofuranosyl uridine formation by liquid chromatography-tandem mass spectrometry,A,Nc1ccn([C@@H]2O[C@H](CO)[C@@H](O)[C@@H]2O)c(=O)n1,0.74,mL.min-1.kg-1,species_only_human
15469201,CHEMBL3541969,CHEMBL803,CL,mL.min-1.g-1,=,340.0,CHEMBL4502,Homo sapiens,Activity of human recombinant N-terminal His-SUMO fused CDA Ala70Thr mutant expressed in Escherichia coli BL21(DE3) cells assessed as intrinsic clearance for arabinofuranosyl uridine formation by liquid chromatography-tandem mass spectrometry,A,Nc1ccn([C@@H]2O[C@H](CO)[C@@H](O)[C@@H]2O)c(=O)n1,0.34,mL.min-1.kg-1,species_only_human
15469205,CHEMBL3541965,CHEMBL888,CL,mL.min-1.g-1,=,300.0,CHEMBL4502,Homo sapiens,"Activity of human recombinant N-terminal His-SUMO fused wild type CDA expressed in Escherichia coli BL21(DE3) cells assessed as intrinsic clearance for 2',2'-difluorodeoxyuridine formation by liquid chromatography-tandem mass spectrometry",A,Nc1ccn([C@@H]2O[C@H](CO)[C@@H](O)C2(F)F)c(=O)n1,0.3,mL.min-1.kg-1,species_only_human
15469206,CHEMBL3538246,CHEMBL888,CL,mL.min-1.g-1,=,350.0,CHEMBL4502,Homo sapiens,"Activity of human recombinant N-terminal His-SUMO fused CDA Lys27Gln mutant expressed in Escherichia coli BL21(DE3) cells assessed as intrinsic clearance for 2',2'-difluorodeoxyuridine formation by liquid chromatography-tandem mass spectrometry",A,Nc1ccn([C@@H]2O[C@H](CO)[C@@H](O)C2(F)F)c(=O)n1,0.35,mL.min-1.kg-1,species_only_human
15469207,CHEMBL3538245,CHEMBL888,CL,mL.min-1.g-1,=,250.0,CHEMBL4502,Homo sapiens,"Activity of human recombinant N-terminal His-SUMO fused CDA Ala70Thr mutant expressed in Escherichia coli BL21(DE3) cells assessed as intrinsic clearance for 2',2'-difluorodeoxyuridine formation by liquid chromatography-tandem mass spectrometry",A,Nc1ccn([C@@H]2O[C@H](CO)[C@@H](O)C2(F)F)c(=O)n1,0.25,mL.min-1.kg-1,species_only_human
15469212,CHEMBL3538240,CHEMBL803,CL,mL.min-1.g-1,=,231400.0,CHEMBL2447,Homo sapiens,Drug metabolism assessed as intrinsic clearance for human recombinant N-terminal His-tagged wild type DCK-mediated cytosine-beta-D-arabinofuranoside-5'-MP formation expressed in Escherichia coli BL21(DE3) incubated for 3 mins by liquid chromatography-tandem mass spectrometry,A,Nc1ccn([C@@H]2O[C@H](CO)[C@@H](O)[C@@H]2O)c(=O)n1,231.4,mL.min-1.kg-1,species_only_human
15469213,CHEMBL3538239,CHEMBL803,CL,mL.min-1.g-1,=,228300.0,CHEMBL612558,,Drug metabolism assessed as intrinsic clearance for human recombinant N-terminal His-tagged DCK Ala119Gly mutant-mediated cytosine-beta-D-arabinofuranoside-5'-MP formation expressed in Escherichia coli BL21(DE3) incubated for 3 mins by liquid chromatography-tandem mass spectrometry,A,Nc1ccn([C@@H]2O[C@H](CO)[C@@H](O)[C@@H]2O)c(=O)n1,228.3,mL.min-1.kg-1,species_only_human
15469214,CHEMBL3538238,CHEMBL803,CL,mL.min-1.g-1,=,245100.0,CHEMBL612558,,Drug metabolism assessed as intrinsic clearance for human recombinant N-terminal His-tagged DCK Ile24Val mutant-mediated cytosine-beta-D-arabinofuranoside-5'-MP formation expressed in Escherichia coli BL21(DE3) incubated for 3 mins by liquid chromatography-tandem mass spectrometry,A,Nc1ccn([C@@H]2O[C@H](CO)[C@@H](O)[C@@H]2O)c(=O)n1,245.1,mL.min-1.kg-1,species_only_human
15469215,CHEMBL3541984,CHEMBL3526970,CL,mL.min-1.g-1,=,27.0,CHEMBL2447,Homo sapiens,Drug metabolism assessed as intrinsic clearance for dFdU monophosphorylation formation incubated for 10 mins in presence of human recombinant N-terminal His-tagged wild type DCK expressed in Escherichia coli BL21(DE3) cells measured per mg of protein by liquid chromatography-tandem mass spectrometry,A,O=c1ccn([C@@H]2O[C@H](CO)[C@@H](O)C2(F)F)c(=O)[nH]1,0.027,mL.min-1.kg-1,species_only_human
15469216,CHEMBL3538237,CHEMBL803,CL,mL.min-1.g-1,=,169300.0,CHEMBL612558,,Drug metabolism assessed as intrinsic clearance for cytosine-beta-D-arabinofuranoside-5'-MP formation incubated for 3 mins in presence of human recombinant N-terminal His-tagged DCK Pro122Ser mutant expressed in Escherichia coli BL21(DE3) cells by liquid chromatography-tandem mass spectrometry,A,Nc1ccn([C@@H]2O[C@H](CO)[C@@H](O)[C@@H]2O)c(=O)n1,169.3,mL.min-1.kg-1,species_only_human
15469656,CHEMBL3539583,CHEMBL1521,CL,mL.min-1.kg-1,=,16.0,CHEMBL372,Homo sapiens,Total clearance in iv dosed human,A,CCN(C(C)=O)c1cccc(-c2ccnc3c(C#N)cnn23)c1,16.0,mL.min-1.kg-1,species_only_human
15469657,CHEMBL3539583,CHEMBL251074,CL,mL.min-1.kg-1,=,0.055,CHEMBL372,Homo sapiens,Total clearance in iv dosed human,A,CC(=O)C[C@@H](c1ccccc1)c1c(O)c2ccccc2oc1=O,0.055,mL.min-1.kg-1,species_only_human
15469658,CHEMBL3539583,CHEMBL714,CL,mL.min-1.kg-1,=,7.7,CHEMBL372,Homo sapiens,Total clearance in iv dosed human,A,CC(C)(C)NCC(O)c1ccc(O)c(CO)c1,7.7,mL.min-1.kg-1,species_only_human
15469659,CHEMBL3539583,CHEMBL154,CL,mL.min-1.kg-1,=,0.1,CHEMBL372,Homo sapiens,Total clearance in iv dosed human,A,COc1ccc2cc([C@H](C)C(=O)O)ccc2c1,0.1,mL.min-1.kg-1,species_only_human
15469660,CHEMBL3539583,CHEMBL654,CL,mL.min-1.kg-1,=,8.0,CHEMBL372,Homo sapiens,Total clearance in iv dosed human,A,CN1CCN2c3ncccc3Cc3ccccc3C2C1,8.0,mL.min-1.kg-1,species_only_human
15469661,CHEMBL3539583,CHEMBL571,CL,mL.min-1.kg-1,=,1.6,CHEMBL372,Homo sapiens,Total clearance in iv dosed human,A,CC(C(=O)O)c1cccc(C(=O)c2ccccc2)c1,1.6,mL.min-1.kg-1,species_only_human
15469662,CHEMBL3539583,CHEMBL521,CL,mL.min-1.kg-1,=,0.82,CHEMBL372,Homo sapiens,Total clearance in iv dosed human,A,CC(C)Cc1ccc(C(C)C(=O)O)cc1,0.82,mL.min-1.kg-1,species_only_human
15469663,CHEMBL3539583,CHEMBL38380,CL,mL.min-1.kg-1,=,73.2,CHEMBL372,Homo sapiens,Total clearance in iv dosed human,A,O=S(=O)(c1cccc2cnccc12)N1CCCNCC1,73.2,mL.min-1.kg-1,species_only_human
15469664,CHEMBL3539583,CHEMBL139,CL,mL.min-1.kg-1,=,3.5,CHEMBL372,Homo sapiens,Total clearance in iv dosed human,A,O=C(O)Cc1ccccc1Nc1c(Cl)cccc1Cl,3.5,mL.min-1.kg-1,species_only_human
15469665,CHEMBL3539583,CHEMBL1043,CL,mL.min-1.kg-1,=,0.48,CHEMBL372,Homo sapiens,Total clearance in iv dosed human,A,Nc1ccc(S(=O)(=O)c2ccc(N)cc2)cc1,0.48,mL.min-1.kg-1,species_only_human
15469815,CHEMBL3531107,CHEMBL191,CL,mL.min-1.kg-1,=,28.33,CHEMBL372,Homo sapiens,Clearance in human plasma expressing CYP2C8*1/*1 polymorphism at 50 mg by LC/MS/MS analysis,A,CCCCc1nc(Cl)c(CO)n1Cc1ccc(-c2ccccc2-c2nnn[nH]2)cc1,28.33,mL.min-1.kg-1,species_only_human
15470070,CHEMBL3533032,CHEMBL1017,CL,mL.min-1.kg-1,=,0.0,CHEMBL372,Homo sapiens,Renal clearance in human,A,CCCc1nc2c(C)cc(-c3nc4ccccc4n3C)cc2n1Cc1ccc(-c2ccccc2C(=O)O)cc1,0.0,mL.min-1.kg-1,species_only_human
15470071,CHEMBL3533032,CHEMBL526,CL,mL.min-1.kg-1,=,0.0,CHEMBL372,Homo sapiens,Renal clearance in human,A,CC(C)c1cccc(C(C)C)c1O,0.0,mL.min-1.kg-1,species_only_human
15470072,CHEMBL3533032,CHEMBL80,CL,mL.min-1.kg-1,=,0.0,CHEMBL372,Homo sapiens,Renal clearance in human,A,C=CCN1CC[C@]23c4c5ccc(O)c4O[C@H]2C(=O)CC[C@@]3(O)[C@H]1C5,0.0,mL.min-1.kg-1,species_only_human
15470073,CHEMBL3533032,CHEMBL866,CL,mL.min-1.kg-1,=,0.01,CHEMBL372,Homo sapiens,Renal clearance in human,A,COc1c(C)c2c(c(O)c1C/C=C(\C)CCC(=O)O)C(=O)OC2,0.01,mL.min-1.kg-1,species_only_human
15470074,CHEMBL3533032,CHEMBL457,CL,mL.min-1.kg-1,=,0.02,CHEMBL372,Homo sapiens,Renal clearance in human,A,Cc1ccc(C)c(OCCCC(C)(C)C(=O)O)c1,0.02,mL.min-1.kg-1,species_only_human
15470075,CHEMBL3533032,CHEMBL139,CL,mL.min-1.kg-1,=,0.06,CHEMBL372,Homo sapiens,Renal clearance in human,A,O=C(O)Cc1ccccc1Nc1c(Cl)cccc1Cl,0.06,mL.min-1.kg-1,species_only_human
15470076,CHEMBL3533031,CHEMBL1017,CL,mL.min-1.kg-1,=,12.32,CHEMBL372,Homo sapiens,Clearance in iv dosed human,A,CCCc1nc2c(C)cc(-c3nc4ccccc4n3C)cc2n1Cc1ccc(-c2ccccc2C(=O)O)cc1,12.32,mL.min-1.kg-1,species_only_human
15470077,CHEMBL3533031,CHEMBL526,CL,mL.min-1.kg-1,=,27.72,CHEMBL372,Homo sapiens,Clearance in iv dosed human,A,CC(C)c1cccc(C(C)C)c1O,27.72,mL.min-1.kg-1,species_only_human
15470078,CHEMBL3533031,CHEMBL80,CL,mL.min-1.kg-1,=,21.7,CHEMBL372,Homo sapiens,Clearance in iv dosed human,A,C=CCN1CC[C@]23c4c5ccc(O)c4O[C@H]2C(=O)CC[C@@]3(O)[C@H]1C5,21.7,mL.min-1.kg-1,species_only_human
15470079,CHEMBL3533031,CHEMBL866,CL,mL.min-1.kg-1,=,2.49,CHEMBL372,Homo sapiens,Clearance in iv dosed human,A,COc1c(C)c2c(c(O)c1C/C=C(\C)CCC(=O)O)C(=O)OC2,2.49,mL.min-1.kg-1,species_only_human
15470080,CHEMBL3533031,CHEMBL457,CL,mL.min-1.kg-1,=,1.7,CHEMBL372,Homo sapiens,Clearance in iv dosed human,A,Cc1ccc(C)c(OCCCC(C)(C)C(=O)O)c1,1.7,mL.min-1.kg-1,species_only_human
15470081,CHEMBL3533031,CHEMBL139,CL,mL.min-1.kg-1,=,4.84,CHEMBL372,Homo sapiens,Clearance in iv dosed human,A,O=C(O)Cc1ccccc1Nc1c(Cl)cccc1Cl,4.84,mL.min-1.kg-1,species_only_human
15470593,CHEMBL3531844,CHEMBL290916,CL,mL.min-1.g-1,=,0.0008,CHEMBL1743319,Homo sapiens,Activity of human recombinant UGT1A9 expressed in insect cells assessed as intrinsic clearance for enzyme mediated glucuronidation per mg protein by LC-MS/MS method,A,CC1=NN(c2ccccc2)C(=O)C1,8.000000000000001e-07,mL.min-1.kg-1,species_only_human
15470627,CHEMBL3532186,CHEMBL290916,CL,mL.min-1.g-1,=,0.0033,CHEMBL4978,Homo sapiens,Activity of human recombinant UGT2B17 expressed in insect cells assessed as intrinsic clearance for enzyme mediated glucuronidation per mg protein by LC-MS/MS method,A,CC1=NN(c2ccccc2)C(=O)C1,3.3e-06,mL.min-1.kg-1,species_only_human
15470630,CHEMBL3532183,CHEMBL290916,CL,mL.min-1.g-1,=,0.0007,CHEMBL4370,Homo sapiens,Activity of human recombinant UGT2B7 expressed in insect cells assessed as intrinsic clearance for enzyme mediated glucuronidation per mg protein by LC-MS/MS method,A,CC1=NN(c2ccccc2)C(=O)C1,7e-07,mL.min-1.kg-1,species_only_human
15470633,CHEMBL3531844,CHEMBL290916,CL,mL.min-1.g-1,=,0.0424,CHEMBL1743319,Homo sapiens,Activity of human recombinant UGT1A9 expressed in insect cells assessed as intrinsic clearance for enzyme mediated glucuronidation per mg protein by LC-MS/MS method,A,CC1=NN(c2ccccc2)C(=O)C1,4.24e-05,mL.min-1.kg-1,species_only_human
15470635,CHEMBL3531841,CHEMBL290916,CL,mL.min-1.g-1,=,0.0017,CHEMBL1743317,Homo sapiens,Activity of human recombinant UGT1A7 expressed in insect cells assessed as intrinsic clearance for enzyme mediated glucuronidation per mg protein by LC-MS/MS method,A,CC1=NN(c2ccccc2)C(=O)C1,1.6999999999999998e-06,mL.min-1.kg-1,species_only_human
15470638,CHEMBL3531838,CHEMBL290916,CL,mL.min-1.g-1,=,0.0016,CHEMBL1743316,Homo sapiens,Activity of human recombinant UGT1A6 expressed in insect cells assessed as intrinsic clearance for enzyme mediated glucuronidation per mg protein by LC-MS/MS method,A,CC1=NN(c2ccccc2)C(=O)C1,1.6000000000000001e-06,mL.min-1.kg-1,species_only_human
15470641,CHEMBL3531835,CHEMBL290916,CL,mL.min-1.g-1,=,0.0002,CHEMBL1287617,Homo sapiens,Activity of human recombinant UGT1A1 expressed in insect cells assessed as intrinsic clearance for enzyme mediated glucuronidation per mg protein by LC-MS/MS method,A,CC1=NN(c2ccccc2)C(=O)C1,2.0000000000000002e-07,mL.min-1.kg-1,species_only_human
15470669,CHEMBL3539096,CHEMBL52440,CL,mL.min-1.g-1,=,0.034,CHEMBL289,Homo sapiens,Drug metabolism in assessed as human CYP2D6-mediated intrinsic clearance per mg protein,A,COc1ccc2c(c1)[C@]13CCCC[C@@H]1[C@H](C2)N(C)CC3,3.4e-05,mL.min-1.kg-1,species_only_human
15470672,CHEMBL3538780,CHEMBL655,CL,mL.min-1.g-1,=,0.159,CHEMBL612558,,Drug metabolism in assessed as human CYP3A-mediated intrinsic clearance per mg protein,A,Cc1ncc2n1-c1ccc(Cl)cc1C(c1ccccc1F)=NC2,0.00015900000000000002,mL.min-1.kg-1,species_only_human
15470675,CHEMBL3538789,CHEMBL11,CL,mL.min-1.g-1,=,0.038,CHEMBL3622,Homo sapiens,Drug metabolism in assessed as human CYP2C19-mediated intrinsic clearance per mg protein,A,CN(C)CCCN1c2ccccc2CCc2ccccc21,3.8e-05,mL.min-1.kg-1,species_only_human
15470680,CHEMBL3538790,CHEMBL16073,CL,mL.min-1.g-1,=,0.0146,CHEMBL3356,Homo sapiens,Drug metabolism in assessed as human CYP1A2-mediated intrinsic clearance per mg protein,A,CCOc1ccc(NC(C)=O)cc1,1.46e-05,mL.min-1.kg-1,species_only_human
15470681,CHEMBL3538790,CHEMBL11,CL,mL.min-1.g-1,=,0.038,CHEMBL3356,Homo sapiens,Drug metabolism in assessed as human CYP1A2-mediated intrinsic clearance per mg protein,A,CN(C)CCCN1c2ccccc2CCc2ccccc21,3.8e-05,mL.min-1.kg-1,species_only_human
15470686,CHEMBL3541595,CHEMBL11,CL,mL.min-1.g-1,=,0.038,CHEMBL340,Homo sapiens,Drug metabolism in assessed as human CYP3A4-mediated intrinsic clearance per mg protein,A,CN(C)CCCN1c2ccccc2CCc2ccccc21,3.8e-05,mL.min-1.kg-1,species_only_human
15470687,CHEMBL3541595,CHEMBL23,CL,mL.min-1.g-1,=,0.035,CHEMBL340,Homo sapiens,Drug metabolism in assessed as human CYP3A4-mediated intrinsic clearance per mg protein,A,COc1ccc([C@@H]2Sc3ccccc3N(CCN(C)C)C(=O)[C@@H]2OC(C)=O)cc1,3.5000000000000004e-05,mL.min-1.kg-1,species_only_human
15470690,CHEMBL3538993,CHEMBL139,CL,mL.min-1.g-1,=,0.13,CHEMBL3397,Homo sapiens,Drug metabolism in assessed as human CYP2C9-mediated intrinsic clearance per mg protein,A,O=C(O)Cc1ccccc1Nc1c(Cl)cccc1Cl,0.00013000000000000002,mL.min-1.kg-1,species_only_human
15470693,CHEMBL3539096,CHEMBL296035,CL,mL.min-1.g-1,=,0.003,CHEMBL289,Homo sapiens,Drug metabolism in assessed as human CYP2D6-mediated intrinsic clearance per mg protein,A,CCc1cccc2cc(C(O)CNC(C)(C)C)oc12,3e-06,mL.min-1.kg-1,species_only_human
15470696,CHEMBL3538792,CHEMBL682,CL,mL.min-1.g-1,=,0.608,CHEMBL3721,Homo sapiens,Drug metabolism in assessed as human CYP2C8-mediated intrinsic clearance per mg protein,A,CCN(CC)Cc1cc(Nc2ccnc3cc(Cl)ccc23)ccc1O,0.000608,mL.min-1.kg-1,species_only_human
15644249,CHEMBL3591351,CHEMBL193,CL,mL.min-1.kg-1,=,7.3,CHEMBL372,Homo sapiens,Clearance in human,A,COC(=O)C1=C(C)NC(C)=C(C(=O)OC)C1c1ccccc1[N+](=O)[O-],7.3,mL.min-1.kg-1,species_only_human
15644250,CHEMBL3591351,CHEMBL1428,CL,mL.min-1.kg-1,=,15.0,CHEMBL372,Homo sapiens,Clearance in human,A,COCCOC(=O)C1=C(C)NC(C)=C(C(=O)OC(C)C)C1c1cccc([N+](=O)[O-])c1,15.0,mL.min-1.kg-1,species_only_human
15644251,CHEMBL3591351,CHEMBL1491,CL,mL.min-1.kg-1,=,7.0,CHEMBL372,Homo sapiens,Clearance in human,A,CCOC(=O)C1=C(COCCN)NC(C)=C(C(=O)OC)C1c1ccccc1Cl,7.0,mL.min-1.kg-1,species_only_human
15644252,CHEMBL3591351,CHEMBL13,CL,mL.min-1.kg-1,=,13.0,CHEMBL372,Homo sapiens,Clearance in human,A,COCCc1ccc(OCC(O)CNC(C)C)cc1,13.0,mL.min-1.kg-1,species_only_human
15644253,CHEMBL3591351,CHEMBL423,CL,mL.min-1.kg-1,=,3.4,CHEMBL372,Homo sapiens,Clearance in human,A,CC(C)NCC(O)COc1ccc(CCOCC2CC2)cc1,3.4,mL.min-1.kg-1,species_only_human
15644262,CHEMBL3591353,CHEMBL13,CL,mL.min-1.kg-1,=,33.0,CHEMBL372,Homo sapiens,Unbound intrinsic clearance in human,A,COCCc1ccc(OCC(O)CNC(C)C)cc1,33.0,mL.min-1.kg-1,species_only_human
15644263,CHEMBL3591353,CHEMBL423,CL,mL.min-1.kg-1,=,13.0,CHEMBL372,Homo sapiens,Unbound intrinsic clearance in human,A,CC(C)NCC(O)COc1ccc(CCOCC2CC2)cc1,13.0,mL.min-1.kg-1,species_only_human
15644264,CHEMBL3591354,CHEMBL3589953,CL,mL.min-1.kg-1,=,240.0,CHEMBL372,Homo sapiens,Blood clearance in human,A,CC(C)N1CCC(Oc2ccc(C3(O)CCOCC3)cc2)CC1,240.0,mL.min-1.kg-1,species_only_human
15644265,CHEMBL3591354,CHEMBL3589954,CL,mL.min-1.kg-1,=,18.0,CHEMBL372,Homo sapiens,Blood clearance in human,A,c1cc(C2(CN3CCCCC3)CCOCC2)ccc1OCCCN1CCCC1,18.0,mL.min-1.kg-1,species_only_human
15644266,CHEMBL3591354,CHEMBL3589955,CL,mL.min-1.kg-1,=,30.0,CHEMBL372,Homo sapiens,Blood clearance in human,A,CC(C)N1CCC(Oc2ccc(C3(CNc4ccnnc4)CCOCC3)cc2)CC1,30.0,mL.min-1.kg-1,species_only_human
16534974,CHEMBL3788827,CHEMBL160,CL,mL.min-1.kg-1,=,4.333,CHEMBL613416,Homo sapiens,Clearance in blood of healthy human subjects,A,C/C=C/C[C@@H](C)[C@@H](O)[C@H]1C(=O)N[C@@H](CC)C(=O)N(C)CC(=O)N(C)[C@@H](CC(C)C)C(=O)N[C@@H](C(C)C)C(=O)N(C)[C@@H](CC(C)C)C(=O)N[C@@H](C)C(=O)N[C@H](C)C(=O)N(C)[C@@H](CC(C)C)C(=O)N(C)[C@@H](CC(C)C)C(=O)N(C)[C@@H](C(C)C)C(=O)N1C,4.333,mL.min-1.kg-1,species_only_human
16534995,CHEMBL3788558,CHEMBL160,CL,mL.min-1.kg-1,=,11.62,CHEMBL613424,Homo sapiens,"Clearance in plasma of healthy human subjects (8 subjects) at 4 mg/kg, iv and 10 mg/kg, po measured during high fat diet phase by HPLC method",A,C/C=C/C[C@@H](C)[C@@H](O)[C@H]1C(=O)N[C@@H](CC)C(=O)N(C)CC(=O)N(C)[C@@H](CC(C)C)C(=O)N[C@@H](C(C)C)C(=O)N(C)[C@@H](CC(C)C)C(=O)N[C@@H](C)C(=O)N[C@H](C)C(=O)N(C)[C@@H](CC(C)C)C(=O)N(C)[C@@H](CC(C)C)C(=O)N(C)[C@@H](C(C)C)C(=O)N1C,11.62,mL.min-1.kg-1,species_only_human
16535003,CHEMBL3788550,CHEMBL160,CL,mL.min-1.kg-1,=,6.6,CHEMBL613416,Homo sapiens,"Clearance in blood of healthy human subjects (8 subjects) at 4 mg/kg, iv and 10 mg/kg, po measured during high fat diet phase by HPLC method",A,C/C=C/C[C@@H](C)[C@@H](O)[C@H]1C(=O)N[C@@H](CC)C(=O)N(C)CC(=O)N(C)[C@@H](CC(C)C)C(=O)N[C@@H](C(C)C)C(=O)N(C)[C@@H](CC(C)C)C(=O)N[C@@H](C)C(=O)N[C@H](C)C(=O)N(C)[C@@H](CC(C)C)C(=O)N(C)[C@@H](CC(C)C)C(=O)N(C)[C@@H](C(C)C)C(=O)N1C,6.6,mL.min-1.kg-1,species_only_human
16535011,CHEMBL3791103,CHEMBL160,CL,mL.min-1.kg-1,=,7.85,CHEMBL613424,Homo sapiens,"Clearance in plasma of healthy human subjects (8 subjects) at 4 mg/kg, iv and 10 mg/kg, po measured during low fat diet phase by HPLC method",A,C/C=C/C[C@@H](C)[C@@H](O)[C@H]1C(=O)N[C@@H](CC)C(=O)N(C)CC(=O)N(C)[C@@H](CC(C)C)C(=O)N[C@@H](C(C)C)C(=O)N(C)[C@@H](CC(C)C)C(=O)N[C@@H](C)C(=O)N[C@H](C)C(=O)N(C)[C@@H](CC(C)C)C(=O)N(C)[C@@H](CC(C)C)C(=O)N(C)[C@@H](C(C)C)C(=O)N1C,7.85,mL.min-1.kg-1,species_only_human
16535598,CHEMBL3791095,CHEMBL160,CL,mL.min-1.kg-1,=,5.933,CHEMBL613416,Homo sapiens,"Clearance in blood of healthy human subjects (8 subjects) at 4 mg/kg, iv and 10 mg/kg, po measured during low fat diet phase by HPLC method",A,C/C=C/C[C@@H](C)[C@@H](O)[C@H]1C(=O)N[C@@H](CC)C(=O)N(C)CC(=O)N(C)[C@@H](CC(C)C)C(=O)N[C@@H](C(C)C)C(=O)N(C)[C@@H](CC(C)C)C(=O)N[C@@H](C)C(=O)N[C@H](C)C(=O)N(C)[C@@H](CC(C)C)C(=O)N(C)[C@@H](CC(C)C)C(=O)N(C)[C@@H](C(C)C)C(=O)N1C,5.933,mL.min-1.kg-1,species_only_human
16541113,CHEMBL3789903,CHEMBL3785245,CL,mL.min-1.kg-1,=,13.5,CHEMBL372,Homo sapiens,Intrinsic clearance in human,A,Cc1ccoc1C(=O)Nc1ccc(N2C(=O)Cc3ccccc3C2=O)c(Cl)c1,13.5,mL.min-1.kg-1,species_only_human
16541618,CHEMBL3791175,CHEMBL112,CL,mL.min-1.kg-1,=,5.45,CHEMBL372,Homo sapiens,"Total body clearance in healthy adult male human subject at 12 mg/kg, iv",A,CC(=O)Nc1ccc(O)cc1,5.45,mL.min-1.kg-1,species_only_human
16541668,CHEMBL3788618,CHEMBL40,CL,mL.min-1.kg-1,=,0.05,CHEMBL372,Homo sapiens,"Total body clearance in healthy human subjects (6 subjects) at 2.6 mg/kg, iv by HPLC method",A,CCC1(c2ccccc2)C(=O)NC(=O)NC1=O,0.05,mL.min-1.kg-1,species_only_human
16541669,CHEMBL3788617,CHEMBL40,CL,mL.min-1.kg-1,=,0.01333,CHEMBL372,Homo sapiens,"Renal clearance in healthy human subjects (6 subjects) at 2.6 mg/kg, iv by HPLC method",A,CCC1(c2ccccc2)C(=O)NC(=O)NC1=O,0.01333,mL.min-1.kg-1,species_only_human
16541769,CHEMBL3791221,CHEMBL160,CL,mL.min-1.kg-1,=,7.833,CHEMBL613424,Homo sapiens,"Clearance in healthy subject (8 subjects) plasma at 4 mg/kg, iv by HPLC analysis",A,C/C=C/C[C@@H](C)[C@@H](O)[C@H]1C(=O)N[C@@H](CC)C(=O)N(C)CC(=O)N(C)[C@@H](CC(C)C)C(=O)N[C@@H](C(C)C)C(=O)N(C)[C@@H](CC(C)C)C(=O)N[C@@H](C)C(=O)N[C@H](C)C(=O)N(C)[C@@H](CC(C)C)C(=O)N(C)[C@@H](CC(C)C)C(=O)N(C)[C@@H](C(C)C)C(=O)N1C,7.833,mL.min-1.kg-1,species_only_human
16541770,CHEMBL3791222,CHEMBL160,CL,mL.min-1.kg-1,=,6.0,CHEMBL613416,Homo sapiens,"Clearance in healthy subject (8 subjects) blood at 4 mg/kg, iv by HPLC analysis",A,C/C=C/C[C@@H](C)[C@@H](O)[C@H]1C(=O)N[C@@H](CC)C(=O)N(C)CC(=O)N(C)[C@@H](CC(C)C)C(=O)N[C@@H](C(C)C)C(=O)N(C)[C@@H](CC(C)C)C(=O)N[C@@H](C)C(=O)N[C@H](C)C(=O)N(C)[C@@H](CC(C)C)C(=O)N(C)[C@@H](CC(C)C)C(=O)N(C)[C@@H](C(C)C)C(=O)N1C,6.0,mL.min-1.kg-1,species_only_human
16541833,CHEMBL3788684,CHEMBL3785780,CL,mL.min-1.kg-1,=,58.33,CHEMBL372,Homo sapiens,"Clearance in 50 mg hydrophilic rectal foam formulation of azathioprine treated healthy human subjects (24 subjects) assessed as 6-mercaptopurine at 50 mg, iv by HPLC method",A,Cn1cnc([N+](=O)[O-])c1Sc1ncnc2[nH]cnc12.[Na+],58.33,mL.min-1.kg-1,species_only_human
16541834,CHEMBL3788683,CHEMBL3785780,CL,mL.min-1.kg-1,=,68.33,CHEMBL372,Homo sapiens,"Clearance in 50 mg hydrophobic rectal foam formulation of azathioprine treated healthy human subjects (24 subjects) assessed as 6-mercaptopurine at 50 mg, iv by HPLC method",A,Cn1cnc([N+](=O)[O-])c1Sc1ncnc2[nH]cnc12.[Na+],68.33,mL.min-1.kg-1,species_only_human
16541835,CHEMBL3788682,CHEMBL3785780,CL,mL.min-1.kg-1,=,55.0,CHEMBL372,Homo sapiens,"Clearance in 50 mg delayed release oral formulation of azathioprine treated healthy human subjects (24 subjects) assessed as 6-mercaptopurine at 50 mg, iv by HPLC method",A,Cn1cnc([N+](=O)[O-])c1Sc1ncnc2[nH]cnc12.[Na+],55.0,mL.min-1.kg-1,species_only_human
16541836,CHEMBL3788681,CHEMBL3785780,CL,mL.min-1.kg-1,=,51.67,CHEMBL372,Homo sapiens,"Clearance in 50 mg, po azathioprine treated healthy human subjects (24 subjects) assessed as 6-mercaptopurine at 50 mg, iv by HPLC method",A,Cn1cnc([N+](=O)[O-])c1Sc1ncnc2[nH]cnc12.[Na+],51.67,mL.min-1.kg-1,species_only_human
16572581,CHEMBL3800963,CHEMBL4299381,CL,mL.min-1.kg-1,=,138.67,CHEMBL372,Homo sapiens,"Clearance in healthy human (24 volunteers) at 500 mg, po test formulation of drug administered as single dose by two-compartmental open model",A,CC[C@@H]1OC(=O)[C@H](C)[C@@H](O[C@@H]2C[C@](C)(OC)[C@H](O)[C@@H](C)O2)[C@@H](C)[C@@H](O[C@@H]2O[C@H](C)C[C@H](N(C)C)[C@H]2O)[C@](C)(O)C[C@@H](C)CN(C)[C@H](C)[C@@H](O)[C@]1(C)O,138.67,mL.min-1.kg-1,species_only_human
16572583,CHEMBL3800965,CHEMBL4299381,CL,mL.min-1.kg-1,=,102.5,CHEMBL372,Homo sapiens,"Clearance in healthy human (24 volunteers) at 500 mg, po reference formulation of drug administered as single dose by two-compartmental open model",A,CC[C@@H]1OC(=O)[C@H](C)[C@@H](O[C@@H]2C[C@](C)(OC)[C@H](O)[C@@H](C)O2)[C@@H](C)[C@@H](O[C@@H]2O[C@H](C)C[C@H](N(C)C)[C@H]2O)[C@](C)(O)C[C@@H](C)CN(C)[C@H](C)[C@@H](O)[C@]1(C)O,102.5,mL.min-1.kg-1,species_only_human
16572585,CHEMBL3800967,CHEMBL532,CL,mL.min-1.kg-1,=,225.0,CHEMBL372,Homo sapiens,"Clearance in healthy human (24 volunteers) at 400 mg, po test formulation of drug administered as single dose by two-compartmental open model",A,CC[C@H]1OC(=O)[C@H](C)[C@@H](O[C@H]2C[C@@](C)(OC)[C@@H](O)[C@H](C)O2)[C@H](C)[C@@H](O[C@@H]2O[C@H](C)C[C@H](N(C)C)[C@H]2O)[C@](C)(O)C[C@@H](C)C(=O)[C@H](C)[C@@H](O)[C@]1(C)O,225.0,mL.min-1.kg-1,species_only_human
16572587,CHEMBL3800969,CHEMBL532,CL,mL.min-1.kg-1,=,23.33,CHEMBL372,Homo sapiens,"Clearance in healthy human (24 volunteers) at 400 mg, po reference formulation of drug administered as single dose by two-compartmental open model",A,CC[C@H]1OC(=O)[C@H](C)[C@@H](O[C@H]2C[C@@](C)(OC)[C@@H](O)[C@H](C)O2)[C@H](C)[C@@H](O[C@@H]2O[C@H](C)C[C@H](N(C)C)[C@H]2O)[C@](C)(O)C[C@@H](C)C(=O)[C@H](C)[C@@H](O)[C@]1(C)O,23.33,mL.min-1.kg-1,species_only_human
16648123,CHEMBL3829717,CHEMBL41849,CL,mL.min-1.kg-1,=,5.0,CHEMBL372,Homo sapiens,Clearance in human,A,OC(Cn1ccnc1)c1ccc(CCc2ccccc2)cc1,5.0,mL.min-1.kg-1,species_only_human
16827977,CHEMBL3874698,CHEMBL3963788,CL,mL.min-1.kg-1,=,15.6,CHEMBL612558,,Intrinsic clearance in human,A,Cc1nnc2sc(C(=O)NCc3ccc(S(=O)(=O)C(F)F)cc3)c(N)c2c1C,15.6,mL.min-1.kg-1,species_only_human
16827978,CHEMBL3874698,CHEMBL3915634,CL,mL.min-1.kg-1,=,19.8,CHEMBL612558,,Intrinsic clearance in human,A,Cc1nnc2sc(C(=O)NCc3ccc(S(=O)(=O)C(F)(F)F)cc3)c(N)c2c1C,19.8,mL.min-1.kg-1,species_only_human
16827979,CHEMBL3874698,CHEMBL3942511,CL,mL.min-1.kg-1,=,52.8,CHEMBL612558,,Intrinsic clearance in human,A,Cc1nnc2sc(C(=O)NCc3ccc(S(F)(F)(F)(F)F)cc3)c(N)c2c1C,52.8,mL.min-1.kg-1,species_only_human
18092558,CHEMBL4020246,CHEMBL3987016,CL,mL.min-1.kg-1,=,2.333,CHEMBL372,Homo sapiens,Plasma clearance in iv dosed human,A,CCS(=O)(=O)Nc1ccc(Oc2ccc(F)cc2F)c(-c2cn(C)c(=O)c3[nH]ccc23)c1,2.333,mL.min-1.kg-1,species_only_human
18149818,CHEMBL4033396,CHEMBL4077555,CL,mL.min-1.kg-1,=,25.8,CHEMBL613419,Homo sapiens,Intrinsic clearance in human liver at 1 uM measured after 1 hr by LC-MS/MS method,A,C[C@@H]1CN(C(=O)c2nc(Nc3cc(C4CC4)[nH]n3)c3cc(Cl)ccc3n2)CCN1.Cl,25.8,mL.min-1.kg-1,species_only_human
18172139,CHEMBL4037987,CHEMBL4079080,CL,mL.min-1.kg-1,=,16.0,CHEMBL614875,Macaca mulatta,"Plasma clearance in non-human primate at 1 mg/kg, iv administered via cephalic vein measured up to 24 hrs post dose by HPLC-MS/MS analysis",A,O=C(O[C@H](CO)C(F)(F)F)N1C[C@@H]2[C@H](C1)[C@H]2c1ccn(-c2ccc(F)cc2)n1,16.0,mL.min-1.kg-1,species_only_human
18179688,CHEMBL4039396,CHEMBL4076294,CL,mL.min-1.g-1,=,23240.0,CHEMBL4683,Homo sapiens,"Prodrug activation assessed as recombinant human FAP-alpha mediated (S)-((3S,5R,8R,9S,10S,11S,13R,14S,17R)-11,14-dihydroxy-10,13-dimethyl-12-oxo-17-(2-oxo-2H-pyran-5-yl)hexadecahydro-1H-cyclopenta[a]phenanthren-3-yl) 2-aminopropanoate formation by measuring intrinsic clearance after 90 mins by UPLC-MS/MS analysis",A,C[C@H](NC(=O)[C@@H]1CCCN1C(=O)CNC(=O)OCc1ccccc1)C(=O)O[C@H]1CC[C@@]2(C)[C@H](CC[C@@H]3[C@@H]2[C@H](O)C(=O)[C@]2(C)[C@@H](c4ccc(=O)oc4)CC[C@]32O)C1,23.24,mL.min-1.kg-1,species_only_human
18179689,CHEMBL4039397,CHEMBL4081562,CL,mL.min-1.g-1,=,1270.0,CHEMBL4683,Homo sapiens,"Prodrug activation assessed as recombinant human FAP-alpha mediated (S)-((3S,5R,8R,9S,10S,11S,13R,14S,17R)-11,14-dihydroxy-10,13-dimethyl-12-oxo-17-(2-oxo-2H-pyran-5-yl)hexadecahydro-1H-cyclopenta[a]phenanthren-3-yl) 2-amino-3-methylbutanoate formation by measuring intrinsic clearance after 90 mins by UPLC-MS/MS analysis",A,CC(C)[C@H](NC(=O)[C@@H]1CCCN1C(=O)CNC(=O)OCc1ccccc1)C(=O)O[C@H]1CC[C@@]2(C)[C@H](CC[C@@H]3[C@@H]2[C@H](O)C(=O)[C@]2(C)[C@@H](c4ccc(=O)oc4)CC[C@]32O)C1,1.27,mL.min-1.kg-1,species_only_human
18179690,CHEMBL4039398,CHEMBL4059605,CL,mL.min-1.g-1,=,3520.0,CHEMBL4683,Homo sapiens,"Prodrug activation assessed as recombinant human FAP-alpha mediated (S)-((3S,5R,8R,9S,10S,11S,13R,14S,17R)-11,14-dihydroxy-10,13-dimethyl-12-oxo-17-(2-oxo-2H-pyran-5-yl)hexadecahydro-1H-cyclopenta[a]phenanthren-3-yl) 2-amino-4-methylpentanoate formation by measuring intrinsic clearance after 90 mins by UPLC-MS/MS analysis",A,CC(C)C[C@H](NC(=O)[C@@H]1CCCN1C(=O)CNC(=O)OCc1ccccc1)C(=O)O[C@H]1CC[C@@]2(C)[C@H](CC[C@@H]3[C@@H]2[C@H](O)C(=O)[C@]2(C)[C@@H](c4ccc(=O)oc4)CC[C@]32O)C1,3.52,mL.min-1.kg-1,species_only_human
18179691,CHEMBL4039399,CHEMBL4089428,CL,mL.min-1.g-1,=,1590.0,CHEMBL4683,Homo sapiens,"Prodrug activation assessed as recombinant human FAP-alpha mediated (2S,3S)-((3S,5R,8R,9S,10S,11S,13R,14S,17R)-11,14-dihydroxy-10,13-dimethyl-12-oxo-17-(2-oxo-2H-pyran-5-yl)hexadecahydro-1H-cyclopenta[a]phenanthren-3-yl) 2-amino-3-methylpentanoate formation by measuring intrinsic clearance after 90 mins by UPLC-MS/MS analysis",A,CC[C@H](C)[C@H](NC(=O)[C@@H]1CCCN1C(=O)CNC(=O)OCc1ccccc1)C(=O)O[C@H]1CC[C@@]2(C)[C@H](CC[C@@H]3[C@@H]2[C@H](O)C(=O)[C@]2(C)[C@@H](c4ccc(=O)oc4)CC[C@]32O)C1,1.59,mL.min-1.kg-1,species_only_human
18179692,CHEMBL4039400,CHEMBL4068250,CL,mL.min-1.g-1,=,42360.0,CHEMBL4683,Homo sapiens,"Prodrug activation assessed as recombinant human FAP-alpha mediated (S)-((3S,5R,8R,9S,10S,11S,13R,14S,17R)-11,14-dihydroxy-10,13-dimethyl-12-oxo-17-(2-oxo-2H-pyran-5-yl)hexadecahydro-1H-cyclopenta[a]phenanthren-3-yl) 2-amino-3-phenylpropanoate formation by measuring intrinsic clearance after 90 mins by UPLC-MS/MS analysis",A,C[C@]12CC[C@H](OC(=O)[C@H](Cc3ccccc3)NC(=O)[C@@H]3CCCN3C(=O)CNC(=O)OCc3ccccc3)C[C@H]1CC[C@@H]1[C@@H]2[C@H](O)C(=O)[C@]2(C)[C@@H](c3ccc(=O)oc3)CC[C@]12O,42.36,mL.min-1.kg-1,species_only_human
18179693,CHEMBL4039401,CHEMBL4097137,CL,mL.min-1.g-1,=,65890.0,CHEMBL4683,Homo sapiens,"Prodrug activation assessed as recombinant human FAP-alpha mediated (S)-((3S,5R,8R,9S,10S,11S,13R,14S,17R)-11,14-dihydroxy-10,13-dimethyl-12-oxo-17-(2-oxo-2H-pyran-5-yl)hexadecahydro-1H-cyclopenta[a]phenanthren-3-yl) 2-amino-3-(1H-indol-3-yl)propanoate formation by measuring intrinsic clearance at 40 umol/L after 6 hrs by UPLC-MS/MS analysis",A,C[C@]12CC[C@H](OC(=O)[C@H](Cc3c[nH]c4ccccc34)NC(=O)[C@@H]3CCCN3C(=O)CNC(=O)OCc3ccccc3)C[C@H]1CC[C@@H]1[C@@H]2[C@H](O)C(=O)[C@]2(C)[C@@H](c3ccc(=O)oc3)CC[C@]12O,65.89,mL.min-1.kg-1,species_only_human
18179694,CHEMBL4039402,CHEMBL4079121,CL,mL.min-1.g-1,=,7070.0,CHEMBL4683,Homo sapiens,"Prodrug activation assessed as recombinant human FAP-alpha mediated 5-((3S,5R,8R,9S,10S,11S,13R,14S,17R)-3-(2-(4-aminophenyl)acetyl)-11,14-dihydroxy-10,13-dimethyl-12-oxohexadecahydro-1H-cyclopenta[a]phenanthren-17-yl)-2H-pyran-2-one formation by measuring intrinsic clearance at 40 umol/L after 6 hrs by UPLC-MS/MS analysis",A,C[C@]12CC[C@H](OC(=O)Cc3ccc(NC(=O)[C@@H]4CCCN4C(=O)CNC(=O)OCc4ccccc4)cc3)C[C@H]1CC[C@@H]1[C@@H]2[C@H](O)C(=O)[C@]2(C)[C@@H](c3ccc(=O)oc3)CC[C@]12O,7.07,mL.min-1.kg-1,species_only_human
18183269,CHEMBL4040170,CHEMBL2324776,CL,mL.min-1.kg-1,=,1.2,CHEMBL372,Homo sapiens,"Plasma clearance in human at 100 ug, iv",A,O=S(=O)(Nc1nncs1)c1cc(Cl)c(Oc2ccc(C(F)(F)F)cc2-c2ccnnc2)cc1F,1.2,mL.min-1.kg-1,species_only_human
18183270,CHEMBL4040170,CHEMBL2325014,CL,mL.min-1.kg-1,=,0.5,CHEMBL372,Homo sapiens,"Plasma clearance in human at 100 ug, iv",A,Nc1[nH]ncc1-c1cc(Cl)ccc1Oc1cc(F)c(S(=O)(=O)Nc2cscn2)cc1Cl,0.5,mL.min-1.kg-1,species_only_human
18183271,CHEMBL4040170,CHEMBL2324748,CL,mL.min-1.kg-1,=,3.6,CHEMBL372,Homo sapiens,"Plasma clearance in human at 100 ug, iv",A,CCN1CC(n2nccc2-c2cc(Cl)ccc2Oc2ccc(S(=O)(=O)Nc3cscn3)cc2C#N)C1,3.6,mL.min-1.kg-1,species_only_human
18183273,CHEMBL4040171,CHEMBL2325014,CL,mL.min-1.kg-1,=,350.0,CHEMBL372,Homo sapiens,"Unbound plasma clearance in human at 100 ug, iv",A,Nc1[nH]ncc1-c1cc(Cl)ccc1Oc1cc(F)c(S(=O)(=O)Nc2cscn2)cc1Cl,350.0,mL.min-1.kg-1,species_only_human
18183274,CHEMBL4040171,CHEMBL2324748,CL,mL.min-1.kg-1,=,55.0,CHEMBL372,Homo sapiens,"Unbound plasma clearance in human at 100 ug, iv",A,CCN1CC(n2nccc2-c2cc(Cl)ccc2Oc2ccc(S(=O)(=O)Nc3cscn3)cc2C#N)C1,55.0,mL.min-1.kg-1,species_only_human
18305108,CHEMBL4125537,CHEMBL3127163,CL,mL.min-1.kg-1,=,192.0,CHEMBL372,Homo sapiens,Intrinsic clearance in human,A,O=C(O)c1csc(-n2nc(-c3ccccc3)c3ccc(C(F)(F)F)cc32)n1,192.0,mL.min-1.kg-1,species_only_human
18305109,CHEMBL4125537,CHEMBL4126167,CL,mL.min-1.kg-1,=,102.0,CHEMBL372,Homo sapiens,Intrinsic clearance in human,A,O=C(O)c1csc(N2N=C(c3ccccc3)C3CCC(C(F)(F)F)CC32)n1,102.0,mL.min-1.kg-1,species_only_human
18305110,CHEMBL4125537,CHEMBL4126319,CL,mL.min-1.kg-1,=,146.0,CHEMBL372,Homo sapiens,Intrinsic clearance in human,A,O=C(O)c1csc(-n2nc(C3=CCCCO3)c3ccc(C(F)(F)F)cc32)n1,146.0,mL.min-1.kg-1,species_only_human
18305111,CHEMBL4125537,CHEMBL4129609,CL,mL.min-1.kg-1,=,70.0,CHEMBL372,Homo sapiens,Intrinsic clearance in human,A,O=C(O)c1csc(-n2nc(-c3ccccc3)c3ccc(C(F)(F)F)nc32)n1,70.0,mL.min-1.kg-1,species_only_human
18305112,CHEMBL4125537,CHEMBL4129545,CL,mL.min-1.kg-1,=,48.0,CHEMBL372,Homo sapiens,Intrinsic clearance in human,A,O=C(O)c1csc(Cn2nc(-c3ccccc3)c3ccc(C(F)(F)F)cc32)n1,48.0,mL.min-1.kg-1,species_only_human
18404325,CHEMBL4150695,CHEMBL4159183,CL,mL.min-1.kg-1,=,148.7,CHEMBL612558,,Intrinsic clearance in human liver after 10 mins in presence of NADPH by LC/MS/MS analysis,A,CCOC(=O)C1=C[C@@H](OC(CC)CC)[C@H](NC(C)=O)[C@@H](NCc2ccc(N(CC)CC)cc2)C1,148.7,mL.min-1.kg-1,species_only_human
18404326,CHEMBL4150695,CHEMBL386630,CL,mL.min-1.kg-1,=,46.9,CHEMBL612558,,Intrinsic clearance in human liver after 10 mins in presence of NADPH by LC/MS/MS analysis,A,C[C@]12CC[C@H]3[C@@H](CCC4=CC(=O)CC[C@@]43C)[C@@H]1CC[C@@H]2O,46.9,mL.min-1.kg-1,species_only_human
18404327,CHEMBL4150695,CHEMBL139,CL,mL.min-1.kg-1,=,101.1,CHEMBL612558,,Intrinsic clearance in human liver after 10 mins in presence of NADPH by LC/MS/MS analysis,A,O=C(O)Cc1ccccc1Nc1c(Cl)cccc1Cl,101.1,mL.min-1.kg-1,species_only_human
18404328,CHEMBL4150695,CHEMBL631,CL,mL.min-1.kg-1,=,194.3,CHEMBL612558,,Intrinsic clearance in human liver after 10 mins in presence of NADPH by LC/MS/MS analysis,A,CCCNCC(O)COc1ccccc1C(=O)CCc1ccccc1,194.3,mL.min-1.kg-1,species_only_human
18465910,CHEMBL4181693,CHEMBL193,CL,mL.min-1.kg-1,=,175.0,CHEMBL372,Homo sapiens,"Unbound intrinsic clearance in human at 10 mg, tid",A,COC(=O)C1=C(C)NC(C)=C(C(=O)OC)C1c1ccccc1[N+](=O)[O-],175.0,mL.min-1.kg-1,species_only_human
18465911,CHEMBL4181694,CHEMBL1491,CL,mL.min-1.kg-1,=,85.0,CHEMBL372,Homo sapiens,"Unbound intrinsic clearance in human at 5 to 10 mg, qd",A,CCOC(=O)C1=C(COCCN)NC(C)=C(C(=O)OC)C1c1ccccc1Cl,85.0,mL.min-1.kg-1,species_only_human
18465914,CHEMBL4181697,CHEMBL870,CL,mL.min-1.kg-1,=,10.0,CHEMBL612558,,Plasma clearance in human,A,NCCCC(O)(P(=O)(O)O)P(=O)(O)O,10.0,mL.min-1.kg-1,species_only_human
18589869,CHEMBL4224197,CHEMBL4226608,CL,mL.min-1.g-1,=,13.0,CHEMBL2265,Homo sapiens,Drug metabolism assessed as recombinant human CE1-mediated compound hydrolysis by measuring compound intrinsic clearance at 50 uM up to 60 mins by LC-UV analysis,A,COc1cc(CNC(=O)COC(=O)/C=C(\C)CCC=C(C)C)c(I)cc1O,0.013,mL.min-1.kg-1,species_only_human
18589870,CHEMBL4224196,CHEMBL4227926,CL,mL.min-1.g-1,=,118.0,CHEMBL2265,Homo sapiens,Drug metabolism assessed as recombinant human CE1-mediated compound hydrolysis by measuring compound intrinsic clearance at 50 uM up to 30 mins by LC-UV analysis,A,CCCCCCCCCCCC(=O)OCC(=O)NCc1cc(OC)c(O)cc1I,0.118,mL.min-1.kg-1,species_only_human
18589871,CHEMBL4224196,CHEMBL4226582,CL,mL.min-1.g-1,=,215.0,CHEMBL2265,Homo sapiens,Drug metabolism assessed as recombinant human CE1-mediated compound hydrolysis by measuring compound intrinsic clearance at 50 uM up to 30 mins by LC-UV analysis,A,CCCCCCCCCCCC(=O)OCC(=O)NCc1ccc(O)c(OC)c1,0.215,mL.min-1.kg-1,species_only_human
18589957,CHEMBL4224197,CHEMBL4226128,CL,mL.min-1.g-1,=,56.0,CHEMBL2265,Homo sapiens,Drug metabolism assessed as recombinant human CE1-mediated compound hydrolysis by measuring compound intrinsic clearance at 50 uM up to 60 mins by LC-UV analysis,A,CC(C)=CCC/C(C)=C/CC/C(C)=C/CC/C=C(\C)CC/C=C(\C)CCC(=O)OCC(=O)NCc1ccc(O)c(O)c1,0.056,mL.min-1.kg-1,species_only_human
18589958,CHEMBL4224198,CHEMBL4226582,CL,mL.min-1.g-1,=,172.0,CHEMBL3180,Homo sapiens,Drug metabolism assessed as recombinant human CE2-mediated compound hydrolysis by measuring compound intrinsic clearance at 50 uM up to 30 mins by LC-UV analysis,A,CCCCCCCCCCCC(=O)OCC(=O)NCc1ccc(O)c(OC)c1,0.172,mL.min-1.kg-1,species_only_human
18589959,CHEMBL4224198,CHEMBL4227926,CL,mL.min-1.g-1,=,256.0,CHEMBL3180,Homo sapiens,Drug metabolism assessed as recombinant human CE2-mediated compound hydrolysis by measuring compound intrinsic clearance at 50 uM up to 30 mins by LC-UV analysis,A,CCCCCCCCCCCC(=O)OCC(=O)NCc1cc(OC)c(O)cc1I,0.256,mL.min-1.kg-1,species_only_human
18589960,CHEMBL4224199,CHEMBL4226608,CL,mL.min-1.g-1,=,88.0,CHEMBL3180,Homo sapiens,Drug metabolism assessed as recombinant human CE2-mediated compound hydrolysis by measuring compound intrinsic clearance at 50 uM up to 60 mins by LC-UV analysis,A,COc1cc(CNC(=O)COC(=O)/C=C(\C)CCC=C(C)C)c(I)cc1O,0.088,mL.min-1.kg-1,species_only_human
18589961,CHEMBL4224199,CHEMBL4226128,CL,mL.min-1.g-1,=,57.0,CHEMBL3180,Homo sapiens,Drug metabolism assessed as recombinant human CE2-mediated compound hydrolysis by measuring compound intrinsic clearance at 50 uM up to 60 mins by LC-UV analysis,A,CC(C)=CCC/C(C)=C/CC/C(C)=C/CC/C=C(\C)CC/C=C(\C)CCC(=O)OCC(=O)NCc1ccc(O)c(O)c1,0.057,mL.min-1.kg-1,species_only_human
18705026,CHEMBL4255765,CHEMBL4292263,CL,mL.min-1.g-1,=,4.0,CHEMBL612558,,Intrinsic clearance in human liver cytosol at 0.5 uM measured after 15 mins in presence of NADPH by spectrometric method,A,O=C(NOC1CCCC1)C(=O)C(Cc1ccccc1)NC(=O)c1cccnc1-n1ccc(-c2ccccc2)n1,0.004,mL.min-1.kg-1,species_only_human
18705027,CHEMBL4255765,CHEMBL4284362,CL,mL.min-1.g-1,=,3.0,CHEMBL612558,,Intrinsic clearance in human liver cytosol at 0.5 uM measured after 15 mins in presence of NADPH by spectrometric method,A,O=C(NOC1CCC1)C(=O)C(Cc1ccccc1)NC(=O)c1cccnc1-n1ccc(-c2ccccc2)n1,0.003,mL.min-1.kg-1,species_only_human
18705028,CHEMBL4255765,CHEMBL4285615,CL,mL.min-1.g-1,=,8.0,CHEMBL612558,,Intrinsic clearance in human liver cytosol at 0.5 uM measured after 15 mins in presence of NADPH by spectrometric method,A,O=C(NOCC1CC1)C(=O)C(Cc1ccccc1)NC(=O)c1cccnc1-n1ccc(-c2ccccc2)n1,0.008,mL.min-1.kg-1,species_only_human
18705030,CHEMBL4255765,CHEMBL4282193,CL,mL.min-1.g-1,=,33.0,CHEMBL612558,,Intrinsic clearance in human liver cytosol at 0.5 uM measured after 15 mins in presence of NADPH by spectrometric method,A,CC(C)ONC(=O)C(=O)C(Cc1ccccc1)NC(=O)c1cccnc1-n1ccc(-c2ccccc2)n1,0.033,mL.min-1.kg-1,species_only_human
18705031,CHEMBL4255765,CHEMBL4290071,CL,mL.min-1.g-1,=,2.0,CHEMBL612558,,Intrinsic clearance in human liver cytosol at 0.5 uM measured after 15 mins in presence of NADPH by spectrometric method,A,CCCONC(=O)C(=O)C(Cc1ccccc1)NC(=O)c1cccnc1-n1ccc(-c2ccccc2)n1,0.002,mL.min-1.kg-1,species_only_human
18705033,CHEMBL4255765,CHEMBL4286633,CL,mL.min-1.g-1,=,2.0,CHEMBL612558,,Intrinsic clearance in human liver cytosol at 0.5 uM measured after 15 mins in presence of NADPH by spectrometric method,A,CONC(=O)C(=O)C(Cc1ccccc1)NC(=O)c1cccnc1-n1ccc(-c2ccccc2)n1,0.002,mL.min-1.kg-1,species_only_human
18705034,CHEMBL4255765,CHEMBL4293870,CL,mL.min-1.g-1,=,16.0,CHEMBL612558,,Intrinsic clearance in human liver cytosol at 0.5 uM measured after 15 mins in presence of NADPH by spectrometric method,A,O=C(NCc1nc2ccccc2o1)C(=O)C(Cc1ccccc1)NC(=O)c1cccnc1-n1ccc(-c2ccccc2)n1,0.016,mL.min-1.kg-1,species_only_human
18705035,CHEMBL4255765,CHEMBL4283277,CL,mL.min-1.g-1,=,11.0,CHEMBL612558,,Intrinsic clearance in human liver cytosol at 0.5 uM measured after 15 mins in presence of NADPH by spectrometric method,A,O=C(NCCc1ccccc1)C(=O)C(Cc1ccccc1)NC(=O)c1cccnc1-n1ccc(-c2ccccc2)n1,0.011,mL.min-1.kg-1,species_only_human
18705036,CHEMBL4255765,CHEMBL4290469,CL,mL.min-1.g-1,=,19.0,CHEMBL612558,,Intrinsic clearance in human liver cytosol at 0.5 uM measured after 15 mins in presence of NADPH by spectrometric method,A,O=C(NCc1ccccc1)C(=O)C(Cc1ccccc1)NC(=O)c1cccnc1-n1ccc(-c2ccccc2)n1,0.019,mL.min-1.kg-1,species_only_human
18705037,CHEMBL4255765,CHEMBL4279814,CL,mL.min-1.g-1,=,4.0,CHEMBL612558,,Intrinsic clearance in human liver cytosol at 0.5 uM measured after 15 mins in presence of NADPH by spectrometric method,A,CC1(NC(=O)C(=O)C(Cc2ccccc2)NC(=O)c2cccnc2-n2ccc(-c3ccccc3)n2)CC1,0.004,mL.min-1.kg-1,species_only_human
18705038,CHEMBL4255765,CHEMBL4279559,CL,mL.min-1.g-1,=,9.0,CHEMBL612558,,Intrinsic clearance in human liver cytosol at 0.5 uM measured after 15 mins in presence of NADPH by spectrometric method,A,O=C(NCC1CC1)C(=O)C(Cc1ccccc1)NC(=O)c1cccnc1-n1ccc(-c2ccccc2)n1,0.009,mL.min-1.kg-1,species_only_human
18705039,CHEMBL4255765,CHEMBL4290224,CL,mL.min-1.g-1,=,9.0,CHEMBL612558,,Intrinsic clearance in human liver cytosol at 0.5 uM measured after 15 mins in presence of NADPH by spectrometric method,A,O=C(NC1CCCC1)C(=O)C(Cc1ccccc1)NC(=O)c1cccnc1-n1ccc(-c2ccccc2)n1,0.009,mL.min-1.kg-1,species_only_human
18705040,CHEMBL4255765,CHEMBL4284950,CL,mL.min-1.g-1,=,8.0,CHEMBL612558,,Intrinsic clearance in human liver cytosol at 0.5 uM measured after 15 mins in presence of NADPH by spectrometric method,A,O=C(NC1CCC1)C(=O)C(Cc1ccccc1)NC(=O)c1cccnc1-n1ccc(-c2ccccc2)n1,0.008,mL.min-1.kg-1,species_only_human
18705041,CHEMBL4255765,CHEMBL4277000,CL,mL.min-1.g-1,=,4.0,CHEMBL612558,,Intrinsic clearance in human liver cytosol at 0.5 uM measured after 15 mins in presence of NADPH by spectrometric method,A,O=C(NC1CC1)C(=O)C(Cc1ccccc1)NC(=O)c1cccnc1-n1ccc(-c2ccccc2)n1,0.004,mL.min-1.kg-1,species_only_human
18705042,CHEMBL4255765,CHEMBL4281522,CL,mL.min-1.g-1,=,8.0,CHEMBL612558,,Intrinsic clearance in human liver cytosol at 0.5 uM measured after 15 mins in presence of NADPH by spectrometric method,A,N#CCNC(=O)C(=O)C(Cc1ccccc1)NC(=O)c1cccnc1-n1ccc(-c2ccccc2)n1,0.008,mL.min-1.kg-1,species_only_human
18705043,CHEMBL4255765,CHEMBL4292149,CL,mL.min-1.g-1,=,5.0,CHEMBL612558,,Intrinsic clearance in human liver cytosol at 0.5 uM measured after 15 mins in presence of NADPH by spectrometric method,A,C=CCNC(=O)C(=O)C(Cc1ccccc1)NC(=O)c1cccnc1-n1ccc(-c2ccccc2)n1,0.005,mL.min-1.kg-1,species_only_human
18705044,CHEMBL4255765,CHEMBL4278068,CL,mL.min-1.g-1,=,4.0,CHEMBL612558,,Intrinsic clearance in human liver cytosol at 0.5 uM measured after 15 mins in presence of NADPH by spectrometric method,A,CC(C)NC(=O)C(=O)C(Cc1ccccc1)NC(=O)c1cccnc1-n1ccc(-c2ccccc2)n1,0.004,mL.min-1.kg-1,species_only_human
18705045,CHEMBL4255765,CHEMBL4288728,CL,mL.min-1.g-1,=,12.0,CHEMBL612558,,Intrinsic clearance in human liver cytosol at 0.5 uM measured after 15 mins in presence of NADPH by spectrometric method,A,CCCNC(=O)C(=O)C(Cc1ccccc1)NC(=O)c1cccnc1-n1ccc(-c2ccccc2)n1,0.012,mL.min-1.kg-1,species_only_human
18705046,CHEMBL4255765,CHEMBL4293200,CL,mL.min-1.g-1,=,21.0,CHEMBL612558,,Intrinsic clearance in human liver cytosol at 0.5 uM measured after 15 mins in presence of NADPH by spectrometric method,A,CNC(=O)C(=O)C(Cc1ccccc1)NC(=O)c1cccnc1-n1ccc(-c2ccccc2)n1,0.021,mL.min-1.kg-1,species_only_human
18705047,CHEMBL4255765,CHEMBL4285376,CL,mL.min-1.g-1,=,28.0,CHEMBL612558,,Intrinsic clearance in human liver cytosol at 0.5 uM measured after 15 mins in presence of NADPH by spectrometric method,A,CCNC(=O)C(=O)C(Cc1ccccc1)NC(=O)c1cccnc1-n1ccc(-c2ccccc2)n1,0.028,mL.min-1.kg-1,species_only_human
18705049,CHEMBL4255765,CHEMBL4095528,CL,mL.min-1.g-1,=,40.0,CHEMBL612558,,Intrinsic clearance in human liver cytosol at 0.5 uM measured after 15 mins in presence of NADPH by spectrometric method,A,NC(=O)C(=O)C(Cc1ccccc1)NC(=O)c1cccnc1-n1ccc(-c2ccccc2)n1,0.04,mL.min-1.kg-1,species_only_human
18705114,CHEMBL4255765,CHEMBL4280951,CL,mL.min-1.g-1,=,2.0,CHEMBL612558,,Intrinsic clearance in human liver cytosol at 0.5 uM measured after 15 mins in presence of NADPH by spectrometric method,A,CN(C)CCONC(=O)C(=O)C(Cc1ccccc1)NC(=O)c1cccnc1-n1ccc(-c2ccccc2)n1,0.002,mL.min-1.kg-1,species_only_human
18890180,CHEMBL4314045,CHEMBL4448754,CL,mL.min-1.g-1,=,11600.0,CHEMBL612558,,Intrinsic clearance in human liver at 1 uM measured up to 1 hr in presence of NADPH by LC-MS/MS analysis,A,COc1cc(C(=O)NC2CCNCC2)ccc1Nc1nc(Nc2ccccc2P(C)(C)=O)c2cc[nH]c2n1,11.6,mL.min-1.kg-1,species_only_human
18917069,CHEMBL4322305,CHEMBL2133806,CL,mL.min-1.kg-1,=,12.0,CHEMBL612558,,Clearance in human plasma,A,Cn1cc(-c2ccc3nnc(C(F)(F)c4ccc5ncccc5c4)n3n2)cn1,12.0,mL.min-1.kg-1,species_only_human
19027309,CHEMBL4348757,CHEMBL3301610,CL,mL.min-1.kg-1,=,172.13,CHEMBL612558,,Clearance in human,A,CCN1CCN(Cc2ccc(Nc3ncc(F)c(-c4cc(F)c5nc(C)n(C(C)C)c5c4)n3)nc2)CC1,172.13,mL.min-1.kg-1,species_only_human
19027310,CHEMBL4348757,CHEMBL4560869,CL,mL.min-1.kg-1,=,156.43,CHEMBL612558,,Clearance in human,A,[2H]C([2H])([2H])C([2H])([2H])N1CCN(Cc2ccc(Nc3ncc(F)c(-c4cc(F)c5nc(C)n(C(C)C)c5c4)n3)nc2)CC1,156.43,mL.min-1.kg-1,species_only_human
19027311,CHEMBL4348757,CHEMBL4534140,CL,mL.min-1.kg-1,=,154.7,CHEMBL612558,,Clearance in human,A,[2H]c1nc(Nc2ncc(F)c(-c3cc(F)c4nc(C)n(C(C)C)c4c3)n2)c([2H])c([2H])c1CN1CCN(C([2H])([2H])C([2H])([2H])[2H])CC1,154.7,mL.min-1.kg-1,species_only_human
19027312,CHEMBL4348757,CHEMBL4474565,CL,mL.min-1.kg-1,=,130.4,CHEMBL612558,,Clearance in human,A,[2H]C([2H])([2H])C([2H])([2H])N1C([2H])([2H])C([2H])([2H])N(Cc2ccc(Nc3ncc(F)c(-c4cc(F)c5nc(C)n(C(C)C)c5c4)n3)nc2)C([2H])([2H])C1([2H])[2H],130.4,mL.min-1.kg-1,species_only_human
19057661,CHEMBL4357147,CHEMBL4446421,CL,mL.min-1.kg-1,=,88.37,CHEMBL612558,,Metabolic stability in human assessed as intrinsic hepatic clearance by LC/MS-MS analysis,A,COc1ccccc1S(=O)(=O)Nc1ccc2c3c(cc(-n4cnc(C)c4)nc13)C(=O)N2C,88.37,mL.min-1.kg-1,species_only_human
19083819,CHEMBL4364210,CHEMBL4584196,CL,mL.min-1.kg-1,=,20.6,CHEMBL612558,,Clearance in human liver at 10 uM by LC-MS/MS analysis,A,CCOC(=O)C1=C(C)NC(=O)NC1c1cc2c(cc1OC)OC(C)(CC)C=C2Cl,20.6,mL.min-1.kg-1,species_only_human
19083820,CHEMBL4364209,CHEMBL4584196,CL,mL.min-1.kg-1,=,32.3,CHEMBL612558,,Intrinsic clearance in human liver at 10 uM by LC-MS/MS analysis,A,CCOC(=O)C1=C(C)NC(=O)NC1c1cc2c(cc1OC)OC(C)(CC)C=C2Cl,32.3,mL.min-1.kg-1,species_only_human
19191209,CHEMBL4389023,CHEMBL4452603,CL,mL.min-1.g-1,=,27.0,CHEMBL612558,,Intrinsic clearance in human liver cytosol,A,Cn1cc(CN2C(=O)CC[C@@H]2C(=O)NC(Cc2ccccc2)C(=O)C(=O)NC2CN2)cn1,0.027,mL.min-1.kg-1,species_only_human
19191210,CHEMBL4389023,CHEMBL4535145,CL,mL.min-1.g-1,=,42.0,CHEMBL612558,,Intrinsic clearance in human liver cytosol,A,O=C(NC1CC1)C(=O)C(Cc1ccccc1)NC(=O)[C@H]1CCC(=O)N1C1Cc2ccccc2C1,0.042,mL.min-1.kg-1,species_only_human
19191217,CHEMBL4389023,CHEMBL4454219,CL,mL.min-1.g-1,=,3.0,CHEMBL612558,,Intrinsic clearance in human liver cytosol,A,O=C(NCc1ccc(F)cc1)C(=O)C(Cc1ccccc1)NC(=O)[C@H]1CCC(=O)N1Cc1ccccc1,0.003,mL.min-1.kg-1,species_only_human
19191218,CHEMBL4389023,CHEMBL4590202,CL,mL.min-1.g-1,=,5.0,CHEMBL612558,,Intrinsic clearance in human liver cytosol,A,O=C(Nc1ccccc1)C(=O)C(Cc1ccccc1)NC(=O)[C@H]1CCC(=O)N1Cc1ccccc1,0.005,mL.min-1.kg-1,species_only_human
19191219,CHEMBL4389023,CHEMBL4441800,CL,mL.min-1.g-1,=,1.0,CHEMBL612558,,Intrinsic clearance in human liver cytosol,A,O=C(NC1CCC1)C(=O)C(Cc1ccccc1)NC(=O)[C@H]1CCC(=O)N1Cc1ccccc1,0.001,mL.min-1.kg-1,species_only_human
19191221,CHEMBL4389023,CHEMBL4549162,CL,mL.min-1.g-1,=,4.0,CHEMBL612558,,Intrinsic clearance in human liver cytosol,A,CCNC(=O)C(=O)C(Cc1ccccc1)NC(=O)[C@H]1CCC(=O)N1Cc1ccccc1,0.004,mL.min-1.kg-1,species_only_human
19211361,CHEMBL4393182,CHEMBL126,CL,mL.min-1.kg-1,=,1.74,CHEMBL612558,,"Clearance in human at 625 mg, iv",A,CC(=O)NC[C@H]1CN(c2ccc(N3CCOCC3)c(F)c2)C(=O)O1,1.74,mL.min-1.kg-1,species_only_human
19232193,CHEMBL4397527,CHEMBL1429,CL,mL.min-1.kg-1,=,1.7,CHEMBL612558,,Clearance in iv dosed over hydrated human,A,N=C(N)NCCC[C@@H](NC(=O)[C@@H]1CCCN1C(=O)[C@@H]1CSSCCC(=O)N[C@@H](Cc2ccc(O)cc2)C(=O)N[C@@H](Cc2ccccc2)C(=O)N[C@@H](CCC(N)=O)C(=O)N[C@@H](CC(N)=O)C(=O)N1)C(=O)NCC(N)=O,1.7,mL.min-1.kg-1,species_only_human
19293539,CHEMBL4411927,CHEMBL1082407,CL,mL.min-1.kg-1,=,6.0,CHEMBL612558,,Clearance in po dosed human,A,CNC(=O)c1ccc(N2C(=S)N(c3ccc(C#N)c(C(F)(F)F)c3)C(=O)C2(C)C)cc1F,6.0,mL.min-1.kg-1,species_only_human
19407452,CHEMBL4426801,CHEMBL4461070,CL,mL.min-1.kg-1,=,51.67,CHEMBL612558,,"Clearance in SCID mouse bearing advanced-stage human Hs746T cells at 20 mg/kg, iv administered as single dose after 1 to 72 hrs by liquid chromatography-tandem mass spectrometry",A,O=C(NCCN1CCOCC1)Nc1nc2ccc(Sc3nnc4ccc(-c5ccc(F)cc5)nn34)cc2s1,51.67,mL.min-1.kg-1,species_only_human
20630137,CHEMBL4610624,CHEMBL4632555,CL,mL.min-1.kg-1,=,13.0,CHEMBL612558,,Hepatic clearance in human,A,Cc1c2cc(C(=O)NC3CN(c4cc(Cl)ncc4Cl)C3)ccc2nn1C,13.0,mL.min-1.kg-1,species_only_human
20630139,CHEMBL4610624,CHEMBL4632855,CL,mL.min-1.kg-1,=,21.0,CHEMBL612558,,Hepatic clearance in human,A,Cn1nnc2ccc(C(=O)NC3CN(c4cc(Cl)ncc4Cl)C3)cc21,21.0,mL.min-1.kg-1,species_only_human
20661641,CHEMBL4618371,CHEMBL3187788,CL,mL.min-1.kg-1,=,0.0386,CHEMBL612558,,Intrinsic hepatic clearance in human,A,CC(O)(C#Cc1ccc2c(c1)N(c1nc(N)ncc1Cl)CC2)c1nccs1,0.0386,mL.min-1.kg-1,species_only_human
20661642,CHEMBL4618371,CHEMBL4645565,CL,mL.min-1.kg-1,=,0.03064,CHEMBL612558,,Intrinsic hepatic clearance in human,A,CC(O)(C#Cc1ccc(N2CCOCC2)c(Nc2ncnc3[nH]ccc23)c1)c1nccs1,0.03064,mL.min-1.kg-1,species_only_human
22385574,CHEMBL4665932,CHEMBL4787268,CL,mL.min-1.kg-1,=,35.7,CHEMBL612558,,Hepatic clearance in human,A,c1cnc2c(Nc3ccc4c(-n5cccn5)nccc4c3)n[nH]c2c1,35.7,mL.min-1.kg-1,species_only_human
22392849,CHEMBL4667434,CHEMBL4776981,CL,mL.min-1.kg-1,=,14.7,CHEMBL612558,,Hepatic clearance in human,A,Cc1c(Cl)nnc2sc(C(=O)NC3CN(c4cc(C(F)(F)F)ncc4Cl)C3)c(N)c12,14.7,mL.min-1.kg-1,species_only_human
22392850,CHEMBL4667434,CHEMBL4798497,CL,mL.min-1.kg-1,=,11.7,CHEMBL612558,,Hepatic clearance in human,A,COc1cc(N2CC(NC(=O)c3sc4nnc(Cl)c(C)c4c3N)C2)c(Cl)cn1,11.7,mL.min-1.kg-1,species_only_human
22392851,CHEMBL4667434,CHEMBL4796921,CL,mL.min-1.kg-1,=,4.39,CHEMBL612558,,Hepatic clearance in human,A,Cc1nnc2sc(C(=O)NC3CN(c4ncc(C(F)(F)F)cn4)C3)c(N)c2c1C,4.39,mL.min-1.kg-1,species_only_human
22392852,CHEMBL4667434,CHEMBL4740272,CL,mL.min-1.kg-1,=,10.8,CHEMBL612558,,Hepatic clearance in human,A,Cc1c(CF)nnc2sc(C(=O)NC3CN(c4ncc(C(F)(F)F)cn4)C3)c(N)c12,10.8,mL.min-1.kg-1,species_only_human
22392853,CHEMBL4667434,CHEMBL4780059,CL,mL.min-1.kg-1,=,10.1,CHEMBL612558,,Hepatic clearance in human,A,Cc1c(C(F)F)nnc2sc(C(=O)NC3CN(c4ncc(C(F)(F)F)cn4)C3)c(N)c12,10.1,mL.min-1.kg-1,species_only_human
22392854,CHEMBL4667434,CHEMBL4795177,CL,mL.min-1.kg-1,=,2.52,CHEMBL612558,,Hepatic clearance in human,A,COc1nnc2sc(C(=O)NC3CN(c4ncc(C(F)(F)F)cn4)C3)c(N)c2c1C,2.52,mL.min-1.kg-1,species_only_human
22397209,CHEMBL4668783,CHEMBL106,CL,mL.min-1.kg-1,=,0.9,CHEMBL612558,,Clearance in human,A,OC(Cn1cncn1)(Cn1cncn1)c1ccc(F)cc1F,0.9,mL.min-1.kg-1,species_only_human
22397210,CHEMBL4668783,CHEMBL64391,CL,mL.min-1.kg-1,=,5.4,CHEMBL612558,,Clearance in human,A,CCC(C)n1ncn(-c2ccc(N3CCN(c4ccc(OCC5COC(Cn6cncn6)(c6ccc(Cl)cc6Cl)O5)cc4)CC3)cc2)c1=O,5.4,mL.min-1.kg-1,species_only_human
22397211,CHEMBL4668784,CHEMBL106,CL,mL.min-1.kg-1,=,1.0,CHEMBL612558,,Unbound clearance in human,A,OC(Cn1cncn1)(Cn1cncn1)c1ccc(F)cc1F,1.0,mL.min-1.kg-1,species_only_human
22401443,CHEMBL4669709,CHEMBL4162752,CL,mL.min-1.kg-1,=,1.54,CHEMBL612558,,Clearance in human L02 cells at 100 uM incubated up to 120 mins by LC-MS/MS analysis,A,O=C(O)CNC(=O)c1ncc(C#CCOc2ccc(Cl)cc2)cc1O,1.54,mL.min-1.kg-1,species_only_human
22423015,CHEMBL4674060,CHEMBL4764485,CL,mL.min-1.kg-1,=,8.9,CHEMBL612558,,Hepatic clearance in human,A,COc1cc(-c2ncc(COc3cccc([C@@H](CC(=O)O)C4CC4)c3)nc2CC(C)C)c(F)cn1,8.9,mL.min-1.kg-1,species_only_human
22432101,CHEMBL4676563,CHEMBL1082407,CL,mL.min-1.kg-1,=,1.438,CHEMBL612558,,Clearance in po dosed human,A,CNC(=O)c1ccc(N2C(=S)N(c3ccc(C#N)c(C(F)(F)F)c3)C(=O)C2(C)C)cc1F,1.438,mL.min-1.kg-1,species_only_human
22436506,CHEMBL4677611,CHEMBL4745533,CL,mL.min-1.kg-1,=,40.24,CHEMBL612558,,Intrinsic hepatic clearance in human,A,CC(O)(C#Cc1ccc2nccc(-c3cn[nH]c3)c2c1)c1nccs1,40.24,mL.min-1.kg-1,species_only_human
22464485,CHEMBL4683724,CHEMBL4800248,CL,mL.min-1.kg-1,=,15.09,CHEMBL612558,,Clearance in human,A,CCOC(=O)c1ccc(-n2c(/C=C3\OC(=O)c4c3cc(C)[nH]c4=O)ccc2CO)cc1,15.09,mL.min-1.kg-1,species_only_human
22763409,CHEMBL4702832,CHEMBL139,CL,mL.min-1.kg-1,=,4.1,CHEMBL612558,,Hepatic clearance in human administered through iv dosing,A,O=C(O)Cc1ccccc1Nc1c(Cl)cccc1Cl,4.1,mL.min-1.kg-1,species_only_human
22763410,CHEMBL4702832,CHEMBL521,CL,mL.min-1.kg-1,=,0.8,CHEMBL612558,,Hepatic clearance in human administered through iv dosing,A,CC(C)Cc1ccc(C(C)C(=O)O)cc1,0.8,mL.min-1.kg-1,species_only_human
22763411,CHEMBL4702832,CHEMBL469,CL,mL.min-1.kg-1,=,0.19,CHEMBL612558,,Hepatic clearance in human administered through iv dosing,A,O=C(c1ccccc1)c1ccc2n1CCC2C(=O)O,0.19,mL.min-1.kg-1,species_only_human
22763412,CHEMBL4702832,CHEMBL154,CL,mL.min-1.kg-1,=,0.073,CHEMBL612558,,Hepatic clearance in human administered through iv dosing,A,COc1ccc2cc([C@H](C)C(=O)O)ccc2c1,0.073,mL.min-1.kg-1,species_only_human
22763413,CHEMBL4702832,CHEMBL1487,CL,mL.min-1.kg-1,=,8.9,CHEMBL612558,,Hepatic clearance in human administered through iv dosing,A,CC(C)c1c(C(=O)Nc2ccccc2)c(-c2ccccc2)c(-c2ccc(F)cc2)n1CC[C@@H](O)C[C@@H](O)CC(=O)O,8.9,mL.min-1.kg-1,species_only_human
22763414,CHEMBL4702832,CHEMBL957,CL,mL.min-1.kg-1,=,2.2,CHEMBL612558,,Hepatic clearance in human administered through iv dosing,A,COc1ccccc1Oc1c(NS(=O)(=O)c2ccc(C(C)(C)C)cc2)nc(-c2ncccn2)nc1OCCO,2.2,mL.min-1.kg-1,species_only_human
22763415,CHEMBL4702832,CHEMBL1477,CL,mL.min-1.kg-1,=,2.7,CHEMBL612558,,Hepatic clearance in human administered through iv dosing,A,COCc1c(C(C)C)nc(C(C)C)c(/C=C/[C@@H](O)C[C@@H](O)CC(=O)O)c1-c1ccc(F)cc1,2.7,mL.min-1.kg-1,species_only_human
22763416,CHEMBL4702832,CHEMBL258734,CL,mL.min-1.kg-1,=,10.8,CHEMBL612558,,Hepatic clearance in human administered through iv dosing,A,CC(C)(C)OC(=O)N[C@H]1CCCCC/C=C\[C@@H]2C[C@@]2(C(=O)NS(=O)(=O)C2CC2)NC(=O)[C@@H]2C[C@@H](OC(=O)N3Cc4cccc(F)c4C3)CN2C1=O,10.8,mL.min-1.kg-1,species_only_human
22763417,CHEMBL4702832,CHEMBL550781,CL,mL.min-1.kg-1,=,3.3,CHEMBL612558,,Hepatic clearance in human administered through iv dosing,A,CCCCCN(CCCOC)C(=O)[C@@H](CCC(=O)O)NC(=O)c1ccc(Cl)c(Cl)c1,3.3,mL.min-1.kg-1,species_only_human
22763418,CHEMBL4702832,CHEMBL138225,CL,mL.min-1.kg-1,=,0.33,CHEMBL612558,,Hepatic clearance in human administered through iv dosing,A,CC(C)(C)NC(=O)[C@H]1CC[C@H]2[C@@H]3CC=C4C=C(C(=O)O)CC[C@]4(C)[C@H]3CC[C@]12C,0.33,mL.min-1.kg-1,species_only_human
22763419,CHEMBL4702832,CHEMBL2220442,CL,mL.min-1.kg-1,=,7.3,CHEMBL612558,,Hepatic clearance in human administered through iv dosing,A,CC(C)n1c(/C=C/C(O)CC(O)CC(=O)O)c(-c2ccc(F)cc2)c2ccccc21,7.3,mL.min-1.kg-1,species_only_human
22763420,CHEMBL4702832,CHEMBL1073,CL,mL.min-1.kg-1,=,0.53,CHEMBL612558,,Hepatic clearance in human administered through iv dosing,A,Cc1cnc(C(=O)NCCc2ccc(S(=O)(=O)NC(=O)NC3CCCCC3)cc2)cn1,0.53,mL.min-1.kg-1,species_only_human
22763421,CHEMBL4702832,CHEMBL383634,CL,mL.min-1.kg-1,=,0.96,CHEMBL612558,,Hepatic clearance in human administered through iv dosing,A,COc1ccc2c(c1)C(=O)N(CCc1ccc(S(=O)(=O)NC(=O)NC3CCCCC3)cc1)C(=O)C2(C)C,0.96,mL.min-1.kg-1,species_only_human
22763422,CHEMBL4702832,CHEMBL472,CL,mL.min-1.kg-1,=,1.2,CHEMBL612558,,Hepatic clearance in human administered through iv dosing,A,COc1ccc(Cl)cc1C(=O)NCCc1ccc(S(=O)(=O)NC(=O)NC2CCCCC2)cc1,1.2,mL.min-1.kg-1,species_only_human
22763423,CHEMBL4702832,CHEMBL1207972,CL,mL.min-1.kg-1,=,2.0,CHEMBL612558,,Hepatic clearance in human administered through iv dosing,A,O=C(O)c1cccc(Cc2cc(Cl)ccc2OCc2ccc(Cl)cc2F)n1,2.0,mL.min-1.kg-1,species_only_human
22763424,CHEMBL4702832,CHEMBL1513,CL,mL.min-1.kg-1,=,2.1,CHEMBL612558,,Hepatic clearance in human administered through iv dosing,A,CCCCC1=NC2(CCCC2)C(=O)N1Cc1ccc(-c2ccccc2-c2nnn[nH]2)cc1,2.1,mL.min-1.kg-1,species_only_human
22763425,CHEMBL4702832,CHEMBL787,CL,mL.min-1.kg-1,=,0.57,CHEMBL612558,,Hepatic clearance in human administered through iv dosing,A,CC(C)(O)c1ccccc1CC[C@@H](SCC1(CC(=O)O)CC1)c1cccc(/C=C/c2ccc3ccc(Cl)cc3n2)c1,0.57,mL.min-1.kg-1,species_only_human
22763426,CHEMBL4702832,CHEMBL1201753,CL,mL.min-1.kg-1,=,5.6,CHEMBL612558,,Hepatic clearance in human administered through iv dosing,A,O=C(O)C[C@H](O)C[C@H](O)/C=C/c1c(C2CC2)nc2ccccc2c1-c1ccc(F)cc1,5.6,mL.min-1.kg-1,species_only_human
22763427,CHEMBL4702832,CHEMBL2325014,CL,mL.min-1.kg-1,=,0.59,CHEMBL612558,,Hepatic clearance in human administered through iv dosing,A,Nc1[nH]ncc1-c1cc(Cl)ccc1Oc1cc(F)c(S(=O)(=O)Nc2cscn2)cc1Cl,0.59,mL.min-1.kg-1,species_only_human
22763428,CHEMBL4702832,CHEMBL4279521,CL,mL.min-1.kg-1,=,5.7,CHEMBL612558,,Hepatic clearance in human administered through iv dosing,A,Cc1nn(-c2cnc(OCC(C)C)c(Cl)c2)c2ccc(C(=O)NS(C)(=O)=O)cc12,5.7,mL.min-1.kg-1,species_only_human
22763429,CHEMBL4702832,CHEMBL1272,CL,mL.min-1.kg-1,=,7.4,CHEMBL612558,,Hepatic clearance in human administered through iv dosing,A,CCOc1cc(CC(=O)N[C@@H](CC(C)C)c2ccccc2N2CCCCC2)ccc1C(=O)O,7.4,mL.min-1.kg-1,species_only_human
22763430,CHEMBL4702832,CHEMBL1017,CL,mL.min-1.kg-1,=,10.2,CHEMBL612558,,Hepatic clearance in human administered through iv dosing,A,CCCc1nc2c(C)cc(-c3nc4ccccc4n3C)cc2n1Cc1ccc(-c2ccccc2C(=O)O)cc1,10.2,mL.min-1.kg-1,species_only_human
22763431,CHEMBL4702832,CHEMBL282686,CL,mL.min-1.kg-1,=,0.03,CHEMBL612558,,Hepatic clearance in human administered through iv dosing,A,CCO[C@@H](Cc1ccc(OCCc2ccc(OS(C)(=O)=O)cc2)cc1)C(=O)O,0.03,mL.min-1.kg-1,species_only_human
22763432,CHEMBL4702832,CHEMBL280481,CL,mL.min-1.kg-1,=,0.91,CHEMBL612558,,Hepatic clearance in human administered through iv dosing,A,CN(C)C(=O)CCS[C@H](SCCC(=O)O)c1cccc(/C=C/c2ccc3ccc(Cl)cc3n2)c1,0.91,mL.min-1.kg-1,species_only_human
22763433,CHEMBL4702832,CHEMBL914,CL,mL.min-1.kg-1,=,1.3,CHEMBL612558,,Hepatic clearance in human administered through iv dosing,A,CC(C)(C(=O)O)c1ccc(C(O)CCCN2CCC(C(O)(c3ccccc3)c3ccccc3)CC2)cc1,1.3,mL.min-1.kg-1,species_only_human
22763434,CHEMBL4702832,CHEMBL1951143,CL,mL.min-1.kg-1,=,9.6,CHEMBL612558,,Hepatic clearance in human administered through iv dosing,A,CCCCc1nc(C)c(CC(=S)N(C)C)c(=O)n1Cc1ccc(-c2ccccc2-c2nnn[nH]2)cc1,9.6,mL.min-1.kg-1,species_only_human
22763435,CHEMBL4702832,CHEMBL2324748,CL,mL.min-1.kg-1,=,3.2,CHEMBL612558,,Hepatic clearance in human administered through iv dosing,A,CCN1CC(n2nccc2-c2cc(Cl)ccc2Oc2ccc(S(=O)(=O)Nc3cscn3)cc2C#N)C1,3.2,mL.min-1.kg-1,species_only_human
22763436,CHEMBL4702832,CHEMBL2324776,CL,mL.min-1.kg-1,=,1.3,CHEMBL612558,,Hepatic clearance in human administered through iv dosing,A,O=S(=O)(Nc1nncs1)c1cc(Cl)c(Oc2ccc(C(F)(F)F)cc2-c2ccnnc2)cc1F,1.3,mL.min-1.kg-1,species_only_human
22763437,CHEMBL4702832,CHEMBL1144,CL,mL.min-1.kg-1,=,7.3,CHEMBL612558,,Hepatic clearance in human administered through iv dosing,A,CC[C@H](C)C(=O)O[C@H]1C[C@H](O)C=C2C=C[C@H](C)[C@H](CC[C@@H](O)C[C@@H](O)CC(=O)O)[C@H]21,7.3,mL.min-1.kg-1,species_only_human
22763438,CHEMBL4702832,CHEMBL1496,CL,mL.min-1.kg-1,=,6.8,CHEMBL612558,,Hepatic clearance in human administered through iv dosing,A,CC(C)c1nc(N(C)S(C)(=O)=O)nc(-c2ccc(F)cc2)c1/C=C/[C@@H](O)C[C@@H](O)CC(=O)O,6.8,mL.min-1.kg-1,species_only_human
22763439,CHEMBL4702832,CHEMBL1069,CL,mL.min-1.kg-1,=,0.35,CHEMBL612558,,Hepatic clearance in human administered through iv dosing,A,CCCCC(=O)N(Cc1ccc(-c2ccccc2-c2nnn[nH]2)cc1)[C@H](C(=O)O)C(C)C,0.35,mL.min-1.kg-1,species_only_human
22763503,CHEMBL4702837,CHEMBL1834206,CL,mL.min-1.kg-1,=,0.59,CHEMBL612558,,Hepatic clearance in human administered through oral dosing,A,O=C(O)[C@@H]1CCC[C@H]1C(=O)c1ccc(-c2ccc(Nc3nc4ccc(F)cc4s3)c(F)c2)cc1,0.59,mL.min-1.kg-1,species_only_human
22763504,CHEMBL4702837,CHEMBL3407547,CL,mL.min-1.kg-1,=,10.0,CHEMBL612558,,Hepatic clearance in human administered through oral dosing,A,COc1ccccc1[C@H](Cn1c(=O)n(C(C)(C)C(=O)O)c(=O)c2c(C)c(-c3ncco3)sc21)OC1CCOCC1,10.0,mL.min-1.kg-1,species_only_human
22763505,CHEMBL4702837,CHEMBL2103870,CL,mL.min-1.kg-1,=,0.26,CHEMBL612558,,Hepatic clearance in human administered through oral dosing,A,Cc1ccc(NC(=O)C2(c3ccc4c(c3)OC(F)(F)O4)CC2)nc1-c1cccc(C(=O)O)c1,0.26,mL.min-1.kg-1,species_only_human
22763506,CHEMBL4702837,CHEMBL4746805,CL,mL.min-1.kg-1,=,0.078,CHEMBL612558,,Hepatic clearance in human administered through oral dosing,A,Cc1cc(O[C@H](CCC(F)(F)F)c2ccc(C(=O)NCCC(=O)O)cc2)cc(C)c1-c1ccc(C(C)(C)C)cc1,0.078,mL.min-1.kg-1,species_only_human
22763507,CHEMBL4702837,CHEMBL3746388,CL,mL.min-1.kg-1,=,8.8,CHEMBL612558,,Hepatic clearance in human administered through oral dosing,A,Cn1cc(C(=O)O)c2ccc(N3CCC(OCc4c(-c5c(Cl)cccc5Cl)noc4C4CC4)CC3)cc21,8.8,mL.min-1.kg-1,species_only_human
22763508,CHEMBL4702837,CHEMBL1933350,CL,mL.min-1.kg-1,=,4.9,CHEMBL612558,,Hepatic clearance in human administered through oral dosing,A,CCC[C@H](c1ccc(C(=O)NCCC(=O)O)cc1)[C@H](c1ccc(Cl)cc1)c1c[nH]c2c(F)cc(C)cc12,4.9,mL.min-1.kg-1,species_only_human
22763509,CHEMBL4702837,CHEMBL4785223,CL,mL.min-1.kg-1,=,0.72,CHEMBL612558,,Hepatic clearance in human administered through oral dosing,A,Cc1ccc(S(=O)(=O)NCCc2ccc(Oc3ccc(F)c(F)c3)cc2)cc1C(=O)O,0.72,mL.min-1.kg-1,species_only_human
22763510,CHEMBL4702837,CHEMBL2165620,CL,mL.min-1.kg-1,=,9.7,CHEMBL612558,,Hepatic clearance in human administered through oral dosing,A,O=C(O)c1ccc(NC(=O)[C@H](CC2CCCC2)n2cnc(C(F)(F)F)c2)nc1,9.7,mL.min-1.kg-1,species_only_human
22775246,CHEMBL4705451,CHEMBL4781849,CL,mL.min-1.kg-1,=,5.04,CHEMBL612558,,Clearance in human liver,A,CC[C@@H](c1nc2cccc(F)c2c(=O)n1C1CC1)n1nc(-c2ccc(OC)c(F)c2)c2c(N)ncnc21,5.04,mL.min-1.kg-1,species_only_human
22892964,CHEMBL4729877,CHEMBL4103012,CL,mL.min-1.kg-1,=,10.9,CHEMBL612558,,"Clearance in mouse xenografted with human MIAPaCa2 cells at 9.1 mg/kg, iv administered as single dose",A,O=C1c2ccc3c4c(c(NCCN5CCCC5)cc(c24)C(=O)N1CCCN1CCOCC1)C(=O)N(CCCN1CCOCC1)C3=O,10.9,mL.min-1.kg-1,species_only_human
22892971,CHEMBL4729884,CHEMBL4103012,CL,mL.min-1.kg-1,=,8.1,CHEMBL612558,,"Clearance in mouse xenografted with human MIAPaCa2 cells at 14 mg/kg, iv administered as single dose",A,O=C1c2ccc3c4c(c(NCCN5CCCC5)cc(c24)C(=O)N1CCCN1CCOCC1)C(=O)N(CCCN1CCOCC1)C3=O,8.1,mL.min-1.kg-1,species_only_human
22892978,CHEMBL4729891,CHEMBL4640542,CL,mL.min-1.kg-1,=,2.2,CHEMBL612558,,"Clearance in mouse xenografted with human MIAPaCa2 cells at 0.96 mg/kg, iv administered as single dose",A,O=C1c2cc(-c3ccc(CN4CCCC4)cc3)c3c4c(cc(NCCN5CCCC5)c(c24)C(=O)N1CCCN1CCOCC1)C(=O)N(CCCN1CCOCC1)C3=O,2.2,mL.min-1.kg-1,species_only_human
22958210,CHEMBL4768141,CHEMBL386630,CL,mL.min-1.kg-1,=,169.4,CHEMBL612558,,Metabolic stability in human liver assessed as intrinsic clearance incubated for 1 hr by LC/MS/MS method,A,C[C@]12CC[C@H]3[C@@H](CCC4=CC(=O)CC[C@@]43C)[C@@H]1CC[C@@H]2O,169.4,mL.min-1.kg-1,species_only_human
22958211,CHEMBL4768141,CHEMBL139,CL,mL.min-1.kg-1,=,223.4,CHEMBL612558,,Metabolic stability in human liver assessed as intrinsic clearance incubated for 1 hr by LC/MS/MS method,A,O=C(O)Cc1ccccc1Nc1c(Cl)cccc1Cl,223.4,mL.min-1.kg-1,species_only_human
22958212,CHEMBL4768141,CHEMBL631,CL,mL.min-1.kg-1,=,231.9,CHEMBL612558,,Metabolic stability in human liver assessed as intrinsic clearance incubated for 1 hr by LC/MS/MS method,A,CCCNCC(O)COc1ccccc1C(=O)CCc1ccccc1,231.9,mL.min-1.kg-1,species_only_human
22994403,CHEMBL4775768,CHEMBL4795720,CL,mL.min-1.kg-1,=,56.1,CHEMBL612558,,Intrinsic clearance in human liver at 1 uM in presence of NADPH by LC-MS/MS analysis,A,CCCCCn1nc(C(=O)NC(C)(C)CO)cc1C(C)(C)C,56.1,mL.min-1.kg-1,species_only_human
22994404,CHEMBL4775768,CHEMBL4791449,CL,mL.min-1.kg-1,=,105.3,CHEMBL612558,,Intrinsic clearance in human liver at 1 uM in presence of NADPH by LC-MS/MS analysis,A,CCCCCn1nc(C(=O)N[C@@H](C(=O)OC)C(C)C)cc1C(C)(C)C,105.3,mL.min-1.kg-1,species_only_human
22994405,CHEMBL4775768,CHEMBL4788749,CL,mL.min-1.kg-1,=,58.2,CHEMBL612558,,Intrinsic clearance in human liver at 1 uM in presence of NADPH by LC-MS/MS analysis,A,CCCCCn1nc(C(=O)NC(C)(C)CO)cc1-c1ccc(F)cc1F,58.2,mL.min-1.kg-1,species_only_human
22994406,CHEMBL4775768,CHEMBL4791274,CL,mL.min-1.kg-1,=,94.0,CHEMBL612558,,Intrinsic clearance in human liver at 1 uM in presence of NADPH by LC-MS/MS analysis,A,CCCCCn1nc(C(=O)NC(C)(C)CO)c(N)c1C(C)(C)C,94.0,mL.min-1.kg-1,species_only_human
22994407,CHEMBL4775768,CHEMBL4781051,CL,mL.min-1.kg-1,=,11.1,CHEMBL612558,,Intrinsic clearance in human liver at 1 uM in presence of NADPH by LC-MS/MS analysis,A,CC(C)(CO)NC(=O)c1cc(C(C)(C)C)n(-c2ccc(C(F)(F)F)cn2)n1,11.1,mL.min-1.kg-1,species_only_human
22994408,CHEMBL4775768,CHEMBL386630,CL,mL.min-1.kg-1,=,66.3,CHEMBL612558,,Intrinsic clearance in human liver at 1 uM in presence of NADPH by LC-MS/MS analysis,A,C[C@]12CC[C@H]3[C@@H](CCC4=CC(=O)CC[C@@]43C)[C@@H]1CC[C@@H]2O,66.3,mL.min-1.kg-1,species_only_human
22994409,CHEMBL4775768,CHEMBL139,CL,mL.min-1.kg-1,=,116.0,CHEMBL612558,,Intrinsic clearance in human liver at 1 uM in presence of NADPH by LC-MS/MS analysis,A,O=C(O)Cc1ccccc1Nc1c(Cl)cccc1Cl,116.0,mL.min-1.kg-1,species_only_human
22994410,CHEMBL4775768,CHEMBL631,CL,mL.min-1.kg-1,=,170.2,CHEMBL612558,,Intrinsic clearance in human liver at 1 uM in presence of NADPH by LC-MS/MS analysis,A,CCCNCC(O)COc1ccccc1C(=O)CCc1ccccc1,170.2,mL.min-1.kg-1,species_only_human
23170657,CHEMBL4814340,CHEMBL51483,CL,mL.min-1.kg-1,=,2.5,CHEMBL612558,,"Clearance in human at 40 mg, po BID cotreated with paclitaxel by HPLC method",A,Cc1cc2c(C(C)C)c(O)c(O)c(C=O)c2c(O)c1-c1c(C)cc2c(C(C)C)c(O)c(O)c(C=O)c2c1O,2.5,mL.min-1.kg-1,species_only_human
23170679,CHEMBL4814359,CHEMBL2107643,CL,mL.min-1.kg-1,=,0.311,CHEMBL612558,,"Clearance in human at 20 mg/kg, iv measured over 1 hr",A,O=Cc1c(O)cccc1OCCCCC(=O)O,0.311,mL.min-1.kg-1,species_only_human
23170690,CHEMBL4814369,CHEMBL2104482,CL,mL.min-1.kg-1,=,0.04,CHEMBL612558,,"Clearance in human at 37 mg/kg, po by HPLC method",A,O=Cc1c(O)cccc1OCc1ccc(C(=O)O)cc1,0.04,mL.min-1.kg-1,species_only_human
23170699,CHEMBL4814378,CHEMBL4101807,CL,mL.min-1.kg-1,=,0.09,CHEMBL612558,,"Clearance in human at 2.8 g, po by liquid chromatography-tandem mass spectrometry method",A,CC(C)n1nccc1-c1ncccc1COc1cccc(O)c1C=O,0.09,mL.min-1.kg-1,species_only_human
23229364,CHEMBL4826348,CHEMBL4854446,CL,mL.min-1.kg-1,=,13.2,CHEMBL612558,,Metabolic stability in human liver assessed as intrinsic clearance by LC-MS/MS analysis,A,Cc1ccc(-c2cc3occ(CNC4CCNC4)c3cc2-c2ccc(C#N)cc2)cc1,13.2,mL.min-1.kg-1,species_only_human
23229365,CHEMBL4826348,CHEMBL4863608,CL,mL.min-1.kg-1,=,22.1,CHEMBL612558,,Metabolic stability in human liver assessed as intrinsic clearance by LC-MS/MS analysis,A,Cc1ccc(-c2cc3occ(CN4CCC[C@H](N)C4)c3cc2-c2ccc(C#N)cc2)cc1,22.1,mL.min-1.kg-1,species_only_human
23229366,CHEMBL4826348,CHEMBL4856172,CL,mL.min-1.kg-1,=,123.8,CHEMBL612558,,Metabolic stability in human liver assessed as intrinsic clearance by LC-MS/MS analysis,A,CNCCCN(C)Cc1coc2cc(-c3ccc(C)cc3)c(-c3ccc(C#N)cc3)cc12,123.8,mL.min-1.kg-1,species_only_human
23229367,CHEMBL4826348,CHEMBL3759201,CL,mL.min-1.kg-1,=,11.7,CHEMBL612558,,Metabolic stability in human liver assessed as intrinsic clearance by LC-MS/MS analysis,A,Cc1ccc(-c2ncc(OCC3CCNCC3)cc2-c2ccc(C#N)cc2)cc1,11.7,mL.min-1.kg-1,species_only_human
23239124,CHEMBL4828795,CHEMBL354077,CL,mL.min-1.g-1,=,18.8,CHEMBL3509601,Homo sapiens,Substrate activity at human OCT1 expressed in HEK293 cells assessed as increase in compound uptake by measuring intrinsic clearance incubated for 2 mins by LC-MS/MS analysis,B,Nc1ccncc1N,0.0188,mL.min-1.kg-1,species_only_human
23239125,CHEMBL4828795,CHEMBL1231492,CL,mL.min-1.g-1,=,62.8,CHEMBL3509601,Homo sapiens,Substrate activity at human OCT1 expressed in HEK293 cells assessed as increase in compound uptake by measuring intrinsic clearance incubated for 2 mins by LC-MS/MS analysis,B,CC[N+](CC)(CC)Cc1ccccc1,0.0628,mL.min-1.kg-1,species_only_human
23239126,CHEMBL4828795,CHEMBL1738972,CL,mL.min-1.g-1,=,71.4,CHEMBL3509601,Homo sapiens,Substrate activity at human OCT1 expressed in HEK293 cells assessed as increase in compound uptake by measuring intrinsic clearance incubated for 2 mins by LC-MS/MS analysis,B,CC[N+](CC)(CC(=O)Nc1c(C)cccc1C)Cc1ccccc1,0.0714,mL.min-1.kg-1,species_only_human
23239127,CHEMBL4828795,CHEMBL134752,CL,mL.min-1.g-1,=,47.2,CHEMBL3509601,Homo sapiens,Substrate activity at human OCT1 expressed in HEK293 cells assessed as increase in compound uptake by measuring intrinsic clearance incubated for 2 mins by LC-MS/MS analysis,B,C[N+]1(C)CCN(c2ccccc2)CC1,0.047200000000000006,mL.min-1.kg-1,species_only_human
23239128,CHEMBL4828795,CHEMBL926,CL,mL.min-1.g-1,=,5.2,CHEMBL3509601,Homo sapiens,Substrate activity at human OCT1 expressed in HEK293 cells assessed as increase in compound uptake by measuring intrinsic clearance incubated for 2 mins by LC-MS/MS analysis,B,CC(CCc1ccc(O)cc1)NCCc1ccc(O)c(O)c1,0.0052,mL.min-1.kg-1,species_only_human
23239129,CHEMBL4828795,CHEMBL1104,CL,mL.min-1.g-1,=,99.5,CHEMBL3509601,Homo sapiens,Substrate activity at human OCT1 expressed in HEK293 cells assessed as increase in compound uptake by measuring intrinsic clearance incubated for 2 mins by LC-MS/MS analysis,B,CC[N+](C)(C)c1cccc(O)c1,0.0995,mL.min-1.kg-1,species_only_human
23239130,CHEMBL4828795,CHEMBL902,CL,mL.min-1.g-1,=,87.4,CHEMBL3509601,Homo sapiens,Substrate activity at human OCT1 expressed in HEK293 cells assessed as increase in compound uptake by measuring intrinsic clearance incubated for 2 mins by LC-MS/MS analysis,B,NC(N)=Nc1nc(CSCC/C(N)=N/S(N)(=O)=O)cs1,0.0874,mL.min-1.kg-1,species_only_human
23239131,CHEMBL4828795,CHEMBL1884833,CL,mL.min-1.g-1,=,113.5,CHEMBL3509601,Homo sapiens,Substrate activity at human OCT1 expressed in HEK293 cells assessed as increase in compound uptake by measuring intrinsic clearance incubated for 2 mins by LC-MS/MS analysis,B,C[N+]1(CCC(C(N)=O)(c2ccccc2)c2ccccc2)CCCCC1,0.1135,mL.min-1.kg-1,species_only_human
23239132,CHEMBL4828795,CHEMBL1279,CL,mL.min-1.g-1,=,50.3,CHEMBL3509601,Homo sapiens,Substrate activity at human OCT1 expressed in HEK293 cells assessed as increase in compound uptake by measuring intrinsic clearance incubated for 2 mins by LC-MS/MS analysis,B,CN[C@@H]1CCc2[nH]c3ccc(C(N)=O)cc3c2C1,0.0503,mL.min-1.kg-1,species_only_human
23239133,CHEMBL4828795,CHEMBL862,CL,mL.min-1.g-1,=,137.6,CHEMBL3509601,Homo sapiens,Substrate activity at human OCT1 expressed in HEK293 cells assessed as increase in compound uptake by measuring intrinsic clearance incubated for 2 mins by LC-MS/MS analysis,B,N=C(N)NC(=O)Cc1c(Cl)cccc1Cl,0.1376,mL.min-1.kg-1,species_only_human
23239134,CHEMBL4828795,CHEMBL818,CL,mL.min-1.g-1,=,3165.0,CHEMBL3509601,Homo sapiens,Substrate activity at human OCT1 expressed in HEK293 cells assessed as increase in compound uptake by measuring intrinsic clearance incubated for 2 mins by LC-MS/MS analysis,B,N=C(N)NCc1cccc(I)c1,3.165,mL.min-1.kg-1,species_only_human
23239135,CHEMBL4828795,CHEMBL3140030,CL,mL.min-1.g-1,=,51.6,CHEMBL3509601,Homo sapiens,Substrate activity at human OCT1 expressed in HEK293 cells assessed as increase in compound uptake by measuring intrinsic clearance incubated for 2 mins by LC-MS/MS analysis,B,C[N+]1(C)[C@@H]2C[C@H](OC(=O)[C@H](CO)c3ccccc3)C[C@H]1[C@@H]1O[C@@H]12,0.0516,mL.min-1.kg-1,species_only_human
23239136,CHEMBL4828795,CHEMBL259209,CL,mL.min-1.g-1,=,150.6,CHEMBL3509601,Homo sapiens,Substrate activity at human OCT1 expressed in HEK293 cells assessed as increase in compound uptake by measuring intrinsic clearance incubated for 2 mins by LC-MS/MS analysis,B,CCN(CC)C(=O)C1(c2ccccc2)CC1CN,0.15059999999999998,mL.min-1.kg-1,species_only_human
23239137,CHEMBL4828795,CHEMBL4879040,CL,mL.min-1.g-1,=,53.0,CHEMBL3509601,Homo sapiens,Substrate activity at human OCT1 expressed in HEK293 cells assessed as increase in compound uptake by measuring intrinsic clearance incubated for 2 mins by LC-MS/MS analysis,B,CCC(CC)(CC)NCC(=O)Nc1c(C)cccc1C,0.053,mL.min-1.kg-1,species_only_human
23239138,CHEMBL4828795,CHEMBL358040,CL,mL.min-1.g-1,=,4.6,CHEMBL3509601,Homo sapiens,Substrate activity at human OCT1 expressed in HEK293 cells assessed as increase in compound uptake by measuring intrinsic clearance incubated for 2 mins by LC-MS/MS analysis,B,NCC(O)c1cccc(O)c1,0.0046,mL.min-1.kg-1,species_only_human
23239139,CHEMBL4828795,CHEMBL53929,CL,mL.min-1.g-1,=,9.1,CHEMBL3509601,Homo sapiens,Substrate activity at human OCT1 expressed in HEK293 cells assessed as increase in compound uptake by measuring intrinsic clearance incubated for 2 mins by LC-MS/MS analysis,B,NCC(O)c1ccc(O)cc1,0.0091,mL.min-1.kg-1,species_only_human
23239140,CHEMBL4828795,CHEMBL1215,CL,mL.min-1.g-1,=,17.3,CHEMBL3509601,Homo sapiens,Substrate activity at human OCT1 expressed in HEK293 cells assessed as increase in compound uptake by measuring intrinsic clearance incubated for 2 mins by LC-MS/MS analysis,B,CNC[C@H](O)c1cccc(O)c1,0.0173,mL.min-1.kg-1,species_only_human
23239141,CHEMBL4828795,CHEMBL1160714,CL,mL.min-1.g-1,=,12.4,CHEMBL3509601,Homo sapiens,Substrate activity at human OCT1 expressed in HEK293 cells assessed as increase in compound uptake by measuring intrinsic clearance incubated for 2 mins by LC-MS/MS analysis,B,CC(C)NC[C@H](O)COc1ccc(O)cc1,0.0124,mL.min-1.kg-1,species_only_human
23239142,CHEMBL4828795,CHEMBL509336,CL,mL.min-1.g-1,=,111.2,CHEMBL3509601,Homo sapiens,Substrate activity at human OCT1 expressed in HEK293 cells assessed as increase in compound uptake by measuring intrinsic clearance incubated for 2 mins by LC-MS/MS analysis,B,CC(CCc1ccc(O)cc1)NCC(O)c1ccc(O)cc1,0.11120000000000001,mL.min-1.kg-1,species_only_human
23239143,CHEMBL4828795,CHEMBL83063,CL,mL.min-1.g-1,=,103.5,CHEMBL3509601,Homo sapiens,Substrate activity at human OCT1 expressed in HEK293 cells assessed as increase in compound uptake by measuring intrinsic clearance incubated for 2 mins by LC-MS/MS analysis,B,CC(NCCc1ccc(O)cc1)C(O)c1ccc(O)cc1,0.1035,mL.min-1.kg-1,species_only_human
23239144,CHEMBL4828795,CHEMBL95804,CL,mL.min-1.g-1,=,3.3,CHEMBL3509601,Homo sapiens,Substrate activity at human OCT1 expressed in HEK293 cells assessed as increase in compound uptake by measuring intrinsic clearance incubated for 2 mins by LC-MS/MS analysis,B,CCN(CC)CCNC(=O)c1ccc(NS(C)(=O)=O)cc1,0.0033,mL.min-1.kg-1,species_only_human
23239145,CHEMBL4828795,CHEMBL471,CL,mL.min-1.g-1,=,14.1,CHEMBL3509601,Homo sapiens,Substrate activity at human OCT1 expressed in HEK293 cells assessed as increase in compound uptake by measuring intrinsic clearance incubated for 2 mins by LC-MS/MS analysis,B,CC(C)NCC(O)c1ccc(NS(C)(=O)=O)cc1,0.0141,mL.min-1.kg-1,species_only_human
23261410,CHEMBL4833085,CHEMBL4849302,CL,mL.min-1.g-1,=,22.0,CHEMBL612558,,Metabolic stability in human liver assessed as intrinsic clearance,A,CCS(=O)(=O)c1ccc(C(NC(=O)CC2CC2)C(=O)Nc2ccc(C(O)(C(F)(F)F)C(F)(F)F)cc2)nc1,0.022,mL.min-1.kg-1,species_only_human
23261411,CHEMBL4833085,CHEMBL4852138,CL,mL.min-1.g-1,=,21.0,CHEMBL612558,,Metabolic stability in human liver assessed as intrinsic clearance,A,CCS(=O)(=O)c1ccc(C(NC(=O)Cc2ccccc2)C(=O)Nc2ccc(C(O)(C(F)(F)F)C(F)(F)F)cc2)nc1,0.021,mL.min-1.kg-1,species_only_human
23261413,CHEMBL4833085,CHEMBL4866908,CL,mL.min-1.g-1,=,16.0,CHEMBL612558,,Metabolic stability in human liver assessed as intrinsic clearance,A,CCS(=O)(=O)c1ccc(C(NC(=O)Cc2nccs2)C(=O)Nc2ccc(C(O)(C(F)(F)F)C(F)(F)F)cc2)nc1,0.016,mL.min-1.kg-1,species_only_human
23261417,CHEMBL4833085,CHEMBL4868403,CL,mL.min-1.g-1,=,5.0,CHEMBL612558,,Metabolic stability in human liver assessed as intrinsic clearance,A,CCS(=O)(=O)c1ccc(C(CC(=O)N(C)C)C(=O)Nc2ccc(C(O)(C(F)(F)F)C(F)(F)F)cc2)cc1,0.005,mL.min-1.kg-1,species_only_human
23261419,CHEMBL4833085,CHEMBL4852181,CL,mL.min-1.g-1,=,16.0,CHEMBL612558,,Metabolic stability in human liver assessed as intrinsic clearance,A,CCS(=O)(=O)c1ccc(C(Cn2cccn2)C(=O)Nc2ccc(C(O)(C(F)(F)F)C(F)(F)F)cc2)cc1,0.016,mL.min-1.kg-1,species_only_human
23261428,CHEMBL4833085,CHEMBL4856430,CL,mL.min-1.g-1,=,11.0,CHEMBL612558,,Metabolic stability in human liver assessed as intrinsic clearance,A,COCCS(=O)(=O)c1ccc2c(c1)CN(C(C)=O)C2C(=O)Nc1ccc(C(O)(C(F)(F)F)C(F)(F)F)cc1,0.011,mL.min-1.kg-1,species_only_human
23261429,CHEMBL4833085,CHEMBL4870686,CL,mL.min-1.g-1,=,3.1,CHEMBL612558,,Metabolic stability in human liver assessed as intrinsic clearance,A,CC(=O)N1Cc2cc(S(=O)(=O)CCO)ccc2C1C(=O)Nc1ccc(C(O)(C(F)(F)F)C(F)(F)F)cc1,0.0031,mL.min-1.kg-1,species_only_human
23261432,CHEMBL4833085,CHEMBL4850359,CL,mL.min-1.g-1,=,9.0,CHEMBL612558,,Metabolic stability in human liver assessed as intrinsic clearance,A,CC(=O)N1Cc2cc(S(=O)(=O)CC3(C#N)CC3)ccc2C1C(=O)Nc1ccc(C(O)(C(F)(F)F)C(F)(F)F)cc1,0.009,mL.min-1.kg-1,species_only_human
23261433,CHEMBL4833085,CHEMBL4878173,CL,mL.min-1.g-1,=,7.9,CHEMBL612558,,Metabolic stability in human liver assessed as intrinsic clearance,A,CC(=O)N1Cc2cc(S(=O)(=O)CC3(F)CC3)ccc2C1C(=O)Nc1ccc(C(O)(C(F)(F)F)C(F)(F)F)cc1,0.0079,mL.min-1.kg-1,species_only_human
23261435,CHEMBL4833085,CHEMBL4868864,CL,mL.min-1.g-1,=,11.0,CHEMBL612558,,Metabolic stability in human liver assessed as intrinsic clearance,A,CC(=O)N1Cc2cc(S(=O)(=O)NC3CC3)ccc2C1C(=O)Nc1ccc(C(O)(C(F)(F)F)C(F)(F)F)cc1,0.011,mL.min-1.kg-1,species_only_human
23261437,CHEMBL4833085,CHEMBL4864990,CL,mL.min-1.g-1,=,12.0,CHEMBL612558,,Metabolic stability in human liver assessed as intrinsic clearance,A,CS(=O)(=O)c1ccc2c(c1)CN(C=O)C2C(=O)Nc1ccc(C(O)(C(F)(F)F)C(F)(F)F)cc1,0.012,mL.min-1.kg-1,species_only_human
23261448,CHEMBL4833085,CHEMBL4857395,CL,mL.min-1.g-1,=,11.0,CHEMBL612558,,Metabolic stability in human liver assessed as intrinsic clearance,A,O=CN1Cc2cc(S(=O)(=O)CC3CC3)ccc2C1C(=O)Nc1ccc(C(O)(C(F)(F)F)C(F)(F)F)cc1,0.011,mL.min-1.kg-1,species_only_human
23261449,CHEMBL4833085,CHEMBL4865776,CL,mL.min-1.g-1,=,19.0,CHEMBL612558,,Metabolic stability in human liver assessed as intrinsic clearance,A,COCC(=O)N1Cc2cc(S(=O)(=O)CC3CC3)ccc2C1C(=O)Nc1ccc(C(O)(C(F)(F)F)C(F)(F)F)cc1,0.019,mL.min-1.kg-1,species_only_human
23261451,CHEMBL4833085,CHEMBL4876902,CL,mL.min-1.g-1,=,6.8,CHEMBL612558,,Metabolic stability in human liver assessed as intrinsic clearance,A,CNS(=O)(=O)c1ccc2c(c1)CN(C=O)C2C(=O)Nc1ccc(C(O)(C(F)(F)F)C(F)(F)F)cc1,0.0068,mL.min-1.kg-1,species_only_human
23264494,CHEMBL4833989,CHEMBL4874673,CL,mL.min-1.kg-1,=,0.001,CHEMBL612558,,Clearance in human,A,Cc1c(C(=O)Nc2ccc3c(c2)B(O)OC3)nnn1-c1ccccn1,0.001,mL.min-1.kg-1,species_only_human
23291556,CHEMBL4839620,CHEMBL4868679,CL,mL.min-1.kg-1,=,1.7,CHEMBL612558,,"Clearance in non-human primates at 1 mg/kg, iv and 3 mg/kg, po",A,C/C(=C\c1ccc2c(c1)N(S(=O)(=O)c1c(OCCO)nn3c1CCCC3)C[C@H](CCC(=O)O)O2)c1c(F)cccc1Cl,1.7,mL.min-1.kg-1,species_only_human
23295536,CHEMBL4840548,CHEMBL4849505,CL,mL.min-1.g-1,=,42.1,CHEMBL612558,,Clearance in human liver assessed as half life at 100 uM measured after 60 mins by LC-MS/MS analysis,A,CN1CCN(c2ccc(C(=O)Nc3n[nH]c4c3CN(Cc3cc(F)cc(F)c3)C4(C)C)cc2)CC1,0.0421,mL.min-1.kg-1,species_only_human
24353663,CHEMBL5032784,CHEMBL5085311,CL,mL.min-1.kg-1,=,10.0,CHEMBL612558,,"Total body clearance in BALB/c mouse xenografted with human MCF7 cells at 1 mg/kg, iv measured up to 24 hrs by LC-MS/MS analysis",A,C[C@@H]1CC2c3ccccc3NC2[C@@H](c2c(F)cc(/C=C/C(=O)O)cc2F)N1CC(C)(C)F,10.0,mL.min-1.kg-1,species_only_human
24353664,CHEMBL5032784,CHEMBL5090655,CL,mL.min-1.kg-1,=,1.667,CHEMBL612558,,"Total body clearance in BALB/c mouse xenografted with human MCF7 cells at 1 mg/kg, iv measured up to 24 hrs by LC-MS/MS analysis",A,C[C@@H]1Cc2c([nH]c3ccccc23)[C@@H](c2c(F)cc(-c3ccc(C(=O)O)cc3)cc2F)N1CC(C)(C)F,1.667,mL.min-1.kg-1,species_only_human
24359692,CHEMBL5034213,CHEMBL4452566,CL,mL.min-1.kg-1,=,26.0,CHEMBL612558,,Oral clearance in human,A,COc1cnc(C(=O)Nc2ccc(F)c([C@]34CN(c5ncc(F)cn5)C[C@H]3CSC(N)=N4)c2)cn1,26.0,mL.min-1.kg-1,species_only_human
24381542,CHEMBL5038448,CHEMBL12420,CL,mL.min-1.g-1,=,134.9,CHEMBL612558,,Stability in human liver mitochondria assessed as intrinsic clearance in presence of MAO-A and MAO-B,A,CN(C)CCc1c[nH]c2ccccc12,0.1349,mL.min-1.kg-1,species_only_human
24381543,CHEMBL5038448,CHEMBL7257,CL,mL.min-1.g-1,=,43.6,CHEMBL612558,,Stability in human liver mitochondria assessed as intrinsic clearance in presence of MAO-A and MAO-B,A,COc1ccc2[nH]cc(CCN(C)C)c2c1,0.0436,mL.min-1.kg-1,species_only_human
24698497,CHEMBL5107284,CHEMBL5192780,CL,mL.min-1.kg-1,=,8.0,CHEMBL612558,,Metabolic stability in human liver assessed as intrinsic clearance measured upto 60 min by UPLC-MS/MS analysis,A,CN(C)CCOc1ccc2ncnc(NC3CCN(CC4CN(c5ccc(S(=O)(=O)C6CC6)cc5)C4)CC3)c2n1,8.0,mL.min-1.kg-1,species_only_human
24706506,CHEMBL5108803,CHEMBL5205032,CL,mL.min-1.kg-1,=,14.33,CHEMBL612558,,"Clearance in human at 2.5 mg/kg, iv",A,CCC(CC)OC(=O)[C@H](C)N[P@](=O)(OC[C@H]1O[C@@](C#N)(c2ccc3c(N)ncnn23)[C@H](O)[C@@H]1O)Oc1ccccc1,14.33,mL.min-1.kg-1,species_only_human
24723190,CHEMBL5113283,CHEMBL5189859,CL,mL.min-1.kg-1,=,20.1,CHEMBL612558,,Intrinsic clearance in human,A,CN1CCc2ccc(Nc3ncc(Cl)c(Nc4ccccc4S(=O)(=O)N(C)C)n3)cc2C1,20.1,mL.min-1.kg-1,species_only_human
24723191,CHEMBL5113283,CHEMBL5173201,CL,mL.min-1.kg-1,=,19.6,CHEMBL612558,,Intrinsic clearance in human,A,CN1CC2CN(C(=O)c3ccc(Nc4ncc(Cl)c(Nc5ccccc5S(=O)(=O)N(C)C)n4)cc3)CC2C1,19.6,mL.min-1.kg-1,species_only_human
24723192,CHEMBL5113283,CHEMBL5192078,CL,mL.min-1.kg-1,=,20.3,CHEMBL612558,,Intrinsic clearance in human,A,CC(=O)N1CCc2ccc(Nc3ncc(Cl)c(Nc4ccccc4S(=O)(=O)N(C)C)n3)cc2C1,20.3,mL.min-1.kg-1,species_only_human
24723193,CHEMBL5113283,CHEMBL5184642,CL,mL.min-1.kg-1,=,7.2,CHEMBL612558,,Intrinsic clearance in human,A,CC(=O)N1CCN(c2ccc(Nc3ncc(Cl)c(Nc4ccccc4-c4ncn(C(C)C)n4)n3)cc2)CC1,7.2,mL.min-1.kg-1,species_only_human
24723194,CHEMBL5113283,CHEMBL5197492,CL,mL.min-1.kg-1,=,14.5,CHEMBL612558,,Intrinsic clearance in human,A,CN1CCC(Oc2ccc(Nc3ncc(Cl)c(Nc4ccccc4-c4nnn(C)n4)n3)cc2)CC1,14.5,mL.min-1.kg-1,species_only_human
24723195,CHEMBL5113283,CHEMBL5179008,CL,mL.min-1.kg-1,=,11.0,CHEMBL612558,,Intrinsic clearance in human,A,CN1CCC(N(C)c2ccc(Nc3ncc(Cl)c(Nc4ccccc4-c4ncn(C)n4)n3)cc2)CC1,11.0,mL.min-1.kg-1,species_only_human
24723196,CHEMBL5113283,CHEMBL5185599,CL,mL.min-1.kg-1,=,12.0,CHEMBL612558,,Intrinsic clearance in human,A,CC(C)n1cnc(-c2ccccc2Nc2nc(Nc3ccc(N(C)C4CCN(C)CC4)cc3)ncc2Cl)n1,12.0,mL.min-1.kg-1,species_only_human
24723197,CHEMBL5113283,CHEMBL2022968,CL,mL.min-1.kg-1,=,20.1,CHEMBL612558,,Intrinsic clearance in human,A,CN1CCN(Cc2ccc(Nc3ncc(Cl)c(Nc4ccccc4S(=O)(=O)N(C)C)n3)cc2)CC1,20.1,mL.min-1.kg-1,species_only_human
24729813,CHEMBL5115471,CHEMBL5185001,CL,mL.min-1.kg-1,=,0.0421,CHEMBL612558,,Metabolic stability in human liver as intrinsic clearance at 100 uM measured upto 60 mins in the presence of NADPH by LC-MS/MS analysis,A,Cc1cc(Nc2nc(NCc3ccc(F)cc3F)nc3c2cnn3C2CCOCC2)n[nH]1,0.0421,mL.min-1.kg-1,species_only_human
24789819,CHEMBL5132129,CHEMBL5201787,CL,mL.min-1.g-1,=,48500.0,CHEMBL612558,,Metabolic stability in human liver assessed as intrinsic clearance,A,C#CCNC(=O)c1cccc(C(=O)N[C@@H](Cc2ccccc2)C(=O)N(C)c2ccc3scnc3c2)c1,48.5,mL.min-1.kg-1,species_only_human
24789820,CHEMBL5132129,CHEMBL5197964,CL,mL.min-1.g-1,=,22800.0,CHEMBL612558,,Metabolic stability in human liver assessed as intrinsic clearance,A,CN(C(=O)[C@H](Cc1ccccc1)NC(=O)c1cccc(C(=O)Nc2ccc(N)cc2)c1)c1ccc2scnc2c1,22.8,mL.min-1.kg-1,species_only_human
24789822,CHEMBL5132129,CHEMBL386630,CL,mL.min-1.g-1,=,74500.0,CHEMBL612558,,Metabolic stability in human liver assessed as intrinsic clearance,A,C[C@]12CC[C@H]3[C@@H](CCC4=CC(=O)CC[C@@]43C)[C@@H]1CC[C@@H]2O,74.5,mL.min-1.kg-1,species_only_human
24789823,CHEMBL5132129,CHEMBL139,CL,mL.min-1.g-1,=,334800.0,CHEMBL612558,,Metabolic stability in human liver assessed as intrinsic clearance,A,O=C(O)Cc1ccccc1Nc1c(Cl)cccc1Cl,334.8,mL.min-1.kg-1,species_only_human
24789824,CHEMBL5132129,CHEMBL631,CL,mL.min-1.g-1,=,251500.0,CHEMBL612558,,Metabolic stability in human liver assessed as intrinsic clearance,A,CCCNCC(O)COc1ccccc1C(=O)CCc1ccccc1,251.5,mL.min-1.kg-1,species_only_human
24792815,CHEMBL5133017,CHEMBL5188091,CL,mL.min-1.kg-1,=,0.0249,CHEMBL612558,,Metabolic stability in human liver assessed as intrinsic clearance preincubated for 10 mins followed by NADPH addition and measured after 5 to 60 mins by LC-MS/MS analysis,A,c1ccc(-c2ccc(C3=NC(Cn4ccnc4)(c4ccccc4)CO3)s2)cc1,0.0249,mL.min-1.kg-1,species_only_human
24792816,CHEMBL5133017,CHEMBL5186089,CL,mL.min-1.kg-1,=,0.0177,CHEMBL612558,,Metabolic stability in human liver assessed as intrinsic clearance preincubated for 10 mins followed by NADPH addition and measured after 5 to 60 mins by LC-MS/MS analysis,A,Fc1ccc(C2(Cn3ccnc3)COC(c3ccc(-c4ccccc4F)s3)=N2)cc1,0.0177,mL.min-1.kg-1,species_only_human
24792817,CHEMBL5133017,CHEMBL4878311,CL,mL.min-1.kg-1,=,0.0671,CHEMBL612558,,Metabolic stability in human liver assessed as intrinsic clearance preincubated for 10 mins followed by NADPH addition and measured after 5 to 60 mins by LC-MS/MS analysis,A,Cc1ccc(C(=O)C(Cn2ccnc2)NC(=O)c2ccc(-c3ccc(Cl)cc3)s2)cc1,0.0671,mL.min-1.kg-1,species_only_human
24807958,CHEMBL5136086,CHEMBL5202557,CL,mL.min-1.kg-1,=,1.08,CHEMBL612558,,Metabolic stability in human liver assessed as intrinsic clearance at 1 uM measured up to 45 mins in presence of NADPH by LC-MS/MS analysis,A,Cc1cc(Oc2cc(N)nc(Nc3ccc(C#N)cc3)n2)ccc1-c1ccc(C#N)cc1,1.08,mL.min-1.kg-1,species_only_human
24807959,CHEMBL5136086,CHEMBL139,CL,mL.min-1.kg-1,=,4.49,CHEMBL612558,,Metabolic stability in human liver assessed as intrinsic clearance at 1 uM measured up to 45 mins in presence of NADPH by LC-MS/MS analysis,A,O=C(O)Cc1ccccc1Nc1c(Cl)cccc1Cl,4.49,mL.min-1.kg-1,species_only_human
24813676,CHEMBL5137823,CHEMBL5178512,CL,mL.min-1.kg-1,=,6.64,CHEMBL612558,,Metabolic stability in human liver assessed as intrinsic clearance incubated for 1 hr by LC-MS/MS analysis,A,CC(=O)c1c(C)[nH]c(-c2nc3cc(N4CCN(C)CC4)ccc3[nH]2)c1-c1ccccc1,6.64,mL.min-1.kg-1,species_only_human
24813677,CHEMBL5137823,CHEMBL5187914,CL,mL.min-1.kg-1,=,21.4,CHEMBL612558,,Metabolic stability in human liver assessed as intrinsic clearance incubated for 1 hr by LC-MS/MS analysis,A,CC(=O)c1c(C)[nH]c(-c2nc3cc(N4CCOCC4)ccc3[nH]2)c1-c1ccccc1,21.4,mL.min-1.kg-1,species_only_human
24818872,CHEMBL5139768,CHEMBL5175892,CL,mL.min-1.g-1,=,48.4,CHEMBL612558,,Metabolic stability in human liver assessed as intrinsic clearance at 100 uM incubated for 60 mins under shaking condition in presence of NADPH by LC-MS/MS analysis,A,Fc1ccc(CNc2nc(Nc3cc(C4CC4)[nH]n3)c3ccccc3n2)c(F)c1,0.0484,mL.min-1.kg-1,species_only_human
24818873,CHEMBL5139768,CHEMBL5184749,CL,mL.min-1.g-1,=,39.1,CHEMBL612558,,Metabolic stability in human liver assessed as intrinsic clearance at 100 uM incubated for 60 mins under shaking condition in presence of NADPH by LC-MS/MS analysis,A,Cc1cc(Nc2nc(NCc3ccc(F)cc3F)nc3cc(Cl)ccc23)n[nH]1,0.0391,mL.min-1.kg-1,species_only_human
24818874,CHEMBL5139768,CHEMBL5186552,CL,mL.min-1.g-1,=,48.8,CHEMBL612558,,Metabolic stability in human liver assessed as intrinsic clearance at 100 uM incubated for 60 mins under shaking condition in presence of NADPH by LC-MS/MS analysis,A,Cc1ccc2c(Nc3cc(C)[nH]n3)nc(NCc3ccc(F)cc3F)nc2c1,0.048799999999999996,mL.min-1.kg-1,species_only_human
24818875,CHEMBL5139768,CHEMBL5206613,CL,mL.min-1.g-1,=,17.7,CHEMBL612558,,Metabolic stability in human liver assessed as intrinsic clearance at 100 uM incubated for 60 mins under shaking condition in presence of NADPH by LC-MS/MS analysis,A,Cc1ccc2c(Nc3cc(C4CC4)[nH]n3)nc(NCc3ccc(F)cc3F)nc2c1,0.0177,mL.min-1.kg-1,species_only_human
24818876,CHEMBL5139768,CHEMBL5196903,CL,mL.min-1.g-1,=,24.5,CHEMBL612558,,Metabolic stability in human liver assessed as intrinsic clearance at 100 uM incubated for 60 mins under shaking condition in presence of NADPH by LC-MS/MS analysis,A,Cc1cc(Nc2nc(NCc3ccc(F)cc3F)nc3cc(C(F)(F)F)ccc23)n[nH]1,0.0245,mL.min-1.kg-1,species_only_human
24828510,CHEMBL5142349,CHEMBL5200599,CL,mL.min-1.kg-1,=,10.2,CHEMBL612558,,Metabolic stability in human liver assessed as intrinsic clearance preincubated for 10 mins followed by NADPH addition for 2 hrs and measured upto 60 mins by high performance liquid chromatography-tandem mass spectrometry,A,CCC(CC)O[C@@H]1C=C(C(=O)O)C[C@H](NCc2ccc(-c3cccs3)cc2C)[C@H]1NC(C)=O,10.2,mL.min-1.kg-1,species_only_human
24828511,CHEMBL5142349,CHEMBL5191374,CL,mL.min-1.kg-1,=,10.4,CHEMBL612558,,Metabolic stability in human liver assessed as intrinsic clearance preincubated for 10 mins followed by NADPH addition for 2 hrs and measured upto 60 mins by high performance liquid chromatography-tandem mass spectrometry,A,CCC(CC)O[C@@H]1C=C(C(=O)O)C[C@H](NCc2ccc(-c3cccs3)cc2OC)[C@H]1NC(C)=O,10.4,mL.min-1.kg-1,species_only_human
24828514,CHEMBL5142349,CHEMBL674,CL,mL.min-1.kg-1,=,28.0,CHEMBL612558,,Metabolic stability in human liver assessed as intrinsic clearance preincubated for 10 mins followed by NADPH addition for 2 hrs and measured upto 60 mins by high performance liquid chromatography-tandem mass spectrometry,A,CCC(CC)O[C@@H]1C=C(C(=O)O)C[C@H](N)[C@H]1NC(C)=O,28.0,mL.min-1.kg-1,species_only_human
24828515,CHEMBL5142349,CHEMBL5196288,CL,mL.min-1.kg-1,=,17.2,CHEMBL612558,,Metabolic stability in human liver assessed as intrinsic clearance preincubated for 10 mins followed by NADPH addition for 2 hrs and measured upto 60 mins by high performance liquid chromatography-tandem mass spectrometry,A,CCC(CC)O[C@@H]1C=C(C(=O)O)C[C@H](NCc2ccc(-c3ccsc3)cc2O)[C@H]1NC(C)=O,17.2,mL.min-1.kg-1,species_only_human
24828516,CHEMBL5142349,CHEMBL386630,CL,mL.min-1.kg-1,=,89.7,CHEMBL612558,,Metabolic stability in human liver assessed as intrinsic clearance preincubated for 10 mins followed by NADPH addition for 2 hrs and measured upto 60 mins by high performance liquid chromatography-tandem mass spectrometry,A,C[C@]12CC[C@H]3[C@@H](CCC4=CC(=O)CC[C@@]43C)[C@@H]1CC[C@@H]2O,89.7,mL.min-1.kg-1,species_only_human
24828517,CHEMBL5142349,CHEMBL139,CL,mL.min-1.kg-1,=,224.9,CHEMBL612558,,Metabolic stability in human liver assessed as intrinsic clearance preincubated for 10 mins followed by NADPH addition for 2 hrs and measured upto 60 mins by high performance liquid chromatography-tandem mass spectrometry,A,O=C(O)Cc1ccccc1Nc1c(Cl)cccc1Cl,224.9,mL.min-1.kg-1,species_only_human
24828518,CHEMBL5142349,CHEMBL631,CL,mL.min-1.kg-1,=,209.1,CHEMBL612558,,Metabolic stability in human liver assessed as intrinsic clearance preincubated for 10 mins followed by NADPH addition for 2 hrs and measured upto 60 mins by high performance liquid chromatography-tandem mass spectrometry,A,CCCNCC(O)COc1ccccc1C(=O)CCc1ccccc1,209.1,mL.min-1.kg-1,species_only_human
24833401,CHEMBL5143789,CHEMBL4471665,CL,mL.min-1.kg-1,=,356.0,CHEMBL612558,,Metabolic stability in human liver assessed as intrinsic clearance at 100 uM incubated for 180 mins in presence of NADPH by LC-MS/MS analysis,A,COc1ccc(N(C)C(=O)[C@H](Cc2ccccc2)NC(=O)CN2CCN(S(=O)(=O)c3ccc(N)cc3)CC2=O)cc1,356.0,mL.min-1.kg-1,species_only_human
24833403,CHEMBL5143789,CHEMBL386630,CL,mL.min-1.kg-1,=,74.5,CHEMBL612558,,Metabolic stability in human liver assessed as intrinsic clearance at 100 uM incubated for 180 mins in presence of NADPH by LC-MS/MS analysis,A,C[C@]12CC[C@H]3[C@@H](CCC4=CC(=O)CC[C@@]43C)[C@@H]1CC[C@@H]2O,74.5,mL.min-1.kg-1,species_only_human
24833404,CHEMBL5143789,CHEMBL139,CL,mL.min-1.kg-1,=,334.8,CHEMBL612558,,Metabolic stability in human liver assessed as intrinsic clearance at 100 uM incubated for 180 mins in presence of NADPH by LC-MS/MS analysis,A,O=C(O)Cc1ccccc1Nc1c(Cl)cccc1Cl,334.8,mL.min-1.kg-1,species_only_human
24833405,CHEMBL5143789,CHEMBL631,CL,mL.min-1.kg-1,=,251.5,CHEMBL612558,,Metabolic stability in human liver assessed as intrinsic clearance at 100 uM incubated for 180 mins in presence of NADPH by LC-MS/MS analysis,A,CCCNCC(O)COc1ccccc1C(=O)CCc1ccccc1,251.5,mL.min-1.kg-1,species_only_human
24857044,CHEMBL5148930,CHEMBL5172896,CL,mL.min-1.kg-1,=,10.0,CHEMBL612558,,"Clearance in non-human primates at 1 mg/kg, iv",A,COCCO[C@H]1CC[C@H](NC(=O)c2cc(-c3cncs3)nc3[nH]ccc23)CC1,10.0,mL.min-1.kg-1,species_only_human
24868017,CHEMBL5152190,CHEMBL386630,CL,mL.min-1.kg-1,=,66.2,CHEMBL612558,,Metabolic stability in human liver assessed as intrinsic clearance by LC-MS/MS analysis,A,C[C@]12CC[C@H]3[C@@H](CCC4=CC(=O)CC[C@@]43C)[C@@H]1CC[C@@H]2O,66.2,mL.min-1.kg-1,species_only_human
24868018,CHEMBL5152190,CHEMBL139,CL,mL.min-1.kg-1,=,151.4,CHEMBL612558,,Metabolic stability in human liver assessed as intrinsic clearance by LC-MS/MS analysis,A,O=C(O)Cc1ccccc1Nc1c(Cl)cccc1Cl,151.4,mL.min-1.kg-1,species_only_human
24868019,CHEMBL5152190,CHEMBL631,CL,mL.min-1.kg-1,=,144.4,CHEMBL612558,,Metabolic stability in human liver assessed as intrinsic clearance by LC-MS/MS analysis,A,CCCNCC(O)COc1ccccc1C(=O)CCc1ccccc1,144.4,mL.min-1.kg-1,species_only_human
24910659,CHEMBL5163322,CHEMBL4755618,CL,mL.min-1.kg-1,=,1.6,CHEMBL612558,,Plasma clearance in human assessed as hepatic extraction,A,Cc1ncccc1-c1cnc(NCc2c(F)ccc3c2CCO3)n2cnnc12,1.6,mL.min-1.kg-1,species_only_human
24964123,CHEMBL5216720,CHEMBL5219008,CL,mL.min-1.kg-1,=,74.0,CHEMBL612558,,Intrinsic clearance in human,A,Cc1nc2cc(NC(=O)C3CCN(S(=O)(=O)c4ccc5c(c4)CCO5)CC3)ccc2s1,74.0,mL.min-1.kg-1,species_only_human
24964124,CHEMBL5216720,CHEMBL5220200,CL,mL.min-1.kg-1,=,199.0,CHEMBL612558,,Intrinsic clearance in human,A,C[C@@H]1CN(S(=O)(=O)c2ccc3c(c2)CCO3)CC[C@@H]1C(=O)Nc1ccc2scnc2c1,199.0,mL.min-1.kg-1,species_only_human
24964125,CHEMBL5216720,CHEMBL5219222,CL,mL.min-1.kg-1,=,79.0,CHEMBL612558,,Intrinsic clearance in human,A,C[C@H]1CN(S(=O)(=O)c2ccc3c(c2)CCO3)CC[C@@H]1C(=O)Nc1ccc2scnc2c1,79.0,mL.min-1.kg-1,species_only_human
24964126,CHEMBL5216720,CHEMBL5220906,CL,mL.min-1.kg-1,=,264.0,CHEMBL612558,,Intrinsic clearance in human,A,C[C@@H]1C[C@H](C(=O)Nc2ccc3scnc3c2)CCN1S(=O)(=O)c1ccc2c(c1)CCO2,264.0,mL.min-1.kg-1,species_only_human
24964127,CHEMBL5216720,CHEMBL5218587,CL,mL.min-1.kg-1,=,114.0,CHEMBL612558,,Intrinsic clearance in human,A,C[C@@H]1C[C@@H](C(=O)Nc2ccc3scnc3c2)CCN1S(=O)(=O)c1ccc2c(c1)CCO2,114.0,mL.min-1.kg-1,species_only_human
24964128,CHEMBL5216720,CHEMBL5218597,CL,mL.min-1.kg-1,=,263.0,CHEMBL612558,,Intrinsic clearance in human,A,CC1COc2ccc(S(=O)(=O)N3CCC(C(=O)Nc4ccc5scnc5c4)CC3)cc21,263.0,mL.min-1.kg-1,species_only_human
24964129,CHEMBL5216720,CHEMBL5218639,CL,mL.min-1.kg-1,=,7.0,CHEMBL612558,,Intrinsic clearance in human,A,Cc1nn(C)cc1S(=O)(=O)N1CC[C@H](C(=O)Nc2ccc3scnc3c2)[C@@H](F)C1,7.0,mL.min-1.kg-1,species_only_human
24964130,CHEMBL5216720,CHEMBL5218711,CL,mL.min-1.kg-1,=,6.0,CHEMBL612558,,Intrinsic clearance in human,A,Cn1ncc(S(=O)(=O)N2CC[C@H](C(=O)Nc3ccc4scnc4c3)[C@@H](F)C2)c1Cl,6.0,mL.min-1.kg-1,species_only_human
24964131,CHEMBL5216720,CHEMBL5218449,CL,mL.min-1.kg-1,=,6.0,CHEMBL612558,,Intrinsic clearance in human,A,Cc1ncc(S(=O)(=O)N2CC[C@H](C(=O)Nc3ccc4scnc4c3)[C@@H](F)C2)s1,6.0,mL.min-1.kg-1,species_only_human
24964132,CHEMBL5216720,CHEMBL5219142,CL,mL.min-1.kg-1,=,99.0,CHEMBL612558,,Intrinsic clearance in human,A,O=C(Nc1ccc2cccnc2c1)C1CCN(S(=O)(=O)c2ccc3c(c2)CCO3)CC1,99.0,mL.min-1.kg-1,species_only_human
24964133,CHEMBL5216720,CHEMBL5218709,CL,mL.min-1.kg-1,=,108.0,CHEMBL612558,,Intrinsic clearance in human,A,O=C(Nc1ccc2snnc2c1)C1CCN(S(=O)(=O)c2ccc3c(c2)CCO3)CC1,108.0,mL.min-1.kg-1,species_only_human
24964134,CHEMBL5216720,CHEMBL5218629,CL,mL.min-1.kg-1,=,36.0,CHEMBL612558,,Intrinsic clearance in human,A,O=C(Nc1ccc2scnc2c1)C1CCN(S(=O)(=O)c2ccc3ncsc3c2)CC1,36.0,mL.min-1.kg-1,species_only_human
24964135,CHEMBL5216720,CHEMBL5219139,CL,mL.min-1.kg-1,=,20.0,CHEMBL612558,,Intrinsic clearance in human,A,O=C(Nc1ccc2scnc2c1)C1CCN(S(=O)(=O)c2ccc3ncccc3c2)CC1,20.0,mL.min-1.kg-1,species_only_human
24964136,CHEMBL5216720,CHEMBL5219539,CL,mL.min-1.kg-1,=,21.0,CHEMBL612558,,Intrinsic clearance in human,A,O=C(Nc1ccc2scnc2c1)C1CCN(S(=O)(=O)c2ccc(Cl)nc2)CC1,21.0,mL.min-1.kg-1,species_only_human
24964137,CHEMBL5216720,CHEMBL5218928,CL,mL.min-1.kg-1,=,5.0,CHEMBL612558,,Intrinsic clearance in human,A,Cc1ccc(S(=O)(=O)N2CCC(C(=O)Nc3ccc4scnc4c3)CC2)cn1,5.0,mL.min-1.kg-1,species_only_human
24964138,CHEMBL5216720,CHEMBL5219163,CL,mL.min-1.kg-1,=,19.0,CHEMBL612558,,Intrinsic clearance in human,A,O=C(Nc1ccc2scnc2c1)C1CCN(S(=O)(=O)c2cccnc2)CC1,19.0,mL.min-1.kg-1,species_only_human
24964139,CHEMBL5216720,CHEMBL5218950,CL,mL.min-1.kg-1,=,5.0,CHEMBL612558,,Intrinsic clearance in human,A,Cc1nn(C)cc1S(=O)(=O)N1CCC(C(=O)Nc2ccc3scnc3c2)CC1,5.0,mL.min-1.kg-1,species_only_human
24964140,CHEMBL5216720,CHEMBL5219691,CL,mL.min-1.kg-1,=,61.0,CHEMBL612558,,Intrinsic clearance in human,A,O=C(Nc1ccc2scnc2c1)C1CCN(S(=O)(=O)c2ccc3c(c2)CCO3)CC1,61.0,mL.min-1.kg-1,species_only_human
24988781,CHEMBL5229004,CHEMBL5272275,CL,mL.min-1.kg-1,=,329.5,CHEMBL612558,,Metabolic stability in human liver assessed as intrinsic clearance incubated for 5 to 30 mins by HPLC-MS/MS analysis,A,CCc1ccc(N(CC(C)C)S(=O)(=O)c2ccc3c(c2)C(O)CC(C2CCOCC2)O3)cc1,329.5,mL.min-1.kg-1,species_only_human
24988783,CHEMBL5229004,CHEMBL5283435,CL,mL.min-1.kg-1,=,53.7,CHEMBL612558,,Metabolic stability in human liver assessed as intrinsic clearance incubated for 5 to 30 mins by HPLC-MS/MS analysis,A,CC(C)CN(c1cc2ccccc2s1)S(=O)(=O)c1ccc2c(c1)C(O)CC(C1CCOCC1)O2,53.7,mL.min-1.kg-1,species_only_human
24988784,CHEMBL5229004,CHEMBL5285102,CL,mL.min-1.kg-1,=,27.1,CHEMBL612558,,Metabolic stability in human liver assessed as intrinsic clearance incubated for 5 to 30 mins by HPLC-MS/MS analysis,A,CCc1ccc(N(C2CCC2)S(=O)(=O)c2ccc3c(c2)C(O)CC(C2CCOCC2)O3)cc1,27.1,mL.min-1.kg-1,species_only_human
24988785,CHEMBL5229004,CHEMBL5289290,CL,mL.min-1.kg-1,=,171.6,CHEMBL612558,,Metabolic stability in human liver assessed as intrinsic clearance incubated for 5 to 30 mins by HPLC-MS/MS analysis,A,O=S(=O)(c1ccc2c(c1)C(O)CC(C1CCOCC1)O2)N1CCCC1c1ccccc1C(F)(F)F,171.6,mL.min-1.kg-1,species_only_human
25011324,CHEMBL5236799,CHEMBL4515137,CL,mL.min-1.kg-1,=,48.0,CHEMBL612558,,Stability in human assessed as intrinsic clearance,A,O=C(CNc1nonc1/C(=N/O)N[C@H]1Cc2ccc(F)cc21)NCCO,48.0,mL.min-1.kg-1,species_only_human
25014640,CHEMBL5237938,CHEMBL5277011,CL,mL.min-1.kg-1,=,72.0,CHEMBL612558,,Intrinsic clearance in human,A,O=C(Nc1ccc2scnc2c1)C1CCN(S(=O)(=O)c2ccc3c(c2)CCO3)C1,72.0,mL.min-1.kg-1,species_only_human
25014641,CHEMBL5237938,CHEMBL5278126,CL,mL.min-1.kg-1,=,61.0,CHEMBL612558,,Intrinsic clearance in human,A,O=C(Nc1ccc2scnc2c1)C1CN(S(=O)(=O)c2ccc3c(c2)CCO3)C1,61.0,mL.min-1.kg-1,species_only_human
25014642,CHEMBL5237938,CHEMBL5275437,CL,mL.min-1.kg-1,=,64.0,CHEMBL612558,,Intrinsic clearance in human,A,O=C(Nc1ccc2scnc2c1)[C@H]1CCN(S(=O)(=O)c2ccc3c(c2)CCO3)C1,64.0,mL.min-1.kg-1,species_only_human
25014643,CHEMBL5237938,CHEMBL5270452,CL,mL.min-1.kg-1,=,50.6,CHEMBL612558,,Intrinsic clearance in human,A,O=C(Nc1ccc2scnc2c1)[C@@H]1CCN(S(=O)(=O)c2ccc3c(c2)CCO3)C1,50.6,mL.min-1.kg-1,species_only_human
25014644,CHEMBL5237938,CHEMBL5274311,CL,mL.min-1.kg-1,=,202.0,CHEMBL612558,,Intrinsic clearance in human,A,C[C@@H]1CN(S(=O)(=O)c2ccc3c(c2)CCO3)C[C@@H]1C(=O)Nc1ccc2scnc2c1,202.0,mL.min-1.kg-1,species_only_human
25014645,CHEMBL5237938,CHEMBL5274220,CL,mL.min-1.kg-1,=,5.0,CHEMBL612558,,Intrinsic clearance in human,A,C[C@H]1CN(S(=O)(=O)c2ccc3c(c2)CCO3)C[C@@H]1C(=O)Nc1ccc2scnc2c1,5.0,mL.min-1.kg-1,species_only_human
25014646,CHEMBL5237938,CHEMBL5289488,CL,mL.min-1.kg-1,=,115.0,CHEMBL612558,,Intrinsic clearance in human,A,O=C(Nc1ccc2scnc2c1)C12CC1CN(S(=O)(=O)c1ccc3c(c1)CCO3)C2,115.0,mL.min-1.kg-1,species_only_human
25014647,CHEMBL5237938,CHEMBL5266790,CL,mL.min-1.kg-1,=,50.0,CHEMBL612558,,Intrinsic clearance in human,A,[2H]C1([2H])Oc2ccc(S(=O)(=O)N3CC[C@@H](C(=O)Nc4ccc5scnc5c4)C3)cc2C1([2H])[2H],50.0,mL.min-1.kg-1,species_only_human
25014648,CHEMBL5237938,CHEMBL5270574,CL,mL.min-1.kg-1,=,30.0,CHEMBL612558,,Intrinsic clearance in human,A,O=C(Nc1ccc2scnc2c1)[C@@H]1CCN(S(=O)(=O)c2ccc3c(c2)OCO3)C1,30.0,mL.min-1.kg-1,species_only_human
25014649,CHEMBL5237938,CHEMBL5267268,CL,mL.min-1.kg-1,=,42.0,CHEMBL612558,,Intrinsic clearance in human,A,O=C(Nc1ccc2scnc2c1)[C@@H]1CCN(S(=O)(=O)c2ccc3ncccc3c2)C1,42.0,mL.min-1.kg-1,species_only_human
25014650,CHEMBL5237938,CHEMBL5274958,CL,mL.min-1.kg-1,=,33.0,CHEMBL612558,,Intrinsic clearance in human,A,O=C(Nc1ccc2scnc2c1)[C@@H]1CCN(S(=O)(=O)c2ccc3ncsc3c2)C1,33.0,mL.min-1.kg-1,species_only_human
25014651,CHEMBL5237938,CHEMBL5219691,CL,mL.min-1.kg-1,=,61.0,CHEMBL612558,,Intrinsic clearance in human,A,O=C(Nc1ccc2scnc2c1)C1CCN(S(=O)(=O)c2ccc3c(c2)CCO3)CC1,61.0,mL.min-1.kg-1,species_only_human
25017459,CHEMBL5238644,CHEMBL386630,CL,mL.min-1.g-1,=,16.6,CHEMBL612558,,Metabolic stability in human liver assessed as intrinsic clearance preincubated for 10 mins followed by NADPH regenerating system addition and measured after 2 hrs by LC-MS/MS analysis,A,C[C@]12CC[C@H]3[C@@H](CCC4=CC(=O)CC[C@@]43C)[C@@H]1CC[C@@H]2O,0.0166,mL.min-1.kg-1,species_only_human
25017460,CHEMBL5238644,CHEMBL5290875,CL,mL.min-1.g-1,=,16.6,CHEMBL612558,,Metabolic stability in human liver assessed as intrinsic clearance preincubated for 10 mins followed by NADPH regenerating system addition and measured after 2 hrs by LC-MS/MS analysis,A,Cc1cc(/C=C/C#N)cc(C)c1Oc1nc(Nc2ccc(C#N)c(F)c2)nc2c1COC2.Cl,0.0166,mL.min-1.kg-1,species_only_human
25022307,CHEMBL5239783,CHEMBL5281307,CL,mL.min-1.kg-1,=,32.0,CHEMBL612558,,Metabolic stability in human assessed as intrinsic clearance,A,COc1cccc(S(=O)(=O)n2ccc3cnc(Nc4ccc(N5CCN(C)CC5)cc4)nc32)c1,32.0,mL.min-1.kg-1,species_only_human
25022308,CHEMBL5239783,CHEMBL5278656,CL,mL.min-1.kg-1,=,9.9,CHEMBL612558,,Metabolic stability in human assessed as intrinsic clearance,A,COc1cccc(S(=O)(=O)n2ccc3cnc(Nc4ccc(N5C[C@@H](C)N[C@@H](C)C5)cc4)nc32)c1,9.9,mL.min-1.kg-1,species_only_human
25022309,CHEMBL5239783,CHEMBL5289886,CL,mL.min-1.kg-1,=,6.0,CHEMBL612558,,Metabolic stability in human assessed as intrinsic clearance,A,COc1cccc(S(=O)(=O)n2ccc3cnc(Nc4ccc(N5C[C@@H]6C[C@H]5CN6C)cc4)nc32)c1,6.0,mL.min-1.kg-1,species_only_human
25022310,CHEMBL5239783,CHEMBL5283096,CL,mL.min-1.kg-1,=,49.4,CHEMBL612558,,Metabolic stability in human assessed as intrinsic clearance,A,CN1CCN(c2ccc(Nc3ncc4ccn(S(=O)(=O)c5cc(F)cc(F)c5)c4n3)cc2)CC1,49.4,mL.min-1.kg-1,species_only_human
25022311,CHEMBL5239783,CHEMBL5290554,CL,mL.min-1.kg-1,=,36.5,CHEMBL612558,,Metabolic stability in human assessed as intrinsic clearance,A,COc1ccc(OC)c(S(=O)(=O)n2ccc3cnc(Nc4ccc(N5CCN(C)CC5)cc4)nc32)c1,36.5,mL.min-1.kg-1,species_only_human
25047914,CHEMBL5246644,CHEMBL5283628,CL,mL.min-1.g-1,=,191.0,CHEMBL612558,,Metabolic stability in human cytosol assessed as intrinsic clearance,A,CN1CCC(n2cc(Nc3nc(OC4(C)CC4)c4nc(-c5cncnc5)ccc4n3)cn2)CC1,0.191,mL.min-1.kg-1,species_only_human
25047915,CHEMBL5246644,CHEMBL5270136,CL,mL.min-1.g-1,=,4.8,CHEMBL612558,,Metabolic stability in human cytosol assessed as intrinsic clearance,A,Cc1ncncc1-c1ccc2nc(Nc3cnn(C4CCN(C)CC4)c3)nc(OC3(C)CC3)c2n1,0.0048,mL.min-1.kg-1,species_only_human
25047916,CHEMBL5246644,CHEMBL5273100,CL,mL.min-1.g-1,=,69.0,CHEMBL612558,,Metabolic stability in human cytosol assessed as intrinsic clearance,A,Cc1ncc(-c2ccc3nc(Nc4cnn(C5CCN(C)CC5)c4)nc(OC4(C)CC4)c3n2)cn1,0.069,mL.min-1.kg-1,species_only_human
25047917,CHEMBL5246644,CHEMBL5270356,CL,mL.min-1.g-1,=,2.2,CHEMBL612558,,Metabolic stability in human cytosol assessed as intrinsic clearance,A,Cc1ncc(-c2ccc3nc(Nc4cnn(C5CCN(C)CC5)c4)nc(OC4(C)CC4)c3n2)c(C)n1,0.0022,mL.min-1.kg-1,species_only_human
25047918,CHEMBL5246644,CHEMBL5290090,CL,mL.min-1.g-1,=,20.0,CHEMBL612558,,Metabolic stability in human cytosol assessed as intrinsic clearance,A,CN1CCC(n2cc(Nc3nc(OC4(C)CC4)c4nc(-c5cncnc5)c(F)cc4n3)cn2)CC1,0.02,mL.min-1.kg-1,species_only_human
25047948,CHEMBL5246671,CHEMBL4582624,CL,mL.min-1.kg-1,=,13.0,CHEMBL612558,,Clearance in human,A,COC(=O)N1CCN([C@H]2CC[C@H](Nc3nc(Nc4cnn(C)c4)nc4ccc(CC#N)nc34)CC2)CC1,13.0,mL.min-1.kg-1,species_only_human
25047949,CHEMBL5246671,CHEMBL5274369,CL,mL.min-1.kg-1,=,5.0,CHEMBL612558,,Clearance in human,A,Cc1ccc2nc(Nc3cnn(C4CCN(C)CC4)c3)nc(OC3(C)CC3)c2n1,5.0,mL.min-1.kg-1,species_only_human
25092308,CHEMBL5258688,CHEMBL5285443,CL,mL.min-1.kg-1,=,120.0,CHEMBL612558,,Intrinsic clearance in human,A,CCCc1nnsc1C(=O)Nc1nc(SCc2ccccc2)ns1,120.0,mL.min-1.kg-1,species_only_human
25092309,CHEMBL5258688,CHEMBL5270814,CL,mL.min-1.kg-1,=,363.0,CHEMBL612558,,Intrinsic clearance in human,A,CCc1nnsc1C(=O)Nc1nnc(SCC2CCCC2)s1,363.0,mL.min-1.kg-1,species_only_human
25474322,CHEMBL5325831,CHEMBL5412548,CL,mL.min-1.kg-1,=,15.0,CHEMBL612558,,Metabolic stability in human liver assessed as intrinsic clearance at 100 uM in presence of NADPH by LC-MS/MS analysis,A,COc1ccc(-c2csc(-c3ccc(OC)cc3OC)n2)c(OC)c1,15.0,mL.min-1.kg-1,species_only_human
25474323,CHEMBL5325831,CHEMBL5394220,CL,mL.min-1.kg-1,=,44.1,CHEMBL612558,,Metabolic stability in human liver assessed as intrinsic clearance at 100 uM in presence of NADPH by LC-MS/MS analysis,A,COc1ccc(-c2nc(-c3ccc(C#N)cc3)cs2)c(OC)c1,44.1,mL.min-1.kg-1,species_only_human
25474324,CHEMBL5325831,CHEMBL631,CL,mL.min-1.kg-1,=,234.6,CHEMBL612558,,Metabolic stability in human liver assessed as intrinsic clearance at 100 uM in presence of NADPH by LC-MS/MS analysis,A,CCCNCC(O)COc1ccccc1C(=O)CCc1ccccc1,234.6,mL.min-1.kg-1,species_only_human
25474325,CHEMBL5325831,CHEMBL139,CL,mL.min-1.kg-1,=,324.0,CHEMBL612558,,Metabolic stability in human liver assessed as intrinsic clearance at 100 uM in presence of NADPH by LC-MS/MS analysis,A,O=C(O)Cc1ccccc1Nc1c(Cl)cccc1Cl,324.0,mL.min-1.kg-1,species_only_human
25474326,CHEMBL5325831,CHEMBL386630,CL,mL.min-1.kg-1,=,101.3,CHEMBL612558,,Metabolic stability in human liver assessed as intrinsic clearance at 100 uM in presence of NADPH by LC-MS/MS analysis,A,C[C@]12CC[C@H]3[C@@H](CCC4=CC(=O)CC[C@@]43C)[C@@H]1CC[C@@H]2O,101.3,mL.min-1.kg-1,species_only_human
25474327,CHEMBL5325831,CHEMBL46909,CL,mL.min-1.kg-1,=,73.1,CHEMBL612558,,Metabolic stability in human liver assessed as intrinsic clearance at 100 uM in presence of NADPH by LC-MS/MS analysis,A,COc1cc(/C=C/c2ccc(OC)cc2OC)cc(OC)c1,73.1,mL.min-1.kg-1,species_only_human
25476470,CHEMBL5326264,CHEMBL4790235,CL,mL.min-1.kg-1,=,0.0192,CHEMBL612558,,Metabolic stability in human liver assessed as intrinsic clearance at 100 uM incubated for 60 mins in presence of NADPH by LC-MS/MS analysis,A,O=C1/C(=N\Nc2nccs2)C(c2ccccc2)=NN1c1nc(-c2ccccc2)cs1,0.0192,mL.min-1.kg-1,species_only_human
25476471,CHEMBL5326264,CHEMBL386630,CL,mL.min-1.kg-1,=,0.0955,CHEMBL612558,,Metabolic stability in human liver assessed as intrinsic clearance at 100 uM incubated for 60 mins in presence of NADPH by LC-MS/MS analysis,A,C[C@]12CC[C@H]3[C@@H](CCC4=CC(=O)CC[C@@]43C)[C@@H]1CC[C@@H]2O,0.0955,mL.min-1.kg-1,species_only_human
25476472,CHEMBL5326264,CHEMBL139,CL,mL.min-1.kg-1,=,0.1827,CHEMBL612558,,Metabolic stability in human liver assessed as intrinsic clearance at 100 uM incubated for 60 mins in presence of NADPH by LC-MS/MS analysis,A,O=C(O)Cc1ccccc1Nc1c(Cl)cccc1Cl,0.1827,mL.min-1.kg-1,species_only_human
25476473,CHEMBL5326264,CHEMBL631,CL,mL.min-1.kg-1,=,0.1281,CHEMBL612558,,Metabolic stability in human liver assessed as intrinsic clearance at 100 uM incubated for 60 mins in presence of NADPH by LC-MS/MS analysis,A,CCCNCC(O)COc1ccccc1C(=O)CCc1ccccc1,0.1281,mL.min-1.kg-1,species_only_human
25491029,CHEMBL5329598,CHEMBL386630,CL,mL.min-1.kg-1,=,74.0,CHEMBL612558,,Metabolic stability in human liver assessed as intrinsic clearance at 1 uM preincubated for 60 mins followed by NADPH addition and measured after 60 mins,A,C[C@]12CC[C@H]3[C@@H](CCC4=CC(=O)CC[C@@]43C)[C@@H]1CC[C@@H]2O,74.0,mL.min-1.kg-1,species_only_human
25491030,CHEMBL5329598,CHEMBL5396895,CL,mL.min-1.kg-1,=,3.3,CHEMBL612558,,Metabolic stability in human liver assessed as intrinsic clearance at 1 uM preincubated for 60 mins followed by NADPH addition and measured after 60 mins,A,COc1ccc(N(C)C(=O)[C@H](Cc2cc(F)cc(F)c2)NC(=O)CN2CCN(C(=O)c3ccccc3[N+](=O)[O-])CC2=O)cc1,3.3,mL.min-1.kg-1,species_only_human
25491031,CHEMBL5329598,CHEMBL5422973,CL,mL.min-1.kg-1,=,2.6,CHEMBL612558,,Metabolic stability in human liver assessed as intrinsic clearance at 1 uM preincubated for 60 mins followed by NADPH addition and measured after 60 mins,A,Cc1[nH]c2ccccc2c1CC(=O)[C@@H](Cc1ccccc1)C(=O)N(C)c1ccccc1,2.6,mL.min-1.kg-1,species_only_human
25491032,CHEMBL5329598,CHEMBL139,CL,mL.min-1.kg-1,=,3.3,CHEMBL612558,,Metabolic stability in human liver assessed as intrinsic clearance at 1 uM preincubated for 60 mins followed by NADPH addition and measured after 60 mins,A,O=C(O)Cc1ccccc1Nc1c(Cl)cccc1Cl,3.3,mL.min-1.kg-1,species_only_human
25491033,CHEMBL5329598,CHEMBL631,CL,mL.min-1.kg-1,=,2.5,CHEMBL612558,,Metabolic stability in human liver assessed as intrinsic clearance at 1 uM preincubated for 60 mins followed by NADPH addition and measured after 60 mins,A,CCCNCC(O)COc1ccccc1C(=O)CCc1ccccc1,2.5,mL.min-1.kg-1,species_only_human
25492827,CHEMBL5329921,CHEMBL5396704,CL,mL.min-1.g-1,=,21.4,CHEMBL612558,,Metabolic stability in human liver assessed as intrinsic clearance in presence of NADPH as co-foctor incubated for 60 mins by LC-MS/MS analysis,A,Nc1ccc(Sc2ccnc(Nc3ccc(N4CCOCC4)cc3)n2)cc1,0.0214,mL.min-1.kg-1,species_only_human
25496085,CHEMBL5330637,CHEMBL5414280,CL,mL.min-1.kg-1,=,0.0098,CHEMBL612558,,Stability in human liver assessed as intrinsic clearance at 100 uM preincubated for 10 mins followed by NADPH addition measured for 60 mins by LC-MS/MS analysis,A,CP(C)(=O)c1ccccc1Nc1nc(Nc2ccc(C(=O)NC3CCOCC3)cc2)ncc1Cl,0.0098,mL.min-1.kg-1,species_only_human
25496254,CHEMBL5330683,CHEMBL5407234,CL,mL.min-1.kg-1,=,11.5,CHEMBL612558,,Metabolic stability in human liver assessed as intrinsic clearance preincubated for 10 mins followed by NADPH addition and measured after 60 mins by LC-MS/MS analysis,A,CCOC(=O)C1=C(CN2CCN(C(C(=O)O)c3cccc([N+](=O)[O-])c3)CC2)NC(c2nccs2)=NC1c1ccc(F)cc1Br,11.5,mL.min-1.kg-1,species_only_human
25496256,CHEMBL5330683,CHEMBL5427684,CL,mL.min-1.kg-1,=,13.3,CHEMBL612558,,Metabolic stability in human liver assessed as intrinsic clearance preincubated for 10 mins followed by NADPH addition and measured after 60 mins by LC-MS/MS analysis,A,CCOC(=O)C1=C(CN2CCN(C(/C=C/c3ccccc3)C(=O)O)CC2)NC(c2nccs2)=NC1c1ccc(F)cc1Br,13.3,mL.min-1.kg-1,species_only_human
25496257,CHEMBL5330683,CHEMBL386630,CL,mL.min-1.kg-1,=,116.7,CHEMBL612558,,Metabolic stability in human liver assessed as intrinsic clearance preincubated for 10 mins followed by NADPH addition and measured after 60 mins by LC-MS/MS analysis,A,C[C@]12CC[C@H]3[C@@H](CCC4=CC(=O)CC[C@@]43C)[C@@H]1CC[C@@H]2O,116.7,mL.min-1.kg-1,species_only_human
25496258,CHEMBL5330683,CHEMBL139,CL,mL.min-1.kg-1,=,211.6,CHEMBL612558,,Metabolic stability in human liver assessed as intrinsic clearance preincubated for 10 mins followed by NADPH addition and measured after 60 mins by LC-MS/MS analysis,A,O=C(O)Cc1ccccc1Nc1c(Cl)cccc1Cl,211.6,mL.min-1.kg-1,species_only_human
25496259,CHEMBL5330683,CHEMBL631,CL,mL.min-1.kg-1,=,183.6,CHEMBL612558,,Metabolic stability in human liver assessed as intrinsic clearance preincubated for 10 mins followed by NADPH addition and measured after 60 mins by LC-MS/MS analysis,A,CCCNCC(O)COc1ccccc1C(=O)CCc1ccccc1,183.6,mL.min-1.kg-1,species_only_human
25499056,CHEMBL5331508,CHEMBL5421662,CL,mL.min-1.g-1,=,31.0,CHEMBL612558,,Intrinsic clearance in human liver at 100 uM by LC-MS/MS analysis,A,CS(=O)(=O)c1cccc(-c2cnc3[nH]nc(-c4cc(F)cc(NC(=O)Nc5cncnc5)c4)c3c2)c1,0.031,mL.min-1.kg-1,species_only_human
25499057,CHEMBL5331508,CHEMBL5399402,CL,mL.min-1.g-1,=,128.6,CHEMBL612558,,Intrinsic clearance in human liver at 100 uM by LC-MS/MS analysis,A,CN1CCN(Cc2ccc(-c3cnc4[nH]nc(-c5cc(F)cc(NC(=O)Nc6cncnc6)c5)c4c3)cc2)CC1,0.1286,mL.min-1.kg-1,species_only_human
25508194,CHEMBL5333998,CHEMBL5429798,CL,mL.min-1.kg-1,=,124.6,CHEMBL612558,,Metabolic stability in human liver assessed as intrinsic clearance incubated for 60 mins in the presence of NADPH by LC-MS/MS analysis,A,CCC(=O)N1CCc2nc(Nc3ccc(C#N)cc3)nc(Oc3c(C)cc(C#N)cc3C)c2C1,124.6,mL.min-1.kg-1,species_only_human
25508195,CHEMBL5333998,CHEMBL308954,CL,mL.min-1.kg-1,=,19.0,CHEMBL612558,,Metabolic stability in human liver assessed as intrinsic clearance incubated for 60 mins in the presence of NADPH by LC-MS/MS analysis,A,Cc1cc(C#N)cc(C)c1Oc1nc(Nc2ccc(C#N)cc2)nc(N)c1Br,19.0,mL.min-1.kg-1,species_only_human
25508196,CHEMBL5333998,CHEMBL175691,CL,mL.min-1.kg-1,=,97.6,CHEMBL612558,,Metabolic stability in human liver assessed as intrinsic clearance incubated for 60 mins in the presence of NADPH by LC-MS/MS analysis,A,Cc1cc(/C=C/C#N)cc(C)c1Nc1ccnc(Nc2ccc(C#N)cc2)n1,97.6,mL.min-1.kg-1,species_only_human
25521452,CHEMBL5337482,CHEMBL5418129,CL,mL.min-1.kg-1,=,254.0,CHEMBL612558,,Intrinsic clearance in human,A,CC[C@@H]1C(=O)N(C)c2cnc(Nc3cc4c(cc3OC)N(C(=O)CN3CCOCC3)CC4)nc2N1C1CCCC1,254.0,mL.min-1.kg-1,species_only_human
25521453,CHEMBL5337482,CHEMBL5419367,CL,mL.min-1.kg-1,=,101.5,CHEMBL612558,,Intrinsic clearance in human,A,CC[C@@H]1C(=O)N(C)c2cnc(Nc3cc4c(cc3OC)N(C(=O)CN3CCN(C)CC3)CC4)nc2N1C1CCCC1,101.5,mL.min-1.kg-1,species_only_human
25521454,CHEMBL5337482,CHEMBL5429440,CL,mL.min-1.kg-1,=,122.1,CHEMBL612558,,Intrinsic clearance in human,A,CC[C@@H]1C(=O)N(C)c2cnc(Nc3cc4c(cc3OC)N(C(=O)CN3C[C@@H](C)N[C@@H](C)C3)CC4)nc2N1C1CCCC1,122.1,mL.min-1.kg-1,species_only_human
25521455,CHEMBL5337482,CHEMBL5401381,CL,mL.min-1.kg-1,=,498.3,CHEMBL612558,,Intrinsic clearance in human,A,CC[C@@H]1C(=O)N(C)c2cnc(Nc3cc4c(cc3OC)N(C(=O)CN3CCN(S(C)(=O)=O)CC3)CC4)nc2N1C1CCCC1,498.3,mL.min-1.kg-1,species_only_human
25521456,CHEMBL5337482,CHEMBL513909,CL,mL.min-1.kg-1,=,48.3,CHEMBL612558,,Intrinsic clearance in human,A,CC[C@@H]1C(=O)N(C)c2cnc(Nc3ccc(C(=O)NC4CCN(C)CC4)cc3OC)nc2N1C1CCCC1,48.3,mL.min-1.kg-1,species_only_human
25521457,CHEMBL5337482,CHEMBL655,CL,mL.min-1.kg-1,=,467.0,CHEMBL612558,,Intrinsic clearance in human,A,Cc1ncc2n1-c1ccc(Cl)cc1C(c1ccccc1F)=NC2,467.0,mL.min-1.kg-1,species_only_human
25537779,CHEMBL5343041,CHEMBL5410031,CL,mL.min-1.kg-1,=,118.33,CHEMBL612558,,"Clearance in plasma of NOD-SCID mouse model xenografted with human PC-3 cells at 25 mg/kg, IG measured upto 48 hrs by LC-MS/MS analysis",A,O=C(CCl)NC1CCN(c2cnc(-c3ccccc3)c(-c3ccccc3)n2)CC1,118.33,mL.min-1.kg-1,species_only_human
25541530,CHEMBL5343947,CHEMBL5410922,CL,mL.min-1.g-1,=,19.5,CHEMBL612558,,Metabolic stability in human liver assessed as intrinsic clearance at 100 uM incubated for 60 mins in presence of NADPH by LC-MS/MS analysis,A,Cc1cc(Nc2nc(NCc3ccc(F)cc3F)nc3c2cnn3C2CCN(C(=O)C3CCN(c4ccc5c(c4)C(=O)N(C4CCC(=O)NC4=O)C5=O)CC3)CC2)n[nH]1,0.0195,mL.min-1.kg-1,species_only_human
25547359,CHEMBL5345480,CHEMBL5419397,CL,mL.min-1.kg-1,=,129.0,CHEMBL612558,,Metabolic stability in human liver assessed as intrinsic clearance at 1 uM incubated for 60 mins in presence of NADPH by LC-MS/MS analysis,A,COc1ccc(-n2c([C@H](Cc3cc(F)cc(F)c3)NC(=O)CN3CCN(S(=O)(=O)c4ccc(N)cc4)CC3)nc3ccccc3c2=O)cc1,129.0,mL.min-1.kg-1,species_only_human
25547360,CHEMBL5345480,CHEMBL4471665,CL,mL.min-1.kg-1,=,309.3,CHEMBL612558,,Metabolic stability in human liver assessed as intrinsic clearance at 1 uM incubated for 60 mins in presence of NADPH by LC-MS/MS analysis,A,COc1ccc(N(C)C(=O)[C@H](Cc2ccccc2)NC(=O)CN2CCN(S(=O)(=O)c3ccc(N)cc3)CC2=O)cc1,309.3,mL.min-1.kg-1,species_only_human
25547362,CHEMBL5345480,CHEMBL386630,CL,mL.min-1.kg-1,=,94.3,CHEMBL612558,,Metabolic stability in human liver assessed as intrinsic clearance at 1 uM incubated for 60 mins in presence of NADPH by LC-MS/MS analysis,A,C[C@]12CC[C@H]3[C@@H](CCC4=CC(=O)CC[C@@]43C)[C@@H]1CC[C@@H]2O,94.3,mL.min-1.kg-1,species_only_human
25547363,CHEMBL5345480,CHEMBL139,CL,mL.min-1.kg-1,=,279.7,CHEMBL612558,,Metabolic stability in human liver assessed as intrinsic clearance at 1 uM incubated for 60 mins in presence of NADPH by LC-MS/MS analysis,A,O=C(O)Cc1ccccc1Nc1c(Cl)cccc1Cl,279.7,mL.min-1.kg-1,species_only_human
25547364,CHEMBL5345480,CHEMBL631,CL,mL.min-1.kg-1,=,197.2,CHEMBL612558,,Metabolic stability in human liver assessed as intrinsic clearance at 1 uM incubated for 60 mins in presence of NADPH by LC-MS/MS analysis,A,CCCNCC(O)COc1ccccc1C(=O)CCc1ccccc1,197.2,mL.min-1.kg-1,species_only_human
25547365,CHEMBL5345480,CHEMBL5422125,CL,mL.min-1.kg-1,=,281.5,CHEMBL612558,,Metabolic stability in human liver assessed as intrinsic clearance at 1 uM incubated for 60 mins in presence of NADPH by LC-MS/MS analysis,A,Nc1ccc(S(=O)(=O)N2CCN(CC(=O)N[C@@H](Cc3cc(F)cc(F)c3)c3nc4ccccc4c(=O)n3-c3ccc(S(=O)(=O)N4CCOCC4)cc3)CC2)cc1,281.5,mL.min-1.kg-1,species_only_human
25575981,CHEMBL5352780,CHEMBL5399676,CL,mL.min-1.kg-1,=,8.6,CHEMBL612558,,Intrinsic clearance in human liver measured upto 60 mins in presence of NADPH by LC/MS/MS analysis,A,Cc1ccc(-c2cc3c(cc2-c2ccc(C#N)cc2)c(C(=O)N2CCC(N)CC2)cn3S(=O)(=O)c2ccc(F)cc2)cc1,8.6,mL.min-1.kg-1,species_only_human
25575982,CHEMBL5352780,CHEMBL4863608,CL,mL.min-1.kg-1,=,22.1,CHEMBL612558,,Intrinsic clearance in human liver measured upto 60 mins in presence of NADPH by LC/MS/MS analysis,A,Cc1ccc(-c2cc3occ(CN4CCC[C@H](N)C4)c3cc2-c2ccc(C#N)cc2)cc1,22.1,mL.min-1.kg-1,species_only_human
25603272,CHEMBL5359003,CHEMBL5428833,CL,mL.min-1.kg-1,=,0.1041,CHEMBL612558,,Stability in human assessed as intrinsic clearance,A,CC(C)n1nnnc1[C@@H](c1ccccc1F)N1CCN(c2cccc(Cl)c2)CC1,0.1041,mL.min-1.kg-1,species_only_human
25603273,CHEMBL5359003,CHEMBL5395068,CL,mL.min-1.kg-1,=,0.04765,CHEMBL612558,,Stability in human assessed as intrinsic clearance,A,CC(C)n1nnnc1[C@H](c1ccccc1F)N1CCN(c2cccc(Cl)c2)CC1,0.04765,mL.min-1.kg-1,species_only_human
25618257,CHEMBL5362890,CHEMBL5402022,CL,mL.min-1.g-1,=,28.2,CHEMBL612558,,Metabolic stability in human liver assessed as intrinsic clearance measured after 10 mins by LC-MS/MS analysis,A,COc1ccc(F)cc1CNc1ccc2c(c1)/C(=C/c1cnc[nH]1)C(=O)N2,0.0282,mL.min-1.kg-1,species_only_human
25634569,CHEMBL5366629,CHEMBL5436841,CL,mL.min-1.g-1,=,285000.0,CHEMBL612558,,Intrinsic clearance in human,A,CC(=O)N/C(N)=N/C(=N/S(=O)(=O)c1ccc(Cl)cc1)N1C[C@H](c2ccccc2)C(c2ccc(Cl)cc2)=N1,285.0,mL.min-1.kg-1,species_only_human
25634570,CHEMBL5366629,CHEMBL5423328,CL,mL.min-1.g-1,=,221000.0,CHEMBL612558,,Intrinsic clearance in human,A,CC(=O)N/C(N)=N/C(=N/S(=O)(=O)c1ccc(I)cc1)N1C[C@H](c2ccccc2)C(c2ccc(Cl)cc2)=N1,221.0,mL.min-1.kg-1,species_only_human
25639447,CHEMBL5368032,CHEMBL4861594,CL,mL.min-1.kg-1,=,3.333,CHEMBL612558,,"Clearance in non human primate at 1 mg/kg, iv measured upto 24 hrs by LC-MS/MS analysis",A,C[C@H]1CC2(CCN(c3ccc(C(=O)N4CCC(CN5Cc6cc7c(cc6C5)C(=O)N(C5CCC(=O)NC5=O)C7=O)CC4)cc3)CC2)CN1c1ccc(C#N)c(Cl)c1,3.333,mL.min-1.kg-1,species_only_human
25689163,CHEMBL5381879,CHEMBL5397250,CL,mL.min-1.g-1,=,764.0,CHEMBL612558,,Metabolic stability in human liver assessed as intrinsic clearance,A,Cc1cc(Nc2nc(NCc3ccc(Cl)c(C(=O)Nc4ccccc4)c3)nc3c2cnn3C2CCOCC2)n[nH]1,0.764,mL.min-1.kg-1,species_only_human
25689164,CHEMBL5381879,CHEMBL5185225,CL,mL.min-1.g-1,=,216.1,CHEMBL612558,,Metabolic stability in human liver assessed as intrinsic clearance,A,COc1c(Nc2cc(C)[nH]n2)nc(Sc2ccc(S(=O)(=O)Cc3cccc([N+](=O)[O-])c3F)cc2F)nc1N1CCOCC1,0.2161,mL.min-1.kg-1,species_only_human
25689165,CHEMBL5381879,CHEMBL5402864,CL,mL.min-1.g-1,=,148.4,CHEMBL612558,,Metabolic stability in human liver assessed as intrinsic clearance,A,Cc1cc(Nc2nc(NCc3ccc(Cl)c(C(=O)Nc4cc(F)ccc4F)c3)nc3c2cnn3C2CCOCC2)n[nH]1,0.1484,mL.min-1.kg-1,species_only_human
25693316,CHEMBL5382814,CHEMBL386630,CL,mL.min-1.kg-1,=,97.4,CHEMBL612558,,Metabolic stability in human liver assessed as intrinsic clearance,A,C[C@]12CC[C@H]3[C@@H](CCC4=CC(=O)CC[C@@]43C)[C@@H]1CC[C@@H]2O,97.4,mL.min-1.kg-1,species_only_human
25693317,CHEMBL5382814,CHEMBL139,CL,mL.min-1.kg-1,=,187.1,CHEMBL612558,,Metabolic stability in human liver assessed as intrinsic clearance,A,O=C(O)Cc1ccccc1Nc1c(Cl)cccc1Cl,187.1,mL.min-1.kg-1,species_only_human
25693318,CHEMBL5382814,CHEMBL631,CL,mL.min-1.kg-1,=,263.5,CHEMBL612558,,Metabolic stability in human liver assessed as intrinsic clearance,A,CCCNCC(O)COc1ccccc1C(=O)CCc1ccccc1,263.5,mL.min-1.kg-1,species_only_human
25859030,CHEMBL5509571,CHEMBL4855585,CL,mL.min-1.kg-1,=,72.0,CHEMBL612558,,Unbound clearance in human plasma,A,CC(C)C[C@H](NC(=O)[C@@H]1COCCCCCC(=O)N2C[C@H](F)C[C@H]2C(=O)N1)C(=O)[C@@]1(C)CO1,72.0,mL.min-1.kg-1,species_only_human
25886669,CHEMBL5517269,CHEMBL3951810,CL,mL.min-1.kg-1,=,2.0,CHEMBL612558,,"Clearance in human at 1 mg/kg, iv",A,Cc1cn(-c2ccc3n(c2=O)CCN([C@@H](C)[C@@H]2CC[C@H](c4cc(F)c(Cl)cc4C(F)(F)F)O2)C3=O)cn1,2.0,mL.min-1.kg-1,species_only_human
25912694,CHEMBL5525835,CHEMBL5567890,CL,mL.min-1.kg-1,=,4.5,CHEMBL612558,,"Clearance in Non human primate at 0.2 mg/kg, iv by LC-MS/MS analysis",A,CC(C)(O)c1cc2nc([C@H]3CC[C@H](CN4CC5(CC(CCNc6cccc7c6C(=O)N(C6CCC(=O)NC6=O)C7=O)C5)C4)CC3)sc2cc1NC(=O)c1cccc(C(F)(F)F)n1,4.5,mL.min-1.kg-1,species_only_human
25922331,CHEMBL5528841,CHEMBL5550046,CL,mL.min-1.kg-1,=,15.9,CHEMBL612558,,Metabolic stability in human liver assessed as intrinsic clearance at 20 uM measured upto 90 mins in presence of NADP regenerating system by high-resolution mass spectrometry,A,Cc1c(C(F)(F)F)cc([N+](=O)[O-])c2sc(N3CCC4(CC3)OC[C@H](C)O4)nc(=O)c12,15.9,mL.min-1.kg-1,species_only_human
25922332,CHEMBL5528841,CHEMBL5568830,CL,mL.min-1.kg-1,=,9.8,CHEMBL612558,,Metabolic stability in human liver assessed as intrinsic clearance at 20 uM measured upto 90 mins in presence of NADP regenerating system by high-resolution mass spectrometry,A,Cc1c(C(F)(F)F)cc2c(=O)nc(N3CCC4(CC3)OC[C@H](C)O4)sc2c1[N+](=O)[O-],9.8,mL.min-1.kg-1,species_only_human
25922333,CHEMBL5528841,CHEMBL5569816,CL,mL.min-1.kg-1,=,47.1,CHEMBL612558,,Metabolic stability in human liver assessed as intrinsic clearance at 20 uM measured upto 90 mins in presence of NADP regenerating system by high-resolution mass spectrometry,A,Cc1c(C(F)(F)F)cc([N+](=O)[O-])c2sc(N3CCC(Oc4ccc(OC(F)(F)F)cc4)CC3)nc(=O)c12,47.1,mL.min-1.kg-1,species_only_human
25922334,CHEMBL5528841,CHEMBL5575950,CL,mL.min-1.kg-1,=,23.8,CHEMBL612558,,Metabolic stability in human liver assessed as intrinsic clearance at 20 uM measured upto 90 mins in presence of NADP regenerating system by high-resolution mass spectrometry,A,Cc1c(C(F)(F)F)cc2c(=O)nc(N3CCC(Oc4ccc(OC(F)(F)F)cc4)CC3)sc2c1[N+](=O)[O-],23.8,mL.min-1.kg-1,species_only_human
25922335,CHEMBL5528841,CHEMBL5573663,CL,mL.min-1.kg-1,=,39.0,CHEMBL612558,,Metabolic stability in human liver assessed as intrinsic clearance at 20 uM measured upto 90 mins in presence of NADP regenerating system by high-resolution mass spectrometry,A,Cc1c(C(F)(F)F)cc([N+](=O)[O-])c2sc(N3CCN(CC4CCCCC4)CC3)nc(=O)c12,39.0,mL.min-1.kg-1,species_only_human
