activity_id,assay_chembl_id,molecule_chembl_id,type,standard_units,relation,standard_value,target_chembl_id,target_organism,assay_description,assay_type,smiles,clint,units,assay_class
1671427,CHEMBL859552,CHEMBL199860,CL,mL.min-1.kg-1,=,6.0,CHEMBL613289,,Clearance in presence of human hepatocytes,A,Cc1c(Nc2ccc(Br)cc2F)c(C(=O)NOCCO)cn(C)c1=O,6.0,mL.min-1.kg-1,hepatocyte_human
1671437,CHEMBL859552,CHEMBL371693,CL,mL.min-1.kg-1,=,9.0,CHEMBL613289,,Clearance in presence of human hepatocytes,A,Cn1cc(C(N)=O)c(Nc2ccc(Br)cc2F)c(F)c1=O,9.0,mL.min-1.kg-1,hepatocyte_human
1671446,CHEMBL859552,CHEMBL203138,CL,mL.min-1.kg-1,=,5.0,CHEMBL613289,,Clearance in presence of human hepatocytes,A,CCONC(=O)c1cn(C)c(=O)c(C)c1Nc1ccc(Br)cc1F,5.0,mL.min-1.kg-1,hepatocyte_human
1671447,CHEMBL859552,CHEMBL426840,CL,mL.min-1.kg-1,=,5.0,CHEMBL613289,,Clearance in presence of human hepatocytes,A,CONC(=O)c1cn(C)c(=O)c(C)c1Nc1ccc(Br)cc1F,5.0,mL.min-1.kg-1,hepatocyte_human
1671448,CHEMBL859552,CHEMBL201426,CL,mL.min-1.kg-1,=,2.0,CHEMBL613289,,Clearance in presence of human hepatocytes,A,CCONC(=O)c1cn(C)c(=O)c(F)c1Nc1ccc(Br)cc1F,2.0,mL.min-1.kg-1,hepatocyte_human
1727906,CHEMBL859975,CHEMBL333950,CL,mL.min-1.g-1,=,7.0,CHEMBL372,Homo sapiens,Clearance in human liver S9 fraction,A,C=C1/C(=C\C=C2/CCC[C@]3(C)[C@@H]([C@H](C)OCCC(C)(C)O)CC[C@@H]23)C[C@@H](O)C[C@@H]1O,0.007,mL.min-1.kg-1,hepatocyte_human
1727908,CHEMBL859975,CHEMBL208063,CL,mL.min-1.g-1,=,278.0,CHEMBL372,Homo sapiens,Clearance in human liver S9 fraction,A,C=C1/C(=C\C=C2/CCC[C@]3(C)C([C@H](C)OCC(=O)NCC(F)(F)C(F)(F)F)=CCC23)C[C@@H](O)C[C@@H]1O,0.278,mL.min-1.kg-1,hepatocyte_human
1727909,CHEMBL859975,CHEMBL379726,CL,mL.min-1.g-1,=,1421.0,CHEMBL372,Homo sapiens,Clearance in human liver S9 fraction,A,C=C1/C(=C\C=C2/CCC[C@]3(C)C([C@H](C)OCC(=O)OC(C)(CC)CC)=CCC23)C[C@@H](O)C[C@@H]1O,1.421,mL.min-1.kg-1,hepatocyte_human
1965423,CHEMBL897258,CHEMBL410414,CL,mL.min-1.kg-1,=,7.8,CHEMBL613690,Homo sapiens,Clearance in human hepatocytes,A,CN(Cc1ccccc1)C(=O)[C@@H](NC(=O)c1cc2cc(NC(=O)c3ccccc3-c3ccc(C(F)(F)F)cc3)ccc2n1C)c1ccccc1,7.8,mL.min-1.kg-1,hepatocyte_human
2119263,CHEMBL933944,CHEMBL273208,CL,mL.min-1.g-1,=,8.0,CHEMBL613690,Homo sapiens,Metabolic stability assessed as intrinsic clearance in human hepatocytes,A,CNCc1cnc(C)cc1Oc1ccccc1Oc1ccccc1,0.008,mL.min-1.kg-1,hepatocyte_human
2227791,CHEMBL995218,CHEMBL524643,CL,mL.min-1.kg-1,=,8.0,CHEMBL613690,Homo sapiens,Clearance in human hepatocyte,A,Cn1cc(-c2ccc3c(c2)CN/C3=N/O)c(-c2ccncc2)n1,8.0,mL.min-1.kg-1,hepatocyte_human
2227863,CHEMBL995218,CHEMBL498344,CL,mL.min-1.kg-1,=,8.5,CHEMBL613690,Homo sapiens,Clearance in human hepatocyte,A,O/N=C1\CCc2cc(-c3cn([C@@H]4CCC[C@H](O)C4)nc3-c3ccncc3)ccc21,8.5,mL.min-1.kg-1,hepatocyte_human
2227865,CHEMBL995218,CHEMBL526479,CL,mL.min-1.kg-1,=,7.8,CHEMBL613690,Homo sapiens,Clearance in human hepatocyte,A,O/N=C1\CCc2cc(-c3cn(C4CCNCC4)nc3-c3ccncc3)ccc21,7.8,mL.min-1.kg-1,hepatocyte_human
2227866,CHEMBL995218,CHEMBL525191,CL,mL.min-1.kg-1,=,6.0,CHEMBL613690,Homo sapiens,Clearance in human hepatocyte,A,OCCn1cc(-c2ccc3c(c2)CC/C3=N\O)c(-c2ccncc2)n1,6.0,mL.min-1.kg-1,hepatocyte_human
2303648,CHEMBL1001484,CHEMBL112,CL,mL.min-1.kg-1,=,4.0,CHEMBL613690,Homo sapiens,Hepatic clearance in human hepatocytes in absence of fetal calf serum,A,CC(=O)Nc1ccc(O)cc1,4.0,mL.min-1.kg-1,hepatocyte_human
2303649,CHEMBL1001484,CHEMBL49,CL,mL.min-1.kg-1,=,19.2,CHEMBL613690,Homo sapiens,Hepatic clearance in human hepatocytes in absence of fetal calf serum,A,O=C1CC2(CCCC2)CC(=O)N1CCCCN1CCN(c2ncccn2)CC1,19.2,mL.min-1.kg-1,hepatocyte_human
2303650,CHEMBL1001484,CHEMBL113,CL,mL.min-1.kg-1,=,1.4,CHEMBL613690,Homo sapiens,Hepatic clearance in human hepatocytes in absence of fetal calf serum,A,Cn1c(=O)c2c(ncn2C)n(C)c1=O,1.4,mL.min-1.kg-1,hepatocyte_human
2303651,CHEMBL1001484,CHEMBL723,CL,mL.min-1.kg-1,=,8.7,CHEMBL613690,Homo sapiens,Hepatic clearance in human hepatocytes in absence of fetal calf serum,A,COc1ccccc1OCCNCC(O)COc1cccc2[nH]c3ccccc3c12,8.7,mL.min-1.kg-1,hepatocyte_human
2303652,CHEMBL1001484,CHEMBL71,CL,mL.min-1.kg-1,=,8.6,CHEMBL613690,Homo sapiens,Hepatic clearance in human hepatocytes in absence of fetal calf serum,A,CN(C)CCCN1c2ccccc2Sc2ccc(Cl)cc21,8.6,mL.min-1.kg-1,hepatocyte_human
2303653,CHEMBL1001484,CHEMBL72,CL,mL.min-1.kg-1,=,10.3,CHEMBL613690,Homo sapiens,Hepatic clearance in human hepatocytes in absence of fetal calf serum,A,CNCCCN1c2ccccc2CCc2ccccc21,10.3,mL.min-1.kg-1,hepatocyte_human
2303654,CHEMBL1001484,CHEMBL12,CL,mL.min-1.kg-1,=,0.43,CHEMBL613690,Homo sapiens,Hepatic clearance in human hepatocytes in absence of fetal calf serum,A,CN1C(=O)CN=C(c2ccccc2)c2cc(Cl)ccc21,0.43,mL.min-1.kg-1,hepatocyte_human
2303655,CHEMBL1001484,CHEMBL139,CL,mL.min-1.kg-1,=,7.33,CHEMBL613690,Homo sapiens,Hepatic clearance in human hepatocytes in absence of fetal calf serum,A,O=C(O)Cc1ccccc1Nc1c(Cl)cccc1Cl,7.33,mL.min-1.kg-1,hepatocyte_human
2303656,CHEMBL1001484,CHEMBL898,CL,mL.min-1.kg-1,=,0.18,CHEMBL613690,Homo sapiens,Hepatic clearance in human hepatocytes in absence of fetal calf serum,A,O=C(O)c1cc(-c2ccc(F)cc2F)ccc1O,0.18,mL.min-1.kg-1,hepatocyte_human
2303657,CHEMBL1001484,CHEMBL23,CL,mL.min-1.kg-1,=,12.8,CHEMBL613690,Homo sapiens,Hepatic clearance in human hepatocytes in absence of fetal calf serum,A,COc1ccc([C@@H]2Sc3ccccc3N(CCN(C)C)C(=O)[C@@H]2OC(C)=O)cc1,12.8,mL.min-1.kg-1,hepatocyte_human
2303658,CHEMBL1001484,CHEMBL622,CL,mL.min-1.kg-1,=,1.31,CHEMBL613690,Homo sapiens,Hepatic clearance in human hepatocytes in absence of fetal calf serum,A,CCc1cccc2c3c([nH]c12)C(CC)(CC(=O)O)OCC3,1.31,mL.min-1.kg-1,hepatocyte_human
2303659,CHEMBL1001484,CHEMBL1297,CL,mL.min-1.kg-1,=,1.69,CHEMBL613690,Homo sapiens,Hepatic clearance in human hepatocytes in absence of fetal calf serum,A,CC(C(=O)O)c1cccc(Oc2ccccc2)c1,1.69,mL.min-1.kg-1,hepatocyte_human
2303660,CHEMBL1001484,CHEMBL35,CL,mL.min-1.kg-1,=,0.59,CHEMBL613690,Homo sapiens,Hepatic clearance in human hepatocytes in absence of fetal calf serum,A,NS(=O)(=O)c1cc(C(=O)O)c(NCc2ccco2)cc1Cl,0.59,mL.min-1.kg-1,hepatocyte_human
2303661,CHEMBL1001484,CHEMBL457,CL,mL.min-1.kg-1,=,3.09,CHEMBL613690,Homo sapiens,Hepatic clearance in human hepatocytes in absence of fetal calf serum,A,Cc1ccc(C)c(OCCCC(C)(C)C(=O)O)c1,3.09,mL.min-1.kg-1,hepatocyte_human
2303662,CHEMBL1001484,CHEMBL1073,CL,mL.min-1.kg-1,=,0.96,CHEMBL613690,Homo sapiens,Hepatic clearance in human hepatocytes in absence of fetal calf serum,A,Cc1cnc(C(=O)NCCc2ccc(S(=O)(=O)NC(=O)NC3CCCCC3)cc2)cn1,0.96,mL.min-1.kg-1,hepatocyte_human
2303663,CHEMBL1001484,CHEMBL289469,CL,mL.min-1.kg-1,=,11.0,CHEMBL613690,Homo sapiens,Hepatic clearance in human hepatocytes in absence of fetal calf serum,A,CN1C2CCCC1CC(NC(=O)c1nn(C)c3ccccc13)C2,11.0,mL.min-1.kg-1,hepatocyte_human
2303664,CHEMBL1001484,CHEMBL521,CL,mL.min-1.kg-1,=,1.4,CHEMBL613690,Homo sapiens,Hepatic clearance in human hepatocytes in absence of fetal calf serum,A,CC(C)Cc1ccc(C(C)C(=O)O)cc1,1.4,mL.min-1.kg-1,hepatocyte_human
2303665,CHEMBL1001484,CHEMBL11,CL,mL.min-1.kg-1,=,9.46,CHEMBL613690,Homo sapiens,Hepatic clearance in human hepatocytes in absence of fetal calf serum,A,CN(C)CCCN1c2ccccc2CCc2ccccc21,9.46,mL.min-1.kg-1,hepatocyte_human
2303666,CHEMBL1001484,CHEMBL6,CL,mL.min-1.kg-1,=,2.24,CHEMBL613690,Homo sapiens,Hepatic clearance in human hepatocytes in absence of fetal calf serum,A,COc1ccc2c(c1)c(CC(=O)O)c(C)n2C(=O)c1ccc(Cl)cc1,2.24,mL.min-1.kg-1,hepatocyte_human
2303667,CHEMBL1001484,CHEMBL1513,CL,mL.min-1.kg-1,=,3.85,CHEMBL613690,Homo sapiens,Hepatic clearance in human hepatocytes in absence of fetal calf serum,A,CCCCC1=NC2(CCCC2)C(=O)N1Cc1ccc(-c2ccccc2-c2nnn[nH]2)cc1,3.85,mL.min-1.kg-1,hepatocyte_human
2303668,CHEMBL1001484,CHEMBL571,CL,mL.min-1.kg-1,=,2.22,CHEMBL613690,Homo sapiens,Hepatic clearance in human hepatocytes in absence of fetal calf serum,A,CC(C(=O)O)c1cccc(C(=O)c2ccccc2)c1,2.22,mL.min-1.kg-1,hepatocyte_human
2303669,CHEMBL1001484,CHEMBL79,CL,mL.min-1.kg-1,=,15.0,CHEMBL613690,Homo sapiens,Hepatic clearance in human hepatocytes in absence of fetal calf serum,A,CCN(CC)CC(=O)Nc1c(C)cccc1C,15.0,mL.min-1.kg-1,hepatocyte_human
2303670,CHEMBL1001484,CHEMBL580,CL,mL.min-1.kg-1,=,1.1,CHEMBL613690,Homo sapiens,Hepatic clearance in human hepatocytes in absence of fetal calf serum,A,O=C1Nc2ccc(Cl)cc2C(c2ccccc2Cl)=NC1O,1.1,mL.min-1.kg-1,hepatocyte_human
2303671,CHEMBL1001484,CHEMBL650,CL,mL.min-1.kg-1,=,7.5,CHEMBL613690,Homo sapiens,Hepatic clearance in human hepatocytes in absence of fetal calf serum,A,C[C@H]1C[C@@H]2[C@H]([C@@H](O)C[C@@]3(C)[C@H]2CC[C@]3(O)C(=O)CO)[C@@]2(C)C=CC(=O)C=C12,7.5,mL.min-1.kg-1,hepatocyte_human
2303672,CHEMBL1001484,CHEMBL13,CL,mL.min-1.kg-1,=,12.15,CHEMBL613690,Homo sapiens,Hepatic clearance in human hepatocytes in absence of fetal calf serum,A,COCCc1ccc(OCC(O)CNC(C)C)cc1,12.15,mL.min-1.kg-1,hepatocyte_human
2303673,CHEMBL1001484,CHEMBL655,CL,mL.min-1.kg-1,=,6.6,CHEMBL613690,Homo sapiens,Hepatic clearance in human hepatocytes in absence of fetal calf serum,A,Cc1ncc2n1-c1ccc(Cl)cc1C(c1ccccc1F)=NC2,6.6,mL.min-1.kg-1,hepatocyte_human
2303674,CHEMBL1001484,CHEMBL787,CL,mL.min-1.kg-1,=,1.27,CHEMBL613690,Homo sapiens,Hepatic clearance in human hepatocytes in absence of fetal calf serum,A,CC(C)(O)c1ccccc1CC[C@@H](SCC1(CC(=O)O)CC1)c1cccc(/C=C/c2ccc3ccc(Cl)cc3n2)c1,1.27,mL.min-1.kg-1,hepatocyte_human
2303675,CHEMBL1001484,CHEMBL80,CL,mL.min-1.kg-1,=,19.5,CHEMBL613690,Homo sapiens,Hepatic clearance in human hepatocytes in absence of fetal calf serum,A,C=CCN1CC[C@]23c4c5ccc(O)c4O[C@H]2C(=O)CC[C@@]3(O)[C@H]1C5,19.5,mL.min-1.kg-1,hepatocyte_human
2303676,CHEMBL1001484,CHEMBL193,CL,mL.min-1.kg-1,=,7.8,CHEMBL613690,Homo sapiens,Hepatic clearance in human hepatocytes in absence of fetal calf serum,A,COC(=O)C1=C(C)NC(C)=C(C(=O)OC)C1c1ccccc1[N+](=O)[O-],7.8,mL.min-1.kg-1,hepatocyte_human
2303677,CHEMBL1001484,CHEMBL46,CL,mL.min-1.kg-1,=,5.9,CHEMBL613690,Homo sapiens,Hepatic clearance in human hepatocytes in absence of fetal calf serum,A,Cc1nccn1CC1CCc2c(c3ccccc3n2C)C1=O,5.9,mL.min-1.kg-1,hepatocyte_human
2303678,CHEMBL1001484,CHEMBL1071,CL,mL.min-1.kg-1,=,0.07,CHEMBL613690,Homo sapiens,Hepatic clearance in human hepatocytes in absence of fetal calf serum,A,O=C(O)CCc1nc(-c2ccccc2)c(-c2ccccc2)o1,0.07,mL.min-1.kg-1,hepatocyte_human
2303679,CHEMBL1001484,CHEMBL568,CL,mL.min-1.kg-1,=,1.1,CHEMBL613690,Homo sapiens,Hepatic clearance in human hepatocytes in absence of fetal calf serum,A,O=C1Nc2ccc(Cl)cc2C(c2ccccc2)=NC1O,1.1,mL.min-1.kg-1,hepatocyte_human
2303680,CHEMBL1001484,CHEMBL16073,CL,mL.min-1.kg-1,=,19.2,CHEMBL613690,Homo sapiens,Hepatic clearance in human hepatocytes in absence of fetal calf serum,A,CCOc1ccc(NC(C)=O)cc1,19.2,mL.min-1.kg-1,hepatocyte_human
2303681,CHEMBL1001484,CHEMBL500,CL,mL.min-1.kg-1,=,4.2,CHEMBL613690,Homo sapiens,Hepatic clearance in human hepatocytes in absence of fetal calf serum,A,CC(C)NCC(O)COc1cccc2[nH]ccc12,4.2,mL.min-1.kg-1,hepatocyte_human
2303682,CHEMBL1001484,CHEMBL2,CL,mL.min-1.kg-1,=,2.7,CHEMBL613690,Homo sapiens,Hepatic clearance in human hepatocytes in absence of fetal calf serum,A,COc1cc2nc(N3CCN(C(=O)c4ccco4)CC3)nc(N)c2cc1OC,2.7,mL.min-1.kg-1,hepatocyte_human
2303683,CHEMBL1001484,CHEMBL131,CL,mL.min-1.kg-1,=,8.7,CHEMBL613690,Homo sapiens,Hepatic clearance in human hepatocytes in absence of fetal calf serum,A,C[C@]12C=CC(=O)C=C1CC[C@@H]1[C@@H]2[C@@H](O)C[C@@]2(C)[C@H]1CC[C@]2(O)C(=O)CO,8.7,mL.min-1.kg-1,hepatocyte_human
2303684,CHEMBL1001484,CHEMBL27,CL,mL.min-1.kg-1,=,16.11,CHEMBL613690,Homo sapiens,Hepatic clearance in human hepatocytes in absence of fetal calf serum,A,CC(C)NCC(O)COc1cccc2ccccc12,16.11,mL.min-1.kg-1,hepatocyte_human
2303685,CHEMBL1001484,CHEMBL1294,CL,mL.min-1.kg-1,=,5.33,CHEMBL613690,Homo sapiens,Hepatic clearance in human hepatocytes in absence of fetal calf serum,A,C=C[C@H]1CN2CC[C@H]1C[C@@H]2[C@@H](O)c1ccnc2ccc(OC)cc12,5.33,mL.min-1.kg-1,hepatocyte_human
2303686,CHEMBL1001484,CHEMBL1790041,CL,mL.min-1.kg-1,=,2.9,CHEMBL613690,Homo sapiens,Hepatic clearance in human hepatocytes in absence of fetal calf serum,A,CNC(=C[N+](=O)[O-])NCCSCc1ccc(CN(C)C)o1,2.9,mL.min-1.kg-1,hepatocyte_human
2303687,CHEMBL1001484,CHEMBL163,CL,mL.min-1.kg-1,=,1.2,CHEMBL613690,Homo sapiens,Hepatic clearance in human hepatocytes in absence of fetal calf serum,A,CC(C)c1nc(CN(C)C(=O)N[C@H](C(=O)N[C@@H](Cc2ccccc2)C[C@H](O)[C@H](Cc2ccccc2)NC(=O)OCc2cncs2)C(C)C)cs1,1.2,mL.min-1.kg-1,hepatocyte_human
2303688,CHEMBL1001484,CHEMBL192,CL,mL.min-1.kg-1,=,6.0,CHEMBL613690,Homo sapiens,Hepatic clearance in human hepatocytes in absence of fetal calf serum,A,CCCc1nn(C)c2c(=O)[nH]c(-c3cc(S(=O)(=O)N4CCN(C)CC4)ccc3OCC)nc12,6.0,mL.min-1.kg-1,hepatocyte_human
2303689,CHEMBL1001484,CHEMBL302795,CL,mL.min-1.kg-1,=,0.073,CHEMBL613690,Homo sapiens,Hepatic clearance in human hepatocytes in absence of fetal calf serum,A,CN1C(C(=O)Nc2ccccn2)=C(O)c2sccc2S1(=O)=O,0.073,mL.min-1.kg-1,hepatocyte_human
2303690,CHEMBL1001484,CHEMBL1355736,CL,mL.min-1.kg-1,=,0.65,CHEMBL613690,Homo sapiens,Hepatic clearance in human hepatocytes in absence of fetal calf serum,A,Cn1c(=O)c2nc[nH]c2n(C)c1=O.O,0.65,mL.min-1.kg-1,hepatocyte_human
2303691,CHEMBL1001484,CHEMBL499,CL,mL.min-1.kg-1,=,9.17,CHEMBL613690,Homo sapiens,Hepatic clearance in human hepatocytes in absence of fetal calf serum,A,CC(C)(C)NC[C@H](O)COc1nsnc1N1CCOCC1,9.17,mL.min-1.kg-1,hepatocyte_human
2303692,CHEMBL1001484,CHEMBL782,CL,mL.min-1.kg-1,=,0.3,CHEMBL613690,Homo sapiens,Hepatic clearance in human hepatocytes in absence of fetal calf serum,A,CCCCNC(=O)NS(=O)(=O)c1ccc(C)cc1,0.3,mL.min-1.kg-1,hepatocyte_human
2303693,CHEMBL1001484,CHEMBL855,CL,mL.min-1.kg-1,=,8.0,CHEMBL613690,Homo sapiens,Hepatic clearance in human hepatocytes in absence of fetal calf serum,A,Cc1ccc(/C(=C\CN2CCCC2)c2ccccn2)cc1,8.0,mL.min-1.kg-1,hepatocyte_human
2303694,CHEMBL1001484,CHEMBL408,CL,mL.min-1.kg-1,=,9.0,CHEMBL613690,Homo sapiens,Hepatic clearance in human hepatocytes in absence of fetal calf serum,A,Cc1c(C)c2c(c(C)c1O)CCC(C)(COc1ccc(CC3SC(=O)NC3=O)cc1)O2,9.0,mL.min-1.kg-1,hepatocyte_human
2303695,CHEMBL1001484,CHEMBL6966,CL,mL.min-1.kg-1,=,14.66,CHEMBL613690,Homo sapiens,Hepatic clearance in human hepatocytes in absence of fetal calf serum,A,COc1ccc(CCN(C)CCCC(C#N)(c2ccc(OC)c(OC)c2)C(C)C)cc1OC,14.66,mL.min-1.kg-1,hepatocyte_human
2303696,CHEMBL1001484,CHEMBL1464,CL,mL.min-1.kg-1,=,0.16,CHEMBL613690,Homo sapiens,Hepatic clearance in human hepatocytes in absence of fetal calf serum,A,CC(=O)CC(c1ccccc1)c1c(O)c2ccccc2oc1=O,0.16,mL.min-1.kg-1,hepatocyte_human
2303697,CHEMBL1001484,CHEMBL129,CL,mL.min-1.kg-1,=,12.4,CHEMBL613690,Homo sapiens,Hepatic clearance in human hepatocytes in absence of fetal calf serum,A,Cc1cn([C@H]2C[C@H](N=[N+]=[N-])[C@@H](CO)O2)c(=O)[nH]c1=O,12.4,mL.min-1.kg-1,hepatocyte_human
2483342,CHEMBL986125,CHEMBL514217,CL,mL.min-1.kg-1,=,18.0,CHEMBL613690,Homo sapiens,Metabolic stability in cryopreserved human hepatocytes assessed as hepatic clearance by serum incubation method,A,CN(CCN1CCCCC1)C(=O)[C@H]1CC[C@@]2(CC1)OC(=O)c1ccccc12,18.0,mL.min-1.kg-1,hepatocyte_human
2483347,CHEMBL986125,CHEMBL513893,CL,mL.min-1.kg-1,=,18.0,CHEMBL613690,Homo sapiens,Metabolic stability in cryopreserved human hepatocytes assessed as hepatic clearance by serum incubation method,A,COc1ccc2c(c1)C(=O)O[C@]21CC[C@H](C(=O)N(C)CCN2CCCCC2)CC1,18.0,mL.min-1.kg-1,hepatocyte_human
2522929,CHEMBL1009650,CHEMBL467114,CL,mL.min-1.g-1,=,3.7,CHEMBL613690,Homo sapiens,Intrinsic clearance in human hepatocytes measured per gram of liver at 0.15 to 0.2 X 10'6 cells/ml cell density,A,O=C([O-])c1cccc(Cc2cc(Cl)ccc2OCc2ccc(Cl)cc2F)n1.[Na+],0.0037,mL.min-1.kg-1,hepatocyte_human
2522930,CHEMBL1009651,CHEMBL467114,CL,mL.min-1.g-1,=,0.7,CHEMBL613690,Homo sapiens,Intrinsic clearance in human hepatocytes measured per gram of liver at 0.54 to 0.7 X 10'6 cells/ml cell density,A,O=C([O-])c1cccc(Cc2cc(Cl)ccc2OCc2ccc(Cl)cc2F)n1.[Na+],0.0007,mL.min-1.kg-1,hepatocyte_human
2608865,CHEMBL1010637,CHEMBL471404,CL,mL.min-1.g-1,=,6.8,CHEMBL613690,Homo sapiens,Metabolic stability in human hepatocytes assessed as intrinsic clearance,A,CC(C)CC[C@@]1(C)C(=O)C(C2=NS(=O)(=O)c3cc(NS(C)(=O)=O)ccc3N2)=C([O-])c2ccccc21.[Na+],0.0068,mL.min-1.kg-1,hepatocyte_human
2608866,CHEMBL1010637,CHEMBL471405,CL,mL.min-1.g-1,=,2.7,CHEMBL613690,Homo sapiens,Metabolic stability in human hepatocytes assessed as intrinsic clearance,A,CC(C)(C)CC[C@@]1(C)C(=O)C(C2=NS(=O)(=O)c3cc(NS(C)(=O)=O)ccc3N2)=C([O-])c2ccccc21.[Na+],0.0027,mL.min-1.kg-1,hepatocyte_human
2700274,CHEMBL1052595,CHEMBL559549,CL,mL.min-1.g-1,=,12.0,CHEMBL612558,,Metabolic stability in human liver S9 fraction assessed as intrinsic clearance in presence of NADPH,A,CCCC(CCC)COC(=O)[C@H](C)NP(=O)(O)OC[C@H]1O[C@@H](n2ccc(N)nc2=O)[C@](C)(O)[C@@H]1O,0.012,mL.min-1.kg-1,hepatocyte_human
3080409,CHEMBL1069985,CHEMBL594717,CL,mL.min-1.kg-1,=,5.1,CHEMBL613690,Homo sapiens,Intrinsic clearance in human hepatocyte at 1 mM,A,Cc1ccc(F)cc1CO[C@H]1CCc2ccc(N3CCNC[C@H]3C)nc21,5.1,mL.min-1.kg-1,hepatocyte_human
3111246,CHEMBL1073767,CHEMBL605846,CL,mL.min-1.kg-1,=,13.0,CHEMBL613690,Homo sapiens,Clearance in human hepatocytes,A,COc1ccc(CC(C)(C)NC[C@H](O)c2cc(O)cc3c2OCC(=O)N3)cc1,13.0,mL.min-1.kg-1,hepatocyte_human
3242271,CHEMBL1112470,CHEMBL1091356,CL,mL.min-1.kg-1,=,0.0083,CHEMBL613690,Homo sapiens,Clearance in human hepatocytes assessed per million cells,A,CC(C)N1CCN(C(=O)c2ccc(NC(=O)Nc3ccc(-c4nc(C5CCOCC5)nc(N5C6CCC5COC6)n4)cc3)cc2)CC1,0.0083,mL.min-1.kg-1,hepatocyte_human
3422977,CHEMBL1227349,CHEMBL1221852,CL,mL.min-1.kg-1,=,0.09,CHEMBL613690,Homo sapiens,Clearance in human hepatocytes,A,CCS(=O)(=O)N1C[C@H](C(=O)Nc2ccc(Cl)cn2)[C@@H](C(=O)Nc2ccc(-n3ccccc3=O)cc2F)C1,0.09,mL.min-1.kg-1,hepatocyte_human
3422978,CHEMBL1227349,CHEMBL1221913,CL,mL.min-1.kg-1,=,1.1,CHEMBL613690,Homo sapiens,Clearance in human hepatocytes,A,O=C(Nc1ccc(Cl)cn1)[C@H]1CN(CC(F)F)C[C@@H]1C(=O)Nc1ccc(-n2ccccc2=O)cc1F,1.1,mL.min-1.kg-1,hepatocyte_human
3422980,CHEMBL1227349,CHEMBL1221916,CL,mL.min-1.kg-1,=,0.2,CHEMBL613690,Homo sapiens,Clearance in human hepatocytes,A,COC(=O)N1C[C@H](C(=O)Nc2ccc(Cl)cn2)[C@@H](C(=O)Nc2ccc(-n3ccccc3=O)cc2F)C1,0.2,mL.min-1.kg-1,hepatocyte_human
5116136,CHEMBL1632827,CHEMBL1632384,CL,mL.min-1.kg-1,=,14.0,CHEMBL613690,Homo sapiens,Clearance in human hepatocytes,A,CC(C)NC[C@H](Cc1ccc(Cl)cc1)C(=O)N1CCN(c2ncnc3c2[C@H](C)SC3)CC1,14.0,mL.min-1.kg-1,hepatocyte_human
5116137,CHEMBL1632827,CHEMBL1632391,CL,mL.min-1.kg-1,=,13.8,CHEMBL613690,Homo sapiens,Clearance in human hepatocytes,A,CC(C)NC[C@H](Cc1ccc(Cl)cc1)C(=O)N1CCN(c2ncnc3c2[C@H](C)OC3)CC1,13.8,mL.min-1.kg-1,hepatocyte_human
5159159,CHEMBL1657038,CHEMBL1649659,CL,mL.min-1.g-1,=,1.2,CHEMBL613690,Homo sapiens,Intrinsic clearance in cryopreserved human hepatocytes assessed per gram of tissue,A,O=C(c1ccc(-n2nc(C(F)(F)F)c3c2CCCC3)cc1)N1CCCC1,0.0012,mL.min-1.kg-1,hepatocyte_human
6172450,CHEMBL1767881,CHEMBL1766811,CL,mL.min-1.kg-1,=,3.14,CHEMBL613690,Homo sapiens,Clearance in human hepatocytes,A,O=C(Nc1ccc(C2CCN(C(=O)[C@H]3CC[C@H](C(=O)O)CC3)CC2)cc1)c1nc(-c2ccccc2)oc1C(F)(F)F,3.14,mL.min-1.kg-1,hepatocyte_human
6343481,CHEMBL1827825,CHEMBL1223751,CL,mL.min-1.g-1,=,300.0,CHEMBL613419,Homo sapiens,Intrinsic clearance in human liver S9 fractions at 1 uM after 60 mins by LC-MS/MS analysis,A,CCOc1ccc(OCC(O)CN(C)Cc2c(C)nn(Cc3ccccc3Cl)c2C)cc1,0.3,mL.min-1.kg-1,hepatocyte_human
6381768,CHEMBL1839228,CHEMBL1836215,CL,mL.min-1.g-1,=,2.0,CHEMBL613690,Homo sapiens,Intrinsic clearance in human hepatocytes,A,Cc1c(-c2noc(-c3ccc(OC(C)C)c(C#N)c3)n2)ccc2c1CCN(C(CO)CO)C2,0.002,mL.min-1.kg-1,hepatocyte_human
7954571,CHEMBL1924486,CHEMBL1766813,CL,mL.min-1.kg-1,=,6.5,CHEMBL613690,Homo sapiens,Clearance in human hepatocytes,A,COCCN(C)c1ccc(NC(=O)c2nc(-c3ccccc3)oc2C(F)(F)F)cn1,6.5,mL.min-1.kg-1,hepatocyte_human
12086828,CHEMBL2169322,CHEMBL1783734,CL,mL.min-1.kg-1,=,2.2,CHEMBL613690,Homo sapiens,Intrinsic clearance in human hepatocytes,A,CS(=O)(=O)c1ccc([C@@H](C[C@H]2CCC(=O)C2)C(=O)Nc2cnccn2)cc1Cl,2.2,mL.min-1.kg-1,hepatocyte_human
12104147,CHEMBL2175665,CHEMBL27,CL,mL.min-1.kg-1,=,13.0,CHEMBL613690,Homo sapiens,Clearance in human hepatocytes in the presence of fetal calf serum,A,CC(C)NCC(O)COc1cccc2ccccc12,13.0,mL.min-1.kg-1,hepatocyte_human
12139800,CHEMBL2188378,CHEMBL2178135,CL,mL.min-1.kg-1,=,4.9,CHEMBL613690,Homo sapiens,Clearance in human hepatocytes,A,COc1cc(C(=O)N2CCOCC2)c(F)cc1Nc1ncc(C(F)(F)F)c(NC2CC2)n1,4.9,mL.min-1.kg-1,hepatocyte_human
12139801,CHEMBL2188378,CHEMBL2178134,CL,mL.min-1.kg-1,=,3.2,CHEMBL613690,Homo sapiens,Clearance in human hepatocytes,A,CCNc1nc(Nc2cc(F)c(C(=O)N3CCOCC3)cc2OC)ncc1C(F)(F)F,3.2,mL.min-1.kg-1,hepatocyte_human
12139802,CHEMBL2188378,CHEMBL2178133,CL,mL.min-1.kg-1,=,3.9,CHEMBL613690,Homo sapiens,Clearance in human hepatocytes,A,CNc1nc(Nc2cc(F)c(C(=O)N3CCOCC3)cc2OC)ncc1C(F)(F)F,3.9,mL.min-1.kg-1,hepatocyte_human
12139803,CHEMBL2188378,CHEMBL2178130,CL,mL.min-1.kg-1,=,4.2,CHEMBL613690,Homo sapiens,Clearance in human hepatocytes,A,CNc1nc(Nc2cc(C)c(C(=O)N3CCOCC3)cc2OC)ncc1C(F)(F)F,4.2,mL.min-1.kg-1,hepatocyte_human
12139804,CHEMBL2188378,CHEMBL2178128,CL,mL.min-1.kg-1,=,5.7,CHEMBL613690,Homo sapiens,Clearance in human hepatocytes,A,[2H]C1([2H])OC([2H])([2H])C([2H])([2H])N(C(=O)c2cc(Cl)c(Nc3ncc(C(F)(F)F)c(NCC)n3)cc2OC)C1([2H])[2H],5.7,mL.min-1.kg-1,hepatocyte_human
12139805,CHEMBL2188378,CHEMBL2178127,CL,mL.min-1.kg-1,=,0.9,CHEMBL613690,Homo sapiens,Clearance in human hepatocytes,A,CCNc1nc(Nc2cc(OC)c(C(=O)N3CCOCC3)cc2Cl)ncc1C(F)(F)F,0.9,mL.min-1.kg-1,hepatocyte_human
12139806,CHEMBL2188378,CHEMBL2178126,CL,mL.min-1.kg-1,=,0.8,CHEMBL613690,Homo sapiens,Clearance in human hepatocytes,A,CNc1nc(Nc2cc(OC)c(C(=O)N3CCOCC3)cc2Cl)ncc1C(F)(F)F,0.8,mL.min-1.kg-1,hepatocyte_human
12139807,CHEMBL2188378,CHEMBL2178125,CL,mL.min-1.kg-1,=,0.8,CHEMBL613690,Homo sapiens,Clearance in human hepatocytes,A,CNc1nc(Nc2cc(OC)c(C(=O)N3CCOCC3)cc2OC)ncc1C(F)(F)F,0.8,mL.min-1.kg-1,hepatocyte_human
12139808,CHEMBL2188378,CHEMBL2178124,CL,mL.min-1.kg-1,=,2.8,CHEMBL613690,Homo sapiens,Clearance in human hepatocytes,A,CNc1nc(Nc2cc(Cl)c(C(=O)N3CCOCC3)cc2OC)ncc1C(F)(F)F,2.8,mL.min-1.kg-1,hepatocyte_human
12139809,CHEMBL2188378,CHEMBL2171745,CL,mL.min-1.kg-1,=,1.8,CHEMBL613690,Homo sapiens,Clearance in human hepatocytes,A,CNc1nc(Nc2ccc(C(=O)N3CCOCC3)cc2OC)ncc1C(F)(F)F,1.8,mL.min-1.kg-1,hepatocyte_human
12139810,CHEMBL2188378,CHEMBL2171746,CL,mL.min-1.kg-1,=,2.1,CHEMBL613690,Homo sapiens,Clearance in human hepatocytes,A,CNc1nc(Nc2ccc(C(=O)N3CCOCC3)cc2OC)ncc1C#N,2.1,mL.min-1.kg-1,hepatocyte_human
12139811,CHEMBL2188378,CHEMBL2178123,CL,mL.min-1.kg-1,=,12.0,CHEMBL613690,Homo sapiens,Clearance in human hepatocytes,A,COc1cc(C(=O)N2CCOCC2)ccc1Nc1ncc(Br)c(OC)n1,12.0,mL.min-1.kg-1,hepatocyte_human
12139812,CHEMBL2188378,CHEMBL2178142,CL,mL.min-1.kg-1,=,1.8,CHEMBL613690,Homo sapiens,Clearance in human hepatocytes,A,COc1cc(C(=O)N2CCOCC2)ccc1Nc1ncc(Cl)c(OC)n1,1.8,mL.min-1.kg-1,hepatocyte_human
12139813,CHEMBL2188378,CHEMBL2170016,CL,mL.min-1.kg-1,=,4.9,CHEMBL613690,Homo sapiens,Clearance in human hepatocytes,A,CNc1nc(Nc2ccc(C(=O)N3CCOCC3)cc2OC)ncc1Cl,4.9,mL.min-1.kg-1,hepatocyte_human
12151706,CHEMBL2188016,CHEMBL2177378,CL,mL.min-1.kg-1,=,3.0,CHEMBL613690,Homo sapiens,Clearance in human hepatocytes,A,C[C@@H]1C[C@@H](O)c2ncnc(N3CCN(C(=O)[C@H](CNC(C)(C)CO)c4ccc(Cl)cc4)CC3)c21,3.0,mL.min-1.kg-1,hepatocyte_human
12151770,CHEMBL2188016,CHEMBL2177379,CL,mL.min-1.kg-1,=,3.0,CHEMBL613690,Homo sapiens,Clearance in human hepatocytes,A,C[C@@H]1C[C@@H](O)c2ncnc(N3CCN(C(=O)[C@@H](c4ccc(Cl)cc4)[C@@H]4CCCN4)CC3)c21,3.0,mL.min-1.kg-1,hepatocyte_human
12151771,CHEMBL2188016,CHEMBL2177385,CL,mL.min-1.kg-1,=,15.0,CHEMBL613690,Homo sapiens,Clearance in human hepatocytes,A,CC(C)NC[C@@H](C(=O)N1CCN(c2ncnc3c2[C@H](C)CC3)CC1)c1ccc(Cl)cc1,15.0,mL.min-1.kg-1,hepatocyte_human
12163712,CHEMBL2185635,CHEMBL2017281,CL,mL.min-1.kg-1,=,2.0,CHEMBL613690,Homo sapiens,Intrinsic clearance in human hepatocytes assessed per mg of protein at 0.5 uM after 30 mins,A,COc1cc2c(Nc3cccc4cccnc34)c(C(N)=O)cnc2cc1-c1c(C)noc1C,2.0,mL.min-1.kg-1,hepatocyte_human
12196696,CHEMBL2214831,CHEMBL2206059,CL,mL.min-1.kg-1,=,7.0,CHEMBL613690,Homo sapiens,Clearance in human hepatocytes,A,CS(=O)(=O)NCc1nc2cnc3[nH]ccc3c2n1[C@@H]1C[C@H]2CC[C@@H]1C2,7.0,mL.min-1.kg-1,hepatocyte_human
12626153,CHEMBL2320368,CHEMBL2057417,CL,mL.min-1.kg-1,=,18.8,CHEMBL613690,Homo sapiens,Clearance in human hepatocytes,A,Cc1nc2sc(C(=O)NCc3ccncc3)c(N)c2c(C)c1Cl,18.8,mL.min-1.kg-1,hepatocyte_human
12626154,CHEMBL2320368,CHEMBL2313377,CL,mL.min-1.kg-1,=,13.9,CHEMBL613690,Homo sapiens,Clearance in human hepatocytes,A,Cc1nc2sc(C(=O)NC3CC3)c(N)c2c(C)c1Cl,13.9,mL.min-1.kg-1,hepatocyte_human
12661369,CHEMBL2328079,CHEMBL2322494,CL,mL.min-1.g-1,=,60.6,CHEMBL613690,Homo sapiens,Intrinsic clearance in human hepatocytes at 50 uM by LCMS/MS analysis,A,O=S(=O)(Nc1cccc(CO)c1)c1ccc(-c2ccc(Cl)cc2Cl)cc1,0.0606,mL.min-1.kg-1,hepatocyte_human
13313854,CHEMBL2388227,CHEMBL2387080,CL,mL.min-1.kg-1,=,3.2,CHEMBL613690,Homo sapiens,Clearance in human hepatocytes,A,Cc1nc(-c2cn3c(n2)-c2ccc(-c4cnn(C(C)(C)C(N)=O)c4)cc2OCC3)n(C(C)C)n1,3.2,mL.min-1.kg-1,hepatocyte_human
13330731,CHEMBL2390543,CHEMBL2386636,CL,mL.min-1.kg-1,=,5.7,CHEMBL613690,Homo sapiens,Hepatic clearance in human hepatocytes after 1 to 4 hrs by LC/MS/MS analysis,A,C[C@@H](O)c1nc2cnc3[nH]ccc3c2n1[C@H]1CC[C@H](CCC#N)CC1,5.7,mL.min-1.kg-1,hepatocyte_human
13330732,CHEMBL2390543,CHEMBL2386635,CL,mL.min-1.kg-1,=,6.8,CHEMBL613690,Homo sapiens,Hepatic clearance in human hepatocytes after 1 to 4 hrs by LC/MS/MS analysis,A,C[C@@H](O)c1nc2cnc3[nH]ccc3c2n1[C@H]1CC[C@H](CC#N)CC1,6.8,mL.min-1.kg-1,hepatocyte_human
13330733,CHEMBL2390543,CHEMBL2386634,CL,mL.min-1.kg-1,=,5.6,CHEMBL613690,Homo sapiens,Hepatic clearance in human hepatocytes after 1 to 4 hrs by LC/MS/MS analysis,A,C[C@@H](O)c1nc2cnc3[nH]ccc3c2n1[C@H]1CC[C@@H](C#N)CC1,5.6,mL.min-1.kg-1,hepatocyte_human
13330734,CHEMBL2390543,CHEMBL2386633,CL,mL.min-1.kg-1,=,1.7,CHEMBL613690,Homo sapiens,Hepatic clearance in human hepatocytes after 1 to 4 hrs by LC/MS/MS analysis,A,C[C@@H](O)c1nc2cnc3[nH]ccc3c2n1[C@H]1CC[C@H](C#N)CC1,1.7,mL.min-1.kg-1,hepatocyte_human
13330735,CHEMBL2390543,CHEMBL2386632,CL,mL.min-1.kg-1,=,3.5,CHEMBL613690,Homo sapiens,Hepatic clearance in human hepatocytes after 1 to 4 hrs by LC/MS/MS analysis,A,C[C@@H](O)c1nc2cnc3[nH]ccc3c2n1[C@H]1CC[C@H](NCC(F)(F)F)C1,3.5,mL.min-1.kg-1,hepatocyte_human
13330736,CHEMBL2390543,CHEMBL2385096,CL,mL.min-1.kg-1,=,3.6,CHEMBL613690,Homo sapiens,Hepatic clearance in human hepatocytes after 1 to 4 hrs by LC/MS/MS analysis,A,C[C@@H](O)c1nc2cnc3[nH]ccc3c2n1[C@H]1CC[C@@H](NCC(F)(F)F)C1,3.6,mL.min-1.kg-1,hepatocyte_human
13330737,CHEMBL2390543,CHEMBL2386631,CL,mL.min-1.kg-1,=,16.0,CHEMBL613690,Homo sapiens,Hepatic clearance in human hepatocytes after 1 to 4 hrs by LC/MS/MS analysis,A,C[C@@H](O)c1nc2cnc3[nH]ccc3c2n1[C@H]1CC[C@@H](NCC(F)(F)F)CC1,16.0,mL.min-1.kg-1,hepatocyte_human
13330738,CHEMBL2390543,CHEMBL2386630,CL,mL.min-1.kg-1,=,1.1,CHEMBL613690,Homo sapiens,Hepatic clearance in human hepatocytes after 1 to 4 hrs by LC/MS/MS analysis,A,C[C@@H](O)c1nc2cnc3[nH]ccc3c2n1[C@H]1CC[C@H](NCC(F)F)CC1,1.1,mL.min-1.kg-1,hepatocyte_human
13330739,CHEMBL2390543,CHEMBL2386629,CL,mL.min-1.kg-1,=,2.0,CHEMBL613690,Homo sapiens,Hepatic clearance in human hepatocytes after 1 to 4 hrs by LC/MS/MS analysis,A,C[C@@H](O)c1nc2cnc3[nH]ccc3c2n1[C@H]1CC[C@H](NCC(F)(F)F)CC1,2.0,mL.min-1.kg-1,hepatocyte_human
13330740,CHEMBL2390543,CHEMBL2386628,CL,mL.min-1.kg-1,=,5.9,CHEMBL613690,Homo sapiens,Hepatic clearance in human hepatocytes after 1 to 4 hrs by LC/MS/MS analysis,A,CO[C@H]1CC[C@H](n2c([C@@H](C)O)nc3cnc4[nH]ccc4c32)CC1,5.9,mL.min-1.kg-1,hepatocyte_human
13330741,CHEMBL2390543,CHEMBL2386627,CL,mL.min-1.kg-1,=,6.0,CHEMBL613690,Homo sapiens,Hepatic clearance in human hepatocytes after 1 to 4 hrs by LC/MS/MS analysis,A,C[C@@H](O)c1nc2cnc3[nH]ccc3c2n1[C@@H]1CCC[C@@H](O)C1,6.0,mL.min-1.kg-1,hepatocyte_human
13330742,CHEMBL2390543,CHEMBL2386653,CL,mL.min-1.kg-1,=,1.9,CHEMBL613690,Homo sapiens,Hepatic clearance in human hepatocytes after 1 to 4 hrs by LC/MS/MS analysis,A,C[C@@H](O)c1nc2cnc3[nH]ccc3c2n1[C@H]1CCCOC1,1.9,mL.min-1.kg-1,hepatocyte_human
13330743,CHEMBL2390543,CHEMBL2386648,CL,mL.min-1.kg-1,=,3.7,CHEMBL613690,Homo sapiens,Hepatic clearance in human hepatocytes after 1 to 4 hrs by LC/MS/MS analysis,A,CCN1CCC(n2c([C@@H](C)O)nc3cnc4[nH]ccc4c32)C(F)(F)C1,3.7,mL.min-1.kg-1,hepatocyte_human
13330744,CHEMBL2390543,CHEMBL2386647,CL,mL.min-1.kg-1,=,6.8,CHEMBL613690,Homo sapiens,Hepatic clearance in human hepatocytes after 1 to 4 hrs by LC/MS/MS analysis,A,C[C@@H](O)c1nc2cnc3[nH]ccc3c2n1C1CCN(CCC#N)CC1,6.8,mL.min-1.kg-1,hepatocyte_human
13330745,CHEMBL2390543,CHEMBL2386646,CL,mL.min-1.kg-1,=,8.5,CHEMBL613690,Homo sapiens,Hepatic clearance in human hepatocytes after 1 to 4 hrs by LC/MS/MS analysis,A,C[C@@H](O)c1nc2cnc3[nH]ccc3c2n1C1CCN(CC(F)(F)F)CC1,8.5,mL.min-1.kg-1,hepatocyte_human
13330746,CHEMBL2390543,CHEMBL2386645,CL,mL.min-1.kg-1,=,6.8,CHEMBL613690,Homo sapiens,Hepatic clearance in human hepatocytes after 1 to 4 hrs by LC/MS/MS analysis,A,OC[C@@H](O)c1nc2cnc3[nH]ccc3c2n1C1CCCCC1,6.8,mL.min-1.kg-1,hepatocyte_human
13330747,CHEMBL2390543,CHEMBL2386643,CL,mL.min-1.kg-1,=,12.0,CHEMBL613690,Homo sapiens,Hepatic clearance in human hepatocytes after 1 to 4 hrs by LC/MS/MS analysis,A,CC[C@@H](O)c1nc2cnc3[nH]ccc3c2n1C1CCCCC1,12.0,mL.min-1.kg-1,hepatocyte_human
13330748,CHEMBL2390543,CHEMBL2386641,CL,mL.min-1.kg-1,=,1.7,CHEMBL613690,Homo sapiens,Hepatic clearance in human hepatocytes after 1 to 4 hrs by LC/MS/MS analysis,A,CC(C)(O)c1nc2cnc3[nH]ccc3c2n1C1CCCCC1,1.7,mL.min-1.kg-1,hepatocyte_human
13330749,CHEMBL2390543,CHEMBL2386640,CL,mL.min-1.kg-1,=,11.0,CHEMBL613690,Homo sapiens,Hepatic clearance in human hepatocytes after 1 to 4 hrs by LC/MS/MS analysis,A,C[C@@H](O)c1nc2cnc3[nH]ccc3c2n1C1CCCCC1,11.0,mL.min-1.kg-1,hepatocyte_human
13330750,CHEMBL2390543,CHEMBL2386638,CL,mL.min-1.kg-1,=,17.0,CHEMBL613690,Homo sapiens,Hepatic clearance in human hepatocytes after 1 to 4 hrs by LC/MS/MS analysis,A,OCCc1nc2cnc3[nH]ccc3c2n1C1CCCCC1,17.0,mL.min-1.kg-1,hepatocyte_human
13330751,CHEMBL2390543,CHEMBL2386637,CL,mL.min-1.kg-1,=,19.0,CHEMBL613690,Homo sapiens,Hepatic clearance in human hepatocytes after 1 to 4 hrs by LC/MS/MS analysis,A,OCc1nc2cnc3[nH]ccc3c2n1C1CCCCC1,19.0,mL.min-1.kg-1,hepatocyte_human
13378312,CHEMBL2405373,CHEMBL2403317,CL,mL.min-1.kg-1,=,2.2,CHEMBL613690,Homo sapiens,Clearance in human hepatocytes,A,COc1ccnc(Oc2ccc3c(c2)c(=O)ncn3Cc2c(F)cc(F)cc2F)c1C(F)(F)F,2.2,mL.min-1.kg-1,hepatocyte_human
13407725,CHEMBL2415121,CHEMBL2414533,CL,mL.min-1.kg-1,=,0.2,CHEMBL613690,Homo sapiens,Clearance in human hepatocytes,A,COc1ccc(-c2cccn3nc(Nc4ccc(C(=O)O)cc4)nc23)cc1,0.2,mL.min-1.kg-1,hepatocyte_human
13428677,CHEMBL2423675,CHEMBL2420634,CL,mL.min-1.kg-1,=,6.0,CHEMBL612558,,Intrinsic clearance in human hepatocytes at 1 uM after 10 mins by LC-MS/MS analysis,A,O=C(NCc1ccc(S(=O)(=O)c2ccc(N3CCOCC3)nc2)cc1)c1cnc2nccn2c1,6.0,mL.min-1.kg-1,hepatocyte_human
13428678,CHEMBL2423675,CHEMBL2420632,CL,mL.min-1.kg-1,=,6.0,CHEMBL612558,,Intrinsic clearance in human hepatocytes at 1 uM after 10 mins by LC-MS/MS analysis,A,O=C(NCc1ccc(S(=O)(=O)c2cc(F)cc(F)c2)cc1)c1cnc2nccn2c1,6.0,mL.min-1.kg-1,hepatocyte_human
13428679,CHEMBL2423675,CHEMBL2420631,CL,mL.min-1.kg-1,=,10.0,CHEMBL612558,,Intrinsic clearance in human hepatocytes at 1 uM after 10 mins by LC-MS/MS analysis,A,O=C(NCc1ccc(S(=O)(=O)c2ccc(N3CCOCC3)nc2)cc1)c1ccc2nccn2c1,10.0,mL.min-1.kg-1,hepatocyte_human
13428680,CHEMBL2423675,CHEMBL2420629,CL,mL.min-1.kg-1,=,10.0,CHEMBL612558,,Intrinsic clearance in human hepatocytes at 1 uM after 10 mins by LC-MS/MS analysis,A,O=C(NCc1ccc(S(=O)(=O)c2cc(F)cc(F)c2)cc1)c1ccc2nccn2c1,10.0,mL.min-1.kg-1,hepatocyte_human
13428681,CHEMBL2423675,CHEMBL2420627,CL,mL.min-1.kg-1,=,14.0,CHEMBL612558,,Intrinsic clearance in human hepatocytes at 1 uM after 10 mins by LC-MS/MS analysis,A,O=C(NCc1ccc(S(=O)(=O)c2cccc(C(F)(F)F)c2)cc1)c1cc2ccncc2s1,14.0,mL.min-1.kg-1,hepatocyte_human
13428682,CHEMBL2423675,CHEMBL2420626,CL,mL.min-1.kg-1,=,16.0,CHEMBL612558,,Intrinsic clearance in human hepatocytes at 1 uM after 10 mins by LC-MS/MS analysis,A,O=C(NCc1ccc(S(=O)(=O)c2cc(F)cc(F)c2)cc1)c1cc2ccncc2s1,16.0,mL.min-1.kg-1,hepatocyte_human
13428683,CHEMBL2423675,CHEMBL2420625,CL,mL.min-1.kg-1,=,14.0,CHEMBL612558,,Intrinsic clearance in human hepatocytes at 1 uM after 10 mins by LC-MS/MS analysis,A,O=C(NCc1ccc(S(=O)(=O)c2ccc(N3CCOCC3)nc2)cc1)c1cc2ccncc2o1,14.0,mL.min-1.kg-1,hepatocyte_human
13428684,CHEMBL2423675,CHEMBL2420624,CL,mL.min-1.kg-1,=,10.0,CHEMBL612558,,Intrinsic clearance in human hepatocytes at 1 uM after 10 mins by LC-MS/MS analysis,A,O=C(NCc1ccc(S(=O)(=O)c2cccc(C(F)(F)F)c2)cc1)c1cc2ccncc2o1,10.0,mL.min-1.kg-1,hepatocyte_human
13428685,CHEMBL2423675,CHEMBL2420622,CL,mL.min-1.kg-1,=,13.0,CHEMBL612558,,Intrinsic clearance in human hepatocytes at 1 uM after 10 mins by LC-MS/MS analysis,A,O=C(NCc1ccc(S(=O)(=O)c2ccc(N3CCOCC3)nc2)cc1)c1cc2cnccc2[nH]1,13.0,mL.min-1.kg-1,hepatocyte_human
13428686,CHEMBL2423675,CHEMBL2420620,CL,mL.min-1.kg-1,=,7.0,CHEMBL612558,,Intrinsic clearance in human hepatocytes at 1 uM after 10 mins by LC-MS/MS analysis,A,O=C(NCc1ccc(S(=O)(=O)c2cc(F)cc(F)c2)cc1)c1cc2cnccc2[nH]1,7.0,mL.min-1.kg-1,hepatocyte_human
13428687,CHEMBL2423675,CHEMBL2420649,CL,mL.min-1.kg-1,=,10.0,CHEMBL612558,,Intrinsic clearance in human hepatocytes at 1 uM after 10 mins by LC-MS/MS analysis,A,O=C(NCc1ccc(S(=O)(=O)c2cccc(C(F)(F)F)c2)cc1)c1cc2cnccc2[nH]1,10.0,mL.min-1.kg-1,hepatocyte_human
13428688,CHEMBL2423675,CHEMBL566757,CL,mL.min-1.kg-1,=,15.0,CHEMBL612558,,Intrinsic clearance in human hepatocytes at 1 uM after 10 mins by LC-MS/MS analysis,A,O=C(/C=C/c1cccnc1)NCCCCC1CCN(C(=O)c2ccccc2)CC1,15.0,mL.min-1.kg-1,hepatocyte_human
13428689,CHEMBL2423675,CHEMBL17289,CL,mL.min-1.kg-1,=,7.0,CHEMBL612558,,Intrinsic clearance in human hepatocytes at 1 uM after 10 mins by LC-MS/MS analysis,A,N#CN=C(NCCCCCCOc1ccc(Cl)cc1)Nc1ccncc1,7.0,mL.min-1.kg-1,hepatocyte_human
13431982,CHEMBL2421800,CHEMBL2387224,CL,mL.min-1.kg-1,=,7.0,CHEMBL613690,Homo sapiens,Clearance in human hepatocytes at 1 uM measured up to 3 hrs by LC/MS/MS analysis,A,O=C(Nc1ccnc(NC(=O)C2CC2)c1)c1c(Cl)cccc1Cl,7.0,mL.min-1.kg-1,hepatocyte_human
13475243,CHEMBL2438570,CHEMBL2436945,CL,mL.min-1.kg-1,=,2.8,CHEMBL613690,Homo sapiens,Clearance in human hepatocytes,A,CCc1nc(N[C@@H]2CCC[C@@H]2C#N)c2cc[nH]c(=O)c2n1,2.8,mL.min-1.kg-1,hepatocyte_human
13492656,CHEMBL2447387,CHEMBL1257967,CL,mL.min-1.kg-1,=,1.1,CHEMBL612558,,Intrinsic clearance in human liver S9 fraction at 10 uM after 24 hrs by LC-MS analysis in presence of UDPGA,A,CC1=C2Cc3cc(ccc3O)C(=O)O[C@H](C(C)(C)Br)CC[C@](C)(O)[C@H](Br)CC[C@]2(C)[C@@H](Br)CC1,1.1,mL.min-1.kg-1,hepatocyte_human
13492659,CHEMBL2447390,CHEMBL1257967,CL,mL.min-1.kg-1,=,0.52,CHEMBL613419,Homo sapiens,Apparent intrinsic clearance in human liver S9 fraction at 10 uM after 24 hrs by LC-MS analysis,A,CC1=C2Cc3cc(ccc3O)C(=O)O[C@H](C(C)(C)Br)CC[C@](C)(O)[C@H](Br)CC[C@]2(C)[C@@H](Br)CC1,0.52,mL.min-1.kg-1,hepatocyte_human
13513184,CHEMBL2445674,CHEMBL2311740,CL,mL.min-1.kg-1,=,20.0,CHEMBL613690,Homo sapiens,Intrinsic clearance in human hepatocytes,A,CC(C)(C)NC(=O)[C@@H](c1cccnc1)N(C(=O)c1ccco1)c1ccc(C(C)(C)C)cc1,20.0,mL.min-1.kg-1,hepatocyte_human
13513185,CHEMBL2445674,CHEMBL2442081,CL,mL.min-1.kg-1,=,20.0,CHEMBL613690,Homo sapiens,Intrinsic clearance in human hepatocytes,A,O=C(Nc1ccc(N(Cc2ccsc2)C(=O)Cn2nnc3ccccc32)cc1)C1CC1,20.0,mL.min-1.kg-1,hepatocyte_human
13829881,CHEMBL3088389,CHEMBL3086536,CL,mL.min-1.kg-1,=,8.6,CHEMBL613690,Homo sapiens,Clearance in human hepatocytes,A,CN(C)Cc1ccc([C@H]2C[C@@H]2C(=O)Nc2nc3ccc(-c4cn[nH]c4)cc3s2)cc1,8.6,mL.min-1.kg-1,hepatocyte_human
13929225,CHEMBL3124213,CHEMBL3122117,CL,mL.min-1.kg-1,=,1.0,CHEMBL613690,Homo sapiens,Clearance in human hepatocytes at 1 uM by LC-MS/MS analysis,A,CNc1nc(Nc2cnn([C@H]3CCN(C4COC4)C[C@@H]3F)c2Cl)ncc1C(F)(F)F,1.0,mL.min-1.kg-1,hepatocyte_human
13929226,CHEMBL3124213,CHEMBL3122116,CL,mL.min-1.kg-1,=,1.0,CHEMBL613690,Homo sapiens,Clearance in human hepatocytes at 1 uM by LC-MS/MS analysis,A,CNc1nc(Nc2cn([C@H]3CCN(C4COC4)C[C@H]3F)nc2C)ncc1C(F)(F)F,1.0,mL.min-1.kg-1,hepatocyte_human
13929227,CHEMBL3124213,CHEMBL3122122,CL,mL.min-1.kg-1,=,3.0,CHEMBL613690,Homo sapiens,Clearance in human hepatocytes at 1 uM by LC-MS/MS analysis,A,CNc1nc(Nc2cnn(C3CCN(C4COC4)CC3)c2C)ncc1C(F)(F)F,3.0,mL.min-1.kg-1,hepatocyte_human
13929228,CHEMBL3124213,CHEMBL3122121,CL,mL.min-1.kg-1,=,5.0,CHEMBL613690,Homo sapiens,Clearance in human hepatocytes at 1 uM by LC-MS/MS analysis,A,CNc1nc(Nc2cnn(C3CCOCC3)c2C)ncc1C(F)(F)F,5.0,mL.min-1.kg-1,hepatocyte_human
13929229,CHEMBL3124213,CHEMBL3122120,CL,mL.min-1.kg-1,=,2.0,CHEMBL613690,Homo sapiens,Clearance in human hepatocytes at 1 uM by LC-MS/MS analysis,A,CNc1nc(Nc2cnn(C3COC3)c2C)ncc1C(F)(F)F,2.0,mL.min-1.kg-1,hepatocyte_human
13929230,CHEMBL3124213,CHEMBL3122119,CL,mL.min-1.kg-1,=,5.0,CHEMBL613690,Homo sapiens,Clearance in human hepatocytes at 1 uM by LC-MS/MS analysis,A,CCNc1nc(Nc2cc(C(C)(C)C#N)nn2C)ncc1C(F)(F)F,5.0,mL.min-1.kg-1,hepatocyte_human
13929231,CHEMBL3124213,CHEMBL3122118,CL,mL.min-1.kg-1,=,9.0,CHEMBL613690,Homo sapiens,Clearance in human hepatocytes at 1 uM by LC-MS/MS analysis,A,CNc1nc(Nc2cnn(C3(C#N)CC3)c2Cl)ncc1C(F)(F)F,9.0,mL.min-1.kg-1,hepatocyte_human
13929232,CHEMBL3124213,CHEMBL3122115,CL,mL.min-1.kg-1,=,5.0,CHEMBL613690,Homo sapiens,Clearance in human hepatocytes at 1 uM by LC-MS/MS analysis,A,CNc1nc(Nc2cn(C3(C#N)CC3)nc2C)ncc1C(F)(F)F,5.0,mL.min-1.kg-1,hepatocyte_human
13929233,CHEMBL3124213,CHEMBL3122114,CL,mL.min-1.kg-1,=,4.0,CHEMBL613690,Homo sapiens,Clearance in human hepatocytes at 1 uM by LC-MS/MS analysis,A,CNc1nc(Nc2cnn(C(C)(C)C#N)c2C)ncc1C(F)(F)F,4.0,mL.min-1.kg-1,hepatocyte_human
13929234,CHEMBL3124213,CHEMBL3122113,CL,mL.min-1.kg-1,=,3.0,CHEMBL613690,Homo sapiens,Clearance in human hepatocytes at 1 uM by LC-MS/MS analysis,A,CNc1nc(Nc2cn(C(C)(C)C#N)nc2C)ncc1C(F)(F)F,3.0,mL.min-1.kg-1,hepatocyte_human
13929235,CHEMBL3124213,CHEMBL3122108,CL,mL.min-1.kg-1,=,3.0,CHEMBL613690,Homo sapiens,Clearance in human hepatocytes at 1 uM by LC-MS/MS analysis,A,CNc1nc(Nc2cnn3c2C(C)OCC3)ncc1C(F)(F)F,3.0,mL.min-1.kg-1,hepatocyte_human
13929236,CHEMBL3124213,CHEMBL3122107,CL,mL.min-1.kg-1,=,8.0,CHEMBL613690,Homo sapiens,Clearance in human hepatocytes at 1 uM by LC-MS/MS analysis,A,CNc1nc(Nc2cnn3c2C(C)O[C@@H](C)C3)ncc1C(F)(F)F,8.0,mL.min-1.kg-1,hepatocyte_human
13929237,CHEMBL3124213,CHEMBL3122105,CL,mL.min-1.kg-1,=,12.0,CHEMBL613690,Homo sapiens,Clearance in human hepatocytes at 1 uM by LC-MS/MS analysis,A,CNc1nc(Nc2cnn3c2COC(C)(C)C3)ncc1C(F)(F)F,12.0,mL.min-1.kg-1,hepatocyte_human
13946361,CHEMBL3129882,CHEMBL3125648,CL,mL.min-1.kg-1,=,18.0,CHEMBL613690,Homo sapiens,Clearance in human hepatocytes at 0.5 uM after 120 mins by LC/MS/MS analysis,A,O=C(c1nn2c(C(F)(F)F)cc(C3CC3)cc2c1Cl)N1CCN([C@@H]2C[C@H]3C[C@H]3C2)C(=O)C1,18.0,mL.min-1.kg-1,hepatocyte_human
13948742,CHEMBL3131772,CHEMBL3125272,CL,mL.min-1.kg-1,=,19.0,CHEMBL613690,Homo sapiens,Intrinsic clearance in human hepatocytes at 1 uM,A,CCNC(=O)[C@@H]1C[C@@H](NC(=O)c2cc(CC)nn2C)CN1C(=O)c1coc2ccccc12,19.0,mL.min-1.kg-1,hepatocyte_human
13963134,CHEMBL3130197,CHEMBL3127898,CL,mL.min-1.kg-1,=,90.5,CHEMBL613690,Homo sapiens,Apparent intrinsic clearance in human hepatocytes,A,Cc1cn(-c2ccc3c(c2O)CCN(Cc2cccc(C(F)(F)F)c2)C3=O)cn1,90.5,mL.min-1.kg-1,hepatocyte_human
14656516,CHEMBL3266988,CHEMBL3260771,CL,mL.min-1.kg-1,=,6.5,CHEMBL613690,Homo sapiens,Intrinsic clearance in human hepatocytes,A,COc1ccc(-c2ccc(OCc3cc(C(=O)[N-]S(=O)(=O)c4ccccc4C)oc3C)cc2)nc1.[Na+],6.5,mL.min-1.kg-1,hepatocyte_human
14742151,CHEMBL3293948,CHEMBL3287878,CL,mL.min-1.kg-1,=,19.0,CHEMBL613690,Homo sapiens,Clearance in human liver hepatocytes measured per million cells,A,O=C(O)C[C@H]1CC[C@H](c2ccc(-c3ccc4c(c3)OCCN4C(=O)Nc3ccc(F)cc3C(F)(F)F)cc2)CC1,19.0,mL.min-1.kg-1,hepatocyte_human
14751927,CHEMBL3300826,CHEMBL3297762,CL,mL.min-1.kg-1,=,5.9,CHEMBL613690,Homo sapiens,Clearance in human hepatocytes,A,CN1CCN(C[C@@H](NC(=O)C[C@H]2CNC(=O)c3cc(-c4cccc(Cl)c4)cn32)C2CCCCC2)CC1,5.9,mL.min-1.kg-1,hepatocyte_human
14971483,CHEMBL3380870,CHEMBL3353292,CL,mL.min-1.kg-1,=,16.3,CHEMBL613690,Homo sapiens,Intrinsic clearance in human hepatocytes,A,[2H]C([2H])([2H])Oc1ccc([C@@]23c4ccccc4C(=O)N2CCN3C(=O)c2cc(F)c(F)c(F)c2)cc1C,16.3,mL.min-1.kg-1,hepatocyte_human
14971484,CHEMBL3380870,CHEMBL3353290,CL,mL.min-1.kg-1,=,19.8,CHEMBL613690,Homo sapiens,Intrinsic clearance in human hepatocytes,A,COc1ccc([C@@]23c4ccccc4C(=O)N2CCN3C(=O)c2cc(F)c(F)c(F)c2)cc1C,19.8,mL.min-1.kg-1,hepatocyte_human
14998279,CHEMBL3364025,CHEMBL3310320,CL,mL.min-1.kg-1,=,5.1,CHEMBL613690,Homo sapiens,Clearance in human hepatocytes,A,COc1cc(OCCO)ccc1NC(=O)[C@@H]1N[C@@H](CC(C)(C)C)[C@@]2(C(=O)Nc3cc(Cl)ccc32)[C@H]1c1cccc(Cl)c1F,5.1,mL.min-1.kg-1,hepatocyte_human
15005888,CHEMBL3380561,CHEMBL3298371,CL,mL.min-1.kg-1,=,5.0,CHEMBL613690,Homo sapiens,Clearance in human hepatocytes,A,CN(C)CC[C@@H](c1ccccc1)n1cc(NC(=O)c2n[nH]c3c2CCC(C)(C)C3)cn1,5.0,mL.min-1.kg-1,hepatocyte_human
15005889,CHEMBL3380561,CHEMBL3263053,CL,mL.min-1.kg-1,=,5.1,CHEMBL613690,Homo sapiens,Clearance in human hepatocytes,A,CN(C)CC[C@@H](c1ccccc1)n1cc(NC(=O)c2n[nH]c3cc(-c4cn[nH]c4)ccc23)cn1,5.1,mL.min-1.kg-1,hepatocyte_human
15062556,CHEMBL3370282,CHEMBL3310126,CL,mL.min-1.g-1,=,81800.0,CHEMBL613419,Homo sapiens,Intrinsic clearance in human liver S9 fraction,A,Fc1ccc(-c2n[nH]c(CCCc3ccccc3)c2-c2ccncc2)cc1,81.8,mL.min-1.kg-1,hepatocyte_human
15062557,CHEMBL3370282,CHEMBL3310128,CL,mL.min-1.g-1,=,40600.0,CHEMBL613419,Homo sapiens,Intrinsic clearance in human liver S9 fraction,A,O=C(Cc1ccccc1)Nc1[nH]nc(-c2ccc(F)cc2)c1-c1ccncc1,40.6,mL.min-1.kg-1,hepatocyte_human
15062558,CHEMBL3370282,CHEMBL3310130,CL,mL.min-1.g-1,=,68100.0,CHEMBL613419,Homo sapiens,Intrinsic clearance in human liver S9 fraction,A,Cn1nc(NC(=O)Cc2ccccc2)c(-c2ccncc2)c1-c1ccc(F)cc1,68.1,mL.min-1.kg-1,hepatocyte_human
15062559,CHEMBL3370282,CHEMBL3310133,CL,mL.min-1.g-1,=,31600.0,CHEMBL613419,Homo sapiens,Intrinsic clearance in human liver S9 fraction,A,CC(=O)Nc1onc(-c2ccc(F)cc2)c1-c1ccncc1,31.6,mL.min-1.kg-1,hepatocyte_human
15062560,CHEMBL3370282,CHEMBL3310134,CL,mL.min-1.g-1,=,371000.0,CHEMBL613419,Homo sapiens,Intrinsic clearance in human liver S9 fraction,A,O=C(Nc1onc(Nc2ccc(F)cc2)c1-c1ccncc1)c1ccccc1,371.0,mL.min-1.kg-1,hepatocyte_human
15062561,CHEMBL3370282,CHEMBL3310135,CL,mL.min-1.g-1,=,91000.0,CHEMBL613419,Homo sapiens,Intrinsic clearance in human liver S9 fraction,A,O=C(Cc1ccccc1)Nc1onc(-c2ccc(F)cc2)c1-c1ccncc1,91.0,mL.min-1.kg-1,hepatocyte_human
15062562,CHEMBL3370282,CHEMBL3310136,CL,mL.min-1.g-1,=,455000.0,CHEMBL613419,Homo sapiens,Intrinsic clearance in human liver S9 fraction,A,O=C(CCc1ccccc1)Nc1onc(-c2ccc(F)cc2)c1-c1ccncc1,455.0,mL.min-1.kg-1,hepatocyte_human
15062563,CHEMBL3370282,CHEMBL3310137,CL,mL.min-1.g-1,=,272000.0,CHEMBL613419,Homo sapiens,Intrinsic clearance in human liver S9 fraction,A,O=C(CCCc1ccccc1)Nc1onc(-c2ccc(F)cc2)c1-c1ccncc1,272.0,mL.min-1.kg-1,hepatocyte_human
15065114,CHEMBL3390356,CHEMBL3359827,CL,mL.min-1.g-1,=,21.0,CHEMBL613690,Homo sapiens,Apparent intrinsic clearance in human liver hepatocytes at 1 uM,A,CC[C@H](C)[C@@H]([C@@H](CC(=O)N1CCC[C@H]1[C@H](OC)[C@@H](C)C(=O)N[C@@H](Cc1ccccc1)c1nccs1)OC)N(C)C(=O)[C@@H](NC(=O)C(C)(C)N)C(C)C,0.021,mL.min-1.kg-1,hepatocyte_human
15065115,CHEMBL3390356,CHEMBL3359823,CL,mL.min-1.g-1,=,1.0,CHEMBL613690,Homo sapiens,Apparent intrinsic clearance in human liver hepatocytes at 1 uM,A,CC[C@H](C)[C@@H]([C@@H](CC(=O)N1CCC[C@H]1[C@H](OC)[C@@H](C)C(=O)N[C@@H](Cc1ccccc1)c1nccs1)OC)N(C)C(=O)[C@@H](NC(=O)[C@@H](NC)C(C)C)C(C)C,0.001,mL.min-1.kg-1,hepatocyte_human
15065116,CHEMBL3390356,CHEMBL2103835,CL,mL.min-1.g-1,=,3.0,CHEMBL613690,Homo sapiens,Apparent intrinsic clearance in human liver hepatocytes at 1 uM,A,CC[C@H](C)[C@@H]([C@@H](CC(=O)N1CCC[C@H]1[C@H](OC)[C@@H](C)C(=O)N[C@H](C)[C@@H](O)c1ccccc1)OC)N(C)C(=O)[C@@H](NC(=O)[C@@H](NC)C(C)C)C(C)C,0.003,mL.min-1.kg-1,hepatocyte_human
15166770,CHEMBL3406096,CHEMBL2057915,CL,mL.min-1.kg-1,=,19.0,CHEMBL613690,Homo sapiens,Clearance in human hepatocytes after 20 to 60 mins by LC-MS/MS analysis,A,Cc1c(NC(=O)c2cc3c(s2)CCCC3)cccc1-c1cn(C)c(=O)c(Nc2ccc([C@@H]3C(=O)N(C)CCN3C)cc2)n1,19.0,mL.min-1.kg-1,hepatocyte_human
15254706,CHEMBL3428432,CHEMBL3426305,CL,mL.min-1.kg-1,=,13.0,CHEMBL613690,Homo sapiens,Clearance in human hepatocytes,A,CC1(C)CCc2c(C(=O)Nc3cnn([C@H](c4ccccc4)C4CC[S+]([O-])CC4)c3)n[nH]c2C1,13.0,mL.min-1.kg-1,hepatocyte_human
15254707,CHEMBL3428432,CHEMBL3426308,CL,mL.min-1.kg-1,=,13.0,CHEMBL613690,Homo sapiens,Clearance in human hepatocytes,A,C[C@@]12Cc3[nH]nc(C(=O)Nc4cnn([C@H](c5ccccc5)C5CCS(=O)(=O)CC5)c4)c3C[C@@H]1C2,13.0,mL.min-1.kg-1,hepatocyte_human
15254708,CHEMBL3428432,CHEMBL3426309,CL,mL.min-1.kg-1,=,5.6,CHEMBL613690,Homo sapiens,Clearance in human hepatocytes,A,C[C@@]12Cc3[nH]nc(C(=O)Nc4cnn([C@H](c5ccccc5)[C@H]5CCCCS5(=O)=O)c4)c3C[C@@H]1C2(F)F,5.6,mL.min-1.kg-1,hepatocyte_human
15445525,CHEMBL3536772,CHEMBL1272,CL,mL.min-1.g-1,=,1.8,CHEMBL612558,,Unbound intrinsic clearance in human hepatic S9 fraction assessed as glucuronide formation measured per mg of protein at 0.5 to 150 uM by LC-MS/MS method,A,CCOc1cc(CC(=O)N[C@@H](CC(C)C)c2ccccc2N2CCCCC2)ccc1C(=O)O,0.0018,mL.min-1.kg-1,hepatocyte_human
15455399,CHEMBL3541915,CHEMBL77131,CL,mL.min-1.kg-1,=,17.0,CHEMBL613690,Homo sapiens,Clearance in cryopreserved human hepatocytes at 1 uM up to 120 mins by LC/MS/MS analysis,A,CCNC(=O)OC1CCN(c2nncc3cc(OC)c(OC)cc23)CC1,17.0,mL.min-1.kg-1,hepatocyte_human
15455400,CHEMBL3541915,CHEMBL407874,CL,mL.min-1.kg-1,=,12.0,CHEMBL613690,Homo sapiens,Clearance in cryopreserved human hepatocytes at 1 uM up to 120 mins by LC/MS/MS analysis,A,Nc1nc(OCc2ccccc2)c2nc[nH]c2n1,12.0,mL.min-1.kg-1,hepatocyte_human
15455403,CHEMBL3541915,CHEMBL258940,CL,mL.min-1.kg-1,=,18.0,CHEMBL613690,Homo sapiens,Clearance in cryopreserved human hepatocytes at 1 uM up to 120 mins by LC/MS/MS analysis,A,CN1CCC(Nc2ncc3ncnc(Nc4ccc(F)c(Cl)c4)c3n2)CC1,18.0,mL.min-1.kg-1,hepatocyte_human
15455855,CHEMBL3534974,CHEMBL2440659,CL,mL.min-1.kg-1,=,1.0,CHEMBL612558,,Intrinsic clearance in human hepatic S9 fraction at 1 uM,A,Cc1csc(NC(=O)c2cc(F)cc(Oc3cncnc3)c2)n1,1.0,mL.min-1.kg-1,hepatocyte_human
15455856,CHEMBL3534975,CHEMBL2440659,CL,mL.min-1.kg-1,=,15.0,CHEMBL612558,,Intrinsic clearance in human hepatic S9 fraction at 1 uM in presence of NADPH,A,Cc1csc(NC(=O)c2cc(F)cc(Oc3cncnc3)c2)n1,15.0,mL.min-1.kg-1,hepatocyte_human
15455858,CHEMBL3534977,CHEMBL2440659,CL,mL.min-1.kg-1,=,6.9,CHEMBL613690,Homo sapiens,Intrinsic clearance in human cryopreserved hepatocytes at 1 uM,A,Cc1csc(NC(=O)c2cc(F)cc(Oc3cncnc3)c2)n1,6.9,mL.min-1.kg-1,hepatocyte_human
15457134,CHEMBL3530380,CHEMBL3527199,CL,mL.min-1.kg-1,=,70.7,CHEMBL375,Mus musculus,"Total clearance in chimeric mouse transplanted with human hepatocytes at 3 mg/kg, iv",A,CC(C)n1nc(-c2cnc(N)nc2-c2ccccc2)ccc1=O,70.7,mL.min-1.kg-1,hepatocyte_human
15457141,CHEMBL3530372,CHEMBL3527199,CL,mL.min-1.kg-1,=,234.2,CHEMBL375,Mus musculus,"Clearance in chimeric mouse transplanted with human hepatocytes at 3 mg/kg, po",A,CC(C)n1nc(-c2cnc(N)nc2-c2ccccc2)ccc1=O,234.2,mL.min-1.kg-1,hepatocyte_human
15457607,CHEMBL3532272,CHEMBL54,CL,mL.min-1.g-1,=,30.0,CHEMBL612558,,Unbound intrinsic clearance in human intestinal S9 fraction at 50 to 1000 nM after 30 to 60 mins by HPLC-MS/MS analysis,A,O=C(CCCN1CCC(O)(c2ccc(Cl)cc2)CC1)c1ccc(F)cc1,0.03,mL.min-1.kg-1,hepatocyte_human
15457608,CHEMBL3532272,CHEMBL685,CL,mL.min-1.g-1,=,61.0,CHEMBL612558,,Unbound intrinsic clearance in human intestinal S9 fraction at 50 to 1000 nM after 30 to 60 mins by HPLC-MS/MS analysis,A,COC(=O)Nc1nc2cc(C(=O)c3ccccc3)ccc2[nH]1,0.061,mL.min-1.kg-1,hepatocyte_human
15457609,CHEMBL3532272,CHEMBL708,CL,mL.min-1.g-1,=,28.0,CHEMBL612558,,Unbound intrinsic clearance in human intestinal S9 fraction at 50 to 1000 nM after 30 to 60 mins by HPLC-MS/MS analysis,A,O=C1Cc2cc(CCN3CCN(c4nsc5ccccc45)CC3)c(Cl)cc2N1,0.028,mL.min-1.kg-1,hepatocyte_human
15457610,CHEMBL3532273,CHEMBL54,CL,mL.min-1.g-1,=,51.0,CHEMBL613419,Homo sapiens,Unbound intrinsic clearance in human liver S9 fraction at 50 to 1000 nM after 30 to 60 mins by HPLC-MS/MS analysis,A,O=C(CCCN1CCC(O)(c2ccc(Cl)cc2)CC1)c1ccc(F)cc1,0.051,mL.min-1.kg-1,hepatocyte_human
15457611,CHEMBL3532273,CHEMBL685,CL,mL.min-1.g-1,=,16.0,CHEMBL613419,Homo sapiens,Unbound intrinsic clearance in human liver S9 fraction at 50 to 1000 nM after 30 to 60 mins by HPLC-MS/MS analysis,A,COC(=O)Nc1nc2cc(C(=O)c3ccccc3)ccc2[nH]1,0.016,mL.min-1.kg-1,hepatocyte_human
15457612,CHEMBL3532273,CHEMBL708,CL,mL.min-1.g-1,=,89.0,CHEMBL613419,Homo sapiens,Unbound intrinsic clearance in human liver S9 fraction at 50 to 1000 nM after 30 to 60 mins by HPLC-MS/MS analysis,A,O=C1Cc2cc(CCN3CCN(c4nsc5ccccc45)CC3)c(Cl)cc2N1,0.089,mL.min-1.kg-1,hepatocyte_human
15457625,CHEMBL3532280,CHEMBL708,CL,mL.min-1.g-1,=,15.0,CHEMBL612558,,Unbound intrinsic clearance in human intestinal S9 fraction at 50 to 1000 nM after 30 to 60 mins by HPLC-MS/MS analysis in presence of NADH,A,O=C1Cc2cc(CCN3CCN(c4nsc5ccccc45)CC3)c(Cl)cc2N1,0.015,mL.min-1.kg-1,hepatocyte_human
15457626,CHEMBL3532281,CHEMBL54,CL,mL.min-1.g-1,=,30.0,CHEMBL612558,,Unbound intrinsic clearance in human intestinal S9 fraction at 50 to 1000 nM after 30 to 60 mins by HPLC-MS/MS analysis in presence of NADPH,A,O=C(CCCN1CCC(O)(c2ccc(Cl)cc2)CC1)c1ccc(F)cc1,0.03,mL.min-1.kg-1,hepatocyte_human
15457627,CHEMBL3532281,CHEMBL685,CL,mL.min-1.g-1,=,61.0,CHEMBL612558,,Unbound intrinsic clearance in human intestinal S9 fraction at 50 to 1000 nM after 30 to 60 mins by HPLC-MS/MS analysis in presence of NADPH,A,COC(=O)Nc1nc2cc(C(=O)c3ccccc3)ccc2[nH]1,0.061,mL.min-1.kg-1,hepatocyte_human
15457628,CHEMBL3532281,CHEMBL708,CL,mL.min-1.g-1,=,28.0,CHEMBL612558,,Unbound intrinsic clearance in human intestinal S9 fraction at 50 to 1000 nM after 30 to 60 mins by HPLC-MS/MS analysis in presence of NADPH,A,O=C1Cc2cc(CCN3CCN(c4nsc5ccccc45)CC3)c(Cl)cc2N1,0.028,mL.min-1.kg-1,hepatocyte_human
15462590,CHEMBL3536480,CHEMBL1272,CL,mL.min-1.g-1,=,0.76,CHEMBL612558,,Unbound intrinsic clearance in human hepatic S9 fraction assessed as 2-despiperidyl-2-amino repaglinide formation measured per mg of protein at 0.5 to 150 uM by LC-MS/MS method,A,CCOc1cc(CC(=O)N[C@@H](CC(C)C)c2ccccc2N2CCCCC2)ccc1C(=O)O,0.00076,mL.min-1.kg-1,hepatocyte_human
15462608,CHEMBL3536852,CHEMBL1272,CL,mL.min-1.g-1,=,3.7,CHEMBL612558,,Unbound intrinsic clearance in human hepatic S9 fraction assessed as 2-despiperidyl-2-(5-carboxypentylamine) repaglinide formation measured per mg of protein at 0.5 to 150 uM by LC-MS/MS method,A,CCOc1cc(CC(=O)N[C@@H](CC(C)C)c2ccccc2N2CCCCC2)ccc1C(=O)O,0.0037,mL.min-1.kg-1,hepatocyte_human
15462626,CHEMBL3531324,CHEMBL1272,CL,mL.min-1.g-1,=,2.7,CHEMBL612558,,Unbound intrinsic clearance in human hepatic S9 fraction assessed as 3'-hydroxy repaglinide formation measured per mg of protein at 0.5 to 150 uM by LC-MS/MS method,A,CCOc1cc(CC(=O)N[C@@H](CC(C)C)c2ccccc2N2CCCCC2)ccc1C(=O)O,0.0027,mL.min-1.kg-1,hepatocyte_human
15469978,CHEMBL3528695,CHEMBL1751,CL,mL.min-1.g-1,=,0.0036,CHEMBL613690,Homo sapiens,Uptake clearance in sandwich-cultured human hepatocytes lot Hu4165 suspensions measured per mg of protein at 0.05 to 1 uM at 37 degC on day 5 by scintillation spectroscopy,A,C[C@H]1O[C@@H](O[C@H]2[C@@H](O)C[C@H](O[C@H]3[C@@H](O)C[C@H](O[C@H]4CC[C@@]5(C)[C@H](CC[C@@H]6[C@@H]5C[C@@H](O)[C@]5(C)[C@@H](C7=CC(=O)OC7)CC[C@]65O)C4)O[C@@H]3C)O[C@@H]2C)C[C@H](O)[C@@H]1O,3.6e-06,mL.min-1.kg-1,hepatocyte_human
15469979,CHEMBL3528694,CHEMBL1751,CL,mL.min-1.g-1,=,0.00188,CHEMBL613690,Homo sapiens,Uptake clearance in sandwich-cultured human hepatocytes lot 109 suspensions measured per mg of protein at 0.05 to 1 uM at 37 degC on day 5 by scintillation spectroscopy,A,C[C@H]1O[C@@H](O[C@H]2[C@@H](O)C[C@H](O[C@H]3[C@@H](O)C[C@H](O[C@H]4CC[C@@]5(C)[C@H](CC[C@@H]6[C@@H]5C[C@@H](O)[C@]5(C)[C@@H](C7=CC(=O)OC7)CC[C@]65O)C4)O[C@@H]3C)O[C@@H]2C)C[C@H](O)[C@@H]1O,1.88e-06,mL.min-1.kg-1,hepatocyte_human
15469980,CHEMBL3528693,CHEMBL1751,CL,mL.min-1.g-1,=,0.00453,CHEMBL613690,Homo sapiens,Uptake clearance in sandwich-cultured human hepatocytes lot Hu4165 suspensions measured per mg of protein at 0.05 to 1 uM at 37 degC after 0.5 to 2 mins by scintillation spectroscopy in presence of 100 uM rifamycin SV,A,C[C@H]1O[C@@H](O[C@H]2[C@@H](O)C[C@H](O[C@H]3[C@@H](O)C[C@H](O[C@H]4CC[C@@]5(C)[C@H](CC[C@@H]6[C@@H]5C[C@@H](O)[C@]5(C)[C@@H](C7=CC(=O)OC7)CC[C@]65O)C4)O[C@@H]3C)O[C@@H]2C)C[C@H](O)[C@@H]1O,4.53e-06,mL.min-1.kg-1,hepatocyte_human
15469981,CHEMBL3528692,CHEMBL1751,CL,mL.min-1.g-1,=,0.00406,CHEMBL613690,Homo sapiens,Uptake clearance in sandwich-cultured human hepatocytes lot 109 suspensions measured per mg of protein at 0.05 to 1 uM at 37 degC after 0.5 to 2 mins by scintillation spectroscopy in presence of 100 uM rifamycin SV,A,C[C@H]1O[C@@H](O[C@H]2[C@@H](O)C[C@H](O[C@H]3[C@@H](O)C[C@H](O[C@H]4CC[C@@]5(C)[C@H](CC[C@@H]6[C@@H]5C[C@@H](O)[C@]5(C)[C@@H](C7=CC(=O)OC7)CC[C@]65O)C4)O[C@@H]3C)O[C@@H]2C)C[C@H](O)[C@@H]1O,4.06e-06,mL.min-1.kg-1,hepatocyte_human
15470007,CHEMBL3538614,CHEMBL1751,CL,mL.min-1.g-1,=,0.00188,CHEMBL613690,Homo sapiens,Uptake clearance in sandwich-cultured human hepatocytes measured per mg of protein at 0.05 to 10 uM at 37 degC by scintillation spectroscopy,A,C[C@H]1O[C@@H](O[C@H]2[C@@H](O)C[C@H](O[C@H]3[C@@H](O)C[C@H](O[C@H]4CC[C@@]5(C)[C@H](CC[C@@H]6[C@@H]5C[C@@H](O)[C@]5(C)[C@@H](C7=CC(=O)OC7)CC[C@]65O)C4)O[C@@H]3C)O[C@@H]2C)C[C@H](O)[C@@H]1O,1.88e-06,mL.min-1.kg-1,hepatocyte_human
15602205,CHEMBL3579448,CHEMBL1449843,CL,mL.min-1.kg-1,=,11.1,CHEMBL613419,Homo sapiens,Apparent intrinsic clearance in human liver S9 at 10 uM after 60 mins by UPLC analysis,A,CC1=C(C(N)=O)C(c2ccc(C(C)C)cc2)n2nc(SCc3ccccc3)nc2N1,11.1,mL.min-1.kg-1,hepatocyte_human
15602206,CHEMBL3579448,CHEMBL3578127,CL,mL.min-1.kg-1,=,10.9,CHEMBL613419,Homo sapiens,Apparent intrinsic clearance in human liver S9 at 10 uM after 60 mins by UPLC analysis,A,CC1=C(C(N)=O)C(c2ccc(OC(C)C)cc2)n2nc(SCc3ccccc3)nc2N1,10.9,mL.min-1.kg-1,hepatocyte_human
15608051,CHEMBL3579077,CHEMBL3577902,CL,mL.min-1.g-1,=,45.0,CHEMBL613690,Homo sapiens,Intrinsic clearance in human hepatocytes assessed per million cells,A,C[C@H](c1cccc(Cl)c1)N(Cc1cccc(C(=O)O)c1)C(=O)c1cnc2ccccc2c1,0.045,mL.min-1.kg-1,hepatocyte_human
15608052,CHEMBL3579077,CHEMBL3577900,CL,mL.min-1.g-1,=,28.0,CHEMBL613690,Homo sapiens,Intrinsic clearance in human hepatocytes assessed per million cells,A,CC[C@H](c1ccc(F)cc1)N(Cc1cccc(C(=O)O)c1)C(=O)c1cnc2ccccc2c1,0.028,mL.min-1.kg-1,hepatocyte_human
15608053,CHEMBL3579077,CHEMBL3577889,CL,mL.min-1.g-1,=,21.0,CHEMBL613690,Homo sapiens,Intrinsic clearance in human hepatocytes assessed per million cells,A,C[C@H](c1ccc(F)cc1)N(Cc1cccc(C(=O)O)c1)C(=O)c1cc2ccccc2cn1,0.021,mL.min-1.kg-1,hepatocyte_human
15608057,CHEMBL3579077,CHEMBL3577881,CL,mL.min-1.g-1,=,23.0,CHEMBL613690,Homo sapiens,Intrinsic clearance in human hepatocytes assessed per million cells,A,C[C@H](c1ccc(F)cc1)N(Cc1cccc(C(=O)O)c1)C(=O)c1cc2ccccn2n1,0.023,mL.min-1.kg-1,hepatocyte_human
15608124,CHEMBL3579077,CHEMBL3577906,CL,mL.min-1.g-1,=,31.0,CHEMBL613690,Homo sapiens,Intrinsic clearance in human hepatocytes assessed per million cells,A,C[C@H](c1ccc(F)cc1F)N(Cc1cccc(C(=O)O)c1)C(=O)c1cc2ccccn2n1,0.031,mL.min-1.kg-1,hepatocyte_human
15608125,CHEMBL3579077,CHEMBL3577905,CL,mL.min-1.g-1,=,48.0,CHEMBL613690,Homo sapiens,Intrinsic clearance in human hepatocytes assessed per million cells,A,CC[C@H](c1ccc(F)cc1F)N(Cc1cccc(C(=O)O)c1)C(=O)c1cc2ccccn2n1,0.048,mL.min-1.kg-1,hepatocyte_human
15697506,CHEMBL3611893,CHEMBL3609749,CL,mL.min-1.kg-1,=,94.0,CHEMBL613690,Homo sapiens,Intrinsic clearance in human hepatocytes,A,COc1cc(-c2cn([C@H]3CCc4c(F)cccc4N(CC(F)(F)F)C3=O)nn2)ccc1-n1cnc(C)c1,94.0,mL.min-1.kg-1,hepatocyte_human
15697507,CHEMBL3611893,CHEMBL3608384,CL,mL.min-1.kg-1,=,66.0,CHEMBL613690,Homo sapiens,Intrinsic clearance in human hepatocytes,A,Cc1cn(-c2ccc(-c3cn([C@H]4CCc5c(F)cccc5N(CC(F)(F)F)C4=O)nn3)cc2)cn1,66.0,mL.min-1.kg-1,hepatocyte_human
15697508,CHEMBL3611893,CHEMBL3609752,CL,mL.min-1.kg-1,=,51.0,CHEMBL613690,Homo sapiens,Intrinsic clearance in human hepatocytes,A,COc1cc(-n2cnc(C)c2)ccc1-c1cn([C@H]2CCc3c(F)cccc3N(CC(F)(F)F)C2=O)nn1,51.0,mL.min-1.kg-1,hepatocyte_human
15697509,CHEMBL3611893,CHEMBL3608385,CL,mL.min-1.kg-1,=,67.0,CHEMBL613690,Homo sapiens,Intrinsic clearance in human hepatocytes,A,Cc1cn(-c2ccc(-c3cn([C@H]4CCc5c(F)cccc5N(CC(F)(F)F)C4=O)nn3)cc2OCC(F)(F)F)cn1,67.0,mL.min-1.kg-1,hepatocyte_human
15697510,CHEMBL3611893,CHEMBL3609754,CL,mL.min-1.kg-1,=,59.0,CHEMBL613690,Homo sapiens,Intrinsic clearance in human hepatocytes,A,Cc1cn(-c2ccc(-c3cn([C@H]4CCc5c(F)cccc5N(CC(F)(F)F)C4=O)nn3)c(F)c2)cn1,59.0,mL.min-1.kg-1,hepatocyte_human
15697511,CHEMBL3611893,CHEMBL3609755,CL,mL.min-1.kg-1,=,54.0,CHEMBL613690,Homo sapiens,Intrinsic clearance in human hepatocytes,A,COc1c(-c2cn([C@H]3CCc4c(F)cccc4N(CC(F)(F)F)C3=O)nn2)ccc(-n2cnc(C)c2)c1F,54.0,mL.min-1.kg-1,hepatocyte_human
15697512,CHEMBL3611893,CHEMBL3609759,CL,mL.min-1.kg-1,=,73.0,CHEMBL613690,Homo sapiens,Intrinsic clearance in human hepatocytes,A,COc1cc(-c2cn([C@H]3CCc4c(F)cccc4N(CC(F)(F)F)C3=O)nn2)ccc1-n1cnc(C)n1,73.0,mL.min-1.kg-1,hepatocyte_human
15702009,CHEMBL3615006,CHEMBL61998,CL,mL.min-1.g-1,=,57.3,CHEMBL613419,Homo sapiens,Intrinsic clearance in human liver S9 fraction at 0.1 umol/L,A,COc1cc(C(=O)/C=C/c2ccc(F)cc2)cc(OC)c1OC,0.0573,mL.min-1.kg-1,hepatocyte_human
15765092,CHEMBL3635128,CHEMBL3634452,CL,mL.min-1.kg-1,=,55.1,CHEMBL613419,Homo sapiens,Metabolic stability in human liver S9 fractions assessed as intrinsic clearance at 0.1 uM,A,FC(F)(F)c1cc(Oc2ccc(CCOc3ccn4c(-c5cncnc5)cnc4n3)cc2)ccc1Cl,55.1,mL.min-1.kg-1,hepatocyte_human
15765093,CHEMBL3635128,CHEMBL3634561,CL,mL.min-1.kg-1,=,69.2,CHEMBL613419,Homo sapiens,Metabolic stability in human liver S9 fractions assessed as intrinsic clearance at 0.1 uM,A,O=c1nc(OCCc2ccc(Oc3ccc(Cl)c(C(F)(F)F)c3)cc2)[nH]cc1Cc1cncnc1,69.2,mL.min-1.kg-1,hepatocyte_human
16421276,CHEMBL3750378,CHEMBL3651966,CL,mL.min-1.kg-1,=,3.0,CHEMBL613690,Homo sapiens,Clearance in human hepatocytes,A,C[C@@H]1C[C@H](N)C[C@H](c2ccncc2NC(=O)c2ccc(F)c(-c3c(F)cccc3F)n2)C1,3.0,mL.min-1.kg-1,hepatocyte_human
16456347,CHEMBL3762436,CHEMBL3758746,CL,mL.min-1.kg-1,=,4.4,CHEMBL613690,Homo sapiens,Clearance in human hepatocytes,A,Cc1ccc2c(c1)C(=O)N(c1ccc(NC(=O)c3occc3C)c(F)c1)C2=O,4.4,mL.min-1.kg-1,hepatocyte_human
16456348,CHEMBL3762436,CHEMBL3758305,CL,mL.min-1.kg-1,=,6.64,CHEMBL613690,Homo sapiens,Clearance in human hepatocytes,A,Cc1ccoc1C(=O)Nc1ccc(N2C(=O)c3cccc(C)c3C2=O)cc1F,6.64,mL.min-1.kg-1,hepatocyte_human
16456349,CHEMBL3762436,CHEMBL3759901,CL,mL.min-1.kg-1,=,11.9,CHEMBL613690,Homo sapiens,Clearance in human hepatocytes,A,Cc1ccoc1C(=O)Nc1ccc(N2C(=O)c3ccc(Cl)cc3C2=O)cc1F,11.9,mL.min-1.kg-1,hepatocyte_human
16456350,CHEMBL3762436,CHEMBL3758435,CL,mL.min-1.kg-1,=,6.72,CHEMBL613690,Homo sapiens,Clearance in human hepatocytes,A,Cc1ccoc1C(=O)Nc1ccc(N2C(=O)c3ccc(F)cc3C2=O)cc1F,6.72,mL.min-1.kg-1,hepatocyte_human
16456351,CHEMBL3762436,CHEMBL3758465,CL,mL.min-1.kg-1,=,4.48,CHEMBL613690,Homo sapiens,Clearance in human hepatocytes,A,Cc1ccoc1C(=O)Nc1ccc(N2C(=O)c3cccc(F)c3C2=O)cc1F,4.48,mL.min-1.kg-1,hepatocyte_human
16515237,CHEMBL3784145,CHEMBL3780091,CL,mL.min-1.kg-1,=,12.0,CHEMBL612558,,Intrinsic clearance in human hepatocytes,A,N[C@H]1CC[C@@H](Nc2cc[nH]c(=O)c2-c2nc3ccccc3[nH]2)CC1,12.0,mL.min-1.kg-1,hepatocyte_human
16521186,CHEMBL3782737,CHEMBL3781157,CL,mL.min-1.kg-1,=,14.0,CHEMBL612558,,Intrinsic clearance in human hepatocytes,A,COc1ccccc1N1CCN(c2ncnc3c2cnn3-c2ccccc2)CC1,14.0,mL.min-1.kg-1,hepatocyte_human
16521192,CHEMBL3782737,CHEMBL3781548,CL,mL.min-1.kg-1,=,13.17,CHEMBL612558,,Intrinsic clearance in human hepatocytes,A,COc1ccccc1N1CCN(c2ncnc3c2cnn3-c2ccccc2F)CC1,13.17,mL.min-1.kg-1,hepatocyte_human
16523830,CHEMBL3783763,CHEMBL3684869,CL,mL.min-1.kg-1,=,2.9,CHEMBL613690,Homo sapiens,Clearance in human hepatocytes,A,CC[C@@H](C[C@H]1COC(N)=N1)c1ccccc1,2.9,mL.min-1.kg-1,hepatocyte_human
16523831,CHEMBL3783763,CHEMBL3680154,CL,mL.min-1.kg-1,=,17.5,CHEMBL613690,Homo sapiens,Clearance in human hepatocytes,A,NC1=N[C@@H](c2ccc(Cl)c(Cl)c2)CO1,17.5,mL.min-1.kg-1,hepatocyte_human
16523832,CHEMBL3783763,CHEMBL3684833,CL,mL.min-1.kg-1,=,14.6,CHEMBL613690,Homo sapiens,Clearance in human hepatocytes,A,C[C@]1(c2ccc(Br)cc2)COC(N)=N1,14.6,mL.min-1.kg-1,hepatocyte_human
16523833,CHEMBL3783763,CHEMBL3781675,CL,mL.min-1.kg-1,=,15.0,CHEMBL613690,Homo sapiens,Clearance in human hepatocytes,A,Cc1cc(Cl)ccc1[C@H]1COC(N)=N1,15.0,mL.min-1.kg-1,hepatocyte_human
16523834,CHEMBL3783763,CHEMBL3684912,CL,mL.min-1.kg-1,=,13.0,CHEMBL613690,Homo sapiens,Clearance in human hepatocytes,A,CCc1cc(Cl)ccc1[C@H]1COC(N)=N1,13.0,mL.min-1.kg-1,hepatocyte_human
16523835,CHEMBL3783763,CHEMBL3684915,CL,mL.min-1.kg-1,=,10.1,CHEMBL613690,Homo sapiens,Clearance in human hepatocytes,A,NC1=N[C@@H](c2ccc(Cl)cc2C2CC2)CO1,10.1,mL.min-1.kg-1,hepatocyte_human
16523836,CHEMBL3783763,CHEMBL3781694,CL,mL.min-1.kg-1,=,14.0,CHEMBL613690,Homo sapiens,Clearance in human hepatocytes,A,Cc1c(F)cccc1[C@H]1COC(N)=N1,14.0,mL.min-1.kg-1,hepatocyte_human
16555250,CHEMBL3796341,CHEMBL3792717,CL,mL.min-1.kg-1,=,5.04,CHEMBL613419,Homo sapiens,Intrinsic clearance in human liver S9 fraction at 0.1 uM,A,CN(C)c1cc(OCc2cc(F)c(Oc3ccc(Cl)c(C(F)(F)F)c3)c(F)c2)nc(=O)n1C,5.04,mL.min-1.kg-1,hepatocyte_human
16555251,CHEMBL3796341,CHEMBL3793562,CL,mL.min-1.kg-1,=,9.87,CHEMBL613419,Homo sapiens,Intrinsic clearance in human liver S9 fraction at 0.1 uM,A,CCN(CC)c1cc(OCc2cc(F)c(Oc3ccc(Cl)c(C(F)(F)F)c3)c(F)c2)nc(=O)n1C,9.87,mL.min-1.kg-1,hepatocyte_human
16555252,CHEMBL3796341,CHEMBL3794025,CL,mL.min-1.kg-1,=,0.0,CHEMBL613419,Homo sapiens,Intrinsic clearance in human liver S9 fraction at 0.1 uM,A,CN(c1cc(OCc2cc(F)c(Oc3ccc(Cl)c(C(F)(F)F)c3)c(F)c2)nc(=O)n1C)C1CC1,0.0,mL.min-1.kg-1,hepatocyte_human
16555253,CHEMBL3796341,CHEMBL3792756,CL,mL.min-1.kg-1,=,25.5,CHEMBL613419,Homo sapiens,Intrinsic clearance in human liver S9 fraction at 0.1 uM,A,COCCN(C)c1cc(OCc2cc(F)c(Oc3ccc(Cl)c(C(F)(F)F)c3)c(F)c2)nc(=O)n1C,25.5,mL.min-1.kg-1,hepatocyte_human
16555254,CHEMBL3796341,CHEMBL3792774,CL,mL.min-1.kg-1,=,9.68,CHEMBL613419,Homo sapiens,Intrinsic clearance in human liver S9 fraction at 0.1 uM,A,CCOC(=O)CN(C)c1cc(OCc2cc(F)c(Oc3ccc(Cl)c(C(F)(F)F)c3)c(F)c2)nc(=O)n1C,9.68,mL.min-1.kg-1,hepatocyte_human
16555255,CHEMBL3796341,CHEMBL3794316,CL,mL.min-1.kg-1,=,0.0,CHEMBL613419,Homo sapiens,Intrinsic clearance in human liver S9 fraction at 0.1 uM,A,Cn1c(N2CCCC2)cc(OCc2cc(F)c(Oc3ccc(Cl)c(C(F)(F)F)c3)c(F)c2)nc1=O,0.0,mL.min-1.kg-1,hepatocyte_human
16555256,CHEMBL3796341,CHEMBL3794546,CL,mL.min-1.kg-1,=,5.69,CHEMBL613419,Homo sapiens,Intrinsic clearance in human liver S9 fraction at 0.1 uM,A,Cn1c(N2CCCCC2)cc(OCc2cc(F)c(Oc3ccc(Cl)c(C(F)(F)F)c3)c(F)c2)nc1=O,5.69,mL.min-1.kg-1,hepatocyte_human
16555257,CHEMBL3796341,CHEMBL3794023,CL,mL.min-1.kg-1,=,4.09,CHEMBL613419,Homo sapiens,Intrinsic clearance in human liver S9 fraction at 0.1 uM,A,Cn1c(N2CCOCC2)cc(OCc2cc(F)c(Oc3ccc(Cl)c(C(F)(F)F)c3)c(F)c2)nc1=O,4.09,mL.min-1.kg-1,hepatocyte_human
16555258,CHEMBL3796341,CHEMBL3792672,CL,mL.min-1.kg-1,=,65.5,CHEMBL613419,Homo sapiens,Intrinsic clearance in human liver S9 fraction at 0.1 uM,A,CN1CCN(c2cc(OCc3cc(F)c(Oc4ccc(Cl)c(C(F)(F)F)c4)c(F)c3)nc(=O)n2C)CC1,65.5,mL.min-1.kg-1,hepatocyte_human
16555259,CHEMBL3796341,CHEMBL3792873,CL,mL.min-1.kg-1,=,20.9,CHEMBL613419,Homo sapiens,Intrinsic clearance in human liver S9 fraction at 0.1 uM,A,COC1CCN(c2cc(OCc3cc(F)c(Oc4ccc(Cl)c(C(F)(F)F)c4)c(F)c3)nc(=O)n2C)CC1,20.9,mL.min-1.kg-1,hepatocyte_human
16555260,CHEMBL3796341,CHEMBL3794220,CL,mL.min-1.kg-1,=,1.49,CHEMBL613419,Homo sapiens,Intrinsic clearance in human liver S9 fraction at 0.1 uM,A,Cn1c(N2CCC(F)CC2)cc(OCc2cc(F)c(Oc3ccc(Cl)c(C(F)(F)F)c3)c(F)c2)nc1=O,1.49,mL.min-1.kg-1,hepatocyte_human
16555261,CHEMBL3796341,CHEMBL3792972,CL,mL.min-1.kg-1,=,0.0,CHEMBL613419,Homo sapiens,Intrinsic clearance in human liver S9 fraction at 0.1 uM,A,Cn1c(N2CCC(F)(F)CC2)cc(OCc2cc(F)c(Oc3ccc(Cl)c(C(F)(F)F)c3)c(F)c2)nc1=O,0.0,mL.min-1.kg-1,hepatocyte_human
16555262,CHEMBL3796341,CHEMBL3792761,CL,mL.min-1.kg-1,=,3.26,CHEMBL613419,Homo sapiens,Intrinsic clearance in human liver S9 fraction at 0.1 uM,A,Cn1c(N2CCN(C3CC3)CC2)cc(OCc2cc(F)c(Oc3ccc(Cl)c(C(F)(F)F)c3)c(F)c2)nc1=O,3.26,mL.min-1.kg-1,hepatocyte_human
16555263,CHEMBL3796341,CHEMBL3793007,CL,mL.min-1.kg-1,=,49.1,CHEMBL613419,Homo sapiens,Intrinsic clearance in human liver S9 fraction at 0.1 uM,A,Cn1c(N2CCSCC2)cc(OCc2cc(F)c(Oc3ccc(Cl)c(C(F)(F)F)c3)c(F)c2)nc1=O,49.1,mL.min-1.kg-1,hepatocyte_human
16555264,CHEMBL3796341,CHEMBL3792924,CL,mL.min-1.kg-1,=,57.5,CHEMBL613419,Homo sapiens,Intrinsic clearance in human liver S9 fraction at 0.1 uM,A,Cn1c(N2CCS(=O)(=O)CC2)cc(OCc2cc(F)c(Oc3ccc(Cl)c(C(F)(F)F)c3)c(F)c2)nc1=O,57.5,mL.min-1.kg-1,hepatocyte_human
16555265,CHEMBL3796341,CHEMBL3794575,CL,mL.min-1.kg-1,=,3.89,CHEMBL613419,Homo sapiens,Intrinsic clearance in human liver S9 fraction at 0.1 uM,A,Cn1c(N2CCOCC2)cc(OCc2ccc(Oc3ccc(Cl)c(C(F)(F)F)c3)cc2)nc1=O,3.89,mL.min-1.kg-1,hepatocyte_human
16555266,CHEMBL3796341,CHEMBL3794054,CL,mL.min-1.kg-1,=,5.55,CHEMBL613419,Homo sapiens,Intrinsic clearance in human liver S9 fraction at 0.1 uM,A,Cn1c(N2CCOCC2)cc(OCc2ccc(Oc3ccc(Cl)c(C(F)(F)F)c3)c(F)c2)nc1=O,5.55,mL.min-1.kg-1,hepatocyte_human
16555267,CHEMBL3796341,CHEMBL3793506,CL,mL.min-1.kg-1,=,19.7,CHEMBL613419,Homo sapiens,Intrinsic clearance in human liver S9 fraction at 0.1 uM,A,Cn1c(N2CCOCC2)cc(OCc2ccc(Oc3ccc(Cl)c(C(F)(F)F)c3)c(C#N)c2)nc1=O,19.7,mL.min-1.kg-1,hepatocyte_human
16563910,CHEMBL3802315,CHEMBL563480,CL,mL.min-1.kg-1,=,59.0,CHEMBL613690,Homo sapiens,Intrinsic clearance in human hepatocytes,A,CCN1CCOc2ccc(C(=O)Nc3nnc(-c4c(Cl)cccc4Cl)s3)cc21,59.0,mL.min-1.kg-1,hepatocyte_human
16581893,CHEMBL3801495,CHEMBL3425734,CL,mL.min-1.kg-1,=,320.0,CHEMBL613690,Homo sapiens,Intrinsic clearance in human hepatocytes,A,O=c1ccn(-c2cccc(-c3ccccc3)c2)cc1O,320.0,mL.min-1.kg-1,hepatocyte_human
16581894,CHEMBL3801495,CHEMBL3799913,CL,mL.min-1.kg-1,=,74.0,CHEMBL613690,Homo sapiens,Intrinsic clearance in human hepatocytes,A,O=c1ccn(-c2cc(-c3ccccc3)ccn2)cc1O,74.0,mL.min-1.kg-1,hepatocyte_human
16581895,CHEMBL3801495,CHEMBL3798524,CL,mL.min-1.kg-1,=,292.0,CHEMBL613690,Homo sapiens,Intrinsic clearance in human hepatocytes,A,O=c1ccn(-c2cc(-c3ccc(Cl)c(Cl)c3)ccn2)cc1O,292.0,mL.min-1.kg-1,hepatocyte_human
16590689,CHEMBL3806639,CHEMBL3805137,CL,mL.min-1.kg-1,=,14.67,CHEMBL613690,Homo sapiens,Clearance in human hepatocytes at 1 uM by LC/MS/MS analysis,A,C[C@H](Nc1ncnc(N)c1C#N)c1nc2cccc(Cl)c2c(=O)n1-c1ccccc1,14.67,mL.min-1.kg-1,hepatocyte_human
16590690,CHEMBL3806639,CHEMBL3805976,CL,mL.min-1.kg-1,=,4.5,CHEMBL613690,Homo sapiens,Clearance in human hepatocytes at 1 uM by LC/MS/MS analysis,A,C[C@H](Nc1ncnc(N)c1C(N)=O)c1nc2cccc(Cl)c2c(=O)n1-c1ccccc1,4.5,mL.min-1.kg-1,hepatocyte_human
16590691,CHEMBL3806639,CHEMBL3805983,CL,mL.min-1.kg-1,=,9.833,CHEMBL613690,Homo sapiens,Clearance in human hepatocytes at 1 uM by LC/MS/MS analysis,A,C[C@H](Nc1ncnc(N)c1C(F)(F)F)c1nc2cccc(Cl)c2c(=O)n1-c1ccccc1,9.833,mL.min-1.kg-1,hepatocyte_human
16590692,CHEMBL3806639,CHEMBL3804904,CL,mL.min-1.kg-1,=,12.17,CHEMBL613690,Homo sapiens,Clearance in human hepatocytes at 1 uM by LC/MS/MS analysis,A,Cc1c(N)ncnc1N[C@@H](C)c1nc2cccc(Cl)c2c(=O)n1-c1ccccc1,12.17,mL.min-1.kg-1,hepatocyte_human
16590694,CHEMBL3806639,CHEMBL3805572,CL,mL.min-1.kg-1,=,11.0,CHEMBL613690,Homo sapiens,Clearance in human hepatocytes at 1 uM by LC/MS/MS analysis,A,C#Cc1c(N)ncnc1N[C@@H](C)c1nc2cccc(Cl)c2c(=O)n1-c1ccccc1,11.0,mL.min-1.kg-1,hepatocyte_human
16590695,CHEMBL3806639,CHEMBL3805019,CL,mL.min-1.kg-1,=,8.5,CHEMBL613690,Homo sapiens,Clearance in human hepatocytes at 1 uM by LC/MS/MS analysis,A,C[C@H](Nc1ncnc(N)c1C#Cc1ccc(F)cn1)c1nc2cccc(Cl)c2c(=O)n1-c1ccccc1,8.5,mL.min-1.kg-1,hepatocyte_human
16590696,CHEMBL3806639,CHEMBL3805230,CL,mL.min-1.kg-1,=,8.333,CHEMBL613690,Homo sapiens,Clearance in human hepatocytes at 1 uM by LC/MS/MS analysis,A,[2H]c1nc(N)c(C#N)c(N[C@@H](C)c2nc3cccc(Cl)c3c(=O)n2-c2ccccc2)n1,8.333,mL.min-1.kg-1,hepatocyte_human
16590697,CHEMBL3806639,CHEMBL3805430,CL,mL.min-1.kg-1,=,3.5,CHEMBL613690,Homo sapiens,Clearance in human hepatocytes at 1 uM by LC/MS/MS analysis,A,C[C@H](Nc1nc(N)nc(N)c1C#N)c1nc2cccc(Cl)c2c(=O)n1-c1ccccc1,3.5,mL.min-1.kg-1,hepatocyte_human
16590698,CHEMBL3806639,CHEMBL3805592,CL,mL.min-1.kg-1,=,9.833,CHEMBL613690,Homo sapiens,Clearance in human hepatocytes at 1 uM by LC/MS/MS analysis,A,C[C@H](Nc1nc(Cl)nc(N)c1C#N)c1nc2cccc(Cl)c2c(=O)n1-c1ccccc1,9.833,mL.min-1.kg-1,hepatocyte_human
16590699,CHEMBL3806639,CHEMBL3805769,CL,mL.min-1.kg-1,=,10.83,CHEMBL613690,Homo sapiens,Clearance in human hepatocytes at 1 uM by LC/MS/MS analysis,A,C[C@H](Nc1nc(N)nc(N)c1Cl)c1nc2cccc(Cl)c2c(=O)n1-c1ccccc1,10.83,mL.min-1.kg-1,hepatocyte_human
16590700,CHEMBL3806639,CHEMBL3805180,CL,mL.min-1.kg-1,=,13.67,CHEMBL613690,Homo sapiens,Clearance in human hepatocytes at 1 uM by LC/MS/MS analysis,A,C[C@H](Nc1nc(N)nc(Cl)c1C#N)c1nc2cccc(Cl)c2c(=O)n1-c1ccccc1,13.67,mL.min-1.kg-1,hepatocyte_human
16590701,CHEMBL3806639,CHEMBL3805760,CL,mL.min-1.kg-1,=,17.5,CHEMBL613690,Homo sapiens,Clearance in human hepatocytes at 1 uM by LC/MS/MS analysis,A,Cc1nc(N)nc(N[C@@H](C)c2nc3cccc(Cl)c3c(=O)n2-c2ccccc2)c1C#N,17.5,mL.min-1.kg-1,hepatocyte_human
16590702,CHEMBL3806639,CHEMBL3805913,CL,mL.min-1.kg-1,=,13.5,CHEMBL613690,Homo sapiens,Clearance in human hepatocytes at 1 uM by LC/MS/MS analysis,A,C[C@H](Nc1nc(N)nc(N)c1C#N)c1nc2cccc(Cl)c2c(=O)n1-c1cc(F)cc(F)c1,13.5,mL.min-1.kg-1,hepatocyte_human
16590703,CHEMBL3806639,CHEMBL3806270,CL,mL.min-1.kg-1,=,6.5,CHEMBL613690,Homo sapiens,Clearance in human hepatocytes at 1 uM by LC/MS/MS analysis,A,C[C@H](Nc1nc(N)nc(N)c1C#N)c1nc2ccc(F)c(Cl)c2c(=O)n1-c1cc(F)cc(F)c1,6.5,mL.min-1.kg-1,hepatocyte_human
16590704,CHEMBL3806639,CHEMBL3806186,CL,mL.min-1.kg-1,=,2.833,CHEMBL613690,Homo sapiens,Clearance in human hepatocytes at 1 uM by LC/MS/MS analysis,A,C[C@H](Nc1nc(N)nc(N)c1C#N)c1nc2ccccc2c(=O)n1-c1cc(F)cc(F)c1,2.833,mL.min-1.kg-1,hepatocyte_human
16590705,CHEMBL3806639,CHEMBL3805738,CL,mL.min-1.kg-1,=,5.667,CHEMBL613690,Homo sapiens,Clearance in human hepatocytes at 1 uM by LC/MS/MS analysis,A,C[C@H](Nc1nc(N)nc(N)c1C#N)c1nc2cccc(F)c2c(=O)n1-c1cc(F)cc(F)c1,5.667,mL.min-1.kg-1,hepatocyte_human
16590706,CHEMBL3806639,CHEMBL3804983,CL,mL.min-1.kg-1,=,4.833,CHEMBL613690,Homo sapiens,Clearance in human hepatocytes at 1 uM by LC/MS/MS analysis,A,C[C@H](Nc1nc(N)nc(N)c1C#N)c1nc2ccc(F)cc2c(=O)n1-c1cc(F)cc(F)c1,4.833,mL.min-1.kg-1,hepatocyte_human
16590707,CHEMBL3806639,CHEMBL3806190,CL,mL.min-1.kg-1,=,8.833,CHEMBL613690,Homo sapiens,Clearance in human hepatocytes at 1 uM by LC/MS/MS analysis,A,C[C@H](Nc1nc(N)nc(N)c1C#N)c1nc2c(F)cccc2c(=O)n1-c1cc(F)cc(F)c1,8.833,mL.min-1.kg-1,hepatocyte_human
16590708,CHEMBL3806639,CHEMBL3805504,CL,mL.min-1.kg-1,=,8.333,CHEMBL613690,Homo sapiens,Clearance in human hepatocytes at 1 uM by LC/MS/MS analysis,A,C[C@H](Nc1nc(N)nc(N)c1C#N)c1nc2c(C#N)cccc2c(=O)n1-c1cc(F)cc(F)c1,8.333,mL.min-1.kg-1,hepatocyte_human
16590709,CHEMBL3806640,CHEMBL3805137,CL,mL.min-1.kg-1,=,1.5,CHEMBL613690,Homo sapiens,Clearance in human hepatocytes at 1 uM by LC/MS/MS in presence of aldehyde oxidase inhibitor raloxifene,A,C[C@H](Nc1ncnc(N)c1C#N)c1nc2cccc(Cl)c2c(=O)n1-c1ccccc1,1.5,mL.min-1.kg-1,hepatocyte_human
16590710,CHEMBL3806640,CHEMBL3805976,CL,mL.min-1.kg-1,=,1.333,CHEMBL613690,Homo sapiens,Clearance in human hepatocytes at 1 uM by LC/MS/MS in presence of aldehyde oxidase inhibitor raloxifene,A,C[C@H](Nc1ncnc(N)c1C(N)=O)c1nc2cccc(Cl)c2c(=O)n1-c1ccccc1,1.333,mL.min-1.kg-1,hepatocyte_human
16590711,CHEMBL3806640,CHEMBL3805983,CL,mL.min-1.kg-1,=,2.0,CHEMBL613690,Homo sapiens,Clearance in human hepatocytes at 1 uM by LC/MS/MS in presence of aldehyde oxidase inhibitor raloxifene,A,C[C@H](Nc1ncnc(N)c1C(F)(F)F)c1nc2cccc(Cl)c2c(=O)n1-c1ccccc1,2.0,mL.min-1.kg-1,hepatocyte_human
16590712,CHEMBL3806640,CHEMBL3804904,CL,mL.min-1.kg-1,=,4.167,CHEMBL613690,Homo sapiens,Clearance in human hepatocytes at 1 uM by LC/MS/MS in presence of aldehyde oxidase inhibitor raloxifene,A,Cc1c(N)ncnc1N[C@@H](C)c1nc2cccc(Cl)c2c(=O)n1-c1ccccc1,4.167,mL.min-1.kg-1,hepatocyte_human
16590715,CHEMBL3806640,CHEMBL3805019,CL,mL.min-1.kg-1,=,2.167,CHEMBL613690,Homo sapiens,Clearance in human hepatocytes at 1 uM by LC/MS/MS in presence of aldehyde oxidase inhibitor raloxifene,A,C[C@H](Nc1ncnc(N)c1C#Cc1ccc(F)cn1)c1nc2cccc(Cl)c2c(=O)n1-c1ccccc1,2.167,mL.min-1.kg-1,hepatocyte_human
16590716,CHEMBL3806640,CHEMBL3805230,CL,mL.min-1.kg-1,=,1.667,CHEMBL613690,Homo sapiens,Clearance in human hepatocytes at 1 uM by LC/MS/MS in presence of aldehyde oxidase inhibitor raloxifene,A,[2H]c1nc(N)c(C#N)c(N[C@@H](C)c2nc3cccc(Cl)c3c(=O)n2-c2ccccc2)n1,1.667,mL.min-1.kg-1,hepatocyte_human
16590717,CHEMBL3806640,CHEMBL3805430,CL,mL.min-1.kg-1,=,1.667,CHEMBL613690,Homo sapiens,Clearance in human hepatocytes at 1 uM by LC/MS/MS in presence of aldehyde oxidase inhibitor raloxifene,A,C[C@H](Nc1nc(N)nc(N)c1C#N)c1nc2cccc(Cl)c2c(=O)n1-c1ccccc1,1.667,mL.min-1.kg-1,hepatocyte_human
16615955,CHEMBL3815799,CHEMBL3814719,CL,mL.min-1.g-1,=,70.0,CHEMBL613419,Homo sapiens,Clearance in human liver S9 fraction,A,CNc1cccc(NCCc2cccc(NCCc3ccccn3)n2)n1,0.07,mL.min-1.kg-1,hepatocyte_human
16663869,CHEMBL3853563,CHEMBL3929544,CL,mL.min-1.g-1,=,6.0,CHEMBL612558,,Intrinsic clearance in human hepatocytes assessed per 10'6 cells,A,O=S(=O)(Nc1cncc(C(F)(F)F)c1)c1ccccc1C(F)(F)F,0.006,mL.min-1.kg-1,hepatocyte_human
16828055,CHEMBL3874732,CHEMBL1978713,CL,mL.min-1.kg-1,=,16.0,CHEMBL612558,,Clearance in human hepatocytes,A,COc1ccc(CNC(=O)c2sc3nc(C)cc(C)c3c2N)cc1,16.0,mL.min-1.kg-1,hepatocyte_human
16828056,CHEMBL3874732,CHEMBL3933538,CL,mL.min-1.kg-1,=,13.0,CHEMBL612558,,Clearance in human hepatocytes,A,COc1ccc(CNC(=O)c2sc3nnc(C)c(C)c3c2N)cc1,13.0,mL.min-1.kg-1,hepatocyte_human
18005509,CHEMBL4003193,CHEMBL4063618,CL,mL.min-1.kg-1,=,15.6,CHEMBL613419,Homo sapiens,Intrinsic clearance in human liver S9 fraction at 2 uM by HPLC-MS/MS analysis,A,COc1ccc2nc(C)cc(OCC(=O)Nc3ccc4c(c3)CCCC4)c2c1,15.6,mL.min-1.kg-1,hepatocyte_human
18005510,CHEMBL4003193,CHEMBL4104404,CL,mL.min-1.kg-1,=,16.9,CHEMBL613419,Homo sapiens,Intrinsic clearance in human liver S9 fraction at 2 uM by HPLC-MS/MS analysis,A,COc1ccc2nc(C)cc(OCC(=O)Nc3ccc4c(c3)CCC4)c2c1,16.9,mL.min-1.kg-1,hepatocyte_human
18005511,CHEMBL4003193,CHEMBL4095388,CL,mL.min-1.kg-1,=,16.2,CHEMBL613419,Homo sapiens,Intrinsic clearance in human liver S9 fraction at 2 uM by HPLC-MS/MS analysis,A,COc1ccc2nc(C)cc(OCC(=O)Nc3ccc(C)c(C)c3)c2c1,16.2,mL.min-1.kg-1,hepatocyte_human
18005512,CHEMBL4003193,CHEMBL4078863,CL,mL.min-1.kg-1,=,13.5,CHEMBL613419,Homo sapiens,Intrinsic clearance in human liver S9 fraction at 2 uM by HPLC-MS/MS analysis,A,COc1ccc2nc(C)cc(OCC(=O)Nc3ccc(C)cc3)c2c1,13.5,mL.min-1.kg-1,hepatocyte_human
18005513,CHEMBL4003193,CHEMBL4103139,CL,mL.min-1.kg-1,=,16.6,CHEMBL613419,Homo sapiens,Intrinsic clearance in human liver S9 fraction at 2 uM by HPLC-MS/MS analysis,A,CCc1ccc(NC(=O)COc2cc(C)nc3ccc(OC)cc23)cc1,16.6,mL.min-1.kg-1,hepatocyte_human
18005514,CHEMBL4003193,CHEMBL4086720,CL,mL.min-1.kg-1,=,12.7,CHEMBL613419,Homo sapiens,Intrinsic clearance in human liver S9 fraction at 2 uM by HPLC-MS/MS analysis,A,CCCc1ccc(NC(=O)COc2cc(C)nc3ccc(OC)cc23)cc1,12.7,mL.min-1.kg-1,hepatocyte_human
18005515,CHEMBL4003193,CHEMBL4065285,CL,mL.min-1.kg-1,=,16.3,CHEMBL613419,Homo sapiens,Intrinsic clearance in human liver S9 fraction at 2 uM by HPLC-MS/MS analysis,A,CCCCc1ccc(NC(=O)COc2cc(C)nc3ccc(OC)cc23)cc1,16.3,mL.min-1.kg-1,hepatocyte_human
18005516,CHEMBL4003193,CHEMBL4094462,CL,mL.min-1.kg-1,=,14.8,CHEMBL613419,Homo sapiens,Intrinsic clearance in human liver S9 fraction at 2 uM by HPLC-MS/MS analysis,A,CCCCCc1ccc(NC(=O)COc2cc(C)nc3ccc(OC)cc23)cc1,14.8,mL.min-1.kg-1,hepatocyte_human
18064270,CHEMBL4013838,CHEMBL4064081,CL,mL.min-1.g-1,=,2.82,CHEMBL613419,Homo sapiens,Intrinsic clearance in human liver s9 fraction in absence of NADPH,A,C=CC(=O)Nc1ccc(CCn2c(=O)c(-c3cc(OC)cc(OC)c3Cl)cc3cnc(NCCN4CCOCC4)nc32)cc1,0.00282,mL.min-1.kg-1,hepatocyte_human
18064271,CHEMBL4013838,CHEMBL4068509,CL,mL.min-1.g-1,=,0.0,CHEMBL613419,Homo sapiens,Intrinsic clearance in human liver s9 fraction in absence of NADPH,A,C=CC(=O)N1CCN(CCCn2c(=O)c(-c3c(Cl)c(OC)cc(OC)c3Cl)cc3cnc(NC)nc32)CC1,0.0,mL.min-1.kg-1,hepatocyte_human
18064272,CHEMBL4013838,CHEMBL4095844,CL,mL.min-1.g-1,=,2.3,CHEMBL613419,Homo sapiens,Intrinsic clearance in human liver s9 fraction in absence of NADPH,A,C=CC(=O)N1CCC(N(C)CCn2c(=O)c(-c3c(Cl)c(OC)cc(OC)c3Cl)cc3cnc(NC)nc32)CC1,0.0023,mL.min-1.kg-1,hepatocyte_human
18064273,CHEMBL4013838,CHEMBL4089842,CL,mL.min-1.g-1,=,0.5,CHEMBL613419,Homo sapiens,Intrinsic clearance in human liver s9 fraction in absence of NADPH,A,C=CC(=O)N1CC(N(C)CCn2c(=O)c(-c3c(Cl)c(OC)cc(OC)c3Cl)cc3cnc(NC)nc32)C1,0.0005,mL.min-1.kg-1,hepatocyte_human
18064274,CHEMBL4013838,CHEMBL4061766,CL,mL.min-1.g-1,=,0.0,CHEMBL613419,Homo sapiens,Intrinsic clearance in human liver s9 fraction in absence of NADPH,A,C=CC(=O)N1CCCC(OCCn2c(=O)c(-c3c(Cl)c(OC)cc(OC)c3Cl)cc3cnc(NC)nc32)C1,0.0,mL.min-1.kg-1,hepatocyte_human
18064275,CHEMBL4013838,CHEMBL4081984,CL,mL.min-1.g-1,=,0.0,CHEMBL613419,Homo sapiens,Intrinsic clearance in human liver s9 fraction in absence of NADPH,A,C=CC(=O)N1CCC(OCCn2c(=O)c(-c3c(Cl)c(OC)cc(OC)c3Cl)cc3cnc(NC)nc32)C1,0.0,mL.min-1.kg-1,hepatocyte_human
18064276,CHEMBL4013838,CHEMBL4099992,CL,mL.min-1.g-1,=,0.6,CHEMBL613419,Homo sapiens,Intrinsic clearance in human liver s9 fraction in absence of NADPH,A,C=CC(=O)N1CC(OCCn2c(=O)c(-c3c(Cl)c(OC)cc(OC)c3Cl)cc3cnc(NC)nc32)C1,0.0006,mL.min-1.kg-1,hepatocyte_human
18064277,CHEMBL4013839,CHEMBL4064081,CL,mL.min-1.g-1,=,7.08,CHEMBL613419,Homo sapiens,Intrinsic clearance in human liver s9 fraction in presence of NADPH,A,C=CC(=O)Nc1ccc(CCn2c(=O)c(-c3cc(OC)cc(OC)c3Cl)cc3cnc(NCCN4CCOCC4)nc32)cc1,0.00708,mL.min-1.kg-1,hepatocyte_human
18064278,CHEMBL4013839,CHEMBL4068509,CL,mL.min-1.g-1,=,1.35,CHEMBL613419,Homo sapiens,Intrinsic clearance in human liver s9 fraction in presence of NADPH,A,C=CC(=O)N1CCN(CCCn2c(=O)c(-c3c(Cl)c(OC)cc(OC)c3Cl)cc3cnc(NC)nc32)CC1,0.00135,mL.min-1.kg-1,hepatocyte_human
18064279,CHEMBL4013839,CHEMBL4095844,CL,mL.min-1.g-1,=,18.4,CHEMBL613419,Homo sapiens,Intrinsic clearance in human liver s9 fraction in presence of NADPH,A,C=CC(=O)N1CCC(N(C)CCn2c(=O)c(-c3c(Cl)c(OC)cc(OC)c3Cl)cc3cnc(NC)nc32)CC1,0.0184,mL.min-1.kg-1,hepatocyte_human
18064280,CHEMBL4013839,CHEMBL4089842,CL,mL.min-1.g-1,=,6.3,CHEMBL613419,Homo sapiens,Intrinsic clearance in human liver s9 fraction in presence of NADPH,A,C=CC(=O)N1CC(N(C)CCn2c(=O)c(-c3c(Cl)c(OC)cc(OC)c3Cl)cc3cnc(NC)nc32)C1,0.0063,mL.min-1.kg-1,hepatocyte_human
18064281,CHEMBL4013839,CHEMBL4061766,CL,mL.min-1.g-1,=,71.6,CHEMBL613419,Homo sapiens,Intrinsic clearance in human liver s9 fraction in presence of NADPH,A,C=CC(=O)N1CCCC(OCCn2c(=O)c(-c3c(Cl)c(OC)cc(OC)c3Cl)cc3cnc(NC)nc32)C1,0.0716,mL.min-1.kg-1,hepatocyte_human
18064282,CHEMBL4013839,CHEMBL4081984,CL,mL.min-1.g-1,=,36.9,CHEMBL613419,Homo sapiens,Intrinsic clearance in human liver s9 fraction in presence of NADPH,A,C=CC(=O)N1CCC(OCCn2c(=O)c(-c3c(Cl)c(OC)cc(OC)c3Cl)cc3cnc(NC)nc32)C1,0.036899999999999995,mL.min-1.kg-1,hepatocyte_human
18064283,CHEMBL4013839,CHEMBL4099992,CL,mL.min-1.g-1,=,0.2,CHEMBL613419,Homo sapiens,Intrinsic clearance in human liver s9 fraction in presence of NADPH,A,C=CC(=O)N1CC(OCCn2c(=O)c(-c3c(Cl)c(OC)cc(OC)c3Cl)cc3cnc(NC)nc32)C1,0.0002,mL.min-1.kg-1,hepatocyte_human
18092563,CHEMBL4020241,CHEMBL3987016,CL,mL.min-1.kg-1,=,14.5,CHEMBL612558,,Intrinsic clearance in human hepatocytes,A,CCS(=O)(=O)Nc1ccc(Oc2ccc(F)cc2F)c(-c2cn(C)c(=O)c3[nH]ccc23)c1,14.5,mL.min-1.kg-1,hepatocyte_human
18106625,CHEMBL4022901,CHEMBL4085871,CL,mL.min-1.kg-1,=,416.67,CHEMBL612558,,Unbound intrinsic clearance in human hepatocytes,A,COc1ccc2c(c1)O[C@@H](c1cccc(C(=O)O)c1)C[C@H]2NC(=O)C1(c2ccc3c(c2)OC(F)(F)O3)CC1,416.67,mL.min-1.kg-1,hepatocyte_human
18106626,CHEMBL4022901,CHEMBL4096042,CL,mL.min-1.kg-1,=,183.33,CHEMBL612558,,Unbound intrinsic clearance in human hepatocytes,A,COc1ccc2c(c1)[C@H](NC(=O)C1(c3ccc4c(c3)OC(F)(F)O4)CC1)C[C@H](c1cccc(C(=O)O)c1)O2,183.33,mL.min-1.kg-1,hepatocyte_human
18106627,CHEMBL4022901,CHEMBL4077999,CL,mL.min-1.kg-1,=,433.33,CHEMBL612558,,Unbound intrinsic clearance in human hepatocytes,A,O=C(O)c1cccc([C@H]2C[C@@H](NC(=O)C3(c4ccc5c(c4)OC(F)(F)O5)CC3)c3ccc(F)cc3O2)c1,433.33,mL.min-1.kg-1,hepatocyte_human
18106628,CHEMBL4022901,CHEMBL4088314,CL,mL.min-1.kg-1,=,350.0,CHEMBL612558,,Unbound intrinsic clearance in human hepatocytes,A,Cc1ccc2c(c1)O[C@@H](c1cccc(C(=O)O)c1)C[C@H]2NC(=O)C1(c2ccc3c(c2)OC(F)(F)O3)CC1,350.0,mL.min-1.kg-1,hepatocyte_human
18106629,CHEMBL4022901,CHEMBL4067042,CL,mL.min-1.kg-1,=,300.0,CHEMBL612558,,Unbound intrinsic clearance in human hepatocytes,A,O=C(O)c1cccc([C@H]2C[C@@H](NC(=O)C3(c4ccc5c(c4)OC(F)(F)O5)CC3)c3ccc(C(F)(F)F)cc3O2)c1,300.0,mL.min-1.kg-1,hepatocyte_human
18106630,CHEMBL4022901,CHEMBL4093771,CL,mL.min-1.kg-1,=,233.33,CHEMBL612558,,Unbound intrinsic clearance in human hepatocytes,A,O=C(O)c1cccc([C@H]2C[C@@H](NC(=O)C3(c4ccc5c(c4)OC(F)(F)O5)CC3)c3ccc(OC(F)F)cc3O2)c1,233.33,mL.min-1.kg-1,hepatocyte_human
18106631,CHEMBL4022901,CHEMBL4066196,CL,mL.min-1.kg-1,=,250.0,CHEMBL612558,,Unbound intrinsic clearance in human hepatocytes,A,COc1ccc2c(c1)O[C@@H](c1ccc(C(=O)O)cc1)C[C@H]2NC(=O)C1(c2ccc3c(c2)OC(F)(F)O3)CC1,250.0,mL.min-1.kg-1,hepatocyte_human
18106632,CHEMBL4022901,CHEMBL4101487,CL,mL.min-1.kg-1,=,116.67,CHEMBL612558,,Unbound intrinsic clearance in human hepatocytes,A,O=C(O)c1ccc([C@H]2C[C@@H](NC(=O)C3(c4ccc5c(c4)OC(F)(F)O5)CC3)c3ccc(OC(F)F)cc3O2)cc1,116.67,mL.min-1.kg-1,hepatocyte_human
18109470,CHEMBL4023791,CHEMBL4065122,CL,mL.min-1.kg-1,=,7.6,CHEMBL612558,,Clearance in human hepatocytes at 1 uM incubated up to 60 mins by LC-MS/MS method,A,C[C@H]1CN(C2COC2)CCN1c1ccc(Nc2cc(-c3ccnc(N4CCn5c(cc6c5CC(C)(C)C6)C4=O)c3CO)cn(C)c2=O)nc1,7.6,mL.min-1.kg-1,hepatocyte_human
18109471,CHEMBL4023791,CHEMBL4066176,CL,mL.min-1.kg-1,=,14.0,CHEMBL612558,,Clearance in human hepatocytes at 1 uM incubated up to 60 mins by LC-MS/MS method,A,C[C@@H]1CN(C2COC2)CCN1c1ccc(Nc2cc(-c3ccnc(N4CCn5c(cc6c5CC(C)(C)C6)C4=O)c3CO)cn(C)c2=O)nc1,14.0,mL.min-1.kg-1,hepatocyte_human
18109472,CHEMBL4023791,CHEMBL4087543,CL,mL.min-1.kg-1,=,16.0,CHEMBL612558,,Clearance in human hepatocytes at 1 uM incubated up to 60 mins by LC-MS/MS method,A,CC[C@H]1CN(C2COC2)CCN1c1ccc(Nc2cc(-c3ccnc(N4CCn5c(cc6c5CC(C)(C)C6)C4=O)c3CO)cn(C)c2=O)nc1,16.0,mL.min-1.kg-1,hepatocyte_human
18109473,CHEMBL4023791,CHEMBL4074792,CL,mL.min-1.kg-1,=,12.0,CHEMBL612558,,Clearance in human hepatocytes at 1 uM incubated up to 60 mins by LC-MS/MS method,A,C[C@@H]1CN(c2ccc(Nc3cc(-c4ccnc(N5CCn6c(cc7c6CC(C)(C)C7)C5=O)c4CO)cn(C)c3=O)nc2)[C@@H](C)CN1C1COC1,12.0,mL.min-1.kg-1,hepatocyte_human
18109474,CHEMBL4023791,CHEMBL4095248,CL,mL.min-1.kg-1,=,13.0,CHEMBL612558,,Clearance in human hepatocytes at 1 uM incubated up to 60 mins by LC-MS/MS method,A,C[C@H]1CN(C2COC2)CCN1c1ccc(Nc2cc(-c3ccnc(N4CCn5c(cc6c5CC(C)(C)C6)C4=O)c3CO)nn(C)c2=O)nc1,13.0,mL.min-1.kg-1,hepatocyte_human
18109475,CHEMBL4023791,CHEMBL4070991,CL,mL.min-1.kg-1,=,10.0,CHEMBL612558,,Clearance in human hepatocytes at 1 uM incubated up to 60 mins by LC-MS/MS method,A,C[C@H]1CN(C2COC2)CCN1c1cnc(Nc2cc(-c3ccnc(N4CCn5c(cc6c5CC(C)(C)C6)C4=O)c3CO)cn(C)c2=O)cn1,10.0,mL.min-1.kg-1,hepatocyte_human
18122000,CHEMBL4026948,CHEMBL4075348,CL,mL.min-1.kg-1,=,30.0,CHEMBL612558,,Unbound intrinsic clearance in human hepatocytes,A,CC1(C)Cc2c(sc(NC(=O)c3ccn[nH]3)c2C(N)=O)C(C)(C)O1,30.0,mL.min-1.kg-1,hepatocyte_human
18126675,CHEMBL4028119,CHEMBL3092562,CL,mL.min-1.kg-1,=,44.0,CHEMBL612558,,Intrinsic clearance in human hepatocytes,A,Cc1nc(-c2cnn(C)c2-c2ccc(C(F)(F)F)cn2)c2c(N3CCC3)ncnn12,44.0,mL.min-1.kg-1,hepatocyte_human
18127078,CHEMBL4028325,CHEMBL4104117,CL,mL.min-1.kg-1,=,32.52,CHEMBL612558,,Intrinsic clearance in human hepatocytes at 10 uM by LC-MS/MS analysis,A,O=C(NO)c1ccc(CNc2cccc3cccnc23)cc1,32.52,mL.min-1.kg-1,hepatocyte_human
18138088,CHEMBL4030267,CHEMBL4070692,CL,mL.min-1.kg-1,=,15.2,CHEMBL612558,,Clearance in human hepatocytes,A,Cc1nnc2sc(C(=O)NCc3ccc(-c4ccncc4)cc3)c(N)c2c1C,15.2,mL.min-1.kg-1,hepatocyte_human
18138089,CHEMBL4030267,CHEMBL4094439,CL,mL.min-1.kg-1,=,17.8,CHEMBL612558,,Clearance in human hepatocytes,A,Cc1nnc2sc(C(=O)NCc3ccc(-c4ccnc(F)c4)cc3)c(N)c2c1C,17.8,mL.min-1.kg-1,hepatocyte_human
18138090,CHEMBL4030267,CHEMBL4102040,CL,mL.min-1.kg-1,=,17.1,CHEMBL612558,,Clearance in human hepatocytes,A,Cc1nnc2sc(C(=O)NCc3ccc(-c4ccc(F)nc4)cc3)c(N)c2c1C,17.1,mL.min-1.kg-1,hepatocyte_human
18138091,CHEMBL4030267,CHEMBL4091821,CL,mL.min-1.kg-1,=,14.8,CHEMBL612558,,Clearance in human hepatocytes,A,Cc1nnc2sc(C(=O)NCc3ccc(-c4cccnc4F)cc3)c(N)c2c1C,14.8,mL.min-1.kg-1,hepatocyte_human
18148695,CHEMBL4032999,CHEMBL3703085,CL,mL.min-1.kg-1,=,26.0,CHEMBL612558,,Intrinsic clearance in human hepatocytes after 120 mins by LC-MS/MS analysis,A,CN(C)[C@H]1CC[C@H](n2cc(C(N)=O)c(Nc3ccc(Cl)cc3)n2)[C@@H](C#N)C1,26.0,mL.min-1.kg-1,hepatocyte_human
18148696,CHEMBL4032999,CHEMBL4094682,CL,mL.min-1.kg-1,=,32.0,CHEMBL612558,,Intrinsic clearance in human hepatocytes after 120 mins by LC-MS/MS analysis,A,CN([C@H]1CC[C@H](n2cc(C(N)=O)c(Nc3ccc(Cl)cc3)n2)[C@@H](C#N)C1)C1(C)COC1,32.0,mL.min-1.kg-1,hepatocyte_human
18148697,CHEMBL4032999,CHEMBL4076821,CL,mL.min-1.kg-1,=,25.0,CHEMBL612558,,Intrinsic clearance in human hepatocytes after 120 mins by LC-MS/MS analysis,A,N#C[C@H]1CCCC[C@@H]1n1cc(C(N)=O)c(Nc2ccccc2)n1,25.0,mL.min-1.kg-1,hepatocyte_human
18148698,CHEMBL4032999,CHEMBL4100288,CL,mL.min-1.kg-1,=,6.0,CHEMBL612558,,Intrinsic clearance in human hepatocytes after 120 mins by LC-MS/MS analysis,A,N#C[C@H]1CCOC[C@@H]1n1cc(C(N)=O)c(Nc2ccccc2)n1,6.0,mL.min-1.kg-1,hepatocyte_human
18148699,CHEMBL4032999,CHEMBL4089234,CL,mL.min-1.kg-1,=,85.0,CHEMBL612558,,Intrinsic clearance in human hepatocytes after 120 mins by LC-MS/MS analysis,A,N#C[C@H]1CCOC[C@@H]1n1cc(C(N)=O)c(Nc2ccc(Cl)cc2)n1,85.0,mL.min-1.kg-1,hepatocyte_human
18148701,CHEMBL4032999,CHEMBL4077886,CL,mL.min-1.kg-1,=,41.0,CHEMBL612558,,Intrinsic clearance in human hepatocytes after 120 mins by LC-MS/MS analysis,A,N#C[C@H]1CCOC[C@@H]1n1cc(C(N)=O)c(Nc2ccc(C3CC3)cc2)n1,41.0,mL.min-1.kg-1,hepatocyte_human
18148702,CHEMBL4032999,CHEMBL4102140,CL,mL.min-1.kg-1,=,28.0,CHEMBL612558,,Intrinsic clearance in human hepatocytes after 120 mins by LC-MS/MS analysis,A,N#C[C@H]1CCOC[C@@H]1n1cc(C(N)=O)c(Nc2ccc(OC(F)F)cc2)n1,28.0,mL.min-1.kg-1,hepatocyte_human
18148704,CHEMBL4032999,CHEMBL4096821,CL,mL.min-1.kg-1,=,2.5,CHEMBL612558,,Intrinsic clearance in human hepatocytes after 120 mins by LC-MS/MS analysis,A,N#C[C@H]1CCOC[C@@H]1n1cc(C(N)=O)c(Nc2ccc(-n3ccnn3)cc2)n1,2.5,mL.min-1.kg-1,hepatocyte_human
18148705,CHEMBL4032999,CHEMBL4067915,CL,mL.min-1.kg-1,=,1.5,CHEMBL612558,,Intrinsic clearance in human hepatocytes after 120 mins by LC-MS/MS analysis,A,N#C[C@H]1CCOC[C@@H]1n1cc(C(N)=O)c(Nc2ccnc(F)c2)n1,1.5,mL.min-1.kg-1,hepatocyte_human
18148707,CHEMBL4032999,CHEMBL4061128,CL,mL.min-1.kg-1,=,3.0,CHEMBL612558,,Intrinsic clearance in human hepatocytes after 120 mins by LC-MS/MS analysis,A,N#Cc1ccc(Nc2nn([C@H]3COCC[C@@H]3C#N)cc2C(N)=O)cc1,3.0,mL.min-1.kg-1,hepatocyte_human
18148708,CHEMBL4032999,CHEMBL4066906,CL,mL.min-1.kg-1,=,62.0,CHEMBL612558,,Intrinsic clearance in human hepatocytes after 120 mins by LC-MS/MS analysis,A,C[C@@H]1NS(=O)(=O)c2ccc(Nc3nn([C@H]4COCC[C@@H]4C#N)cc3C(N)=O)cc21,62.0,mL.min-1.kg-1,hepatocyte_human
18148709,CHEMBL4032999,CHEMBL4072848,CL,mL.min-1.kg-1,=,24.0,CHEMBL612558,,Intrinsic clearance in human hepatocytes after 120 mins by LC-MS/MS analysis,A,COc1cc(Nc2nn([C@H]3COCC[C@@H]3C#N)cc2C(N)=O)ccc1C#N,24.0,mL.min-1.kg-1,hepatocyte_human
18148710,CHEMBL4032999,CHEMBL4071005,CL,mL.min-1.kg-1,=,6.0,CHEMBL612558,,Intrinsic clearance in human hepatocytes after 120 mins by LC-MS/MS analysis,A,COc1cc(Nc2nn([C@H]3COCC[C@@H]3C#N)cc2C(N)=O)ccc1Cl,6.0,mL.min-1.kg-1,hepatocyte_human
18148711,CHEMBL4032999,CHEMBL4092626,CL,mL.min-1.kg-1,=,4.0,CHEMBL612558,,Intrinsic clearance in human hepatocytes after 120 mins by LC-MS/MS analysis,A,CN(C)c1cc(Nc2nn([C@H]3COCC[C@@H]3C#N)cc2C(N)=O)cc(F)n1,4.0,mL.min-1.kg-1,hepatocyte_human
18148712,CHEMBL4032999,CHEMBL4066193,CL,mL.min-1.kg-1,=,2.0,CHEMBL612558,,Intrinsic clearance in human hepatocytes after 120 mins by LC-MS/MS analysis,A,COc1cc(Nc2nn([C@H]3COCC[C@@H]3C#N)cc2C(N)=O)cc(F)n1,2.0,mL.min-1.kg-1,hepatocyte_human
18148713,CHEMBL4032999,CHEMBL4088262,CL,mL.min-1.kg-1,=,15.0,CHEMBL612558,,Intrinsic clearance in human hepatocytes after 120 mins by LC-MS/MS analysis,A,COc1ccnc2c(F)cc(Nc3nn([C@H]4COCC[C@@H]4C#N)cc3C(N)=O)cc12,15.0,mL.min-1.kg-1,hepatocyte_human
18148714,CHEMBL4032999,CHEMBL4076473,CL,mL.min-1.kg-1,=,25.0,CHEMBL612558,,Intrinsic clearance in human hepatocytes after 120 mins by LC-MS/MS analysis,A,N#C[C@H]1CCOC[C@@H]1n1cc(C(N)=O)c(Nc2cc(F)c3nccc(Cl)c3c2)n1,25.0,mL.min-1.kg-1,hepatocyte_human
18160769,CHEMBL4035855,CHEMBL4083572,CL,mL.min-1.kg-1,=,12.0,CHEMBL612558,,Hepatic clearance in human hepatocytes,A,Cc1cc(-c2cnn(C)c2)cc(C2CCN(C(=O)c3cc(C(C)C)n[nH]3)C2)n1,12.0,mL.min-1.kg-1,hepatocyte_human
18160770,CHEMBL4035855,CHEMBL4088737,CL,mL.min-1.kg-1,=,1.2,CHEMBL612558,,Hepatic clearance in human hepatocytes,A,CC(C)c1cc(C(=O)N2CC[C@@H](NC(=O)C3CC3)C2)[nH]n1,1.2,mL.min-1.kg-1,hepatocyte_human
18163554,CHEMBL4036211,CHEMBL3664717,CL,mL.min-1.kg-1,=,0.2,CHEMBL612558,,Clearance in human hepatocytes,A,C[C@@H](c1ccc(-c2ccn(C)c(=O)c2)cc1)N1CC[C@](CC(C)(C)O)(c2ccccc2)OC1=O,0.2,mL.min-1.kg-1,hepatocyte_human
18167367,CHEMBL4036706,CHEMBL3670082,CL,mL.min-1.kg-1,=,11.0,CHEMBL612558,,Clearance in human hepatocytes at 1 uM after 20 to 60 mins by LC/MS/MS analysis,A,Cn1cc(-c2cccc(N3CCc4c(sc5c4CC(C)(C)C5)C3=O)c2CO)cc(Nc2ccncn2)c1=O,11.0,mL.min-1.kg-1,hepatocyte_human
18167369,CHEMBL4036706,CHEMBL3670139,CL,mL.min-1.kg-1,=,8.8,CHEMBL612558,,Clearance in human hepatocytes at 1 uM after 20 to 60 mins by LC/MS/MS analysis,A,Cn1cc(-c2cccc(N3CCc4c(sc5c4CC(C)(C)C5)C3=O)c2CO)cc(Nc2ccc(N3CCN(C4COC4)CC3)cn2)c1=O,8.8,mL.min-1.kg-1,hepatocyte_human
18167370,CHEMBL4036706,CHEMBL3670088,CL,mL.min-1.kg-1,=,10.0,CHEMBL612558,,Clearance in human hepatocytes at 1 uM after 20 to 60 mins by LC/MS/MS analysis,A,CN1CCN(c2ccc(Nc3cc(-c4cccc(N5CCn6c(cc7c6CCCC7)C5=O)c4CO)cn(C)c3=O)nc2)CC1,10.0,mL.min-1.kg-1,hepatocyte_human
18170990,CHEMBL4037612,CHEMBL4067429,CL,mL.min-1.g-1,=,0.79,CHEMBL612558,,Intrinsic clearance in human hepatocytes,A,CC1=CCC[C@H]1NC(=O)Nc1ccc(Cl)c(S(=O)(=O)[C@@]2(C)CCOC2)c1O,0.00079,mL.min-1.kg-1,hepatocyte_human
18172135,CHEMBL4037984,CHEMBL4079080,CL,mL.min-1.kg-1,=,52.0,CHEMBL612558,,Intrinsic clearance in human hepatocytes,A,O=C(O[C@H](CO)C(F)(F)F)N1C[C@@H]2[C@H](C1)[C@H]2c1ccn(-c2ccc(F)cc2)n1,52.0,mL.min-1.kg-1,hepatocyte_human
18172136,CHEMBL4037985,CHEMBL4079080,CL,mL.min-1.kg-1,=,37.0,CHEMBL612558,,Intrinsic clearance in human hepatocytes in presence of CYP inhibitor ABT,A,O=C(O[C@H](CO)C(F)(F)F)N1C[C@@H]2[C@H](C1)[C@H]2c1ccn(-c2ccc(F)cc2)n1,37.0,mL.min-1.kg-1,hepatocyte_human
18187212,CHEMBL4040896,CHEMBL4105630,CL,mL.min-1.kg-1,=,15.0,CHEMBL612558,,Clearance in human hepatocytes at 10 uM preincubated for 5 mins followed by NADPH addition measured over 60 mins by HPLC-MS/MS analysis,A,C[C@@]1(O)CC[C@H]2[C@H](CC[C@@H]3[C@@H]2CC[C@]2(C)[C@@H](C(=O)Cn4cc(C#N)cn4)CC[C@@H]32)C1,15.0,mL.min-1.kg-1,hepatocyte_human
18214090,CHEMBL4046619,CHEMBL4076947,CL,mL.min-1.kg-1,=,14.0,CHEMBL612558,,Clearance in human hepatocytes,A,Cc1cc(Nc2nccc3nc(-c4c(Cl)cc(C#N)cc4Cl)[nH]c23)ncn1,14.0,mL.min-1.kg-1,hepatocyte_human
18216538,CHEMBL4046927,CHEMBL4070787,CL,mL.min-1.kg-1,=,17.0,CHEMBL612558,,Clearance in human hepatocytes,A,N#Cc1cnc2ccc(F)cc2c1N1CCC(C(=O)NCc2ccccc2)CC1,17.0,mL.min-1.kg-1,hepatocyte_human
18216539,CHEMBL4046927,CHEMBL4084306,CL,mL.min-1.kg-1,=,19.0,CHEMBL612558,,Clearance in human hepatocytes,A,COc1ccc(CNC(=O)C2CCN(c3c(C#N)cnc4ccc(F)cc34)CC2)cc1F,19.0,mL.min-1.kg-1,hepatocyte_human
18216540,CHEMBL4046927,CHEMBL4075391,CL,mL.min-1.kg-1,=,13.0,CHEMBL612558,,Clearance in human hepatocytes,A,N#Cc1cnc2ccc(F)cc2c1N1CCC(C(=O)Nc2ccc(S(N)(=O)=O)cc2)CC1,13.0,mL.min-1.kg-1,hepatocyte_human
18216541,CHEMBL4046927,CHEMBL4084404,CL,mL.min-1.kg-1,=,20.0,CHEMBL612558,,Clearance in human hepatocytes,A,COc1ccc2c(c1)CCN(C(=O)C1CCN(c3c(C#N)cnc4ccc(F)cc34)CC1)C2,20.0,mL.min-1.kg-1,hepatocyte_human
18216542,CHEMBL4046927,CHEMBL4080878,CL,mL.min-1.kg-1,=,15.0,CHEMBL612558,,Clearance in human hepatocytes,A,Cc1ccc(OC2CCN(c3c(C#N)cnc4ccc(F)cc34)CC2)cn1,15.0,mL.min-1.kg-1,hepatocyte_human
18216543,CHEMBL4046927,CHEMBL3808485,CL,mL.min-1.kg-1,=,20.0,CHEMBL612558,,Clearance in human hepatocytes,A,Cc1ccc(OC2CCN(c3ncnc4ccc(F)cc34)CC2)cn1,20.0,mL.min-1.kg-1,hepatocyte_human
18226786,CHEMBL4049021,CHEMBL4092287,CL,mL.min-1.kg-1,=,6.6,CHEMBL612558,,Clearance in human hepatocytes,A,C[C@H]1[C@H](F)C[C@@H](C(=O)NCc2cc(-c3cnc(C(F)(F)F)nc3)ncc2F)N1S(=O)(=O)c1ccc(F)cc1,6.6,mL.min-1.kg-1,hepatocyte_human
18376673,CHEMBL4144779,CHEMBL4160171,CL,mL.min-1.kg-1,=,18.0,CHEMBL613690,Homo sapiens,Intrinsic clearance in human hepatocytes,A,Cc1nn2c(-c3c(C)nn(C)c3-c3ccc(C(F)(F)F)cc3)nc(C)c2c(=O)[nH]1,18.0,mL.min-1.kg-1,hepatocyte_human
18450661,CHEMBL4178349,CHEMBL4216679,CL,mL.min-1.g-1,=,23.0,CHEMBL613690,Homo sapiens,Intrinsic clearance in human hepatocytes at 1 uM by LC-MS/MS analysis,A,C=CC(=O)N[C@@H]1CN(c2nc(Nc3cn(C)nc3OC)c3ncn(C(C)C)c3n2)C[C@H]1F,0.023,mL.min-1.kg-1,hepatocyte_human
18450663,CHEMBL4178349,CHEMBL4205392,CL,mL.min-1.g-1,=,5.6,CHEMBL613690,Homo sapiens,Intrinsic clearance in human hepatocytes at 1 uM by LC-MS/MS analysis,A,C=CC(=O)N[C@@H]1CN(c2nc(Nc3cn(C)nc3OC)c3ncn(CC)c3n2)C[C@H]1F,0.0056,mL.min-1.kg-1,hepatocyte_human
18450664,CHEMBL4178349,CHEMBL3989970,CL,mL.min-1.g-1,=,3.0,CHEMBL613690,Homo sapiens,Intrinsic clearance in human hepatocytes at 1 uM by LC-MS/MS analysis,A,C=CC(=O)N[C@@H]1CN(c2nc(Nc3cn(C)nc3OC)c3ncn(C)c3n2)C[C@H]1F,0.003,mL.min-1.kg-1,hepatocyte_human
18450792,CHEMBL4178445,CHEMBL3989970,CL,mL.min-1.kg-1,=,3.0,CHEMBL612558,,Apparent intrinsic clearance in human hepatocytes,A,C=CC(=O)N[C@@H]1CN(c2nc(Nc3cn(C)nc3OC)c3ncn(C)c3n2)C[C@H]1F,3.0,mL.min-1.kg-1,hepatocyte_human
18458963,CHEMBL4180107,CHEMBL4203977,CL,mL.min-1.kg-1,=,13.2,CHEMBL612558,,Clearance in human hepatocytes,A,Cc1cc(C)c2cc(C(=O)NC3CN(c4ccc(C(F)(F)F)nc4)C3)ccc2n1,13.2,mL.min-1.kg-1,hepatocyte_human
18458964,CHEMBL4180107,CHEMBL4206946,CL,mL.min-1.kg-1,=,17.5,CHEMBL612558,,Clearance in human hepatocytes,A,COc1cc(N2CC(NC(=O)c3ccc4nc(C)cc(C)c4c3)C2)c(Cl)cn1,17.5,mL.min-1.kg-1,hepatocyte_human
18458965,CHEMBL4180107,CHEMBL4214738,CL,mL.min-1.kg-1,=,18.6,CHEMBL612558,,Clearance in human hepatocytes,A,Cc1cc(C)c2cc(C(=O)NC3CN(c4cc(Cl)ncc4Cl)C3)ccc2n1,18.6,mL.min-1.kg-1,hepatocyte_human
18458966,CHEMBL4180107,CHEMBL4207861,CL,mL.min-1.kg-1,=,18.1,CHEMBL612558,,Clearance in human hepatocytes,A,Cc1cc(C)c2cc(C(=O)NC3CN(c4ccnc(F)c4F)C3)ccc2n1,18.1,mL.min-1.kg-1,hepatocyte_human
18529046,CHEMBL4195038,CHEMBL4202502,CL,mL.min-1.kg-1,=,98.2,CHEMBL612558,,Metabolic stability in human hepatic S9 fraction assessed as intrinsic clearance in presence of NADPH incubated for 60 mins by LC/MS analysis,A,Cc1csc(NC(=O)c2cc(C(F)c3cncnc3)cc3cccnc23)n1,98.2,mL.min-1.kg-1,hepatocyte_human
18529047,CHEMBL4195038,CHEMBL4205817,CL,mL.min-1.kg-1,=,110.0,CHEMBL612558,,Metabolic stability in human hepatic S9 fraction assessed as intrinsic clearance in presence of NADPH incubated for 60 mins by LC/MS analysis,A,Cc1csc(NC(=O)c2cc(C(F)(F)c3cncnc3)cc3cccnc23)n1,110.0,mL.min-1.kg-1,hepatocyte_human
18529048,CHEMBL4195039,CHEMBL4202502,CL,mL.min-1.kg-1,=,31.3,CHEMBL612558,,Metabolic stability in human hepatic S9 fraction assessed as intrinsic clearance in absence of of NADPH incubated for 60 mins by LC/MS analysis,A,Cc1csc(NC(=O)c2cc(C(F)c3cncnc3)cc3cccnc23)n1,31.3,mL.min-1.kg-1,hepatocyte_human
18529049,CHEMBL4195039,CHEMBL4205817,CL,mL.min-1.kg-1,=,19.6,CHEMBL612558,,Metabolic stability in human hepatic S9 fraction assessed as intrinsic clearance in absence of of NADPH incubated for 60 mins by LC/MS analysis,A,Cc1csc(NC(=O)c2cc(C(F)(F)c3cncnc3)cc3cccnc23)n1,19.6,mL.min-1.kg-1,hepatocyte_human
18533698,CHEMBL4195754,CHEMBL4216289,CL,mL.min-1.kg-1,=,5.6,CHEMBL612558,,Clearance in human hepatocytes at 1 uM up to 60 mins in presence of NADPH by LC-MS/MS analysis,A,CN1CC[C@@](O)(C#Cc2cccc(-c3ccc(N)c(C(N)=O)n3)c2)C1=O,5.6,mL.min-1.kg-1,hepatocyte_human
18533700,CHEMBL4195754,CHEMBL4211840,CL,mL.min-1.kg-1,=,5.8,CHEMBL612558,,Clearance in human hepatocytes at 1 uM up to 60 mins in presence of NADPH by LC-MS/MS analysis,A,COc1cc(C(N)=O)nc(-c2cccc(C#C[C@]3(O)CCN(C)C3=O)c2)c1,5.8,mL.min-1.kg-1,hepatocyte_human
18533701,CHEMBL4195754,CHEMBL4211560,CL,mL.min-1.kg-1,=,2.9,CHEMBL612558,,Clearance in human hepatocytes at 1 uM up to 60 mins in presence of NADPH by LC-MS/MS analysis,A,CN1CC[C@@](O)(C#Cc2cccc(-c3cccc(C(N)=O)n3)c2)C1=O,2.9,mL.min-1.kg-1,hepatocyte_human
18533702,CHEMBL4195754,CHEMBL4214032,CL,mL.min-1.kg-1,=,8.5,CHEMBL612558,,Clearance in human hepatocytes at 1 uM up to 60 mins in presence of NADPH by LC-MS/MS analysis,A,COc1cc(C(N)=O)nc(-c2cccc(C#C[C@]3(O)CCN(C)C3=O)c2)n1,8.5,mL.min-1.kg-1,hepatocyte_human
18533703,CHEMBL4195754,CHEMBL4217923,CL,mL.min-1.kg-1,=,17.0,CHEMBL612558,,Clearance in human hepatocytes at 1 uM up to 60 mins in presence of NADPH by LC-MS/MS analysis,A,CN1CC[C@@](O)(C#Cc2cccc(-c3cncc(C(N)=O)n3)c2)C1=O,17.0,mL.min-1.kg-1,hepatocyte_human
18533705,CHEMBL4195754,CHEMBL4205698,CL,mL.min-1.kg-1,=,12.0,CHEMBL612558,,Clearance in human hepatocytes at 1 uM up to 60 mins in presence of NADPH by LC-MS/MS analysis,A,COc1ccc2c(-c3cccc(C#C[C@]4(O)CCN(C)C4=O)c3)nc(C(N)=O)n2c1,12.0,mL.min-1.kg-1,hepatocyte_human
18533706,CHEMBL4195754,CHEMBL4217407,CL,mL.min-1.kg-1,=,14.0,CHEMBL612558,,Clearance in human hepatocytes at 1 uM up to 60 mins in presence of NADPH by LC-MS/MS analysis,A,CN1CC[C@@](O)(C#Cc2cccc(-c3nc(C(N)=O)n4ccccc34)c2)C1=O,14.0,mL.min-1.kg-1,hepatocyte_human
18533707,CHEMBL4195754,CHEMBL4205172,CL,mL.min-1.kg-1,=,2.5,CHEMBL612558,,Clearance in human hepatocytes at 1 uM up to 60 mins in presence of NADPH by LC-MS/MS analysis,A,CN1CC[C@@](O)(C#Cc2cccc(-c3nc(C(N)=O)c4ccccn34)c2)C1=O,2.5,mL.min-1.kg-1,hepatocyte_human
18533708,CHEMBL4195754,CHEMBL4208337,CL,mL.min-1.kg-1,=,7.3,CHEMBL612558,,Clearance in human hepatocytes at 1 uM up to 60 mins in presence of NADPH by LC-MS/MS analysis,A,CN1CC[C@@](O)(C#Cc2cccc(-n3nc(C(N)=O)c4cc(F)ccc43)c2)C1=O,7.3,mL.min-1.kg-1,hepatocyte_human
18533709,CHEMBL4195754,CHEMBL4212052,CL,mL.min-1.kg-1,=,13.0,CHEMBL612558,,Clearance in human hepatocytes at 1 uM up to 60 mins in presence of NADPH by LC-MS/MS analysis,A,CN1CC[C@@](O)(C#Cc2cccc(-n3nc(C(N)=O)c4ccccc43)c2)C1=O,13.0,mL.min-1.kg-1,hepatocyte_human
18533710,CHEMBL4195754,CHEMBL4204233,CL,mL.min-1.kg-1,=,11.0,CHEMBL612558,,Clearance in human hepatocytes at 1 uM up to 60 mins in presence of NADPH by LC-MS/MS analysis,A,COc1cnc2c(c1)c(C(N)=O)nn2-c1cccc(C#C[C@]2(O)CCN(C)C2=O)c1,11.0,mL.min-1.kg-1,hepatocyte_human
18533711,CHEMBL4195754,CHEMBL4209095,CL,mL.min-1.kg-1,=,10.0,CHEMBL612558,,Clearance in human hepatocytes at 1 uM up to 60 mins in presence of NADPH by LC-MS/MS analysis,A,CN1CC[C@@](O)(C#Cc2cccc(-n3nc(C(N)=O)c4cccnc43)c2)C1=O,10.0,mL.min-1.kg-1,hepatocyte_human
18533712,CHEMBL4195754,CHEMBL4211551,CL,mL.min-1.kg-1,=,14.1,CHEMBL612558,,Clearance in human hepatocytes at 1 uM up to 60 mins in presence of NADPH by LC-MS/MS analysis,A,CN1CC[C@@](O)(C#Cc2ccnc(-n3nc(C(N)=O)c4cc(F)ccc43)c2)C1=O,14.1,mL.min-1.kg-1,hepatocyte_human
18533713,CHEMBL4195754,CHEMBL4211046,CL,mL.min-1.kg-1,=,15.2,CHEMBL612558,,Clearance in human hepatocytes at 1 uM up to 60 mins in presence of NADPH by LC-MS/MS analysis,A,CN1CC[C@@](O)(C#Cc2ccnc(-n3nc(C(N)=O)c4ccccc43)c2)C1=O,15.2,mL.min-1.kg-1,hepatocyte_human
18533714,CHEMBL4195754,CHEMBL4216004,CL,mL.min-1.kg-1,=,14.9,CHEMBL612558,,Clearance in human hepatocytes at 1 uM up to 60 mins in presence of NADPH by LC-MS/MS analysis,A,CN1CC[C@@](O)(C#Cc2ccnc(-n3nc(C(N)=O)c4c3CCCC4)c2)C1=O,14.9,mL.min-1.kg-1,hepatocyte_human
18567667,CHEMBL4219818,CHEMBL4227515,CL,mL.min-1.kg-1,=,12.4,CHEMBL612558,,Clearance in human hepatocytes,A,Cc1nn(-c2nc(-c3ccc(Cl)c(Cl)c3)c(SC(C)C)s2)c(C(=O)O)c1-c1cc(Cl)cc(Cl)c1,12.4,mL.min-1.kg-1,hepatocyte_human
18571460,CHEMBL4221115,CHEMBL4224785,CL,mL.min-1.kg-1,=,2.54,CHEMBL613690,Homo sapiens,Intrinsic clearance in human primary hepatocytes at 1 uM up to 240 mins by LC-MS/MS analysis,A,Oc1n[nH]c2cc(Cl)ccc12,2.54,mL.min-1.kg-1,hepatocyte_human
18571461,CHEMBL4221115,CHEMBL4225929,CL,mL.min-1.kg-1,=,2.78,CHEMBL613690,Homo sapiens,Intrinsic clearance in human primary hepatocytes at 1 uM up to 240 mins by LC-MS/MS analysis,A,Oc1n[nH]c2cc(F)ccc12,2.78,mL.min-1.kg-1,hepatocyte_human
18571462,CHEMBL4221116,CHEMBL4224785,CL,mL.min-1.kg-1,=,2.075,CHEMBL612558,,Clearance in human primary hepatocytes at 1 uM up to 240 mins by LC-MS/MS analysis,A,Oc1n[nH]c2cc(Cl)ccc12,2.075,mL.min-1.kg-1,hepatocyte_human
18571463,CHEMBL4221116,CHEMBL4225929,CL,mL.min-1.kg-1,=,2.232,CHEMBL612558,,Clearance in human primary hepatocytes at 1 uM up to 240 mins by LC-MS/MS analysis,A,Oc1n[nH]c2cc(F)ccc12,2.232,mL.min-1.kg-1,hepatocyte_human
18705132,CHEMBL4255770,CHEMBL4095528,CL,mL.min-1.g-1,=,6.0,CHEMBL612558,,Clearance in human hepatocytes,A,NC(=O)C(=O)C(Cc1ccccc1)NC(=O)c1cccnc1-n1ccc(-c2ccccc2)n1,0.006,mL.min-1.kg-1,hepatocyte_human
18705133,CHEMBL4255770,CHEMBL4063636,CL,mL.min-1.g-1,=,23.0,CHEMBL612558,,Clearance in human hepatocytes,A,NC(=O)C(=O)C(Cc1ccccc1)NC(=O)c1cccnc1-n1ccc(-c2ccc(F)cc2)n1,0.023,mL.min-1.kg-1,hepatocyte_human
18705135,CHEMBL4255770,CHEMBL4293200,CL,mL.min-1.g-1,=,18.0,CHEMBL612558,,Clearance in human hepatocytes,A,CNC(=O)C(=O)C(Cc1ccccc1)NC(=O)c1cccnc1-n1ccc(-c2ccccc2)n1,0.018,mL.min-1.kg-1,hepatocyte_human
18705136,CHEMBL4255770,CHEMBL4288728,CL,mL.min-1.g-1,=,64.0,CHEMBL612558,,Clearance in human hepatocytes,A,CCCNC(=O)C(=O)C(Cc1ccccc1)NC(=O)c1cccnc1-n1ccc(-c2ccccc2)n1,0.064,mL.min-1.kg-1,hepatocyte_human
18705137,CHEMBL4255770,CHEMBL4278068,CL,mL.min-1.g-1,=,49.0,CHEMBL612558,,Clearance in human hepatocytes,A,CC(C)NC(=O)C(=O)C(Cc1ccccc1)NC(=O)c1cccnc1-n1ccc(-c2ccccc2)n1,0.049,mL.min-1.kg-1,hepatocyte_human
18705139,CHEMBL4255770,CHEMBL4281522,CL,mL.min-1.g-1,=,37.0,CHEMBL612558,,Clearance in human hepatocytes,A,N#CCNC(=O)C(=O)C(Cc1ccccc1)NC(=O)c1cccnc1-n1ccc(-c2ccccc2)n1,0.037,mL.min-1.kg-1,hepatocyte_human
18705140,CHEMBL4255770,CHEMBL4277000,CL,mL.min-1.g-1,=,27.0,CHEMBL612558,,Clearance in human hepatocytes,A,O=C(NC1CC1)C(=O)C(Cc1ccccc1)NC(=O)c1cccnc1-n1ccc(-c2ccccc2)n1,0.027,mL.min-1.kg-1,hepatocyte_human
18705143,CHEMBL4255770,CHEMBL4279559,CL,mL.min-1.g-1,=,52.0,CHEMBL612558,,Clearance in human hepatocytes,A,O=C(NCC1CC1)C(=O)C(Cc1ccccc1)NC(=O)c1cccnc1-n1ccc(-c2ccccc2)n1,0.052,mL.min-1.kg-1,hepatocyte_human
18705144,CHEMBL4255770,CHEMBL4279814,CL,mL.min-1.g-1,=,24.0,CHEMBL612558,,Clearance in human hepatocytes,A,CC1(NC(=O)C(=O)C(Cc2ccccc2)NC(=O)c2cccnc2-n2ccc(-c3ccccc3)n2)CC1,0.024,mL.min-1.kg-1,hepatocyte_human
18705148,CHEMBL4255770,CHEMBL4286633,CL,mL.min-1.g-1,=,11.0,CHEMBL612558,,Clearance in human hepatocytes,A,CONC(=O)C(=O)C(Cc1ccccc1)NC(=O)c1cccnc1-n1ccc(-c2ccccc2)n1,0.011,mL.min-1.kg-1,hepatocyte_human
18705149,CHEMBL4255770,CHEMBL4278724,CL,mL.min-1.g-1,=,10.0,CHEMBL612558,,Clearance in human hepatocytes,A,CCONC(=O)C(=O)C(Cc1ccccc1)NC(=O)c1cccnc1-n1ccc(-c2ccccc2)n1,0.01,mL.min-1.kg-1,hepatocyte_human
18705150,CHEMBL4255770,CHEMBL4290071,CL,mL.min-1.g-1,=,20.0,CHEMBL612558,,Clearance in human hepatocytes,A,CCCONC(=O)C(=O)C(Cc1ccccc1)NC(=O)c1cccnc1-n1ccc(-c2ccccc2)n1,0.02,mL.min-1.kg-1,hepatocyte_human
18705152,CHEMBL4255770,CHEMBL4293456,CL,mL.min-1.g-1,=,11.0,CHEMBL612558,,Clearance in human hepatocytes,A,C=CCONC(=O)C(=O)C(Cc1ccccc1)NC(=O)c1cccnc1-n1ccc(-c2ccccc2)n1,0.011,mL.min-1.kg-1,hepatocyte_human
18705153,CHEMBL4255770,CHEMBL4285615,CL,mL.min-1.g-1,=,17.0,CHEMBL612558,,Clearance in human hepatocytes,A,O=C(NOCC1CC1)C(=O)C(Cc1ccccc1)NC(=O)c1cccnc1-n1ccc(-c2ccccc2)n1,0.017,mL.min-1.kg-1,hepatocyte_human
18705154,CHEMBL4255770,CHEMBL4284362,CL,mL.min-1.g-1,=,15.0,CHEMBL612558,,Clearance in human hepatocytes,A,O=C(NOC1CCC1)C(=O)C(Cc1ccccc1)NC(=O)c1cccnc1-n1ccc(-c2ccccc2)n1,0.015,mL.min-1.kg-1,hepatocyte_human
18705155,CHEMBL4255770,CHEMBL4292263,CL,mL.min-1.g-1,=,21.0,CHEMBL612558,,Clearance in human hepatocytes,A,O=C(NOC1CCCC1)C(=O)C(Cc1ccccc1)NC(=O)c1cccnc1-n1ccc(-c2ccccc2)n1,0.021,mL.min-1.kg-1,hepatocyte_human
18705156,CHEMBL4255770,CHEMBL4280951,CL,mL.min-1.g-1,=,9.0,CHEMBL612558,,Clearance in human hepatocytes,A,CN(C)CCONC(=O)C(=O)C(Cc1ccccc1)NC(=O)c1cccnc1-n1ccc(-c2ccccc2)n1,0.009,mL.min-1.kg-1,hepatocyte_human
18705157,CHEMBL4255770,CHEMBL4288855,CL,mL.min-1.g-1,=,6.0,CHEMBL612558,,Clearance in human hepatocytes,A,O=C(NOCCN1CCOCC1)C(=O)C(Cc1ccccc1)NC(=O)c1cccnc1-n1ccc(-c2ccccc2)n1,0.006,mL.min-1.kg-1,hepatocyte_human
18708838,CHEMBL4256611,CHEMBL3341985,CL,mL.min-1.kg-1,=,19.0,CHEMBL612558,,Clearance in human hepatocytes at 1 uM after 1 to 3 hrs by LC-MS/MS method,A,CS(=O)(=O)NC(=O)c1cc(Cl)c(OCC23CC4CC(CC(C4)C2)C3)cc1F,19.0,mL.min-1.kg-1,hepatocyte_human
18708839,CHEMBL4256611,CHEMBL4292933,CL,mL.min-1.kg-1,=,19.0,CHEMBL612558,,Clearance in human hepatocytes at 1 uM after 1 to 3 hrs by LC-MS/MS method,A,CS(=O)(=O)Nc1noc2cc(OCC34CC5CC(CC(C5)C3)C4)c(Cl)cc12,19.0,mL.min-1.kg-1,hepatocyte_human
18708840,CHEMBL4256611,CHEMBL4285100,CL,mL.min-1.kg-1,=,12.0,CHEMBL612558,,Clearance in human hepatocytes at 1 uM after 1 to 3 hrs by LC-MS/MS method,A,CS(=O)(=O)Nc1nnc2cc(OCC34CC5CC(CC(C5)C3)C4)c(Cl)cn12,12.0,mL.min-1.kg-1,hepatocyte_human
18708841,CHEMBL4256611,CHEMBL4289552,CL,mL.min-1.kg-1,=,12.0,CHEMBL612558,,Clearance in human hepatocytes at 1 uM after 1 to 3 hrs by LC-MS/MS method,A,CS(=O)(=O)Nc1nnc2cc(OCC34CC5CC(CC(C5)C3)C4)ccn12,12.0,mL.min-1.kg-1,hepatocyte_human
18708842,CHEMBL4256611,CHEMBL4281670,CL,mL.min-1.kg-1,=,13.0,CHEMBL612558,,Clearance in human hepatocytes at 1 uM after 1 to 3 hrs by LC-MS/MS method,A,CS(=O)(=O)Nc1nnc2cc(OCC34CC5CC(CC(C5)C3)C4)c(Br)cn12,13.0,mL.min-1.kg-1,hepatocyte_human
18708843,CHEMBL4256611,CHEMBL4286121,CL,mL.min-1.kg-1,=,16.0,CHEMBL612558,,Clearance in human hepatocytes at 1 uM after 1 to 3 hrs by LC-MS/MS method,A,CCc1cn2c(NS(C)(=O)=O)nnc2cc1OCC12CC3CC(CC(C3)C1)C2,16.0,mL.min-1.kg-1,hepatocyte_human
18708844,CHEMBL4256611,CHEMBL4278206,CL,mL.min-1.kg-1,=,17.0,CHEMBL612558,,Clearance in human hepatocytes at 1 uM after 1 to 3 hrs by LC-MS/MS method,A,CC(C)c1cn2c(NS(C)(=O)=O)nnc2cc1OCC12CC3CC(CC(C3)C1)C2,17.0,mL.min-1.kg-1,hepatocyte_human
18708845,CHEMBL4256611,CHEMBL4279238,CL,mL.min-1.kg-1,=,14.0,CHEMBL612558,,Clearance in human hepatocytes at 1 uM after 1 to 3 hrs by LC-MS/MS method,A,CS(=O)(=O)Nc1nnc2cc(OCC34CC5CC(CC(C5)C3)C4)c(C3CC3)cn12,14.0,mL.min-1.kg-1,hepatocyte_human
18708846,CHEMBL4256611,CHEMBL4287156,CL,mL.min-1.kg-1,=,12.0,CHEMBL612558,,Clearance in human hepatocytes at 1 uM after 1 to 3 hrs by LC-MS/MS method,A,CS(=O)(=O)Nc1nnc2cc(OCC34CC5CC(CC(C5)C3)C4)c(C3CCC3)cn12,12.0,mL.min-1.kg-1,hepatocyte_human
18708847,CHEMBL4256611,CHEMBL4282700,CL,mL.min-1.kg-1,=,18.0,CHEMBL612558,,Clearance in human hepatocytes at 1 uM after 1 to 3 hrs by LC-MS/MS method,A,O=S(=O)(Nc1nnc2cc(OCC34CC5CC(CC(C5)C3)C4)c(C3CC3)cn12)C(F)F,18.0,mL.min-1.kg-1,hepatocyte_human
18708848,CHEMBL4256611,CHEMBL4290579,CL,mL.min-1.kg-1,=,6.4,CHEMBL612558,,Clearance in human hepatocytes at 1 uM after 1 to 3 hrs by LC-MS/MS method,A,O=S(=O)(Nc1nnc2cc(OCC34CC5CC(CC(C5)C3)C4)c(C3CC3)cn12)C1CC1,6.4,mL.min-1.kg-1,hepatocyte_human
18708849,CHEMBL4256611,CHEMBL4286076,CL,mL.min-1.kg-1,=,12.0,CHEMBL612558,,Clearance in human hepatocytes at 1 uM after 1 to 3 hrs by LC-MS/MS method,A,O=S(=O)(Nc1nnc2cc(OCC34CC5CC(CC(C5)C3)C4)c(C3CC3)cn12)C1CCC1,12.0,mL.min-1.kg-1,hepatocyte_human
18708850,CHEMBL4256611,CHEMBL4293982,CL,mL.min-1.kg-1,=,12.0,CHEMBL612558,,Clearance in human hepatocytes at 1 uM after 1 to 3 hrs by LC-MS/MS method,A,CNS(=O)(=O)Nc1nnc2cc(OCC34CC5CC(CC(C5)C3)C4)c(C3CC3)cn12,12.0,mL.min-1.kg-1,hepatocyte_human
18708851,CHEMBL4256611,CHEMBL4289504,CL,mL.min-1.kg-1,=,13.0,CHEMBL612558,,Clearance in human hepatocytes at 1 uM after 1 to 3 hrs by LC-MS/MS method,A,CS(=O)(=O)Nc1nnc2cc(OCC3C4CC5CC(C4)CC3C5)c(C3CC3)cn12,13.0,mL.min-1.kg-1,hepatocyte_human
18708852,CHEMBL4256611,CHEMBL4289803,CL,mL.min-1.kg-1,=,19.0,CHEMBL612558,,Clearance in human hepatocytes at 1 uM after 1 to 3 hrs by LC-MS/MS method,A,CNS(=O)(=O)Nc1nnc2cc(OCCC34CC5CC(CC(C5)C3)C4)c(C3CC3)cn12,19.0,mL.min-1.kg-1,hepatocyte_human
18708853,CHEMBL4256611,CHEMBL4292896,CL,mL.min-1.kg-1,=,5.1,CHEMBL612558,,Clearance in human hepatocytes at 1 uM after 1 to 3 hrs by LC-MS/MS method,A,CNS(=O)(=O)Nc1nnc2cc(OCC3CCCCC3)c(C3CC3)cn12,5.1,mL.min-1.kg-1,hepatocyte_human
18708854,CHEMBL4256611,CHEMBL4282302,CL,mL.min-1.kg-1,=,18.0,CHEMBL612558,,Clearance in human hepatocytes at 1 uM after 1 to 3 hrs by LC-MS/MS method,A,CNS(=O)(=O)Nc1nnc2cc(OCC3C[C@@H]4C[C@@H](C3)C4(C)C)c(C3CC3)cn12,18.0,mL.min-1.kg-1,hepatocyte_human
18708855,CHEMBL4256611,CHEMBL4281994,CL,mL.min-1.kg-1,=,8.1,CHEMBL612558,,Clearance in human hepatocytes at 1 uM after 1 to 3 hrs by LC-MS/MS method,A,CNS(=O)(=O)Nc1nnc2cc(OCC34CCC(F)(CC3)CC4)c(C3CC3)cn12,8.1,mL.min-1.kg-1,hepatocyte_human
18708856,CHEMBL4256611,CHEMBL3922136,CL,mL.min-1.kg-1,=,2.7,CHEMBL612558,,Clearance in human hepatocytes at 1 uM after 1 to 3 hrs by LC-MS/MS method,A,CS(=O)(=O)Nc1noc2cc(OCc3ccc(Cl)c(Cl)c3)c(Cl)cc12,2.7,mL.min-1.kg-1,hepatocyte_human
18708857,CHEMBL4256611,CHEMBL3893022,CL,mL.min-1.kg-1,=,7.7,CHEMBL612558,,Clearance in human hepatocytes at 1 uM after 1 to 3 hrs by LC-MS/MS method,A,CS(=O)(=O)Nc1noc2cc(COc3ccc(Cl)c(Cl)c3)c(Cl)cc12,7.7,mL.min-1.kg-1,hepatocyte_human
18708858,CHEMBL4256611,CHEMBL4277472,CL,mL.min-1.kg-1,=,4.9,CHEMBL612558,,Clearance in human hepatocytes at 1 uM after 1 to 3 hrs by LC-MS/MS method,A,CS(=O)(=O)Nc1noc2cc(COc3ccc(Cl)c(Cl)c3)c(C3CC3)cc12,4.9,mL.min-1.kg-1,hepatocyte_human
18708859,CHEMBL4256611,CHEMBL4293669,CL,mL.min-1.kg-1,=,7.3,CHEMBL612558,,Clearance in human hepatocytes at 1 uM after 1 to 3 hrs by LC-MS/MS method,A,CS(=O)(=O)Nc1nnc2cc(COc3ccc(Cl)c(Cl)c3)c(C3CC3)cn12,7.3,mL.min-1.kg-1,hepatocyte_human
18708860,CHEMBL4256611,CHEMBL4285790,CL,mL.min-1.kg-1,=,3.9,CHEMBL612558,,Clearance in human hepatocytes at 1 uM after 1 to 3 hrs by LC-MS/MS method,A,CS(=O)(=O)Nc1nnc2cc(COc3cc(Cl)cc(Cl)c3)c(C3CC3)cn12,3.9,mL.min-1.kg-1,hepatocyte_human
18774791,CHEMBL4268932,CHEMBL4279519,CL,mL.min-1.kg-1,=,9.76,CHEMBL612558,,Clearance in human hepatocytes at 1 uM,A,COc1c([C@@H]2O[C@H](CO)[C@@H](F)[C@H](O)[C@H]2O)cc(Cc2ccc3c(c2)OCCO3)c2c1CCO2,9.76,mL.min-1.kg-1,hepatocyte_human
18774881,CHEMBL4268932,CHEMBL139,CL,mL.min-1.kg-1,=,20.88,CHEMBL612558,,Clearance in human hepatocytes at 1 uM,A,O=C(O)Cc1ccccc1Nc1c(Cl)cccc1Cl,20.88,mL.min-1.kg-1,hepatocyte_human
18774889,CHEMBL4268932,CHEMBL655,CL,mL.min-1.kg-1,=,20.24,CHEMBL612558,,Clearance in human hepatocytes at 1 uM,A,Cc1ncc2n1-c1ccc(Cl)cc1C(c1ccccc1F)=NC2,20.24,mL.min-1.kg-1,hepatocyte_human
18883866,CHEMBL4312788,CHEMBL3410664,CL,mL.min-1.g-1,=,0.9,CHEMBL612558,,Intrinsic clearance in human hepatocytes,A,C[C@H]1COCCN1c1cc(C(C)(C)S(C)(=O)=O)nc(-c2ccc(NC(=S)NCCO)cc2)n1,0.0009,mL.min-1.kg-1,hepatocyte_human
18883867,CHEMBL4312788,CHEMBL4439590,CL,mL.min-1.g-1,=,5.1,CHEMBL612558,,Intrinsic clearance in human hepatocytes,A,CC(C)(c1cc([C@]23CCOC[C@H]2C3)nc(-c2ccc(NC(=S)NCCO)cc2)n1)S(C)(=O)=O,0.0050999999999999995,mL.min-1.kg-1,hepatocyte_human
18904240,CHEMBL4317037,CHEMBL3648680,CL,mL.min-1.kg-1,=,10.0,CHEMBL612558,,Clearance in human hepatocytes at 1 uM preincubated for 5 mins followed by NADPH addition measured up to 60 mins by LC-MS/MS analysis,A,Cn1ncc(NC(=O)c2nc(-c3c(F)cccc3F)sc2N)c1N1CC[C@@H](N)[C@H](F)CC1,10.0,mL.min-1.kg-1,hepatocyte_human
18933207,CHEMBL4326435,CHEMBL4470860,CL,mL.min-1.kg-1,=,32.83,CHEMBL612558,,Intrinsic clearance in human hepatocytes at 0.5 uM measured up to 250 mins by UHPLC-HRMS based assay,A,Cc1nc2c(-c3nnc[nH]3)cc(-c3ccnc(N)c3F)cc2n1-c1ccnc2c(F)ccc(F)c12,32.83,mL.min-1.kg-1,hepatocyte_human
18933208,CHEMBL4326435,CHEMBL4470860,CL,mL.min-1.kg-1,=,1.333,CHEMBL612558,,Intrinsic clearance in human hepatocytes at 0.5 uM measured up to 250 mins by UHPLC-HRMS based assay,A,Cc1nc2c(-c3nnc[nH]3)cc(-c3ccnc(N)c3F)cc2n1-c1ccnc2c(F)ccc(F)c12,1.333,mL.min-1.kg-1,hepatocyte_human
19065767,CHEMBL4360285,CHEMBL4451408,CL,mL.min-1.kg-1,=,13.65,CHEMBL612558,,Intrinsic clearance in human hepatocytes,A,COc1nc(N[C@@H](C)c2cc3cc(Cl)ccc3[nH]c2=O)ncc1C#N,13.65,mL.min-1.kg-1,hepatocyte_human
19065768,CHEMBL4360285,CHEMBL4442678,CL,mL.min-1.kg-1,=,19.14,CHEMBL612558,,Intrinsic clearance in human hepatocytes,A,COc1cc2[nH]c(=O)c([C@H](C)Nc3ncc(C#N)c(OC)n3)cc2cc1Cl,19.14,mL.min-1.kg-1,hepatocyte_human
19088199,CHEMBL4365194,CHEMBL4468815,CL,mL.min-1.kg-1,=,4.3,CHEMBL612558,,Clearance in human liver hepatocytes,A,Cc1ccc2nc(N3CCS(=O)(=O)c4ccccc4C3)nc(NCC3(N)COC3)c2c1,4.3,mL.min-1.kg-1,hepatocyte_human
19146447,CHEMBL4378681,CHEMBL1773683,CL,mL.min-1.g-1,=,14.0,CHEMBL612558,,Intrinsic clearance in human liver S9 fraction,A,CCS(=O)(=O)c1ccc2oc(-c3ccc4ccccc4c3)nc2c1,0.014,mL.min-1.kg-1,hepatocyte_human
19146448,CHEMBL4378682,CHEMBL4550375,CL,mL.min-1.g-1,=,8.0,CHEMBL612558,,Intrinsic clearance in human hepatocytes,A,CCS(=O)(=O)c1ccc2oc(-c3ccc4c(c3)C=C[C@H](O)[C@H]4O)nc2c1,0.008,mL.min-1.kg-1,hepatocyte_human
19146449,CHEMBL4378682,CHEMBL4442951,CL,mL.min-1.g-1,=,5.0,CHEMBL612558,,Intrinsic clearance in human hepatocytes,A,CCS(=O)(=O)c1ccc2oc(-c3ccc4c(c3)[C@@H](O)[C@H](O)C=C4)nc2c1,0.005,mL.min-1.kg-1,hepatocyte_human
19173646,CHEMBL4385499,CHEMBL4557373,CL,mL.min-1.kg-1,=,31.0,CHEMBL612558,,Intrinsic clearance in human hepatocytes after 120 mins by LC-MS/MS analysis,A,CC(C)(C)c1ccc(N2C(=O)c3cc(F)ccc3[C@H](CC(=O)O)[C@H]2c2ccc3c(c2)OCCO3)cc1Cl,31.0,mL.min-1.kg-1,hepatocyte_human
19173647,CHEMBL4385499,CHEMBL4468037,CL,mL.min-1.kg-1,=,28.0,CHEMBL612558,,Intrinsic clearance in human hepatocytes after 120 mins by LC-MS/MS analysis,A,CC(C)(C)c1ccc(N2C(=O)c3ccccc3[C@H](C(=O)O)[C@H]2c2ccc3c(c2)OCCO3)cc1Cl,28.0,mL.min-1.kg-1,hepatocyte_human
19176874,CHEMBL4386261,CHEMBL4444408,CL,mL.min-1.kg-1,=,11.0,CHEMBL612558,,Clearance in human hepatocytes at 1 uM measured up to 3 hrs by LC-MS/MS analysis,A,O=S(=O)(Nc1ncns1)c1ccc2c(c1)OCC[C@@H]2N1CC[C@H](C(F)(F)F)C[C@@H]1c1ccccc1,11.0,mL.min-1.kg-1,hepatocyte_human
19176875,CHEMBL4386261,CHEMBL4519170,CL,mL.min-1.kg-1,=,11.0,CHEMBL612558,,Clearance in human hepatocytes at 1 uM measured up to 3 hrs by LC-MS/MS analysis,A,O=S(=O)(Nc1ncns1)c1ccc2c(c1)OCC[C@@H]2N1CC[C@H](C(F)(F)F)C[C@@H]1c1ccc(F)cc1,11.0,mL.min-1.kg-1,hepatocyte_human
19176879,CHEMBL4386261,CHEMBL4282994,CL,mL.min-1.kg-1,=,7.7,CHEMBL612558,,Clearance in human hepatocytes at 1 uM measured up to 3 hrs by LC-MS/MS analysis,A,O=S(=O)(Nc1ccncn1)c1cc2c(cc1F)[C@@H](N1CC[C@H](C(F)(F)F)C[C@@H]1c1ccc(F)cc1)CCO2,7.7,mL.min-1.kg-1,hepatocyte_human
19176880,CHEMBL4386261,CHEMBL4543884,CL,mL.min-1.kg-1,=,12.0,CHEMBL612558,,Clearance in human hepatocytes at 1 uM measured up to 3 hrs by LC-MS/MS analysis,A,O=S(=O)(Nc1ccncn1)c1cc2c(cc1F)[C@@H](N1CC[C@H](C(F)(F)F)C[C@@H]1c1cn[nH]c1)CCO2,12.0,mL.min-1.kg-1,hepatocyte_human
19176881,CHEMBL4386261,CHEMBL4462278,CL,mL.min-1.kg-1,=,9.1,CHEMBL612558,,Clearance in human hepatocytes at 1 uM measured up to 3 hrs by LC-MS/MS analysis,A,O=S(=O)(Nc1ccncn1)c1cc2c(cc1F)[C@@H](N1CC[C@H](C(F)(F)F)C[C@@H]1c1cc[nH]n1)CCO2,9.1,mL.min-1.kg-1,hepatocyte_human
19176882,CHEMBL4386261,CHEMBL4446868,CL,mL.min-1.kg-1,=,14.0,CHEMBL612558,,Clearance in human hepatocytes at 1 uM measured up to 3 hrs by LC-MS/MS analysis,A,Cn1nccc1[C@H]1C[C@@H](C(F)(F)F)CCN1[C@H]1CCOc2cc(S(=O)(=O)Nc3ccncn3)c(F)cc21,14.0,mL.min-1.kg-1,hepatocyte_human
19176883,CHEMBL4386261,CHEMBL4473871,CL,mL.min-1.kg-1,=,8.2,CHEMBL612558,,Clearance in human hepatocytes at 1 uM measured up to 3 hrs by LC-MS/MS analysis,A,Cn1ccc([C@H]2C[C@@H](C(F)(F)F)CCN2[C@H]2CCOc3cc(S(=O)(=O)Nc4ccncn4)c(F)cc32)n1,8.2,mL.min-1.kg-1,hepatocyte_human
19176884,CHEMBL4386261,CHEMBL4530176,CL,mL.min-1.kg-1,=,12.0,CHEMBL612558,,Clearance in human hepatocytes at 1 uM measured up to 3 hrs by LC-MS/MS analysis,A,O=S(=O)(Nc1ccncn1)c1cc2c(cc1F)[C@@H](N1CC[C@H](C(F)(F)F)C[C@@H]1c1cnco1)CCO2,12.0,mL.min-1.kg-1,hepatocyte_human
19176885,CHEMBL4386261,CHEMBL4444085,CL,mL.min-1.kg-1,=,13.0,CHEMBL612558,,Clearance in human hepatocytes at 1 uM measured up to 3 hrs by LC-MS/MS analysis,A,O=S(=O)(Nc1ccncn1)c1cc2c(cc1F)[C@@H](N1CC[C@H](C(F)(F)F)C[C@@H]1c1ccncc1)CCO2,13.0,mL.min-1.kg-1,hepatocyte_human
19176886,CHEMBL4386261,CHEMBL4543422,CL,mL.min-1.kg-1,=,15.0,CHEMBL612558,,Clearance in human hepatocytes at 1 uM measured up to 3 hrs by LC-MS/MS analysis,A,O=S(=O)(Nc1ccncn1)c1cc2c(cc1F)[C@@H](N1CC[C@H](C(F)(F)F)C[C@@H]1c1cccnc1)CCO2,15.0,mL.min-1.kg-1,hepatocyte_human
19176888,CHEMBL4386261,CHEMBL4474681,CL,mL.min-1.kg-1,=,7.8,CHEMBL612558,,Clearance in human hepatocytes at 1 uM measured up to 3 hrs by LC-MS/MS analysis,A,O=S(=O)(Nc1ccncn1)c1cc2c(cc1F)[C@@H](N1CC[C@H](C(F)(F)F)C[C@@H]1c1ccncn1)CCO2,7.8,mL.min-1.kg-1,hepatocyte_human
19176889,CHEMBL4386261,CHEMBL4462340,CL,mL.min-1.kg-1,=,9.0,CHEMBL612558,,Clearance in human hepatocytes at 1 uM measured up to 3 hrs by LC-MS/MS analysis,A,O=S(=O)(Nc1ccncn1)c1cc2c(cc1F)[C@@H](N1CC[C@H](C(F)(F)F)C[C@@H]1c1cnccn1)CCO2,9.0,mL.min-1.kg-1,hepatocyte_human
19196206,CHEMBL4390563,CHEMBL4470926,CL,mL.min-1.kg-1,=,15.0,CHEMBL612558,,Clearance in human hepatocytes,A,CCC1=C(c2cccc(O)c2)[C@H](c2ccc(OCCN3CC(CF)C3)cc2)Oc2ccc(O)cc21,15.0,mL.min-1.kg-1,hepatocyte_human
19196207,CHEMBL4390563,CHEMBL4468700,CL,mL.min-1.kg-1,=,17.0,CHEMBL612558,,Clearance in human hepatocytes,A,Oc1cccc(C2=Cc3cc(O)ccc3O[C@H]2c2ccc(OCCN3CC(CF)C3)cc2)c1,17.0,mL.min-1.kg-1,hepatocyte_human
19196208,CHEMBL4390563,CHEMBL4591338,CL,mL.min-1.kg-1,=,17.0,CHEMBL612558,,Clearance in human hepatocytes,A,Oc1cccc(C2=C(Cl)c3cc(O)ccc3O[C@H]2c2ccc(OCCN3CC(CF)C3)cc2)c1,17.0,mL.min-1.kg-1,hepatocyte_human
19196329,CHEMBL4390563,CHEMBL4447340,CL,mL.min-1.kg-1,=,16.0,CHEMBL612558,,Clearance in human hepatocytes,A,CC1=C(c2cccc(O)c2)[C@H](c2ccc(OCCN3CC(CF)C3)cc2)Oc2ccc(O)cc21,16.0,mL.min-1.kg-1,hepatocyte_human
19196333,CHEMBL4390563,CHEMBL4594150,CL,mL.min-1.kg-1,=,13.0,CHEMBL612558,,Clearance in human hepatocytes,A,CC1=C(c2cn[nH]c2)[C@H](c2ccc(OCCN3CC(CF)C3)cc2)Oc2ccc(O)cc21,13.0,mL.min-1.kg-1,hepatocyte_human
19196334,CHEMBL4390563,CHEMBL4476031,CL,mL.min-1.kg-1,=,18.0,CHEMBL612558,,Clearance in human hepatocytes,A,COC/C=C/C1=C(C)c2cc(O)ccc2O[C@H]1c1ccc(OCCN2CC(CF)C2)cc1,18.0,mL.min-1.kg-1,hepatocyte_human
19196336,CHEMBL4390563,CHEMBL4447143,CL,mL.min-1.kg-1,=,15.0,CHEMBL612558,,Clearance in human hepatocytes,A,CC1=C(C2CCC(F)(F)CC2)[C@H](c2ccc(OCCN3CC(CF)C3)cc2)Oc2ccc(O)cc21,15.0,mL.min-1.kg-1,hepatocyte_human
19196340,CHEMBL4390563,CHEMBL4438260,CL,mL.min-1.kg-1,=,14.0,CHEMBL612558,,Clearance in human hepatocytes,A,CC1=C(c2ccc(F)cc2)[C@H](c2ccc(OCCN3CC(CF)C3)cc2)Oc2ccc(O)cc21,14.0,mL.min-1.kg-1,hepatocyte_human
19196341,CHEMBL4390563,CHEMBL4567402,CL,mL.min-1.kg-1,=,17.0,CHEMBL612558,,Clearance in human hepatocytes,A,CC1=C(c2ccc(F)cc2)[C@H](c2ccc(OCCN3CC(CF)C3)cc2)Oc2ccc(O)c(F)c21,17.0,mL.min-1.kg-1,hepatocyte_human
19196342,CHEMBL4390563,CHEMBL4462970,CL,mL.min-1.kg-1,=,15.0,CHEMBL612558,,Clearance in human hepatocytes,A,CC1=C(c2ccc(F)cc2)[C@H](c2ccc(OCCN3CC(CF)C3)cc2)Oc2cc(F)c(O)cc21,15.0,mL.min-1.kg-1,hepatocyte_human
19196344,CHEMBL4390563,CHEMBL4586333,CL,mL.min-1.kg-1,=,16.0,CHEMBL612558,,Clearance in human hepatocytes,A,CC1=C(c2ccc(F)cc2)[C@H](c2ccc(OCCN3CC(CF)C3)cc2)Oc2cc(Cl)c(O)cc21,16.0,mL.min-1.kg-1,hepatocyte_human
19196345,CHEMBL4390563,CHEMBL4455953,CL,mL.min-1.kg-1,=,13.0,CHEMBL612558,,Clearance in human hepatocytes,A,CC1=C(c2cccc(O)c2)[C@H](c2ccc(OCCN3CC(CF)C3)cc2)Oc2c(O)cccc21,13.0,mL.min-1.kg-1,hepatocyte_human
19290252,CHEMBL4410845,CHEMBL4518524,CL,mL.min-1.kg-1,=,462.0,CHEMBL612558,,Clearance in human Hepatocyte,A,NS(=O)(=O)NCCNc1nonc1/C(=N/O)N[C@H]1Cc2ccc(F)cc21,462.0,mL.min-1.kg-1,hepatocyte_human
19290254,CHEMBL4410845,CHEMBL4515137,CL,mL.min-1.kg-1,=,48.0,CHEMBL612558,,Clearance in human Hepatocyte,A,O=C(CNc1nonc1/C(=N/O)N[C@H]1Cc2ccc(F)cc21)NCCO,48.0,mL.min-1.kg-1,hepatocyte_human
19290255,CHEMBL4410845,CHEMBL4584522,CL,mL.min-1.kg-1,=,354.0,CHEMBL612558,,Clearance in human Hepatocyte,A,CC(=O)NCCSc1nonc1/C(=N/O)N[C@H]1Cc2ccc(F)cc21,354.0,mL.min-1.kg-1,hepatocyte_human
19290257,CHEMBL4410845,CHEMBL4466779,CL,mL.min-1.kg-1,=,108.0,CHEMBL612558,,Clearance in human Hepatocyte,A,O=C(CSc1nonc1/C(=N/O)N[C@H]1Cc2ccc(F)cc21)NCCO,108.0,mL.min-1.kg-1,hepatocyte_human
19290732,CHEMBL4410984,CHEMBL4449727,CL,mL.min-1.kg-1,=,5.3,CHEMBL612558,,Clearance in human hepatocytes measured up to 120 mins under shaking condition by LC-MS/MS analysis,A,O=C1CN(c2cn[nH]c(=O)c2Cl)CCN1Cc1ccc(F)cc1C(F)(F)F,5.3,mL.min-1.kg-1,hepatocyte_human
19290733,CHEMBL4410984,CHEMBL4475970,CL,mL.min-1.kg-1,=,4.1,CHEMBL612558,,Clearance in human hepatocytes measured up to 120 mins under shaking condition by LC-MS/MS analysis,A,O=C1CN(c2cn[nH]c(=O)c2Cl)CCN1Cc1ccccc1OC(F)(F)F,4.1,mL.min-1.kg-1,hepatocyte_human
19290734,CHEMBL4410984,CHEMBL4530872,CL,mL.min-1.kg-1,=,5.5,CHEMBL612558,,Clearance in human hepatocytes measured up to 120 mins under shaking condition by LC-MS/MS analysis,A,O=C1CN(c2cn[nH]c(=O)c2Cl)CCN1Cc1ccccc1C(F)(F)F,5.5,mL.min-1.kg-1,hepatocyte_human
19309077,CHEMBL4415868,CHEMBL4460028,CL,mL.min-1.kg-1,=,22.0,CHEMBL612558,,Intrinsic clearance in human Hepatocytes at 1 uM up to 90 mins in presence of NADPH by LC/MS/MS analysis,A,CC1(C)CCN1Cc1cccc(F)c1CNc1cc(F)c(S(=O)(=O)Nc2cscn2)c(F)c1,22.0,mL.min-1.kg-1,hepatocyte_human
19309078,CHEMBL4415868,CHEMBL4471825,CL,mL.min-1.kg-1,=,25.0,CHEMBL612558,,Intrinsic clearance in human Hepatocytes at 1 uM up to 90 mins in presence of NADPH by LC/MS/MS analysis,A,CN(Cc1cccc(F)c1CNc1cc(F)c(S(=O)(=O)Nc2cscn2)c(F)c1)C(C)(C)C,25.0,mL.min-1.kg-1,hepatocyte_human
19309079,CHEMBL4415868,CHEMBL4435054,CL,mL.min-1.kg-1,=,45.0,CHEMBL612558,,Intrinsic clearance in human Hepatocytes at 1 uM up to 90 mins in presence of NADPH by LC/MS/MS analysis,A,CC(C)N(C)Cc1cccc(F)c1CNc1cc(F)c(S(=O)(=O)Nc2cscn2)c(F)c1,45.0,mL.min-1.kg-1,hepatocyte_human
19314928,CHEMBL4416875,CHEMBL4567962,CL,mL.min-1.kg-1,=,3.6,CHEMBL612558,,Clearance in cryopreserved human hepatocytes at 1 uM incubated up to 120 mins by LC-MS/MS analysis,A,COC(=O)C1=C(CN2CCOC[C@H]2C(=O)O)NC(c2nccs2)=N[C@H]1c1ccc(Cl)c(F)c1,3.6,mL.min-1.kg-1,hepatocyte_human
19364683,CHEMBL4423610,CHEMBL4455140,CL,mL.min-1.kg-1,=,13.0,CHEMBL612558,,Intrinsic clearance in human liver S9 fraction at 2 uM up to 30 mins in presence of NADPH by HPLC-MS/MS analysis,A,O=c1[nH]c(CNC(CO)CO)c(I)c(=O)[nH]1,13.0,mL.min-1.kg-1,hepatocyte_human
19368402,CHEMBL4424304,CHEMBL4583245,CL,mL.min-1.kg-1,=,14.8,CHEMBL612558,,Intrinsic clearance in human hepatocytes at 1 uM after 30 mins by LC-MS/MS analysis,A,CCc1cc(F)c2nc(N3CCC(N[C@@H]4CCCOC4)CC3)c(-c3nc(C)no3)cc2c1,14.8,mL.min-1.kg-1,hepatocyte_human
19368403,CHEMBL4424304,CHEMBL4592045,CL,mL.min-1.kg-1,=,8.3,CHEMBL612558,,Intrinsic clearance in human hepatocytes at 1 uM after 30 mins by LC-MS/MS analysis,A,CCc1cc(F)c2nc(N3CCC(NC4CCOCC4)CC3)c(-c3nc(C)no3)c(C)c2c1,8.3,mL.min-1.kg-1,hepatocyte_human
19369807,CHEMBL4424664,CHEMBL4453946,CL,mL.min-1.kg-1,=,18.9,CHEMBL612558,,Clearance in human hepatocytes,A,Cc1cc(NC(=O)Cn2nnc(-c3ccccc3)n2)n(C2CCCCC2)n1,18.9,mL.min-1.kg-1,hepatocyte_human
19369808,CHEMBL4424664,CHEMBL4445429,CL,mL.min-1.kg-1,=,18.9,CHEMBL612558,,Clearance in human hepatocytes,A,Cc1cc(NC(=S)Cn2nnc(-c3ccccc3)n2)n(C2CCCCC2)n1,18.9,mL.min-1.kg-1,hepatocyte_human
19369809,CHEMBL4424664,CHEMBL4435859,CL,mL.min-1.kg-1,=,15.9,CHEMBL612558,,Clearance in human hepatocytes,A,Cc1cc(NC(=O)Cn2nnc(-c3ccccc3)n2)n(C2CCC(F)(F)CC2)n1,15.9,mL.min-1.kg-1,hepatocyte_human
19369811,CHEMBL4424664,CHEMBL4457178,CL,mL.min-1.kg-1,=,20.4,CHEMBL612558,,Clearance in human hepatocytes,A,Cc1cc(NC(=O)Cn2nnc(-c3ccccc3)n2)n(CC2CCCCC2)n1,20.4,mL.min-1.kg-1,hepatocyte_human
19369812,CHEMBL4424664,CHEMBL4538108,CL,mL.min-1.kg-1,=,17.4,CHEMBL612558,,Clearance in human hepatocytes,A,Cc1cc(NC(=O)Cn2nnc(-c3ccc(Cl)c(Cl)c3)n2)n(C2CCCCC2)n1,17.4,mL.min-1.kg-1,hepatocyte_human
19369813,CHEMBL4424664,CHEMBL4461542,CL,mL.min-1.kg-1,=,17.8,CHEMBL612558,,Clearance in human hepatocytes,A,Cc1cc(NC(=O)Cn2nnc(-c3cccc(F)c3)n2)n(C2CCCCC2)n1,17.8,mL.min-1.kg-1,hepatocyte_human
19369814,CHEMBL4424664,CHEMBL4458146,CL,mL.min-1.kg-1,=,14.6,CHEMBL612558,,Clearance in human hepatocytes,A,Cc1cc(NC(=O)Cn2cc(-c3ccccc3)nn2)n(C2CCCCC2)n1,14.6,mL.min-1.kg-1,hepatocyte_human
19369815,CHEMBL4424664,CHEMBL4451814,CL,mL.min-1.kg-1,=,18.3,CHEMBL612558,,Clearance in human hepatocytes,A,Cc1cc(NC(=O)Cn2nncc2-c2ccccc2)n(C2CCCCC2)n1,18.3,mL.min-1.kg-1,hepatocyte_human
19369844,CHEMBL4424669,CHEMBL4572077,CL,mL.min-1.kg-1,=,2.6,CHEMBL612558,,Intrinsic clearance in human liver S9 fraction,A,Cc1cc(NC(=O)Cn2nnc(-c3ccccc3)n2)n(C2CCS(=O)(=O)C2)n1,2.6,mL.min-1.kg-1,hepatocyte_human
19408764,CHEMBL4427155,CHEMBL4548921,CL,mL.min-1.kg-1,=,12.9,CHEMBL612558,,Clearance in human hepatocytes,A,CC(C)c1c(-c2cnn(-c3ccccc3)c2)[nH]c2c(C#N)cnn2c1=O,12.9,mL.min-1.kg-1,hepatocyte_human
19408765,CHEMBL4427155,CHEMBL3785583,CL,mL.min-1.kg-1,=,1.9,CHEMBL612558,,Clearance in human hepatocytes,A,CC(C)c1c(-c2cnn(C(C)(C)C)c2)[nH]c2c(C#N)cnn2c1=O,1.9,mL.min-1.kg-1,hepatocyte_human
19408766,CHEMBL4427155,CHEMBL4458334,CL,mL.min-1.kg-1,=,6.9,CHEMBL612558,,Clearance in human hepatocytes,A,CC(C)c1c(-c2cnn(C(C)C)c2)[nH]c2c(C#N)cnn2c1=O,6.9,mL.min-1.kg-1,hepatocyte_human
19408767,CHEMBL4427155,CHEMBL4539736,CL,mL.min-1.kg-1,=,1.2,CHEMBL612558,,Clearance in human hepatocytes,A,CC(C)c1c(-c2cnn(C)c2)[nH]c2c(C#N)cnn2c1=O,1.2,mL.min-1.kg-1,hepatocyte_human
20600315,CHEMBL4603646,CHEMBL4644618,CL,mL.min-1.kg-1,=,69.0,CHEMBL612558,,Intrinsic clearance in human hepatocytes,A,N#Cc1cnc(-c2cccnc2)nc1N1C[C@@H]2C[C@H]1CN2c1cccc(F)c1,69.0,mL.min-1.kg-1,hepatocyte_human
20609327,CHEMBL4605707,CHEMBL3986824,CL,mL.min-1.kg-1,=,0.8333,CHEMBL612558,,Apparent clearance in human hepatocytes,A,Nc1cncc(-c2cn3ccnc3c(Nc3ccc(N4CCN(C5COC5)CC4)cc3)n2)n1,0.8333,mL.min-1.kg-1,hepatocyte_human
20609458,CHEMBL4605762,CHEMBL4648885,CL,mL.min-1.kg-1,=,390.0,CHEMBL612558,,Unbound intrinsic clearance in human hepatocytes incubated for 120 mins by LC-MS/MS analysis,A,O=C(Nc1ccc(C2(C(=O)NC3CCOCC3)CCC2)cc1)c1cccc(Cl)c1,390.0,mL.min-1.kg-1,hepatocyte_human
20609462,CHEMBL4605762,CHEMBL4645108,CL,mL.min-1.kg-1,=,420.0,CHEMBL612558,,Unbound intrinsic clearance in human hepatocytes incubated for 120 mins by LC-MS/MS analysis,A,O=C(Nc1ccc(C2(C(=O)Nc3ccc(F)cc3)COC2)cc1)c1cccc(Cl)c1,420.0,mL.min-1.kg-1,hepatocyte_human
20609463,CHEMBL4605762,CHEMBL4643572,CL,mL.min-1.kg-1,=,350.0,CHEMBL612558,,Unbound intrinsic clearance in human hepatocytes incubated for 120 mins by LC-MS/MS analysis,A,O=C(Nc1ccc([C@]2(C(=O)Nc3ccc(F)cc3)C[C@@H](O)C2)cc1)c1cccc(Cl)c1,350.0,mL.min-1.kg-1,hepatocyte_human
20628315,CHEMBL4610277,CHEMBL1259059,CL,mL.min-1.kg-1,=,71.67,CHEMBL612558,,Intrinsic clearance in human hepatocytes,A,CC(C)OC(=O)[C@H](C)N[P@](=O)(OC[C@H]1O[C@@H](n2ccc(=O)[nH]c2=O)[C@](C)(F)[C@@H]1O)Oc1ccccc1,71.67,mL.min-1.kg-1,hepatocyte_human
20628316,CHEMBL4610277,CHEMBL4636436,CL,mL.min-1.kg-1,=,273.33,CHEMBL612558,,Intrinsic clearance in human hepatocytes,A,CC(C)OC(=O)[C@H](C)N[P@](=O)(OC[C@H]1O[C@@H](n2ccc(=O)[nH]c2=O)[C@](Cl)(Br)[C@@H]1O)Oc1ccccc1,273.33,mL.min-1.kg-1,hepatocyte_human
20628317,CHEMBL4610277,CHEMBL4649858,CL,mL.min-1.kg-1,=,256.67,CHEMBL612558,,Intrinsic clearance in human hepatocytes,A,CC(C)OC(=O)[C@H](C)N[P@](=O)(OC[C@H]1O[C@@H](n2ccc(=O)[nH]c2=O)[C@@](F)(Br)[C@@H]1O)Oc1ccccc1,256.67,mL.min-1.kg-1,hepatocyte_human
20628318,CHEMBL4610277,CHEMBL4639671,CL,mL.min-1.kg-1,=,201.67,CHEMBL612558,,Intrinsic clearance in human hepatocytes,A,CC(C)OC(=O)[C@H](C)N[P@@](=O)(OC[C@H]1O[C@@H](n2ccc(=O)[nH]c2=O)[C@](Cl)(Br)[C@@H]1O)Oc1ccccc1,201.67,mL.min-1.kg-1,hepatocyte_human
20628319,CHEMBL4610277,CHEMBL4634173,CL,mL.min-1.kg-1,=,191.67,CHEMBL612558,,Intrinsic clearance in human hepatocytes,A,CC(C)OC(=O)C(C)(C)NP(=O)(OC[C@H]1O[C@@H](n2ccc(=O)[nH]c2=O)[C@](Cl)(Br)[C@@H]1O)Oc1ccccc1,191.67,mL.min-1.kg-1,hepatocyte_human
20628320,CHEMBL4610277,CHEMBL4640144,CL,mL.min-1.kg-1,=,155.0,CHEMBL612558,,Intrinsic clearance in human hepatocytes,A,CCOC(=O)C(C)(C)N[P@@](=O)(OC[C@H]1O[C@@H](n2ccc(=O)[nH]c2=O)[C@](Cl)(Br)[C@@H]1O)Oc1ccccc1,155.0,mL.min-1.kg-1,hepatocyte_human
20628321,CHEMBL4610277,CHEMBL4640800,CL,mL.min-1.kg-1,=,268.33,CHEMBL612558,,Intrinsic clearance in human hepatocytes,A,CCOC(=O)C(C)(C)N[P@](=O)(OC[C@H]1O[C@@H](n2ccc(=O)[nH]c2=O)[C@](Cl)(Br)[C@@H]1O)Oc1ccccc1,268.33,mL.min-1.kg-1,hepatocyte_human
20628322,CHEMBL4610277,CHEMBL4640294,CL,mL.min-1.kg-1,=,131.67,CHEMBL612558,,Intrinsic clearance in human hepatocytes,A,CCOC(=O)C(C)(C)N[P@](=O)(OC[C@H]1O[C@@H](n2ccc(=O)[nH]c2=O)[C@@](F)(Br)[C@@H]1O)Oc1ccccc1,131.67,mL.min-1.kg-1,hepatocyte_human
20639557,CHEMBL4612715,CHEMBL4647810,CL,mL.min-1.kg-1,=,6.833,CHEMBL612558,,Clearance in human hepatocytes at 1 uM measured after 2 to 90 mins by LC-MS/MS analysis,A,C[C@@H]1COCCN1c1cc(-c2ccnn2C)c2ccnc(-c3ccn[nH]3)c2n1,6.833,mL.min-1.kg-1,hepatocyte_human
20664545,CHEMBL4619045,CHEMBL4634167,CL,mL.min-1.kg-1,=,4.0,CHEMBL612558,,Clearance in human hepatocytes at 1 uM measured up to 250 mins by UHPLC-HRMS analysis,A,Cc1nc2c(-c3nnc[nH]3)cc(-c3ccncc3)cc2n1-c1ccnc2c(F)ccc(F)c12,4.0,mL.min-1.kg-1,hepatocyte_human
20664546,CHEMBL4619045,CHEMBL4634167,CL,mL.min-1.kg-1,=,10.17,CHEMBL612558,,Clearance in human hepatocytes at 1 uM measured up to 250 mins by UHPLC-HRMS analysis,A,Cc1nc2c(-c3nnc[nH]3)cc(-c3ccncc3)cc2n1-c1ccnc2c(F)ccc(F)c12,10.17,mL.min-1.kg-1,hepatocyte_human
20664547,CHEMBL4619045,CHEMBL4637136,CL,mL.min-1.kg-1,=,2.167,CHEMBL612558,,Clearance in human hepatocytes at 1 uM measured up to 250 mins by UHPLC-HRMS analysis,A,Cc1cc(-c2cc(-c3nnc[nH]3)c3nc(C)n(-c4ccnc5c(F)ccc(F)c45)c3c2)ccn1,2.167,mL.min-1.kg-1,hepatocyte_human
20664548,CHEMBL4619045,CHEMBL4637136,CL,mL.min-1.kg-1,=,6.833,CHEMBL612558,,Clearance in human hepatocytes at 1 uM measured up to 250 mins by UHPLC-HRMS analysis,A,Cc1cc(-c2cc(-c3nnc[nH]3)c3nc(C)n(-c4ccnc5c(F)ccc(F)c45)c3c2)ccn1,6.833,mL.min-1.kg-1,hepatocyte_human
20664549,CHEMBL4619045,CHEMBL4647791,CL,mL.min-1.kg-1,=,3.167,CHEMBL612558,,Clearance in human hepatocytes at 1 uM measured up to 250 mins by UHPLC-HRMS analysis,A,Cc1nc2c(-c3nnc[nH]3)cc(-c3ccnc(C#N)c3)cc2n1-c1ccnc2c(F)ccc(F)c12,3.167,mL.min-1.kg-1,hepatocyte_human
20664550,CHEMBL4619045,CHEMBL4647791,CL,mL.min-1.kg-1,=,3.0,CHEMBL612558,,Clearance in human hepatocytes at 1 uM measured up to 250 mins by UHPLC-HRMS analysis,A,Cc1nc2c(-c3nnc[nH]3)cc(-c3ccnc(C#N)c3)cc2n1-c1ccnc2c(F)ccc(F)c12,3.0,mL.min-1.kg-1,hepatocyte_human
20664551,CHEMBL4619045,CHEMBL4639252,CL,mL.min-1.kg-1,=,1.333,CHEMBL612558,,Clearance in human hepatocytes at 1 uM measured up to 250 mins by UHPLC-HRMS analysis,A,Cc1nc2c(-c3nnc[nH]3)cc(-c3ccnc(N)c3)cc2n1-c1ccnc2c(F)ccc(F)c12,1.333,mL.min-1.kg-1,hepatocyte_human
20664552,CHEMBL4619045,CHEMBL4639252,CL,mL.min-1.kg-1,=,6.0,CHEMBL612558,,Clearance in human hepatocytes at 1 uM measured up to 250 mins by UHPLC-HRMS analysis,A,Cc1nc2c(-c3nnc[nH]3)cc(-c3ccnc(N)c3)cc2n1-c1ccnc2c(F)ccc(F)c12,6.0,mL.min-1.kg-1,hepatocyte_human
20664553,CHEMBL4619045,CHEMBL4470860,CL,mL.min-1.kg-1,=,1.333,CHEMBL612558,,Clearance in human hepatocytes at 1 uM measured up to 250 mins by UHPLC-HRMS analysis,A,Cc1nc2c(-c3nnc[nH]3)cc(-c3ccnc(N)c3F)cc2n1-c1ccnc2c(F)ccc(F)c12,1.333,mL.min-1.kg-1,hepatocyte_human
20664554,CHEMBL4619045,CHEMBL4470860,CL,mL.min-1.kg-1,=,32.83,CHEMBL612558,,Clearance in human hepatocytes at 1 uM measured up to 250 mins by UHPLC-HRMS analysis,A,Cc1nc2c(-c3nnc[nH]3)cc(-c3ccnc(N)c3F)cc2n1-c1ccnc2c(F)ccc(F)c12,32.83,mL.min-1.kg-1,hepatocyte_human
20679416,CHEMBL4622409,CHEMBL4644751,CL,mL.min-1.kg-1,=,52.0,CHEMBL612558,,Unbound intrinsic clearance in human hepatocytes,A,C[C@H](C(=O)Nc1ccc(F)cc1)C12CC(NC(=O)c3ccc(F)c(F)c3)(C1)C2,52.0,mL.min-1.kg-1,hepatocyte_human
20679417,CHEMBL4622409,CHEMBL4632992,CL,mL.min-1.kg-1,=,48.0,CHEMBL612558,,Unbound intrinsic clearance in human hepatocytes,A,C[C@H](C(=O)Nc1ccc(F)cc1)C12CC(NC(=O)c3cccc(Cl)c3)(C1)C2,48.0,mL.min-1.kg-1,hepatocyte_human
20679418,CHEMBL4622409,CHEMBL4635894,CL,mL.min-1.kg-1,=,51.0,CHEMBL612558,,Unbound intrinsic clearance in human hepatocytes,A,CC(C)(C(=O)Nc1ccc(F)cc1)C12CC(NC(=O)c3cccc(Cl)c3)(C1)C2,51.0,mL.min-1.kg-1,hepatocyte_human
20679419,CHEMBL4622409,CHEMBL4642946,CL,mL.min-1.kg-1,=,47.0,CHEMBL612558,,Unbound intrinsic clearance in human hepatocytes,A,C[C@H](C(=O)Nc1ccc(Cl)cc1)C12CC(NC(=O)c3cccc(Cl)c3)(C1)C2,47.0,mL.min-1.kg-1,hepatocyte_human
20679420,CHEMBL4622409,CHEMBL4638557,CL,mL.min-1.kg-1,=,34.0,CHEMBL612558,,Unbound intrinsic clearance in human hepatocytes,A,C[C@H](C(=O)Nc1ccc(Cl)nc1)C12CC(NC(=O)c3cccc(Cl)c3)(C1)C2,34.0,mL.min-1.kg-1,hepatocyte_human
20679421,CHEMBL4622409,CHEMBL4648765,CL,mL.min-1.kg-1,=,56.0,CHEMBL612558,,Unbound intrinsic clearance in human hepatocytes,A,C[C@H](C(=O)Nc1ccc(F)cc1)C12CC(NC(=O)c3ccc(F)c(Cl)c3)(C1)C2,56.0,mL.min-1.kg-1,hepatocyte_human
20679422,CHEMBL4622409,CHEMBL4647172,CL,mL.min-1.kg-1,=,56.0,CHEMBL612558,,Unbound intrinsic clearance in human hepatocytes,A,C[C@H](C(=O)Nc1ccc(F)cc1)C12CC(NC(=O)c3cc(F)cc(Cl)c3)(C1)C2,56.0,mL.min-1.kg-1,hepatocyte_human
20679424,CHEMBL4622409,CHEMBL4639564,CL,mL.min-1.kg-1,=,82.0,CHEMBL612558,,Unbound intrinsic clearance in human hepatocytes,A,C[C@H](C(=O)Nc1ccc(F)cc1)C12CC(NC(=O)c3cccc(Cl)n3)(C1)C2,82.0,mL.min-1.kg-1,hepatocyte_human
20679425,CHEMBL4622409,CHEMBL4647572,CL,mL.min-1.kg-1,=,369.0,CHEMBL612558,,Unbound intrinsic clearance in human hepatocytes,A,CC(C)OC(=O)NC12CC([C@H](C)C(=O)Nc3ccc(F)cc3)(C1)C2,369.0,mL.min-1.kg-1,hepatocyte_human
20680027,CHEMBL4622595,CHEMBL4634904,CL,mL.min-1.kg-1,=,6.2,CHEMBL612558,,Metabolic stability in human Hepatocyte assessed as intrinsic clearance at 1 uM measured upto 60 mins by LC-MS/MS analysis,A,Cn1cc(-c2ccnc(-n3ncc4cc(C(C)(C)C)cc(F)c4c3=O)c2CO)cc(NC(=O)[C@@H]2C[C@@H]2F)c1=O,6.2,mL.min-1.kg-1,hepatocyte_human
20680028,CHEMBL4622595,CHEMBL4065122,CL,mL.min-1.kg-1,=,9.3,CHEMBL612558,,Metabolic stability in human Hepatocyte assessed as intrinsic clearance at 1 uM measured upto 60 mins by LC-MS/MS analysis,A,C[C@H]1CN(C2COC2)CCN1c1ccc(Nc2cc(-c3ccnc(N4CCn5c(cc6c5CC(C)(C)C6)C4=O)c3CO)cn(C)c2=O)nc1,9.3,mL.min-1.kg-1,hepatocyte_human
20689740,CHEMBL4625202,CHEMBL4638643,CL,mL.min-1.kg-1,=,15.67,CHEMBL612558,,Metabolic stability in human Hepatocyte assessed as intrinsic clearance,A,COC[C@@](O)([C@@H](Nc1cc(F)cc2[nH]c(=O)ccc12)c1ccc(OC)c(F)c1Cl)C(F)(F)F,15.67,mL.min-1.kg-1,hepatocyte_human
20704245,CHEMBL4627979,CHEMBL1259059,CL,mL.min-1.kg-1,=,71.67,CHEMBL612558,,Intrinsic clearance in human hepatocytes,A,CC(C)OC(=O)[C@H](C)N[P@](=O)(OC[C@H]1O[C@@H](n2ccc(=O)[nH]c2=O)[C@](C)(F)[C@@H]1O)Oc1ccccc1,71.67,mL.min-1.kg-1,hepatocyte_human
20704246,CHEMBL4627979,CHEMBL4636436,CL,mL.min-1.kg-1,=,273.33,CHEMBL612558,,Intrinsic clearance in human hepatocytes,A,CC(C)OC(=O)[C@H](C)N[P@](=O)(OC[C@H]1O[C@@H](n2ccc(=O)[nH]c2=O)[C@](Cl)(Br)[C@@H]1O)Oc1ccccc1,273.33,mL.min-1.kg-1,hepatocyte_human
20704247,CHEMBL4627979,CHEMBL4639671,CL,mL.min-1.kg-1,=,201.67,CHEMBL612558,,Intrinsic clearance in human hepatocytes,A,CC(C)OC(=O)[C@H](C)N[P@@](=O)(OC[C@H]1O[C@@H](n2ccc(=O)[nH]c2=O)[C@](Cl)(Br)[C@@H]1O)Oc1ccccc1,201.67,mL.min-1.kg-1,hepatocyte_human
20704249,CHEMBL4627979,CHEMBL4647104,CL,mL.min-1.kg-1,=,335.0,CHEMBL612558,,Intrinsic clearance in human hepatocytes,A,COc1cccc(O[P@](=O)(N[C@@H](C)C(=O)OC(C)C)OC[C@H]2O[C@@H](n3ccc(=O)[nH]c3=O)[C@](Cl)(Br)[C@@H]2O)c1,335.0,mL.min-1.kg-1,hepatocyte_human
20704250,CHEMBL4627979,CHEMBL4644488,CL,mL.min-1.kg-1,=,151.67,CHEMBL612558,,Intrinsic clearance in human hepatocytes,A,CCOC(=O)[C@H](C)N[P@](=O)(OC[C@H]1O[C@@H](n2ccc(=O)[nH]c2=O)[C@](Cl)(Br)[C@@H]1O)Oc1ccccc1,151.67,mL.min-1.kg-1,hepatocyte_human
20704251,CHEMBL4627979,CHEMBL4637964,CL,mL.min-1.kg-1,=,185.0,CHEMBL612558,,Intrinsic clearance in human hepatocytes,A,CCOC(=O)[C@H](C)N[P@@](=O)(OC[C@H]1O[C@@H](n2ccc(=O)[nH]c2=O)[C@](Cl)(Br)[C@@H]1O)Oc1ccccc1,185.0,mL.min-1.kg-1,hepatocyte_human
20704252,CHEMBL4627979,CHEMBL4642954,CL,mL.min-1.kg-1,=,241.67,CHEMBL612558,,Intrinsic clearance in human hepatocytes,A,COCC(C)OC(=O)[C@H](C)NP(=O)(OC[C@H]1O[C@@H](n2ccc(=O)[nH]c2=O)[C@](Cl)(Br)[C@@H]1O)Oc1ccccc1,241.67,mL.min-1.kg-1,hepatocyte_human
20704253,CHEMBL4627979,CHEMBL4644867,CL,mL.min-1.kg-1,=,281.67,CHEMBL612558,,Intrinsic clearance in human hepatocytes,A,COCC(C)C(=O)OC[C@H](C)NP(=O)(OC[C@H]1O[C@@H](n2ccc(=O)[nH]c2=O)[C@](Cl)(Br)[C@@H]1O)Oc1ccccc1,281.67,mL.min-1.kg-1,hepatocyte_human
20704254,CHEMBL4627979,CHEMBL4640222,CL,mL.min-1.kg-1,=,223.33,CHEMBL612558,,Intrinsic clearance in human hepatocytes,A,COCC(=O)OC[C@H](C)NP(=O)(OC[C@H]1O[C@@H](n2ccc(=O)[nH]c2=O)[C@](Cl)(Br)[C@@H]1O)Oc1ccccc1,223.33,mL.min-1.kg-1,hepatocyte_human
20704255,CHEMBL4627979,CHEMBL4634173,CL,mL.min-1.kg-1,=,191.67,CHEMBL612558,,Intrinsic clearance in human hepatocytes,A,CC(C)OC(=O)C(C)(C)NP(=O)(OC[C@H]1O[C@@H](n2ccc(=O)[nH]c2=O)[C@](Cl)(Br)[C@@H]1O)Oc1ccccc1,191.67,mL.min-1.kg-1,hepatocyte_human
22402039,CHEMBL4669918,CHEMBL4567446,CL,mL.min-1.kg-1,=,0.0027,CHEMBL612558,,Drug uptake in human hepatocytes assessed as passive diffusion clearance at 1 uM up to 15 mins in presence of rifamycin SV by LC-MS/MS analysis,A,COc1cc(C(=O)N2CCC3(CC2)CC(=O)c2c(cnn2C(C)C)C3)cc(-c2ccc(C(=O)O)cc2)n1,0.0027,mL.min-1.kg-1,hepatocyte_human
22402042,CHEMBL4669921,CHEMBL4567446,CL,mL.min-1.kg-1,=,0.024,CHEMBL612558,,Drug uptake in human hepatocytes assessed as active uptake intrinsic clearance at 1 uM up to 15 mins by LC-MS/MS analysis,A,COc1cc(C(=O)N2CCC3(CC2)CC(=O)c2c(cnn2C(C)C)C3)cc(-c2ccc(C(=O)O)cc2)n1,0.024,mL.min-1.kg-1,hepatocyte_human
22429552,CHEMBL4675912,CHEMBL4755764,CL,mL.min-1.kg-1,=,13.33,CHEMBL612558,,Intrinsic clearance in human cryopreserved hepatocytes at 1 uM incubated from 10 to 180 mins under shaking condition by LC-MS/MS analysis,A,COc1ccc2c(c1)CCn1c-2cc(OCC2COc3ncccc3O2)nc1=O,13.33,mL.min-1.kg-1,hepatocyte_human
22429553,CHEMBL4675912,CHEMBL4748375,CL,mL.min-1.kg-1,=,26.67,CHEMBL612558,,Intrinsic clearance in human cryopreserved hepatocytes at 1 uM incubated from 10 to 180 mins under shaking condition by LC-MS/MS analysis,A,COc1ccc2c(c1)CCn1c-2cc(OCC2COc3cccnc3O2)nc1=O,26.67,mL.min-1.kg-1,hepatocyte_human
22429554,CHEMBL4675912,CHEMBL3714917,CL,mL.min-1.kg-1,=,90.0,CHEMBL612558,,Intrinsic clearance in human cryopreserved hepatocytes at 1 uM incubated from 10 to 180 mins under shaking condition by LC-MS/MS analysis,A,COc1ccc2c(c1)CCn1c-2cc(OCC2COc3ccccc3O2)nc1=O,90.0,mL.min-1.kg-1,hepatocyte_human
22429556,CHEMBL4675912,CHEMBL3716185,CL,mL.min-1.kg-1,=,25.0,CHEMBL612558,,Intrinsic clearance in human cryopreserved hepatocytes at 1 uM incubated from 10 to 180 mins under shaking condition by LC-MS/MS analysis,A,COc1ccc2c(c1)CCn1c-2cc(OCC2CCCCO2)nc1=O,25.0,mL.min-1.kg-1,hepatocyte_human
22429557,CHEMBL4675912,CHEMBL4757870,CL,mL.min-1.kg-1,=,41.67,CHEMBL612558,,Intrinsic clearance in human cryopreserved hepatocytes at 1 uM incubated from 10 to 180 mins under shaking condition by LC-MS/MS analysis,A,COc1ccc2c(c1)CCn1c-2cc(OCCOc2ccccc2)nc1=O,41.67,mL.min-1.kg-1,hepatocyte_human
22429558,CHEMBL4675912,CHEMBL3717000,CL,mL.min-1.kg-1,=,23.33,CHEMBL612558,,Intrinsic clearance in human cryopreserved hepatocytes at 1 uM incubated from 10 to 180 mins under shaking condition by LC-MS/MS analysis,A,COc1ccc2c(c1)CCn1c-2cc(OCC2CCCO2)nc1=O,23.33,mL.min-1.kg-1,hepatocyte_human
22429560,CHEMBL4675912,CHEMBL1871173,CL,mL.min-1.kg-1,=,16.67,CHEMBL612558,,Intrinsic clearance in human cryopreserved hepatocytes at 1 uM incubated from 10 to 180 mins under shaking condition by LC-MS/MS analysis,A,COc1cc2c(cc1OC)-c1cc(NCc3ccccc3)nc(=O)n1CC2,16.67,mL.min-1.kg-1,hepatocyte_human
22430557,CHEMBL4676218,CHEMBL4537788,CL,mL.min-1.kg-1,=,1.667,CHEMBL612558,,Clearance in human hepatocytes,A,O=C(NCc1ncc(C(F)(F)F)cc1Cl)c1ccc2c(c1)C1(CCS(=O)(=O)CC1)[C@H](C1CC1)N2S(=O)(=O)c1ccc(F)cc1,1.667,mL.min-1.kg-1,hepatocyte_human
22431284,CHEMBL4676373,CHEMBL4745753,CL,mL.min-1.kg-1,=,7.1,CHEMBL612558,,Clearance in human hepatocytes at 10 uM by UPLC/TOF-MS analysis,A,COc1ccc(-c2ccc(C(=O)O)c(CO)c2)n2nc(C3(C(=O)OCC(C)(C)O)CC3)nc12,7.1,mL.min-1.kg-1,hepatocyte_human
22431285,CHEMBL4676373,CHEMBL4760404,CL,mL.min-1.kg-1,=,16.0,CHEMBL612558,,Clearance in human hepatocytes at 10 uM by UPLC/TOF-MS analysis,A,COc1ccc(-c2ccc3c(c2)COC3=O)n2nc(C3(C(=O)OCC(C)(C)O)CC3)nc12,16.0,mL.min-1.kg-1,hepatocyte_human
22431287,CHEMBL4676373,CHEMBL4794426,CL,mL.min-1.kg-1,=,5.2,CHEMBL612558,,Clearance in human hepatocytes at 10 uM by UPLC/TOF-MS analysis,A,COc1ccc(-c2ccc3c(c2)COC3=O)n2nc(C3(C(=O)O)CC3)nc12,5.2,mL.min-1.kg-1,hepatocyte_human
22431288,CHEMBL4676373,CHEMBL4750770,CL,mL.min-1.kg-1,=,13.0,CHEMBL612558,,Clearance in human hepatocytes at 10 uM by UPLC/TOF-MS analysis,A,COc1ccc(-c2ccc(C(=O)O)c(CO)c2)n2nc(C3(C(=O)OCC(C)C)CC3)nc12,13.0,mL.min-1.kg-1,hepatocyte_human
22431289,CHEMBL4676373,CHEMBL4747201,CL,mL.min-1.kg-1,=,17.0,CHEMBL612558,,Clearance in human hepatocytes at 10 uM by UPLC/TOF-MS analysis,A,COc1ccc(-c2ccc3c(c2)COC3=O)n2nc(C3(C(=O)OCC(C)C)CC3)nc12,17.0,mL.min-1.kg-1,hepatocyte_human
22472823,CHEMBL4685511,CHEMBL4781768,CL,mL.min-1.kg-1,=,7.1,CHEMBL612558,,Intrinsic clearance in human liver S9 fraction at 2 uM measured after 30 mins in presence of NADPH by HPLC-MS analysis,A,COc1ccc2nc(C)cc(OCC(=O)c3ccccc3)c2c1,7.1,mL.min-1.kg-1,hepatocyte_human
22472824,CHEMBL4685511,CHEMBL4793808,CL,mL.min-1.kg-1,=,7.7,CHEMBL612558,,Intrinsic clearance in human liver S9 fraction at 2 uM measured after 30 mins in presence of NADPH by HPLC-MS analysis,A,COc1ccc2nc(C)cc(OCC(=O)c3cccc(Cl)c3)c2c1,7.7,mL.min-1.kg-1,hepatocyte_human
22472825,CHEMBL4685511,CHEMBL4751344,CL,mL.min-1.kg-1,=,12.6,CHEMBL612558,,Intrinsic clearance in human liver S9 fraction at 2 uM measured after 30 mins in presence of NADPH by HPLC-MS analysis,A,COc1ccc2nc(C)cc(OCc3ccc(Cl)c(Cl)c3)c2c1,12.6,mL.min-1.kg-1,hepatocyte_human
22472826,CHEMBL4685511,CHEMBL4797689,CL,mL.min-1.kg-1,=,17.4,CHEMBL612558,,Intrinsic clearance in human liver S9 fraction at 2 uM measured after 30 mins in presence of NADPH by HPLC-MS analysis,A,COc1ccc2nc(C)cc(OCc3ccc(C(C)C)cc3)c2c1,17.4,mL.min-1.kg-1,hepatocyte_human
22756262,CHEMBL4700861,CHEMBL1096872,CL,mL.min-1.g-1,=,8.4,CHEMBL612558,,Metabolic stability in human Hepatocyte assessed as intrinsic clearance at 1 uM incubated for 90 mins by UPLC-MS/MS analysis,A,CCC/N=C1\S/C(=C\c2ccc(O)c(Cl)c2)C(=O)N1c1ccccc1C,0.008400000000000001,mL.min-1.kg-1,hepatocyte_human
22756263,CHEMBL4700861,CHEMBL4790404,CL,mL.min-1.g-1,=,6.0,CHEMBL612558,,Metabolic stability in human Hepatocyte assessed as intrinsic clearance at 1 uM incubated for 90 mins by UPLC-MS/MS analysis,A,CCC/N=C1\S/C(=C\c2ccc(O)c(Br)c2)C(=O)N1c1ccccc1C,0.006,mL.min-1.kg-1,hepatocyte_human
22756264,CHEMBL4700861,CHEMBL4796729,CL,mL.min-1.g-1,=,4.2,CHEMBL612558,,Metabolic stability in human Hepatocyte assessed as intrinsic clearance at 1 uM incubated for 90 mins by UPLC-MS/MS analysis,A,CCC/N=C1\S/C(=C\c2ccc(O)c(C(F)(F)F)c2)C(=O)N1c1ccccc1C,0.004200000000000001,mL.min-1.kg-1,hepatocyte_human
22756266,CHEMBL4700861,CHEMBL4751870,CL,mL.min-1.g-1,=,7.9,CHEMBL612558,,Metabolic stability in human Hepatocyte assessed as intrinsic clearance at 1 uM incubated for 90 mins by UPLC-MS/MS analysis,A,CCC/N=C1\S/C(=C\c2ccc(O)cn2)C(=O)N1c1ccccc1C,0.0079,mL.min-1.kg-1,hepatocyte_human
22756267,CHEMBL4700861,CHEMBL4748038,CL,mL.min-1.g-1,=,1.7,CHEMBL612558,,Metabolic stability in human Hepatocyte assessed as intrinsic clearance at 1 uM incubated for 90 mins by UPLC-MS/MS analysis,A,CCC/N=C1\S/C(=C\c2ccc(O)cc2)C(=O)N1c1ccccc1C,0.0017,mL.min-1.kg-1,hepatocyte_human
22756268,CHEMBL4700861,CHEMBL4748743,CL,mL.min-1.g-1,=,31.0,CHEMBL612558,,Metabolic stability in human Hepatocyte assessed as intrinsic clearance at 1 uM incubated for 90 mins by UPLC-MS/MS analysis,A,CCC/N=C1\S/C(=C\c2ccc(O)c(C)c2)C(=O)N1c1ccccc1C,0.031,mL.min-1.kg-1,hepatocyte_human
22756269,CHEMBL4700861,CHEMBL4744825,CL,mL.min-1.g-1,=,12.0,CHEMBL612558,,Metabolic stability in human Hepatocyte assessed as intrinsic clearance at 1 uM incubated for 90 mins by UPLC-MS/MS analysis,A,CCC/N=C1\S/C(=C\c2ccc(O)c(C(C)C)c2)C(=O)N1c1ccccc1C,0.012,mL.min-1.kg-1,hepatocyte_human
22763204,CHEMBL4702824,CHEMBL2165620,CL,mL.min-1.kg-1,=,5.1,CHEMBL612558,,Intrinsic clearance in cryopreserved human hepatocytes at 1 uM measured up to 120 mins by LC-MS/MS analysis,A,O=C(O)c1ccc(NC(=O)[C@H](CC2CCCC2)n2cnc(C(F)(F)F)c2)nc1,5.1,mL.min-1.kg-1,hepatocyte_human
22763205,CHEMBL4702824,CHEMBL4785223,CL,mL.min-1.kg-1,=,19.0,CHEMBL612558,,Intrinsic clearance in cryopreserved human hepatocytes at 1 uM measured up to 120 mins by LC-MS/MS analysis,A,Cc1ccc(S(=O)(=O)NCCc2ccc(Oc3ccc(F)c(F)c3)cc2)cc1C(=O)O,19.0,mL.min-1.kg-1,hepatocyte_human
22763207,CHEMBL4702824,CHEMBL3746388,CL,mL.min-1.kg-1,=,111.0,CHEMBL612558,,Intrinsic clearance in cryopreserved human hepatocytes at 1 uM measured up to 120 mins by LC-MS/MS analysis,A,Cn1cc(C(=O)O)c2ccc(N3CCC(OCc4c(-c5c(Cl)cccc5Cl)noc4C4CC4)CC3)cc21,111.0,mL.min-1.kg-1,hepatocyte_human
22763209,CHEMBL4702824,CHEMBL2103870,CL,mL.min-1.kg-1,=,27.0,CHEMBL612558,,Intrinsic clearance in cryopreserved human hepatocytes at 1 uM measured up to 120 mins by LC-MS/MS analysis,A,Cc1ccc(NC(=O)C2(c3ccc4c(c3)OC(F)(F)O4)CC2)nc1-c1cccc(C(=O)O)c1,27.0,mL.min-1.kg-1,hepatocyte_human
22763210,CHEMBL4702824,CHEMBL3407547,CL,mL.min-1.kg-1,=,23.0,CHEMBL612558,,Intrinsic clearance in cryopreserved human hepatocytes at 1 uM measured up to 120 mins by LC-MS/MS analysis,A,COc1ccccc1[C@H](Cn1c(=O)n(C(C)(C)C(=O)O)c(=O)c2c(C)c(-c3ncco3)sc21)OC1CCOCC1,23.0,mL.min-1.kg-1,hepatocyte_human
22763211,CHEMBL4702824,CHEMBL1834206,CL,mL.min-1.kg-1,=,201.0,CHEMBL612558,,Intrinsic clearance in cryopreserved human hepatocytes at 1 uM measured up to 120 mins by LC-MS/MS analysis,A,O=C(O)[C@@H]1CCC[C@H]1C(=O)c1ccc(-c2ccc(Nc3nc4ccc(F)cc4s3)c(F)c2)cc1,201.0,mL.min-1.kg-1,hepatocyte_human
22763212,CHEMBL4702824,CHEMBL139,CL,mL.min-1.kg-1,=,176.0,CHEMBL612558,,Intrinsic clearance in cryopreserved human hepatocytes at 1 uM measured up to 120 mins by LC-MS/MS analysis,A,O=C(O)Cc1ccccc1Nc1c(Cl)cccc1Cl,176.0,mL.min-1.kg-1,hepatocyte_human
22763213,CHEMBL4702824,CHEMBL521,CL,mL.min-1.kg-1,=,61.0,CHEMBL612558,,Intrinsic clearance in cryopreserved human hepatocytes at 1 uM measured up to 120 mins by LC-MS/MS analysis,A,CC(C)Cc1ccc(C(C)C(=O)O)cc1,61.0,mL.min-1.kg-1,hepatocyte_human
22763214,CHEMBL4702824,CHEMBL469,CL,mL.min-1.kg-1,=,3.1,CHEMBL612558,,Intrinsic clearance in cryopreserved human hepatocytes at 1 uM measured up to 120 mins by LC-MS/MS analysis,A,O=C(c1ccccc1)c1ccc2n1CCC2C(=O)O,3.1,mL.min-1.kg-1,hepatocyte_human
22763215,CHEMBL4702824,CHEMBL154,CL,mL.min-1.kg-1,=,21.0,CHEMBL612558,,Intrinsic clearance in cryopreserved human hepatocytes at 1 uM measured up to 120 mins by LC-MS/MS analysis,A,COc1ccc2cc([C@H](C)C(=O)O)ccc2c1,21.0,mL.min-1.kg-1,hepatocyte_human
22763216,CHEMBL4702824,CHEMBL957,CL,mL.min-1.kg-1,=,16.0,CHEMBL612558,,Intrinsic clearance in cryopreserved human hepatocytes at 1 uM measured up to 120 mins by LC-MS/MS analysis,A,COc1ccccc1Oc1c(NS(=O)(=O)c2ccc(C(C)(C)C)cc2)nc(-c2ncccn2)nc1OCCO,16.0,mL.min-1.kg-1,hepatocyte_human
22763217,CHEMBL4702824,CHEMBL1477,CL,mL.min-1.kg-1,=,43.0,CHEMBL612558,,Intrinsic clearance in cryopreserved human hepatocytes at 1 uM measured up to 120 mins by LC-MS/MS analysis,A,COCc1c(C(C)C)nc(C(C)C)c(/C=C/[C@@H](O)C[C@@H](O)CC(=O)O)c1-c1ccc(F)cc1,43.0,mL.min-1.kg-1,hepatocyte_human
22763218,CHEMBL4702824,CHEMBL550781,CL,mL.min-1.kg-1,=,26.0,CHEMBL612558,,Intrinsic clearance in cryopreserved human hepatocytes at 1 uM measured up to 120 mins by LC-MS/MS analysis,A,CCCCCN(CCCOC)C(=O)[C@@H](CCC(=O)O)NC(=O)c1ccc(Cl)c(Cl)c1,26.0,mL.min-1.kg-1,hepatocyte_human
22763219,CHEMBL4702824,CHEMBL138225,CL,mL.min-1.kg-1,=,23.0,CHEMBL612558,,Intrinsic clearance in cryopreserved human hepatocytes at 1 uM measured up to 120 mins by LC-MS/MS analysis,A,CC(C)(C)NC(=O)[C@H]1CC[C@H]2[C@@H]3CC=C4C=C(C(=O)O)CC[C@]4(C)[C@H]3CC[C@]12C,23.0,mL.min-1.kg-1,hepatocyte_human
22763220,CHEMBL4702824,CHEMBL1073,CL,mL.min-1.kg-1,=,4.4,CHEMBL612558,,Intrinsic clearance in cryopreserved human hepatocytes at 1 uM measured up to 120 mins by LC-MS/MS analysis,A,Cc1cnc(C(=O)NCCc2ccc(S(=O)(=O)NC(=O)NC3CCCCC3)cc2)cn1,4.4,mL.min-1.kg-1,hepatocyte_human
22763221,CHEMBL4702824,CHEMBL472,CL,mL.min-1.kg-1,=,69.0,CHEMBL612558,,Intrinsic clearance in cryopreserved human hepatocytes at 1 uM measured up to 120 mins by LC-MS/MS analysis,A,COc1ccc(Cl)cc1C(=O)NCCc1ccc(S(=O)(=O)NC(=O)NC2CCCCC2)cc1,69.0,mL.min-1.kg-1,hepatocyte_human
22763222,CHEMBL4702824,CHEMBL1207972,CL,mL.min-1.kg-1,=,180.0,CHEMBL612558,,Intrinsic clearance in cryopreserved human hepatocytes at 1 uM measured up to 120 mins by LC-MS/MS analysis,A,O=C(O)c1cccc(Cc2cc(Cl)ccc2OCc2ccc(Cl)cc2F)n1,180.0,mL.min-1.kg-1,hepatocyte_human
22763223,CHEMBL4702824,CHEMBL1513,CL,mL.min-1.kg-1,=,39.0,CHEMBL612558,,Intrinsic clearance in cryopreserved human hepatocytes at 1 uM measured up to 120 mins by LC-MS/MS analysis,A,CCCCC1=NC2(CCCC2)C(=O)N1Cc1ccc(-c2ccccc2-c2nnn[nH]2)cc1,39.0,mL.min-1.kg-1,hepatocyte_human
22763224,CHEMBL4702824,CHEMBL1201753,CL,mL.min-1.kg-1,=,31.0,CHEMBL612558,,Intrinsic clearance in cryopreserved human hepatocytes at 1 uM measured up to 120 mins by LC-MS/MS analysis,A,O=C(O)C[C@H](O)C[C@H](O)/C=C/c1c(C2CC2)nc2ccccc2c1-c1ccc(F)cc1,31.0,mL.min-1.kg-1,hepatocyte_human
22763225,CHEMBL4702824,CHEMBL2325014,CL,mL.min-1.kg-1,=,40.0,CHEMBL612558,,Intrinsic clearance in cryopreserved human hepatocytes at 1 uM measured up to 120 mins by LC-MS/MS analysis,A,Nc1[nH]ncc1-c1cc(Cl)ccc1Oc1cc(F)c(S(=O)(=O)Nc2cscn2)cc1Cl,40.0,mL.min-1.kg-1,hepatocyte_human
22763226,CHEMBL4702824,CHEMBL4279521,CL,mL.min-1.kg-1,=,37.0,CHEMBL612558,,Intrinsic clearance in cryopreserved human hepatocytes at 1 uM measured up to 120 mins by LC-MS/MS analysis,A,Cc1nn(-c2cnc(OCC(C)C)c(Cl)c2)c2ccc(C(=O)NS(C)(=O)=O)cc12,37.0,mL.min-1.kg-1,hepatocyte_human
22763227,CHEMBL4702824,CHEMBL1272,CL,mL.min-1.kg-1,=,98.0,CHEMBL612558,,Intrinsic clearance in cryopreserved human hepatocytes at 1 uM measured up to 120 mins by LC-MS/MS analysis,A,CCOc1cc(CC(=O)N[C@@H](CC(C)C)c2ccccc2N2CCCCC2)ccc1C(=O)O,98.0,mL.min-1.kg-1,hepatocyte_human
22763228,CHEMBL4702824,CHEMBL1017,CL,mL.min-1.kg-1,=,39.0,CHEMBL612558,,Intrinsic clearance in cryopreserved human hepatocytes at 1 uM measured up to 120 mins by LC-MS/MS analysis,A,CCCc1nc2c(C)cc(-c3nc4ccccc4n3C)cc2n1Cc1ccc(-c2ccccc2C(=O)O)cc1,39.0,mL.min-1.kg-1,hepatocyte_human
22763229,CHEMBL4702824,CHEMBL282686,CL,mL.min-1.kg-1,=,4.7,CHEMBL612558,,Intrinsic clearance in cryopreserved human hepatocytes at 1 uM measured up to 120 mins by LC-MS/MS analysis,A,CCO[C@@H](Cc1ccc(OCCc2ccc(OS(C)(=O)=O)cc2)cc1)C(=O)O,4.7,mL.min-1.kg-1,hepatocyte_human
22763230,CHEMBL4702824,CHEMBL280481,CL,mL.min-1.kg-1,=,61.0,CHEMBL612558,,Intrinsic clearance in cryopreserved human hepatocytes at 1 uM measured up to 120 mins by LC-MS/MS analysis,A,CN(C)C(=O)CCS[C@H](SCCC(=O)O)c1cccc(/C=C/c2ccc3ccc(Cl)cc3n2)c1,61.0,mL.min-1.kg-1,hepatocyte_human
22763231,CHEMBL4702824,CHEMBL1951143,CL,mL.min-1.kg-1,=,17.0,CHEMBL612558,,Intrinsic clearance in cryopreserved human hepatocytes at 1 uM measured up to 120 mins by LC-MS/MS analysis,A,CCCCc1nc(C)c(CC(=S)N(C)C)c(=O)n1Cc1ccc(-c2ccccc2-c2nnn[nH]2)cc1,17.0,mL.min-1.kg-1,hepatocyte_human
22763232,CHEMBL4702824,CHEMBL1144,CL,mL.min-1.kg-1,=,0.77,CHEMBL612558,,Intrinsic clearance in cryopreserved human hepatocytes at 1 uM measured up to 120 mins by LC-MS/MS analysis,A,CC[C@H](C)C(=O)O[C@H]1C[C@H](O)C=C2C=C[C@H](C)[C@H](CC[C@@H](O)C[C@@H](O)CC(=O)O)[C@H]21,0.77,mL.min-1.kg-1,hepatocyte_human
22763233,CHEMBL4702824,CHEMBL1496,CL,mL.min-1.kg-1,=,0.86,CHEMBL612558,,Intrinsic clearance in cryopreserved human hepatocytes at 1 uM measured up to 120 mins by LC-MS/MS analysis,A,CC(C)c1nc(N(C)S(C)(=O)=O)nc(-c2ccc(F)cc2)c1/C=C/[C@@H](O)C[C@@H](O)CC(=O)O,0.86,mL.min-1.kg-1,hepatocyte_human
22763234,CHEMBL4702824,CHEMBL1069,CL,mL.min-1.kg-1,=,1.6,CHEMBL612558,,Intrinsic clearance in cryopreserved human hepatocytes at 1 uM measured up to 120 mins by LC-MS/MS analysis,A,CCCCC(=O)N(Cc1ccc(-c2ccccc2-c2nnn[nH]2)cc1)[C@H](C(=O)O)C(C)C,1.6,mL.min-1.kg-1,hepatocyte_human
22791913,CHEMBL4709739,CHEMBL445813,CL,mL.min-1.kg-1,=,4.0,CHEMBL612558,,Clearance in human hepatocytes at 1 uM measured after 2 to 90 mins by HPLC-based LCMS/MS analysis,A,O=C(NC1CCNCC1)c1n[nH]cc1NC(=O)c1c(Cl)cccc1Cl,4.0,mL.min-1.kg-1,hepatocyte_human
22791914,CHEMBL4709739,CHEMBL4749482,CL,mL.min-1.kg-1,=,1.0,CHEMBL612558,,Clearance in human hepatocytes at 1 uM measured after 2 to 90 mins by HPLC-based LCMS/MS analysis,A,N=S1(=O)CCC(NC(=O)c2n[nH]cc2NC(=O)c2c(Cl)cccc2Cl)CC1,1.0,mL.min-1.kg-1,hepatocyte_human
22849719,CHEMBL4723208,CHEMBL3973674,CL,mL.min-1.g-1,=,5.7,CHEMBL612558,,Clearance in human cryopreserved hepatocytes at 1 uM incubated from 1 to 80 mins by LC-MS/MS analysis,A,COCCOc1cc(NC(=O)N2CCCc3cc(CN4CCN(C)CC4=O)c(C=O)nc32)ncc1C#N,0.0057,mL.min-1.kg-1,hepatocyte_human
22876710,CHEMBL4726029,CHEMBL4784510,CL,mL.min-1.kg-1,=,3.5,CHEMBL612558,,Clearance in human hepatocytes at 0.1 umol/l and measured for 6 hrs by LC-MS/MS analysis,A,COc1cc(F)c([C@@H]2CNC(=O)[C@H]2NC(=O)Nc2ccccc2)c(F)c1,3.5,mL.min-1.kg-1,hepatocyte_human
22889361,CHEMBL4728951,CHEMBL4759047,CL,mL.min-1.kg-1,=,10.0,CHEMBL612558,,Clearance in human hepatocytes at 2 uM and measured up to 120 mins by LC-MS/MS analysis,A,Nc1nccc(COc2ccc3nc(N[C@@H]4CCCC[C@H]4O)sc3c2)c1Cl,10.0,mL.min-1.kg-1,hepatocyte_human
22889362,CHEMBL4728951,CHEMBL4748740,CL,mL.min-1.kg-1,=,32.0,CHEMBL612558,,Clearance in human hepatocytes at 2 uM and measured up to 120 mins by LC-MS/MS analysis,A,COc1cc(OCc2ccnc(Nc3cnn(C)c3)n2)cc2sc(N[C@H]3CCCC[C@@H]3O)nc12,32.0,mL.min-1.kg-1,hepatocyte_human
22909088,CHEMBL4733865,CHEMBL4800252,CL,mL.min-1.kg-1,=,3.05,CHEMBL612558,,Metabolic stability in human hepatocytes assessed as intrinsic clearance,A,COC(=O)Nc1cc(C(F)(F)F)c(-c2nc(N3CCOCC3)c3cc(CN4CCN(S(C)(=O)=O)CC4)cn3n2)cn1,3.05,mL.min-1.kg-1,hepatocyte_human
23148548,CHEMBL4809915,CHEMBL4862372,CL,mL.min-1.g-1,=,0.8,CHEMBL612558,,Intrinsic clearance in human cryopreserved pooled hepatocytes at 0.5 uM measured up to 120 mins by LC-MS/MS analysis,A,CNC(=O)c1cc(C(=O)N[C@H]2C[C@@H]2C)cc(C(O)c2ccccc2)n1,0.0008,mL.min-1.kg-1,hepatocyte_human
23149211,CHEMBL4810047,CHEMBL4778172,CL,mL.min-1.kg-1,=,16.0,CHEMBL612558,,Metabolic stability in human hepatocytes assessed as intrinsic clearance,A,COc1cccc2nnn(CC(=O)N[C@@H](C)c3ccc(C)cc3)c(=O)c12,16.0,mL.min-1.kg-1,hepatocyte_human
23149212,CHEMBL4810047,CHEMBL4780801,CL,mL.min-1.kg-1,=,17.0,CHEMBL612558,,Metabolic stability in human hepatocytes assessed as intrinsic clearance,A,COc1ccc2nnn(CC(=O)N[C@@H](C)c3ccc(C)cc3)c(=O)c2c1,17.0,mL.min-1.kg-1,hepatocyte_human
23149215,CHEMBL4810047,CHEMBL4786722,CL,mL.min-1.kg-1,=,33.0,CHEMBL612558,,Metabolic stability in human hepatocytes assessed as intrinsic clearance,A,Cc1ccc([C@H](C)NC(=O)Cn2nnc3ccc(C)cc3c2=O)cc1,33.0,mL.min-1.kg-1,hepatocyte_human
23149217,CHEMBL4810047,CHEMBL4777630,CL,mL.min-1.kg-1,=,7.3,CHEMBL612558,,Metabolic stability in human hepatocytes assessed as intrinsic clearance,A,Cc1ccc([C@H](C)NC(=O)Cn2nnc3ccc(F)cc3c2=O)cc1,7.3,mL.min-1.kg-1,hepatocyte_human
23149219,CHEMBL4810047,CHEMBL4797410,CL,mL.min-1.kg-1,=,32.0,CHEMBL612558,,Metabolic stability in human hepatocytes assessed as intrinsic clearance,A,Cc1ccc([C@H](C)NC(=O)Cn2nnc3c(F)cc(C)cc3c2=O)cc1,32.0,mL.min-1.kg-1,hepatocyte_human
23190949,CHEMBL4818593,CHEMBL4868487,CL,mL.min-1.kg-1,=,0.011,CHEMBL612558,,Metabolic stability in human Hepatocyte assessed as intrinsic clearance,A,COc1cc2c(cc1Nc1ncc(C(N)=O)c(Nc3ccccc3)n1)CN(C)CC2,0.011,mL.min-1.kg-1,hepatocyte_human
23190950,CHEMBL4818593,CHEMBL4871382,CL,mL.min-1.kg-1,=,0.023,CHEMBL612558,,Metabolic stability in human Hepatocyte assessed as intrinsic clearance,A,COc1cc2c(cc1Nc1ncc(C(N)=O)c(NC3CCCC3)n1)CN(C)CC2,0.023,mL.min-1.kg-1,hepatocyte_human
23190951,CHEMBL4818593,CHEMBL4863492,CL,mL.min-1.kg-1,=,0.0124,CHEMBL612558,,Metabolic stability in human Hepatocyte assessed as intrinsic clearance,A,COc1cc2c(cc1Nc1ncc(C(N)=O)c(Nc3ccccc3Br)n1)CN(C)CC2,0.0124,mL.min-1.kg-1,hepatocyte_human
23190952,CHEMBL4818593,CHEMBL4873035,CL,mL.min-1.kg-1,=,0.0096,CHEMBL612558,,Metabolic stability in human Hepatocyte assessed as intrinsic clearance,A,COc1cc2c(cc1Nc1ncc(C(N)=O)c(Nc3c(C)cccc3F)n1)CN(C)CC2,0.0096,mL.min-1.kg-1,hepatocyte_human
23192496,CHEMBL4818856,CHEMBL4871799,CL,mL.min-1.kg-1,=,55.33,CHEMBL612558,,Metabolic stability in human hepatocytes assessed as Intrinsic clearance by LC-MS/MS analysis,A,CCN(C(=O)c1cc(C(C)C)c(O)cc1O)c1cccnc1,55.33,mL.min-1.kg-1,hepatocyte_human
23194593,CHEMBL4819483,CHEMBL44657,CL,mL.min-1.kg-1,=,19.0,CHEMBL395,Homo sapiens,Antiproliferative activity against human HepG2 cells incubated for 3 days by MTT assay,F,COc1cc([C@@H]2c3cc4c(cc3[C@@H](O[C@@H]3O[C@@H]5CO[C@@H](C)O[C@H]5[C@H](O)[C@H]3O)[C@H]3COC(=O)[C@H]23)OCO4)cc(OC)c1O,19.0,mL.min-1.kg-1,hepatocyte_human
23214829,CHEMBL4823144,CHEMBL4850216,CL,mL.min-1.kg-1,=,0.023,CHEMBL612558,,Intrinsic clearance in human hepatocytes,A,O=C(OC1CN2CCC1CC2)N1CCc2ccccc2[C@@H]1c1ccc(F)cc1,0.023,mL.min-1.kg-1,hepatocyte_human
23214830,CHEMBL4823144,CHEMBL4867615,CL,mL.min-1.kg-1,=,0.0397,CHEMBL612558,,Intrinsic clearance in human hepatocytes,A,O=C(OCC12CCN(CC1)CC2)N1CCc2ccccc2[C@H]1c1ccc(F)cc1,0.0397,mL.min-1.kg-1,hepatocyte_human
23232857,CHEMBL4827357,CHEMBL1358,CL,mL.min-1.kg-1,=,15.0,CHEMBL612558,,Intrinsic clearance in human hepatocytes measured up to 60 mins by LC/MS/MS analysis,A,C[C@]12CC[C@@H]3c4ccc(O)cc4C[C@@H](CCCCCCCCC[S+]([O-])CCCC(F)(F)C(F)(F)F)[C@H]3[C@@H]1CC[C@@H]2O,15.0,mL.min-1.kg-1,hepatocyte_human
23232858,CHEMBL4827357,CHEMBL83,CL,mL.min-1.kg-1,=,12.0,CHEMBL612558,,Intrinsic clearance in human hepatocytes measured up to 60 mins by LC/MS/MS analysis,A,CC/C(=C(\c1ccccc1)c1ccc(OCCN(C)C)cc1)c1ccccc1,12.0,mL.min-1.kg-1,hepatocyte_human
23232859,CHEMBL4827357,CHEMBL489,CL,mL.min-1.kg-1,=,14.0,CHEMBL612558,,Intrinsic clearance in human hepatocytes measured up to 60 mins by LC/MS/MS analysis,A,CC/C(=C(\c1ccc(O)cc1)c1ccc(OCCN(C)C)cc1)c1ccccc1,14.0,mL.min-1.kg-1,hepatocyte_human
23232860,CHEMBL4827357,CHEMBL3581693,CL,mL.min-1.kg-1,=,15.0,CHEMBL612558,,Intrinsic clearance in human hepatocytes measured up to 60 mins by LC/MS/MS analysis,A,CC/C(=C(/c1ccc(/C=C/C(=O)O)cc1)c1ccc2[nH]ncc2c1)c1ccc(F)cc1Cl,15.0,mL.min-1.kg-1,hepatocyte_human
23232861,CHEMBL4827357,CHEMBL4447340,CL,mL.min-1.kg-1,=,16.0,CHEMBL612558,,Intrinsic clearance in human hepatocytes measured up to 60 mins by LC/MS/MS analysis,A,CC1=C(c2cccc(O)c2)[C@H](c2ccc(OCCN3CC(CF)C3)cc2)Oc2ccc(O)cc21,16.0,mL.min-1.kg-1,hepatocyte_human
23232862,CHEMBL4827357,CHEMBL4528514,CL,mL.min-1.kg-1,=,6.0,CHEMBL612558,,Intrinsic clearance in human hepatocytes measured up to 60 mins by LC/MS/MS analysis,A,C[C@@H]1Cc2c([nH]c3ccccc23)[C@@H](c2c(F)cc(OCCN3CC(CF)C3)cc2F)N1CC(C)(C)F,6.0,mL.min-1.kg-1,hepatocyte_human
23232863,CHEMBL4827357,CHEMBL4649161,CL,mL.min-1.kg-1,=,7.0,CHEMBL612558,,Intrinsic clearance in human hepatocytes measured up to 60 mins by LC/MS/MS analysis,A,C[C@@H]1Cc2c([nH]c3ccccc23)[C@@H](c2c(F)cc(OC3CN(CCCF)C3)cc2F)N1CC(C)(C)F,7.0,mL.min-1.kg-1,hepatocyte_human
23232864,CHEMBL4827357,CHEMBL4857736,CL,mL.min-1.kg-1,=,16.0,CHEMBL612558,,Intrinsic clearance in human hepatocytes measured up to 60 mins by LC/MS/MS analysis,A,C[C@@H]1Cc2c([nH]c3ccccc23)[C@@H](c2c(F)cc(OC3CN(CCCF)C3)cc2F)N1CC(F)(F)CO,16.0,mL.min-1.kg-1,hepatocyte_human
23232865,CHEMBL4827357,CHEMBL4650316,CL,mL.min-1.kg-1,=,11.0,CHEMBL612558,,Intrinsic clearance in human hepatocytes measured up to 60 mins by LC/MS/MS analysis,A,C[C@@H]1Cc2c([nH]c3ccccc23)[C@@H](c2c(F)cc(NC3CN(CCCF)C3)cc2F)N1CC(F)(F)CO,11.0,mL.min-1.kg-1,hepatocyte_human
23232866,CHEMBL4827357,CHEMBL4877338,CL,mL.min-1.kg-1,=,12.0,CHEMBL612558,,Intrinsic clearance in human hepatocytes measured up to 60 mins by LC/MS/MS analysis,A,C[C@@H]1Cc2c([nH]c3cccc(F)c23)[C@@H](c2c(F)cc(NC3CN(CCCF)C3)cc2F)N1CC(F)(F)CO,12.0,mL.min-1.kg-1,hepatocyte_human
23232867,CHEMBL4827357,CHEMBL4866043,CL,mL.min-1.kg-1,=,10.0,CHEMBL612558,,Intrinsic clearance in human hepatocytes measured up to 60 mins by LC/MS/MS analysis,A,C[C@@H]1Cc2c([nH]c3ccc(F)cc23)[C@@H](c2c(F)cc(NC3CN(CCCF)C3)cc2F)N1CC(F)(F)CO,10.0,mL.min-1.kg-1,hepatocyte_human
23232868,CHEMBL4827357,CHEMBL4845726,CL,mL.min-1.kg-1,=,9.0,CHEMBL612558,,Intrinsic clearance in human hepatocytes measured up to 60 mins by LC/MS/MS analysis,A,C[C@@H]1Cc2c([nH]c3cc(F)ccc23)[C@@H](c2c(F)cc(NC3CN(CCCF)C3)cc2F)N1CC(F)(F)CO,9.0,mL.min-1.kg-1,hepatocyte_human
23269403,CHEMBL4835082,CHEMBL4856110,CL,mL.min-1.kg-1,=,54.2,CHEMBL612558,,Intrinsic clearance in human pooled hepatocytes,A,COc1cc2nc(-c3ccc(C)o3)cc(NCC3CCN(c4ncc(C(=O)NO)cn4)CC3)c2cc1OC,54.2,mL.min-1.kg-1,hepatocyte_human
23269698,CHEMBL4835113,CHEMBL4856289,CL,mL.min-1.g-1,=,1.18,CHEMBL612558,,Metabolic stability in human Hepatocyte assessed as intrinsic clearance at 0.5 uM incubated for 120 mins by LC-MS/MS analysis,A,CCNC(=O)c1ccc(OCc2cccc(C)n2)c(-c2cn(C)nn2)c1,0.0011799999999999998,mL.min-1.kg-1,hepatocyte_human
23292225,CHEMBL4839805,CHEMBL4101809,CL,mL.min-1.kg-1,=,51.0,CHEMBL612558,,Unbound clearance in human hepatocytes,A,COc1nc(C2=NOC[C@H](c3cc4ccccc4o3)N2)ccc1-n1cnc(C)c1,51.0,mL.min-1.kg-1,hepatocyte_human
23292226,CHEMBL4839805,CHEMBL4865935,CL,mL.min-1.kg-1,=,21.0,CHEMBL612558,,Unbound clearance in human hepatocytes,A,COc1nc(C2=NOCC(c3ccccc3)N2)ccc1-n1cnc(C)c1,21.0,mL.min-1.kg-1,hepatocyte_human
23292227,CHEMBL4839805,CHEMBL4855802,CL,mL.min-1.kg-1,=,2.0,CHEMBL612558,,Unbound clearance in human hepatocytes,A,COc1nc(C2=NOCC(c3ccc(Cl)cc3)N2)ccc1-n1cnc(C)c1,2.0,mL.min-1.kg-1,hepatocyte_human
23292228,CHEMBL4839805,CHEMBL4846662,CL,mL.min-1.kg-1,=,135.0,CHEMBL612558,,Unbound clearance in human hepatocytes,A,COc1nc(C2=NOCC(c3ccc(C)cc3)N2)ccc1-n1cnc(C)c1,135.0,mL.min-1.kg-1,hepatocyte_human
23292229,CHEMBL4839805,CHEMBL4872582,CL,mL.min-1.kg-1,=,208.0,CHEMBL612558,,Unbound clearance in human hepatocytes,A,COc1nc(C2=NOCC(c3ccc(C4CC4)cc3)N2)ccc1-n1cnc(C)c1,208.0,mL.min-1.kg-1,hepatocyte_human
23292230,CHEMBL4839805,CHEMBL4848262,CL,mL.min-1.kg-1,=,12.0,CHEMBL612558,,Unbound clearance in human hepatocytes,A,COc1nc(C2=NOCC(c3ccc(C(F)(F)F)cc3)N2)ccc1-n1cnc(C)c1,12.0,mL.min-1.kg-1,hepatocyte_human
23292231,CHEMBL4839805,CHEMBL4851690,CL,mL.min-1.kg-1,=,320.0,CHEMBL612558,,Unbound clearance in human hepatocytes,A,COc1nc(C2=NOCC(c3ccc(C(C)(C)C)cc3)N2)ccc1-n1cnc(C)c1,320.0,mL.min-1.kg-1,hepatocyte_human
23292232,CHEMBL4839805,CHEMBL4849643,CL,mL.min-1.kg-1,=,15.0,CHEMBL612558,,Unbound clearance in human hepatocytes,A,COc1nc(C2=NOCC(c3cccc(Cl)c3)N2)ccc1-n1cnc(C)c1,15.0,mL.min-1.kg-1,hepatocyte_human
23292233,CHEMBL4839805,CHEMBL4863683,CL,mL.min-1.kg-1,=,29.0,CHEMBL612558,,Unbound clearance in human hepatocytes,A,COc1nc(C2=NOCC(c3cccc(C4CC4)c3)N2)ccc1-n1cnc(C)c1,29.0,mL.min-1.kg-1,hepatocyte_human
23292234,CHEMBL4839805,CHEMBL4871709,CL,mL.min-1.kg-1,=,32.0,CHEMBL612558,,Unbound clearance in human hepatocytes,A,COc1nc(C2=NOCC(c3ccc(Cl)c(F)c3)N2)ccc1-n1cnc(C)c1,32.0,mL.min-1.kg-1,hepatocyte_human
23292235,CHEMBL4839805,CHEMBL4850647,CL,mL.min-1.kg-1,=,70.0,CHEMBL612558,,Unbound clearance in human hepatocytes,A,COc1nc(C2=NOCC(c3ccc(Cl)c(C)c3)N2)ccc1-n1cnc(C)c1,70.0,mL.min-1.kg-1,hepatocyte_human
23292236,CHEMBL4839805,CHEMBL4858970,CL,mL.min-1.kg-1,=,274.0,CHEMBL612558,,Unbound clearance in human hepatocytes,A,COc1nc(C2=NOCC(c3ccc(Cl)c(C4CC4)c3)N2)ccc1-n1cnc(C)c1,274.0,mL.min-1.kg-1,hepatocyte_human
23292237,CHEMBL4839805,CHEMBL4864477,CL,mL.min-1.kg-1,=,6.0,CHEMBL612558,,Unbound clearance in human hepatocytes,A,COc1nc(C2=NOCC(c3ccc(Cl)c(C(F)(F)F)c3)N2)ccc1-n1cnc(C)c1,6.0,mL.min-1.kg-1,hepatocyte_human
23292238,CHEMBL4839805,CHEMBL4873343,CL,mL.min-1.kg-1,=,422.0,CHEMBL612558,,Unbound clearance in human hepatocytes,A,COc1nc(C2=NOCC(c3ccc(C)c(Cl)c3)N2)ccc1-n1cnc(C)c1,422.0,mL.min-1.kg-1,hepatocyte_human
23292240,CHEMBL4839805,CHEMBL4872778,CL,mL.min-1.kg-1,=,62.0,CHEMBL612558,,Unbound clearance in human hepatocytes,A,COc1nc(C2=NOCC(c3ccc(C(F)(F)F)c(F)c3)N2)ccc1-n1cnc(C)c1,62.0,mL.min-1.kg-1,hepatocyte_human
23292241,CHEMBL4839805,CHEMBL4878938,CL,mL.min-1.kg-1,=,13.0,CHEMBL612558,,Unbound clearance in human hepatocytes,A,COc1nc(C2=NOCC(c3ccc(F)c(Cl)c3)N2)ccc1-n1cnc(C)c1,13.0,mL.min-1.kg-1,hepatocyte_human
23292242,CHEMBL4839805,CHEMBL4855120,CL,mL.min-1.kg-1,=,85.0,CHEMBL612558,,Unbound clearance in human hepatocytes,A,COc1nc(C2=NOCC(c3cc(Cl)cc(Cl)c3)N2)ccc1-n1cnc(C)c1,85.0,mL.min-1.kg-1,hepatocyte_human
23292243,CHEMBL4839805,CHEMBL4849599,CL,mL.min-1.kg-1,=,5.0,CHEMBL612558,,Unbound clearance in human hepatocytes,A,COc1nc(C2=NOC(C)(C)C(c3ccccc3)N2)ccc1-n1cnc(C)c1,5.0,mL.min-1.kg-1,hepatocyte_human
23292244,CHEMBL4839805,CHEMBL4868827,CL,mL.min-1.kg-1,=,15.0,CHEMBL612558,,Unbound clearance in human hepatocytes,A,COc1nc(C2=NOC(C)(C)C(c3ccc(Cl)cc3)N2)ccc1-n1cnc(C)c1,15.0,mL.min-1.kg-1,hepatocyte_human
23292245,CHEMBL4839805,CHEMBL4851284,CL,mL.min-1.kg-1,=,12.0,CHEMBL612558,,Unbound clearance in human hepatocytes,A,COc1nc(C2=NOC(C)C(c3ccc(Cl)cc3)N2)ccc1-n1cnc(C)c1,12.0,mL.min-1.kg-1,hepatocyte_human
23292246,CHEMBL4839805,CHEMBL4848087,CL,mL.min-1.kg-1,=,1.0,CHEMBL612558,,Unbound clearance in human hepatocytes,A,COc1nc(C2=NOC(C)C(c3ccc(Cl)c(F)c3)N2)ccc1-n1cnc(C)c1,1.0,mL.min-1.kg-1,hepatocyte_human
23292247,CHEMBL4839805,CHEMBL4869387,CL,mL.min-1.kg-1,=,19.0,CHEMBL612558,,Unbound clearance in human hepatocytes,A,COc1nc(C2=NOC(C)C(c3cccc(Cl)c3)N2)ccc1-n1cnc(C)c1,19.0,mL.min-1.kg-1,hepatocyte_human
23292248,CHEMBL4839805,CHEMBL4862666,CL,mL.min-1.kg-1,=,20.0,CHEMBL612558,,Unbound clearance in human hepatocytes,A,COc1nc(C2=NOC(C)C(c3ccc(Cl)c(Cl)c3)N2)ccc1-n1cnc(C)c1,20.0,mL.min-1.kg-1,hepatocyte_human
23292249,CHEMBL4839805,CHEMBL4848062,CL,mL.min-1.kg-1,=,4.0,CHEMBL612558,,Unbound clearance in human hepatocytes,A,COc1nc(C2=NOC(C3CC3)C(c3ccc(Cl)cc3)N2)ccc1-n1cnc(C)c1,4.0,mL.min-1.kg-1,hepatocyte_human
24343486,CHEMBL5030001,CHEMBL5071551,CL,mL.min-1.kg-1,=,12.0,CHEMBL612558,,Intrinsic clearance in human hepatocytes,A,Cc1cc(C)c2c(n1)sc1c(NCc3ccc(S(C)(=O)=O)cc3)ncnc12,12.0,mL.min-1.kg-1,hepatocyte_human
24343487,CHEMBL5030001,CHEMBL5086238,CL,mL.min-1.kg-1,=,18.0,CHEMBL612558,,Intrinsic clearance in human hepatocytes,A,Cc1cc(C)c2c(n1)sc1c(N3CCCC3)ncnc12,18.0,mL.min-1.kg-1,hepatocyte_human
24343488,CHEMBL5030001,CHEMBL5082904,CL,mL.min-1.kg-1,=,20.0,CHEMBL612558,,Intrinsic clearance in human hepatocytes,A,Cc1cc(C)c2c(n1)sc1c(N3CCC3)ncnc12,20.0,mL.min-1.kg-1,hepatocyte_human
24343489,CHEMBL5030001,CHEMBL5077997,CL,mL.min-1.kg-1,=,18.0,CHEMBL612558,,Intrinsic clearance in human hepatocytes,A,Cc1cc(C)c2c(n1)sc1c(N3CC4(COC4)C3)ncnc12,18.0,mL.min-1.kg-1,hepatocyte_human
24343490,CHEMBL5030001,CHEMBL5083833,CL,mL.min-1.kg-1,=,11.0,CHEMBL612558,,Intrinsic clearance in human hepatocytes,A,Cc1cc(C)c2c(n1)sc1c(C3CCN(C(=O)C4(C)CC4)CC3)ncnc12,11.0,mL.min-1.kg-1,hepatocyte_human
24343491,CHEMBL5030001,CHEMBL5076867,CL,mL.min-1.kg-1,=,15.0,CHEMBL612558,,Intrinsic clearance in human hepatocytes,A,Cc1cc(C)c2c(n1)sc1c(NCc3ccc(C(C)(C)O)cc3)nccc12,15.0,mL.min-1.kg-1,hepatocyte_human
24343492,CHEMBL5030001,CHEMBL5075610,CL,mL.min-1.kg-1,=,19.0,CHEMBL612558,,Intrinsic clearance in human hepatocytes,A,Cc1cc(C)c2c(n1)sc1c(N3CCCC3)nccc12,19.0,mL.min-1.kg-1,hepatocyte_human
24343493,CHEMBL5030001,CHEMBL5078961,CL,mL.min-1.kg-1,=,20.0,CHEMBL612558,,Intrinsic clearance in human hepatocytes,A,Cc1cc(C)c2c(n1)sc1c(NC3CCC3)nccc12,20.0,mL.min-1.kg-1,hepatocyte_human
24343787,CHEMBL5030037,CHEMBL3647052,CL,mL.min-1.kg-1,=,58.0,CHEMBL612558,,Intrinsic clearance in human hepatocytes,A,C[C@H]1CC[C@H](Cn2c(N3CCO[C@@H]4CCC[C@H]43)nc3cc(-c4noc(=O)[nH]4)nc(-c4cncc(Cl)c4)c32)CC1,58.0,mL.min-1.kg-1,hepatocyte_human
24383135,CHEMBL5039205,CHEMBL5093828,CL,mL.min-1.kg-1,=,5.7,CHEMBL612558,,Intrinsic clearance in human hepatocytes,A,CC(=O)N1C=Cc2nc(N3CCC(Oc4ccc(F)cc4F)CC3)c(NC(C)C)nc2C1,5.7,mL.min-1.kg-1,hepatocyte_human
24383136,CHEMBL5039205,CHEMBL4778540,CL,mL.min-1.kg-1,=,48.0,CHEMBL612558,,Intrinsic clearance in human hepatocytes,A,CC(=O)N1CCc2nc(N3CCC(Oc4ccc(F)cc4F)CC3)c(N[C@@H]3CCOC3)nc2C1,48.0,mL.min-1.kg-1,hepatocyte_human
24389022,CHEMBL5040791,CHEMBL5082544,CL,mL.min-1.kg-1,=,21.1,CHEMBL612558,,Stability in human hepatocytes assessed as intrinsic clearance measured upto 120 minutes by LC/MS/MS analysis,A,CC.Cc1ccc(F)c2cc(C(=O)N[C@@H]3CCC[C@H](N4CC[C@@H](N(C)S(C)(=O)=O)C4)C3)[nH]c12,21.1,mL.min-1.kg-1,hepatocyte_human
24389023,CHEMBL5040791,CHEMBL5088515,CL,mL.min-1.kg-1,=,16.0,CHEMBL612558,,Stability in human hepatocytes assessed as intrinsic clearance measured upto 120 minutes by LC/MS/MS analysis,A,CC(=O)N(C)[C@H]1CCN([C@H]2CCC[C@@H](NC(=O)c3cc4c(F)ccc(C)c4[nH]3)C2)C1,16.0,mL.min-1.kg-1,hepatocyte_human
24389024,CHEMBL5040791,CHEMBL5071957,CL,mL.min-1.kg-1,=,22.5,CHEMBL612558,,Stability in human hepatocytes assessed as intrinsic clearance measured upto 120 minutes by LC/MS/MS analysis,A,CC(=O)N(C)[C@@H]1CCN([C@H]2CCC[C@@H](NC(=O)c3cc4c(F)ccc(C)c4[nH]3)C2)C1,22.5,mL.min-1.kg-1,hepatocyte_human
24389025,CHEMBL5040791,CHEMBL5077994,CL,mL.min-1.kg-1,=,41.0,CHEMBL612558,,Stability in human hepatocytes assessed as intrinsic clearance measured upto 120 minutes by LC/MS/MS analysis,A,Cc1ccc(F)c2cc(C(=O)N[C@@H]3CCC[C@H](N4CCN(S(C)(=O)=O)CC4)C3)[nH]c12,41.0,mL.min-1.kg-1,hepatocyte_human
24389026,CHEMBL5040791,CHEMBL5080149,CL,mL.min-1.kg-1,=,23.7,CHEMBL612558,,Stability in human hepatocytes assessed as intrinsic clearance measured upto 120 minutes by LC/MS/MS analysis,A,Cc1ccc(F)c2cc(C(=O)N[C@@H]3CCC[C@H](N4CCN(C)C(=O)C4)C3)[nH]c12,23.7,mL.min-1.kg-1,hepatocyte_human
24389027,CHEMBL5040791,CHEMBL5082960,CL,mL.min-1.kg-1,=,32.3,CHEMBL612558,,Stability in human hepatocytes assessed as intrinsic clearance measured upto 120 minutes by LC/MS/MS analysis,A,Cc1ccc(F)c2cc(C(=O)N[C@@H]3CCC[C@H](c4ccncc4)C3)[nH]c12,32.3,mL.min-1.kg-1,hepatocyte_human
24389028,CHEMBL5040791,CHEMBL5072302,CL,mL.min-1.kg-1,=,75.0,CHEMBL612558,,Stability in human hepatocytes assessed as intrinsic clearance measured upto 120 minutes by LC/MS/MS analysis,A,Cc1ccc(F)c2cc(C(=O)N[C@@H]3CCC[C@H](N4CCOCC4)C3)[nH]c12,75.0,mL.min-1.kg-1,hepatocyte_human
24389029,CHEMBL5040791,CHEMBL5091591,CL,mL.min-1.kg-1,=,51.0,CHEMBL612558,,Stability in human hepatocytes assessed as intrinsic clearance measured upto 120 minutes by LC/MS/MS analysis,A,Cc1ccc(F)c2cc(C(=O)N[C@@H]3CCC[C@H](N4CC[C@H](N(C)S(C)(=O)=O)C4)C3)[nH]c12,51.0,mL.min-1.kg-1,hepatocyte_human
24389030,CHEMBL5040791,CHEMBL5073608,CL,mL.min-1.kg-1,=,64.0,CHEMBL612558,,Stability in human hepatocytes assessed as intrinsic clearance measured upto 120 minutes by LC/MS/MS analysis,A,CC(=O)N(C)C1CCN(c2cc(F)cc(NC(=O)c3cc4c(F)ccc(C)c4[nH]3)c2)C1,64.0,mL.min-1.kg-1,hepatocyte_human
24393860,CHEMBL5041813,CHEMBL5082573,CL,mL.min-1.kg-1,=,9.5,CHEMBL612558,,Metabolic stability in human hepatocytes assessed as hepatic clearance at 1 uM measured upto 3 hrs by LC-MS/MS analysis,A,CN(C)C(=O)c1c(N)ccc(-c2cnc3c(c2Cl)[C@]2(CC[C@](C)(C(N)=O)C2)CN3)c1F,9.5,mL.min-1.kg-1,hepatocyte_human
24397834,CHEMBL5043051,CHEMBL5075864,CL,mL.min-1.kg-1,=,436.0,CHEMBL612558,,Intrinsic clearance in human liver S9 fraction at 25 uM incubated for 1 hr in presence of NADPH by LC-MS/MS analysis,A,O=C(Cn1nnc2ccccc21)N(Cc1cccc(Cl)c1)c1ccc(-c2cn[nH]c2)cc1,436.0,mL.min-1.kg-1,hepatocyte_human
24397835,CHEMBL5043051,CHEMBL5077756,CL,mL.min-1.kg-1,=,256.0,CHEMBL612558,,Intrinsic clearance in human liver S9 fraction at 25 uM incubated for 1 hr in presence of NADPH by LC-MS/MS analysis,A,O=C(Cc1cccnc1)N(Cc1cccc(Cl)c1)c1ccc(-c2cn[nH]c2)cc1,256.0,mL.min-1.kg-1,hepatocyte_human
24397836,CHEMBL5043051,CHEMBL5070186,CL,mL.min-1.kg-1,=,145.0,CHEMBL612558,,Intrinsic clearance in human liver S9 fraction at 25 uM incubated for 1 hr in presence of NADPH by LC-MS/MS analysis,A,O=C(Cc1cncnc1)N(Cc1cccc(Cl)c1)c1ccc(-c2cn[nH]c2)cc1,145.0,mL.min-1.kg-1,hepatocyte_human
24402775,CHEMBL5044133,CHEMBL5075047,CL,mL.min-1.kg-1,=,114.0,CHEMBL612558,,Intrinsic clearance in human hepatocytes at 0.3 uM incubated for 90 mins by LC/MS/MS analysis,A,Cc1c(Nc2ncc3cc(Cl)c(C4CCN([C@@H]5COC[C@@H]5O)CC4)cc3n2)cnn1[C@@H]1CC1(F)F,114.0,mL.min-1.kg-1,hepatocyte_human
24402776,CHEMBL5044133,CHEMBL5076397,CL,mL.min-1.kg-1,=,116.0,CHEMBL612558,,Intrinsic clearance in human hepatocytes at 0.3 uM incubated for 90 mins by LC/MS/MS analysis,A,O[C@H]1COC[C@H]1N1CC[C@@H](c2cc3nc(Nc4cnn([C@@H]5CC5(F)F)c4Cl)ncc3cc2Cl)[C@H](F)C1,116.0,mL.min-1.kg-1,hepatocyte_human
24402778,CHEMBL5044133,CHEMBL5070497,CL,mL.min-1.kg-1,=,471.0,CHEMBL612558,,Intrinsic clearance in human hepatocytes at 0.3 uM incubated for 90 mins by LC/MS/MS analysis,A,FC1CN(C2CCOC2)CCC1c1cc2nc(Nc3cnn(C4CC4(F)F)c3Cl)ncc2cc1Cl,471.0,mL.min-1.kg-1,hepatocyte_human
24402779,CHEMBL5044133,CHEMBL5070231,CL,mL.min-1.kg-1,=,186.0,CHEMBL612558,,Intrinsic clearance in human hepatocytes at 0.3 uM incubated for 90 mins by LC/MS/MS analysis,A,FC1CN(C2COC2)CCC1c1cc2nc(Nc3cnn(C4CC4(F)F)c3Cl)ncc2cc1Cl,186.0,mL.min-1.kg-1,hepatocyte_human
24402780,CHEMBL5044133,CHEMBL5082260,CL,mL.min-1.kg-1,=,212.0,CHEMBL612558,,Intrinsic clearance in human hepatocytes at 0.3 uM incubated for 90 mins by LC/MS/MS analysis,A,FC(F)Cn1ncc(Nc2ncc3cc(Cl)c(C4CCN(C5COC5)CC4F)cc3n2)c1Cl,212.0,mL.min-1.kg-1,hepatocyte_human
24402781,CHEMBL5044133,CHEMBL5082563,CL,mL.min-1.kg-1,=,175.0,CHEMBL612558,,Intrinsic clearance in human hepatocytes at 0.3 uM incubated for 90 mins by LC/MS/MS analysis,A,FC1CN(C2COC2)CCC1c1cc2nc(Nc3cnn(C4CC4)c3Cl)ncc2cc1Cl,175.0,mL.min-1.kg-1,hepatocyte_human
24402782,CHEMBL5044133,CHEMBL5085536,CL,mL.min-1.kg-1,=,63.0,CHEMBL612558,,Intrinsic clearance in human hepatocytes at 0.3 uM incubated for 90 mins by LC/MS/MS analysis,A,Clc1cc2cnc(Nc3cnn(C4CC4)c3Cl)nc2cc1N1CCN(C2COC2)CC1,63.0,mL.min-1.kg-1,hepatocyte_human
24402783,CHEMBL5044133,CHEMBL5073571,CL,mL.min-1.kg-1,=,132.0,CHEMBL612558,,Intrinsic clearance in human hepatocytes at 0.3 uM incubated for 90 mins by LC/MS/MS analysis,A,CC(C)(O)Cn1ncc(Nc2ncc3cc(Cl)c(C4CCN(C5COC5)CC4)cc3n2)c1Cl,132.0,mL.min-1.kg-1,hepatocyte_human
24402784,CHEMBL5044133,CHEMBL5090739,CL,mL.min-1.kg-1,=,57.0,CHEMBL612558,,Intrinsic clearance in human hepatocytes at 0.3 uM incubated for 90 mins by LC/MS/MS analysis,A,Clc1cc2cnc(Nc3cnn(C4CC4)c3Cl)nc2cc1C1CCN(C2COC2)CC1,57.0,mL.min-1.kg-1,hepatocyte_human
24402785,CHEMBL5044133,CHEMBL5089102,CL,mL.min-1.kg-1,=,49.0,CHEMBL612558,,Intrinsic clearance in human hepatocytes at 0.3 uM incubated for 90 mins by LC/MS/MS analysis,A,Cc1c(Nc2ncc3cc(Cl)c(C4CCN(C5COC5)CC4)cc3n2)cnn1C1CC1,49.0,mL.min-1.kg-1,hepatocyte_human
24402786,CHEMBL5044133,CHEMBL5088471,CL,mL.min-1.kg-1,=,405.0,CHEMBL612558,,Intrinsic clearance in human hepatocytes at 0.3 uM incubated for 90 mins by LC/MS/MS analysis,A,N#CC1(c2ccc3cnc(Nc4cnn(C5CCOCC5)c4Cl)nc3c2)CC12CC2,405.0,mL.min-1.kg-1,hepatocyte_human
24402788,CHEMBL5044133,CHEMBL5089933,CL,mL.min-1.kg-1,=,162.0,CHEMBL612558,,Intrinsic clearance in human hepatocytes at 0.3 uM incubated for 90 mins by LC/MS/MS analysis,A,Cc1c(Nc2ncc3cccc(C4CC4)c3n2)cnn1C1CCOCC1,162.0,mL.min-1.kg-1,hepatocyte_human
24410797,CHEMBL5046109,CHEMBL5085562,CL,mL.min-1.kg-1,=,0.0043,CHEMBL612558,,Clearance in human hepatocyte measured per 10^6 cells,A,Cc1cccc(-c2ccc(/C=C/[C@@H]3[C@@H]4[C@@H](C)OC(=O)[C@]4(O)CC(F)(F)[C@H]3C)nc2)c1C#N,0.0043,mL.min-1.kg-1,hepatocyte_human
24410798,CHEMBL5046109,CHEMBL5081315,CL,mL.min-1.kg-1,=,0.0011,CHEMBL612558,,Clearance in human hepatocyte measured per 10^6 cells,A,C[C@H]1OC(=O)[C@]2(N)CC(F)(F)[C@@H](C)[C@H](/C=C/c3ccc(-c4ccccc4C#N)cn3)[C@H]12,0.0011,mL.min-1.kg-1,hepatocyte_human
24410799,CHEMBL5046109,CHEMBL5088392,CL,mL.min-1.kg-1,=,0.0073,CHEMBL612558,,Clearance in human hepatocyte measured per 10^6 cells,A,CCNC(=O)N1C[C@H]2[C@H](C)[C@@H](C)[C@H](/C=C/c3ccc(-c4ccccc4C#N)cn3)[C@@H]3[C@@H](C)OC(=O)[C@@]32C1,0.0073,mL.min-1.kg-1,hepatocyte_human
24413303,CHEMBL5046717,CHEMBL5082556,CL,mL.min-1.kg-1,=,6.667,CHEMBL612558,,Unbound intrinsic clearance in human cryopreserved hepatocytes at 1 uM measured up to 180 min by LC-MS/MS analysis,A,C[C@H](C(=O)O)c1nn(Cc2cn3cc(OCC4CC4)c(Cl)cc3n2)c2ccccc2c1=O,6.667,mL.min-1.kg-1,hepatocyte_human
24416573,CHEMBL5047439,CHEMBL5078647,CL,mL.min-1.g-1,=,76.0,CHEMBL612558,,Clearance in human hepatocytes,A,CCc1cc(O)c(F)cc1-c1cc(N[C@@H](C)CO)c2nc(N)ncc2c1,0.076,mL.min-1.kg-1,hepatocyte_human
24416574,CHEMBL5047439,CHEMBL5077126,CL,mL.min-1.g-1,=,34.0,CHEMBL612558,,Clearance in human hepatocytes,A,CCc1cc(O)c(F)cc1-c1cc(NC2CCN(C)CC2)c2nc(N)ncc2c1,0.034,mL.min-1.kg-1,hepatocyte_human
24416575,CHEMBL5047439,CHEMBL5075556,CL,mL.min-1.g-1,=,17.0,CHEMBL612558,,Clearance in human hepatocytes,A,CCc1cc(O)c(F)cc1-c1cc(N[C@@H](C)CO)c2nc(NCCCCCN(C)C)ncc2c1,0.017,mL.min-1.kg-1,hepatocyte_human
24418939,CHEMBL5048062,CHEMBL5071870,CL,mL.min-1.kg-1,=,23.0,CHEMBL612558,,Intrinsic clearance in human hepatocytes,A,Cn1ncc(-c2ccc3c(=O)[nH]nc(CN)c3c2)c1-c1ccccc1,23.0,mL.min-1.kg-1,hepatocyte_human
24418943,CHEMBL5048062,CHEMBL5088987,CL,mL.min-1.kg-1,=,29.0,CHEMBL612558,,Intrinsic clearance in human hepatocytes,A,Cc1cccc(-c2c(-c3ccc4c(=O)[nH]nc(CN)c4c3)cnn2C)c1C#N,29.0,mL.min-1.kg-1,hepatocyte_human
24418944,CHEMBL5048062,CHEMBL5085611,CL,mL.min-1.kg-1,=,18.0,CHEMBL612558,,Intrinsic clearance in human hepatocytes,A,CCc1cccc(-c2c(-c3ccc4c(=O)[nH]nc(CN)c4c3)cnn2C)c1C#N,18.0,mL.min-1.kg-1,hepatocyte_human
24418947,CHEMBL5048062,CHEMBL5076613,CL,mL.min-1.kg-1,=,21.0,CHEMBL612558,,Intrinsic clearance in human hepatocytes,A,Cc1cc(OC2CC2)c(C#N)c(-c2c(-c3ccc4c(=O)[nH]nc(CN)c4c3)cnn2C)c1,21.0,mL.min-1.kg-1,hepatocyte_human
24418948,CHEMBL5048062,CHEMBL5084364,CL,mL.min-1.kg-1,=,18.0,CHEMBL612558,,Intrinsic clearance in human hepatocytes,A,Cn1ncc(-c2ccc3c(=O)[nH]nc(CN)c3c2)c1-c1c(F)cccc1C#N,18.0,mL.min-1.kg-1,hepatocyte_human
24418949,CHEMBL5048062,CHEMBL5076766,CL,mL.min-1.kg-1,=,18.0,CHEMBL612558,,Intrinsic clearance in human hepatocytes,A,Cn1ncc(-c2ccc3c(=O)[nH]nc(CN)c3c2)c1-c1c(F)ccc(OC2CC2)c1C#N,18.0,mL.min-1.kg-1,hepatocyte_human
24418956,CHEMBL5048062,CHEMBL5090360,CL,mL.min-1.kg-1,=,41.0,CHEMBL612558,,Intrinsic clearance in human hepatocytes,A,Cn1ncc(-c2ccc3c(=O)[nH]nc(CN)c3c2)c1-c1sc2ccccc2c1C#N,41.0,mL.min-1.kg-1,hepatocyte_human
24418957,CHEMBL5048062,CHEMBL5087914,CL,mL.min-1.kg-1,=,18.0,CHEMBL612558,,Intrinsic clearance in human hepatocytes,A,Cn1ncc(-c2ccc3c(=O)[nH]nc(CN)c3c2)c1-c1c(F)cc2ccccc2c1C#N,18.0,mL.min-1.kg-1,hepatocyte_human
24420600,CHEMBL5048677,CHEMBL5084200,CL,mL.min-1.kg-1,=,13.0,CHEMBL612545,,Metabolic stability human hepatocytes assessed as intrinsic clearance at 1 uM measured up to 120 mins by LC-MS/MS analysis,A,CN1CCC([C@@](C)(O)c2ccc3cnc(Nc4cc(C(F)(F)F)ncc4F)cc3n2)CC1,13.0,mL.min-1.kg-1,hepatocyte_human
24505433,CHEMBL5054216,CHEMBL5077961,CL,mL.min-1.g-1,=,0.76,CHEMBL612558,,Metabolic stability in human hepatocytes assessed as Intrinsic clearance,A,Nc1nc(-c2cccc(-n3ccc4cc(C5CC5)cc(F)c4c3=O)c2CO)c2cc(C3=CCN(C4COC4)CC3)[nH]c2n1,0.00076,mL.min-1.kg-1,hepatocyte_human
24510230,CHEMBL5055695,CHEMBL3657851,CL,mL.min-1.kg-1,=,17.0,CHEMBL612558,,Metabolic stability in human hepatocytes assessed as intrinsic clearance at 1 uM measured upto 3 hrs by LC-MS/MS analysis,A,CS(=O)(=O)NC(=O)c1cc(C2CC2)c(OCC23CC4CC(CC(C4)C2)C3)cc1F,17.0,mL.min-1.kg-1,hepatocyte_human
24510231,CHEMBL5055695,CHEMBL3657932,CL,mL.min-1.kg-1,=,16.0,CHEMBL612558,,Metabolic stability in human hepatocytes assessed as intrinsic clearance at 1 uM measured upto 3 hrs by LC-MS/MS analysis,A,O=C(NS(=O)(=O)C1CC1)c1cc(C2CC2)c(OCC23CC4CC(CC(C4)C2)C3)cc1F,16.0,mL.min-1.kg-1,hepatocyte_human
24510232,CHEMBL5055695,CHEMBL5082739,CL,mL.min-1.kg-1,=,6.7,CHEMBL612558,,Metabolic stability in human hepatocytes assessed as intrinsic clearance at 1 uM measured upto 3 hrs by LC-MS/MS analysis,A,O=C(NS(=O)(=O)C1COC1)c1cc(C2CC2)c(OCC23CC4CC(CC(C4)C2)C3)cc1F,6.7,mL.min-1.kg-1,hepatocyte_human
24510233,CHEMBL5055695,CHEMBL3657939,CL,mL.min-1.kg-1,=,12.0,CHEMBL612558,,Metabolic stability in human hepatocytes assessed as intrinsic clearance at 1 uM measured upto 3 hrs by LC-MS/MS analysis,A,O=C(NS(=O)(=O)N1CCOCC1)c1cc(C2CC2)c(OCC23CC4CC(CC(C4)C2)C3)cc1F,12.0,mL.min-1.kg-1,hepatocyte_human
24510235,CHEMBL5055695,CHEMBL3657855,CL,mL.min-1.kg-1,=,11.0,CHEMBL612558,,Metabolic stability in human hepatocytes assessed as intrinsic clearance at 1 uM measured upto 3 hrs by LC-MS/MS analysis,A,O=C(NS(=O)(=O)N1CCC1)c1cc(C2CC2)c(OCC23CC4CC(CC(C4)C2)C3)cc1F,11.0,mL.min-1.kg-1,hepatocyte_human
24510236,CHEMBL5055695,CHEMBL3662226,CL,mL.min-1.kg-1,=,15.0,CHEMBL612558,,Metabolic stability in human hepatocytes assessed as intrinsic clearance at 1 uM measured upto 3 hrs by LC-MS/MS analysis,A,CS(=O)(=O)NC(=O)c1cc(C2CC2)c(OCC2CN(C(c3ccccc3)c3ccccc3)C2)cc1F,15.0,mL.min-1.kg-1,hepatocyte_human
24510238,CHEMBL5055695,CHEMBL5081884,CL,mL.min-1.kg-1,=,15.0,CHEMBL612558,,Metabolic stability in human hepatocytes assessed as intrinsic clearance at 1 uM measured upto 3 hrs by LC-MS/MS analysis,A,CS(=O)(=O)NC(=O)c1cc(C2CC2)c(OCC2CCN(Cc3ccccc3)CC2)cc1F,15.0,mL.min-1.kg-1,hepatocyte_human
24510239,CHEMBL5055695,CHEMBL5080891,CL,mL.min-1.kg-1,=,15.0,CHEMBL612558,,Metabolic stability in human hepatocytes assessed as intrinsic clearance at 1 uM measured upto 3 hrs by LC-MS/MS analysis,A,CS(=O)(=O)NC(=O)c1cc(C2CC2)c(OCC2CCN(Cc3ccc(Cl)cc3)CC2)cc1F,15.0,mL.min-1.kg-1,hepatocyte_human
24510240,CHEMBL5055695,CHEMBL5082321,CL,mL.min-1.kg-1,=,15.0,CHEMBL612558,,Metabolic stability in human hepatocytes assessed as intrinsic clearance at 1 uM measured upto 3 hrs by LC-MS/MS analysis,A,CS(=O)(=O)NC(=O)c1cc(C2CC2)c(OCC2CCN(Cc3cc(Cl)cc(Cl)c3)CC2)cc1F,15.0,mL.min-1.kg-1,hepatocyte_human
24510241,CHEMBL5055695,CHEMBL5080495,CL,mL.min-1.kg-1,=,7.5,CHEMBL612558,,Metabolic stability in human hepatocytes assessed as intrinsic clearance at 1 uM measured upto 3 hrs by LC-MS/MS analysis,A,CS(=O)(=O)NC(=O)c1cc(C2CC2)c(OCC2CCN(C(=O)c3cc(Cl)cc(Cl)c3)CC2)cc1F,7.5,mL.min-1.kg-1,hepatocyte_human
24510243,CHEMBL5055695,CHEMBL5079176,CL,mL.min-1.kg-1,=,16.0,CHEMBL612558,,Metabolic stability in human hepatocytes assessed as intrinsic clearance at 1 uM measured upto 3 hrs by LC-MS/MS analysis,A,C[C@H](c1cc(Cl)cc(Cl)c1)N1CCC(COc2cc(F)c(C(=O)NS(C)(=O)=O)cc2C2CC2)CC1,16.0,mL.min-1.kg-1,hepatocyte_human
24510614,CHEMBL5055767,CHEMBL4863686,CL,mL.min-1.kg-1,=,6.7,CHEMBL612558,,Metabolic stability in human hepatocytes assessed as clearance,A,Cn1cnc2ncn(Cc3nn(C[C@H](F)c4ccc(Cl)cc4)c(=O)o3)c(=O)c21,6.7,mL.min-1.kg-1,hepatocyte_human
24510615,CHEMBL5055767,CHEMBL5093753,CL,mL.min-1.kg-1,=,7.9,CHEMBL612558,,Metabolic stability in human hepatocytes assessed as clearance,A,Cn1cnc2ncn(Cc3nn([C@H]4C[C@H](c5ccccc5)C4)c(=O)o3)c(=O)c21,7.9,mL.min-1.kg-1,hepatocyte_human
24510616,CHEMBL5055767,CHEMBL4870870,CL,mL.min-1.kg-1,=,11.0,CHEMBL612558,,Metabolic stability in human hepatocytes assessed as clearance,A,Cn1cnc2ncn(Cc3nc([C@H]4[C@@H]5CN(c6cccc(Cl)c6)C[C@@H]54)no3)c(=O)c21,11.0,mL.min-1.kg-1,hepatocyte_human
24510618,CHEMBL5055767,CHEMBL5094919,CL,mL.min-1.kg-1,=,14.0,CHEMBL612558,,Metabolic stability in human hepatocytes assessed as clearance,A,Cc1cnn2ncn(Cc3nc([C@H]4[C@@H]5CN(c6cccc(Cl)c6)C[C@@H]54)no3)c(=O)c12,14.0,mL.min-1.kg-1,hepatocyte_human
24510818,CHEMBL5055833,CHEMBL5086274,CL,mL.min-1.kg-1,=,14.17,CHEMBL612558,,Metabolic stability in human hepatocytes assessed as intrinsic clearance at 1 uM measured after 2 hrs,A,O=C(NC[C@H](c1ccc(Cl)cc1)N1CCOCC1)c1sc(-c2ncccn2)nc1C(F)(F)F,14.17,mL.min-1.kg-1,hepatocyte_human
24667990,CHEMBL5098915,CHEMBL5171489,CL,mL.min-1.kg-1,=,9.78,CHEMBL612558,,Metabolic stability in human hepatocyte assessed as intrinsic clearance at 10 uM by LC-MS/MS analysis,A,C#CCN(C)Cc1cccc(NC(=O)CCCCCCC(=O)NO)c1,9.78,mL.min-1.kg-1,hepatocyte_human
24688177,CHEMBL5104727,CHEMBL4468760,CL,mL.min-1.kg-1,=,40.0,CHEMBL612558,,Unbound intrinsic clearance in human hepatocytes assessed as parent compound loss at 0.3 uM preincubated with ABT for 30 mins followed by compound addition measured up to 90 mins by LC/MS analysis relative to control,A,C[C@H]1c2cccc(-c3cnn(C)c3)c2C[C@H](CO)N1C(=O)Cc1c(Cl)cccc1Cl,40.0,mL.min-1.kg-1,hepatocyte_human
24688178,CHEMBL5104727,CHEMBL4573538,CL,mL.min-1.kg-1,=,87.0,CHEMBL612558,,Unbound intrinsic clearance in human hepatocytes assessed as parent compound loss at 0.3 uM preincubated with ABT for 30 mins followed by compound addition measured up to 90 mins by LC/MS analysis relative to control,A,CCn1cc(-c2cccc3c2C[C@H](CO)N(C(=O)Cc2c(Cl)cccc2Cl)[C@H]3C)cn1,87.0,mL.min-1.kg-1,hepatocyte_human
24688179,CHEMBL5104727,CHEMBL4559891,CL,mL.min-1.kg-1,=,98.0,CHEMBL612558,,Unbound intrinsic clearance in human hepatocytes assessed as parent compound loss at 0.3 uM preincubated with ABT for 30 mins followed by compound addition measured up to 90 mins by LC/MS analysis relative to control,A,C[C@H]1c2cccc(-c3cnn(C4CC4)c3)c2C[C@H](CO)N1C(=O)Cc1c(Cl)cccc1Cl,98.0,mL.min-1.kg-1,hepatocyte_human
24688180,CHEMBL5104727,CHEMBL5187909,CL,mL.min-1.kg-1,=,66.0,CHEMBL612558,,Unbound intrinsic clearance in human hepatocytes assessed as parent compound loss at 0.3 uM preincubated with ABT for 30 mins followed by compound addition measured up to 90 mins by LC/MS analysis relative to control,A,C[C@H]1c2cccc(-c3cnn(C4COC4)c3)c2C[C@H](CO)N1C(=O)Cc1c(Cl)cccc1Cl,66.0,mL.min-1.kg-1,hepatocyte_human
24688719,CHEMBL5104944,CHEMBL4114766,CL,mL.min-1.g-1,=,77.0,CHEMBL612558,,Clearance in human liver S9 fraction assessed as measuring per mg protein by LCMS/MS analysis,A,CC(C)(C)/C=C(\C#N)C(=O)N1CCC[C@@H](n2nc(-c3ccc(Oc4ccccc4)cc3F)c3c(N)ncnc32)C1,0.077,mL.min-1.kg-1,hepatocyte_human
24688720,CHEMBL5104944,CHEMBL5189379,CL,mL.min-1.g-1,=,30.0,CHEMBL612558,,Clearance in human liver S9 fraction assessed as measuring per mg protein by LCMS/MS analysis,A,CN1CCN(C(C)(C)/C=C(\C#N)C(=O)N2CCC[C@@H](n3nc(-c4ccc(Oc5ccccc5)cc4F)c4c(N)ncnc43)C2)CC1,0.03,mL.min-1.kg-1,hepatocyte_human
24688721,CHEMBL5104944,CHEMBL5184084,CL,mL.min-1.g-1,=,152.0,CHEMBL612558,,Clearance in human liver S9 fraction assessed as measuring per mg protein by LCMS/MS analysis,A,CC(C)(/C=C(/C#N)C(=O)N1CCC[C@@H]1Cn1nc(-c2ccc(Oc3ccccc3)cc2F)c2c(N)ncnc21)N1CCOCC1,0.152,mL.min-1.kg-1,hepatocyte_human
24688722,CHEMBL5104944,CHEMBL3702851,CL,mL.min-1.g-1,=,80.0,CHEMBL612558,,Clearance in human liver S9 fraction assessed as measuring per mg protein by LCMS/MS analysis,A,CN1CCN(C(C)(C)/C=C(\C#N)C(=O)N2CCC[C@@H](n3nc(-c4ccc(Oc5ccccc5)cc4F)c4c(N)ncnc43)C2)CC1=O,0.08,mL.min-1.kg-1,hepatocyte_human
24688723,CHEMBL5104944,CHEMBL3702856,CL,mL.min-1.g-1,=,68.0,CHEMBL612558,,Clearance in human liver S9 fraction assessed as measuring per mg protein by LCMS/MS analysis,A,COC(=O)N1CCN(C(C)(C)/C=C(\C#N)C(=O)N2CCC[C@@H](n3nc(-c4ccc(Oc5ccccc5)cc4F)c4c(N)ncnc43)C2)CC1,0.068,mL.min-1.kg-1,hepatocyte_human
24688724,CHEMBL5104944,CHEMBL5195816,CL,mL.min-1.g-1,=,14.0,CHEMBL612558,,Clearance in human liver S9 fraction assessed as measuring per mg protein by LCMS/MS analysis,A,C[C@@H]1CN(C(C)(C)/C=C(\C#N)C(=O)N2CCC[C@@H](n3nc(-c4ccc(Oc5ccccc5)cc4F)c4c(N)ncnc43)C2)C[C@H](C)N1C,0.014,mL.min-1.kg-1,hepatocyte_human
24688725,CHEMBL5104944,CHEMBL3702850,CL,mL.min-1.g-1,=,49.0,CHEMBL612558,,Clearance in human liver S9 fraction assessed as measuring per mg protein by LCMS/MS analysis,A,COCCN1CCN(C(C)(C)/C=C(\C#N)C(=O)N2CCC[C@@H](n3nc(-c4ccc(Oc5ccccc5)cc4F)c4c(N)ncnc43)C2)CC1,0.049,mL.min-1.kg-1,hepatocyte_human
24688726,CHEMBL5104944,CHEMBL3702854,CL,mL.min-1.g-1,=,23.0,CHEMBL612558,,Clearance in human liver S9 fraction assessed as measuring per mg protein by LCMS/MS analysis,A,CC(C)(/C=C(\C#N)C(=O)N1CCC[C@@H](n2nc(-c3ccc(Oc4ccccc4)cc3F)c3c(N)ncnc32)C1)N1CCN(C2COC2)CC1,0.023,mL.min-1.kg-1,hepatocyte_human
24709113,CHEMBL5109538,CHEMBL5090360,CL,mL.min-1.kg-1,=,41.0,CHEMBL612558,,Metabolic stability in human hepatocytes assessed as intrinsic clearance,A,Cn1ncc(-c2ccc3c(=O)[nH]nc(CN)c3c2)c1-c1sc2ccccc2c1C#N,41.0,mL.min-1.kg-1,hepatocyte_human
24709115,CHEMBL5109538,CHEMBL5200487,CL,mL.min-1.kg-1,=,71.0,CHEMBL612558,,Metabolic stability in human hepatocytes assessed as intrinsic clearance,A,Cn1ncc(-c2cc(Cl)c3c(=O)[nH]nc(CN)c3c2)c1-c1sc2ccccc2c1C#N,71.0,mL.min-1.kg-1,hepatocyte_human
24709116,CHEMBL5109538,CHEMBL5202238,CL,mL.min-1.kg-1,=,27.0,CHEMBL612558,,Metabolic stability in human hepatocytes assessed as intrinsic clearance,A,Cc1cc(-c2cnn(C)c2-c2sc3ccccc3c2C#N)cc2c(CN)n[nH]c(=O)c12,27.0,mL.min-1.kg-1,hepatocyte_human
24709117,CHEMBL5109538,CHEMBL5171134,CL,mL.min-1.kg-1,=,44.0,CHEMBL612558,,Metabolic stability in human hepatocytes assessed as intrinsic clearance,A,Cn1ncc(-c2cc(C(F)F)c3c(=O)[nH]nc(CN)c3c2)c1-c1sc2ccccc2c1C#N,44.0,mL.min-1.kg-1,hepatocyte_human
24709120,CHEMBL5109538,CHEMBL5176033,CL,mL.min-1.kg-1,=,66.0,CHEMBL612558,,Metabolic stability in human hepatocytes assessed as intrinsic clearance,A,COCc1cc(-c2cnn(C)c2-c2sc3ccccc3c2C#N)cc2c(CN)n[nH]c(=O)c12,66.0,mL.min-1.kg-1,hepatocyte_human
24709121,CHEMBL5109538,CHEMBL5171494,CL,mL.min-1.kg-1,=,39.0,CHEMBL612558,,Metabolic stability in human hepatocytes assessed as intrinsic clearance,A,Cn1ncc(-c2cc([C@H]3CCCO3)c3c(=O)[nH]nc(CN)c3c2)c1-c1sc2ccccc2c1C#N,39.0,mL.min-1.kg-1,hepatocyte_human
24709122,CHEMBL5109538,CHEMBL5181653,CL,mL.min-1.kg-1,=,43.0,CHEMBL612558,,Metabolic stability in human hepatocytes assessed as intrinsic clearance,A,Cn1ncc(-c2cc([C@@H]3CCCO3)c3c(=O)[nH]nc(CN)c3c2)c1-c1sc2ccccc2c1C#N,43.0,mL.min-1.kg-1,hepatocyte_human
24733887,CHEMBL5116446,CHEMBL5187151,CL,mL.min-1.kg-1,=,7.7,CHEMBL612558,,Intrinsic clearance in human hepatocytes,A,C[C@@H]1Cc2nn3c(c2CN1C(=O)Nc1ccc(F)c(C#N)c1)C(=O)N(C)C[C@@H](F)C3,7.7,mL.min-1.kg-1,hepatocyte_human
24750850,CHEMBL5121048,CHEMBL5182581,CL,mL.min-1.kg-1,=,9.0,CHEMBL612558,,Metabolic stability in human liver S9 fraction assessed as clearance,A,Cc1cc(NC(=O)COc2ccc(Cl)cc2Cl)n(C2CCS(=O)(=O)C2)n1,9.0,mL.min-1.kg-1,hepatocyte_human
24768384,CHEMBL5125550,CHEMBL5184871,CL,mL.min-1.kg-1,=,32.0,CHEMBL612558,,Stability in human hepatocytes assessed as intrinsic clearance at 0.5 uM measured after 120 mins by LC/MS/MS analysis,A,CC(=O)N1CCN(c2cccc(NC(=O)c3cc4c(F)ccc(C)c4[nH]3)c2)CC1,32.0,mL.min-1.kg-1,hepatocyte_human
24768385,CHEMBL5125550,CHEMBL5091591,CL,mL.min-1.kg-1,=,51.0,CHEMBL612558,,Stability in human hepatocytes assessed as intrinsic clearance at 0.5 uM measured after 120 mins by LC/MS/MS analysis,A,Cc1ccc(F)c2cc(C(=O)N[C@@H]3CCC[C@H](N4CC[C@H](N(C)S(C)(=O)=O)C4)C3)[nH]c12,51.0,mL.min-1.kg-1,hepatocyte_human
24768386,CHEMBL5125550,CHEMBL5095235,CL,mL.min-1.kg-1,=,9.0,CHEMBL612558,,Stability in human hepatocytes assessed as intrinsic clearance at 0.5 uM measured after 120 mins by LC/MS/MS analysis,A,CC(=O)N1CCN([C@H]2CCC[C@@H](NC(=O)c3cc4c(F)ccc(C)c4[nH]3)C2)CC1,9.0,mL.min-1.kg-1,hepatocyte_human
24768387,CHEMBL5125550,CHEMBL5195440,CL,mL.min-1.kg-1,=,23.0,CHEMBL612558,,Stability in human hepatocytes assessed as intrinsic clearance at 0.5 uM measured after 120 mins by LC/MS/MS analysis,A,Cc1ccc(F)c2cc(C(=O)N[C@@H]3CCC[C@H](N4CCN5C(=O)CC[C@H]5C4)C3)[nH]c12,23.0,mL.min-1.kg-1,hepatocyte_human
24768388,CHEMBL5125550,CHEMBL5206271,CL,mL.min-1.kg-1,=,18.0,CHEMBL612558,,Stability in human hepatocytes assessed as intrinsic clearance at 0.5 uM measured after 120 mins by LC/MS/MS analysis,A,CC(=O)N1CC[C@H]2CN([C@H]3CCC[C@@H](NC(=O)c4cc5c(F)ccc(C)c5[nH]4)C3)C[C@H]21,18.0,mL.min-1.kg-1,hepatocyte_human
24768389,CHEMBL5125550,CHEMBL5178972,CL,mL.min-1.kg-1,=,5.0,CHEMBL612558,,Stability in human hepatocytes assessed as intrinsic clearance at 0.5 uM measured after 120 mins by LC/MS/MS analysis,A,CC(=O)N1CC[C@H]2[C@@H]1CCN2[C@H]1CCC[C@@H](NC(=O)c2cc3c(F)ccc(C)c3[nH]2)C1,5.0,mL.min-1.kg-1,hepatocyte_human
24784688,CHEMBL5130467,CHEMBL5192856,CL,mL.min-1.g-1,=,15000.0,CHEMBL612558,,Metabolic stability in human liver S9 fraction assessed as intrinsic clearance at 1 uM in presence of NADPH measured upto 60 min by LC-MS/MS analysis,A,Cc1ccccc1N(C)C(=O)c1ccc(-c2ccc(OS(N)(=O)=O)cc2)o1,15.0,mL.min-1.kg-1,hepatocyte_human
24784691,CHEMBL5130467,CHEMBL5189825,CL,mL.min-1.g-1,=,15000.0,CHEMBL612558,,Metabolic stability in human liver S9 fraction assessed as intrinsic clearance at 1 uM in presence of NADPH measured upto 60 min by LC-MS/MS analysis,A,Cc1ccccc1N(C)C(=O)c1ccc(-c2ccc(OS(N)(=O)=O)c(Cl)c2)o1,15.0,mL.min-1.kg-1,hepatocyte_human
24784693,CHEMBL5130467,CHEMBL5191873,CL,mL.min-1.g-1,=,16000.0,CHEMBL612558,,Metabolic stability in human liver S9 fraction assessed as intrinsic clearance at 1 uM in presence of NADPH measured upto 60 min by LC-MS/MS analysis,A,Cc1ccccc1N(C)C(=O)c1ccc(-c2ccc(OS(N)(=O)=O)c(F)c2)o1,16.0,mL.min-1.kg-1,hepatocyte_human
24784694,CHEMBL5130467,CHEMBL5199665,CL,mL.min-1.g-1,=,18000.0,CHEMBL612558,,Metabolic stability in human liver S9 fraction assessed as intrinsic clearance at 1 uM in presence of NADPH measured upto 60 min by LC-MS/MS analysis,A,Cc1ccccc1N(C)C(=O)c1ccc(-c2ccc(OS(N)(=O)=O)cc2Cl)o1,18.0,mL.min-1.kg-1,hepatocyte_human
24784695,CHEMBL5130467,CHEMBL5174110,CL,mL.min-1.g-1,=,14000.0,CHEMBL612558,,Metabolic stability in human liver S9 fraction assessed as intrinsic clearance at 1 uM in presence of NADPH measured upto 60 min by LC-MS/MS analysis,A,Cc1ccccc1N(C)C(=O)c1ccc(-c2ccc(OS(N)(=O)=O)cc2F)o1,14.0,mL.min-1.kg-1,hepatocyte_human
24784697,CHEMBL5130467,CHEMBL5202132,CL,mL.min-1.g-1,=,21000.0,CHEMBL612558,,Metabolic stability in human liver S9 fraction assessed as intrinsic clearance at 1 uM in presence of NADPH measured upto 60 min by LC-MS/MS analysis,A,Cc1ccc(F)cc1N(C)C(=O)c1ccc(-c2ccc(OS(N)(=O)=O)cc2)o1,21.0,mL.min-1.kg-1,hepatocyte_human
24784698,CHEMBL5130467,CHEMBL5177942,CL,mL.min-1.g-1,=,16000.0,CHEMBL612558,,Metabolic stability in human liver S9 fraction assessed as intrinsic clearance at 1 uM in presence of NADPH measured upto 60 min by LC-MS/MS analysis,A,Cc1cc(F)ccc1N(C)C(=O)c1ccc(-c2ccc(OS(N)(=O)=O)cc2)o1,16.0,mL.min-1.kg-1,hepatocyte_human
24784699,CHEMBL5130467,CHEMBL5208194,CL,mL.min-1.g-1,=,29000.0,CHEMBL612558,,Metabolic stability in human liver S9 fraction assessed as intrinsic clearance at 1 uM in presence of NADPH measured upto 60 min by LC-MS/MS analysis,A,Cc1c(F)cccc1N(C)C(=O)c1ccc(-c2ccc(OS(N)(=O)=O)cc2)o1,29.0,mL.min-1.kg-1,hepatocyte_human
24784704,CHEMBL5130467,CHEMBL5184166,CL,mL.min-1.g-1,=,3900.0,CHEMBL612558,,Metabolic stability in human liver S9 fraction assessed as intrinsic clearance at 1 uM in presence of NADPH measured upto 60 min by LC-MS/MS analysis,A,Cc1ccccc1N(C)C(=O)c1coc(-c2ccc(OS(N)(=O)=O)cc2)n1,3.9,mL.min-1.kg-1,hepatocyte_human
24784705,CHEMBL5130467,CHEMBL5188885,CL,mL.min-1.g-1,=,14000.0,CHEMBL612558,,Metabolic stability in human liver S9 fraction assessed as intrinsic clearance at 1 uM in presence of NADPH measured upto 60 min by LC-MS/MS analysis,A,Cc1ccccc1N(C)C(=O)c1csc(-c2ccc(OS(N)(=O)=O)cc2)n1,14.0,mL.min-1.kg-1,hepatocyte_human
24784707,CHEMBL5130467,CHEMBL51628,CL,mL.min-1.g-1,=,140000.0,CHEMBL612558,,Metabolic stability in human liver S9 fraction assessed as intrinsic clearance at 1 uM in presence of NADPH measured upto 60 min by LC-MS/MS analysis,A,O=c1ccc2ccc(O)cc2o1,140.0,mL.min-1.kg-1,hepatocyte_human
24792906,CHEMBL5133045,CHEMBL8747,CL,mL.min-1.g-1,=,40.0,CHEMBL612558,,Metabolic stability in human liver S9 fraction assessed as Intrinsic clearance at 1 uM measured after 2 hrs in presence of NADPH by LC-MS/MS analysis,A,CCCCCC(O)c1cccc(OCc2ccc3ccccc3n2)c1,0.04,mL.min-1.kg-1,hepatocyte_human
24792907,CHEMBL5133045,CHEMBL5174405,CL,mL.min-1.g-1,=,19.0,CHEMBL612558,,Metabolic stability in human liver S9 fraction assessed as Intrinsic clearance at 1 uM measured after 2 hrs in presence of NADPH by LC-MS/MS analysis,A,OCc1cccc(OCc2ccc3ccccc3n2)c1,0.019,mL.min-1.kg-1,hepatocyte_human
24792908,CHEMBL5133045,CHEMBL5169385,CL,mL.min-1.g-1,=,9.3,CHEMBL612558,,Metabolic stability in human liver S9 fraction assessed as Intrinsic clearance at 1 uM measured after 2 hrs in presence of NADPH by LC-MS/MS analysis,A,O=C(O)c1cccc(OCc2ccc3ccccc3n2)c1,0.009300000000000001,mL.min-1.kg-1,hepatocyte_human
24810621,CHEMBL5136705,CHEMBL5177024,CL,mL.min-1.kg-1,=,0.64,CHEMBL612558,,Metabolic stability in human hepatocytes assessed as apparent clearance at 0.5 uM measured upto 60 mins by LCMS analysis,A,Cc1n[nH]c(C)c1-c1ccc(NC(=O)[C@@H](NC(=O)c2ccnn2C)C(c2ccccc2)c2ccccc2)cc1,0.64,mL.min-1.kg-1,hepatocyte_human
24810622,CHEMBL5136705,CHEMBL5194116,CL,mL.min-1.kg-1,=,1.5,CHEMBL612558,,Metabolic stability in human hepatocytes assessed as apparent clearance at 0.5 uM measured upto 60 mins by LCMS analysis,A,Cc1n[nH]c(C)c1-c1ccc(NC(=O)[C@@H](NC(=O)c2ccnn2C(C)C)C(C2CC2)C2CC2)cc1,1.5,mL.min-1.kg-1,hepatocyte_human
24810751,CHEMBL5136735,CHEMBL5095095,CL,mL.min-1.kg-1,=,6.667,CHEMBL612558,,Metabolic stability in human hepatocytes assessed as clearance at 10 uM measured upto 120 mins by LC-MS/MS analysis,A,C[C@H](CC[C@](C)(O)C(F)(F)F)[C@H]1CC[C@H]2[C@@H]3CC=C4C[C@@](C)(O)CC[C@]4(C)[C@H]3CC[C@]12C,6.667,mL.min-1.kg-1,hepatocyte_human
24826900,CHEMBL5141818,CHEMBL5183282,CL,mL.min-1.kg-1,=,217.0,CHEMBL612558,,Metabolic stability in human hepatocytes assessed as intrinsic clearance,A,O=c1[nH]c(=O)n(C2CC2)c2nc(Cc3nc4ccc(F)cc4[nH]3)n(Cc3ccccc3)c12,217.0,mL.min-1.kg-1,hepatocyte_human
24870275,CHEMBL5152937,CHEMBL5176721,CL,mL.min-1.g-1,=,42.0,CHEMBL613690,Homo sapiens,Metabolic clearance in human hepatocyte assessed as clearance,A,O=C(c1cnn(Cc2ccccc2)c1)N1CCOc2ccccc2C1,0.042,mL.min-1.kg-1,hepatocyte_human
24873986,CHEMBL5153880,CHEMBL4650215,CL,mL.min-1.kg-1,=,1.4,CHEMBL612558,,Clearance in human hepatocytes,A,C[C@H](Nc1ccc2c(c1)OCCn1cc(N3C(=O)OC[C@H]3C(F)F)nc1-2)C(N)=O,1.4,mL.min-1.kg-1,hepatocyte_human
24900162,CHEMBL5160516,CHEMBL4645108,CL,mL.min-1.kg-1,=,420.0,CHEMBL612558,,Unbound intrinsic clearance in human hepatocytes,A,O=C(Nc1ccc(C2(C(=O)Nc3ccc(F)cc3)COC2)cc1)c1cccc(Cl)c1,420.0,mL.min-1.kg-1,hepatocyte_human
24900164,CHEMBL5160516,CHEMBL5171733,CL,mL.min-1.kg-1,=,4.0,CHEMBL612558,,Unbound intrinsic clearance in human hepatocytes,A,O=C(Nc1ccc(F)cc1)C1(c2ccc(-c3nc(C4CC4)no3)cc2)COC1,4.0,mL.min-1.kg-1,hepatocyte_human
24900165,CHEMBL5160516,CHEMBL5207194,CL,mL.min-1.kg-1,=,365.0,CHEMBL612558,,Unbound intrinsic clearance in human hepatocytes,A,Cc1cc(C2CC2)ncc1-c1ccc(C2(C(=O)Nc3ccc(F)cc3)COC2)cc1,365.0,mL.min-1.kg-1,hepatocyte_human
24900166,CHEMBL5160516,CHEMBL5180607,CL,mL.min-1.kg-1,=,330.0,CHEMBL612558,,Unbound intrinsic clearance in human hepatocytes,A,Cc1cc(C(F)(F)F)ncc1-c1ccc(C2(C(=O)Nc3ccc(F)cc3)COC2)cc1,330.0,mL.min-1.kg-1,hepatocyte_human
24900167,CHEMBL5160516,CHEMBL5192977,CL,mL.min-1.kg-1,=,19.0,CHEMBL612558,,Unbound intrinsic clearance in human hepatocytes,A,O=C(Nc1ccc(F)cc1)C1(c2ccc(-c3cnc(C(F)(F)F)cc3CO)cc2)COC1,19.0,mL.min-1.kg-1,hepatocyte_human
24900168,CHEMBL5160516,CHEMBL5193283,CL,mL.min-1.kg-1,=,376.0,CHEMBL612558,,Unbound intrinsic clearance in human hepatocytes,A,O=C(Nc1ccc(F)cc1)C1(c2ccc(-c3cnc(C(F)(F)F)cc3CO)cc2)CCC1,376.0,mL.min-1.kg-1,hepatocyte_human
24900170,CHEMBL5160516,CHEMBL5192384,CL,mL.min-1.kg-1,=,11.0,CHEMBL612558,,Unbound intrinsic clearance in human hepatocytes,A,CC(C)(O)c1cc(C(F)(F)F)ncc1-c1ccc(C2(C(=O)Nc3ccc(F)cc3)COC2)cc1,11.0,mL.min-1.kg-1,hepatocyte_human
24908761,CHEMBL5162551,CHEMBL5206088,CL,mL.min-1.kg-1,=,17.54,CHEMBL612558,,Metabolic stability in human hepatocytes assessed as hepatic clearance at 1 uM measured up to 60 mins in presence of NADPH by HPLC-MS/MS analysis,A,Cc1cc(F)cc(C)c1Oc1ccc(C(C)(C)O)cc1-c1cn(C)c(=O)c2cc(-c3cnc(C4CCCC4)[nH]3)oc12,17.54,mL.min-1.kg-1,hepatocyte_human
24908762,CHEMBL5162551,CHEMBL51,CL,mL.min-1.kg-1,=,14.74,CHEMBL612558,,Metabolic stability in human hepatocytes assessed as hepatic clearance at 1 uM measured up to 60 mins in presence of NADPH by HPLC-MS/MS analysis,A,O=C(c1ccc(F)cc1)C1CCN(CCn2c(=O)[nH]c3ccccc3c2=O)CC1,14.74,mL.min-1.kg-1,hepatocyte_human
24908763,CHEMBL5162551,CHEMBL5206088,CL,mL.min-1.g-1,=,0.115,CHEMBL612558,,Metabolic stability in human hepatocytes assessed as hepatic clearance at 1 uM measured up to 60 mins in presence of NADPH by HPLC-MS/MS analysis,A,Cc1cc(F)cc(C)c1Oc1ccc(C(C)(C)O)cc1-c1cn(C)c(=O)c2cc(-c3cnc(C4CCCC4)[nH]3)oc12,0.000115,mL.min-1.kg-1,hepatocyte_human
24916834,CHEMBL5164916,CHEMBL5202921,CL,mL.min-1.kg-1,=,7.4,CHEMBL612558,,Metabolic stability in human hepatocytes assessed as intrinsic clearance by LC-MS/MS analysis,A,COc1cc(/C=C/c2ccc(NC(=O)c3ccco3)cc2)c(/C=C/[N+](=O)[O-])c(OC)c1,7.4,mL.min-1.kg-1,hepatocyte_human
24916835,CHEMBL5164916,CHEMBL4849582,CL,mL.min-1.kg-1,=,11.7,CHEMBL612558,,Metabolic stability in human hepatocytes assessed as intrinsic clearance by LC-MS/MS analysis,A,COc1cc(/C=C/c2ccc(NC(=O)C3CC3)cc2)c(/C=C/[N+](=O)[O-])c(OC)c1,11.7,mL.min-1.kg-1,hepatocyte_human
24971062,CHEMBL5218160,CHEMBL5219991,CL,mL.min-1.g-1,=,9.14,CHEMBL612558,,Intrinsic clearance in human hepatocytes measured after 120 mins by LC-MS/MS analysis,A,CCOc1ccc2c(c1)C(c1cnn(C)c1)=CN(C)C(=O)[C@@H]2C,0.00914,mL.min-1.kg-1,hepatocyte_human
24971063,CHEMBL5218160,CHEMBL5218726,CL,mL.min-1.g-1,=,0.52,CHEMBL612558,,Intrinsic clearance in human hepatocytes measured after 120 mins by LC-MS/MS analysis,A,C[C@H]1C(=O)N(C)C=C(c2cn[nH]c2)c2cc([C@H](O)CO)ccc21,0.0005200000000000001,mL.min-1.kg-1,hepatocyte_human
25015702,CHEMBL5238157,CHEMBL5290639,CL,mL.min-1.g-1,=,47.79,CHEMBL612558,,Metabolic stability in human hepatocytes assessed as intrinsic clearance,A,Fc1ccc([C@H]2c3ccccc3CCN2C2=NC[C@@H](C3CN4CCC3CC4)O2)cc1,0.04779,mL.min-1.kg-1,hepatocyte_human
25020841,CHEMBL5239452,CHEMBL5284890,CL,mL.min-1.kg-1,=,7.0,CHEMBL612558,,Clearance in human hepatocyte,A,Nc1ncc(-c2cc(N3CCC(F)(F)C3)nc(N3C[C@@H]4C[C@H]3CO4)n2)nc1OC(F)F,7.0,mL.min-1.kg-1,hepatocyte_human
25073567,CHEMBL5253710,CHEMBL3735958,CL,mL.min-1.kg-1,=,9.0,CHEMBL612558,,Clearance in human hepatocyte,A,Cc1nc2cnc(Nc3ccnc(N4CC[C@H](O)[C@H](F)C4)n3)cc2n1C(C)C,9.0,mL.min-1.kg-1,hepatocyte_human
25073568,CHEMBL5253710,CHEMBL5281373,CL,mL.min-1.kg-1,=,4.0,CHEMBL612558,,Clearance in human hepatocyte,A,Cc1nc2cnc(Nc3ccnc(-c4cnn(S(=O)(=O)C5CC5)c4)n3)cc2n1C(C)C,4.0,mL.min-1.kg-1,hepatocyte_human
25073569,CHEMBL5253710,CHEMBL5280555,CL,mL.min-1.kg-1,=,8.4,CHEMBL612558,,Clearance in human hepatocyte,A,CC(C)n1nc(N)c2cnc(Nc3ccnc(-c4cnn(S(=O)(=O)C5CC5)c4)n3)cc21,8.4,mL.min-1.kg-1,hepatocyte_human
25073570,CHEMBL5253710,CHEMBL5273791,CL,mL.min-1.kg-1,=,6.7,CHEMBL612558,,Clearance in human hepatocyte,A,CC(C)n1nc(N2CCOCC2)c2cnc(Nc3ccnc(-c4cnn(S(=O)(=O)C5CC5)c4)n3)cc21,6.7,mL.min-1.kg-1,hepatocyte_human
25073571,CHEMBL5253710,CHEMBL5276357,CL,mL.min-1.kg-1,=,7.7,CHEMBL612558,,Clearance in human hepatocyte,A,CC(C)n1nc(N2CCC(O)CC2)c2cnc(Nc3ccnc(-c4cnn(S(=O)(=O)C5CC5)c4)n3)cc21,7.7,mL.min-1.kg-1,hepatocyte_human
25073572,CHEMBL5253710,CHEMBL5285503,CL,mL.min-1.kg-1,=,13.0,CHEMBL612558,,Clearance in human hepatocyte,A,CC(C)n1nc(N2CC(CO)C2)c2cnc(Nc3ccnc(-c4cnn(S(=O)(=O)C5CC5)c4)n3)cc21,13.0,mL.min-1.kg-1,hepatocyte_human
25073573,CHEMBL5253710,CHEMBL5282716,CL,mL.min-1.kg-1,=,7.1,CHEMBL612558,,Clearance in human hepatocyte,A,CC(C)n1nc(N2CC(C(C)(C)O)C2)c2cnc(Nc3ccnc(-c4cnn(S(=O)(=O)C5CC5)c4)n3)cc21,7.1,mL.min-1.kg-1,hepatocyte_human
25073574,CHEMBL5253710,CHEMBL5281446,CL,mL.min-1.kg-1,=,15.0,CHEMBL612558,,Clearance in human hepatocyte,A,CC(C)c1nn(C(C)C)c2cc(Nc3ccnc(-c4cnn(S(=O)(=O)C5CC5)c4)n3)ncc12,15.0,mL.min-1.kg-1,hepatocyte_human
25073575,CHEMBL5253710,CHEMBL5280589,CL,mL.min-1.kg-1,=,7.8,CHEMBL612558,,Clearance in human hepatocyte,A,CC[C@@H](C)n1nc(N2CC(C(C)(C)O)C2)c2cnc(Nc3ccnc(-c4cnn(S(=O)(=O)C5CC5)c4)n3)cc21,7.8,mL.min-1.kg-1,hepatocyte_human
25073576,CHEMBL5253710,CHEMBL5282118,CL,mL.min-1.kg-1,=,2.7,CHEMBL612558,,Clearance in human hepatocyte,A,CC[C@H](C)n1nc(N2CC(C(C)(C)O)C2)c2cnc(Nc3ccnc(-c4cnn(S(=O)(=O)C5CC5)c4)n3)cc21,2.7,mL.min-1.kg-1,hepatocyte_human
25085351,CHEMBL5256775,CHEMBL5266235,CL,mL.min-1.kg-1,=,18.0,CHEMBL612558,,Stability in cryopreserved human hepatocytes assessed as clearance measured for 120 mins by LC-MS/MS analysis,A,C[C@H](C(=O)N[C@H]1COc2ccccc2[C@@H]1S(C)(=O)=O)c1ccc(F)cc1,18.0,mL.min-1.kg-1,hepatocyte_human
25087287,CHEMBL5257314,CHEMBL2311694,CL,mL.min-1.kg-1,=,20.0,CHEMBL612558,,Clearance in human Hepatocyte,A,CC(C)(C)NC(=O)C(c1cccnc1)N(C(=O)c1ccco1)c1ccc(C(C)(C)C)cc1,20.0,mL.min-1.kg-1,hepatocyte_human
25087288,CHEMBL5257314,CHEMBL5269904,CL,mL.min-1.kg-1,=,20.0,CHEMBL612558,,Clearance in human Hepatocyte,A,Cn1ccc(CN(C(=O)Cn2nnc3ccccc32)c2ccc(NC(=O)C3CC3)cc2)c1,20.0,mL.min-1.kg-1,hepatocyte_human
25458068,CHEMBL5320712,CHEMBL5438938,CL,mL.min-1.kg-1,=,7.0,CHEMBL612558,,Clearance in human hepatocyte at 2 uM measured upto 120 mins by LC-MS/MS analysis,A,CCOC(=O)C1=C(CN2CCN3C(=O)N(CC(C)(C)C(=O)O)C[C@@H]3C2)NC(c2nccs2)=N[C@H]1c1cccc(F)c1Cl,7.0,mL.min-1.kg-1,hepatocyte_human
25458069,CHEMBL5320712,CHEMBL5403174,CL,mL.min-1.kg-1,=,9.2,CHEMBL612558,,Clearance in human hepatocyte at 2 uM measured upto 120 mins by LC-MS/MS analysis,A,COC(=O)C1=C(CN2CCN3C(=O)N(CC(C)(C)C(=O)O)C[C@@H]3C2)NC(c2nccs2)=N[C@H]1c1ccc(F)cc1Cl,9.2,mL.min-1.kg-1,hepatocyte_human
25458070,CHEMBL5320712,CHEMBL5427916,CL,mL.min-1.kg-1,=,0.6,CHEMBL612558,,Clearance in human hepatocyte at 2 uM measured upto 120 mins by LC-MS/MS analysis,A,CCOC(=O)C1=C(CN2CCN3C(=O)N(CC(C)(C)C(=O)O)C[C@@H]3C2)NC(c2nccs2)=N[C@H]1c1ccc(F)cc1Cl,0.6,mL.min-1.kg-1,hepatocyte_human
25458073,CHEMBL5320712,CHEMBL5414989,CL,mL.min-1.kg-1,=,2.4,CHEMBL612558,,Clearance in human hepatocyte at 2 uM measured upto 120 mins by LC-MS/MS analysis,A,COC(=O)C1=C(CN2CCN3C(=O)N(CC(C)(C)C(=O)O)C[C@@H]3C2)NC(c2nccs2)=N[C@H]1c1ccc(F)c(F)c1C,2.4,mL.min-1.kg-1,hepatocyte_human
25458074,CHEMBL5320712,CHEMBL5095071,CL,mL.min-1.kg-1,=,5.6,CHEMBL612558,,Clearance in human hepatocyte at 2 uM measured upto 120 mins by LC-MS/MS analysis,A,CCOC(=O)C1=C(CN2CCN3C(=O)N(CC(C)(C)C(=O)O)C[C@@H]3C2)N=C(c2nccs2)N[C@H]1c1cccc(F)c1C,5.6,mL.min-1.kg-1,hepatocyte_human
25510965,CHEMBL5334566,CHEMBL5080299,CL,mL.min-1.g-1,=,18.2,CHEMBL612558,,Metabolic stability in human liver S9 fraction assessed as intrinsic clearance measured upto 60 mins in presence of NADPH by LC-MS/MS analysis,A,Cc1ccccc1N(C)C(=O)c1ccc(-c2cc(C)c(O)c(C)c2)o1,0.0182,mL.min-1.kg-1,hepatocyte_human
25510966,CHEMBL5334566,CHEMBL5429832,CL,mL.min-1.g-1,=,8.2,CHEMBL612558,,Metabolic stability in human liver S9 fraction assessed as intrinsic clearance measured upto 60 mins in presence of NADPH by LC-MS/MS analysis,A,Cc1cc(OS(N)(=O)=O)ccc1N(C)C(=O)c1ccc(-c2cc(C)c(O)c(C)c2)o1,0.008199999999999999,mL.min-1.kg-1,hepatocyte_human
25510967,CHEMBL5334566,CHEMBL5440157,CL,mL.min-1.g-1,=,35.9,CHEMBL612558,,Metabolic stability in human liver S9 fraction assessed as intrinsic clearance measured upto 60 mins in presence of NADPH by LC-MS/MS analysis,A,Cc1ccc(OS(N)(=O)=O)cc1N(C)C(=O)c1ccc(-c2cc(C)c(O)c(C)c2)o1,0.0359,mL.min-1.kg-1,hepatocyte_human
25510968,CHEMBL5334566,CHEMBL5394384,CL,mL.min-1.g-1,=,19.4,CHEMBL612558,,Metabolic stability in human liver S9 fraction assessed as intrinsic clearance measured upto 60 mins in presence of NADPH by LC-MS/MS analysis,A,Cc1cc(OS(N)(=O)=O)c(Cl)cc1N(C)C(=O)c1ccc(-c2cc(C)c(O)c(C)c2)o1,0.019399999999999997,mL.min-1.kg-1,hepatocyte_human
25510969,CHEMBL5334566,CHEMBL51628,CL,mL.min-1.g-1,=,138.6,CHEMBL612558,,Metabolic stability in human liver S9 fraction assessed as intrinsic clearance measured upto 60 mins in presence of NADPH by LC-MS/MS analysis,A,O=c1ccc2ccc(O)cc2o1,0.1386,mL.min-1.kg-1,hepatocyte_human
25510970,CHEMBL5334566,CHEMBL386630,CL,mL.min-1.g-1,=,74.5,CHEMBL612558,,Metabolic stability in human liver S9 fraction assessed as intrinsic clearance measured upto 60 mins in presence of NADPH by LC-MS/MS analysis,A,C[C@]12CC[C@H]3[C@@H](CCC4=CC(=O)CC[C@@]43C)[C@@H]1CC[C@@H]2O,0.0745,mL.min-1.kg-1,hepatocyte_human
25513978,CHEMBL5335468,CHEMBL5408274,CL,mL.min-1.kg-1,=,11.0,CHEMBL612558,,Metabolic stability in human hepatocytes assessed as intrinsic clearance at 2 uM measured for 120 mins by LC-MS analysis,A,Nc1ncc(-c2cn(C34CC(F)(C3)C4)c([C@@H](O)C(F)(F)F)n2)cc1OC(F)(F)F,11.0,mL.min-1.kg-1,hepatocyte_human
25533170,CHEMBL5341513,CHEMBL5435392,CL,mL.min-1.g-1,=,1.0,CHEMBL612558,,Metabolic stability in human liver S9 fraction assessed as intrinsic clearance at 10 uM measured upto 45 mins by ECHO-MS analysis,A,O=c1[nH]cnc2c(Sc3ccccc3OCP(=O)([O-])[O-])c[nH]c12.[Na+].[Na+],0.001,mL.min-1.kg-1,hepatocyte_human
25533171,CHEMBL5341513,CHEMBL5400769,CL,mL.min-1.g-1,=,138.0,CHEMBL612558,,Metabolic stability in human liver S9 fraction assessed as intrinsic clearance at 10 uM measured upto 45 mins by ECHO-MS analysis,A,CC(C)OC(=O)[C@H](C)NP(=O)(COc1ccccc1Sc1c[nH]c2c(=O)[nH]cnc12)Oc1ccccc1,0.138,mL.min-1.kg-1,hepatocyte_human
25551128,CHEMBL5346028,CHEMBL5403189,CL,mL.min-1.kg-1,=,16.0,CHEMBL612558,,Clearance in human hepatocyte,A,CN1CCN([C@@H]2CCCN(c3cnc(C(N)=O)c(Nc4ccc(C5CCN(C[C@H]6CCN(c7ccc8c(c7)C(=O)N(C7CCC(=O)NC7=O)C8=O)C6)CC5)cc4)n3)C2)C1=O,16.0,mL.min-1.kg-1,hepatocyte_human
25551129,CHEMBL5346028,CHEMBL5435454,CL,mL.min-1.kg-1,=,3.5,CHEMBL612558,,Clearance in human hepatocyte,A,NC(=O)c1ncc(N2CCCCC2)nc1Nc1ccc(C2CCN(C[C@H]3CCN(c4ccc5c(c4)C(=O)N(C4CCC(=O)NC4=O)C5=O)C3)CC2)cc1,3.5,mL.min-1.kg-1,hepatocyte_human
25604484,CHEMBL5359300,CHEMBL5400263,CL,mL.min-1.kg-1,=,15.0,CHEMBL612558,,Metabolic stability in human hepatocytes assessed as intrinsic clearance,A,Cc1nnc(-c2ccc(-c3cccc4c3C(=O)N([C@H](C3CC3)C(C)(C)O)C4)cc2)o1,15.0,mL.min-1.kg-1,hepatocyte_human
25604485,CHEMBL5359300,CHEMBL5411678,CL,mL.min-1.kg-1,=,19.0,CHEMBL612558,,Metabolic stability in human hepatocytes assessed as intrinsic clearance,A,Cc1nnc(-c2ccc(-c3cc(F)cc4c3C(=O)N([C@H](C3CC3)C(C)(C)O)C4)cc2)o1,19.0,mL.min-1.kg-1,hepatocyte_human
25604486,CHEMBL5359300,CHEMBL5415209,CL,mL.min-1.kg-1,=,33.0,CHEMBL612558,,Metabolic stability in human hepatocytes assessed as intrinsic clearance,A,Cc1nnc(-c2ccc(-c3c(F)c(F)cc4c3C(=O)N([C@H](C3CC3)C(C)(C)O)C4)cc2)o1,33.0,mL.min-1.kg-1,hepatocyte_human
25604487,CHEMBL5359300,CHEMBL5409280,CL,mL.min-1.kg-1,=,13.0,CHEMBL612558,,Metabolic stability in human hepatocytes assessed as intrinsic clearance,A,Cc1nnc(-c2ccc(-c3cc(F)c(F)c4c3C(=O)N([C@H](C3CC3)C(C)(C)O)C4)cc2)o1,13.0,mL.min-1.kg-1,hepatocyte_human
25604488,CHEMBL5359300,CHEMBL5433486,CL,mL.min-1.kg-1,=,4.5,CHEMBL612558,,Metabolic stability in human hepatocytes assessed as intrinsic clearance,A,Cc1nnc(-c2ccc(-c3c(F)c(F)cc4c3C(=O)N([C@@H](C(C)(C)O)C(F)(F)F)C4)cc2)o1,4.5,mL.min-1.kg-1,hepatocyte_human
25648626,CHEMBL5370172,CHEMBL5412197,CL,mL.min-1.kg-1,=,10.0,CHEMBL612558,,Apparent intrinsic clearance in human hepatocytes by substrate depletion method,A,Cl.N[C@@H]1c2ccccc2OC12CCN(c1cnc3c(N4CCCc5ncccc54)n[nH]c3n1)CC2,10.0,mL.min-1.kg-1,hepatocyte_human
25661369,CHEMBL5373714,CHEMBL5396134,CL,mL.min-1.kg-1,=,113.33,CHEMBL612558,,Metabolic stability in human hepatocytes assessed as intrinsic clearance for unbound fraction of drug,A,CC(=O)Nc1cc2c(-c3cccc(S(=O)(=O)N(C)C)c3)c[nH]c2cn1,113.33,mL.min-1.kg-1,hepatocyte_human
25661371,CHEMBL5373714,CHEMBL5414765,CL,mL.min-1.kg-1,=,140.0,CHEMBL612558,,Metabolic stability in human hepatocytes assessed as intrinsic clearance for unbound fraction of drug,A,CC(=O)Nc1cc2c(-c3cccc(S(=O)(=O)N(C)C)c3)cn(C)c2cn1,140.0,mL.min-1.kg-1,hepatocyte_human
25661372,CHEMBL5373714,CHEMBL5394367,CL,mL.min-1.kg-1,=,131.67,CHEMBL612558,,Metabolic stability in human hepatocytes assessed as intrinsic clearance for unbound fraction of drug,A,CC(=O)Nc1cc2c(-c3cccc(S(=O)(=O)N(C)C)n3)cn(C)c2cn1,131.67,mL.min-1.kg-1,hepatocyte_human
25661373,CHEMBL5373714,CHEMBL5403272,CL,mL.min-1.kg-1,=,85.0,CHEMBL612558,,Metabolic stability in human hepatocytes assessed as intrinsic clearance for unbound fraction of drug,A,CCS(=O)(=O)c1cccc(-c2cn(C)c3cnc(NC(C)=O)cc23)n1,85.0,mL.min-1.kg-1,hepatocyte_human
25661374,CHEMBL5373714,CHEMBL5415406,CL,mL.min-1.kg-1,=,80.0,CHEMBL612558,,Metabolic stability in human hepatocytes assessed as intrinsic clearance for unbound fraction of drug,A,CO[C@@]1(c2cccc(-c3cn(C)c4cnc(NC(C)=O)cc34)n2)CCOC1,80.0,mL.min-1.kg-1,hepatocyte_human
25661375,CHEMBL5373714,CHEMBL5434751,CL,mL.min-1.kg-1,=,80.0,CHEMBL612558,,Metabolic stability in human hepatocytes assessed as intrinsic clearance for unbound fraction of drug,A,CO[C@]1(c2cccc(-c3cn(C)c4cnc(NC(C)=O)cc34)n2)CCOC1,80.0,mL.min-1.kg-1,hepatocyte_human
25661376,CHEMBL5373714,CHEMBL5401070,CL,mL.min-1.kg-1,=,41.67,CHEMBL612558,,Metabolic stability in human hepatocytes assessed as intrinsic clearance for unbound fraction of drug,A,CO[C@@]1(c2cccc(-c3cn(C)c4cnc(NC(N)=O)cc34)n2)CCOC1,41.67,mL.min-1.kg-1,hepatocyte_human
25661377,CHEMBL5373714,CHEMBL5432571,CL,mL.min-1.kg-1,=,68.33,CHEMBL612558,,Metabolic stability in human hepatocytes assessed as intrinsic clearance for unbound fraction of drug,A,CO[C@@]1(c2cc(C#N)cc(-c3cn([C@@H]4CC4(F)F)c4cnc(NC(C)=O)cc34)n2)CCOC1,68.33,mL.min-1.kg-1,hepatocyte_human
25661378,CHEMBL5373714,CHEMBL5420972,CL,mL.min-1.kg-1,=,33.33,CHEMBL612558,,Metabolic stability in human hepatocytes assessed as intrinsic clearance for unbound fraction of drug,A,CO[C@@]1(c2cc(OCC#N)cc(-c3cn(C)c4cnc(NC(C)=O)cc34)n2)CCOC1,33.33,mL.min-1.kg-1,hepatocyte_human
25661379,CHEMBL5373714,CHEMBL5425395,CL,mL.min-1.kg-1,=,31.67,CHEMBL612558,,Metabolic stability in human hepatocytes assessed as intrinsic clearance for unbound fraction of drug,A,CO[C@@]1(c2cc(C(F)F)cc(-c3cn(C)c4cnc(NC(C)=O)cc34)n2)CCOC1,31.67,mL.min-1.kg-1,hepatocyte_human
25661380,CHEMBL5373714,CHEMBL5418845,CL,mL.min-1.kg-1,=,12.5,CHEMBL612558,,Metabolic stability in human hepatocytes assessed as intrinsic clearance for unbound fraction of drug,A,COc1cc(-c2cn(C3COC3)c3cnc(NC(C)=O)cc23)nc([C@]2(OC)CCOC2)c1,12.5,mL.min-1.kg-1,hepatocyte_human
25661381,CHEMBL5373714,CHEMBL5440340,CL,mL.min-1.kg-1,=,101.67,CHEMBL612558,,Metabolic stability in human hepatocytes assessed as intrinsic clearance for unbound fraction of drug,A,CO[C@@]1(c2cc(OC(F)F)cc(-c3cn(C)c4cnc(NC(C)=O)cc34)n2)CCOC1,101.67,mL.min-1.kg-1,hepatocyte_human
25661382,CHEMBL5373714,CHEMBL5417230,CL,mL.min-1.kg-1,=,110.0,CHEMBL612558,,Metabolic stability in human hepatocytes assessed as intrinsic clearance for unbound fraction of drug,A,COCCOc1cc(-c2cn(C)c3cnc(NC(C)=O)cc23)nc([C@]2(OC)CCOC2)c1,110.0,mL.min-1.kg-1,hepatocyte_human
25661383,CHEMBL5373714,CHEMBL5418961,CL,mL.min-1.kg-1,=,31.67,CHEMBL612558,,Metabolic stability in human hepatocytes assessed as intrinsic clearance for unbound fraction of drug,A,COCc1cc(-c2cn(C3COC3)c3cnc(NC(C)=O)cc23)nc([C@]2(OC)CCOC2)c1,31.67,mL.min-1.kg-1,hepatocyte_human
25661384,CHEMBL5373714,CHEMBL5403113,CL,mL.min-1.kg-1,=,101.67,CHEMBL612558,,Metabolic stability in human hepatocytes assessed as intrinsic clearance for unbound fraction of drug,A,CO[C@@]1(c2cc(O[C@@H](C)CCO)cc(-c3cn(C)c4cnc(NC(C)=O)cc34)n2)CCOC1,101.67,mL.min-1.kg-1,hepatocyte_human
25666185,CHEMBL5375007,CHEMBL5397485,CL,mL.min-1.kg-1,=,315.0,CHEMBL612558,,Metabolic stability in human hepatocytes assessed as intrinsic clearance,A,CCn1c(=O)[nH]c(=O)c2c1nc(Cc1cn3cc(C)sc3n1)n2Cc1ccccc1,315.0,mL.min-1.kg-1,hepatocyte_human
25666188,CHEMBL5375007,CHEMBL5440400,CL,mL.min-1.kg-1,=,174.0,CHEMBL612558,,Metabolic stability in human hepatocytes assessed as intrinsic clearance,A,CCn1c(=O)[nH]c(=O)c2c1nc(Cc1cn3cc(Cl)sc3n1)n2Cc1ccc(-c2ccn(C)n2)cc1,174.0,mL.min-1.kg-1,hepatocyte_human
25666191,CHEMBL5375007,CHEMBL5436189,CL,mL.min-1.kg-1,=,19.0,CHEMBL612558,,Metabolic stability in human hepatocytes assessed as intrinsic clearance,A,CCn1c(=O)[nH]c(=O)c2c1nc(Cc1cn3cc(C)sc3n1)n2CC1CC1,19.0,mL.min-1.kg-1,hepatocyte_human
25670992,CHEMBL5376263,CHEMBL5199065,CL,mL.min-1.kg-1,=,1.6,CHEMBL612558,,Stability in human hepatocytes assessed as intrinsic clearance,A,CCC(CC)c1cc(N[C@H]2CC[C@H](N)C2)n2nccc2n1,1.6,mL.min-1.kg-1,hepatocyte_human
25688413,CHEMBL5381649,CHEMBL5417785,CL,mL.min-1.kg-1,=,16.0,CHEMBL612558,,Metabolic stability in human hepatocytes assessed as clearance at 1 uM incubated for 6 hrs by HPLC- MS MS analysis,A,Cn1c(=O)c2c(ncn2C)n(CC#Cc2cccc(O)c2)c1=O,16.0,mL.min-1.kg-1,hepatocyte_human
25688414,CHEMBL5381649,CHEMBL5307400,CL,mL.min-1.kg-1,=,12.2,CHEMBL612558,,Metabolic stability in human hepatocytes assessed as clearance at 1 uM incubated for 6 hrs by HPLC- MS MS analysis,A,CCn1c(=O)c(C)cn(Cc2nnc(-c3ccc(F)c(O)c3F)s2)c1=O,12.2,mL.min-1.kg-1,hepatocyte_human
25694379,CHEMBL5383342,CHEMBL5410211,CL,mL.min-1.kg-1,=,0.0,CHEMBL612558,,Metabolic stability in cryopreserved human liver hepatocytes assessed as clearance at 10 uM incubated upto 4 hrs by LC/MS/MS analysis,A,CNc1cc[n+](CCNC(=O)c2ccn3c(-c4c(C)noc4C)cnc3c2)cc1.[Cl-],0.0,mL.min-1.kg-1,hepatocyte_human
25702486,CHEMBL5385377,CHEMBL4209095,CL,mL.min-1.kg-1,=,9.8,CHEMBL612558,,Hepatic clearance in human hepatocytes,A,CN1CC[C@@](O)(C#Cc2cccc(-n3nc(C(N)=O)c4cccnc43)c2)C1=O,9.8,mL.min-1.kg-1,hepatocyte_human
25715605,CHEMBL5389550,CHEMBL5436038,CL,mL.min-1.kg-1,=,181.0,CHEMBL612558,,Metabolic stability in pooled human hepatocytes assessed as intrinsic clearance,A,Cc1cc([C@@H](C)Nc2ccccc2C(=O)O)c2nc(N3CCCCC3)cc(=O)n2c1,181.0,mL.min-1.kg-1,hepatocyte_human
25715606,CHEMBL5389550,CHEMBL5423227,CL,mL.min-1.kg-1,=,340.0,CHEMBL612558,,Metabolic stability in pooled human hepatocytes assessed as intrinsic clearance,A,Cc1cc([C@@H](C)Nc2ccccc2C(=O)O)c2nc(N3CCCCC3)c(C)c(=O)n2c1,340.0,mL.min-1.kg-1,hepatocyte_human
25715608,CHEMBL5389550,CHEMBL5414256,CL,mL.min-1.kg-1,=,79.0,CHEMBL612558,,Metabolic stability in pooled human hepatocytes assessed as intrinsic clearance,A,Cc1cc([C@@H](C)Nc2ccccc2C(=O)O)c2nc(N3CCCCC3)c(C#N)c(=O)n2c1,79.0,mL.min-1.kg-1,hepatocyte_human
25715609,CHEMBL5389550,CHEMBL5411976,CL,mL.min-1.kg-1,=,78.0,CHEMBL612558,,Metabolic stability in pooled human hepatocytes assessed as intrinsic clearance,A,Cc1cc([C@@H](C)Nc2ccccc2C(=O)O)c2nc(N3CCCC3)c(C#N)c(=O)n2c1,78.0,mL.min-1.kg-1,hepatocyte_human
25715610,CHEMBL5389550,CHEMBL5406950,CL,mL.min-1.kg-1,=,76.0,CHEMBL612558,,Metabolic stability in pooled human hepatocytes assessed as intrinsic clearance,A,Cc1cc([C@@H](C)Nc2ccccc2C(=O)O)c2nc(N3CCC(C)(C)CC3)c(C#N)c(=O)n2c1,76.0,mL.min-1.kg-1,hepatocyte_human
25715611,CHEMBL5389550,CHEMBL5402470,CL,mL.min-1.kg-1,=,29.0,CHEMBL612558,,Metabolic stability in pooled human hepatocytes assessed as intrinsic clearance,A,Cc1cc([C@@H](C)Nc2ccccc2C(=O)O)c2nc(N3CCC(F)(F)CC3)c(C#N)c(=O)n2c1,29.0,mL.min-1.kg-1,hepatocyte_human
25715612,CHEMBL5389550,CHEMBL5424195,CL,mL.min-1.kg-1,=,39.0,CHEMBL612558,,Metabolic stability in pooled human hepatocytes assessed as intrinsic clearance,A,Cc1cc([C@@H](C)Nc2ccccc2C(=O)O)c2nc(N3CC4CC(C3)C4(F)F)c(C#N)c(=O)n2c1,39.0,mL.min-1.kg-1,hepatocyte_human
25715613,CHEMBL5389550,CHEMBL5408522,CL,mL.min-1.kg-1,=,12.0,CHEMBL612558,,Metabolic stability in pooled human hepatocytes assessed as intrinsic clearance,A,Cc1cc([C@@H](C)Nc2ccccc2C(=O)O)c2nc(C3CCC(F)(F)CC3)c(C#N)c(=O)n2c1,12.0,mL.min-1.kg-1,hepatocyte_human
25715614,CHEMBL5389550,CHEMBL5437679,CL,mL.min-1.kg-1,=,24.0,CHEMBL612558,,Metabolic stability in pooled human hepatocytes assessed as intrinsic clearance,A,Cc1cc([C@@H](C)Nc2ccccc2C(=O)O)c2nc(N3CC(F)(F)C3)c(C#N)c(=O)n2c1,24.0,mL.min-1.kg-1,hepatocyte_human
25715615,CHEMBL5389550,CHEMBL5413908,CL,mL.min-1.kg-1,=,118.0,CHEMBL612558,,Metabolic stability in pooled human hepatocytes assessed as intrinsic clearance,A,Cc1cc([C@@H](C)Nc2ccccc2C(=O)O)c2nc(N3CC4(C3)CC(F)(F)C4)c(C#N)c(=O)n2c1,118.0,mL.min-1.kg-1,hepatocyte_human
25715616,CHEMBL5389550,CHEMBL5431134,CL,mL.min-1.kg-1,=,5.0,CHEMBL612558,,Metabolic stability in pooled human hepatocytes assessed as intrinsic clearance,A,Cc1cc([C@@H](C)Nc2ccccc2C(=O)O)c2nc(N3CCS(=O)(=O)CC3)c(C#N)c(=O)n2c1,5.0,mL.min-1.kg-1,hepatocyte_human
25728169,CHEMBL5392452,CHEMBL939,CL,mL.min-1.kg-1,=,17.0,CHEMBL612558,,Metabolic stability in human hepatocytes assessed as intrinsic clearance at 1 uM and measured upto 120 mins by LC-MS/MS analysis,A,COc1cc2ncnc(Nc3ccc(F)c(Cl)c3)c2cc1OCCCN1CCOCC1,17.0,mL.min-1.kg-1,hepatocyte_human
25728171,CHEMBL5392452,CHEMBL5420585,CL,mL.min-1.kg-1,=,13.0,CHEMBL612558,,Metabolic stability in human hepatocytes assessed as intrinsic clearance at 1 uM and measured upto 120 mins by LC-MS/MS analysis,A,COc1cc2ncnc(Nc3cccc(Cl)c3F)c2cc1OCCON1CCOCC1,13.0,mL.min-1.kg-1,hepatocyte_human
25728173,CHEMBL5392452,CHEMBL5394686,CL,mL.min-1.kg-1,=,12.0,CHEMBL612558,,Metabolic stability in human hepatocytes assessed as intrinsic clearance at 1 uM and measured upto 120 mins by LC-MS/MS analysis,A,COc1cc2ncnc(Nc3cccc(Cl)c3F)c2cc1OCCON1CCN(C)CC1,12.0,mL.min-1.kg-1,hepatocyte_human
25732167,CHEMBL5393399,CHEMBL5437322,CL,mL.min-1.kg-1,=,2.0,CHEMBL612558,,Metabolic stability in human hepatocyte assessed as intrinsic clearance incubated for 1 to 2 hrs by LC-MS analysis,A,CC1(N)CCN(c2cnc3nc(-c4cccc(Cl)c4Cl)ccc3n2)CC1,2.0,mL.min-1.kg-1,hepatocyte_human
25732168,CHEMBL5393399,CHEMBL5433596,CL,mL.min-1.kg-1,=,2.0,CHEMBL612558,,Metabolic stability in human hepatocyte assessed as intrinsic clearance incubated for 1 to 2 hrs by LC-MS analysis,A,CC1(N)CCN(c2cnc3nc(-c4cccc5ccccc45)ccc3n2)CC1,2.0,mL.min-1.kg-1,hepatocyte_human
25732169,CHEMBL5393399,CHEMBL5395964,CL,mL.min-1.kg-1,=,9.0,CHEMBL612558,,Metabolic stability in human hepatocyte assessed as intrinsic clearance incubated for 1 to 2 hrs by LC-MS analysis,A,COc1cccc(Sc2ccc3nc(N4CCC(C)(N)CC4)cnc3n2)c1Cl,9.0,mL.min-1.kg-1,hepatocyte_human
25732170,CHEMBL5393399,CHEMBL5436251,CL,mL.min-1.kg-1,=,7.0,CHEMBL612558,,Metabolic stability in human hepatocyte assessed as intrinsic clearance incubated for 1 to 2 hrs by LC-MS analysis,A,CC1(N)CCN(c2cnc3nc(Sc4cccc(C#N)c4Cl)ccc3n2)CC1,7.0,mL.min-1.kg-1,hepatocyte_human
25732171,CHEMBL5393399,CHEMBL5409926,CL,mL.min-1.kg-1,=,2.0,CHEMBL612558,,Metabolic stability in human hepatocyte assessed as intrinsic clearance incubated for 1 to 2 hrs by LC-MS analysis,A,CC1(N)CCN(c2cnc3nc(Oc4cccc(Cl)c4Cl)ccc3n2)CC1,2.0,mL.min-1.kg-1,hepatocyte_human
25732172,CHEMBL5393399,CHEMBL5422687,CL,mL.min-1.kg-1,=,2.0,CHEMBL612558,,Metabolic stability in human hepatocyte assessed as intrinsic clearance incubated for 1 to 2 hrs by LC-MS analysis,A,CC1(N)CCN(c2cnc3nc(Sc4ccnc(N)c4Cl)ccc3n2)CC1,2.0,mL.min-1.kg-1,hepatocyte_human
25732173,CHEMBL5393399,CHEMBL5396004,CL,mL.min-1.kg-1,=,2.0,CHEMBL612558,,Metabolic stability in human hepatocyte assessed as intrinsic clearance incubated for 1 to 2 hrs by LC-MS analysis,A,COc1nccc(Sc2ccc3nc(N4CCC(C)(N)CC4)cnc3n2)c1Cl,2.0,mL.min-1.kg-1,hepatocyte_human
25732174,CHEMBL5393399,CHEMBL5439836,CL,mL.min-1.kg-1,=,2.0,CHEMBL612558,,Metabolic stability in human hepatocyte assessed as intrinsic clearance incubated for 1 to 2 hrs by LC-MS analysis,A,CC1(CN)CCN(c2cnc3nc(Sc4ccnc(N)c4Cl)ccc3n2)CC1,2.0,mL.min-1.kg-1,hepatocyte_human
25732175,CHEMBL5393399,CHEMBL5412473,CL,mL.min-1.kg-1,=,5.0,CHEMBL612558,,Metabolic stability in human hepatocyte assessed as intrinsic clearance incubated for 1 to 2 hrs by LC-MS analysis,A,CNC1(C)CCN(c2cnc3nc(Sc4ccnc(N)c4Cl)ccc3n2)CC1,5.0,mL.min-1.kg-1,hepatocyte_human
25732176,CHEMBL5393399,CHEMBL5432517,CL,mL.min-1.kg-1,=,3.0,CHEMBL612558,,Metabolic stability in human hepatocyte assessed as intrinsic clearance incubated for 1 to 2 hrs by LC-MS analysis,A,Nc1nccc(Sc2ccc3nc(N4CCC[C@H](N)CC4)cnc3n2)c1Cl,3.0,mL.min-1.kg-1,hepatocyte_human
25732177,CHEMBL5393399,CHEMBL5434472,CL,mL.min-1.kg-1,=,2.0,CHEMBL612558,,Metabolic stability in human hepatocyte assessed as intrinsic clearance incubated for 1 to 2 hrs by LC-MS analysis,A,Nc1nccc(Sc2ccc3nc(N4[C@H]5CC[C@H]4CC(N)C5)cnc3n2)c1Cl,2.0,mL.min-1.kg-1,hepatocyte_human
25732178,CHEMBL5393399,CHEMBL5416159,CL,mL.min-1.kg-1,=,5.0,CHEMBL612558,,Metabolic stability in human hepatocyte assessed as intrinsic clearance incubated for 1 to 2 hrs by LC-MS analysis,A,Nc1nccc(Sc2ccc3nc(N4C[C@H]5C[C@@H](C4)[C@H]5N)cnc3n2)c1Cl,5.0,mL.min-1.kg-1,hepatocyte_human
25732179,CHEMBL5393399,CHEMBL5433774,CL,mL.min-1.kg-1,=,8.0,CHEMBL612558,,Metabolic stability in human hepatocyte assessed as intrinsic clearance incubated for 1 to 2 hrs by LC-MS analysis,A,Nc1nccc(Sc2ccc3nc(N4CCC5(CC4)C[C@@H](O)C[C@H]5N)cnc3n2)c1Cl,8.0,mL.min-1.kg-1,hepatocyte_human
25732180,CHEMBL5393399,CHEMBL5422905,CL,mL.min-1.kg-1,=,5.0,CHEMBL612558,,Metabolic stability in human hepatocyte assessed as intrinsic clearance incubated for 1 to 2 hrs by LC-MS analysis,A,C[C@@H]1OCC2(CCN(c3cnc4nc(Sc5ccnc(N)c5Cl)ccc4n3)CC2)[C@@H]1N,5.0,mL.min-1.kg-1,hepatocyte_human
25732181,CHEMBL5393399,CHEMBL5424566,CL,mL.min-1.kg-1,=,10.0,CHEMBL612558,,Metabolic stability in human hepatocyte assessed as intrinsic clearance incubated for 1 to 2 hrs by LC-MS analysis,A,Nc1nccc(Sc2ccc3nc(N4CCC5(CC4)Cc4ccccc4[C@H]5N)cnc3n2)c1Cl,10.0,mL.min-1.kg-1,hepatocyte_human
25732182,CHEMBL5393399,CHEMBL5409912,CL,mL.min-1.kg-1,=,12.0,CHEMBL612558,,Metabolic stability in human hepatocyte assessed as intrinsic clearance incubated for 1 to 2 hrs by LC-MS analysis,A,Nc1nccc(Sc2ccc3nc(N4CCC5(CC4)Cc4cc(F)ccc4[C@H]5N)cnc3n2)c1Cl,12.0,mL.min-1.kg-1,hepatocyte_human
25732183,CHEMBL5393399,CHEMBL5435347,CL,mL.min-1.kg-1,=,11.0,CHEMBL612558,,Metabolic stability in human hepatocyte assessed as intrinsic clearance incubated for 1 to 2 hrs by LC-MS analysis,A,COc1ccc2c(c1)[C@@H](N)C1(CCN(c3cnc4nc(Sc5ccnc(N)c5Cl)ccc4n3)CC1)C2,11.0,mL.min-1.kg-1,hepatocyte_human
25732184,CHEMBL5393399,CHEMBL5424779,CL,mL.min-1.kg-1,=,10.0,CHEMBL612558,,Metabolic stability in human hepatocyte assessed as intrinsic clearance incubated for 1 to 2 hrs by LC-MS analysis,A,Cc1ccc2c(c1)[C@@H](N)C1(CCN(c3cnc4nc(Sc5ccnc(N)c5Cl)ccc4n3)CC1)C2,10.0,mL.min-1.kg-1,hepatocyte_human
25732185,CHEMBL5393399,CHEMBL5431126,CL,mL.min-1.kg-1,=,11.0,CHEMBL612558,,Metabolic stability in human hepatocyte assessed as intrinsic clearance incubated for 1 to 2 hrs by LC-MS analysis,A,Nc1nccc(Sc2ccc3nc(N4CCC5(CC4)Cc4ncccc4[C@H]5N)cnc3n2)c1Cl,11.0,mL.min-1.kg-1,hepatocyte_human
25732186,CHEMBL5393399,CHEMBL5412395,CL,mL.min-1.kg-1,=,15.0,CHEMBL612558,,Metabolic stability in human hepatocyte assessed as intrinsic clearance incubated for 1 to 2 hrs by LC-MS analysis,A,Cc1ccc2c(n1)CC1(CCN(c3cnc4nc(Sc5ccnc(N)c5Cl)ccc4n3)CC1)[C@@H]2N,15.0,mL.min-1.kg-1,hepatocyte_human
25732187,CHEMBL5393399,CHEMBL5414521,CL,mL.min-1.kg-1,=,12.0,CHEMBL612558,,Metabolic stability in human hepatocyte assessed as intrinsic clearance incubated for 1 to 2 hrs by LC-MS analysis,A,Nc1nccc(Sc2ccc3nc(N4CCC5(CC4)Cc4ncc(F)cc4[C@H]5N)cnc3n2)c1Cl,12.0,mL.min-1.kg-1,hepatocyte_human
25732188,CHEMBL5393399,CHEMBL5437468,CL,mL.min-1.kg-1,=,12.0,CHEMBL612558,,Metabolic stability in human hepatocyte assessed as intrinsic clearance incubated for 1 to 2 hrs by LC-MS analysis,A,COc1cnc2c(c1)[C@@H](N)C1(CCN(c3cnc4nc(Sc5ccnc(N)c5Cl)ccc4n3)CC1)C2,12.0,mL.min-1.kg-1,hepatocyte_human
25847172,CHEMBL5505434,CHEMBL3808764,CL,mL.min-1.kg-1,=,58.0,CHEMBL612558,,Metabolic stability in cryopreserved human hepatocytes assessed as intrinsic clearance at 1 uM measured upto 120 mins by LC-MS/MS analysis,A,CC(=O)Nc1cccc(Nc2cc(NC3CC3)n3ncc(C#N)c3n2)c1,58.0,mL.min-1.kg-1,hepatocyte_human
25847173,CHEMBL5505434,CHEMBL5542963,CL,mL.min-1.kg-1,=,16.0,CHEMBL612558,,Metabolic stability in cryopreserved human hepatocytes assessed as intrinsic clearance at 1 uM measured upto 120 mins by LC-MS/MS analysis,A,N#Cc1cnn2c(NC3CC3)cc(Nc3cccc(-n4cnnc4)c3)nc12,16.0,mL.min-1.kg-1,hepatocyte_human
25861402,CHEMBL5510268,CHEMBL5559740,CL,mL.min-1.kg-1,=,5.1,CHEMBL612558,,Intrinsic clearance in human Hepatocyte,A,CC(C)Oc1nc2nc(C34COC(C)(C3)C4)cn2cc1C(=O)Nc1cccn(C2CC2)c1=O,5.1,mL.min-1.kg-1,hepatocyte_human
25869323,CHEMBL5512089,CHEMBL139,CL,mL.min-1.g-1,=,37.4,CHEMBL612558,,Metabolic stability in human liver S9 fraction assessed as intrinsic clearance at 1 uM measured upto 60 mins in presence of UDPGA by HPLC-MS/MS analysis,A,O=C(O)Cc1ccccc1Nc1c(Cl)cccc1Cl,0.037399999999999996,mL.min-1.kg-1,hepatocyte_human
25869324,CHEMBL5512089,CHEMBL11,CL,mL.min-1.g-1,=,22.8,CHEMBL612558,,Metabolic stability in human liver S9 fraction assessed as intrinsic clearance at 1 uM measured upto 60 mins in presence of UDPGA by HPLC-MS/MS analysis,A,CN(C)CCCN1c2ccccc2CCc2ccccc21,0.0228,mL.min-1.kg-1,hepatocyte_human
25869326,CHEMBL5512089,CHEMBL17157,CL,mL.min-1.g-1,=,167.5,CHEMBL612558,,Metabolic stability in human liver S9 fraction assessed as intrinsic clearance at 1 uM measured upto 60 mins in presence of UDPGA by HPLC-MS/MS analysis,A,CC(C)(C)c1ccc(C(O)CCCN2CCC(C(O)(c3ccccc3)c3ccccc3)CC2)cc1,0.1675,mL.min-1.kg-1,hepatocyte_human
25886656,CHEMBL5517256,CHEMBL3951810,CL,mL.min-1.kg-1,=,1.0,CHEMBL612558,,Clearance in human Hepatocyte,A,Cc1cn(-c2ccc3n(c2=O)CCN([C@@H](C)[C@@H]2CC[C@H](c4cc(F)c(Cl)cc4C(F)(F)F)O2)C3=O)cn1,1.0,mL.min-1.kg-1,hepatocyte_human
25897776,CHEMBL5521445,CHEMBL5568394,CL,mL.min-1.kg-1,=,45.0,CHEMBL612558,,Metabolic stability in human hepatocytes assessed as intrinsic clearance,A,CCOc1cc2nc(C3CCOCC3)cn2cc1NC(=O)c1cccc(C(F)F)n1,45.0,mL.min-1.kg-1,hepatocyte_human
25897777,CHEMBL5521445,CHEMBL5563121,CL,mL.min-1.kg-1,=,19.0,CHEMBL612558,,Metabolic stability in human hepatocytes assessed as intrinsic clearance,A,CCOc1cc2nc(C34COC(C)(C3)C4)cn2cc1NC(=O)c1cccc(C(F)F)n1,19.0,mL.min-1.kg-1,hepatocyte_human
25897778,CHEMBL5521445,CHEMBL5567653,CL,mL.min-1.kg-1,=,75.0,CHEMBL612558,,Metabolic stability in human hepatocytes assessed as intrinsic clearance,A,CC(C)Oc1cc2nc(C3CCOCC3)cn2cc1NC(=O)c1cccc(C(F)F)n1,75.0,mL.min-1.kg-1,hepatocyte_human
25897779,CHEMBL5521445,CHEMBL5560745,CL,mL.min-1.kg-1,=,18.0,CHEMBL612558,,Metabolic stability in human hepatocytes assessed as intrinsic clearance,A,Cc1cc2nc(C3CCOCC3)cn2cc1NC(=O)c1cccc(C(F)F)n1,18.0,mL.min-1.kg-1,hepatocyte_human
25897780,CHEMBL5521445,CHEMBL5560005,CL,mL.min-1.kg-1,=,8.0,CHEMBL612558,,Metabolic stability in human hepatocytes assessed as intrinsic clearance,A,COc1cc(NC(=O)c2cccc(C(F)(F)F)n2)cn2cc(C3CCOCC3)nc12,8.0,mL.min-1.kg-1,hepatocyte_human
25897781,CHEMBL5521445,CHEMBL5558441,CL,mL.min-1.kg-1,=,16.0,CHEMBL612558,,Metabolic stability in human hepatocytes assessed as intrinsic clearance,A,Cc1cc(NC(=O)c2cccc(C(F)F)n2)cn2cc(C3CCOCC3)nc12,16.0,mL.min-1.kg-1,hepatocyte_human
25897782,CHEMBL5521445,CHEMBL5555501,CL,mL.min-1.kg-1,=,28.0,CHEMBL612558,,Metabolic stability in human hepatocytes assessed as intrinsic clearance,A,CC(C)Oc1cc2nc(C3CCOCC3)cn2cc1C(=O)Nc1cccc(C(F)F)n1,28.0,mL.min-1.kg-1,hepatocyte_human
25897783,CHEMBL5521445,CHEMBL5564777,CL,mL.min-1.kg-1,=,5.3,CHEMBL612558,,Metabolic stability in human hepatocytes assessed as intrinsic clearance,A,CC(C)Oc1cc2nc(C34COC(C)(C3)C4)cn2cc1C(=O)Nc1cccc(C(F)F)n1,5.3,mL.min-1.kg-1,hepatocyte_human
25897784,CHEMBL5521445,CHEMBL5549853,CL,mL.min-1.kg-1,=,2.5,CHEMBL612558,,Metabolic stability in human hepatocytes assessed as intrinsic clearance,A,Cc1cnc2c(NC(=O)c3cn4cc(C56COC(C)(C5)C6)nc4nc3OC(C)C)cnn2c1,2.5,mL.min-1.kg-1,hepatocyte_human
25898061,CHEMBL5521555,CHEMBL5557098,CL,mL.min-1.kg-1,=,1.4,CHEMBL612558,,Metabolic stability in human hepatocytes assessed as clearance at 1 uM measured upto 4 hrs by LC-MS/MS analysis,A,CCN1C(=O)N(c2ccc(C3CC3)cc2)C(=O)C12CCN(CC1CCOCC1)CC2,1.4,mL.min-1.kg-1,hepatocyte_human
25898062,CHEMBL5521555,CHEMBL5567315,CL,mL.min-1.kg-1,=,4.3,CHEMBL612558,,Metabolic stability in human hepatocytes assessed as clearance at 1 uM measured upto 4 hrs by LC-MS/MS analysis,A,CCN1C(=O)N([C@H]2CC[C@H](C(F)(F)F)CC2)C(=O)C12CCN(CC1CCOCC1)CC2,4.3,mL.min-1.kg-1,hepatocyte_human
25904610,CHEMBL5523823,CHEMBL5556412,CL,mL.min-1.g-1,=,13.5,CHEMBL612558,,Metabolic stability in human liver S9 fraction assessed as intrinsic clearance at 2 uM measured 90 mins by LC-MS/MS analysis,A,O=C(Cn1cc(CN2CCN(c3ccnc4cc(Cl)ccc34)CC2)nn1)Nc1cccc([N+](=O)[O-])c1,0.0135,mL.min-1.kg-1,hepatocyte_human
25926912,CHEMBL5529714,CHEMBL5565539,CL,mL.min-1.g-1,=,17.0,CHEMBL612558,,Metabolic stability in human liver S9 fraction assessed as intrinsic clearance,A,CCOc1cccc2c1OCC(=O)N[C@H]1CC[C@H](CC1)CC(=O)N[C@@H](c1ccccc1)C(=O)N[C@H](Cc1ccccc1)C(=O)N[C@H](C(=O)NC)Cc1ccc(cc1)NC2,0.017,mL.min-1.kg-1,hepatocyte_human
25926913,CHEMBL5529714,CHEMBL5568698,CL,mL.min-1.g-1,=,19.0,CHEMBL612558,,Metabolic stability in human liver S9 fraction assessed as intrinsic clearance,A,CCOc1cccc2c1OCC(=O)N[C@H]1CC[C@H](CC1)CC(=O)N[C@@H](c1ccccc1)C(=O)N[C@H](Cc1ccccc1)C(=O)N[C@H](C(=O)NC)Cc1ccc(cc1)OC2,0.019,mL.min-1.kg-1,hepatocyte_human
25926914,CHEMBL5529714,CHEMBL5572326,CL,mL.min-1.g-1,=,82.0,CHEMBL612558,,Metabolic stability in human liver S9 fraction assessed as intrinsic clearance,A,CCOc1cccc2c1OCC(=O)N[C@H]1CC[C@H](CC1)CC(=O)N[C@@H](c1ccccc1)C(=O)N[C@H](Cc1ccccc1)C(=O)NCCc1ccc(cc1)OC2,0.082,mL.min-1.kg-1,hepatocyte_human
25930336,CHEMBL5530689,CHEMBL5571605,CL,mL.min-1.g-1,=,4.3,CHEMBL612558,,Metabolic stability in human hepatocyte assessed as intrinsic clearance measured per 10^6 cells incubated upto 15 mins in presence of NADPH regenerating system in presence of rifampicin by LC-MS/MS analysis,A,Cc1ccc(NC(=O)C2(c3ncccc3C(C)C)CN(S(N)(=O)=O)C2)c(OC(F)F)n1,0.0043,mL.min-1.kg-1,hepatocyte_human
25930339,CHEMBL5530689,CHEMBL5566408,CL,mL.min-1.g-1,=,4.5,CHEMBL612558,,Metabolic stability in human hepatocyte assessed as intrinsic clearance measured per 10^6 cells incubated upto 15 mins in presence of NADPH regenerating system in presence of rifampicin by LC-MS/MS analysis,A,Cc1ccc(NC(=O)C2(c3ccccc3C(C)C)CN(S(N)(=O)=O)C2)c(OC(F)F)n1,0.0045,mL.min-1.kg-1,hepatocyte_human
25942267,CHEMBL5534766,CHEMBL5572884,CL,mL.min-1.kg-1,=,16.4,CHEMBL612558,,Metabolic stability in human hepatocytes assessed as clearance incubated for 15 to 90 mins by LC-MS/MS analysis,A,Cc1ccc(O)c(C)c1-n1c(N)c(C(=O)N2CCn3nccc3C2)c2nc(C)c(C)nc21,16.4,mL.min-1.kg-1,hepatocyte_human
25942268,CHEMBL5534766,CHEMBL5562687,CL,mL.min-1.kg-1,=,18.1,CHEMBL612558,,Metabolic stability in human hepatocytes assessed as clearance incubated for 15 to 90 mins by LC-MS/MS analysis,A,Cc1ccc(O)c(C)c1-n1c(N)c(C(=O)N2CCn3ncc(C#N)c3C2)c2nc(C)c(C)nc21,18.1,mL.min-1.kg-1,hepatocyte_human
25965838,CHEMBL5541080,CHEMBL6067709,CL,mL.min-1.g-1,=,60.5,CHEMBL612558,,Metabolic stability in human Hepatocyte assessed as clearance at 1 uM measured after 45 mins in presence of NADPH by LC-MS/MS analysis,A,O=C1[C@H](c2ccccc2)[C@@H](c2ccccc2)N1C1CCN(C(=O)n2cncn2)CC1,0.0605,mL.min-1.kg-1,hepatocyte_human
25965839,CHEMBL5541080,CHEMBL5569248,CL,mL.min-1.g-1,=,101.7,CHEMBL612558,,Metabolic stability in human Hepatocyte assessed as clearance at 1 uM measured after 45 mins in presence of NADPH by LC-MS/MS analysis,A,O=C1[C@H](c2ccc(F)cc2)[C@@H](c2ccc3c(c2)OCO3)N1C1CCN(C(=O)n2nnc3ccccc32)CC1,0.1017,mL.min-1.kg-1,hepatocyte_human
25965840,CHEMBL5541080,CHEMBL3785379,CL,mL.min-1.g-1,=,91.9,CHEMBL612558,,Metabolic stability in human Hepatocyte assessed as clearance at 1 uM measured after 45 mins in presence of NADPH by LC-MS/MS analysis,A,O=C1[C@H](c2ccc(F)cc2)[C@@H](c2ccc3c(c2)OCO3)N1C1CCN(C(=O)n2cncn2)CC1,0.09190000000000001,mL.min-1.kg-1,hepatocyte_human
25983347,CHEMBL5547792,CHEMBL5573027,CL,mL.min-1.kg-1,=,9.0,CHEMBL612558,,Intrinsic clearance in human hepatocytes,A,Cc1cc(NC(=O)C(=O)N2C[C@@H](C)CC[C@@H]2c2ccc3scnc3c2)cnc1N,9.0,mL.min-1.kg-1,hepatocyte_human
26013553,CHEMBL5578220,CHEMBL5591040,CL,mL.min-1.kg-1,=,21.0,CHEMBL612558,,Metabolic stability in human hepatocytes assessed as clearance at 2 uM measured upto 120 mins by LC-MS/MS analysis,A,Cn1ccc([C@H]2C[C@H](N(c3cc(F)c(NC(=O)c4ccnn(-c5ccc(F)cn5)c4=O)cc3F)c3cccn4nccc34)C2)n1,21.0,mL.min-1.kg-1,hepatocyte_human
26013554,CHEMBL5578220,CHEMBL5583801,CL,mL.min-1.kg-1,=,12.0,CHEMBL612558,,Metabolic stability in human hepatocytes assessed as clearance at 2 uM measured upto 120 mins by LC-MS/MS analysis,A,COc1cc(N(c2cc(F)c(NC(=O)c3ccnn(-c4ccc(F)cn4)c3=O)cc2F)[C@H]2C[C@H](c3ccn(C)n3)C2)c2ccnn2c1,12.0,mL.min-1.kg-1,hepatocyte_human
26013555,CHEMBL5578220,CHEMBL5592389,CL,mL.min-1.kg-1,=,3.0,CHEMBL612558,,Metabolic stability in human hepatocytes assessed as clearance at 2 uM measured upto 120 mins by LC-MS/MS analysis,A,Cn1ccc([C@H]2C[C@H](N(c3cc(F)c(NC(=O)c4ccnn(-c5ccc(F)cn5)c4=O)cc3F)c3cc(F)cn4nccc34)C2)n1,3.0,mL.min-1.kg-1,hepatocyte_human
26013556,CHEMBL5578220,CHEMBL5592944,CL,mL.min-1.kg-1,=,9.0,CHEMBL612558,,Metabolic stability in human hepatocytes assessed as clearance at 2 uM measured upto 120 mins by LC-MS/MS analysis,A,Cc1cc(N(c2cc(F)c(NC(=O)c3ccnn(-c4ccc(F)cn4)c3=O)cc2F)[C@H]2C[C@H](c3ccn(C)n3)C2)c(F)cn1,9.0,mL.min-1.kg-1,hepatocyte_human
26013557,CHEMBL5578220,CHEMBL5590777,CL,mL.min-1.kg-1,=,13.0,CHEMBL612558,,Metabolic stability in human hepatocytes assessed as clearance at 2 uM measured upto 120 mins by LC-MS/MS analysis,A,Cn1ccc([C@H]2C[C@H](N(c3cc(F)c(NC(=O)c4ccnn(-c5ccc(F)cn5)c4=O)cc3F)c3nccn4nccc34)C2)n1,13.0,mL.min-1.kg-1,hepatocyte_human
26013558,CHEMBL5578220,CHEMBL5583812,CL,mL.min-1.kg-1,=,5.0,CHEMBL612558,,Metabolic stability in human hepatocytes assessed as clearance at 2 uM measured upto 120 mins by LC-MS/MS analysis,A,Cn1ccc([C@H]2C[C@H](N(c3cc(Cl)c(NC(=O)c4ccnn(-c5ccc(F)cn5)c4=O)cc3F)c3nccn4nccc34)C2)n1,5.0,mL.min-1.kg-1,hepatocyte_human
26013559,CHEMBL5578220,CHEMBL5594185,CL,mL.min-1.kg-1,=,22.0,CHEMBL612558,,Metabolic stability in human hepatocytes assessed as clearance at 2 uM measured upto 120 mins by LC-MS/MS analysis,A,Cc1cc(N(c2nccn3nccc23)[C@H]2C[C@H](c3ccn(C)n3)C2)c(F)cc1NC(=O)c1ccnn(-c2ccc(F)cn2)c1=O,22.0,mL.min-1.kg-1,hepatocyte_human
26013560,CHEMBL5578220,CHEMBL5593019,CL,mL.min-1.kg-1,=,9.0,CHEMBL612558,,Metabolic stability in human hepatocytes assessed as clearance at 2 uM measured upto 120 mins by LC-MS/MS analysis,A,Cn1ccc([C@H]2C[C@H](N(c3cc(F)c(NC(=O)c4ccnn(-c5ccc(F)cn5)c4=O)cc3Cl)c3nccn4nccc34)C2)n1,9.0,mL.min-1.kg-1,hepatocyte_human
26033474,CHEMBL5583188,CHEMBL5595500,CL,mL.min-1.kg-1,=,14.0,CHEMBL612558,,Stability in human hepatocytes assessed as intrinsic clearance at 1 uM incubated upto 180 mins by LC-MS/MS analysis,A,C[C@@H](Oc1ccc2[nH]nc(-c3ccc(N4CC5(C4)CN(S(C)(=O)=O)C5)nc3)c2c1)c1c(Cl)cncc1Cl,14.0,mL.min-1.kg-1,hepatocyte_human
26199876,CHEMBL5638974,CHEMBL5639891,CL,mL.min-1.g-1,=,15.5,CHEMBL612558,,Intrinsic clearance in human hepatocytes,A,CC(C)Oc1cc2nc(C[C@H]3CCOC3)cn2cc1C(=O)Nc1cccn(C)c1=O,0.0155,mL.min-1.kg-1,hepatocyte_human
26199878,CHEMBL5638974,CHEMBL5646886,CL,mL.min-1.g-1,=,16.4,CHEMBL612558,,Intrinsic clearance in human hepatocytes,A,CC(C)Oc1cc2nn(C[C@H]3CCOC3)cc2cc1C(=O)Nc1cccn(C)c1=O,0.016399999999999998,mL.min-1.kg-1,hepatocyte_human
26199880,CHEMBL5638974,CHEMBL5647375,CL,mL.min-1.g-1,=,3.43,CHEMBL612558,,Intrinsic clearance in human hepatocytes,A,CC(C)Oc1cc2nn(C34COC(C)(C3)C4)cc2cc1C(=O)Nc1cccn(C)c1=O,0.0034300000000000003,mL.min-1.kg-1,hepatocyte_human
26199881,CHEMBL5638974,CHEMBL5641831,CL,mL.min-1.g-1,=,1.0,CHEMBL612558,,Intrinsic clearance in human hepatocytes,A,CC(C)Oc1nc2nn(C34COC(C)(C3)C4)cc2cc1C(=O)Nc1cccn(C)c1=O,0.001,mL.min-1.kg-1,hepatocyte_human
26199884,CHEMBL5638974,CHEMBL5639909,CL,mL.min-1.g-1,=,4.0,CHEMBL612558,,Intrinsic clearance in human hepatocytes,A,CC(C)Oc1nc2nn(C34COC(C)(C3)C4)cc2cc1C(=O)Nc1cccn([C@@H]2C[C@@H]2C)c1=O,0.004,mL.min-1.kg-1,hepatocyte_human
26199885,CHEMBL5638974,CHEMBL5639259,CL,mL.min-1.g-1,=,22.0,CHEMBL612558,,Intrinsic clearance in human hepatocytes,A,CC(C)Oc1nc2nn(C34COC(C)(C3)C4)cc2cc1C(=O)Nc1cccn([C@H]2C[C@H]2C)c1=O,0.022,mL.min-1.kg-1,hepatocyte_human
26199886,CHEMBL5638974,CHEMBL5646411,CL,mL.min-1.g-1,=,3.0,CHEMBL612558,,Intrinsic clearance in human hepatocytes,A,CC(C)Oc1nc2nn(C34COC(C)(C3)C4)cc2cc1C(=O)Nc1cccn([C@H]2C[C@H]2F)c1=O,0.003,mL.min-1.kg-1,hepatocyte_human
26199887,CHEMBL5638974,CHEMBL5639415,CL,mL.min-1.g-1,=,3.3,CHEMBL612558,,Intrinsic clearance in human hepatocytes,A,CC(C)Oc1nc2nn(C34COC(C)(C3)C4)cc2cc1C(=O)Nc1cccn([C@@H]2C[C@@H]2F)c1=O,0.0033,mL.min-1.kg-1,hepatocyte_human
26199888,CHEMBL5638974,CHEMBL5647518,CL,mL.min-1.g-1,=,3.8,CHEMBL612558,,Intrinsic clearance in human hepatocytes,A,CC(C)Oc1cc2nn(C34COC(C)(C3)C4)cc2cc1C(=O)Nc1cccn([C@H]2C[C@H]2F)c1=O,0.0038,mL.min-1.kg-1,hepatocyte_human
26230024,CHEMBL5658152,CHEMBL4448899,CL,mL.min-1.kg-1,=,6.167,CHEMBL612558,,Clearance in human hepatocytes,A,Cc1c(NC(=O)c2cc(C(N)=O)nc3cc(F)ccc23)c(C(F)(F)F)nn1Cc1ccc(C#N)cc1,6.167,mL.min-1.kg-1,hepatocyte_human
26230025,CHEMBL5658152,CHEMBL5661934,CL,mL.min-1.kg-1,=,0.5,CHEMBL612558,,Clearance in human hepatocytes,A,Cc1c(NC(=O)c2cc(C(N)=O)nc3cc(F)ccc23)c(C(F)(F)F)nn1Cc1ccc(C#N)cn1,0.5,mL.min-1.kg-1,hepatocyte_human
