activity_id,assay_chembl_id,molecule_chembl_id,type,standard_units,relation,standard_value,target_chembl_id,target_organism,assay_description,assay_type,smiles,clint,units,assay_class
35511,CHEMBL618475,CHEMBL68366,CL,mL.min-1.kg-1,=,12.0,CHEMBL373,Canis lupus familiaris,Plasma clearance of compound was determined in dog,A,CC(C)(F)CC[C@H](C[C@H](O)[C@H](Cc1ccccc1)NC(=O)c1cnc2ccccc2n1)C(N)=O,12.0,mL.min-1.kg-1,species_only_dog
35917,CHEMBL875835,CHEMBL262384,CL,mL.min-1.kg-1,=,20.0,CHEMBL373,Canis lupus familiaris,"The pharmacokinetic parameter, clearance was reported in dog after intravenous administration",A,CN1CC(=O)N(CC(=O)NCc2cc3cc(C(=O)N4CCC(N5C(=O)OCc6ccccc65)CC4)ccc3o2)C1=O,20.0,mL.min-1.kg-1,species_only_dog
35919,CHEMBL875835,CHEMBL284688,CL,mL.min-1.kg-1,=,20.0,CHEMBL373,Canis lupus familiaris,"The pharmacokinetic parameter, clearance was reported in dog after intravenous administration",A,CC1(C)NC(=O)N(CC(=O)NCc2cc3cc(C(=O)N4CCC(N5C(=O)OCc6ccccc65)CC4)ccc3o2)C1=O,20.0,mL.min-1.kg-1,species_only_dog
37109,CHEMBL875835,CHEMBL282781,CL,mL.min-1.kg-1,=,7.0,CHEMBL373,Canis lupus familiaris,"The pharmacokinetic parameter, clearance was reported in dog after intravenous administration",A,CS(=O)(=O)N1CCN(Cc2cc3cc(C(=O)N4CCC(N5C(=O)OCc6ccccc65)CC4)ccc3o2)CC1,7.0,mL.min-1.kg-1,species_only_dog
38808,CHEMBL646695,CHEMBL129064,CL,mL.min-1.kg-1,=,46.0,CHEMBL373,Canis lupus familiaris,Pharmacokinetic parameter clearance in dog was reported in Cassette dosage,A,CC(C)C1C(=O)N(S(C)(=O)=O)C2CCN(C(=O)c3ccc(CNC4CC4)nc3)C12,46.0,mL.min-1.kg-1,species_only_dog
38814,CHEMBL646695,CHEMBL338332,CL,mL.min-1.kg-1,=,20.0,CHEMBL373,Canis lupus familiaris,Pharmacokinetic parameter clearance in dog was reported in Cassette dosage,A,CC(C)C1C(=O)N(S(C)(=O)=O)C2CCN(C(=O)/C=C/CN3CCCCC3)C12,20.0,mL.min-1.kg-1,species_only_dog
38815,CHEMBL646696,CHEMBL338332,CL,mL.min-1.kg-1,=,19.0,CHEMBL373,Canis lupus familiaris,Pharmacokinetic parameter clearance in dog was reported in Discrete dosage,A,CC(C)C1C(=O)N(S(C)(=O)=O)C2CCN(C(=O)/C=C/CN3CCCCC3)C12,19.0,mL.min-1.kg-1,species_only_dog
39103,CHEMBL618475,CHEMBL303673,CL,mL.min-1.kg-1,=,38.0,CHEMBL373,Canis lupus familiaris,Plasma clearance of compound was determined in dog,A,O=C(N[C@@H](Cc1ccccc1)[C@@H](O)CC(C(=O)NO)C1CCC(F)(F)CC1)c1cnc2ccccc2n1,38.0,mL.min-1.kg-1,species_only_dog
41903,CHEMBL875835,CHEMBL28627,CL,mL.min-1.kg-1,=,11.0,CHEMBL373,Canis lupus familiaris,"The pharmacokinetic parameter, clearance was reported in dog after intravenous administration",A,CC(=O)N1CCN(Cc2cc3cc(C(=O)N4CCC(N5C(=O)OCc6ccccc65)CC4)ccc3o2)CC1,11.0,mL.min-1.kg-1,species_only_dog
41906,CHEMBL875835,CHEMBL31213,CL,mL.min-1.kg-1,=,15.0,CHEMBL373,Canis lupus familiaris,"The pharmacokinetic parameter, clearance was reported in dog after intravenous administration",A,CN(Cc1cc2cc(C(=O)N3CCC(N4C(=O)OCc5ccccc54)CC3)ccc2o1)C(=O)CN1C(=O)CNC1=O,15.0,mL.min-1.kg-1,species_only_dog
43089,CHEMBL875835,CHEMBL31350,CL,mL.min-1.kg-1,=,8.0,CHEMBL373,Canis lupus familiaris,"The pharmacokinetic parameter, clearance was reported in dog after intravenous administration",A,CC(=O)NCc1cc2cc(C(=O)N3CCC(N4C(=O)OCc5ccccc54)CC3)ccc2o1,8.0,mL.min-1.kg-1,species_only_dog
46671,CHEMBL875835,CHEMBL31606,CL,mL.min-1.kg-1,=,6.0,CHEMBL373,Canis lupus familiaris,"The pharmacokinetic parameter, clearance was reported in dog after intravenous administration",A,CC(=O)N1CCC(c2cc3cc(C(=O)N4CCC(N5C(=O)OCc6ccccc65)CC4)ccc3o2)CC1,6.0,mL.min-1.kg-1,species_only_dog
47931,CHEMBL875835,CHEMBL31978,CL,mL.min-1.kg-1,=,9.0,CHEMBL373,Canis lupus familiaris,"The pharmacokinetic parameter, clearance was reported in dog after intravenous administration",A,CS(=O)(=O)N1CCC(c2cc3cc(C(=O)N4CCC(N5C(=O)OCc6ccccc65)CC4)ccc3o2)CC1,9.0,mL.min-1.kg-1,species_only_dog
49847,CHEMBL646695,CHEMBL126739,CL,mL.min-1.kg-1,=,134.0,CHEMBL373,Canis lupus familiaris,Pharmacokinetic parameter clearance in dog was reported in Cassette dosage,A,CCCN(C)Cc1ccc(C(=O)N2CCC3C2C(C(C)C)C(=O)N3S(C)(=O)=O)cc1,134.0,mL.min-1.kg-1,species_only_dog
49848,CHEMBL646696,CHEMBL126739,CL,mL.min-1.kg-1,=,197.0,CHEMBL373,Canis lupus familiaris,Pharmacokinetic parameter clearance in dog was reported in Discrete dosage,A,CCCN(C)Cc1ccc(C(=O)N2CCC3C2C(C(C)C)C(=O)N3S(C)(=O)=O)cc1,197.0,mL.min-1.kg-1,species_only_dog
51816,CHEMBL875835,CHEMBL31476,CL,mL.min-1.kg-1,=,17.0,CHEMBL373,Canis lupus familiaris,"The pharmacokinetic parameter, clearance was reported in dog after intravenous administration",A,O=C(CN1C(=O)CNC1=O)NCc1cc2cc(C(=O)N3CCC(N4C(=O)OCc5ccccc54)CC3)ccc2o1,17.0,mL.min-1.kg-1,species_only_dog
52306,CHEMBL874651,CHEMBL79433,CL,mL.min-1.kg-1,=,0.1,CHEMBL373,Canis lupus familiaris,Total clearance of compound was determined in dog at 5 mg/kg intravenously admn.,A,O=C(NO)C1(S(=O)(=O)c2ccc(Oc3ccc(Cl)cc3)cc2)CCN(Cc2ccccc2)CC1,0.1,mL.min-1.kg-1,species_only_dog
52364,CHEMBL646695,CHEMBL341132,CL,mL.min-1.kg-1,=,97.0,CHEMBL373,Canis lupus familiaris,Pharmacokinetic parameter clearance in dog was reported in Cassette dosage,A,CC(C)C1C(=O)N(S(C)(=O)=O)C2CCN(C(=O)c3ccc(CNC4CC4)cc3)C12,97.0,mL.min-1.kg-1,species_only_dog
52365,CHEMBL646696,CHEMBL341132,CL,mL.min-1.kg-1,=,94.0,CHEMBL373,Canis lupus familiaris,Pharmacokinetic parameter clearance in dog was reported in Discrete dosage,A,CC(C)C1C(=O)N(S(C)(=O)=O)C2CCN(C(=O)c3ccc(CNC4CC4)cc3)C12,94.0,mL.min-1.kg-1,species_only_dog
53211,CHEMBL875835,CHEMBL287325,CL,mL.min-1.kg-1,=,34.0,CHEMBL373,Canis lupus familiaris,"The pharmacokinetic parameter, clearance was reported in dog after intravenous administration",A,O=C(Cn1ccccc1=O)NCc1cc2cc(C(=O)N3CCC(N4C(=O)OCc5ccccc54)CC3)ccc2o1,34.0,mL.min-1.kg-1,species_only_dog
59319,CHEMBL875835,CHEMBL31163,CL,mL.min-1.kg-1,=,49.0,CHEMBL373,Canis lupus familiaris,"The pharmacokinetic parameter, clearance was reported in dog after intravenous administration",A,O=C(Cc1cccnc1)NCc1cc2cc(C(=O)N3CCC(N4C(=O)OCc5ccccc54)CC3)ccc2o1,49.0,mL.min-1.kg-1,species_only_dog
59321,CHEMBL875835,CHEMBL284419,CL,mL.min-1.kg-1,=,18.0,CHEMBL373,Canis lupus familiaris,"The pharmacokinetic parameter, clearance was reported in dog after intravenous administration",A,CC(=O)NCC(=O)NCc1cc2cc(C(=O)N3CCC(N4C(=O)OCc5ccccc54)CC3)ccc2o1,18.0,mL.min-1.kg-1,species_only_dog
61293,CHEMBL646695,CHEMBL2367960,CL,mL.min-1.kg-1,=,28.0,CHEMBL373,Canis lupus familiaris,Pharmacokinetic parameter clearance in dog was reported in Cassette dosage,A,CC(C)[C@@H]1C(=O)N(S(C)(=O)=O)[C@@H]2CCN(C(=O)/C=C/CNC3CC3)[C@H]21,28.0,mL.min-1.kg-1,species_only_dog
61294,CHEMBL646696,CHEMBL2367960,CL,mL.min-1.kg-1,=,40.0,CHEMBL373,Canis lupus familiaris,Pharmacokinetic parameter clearance in dog was reported in Discrete dosage,A,CC(C)[C@@H]1C(=O)N(S(C)(=O)=O)[C@@H]2CCN(C(=O)/C=C/CNC3CC3)[C@H]21,40.0,mL.min-1.kg-1,species_only_dog
63897,CHEMBL646695,CHEMBL2367959,CL,mL.min-1.kg-1,=,161.0,CHEMBL373,Canis lupus familiaris,Pharmacokinetic parameter clearance in dog was reported in Cassette dosage,A,CC(C)[C@@H]1C(=O)N(S(C)(=O)=O)[C@@H]2CCN(C(=O)c3ccc(CCN4CCCCC4)cc3)[C@H]21,161.0,mL.min-1.kg-1,species_only_dog
63898,CHEMBL646696,CHEMBL2367959,CL,mL.min-1.kg-1,=,220.0,CHEMBL373,Canis lupus familiaris,Pharmacokinetic parameter clearance in dog was reported in Discrete dosage,A,CC(C)[C@@H]1C(=O)N(S(C)(=O)=O)[C@@H]2CCN(C(=O)c3ccc(CCN4CCCCC4)cc3)[C@H]21,220.0,mL.min-1.kg-1,species_only_dog
63903,CHEMBL646695,CHEMBL2367964,CL,mL.min-1.kg-1,=,176.0,CHEMBL373,Canis lupus familiaris,Pharmacokinetic parameter clearance in dog was reported in Cassette dosage,A,CC(C)[C@@H]1C(=O)N(S(C)(=O)=O)[C@@H]2CCN(C(=O)c3ccc(CN(C)C(C)C)c(Br)c3)[C@H]21,176.0,mL.min-1.kg-1,species_only_dog
64271,CHEMBL618475,CHEMBL308473,CL,mL.min-1.kg-1,=,13.0,CHEMBL373,Canis lupus familiaris,Plasma clearance of compound was determined in dog,A,CC(C)(O)CCC(C[C@H](O)[C@H](Cc1cccc(F)c1)NC(=O)c1cnc2ccccc2n1)C(N)=O,13.0,mL.min-1.kg-1,species_only_dog
64724,CHEMBL875835,CHEMBL279782,CL,mL.min-1.kg-1,=,27.0,CHEMBL373,Canis lupus familiaris,"The pharmacokinetic parameter, clearance was reported in dog after intravenous administration",A,CN1CCC(=O)N(CC(=O)NCc2cc3cc(C(=O)N4CCC(N5C(=O)OCc6ccccc65)CC4)ccc3o2)C1=O,27.0,mL.min-1.kg-1,species_only_dog
66027,CHEMBL875835,CHEMBL417133,CL,mL.min-1.kg-1,=,34.0,CHEMBL373,Canis lupus familiaris,"The pharmacokinetic parameter, clearance was reported in dog after intravenous administration",A,O=C(CN1CCCC1=O)NCc1cc2cc(C(=O)N3CCC(N4C(=O)OCc5ccccc54)CC3)ccc2o1,34.0,mL.min-1.kg-1,species_only_dog
66029,CHEMBL875835,CHEMBL32187,CL,mL.min-1.kg-1,=,31.0,CHEMBL373,Canis lupus familiaris,"The pharmacokinetic parameter, clearance was reported in dog after intravenous administration",A,CC(=O)N1CCC[C@@H]1c1cc2cc(C(=O)N3CCC(N4C(=O)OCc5ccccc54)CC3)ccc2o1,31.0,mL.min-1.kg-1,species_only_dog
66515,CHEMBL646695,CHEMBL126787,CL,mL.min-1.kg-1,=,53.0,CHEMBL373,Canis lupus familiaris,Pharmacokinetic parameter clearance in dog was reported in Cassette dosage,A,CC(C)C1C(=O)N(S(C)(=O)=O)C2CCN(C(=O)c3csc(CN4CCCC4)n3)C12,53.0,mL.min-1.kg-1,species_only_dog
69852,CHEMBL875835,CHEMBL30667,CL,mL.min-1.kg-1,=,9.0,CHEMBL373,Canis lupus familiaris,"The pharmacokinetic parameter, clearance was reported in dog after intravenous administration",A,CC(=O)NCCc1cc2cc(C(=O)N3CCC(N4C(=O)OCc5ccccc54)CC3)ccc2o1,9.0,mL.min-1.kg-1,species_only_dog
70760,CHEMBL618475,CHEMBL305423,CL,mL.min-1.kg-1,=,28.0,CHEMBL373,Canis lupus familiaris,Plasma clearance of compound was determined in dog,A,CC(C)(F)CCC(C[C@H](O)[C@H](Cc1ccccc1)NC(=O)c1cnc2ccccc2n1)C(=O)NO,28.0,mL.min-1.kg-1,species_only_dog
74391,CHEMBL624526,CHEMBL170499,CL,mL.min-1.kg-1,=,49.2,CHEMBL373,Canis lupus familiaris,Plasma clearance in dog was determined,A,Cc1cc(C)cc(-c2[nH]c3ccc(C(C)(C)C(=O)N4C5CCC4CC5)cc3c2[C@H](C)CNCCCCc2cccc3cnccc23)c1,49.2,mL.min-1.kg-1,species_only_dog
76634,CHEMBL624467,CHEMBL3706623,CL,mL.min-1.kg-1,=,25.2,CHEMBL373,Canis lupus familiaris,Plasma clearance after peroral administration at 5 mpk in dog,A,O=C(N[C@H]1c2ccccc2OC[C@H]1O)[C@H](Cc1ccccc1)C[C@H](O)CN1CCN(Cc2ccc(-c3cccnc3)o2)C[C@H]1C(=O)NCC(F)(F)F,25.2,mL.min-1.kg-1,species_only_dog
82262,CHEMBL624466,CHEMBL5483011,CL,mL.min-1.kg-1,=,16.0,CHEMBL373,Canis lupus familiaris,Plasma clearance after peroral administration at 10 mpk in dog,A,CC(C)(C)NC(=O)[C@@H]1CN(Cc2cccnc2)CCN1C[C@@H](O)C[C@@H](Cc1ccccc1)C(=O)N[C@H]1c2ccccc2C[C@H]1O.O,16.0,mL.min-1.kg-1,species_only_dog
85322,CHEMBL624466,CHEMBL3706619,CL,mL.min-1.kg-1,=,33.5,CHEMBL373,Canis lupus familiaris,Plasma clearance after peroral administration at 10 mpk in dog,A,O=C(N[C@H]1c2ccccc2OC[C@H]1O)[C@H](Cc1ccccc1)C[C@H](O)CN1CCN(Cc2ccc(-c3ccccn3)o2)C[C@H]1C(=O)NCC(F)(F)F,33.5,mL.min-1.kg-1,species_only_dog
86261,CHEMBL624526,CHEMBL170159,CL,mL.min-1.kg-1,=,5.8,CHEMBL373,Canis lupus familiaris,Plasma clearance in dog was determined,A,Cc1cc(C)cc(-c2[nH]c3ccc(C(C)(C)C(=O)N4C5CCC4CC5)cc3c2[C@H](C)CNCCc2cccc3cnccc23)c1,5.8,mL.min-1.kg-1,species_only_dog
86270,CHEMBL624526,CHEMBL168563,CL,mL.min-1.kg-1,=,5.0,CHEMBL373,Canis lupus familiaris,Plasma clearance in dog was determined,A,Cc1cc(C)cc(-c2[nH]c3ccc(C(C)(C)C(=O)N4CC5CCC4CC5)cc3c2[C@H](C)CNCCc2ccc3[nH]nnc3c2)c1,5.0,mL.min-1.kg-1,species_only_dog
90199,CHEMBL624467,CHEMBL3706620,CL,mL.min-1.kg-1,=,22.5,CHEMBL373,Canis lupus familiaris,Plasma clearance after peroral administration at 5 mpk in dog,A,CC(C)(c1ccc(-c2ccncc2)o1)N1CCN(C[C@@H](O)C[C@@H](Cc2ccccc2)C(=O)N[C@H]2c3ccccc3OC[C@H]2O)[C@H](C(=O)NCC(F)(F)F)C1,22.5,mL.min-1.kg-1,species_only_dog
94271,CHEMBL624526,CHEMBL170606,CL,mL.min-1.kg-1,=,37.0,CHEMBL373,Canis lupus familiaris,Plasma clearance in dog was determined,A,Cc1cc(C)cc(-c2[nH]c3ccc(C(C)(C)C(=O)N4C5CCC4CC5)cc3c2[C@H](C)CNCCc2ccc3[nH]nnc3c2)c1,37.0,mL.min-1.kg-1,species_only_dog
94276,CHEMBL624526,CHEMBL327704,CL,mL.min-1.kg-1,=,26.5,CHEMBL373,Canis lupus familiaris,Plasma clearance in dog was determined,A,Cc1cc(C)cc(-c2[nH]c3ccc(C(C)(C)C(=O)N4C5CCC4CC5)cc3c2[C@H](C)CNCCCCc2ccncc2)c1,26.5,mL.min-1.kg-1,species_only_dog
95305,CHEMBL624526,CHEMBL352051,CL,mL.min-1.kg-1,=,24.6,CHEMBL373,Canis lupus familiaris,Plasma clearance in dog was determined,A,Cc1cc(C)cc(-c2[nH]c3ccc(C(C)(C)C(=O)N4CC5CCC4CC5)cc3c2[C@H](C)CNCCc2ccc3[nH]c(C(=O)O)nc3c2)c1,24.6,mL.min-1.kg-1,species_only_dog
102350,CHEMBL624468,CHEMBL114756,CL,mL.min-1.kg-1,=,24.5,CHEMBL373,Canis lupus familiaris,Plasma clearance after peroral administration at 5 mg/kg in dog,A,O=C(N[C@H]1c2ccccc2OC[C@H]1O)[C@H](Cc1ccccc1)C[C@H](O)CN1CCN(Cc2ccc(-c3ccncc3)o2)C[C@H]1C(=O)NCC(F)(F)F,24.5,mL.min-1.kg-1,species_only_dog
107942,CHEMBL625517,CHEMBL2062136,CL,mL.min-1.kg-1,=,0.7333,CHEMBL373,Canis lupus familiaris,The total body administered intravenously in dog,A,N#Cc1ccc(S(=O)(=O)Nc2cccc(C(c3c(O)c4c(oc3=O)CCCCCC4)C3CC3)c2)cc1,0.7333,mL.min-1.kg-1,species_only_dog
111175,CHEMBL875942,CHEMBL324489,CL,mL.min-1.kg-1,=,19.0,CHEMBL373,Canis lupus familiaris,Plasma clearance in dog after administration of 1 mg/kg iv,A,CN1CCN(C(=O)c2ccc3[nH]c(-c4cc5ccccc5nc4O)cc3c2)CC1,19.0,mL.min-1.kg-1,species_only_dog
124823,CHEMBL634504,CHEMBL339053,CL,mL.min-1.kg-1,=,27.55,CHEMBL373,Canis lupus familiaris,Evaluated for Plasma clearance in dog at dose 0.2 mg/kg (intravenous) and 0.5 mg/kg administered orally,A,O=C(N[C@H](Cc1ccc(Cl)cc1)C(=O)N1CCC(Cn2cncn2)(C2CCCCC2)CC1)[C@H]1Cc2ccccc2CN1,27.55,mL.min-1.kg-1,species_only_dog
136879,CHEMBL624524,CHEMBL355862,CL,mL.min-1.kg-1,=,40.0,CHEMBL373,Canis lupus familiaris,Plasma clearance after intravenous administration of 1 mg/kg in dog,A,N=C(N)NC(=O)c1cnn(-c2cccc3ncccc23)c1C1CC1,40.0,mL.min-1.kg-1,species_only_dog
141163,CHEMBL875942,CHEMBL117983,CL,mL.min-1.kg-1,=,0.5,CHEMBL373,Canis lupus familiaris,Plasma clearance in dog after administration of 1 mg/kg iv,A,CN1CCN(S(=O)(=O)c2ccc3[nH]c(-c4cc5ccccc5nc4O)cc3c2)CC1,0.5,mL.min-1.kg-1,species_only_dog
173074,CHEMBL621586,CHEMBL129059,CL,mL.min-1.kg-1,=,79.0,CHEMBL373,Canis lupus familiaris,The compound was tested for clearance in dog plasma.,A,Cc1cc(OCC/C=N/N=C(N)N)cc(OS(=O)(=O)c2ccccc2C#N)c1,79.0,mL.min-1.kg-1,species_only_dog
177883,CHEMBL624528,CHEMBL558367,CL,mL.min-1.kg-1,=,28.0,CHEMBL373,Canis lupus familiaris,Plasma clearance at the dose of 2 mg/kg in dog,A,CC(C)[C@@H]1C(=O)N(S(C)(=O)=O)[C@@H]2CN(C(=O)/C=C/CN3CCCCC3)C[C@H]21.Cl,28.0,mL.min-1.kg-1,species_only_dog
180448,CHEMBL621586,CHEMBL338444,CL,mL.min-1.kg-1,=,39.0,CHEMBL373,Canis lupus familiaris,The compound was tested for clearance in dog plasma.,A,Cc1cc(OCC/C=N/N=C(N)N)cc(OS(=O)(=O)c2ccccc2Cl)c1,39.0,mL.min-1.kg-1,species_only_dog
203511,CHEMBL622781,CHEMBL78671,CL,mL.min-1.kg-1,=,18.33,CHEMBL373,Canis lupus familiaris,Clearance value was evaluated in dog plasma,A,O=C1N(Cc2ccc3[nH]ncc3c2)[C@H](Cc2ccccc2)[C@H](O)[C@@H](O)[C@@H](Cc2ccccc2)N1Cc1ccc2[nH]ncc2c1,18.33,mL.min-1.kg-1,species_only_dog
224642,CHEMBL641602,CHEMBL154680,CL,mL.min-1.kg-1,=,1.667,CHEMBL373,Canis lupus familiaris,Clearance in intravenously dosed Beagle dogs.,A,NCc1cccc(-n2nc(C(F)(F)F)cc2C(=O)Nc2ccc(-c3ccccc3S(N)(=O)=O)cc2F)c1,1.667,mL.min-1.kg-1,species_only_dog
227258,CHEMBL641602,CHEMBL153946,CL,mL.min-1.kg-1,=,7.333,CHEMBL373,Canis lupus familiaris,Clearance in intravenously dosed Beagle dogs.,A,CS(=O)(=O)c1ccccc1-c1ccc(NC(=O)c2cc(C(F)(F)F)nn2-c2cccc(CN)c2)cc1,7.333,mL.min-1.kg-1,species_only_dog
228919,CHEMBL621593,CHEMBL48192,CL,mL.min-1.kg-1,=,36.8,CHEMBL373,Canis lupus familiaris,Clearance rate in dog,A,Cc1cc(-c2c(O)nc3cc(Cl)c(C(=O)Nc4ccncn4)cc3c2OCC[C@@H]2CCCCN2)cc(C)c1C,36.8,mL.min-1.kg-1,species_only_dog
229685,CHEMBL641602,CHEMBL346857,CL,mL.min-1.kg-1,=,5.5,CHEMBL373,Canis lupus familiaris,Clearance in intravenously dosed Beagle dogs.,A,N=C(N)c1cccc(-n2nc(C(F)(F)F)cc2C(=O)Nc2ncc(-c3ccccc3S(N)(=O)=O)cn2)c1,5.5,mL.min-1.kg-1,species_only_dog
234819,CHEMBL641602,CHEMBL422351,CL,mL.min-1.kg-1,=,35.0,CHEMBL373,Canis lupus familiaris,Clearance in intravenously dosed Beagle dogs.,A,Cc1cc(C(=O)Nc2ccc(-c3ccccc3S(C)(=O)=O)cc2F)n(-c2cccc(CN)c2)n1,35.0,mL.min-1.kg-1,species_only_dog
240199,CHEMBL641602,CHEMBL358835,CL,mL.min-1.kg-1,=,18.33,CHEMBL373,Canis lupus familiaris,Clearance in intravenously dosed Beagle dogs.,A,CS(=O)(=O)c1ccccc1-c1ccc(NC(=O)c2cc(C(F)(F)F)nn2-c2cccc(C(=N)N)c2)c(F)c1,18.33,mL.min-1.kg-1,species_only_dog
241515,CHEMBL641602,CHEMBL421808,CL,mL.min-1.kg-1,=,6.0,CHEMBL373,Canis lupus familiaris,Clearance in intravenously dosed Beagle dogs.,A,Cc1cc(C(=O)Nc2ncc(-c3ccccc3S(N)(=O)=O)cn2)n(-c2cccc(C(=N)N)c2)n1,6.0,mL.min-1.kg-1,species_only_dog
242858,CHEMBL641602,CHEMBL156775,CL,mL.min-1.kg-1,=,16.33,CHEMBL373,Canis lupus familiaris,Clearance in intravenously dosed Beagle dogs.,A,Cc1cc(C(=O)Nc2ccc(-c3ccccc3S(C)(=O)=O)cc2)n(-c2cccc(CN)c2)n1,16.33,mL.min-1.kg-1,species_only_dog
244208,CHEMBL641602,CHEMBL154322,CL,mL.min-1.kg-1,=,12.67,CHEMBL373,Canis lupus familiaris,Clearance in intravenously dosed Beagle dogs.,A,Cc1cc(C(=O)Nc2ccc(-c3ccccc3S(N)(=O)=O)cn2)n(-c2cccc(C(=N)N)c2)n1,12.67,mL.min-1.kg-1,species_only_dog
245575,CHEMBL641602,CHEMBL154512,CL,mL.min-1.kg-1,=,7.833,CHEMBL373,Canis lupus familiaris,Clearance in intravenously dosed Beagle dogs.,A,Cc1cc(C(=O)Nc2ccc(-c3ccccc3C(F)(F)F)cc2)n(-c2cccc(C(=N)N)c2)n1,7.833,mL.min-1.kg-1,species_only_dog
247004,CHEMBL621389,CHEMBL81521,CL,mL.min-1.kg-1,=,6.4,CHEMBL373,Canis lupus familiaris,Plasma clearance in Beagle dogs after intravenous administration at a dose of 10 mg/kg,A,CN(C1CCCCC1)[C@@H](CC(=O)O)C(=O)N1CCCC[C@H]1CCOC1CCN(C(=N)N)CC1,6.4,mL.min-1.kg-1,species_only_dog
247014,CHEMBL635506,CHEMBL84026,CL,mL.min-1.kg-1,=,6.9,CHEMBL373,Canis lupus familiaris,Plasma clearance in Beagle dogs after intravenous administration at a dose of 1 mg/kg,A,CC1=CCN(C(=O)[C@H](Cc2cccc(C(=N)N)c2)NS(=O)(=O)c2ccc3c(c2)CCN(C)CC3)[C@@H](C(=O)O)C1,6.9,mL.min-1.kg-1,species_only_dog
252401,CHEMBL641602,CHEMBL154504,CL,mL.min-1.kg-1,=,12.5,CHEMBL373,Canis lupus familiaris,Clearance in intravenously dosed Beagle dogs.,A,NCc1cccc(-n2nc(C(F)(F)F)cc2C(=O)Nc2ccc(-c3ccccc3S(N)(=O)=O)cc2)c1,12.5,mL.min-1.kg-1,species_only_dog
256109,CHEMBL624471,CHEMBL132589,CL,mL.min-1.kg-1,=,1.09,CHEMBL373,Canis lupus familiaris,Pharmacokinetic property (CLtot) was measured in dog at the dose of 0.032 mg/kg i.v.,A,O=C([O-])COc1cccc(C[C@@H]2CCCC=C2c2nc(-c3ccccc3)c(-c3ccccc3)o2)c1.[Na+],1.09,mL.min-1.kg-1,species_only_dog
256384,CHEMBL641602,CHEMBL134736,CL,mL.min-1.kg-1,=,7.167,CHEMBL373,Canis lupus familiaris,Clearance in intravenously dosed Beagle dogs.,A,Cc1cc(C(=O)Nc2ccc(-c3ccccc3S(N)(=O)=O)cc2)n(-c2cccc(CN)c2)n1,7.167,mL.min-1.kg-1,species_only_dog
256871,CHEMBL621593,CHEMBL298937,CL,mL.min-1.kg-1,=,21.6,CHEMBL373,Canis lupus familiaris,Clearance rate in dog,A,Cc1cc(-c2c(O)nc3cc(Cl)c(C(=O)Nc4ccncn4)cc3c2OCC[C@@H]2CCCC(C(F)(F)F)N2)cc(C)c1C,21.6,mL.min-1.kg-1,species_only_dog
260464,CHEMBL641602,CHEMBL559015,CL,mL.min-1.kg-1,=,4.0,CHEMBL373,Canis lupus familiaris,Clearance in intravenously dosed Beagle dogs.,A,CS(=O)(=O)c1ccccc1-c1ccc(NC(=O)c2cc(C(F)(F)F)nn2-c2cccc(CN)c2)c(F)c1.Cl,4.0,mL.min-1.kg-1,species_only_dog
263092,CHEMBL641602,CHEMBL152854,CL,mL.min-1.kg-1,=,11.17,CHEMBL373,Canis lupus familiaris,Clearance in intravenously dosed Beagle dogs.,A,Cc1cc(C(=O)Nc2ccc(-c3ccccc3S(N)(=O)=O)cc2)n(-c2cccc(C(=N)N)c2)n1.O=C(O)C(F)(F)F,11.17,mL.min-1.kg-1,species_only_dog
264481,CHEMBL641602,CHEMBL154572,CL,mL.min-1.kg-1,=,5.0,CHEMBL373,Canis lupus familiaris,Clearance in intravenously dosed Beagle dogs.,A,Cc1cc(C(=O)Nc2ccc(-c3ccccc3S(N)(=O)=O)cc2F)n(-c2cccc(CN)c2)n1,5.0,mL.min-1.kg-1,species_only_dog
274861,CHEMBL624534,CHEMBL174304,CL,mL.min-1.kg-1,=,3.5,CHEMBL373,Canis lupus familiaris,Plasma clearance in dog (dosed at 0.5 mpk iv and 2.0 mpk orally),A,CCn1nc(Cc2ccccc2)cc1C1CCN(C[C@H]2CN([C@@H](C(=O)O)C(C)C)C[C@@H]2c2cccc(F)c2)CC1,3.5,mL.min-1.kg-1,species_only_dog
282269,CHEMBL624534,CHEMBL172854,CL,mL.min-1.kg-1,=,13.0,CHEMBL373,Canis lupus familiaris,Plasma clearance in dog (dosed at 0.5 mpk iv and 2.0 mpk orally),A,CCn1nc(Cc2ccccc2)cc1C1CCN(C[C@H]2CN([C@@H](C(=O)O)C(C)(C)C)C[C@@H]2c2cccc(F)c2)CC1,13.0,mL.min-1.kg-1,species_only_dog
304805,CHEMBL622783,CHEMBL285820,CL,mL.min-1.kg-1,=,11.0,CHEMBL373,Canis lupus familiaris,Compound was tested for plasma clearance in dog,A,Cn1ncc2c(=O)n(CC(=O)NCc3cc4cc(C(=O)N5CCC(N6C(=O)OCc7ccccc76)CC5)ccc4o3)cnc21,11.0,mL.min-1.kg-1,species_only_dog
310098,CHEMBL622783,CHEMBL286895,CL,mL.min-1.kg-1,=,11.0,CHEMBL373,Canis lupus familiaris,Compound was tested for plasma clearance in dog,A,O=C(Cn1ccc(N2CCOCC2)nc1=O)NCc1cc2cc(C(=O)N3CCC(N4C(=O)OCc5ccccc54)CC3)ccc2o1,11.0,mL.min-1.kg-1,species_only_dog
314099,CHEMBL622783,CHEMBL281044,CL,mL.min-1.kg-1,=,6.0,CHEMBL373,Canis lupus familiaris,Compound was tested for plasma clearance in dog,A,O=C(Cn1ccc2ccccc2c1=O)NCc1cc2cc(C(=O)N3CCC(N4C(=O)OCc5ccccc54)CC3)ccc2o1,6.0,mL.min-1.kg-1,species_only_dog
316464,CHEMBL622783,CHEMBL281243,CL,mL.min-1.kg-1,=,19.0,CHEMBL373,Canis lupus familiaris,Compound was tested for plasma clearance in dog,A,COc1cccn(CC(=O)NCc2cc3cc(C(=O)N4CCC(N5C(=O)OCc6ccccc65)CC4)ccc3o2)c1=O,19.0,mL.min-1.kg-1,species_only_dog
316964,CHEMBL634506,CHEMBL281872,CL,mL.min-1.kg-1,=,8.333,CHEMBL373,Canis lupus familiaris,"Pharmacokinetic parameters in dog, and clearance value reported after oral administration of 50 mg/Kg. ",A,COc1cc2c(Nc3ccc(Br)cc3F)ncnc2cc1OCCn1ccnn1,8.333,mL.min-1.kg-1,species_only_dog
317775,CHEMBL621585,CHEMBL31065,CL,mL.min-1.kg-1,=,8.0,CHEMBL373,Canis lupus familiaris,Tested for plasma clearance in dog,A,O=C(Cn1cc(C(F)(F)F)ccc1=O)NCc1cc2cc(C(=O)N3CCC(N4C(=O)OCc5ccccc54)CC3)ccc2o1,8.0,mL.min-1.kg-1,species_only_dog
318970,CHEMBL622783,CHEMBL287325,CL,mL.min-1.kg-1,=,34.0,CHEMBL373,Canis lupus familiaris,Compound was tested for plasma clearance in dog,A,O=C(Cn1ccccc1=O)NCc1cc2cc(C(=O)N3CCC(N4C(=O)OCc5ccccc54)CC3)ccc2o1,34.0,mL.min-1.kg-1,species_only_dog
322768,CHEMBL622783,CHEMBL30510,CL,mL.min-1.kg-1,=,9.0,CHEMBL373,Canis lupus familiaris,Compound was tested for plasma clearance in dog,A,O=C(Cn1ccc(-c2ccccc2)nc1=O)NCc1cc2cc(C(=O)N3CCC(N4C(=O)OCc5ccccc54)CC3)ccc2o1,9.0,mL.min-1.kg-1,species_only_dog
325138,CHEMBL622783,CHEMBL24781,CL,mL.min-1.kg-1,=,13.0,CHEMBL373,Canis lupus familiaris,Compound was tested for plasma clearance in dog,A,COc1cc(OC2CCN(C(C)=O)CC2)ccc1C(=O)N1CCC(N2C(=O)OCc3ccccc32)CC1,13.0,mL.min-1.kg-1,species_only_dog
339599,CHEMBL622782,CHEMBL136564,CL,mL.min-1.kg-1,=,8.8,CHEMBL373,Canis lupus familiaris,Clearance was evaluated after i.v. administration in dog at a dose of 1 mg/kg,A,CCNC(=O)N[C@@H]1CCN(c2cccc3c2CCO3)C1,8.8,mL.min-1.kg-1,species_only_dog
342139,CHEMBL621585,CHEMBL283894,CL,mL.min-1.kg-1,=,12.0,CHEMBL373,Canis lupus familiaris,Tested for plasma clearance in dog,A,CCOc1ccn(CC(=O)NCc2cc3cc(C(=O)N4CCC(N5C(=O)OCc6ccccc65)CC4)ccc3o2)c(=O)n1,12.0,mL.min-1.kg-1,species_only_dog
343225,CHEMBL622783,CHEMBL32404,CL,mL.min-1.kg-1,=,6.0,CHEMBL373,Canis lupus familiaris,Compound was tested for plasma clearance in dog,A,O=C(Cn1cnc(C(F)(F)F)cc1=O)NCc1cc2cc(C(=O)N3CCC(N4C(=O)OCc5ccccc54)CC3)ccc2o1,6.0,mL.min-1.kg-1,species_only_dog
345899,CHEMBL621590,CHEMBL267438,CL,mL.min-1.kg-1,=,7.167,CHEMBL373,Canis lupus familiaris,Pharmacokinetic profile in terms of clearance was determined at a dose of 0.5 mg/kg administered intravenously in dog,A,NC(=O)NCC1(C(=O)Nc2ccc(-c3ccccc3S(N)(=O)=O)cn2)CC(c2ccc(Cl)c(N)c2)=NO1,7.167,mL.min-1.kg-1,species_only_dog
348662,CHEMBL624525,CHEMBL93851,CL,mL.min-1.kg-1,=,20.2,CHEMBL373,Canis lupus familiaris,Plasma clearance in dog after 2 mg/kg by oral and 0.5 mg/kg by intravenous administration,A,CCN(C(=O)OCc1ccccc1)C1CCN(C[C@H]2CN(C(=O)c3ccccc3Cl)C[C@@H]2c2ccccc2)CC1,20.2,mL.min-1.kg-1,species_only_dog
349907,CHEMBL621590,CHEMBL7626,CL,mL.min-1.kg-1,=,8.833,CHEMBL373,Canis lupus familiaris,Pharmacokinetic profile in terms of clearance was determined at a dose of 0.5 mg/kg administered intravenously in dog,A,CS(=O)(=O)NCC1(C(=O)Nc2ccc(-c3ccccc3S(N)(=O)=O)cn2)CC(c2ccc(Cl)c(N)c2)=NO1,8.833,mL.min-1.kg-1,species_only_dog
362559,CHEMBL624525,CHEMBL93139,CL,mL.min-1.kg-1,=,24.0,CHEMBL373,Canis lupus familiaris,Plasma clearance in dog after 2 mg/kg by oral and 0.5 mg/kg by intravenous administration,A,C=CCN(C(=O)OCc1ccc([N+](=O)[O-])cc1)C1CCN(CC[C@](C)(CN(C)S(=O)(=O)c2ccccc2)c2ccccc2)CC1,24.0,mL.min-1.kg-1,species_only_dog
378266,CHEMBL621591,CHEMBL7651,CL,mL.min-1.kg-1,=,22.0,CHEMBL373,Canis lupus familiaris,Pharmacokinetic profile in terms of clearance was determined at a dose of 5 mg/kg administered intravenously in dog,A,N=C(N)c1cccc(C2=NOC(Cn3cnnn3)(C(=O)Nc3ccc(-c4ccccc4S(N)(=O)=O)cn3)C2)c1,22.0,mL.min-1.kg-1,species_only_dog
416654,CHEMBL623456,CHEMBL442263,CL,mL.min-1.kg-1,=,5.167,CHEMBL373,Canis lupus familiaris,Compound was evaluated for the clearance in dog,A,COc1cc(C(=O)NS(=O)(=O)c2ccccc2C)ccc1Cc1cn(C)c2ccc(C(=O)NC[C@H](C)CC(F)(F)F)cc12,5.167,mL.min-1.kg-1,species_only_dog
435175,CHEMBL625971,CHEMBL133292,CL,mL.min-1.kg-1,=,8.333,CHEMBL373,Canis lupus familiaris,"Clearance of compound (5 mg/kg, intravenously), in dog plasma",A,Nc1cccc(CN2C(=O)N(Cc3cccc(C(=O)Nc4ncc[nH]4)c3)[C@H](Cc3ccccc3)[C@H](O)[C@@H](O)[C@H]2Cc2ccccc2)c1,8.333,mL.min-1.kg-1,species_only_dog
440029,CHEMBL624530,CHEMBL43455,CL,mL.min-1.kg-1,=,16.67,CHEMBL373,Canis lupus familiaris,Plasma clearance in dog,A,COc1cccc(-c2cc(C#N)ccc2COC(c2ccc(C#N)cc2)c2cncn2C)c1,16.67,mL.min-1.kg-1,species_only_dog
441301,CHEMBL624530,CHEMBL157782,CL,mL.min-1.kg-1,=,7.333,CHEMBL373,Canis lupus familiaris,Plasma clearance in dog,A,Cn1cncc1C(OCc1ccc(C#N)cc1-c1ccc(OC(F)(F)F)cc1)c1ccc(C#N)cc1,7.333,mL.min-1.kg-1,species_only_dog
444022,CHEMBL624530,CHEMBL160619,CL,mL.min-1.kg-1,=,8.0,CHEMBL373,Canis lupus familiaris,Plasma clearance in dog,A,Cn1cncc1C(OCc1ccc(C#N)cc1-c1cccc(Cl)c1)c1ccc(C#N)c(F)c1,8.0,mL.min-1.kg-1,species_only_dog
445829,CHEMBL625972,CHEMBL262642,CL,mL.min-1.kg-1,=,46.67,CHEMBL373,Canis lupus familiaris,Clearance of compound in dog plasma,A,O=C(Nc1cnccn1)c1cccc(CN2C(=O)N(Cc3cccc(C(=O)Nc4cnccn4)c3)[C@H](Cc3ccccc3)[C@H](O)[C@@H](O)[C@H]2Cc2ccccc2)c1,46.67,mL.min-1.kg-1,species_only_dog
454637,CHEMBL624530,CHEMBL160562,CL,mL.min-1.kg-1,=,12.17,CHEMBL373,Canis lupus familiaris,Plasma clearance in dog,A,COc1ccc(-c2cc(C#N)ccc2COC(c2ccc(C#N)cc2)c2cncn2C)cc1,12.17,mL.min-1.kg-1,species_only_dog
454644,CHEMBL624530,CHEMBL346290,CL,mL.min-1.kg-1,=,31.17,CHEMBL373,Canis lupus familiaris,Plasma clearance in dog,A,Cc1ncc(C(OCc2ccc(C#N)cc2-c2ccc3c(c2)OCO3)c2ccc(C#N)cc2)n1C,31.17,mL.min-1.kg-1,species_only_dog
456345,CHEMBL625976,CHEMBL223824,CL,mL.min-1.kg-1,=,3.333,CHEMBL373,Canis lupus familiaris,"Clearance (10 mg/kg, intravenously) in dog plasma",A,Nc1cccc(CN2C(=O)N(Cc3cccc(N)c3)[C@H](Cc3ccccc3)[C@H](O)[C@@H](O)[C@H]2Cc2ccccc2)c1,3.333,mL.min-1.kg-1,species_only_dog
457193,CHEMBL624530,CHEMBL435247,CL,mL.min-1.kg-1,=,16.67,CHEMBL373,Canis lupus familiaris,Plasma clearance in dog,A,CCOc1cccc(-c2cc(C#N)ccc2COC(c2ccc(C#N)cc2)c2cncn2C)c1,16.67,mL.min-1.kg-1,species_only_dog
457710,CHEMBL625972,CHEMBL81383,CL,mL.min-1.kg-1,=,70.0,CHEMBL373,Canis lupus familiaris,Clearance of compound in dog plasma,A,O=C(Nc1ccccn1)c1cccc(CN2C(=O)N(Cc3cccc(C(=O)Nc4ccccn4)c3)[C@H](Cc3ccccc3)[C@H](O)[C@@H](O)[C@H]2Cc2ccccc2)c1,70.0,mL.min-1.kg-1,species_only_dog
459783,CHEMBL624530,CHEMBL352237,CL,mL.min-1.kg-1,=,3.167,CHEMBL373,Canis lupus familiaris,Plasma clearance in dog,A,Cn1cncc1C(OCc1ccc(C#N)cc1C(=O)Nc1ccccc1)c1ccc(C#N)cc1,3.167,mL.min-1.kg-1,species_only_dog
464905,CHEMBL624530,CHEMBL158139,CL,mL.min-1.kg-1,=,10.0,CHEMBL373,Canis lupus familiaris,Plasma clearance in dog,A,Cn1cncc1C(OCc1ccc(C#N)cc1-c1ccc2c(c1)OCO2)c1ccc(C#N)cc1,10.0,mL.min-1.kg-1,species_only_dog
466322,CHEMBL624530,CHEMBL158553,CL,mL.min-1.kg-1,=,6.667,CHEMBL373,Canis lupus familiaris,Plasma clearance in dog,A,Cn1cncc1C(OCc1ccc(C#N)cc1-c1cccc(Cl)c1)c1ccc(C#N)cc1,6.667,mL.min-1.kg-1,species_only_dog
466329,CHEMBL624530,CHEMBL156523,CL,mL.min-1.kg-1,=,5.167,CHEMBL373,Canis lupus familiaris,Plasma clearance in dog,A,Cn1cncc1C(OCc1ccc(C#N)cc1-c1ccc2c(c1)OC(F)(F)O2)c1ccc(C#N)cc1,5.167,mL.min-1.kg-1,species_only_dog
470461,CHEMBL624530,CHEMBL160563,CL,mL.min-1.kg-1,=,8.5,CHEMBL373,Canis lupus familiaris,Plasma clearance in dog,A,COCc1cccc(-c2cc(C#N)ccc2COC(c2ccc(C#N)cc2)c2cncn2C)c1,8.5,mL.min-1.kg-1,species_only_dog
476230,CHEMBL622779,CHEMBL68553,CL,mL.min-1.kg-1,=,10.0,CHEMBL373,Canis lupus familiaris,Clearance by intravenous administration of 1.2 mg/kg in dog,A,CC(C)C[C@@H](C(=O)N[C@H](C(=O)Nc1nccs1)C(C)(C)C)[C@H](C)N(O)C=O,10.0,mL.min-1.kg-1,species_only_dog
513650,CHEMBL621587,CHEMBL352099,CL,mL.min-1.kg-1,=,28.33,CHEMBL373,Canis lupus familiaris,Clearance value of compound was determined after intravenous administration of 1 mg/kg/h in dog,A,COCc1onc(-c2cccc(C(=N)N)c2)c1C(=O)Nc1ccc(-c2ccccc2S(N)(=O)=O)cc1,28.33,mL.min-1.kg-1,species_only_dog
517488,CHEMBL621587,CHEMBL351688,CL,mL.min-1.kg-1,=,16.5,CHEMBL373,Canis lupus familiaris,Clearance value of compound was determined after intravenous administration of 1 mg/kg/h in dog,A,COC[C@H]1ON=C(c2cccc(C(=N)N)c2)[C@@H]1C(=O)Nc1ccc(-c2ccccc2S(N)(=O)=O)cc1,16.5,mL.min-1.kg-1,species_only_dog
522241,CHEMBL624446,CHEMBL121892,CL,mL.min-1.kg-1,=,7.8,CHEMBL373,Canis lupus familiaris,Clearance on i.v. administration of 2 mg/kg was measured in dog,A,Cc1cc(OCCCON=C(N)N)cc(C(=O)N(Cc2ccoc2)CC2CC2)c1,7.8,mL.min-1.kg-1,species_only_dog
530221,CHEMBL624446,CHEMBL421081,CL,mL.min-1.kg-1,=,5.7,CHEMBL373,Canis lupus familiaris,Clearance on i.v. administration of 2 mg/kg was measured in dog,A,Cc1cc(OCC2(CON=C(N)N)CC2)cc(C(=O)N(Cc2ccoc2)CC2CC2)c1,5.7,mL.min-1.kg-1,species_only_dog
530630,CHEMBL624542,CHEMBL294708,CL,mL.min-1.kg-1,=,32.0,CHEMBL373,Canis lupus familiaris,Plasma clearance was determined in Beagle dog at a dose of 1 mg/kg by iv administration,A,C[C@@]1(C(=O)N[C@@H](Cc2ccc(NC(=O)c3c(Cl)ccnc3Cl)cc2)C(=O)O)CCCN1S(=O)(=O)c1cc(Cl)cc(Cl)c1,32.0,mL.min-1.kg-1,species_only_dog
530738,CHEMBL621601,CHEMBL29657,CL,mL.min-1.kg-1,=,4.91,CHEMBL373,Canis lupus familiaris,Plasma clearance (pharmacokinetic parameter) in dog was determined,A,O=C(Cn1c(Cl)cnc(NCC(F)(F)c2cccc[n+]2[O-])c1=O)NCc1ncccc1F,4.91,mL.min-1.kg-1,species_only_dog
532071,CHEMBL621601,CHEMBL30054,CL,mL.min-1.kg-1,=,2.2,CHEMBL373,Canis lupus familiaris,Plasma clearance (pharmacokinetic parameter) in dog was determined,A,O=C(Cn1c(Cl)cnc(NCC(F)(F)c2ccccn2)c1=O)NCc1ncccc1F,2.2,mL.min-1.kg-1,species_only_dog
532883,CHEMBL624446,CHEMBL121396,CL,mL.min-1.kg-1,=,4.2,CHEMBL373,Canis lupus familiaris,Clearance on i.v. administration of 2 mg/kg was measured in dog,A,CCCN(Cc1ccoc1)C(=O)c1cc(C)cc(OCC2(CON=C(N)N)CC2)c1,4.2,mL.min-1.kg-1,species_only_dog
533381,CHEMBL621601,CHEMBL29019,CL,mL.min-1.kg-1,=,3.03,CHEMBL373,Canis lupus familiaris,Plasma clearance (pharmacokinetic parameter) in dog was determined,A,O=C(Cn1c(Cl)cnc(NCC(F)(F)c2cccc[n+]2[O-])c1=O)NCc1ncccc1Cl,3.03,mL.min-1.kg-1,species_only_dog
537448,CHEMBL621587,CHEMBL347838,CL,mL.min-1.kg-1,=,8.167,CHEMBL373,Canis lupus familiaris,Clearance value of compound was determined after intravenous administration of 1 mg/kg/h in dog,A,N=C(N)c1cccc(C2=NO[C@H](Cn3cnnn3)[C@H]2C(=O)Nc2ccc(-c3ccccc3S(N)(=O)=O)cc2)c1,8.167,mL.min-1.kg-1,species_only_dog
544657,CHEMBL624446,CHEMBL341539,CL,mL.min-1.kg-1,=,10.1,CHEMBL373,Canis lupus familiaris,Clearance on i.v. administration of 2 mg/kg was measured in dog,A,CCCN(Cc1ccoc1)C(=O)c1cc(C)cc(OCCCON=C(N)N)c1,10.1,mL.min-1.kg-1,species_only_dog
545136,CHEMBL621600,CHEMBL282837,CL,mL.min-1.kg-1,=,1.55,CHEMBL373,Canis lupus familiaris,Plasma clearance (pharmacokinetic parameter) in dog (in vivo) at a dose of 1 mg/kg,A,O=C(Cn1c(Cl)cnc(NCC(F)(F)c2cccc[n+]2[O-])c1=O)NCc1ccccc1F,1.55,mL.min-1.kg-1,species_only_dog
545165,CHEMBL621587,CHEMBL140072,CL,mL.min-1.kg-1,=,25.0,CHEMBL373,Canis lupus familiaris,Clearance value of compound was determined after intravenous administration of 1 mg/kg/h in dog,A,N=C(N)c1cccc(-c2nocc2C(=O)Nc2ccc(-c3ccccc3S(N)(=O)=O)cc2)c1,25.0,mL.min-1.kg-1,species_only_dog
546515,CHEMBL624464,CHEMBL27979,CL,mL.min-1.kg-1,=,10.0,CHEMBL373,Canis lupus familiaris,Plasma clearance after oral administration (2.5 mg/kg) in dog was determined,A,C[C@H]1CC[C@H](C)N1CCCOc1ccc(-c2ccc(C(=O)N3CCOCC3)cc2)cc1,10.0,mL.min-1.kg-1,species_only_dog
548180,CHEMBL625475,CHEMBL424204,CL,mL.min-1.kg-1,=,21.67,CHEMBL373,Canis lupus familiaris,The clearance was measured in dog at dose 5 mg/kg after intravenous administration.,A,CCN(c1nc(C)nc(N2CCOCC2)n1)c1c(Br)cc(OC)cc1OC,21.67,mL.min-1.kg-1,species_only_dog
550846,CHEMBL624446,CHEMBL123226,CL,mL.min-1.kg-1,=,11.2,CHEMBL373,Canis lupus familiaris,Clearance on i.v. administration of 2 mg/kg was measured in dog,A,C=CCN(C(=O)c1cc(C)cc(OCCCON=C(N)N)c1)C1CCCC1,11.2,mL.min-1.kg-1,species_only_dog
559771,CHEMBL624453,CHEMBL111026,CL,mL.min-1.kg-1,=,17.0,CHEMBL373,Canis lupus familiaris,Plasma clearance was determined in canine following intravenous (iv) administration of drug (1 mg/kg).,A,CN1N=C2CCN(C(=O)[C@@H](COCc3ccc(F)c(F)c3)NC(=O)C(C)(C)N)CC2(Cc2ccccc2)C1=O,17.0,mL.min-1.kg-1,species_only_dog
560791,CHEMBL624453,CHEMBL109980,CL,mL.min-1.kg-1,=,5.3,CHEMBL373,Canis lupus familiaris,Plasma clearance was determined in canine following intravenous (iv) administration of drug (1 mg/kg).,A,CC(C)(N)C(=O)N[C@H](COCc1ccc(F)cc1F)C(=O)N1CCC2=NN(CC(F)(F)F)C(=O)[C@]2(Cc2ccccn2)C1,5.3,mL.min-1.kg-1,species_only_dog
565391,CHEMBL624453,CHEMBL326991,CL,mL.min-1.kg-1,=,13.0,CHEMBL373,Canis lupus familiaris,Plasma clearance was determined in canine following intravenous (iv) administration of drug (1 mg/kg).,A,CC(C)(N)C(=O)N[C@H](COCc1ccccc1)C(=O)N1CCC2=NN(C(C)(C)C)C(=O)C2(Cc2ccccc2)C1,13.0,mL.min-1.kg-1,species_only_dog
567778,CHEMBL624453,CHEMBL113313,CL,mL.min-1.kg-1,=,19.0,CHEMBL373,Canis lupus familiaris,Plasma clearance was determined in canine following intravenous (iv) administration of drug (1 mg/kg).,A,CN1N=C2CCN(C(=O)[C@@H](COCc3ccccc3)NC(=O)C(C)(C)N)C[C@@]2(Cc2ccccc2)C1=O,19.0,mL.min-1.kg-1,species_only_dog
587637,CHEMBL624453,CHEMBL331801,CL,mL.min-1.kg-1,=,19.0,CHEMBL373,Canis lupus familiaris,Plasma clearance was determined in canine following intravenous (iv) administration of drug (1 mg/kg).,A,CC(C)(N)C(=O)N[C@H](COCc1ccc(F)c(F)c1)C(=O)N1CCC2=NN(C(C)(C)C)C(=O)C2(Cc2ccccc2)C1,19.0,mL.min-1.kg-1,species_only_dog
591541,CHEMBL624453,CHEMBL325062,CL,mL.min-1.kg-1,=,13.0,CHEMBL373,Canis lupus familiaris,Plasma clearance was determined in canine following intravenous (iv) administration of drug (1 mg/kg).,A,CC(C)(N)C(=O)N[C@H](COCc1ccc(F)c(F)c1)C(=O)N1CCC2=NN(CC(F)(F)F)C(=O)C2(Cc2ccccc2)C1,13.0,mL.min-1.kg-1,species_only_dog
599464,CHEMBL635283,CHEMBL136986,CL,mL.min-1.kg-1,=,50.0,CHEMBL373,Canis lupus familiaris,plasma clearance in dog,A,N=C(N)c1ccc2[nH]cc(CC(=O)Nc3ccc(-c4ccccc4S(N)(=O)=O)cc3Cl)c2c1,50.0,mL.min-1.kg-1,species_only_dog
603144,CHEMBL635283,CHEMBL136215,CL,mL.min-1.kg-1,=,18.33,CHEMBL373,Canis lupus familiaris,plasma clearance in dog,A,N=C(N)c1ccc2[nH]cc(CC(=O)Nc3ccc(-c4ccccc4S(N)(=O)=O)cc3F)c2c1,18.33,mL.min-1.kg-1,species_only_dog
612887,CHEMBL635283,CHEMBL336661,CL,mL.min-1.kg-1,=,22.33,CHEMBL373,Canis lupus familiaris,plasma clearance in dog,A,N=C(N)c1ccc2[nH]cc(CC(=O)Nc3ccc(-c4ccccc4S(N)(=O)=O)cc3Br)c2c1,22.33,mL.min-1.kg-1,species_only_dog
617065,CHEMBL641603,CHEMBL317935,CL,mL.min-1.kg-1,=,12.7,CHEMBL373,Canis lupus familiaris,"Clearance rate determined at 1 mg/kg, iv, in dog",A,C[C@H](NC(=O)/C=C/c1ccccc1)c1cccc(N2CCOCC2)c1,12.7,mL.min-1.kg-1,species_only_dog
619623,CHEMBL635283,CHEMBL136846,CL,mL.min-1.kg-1,=,20.33,CHEMBL373,Canis lupus familiaris,plasma clearance in dog,A,N=C(N)c1ccc2[nH]cc(CC(=O)Nc3ccc(-c4ccccc4S(N)(=O)=O)cc3)c2c1,20.33,mL.min-1.kg-1,species_only_dog
623197,CHEMBL635283,CHEMBL138709,CL,mL.min-1.kg-1,=,61.67,CHEMBL373,Canis lupus familiaris,plasma clearance in dog,A,N=C(N)c1ccc2[nH]cc(CC(=O)Nc3ccc(-c4ccccc4S(N)(=O)=O)cn3)c2c1,61.67,mL.min-1.kg-1,species_only_dog
633534,CHEMBL624448,CHEMBL145085,CL,mL.min-1.kg-1,=,6.4,CHEMBL373,Canis lupus familiaris,Plasma clearance in dog was determined,A,COc1ccc([C@H](CC(=O)O)N2CCN(CCCc3ccc4c(n3)NCCC4)C2=O)cn1,6.4,mL.min-1.kg-1,species_only_dog
641535,CHEMBL622784,CHEMBL30432,CL,mL.min-1.kg-1,=,34.0,CHEMBL373,Canis lupus familiaris,Pharmacokinetic property (Plasma clearance) was measured in dog,A,CN(C)c1cc2c(Nc3ccc4c(cnn4Cc4ccccc4)c3)ncnc2cn1,34.0,mL.min-1.kg-1,species_only_dog
643223,CHEMBL636281,CHEMBL135339,CL,mL.min-1.kg-1,=,2.4,CHEMBL373,Canis lupus familiaris,The total clearance time in dog was determined,A,O=C(C(=O)N1CCN(C(=O)c2ccccc2)CC1)c1c[nH]c2cccc(F)c12,2.4,mL.min-1.kg-1,species_only_dog
654964,CHEMBL624448,CHEMBL343231,CL,mL.min-1.kg-1,=,5.1,CHEMBL373,Canis lupus familiaris,Plasma clearance in dog was determined,A,COc1ccc([C@H](CC(=O)O)N2CCN(CCCc3ccc4c(n3)NCCC4)C2=O)cc1F,5.1,mL.min-1.kg-1,species_only_dog
663617,CHEMBL624448,CHEMBL142194,CL,mL.min-1.kg-1,=,4.1,CHEMBL373,Canis lupus familiaris,Plasma clearance in dog was determined,A,O=C(O)C[C@@H](c1ccc2c(c1)OCC2)N1CCN(CCCc2ccc3c(n2)NCCC3)C1=O,4.1,mL.min-1.kg-1,species_only_dog
667455,CHEMBL624448,CHEMBL145095,CL,mL.min-1.kg-1,=,70.0,CHEMBL373,Canis lupus familiaris,Plasma clearance in dog was determined,A,O=C(O)C[C@@H](c1cccnc1)N1CCN(CCCc2ccc3c(n2)NCCC3)C1=O,70.0,mL.min-1.kg-1,species_only_dog
668822,CHEMBL636281,CHEMBL337301,CL,mL.min-1.kg-1,=,5.2,CHEMBL373,Canis lupus familiaris,The total clearance time in dog was determined,A,COc1ccnc2[nH]cc(C(=O)C(=O)N3CCN(C(=O)c4ccccc4)C[C@H]3C)c12,5.2,mL.min-1.kg-1,species_only_dog
676258,CHEMBL620055,CHEMBL107033,CL,mL.min-1.kg-1,=,11.0,CHEMBL373,Canis lupus familiaris,The compound was tested for plasma clearance in dog at dose of 3-10 mgkg,A,CCCCc1nc(Cl)c(C(=O)NC)n1Cc1ccc2oc(-c3ccccc3-c3nn[nH]n3)c(Br)c2c1,11.0,mL.min-1.kg-1,species_only_dog
677669,CHEMBL625474,CHEMBL6594,CL,mL.min-1.kg-1,=,31.83,CHEMBL373,Canis lupus familiaris,Tested for pharmacokinetic parameter in fasted Beagle dogs (Clearance value of the compound) iv administration.,A,Cc1cc(CCCCCOc2c(Cl)cc(C3=NCCO3)cc2Cl)on1,31.83,mL.min-1.kg-1,species_only_dog
678585,CHEMBL631439,CHEMBL3706622,CL,mL.min-1.kg-1,=,19.0,CHEMBL373,Canis lupus familiaris,Plasma clearance after peroral administration at 10 mpk in dog,A,CC(C)(c1ncc(-c2cnccc2Cl)o1)N1CCN(C[C@@H](O)C[C@@H](Cc2ccccc2)C(=O)N[C@H]2c3ccccc3OC[C@H]2O)[C@H](C(=O)NCC(F)(F)F)C1,19.0,mL.min-1.kg-1,species_only_dog
678718,CHEMBL620055,CHEMBL321059,CL,mL.min-1.kg-1,=,6.0,CHEMBL373,Canis lupus familiaris,The compound was tested for plasma clearance in dog at dose of 3-10 mgkg,A,CCc1nc(C)c(C(=O)O)n1Cc1ccc2oc(-c3ccccc3-c3nn[nH]n3)c(Br)c2c1,6.0,mL.min-1.kg-1,species_only_dog
684136,CHEMBL631439,CHEMBL3706615,CL,mL.min-1.kg-1,=,18.0,CHEMBL373,Canis lupus familiaris,Plasma clearance after peroral administration at 10 mpk in dog,A,COc1cncc(-c2cnc(C(C)(C)N3CCN(C[C@@H](O)C[C@@H](Cc4ccccc4)C(=O)N[C@H]4c5ccccc5OC[C@H]4O)[C@H](C(=O)NCC(F)(F)F)C3)o2)c1,18.0,mL.min-1.kg-1,species_only_dog
686273,CHEMBL625486,CHEMBL277309,CL,mL.min-1.kg-1,=,3.167,CHEMBL373,Canis lupus familiaris,Total plasma clearance value was obtained after intravenous administration of 1.8 mg/kg of drug in male Beagle dogs,A,O=c1c2c(oc(O)c1C(c1cccc(NS(=O)(=O)c3ccc(F)cc3)c1)C1CC1)CCCCCC2,3.167,mL.min-1.kg-1,species_only_dog
689821,CHEMBL625474,CHEMBL29609,CL,mL.min-1.kg-1,=,12.83,CHEMBL373,Canis lupus familiaris,Tested for pharmacokinetic parameter in fasted Beagle dogs (Clearance value of the compound) iv administration.,A,Cc1cc(CCCOc2c(C)cc(-c3noc(C(F)(F)F)n3)cc2C)on1,12.83,mL.min-1.kg-1,species_only_dog
692824,CHEMBL625491,CHEMBL2062136,CL,mL.min-1.kg-1,=,0.7333,CHEMBL373,Canis lupus familiaris,Total plasma clearance value was obtained after intravenous administration of 4.9 mg/kg of drug in male Beagle dogs,A,N#Cc1ccc(S(=O)(=O)Nc2cccc(C(c3c(O)c4c(oc3=O)CCCCCC4)C3CC3)c2)cc1,0.7333,mL.min-1.kg-1,species_only_dog
702865,CHEMBL620054,CHEMBL305544,CL,mL.min-1.kg-1,=,1.6,CHEMBL373,Canis lupus familiaris,The compound was tested for plasma clearance in dog,A,CCc1nc(C2CC2)c(C(N)=O)n1Cc1ccc2oc(-c3ccccc3NS(=O)(=O)C(F)(F)F)c(Br)c2c1,1.6,mL.min-1.kg-1,species_only_dog
704260,CHEMBL620055,CHEMBL304639,CL,mL.min-1.kg-1,=,6.0,CHEMBL373,Canis lupus familiaris,The compound was tested for plasma clearance in dog at dose of 3-10 mgkg,A,CCCCc1nc(Cl)c(C(=O)O)n1Cc1ccc2oc(-c3ccccc3-c3nnn[nH]3)c(Br)c2c1,6.0,mL.min-1.kg-1,species_only_dog
711904,CHEMBL631439,CHEMBL3706613,CL,mL.min-1.kg-1,=,21.0,CHEMBL373,Canis lupus familiaris,Plasma clearance after peroral administration at 10 mpk in dog,A,CC(C)(c1ncc(-c2cccnc2)o1)N1CCN(C[C@@H](O)C[C@@H](Cc2ccccc2)C(=O)N[C@H]2c3ccccc3OC[C@H]2O)[C@H](C(=O)NCC(F)(F)F)C1,21.0,mL.min-1.kg-1,species_only_dog
714555,CHEMBL619609,CHEMBL37637,CL,mL.min-1.kg-1,=,6.9,CHEMBL373,Canis lupus familiaris,Plasma clearance rate by iv administration in dog at a dose of 6 mg/kg,A,Cc1cc(OCCCON=C(N)N)cc(OS(=O)(=O)c2ccccc2S(C)(=O)=O)c1,6.9,mL.min-1.kg-1,species_only_dog
721586,CHEMBL621588,CHEMBL83649,CL,mL.min-1.kg-1,=,2.0,CHEMBL373,Canis lupus familiaris,Compound was tested for its ability of plasma clearance when administered in dog perorally (1 mg/kg) and intravenously (0.2 mg/kg),A,O=C(O)C[C@H](NC(=O)CCCCc1ccc2c(n1)NCCC2)c1cccc(F)c1,2.0,mL.min-1.kg-1,species_only_dog
730107,CHEMBL631428,CHEMBL441225,CL,mL.min-1.kg-1,=,94.0,CHEMBL373,Canis lupus familiaris,Compound was evaluated in vivo for plasma clearance in dog after intravenous dose at 2 mg/Kg,A,COc1ccccc1CN[C@H]1CCCN[C@H]1c1ccccc1,94.0,mL.min-1.kg-1,species_only_dog
730119,CHEMBL631428,CHEMBL356062,CL,mL.min-1.kg-1,=,24.0,CHEMBL373,Canis lupus familiaris,Compound was evaluated in vivo for plasma clearance in dog after intravenous dose at 2 mg/Kg,A,COc1ccc(-n2cnnn2)cc1CN[C@H]1CCCN[C@H]1c1ccccc1,24.0,mL.min-1.kg-1,species_only_dog
731058,CHEMBL621588,CHEMBL315015,CL,mL.min-1.kg-1,=,1.2,CHEMBL373,Canis lupus familiaris,Compound was tested for its ability of plasma clearance when administered in dog perorally (1 mg/kg) and intravenously (0.2 mg/kg),A,O=C(O)C[C@H](NC(=O)CCCCc1ccc2c(n1)NCCC2)c1ccc2c(c1)OCO2,1.2,mL.min-1.kg-1,species_only_dog
731064,CHEMBL621588,CHEMBL83045,CL,mL.min-1.kg-1,=,1.2,CHEMBL373,Canis lupus familiaris,Compound was tested for its ability of plasma clearance when administered in dog perorally (1 mg/kg) and intravenously (0.2 mg/kg),A,O=C(O)C[C@H](NC(=O)CCCCc1ccc2c(n1)NCCC2)c1ccc2c(c1)OCC2,1.2,mL.min-1.kg-1,species_only_dog
737262,CHEMBL621588,CHEMBL79248,CL,mL.min-1.kg-1,=,5.8,CHEMBL373,Canis lupus familiaris,Compound was tested for its ability of plasma clearance when administered in dog perorally (1 mg/kg) and intravenously (0.2 mg/kg),A,O=C(O)C[C@H](NC(=O)CCCCc1ccc2c(n1)NCCC2)c1cnc2ccccc2c1,5.8,mL.min-1.kg-1,species_only_dog
741227,CHEMBL621588,CHEMBL420768,CL,mL.min-1.kg-1,=,26.0,CHEMBL373,Canis lupus familiaris,Compound was tested for its ability of plasma clearance when administered in dog perorally (1 mg/kg) and intravenously (0.2 mg/kg),A,O=C(O)C[C@H](NC(=O)CCCCc1ccc2c(n1)NCCC2)c1cncnc1,26.0,mL.min-1.kg-1,species_only_dog
747970,CHEMBL631428,CHEMBL343404,CL,mL.min-1.kg-1,=,23.0,CHEMBL373,Canis lupus familiaris,Compound was evaluated in vivo for plasma clearance in dog after intravenous dose at 2 mg/Kg,A,COc1ccc(S(C)(=O)=O)cc1CN[C@H]1CCCN[C@H]1c1ccccc1,23.0,mL.min-1.kg-1,species_only_dog
749106,CHEMBL621588,CHEMBL310212,CL,mL.min-1.kg-1,=,37.0,CHEMBL373,Canis lupus familiaris,Compound was tested for its ability of plasma clearance when administered in dog perorally (1 mg/kg) and intravenously (0.2 mg/kg),A,O=C(O)C[C@H](NC(=O)CCCCc1ccc2c(n1)NCCC2)c1ccc2nc(O)oc2c1,37.0,mL.min-1.kg-1,species_only_dog
750413,CHEMBL631428,CHEMBL356786,CL,mL.min-1.kg-1,=,45.0,CHEMBL373,Canis lupus familiaris,Compound was evaluated in vivo for plasma clearance in dog after intravenous dose at 2 mg/Kg,A,COc1ccc(-c2ccoc2)cc1CN[C@H]1CCCN[C@H]1c1ccccc1,45.0,mL.min-1.kg-1,species_only_dog
759064,CHEMBL621592,CHEMBL25193,CL,mL.min-1.kg-1,=,2.4,CHEMBL373,Canis lupus familiaris,Plasma clearance in dog,A,CC(C)Cc1ccc([C@H](C)Oc2ccc(C(=O)c3cn(CCCC(=O)O)c4ccccc34)cc2)cc1,2.4,mL.min-1.kg-1,species_only_dog
825950,CHEMBL625977,CHEMBL344656,CL,mL.min-1.kg-1,=,8.0,CHEMBL373,Canis lupus familiaris,Clearance value in dog,A,CC(C)c1ccc(NC(=O)N2CCC[C@H]2C(=O)N2CC[C@H]3[C@H]2[C@H](C)C(=O)N3c2nc3ccccc3s2)cc1,8.0,mL.min-1.kg-1,species_only_dog
830321,CHEMBL622777,CHEMBL332157,CL,mL.min-1.kg-1,=,10.33,CHEMBL373,Canis lupus familiaris,Clearance after intravenous administration of 1.0 mg/kg in dog was determined,A,N=C(N)c1cccc(-n2nnnc2C(=O)Nc2ccc(-c3ccccc3S(N)(=O)=O)cc2)c1,10.33,mL.min-1.kg-1,species_only_dog
837380,CHEMBL624452,CHEMBL56375,CL,mL.min-1.kg-1,=,4.167,CHEMBL373,Canis lupus familiaris,Plasma clearance by iv administration in dog at a dose of 0.3 mg/kg,A,C[C@]1(O)C(=O)N(CCCN2CCN(c3ccc(F)cc3OCC(F)(F)F)CC2)C(=O)N[C@H]1O,4.167,mL.min-1.kg-1,species_only_dog
844747,CHEMBL624452,CHEMBL24777,CL,mL.min-1.kg-1,=,4.333,CHEMBL373,Canis lupus familiaris,Plasma clearance by iv administration in dog at a dose of 0.3 mg/kg,A,Cc1c[nH]c(=O)n(CCCN2CCN(c3ccc(F)cc3OCC(F)(F)F)CC2)c1=O,4.333,mL.min-1.kg-1,species_only_dog
855423,CHEMBL638852,CHEMBL473,CL,mL.min-1.g-1,=,0.95,CHEMBL612558,,In vitro Intrinsic clearance was measured as Vmax/KM.(dog),A,CN(CCOc1ccc(NS(C)(=O)=O)cc1)CCc1ccc(NS(C)(=O)=O)cc1,0.00095,mL.min-1.kg-1,species_only_dog
855427,CHEMBL638857,CHEMBL473,CL,mL.min-1.kg-1,=,1.93,CHEMBL612558,,Extrapolated in vivo clearance was measured by N-demethylation using scalling factors (Dog),A,CN(CCOc1ccc(NS(C)(=O)=O)cc1)CCc1ccc(NS(C)(=O)=O)cc1,1.93,mL.min-1.kg-1,species_only_dog
855431,CHEMBL638858,CHEMBL473,CL,mL.min-1.kg-1,=,5.8,CHEMBL612558,,Extrapolated in vivo clearance was measured by all pathways.(Dog),A,CN(CCOc1ccc(NS(C)(=O)=O)cc1)CCc1ccc(NS(C)(=O)=O)cc1,5.8,mL.min-1.kg-1,species_only_dog
859694,CHEMBL622776,CHEMBL333270,CL,mL.min-1.kg-1,=,5.0,CHEMBL373,Canis lupus familiaris,Clearance after intravenous administration of 0.5 mg/kg in dog was determined,A,Nc1noc2ccc(-n3nnnc3C(=O)Nc3ccc(-c4ccccc4S(N)(=O)=O)cc3F)cc12,5.0,mL.min-1.kg-1,species_only_dog
859695,CHEMBL622778,CHEMBL333270,CL,mL.min-1.kg-1,=,5.0,CHEMBL373,Canis lupus familiaris,Clearance after peroral administration of 0.2 mg/kg in dog was determined,A,Nc1noc2ccc(-n3nnnc3C(=O)Nc3ccc(-c4ccccc4S(N)(=O)=O)cc3F)cc12,5.0,mL.min-1.kg-1,species_only_dog
863771,CHEMBL626618,CHEMBL122894,CL,mL.min-1.kg-1,=,10.2,CHEMBL373,Canis lupus familiaris,Clearance from dog plasma after intravenous injection of 1 mg/kg of compound,A,NC1CCC(CNC(=O)[C@@H]2CCCN2C(=O)CC(c2ccccc2)c2ccccc2)CC1.O=C(O)C(F)(F)F,10.2,mL.min-1.kg-1,species_only_dog
876563,CHEMBL621388,CHEMBL50028,CL,mL.min-1.kg-1,=,10.0,CHEMBL373,Canis lupus familiaris,Compound was evaluated for its clearance when administered intravenously in dog,A,CN(Cc1cccc(N)n1)C(=O)c1ccc2c(c1)CN(C)C(=O)[C@H](CC(=O)O)N2,10.0,mL.min-1.kg-1,species_only_dog
880376,CHEMBL621388,CHEMBL52681,CL,mL.min-1.kg-1,=,7.8,CHEMBL373,Canis lupus familiaris,Compound was evaluated for its clearance when administered intravenously in dog,A,CN1Cc2cc(C(=O)NCc3cccc(N)n3)ccc2N[C@@H](CC(=O)O)C1=O,7.8,mL.min-1.kg-1,species_only_dog
903364,CHEMBL621388,CHEMBL301760,CL,mL.min-1.kg-1,=,66.0,CHEMBL373,Canis lupus familiaris,Compound was evaluated for its clearance when administered intravenously in dog,A,CN1Cc2cc(C(=O)NCCNc3ccccn3)ccc2N[C@@H](CC(=O)O)C1=O,66.0,mL.min-1.kg-1,species_only_dog
904764,CHEMBL621582,CHEMBL336830,CL,mL.min-1.kg-1,=,2.52,CHEMBL373,Canis lupus familiaris,Plasma clearance was measured in dog,A,O=C(O)C[C@@H](c1cnc2ccccc2c1)N1CC[C@@H](CCCc2ccc3c(n2)NCCC3)C1=O,2.52,mL.min-1.kg-1,species_only_dog
905127,CHEMBL634460,CHEMBL45816,CL,mL.min-1.kg-1,=,36.0,CHEMBL373,Canis lupus familiaris,In vivo clearance in dog.,A,COCC(=O)O[C@]1(CCN(C)CCCc2nc3ccccc3[nH]2)CCc2cc(F)ccc2[C@@H]1C(C)C,36.0,mL.min-1.kg-1,species_only_dog
906454,CHEMBL634459,CHEMBL113,CL,mL.min-1.kg-1,=,2.6,CHEMBL373,Canis lupus familiaris,In vivo clearance in dog,A,Cn1c(=O)c2c(ncn2C)n(C)c1=O,2.6,mL.min-1.kg-1,species_only_dog
910340,CHEMBL634459,CHEMBL12,CL,mL.min-1.kg-1,=,30.7,CHEMBL373,Canis lupus familiaris,In vivo clearance in dog,A,CN1C(=O)CN=C(c2ccccc2)c2cc(Cl)ccc21,30.7,mL.min-1.kg-1,species_only_dog
911735,CHEMBL634460,CHEMBL568,CL,mL.min-1.kg-1,=,33.0,CHEMBL373,Canis lupus familiaris,In vivo clearance in dog.,A,O=C1Nc2ccc(Cl)cc2C(c2ccccc2)=NC1O,33.0,mL.min-1.kg-1,species_only_dog
912980,CHEMBL634460,CHEMBL957,CL,mL.min-1.kg-1,=,1.9,CHEMBL373,Canis lupus familiaris,In vivo clearance in dog.,A,COc1ccccc1Oc1c(NS(=O)(=O)c2ccc(C(C)(C)C)cc2)nc(-c2ncccn2)nc1OCCO,1.9,mL.min-1.kg-1,species_only_dog
913994,CHEMBL621582,CHEMBL135757,CL,mL.min-1.kg-1,=,2.1,CHEMBL373,Canis lupus familiaris,Plasma clearance was measured in dog,A,O=C(O)C[C@@H](c1ccc2c(c1)OCC2)N1CC[C@@H](CCCc2ccc3c(n2)NCCC3)C1=O,2.1,mL.min-1.kg-1,species_only_dog
914447,CHEMBL634459,CHEMBL31601,CL,mL.min-1.kg-1,=,3.0,CHEMBL373,Canis lupus familiaris,In vivo clearance in dog,A,CC(C)(C)S(=O)(=O)C[C@@H](Cc1ccccc1)C(=O)N[C@@H](Cc1c[nH]cn1)C(=O)N[C@@H](CC1CCCCC1)[C@@H](O)[C@@H](O)C1CC1,3.0,mL.min-1.kg-1,species_only_dog
915690,CHEMBL634459,CHEMBL580,CL,mL.min-1.kg-1,=,26.1,CHEMBL373,Canis lupus familiaris,In vivo clearance in dog,A,O=C1Nc2ccc(Cl)cc2C(c2ccccc2Cl)=NC1O,26.1,mL.min-1.kg-1,species_only_dog
922994,CHEMBL634460,CHEMBL27,CL,mL.min-1.kg-1,=,34.0,CHEMBL373,Canis lupus familiaris,In vivo clearance in dog.,A,CC(C)NCC(O)COc1cccc2ccccc12,34.0,mL.min-1.kg-1,species_only_dog
924156,CHEMBL634459,CHEMBL475534,CL,mL.min-1.kg-1,=,21.7,CHEMBL373,Canis lupus familiaris,In vivo clearance in dog,A,CCOC(=O)C1=C(C)NC(C)=C(C(=O)OC)C1c1cccc([N+](=O)[O-])c1,21.7,mL.min-1.kg-1,species_only_dog
925281,CHEMBL624458,CHEMBL24763,CL,mL.min-1.kg-1,=,1.667,CHEMBL373,Canis lupus familiaris,Systemic clearance after intravenous administration (0.5 mg/kg) was determined in dog,A,O=C(N[C@H]1c2ccccc2C[C@H]1O)[C@H](Cc1cccc(O)c1)[C@@H](C(=O)NO)C1CCNCC1,1.667,mL.min-1.kg-1,species_only_dog
925708,CHEMBL634459,CHEMBL517427,CL,mL.min-1.kg-1,=,15.3,CHEMBL373,Canis lupus familiaris,In vivo clearance in dog,A,COC(=O)C1=C(C#N)NC(C)=C(C(=O)OC(C)C)C1c1cccc([N+](=O)[O-])c1,15.3,mL.min-1.kg-1,species_only_dog
928439,CHEMBL622228,CHEMBL116306,CL,mL.min-1.kg-1,=,0.019,CHEMBL373,Canis lupus familiaris,plasma clearance in preclinical species was measured after Intravenous administration at the given dose (0.1 mg/kg) in dog,A,Cn1cc(C2=C(O)C(O)=C(c3ccccc3)C(=O)C2=O)c2ccccc21,0.019,mL.min-1.kg-1,species_only_dog
929770,CHEMBL634459,CHEMBL1355736,CL,mL.min-1.kg-1,=,1.5,CHEMBL373,Canis lupus familiaris,In vivo clearance in dog,A,Cn1c(=O)c2nc[nH]c2n(C)c1=O.O,1.5,mL.min-1.kg-1,species_only_dog
930689,CHEMBL621582,CHEMBL334984,CL,mL.min-1.kg-1,=,15.7,CHEMBL373,Canis lupus familiaris,Plasma clearance was measured in dog,A,O=C(O)C[C@@H](c1cnc2ccccc2c1)N1CC[C@H](CCCc2ccc3c(n2)NCCC3)C1=O,15.7,mL.min-1.kg-1,species_only_dog
931153,CHEMBL634459,CHEMBL1484,CL,mL.min-1.kg-1,=,48.0,CHEMBL373,Canis lupus familiaris,In vivo clearance in dog,A,COC(=O)C1=C(C)NC(C)=C(C(=O)OCCN(C)Cc2ccccc2)C1c1cccc([N+](=O)[O-])c1,48.0,mL.min-1.kg-1,species_only_dog
932065,CHEMBL621582,CHEMBL79248,CL,mL.min-1.kg-1,=,5.8,CHEMBL373,Canis lupus familiaris,Plasma clearance was measured in dog,A,O=C(O)C[C@H](NC(=O)CCCCc1ccc2c(n1)NCCC2)c1cnc2ccccc2c1,5.8,mL.min-1.kg-1,species_only_dog
932509,CHEMBL634459,CHEMBL80,CL,mL.min-1.kg-1,=,42.5,CHEMBL373,Canis lupus familiaris,In vivo clearance in dog,A,C=CCN1CC[C@]23c4c5ccc(O)c4O[C@H]2C(=O)CC[C@@]3(O)[C@H]1C5,42.5,mL.min-1.kg-1,species_only_dog
932534,CHEMBL634460,CHEMBL23,CL,mL.min-1.kg-1,=,46.1,CHEMBL373,Canis lupus familiaris,In vivo clearance in dog.,A,COc1ccc([C@@H]2Sc3ccccc3N(CCN(C)C)C(=O)[C@@H]2OC(C)=O)cc1,46.1,mL.min-1.kg-1,species_only_dog
933896,CHEMBL634459,CHEMBL1324,CL,mL.min-1.kg-1,=,3.3,CHEMBL373,Canis lupus familiaris,In vivo clearance in dog,A,Cc1ccc(C(=O)c2cc(O)c(O)c([N+](=O)[O-])c2)cc1,3.3,mL.min-1.kg-1,species_only_dog
935453,CHEMBL634459,CHEMBL277474,CL,mL.min-1.kg-1,=,4.9,CHEMBL373,Canis lupus familiaris,In vivo clearance in dog,A,Cc1cc(=O)n(-c2ccccc2)n1C,4.9,mL.min-1.kg-1,species_only_dog
939586,CHEMBL634460,CHEMBL1480,CL,mL.min-1.kg-1,=,19.5,CHEMBL373,Canis lupus familiaris,In vivo clearance in dog.,A,CCOC(=O)C1=C(C)NC(C)=C(C(=O)OC)C1c1cccc(Cl)c1Cl,19.5,mL.min-1.kg-1,species_only_dog
940438,CHEMBL621582,CHEMBL338725,CL,mL.min-1.kg-1,=,22.9,CHEMBL373,Canis lupus familiaris,Plasma clearance was measured in dog,A,O=C(O)C[C@@H](c1ccc2c(c1)OCC2)N1CC[C@H](CCCc2ccc3c(n2)NCCC3)C1=O,22.9,mL.min-1.kg-1,species_only_dog
944491,CHEMBL621582,CHEMBL83045,CL,mL.min-1.kg-1,=,1.2,CHEMBL373,Canis lupus familiaris,Plasma clearance was measured in dog,A,O=C(O)C[C@H](NC(=O)CCCCc1ccc2c(n1)NCCC2)c1ccc2c(c1)OCC2,1.2,mL.min-1.kg-1,species_only_dog
944861,CHEMBL634460,CHEMBL146506,CL,mL.min-1.kg-1,=,5.8,CHEMBL373,Canis lupus familiaris,In vivo clearance in dog.,A,C/C(=C\c1ccc(OCCN2CCOCC2)cc1)c1ccc2c(c1)C(C)(C)CCC2(C)C,5.8,mL.min-1.kg-1,species_only_dog
971349,CHEMBL624529,CHEMBL102826,CL,mL.min-1.kg-1,=,10.9,CHEMBL373,Canis lupus familiaris,Plasma clearance in dog,A,O=C(O)[C@@H](C1CCCCC1)N1C[C@H](CN2CCC(CCCc3ccccc3)CC2)[C@@H](c2ccccc2)C1,10.9,mL.min-1.kg-1,species_only_dog
977538,CHEMBL624529,CHEMBL322693,CL,mL.min-1.kg-1,=,13.1,CHEMBL373,Canis lupus familiaris,Plasma clearance in dog,A,CC(C)[C@H](C(=O)O)N1C[C@H](CN2CCC(c3ccc(F)cc3)CC2)[C@@H](c2ccccc2)C1,13.1,mL.min-1.kg-1,species_only_dog
987543,CHEMBL624447,CHEMBL444533,CL,mL.min-1.kg-1,=,20.5,CHEMBL373,Canis lupus familiaris,Clearance of compound after both po and iv administration at a dose of 5 mg/kg and 2 mg/kg resp in dog,A,O=C(N[C@H]1c2ccccc2OC[C@H]1O)[C@H](Cc1cccnc1)C[C@H](O)CN1CCN(Cc2ccc(-c3ccccc3)o2)C[C@H]1C(=O)NCC(F)(F)F,20.5,mL.min-1.kg-1,species_only_dog
988852,CHEMBL624447,CHEMBL326796,CL,mL.min-1.kg-1,=,17.4,CHEMBL373,Canis lupus familiaris,Clearance of compound after both po and iv administration at a dose of 5 mg/kg and 2 mg/kg resp in dog,A,O=C(N[C@H]1c2ccccc2OC[C@H]1O)[C@H](Cc1ccncc1)C[C@H](O)CN1CCN(Cc2ccc(-c3ccccc3)o2)C[C@H]1C(=O)NCC(F)(F)F,17.4,mL.min-1.kg-1,species_only_dog
992912,CHEMBL625974,CHEMBL168501,CL,mL.min-1.kg-1,=,18.7,CHEMBL373,Canis lupus familiaris,Clearance of compound when administered intravenously as a mixture (five-in-one dose) to a single dog.,A,COc1ccc(CCN2CCC(c3nc(COCC(F)(F)F)c(-c4ccccc4)o3)CC2)cc1S(=O)(=O)NCCNC(C)=O,18.7,mL.min-1.kg-1,species_only_dog
992913,CHEMBL625975,CHEMBL168501,CL,mL.min-1.kg-1,=,10.3,CHEMBL373,Canis lupus familiaris,Clearance of compound when administered intravenously as an individual dose to a single dog.,A,COc1ccc(CCN2CCC(c3nc(COCC(F)(F)F)c(-c4ccccc4)o3)CC2)cc1S(=O)(=O)NCCNC(C)=O,10.3,mL.min-1.kg-1,species_only_dog
994185,CHEMBL625974,CHEMBL167367,CL,mL.min-1.kg-1,=,5.9,CHEMBL373,Canis lupus familiaris,Clearance of compound when administered intravenously as a mixture (five-in-one dose) to a single dog.,A,COc1ccc(CCN2CCC(c3nc(COCC(F)(F)F)c(-c4ccccc4)o3)CC2)cc1S(N)(=O)=O,5.9,mL.min-1.kg-1,species_only_dog
994186,CHEMBL625975,CHEMBL167367,CL,mL.min-1.kg-1,=,5.0,CHEMBL373,Canis lupus familiaris,Clearance of compound when administered intravenously as an individual dose to a single dog.,A,COc1ccc(CCN2CCC(c3nc(COCC(F)(F)F)c(-c4ccccc4)o3)CC2)cc1S(N)(=O)=O,5.0,mL.min-1.kg-1,species_only_dog
995890,CHEMBL621390,CHEMBL356065,CL,mL.min-1.kg-1,=,13.4,CHEMBL373,Canis lupus familiaris,Plasma clearance was determined in Beagle dogs after (iv) administration of a dose of 12 (uM/kg),A,CS(=O)(=O)N[C@H](Cc1ccccc1)C(=O)N1CCC[C@H]1C(=O)NCC1CCN(C(=N)N)CC1,13.4,mL.min-1.kg-1,species_only_dog
997124,CHEMBL624447,CHEMBL114756,CL,mL.min-1.kg-1,=,24.5,CHEMBL373,Canis lupus familiaris,Clearance of compound after both po and iv administration at a dose of 5 mg/kg and 2 mg/kg resp in dog,A,O=C(N[C@H]1c2ccccc2OC[C@H]1O)[C@H](Cc1ccccc1)C[C@H](O)CN1CCN(Cc2ccc(-c3ccncc3)o2)C[C@H]1C(=O)NCC(F)(F)F,24.5,mL.min-1.kg-1,species_only_dog
1004535,CHEMBL624447,CHEMBL326849,CL,mL.min-1.kg-1,=,23.2,CHEMBL373,Canis lupus familiaris,Clearance of compound after both po and iv administration at a dose of 5 mg/kg and 2 mg/kg resp in dog,A,O=C(N[C@H]1c2ccccc2OC[C@H]1O)[C@H](Cc1ccncc1)C[C@H](O)CN1CCN(CC2=CC3C=CSC3S2)C[C@H]1C(=O)NCC(F)(F)F,23.2,mL.min-1.kg-1,species_only_dog
1011771,CHEMBL624543,CHEMBL314627,CL,mL.min-1.kg-1,=,28.33,CHEMBL373,Canis lupus familiaris,Plasma clearance was determined in dog after 1 mg/kg (i.v.) and 5 mg/kg (p.o.) administration,A,COc1cc(-c2nn([C@H]3CC[C@H](N4CCN(C)CC4)CC3)c3ncnc(N)c23)ccc1NC(=O)c1cc2ccccc2n1C,28.33,mL.min-1.kg-1,species_only_dog
1013234,CHEMBL624447,CHEMBL325829,CL,mL.min-1.kg-1,=,22.5,CHEMBL373,Canis lupus familiaris,Clearance of compound after both po and iv administration at a dose of 5 mg/kg and 2 mg/kg resp in dog,A,O=C(N[C@H]1c2ccccc2OC[C@H]1O)[C@H](Cc1ccncc1)C[C@H](O)CN1CCN(Cc2cc3ccccc3o2)C[C@H]1C(=O)NCC(F)(F)F,22.5,mL.min-1.kg-1,species_only_dog
1015298,CHEMBL621598,CHEMBL112725,CL,mL.min-1.g-1,=,3.5,CHEMBL373,Canis lupus familiaris,Lower clearance in dog (i.v.) at 0.5 mpk,A,CC[C@]1(C(=O)O)CCc2ccc(OCCCOc3ccc(Oc4ccc(F)cc4)cc3Cl)cc2O1,0.0035,mL.min-1.kg-1,species_only_dog
1020807,CHEMBL625974,CHEMBL352358,CL,mL.min-1.kg-1,=,11.2,CHEMBL373,Canis lupus familiaris,Clearance of compound when administered intravenously as a mixture (five-in-one dose) to a single dog.,A,CNC(=O)CN(C)S(=O)(=O)c1cc(CCN2CCC(c3nc(COCC(F)(F)F)c(-c4ccc(F)cc4)o3)CC2)ccc1OC,11.2,mL.min-1.kg-1,species_only_dog
1020808,CHEMBL625975,CHEMBL352358,CL,mL.min-1.kg-1,=,11.6,CHEMBL373,Canis lupus familiaris,Clearance of compound when administered intravenously as an individual dose to a single dog.,A,CNC(=O)CN(C)S(=O)(=O)c1cc(CCN2CCC(c3nc(COCC(F)(F)F)c(-c4ccc(F)cc4)o3)CC2)ccc1OC,11.6,mL.min-1.kg-1,species_only_dog
1020813,CHEMBL625974,CHEMBL267336,CL,mL.min-1.kg-1,=,0.86,CHEMBL373,Canis lupus familiaris,Clearance of compound when administered intravenously as a mixture (five-in-one dose) to a single dog.,A,COc1ccc(CCN2CCC(c3nc(COCC(F)(F)F)c(-c4ccc(F)cc4)o3)CC2)cc1S(N)(=O)=O,0.86,mL.min-1.kg-1,species_only_dog
1020814,CHEMBL625975,CHEMBL267336,CL,mL.min-1.kg-1,=,0.9,CHEMBL373,Canis lupus familiaris,Clearance of compound when administered intravenously as an individual dose to a single dog.,A,COc1ccc(CCN2CCC(c3nc(COCC(F)(F)F)c(-c4ccc(F)cc4)o3)CC2)cc1S(N)(=O)=O,0.9,mL.min-1.kg-1,species_only_dog
1023765,CHEMBL624447,CHEMBL419396,CL,mL.min-1.kg-1,=,16.7,CHEMBL373,Canis lupus familiaris,Clearance of compound after both po and iv administration at a dose of 5 mg/kg and 2 mg/kg resp in dog,A,O=C(N[C@H]1c2ccccc2OC[C@H]1O)[C@H](Cc1cccnc1)C[C@H](O)CN1CCN(CC2=CC3C=CSC3S2)C[C@H]1C(=O)NCC(F)(F)F,16.7,mL.min-1.kg-1,species_only_dog
1023782,CHEMBL624447,CHEMBL324461,CL,mL.min-1.kg-1,=,15.0,CHEMBL373,Canis lupus familiaris,Clearance of compound after both po and iv administration at a dose of 5 mg/kg and 2 mg/kg resp in dog,A,O=C(N[C@H]1c2ccccc2OC[C@H]1O)[C@H](Cc1cccnc1)C[C@H](O)CN1CCN(Cc2cc3ccccc3o2)C[C@H]1C(=O)NCC(F)(F)F,15.0,mL.min-1.kg-1,species_only_dog
1024507,CHEMBL625974,CHEMBL263269,CL,mL.min-1.kg-1,=,17.3,CHEMBL373,Canis lupus familiaris,Clearance of compound when administered intravenously as a mixture (five-in-one dose) to a single dog.,A,CNC(=O)CN(C)S(=O)(=O)c1cc(CCN2CCC(c3nc(COCC(F)(F)F)c(-c4ccccc4)o3)CC2)ccc1OC,17.3,mL.min-1.kg-1,species_only_dog
1024508,CHEMBL625975,CHEMBL263269,CL,mL.min-1.kg-1,=,28.9,CHEMBL373,Canis lupus familiaris,Clearance of compound when administered intravenously as an individual dose to a single dog.,A,CNC(=O)CN(C)S(=O)(=O)c1cc(CCN2CCC(c3nc(COCC(F)(F)F)c(-c4ccccc4)o3)CC2)ccc1OC,28.9,mL.min-1.kg-1,species_only_dog
1029599,CHEMBL624533,CHEMBL176604,CL,mL.min-1.kg-1,=,13.0,CHEMBL373,Canis lupus familiaris,Plasma clearance in dog (dosed as a mixture of five compounds at 0.5 mpk each via iv only),A,CCOc1ccc(Cc2cc(C3CCN(C[C@H]4CN([C@@H](C(=O)O)C(C)(C)C)C[C@@H]4c4cccc(F)c4)CC3)n(CC)n2)cc1,13.0,mL.min-1.kg-1,species_only_dog
1034421,CHEMBL624533,CHEMBL440554,CL,mL.min-1.kg-1,=,3.8,CHEMBL373,Canis lupus familiaris,Plasma clearance in dog (dosed as a mixture of five compounds at 0.5 mpk each via iv only),A,CC[C@H](C)[C@H](C(=O)O)N1C[C@H](CN2CCC(c3cc(Cc4ccc(OC(F)(F)F)cc4)nn3CC)CC2)[C@@H](c2cccc(F)c2)C1,3.8,mL.min-1.kg-1,species_only_dog
1035803,CHEMBL624535,CHEMBL172854,CL,mL.min-1.kg-1,=,3.8,CHEMBL373,Canis lupus familiaris,Plasma clearance in dog (dosed at 0.5 mpk iv and 2.0 mpk orally),A,CCn1nc(Cc2ccccc2)cc1C1CCN(C[C@H]2CN([C@@H](C(=O)O)C(C)(C)C)C[C@@H]2c2cccc(F)c2)CC1,3.8,mL.min-1.kg-1,species_only_dog
1035808,CHEMBL624533,CHEMBL172854,CL,mL.min-1.kg-1,=,25.0,CHEMBL373,Canis lupus familiaris,Plasma clearance in dog (dosed as a mixture of five compounds at 0.5 mpk each via iv only),A,CCn1nc(Cc2ccccc2)cc1C1CCN(C[C@H]2CN([C@@H](C(=O)O)C(C)(C)C)C[C@@H]2c2cccc(F)c2)CC1,25.0,mL.min-1.kg-1,species_only_dog
1036968,CHEMBL624533,CHEMBL172806,CL,mL.min-1.kg-1,=,14.0,CHEMBL373,Canis lupus familiaris,Plasma clearance in dog (dosed as a mixture of five compounds at 0.5 mpk each via iv only),A,CCn1nc(Cc2ccc(OC)c(OC)c2)cc1C1CCN(C[C@H]2CN([C@@H](C(=O)O)C(C)(C)C)C[C@@H]2c2cccc(F)c2)CC1,14.0,mL.min-1.kg-1,species_only_dog
1041653,CHEMBL624535,CHEMBL367169,CL,mL.min-1.kg-1,=,22.0,CHEMBL373,Canis lupus familiaris,Plasma clearance in dog (dosed at 0.5 mpk iv and 2.0 mpk orally),A,CCn1nc(Cc2ccc(C#N)cc2)cc1C1CCN(C[C@H]2CN([C@@H](C(=O)O)C(C)(C)C)C[C@@H]2c2cccc(F)c2)CC1,22.0,mL.min-1.kg-1,species_only_dog
1042709,CHEMBL624533,CHEMBL367461,CL,mL.min-1.kg-1,=,108.0,CHEMBL373,Canis lupus familiaris,Plasma clearance in dog (dosed as a mixture of five compounds at 0.5 mpk each via iv only),A,CCn1nc(Cc2ccc(S(C)(=O)=O)cc2)cc1C1CCN(C[C@H]2CN([C@@H](C(=O)O)C(C)(C)C)C[C@@H]2c2cccc(F)c2)CC1,108.0,mL.min-1.kg-1,species_only_dog
1045890,CHEMBL624472,CHEMBL410890,CL,mL.min-1.kg-1,=,13.0,CHEMBL373,Canis lupus familiaris,Total clearance was determined after 0.1 mg/kg iv administration in dog,A,NCCC1CCN(C(=O)[C@](O)(c2ccccc2)[C@@H]2CCC(F)(F)C2)CC1,13.0,mL.min-1.kg-1,species_only_dog
1049477,CHEMBL624536,CHEMBL21106,CL,mL.min-1.kg-1,=,24.0,CHEMBL373,Canis lupus familiaris,Plasma clearance was evaluated in dog,A,O=C(O)[C@@H](CC1CC1)N1C[C@H](CN2CCC(CCC(F)(F)c3ccc(F)cc3)CC2)[C@@H](c2cccc(F)c2)C1,24.0,mL.min-1.kg-1,species_only_dog
1061907,CHEMBL618474,CHEMBL410775,CL,mL.min-1.kg-1,=,0.5,CHEMBL373,Canis lupus familiaris,Plasma clearance for the compound was measured in dog after an iv dose of 1 mg/kg,A,CCCCCOc1ccc(-c2ccc(-c3ccc(C(=O)N[C@H]4CCCNC(=O)C5C[C@H](N=C(N)N)CN5C(=O)[C@H]([C@@H](C)O)NC(=O)[C@H](CCc5ccc(O)c(NC(=O)CN)c5)NC(=O)[C@@H]5C[C@@H](O)CN5C(=O)[C@H]([C@@H](C)O)NC4=O)cc3)cc2)cc1,0.5,mL.min-1.kg-1,species_only_dog
1065310,CHEMBL624533,CHEMBL427493,CL,mL.min-1.kg-1,=,5.5,CHEMBL373,Canis lupus familiaris,Plasma clearance in dog (dosed as a mixture of five compounds at 0.5 mpk each via iv only),A,CCn1nc(Cc2ccc(C(F)(F)F)cc2)cc1C1CCN(C[C@H]2CN([C@@H](C(=O)O)C(C)(C)C)C[C@@H]2c2cccc(F)c2)CC1,5.5,mL.min-1.kg-1,species_only_dog
1069816,CHEMBL662278,CHEMBL502560,CL,mL.min-1.kg-1,=,9.0,CHEMBL373,Canis lupus familiaris,Clearance in dog (dose 1 mg/kg i.v.),A,N#Cc1ccc2cc1Oc1cccc(c1)CN1CC[C@@H](NCc3cncn3C2)C1=O,9.0,mL.min-1.kg-1,species_only_dog
1071537,CHEMBL624459,CHEMBL21145,CL,mL.min-1.kg-1,=,24.67,CHEMBL373,Canis lupus familiaris,Tested for systemic clearance upon intravenous administration of 5.0 mg/Kg dose in dog,A,O=C1N(Cc2ccc(CO)cc2)[C@H](Cc2ccccc2)[C@H](O)[C@@H](O)[C@@H](Cc2ccccc2)N1Cc1ccc(CO)cc1,24.67,mL.min-1.kg-1,species_only_dog
1073456,CHEMBL875836,CHEMBL321257,CL,mL.min-1.kg-1,=,8.0,CHEMBL373,Canis lupus familiaris,Plasma clearance (Clp) in dog,A,O=C(NO)C1(NS(=O)(=O)c2ccc(Oc3ccc(Cl)cc3)cc2)CCOCC1,8.0,mL.min-1.kg-1,species_only_dog
1077698,CHEMBL627288,CHEMBL22164,CL,mL.min-1.kg-1,=,0.7,CHEMBL373,Canis lupus familiaris,Tested for pharmacokinetic parameter to calculate the total body clearance at a dosage of 2.5 mg/kg in dog,A,CCC(Cc1ccccc1)c1cc(O)c(C(CC)c2ccccc2)c(=O)o1,0.7,mL.min-1.kg-1,species_only_dog
1078307,CHEMBL875836,CHEMBL2111754,CL,mL.min-1.kg-1,=,19.2,CHEMBL373,Canis lupus familiaris,Plasma clearance (Clp) in dog,A,O=C(NO)[C@@]1(NS(=O)(=O)c2ccc(Oc3ccc(F)cc3)cc2)CCCOC1,19.2,mL.min-1.kg-1,species_only_dog
1078322,CHEMBL875836,CHEMBL4524116,CL,mL.min-1.kg-1,=,7.8,CHEMBL373,Canis lupus familiaris,Plasma clearance (Clp) in dog,A,O=C(NO)[C@@]1(NS(=O)(=O)c2ccc(Oc3ccc(F)cc3)cc2)C[C@H]2CC[C@@H](C1)O2,7.8,mL.min-1.kg-1,species_only_dog
1079507,CHEMBL875836,CHEMBL111856,CL,mL.min-1.kg-1,=,10.3,CHEMBL373,Canis lupus familiaris,Plasma clearance (Clp) in dog,A,O=C(NO)C1(NS(=O)(=O)c2ccc(Oc3ccc(F)cc3)cc2)CCOCC1,10.3,mL.min-1.kg-1,species_only_dog
1082677,CHEMBL624463,CHEMBL516874,CL,mL.min-1.kg-1,=,5.5,CHEMBL373,Canis lupus familiaris,Clearance in dog (dose 1 mg/kg i.v.),A,N#Cc1ccc2cc1Oc1ccc3c(c1)[C@@H](CCO3)N1CC[C@@H](NCc3cncn3C2)C1=O,5.5,mL.min-1.kg-1,species_only_dog
1083680,CHEMBL624463,CHEMBL496879,CL,mL.min-1.kg-1,=,2.8,CHEMBL373,Canis lupus familiaris,Clearance in dog (dose 1 mg/kg i.v.),A,N#Cc1ccc2cc1Oc1ccc3cccc(c3c1)N1CC[C@@H](NCc3cncn3C2)C1=O,2.8,mL.min-1.kg-1,species_only_dog
1084056,CHEMBL875836,CHEMBL2111753,CL,mL.min-1.kg-1,=,10.2,CHEMBL373,Canis lupus familiaris,Plasma clearance (Clp) in dog,A,O=C(NO)[C@@]1(NS(=O)(=O)c2ccc(Oc3ccc(Cl)cc3)cc2)CCCOC1,10.2,mL.min-1.kg-1,species_only_dog
1090238,CHEMBL624463,CHEMBL80702,CL,mL.min-1.kg-1,=,3.9,CHEMBL373,Canis lupus familiaris,Clearance in dog (dose 1 mg/kg i.v.),A,N#Cc1ccc2cc1Oc1ccc3cccc(c3c1)N1CCC(NCCc3cncn3C2)C1=O,3.9,mL.min-1.kg-1,species_only_dog
1094193,CHEMBL624459,CHEMBL431831,CL,mL.min-1.kg-1,=,15.5,CHEMBL373,Canis lupus familiaris,Tested for systemic clearance upon intravenous administration of 5.0 mg/Kg dose in dog,A,CC(C)(O)c1cccc(CN2C(=O)N(Cc3cccc(C(C)(C)O)c3)[C@H](Cc3ccccc3)[C@H](O)[C@@H](O)[C@H]2Cc2ccccc2)c1,15.5,mL.min-1.kg-1,species_only_dog
1095847,CHEMBL624463,CHEMBL53821,CL,mL.min-1.kg-1,=,1.1,CHEMBL373,Canis lupus familiaris,Clearance in dog (dose 1 mg/kg i.v.),A,N#Cc1ccc2cc1Oc1ccc3cccc(c3c1)N1CC[C@H](NCc3cncn3C2)C1=O,1.1,mL.min-1.kg-1,species_only_dog
1100295,CHEMBL635278,CHEMBL10504,CL,mL.min-1.kg-1,=,7.967,CHEMBL373,Canis lupus familiaris,Plasma administered 1 mg/kg intravenously in dog,A,COCCN(CCOC)c1nc(C)nc2c1nnn2-c1ccc(C(C)C)cc1Br,7.967,mL.min-1.kg-1,species_only_dog
1121679,CHEMBL641606,CHEMBL68399,CL,mL.min-1.kg-1,=,6.1,CHEMBL373,Canis lupus familiaris,Clearance in dog,A,CC(C)CCn1cnc(C(Cc2ccc(N)nc2)C(=O)O)c1,6.1,mL.min-1.kg-1,species_only_dog
1157536,CHEMBL624527,CHEMBL358108,CL,mL.min-1.kg-1,=,45.0,CHEMBL373,Canis lupus familiaris,Plasma clearance was calculated in dog,A,CN1C(C)(C)CC(Nc2cc3c(ccc(=O)n3-c3c(Cl)cccc3Cl)c(-c3ccccc3Cl)n2)CC1(C)C,45.0,mL.min-1.kg-1,species_only_dog
1185679,CHEMBL624469,CHEMBL331744,CL,mL.min-1.kg-1,=,14.3,CHEMBL373,Canis lupus familiaris,Plasma clearance was measured in dog,A,O=S(=O)(Nc1ccc(CCNC[C@H](O)c2cccnc2)cc1)c1ccc(-c2nc(-c3ccc(OC(F)(F)F)cc3)cs2)cc1,14.3,mL.min-1.kg-1,species_only_dog
1187248,CHEMBL645656,CHEMBL37251,CL,mL.min-1.kg-1,=,11.17,CHEMBL373,Canis lupus familiaris,Tested for clearance in dog,A,Cc1cc(C(=O)Nc2ccc(-c3ccccc3S(N)(=O)=O)cc2)n(-c2cccc(C(=N)N)c2)n1,11.17,mL.min-1.kg-1,species_only_dog
1187261,CHEMBL645657,CHEMBL151939,CL,mL.min-1.kg-1,=,2.333,CHEMBL373,Canis lupus familiaris,Tested for clearance in dog upon intravenous administration,A,NCc1ccccc1-n1nc(C(F)(F)F)cc1C(=O)Nc1ccc(-c2ccccc2S(N)(=O)=O)cc1F,2.333,mL.min-1.kg-1,species_only_dog
1188700,CHEMBL645657,CHEMBL559015,CL,mL.min-1.kg-1,=,4.0,CHEMBL373,Canis lupus familiaris,Tested for clearance in dog upon intravenous administration,A,CS(=O)(=O)c1ccccc1-c1ccc(NC(=O)c2cc(C(F)(F)F)nn2-c2cccc(CN)c2)c(F)c1.Cl,4.0,mL.min-1.kg-1,species_only_dog
1193740,CHEMBL645656,CHEMBL355992,CL,mL.min-1.kg-1,=,2.0,CHEMBL373,Canis lupus familiaris,Tested for clearance in dog,A,COc1ccc(-n2nc(C(F)(F)F)cc2C(=O)Nc2ccc(-c3ccccc3S(N)(=O)=O)cn2)cc1,2.0,mL.min-1.kg-1,species_only_dog
1194071,CHEMBL626624,CHEMBL42039,CL,mL.min-1.kg-1,=,14.0,CHEMBL373,Canis lupus familiaris,Pharmacokinetic parameter Cl calculated in dog when the compound was administered intravenously at 2 mg/kg concentration,A,CCNC(=O)COc1ccc(Cl)cc1CNC(=O)[C@@H]1CCCN1C(=O)[C@H](N)C1CCCCC1,14.0,mL.min-1.kg-1,species_only_dog
1194694,CHEMBL621599,CHEMBL93790,CL,mL.min-1.kg-1,=,25.0,CHEMBL373,Canis lupus familiaris,Plasma clearance in Beagle dogs,A,C[C@@]1(C(=O)N[C@@H](Cc2ccc(-c3ccccc3C#N)cc2)C(=O)O)CCCN1S(=O)(=O)c1cc(Cl)cc(Cl)c1,25.0,mL.min-1.kg-1,species_only_dog
1195071,CHEMBL645657,CHEMBL151201,CL,mL.min-1.kg-1,=,21.5,CHEMBL373,Canis lupus familiaris,Tested for clearance in dog upon intravenous administration,A,COc1ccc(-n2nc(C(F)(F)F)cc2C(=O)Nc2ccc(-c3ccccc3S(C)(=O)=O)cc2)c(CN)c1,21.5,mL.min-1.kg-1,species_only_dog
1197462,CHEMBL624470,CHEMBL111201,CL,mL.min-1.kg-1,=,26.8,CHEMBL373,Canis lupus familiaris,Plasma clearance was measured in dog,A,O=S(=O)(Nc1ccc(CCNC[C@H](O)c2cccnc2)cc1)c1ccc(-c2nc(-c3ccc(C(F)(F)F)cc3)cs2)cc1,26.8,mL.min-1.kg-1,species_only_dog
1210740,CHEMBL624469,CHEMBL293994,CL,mL.min-1.kg-1,=,29.3,CHEMBL373,Canis lupus familiaris,Plasma clearance was measured in dog,A,O=S(=O)(Nc1ccc(CCNC[C@H](O)c2cccnc2)cc1)c1ccc(-c2nc(-c3ccc(F)c(F)c3)cs2)cc1,29.3,mL.min-1.kg-1,species_only_dog
1210916,CHEMBL645656,CHEMBL146982,CL,mL.min-1.kg-1,=,1.333,CHEMBL373,Canis lupus familiaris,Tested for clearance in dog,A,COc1ccc(-n2nc(C)cc2C(=O)Nc2ccc(-c3ccccc3S(N)(=O)=O)cn2)cc1,1.333,mL.min-1.kg-1,species_only_dog
1214478,CHEMBL625714,CHEMBL505268,CL,mL.min-1.kg-1,=,1.4,CHEMBL373,Canis lupus familiaris,Pharmacokinetic parameter clearance was determined in fed Beagle dogs after iv administration of 1.5 mg/kg,A,C[C@@H]1CC[C@@]2(OC1)O[C@H]1C[C@H]3[C@@H]4CC[C@H]5C[C@@H](O[C@@H]6O[C@H](CO)[C@@H](O[C@@H]7O[C@H](CO)[C@@H](O)[C@H](O)[C@H]7O)[C@H](O)[C@H]6O)CC[C@]5(C)[C@H]4C(=O)C[C@]3(C)[C@H]1[C@@H]2C,1.4,mL.min-1.kg-1,species_only_dog
1214807,CHEMBL645657,CHEMBL148718,CL,mL.min-1.kg-1,=,25.17,CHEMBL373,Canis lupus familiaris,Tested for clearance in dog upon intravenous administration,A,COc1ccc(-n2nc(C(F)(F)F)cc2C(=O)Nc2ccc(-c3ccccc3S(C)(=O)=O)cc2F)c(CN)c1,25.17,mL.min-1.kg-1,species_only_dog
1222343,CHEMBL625714,CHEMBL1908375,CL,mL.min-1.kg-1,=,0.6,CHEMBL373,Canis lupus familiaris,Pharmacokinetic parameter clearance was determined in fed Beagle dogs after iv administration of 1.5 mg/kg,A,C[C@@H]1CC[C@@]2(CO1)O[C@H]1C[C@H]3[C@@H]4CC[C@H]5C[C@@H](O[C@@H]6O[C@H](CO)[C@@H](O[C@@H]7O[C@H](CO)[C@@H](O)[C@H](O)[C@H]7O)[C@H](O)[C@H]6O)CC[C@]5(C)[C@H]4CC[C@]3(C)[C@H]1[C@@H]2C,0.6,mL.min-1.kg-1,species_only_dog
1222658,CHEMBL645656,CHEMBL139788,CL,mL.min-1.kg-1,=,1.5,CHEMBL373,Canis lupus familiaris,Tested for clearance in dog,A,COc1ccc(-n2nc(C)cc2C(=O)Nc2ccc(-c3ccccc3S(N)(=O)=O)cc2)cc1,1.5,mL.min-1.kg-1,species_only_dog
1223899,CHEMBL624470,CHEMBL338216,CL,mL.min-1.kg-1,=,20.5,CHEMBL373,Canis lupus familiaris,Plasma clearance was measured in dog,A,O=S(=O)(Nc1ccc(CCNC[C@H](O)c2cccnc2)cc1)c1ccc(-c2nc(-c3cc(F)c(F)c(F)c3)cs2)cc1,20.5,mL.min-1.kg-1,species_only_dog
1233577,CHEMBL641610,CHEMBL91636,CL,mL.min-1.kg-1,=,4.833,CHEMBL612558,,Pharmacokinetic data in Beagle dogs at 0.5 mg/kg intravenous dose.,A,CC(C)C[C@H]1C(=O)N[C@H](C(=O)NCC(=O)N2CCOCC2)CCCCNC(=O)OCCC[C@@H]1C(=O)NO,4.833,mL.min-1.kg-1,species_only_dog
1260654,CHEMBL645649,CHEMBL88520,CL,mL.min-1.kg-1,=,7.0,CHEMBL612558,,Pharmacokinetic data in Beagle dogs at 0.74 mg/kg intravenous dose.,A,CNC(=O)CNC(=O)[C@@H]1Cc2ccc(cc2)OCCC[C@H](C(=O)NO)[C@@H](CC(C)C)C(=O)N1,7.0,mL.min-1.kg-1,species_only_dog
1412050,CHEMBL840650,CHEMBL537844,CL,mL.min-1.kg-1,=,13.0,CHEMBL612558,,Plasma clearance was measured in dog,A,CCc1nnc2n1CCN(C(=O)C[C@H](N)Cc1ccc(F)c(F)c1)C2.Cl,13.0,mL.min-1.kg-1,species_only_dog
1412190,CHEMBL840650,CHEMBL539077,CL,mL.min-1.kg-1,=,6.0,CHEMBL612558,,Plasma clearance was measured in dog,A,Cl.N[C@@H](CC(=O)N1CCn2c(nnc2C(F)(F)F)C1)Cc1cc(F)c(F)cc1F,6.0,mL.min-1.kg-1,species_only_dog
1416819,CHEMBL850840,CHEMBL178126,CL,mL.min-1.kg-1,=,3.0,CHEMBL612558,,Total clearance after administration of 20 mg/kg in dog,A,CN(C)C(=O)Cn1c(-c2ccccc2)c(C2CCCCC2)c2ccc(C(=O)O)cc21,3.0,mL.min-1.kg-1,species_only_dog
1417124,CHEMBL839618,CHEMBL351231,CL,mL.min-1.kg-1,=,13.0,CHEMBL612558,,Clearance was observed in dog after intravenous administration of 1-5 mg/kg,A,C[C@@H]1CCCN1CCc1cc2cc(-c3ccc(C#N)cc3)ccc2o1,13.0,mL.min-1.kg-1,species_only_dog
1417411,CHEMBL839618,CHEMBL179539,CL,mL.min-1.kg-1,=,26.83,CHEMBL612558,,Clearance was observed in dog after intravenous administration of 1-5 mg/kg,A,C[C@@H]1CCCN1CCc1cc2cc(C(=O)c3cccc(F)c3)ccc2o1,26.83,mL.min-1.kg-1,species_only_dog
1417433,CHEMBL839618,CHEMBL555146,CL,mL.min-1.kg-1,=,20.17,CHEMBL612558,,Clearance was observed in dog after intravenous administration of 1-5 mg/kg,A,C[C@@H]1CCCN1CCc1cc2cc(C(=O)c3ccc(F)cc3)ccc2o1,20.17,mL.min-1.kg-1,species_only_dog
1417727,CHEMBL839618,CHEMBL178853,CL,mL.min-1.kg-1,=,64.83,CHEMBL612558,,Clearance was observed in dog after intravenous administration of 1-5 mg/kg,A,CC(=O)c1cccc(-c2ccc3oc(CCN4CCC[C@H]4C)cc3c2)c1,64.83,mL.min-1.kg-1,species_only_dog
1418422,CHEMBL839618,CHEMBL179702,CL,mL.min-1.kg-1,=,10.0,CHEMBL612558,,Clearance was observed in dog after intravenous administration of 1-5 mg/kg,A,C[C@@H]1CC[C@@H](C)N1CCCOc1ccc(-c2ccc(C(=O)N3CCOCC3)cc2)cc1,10.0,mL.min-1.kg-1,species_only_dog
1420368,CHEMBL840656,CHEMBL360240,CL,mL.min-1.kg-1,=,5.8,CHEMBL612558,,Plasma clearance activity against adult Beagle dog at 0.5 mg/kg after intravenous administration; (Number of rats = 3),A,C[C@]1(C(=O)O)CCc2ccc(OCCCOc3ccc(OCC(F)(F)F)cc3Cl)cc2O1,5.8,mL.min-1.kg-1,species_only_dog
1421605,CHEMBL840500,CHEMBL179552,CL,mL.min-1.kg-1,=,25.0,CHEMBL612558,,Clearance in dog,A,CC1(C)C[C@@H](O)CN(S(=O)(=O)c2ccc(OCc3ccc(Cl)cc3Cl)cc2)[C@H]1C(=O)NO,25.0,mL.min-1.kg-1,species_only_dog
1426822,CHEMBL825267,CHEMBL180830,CL,mL.min-1.kg-1,=,2.0,CHEMBL612558,,Plasma clearance in dog (n=8; dose 0.25 mg/kg iv or 0.5 mg/kg po),A,O=C(NCC1CCN(CCCS(=O)(=O)N2CCN(C(=O)c3ccco3)CC2)CC1)c1cccc2c1OCCO2,2.0,mL.min-1.kg-1,species_only_dog
1426832,CHEMBL851758,CHEMBL179799,CL,mL.min-1.kg-1,=,3.0,CHEMBL612558,,Plasma clearance in dog (n=7; dose 0.25 mg/kg iv or 0.5 mg/kg po),A,CS(=O)(=O)N1CCN(S(=O)(=O)CCCN2CCC(CNC(=O)c3cccc4c3OCCO4)CC2)CC1,3.0,mL.min-1.kg-1,species_only_dog
1426941,CHEMBL851758,CHEMBL360245,CL,mL.min-1.kg-1,=,12.0,CHEMBL612558,,Plasma clearance in dog (n=7; dose 0.25 mg/kg iv or 0.5 mg/kg po),A,CCCS(=O)(=O)N1CCN(S(=O)(=O)CCCN2CCC(CNC(=O)c3cccc4c3OCCO4)CC2)CC1,12.0,mL.min-1.kg-1,species_only_dog
1426954,CHEMBL851758,CHEMBL360449,CL,mL.min-1.kg-1,=,15.0,CHEMBL612558,,Plasma clearance in dog (n=7; dose 0.25 mg/kg iv or 0.5 mg/kg po),A,O=C(NCC1CCN(CCCS(=O)(=O)N2CCN(S(=O)(=O)N3CCCC3)CC2)CC1)c1cccc2c1OCCO2,15.0,mL.min-1.kg-1,species_only_dog
1427362,CHEMBL851760,CHEMBL356359,CL,mL.min-1.kg-1,=,8.0,CHEMBL612558,,Plasma clearance in dog (n=12; dose 0.25 mg/kg iv or 0.5 mg/kg po),A,CCCCN1CCC(CNC(=O)c2c3n(c4ccccc24)CCCO3)CC1,8.0,mL.min-1.kg-1,species_only_dog
1427578,CHEMBL851760,CHEMBL181928,CL,mL.min-1.kg-1,=,13.0,CHEMBL612558,,Plasma clearance in dog (n=12; dose 0.25 mg/kg iv or 0.5 mg/kg po),A,O=C(NCC1CCN(CCCS(=O)(=O)N2CCCCC2)CC1)c1cccc2c1OCCO2,13.0,mL.min-1.kg-1,species_only_dog
1427585,CHEMBL851758,CHEMBL178285,CL,mL.min-1.kg-1,=,27.0,CHEMBL612558,,Plasma clearance in dog (n=7; dose 0.25 mg/kg iv or 0.5 mg/kg po),A,CC1(C)CCN(S(=O)(=O)CCCN2CCC(CNC(=O)c3cccc4c3OCCO4)CC2)CC1,27.0,mL.min-1.kg-1,species_only_dog
1427592,CHEMBL851758,CHEMBL180201,CL,mL.min-1.kg-1,=,33.0,CHEMBL612558,,Plasma clearance in dog (n=7; dose 0.25 mg/kg iv or 0.5 mg/kg po),A,CCCC1CCN(S(=O)(=O)CCCN2CCC(CNC(=O)c3cccc4c3OCCO4)CC2)CC1,33.0,mL.min-1.kg-1,species_only_dog
1428013,CHEMBL851760,CHEMBL362582,CL,mL.min-1.kg-1,=,7.0,CHEMBL612558,,Plasma clearance in dog (n=12; dose 0.25 mg/kg iv or 0.5 mg/kg po),A,O=C(NCC1CCN(CCCS(=O)(=O)N2CCOCC2)CC1)c1cccc2c1OCCO2,7.0,mL.min-1.kg-1,species_only_dog
1428020,CHEMBL825267,CHEMBL180697,CL,mL.min-1.kg-1,=,11.0,CHEMBL612558,,Plasma clearance in dog (n=8; dose 0.25 mg/kg iv or 0.5 mg/kg po),A,O=C(NCC1CCN(CCCS(=O)(=O)N2CCNCC2)CC1)c1cccc2c1OCCO2,11.0,mL.min-1.kg-1,species_only_dog
1428136,CHEMBL851760,CHEMBL180632,CL,mL.min-1.kg-1,=,4.0,CHEMBL612558,,Plasma clearance in dog (n=12; dose 0.25 mg/kg iv or 0.5 mg/kg po),A,CN1CCN(S(=O)(=O)CCCN2CCC(CNC(=O)c3cccc4c3OCCO4)CC2)CC1,4.0,mL.min-1.kg-1,species_only_dog
1428144,CHEMBL851758,CHEMBL424790,CL,mL.min-1.kg-1,=,13.0,CHEMBL612558,,Plasma clearance in dog (n=7; dose 0.25 mg/kg iv or 0.5 mg/kg po),A,CCN1CCN(S(=O)(=O)CCCN2CCC(CNC(=O)c3cccc4c3OCCO4)CC2)CC1,13.0,mL.min-1.kg-1,species_only_dog
1428562,CHEMBL851758,CHEMBL181126,CL,mL.min-1.kg-1,=,23.0,CHEMBL612558,,Plasma clearance in dog (n=7; dose 0.25 mg/kg iv or 0.5 mg/kg po),A,CCCN1CCN(S(=O)(=O)CCCN2CCC(CNC(=O)c3cccc4c3OCCO4)CC2)CC1,23.0,mL.min-1.kg-1,species_only_dog
1428569,CHEMBL851758,CHEMBL182999,CL,mL.min-1.kg-1,=,14.0,CHEMBL612558,,Plasma clearance in dog (n=7; dose 0.25 mg/kg iv or 0.5 mg/kg po),A,CC(C)N1CCN(S(=O)(=O)CCCN2CCC(CNC(=O)c3cccc4c3OCCO4)CC2)CC1,14.0,mL.min-1.kg-1,species_only_dog
1428682,CHEMBL825267,CHEMBL180835,CL,mL.min-1.kg-1,=,37.0,CHEMBL612558,,Plasma clearance in dog (n=8; dose 0.25 mg/kg iv or 0.5 mg/kg po),A,O=C(NCC1CCN(CCCS(=O)(=O)N2CCN(C3CCCC3)CC2)CC1)c1cccc2c1OCCO2,37.0,mL.min-1.kg-1,species_only_dog
1428689,CHEMBL851758,CHEMBL180680,CL,mL.min-1.kg-1,=,27.0,CHEMBL612558,,Plasma clearance in dog (n=7; dose 0.25 mg/kg iv or 0.5 mg/kg po),A,O=C(NCC1CCN(CCCS(=O)(=O)N2CCN(c3ccc(F)cc3)CC2)CC1)c1cccc2c1OCCO2,27.0,mL.min-1.kg-1,species_only_dog
1428696,CHEMBL851758,CHEMBL360531,CL,mL.min-1.kg-1,=,5.0,CHEMBL612558,,Plasma clearance in dog (n=7; dose 0.25 mg/kg iv or 0.5 mg/kg po),A,O=C(NCC1CCN(CCCS(=O)(=O)N2CCN(c3ccccn3)CC2)CC1)c1cccc2c1OCCO2,5.0,mL.min-1.kg-1,species_only_dog
1428705,CHEMBL851758,CHEMBL178669,CL,mL.min-1.kg-1,=,6.0,CHEMBL612558,,Plasma clearance in dog (n=7; dose 0.25 mg/kg iv or 0.5 mg/kg po),A,CC(=O)N1CCN(S(=O)(=O)CCCN2CCC(CNC(=O)c3cccc4c3OCCO4)CC2)CC1,6.0,mL.min-1.kg-1,species_only_dog
1433435,CHEMBL839792,CHEMBL94037,CL,mL.min-1.kg-1,=,27.0,CHEMBL612558,,Clearance value at a single intravenous administration of 5 mg/kg in dog,A,C[C@@H](O)[C@H]1C(=O)N2C(C(=O)O)=C(S[C@@H]3CN[C@H](/C=C/c4ccno4)C3)[C@H](C)[C@H]12,27.0,mL.min-1.kg-1,species_only_dog
1434105,CHEMBL839792,CHEMBL127,CL,mL.min-1.kg-1,=,7.0,CHEMBL612558,,Clearance value at a single intravenous administration of 5 mg/kg in dog,A,C[C@@H](O)[C@H]1C(=O)N2C(C(=O)O)=C(S[C@@H]3CN[C@H](C(=O)N(C)C)C3)[C@H](C)[C@H]12,7.0,mL.min-1.kg-1,species_only_dog
1434902,CHEMBL839792,CHEMBL181979,CL,mL.min-1.kg-1,=,6.0,CHEMBL612558,,Clearance value at a single intravenous administration of 5 mg/kg in dog,A,C[C@@H](O)[C@H]1C(=O)N2C(C(=O)O)=C(S[C@@H]3CN[C@H](/C=C/c4cc(C(=O)[O-])no4)C3)[C@H](C)[C@H]12.[Na+],6.0,mL.min-1.kg-1,species_only_dog
1452958,CHEMBL840500,CHEMBL187092,CL,mL.min-1.kg-1,=,11.0,CHEMBL612558,,Clearance in dog,A,C[C@@]1(O)CCCN(S(=O)(=O)c2ccc(OCc3ccc(F)cc3Cl)cc2)[C@H]1C(=O)NO,11.0,mL.min-1.kg-1,species_only_dog
1458694,CHEMBL826118,CHEMBL186151,CL,mL.min-1.kg-1,=,14.0,CHEMBL612558,,"Plasma clearance after i.v. dosing at 1 mg/kg, p.o. dosing at 1 mg/kg. In solution of PEG 400/water in dog",A,Fc1cc(Oc2cccnc2)cc(-n2nnc(-c3ccccn3)n2)c1,14.0,mL.min-1.kg-1,species_only_dog
1460051,CHEMBL840137,CHEMBL187319,CL,mL.min-1.kg-1,=,12.2,CHEMBL612558,,Plasma clearance in dog after 4 mg/kg intravenous dose,A,Cc1nc2cc(OC[C@H](O)CN3CCN(Cc4noc(-c5ccc(C(F)(F)F)cc5)n4)CC3)ccc2s1,12.2,mL.min-1.kg-1,species_only_dog
1461746,CHEMBL840138,CHEMBL364366,CL,mL.min-1.kg-1,=,4.6,CHEMBL612558,,Plasma clearance in dog after 5 mg/kg intravenous dose,A,Cc1nc2cc(OC[C@H](O)CN3CCN(Cc4noc(-c5ccc(C(F)(F)F)cc5)n4)C[C@@H]3C)ccc2s1,4.6,mL.min-1.kg-1,species_only_dog
1462209,CHEMBL828363,CHEMBL251030,CL,mL.min-1.kg-1,=,4.8,CHEMBL612558,,Clearance of compound in dog after iv administration of 1.0 mg/kg,A,O=c1[nH]c(CCCN2CC=C(c3ccc(F)cc3)CC2)nc2c(Cl)cccc12,4.8,mL.min-1.kg-1,species_only_dog
1468734,CHEMBL825248,CHEMBL425717,CL,mL.min-1.kg-1,=,7.9,CHEMBL612558,,Clearance value in dog at 0.2 mg/kg dose in intravenous and 1 mg/kg of peroral,A,O=C(O)C[C@H](CCCCCCc1ccc2c(n1)NCCC2)c1ccc2c(c1)OCC2,7.9,mL.min-1.kg-1,species_only_dog
1468740,CHEMBL825248,CHEMBL180489,CL,mL.min-1.kg-1,=,5.1,CHEMBL612558,,Clearance value in dog at 0.2 mg/kg dose in intravenous and 1 mg/kg of peroral,A,COc1ccc([C@@H](CCCCCCc2ccc3c(n2)NCCC3)CC(=O)O)cn1,5.1,mL.min-1.kg-1,species_only_dog
1468746,CHEMBL825248,CHEMBL189201,CL,mL.min-1.kg-1,=,3.0,CHEMBL612558,,Clearance value in dog at 0.2 mg/kg dose in intravenous and 1 mg/kg of peroral,A,O=C(O)C[C@H](CCCCCCc1ccc2c(n1)NCCC2)c1cnc2ccccc2c1,3.0,mL.min-1.kg-1,species_only_dog
1468862,CHEMBL825248,CHEMBL186552,CL,mL.min-1.kg-1,=,3.9,CHEMBL612558,,Clearance value in dog at 0.2 mg/kg dose in intravenous and 1 mg/kg of peroral,A,O=C(O)C[C@H](CCCCCCc1ccc2c(n1)NCCC2)c1cncnc1,3.9,mL.min-1.kg-1,species_only_dog
1468877,CHEMBL825248,CHEMBL187289,CL,mL.min-1.kg-1,=,2.5,CHEMBL612558,,Clearance value in dog at 0.2 mg/kg dose in intravenous and 1 mg/kg of peroral,A,Cc1ncc([C@@H](CCCCCCc2ccc3c(n2)NCCC3)CC(=O)O)cn1,2.5,mL.min-1.kg-1,species_only_dog
1468886,CHEMBL825248,CHEMBL186126,CL,mL.min-1.kg-1,=,4.3,CHEMBL612558,,Clearance value in dog at 0.2 mg/kg dose in intravenous and 1 mg/kg of peroral,A,COc1ncc([C@@H](CCCCCCc2ccc3c(n2)NCCC3)CC(=O)O)cn1,4.3,mL.min-1.kg-1,species_only_dog
1469000,CHEMBL825248,CHEMBL150678,CL,mL.min-1.kg-1,=,26.0,CHEMBL612558,,Clearance value in dog at 0.2 mg/kg dose in intravenous and 1 mg/kg of peroral,A,O=C(O)CC(NC(=O)CCCCc1ccc2c(n1)NCCC2)c1cncnc1,26.0,mL.min-1.kg-1,species_only_dog
1474592,CHEMBL840654,CHEMBL188937,CL,mL.min-1.kg-1,=,3.0,CHEMBL612558,,Plasma clearance in dog after intravenous dose of 2.5 mg/kg,A,COc1cc(C(=O)NC2CCCN(Cc3ccc4c(c3)OCO4)C2)cc(OC)c1C,3.0,mL.min-1.kg-1,species_only_dog
1475010,CHEMBL839807,CHEMBL433764,CL,mL.min-1.kg-1,=,11.0,CHEMBL612558,,Pharmacokinetic parameter Cl(clearance) studied in dog,A,CC(C)(C)NC(=O)C1(C2CCCCC2)CCN(C(=O)[C@@H](Cc2ccc(Cl)cc2)NC(=O)[C@H]2CCc3ccccc3[C@H]2N)CC1,11.0,mL.min-1.kg-1,species_only_dog
1475306,CHEMBL828355,CHEMBL186097,CL,mL.min-1.kg-1,=,27.83,CHEMBL612558,,Clearance in Beagle dogs,A,CCCCN(CC)c1cc(C)nc2c1NC(=O)CN2c1ccc(OC)nc1OC,27.83,mL.min-1.kg-1,species_only_dog
1480007,CHEMBL839622,CHEMBL191067,CL,mL.min-1.kg-1,=,1.5,CHEMBL612558,,Plasma clearance in dog,A,CN(C)C(=O)[C@@H](c1ccc(-c2ccc(F)cc2)cc1)[C@H](N)C(=O)N1CC[C@H](F)C1.O=C(O)C(F)(F)F,1.5,mL.min-1.kg-1,species_only_dog
1488734,CHEMBL849426,CHEMBL190497,CL,mL.min-1.kg-1,=,1.0,CHEMBL612558,,Total body clearance of drug from the plasma after intravenous administration at 0.032 mg/kg in dog,A,O=C([O-])COc1cccc2c1CCC[C@H]2N1CCC[C@@H]1c1nc(-c2ccccc2)c(-c2ccccc2)o1.[Na+],1.0,mL.min-1.kg-1,species_only_dog
1491055,CHEMBL839623,CHEMBL189054,CL,mL.min-1.kg-1,=,22.0,CHEMBL612558,,Plasma clearance in dog,A,CN1CCCC(CN(C)C(=O)Cn2c(-c3ccccc3)c(C3CCCCC3)c3ccc(C(=O)O)cc32)C1,22.0,mL.min-1.kg-1,species_only_dog
1491441,CHEMBL840493,CHEMBL362909,CL,mL.min-1.kg-1,=,9.0,CHEMBL612558,,Plasma clearance after intravenous administration of 1 mg/kg in dog,A,CCN(CC)C1CCN(C(=O)Cn2c(-c3ccc(Cl)cc3)c(C3CCCCC3)c3ccc(C(=O)O)cc32)CC1,9.0,mL.min-1.kg-1,species_only_dog
1496103,CHEMBL839483,CHEMBL192530,CL,mL.min-1.kg-1,=,10.0,CHEMBL612558,,Clearance is determined in dog after intravenous administration at 1 mg/kg,A,CCN1c2ncc(CCOc3ccc(C(=O)O)cc3C)cc2C(=O)N(C)c2cccnc21,10.0,mL.min-1.kg-1,species_only_dog
1507657,CHEMBL825359,CHEMBL132589,CL,mL.min-1.kg-1,=,1.59,CHEMBL612558,,Clearance in dog after iv administration (n=2-3),A,O=C([O-])COc1cccc(C[C@@H]2CCCC=C2c2nc(-c3ccccc3)c(-c3ccccc3)o2)c1.[Na+],1.59,mL.min-1.kg-1,species_only_dog
1507673,CHEMBL825359,CHEMBL192613,CL,mL.min-1.kg-1,=,1.59,CHEMBL612558,,Clearance in dog after iv administration (n=2-3),A,O=C(O)c1cccc(C[C@@H]2CCCC=C2c2nc(-c3ccccc3)c(-c3ccccc3)o2)c1,1.59,mL.min-1.kg-1,species_only_dog
1507788,CHEMBL825359,CHEMBL191638,CL,mL.min-1.kg-1,=,0.52,CHEMBL612558,,Clearance in dog after iv administration (n=2-3),A,O=C(NS(=O)(=O)Cc1ccccc1)c1cccc(C[C@@H]2CCCC=C2c2nc(-c3ccccc3)c(-c3ccccc3)o2)c1,0.52,mL.min-1.kg-1,species_only_dog
1521858,CHEMBL849423,CHEMBL196779,CL,mL.min-1.kg-1,=,2.31,CHEMBL612558,,Total clearance in dog after intravenous administration at 0.32 mg/kg dose,A,O=C(O)COc1cccc2c1CC[C@](O)(COC(=O)N(c1ccccc1)c1ccccc1)C2,2.31,mL.min-1.kg-1,species_only_dog
1605390,CHEMBL882524,CHEMBL401930,CL,mL.min-1.kg-1,=,4.1,CHEMBL612558,,Total clearance in dog when administered intravenously at 2 mg/kg ,A,Cc1cc(N2CCOCC2)cc2[nH]c(-c3c(NC[C@@H](O)c4cccc(Cl)c4)cc[nH]c3=O)nc12,4.1,mL.min-1.kg-1,species_only_dog
1607472,CHEMBL880709,CHEMBL198362,CL,mL.min-1.kg-1,=,5.0,CHEMBL612558,,Mean plasma clearance in female Beagle dogs after intravenous administration of the compound at a dose of 0.3 and 1 mg/kg,A,O=C(NC[C@H]1CN(c2ccc(N3CCOCC3=O)cc2)C(=O)O1)c1ccc(Cl)s1,5.0,mL.min-1.kg-1,species_only_dog
1609138,CHEMBL880715,CHEMBL196363,CL,mL.min-1.kg-1,=,1.8,CHEMBL612558,,Plasma clearance observed in dog at a dose of both intravenously and orally at 5 mg/kg,A,Cc1cccc(NC(=O)Nc2ccc(-c3csc4ncnc(N)c34)cc2)c1,1.8,mL.min-1.kg-1,species_only_dog
1612816,CHEMBL879791,CHEMBL197801,CL,mL.min-1.kg-1,=,6.667,CHEMBL612558,,Plasma clearance at a dose of 3 mg/Kg in dog when given orally,A,O[C@@H]1[C@H](O)CO[C@H]1n1cc(-c2ccccc2)c2c(Nc3ccc(F)cc3)ncnc21,6.667,mL.min-1.kg-1,species_only_dog
1612823,CHEMBL880446,CHEMBL197801,CL,mL.min-1.kg-1,=,6.667,CHEMBL612558,,Plasma clearance at a dose of 1 mg/kg in dog when given i.v.,A,O[C@@H]1[C@H](O)CO[C@H]1n1cc(-c2ccccc2)c2c(Nc3ccc(F)cc3)ncnc21,6.667,mL.min-1.kg-1,species_only_dog
1614222,CHEMBL884584,CHEMBL198387,CL,mL.min-1.kg-1,=,6.8,CHEMBL373,Canis lupus familiaris,Plasma clearance in dog,A,CC(C)(C)C1CCC2(CC1)CCN(c1ccc(OC(F)(F)F)cc1)C(=O)N2Cc1ccc(C(=O)Nc2nn[nH]n2)cc1,6.8,mL.min-1.kg-1,species_only_dog
1658177,CHEMBL867562,CHEMBL373257,CL,mL.min-1.kg-1,=,3.51,CHEMBL373,Canis lupus familiaris,plasma clearance in dog,A,Cn1c(-c2ccccc2C(F)(F)F)nnc1C12CCC(c3nc(-c4ccc(F)cc4)no3)(CC1)CC2,3.51,mL.min-1.kg-1,species_only_dog
1659339,CHEMBL861624,CHEMBL381630,CL,mL.min-1.kg-1,=,23.0,CHEMBL373,Canis lupus familiaris,"Plasma clearance in dog at 10 mg/kg, po",A,CC(C)(c1ncc(-c2ccc(Cl)cc2)o1)N1CCN(C[C@@H](O)C[C@@H](Cc2cc3ccncc3o2)C(=O)N[C@H]2c3ccccc3OC[C@H]2O)[C@H](C(=O)NCC(F)(F)F)C1,23.0,mL.min-1.kg-1,species_only_dog
1659859,CHEMBL860457,CHEMBL371909,CL,mL.min-1.kg-1,=,35.0,CHEMBL373,Canis lupus familiaris,"Clearance in dog at 3 mg/kg, po",A,C[C@H]1O[C@@H](n2cc(-c3ccccc3)c3c(NCC(=O)NC4CC4)ncnc32)[C@H](O)[C@@H]1O,35.0,mL.min-1.kg-1,species_only_dog
1662928,CHEMBL862745,CHEMBL381632,CL,mL.min-1.kg-1,=,26.75,CHEMBL373,Canis lupus familiaris,Plasma clearance in dog,A,CC(C)(C)N1CCC(c2cc(-c3ccc(F)cc3Cl)c3ccc(=O)n(-c4c(Cl)cccc4Cl)c3c2)CC1,26.75,mL.min-1.kg-1,species_only_dog
1662929,CHEMBL862745,CHEMBL424666,CL,mL.min-1.kg-1,=,37.6,CHEMBL373,Canis lupus familiaris,Plasma clearance in dog,A,CC(C)(C)N1CCC(c2cc3c(ccc(=O)n3-c3c(Cl)cccc3Cl)c(-c3ccccc3Cl)n2)CC1,37.6,mL.min-1.kg-1,species_only_dog
1662930,CHEMBL862745,CHEMBL199625,CL,mL.min-1.kg-1,=,20.5,CHEMBL373,Canis lupus familiaris,Plasma clearance in dog,A,CC(C)(C)N1CCC(c2cc3c(ccc(=O)n3-c3c(Cl)cccc3Cl)c(-c3ccc(F)cc3F)n2)CC1,20.5,mL.min-1.kg-1,species_only_dog
1662931,CHEMBL862745,CHEMBL199679,CL,mL.min-1.kg-1,=,5.5,CHEMBL373,Canis lupus familiaris,Plasma clearance in dog,A,CC(C)(C)N1CCC(c2cc(-c3ccc(F)cc3F)c3ccc(=O)n(-c4c(Cl)cccc4Cl)c3c2)CC1,5.5,mL.min-1.kg-1,species_only_dog
1667266,CHEMBL862774,CHEMBL199957,CL,mL.min-1.kg-1,=,41.0,CHEMBL373,Canis lupus familiaris,Plasma clearance in dog,A,Cc1ccn2c(-c3cccc(-c4ccccc4C#N)c3)cnc2n1,41.0,mL.min-1.kg-1,species_only_dog
1667276,CHEMBL862774,CHEMBL369902,CL,mL.min-1.kg-1,=,2.9,CHEMBL373,Canis lupus familiaris,Plasma clearance in dog,A,N#Cc1cc(F)ccc1-c1cc(-c2cnc3nc(C(F)(F)F)ccn23)ccc1F,2.9,mL.min-1.kg-1,species_only_dog
1667290,CHEMBL862774,CHEMBL201472,CL,mL.min-1.kg-1,=,8.2,CHEMBL373,Canis lupus familiaris,Plasma clearance in dog,A,CC(C)(O)c1ccn2c(-c3ccc(F)c(-c4cccnc4)c3)cnc2n1,8.2,mL.min-1.kg-1,species_only_dog
1676387,CHEMBL859583,CHEMBL201782,CL,mL.min-1.kg-1,=,3.6,CHEMBL373,Canis lupus familiaris,"Plasma clearance in dog at 5 mL/kg, po",A,CSc1ccc(-c2ccccc2[C@@H]2CCC(F)(F)C[C@H]2C(=O)NCC#N)cc1,3.6,mL.min-1.kg-1,species_only_dog
1677544,CHEMBL853586,CHEMBL204232,CL,mL.min-1.kg-1,=,4.4,CHEMBL373,Canis lupus familiaris,Plasma clearance in Beagle dog,A,CC(=O)Nc1c(C(C)=O)c(=O)n(C)c2nc(-c3ccc(Cl)cc3Cl)c(-c3ccc(Cl)cc3)cc12,4.4,mL.min-1.kg-1,species_only_dog
1679150,CHEMBL860467,CHEMBL202319,CL,mL.min-1.kg-1,=,0.47,CHEMBL373,Canis lupus familiaris,"Clearance in Beagle dog at 0.9 mg/kg, iv or 3.6 mg/kg, po",A,O=c1c(C2=NS(=O)(=O)c3ccccc3N2)c(O)c2ccccc2n1CCC1CC1,0.47,mL.min-1.kg-1,species_only_dog
1679380,CHEMBL860465,CHEMBL176058,CL,mL.min-1.kg-1,=,0.5,CHEMBL373,Canis lupus familiaris,"Clearance in Beagle dog at 0.8 mg/kg, iv or 1.8 mg/kg, po",A,CC(C)CCn1c(=O)c(C2=NS(=O)(=O)c3ccccc3N2)c(O)c2ccccc21,0.5,mL.min-1.kg-1,species_only_dog
1679399,CHEMBL860470,CHEMBL201769,CL,mL.min-1.kg-1,=,1.09,CHEMBL373,Canis lupus familiaris,"Clearance in Beagle dog at 0.9 mg/kg, iv or 3.6 mg/kg, po",A,Cc1ccc2c(c1)c(O)c(C1=NS(=O)(=O)c3ccccc3N1)c(=O)n2CCC(C)C,1.09,mL.min-1.kg-1,species_only_dog
1679414,CHEMBL860473,CHEMBL372357,CL,mL.min-1.kg-1,=,0.86,CHEMBL373,Canis lupus familiaris,"Clearance in Beagle dog at 0.8 mg/kg, iv or 4.0mg/kg, po",A,O=c1c(C2=Nc3ccccc3S(=O)(=O)N2)c(O)c2cc(F)ccc2n1CCC1CC1,0.86,mL.min-1.kg-1,species_only_dog
1679983,CHEMBL867021,CHEMBL204696,CL,mL.min-1.kg-1,=,4.6,CHEMBL373,Canis lupus familiaris,"Plasma clearance in dog at 1 mg/kg, iv or 1 mg/kg, po",A,CC(C)(O)c1cnn2c(-c3ccc(F)c(-c4c(F)cccc4C#N)c3)cnc2n1,4.6,mL.min-1.kg-1,species_only_dog
1680965,CHEMBL859103,CHEMBL204188,CL,mL.min-1.kg-1,=,0.54,CHEMBL373,Canis lupus familiaris,"Plasma clearance in Beagle dog at 0.5 mg/kg, iv",A,O=c1c2nn(-c3ccccc3Cl)c(-c3ccc(Cl)cc3)c2ncn1CC(F)(F)F,0.54,mL.min-1.kg-1,species_only_dog
1680975,CHEMBL859103,CHEMBL201602,CL,mL.min-1.kg-1,=,10.0,CHEMBL373,Canis lupus familiaris,"Plasma clearance in Beagle dog at 0.5 mg/kg, iv",A,Cc1nc2c(-c3ccc(Cl)cc3)n(-c3ccccc3Cl)nc2c(=O)n1CC(F)(F)F,10.0,mL.min-1.kg-1,species_only_dog
1681155,CHEMBL865918,CHEMBL363211,CL,mL.min-1.kg-1,=,39.0,CHEMBL373,Canis lupus familiaris,Clearance in dog,A,Cc1cc(-c2nncc3c(C(C)(C)C)c(OCc4ncnn4C)nn23)no1,39.0,mL.min-1.kg-1,species_only_dog
1682160,CHEMBL854136,CHEMBL203599,CL,mL.min-1.kg-1,=,11.5,CHEMBL373,Canis lupus familiaris,"Plasma clearance in dog at 5 mg/kg, iv",A,CN1CCN(CCC#CC(=O)Nc2cc3c(Nc4ccc(F)c(Cl)c4)ncnc3cn2)CC1,11.5,mL.min-1.kg-1,species_only_dog
1683498,CHEMBL868280,CHEMBL204593,CL,mL.min-1.kg-1,=,15.0,CHEMBL373,Canis lupus familiaris,"Clearance in Beagle dog at 1 mg/kg, iv",A,Cc1cc(S(=O)(=O)N[C@@H](C(=O)NO)C2CCOCC2)ccc1F,15.0,mL.min-1.kg-1,species_only_dog
1683579,CHEMBL868267,CHEMBL202478,CL,mL.min-1.kg-1,=,17.0,CHEMBL373,Canis lupus familiaris,Plasma clearance in dog,A,COc1cccc([C@@H](c2ccc3c(c2)CN(CC(=O)O)CC3)N2C[C@@H](C)N(Cc3ccccc3)C[C@@H]2C)c1,17.0,mL.min-1.kg-1,species_only_dog
1686607,CHEMBL860571,CHEMBL427025,CL,mL.min-1.kg-1,=,30.2,CHEMBL373,Canis lupus familiaris,"Clearance in Beagle dog at 0.25 mg/kg, iv",A,N#Cc1cnc(Nc2cc(N3CCC(N)CC3)ncn2)s1,30.2,mL.min-1.kg-1,species_only_dog
1686617,CHEMBL860571,CHEMBL380735,CL,mL.min-1.kg-1,=,7.26,CHEMBL373,Canis lupus familiaris,"Clearance in Beagle dog at 0.25 mg/kg, iv",A,N#Cc1cnc(Nc2cc(N3CCN(CCN4CCCC4)CC3)ncn2)s1,7.26,mL.min-1.kg-1,species_only_dog
1686618,CHEMBL860571,CHEMBL204700,CL,mL.min-1.kg-1,=,13.1,CHEMBL373,Canis lupus familiaris,"Clearance in Beagle dog at 0.25 mg/kg, iv",A,N#Cc1cnc(Nc2cc(N3CCN(CCCN4CCOCC4)CC3)ncn2)s1,13.1,mL.min-1.kg-1,species_only_dog
1686619,CHEMBL860571,CHEMBL204446,CL,mL.min-1.kg-1,=,4.11,CHEMBL373,Canis lupus familiaris,"Clearance in Beagle dog at 0.25 mg/kg, iv",A,N#Cc1cnc(Nc2cc(N3CCN(CCN4CCOCC4)CC3)ncn2)s1,4.11,mL.min-1.kg-1,species_only_dog
1686620,CHEMBL860571,CHEMBL379896,CL,mL.min-1.kg-1,=,10.5,CHEMBL373,Canis lupus familiaris,"Clearance in Beagle dog at 0.25 mg/kg, iv",A,COCCN1CCN(c2cc(Nc3ncc(C#N)s3)ncn2)CC1,10.5,mL.min-1.kg-1,species_only_dog
1686625,CHEMBL860574,CHEMBL204446,CL,mL.min-1.kg-1,=,4.11,CHEMBL373,Canis lupus familiaris,"Clearance in dog at 1 mg/kg, iv and 1 mg/kg, po",A,N#Cc1cnc(Nc2cc(N3CCN(CCN4CCOCC4)CC3)ncn2)s1,4.11,mL.min-1.kg-1,species_only_dog
1689294,CHEMBL862225,CHEMBL203567,CL,mL.min-1.kg-1,=,11.17,CHEMBL373,Canis lupus familiaris,"Clearance in Beagle dog at 10 mg/kg, iv",A,Nc1c(C(=O)c2cccc(OC[C@@H](O)CO)c2)cnn1-c1ccc(F)cc1,11.17,mL.min-1.kg-1,species_only_dog
1693022,CHEMBL861564,CHEMBL206383,CL,mL.min-1.kg-1,=,4.7,CHEMBL373,Canis lupus familiaris,"Plasma clearance in dog at 1 mg/kg, iv or 2 mg/kg, po",A,C[C@@H](c1ccc(-c2ccc(=O)n(C)c2)cc1)[C@H](N)C(=O)N1CC[C@H](F)C1.O=C(O)C(F)(F)F,4.7,mL.min-1.kg-1,species_only_dog
1695539,CHEMBL864384,CHEMBL201472,CL,mL.min-1.kg-1,=,8.1,CHEMBL373,Canis lupus familiaris,"Plasma clearance in Beagle dog at 1 mg/kg, iv or 1 mg/kg, po",A,CC(C)(O)c1ccn2c(-c3ccc(F)c(-c4cccnc4)c3)cnc2n1,8.1,mL.min-1.kg-1,species_only_dog
1695627,CHEMBL864384,CHEMBL203785,CL,mL.min-1.kg-1,=,2.2,CHEMBL373,Canis lupus familiaris,"Plasma clearance in Beagle dog at 1 mg/kg, iv or 1 mg/kg, po",A,CC(C)(O)c1cnn2c(-c3ccc(F)c(-c4ncccc4C#N)c3)cnc2n1,2.2,mL.min-1.kg-1,species_only_dog
1695628,CHEMBL864384,CHEMBL203897,CL,mL.min-1.kg-1,=,0.5,CHEMBL373,Canis lupus familiaris,"Plasma clearance in Beagle dog at 1 mg/kg, iv or 1 mg/kg, po",A,CC(C)(O)c1cnn2c(-c3ccc(F)c(-c4ncc(F)cc4F)c3)cnc2n1,0.5,mL.min-1.kg-1,species_only_dog
1697385,CHEMBL868397,CHEMBL383541,CL,mL.min-1.kg-1,=,41.67,CHEMBL373,Canis lupus familiaris,Plasma clearance in dog at 2.5 mg/kg,A,N[C@H](COc1cncc(/C=C/c2ccncc2)c1)Cc1c[nH]c2ccccc12,41.67,mL.min-1.kg-1,species_only_dog
1697386,CHEMBL868397,CHEMBL379914,CL,mL.min-1.kg-1,=,23.33,CHEMBL373,Canis lupus familiaris,Plasma clearance in dog at 2.5 mg/kg,A,N[C@H](COc1cnc(Cl)c(/C=C/c2ccncc2)c1)Cc1c[nH]c2ccccc12,23.33,mL.min-1.kg-1,species_only_dog
1698572,CHEMBL867201,CHEMBL2113219,CL,mL.min-1.kg-1,=,1.5,CHEMBL373,Canis lupus familiaris,"Clearance in Beagle dog at 0.5 mg/kg, iv and 2 mg/kg, po",A,CC1(C)C=C(C(F)(F)F)c2cc(Cl)c(OCCCOc3ccc(CC(C)(C)C(=O)O)cc3)cc2O1,1.5,mL.min-1.kg-1,species_only_dog
1698583,CHEMBL867201,CHEMBL206759,CL,mL.min-1.kg-1,=,1.45,CHEMBL373,Canis lupus familiaris,"Clearance in Beagle dog at 0.5 mg/kg, iv and 2 mg/kg, po",A,CC[C@@](C)(Cc1ccc(OCCCOc2cc3oc(=O)cc(C(F)(F)F)c3cc2Cl)cc1)C(=O)O,1.45,mL.min-1.kg-1,species_only_dog
1701948,CHEMBL863841,CHEMBL383303,CL,mL.min-1.kg-1,=,17.0,CHEMBL373,Canis lupus familiaris,Plasma clearance in dog,A,Fc1cnc(-c2cc(-c3cnnc(-c4c(F)cncc4F)c3)ccc2F)c(F)c1,17.0,mL.min-1.kg-1,species_only_dog
1701954,CHEMBL863841,CHEMBL202789,CL,mL.min-1.kg-1,=,3.9,CHEMBL373,Canis lupus familiaris,Plasma clearance in dog,A,Fc1cnc(-c2cc(-c3ccc(F)c(-c4ncc(F)cc4F)c3)cnn2)c(F)c1,3.9,mL.min-1.kg-1,species_only_dog
1702077,CHEMBL868951,CHEMBL204459,CL,mL.min-1.kg-1,=,23.0,CHEMBL373,Canis lupus familiaris,"Plasma clearance in dog at 0.4 mg/kg, iv",A,N[C@H](C(=O)N1CC(c2cc(F)ccc2F)=C[C@H]1c1ccccc1)C1CC1,23.0,mL.min-1.kg-1,species_only_dog
1702296,CHEMBL866594,CHEMBL381533,CL,mL.min-1.kg-1,=,13.0,CHEMBL373,Canis lupus familiaris,"Plasma clearance in dog at 0.4 mg/kg, iv",A,CN(C)C(=O)N1CC(c2cc(F)ccc2F)=C[C@H]1c1cccc(O)c1,13.0,mL.min-1.kg-1,species_only_dog
1702302,CHEMBL866594,CHEMBL202788,CL,mL.min-1.kg-1,=,11.0,CHEMBL373,Canis lupus familiaris,"Plasma clearance in dog at 0.4 mg/kg, iv",A,CC(C)(C)[C@H](NC(=O)OCCO)C(=O)N1CC(c2cc(F)ccc2F)=C[C@H]1c1ccccc1,11.0,mL.min-1.kg-1,species_only_dog
1703726,CHEMBL859932,CHEMBL381949,CL,mL.min-1.kg-1,=,18.33,CHEMBL373,Canis lupus familiaris,"Clearance in dog at 0.4 mg/kg, iv and 0.2 mg/kg, po",A,CN(C)Cc1ccccc1-c1ccc(NC(=O)c2cc(C(F)(F)F)nn2-c2ccc3onc(N)c3c2)c(F)c1,18.33,mL.min-1.kg-1,species_only_dog
1703730,CHEMBL859932,CHEMBL206335,CL,mL.min-1.kg-1,=,18.33,CHEMBL373,Canis lupus familiaris,"Clearance in dog at 0.4 mg/kg, iv and 0.2 mg/kg, po",A,CN(C)Cc1nccn1-c1ccc(NC(=O)c2cc(C(F)(F)F)nn2-c2ccc3onc(N)c3c2)c(F)c1,18.33,mL.min-1.kg-1,species_only_dog
1703731,CHEMBL859932,CHEMBL436766,CL,mL.min-1.kg-1,=,12.67,CHEMBL373,Canis lupus familiaris,"Clearance in dog at 0.4 mg/kg, iv and 0.2 mg/kg, po",A,Nc1noc2ccc(-n3nc(C(F)(F)F)cc3C(=O)Nc3ccc(-c4ccccc4CN4CC[C@@H](O)C4)cc3F)cc12,12.67,mL.min-1.kg-1,species_only_dog
1703732,CHEMBL859932,CHEMBL379036,CL,mL.min-1.kg-1,=,28.33,CHEMBL373,Canis lupus familiaris,"Clearance in dog at 0.4 mg/kg, iv and 0.2 mg/kg, po",A,Nc1noc2ccc(-n3nc(C(F)(F)F)cc3C(=O)Nc3ccc(-c4ccccc4CN4CCCC4)cc3F)cc12,28.33,mL.min-1.kg-1,species_only_dog
1705594,CHEMBL866601,CHEMBL380203,CL,mL.min-1.kg-1,=,22.0,CHEMBL373,Canis lupus familiaris,"Clearance in dog at 1 mg/kg, iv",A,CC(C)CN(C[C@@H](O)[C@H](Cc1ccc(OCCc2cccs2)cc1)NC(=O)O[C@H]1CO[C@H]2OCC[C@H]21)S(=O)(=O)c1ccc2c(c1)OCO2,22.0,mL.min-1.kg-1,species_only_dog
1705597,CHEMBL866601,CHEMBL206031,CL,mL.min-1.kg-1,=,19.0,CHEMBL373,Canis lupus familiaris,"Clearance in dog at 1 mg/kg, iv",A,Cc1nc(COc2ccc(C[C@H](NC(=O)O[C@H]3CO[C@H]4OCC[C@H]43)[C@H](O)CN(CC(C)C)S(=O)(=O)c3ccc4c(c3)OCO4)cc2)cs1,19.0,mL.min-1.kg-1,species_only_dog
1707932,CHEMBL869630,CHEMBL380853,CL,mL.min-1.kg-1,=,0.28,CHEMBL373,Canis lupus familiaris,"Clearance in dog at 2 mg/kg, iv",A,CC(C)(C(=O)O)c1ccc(-c2ccccc2)c(F)c1,0.28,mL.min-1.kg-1,species_only_dog
1709552,CHEMBL861486,CHEMBL205378,CL,mL.min-1.kg-1,=,6.667,CHEMBL373,Canis lupus familiaris,"Clearance in Beagle dog at 1 mg/kg, po",A,CCC[C@H](C(N)=O)[C@@H](CC(C)C)C(=O)N[C@H]1CCCCN(Cc2cccc(-c3ccc(F)c(Cl)c3)c2)C1=O,6.667,mL.min-1.kg-1,species_only_dog
1709553,CHEMBL861485,CHEMBL205907,CL,mL.min-1.kg-1,=,10.0,CHEMBL373,Canis lupus familiaris,"Clearance in Beagle dog at 0.5 mg/kg, po",A,CCC[C@H](C(N)=O)[C@@H](CC(C)C)C(=O)N[C@H]1CCCCN(Cc2cccc(Nc3ccccc3)c2)C1=O,10.0,mL.min-1.kg-1,species_only_dog
1709554,CHEMBL861485,CHEMBL445932,CL,mL.min-1.kg-1,=,31.67,CHEMBL373,Canis lupus familiaris,"Clearance in Beagle dog at 0.5 mg/kg, po",A,CCC[C@H](C(N)=O)[C@@H](CC(C)C)C(=O)N[C@H]1CCCCN(Cc2cccc(Oc3ccccc3)c2)C1=O,31.67,mL.min-1.kg-1,species_only_dog
1711676,CHEMBL870787,CHEMBL205447,CL,mL.min-1.kg-1,=,66.67,CHEMBL373,Canis lupus familiaris,"Clearance in dog at 10 mg/kg, po or 1 mg/kg, iv",A,COc1ccccc1Oc1cccc(CN2CCC(NC(=O)C3(c4ccccc4)CCNCC3)CC2)c1,66.67,mL.min-1.kg-1,species_only_dog
1712516,CHEMBL862151,CHEMBL206002,CL,mL.min-1.kg-1,=,9.3,CHEMBL373,Canis lupus familiaris,Clearance in Beagle dog,A,C[C@H](CNc1cccc(-c2ccc(C(=O)O)cc2C(=O)O)c1)NC[C@H](O)c1cccc(Cl)c1,9.3,mL.min-1.kg-1,species_only_dog
1712521,CHEMBL862151,CHEMBL377028,CL,mL.min-1.kg-1,=,11.3,CHEMBL373,Canis lupus familiaris,Clearance in Beagle dog,A,C[C@H](CNc1cccc(-c2ccccc2C(=O)O)c1)NC[C@H](O)c1cccc(Cl)c1,11.3,mL.min-1.kg-1,species_only_dog
1712538,CHEMBL862151,CHEMBL207943,CL,mL.min-1.kg-1,=,5.64,CHEMBL373,Canis lupus familiaris,Clearance in Beagle dog,A,O=C(O)c1ccncc1-c1cccc(NCCNC[C@H](O)c2cccc(Cl)c2)c1,5.64,mL.min-1.kg-1,species_only_dog
1712539,CHEMBL862151,CHEMBL204827,CL,mL.min-1.kg-1,=,7.1,CHEMBL373,Canis lupus familiaris,Clearance in Beagle dog,A,Cc1ccc(C(=O)O)cc1-c1cccc(NCCNC[C@H](O)c2cccc(Cl)c2)c1,7.1,mL.min-1.kg-1,species_only_dog
1712540,CHEMBL862151,CHEMBL208427,CL,mL.min-1.kg-1,=,2.4,CHEMBL373,Canis lupus familiaris,Clearance in Beagle dog,A,O=C(O)c1cccc(-c2cccc(NCCNC[C@H](O)c3cccc(Cl)c3)c2)c1,2.4,mL.min-1.kg-1,species_only_dog
1712541,CHEMBL862151,CHEMBL205224,CL,mL.min-1.kg-1,=,7.3,CHEMBL373,Canis lupus familiaris,Clearance in Beagle dog,A,C[C@H](CNc1cccc(-c2cccc(C(=O)O)c2)c1)NC[C@H](O)c1cccc(Cl)c1,7.3,mL.min-1.kg-1,species_only_dog
1715020,CHEMBL865103,CHEMBL373339,CL,mL.min-1.kg-1,=,8.7,CHEMBL373,Canis lupus familiaris,Clearance in dog,A,CC(C)Oc1cc(OCCc2ccsc2)cc(C(=O)Nc2ccc(C(=O)O)cn2)c1,8.7,mL.min-1.kg-1,species_only_dog
1715042,CHEMBL865103,CHEMBL205627,CL,mL.min-1.kg-1,=,4.4,CHEMBL373,Canis lupus familiaris,Clearance in dog,A,COC[C@H](C)Oc1cc(O[C@@H](C)Cc2ccccc2)cc(C(=O)Nc2ccc(C(=O)O)cn2)c1,4.4,mL.min-1.kg-1,species_only_dog
1715128,CHEMBL870763,CHEMBL381597,CL,mL.min-1.kg-1,=,12.05,CHEMBL373,Canis lupus familiaris,"Clearance in dog at 2 umol/kg, iv and 4 umol/kg, po",A,CCCc1cc(N[C@@H](CC(C)C)C(=O)NCCCOCC)nc(-n2cnc(-c3ccc(OC(F)(F)F)cc3)c2)n1,12.05,mL.min-1.kg-1,species_only_dog
1715377,CHEMBL870074,CHEMBL207305,CL,mL.min-1.kg-1,=,38.33,CHEMBL373,Canis lupus familiaris,"Clearance in Beagle dog at 2 mg/kg, iv",A,Cc1cc(COc2ccc(C(=O)NC3(CC(=O)NO)CCOCC3)cc2)c2ccccc2n1,38.33,mL.min-1.kg-1,species_only_dog
1715530,CHEMBL853113,CHEMBL208009,CL,mL.min-1.kg-1,=,5.0,CHEMBL373,Canis lupus familiaris,"Clearance in Beagle dog at 0.5 mg/kg, iv",A,Cc1cc(COc2ccc(C(=O)NC3(CC(=O)NO)CCNCC3)cc2)c2ccccc2n1,5.0,mL.min-1.kg-1,species_only_dog
1715660,CHEMBL853159,CHEMBL207584,CL,mL.min-1.kg-1,=,5.0,CHEMBL373,Canis lupus familiaris,"Clearance in dog at 2 mg/kg, po and 1 mg/kg, iv",A,COc1cc2ncnc(Nc3cccc(Cl)c3F)c2cc1CN1CCC[C@H]1C(N)=O,5.0,mL.min-1.kg-1,species_only_dog
1715661,CHEMBL853159,CHEMBL207687,CL,mL.min-1.kg-1,=,14.0,CHEMBL373,Canis lupus familiaris,"Clearance in dog at 2 mg/kg, po and 1 mg/kg, iv",A,COc1cc2ncnc(Nc3cccc(Cl)c3F)c2cc1CN(C)[C@@H](C)C(N)=O,14.0,mL.min-1.kg-1,species_only_dog
1716747,CHEMBL870691,CHEMBL377681,CL,mL.min-1.kg-1,=,8.333,CHEMBL373,Canis lupus familiaris,Clearance in dog,A,N=C(N)c1ccc(CNC(=O)[C@@H]2C=CCN2C(=O)[C@@H](CC2CCCCC2)NCC(=O)O)cn1,8.333,mL.min-1.kg-1,species_only_dog
1716748,CHEMBL870691,CHEMBL381709,CL,mL.min-1.kg-1,=,8.333,CHEMBL373,Canis lupus familiaris,Clearance in dog,A,N=C(N)c1csc(CNC(=O)[C@@H]2C=CCN2C(=O)[C@@H](CC2CCCCC2)NCC(=O)O)n1,8.333,mL.min-1.kg-1,species_only_dog
1717988,CHEMBL862649,CHEMBL379522,CL,mL.min-1.kg-1,=,22.0,CHEMBL373,Canis lupus familiaris,Hepatic clearance in Beagle dog,A,N#C[C@@H]1CC[C@H](C#N)N1C(=O)CNC1(CO)CCCC1,22.0,mL.min-1.kg-1,species_only_dog
1722067,CHEMBL860517,CHEMBL210603,CL,mL.min-1.kg-1,=,8.0,CHEMBL373,Canis lupus familiaris,"Clearance in dog at 0.43 mg/kg, iv",A,CCCCOc1ncc(C(C)=O)cc1-c1nc(O)c2nn(Cc3ccccn3)c(CCC)c2n1,8.0,mL.min-1.kg-1,species_only_dog
1722172,CHEMBL860108,CHEMBL208583,CL,mL.min-1.kg-1,=,13.0,CHEMBL373,Canis lupus familiaris,Clearance in dog at 0.5 mg/kg,A,CCCOc1ncc(C(C)=O)cc1-c1nc(O)c2nn(C3CN(C(C)C)C3)c(CC)c2n1,13.0,mL.min-1.kg-1,species_only_dog
1722178,CHEMBL860108,CHEMBL210930,CL,mL.min-1.kg-1,=,17.5,CHEMBL373,Canis lupus familiaris,Clearance in dog at 0.5 mg/kg,A,CCCCOc1ncc(C(C)=O)cc1-c1nc(O)c2nn(C3CN(CC)C3)c(CC)c2n1,17.5,mL.min-1.kg-1,species_only_dog
1722183,CHEMBL860108,CHEMBL427043,CL,mL.min-1.kg-1,=,38.0,CHEMBL373,Canis lupus familiaris,Clearance in dog at 0.5 mg/kg,A,CCCCOc1ncc(C(C)=O)cc1-c1nc(O)c2nn(C3CCN(CC)CC3)c(CC)c2n1,38.0,mL.min-1.kg-1,species_only_dog
1723118,CHEMBL868188,CHEMBL377221,CL,mL.min-1.kg-1,=,3.1,CHEMBL373,Canis lupus familiaris,"Plasma clearance in dog at 1 mg/kg, iv or 2 mg/kg, po",A,CN(C)C(=O)[C@@H](c1ccc(-c2ccc3ncnn3c2)cc1)[C@H](N)C(=O)N1CC[C@H](F)C1.O=C(O)C(F)(F)F,3.1,mL.min-1.kg-1,species_only_dog
1723135,CHEMBL868188,CHEMBL208957,CL,mL.min-1.kg-1,=,1.0,CHEMBL373,Canis lupus familiaris,"Plasma clearance in dog at 1 mg/kg, iv or 2 mg/kg, po",A,CN(C)C(=O)[C@@H](c1ccc(-c2ccn3nccc3n2)cc1)[C@H](N)C(=O)N1CCC(F)(F)C1.O=C(O)C(F)(F)F,1.0,mL.min-1.kg-1,species_only_dog
1723136,CHEMBL868188,CHEMBL210829,CL,mL.min-1.kg-1,=,1.5,CHEMBL373,Canis lupus familiaris,"Plasma clearance in dog at 1 mg/kg, iv or 2 mg/kg, po",A,CN(C)C(=O)[C@@H](c1ccc(-c2ccn3ncnc3c2)cc1)[C@H](N)C(=O)N1CCC(F)(F)C1.O=C(O)C(F)(F)F,1.5,mL.min-1.kg-1,species_only_dog
1723137,CHEMBL868188,CHEMBL209064,CL,mL.min-1.kg-1,=,1.8,CHEMBL373,Canis lupus familiaris,"Plasma clearance in dog at 1 mg/kg, iv or 2 mg/kg, po",A,CN(C)C(=O)[C@@H](c1ccc(-c2ccc3ncnn3c2)cc1)[C@H](N)C(=O)N1CCC(F)(F)C1.O=C(O)C(F)(F)F,1.8,mL.min-1.kg-1,species_only_dog
1723138,CHEMBL868188,CHEMBL378048,CL,mL.min-1.kg-1,=,5.9,CHEMBL373,Canis lupus familiaris,"Plasma clearance in dog at 1 mg/kg, iv or 2 mg/kg, po",A,CN(C)C(=O)[C@@H](c1ccc(-c2ccc3ncnn3c2)cc1)[C@H](N)C(=O)N1CCCC1.O=C(O)C(F)(F)F,5.9,mL.min-1.kg-1,species_only_dog
1723139,CHEMBL868188,CHEMBL210974,CL,mL.min-1.kg-1,=,6.1,CHEMBL373,Canis lupus familiaris,"Plasma clearance in dog at 1 mg/kg, iv or 2 mg/kg, po",A,CN(C)C(=O)[C@@H](c1ccc(-c2ccc3ncnn3c2)cc1)[C@H](N)C(=O)N1CC(F)C1.O=C(O)C(F)(F)F,6.1,mL.min-1.kg-1,species_only_dog
1725912,CHEMBL871284,CHEMBL195232,CL,mL.min-1.kg-1,=,22.1,CHEMBL373,Canis lupus familiaris,"Clearance in mongrel dog at 0.25 mg/kg, iv",A,CC(=O)N1N=C(c2cc(F)ccc2F)C[C@H]1c1cccc(O)c1,22.1,mL.min-1.kg-1,species_only_dog
1725913,CHEMBL871284,CHEMBL377566,CL,mL.min-1.kg-1,=,14.5,CHEMBL373,Canis lupus familiaris,"Clearance in mongrel dog at 0.25 mg/kg, iv",A,CN(C)C(=O)N1N=C(c2cc(F)ccc2F)C[C@@]1(CCCN)c1ccccc1,14.5,mL.min-1.kg-1,species_only_dog
1727409,CHEMBL853249,CHEMBL207433,CL,mL.min-1.kg-1,=,11.0,CHEMBL373,Canis lupus familiaris,Clearance in dog,A,O=C(Nc1ccccc1Br)N[C@@H]1CCN(c2ccc(C(F)(F)F)cn2)C1,11.0,mL.min-1.kg-1,species_only_dog
1732869,CHEMBL870938,CHEMBL208787,CL,mL.min-1.kg-1,=,6.0,CHEMBL373,Canis lupus familiaris,Clearance in dog,A,CC(C)C[C@@H]1C(=O)N[C@H](C2Cc3ccccc3C2)C(=O)N1[C@@H](C(=O)NC(C)C)c1ccc2occc2c1,6.0,mL.min-1.kg-1,species_only_dog
1732887,CHEMBL870938,CHEMBL211556,CL,mL.min-1.kg-1,=,21.0,CHEMBL373,Canis lupus familiaris,Clearance in dog,A,CC(C)C[C@@H]1C(=O)N[C@H](C2Cc3ccccc3C2)C(=O)N1[C@@H](C(=O)O)c1ccc(F)cc1F,21.0,mL.min-1.kg-1,species_only_dog
1732900,CHEMBL870938,CHEMBL210029,CL,mL.min-1.kg-1,=,6.0,CHEMBL373,Canis lupus familiaris,Clearance in dog,A,CC(C)C[C@@H]1C(=O)N[C@H](C2Cc3ccccc3C2)C(=O)N1[C@@H](C(=O)N(C)CCO)c1ccc(F)cc1F,6.0,mL.min-1.kg-1,species_only_dog
1732909,CHEMBL870938,CHEMBL211443,CL,mL.min-1.kg-1,=,8.0,CHEMBL373,Canis lupus familiaris,Clearance in dog,A,CC(C)C[C@@H]1C(=O)N[C@H](C2Cc3ccccc3C2)C(=O)N1[C@@H](C(=O)N1CCOCC1)c1ccc(F)cc1F,8.0,mL.min-1.kg-1,species_only_dog
1732917,CHEMBL870938,CHEMBL378718,CL,mL.min-1.kg-1,=,4.0,CHEMBL373,Canis lupus familiaris,Clearance in dog,A,CC(C)C[C@@H]1C(=O)N[C@H](C2Cc3ccccc3C2)C(=O)N1[C@@H](C(=O)N1CCC1)c1ccc(F)cc1F,4.0,mL.min-1.kg-1,species_only_dog
1732944,CHEMBL870938,CHEMBL377414,CL,mL.min-1.kg-1,=,7.0,CHEMBL373,Canis lupus familiaris,Clearance in dog,A,CC(C)C[C@@H]1C(=O)N[C@H](C2Cc3ccccc3C2)C(=O)N1[C@@H](C(=O)N(C)C)c1ccc(F)cc1F,7.0,mL.min-1.kg-1,species_only_dog
1732957,CHEMBL870938,CHEMBL379192,CL,mL.min-1.kg-1,=,13.0,CHEMBL373,Canis lupus familiaris,Clearance in dog,A,CNC(=O)[C@@H](c1ccc(F)cc1F)N1C(=O)[C@@H](C2Cc3ccccc3C2)NC(=O)[C@H]1CC(C)C,13.0,mL.min-1.kg-1,species_only_dog
1732973,CHEMBL870938,CHEMBL213112,CL,mL.min-1.kg-1,=,21.0,CHEMBL373,Canis lupus familiaris,Clearance in dog,A,CC(C)C[C@@H]1C(=O)N[C@H](C2Cc3ccccc3C2)C(=O)N1[C@@H](C(=O)NC(C)(C)C)c1ccc(N2CCC(O)CC2)cc1,21.0,mL.min-1.kg-1,species_only_dog
1732989,CHEMBL870938,CHEMBL211440,CL,mL.min-1.kg-1,=,23.0,CHEMBL373,Canis lupus familiaris,Clearance in dog,A,CC(C)C[C@@H]1C(=O)N[C@H](C2Cc3ccccc3C2)C(=O)N1[C@@H](C(=O)NC(C)(C)C)c1ccc2c(c1)OCO2,23.0,mL.min-1.kg-1,species_only_dog
1733346,CHEMBL870938,CHEMBL196603,CL,mL.min-1.kg-1,=,15.0,CHEMBL373,Canis lupus familiaris,Clearance in dog,A,CC(C)C[C@@H]1C(=O)N[C@H](C2Cc3ccccc3C2)C(=O)N1[C@@H](C(=O)NC(C)C)c1ccc(N(C)C)cc1,15.0,mL.min-1.kg-1,species_only_dog
1733436,CHEMBL870938,CHEMBL427227,CL,mL.min-1.kg-1,=,6.0,CHEMBL373,Canis lupus familiaris,Clearance in dog,A,CC[C@@H](C)[C@@H]1C(=O)N[C@H](C2Cc3ccccc3C2)C(=O)N1[C@@H](C(=O)NC(C)C)c1ccc(N2CCOCC2)cc1,6.0,mL.min-1.kg-1,species_only_dog
1733592,CHEMBL870938,CHEMBL378939,CL,mL.min-1.kg-1,=,14.0,CHEMBL373,Canis lupus familiaris,Clearance in dog,A,CC(C)C[C@@H]1C(=O)N[C@H](C2Cc3ccccc3C2)C(=O)N1[C@@H](C(=O)NC(C)(C)C)c1ccc2c(c1)CCO2,14.0,mL.min-1.kg-1,species_only_dog
1733854,CHEMBL870938,CHEMBL196478,CL,mL.min-1.kg-1,=,11.0,CHEMBL373,Canis lupus familiaris,Clearance in dog,A,CC(C)C[C@@H]1C(=O)N[C@H](C2Cc3ccccc3C2)C(=O)N1[C@@H](C(=O)NC(C)C)c1ccc(F)cc1F,11.0,mL.min-1.kg-1,species_only_dog
1734707,CHEMBL862923,CHEMBL385587,CL,mL.min-1.kg-1,=,2.7,CHEMBL373,Canis lupus familiaris,"Plasma clearance in Beagle dog at 1 mg/kg, iv and 1 mg/kg, po",A,C[C@@H](C(=O)N1CCOCC1)N1CC[C@H](NS(=O)(=O)c2ccc3cc(Cl)ccc3c2)C1=O,2.7,mL.min-1.kg-1,species_only_dog
1741048,CHEMBL869346,CHEMBL212689,CL,mL.min-1.kg-1,=,18.0,CHEMBL373,Canis lupus familiaris,"Clearance in dog at 1 mg/kg, iv",A,CCN(C(=O)Cc1ccc(S(C)(=O)=O)cc1)C1CCN(CC[C@H](c2ccc(S(C)(=O)=O)cc2)c2cc(F)cc(F)c2)CC1,18.0,mL.min-1.kg-1,species_only_dog
1741711,CHEMBL864758,CHEMBL377893,CL,mL.min-1.kg-1,=,9.167,CHEMBL373,Canis lupus familiaris,"Clearance in dog at 0.5 mg/kg, iv and 0.2 mg/kg, po",A,COc1ccc(-n2nc(C(N)=O)c3ncn(-c4ccc(-c5ccccc5CN5CCCC5)cc4)c(=O)c32)cc1.O=C(O)C(F)(F)F,9.167,mL.min-1.kg-1,species_only_dog
1741712,CHEMBL864758,CHEMBL378334,CL,mL.min-1.kg-1,=,12.67,CHEMBL373,Canis lupus familiaris,"Clearance in dog at 0.5 mg/kg, iv and 0.2 mg/kg, po",A,COc1ccc(-n2nc(C(N)=O)c3ncn(-c4ccc(-c5ccccc5CN5CCCC5)cc4F)c(=O)c32)cc1.O=C(O)C(F)(F)F,12.67,mL.min-1.kg-1,species_only_dog
1741713,CHEMBL864758,CHEMBL213979,CL,mL.min-1.kg-1,=,113.33,CHEMBL373,Canis lupus familiaris,"Clearance in dog at 0.5 mg/kg, iv and 0.2 mg/kg, po",A,COc1ccc(-n2nc(C#N)c3ncn(-c4ccc(-c5ccccc5CN5CCCC5)cc4)c(=O)c32)cc1.O=C(O)C(F)(F)F,113.33,mL.min-1.kg-1,species_only_dog
1741771,CHEMBL864758,CHEMBL558198,CL,mL.min-1.kg-1,=,18.33,CHEMBL373,Canis lupus familiaris,"Clearance in dog at 0.5 mg/kg, iv and 0.2 mg/kg, po",A,CN(C)Cc1nccn1-c1ccc(NC(=O)c2cc(C(F)(F)F)nn2-c2ccc3onc(N)c3c2)c(F)c1.Cl,18.33,mL.min-1.kg-1,species_only_dog
1754383,CHEMBL853465,CHEMBL209689,CL,mL.min-1.kg-1,=,1.0,CHEMBL373,Canis lupus familiaris,Clearance in dog,A,Cc1ccc2c(c1)c(-c1ccnc3c(C)cccc13)c(C)n2CC(=O)O,1.0,mL.min-1.kg-1,species_only_dog
1755003,CHEMBL869239,CHEMBL379588,CL,mL.min-1.kg-1,=,31.67,CHEMBL373,Canis lupus familiaris,Clearance in dog,A,Cc1nn(-c2ccc3onc(N)c3c2)c2c1CCN(c1ccc(-c3ccccc3CN3CCCC3)cc1)C2=O,31.67,mL.min-1.kg-1,species_only_dog
1755004,CHEMBL869239,CHEMBL385679,CL,mL.min-1.kg-1,=,53.33,CHEMBL373,Canis lupus familiaris,Clearance in dog,A,Cc1nn(-c2ccc3onc(N)c3c2)c2c1CCN(c1ccc(-c3ccccc3CN(C)C)cc1)C2=O,53.33,mL.min-1.kg-1,species_only_dog
1755012,CHEMBL869239,CHEMBL211410,CL,mL.min-1.kg-1,=,16.33,CHEMBL373,Canis lupus familiaris,Clearance in dog,A,CN(C)Cc1ccccc1-c1ccc(N2CCc3c(C(F)(F)F)nn(-c4ccc5onc(N)c5c4)c3C2=O)cc1,16.33,mL.min-1.kg-1,species_only_dog
1755069,CHEMBL869239,CHEMBL436791,CL,mL.min-1.kg-1,=,17.5,CHEMBL373,Canis lupus familiaris,Clearance in dog,A,CN(C)Cc1ccccc1-c1ccc(N2CCc3c(C(F)(F)F)nn(-c4ccc5onc(N)c5c4)c3C2=O)c(F)c1,17.5,mL.min-1.kg-1,species_only_dog
1755070,CHEMBL869239,CHEMBL206335,CL,mL.min-1.kg-1,=,18.33,CHEMBL373,Canis lupus familiaris,Clearance in dog,A,CN(C)Cc1nccn1-c1ccc(NC(=O)c2cc(C(F)(F)F)nn2-c2ccc3onc(N)c3c2)c(F)c1,18.33,mL.min-1.kg-1,species_only_dog
1755071,CHEMBL869239,CHEMBL209376,CL,mL.min-1.kg-1,=,27.67,CHEMBL373,Canis lupus familiaris,Clearance in dog,A,CNCc1ccccc1-c1ccc(N2CCc3c(C(F)(F)F)nn(-c4ccc5onc(N)c5c4)c3C2=O)cc1,27.67,mL.min-1.kg-1,species_only_dog
1755072,CHEMBL869239,CHEMBL378092,CL,mL.min-1.kg-1,=,16.83,CHEMBL373,Canis lupus familiaris,Clearance in dog,A,Nc1noc2ccc(-n3nc(C(F)(F)F)c4c3C(=O)N(c3ccc(-c5ccccc5CN5CCCC5)cc3)CC4)cc12,16.83,mL.min-1.kg-1,species_only_dog
1755073,CHEMBL869239,CHEMBL378222,CL,mL.min-1.kg-1,=,4.5,CHEMBL373,Canis lupus familiaris,Clearance in dog,A,Nc1noc2ccc(-n3nc(C(F)(F)F)c4c3C(=O)N(c3ccc(-c5ccccc5CN5CC[C@H](O)C5)cc3)CC4)cc12,4.5,mL.min-1.kg-1,species_only_dog
1755074,CHEMBL869239,CHEMBL378093,CL,mL.min-1.kg-1,=,5.833,CHEMBL373,Canis lupus familiaris,Clearance in dog,A,Nc1noc2ccc(-n3nc(C(F)(F)F)c4c3C(=O)N(c3ccc(-c5ccccc5CN5CC[C@@H](O)C5)cc3)CC4)cc12,5.833,mL.min-1.kg-1,species_only_dog
1755075,CHEMBL869239,CHEMBL213888,CL,mL.min-1.kg-1,=,3.5,CHEMBL373,Canis lupus familiaris,Clearance in dog,A,Nc1noc2ccc(-n3nc(C(F)(F)F)c4c3C(=O)N(c3ccc(-c5ccccc5CN5CCC(O)CC5)cc3)CC4)cc12,3.5,mL.min-1.kg-1,species_only_dog
1755076,CHEMBL869239,CHEMBL402881,CL,mL.min-1.kg-1,=,13.17,CHEMBL373,Canis lupus familiaris,Clearance in dog,A,Nc1noc2ccc(-n3nc(C(F)(F)F)c4c3C(=O)N(c3ccc(-c5ccccc5CN5CCCC5)cc3F)CC4)cc12,13.17,mL.min-1.kg-1,species_only_dog
1755077,CHEMBL869239,CHEMBL263767,CL,mL.min-1.kg-1,=,5.833,CHEMBL373,Canis lupus familiaris,Clearance in dog,A,Nc1noc2ccc(-n3nc(C(F)(F)F)c4c3C(=O)N(c3ccc(-c5ccccc5CN5CC[C@@H](O)C5)cc3F)CC4)cc12,5.833,mL.min-1.kg-1,species_only_dog
1755078,CHEMBL869239,CHEMBL380405,CL,mL.min-1.kg-1,=,7.0,CHEMBL373,Canis lupus familiaris,Clearance in dog,A,Cc1nn(-c2ccc3onc(N)c3c2)c2c1CCN(c1ccc(-c3ccccc3CN3CC[C@@H](O)C3)cc1)C2=O,7.0,mL.min-1.kg-1,species_only_dog
1755079,CHEMBL869239,CHEMBL379397,CL,mL.min-1.kg-1,=,15.67,CHEMBL373,Canis lupus familiaris,Clearance in dog,A,Cc1nn(-c2ccc3onc(N)c3c2)c2c1CCN(c1ccc(-c3ccccc3CN3CC[C@@H](O)C3)cc1F)C2=O,15.67,mL.min-1.kg-1,species_only_dog
1757857,CHEMBL870332,CHEMBL425777,CL,mL.min-1.kg-1,=,39.0,CHEMBL373,Canis lupus familiaris,"Clearance in dog at 1.0 mg/kg, iv",A,COc1cc2c(cc1Cl)[C@H](C)[C@@H]1CNC[C@H]21,39.0,mL.min-1.kg-1,species_only_dog
1765519,CHEMBL856314,CHEMBL213001,CL,mL.min-1.kg-1,=,66.0,CHEMBL373,Canis lupus familiaris,Clearance in dog,A,Cc1cccc(C#CCCc2cccc(Cl)c2)n1,66.0,mL.min-1.kg-1,species_only_dog
1770637,CHEMBL855836,CHEMBL385979,CL,mL.min-1.kg-1,=,55.0,CHEMBL373,Canis lupus familiaris,"Clearance in dog at 0.5 mg/kg, iv and 0.2 mg/kg, po",A,Cc1nn(-c2ccc3onc(N)c3c2)c2c(=O)n(-c3ccc(-c4ccccc4CN(C)C)cc3)cnc12.O=C(O)C(F)(F)F,55.0,mL.min-1.kg-1,species_only_dog
1770643,CHEMBL855836,CHEMBL386589,CL,mL.min-1.kg-1,=,16.33,CHEMBL373,Canis lupus familiaris,"Clearance in dog at 0.5 mg/kg, iv and 0.2 mg/kg, po",A,Nc1noc2ccc(-n3nc(C(F)(F)F)c4c3C(=O)N(c3ccc(-c5ccccc5CN5CC[C@@H](O)C5)cc3)CN4)cc12.O=C(O)C(F)(F)F,16.33,mL.min-1.kg-1,species_only_dog
1770644,CHEMBL855836,CHEMBL386756,CL,mL.min-1.kg-1,=,10.0,CHEMBL373,Canis lupus familiaris,"Clearance in dog at 0.5 mg/kg, iv and 0.2 mg/kg, po",A,Cc1nc2c(C(F)(F)F)nn(-c3ccc4onc(N)c4c3)c2c(=O)n1-c1ccc(-c2ccccc2CN2CC[C@@H](O)C2)cc1.O=C(O)C(F)(F)F,10.0,mL.min-1.kg-1,species_only_dog
1770645,CHEMBL855836,CHEMBL215755,CL,mL.min-1.kg-1,=,11.67,CHEMBL373,Canis lupus familiaris,"Clearance in dog at 0.5 mg/kg, iv and 0.2 mg/kg, po",A,Cc1nc2c(C(F)(F)F)nn(-c3ccc4onc(N)c4c3)c2c(=O)n1-c1ccc(-c2ccccc2CN(C)C)cc1.O=C(O)C(F)(F)F,11.67,mL.min-1.kg-1,species_only_dog
1770646,CHEMBL855836,CHEMBL385147,CL,mL.min-1.kg-1,=,20.0,CHEMBL373,Canis lupus familiaris,"Clearance in dog at 0.5 mg/kg, iv and 0.2 mg/kg, po",A,Cc1nn(-c2ccc3onc(N)c3c2)c2c(=O)n(-c3ccc(-c4ccccc4CN4CC[C@@H](O)C4)cc3)c(C)nc12.O=C(O)C(F)(F)F,20.0,mL.min-1.kg-1,species_only_dog
1770647,CHEMBL855836,CHEMBL385980,CL,mL.min-1.kg-1,=,28.33,CHEMBL373,Canis lupus familiaris,"Clearance in dog at 0.5 mg/kg, iv and 0.2 mg/kg, po",A,Cc1nn(-c2ccc3onc(N)c3c2)c2c(=O)n(-c3ccc(-c4ccccc4CN(C)C)cc3)c(C)nc12.O=C(O)C(F)(F)F,28.33,mL.min-1.kg-1,species_only_dog
1770648,CHEMBL855836,CHEMBL558198,CL,mL.min-1.kg-1,=,18.33,CHEMBL373,Canis lupus familiaris,"Clearance in dog at 0.5 mg/kg, iv and 0.2 mg/kg, po",A,CN(C)Cc1nccn1-c1ccc(NC(=O)c2cc(C(F)(F)F)nn2-c2ccc3onc(N)c3c2)c(F)c1.Cl,18.33,mL.min-1.kg-1,species_only_dog
1774934,CHEMBL855578,CHEMBL386369,CL,mL.min-1.kg-1,=,15.17,CHEMBL373,Canis lupus familiaris,"Plasma clearance in Beagle dog at 2.5 mg/kg, iv",A,C#C[C@H]1CC[C@@H](C#N)N1C(=O)CNC1(C)CCN(c2cc(C(=O)O)ccn2)CC1,15.17,mL.min-1.kg-1,species_only_dog
1776730,CHEMBL912982,CHEMBL217453,CL,mL.min-1.kg-1,=,11.67,CHEMBL373,Canis lupus familiaris,"Clearance in Beagle dog at 2 umol/kg, iv",A,O=C(c1ccc(Br)cc1NS(=O)(=O)c1cccc2nsnc12)N1CCCCC1,11.67,mL.min-1.kg-1,species_only_dog
1776733,CHEMBL912982,CHEMBL216483,CL,mL.min-1.kg-1,=,1.617,CHEMBL373,Canis lupus familiaris,"Clearance in Beagle dog at 2 umol/kg, iv",A,O=C(c1ccc(I)cc1NS(=O)(=O)c1cccc2nccnc12)N1CCOCC1,1.617,mL.min-1.kg-1,species_only_dog
1778162,CHEMBL909416,CHEMBL217776,CL,mL.min-1.kg-1,=,0.5,CHEMBL373,Canis lupus familiaris,Plasma clearance in iv or po dosed Beagle dog,A,CN(C)C(c1ccccc1)c1nc(O)c(O)c(C(=O)NCc2ccc(F)cc2)n1,0.5,mL.min-1.kg-1,species_only_dog
1778170,CHEMBL909416,CHEMBL386710,CL,mL.min-1.kg-1,=,2.2,CHEMBL373,Canis lupus familiaris,Plasma clearance in iv or po dosed Beagle dog,A,CN1CCOCC1c1nc(C(=O)NCc2ccc(F)cc2)c(O)c(=O)n1C,2.2,mL.min-1.kg-1,species_only_dog
1778171,CHEMBL909416,CHEMBL407451,CL,mL.min-1.kg-1,=,2.0,CHEMBL373,Canis lupus familiaris,Plasma clearance in iv or po dosed Beagle dog,A,CN1CCCCC1c1nc(O)c(O)c(C(=O)NCc2ccc(F)cc2)n1,2.0,mL.min-1.kg-1,species_only_dog
1778172,CHEMBL909416,CHEMBL386515,CL,mL.min-1.kg-1,=,1.9,CHEMBL373,Canis lupus familiaris,Plasma clearance in iv or po dosed Beagle dog,A,CN(C)C(C)(C)c1nc(O)c(O)c(C(=O)NCc2ccc(F)cc2)n1,1.9,mL.min-1.kg-1,species_only_dog
1779295,CHEMBL856627,CHEMBL217092,CL,mL.min-1.kg-1,=,11.67,CHEMBL373,Canis lupus familiaris,Clearance in male dog,A,CN1CCN(CCOc2cc(OC3CCOCC3)c3c(Nc4c(Cl)ccc5c4OCO5)ncnc3c2)CC1,11.67,mL.min-1.kg-1,species_only_dog
1779305,CHEMBL856627,CHEMBL426161,CL,mL.min-1.kg-1,=,35.0,CHEMBL373,Canis lupus familiaris,Clearance in male dog,A,COc1ccc(Cl)c(Nc2ncnc3cc(OCC4CCN(C)CC4)c(OC)cc23)c1,35.0,mL.min-1.kg-1,species_only_dog
1779306,CHEMBL856627,CHEMBL216105,CL,mL.min-1.kg-1,=,5.0,CHEMBL373,Canis lupus familiaris,Clearance in male dog,A,CN1CCC(COc2cc(OC3CCOCC3)c3c(Nc4c(Cl)ccc5c4OCO5)ncnc3c2)CC1,5.0,mL.min-1.kg-1,species_only_dog
1779307,CHEMBL856627,CHEMBL217090,CL,mL.min-1.kg-1,=,15.0,CHEMBL373,Canis lupus familiaris,Clearance in male dog,A,Clc1ccc2c(c1Nc1ncnc3cc(OCCCN4CCCC4)cc(OC4CCOCC4)c13)OCO2,15.0,mL.min-1.kg-1,species_only_dog
1781522,CHEMBL910024,CHEMBL386974,CL,mL.min-1.kg-1,=,11.8,CHEMBL373,Canis lupus familiaris,"Clearance in Beagle dog at 1 mg/kg, po",A,CCCn1c(=O)c2nc([C@]34CC[C@](CCC(=O)O)(CC3)CC4)[nH]c2n(CCC)c1=O,11.8,mL.min-1.kg-1,species_only_dog
1783658,CHEMBL853858,CHEMBL214529,CL,mL.min-1.kg-1,=,3.6,CHEMBL373,Canis lupus familiaris,"Clearance in dog at 5 mg/kg, iv",A,CN1C(=O)N(c2cc(Cl)cc(Cl)c2)C(=O)[C@]12CN(Cc1cc(C(=O)O)cs1)C[C@H]2c1ccc(C#N)cc1,3.6,mL.min-1.kg-1,species_only_dog
1796665,CHEMBL912232,CHEMBL219182,CL,mL.min-1.kg-1,=,3.333,CHEMBL373,Canis lupus familiaris,Plasma clearance in iv dosed dog,A,Cc1cccc(C(=O)NCN2CCC(c3cccc[n+]3[O-])CC2)c1,3.333,mL.min-1.kg-1,species_only_dog
1802706,CHEMBL854463,CHEMBL217899,CL,mL.min-1.kg-1,=,26.8,CHEMBL373,Canis lupus familiaris,"Plasma clearance in Beagle dog at 1 mg/kg, iv",A,CCc1nn(C2CCCC2)c2c1CCn1c(-c3cccs3)nnc1-2,26.8,mL.min-1.kg-1,species_only_dog
1803820,CHEMBL912903,CHEMBL374580,CL,mL.min-1.kg-1,=,21.0,CHEMBL373,Canis lupus familiaris,"Clearance in Mongrel dog at 3 mg/kg, po and 1 mg/kg, iv",A,COC(=O)c1c(F)cccc1-c1ccc([C@@H](C)NC(=O)C2(NC(=O)C(F)(F)F)CC2)c(F)c1,21.0,mL.min-1.kg-1,species_only_dog
1803828,CHEMBL912903,CHEMBL218605,CL,mL.min-1.kg-1,=,6.0,CHEMBL373,Canis lupus familiaris,"Clearance in Mongrel dog at 3 mg/kg, po and 1 mg/kg, iv",A,Cc1noc(-c2c(F)cccc2-c2ccc([C@@H](C)NC(=O)C3(NC(=O)C(F)(F)F)CC3)c(F)c2)n1,6.0,mL.min-1.kg-1,species_only_dog
1803829,CHEMBL912903,CHEMBL232943,CL,mL.min-1.kg-1,=,9.0,CHEMBL373,Canis lupus familiaris,"Clearance in Mongrel dog at 3 mg/kg, po and 1 mg/kg, iv",A,COC(=O)c1c(Cl)cccc1-c1ccc([C@@H](C)NC(=O)C2(NC(=O)C(F)(F)F)CC2)c(F)c1,9.0,mL.min-1.kg-1,species_only_dog
1809611,CHEMBL913629,CHEMBL374187,CL,mL.min-1.kg-1,=,8.333,CHEMBL373,Canis lupus familiaris,Clearance in dog,A,CN(C)Cc1ccccc1-c1ccc(N2CCc3c(C(F)(F)F)nn(-c4ccccc4S(N)(=O)=O)c3C2=O)cc1,8.333,mL.min-1.kg-1,species_only_dog
1809612,CHEMBL913629,CHEMBL378093,CL,mL.min-1.kg-1,=,5.833,CHEMBL373,Canis lupus familiaris,Clearance in dog,A,Nc1noc2ccc(-n3nc(C(F)(F)F)c4c3C(=O)N(c3ccc(-c5ccccc5CN5CC[C@@H](O)C5)cc3)CC4)cc12,5.833,mL.min-1.kg-1,species_only_dog
1809613,CHEMBL913629,CHEMBL206335,CL,mL.min-1.kg-1,=,18.33,CHEMBL373,Canis lupus familiaris,Clearance in dog,A,CN(C)Cc1nccn1-c1ccc(NC(=O)c2cc(C(F)(F)F)nn2-c2ccc3onc(N)c3c2)c(F)c1,18.33,mL.min-1.kg-1,species_only_dog
1809614,CHEMBL913629,CHEMBL374305,CL,mL.min-1.kg-1,=,7.167,CHEMBL373,Canis lupus familiaris,Clearance in dog,A,NC(=O)c1cccc(-n2nc(C(F)(F)F)c3c2C(=O)N(c2ccc(-c4ccccc4CN4CC[C@@H](O)C4)cc2)CC3)c1,7.167,mL.min-1.kg-1,species_only_dog
1809615,CHEMBL913629,CHEMBL374304,CL,mL.min-1.kg-1,=,4.833,CHEMBL373,Canis lupus familiaris,Clearance in dog,A,NS(=O)(=O)c1ccccc1-n1nc(C(F)(F)F)c2c1C(=O)N(c1ccc(-c3ccccc3CN3CC[C@@H](O)C3)cc1)CC2,4.833,mL.min-1.kg-1,species_only_dog
1809616,CHEMBL913629,CHEMBL222079,CL,mL.min-1.kg-1,=,7.167,CHEMBL373,Canis lupus familiaris,Clearance in dog,A,CN(C)Cc1ccccc1-c1ccc(N2CCc3c(C(F)(F)F)nn(-c4cccc(C(N)=O)c4)c3C2=O)cc1,7.167,mL.min-1.kg-1,species_only_dog
1811656,CHEMBL908463,CHEMBL220601,CL,mL.min-1.kg-1,=,34.0,CHEMBL373,Canis lupus familiaris,"Clearance in dog at 0.25 mg/kg, iv",A,O=c1[nH]c2ccc(-c3cn[nH]c3)cc2cc1-c1cc2cc(CN3CCOCC3)ccc2[nH]1,34.0,mL.min-1.kg-1,species_only_dog
1811657,CHEMBL908463,CHEMBL220653,CL,mL.min-1.kg-1,=,27.0,CHEMBL373,Canis lupus familiaris,"Clearance in dog at 0.25 mg/kg, iv",A,CC(=O)N1CCN(Cc2ccc3[nH]c(-c4cc5cc(-c6cn[nH]c6)ccc5[nH]c4=O)cc3c2)CC1,27.0,mL.min-1.kg-1,species_only_dog
1811658,CHEMBL908463,CHEMBL374518,CL,mL.min-1.kg-1,=,2.3,CHEMBL373,Canis lupus familiaris,"Clearance in dog at 0.25 mg/kg, iv",A,COCC(=O)N1CCN(Cc2ccc3[nH]c(-c4cc5cc(-c6cn[nH]c6)ccc5[nH]c4=O)cc3c2)CC1,2.3,mL.min-1.kg-1,species_only_dog
1811659,CHEMBL908463,CHEMBL220973,CL,mL.min-1.kg-1,=,6.5,CHEMBL373,Canis lupus familiaris,"Clearance in dog at 0.25 mg/kg, iv",A,CC(=O)N1CCN(Cc2ccc3[nH]c(-c4cc5cc(-c6cnn(C)c6)ccc5[nH]c4=O)cc3c2)CC1,6.5,mL.min-1.kg-1,species_only_dog
1811660,CHEMBL908463,CHEMBL220956,CL,mL.min-1.kg-1,=,22.0,CHEMBL373,Canis lupus familiaris,"Clearance in dog at 0.25 mg/kg, iv",A,O=c1[nH]c2ccc(-c3cn[nH]c3)cc2cc1-c1cc2cc(CN3CCC(F)CC3)ccc2[nH]1,22.0,mL.min-1.kg-1,species_only_dog
1811661,CHEMBL908463,CHEMBL374662,CL,mL.min-1.kg-1,=,30.0,CHEMBL373,Canis lupus familiaris,"Clearance in dog at 0.25 mg/kg, iv",A,O=c1[nH]c2ccc(-c3cn[nH]c3)cc2cc1-c1cc2cc(CN3CCCCC3)ccc2[nH]1,30.0,mL.min-1.kg-1,species_only_dog
1813176,CHEMBL912548,CHEMBL387374,CL,mL.min-1.kg-1,=,1.24,CHEMBL373,Canis lupus familiaris,"Clearance in Beagle dog at 1 mg/kg, iv",A,CCCOC(=O)N1CCc2c(OCCc3nc(-c4ccc(-c5ccccc5)cc4)oc3C)ccc(CCC(=O)[O-])c2C1.[Na+],1.24,mL.min-1.kg-1,species_only_dog
1813589,CHEMBL911969,CHEMBL223156,CL,mL.min-1.kg-1,=,1.7,CHEMBL373,Canis lupus familiaris,"Clearance in dog at 2 mpk, po",A,CN1C(=O)NC(=O)[C@]12Cc1ccc(NC(=O)Cn3c(=O)n(-c4ccccn4)c4ccccc43)cc1C2,1.7,mL.min-1.kg-1,species_only_dog
1814133,CHEMBL854056,CHEMBL219586,CL,mL.min-1.kg-1,=,13.0,CHEMBL373,Canis lupus familiaris,"Plasma clearance in Beagle dog at 2 mg/kg, iv",A,Cc1nc(-c2ccc(C(F)(F)F)cc2)sc1C(=O)NCc1ccc(OC(C)(C)C(=O)O)cc1,13.0,mL.min-1.kg-1,species_only_dog
1814526,CHEMBL907901,CHEMBL219060,CL,mL.min-1.kg-1,=,14.0,CHEMBL373,Canis lupus familiaris,"Plasma clearance in Beagle dog at 0.5 mg/kg, iv",A,O=C(OCc1ccccc1)N1CCC(CNc2ccncc2)CC1,14.0,mL.min-1.kg-1,species_only_dog
1814536,CHEMBL907904,CHEMBL218713,CL,mL.min-1.kg-1,=,6.7,CHEMBL373,Canis lupus familiaris,"Plasma clearance in Beagle dog at 1 mg/kg, iv",A,Cc1ccc(COC(=O)N2CCC(CNc3ncccn3)CC2)cc1,6.7,mL.min-1.kg-1,species_only_dog
1817639,CHEMBL855777,CHEMBL218375,CL,mL.min-1.kg-1,=,7.0,CHEMBL373,Canis lupus familiaris,"Clearance in dog at 10 mg/kg, po and 1 mg/kg, iv",A,CCOC(=O)N1CCC(NS(=O)(=O)c2ccc(NC(=O)c3ccccc3C)c3ccccc23)CC1,7.0,mL.min-1.kg-1,species_only_dog
1823162,CHEMBL918018,CHEMBL220050,CL,mL.min-1.kg-1,=,4.6,CHEMBL373,Canis lupus familiaris,"Plasma clearance in Beagle dog at 1 mg/kg, iv and 2.5 mg/kg, po",A,C[C@@H](C(=O)N1CCOCC1)N1CC[C@H](NS(=O)(=O)/C=C/c2ccc(Cl)s2)C1=O,4.6,mL.min-1.kg-1,species_only_dog
1823553,CHEMBL919869,CHEMBL376632,CL,mL.min-1.kg-1,=,4.5,CHEMBL373,Canis lupus familiaris,Clearance in dog at 3 mg/kg,A,Cc1cc(N2CCC[C@@H]2C(=O)NCCc2ccc3c(c2)OCO3)nc(-n2ccnc2)n1,4.5,mL.min-1.kg-1,species_only_dog
1826453,CHEMBL919933,CHEMBL223360,CL,mL.min-1.kg-1,=,7.2,CHEMBL373,Canis lupus familiaris,"Clearance in Beagle dog at 2.5 mg/kg, iv",A,Cc1ccc(F)c(NC(=O)Nc2ccc(-c3cccc4[nH]nc(N)c34)cc2)c1,7.2,mL.min-1.kg-1,species_only_dog
1828650,CHEMBL913770,CHEMBL389847,CL,mL.min-1.kg-1,=,4.44,CHEMBL373,Canis lupus familiaris,"Clearance in dog at 5 mg/kg, iv",A,C[C@@H](O)[C@H]1C(=O)N2C(C(=O)O)=C(S[C@H]3C[C@@H](C(=O)N4CC[C@H](NC(=O)CNC(=N)N)C4)N(C)C3)[C@H](C)[C@H]12,4.44,mL.min-1.kg-1,species_only_dog
1828651,CHEMBL913771,CHEMBL389847,CL,mL.min-1.kg-1,=,4.19,CHEMBL373,Canis lupus familiaris,"Clearance in dog at 10 mg/kg, iv",A,C[C@@H](O)[C@H]1C(=O)N2C(C(=O)O)=C(S[C@H]3C[C@@H](C(=O)N4CC[C@H](NC(=O)CNC(=N)N)C4)N(C)C3)[C@H](C)[C@H]12,4.19,mL.min-1.kg-1,species_only_dog
1828652,CHEMBL913772,CHEMBL389847,CL,mL.min-1.kg-1,=,3.26,CHEMBL373,Canis lupus familiaris,"Clearance in dog at 25 mg/kg, iv",A,C[C@@H](O)[C@H]1C(=O)N2C(C(=O)O)=C(S[C@H]3C[C@@H](C(=O)N4CC[C@H](NC(=O)CNC(=N)N)C4)N(C)C3)[C@H](C)[C@H]12,3.26,mL.min-1.kg-1,species_only_dog
1838945,CHEMBL913860,CHEMBL224035,CL,mL.min-1.kg-1,=,13.4,CHEMBL373,Canis lupus familiaris,Clearance in iv dosed dog,A,CS(=O)(=O)N1CCN(Cc2ccnc(Nc3ncc(-c4ccccc4)s3)c2)CC1,13.4,mL.min-1.kg-1,species_only_dog
1838969,CHEMBL913866,CHEMBL373693,CL,mL.min-1.kg-1,=,12.4,CHEMBL373,Canis lupus familiaris,"Clearance in Beagle dog at 0.25 mg/kg, iv and 1 mg/kg, po",A,N#Cc1cnc(Nc2cc(CN3CCOCC3)ccn2)s1,12.4,mL.min-1.kg-1,species_only_dog
1838974,CHEMBL913866,CHEMBL221468,CL,mL.min-1.kg-1,=,7.4,CHEMBL373,Canis lupus familiaris,"Clearance in Beagle dog at 0.25 mg/kg, iv and 1 mg/kg, po",A,CN(C)C(=O)N1CCN(Cc2ccnc(Nc3ncc(C#N)s3)c2)CC1,7.4,mL.min-1.kg-1,species_only_dog
1838975,CHEMBL913866,CHEMBL375306,CL,mL.min-1.kg-1,=,2.6,CHEMBL373,Canis lupus familiaris,"Clearance in Beagle dog at 0.25 mg/kg, iv and 1 mg/kg, po",A,N#Cc1cnc(Nc2cc(CN3CCN(C(N)=O)CC3)ccn2)s1,2.6,mL.min-1.kg-1,species_only_dog
1838981,CHEMBL913867,CHEMBL224036,CL,mL.min-1.kg-1,=,1.2,CHEMBL373,Canis lupus familiaris,"Clearance in Beagle dog at 1 mg/kg, iv and 1 mg/kg, po",A,CC(=O)N1CCN(Cc2ccnc(Nc3ncc(C#N)s3)c2)CC1,1.2,mL.min-1.kg-1,species_only_dog
1838989,CHEMBL913867,CHEMBL376722,CL,mL.min-1.kg-1,=,2.0,CHEMBL373,Canis lupus familiaris,"Clearance in Beagle dog at 1 mg/kg, iv and 1 mg/kg, po",A,CNC(=O)N1CCN(Cc2ccnc(Nc3ncc(C#N)s3)c2C)CC1,2.0,mL.min-1.kg-1,species_only_dog
1838990,CHEMBL913867,CHEMBL224842,CL,mL.min-1.kg-1,=,1.8,CHEMBL373,Canis lupus familiaris,"Clearance in Beagle dog at 1 mg/kg, iv and 1 mg/kg, po",A,CS(=O)(=O)C1CCN(Cc2ccnc(Nc3ncc(C#N)s3)c2)CC1,1.8,mL.min-1.kg-1,species_only_dog
1838991,CHEMBL913867,CHEMBL222852,CL,mL.min-1.kg-1,=,0.88,CHEMBL373,Canis lupus familiaris,"Clearance in Beagle dog at 1 mg/kg, iv and 1 mg/kg, po",A,N#Cc1cnc(Nc2cc(CN3CCN(C(=O)CO)CC3)ccn2)s1,0.88,mL.min-1.kg-1,species_only_dog
1838992,CHEMBL913867,CHEMBL375248,CL,mL.min-1.kg-1,=,0.51,CHEMBL373,Canis lupus familiaris,"Clearance in Beagle dog at 1 mg/kg, iv and 1 mg/kg, po",A,CNC(=O)N1CCN(Cc2ccnc(Nc3ncc(C#N)s3)c2)CC1,0.51,mL.min-1.kg-1,species_only_dog
1838993,CHEMBL913867,CHEMBL222225,CL,mL.min-1.kg-1,=,24.2,CHEMBL373,Canis lupus familiaris,"Clearance in Beagle dog at 1 mg/kg, iv and 1 mg/kg, po",A,N#Cc1cnc(Nc2cc(CN3CCNCC3)ccn2)s1,24.2,mL.min-1.kg-1,species_only_dog
1840225,CHEMBL917710,CHEMBL375288,CL,mL.min-1.kg-1,=,5.5,CHEMBL373,Canis lupus familiaris,"Clearance in mongrel dog at 1 mg/kg, iv",A,COC(=O)c1ccc(Cl)cc1-c1ccc([C@@H](C)Nc2nccc(Cl)c2NC(=O)CC#N)cc1,5.5,mL.min-1.kg-1,species_only_dog
1840236,CHEMBL917710,CHEMBL387638,CL,mL.min-1.kg-1,=,2.4,CHEMBL373,Canis lupus familiaris,"Clearance in mongrel dog at 1 mg/kg, iv",A,C[C@@H](Nc1nccc(Cl)c1NC(=O)CC#N)c1ccc(-c2cccc(F)c2-c2nnn(C)n2)cc1,2.4,mL.min-1.kg-1,species_only_dog
1840237,CHEMBL917710,CHEMBL225218,CL,mL.min-1.kg-1,=,5.9,CHEMBL373,Canis lupus familiaris,"Clearance in mongrel dog at 1 mg/kg, iv",A,Cc1nc(-c2c(F)cccc2-c2ccc([C@@H](C)Nc3nccc(Cl)c3NC(=O)CC#N)cc2)no1,5.9,mL.min-1.kg-1,species_only_dog
1840238,CHEMBL917710,CHEMBL222038,CL,mL.min-1.kg-1,=,7.3,CHEMBL373,Canis lupus familiaris,"Clearance in mongrel dog at 1 mg/kg, iv",A,Cc1noc(-c2c(F)cccc2-c2ccc([C@@H](C)Nc3nccc(Cl)c3NC(=O)CC#N)cc2)n1,7.3,mL.min-1.kg-1,species_only_dog
1840239,CHEMBL917710,CHEMBL225607,CL,mL.min-1.kg-1,=,9.0,CHEMBL373,Canis lupus familiaris,"Clearance in mongrel dog at 1 mg/kg, iv",A,COC(=O)c1c(F)cccc1-c1ccc([C@@H](C)Nc2nccc(Cl)c2NC(=O)CC#N)cc1,9.0,mL.min-1.kg-1,species_only_dog
1840240,CHEMBL917710,CHEMBL221998,CL,mL.min-1.kg-1,=,8.7,CHEMBL373,Canis lupus familiaris,"Clearance in mongrel dog at 1 mg/kg, iv",A,COC(=O)c1c(Cl)cccc1-c1ccc([C@@H](C)Nc2nccc(Cl)c2NC(=O)CC#N)cc1,8.7,mL.min-1.kg-1,species_only_dog
1841991,CHEMBL915432,CHEMBL425563,CL,mL.min-1.g-1,=,2200.0,CHEMBL373,Canis lupus familiaris,"Plasma clearance in Beagle dog at 1 mg/kg, po and 0.5 mg/kg, iv",A,O=C(O)C1CN(Cc2ccc(OCc3cc(-c4ccccc4)c(C(F)(F)F)s3)cc2)C1,2.2,mL.min-1.kg-1,species_only_dog
1841996,CHEMBL915432,CHEMBL224005,CL,mL.min-1.g-1,=,500.0,CHEMBL373,Canis lupus familiaris,"Plasma clearance in Beagle dog at 1 mg/kg, po and 0.5 mg/kg, iv",A,Cc1cc(CN2CC(C(=O)O)C2)ccc1OCc1cc(-c2ccccc2)c(C(F)(F)F)s1,0.5,mL.min-1.kg-1,species_only_dog
1861554,CHEMBL915704,CHEMBL217776,CL,mL.min-1.kg-1,=,0.5,CHEMBL373,Canis lupus familiaris,"Plasma clearance in dog at 1.2 mg/kg, iv and 1.6 mg/kg, po",A,CN(C)C(c1ccccc1)c1nc(O)c(O)c(C(=O)NCc2ccc(F)cc2)n1,0.5,mL.min-1.kg-1,species_only_dog
1861578,CHEMBL915704,CHEMBL407451,CL,mL.min-1.kg-1,=,2.0,CHEMBL373,Canis lupus familiaris,"Plasma clearance in dog at 1.2 mg/kg, iv and 1.6 mg/kg, po",A,CN1CCCCC1c1nc(O)c(O)c(C(=O)NCc2ccc(F)cc2)n1,2.0,mL.min-1.kg-1,species_only_dog
1861596,CHEMBL915716,CHEMBL386515,CL,mL.min-1.kg-1,=,1.9,CHEMBL373,Canis lupus familiaris,"Plasma clearance in Beagle dog at 2 mg/kg, po and 1 mg/kg, iv",A,CN(C)C(C)(C)c1nc(O)c(O)c(C(=O)NCc2ccc(F)cc2)n1,1.9,mL.min-1.kg-1,species_only_dog
1862021,CHEMBL916122,CHEMBL458537,CL,mL.min-1.kg-1,=,22.96,CHEMBL373,Canis lupus familiaris,"Clearance in dog at 1 mg/kg, iv and 3 mg/kg, po",A,Cl.Cn1c(=O)cc(N2CCC[C@@H](N)C2)n(Cc2ccccc2C#N)c1=O,22.96,mL.min-1.kg-1,species_only_dog
1873808,CHEMBL903816,CHEMBL425647,CL,mL.min-1.kg-1,=,3.6,CHEMBL373,Canis lupus familiaris,"Plasma clearance in Beagle dog at 1 mg/kg, iv and po",A,Cc1ccccc1NC(=O)Nc1ccc(CC(=O)N2C[C@@H](F)C[C@H]2COc2ccc(C(=O)O)cc2)cc1Cl,3.6,mL.min-1.kg-1,species_only_dog
1880975,CHEMBL904721,CHEMBL375293,CL,mL.min-1.kg-1,=,28.0,CHEMBL373,Canis lupus familiaris,"Clearance in Beagle dog at 1 mg/kg, iv",A,c1cncc(Nc2ncc(-c3ccncn3)c(-c3ccco3)n2)c1,28.0,mL.min-1.kg-1,species_only_dog
1890861,CHEMBL905945,CHEMBL389888,CL,mL.min-1.kg-1,=,21.6,CHEMBL373,Canis lupus familiaris,Clearance in Beagle dog,A,CC(=O)Nc1nc(C(CCN2CCC(c3ccccc3)CC2)C(=O)NCc2cc(C(F)(F)F)cc(C(F)(F)F)c2)cs1,21.6,mL.min-1.kg-1,species_only_dog
1891395,CHEMBL905840,CHEMBL436137,CL,mL.min-1.kg-1,=,5.1,CHEMBL373,Canis lupus familiaris,"Clearance in dog at 25 mg/kg, po",A,Cc1cccc(C)c1-c1cc(C)c2nc(Nc3ccc(OCCN4CCCC4)cc3)nnc2c1,5.1,mL.min-1.kg-1,species_only_dog
1891416,CHEMBL905840,CHEMBL230686,CL,mL.min-1.kg-1,=,14.5,CHEMBL373,Canis lupus familiaris,"Clearance in dog at 25 mg/kg, po",A,Cc1cc(-c2c(Cl)cccc2Cl)cc2nnc(Nc3ccc(OCCN4CCCC4)cc3)nc12,14.5,mL.min-1.kg-1,species_only_dog
1896477,CHEMBL886254,CHEMBL230387,CL,mL.min-1.kg-1,=,8.1,CHEMBL373,Canis lupus familiaris,"Plasma clearance in dog at 1 mg/kg, iv or 2 mg/kg, po",A,C[C@H]1CNC(=O)[C@@H](C)N(C(=O)C[C@H](N)Cc2cc(F)c(F)cc2F)C1,8.1,mL.min-1.kg-1,species_only_dog
1896505,CHEMBL886254,CHEMBL230496,CL,mL.min-1.kg-1,=,8.5,CHEMBL373,Canis lupus familiaris,"Plasma clearance in dog at 1 mg/kg, iv or 2 mg/kg, po",A,C[C@@H]1CCN(C(=O)C[C@H](N)Cc2cc(F)c(F)cc2F)[C@H](C)C(=O)N1,8.5,mL.min-1.kg-1,species_only_dog
1899057,CHEMBL888996,CHEMBL397983,CL,mL.min-1.kg-1,=,18.33,CHEMBL373,Canis lupus familiaris,"Clearance in dog at 1 mg/kg, iv",A,CCOc1ccc(-n2c([C@@H](C)N(Cc3cccnc3)C(=O)Cc3ccc(OC(F)(F)F)cc3)nc3ncccc3c2=O)cc1,18.33,mL.min-1.kg-1,species_only_dog
1900382,CHEMBL889194,CHEMBL104028,CL,mL.min-1.kg-1,=,6.667,CHEMBL373,Canis lupus familiaris,"Plasma clearance in dog at 10 umol/kg, iv",A,O=C(NCc1ccc(C(F)(F)F)cc1)Nc1cccc2cnccc12,6.667,mL.min-1.kg-1,species_only_dog
1900390,CHEMBL889194,CHEMBL389715,CL,mL.min-1.kg-1,=,8.333,CHEMBL373,Canis lupus familiaris,"Plasma clearance in dog at 10 umol/kg, iv",A,CC(NC(=O)Nc1cccc2cnccc12)c1ccc(C(F)(F)F)cc1,8.333,mL.min-1.kg-1,species_only_dog
1901582,CHEMBL889325,CHEMBL227222,CL,mL.min-1.kg-1,=,1.6,CHEMBL373,Canis lupus familiaris,"Clearance in Beagle dog at 1 mg/kg, iv",A,CNCc1csc(C(=O)Nc2c(OC)cc(Cl)cc2C(=O)Nc2ccc(Cl)cn2)c1Cl,1.6,mL.min-1.kg-1,species_only_dog
1901587,CHEMBL889325,CHEMBL427421,CL,mL.min-1.kg-1,=,4.4,CHEMBL373,Canis lupus familiaris,"Clearance in Beagle dog at 1 mg/kg, iv",A,CNc1nccn1Cc1csc(C(=O)Nc2c(OC)cc(Cl)cc2C(=O)Nc2ccc(Cl)cn2)c1Cl,4.4,mL.min-1.kg-1,species_only_dog
1901588,CHEMBL889325,CHEMBL173994,CL,mL.min-1.kg-1,=,5.8,CHEMBL373,Canis lupus familiaris,"Clearance in Beagle dog at 1 mg/kg, iv",A,COc1cc(Cl)cc(C(=O)Nc2ccc(Cl)cn2)c1NC(=O)c1scc(CN(C)C2=NCCO2)c1Cl,5.8,mL.min-1.kg-1,species_only_dog
1901590,CHEMBL889325,CHEMBL227197,CL,mL.min-1.kg-1,=,27.0,CHEMBL373,Canis lupus familiaris,"Clearance in Beagle dog at 1 mg/kg, iv",A,COc1cc(Cl)cc(C(=O)Nc2ccc(Cl)cn2)c1NC(=O)c1scc(CN(C)CCO)c1Cl,27.0,mL.min-1.kg-1,species_only_dog
1901786,CHEMBL889360,CHEMBL227276,CL,mL.min-1.kg-1,=,3.333,CHEMBL373,Canis lupus familiaris,"Plasma clearance in dog at 2.5 mg/kg, iv",A,O=C(CN1N=C(C2CCCCC2)c2ccccc2N(CC(=O)C2CCCC2)C1=O)Nc1cccc(-c2noc(=O)[nH]2)c1,3.333,mL.min-1.kg-1,species_only_dog
1909399,CHEMBL890330,CHEMBL229430,CL,mL.min-1.kg-1,=,2.333,CHEMBL373,Canis lupus familiaris,"Clearance in dog at 1 mg/kg, iv",A,CC(=O)Nc1nc2c(Oc3cc(-c4ccc(C(F)(F)F)cc4)ncn3)cccc2s1,2.333,mL.min-1.kg-1,species_only_dog
1909539,CHEMBL890359,CHEMBL226574,CL,mL.min-1.kg-1,=,40.0,CHEMBL373,Canis lupus familiaris,"Clearance in dog at 1 mg/kg, iv",A,CC(=O)Nc1nc2c(Oc3cc(N4CCN([C@H](C)c5ccc(F)cc5)CC4)ncn3)cccc2s1,40.0,mL.min-1.kg-1,species_only_dog
1935806,CHEMBL895299,CHEMBL244520,CL,mL.min-1.kg-1,=,5.0,CHEMBL373,Canis lupus familiaris,Plasma clearance in Beagle dog,A,CN1CC(F)(F)C[C@H]1c1nc(C(=O)NCc2ccc(F)cc2)c(O)c(=O)n1C,5.0,mL.min-1.kg-1,species_only_dog
1935807,CHEMBL895299,CHEMBL386710,CL,mL.min-1.kg-1,=,3.0,CHEMBL373,Canis lupus familiaris,Plasma clearance in Beagle dog,A,CN1CCOCC1c1nc(C(=O)NCc2ccc(F)cc2)c(O)c(=O)n1C,3.0,mL.min-1.kg-1,species_only_dog
1936327,CHEMBL895275,CHEMBL538587,CL,mL.min-1.kg-1,=,2.2,CHEMBL373,Canis lupus familiaris,"Plasma clearance in Beagle dog at 4 mg/kg, iv and 10 mg/kg, po",A,CN1CCOCC1c1nc(C(=O)NCc2ccc(F)cc2)c(O)c(=O)n1C.Cl,2.2,mL.min-1.kg-1,species_only_dog
1936358,CHEMBL895299,CHEMBL538587,CL,mL.min-1.kg-1,=,2.6,CHEMBL373,Canis lupus familiaris,Plasma clearance in Beagle dog,A,CN1CCOCC1c1nc(C(=O)NCc2ccc(F)cc2)c(O)c(=O)n1C.Cl,2.6,mL.min-1.kg-1,species_only_dog
1937577,CHEMBL891863,CHEMBL227121,CL,mL.min-1.kg-1,=,5.0,CHEMBL373,Canis lupus familiaris,"Clearance in Beagle dog at 1 mg/kg, iv",A,CN1CCN(Cc2csc(C(=O)Nc3ccc(Cl)cc3C(=O)Nc3ccc(Cl)cc3)c2Cl)CC1,5.0,mL.min-1.kg-1,species_only_dog
1955145,CHEMBL893145,CHEMBL234097,CL,mL.min-1.kg-1,=,21.3,CHEMBL373,Canis lupus familiaris,"Plasma clearance in dog at 0.25 mg/kg, iv",A,N#CC1(c2ccccc2C(F)(F)F)CCC(CNc2ncccc2NC(=O)c2ccno2)CC1,21.3,mL.min-1.kg-1,species_only_dog
1960126,CHEMBL893225,CHEMBL234635,CL,mL.min-1.kg-1,=,3.9,CHEMBL373,Canis lupus familiaris,"Plasma clearance in dog at 1 mg/kg, iv or 2 mg/kg, po",A,N[C@H]1C[C@@H](N2CCn3c(C(F)(F)F)cnc3C2)CCC1c1cc(F)c(F)cc1F,3.9,mL.min-1.kg-1,species_only_dog
1961718,CHEMBL893675,CHEMBL234606,CL,mL.min-1.kg-1,=,13.0,CHEMBL373,Canis lupus familiaris,Plasma clearance in iv dosed dog,A,CC(C)(O)CC[C@@H](CN)C[C@H](O)[C@H](Cc1cccc(F)c1)NC(=O)c1cnc2ccccc2n1,13.0,mL.min-1.kg-1,species_only_dog
1961805,CHEMBL893675,CHEMBL430166,CL,mL.min-1.kg-1,=,0.2,CHEMBL373,Canis lupus familiaris,Plasma clearance in iv dosed dog,A,C[C@@H]1CN(Cc2ccc(F)cc2)[C@@H](C)CN1C(=O)COc1ccc(Cl)cc1CS(=O)(=O)O,0.2,mL.min-1.kg-1,species_only_dog
1961806,CHEMBL893675,CHEMBL234263,CL,mL.min-1.kg-1,=,9.7,CHEMBL373,Canis lupus familiaris,Plasma clearance in iv dosed dog,A,C[C@@H]1CN(Cc2ccc(F)cc2)[C@@H](C)CN1C(=O)COc1ccc(Cl)cc1C(=O)CCC(=O)O,9.7,mL.min-1.kg-1,species_only_dog
1961807,CHEMBL893675,CHEMBL391239,CL,mL.min-1.kg-1,=,0.09,CHEMBL373,Canis lupus familiaris,Plasma clearance in iv dosed dog,A,COS(=O)(=O)NC(=O)Cc1cc(Cl)ccc1OCC(=O)N1C[C@H](C)N(Cc2ccc(F)cc2)C[C@H]1C,0.09,mL.min-1.kg-1,species_only_dog
1961808,CHEMBL893675,CHEMBL234262,CL,mL.min-1.kg-1,=,0.4,CHEMBL373,Canis lupus familiaris,Plasma clearance in iv dosed dog,A,C[C@@H]1CN(Cc2ccc(F)cc2)[C@@H](C)CN1C(=O)COc1ccc(Cl)cc1CC(=O)O,0.4,mL.min-1.kg-1,species_only_dog
1961813,CHEMBL893675,CHEMBL391301,CL,mL.min-1.kg-1,=,0.2,CHEMBL373,Canis lupus familiaris,Plasma clearance in iv dosed dog,A,C[C@@H]1CN(Cc2ccc(F)cc2)[C@@H](C)CN1C(=O)COc1ccc(Cl)cc1C(=O)O,0.2,mL.min-1.kg-1,species_only_dog
1961815,CHEMBL893675,CHEMBL232656,CL,mL.min-1.kg-1,=,1.7,CHEMBL373,Canis lupus familiaris,Plasma clearance in iv dosed dog,A,C[C@@H]1CN(Cc2ccc(F)cc2)CCN1C(=O)COc1ccc(Cl)cc1NC(N)=O,1.7,mL.min-1.kg-1,species_only_dog
1964417,CHEMBL897096,CHEMBL231730,CL,mL.min-1.kg-1,=,1.4,CHEMBL373,Canis lupus familiaris,"Plasma clearance in dog at 1 mg/kg, iv or 3 mg/kg, po",A,O=C(/C=C1\CC(C(=O)[O-])Nc2cc(Cl)ccc21)Nc1ccccc1.[Na+],1.4,mL.min-1.kg-1,species_only_dog
1965439,CHEMBL897277,CHEMBL410414,CL,mL.min-1.kg-1,=,5.5,CHEMBL373,Canis lupus familiaris,"Plasma clearance in Beagle dog at 0.5 mg/kg, iv",A,CN(Cc1ccccc1)C(=O)[C@@H](NC(=O)c1cc2cc(NC(=O)c3ccccc3-c3ccc(C(F)(F)F)cc3)ccc2n1C)c1ccccc1,5.5,mL.min-1.kg-1,species_only_dog
1965440,CHEMBL897278,CHEMBL410414,CL,mL.min-1.kg-1,=,4.7,CHEMBL373,Canis lupus familiaris,"Plasma clearance in Beagle dog at 1 mg/kg, iv",A,CN(Cc1ccccc1)C(=O)[C@@H](NC(=O)c1cc2cc(NC(=O)c3ccccc3-c3ccc(C(F)(F)F)cc3)ccc2n1C)c1ccccc1,4.7,mL.min-1.kg-1,species_only_dog
1965441,CHEMBL897279,CHEMBL410414,CL,mL.min-1.kg-1,=,7.6,CHEMBL373,Canis lupus familiaris,"Plasma clearance in portal cannulated Beagle dog at 1 mg/kg, iv",A,CN(Cc1ccccc1)C(=O)[C@@H](NC(=O)c1cc2cc(NC(=O)c3ccccc3-c3ccc(C(F)(F)F)cc3)ccc2n1C)c1ccccc1,7.6,mL.min-1.kg-1,species_only_dog
1965739,CHEMBL897373,CHEMBL234034,CL,mL.min-1.kg-1,=,35.0,CHEMBL373,Canis lupus familiaris,"Clearance in dog at 2 mg/kg, iv",A,Cc1cc(Cc2ccc(C(=O)N[C@@H]3CCOC[C@@H]3C(=O)NO)cc2)c2ccccc2n1,35.0,mL.min-1.kg-1,species_only_dog
1968296,CHEMBL896444,CHEMBL232138,CL,mL.min-1.kg-1,=,3.333,CHEMBL373,Canis lupus familiaris,"Clearance in Beagle dog at 0.5 mg/kg, po",A,CC(C)CCNC(=O)C1(C(=O)N[C@@H]2C(=O)N(C)c3ccccc3-c3ccccc32)CCC1,3.333,mL.min-1.kg-1,species_only_dog
1968297,CHEMBL896444,CHEMBL232936,CL,mL.min-1.kg-1,=,0.6667,CHEMBL373,Canis lupus familiaris,"Clearance in Beagle dog at 0.5 mg/kg, po",A,CC(C)C[C@H](O)NC(=O)C1(C(=O)N[C@H]2N=C(c3ccc(C(F)(F)F)cc3)c3ccccc3N(C)C2=O)CCC1,0.6667,mL.min-1.kg-1,species_only_dog
1968298,CHEMBL896444,CHEMBL450279,CL,mL.min-1.kg-1,=,5.0,CHEMBL373,Canis lupus familiaris,"Clearance in Beagle dog at 0.5 mg/kg, po",A,CN1C(=O)[C@@H](NC(=O)C2(C(=O)NCCC3CCCC3)CCC2)c2ccccc2-c2ccccc21,5.0,mL.min-1.kg-1,species_only_dog
1968299,CHEMBL896444,CHEMBL231941,CL,mL.min-1.kg-1,=,3.333,CHEMBL373,Canis lupus familiaris,"Clearance in Beagle dog at 0.5 mg/kg, po",A,CC(C)CCNC(=O)C1(C(=O)N[C@H]2N=C(c3ccc(C(F)(F)F)cc3)c3ccccc3N(C)C2=O)CCC1,3.333,mL.min-1.kg-1,species_only_dog
1968300,CHEMBL896444,CHEMBL232182,CL,mL.min-1.kg-1,=,8.333,CHEMBL373,Canis lupus familiaris,"Clearance in Beagle dog at 0.5 mg/kg, po",A,CC(C)CNC(=O)C1(C(=O)N[C@@H]2C(=O)N(C)c3ccccc3-c3ccccc32)CCC1,8.333,mL.min-1.kg-1,species_only_dog
1968301,CHEMBL896444,CHEMBL449960,CL,mL.min-1.kg-1,=,21.67,CHEMBL373,Canis lupus familiaris,"Clearance in Beagle dog at 0.5 mg/kg, po",A,CC(C)CNC(=O)C1(C(=O)N[C@H]2N=C(c3ccccc3)c3ccccc3N(C)C2=O)CCC1,21.67,mL.min-1.kg-1,species_only_dog
1970102,CHEMBL895501,CHEMBL232185,CL,mL.min-1.kg-1,=,71.0,CHEMBL373,Canis lupus familiaris,"Plasma clearance in dog at 5 mg/kg, iv or 5 mg/kg, po",A,CC(C)(CO)NCC(=O)N1C[C@@H](F)C[C@H]1C(=O)c1nnc(C(C)(C)C)o1,71.0,mL.min-1.kg-1,species_only_dog
1979871,CHEMBL897897,CHEMBL233992,CL,mL.min-1.kg-1,=,11.67,CHEMBL373,Canis lupus familiaris,"Clearance in dog at 0.5 mg/kg, iv",A,O=C(N[C@H]1CCC[C@H]1NC(=O)c1ccc(Cl)s1)c1ccc(-n2ccccc2=O)cc1,11.67,mL.min-1.kg-1,species_only_dog
1979879,CHEMBL897897,CHEMBL392297,CL,mL.min-1.kg-1,=,25.0,CHEMBL373,Canis lupus familiaris,"Clearance in dog at 0.5 mg/kg, iv",A,CCS(=O)(=O)N1C[C@H](NC(=O)c2ccc(-n3ccccc3=O)cc2)[C@H](NC(=O)c2ccc(Cl)s2)C1,25.0,mL.min-1.kg-1,species_only_dog
1979880,CHEMBL897897,CHEMBL437555,CL,mL.min-1.kg-1,=,43.33,CHEMBL373,Canis lupus familiaris,"Clearance in dog at 0.5 mg/kg, iv",A,CCOC(=O)N1C[C@H](NC(=O)c2ccc(-n3ccccc3=O)cc2)[C@H](NC(=O)c2ccc(Cl)s2)C1,43.33,mL.min-1.kg-1,species_only_dog
1979881,CHEMBL897897,CHEMBL394129,CL,mL.min-1.kg-1,=,30.0,CHEMBL373,Canis lupus familiaris,"Clearance in dog at 0.5 mg/kg, iv",A,CC(=O)N1C[C@H](NC(=O)c2ccc(-n3ccccc3=O)cc2)[C@H](NC(=O)c2ccc(Cl)s2)C1,30.0,mL.min-1.kg-1,species_only_dog
1979882,CHEMBL897897,CHEMBL237705,CL,mL.min-1.kg-1,=,26.67,CHEMBL373,Canis lupus familiaris,"Clearance in dog at 0.5 mg/kg, iv",A,O=C(N[C@H]1COC[C@H]1NC(=O)c1ccc(Cl)s1)c1ccc(-n2ccccc2=O)cc1,26.67,mL.min-1.kg-1,species_only_dog
1983097,CHEMBL899438,CHEMBL236902,CL,mL.min-1.kg-1,=,7.3,CHEMBL373,Canis lupus familiaris,"Clearance in dog at 0.9 mg/kg, iv",A,C[C@H]1CN(c2ccc(C(=O)Nc3ccccc3N)cn2)CCN1C(=O)OCc1ccccc1,7.3,mL.min-1.kg-1,species_only_dog
1983290,CHEMBL899484,CHEMBL240923,CL,mL.min-1.kg-1,=,16.5,CHEMBL373,Canis lupus familiaris,"Clearance in dog at 0.25 mg/kg, iv",A,CN(C)C(=O)N1CC(c2cc(F)ccc2F)=C[C@@]1(CC[C@@H](N)C(F)F)c1ccccc1,16.5,mL.min-1.kg-1,species_only_dog
1983293,CHEMBL899484,CHEMBL400042,CL,mL.min-1.kg-1,=,11.1,CHEMBL373,Canis lupus familiaris,"Clearance in dog at 0.25 mg/kg, iv",A,CC(=O)N1N=C(c2cc(F)ccc2F)C[C@@]1(C[C@H](F)CN)c1ccccc1,11.1,mL.min-1.kg-1,species_only_dog
1985734,CHEMBL899742,CHEMBL237786,CL,mL.min-1.kg-1,=,4.8,CHEMBL373,Canis lupus familiaris,Plasma clearance in dog,A,COc1ccc(-c2cc(N3C[C@H](c4cc(F)c(F)cc4F)[C@@H](N)C3)ncn2)cn1,4.8,mL.min-1.kg-1,species_only_dog
1987856,CHEMBL898863,CHEMBL437557,CL,mL.min-1.kg-1,=,0.94,CHEMBL373,Canis lupus familiaris,"Plasma clearance in dog at 0.5 mg/kg, po",A,CN(C)C(=O)[C@@H]([C@H]1CC[C@H](c2ccc3ncnn3c2)CC1)[C@H](N)C(=O)N1CCC(F)(F)C1,0.94,mL.min-1.kg-1,species_only_dog
1993382,CHEMBL900667,CHEMBL237420,CL,mL.min-1.kg-1,=,8.333,CHEMBL373,Canis lupus familiaris,"Clearance in dog at 0.4 mg/kg, iv and 0.2 mg/kg, po",A,COc1ccc(-n2nc(C(N)=O)c3c2C(=O)N(c2ccc(-c4ccccc4CN(CCO)CCO)cc2)CC3)cc1,8.333,mL.min-1.kg-1,species_only_dog
1993470,CHEMBL900667,CHEMBL237419,CL,mL.min-1.kg-1,=,1.667,CHEMBL373,Canis lupus familiaris,"Clearance in dog at 0.4 mg/kg, iv and 0.2 mg/kg, po",A,COc1ccc(-n2nc(C(N)=O)c3c2C(=O)N(c2ccc(-c4ccccc4CN4CCC(O)CC4)cc2)CC3)cc1,1.667,mL.min-1.kg-1,species_only_dog
1993471,CHEMBL900667,CHEMBL443578,CL,mL.min-1.kg-1,=,25.0,CHEMBL373,Canis lupus familiaris,"Clearance in dog at 0.4 mg/kg, iv and 0.2 mg/kg, po",A,COc1ccc(-n2nc(C(N)=O)c3c2C(=O)N(c2ccc(-c4ccccc4CN4CCCC4)cc2)CC3)cc1,25.0,mL.min-1.kg-1,species_only_dog
1993472,CHEMBL900667,CHEMBL237228,CL,mL.min-1.kg-1,=,40.0,CHEMBL373,Canis lupus familiaris,"Clearance in dog at 0.4 mg/kg, iv and 0.2 mg/kg, po",A,CCN(CC)Cc1ccccc1-c1ccc(N2CCc3c(C(N)=O)nn(-c4ccc(OC)cc4)c3C2=O)cc1,40.0,mL.min-1.kg-1,species_only_dog
1993473,CHEMBL900667,CHEMBL391484,CL,mL.min-1.kg-1,=,33.33,CHEMBL373,Canis lupus familiaris,"Clearance in dog at 0.4 mg/kg, iv and 0.2 mg/kg, po",A,COc1ccc(-n2nc(C(N)=O)c3c2C(=O)N(c2ccc(-c4ccccc4CN(C)C)cc2)CC3)cc1,33.33,mL.min-1.kg-1,species_only_dog
1993474,CHEMBL900667,CHEMBL237226,CL,mL.min-1.kg-1,=,21.67,CHEMBL373,Canis lupus familiaris,"Clearance in dog at 0.4 mg/kg, iv and 0.2 mg/kg, po",A,CNCc1ccccc1-c1ccc(N2CCc3c(C(N)=O)nn(-c4ccc(OC)cc4)c3C2=O)cc1,21.67,mL.min-1.kg-1,species_only_dog
1993475,CHEMBL900667,CHEMBL395372,CL,mL.min-1.kg-1,=,43.0,CHEMBL373,Canis lupus familiaris,"Clearance in dog at 0.4 mg/kg, iv and 0.2 mg/kg, po",A,COc1ccc(-n2nc(Cn3cnnn3)c3c2C(=O)N(c2ccc(-c4ccccc4CN4CC[C@@H](O)C4)cc2)CC3)cc1,43.0,mL.min-1.kg-1,species_only_dog
1993476,CHEMBL900667,CHEMBL439214,CL,mL.min-1.kg-1,=,41.17,CHEMBL373,Canis lupus familiaris,"Clearance in dog at 0.4 mg/kg, iv and 0.2 mg/kg, po",A,COc1ccc(-n2nc(Cn3ccnn3)c3c2C(=O)N(c2ccc(-c4ccccc4CN4CC[C@@H](O)C4)cc2)CC3)cc1,41.17,mL.min-1.kg-1,species_only_dog
1993477,CHEMBL900667,CHEMBL235265,CL,mL.min-1.kg-1,=,5.333,CHEMBL373,Canis lupus familiaris,"Clearance in dog at 0.4 mg/kg, iv and 0.2 mg/kg, po",A,COc1ccc(-n2nc(C(N)=O)c3c2C(=O)N(c2ccc(-c4ccccc4CN4CC[C@@H](O)C4)cc2)CC3)cc1,5.333,mL.min-1.kg-1,species_only_dog
1993550,CHEMBL900667,CHEMBL235710,CL,mL.min-1.kg-1,=,46.67,CHEMBL373,Canis lupus familiaris,"Clearance in dog at 0.4 mg/kg, iv and 0.2 mg/kg, po",A,COc1ccc(-n2nc(C(N)=O)c3c2C(=O)N(c2ccc(N(C)C(C)=O)cc2)CC3)cc1,46.67,mL.min-1.kg-1,species_only_dog
1993551,CHEMBL900667,CHEMBL231779,CL,mL.min-1.kg-1,=,0.3333,CHEMBL373,Canis lupus familiaris,"Clearance in dog at 0.4 mg/kg, iv and 0.2 mg/kg, po",A,COc1ccc(-n2nc(C(N)=O)c3c2C(=O)N(c2ccc(N4CCCCC4=O)cc2)CC3)cc1,0.3333,mL.min-1.kg-1,species_only_dog
1993556,CHEMBL900667,CHEMBL378093,CL,mL.min-1.kg-1,=,5.833,CHEMBL373,Canis lupus familiaris,"Clearance in dog at 0.4 mg/kg, iv and 0.2 mg/kg, po",A,Nc1noc2ccc(-n3nc(C(F)(F)F)c4c3C(=O)N(c3ccc(-c5ccccc5CN5CC[C@@H](O)C5)cc3)CC4)cc12,5.833,mL.min-1.kg-1,species_only_dog
1993557,CHEMBL900667,CHEMBL206335,CL,mL.min-1.kg-1,=,18.33,CHEMBL373,Canis lupus familiaris,"Clearance in dog at 0.4 mg/kg, iv and 0.2 mg/kg, po",A,CN(C)Cc1nccn1-c1ccc(NC(=O)c2cc(C(F)(F)F)nn2-c2ccc3onc(N)c3c2)c(F)c1,18.33,mL.min-1.kg-1,species_only_dog
1994880,CHEMBL900832,CHEMBL427860,CL,mL.min-1.kg-1,=,10.3,CHEMBL373,Canis lupus familiaris,"Plasma clearance in Beagle dog at 5 mg/kg, iv",A,Cc1ccc(N2CCN(C(=O)[C@H](C)Cc3ccc(Cl)cc3)CC2)c([C@@H](NC(=O)CCN(C)C)C(C)C)c1,10.3,mL.min-1.kg-1,species_only_dog
1994923,CHEMBL900829,CHEMBL427860,CL,mL.min-1.kg-1,=,15.0,CHEMBL373,Canis lupus familiaris,Scaled intrinsic clearance in Beagle dog,A,Cc1ccc(N2CCN(C(=O)[C@H](C)Cc3ccc(Cl)cc3)CC2)c([C@@H](NC(=O)CCN(C)C)C(C)C)c1,15.0,mL.min-1.kg-1,species_only_dog
1996478,CHEMBL899879,CHEMBL236593,CL,mL.min-1.kg-1,=,17.0,CHEMBL373,Canis lupus familiaris,"Clearance in dog at 1 mg/kg, po or 0.5 mg/kg, iv",A,O=C(N[C@@H]1CC[C@@H](c2cccc(F)c2F)CN(CC(F)(F)F)C1=O)N1CCC(n2c(=O)[nH]c3ncccc32)CC1,17.0,mL.min-1.kg-1,species_only_dog
1999462,CHEMBL900242,CHEMBL392760,CL,mL.min-1.kg-1,=,30.0,CHEMBL373,Canis lupus familiaris,"Clearance in dog at 1 mg/kg, iv",A,NCCc1cn(S(=O)(=O)c2c(Cl)nc3sccn23)c2ccccc12,30.0,mL.min-1.kg-1,species_only_dog
2004009,CHEMBL901976,CHEMBL18861,CL,mL.min-1.kg-1,=,11.17,CHEMBL373,Canis lupus familiaris,"Plasma clearance in dog at 10 nmol/kg, iv",A,C[C@](O)(C(=O)Nc1ccc(C(=O)c2ccccc2)cc1)C(F)(F)F,11.17,mL.min-1.kg-1,species_only_dog
2004036,CHEMBL901975,CHEMBL239514,CL,mL.min-1.kg-1,=,2.167,CHEMBL373,Canis lupus familiaris,"Plasma clearance in dog at 100 nmol/kg, iv",A,CC(Cl)(Cl)C(NC(=O)c1ccc(Cl)cc1)N/C(=N/C#N)Nc1ccc(Cl)nc1,2.167,mL.min-1.kg-1,species_only_dog
2004041,CHEMBL901975,CHEMBL393730,CL,mL.min-1.kg-1,=,1.0,CHEMBL373,Canis lupus familiaris,"Plasma clearance in dog at 100 nmol/kg, iv",A,CC(Cl)(Cl)C(NC(=O)c1cc(F)cc(F)c1)N/C(=N/C#N)Nc1ccc(C(F)(F)F)nc1,1.0,mL.min-1.kg-1,species_only_dog
2004069,CHEMBL901995,CHEMBL398372,CL,mL.min-1.g-1,=,21000.0,CHEMBL373,Canis lupus familiaris,"Plasma clearance in Beagle dog at 10 umol/kg, po",A,CC(C)(N)C(=O)N[C@H](COCc1ccccc1)c1nnnn1CCOC(=O)NCCCCO,21.0,mL.min-1.kg-1,species_only_dog
2006006,CHEMBL901172,CHEMBL2062151,CL,mL.min-1.kg-1,=,5.7,CHEMBL373,Canis lupus familiaris,"Clearance in dog at 4 mg/kg, iv",A,NC(=O)[C@H]1CN(c2ccc([C@H]3CC[S@+]([O-])CC3)c(F)c2)C(=O)O1,5.7,mL.min-1.kg-1,species_only_dog
2006119,CHEMBL901242,CHEMBL398110,CL,mL.min-1.kg-1,=,3.1,CHEMBL373,Canis lupus familiaris,"Plasma clearance in dog at 0.6 mg/kg, iv",A,CCCn1cnc(C[C@H](CCCN)C(=O)O)c1,3.1,mL.min-1.kg-1,species_only_dog
2006618,CHEMBL901358,CHEMBL266647,CL,mL.min-1.kg-1,=,29.4,CHEMBL373,Canis lupus familiaris,"Clearance in dog at 5 mg/kg, iv",A,CC(C)C[C@H](NC(=O)CCN(C)C)c1cc(Cl)ccc1N1CCN(C(=O)[C@H](C)Cc2ccc(Cl)cc2)CC1,29.4,mL.min-1.kg-1,species_only_dog
2010417,CHEMBL903126,CHEMBL239975,CL,mL.min-1.kg-1,=,9.0,CHEMBL373,Canis lupus familiaris,"Clearance in Beagle dog at 1.0 mg/kg, iv",A,O=C(c1ccc(F)cc1)N1CCN(c2ccc(OCCCN3CCCCC3)cc2)C(=O)C1,9.0,mL.min-1.kg-1,species_only_dog
2010824,CHEMBL903126,CHEMBL239299,CL,mL.min-1.kg-1,=,6.5,CHEMBL373,Canis lupus familiaris,"Clearance in Beagle dog at 1.0 mg/kg, iv",A,C[C@@H]1CCCN1CCCOc1ccc(N2CCN(C(=O)c3ccc(F)cc3F)CC2=O)cc1.O=CO,6.5,mL.min-1.kg-1,species_only_dog
2010849,CHEMBL903126,CHEMBL239099,CL,mL.min-1.kg-1,=,15.0,CHEMBL373,Canis lupus familiaris,"Clearance in Beagle dog at 1.0 mg/kg, iv",A,N#Cc1ccc(C(=O)N2CCN(c3ccc(OC4CCN(C5CCC5)CC4)cc3)C(=O)C2)cc1.O=CO,15.0,mL.min-1.kg-1,species_only_dog
2017353,CHEMBL885809,CHEMBL428749,CL,mL.min-1.kg-1,=,18.33,CHEMBL373,Canis lupus familiaris,"Clearance in dog at 0.5 mg/kg, iv",A,CS(=O)(=O)c1ccccc1N1CCC(NC(=O)c2cc(C(F)(F)F)nn2-c2ccc3onc(N)c3c2)CC1,18.33,mL.min-1.kg-1,species_only_dog
2017361,CHEMBL885809,CHEMBL246945,CL,mL.min-1.kg-1,=,71.67,CHEMBL373,Canis lupus familiaris,"Clearance in dog at 0.5 mg/kg, iv",A,CCN(C)Cc1ccccc1N1CCC(NC(=O)c2cc(C(F)(F)F)nn2-c2ccc3onc(N)c3c2)CC1,71.67,mL.min-1.kg-1,species_only_dog
2017362,CHEMBL885809,CHEMBL397124,CL,mL.min-1.kg-1,=,106.67,CHEMBL373,Canis lupus familiaris,"Clearance in dog at 0.5 mg/kg, iv",A,CNCc1ccccc1N1CCC(NC(=O)c2cc(C(F)(F)F)nn2-c2ccc3onc(N)c3c2)CC1,106.67,mL.min-1.kg-1,species_only_dog
2017363,CHEMBL885809,CHEMBL395823,CL,mL.min-1.kg-1,=,36.67,CHEMBL373,Canis lupus familiaris,"Clearance in dog at 0.5 mg/kg, iv",A,Nc1noc2ccc(-n3nc(C(F)(F)F)cc3C(=O)NC3CCN(c4ccccc4CN4CCC[C@H]4O)CC3)cc12,36.67,mL.min-1.kg-1,species_only_dog
2017364,CHEMBL885809,CHEMBL246738,CL,mL.min-1.kg-1,=,48.33,CHEMBL373,Canis lupus familiaris,"Clearance in dog at 0.5 mg/kg, iv",A,Nc1noc2ccc(-n3nc(C(F)(F)F)cc3C(=O)NC3CCN(c4ccccc4CN4CCCC4)CC3)cc12,48.33,mL.min-1.kg-1,species_only_dog
2017412,CHEMBL885809,CHEMBL392460,CL,mL.min-1.kg-1,=,3.833,CHEMBL373,Canis lupus familiaris,"Clearance in dog at 0.5 mg/kg, iv",A,COc1ccc(-n2nc(C(N)=O)c3c2C(=O)N(C2CCN(c4ccccc4S(C)(=O)=O)CC2)CC3)cc1,3.833,mL.min-1.kg-1,species_only_dog
2017413,CHEMBL885809,CHEMBL176140,CL,mL.min-1.kg-1,=,4.0,CHEMBL373,Canis lupus familiaris,"Clearance in dog at 0.5 mg/kg, iv",A,CS(=O)(=O)c1ccccc1-c1ccc(NC(=O)c2cc(C(F)(F)F)nn2-c2cccc(CN)c2)c(F)c1,4.0,mL.min-1.kg-1,species_only_dog
2018458,CHEMBL885933,CHEMBL414850,CL,mL.min-1.kg-1,=,2.0,CHEMBL373,Canis lupus familiaris,"Clearance in dog at 1 mg/kg, iv",A,O=C(NCc1ccc(F)cc1)c1nc(N2CCCCS2(=O)=O)c2cccnc2c1O,2.0,mL.min-1.kg-1,species_only_dog
2018461,CHEMBL885933,CHEMBL245719,CL,mL.min-1.kg-1,=,2.8,CHEMBL373,Canis lupus familiaris,"Clearance in dog at 1 mg/kg, iv",A,CNC(=O)c1cc(F)ccc1CNC(=O)c1nc(N2CCCCS2(=O)=O)c2cccnc2c1O,2.8,mL.min-1.kg-1,species_only_dog
2021868,CHEMBL903603,CHEMBL246530,CL,mL.min-1.kg-1,=,3.5,CHEMBL373,Canis lupus familiaris,"Plasma clearance in dog at 2.5 mg/kg, po",A,CS(=O)(=O)c1cccc(-c2ncnc(N3CC(N)C(c4cc(F)c(F)cc4F)C3)n2)c1,3.5,mL.min-1.kg-1,species_only_dog
2024660,CHEMBL886866,CHEMBL246470,CL,mL.min-1.kg-1,=,28.7,CHEMBL373,Canis lupus familiaris,Clearance in iv dosed dog,A,COc1ccc2cncc(Cc3nc4c([nH]3)c(=O)n(C)c(=O)n4CC(C)C)c2c1,28.7,mL.min-1.kg-1,species_only_dog
2026016,CHEMBL887118,CHEMBL288131,CL,mL.min-1.kg-1,=,12.0,CHEMBL373,Canis lupus familiaris,"Clearance in dog at 20 umol/kg, po",A,CCc1ccc(S(=O)(=O)N[C@@H]2c3cc(NC(=O)c4cccc(OC)c4)ccc3C[C@H]2O)cc1,12.0,mL.min-1.kg-1,species_only_dog
2026162,CHEMBL887132,CHEMBL245545,CL,mL.min-1.kg-1,=,4.4,CHEMBL373,Canis lupus familiaris,"Plasma clearance in dog at 1 mg/kg, iv or 2 mg/kg, po",A,CC(=O)N(C)C1CCC([C@H](C)[C@H](N)C(=O)N2CC[C@H](F)C2)CC1.Cl,4.4,mL.min-1.kg-1,species_only_dog
2028411,CHEMBL886152,CHEMBL220050,CL,mL.min-1.kg-1,=,4.6,CHEMBL373,Canis lupus familiaris,Plasma clearance in Beagle dog,A,C[C@@H](C(=O)N1CCOCC1)N1CC[C@H](NS(=O)(=O)/C=C/c2ccc(Cl)s2)C1=O,4.6,mL.min-1.kg-1,species_only_dog
2028442,CHEMBL886152,CHEMBL391640,CL,mL.min-1.kg-1,=,5.7,CHEMBL373,Canis lupus familiaris,Plasma clearance in Beagle dog,A,C/C(=C\S(=O)(=O)N[C@H]1CCN([C@@H](C)C(=O)N2CCOCC2)C1=O)c1ccc(Cl)s1,5.7,mL.min-1.kg-1,species_only_dog
2028443,CHEMBL886152,CHEMBL391737,CL,mL.min-1.kg-1,=,13.0,CHEMBL373,Canis lupus familiaris,Plasma clearance in Beagle dog,A,C[C@@H](C(=O)N1CCOCC1)N1CC[C@H](NS(=O)(=O)CCc2ccc(Cl)s2)C1=O,13.0,mL.min-1.kg-1,species_only_dog
2030839,CHEMBL886411,CHEMBL245742,CL,mL.min-1.kg-1,=,1.2,CHEMBL373,Canis lupus familiaris,Clearance in dog at 10 mg/kg,A,C[C@H](NS(=O)(=O)C(F)(F)F)c1ccc(S(=O)(=O)c2ccc(Cl)cc2S(=O)(=O)c2ccccc2F)cc1,1.2,mL.min-1.kg-1,species_only_dog
2035367,CHEMBL907499,CHEMBL251144,CL,mL.min-1.kg-1,=,3.0,CHEMBL373,Canis lupus familiaris,"Plasma clearance in dog at 0.6 mg/kg, iv",A,Nc1ccccc1NC(=O)c1ccc(C(C(=O)Nc2ccccc2)C(=O)Nc2ccccc2)cc1,3.0,mL.min-1.kg-1,species_only_dog
2035750,CHEMBL887292,CHEMBL247315,CL,mL.min-1.kg-1,=,5.3,CHEMBL373,Canis lupus familiaris,"Plasma clearance in dog at 0.2 mg/kg, iv",A,C[C@H](CNc1cccc(-c2nc(C(=O)O)cs2)c1)NC[C@H](O)c1cccc(Cl)c1,5.3,mL.min-1.kg-1,species_only_dog
2035751,CHEMBL887292,CHEMBL245875,CL,mL.min-1.kg-1,=,1.5,CHEMBL373,Canis lupus familiaris,"Plasma clearance in dog at 0.2 mg/kg, iv",A,O=C(O)c1ccsc1-c1cccc(NCCNC[C@H](O)c2cccc(Cl)c2)c1,1.5,mL.min-1.kg-1,species_only_dog
2035752,CHEMBL887292,CHEMBL245874,CL,mL.min-1.kg-1,=,0.65,CHEMBL373,Canis lupus familiaris,"Plasma clearance in dog at 0.2 mg/kg, iv",A,O=C(O)c1ccoc1-c1cccc(NCCNC[C@H](O)c2cccc(Cl)c2)c1,0.65,mL.min-1.kg-1,species_only_dog
2035753,CHEMBL887292,CHEMBL245873,CL,mL.min-1.kg-1,=,5.3,CHEMBL373,Canis lupus familiaris,"Plasma clearance in dog at 0.2 mg/kg, iv",A,C[C@H](CNc1cccc(-c2sccc2C(=O)O)c1)NC[C@H](O)c1cccc(Cl)c1,5.3,mL.min-1.kg-1,species_only_dog
2035754,CHEMBL887292,CHEMBL245673,CL,mL.min-1.kg-1,=,5.3,CHEMBL373,Canis lupus familiaris,"Plasma clearance in dog at 0.2 mg/kg, iv",A,C[C@H](CNc1cccc(-c2occc2C(=O)O)c1)NC[C@H](O)c1cccc(Cl)c1,5.3,mL.min-1.kg-1,species_only_dog
2035755,CHEMBL887292,CHEMBL247520,CL,mL.min-1.kg-1,=,5.3,CHEMBL373,Canis lupus familiaris,"Plasma clearance in dog at 0.2 mg/kg, iv",A,C[C@H](CNc1ccc(-c2occc2C(=O)O)cc1)NC[C@H](O)c1cccc(Cl)c1,5.3,mL.min-1.kg-1,species_only_dog
2035756,CHEMBL887292,CHEMBL393471,CL,mL.min-1.kg-1,=,5.3,CHEMBL373,Canis lupus familiaris,"Plasma clearance in dog at 0.2 mg/kg, iv",A,C[C@H](CNc1cccc(-c2ocnc2C(=O)O)c1)NC[C@H](O)c1cccc(Cl)c1,5.3,mL.min-1.kg-1,species_only_dog
2035757,CHEMBL887292,CHEMBL247519,CL,mL.min-1.kg-1,=,5.3,CHEMBL373,Canis lupus familiaris,"Plasma clearance in dog at 0.2 mg/kg, iv",A,C[C@H](CNc1ccc(-c2ocnc2C(=O)O)cc1)NC[C@H](O)c1cccc(Cl)c1,5.3,mL.min-1.kg-1,species_only_dog
2037816,CHEMBL923055,CHEMBL247828,CL,mL.min-1.kg-1,=,15.0,CHEMBL373,Canis lupus familiaris,"Plasma clearance in dog at 0.38 mg/kg, iv or 1.5 mg/kg, po",A,CC(C)N1C(=O)[C@H](NC(=O)[C@@H](Cc2ccccc2OC(F)(F)F)NC(=O)OC(C)(C)C)CCc2ccccc21,15.0,mL.min-1.kg-1,species_only_dog
2040723,CHEMBL923381,CHEMBL249336,CL,mL.min-1.kg-1,=,6.0,CHEMBL373,Canis lupus familiaris,Clearance in dog,A,O[C@@H](CNCCOc1ccc(-c2cocn2)cc1)c1cccnc1,6.0,mL.min-1.kg-1,species_only_dog
2040749,CHEMBL923408,CHEMBL250798,CL,mL.min-1.kg-1,=,1.0,CHEMBL373,Canis lupus familiaris,Plasma clearance in dog,A,C[C@@H](O[C@@H]1CN(C2=CC(=O)CC2)C[C@H]1c1ccc(F)cc1)c1cc(C(F)(F)F)cc(C(F)(F)F)c1,1.0,mL.min-1.kg-1,species_only_dog
2043348,CHEMBL940965,CHEMBL248690,CL,mL.min-1.kg-1,=,40.0,CHEMBL373,Canis lupus familiaris,"Clearance in Beagle dog plasma at 0.5 mg/kg, iv",A,C[C@H](c1ccccc1)N(C)c1cc(C(F)(F)F)c(C#N)cn1,40.0,mL.min-1.kg-1,species_only_dog
2044035,CHEMBL941019,CHEMBL251142,CL,mL.min-1.kg-1,=,11.0,CHEMBL373,Canis lupus familiaris,"Clearance in dog at 0.25 mg/kg, iv",A,CC(=O)C1=NN2c3cc(F)ccc3OC[C@H]2[C@@]1(CCCN1CCC(=O)N(C)CC1)c1ccccc1,11.0,mL.min-1.kg-1,species_only_dog
2044036,CHEMBL941019,CHEMBL438876,CL,mL.min-1.kg-1,=,15.0,CHEMBL373,Canis lupus familiaris,"Clearance in dog at 0.25 mg/kg, iv",A,CC(=O)C1=NN2c3cc(F)ccc3OC[C@H]2[C@@]1(CCCN1CCNC(=O)CC1)c1ccccc1,15.0,mL.min-1.kg-1,species_only_dog
2044037,CHEMBL941019,CHEMBL401476,CL,mL.min-1.kg-1,=,40.0,CHEMBL373,Canis lupus familiaris,"Clearance in dog at 0.25 mg/kg, iv",A,CC(=O)C1=NN2c3cc(F)ccc3OC[C@H]2[C@@]1(CCCN1CCNCC1)c1ccccc1,40.0,mL.min-1.kg-1,species_only_dog
2044038,CHEMBL941019,CHEMBL250125,CL,mL.min-1.kg-1,=,14.0,CHEMBL373,Canis lupus familiaris,"Clearance in dog at 0.25 mg/kg, iv",A,CC(=O)C1=NN2c3cc(F)ccc3OC[C@H]2[C@@]1(CCCN1CCN(C(C)=O)CC1)c1ccccc1,14.0,mL.min-1.kg-1,species_only_dog
2044039,CHEMBL941019,CHEMBL250532,CL,mL.min-1.kg-1,=,37.0,CHEMBL373,Canis lupus familiaris,"Clearance in dog at 0.25 mg/kg, iv",A,CC(=O)C1=NN2c3cc(C)ccc3OC[C@H]2[C@@]1(CCCN(C)C)c1ccccc1,37.0,mL.min-1.kg-1,species_only_dog
2044040,CHEMBL941019,CHEMBL250328,CL,mL.min-1.kg-1,=,52.0,CHEMBL373,Canis lupus familiaris,"Clearance in dog at 0.25 mg/kg, iv",A,CC(=O)C1=NN2c3cc(F)ccc3OC[C@H]2[C@@]1(CCCN(C)C)c1ccccc1,52.0,mL.min-1.kg-1,species_only_dog
2045073,CHEMBL923811,CHEMBL1422,CL,mL.min-1.kg-1,=,6.0,CHEMBL373,Canis lupus familiaris,Plasma clearance in dog,A,N[C@@H](CC(=O)N1CCn2c(nnc2C(F)(F)F)C1)Cc1cc(F)c(F)cc1F,6.0,mL.min-1.kg-1,species_only_dog
2045091,CHEMBL923811,CHEMBL250787,CL,mL.min-1.kg-1,=,1.0,CHEMBL373,Canis lupus familiaris,Plasma clearance in dog,A,C[C@@H]1c2nc(C(F)(F)F)nn2CCN1C(=O)C[C@H](N)Cc1cc(F)c(F)cc1F,1.0,mL.min-1.kg-1,species_only_dog
2045344,CHEMBL923916,CHEMBL249789,CL,mL.min-1.kg-1,=,16.5,CHEMBL373,Canis lupus familiaris,"Plasma clearance in dog at 1 mg/kg, iv",A,OC[C@H]1C[C@@H](n2nnc3c(N[C@@H]4C[C@H]4c4ccc(F)c(F)c4)nc(SCCC(F)(F)F)nc32)[C@H](O)[C@@H]1O,16.5,mL.min-1.kg-1,species_only_dog
2045346,CHEMBL923916,CHEMBL398435,CL,mL.min-1.kg-1,=,9.0,CHEMBL373,Canis lupus familiaris,"Plasma clearance in dog at 1 mg/kg, iv",A,CCCSc1nc(N[C@@H]2C[C@H]2c2ccc(F)c(F)c2)c2nnn([C@@H]3C[C@H](OCCO)[C@@H](O)[C@H]3O)c2n1,9.0,mL.min-1.kg-1,species_only_dog
2047608,CHEMBL924175,CHEMBL249928,CL,mL.min-1.kg-1,=,10.0,CHEMBL373,Canis lupus familiaris,"Clearance in Alderley Park Beagle dog at 50 mg/kg, iv and 250 mg/kg, po",A,CN(CCOc1cccc2ncnc(Nc3ccc(OCc4ccccn4)c(Cl)c3)c12)C(=O)CO,10.0,mL.min-1.kg-1,species_only_dog
2051048,CHEMBL941672,CHEMBL206335,CL,mL.min-1.kg-1,=,18.33,CHEMBL373,Canis lupus familiaris,"Clearance in dog at 0.5 mg/kg, iv and 0.2 mg/kg, po",A,CN(C)Cc1nccn1-c1ccc(NC(=O)c2cc(C(F)(F)F)nn2-c2ccc3onc(N)c3c2)c(F)c1,18.33,mL.min-1.kg-1,species_only_dog
2051055,CHEMBL941672,CHEMBL250560,CL,mL.min-1.kg-1,=,3.667,CHEMBL373,Canis lupus familiaris,"Clearance in dog at 0.5 mg/kg, iv and 0.2 mg/kg, po",A,NC(=O)c1cc(C(=O)N2CCc3cc(N4CCCCC4=O)ccc32)n(-c2ccc3onc(N)c3c2)n1,3.667,mL.min-1.kg-1,species_only_dog
2051056,CHEMBL941672,CHEMBL399332,CL,mL.min-1.kg-1,=,59.5,CHEMBL373,Canis lupus familiaris,"Clearance in dog at 0.5 mg/kg, iv and 0.2 mg/kg, po",A,NC(=O)c1cc(C(=O)N2CCc3cc(-c4ccccc4CN4CCCC4)ccc32)n(-c2ccc3onc(N)c3c2)n1,59.5,mL.min-1.kg-1,species_only_dog
2051057,CHEMBL941672,CHEMBL399331,CL,mL.min-1.kg-1,=,123.33,CHEMBL373,Canis lupus familiaris,"Clearance in dog at 0.5 mg/kg, iv and 0.2 mg/kg, po",A,Nc1noc2ccc(-n3nc(C(F)(F)F)cc3C(=O)N3CCc4cc(-c5ccccc5CN5CCCC5)ccc43)cc12,123.33,mL.min-1.kg-1,species_only_dog
2051058,CHEMBL941672,CHEMBL399956,CL,mL.min-1.kg-1,=,10.5,CHEMBL373,Canis lupus familiaris,"Clearance in dog at 0.5 mg/kg, iv and 0.2 mg/kg, po",A,Nc1noc2ccc(-n3nc(C(F)(F)F)cc3C(=O)N3CCc4cc(-c5ccccc5S(N)(=O)=O)ccc43)cc12,10.5,mL.min-1.kg-1,species_only_dog
2067591,CHEMBL943852,CHEMBL430405,CL,mL.min-1.kg-1,=,3.833,CHEMBL373,Canis lupus familiaris,"Plasma clearance in dog at 2.5 mg/kg, iv",A,O=C(Nc1ccccc1)Nc1ccc(-c2ccc(C(=O)[C@@H]3CCC[C@H]3C(=O)O)cc2)cc1,3.833,mL.min-1.kg-1,species_only_dog
2067662,CHEMBL944800,CHEMBL398338,CL,mL.min-1.kg-1,=,10.33,CHEMBL373,Canis lupus familiaris,"Plasma clearance in dog at 5 umol/kg, iv administered in PEG400",A,CC(C)(C)c1ccc2c(c1)CC[C@H]2NC(=O)Nc1cccc2[nH]ncc12,10.33,mL.min-1.kg-1,species_only_dog
2068969,CHEMBL944061,CHEMBL558779,CL,mL.min-1.kg-1,=,7.8,CHEMBL373,Canis lupus familiaris,"Plasma clearance in dog at 1 mg/kg, iv and 2 mg/kg, po",A,C[C@@H]1c2nnc(C(F)(F)F)n2CCN1C(=O)C[C@H](N)Cc1cc(F)c(F)cc1F.Cl,7.8,mL.min-1.kg-1,species_only_dog
2072756,CHEMBL927648,CHEMBL252893,CL,mL.min-1.kg-1,=,28.33,CHEMBL373,Canis lupus familiaris,"Clearance in Beagle dog at 2 mg/kg, iv",A,Cc1cc(COc2ccc(C(=O)N[C@@H]3CCOC[C@@H]3C(=O)NO)cc2)c2ccccc2n1,28.33,mL.min-1.kg-1,species_only_dog
2073533,CHEMBL927730,CHEMBL206335,CL,mL.min-1.kg-1,=,18.33,CHEMBL373,Canis lupus familiaris,"Clearance in dog at 0.5 mg/kg, iv",A,CN(C)Cc1nccn1-c1ccc(NC(=O)c2cc(C(F)(F)F)nn2-c2ccc3onc(N)c3c2)c(F)c1,18.33,mL.min-1.kg-1,species_only_dog
2073539,CHEMBL927730,CHEMBL403042,CL,mL.min-1.kg-1,=,1.5,CHEMBL373,Canis lupus familiaris,"Clearance in dog at 0.5 mg/kg, iv",A,COc1ccc(-n2nc(C(N)=O)cc2C(=O)Cc2ccc(-n3ccccc3=O)cc2F)cc1,1.5,mL.min-1.kg-1,species_only_dog
2077825,CHEMBL945975,CHEMBL254318,CL,mL.min-1.kg-1,=,6.667,CHEMBL373,Canis lupus familiaris,Total clearance in iv dosed dog,A,Cc1cc(C)c(N(C)c2c3c(c(O)c4ncccc24)C(=O)N(Cc2ccc(F)cc2)C3)c(C)c1,6.667,mL.min-1.kg-1,species_only_dog
2077831,CHEMBL945975,CHEMBL402290,CL,mL.min-1.kg-1,=,5.667,CHEMBL373,Canis lupus familiaris,Total clearance in iv dosed dog,A,CN(C)S(=O)(=O)N(C)c1c2c(c(O)c3ncccc13)C(=O)N(Cc1ccc(F)cc1)C2,5.667,mL.min-1.kg-1,species_only_dog
2077837,CHEMBL945975,CHEMBL254524,CL,mL.min-1.kg-1,=,5.0,CHEMBL373,Canis lupus familiaris,Total clearance in iv dosed dog,A,O=C1c2c(c(N3CCCS3(=O)=O)c3cccnc3c2O)CN1Cc1ccc(F)cc1,5.0,mL.min-1.kg-1,species_only_dog
2078121,CHEMBL945104,CHEMBL481611,CL,mL.min-1.kg-1,=,0.13,CHEMBL373,Canis lupus familiaris,"Clearance in dog at 5 mg/kg, po",A,CC(C)(F)C[C@H](N[C@@H](c1ccc(-c2ccc(S(C)(=O)=O)cc2)cc1)C(F)(F)F)C(=O)NC1(C#N)CC1,0.13,mL.min-1.kg-1,species_only_dog
2078970,CHEMBL946151,CHEMBL253275,CL,mL.min-1.kg-1,=,10.0,CHEMBL373,Canis lupus familiaris,"Clearance in Beagle dog at 2.0 mg/kg, iv",A,O=C(N[C@@H]1CCOC[C@@H]1C(=O)NO)c1ccc(Cn2c(C(F)(F)F)nc3ccccc32)cc1,10.0,mL.min-1.kg-1,species_only_dog
2086061,CHEMBL945878,CHEMBL256934,CL,mL.min-1.kg-1,=,18.33,CHEMBL373,Canis lupus familiaris,"Plasma clearance in Beagle dog at 15 mg/kg, iv",A,COc1cccc(C[C@H](NC(=O)c2cccc(N)c2Cl)[C@H](O)C(=O)N2CSC(C)(C)[C@H]2C(=O)NCc2c(C)cccc2C)c1,18.33,mL.min-1.kg-1,species_only_dog
2086077,CHEMBL945878,CHEMBL1163,CL,mL.min-1.kg-1,=,26.67,CHEMBL373,Canis lupus familiaris,"Plasma clearance in Beagle dog at 15 mg/kg, iv",A,COC(=O)N[C@H](C(=O)N[C@@H](Cc1ccccc1)[C@@H](O)CN(Cc1ccc(-c2ccccn2)cc1)NC(=O)[C@@H](NC(=O)OC)C(C)(C)C)C(C)(C)C,26.67,mL.min-1.kg-1,species_only_dog
2086078,CHEMBL945878,CHEMBL300891,CL,mL.min-1.kg-1,=,15.0,CHEMBL373,Canis lupus familiaris,"Plasma clearance in Beagle dog at 15 mg/kg, iv",A,Cc1ccccc1CNC(=O)[C@H]1N(C(=O)[C@@H](O)[C@H](Cc2ccccc2)NC(=O)c2cccc(O)c2C)CSC1(C)C,15.0,mL.min-1.kg-1,species_only_dog
2086079,CHEMBL945878,CHEMBL272796,CL,mL.min-1.kg-1,=,16.67,CHEMBL373,Canis lupus familiaris,"Plasma clearance in Beagle dog at 15 mg/kg, iv",A,COc1cccc(C[C@H](NC(=O)c2cccc(N)c2Cl)[C@H](O)C(=O)N2CCC(C)(C)[C@H]2C(=O)NCc2c(C)cccc2C)c1,16.67,mL.min-1.kg-1,species_only_dog
2087602,CHEMBL930882,CHEMBL402513,CL,mL.min-1.kg-1,=,1.4,CHEMBL373,Canis lupus familiaris,"Clearance in Beagle dog at 2 mg/kg, iv",A,O=C(O)c1ccc(CCCc2c(CCNS(=O)(=O)c3c(F)cccc3C(F)(F)F)n(C(c3ccccc3)c3ccccc3)c3ccc(Cl)cc23)cc1,1.4,mL.min-1.kg-1,species_only_dog
2087603,CHEMBL930882,CHEMBL404529,CL,mL.min-1.kg-1,=,0.6,CHEMBL373,Canis lupus familiaris,"Clearance in Beagle dog at 2 mg/kg, iv",A,Cc1cccc(C)c1CS(=O)(=O)NCCc1c(CCCc2ccc(C(=O)O)cc2)c2cc(Cl)ccc2n1C(c1ccccc1)c1ccccc1,0.6,mL.min-1.kg-1,species_only_dog
2090370,CHEMBL932970,CHEMBL270390,CL,mL.min-1.kg-1,=,0.6,CHEMBL373,Canis lupus familiaris,"Clearance in dog at 0.5 mg/kg, iv and 1.0 mg/kg, po",A,Cn1cc(-c2ccc(O)cc2)cc(NC(=O)N2CCC(n3c(=O)[nH]c4ncccc43)CC2)c1=O,0.6,mL.min-1.kg-1,species_only_dog
2090377,CHEMBL932970,CHEMBL257252,CL,mL.min-1.kg-1,=,0.2,CHEMBL373,Canis lupus familiaris,"Clearance in dog at 0.5 mg/kg, iv and 1.0 mg/kg, po",A,O=C(Nc1cc(-c2cccc(F)c2F)cn(CC(F)(F)F)c1=O)N1CCC(n2c(=O)[nH]c3ncccc32)CC1,0.2,mL.min-1.kg-1,species_only_dog
2090378,CHEMBL932970,CHEMBL255755,CL,mL.min-1.kg-1,=,0.3,CHEMBL373,Canis lupus familiaris,"Clearance in dog at 0.5 mg/kg, iv and 1.0 mg/kg, po",A,O=C(Nc1cc(-c2cccnc2)cn(CC(F)(F)F)c1=O)N1CCC(n2c(=O)[nH]c3ncccc32)CC1,0.3,mL.min-1.kg-1,species_only_dog
2090379,CHEMBL932970,CHEMBL255966,CL,mL.min-1.kg-1,=,0.2,CHEMBL373,Canis lupus familiaris,"Clearance in dog at 0.5 mg/kg, iv and 1.0 mg/kg, po",A,O=C(Nc1cc(-c2ccccc2)cn(CC(F)(F)F)c1=O)N1CCC(n2c(=O)[nH]c3ncccc32)CC1,0.2,mL.min-1.kg-1,species_only_dog
2090380,CHEMBL932970,CHEMBL257902,CL,mL.min-1.kg-1,=,2.8,CHEMBL373,Canis lupus familiaris,"Clearance in dog at 0.5 mg/kg, iv and 1.0 mg/kg, po",A,Cn1cc(C2C=CN=N2)cc(NC(=O)N2CCC(n3c(=O)[nH]c4ncccc43)CC2)c1=O,2.8,mL.min-1.kg-1,species_only_dog
2092892,CHEMBL930547,CHEMBL402114,CL,mL.min-1.kg-1,=,16.0,CHEMBL373,Canis lupus familiaris,"Clearance in Beagle dog at 0.25 mg/kg, iv",A,COC(=O)c1c(F)cccc1-c1ccc(CNC(=O)[C@@](C)(O)C(F)(F)F)c(F)c1,16.0,mL.min-1.kg-1,species_only_dog
2092900,CHEMBL930547,CHEMBL402831,CL,mL.min-1.kg-1,=,0.42,CHEMBL373,Canis lupus familiaris,"Clearance in Beagle dog at 0.25 mg/kg, iv",A,Cc1nc(-c2c(F)cc(Cl)cc2-c2cnc([C@@H](C)NC(=O)[C@@](C)(O)C(F)(F)F)c(F)c2)no1,0.42,mL.min-1.kg-1,species_only_dog
2092901,CHEMBL930547,CHEMBL271283,CL,mL.min-1.kg-1,=,1.3,CHEMBL373,Canis lupus familiaris,"Clearance in Beagle dog at 0.25 mg/kg, iv",A,C[C@@H](NC(=O)[C@@](C)(O)C(F)(F)F)c1ncc(-c2cc(Cl)cc(F)c2-c2nnn(C)n2)cc1Cl,1.3,mL.min-1.kg-1,species_only_dog
2092902,CHEMBL930547,CHEMBL258324,CL,mL.min-1.kg-1,=,0.22,CHEMBL373,Canis lupus familiaris,"Clearance in Beagle dog at 0.25 mg/kg, iv",A,C[C@@H](NC(=O)[C@@](C)(O)C(F)(F)F)c1ncc(-c2cc(Cl)cc(F)c2-c2nnn(C)n2)cc1F,0.22,mL.min-1.kg-1,species_only_dog
2092903,CHEMBL930547,CHEMBL258326,CL,mL.min-1.kg-1,=,1.0,CHEMBL373,Canis lupus familiaris,"Clearance in Beagle dog at 0.25 mg/kg, iv",A,Cc1noc(-c2c(F)cc(Cl)cc2-c2cnc([C@@H](C)NC(=O)[C@@](C)(O)C(F)(F)F)c(F)c2)n1,1.0,mL.min-1.kg-1,species_only_dog
2092904,CHEMBL930547,CHEMBL257729,CL,mL.min-1.kg-1,=,0.91,CHEMBL373,Canis lupus familiaris,"Clearance in Beagle dog at 0.25 mg/kg, iv",A,Cc1noc(-c2c(Cl)cc(Cl)cc2-c2cnc([C@@H](C)NC(=O)[C@@](C)(O)C(F)(F)F)c(F)c2)n1,0.91,mL.min-1.kg-1,species_only_dog
2092905,CHEMBL930547,CHEMBL256671,CL,mL.min-1.kg-1,=,3.2,CHEMBL373,Canis lupus familiaris,"Clearance in Beagle dog at 0.25 mg/kg, iv",A,COC(=O)c1c(Cl)cc(Cl)cc1-c1cnc([C@@H](C)NC(=O)[C@@](C)(O)C(F)(F)F)c(F)c1,3.2,mL.min-1.kg-1,species_only_dog
2092914,CHEMBL930615,CHEMBL402831,CL,mL.min-1.kg-1,=,0.45,CHEMBL373,Canis lupus familiaris,"Clearance in Beagle dog at 3 mg/kg, po or 1 mg/kg, iv by cassette dosing",A,Cc1nc(-c2c(F)cc(Cl)cc2-c2cnc([C@@H](C)NC(=O)[C@@](C)(O)C(F)(F)F)c(F)c2)no1,0.45,mL.min-1.kg-1,species_only_dog
2099023,CHEMBL947907,CHEMBL258282,CL,mL.min-1.kg-1,=,46.0,CHEMBL373,Canis lupus familiaris,"Clearance in male and female Beagle dog at 0.2 mg/kg, iv and 0.4 mg/kg, po",A,CN1CCN(CCOc2n[nH]c3ncnc(Nc4ccc(OCc5ccccn5)c(Cl)c4)c23)CC1,46.0,mL.min-1.kg-1,species_only_dog
2100869,CHEMBL932132,CHEMBL270744,CL,mL.min-1.kg-1,=,3.8,CHEMBL373,Canis lupus familiaris,"Plasma clearance in dog at 1 mg/kg, iv or 2 mg/kg, po",A,CN(C)S(=O)(=O)N(C)[C@H]1CCCn2c1nc(C(=O)NCc1ccc(F)cc1)c(O)c2=O,3.8,mL.min-1.kg-1,species_only_dog
2100871,CHEMBL932132,CHEMBL408479,CL,mL.min-1.kg-1,=,3.8,CHEMBL373,Canis lupus familiaris,"Plasma clearance in dog at 1 mg/kg, iv or 2 mg/kg, po",A,CN(C)S(=O)(=O)N(C)[C@@H]1CCCn2c1nc(C(=O)NCc1ccc(F)cc1)c(O)c2=O,3.8,mL.min-1.kg-1,species_only_dog
2100874,CHEMBL932132,CHEMBL270514,CL,mL.min-1.kg-1,=,23.0,CHEMBL373,Canis lupus familiaris,"Plasma clearance in dog at 1 mg/kg, iv or 2 mg/kg, po",A,CN1CCN(S(=O)(=O)N(C)[C@H]2CCCn3c2nc(C(=O)NCc2ccc(F)cc2)c(O)c3=O)CC1,23.0,mL.min-1.kg-1,species_only_dog
2100892,CHEMBL932137,CHEMBL410850,CL,mL.min-1.kg-1,=,15.0,CHEMBL373,Canis lupus familiaris,"Plasma clearance in dog at 1 mg/kg, iv or 4 mg/kg, po",A,CN(C)C(=O)C(=O)N(C)[C@H]1CCCn2c1nc(C(=O)NCc1ccc(F)cc1)c(O)c2=O,15.0,mL.min-1.kg-1,species_only_dog
2100894,CHEMBL932132,CHEMBL408962,CL,mL.min-1.kg-1,=,7.5,CHEMBL373,Canis lupus familiaris,"Plasma clearance in dog at 1 mg/kg, iv or 2 mg/kg, po",A,CN(C)C(=O)C(=O)N(C)[C@H]1CCCCn2c1nc(C(=O)NCc1ccc(F)cc1)c(O)c2=O,7.5,mL.min-1.kg-1,species_only_dog
2103603,CHEMBL947974,CHEMBL403202,CL,mL.min-1.kg-1,=,2.3,CHEMBL373,Canis lupus familiaris,"Clearance in Mongrel dog at 1 mg/kg, iv",A,C[C@@H](NC(=O)C1(NC(=O)C(F)(F)F)CC1)c1ncc(-c2cc(Cl)cc(Cl)c2OCC(F)F)cc1F,2.3,mL.min-1.kg-1,species_only_dog
2103612,CHEMBL947974,CHEMBL410281,CL,mL.min-1.kg-1,=,2.6,CHEMBL373,Canis lupus familiaris,"Clearance in Mongrel dog at 1 mg/kg, iv",A,C[C@@H](NC(=O)C1(NC(=O)c2cc(Cl)no2)CC1)c1ncc(-c2cc(Cl)cc(Cl)c2OCC(F)F)cc1F,2.6,mL.min-1.kg-1,species_only_dog
2103613,CHEMBL947974,CHEMBL404280,CL,mL.min-1.kg-1,=,3.0,CHEMBL373,Canis lupus familiaris,"Clearance in Mongrel dog at 1 mg/kg, iv",A,CCOc1cc(C(=O)NC2(C(=O)N[C@H](C)c3ncc(-c4cc(Cl)cc(Cl)c4OCC(F)F)cc3F)CC2)on1,3.0,mL.min-1.kg-1,species_only_dog
2103614,CHEMBL947974,CHEMBL404484,CL,mL.min-1.kg-1,=,1.2,CHEMBL373,Canis lupus familiaris,"Clearance in Mongrel dog at 1 mg/kg, iv",A,COc1cc(C(=O)NC2(C(=O)N[C@H](C)c3ncc(-c4cc(Cl)cc(Cl)c4OCC(F)F)cc3F)CC2)on1,1.2,mL.min-1.kg-1,species_only_dog
2103615,CHEMBL947974,CHEMBL255997,CL,mL.min-1.kg-1,=,5.9,CHEMBL373,Canis lupus familiaris,"Clearance in Mongrel dog at 1 mg/kg, iv",A,C[C@@H](NC(=O)C1(NC(=O)c2ccno2)CC1)c1ncc(-c2cc(Cl)cc(Cl)c2OCC(F)F)cc1F,5.9,mL.min-1.kg-1,species_only_dog
2103616,CHEMBL947974,CHEMBL403434,CL,mL.min-1.kg-1,=,13.0,CHEMBL373,Canis lupus familiaris,"Clearance in Mongrel dog at 1 mg/kg, iv",A,C[C@@H](NC(=O)C1(NC(=O)c2cc(C3CC3)on2)CC1)c1ncc(-c2cc(Cl)cc(Cl)c2OCC(F)F)cc1F,13.0,mL.min-1.kg-1,species_only_dog
2103617,CHEMBL947974,CHEMBL256903,CL,mL.min-1.kg-1,=,14.0,CHEMBL373,Canis lupus familiaris,"Clearance in Mongrel dog at 1 mg/kg, iv",A,CCc1cc(C(=O)NC2(C(=O)N[C@H](C)c3ncc(-c4cc(Cl)cc(Cl)c4OCC(F)F)cc3F)CC2)no1,14.0,mL.min-1.kg-1,species_only_dog
2103618,CHEMBL947974,CHEMBL402630,CL,mL.min-1.kg-1,=,4.5,CHEMBL373,Canis lupus familiaris,"Clearance in Mongrel dog at 1 mg/kg, iv",A,Cc1cc(C(=O)NC2(C(=O)N[C@H](C)c3ncc(-c4cc(Cl)cc(Cl)c4OCC(F)F)cc3F)CC2)no1,4.5,mL.min-1.kg-1,species_only_dog
2103619,CHEMBL947974,CHEMBL401619,CL,mL.min-1.kg-1,=,2.0,CHEMBL373,Canis lupus familiaris,"Clearance in Mongrel dog at 1 mg/kg, iv",A,C[C@@H](NC(=O)C1(NC(=O)c2ccon2)CC1)c1ncc(-c2cc(Cl)cc(Cl)c2OCC(F)F)cc1F,2.0,mL.min-1.kg-1,species_only_dog
2103644,CHEMBL947974,CHEMBL270173,CL,mL.min-1.kg-1,=,7.0,CHEMBL373,Canis lupus familiaris,"Clearance in Mongrel dog at 1 mg/kg, iv",A,CCOc1c(Cl)cc(Cl)cc1-c1cnc([C@@H](C)NC(=O)C2(NC(=O)c3ccno3)CC2)c(F)c1,7.0,mL.min-1.kg-1,species_only_dog
2103652,CHEMBL947974,CHEMBL233968,CL,mL.min-1.kg-1,=,20.0,CHEMBL373,Canis lupus familiaris,"Clearance in Mongrel dog at 1 mg/kg, iv",A,COC(=O)c1c(Cl)cc(Cl)cc1-c1ccc([C@@H](C)NC(=O)C2(NC(=O)C(F)(F)F)CC2)c(F)c1,20.0,mL.min-1.kg-1,species_only_dog
2114005,CHEMBL934313,CHEMBL270738,CL,mL.min-1.kg-1,=,4.1,CHEMBL373,Canis lupus familiaris,"Clearance in Beagle dog at 1.0 mg/kg, iv",A,CCC(CC)Oc1cc(C)nc(Oc2c(C)cc(C)cc2C)c1C,4.1,mL.min-1.kg-1,species_only_dog
2114006,CHEMBL934313,CHEMBL270948,CL,mL.min-1.kg-1,=,17.0,CHEMBL373,Canis lupus familiaris,"Clearance in Beagle dog at 1.0 mg/kg, iv",A,CCC(CC)Nc1cc(C)nc(Oc2c(C)cc(C)cc2C)c1C,17.0,mL.min-1.kg-1,species_only_dog
2114728,CHEMBL933057,CHEMBL1627087,CL,mL.min-1.kg-1,=,0.4,CHEMBL373,Canis lupus familiaris,"Clearance in dog at 10 mg/kg, po or 2 mg/kg, iv",A,CCOc1c2c(c(OCC)c3ncccc13)CN(c1ccc(CS(=O)(=O)[N-]C(=O)Cc3ccccc3OC)cc1C)C2=O.[Na+],0.4,mL.min-1.kg-1,species_only_dog
2114731,CHEMBL932909,CHEMBL1627088,CL,mL.min-1.kg-1,=,0.2,CHEMBL373,Canis lupus familiaris,"Clearance in dog at 4 mg/kg, po or 5 mg/kg, iv",A,COc1cccc(OC)c1C1(C(=O)[N-]S(=O)(=O)Cc2ccc(N3Cc4c(c(OCC(F)(F)F)c5cccnc5c4OCC(F)(F)F)C3=O)c(C)c2)CC1.[Na+],0.2,mL.min-1.kg-1,species_only_dog
2115493,CHEMBL950121,CHEMBL258276,CL,mL.min-1.kg-1,=,1.37,CHEMBL373,Canis lupus familiaris,"Clearance in dog at 0.25 mg/kg, iv",A,Nc1nnc(-c2cnc(-c3ccc(CN4CCC(n5ncc6c(N)ncnc65)CC4)cc3)c(-c3ccccc3)c2)s1,1.37,mL.min-1.kg-1,species_only_dog
2115808,CHEMBL950280,CHEMBL253457,CL,mL.min-1.kg-1,=,5.6,CHEMBL373,Canis lupus familiaris,"Clearance in dog at 0.25 mg/kg, iv",A,Nc1ncnc2nc(-c3ccc(CN4CCC(c5nc6ccc(F)cc6[nH]5)CC4)cc3)c(-c3ccccc3)cc12,5.6,mL.min-1.kg-1,species_only_dog
2116612,CHEMBL934374,CHEMBL258131,CL,mL.min-1.kg-1,=,11.0,CHEMBL373,Canis lupus familiaris,"Clearance in dog at 0.5 mg/kg, iv and 1 mg/kg, po",A,CNC(=O)C(N)c1ccc(C(=O)Nc2cc(-c3cccs3)ccc2N)cc1,11.0,mL.min-1.kg-1,species_only_dog
2117496,CHEMBL951207,CHEMBL537693,CL,mL.min-1.kg-1,=,6.4,CHEMBL373,Canis lupus familiaris,"Total clearance in dog at 1.0 mg/mL, iv by cassette assay",A,Cl.O=C(O)COc1ccc(Oc2ccc(CCNC[C@H](O)c3cccc(Cl)c3)cc2)cc1,6.4,mL.min-1.kg-1,species_only_dog
2117497,CHEMBL951207,CHEMBL411234,CL,mL.min-1.kg-1,=,4.1,CHEMBL373,Canis lupus familiaris,"Total clearance in dog at 1.0 mg/mL, iv by cassette assay",A,O=C(O)c1ccc(Oc2ccc(CCNC[C@H](O)c3cccc(Cl)c3)cc2)cc1,4.1,mL.min-1.kg-1,species_only_dog
2117498,CHEMBL951207,CHEMBL271576,CL,mL.min-1.kg-1,=,4.0,CHEMBL373,Canis lupus familiaris,"Total clearance in dog at 1.0 mg/mL, iv by cassette assay",A,O=C(O)c1ccc(-c2ccc(CCNC[C@H](O)c3cccc(Cl)c3)cc2)cc1,4.0,mL.min-1.kg-1,species_only_dog
2117612,CHEMBL952052,CHEMBL272584,CL,mL.min-1.kg-1,=,4.9,CHEMBL373,Canis lupus familiaris,"Total clearance in dog at 0.1 mg/kg, iv by cassette assay",A,CC(C)Oc1cc(-c2ccc(CCNC[C@H](O)c3cccc(Cl)c3)cc2)ccc1C(=O)O,4.9,mL.min-1.kg-1,species_only_dog
2117618,CHEMBL952052,CHEMBL271945,CL,mL.min-1.kg-1,=,4.8,CHEMBL373,Canis lupus familiaris,"Total clearance in dog at 0.1 mg/kg, iv by cassette assay",A,CC(C)Oc1cc(-c2ccc(CCNC[C@H](O)c3ccccc3)cc2)ccc1C(=O)O,4.8,mL.min-1.kg-1,species_only_dog
2117627,CHEMBL949233,CHEMBL59765,CL,mL.min-1.kg-1,=,3.7,CHEMBL373,Canis lupus familiaris,"Total clearance in dog at 0.83 mg/kg, iv by cassette assay",A,CCOC(=O)COc1ccc2c(c1)C[C@@H](NC[C@H](O)c1cccc(Cl)c1)CCC2,3.7,mL.min-1.kg-1,species_only_dog
2120902,CHEMBL932753,CHEMBL271984,CL,mL.min-1.kg-1,=,1.717,CHEMBL373,Canis lupus familiaris,"Clearance in dog at 0.5 mg/kg, iv",A,COc1cc2nccc(Oc3ccc4c(C(N)=O)cccc4c3)c2cc1OC,1.717,mL.min-1.kg-1,species_only_dog
2121141,CHEMBL932984,CHEMBL270532,CL,mL.min-1.kg-1,=,1.667,CHEMBL373,Canis lupus familiaris,"Clearance in dog at 1 mg/kg, iv",A,COc1cc2nccc(Oc3ccc4c(C(=O)Nc5ccc(Cl)cc5)cccc4c3)c2cc1OC.CS(=O)(=O)O,1.667,mL.min-1.kg-1,species_only_dog
2121556,CHEMBL933442,CHEMBL401958,CL,mL.min-1.kg-1,=,19.83,CHEMBL373,Canis lupus familiaris,Clearance in dog,A,CN(C)CCN(C)C(=O)CN([C@H]1CCCN(c2ccc(-n3ccccc3=O)cc2F)C1=O)S(=O)(=O)c1ccc2cc(Cl)ccc2c1,19.83,mL.min-1.kg-1,species_only_dog
2132700,CHEMBL938233,CHEMBL410659,CL,mL.min-1.kg-1,=,30.0,CHEMBL373,Canis lupus familiaris,"Clearance in Beagle dog at 2.5 mg/kg, iv",A,Nc1nccn2c1c(-c1ccc3ccc(-c4ccccc4)nc3c1)nc2[C@H]1C[C@@H](CN2CCC2)C1,30.0,mL.min-1.kg-1,species_only_dog
2147614,CHEMBL940199,CHEMBL230686,CL,mL.min-1.kg-1,=,14.5,CHEMBL373,Canis lupus familiaris,"Clearance in Beagle dog at 5 mg/kg, iv",A,Cc1cc(-c2c(Cl)cccc2Cl)cc2nnc(Nc3ccc(OCCN4CCCC4)cc3)nc12,14.5,mL.min-1.kg-1,species_only_dog
2148381,CHEMBL936614,CHEMBL255274,CL,mL.min-1.kg-1,=,47.0,CHEMBL373,Canis lupus familiaris,"Plasma clearance in Beagle dog at 0.5 mg/kg, iv",A,COc1cc2c(cc1OC)CN(c1nc(N3CCCN(C(=O)N4CC(O)C(O)C4)CC3)nc3cc(OC)c(OC)cc13)CC2,47.0,mL.min-1.kg-1,species_only_dog
2148382,CHEMBL936615,CHEMBL255274,CL,mL.min-1.kg-1,=,470.0,CHEMBL373,Canis lupus familiaris,"Unbound plasma clearance in Beagle dog at 0.5 mg/kg, iv",A,COc1cc2c(cc1OC)CN(c1nc(N3CCCN(C(=O)N4CC(O)C(O)C4)CC3)nc3cc(OC)c(OC)cc13)CC2,470.0,mL.min-1.kg-1,species_only_dog
2148428,CHEMBL936614,CHEMBL257557,CL,mL.min-1.kg-1,=,15.0,CHEMBL373,Canis lupus familiaris,"Plasma clearance in Beagle dog at 0.5 mg/kg, iv",A,COc1cc2nc(N3CCCN(C(=O)N4CCOCC4)CC3)cc(N)c2c(-c2ccc(F)cc2)c1OC,15.0,mL.min-1.kg-1,species_only_dog
2148437,CHEMBL936614,CHEMBL256507,CL,mL.min-1.kg-1,=,40.0,CHEMBL373,Canis lupus familiaris,"Plasma clearance in Beagle dog at 0.5 mg/kg, iv",A,COc1cc2nc(N3CCc4ncccc4C3)nc(N)c2c(-c2ncccn2)c1OC,40.0,mL.min-1.kg-1,species_only_dog
2148438,CHEMBL936614,CHEMBL256951,CL,mL.min-1.kg-1,=,5.9,CHEMBL373,Canis lupus familiaris,"Plasma clearance in Beagle dog at 0.5 mg/kg, iv",A,COc1cc2nc(N3CCCN(C(=O)N4CCOCC4)CC3)cc(N)c2c(-c2ncco2)c1OC,5.9,mL.min-1.kg-1,species_only_dog
2148439,CHEMBL936614,CHEMBL403582,CL,mL.min-1.kg-1,=,20.0,CHEMBL373,Canis lupus familiaris,"Plasma clearance in Beagle dog at 0.5 mg/kg, iv",A,COc1cc2nc(N3CCCN(C(=O)N4CCOCC4)CC3)nc(N)c2c(-c2ccccn2)c1OC,20.0,mL.min-1.kg-1,species_only_dog
2148440,CHEMBL936614,CHEMBL254987,CL,mL.min-1.kg-1,=,23.0,CHEMBL373,Canis lupus familiaris,"Plasma clearance in Beagle dog at 0.5 mg/kg, iv",A,COc1cc2nc(N3CCCN(C(=O)N4CCOCC4)CC3)nc(N)c2cc1-c1ccccn1,23.0,mL.min-1.kg-1,species_only_dog
2148441,CHEMBL936614,CHEMBL402898,CL,mL.min-1.kg-1,=,8.8,CHEMBL373,Canis lupus familiaris,"Plasma clearance in Beagle dog at 0.5 mg/kg, iv",A,COc1cc2nc(N3CCCN(C(=O)N4CCOCC4)CC3)cc(N)c2c(-c2ccccc2)c1OC,8.8,mL.min-1.kg-1,species_only_dog
2148442,CHEMBL936615,CHEMBL256507,CL,mL.min-1.kg-1,=,450.0,CHEMBL373,Canis lupus familiaris,"Unbound plasma clearance in Beagle dog at 0.5 mg/kg, iv",A,COc1cc2nc(N3CCc4ncccc4C3)nc(N)c2c(-c2ncccn2)c1OC,450.0,mL.min-1.kg-1,species_only_dog
2148443,CHEMBL936615,CHEMBL256951,CL,mL.min-1.kg-1,=,23.0,CHEMBL373,Canis lupus familiaris,"Unbound plasma clearance in Beagle dog at 0.5 mg/kg, iv",A,COc1cc2nc(N3CCCN(C(=O)N4CCOCC4)CC3)cc(N)c2c(-c2ncco2)c1OC,23.0,mL.min-1.kg-1,species_only_dog
2148444,CHEMBL936615,CHEMBL403582,CL,mL.min-1.kg-1,=,60.0,CHEMBL373,Canis lupus familiaris,"Unbound plasma clearance in Beagle dog at 0.5 mg/kg, iv",A,COc1cc2nc(N3CCCN(C(=O)N4CCOCC4)CC3)nc(N)c2c(-c2ccccn2)c1OC,60.0,mL.min-1.kg-1,species_only_dog
2148445,CHEMBL936615,CHEMBL254987,CL,mL.min-1.kg-1,=,200.0,CHEMBL373,Canis lupus familiaris,"Unbound plasma clearance in Beagle dog at 0.5 mg/kg, iv",A,COc1cc2nc(N3CCCN(C(=O)N4CCOCC4)CC3)nc(N)c2cc1-c1ccccn1,200.0,mL.min-1.kg-1,species_only_dog
2148446,CHEMBL936615,CHEMBL402898,CL,mL.min-1.kg-1,=,88.0,CHEMBL373,Canis lupus familiaris,"Unbound plasma clearance in Beagle dog at 0.5 mg/kg, iv",A,COc1cc2nc(N3CCCN(C(=O)N4CCOCC4)CC3)cc(N)c2c(-c2ccccc2)c1OC,88.0,mL.min-1.kg-1,species_only_dog
2148458,CHEMBL927144,CHEMBL401796,CL,mL.min-1.kg-1,=,5.6,CHEMBL373,Canis lupus familiaris,"Plasma clearance in Beagle dog at 0.3 mg/kg, iv",A,COc1cc2nc(N3CCc4c(cccc4NS(C)(=O)=O)C3)nc(N)c2c(-c2ccccn2)c1OC,5.6,mL.min-1.kg-1,species_only_dog
2148459,CHEMBL932691,CHEMBL401796,CL,mL.min-1.kg-1,=,29.0,CHEMBL373,Canis lupus familiaris,"Unbound plasma clearance in Beagle dog at 0.3 mg/kg, iv",A,COc1cc2nc(N3CCc4c(cccc4NS(C)(=O)=O)C3)nc(N)c2c(-c2ccccn2)c1OC,29.0,mL.min-1.kg-1,species_only_dog
2154040,CHEMBL937342,CHEMBL260674,CL,mL.min-1.kg-1,=,8.333,CHEMBL373,Canis lupus familiaris,"Clearance in Beagle dog at 1 mg/kg, iv",A,O=C(O)CN1C(=O)[C@@]2(CC(=O)N(Cc3ccccc3F)C2=O)c2cc(Cl)ccc21,8.333,mL.min-1.kg-1,species_only_dog
2154080,CHEMBL937342,CHEMBL260672,CL,mL.min-1.kg-1,=,33.33,CHEMBL373,Canis lupus familiaris,"Clearance in Beagle dog at 1 mg/kg, iv",A,O=C(O)CN1C(=O)[C@@]2(CC(=O)N(Cc3cc(Cl)ccc3F)C2=O)c2cc(Cl)ccc21,33.33,mL.min-1.kg-1,species_only_dog
2163375,CHEMBL926907,CHEMBL412083,CL,mL.min-1.kg-1,=,7.0,CHEMBL373,Canis lupus familiaris,"Clearance in Beagle dog at 0.8 umol/kg, iv",A,CCNC(=O)c1ccc(CN2CCC(c3ccc(C(=O)Nc4ccccc4N)cc3)CC2)cc1,7.0,mL.min-1.kg-1,species_only_dog
2163510,CHEMBL922571,CHEMBL403813,CL,mL.min-1.kg-1,=,30.0,CHEMBL373,Canis lupus familiaris,"Clearance in Beagle dog at 0.8 umol/kg, iv",A,N#Cc1cc(CN2CCC2)cnc1-c1ccc(C(=O)Nc2ccccc2N)cc1,30.0,mL.min-1.kg-1,species_only_dog
2165084,CHEMBL926813,CHEMBL402823,CL,mL.min-1.kg-1,=,28.9,CHEMBL373,Canis lupus familiaris,"Clearance in Beagle dog at 0.25 mg/kg, iv",A,N#Cc1cc(Cl)cc(Oc2cc(OCc3n[nH]c4ccccc34)ccc2Cl)c1,28.9,mL.min-1.kg-1,species_only_dog
2166607,CHEMBL930361,CHEMBL258018,CL,mL.min-1.kg-1,=,34.0,CHEMBL373,Canis lupus familiaris,"Clearance in dog at 1 mg/kg, iv",A,Cc1nc(N)ccc1CNC(=O)Cc1c(C#N)ccc(NCC(F)(F)c2ccccn2)c1F,34.0,mL.min-1.kg-1,species_only_dog
2166616,CHEMBL930361,CHEMBL257543,CL,mL.min-1.kg-1,=,13.0,CHEMBL373,Canis lupus familiaris,"Clearance in dog at 1 mg/kg, iv",A,N#Cc1ccc(NCC(F)(F)c2ccccn2)c(F)c1CC(=O)NCCONC(=N)N,13.0,mL.min-1.kg-1,species_only_dog
2166625,CHEMBL930361,CHEMBL402758,CL,mL.min-1.kg-1,=,15.0,CHEMBL373,Canis lupus familiaris,"Clearance in dog at 1 mg/kg, iv",A,Cc1cccc(C(F)(F)CNc2ccc(C#N)c(CC(=O)NCCONC(=N)N)c2F)n1,15.0,mL.min-1.kg-1,species_only_dog
2166626,CHEMBL930361,CHEMBL254784,CL,mL.min-1.kg-1,=,18.0,CHEMBL373,Canis lupus familiaris,"Clearance in dog at 1 mg/kg, iv",A,Cc1ccc(C(F)(F)CNc2ccc(C#N)c(CC(=O)NCCONC(=N)N)c2F)nc1,18.0,mL.min-1.kg-1,species_only_dog
2166767,CHEMBL930384,CHEMBL231779,CL,mL.min-1.kg-1,=,0.3333,CHEMBL373,Canis lupus familiaris,"Clearance in dog at 0.02 to 0.5 mg/kg, iv and po",A,COc1ccc(-n2nc(C(N)=O)c3c2C(=O)N(c2ccc(N4CCCCC4=O)cc2)CC3)cc1,0.3333,mL.min-1.kg-1,species_only_dog
2166783,CHEMBL930384,CHEMBL260160,CL,mL.min-1.kg-1,=,13.33,CHEMBL373,Canis lupus familiaris,"Clearance in dog at 0.02 to 0.5 mg/kg, iv and po",A,COc1cc(Cl)cc(C(=O)Nc2ccc(Cl)cn2)c1NC(=O)c1ccc(-n2ccccc2=O)cc1F,13.33,mL.min-1.kg-1,species_only_dog
2166784,CHEMBL930384,CHEMBL260369,CL,mL.min-1.kg-1,=,5.0,CHEMBL373,Canis lupus familiaris,"Clearance in dog at 0.02 to 0.5 mg/kg, iv and po",A,COc1cc(Cl)cc(C(=O)Nc2ccc(Cl)cn2)c1NC(=O)c1ccc(-n2ccccc2=O)nc1,5.0,mL.min-1.kg-1,species_only_dog
2166785,CHEMBL930384,CHEMBL260085,CL,mL.min-1.kg-1,=,11.67,CHEMBL373,Canis lupus familiaris,"Clearance in dog at 0.02 to 0.5 mg/kg, iv and po",A,COc1cc(Cl)cc(C(=O)Nc2ccc(Cl)cn2)c1NC(=O)c1ccc(N2CCCCC2=O)cc1,11.67,mL.min-1.kg-1,species_only_dog
2166786,CHEMBL930384,CHEMBL402980,CL,mL.min-1.kg-1,=,11.17,CHEMBL373,Canis lupus familiaris,"Clearance in dog at 0.02 to 0.5 mg/kg, iv and po",A,COc1cc(Cl)cc(C(=O)Nc2ccc(Cl)cn2)c1NC(=O)c1ccc(-n2ccccc2=O)cc1,11.17,mL.min-1.kg-1,species_only_dog
2167913,CHEMBL924770,CHEMBL254760,CL,mL.min-1.kg-1,=,18.33,CHEMBL373,Canis lupus familiaris,"Clearance in Beagle dog at 0.8 mg/kg, iv or 5 mg/kg, po",A,Cn1cnc(-c2cc3nccc(Oc4ccc(NC(=S)NC(=O)Cc5ccccc5)cc4F)c3s2)c1,18.33,mL.min-1.kg-1,species_only_dog
2250882,CHEMBL1020644,CHEMBL524266,CL,mL.min-1.kg-1,=,53.33,CHEMBL373,Canis lupus familiaris,"Clearance in Beagle dog at 5 mg/kg, iv administered as single dose",A,Nc1nccc(-c2cc3c([nH]2)[C@@H](CCF)CNC3=O)n1,53.33,mL.min-1.kg-1,species_only_dog
2251453,CHEMBL1004554,CHEMBL506871,CL,mL.min-1.kg-1,=,10.0,CHEMBL373,Canis lupus familiaris,Clearance in Beagle dog at 2.5 mg/kg,A,C[C@]1(c2nc3c(C(N)=O)cccc3[nH]2)CCCN1,10.0,mL.min-1.kg-1,species_only_dog
2251454,CHEMBL1004554,CHEMBL497608,CL,mL.min-1.kg-1,=,15.0,CHEMBL373,Canis lupus familiaris,Clearance in Beagle dog at 2.5 mg/kg,A,C[C@@]1(c2nc3cccc(C(N)=O)c3[nH]2)CCCN1,15.0,mL.min-1.kg-1,species_only_dog
2254557,CHEMBL952246,CHEMBL402831,CL,mL.min-1.kg-1,=,0.5,CHEMBL373,Canis lupus familiaris,"Clearance in mongrel dog at 3 mg/kg, po and 1 mg/kg, iv",A,Cc1nc(-c2c(F)cc(Cl)cc2-c2cnc([C@@H](C)NC(=O)[C@@](C)(O)C(F)(F)F)c(F)c2)no1,0.5,mL.min-1.kg-1,species_only_dog
2254558,CHEMBL952246,CHEMBL521735,CL,mL.min-1.kg-1,=,0.6,CHEMBL373,Canis lupus familiaris,"Clearance in mongrel dog at 3 mg/kg, po and 1 mg/kg, iv",A,C[C@@H](NC(=O)C1(O)CCCC1)c1ncc(-c2cc(Cl)cc(F)c2-c2nnn(C)n2)cc1F,0.6,mL.min-1.kg-1,species_only_dog
2254559,CHEMBL952246,CHEMBL496530,CL,mL.min-1.kg-1,=,3.2,CHEMBL373,Canis lupus familiaris,"Clearance in mongrel dog at 3 mg/kg, po and 1 mg/kg, iv",A,C[C@@H](NC(=O)C1(O)CCSC1)c1ncc(-c2cc(Cl)cc(F)c2-c2nnn(C)n2)cc1F,3.2,mL.min-1.kg-1,species_only_dog
2254560,CHEMBL952246,CHEMBL521454,CL,mL.min-1.kg-1,=,2.3,CHEMBL373,Canis lupus familiaris,"Clearance in mongrel dog at 3 mg/kg, po and 1 mg/kg, iv",A,C[C@@H](NC(=O)C1(O)CC[S+]([O-])C1)c1ncc(-c2cc(Cl)cc(F)c2-c2nnn(C)n2)cc1F,2.3,mL.min-1.kg-1,species_only_dog
2254561,CHEMBL952246,CHEMBL482829,CL,mL.min-1.kg-1,=,0.5,CHEMBL373,Canis lupus familiaris,"Clearance in mongrel dog at 3 mg/kg, po and 1 mg/kg, iv",A,C[C@@H](NC(=O)C1(O)CCS(=O)(=O)C1)c1ncc(-c2cc(Cl)cc(F)c2-c2nnn(C)n2)cc1F,0.5,mL.min-1.kg-1,species_only_dog
2254562,CHEMBL952246,CHEMBL484881,CL,mL.min-1.kg-1,=,0.3,CHEMBL373,Canis lupus familiaris,"Clearance in mongrel dog at 3 mg/kg, po and 1 mg/kg, iv",A,C[C@@H](NC(=O)C1(O)CCC(=O)C1)c1ncc(-c2cc(Cl)cc(F)c2-c2nnn(C)n2)cc1F,0.3,mL.min-1.kg-1,species_only_dog
2254563,CHEMBL952246,CHEMBL484882,CL,mL.min-1.kg-1,=,0.3,CHEMBL373,Canis lupus familiaris,"Clearance in mongrel dog at 3 mg/kg, po and 1 mg/kg, iv",A,CC(NC(=O)C1(O)CCC(F)(F)C1)c1ncc(-c2cc(Cl)cc(F)c2-c2nnn(C)n2)cc1F,0.3,mL.min-1.kg-1,species_only_dog
2254564,CHEMBL952246,CHEMBL484882,CL,mL.min-1.kg-1,=,0.2,CHEMBL373,Canis lupus familiaris,"Clearance in mongrel dog at 3 mg/kg, po and 1 mg/kg, iv",A,CC(NC(=O)C1(O)CCC(F)(F)C1)c1ncc(-c2cc(Cl)cc(F)c2-c2nnn(C)n2)cc1F,0.2,mL.min-1.kg-1,species_only_dog
2254566,CHEMBL952246,CHEMBL484055,CL,mL.min-1.kg-1,=,1.0,CHEMBL373,Canis lupus familiaris,"Clearance in mongrel dog at 3 mg/kg, po and 1 mg/kg, iv",A,C[C@@H](NC(=O)C1(O)CCC(F)(F)CC1)c1ncc(-c2cc(Cl)cc(F)c2-c2nnn(C)n2)cc1F,1.0,mL.min-1.kg-1,species_only_dog
2256979,CHEMBL1001217,CHEMBL485745,CL,mL.min-1.kg-1,=,34.0,CHEMBL373,Canis lupus familiaris,"Clearance in Beagle dog at 1 mg/kg, iv",A,Fc1ccc(-c2nn3ccccc3c2-c2ccncc2)cc1,34.0,mL.min-1.kg-1,species_only_dog
2256980,CHEMBL1001217,CHEMBL518890,CL,mL.min-1.kg-1,=,17.0,CHEMBL373,Canis lupus familiaris,"Clearance in Beagle dog at 1 mg/kg, iv",A,Fc1ccc(-c2nn3c(OCC(F)(F)F)cccc3c2-c2ccncc2)cc1,17.0,mL.min-1.kg-1,species_only_dog
2258053,CHEMBL1008830,CHEMBL518254,CL,mL.min-1.kg-1,=,29.0,CHEMBL373,Canis lupus familiaris,"Clearance in dog at 0.5 mg/kg, iv",A,O=C(c1cccc2ccccc12)N(CCc1ccc(Cl)cc1)[C@H]1CC[C@H](O)CC1,29.0,mL.min-1.kg-1,species_only_dog
2259925,CHEMBL997659,CHEMBL468513,CL,mL.min-1.kg-1,=,7.0,CHEMBL373,Canis lupus familiaris,Clearance in iv dosed dog,A,CC(=O)CCCCC[C@H](NC(=O)C1CCN(C)CC1)c1ncc(-c2ccc3ccccc3c2)[nH]1,7.0,mL.min-1.kg-1,species_only_dog
2272045,CHEMBL960849,CHEMBL526307,CL,mL.min-1.kg-1,=,13.0,CHEMBL373,Canis lupus familiaris,Clearance in dog,A,COc1cc(C(C)C)c(Oc2cnc(N)nc2N)cc1I,13.0,mL.min-1.kg-1,species_only_dog
2277306,CHEMBL1014519,CHEMBL524193,CL,mL.min-1.kg-1,=,8.5,CHEMBL373,Canis lupus familiaris,Clearance in dog,A,NS(=O)(=O)NCCCC[C@H](NC(=O)OCc1ccccc1)c1nc2cc(-c3cccs3)ccc2[nH]1,8.5,mL.min-1.kg-1,species_only_dog
2285979,CHEMBL1016012,CHEMBL518340,CL,mL.min-1.kg-1,=,15.0,CHEMBL373,Canis lupus familiaris,"Clearance in dog at 0.25 mg/kg, iv by cassette dosing",A,CCCS(=O)(=O)N1CCC(CNC(=O)c2ccc(Cl)cc2Cl)(c2ccccn2)CC1,15.0,mL.min-1.kg-1,species_only_dog
2285980,CHEMBL1016012,CHEMBL517435,CL,mL.min-1.kg-1,=,1.0,CHEMBL373,Canis lupus familiaris,"Clearance in dog at 0.25 mg/kg, iv by cassette dosing",A,CS(=O)(=O)N1CCC(CNC(=O)c2ccc(Cl)cc2Cl)(c2ccccn2)CC1,1.0,mL.min-1.kg-1,species_only_dog
2285981,CHEMBL1016012,CHEMBL461987,CL,mL.min-1.kg-1,=,1.4,CHEMBL373,Canis lupus familiaris,"Clearance in dog at 0.25 mg/kg, iv by cassette dosing",A,CCS(=O)(=O)N1CCC(CNC(=O)c2ccc(Cl)cc2Cl)(c2ccccn2)CC1,1.4,mL.min-1.kg-1,species_only_dog
2285982,CHEMBL1016012,CHEMBL463025,CL,mL.min-1.kg-1,=,1.7,CHEMBL373,Canis lupus familiaris,"Clearance in dog at 0.25 mg/kg, iv by cassette dosing",A,O=C(NCC1(c2ccccn2)CCN(S(=O)(=O)C2CC2)CC1)c1ccc(Cl)cc1Cl,1.7,mL.min-1.kg-1,species_only_dog
2285983,CHEMBL1016012,CHEMBL463224,CL,mL.min-1.kg-1,=,11.8,CHEMBL373,Canis lupus familiaris,"Clearance in dog at 0.25 mg/kg, iv by cassette dosing",A,CN(C)S(=O)(=O)N1CCC(CNC(=O)c2ccc(Cl)cc2Cl)(c2ccccn2)CC1,11.8,mL.min-1.kg-1,species_only_dog
2285984,CHEMBL1016012,CHEMBL472756,CL,mL.min-1.kg-1,=,2.5,CHEMBL373,Canis lupus familiaris,"Clearance in dog at 0.25 mg/kg, iv by cassette dosing",A,O=C(NCC1(c2ccccn2)CCN(S(=O)(=O)CC(F)(F)F)CC1)c1ccc(Cl)cc1Cl,2.5,mL.min-1.kg-1,species_only_dog
2285985,CHEMBL1016012,CHEMBL516342,CL,mL.min-1.kg-1,=,3.6,CHEMBL373,Canis lupus familiaris,"Clearance in dog at 0.25 mg/kg, iv by cassette dosing",A,CCS(=O)(=O)N1CCC(c2ccccn2)([C@H](C)NC(=O)c2ccc(Cl)cc2Cl)CC1,3.6,mL.min-1.kg-1,species_only_dog
2285986,CHEMBL1016012,CHEMBL472757,CL,mL.min-1.kg-1,=,0.84,CHEMBL373,Canis lupus familiaris,"Clearance in dog at 0.25 mg/kg, iv by cassette dosing",A,CCS(=O)(=O)N1CCC(CNC(=O)c2ccc(Cl)cc2Cl)(CC2CC2)CC1,0.84,mL.min-1.kg-1,species_only_dog
2285993,CHEMBL1016014,CHEMBL516342,CL,mL.min-1.kg-1,=,3.5,CHEMBL373,Canis lupus familiaris,"Clearance in dog at 0.5 mg/kg, iv and 1 mg/kg, po",A,CCS(=O)(=O)N1CCC(c2ccccn2)([C@H](C)NC(=O)c2ccc(Cl)cc2Cl)CC1,3.5,mL.min-1.kg-1,species_only_dog
2285994,CHEMBL1016014,CHEMBL472757,CL,mL.min-1.kg-1,=,2.3,CHEMBL373,Canis lupus familiaris,"Clearance in dog at 0.5 mg/kg, iv and 1 mg/kg, po",A,CCS(=O)(=O)N1CCC(CNC(=O)c2ccc(Cl)cc2Cl)(CC2CC2)CC1,2.3,mL.min-1.kg-1,species_only_dog
2287487,CHEMBL959269,CHEMBL461806,CL,mL.min-1.kg-1,=,0.94,CHEMBL373,Canis lupus familiaris,"Plasma clearance in dog at 5 mg/kg, po",A,CC1=NN(c2ccc(C)c(C)c2)C(=O)/C1=N\Nc1cccc(-c2cccc(C(=O)O)c2)c1O.NCCO,0.94,mL.min-1.kg-1,species_only_dog
2298147,CHEMBL1012019,CHEMBL503583,CL,mL.min-1.kg-1,=,19.0,CHEMBL373,Canis lupus familiaris,"Clearance in dog at 1 mg/kg, iv",A,Cc1cc(Cn2c(=O)c(C3=CS(=O)(=O)c4cc(NS(C)(=O)=O)ccc4N3)c(O)c3cc(F)ccc32)ccc1F,19.0,mL.min-1.kg-1,species_only_dog
2355821,CHEMBL959775,CHEMBL523193,CL,mL.min-1.kg-1,=,23.0,CHEMBL373,Canis lupus familiaris,"Clearance in dog at 1 mg/kg/hr, iv",A,CCc1cn2c3c(cc(C(=O)N[C@@H](Cc4ccccc4)[C@H](O)CNC4CC4)cc13)N(C)S(=O)(=O)CC2,23.0,mL.min-1.kg-1,species_only_dog
2356291,CHEMBL965609,CHEMBL497746,CL,mL.min-1.kg-1,=,15.3,CHEMBL373,Canis lupus familiaris,"Clearance in dog at 5 mg/kg, iv and 10 mg/kg, po",A,CC(C)[C@H](NC(=O)CCN(C)C)c1cccc(F)c1N1CCN(C(=O)[C@H](C)Cc2ccc(Cl)cc2)CC1,15.3,mL.min-1.kg-1,species_only_dog
2360375,CHEMBL967877,CHEMBL521851,CL,mL.min-1.kg-1,=,11.9,CHEMBL373,Canis lupus familiaris,"Clearance in Beagle dog at 1 mg/kg, iv or 2 mg/kg, po",A,CS(=O)(=O)N1CCN(Cc2cc3nc(-c4cccc5[nH]ncc45)nc(N4CCOCC4)c3s2)CC1,11.9,mL.min-1.kg-1,species_only_dog
2360943,CHEMBL971756,CHEMBL495331,CL,mL.min-1.kg-1,=,11.0,CHEMBL373,Canis lupus familiaris,"Plasma clearance in dog at 5 mg/kg, iv",A,CN(C)C(=O)C(=O)NC(C)(C)c1nc(C(=O)NCc2ccc(F)cc2)c(O)c(=O)n1C,11.0,mL.min-1.kg-1,species_only_dog
2360959,CHEMBL971764,CHEMBL254316,CL,mL.min-1.kg-1,=,6.0,CHEMBL373,Canis lupus familiaris,"Plasma clearance in dog at 1 mg/kg, iv",A,Cc1nnc(C(=O)NC(C)(C)c2nc(C(=O)NCc3ccc(F)cc3)c(O)c(=O)n2C)o1,6.0,mL.min-1.kg-1,species_only_dog
2361579,CHEMBL971626,CHEMBL459729,CL,mL.min-1.kg-1,=,23.0,CHEMBL373,Canis lupus familiaris,"Total clearance in dog at 2 mg/kg, iv and 10 mg/kg, po",A,Cc1cc(C2CCN(CCCF)CC2)cc2[nH]c(-c3c(NCCn4cc(Cl)cn4)cc[nH]c3=O)nc12,23.0,mL.min-1.kg-1,species_only_dog
2362155,CHEMBL1027407,CHEMBL453734,CL,mL.min-1.kg-1,=,11.2,CHEMBL373,Canis lupus familiaris,"Clearance in Beagle dog at 0.73 mg/kg, iv",A,CCC[C@H]1C(=O)N([C@@H](Cc2ccc3ccccc3c2)C(=O)NC)CCN1C(=O)[C@@H](Cc1ccc(F)cc1)NC(=O)C(C)(C)N,11.2,mL.min-1.kg-1,species_only_dog
2364024,CHEMBL989040,CHEMBL494480,CL,mL.min-1.kg-1,=,6.667,CHEMBL373,Canis lupus familiaris,"Clearance in dog at 1 mg/kg, iv and 3.0 mg/kg, po",A,CCN(CC)C(=O)c1ccc(C2=CC3(CCNCC3)Oc3cccc(O)c32)cc1,6.667,mL.min-1.kg-1,species_only_dog
2367347,CHEMBL1028941,CHEMBL494089,CL,mL.min-1.kg-1,=,34.6,CHEMBL373,Canis lupus familiaris,"Clearance in dog at 4.2 mg/kg, iv",A,CCn1c(-c2nonc2N)nc2c(C#CC(C)(C)O)ncc(OC[C@H]3CCCNC3)c21,34.6,mL.min-1.kg-1,species_only_dog
2369581,CHEMBL1033917,CHEMBL493677,CL,mL.min-1.kg-1,=,9.1,CHEMBL373,Canis lupus familiaris,"Plasma clearance in Beagle dog at 1 mg/kg, iv",A,CC(C)(C)CCN1CC[C@H](CNC(=O)c2cc(Cl)cc(Cl)c2)[C@H](F)C1,9.1,mL.min-1.kg-1,species_only_dog
2370236,CHEMBL985468,CHEMBL521686,CL,mL.min-1.kg-1,=,5.4,CHEMBL373,Canis lupus familiaris,"Clearance in dog at 2.5 mg/kg, iv and 10 mg/kg, po",A,O=C(c1cc(Cc2n[nH]c(=O)c3ccccc23)ccc1F)N1CCN(C(=O)C2CC2)CC1,5.4,mL.min-1.kg-1,species_only_dog
2371508,CHEMBL1025595,CHEMBL491019,CL,mL.min-1.kg-1,=,8.9,CHEMBL373,Canis lupus familiaris,"Clearance in Beagle dog at 2 mg/kg, po and 0.25 mg/kg, iv",A,N#Cc1cc(Cl)cc(Oc2cc(OCc3n[nH]c4ncccc34)ccc2Cl)c1,8.9,mL.min-1.kg-1,species_only_dog
2371559,CHEMBL1035724,CHEMBL489586,CL,mL.min-1.kg-1,=,5.8,CHEMBL373,Canis lupus familiaris,"Clearance in Beagle dog at 10 mg/kg, po and 2 mg/kg, iv",A,N#Cc1cc(Cl)cc(Oc2cc(OCc3n[nH]c4nc(N)ccc34)ccc2Cl)c1,5.8,mL.min-1.kg-1,species_only_dog
2374157,CHEMBL1024680,CHEMBL495113,CL,mL.min-1.kg-1,=,1.8,CHEMBL373,Canis lupus familiaris,"Clearance in dog at 5 mL/kg, po",A,CS(=O)(=O)c1ccc(-c2cn(CC(F)(F)F)nc2[C@@H]2CCC(F)(F)C[C@H]2C(=O)NC2(C#N)CC2)cc1,1.8,mL.min-1.kg-1,species_only_dog
2374166,CHEMBL1024680,CHEMBL523352,CL,mL.min-1.kg-1,=,1.4,CHEMBL373,Canis lupus familiaris,"Clearance in dog at 5 mL/kg, po",A,CS(=O)(=O)c1ccc(-c2cn(CC(F)(F)F)nc2[C@@H]2CCC(Cl)(Cl)C[C@H]2C(=O)NC2(C#N)CC2)cc1,1.4,mL.min-1.kg-1,species_only_dog
2380664,CHEMBL940387,CHEMBL486770,CL,mL.min-1.kg-1,=,9.8,CHEMBL373,Canis lupus familiaris,"Plasma clearance in dog at 0.50 mg/kg, iv",A,Nc1ccc(-c2cccs2)cc1NC(=O)c1ccc(N2CCC3(CC2)COC(=O)N3)nc1,9.8,mL.min-1.kg-1,species_only_dog
2383544,CHEMBL1008746,CHEMBL459169,CL,mL.min-1.kg-1,=,4.6,CHEMBL373,Canis lupus familiaris,"Clearance in dog at 5 mg/kg, iv",A,N#Cc1cc(Cl)cc(Oc2c(Cl)ccc(Cc3n[nH]c4nnccc34)c2F)c1,4.6,mL.min-1.kg-1,species_only_dog
2383801,CHEMBL1008969,CHEMBL502182,CL,mL.min-1.kg-1,=,14.5,CHEMBL373,Canis lupus familiaris,"Plasma clearance in Beagle dog at 50 mg/kg, po",A,COc1cccc(-c2c(C)n(Cc3c(F)cccc3C(F)(F)F)c(=O)n(C[C@H](NCCCC(=O)[O-])c3ccccc3)c2=O)c1F.[Na+],14.5,mL.min-1.kg-1,species_only_dog
2393462,CHEMBL967998,CHEMBL490672,CL,mL.min-1.kg-1,=,0.93,CHEMBL373,Canis lupus familiaris,"Plasma clearance in Beagle dog at 2 mg/kg, po and 1 mg/kg, iv",A,CCc1cc(CC[C@]2(C3CCCC3)CC(O)=C(Cc3nc4nc(C)cc(C)n4n3)C(=O)O2)cc(CC)n1,0.93,mL.min-1.kg-1,species_only_dog
2394560,CHEMBL943627,CHEMBL492809,CL,mL.min-1.kg-1,=,30.0,CHEMBL373,Canis lupus familiaris,"Clearance in dog at 2 mg/kg, iv",A,CONC(=O)c1cn(-c2ccc3c(c2)CCC3)c2nc(Nc3ccc(C4CCN(C)CC4)cc3)ncc2c1=O,30.0,mL.min-1.kg-1,species_only_dog
2395291,CHEMBL949425,CHEMBL147587,CL,mL.min-1.kg-1,=,151.0,CHEMBL373,Canis lupus familiaris,Clearance in iv and orally dosed dog blood,A,CCN(CC)Cc1ccc(Nc2ccnc3cc(Cl)ccc23)cc1O,151.0,mL.min-1.kg-1,species_only_dog
2395292,CHEMBL949425,CHEMBL147806,CL,mL.min-1.kg-1,=,6.3,CHEMBL373,Canis lupus familiaris,Clearance in iv and orally dosed dog blood,A,CC(C)(C)NCc1ccc(Nc2ccnc3cc(Cl)ccc23)cc1O,6.3,mL.min-1.kg-1,species_only_dog
2395312,CHEMBL949425,CHEMBL146826,CL,mL.min-1.kg-1,=,12.0,CHEMBL373,Canis lupus familiaris,Clearance in iv and orally dosed dog blood,A,CCNCc1ccc(Nc2ccnc3cc(Cl)ccc23)cc1O,12.0,mL.min-1.kg-1,species_only_dog
2395514,CHEMBL963627,CHEMBL460702,CL,mL.min-1.kg-1,=,0.82,CHEMBL373,Canis lupus familiaris,"Clearance in Beagle dog at 1 mg/kg, iv",A,CCOc1ccn(-c2ccc(F)cc2)c(=O)c1C(=O)Nc1ccc(Oc2ccnc(N)c2Cl)c(F)c1,0.82,mL.min-1.kg-1,species_only_dog
2397270,CHEMBL952361,CHEMBL471212,CL,mL.min-1.kg-1,=,10.8,CHEMBL373,Canis lupus familiaris,"Plasma clearance in Beagle dog at 5 mg/kg, iv or 30 mg/kg, po",A,C=C(F)CN(CC)C(=O)[C@@]1(c2cccs2)C[C@H]1CN.Cl,10.8,mL.min-1.kg-1,species_only_dog
2397286,CHEMBL952361,CHEMBL512157,CL,mL.min-1.kg-1,=,19.2,CHEMBL373,Canis lupus familiaris,"Plasma clearance in Beagle dog at 5 mg/kg, iv or 30 mg/kg, po",A,C=CCN(CC=C)C(=O)[C@@]1(c2cccs2)C[C@H]1CN.Cl,19.2,mL.min-1.kg-1,species_only_dog
2401174,CHEMBL940387,CHEMBL513568,CL,mL.min-1.kg-1,=,5.9,CHEMBL373,Canis lupus familiaris,"Plasma clearance in dog at 0.50 mg/kg, iv",A,Nc1ccc(-c2cccs2)cc1NC(=O)c1ccc(N2CCC3(CCNC3)CC2)nc1,5.9,mL.min-1.kg-1,species_only_dog
2401183,CHEMBL941198,CHEMBL236902,CL,mL.min-1.kg-1,=,7.4,CHEMBL373,Canis lupus familiaris,"Plasma clearance in dog at 0.90 mg/kg, iv",A,C[C@H]1CN(c2ccc(C(=O)Nc3ccccc3N)cn2)CCN1C(=O)OCc1ccccc1,7.4,mL.min-1.kg-1,species_only_dog
2407742,CHEMBL956755,CHEMBL513189,CL,mL.min-1.kg-1,=,6.667,CHEMBL373,Canis lupus familiaris,Clearance in iv dosed dog,A,CN(c1c2c(c(O)c3ncccc13)C(=O)N(Cc1ccc(F)cc1)C2)S(C)(=O)=O,6.667,mL.min-1.kg-1,species_only_dog
2407748,CHEMBL956755,CHEMBL513363,CL,mL.min-1.kg-1,=,2.5,CHEMBL373,Canis lupus familiaris,Clearance in iv dosed dog,A,CN(c1c2c(c(O)c3ncccc13)C(=O)N(Cc1ccc(F)c(Cl)c1)C2)S(C)(=O)=O,2.5,mL.min-1.kg-1,species_only_dog
2407754,CHEMBL956755,CHEMBL469365,CL,mL.min-1.kg-1,=,0.3333,CHEMBL373,Canis lupus familiaris,Clearance in iv dosed dog,A,CN(c1c2c(c(O)c3ncccc13)C(=O)N(Cc1cc(Cl)c(F)cc1F)C2)S(C)(=O)=O,0.3333,mL.min-1.kg-1,species_only_dog
2410525,CHEMBL975317,CHEMBL484528,CL,mL.min-1.kg-1,=,12.9,CHEMBL373,Canis lupus familiaris,"Clearance in dog plasma at 1 mg/kg, iv and 1 mg/kg, po",A,Cc1cc2ncc(C(=O)N3CCC([C@H](N)Cc4cc(F)c(F)cc4F)CC3)c(C)n2n1,12.9,mL.min-1.kg-1,species_only_dog
2412785,CHEMBL998613,CHEMBL471725,CL,mL.min-1.kg-1,=,45.7,CHEMBL373,Canis lupus familiaris,"Clearance in Beagle dog at 0.1 mg/kg, iv and 0.5 mg/kg, po",A,CN(C)C(=N)c1ccc(C(=O)Nc2ccccc2C(=O)Nc2ccc(Cl)cn2)cc1,45.7,mL.min-1.kg-1,species_only_dog
2412786,CHEMBL998613,CHEMBL471457,CL,mL.min-1.kg-1,=,49.6,CHEMBL373,Canis lupus familiaris,"Clearance in Beagle dog at 0.1 mg/kg, iv and 0.5 mg/kg, po",A,CN1CCN=C1c1ccc(C(=O)Nc2ccccc2C(=O)Nc2ccc(Cl)cn2)cc1,49.6,mL.min-1.kg-1,species_only_dog
2415198,CHEMBL956047,CHEMBL474678,CL,mL.min-1.kg-1,=,2.1,CHEMBL373,Canis lupus familiaris,"Clearance in Beagle dog at 0.5 mg/kg, iv",A,O=C(Nc1ccc(-n2ccccc2=O)cn1)[C@H]1C[C@](O)(c2ccc(F)cc2F)CN1C(=O)Nc1ccc(Cl)cc1,2.1,mL.min-1.kg-1,species_only_dog
2417031,CHEMBL971488,CHEMBL483991,CL,mL.min-1.kg-1,=,4.0,CHEMBL373,Canis lupus familiaris,Plasma clearance in Beagle dog at 2 mg/kg,A,CC(C)c1nccc2c1c(Sc1ccc(Cl)c(Cl)c1)c1n2CC[C@@H]1CC(=O)O,4.0,mL.min-1.kg-1,species_only_dog
2418331,CHEMBL1011904,CHEMBL529213,CL,mL.min-1.kg-1,=,1.4,CHEMBL373,Canis lupus familiaris,Plasma clearance in dog,A,O=C([C@@H]1C[C@H]1c1ccc(C(F)(F)F)cc1)N1CCN(S(=O)(=O)c2cc(-c3nnc[nH]3)cc(C(F)(F)F)c2)CC1,1.4,mL.min-1.kg-1,species_only_dog
2420573,CHEMBL1014555,CHEMBL483200,CL,mL.min-1.kg-1,=,20.0,CHEMBL373,Canis lupus familiaris,"Plasma clearance in Beagle dog at 0.05 mg/kg, iv",A,CC(=O)O.NS(=O)(=O)c1cccc(CCCCOCCCCCCNC[C@H](O)c2ccc(O)c(CO)c2)c1,20.0,mL.min-1.kg-1,species_only_dog
2445466,CHEMBL1015685,CHEMBL488817,CL,mL.min-1.kg-1,=,2.3,CHEMBL373,Canis lupus familiaris,"Clearance in dog at 0.5 mg/kg, iv",A,CC1(C)C[C@@H](CN2CCC(F)(CNC(=O)c3cc(Cl)cc(Cl)c3)CC2)CCO1,2.3,mL.min-1.kg-1,species_only_dog
2446031,CHEMBL992784,CHEMBL452800,CL,mL.min-1.kg-1,=,15.0,CHEMBL373,Canis lupus familiaris,Clearance in dog at 4.1 mg/kg,A,CCCN1CCC(c2nc3cccc(C(N)=O)c3[nH]2)CC1,15.0,mL.min-1.kg-1,species_only_dog
2446927,CHEMBL944215,CHEMBL487273,CL,mL.min-1.kg-1,=,12.8,CHEMBL373,Canis lupus familiaris,Clearance in dog,A,NC(=O)Nc1sc(-c2ccccc2)cc1C(=O)N[C@H]1CCCNC1,12.8,mL.min-1.kg-1,species_only_dog
2447291,CHEMBL946436,CHEMBL461297,CL,mL.min-1.kg-1,=,20.0,CHEMBL373,Canis lupus familiaris,"Clearance in dog at 0.5 mg/kg, iv",A,COc1ccc(-n2nc(C(F)(F)F)c3c2C(=O)N(c2ccc(C4(CN(C)C)CC4)cc2)CC3)cc1,20.0,mL.min-1.kg-1,species_only_dog
2447533,CHEMBL946436,CHEMBL206335,CL,mL.min-1.kg-1,=,18.33,CHEMBL373,Canis lupus familiaris,"Clearance in dog at 0.5 mg/kg, iv",A,CN(C)Cc1nccn1-c1ccc(NC(=O)c2cc(C(F)(F)F)nn2-c2ccc3onc(N)c3c2)c(F)c1,18.33,mL.min-1.kg-1,species_only_dog
2448557,CHEMBL947254,CHEMBL488051,CL,mL.min-1.kg-1,=,3.5,CHEMBL373,Canis lupus familiaris,"Total clearance in Beagle dog at 0.1 mg/kg, iv by cassette assay",A,CCOc1cc(-c2ccc(C[C@@H](C)NC[C@H](O)c3ccccc3)cc2)ccc1C(=O)O,3.5,mL.min-1.kg-1,species_only_dog
2448558,CHEMBL947254,CHEMBL509156,CL,mL.min-1.kg-1,=,68.9,CHEMBL373,Canis lupus familiaris,"Total clearance in Beagle dog at 0.1 mg/kg, iv by cassette assay",A,C[C@H](Cc1ccc(-c2ccc(C(=O)O)c(OC3CCCCC3)c2)cc1)NC[C@H](O)c1ccccc1,68.9,mL.min-1.kg-1,species_only_dog
2448559,CHEMBL947254,CHEMBL453322,CL,mL.min-1.kg-1,=,39.0,CHEMBL373,Canis lupus familiaris,"Total clearance in Beagle dog at 0.1 mg/kg, iv by cassette assay",A,CC(C)COc1cc(-c2ccc(C[C@@H](C)NC[C@H](O)c3ccccc3)cc2)ccc1C(=O)O,39.0,mL.min-1.kg-1,species_only_dog
2448560,CHEMBL947254,CHEMBL486051,CL,mL.min-1.kg-1,=,6.5,CHEMBL373,Canis lupus familiaris,"Total clearance in Beagle dog at 0.1 mg/kg, iv by cassette assay",A,CC(C)Oc1cc(-c2ccc(C[C@@H](C)NC[C@H](O)c3ccccc3)cc2)ccc1C(=O)O,6.5,mL.min-1.kg-1,species_only_dog
2448631,CHEMBL947273,CHEMBL470292,CL,mL.min-1.kg-1,=,6.4,CHEMBL373,Canis lupus familiaris,"Total clearance in dog at 0.32 mg/kg, iv",A,CC(C)Oc1cc(-c2ccc(CCNC[C@H](O)c3cccnc3)cc2)ccc1C(=O)O,6.4,mL.min-1.kg-1,species_only_dog
2448642,CHEMBL947273,CHEMBL488224,CL,mL.min-1.kg-1,=,47.7,CHEMBL373,Canis lupus familiaris,"Total clearance in dog at 0.32 mg/kg, iv",A,O=C(O)c1ccc(-c2ccc(CCNC[C@H](O)c3cccnc3)cc2)cc1OC1CCCCC1,47.7,mL.min-1.kg-1,species_only_dog
2448656,CHEMBL947273,CHEMBL487682,CL,mL.min-1.kg-1,=,7.9,CHEMBL373,Canis lupus familiaris,"Total clearance in dog at 0.32 mg/kg, iv",A,CC(C)Cc1cc(-c2ccc(CCNC[C@H](O)c3ccc(N)nc3)cc2)ccc1C(=O)O,7.9,mL.min-1.kg-1,species_only_dog
2448668,CHEMBL1021848,CHEMBL486051,CL,mL.min-1.kg-1,=,7.83,CHEMBL373,Canis lupus familiaris,"Total clearance in dog at 0.1 mg/kg, iv",A,CC(C)Oc1cc(-c2ccc(C[C@@H](C)NC[C@H](O)c3ccccc3)cc2)ccc1C(=O)O,7.83,mL.min-1.kg-1,species_only_dog
2448689,CHEMBL1021848,CHEMBL453047,CL,mL.min-1.kg-1,=,7.3,CHEMBL373,Canis lupus familiaris,"Total clearance in dog at 0.1 mg/kg, iv",A,CC(C)Oc1cc(-c2ccc(CCN[C@@H](C)[C@H](O)c3ccccc3)cc2)ccc1C(=O)O,7.3,mL.min-1.kg-1,species_only_dog
2448696,CHEMBL1021848,CHEMBL510102,CL,mL.min-1.kg-1,=,4.4,CHEMBL373,Canis lupus familiaris,"Total clearance in dog at 0.1 mg/kg, iv",A,C[C@H](Cc1ccc(-c2ccc(C(=O)O)cc2)cc1)NC[C@H](O)c1cccnc1,4.4,mL.min-1.kg-1,species_only_dog
2448702,CHEMBL1021848,CHEMBL507506,CL,mL.min-1.kg-1,=,24.3,CHEMBL373,Canis lupus familiaris,"Total clearance in dog at 0.1 mg/kg, iv",A,CCCOc1cc(-c2ccc(C[C@@H](C)NC[C@H](O)c3cccnc3)cc2)ccc1C(=O)O,24.3,mL.min-1.kg-1,species_only_dog
2448711,CHEMBL1021862,CHEMBL452033,CL,mL.min-1.kg-1,=,2.9,CHEMBL373,Canis lupus familiaris,"Total clearance in dog at 0.1 mg/kg, iv by cassette assay",A,CCCOc1cc(-c2ccc(OCCNC[C@H](O)c3cccc(Cl)c3)cc2)ccc1C(=O)O,2.9,mL.min-1.kg-1,species_only_dog
2448716,CHEMBL1021862,CHEMBL459646,CL,mL.min-1.kg-1,=,14.2,CHEMBL373,Canis lupus familiaris,"Total clearance in dog at 0.1 mg/kg, iv by cassette assay",A,CC(C)Cc1cc(-c2ccc(OCCNC[C@H](O)c3ccc(N)nc3)cc2)ccc1C(=O)O,14.2,mL.min-1.kg-1,species_only_dog
2448806,CHEMBL1021890,CHEMBL452587,CL,mL.min-1.kg-1,=,10.0,CHEMBL373,Canis lupus familiaris,"Clearance in dog at 0.5 mg/kg, iv",A,C[C@](O)(c1ccc(C(=O)N(C2CC2)[C@H]2CC[C@H](c3cccnc3)CC2)cc1)C(F)(F)F,10.0,mL.min-1.kg-1,species_only_dog
2448868,CHEMBL1021912,CHEMBL471371,CL,mL.min-1.kg-1,=,7.5,CHEMBL373,Canis lupus familiaris,"Clearance in Mongrel dog at 0.25 mg/kg, iv",A,CC(=O)Nc1ccc(S(=O)(=O)Nc2ccccc2C(=O)c2ccccc2)cc1,7.5,mL.min-1.kg-1,species_only_dog
2448919,CHEMBL1021912,CHEMBL451761,CL,mL.min-1.kg-1,=,6.2,CHEMBL373,Canis lupus familiaris,"Clearance in Mongrel dog at 0.25 mg/kg, iv",A,O=C(Nc1ccc(S(=O)(=O)Nc2ccccc2C(=O)c2ccc(F)cn2)cc1)OCC1CCCO1,6.2,mL.min-1.kg-1,species_only_dog
2448920,CHEMBL1021912,CHEMBL451761,CL,mL.min-1.kg-1,=,14.0,CHEMBL373,Canis lupus familiaris,"Clearance in Mongrel dog at 0.25 mg/kg, iv",A,O=C(Nc1ccc(S(=O)(=O)Nc2ccccc2C(=O)c2ccc(F)cn2)cc1)OCC1CCCO1,14.0,mL.min-1.kg-1,species_only_dog
2448921,CHEMBL1021912,CHEMBL454086,CL,mL.min-1.kg-1,=,2.9,CHEMBL373,Canis lupus familiaris,"Clearance in Mongrel dog at 0.25 mg/kg, iv",A,O=C(Nc1ccc(S(=O)(=O)Nc2ccccc2C(=O)c2ccccn2)cc1)OCC1CCCO1,2.9,mL.min-1.kg-1,species_only_dog
2448922,CHEMBL1021912,CHEMBL454086,CL,mL.min-1.kg-1,=,3.1,CHEMBL373,Canis lupus familiaris,"Clearance in Mongrel dog at 0.25 mg/kg, iv",A,O=C(Nc1ccc(S(=O)(=O)Nc2ccccc2C(=O)c2ccccn2)cc1)OCC1CCCO1,3.1,mL.min-1.kg-1,species_only_dog
2448923,CHEMBL1021912,CHEMBL454086,CL,mL.min-1.kg-1,=,3.4,CHEMBL373,Canis lupus familiaris,"Clearance in Mongrel dog at 0.25 mg/kg, iv",A,O=C(Nc1ccc(S(=O)(=O)Nc2ccccc2C(=O)c2ccccn2)cc1)OCC1CCCO1,3.4,mL.min-1.kg-1,species_only_dog
2448924,CHEMBL1021912,CHEMBL454085,CL,mL.min-1.kg-1,=,17.0,CHEMBL373,Canis lupus familiaris,"Clearance in Mongrel dog at 0.25 mg/kg, iv",A,O=C(Nc1ccc(S(=O)(=O)Nc2ccccc2C(=O)c2ccccc2)cc1)OCC1CCCO1,17.0,mL.min-1.kg-1,species_only_dog
2448925,CHEMBL1021912,CHEMBL487445,CL,mL.min-1.kg-1,=,17.0,CHEMBL373,Canis lupus familiaris,"Clearance in Mongrel dog at 0.25 mg/kg, iv",A,O=C(NCCCN1CCCCC1)Nc1ccc(S(=O)(=O)Nc2ccccc2C(=O)c2ccccc2)cc1,17.0,mL.min-1.kg-1,species_only_dog
2448926,CHEMBL1021912,CHEMBL530549,CL,mL.min-1.kg-1,=,3.6,CHEMBL373,Canis lupus familiaris,"Clearance in Mongrel dog at 0.25 mg/kg, iv",A,CC(=O)Nc1ccc(S(=O)(=O)Nc2ccccc2C(=O)c2ccc(F)cn2)cc1,3.6,mL.min-1.kg-1,species_only_dog
2448927,CHEMBL1021912,CHEMBL469875,CL,mL.min-1.kg-1,=,1.2,CHEMBL373,Canis lupus familiaris,"Clearance in Mongrel dog at 0.25 mg/kg, iv",A,CC(=O)Nc1ccc(S(=O)(=O)Nc2ccccc2C(=O)c2ccccn2)cc1,1.2,mL.min-1.kg-1,species_only_dog
2448928,CHEMBL1021912,CHEMBL516783,CL,mL.min-1.kg-1,=,11.0,CHEMBL373,Canis lupus familiaris,"Clearance in Mongrel dog at 0.25 mg/kg, iv",A,CC(=O)Nc1ccc(S(=O)(=O)Nc2ccccc2C(=O)c2ccc(F)cc2)cc1,11.0,mL.min-1.kg-1,species_only_dog
2449096,CHEMBL989231,CHEMBL460472,CL,mL.min-1.kg-1,=,5.667,CHEMBL373,Canis lupus familiaris,"Clearance in Beagle dog at 1 mg/kg, iv or 10 mg/kg, po",A,COc1ccc2c(Oc3ccc(NC(=O)c4c(C)n(CC(C)(C)O)n(-c5ccccc5)c4=O)nc3)ccnc2c1,5.667,mL.min-1.kg-1,species_only_dog
2450768,CHEMBL948507,CHEMBL272980,CL,mL.min-1.kg-1,=,33.33,CHEMBL373,Canis lupus familiaris,"Clearance in Beagle dog at 10 mg/kg, iv and 7 to 30 mg/kg, po",A,Nc1ccccc1NC(=O)c1ccc(CNc2nccc(-c3cccnc3)n2)cc1,33.33,mL.min-1.kg-1,species_only_dog
2451816,CHEMBL1012275,CHEMBL481697,CL,mL.min-1.kg-1,=,16.0,CHEMBL373,Canis lupus familiaris,"Clearance in dog at 0.5 mg/kg, iv and 1 mg/kg, po",A,CN(C)Cc1cc(CNS(C)(=O)=O)ccc1Oc1ccc(OC(F)(F)F)cc1,16.0,mL.min-1.kg-1,species_only_dog
2451841,CHEMBL1012275,CHEMBL383706,CL,mL.min-1.kg-1,=,31.0,CHEMBL373,Canis lupus familiaris,"Clearance in dog at 0.5 mg/kg, iv and 1 mg/kg, po",A,CN[C@H]1CC[C@@H](c2ccc(Cl)c(Cl)c2)c2ccc(S(N)(=O)=O)cc21,31.0,mL.min-1.kg-1,species_only_dog
2451852,CHEMBL1012275,CHEMBL479410,CL,mL.min-1.kg-1,=,14.0,CHEMBL373,Canis lupus familiaris,"Clearance in dog at 0.5 mg/kg, iv and 1 mg/kg, po",A,CN(C)Cc1cc(NS(C)(=O)=O)ccc1Oc1ccc(C(F)(F)F)cc1,14.0,mL.min-1.kg-1,species_only_dog
2458919,CHEMBL1020065,CHEMBL481931,CL,mL.min-1.kg-1,=,15.1,CHEMBL373,Canis lupus familiaris,"Clearance in dog at 0.4 mg/kg, iv",A,CN1CC[C@H](N(C)C(=O)N2CC(c3cc(F)ccc3F)=C[C@@]2(CO)c2ccccc2)[C@H](F)C1,15.1,mL.min-1.kg-1,species_only_dog
2459244,CHEMBL986603,CHEMBL479779,CL,mL.min-1.kg-1,=,14.17,CHEMBL373,Canis lupus familiaris,"Clearance in dog at 2.5 mg/kg, iv and 2.5 mg/kg, po",A,CC(C)NC(C)(C)c1nc2c(C(N)=O)cccc2[nH]1,14.17,mL.min-1.kg-1,species_only_dog
2461482,CHEMBL948556,CHEMBL487458,CL,mL.min-1.kg-1,=,19.0,CHEMBL373,Canis lupus familiaris,"Plasma clearance in Beagle dog at 1 mg/kg, iv",A,O[C@H]1C[C@H](CN2CC[C@H](c3ccc(F)cc3Cl)[C@@H](O)C2)Cc2cccnc21,19.0,mL.min-1.kg-1,species_only_dog
2462817,CHEMBL945237,CHEMBL480501,CL,mL.min-1.kg-1,=,3.8,CHEMBL373,Canis lupus familiaris,"Clearance in dog at 0.25 mg/kg, iv and 1 mg/kg, po",A,Cn1c(N(Cc2ccc(C(=O)Nc3nnn[nH]3)cc2)[C@H]2CC[C@H](C(C)(C)C)CC2)nc2cc(C(F)(F)F)ccc21,3.8,mL.min-1.kg-1,species_only_dog
2473188,CHEMBL981859,CHEMBL483400,CL,mL.min-1.kg-1,=,44.0,CHEMBL373,Canis lupus familiaris,"Plasma clearance in Beagle dog at 0.3 mg/kg, iv",A,Cc1nc2cccc(F)c2c(=O)n1-c1ccc(OC2CCN(C3CCC3)CC2)cc1,44.0,mL.min-1.kg-1,species_only_dog
2473189,CHEMBL981859,CHEMBL484946,CL,mL.min-1.kg-1,=,17.0,CHEMBL373,Canis lupus familiaris,"Plasma clearance in Beagle dog at 0.3 mg/kg, iv",A,Cc1cccc2nc(C)n(-c3ccc(OC4CCN(C5CCC5)CC4)cc3)c(=O)c12,17.0,mL.min-1.kg-1,species_only_dog
2473190,CHEMBL981859,CHEMBL485543,CL,mL.min-1.kg-1,=,13.0,CHEMBL373,Canis lupus familiaris,"Plasma clearance in Beagle dog at 0.3 mg/kg, iv",A,Cc1nc2cccc(C(F)(F)F)c2c(=O)n1-c1ccc(OC2CCN(C3CCC3)CC2)cc1,13.0,mL.min-1.kg-1,species_only_dog
2477438,CHEMBL989903,CHEMBL457223,CL,mL.min-1.kg-1,=,5.2,CHEMBL373,Canis lupus familiaris,"Clearance in Beagle dog at 1 mg/kg, iv",A,Cc1ccc(F)cc1NC(=O)Nc1ccc(CC(=O)N2C[C@@H](F)C[C@H]2COc2ccc(C(=O)O)cc2)cc1Cl,5.2,mL.min-1.kg-1,species_only_dog
2479951,CHEMBL1035038,CHEMBL458084,CL,mL.min-1.kg-1,=,40.0,CHEMBL373,Canis lupus familiaris,"Plasma clearance in Beagle dog at 0.8 mg/kg, iv after 24 hrs",A,N#Cc1ccc([C@H]2CCCC[C@H]2O)cc1C(F)(F)F,40.0,mL.min-1.kg-1,species_only_dog
2487388,CHEMBL946671,CHEMBL226630,CL,mL.min-1.kg-1,=,35.0,CHEMBL373,Canis lupus familiaris,"Plasma clearance in dog at 0.5 mg/kg, iv administered as single dose",A,NC(=O)c1noc([C@H](CCCC2CCCCC2)CC(=O)NO)n1,35.0,mL.min-1.kg-1,species_only_dog
2488288,CHEMBL947816,CHEMBL466397,CL,mL.min-1.kg-1,=,8.7,CHEMBL373,Canis lupus familiaris,"Clearance in Beagle dog at 7.2 mg/kg, po",A,CCc1cc(Nc2nccc(-c3c(-c4ccc(OC)c(C(=O)Nc5c(F)cccc5F)c4)nc4ccccn34)n2)c(OC)cc1N1CCC(N2CCN(S(C)(=O)=O)CC2)CC1,8.7,mL.min-1.kg-1,species_only_dog
2499434,CHEMBL982442,CHEMBL480816,CL,mL.min-1.kg-1,=,2.5,CHEMBL373,Canis lupus familiaris,Plasma clearance in dog,A,CN(C)CCN1CCn2c(c(C3CCCCC3)c3ccc(C(=O)O)cc32)-c2ccccc2C1,2.5,mL.min-1.kg-1,species_only_dog
2499455,CHEMBL982442,CHEMBL521089,CL,mL.min-1.kg-1,=,2.9,CHEMBL373,Canis lupus familiaris,Plasma clearance in dog,A,COc1ccc2c(c1)CN(C)CCn1c-2c(C2CCCCC2)c2ccc(C(=O)O)cc21,2.9,mL.min-1.kg-1,species_only_dog
2499456,CHEMBL982442,CHEMBL520448,CL,mL.min-1.kg-1,=,3.0,CHEMBL373,Canis lupus familiaris,Plasma clearance in dog,A,CN(C)CC(=O)N1CCn2c(c(C3CCCCC3)c3ccc(C(=O)O)cc32)-c2ccc(F)cc2C1,3.0,mL.min-1.kg-1,species_only_dog
2505161,CHEMBL942672,CHEMBL481322,CL,mL.min-1.g-1,=,14.0,CHEMBL373,Canis lupus familiaris,Clearance in iv dosed dog,A,COCc1c(Cl)ccc2c1CC[C@H]2c1ncc[nH]1,0.014,mL.min-1.kg-1,species_only_dog
2505172,CHEMBL942672,CHEMBL474796,CL,mL.min-1.kg-1,=,25.0,CHEMBL373,Canis lupus familiaris,Clearance in iv dosed dog,A,Fc1ccn(Cc2c(F)ccc3c2CC[C@H]3c2ncc[nH]2)n1,25.0,mL.min-1.kg-1,species_only_dog
2508128,CHEMBL1034800,CHEMBL481534,CL,mL.min-1.kg-1,=,13.0,CHEMBL373,Canis lupus familiaris,"Clearance in Beagle dog at 5 mg/kg, po or 1 mg/kg, iv",A,Cc1cc(C)c(NC(=O)Nc2cc3ccccc3cc2C(=O)NC2(C(=O)O)CCCCCCC2)c(C)c1,13.0,mL.min-1.kg-1,species_only_dog
2509395,CHEMBL1003004,CHEMBL470856,CL,mL.min-1.kg-1,=,5.1,CHEMBL373,Canis lupus familiaris,"Total clearance in Beagle dog at 0.10 mg/kg, po",A,CC(C)Sc1cc(-c2ccc(CCNC[C@H](O)c3ccccc3)cc2)ccc1C(=O)NS(C)(=O)=O.Cl,5.1,mL.min-1.kg-1,species_only_dog
2509457,CHEMBL1007092,CHEMBL446806,CL,mL.min-1.kg-1,=,34.9,CHEMBL373,Canis lupus familiaris,"Total clearance in Beagle dog at 0.10 mg/kg, iv by cassette assay",A,CS(=O)(=O)NC(=O)c1ccc(-c2ccc(CCNC[C@H](O)c3cnccc3N)cc2)cc1OC1CCCCC1.Cl.Cl,34.9,mL.min-1.kg-1,species_only_dog
2509458,CHEMBL1007092,CHEMBL491726,CL,mL.min-1.kg-1,=,22.9,CHEMBL373,Canis lupus familiaris,"Total clearance in Beagle dog at 0.10 mg/kg, iv by cassette assay",A,CC(C)Oc1cc(-c2ccc(CCNC[C@H](O)c3cnccc3N)cc2)ccc1C(=O)NS(C)(=O)=O,22.9,mL.min-1.kg-1,species_only_dog
2509460,CHEMBL1007092,CHEMBL452134,CL,mL.min-1.kg-1,=,5.0,CHEMBL373,Canis lupus familiaris,"Total clearance in Beagle dog at 0.10 mg/kg, iv by cassette assay",A,CS(=O)(=O)NC(=O)c1ccc(-c2ccc(CCNC[C@H](O)c3ccc(N)cc3)cc2)cc1OC1CCCCC1.Cl.Cl,5.0,mL.min-1.kg-1,species_only_dog
2509462,CHEMBL1007092,CHEMBL491891,CL,mL.min-1.kg-1,=,5.4,CHEMBL373,Canis lupus familiaris,"Total clearance in Beagle dog at 0.10 mg/kg, iv by cassette assay",A,CC(C)Sc1cc(-c2ccc(CCNC[C@H](O)c3cccnc3)cc2)ccc1C(=O)NS(C)(=O)=O.Cl.Cl,5.4,mL.min-1.kg-1,species_only_dog
2509463,CHEMBL1007092,CHEMBL479727,CL,mL.min-1.kg-1,=,21.8,CHEMBL373,Canis lupus familiaris,"Total clearance in Beagle dog at 0.10 mg/kg, iv by cassette assay",A,CS(=O)(=O)NC(=O)c1ccc(-c2ccc(CCNC[C@H](O)c3cccnc3)cc2)cc1C1CCCC1.Cl.Cl,21.8,mL.min-1.kg-1,species_only_dog
2509464,CHEMBL1007092,CHEMBL516209,CL,mL.min-1.kg-1,=,35.9,CHEMBL373,Canis lupus familiaris,"Total clearance in Beagle dog at 0.10 mg/kg, iv by cassette assay",A,CC(C)Cc1cc(-c2ccc(CCNC[C@H](O)c3cccnc3)cc2)ccc1C(=O)NS(C)(=O)=O.Cl.Cl,35.9,mL.min-1.kg-1,species_only_dog
2509465,CHEMBL1007092,CHEMBL452696,CL,mL.min-1.kg-1,=,12.4,CHEMBL373,Canis lupus familiaris,"Total clearance in Beagle dog at 0.10 mg/kg, iv by cassette assay",A,CS(=O)(=O)NC(=O)c1ccc(-c2ccc(CCNC[C@H](O)c3cccnc3)cc2)cc1NC1CCCCC1.Cl.Cl.Cl,12.4,mL.min-1.kg-1,species_only_dog
2509466,CHEMBL1007092,CHEMBL479530,CL,mL.min-1.kg-1,=,16.4,CHEMBL373,Canis lupus familiaris,"Total clearance in Beagle dog at 0.10 mg/kg, iv by cassette assay",A,CC(C)Nc1cc(-c2ccc(CCNC[C@H](O)c3cccnc3)cc2)ccc1C(=O)NS(C)(=O)=O.Cl.Cl.Cl,16.4,mL.min-1.kg-1,species_only_dog
2509467,CHEMBL1007092,CHEMBL445481,CL,mL.min-1.kg-1,=,3.2,CHEMBL373,Canis lupus familiaris,"Total clearance in Beagle dog at 0.10 mg/kg, iv by cassette assay",A,CS(=O)(=O)NC(=O)c1ccc(-c2ccc(CCNC[C@H](O)c3cccnc3)cc2)cc1OC1CCCCC1.Cl.Cl,3.2,mL.min-1.kg-1,species_only_dog
2509559,CHEMBL1007092,CHEMBL470856,CL,mL.min-1.kg-1,=,2.9,CHEMBL373,Canis lupus familiaris,"Total clearance in Beagle dog at 0.10 mg/kg, iv by cassette assay",A,CC(C)Sc1cc(-c2ccc(CCNC[C@H](O)c3ccccc3)cc2)ccc1C(=O)NS(C)(=O)=O.Cl,2.9,mL.min-1.kg-1,species_only_dog
2509575,CHEMBL1007092,CHEMBL513419,CL,mL.min-1.kg-1,=,4.9,CHEMBL373,Canis lupus familiaris,"Total clearance in Beagle dog at 0.10 mg/kg, iv by cassette assay",A,CS(=O)(=O)NC(=O)c1ccc(-c2ccc(CCNC[C@H](O)c3ccccc3)cc2)cc1CC1CCCCC1.Cl,4.9,mL.min-1.kg-1,species_only_dog
2509591,CHEMBL1007092,CHEMBL511968,CL,mL.min-1.kg-1,=,4.0,CHEMBL373,Canis lupus familiaris,"Total clearance in Beagle dog at 0.10 mg/kg, iv by cassette assay",A,CS(=O)(=O)NC(=O)c1ccc(-c2ccc(CCNC[C@H](O)c3ccccc3)cc2)cc1C1CCCC1.Cl,4.0,mL.min-1.kg-1,species_only_dog
2510089,CHEMBL1007063,CHEMBL492813,CL,mL.min-1.kg-1,=,1.44,CHEMBL373,Canis lupus familiaris,"Clearance in fasted Beagle dog at 0.25 mg/kg, iv and 0.5 mg/kg, po",A,O=C(O)CCNC(=O)c1ccc(CN(c2ccc3c(c2)CCCC3)c2nc(-c3ccc(Cl)c(Cl)c3)cs2)cc1,1.44,mL.min-1.kg-1,species_only_dog
2510090,CHEMBL1007063,CHEMBL471580,CL,mL.min-1.kg-1,=,4.66,CHEMBL373,Canis lupus familiaris,"Clearance in fasted Beagle dog at 0.25 mg/kg, iv and 0.5 mg/kg, po",A,O=C(O)CCNC(=O)c1ccc(CN(c2ccc(Cl)cc2)c2nc(-c3ccc(C(F)(F)F)cc3)cs2)cc1,4.66,mL.min-1.kg-1,species_only_dog
2510091,CHEMBL1007063,CHEMBL519776,CL,mL.min-1.kg-1,=,4.64,CHEMBL373,Canis lupus familiaris,"Clearance in fasted Beagle dog at 0.25 mg/kg, iv and 0.5 mg/kg, po",A,O=C(O)CCNC(=O)c1ccc(CN(c2ccc(Cl)cc2)c2nc(-c3ccc(OC(F)(F)F)cc3)cs2)cc1,4.64,mL.min-1.kg-1,species_only_dog
2510092,CHEMBL1007063,CHEMBL470729,CL,mL.min-1.kg-1,=,2.23,CHEMBL373,Canis lupus familiaris,"Clearance in fasted Beagle dog at 0.25 mg/kg, iv and 0.5 mg/kg, po",A,O=C(O)CCNC(=O)c1ccc(CN(c2ccc(C(F)(F)F)cc2)c2nc(-c3ccc(Cl)cc3)cs2)cc1,2.23,mL.min-1.kg-1,species_only_dog
2510093,CHEMBL1007063,CHEMBL501628,CL,mL.min-1.kg-1,=,0.78,CHEMBL373,Canis lupus familiaris,"Clearance in fasted Beagle dog at 0.25 mg/kg, iv and 0.5 mg/kg, po",A,O=C(O)CCNC(=O)c1ccc(CN(c2ccc(OC(F)(F)F)cc2)c2nc(-c3ccc(C(F)(F)F)cc3)cs2)cc1,0.78,mL.min-1.kg-1,species_only_dog
2513168,CHEMBL967802,CHEMBL490153,CL,mL.min-1.kg-1,=,18.33,CHEMBL373,Canis lupus familiaris,"Plasma clearance in dog at 0.5 umol/kg, iv",A,CCC(=O)c1cc(-c2ccc(Cl)cc2)n(-c2ccc(S(N)(=O)=O)cc2)c1C,18.33,mL.min-1.kg-1,species_only_dog
2515544,CHEMBL1010590,CHEMBL515387,CL,mL.min-1.kg-1,=,3.7,CHEMBL373,Canis lupus familiaris,"Clearance in dog plasma at 1 mg/kg, iv and 1 mg/kg, po",A,O=C([C@@H]1C[C@H](N2CCN(c3ncccn3)CC2)CN1)N1CCC(F)(F)C1,3.7,mL.min-1.kg-1,species_only_dog
2516712,CHEMBL968722,CHEMBL221906,CL,mL.min-1.kg-1,=,34.0,CHEMBL373,Canis lupus familiaris,"Clearance in Beagle dog at 0.1 mg/kg, iv and 1 mg/kg, po",A,CN(C)C(=N)c1ccc(C(=O)Nc2ccc(Cl)cc2C(=O)Nc2ccc(Cl)cn2)cc1,34.0,mL.min-1.kg-1,species_only_dog
2516713,CHEMBL968722,CHEMBL472967,CL,mL.min-1.kg-1,=,30.5,CHEMBL373,Canis lupus familiaris,"Clearance in Beagle dog at 0.1 mg/kg, iv and 1 mg/kg, po",A,CN(C)C(=N)c1ccc(C(=O)Nc2ccc(Cl)cc2C(=O)Nc2ccc(Cl)cn2)c(F)c1,30.5,mL.min-1.kg-1,species_only_dog
2517395,CHEMBL968723,CHEMBL512351,CL,mL.min-1.kg-1,=,26.5,CHEMBL373,Canis lupus familiaris,"Clearance in Beagle dog at 0.5 mg/kg, iv and 2.5 mg/kg, po",A,COc1ccc(NC(=O)c2ccc(C(=N)N(C)C)cc2)c(C(=O)Nc2ccc(Cl)cn2)c1,26.5,mL.min-1.kg-1,species_only_dog
2517396,CHEMBL968723,CHEMBL515919,CL,mL.min-1.kg-1,=,24.6,CHEMBL373,Canis lupus familiaris,"Clearance in Beagle dog at 0.5 mg/kg, iv and 2.5 mg/kg, po",A,COc1ccc(NC(=O)c2ccc(C(=N)N(C)C)cc2F)c(C(=O)Nc2ccc(Cl)cn2)c1,24.6,mL.min-1.kg-1,species_only_dog
2518756,CHEMBL980663,CHEMBL512436,CL,mL.min-1.kg-1,=,24.0,CHEMBL373,Canis lupus familiaris,Plasma clearance in dog,A,CC(C)(C)c1nc2nc(-c3ccccc3Cl)c(-c3ccc(C#N)cc3)cc2c2n[nH]c(=O)n12,24.0,mL.min-1.kg-1,species_only_dog
2521752,CHEMBL967759,CHEMBL466481,CL,mL.min-1.kg-1,=,3.9,CHEMBL373,Canis lupus familiaris,Clearance in dog,A,CC(C)c1n[nH]c2c(=O)[nH]c(C[C@@H]3CCCC[C@H]3Nc3ncccn3)nc12,3.9,mL.min-1.kg-1,species_only_dog
2522910,CHEMBL1020254,CHEMBL467114,CL,mL.min-1.kg-1,=,18.0,CHEMBL373,Canis lupus familiaris,Clearance in Beagle dog blood at 1 mg/kg administered by intravenous infusion for 1 hr,A,O=C([O-])c1cccc(Cc2cc(Cl)ccc2OCc2ccc(Cl)cc2F)n1.[Na+],18.0,mL.min-1.kg-1,species_only_dog
2525869,CHEMBL1007092,CHEMBL469821,CL,mL.min-1.kg-1,=,5.3,CHEMBL373,Canis lupus familiaris,"Total clearance in Beagle dog at 0.10 mg/kg, iv by cassette assay",A,CC(C)Cc1cc(-c2ccc(CCNC[C@H](O)c3ccccc3)cc2)ccc1C(=O)NS(C)(=O)=O.Cl,5.3,mL.min-1.kg-1,species_only_dog
2525877,CHEMBL1007092,CHEMBL455773,CL,mL.min-1.kg-1,=,9.9,CHEMBL373,Canis lupus familiaris,"Total clearance in Beagle dog at 0.10 mg/kg, iv by cassette assay",A,CS(=O)(=O)NC(=O)c1ccc(-c2ccc(CCNC[C@H](O)c3ccccc3)cc2)cc1NC1CCCCC1.Cl.Cl,9.9,mL.min-1.kg-1,species_only_dog
2525885,CHEMBL1007092,CHEMBL471060,CL,mL.min-1.kg-1,=,7.5,CHEMBL373,Canis lupus familiaris,"Total clearance in Beagle dog at 0.10 mg/kg, iv by cassette assay",A,CC(C)Nc1cc(-c2ccc(CCNC[C@H](O)c3ccccc3)cc2)ccc1C(=O)NS(C)(=O)=O.Cl.Cl,7.5,mL.min-1.kg-1,species_only_dog
2525901,CHEMBL1007092,CHEMBL469396,CL,mL.min-1.kg-1,=,2.2,CHEMBL373,Canis lupus familiaris,"Total clearance in Beagle dog at 0.10 mg/kg, iv by cassette assay",A,CS(=O)(=O)NC(=O)c1ccc(-c2ccc(CCNC[C@H](O)c3ccccc3)cc2)cc1Oc1ccccc1.Cl,2.2,mL.min-1.kg-1,species_only_dog
2525909,CHEMBL1007092,CHEMBL469395,CL,mL.min-1.kg-1,=,3.0,CHEMBL373,Canis lupus familiaris,"Total clearance in Beagle dog at 0.10 mg/kg, iv by cassette assay",A,CS(=O)(=O)NC(=O)c1ccc(-c2ccc(CCNC[C@H](O)c3ccccc3)cc2)cc1OC1CCCCC1.Cl,3.0,mL.min-1.kg-1,species_only_dog
2525933,CHEMBL1007092,CHEMBL515397,CL,mL.min-1.kg-1,=,2.3,CHEMBL373,Canis lupus familiaris,"Total clearance in Beagle dog at 0.10 mg/kg, iv by cassette assay",A,CC(C)Oc1cc(-c2ccc(CCNC[C@H](O)c3ccccc3)cc2)ccc1C(=O)NS(C)(=O)=O.Cl,2.3,mL.min-1.kg-1,species_only_dog
2525949,CHEMBL1007092,CHEMBL272584,CL,mL.min-1.kg-1,=,4.9,CHEMBL373,Canis lupus familiaris,"Total clearance in Beagle dog at 0.10 mg/kg, iv by cassette assay",A,CC(C)Oc1cc(-c2ccc(CCNC[C@H](O)c3cccc(Cl)c3)cc2)ccc1C(=O)O,4.9,mL.min-1.kg-1,species_only_dog
2527052,CHEMBL984110,CHEMBL447955,CL,mL.min-1.kg-1,=,0.7,CHEMBL373,Canis lupus familiaris,"Plasma clearance in dog at 0.5 mg/kg, iv and 1 mg/kg, po",A,C[C@@H](O[C@H]1CC[C@@H]2CN(C3=CC(=O)CC3)C[C@H]2[C@@H]1c1ccc(F)cc1)c1cc(C(F)(F)F)cc(C(F)(F)F)c1,0.7,mL.min-1.kg-1,species_only_dog
2527986,CHEMBL994687,CHEMBL485024,CL,mL.min-1.kg-1,=,0.0074,CHEMBL373,Canis lupus familiaris,Clearance in iv dosed dog,A,CCCN1C(=O)c2ccccc2[C@@H](C(=O)O)[C@@H]1c1ccc(Oc2cc(Cl)cc(Cl)c2)cc1,0.0074,mL.min-1.kg-1,species_only_dog
2529707,CHEMBL985720,CHEMBL475306,CL,mL.min-1.kg-1,=,20.0,CHEMBL373,Canis lupus familiaris,"Clearance in Beagle dog at 5 mg/kg, iv",A,COCCN(CCOC)c1nc(C)nc2c(-c3ccc(OC)cc3C)c(C)nn12,20.0,mL.min-1.kg-1,species_only_dog
2529713,CHEMBL985721,CHEMBL506214,CL,mL.min-1.kg-1,=,10.0,CHEMBL373,Canis lupus familiaris,"Clearance in Beagle dog at 1 mg/kg, iv",A,CC[C@@H](C)Nc1nc(C)nc2c(-c3c(C)cc(OC)cc3OC)c(C)nn12,10.0,mL.min-1.kg-1,species_only_dog
2529719,CHEMBL985720,CHEMBL483993,CL,mL.min-1.kg-1,=,11.0,CHEMBL373,Canis lupus familiaris,"Clearance in Beagle dog at 5 mg/kg, iv",A,COCCN(CCOC)c1nc(C)nc2c(-c3cc(C)c(OC)cc3C)c(C)nn12,11.0,mL.min-1.kg-1,species_only_dog
2558265,CHEMBL986368,CHEMBL476323,CL,mL.min-1.kg-1,=,19.0,CHEMBL373,Canis lupus familiaris,"Plasma clearance in Beagle dog at 1 mg/kg, iv",A,Cc1nc2cccc(C(F)(F)F)c2c(=O)n1-c1ccc(OCCCN2CCCC2)cc1,19.0,mL.min-1.kg-1,species_only_dog
2561032,CHEMBL984735,CHEMBL477786,CL,mL.min-1.kg-1,=,19.0,CHEMBL373,Canis lupus familiaris,Plasma clearance in dog,A,Cc1ncc(-c2ccnc(Nc3ccc(N4CCN(C(=O)CO)CC4)cc3)n2)n1C(C)C,19.0,mL.min-1.kg-1,species_only_dog
2561042,CHEMBL984735,CHEMBL515001,CL,mL.min-1.kg-1,=,140.0,CHEMBL373,Canis lupus familiaris,Plasma clearance in dog,A,Cc1ncc(-c2nc(Nc3ccc(N4CCOCC4)cc3)ncc2F)n1C(C)C,140.0,mL.min-1.kg-1,species_only_dog
2561043,CHEMBL984735,CHEMBL476993,CL,mL.min-1.kg-1,=,24.0,CHEMBL373,Canis lupus familiaris,Plasma clearance in dog,A,Cc1ncc(-c2nc(Nc3ccc(N4CCN(C(=O)CO)CC4)cc3)ncc2F)n1C(C)C,24.0,mL.min-1.kg-1,species_only_dog
2561558,CHEMBL981083,CHEMBL477772,CL,mL.min-1.kg-1,=,1.4,CHEMBL373,Canis lupus familiaris,Clearance in dog at 1 mg/kg,A,Cc1ccc(Nc2nccc(N(C)c3ccc4c(C)n(C)nc4c3)n2)cc1S(N)(=O)=O,1.4,mL.min-1.kg-1,species_only_dog
2561799,CHEMBL1003990,CHEMBL457608,CL,mL.min-1.kg-1,=,8.5,CHEMBL373,Canis lupus familiaris,"Clearance in Beagle dog at 3 mg/kg, iv",A,C[C@H](Nc1ncc(Cl)c(Nc2cc(C3CC3)[nH]n2)n1)c1ccc(F)cn1,8.5,mL.min-1.kg-1,species_only_dog
2561802,CHEMBL1003990,CHEMBL457614,CL,mL.min-1.kg-1,=,9.0,CHEMBL373,Canis lupus familiaris,"Clearance in Beagle dog at 3 mg/kg, iv",A,CC(C)Oc1cc(Nc2nc(N[C@@H](C)c3ccc(F)cn3)ncc2Cl)n[nH]1,9.0,mL.min-1.kg-1,species_only_dog
2561808,CHEMBL1003990,CHEMBL515062,CL,mL.min-1.kg-1,=,9.8,CHEMBL373,Canis lupus familiaris,"Clearance in Beagle dog at 3 mg/kg, iv",A,CC(C)Oc1cc(Nc2nc(N[C@@H](C)c3ccc(F)cn3)nc(OC(CO)CO)c2Cl)n[nH]1,9.8,mL.min-1.kg-1,species_only_dog
2562179,CHEMBL982048,CHEMBL476302,CL,mL.min-1.kg-1,=,2.0,CHEMBL373,Canis lupus familiaris,Clearance in iv dosed Beagle dog,A,CC(C)c1onc(-c2c(Cl)cccc2Cl)c1COc1ccc(-c2ccc3c(C(=O)O)cccc3c2)cc1,2.0,mL.min-1.kg-1,species_only_dog
2564281,CHEMBL984762,CHEMBL468158,CL,mL.min-1.kg-1,=,1.5,CHEMBL373,Canis lupus familiaris,"Clearance in dog at 0.5 mg/kg, iv or 2 mg/kg, po",A,Cn1c(Cc2ccc(Br)c(Oc3cc(Cl)cc(C#N)c3)c2F)n[nH]c1=O,1.5,mL.min-1.kg-1,species_only_dog
2565119,CHEMBL979043,CHEMBL476954,CL,mL.min-1.kg-1,=,1.1,CHEMBL373,Canis lupus familiaris,"Clearance in dog at 0.01 mg/kg, iv",A,CC(C)C(=O)N(Cc1cccc(Cl)c1Cl)[C@H]1CCNC1,1.1,mL.min-1.kg-1,species_only_dog
2565761,CHEMBL975505,CHEMBL497847,CL,mL.min-1.kg-1,=,2.4,CHEMBL373,Canis lupus familiaris,"Total clearance in dog at 0.1 mg/mL, iv by cassette assay",A,O=C(O)c1cccc(Oc2ccc3c(c2)C[C@@H](NC[C@H](O)c2cccc(Cl)c2)CC3)c1,2.4,mL.min-1.kg-1,species_only_dog
2565767,CHEMBL975505,CHEMBL498302,CL,mL.min-1.kg-1,=,1.2,CHEMBL373,Canis lupus familiaris,"Total clearance in dog at 0.1 mg/mL, iv by cassette assay",A,O=C(O)c1ccc(-c2ccc3c(c2)C[C@@H](NC[C@H](O)c2cccc(Cl)c2)CC3)cc1,1.2,mL.min-1.kg-1,species_only_dog
2565768,CHEMBL975505,CHEMBL497453,CL,mL.min-1.kg-1,=,8.3,CHEMBL373,Canis lupus familiaris,"Total clearance in dog at 0.1 mg/mL, iv by cassette assay",A,O=C(O)COc1ccc(-c2ccc3c(c2)C[C@@H](NC[C@H](O)c2cccc(Cl)c2)CC3)cc1,8.3,mL.min-1.kg-1,species_only_dog
2565769,CHEMBL975505,CHEMBL498703,CL,mL.min-1.kg-1,=,10.8,CHEMBL373,Canis lupus familiaris,"Total clearance in dog at 0.1 mg/mL, iv by cassette assay",A,O=C(O)c1ccc(Oc2ccc3c(c2)C[C@@H](NC[C@H](O)c2cccc(Cl)c2)CC3)nc1,10.8,mL.min-1.kg-1,species_only_dog
2565770,CHEMBL975505,CHEMBL498531,CL,mL.min-1.kg-1,=,6.8,CHEMBL373,Canis lupus familiaris,"Total clearance in dog at 0.1 mg/mL, iv by cassette assay",A,O=C(O)c1cccc(Oc2ccc3c(c2)C[C@@H](NC[C@H](O)c2cccc(Cl)c2)CCC3)c1,6.8,mL.min-1.kg-1,species_only_dog
2565966,CHEMBL977252,CHEMBL497113,CL,mL.min-1.kg-1,=,2.38,CHEMBL373,Canis lupus familiaris,"Total clearance in dog at 0.1 mg/kg, iv by cassette assay",A,CN(C)c1cc(Oc2ccc3c(c2)C[C@@H](NC[C@H](O)c2cccc(Cl)c2)CC3)cc(C(=O)O)c1,2.38,mL.min-1.kg-1,species_only_dog
2565978,CHEMBL977252,CHEMBL456795,CL,mL.min-1.kg-1,=,1.4,CHEMBL373,Canis lupus familiaris,"Total clearance in dog at 0.1 mg/kg, iv by cassette assay",A,COc1ccc(Oc2ccc3c(c2)C[C@@H](NC[C@H](O)c2ccc(Cl)cc2)CC3)cc1C(=O)O,1.4,mL.min-1.kg-1,species_only_dog
2565993,CHEMBL977252,CHEMBL503209,CL,mL.min-1.kg-1,=,3.1,CHEMBL373,Canis lupus familiaris,"Total clearance in dog at 0.1 mg/kg, iv by cassette assay",A,COc1ccc(Oc2ccc3c(c2)C[C@@H](NC[C@H](O)c2ccc(Cl)nc2)CC3)cc1C(=O)O,3.1,mL.min-1.kg-1,species_only_dog
2566008,CHEMBL977252,CHEMBL514102,CL,mL.min-1.kg-1,=,1.7,CHEMBL373,Canis lupus familiaris,"Total clearance in dog at 0.1 mg/kg, iv by cassette assay",A,O=C(O)c1ccc(-c2ccc3c(c2)C[C@@H](NC[C@H](O)c2ccc(Cl)cc2)CC3)cc1,1.7,mL.min-1.kg-1,species_only_dog
2566019,CHEMBL976378,CHEMBL498305,CL,mL.min-1.kg-1,=,3.0,CHEMBL373,Canis lupus familiaris,"Total clearance in dog at 0.12 mg/kg, iv by cassette assay",A,O=C(O)COc1ccc2c(c1)C[C@@H](NC[C@H](O)c1cccc(Cl)c1)CC2,3.0,mL.min-1.kg-1,species_only_dog
2566035,CHEMBL977246,CHEMBL59765,CL,mL.min-1.kg-1,=,3.7,CHEMBL373,Canis lupus familiaris,"Total clearance in dog at 0.83 mg/kg, iv",A,CCOC(=O)COc1ccc2c(c1)C[C@@H](NC[C@H](O)c1cccc(Cl)c1)CCC2,3.7,mL.min-1.kg-1,species_only_dog
2566634,CHEMBL967959,CHEMBL478392,CL,mL.min-1.kg-1,=,31.67,CHEMBL373,Canis lupus familiaris,"Clearance in dog at 1 mg/kg, iv",A,COc1cc2c(cc1CN[C@H]1CCCN[C@H]1c1ccccc1)[C@](C)(C(F)(F)F)OCC2,31.67,mL.min-1.kg-1,species_only_dog
2567216,CHEMBL973701,CHEMBL223147,CL,mL.min-1.kg-1,=,34.0,CHEMBL373,Canis lupus familiaris,"Clearance in Beagle dog 1 mg/kg, iv",A,CCN1C(=O)C(C)(C)c2cc3[nH]c4c(c3cc21)CCCc1c(C)n[nH]c1-4,34.0,mL.min-1.kg-1,species_only_dog
2570834,CHEMBL972610,CHEMBL457616,CL,mL.min-1.kg-1,=,10.0,CHEMBL373,Canis lupus familiaris,Clearance in Beagle dog,A,CC(C)N1C[C@H](C)n2c(c(O)c3c(=O)n(Cc4ccc(F)cc4)ncc32)C1=O,10.0,mL.min-1.kg-1,species_only_dog
2570835,CHEMBL972610,CHEMBL456356,CL,mL.min-1.kg-1,=,10.0,CHEMBL373,Canis lupus familiaris,Clearance in Beagle dog,A,Cc1nn(Cc2ccc(F)cc2)c(=O)c2c(O)c3n(c12)[C@@H](C)CN(C(C)C)C3=O,10.0,mL.min-1.kg-1,species_only_dog
2586303,CHEMBL1009201,CHEMBL455657,CL,mL.min-1.kg-1,=,19.0,CHEMBL373,Canis lupus familiaris,"Clearance in Beagle dog at 0.2 umol/kg, iv",A,CN[C@H]1CCN(C(=O)c2ccc(Nc3ncc(F)c(-c4cnc(C)n4C(C)C)n3)cc2)C1,19.0,mL.min-1.kg-1,species_only_dog
2590539,CHEMBL1015403,CHEMBL466192,CL,mL.min-1.kg-1,=,3.8,CHEMBL373,Canis lupus familiaris,"Clearance in dog at 1 mg/kg, po and 0.5 mg/kg, iv",A,Cc1cc2c3c(c1)n(CC(=O)Nc1ccc4c(c1)C[C@]1(C4)C(=O)NC(=O)N1C)c(=O)n3CC(=O)N2,3.8,mL.min-1.kg-1,species_only_dog
2591399,CHEMBL1013753,CHEMBL473921,CL,mL.min-1.kg-1,=,19.0,CHEMBL373,Canis lupus familiaris,Clearance in dog,A,C[C@@H]1CN(Cc2ccc(-c3cccnc3C(=O)N3CCC(Nc4ccc(F)cc4)CC3)cc2)C[C@H](C)N1,19.0,mL.min-1.kg-1,species_only_dog
2595569,CHEMBL1013613,CHEMBL455907,CL,mL.min-1.kg-1,=,1.417,CHEMBL373,Canis lupus familiaris,"Clearance in dog at 2 mg/kg, iv and 5 mg/kg, po",A,C[C@H](NC1=NC(=O)[C@](C)(C(C)(C)O)S1)c1ccc(F)cc1,1.417,mL.min-1.kg-1,species_only_dog
2603608,CHEMBL1027298,CHEMBL473484,CL,mL.min-1.kg-1,=,8.2,CHEMBL373,Canis lupus familiaris,"Clearance in dog at 0.5 mg/kg, iv",A,Nc1ccc(-c2ccccc2)cc1NC(=O)c1ccc(C(=O)N2CCC3(CCCN3)CC2)cc1,8.2,mL.min-1.kg-1,species_only_dog
2606434,CHEMBL1026562,CHEMBL459382,CL,mL.min-1.kg-1,=,2.167,CHEMBL373,Canis lupus familiaris,Clearance in iv dosed dog at pH 3.3,A,CN1Cc2c(c(O)c3ncc(Cc4ccc(F)cc4)cc3c2N(C)S(C)(=O)=O)C1=O,2.167,mL.min-1.kg-1,species_only_dog
2606435,CHEMBL1026562,CHEMBL517854,CL,mL.min-1.kg-1,=,2.0,CHEMBL373,Canis lupus familiaris,Clearance in iv dosed dog at pH 3.3,A,CN1Cc2c(c(O)c3ncc(Cc4ccc(F)c(Cl)c4)cc3c2N(C)S(C)(=O)=O)C1=O,2.0,mL.min-1.kg-1,species_only_dog
2607247,CHEMBL1023048,CHEMBL473967,CL,mL.min-1.kg-1,=,12.0,CHEMBL373,Canis lupus familiaris,Plasma clearance in dog at 1 to 3 mg/kg,A,CC1(C)Oc2ncnc(N)c2N=C1c1ccc([C@H]2CC[C@H](CC(=O)O)CC2)cc1,12.0,mL.min-1.kg-1,species_only_dog
2607248,CHEMBL1023048,CHEMBL473384,CL,mL.min-1.kg-1,=,3.3,CHEMBL373,Canis lupus familiaris,Plasma clearance in dog at 1 to 3 mg/kg,A,CC1(C)Oc2ncnc(N)c2N=C1c1ccc(C23CCC(CC(=O)O)(CC2)CC3)cc1,3.3,mL.min-1.kg-1,species_only_dog
2608815,CHEMBL1014366,CHEMBL471404,CL,mL.min-1.kg-1,=,7.333,CHEMBL373,Canis lupus familiaris,"Plasma clearance in dog at 5 mg/kg, iv",A,CC(C)CC[C@@]1(C)C(=O)C(C2=NS(=O)(=O)c3cc(NS(C)(=O)=O)ccc3N2)=C([O-])c2ccccc21.[Na+],7.333,mL.min-1.kg-1,species_only_dog
2608830,CHEMBL1014376,CHEMBL471405,CL,mL.min-1.kg-1,=,0.3333,CHEMBL373,Canis lupus familiaris,"Plasma clearance in dog at 2.5 mg/kg, iv",A,CC(C)(C)CC[C@@]1(C)C(=O)C(C2=NS(=O)(=O)c3cc(NS(C)(=O)=O)ccc3N2)=C([O-])c2ccccc21.[Na+],0.3333,mL.min-1.kg-1,species_only_dog
2620036,CHEMBL1010173,CHEMBL518253,CL,mL.min-1.kg-1,=,22.83,CHEMBL373,Canis lupus familiaris,"Clearance in dog at 0.5 mg/kg, iv and 0.2 mg/kg, po",A,COc1ccc(-n2nc(C#N)c3c2C(=O)N(c2ccc(C4(CN(C)C)CC4)cc2)CC3)cc1.O=C(O)C(F)(F)F,22.83,mL.min-1.kg-1,species_only_dog
2620037,CHEMBL1010173,CHEMBL453208,CL,mL.min-1.kg-1,=,55.0,CHEMBL373,Canis lupus familiaris,"Clearance in dog at 0.5 mg/kg, iv and 0.2 mg/kg, po",A,COc1ccc(N2N=C(S(C)(=O)=O)C3CCN(c4ccc(C5(CN6CCCC6)CC5)cc4)C(=O)C32)cc1.O=C(O)C(F)(F)F,55.0,mL.min-1.kg-1,species_only_dog
2620038,CHEMBL1010173,CHEMBL451053,CL,mL.min-1.kg-1,=,28.33,CHEMBL373,Canis lupus familiaris,"Clearance in dog at 0.5 mg/kg, iv and 0.2 mg/kg, po",A,COc1ccc(-n2nc(C(N)=O)c3c2C(=O)N(c2ccc(C4(CN5CCCC5)CC4)cc2)CC3)cc1.O=C(O)C(F)(F)F,28.33,mL.min-1.kg-1,species_only_dog
2620039,CHEMBL1010173,CHEMBL446752,CL,mL.min-1.kg-1,=,18.33,CHEMBL373,Canis lupus familiaris,"Clearance in dog at 0.5 mg/kg, iv and 0.2 mg/kg, po",A,COc1ccc(-n2nc(C#N)c3c2C(=O)N(c2ccc(C4(CN5CCCC5)CC4)cc2)CC3)cc1.O=C(O)C(F)(F)F,18.33,mL.min-1.kg-1,species_only_dog
2620040,CHEMBL1010173,CHEMBL504703,CL,mL.min-1.kg-1,=,13.33,CHEMBL373,Canis lupus familiaris,"Clearance in dog at 0.5 mg/kg, iv and 0.2 mg/kg, po",A,COc1ccc(-n2nc(S(C)(=O)=O)c3c2C(=O)N(c2ccc(C4(CN5CCOCC5)CC4)cc2)CC3)cc1.O=C(O)C(F)(F)F,13.33,mL.min-1.kg-1,species_only_dog
2620041,CHEMBL1010173,CHEMBL445335,CL,mL.min-1.kg-1,=,70.0,CHEMBL373,Canis lupus familiaris,"Clearance in dog at 0.5 mg/kg, iv and 0.2 mg/kg, po",A,COc1ccc(-n2nc(S(C)(=O)=O)c3c2C(=O)N(c2ccc(C4(Cn5ccnc5C)CC4)cc2)CC3)cc1.O=C(O)C(F)(F)F,70.0,mL.min-1.kg-1,species_only_dog
2620042,CHEMBL1010173,CHEMBL510030,CL,mL.min-1.kg-1,=,4.167,CHEMBL373,Canis lupus familiaris,"Clearance in dog at 0.5 mg/kg, iv and 0.2 mg/kg, po",A,COc1ccc(-n2nc(C(N)=O)c3c2C(=O)N(c2ccc(C4(CN5CCCC5=O)CC4)cc2)CC3)cc1.O=C(O)C(F)(F)F,4.167,mL.min-1.kg-1,species_only_dog
2620043,CHEMBL1010173,CHEMBL518401,CL,mL.min-1.kg-1,=,7.667,CHEMBL373,Canis lupus familiaris,"Clearance in dog at 0.5 mg/kg, iv and 0.2 mg/kg, po",A,CNC1(c2ccc(N3CCc4c(C(F)(F)F)nn(-c5ccc(OC)cc5)c4C3=O)cc2)CC1.O=C(O)C(F)(F)F,7.667,mL.min-1.kg-1,species_only_dog
2620044,CHEMBL1010173,CHEMBL464555,CL,mL.min-1.kg-1,=,30.0,CHEMBL373,Canis lupus familiaris,"Clearance in dog at 0.5 mg/kg, iv and 0.2 mg/kg, po",A,CNC1(c2ccc(N3CCc4c(C(N)=O)nn(-c5ccc(OC)cc5)c4C3=O)cc2)CC1.O=C(O)C(F)(F)F,30.0,mL.min-1.kg-1,species_only_dog
2620045,CHEMBL1010173,CHEMBL464756,CL,mL.min-1.kg-1,=,8.167,CHEMBL373,Canis lupus familiaris,"Clearance in dog at 0.5 mg/kg, iv and 0.2 mg/kg, po",A,COc1ccc(-n2nc(C(N)=O)c3c2C(=O)N(c2ccc(C4(CC(N)=O)CC4)cc2)CC3)cc1.O=C(O)C(F)(F)F,8.167,mL.min-1.kg-1,species_only_dog
2620046,CHEMBL1010173,CHEMBL465499,CL,mL.min-1.kg-1,=,20.0,CHEMBL373,Canis lupus familiaris,"Clearance in dog at 0.5 mg/kg, iv and 0.2 mg/kg, po",A,COc1ccc(-n2nc(C(N)=O)c3c2C(=O)N(c2ccc(C4(N(C)CCO)CC4)cc2)CC3)cc1.O=C(O)C(F)(F)F,20.0,mL.min-1.kg-1,species_only_dog
2620047,CHEMBL1010173,CHEMBL206335,CL,mL.min-1.kg-1,=,18.33,CHEMBL373,Canis lupus familiaris,"Clearance in dog at 0.5 mg/kg, iv and 0.2 mg/kg, po",A,CN(C)Cc1nccn1-c1ccc(NC(=O)c2cc(C(F)(F)F)nn2-c2ccc3onc(N)c3c2)c(F)c1,18.33,mL.min-1.kg-1,species_only_dog
2620048,CHEMBL1010173,CHEMBL231779,CL,mL.min-1.kg-1,=,0.3333,CHEMBL373,Canis lupus familiaris,"Clearance in dog at 0.5 mg/kg, iv and 0.2 mg/kg, po",A,COc1ccc(-n2nc(C(N)=O)c3c2C(=O)N(c2ccc(N4CCCCC4=O)cc2)CC3)cc1,0.3333,mL.min-1.kg-1,species_only_dog
2623669,CHEMBL999761,CHEMBL502641,CL,mL.min-1.kg-1,=,29.0,CHEMBL373,Canis lupus familiaris,"Plasma Clearance in dog at 0.75 mg/kg, iv",A,O=C(Nc1ccc(C[C@H](NC(=O)[C@@H]2C[C@@H](N3CCC3)CN2S(=O)(=O)c2cc(Cl)cc(Cl)c2)C(=O)O)cc1)c1c(Cl)cncc1Cl,29.0,mL.min-1.kg-1,species_only_dog
2623677,CHEMBL1002492,CHEMBL506044,CL,mL.min-1.kg-1,=,29.0,CHEMBL373,Canis lupus familiaris,"Plasma Clearance in dog at 5 mg/kg, po",A,N#Cc1cccc(S(=O)(=O)N2C[C@H](NC3CCC3)C[C@H]2C(=O)N[C@@H](Cc2ccc(NC(=O)c3c(Cl)cncc3Cl)cc2)C(=O)O)c1,29.0,mL.min-1.kg-1,species_only_dog
2623851,CHEMBL1004091,CHEMBL2448576,CL,mL.min-1.kg-1,=,4.0,CHEMBL373,Canis lupus familiaris,"Clearance in Beagle dog at 1 mg/kg, iv and 2 mg/kg, po",A,CCC(=O)CCCCC[C@H](NC(=O)C1CN(C)C1)c1ncc(-c2cc3ccccc3nc2OC)[nH]1,4.0,mL.min-1.kg-1,species_only_dog
2624481,CHEMBL996327,CHEMBL504492,CL,mL.min-1.kg-1,=,15.6,CHEMBL373,Canis lupus familiaris,"Plasma clearance in dog at 1 mg/kg, iv",A,CO/C(C)=C1/NC(=O)[C@H]([C@@H](C)O)NC(=O)c2csc(n2)-c2cc(OC)c(-c3nc(C(=O)NCCCN4CCOCC4)cs3)nc2-c2csc(n2)[C@@H]2COC(=O)c3c4c5c(cccc5n3O)COC(=O)[C@@H](O[C@H]3C[C@](C)(O)[C@H](N(C)C)[C@H](C)O3)[C@@H](OC4)[C@H](NC(=O)c3csc1n3)c1nc(cs1)C(=O)N2,15.6,mL.min-1.kg-1,species_only_dog
2627352,CHEMBL1004176,CHEMBL450262,CL,mL.min-1.kg-1,=,28.33,CHEMBL373,Canis lupus familiaris,"Apparent systemic clearance in dog at 1.1 mg/kg, iv relative to liver blood flow",A,C=CC1C[C@]1(NC(=O)[C@@H]1C[C@@H](Oc2cc(-c3csc(NC(C)C)n3)nc3cc(OC)ccc23)CN1C(=O)[C@@H](NC(=O)OC1CCCC1)C(C)(C)C)P(=O)(OCOC(=O)OCC)OCOC(=O)OCC,28.33,mL.min-1.kg-1,species_only_dog
2633072,CHEMBL964405,CHEMBL496606,CL,mL.min-1.kg-1,=,50.0,CHEMBL373,Canis lupus familiaris,"Blood clearance in dog at 1 mg/kg/hr, iv dosed in saline containing hydroxylpropyl-beta-cyclodextrin and DMSO",A,Cc1cccc(C)c1CNc1cc(-n2cncn2)cn2c(C)c(C)nc12,50.0,mL.min-1.kg-1,species_only_dog
2633073,CHEMBL964405,CHEMBL497096,CL,mL.min-1.kg-1,=,10.0,CHEMBL373,Canis lupus familiaris,"Blood clearance in dog at 1 mg/kg/hr, iv dosed in saline containing hydroxylpropyl-beta-cyclodextrin and DMSO",A,Cc1cccc(C)c1CNc1cc(-n2ccccc2=O)cn2c(CO)c(C)nc12,10.0,mL.min-1.kg-1,species_only_dog
2633074,CHEMBL964406,CHEMBL496605,CL,mL.min-1.kg-1,=,21.0,CHEMBL373,Canis lupus familiaris,"Blood clearance in dog at 1 mg/kg/hr, iv dosed in saline",A,Cc1cccc(C)c1CNc1cc(-n2ccccc2=O)cn2c(C)c(C)nc12,21.0,mL.min-1.kg-1,species_only_dog
2634214,CHEMBL943699,CHEMBL490029,CL,mL.min-1.kg-1,=,7.5,CHEMBL373,Canis lupus familiaris,Plasma clearance in dog,A,CC[C@@H](Oc1cccc(-n2c(C)c(C(=O)c3ccc(OC)cc3)c3ccc(OC(F)(F)F)cc32)c1)C(=O)O,7.5,mL.min-1.kg-1,species_only_dog
2638600,CHEMBL1015795,CHEMBL466308,CL,mL.min-1.kg-1,=,34.0,CHEMBL373,Canis lupus familiaris,"Clearance in dog at 3 mg/kg, po and 1 mg/kg, iv",A,CCN1CCN(c2cc3[nH]c(C(=O)[C@]4(C)CC[C@@](C)(O)CC4)nc3cc2Cl)CC1,34.0,mL.min-1.kg-1,species_only_dog
2646079,CHEMBL1032981,CHEMBL538191,CL,mL.min-1.kg-1,=,1.0,CHEMBL373,Canis lupus familiaris,"Clearance in Beagle dog at 1 mg/kg, iv after 24 hrs",A,C=C[C@@H]1C[C@]1(N[C@@H]1C[C@@H]2CN1C(=O)[C@H](C1CCCCC1)NCCCC(C)(C)CCCc1cc3c(cc(-c4ccccc4)nc3cc1OC)O2)C(=O)NS(=O)(=O)C1CC1,1.0,mL.min-1.kg-1,species_only_dog
2647954,CHEMBL1029387,CHEMBL518940,CL,mL.min-1.kg-1,=,5.5,CHEMBL373,Canis lupus familiaris,"Plasma clearance in Beagle dog at 1 mg/kg, iv",A,CC1=C2C[C@H]3[C@@H](CC[C@@H]4CNC(=O)CC[C@@]43C)[C@@H]2CC[C@@]2(C1)O[C@@H]1C[C@H](C)CN[C@H]1[C@H]2C,5.5,mL.min-1.kg-1,species_only_dog
2647955,CHEMBL1029387,CHEMBL480694,CL,mL.min-1.kg-1,=,10.0,CHEMBL373,Canis lupus familiaris,"Plasma clearance in Beagle dog at 1 mg/kg, iv",A,CC1=C2C[C@H]3[C@@H](CC[C@@H]4Cc5[nH]ncc5C[C@@]43C)[C@@H]2CC[C@@]2(C1)O[C@@H]1C[C@H](C)CN[C@H]1[C@H]2C,10.0,mL.min-1.kg-1,species_only_dog
2647956,CHEMBL1029387,CHEMBL538867,CL,mL.min-1.kg-1,=,11.0,CHEMBL373,Canis lupus familiaris,"Plasma clearance in Beagle dog at 1 mg/kg, iv",A,CC1=C2C[C@H]3[C@@H](CC[C@@H]4C[C@H](NS(C)(=O)=O)CC[C@@]43C)[C@@H]2CC[C@@]2(C1)O[C@@H]1C[C@H](C)CN[C@H]1[C@H]2C,11.0,mL.min-1.kg-1,species_only_dog
2647957,CHEMBL1029387,CHEMBL473393,CL,mL.min-1.kg-1,=,78.33,CHEMBL373,Canis lupus familiaris,"Plasma clearance in Beagle dog at 1 mg/kg, iv",A,CC1=C2C[C@H]3[C@@H](CCC4=CC(=O)CC[C@@]43C)[C@@H]2CC[C@@]2(C1)O[C@@H]1C[C@H](C)CN[C@H]1[C@H]2C,78.33,mL.min-1.kg-1,species_only_dog
2652759,CHEMBL734796,CHEMBL564530,CL,mL.min-1.kg-1,=,14.0,CHEMBL373,Canis lupus familiaris,"Blood clearance in dog at 1 mg/kg/hr, iv",A,CCn1cc2c3c(cc(C(=O)N[C@@H](Cc4ccccc4)[C@H](O)CNCCC(F)(F)F)cc31)N(C)S(=O)(=O)CC2,14.0,mL.min-1.kg-1,species_only_dog
2652843,CHEMBL734796,CHEMBL523193,CL,mL.min-1.kg-1,=,23.0,CHEMBL373,Canis lupus familiaris,"Blood clearance in dog at 1 mg/kg/hr, iv",A,CCc1cn2c3c(cc(C(=O)N[C@@H](Cc4ccccc4)[C@H](O)CNC4CC4)cc13)N(C)S(=O)(=O)CC2,23.0,mL.min-1.kg-1,species_only_dog
2670740,CHEMBL1032817,CHEMBL561652,CL,mL.min-1.kg-1,=,4.6,CHEMBL373,Canis lupus familiaris,"Plasma clearance in Beagle dog at 0.3 mg/kg, iv",A,C[C@@H](CO)Oc1cc(Oc2ccc(S(C)(=O)=O)cc2)cc(C(=O)Nc2nccs2)c1,4.6,mL.min-1.kg-1,species_only_dog
2687774,CHEMBL1051673,CHEMBL562318,CL,mL.min-1.kg-1,=,7.2,CHEMBL373,Canis lupus familiaris,"Hepatic clearance in Beagle dog at 0.3 mg/kg, iv",A,Cn1cc(-c2ccncc2)c(-c2ccc(OCc3ccc4ccccc4n3)cc2)n1,7.2,mL.min-1.kg-1,species_only_dog
2691349,CHEMBL1063090,CHEMBL3084634,CL,mL.min-1.kg-1,=,24.0,CHEMBL373,Canis lupus familiaris,"Clearance in dog at 1 mg/kg, po",A,Clc1ccccc1C(c1ccccc1Cl)N1[C@@H]2CC[C@H]1C[C@@H](c1ccccn1)C2,24.0,mL.min-1.kg-1,species_only_dog
2691514,CHEMBL1062340,CHEMBL560386,CL,mL.min-1.kg-1,=,25.0,CHEMBL373,Canis lupus familiaris,"Plasma clearance in dog at 0.3 mg/kg, iv",A,COc1cccc2c1O[C@@H](c1ccc(OCCCN3CCCC3)cc1)[C@H](C)S2(=O)=O,25.0,mL.min-1.kg-1,species_only_dog
2695222,CHEMBL1063966,CHEMBL551051,CL,mL.min-1.kg-1,=,5.0,CHEMBL373,Canis lupus familiaris,"Clearance in dog at 2 mg/kg, iv",A,O=C(N[C@@H]1CCCc2c1[nH]c1ccc(Cl)cc21)c1ccccn1,5.0,mL.min-1.kg-1,species_only_dog
2699132,CHEMBL1056565,CHEMBL561339,CL,mL.min-1.kg-1,=,6.333,CHEMBL373,Canis lupus familiaris,"Systemic clearance in Beagle dog at 1 mg/kg, iv administered as single dose",A,CCN(CC)C(=O)c1ccc(C2=CC3(CCNCC3)Oc3ccccc32)c(O)c1,6.333,mL.min-1.kg-1,species_only_dog
2700533,CHEMBL1053344,CHEMBL557527,CL,mL.min-1.kg-1,=,2.9,CHEMBL373,Canis lupus familiaris,"Clearance in dog at 2 mg/kg, iv and 5 mg/kg, po",A,COc1ccc(-c2ccc(Cn3c(CC(C)(C)C(=O)O)c(SC(C)(C)C)c4cc(OCc5ccccn5)ccc43)cc2)cn1,2.9,mL.min-1.kg-1,species_only_dog
2701512,CHEMBL1060735,CHEMBL571000,CL,mL.min-1.kg-1,=,5.0,CHEMBL373,Canis lupus familiaris,"Clearance in dog at 2.3 mg/kg, iv",A,O=CNCC(=O)N1C[C@H](NC(=O)c2ccccc2)C[C@H]1C(=O)O,5.0,mL.min-1.kg-1,species_only_dog
2705814,CHEMBL1064184,CHEMBL559246,CL,mL.min-1.kg-1,=,32.3,CHEMBL373,Canis lupus familiaris,"Clearance in Beagle dog at 0.2 mg/kg, iv",A,CN1C(=O)C=C[C@]2(C)[C@H]3CC[C@]4(C)[C@@H](O)CC[C@H]4[C@@H]3CC[C@@H]12,32.3,mL.min-1.kg-1,species_only_dog
2705815,CHEMBL1064184,CHEMBL538137,CL,mL.min-1.kg-1,=,20.2,CHEMBL373,Canis lupus familiaris,"Clearance in Beagle dog at 0.2 mg/kg, iv",A,C[C@@H]1C[C@H]2[C@@H]3CC[C@H]4N(C)C(=O)C=C[C@]4(C)[C@H]3CC[C@]2(C)[C@H]1O,20.2,mL.min-1.kg-1,species_only_dog
2705816,CHEMBL1064184,CHEMBL538877,CL,mL.min-1.kg-1,=,11.0,CHEMBL373,Canis lupus familiaris,"Clearance in Beagle dog at 0.2 mg/kg, iv",A,COC[C@@H]1C[C@H]2[C@@H]3CC[C@H]4N(C)C(=O)C=C[C@]4(C)[C@H]3CC[C@]2(C)[C@H]1O,11.0,mL.min-1.kg-1,species_only_dog
2705817,CHEMBL1064184,CHEMBL556229,CL,mL.min-1.kg-1,=,22.0,CHEMBL373,Canis lupus familiaris,"Clearance in Beagle dog at 0.2 mg/kg, iv",A,CN1C(=O)C=C[C@]2(C)[C@H]3CC[C@]4(C)[C@@H](O)[C@H](Cc5cccc(F)c5)C[C@H]4[C@@H]3CC[C@@H]12,22.0,mL.min-1.kg-1,species_only_dog
2705818,CHEMBL1064184,CHEMBL562471,CL,mL.min-1.kg-1,=,15.2,CHEMBL373,Canis lupus familiaris,"Clearance in Beagle dog at 0.2 mg/kg, iv",A,CN1C(=O)C=C[C@]2(C)[C@H]3CC[C@]4(C)[C@@H](O)/C(=C/c5cccc(F)c5)C[C@H]4[C@@H]3CC[C@@H]12,15.2,mL.min-1.kg-1,species_only_dog
2705819,CHEMBL1064184,CHEMBL556431,CL,mL.min-1.kg-1,=,6.8,CHEMBL373,Canis lupus familiaris,"Clearance in Beagle dog at 0.2 mg/kg, iv",A,CN1C(=O)C=C[C@]2(C)[C@H]3CC[C@]4(C)[C@@H](O)/C(=C/c5cc(F)cc(F)c5)C[C@H]4[C@@H]3CC[C@@H]12,6.8,mL.min-1.kg-1,species_only_dog
2705821,CHEMBL1064184,CHEMBL557116,CL,mL.min-1.kg-1,=,42.8,CHEMBL373,Canis lupus familiaris,"Clearance in Beagle dog at 0.2 mg/kg, iv",A,C/C=C1\C[C@H]2[C@@H]3CC[C@H]4N(C)C(=O)C=C[C@]4(C)[C@H]3CC[C@]2(C)[C@H]1O,42.8,mL.min-1.kg-1,species_only_dog
2705824,CHEMBL1064184,CHEMBL562780,CL,mL.min-1.kg-1,=,5.0,CHEMBL373,Canis lupus familiaris,"Clearance in Beagle dog at 0.2 mg/kg, iv",A,CN1C(=O)C=C[C@]2(C)[C@H]3CC[C@]4(C)[C@@H](O)/C(=C/c5cccnc5)C[C@H]4[C@@H]3CC[C@@H]12,5.0,mL.min-1.kg-1,species_only_dog
2705825,CHEMBL1064184,CHEMBL551269,CL,mL.min-1.kg-1,=,15.3,CHEMBL373,Canis lupus familiaris,"Clearance in Beagle dog at 0.2 mg/kg, iv",A,CN1C(=O)C=C[C@]2(C)[C@H]3CC[C@]4(C)[C@@H](O)/C(=C/c5cncnc5)C[C@H]4[C@@H]3CC[C@@H]12,15.3,mL.min-1.kg-1,species_only_dog
2705827,CHEMBL1064184,CHEMBL559878,CL,mL.min-1.kg-1,=,4.6,CHEMBL373,Canis lupus familiaris,"Clearance in Beagle dog at 0.2 mg/kg, iv",A,COc1ncc(/C=C2\C[C@H]3[C@@H]4CC[C@H]5N(C)C(=O)C=C[C@]5(C)[C@H]4CC[C@]3(C)[C@H]2O)cn1,4.6,mL.min-1.kg-1,species_only_dog
2705828,CHEMBL1064184,CHEMBL549375,CL,mL.min-1.kg-1,=,1.5,CHEMBL373,Canis lupus familiaris,"Clearance in Beagle dog at 0.2 mg/kg, iv",A,Cc1ncc(/C=C2\C[C@H]3[C@@H]4CC[C@H]5N(C)C(=O)C=C[C@]5(C)[C@H]4CC[C@]3(C)[C@H]2O)cn1,1.5,mL.min-1.kg-1,species_only_dog
2705829,CHEMBL1064184,CHEMBL563597,CL,mL.min-1.kg-1,=,0.8,CHEMBL373,Canis lupus familiaris,"Clearance in Beagle dog at 0.2 mg/kg, iv",A,CNc1ncc(/C=C2\C[C@H]3[C@@H]4CC[C@H]5N(C)C(=O)C=C[C@]5(C)[C@H]4CC[C@]3(C)[C@H]2O)cn1,0.8,mL.min-1.kg-1,species_only_dog
2706067,CHEMBL1054915,CHEMBL559486,CL,mL.min-1.kg-1,=,2.4,CHEMBL373,Canis lupus familiaris,Total clearance in iv dosed dog,A,CS(=O)(=O)NC(=O)c1ccc(-c2ccc(C[C@@H](CO)NC[C@H](O)c3ccccc3)cc2)cc1OC1CCCCC1,2.4,mL.min-1.kg-1,species_only_dog
2706068,CHEMBL1054915,CHEMBL559334,CL,mL.min-1.kg-1,=,8.9,CHEMBL373,Canis lupus familiaris,Total clearance in iv dosed dog,A,CC(=O)Nc1ccc([C@@H](O)CNCCc2ccc(-c3ccc(C(=O)NS(C)(=O)=O)c(OC4CCCCC4)c3)cc2)cn1,8.9,mL.min-1.kg-1,species_only_dog
2706069,CHEMBL1054915,CHEMBL562395,CL,mL.min-1.kg-1,=,5.1,CHEMBL373,Canis lupus familiaris,Total clearance in iv dosed dog,A,CC(C)Oc1cc(-c2ccc(CCNC[C@H](O)c3cccc(N)c3)cc2)ccc1C(=O)NS(C)(=O)=O,5.1,mL.min-1.kg-1,species_only_dog
2706403,CHEMBL1054915,CHEMBL556852,CL,mL.min-1.kg-1,=,5.0,CHEMBL373,Canis lupus familiaris,Total clearance in iv dosed dog,A,CS(=O)(=O)NC(=O)c1ccc(-c2ccc(CCNC[C@H](O)c3ccc(N)cc3)cc2)cc1OC1CCCCC1,5.0,mL.min-1.kg-1,species_only_dog
2706406,CHEMBL1054915,CHEMBL551272,CL,mL.min-1.kg-1,=,7.9,CHEMBL373,Canis lupus familiaris,Total clearance in iv dosed dog,A,CC(C)Oc1cc(-c2ccc(CCN[C@@H](C)[C@H](O)c3ccc(O)cc3)cc2)ccc1C(=O)NS(C)(=O)=O,7.9,mL.min-1.kg-1,species_only_dog
2706407,CHEMBL1054915,CHEMBL557253,CL,mL.min-1.kg-1,=,11.0,CHEMBL373,Canis lupus familiaris,Total clearance in iv dosed dog,A,C[C@H](NCCc1ccc(-c2ccc(C(=O)NS(C)(=O)=O)c(OC3CCCCC3)c2)cc1)[C@H](O)c1ccc(O)cc1,11.0,mL.min-1.kg-1,species_only_dog
2707090,CHEMBL1054100,CHEMBL552068,CL,mL.min-1.kg-1,=,2.7,CHEMBL373,Canis lupus familiaris,"Plasma clearance in dog at 1 mg/kg, iv or 2 mg/kg, po",A,Cl.N[C@H]1Cn2c(nc3cnccc32)C[C@@H]1c1cc(F)c(F)cc1F,2.7,mL.min-1.kg-1,species_only_dog
2708805,CHEMBL1060727,CHEMBL560592,CL,mL.min-1.kg-1,=,5.0,CHEMBL373,Canis lupus familiaris,"Clearance in dog at 1 mg/kg, iv",A,NCC(=O)N1C[C@H](NC(=O)c2ccccc2)C[C@H]1C(=O)O,5.0,mL.min-1.kg-1,species_only_dog
2710404,CHEMBL1059894,CHEMBL560667,CL,mL.min-1.kg-1,=,37.0,CHEMBL373,Canis lupus familiaris,"Plasma clearance in dog at 1 mg/kg, iv",A,Cc1c(CN[C@H]2CC[C@@H](F)C2)nn(CCC#N)c1-c1cc(F)cc(F)c1,37.0,mL.min-1.kg-1,species_only_dog
2712792,CHEMBL1060847,CHEMBL558323,CL,mL.min-1.kg-1,=,3.167,CHEMBL373,Canis lupus familiaris,"Clearance in dog at 1 mg/kg, iv or 3 mg/kg, po once daily",A,CC(C)(F)C(=O)NC[C@@H]1CCCN1C(=O)C[C@H](N)Cc1cc(F)c(F)cc1F,3.167,mL.min-1.kg-1,species_only_dog
2712804,CHEMBL1060847,CHEMBL564283,CL,mL.min-1.kg-1,=,3.333,CHEMBL373,Canis lupus familiaris,"Clearance in dog at 1 mg/kg, iv or 3 mg/kg, po once daily",A,N[C@@H](CC(=O)N1CCC[C@H]1CNS(=O)(=O)C(F)(F)F)Cc1cc(F)c(F)cc1F,3.333,mL.min-1.kg-1,species_only_dog
2712874,CHEMBL1060877,CHEMBL564088,CL,mL.min-1.kg-1,=,5.5,CHEMBL373,Canis lupus familiaris,Clearance in dog,A,O=C(CN1CC2CC(=O)Nc3cccc1c32)Nc1ccc2c(c1)C[C@]1(C2)C(=O)Nc2ncccc21,5.5,mL.min-1.kg-1,species_only_dog
2723552,CHEMBL1061885,CHEMBL539733,CL,mL.min-1.kg-1,=,1.0,CHEMBL373,Canis lupus familiaris,Clearance in dog,A,CCCCCOC(=O)N1CCN(C(=O)[C@H](CCC(=O)O)NC(=O)c2cc(N3CCC(COC)CC3)cc(-c3ccccc3)n2)CC1,1.0,mL.min-1.kg-1,species_only_dog
2925533,CHEMBL1050158,CHEMBL575448,CL,mL.min-1.kg-1,=,3.5,CHEMBL373,Canis lupus familiaris,Total clearance in iv dosed dog,A,C[C@@]1(C(=O)Nc2ccc(F)nc2)CCCN1c1nc(Nc2cc(C3CC3)n[nH]2)c2cccn2n1,3.5,mL.min-1.kg-1,species_only_dog
2934385,CHEMBL1052859,CHEMBL1645462,CL,mL.min-1.kg-1,=,24.8,CHEMBL373,Canis lupus familiaris,"Clearance in dog at 1.5 mg/kg, iv",A,Cc1c(NC(=O)OC[C@@H]2COCCN2)cn2ncnc(Nc3ccc4c(cnn4Cc4cccc(F)c4)c3)c12,24.8,mL.min-1.kg-1,species_only_dog
2936211,CHEMBL1043186,CHEMBL570593,CL,mL.min-1.kg-1,=,15.4,CHEMBL373,Canis lupus familiaris,Clearance in iv and po dosed dog,A,CC(C)(Cc1ccc2ccccc2c1)NC[C@@H](O)COc1ccc(CCC(=O)O)cc1C#N,15.4,mL.min-1.kg-1,species_only_dog
2941135,CHEMBL1045827,CHEMBL573978,CL,mL.min-1.kg-1,=,7.3,CHEMBL373,Canis lupus familiaris,"Clearance in Beagle dog at 2 mg/kg, iv after 0.17 to 24 hrs by LC/MS/MS analysis",A,COC[C@H](C1CC1)n1cc(Cl)nc(Nc2cc(C#N)c(OC(F)F)nc2C)c1=O,7.3,mL.min-1.kg-1,species_only_dog
2942658,CHEMBL1041421,CHEMBL569185,CL,mL.min-1.kg-1,=,23.0,CHEMBL373,Canis lupus familiaris,"Plasma clearance in Beagle dog at 3 mg/kg, iv",A,COc1ccc(CCN2C(=O)N(NS(C)(=O)=O)C[C@H]2c2ccc(OC)cc2)cc1,23.0,mL.min-1.kg-1,species_only_dog
2943865,CHEMBL1046724,CHEMBL574663,CL,mL.min-1.kg-1,=,1.7,CHEMBL373,Canis lupus familiaris,"Clearance in Beagle dog at 0.5 mg/kg, iv",A,CO[C@H]1C[C@@H](CO[C@H]2CC[C@H](C(=O)O)CC2)N(C(=O)Cc2cc(Cl)c(NC(=O)c3cn(C)c4ccccc34)cc2Cl)C1,1.7,mL.min-1.kg-1,species_only_dog
2946305,CHEMBL1040529,CHEMBL576138,CL,mL.min-1.kg-1,=,39.0,CHEMBL373,Canis lupus familiaris,"Clearance in dog at 3 mg/kg, iv or 30 mg/kg, po",A,Cc1ccc(N(C)C(=O)c2c(-c3ccccc3Cl)noc2C)cc1Cl,39.0,mL.min-1.kg-1,species_only_dog
2950214,CHEMBL1058444,CHEMBL1627114,CL,mL.min-1.kg-1,=,38.0,CHEMBL373,Canis lupus familiaris,"Plasma clearance in Beagle dog at 2 mg/kg, iv",A,C=C[C@@H]1C[C@]1(NC(=O)[C@@H]1C[C@@H]2CN1C(=O)[C@H]([C@@H](C)CC)Nc1nc(cs1)CCC/C=C/c1cccc3c1CN(C3)C(=O)O2)C(=O)[N-]S(=O)(=O)C1CC1.[K+],38.0,mL.min-1.kg-1,species_only_dog
2980260,CHEMBL1038252,CHEMBL3084681,CL,mL.min-1.kg-1,=,42.0,CHEMBL373,Canis lupus familiaris,"Clearance in Beagle dog at 1 mg/kg, iv",A,Cc1c(N2[C@@H]3CC[C@H]2C[C@@](C)(O)C3)ccc(C#N)c1Cl,42.0,mL.min-1.kg-1,species_only_dog
2986501,CHEMBL1037194,CHEMBL572324,CL,mL.min-1.kg-1,=,4.0,CHEMBL373,Canis lupus familiaris,"Clearance in Beagle dog at 0.5 mg/kg, iv",A,N#Cc1cc(Cl)cc(Oc2cc(OCc3n[nH]c4nc(N)ccc34)cc(F)c2Cl)c1,4.0,mL.min-1.kg-1,species_only_dog
2986507,CHEMBL1037194,CHEMBL489586,CL,mL.min-1.kg-1,=,5.8,CHEMBL373,Canis lupus familiaris,"Clearance in Beagle dog at 0.5 mg/kg, iv",A,N#Cc1cc(Cl)cc(Oc2cc(OCc3n[nH]c4nc(N)ccc34)ccc2Cl)c1,5.8,mL.min-1.kg-1,species_only_dog
2990242,CHEMBL1041840,CHEMBL565789,CL,mL.min-1.kg-1,=,7.6,CHEMBL373,Canis lupus familiaris,"Clearance in dog at 10 mg/kg, iv",A,O=C(O)CCCN1CCC[C@H]1COc1ccc(Oc2ccc(Cl)cc2)cc1,7.6,mL.min-1.kg-1,species_only_dog
2991394,CHEMBL1038093,CHEMBL570867,CL,mL.min-1.kg-1,=,1.9,CHEMBL373,Canis lupus familiaris,"Total clearance in dog at 2 mg/kg, iv",A,Cc1cc2cc(N/C(=N\C(=O)c3ccc(C(=O)N(C)C)nc3)N[C@H]3CCCCN(CC(=O)N4CCCC4)C3=O)ccc2o1,1.9,mL.min-1.kg-1,species_only_dog
3004148,CHEMBL1042751,CHEMBL565331,CL,mL.min-1.kg-1,=,9.4,CHEMBL373,Canis lupus familiaris,"Clearance in dog at 2 mg/kg, po and 2 mg/kg, iv",A,CCCOCCn1c(=O)c(NCC(=O)N(C)C)nc2ncc(-c3ccc(OC)nc3)cc21,9.4,mL.min-1.kg-1,species_only_dog
3004149,CHEMBL1042751,CHEMBL571469,CL,mL.min-1.kg-1,=,1.8,CHEMBL373,Canis lupus familiaris,"Clearance in dog at 2 mg/kg, po and 2 mg/kg, iv",A,CCCOCCn1c(=O)c(NCC(=O)N(C)C)nc2cnc(-c3ccc(OC)nc3)cc21,1.8,mL.min-1.kg-1,species_only_dog
3004151,CHEMBL1042751,CHEMBL571912,CL,mL.min-1.kg-1,=,8.8,CHEMBL373,Canis lupus familiaris,"Clearance in dog at 2 mg/kg, po and 2 mg/kg, iv",A,CCCOCCn1c(=O)c(NCC(=O)NC)nc2ncc(-c3ccc(OC)nc3)cc21,8.8,mL.min-1.kg-1,species_only_dog
3004154,CHEMBL1042751,CHEMBL569265,CL,mL.min-1.kg-1,=,16.7,CHEMBL373,Canis lupus familiaris,"Clearance in dog at 2 mg/kg, po and 2 mg/kg, iv",A,CCCOCCn1c(=O)c(NCC(=O)N2CCOCC2)nc2ncc(-c3ccc(OC)nc3)cc21,16.7,mL.min-1.kg-1,species_only_dog
3004156,CHEMBL1042751,CHEMBL565306,CL,mL.min-1.kg-1,=,5.3,CHEMBL373,Canis lupus familiaris,"Clearance in dog at 2 mg/kg, po and 2 mg/kg, iv",A,CCCOCCn1c(=O)c(NCC(=O)N2CCOCC2)nc2cnc(-c3ccc(OC)nc3)cc21,5.3,mL.min-1.kg-1,species_only_dog
3004158,CHEMBL1042751,CHEMBL567445,CL,mL.min-1.kg-1,=,37.0,CHEMBL373,Canis lupus familiaris,"Clearance in dog at 2 mg/kg, po and 2 mg/kg, iv",A,CCCOCCn1c(=O)c(NCC(=O)N2CCN(CC)CC2)nc2cnc(-c3ccc(OC)nc3)cc21,37.0,mL.min-1.kg-1,species_only_dog
3004180,CHEMBL1042751,CHEMBL566367,CL,mL.min-1.kg-1,=,17.8,CHEMBL373,Canis lupus familiaris,"Clearance in dog at 2 mg/kg, po and 2 mg/kg, iv",A,CCCOCCn1c(=O)c(NC[C@H](C)O)nc2cnc(-c3ccc(OC)nc3)cc21,17.8,mL.min-1.kg-1,species_only_dog
3004183,CHEMBL1042751,CHEMBL567470,CL,mL.min-1.kg-1,=,3.5,CHEMBL373,Canis lupus familiaris,"Clearance in dog at 2 mg/kg, po and 2 mg/kg, iv",A,CCCOCCn1c(=O)c(N[C@H]2CC[C@H](O)CC2)nc2cnc(-c3ccc(OC)nc3)cc21,3.5,mL.min-1.kg-1,species_only_dog
3009413,CHEMBL1047094,CHEMBL589973,CL,mL.min-1.kg-1,=,12.83,CHEMBL373,Canis lupus familiaris,"Clearance in dog at 0.5 mg/kg, iv",A,CCCCNC(=O)c1ccc(Oc2ccc(CC(=O)O)cc2OC)c(NS(=O)(=O)c2ccc(Cl)cc2Cl)c1,12.83,mL.min-1.kg-1,species_only_dog
3010764,CHEMBL1046092,CHEMBL570522,CL,mL.min-1.kg-1,=,18.0,CHEMBL373,Canis lupus familiaris,"Clearance in Beagle dog at 1 mg/kg, iv",A,CN1CCN(c2cccc3nc(CN(C)[C@H]4CCCc5cccnc54)cn23)CC1,18.0,mL.min-1.kg-1,species_only_dog
3011976,CHEMBL1049677,CHEMBL566248,CL,mL.min-1.kg-1,=,15.0,CHEMBL373,Canis lupus familiaris,"Systemic plasma clearance in Beagle dog at 1 mg/kg, iv administered as single dose",A,CCC(C)(C)C(=O)Nc1cc(CN2CCOCC2)c(C)cn1,15.0,mL.min-1.kg-1,species_only_dog
3067137,CHEMBL1068512,CHEMBL594034,CL,mL.min-1.kg-1,=,4.4,CHEMBL373,Canis lupus familiaris,"Clearance in dog at 1 mg/kg, iv",A,Cc1oc(-c2ccccc2)nc1CCCc1ccc(C[C@@H](C(=O)O)n2nccn2)cc1,4.4,mL.min-1.kg-1,species_only_dog
3071881,CHEMBL1038428,CHEMBL595122,CL,mL.min-1.kg-1,=,3.6,CHEMBL373,Canis lupus familiaris,"Plasma clearance in Beagle dog at 1 mg/kg, iv and 3 mg/kg, po",A,CCS(=O)(=O)c1ccc(Oc2cc3nc(-c4ccccn4)[nH]c3cc2CN2C(=O)CCC2=O)cc1,3.6,mL.min-1.kg-1,species_only_dog
3075143,CHEMBL1069125,CHEMBL398110,CL,mL.min-1.kg-1,=,3.1,CHEMBL373,Canis lupus familiaris,Clearance in iv dosed dog,A,CCCn1cnc(C[C@H](CCCN)C(=O)O)c1,3.1,mL.min-1.kg-1,species_only_dog
3076742,CHEMBL1071999,CHEMBL596290,CL,mL.min-1.kg-1,=,34.4,CHEMBL373,Canis lupus familiaris,"Clearance in dog at 2.4 mg, iv",A,Cc1n[nH]c2ncc(-c3cc(OC[C@@H](N)Cc4c[nH]c5ccccc45)cnc3-c3ccoc3)nc12,34.4,mL.min-1.kg-1,species_only_dog
3076750,CHEMBL1072001,CHEMBL595944,CL,mL.min-1.kg-1,=,25.3,CHEMBL373,Canis lupus familiaris,"Clearance in dog at 3.1 mg, iv",A,Cc1occc1-c1nc(N)c(OC[C@@H](N)Cc2c[nH]c3ccccc23)cc1-c1cnc2[nH]nc(C)c2n1,25.3,mL.min-1.kg-1,species_only_dog
3077264,CHEMBL1042934,CHEMBL590389,CL,mL.min-1.kg-1,=,11.0,CHEMBL373,Canis lupus familiaris,"Systemic clearance in Beagle dog at 10 mg/kg, iv administered as bolus dose",A,CCc1cc(F)cc(C)c1C(=O)N[C@@H](Cc1ccc(N2CCC(CNc3ccccn3)CC2)cc1)C(=O)O,11.0,mL.min-1.kg-1,species_only_dog
3079611,CHEMBL1050374,CHEMBL594828,CL,mL.min-1.kg-1,=,8.0,CHEMBL373,Canis lupus familiaris,"Clearance in dog at 0.2 mg/kg, po",A,COCc1nnc(N2CC(Oc3ccc(F)cc3Cl)C2)n1-c1ccc(OC)nc1,8.0,mL.min-1.kg-1,species_only_dog
3080400,CHEMBL1069976,CHEMBL594717,CL,mL.min-1.kg-1,=,34.0,CHEMBL373,Canis lupus familiaris,Clearance in dog,A,Cc1ccc(F)cc1CO[C@H]1CCc2ccc(N3CCNC[C@H]3C)nc21,34.0,mL.min-1.kg-1,species_only_dog
3084827,CHEMBL1069879,CHEMBL608112,CL,mL.min-1.g-1,=,6800.0,CHEMBL373,Canis lupus familiaris,Clearance in dog,A,COc1ccc(Cn2cc(C(=O)O)c(=O)c3ccccc32)cc1,6.8,mL.min-1.kg-1,species_only_dog
3091635,CHEMBL1067162,CHEMBL602070,CL,mL.min-1.kg-1,=,42.0,CHEMBL373,Canis lupus familiaris,"Clearance in dog at 10 mg/kg, intra-arterial infusion",A,CC1=C(C(=O)N2CCC[C@H]2c2ccc(F)cc2)[C@@H](c2ccc(Cl)c(Cl)c2)n2nccc2N1,42.0,mL.min-1.kg-1,species_only_dog
3095925,CHEMBL1070725,CHEMBL539733,CL,mL.min-1.kg-1,=,1.0,CHEMBL373,Canis lupus familiaris,"Clearance in Beagle dog at 0.2 mg/kg, iv and 0.2 mg/kg, po",A,CCCCCOC(=O)N1CCN(C(=O)[C@H](CCC(=O)O)NC(=O)c2cc(N3CCC(COC)CC3)cc(-c3ccccc3)n2)CC1,1.0,mL.min-1.kg-1,species_only_dog
3098352,CHEMBL1067976,CHEMBL591217,CL,mL.min-1.kg-1,=,3.333,CHEMBL373,Canis lupus familiaris,Clearance in po dosed dog,A,C[C@@H]1CN(C(c2ccccc2)c2ccccc2)[C@@H](C)CN1C(=O)c1cc2c(C(=O)C(=O)N(C)C)cn(C)c2cc1Cl,3.333,mL.min-1.kg-1,species_only_dog
3098689,CHEMBL1070725,CHEMBL589889,CL,mL.min-1.kg-1,=,2.0,CHEMBL373,Canis lupus familiaris,"Clearance in Beagle dog at 0.2 mg/kg, iv and 0.2 mg/kg, po",A,CCCCCOC(=O)N1CCN(C(=O)[C@H](CCC(=O)O)NC(=O)c2cc(N3CCC(C(=O)N(CC)CC)CC3)cc(-c3ccccc3)n2)CC1,2.0,mL.min-1.kg-1,species_only_dog
3098690,CHEMBL1070726,CHEMBL601906,CL,mL.min-1.kg-1,=,3.0,CHEMBL373,Canis lupus familiaris,"Clearance in Beagle dog at 0.5 mg/kg, iv and 1 mg/kg, po",A,CCCCOC(=O)N1CCN(C(=O)[C@H](CCC(=O)O)NC(=O)c2cc(N3CCC(C(=O)N4CCCC4)CC3)cc(-c3ccccc3)n2)CC1,3.0,mL.min-1.kg-1,species_only_dog
3098691,CHEMBL1070726,CHEMBL601907,CL,mL.min-1.kg-1,=,2.0,CHEMBL373,Canis lupus familiaris,"Clearance in Beagle dog at 0.5 mg/kg, iv and 1 mg/kg, po",A,CCCCCOC(=O)N1CCN(C(=O)[C@H](CCC(=O)O)NC(=O)c2cc(N3CCC(C(=O)N4CCCC4)CC3)cc(-c3ccccc3)n2)CC1,2.0,mL.min-1.kg-1,species_only_dog
3105330,CHEMBL1066904,CHEMBL597226,CL,mL.min-1.kg-1,=,3.0,CHEMBL373,Canis lupus familiaris,"Clearance in dog blood at 1 mg/kg, iv and 1 mg/kg, po",A,CC(C)CC[C@H](c1ccc(C(F)(F)F)nc1)N1CC[C@@H](CC(=O)[O-])C[C@H]1c1ccc(C(F)(F)F)cc1.[Na+],3.0,mL.min-1.kg-1,species_only_dog
3105342,CHEMBL1066904,CHEMBL597302,CL,mL.min-1.kg-1,=,5.0,CHEMBL373,Canis lupus familiaris,"Clearance in dog blood at 1 mg/kg, iv and 1 mg/kg, po",A,CC(C)CC[C@H](c1ncc(C(F)(F)F)cn1)N1CC[C@@H](CC(=O)[O-])C[C@H]1c1ccc(C(F)(F)F)cc1.[Na+],5.0,mL.min-1.kg-1,species_only_dog
3120119,CHEMBL1064906,CHEMBL539733,CL,mL.min-1.kg-1,=,1.0,CHEMBL373,Canis lupus familiaris,Clearance in dog,A,CCCCCOC(=O)N1CCN(C(=O)[C@H](CCC(=O)O)NC(=O)c2cc(N3CCC(COC)CC3)cc(-c3ccccc3)n2)CC1,1.0,mL.min-1.kg-1,species_only_dog
3120428,CHEMBL1074465,CHEMBL597997,CL,mL.min-1.kg-1,=,3.2,CHEMBL373,Canis lupus familiaris,"Plasma clearance in Beagle dog at 5 mg/kg, po and 1 mg/kg, iv",A,Cc1sc(C)c(C(=O)NC2(c3ccc(C(=O)O)cc3)CC2)c1Cc1ccc(C(F)(F)F)cc1,3.2,mL.min-1.kg-1,species_only_dog
3120592,CHEMBL1064418,CHEMBL4525964,CL,mL.min-1.kg-1,=,11.0,CHEMBL373,Canis lupus familiaris,"Clearance in Beagle dog at 2 mg/kg, iv and 5 mg/kg, po by LC/MS analysis",A,CC[C@@H]1C[C@]1(NC(=O)[C@@H]1C[C@@H]2CN1C(=O)[C@H](C(C)(C)C)NC(=O)OCC(C)(C)CCCCc1cccc3c1CN(C3)C(=O)O2)C(=O)NS(=O)(=O)C1CC1,11.0,mL.min-1.kg-1,species_only_dog
3122784,CHEMBL1073659,CHEMBL591501,CL,mL.min-1.kg-1,=,5.8,CHEMBL373,Canis lupus familiaris,Clearance in dog,A,CCCOCCn1c(=O)c(N2CCN(CCO)CC2)nc2cnc(-c3ccc(OC)nc3)cc21,5.8,mL.min-1.kg-1,species_only_dog
3186117,CHEMBL1110523,CHEMBL1099372,CL,mL.min-1.kg-1,=,0.8,CHEMBL373,Canis lupus familiaris,Plasma clearance in dog,A,C[C@@H](O[C@H]1CN2C(=O)C(O)C[C@H]2[C@@H]1c1ccc(F)cc1)c1cc(C(F)(F)F)cc(C(F)(F)F)c1,0.8,mL.min-1.kg-1,species_only_dog
3188870,CHEMBL1106861,CHEMBL1087302,CL,mL.min-1.kg-1,=,1.3,CHEMBL373,Canis lupus familiaris,"Clearance in dog at 1.0 mg/kg, iv or 2 mg/kg, po",A,O=C(CCc1nc(-c2ccc(O)cn2)no1)NC1=C(C(=O)O)CCCC1,1.3,mL.min-1.kg-1,species_only_dog
3188875,CHEMBL1106861,CHEMBL1086657,CL,mL.min-1.kg-1,=,1.8,CHEMBL373,Canis lupus familiaris,"Clearance in dog at 1.0 mg/kg, iv or 2 mg/kg, po",A,CC(C)(Cc1nc(-c2ccc(O)cn2)no1)C(=O)NC1=C(C(=O)O)CCCC1,1.8,mL.min-1.kg-1,species_only_dog
3198638,CHEMBL1108639,CHEMBL1083810,CL,mL.min-1.kg-1,=,16.0,CHEMBL373,Canis lupus familiaris,"Clearance in Beagle dog at 1 mg/kg, iv",A,CS(=O)(=O)N1CCN(Cc2cc3nc(-c4ccc(N)nc4)nc(N4CCOCC4)c3s2)CC1,16.0,mL.min-1.kg-1,species_only_dog
3198640,CHEMBL1108639,CHEMBL1083192,CL,mL.min-1.kg-1,=,22.0,CHEMBL373,Canis lupus familiaris,"Clearance in Beagle dog at 1 mg/kg, iv",A,CS(=O)(=O)N1CCN(Cc2cc3nc(-c4cnc(N)nc4)nc(N4CCOCC4)c3s2)CC1,22.0,mL.min-1.kg-1,species_only_dog
3198663,CHEMBL1108639,CHEMBL1084926,CL,mL.min-1.kg-1,=,1.6,CHEMBL373,Canis lupus familiaris,"Clearance in Beagle dog at 1 mg/kg, iv",A,CC(C)(O)c1cc2nc(-c3cnc(N)nc3)nc(N3CCOCC3)c2s1,1.6,mL.min-1.kg-1,species_only_dog
3221709,CHEMBL1102401,CHEMBL1077757,CL,mL.min-1.kg-1,=,14.0,CHEMBL373,Canis lupus familiaris,"Hepatic clearance in Beagle dog at 1 mg/kg, po and 0.5 mg/kg, iv",A,NS(=O)(=O)c1ccc(NC(=O)C2CC2C(=O)N2CCCc3cc(Cl)cc(Cl)c32)c(Cl)c1,14.0,mL.min-1.kg-1,species_only_dog
3224432,CHEMBL1104181,CHEMBL1077831,CL,mL.min-1.kg-1,=,7.5,CHEMBL373,Canis lupus familiaris,"Clearance in dog at 1 mg/kg, iv",A,CCS(=O)(=O)CCN(C(=O)Cc1ccc(F)c(C(F)(F)F)c1)[C@H](C)c1nc2ncccc2c(=O)n1-c1ccc(OCC(F)(F)F)cc1,7.5,mL.min-1.kg-1,species_only_dog
3230517,CHEMBL1114068,CHEMBL1078231,CL,mL.min-1.g-1,=,20000.0,CHEMBL373,Canis lupus familiaris,"Clearance in dog at 1 mg/kg, iv",A,CCCC[C@H]1CN(CC2CCOCC2)C(=O)OC12CCN(C1(C)CCN(C(=O)c3c(C)ncnc3C)CC1)CC2,20.0,mL.min-1.kg-1,species_only_dog
3235466,CHEMBL1106213,CHEMBL1091605,CL,mL.min-1.kg-1,=,8.333,CHEMBL373,Canis lupus familiaris,"Clearance in dog at 1 mg/kg, iv",A,CC(C)N(C)[C@@H]1CC[C@H](N2CC[C@H](NC(=O)c3cccc(C(F)(F)F)c3)C2=O)[C@H](CS(=O)(=O)c2ccccc2)C1,8.333,mL.min-1.kg-1,species_only_dog
3239494,CHEMBL1108009,CHEMBL1090467,CL,mL.min-1.kg-1,=,28.33,CHEMBL373,Canis lupus familiaris,Clearance in Beagle dog,A,NC(=O)c1cccc2[nH]c(-c3ccc([C@@H]4CCCN4)cc3F)nc12,28.33,mL.min-1.kg-1,species_only_dog
3239495,CHEMBL1108009,CHEMBL1089125,CL,mL.min-1.kg-1,=,56.67,CHEMBL373,Canis lupus familiaris,Clearance in Beagle dog,A,NC(=O)c1cccc2nc(-c3ccc([C@@H]4CCCCN4)cc3F)[nH]c12,56.67,mL.min-1.kg-1,species_only_dog
3240924,CHEMBL1109716,CHEMBL1083192,CL,mL.min-1.kg-1,=,22.0,CHEMBL373,Canis lupus familiaris,"Clearance in Beagle dog at 1 mg/kg, iv or 2 mg/kg, po",A,CS(=O)(=O)N1CCN(Cc2cc3nc(-c4cnc(N)nc4)nc(N4CCOCC4)c3s2)CC1,22.0,mL.min-1.kg-1,species_only_dog
3240925,CHEMBL1109716,CHEMBL1091978,CL,mL.min-1.kg-1,=,5.0,CHEMBL373,Canis lupus familiaris,"Clearance in Beagle dog at 1 mg/kg, iv or 2 mg/kg, po",A,Cc1c(CN2CCN(S(C)(=O)=O)CC2)sc2c(N3CCOCC3)nc(-c3cnc(N)nc3)nc12,5.0,mL.min-1.kg-1,species_only_dog
3242985,CHEMBL1109779,CHEMBL469146,CL,mL.min-1.kg-1,=,12.0,CHEMBL373,Canis lupus familiaris,Clearance in dog,A,Cc1ccc(-n2nccn2)c(C(=O)N2CCCN(c3ncc4ccccc4n3)CC2)c1,12.0,mL.min-1.kg-1,species_only_dog
3242986,CHEMBL1109779,CHEMBL1091110,CL,mL.min-1.kg-1,=,24.0,CHEMBL373,Canis lupus familiaris,Clearance in dog,A,Cc1ccc(-n2nccn2)c(C(=O)N2CC3CC(C2)N(c2ncc4ccccc4n2)C3)c1,24.0,mL.min-1.kg-1,species_only_dog
3244002,CHEMBL1117101,CHEMBL1089351,CL,mL.min-1.kg-1,=,7.3,CHEMBL373,Canis lupus familiaris,Plasma clearance in dog,A,CC(C)(C)C(=O)c1oc2nc(-c3ccc(Cl)cc3Cl)c(-c3ccc(Cl)cc3)cc2c1N,7.3,mL.min-1.kg-1,species_only_dog
3244003,CHEMBL1117101,CHEMBL1089032,CL,mL.min-1.kg-1,=,3.0,CHEMBL373,Canis lupus familiaris,Plasma clearance in dog,A,CC(C)(C)C(=O)c1oc2nc(-c3ccccc3Cl)c(-c3ccc(Cl)cc3)cc2c1NC(=O)CO,3.0,mL.min-1.kg-1,species_only_dog
3244004,CHEMBL1117101,CHEMBL1091832,CL,mL.min-1.kg-1,=,4.9,CHEMBL373,Canis lupus familiaris,Plasma clearance in dog,A,CC(C)C(=O)c1oc2nc(-c3ccccc3Cl)c(-c3ccc(Cl)cc3)cc2c1NC(=O)CO,4.9,mL.min-1.kg-1,species_only_dog
3244005,CHEMBL1117101,CHEMBL1092168,CL,mL.min-1.kg-1,=,5.0,CHEMBL373,Canis lupus familiaris,Plasma clearance in dog,A,CC(=O)Nc1c(C(=O)C(C)(C)O)oc2nc(-c3ccccc3Cl)c(-c3ccc(Cl)cc3)cc12,5.0,mL.min-1.kg-1,species_only_dog
3244006,CHEMBL1117101,CHEMBL1092169,CL,mL.min-1.kg-1,=,33.0,CHEMBL373,Canis lupus familiaris,Plasma clearance in dog,A,CC(C)(O)C(=O)c1oc2nc(-c3ccccc3Cl)c(-c3ccc(Cl)cc3)cc2c1NC(=O)CO,33.0,mL.min-1.kg-1,species_only_dog
3244888,CHEMBL1107061,CHEMBL1090173,CL,mL.min-1.kg-1,=,2.92,CHEMBL373,Canis lupus familiaris,"Clearance in dog at 2.5 mg/kg, iv",A,O=C(CO)N1CCC(c2n[nH]c(-c3ccc(Cl)cc3)c2-c2ccncn2)CC1,2.92,mL.min-1.kg-1,species_only_dog
3247304,CHEMBL1117014,CHEMBL1092637,CL,mL.min-1.kg-1,=,9.4,CHEMBL373,Canis lupus familiaris,"Clearance in dog at 1 mg/kg, iv",A,CC(C)N1CCC[C@H](Cn2c(CN(C)[C@H]3CCCc4cccnc43)nc3ccccc32)C1,9.4,mL.min-1.kg-1,species_only_dog
3247385,CHEMBL1117153,CHEMBL1093304,CL,mL.min-1.kg-1,=,3.5,CHEMBL373,Canis lupus familiaris,"Clearance in Beagle dog at 0.5 mg/kg, iv and 1.0 mg/kg, po",A,CC(=O)NC(C)(C)[C@@H]1CC2(CCN(C(=O)[C@@H]3CN(C(C)(C)C)C[C@H]3c3ccc(F)cc3F)CC2)c2cc(Cl)c(C)cc21,3.5,mL.min-1.kg-1,species_only_dog
3248174,CHEMBL1105231,CHEMBL1204059,CL,mL.min-1.kg-1,=,46.0,CHEMBL373,Canis lupus familiaris,"Clearance in dog plasma at 0.5 mg/kg, iv",A,C[C@@H]1CN(C(=O)[C@@H]2CN(C(C)(C)C)C[C@H]2c2ccc(F)cc2F)C[C@H](C)[C@@]1(O)c1ccccc1.Cl,46.0,mL.min-1.kg-1,species_only_dog
3248179,CHEMBL1105236,CHEMBL1204061,CL,mL.min-1.kg-1,=,12.0,CHEMBL373,Canis lupus familiaris,"Clearance in dog plasma at 0.05 mg/kg, iv",A,C[C@@H]1CN(C(=O)[C@@H]2CN(C(C)(C)C)C[C@H]2c2ccc(F)cc2F)C[C@H](C)[C@@]1(O)c1ccc(F)cc1.Cl,12.0,mL.min-1.kg-1,species_only_dog
3253236,CHEMBL1113492,CHEMBL1093137,CL,mL.min-1.kg-1,=,4.4,CHEMBL373,Canis lupus familiaris,"Clearance in dog at 5 mg/kg, iv",A,c1ccc(CNCc2ccc(CN(Cc3nc4ccccc4[nH]3)[C@H]3CCCc4cccnc43)cc2)nc1,4.4,mL.min-1.kg-1,species_only_dog
3253238,CHEMBL1113494,CHEMBL518924,CL,mL.min-1.kg-1,=,1.3,CHEMBL373,Canis lupus familiaris,"Clearance in dog at 2.5 mg/kg, iv",A,NCCCCN(Cc1nc2ccccc2[nH]1)[C@H]1CCCc2cccnc21,1.3,mL.min-1.kg-1,species_only_dog
3253432,CHEMBL1103500,CHEMBL1091874,CL,mL.min-1.kg-1,=,52.0,CHEMBL373,Canis lupus familiaris,Clearance in dog,A,CN[C@@H]1CCN(c2nc(N)nc3c2oc2ccc(Cl)cc23)C1,52.0,mL.min-1.kg-1,species_only_dog
3254092,CHEMBL1114303,CHEMBL570522,CL,mL.min-1.kg-1,=,18.0,CHEMBL373,Canis lupus familiaris,"Clearance in dog at 1 mg/kg, iv",A,CN1CCN(c2cccc3nc(CN(C)[C@H]4CCCc5cccnc54)cn23)CC1,18.0,mL.min-1.kg-1,species_only_dog
3254093,CHEMBL1114303,CHEMBL1090014,CL,mL.min-1.kg-1,=,5.1,CHEMBL373,Canis lupus familiaris,"Clearance in dog at 1 mg/kg, iv",A,CN1CCN(c2cccc3nc(CN4CCC[C@H]5CCc6cccnc6[C@H]54)[nH]c23)CC1,5.1,mL.min-1.kg-1,species_only_dog
3254155,CHEMBL1115367,CHEMBL1089501,CL,mL.min-1.kg-1,=,9.5,CHEMBL373,Canis lupus familiaris,"Plasma clearance in dog at 1 mg/kg, iv",A,COC(=O)N(CC(=O)O)Cc1cccc(OCc2nc(-c3ccc(Cl)cc3)oc2C)c1,9.5,mL.min-1.kg-1,species_only_dog
3254684,CHEMBL1106162,CHEMBL1092838,CL,mL.min-1.kg-1,=,1.6,CHEMBL373,Canis lupus familiaris,"Clearance in dog at 1 mg/kg, po and 0.5 mg/kg, iv",A,CN1C(=O)NC(=O)[C@@]12Cc1cc3ccc(CN4CC5(C)CC(=O)Nc6cccc4c65)nc3cc1C2,1.6,mL.min-1.kg-1,species_only_dog
3255770,CHEMBL1115299,CHEMBL1090200,CL,mL.min-1.kg-1,=,3.6,CHEMBL373,Canis lupus familiaris,"Clearance in Beagle dog at 1 mg/kg, iv administered with 40% PEG400 and 60% glycerol",A,Cc1n[nH]c2c(C)cc(C(=O)N3CCC4(CC3)CC(=O)c3c(ccnc3OC(C)C)O4)cc12,3.6,mL.min-1.kg-1,species_only_dog
3257588,CHEMBL1108940,CHEMBL1093423,CL,mL.min-1.kg-1,=,3.19,CHEMBL373,Canis lupus familiaris,"Clearance in dog at 1 mg/kg, po and 1 mg/kg, iv",A,CCOc1ccc(Cc2cc([C@@H]3S[C@H](CO)[C@@H](O)[C@H](O)[C@H]3O)c(OC)cc2C)cc1,3.19,mL.min-1.kg-1,species_only_dog
3257594,CHEMBL1108946,CHEMBL429910,CL,mL.min-1.kg-1,=,1.5,CHEMBL373,Canis lupus familiaris,"Clearance in dog at 6.6 mg/kg, po and 6.6 mg/kg, iv",A,CCOc1ccc(Cc2cc([C@@H]3O[C@H](CO)[C@@H](O)[C@H](O)[C@H]3O)ccc2Cl)cc1,1.5,mL.min-1.kg-1,species_only_dog
3260929,CHEMBL1112556,CHEMBL1093286,CL,mL.min-1.kg-1,=,16.0,CHEMBL373,Canis lupus familiaris,"Clearance in Beagle dog at 3 mg/kg, po and 1 mg/kg, iv",A,COCCCc1ccc(Cl)c(CN(C(=O)[C@H](CN)Cc2ccc(CCCOc3c(Cl)cc(C)cc3Cl)cc2)C2CC2)c1,16.0,mL.min-1.kg-1,species_only_dog
3260930,CHEMBL1112556,CHEMBL1093937,CL,mL.min-1.kg-1,=,35.0,CHEMBL373,Canis lupus familiaris,"Clearance in Beagle dog at 3 mg/kg, po and 1 mg/kg, iv",A,COCCCc1cc(CN(C(=O)[C@@H](CN)Cc2ccc(CCCOc3c(Cl)cc(C)cc3Cl)cc2)C2CC2)cc(OCCOC)c1,35.0,mL.min-1.kg-1,species_only_dog
3282955,CHEMBL1117491,CHEMBL1098726,CL,mL.min-1.kg-1,=,0.5,CHEMBL373,Canis lupus familiaris,"Clearance in dog at 1 mg/kg, iv",A,CN1C(=O)N(c2cc(Cl)cc(Cl)c2)C(=O)[C@]12CN(c1ccc(C(=O)O)cn1)C[C@H]2c1ccc(C#N)cc1,0.5,mL.min-1.kg-1,species_only_dog
3285055,CHEMBL1112969,CHEMBL1098554,CL,mL.min-1.kg-1,=,0.49,CHEMBL373,Canis lupus familiaris,"Clearance in dog at 0.25 mg/kg, iv and 2 mg/kg, po",A,O=c1ccn2c(-c3ccc(F)cc3F)cccc2c1-c1cc(-c2nnco2)ccc1F,0.49,mL.min-1.kg-1,species_only_dog
3285067,CHEMBL1112969,CHEMBL1096192,CL,mL.min-1.kg-1,=,0.88,CHEMBL373,Canis lupus familiaris,"Clearance in dog at 0.25 mg/kg, iv and 2 mg/kg, po",A,Cc1nnc(-c2ccc(F)c(-c3c(=O)ccn4c(-c5ccc(F)cc5F)cccc34)c2)o1,0.88,mL.min-1.kg-1,species_only_dog
3286764,CHEMBL1121266,CHEMBL1094762,CL,mL.min-1.kg-1,=,36.5,CHEMBL373,Canis lupus familiaris,Clearance in dog,A,CCCCCC[C@@H]1CN(c2ccccc2)C(=O)O1,36.5,mL.min-1.kg-1,species_only_dog
3286774,CHEMBL1121266,CHEMBL1094763,CL,mL.min-1.kg-1,=,17.7,CHEMBL373,Canis lupus familiaris,Clearance in dog,A,CC(C)(C)c1ccc(OC[C@@H]2CN(c3cccc(C#N)c3)C(=O)O2)cc1,17.7,mL.min-1.kg-1,species_only_dog
3286936,CHEMBL1106531,CHEMBL1094211,CL,mL.min-1.kg-1,=,30.0,CHEMBL373,Canis lupus familiaris,"Clearance in Beagle dog at 0.2 to 0.5 mg/kg, iv",A,CCOCCn1nc(CC)c2nc(N3CCN(C)CC3)nc(Nc3cc(C)ccn3)c21,30.0,mL.min-1.kg-1,species_only_dog
3286938,CHEMBL1106531,CHEMBL1094832,CL,mL.min-1.kg-1,=,48.0,CHEMBL373,Canis lupus familiaris,"Clearance in Beagle dog at 0.2 to 0.5 mg/kg, iv",A,CCOCCn1nc(CC)c2nc(N3CCC(N)CC3)nc(Nc3cc(C)ccn3)c21,48.0,mL.min-1.kg-1,species_only_dog
3286939,CHEMBL1106531,CHEMBL1094365,CL,mL.min-1.kg-1,=,12.6,CHEMBL373,Canis lupus familiaris,"Clearance in Beagle dog at 0.2 to 0.5 mg/kg, iv",A,CCOCCn1nc(CC)c2nc(N3CCC(C(=O)O)CC3)nc(Nc3cc(C)ccn3)c21,12.6,mL.min-1.kg-1,species_only_dog
3288252,CHEMBL1115620,CHEMBL2107825,CL,mL.min-1.kg-1,=,37.17,CHEMBL612558,,Clearance in iv dosed Beagle dog after 24 hrs,A,CC(C)OC(=O)[C@H](C)N[P@](=O)(CO[C@H](C)Cn1cnc2c(N)ncnc21)Oc1ccccc1,37.17,mL.min-1.kg-1,species_only_dog
3288253,CHEMBL1115620,CHEMBL1094454,CL,mL.min-1.kg-1,=,53.67,CHEMBL612558,,Clearance in iv dosed Beagle dog after 24 hrs,A,CCCCOC(=O)[C@H](C)NP(=O)(CO[C@@H]1C=C(F)[C@H](n2cnc3c(N)ncnc32)O1)N[C@@H](C)C(=O)OCCCC,53.67,mL.min-1.kg-1,species_only_dog
3288254,CHEMBL1115620,CHEMBL1095642,CL,mL.min-1.kg-1,=,61.67,CHEMBL612558,,Clearance in iv dosed Beagle dog after 24 hrs,A,CC(C)COC(=O)[C@H](Cc1ccccc1)NP(=O)(CO[C@@H]1C=C(F)[C@H](n2cnc3c(N)ncnc32)O1)Oc1ccccc1,61.67,mL.min-1.kg-1,species_only_dog
3288255,CHEMBL1115620,CHEMBL1095644,CL,mL.min-1.kg-1,=,22.5,CHEMBL612558,,Clearance in iv dosed Beagle dog after 24 hrs,A,CC(C)OC(=O)[C@H](Cc1ccccc1)NP(=O)(CO[C@@H]1C=C(F)[C@H](n2cnc3c(N)ncnc32)O1)Oc1ccccc1,22.5,mL.min-1.kg-1,species_only_dog
3288256,CHEMBL1115620,CHEMBL1095382,CL,mL.min-1.kg-1,=,27.17,CHEMBL612558,,Clearance in iv dosed Beagle dog after 24 hrs,A,C[C@H](NP(=O)(CO[C@@H]1C=C(F)[C@H](n2cnc3c(N)ncnc32)O1)Oc1ccccc1)C(=O)OCC1CCC1,27.17,mL.min-1.kg-1,species_only_dog
3288257,CHEMBL1115620,CHEMBL1095383,CL,mL.min-1.kg-1,=,43.67,CHEMBL612558,,Clearance in iv dosed Beagle dog after 24 hrs,A,CC(C)COC(=O)[C@H](C)NP(=O)(CO[C@@H]1C=C(F)[C@H](n2cnc3c(N)ncnc32)O1)Oc1ccccc1,43.67,mL.min-1.kg-1,species_only_dog
3288258,CHEMBL1115620,CHEMBL1094397,CL,mL.min-1.kg-1,=,46.0,CHEMBL612558,,Clearance in iv dosed Beagle dog after 24 hrs,A,C[C@H](NP(=O)(CO[C@@H]1C=C(F)[C@H](n2cnc3c(N)ncnc32)O1)Oc1ccccc1)C(=O)OC1CCC1,46.0,mL.min-1.kg-1,species_only_dog
3288259,CHEMBL1115620,CHEMBL1098048,CL,mL.min-1.kg-1,=,26.0,CHEMBL612558,,Clearance in iv dosed Beagle dog after 24 hrs,A,C[C@H](NP(=O)(CO[C@@H]1C=C(F)[C@H](n2cnc3c(N)ncnc32)O1)Oc1ccccc1)C(=O)OCC1CC1,26.0,mL.min-1.kg-1,species_only_dog
3288260,CHEMBL1115620,CHEMBL1098392,CL,mL.min-1.kg-1,=,28.5,CHEMBL612558,,Clearance in iv dosed Beagle dog after 24 hrs,A,CCOC(=O)[C@H](C)NP(=O)(CO[C@@H]1C=C(F)[C@H](n2cnc3c(N)ncnc32)O1)Oc1ccccc1,28.5,mL.min-1.kg-1,species_only_dog
3288361,CHEMBL1108369,CHEMBL1095833,CL,mL.min-1.kg-1,=,1.3,CHEMBL373,Canis lupus familiaris,"Clearance in Beagle dog at 3 mg/kg, po and 0.3 mg/kg, iv",A,CCC/N=C1\S/C(=C\c2ccc(OC[C@@H](O)CO)c(Cl)c2)C(=O)N1c1ccccc1C,1.3,mL.min-1.kg-1,species_only_dog
3288983,CHEMBL1110145,CHEMBL1098860,CL,mL.min-1.kg-1,=,4.667,CHEMBL373,Canis lupus familiaris,Clearance in Beagle dog fistula model,A,Cc1ccccc1[C@@H]1CCc2c(C(=O)N(C)C)cc3c(nc(C)n3C)c2O1,4.667,mL.min-1.kg-1,species_only_dog
3292111,CHEMBL1106484,CHEMBL1098014,CL,mL.min-1.kg-1,=,44.0,CHEMBL373,Canis lupus familiaris,"Clearance in dog at 1 mg/kg, iv",A,Cc1ncnc(C)c1C(=O)N1C[C@H]2CN(CC[C@H](NC(=O)CC3CCC(F)(F)CC3)c3ccccc3)C[C@H]2C1,44.0,mL.min-1.kg-1,species_only_dog
3292116,CHEMBL1106484,CHEMBL1095191,CL,mL.min-1.kg-1,=,36.0,CHEMBL373,Canis lupus familiaris,"Clearance in dog at 1 mg/kg, iv",A,Cc1ncnc(C)c1C(=O)N1C[C@H]2CN(CC[C@H](NC(=O)CC3CC(F)(F)C3)c3cccc(F)c3)C[C@H]2C1,36.0,mL.min-1.kg-1,species_only_dog
3292553,CHEMBL1105777,CHEMBL1096827,CL,mL.min-1.kg-1,=,31.0,CHEMBL373,Canis lupus familiaris,"Clearance in dog at 1 mg/kg, iv and 5 mg/kg, po",A,CC(=O)N1C[C@@H](Oc2cccc(F)c2)C[C@@H]1C(=O)N1CCCN(C2CCC2)CC1,31.0,mL.min-1.kg-1,species_only_dog
3294023,CHEMBL1115569,CHEMBL1099069,CL,mL.min-1.kg-1,=,20.2,CHEMBL373,Canis lupus familiaris,"Clearance in Beagle dog at 0.5 mg/kg, iv",A,CCc1nn(CCOCC(F)(F)F)c2c(Nc3ccncn3)nc(N3CCNCC3)nc12,20.2,mL.min-1.kg-1,species_only_dog
3294024,CHEMBL1115569,CHEMBL1098752,CL,mL.min-1.kg-1,=,22.0,CHEMBL373,Canis lupus familiaris,"Clearance in Beagle dog at 0.5 mg/kg, iv",A,Cc1nn(CCOCC(F)(F)F)c2c(Nc3ccncn3)nc(N3CCN[C@H](C)C3)nc12,22.0,mL.min-1.kg-1,species_only_dog
3294028,CHEMBL1115572,CHEMBL1095121,CL,mL.min-1.kg-1,=,18.5,CHEMBL373,Canis lupus familiaris,"Clearance in Beagle dog at 0.2 mg/kg, iv",A,CCc1nn(CCOCC(F)(F)F)c2c(Nc3ccncn3)nc(N3CCN[C@H](C)C3)nc12,18.5,mL.min-1.kg-1,species_only_dog
3297046,CHEMBL1110968,CHEMBL1096182,CL,mL.min-1.kg-1,=,1.1,CHEMBL373,Canis lupus familiaris,"Plasma clearance in Beagle dog at 0.2 mg/kg, iv",A,Cc1cc(C(=O)N[C@@H]2CC(C)(C)Oc3nc(-c4ccc(Cl)cc4Cl)c(-c4ccc(Cl)cc4)cc32)n[nH]1,1.1,mL.min-1.kg-1,species_only_dog
3303410,CHEMBL1118507,CHEMBL1085289,CL,mL.min-1.kg-1,=,12.4,CHEMBL373,Canis lupus familiaris,"Plasma clearance in dog at 3 mg/kg, iv and 10 mg/kg, po",A,C1c2c(-c3nnn[nH]3)n[nH]c2[C@H]2C[C@@H]12,12.4,mL.min-1.kg-1,species_only_dog
3304273,CHEMBL1120327,CHEMBL1084738,CL,mL.min-1.kg-1,=,3.333,CHEMBL373,Canis lupus familiaris,"Clearance in dog at 0.5 mg/kg, iv",A,C[C@@H]1CN(C(=O)c2ccccc2)CCN1c1nnc(-c2ccc(C(F)(F)F)cc2)c2ccccc12,3.333,mL.min-1.kg-1,species_only_dog
3305122,CHEMBL1117607,CHEMBL1083416,CL,mL.min-1.kg-1,=,0.3,CHEMBL373,Canis lupus familiaris,"Plasma clearance in dog at 0.1 mg/kg, iv and 1 mg/kg, po",A,NC(=O)c1ccccc1S(=O)(=O)c1ccc(/C=C/c2ccc(F)cc2F)cc1,0.3,mL.min-1.kg-1,species_only_dog
3305125,CHEMBL1117607,CHEMBL1084976,CL,mL.min-1.kg-1,=,8.0,CHEMBL373,Canis lupus familiaris,"Plasma clearance in dog at 0.1 mg/kg, iv and 1 mg/kg, po",A,C[C@H](O)c1ccccc1S(=O)(=O)c1ccc(/C=C/c2ccc(F)cc2)cc1,8.0,mL.min-1.kg-1,species_only_dog
3307040,CHEMBL1118542,CHEMBL1085107,CL,mL.min-1.kg-1,=,15.67,CHEMBL373,Canis lupus familiaris,"Clearance in Beagle dog at 5 mg/kg, iv or 30 mg/kg, po",A,CC(C)[C@]1(C)SC(N[C@H]2C[C@@H]3CC[C@H]2C3)=NC1=O,15.67,mL.min-1.kg-1,species_only_dog
3307793,CHEMBL1119497,CHEMBL1083754,CL,mL.min-1.kg-1,=,3.0,CHEMBL373,Canis lupus familiaris,"Clearance in dog at 0.2 mg/kg, iv",A,CNC(=O)Cn1cc(C2CC2)c(Oc2ccc(C#N)cc2)c1C1CC1,3.0,mL.min-1.kg-1,species_only_dog
3310113,CHEMBL1120523,CHEMBL403441,CL,mL.min-1.kg-1,=,30.0,CHEMBL373,Canis lupus familiaris,"Plasma clearance in dog at 0.025 mg/kg, iv",A,CCOc1ccccc1C[C@H](c1ccccc1)N1CCNCC1,30.0,mL.min-1.kg-1,species_only_dog
3310121,CHEMBL1120523,CHEMBL214335,CL,mL.min-1.kg-1,=,21.0,CHEMBL373,Canis lupus familiaris,"Plasma clearance in dog at 0.025 mg/kg, iv",A,COc1ccccc1CC(c1ccccc1)N1CCNCC1,21.0,mL.min-1.kg-1,species_only_dog
3310124,CHEMBL1120523,CHEMBL1083708,CL,mL.min-1.kg-1,=,87.0,CHEMBL373,Canis lupus familiaris,"Plasma clearance in dog at 0.025 mg/kg, iv",A,FC(F)Oc1ccccc1CC(c1ccccc1)N1CCNCC1,87.0,mL.min-1.kg-1,species_only_dog
3310127,CHEMBL1120524,CHEMBL1084033,CL,mL.min-1.kg-1,=,19.0,CHEMBL373,Canis lupus familiaris,"Plasma clearance in dog at 0.0075 mg/kg, iv",A,Fc1ccc(C(Cc2ccccc2OC(F)(F)F)N2CCNCC2)cc1,19.0,mL.min-1.kg-1,species_only_dog
3310278,CHEMBL1117776,CHEMBL1084009,CL,mL.min-1.kg-1,=,6.3,CHEMBL373,Canis lupus familiaris,"Plasma clearance in Beagle dog at 5 mg/kg, iv and 20 mg/kg, po",A,O=C(O)c1ccc(C2(NC(=O)c3cccc4ccn(Cc5ccc(C(F)(F)F)cc5)c34)CC2)cc1,6.3,mL.min-1.kg-1,species_only_dog
3313183,CHEMBL1119833,CHEMBL469146,CL,mL.min-1.kg-1,=,11.6,CHEMBL373,Canis lupus familiaris,"Clearance in dog at 0.5 mg/kg, iv",A,Cc1ccc(-n2nccn2)c(C(=O)N2CCCN(c3ncc4ccccc4n3)CC2)c1,11.6,mL.min-1.kg-1,species_only_dog
3313211,CHEMBL1119833,CHEMBL1083357,CL,mL.min-1.kg-1,=,6.0,CHEMBL373,Canis lupus familiaris,"Clearance in dog at 0.5 mg/kg, iv",A,Cc1ccc(-n2nccn2)c(C(=O)N2CCN(c3ncc4ccccc4n3)CC[C@H]2C)c1,6.0,mL.min-1.kg-1,species_only_dog
3313212,CHEMBL1119833,CHEMBL1084949,CL,mL.min-1.kg-1,=,6.4,CHEMBL373,Canis lupus familiaris,"Clearance in dog at 0.5 mg/kg, iv",A,C[C@@H]1CCN(c2ncc3ccccc3n2)CCN1C(=O)c1ccccc1-n1nccn1,6.4,mL.min-1.kg-1,species_only_dog
3313213,CHEMBL1119833,CHEMBL1083358,CL,mL.min-1.kg-1,=,5.2,CHEMBL373,Canis lupus familiaris,"Clearance in dog at 0.5 mg/kg, iv",A,C[C@@H]1CCN(c2ncc3cc(F)ccc3n2)CCN1C(=O)c1ccccc1-n1nccn1,5.2,mL.min-1.kg-1,species_only_dog
3313225,CHEMBL1119833,CHEMBL469146,CL,mL.min-1.kg-1,=,11.6,CHEMBL373,Canis lupus familiaris,"Clearance in dog at 0.5 mg/kg, iv",A,Cc1ccc(-n2nccn2)c(C(=O)N2CCCN(c3ncc4ccccc4n3)CC2)c1,11.6,mL.min-1.kg-1,species_only_dog
3313233,CHEMBL1119833,CHEMBL1083041,CL,mL.min-1.kg-1,=,4.9,CHEMBL373,Canis lupus familiaris,"Clearance in dog at 0.5 mg/kg, iv",A,C[C@@H]1CCN(c2cnc3cc(F)c(F)cc3n2)CCN1C(=O)c1ccccc1-n1nccn1,4.9,mL.min-1.kg-1,species_only_dog
3313241,CHEMBL1119833,CHEMBL1083657,CL,mL.min-1.kg-1,=,9.2,CHEMBL373,Canis lupus familiaris,"Clearance in dog at 0.5 mg/kg, iv",A,C[C@@H]1CCN(c2ncc3c(n2)CCCC3)CCN1C(=O)c1ccccc1-n1nccn1,9.2,mL.min-1.kg-1,species_only_dog
3313248,CHEMBL1119833,CHEMBL1083658,CL,mL.min-1.kg-1,=,2.4,CHEMBL373,Canis lupus familiaris,"Clearance in dog at 0.5 mg/kg, iv",A,Cc1ccc(-n2nccn2)c(C(=O)N2CCN(c3nc4ccccc4o3)CC[C@H]2C)c1,2.4,mL.min-1.kg-1,species_only_dog
3313254,CHEMBL1119833,CHEMBL1083659,CL,mL.min-1.kg-1,=,4.0,CHEMBL373,Canis lupus familiaris,"Clearance in dog at 0.5 mg/kg, iv",A,Cc1ccc(-n2nccn2)c(C(=O)N2CCN(c3nc4cc(Cl)ccc4o3)CC[C@H]2C)c1,4.0,mL.min-1.kg-1,species_only_dog
3315751,CHEMBL1119607,CHEMBL1084617,CL,mL.min-1.kg-1,=,20.0,CHEMBL373,Canis lupus familiaris,"Total clearance in dog at 2 mg/kg, iv after 24 hrs by HPLC/MS/MS analysis",A,COc1cccc(C(=O)Nc2ccc(OCCN3CCOCC3)c(-c3ccnn3C)c2)c1,20.0,mL.min-1.kg-1,species_only_dog
3316595,CHEMBL1120558,CHEMBL179069,CL,mL.min-1.kg-1,=,2.5,CHEMBL373,Canis lupus familiaris,Clearance in dog,A,COc1ccc([C@@H](CCC[C@H](O)CCc2ccc3c(n2)NCCC3)CC(=O)O)cn1,2.5,mL.min-1.kg-1,species_only_dog
3316607,CHEMBL1120167,CHEMBL145085,CL,mL.min-1.kg-1,=,6.4,CHEMBL373,Canis lupus familiaris,Clearance in po dosed dog,A,COc1ccc([C@H](CC(=O)O)N2CCN(CCCc3ccc4c(n3)NCCC4)C2=O)cn1,6.4,mL.min-1.kg-1,species_only_dog
3351872,CHEMBL1175137,CHEMBL469146,CL,mL.min-1.kg-1,=,12.0,CHEMBL373,Canis lupus familiaris,"Clearance in dog at 3 mg/kg, po and 0.125 mg/kg, iv",A,Cc1ccc(-n2nccn2)c(C(=O)N2CCCN(c3ncc4ccccc4n3)CC2)c1,12.0,mL.min-1.kg-1,species_only_dog
3351883,CHEMBL1175137,CHEMBL1171594,CL,mL.min-1.kg-1,=,3.6,CHEMBL373,Canis lupus familiaris,"Clearance in dog at 3 mg/kg, po and 0.125 mg/kg, iv",A,Cc1ccc(-n2nccn2)c(C(=O)N2C3CCC2CN(c2ncc4ccc(F)cc4n2)CC3)c1,3.6,mL.min-1.kg-1,species_only_dog
3358173,CHEMBL1175780,CHEMBL1170953,CL,mL.min-1.kg-1,=,35.0,CHEMBL373,Canis lupus familiaris,"Clearance in Beagle dog at 1 mg/kg, iv and 5 mg/kg, po",A,O=C(c1ccc(Oc2ccc(F)cc2)cn1)N1CCCN(C2CCC2)CC1,35.0,mL.min-1.kg-1,species_only_dog
3358174,CHEMBL1175780,CHEMBL1171756,CL,mL.min-1.kg-1,=,21.0,CHEMBL373,Canis lupus familiaris,"Clearance in Beagle dog at 1 mg/kg, iv and 5 mg/kg, po",A,N#Cc1cccc(Oc2ccc(C(=O)N3CCCN(C4CCC4)CC3)cn2)c1,21.0,mL.min-1.kg-1,species_only_dog
3358175,CHEMBL1175780,CHEMBL1171754,CL,mL.min-1.kg-1,=,35.0,CHEMBL373,Canis lupus familiaris,"Clearance in Beagle dog at 1 mg/kg, iv and 5 mg/kg, po",A,O=C(c1ccc(Oc2ccc(F)cc2)nc1)N1CCCN(C2CCC2)CC1,35.0,mL.min-1.kg-1,species_only_dog
3368255,CHEMBL1176610,CHEMBL1171647,CL,mL.min-1.kg-1,=,11.6,CHEMBL373,Canis lupus familiaris,"Blood clearance in dog at 1.2 mg/kg, iv",A,CCc1c[nH]c2ncnc(N3CC[C@](N)(CNC(=O)c4ccc(F)cc4F)C3)c12,11.6,mL.min-1.kg-1,species_only_dog
3399248,CHEMBL1219597,CHEMBL219046,CL,mL.min-1.kg-1,=,0.9,CHEMBL373,Canis lupus familiaris,"Clearance in Beagle dog at 2 mg/kg, iv and 10 mg/kg, po",A,O=C(O)c1c(O)c(Cc2ccc(Cl)cc2)nc2c3c(ccc12)CCCC3,0.9,mL.min-1.kg-1,species_only_dog
3399249,CHEMBL1219597,CHEMBL1215851,CL,mL.min-1.kg-1,=,0.9,CHEMBL373,Canis lupus familiaris,"Clearance in Beagle dog at 2 mg/kg, iv and 10 mg/kg, po",A,O=C(O)c1c(O)c(C2(c3ccc(Cl)cc3)CC2)nc2c(C(F)(F)F)cccc12,0.9,mL.min-1.kg-1,species_only_dog
3401562,CHEMBL1217412,CHEMBL1214399,CL,mL.min-1.kg-1,=,3.4,CHEMBL373,Canis lupus familiaris,"Blood clearance in Beagle dog at 0.125 mg/kg, iv and 0.5 mg/kg, po",A,CC(C)S(=O)(=O)N[C@H]1Cc2ccc(-c3ccc(F)nc3)cc2C1,3.4,mL.min-1.kg-1,species_only_dog
3404378,CHEMBL1217592,CHEMBL1214402,CL,mL.min-1.kg-1,=,7.4,CHEMBL373,Canis lupus familiaris,"Clearance in dog at 1 mg/kg, iv",A,NC(=O)c1cnc(-c2cnc3c(Nc4ccc(C(F)(F)F)cn4)ccnc3n2)c(C(F)(F)F)c1,7.4,mL.min-1.kg-1,species_only_dog
3405483,CHEMBL1218989,CHEMBL1214943,CL,mL.min-1.kg-1,=,7.9,CHEMBL373,Canis lupus familiaris,Clearance in iv dosed dog,A,Cc1nc2nc(C(=O)N3CCOCC3)cn2c(-c2ccc(Cl)cc2Cl)c1CN,7.9,mL.min-1.kg-1,species_only_dog
3406754,CHEMBL1219144,CHEMBL1214946,CL,mL.min-1.kg-1,=,15.0,CHEMBL373,Canis lupus familiaris,"Total clearance in dog at 2 mg/kg, iv",A,Cn1cc(Cl)c(C(=O)N2CCN(CC(=O)c3ccc(F)cc3)CC2)n1,15.0,mL.min-1.kg-1,species_only_dog
3425694,CHEMBL1228449,CHEMBL1222884,CL,mL.min-1.kg-1,=,16.0,CHEMBL373,Canis lupus familiaris,"Clearance in Beagle dog at 3 mg/kg, po",A,COCCCc1ccc(Cl)c(CN(C(=O)[C@@H](CN)Cc2ccc(OCCOc3c(Cl)cc(C)cc3Cl)cc2)C2CC2)c1,16.0,mL.min-1.kg-1,species_only_dog
3425772,CHEMBL1225396,CHEMBL1222450,CL,mL.min-1.kg-1,=,10.5,CHEMBL373,Canis lupus familiaris,Plasma clearance in dog,A,O=C1Nc2ccc(F)c(F)c2C(CC(F)F)(c2ccc(F)cc2)N1CC(F)(F)F,10.5,mL.min-1.kg-1,species_only_dog
3425784,CHEMBL1225396,CHEMBL1222520,CL,mL.min-1.kg-1,=,3.5,CHEMBL373,Canis lupus familiaris,Plasma clearance in dog,A,CCC1(c2ccccc2)c2c(ccc(F)c2F)N(Cc2cc[n+]([O-])cc2)C(=O)N1CC(F)(F)F,3.5,mL.min-1.kg-1,species_only_dog
3427756,CHEMBL1227441,CHEMBL388908,CL,mL.min-1.kg-1,=,4.4,CHEMBL373,Canis lupus familiaris,"Plasma clearance in dog at 1 mg/kg, po and 2 mg/kg, iv",A,CN1C[C@@H](F)C[C@H]1c1nc(C(=O)NCc2ccc(F)cc2)c(O)c(=O)n1C,4.4,mL.min-1.kg-1,species_only_dog
3427757,CHEMBL1227441,CHEMBL1223544,CL,mL.min-1.kg-1,=,9.3,CHEMBL373,Canis lupus familiaris,"Plasma clearance in dog at 1 mg/kg, po and 2 mg/kg, iv",A,CC(=O)N1C[C@@H](F)C[C@H]1c1nc(C(=O)NCc2ccc(F)c(Cl)c2)c(O)c(=O)n1C,9.3,mL.min-1.kg-1,species_only_dog
3427758,CHEMBL1227441,CHEMBL1222459,CL,mL.min-1.kg-1,=,9.7,CHEMBL373,Canis lupus familiaris,"Plasma clearance in dog at 1 mg/kg, po and 2 mg/kg, iv",A,CC(=O)N1C[C@@H](F)C[C@H]1c1nc(C(=O)NCc2ccc(C)c(Cl)c2)c(O)c(=O)n1C,9.7,mL.min-1.kg-1,species_only_dog
3450495,CHEMBL1245108,CHEMBL4525964,CL,mL.min-1.kg-1,=,11.0,CHEMBL373,Canis lupus familiaris,"Plasma clearance in dog at 2 mg/kg, iv by LC/MS/MS analysis",A,CC[C@@H]1C[C@]1(NC(=O)[C@@H]1C[C@@H]2CN1C(=O)[C@H](C(C)(C)C)NC(=O)OCC(C)(C)CCCCc1cccc3c1CN(C3)C(=O)O2)C(=O)NS(=O)(=O)C1CC1,11.0,mL.min-1.kg-1,species_only_dog
3453396,CHEMBL1245778,CHEMBL1242210,CL,mL.min-1.kg-1,=,5.5,CHEMBL373,Canis lupus familiaris,"Clearance in dog at 1 mg/kg, iv administered as single dose after 24 hrs by liquid chromatography-mass spectroscopy",A,CN1CCN(c2cccc3nc(CN(C)[C@H]4CCCc5cccnc54)c(CO)n23)CC1,5.5,mL.min-1.kg-1,species_only_dog
3465700,CHEMBL1251518,CHEMBL594828,CL,mL.min-1.kg-1,=,8.0,CHEMBL373,Canis lupus familiaris,Clearance in dog,A,COCc1nnc(N2CC(Oc3ccc(F)cc3Cl)C2)n1-c1ccc(OC)nc1,8.0,mL.min-1.kg-1,species_only_dog
3498678,CHEMBL1259702,CHEMBL1257706,CL,mL.min-1.kg-1,=,0.5,CHEMBL373,Canis lupus familiaris,Plasma clearance in dog,A,C[C@@H](O[C@H]1CN2C(=O)[C@H]3C[C@@](C)(O)C[C@H]3[C@H]2[C@@H]1c1ccc(F)cc1)c1cc(C(F)(F)F)cc(C(F)(F)F)c1,0.5,mL.min-1.kg-1,species_only_dog
3514954,CHEMBL1273272,CHEMBL206335,CL,mL.min-1.kg-1,=,18.33,CHEMBL373,Canis lupus familiaris,Clearance in dog,A,CN(C)Cc1nccn1-c1ccc(NC(=O)c2cc(C(F)(F)F)nn2-c2ccc3onc(N)c3c2)c(F)c1,18.33,mL.min-1.kg-1,species_only_dog
3514958,CHEMBL1273272,CHEMBL1270158,CL,mL.min-1.kg-1,=,41.67,CHEMBL373,Canis lupus familiaris,Clearance in dog,A,CN(C)Cc1nccn1-c1ccc(NC(=O)c2cc(C(F)(F)F)nn2-c2ccc3onc(N)c3c2)cc1,41.67,mL.min-1.kg-1,species_only_dog
3514973,CHEMBL1273272,CHEMBL231779,CL,mL.min-1.kg-1,=,0.3333,CHEMBL373,Canis lupus familiaris,Clearance in dog,A,COc1ccc(-n2nc(C(N)=O)c3c2C(=O)N(c2ccc(N4CCCCC4=O)cc2)CC3)cc1,0.3333,mL.min-1.kg-1,species_only_dog
3515017,CHEMBL1273272,CHEMBL198362,CL,mL.min-1.kg-1,=,5.0,CHEMBL373,Canis lupus familiaris,Clearance in dog,A,O=C(NC[C@H]1CN(c2ccc(N3CCOCC3=O)cc2)C(=O)O1)c1ccc(Cl)s1,5.0,mL.min-1.kg-1,species_only_dog
3515062,CHEMBL1273272,CHEMBL476186,CL,mL.min-1.kg-1,=,2.5,CHEMBL373,Canis lupus familiaris,Clearance in dog,A,CO[C@@H]1C[C@H](C(=O)Nc2ccc(-n3ccccc3=O)cc2F)N(C(=O)Nc2ccc(Cl)cc2)C1,2.5,mL.min-1.kg-1,species_only_dog
3515126,CHEMBL1273272,CHEMBL364838,CL,mL.min-1.kg-1,=,21.67,CHEMBL373,Canis lupus familiaris,Clearance in dog,A,COC[C@@H](NC(=O)c1ccc(Cl)s1)C(=O)Nc1ccc(N2CCOCC2=O)c(C)c1,21.67,mL.min-1.kg-1,species_only_dog
3515207,CHEMBL1273272,CHEMBL512351,CL,mL.min-1.kg-1,=,26.5,CHEMBL373,Canis lupus familiaris,Clearance in dog,A,COc1ccc(NC(=O)c2ccc(C(=N)N(C)C)cc2)c(C(=O)Nc2ccc(Cl)cn2)c1,26.5,mL.min-1.kg-1,species_only_dog
3519208,CHEMBL1273272,CHEMBL176140,CL,mL.min-1.kg-1,=,4.0,CHEMBL373,Canis lupus familiaris,Clearance in dog,A,CS(=O)(=O)c1ccccc1-c1ccc(NC(=O)c2cc(C(F)(F)F)nn2-c2cccc(CN)c2)c(F)c1,4.0,mL.min-1.kg-1,species_only_dog
3519663,CHEMBL1273082,CHEMBL1222883,CL,mL.min-1.kg-1,=,14.0,CHEMBL373,Canis lupus familiaris,"Clearance in dog blood at 1 mg/kg, iv and 3 mg/kg, po",A,CN1C(=O)CC[C@H]1C(=O)NCc1cccc(C(F)(F)F)c1Cl,14.0,mL.min-1.kg-1,species_only_dog
3519684,CHEMBL1273082,CHEMBL1269249,CL,mL.min-1.kg-1,=,2.0,CHEMBL373,Canis lupus familiaris,"Clearance in dog blood at 1 mg/kg, iv and 3 mg/kg, po",A,CN1C(=O)NC[C@H]1C(=O)NCc1ccc(Cl)cc1Cl,2.0,mL.min-1.kg-1,species_only_dog
3521285,CHEMBL1272535,CHEMBL1270399,CL,mL.min-1.kg-1,=,12.0,CHEMBL373,Canis lupus familiaris,"Clearance in dog at 1 mg/kg, iv",A,Cc1cn2c(-c3cn[nH]c3)cnc2c(Nc2cc([C@@H](C)N3C[C@@H](C)O[C@@H](C)C3)ns2)n1,12.0,mL.min-1.kg-1,species_only_dog
3522345,CHEMBL1272997,CHEMBL1269885,CL,mL.min-1.kg-1,=,31.0,CHEMBL373,Canis lupus familiaris,"Clearance in dog at 5 mg/kg, po and 1 mg/kg, iv",A,Cc1ncnc(C)c1C(=O)N1C[C@H]2CN(CCC(c3cccc(F)c3)C3CCN(S(C)(=O)=O)CC3)C[C@H]2C1,31.0,mL.min-1.kg-1,species_only_dog
3531428,CHEMBL1272973,CHEMBL1272304,CL,mL.min-1.kg-1,=,26.0,CHEMBL373,Canis lupus familiaris,"Plasma clearance in Beagle dog at 2 mg/kg, po or 0.5 mg/kg, iv",A,CS(=O)(=O)c1ccc2nc(-c3ccc(-c4ccccc4F)cc3)[nH]c2c1,26.0,mL.min-1.kg-1,species_only_dog
3591661,CHEMBL1291066,CHEMBL1289200,CL,mL.min-1.kg-1,=,24.0,CHEMBL373,Canis lupus familiaris,"Plasma clearance in dog at 1 mg/kg, iv and 5 mg/kg, po",A,CN(O)C(=O)c1cc2c(CN3CCNC(=O)C3)cn(Cc3ccc(F)cc3)c2cn1,24.0,mL.min-1.kg-1,species_only_dog
3591662,CHEMBL1291066,CHEMBL1289313,CL,mL.min-1.kg-1,=,15.0,CHEMBL373,Canis lupus familiaris,"Plasma clearance in dog at 1 mg/kg, iv and 5 mg/kg, po",A,CN(O)C(=O)c1cc2c(CN3CCC[C@H]3C(N)=O)cn(Cc3ccc(F)cc3)c2cn1,15.0,mL.min-1.kg-1,species_only_dog
3593115,CHEMBL1292207,CHEMBL1289113,CL,mL.min-1.kg-1,=,38.5,CHEMBL613431,Canis lupus familiaris,Clearance in dog plasma,A,O=C(COCc1ccncc1)N1CCN(c2ccc(F)cc2Cl)CC1,38.5,mL.min-1.kg-1,species_only_dog
3596705,CHEMBL1292015,CHEMBL1288689,CL,mL.min-1.kg-1,=,12.0,CHEMBL373,Canis lupus familiaris,Clearance in dog at 1 mg/kg,A,CC(C)(O)C(=O)N1CCC(CCN2CCC(N(C(=O)NCc3ccc(C#N)cc3)c3cccc(F)c3)CC2)(c2cccc(F)c2)CC1,12.0,mL.min-1.kg-1,species_only_dog
3600646,CHEMBL1291717,CHEMBL1289406,CL,mL.min-1.kg-1,=,0.3333,CHEMBL373,Canis lupus familiaris,"Clearance in dog at 0.5 mg/kg, iv",A,C[C@](O)(c1ccc(S(=O)(=O)c2ccc(-c3ccc(C#N)cc3)cc2Cl)cc1)C(F)(F)F,0.3333,mL.min-1.kg-1,species_only_dog
3604916,CHEMBL1292835,CHEMBL1287851,CL,mL.min-1.kg-1,=,316.67,CHEMBL373,Canis lupus familiaris,"Clearance in dog at 0.5 mg/kg, iv",A,COc1ccc2c(c1)C(=O)N(C[C@@]1(C#Cc3cccnc3)NC(=O)NC1=O)C2,316.67,mL.min-1.kg-1,species_only_dog
5079176,CHEMBL1614685,CHEMBL651,CL,mL.min-1.kg-1,=,41.4,CHEMBL612558,,Clearance in dog after iv administration,A,CCC(=O)C(CC(C)N(C)C)(c1ccccc1)c1ccccc1,41.4,mL.min-1.kg-1,species_only_dog
5079181,CHEMBL1614677,CHEMBL3,CL,mL.min-1.kg-1,=,42.0,CHEMBL612558,,Clearance in dog after iv administration,A,CN1CCC[C@H]1c1cccnc1,42.0,mL.min-1.kg-1,species_only_dog
5079184,CHEMBL1614677,CHEMBL607,CL,mL.min-1.kg-1,=,43.0,CHEMBL612558,,Clearance in dog after iv administration,A,CCOC(=O)C1(c2ccccc2)CCN(C)CC1,43.0,mL.min-1.kg-1,species_only_dog
5079224,CHEMBL1614677,CHEMBL1484,CL,mL.min-1.kg-1,=,48.0,CHEMBL612558,,Clearance in dog after iv administration,A,COC(=O)C1=C(C)NC(C)=C(C(=O)OCCN(C)Cc2ccccc2)C1c1cccc([N+](=O)[O-])c1,48.0,mL.min-1.kg-1,species_only_dog
5079232,CHEMBL1614677,CHEMBL70,CL,mL.min-1.kg-1,=,50.0,CHEMBL612558,,Clearance in dog after iv administration,A,CN1CC[C@]23c4c5ccc(O)c4O[C@H]2[C@@H](O)C=C[C@H]3[C@H]1C5,50.0,mL.min-1.kg-1,species_only_dog
5079233,CHEMBL1614677,CHEMBL275528,CL,mL.min-1.kg-1,=,50.0,CHEMBL612558,,Clearance in dog after iv administration,A,c1ccc(C2(N3CCCCC3)CCCCC2)cc1,50.0,mL.min-1.kg-1,species_only_dog
5079242,CHEMBL1614685,CHEMBL276711,CL,mL.min-1.kg-1,=,52.0,CHEMBL612558,,Clearance in dog after iv administration,A,Cc1cc(C)c(/C=C2\C(=O)Nc3ccccc32)[nH]1,52.0,mL.min-1.kg-1,species_only_dog
5079244,CHEMBL1614685,CHEMBL71,CL,mL.min-1.kg-1,=,53.0,CHEMBL612558,,Clearance in dog after iv administration,A,CN(C)CCCN1c2ccccc2Sc2ccc(Cl)cc21,53.0,mL.min-1.kg-1,species_only_dog
5079268,CHEMBL1614685,CHEMBL23,CL,mL.min-1.kg-1,=,59.0,CHEMBL612558,,Clearance in dog after iv administration,A,COc1ccc([C@@H]2Sc3ccccc3N(CCN(C)C)C(=O)[C@@H]2OC(C)=O)cc1,59.0,mL.min-1.kg-1,species_only_dog
5079279,CHEMBL1614685,CHEMBL6966,CL,mL.min-1.kg-1,=,62.2,CHEMBL612558,,Clearance in dog after iv administration,A,COc1ccc(CCN(C)CCCC(C#N)(c2ccc(OC)c(OC)c2)C(C)C)cc1OC,62.2,mL.min-1.kg-1,species_only_dog
5079286,CHEMBL1614677,CHEMBL3301673,CL,mL.min-1.kg-1,=,65.0,CHEMBL612558,,Clearance in dog after iv administration,A,CCCCCNC(=O)c1coc([C@H]2[C@@H](Cc3ccccc3CCC(=O)O)[C@@H]3CC[C@H]2O3)n1,65.0,mL.min-1.kg-1,species_only_dog
5079297,CHEMBL1614677,CHEMBL494,CL,mL.min-1.kg-1,=,67.0,CHEMBL612558,,Clearance in dog after iv administration,A,CC#CCC(C)[C@H](O)/C=C/[C@@H]1[C@H]2C/C(=C/CCCC(=O)O)C[C@H]2C[C@H]1O,67.0,mL.min-1.kg-1,species_only_dog
5079342,CHEMBL1614677,CHEMBL19019,CL,mL.min-1.kg-1,=,90.0,CHEMBL612558,,Clearance in dog after iv administration,A,O=C1CC[C@@]2(O)[C@H]3Cc4ccc(O)c5c4[C@@]2(CCN3CC2CC2)[C@H]1O5,90.0,mL.min-1.kg-1,species_only_dog
5079352,CHEMBL1614677,CHEMBL370805,CL,mL.min-1.kg-1,=,102.0,CHEMBL612558,,Clearance in dog after iv administration,A,COC(=O)[C@H]1[C@@H](OC(=O)c2ccccc2)C[C@@H]2CC[C@H]1N2C,102.0,mL.min-1.kg-1,species_only_dog
5079394,CHEMBL1614677,CHEMBL6622,CL,mL.min-1.kg-1,=,180.0,CHEMBL612558,,Clearance in dog after iv administration,A,O=[N+]([O-])O[C@H]1CO[C@H]2[C@@H]1OC[C@H]2O[N+](=O)[O-],180.0,mL.min-1.kg-1,species_only_dog
5079535,CHEMBL1614677,CHEMBL154,CL,mL.min-1.kg-1,=,0.04,CHEMBL612558,,Clearance in dog after iv administration,A,COc1ccc2cc([C@H](C)C(=O)O)ccc2c1,0.04,mL.min-1.kg-1,species_only_dog
5079537,CHEMBL1614677,CHEMBL20634,CL,mL.min-1.kg-1,=,0.04,CHEMBL612558,,Clearance in dog after iv administration,A,CN1C(C(=O)Nc2nccs2)=C(O)c2ccccc2S1(=O)=O,0.04,mL.min-1.kg-1,species_only_dog
5079587,CHEMBL1614677,CHEMBL267345,CL,mL.min-1.kg-1,=,0.1,CHEMBL612558,,Clearance in dog after iv administration,A,C[C@@H]1[C@H](O)[C@@H](C)/C=C/C=C/C=C/C=C/C=C/C=C/C=C/[C@H](O[C@@H]2O[C@H](C)[C@@H](O)[C@H](N)[C@@H]2O)C[C@@H]2O[C@](O)(C[C@@H](O)C[C@@H](O)[C@H](O)CC[C@@H](O)C[C@@H](O)CC(=O)O[C@H]1C)C[C@H](O)[C@H]2C(=O)O,0.1,mL.min-1.kg-1,species_only_dog
5079943,CHEMBL1614677,CHEMBL6,CL,mL.min-1.kg-1,=,0.002,CHEMBL612558,,Clearance in dog after iv administration,A,COc1ccc2c(c1)c(CC(=O)O)c(C)n2C(=O)c1ccc(Cl)cc1,0.002,mL.min-1.kg-1,species_only_dog
5080151,CHEMBL1614677,CHEMBL1464,CL,mL.min-1.kg-1,=,0.3,CHEMBL612558,,Clearance in dog after iv administration,A,CC(=O)CC(c1ccccc1)c1c(O)c2ccccc2oc1=O,0.3,mL.min-1.kg-1,species_only_dog
5080273,CHEMBL1614677,CHEMBL265325,CL,mL.min-1.kg-1,=,0.4,CHEMBL612558,,Clearance in dog after iv administration,A,NC1(C(=O)O)CC1,0.4,mL.min-1.kg-1,species_only_dog
5080293,CHEMBL1614677,CHEMBL696,CL,mL.min-1.kg-1,=,0.42,CHEMBL612558,,Clearance in dog after iv administration,A,CCC1(C)CC(=O)NC1=O,0.42,mL.min-1.kg-1,species_only_dog
5080364,CHEMBL1614677,CHEMBL1350,CL,mL.min-1.kg-1,=,0.5,CHEMBL612558,,Clearance in dog after iv administration,A,O=P(O)(O)C(Sc1ccc(Cl)cc1)P(=O)(O)O,0.5,mL.min-1.kg-1,species_only_dog
5081078,CHEMBL1614677,CHEMBL34259,CL,mL.min-1.kg-1,=,1.2,CHEMBL612558,,Clearance in dog after iv administration,A,CN(Cc1cnc2nc(N)nc(N)c2n1)c1ccc(C(=O)N[C@@H](CCC(=O)O)C(=O)O)cc1,1.2,mL.min-1.kg-1,species_only_dog
5081109,CHEMBL1614677,CHEMBL1231101,CL,mL.min-1.kg-1,=,1.3,CHEMBL612558,,Clearance in dog after iv administration,A,N[C@H](C(=O)O)[C@@H]1CC(Cl)=NO1,1.3,mL.min-1.kg-1,species_only_dog
5081138,CHEMBL1614677,CHEMBL469,CL,mL.min-1.kg-1,=,1.3,CHEMBL612558,,Clearance in dog after iv administration,A,O=C(c1ccccc1)c1ccc2n1CCC2C(=O)O,1.3,mL.min-1.kg-1,species_only_dog
5081306,CHEMBL1614677,CHEMBL139,CL,mL.min-1.kg-1,=,1.6,CHEMBL612558,,Clearance in dog after iv administration,A,O=C(O)Cc1ccccc1Nc1c(Cl)cccc1Cl,1.6,mL.min-1.kg-1,species_only_dog
5081310,CHEMBL1614677,CHEMBL6273,CL,mL.min-1.kg-1,=,1.6,CHEMBL612558,,Clearance in dog after iv administration,A,CN1CCN(c2c(F)cc3c(=O)c(C(=O)O)cn(CCF)c3c2F)CC1,1.6,mL.min-1.kg-1,species_only_dog
5081559,CHEMBL1614677,CHEMBL113,CL,mL.min-1.kg-1,=,2.1,CHEMBL612558,,Clearance in dog after iv administration,A,Cn1c(=O)c2c(ncn2C)n(C)c1=O,2.1,mL.min-1.kg-1,species_only_dog
5081594,CHEMBL1614677,CHEMBL44793,CL,mL.min-1.kg-1,=,2.1,CHEMBL612558,,Clearance in dog after iv administration,A,O=C(/C=C/c1c(C(=O)O)[nH]c2cc(Cl)cc(Cl)c12)Nc1ccccc1,2.1,mL.min-1.kg-1,species_only_dog
5081599,CHEMBL1614677,CHEMBL186,CL,mL.min-1.kg-1,=,2.2,CHEMBL612558,,Clearance in dog after iv administration,A,CO/N=C(\C(=O)N[C@@H]1C(=O)N2C(C(=O)[O-])=C(C[N+]3(C)CCCC3)CS[C@H]12)c1csc(N)n1,2.2,mL.min-1.kg-1,species_only_dog
5081644,CHEMBL1614677,CHEMBL1200357,CL,mL.min-1.kg-1,=,2.2,CHEMBL612558,,Clearance in dog after iv administration,A,CO[C@@]1(NC(=O)C(C(=O)[O-])c2ccc(O)cc2)C(=O)N2C(C(=O)[O-])=C(CSc3nnnn3C)CO[C@@H]21.[Na+].[Na+],2.2,mL.min-1.kg-1,species_only_dog
5081655,CHEMBL1614677,CHEMBL940,CL,mL.min-1.kg-1,=,2.3,CHEMBL612558,,Clearance in dog after iv administration,A,NCC1(CC(=O)O)CCCCC1,2.3,mL.min-1.kg-1,species_only_dog
5081726,CHEMBL1614685,CHEMBL215303,CL,mL.min-1.kg-1,=,2.4,CHEMBL612558,,Clearance in dog after iv administration,A,C[C@H]1NCc2cc(-c3ccc4c(=O)c(C(=O)O)cn(C5CC5)c4c3OC(F)F)ccc21,2.4,mL.min-1.kg-1,species_only_dog
5081815,CHEMBL1614685,CHEMBL4,CL,mL.min-1.kg-1,=,2.65,CHEMBL612558,,Clearance in dog after iv administration,A,CC1COc2c(N3CCN(C)CC3)c(F)cc3c(=O)c(C(=O)O)cn1c23,2.65,mL.min-1.kg-1,species_only_dog
5081838,CHEMBL1614677,CHEMBL53624,CL,mL.min-1.kg-1,=,2.7,CHEMBL612558,,Clearance in dog after iv administration,A,Nc1nc(/C(=N/O)C(=O)N[C@@H]2C(=O)N3C(C(=O)O)=C(/C=C4\CCN(CC(F)(F)F)C4=O)CS[C@H]23)cs1,2.7,mL.min-1.kg-1,species_only_dog
5081857,CHEMBL1614677,CHEMBL108358,CL,mL.min-1.kg-1,=,2.8,CHEMBL612558,,Clearance in dog after iv administration,A,NC(=O)c1csc([C@@H]2O[C@H](CO)[C@@H](O)[C@H]2O)n1,2.8,mL.min-1.kg-1,species_only_dog
5081860,CHEMBL1614677,CHEMBL16,CL,mL.min-1.kg-1,=,2.8,CHEMBL612558,,Clearance in dog after iv administration,A,O=C1NC(=O)C(c2ccccc2)(c2ccccc2)N1,2.8,mL.min-1.kg-1,species_only_dog
5081878,CHEMBL1614677,CHEMBL695,CL,mL.min-1.kg-1,=,2.9,CHEMBL612558,,Clearance in dog after iv administration,A,CN1C(=O)OC(C)(C)C1=O,2.9,mL.min-1.kg-1,species_only_dog
5081907,CHEMBL1614677,CHEMBL109,CL,mL.min-1.kg-1,=,3.0,CHEMBL612558,,Clearance in dog after iv administration,A,CCCC(CCC)C(=O)O,3.0,mL.min-1.kg-1,species_only_dog
5081910,CHEMBL1614677,CHEMBL1276663,CL,mL.min-1.kg-1,=,3.0,CHEMBL612558,,Clearance in dog after iv administration,A,CO/N=C(\C(=O)N[C@@H]1C(=O)N2C(C(=O)[O-])=C(C[n+]3ccn4ncccc43)CS[C@H]12)c1nsc(N)n1,3.0,mL.min-1.kg-1,species_only_dog
5081926,CHEMBL1614685,CHEMBL266510,CL,mL.min-1.kg-1,=,3.1,CHEMBL612558,,Clearance in dog after iv administration,A,COc1ccc(Cl)cc1[C@]1(F)C(=O)Nc2cc(C(F)(F)F)ccc21,3.1,mL.min-1.kg-1,species_only_dog
5081978,CHEMBL1614677,CHEMBL528,CL,mL.min-1.kg-1,=,3.3,CHEMBL612558,,Clearance in dog after iv administration,A,CO/N=C(\C(=O)N[C@@H]1C(=O)N2C(C(=O)O)=CCS[C@H]12)c1csc(N)n1,3.3,mL.min-1.kg-1,species_only_dog
5082033,CHEMBL1614677,CHEMBL1435,CL,mL.min-1.kg-1,=,3.5,CHEMBL612558,,Clearance in dog after iv administration,A,Cc1nnc(SCC2=C(C(=O)O)N3C(=O)[C@@H](NC(=O)Cn4cnnn4)[C@H]3SC2)s1,3.5,mL.min-1.kg-1,species_only_dog
5082077,CHEMBL1614677,CHEMBL1614665,CL,mL.min-1.kg-1,=,3.6,CHEMBL612558,,Clearance in dog after iv administration,A,CO/N=C(\C(=O)N[C@@H]1C(=O)N2C(C(=O)[O-])=C(C[N+]34CCC(C(N)=O)(CC3)CC4)CS[C@H]12)c1nsc(N)n1,3.6,mL.min-1.kg-1,species_only_dog
5082088,CHEMBL1614677,CHEMBL32,CL,mL.min-1.kg-1,=,3.7,CHEMBL612558,,Clearance in dog after iv administration,A,COc1c(N2C[C@@H]3CCCN[C@@H]3C2)c(F)cc2c(=O)c(C(=O)O)cn(C3CC3)c12,3.7,mL.min-1.kg-1,species_only_dog
5082099,CHEMBL1614677,CHEMBL385181,CL,mL.min-1.kg-1,=,3.7,CHEMBL612558,,Clearance in dog after iv administration,A,NC(=O)c1cc[n+](COC[n+]2ccccc2/C=N/O)cc1,3.7,mL.min-1.kg-1,species_only_dog
5082124,CHEMBL1614677,CHEMBL6231,CL,mL.min-1.kg-1,=,3.8,CHEMBL612558,,Clearance in dog after iv administration,A,CNn1cc(C(=O)O)c(=O)c2cc(F)c(N3CCN(C)CC3)cc21,3.8,mL.min-1.kg-1,species_only_dog
5082135,CHEMBL1614677,CHEMBL481,CL,mL.min-1.kg-1,=,3.9,CHEMBL612558,,Clearance in dog after iv administration,A,CCc1c2c(nc3ccc(OC(=O)N4CCC(N5CCCCC5)CC4)cc13)-c1cc3c(c(=O)n1C2)COC(=O)[C@]3(O)CC,3.9,mL.min-1.kg-1,species_only_dog
5082148,CHEMBL1614677,CHEMBL474579,CL,mL.min-1.kg-1,=,4.0,CHEMBL612558,,Clearance in dog after iv administration,A,CO[C@@]1(NC(=O)C2SC(=C(C(N)=O)C(=O)O)S2)C(=O)N2C(C(=O)O)=C(CSc3nnnn3C)CS[C@@H]21,4.0,mL.min-1.kg-1,species_only_dog
5082150,CHEMBL1614677,CHEMBL161,CL,mL.min-1.kg-1,=,4.0,CHEMBL612558,,Clearance in dog after iv administration,A,CO/N=C(\C(=O)N[C@@H]1C(=O)N2C(C(=O)O)=C(CSc3nc(=O)c(O)nn3C)CS[C@H]12)c1csc(N)n1,4.0,mL.min-1.kg-1,species_only_dog
5082162,CHEMBL1614677,CHEMBL127,CL,mL.min-1.kg-1,=,4.0,CHEMBL612558,,Clearance in dog after iv administration,A,C[C@@H](O)[C@H]1C(=O)N2C(C(=O)O)=C(S[C@@H]3CN[C@H](C(=O)N(C)C)C3)[C@H](C)[C@H]12,4.0,mL.min-1.kg-1,species_only_dog
5082178,CHEMBL1614677,CHEMBL15177,CL,mL.min-1.kg-1,=,4.0,CHEMBL612558,,Clearance in dog after iv administration,A,CN(C)C(=O)CCSC(SCCC(=O)O)c1cccc(/C=C/c2ccc3ccc(Cl)cc3n2)c1,4.0,mL.min-1.kg-1,species_only_dog
5082184,CHEMBL1614677,CHEMBL2303613,CL,mL.min-1.kg-1,=,4.1,CHEMBL612558,,Clearance in dog after iv administration,A,CO/N=C(\C(=O)N[C@@H]1C(=O)N2C(C(=O)O)=C(CSc3nc(C)c(CC(=O)O)s3)CS[C@H]12)c1csc(N)n1,4.1,mL.min-1.kg-1,species_only_dog
5082334,CHEMBL1614677,CHEMBL339323,CL,mL.min-1.kg-1,=,4.9,CHEMBL612558,,Clearance in dog after iv administration,A,CC(=N)N1CC[C@H](SC2=C(C(=O)O)N3C(=O)[C@H]([C@@H](C)O)[C@H]3C2)C1,4.9,mL.min-1.kg-1,species_only_dog
5082336,CHEMBL1614685,CHEMBL22242,CL,mL.min-1.kg-1,=,4.9,CHEMBL612558,,Clearance in dog after iv administration,A,CCN1CCC[C@H]1CNC(=O)c1c(OC)ccc(Br)c1OC,4.9,mL.min-1.kg-1,species_only_dog
5082345,CHEMBL1614677,CHEMBL2220442,CL,mL.min-1.kg-1,=,5.0,CHEMBL612558,,Clearance in dog after iv administration,A,CC(C)n1c(/C=C/C(O)CC(O)CC(=O)O)c(-c2ccc(F)cc2)c2ccccc21,5.0,mL.min-1.kg-1,species_only_dog
5082350,CHEMBL1614677,CHEMBL1294,CL,mL.min-1.kg-1,=,5.0,CHEMBL612558,,Clearance in dog after iv administration,A,C=C[C@H]1CN2CC[C@H]1C[C@@H]2[C@@H](O)c1ccnc2ccc(OC)cc12,5.0,mL.min-1.kg-1,species_only_dog
5082356,CHEMBL1614677,CHEMBL15413,CL,mL.min-1.kg-1,=,5.0,CHEMBL612558,,Clearance in dog after iv administration,A,CO[C@@]1(NC(=O)CSC(F)F)C(=O)N2C(C(=O)O)=C(CSc3nnnn3CCO)CO[C@@H]21,5.0,mL.min-1.kg-1,species_only_dog
5082372,CHEMBL1614677,CHEMBL1201204,CL,mL.min-1.kg-1,=,5.1,CHEMBL612558,,Clearance in dog after iv administration,A,Cc1cc(O)c(C(=O)N[C@@H](C(=O)N[C@@H]2C(=O)N3C(C(=O)O)=C(CSc4nnnn4C)CS[C@H]23)c2ccc(O)cc2)cn1,5.1,mL.min-1.kg-1,species_only_dog
5082391,CHEMBL1614677,CHEMBL1628161,CL,mL.min-1.kg-1,=,5.2,CHEMBL612558,,Clearance in dog after iv administration,A,C#C[C@]1(O)CC[C@H]2[C@@H]3CCc4cc(O)ccc4[C@H]3[C@@H](OC)C[C@@]21C,5.2,mL.min-1.kg-1,species_only_dog
5082394,CHEMBL1614677,CHEMBL1201195,CL,mL.min-1.kg-1,=,5.3,CHEMBL612558,,Clearance in dog after iv administration,A,CO[C@@]1(NC(=O)CSCC#N)C(=O)N2C(C(=O)O)=C(CSc3nnnn3C)CS[C@@H]21,5.3,mL.min-1.kg-1,species_only_dog
5082420,CHEMBL1614685,CHEMBL145085,CL,mL.min-1.kg-1,=,5.4,CHEMBL612558,,Clearance in dog after iv administration,A,COc1ccc([C@H](CC(=O)O)N2CCN(CCCc3ccc4c(n3)NCCC4)C2=O)cn1,5.4,mL.min-1.kg-1,species_only_dog
5082422,CHEMBL1614677,CHEMBL277474,CL,mL.min-1.kg-1,=,5.5,CHEMBL612558,,Clearance in dog after iv administration,A,Cc1cc(=O)n(-c2ccccc2)n1C,5.5,mL.min-1.kg-1,species_only_dog
5082458,CHEMBL1614677,CHEMBL184,CL,mL.min-1.kg-1,=,5.8,CHEMBL612558,,Clearance in dog after iv administration,A,Nc1nc2c(ncn2COCCO)c(=O)[nH]1,5.8,mL.min-1.kg-1,species_only_dog
5082460,CHEMBL1614677,CHEMBL507674,CL,mL.min-1.kg-1,=,5.8,CHEMBL612558,,Clearance in dog after iv administration,A,CCN1CCN(C(=O)N[C@@H](C(=O)N[C@@H]2C(=O)N3C(C(=O)O)=C(CSc4nnnn4C)CS[C@H]23)c2ccc(O)cc2)C(=O)C1=O,5.8,mL.min-1.kg-1,species_only_dog
5082488,CHEMBL1614677,CHEMBL432103,CL,mL.min-1.kg-1,=,6.0,CHEMBL612558,,Clearance in dog after iv administration,A,CC1CCCC(C)N1CCCC(O)(c1ccccc1)c1ccccn1,6.0,mL.min-1.kg-1,species_only_dog
5082509,CHEMBL1614677,CHEMBL285347,CL,mL.min-1.kg-1,=,6.2,CHEMBL612558,,Clearance in dog after iv administration,A,C[C@@H](O)[C@H]1C(=O)N2C(C(=O)[O-])=C(SC3Cn4cnc[n+]4C3)[C@H](C)[C@H]12,6.2,mL.min-1.kg-1,species_only_dog
5082548,CHEMBL1614677,CHEMBL1614666,CL,mL.min-1.kg-1,=,6.5,CHEMBL612558,,Clearance in dog after iv administration,A,COc1cccc2c1C(=O)c1cc3c(c(O)c1C2=O)C[C@@](O)(C(=O)CO)C[C@@H]3O[C@H]1CC(N)C(I)C(C)O1,6.5,mL.min-1.kg-1,species_only_dog
5082566,CHEMBL1614677,CHEMBL408,CL,mL.min-1.kg-1,=,6.6,CHEMBL612558,,Clearance in dog after iv administration,A,Cc1c(C)c2c(c(C)c1O)CCC(C)(COc1ccc(CC3SC(=O)NC3=O)cc1)O2,6.6,mL.min-1.kg-1,species_only_dog
5082603,CHEMBL1614677,CHEMBL1311,CL,mL.min-1.kg-1,=,6.9,CHEMBL612558,,Clearance in dog after iv administration,A,O=[N+]([O-])O[C@@H]1CO[C@H]2[C@@H]1OC[C@@H]2O,6.9,mL.min-1.kg-1,species_only_dog
5082615,CHEMBL1614677,CHEMBL108111,CL,mL.min-1.kg-1,=,7.0,CHEMBL612558,,Clearance in dog after iv administration,A,N=C(N)c1ccc(C(=O)N[C@@H](Cc2ccc(O)cc2)C(=O)N2CCC(OCC(=O)O)CC2)cc1,7.0,mL.min-1.kg-1,species_only_dog
5082624,CHEMBL1614677,CHEMBL504802,CL,mL.min-1.kg-1,=,7.0,CHEMBL612558,,Clearance in dog after iv administration,A,O=C(O)C[C@H](NC(=O)CP(=O)(O)O)C(=O)O,7.0,mL.min-1.kg-1,species_only_dog
5082687,CHEMBL1614677,CHEMBL70088,CL,mL.min-1.kg-1,=,7.7,CHEMBL612558,,Clearance in dog after iv administration,A,C[C@@H](O)[C@H]1C(=O)N2C(C(=O)O)=C(COC(N)=O)S[C@H]12,7.7,mL.min-1.kg-1,species_only_dog
5082716,CHEMBL1614677,CHEMBL1231530,CL,mL.min-1.kg-1,=,8.0,CHEMBL612558,,Clearance in dog after iv administration,A,O=C(O)CCNC(=O)c1ccccc1,8.0,mL.min-1.kg-1,species_only_dog
5082749,CHEMBL1614677,CHEMBL306713,CL,mL.min-1.kg-1,=,8.3,CHEMBL612558,,Clearance in dog after iv administration,A,C[C@@H](O)[C@H]1C(=O)N2C(C(=O)O)=C(SCCOC(N)=O)S[C@H]12,8.3,mL.min-1.kg-1,species_only_dog
5082803,CHEMBL1614677,CHEMBL286259,CL,mL.min-1.kg-1,=,9.0,CHEMBL612558,,Clearance in dog after iv administration,A,CC1=NC(=O)C(CCN(C(C)C)C(C)C)(c2ccccc2)C2CCCCN12,9.0,mL.min-1.kg-1,species_only_dog
5082871,CHEMBL1614677,CHEMBL428,CL,mL.min-1.kg-1,=,9.7,CHEMBL612558,,Clearance in dog after iv administration,A,N[C@@H]1[C@H]2CN(c3nc4c(cc3F)c(=O)c(C(=O)O)cn4-c3ccc(F)cc3F)C[C@@H]12,9.7,mL.min-1.kg-1,species_only_dog
5082876,CHEMBL1614677,CHEMBL90555,CL,mL.min-1.kg-1,=,9.8,CHEMBL612558,,Clearance in dog after iv administration,A,CC[C@]1(O)C[C@H]2CN(CCc3c([nH]c4ccccc34)[C@@](C(=O)OC)(c3cc4c(cc3OC)N(C=O)[C@H]3[C@@](O)(C(=O)OC)[C@H](OC(C)=O)[C@]5(CC)C=CCN6CC[C@]43[C@@H]65)C2)C1,9.8,mL.min-1.kg-1,species_only_dog
5082894,CHEMBL1614677,CHEMBL1560,CL,mL.min-1.kg-1,=,10.0,CHEMBL612558,,Clearance in dog after iv administration,A,C[C@H](CS)C(=O)N1CCC[C@H]1C(=O)O,10.0,mL.min-1.kg-1,species_only_dog
5082930,CHEMBL1614685,CHEMBL280378,CL,mL.min-1.kg-1,=,10.7,CHEMBL612558,,Clearance in dog after iv administration,A,CCOc1cc(Cc2cnc(N)nc2N)cc(OCC)c1-n1cccc1,10.7,mL.min-1.kg-1,species_only_dog
5082933,CHEMBL1614677,CHEMBL158,CL,mL.min-1.kg-1,=,11.0,CHEMBL612558,,Clearance in dog after iv administration,A,C[C@H]1[C@H](NC(=O)/C(=N\OC(C)(C)C(=O)O)c2csc(N)n2)C(=O)N1S(=O)(=O)O,11.0,mL.min-1.kg-1,species_only_dog
5082938,CHEMBL1614677,CHEMBL452,CL,mL.min-1.kg-1,=,11.0,CHEMBL612558,,Clearance in dog after iv administration,A,O=C1CN=C(c2ccccc2Cl)c2cc([N+](=O)[O-])ccc2N1,11.0,mL.min-1.kg-1,species_only_dog
5082998,CHEMBL1614677,CHEMBL114715,CL,mL.min-1.kg-1,=,11.0,CHEMBL612558,,Clearance in dog after iv administration,A,N=C(N)NCCCNC(=O)[C@@H]1CCCCN1C(=O)[C@@H](CC1CCCCC1)NCC(=O)O,11.0,mL.min-1.kg-1,species_only_dog
5083000,CHEMBL1614677,CHEMBL17125,CL,mL.min-1.kg-1,=,11.0,CHEMBL612558,,Clearance in dog after iv administration,A,Cc1nc(=O)c(C#N)c(NCc2cccnc2)[nH]1,11.0,mL.min-1.kg-1,species_only_dog
5083030,CHEMBL1614677,CHEMBL35,CL,mL.min-1.kg-1,=,12.0,CHEMBL612558,,Clearance in dog after iv administration,A,NS(=O)(=O)c1cc(C(=O)O)c(NCc2ccco2)cc1Cl,12.0,mL.min-1.kg-1,species_only_dog
5083076,CHEMBL1614685,CHEMBL193,CL,mL.min-1.kg-1,=,12.3,CHEMBL612558,,Clearance in dog after iv administration,A,COC(=O)C1=C(C)NC(C)=C(C(=O)OC)C1c1ccccc1[N+](=O)[O-],12.3,mL.min-1.kg-1,species_only_dog
5083078,CHEMBL1614677,CHEMBL1512,CL,mL.min-1.kg-1,=,12.9,CHEMBL612558,,Clearance in dog after iv administration,A,CC1(C)O[C@@H]2C[C@H]3[C@@H]4C[C@H](F)C5=CC(=O)C=C[C@]5(C)[C@H]4[C@@H](O)C[C@]3(C)[C@]2(C(=O)CO)O1,12.9,mL.min-1.kg-1,species_only_dog
5083108,CHEMBL1614677,CHEMBL551786,CL,mL.min-1.kg-1,=,13.0,CHEMBL612558,,Clearance in dog after iv administration,A,Cc1cccc(C)c1NC(=O)NCCCNC(C)C,13.0,mL.min-1.kg-1,species_only_dog
5083125,CHEMBL1614677,CHEMBL549,CL,mL.min-1.kg-1,=,14.0,CHEMBL612558,,Clearance in dog after iv administration,A,CN(C)CCCC1(c2ccc(F)cc2)OCc2cc(C#N)ccc21,14.0,mL.min-1.kg-1,species_only_dog
5083169,CHEMBL1614677,CHEMBL129,CL,mL.min-1.kg-1,=,14.0,CHEMBL612558,,Clearance in dog after iv administration,A,Cc1cn([C@H]2C[C@H](N=[N+]=[N-])[C@@H](CO)O2)c(=O)[nH]c1=O,14.0,mL.min-1.kg-1,species_only_dog
5083175,CHEMBL1614685,CHEMBL633,CL,mL.min-1.kg-1,=,14.7,CHEMBL612558,,Clearance in dog after iv administration,A,CCCCc1oc2ccccc2c1C(=O)c1cc(I)c(OCCN(CC)CC)c(I)c1,14.7,mL.min-1.kg-1,species_only_dog
5083209,CHEMBL1614685,CHEMBL1276308,CL,mL.min-1.kg-1,=,15.6,CHEMBL612558,,Clearance in dog after iv administration,A,CC#C[C@]1(O)CC[C@H]2[C@@H]3CCC4=CC(=O)CCC4=C3[C@@H](c3ccc(N(C)C)cc3)C[C@@]21C,15.6,mL.min-1.kg-1,species_only_dog
5083259,CHEMBL1614677,CHEMBL53463,CL,mL.min-1.kg-1,=,17.0,CHEMBL612558,,Clearance in dog after iv administration,A,COc1cccc2c1C(=O)c1c(O)c3c(c(O)c1C2=O)C[C@@](O)(C(=O)CO)C[C@@H]3O[C@H]1C[C@H](N)[C@H](O)[C@H](C)O1,17.0,mL.min-1.kg-1,species_only_dog
5083288,CHEMBL1614677,CHEMBL8,CL,mL.min-1.kg-1,=,18.0,CHEMBL612558,,Clearance in dog after iv administration,A,O=C(O)c1cn(C2CC2)c2cc(N3CCNCC3)c(F)cc2c1=O,18.0,mL.min-1.kg-1,species_only_dog
5083316,CHEMBL1614677,CHEMBL1009,CL,mL.min-1.kg-1,=,19.0,CHEMBL612558,,Clearance in dog after iv administration,A,N[C@@H](Cc1ccc(O)c(O)c1)C(=O)O,19.0,mL.min-1.kg-1,species_only_dog
5083322,CHEMBL1614677,CHEMBL634,CL,mL.min-1.kg-1,=,19.0,CHEMBL612558,,Clearance in dog after iv administration,A,CCC(=O)N(c1ccccc1)C1(COC)CCN(CCn2nnn(CC)c2=O)CC1,19.0,mL.min-1.kg-1,species_only_dog
5083326,CHEMBL1614685,CHEMBL1480,CL,mL.min-1.kg-1,=,19.5,CHEMBL612558,,Clearance in dog after iv administration,A,CCOC(=O)C1=C(C)NC(C)=C(C(=O)OC)C1c1cccc(Cl)c1Cl,19.5,mL.min-1.kg-1,species_only_dog
5083329,CHEMBL1614677,CHEMBL88,CL,mL.min-1.kg-1,=,20.0,CHEMBL612558,,Clearance in dog after iv administration,A,O=P1(N(CCCl)CCCl)NCCCO1,20.0,mL.min-1.kg-1,species_only_dog
5083343,CHEMBL1614685,CHEMBL553025,CL,mL.min-1.kg-1,=,20.0,CHEMBL612558,,Clearance in dog after iv administration,A,CCC1=C[C@@H]2CN(C1)Cc1c([nH]c3ccccc13)[C@@](C(=O)OC)(c1cc3c(cc1OC)N(C)[C@H]1[C@@](O)(C(=O)OC)[C@H](OC(C)=O)[C@]4(CC)C=CCN5CC[C@]31[C@@H]54)C2,20.0,mL.min-1.kg-1,species_only_dog
5083348,CHEMBL1614677,CHEMBL1614646,CL,mL.min-1.kg-1,=,20.0,CHEMBL612558,,Clearance in dog after iv administration,A,Cc1cccnc1NS(=O)(=O)c1ccc(C#Cc2ccc(O)c(C(=O)O)c2)cc1,20.0,mL.min-1.kg-1,species_only_dog
5083354,CHEMBL1614677,CHEMBL532,CL,mL.min-1.kg-1,=,21.0,CHEMBL612558,,Clearance in dog after iv administration,A,CC[C@H]1OC(=O)[C@H](C)[C@@H](O[C@H]2C[C@@](C)(OC)[C@@H](O)[C@H](C)O2)[C@H](C)[C@@H](O[C@@H]2O[C@H](C)C[C@H](N(C)C)[C@H]2O)[C@](C)(O)C[C@@H](C)C(=O)[C@H](C)[C@@H](O)[C@]1(C)O,21.0,mL.min-1.kg-1,species_only_dog
5083362,CHEMBL1614677,CHEMBL1614669,CL,mL.min-1.kg-1,=,21.0,CHEMBL612558,,Clearance in dog after iv administration,A,Cn1cc(/C=C2/C(=O)N3C(C(=O)O)=CS[C@H]23)nn1,21.0,mL.min-1.kg-1,species_only_dog
5083377,CHEMBL1614677,CHEMBL141,CL,mL.min-1.kg-1,=,22.0,CHEMBL612558,,Clearance in dog after iv administration,A,Nc1ccn([C@@H]2CS[C@H](CO)O2)c(=O)n1,22.0,mL.min-1.kg-1,species_only_dog
5083386,CHEMBL1614677,CHEMBL159,CL,mL.min-1.kg-1,=,22.0,CHEMBL612558,,Clearance in dog after iv administration,A,CC[C@]1(O)C[C@@H]2CN(CCc3c([nH]c4ccccc34)[C@@](C(=O)OC)(c3cc4c(cc3OC)N(C)[C@H]3[C@@](O)(C(=O)OC)[C@H](OC(C)=O)[C@]5(CC)C=CCN6CC[C@]43[C@@H]65)C2)C1,22.0,mL.min-1.kg-1,species_only_dog
5083388,CHEMBL1614677,CHEMBL6466,CL,mL.min-1.kg-1,=,22.0,CHEMBL612558,,Clearance in dog after iv administration,A,O=c1ccc2ccccc2o1,22.0,mL.min-1.kg-1,species_only_dog
5083394,CHEMBL1614677,CHEMBL1460,CL,mL.min-1.kg-1,=,23.0,CHEMBL612558,,Clearance in dog after iv administration,A,O=c1[nH]cnc2c1ncn2[C@H]1CC[C@@H](CO)O1,23.0,mL.min-1.kg-1,species_only_dog
5083400,CHEMBL1614677,CHEMBL13,CL,mL.min-1.kg-1,=,23.0,CHEMBL612558,,Clearance in dog after iv administration,A,COCCc1ccc(OCC(O)CNC(C)C)cc1,23.0,mL.min-1.kg-1,species_only_dog
5083435,CHEMBL1614677,CHEMBL691,CL,mL.min-1.kg-1,=,25.0,CHEMBL612558,,Clearance in dog after iv administration,A,C#C[C@]1(O)CC[C@H]2[C@@H]3CCc4cc(O)ccc4[C@H]3CC[C@@]21C,25.0,mL.min-1.kg-1,species_only_dog
5083444,CHEMBL1614677,CHEMBL31601,CL,mL.min-1.kg-1,=,25.0,CHEMBL612558,,Clearance in dog after iv administration,A,CC(C)(C)S(=O)(=O)C[C@@H](Cc1ccccc1)C(=O)N[C@@H](Cc1c[nH]cn1)C(=O)N[C@@H](CC1CCCCC1)[C@@H](O)[C@@H](O)C1CC1,25.0,mL.min-1.kg-1,species_only_dog
5083464,CHEMBL1614685,CHEMBL1101,CL,mL.min-1.kg-1,=,27.0,CHEMBL612558,,Clearance in dog after iv administration,A,OC(CCN1CCCCC1)(c1ccccc1)C1CC2C=CC1C2,27.0,mL.min-1.kg-1,species_only_dog
5083469,CHEMBL1614685,CHEMBL655,CL,mL.min-1.kg-1,=,27.0,CHEMBL612558,,Clearance in dog after iv administration,A,Cc1ncc2n1-c1ccc(Cl)cc1C(c1ccccc1F)=NC2,27.0,mL.min-1.kg-1,species_only_dog
5083472,CHEMBL1614677,CHEMBL635,CL,mL.min-1.kg-1,=,27.0,CHEMBL612558,,Clearance in dog after iv administration,A,C[C@]12C=CC(=O)C=C1CC[C@@H]1[C@@H]2C(=O)C[C@@]2(C)[C@H]1CC[C@]2(O)C(=O)CO,27.0,mL.min-1.kg-1,species_only_dog
5083476,CHEMBL1614677,CHEMBL3037806,CL,mL.min-1.kg-1,=,27.0,CHEMBL612558,,Clearance in dog after iv administration,A,O=C(OC1C[C@@H]2CC3C[C@@H](C1)N2CC3O)c1c[nH]c2ccccc12,27.0,mL.min-1.kg-1,species_only_dog
5083482,CHEMBL1614677,CHEMBL325166,CL,mL.min-1.kg-1,=,28.0,CHEMBL612558,,Clearance in dog after iv administration,A,N=C(N)N1CCC[C@@H](CNC(=O)C[C@H](NS(=O)(=O)c2ccc3ccccc3c2)C(=O)N(CC(=O)O)C2CC2)C1,28.0,mL.min-1.kg-1,species_only_dog
5083491,CHEMBL1614677,CHEMBL517,CL,mL.min-1.kg-1,=,29.0,CHEMBL612558,,Clearance in dog after iv administration,A,CC(C)N(CCC(C(N)=O)(c1ccccc1)c1ccccn1)C(C)C,29.0,mL.min-1.kg-1,species_only_dog
5083509,CHEMBL1614685,CHEMBL631,CL,mL.min-1.kg-1,=,30.8,CHEMBL612558,,Clearance in dog after iv administration,A,CCCNCC(O)COc1ccccc1C(=O)CCc1ccccc1,30.8,mL.min-1.kg-1,species_only_dog
5083532,CHEMBL1614677,CHEMBL13878,CL,mL.min-1.kg-1,=,32.0,CHEMBL612558,,Clearance in dog after iv administration,A,C#CCCCC(=O)c1cc(C(C)(C)C)c(O)c(C(C)(C)C)c1,32.0,mL.min-1.kg-1,species_only_dog
5083536,CHEMBL1614685,CHEMBL54,CL,mL.min-1.kg-1,=,32.9,CHEMBL612558,,Clearance in dog after iv administration,A,O=C(CCCN1CCC(O)(c2ccc(Cl)cc2)CC1)c1ccc(F)cc1,32.9,mL.min-1.kg-1,species_only_dog
5083555,CHEMBL1614677,CHEMBL1428,CL,mL.min-1.kg-1,=,34.0,CHEMBL612558,,Clearance in dog after iv administration,A,COCCOC(=O)C1=C(C)NC(C)=C(C(=O)OC(C)C)C1c1cccc([N+](=O)[O-])c1,34.0,mL.min-1.kg-1,species_only_dog
5083556,CHEMBL1614677,CHEMBL27,CL,mL.min-1.kg-1,=,34.0,CHEMBL612558,,Clearance in dog after iv administration,A,CC(C)NCC(O)COc1cccc2ccccc12,34.0,mL.min-1.kg-1,species_only_dog
5083570,CHEMBL1614677,CHEMBL596,CL,mL.min-1.kg-1,=,36.0,CHEMBL612558,,Clearance in dog after iv administration,A,CCC(=O)N(c1ccccc1)C1CCN(CCc2ccccc2)CC1,36.0,mL.min-1.kg-1,species_only_dog
5083573,CHEMBL1614685,CHEMBL311730,CL,mL.min-1.kg-1,=,36.7,CHEMBL612558,,Clearance in dog after iv administration,A,CCCN1CCC[C@@H](c2cccc(S(C)(=O)=O)c2)C1,36.7,mL.min-1.kg-1,species_only_dog
5083578,CHEMBL1614677,CHEMBL79,CL,mL.min-1.kg-1,=,37.0,CHEMBL612558,,Clearance in dog after iv administration,A,CCN(CC)CC(=O)Nc1c(C)cccc1C,37.0,mL.min-1.kg-1,species_only_dog
5087496,CHEMBL1635481,CHEMBL3215829,CL,mL.min-1.kg-1,=,60.0,CHEMBL373,Canis lupus familiaris,"Clearance in dog at 0.5 mg/kg, iv",A,Cc1ccc2c(N3CCN(CCc4cccc(N5CCNC5=O)c4)CC3)cccc2n1.Cl.Cl,60.0,mL.min-1.kg-1,species_only_dog
5109110,CHEMBL1641130,CHEMBL221959,CL,mL.min-1.kg-1,=,19.0,CHEMBL373,Canis lupus familiaris,"Clearance in Beagle dog at 3 mg/kg, iv",A,C[C@@H]1CCN(C(=O)CC#N)C[C@@H]1N(C)c1ncnc2[nH]ccc12,19.0,mL.min-1.kg-1,species_only_dog
5122536,CHEMBL1648987,CHEMBL1256683,CL,mL.min-1.kg-1,=,5.4,CHEMBL373,Canis lupus familiaris,Clearance in dog,A,C/C(=C\c1cc(F)c(OC[C@H](F)C2CC2)cc1F)C(=O)N[C@@H]1[C@H](O)[C@@H](O)[C@H]2OCO[C@H]2[C@@H]1O,5.4,mL.min-1.kg-1,species_only_dog
5125325,CHEMBL1645992,CHEMBL1645019,CL,mL.min-1.kg-1,=,3.0,CHEMBL373,Canis lupus familiaris,"Clearance in Beagle dog at 2 mg/kg, iv",A,COc1ccc(C(=O)N2CCN(c3ccccn3)CC2)cc1C#Cc1ccccn1,3.0,mL.min-1.kg-1,species_only_dog
5127532,CHEMBL1646295,CHEMBL1642546,CL,mL.min-1.kg-1,=,43.0,CHEMBL373,Canis lupus familiaris,"Clearance in dog at 2 mg/kg, iv",A,CCNc1nc2sc(-c3cccc([C@H](C)NC(C)=O)c3)nc2c2c1ncn2C,43.0,mL.min-1.kg-1,species_only_dog
5128511,CHEMBL1648871,CHEMBL1644183,CL,mL.min-1.kg-1,=,0.49,CHEMBL373,Canis lupus familiaris,"Plasma clearance in dog at 0.5 mg/kg, iv and 2 mg/kg, po",A,O=C(O)CCNC(=O)c1ccc(Cn2nc(-c3cc(Cl)cc(Cl)c3)cc2-c2ccc(OC(F)(F)F)cc2)cc1,0.49,mL.min-1.kg-1,species_only_dog
5130281,CHEMBL1647976,CHEMBL1643735,CL,mL.min-1.kg-1,=,5.6,CHEMBL373,Canis lupus familiaris,"Plasma clearance in dog at 1 mg/kg, iv and 3 mg/kg, po",A,CC(C)(C)NC(=O)Cn1c(-c2ccc(OC(F)(F)F)cc2)cc2cc(C(C)(C)C(=O)NC(C)(C)C)ccc21,5.6,mL.min-1.kg-1,species_only_dog
5135076,CHEMBL1645667,CHEMBL561132,CL,mL.min-1.kg-1,=,15.0,CHEMBL373,Canis lupus familiaris,"Clearance in Beagle dog at 1 mg/kg, po and 0.5 mg/kg, iv",A,CN([C@@H]1CCc2c(CC(=O)O)c3ccccc3n2C1)S(=O)(=O)c1ccc(F)cc1,15.0,mL.min-1.kg-1,species_only_dog
5137425,CHEMBL1646847,CHEMBL1644080,CL,mL.min-1.kg-1,=,13.3,CHEMBL373,Canis lupus familiaris,"Clearance in dog at 5 umol/kg, iv",A,NCc1ncccc1CN(Cc1nc2ccccc2[nH]1)[C@H]1CCCc2cccnc21,13.3,mL.min-1.kg-1,species_only_dog
5137426,CHEMBL1646847,CHEMBL1644081,CL,mL.min-1.kg-1,=,5.0,CHEMBL373,Canis lupus familiaris,"Clearance in dog at 5 umol/kg, iv",A,NCc1cscc1N(Cc1nc2ccccc2[nH]1)[C@H]1CCCc2cccnc21,5.0,mL.min-1.kg-1,species_only_dog
5137427,CHEMBL1646847,CHEMBL1644082,CL,mL.min-1.kg-1,=,3.7,CHEMBL373,Canis lupus familiaris,"Clearance in dog at 5 umol/kg, iv",A,NCc1cocc1N(Cc1nc2ccccc2[nH]1)[C@H]1CCCc2cccnc21,3.7,mL.min-1.kg-1,species_only_dog
5139274,CHEMBL1645830,CHEMBL204656,CL,mL.min-1.kg-1,=,10.0,CHEMBL373,Canis lupus familiaris,"Plasma clearance in Beagle dog at 1 mg/kg, iv",A,COc1cc2c(cc1Cc1cccc(Cl)c1F)c(=O)c(C(=O)O)cn2[C@H](CO)C(C)C,10.0,mL.min-1.kg-1,species_only_dog
5139275,CHEMBL1645830,CHEMBL1645572,CL,mL.min-1.kg-1,=,10.0,CHEMBL373,Canis lupus familiaris,"Plasma clearance in Beagle dog at 1 mg/kg, iv",A,CC(C)(C)[C@@H](CO)n1cc(C(=O)O)c(=O)c2cc(Cc3cccc(Cl)c3F)c(N3CCOCC3)nc21,10.0,mL.min-1.kg-1,species_only_dog
5139276,CHEMBL1645830,CHEMBL1645583,CL,mL.min-1.kg-1,=,15.5,CHEMBL373,Canis lupus familiaris,"Plasma clearance in Beagle dog at 1 mg/kg, iv",A,COc1nc2c(cc1NCc1c(F)cc(F)cc1F)c(=O)c(C(=O)O)cn2[C@H](CO)C(C)(C)C,15.5,mL.min-1.kg-1,species_only_dog
5142608,CHEMBL1656155,CHEMBL1650511,CL,mL.min-1.kg-1,=,14.5,CHEMBL373,Canis lupus familiaris,"Clearance in dog at 2 mg/kg, iv",A,FC(F)(F)c1ccccc1-c1cc(C(F)(F)F)c2[nH]c(C3=NOC4(CCCCC4)C3)nc2c1,14.5,mL.min-1.kg-1,species_only_dog
5143807,CHEMBL1656551,CHEMBL1650545,CL,mL.min-1.kg-1,=,31.0,CHEMBL373,Canis lupus familiaris,"Clearance in Beagle dog at 0.3 mg/kg, iv",A,Cc1cn2c(-c3cn[nH]c3)cnc2c(Nc2cc(CN3CCC(F)(F)C3)ns2)n1.Cl,31.0,mL.min-1.kg-1,species_only_dog
5143813,CHEMBL1656552,CHEMBL1650551,CL,mL.min-1.kg-1,=,4.5,CHEMBL373,Canis lupus familiaris,"Clearance in Beagle dog at 1 mg/kg, iv",A,Cl.[2H]C([2H])(c1cc(Nc2nc(C)cn3c(-c4cn[nH]c4)cnc23)sn1)N1CCC(F)(F)C1,4.5,mL.min-1.kg-1,species_only_dog
5145258,CHEMBL1656715,CHEMBL1231124,CL,mL.min-1.kg-1,=,2.0,CHEMBL373,Canis lupus familiaris,"Observed clearance in Beagle dog at 2.5 mg/kg, iv",A,Cc1cc(Nc2nc(N[C@@H](C)c3ncc(F)cn3)ncc2Cl)[nH]n1,2.0,mL.min-1.kg-1,species_only_dog
5149540,CHEMBL1655261,CHEMBL1233524,CL,mL.min-1.kg-1,=,7.0,CHEMBL373,Canis lupus familiaris,"Clearance in dog at 1 mg/kg, iv and 2 mg/kg, po",A,CN(C)CCN(C)[C@H]1COc2ccccc2-c2c(C3CCCCC3)c3ccc(C(=O)O)cc3n2C1,7.0,mL.min-1.kg-1,species_only_dog
5152559,CHEMBL1656903,CHEMBL1651534,CL,mL.min-1.kg-1,=,1.3,CHEMBL373,Canis lupus familiaris,"Clearance in dog at 0.5 mg/kg, iv or 0.5 mg/kg, po",A,O=C(Nc1cccnn1)N1CCC(=Cc2cccc(Oc3ccc(C(F)(F)F)cn3)c2)CC1,1.3,mL.min-1.kg-1,species_only_dog
5155302,CHEMBL1657547,CHEMBL1651717,CL,mL.min-1.kg-1,=,4.433,CHEMBL373,Canis lupus familiaris,"Clearance in Beagle dog at 2 mg/kg, iv or 3 mg/kg, po",A,O=C(O)C1CN(Cc2ccc(-c3cc4cc(Cc5ccccc5)ccc4o3)c(F)c2)C1,4.433,mL.min-1.kg-1,species_only_dog
5156651,CHEMBL1655508,CHEMBL1651861,CL,mL.min-1.kg-1,=,1.183,CHEMBL373,Canis lupus familiaris,"Clearance in Beagle dog at 1 mg/kg, iv or 1 mg/kg, po",A,O=C(O)C1CN(Cc2ccc(-c3nc4ccc(C5(c6ccccc6)CC5)nc4s3)c(F)c2)C1,1.183,mL.min-1.kg-1,species_only_dog
5157814,CHEMBL1657000,CHEMBL1649659,CL,mL.min-1.kg-1,=,32.0,CHEMBL373,Canis lupus familiaris,"Clearance in Swiss Beagle dog at 0.25 mg/kg, iv and 0.5 mg/kg, po",A,O=C(c1ccc(-n2nc(C(F)(F)F)c3c2CCCC3)cc1)N1CCCC1,32.0,mL.min-1.kg-1,species_only_dog
5160602,CHEMBL1657377,CHEMBL1649931,CL,mL.min-1.kg-1,=,63.0,CHEMBL373,Canis lupus familiaris,"Unbound clearance in dog at 0.5 mg/kg, iv and 0.5 mg/kg, po",A,CC(=O)N[C@@H](CCN1[C@@H]2CC[C@H]1C[C@@H](n1c(C)nc3c1CCN(C(=O)C(C)C)C3)C2)c1cccc(F)c1,63.0,mL.min-1.kg-1,species_only_dog
5160603,CHEMBL1657377,CHEMBL1649910,CL,mL.min-1.kg-1,=,150.0,CHEMBL373,Canis lupus familiaris,"Unbound clearance in dog at 0.5 mg/kg, iv and 0.5 mg/kg, po",A,COC(=O)N1CCc2c(nc(C)n2[C@H]2C[C@H]3CC[C@@H](C2)N3CC[C@H](NC(C)=O)c2cccc(F)c2)C1,150.0,mL.min-1.kg-1,species_only_dog
5160604,CHEMBL1657377,CHEMBL1649924,CL,mL.min-1.kg-1,=,93.0,CHEMBL373,Canis lupus familiaris,"Unbound clearance in dog at 0.5 mg/kg, iv and 0.5 mg/kg, po",A,COC(=O)N1CCc2nc(C)n([C@H]3C[C@H]4CC[C@@H](C3)N4CC[C@H](NC(C)=O)c3cccc(F)c3)c2C1,93.0,mL.min-1.kg-1,species_only_dog
5160605,CHEMBL1657378,CHEMBL1649931,CL,mL.min-1.kg-1,=,36.0,CHEMBL373,Canis lupus familiaris,"Clearance in dog at 0.5 mg/kg, iv and 0.5 mg/kg, po",A,CC(=O)N[C@@H](CCN1[C@@H]2CC[C@H]1C[C@@H](n1c(C)nc3c1CCN(C(=O)C(C)C)C3)C2)c1cccc(F)c1,36.0,mL.min-1.kg-1,species_only_dog
5160606,CHEMBL1657378,CHEMBL1649910,CL,mL.min-1.kg-1,=,36.0,CHEMBL373,Canis lupus familiaris,"Clearance in dog at 0.5 mg/kg, iv and 0.5 mg/kg, po",A,COC(=O)N1CCc2c(nc(C)n2[C@H]2C[C@H]3CC[C@@H](C2)N3CC[C@H](NC(C)=O)c2cccc(F)c2)C1,36.0,mL.min-1.kg-1,species_only_dog
5160607,CHEMBL1657378,CHEMBL1649924,CL,mL.min-1.kg-1,=,36.0,CHEMBL373,Canis lupus familiaris,"Clearance in dog at 0.5 mg/kg, iv and 0.5 mg/kg, po",A,COC(=O)N1CCc2nc(C)n([C@H]3C[C@H]4CC[C@@H](C3)N4CC[C@H](NC(C)=O)c3cccc(F)c3)c2C1,36.0,mL.min-1.kg-1,species_only_dog
5160612,CHEMBL1657612,CHEMBL256907,CL,mL.min-1.kg-1,=,53.0,CHEMBL373,Canis lupus familiaris,"Unbound clearance in dog at 0.5 mg/kg, iv and 1 mg/kg, po",A,Cc1nnc(C(C)C)n1[C@H]1C[C@H]2CC[C@@H](C1)N2CC[C@H](NC(=O)C1CCC(F)(F)CC1)c1ccccc1,53.0,mL.min-1.kg-1,species_only_dog
5160613,CHEMBL1657611,CHEMBL256907,CL,mL.min-1.kg-1,=,21.0,CHEMBL373,Canis lupus familiaris,"Clearance in dog at 0.5 mg/kg, iv and 1 mg/kg, po",A,Cc1nnc(C(C)C)n1[C@H]1C[C@H]2CC[C@@H](C1)N2CC[C@H](NC(=O)C1CCC(F)(F)CC1)c1ccccc1,21.0,mL.min-1.kg-1,species_only_dog
5163401,CHEMBL1666569,CHEMBL295433,CL,mL.min-1.kg-1,=,5.167,CHEMBL373,Canis lupus familiaris,"Clearance in Beagle dog at 2.5 mg/kg, iv",A,C[C@@H]1CN(c2c(F)c(F)c3c(=O)c(C(=O)O)cn(C4CC4)c3c2F)C[C@H](C)N1,5.167,mL.min-1.kg-1,species_only_dog
5177120,CHEMBL1663373,CHEMBL1651766,CL,mL.min-1.kg-1,=,22.18,CHEMBL373,Canis lupus familiaris,"Plasma clearance in Beagle dog at 10 mg/kg, iv",A,N#Cc1ccccc1Cn1c(N2CCC[C@@H](N)C2)nc2ccsc2c1=O,22.18,mL.min-1.kg-1,species_only_dog
5177126,CHEMBL1663379,CHEMBL1651766,CL,mL.min-1.kg-1,=,11.5,CHEMBL373,Canis lupus familiaris,"Plasma clearance in Beagle dog at 20 mg/kg, po",A,N#Cc1ccccc1Cn1c(N2CCC[C@@H](N)C2)nc2ccsc2c1=O,11.5,mL.min-1.kg-1,species_only_dog
5190317,CHEMBL1663440,CHEMBL1230165,CL,mL.min-1.kg-1,=,11.67,CHEMBL373,Canis lupus familiaris,"Clearance in Beagle dog at 1.9 mg/kg, iv and 8.2 mg/kg, po by LC-MS/MS analysis",A,O=C(O)c1ccc2c(c1)nc(Nc1cccc(Cl)c1)c1ccncc12,11.67,mL.min-1.kg-1,species_only_dog
5192363,CHEMBL1664422,CHEMBL1650456,CL,mL.min-1.kg-1,=,18.0,CHEMBL373,Canis lupus familiaris,"Clearance in dog at 0.90 mg/kg, iv and 2.7 mg/kg, po",A,Cn1c(=O)cc(N2CCC[C@@H](N)C2)n(Cc2cc(F)ccc2C#N)c1=O.O=C(O)C(F)(F)F,18.0,mL.min-1.kg-1,species_only_dog
5199724,CHEMBL1670975,CHEMBL1668898,CL,mL.min-1.kg-1,=,0.5,CHEMBL373,Canis lupus familiaris,"Clearance in dog at 25 mg/kg, po or 2 mg/kg, iv",A,CCOc1ccc(-c2ccc(-c3cc(CC(=O)[O-])ccc3OC)c(CN(CC)C(=O)C3CC3)c2)cn1.[Na+],0.5,mL.min-1.kg-1,species_only_dog
5201016,CHEMBL1671255,CHEMBL1669008,CL,mL.min-1.kg-1,=,1.2,CHEMBL373,Canis lupus familiaris,"Clearance in Beagle dog at 1 mg/kg, iv and 4 mg/kg, po",A,CCOc1c2c(c(OCC)c3ccccc13)C(=O)N(c1ccc(CC3(NC(=O)NS(=O)(=O)c4c(Cl)cccc4Cl)CC3)cc1C)C2,1.2,mL.min-1.kg-1,species_only_dog
5207585,CHEMBL1679928,CHEMBL1671971,CL,mL.min-1.kg-1,=,0.87,CHEMBL373,Canis lupus familiaris,"Clearance in Beagle dog at 2 mg/kg, iv",A,COc1cc(/C=C2\SC(=O)NC2=O)ccc1Oc1ccc(C#N)cc1C(F)(F)F,0.87,mL.min-1.kg-1,species_only_dog
5207983,CHEMBL1680293,CHEMBL1671874,CL,mL.min-1.kg-1,=,10.0,CHEMBL373,Canis lupus familiaris,"Plasma clearance in dog at 0.5 mg/kg, iv",A,CC(O)(Cc1nc(CC2(C(F)(F)F)CC2)c[nH]1)c1ccc(-n2cccn2)cc1,10.0,mL.min-1.kg-1,species_only_dog
5207984,CHEMBL1680293,CHEMBL1672354,CL,mL.min-1.kg-1,=,5.6,CHEMBL373,Canis lupus familiaris,"Plasma clearance in dog at 0.5 mg/kg, iv",A,O[C@@](Cc1nc(CC2(C(F)(F)F)CC2)c[nH]1)(c1ccc(-n2cccn2)cc1)C(F)(F)F,5.6,mL.min-1.kg-1,species_only_dog
5208861,CHEMBL1679644,CHEMBL1672434,CL,mL.min-1.kg-1,=,29.0,CHEMBL373,Canis lupus familiaris,"Plasma clearance in dog at 5 mg/kg, iv and 10 mg/kg, po",A,C[C@H]1C[C@@H](NS(=O)(=O)c2cc(Br)ccc2Br)CN1C#N,29.0,mL.min-1.kg-1,species_only_dog
5220527,CHEMBL1679057,CHEMBL1672609,CL,mL.min-1.kg-1,=,3.6,CHEMBL373,Canis lupus familiaris,"Clearance in Beagle dog at 2 mg/kg, iv",A,C=C[C@@H]1C[C@]1(NC(=O)[C@@H]1C[C@@H]2CN1C(=O)[C@H](C1CCCCC1)NC(=O)OCC(C)(C)CCCc1cc3c(nccc3cc1OC)O2)C(=O)NS(=O)(=O)C1CC1,3.6,mL.min-1.kg-1,species_only_dog
5220597,CHEMBL1679591,CHEMBL1672627,CL,mL.min-1.kg-1,=,1.7,CHEMBL373,Canis lupus familiaris,"Plasma clearance in Beagle dog at 1 mg/kg, iv",A,O=C(Nc1cnc(-c2ccncc2F)c(-c2cccnc2)n1)C1CC1,1.7,mL.min-1.kg-1,species_only_dog
5232417,CHEMBL1677757,CHEMBL1672054,CL,mL.min-1.kg-1,=,10.0,CHEMBL373,Canis lupus familiaris,"Plasma clearance in dog at 0.5 mg/kg, iv",A,CC(=O)N1CCN([C@H]2CCN(C(=O)N(C)[C@H](C)c3cc(C(F)(F)F)cc(C(F)(F)F)c3)[C@@H](c3ccc(F)cc3C)C2)CC1,10.0,mL.min-1.kg-1,species_only_dog
5233914,CHEMBL1678697,CHEMBL1672448,CL,mL.min-1.kg-1,=,4.4,CHEMBL373,Canis lupus familiaris,Clearance in iv dosed Beagle dog,A,CC(C)c1onc(-c2c(Cl)cccc2Cl)c1COc1ccc(-c2ccc3nc(C(=O)O)ccc3c2)cc1,4.4,mL.min-1.kg-1,species_only_dog
5233995,CHEMBL1678697,CHEMBL1672451,CL,mL.min-1.kg-1,=,8.2,CHEMBL373,Canis lupus familiaris,Clearance in iv dosed Beagle dog,A,CC(C)c1onc(-c2c(Cl)cccc2Cl)c1COc1ccc(-c2ccc3cc(C(=O)O)ncc3c2)cc1,8.2,mL.min-1.kg-1,species_only_dog
5236093,CHEMBL1686227,CHEMBL1615187,CL,mL.min-1.kg-1,=,20.0,CHEMBL373,Canis lupus familiaris,"Clearance in Beagle dog at 1 mg/kg, iv by LC-MS/MS analysis",A,Cc1noc(C)c1CCC1CCN(S(=O)(=O)C[C@](C)(C[C@H](C)c2ncc(F)cn2)N(O)C=O)CC1,20.0,mL.min-1.kg-1,species_only_dog
5237495,CHEMBL1687443,CHEMBL1682943,CL,mL.min-1.kg-1,=,2.3,CHEMBL373,Canis lupus familiaris,Plasma clearance in dog,A,CC[C@H](NC(=O)c1c(C[S@+](C)[O-])c(-c2ccccc2)nc2ccccc12)c1ccccc1,2.3,mL.min-1.kg-1,species_only_dog
5239568,CHEMBL1686854,CHEMBL1615025,CL,mL.min-1.kg-1,=,5.9,CHEMBL373,Canis lupus familiaris,"Clearance in dog at 0.6 mg/kg, iv and 2.3 mg/kg, po",A,Cn1c(=O)c(F)c(Nc2ccc(I)cc2F)c2c(=O)n(C[C@@H](O)CO)cnc21,5.9,mL.min-1.kg-1,species_only_dog
5240875,CHEMBL1685344,CHEMBL1683571,CL,mL.min-1.kg-1,=,7.2,CHEMBL373,Canis lupus familiaris,Clearance in dog,A,N[C@H]1CN(c2ncnc(N3CCC(F)(F)C3)n2)C[C@@H]1N1CC(F)(F)CCC1=O,7.2,mL.min-1.kg-1,species_only_dog
5247184,CHEMBL1686275,CHEMBL1684954,CL,mL.min-1.kg-1,=,0.9,CHEMBL373,Canis lupus familiaris,"Plasma clearance in dog at 0.5 mg/kg, iv",A,C[C@@H](NC(=O)Cc1ccc(C2CC2)cc1)c1ccc(OCC(F)(F)F)cn1,0.9,mL.min-1.kg-1,species_only_dog
5247261,CHEMBL1686307,CHEMBL1684983,CL,mL.min-1.kg-1,=,6.733,CHEMBL373,Canis lupus familiaris,"Clearance in Beagle dog at 3 mg/kg, iv and 10 mg/kg, po",A,CCN(CC)c1ncc(-c2c(C)noc2C)c(N[C@@H](Cc2ccc(OC(=O)N(C)C)cc2)C(=O)O)n1,6.733,mL.min-1.kg-1,species_only_dog
5247317,CHEMBL1686475,CHEMBL1684984,CL,mL.min-1.kg-1,=,6.4,CHEMBL373,Canis lupus familiaris,"Clearance in dog at 0.25 mg/kg, iv",A,CS(=O)(=O)N1CCc2c(-c3cnc(N)nc3)nc(N3CCOCC3)nc21,6.4,mL.min-1.kg-1,species_only_dog
5248442,CHEMBL1686990,CHEMBL111201,CL,mL.min-1.kg-1,=,20.0,CHEMBL373,Canis lupus familiaris,Plasma clearance in iv dosed dog,A,O=S(=O)(Nc1ccc(CCNC[C@H](O)c2cccnc2)cc1)c1ccc(-c2nc(-c3ccc(C(F)(F)F)cc3)cs2)cc1,20.0,mL.min-1.kg-1,species_only_dog
5248443,CHEMBL1686990,CHEMBL1684585,CL,mL.min-1.kg-1,=,23.0,CHEMBL373,Canis lupus familiaris,Plasma clearance in iv dosed dog,A,Nc1nc(CC(=O)Nc2ccc(C[C@@H]3CC[C@H]([C@H](O)c4ccccc4)N3)cc2)cs1,23.0,mL.min-1.kg-1,species_only_dog
5249106,CHEMBL1685204,CHEMBL1682994,CL,mL.min-1.kg-1,=,11.3,CHEMBL373,Canis lupus familiaris,"Clearance in dog at 5 umol/kg, iv",A,Cc1cccc(CN(CCCCN)[C@H]2CCCc3cccnc32)n1,11.3,mL.min-1.kg-1,species_only_dog
5249107,CHEMBL1685204,CHEMBL1682995,CL,mL.min-1.kg-1,=,3.3,CHEMBL373,Canis lupus familiaris,"Clearance in dog at 5 umol/kg, iv",A,Cc1cnc(CN(CCCCN)[C@H]2CCCc3cccnc32)c(C)c1,3.3,mL.min-1.kg-1,species_only_dog
5249108,CHEMBL1685204,CHEMBL1682996,CL,mL.min-1.kg-1,=,5.0,CHEMBL373,Canis lupus familiaris,"Clearance in dog at 5 umol/kg, iv",A,NCCCCN(Cc1ncccc1N)[C@H]1CCCc2cccnc21,5.0,mL.min-1.kg-1,species_only_dog
5249109,CHEMBL1685204,CHEMBL1682997,CL,mL.min-1.kg-1,=,25.0,CHEMBL373,Canis lupus familiaris,"Clearance in dog at 5 umol/kg, iv",A,C[C@@H](c1ccccn1)N(CCCCN)Cc1nc2ccccc2[nH]1,25.0,mL.min-1.kg-1,species_only_dog
5249110,CHEMBL1685204,CHEMBL1682998,CL,mL.min-1.kg-1,=,11.7,CHEMBL373,Canis lupus familiaris,"Clearance in dog at 5 umol/kg, iv",A,Cc1cccnc1CN(CCCCN)[C@@H](C)c1ccccn1,11.7,mL.min-1.kg-1,species_only_dog
5250032,CHEMBL1685558,CHEMBL1683031,CL,mL.min-1.kg-1,=,2.0,CHEMBL373,Canis lupus familiaris,"Clearance in dog at 3 mg/kg, iv and 5 mg/kg, po",A,CCOc1cc2nnc(C(N)=O)c(Nc3ccc(C)cc3F)c2cc1N1CCN(C)CC1,2.0,mL.min-1.kg-1,species_only_dog
5293970,CHEMBL1695240,CHEMBL1688243,CL,mL.min-1.kg-1,=,3.333,CHEMBL373,Canis lupus familiaris,"Systemic clearance in dog at 1 mg/kg, iv",A,CCO[C@@H]1Cc2cc(C(F)(F)F)ccc2[C@H]1N1CCN(C2(C)CCN(C(=O)c3c(C)ncnc3C)CC2)C[C@@H]1C,3.333,mL.min-1.kg-1,species_only_dog
6152335,CHEMBL1763060,CHEMBL1762338,CL,mL.min-1.kg-1,=,31.7,CHEMBL373,Canis lupus familiaris,"Clearance in dog at 5 umol/kg, iv",A,CC(CCNC(=O)c1c(Cl)cncc1Cl)N1CCC(C(Oc2cccc(Cl)n2)c2ccc(C(F)(F)F)cc2)CC1,31.7,mL.min-1.kg-1,species_only_dog
6157325,CHEMBL1764363,CHEMBL1762808,CL,mL.min-1.kg-1,=,28.0,CHEMBL373,Canis lupus familiaris,Clearance in Beagle dog,A,CC(C)N(CCO)Cc1csc(-c2cn(CC3CCOCC3)c3c(Cl)cccc23)n1,28.0,mL.min-1.kg-1,species_only_dog
6160557,CHEMBL1764100,CHEMBL1761313,CL,mL.min-1.kg-1,=,1.9,CHEMBL373,Canis lupus familiaris,"Clearance in Beagle dog at 0.5 mg/kg, iv and 2 mg/kg, po",A,CCS(=O)(=O)CCC12CCC(c3nnc(-c4ccccc4C(F)(F)F)n3C)(CC1)CC2,1.9,mL.min-1.kg-1,species_only_dog
6161301,CHEMBL1764536,CHEMBL81,CL,mL.min-1.g-1,=,40.0,CHEMBL373,Canis lupus familiaris,Clearance in dog,A,O=C(c1ccc(OCCN2CCCCC2)cc1)c1c(-c2ccc(O)cc2)sc2cc(O)ccc12,0.04,mL.min-1.kg-1,species_only_dog
6161302,CHEMBL1764536,CHEMBL1760664,CL,mL.min-1.g-1,=,15.0,CHEMBL373,Canis lupus familiaris,Clearance in dog,A,Cc1ccc(C(F)(F)F)cc1Cn1c(C(=O)NCCC(C)(C)O)cc2cc(C#N)ccc21,0.015,mL.min-1.kg-1,species_only_dog
6161303,CHEMBL1764536,CHEMBL1760646,CL,mL.min-1.g-1,=,7.0,CHEMBL373,Canis lupus familiaris,Clearance in dog,A,COc1ccc(OC(F)(F)F)cc1Cn1c(C(=O)NCC(C)(C)CO)cc2cc(C#N)ccc21,0.007,mL.min-1.kg-1,species_only_dog
6163038,CHEMBL1764506,CHEMBL1761870,CL,mL.min-1.kg-1,=,5.4,CHEMBL373,Canis lupus familiaris,"Clearance in Beagle dog at 1 mg/kg, po",A,C[C@@H]1CN(C(=O)N[C@H](Cc2ccc(F)cc2)C(=O)N2CCC(C(=O)NC(C)(C)C)(C3CCCCC3)CC2)C[C@H](C)N1,5.4,mL.min-1.kg-1,species_only_dog
6168718,CHEMBL1767823,CHEMBL1766110,CL,mL.min-1.kg-1,=,46.0,CHEMBL373,Canis lupus familiaris,Clearance in dog,A,Cc1cc(C)cc(C2=C(OCCC3CCCCN3)c3cc(-c4ccccc4)c(Cl)cc3NC2)c1,46.0,mL.min-1.kg-1,species_only_dog
6168759,CHEMBL1767631,CHEMBL1766090,CL,mL.min-1.kg-1,=,5.0,CHEMBL373,Canis lupus familiaris,"Plasma clearance in dog at 2 mg/kg, iv and 10 mg/kg, po",A,Cc1cc(C)cc(-c2cnc3cc(Cl)c(-c4ccc(=O)[nH]c4)cc3c2OCC[C@H]2CCCCN2)c1,5.0,mL.min-1.kg-1,species_only_dog
6168771,CHEMBL1767642,CHEMBL1766103,CL,mL.min-1.kg-1,=,7.1,CHEMBL373,Canis lupus familiaris,"Plasma clearance in dog at 0.125 mg/kg, iv",A,Cc1cc(C)cc(-c2cnc3cc(Cl)c(-c4cccc(O)c4)cc3c2OCCCN)c1,7.1,mL.min-1.kg-1,species_only_dog
6172440,CHEMBL1767871,CHEMBL1766811,CL,mL.min-1.kg-1,=,1.3,CHEMBL373,Canis lupus familiaris,"Clearance in Beagle dog at 5 mg/kg, iv",A,O=C(Nc1ccc(C2CCN(C(=O)[C@H]3CC[C@H](C(=O)O)CC3)CC2)cc1)c1nc(-c2ccccc2)oc1C(F)(F)F,1.3,mL.min-1.kg-1,species_only_dog
6173043,CHEMBL1769454,CHEMBL1766582,CL,mL.min-1.kg-1,=,54.17,CHEMBL373,Canis lupus familiaris,"Clearance in Beagle dog at 10 mg/kg, iv",A,Cl.Cn1c(=O)c(Oc2ccc(F)cc2F)cc2cnc(NC3CCOCC3)nc21,54.17,mL.min-1.kg-1,species_only_dog
6173695,CHEMBL1769476,CHEMBL1090089,CL,mL.min-1.kg-1,=,12.5,CHEMBL373,Canis lupus familiaris,"Clearance in Beagle dog at 5 mg/kg, iv",A,Cn1c(=O)c(Oc2ccc(F)cc2F)cc2cnc(NC(CCO)CCO)nc21,12.5,mL.min-1.kg-1,species_only_dog
6175516,CHEMBL1769672,CHEMBL639,CL,mL.min-1.kg-1,=,22.0,CHEMBL373,Canis lupus familiaris,"Clearance in Beagle dog at 2 mg/kg, po and 1 mg/kg, iv",A,CN1CCCC(n2nc(Cc3ccc(Cl)cc3)c3ccccc3c2=O)CC1,22.0,mL.min-1.kg-1,species_only_dog
6175518,CHEMBL1769671,CHEMBL1767164,CL,mL.min-1.kg-1,=,27.0,CHEMBL373,Canis lupus familiaris,"Clearance in Beagle dog at 3 mg/kg, po and 1 mg/kg, iv",A,O=c1c2ccccc2c(Cc2ccc(Cl)cc2)nn1C[C@H]1CCCN1CCCCc1ccc(OCCCN2CCCCCC2)cc1,27.0,mL.min-1.kg-1,species_only_dog
6179747,CHEMBL1772845,CHEMBL1770373,CL,mL.min-1.kg-1,=,11.6,CHEMBL373,Canis lupus familiaris,"Plasma clearance in Beagle dog at 0.030 mg/kg, iv administered as infusion over 1 hr",A,c1ccc(Cc2ncc3c(n2)CCNCC3)cc1,11.6,mL.min-1.kg-1,species_only_dog
6187367,CHEMBL1777418,CHEMBL1774933,CL,mL.min-1.kg-1,=,8.4,CHEMBL373,Canis lupus familiaris,"Plasma clearance in Beagle dog at 0.5 mg/kg, iv",A,Cc1cc(Cl)cc(OCCn2cc(F)cn2)c1-c1nc(N)nc2c1CN(C(=O)NCC(C)(F)F)C2,8.4,mL.min-1.kg-1,species_only_dog
6193457,CHEMBL1775941,CHEMBL1289313,CL,mL.min-1.kg-1,=,15.0,CHEMBL373,Canis lupus familiaris,Clearance in dog,A,CN(O)C(=O)c1cc2c(CN3CCC[C@H]3C(N)=O)cn(Cc3ccc(F)cc3)c2cn1,15.0,mL.min-1.kg-1,species_only_dog
6193483,CHEMBL1777561,CHEMBL1773319,CL,mL.min-1.kg-1,=,30.0,CHEMBL373,Canis lupus familiaris,"Clearance in dog at 1 mg/kg, iv and 4.2 mg/kg, po",A,O=C1c2ncc3c(c(CN4CCCCC4)cn3Cc3ccc(F)cc3)c2CCN1O,30.0,mL.min-1.kg-1,species_only_dog
6196689,CHEMBL1776418,CHEMBL1774056,CL,mL.min-1.kg-1,=,7.4,CHEMBL373,Canis lupus familiaris,Clearance in dog,A,Cc1cc(Nc2nc(N[C@@H](C)c3ccc(F)cn3)c(C#N)cc2F)n[nH]1,7.4,mL.min-1.kg-1,species_only_dog
6200991,CHEMBL1781075,CHEMBL1778785,CL,mL.min-1.kg-1,=,49.0,CHEMBL373,Canis lupus familiaris,Unbound clearance in dog,A,Cl.O=C(O)[C@@H]1C[C@H](Oc2cccc(Cl)c2)CN1,49.0,mL.min-1.kg-1,species_only_dog
6201801,CHEMBL1781072,CHEMBL1778766,CL,mL.min-1.kg-1,=,0.4,CHEMBL373,Canis lupus familiaris,"Clearance in dog at 0.5 mg/kg, po",A,Cl.O=C(O)[C@@H]1C[C@H](Cc2cccc(F)c2)CN1,0.4,mL.min-1.kg-1,species_only_dog
6202981,CHEMBL1780708,CHEMBL560423,CL,mL.min-1.kg-1,=,3.8,CHEMBL373,Canis lupus familiaris,Plasma clearance in dog,A,O=C(NCC1(O)CCCCCC1)c1cc(-n2ncc(=O)[nH]c2=O)ccc1Cl,3.8,mL.min-1.kg-1,species_only_dog
6202997,CHEMBL1780708,CHEMBL1823817,CL,mL.min-1.kg-1,=,12.0,CHEMBL373,Canis lupus familiaris,Plasma clearance in dog,A,COC[C@H](O)Cn1c(=O)cnn(-c2ccc(Cl)c(C(=O)NCC3(O)CCCCCC3)c2)c1=O,12.0,mL.min-1.kg-1,species_only_dog
6207991,CHEMBL1780788,CHEMBL1777958,CL,mL.min-1.kg-1,=,63.33,CHEMBL373,Canis lupus familiaris,"Clearance in dog at 1 mg/kg, iv",A,Cc1ccc(S(=O)(=O)N2CCNC(=O)[C@H]2CC(=O)N[C@@H]2CCCc3cc(CN4CCCCC4)ccc32)cc1,63.33,mL.min-1.kg-1,species_only_dog
6208620,CHEMBL1781596,CHEMBL205627,CL,mL.min-1.kg-1,=,4.4,CHEMBL373,Canis lupus familiaris,Clearance in dog,A,COC[C@H](C)Oc1cc(O[C@@H](C)Cc2ccccc2)cc(C(=O)Nc2ccc(C(=O)O)cn2)c1,4.4,mL.min-1.kg-1,species_only_dog
6208633,CHEMBL1781596,CHEMBL1778373,CL,mL.min-1.kg-1,=,5.2,CHEMBL373,Canis lupus familiaris,Clearance in dog,A,COC[C@H](C)Oc1cc(Oc2cc(F)cc(F)c2)cc(C(=O)Nc2ccc(C(=O)O)cn2)c1,5.2,mL.min-1.kg-1,species_only_dog
6211986,CHEMBL1780541,CHEMBL1779107,CL,mL.min-1.kg-1,=,11.17,CHEMBL373,Canis lupus familiaris,"Clearance in dog at 1 mg/kg, iv",A,C=C[C@@H]1C[C@]1(NC(=O)[C@@H]1C[C@@H](Oc2cc(-c3csc(NC(C)C)n3)nc3cc(OC)ccc23)CN1C(=O)[C@@H](NC(=O)OC1CCCC1)C(C)(C)C)P(=O)(O)O,11.17,mL.min-1.kg-1,species_only_dog
6211987,CHEMBL1780541,CHEMBL1779118,CL,mL.min-1.kg-1,=,6.0,CHEMBL373,Canis lupus familiaris,"Clearance in dog at 1 mg/kg, iv",A,COc1ccc2c(O[C@@H]3C[C@H]4C(=O)N[C@]5(P(=O)(O)Cc6ccccc6)C[C@H]5CCCCCCC[C@H](NC(=O)OC5CCCC5)C(=O)N4C3)cc(-c3csc(NC(C)C)n3)nc2c1,6.0,mL.min-1.kg-1,species_only_dog
6211988,CHEMBL1780541,CHEMBL1779119,CL,mL.min-1.kg-1,=,9.333,CHEMBL373,Canis lupus familiaris,"Clearance in dog at 1 mg/kg, iv",A,COc1ccc2c(O[C@@H]3C[C@H]4C(=O)N[C@]5(P(=O)(O)Cc6ccccc6Cl)C[C@H]5/C=C/CCCCC[C@H](NC(=O)OC5CCCC5)C(=O)N4C3)cc(-c3csc(NC(C)C)n3)nc2c1,9.333,mL.min-1.kg-1,species_only_dog
6211989,CHEMBL1780541,CHEMBL1779120,CL,mL.min-1.kg-1,=,3.167,CHEMBL373,Canis lupus familiaris,"Clearance in dog at 1 mg/kg, iv",A,COc1ccc2c(O[C@@H]3C[C@H]4C(=O)N[C@]5(P(=O)(O)Cc6ccccc6Cl)C[C@H]5CCCCCCC[C@H](NC(=O)OC5CCCC5)C(=O)N4C3)cc(-c3csc(NC(C)C)n3)nc2c1,3.167,mL.min-1.kg-1,species_only_dog
6211990,CHEMBL1780541,CHEMBL1779121,CL,mL.min-1.kg-1,=,17.33,CHEMBL373,Canis lupus familiaris,"Clearance in dog at 1 mg/kg, iv",A,COc1ccc2c(O[C@@H]3C[C@H]4C(=O)N[C@]5(P(=O)(O)Cc6ccccc6OC)C[C@H]5/C=C/CCCCC[C@H](NC(=O)OC5CCCC5)C(=O)N4C3)cc(-c3csc(NC(C)C)n3)nc2c1,17.33,mL.min-1.kg-1,species_only_dog
6211991,CHEMBL1780541,CHEMBL1779122,CL,mL.min-1.kg-1,=,5.333,CHEMBL373,Canis lupus familiaris,"Clearance in dog at 1 mg/kg, iv",A,COc1ccc2c(O[C@@H]3C[C@H]4C(=O)N[C@]5(P(=O)(O)Cc6ccccc6OC)C[C@H]5CCCCCCC[C@H](NC(=O)OC5CCCC5)C(=O)N4C3)cc(-c3csc(NC(C)C)n3)nc2c1,5.333,mL.min-1.kg-1,species_only_dog
6211993,CHEMBL1780540,CHEMBL1779114,CL,mL.min-1.kg-1,=,10.67,CHEMBL373,Canis lupus familiaris,"Clearance in dog at 0.5 mg/kg, iv",A,C=C[C@@H]1C[C@]1(NC(=O)[C@@H]1C[C@@H](Oc2cc(-c3csc(NC(C)C)n3)nc3cc(OC)ccc23)CN1C(=O)[C@@H](NC(=O)OC1CCCC1)C(C)(C)C)P(=O)(O)Cc1ccccc1,10.67,mL.min-1.kg-1,species_only_dog
6215582,CHEMBL1787106,CHEMBL1784340,CL,mL.min-1.kg-1,=,13.0,CHEMBL373,Canis lupus familiaris,"Clearance in dog at 1 mg/kg, iv and 1 mg/kg, po",A,Cc1noc(C)c1CCC1CCN(S(=O)(=O)CC2(N(O)C=O)CCOCC2)CC1,13.0,mL.min-1.kg-1,species_only_dog
6215612,CHEMBL1787106,CHEMBL1615187,CL,mL.min-1.kg-1,=,20.7,CHEMBL373,Canis lupus familiaris,"Clearance in dog at 1 mg/kg, iv and 1 mg/kg, po",A,Cc1noc(C)c1CCC1CCN(S(=O)(=O)C[C@](C)(C[C@H](C)c2ncc(F)cn2)N(O)C=O)CC1,20.7,mL.min-1.kg-1,species_only_dog
6231692,CHEMBL1787873,CHEMBL251188,CL,mL.min-1.kg-1,=,19.0,CHEMBL613431,Canis lupus familiaris,"Systemic plasma clearance in dog at 1 mg/kg, iv",A,Cc1ccc(CNC(=O)c2nn(-c3ccc(F)cc3)c(CC[C@@H](O)C[C@@H](O)CC(=O)O)c2C(C)C)cc1,19.0,mL.min-1.kg-1,species_only_dog
6231693,CHEMBL1787873,CHEMBL1782559,CL,mL.min-1.kg-1,=,25.0,CHEMBL613431,Canis lupus familiaris,"Systemic plasma clearance in dog at 1 mg/kg, iv",A,O=C([O-])C[C@H](O)C[C@H](O)CCn1c(-c2ccc(F)cc2)nc(C(=O)NCc2cccc(F)c2)c1C1CC1.[Na+],25.0,mL.min-1.kg-1,species_only_dog
6262740,CHEMBL1798611,CHEMBL1738710,CL,mL.min-1.kg-1,=,1.59,CHEMBL373,Canis lupus familiaris,"Clearance in dog at 1 mg/kg, iv",A,Cc1ccc(C(=O)NCCO)cc1-n1cnc(OCc2ccc(F)cc2F)c(Cl)c1=O,1.59,mL.min-1.kg-1,species_only_dog
6263937,CHEMBL1798215,CHEMBL1796063,CL,mL.min-1.kg-1,=,16.0,CHEMBL373,Canis lupus familiaris,"Clearance in Beagle dog at 3 mg/kg, po and 1 mg/kg, iv",A,COCCCc1cc(CN(C(=O)[C@H]2CNCC[C@@H]2c2ccn(C)c(=O)c2)C2CC2)cc(Br)c1C,16.0,mL.min-1.kg-1,species_only_dog
6265796,CHEMBL1799691,CHEMBL1796761,CL,mL.min-1.kg-1,=,5.0,CHEMBL373,Canis lupus familiaris,Plasma clearance in dog at 2 mg/kg,A,CNC(=O)c1ccc2c(c1)OCCc1cc(C(=O)N(C)c3ccc(C(=O)N(C)C)cc3Cl)sc1-2,5.0,mL.min-1.kg-1,species_only_dog
6272709,CHEMBL1805717,CHEMBL1801160,CL,mL.min-1.kg-1,=,3.7,CHEMBL373,Canis lupus familiaris,"Clearance in dog at 3 mg/kg, po or 1 mg/kg, iv",A,O=C(NC1CC1)c1cn(-c2cccc(-c3ccc([C@@H]4C[C@H]4C(=O)O)c(F)c3)c2)c2ncccc2c1=O,3.7,mL.min-1.kg-1,species_only_dog
6272890,CHEMBL1804305,CHEMBL1801085,CL,mL.min-1.kg-1,=,1.3,CHEMBL373,Canis lupus familiaris,"Clearance in Mongrel dog at 3 mg/kg, po or 1 mg/kg, iv",A,COc1cc(C(=O)NC2(C(=O)N[C@H](C)c3ccc(-n4nc(Cl)c5ccccc54)cc3F)CC2)on1,1.3,mL.min-1.kg-1,species_only_dog
6272891,CHEMBL1804305,CHEMBL1801086,CL,mL.min-1.kg-1,=,1.1,CHEMBL373,Canis lupus familiaris,"Clearance in Mongrel dog at 3 mg/kg, po or 1 mg/kg, iv",A,C[C@@H](NC(=O)C1(NC(=O)c2cncs2)CC1)c1ccc(-n2nc(Cl)c3ccccc32)cc1F,1.1,mL.min-1.kg-1,species_only_dog
6272892,CHEMBL1804305,CHEMBL1801087,CL,mL.min-1.kg-1,=,1.7,CHEMBL373,Canis lupus familiaris,"Clearance in Mongrel dog at 3 mg/kg, po or 1 mg/kg, iv",A,COc1ncc(C(=O)NC2(C(=O)N[C@H](C)c3ccc(-n4nc(Cl)c5ccccc54)cc3F)CC2)s1,1.7,mL.min-1.kg-1,species_only_dog
6272893,CHEMBL1804305,CHEMBL1801340,CL,mL.min-1.kg-1,=,9.6,CHEMBL373,Canis lupus familiaris,"Clearance in Mongrel dog at 3 mg/kg, po or 1 mg/kg, iv",A,Cc1nnsc1C(=O)NC1(C(=O)N[C@H](C)c2ccc(-n3nc(Cl)c4ccccc43)cc2F)CC1,9.6,mL.min-1.kg-1,species_only_dog
6272894,CHEMBL1804305,CHEMBL1801344,CL,mL.min-1.kg-1,=,2.6,CHEMBL373,Canis lupus familiaris,"Clearance in Mongrel dog at 3 mg/kg, po or 1 mg/kg, iv",A,C[C@@H](NC(=O)C1(NC(=O)c2ccc(Br)nc2)CC1)c1ccc(-n2nc(Cl)c3ccccc32)cc1F,2.6,mL.min-1.kg-1,species_only_dog
6272895,CHEMBL1804305,CHEMBL1801345,CL,mL.min-1.kg-1,=,4.3,CHEMBL373,Canis lupus familiaris,"Clearance in Mongrel dog at 3 mg/kg, po or 1 mg/kg, iv",A,Cc1cncc(C(=O)NC2(C(=O)N[C@H](C)c3ccc(-n4nc(Cl)c5ccccc54)cc3F)CC2)c1,4.3,mL.min-1.kg-1,species_only_dog
6272896,CHEMBL1804305,CHEMBL1801347,CL,mL.min-1.kg-1,=,5.5,CHEMBL373,Canis lupus familiaris,"Clearance in Mongrel dog at 3 mg/kg, po or 1 mg/kg, iv",A,COc1cncc(C(=O)NC2(C(=O)N[C@H](C)c3ccc(-n4nc(Cl)c5ccccc54)cc3F)CC2)c1,5.5,mL.min-1.kg-1,species_only_dog
6272897,CHEMBL1804305,CHEMBL1801349,CL,mL.min-1.kg-1,=,3.1,CHEMBL373,Canis lupus familiaris,"Clearance in Mongrel dog at 3 mg/kg, po or 1 mg/kg, iv",A,C[C@@H](NC(=O)C1(NC(=O)c2cncc(Cl)c2)CC1)c1ccc(-n2nc(Cl)c3ccccc32)cc1F,3.1,mL.min-1.kg-1,species_only_dog
6272898,CHEMBL1804305,CHEMBL1801350,CL,mL.min-1.kg-1,=,3.8,CHEMBL373,Canis lupus familiaris,"Clearance in Mongrel dog at 3 mg/kg, po or 1 mg/kg, iv",A,C[C@@H](NC(=O)C1(NC(=O)c2cncc(Br)c2)CC1)c1ccc(-n2nc(Cl)c3ccccc32)cc1F,3.8,mL.min-1.kg-1,species_only_dog
6272899,CHEMBL1804305,CHEMBL1801354,CL,mL.min-1.kg-1,=,10.5,CHEMBL373,Canis lupus familiaris,"Clearance in Mongrel dog at 3 mg/kg, po or 1 mg/kg, iv",A,C[C@@H](NC(=O)C1(NC(=O)c2cncc(Cl)n2)CC1)c1ccc(-n2nc(Cl)c3ccccc32)cc1F,10.5,mL.min-1.kg-1,species_only_dog
6273633,CHEMBL1804710,CHEMBL1801250,CL,mL.min-1.kg-1,=,70.0,CHEMBL373,Canis lupus familiaris,"Clearance in dog at 1 mg/kg, iv",A,O=C(NO)c1cnc(N2C[C@@H]3[C@H](C2)[C@H]3NCc2ccc3cc(F)ccc3n2)nc1,70.0,mL.min-1.kg-1,species_only_dog
6273634,CHEMBL1804710,CHEMBL1801238,CL,mL.min-1.kg-1,=,63.0,CHEMBL373,Canis lupus familiaris,"Clearance in dog at 1 mg/kg, iv",A,O=C(NO)c1cnc(N2C[C@@H]3[C@H](C2)[C@H]3NCc2ccc(Cl)cc2)nc1,63.0,mL.min-1.kg-1,species_only_dog
6275307,CHEMBL1804327,CHEMBL1802099,CL,mL.min-1.kg-1,=,3.5,CHEMBL373,Canis lupus familiaris,"Clearance in Beagle dog at 1 mg/kg, iv by LC/MS/MS analysis",A,C/C(=N\O)c1nc([C@@H](O)[C@H](O)[C@H](O)CO)c[nH]1.Cl,3.5,mL.min-1.kg-1,species_only_dog
6277505,CHEMBL1804341,CHEMBL1800955,CL,mL.min-1.kg-1,=,7.2,CHEMBL373,Canis lupus familiaris,Clearance in Beagle dog heart failure model,A,COC(=O)N1CCN(Cc2cccc(NC(=O)Nc3ccc(C)nc3)c2F)CC1,7.2,mL.min-1.kg-1,species_only_dog
6281513,CHEMBL1803716,CHEMBL1822792,CL,mL.min-1.kg-1,=,4.3,CHEMBL373,Canis lupus familiaris,"Plasma clearance in dog at 1 mg/kg, iv",A,CN(C[C@@H]1COCCO1)S(=O)(=O)Nc1ccc2ccc3ncc(-c4cnn(C)c4)cc3c(=O)c2c1,4.3,mL.min-1.kg-1,species_only_dog
6286087,CHEMBL1803650,CHEMBL1800285,CL,mL.min-1.kg-1,=,7.4,CHEMBL373,Canis lupus familiaris,"Clearance in dog at 3 mg/kg, po and 1 mg/kg, iv",A,N#CC1(c2ccccn2)CCN(Cc2cc(C(=O)O)c(=O)n3ccccc23)CC1,7.4,mL.min-1.kg-1,species_only_dog
6286088,CHEMBL1803650,CHEMBL1800890,CL,mL.min-1.kg-1,=,10.1,CHEMBL373,Canis lupus familiaris,"Clearance in dog at 3 mg/kg, po and 1 mg/kg, iv",A,Cc1ccnc(C2(C#N)CCN(Cc3cc(C(=O)O)c(=O)n4ccccc34)CC2)c1,10.1,mL.min-1.kg-1,species_only_dog
6296177,CHEMBL1811072,CHEMBL1809044,CL,mL.min-1.kg-1,=,4.7,CHEMBL373,Canis lupus familiaris,"Plasma clearance in Beagle dog at 0.8 umol/kg, iv and 10 umol/kg, po",A,COc1cc(N2CCN(C(C)=O)CC2)ccc1Nc1ncc(Cl)c(-c2cnc3ccccn23)n1,4.7,mL.min-1.kg-1,species_only_dog
6301132,CHEMBL1810508,CHEMBL3142227,CL,mL.min-1.kg-1,=,5.867,CHEMBL373,Canis lupus familiaris,"Total clearance in dog at 1 mg/kg, po and 0.1 mg/kg, iv by LC/MS/MS",A,Cc1ccc(-c2c(CN)c(CC(C)C)nc3ccc(N4CC(=O)NCC4=O)cc23)cc1.Cl.Cl,5.867,mL.min-1.kg-1,species_only_dog
6308518,CHEMBL1815180,CHEMBL1814268,CL,mL.min-1.kg-1,=,13.0,CHEMBL373,Canis lupus familiaris,"Plasma clearance in Beagle dog at 0.052 mg/kg, iv by LC-MS/MS",A,CC(=O)O.O=C1CNC(=O)N1c1cccc(CCCCOCCCCCCNC[C@H](O)c2ccc(O)c(CO)c2)c1,13.0,mL.min-1.kg-1,species_only_dog
6311959,CHEMBL1816503,CHEMBL1812161,CL,mL.min-1.kg-1,=,9.567,CHEMBL613431,Canis lupus familiaris,"Clearance in dog plasma at 2 mg/kg, iv",A,CC(C)=CCC/C(C)=C/CC/C(C)=C/CC[C@@](C)(O)CCC1=C(C)C(=O)C(C)=C(C)C1=O,9.567,mL.min-1.kg-1,species_only_dog
6319232,CHEMBL1816811,CHEMBL1813067,CL,mL.min-1.kg-1,=,13.2,CHEMBL373,Canis lupus familiaris,"Clearance in Beagle dog at 1 mg/kg, iv after 6 to 24 hrs by LC-MS/MS analysis",A,C[C@@H]1CCCN1CCCOc1ccc(-c2ccc(=O)[nH]n2)cc1.Cl,13.2,mL.min-1.kg-1,species_only_dog
6319547,CHEMBL1816333,CHEMBL1813097,CL,mL.min-1.g-1,=,4000.0,CHEMBL373,Canis lupus familiaris,Clearance in dog,A,O=C(Nc1cccc(Cl)c1Cl)N1CCN2C(=O)N([C@H]3C[C@@H]3c3ccccc3)C(=O)[C@@H]2C1,4.0,mL.min-1.kg-1,species_only_dog
6319548,CHEMBL1816333,CHEMBL1813104,CL,mL.min-1.g-1,=,1700.0,CHEMBL373,Canis lupus familiaris,Clearance in dog,A,CS(=O)(=O)c1cc(Cl)c(NC(=O)N2CCN3C(=O)N([C@H]4C[C@@H]4c4ccccc4)C(=O)[C@@H]3C2)c(Cl)c1,1.7,mL.min-1.kg-1,species_only_dog
6319549,CHEMBL1816333,CHEMBL1813108,CL,mL.min-1.g-1,=,7600.0,CHEMBL373,Canis lupus familiaris,Clearance in dog,A,O=C(Nc1cccnc1-c1ccsc1)N1CCN2C(=O)N([C@H]3C[C@@H]3c3ccccc3)C(=O)[C@@H]2C1,7.6,mL.min-1.kg-1,species_only_dog
6319550,CHEMBL1816333,CHEMBL1813109,CL,mL.min-1.g-1,=,5500.0,CHEMBL373,Canis lupus familiaris,Clearance in dog,A,O=C(Nc1ccnn1-c1ccccc1)N1CCN2C(=O)N([C@H]3C[C@@H]3c3ccccc3)C(=O)[C@@H]2C1,5.5,mL.min-1.kg-1,species_only_dog
6319551,CHEMBL1816333,CHEMBL1813114,CL,mL.min-1.g-1,=,22000.0,CHEMBL373,Canis lupus familiaris,Clearance in dog,A,C[C@@]12CN(C(=O)Nc3ccnn3-c3ccccc3)CCN1C(=O)N([C@H]1C[C@@H]1c1ccccc1)C2=O,22.0,mL.min-1.kg-1,species_only_dog
6335454,CHEMBL1821068,CHEMBL1819090,CL,mL.min-1.kg-1,=,29.0,CHEMBL373,Canis lupus familiaris,"Clearance in dog at 1 mg/kg, iv",A,Cn1c(=O)c2c(cc(N3CCC[C@@](C)(N)C3)n2Cc2cc(F)ccc2C#N)n(C)c1=O,29.0,mL.min-1.kg-1,species_only_dog
6340464,CHEMBL1826442,CHEMBL1649745,CL,mL.min-1.kg-1,=,0.8,CHEMBL373,Canis lupus familiaris,"Clearance in Beagle dog at 0.05 mg/kg, iv",A,Cc1[nH]c(CO)c(-c2ccc(Oc3ccc(OC(F)(F)F)cc3)cc2)c(=O)c1Cl,0.8,mL.min-1.kg-1,species_only_dog
6340465,CHEMBL1826442,CHEMBL467584,CL,mL.min-1.kg-1,=,0.2,CHEMBL373,Canis lupus familiaris,"Clearance in Beagle dog at 0.05 mg/kg, iv",A,Cc1[nH]c(C)c(-c2ccc(Oc3ccc(OC(F)(F)F)cc3)cc2)c(=O)c1Cl,0.2,mL.min-1.kg-1,species_only_dog
6346653,CHEMBL1827706,CHEMBL1823865,CL,mL.min-1.kg-1,=,16.0,CHEMBL373,Canis lupus familiaris,Clearance in dog,A,O=C(NC1CCCCC1)N1CCN(c2nc(-c3ccc4ccccc4n3)no2)CC1,16.0,mL.min-1.kg-1,species_only_dog
6346654,CHEMBL1827706,CHEMBL1822468,CL,mL.min-1.kg-1,=,20.0,CHEMBL373,Canis lupus familiaris,Clearance in dog,A,O=C(NC1CCC(F)(F)CC1)N1CCN(c2nc(-c3ccc4ccccc4n3)no2)CC1,20.0,mL.min-1.kg-1,species_only_dog
6354260,CHEMBL1827507,CHEMBL1824500,CL,mL.min-1.kg-1,=,26.0,CHEMBL373,Canis lupus familiaris,"Plasma clearance in dog at 3 mg/kg, po and 1 mg/kg, iv",A,COCCCc1cc(CN(C(=O)[C@H]2CNCC[C@@H]2c2ccc(OCCOc3c(Cl)cc(C)cc3Cl)cc2)C2CC2)cc(OCCOC)c1.Cl,26.0,mL.min-1.kg-1,species_only_dog
6354261,CHEMBL1827507,CHEMBL1824501,CL,mL.min-1.kg-1,=,9.2,CHEMBL373,Canis lupus familiaris,"Plasma clearance in dog at 3 mg/kg, po and 1 mg/kg, iv",A,COCCCc1cc(CN(C(=O)[C@H]2CNCC[C@@H]2c2ccn(C)c(=O)c2)C2CC2)cc(OCCOC)c1.Cl,9.2,mL.min-1.kg-1,species_only_dog
6367321,CHEMBL1832376,CHEMBL1829763,CL,mL.min-1.kg-1,=,9.2,CHEMBL373,Canis lupus familiaris,"Clearance in dog plasma at 1 mg/kg, iv",A,C[C@@H](c1ccc(-c2ccc(F)cc2F)cc1)N1CC[C@](CCO)(c2ccc(F)cc2)OC1=O,9.2,mL.min-1.kg-1,species_only_dog
6378920,CHEMBL1837919,CHEMBL1834793,CL,mL.min-1.kg-1,=,9.8,CHEMBL373,Canis lupus familiaris,"Clearance in dog at 2 mg/kg, iv",A,Cn1nc(NCC(=O)NC2CN([C@H]3CC[C@@H](c4cncs4)CC3)C2)c2cc(C(F)(F)F)ccc21,9.8,mL.min-1.kg-1,species_only_dog
6381704,CHEMBL1839231,CHEMBL1836215,CL,mL.min-1.kg-1,=,29.0,CHEMBL373,Canis lupus familiaris,"Blood clearance in Beagle dog at 1 mg/kg, iv",A,Cc1c(-c2noc(-c3ccc(OC(C)C)c(C#N)c3)n2)ccc2c1CCN(C(CO)CO)C2,29.0,mL.min-1.kg-1,species_only_dog
6382237,CHEMBL1837516,CHEMBL1834616,CL,mL.min-1.kg-1,=,19.0,CHEMBL373,Canis lupus familiaris,"Clearance in dog at 1 mg/kg, iv",A,Cc1nn(-c2ccc(C(=O)N[C@@H]3CCCc4cc(CN5CCCCC5)ccc43)cc2)c(=O)c2c(Cl)cccc12,19.0,mL.min-1.kg-1,species_only_dog
6382239,CHEMBL1837516,CHEMBL1834619,CL,mL.min-1.kg-1,=,23.67,CHEMBL373,Canis lupus familiaris,"Clearance in dog at 1 mg/kg, iv",A,Cc1nn(-c2ccc(C(=O)N[C@@H]3CCCc4cc(CN5CCCCC5)ccc43)cn2)c(=O)c2c(Cl)cccc12,23.67,mL.min-1.kg-1,species_only_dog
6385148,CHEMBL1840229,CHEMBL1835862,CL,mL.min-1.kg-1,=,6.0,CHEMBL373,Canis lupus familiaris,"Plasma clearance in Beagle dog at 0.25 mg/kg, iv",A,CC(=O)O.Cc1cc(CCCCOCCCCCCNC[C@H](O)c2ccc(O)c(CO)c2)cc(NC(N)=O)c1,6.0,mL.min-1.kg-1,species_only_dog
6388881,CHEMBL1840144,CHEMBL1835153,CL,mL.min-1.kg-1,=,18.0,CHEMBL373,Canis lupus familiaris,"Plasma clearance in dog at 0.5 mg/kg, iv",A,NC(=O)c1cnc(N[C@H](C2CC2)C(F)(F)F)c2c1[nH]c1cc(-c3cnc(N)nc3)ccc12,18.0,mL.min-1.kg-1,species_only_dog
7843583,CHEMBL1913288,CHEMBL1909867,CL,mL.min-1.kg-1,=,2.1,CHEMBL373,Canis lupus familiaris,"Clearance in dog at 1 mg/kg, po",A,Cc1nc(Oc2ccc(S(C)(=O)=O)cc2)ccc1CN1CCC(N2C(=O)N(c3cc(C(N)=O)c(F)cc3F)C[C@H]2c2ccccc2)CC1,2.1,mL.min-1.kg-1,species_only_dog
7844761,CHEMBL1912355,CHEMBL1910947,CL,mL.min-1.kg-1,=,5.1,CHEMBL373,Canis lupus familiaris,"Clearance in dog at 0.5 mg/kg, iv and 1 mg/kg, po",A,O=C(NCc1cc(F)cc(F)c1)c1nc(N2CCCCS2(=O)=O)cc(Br)c1O,5.1,mL.min-1.kg-1,species_only_dog
7925557,CHEMBL1919858,CHEMBL1915048,CL,mL.min-1.kg-1,=,21.67,CHEMBL373,Canis lupus familiaris,"Clearance in dog at 2 mg/kg, iv",A,CN[C@@H]1CCN(c2nc(N)nc3c2oc2ncc(Cl)cc23)C1,21.67,mL.min-1.kg-1,species_only_dog
7927845,CHEMBL1920877,CHEMBL1915536,CL,mL.min-1.kg-1,=,30.0,CHEMBL373,Canis lupus familiaris,"Blood clearance in dog at 3 mg/kg, iv",A,CNC1CN(c2cc(NCC(C)(C)C)nc(N)n2)C1,30.0,mL.min-1.kg-1,species_only_dog
7927850,CHEMBL1921308,CHEMBL1915540,CL,mL.min-1.kg-1,=,7.0,CHEMBL373,Canis lupus familiaris,"Blood clearance in dog at 1 mg/kg, iv and 10 mg/kg, po",A,CN[C@@H]1CCN(c2cc(NCC3CC3)nc(N)n2)C1,7.0,mL.min-1.kg-1,species_only_dog
7929098,CHEMBL1918482,CHEMBL1915783,CL,mL.min-1.kg-1,=,11.1,CHEMBL373,Canis lupus familiaris,Clearance in dog,A,Cc1noc(NC(=O)N2CCC3(CC2)CC(c2ccc(F)c(Cl)c2)C3)c1C,11.1,mL.min-1.kg-1,species_only_dog
7929451,CHEMBL1918035,CHEMBL1916475,CL,mL.min-1.kg-1,=,1.6,CHEMBL373,Canis lupus familiaris,Clearance in dog at 2 mg/kg,A,CCCOCCn1c(=O)nc(NC2CCC(O)CC2)c2nnc(-c3ccc(OC)nc3)cc21,1.6,mL.min-1.kg-1,species_only_dog
7929452,CHEMBL1918035,CHEMBL1916292,CL,mL.min-1.kg-1,=,5.5,CHEMBL373,Canis lupus familiaris,Clearance in dog at 2 mg/kg,A,CCCOCCn1c(=O)c(NC2CCC(O)CC2)nc2cnc(-c3ccc(OC)nc3)cc21,5.5,mL.min-1.kg-1,species_only_dog
7938806,CHEMBL1919171,CHEMBL1916123,CL,mL.min-1.kg-1,=,8.0,CHEMBL373,Canis lupus familiaris,"Clearance in dog at 2 mg/kg, po",A,COc1cc(OC)c2nc(C)c3c(C)nc(-c4cnccc4C)n3c2c1,8.0,mL.min-1.kg-1,species_only_dog
7938807,CHEMBL1919172,CHEMBL1916129,CL,mL.min-1.kg-1,=,6.0,CHEMBL373,Canis lupus familiaris,"Clearance in dog at 0.5 mg/kg, po",A,COc1cc(OC(F)F)cc2c1nc(C)c1c(C)nc(-c3cccnc3C)n12,6.0,mL.min-1.kg-1,species_only_dog
7938808,CHEMBL1919173,CHEMBL1916113,CL,mL.min-1.kg-1,=,38.0,CHEMBL373,Canis lupus familiaris,"Clearance in dog at 2.5 mg/kg, po",A,COc1cc(F)cc2c1nc(C)c1c(C)nc(-c3ccncc3C)n12,38.0,mL.min-1.kg-1,species_only_dog
7939967,CHEMBL1919752,CHEMBL1916542,CL,mL.min-1.kg-1,=,21.0,CHEMBL373,Canis lupus familiaris,"Clearance in Beagle dog at 3 mg/kg, iv",A,COc1ccc2ncc(=O)n(CCN3CCC(NCc4cc5c(cn4)OCCO5)CC3)c2c1,21.0,mL.min-1.kg-1,species_only_dog
7939968,CHEMBL1919752,CHEMBL1824041,CL,mL.min-1.kg-1,=,7.8,CHEMBL373,Canis lupus familiaris,"Clearance in Beagle dog at 3 mg/kg, iv",A,N#Cc1ccc2c(c1)N(CCN1CCC(NCc3ccc4c(n3)NC(=O)CO4)CC1)C(=O)CO2,7.8,mL.min-1.kg-1,species_only_dog
7947691,CHEMBL1925116,CHEMBL1921965,CL,mL.min-1.kg-1,=,7.0,CHEMBL373,Canis lupus familiaris,Clearance in iv dosed Beagle dog,A,Cl.O=C(Nc1ccc(N2C(=O)CC(c3ccccc3)C2=O)c(Cl)c1)c1ccccn1,7.0,mL.min-1.kg-1,species_only_dog
7947872,CHEMBL1925473,CHEMBL1922096,CL,mL.min-1.kg-1,=,12.0,CHEMBL373,Canis lupus familiaris,"Plasma clearance in Beagle dog at 1 mg/kg, iv",A,CS(=O)(=O)N1CCN(Cc2cc3nc(-c4cccc5[nH]ncc45)nc(N4CCOCC4)c3s2)CC1.CS(=O)(=O)O,12.0,mL.min-1.kg-1,species_only_dog
7947873,CHEMBL1925473,CHEMBL1922098,CL,mL.min-1.kg-1,=,22.0,CHEMBL373,Canis lupus familiaris,"Plasma clearance in Beagle dog at 1 mg/kg, iv",A,CS(=O)(=O)N1CCN(Cc2cc3nc(-c4cnc(N)nc4)nc(N4CCOCC4)c3s2)CC1.Cl,22.0,mL.min-1.kg-1,species_only_dog
7947874,CHEMBL1925473,CHEMBL1922100,CL,mL.min-1.kg-1,=,5.0,CHEMBL373,Canis lupus familiaris,"Plasma clearance in Beagle dog at 1 mg/kg, iv",A,Cc1c(CN2CCN(S(C)(=O)=O)CC2)sc2c(N3CCOCC3)nc(-c3cnc(N)nc3)nc12.Cl,5.0,mL.min-1.kg-1,species_only_dog
7948028,CHEMBL1924229,CHEMBL1923983,CL,mL.min-1.kg-1,=,3.1,CHEMBL373,Canis lupus familiaris,"Clearance in dog at 1 mg/kg, iv",A,CNc1nc2[nH]c(-c3cccc(CNC(=O)COC)n3)cc2c2c1ncn2C,3.1,mL.min-1.kg-1,species_only_dog
7950194,CHEMBL1924702,CHEMBL1922660,CL,mL.min-1.kg-1,=,0.6,CHEMBL373,Canis lupus familiaris,"Clearance in Beagle dog at 2 mg/kg, iv",A,CCOc1ccc(-c2ccc(Cn3c(CC(C)(C)C(=O)O)c(SC(C)(C)C)c4cc(OCc5ccc(C)cn5)ccc43)cc2)cn1,0.6,mL.min-1.kg-1,species_only_dog
7950946,CHEMBL1924603,CHEMBL1922270,CL,mL.min-1.kg-1,=,100.0,CHEMBL373,Canis lupus familiaris,"Clearance in Beagle dog at 0.5 mg/kg, iv",A,C[C@H]1c2c([nH]c3ccc(C(F)(F)F)cc23)C[C@H]2CCN(CCCC3CCOCC3)C[C@@H]21,100.0,mL.min-1.kg-1,species_only_dog
7951986,CHEMBL1924180,CHEMBL3215653,CL,mL.min-1.kg-1,=,73.0,CHEMBL373,Canis lupus familiaris,"Clearance in Beagle dog at 3 mg/kg, po and 1 mg/kg, iv",A,COCCCc1cc(CCCN2CCOCC2)c(Cl)c(CN(C(=O)[C@H]2CNCC[C@@]23OCc2cc(F)c(F)cc23)C2CC2)c1.Cl.Cl.Cl,73.0,mL.min-1.kg-1,species_only_dog
7954544,CHEMBL1925547,CHEMBL1922933,CL,mL.min-1.kg-1,=,3.8,CHEMBL373,Canis lupus familiaris,"Plasma clearance in dog at 0.5 mg/kg, iv and 2 mg/kg, po",A,CCCCC[C@@H](Cc1ccc(C(=O)NCCC(=O)O)cc1)C(=O)c1cc2cc(Cl)ccc2n1-c1cccc(C(F)(F)F)c1,3.8,mL.min-1.kg-1,species_only_dog
7954630,CHEMBL1924534,CHEMBL1922696,CL,mL.min-1.kg-1,=,1.6,CHEMBL373,Canis lupus familiaris,"Plasma clearance in dog at 0.5 mg/kg, iv and 1 mg/kg, po",A,Cn1/c(=N/c2ccc(OC(F)(F)F)cc2)n(Cc2ccc(C(=O)Nc3nnn[nH]3)cc2)c2cc(Cl)c(Cl)cc21,1.6,mL.min-1.kg-1,species_only_dog
7954735,CHEMBL1924534,CHEMBL1922840,CL,mL.min-1.kg-1,=,1.6,CHEMBL373,Canis lupus familiaris,"Plasma clearance in dog at 0.5 mg/kg, iv and 1 mg/kg, po",A,CCCOc1cc(C(F)(F)F)cc2c1n(C)/c(=N/c1ccc(C(F)(F)F)cc1)n2Cc1ccc(C(=O)Nc2nnn[nH]2)cc1,1.6,mL.min-1.kg-1,species_only_dog
7962725,CHEMBL1932679,CHEMBL1929387,CL,mL.min-1.kg-1,=,10.83,CHEMBL373,Canis lupus familiaris,"Total clearance in Beagle dog at 0.2 mg/kg, iv",A,Cc1cc2ncc(C(=O)NCC(C)(C)NCC(=O)N3CCC[C@H]3C#N)cn2n1.Cl,10.83,mL.min-1.kg-1,species_only_dog
7962726,CHEMBL1932679,CHEMBL1929388,CL,mL.min-1.kg-1,=,10.33,CHEMBL373,Canis lupus familiaris,"Total clearance in Beagle dog at 0.2 mg/kg, iv",A,Cc1cc2ncc(C(=O)NCC(C)(C)NCC(=O)N3CCC[C@H]3C#N)c(C)n2n1.Cl,10.33,mL.min-1.kg-1,species_only_dog
7964678,CHEMBL1931635,CHEMBL1928243,CL,mL.min-1.kg-1,=,0.6,CHEMBL373,Canis lupus familiaris,Clearance in dog at 0.5 mg/kg,A,CC(C)(C)CC(c1ccc(CC(=O)O)cc1-c1ccc(C(F)(F)F)cc1)N1CCC(C(F)(F)F)CC1,0.6,mL.min-1.kg-1,species_only_dog
7965877,CHEMBL1932132,CHEMBL1926763,CL,mL.min-1.kg-1,=,8.4,CHEMBL373,Canis lupus familiaris,"Blood clearance in Beagle dog at 2.6 mg/kg, iv",A,COc1ccc2nccc(NC(=O)[C@]3(O)CC[C@@H](NCc4cc5c(cn4)OCCO5)CC3)c2n1,8.4,mL.min-1.kg-1,species_only_dog
7967160,CHEMBL1930251,CHEMBL1926900,CL,mL.min-1.kg-1,=,156.6,CHEMBL373,Canis lupus familiaris,"Clearance in dog at 5 umol/kg, iv",A,COCCOc1ccc(N(Cc2cnccc2C)C2CCN([C@H](C)CCNC(=O)c3c(C)cc(Cl)nc3C)CC2)cc1,156.6,mL.min-1.kg-1,species_only_dog
7967173,CHEMBL1930251,CHEMBL1926899,CL,mL.min-1.kg-1,=,21.1,CHEMBL373,Canis lupus familiaris,"Clearance in dog at 5 umol/kg, iv",A,COc1ccc(N(Cc2cnccc2C)C2CCN([C@H](C)CCNC(=O)c3c(C)cc(C(=O)NC(C)C)nc3C)CC2)cc1,21.1,mL.min-1.kg-1,species_only_dog
7967197,CHEMBL1930251,CHEMBL1926896,CL,mL.min-1.kg-1,=,32.04,CHEMBL373,Canis lupus familiaris,"Clearance in dog at 5 umol/kg, iv",A,COc1ccc(N(Cc2cnccc2C)C2CCN([C@H](C)CCNC(=O)c3c(C)cc(F)nc3C)CC2)cc1,32.04,mL.min-1.kg-1,species_only_dog
7967214,CHEMBL1930251,CHEMBL1926894,CL,mL.min-1.kg-1,=,23.3,CHEMBL373,Canis lupus familiaris,"Clearance in dog at 5 umol/kg, iv",A,COc1ccc(N(Cc2cccnc2)C2CCN([C@H](C)CCNC(=O)c3c(C)cc(Cl)nc3C)CC2)cc1,23.3,mL.min-1.kg-1,species_only_dog
7967246,CHEMBL1930251,CHEMBL1926893,CL,mL.min-1.kg-1,=,30.0,CHEMBL373,Canis lupus familiaris,"Clearance in dog at 5 umol/kg, iv",A,COc1ccc(N(Cc2cnccc2C)C2CCN([C@H](C)CCNC(=O)c3c(C)cc(Cl)nc3C)CC2)cc1,30.0,mL.min-1.kg-1,species_only_dog
7967264,CHEMBL1930251,CHEMBL1926891,CL,mL.min-1.kg-1,=,36.5,CHEMBL373,Canis lupus familiaris,"Clearance in dog at 5 umol/kg, iv",A,COc1ccc(N(Cc2cnccc2C)C2CCN([C@H](C)CCNC(=O)c3c(C)ccnc3Cl)CC2)cc1,36.5,mL.min-1.kg-1,species_only_dog
7967298,CHEMBL1930251,CHEMBL1926886,CL,mL.min-1.kg-1,=,15.0,CHEMBL373,Canis lupus familiaris,"Clearance in dog at 5 umol/kg, iv",A,CC(CCNC(=O)c1c(Cl)cncc1Cl)N1CCC(N(Cc2cccc(C#N)c2)c2ccc(OC(F)(F)F)cc2)CC1,15.0,mL.min-1.kg-1,species_only_dog
7967332,CHEMBL1930251,CHEMBL1926878,CL,mL.min-1.kg-1,=,5.0,CHEMBL373,Canis lupus familiaris,"Clearance in dog at 5 umol/kg, iv",A,CC(CCNC(=O)c1c(Cl)cncc1Cl)N1CCC(N(Cc2ccccc2)c2ccc(Oc3ccc(C(=O)O)cc3)cc2)CC1,5.0,mL.min-1.kg-1,species_only_dog
7967370,CHEMBL1930251,CHEMBL1927009,CL,mL.min-1.kg-1,=,42.7,CHEMBL373,Canis lupus familiaris,"Clearance in dog at 5 umol/kg, iv",A,COc1ccc(N(Cc2cccc(C#N)n2)C2CCN([C@H](C)CCNC(=O)c3c(C)cc(Cl)nc3C)CC2)cc1,42.7,mL.min-1.kg-1,species_only_dog
7971121,CHEMBL1931730,CHEMBL1927165,CL,mL.min-1.kg-1,=,16.7,CHEMBL373,Canis lupus familiaris,"Blood clearance in Beagle dog at 3.5 mg/kg, iv",A,COc1ccc2ncc(F)c([C@@H](O)CN3CCC(NCc4cc5c(cn4)OCCO5)CC3)c2n1,16.7,mL.min-1.kg-1,species_only_dog
7972955,CHEMBL1930865,CHEMBL1928262,CL,mL.min-1.kg-1,=,16.0,CHEMBL373,Canis lupus familiaris,"Clearance in dog at 0.5 mg/kg, iv",A,CCOc1ncc(S(=O)(=O)N2CCN(CC)CC2)cc1-c1nc2c(CC)n(CCOC)nc2c(=O)[nH]1,16.0,mL.min-1.kg-1,species_only_dog
7972956,CHEMBL1930865,CHEMBL1928277,CL,mL.min-1.kg-1,=,20.0,CHEMBL373,Canis lupus familiaris,"Clearance in dog at 0.5 mg/kg, iv",A,CCN1CCN(S(=O)(=O)c2cnc(OCCOC)c(-c3nc4c5n(nc4c(=O)[nH]3)CCCC5C)c2)CC1,20.0,mL.min-1.kg-1,species_only_dog
7984843,CHEMBL1936899,CHEMBL1933591,CL,mL.min-1.kg-1,=,7.7,CHEMBL373,Canis lupus familiaris,Clearance in iv dosed dog,A,C[C@H]1O[C@@H](n2cnc3c(N)nc(O[C@H]4CC[C@H](C(F)(F)F)CC4)nc32)[C@H](O)[C@@H]1O,7.7,mL.min-1.kg-1,species_only_dog
7986289,CHEMBL1937462,CHEMBL1933365,CL,mL.min-1.kg-1,=,4.6,CHEMBL373,Canis lupus familiaris,"Clearance in dog at 0.5 mg/kg, iv",A,O=C(O)CCNC(=O)c1ccc(C(Nc2cnn(-c3ccc(C(F)(F)F)cc3)c2)C2CCCC2)cc1,4.6,mL.min-1.kg-1,species_only_dog
7986290,CHEMBL1937462,CHEMBL1933360,CL,mL.min-1.kg-1,=,9.6,CHEMBL373,Canis lupus familiaris,"Clearance in dog at 0.5 mg/kg, iv",A,CCCC(Oc1cnn(-c2ccc(C(F)(F)F)cc2)c1)c1ccc(C(=O)NCCC(=O)O)cc1,9.6,mL.min-1.kg-1,species_only_dog
7989749,CHEMBL1936814,CHEMBL1934130,CL,mL.min-1.kg-1,=,10.0,CHEMBL373,Canis lupus familiaris,Clearance in Beagle dog,A,CC(=O)N[C@@H]1CC2(CCN(Cc3ccc4c(c3)c3ccccc3n4C(N)=O)CC2)c2ccccc21,10.0,mL.min-1.kg-1,species_only_dog
7992333,CHEMBL1936283,CHEMBL1934523,CL,mL.min-1.kg-1,=,13.67,CHEMBL373,Canis lupus familiaris,"Clearance in dog at 3 mg/kg, po by LC-MS/MS analysis",A,COCCCS(=O)(=O)c1ccc(-c2ccc(CCN3CCC[C@H]3C)cc2)cc1,13.67,mL.min-1.kg-1,species_only_dog
7993101,CHEMBL1937780,CHEMBL1934476,CL,mL.min-1.kg-1,=,0.333,CHEMBL373,Canis lupus familiaris,"Total clearance in dog at 0.3 mg/kg, po",A,Cc1nc(-c2ccc(Cl)cc2)sc1C(=O)N[C@H]1CCCN(c2cccc(C(=O)O)c2)C1,0.333,mL.min-1.kg-1,species_only_dog
7998875,CHEMBL1941758,CHEMBL1939503,CL,mL.min-1.kg-1,=,2.2,CHEMBL373,Canis lupus familiaris,"Plasma clearance in Beagle dog at 0.125 mg/kg, iv",A,N#Cc1cc(Cl)cc(Oc2c(Cl)ccc3c2nnn3Cc2n[nH]c3nc(N)ccc23)c1,2.2,mL.min-1.kg-1,species_only_dog
7998876,CHEMBL1941757,CHEMBL1939502,CL,mL.min-1.kg-1,=,7.6,CHEMBL373,Canis lupus familiaris,"Plasma clearance in Beagle dog at 2 mg/kg, po and 0.5 mg/kg, iv",A,N#Cc1cc(Cl)cc(Oc2c(Cl)ccc3c2cnn3Cc2n[nH]c3nc(N)ccc23)c1,7.6,mL.min-1.kg-1,species_only_dog
7998877,CHEMBL1941756,CHEMBL489586,CL,mL.min-1.kg-1,=,5.8,CHEMBL373,Canis lupus familiaris,"Plasma clearance in Beagle dog at 10 mg/kg, po and 2 mg/kg, iv",A,N#Cc1cc(Cl)cc(Oc2cc(OCc3n[nH]c4nc(N)ccc34)ccc2Cl)c1,5.8,mL.min-1.kg-1,species_only_dog
7998879,CHEMBL1941754,CHEMBL491019,CL,mL.min-1.kg-1,=,8.9,CHEMBL373,Canis lupus familiaris,"Plasma clearance in Beagle dog at 1 mg/kg, po and 0.25 mg/kg, iv",A,N#Cc1cc(Cl)cc(Oc2cc(OCc3n[nH]c4ncccc34)ccc2Cl)c1,8.9,mL.min-1.kg-1,species_only_dog
7998880,CHEMBL1941753,CHEMBL1939504,CL,mL.min-1.kg-1,=,2.2,CHEMBL373,Canis lupus familiaris,"Plasma clearance in Beagle dog at 2 mg/kg, po and 1 mg/kg, iv",A,N#Cc1cc(Cl)cc(Oc2c(Cl)ccc3c2ncn3Cc2n[nH]c3ncccc23)c1,2.2,mL.min-1.kg-1,species_only_dog
7998881,CHEMBL1941753,CHEMBL1939500,CL,mL.min-1.kg-1,=,1.6,CHEMBL373,Canis lupus familiaris,"Plasma clearance in Beagle dog at 2 mg/kg, po and 1 mg/kg, iv",A,N#Cc1cc(Cl)cc(Oc2c(Cl)ccc3c2nnn3Cc2n[nH]c3ncccc23)c1,1.6,mL.min-1.kg-1,species_only_dog
7998882,CHEMBL1941753,CHEMBL1939499,CL,mL.min-1.kg-1,=,6.1,CHEMBL373,Canis lupus familiaris,"Plasma clearance in Beagle dog at 2 mg/kg, po and 1 mg/kg, iv",A,N#Cc1cc(Cl)cc(Oc2c(Cl)ccc3c2cnn3Cc2n[nH]c3ncccc23)c1,6.1,mL.min-1.kg-1,species_only_dog
8001117,CHEMBL1942047,CHEMBL1939562,CL,mL.min-1.kg-1,=,14.83,CHEMBL373,Canis lupus familiaris,"Clearance in Beagle dog at 0.5 mg/kg, iv",A,C[C@H](c1nc2ncccc2c(=O)n1-c1ccc(F)cc1)N(CC1CCS(=O)(=O)CC1)C(=O)Cc1ccc(F)c(C(F)(F)F)c1,14.83,mL.min-1.kg-1,species_only_dog
8001118,CHEMBL1942047,CHEMBL1939559,CL,mL.min-1.kg-1,=,25.0,CHEMBL373,Canis lupus familiaris,"Clearance in Beagle dog at 0.5 mg/kg, iv",A,C[C@H](c1nc2ncccc2c(=O)n1-c1ccc(Cl)cc1)N(CC1CCS(=O)(=O)CC1)C(=O)Cc1ccc(F)c(C(F)(F)F)c1,25.0,mL.min-1.kg-1,species_only_dog
8001119,CHEMBL1942047,CHEMBL1938408,CL,mL.min-1.kg-1,=,8.333,CHEMBL373,Canis lupus familiaris,"Clearance in Beagle dog at 0.5 mg/kg, iv",A,C[C@H](c1nc2ncccc2c(=O)n1-c1ccc(C#N)cc1)N(CC1CCS(=O)(=O)CC1)C(=O)Cc1ccc(F)c(C(F)(F)F)c1,8.333,mL.min-1.kg-1,species_only_dog
8001120,CHEMBL1942047,CHEMBL253431,CL,mL.min-1.kg-1,=,16.67,CHEMBL373,Canis lupus familiaris,"Clearance in Beagle dog at 0.5 mg/kg, iv",A,CCS(=O)(=O)CCN(C(=O)Cc1ccc(F)c(C(F)(F)F)c1)[C@H](C)c1nc2ncccc2c(=O)n1-c1ccc(C#N)cc1,16.67,mL.min-1.kg-1,species_only_dog
8005175,CHEMBL1942936,CHEMBL1940274,CL,mL.min-1.kg-1,=,3.3,CHEMBL373,Canis lupus familiaris,Clearance in dog at 2 mg/kg,A,COc1cc2ncnc(Oc3ccc(CC(=O)Nc4cnn(C(C)C)c4)cc3)c2cc1OC,3.3,mL.min-1.kg-1,species_only_dog
8005177,CHEMBL1942938,CHEMBL1940276,CL,mL.min-1.kg-1,=,1.7,CHEMBL373,Canis lupus familiaris,"Clearance in dog at 3 mg/kg, iv",A,COc1cc2ncnc(Oc3ccc(CC(=O)Nc4cnn(C(C)C)c4)cc3)c2cc1OC.O=P(O)(O)O,1.7,mL.min-1.kg-1,species_only_dog
8005178,CHEMBL1942939,CHEMBL1940276,CL,mL.min-1.kg-1,=,5.2,CHEMBL373,Canis lupus familiaris,"Clearance in dog at 10 mg/kg, po",A,COc1cc2ncnc(Oc3ccc(CC(=O)Nc4cnn(C(C)C)c4)cc3)c2cc1OC.O=P(O)(O)O,5.2,mL.min-1.kg-1,species_only_dog
8006066,CHEMBL1942964,CHEMBL1940315,CL,mL.min-1.kg-1,=,13.0,CHEMBL373,Canis lupus familiaris,"Clearance in dog at 1 mg/kg, iv and 1 mg/kg, po",A,O=C(NC1CCCS(=O)(=O)C1)c1ccc(Oc2ccc(C#C[C@]3(O)CN4CCC3CC4)cc2)cc1,13.0,mL.min-1.kg-1,species_only_dog
8006067,CHEMBL1942964,CHEMBL1940308,CL,mL.min-1.kg-1,=,3.6,CHEMBL373,Canis lupus familiaris,"Clearance in dog at 1 mg/kg, iv and 1 mg/kg, po",A,CN1CCC(NC(=O)c2ccc(Oc3ccc(C#C[C@]4(O)CN5CCC4CC5)cc3)cc2)CC1,3.6,mL.min-1.kg-1,species_only_dog
8010660,CHEMBL1942405,CHEMBL1938400,CL,mL.min-1.kg-1,=,13.1,CHEMBL373,Canis lupus familiaris,"Clearance in dog at 0.5 mg/kg, iv",A,CC(C)(C)c1cc(NC(=O)NCc2ccccc2Sc2ccc3nnc(-c4ccccc4SCCO)n3c2)n(-c2ccc(O)c(Cl)c2)n1,13.1,mL.min-1.kg-1,species_only_dog
8011404,CHEMBL1943357,CHEMBL1829173,CL,mL.min-1.kg-1,=,1.333,CHEMBL373,Canis lupus familiaris,"Clearance in Beagle dog at 0.5 mg/kg, iv",A,CC#C[C@@H](CC(=O)O)c1ccc(OCc2cccc(-c3ccc(C(F)(F)F)cc3)c2)cc1,1.333,mL.min-1.kg-1,species_only_dog
8024503,CHEMBL1947889,CHEMBL1946837,CL,mL.min-1.kg-1,=,28.0,CHEMBL373,Canis lupus familiaris,"Clearance in dog at 1 mg/kg, iv bolus",A,N[C@H]1CC[C@H](Nc2ncc3nc(Nc4ccc(F)cc4F)n(C4CCCC4)c3n2)CC1,28.0,mL.min-1.kg-1,species_only_dog
8030195,CHEMBL1954314,CHEMBL1950434,CL,mL.min-1.kg-1,=,5.0,CHEMBL373,Canis lupus familiaris,"Clearance in dog at 3 mg/kg, iv",A,COc1cc(/C=C2\CCCN3C2=NO[C@]3(CO)c2ccc(F)cc2)ccc1-n1cnc(C)c1,5.0,mL.min-1.kg-1,species_only_dog
8030196,CHEMBL1954314,CHEMBL1950433,CL,mL.min-1.kg-1,=,23.0,CHEMBL373,Canis lupus familiaris,"Clearance in dog at 3 mg/kg, iv",A,COc1cc(/C=C2\CCCN3C2=NOC3(C)c2ccc(F)cc2)ccc1-n1cnc(C)c1,23.0,mL.min-1.kg-1,species_only_dog
8030197,CHEMBL1954314,CHEMBL1950535,CL,mL.min-1.kg-1,=,9.0,CHEMBL373,Canis lupus familiaris,"Clearance in dog at 3 mg/kg, iv",A,COc1cc(/C=C2\CCCN3C2=NOC[C@@H]3c2cc(F)c(F)c(F)c2)ccc1-n1cnc(C)c1,9.0,mL.min-1.kg-1,species_only_dog
8030259,CHEMBL1955641,CHEMBL1950289,CL,mL.min-1.kg-1,=,3.4,CHEMBL373,Canis lupus familiaris,"Clearance in dog at 1 mg/kg, iv",A,O[C@H]1CC[C@H](Nc2ncc3nc(Nc4c(F)cc(F)cc4F)n([C@H]4CCOC4)c3n2)CC1,3.4,mL.min-1.kg-1,species_only_dog
8030275,CHEMBL1955641,CHEMBL1950304,CL,mL.min-1.kg-1,=,24.0,CHEMBL373,Canis lupus familiaris,"Clearance in dog at 1 mg/kg, iv",A,CNC(=O)[C@H]1CC[C@H](Nc2ncc3nc(Nc4c(F)cc(F)cc4F)n([C@H]4CCOC4)c3n2)CC1,24.0,mL.min-1.kg-1,species_only_dog
8033679,CHEMBL1954931,CHEMBL1950926,CL,mL.min-1.kg-1,=,13.33,CHEMBL373,Canis lupus familiaris,"Clearance in Beagle dog at 1 mg/kg, iv and 5 mg/kg, po",A,CC(=O)N1CCC(Cn2c(C(C)(C)C)nc3cc(S(=O)(=O)CC4CC4)ccc32)CC1,13.33,mL.min-1.kg-1,species_only_dog
8033680,CHEMBL1954931,CHEMBL1950934,CL,mL.min-1.kg-1,=,11.67,CHEMBL373,Canis lupus familiaris,"Clearance in Beagle dog at 1 mg/kg, iv and 5 mg/kg, po",A,CC(=O)N1CCC(Cn2c(C(C)(C)C)nc3cc(S(=O)(=O)c4nccs4)ccc32)CC1,11.67,mL.min-1.kg-1,species_only_dog
8033998,CHEMBL1952946,CHEMBL1775179,CL,mL.min-1.kg-1,=,2.0,CHEMBL373,Canis lupus familiaris,Clearance in iv dosed Beagle dog,A,CC(C)OC(=O)N1CCC(Oc2ncnc3c2cnn3-c2ccc(S(C)(=O)=O)cc2F)CC1,2.0,mL.min-1.kg-1,species_only_dog
8034001,CHEMBL1952946,CHEMBL1951032,CL,mL.min-1.kg-1,=,0.6667,CHEMBL373,Canis lupus familiaris,Clearance in iv dosed Beagle dog,A,COc1c(Nc2ccc(S(C)(=O)=O)nc2C)ncnc1OC1CCN(C(=O)OC(C)C)CC1,0.6667,mL.min-1.kg-1,species_only_dog
8035623,CHEMBL1953802,CHEMBL1951465,CL,mL.min-1.kg-1,=,5.9,CHEMBL373,Canis lupus familiaris,"Clearance in dog at 1 mg/kg, iv and 2 mg/kg, po by LC/MS/MS analysis",A,FC(F)(F)Oc1ccc(CN2CCC3(CC2)OC(c2cc(Cl)ccn2)c2ccccc23)cc1,5.9,mL.min-1.kg-1,species_only_dog
8036181,CHEMBL1952543,CHEMBL1951575,CL,mL.min-1.kg-1,=,15.0,CHEMBL373,Canis lupus familiaris,"Clearance in dog at 0.5 mg/kg, iv",A,CC(C)(C)NC(=O)c1ccc(Oc2cc(F)c(CC(=O)O)cc2Cl)c(NS(=O)(=O)c2ccc(C3CC3)cc2Cl)c1,15.0,mL.min-1.kg-1,species_only_dog
8036749,CHEMBL1954535,CHEMBL212689,CL,mL.min-1.kg-1,=,18.0,CHEMBL373,Canis lupus familiaris,"Clearance in dog at 1 to 2 mg/kg, iv",A,CCN(C(=O)Cc1ccc(S(C)(=O)=O)cc1)C1CCN(CC[C@H](c2ccc(S(C)(=O)=O)cc2)c2cc(F)cc(F)c2)CC1,18.0,mL.min-1.kg-1,species_only_dog
8036764,CHEMBL1954539,CHEMBL1951909,CL,mL.min-1.kg-1,=,12.0,CHEMBL373,Canis lupus familiaris,"Clearance in male dog at 1 to 2 mg/kg, iv",A,CCN(C(=O)Cc1ccc(S(C)(=O)=O)cc1)C1CCN(CC[C@@H](c2cc(F)cc(F)c2)N2CCN(S(C)(=O)=O)CC2)CC1,12.0,mL.min-1.kg-1,species_only_dog
8036768,CHEMBL1954543,CHEMBL1951909,CL,mL.min-1.kg-1,=,7.5,CHEMBL373,Canis lupus familiaris,"Clearance in female dog at 1 to 2 mg/kg, iv",A,CCN(C(=O)Cc1ccc(S(C)(=O)=O)cc1)C1CCN(CC[C@@H](c2cc(F)cc(F)c2)N2CCN(S(C)(=O)=O)CC2)CC1,7.5,mL.min-1.kg-1,species_only_dog
8036868,CHEMBL1954539,CHEMBL1951914,CL,mL.min-1.kg-1,=,15.0,CHEMBL373,Canis lupus familiaris,"Clearance in male dog at 1 to 2 mg/kg, iv",A,CCN(C(=O)Cc1ccc(S(C)(=O)=O)cc1)C1CCN(CC[C@@H](c2cc(F)cc(F)c2)C2CCN(S(C)(=O)=O)CC2)CC1,15.0,mL.min-1.kg-1,species_only_dog
8037354,CHEMBL1953986,CHEMBL1951778,CL,mL.min-1.kg-1,=,9.5,CHEMBL373,Canis lupus familiaris,"Clearance in dog at 5 mg/kg, iv",A,COc1ccc([C@]2(O)CC[C@H](N3CC[C@@H](NC(=O)CNC(=O)c4cccc(C(F)(F)F)c4)C3)CC2)cn1.CS(=O)(=O)O,9.5,mL.min-1.kg-1,species_only_dog
8037775,CHEMBL1954543,CHEMBL1951914,CL,mL.min-1.kg-1,=,22.0,CHEMBL373,Canis lupus familiaris,"Clearance in female dog at 1 to 2 mg/kg, iv",A,CCN(C(=O)Cc1ccc(S(C)(=O)=O)cc1)C1CCN(CC[C@@H](c2cc(F)cc(F)c2)C2CCN(S(C)(=O)=O)CC2)CC1,22.0,mL.min-1.kg-1,species_only_dog
8051081,CHEMBL1961137,CHEMBL1957799,CL,mL.min-1.kg-1,=,24.0,CHEMBL373,Canis lupus familiaris,"Clearance in Beagle dog at 3 mg/kg, po and 1 mg/kg, iv",A,CC(=O)NCCc1ccccc1-c1ccc([C@H]2CNCC[C@@H]2c2ccn(C)c(=O)c2)c(Cl)c1.Cl,24.0,mL.min-1.kg-1,species_only_dog
8055234,CHEMBL1960261,CHEMBL1945843,CL,mL.min-1.kg-1,=,19.0,CHEMBL373,Canis lupus familiaris,"Clearance in Beagle dog at 1 mg/kg, iv and 3 mg/kg, po",A,C[C@@H]1CCCN1CCCOc1ccc(-c2cnn(-c3ccccn3)c(=O)c2)cc1,19.0,mL.min-1.kg-1,species_only_dog
8060523,CHEMBL1959681,CHEMBL1956815,CL,mL.min-1.kg-1,=,6.167,CHEMBL373,Canis lupus familiaris,"Clearance in dog at 1 mg/kg, iv and 4 mg/kg, po",A,C=C[C@@H]1C[C@]1(NC(=O)[C@@H]1C[C@@H](Oc2cc(-c3csc(NC(C)C)n3)nc3cc(OC)ccc23)CN1C(=O)[C@@H](NC(=O)OC1CCCC1)C(C)(C)C)P(=O)(O)Cc1c(F)cccc1F,6.167,mL.min-1.kg-1,species_only_dog
8060546,CHEMBL1960160,CHEMBL1779118,CL,mL.min-1.kg-1,=,6.0,CHEMBL373,Canis lupus familiaris,Clearance in dog,A,COc1ccc2c(O[C@@H]3C[C@H]4C(=O)N[C@]5(P(=O)(O)Cc6ccccc6)C[C@H]5CCCCCCC[C@H](NC(=O)OC5CCCC5)C(=O)N4C3)cc(-c3csc(NC(C)C)n3)nc2c1,6.0,mL.min-1.kg-1,species_only_dog
10840308,CHEMBL2014788,CHEMBL2012958,CL,mL.min-1.kg-1,=,6.7,CHEMBL373,Canis lupus familiaris,"Clearance in dog at 1 mg/kg, iv by LC-MS/MS analysis",A,Cc1nc2c(C#N)cccc2n1-c1ccc(C(=O)NC2CC2)s1,6.7,mL.min-1.kg-1,species_only_dog
10843067,CHEMBL2014835,CHEMBL2010836,CL,mL.min-1.kg-1,=,1.3,CHEMBL373,Canis lupus familiaris,"Plasma clearance in dog at 2 mg/kg, iv and 13 mg/kg, po",A,CN(C(=O)Cc1ccc(-n2cnnn2)cc1)C1CCN(Cc2ccc(C(F)(F)F)cc2)CC1,1.3,mL.min-1.kg-1,species_only_dog
10844120,CHEMBL2014591,CHEMBL2013174,CL,mL.min-1.kg-1,=,4.333,CHEMBL373,Canis lupus familiaris,"Clearance in dog at 1 mg/kg, iv and 4 mg/kg, po",A,CC[C@@H]1C[C@]1(NC(=O)[C@@H]1C[C@@H](Oc2cc(-c3csc(NC(C)C)n3)nc3c(Cl)c(OCCN4CCOCC4)ccc23)CN1C(=O)[C@@H](NC(=O)O[C@@H]1C[C@@H]2C[C@@H]2C1)C(C)(C)C)C(=O)O,4.333,mL.min-1.kg-1,species_only_dog
10844121,CHEMBL2014591,CHEMBL2013175,CL,mL.min-1.kg-1,=,0.5,CHEMBL373,Canis lupus familiaris,"Clearance in dog at 1 mg/kg, iv and 4 mg/kg, po",A,CC[C@@H]1C[C@]1(NC(=O)[C@@H]1C[C@@H](Oc2cc(-c3csc(NC(C)C)n3)nc3c(Cl)c(OCCN4CCOCC4(C)C)ccc23)CN1C(=O)[C@@H](NC(=O)O[C@@H]1C[C@@H]2C[C@@H]2C1)C(C)(C)C)C(=O)O,0.5,mL.min-1.kg-1,species_only_dog
10844122,CHEMBL2014591,CHEMBL2013176,CL,mL.min-1.kg-1,=,3.667,CHEMBL373,Canis lupus familiaris,"Clearance in dog at 1 mg/kg, iv and 4 mg/kg, po",A,CC[C@@H]1C[C@]1(NC(=O)[C@@H]1C[C@@H](Oc2cc(-c3csc(NC(C)C)n3)nc3c(Cl)c(OCCN4CC[C@@H](OC)C4)ccc23)CN1C(=O)[C@@H](NC(=O)O[C@@H]1C[C@@H]2C[C@@H]2C1)C(C)(C)C)C(=O)O,3.667,mL.min-1.kg-1,species_only_dog
10844123,CHEMBL2014591,CHEMBL2013177,CL,mL.min-1.kg-1,=,2.167,CHEMBL373,Canis lupus familiaris,"Clearance in dog at 1 mg/kg, iv and 4 mg/kg, po",A,CC[C@@H]1C[C@]1(NC(=O)[C@@H]1C[C@@H](Oc2cc(-c3csc(NC(C)C)n3)nc3c(Cl)c(OCCN4CCCCC4)ccc23)CN1C(=O)[C@@H](NC(=O)O[C@@H]1C[C@@H]2C[C@@H]2C1)C(C)(C)C)C(=O)O,2.167,mL.min-1.kg-1,species_only_dog
10847122,CHEMBL2014222,CHEMBL2011120,CL,mL.min-1.kg-1,=,8.0,CHEMBL373,Canis lupus familiaris,"Clearance in dog at 2.2 umol/kg, iv",A,CCOc1ccc([C@@H](C)Nc2nc(N3CCN(C(C)=O)CC3)nc3c2CN(C(C)C)C3=O)cc1,8.0,mL.min-1.kg-1,species_only_dog
10853067,CHEMBL2020281,CHEMBL2017974,CL,mL.min-1.kg-1,=,7.3,CHEMBL373,Canis lupus familiaris,"Clearance in beagle dog at 1 mg/kg, iv",A,Nc1cc(C(F)(F)F)c(-c2cc(N3CCOCC3)nc(N3CCOCC3)n2)cn1,7.3,mL.min-1.kg-1,species_only_dog
10854397,CHEMBL2019179,CHEMBL2018964,CL,mL.min-1.kg-1,=,18.0,CHEMBL373,Canis lupus familiaris,"Clearance in beagle dog at 0.54 mg/kg, iv and 1.1 mg/kg, po",A,COc1cccc2c1c(NS(=O)(=O)c1ccc(Cl)s1)nn2Cc1cccc(CNC(C)=O)c1,18.0,mL.min-1.kg-1,species_only_dog
10854402,CHEMBL2019183,CHEMBL2018969,CL,mL.min-1.kg-1,=,9.0,CHEMBL373,Canis lupus familiaris,"Clearance in beagle dog at 0.55 mg/kg, iv and 1.1 mg/kg, po",A,COc1cccc2c1c(NS(=O)(=O)c1ccc(Cl)s1)nn2Cc1cccc(CNC(=O)C(C)(C)O)c1,9.0,mL.min-1.kg-1,species_only_dog
10855501,CHEMBL2021091,CHEMBL2017195,CL,mL.min-1.kg-1,=,1.5,CHEMBL373,Canis lupus familiaris,"Clearance in beagle dog at 1 mg/kg, iv and 3 mg/kg, po after 72 hrs",A,CC[C@@H]1C[C@H](N(Cc2cc(C(F)(F)F)cc(C(F)(F)F)c2)c2nnn(C)n2)c2nc(C(F)(F)F)ccc2N1C(=O)OC(C)C,1.5,mL.min-1.kg-1,species_only_dog
10857040,CHEMBL2020139,CHEMBL2019090,CL,mL.min-1.kg-1,=,6.0,CHEMBL373,Canis lupus familiaris,"Clearance in beagle dog at 3 mg/kg, iv",A,CCc1c(C)cc(C(=O)NC2(C(=O)O)CCCCC2)c(=O)n1Cc1ccc(F)cc1,6.0,mL.min-1.kg-1,species_only_dog
10858796,CHEMBL2020589,CHEMBL2016893,CL,mL.min-1.kg-1,=,26.03,CHEMBL373,Canis lupus familiaris,Clearance in dog at 3 mg/kg,A,Cc1c(NCCN2CCCC2)cc(C(=O)CCC(F)(F)F)cc1N1CCN(c2ncnc3[nH]nc(Br)c23)CC1,26.03,mL.min-1.kg-1,species_only_dog
10866048,CHEMBL2027793,CHEMBL2023125,CL,mL.min-1.kg-1,=,12.9,CHEMBL373,Canis lupus familiaris,"Clearance in dog at 0.5 mg/kg, iv",A,CN[C@H](CNC(=O)N1CCC[C@@H]([C@@H](OCCNC(=O)OC)c2cccc(Cl)c2)C1)C[C@H]1CCCOC1.O=C(O)/C=C/C(=O)O,12.9,mL.min-1.kg-1,species_only_dog
10866049,CHEMBL2027792,CHEMBL3545059,CL,mL.min-1.kg-1,=,11.0,CHEMBL373,Canis lupus familiaris,"Clearance in dog at 1 mg/kg, iv",A,COCCCOc1cc(C[C@@H](C[C@H](N)[C@@H](O)C[C@H](C(=O)NCC(C)(C)C(N)=O)C(C)C)C(C)C)ccc1OC.COCCCOc1cc(C[C@@H](C[C@H](N)[C@@H](O)C[C@H](C(=O)NCC(C)(C)C(N)=O)C(C)C)C(C)C)ccc1OC.O=C(O)/C=C/C(=O)O,11.0,mL.min-1.kg-1,species_only_dog
10867484,CHEMBL2027450,CHEMBL119385,CL,mL.min-1.kg-1,=,39.0,CHEMBL373,Canis lupus familiaris,"Clearance in beagle dog at 13.8 mg/kg, iv",A,O=c1ncn2nc(Sc3ccc(F)cc3F)ccc2c1-c1c(Cl)cccc1Cl,39.0,mL.min-1.kg-1,species_only_dog
10868344,CHEMBL2026433,CHEMBL2023803,CL,mL.min-1.kg-1,=,2.5,CHEMBL373,Canis lupus familiaris,"Clearance in dog at 20 mg/kg, po",A,COc1ccc2c(Oc3ccc(CC(=O)Nc4cn(C)nc4C)c(OC)c3)ccnc2c1.O=S(=O)(O)O,2.5,mL.min-1.kg-1,species_only_dog
10868376,CHEMBL2026441,CHEMBL2023802,CL,mL.min-1.kg-1,=,11.5,CHEMBL373,Canis lupus familiaris,"Clearance in dog at 3 mg/kg, po",A,CCOc1cc2nccc(Oc3cnc(CC(=O)Nc4n[nH]c(CC)c4C)c(OC)c3)c2cc1OC,11.5,mL.min-1.kg-1,species_only_dog
10868432,CHEMBL2026433,CHEMBL2023489,CL,mL.min-1.kg-1,=,2.4,CHEMBL373,Canis lupus familiaris,"Clearance in dog at 20 mg/kg, po",A,COc1ccc2c(Oc3ccc(CC(=O)Nc4cn(C)nc4C)c(OC)c3)ccnc2c1,2.4,mL.min-1.kg-1,species_only_dog
10870196,CHEMBL2025446,CHEMBL1760437,CL,mL.min-1.kg-1,=,3.7,CHEMBL373,Canis lupus familiaris,Clearance in dog at 1 mg/kg,A,Cc1ccc(Cn2c(=O)[nH]c3c(N)nc(C(F)(F)F)cc32)cn1,3.7,mL.min-1.kg-1,species_only_dog
10883887,CHEMBL2032882,CHEMBL2032049,CL,mL.min-1.kg-1,=,8.833,CHEMBL373,Canis lupus familiaris,"Clearance in beagle dog at 0.5 mg/kg, iv",A,C[C@H]1c2c([nH]c3ccc(C(F)(F)F)cc23)C[C@H]2CCN(CCC3(C(=O)O)CCCCC3)C[C@@H]21,8.833,mL.min-1.kg-1,species_only_dog
10885408,CHEMBL2032978,CHEMBL2029422,CL,mL.min-1.kg-1,=,7.667,CHEMBL373,Canis lupus familiaris,"Clearance in dog at 2 mg/kg, iv",A,O=C(NCC(=O)N1CC[C@H](N[C@H]2CC[C@@](O)(c3ccc(-c4ncccn4)cn3)CC2)C1)c1cccc(C(F)(F)F)c1,7.667,mL.min-1.kg-1,species_only_dog
10886180,CHEMBL2033543,CHEMBL2029988,CL,mL.min-1.kg-1,=,5.0,CHEMBL373,Canis lupus familiaris,"Clearance in beagle dog at 1 mg/kg, iv and 10 mg/kg, po",A,COc1cc2ncnc(Oc3cccc(NC(=O)Nc4cc(C(C)(C)C(F)(F)F)on4)c3)c2cc1OC,5.0,mL.min-1.kg-1,species_only_dog
10888911,CHEMBL2034372,CHEMBL2031886,CL,mL.min-1.kg-1,=,23.0,CHEMBL373,Canis lupus familiaris,"Clearance in beagle dog at 2 mg/kg, iv administered as single bolus dose",A,CN(C)C(=O)c1ccc(-c2ccc3c(c2)CCN(CCN2CCCC2)C3=O)cc1.Cl,23.0,mL.min-1.kg-1,species_only_dog
10889542,CHEMBL2034176,CHEMBL2032130,CL,mL.min-1.kg-1,=,36.3,CHEMBL373,Canis lupus familiaris,"Plasma clearance in dog at 4.5 mg/kg, iv",A,CCNC(=O)NC(=O)[C@@H]1CCCN1C(=O)[C@H](CC1CCCC1)CN(O)C=O,36.3,mL.min-1.kg-1,species_only_dog
10890890,CHEMBL2033443,CHEMBL2029484,CL,mL.min-1.kg-1,=,2.5,CHEMBL373,Canis lupus familiaris,Clearance in beagle dog,A,CC[C@@H]1C[C@H](N(Cc2cc(C(F)(F)F)cc(C(F)(F)F)c2)c2nnn(CCN)n2)c2cc(C(F)(F)F)ccc2N1C(=O)OC(C)C,2.5,mL.min-1.kg-1,species_only_dog
10894952,CHEMBL2034467,CHEMBL2031227,CL,mL.min-1.kg-1,=,36.0,CHEMBL373,Canis lupus familiaris,Clearance in dog,A,Cc1ccc(NC(=O)c2ccc(C#N)cc2)cc1-n1cnc2ccc(N3CCN(C)CC3)cc2c1=O,36.0,mL.min-1.kg-1,species_only_dog
10894953,CHEMBL2034467,CHEMBL2031461,CL,mL.min-1.kg-1,=,19.0,CHEMBL373,Canis lupus familiaris,Clearance in dog,A,Cc1ccc(C(=O)Nc2ccon2)cc1-n1cnc2ccc(N3CCN(C)CC3)cc2c1=O,19.0,mL.min-1.kg-1,species_only_dog
10894954,CHEMBL2034467,CHEMBL2031465,CL,mL.min-1.kg-1,=,24.0,CHEMBL373,Canis lupus familiaris,Clearance in dog,A,Cc1ccc(C(=O)NC2CC2)cc1-n1cnc2ccc(N3CCN(C)CC3)cc2c1=O,24.0,mL.min-1.kg-1,species_only_dog
10896155,CHEMBL2033688,CHEMBL2031678,CL,mL.min-1.kg-1,=,6.667,CHEMBL373,Canis lupus familiaris,"Plasma clearance in beagle dog at 0.5 mg/kg, iv after 24 hrs by LC-MS/MS analysis",A,C[C@@]1(O)[C@H](O)[C@@H](CO)O[C@H]1c1ccc2c(N)ncnn12,6.667,mL.min-1.kg-1,species_only_dog
10897872,CHEMBL2038489,CHEMBL2036782,CL,mL.min-1.kg-1,=,17.0,CHEMBL373,Canis lupus familiaris,"Clearance in dog at 4 umol/kg, iv",A,CC(C)N1CCN[C@@H](C(=O)N2CCN(C(=O)Nc3ccc(Cl)c(Cl)c3)CC2)C1,17.0,mL.min-1.kg-1,species_only_dog
10908426,CHEMBL2039704,CHEMBL2037513,CL,mL.min-1.kg-1,=,19.0,CHEMBL373,Canis lupus familiaris,Clearance in dog at 0.6 mg/kg,A,CCC(CC)[C@@H]1C(=O)N[C@H](C2Cc3ccccc3C2)C(=O)N1[C@@H](C(=O)N(C)C)c1ccc(C)nc1,19.0,mL.min-1.kg-1,species_only_dog
10908427,CHEMBL2039704,CHEMBL2037512,CL,mL.min-1.kg-1,=,22.0,CHEMBL373,Canis lupus familiaris,Clearance in dog at 0.6 mg/kg,A,CCC(CC)[C@@H]1C(=O)N[C@H](C2Cc3ccccc3C2)C(=O)N1[C@@H](C(=O)NC)c1ccc(C)nc1,22.0,mL.min-1.kg-1,species_only_dog
10908428,CHEMBL2039704,CHEMBL2037511,CL,mL.min-1.kg-1,=,19.0,CHEMBL373,Canis lupus familiaris,Clearance in dog at 0.6 mg/kg,A,CC[C@H](C)[C@@H]1C(=O)N[C@H](C2Cc3ccccc3C2)C(=O)N1[C@@H](C(=O)N1CCOCC1)c1ccc(C)nc1C,19.0,mL.min-1.kg-1,species_only_dog
10908429,CHEMBL2039704,CHEMBL2037510,CL,mL.min-1.kg-1,=,14.0,CHEMBL373,Canis lupus familiaris,Clearance in dog at 0.6 mg/kg,A,CC[C@H](C)[C@@H]1C(=O)N[C@H](C2Cc3ccccc3C2)C(=O)N1[C@@H](C(=O)N(C)C)c1ccc(C)nc1C,14.0,mL.min-1.kg-1,species_only_dog
10908430,CHEMBL2039704,CHEMBL2037509,CL,mL.min-1.kg-1,=,22.0,CHEMBL373,Canis lupus familiaris,Clearance in dog at 0.6 mg/kg,A,CC[C@H](C)[C@@H]1C(=O)N[C@H](C2Cc3ccccc3C2)C(=O)N1[C@@H](C(=O)NC)c1ccc(C)nc1C,22.0,mL.min-1.kg-1,species_only_dog
10908431,CHEMBL2039704,CHEMBL2037507,CL,mL.min-1.kg-1,=,12.0,CHEMBL373,Canis lupus familiaris,Clearance in dog at 0.6 mg/kg,A,CC[C@H](C)[C@@H]1C(=O)N[C@H](C2Cc3ccccc3C2)C(=O)N1[C@@H](C(=O)N(C)C)c1cnc(C)cc1C,12.0,mL.min-1.kg-1,species_only_dog
10908432,CHEMBL2039704,CHEMBL2037502,CL,mL.min-1.kg-1,=,14.0,CHEMBL373,Canis lupus familiaris,Clearance in dog at 0.6 mg/kg,A,CC[C@H](C)[C@@H]1C(=O)N[C@H](C2Cc3ccccc3C2)C(=O)N1[C@@H](C(=O)N(C)C)c1ccc(C)[n+]([O-])c1,14.0,mL.min-1.kg-1,species_only_dog
10908433,CHEMBL2039704,CHEMBL2037501,CL,mL.min-1.kg-1,=,23.0,CHEMBL373,Canis lupus familiaris,Clearance in dog at 0.6 mg/kg,A,CC[C@H](C)[C@@H]1C(=O)N[C@H](C2Cc3ccccc3C2)C(=O)N1[C@@H](C(=O)N1CCOCC1)c1ccc(C)nc1,23.0,mL.min-1.kg-1,species_only_dog
10908434,CHEMBL2039704,CHEMBL2037500,CL,mL.min-1.kg-1,=,20.0,CHEMBL373,Canis lupus familiaris,Clearance in dog at 0.6 mg/kg,A,CC[C@@H](C)[C@@H]1C(=O)N[C@H](C2Cc3ccccc3C2)C(=O)N1[C@@H](C(=O)N1CCOCC1)c1ccc(C)nc1,20.0,mL.min-1.kg-1,species_only_dog
10908435,CHEMBL2039704,CHEMBL2037499,CL,mL.min-1.kg-1,=,10.0,CHEMBL373,Canis lupus familiaris,Clearance in dog at 0.6 mg/kg,A,CC[C@H](C)[C@@H]1C(=O)N[C@H](C2Cc3ccccc3C2)C(=O)N1[C@@H](C(=O)N(C)C)c1ccc(C)nc1,10.0,mL.min-1.kg-1,species_only_dog
10908436,CHEMBL2039704,CHEMBL2037497,CL,mL.min-1.kg-1,=,24.0,CHEMBL373,Canis lupus familiaris,Clearance in dog at 0.6 mg/kg,A,Cc1ccc([C@H](C(=O)N2CCOCC2)N2C(=O)[C@@H](C3Cc4ccccc4C3)NC(=O)[C@H]2CC(C)(C)C)cn1,24.0,mL.min-1.kg-1,species_only_dog
10908437,CHEMBL2039704,CHEMBL377414,CL,mL.min-1.kg-1,=,7.0,CHEMBL373,Canis lupus familiaris,Clearance in dog at 0.6 mg/kg,A,CC(C)C[C@@H]1C(=O)N[C@H](C2Cc3ccccc3C2)C(=O)N1[C@@H](C(=O)N(C)C)c1ccc(F)cc1F,7.0,mL.min-1.kg-1,species_only_dog
10908438,CHEMBL2039704,CHEMBL2037492,CL,mL.min-1.kg-1,=,17.0,CHEMBL373,Canis lupus familiaris,Clearance in dog at 0.6 mg/kg,A,Cc1ccc([C@H](C(=O)N2CCOCC2)N2C(=O)[C@@H](C3Cc4ccccc4C3)NC(=O)[C@H]2CC(C)C)cn1,17.0,mL.min-1.kg-1,species_only_dog
10908439,CHEMBL2039704,CHEMBL2037491,CL,mL.min-1.kg-1,=,6.0,CHEMBL373,Canis lupus familiaris,Clearance in dog at 0.6 mg/kg,A,Cc1ccc([C@H](C(=O)N(C)C)N2C(=O)[C@@H](C3Cc4ccccc4C3)NC(=O)[C@H]2CC(C)C)cn1,6.0,mL.min-1.kg-1,species_only_dog
10908440,CHEMBL2039704,CHEMBL2037486,CL,mL.min-1.kg-1,=,8.0,CHEMBL373,Canis lupus familiaris,Clearance in dog at 0.6 mg/kg,A,COc1ccc([C@H](C(=O)N(C)C)N2C(=O)[C@@H](C3Cc4ccccc4C3)NC(=O)[C@H]2CC(C)C)cn1,8.0,mL.min-1.kg-1,species_only_dog
10911670,CHEMBL2040035,CHEMBL2035983,CL,mL.min-1.kg-1,=,7.2,CHEMBL373,Canis lupus familiaris,"Clearance in dog at 0.5 mg/kg, iv",A,C[C@@]1(c2cc(F)cc(F)c2)CNC2(CCCC2)C(=O)N1CC(=O)Nc1cnc2c(c1)C[C@@]1(C2)C(=O)Nc2ncccc21,7.2,mL.min-1.kg-1,species_only_dog
10915264,CHEMBL2038452,CHEMBL2036730,CL,mL.min-1.kg-1,=,2.5,CHEMBL373,Canis lupus familiaris,"Plasma clearance in dog at 1 mg/kg, iv and 1 mg/kg, po",A,O=C(O)C[C@H]1CC[C@H](c2ccc(NC(=O)c3nnc(Nc4ccc(F)c(F)c4)o3)cc2)CC1,2.5,mL.min-1.kg-1,species_only_dog
10921228,CHEMBL2044746,CHEMBL1683351,CL,mL.min-1.kg-1,=,13.0,CHEMBL373,Canis lupus familiaris,"Clearance in dog at 10 mg/kg, po and 2 mg/kg, iv",A,N#Cc1ccc(N2CCN(Cc3cc(C(=O)O)c(=O)n4ccccc34)CC2)cc1,13.0,mL.min-1.kg-1,species_only_dog
10921320,CHEMBL2046078,CHEMBL2042829,CL,mL.min-1.kg-1,=,22.0,CHEMBL373,Canis lupus familiaris,"Plasma clearance in beagle dog at 1 mg/kg, iv by LC/MS/MS analysis",A,CCN1C(=O)CCCc2c1ccc(Nc1ncc(Cl)c(N[C@H]3[C@@H](C(N)=O)[C@@H]4C=C[C@H]3C4)n1)c2OC,22.0,mL.min-1.kg-1,species_only_dog
10923851,CHEMBL2045175,CHEMBL2043437,CL,mL.min-1.kg-1,=,3.9,CHEMBL373,Canis lupus familiaris,"Clearance in dog at 0.5 mg/kg, iv and 3 mg/kg, po",A,CN1CC[C@@H](NC(=O)Nc2ccc(C#N)cc2)C[C@@H]1c1nc2ccccc2[nH]1,3.9,mL.min-1.kg-1,species_only_dog
10923855,CHEMBL2045148,CHEMBL2043432,CL,mL.min-1.kg-1,=,18.0,CHEMBL373,Canis lupus familiaris,Plasma clearance in dog,A,CN1CC[C@@H](NC(=O)c2ccc3c(c2)OCCO3)C[C@@H]1c1nc2ccccc2[nH]1,18.0,mL.min-1.kg-1,species_only_dog
10924085,CHEMBL2044884,CHEMBL2042158,CL,mL.min-1.kg-1,=,11.0,CHEMBL373,Canis lupus familiaris,"Clearance in dog at 5.6 umol/kg, iv and 5.2 umol/kg, po",A,CC1=C(C(=O)N2CCC[C@H]2c2cc(C)no2)[C@@H](c2ccc(Cl)c(Cl)c2)n2nc(C(F)(F)F)cc2N1,11.0,mL.min-1.kg-1,species_only_dog
10924101,CHEMBL2044884,CHEMBL2042163,CL,mL.min-1.kg-1,=,29.0,CHEMBL373,Canis lupus familiaris,"Clearance in dog at 5.6 umol/kg, iv and 5.2 umol/kg, po",A,COCC1=C(C(=O)N2CCC[C@H]2c2cc(C)no2)[C@@H](c2cc3ccccc3n2C)n2nc(C(F)(F)F)cc2N1,29.0,mL.min-1.kg-1,species_only_dog
10927472,CHEMBL2046241,CHEMBL2043298,CL,mL.min-1.kg-1,=,10.0,CHEMBL373,Canis lupus familiaris,Clearance in dog at 3 mg/kg,A,CCc1ccc2c(c1)c(-c1ccc[nH]c1=O)c(C(=O)O)n2Cc1cc([N+](=O)[O-])ccc1F,10.0,mL.min-1.kg-1,species_only_dog
10931063,CHEMBL2046004,CHEMBL2043002,CL,mL.min-1.kg-1,=,1.3,CHEMBL373,Canis lupus familiaris,Clearance in dog,A,Cc1cccnc1CN1CCC2(CC1)C(=O)N(c1ccc(-c3ccccc3)cc1)C(=O)N2c1nccc(O)n1,1.3,mL.min-1.kg-1,species_only_dog
10932502,CHEMBL2045010,CHEMBL2043025,CL,mL.min-1.kg-1,=,9.0,CHEMBL373,Canis lupus familiaris,"Plasma clearance in dog at 10 mg/kg, po",A,COc1ccc2c(c1)C=C1Cn3c-2c(C2CCCCC2)c2ccc(cc23)C(=O)NS(=O)(=O)N(C)CCOCCN(C)C1=O,9.0,mL.min-1.kg-1,species_only_dog
10952581,CHEMBL2060594,CHEMBL2057803,CL,mL.min-1.kg-1,=,21.0,CHEMBL373,Canis lupus familiaris,"Clearance in beagle dog at 1 mg/kg, iv",A,Cc1nc(N2CCN(C)CC2)c2nc(-c3ccccc3Cl)n([C@@H]3CCOC3)c2n1,21.0,mL.min-1.kg-1,species_only_dog
10953758,CHEMBL2060061,CHEMBL2057614,CL,mL.min-1.kg-1,=,2.4,CHEMBL373,Canis lupus familiaris,Plasma clearance in dog,A,C[C@@H]1[C@@H]2Cc3c(C(=O)O)n[nH]c3[C@H]12,2.4,mL.min-1.kg-1,species_only_dog
10953759,CHEMBL2060061,CHEMBL2057618,CL,mL.min-1.kg-1,=,3.1,CHEMBL373,Canis lupus familiaris,Plasma clearance in dog,A,O=C(O)c1n[nH]c2c1C[C@H]1C[C@@H]21,3.1,mL.min-1.kg-1,species_only_dog
10958715,CHEMBL2061281,CHEMBL2059191,CL,mL.min-1.kg-1,=,13.0,CHEMBL373,Canis lupus familiaris,"Clearance in dog at 3 mg/kg, po",A,CCc1cc2cc(-c3c(C)nc(NCC(F)(F)F)nc3N[C@@H]3C[C@H](CO)[C@@H](O)[C@H]3O)oc2cn1.Cl,13.0,mL.min-1.kg-1,species_only_dog
10958716,CHEMBL2061281,CHEMBL2058961,CL,mL.min-1.kg-1,=,9.5,CHEMBL373,Canis lupus familiaris,"Clearance in dog at 3 mg/kg, po",A,CCOc1cc2cc(-c3c(C)nc(NCC4CC4)nc3N[C@@H]3C[C@H](CO)[C@@H](O)[C@H]3O)oc2c(C)n1.Cl,9.5,mL.min-1.kg-1,species_only_dog
10970385,CHEMBL2066653,CHEMBL2063872,CL,mL.min-1.kg-1,=,16.0,CHEMBL373,Canis lupus familiaris,"Clearance in Beagle dog at 1 mg/kg, iv",A,CN[C@@H](C)C(=O)N[C@H](C(=O)N1CCC[C@H]1C(=O)Nc1snnc1-c1ccccc1)C1CCCCC1.O=C(O)C(F)(F)F,16.0,mL.min-1.kg-1,species_only_dog
10970405,CHEMBL2066065,CHEMBL2063872,CL,mL.min-1.kg-1,=,19.0,CHEMBL373,Canis lupus familiaris,"Clearance in Beagle dog at 20 mg/kg, iv",A,CN[C@@H](C)C(=O)N[C@H](C(=O)N1CCC[C@H]1C(=O)Nc1snnc1-c1ccccc1)C1CCCCC1.O=C(O)C(F)(F)F,19.0,mL.min-1.kg-1,species_only_dog
10979647,CHEMBL2065538,CHEMBL2063078,CL,mL.min-1.kg-1,=,5.0,CHEMBL373,Canis lupus familiaris,"Clearance in beagle dog at 0.5 mg/kg, iv",A,C=C[C@@H]1C[C@]1(NC(=O)[C@@H]1C[C@@H]2CN1C(=O)[C@H](C(C)(C)C)NC(=O)O[C@@H]1C[C@H]1CCCCCc1nc3ccc(OC)cc3nc1O2)C(=O)[N-]S(=O)(=O)C1CC1.[K+],5.0,mL.min-1.kg-1,species_only_dog
10980077,CHEMBL2067490,CHEMBL2064628,CL,mL.min-1.kg-1,=,12.0,CHEMBL373,Canis lupus familiaris,Clearance in dog,A,CN(C)C[C@@H](OC(=O)N1Cc2c(NC(=O)C(C)(C)C)n[nH]c2C1(C)C)c1ccccc1,12.0,mL.min-1.kg-1,species_only_dog
10981518,CHEMBL2066402,CHEMBL2064666,CL,mL.min-1.kg-1,=,40.0,CHEMBL373,Canis lupus familiaris,"Plasma clearance in Beagle dog at 1 mg/kg, iv",A,COc1c(Nc2ncc(Cl)c(N[C@H]3[C@@H](C(N)=O)[C@@H]4C=C[C@H]3C4)n2)ccc2c1CC[C@@H](N1CCOCC1)CC2,40.0,mL.min-1.kg-1,species_only_dog
10982665,CHEMBL2073619,CHEMBL2070606,CL,mL.min-1.kg-1,=,11.0,CHEMBL373,Canis lupus familiaris,Clearance in iv dosed dog,A,CCc1nc(Cn2nnc3c(N)nc(C4CC4)nc32)cs1,11.0,mL.min-1.kg-1,species_only_dog
10982759,CHEMBL2073619,CHEMBL2070732,CL,mL.min-1.kg-1,=,8.5,CHEMBL373,Canis lupus familiaris,Clearance in iv dosed dog,A,Nc1nc(C(F)(F)F)nc2c1nnn2C[C@H]1CN(Cc2ccccn2)CCO1,8.5,mL.min-1.kg-1,species_only_dog
10982761,CHEMBL2073619,CHEMBL2070734,CL,mL.min-1.kg-1,=,7.0,CHEMBL373,Canis lupus familiaris,Clearance in iv dosed dog,A,Nc1nc(C2CC2)nc2c1nnn2C[C@H]1CN(Cc2ncccn2)CCO1,7.0,mL.min-1.kg-1,species_only_dog
10982762,CHEMBL2073619,CHEMBL2070735,CL,mL.min-1.kg-1,=,3.5,CHEMBL373,Canis lupus familiaris,Clearance in iv dosed dog,A,Cc1nc(N)c2nnn(C[C@H]3CN(Cc4nccs4)CCO3)c2n1,3.5,mL.min-1.kg-1,species_only_dog
10982763,CHEMBL2073619,CHEMBL2070736,CL,mL.min-1.kg-1,=,5.6,CHEMBL373,Canis lupus familiaris,Clearance in iv dosed dog,A,CCc1csc(CN2CCO[C@@H](Cn3nnc4c(N)nc(C)nc43)C2)n1,5.6,mL.min-1.kg-1,species_only_dog
10982764,CHEMBL2073619,CHEMBL2070737,CL,mL.min-1.kg-1,=,4.8,CHEMBL373,Canis lupus familiaris,Clearance in iv dosed dog,A,Cc1nc(N)c2nnn(C[C@H]3CN(Cc4cc(F)cc(F)c4)CCO3)c2n1,4.8,mL.min-1.kg-1,species_only_dog
10992589,CHEMBL2073619,CHEMBL2070592,CL,mL.min-1.kg-1,=,22.0,CHEMBL373,Canis lupus familiaris,Clearance in iv dosed dog,A,Nc1nc(C(F)(F)F)nc2c1nnn2C[C@H]1CCCO1,22.0,mL.min-1.kg-1,species_only_dog
10992821,CHEMBL2073654,CHEMBL2070937,CL,mL.min-1.kg-1,=,13.0,CHEMBL373,Canis lupus familiaris,"Plasma clearance in beagle dog at 1 mg/kg, iv and 1 mg/kg, po",A,N#CC1(NC(=O)[C@@H]2CCCC[C@H]2C(=O)N2CCN(c3nc4ccccc4s3)CC2)CC1,13.0,mL.min-1.kg-1,species_only_dog
10993928,CHEMBL2072313,CHEMBL2071136,CL,mL.min-1.kg-1,=,9.8,CHEMBL373,Canis lupus familiaris,"Clearance in dog at 3 mg/kg, po",A,Cc1nc(N[C@H](C)c2ccc(OC(F)(F)F)cc2)nc(N[C@@H]2C[C@H](CO)[C@@H](O)[C@H]2O)c1-c1nc2c(C)nccc2s1.Cl,9.8,mL.min-1.kg-1,species_only_dog
10993929,CHEMBL2072313,CHEMBL2071103,CL,mL.min-1.kg-1,=,4.2,CHEMBL373,Canis lupus familiaris,"Clearance in dog at 3 mg/kg, po",A,Cc1nc(N[C@H](C)c2ccc(OC(F)(F)F)cc2)nc(N[C@@H]2C[C@H](CO)[C@@H](O)[C@H]2O)c1-c1nc2c(C3CC3)nccc2s1.Cl,4.2,mL.min-1.kg-1,species_only_dog
10995714,CHEMBL2072702,CHEMBL2041933,CL,mL.min-1.kg-1,=,35.7,CHEMBL373,Canis lupus familiaris,Clearance in dog,A,NC(=O)Nc1cc(-c2cccc(F)c2)sc1C(=O)N[C@H]1CCCNC1,35.7,mL.min-1.kg-1,species_only_dog
11011064,CHEMBL2090347,CHEMBL2088583,CL,mL.min-1.kg-1,=,2.8,CHEMBL373,Canis lupus familiaris,"Clearance in dog at 0.25 mg/kg, iv or 2 mg/kg, po",A,Cc1nnc(-c2ccc(F)c(-c3c(=O)ccn4nc(Oc5ccc(F)cc5F)ccc34)c2)o1,2.8,mL.min-1.kg-1,species_only_dog
11011065,CHEMBL2090347,CHEMBL2088591,CL,mL.min-1.kg-1,=,4.1,CHEMBL373,Canis lupus familiaris,"Clearance in dog at 0.25 mg/kg, iv or 2 mg/kg, po",A,COc1ccc(-c2nnc(C)o2)cc1-c1c(=O)ccn2nc(Oc3ccc(F)cc3F)ccc12,4.1,mL.min-1.kg-1,species_only_dog
11013973,CHEMBL2092282,CHEMBL2087421,CL,mL.min-1.kg-1,=,12.7,CHEMBL373,Canis lupus familiaris,"Clearance in Beagle dog at 5 mg/kg, po and 1 mg/kg, iv",A,COc1cc(C)c(S(=O)(=O)N(C)CCOCC(=O)N2CCN(C3CCN(C)CC3)CC2)c(C)c1,12.7,mL.min-1.kg-1,species_only_dog
11017195,CHEMBL2092464,CHEMBL2087500,CL,mL.min-1.kg-1,=,9.9,CHEMBL373,Canis lupus familiaris,"Clearance in beagle dog at 1 mg/kg, iv",A,Cc1ccc(C(=O)NC2CC2)cc1-c1ccn2c(C(C)(C)C)nnc2c1,9.9,mL.min-1.kg-1,species_only_dog
11017196,CHEMBL2092464,CHEMBL2087501,CL,mL.min-1.kg-1,=,6.2,CHEMBL373,Canis lupus familiaris,"Clearance in beagle dog at 1 mg/kg, iv",A,Cc1c(F)cc(C(=O)NC2CC2)cc1-c1ccn2c(C(C)(C)C)nnc2c1,6.2,mL.min-1.kg-1,species_only_dog
11017197,CHEMBL2092464,CHEMBL2087742,CL,mL.min-1.kg-1,=,2.7,CHEMBL373,Canis lupus familiaris,"Clearance in beagle dog at 1 mg/kg, iv",A,Cc1c(F)cc(C(=O)NC2CC2)cc1-c1c(F)cn2c(C(C)(C)C)nnc2c1F,2.7,mL.min-1.kg-1,species_only_dog
11018904,CHEMBL2089942,CHEMBL2086690,CL,mL.min-1.kg-1,=,3.6,CHEMBL373,Canis lupus familiaris,"Plasma clearance in Beagle dog at 2 mg/kg, iv and 13 mg/kg, po",A,CC(C)c1nc(N2CCN(c3ncc(OCc4ccncc4C#N)cn3)[C@H](C)C2)no1,3.6,mL.min-1.kg-1,species_only_dog
12039631,CHEMBL2149757,CHEMBL2146721,CL,mL.min-1.kg-1,=,4.9,CHEMBL373,Canis lupus familiaris,"Clearance in dog at 1 mg/kg, po and 1 mg/kg, iv",A,O=C(NC[C@]1(CC2CC2)CC[C@H](S(=O)(=O)CC2CC2)CC1)c1ccc(Cl)cc1Cl,4.9,mL.min-1.kg-1,species_only_dog
12040432,CHEMBL2150380,CHEMBL2146752,CL,mL.min-1.kg-1,=,14.0,CHEMBL373,Canis lupus familiaris,"Plasma clearance in dog at 1 mg/kg, iv",A,CC1CCN([C@H](c2ccc(F)cc2)c2ccc([C@@H](C)C(=O)O)cc2-c2ccc(C(F)(F)F)cc2)CC1.Cl,14.0,mL.min-1.kg-1,species_only_dog
12050284,CHEMBL2154378,CHEMBL2151145,CL,mL.min-1.kg-1,=,3.6,CHEMBL373,Canis lupus familiaris,Systemic clearance in dog at 10 mg/kg,A,Cc1ncoc1-c1ccc(CC(=O)N[C@H](C)c2ccc(OCC(F)(F)F)cn2)cc1,3.6,mL.min-1.kg-1,species_only_dog
12050285,CHEMBL2154378,CHEMBL2151147,CL,mL.min-1.kg-1,=,11.8,CHEMBL373,Canis lupus familiaris,Systemic clearance in dog at 10 mg/kg,A,Cc1nccnc1-c1ccc(CC(=O)N[C@H](C)c2ccc(OCC(F)(F)F)cn2)cc1,11.8,mL.min-1.kg-1,species_only_dog
12051558,CHEMBL2154698,CHEMBL2151322,CL,mL.min-1.kg-1,=,15.2,CHEMBL373,Canis lupus familiaris,"Clearance in beagle dog at 10 mg/kg, po and 2 mg/kg, iv",A,CC(C)Oc1cc(-n2cnc3ccc(N[C@@H](CO)c4ccc(F)cn4)nc32)n[nH]1,15.2,mL.min-1.kg-1,species_only_dog
12052174,CHEMBL2156406,CHEMBL2153191,CL,mL.min-1.kg-1,=,7.0,CHEMBL373,Canis lupus familiaris,Plasma clearance in dog at 1 to 3 mg/kg,A,CCCSc1nc(N2CCC[C@@H](CC(=O)O)C2)ccc1C(=O)NC1CCCCC1,7.0,mL.min-1.kg-1,species_only_dog
12067787,CHEMBL2160912,CHEMBL2159511,CL,mL.min-1.kg-1,=,1.7,CHEMBL373,Canis lupus familiaris,"Clearance in dog at 2.5 mg/kg, iv administered with 0.4% HPMC",A,CS(=O)(=O)CC[C@@H]1OCC[C@@]2(S(=O)(=O)c3ccc(Cl)cc3)c3c(F)ccc(F)c3OC[C@@H]12,1.7,mL.min-1.kg-1,species_only_dog
12068064,CHEMBL2162410,CHEMBL2159210,CL,mL.min-1.kg-1,=,5.8,CHEMBL373,Canis lupus familiaris,"Clearance in beagle dog at 0.4 mg/kg, iv",A,Cc1nc2cnc3[nH]ccc3c2n1[C@@H]1CCC[C@@H](O)C1,5.8,mL.min-1.kg-1,species_only_dog
12073194,CHEMBL2162176,CHEMBL2158464,CL,mL.min-1.kg-1,=,11.0,CHEMBL373,Canis lupus familiaris,"Plasma clearance in dog at 1 mg/kg, po and iv",A,CCCSc1nc(C)ccc1C(=O)N[C@H]1C2CC3CC1C[C@](O)(C3)C2,11.0,mL.min-1.kg-1,species_only_dog
12073195,CHEMBL2162176,CHEMBL2158465,CL,mL.min-1.kg-1,=,9.9,CHEMBL373,Canis lupus familiaris,"Plasma clearance in dog at 1 mg/kg, po and iv",A,CCCSc1nc(C)ncc1C(=O)N[C@H]1C2CC3CC1C[C@](O)(C3)C2,9.9,mL.min-1.kg-1,species_only_dog
12073196,CHEMBL2162176,CHEMBL2158470,CL,mL.min-1.kg-1,=,18.0,CHEMBL373,Canis lupus familiaris,"Plasma clearance in dog at 1 mg/kg, po and iv",A,CCCSc1nc(N2CCOCC2)ccc1C(=O)N[C@H]1C2CC3CC1C[C@](O)(C3)C2,18.0,mL.min-1.kg-1,species_only_dog
12073197,CHEMBL2162176,CHEMBL2158471,CL,mL.min-1.kg-1,=,17.0,CHEMBL373,Canis lupus familiaris,"Plasma clearance in dog at 1 mg/kg, po and iv",A,CCCSc1nc(N2CCOCC2)ncc1C(=O)N[C@H]1C2CC3CC1C[C@](O)(C3)C2,17.0,mL.min-1.kg-1,species_only_dog
12073198,CHEMBL2162176,CHEMBL2158479,CL,mL.min-1.kg-1,=,3.5,CHEMBL373,Canis lupus familiaris,"Plasma clearance in dog at 1 mg/kg, po and iv",A,Cc1ncc(C(=O)N[C@H]2C3CC4CC2C[C@](O)(C4)C3)c(C2CCCC2)n1,3.5,mL.min-1.kg-1,species_only_dog
12073199,CHEMBL2162176,CHEMBL2158480,CL,mL.min-1.kg-1,=,17.0,CHEMBL373,Canis lupus familiaris,"Plasma clearance in dog at 1 mg/kg, po and iv",A,Cc1ccc(C(=O)N[C@H]2C3CC4CC2C[C@](O)(C4)C3)c(C2CC2)n1,17.0,mL.min-1.kg-1,species_only_dog
12073200,CHEMBL2162176,CHEMBL2158481,CL,mL.min-1.kg-1,=,7.9,CHEMBL373,Canis lupus familiaris,"Plasma clearance in dog at 1 mg/kg, po and iv",A,O=C(N[C@H]1C2CC3CC1C[C@](O)(C3)C2)c1ccc(N2CCOCC2)nc1C1CC1,7.9,mL.min-1.kg-1,species_only_dog
12073201,CHEMBL2162176,CHEMBL2158485,CL,mL.min-1.kg-1,=,8.6,CHEMBL373,Canis lupus familiaris,"Plasma clearance in dog at 1 mg/kg, po and iv",A,O=C(N[C@H]1C2CC3CC1C[C@](O)(C3)C2)c1cnc(N2CCOCC2)nc1C1CC1,8.6,mL.min-1.kg-1,species_only_dog
12077474,CHEMBL2160828,CHEMBL1933349,CL,mL.min-1.kg-1,=,0.18,CHEMBL373,Canis lupus familiaris,"Plasma clearance in dog at 0.5 mg/kg, iv and 0.5 mg/kg, po",A,COc1ccc2cc(-c3cc(-c4cc(Cl)cc(Cl)c4)nn3[C@@H](C)c3ccc(C(=O)NCCC(=O)O)cc3)ccc2c1,0.18,mL.min-1.kg-1,species_only_dog
12082340,CHEMBL2168810,CHEMBL2165620,CL,mL.min-1.kg-1,=,35.0,CHEMBL373,Canis lupus familiaris,"Clearance in dog at 1 mg/kg, iv",A,O=C(O)c1ccc(NC(=O)[C@H](CC2CCCC2)n2cnc(C(F)(F)F)c2)nc1,35.0,mL.min-1.kg-1,species_only_dog
12084014,CHEMBL2166748,CHEMBL2165063,CL,mL.min-1.kg-1,=,8.5,CHEMBL373,Canis lupus familiaris,"Clearance in Beagle dog at 3 mg/kg, iv administered as bolus dose and 10 mg/kg, po",A,COc1ccc2ncc(=O)n(CCN3CCC(NCc4ccc5c(n4)NC(=O)CO5)CC3)c2c1,8.5,mL.min-1.kg-1,species_only_dog
12084015,CHEMBL2166748,CHEMBL2165062,CL,mL.min-1.kg-1,=,18.0,CHEMBL373,Canis lupus familiaris,"Clearance in Beagle dog at 3 mg/kg, iv administered as bolus dose and 10 mg/kg, po",A,N#Cc1ccc2ccc(=O)n(CCN3CCC(NCc4cc5c(cn4)OCCO5)CC3)c2c1,18.0,mL.min-1.kg-1,species_only_dog
12084890,CHEMBL2166747,CHEMBL2165066,CL,mL.min-1.kg-1,=,7.3,CHEMBL373,Canis lupus familiaris,"Clearance in Beagle dog at 10 mg/kg, iv administered as infusion and po",A,N#Cc1ccc2ccc(=O)n(CCN3CC[C@@H](NCc4ccc5c(n4)NC(=O)CO5)[C@@H](F)C3)c2c1,7.3,mL.min-1.kg-1,species_only_dog
12084903,CHEMBL2166747,CHEMBL2165064,CL,mL.min-1.kg-1,=,6.2,CHEMBL373,Canis lupus familiaris,"Clearance in Beagle dog at 10 mg/kg, iv administered as infusion and po",A,N#Cc1ccc2ccc(=O)n(CCN3CC[C@H](NCc4cc5c(cn4)OCCO5)[C@H](F)C3)c2c1,6.2,mL.min-1.kg-1,species_only_dog
12086025,CHEMBL2166072,CHEMBL2165861,CL,mL.min-1.kg-1,=,70.0,CHEMBL373,Canis lupus familiaris,"Clearance in beagle dog at 1.2 mg/kg, iv",A,COc1cnc(OC)c2c1c(C(=O)C(=O)N1CCN(C(=O)c3ccccc3)CC1)cn2COP(=O)(O)O.NCCCC[C@H](N)C(=O)O,70.0,mL.min-1.kg-1,species_only_dog
12086821,CHEMBL2169317,CHEMBL1783734,CL,mL.min-1.kg-1,=,19.66,CHEMBL373,Canis lupus familiaris,"Plasma clearance in dog at 10 mg/kg, iv",A,CS(=O)(=O)c1ccc([C@@H](C[C@H]2CCC(=O)C2)C(=O)Nc2cnccn2)cc1Cl,19.66,mL.min-1.kg-1,species_only_dog
12090397,CHEMBL2166358,CHEMBL2103873,CL,mL.min-1.kg-1,=,5.4,CHEMBL373,Canis lupus familiaris,"Clearance in beagle dog at 1 mg/kg, iv",A,CCCNS(=O)(=O)Nc1ncnc(OCCOc2ncc(Br)cn2)c1-c1ccc(Br)cc1,5.4,mL.min-1.kg-1,species_only_dog
12091333,CHEMBL2168528,CHEMBL2164210,CL,mL.min-1.kg-1,=,39.2,CHEMBL373,Canis lupus familiaris,"Clearance in dog at 5 umol/kg, iv",A,CONC(=O)N(Cc1ccsc1)C1CCN([C@H](C)CCNC(=O)c2c(C)cc(C#N)nc2Cl)CC1,39.2,mL.min-1.kg-1,species_only_dog
12091334,CHEMBL2168528,CHEMBL2164209,CL,mL.min-1.kg-1,=,40.3,CHEMBL373,Canis lupus familiaris,"Clearance in dog at 5 umol/kg, iv",A,CONC(=O)N(Cc1ccsc1)C1CCN([C@H](C)CCNC(=O)c2c(C)cc(Cl)[n+]([O-])c2Cl)CC1,40.3,mL.min-1.kg-1,species_only_dog
12091335,CHEMBL2168528,CHEMBL2164208,CL,mL.min-1.kg-1,=,29.5,CHEMBL373,Canis lupus familiaris,"Clearance in dog at 5 umol/kg, iv",A,CONC(=O)N(Cc1ccsc1)C1CCN([C@H](C)CCNC(=O)c2c(C)cc(C(=O)NC(C)C)nc2C)CC1,29.5,mL.min-1.kg-1,species_only_dog
12091487,CHEMBL2168554,CHEMBL2023109,CL,mL.min-1.kg-1,=,2.9,CHEMBL373,Canis lupus familiaris,"Plasma clearance in dog at 0.5 mg/kg, iv",A,CC(C)(O)c1nc(-c2cccc3c2N(S(=O)(=O)c2ccc(OC(F)(F)F)cc2)Cc2ccc(C(F)(F)F)nc2N3)no1,2.9,mL.min-1.kg-1,species_only_dog
12092126,CHEMBL2168716,CHEMBL2163360,CL,mL.min-1.kg-1,=,7.2,CHEMBL373,Canis lupus familiaris,"Plasma clearance in Beagle dog at 1.0 mg/kg, po and 1.0 mg/kg, iv administered as single dose",A,N#CC1(NC(=O)[C@@H]2CCCC[C@H]2C(=O)N2CCc3[nH]c4ncccc4c3C2)CC1,7.2,mL.min-1.kg-1,species_only_dog
12092127,CHEMBL2168716,CHEMBL2163587,CL,mL.min-1.kg-1,=,10.0,CHEMBL373,Canis lupus familiaris,"Plasma clearance in Beagle dog at 1.0 mg/kg, po and 1.0 mg/kg, iv administered as single dose",A,COc1cccc2c3c([nH]c12)CCN(C(=O)[C@@H]1CCCC[C@H]1C(=O)NC1(C#N)CC1)C3,10.0,mL.min-1.kg-1,species_only_dog
12092128,CHEMBL2168716,CHEMBL2164678,CL,mL.min-1.kg-1,=,10.0,CHEMBL373,Canis lupus familiaris,"Plasma clearance in Beagle dog at 1.0 mg/kg, po and 1.0 mg/kg, iv administered as single dose",A,N#CC1(NC(=O)[C@@H]2CCCC[C@H]2C(=O)N2CCc3[nH]c4ccc(F)cc4c3C2)CC1,10.0,mL.min-1.kg-1,species_only_dog
12092502,CHEMBL2169270,CHEMBL2164602,CL,mL.min-1.kg-1,=,38.33,CHEMBL373,Canis lupus familiaris,"Clearance in Beagle dog at 1 mg/kg, iv and 5 mg/kg, po",A,O=C(Nc1cccnc1)N1CCN(Cc2cccc(Oc3ccc(Cl)cc3)c2)CC1,38.33,mL.min-1.kg-1,species_only_dog
12094747,CHEMBL2167585,CHEMBL2165189,CL,mL.min-1.kg-1,=,18.0,CHEMBL373,Canis lupus familiaris,"Clearance in fasted Beagle dog at 1 umol/kg, iv and 2 umol/kg, po",A,C[C@H]1CN(c2cc(N(CCO)Cc3cccc4ccccc34)[nH]c(=O)n2)CCO1,18.0,mL.min-1.kg-1,species_only_dog
12102741,CHEMBL2173116,CHEMBL2170001,CL,mL.min-1.kg-1,=,1.1,CHEMBL373,Canis lupus familiaris,"Clearance in beagle dog at 1 mg/kg, iv",A,O=C(c1nc2c(C(F)(F)F)cc(C3CC3)cn2c1Cl)N1CCN([C@H]2CC[C@H](O)CC2)C(=O)C1,1.1,mL.min-1.kg-1,species_only_dog
12103534,CHEMBL2175383,CHEMBL2171670,CL,mL.min-1.kg-1,=,0.84,CHEMBL373,Canis lupus familiaris,"Total clearance in fed beagle dog at 1 mg/kg, iv measured up to 24 hrs",A,COC(=O)c1[nH]cc(C(=O)NCc2ccc(F)cc2)c(=O)c1O,0.84,mL.min-1.kg-1,species_only_dog
12105275,CHEMBL2176265,CHEMBL2172315,CL,mL.min-1.kg-1,=,2.783,CHEMBL373,Canis lupus familiaris,Plasma clearance in Beagle dog,A,CC(C)NC(=O)[C@H]1CC[C@@H](n2/c(=N/C(=O)c3cc(F)cc(F)c3)[nH]c3ccc(CN4CCC(C(C)(C)O)CC4)cc32)CC1,2.783,mL.min-1.kg-1,species_only_dog
12105276,CHEMBL2176265,CHEMBL2172308,CL,mL.min-1.kg-1,=,3.35,CHEMBL373,Canis lupus familiaris,Plasma clearance in Beagle dog,A,CC(C)NC(=O)[C@H]1CC[C@@H](n2/c(=N/C(=O)c3ccc(F)cc3)[nH]c3ccc(CN4CCC(C(C)(C)O)CC4)cc32)CC1,3.35,mL.min-1.kg-1,species_only_dog
12105497,CHEMBL2174964,CHEMBL2171942,CL,mL.min-1.kg-1,=,25.0,CHEMBL373,Canis lupus familiaris,Clearance in dog,A,CCc1nc2ccccc2n1-c1nc(N2CCOCC2)c2nc(CN3CC(C4CCOCC4)C3)n(C)c2n1,25.0,mL.min-1.kg-1,species_only_dog
12105499,CHEMBL2174964,CHEMBL2171944,CL,mL.min-1.kg-1,=,5.0,CHEMBL373,Canis lupus familiaris,Clearance in dog,A,CCc1nc2ccccc2n1-c1nc(N2CCOCC2)c2nc(CN3CCC(C(C)(C)O)CC3)n(C)c2n1,5.0,mL.min-1.kg-1,species_only_dog
12105857,CHEMBL2174693,CHEMBL2171993,CL,mL.min-1.kg-1,=,12.0,CHEMBL373,Canis lupus familiaris,"Plasma clearance in Beagle dog at 1 mg/kg, iv and 1 mg/kg, po",A,COc1ccc(N2CCN(C(=O)[C@@H]3CCCC[C@H]3C(=O)NC3(C#N)CC3)CC2)cc1OC,12.0,mL.min-1.kg-1,species_only_dog
12105865,CHEMBL2174693,CHEMBL2172005,CL,mL.min-1.kg-1,=,8.7,CHEMBL373,Canis lupus familiaris,"Plasma clearance in Beagle dog at 1 mg/kg, iv and 1 mg/kg, po",A,COc1ccc(N2CCN(C(=O)[C@@H]3CCCC[C@H]3C(=O)NC3(C#N)CC3)[C@H](C)C2)cc1OC,8.7,mL.min-1.kg-1,species_only_dog
12116215,CHEMBL2172965,CHEMBL2171124,CL,mL.min-1.kg-1,=,12.5,CHEMBL373,Canis lupus familiaris,"Blood clearance in Beagle dog at 2.7 mg/kg, iv by LC/MS/MS analysis",A,Cn1cc(-c2ccc3c(c2)CCN3C(=O)Cc2cccc(C(F)(F)F)c2)c2c(N)ncnc21,12.5,mL.min-1.kg-1,species_only_dog
12133643,CHEMBL2182635,CHEMBL2179583,CL,mL.min-1.kg-1,=,40.0,CHEMBL373,Canis lupus familiaris,Clearance in iv dosed dog,A,CC(C)n1c(=O)n(C(=O)NCC2CCN(CC3(O)CCOCC3)CC2)c2cc(F)ccc21,40.0,mL.min-1.kg-1,species_only_dog
12133665,CHEMBL2182635,CHEMBL2152922,CL,mL.min-1.kg-1,=,21.2,CHEMBL373,Canis lupus familiaris,Clearance in iv dosed dog,A,OC1(CN2CCC(COc3noc4cccc(O[C@@H]5CCOC5)c34)CC2)CCOCC1,21.2,mL.min-1.kg-1,species_only_dog
12133673,CHEMBL2182635,CHEMBL2179582,CL,mL.min-1.kg-1,=,12.4,CHEMBL373,Canis lupus familiaris,Clearance in iv dosed dog,A,CC1(C)C(=O)N(C(=O)NCC2CCN(CC3(O)CCOCC3)CC2)c2cc(F)ccc21,12.4,mL.min-1.kg-1,species_only_dog
12135134,CHEMBL2184274,CHEMBL2181880,CL,mL.min-1.kg-1,=,6.55,CHEMBL373,Canis lupus familiaris,"Clearance in beagle dog at 2 mg/kg, iv",A,CO[C@H](C)C(=O)N[C@@H](Cc1ccc2c(c1)OCO2)[C@H](O)CN[C@H]1CC2(CCC2)Oc2ncc(CC(C)(C)C)cc21,6.55,mL.min-1.kg-1,species_only_dog
12135260,CHEMBL2186623,CHEMBL2181911,CL,mL.min-1.kg-1,=,3.833,CHEMBL373,Canis lupus familiaris,"Clearance in beagle dog at 2 mg/kg, iv",A,CO[C@H](C)C(=O)N[C@@H](Cc1cccc(-c2nccs2)c1)[C@H](O)CN[C@H]1CC2(CCC2)Oc2ncc(CC(C)(C)C)cc21,3.833,mL.min-1.kg-1,species_only_dog
12141944,CHEMBL2185344,CHEMBL2179222,CL,mL.min-1.kg-1,=,12.0,CHEMBL373,Canis lupus familiaris,"Clearance in beagle dog at 1 mg/kg, iv",A,COc1ccc(S(=O)(=O)n2cc(C)c3cc(Cl)cnc32)cc1NC1CCN(C)CC1,12.0,mL.min-1.kg-1,species_only_dog
12143021,CHEMBL2187400,CHEMBL2047159,CL,mL.min-1.kg-1,=,0.4965,CHEMBL373,Canis lupus familiaris,"Clearance in fasted dog at 0.5 mg/kg, iv",A,Cc1cc(OCCCS(C)(=O)=O)cc(C)c1-c1cccc(COc2ccc3c(c2)OC[C@H]3CC(=O)O)c1.O,0.4965,mL.min-1.kg-1,species_only_dog
12148735,CHEMBL2186438,CHEMBL2179014,CL,mL.min-1.kg-1,=,14.0,CHEMBL373,Canis lupus familiaris,"Clearance in female beagle dog at 0.6 umol/kg, iv",A,O=C(N[C@H]1C2CC3CC1C[C@](O)(C3)C2)c1cnc(N[C@H]2CCOC2)nc1C1CCCC1,14.0,mL.min-1.kg-1,species_only_dog
12148736,CHEMBL2186439,CHEMBL2179014,CL,mL.min-1.kg-1,=,17.0,CHEMBL373,Canis lupus familiaris,"Clearance in male beagle dog at 0.6 umol/kg, iv",A,O=C(N[C@H]1C2CC3CC1C[C@](O)(C3)C2)c1cnc(N[C@H]2CCOC2)nc1C1CCCC1,17.0,mL.min-1.kg-1,species_only_dog
12148793,CHEMBL2187370,CHEMBL2179452,CL,mL.min-1.kg-1,=,29.0,CHEMBL373,Canis lupus familiaris,"Clearance in female beagle dog at 1 umol/kg, iv",A,O=C(N[C@H]1C2CC3CC1C[C@](O)(C3)C2)c1cnc(NC2CCOCC2)nc1C1CCC1,29.0,mL.min-1.kg-1,species_only_dog
12148794,CHEMBL2187369,CHEMBL2179452,CL,mL.min-1.kg-1,=,19.0,CHEMBL373,Canis lupus familiaris,"Clearance in male beagle dog at 1 umol/kg, iv",A,O=C(N[C@H]1C2CC3CC1C[C@](O)(C3)C2)c1cnc(NC2CCOCC2)nc1C1CCC1,19.0,mL.min-1.kg-1,species_only_dog
12150708,CHEMBL2183220,CHEMBL4297354,CL,mL.min-1.kg-1,=,1.2,CHEMBL373,Canis lupus familiaris,"Clearance in Beagle dog at 27.2 uM/kg, po or 1.4 uM/kg, iv",A,Cc1nc(C)c(-c2ccc(C3CCC(CC(=O)O)CC3)cc2)nc1C(N)=O,1.2,mL.min-1.kg-1,species_only_dog
12151645,CHEMBL2185375,CHEMBL2179105,CL,mL.min-1.kg-1,=,11.7,CHEMBL373,Canis lupus familiaris,"Clearance in fasted dog at 0.3 mg/kg, iv",A,C[C@@H]1CN(Cc2ncccn2)C[C@H]1c1nc2c(cnn2C2CCOCC2)c(=O)[nH]1,11.7,mL.min-1.kg-1,species_only_dog
12152070,CHEMBL2184699,CHEMBL2180070,CL,mL.min-1.kg-1,=,6.5,CHEMBL373,Canis lupus familiaris,Clearance in dog,A,C[C@H](c1nc2c(cnn2C2CCCC2)c(=O)[nH]1)N1CC(c2ncccn2)C1,6.5,mL.min-1.kg-1,species_only_dog
12153520,CHEMBL2184647,CHEMBL2179510,CL,mL.min-1.kg-1,=,19.0,CHEMBL373,Canis lupus familiaris,"Clearance in dog at 2 mg/kg, iv",A,Cc1noc(-c2ccc3c(c2)c2c(n3CCCSc3cc(F)cc(F)c3)CCCC2)n1,19.0,mL.min-1.kg-1,species_only_dog
12154392,CHEMBL2184076,CHEMBL2177609,CL,mL.min-1.kg-1,=,0.3,CHEMBL373,Canis lupus familiaris,Plasma clearance in dog at 1 and 3 mg/kg,A,CC(C)(C)c1c(C(=O)NC2C3CC4CC(C3)CC2C4)cnn1-c1ccc(C(=O)O)cc1,0.3,mL.min-1.kg-1,species_only_dog
12159973,CHEMBL2186082,CHEMBL2181643,CL,mL.min-1.kg-1,=,4.3,CHEMBL373,Canis lupus familiaris,"Clearance in dog at 2 mg/kg, iv",A,Cn1c(-c2cnccn2)c(C2CCCC2)c2ccc(C(=O)NC3(C(=O)Nc4ccc(/C=C/C(=O)O)cc4)CCC3)cc21,4.3,mL.min-1.kg-1,species_only_dog
12159974,CHEMBL2186082,CHEMBL2181776,CL,mL.min-1.kg-1,=,1.8,CHEMBL373,Canis lupus familiaris,"Clearance in dog at 2 mg/kg, iv",A,Cn1c(-c2ccccn2)c(C2CCCC2)c2ccc(C(=O)NC3(C(=O)Nc4ccc(/C=C/C(=O)O)cc4)CCC3)cc21,1.8,mL.min-1.kg-1,species_only_dog
12163686,CHEMBL2185619,CHEMBL2017291,CL,mL.min-1.kg-1,=,38.0,CHEMBL373,Canis lupus familiaris,Blood clearance in dog,A,COc1cc2c(cc1-c1c(C)noc1C)ncc1[nH]c(=O)n([C@H](C)c3ccccn3)c12,38.0,mL.min-1.kg-1,species_only_dog
12163687,CHEMBL2185619,CHEMBL2017281,CL,mL.min-1.kg-1,=,12.0,CHEMBL373,Canis lupus familiaris,Blood clearance in dog,A,COc1cc2c(Nc3cccc4cccnc34)c(C(N)=O)cnc2cc1-c1c(C)noc1C,12.0,mL.min-1.kg-1,species_only_dog
12165218,CHEMBL2184533,CHEMBL2180972,CL,mL.min-1.kg-1,=,2.8,CHEMBL373,Canis lupus familiaris,"Clearance in dog at 1 mg/kg, iv",A,N#Cc1cc(Cl)cc(Oc2c(Br)ccc(CNC(=O)c3[nH]c(N)nc3Cl)c2F)c1,2.8,mL.min-1.kg-1,species_only_dog
12172861,CHEMBL2210507,CHEMBL2204935,CL,mL.min-1.kg-1,=,2.34,CHEMBL373,Canis lupus familiaris,"Clearance in dog at 1 mg/kg, iv",A,Cc1nc([C@]2(c3cnn(C)c3)N[C@@H](c3nc(-c4ccc(F)cc4)c[nH]3)Cc3c2[nH]c2ccccc32)no1,2.34,mL.min-1.kg-1,species_only_dog
12172936,CHEMBL2210507,CHEMBL2204933,CL,mL.min-1.kg-1,=,1.78,CHEMBL373,Canis lupus familiaris,"Clearance in dog at 1 mg/kg, iv",A,Cc1nc([C@@H]2N[C@@H](c3nc(-c4ccc(F)cc4)c[nH]3)Cc3c2[nH]c2ccccc32)no1,1.78,mL.min-1.kg-1,species_only_dog
12174430,CHEMBL2208647,CHEMBL2203661,CL,mL.min-1.kg-1,=,3.333,CHEMBL373,Canis lupus familiaris,Clearance in beagle dog at 5 mg/kg iv,A,N[C@@H]1C(=C(F)F)CC[C@@H]1C(=O)O,3.333,mL.min-1.kg-1,species_only_dog
12175263,CHEMBL2213594,CHEMBL2204537,CL,mL.min-1.kg-1,=,0.94,CHEMBL373,Canis lupus familiaris,Clearance in dog,A,CC(C)Oc1nc(-c2ccc(Cl)nc2)nc2c1CN(C(=O)c1cn(C)cn1)CC2.Cl,0.94,mL.min-1.kg-1,species_only_dog
12175264,CHEMBL2213594,CHEMBL2204538,CL,mL.min-1.kg-1,=,3.8,CHEMBL373,Canis lupus familiaris,Clearance in dog,A,COCCOc1nc(-c2ccc(Cl)nc2)nc2c1CN(C(=O)c1ncn3ccccc13)CC2,3.8,mL.min-1.kg-1,species_only_dog
12176571,CHEMBL2213625,CHEMBL2205230,CL,mL.min-1.kg-1,=,2.688,CHEMBL373,Canis lupus familiaris,"Clearance in dog at 1 mg/kg, iv and 10 mg/kg, po",A,CCc1cc2c(c(OCC(F)(F)F)c(C(=O)NC3CCN(C(=O)CO)CC3)n2C)c(=O)n1CC(=O)c1ccccc1,2.688,mL.min-1.kg-1,species_only_dog
12187766,CHEMBL2208525,CHEMBL52073,CL,mL.min-1.kg-1,=,5.1,CHEMBL373,Canis lupus familiaris,Clearance in dog,A,N#Cc1ccc2cc1Oc1ccc3cccc(c3c1)N1CCN(CC1=O)Cc1cncn1C2,5.1,mL.min-1.kg-1,species_only_dog
12187769,CHEMBL2208525,CHEMBL298895,CL,mL.min-1.kg-1,=,0.95,CHEMBL373,Canis lupus familiaris,Clearance in dog,A,C[C@H]1NCc2cncn2Cc2ccc(C#N)c(c2)Oc2ccc3cccc(c3c2)NC1=O,0.95,mL.min-1.kg-1,species_only_dog
12189676,CHEMBL2215633,CHEMBL2152382,CL,mL.min-1.kg-1,=,3.4,CHEMBL373,Canis lupus familiaris,"Clearance in dog at 3 mg/kg, iv",A,COC(=O)c1c(Cc2ccc(C(=O)NCCO)cc2)c(=O)c2ccc(Cl)cc2n1-c1ccccc1,3.4,mL.min-1.kg-1,species_only_dog
12193844,CHEMBL2213321,CHEMBL2208034,CL,mL.min-1.kg-1,=,23.29,CHEMBL373,Canis lupus familiaris,"Clearance in Beagle dog at 3 mg/kg, po and iv",A,O=C(Nc1ccc(-c2ccnc(Nc3ccc(N4CCOCC4)cc3)n2)cc1)[C@H]1CCCN1,23.29,mL.min-1.kg-1,species_only_dog
12200161,CHEMBL2215131,CHEMBL2207665,CL,mL.min-1.kg-1,=,8.0,CHEMBL373,Canis lupus familiaris,Clearance in dog,A,Cn1cc(C(=O)NC[C@@H](O)CN2CCC(Oc3ccc(Cl)c(Cl)c3)CC2)c(C(F)(F)F)cc1=O,8.0,mL.min-1.kg-1,species_only_dog
12200184,CHEMBL2215131,CHEMBL2207666,CL,mL.min-1.kg-1,=,18.0,CHEMBL373,Canis lupus familiaris,Clearance in dog,A,O=C(NC[C@@H](O)CN1CCC(Oc2ccc(Cl)c(Cl)c2)CC1)c1c[nH]c(=O)c2ccccc12,18.0,mL.min-1.kg-1,species_only_dog
12613541,CHEMBL2318636,CHEMBL522802,CL,mL.min-1.kg-1,=,8.6,CHEMBL373,Canis lupus familiaris,"Plasma clearance in dog at 1 mg/kg, iv and 5 mg/kg, po",A,CNC(=O)c1c(O)c2ncc(Cc3ccc(F)cc3)cc2n(C)c1=O,8.6,mL.min-1.kg-1,species_only_dog
12627735,CHEMBL2319879,CHEMBL2311971,CL,mL.min-1.kg-1,=,13.8,CHEMBL373,Canis lupus familiaris,"Clearance in beagle dog at 1 mg/kg, iv",A,N[n+]1ccn(-c2ncc(F)c3c(C(=O)C(=O)N4CCN(C(=O)c5ccccc5)CC4)c[nH]c23)n1.[Cl-],13.8,mL.min-1.kg-1,species_only_dog
12628608,CHEMBL2320263,CHEMBL2312158,CL,mL.min-1.kg-1,=,1.74,CHEMBL373,Canis lupus familiaris,"Clearance in Beagle dog at 1 mg/kg, iv",A,Cc1c(Oc2ccc(-n3cnnn3)cc2F)ncnc1N1C2CC3CC1CC(C2)N3C(=O)OC1(C)CC1,1.74,mL.min-1.kg-1,species_only_dog
12630095,CHEMBL2317912,CHEMBL2313764,CL,mL.min-1.kg-1,=,15.2,CHEMBL373,Canis lupus familiaris,"Clearance in dog at 10 mg/kg, po and 2 mg/kg iv",A,CO[C@@H]1COCC[C@@H]1N[C@@H]1C[C@H]2CCC[C@@]2(C(=O)N2CCc3ncc(C(F)(F)F)cc3C2)C1,15.2,mL.min-1.kg-1,species_only_dog
12634134,CHEMBL2318433,CHEMBL2311574,CL,mL.min-1.kg-1,=,7.167,CHEMBL373,Canis lupus familiaris,Clearance in dog,A,COC[C@H](C)Oc1cc(CCc2c(F)cccc2F)cc(C(=O)Nc2ccc(C(=O)O)cn2)c1,7.167,mL.min-1.kg-1,species_only_dog
12636436,CHEMBL2320812,CHEMBL2314618,CL,mL.min-1.kg-1,=,4.6,CHEMBL373,Canis lupus familiaris,"Clearance in dog at 2.5 mg/kg, iv",A,CS(=O)(=O)CC[C@@H]1OCC[C@@]2(S(=O)(=O)c3ccc(C(F)(F)F)cc3)c3c(F)ccc(F)c3OC[C@@H]12,4.6,mL.min-1.kg-1,species_only_dog
12642610,CHEMBL2330048,CHEMBL2018964,CL,mL.min-1.kg-1,=,18.0,CHEMBL373,Canis lupus familiaris,"Clearance in Beagle dog at 0.5 mg/kg, iv",A,COc1cccc2c1c(NS(=O)(=O)c1ccc(Cl)s1)nn2Cc1cccc(CNC(C)=O)c1,18.0,mL.min-1.kg-1,species_only_dog
12642614,CHEMBL2330048,CHEMBL2018969,CL,mL.min-1.kg-1,=,9.0,CHEMBL373,Canis lupus familiaris,"Clearance in Beagle dog at 0.5 mg/kg, iv",A,COc1cccc2c1c(NS(=O)(=O)c1ccc(Cl)s1)nn2Cc1cccc(CNC(=O)C(C)(C)O)c1,9.0,mL.min-1.kg-1,species_only_dog
12642617,CHEMBL2330048,CHEMBL2326625,CL,mL.min-1.kg-1,=,22.0,CHEMBL373,Canis lupus familiaris,"Clearance in Beagle dog at 0.5 mg/kg, iv",A,COc1cccc2c1c(NS(=O)(=O)c1ccc(Cl)s1)nn2Cc1cccc(CNC(=O)C2COCCN2C)c1,22.0,mL.min-1.kg-1,species_only_dog
12642621,CHEMBL2330048,CHEMBL2326624,CL,mL.min-1.kg-1,=,41.0,CHEMBL373,Canis lupus familiaris,"Clearance in Beagle dog at 0.5 mg/kg, iv",A,COc1cccc2c1c(NS(=O)(=O)c1ccc(Cl)s1)nn2Cc1cccc(CNC(=O)[C@@H]2COCCN2)c1,41.0,mL.min-1.kg-1,species_only_dog
12642624,CHEMBL2330048,CHEMBL2326622,CL,mL.min-1.kg-1,=,32.0,CHEMBL373,Canis lupus familiaris,"Clearance in Beagle dog at 0.5 mg/kg, iv",A,COc1cccc2c1c(NS(=O)(=O)c1ccc(Cl)s1)nn2Cc1cccc(CNC(=O)[C@@H]2CCCCN2)c1,32.0,mL.min-1.kg-1,species_only_dog
12642627,CHEMBL2330048,CHEMBL2326621,CL,mL.min-1.kg-1,=,18.0,CHEMBL373,Canis lupus familiaris,"Clearance in Beagle dog at 0.5 mg/kg, iv",A,COc1cccc2c1c(NS(=O)(=O)c1ccc(Cl)s1)nn2Cc1cccc(CNC(=O)C(C)(C)N)c1,18.0,mL.min-1.kg-1,species_only_dog
12642631,CHEMBL2330048,CHEMBL2326620,CL,mL.min-1.kg-1,=,17.0,CHEMBL373,Canis lupus familiaris,"Clearance in Beagle dog at 0.5 mg/kg, iv",A,CN[C@H](C)C(=O)NCc1cccc(Cn2nc(NS(=O)(=O)c3ccc(Cl)s3)c3c(OC)cccc32)c1,17.0,mL.min-1.kg-1,species_only_dog
12648384,CHEMBL2328782,CHEMBL2322875,CL,mL.min-1.kg-1,=,9.6,CHEMBL373,Canis lupus familiaris,"Plasma clearance in Beagle dog at 1 mg/kg, iv",A,COc1cc(N2CCN(C(=O)Cn3nc(C(F)(F)F)c(Cl)c3C)CC2)ccc1Cl,9.6,mL.min-1.kg-1,species_only_dog
12650076,CHEMBL2327578,CHEMBL2323775,CL,mL.min-1.kg-1,=,3.1,CHEMBL373,Canis lupus familiaris,Plasma clearance in dog,A,Cn1cc(-c2cnc3ccc4ccc(CS(=O)(=O)NCc5ccccn5)cc4c(=O)c3c2)cn1,3.1,mL.min-1.kg-1,species_only_dog
12650077,CHEMBL2327578,CHEMBL1802829,CL,mL.min-1.kg-1,=,57.0,CHEMBL373,Canis lupus familiaris,Plasma clearance in dog,A,CN(C)S(=O)(=O)Nc1ccc2ccc3ncc(-c4cnn(C)c4)cc3c(=O)c2c1,57.0,mL.min-1.kg-1,species_only_dog
12653741,CHEMBL2328167,CHEMBL2326726,CL,mL.min-1.kg-1,=,22.0,CHEMBL373,Canis lupus familiaris,"Plasma clearance in beagle dog at 0.5 mg/kg, iv and 1 mg/kg, po",A,CNc1nc(Nc2cnn(CC(C)(C)O)c2Cl)ncc1C(F)(F)F,22.0,mL.min-1.kg-1,species_only_dog
12658120,CHEMBL2327917,CHEMBL2323021,CL,mL.min-1.kg-1,=,1.0,CHEMBL373,Canis lupus familiaris,"Clearance in Beagle dog at 2 mg/kg, iv",A,C[C@@H]1CN(c2ccc(F)cc2C(F)(F)F)CCN1S(=O)(=O)c1ccc([C@@](O)(C(N)=O)C(F)(F)F)s1,1.0,mL.min-1.kg-1,species_only_dog
12660690,CHEMBL2330812,CHEMBL2325741,CL,mL.min-1.kg-1,=,22.0,CHEMBL373,Canis lupus familiaris,Clearance in Alderley Park beagle dog blood,A,NC1(C(=O)N[C@@H](CCO)c2ccc(Cl)cc2)CCN(c2nc[nH]c3nccc2-3)CC1,22.0,mL.min-1.kg-1,species_only_dog
12661948,CHEMBL2330868,CHEMBL598194,CL,mL.min-1.kg-1,=,2.0,CHEMBL373,Canis lupus familiaris,Clearance in dog,A,NC1(C(=O)NCc2ccc(Cl)cc2)CCN(c2ncnc3[nH]ccc23)CC1,2.0,mL.min-1.kg-1,species_only_dog
12673487,CHEMBL2340889,CHEMBL2334763,CL,mL.min-1.kg-1,=,44.0,CHEMBL373,Canis lupus familiaris,Unbound blood clearance in iv dosed dog,A,CCNC(=O)Nc1ccc(-c2nc3c(c(N4CCOC[C@@H]4C)n2)C[C@@H]2CC[C@H]3N2C2COC2)cc1,44.0,mL.min-1.kg-1,species_only_dog
12673495,CHEMBL2340897,CHEMBL2334763,CL,mL.min-1.kg-1,=,6.0,CHEMBL373,Canis lupus familiaris,Blood clearance in iv dosed dog,A,CCNC(=O)Nc1ccc(-c2nc3c(c(N4CCOC[C@@H]4C)n2)C[C@@H]2CC[C@H]3N2C2COC2)cc1,6.0,mL.min-1.kg-1,species_only_dog
12677402,CHEMBL2340111,CHEMBL2332742,CL,mL.min-1.kg-1,=,16.5,CHEMBL373,Canis lupus familiaris,"Clearance in dog at 10 mg/kg, iv",A,Cc1cc(C(F)(F)F)c(-c2ccc(C[C@H](NC(=O)c3c(Cl)cccc3Cl)C(=O)O)cc2)c(=O)n1C,16.5,mL.min-1.kg-1,species_only_dog
12677567,CHEMBL2346042,CHEMBL2333173,CL,mL.min-1.kg-1,=,29.7,CHEMBL373,Canis lupus familiaris,"Clearance in dog at 5 mg/kg, iv",A,Cc1c(-c2ccc(C[C@H](NC(=O)c3c(F)cccc3F)C(=O)O)cc2)c(=O)n(C)c(=O)n1C,29.7,mL.min-1.kg-1,species_only_dog
12679605,CHEMBL2339893,CHEMBL2331648,CL,mL.min-1.kg-1,=,8.05,CHEMBL373,Canis lupus familiaris,"Clearance in dog at 1 mg/kg, iv and 3 mg/kg, po",A,CCNc1nc2c(c(C(N)=O)n1)CN(C(=O)CCc1ccc(OC(F)(F)F)cc1)CC2,8.05,mL.min-1.kg-1,species_only_dog
12691471,CHEMBL2345971,CHEMBL2028663,CL,mL.min-1.kg-1,=,4.0,CHEMBL373,Canis lupus familiaris,Blood clearance in iv dosed dog,A,CC(C)(C)c1nc(-c2cccc(NS(=O)(=O)c3c(F)cccc3F)c2F)c(-c2ccnc(N)n2)s1,4.0,mL.min-1.kg-1,species_only_dog
12691473,CHEMBL2345971,CHEMBL2337916,CL,mL.min-1.kg-1,=,47.0,CHEMBL373,Canis lupus familiaris,Blood clearance in iv dosed dog,A,CC(C)c1nc(-c2cccc(NS(=O)(=O)c3c(F)cccc3F)c2F)c(-c2ccnc(NCCS(C)(=O)=O)n2)s1,47.0,mL.min-1.kg-1,species_only_dog
12691474,CHEMBL2345971,CHEMBL2331621,CL,mL.min-1.kg-1,=,56.0,CHEMBL373,Canis lupus familiaris,Blood clearance in iv dosed dog,A,CC(C)c1nc(-c2ccc(F)c(NS(=O)(=O)c3c(F)cccc3F)c2)c(-c2ccnc(NCCS(C)(=O)=O)n2)s1,56.0,mL.min-1.kg-1,species_only_dog
12691482,CHEMBL2345971,CHEMBL1808262,CL,mL.min-1.kg-1,=,38.0,CHEMBL373,Canis lupus familiaris,Blood clearance in iv dosed dog,A,CC(C)c1nc(-c2cccc(NS(=O)(=O)c3c(F)cccc3F)c2F)c(-c2ccnc(Nc3ccc(N4CCOCC4)nc3)n2)s1,38.0,mL.min-1.kg-1,species_only_dog
12691546,CHEMBL2345989,CHEMBL2338347,CL,mL.min-1.kg-1,=,8.0,CHEMBL373,Canis lupus familiaris,"Clearance in dog at 10 mg/kg, iv",A,CS(=O)(=O)c1ccc([C@@H](CC2CCCC2)C(=O)Nc2cnc([C@H](O)CO)cn2)cc1Cl,8.0,mL.min-1.kg-1,species_only_dog
12693119,CHEMBL2341988,CHEMBL2333365,CL,mL.min-1.kg-1,=,9.967,CHEMBL373,Canis lupus familiaris,"Clearance in Beagle dog at 3 mg/kg, iv",A,Cc1c(C(=O)N2CCOc3ccc(-c4ccc(N)nc4)cc3C2)ccc(S(C)(=O)=O)c1F,9.967,mL.min-1.kg-1,species_only_dog
12698892,CHEMBL2340630,CHEMBL2335860,CL,mL.min-1.kg-1,=,39.0,CHEMBL373,Canis lupus familiaris,Clearance in iv dosed beagle dog,A,CCOP(=O)(OCC)c1ccc(OCCc2cnc3c(c2)C(=O)N(C)c2cccnc2N3CC)c(C)c1,39.0,mL.min-1.kg-1,species_only_dog
12700580,CHEMBL2343523,CHEMBL2337981,CL,mL.min-1.kg-1,=,17.0,CHEMBL373,Canis lupus familiaris,"Clearance in beagle dog at 1 mg/kg, iv",A,CC(C)(C)NC(=O)NCCN1CCC(CO)(CNC(=O)c2cc(Cl)cc(Cl)c2)CC1,17.0,mL.min-1.kg-1,species_only_dog
12720170,CHEMBL2352659,CHEMBL2346976,CL,mL.min-1.kg-1,=,12.0,CHEMBL373,Canis lupus familiaris,"Clearance in beagle dog at 2 umol/kg, iv and 10 umol/kg, po",A,CC(=O)N1CCN(CCOc2ccc(C3CCN(C4=Nn5c(nnc5C(F)(F)F)CC4)CC3)cc2)CC1,12.0,mL.min-1.kg-1,species_only_dog
12720171,CHEMBL2352659,CHEMBL2346973,CL,mL.min-1.kg-1,=,9.2,CHEMBL373,Canis lupus familiaris,"Clearance in beagle dog at 2 umol/kg, iv and 10 umol/kg, po",A,Cn1nccc1CCOc1ccc(C2CCN(c3ccc4nnc(C(F)(F)F)n4n3)CC2)cc1,9.2,mL.min-1.kg-1,species_only_dog
12720172,CHEMBL2352659,CHEMBL2346971,CL,mL.min-1.kg-1,=,18.0,CHEMBL373,Canis lupus familiaris,"Clearance in beagle dog at 2 umol/kg, iv and 10 umol/kg, po",A,OC1(c2cccnc2)CCN(c2ccc3nnc(C(F)(F)F)n3n2)CC1,18.0,mL.min-1.kg-1,species_only_dog
12729613,CHEMBL2351351,CHEMBL2348780,CL,mL.min-1.kg-1,=,24.7,CHEMBL373,Canis lupus familiaris,"Clearance in beagle dog at 10 mg/kg, iv",A,C[C@@H]1C[C@H]2[C@@H]3CCC4=CC(=O)C=C[C@]4(C)C3=CC[C@]2(C)[C@@]1(O)C(=O)CO,24.7,mL.min-1.kg-1,species_only_dog
13304197,CHEMBL2383040,CHEMBL2381285,CL,mL.min-1.kg-1,=,0.3333,CHEMBL373,Canis lupus familiaris,"Plasma clearance in beagle dog at 1 mg/kg, po",A,O=C(O)C[C@@H]1COc2cc3c(cc21)OC[C@@H](c1cccc(Cl)c1)O3,0.3333,mL.min-1.kg-1,species_only_dog
13304198,CHEMBL2383040,CHEMBL2381282,CL,mL.min-1.kg-1,=,0.5,CHEMBL373,Canis lupus familiaris,"Plasma clearance in beagle dog at 1 mg/kg, po",A,O=C(O)C[C@@H]1COc2cc3c(cc21)OC[C@@H](c1cccc(Br)c1)O3,0.5,mL.min-1.kg-1,species_only_dog
13307518,CHEMBL2382743,CHEMBL2381820,CL,mL.min-1.kg-1,=,2.0,CHEMBL373,Canis lupus familiaris,"Plasma clearance in Beagle dog at 0.5 mg/kg, iv",A,CCCC(Nc1ccc(-n2cnc(C(F)(F)F)c2)cc1)c1ccc(C(=O)NCCC(=O)O)cc1,2.0,mL.min-1.kg-1,species_only_dog
13307519,CHEMBL2382743,CHEMBL2381848,CL,mL.min-1.kg-1,=,1.5,CHEMBL373,Canis lupus familiaris,"Plasma clearance in Beagle dog at 0.5 mg/kg, iv",A,CCC[C@H](Oc1cc(C)c(-n2cc(C(F)(F)F)cn2)c(C)c1)c1ccc(C(=O)NCCC(=O)O)cc1,1.5,mL.min-1.kg-1,species_only_dog
13307760,CHEMBL2383805,CHEMBL2381983,CL,mL.min-1.kg-1,=,14.0,CHEMBL373,Canis lupus familiaris,"Clearance in beagle dog at 5 mg/kg, po and 2.5 mg/kg, iv",A,Cc1cc(Nc2nc(N[C@@H](C)c3ncc(F)cc3F)c(F)c(N3CCOCC3)n2)n[nH]1,14.0,mL.min-1.kg-1,species_only_dog
13307761,CHEMBL2383805,CHEMBL2381980,CL,mL.min-1.kg-1,=,13.0,CHEMBL373,Canis lupus familiaris,"Clearance in beagle dog at 5 mg/kg, po and 2.5 mg/kg, iv",A,Cc1cc(Nc2nc(O[C@@H](C)c3ncc(F)cn3)c(F)c(N3CCOCC3)n2)n[nH]1,13.0,mL.min-1.kg-1,species_only_dog
13312307,CHEMBL2382863,CHEMBL2322764,CL,mL.min-1.kg-1,=,100.0,CHEMBL373,Canis lupus familiaris,Plasma clearance in dog,A,CC(C)n1ncnc1-c1cc2c(s1)-c1ccc(C(N)=O)cc1OCC2,100.0,mL.min-1.kg-1,species_only_dog
13312319,CHEMBL2382876,CHEMBL2381373,CL,mL.min-1.kg-1,=,14.0,CHEMBL373,Canis lupus familiaris,"Plasma clearance in Beagle dog at 1 mg/kg, iv",A,CC(C)n1ncnc1-c1nc2c(s1)CCOc1cc(-c3cnn(CCO)c3)ccc1-2,14.0,mL.min-1.kg-1,species_only_dog
13317966,CHEMBL2390301,CHEMBL2386077,CL,mL.min-1.kg-1,=,11.0,CHEMBL373,Canis lupus familiaris,"Clearance in beagle dog at 1 mg/kg, iv",A,O=C(O)Cn1c2c(c3cc(F)ccc31)CN(C(=O)c1cccc(Cl)c1)CC2,11.0,mL.min-1.kg-1,species_only_dog
13318100,CHEMBL2390301,CHEMBL2386081,CL,mL.min-1.kg-1,=,1.3,CHEMBL373,Canis lupus familiaris,"Clearance in beagle dog at 1 mg/kg, iv",A,O=C(O)Cn1c2c(c3cc(F)ccc31)CN(C(=O)c1cccc3ccccc13)CC2,1.3,mL.min-1.kg-1,species_only_dog
13325613,CHEMBL2389162,CHEMBL2386162,CL,mL.min-1.kg-1,=,8.2,CHEMBL373,Canis lupus familiaris,"Clearance in dog at 1 mg/kg, iv",A,COc1ccc(O[C@@H](CC(C)C)[C@H]2CCNC2)c(C)n1,8.2,mL.min-1.kg-1,species_only_dog
13330665,CHEMBL2390381,CHEMBL2386636,CL,mL.min-1.kg-1,=,29.0,CHEMBL373,Canis lupus familiaris,"Clearance in Beagle dog at 0.4 mg/kg, iv by LC/MS/MS analysis",A,C[C@@H](O)c1nc2cnc3[nH]ccc3c2n1[C@H]1CC[C@H](CCC#N)CC1,29.0,mL.min-1.kg-1,species_only_dog
13330666,CHEMBL2390381,CHEMBL2386635,CL,mL.min-1.kg-1,=,17.0,CHEMBL373,Canis lupus familiaris,"Clearance in Beagle dog at 0.4 mg/kg, iv by LC/MS/MS analysis",A,C[C@@H](O)c1nc2cnc3[nH]ccc3c2n1[C@H]1CC[C@H](CC#N)CC1,17.0,mL.min-1.kg-1,species_only_dog
13330667,CHEMBL2390381,CHEMBL2386633,CL,mL.min-1.kg-1,=,16.0,CHEMBL373,Canis lupus familiaris,"Clearance in Beagle dog at 0.4 mg/kg, iv by LC/MS/MS analysis",A,C[C@@H](O)c1nc2cnc3[nH]ccc3c2n1[C@H]1CC[C@H](C#N)CC1,16.0,mL.min-1.kg-1,species_only_dog
13330668,CHEMBL2390381,CHEMBL2385096,CL,mL.min-1.kg-1,=,14.0,CHEMBL373,Canis lupus familiaris,"Clearance in Beagle dog at 0.4 mg/kg, iv by LC/MS/MS analysis",A,C[C@@H](O)c1nc2cnc3[nH]ccc3c2n1[C@H]1CC[C@@H](NCC(F)(F)F)C1,14.0,mL.min-1.kg-1,species_only_dog
13330669,CHEMBL2390381,CHEMBL2386629,CL,mL.min-1.kg-1,=,13.0,CHEMBL373,Canis lupus familiaris,"Clearance in Beagle dog at 0.4 mg/kg, iv by LC/MS/MS analysis",A,C[C@@H](O)c1nc2cnc3[nH]ccc3c2n1[C@H]1CC[C@H](NCC(F)(F)F)CC1,13.0,mL.min-1.kg-1,species_only_dog
13330670,CHEMBL2390381,CHEMBL2386653,CL,mL.min-1.kg-1,=,2.1,CHEMBL373,Canis lupus familiaris,"Clearance in Beagle dog at 0.4 mg/kg, iv by LC/MS/MS analysis",A,C[C@@H](O)c1nc2cnc3[nH]ccc3c2n1[C@H]1CCCOC1,2.1,mL.min-1.kg-1,species_only_dog
13335901,CHEMBL2393727,CHEMBL2392833,CL,mL.min-1.kg-1,=,10.6,CHEMBL373,Canis lupus familiaris,"Clearance in dog at 0.5 mg/kg, iv",A,CS(=O)(=O)C1CCN(c2cccc3c2ccn3-c2ccnc(N[C@H]3CC[C@H](O)CC3)n2)CC1,10.6,mL.min-1.kg-1,species_only_dog
13344275,CHEMBL2395309,CHEMBL2392633,CL,mL.min-1.kg-1,=,4.333,CHEMBL373,Canis lupus familiaris,"Clearance in dog at 2.5 mg/kg, iv",A,CC(C)c1ccc2c(Nc3cc(C(=O)N[C@@H](C)c4ccccc4)ccc3Sc3ccc(N)cc3)ncnc2n1,4.333,mL.min-1.kg-1,species_only_dog
13349898,CHEMBL2401283,CHEMBL2396952,CL,mL.min-1.kg-1,=,13.33,CHEMBL373,Canis lupus familiaris,Clearance in Beagle dog,A,O=S(=O)(c1ccc(C(F)(F)F)cc1)N1[C@H]2c3c[nH]nc3C[C@@H]1c1cccc(F)c12,13.33,mL.min-1.kg-1,species_only_dog
13350666,CHEMBL2400710,CHEMBL2396661,CL,mL.min-1.kg-1,=,8.0,CHEMBL373,Canis lupus familiaris,"Clearance in dog at 0.1 mg/kg, iv and 0.6 mg/kg, po",A,Cc1nc(NC(=O)N2CCC[C@H]2C(N)=O)sc1-c1ccnc(C(C)(C)C(F)(F)F)c1,8.0,mL.min-1.kg-1,species_only_dog
13366708,CHEMBL2403936,CHEMBL447955,CL,mL.min-1.kg-1,=,0.7,CHEMBL373,Canis lupus familiaris,"Plasma clearance in dog at 0.5 mg/kg, iv and 1 mg/kg, po",A,C[C@@H](O[C@H]1CC[C@@H]2CN(C3=CC(=O)CC3)C[C@H]2[C@@H]1c1ccc(F)cc1)c1cc(C(F)(F)F)cc(C(F)(F)F)c1,0.7,mL.min-1.kg-1,species_only_dog
13366709,CHEMBL2403936,CHEMBL2402572,CL,mL.min-1.kg-1,=,1.4,CHEMBL373,Canis lupus familiaris,"Plasma clearance in dog at 0.5 mg/kg, iv and 1 mg/kg, po",A,Cc1ccccc1[C@H]1[C@@H]2CN(C3=NC(=O)CO3)C[C@H]2CC[C@@H]1O[C@H](CO)c1cc(C(F)(F)F)cc(C(F)(F)F)c1,1.4,mL.min-1.kg-1,species_only_dog
13367171,CHEMBL2405512,CHEMBL2403108,CL,mL.min-1.kg-1,=,9.2,CHEMBL373,Canis lupus familiaris,"Plasma clearance in Beagle dog at 5 mg/kg, iv",A,Cc1cc(Nc2ncc(Cl)c(Nc3ccccc3S(=O)(=O)C(C)C)n2)c(OC(C)C)cc1C1CCNCC1,9.2,mL.min-1.kg-1,species_only_dog
13374208,CHEMBL2404484,CHEMBL1213165,CL,mL.min-1.kg-1,=,2.2,CHEMBL373,Canis lupus familiaris,"Clearance in Beagle dog at 1 mg/kg, iv and 5 mg/kg, po administered as suspension by LC-MS/MS analysis",A,C[C@@H]1CCO[C@H]2Cn3cc(C(=O)NCc4ccc(F)cc4F)c(=O)c([O-])c3C(=O)N12.[Na+],2.2,mL.min-1.kg-1,species_only_dog
13375615,CHEMBL2404482,CHEMBL2403238,CL,mL.min-1.kg-1,=,0.34,CHEMBL373,Canis lupus familiaris,"Clearance in Beagle dog at 1 mg/kg, iv and 5 mg/kg, po administered as capsule by LC-MS/MS analysis",A,C[C@H]1CO[C@@H]2Cn3cc(C(=O)NCc4ccc(F)cc4F)c(=O)c(O)c3C(=O)N12,0.34,mL.min-1.kg-1,species_only_dog
13385528,CHEMBL2410290,CHEMBL2409691,CL,mL.min-1.kg-1,=,3.0,CHEMBL373,Canis lupus familiaris,"Clearance in dog at 0.5 mg/kg, iv and 1 mg/kg, po",A,C[C@]1(CS(=O)(=O)N2CCC(Oc3ccc(OCc4ccccn4)cc3)CC2)NC(=O)NC1=O,3.0,mL.min-1.kg-1,species_only_dog
13385590,CHEMBL2410290,CHEMBL2409676,CL,mL.min-1.kg-1,=,1.3,CHEMBL373,Canis lupus familiaris,"Clearance in dog at 0.5 mg/kg, iv and 1 mg/kg, po",A,C[C@]1(CS(=O)(=O)N2CCN(c3ncc(OCc4ccc(C(F)(F)F)o4)cn3)CC2)NC(=O)NC1=O,1.3,mL.min-1.kg-1,species_only_dog
13385591,CHEMBL2410290,CHEMBL2409707,CL,mL.min-1.kg-1,=,0.2,CHEMBL373,Canis lupus familiaris,"Clearance in dog at 0.5 mg/kg, iv and 1 mg/kg, po",A,C[C@]1(CS(=O)(=O)N2CCC(Oc3ccc(OC(F)(F)C(F)F)cc3)CC2)NC(=O)NC1=O,0.2,mL.min-1.kg-1,species_only_dog
13391000,CHEMBL2412586,CHEMBL2408045,CL,mL.min-1.kg-1,=,1.1,CHEMBL373,Canis lupus familiaris,"Clearance in dog at 2 mg/kg, po and 1 mg/kg, iv",A,CNC(=O)CN1CCC(Oc2cc3c(Nc4cccc(Cl)c4F)ncnc3cc2OC)CC1,1.1,mL.min-1.kg-1,species_only_dog
13394444,CHEMBL2410421,CHEMBL2408470,CL,mL.min-1.kg-1,=,32.3,CHEMBL373,Canis lupus familiaris,"Clearance in beagle dog at 0.55 mg/kg, iv",A,O=C(O)[C@H]1CC[C@@H](Oc2ccc(-c3ccc(-c4nc5cc(F)ccc5[nH]4)cn3)cn2)CC1,32.3,mL.min-1.kg-1,species_only_dog
13406700,CHEMBL2415707,CHEMBL2216902,CL,mL.min-1.kg-1,=,2.3,CHEMBL373,Canis lupus familiaris,"Clearance in dog at 1 mg/kg, iv",A,CC(C)c1nc2ccccc2n1-c1nc(N2CCOCC2)c2nc(OC3CN(C4CCS(=O)(=O)CC4)C3)n(C)c2n1,2.3,mL.min-1.kg-1,species_only_dog
13434236,CHEMBL2424019,CHEMBL2419493,CL,mL.min-1.kg-1,=,0.5,CHEMBL373,Canis lupus familiaris,"Clearance in Beagle dog at 1 mg/kg, iv",A,CCOC(=O)c1cc(C#N)c(N2CCC(C(=O)NS(=O)(=O)Cc3ccc(C)cc3)CC2)nc1C,0.5,mL.min-1.kg-1,species_only_dog
13434237,CHEMBL2424018,CHEMBL2419490,CL,mL.min-1.kg-1,=,0.75,CHEMBL373,Canis lupus familiaris,"Clearance in Beagle dog at 3 mg/kg, iv",A,CCOC(=O)c1cc(C#N)c(N2CCC(C(=O)NS(=O)(=O)Cc3ccccc3)CC2)nc1C,0.75,mL.min-1.kg-1,species_only_dog
13434238,CHEMBL2424020,CHEMBL2419495,CL,mL.min-1.kg-1,=,1.1,CHEMBL373,Canis lupus familiaris,"Clearance in Beagle dog at 2 mg/kg, iv",A,CCOC(=O)c1cc(C#N)c(N2CCC(C(=O)NS(=O)(=O)Cc3ccc(F)cc3F)CC2)nc1C,1.1,mL.min-1.kg-1,species_only_dog
13434239,CHEMBL2424020,CHEMBL2419487,CL,mL.min-1.kg-1,=,4.5,CHEMBL373,Canis lupus familiaris,"Clearance in Beagle dog at 2 mg/kg, iv",A,CCOC(=O)c1cc(C#N)c(N2CC(C(=O)NS(=O)(=O)Cc3ccc(C)cc3)C2)nc1C,4.5,mL.min-1.kg-1,species_only_dog
13434240,CHEMBL2424020,CHEMBL2419486,CL,mL.min-1.kg-1,=,9.4,CHEMBL373,Canis lupus familiaris,"Clearance in Beagle dog at 2 mg/kg, iv",A,CCOC(=O)c1cc(C#N)c(N2CC(C(=O)NS(=O)(=O)Cc3ccc(F)cc3)C2)nc1C,9.4,mL.min-1.kg-1,species_only_dog
13434241,CHEMBL2424020,CHEMBL2419501,CL,mL.min-1.kg-1,=,9.8,CHEMBL373,Canis lupus familiaris,"Clearance in Beagle dog at 2 mg/kg, iv",A,CCOC(=O)c1cc(C#N)c(N2CC(C(=O)NS(=O)(=O)Cc3ccccc3)C2)nc1C,9.8,mL.min-1.kg-1,species_only_dog
13446819,CHEMBL2427858,CHEMBL2424928,CL,mL.min-1.kg-1,=,18.1,CHEMBL373,Canis lupus familiaris,"Clearance in Beagle dog at 3 mg/kg, iv",A,O=c1ccc2ncc(F)c3c2n1C[C@@]3(O)CN1CCC(NCc2cc3c(cn2)OCCO3)CC1,18.1,mL.min-1.kg-1,species_only_dog
13452894,CHEMBL2428910,CHEMBL2425070,CL,mL.min-1.kg-1,=,2.7,CHEMBL373,Canis lupus familiaris,"Plasma clearance in beagle dog at 1 mg/kg, iv and 2 mg/kg, po",A,N[C@H]1C[C@@H](N2Cc3cn[nH]c3C2)CO[C@@H]1c1cc(F)ccc1F,2.7,mL.min-1.kg-1,species_only_dog
13455864,CHEMBL2433567,CHEMBL1232461,CL,mL.min-1.kg-1,=,5.0,CHEMBL373,Canis lupus familiaris,"Blood clearance in beagle dog at 1 mg/kg, iv and 3 mg/kg, po after 1 hr",A,CCNC(=O)C[C@@H]1N=C(c2ccc(Cl)cc2)c2cc(OC)ccc2-n2c(C)nnc21,5.0,mL.min-1.kg-1,species_only_dog
13456389,CHEMBL2433076,CHEMBL2431090,CL,mL.min-1.kg-1,=,5.333,CHEMBL373,Canis lupus familiaris,"Intrinsic clearance in dog at 1 mg/kg, iv",A,Cc1noc2c1-c1sc(C)c(C)c1C(c1ccc(Cl)cc1)=N[C@H]2CC(N)=O,5.333,mL.min-1.kg-1,species_only_dog
13462350,CHEMBL2432820,CHEMBL2431365,CL,mL.min-1.kg-1,=,3.28,CHEMBL373,Canis lupus familiaris,"Clearance in dog at 0.5 mg/kg, iv administered as bolus dose",A,COc1c(/C=C/c2ccc(NS(C)(=O)=O)cc2)cc(-c2cc(F)c[nH]c2=O)cc1C(C)(C)C,3.28,mL.min-1.kg-1,species_only_dog
13464054,CHEMBL2433496,CHEMBL2431595,CL,mL.min-1.kg-1,=,24.0,CHEMBL373,Canis lupus familiaris,"Clearance in dog at 0.2 mg/kg, iv",A,CCOc1cc([C@@H](Nc2ccc3c(N)nccc3c2)C(=O)NS(=O)(=O)c2ccccc2)ccc1OC(C)C,24.0,mL.min-1.kg-1,species_only_dog
13464965,CHEMBL2433496,CHEMBL2431606,CL,mL.min-1.kg-1,=,9.3,CHEMBL373,Canis lupus familiaris,"Clearance in dog at 0.2 mg/kg, iv",A,CCOc1cc([C@@H](Nc2ccc3cnccc3c2)C(=O)NS(=O)(=O)c2ccccc2)ccc1OC(C)C,9.3,mL.min-1.kg-1,species_only_dog
13476708,CHEMBL2439254,CHEMBL2434978,CL,mL.min-1.kg-1,=,2.05,CHEMBL373,Canis lupus familiaris,"Clearance in dog at 5 umol/kg, iv",A,O=C(O)c1ccc(Sc2ccc(CN3CCC(N4C(=O)N(C5CCOCC5)C[C@H]4c4ccccc4)CC3)cn2)cc1,2.05,mL.min-1.kg-1,species_only_dog
13476709,CHEMBL2439254,CHEMBL2435853,CL,mL.min-1.kg-1,=,0.52,CHEMBL373,Canis lupus familiaris,"Clearance in dog at 5 umol/kg, iv",A,Cc1nc(Oc2ccc(C(=O)O)cc2)ccc1CN1CCC(N2C(=O)N(C3CCOCC3)C[C@H]2c2cccc(Cl)c2)CC1,0.52,mL.min-1.kg-1,species_only_dog
13476710,CHEMBL2439254,CHEMBL2435852,CL,mL.min-1.kg-1,=,0.3,CHEMBL373,Canis lupus familiaris,"Clearance in dog at 5 umol/kg, iv",A,Cc1nc(Oc2ccc(C(=O)O)cc2)ccc1CN1CCC(N2C(=O)N(C3CCOCC3)C[C@H]2c2ccccc2)CC1,0.3,mL.min-1.kg-1,species_only_dog
13476711,CHEMBL2439254,CHEMBL2435858,CL,mL.min-1.kg-1,=,0.22,CHEMBL373,Canis lupus familiaris,"Clearance in dog at 5 umol/kg, iv",A,Cc1nc(Oc2ccc(C(N)=O)cc2)ccc1CN1CCC(N2C(=O)N(C3CCOCC3)C[C@H]2c2ccccc2)CC1,0.22,mL.min-1.kg-1,species_only_dog
13476712,CHEMBL2439254,CHEMBL2435856,CL,mL.min-1.kg-1,=,0.11,CHEMBL373,Canis lupus familiaris,"Clearance in dog at 5 umol/kg, iv",A,CCc1nc(Oc2ccc(C(=O)O)cc2)ccc1CN1CCC(N2C(=O)N(C3CCOCC3)C[C@H]2c2ccccc2)CC1,0.11,mL.min-1.kg-1,species_only_dog
13491914,CHEMBL2443938,CHEMBL2441340,CL,mL.min-1.kg-1,=,15.5,CHEMBL373,Canis lupus familiaris,"Blood clearance in beagle dog at 2.9 mg/kg, iv by LC-MS/MS analysis",A,Cc1cccc(CC(=O)N2CCc3c2ccc(-c2cn(C)c4ncnc(N)c24)c3F)n1,15.5,mL.min-1.kg-1,species_only_dog
13497021,CHEMBL2444162,CHEMBL2441952,CL,mL.min-1.kg-1,=,10.6,CHEMBL373,Canis lupus familiaris,"Total blood clearance in dog at 3 mg/kg, iv and po",A,Cc1nc2c(c(-c3ccc(Cl)cc3Cl)c1CN)C(=O)N(CC(=O)N(C)C)C2,10.6,mL.min-1.kg-1,species_only_dog
13507521,CHEMBL2447342,CHEMBL2441373,CL,mL.min-1.kg-1,=,11.0,CHEMBL373,Canis lupus familiaris,"Plasma clearance in dog at 0.5 mg/kg, iv and 1 mg/kg, po",A,Cc1cc(F)ccc1[C@H]1C[C@H](N2CCN3C(=O)CC[C@H]3C2)CCN1C(=O)N(C)[C@H](C)c1cc(C(F)(F)F)cc(C(F)(F)F)c1,11.0,mL.min-1.kg-1,species_only_dog
13508433,CHEMBL2447342,CHEMBL2105667,CL,mL.min-1.kg-1,=,6.0,CHEMBL373,Canis lupus familiaris,"Plasma clearance in dog at 0.5 mg/kg, iv and 1 mg/kg, po",A,Cc1cc(F)ccc1[C@H]1C[C@@H](N2CCN3C(=O)CC[C@H]3C2)CCN1C(=O)N(C)[C@H](C)c1cc(C(F)(F)F)cc(C(F)(F)F)c1,6.0,mL.min-1.kg-1,species_only_dog
13508456,CHEMBL2447342,CHEMBL1672054,CL,mL.min-1.kg-1,=,10.0,CHEMBL373,Canis lupus familiaris,"Plasma clearance in dog at 0.5 mg/kg, iv and 1 mg/kg, po",A,CC(=O)N1CCN([C@H]2CCN(C(=O)N(C)[C@H](C)c3cc(C(F)(F)F)cc(C(F)(F)F)c3)[C@@H](c3ccc(F)cc3C)C2)CC1,10.0,mL.min-1.kg-1,species_only_dog
13840765,CHEMBL3095499,CHEMBL3091581,CL,mL.min-1.kg-1,=,18.0,CHEMBL373,Canis lupus familiaris,"Clearance in dog at 1 mg/kg, iv",A,O=C(O)c1ccc(NC(=O)[C@H](CC2CCCC2)n2cnc(S(=O)(=O)C3CCC3)c2)nc1,18.0,mL.min-1.kg-1,species_only_dog
13844516,CHEMBL3094911,CHEMBL3092129,CL,mL.min-1.kg-1,=,13.0,CHEMBL373,Canis lupus familiaris,Clearance in beagle dog,A,Cc1cc2c(-c3ccc[nH]c3=O)c(C(=O)[O-])n(Cc3cc4ccccc4nc3Cl)c2cc1F.[Na+],13.0,mL.min-1.kg-1,species_only_dog
13845205,CHEMBL3096719,CHEMBL3093427,CL,mL.min-1.kg-1,=,1.633,CHEMBL373,Canis lupus familiaris,Clearance in beagle dog,A,NS(=O)(=O)c1ccc(-c2nc(NC(=O)N(CCC(c3ccc(F)cc3)c3ccc(F)cc3)CCN3CCOCC3)sc2Cl)cc1,1.633,mL.min-1.kg-1,species_only_dog
13849875,CHEMBL3097128,CHEMBL3092650,CL,mL.min-1.kg-1,=,22.0,CHEMBL373,Canis lupus familiaris,Total blood clearance in iv dosed Beagle dog,A,O=C1CCCN1c1ccc(Oc2ccc3c(c2)CCN(C2CCC2)CC3)nc1,22.0,mL.min-1.kg-1,species_only_dog
13857284,CHEMBL3096217,CHEMBL3092901,CL,mL.min-1.kg-1,=,18.0,CHEMBL373,Canis lupus familiaris,"Clearance in Beagle dog at 1 mg/kg, iv and 3 mg/kg, po",A,Cc1nc(N2CCN(C)CC2)c2nc(-c3ccccc3Cl)n(C3CCOCC3)c2n1.Cl,18.0,mL.min-1.kg-1,species_only_dog
13857285,CHEMBL3096217,CHEMBL3092896,CL,mL.min-1.kg-1,=,35.0,CHEMBL373,Canis lupus familiaris,"Clearance in Beagle dog at 1 mg/kg, iv and 3 mg/kg, po",A,Cc1nc(N2CCN(C)CC2)c2nc(-c3ccccc3Cl)n(CCS(C)(=O)=O)c2n1.Cl,35.0,mL.min-1.kg-1,species_only_dog
13859095,CHEMBL3096395,CHEMBL3092995,CL,mL.min-1.kg-1,=,0.5,CHEMBL373,Canis lupus familiaris,"Clearance in beagle dog at 2 mg/kg, iv",A,NS(=O)(=O)NC[C@H]1COc2cc(Cl)ccc2O1,0.5,mL.min-1.kg-1,species_only_dog
13880403,CHEMBL3107667,CHEMBL3104636,CL,mL.min-1.kg-1,=,5.3,CHEMBL373,Canis lupus familiaris,"Clearance in dog at 0.2 mg/kg, po and 0.1 mg/kg, iv",A,CC(C)(C)CN1CCC2(CC1)CN(c1ccccc1NC(=O)Nc1ccc(OC(F)(F)F)cc1)c1ccccc12,5.3,mL.min-1.kg-1,species_only_dog
13885240,CHEMBL3108070,CHEMBL3105479,CL,mL.min-1.kg-1,=,0.8,CHEMBL373,Canis lupus familiaris,"Clearance in Beagle dog at 3 mg/kg, po and 1 mg/kg, iv by LC-MS/MS analysis",A,CCc1cc(-c2noc(-c3sc(C)c4c3C[C@@H]3[C@H]4C3(C)C)n2)cc(C)c1CCC(=O)O,0.8,mL.min-1.kg-1,species_only_dog
13900190,CHEMBL3118949,CHEMBL3114555,CL,mL.min-1.kg-1,=,12.8,CHEMBL373,Canis lupus familiaris,"Clearance in dog at 0.3 mg/kg, iv",A,CC(C)(C)[C@@H](O)C(=O)N1CCSC[C@H]1C(=O)NCc1cc(Cl)ccc1CN.O=C(O)C(F)(F)F,12.8,mL.min-1.kg-1,species_only_dog
13900191,CHEMBL3118949,CHEMBL3114560,CL,mL.min-1.kg-1,=,3.5,CHEMBL373,Canis lupus familiaris,"Clearance in dog at 0.3 mg/kg, iv",A,CC(C)(C)[C@@H](O)C(=O)N1CCC[C@H]1C(=O)NCc1cc(Cl)ccc1CN.O=C(O)C(F)(F)F,3.5,mL.min-1.kg-1,species_only_dog
13900384,CHEMBL3117807,CHEMBL1234739,CL,mL.min-1.kg-1,=,18.7,CHEMBL373,Canis lupus familiaris,"Clearance in dog at 53 mg/kg, po",A,CCc1nn2c(=O)cc(N3CCNCC3)nc2s1,18.7,mL.min-1.kg-1,species_only_dog
13900385,CHEMBL3117808,CHEMBL1234739,CL,mL.min-1.kg-1,=,16.8,CHEMBL373,Canis lupus familiaris,"Clearance in dog at 26.5 mg/kg, po",A,CCc1nn2c(=O)cc(N3CCNCC3)nc2s1,16.8,mL.min-1.kg-1,species_only_dog
13900386,CHEMBL3117809,CHEMBL1234739,CL,mL.min-1.kg-1,=,15.9,CHEMBL373,Canis lupus familiaris,"Clearance in dog at 26.5 mg/kg, iv",A,CCc1nn2c(=O)cc(N3CCNCC3)nc2s1,15.9,mL.min-1.kg-1,species_only_dog
13913069,CHEMBL3119293,CHEMBL3114838,CL,mL.min-1.kg-1,=,14.0,CHEMBL373,Canis lupus familiaris,"Clearance in dog at 0.2 mg/kg, iv",A,CCS(=O)(=O)c1ccccc1[C@H]1[C@@H](C(=O)O)CCN1C(=O)[C@H](Nc1ccc2c(N)nccc2c1)c1ccc(F)c(OC)c1,14.0,mL.min-1.kg-1,species_only_dog
13913071,CHEMBL3116753,CHEMBL3114836,CL,mL.min-1.kg-1,=,41.0,CHEMBL373,Canis lupus familiaris,"Clearance in dog at 0.2 mg/kg, iv and 1 mg/kg, po",A,CCOc1ccc(F)c([C@@H](Nc2ccc3c(N)nccc3c2)C(=O)N2CCC[C@@H]2c2cc(NC(=O)OC)ccc2S(=O)(=O)C(C)C)c1,41.0,mL.min-1.kg-1,species_only_dog
13913407,CHEMBL3118343,CHEMBL3112866,CL,mL.min-1.kg-1,=,6.667,CHEMBL373,Canis lupus familiaris,"Clearance in Beagle dog at 3 mg/kg, iv",A,C[C@H]1Cc2ccccc2N1C(=O)Cc1nc(N2CCOCC2)cc(=O)[nH]1,6.667,mL.min-1.kg-1,species_only_dog
13915359,CHEMBL3118755,CHEMBL2364608,CL,mL.min-1.kg-1,=,0.36,CHEMBL373,Canis lupus familiaris,"Clearance in Beagle dog at 0.5 mg/kg, iv administered in 60% PEG200 and 1 mg/kg, po administered in 10% tween as ball-milled particles",A,Cn1c(Cn2ccc(C(F)(F)F)c(Oc3cc(Cl)cc(C#N)c3)c2=O)n[nH]c1=O,0.36,mL.min-1.kg-1,species_only_dog
13915360,CHEMBL3118756,CHEMBL3115363,CL,mL.min-1.kg-1,=,1.8,CHEMBL373,Canis lupus familiaris,"Clearance in Beagle dog at 0.5 mg/kg, iv administered in 80% PEG200 and 1 mg/kg, po administered in 0.5% methocel as ball-milled particles",A,N#Cc1cc(Cl)cc(Oc2c(C(F)(F)F)ccn(Cc3n[nH]c4ncccc34)c2=O)c1,1.8,mL.min-1.kg-1,species_only_dog
13918714,CHEMBL3118231,CHEMBL3116054,CL,mL.min-1.kg-1,=,4.56,CHEMBL373,Canis lupus familiaris,"Clearance in beagle dog at 2.5 mg/kg, iv",A,C[C@H](Nc1nc(Nc2cn(C)cn2)c2cnn(C)c2n1)c1ncc(F)cn1,4.56,mL.min-1.kg-1,species_only_dog
13918715,CHEMBL3118231,CHEMBL3116050,CL,mL.min-1.kg-1,=,2.07,CHEMBL373,Canis lupus familiaris,"Clearance in beagle dog at 2.5 mg/kg, iv",A,C[C@H](Nc1nc(Nc2cn(C)cn2)c2cc[nH]c2n1)c1ncc(F)cn1,2.07,mL.min-1.kg-1,species_only_dog
13924925,CHEMBL3122738,CHEMBL3121642,CL,mL.min-1.kg-1,=,4.4,CHEMBL373,Canis lupus familiaris,"Clearance in Beagle dog at 1 mg/kg, iv",A,COc1ccc(-c2cc(C(C)(C)C)c(OC)c3cc(N4CC[C@H](CNS(C)(=O)=O)C4)cnc23)c(=O)[nH]1,4.4,mL.min-1.kg-1,species_only_dog
13924939,CHEMBL3122946,CHEMBL3121654,CL,mL.min-1.kg-1,=,7.5,CHEMBL373,Canis lupus familiaris,"Clearance in Beagle dog at 0.86 mg/kg, iv",A,COc1ccc(-c2cc(C(C)(C)C)c(OC)c3cc(-c4ccc(NS(C)(=O)=O)cc4)cnc23)c(=O)[nH]1,7.5,mL.min-1.kg-1,species_only_dog
13925721,CHEMBL3123177,CHEMBL3121666,CL,mL.min-1.kg-1,=,2.7,CHEMBL373,Canis lupus familiaris,"Clearance in beagle dog at 1 mg/kg, iv by LC/MS/MS analysis",A,Fc1cccc(-c2nc3cnn(Cc4cc(-c5ccc(C(F)(F)F)cc5C(F)(F)F)no4)cc-3n2)c1F,2.7,mL.min-1.kg-1,species_only_dog
13925855,CHEMBL3123424,CHEMBL3120505,CL,mL.min-1.kg-1,=,4.6,CHEMBL373,Canis lupus familiaris,"Clearance in beagle dog at 2.5 mg/kg, iv",A,CCc1cc2c(cc1F)c(C#N)c(-c1ccc(S(=O)(=O)N[C@@H](C)C(F)(F)F)cn1)n2-c1ncccn1,4.6,mL.min-1.kg-1,species_only_dog
13925856,CHEMBL3123424,CHEMBL3121821,CL,mL.min-1.kg-1,=,0.3,CHEMBL373,Canis lupus familiaris,"Clearance in beagle dog at 2.5 mg/kg, iv",A,C[C@H](NS(=O)(=O)c1ccc(-c2c(C#N)c3cc(F)c(OC(F)F)cc3n2C2CCC2)nc1)C(F)(F)F,0.3,mL.min-1.kg-1,species_only_dog
13926807,CHEMBL3122570,CHEMBL2374220,CL,mL.min-1.kg-1,=,2.167,CHEMBL373,Canis lupus familiaris,"Clearance in beagle dog at 0.2 mg/kg, iv",A,COC(=O)N[C@H](C(=O)N1CC2(CC2)C[C@H]1c1nc(-c2ccc3c(c2)C(F)(F)c2cc(-c4ccc5[nH]c([C@@H]6[C@H]7CC[C@H](C7)N6C(=O)[C@@H](NC(=O)OC)C(C)C)nc5c4)ccc2-3)c[nH]1)C(C)C,2.167,mL.min-1.kg-1,species_only_dog
13926808,CHEMBL3122570,CHEMBL3121840,CL,mL.min-1.kg-1,=,6.667,CHEMBL373,Canis lupus familiaris,"Clearance in beagle dog at 0.2 mg/kg, iv",A,COC(=O)N[C@H](C(=O)N1CCC[C@H]1c1ncc(-c2ccc(-c3ccc(-c4ccc5nc([C@@H]6[C@H]7CC[C@H](C7)N6C(=O)[C@@H](NC(=O)OC)C(C)C)[nH]c5c4)cc3)cc2)[nH]1)C(C)C,6.667,mL.min-1.kg-1,species_only_dog
13926809,CHEMBL3122570,CHEMBL3121839,CL,mL.min-1.kg-1,=,0.8333,CHEMBL373,Canis lupus familiaris,"Clearance in beagle dog at 0.2 mg/kg, iv",A,COC(=O)N[C@H](C(=O)N1CCC[C@H]1c1ncc(-c2ccc(-c3ccc(-c4cnc([C@@H]5[C@H]6CC[C@H](C6)N5C(=O)[C@@H](NC(=O)OC)C(C)C)[nH]4)cc3)cc2)[nH]1)C(C)C,0.8333,mL.min-1.kg-1,species_only_dog
13926829,CHEMBL3123318,CHEMBL3121095,CL,mL.min-1.kg-1,=,16.0,CHEMBL373,Canis lupus familiaris,"Clearance in dog at 1 mg/kg, iv",A,O=C1NN=C(c2ccc(OC3CCN(C4CCC4)CC3)cc2)[C@H]2C[C@@H]12,16.0,mL.min-1.kg-1,species_only_dog
13927416,CHEMBL3122570,CHEMBL3121857,CL,mL.min-1.kg-1,=,8.833,CHEMBL373,Canis lupus familiaris,"Clearance in beagle dog at 0.2 mg/kg, iv",A,COC(=O)N[C@H](C(=O)N1CCC[C@H]1c1ncc(-c2ccc3c(c2)C(F)(F)c2cc(-c4ccc5nc([C@@H]6CCCN6C(=O)[C@@H](NC(=O)OC)C(C)C)[nH]c5c4)ccc2-3)[nH]1)C(C)C,8.833,mL.min-1.kg-1,species_only_dog
13927417,CHEMBL3122570,CHEMBL3121853,CL,mL.min-1.kg-1,=,13.0,CHEMBL373,Canis lupus familiaris,"Clearance in beagle dog at 0.2 mg/kg, iv",A,COC(=O)N[C@H](C(=O)N1CCC[C@H]1c1ncc(-c2ccc(-c3ccc(-c4ccc5nc([C@@H]6CCCN6C(=O)[C@@H](NC(=O)OC)C(C)C)[nH]c5c4)cc3)cc2)[nH]1)C(C)C,13.0,mL.min-1.kg-1,species_only_dog
13927758,CHEMBL3123657,CHEMBL3121155,CL,mL.min-1.kg-1,=,28.0,CHEMBL373,Canis lupus familiaris,"Clearance in dog at 1 mg/kg, iv after 24 hrs",A,O=C([C@@H](c1ccccc1)N1CCCCC1)N1CCC[C@H]1c1ncc(-c2ccc(-c3ccc(-c4cnc([C@@H]5CCCN5C(=O)[C@@H](c5ccccc5)N5CCCCC5)[nH]4)cc3)cc2)[nH]1,28.0,mL.min-1.kg-1,species_only_dog
13927759,CHEMBL3123657,CHEMBL3121238,CL,mL.min-1.kg-1,=,102.0,CHEMBL373,Canis lupus familiaris,"Clearance in dog at 1 mg/kg, iv after 24 hrs",A,CN(C)[C@@H](C(=O)N1CCC[C@H]1c1ncc(-c2ccc(-c3ccc(-c4cnc([C@@H]5CCCN5C(=O)[C@H]5CCCO5)[nH]4)cc3)cc2)[nH]1)c1ccccc1,102.0,mL.min-1.kg-1,species_only_dog
13927760,CHEMBL3123657,CHEMBL3121236,CL,mL.min-1.kg-1,=,22.0,CHEMBL373,Canis lupus familiaris,"Clearance in dog at 1 mg/kg, iv after 24 hrs",A,COC(=O)N[C@@H](C(=O)N1CCC[C@H]1c1ncc(-c2ccc(-c3ccc(-c4cnc([C@@H]5CCCN5C(=O)[C@H]5CCCO5)[nH]4)cc3)cc2)[nH]1)c1ccccc1,22.0,mL.min-1.kg-1,species_only_dog
13937632,CHEMBL3123469,CHEMBL3121951,CL,mL.min-1.kg-1,=,8.0,CHEMBL373,Canis lupus familiaris,In vivo clearance in beagle dog relative to hepatic blood flow,A,COC(=O)N[C@H](C(=O)N1CCC[C@H]1c1ncc(-c2ccc(-c3ccc(-c4cnc([C@@H]5CC6(CN5C(=O)[C@@H](NC(=O)OC)C(C)C)OCCO6)[nH]4)cc3)cc2)[nH]1)C(C)C,8.0,mL.min-1.kg-1,species_only_dog
13939990,CHEMBL3128364,CHEMBL414993,CL,mL.min-1.kg-1,=,16.0,CHEMBL373,Canis lupus familiaris,"Whole body plasma clearance in Beagle dog at 3 mg/kg, iv by LC/MS/MS analysis",A,C=C[C@@H]1C[C@]1(NC(=O)[C@@H]1C[C@@H](Oc2cc(-c3ccccc3)nc3cc(OC)ccc23)CN1C(=O)[C@@H](NC(=O)OC(C)(C)C)C(C)(C)C)C(=O)NS(=O)(=O)C1CC1,16.0,mL.min-1.kg-1,species_only_dog
13940513,CHEMBL3128504,CHEMBL3125026,CL,mL.min-1.kg-1,=,11.0,CHEMBL373,Canis lupus familiaris,Clearance in iv dosed dog,A,O=C(O)c1c(-c2ccc[nH]c2=O)c2c3occc3c(F)cc2n1Cc1cc2c(=O)[nH]cnc2cc1F,11.0,mL.min-1.kg-1,species_only_dog
13941809,CHEMBL3128652,CHEMBL3125160,CL,mL.min-1.kg-1,=,2.8,CHEMBL373,Canis lupus familiaris,"Clearance in Beagle dog at 3 mg/kg, po",A,C[C@@]1(c2nc3ccccc3o2)CC(c2ccc3c(=O)n(-c4ccc(F)cc4)c(CCCCC(=O)O)nc3c2)=NO1,2.8,mL.min-1.kg-1,species_only_dog
13943309,CHEMBL3129326,CHEMBL3128188,CL,mL.min-1.kg-1,=,34.0,CHEMBL373,Canis lupus familiaris,"Plasma clearance in Beagle dog at 1 mg/kg, iv and 2 mg/kg, po",A,O=C(Nc1ccc(C[C@@H]2CC[C@H]([C@H](O)c3cccnc3)N2)cc1)[C@@H]1CCc2ccnn21,34.0,mL.min-1.kg-1,species_only_dog
13943317,CHEMBL3129326,CHEMBL3128178,CL,mL.min-1.kg-1,=,27.0,CHEMBL373,Canis lupus familiaris,"Plasma clearance in Beagle dog at 1 mg/kg, iv and 2 mg/kg, po",A,O=C(Nc1ccc(C[C@@H]2CC[C@H]([C@H](O)c3cccnc3)N2)cc1)[C@@H]1CCc2scnc21,27.0,mL.min-1.kg-1,species_only_dog
13943327,CHEMBL3129369,CHEMBL111201,CL,mL.min-1.kg-1,=,20.0,CHEMBL373,Canis lupus familiaris,"Plasma clearance in Beagle dog at 3 mg/kg, iv",A,O=S(=O)(Nc1ccc(CCNC[C@H](O)c2cccnc2)cc1)c1ccc(-c2nc(-c3ccc(C(F)(F)F)cc3)cs2)cc1,20.0,mL.min-1.kg-1,species_only_dog
13946342,CHEMBL3131709,CHEMBL3125655,CL,mL.min-1.kg-1,=,6.0,CHEMBL373,Canis lupus familiaris,"Clearance in beagle dog at 1 mg/kg, iv by LC/MS/MS analysis",A,O=C(c1nn2c(C(F)(F)F)cc(C3CC3)cc2c1Cl)N1CCN([C@H]2C[C@@H]3C[C@@H]3[C@@H]2O)C(=O)C1,6.0,mL.min-1.kg-1,species_only_dog
13948166,CHEMBL3132442,CHEMBL3125890,CL,mL.min-1.kg-1,=,11.73,CHEMBL373,Canis lupus familiaris,"Total clearance in dog at 1 mg/kg, iv",A,N#Cc1c(Oc2ccc(F)c(NC(=O)Cc3cccc(C(F)(F)F)c3)c2)ccc2nc(NC(=O)C3CC3)sc12,11.73,mL.min-1.kg-1,species_only_dog
13949815,CHEMBL3131830,CHEMBL2043025,CL,mL.min-1.kg-1,=,9.0,CHEMBL373,Canis lupus familiaris,"Plasma clearance in dog at 10 mg/kg, po",A,COc1ccc2c(c1)C=C1Cn3c-2c(C2CCCCC2)c2ccc(cc23)C(=O)NS(=O)(=O)N(C)CCOCCN(C)C1=O,9.0,mL.min-1.kg-1,species_only_dog
13951607,CHEMBL3130267,CHEMBL3127338,CL,mL.min-1.kg-1,=,21.67,CHEMBL373,Canis lupus familiaris,"Clearance in dog at 1 mg/kg, iv",A,COC(=O)N[C@H](C(=O)N1CCC[C@H]1C(=O)Nc1ccc([C@H]2CC[C@H](c3ccc(NC(=O)[C@@H]4CCCN4C(=O)[C@@H](NC(=O)OC)C(C)C)cc3)N2c2ccc(F)cc2)cc1)C(C)C,21.67,mL.min-1.kg-1,species_only_dog
13951932,CHEMBL3129650,CHEMBL3127404,CL,mL.min-1.kg-1,=,31.0,CHEMBL373,Canis lupus familiaris,"Clearance in Beagle dog at 1 umol/kg, iv and 2 umol/kg, po",A,CN1C(=O)CC[C@H]1CN(Cc1ccc(Cl)cc1)S(=O)(=O)c1cccc(C#N)c1,31.0,mL.min-1.kg-1,species_only_dog
13952659,CHEMBL3131904,CHEMBL3126382,CL,mL.min-1.kg-1,=,3.7,CHEMBL373,Canis lupus familiaris,"Plasma clearance in beagle dog at 0.05 mg/kg, iv up to 8 hrs by LC-MS/MS analysis",A,CC(=O)O.O=S(=O)(c1cccc(CCCCOCCCCCCNC[C@H](O)c2ccc(O)c(CO)c2)c1)C1CCCC1,3.7,mL.min-1.kg-1,species_only_dog
13952843,CHEMBL3130267,CHEMBL3127321,CL,mL.min-1.kg-1,=,4.833,CHEMBL373,Canis lupus familiaris,"Clearance in dog at 1 mg/kg, iv",A,COC(=O)N[C@H](C(=O)N1CCC[C@H]1C(=O)Nc1ccc([C@H]2CC[C@H](c3ccc(NC(=O)[C@@H]4CCCN4C(=O)[C@@H](NC(=O)OC)C(C)C)cc3)N2c2ccc(C(F)(F)F)cc2)cc1)C(C)C,4.833,mL.min-1.kg-1,species_only_dog
13952863,CHEMBL3130267,CHEMBL3127326,CL,mL.min-1.kg-1,=,3.0,CHEMBL373,Canis lupus familiaris,"Clearance in dog at 1 mg/kg, iv",A,COC(=O)N[C@H](C(=O)N1CCC[C@H]1C(=O)Nc1ccc([C@@H]2CC[C@@H](c3ccc(NC(=O)[C@@H]4CCCN4C(=O)[C@@H](NC(=O)OC)C(C)C)cc3)N2c2ccc(C(C)(C)C)cc2)cc1)C(C)C,3.0,mL.min-1.kg-1,species_only_dog
13952871,CHEMBL3130267,CHEMBL3127320,CL,mL.min-1.kg-1,=,2.667,CHEMBL373,Canis lupus familiaris,"Clearance in dog at 1 mg/kg, iv",A,COC(=O)N[C@H](C(=O)N1CCC[C@H]1C(=O)Nc1ccc([C@@H]2CC[C@@H](c3ccc(NC(=O)[C@@H]4CCCN4C(=O)[C@@H](NC(=O)OC)C(C)C)cc3)N2c2ccc(C(F)(F)F)cc2)cc1)C(C)C,2.667,mL.min-1.kg-1,species_only_dog
13952876,CHEMBL3130267,CHEMBL3127108,CL,mL.min-1.kg-1,=,2.167,CHEMBL373,Canis lupus familiaris,"Clearance in dog at 1 mg/kg, iv",A,COC(=O)N[C@H](C(=O)N1CCC[C@H]1C(=O)Nc1ccc([C@H]2CC[C@H](c3ccc(NC(=O)[C@@H]4CCCN4C(=O)[C@@H](NC(=O)OC)C(C)(C)C)cc3)N2c2ccc(F)cc2)cc1)C(C)(C)C,2.167,mL.min-1.kg-1,species_only_dog
13954183,CHEMBL3131441,CHEMBL3126592,CL,mL.min-1.kg-1,=,5.0,CHEMBL373,Canis lupus familiaris,"Clearance in Beagle dog at 1 mg/kg, iv by LC-MS/MS analysis",A,CCc1cc(-c2noc(-c3cc(C)nc(N(CC)CC)c3)n2)cc(C)c1OC[C@@H](O)CNC(=O)CO,5.0,mL.min-1.kg-1,species_only_dog
13967552,CHEMBL3135856,CHEMBL2336238,CL,mL.min-1.g-1,=,22000.0,CHEMBL373,Canis lupus familiaris,"Plasma clearance in beagle dog at 1 mg/kg, iv and 3 mg/kg, po by LC-MS/MS analysis",A,COc1cccc(-n2nnc(C3CC3)c2C(=O)N(C)c2ccc(C#N)cc2)c1,22.0,mL.min-1.kg-1,species_only_dog
13967614,CHEMBL3135875,CHEMBL3133007,CL,mL.min-1.kg-1,=,200.0,CHEMBL373,Canis lupus familiaris,Unbound clearance in dog,A,O=C(Nc1ccc(O[C@H]2CC[C@@H](C(=O)O)CC2)nc1F)c1nnc(Nc2cc(F)c(F)cc2F)o1,200.0,mL.min-1.kg-1,species_only_dog
13967615,CHEMBL3135875,CHEMBL3133006,CL,mL.min-1.kg-1,=,300.0,CHEMBL373,Canis lupus familiaris,Unbound clearance in dog,A,O=C(Nc1ccc(O[C@H]2CC[C@@H](C(=O)O)CC2)nc1F)c1nnc(Nc2ccc(F)c(F)c2)o1,300.0,mL.min-1.kg-1,species_only_dog
13967616,CHEMBL3135875,CHEMBL3133005,CL,mL.min-1.kg-1,=,100.0,CHEMBL373,Canis lupus familiaris,Unbound clearance in dog,A,O=C(O)C[C@H]1CC[C@@H](Oc2ccc(NC(=O)c3nnc(Nc4ccc(F)c(F)c4)o3)cn2)CC1,100.0,mL.min-1.kg-1,species_only_dog
13967618,CHEMBL3135875,CHEMBL3133013,CL,mL.min-1.kg-1,=,130.0,CHEMBL373,Canis lupus familiaris,Unbound clearance in dog,A,O=C(Nc1ccc(O[C@H]2CC[C@@H](C(=O)O)CC2)nc1)c1nnc(Nc2ccc(F)c(F)c2)o1,130.0,mL.min-1.kg-1,species_only_dog
13967620,CHEMBL3135876,CHEMBL3133007,CL,mL.min-1.kg-1,=,4.6,CHEMBL373,Canis lupus familiaris,Clearance in dog,A,O=C(Nc1ccc(O[C@H]2CC[C@@H](C(=O)O)CC2)nc1F)c1nnc(Nc2cc(F)c(F)cc2F)o1,4.6,mL.min-1.kg-1,species_only_dog
13967621,CHEMBL3135876,CHEMBL3133006,CL,mL.min-1.kg-1,=,5.1,CHEMBL373,Canis lupus familiaris,Clearance in dog,A,O=C(Nc1ccc(O[C@H]2CC[C@@H](C(=O)O)CC2)nc1F)c1nnc(Nc2ccc(F)c(F)c2)o1,5.1,mL.min-1.kg-1,species_only_dog
13967622,CHEMBL3135876,CHEMBL3133005,CL,mL.min-1.kg-1,=,2.3,CHEMBL373,Canis lupus familiaris,Clearance in dog,A,O=C(O)C[C@H]1CC[C@@H](Oc2ccc(NC(=O)c3nnc(Nc4ccc(F)c(F)c4)o3)cn2)CC1,2.3,mL.min-1.kg-1,species_only_dog
13967623,CHEMBL3135876,CHEMBL3133014,CL,mL.min-1.kg-1,=,6.5,CHEMBL373,Canis lupus familiaris,Clearance in dog,A,O=C(Nc1ccc(O[C@H]2CC[C@@H](C(=O)O)CC2)cc1F)c1nnc(Nc2cc(F)c(F)cc2F)o1,6.5,mL.min-1.kg-1,species_only_dog
13967624,CHEMBL3135876,CHEMBL3133013,CL,mL.min-1.kg-1,=,4.7,CHEMBL373,Canis lupus familiaris,Clearance in dog,A,O=C(Nc1ccc(O[C@H]2CC[C@@H](C(=O)O)CC2)nc1)c1nnc(Nc2ccc(F)c(F)c2)o1,4.7,mL.min-1.kg-1,species_only_dog
13967625,CHEMBL3135876,CHEMBL3133011,CL,mL.min-1.kg-1,=,11.0,CHEMBL373,Canis lupus familiaris,Clearance in dog,A,O=C(Nc1ccc(O[C@H]2CC[C@@H](C(=O)O)CC2)cc1)c1nnc(Nc2cc(F)c(F)cc2F)o1,11.0,mL.min-1.kg-1,species_only_dog
13967724,CHEMBL3136447,CHEMBL3133093,CL,mL.min-1.kg-1,=,140.0,CHEMBL373,Canis lupus familiaris,Unbound clearance in dog,A,Cc1nc(C)c(-c2ccc(-c3ccc([C@H](C)C(=O)O)cc3Cl)c(F)c2)nc1C(N)=O,140.0,mL.min-1.kg-1,species_only_dog
13967725,CHEMBL3136447,CHEMBL3133092,CL,mL.min-1.kg-1,=,290.0,CHEMBL373,Canis lupus familiaris,Unbound clearance in dog,A,Cc1nc(C)c(-c2ccc(-c3ccc([C@H](C)C(=O)O)cc3Cl)cc2)nc1C(N)=O,290.0,mL.min-1.kg-1,species_only_dog
13967727,CHEMBL3136447,CHEMBL3133098,CL,mL.min-1.kg-1,=,240.0,CHEMBL373,Canis lupus familiaris,Unbound clearance in dog,A,Cc1nc(C)c(-c2ccc(-c3ccc(CC(=O)O)cc3Cl)cc2)nc1C(N)=O,240.0,mL.min-1.kg-1,species_only_dog
13967756,CHEMBL3136451,CHEMBL3133093,CL,mL.min-1.kg-1,=,1.9,CHEMBL373,Canis lupus familiaris,Clearance in dog,A,Cc1nc(C)c(-c2ccc(-c3ccc([C@H](C)C(=O)O)cc3Cl)c(F)c2)nc1C(N)=O,1.9,mL.min-1.kg-1,species_only_dog
13967757,CHEMBL3136451,CHEMBL3133092,CL,mL.min-1.kg-1,=,3.0,CHEMBL373,Canis lupus familiaris,Clearance in dog,A,Cc1nc(C)c(-c2ccc(-c3ccc([C@H](C)C(=O)O)cc3Cl)cc2)nc1C(N)=O,3.0,mL.min-1.kg-1,species_only_dog
13967758,CHEMBL3136451,CHEMBL3133091,CL,mL.min-1.kg-1,=,9.4,CHEMBL373,Canis lupus familiaris,Clearance in dog,A,Cc1nc(C)c(-c2ccc(-c3ccc(CC(=O)O)cc3Cl)c(Cl)c2)nc1C(N)=O,9.4,mL.min-1.kg-1,species_only_dog
13967759,CHEMBL3136451,CHEMBL3133098,CL,mL.min-1.kg-1,=,5.2,CHEMBL373,Canis lupus familiaris,Clearance in dog,A,Cc1nc(C)c(-c2ccc(-c3ccc(CC(=O)O)cc3Cl)cc2)nc1C(N)=O,5.2,mL.min-1.kg-1,species_only_dog
14526110,CHEMBL3224197,CHEMBL3217923,CL,mL.min-1.kg-1,=,0.5,CHEMBL373,Canis lupus familiaris,Clearance in dog,A,COC[C@H](C)Oc1cc(Oc2ccc(S(C)(=O)=O)cc2)cc(C(=O)Nc2nc(C)ns2)c1,0.5,mL.min-1.kg-1,species_only_dog
14526123,CHEMBL3224197,CHEMBL3217922,CL,mL.min-1.kg-1,=,7.2,CHEMBL373,Canis lupus familiaris,Clearance in dog,A,COC[C@H](C)Oc1cc(Oc2ccc(S(C)(=O)=O)cc2)cc(C(=O)Nc2nccs2)c1,7.2,mL.min-1.kg-1,species_only_dog
14526128,CHEMBL3224197,CHEMBL3217925,CL,mL.min-1.kg-1,=,14.0,CHEMBL373,Canis lupus familiaris,Clearance in dog,A,C[C@@H](CO)Oc1cc(Oc2ccc(C(=O)N3CCC3)cc2)cc(C(=O)Nc2ccn(C)n2)c1,14.0,mL.min-1.kg-1,species_only_dog
14533824,CHEMBL3223685,CHEMBL3217925,CL,mL.min-1.kg-1,=,14.0,CHEMBL373,Canis lupus familiaris,Clearance in dog,A,C[C@@H](CO)Oc1cc(Oc2ccc(C(=O)N3CCC3)cc2)cc(C(=O)Nc2ccn(C)n2)c1,14.0,mL.min-1.kg-1,species_only_dog
14533825,CHEMBL3223685,CHEMBL3219124,CL,mL.min-1.kg-1,=,8.1,CHEMBL373,Canis lupus familiaris,Clearance in dog,A,COC[C@H](C)Oc1cc(Oc2cnc(C(=O)N3CCC3)cn2)cc(C(=O)Nc2cnc(C)cn2)c1,8.1,mL.min-1.kg-1,species_only_dog
14533826,CHEMBL3223686,CHEMBL3217925,CL,mL.min-1.kg-1,=,61.0,CHEMBL373,Canis lupus familiaris,Unbound clearance in dog,A,C[C@@H](CO)Oc1cc(Oc2ccc(C(=O)N3CCC3)cc2)cc(C(=O)Nc2ccn(C)n2)c1,61.0,mL.min-1.kg-1,species_only_dog
14533827,CHEMBL3223686,CHEMBL3219124,CL,mL.min-1.kg-1,=,50.0,CHEMBL373,Canis lupus familiaris,Unbound clearance in dog,A,COC[C@H](C)Oc1cc(Oc2cnc(C(=O)N3CCC3)cn2)cc(C(=O)Nc2cnc(C)cn2)c1,50.0,mL.min-1.kg-1,species_only_dog
14535656,CHEMBL3223966,CHEMBL2165615,CL,mL.min-1.kg-1,=,2.6,CHEMBL373,Canis lupus familiaris,"Clearance in Beagle dog at 0.5 mg/kg, iv and 5 mg/kg, po",A,Cc1cnc(NC(=O)c2cc(Oc3cnc(C(=O)N(C)C)nc3)c3cc(C)oc3c2)cn1,2.6,mL.min-1.kg-1,species_only_dog
14536040,CHEMBL3224310,CHEMBL3221637,CL,mL.min-1.kg-1,=,6.1,CHEMBL373,Canis lupus familiaris,"Clearance in dog at 0.2 mg/kg, iv infusion",A,CC(C)N1CCC(Oc2ccc(C3(C(N)=O)CCOCC3)cc2)CC1,6.1,mL.min-1.kg-1,species_only_dog
14536700,CHEMBL3224780,CHEMBL3222262,CL,mL.min-1.kg-1,=,14.8,CHEMBL373,Canis lupus familiaris,"Clearance in dog plasma at 0.5 mg/kg, iv and po",A,Nc1ncnc2c1C(=O)N(c1ccc(-c3ccccc3F)cc1)CCO2,14.8,mL.min-1.kg-1,species_only_dog
14543052,CHEMBL3225587,CHEMBL1233845,CL,mL.min-1.kg-1,=,35.5,CHEMBL373,Canis lupus familiaris,"Clearance in Beagle dog at 2 mg/kg, iv over 30 mins",A,CCOP(=O)(COc1ccc(C[C@H](NC(=O)O[C@H]2CO[C@H]3OCC[C@H]32)[C@H](O)CN(CC(C)C)S(=O)(=O)c2ccc(OC)cc2)cc1)OCC,35.5,mL.min-1.kg-1,species_only_dog
14550934,CHEMBL3222558,CHEMBL3220543,CL,mL.min-1.kg-1,=,1.0,CHEMBL373,Canis lupus familiaris,Plasma clearance in dog at 1 to 3 mg/kg,A,CSc1nc(N2C[C@@H]3[C@H](C2)[C@H]3C(=O)O)ccc1C(=O)NC12CC3CC(CC(C3)C1)C2,1.0,mL.min-1.kg-1,species_only_dog
14552118,CHEMBL3227007,CHEMBL3221520,CL,mL.min-1.kg-1,=,51.0,CHEMBL373,Canis lupus familiaris,Clearance in dog,A,O=C(Nc1ccc(F)cn1)[C@H](CN1CC(O)C1)Oc1ncnc2c1cnn2-c1ccccc1Cl,51.0,mL.min-1.kg-1,species_only_dog
14552119,CHEMBL3227008,CHEMBL3221520,CL,mL.min-1.kg-1,=,170.0,CHEMBL373,Canis lupus familiaris,Unbound clearance in dog,A,O=C(Nc1ccc(F)cn1)[C@H](CN1CC(O)C1)Oc1ncnc2c1cnn2-c1ccccc1Cl,170.0,mL.min-1.kg-1,species_only_dog
14552144,CHEMBL3227007,CHEMBL3221523,CL,mL.min-1.kg-1,=,30.0,CHEMBL373,Canis lupus familiaris,Clearance in dog,A,O=C(Nc1ccc(F)cn1)[C@H](CN1CC(O)C1)Oc1ncnc2c1cnn2-c1c(Cl)cccc1Cl,30.0,mL.min-1.kg-1,species_only_dog
14552145,CHEMBL3227008,CHEMBL3221523,CL,mL.min-1.kg-1,=,210.0,CHEMBL373,Canis lupus familiaris,Unbound clearance in dog,A,O=C(Nc1ccc(F)cn1)[C@H](CN1CC(O)C1)Oc1ncnc2c1cnn2-c1c(Cl)cccc1Cl,210.0,mL.min-1.kg-1,species_only_dog
14552146,CHEMBL3224573,CHEMBL1760434,CL,mL.min-1.kg-1,=,6.0,CHEMBL373,Canis lupus familiaris,"Clearance in dog at 0.1 mg/kg, iv",A,Nc1nc(C(F)(F)F)cc2c1[nH]c(=O)n2Cc1ccccc1,6.0,mL.min-1.kg-1,species_only_dog
14553609,CHEMBL3225758,CHEMBL3220810,CL,mL.min-1.kg-1,=,4.5,CHEMBL373,Canis lupus familiaris,Blood clearance in iv dosed dog,A,COc1cccc(Oc2ccc3c(c2)CC(N)c2n[nH]c(=O)n2-3)c1,4.5,mL.min-1.kg-1,species_only_dog
14553804,CHEMBL3226537,CHEMBL3219143,CL,mL.min-1.g-1,=,24000.0,CHEMBL373,Canis lupus familiaris,"Clearance in dog at 0.1 mg/kg, iv",A,COc1cc(F)ccc1Cn1ccc2c3c(ncc21)C(=O)N(O)CC3,24.0,mL.min-1.kg-1,species_only_dog
14554306,CHEMBL3227007,CHEMBL3221531,CL,mL.min-1.kg-1,=,18.0,CHEMBL373,Canis lupus familiaris,Clearance in dog,A,Cc1cnc(NC(=O)[C@H](CN2CC(O)C2)Oc2ncnc3c2cnn3-c2c(Cl)cccc2Cl)cn1,18.0,mL.min-1.kg-1,species_only_dog
14554307,CHEMBL3227008,CHEMBL3221531,CL,mL.min-1.kg-1,=,60.0,CHEMBL373,Canis lupus familiaris,Unbound clearance in dog,A,Cc1cnc(NC(=O)[C@H](CN2CC(O)C2)Oc2ncnc3c2cnn3-c2c(Cl)cccc2Cl)cn1,60.0,mL.min-1.kg-1,species_only_dog
14554319,CHEMBL3227007,CHEMBL3221532,CL,mL.min-1.kg-1,=,18.0,CHEMBL373,Canis lupus familiaris,Clearance in dog,A,Cc1cnc(NC(=O)[C@H](CO[C@H](C)CO)Oc2ncnc3c2cnn3-c2c(Cl)cccc2C#N)cn1,18.0,mL.min-1.kg-1,species_only_dog
14554320,CHEMBL3227008,CHEMBL3221532,CL,mL.min-1.kg-1,=,49.0,CHEMBL373,Canis lupus familiaris,Unbound clearance in dog,A,Cc1cnc(NC(=O)[C@H](CO[C@H](C)CO)Oc2ncnc3c2cnn3-c2c(Cl)cccc2C#N)cn1,49.0,mL.min-1.kg-1,species_only_dog
14571876,CHEMBL3240649,CHEMBL3235253,CL,mL.min-1.kg-1,=,1.6,CHEMBL373,Canis lupus familiaris,Clearance in iv dosed dog,A,Cc1ccc(-n2nccn2)c(C(=O)N2C[C@H](C#Cc3ccc(F)cn3)CC[C@H]2C)c1,1.6,mL.min-1.kg-1,species_only_dog
14572911,CHEMBL3239947,CHEMBL473967,CL,mL.min-1.kg-1,=,11.0,CHEMBL373,Canis lupus familiaris,"Clearance in beagle dog at 0.5 mg/kg, iv",A,CC1(C)Oc2ncnc(N)c2N=C1c1ccc([C@H]2CC[C@H](CC(=O)O)CC2)cc1,11.0,mL.min-1.kg-1,species_only_dog
14572943,CHEMBL3242093,CHEMBL3235321,CL,mL.min-1.kg-1,=,2.333,CHEMBL373,Canis lupus familiaris,"Clearance in beagle dog at 0.2 mg/kg, iv",A,CC1(C)Oc2nc(C(F)(F)F)nc(N)c2N=C1c1ccc2c(c1)CC[C@]21CC[C@@H](CC(=O)O)CC1,2.333,mL.min-1.kg-1,species_only_dog
14574336,CHEMBL3242205,CHEMBL3238246,CL,mL.min-1.kg-1,=,0.3,CHEMBL373,Canis lupus familiaris,"Plasma clearance in dog at 1 mg/kg, iv",A,CC(C)(C)CC[C@H](c1ccc(C(=O)NCc2nn[nH]n2)cc1)N1C(=O)C(c2cc(Cl)cc(Cl)c2)=N[C@]12CC[C@@H](C(C)(C)C)CC2,0.3,mL.min-1.kg-1,species_only_dog
14574687,CHEMBL3243355,CHEMBL3235134,CL,mL.min-1.kg-1,=,3.5,CHEMBL373,Canis lupus familiaris,Clearance in dog,A,NCCC[C@@]1(C(=O)O)CCc2c(ncn2C2CCCCC2)C1,3.5,mL.min-1.kg-1,species_only_dog
14584247,CHEMBL3243219,CHEMBL3233178,CL,mL.min-1.kg-1,=,3.0,CHEMBL373,Canis lupus familiaris,"Clearance in dog at 1 mg/kg, iv",A,CC(C)N(C)[C@@H]1CC[C@H](N2CC[C@H](NC(=O)c3cccc(C(F)(F)F)c3)C2=O)[C@H](CS(C)(=O)=O)C1,3.0,mL.min-1.kg-1,species_only_dog
14584248,CHEMBL3243219,CHEMBL3233188,CL,mL.min-1.kg-1,=,5.0,CHEMBL373,Canis lupus familiaris,"Clearance in dog at 1 mg/kg, iv",A,CC(C)N(C)[C@@H]1CC[C@H](N2CC[C@H](NC(=O)c3cccc(C(F)(F)F)c3)C2=O)[C@H](CS(=O)(=O)C(C)(C)C)C1,5.0,mL.min-1.kg-1,species_only_dog
14587665,CHEMBL3242613,CHEMBL3237719,CL,mL.min-1.kg-1,=,23.5,CHEMBL373,Canis lupus familiaris,Clearance in iv dosed dog,A,C[C@H]1CC[C@H](n2c3cnccc3c3cnc(Nc4ccc5c(n4)CCN(C(=O)CO)C5)nc32)CC1,23.5,mL.min-1.kg-1,species_only_dog
14589139,CHEMBL3240597,CHEMBL3236553,CL,mL.min-1.kg-1,=,353.17,CHEMBL373,Canis lupus familiaris,"Clearance in beagle dog at 2 mg/kg, iv",A,Nc1nc(C2CCCC2)cc(N2CCNCC2)n1,353.17,mL.min-1.kg-1,species_only_dog
14589330,CHEMBL3240597,CHEMBL3236549,CL,mL.min-1.kg-1,=,23.33,CHEMBL373,Canis lupus familiaris,"Clearance in beagle dog at 2 mg/kg, iv",A,CC(C)c1cc(N2CC[C@@H](N)C2)nc(N)n1,23.33,mL.min-1.kg-1,species_only_dog
14589378,CHEMBL3240597,CHEMBL3236572,CL,mL.min-1.kg-1,=,258.33,CHEMBL373,Canis lupus familiaris,"Clearance in beagle dog at 2 mg/kg, iv",A,CN[C@@H]1CCN(c2cc(Cc3ccccc3)nc(N)n2)C1,258.33,mL.min-1.kg-1,species_only_dog
14595247,CHEMBL3242825,CHEMBL2204469,CL,mL.min-1.kg-1,=,20.0,CHEMBL373,Canis lupus familiaris,"Clearance in dog at 2 mg/kg, iv",A,Cc1c(Cc2ccc(=O)n(Cc3ccc(F)cc3F)n2)c2cc(F)ccc2n1CC(=O)O,20.0,mL.min-1.kg-1,species_only_dog
14595317,CHEMBL3242825,CHEMBL3236948,CL,mL.min-1.kg-1,=,5.6,CHEMBL373,Canis lupus familiaris,"Clearance in dog at 2 mg/kg, iv",A,Cc1c(-c2cn(C(C)C)c(=O)c3ccccc23)c2cc(F)ccc2n1CC(=O)O,5.6,mL.min-1.kg-1,species_only_dog
14597101,CHEMBL3239628,CHEMBL3234203,CL,mL.min-1.kg-1,=,0.9,CHEMBL373,Canis lupus familiaris,"Plasma clearance in beagle dog at 1 mg/kg, iv and 2 mg/kg, po administered via gavage by LC-MS/MS analysis",A,CS(=O)(=O)n1cc2c(n1)CN([C@H]1CO[C@H](c3cc(F)ccc3F)[C@@H](N)C1)C2.O=C(O)C(F)(F)F,0.9,mL.min-1.kg-1,species_only_dog
14645819,CHEMBL3267727,CHEMBL2105747,CL,mL.min-1.kg-1,=,8.0,CHEMBL373,Canis lupus familiaris,Plasma clearance in dog,A,COc1ccc(N2CCOCC2)c2sc(NC(=O)N3CCC(C)(O)CC3)nc12,8.0,mL.min-1.kg-1,species_only_dog
14646888,CHEMBL3268576,CHEMBL3260743,CL,mL.min-1.kg-1,=,12.0,CHEMBL373,Canis lupus familiaris,Clearance in dog,A,CCn1nc2c(-c3ccc(Cl)cc3)c(-c3ccncc3)c(=O)n(Cc3ccc(C(F)(F)F)nc3C)n2c1=O,12.0,mL.min-1.kg-1,species_only_dog
14653904,CHEMBL3268216,CHEMBL3261926,CL,mL.min-1.kg-1,=,2.0,CHEMBL373,Canis lupus familiaris,Clearance in dog,A,N#Cc1ccc(-c2ccc(C[C@@H](C#N)NC(=O)C3(N)CCOCC3)cc2)cc1,2.0,mL.min-1.kg-1,species_only_dog
14656734,CHEMBL3267691,CHEMBL3260836,CL,mL.min-1.kg-1,=,13.0,CHEMBL373,Canis lupus familiaris,"Clearance in dog at 0.5 mg/kg, iv",A,Cc1csc2nc(N3CC[C@@H](C)N(C(=O)c4ccccc4-n4nccn4)CC3)nc(N)c12,13.0,mL.min-1.kg-1,species_only_dog
14672056,CHEMBL3270305,CHEMBL3265032,CL,mL.min-1.kg-1,=,13.33,CHEMBL373,Canis lupus familiaris,"Clearance in non-naive beagle dog at 0.4 mg/kg, iv",A,c1cn2cc(-c3ccc4cn[nH]c4c3)nc(Nc3ccc(N4CCOCC4)cc3)c2n1,13.33,mL.min-1.kg-1,species_only_dog
14710498,CHEMBL3294640,CHEMBL3290657,CL,mL.min-1.kg-1,=,9.6,CHEMBL373,Canis lupus familiaris,Clearance in dog,A,Nc1ncc(F)c2c1ncn2[C@@H]1CC[C@@H](O)[C@H]1O,9.6,mL.min-1.kg-1,species_only_dog
14711241,CHEMBL3295654,CHEMBL3288810,CL,mL.min-1.kg-1,=,39.8,CHEMBL373,Canis lupus familiaris,"Plasma clearance in beagle dog at 1 mg/kg, iv and 2 mg/kg, po",A,COc1ccc2ncc(F)c(CCC34CCC(NCc5ccc6c(n5)NC(=O)CO6)(CC3)CO4)c2n1.Cl,39.8,mL.min-1.kg-1,species_only_dog
14711251,CHEMBL3295654,CHEMBL3288811,CL,mL.min-1.kg-1,=,9.16,CHEMBL373,Canis lupus familiaris,"Plasma clearance in beagle dog at 1 mg/kg, iv and 2 mg/kg, po",A,COc1ccc2ncc(F)c(C[C@H](O)C34CCC(NCc5ccc6c(n5)NC(=O)CO6)(CC3)CO4)c2n1.Cl,9.16,mL.min-1.kg-1,species_only_dog
14721807,CHEMBL3293622,CHEMBL3286732,CL,mL.min-1.kg-1,=,22.0,CHEMBL373,Canis lupus familiaris,"Plasma clearance in beagle dog at 0.5 mg/kg, iv",A,Nc1ccc(-c2cccs2)cc1NC(=O)c1ccc(N2CCC3(CC2)CNC(=O)O3)nc1,22.0,mL.min-1.kg-1,species_only_dog
14726795,CHEMBL3292372,CHEMBL3263056,CL,mL.min-1.kg-1,=,4.0,CHEMBL373,Canis lupus familiaris,"Clearance in dog at 0.2 mg/kg, iv and 5 mg/kg, po",A,CC(C)(C)CN1CCC2(CC1)CN(c1ccccc1NC(=O)Nc1nc3ccc(Cl)nc3s1)c1c(O)ccc(Cl)c12,4.0,mL.min-1.kg-1,species_only_dog
14735503,CHEMBL3296988,CHEMBL2031678,CL,mL.min-1.kg-1,=,11.4,CHEMBL373,Canis lupus familiaris,"Total clearance in Beagle dog at 2 mg/kg, iv and 5 mg/kg, po by WinNonlin non-compartmental analysis",A,C[C@@]1(O)[C@H](O)[C@@H](CO)O[C@H]1c1ccc2c(N)ncnn12,11.4,mL.min-1.kg-1,species_only_dog
14739503,CHEMBL3292569,CHEMBL3287574,CL,mL.min-1.kg-1,=,2.5,CHEMBL373,Canis lupus familiaris,"Clearance in dog at 0.5 mg/kg, iv",A,Cc1nc(-c2ccc(C(F)(F)F)cc2)sc1COc1ccc([C@H](CC(=O)O)c2ccon2)cc1,2.5,mL.min-1.kg-1,species_only_dog
14741922,CHEMBL3293925,CHEMBL3287849,CL,mL.min-1.kg-1,=,2.9,CHEMBL373,Canis lupus familiaris,"Total clearance in dog at 3 umol/kg, iv and 6 umol/kg, po",A,O=c1cc([C@H]2CCN[C@@H](Cc3ccccc3)C2)o[nH]1,2.9,mL.min-1.kg-1,species_only_dog
14741923,CHEMBL3293925,CHEMBL3287851,CL,mL.min-1.kg-1,=,1.1,CHEMBL373,Canis lupus familiaris,"Total clearance in dog at 3 umol/kg, iv and 6 umol/kg, po",A,CC(C)(C)C[C@H]1C[C@@H](c2cc(=O)[nH]o2)CCN1,1.1,mL.min-1.kg-1,species_only_dog
14741924,CHEMBL3293925,CHEMBL3287854,CL,mL.min-1.kg-1,=,1.8,CHEMBL373,Canis lupus familiaris,"Total clearance in dog at 3 umol/kg, iv and 6 umol/kg, po",A,O=c1cc([C@H]2CCN[C@@H](CCc3ccccc3)C2)o[nH]1,1.8,mL.min-1.kg-1,species_only_dog
14741925,CHEMBL3293926,CHEMBL3287849,CL,mL.min-1.kg-1,=,0.2,CHEMBL373,Canis lupus familiaris,"Renal clearance in dog at 3 umol/kg, iv and 6 umol/kg, po",A,O=c1cc([C@H]2CCN[C@@H](Cc3ccccc3)C2)o[nH]1,0.2,mL.min-1.kg-1,species_only_dog
14741926,CHEMBL3293926,CHEMBL3287851,CL,mL.min-1.kg-1,=,0.8,CHEMBL373,Canis lupus familiaris,"Renal clearance in dog at 3 umol/kg, iv and 6 umol/kg, po",A,CC(C)(C)C[C@H]1C[C@@H](c2cc(=O)[nH]o2)CCN1,0.8,mL.min-1.kg-1,species_only_dog
14741927,CHEMBL3293926,CHEMBL3287854,CL,mL.min-1.kg-1,=,0.12,CHEMBL373,Canis lupus familiaris,"Renal clearance in dog at 3 umol/kg, iv and 6 umol/kg, po",A,O=c1cc([C@H]2CCN[C@@H](CCc3ccccc3)C2)o[nH]1,0.12,mL.min-1.kg-1,species_only_dog
14743341,CHEMBL3292513,CHEMBL3288029,CL,mL.min-1.kg-1,=,34.0,CHEMBL373,Canis lupus familiaris,Clearance in dog,A,Cc1csc(C(=O)N[C@H]2CC[C@@H](NC(=O)c3cc(F)cnc3Oc3cccc(-c4ccc(CN5C[C@@H](C)N[C@@H](C)C5)cc4CN4CCOCC4)c3)CC2)n1,34.0,mL.min-1.kg-1,species_only_dog
14743342,CHEMBL3292513,CHEMBL3288030,CL,mL.min-1.kg-1,=,19.0,CHEMBL373,Canis lupus familiaris,Clearance in dog,A,Cc1ccc(O)c(C(=O)N[C@H]2CC[C@@H](NC(=O)c3cc(F)cnc3Oc3cccc(-c4ccc(CN5C[C@@H](C)N[C@@H](C)C5)cc4CN4CCOCC4)c3)CC2)c1,19.0,mL.min-1.kg-1,species_only_dog
14971341,CHEMBL3373682,CHEMBL3357391,CL,mL.min-1.kg-1,=,12.08,CHEMBL373,Canis lupus familiaris,Clearance in Beagle Marshall dog at 1 mg/kg administered as single dose,A,CN(C)CCn1c(CC(C)(C)C)nc2cc(S(=O)(=O)C3CN(CCO)C3)ccc21,12.08,mL.min-1.kg-1,species_only_dog
14985621,CHEMBL3378525,CHEMBL3358889,CL,mL.min-1.kg-1,=,10.67,CHEMBL373,Canis lupus familiaris,"Clearance in dog at 1 mg/kg, iv",A,CCn1nccc1Oc1cc(C[C@H]2C[C@](C)(O)C2)cnc1NC(=O)NC,10.67,mL.min-1.kg-1,species_only_dog
14985853,CHEMBL3381010,CHEMBL3358920,CL,mL.min-1.kg-1,=,0.23,CHEMBL373,Canis lupus familiaris,"Systemic clearance in dog at 1 mg/kg, iv",A,O=C(O)C[C@H]1CCc2c1[nH]c1ccc(OCc3ccc(C4CCCC4)c(C(F)(F)F)c3)cc21,0.23,mL.min-1.kg-1,species_only_dog
14987437,CHEMBL3371632,CHEMBL3360476,CL,mL.min-1.kg-1,=,2.667,CHEMBL373,Canis lupus familiaris,"Clearance in beagle dog at 1 mg/kg, iv",A,COC(=O)N[C@H](C(=O)N1CCC[C@H]1c1ncc(-c2ccc3c(c2)Oc2ccc(-c4cnc([C@@H]5CCCN5C(=O)[C@@H](NC(=O)OC)C(C)C)[nH]4)cc2C3(C)C)[nH]1)C(C)C,2.667,mL.min-1.kg-1,species_only_dog
14989568,CHEMBL3380293,CHEMBL3139186,CL,mL.min-1.kg-1,=,18.0,CHEMBL373,Canis lupus familiaris,"Clearance in Beagle dog at 1 mg/kg, iv",A,Cc1nc(N2CCN(C)CC2)c2nc(-c3ccccc3Cl)n(C3CCOCC3)c2n1,18.0,mL.min-1.kg-1,species_only_dog
14989569,CHEMBL3380293,CHEMBL3357339,CL,mL.min-1.kg-1,=,38.0,CHEMBL373,Canis lupus familiaris,"Clearance in Beagle dog at 1 mg/kg, iv",A,Cc1nc(N2CCN(C)CC2)c2nc(-c3ccccc3Cl)n([C@H](C)CO)c2n1,38.0,mL.min-1.kg-1,species_only_dog
14997323,CHEMBL3368198,CHEMBL3310295,CL,mL.min-1.kg-1,=,16.9,CHEMBL373,Canis lupus familiaris,"Clearance in beagle dog at 1 mg/kg, iv bolus dose",A,N#CC1(c2cc(C[C@@H](O)CO)cc(-c3ccnc4[nH]nc(C(F)(F)F)c34)c2)CC1,16.9,mL.min-1.kg-1,species_only_dog
14998962,CHEMBL3368189,CHEMBL2165191,CL,mL.min-1.kg-1,=,17.0,CHEMBL373,Canis lupus familiaris,"Clearance in Beagle dog at 1 umol/kg, iv and 2 umol/kg, po",A,Cc1cc([C@@H](C)Nc2ccccc2C(=O)O)c2nc(N3CCOCC3)cc(=O)n2c1,17.0,mL.min-1.kg-1,species_only_dog
14998963,CHEMBL3368189,CHEMBL3318728,CL,mL.min-1.kg-1,=,8.0,CHEMBL373,Canis lupus familiaris,"Clearance in Beagle dog at 1 umol/kg, iv and 2 umol/kg, po",A,C[C@@H](Oc1ccccc1)c1cc(C(=O)N(C)CCO)cn2c(=O)cc(N3CCOCC3)nc12,8.0,mL.min-1.kg-1,species_only_dog
15001998,CHEMBL3366725,CHEMBL1923433,CL,mL.min-1.kg-1,=,3.0,CHEMBL613431,Canis lupus familiaris,"Clearance in dog at 10 mg/kg, iv",A,Cc1[nH]c(C(=O)NC2CCN(c3ncc(C(=O)O)s3)CC2)c(Cl)c1Cl,3.0,mL.min-1.kg-1,species_only_dog
15001999,CHEMBL3366725,CHEMBL3314525,CL,mL.min-1.kg-1,=,26.0,CHEMBL613431,Canis lupus familiaris,"Clearance in dog at 10 mg/kg, iv",A,CO[C@H]1CN(c2ncc(C(=O)O)s2)CC[C@H]1NC(=O)c1[nH]c(C)c(Cl)c1Cl,26.0,mL.min-1.kg-1,species_only_dog
15002000,CHEMBL3366725,CHEMBL3314564,CL,mL.min-1.kg-1,=,3.0,CHEMBL613431,Canis lupus familiaris,"Clearance in dog at 10 mg/kg, iv",A,COCCNC(=O)c1nc(N2CC[C@@H](NC(=O)c3[nH]c(C)c(Cl)c3Cl)[C@@H](OC)C2)sc1C(=O)O,3.0,mL.min-1.kg-1,species_only_dog
15002001,CHEMBL3366725,CHEMBL3314565,CL,mL.min-1.kg-1,=,0.64,CHEMBL613431,Canis lupus familiaris,"Clearance in dog at 10 mg/kg, iv",A,COC[C@H](C)NC(=O)c1nc(N2CC[C@@H](NC(=O)c3[nH]c(C)c(Cl)c3Cl)[C@@H](OC)C2)sc1C(=O)O,0.64,mL.min-1.kg-1,species_only_dog
15002002,CHEMBL3366725,CHEMBL3314567,CL,mL.min-1.kg-1,=,1.6,CHEMBL613431,Canis lupus familiaris,"Clearance in dog at 10 mg/kg, iv",A,COCC(COC)NC(=O)c1nc(N2CC[C@@H](NC(=O)c3[nH]c(C)c(Cl)c3Cl)[C@@H](OC)C2)sc1C(=O)O,1.6,mL.min-1.kg-1,species_only_dog
15002003,CHEMBL3366725,CHEMBL3314575,CL,mL.min-1.kg-1,=,0.73,CHEMBL613431,Canis lupus familiaris,"Clearance in dog at 10 mg/kg, iv",A,CO[C@H]1CN(c2nc(-c3cnccn3)c(C(=O)O)s2)CC[C@H]1NC(=O)c1[nH]c(C)c(Cl)c1Cl,0.73,mL.min-1.kg-1,species_only_dog
15002004,CHEMBL3366725,CHEMBL3314576,CL,mL.min-1.kg-1,=,1.6,CHEMBL613431,Canis lupus familiaris,"Clearance in dog at 10 mg/kg, iv",A,CO[C@H]1CN(c2nc(-c3ncnn3C)c(C(=O)O)s2)CC[C@H]1NC(=O)c1[nH]c(C)c(Cl)c1Cl,1.6,mL.min-1.kg-1,species_only_dog
15002005,CHEMBL3366725,CHEMBL3314577,CL,mL.min-1.kg-1,=,1.9,CHEMBL613431,Canis lupus familiaris,"Clearance in dog at 10 mg/kg, iv",A,CO[C@H]1CN(c2nc(-c3ncccn3)c(C(=O)O)s2)CC[C@H]1NC(=O)c1[nH]c(C)c(Cl)c1Cl,1.9,mL.min-1.kg-1,species_only_dog
15005915,CHEMBL3371444,CHEMBL3298371,CL,mL.min-1.kg-1,=,21.0,CHEMBL373,Canis lupus familiaris,"Clearance in beagle dog at 1 mg/kg, iv by LC-MS/MS analysis",A,CN(C)CC[C@@H](c1ccccc1)n1cc(NC(=O)c2n[nH]c3c2CCC(C)(C)C3)cn1,21.0,mL.min-1.kg-1,species_only_dog
15010726,CHEMBL3370770,CHEMBL236593,CL,mL.min-1.kg-1,=,17.0,CHEMBL373,Canis lupus familiaris,"Clearance in dog at 1 mg/kg, po or 0.5 mg/kg, iv",A,O=C(N[C@@H]1CC[C@@H](c2cccc(F)c2F)CN(CC(F)(F)F)C1=O)N1CCC(n2c(=O)[nH]c3ncccc32)CC1,17.0,mL.min-1.kg-1,species_only_dog
15014078,CHEMBL3364516,CHEMBL3298678,CL,mL.min-1.kg-1,=,32.0,CHEMBL373,Canis lupus familiaris,"Clearance in beagle dog at 1 mg/kg, iv",A,O=C(N[C@H](CO)c1ccc(Cl)c(F)c1)N1CCc2cnc(NC3CCOCC3)nc2C1,32.0,mL.min-1.kg-1,species_only_dog
15015145,CHEMBL3371470,CHEMBL231779,CL,mL.min-1.kg-1,=,0.3333,CHEMBL373,Canis lupus familiaris,"Clearance in dog at 0.5 mg/kg, iv and 0.2 mg/kg, po administered as cassette dosing",A,COc1ccc(-n2nc(C(N)=O)c3c2C(=O)N(c2ccc(N4CCCCC4=O)cc2)CC3)cc1,0.3333,mL.min-1.kg-1,species_only_dog
15015146,CHEMBL3371470,CHEMBL3314440,CL,mL.min-1.kg-1,=,16.33,CHEMBL373,Canis lupus familiaris,"Clearance in dog at 0.5 mg/kg, iv and 0.2 mg/kg, po administered as cassette dosing",A,COc1ccc(-n2nc(C(N)=O)c3c2C(=O)N(c2ccc(C(C)(C)CO)cc2)CC3)cc1,16.33,mL.min-1.kg-1,species_only_dog
15015147,CHEMBL3371470,CHEMBL3314442,CL,mL.min-1.kg-1,=,64.33,CHEMBL373,Canis lupus familiaris,"Clearance in dog at 0.5 mg/kg, iv and 0.2 mg/kg, po administered as cassette dosing",A,COc1ccc(-n2nc(S(C)(=O)=O)c3c2C(=O)N(c2ccc(C(C)(C)CN(C)C)cc2)CC3)cc1,64.33,mL.min-1.kg-1,species_only_dog
15015148,CHEMBL3371470,CHEMBL3314443,CL,mL.min-1.kg-1,=,36.67,CHEMBL373,Canis lupus familiaris,"Clearance in dog at 0.5 mg/kg, iv and 0.2 mg/kg, po administered as cassette dosing",A,COc1ccc(-n2nc(S(C)(=O)=O)c3c2C(=O)N(c2ccc(C(C)(C)CN4CCCC4)cc2)CC3)cc1,36.67,mL.min-1.kg-1,species_only_dog
15015149,CHEMBL3371470,CHEMBL3314444,CL,mL.min-1.kg-1,=,21.33,CHEMBL373,Canis lupus familiaris,"Clearance in dog at 0.5 mg/kg, iv and 0.2 mg/kg, po administered as cassette dosing",A,COc1ccc(-n2nc(S(C)(=O)=O)c3c2C(=O)N(c2ccc(C(C)(C)CN4CCOCC4)cc2)CC3)cc1,21.33,mL.min-1.kg-1,species_only_dog
15015150,CHEMBL3371470,CHEMBL3314445,CL,mL.min-1.kg-1,=,84.0,CHEMBL373,Canis lupus familiaris,"Clearance in dog at 0.5 mg/kg, iv and 0.2 mg/kg, po administered as cassette dosing",A,COc1ccc(-n2nc(C(N)=O)c3c2C(=O)N(c2ccc(C(C)(C)CN(C)C)cc2)CC3)cc1,84.0,mL.min-1.kg-1,species_only_dog
15015151,CHEMBL3371470,CHEMBL3314448,CL,mL.min-1.kg-1,=,29.33,CHEMBL373,Canis lupus familiaris,"Clearance in dog at 0.5 mg/kg, iv and 0.2 mg/kg, po administered as cassette dosing",A,COc1ccc(-n2nc(C(N)=O)c3c2C(=O)N(c2ccc(C(C)(C)CN4CCOCC4)cc2)CC3)cc1,29.33,mL.min-1.kg-1,species_only_dog
15015152,CHEMBL3371470,CHEMBL3314450,CL,mL.min-1.kg-1,=,56.0,CHEMBL373,Canis lupus familiaris,"Clearance in dog at 0.5 mg/kg, iv and 0.2 mg/kg, po administered as cassette dosing",A,COc1ccc(-n2nc(C(N)=O)c3c2C(=O)N(c2ccc(C(C)(C)CN)cc2)CC3)cc1,56.0,mL.min-1.kg-1,species_only_dog
15015153,CHEMBL3371470,CHEMBL3314454,CL,mL.min-1.kg-1,=,126.67,CHEMBL373,Canis lupus familiaris,"Clearance in dog at 0.5 mg/kg, iv and 0.2 mg/kg, po administered as cassette dosing",A,COc1ccc(-n2nc(C(N)=O)c3c2C(=O)N(c2ccc(C(C)(C)N4CCCC4)cc2)CC3)cc1,126.67,mL.min-1.kg-1,species_only_dog
15015154,CHEMBL3371470,CHEMBL3314455,CL,mL.min-1.kg-1,=,5.333,CHEMBL373,Canis lupus familiaris,"Clearance in dog at 0.5 mg/kg, iv and 0.2 mg/kg, po administered as cassette dosing",A,COc1ccc(-n2nc(C(N)=O)c3c2C(=O)N(c2ccc(C(C)(C)S(C)(=O)=O)cc2)CC3)cc1,5.333,mL.min-1.kg-1,species_only_dog
15016536,CHEMBL3364724,CHEMBL3337527,CL,mL.min-1.kg-1,=,23.0,CHEMBL373,Canis lupus familiaris,"Clearance in dog at 1 mg/kg, iv",A,CCCCn1ccc(N2CCC(c3ccccc3)CC2)c(Cl)c1=O,23.0,mL.min-1.kg-1,species_only_dog
15021736,CHEMBL3369689,CHEMBL3319210,CL,mL.min-1.kg-1,=,0.8667,CHEMBL373,Canis lupus familiaris,"Clearance in dog at 0.5 mg/kg, iv",A,CC(=O)N1CCC(c2cccnc2Oc2ccc(C(=O)c3nc4ccccc4[nH]3)cc2)CC1,0.8667,mL.min-1.kg-1,species_only_dog
15021737,CHEMBL3369689,CHEMBL3319209,CL,mL.min-1.kg-1,=,1.233,CHEMBL373,Canis lupus familiaris,"Clearance in dog at 0.5 mg/kg, iv",A,CC(=O)N1CCC(c2nccnc2Oc2ccc(C(=O)c3nc4ccccc4[nH]3)cc2)CC1,1.233,mL.min-1.kg-1,species_only_dog
15023420,CHEMBL3363152,CHEMBL3297817,CL,mL.min-1.kg-1,=,2.1,CHEMBL373,Canis lupus familiaris,"Clearance in dog at 0.125 mg/kg, iv",A,N#CC1(c2ccccn2)CCN(Cc2cc3c(c4ccccc24)CN([C@H]2CCCC[C@@H]2O)C3=O)CC1,2.1,mL.min-1.kg-1,species_only_dog
15024492,CHEMBL3370917,CHEMBL3315070,CL,mL.min-1.kg-1,=,9.0,CHEMBL373,Canis lupus familiaris,Clearance in iv dosed dog,A,CC(C)Oc1ccc(-c2ccc3c(n2)Oc2c(F)cccc2[C@@H]3C(C)(C)C(=O)NC(N)=O)cn1,9.0,mL.min-1.kg-1,species_only_dog
15031013,CHEMBL3369295,CHEMBL3298986,CL,mL.min-1.kg-1,=,40.0,CHEMBL373,Canis lupus familiaris,Clearance in dog,A,CC(C)(N)COc1ccc(Nc2ccc(CCNC[C@H](O)c3ccc(O)c4[nH]c(=O)ccc34)cc2)cc1,40.0,mL.min-1.kg-1,species_only_dog
15035867,CHEMBL3369762,CHEMBL3310096,CL,mL.min-1.kg-1,=,13.8,CHEMBL373,Canis lupus familiaris,"Plasma clearance in dog at 5 mg/kg, po",A,CNC(=O)Cn1c(=O)c(C(=O)NCCOC)c(O)c2ncc(Cc3ccc(F)cc3)cc21,13.8,mL.min-1.kg-1,species_only_dog
15035868,CHEMBL3369762,CHEMBL3310087,CL,mL.min-1.kg-1,=,19.5,CHEMBL373,Canis lupus familiaris,"Plasma clearance in dog at 5 mg/kg, po",A,COCCNC(=O)c1c(O)c2ncc(Cc3ccc(F)cc3)cc2n(CC(=O)N(C)C)c1=O,19.5,mL.min-1.kg-1,species_only_dog
15035869,CHEMBL3369762,CHEMBL3309905,CL,mL.min-1.kg-1,=,10.9,CHEMBL373,Canis lupus familiaris,"Plasma clearance in dog at 5 mg/kg, po",A,CNC(=O)c1c(O)c2ncc(Cc3ccc(F)cc3)cc2n(CC(=O)N(C)C)c1=O,10.9,mL.min-1.kg-1,species_only_dog
15036439,CHEMBL3373258,CHEMBL3319215,CL,mL.min-1.kg-1,=,8.1,CHEMBL373,Canis lupus familiaris,"Clearance in beagle dog at 1 mg/kg, iv",A,CN1CCN(CCCS(=O)(=O)c2ccc3nc(NC(=O)NC(=O)c4ccccc4Cl)sc3c2)CC1,8.1,mL.min-1.kg-1,species_only_dog
15036464,CHEMBL3375771,CHEMBL3319223,CL,mL.min-1.kg-1,=,0.69,CHEMBL373,Canis lupus familiaris,"Clearance in beagle dog at 2 mg/kg, iv",A,CN1CCN(CCCS(=O)(=O)c2ccc3nc(NC(=O)NC(=O)c4cc(N5CCOCC5)ccc4Cl)sc3c2)CC1,0.69,mL.min-1.kg-1,species_only_dog
15036465,CHEMBL3375771,CHEMBL3319405,CL,mL.min-1.kg-1,=,10.0,CHEMBL373,Canis lupus familiaris,"Clearance in beagle dog at 2 mg/kg, iv",A,CN1CCC(S(=O)(=O)c2ccc3nc(NC(=O)NC(=O)c4cc(N5CCOCC5)ccc4Cl)sc3c2)CC1,10.0,mL.min-1.kg-1,species_only_dog
15054908,CHEMBL3379854,CHEMBL3315104,CL,mL.min-1.kg-1,=,5.6,CHEMBL373,Canis lupus familiaris,"Clearance in beagle dog at 0.3 mg/kg, iv",A,CC(C)(C)C#Cc1cc(N2C(=O)[C@@H](CCO)OC[C@H]2C2CCCCC2)c(C(=O)O)s1,5.6,mL.min-1.kg-1,species_only_dog
15054909,CHEMBL3379854,CHEMBL3315108,CL,mL.min-1.kg-1,=,5.4,CHEMBL373,Canis lupus familiaris,"Clearance in beagle dog at 0.3 mg/kg, iv",A,CC(C)(C)C#Cc1cc(N2C(=O)[C@@H](CCCO)OC[C@H]2C2CCCCC2)c(C(=O)O)s1,5.4,mL.min-1.kg-1,species_only_dog
15054910,CHEMBL3379854,CHEMBL3315112,CL,mL.min-1.kg-1,=,7.7,CHEMBL373,Canis lupus familiaris,"Clearance in beagle dog at 0.3 mg/kg, iv",A,C[C@@H](O)C[C@H]1OC[C@@H](C2CCCCC2)N(c2cc(C#CC(C)(C)C)sc2C(=O)O)C1=O,7.7,mL.min-1.kg-1,species_only_dog
15065246,CHEMBL3382677,CHEMBL3354673,CL,mL.min-1.kg-1,=,17.0,CHEMBL373,Canis lupus familiaris,"Clearance in beagle dog at 1 mg/kg, iv",A,O=C(Nc1ccc2cc[nH]c2c1)c1c[nH]c2ccccc2c1=O,17.0,mL.min-1.kg-1,species_only_dog
15065291,CHEMBL3385778,CHEMBL2010601,CL,mL.min-1.kg-1,=,0.7,CHEMBL373,Canis lupus familiaris,"Clearance in beagle dog at 0.9 mg/kg, iv",A,CC(C)(C)c1cc(C(C)(C)C)c(NC(=O)c2c[nH]c3ccccc3c2=O)cc1O,0.7,mL.min-1.kg-1,species_only_dog
15069794,CHEMBL3381271,CHEMBL3359854,CL,mL.min-1.kg-1,=,6.0,CHEMBL373,Canis lupus familiaris,"Clearance in Beagle dog at 1 mg/kg, iv or 2 mg/kg, po using DMSO/10%(w/v) Kleptose, 0.9% saline(aq) (2%/98%)",A,CC(C)Oc1ncc(-c2nc(-c3cccc4c3OCCNC4CCCC(=O)O)no2)cc1Cl,6.0,mL.min-1.kg-1,species_only_dog
15069795,CHEMBL3381271,CHEMBL3359854,CL,mL.min-1.kg-1,=,26.0,CHEMBL373,Canis lupus familiaris,"Clearance in Beagle dog at 1 mg/kg, iv or 2 mg/kg, po using DMSO/10%(w/v) Kleptose, 0.9% saline(aq) (2%/98%)",A,CC(C)Oc1ncc(-c2nc(-c3cccc4c3OCCNC4CCCC(=O)O)no2)cc1Cl,26.0,mL.min-1.kg-1,species_only_dog
15069796,CHEMBL3381271,CHEMBL3359847,CL,mL.min-1.kg-1,=,3.0,CHEMBL373,Canis lupus familiaris,"Clearance in Beagle dog at 1 mg/kg, iv or 2 mg/kg, po using DMSO/10%(w/v) Kleptose, 0.9% saline(aq) (2%/98%)",A,CC(C)Oc1ccc(-c2nc(-c3ccc4c(c3)CCN(CCCC(=O)O)CC4)no2)cc1C#N,3.0,mL.min-1.kg-1,species_only_dog
15069797,CHEMBL3381271,CHEMBL3359844,CL,mL.min-1.kg-1,=,26.0,CHEMBL373,Canis lupus familiaris,"Clearance in Beagle dog at 1 mg/kg, iv or 2 mg/kg, po using DMSO/10%(w/v) Kleptose, 0.9% saline(aq) (2%/98%)",A,CC(C)Oc1ccc(-c2nc(-c3cccc4c3OCCN(CCCC(=O)O)C4)no2)cc1Cl,26.0,mL.min-1.kg-1,species_only_dog
15069798,CHEMBL3381271,CHEMBL3360360,CL,mL.min-1.kg-1,=,4.0,CHEMBL373,Canis lupus familiaris,"Clearance in Beagle dog at 1 mg/kg, iv or 2 mg/kg, po using DMSO/10%(w/v) Kleptose, 0.9% saline(aq) (2%/98%)",A,CC(C)Oc1ccc(-c2nc(-c3cccc4c3cnn4CCC(=O)[O-])no2)cc1Cl.[Na+],4.0,mL.min-1.kg-1,species_only_dog
15070999,CHEMBL3363525,CHEMBL2165063,CL,mL.min-1.kg-1,=,8.5,CHEMBL373,Canis lupus familiaris,"Clearance in beagle dog at 10 mg/kg, iv",A,COc1ccc2ncc(=O)n(CCN3CCC(NCc4ccc5c(n4)NC(=O)CO5)CC3)c2c1,8.5,mL.min-1.kg-1,species_only_dog
15071053,CHEMBL3363525,CHEMBL3355573,CL,mL.min-1.kg-1,=,14.0,CHEMBL373,Canis lupus familiaris,"Clearance in beagle dog at 10 mg/kg, iv",A,N[C@@H](Cn1c(=O)cnc2ccc(F)cc21)[C@H]1CC[C@H](NCc2ncc3c(n2)NC(=O)CO3)CC1,14.0,mL.min-1.kg-1,species_only_dog
15071106,CHEMBL3363525,CHEMBL3355575,CL,mL.min-1.kg-1,=,14.0,CHEMBL373,Canis lupus familiaris,"Clearance in beagle dog at 10 mg/kg, iv",A,COc1cnc2ccc(=O)n(C[C@H](N)[C@H]3CC[C@H](NCc4ccc5c(n4)NC(=O)CO5)CC3)c2c1,14.0,mL.min-1.kg-1,species_only_dog
15073134,CHEMBL3390225,CHEMBL3353403,CL,mL.min-1.kg-1,=,0.016,CHEMBL373,Canis lupus familiaris,Plasma clearance in iv dosed dog,A,C=CC(=O)Nc1cc(Nc2ncc(Cl)c(-c3cnn4ccccc34)n2)c(OC)cc1N1CC[C@@H](N(C)C)C1,0.016,mL.min-1.kg-1,species_only_dog
15073186,CHEMBL3390225,CHEMBL3353404,CL,mL.min-1.kg-1,=,0.025,CHEMBL373,Canis lupus familiaris,Plasma clearance in iv dosed dog,A,C=CC(=O)Nc1cc(Nc2ncc(Cl)c(-c3cnn4ccccc34)n2)c(OC)cc1N(C)CCN(C)C,0.025,mL.min-1.kg-1,species_only_dog
15073237,CHEMBL3390225,CHEMBL3353405,CL,mL.min-1.kg-1,=,0.007,CHEMBL373,Canis lupus familiaris,Plasma clearance in iv dosed dog,A,C=CC(=O)Nc1cc(Nc2ncc(Cl)c(-c3cnn4ccccc34)n2)c(OC)cc1N1CC(N(C)C)C1,0.007,mL.min-1.kg-1,species_only_dog
15078058,CHEMBL3384661,CHEMBL3358006,CL,mL.min-1.kg-1,=,1.6,CHEMBL373,Canis lupus familiaris,"Plasma clearance in beagle dog at 2 mg/kg, iv or 3.4 mg/kg, po",A,C[C@@H]1CN(c2nc(C(F)(F)F)no2)CCN1c1ncc(OCc2ccc(CS(C)(=O)=O)cc2F)cn1,1.6,mL.min-1.kg-1,species_only_dog
15079153,CHEMBL3383826,CHEMBL2181776,CL,mL.min-1.kg-1,=,1.8,CHEMBL373,Canis lupus familiaris,"Clearance in dog at 2 mg/kg, iv",A,Cn1c(-c2ccccn2)c(C2CCCC2)c2ccc(C(=O)NC3(C(=O)Nc4ccc(/C=C/C(=O)O)cc4)CCC3)cc21,1.8,mL.min-1.kg-1,species_only_dog
15079154,CHEMBL3383826,CHEMBL3355225,CL,mL.min-1.kg-1,=,1.0,CHEMBL373,Canis lupus familiaris,"Clearance in dog at 2 mg/kg, iv",A,CCOc1cc(NC(=O)C2(NC(=O)c3ccc4c(C5CCCC5)c(-c5ncc(Cl)cn5)n(C)c4c3)CCC2)ccc1/C=C/C(=O)O,1.0,mL.min-1.kg-1,species_only_dog
15080876,CHEMBL3383560,CHEMBL3330442,CL,mL.min-1.kg-1,=,6.667,CHEMBL373,Canis lupus familiaris,"Plasma clearance in Beagle dog at 0.5 mg/kg, iv",A,O=C(NC[C@@H]1OC(=O)N2c3ccc(N4CCOCC4=O)cc3OC[C@@H]12)c1ccc(Cl)s1,6.667,mL.min-1.kg-1,species_only_dog
15080877,CHEMBL3383560,CHEMBL198362,CL,mL.min-1.kg-1,=,10.0,CHEMBL373,Canis lupus familiaris,"Plasma clearance in Beagle dog at 0.5 mg/kg, iv",A,O=C(NC[C@H]1CN(c2ccc(N3CCOCC3=O)cc2)C(=O)O1)c1ccc(Cl)s1,10.0,mL.min-1.kg-1,species_only_dog
15082061,CHEMBL3387585,CHEMBL3338846,CL,mL.min-1.kg-1,=,27.0,CHEMBL373,Canis lupus familiaris,Clearance in dog with cassette dosing,A,COc1ccc(CNC(=O)c2cc(-c3cncc(C)c3)cnc2-c2ccccc2)nc1OC,27.0,mL.min-1.kg-1,species_only_dog
15082062,CHEMBL3387585,CHEMBL3338847,CL,mL.min-1.kg-1,=,28.0,CHEMBL373,Canis lupus familiaris,Clearance in dog with cassette dosing,A,COc1ccc(CNC(=O)c2nc(-c3cncc(C)c3)ccc2-c2ccccc2)nc1OC,28.0,mL.min-1.kg-1,species_only_dog
15082063,CHEMBL3387585,CHEMBL3338848,CL,mL.min-1.kg-1,=,15.0,CHEMBL373,Canis lupus familiaris,Clearance in dog with cassette dosing,A,COc1ccc(CNC(=O)c2cc(-c3cncc(C)c3)ncc2-c2ccccc2)nc1OC,15.0,mL.min-1.kg-1,species_only_dog
15082064,CHEMBL3387585,CHEMBL3338849,CL,mL.min-1.kg-1,=,37.0,CHEMBL373,Canis lupus familiaris,Clearance in dog with cassette dosing,A,COc1ccc(CNC(=O)c2nc(-c3cncc(C)c3)cnc2-c2ccccc2)nc1OC,37.0,mL.min-1.kg-1,species_only_dog
15082065,CHEMBL3387585,CHEMBL3338850,CL,mL.min-1.kg-1,=,47.0,CHEMBL373,Canis lupus familiaris,Clearance in dog with cassette dosing,A,COc1ccc(CNC(=O)c2nc(-c3cncc(C)c3)ncc2-c2ccccc2)nc1OC,47.0,mL.min-1.kg-1,species_only_dog
15082066,CHEMBL3387585,CHEMBL3338852,CL,mL.min-1.kg-1,=,51.0,CHEMBL373,Canis lupus familiaris,Clearance in dog with cassette dosing,A,COc1ccc(CNC(=O)c2cc(-c3cncc(C)c3)ccc2-c2ccccc2)nc1OC,51.0,mL.min-1.kg-1,species_only_dog
15082067,CHEMBL3387585,CHEMBL3338855,CL,mL.min-1.kg-1,=,17.0,CHEMBL373,Canis lupus familiaris,Clearance in dog with cassette dosing,A,COc1ccc(CNC(=O)c2cc(-c3cncc(C)c3)ncc2-c2ccccc2F)nc1OC,17.0,mL.min-1.kg-1,species_only_dog
15082068,CHEMBL3387585,CHEMBL3338856,CL,mL.min-1.kg-1,=,18.0,CHEMBL373,Canis lupus familiaris,Clearance in dog with cassette dosing,A,COc1ccc(CNC(=O)c2cc(-c3cncc(C)c3)ncc2-c2cccc(F)c2)nc1OC,18.0,mL.min-1.kg-1,species_only_dog
15082069,CHEMBL3387585,CHEMBL3338858,CL,mL.min-1.kg-1,=,24.0,CHEMBL373,Canis lupus familiaris,Clearance in dog with cassette dosing,A,COc1ccc(CNC(=O)c2cc(-c3cncc(C)c3)ncc2-c2cnccn2)nc1OC,24.0,mL.min-1.kg-1,species_only_dog
15082070,CHEMBL3387585,CHEMBL3338860,CL,mL.min-1.kg-1,=,19.0,CHEMBL373,Canis lupus familiaris,Clearance in dog with cassette dosing,A,COc1ccc(CNC(=O)c2cc(-c3cncc(C)c3)ncc2-c2cncc(F)c2)nc1OC,19.0,mL.min-1.kg-1,species_only_dog
15082071,CHEMBL3387585,CHEMBL3338861,CL,mL.min-1.kg-1,=,15.0,CHEMBL373,Canis lupus familiaris,Clearance in dog with cassette dosing,A,COc1ccc(CNC(=O)c2cc(-c3cncc(C)c3)ncc2N2CCOCC2)nc1OC,15.0,mL.min-1.kg-1,species_only_dog
15082072,CHEMBL3387585,CHEMBL3338863,CL,mL.min-1.kg-1,=,19.0,CHEMBL373,Canis lupus familiaris,Clearance in dog with cassette dosing,A,COc1ccc(CNC(=O)c2cc(-c3cncc(C)c3)ncc2N2CCC2)nc1OC,19.0,mL.min-1.kg-1,species_only_dog
15082073,CHEMBL3387585,CHEMBL3338865,CL,mL.min-1.kg-1,=,12.0,CHEMBL373,Canis lupus familiaris,Clearance in dog with cassette dosing,A,COc1ccc(CNC(=O)c2cc(-c3cncc(C)c3)ncc2-c2nccs2)nc1OC,12.0,mL.min-1.kg-1,species_only_dog
15082090,CHEMBL3388169,CHEMBL3338865,CL,mL.min-1.kg-1,=,7.2,CHEMBL373,Canis lupus familiaris,"Clearance in dog at 1 mg/kg, iv",A,COc1ccc(CNC(=O)c2cc(-c3cncc(C)c3)ncc2-c2nccs2)nc1OC,7.2,mL.min-1.kg-1,species_only_dog
15088265,CHEMBL3388587,CHEMBL3342775,CL,mL.min-1.kg-1,=,88.9,CHEMBL373,Canis lupus familiaris,"Clearance in Beagle dog at 1 mg/kg, iv or 4 mg/kg, po",A,O=C(O)[C@H]1CC[C@H](OC2CCN(c3ccc(-c4nc5cc(C(F)(F)F)ccc5[nH]4)cn3)CC2)CC1,88.9,mL.min-1.kg-1,species_only_dog
15091512,CHEMBL3384093,CHEMBL2177300,CL,mL.min-1.kg-1,=,6.0,CHEMBL373,Canis lupus familiaris,"Blood clearance in beagle dog at 1 mg/kg, iv as infusion and 3 mg/kg, po",A,CC(=O)N1c2ccc(-c3ccc(C(=O)O)cc3)cc2[C@H](Nc2ccc(Cl)cc2)C[C@@H]1C,6.0,mL.min-1.kg-1,species_only_dog
15102781,CHEMBL3378263,CHEMBL3359763,CL,mL.min-1.kg-1,=,4.333,CHEMBL373,Canis lupus familiaris,"Clearance in Beagle dog at 2 mg/kg, iv",A,CC1(C#Cc2cnc3c(c2)[C@]2(COC(N)=N2)c2cc(-c4cccnc4F)ccc2O3)COC1,4.333,mL.min-1.kg-1,species_only_dog
15102978,CHEMBL3384543,CHEMBL1642601,CL,mL.min-1.kg-1,=,0.2,CHEMBL373,Canis lupus familiaris,"Clearance in dog at 0.5 mg/kg, iv",A,C[C@](O)(c1ccc(C(=O)N(C2CC2)[C@H]2CC[C@](COC(N)=O)(c3ccc(F)cc3)CC2)cc1)C(F)(F)F,0.2,mL.min-1.kg-1,species_only_dog
15110811,CHEMBL3389295,CHEMBL3359092,CL,mL.min-1.kg-1,=,3.083,CHEMBL373,Canis lupus familiaris,"Total clearance in dog at 1 mg/kg, iv",A,COc1cccc(CNC(=O)c2nc3ccc(F)c(OCCc4ccc(C(=O)[O-])cc4)c3c(=O)[nH]2)c1.[Na+],3.083,mL.min-1.kg-1,species_only_dog
15114037,CHEMBL3376543,CHEMBL3337906,CL,mL.min-1.kg-1,=,1.85,CHEMBL373,Canis lupus familiaris,"Total body clearance in dog at 1.09 mg/kg, iv and 10.9 mg/kg, po",A,COc1cccc(CNC(=O)c2nc3scc(COCc4ccc(C(=O)[O-])cc4)c3c(=O)[n-]2)c1.[Na+].[Na+],1.85,mL.min-1.kg-1,species_only_dog
15116672,CHEMBL3382721,CHEMBL3301607,CL,mL.min-1.kg-1,=,4.167,CHEMBL373,Canis lupus familiaris,"Clearance in dog at 1 mg/kg, iv",A,O=C(Nc1nc2cccc(-c3ccc(CN4CCS(=O)(=O)CC4)cc3)n2n1)C1CC1,4.167,mL.min-1.kg-1,species_only_dog
15136863,CHEMBL3365733,CHEMBL3329696,CL,mL.min-1.kg-1,=,35.33,CHEMBL373,Canis lupus familiaris,"Clearance in dog at 6.25 mg/kg, iv",A,Cc1cc(N2CCC[C@@H](N)C2)c2c(n1)n(C)c(=O)n2Cc1ccccc1C#N,35.33,mL.min-1.kg-1,species_only_dog
15140591,CHEMBL3386055,CHEMBL3359265,CL,mL.min-1.kg-1,=,3.4,CHEMBL373,Canis lupus familiaris,"Clearance in dog at 1 mg/kg, iv",A,Cc1nc2ccc(C(=O)N3CCC4(CC3)CC(=O)c3c(cnn3C(C)C)C4)cc2[nH]1,3.4,mL.min-1.kg-1,species_only_dog
15146333,CHEMBL3395645,CHEMBL3394057,CL,mL.min-1.kg-1,=,4.783,CHEMBL373,Canis lupus familiaris,"Clearance in dog at 2 mg/kg, iv or 5 mg/kg, po",A,NC1=N[C@@]2(CO1)c1cc(-c3cccnc3F)ccc1Oc1cnc(-c3ccnc(F)c3)cc12,4.783,mL.min-1.kg-1,species_only_dog
15146618,CHEMBL3395030,CHEMBL3394734,CL,mL.min-1.kg-1,=,6.7,CHEMBL373,Canis lupus familiaris,"Clearance in dog at 1 mg/kg, iv",A,O=C(NCc1ccc(S(=O)(=O)c2cc(F)cc(F)c2)cn1)c1cc2ccncc2o1,6.7,mL.min-1.kg-1,species_only_dog
15146619,CHEMBL3395030,CHEMBL3394738,CL,mL.min-1.kg-1,=,9.8,CHEMBL373,Canis lupus familiaris,"Clearance in dog at 1 mg/kg, iv",A,CC(C)n1cc(S(=O)(=O)c2ccc(CNC(=O)c3cc4ccncc4o3)nc2)cn1,9.8,mL.min-1.kg-1,species_only_dog
15148665,CHEMBL3396706,CHEMBL3394220,CL,mL.min-1.kg-1,=,4.333,CHEMBL373,Canis lupus familiaris,"Clearance in dog at 1 mg/kg, iv",A,NC1=N[C@@]2(CO1)c1cc(-c3ncccc3F)ccc1Oc1c2cc(C2=CCCOC2)nc1F,4.333,mL.min-1.kg-1,species_only_dog
15149336,CHEMBL3395416,CHEMBL3394842,CL,mL.min-1.kg-1,=,6.2,CHEMBL373,Canis lupus familiaris,"Clearance in beagle dog at 0.125 mg/kg, iv",A,C[C@@H]1CC[C@@H](Oc2ccnc3c(F)cccc23)CN1C(=O)c1ccccc1-n1nccn1,6.2,mL.min-1.kg-1,species_only_dog
15151392,CHEMBL3395607,CHEMBL3393333,CL,mL.min-1.kg-1,=,41.0,CHEMBL373,Canis lupus familiaris,"Plasma clearance in dog at 1 mg/kg, iv and 5 mg/kg, po",A,N#Cc1ccnc(Nc2cc(C3CCN(C4COC4)CC3)cc(N3CCC(F)(F)C3)n2)c1,41.0,mL.min-1.kg-1,species_only_dog
15158399,CHEMBL3399899,CHEMBL3398616,CL,mL.min-1.kg-1,=,34.8,CHEMBL373,Canis lupus familiaris,"Clearance in dog at 0.5 mg/kg, po or 0.4 mg/kg, iv administered in cassette format",A,Nc1nccc2c1CCC(C(=O)N[C@@H](Cc1ccccc1)c1nc(-c3ccc4c(N)n[nH]c4c3)c(Cl)[nH]1)C2,34.8,mL.min-1.kg-1,species_only_dog
15158400,CHEMBL3399899,CHEMBL3398617,CL,mL.min-1.kg-1,=,49.5,CHEMBL373,Canis lupus familiaris,"Clearance in dog at 0.5 mg/kg, po or 0.4 mg/kg, iv administered in cassette format",A,Nc1nccc2cc(C(=O)N[C@@H](Cc3ccccc3)c3nc(-c4ccc5c(N)n[nH]c5c4)c(Cl)[nH]3)ccc12,49.5,mL.min-1.kg-1,species_only_dog
15158401,CHEMBL3399899,CHEMBL3398621,CL,mL.min-1.kg-1,=,15.4,CHEMBL373,Canis lupus familiaris,"Clearance in dog at 0.5 mg/kg, po or 0.4 mg/kg, iv administered in cassette format",A,C[C@H]1CC[C@H](C(=O)N[C@@H](Cc2ccccc2)c2nc(-c3ccc4c(N)n[nH]c4c3)c(Cl)[nH]2)CC1,15.4,mL.min-1.kg-1,species_only_dog
15158402,CHEMBL3399899,CHEMBL3398622,CL,mL.min-1.kg-1,=,12.5,CHEMBL373,Canis lupus familiaris,"Clearance in dog at 0.5 mg/kg, po or 0.4 mg/kg, iv administered in cassette format",A,NC(=O)c1ccc(C(=O)N[C@@H](Cc2ccccc2)c2nc(-c3ccc4c(N)n[nH]c4c3)c(Cl)[nH]2)cc1,12.5,mL.min-1.kg-1,species_only_dog
15158403,CHEMBL3399899,CHEMBL3398624,CL,mL.min-1.kg-1,=,9.0,CHEMBL373,Canis lupus familiaris,"Clearance in dog at 0.5 mg/kg, po or 0.4 mg/kg, iv administered in cassette format",A,Cc1ccc(C(=O)N[C@@H](Cc2ccccc2)c2nc(-c3ccc4c(N)n[nH]c4c3)c(Cl)[nH]2)c(F)c1,9.0,mL.min-1.kg-1,species_only_dog
15158404,CHEMBL3399899,CHEMBL3398626,CL,mL.min-1.kg-1,=,15.2,CHEMBL373,Canis lupus familiaris,"Clearance in dog at 0.5 mg/kg, po or 0.4 mg/kg, iv administered in cassette format",A,COc1cc(F)c(C(=O)N[C@@H](Cc2ccccc2)c2nc(-c3ccc4c(N)n[nH]c4c3)c(Cl)[nH]2)c(F)c1,15.2,mL.min-1.kg-1,species_only_dog
15158405,CHEMBL3399899,CHEMBL3398636,CL,mL.min-1.kg-1,=,31.2,CHEMBL373,Canis lupus familiaris,"Clearance in dog at 0.5 mg/kg, po or 0.4 mg/kg, iv administered in cassette format",A,Nc1n[nH]c2cc(-c3nc([C@H](Cc4ccccc4)NC(=O)NCc4cc(Cl)ccc4-n4cnnn4)[nH]c3Cl)ccc12,31.2,mL.min-1.kg-1,species_only_dog
15158408,CHEMBL3399899,CHEMBL3398639,CL,mL.min-1.kg-1,=,34.5,CHEMBL373,Canis lupus familiaris,"Clearance in dog at 0.5 mg/kg, po or 0.4 mg/kg, iv administered in cassette format",A,COC(=O)Nc1ccc(-c2nc([C@H](Cc3ccccc3)NC(=O)NCc3cc(Cl)ccc3-n3cnnn3)[nH]c2Cl)cc1,34.5,mL.min-1.kg-1,species_only_dog
15158409,CHEMBL3399899,CHEMBL3398640,CL,mL.min-1.kg-1,=,38.3,CHEMBL373,Canis lupus familiaris,"Clearance in dog at 0.5 mg/kg, po or 0.4 mg/kg, iv administered in cassette format",A,COC(=O)Nc1ccc(-c2nc([C@H](Cc3ccccc3)NC(=O)CCc3cc(Cl)ccc3-n3cnnn3)[nH]c2Cl)cc1,38.3,mL.min-1.kg-1,species_only_dog
15158410,CHEMBL3399899,CHEMBL3398641,CL,mL.min-1.kg-1,=,9.0,CHEMBL373,Canis lupus familiaris,"Clearance in dog at 0.5 mg/kg, po or 0.4 mg/kg, iv administered in cassette format",A,COC(=O)Nc1ccc(-c2nc([C@H](Cc3ccccc3)NC(=O)/C=C/c3cc(Cl)ccc3-n3cnnn3)[nH]c2Cl)cc1,9.0,mL.min-1.kg-1,species_only_dog
15158411,CHEMBL3399899,CHEMBL3398642,CL,mL.min-1.kg-1,=,20.0,CHEMBL373,Canis lupus familiaris,"Clearance in dog at 0.5 mg/kg, po or 0.4 mg/kg, iv administered in cassette format",A,COC(=O)Nc1ccc(-c2c[nH]c([C@H](Cc3ccccc3)NC(=O)/C=C/c3cc(Cl)ccc3-n3cnnn3)n2)cc1,20.0,mL.min-1.kg-1,species_only_dog
15158413,CHEMBL3399899,CHEMBL3398644,CL,mL.min-1.kg-1,=,16.0,CHEMBL373,Canis lupus familiaris,"Clearance in dog at 0.5 mg/kg, po or 0.4 mg/kg, iv administered in cassette format",A,Nc1n[nH]c2cc(-c3nc([C@H](Cc4ccccc4)NC(=O)/C=C/c4cc(Cl)ccc4-n4cnnn4)[nH]c3Cl)ccc12,16.0,mL.min-1.kg-1,species_only_dog
15158459,CHEMBL3399903,CHEMBL3398612,CL,mL.min-1.kg-1,=,11.2,CHEMBL373,Canis lupus familiaris,"Clearance in dog at 1 mg/kg, po or 0.4 mg/kg, iv administered in discrete format",A,NC[C@H]1CC[C@H](C(=O)N[C@@H](Cc2ccccc2)c2nc(-c3ccc4c(N)n[nH]c4c3)c(Cl)[nH]2)CC1,11.2,mL.min-1.kg-1,species_only_dog
15160658,CHEMBL3399366,CHEMBL3398481,CL,mL.min-1.kg-1,=,13.1,CHEMBL373,Canis lupus familiaris,"Clearance in dog at 0.5 mg/kg, iv",A,CCN(CCn1ccc(-c2ccc(F)cn2)n1)C(=O)c1cc(C)ccc1-c1ncccn1,13.1,mL.min-1.kg-1,species_only_dog
15160659,CHEMBL3399366,CHEMBL3398482,CL,mL.min-1.kg-1,=,9.967,CHEMBL373,Canis lupus familiaris,"Clearance in dog at 0.5 mg/kg, iv",A,CCN(CCn1ccc(-c2ccc(F)cn2)n1)C(=O)c1ccccc1-n1nccn1,9.967,mL.min-1.kg-1,species_only_dog
15163277,CHEMBL3405313,CHEMBL3400949,CL,mL.min-1.kg-1,=,0.9,CHEMBL373,Canis lupus familiaris,"Clearance in dog at 2 mg/kg, iv",A,CCOc1nc(NC(=O)C2(NC(=O)c3ccc4c(C5CCCC5)c(-c5ncc(Cl)cn5)n(C)c4c3)CCC2)ccc1/C=C/C(=O)O,0.9,mL.min-1.kg-1,species_only_dog
15163345,CHEMBL3405313,CHEMBL3355225,CL,mL.min-1.kg-1,=,1.0,CHEMBL373,Canis lupus familiaris,"Clearance in dog at 2 mg/kg, iv",A,CCOc1cc(NC(=O)C2(NC(=O)c3ccc4c(C5CCCC5)c(-c5ncc(Cl)cn5)n(C)c4c3)CCC2)ccc1/C=C/C(=O)O,1.0,mL.min-1.kg-1,species_only_dog
15165524,CHEMBL3404477,CHEMBL3402762,CL,mL.min-1.kg-1,=,55.0,CHEMBL373,Canis lupus familiaris,"Clearance in beagle dog at 2 mg/kg, iv after 48 hrs by LC/MS/MS analysis",A,CN1CCC(COc2cnc(-c3cccc(Cn4nc(-c5cccc(C#N)c5)ccc4=O)c3)nc2)CC1,55.0,mL.min-1.kg-1,species_only_dog
15166776,CHEMBL3406740,CHEMBL2057915,CL,mL.min-1.kg-1,=,14.0,CHEMBL373,Canis lupus familiaris,Clearance in dog,A,Cc1c(NC(=O)c2cc3c(s2)CCCC3)cccc1-c1cn(C)c(=O)c(Nc2ccc([C@@H]3C(=O)N(C)CCN3C)cc2)n1,14.0,mL.min-1.kg-1,species_only_dog
15171545,CHEMBL3406816,CHEMBL3403391,CL,mL.min-1.kg-1,=,12.0,CHEMBL373,Canis lupus familiaris,"Clearance in beagle dog at 1 mg/kg, iv",A,CC(=O)N1N=C(c2cc(F)ccc2F)S[C@@]12c1cc(F)c(F)cc1OC[C@H]2CCN,12.0,mL.min-1.kg-1,species_only_dog
15171546,CHEMBL3406816,CHEMBL3403390,CL,mL.min-1.kg-1,=,20.0,CHEMBL373,Canis lupus familiaris,"Clearance in beagle dog at 1 mg/kg, iv",A,CC(=O)N1N=C(c2cc(F)ccc2F)S[C@@]12c1cc(F)cc(F)c1OC[C@H]2CCN,20.0,mL.min-1.kg-1,species_only_dog
15171590,CHEMBL3406816,CHEMBL3403385,CL,mL.min-1.kg-1,=,13.7,CHEMBL373,Canis lupus familiaris,"Clearance in beagle dog at 1 mg/kg, iv",A,CC(=O)N1N=C(c2cc(F)ccc2F)S[C@@]12c1ccccc1OC[C@H]2CCN,13.7,mL.min-1.kg-1,species_only_dog
15190447,CHEMBL3412304,CHEMBL3407575,CL,mL.min-1.kg-1,=,11.5,CHEMBL373,Canis lupus familiaris,Clearance in iv dosed dog,A,COc1cc(NC(=O)C[C@@]2(C)C[C@H](c3cccc(Cl)c3)[C@@H](c3ccc(Cl)c(F)c3)N([C@H](CS(=O)(=O)C(C)(C)C)C3CC3)C2=O)ccc1C(=O)O,11.5,mL.min-1.kg-1,species_only_dog
15192955,CHEMBL3411404,CHEMBL3353354,CL,mL.min-1.kg-1,=,33.33,CHEMBL373,Canis lupus familiaris,"Clearance in beagle dog at 1 mg/kg, iv",A,O=C1Nc2ccccc2[C@]12C[C@H]2c1ccc2c(/C=C/c3ccc(CN4CCOCC4)cc3)n[nH]c2c1,33.33,mL.min-1.kg-1,species_only_dog
15192956,CHEMBL3411404,CHEMBL3353357,CL,mL.min-1.kg-1,=,23.33,CHEMBL373,Canis lupus familiaris,"Clearance in beagle dog at 1 mg/kg, iv",A,Cc1ccc2c(c1)[C@]1(C[C@H]1c1ccc3c(/C=C/c4ccc(CN5CCOCC5)cc4)n[nH]c3c1)C(=O)N2,23.33,mL.min-1.kg-1,species_only_dog
15192957,CHEMBL3411404,CHEMBL3353355,CL,mL.min-1.kg-1,=,41.67,CHEMBL373,Canis lupus familiaris,"Clearance in beagle dog at 1 mg/kg, iv",A,COc1ccc2c(c1)[C@]1(C[C@H]1c1ccc3c(/C=C/c4ccc(CN5CCOCC5)cc4)n[nH]c3c1)C(=O)N2,41.67,mL.min-1.kg-1,species_only_dog
15192958,CHEMBL3411404,CHEMBL3408945,CL,mL.min-1.kg-1,=,26.67,CHEMBL373,Canis lupus familiaris,"Clearance in beagle dog at 1 mg/kg, iv",A,COc1ccc2c(c1)[C@]1(C[C@H]1c1ccc3c(/C=C/c4ccc(CN5CCOCC5)cc4)n[nH]c3c1)C(=O)N2C,26.67,mL.min-1.kg-1,species_only_dog
15192959,CHEMBL3411404,CHEMBL3408946,CL,mL.min-1.kg-1,=,8.333,CHEMBL373,Canis lupus familiaris,"Clearance in beagle dog at 1 mg/kg, iv",A,C[C@@H]1CN(Cc2ccc(/C=C/c3n[nH]c4cc([C@@H]5C[C@@]56C(=O)Nc5ccccc56)ccc34)cc2)C[C@H](C)O1,8.333,mL.min-1.kg-1,species_only_dog
15192960,CHEMBL3411404,CHEMBL3408947,CL,mL.min-1.kg-1,=,16.0,CHEMBL373,Canis lupus familiaris,"Clearance in beagle dog at 1 mg/kg, iv",A,COc1ccc2c(c1)[C@]1(C[C@H]1c1ccc3c(/C=C/c4ccc(CN5C[C@@H](C)O[C@@H](C)C5)cc4)n[nH]c3c1)C(=O)N2,16.0,mL.min-1.kg-1,species_only_dog
15195441,CHEMBL3412819,CHEMBL3408617,CL,mL.min-1.kg-1,=,1.9,CHEMBL373,Canis lupus familiaris,"Clearance in dog at 5 mg/kg, po and 2 mg/kg, iv",A,CCOc1nc(NC(=O)C2(NC(=O)c3ccc4c(C5CCCC5)c(-c5ccc(F)cn5)n(C)c4c3)CCC2)ccc1/C=C/C(=O)O,1.9,mL.min-1.kg-1,species_only_dog
15195442,CHEMBL3412819,CHEMBL3408622,CL,mL.min-1.kg-1,=,1.9,CHEMBL373,Canis lupus familiaris,"Clearance in dog at 5 mg/kg, po and 2 mg/kg, iv",A,CCOc1nc(NC(=O)C2(NC(=O)c3ccc4c(c3)c(C)c(-c3ccc(F)cn3)n4C3CCCCC3)CCC2)ccc1/C=C/C(=O)O,1.9,mL.min-1.kg-1,species_only_dog
15196870,CHEMBL3412819,CHEMBL3408841,CL,mL.min-1.kg-1,=,4.6,CHEMBL373,Canis lupus familiaris,"Clearance in dog at 5 mg/kg, po and 2 mg/kg, iv",A,CCOc1nc(NC(=O)C(C)(C)NC(=O)c2ccc3c(C4CCCC4)c(-c4ccc(F)cn4)n(C)c3c2)ccc1/C=C/C(=O)O,4.6,mL.min-1.kg-1,species_only_dog
15197153,CHEMBL3413534,CHEMBL3410672,CL,mL.min-1.kg-1,=,16.0,CHEMBL373,Canis lupus familiaris,"Clearance in Beagle dog at 1 to 3 umol/kg, iv",A,C[C@H]1COCCN1c1cc(C2(S(=O)(=O)C3CC3)CC2)nc(-c2ccc(NC(=S)NCCO)cc2)n1,16.0,mL.min-1.kg-1,species_only_dog
15197747,CHEMBL3411236,CHEMBL3408248,CL,mL.min-1.kg-1,=,36.0,CHEMBL373,Canis lupus familiaris,"Clearance in dog at 5 umol/kg, iv administered as bolus dose in 20 to 30% DMA in PBS",A,C[C@@H](Nc1cc(F)cc(F)c1)c1cc(C(=O)N(C)C)cc2c(=O)cc(N3CCOCC3)oc12,36.0,mL.min-1.kg-1,species_only_dog
15197748,CHEMBL3411236,CHEMBL3408257,CL,mL.min-1.kg-1,=,28.0,CHEMBL373,Canis lupus familiaris,"Clearance in dog at 5 umol/kg, iv administered as bolus dose in 20 to 30% DMA in PBS",A,C[C@@H](Nc1cc(F)cc(F)c1F)c1cc(C(=O)N(C)C)cc2c(=O)cc(N3CCOCC3)oc12,28.0,mL.min-1.kg-1,species_only_dog
15197749,CHEMBL3411236,CHEMBL3408270,CL,mL.min-1.kg-1,=,69.0,CHEMBL373,Canis lupus familiaris,"Clearance in dog at 5 umol/kg, iv administered as bolus dose in 20 to 30% DMA in PBS",A,C[C@H]1CN(c2cc(=O)c3cc(C(=O)N(C)C)cc([C@@H](C)Nc4cc(F)cc(F)c4)c3o2)CCO1,69.0,mL.min-1.kg-1,species_only_dog
15197750,CHEMBL3411236,CHEMBL3408274,CL,mL.min-1.kg-1,=,27.0,CHEMBL373,Canis lupus familiaris,"Clearance in dog at 5 umol/kg, iv administered as bolus dose in 20 to 30% DMA in PBS",A,C[C@H](c1cc(C(=O)N(C)C)cc2c(=O)cc(N3CCOCC3)oc12)N(C)c1cc(F)cc(F)c1,27.0,mL.min-1.kg-1,species_only_dog
15198094,CHEMBL3413810,CHEMBL3410450,CL,mL.min-1.kg-1,=,3.833,CHEMBL373,Canis lupus familiaris,"Clearance in beagle dog at 1 mg/kg, iv administered as infusion over 30 mins",A,Cc1cn2nc([C@@H]3CCCCN3C(=O)c3cc(Cl)ccc3NS(C)(=O)=O)cc2nc1N1CC[C@H](N)C1,3.833,mL.min-1.kg-1,species_only_dog
15202780,CHEMBL3413955,CHEMBL3409588,CL,mL.min-1.kg-1,=,18.0,CHEMBL373,Canis lupus familiaris,"Clearance in dog at 2 mg/kg, iv",A,O=c1cc(-c2ccnc(NC3CCOCC3)n2)ccn1[C@H](CO)c1ccc(Cl)c(F)c1,18.0,mL.min-1.kg-1,species_only_dog
15223975,CHEMBL3419136,CHEMBL3416026,CL,mL.min-1.kg-1,=,11.0,CHEMBL373,Canis lupus familiaris,"Clearance in Beagle dog at 0.1 mg/kg, iv and 0.3 mg/kg, po",A,NC(=O)c1nnc(N[C@@H]2CCCC[C@@H]2N)nc1Nc1cccc2cc[nH]c12,11.0,mL.min-1.kg-1,species_only_dog
15224693,CHEMBL3421087,CHEMBL3417585,CL,mL.min-1.kg-1,=,186.0,CHEMBL373,Canis lupus familiaris,"Clearance in dog at 1 mg/kg, iv",A,C[C@@H]1CCCN1CCCOc1ccc(C2=NNC(=O)[C@@H]3C[C@H]23)cc1,186.0,mL.min-1.kg-1,species_only_dog
15247631,CHEMBL3429635,CHEMBL3426137,CL,mL.min-1.kg-1,=,27.0,CHEMBL373,Canis lupus familiaris,"Clearance in dog at 10 mg/kg, po or 2 mg/kg, iv",A,C[C@@H]1CC[C@@H](Oc2cc(C#N)ccn2)CN1C(=O)c1ccccc1-n1nccn1,27.0,mL.min-1.kg-1,species_only_dog
15247632,CHEMBL3429635,CHEMBL3426149,CL,mL.min-1.kg-1,=,4.6,CHEMBL373,Canis lupus familiaris,"Clearance in dog at 10 mg/kg, po or 2 mg/kg, iv",A,Cc1nc(-c2ccccc2C(=O)N2C[C@H](Oc3cc(C#N)ccn3)CC[C@H]2C)no1,4.6,mL.min-1.kg-1,species_only_dog
15247633,CHEMBL3429635,CHEMBL3426150,CL,mL.min-1.kg-1,=,15.0,CHEMBL373,Canis lupus familiaris,"Clearance in dog at 10 mg/kg, po or 2 mg/kg, iv",A,C[C@@H]1CC[C@@H](Oc2cc(C#N)ccn2)CN1C(=O)c1ccccc1-c1ncccn1,15.0,mL.min-1.kg-1,species_only_dog
15251002,CHEMBL3429582,CHEMBL1094636,CL,mL.min-1.kg-1,=,31.0,CHEMBL613431,Canis lupus familiaris,Plasma clearance in dog,A,NC(=O)c1cccc2cn(-c3ccc([C@@H]4CCCNC4)cc3)nc12,31.0,mL.min-1.kg-1,species_only_dog
15254912,CHEMBL3429468,CHEMBL2364618,CL,mL.min-1.kg-1,=,29.0,CHEMBL373,Canis lupus familiaris,"Clearance in dog at 2 mg/kg, iv",A,CC(C)(O)c1ccccc1-c1ccc2[nH]c(/C=C/c3ccc(C(F)(F)F)cc3)nc2c1,29.0,mL.min-1.kg-1,species_only_dog
15447499,CHEMBL3529243,CHEMBL3526580,CL,mL.min-1.g-1,=,208.0,CHEMBL373,Canis lupus familiaris,Unbound intrinsic clearance in beagle dog,A,Cc1nn(C[C@H](F)CN2C3CCC2CC(OCc2cccc(F)c2)C3)c(=O)n1C,0.208,mL.min-1.kg-1,species_only_dog
15452786,CHEMBL3532777,CHEMBL2146883,CL,mL.min-1.kg-1,=,5.53,CHEMBL373,Canis lupus familiaris,"Plasma clearance in Beagle dog at 3 mg/kg, iv by LC-MS/MS analysis",A,O=C(c1ccc(F)c(F)c1Nc1ccc(I)cc1F)N1CC(O)([C@@H]2CCCCN2)C1,5.53,mL.min-1.kg-1,species_only_dog
15452803,CHEMBL3539331,CHEMBL1454,CL,mL.min-1.kg-1,=,8.92,CHEMBL373,Canis lupus familiaris,"Plasma clearance in dog at 10 mg/kg, iv",A,c1ccc([C@H]2CN3CCSC3=N2)cc1,8.92,mL.min-1.kg-1,species_only_dog
15452881,CHEMBL3528425,CHEMBL3526176,CL,mL.min-1.kg-1,=,0.0585,CHEMBL373,Canis lupus familiaris,"Unbound renal clearance in Beagle dog at 0.5 mg/kg, iv administered as bolus dose measured from 0 to 168 hrs by HPLC-based liquid scintillation counting analysis",A,N[14c]1[14cH][14cH][14c](OS(=O)(=O)O)[14cH][14c]1Cl,0.0585,mL.min-1.kg-1,species_only_dog
15452883,CHEMBL3528423,CHEMBL3526176,CL,mL.min-1.kg-1,=,0.004683,CHEMBL373,Canis lupus familiaris,"Renal clearance in Beagle dog at 0.5 mg/kg, iv administered as bolus dose measured from 0 to 168 hrs by HPLC-based liquid scintillation counting analysis",A,N[14c]1[14cH][14cH][14c](OS(=O)(=O)O)[14cH][14c]1Cl,0.004683,mL.min-1.kg-1,species_only_dog
15452903,CHEMBL3529971,CHEMBL3526176,CL,mL.min-1.kg-1,=,0.01473,CHEMBL373,Canis lupus familiaris,"Total body clearance in Beagle dog at 0.5 mg/kg, iv administered as bolus dose by HPLC-based liquid scintillation counting analysis",A,N[14c]1[14cH][14cH][14c](OS(=O)(=O)O)[14cH][14c]1Cl,0.01473,mL.min-1.kg-1,species_only_dog
15457261,CHEMBL3533853,CHEMBL482950,CL,mL.min-1.kg-1,=,11.6,CHEMBL373,Canis lupus familiaris,"Plasma clearance in beagle dog at 1 mg/kg, iv",A,CC[C@@H](C)Nc1nc(C)nc2c(-c3ccc(OC)nc3C)c(C)nn12,11.6,mL.min-1.kg-1,species_only_dog
15458255,CHEMBL3533462,CHEMBL362558,CL,mL.min-1.kg-1,=,27.88,CHEMBL373,Canis lupus familiaris,"Clearance in beagle dog at 5 mg/kg, iv administered for 30 mins",A,O=C1NC(=O)C(c2cnc3ccccn23)=C1c1cn2c3c(cc(F)cc13)CN(C(=O)N1CCCCC1)CC2,27.88,mL.min-1.kg-1,species_only_dog
15463075,CHEMBL3533468,CHEMBL362558,CL,mL.min-1.kg-1,=,5.617,CHEMBL373,Canis lupus familiaris,"Clearance in beagle dog assessed as total radioactivity at 5 mg/kg, iv administered for 30 mins",A,O=C1NC(=O)C(c2cnc3ccccn23)=C1c1cn2c3c(cc(F)cc13)CN(C(=O)N1CCCCC1)CC2,5.617,mL.min-1.kg-1,species_only_dog
15464486,CHEMBL3529963,CHEMBL1435,CL,mL.min-1.kg-1,=,0.066,CHEMBL373,Canis lupus familiaris,Total biliary clearance in iv dosed dog,A,Cc1nnc(SCC2=C(C(=O)O)N3C(=O)[C@@H](NC(=O)Cn4cnnn4)[C@H]3SC2)s1,0.066,mL.min-1.kg-1,species_only_dog
15464493,CHEMBL3529965,CHEMBL532,CL,mL.min-1.kg-1,=,4.483,CHEMBL373,Canis lupus familiaris,Unbound biliary clearance in iv dosed dog,A,CC[C@H]1OC(=O)[C@H](C)[C@@H](O[C@H]2C[C@@](C)(OC)[C@@H](O)[C@H](C)O2)[C@H](C)[C@@H](O[C@@H]2O[C@H](C)C[C@H](N(C)C)[C@H]2O)[C@](C)(O)C[C@@H](C)C(=O)[C@H](C)[C@@H](O)[C@]1(C)O,4.483,mL.min-1.kg-1,species_only_dog
15464494,CHEMBL3529963,CHEMBL532,CL,mL.min-1.kg-1,=,2.376,CHEMBL373,Canis lupus familiaris,Total biliary clearance in iv dosed dog,A,CC[C@H]1OC(=O)[C@H](C)[C@@H](O[C@H]2C[C@@](C)(OC)[C@@H](O)[C@H](C)O2)[C@H](C)[C@@H](O[C@@H]2O[C@H](C)C[C@H](N(C)C)[C@H]2O)[C@](C)(O)C[C@@H](C)C(=O)[C@H](C)[C@@H](O)[C@]1(C)O,2.376,mL.min-1.kg-1,species_only_dog
15464502,CHEMBL3529965,CHEMBL1751,CL,mL.min-1.kg-1,=,2.68,CHEMBL373,Canis lupus familiaris,Unbound biliary clearance in iv dosed dog,A,C[C@H]1O[C@@H](O[C@H]2[C@@H](O)C[C@H](O[C@H]3[C@@H](O)C[C@H](O[C@H]4CC[C@@]5(C)[C@H](CC[C@@H]6[C@@H]5C[C@@H](O)[C@]5(C)[C@@H](C7=CC(=O)OC7)CC[C@]65O)C4)O[C@@H]3C)O[C@@H]2C)C[C@H](O)[C@@H]1O,2.68,mL.min-1.kg-1,species_only_dog
15464503,CHEMBL3529963,CHEMBL1751,CL,mL.min-1.kg-1,=,1.313,CHEMBL373,Canis lupus familiaris,Total biliary clearance in iv dosed dog,A,C[C@H]1O[C@@H](O[C@H]2[C@@H](O)C[C@H](O[C@H]3[C@@H](O)C[C@H](O[C@H]4CC[C@@]5(C)[C@H](CC[C@@H]6[C@@H]5C[C@@H](O)[C@]5(C)[C@@H](C7=CC(=O)OC7)CC[C@]65O)C4)O[C@@H]3C)O[C@@H]2C)C[C@H](O)[C@@H]1O,1.313,mL.min-1.kg-1,species_only_dog
15464511,CHEMBL3529965,CHEMBL53463,CL,mL.min-1.kg-1,=,5.059,CHEMBL373,Canis lupus familiaris,Unbound biliary clearance in iv dosed dog,A,COc1cccc2c1C(=O)c1c(O)c3c(c(O)c1C2=O)C[C@@](O)(C(=O)CO)C[C@@H]3O[C@H]1C[C@H](N)[C@H](O)[C@H](C)O1,5.059,mL.min-1.kg-1,species_only_dog
15464512,CHEMBL3529963,CHEMBL53463,CL,mL.min-1.kg-1,=,1.72,CHEMBL373,Canis lupus familiaris,Total biliary clearance in iv dosed dog,A,COc1cccc2c1C(=O)c1c(O)c3c(c(O)c1C2=O)C[C@@](O)(C(=O)CO)C[C@@H]3O[C@H]1C[C@H](N)[C@H](O)[C@H](C)O1,1.72,mL.min-1.kg-1,species_only_dog
15464519,CHEMBL3529963,CHEMBL325166,CL,mL.min-1.kg-1,=,32.75,CHEMBL373,Canis lupus familiaris,Total biliary clearance in iv dosed dog,A,N=C(N)N1CCC[C@@H](CNC(=O)C[C@H](NS(=O)(=O)c2ccc3ccccc3c2)C(=O)N(CC(=O)O)C2CC2)C1,32.75,mL.min-1.kg-1,species_only_dog
15464523,CHEMBL3529963,CHEMBL34259,CL,mL.min-1.kg-1,=,0.217,CHEMBL373,Canis lupus familiaris,Total biliary clearance in iv dosed dog,A,CN(Cc1cnc2nc(N)nc(N)c2n1)c1ccc(C(=O)N[C@@H](CCC(=O)O)C(=O)O)cc1,0.217,mL.min-1.kg-1,species_only_dog
15464526,CHEMBL3529963,CHEMBL474579,CL,mL.min-1.kg-1,=,0.696,CHEMBL373,Canis lupus familiaris,Total biliary clearance in iv dosed dog,A,CO[C@@]1(NC(=O)C2SC(=C(C(N)=O)C(=O)O)S2)C(=O)N2C(C(=O)O)=C(CSc3nnnn3C)CS[C@@H]21,0.696,mL.min-1.kg-1,species_only_dog
15464543,CHEMBL3529965,CHEMBL325166,CL,mL.min-1.kg-1,=,62.98,CHEMBL373,Canis lupus familiaris,Unbound biliary clearance in iv dosed dog,A,N=C(N)N1CCC[C@@H](CNC(=O)C[C@H](NS(=O)(=O)c2ccc3ccccc3c2)C(=O)N(CC(=O)O)C2CC2)C1,62.98,mL.min-1.kg-1,species_only_dog
15464580,CHEMBL3529965,CHEMBL34259,CL,mL.min-1.kg-1,=,0.344,CHEMBL373,Canis lupus familiaris,Unbound biliary clearance in iv dosed dog,A,CN(Cc1cnc2nc(N)nc(N)c2n1)c1ccc(C(=O)N[C@@H](CCC(=O)O)C(=O)O)cc1,0.344,mL.min-1.kg-1,species_only_dog
15464603,CHEMBL3529966,CHEMBL1201204,CL,mL.min-1.kg-1,=,1.399,CHEMBL373,Canis lupus familiaris,"Unbound biliary clearance in beagle dog at 20 mg/kg, iv",A,Cc1cc(O)c(C(=O)N[C@@H](C(=O)N[C@@H]2C(=O)N3C(C(=O)O)=C(CSc4nnnn4C)CS[C@H]23)c2ccc(O)cc2)cn1,1.399,mL.min-1.kg-1,species_only_dog
15464604,CHEMBL3529964,CHEMBL1201204,CL,mL.min-1.kg-1,=,0.979,CHEMBL373,Canis lupus familiaris,"Total biliary clearance in beagle dog at 20 mg/kg, iv",A,Cc1cc(O)c(C(=O)N[C@@H](C(=O)N[C@@H]2C(=O)N3C(C(=O)O)=C(CSc4nnnn4C)CS[C@H]23)c2ccc(O)cc2)cn1,0.979,mL.min-1.kg-1,species_only_dog
15464612,CHEMBL3529966,CHEMBL161,CL,mL.min-1.kg-1,=,2.907,CHEMBL373,Canis lupus familiaris,"Unbound biliary clearance in beagle dog at 20 mg/kg, iv",A,CO/N=C(\C(=O)N[C@@H]1C(=O)N2C(C(=O)O)=C(CSc3nc(=O)c(O)nn3C)CS[C@H]12)c1csc(N)n1,2.907,mL.min-1.kg-1,species_only_dog
15464613,CHEMBL3529964,CHEMBL161,CL,mL.min-1.kg-1,=,2.5,CHEMBL373,Canis lupus familiaris,"Total biliary clearance in beagle dog at 20 mg/kg, iv",A,CO/N=C(\C(=O)N[C@@H]1C(=O)N2C(C(=O)O)=C(CSc3nc(=O)c(O)nn3C)CS[C@H]12)c1csc(N)n1,2.5,mL.min-1.kg-1,species_only_dog
15464627,CHEMBL3529965,CHEMBL474579,CL,mL.min-1.kg-1,=,1.141,CHEMBL373,Canis lupus familiaris,Unbound biliary clearance in iv dosed dog,A,CO[C@@]1(NC(=O)C2SC(=C(C(N)=O)C(=O)O)S2)C(=O)N2C(C(=O)O)=C(CSc3nnnn3C)CS[C@@H]21,1.141,mL.min-1.kg-1,species_only_dog
15464640,CHEMBL3529965,CHEMBL1435,CL,mL.min-1.kg-1,=,0.089,CHEMBL373,Canis lupus familiaris,Unbound biliary clearance in iv dosed dog,A,Cc1nnc(SCC2=C(C(=O)O)N3C(=O)[C@@H](NC(=O)Cn4cnnn4)[C@H]3SC2)s1,0.089,mL.min-1.kg-1,species_only_dog
15465718,CHEMBL3528732,CHEMBL3527363,CL,mL.min-1.kg-1,=,0.1917,CHEMBL373,Canis lupus familiaris,"Metabolism and biliary clearance in bile duct-cannulated beagle dog at 1 mg/kg, iv administered as 5 mins infusion followed by activated charcoal administration 10 to 420 mins post compound dosing",A,COc1ccc(N2N=C(C(N)=O)C3CCN(c4ccc(N5CCCCC5=O)cc4)[14C](=O)C32)cc1,0.1917,mL.min-1.kg-1,species_only_dog
15465719,CHEMBL3528731,CHEMBL3527363,CL,mL.min-1.kg-1,=,0.52,CHEMBL373,Canis lupus familiaris,"Intestinal clearance in bile duct-cannulated beagle dog at 1 mg/kg, iv administered as 5 mins infusion followed by activated charcoal administration 10 to 420 mins post compound dosing",A,COc1ccc(N2N=C(C(N)=O)C3CCN(c4ccc(N5CCCCC5=O)cc4)[14C](=O)C32)cc1,0.52,mL.min-1.kg-1,species_only_dog
15465720,CHEMBL3528730,CHEMBL3527363,CL,mL.min-1.kg-1,=,0.1218,CHEMBL373,Canis lupus familiaris,"Renal clearance in bile duct-cannulated beagle dog at 1 mg/kg, iv administered as 5 mins infusion followed by activated charcoal administration 10 to 420 mins post compound dosing",A,COc1ccc(N2N=C(C(N)=O)C3CCN(c4ccc(N5CCCCC5=O)cc4)[14C](=O)C32)cc1,0.1218,mL.min-1.kg-1,species_only_dog
15465721,CHEMBL3528538,CHEMBL3527363,CL,mL.min-1.kg-1,=,0.2883,CHEMBL373,Canis lupus familiaris,"Metabolism and biliary clearance in bile duct-cannulated beagle dog at 1 mg/kg, iv administered as 5 mins infusion",A,COc1ccc(N2N=C(C(N)=O)C3CCN(c4ccc(N5CCCCC5=O)cc4)[14C](=O)C32)cc1,0.2883,mL.min-1.kg-1,species_only_dog
15465722,CHEMBL3528537,CHEMBL3527363,CL,mL.min-1.kg-1,=,0.2867,CHEMBL373,Canis lupus familiaris,"Intestinal clearance in bile duct-cannulated beagle dog at 1 mg/kg, iv administered as 5 mins infusion",A,COc1ccc(N2N=C(C(N)=O)C3CCN(c4ccc(N5CCCCC5=O)cc4)[14C](=O)C32)cc1,0.2867,mL.min-1.kg-1,species_only_dog
15465723,CHEMBL3528536,CHEMBL3527363,CL,mL.min-1.kg-1,=,0.09067,CHEMBL373,Canis lupus familiaris,"Renal clearance in bile duct-cannulated beagle dog at 1 mg/kg, iv administered as 5 mins infusion",A,COc1ccc(N2N=C(C(N)=O)C3CCN(c4ccc(N5CCCCC5=O)cc4)[14C](=O)C32)cc1,0.09067,mL.min-1.kg-1,species_only_dog
15465727,CHEMBL3528532,CHEMBL3527363,CL,mL.min-1.kg-1,=,0.8334,CHEMBL373,Canis lupus familiaris,"Clearance in bile duct-cannulated beagle dog at 1 mg/kg, iv administered as 5 mins infusion followed by activated charcoal administration 10 to 420 mins post compound dosing",A,COc1ccc(N2N=C(C(N)=O)C3CCN(c4ccc(N5CCCCC5=O)cc4)[14C](=O)C32)cc1,0.8334,mL.min-1.kg-1,species_only_dog
15465735,CHEMBL3528524,CHEMBL3527363,CL,mL.min-1.kg-1,=,0.6667,CHEMBL373,Canis lupus familiaris,"Clearance in bile duct-cannulated beagle dog at 1 mg/kg, iv administered as 5 mins infusion",A,COc1ccc(N2N=C(C(N)=O)C3CCN(c4ccc(N5CCCCC5=O)cc4)[14C](=O)C32)cc1,0.6667,mL.min-1.kg-1,species_only_dog
15466367,CHEMBL3528792,CHEMBL3526580,CL,mL.min-1.kg-1,=,28.33,CHEMBL373,Canis lupus familiaris,"Clearance in beagle dog at 1 mg/kg, iv",A,Cc1nn(C[C@H](F)CN2C3CCC2CC(OCc2cccc(F)c2)C3)c(=O)n1C,28.33,mL.min-1.kg-1,species_only_dog
15466428,CHEMBL3529247,CHEMBL3526580,CL,mL.min-1.kg-1,=,32.83,CHEMBL373,Canis lupus familiaris,Blood clearance in beagle dog,A,Cc1nn(C[C@H](F)CN2C3CCC2CC(OCc2cccc(F)c2)C3)c(=O)n1C,32.83,mL.min-1.kg-1,species_only_dog
15466430,CHEMBL3529042,CHEMBL3526580,CL,mL.min-1.kg-1,=,30.5,CHEMBL373,Canis lupus familiaris,Hepatic blood clearance in beagle dog,A,Cc1nn(C[C@H](F)CN2C3CCC2CC(OCc2cccc(F)c2)C3)c(=O)n1C,30.5,mL.min-1.kg-1,species_only_dog
15468358,CHEMBL3530025,CHEMBL3526981,CL,mL.min-1.kg-1,=,33.0,CHEMBL373,Canis lupus familiaris,"Plasma clearance in beagle dog at 1 mg/kg, iv",A,CC(C)(N)C(=O)N[C@H](CCCc1ccccc1)C(=O)Nc1cn([C@@](C)(C(=O)N2CCCC2)c2ccc(F)cc2)cn1,33.0,mL.min-1.kg-1,species_only_dog
15605050,CHEMBL3578345,CHEMBL3577115,CL,mL.min-1.kg-1,=,14.0,CHEMBL373,Canis lupus familiaris,Clearance in po dosed dog administered as suspension,A,CCn1c(=O)c(-c2ccc(F)c(NC(=O)Nc3cc(C(C)(C)C)no3)c2)cc2cnc(NC)cc21,14.0,mL.min-1.kg-1,species_only_dog
15605051,CHEMBL3578345,CHEMBL3577114,CL,mL.min-1.kg-1,=,6.0,CHEMBL373,Canis lupus familiaris,Clearance in po dosed dog administered as suspension,A,CNc1cc2c(cn1)cc(-c1ccc(F)c(NC(=O)Nc3cc(C(C)(C)C)no3)c1)c(=O)n2[C@H]1CCOC1,6.0,mL.min-1.kg-1,species_only_dog
15605465,CHEMBL3579042,CHEMBL3577124,CL,mL.min-1.kg-1,=,14.6,CHEMBL373,Canis lupus familiaris,"Clearance in dog at 1 mg/kg, iv administered as 20% cyclodextrin solution",A,CNc1ncc2cc(-c3cc(NC(=O)NCCC(C)(C)C)c(F)cc3C)c(C)nc2n1,14.6,mL.min-1.kg-1,species_only_dog
15608215,CHEMBL3579754,CHEMBL3577885,CL,mL.min-1.kg-1,=,31.0,CHEMBL373,Canis lupus familiaris,"Clearance in beagle dog at 0.2 mg/kg, iv",A,C[C@H](c1ccc(F)cc1)N(Cc1cccc(C(=O)O)c1)C(=O)c1cnc2ccccc2c1,31.0,mL.min-1.kg-1,species_only_dog
15608216,CHEMBL3579755,CHEMBL3577885,CL,mL.min-1.kg-1,=,462.0,CHEMBL373,Canis lupus familiaris,"Unbound clearance in beagle dog at 0.2 mg/kg, iv",A,C[C@H](c1ccc(F)cc1)N(Cc1cccc(C(=O)O)c1)C(=O)c1cnc2ccccc2c1,462.0,mL.min-1.kg-1,species_only_dog
15613900,CHEMBL3584731,CHEMBL3582201,CL,mL.min-1.kg-1,=,118.0,CHEMBL373,Canis lupus familiaris,"Clearance in Beagle dog at 1 mg/kg, iv solution at pH 4.5",A,N#Cc1cc2c(cn1)[nH]c1ncc(-c3ccc(CN4CCCCC4)cc3)cc12,118.0,mL.min-1.kg-1,species_only_dog
15613901,CHEMBL3584731,CHEMBL3582212,CL,mL.min-1.kg-1,=,10.9,CHEMBL373,Canis lupus familiaris,"Clearance in Beagle dog at 1 mg/kg, iv solution at pH 4.5",A,N#Cc1cc2c(cn1)[nH]c1ncc(-c3ccc(CN4CCC5(CC4)COC5)cc3)cc12,10.9,mL.min-1.kg-1,species_only_dog
15615068,CHEMBL3584065,CHEMBL3582336,CL,mL.min-1.kg-1,=,5.3,CHEMBL373,Canis lupus familiaris,Plasma clearance in iv dosed dog,A,CCn1cc([C@@]2(c3nn(C)c(=O)o3)N[C@@H](c3nc(-c4ccc(F)cn4)c[nH]3)Cc3c2[nH]c2ccccc32)cn1,5.3,mL.min-1.kg-1,species_only_dog
15616597,CHEMBL3582794,CHEMBL3581693,CL,mL.min-1.kg-1,=,1.6,CHEMBL373,Canis lupus familiaris,"Clearance in dog at 3 mg/kg, iv and 10 mg/kg, po",A,CC/C(=C(/c1ccc(/C=C/C(=O)O)cc1)c1ccc2[nH]ncc2c1)c1ccc(F)cc1Cl,1.6,mL.min-1.kg-1,species_only_dog
15622419,CHEMBL3587724,CHEMBL3597971,CL,mL.min-1.kg-1,=,9.8,CHEMBL373,Canis lupus familiaris,"Clearance in beagle dog at 10 mg/kg, po and 1 mg/kg, iv",A,Cc1cc(C)nc(N2CC3CN(C(=O)c4c(F)cccc4-n4nccn4)CC3C2)n1,9.8,mL.min-1.kg-1,species_only_dog
15622505,CHEMBL3588258,CHEMBL3586447,CL,mL.min-1.kg-1,=,8.7,CHEMBL373,Canis lupus familiaris,"Clearance in beagle dog at 1 mg/kg, iv and 10 mg/kg, po",A,Cc1cc2cn[nH]c2cc1-c1cccc2c(N)c(C(N)=O)nnc12,8.7,mL.min-1.kg-1,species_only_dog
15642290,CHEMBL3592786,CHEMBL3589557,CL,mL.min-1.kg-1,=,0.75,CHEMBL373,Canis lupus familiaris,"Plasma clearance in dog at 1 uM/kg, iv or 1 uM/kg, po",A,Cl.O=C(c1cc(S(=O)(=O)Nc2ccccc2F)c(F)cc1Cl)N1CCN2CCC[C@@H]2C1,0.75,mL.min-1.kg-1,species_only_dog
15643102,CHEMBL3590790,CHEMBL2324355,CL,mL.min-1.kg-1,=,6.2,CHEMBL373,Canis lupus familiaris,"Plasma clearance in dog at 0.1 mg/kg, iv",A,Cc1nocc1C(=O)Nc1ccc(-c2ccccc2OC(F)(F)F)c(N)n1,6.2,mL.min-1.kg-1,species_only_dog
15643103,CHEMBL3590791,CHEMBL2324355,CL,mL.min-1.kg-1,=,10.0,CHEMBL373,Canis lupus familiaris,"Plasma clearance in dog at 0.25 mg/kg, po",A,Cc1nocc1C(=O)Nc1ccc(-c2ccccc2OC(F)(F)F)c(N)n1,10.0,mL.min-1.kg-1,species_only_dog
15648990,CHEMBL3594809,CHEMBL3593777,CL,mL.min-1.kg-1,=,3.0,CHEMBL373,Canis lupus familiaris,"Total clearance in beagle dog at 1 mg/kg, iv by LC/MS/MS method",A,N#Cc1ccc(N2CC[C@@H](Nc3c(C(N)=O)cnc4[nH]ccc34)[C@@H](F)C2)nc1,3.0,mL.min-1.kg-1,species_only_dog
15657161,CHEMBL3599275,CHEMBL3597535,CL,mL.min-1.kg-1,=,5.5,CHEMBL373,Canis lupus familiaris,"Clearance in dog at 1 mg/kg, iv",A,Cc1c(Cl)cccc1CCCCOc1ccc(/C=C/c2cccc3c(CCCC(=O)O)c(C)n(CC(=O)O)c23)cc1,5.5,mL.min-1.kg-1,species_only_dog
15657812,CHEMBL3599395,CHEMBL3597634,CL,mL.min-1.kg-1,=,0.64,CHEMBL373,Canis lupus familiaris,"Clearance in dog at 1 mg/kg, iv and 1 mg/kg, po",A,Cc1c(F)cccc1CCCCOc1ccc(C#Cc2ccc(F)c3c(CCCC(=O)O)c(C)n(CCCC(=O)O)c23)cc1,0.64,mL.min-1.kg-1,species_only_dog
15667643,CHEMBL3603458,CHEMBL3601398,CL,mL.min-1.kg-1,=,3.0,CHEMBL373,Canis lupus familiaris,"Clearance in beagle dog at 0.1 mg/kg, iv",A,COc1cc2c(cc1OC(C)C)[C@H](c1ccc(Cl)cc1)N(c1ccc(N(C)C[C@H]3CC[C@H](N4CCN(C)C(=O)C4)CC3)cc1)C(=O)C2,3.0,mL.min-1.kg-1,species_only_dog
15673327,CHEMBL3602249,CHEMBL3115074,CL,mL.min-1.kg-1,=,5.2,CHEMBL373,Canis lupus familiaris,"Clearance in Beagle dog at 10 mg/kg, po and 1 mg/kg, iv",A,C[C@H](NC(=O)[C@H]1CCCCN1CCOc1ccccc1)c1ccc(C(=O)O)cc1.Cl,5.2,mL.min-1.kg-1,species_only_dog
15678856,CHEMBL3607828,CHEMBL3605557,CL,mL.min-1.kg-1,=,2.0,CHEMBL373,Canis lupus familiaris,"Clearance in beagle dog at 2.5 mg/kg, iv by LCMS/MS method",A,CCn1c([C@@H](C)NS(=O)(=O)c2ccc(C#N)nc2)nc2cnc(C(F)(F)F)cc21,2.0,mL.min-1.kg-1,species_only_dog
15678884,CHEMBL3607836,CHEMBL3605558,CL,mL.min-1.kg-1,=,2.0,CHEMBL373,Canis lupus familiaris,"Clearance in beagle dog at 2 mg/kg, iv by LCMS/MS method",A,CCn1c([C@@H](C)NS(=O)(=O)c2ccc(C#N)nc2)nc2cnc(C3CC3)cc21,2.0,mL.min-1.kg-1,species_only_dog
15680173,CHEMBL3607661,CHEMBL3604657,CL,mL.min-1.kg-1,=,26.2,CHEMBL373,Canis lupus familiaris,"Clearance in beagle dog at 1 mg/kg, iv by LC-MS/MS method",A,CS(=O)(=O)O.Cc1cc(Nc2ncc(Cl)c(Nc3cn(C)nc3S(=O)(=O)C(C)C)n2)c(OC(C)C)cc1C1CCN(C)CC1,26.2,mL.min-1.kg-1,species_only_dog
15690682,CHEMBL3610930,CHEMBL3609325,CL,mL.min-1.kg-1,=,0.4,CHEMBL373,Canis lupus familiaris,"Clearance in dog at 0.3 mg/kg, iv by LC-MS/MS method",A,CN[C@@H](C)C(=O)N[C@H](C(=O)N1C[C@H]2CCCCOc3ccc(cc3)C[C@@H](C(=O)O)NC(=O)[C@H](Cc3ccc4ccccc4c3)NC(=O)[C@@H]3C[C@@H](CN3C(=O)[C@@H](NC(=O)[C@H](C)NC)C(C)(C)C)n3cc(nn3)COc3ccc(cc3)C[C@@H](NS(=O)(=O)C3CC3)NC(=O)[C@H](Cc3ccc4ccccc4c3)NC(=O)[C@@H]1C2)C(C)(C)C,0.4,mL.min-1.kg-1,species_only_dog
15692607,CHEMBL3610326,CHEMBL3609575,CL,mL.min-1.kg-1,=,11.6,CHEMBL373,Canis lupus familiaris,"Plasma clearance in beagle dog at 18.8 mg/kg, iv administered as single dose",A,C[C@H]1COc2c(N3CCC(O)CC3)c(F)cc3c(=O)c(C(=O)O)cn1c23.N=C(N)NCCC[C@H](N)C(=O)O.O,11.6,mL.min-1.kg-1,species_only_dog
15696119,CHEMBL3610026,CHEMBL3609637,CL,mL.min-1.kg-1,=,82.0,CHEMBL373,Canis lupus familiaris,"Plasma clearance in dog at 0.25 mg/kg, iv and 0.5 mg/kg, po",A,COc1cc(-c2cn(C3CCc4c(F)cccc4N(CC(F)(F)F)C3=O)nn2)ccc1-n1cnc(C)c1,82.0,mL.min-1.kg-1,species_only_dog
15697541,CHEMBL3609922,CHEMBL3609749,CL,mL.min-1.kg-1,=,98.0,CHEMBL373,Canis lupus familiaris,"Clearance in Beagle dog at 0.25 mg/kg, iv and 0.5 mg/kg, po",A,COc1cc(-c2cn([C@H]3CCc4c(F)cccc4N(CC(F)(F)F)C3=O)nn2)ccc1-n1cnc(C)c1,98.0,mL.min-1.kg-1,species_only_dog
15697542,CHEMBL3609922,CHEMBL3608384,CL,mL.min-1.kg-1,=,36.0,CHEMBL373,Canis lupus familiaris,"Clearance in Beagle dog at 0.25 mg/kg, iv and 0.5 mg/kg, po",A,Cc1cn(-c2ccc(-c3cn([C@H]4CCc5c(F)cccc5N(CC(F)(F)F)C4=O)nn3)cc2)cn1,36.0,mL.min-1.kg-1,species_only_dog
15697543,CHEMBL3609922,CHEMBL3609752,CL,mL.min-1.kg-1,=,29.0,CHEMBL373,Canis lupus familiaris,"Clearance in Beagle dog at 0.25 mg/kg, iv and 0.5 mg/kg, po",A,COc1cc(-n2cnc(C)c2)ccc1-c1cn([C@H]2CCc3c(F)cccc3N(CC(F)(F)F)C2=O)nn1,29.0,mL.min-1.kg-1,species_only_dog
15697544,CHEMBL3609922,CHEMBL3608385,CL,mL.min-1.kg-1,=,12.0,CHEMBL373,Canis lupus familiaris,"Clearance in Beagle dog at 0.25 mg/kg, iv and 0.5 mg/kg, po",A,Cc1cn(-c2ccc(-c3cn([C@H]4CCc5c(F)cccc5N(CC(F)(F)F)C4=O)nn3)cc2OCC(F)(F)F)cn1,12.0,mL.min-1.kg-1,species_only_dog
15697545,CHEMBL3609922,CHEMBL3609754,CL,mL.min-1.kg-1,=,22.0,CHEMBL373,Canis lupus familiaris,"Clearance in Beagle dog at 0.25 mg/kg, iv and 0.5 mg/kg, po",A,Cc1cn(-c2ccc(-c3cn([C@H]4CCc5c(F)cccc5N(CC(F)(F)F)C4=O)nn3)c(F)c2)cn1,22.0,mL.min-1.kg-1,species_only_dog
15697546,CHEMBL3609922,CHEMBL3609755,CL,mL.min-1.kg-1,=,23.0,CHEMBL373,Canis lupus familiaris,"Clearance in Beagle dog at 0.25 mg/kg, iv and 0.5 mg/kg, po",A,COc1c(-c2cn([C@H]3CCc4c(F)cccc4N(CC(F)(F)F)C3=O)nn2)ccc(-n2cnc(C)c2)c1F,23.0,mL.min-1.kg-1,species_only_dog
15697547,CHEMBL3609922,CHEMBL3609759,CL,mL.min-1.kg-1,=,17.0,CHEMBL373,Canis lupus familiaris,"Clearance in Beagle dog at 0.25 mg/kg, iv and 0.5 mg/kg, po",A,COc1cc(-c2cn([C@H]3CCc4c(F)cccc4N(CC(F)(F)F)C3=O)nn2)ccc1-n1cnc(C)n1,17.0,mL.min-1.kg-1,species_only_dog
15730178,CHEMBL3624834,CHEMBL3623127,CL,mL.min-1.kg-1,=,0.35,CHEMBL373,Canis lupus familiaris,"Clearance in dog at 1 mg/kg, iv and 2 mg/kg, po",A,CCS(=O)(=O)N[C@@H]1C[C@]2(C)O[C@]1(C)[C@@H]1C(=O)N(c3ccc(C#N)c(C(F)(F)F)c3)C(=O)[C@@H]12,0.35,mL.min-1.kg-1,species_only_dog
15730263,CHEMBL3624953,CHEMBL3623138,CL,mL.min-1.kg-1,=,8.9,CHEMBL373,Canis lupus familiaris,"Clearance in dog at 1 mg/kg, iv",A,Nc1ncc(C(=O)NC2CN(C(=O)C3CC3)C2)c2ccc(-c3cccc(F)c3)nc12,8.9,mL.min-1.kg-1,species_only_dog
15734906,CHEMBL3625586,CHEMBL3622175,CL,mL.min-1.kg-1,=,6.0,CHEMBL373,Canis lupus familiaris,Plasma clearance in Beagle dog,A,COCc1cnc(N2CCC([C@H]3C[C@H]3COCc3ccc(S(C)(=O)=O)cc3F)CC2)nc1,6.0,mL.min-1.kg-1,species_only_dog
15736118,CHEMBL3627515,CHEMBL3622956,CL,mL.min-1.kg-1,=,40.4,CHEMBL373,Canis lupus familiaris,"Clearance in dog at 5 mg/kg, iv",A,Cc1nn(-c2ccnc(Nc3ccc4c(c3)c(Cl)c(C)n4C)n2)cc1CN1CC(O)C1,40.4,mL.min-1.kg-1,species_only_dog
15738874,CHEMBL3625968,CHEMBL3623815,CL,mL.min-1.kg-1,=,1.9,CHEMBL373,Canis lupus familiaris,"Plasma clearance in beagle dog at 0.5 mg/kg, iv by LC-MS/MS method",A,CN1C(=O)c2c3c(c(O)c(=O)n2[C@]12CC[C@@H]1C[C@@]12CO)C(=O)N(Cc1ccc(F)c(Cl)c1)CC3,1.9,mL.min-1.kg-1,species_only_dog
15738886,CHEMBL3625968,CHEMBL3623814,CL,mL.min-1.kg-1,=,3.0,CHEMBL373,Canis lupus familiaris,"Plasma clearance in beagle dog at 0.5 mg/kg, iv by LC-MS/MS method",A,C[C@H](O)CN1C(=O)c2c3c(c(O)c(=O)n2[C@@]12CC[C@H]1C[C@H]12)C(=O)N(Cc1ccc(F)c(Cl)c1)CC3,3.0,mL.min-1.kg-1,species_only_dog
15738898,CHEMBL3625968,CHEMBL3623813,CL,mL.min-1.kg-1,=,0.15,CHEMBL373,Canis lupus familiaris,"Plasma clearance in beagle dog at 0.5 mg/kg, iv by LC-MS/MS method",A,O=C1N[C@]2(CC[C@H]3C[C@H]32)n2c1c1c(c(O)c2=O)C(=O)N(Cc2ccc(F)c(Cl)c2)CC1,0.15,mL.min-1.kg-1,species_only_dog
15738972,CHEMBL3625166,CHEMBL1237000,CL,mL.min-1.kg-1,=,2.2,CHEMBL373,Canis lupus familiaris,Plasma clearance in dog,A,CC(C)n1c(C(=O)N(C)C)c2c(c(O)c1=O)C(=O)N(Cc1ccc(F)c(Cl)c1)CC2,2.2,mL.min-1.kg-1,species_only_dog
15739967,CHEMBL3625147,CHEMBL1083358,CL,mL.min-1.kg-1,=,3.0,CHEMBL373,Canis lupus familiaris,"Clearance in dog at 0.125 mg/kg, iv",A,C[C@@H]1CCN(c2ncc3cc(F)ccc3n2)CCN1C(=O)c1ccccc1-n1nccn1,3.0,mL.min-1.kg-1,species_only_dog
15739968,CHEMBL3625147,CHEMBL3622325,CL,mL.min-1.kg-1,=,9.0,CHEMBL373,Canis lupus familiaris,"Clearance in dog at 0.125 mg/kg, iv",A,Cc1ccc(-n2nccn2)c(C(=O)N2CCN(c3ncc(Cl)c(C)n3)CC[C@H]2C)c1,9.0,mL.min-1.kg-1,species_only_dog
15739969,CHEMBL3625147,CHEMBL3622326,CL,mL.min-1.kg-1,=,8.0,CHEMBL373,Canis lupus familiaris,"Clearance in dog at 0.125 mg/kg, iv",A,Cc1ccc(-n2nccn2)c(C(=O)N2CCN(c3ncc(C)c(Cl)n3)CC[C@H]2C)c1,8.0,mL.min-1.kg-1,species_only_dog
15739970,CHEMBL3625147,CHEMBL3622328,CL,mL.min-1.kg-1,=,15.0,CHEMBL373,Canis lupus familiaris,"Clearance in dog at 0.125 mg/kg, iv",A,Cc1ccc(-n2nccn2)c(C(=O)N2CCN(c3ncc(C(F)(F)F)c(Cl)n3)CC[C@H]2C)c1,15.0,mL.min-1.kg-1,species_only_dog
15739971,CHEMBL3625147,CHEMBL3622330,CL,mL.min-1.kg-1,=,10.0,CHEMBL373,Canis lupus familiaris,"Clearance in dog at 0.125 mg/kg, iv",A,Cc1ccc(-n2nccn2)c(C(=O)N2CCN(c3ncc(C(F)(F)F)c(C)n3)CC[C@H]2C)c1,10.0,mL.min-1.kg-1,species_only_dog
15739972,CHEMBL3625147,CHEMBL3622331,CL,mL.min-1.kg-1,=,3.0,CHEMBL373,Canis lupus familiaris,"Clearance in dog at 0.125 mg/kg, iv",A,COc1nc(N2CC[C@@H](C)N(C(=O)c3cc(C)ccc3-n3nccn3)CC2)ncc1C(F)(F)F,3.0,mL.min-1.kg-1,species_only_dog
15739973,CHEMBL3625147,CHEMBL3622332,CL,mL.min-1.kg-1,=,5.0,CHEMBL373,Canis lupus familiaris,"Clearance in dog at 0.125 mg/kg, iv",A,Cc1nc(N2CC[C@@H](C)N(C(=O)c3ccccc3-n3nccn3)CC2)ncc1C(F)(F)F,5.0,mL.min-1.kg-1,species_only_dog
15739974,CHEMBL3625147,CHEMBL3622333,CL,mL.min-1.kg-1,=,3.0,CHEMBL373,Canis lupus familiaris,"Clearance in dog at 0.125 mg/kg, iv",A,COc1nc(N2CC[C@@H](C)N(C(=O)c3ccccc3-n3nccn3)CC2)ncc1C(F)(F)F,3.0,mL.min-1.kg-1,species_only_dog
15740065,CHEMBL3625135,CHEMBL3622324,CL,mL.min-1.kg-1,=,15.0,CHEMBL373,Canis lupus familiaris,"Clearance in dog at 0.5 mg/kg, iv",A,Cc1ncc(Cl)c(N2CC[C@@H](C)N(C(=O)c3ccccc3-n3nccn3)CC2)n1,15.0,mL.min-1.kg-1,species_only_dog
15740616,CHEMBL3624782,CHEMBL3623001,CL,mL.min-1.kg-1,=,0.96,CHEMBL373,Canis lupus familiaris,"Clearance in Alderley Park beagle dog at 2.5 umol/kg, iv and 5 umol/kg, po",A,CC(C)CN1[C@H](c2ccc(/C=C/C(=O)O)cc2)c2[nH]c3ccccc3c2C[C@H]1C,0.96,mL.min-1.kg-1,species_only_dog
15740617,CHEMBL3624782,CHEMBL3623004,CL,mL.min-1.kg-1,=,0.28,CHEMBL373,Canis lupus familiaris,"Clearance in Alderley Park beagle dog at 2.5 umol/kg, iv and 5 umol/kg, po",A,C[C@@H]1Cc2c([nH]c3ccccc23)[C@@H](c2c(F)cc(/C=C/C(=O)O)cc2F)N1CC(C)(C)F,0.28,mL.min-1.kg-1,species_only_dog
15745923,CHEMBL3626865,CHEMBL3623290,CL,mL.min-1.kg-1,=,14.0,CHEMBL373,Canis lupus familiaris,"Clearance in beagle dog at 1 mg/kg, iv",A,COc1cc2ncnc(Nc3cccc(Cl)c3F)c2cc1OC(=O)N1CCN(C)C[C@H]1C,14.0,mL.min-1.kg-1,species_only_dog
15746575,CHEMBL3624333,CHEMBL3545215,CL,mL.min-1.kg-1,=,6.5,CHEMBL373,Canis lupus familiaris,"Clearance in dog at 0.2 mg/kg, iv and 0.2 mg/kg, po",A,CCn1c(C(=O)N(C2CC2)C2CC2)cc2c3c(ncn3C)c(Nc3cc(C)n(C)n3)nc21,6.5,mL.min-1.kg-1,species_only_dog
15747988,CHEMBL3630754,CHEMBL3629360,CL,mL.min-1.kg-1,=,11.0,CHEMBL373,Canis lupus familiaris,Plasma clearance in dog,A,O=c1ccc2c([C@@H](O)CNCCc3ccc(CCN4CCC(Cn5cnc([C@](O)(c6ccccc6)C6CCCCC6)n5)CC4)cc3)ccc(O)c2[nH]1,11.0,mL.min-1.kg-1,species_only_dog
15754680,CHEMBL3631221,CHEMBL3628832,CL,mL.min-1.kg-1,=,22.0,CHEMBL373,Canis lupus familiaris,"Clearance in dog at 0.5 mg/kg, iv administered as bolus dose and 2 mg/kg, po",A,Cc1ccc2c(c1)nc1n2C[C@@](NC(=O)c2ccc(-n3cnc(C)n3)cc2Cl)(c2ccccc2)CC1,22.0,mL.min-1.kg-1,species_only_dog
15754681,CHEMBL3631221,CHEMBL3629114,CL,mL.min-1.kg-1,=,16.0,CHEMBL373,Canis lupus familiaris,"Clearance in dog at 0.5 mg/kg, iv administered as bolus dose and 2 mg/kg, po",A,Cc1ccc2c(c1)c(C(=O)O)c1n2C[C@@](NC(=O)c2c(Cl)cc(-n3cnc(C)n3)cc2Cl)(c2ccccc2)CC1,16.0,mL.min-1.kg-1,species_only_dog
15764536,CHEMBL3636197,CHEMBL3634867,CL,mL.min-1.kg-1,=,20.0,CHEMBL373,Canis lupus familiaris,"Clearance in Beagle dog assessed as 6-(4-Fluorophenyl)-5-[4-quinolin-2-ylmethoxy)phenyl]-pyridine-2(1H)-one at 1.1 mg/kg, iv",A,CC(=O)Oc1ccc(-c2ccc(OCc3ccc4ccccc4n3)cc2)c(-c2ccc(F)cc2)n1,20.0,mL.min-1.kg-1,species_only_dog
15770669,CHEMBL3637550,CHEMBL558752,CL,mL.min-1.kg-1,=,0.8,CHEMBL373,Canis lupus familiaris,"Clearance in dog at 1.25 mg/kg, iv and 5 mg/kg, po",A,Cn1c(Nc2ccc(C(F)(F)F)cc2)nc2cc(Oc3ccnc(-c4ncc(C(F)(F)F)[nH]4)c3)ccc21,0.8,mL.min-1.kg-1,species_only_dog
15772099,CHEMBL3636529,CHEMBL3633251,CL,mL.min-1.kg-1,=,11.9,CHEMBL373,Canis lupus familiaris,"Plasma clearance in Beagle dog at 1 mg/kg, iv and 3 or 5 mg/kg, po",A,COc1ccc(-c2cc(=O)[nH]c(=S)n2CCO)c(OC)c1,11.9,mL.min-1.kg-1,species_only_dog
15772100,CHEMBL3636529,CHEMBL3633250,CL,mL.min-1.kg-1,=,13.4,CHEMBL373,Canis lupus familiaris,"Plasma clearance in Beagle dog at 1 mg/kg, iv and 3 or 5 mg/kg, po",A,COc1ccc(-c2cc(=O)[nH]c(=S)n2CCN)c(OC)c1,13.4,mL.min-1.kg-1,species_only_dog
15772101,CHEMBL3636529,CHEMBL3633248,CL,mL.min-1.kg-1,=,1.31,CHEMBL373,Canis lupus familiaris,"Plasma clearance in Beagle dog at 1 mg/kg, iv and 3 or 5 mg/kg, po",A,COc1ccc(-c2cc(=O)[nH]c(=S)n2CC(N)=O)c(OC)c1,1.31,mL.min-1.kg-1,species_only_dog
15772102,CHEMBL3636529,CHEMBL3633249,CL,mL.min-1.kg-1,=,4.1,CHEMBL373,Canis lupus familiaris,"Plasma clearance in Beagle dog at 1 mg/kg, iv and 3 or 5 mg/kg, po",A,COc1ccc(-c2cc(=O)[nH]c(=S)n2CC(=O)NCCN)c(OC)c1,4.1,mL.min-1.kg-1,species_only_dog
15772103,CHEMBL3636529,CHEMBL3633459,CL,mL.min-1.kg-1,=,7.07,CHEMBL373,Canis lupus familiaris,"Plasma clearance in Beagle dog at 1 mg/kg, iv and 3 or 5 mg/kg, po",A,COc1ccc(OC)c(-c2cc(=O)[nH]c(=S)n2CC(N)=O)c1,7.07,mL.min-1.kg-1,species_only_dog
15772104,CHEMBL3636529,CHEMBL3633460,CL,mL.min-1.kg-1,=,3.39,CHEMBL373,Canis lupus familiaris,"Plasma clearance in Beagle dog at 1 mg/kg, iv and 3 or 5 mg/kg, po",A,COc1ccc(Cl)cc1-c1cc(=O)[nH]c(=S)n1CC(N)=O,3.39,mL.min-1.kg-1,species_only_dog
15775209,CHEMBL3637028,CHEMBL3633943,CL,mL.min-1.kg-1,=,37.0,CHEMBL373,Canis lupus familiaris,"Plasma clearance in dog at 1 mg/kg, iv and 5 mg/kg, po",A,CC(=O)N1CCCn2nc(COc3ccccc3)cc21,37.0,mL.min-1.kg-1,species_only_dog
16378779,CHEMBL3738366,CHEMBL2425070,CL,mL.min-1.kg-1,=,2.7,CHEMBL373,Canis lupus familiaris,"Plasma clearance in dog at 1 mg/kg, iv and 2 mg/kg, po",A,N[C@H]1C[C@@H](N2Cc3cn[nH]c3C2)CO[C@@H]1c1cc(F)ccc1F,2.7,mL.min-1.kg-1,species_only_dog
16378780,CHEMBL3738366,CHEMBL2105762,CL,mL.min-1.kg-1,=,0.9,CHEMBL373,Canis lupus familiaris,"Plasma clearance in dog at 1 mg/kg, iv and 2 mg/kg, po",A,CS(=O)(=O)n1cc2c(n1)CN([C@H]1CO[C@H](c3cc(F)ccc3F)[C@@H](N)C1)C2,0.9,mL.min-1.kg-1,species_only_dog
16378781,CHEMBL3738366,CHEMBL3735281,CL,mL.min-1.kg-1,=,3.3,CHEMBL373,Canis lupus familiaris,"Plasma clearance in dog at 1 mg/kg, iv and 2 mg/kg, po",A,CCS(=O)(=O)n1cc2c(n1)CN([C@H]1CO[C@H](c3cc(F)ccc3F)[C@@H](N)C1)C2,3.3,mL.min-1.kg-1,species_only_dog
16378782,CHEMBL3738366,CHEMBL3735329,CL,mL.min-1.kg-1,=,1.6,CHEMBL373,Canis lupus familiaris,"Plasma clearance in dog at 1 mg/kg, iv and 2 mg/kg, po",A,N[C@H]1C[C@@H](N2Cc3cn(S(=O)(=O)C4CC4)nc3C2)CO[C@@H]1c1cc(F)ccc1F,1.6,mL.min-1.kg-1,species_only_dog
16401124,CHEMBL3742883,CHEMBL3741125,CL,mL.min-1.kg-1,=,5.0,CHEMBL373,Canis lupus familiaris,"Clearance in beagle dog at 2 mg/kg, iv",A,COc1cc(N2C(=O)N(Cc3c(F)cc(F)cc3F)c3ccccc3S2(=O)=O)cnc1OC,5.0,mL.min-1.kg-1,species_only_dog
16401125,CHEMBL3742884,CHEMBL3740099,CL,mL.min-1.kg-1,=,13.0,CHEMBL373,Canis lupus familiaris,"Clearance in beagle dog at 1 mg/kg, iv",A,COc1cc(N2C(=O)N(Cc3c(F)cc(F)cc3F)c3ncccc3S2(=O)=O)cnc1OC,13.0,mL.min-1.kg-1,species_only_dog
16401240,CHEMBL3745155,CHEMBL3740472,CL,mL.min-1.kg-1,=,13.0,CHEMBL373,Canis lupus familiaris,"Clearance in beagle dog plasma at 1 mg/kg, iv administered as 5 mins infusion",A,COCCCN1C[C@@H]2[C@@H](CNC(=O)c3nc(C(C)C)n4ccccc34)[C@@H]2C1,13.0,mL.min-1.kg-1,species_only_dog
16407317,CHEMBL3743843,CHEMBL3740897,CL,mL.min-1.kg-1,=,0.9,CHEMBL373,Canis lupus familiaris,Clearance in dog,A,C[C@H]1Cn2c(nnc2C(C)(F)F)CN1C(=O)c1cccc(C(F)(F)c2n[nH]c(=O)c3ccccc23)c1,0.9,mL.min-1.kg-1,species_only_dog
16413358,CHEMBL3744859,CHEMBL3741589,CL,mL.min-1.kg-1,=,1.5,CHEMBL613431,Canis lupus familiaris,"Clearance in beagle dog plasma at 1 mg/kg, iv",A,O=C(O)C1CN(Cc2ccc(OCc3ccc(Cl)c(Cl)c3)cc2)C1,1.5,mL.min-1.kg-1,species_only_dog
16420605,CHEMBL3750561,CHEMBL3747244,CL,mL.min-1.kg-1,=,31.0,CHEMBL373,Canis lupus familiaris,"Plasma clearance in dog at 0.5 mg/kg, iv or 2 mg/kg, po",A,O=C(c1ccc(C[C@@H]2CC[C@H]([C@H](O)c3ccccc3)N2)cc1)N1CCC2(CCOC2=O)CC1,31.0,mL.min-1.kg-1,species_only_dog
16420606,CHEMBL3750561,CHEMBL3747455,CL,mL.min-1.kg-1,=,36.0,CHEMBL373,Canis lupus familiaris,"Plasma clearance in dog at 0.5 mg/kg, iv or 2 mg/kg, po",A,CCc1nnc([C@H]2[C@@H]3CN(C(=O)c4ccc(C[C@@H]5CC[C@H]([C@H](O)c6ccccc6)N5)cc4)C[C@@H]32)o1,36.0,mL.min-1.kg-1,species_only_dog
16420607,CHEMBL3750561,CHEMBL3745890,CL,mL.min-1.kg-1,=,19.0,CHEMBL373,Canis lupus familiaris,"Plasma clearance in dog at 0.5 mg/kg, iv or 2 mg/kg, po",A,Cn1nnc([C@H]2[C@@H]3CN(C(=O)c4ccc(C[C@@H]5CC[C@H]([C@H](O)c6ccccc6)N5)cc4)C[C@@H]32)n1,19.0,mL.min-1.kg-1,species_only_dog
16421999,CHEMBL3749911,CHEMBL3651966,CL,mL.min-1.kg-1,=,8.0,CHEMBL373,Canis lupus familiaris,Clearance in dog by LC/MS/MS analysis,A,C[C@@H]1C[C@H](N)C[C@H](c2ccncc2NC(=O)c2ccc(F)c(-c3c(F)cccc3F)n2)C1,8.0,mL.min-1.kg-1,species_only_dog
16422189,CHEMBL3750601,CHEMBL3695713,CL,mL.min-1.kg-1,=,3.9,CHEMBL373,Canis lupus familiaris,Plasma clearance in iv dosed beagle dog,A,Cn1cc(CNc2cc(OC[C@H]3C[C@@H]3c3ccccn3)nc3ccnn23)cn1,3.9,mL.min-1.kg-1,species_only_dog
16427073,CHEMBL3749977,CHEMBL3746457,CL,mL.min-1.kg-1,=,25.0,CHEMBL373,Canis lupus familiaris,"Plasma clearance in dog at 0.5 mg/kg, iv",A,O=C1c2cc(COc3ccccc3)nn2CCN1c1ccc(F)cn1,25.0,mL.min-1.kg-1,species_only_dog
16429250,CHEMBL3750118,CHEMBL3746329,CL,mL.min-1.kg-1,=,16.2,CHEMBL373,Canis lupus familiaris,"Clearance in beagle dog at 5 mg/kg, po by LC-MS/MS analysis",A,O=C(O)C1(Sc2ccnc3ccc(Br)cc23)CCC1,16.2,mL.min-1.kg-1,species_only_dog
16429257,CHEMBL3750125,CHEMBL3746329,CL,mL.min-1.kg-1,=,14.4,CHEMBL373,Canis lupus familiaris,"Clearance in beagle dog at 1 mg/kg, iv by LC-MS/MS analysis",A,O=C(O)C1(Sc2ccnc3ccc(Br)cc23)CCC1,14.4,mL.min-1.kg-1,species_only_dog
16434682,CHEMBL3756136,CHEMBL3754069,CL,mL.min-1.kg-1,=,16.0,CHEMBL373,Canis lupus familiaris,"Clearance in beagle dog at 0.4 mg/kg, iv administered as cassette dosing by LC-MS/MS method",A,O=C(/C=C/c1cc(Cl)ccc1-n1cnnn1)N[C@@H](Cc1ccccc1)C(=O)Nc1ccc(C(=O)O)cc1,16.0,mL.min-1.kg-1,species_only_dog
16434683,CHEMBL3756136,CHEMBL3752047,CL,mL.min-1.kg-1,=,14.0,CHEMBL373,Canis lupus familiaris,"Clearance in beagle dog at 0.4 mg/kg, iv administered as cassette dosing by LC-MS/MS method",A,CN1CCN(C(=O)Nc2ccc(C[C@H](NC(=O)/C=C/c3cc(Cl)ccc3-n3cnnn3)C(=O)Nc3ccc(C(=O)O)cc3)cc2)CC1,14.0,mL.min-1.kg-1,species_only_dog
16434684,CHEMBL3756136,CHEMBL3754781,CL,mL.min-1.kg-1,=,32.0,CHEMBL373,Canis lupus familiaris,"Clearance in beagle dog at 0.4 mg/kg, iv administered as cassette dosing by LC-MS/MS method",A,O=C(N[C@@H](Cc1ccccc1)C(=O)NCCc1cc(Cl)ccc1-n1cnnn1)c1ccc2[nH]c(=O)cc(O)c2c1,32.0,mL.min-1.kg-1,species_only_dog
16437953,CHEMBL3754955,CHEMBL3754085,CL,mL.min-1.kg-1,=,3.7,CHEMBL373,Canis lupus familiaris,"Clearance in dog at 1 mg/kg, iv",A,Cc1ccc(-c2cccc(CO)c2)nc1C(=O)Nc1c(C)ccc(C(=O)O)c1C,3.7,mL.min-1.kg-1,species_only_dog
16442069,CHEMBL3756708,CHEMBL3287569,CL,mL.min-1.kg-1,=,2.5,CHEMBL373,Canis lupus familiaris,"Clearance in dog at 0.5 mg/kg, iv",A,Cc1cc(Cl)ccc1-c1cccc(COc2ccc([C@H](CC(=O)O)c3nccn3C)cc2)c1,2.5,mL.min-1.kg-1,species_only_dog
16446029,CHEMBL3756258,CHEMBL3751896,CL,mL.min-1.kg-1,=,1.4,CHEMBL373,Canis lupus familiaris,"Clearance in dog at 0.2 mg/kg, iv",A,COc1cc2c(cnc3[nH]nc(C4CC4)c32)cc1-c1c(F)ccc(NS(=O)(=O)CCCF)c1Cl,1.4,mL.min-1.kg-1,species_only_dog
16450549,CHEMBL3756727,CHEMBL3120505,CL,mL.min-1.kg-1,=,4.6,CHEMBL373,Canis lupus familiaris,"Clearance in beagle dog at 2.5 mg/kg, iv by LC-MS/MS analysis",A,CCc1cc2c(cc1F)c(C#N)c(-c1ccc(S(=O)(=O)N[C@@H](C)C(F)(F)F)cn1)n2-c1ncccn1,4.6,mL.min-1.kg-1,species_only_dog
16452939,CHEMBL3762962,CHEMBL3758288,CL,mL.min-1.kg-1,=,0.7,CHEMBL373,Canis lupus familiaris,"Clearance in dog at 1 mg/kg, iv",A,COc1ccc2c(c1)[C@@H]1C[C@]1(C(=O)N1C3CCC1CN(C)C3)Cn1c-2c(C2CCCCC2)c2ccc(C(=O)NS(=O)(=O)C(C)C)cc21,0.7,mL.min-1.kg-1,species_only_dog
16457128,CHEMBL3761690,CHEMBL3760103,CL,mL.min-1.kg-1,=,26.1,CHEMBL373,Canis lupus familiaris,"Clearance in beagle dog at 2 mg/kg,po or 0.5 mg/kg, iv after 0.25 to 24 hrs by LC-MS/MS analysis",A,CC(C)C(=O)NCc1ccc(C(F)F)c(C(=O)Nc2ncc[nH]2)c1,26.1,mL.min-1.kg-1,species_only_dog
16457411,CHEMBL3762865,CHEMBL3759434,CL,mL.min-1.kg-1,=,6.76,CHEMBL373,Canis lupus familiaris,Clearance in dog,A,CC(C)CC1(O)CCN(C(=O)Nc2cc(Oc3ccc(F)cc3)cc(Oc3ccc(C(C)(C)C(=O)O)cc3)c2)C1,6.76,mL.min-1.kg-1,species_only_dog
16457939,CHEMBL3762412,CHEMBL3759468,CL,mL.min-1.kg-1,=,8.2,CHEMBL373,Canis lupus familiaris,"Clearance in beagle dog at 1 mg/kg, po and iv",A,COc1cc(CNC(=O)c2cc(-c3nnn(C[C@H]4CO[C@H](CO)CO4)n3)nc(C)n2)ccc1F,8.2,mL.min-1.kg-1,species_only_dog
16464654,CHEMBL3768480,CHEMBL111201,CL,mL.min-1.kg-1,=,20.0,CHEMBL373,Canis lupus familiaris,"Plasma clearance in dog at 0.5 mg/kg, iv or 2 mg/kg, po",A,O=S(=O)(Nc1ccc(CCNC[C@H](O)c2cccnc2)cc1)c1ccc(-c2nc(-c3ccc(C(F)(F)F)cc3)cs2)cc1,20.0,mL.min-1.kg-1,species_only_dog
16464655,CHEMBL3768480,CHEMBL3764088,CL,mL.min-1.kg-1,=,7.4,CHEMBL373,Canis lupus familiaris,"Plasma clearance in dog at 0.5 mg/kg, iv or 2 mg/kg, po",A,O=C(Cn1ncccc1=O)Nc1ccc(C[C@@H]2CC[C@H]([C@H](O)c3ccccc3)N2)cc1,7.4,mL.min-1.kg-1,species_only_dog
16464656,CHEMBL3768480,CHEMBL3765335,CL,mL.min-1.kg-1,=,23.0,CHEMBL373,Canis lupus familiaris,"Plasma clearance in dog at 0.5 mg/kg, iv or 2 mg/kg, po",A,C[C@@H](C(=O)Nc1ccc(C[C@@H]2CC[C@H]([C@H](O)c3ccccc3)N2)cc1)n1ncccc1=O,23.0,mL.min-1.kg-1,species_only_dog
16464657,CHEMBL3768480,CHEMBL3763934,CL,mL.min-1.kg-1,=,26.0,CHEMBL373,Canis lupus familiaris,"Plasma clearance in dog at 0.5 mg/kg, iv or 2 mg/kg, po",A,O=C(Nc1ccc(C[C@@H]2CC[C@H]([C@H](O)c3ccccc3)N2)cc1)[C@@H]1CCc2cccc(=O)n21,26.0,mL.min-1.kg-1,species_only_dog
16464658,CHEMBL3768480,CHEMBL2107826,CL,mL.min-1.kg-1,=,15.0,CHEMBL373,Canis lupus familiaris,"Plasma clearance in dog at 0.5 mg/kg, iv or 2 mg/kg, po",A,O=C(Nc1ccc(C[C@@H]2CC[C@H]([C@H](O)c3ccccc3)N2)cc1)[C@@H]1CCc2nccc(=O)n21,15.0,mL.min-1.kg-1,species_only_dog
16465313,CHEMBL3768484,CHEMBL3764088,CL,mL.min-1.kg-1,=,15.0,CHEMBL373,Canis lupus familiaris,"Unbound clearance in dog at 0.5 mg/kg, iv or 2 mg/kg, po",A,O=C(Cn1ncccc1=O)Nc1ccc(C[C@@H]2CC[C@H]([C@H](O)c3ccccc3)N2)cc1,15.0,mL.min-1.kg-1,species_only_dog
16465314,CHEMBL3768484,CHEMBL3765335,CL,mL.min-1.kg-1,=,59.0,CHEMBL373,Canis lupus familiaris,"Unbound clearance in dog at 0.5 mg/kg, iv or 2 mg/kg, po",A,C[C@@H](C(=O)Nc1ccc(C[C@@H]2CC[C@H]([C@H](O)c3ccccc3)N2)cc1)n1ncccc1=O,59.0,mL.min-1.kg-1,species_only_dog
16465315,CHEMBL3768484,CHEMBL2107826,CL,mL.min-1.kg-1,=,37.0,CHEMBL373,Canis lupus familiaris,"Unbound clearance in dog at 0.5 mg/kg, iv or 2 mg/kg, po",A,O=C(Nc1ccc(C[C@@H]2CC[C@H]([C@H](O)c3ccccc3)N2)cc1)[C@@H]1CCc2nccc(=O)n21,37.0,mL.min-1.kg-1,species_only_dog
16475443,CHEMBL3767938,CHEMBL3137318,CL,mL.min-1.kg-1,=,3.3,CHEMBL373,Canis lupus familiaris,"Clearance in beagle dog at 0.025 mg/kg, iv",A,Cc1ccc(S(=O)(=O)O)cc1.Cn1ncnc1[C@H]1c2n[nH]c(=O)c3cc(F)cc(c23)N[C@@H]1c1ccc(F)cc1,3.3,mL.min-1.kg-1,species_only_dog
16485019,CHEMBL3774232,CHEMBL3771364,CL,mL.min-1.kg-1,=,7.0,CHEMBL373,Canis lupus familiaris,"Clearance in Beagle dog at 1 mg/kg, iv",A,CC(C)n1ncnc1-c1cn2c(n1)-c1ccc(O[C@@H](C)C(N)=O)cc1OCC2,7.0,mL.min-1.kg-1,species_only_dog
16485870,CHEMBL3772405,CHEMBL3770687,CL,mL.min-1.kg-1,=,33.0,CHEMBL373,Canis lupus familiaris,"Clearance in beagle dog at 1 mg/kg, iv after 24 hrs by LC-MS/MS analysis",A,Cc1c2c(nn1-c1nnc(-c3ccc(OC(C)C)c(Cl)c3)s1)CCN(CCC(=O)O)C2.Cl,33.0,mL.min-1.kg-1,species_only_dog
16492959,CHEMBL3772014,CHEMBL3597952,CL,mL.min-1.kg-1,=,11.0,CHEMBL373,Canis lupus familiaris,"Clearance in Beagle dog 1 mg/kg, iv",A,COc1ccc(S(=O)(=O)N2CCC[C@H]2C(=O)Nc2cc(C)cc(C)c2)cc1,11.0,mL.min-1.kg-1,species_only_dog
16492977,CHEMBL3772028,CHEMBL1083659,CL,mL.min-1.kg-1,=,4.0,CHEMBL373,Canis lupus familiaris,Clearance in iv dosed dog,A,Cc1ccc(-n2nccn2)c(C(=O)N2CCN(c3nc4cc(Cl)ccc4o3)CC[C@H]2C)c1,4.0,mL.min-1.kg-1,species_only_dog
16492978,CHEMBL3772028,CHEMBL2107822,CL,mL.min-1.kg-1,=,5.8,CHEMBL373,Canis lupus familiaris,Clearance in iv dosed dog,A,Cc1ccc(-c2ncccn2)c(C(=O)N2C[C@H](COc3ccc(F)cn3)CC[C@H]2C)c1,5.8,mL.min-1.kg-1,species_only_dog
16493013,CHEMBL3772042,CHEMBL3338866,CL,mL.min-1.kg-1,=,16.0,CHEMBL373,Canis lupus familiaris,Clearance in iv dosed Beagle dog,A,COc1ccc(CNC(=O)c2cc(-c3cncc(Cl)c3)cnc2-c2ccccn2)nc1OC,16.0,mL.min-1.kg-1,species_only_dog
16508075,CHEMBL3779205,CHEMBL3775576,CL,mL.min-1.kg-1,=,5.167,CHEMBL373,Canis lupus familiaris,Intrinsic clearance in dog,A,CNC(=O)c1ccc2[nH]nc(Cc3ccc4c(cnn4C)c3)c2c1,5.167,mL.min-1.kg-1,species_only_dog
16508366,CHEMBL3776118,CHEMBL3582317,CL,mL.min-1.kg-1,=,1.6,CHEMBL373,Canis lupus familiaris,"Clearance in dog plasma at 0.5 mg/kg, iv",A,Cc1nc([C@]2(c3cnn(C)c3)N[C@@H](c3nc(-c4ccc(F)cn4)c[nH]3)Cc3c2[nH]c2ccccc32)no1,1.6,mL.min-1.kg-1,species_only_dog
16514510,CHEMBL3784475,CHEMBL3393386,CL,mL.min-1.kg-1,=,0.8334,CHEMBL373,Canis lupus familiaris,"Clearance in beagle dog plasma at 0.27 mg/kg, iv and 0.43 mg/kg, po administered in cassette format by LC-MS/MS method",A,NC[C@H]1CC[C@H](C(=O)N[C@@H](Cc2ccccc2)c2cc(-c3ccc4c(N)n[nH]c4c3)ccn2)CC1,0.8334,mL.min-1.kg-1,species_only_dog
16514511,CHEMBL3784481,CHEMBL3781788,CL,mL.min-1.kg-1,=,0.9,CHEMBL373,Canis lupus familiaris,"Clearance in beagle dog plasma at 0.28 mg/kg, iv and 0.62 mg/kg, po administered in cassette format by LC-MS/MS method",A,COC(=O)Nc1ccc(-c2ccnc([C@H](Cc3ccccc3)NC(=O)[C@H]3CC[C@H](CN)CC3)c2)cc1,0.9,mL.min-1.kg-1,species_only_dog
16514512,CHEMBL3784482,CHEMBL3781550,CL,mL.min-1.kg-1,=,0.45,CHEMBL373,Canis lupus familiaris,"Clearance in beagle dog plasma at 0.2 mg/kg, iv and 0.29 mg/kg, po administered in cassette format by LC-MS/MS method",A,COC(=O)Nc1ccc(-c2cc([C@H](Cc3ccccc3)NC(=O)[C@H]3CC[C@H](CN)CC3)ncn2)cc1,0.45,mL.min-1.kg-1,species_only_dog
16514513,CHEMBL3784483,CHEMBL3780342,CL,mL.min-1.kg-1,=,0.2833,CHEMBL373,Canis lupus familiaris,"Clearance in beagle dog plasma at 0.4 mg/kg, iv and 0.8 mg/kg, po administered in cassette format by LC-MS/MS method",A,COC(=O)Nc1ccc(-c2cc([C@H](Cc3ccccc3)NC(=O)[C@H]3CC[C@H](CN)CC3)[nH]c(=O)c2)cc1,0.2833,mL.min-1.kg-1,species_only_dog
16514514,CHEMBL3784585,CHEMBL3398642,CL,mL.min-1.kg-1,=,0.35,CHEMBL373,Canis lupus familiaris,"Clearance in beagle dog plasma at 0.2 mg/kg, iv and 0.2 mg/kg, po administered in cassette format by LC-MS/MS method",A,COC(=O)Nc1ccc(-c2c[nH]c([C@H](Cc3ccccc3)NC(=O)/C=C/c3cc(Cl)ccc3-n3cnnn3)n2)cc1,0.35,mL.min-1.kg-1,species_only_dog
16514515,CHEMBL3784585,CHEMBL3781363,CL,mL.min-1.kg-1,=,0.1217,CHEMBL373,Canis lupus familiaris,"Clearance in beagle dog plasma at 0.2 mg/kg, iv and 0.2 mg/kg, po administered in cassette format by LC-MS/MS method",A,COC(=O)Nc1ccc(-c2cc([C@H](Cc3ccccc3)NC(=O)/C=C/c3cc(Cl)ccc3-n3cnnn3)ncn2)cc1,0.1217,mL.min-1.kg-1,species_only_dog
16514516,CHEMBL3784585,CHEMBL3781742,CL,mL.min-1.kg-1,=,0.5,CHEMBL373,Canis lupus familiaris,"Clearance in beagle dog plasma at 0.2 mg/kg, iv and 0.2 mg/kg, po administered in cassette format by LC-MS/MS method",A,COC(=O)Nc1ccc(-c2cc([C@H](Cc3ccccc3)NC(=O)/C=C/c3cc(Cl)ccc3-n3cnnn3)[nH]c(=O)c2)cc1,0.5,mL.min-1.kg-1,species_only_dog
16514517,CHEMBL3784586,CHEMBL3781319,CL,mL.min-1.kg-1,=,0.1017,CHEMBL373,Canis lupus familiaris,"Clearance in beagle dog plasma at 0.25 mg/kg, iv and 0.2 mg/kg, po administered in cassette format by LC-MS/MS method",A,COC(=O)Nc1ccc(-c2ccnc([C@H](Cc3ccccc3)NC(=O)/C=C/c3cc(Cl)ccc3-n3cnnn3)c2)cc1,0.1017,mL.min-1.kg-1,species_only_dog
16514518,CHEMBL3784474,CHEMBL3780001,CL,mL.min-1.kg-1,=,0.09334,CHEMBL373,Canis lupus familiaris,"Clearance in beagle dog plasma at 0.19 mg/kg, iv and 0.19 mg/kg, po administered in cassette format by LC-MS/MS method",A,COC(=O)Nc1ccc(-c2cc([C@H](Cc3ccccc3)NC(=O)/C=C/c3cc(Cl)ccc3-n3cnnn3)ccn2)cc1,0.09334,mL.min-1.kg-1,species_only_dog
16526427,CHEMBL3788772,CHEMBL3785094,CL,mL.min-1.kg-1,=,5.0,CHEMBL373,Canis lupus familiaris,"Clearance in Beagle dog at 0.425 mg/kg, iv",A,COCCOc1cnc2ccn([C@H](C)c3nnc4ccc(-c5cc(C)no5)cn34)c(=O)c2c1,5.0,mL.min-1.kg-1,species_only_dog
16526428,CHEMBL3788769,CHEMBL3785909,CL,mL.min-1.kg-1,=,3.833,CHEMBL373,Canis lupus familiaris,"Clearance in Beagle dog at 0.713 mg/kg, iv",A,COCCOc1cnc2ccn([C@H](C)c3nnc4c(F)cc(-c5cnn(C)c5)cn34)c(=O)c2c1,3.833,mL.min-1.kg-1,species_only_dog
16526429,CHEMBL3788777,CHEMBL3785094,CL,mL.min-1.kg-1,=,11.33,CHEMBL373,Canis lupus familiaris,Unbound clearance in Beagle dog at 5 ug/ml by equilibrium dialysis method,A,COCCOc1cnc2ccn([C@H](C)c3nnc4ccc(-c5cc(C)no5)cn34)c(=O)c2c1,11.33,mL.min-1.kg-1,species_only_dog
16526430,CHEMBL3788777,CHEMBL3785909,CL,mL.min-1.kg-1,=,7.667,CHEMBL373,Canis lupus familiaris,Unbound clearance in Beagle dog at 5 ug/ml by equilibrium dialysis method,A,COCCOc1cnc2ccn([C@H](C)c3nnc4c(F)cc(-c5cnn(C)c5)cn34)c(=O)c2c1,7.667,mL.min-1.kg-1,species_only_dog
16528291,CHEMBL3790036,CHEMBL3785768,CL,mL.min-1.kg-1,=,18.0,CHEMBL373,Canis lupus familiaris,Clearance in iv dosed dog,A,CC(C)(CN1C(=O)c2ccccc2C1C(=O)NCCCF)c1ccc(Cl)cc1,18.0,mL.min-1.kg-1,species_only_dog
16528292,CHEMBL3790036,CHEMBL3786344,CL,mL.min-1.kg-1,=,6.0,CHEMBL373,Canis lupus familiaris,Clearance in iv dosed dog,A,CCCNC(=O)C1c2ccccc2C(=O)N1CC(C)c1ccc(Cl)cc1,6.0,mL.min-1.kg-1,species_only_dog
16537536,CHEMBL3792166,CHEMBL3787658,CL,mL.min-1.kg-1,=,11.1,CHEMBL373,Canis lupus familiaris,"Clearance in Beagle dog at 1 mg/kg, iv",A,CC(=O)N1CCN([C@H]2CC[C@H](c3cc(OC4CC4)c(Nc4ncc(Cl)c(Nc5cn(C)nc5S(=O)(=O)C(C)C)n4)cc3C)CC2)CC1,11.1,mL.min-1.kg-1,species_only_dog
16539004,CHEMBL3791491,CHEMBL3787394,CL,mL.min-1.kg-1,=,37.0,CHEMBL373,Canis lupus familiaris,Clearance in dog,A,COc1ccc(-c2nnc(C(=O)N3CC(Oc4ccc(CN5CC6(COC6)C5)cc4)C3)o2)cc1,37.0,mL.min-1.kg-1,species_only_dog
16554966,CHEMBL3794994,CHEMBL3793226,CL,mL.min-1.kg-1,=,11.9,CHEMBL373,Canis lupus familiaris,"Blood clearance in Beagle dog at 3 mg/kg, iv administered as single dose by LC/MS/MS analysis",A,O=c1ccc2ccc(F)c3c2n1C[C@H]3CN1CCC(NCc2cc3c(nn2)OCCO3)CC1,11.9,mL.min-1.kg-1,species_only_dog
16555705,CHEMBL3795132,CHEMBL3794145,CL,mL.min-1.kg-1,=,2.6,CHEMBL373,Canis lupus familiaris,"Clearance in dog at 1 mg/kg, iv",A,O=C(O)C1CN(Cc2ccc(-c3noc(-c4onc(-c5ccccn5)c4C(F)(F)F)n3)cc2)C1,2.6,mL.min-1.kg-1,species_only_dog
16558271,CHEMBL3796835,CHEMBL3686863,CL,mL.min-1.kg-1,=,10.0,CHEMBL373,Canis lupus familiaris,"Clearance in dog at 1 mg/kg, iv",A,Cc1ccc(N2CCC(O)CC2)nc1C(=O)Nc1c(C)cc(C(=O)O)cc1C,10.0,mL.min-1.kg-1,species_only_dog
16566089,CHEMBL3802906,CHEMBL3799831,CL,mL.min-1.kg-1,=,13.0,CHEMBL373,Canis lupus familiaris,"Clearance in dog blood at 4 umol/kg, iv and 10 umol/kg, po",A,CN(C)C(=O)c1cc(CN2CCOc3c(F)cccc32)c2oc(N3CCOCC3)cc(=O)c2c1,13.0,mL.min-1.kg-1,species_only_dog
16569382,CHEMBL3801336,CHEMBL3794064,CL,mL.min-1.kg-1,=,1.6,CHEMBL373,Canis lupus familiaris,"Clearance in dog at 1 mg/kg, iv",A,O=C(O)C1CN(Cc2ccc(-c3noc(-c4onc(-c5ccccc5)c4C(F)(F)F)n3)cc2)C1,1.6,mL.min-1.kg-1,species_only_dog
16569499,CHEMBL3801581,CHEMBL3640290,CL,mL.min-1.kg-1,=,35.0,CHEMBL373,Canis lupus familiaris,"Clearance in dog at 1 mg/kg, iv",A,COc1nc(N2C[C@H]3C(=O)N(C)C(=N)N[C@@]3(c3ccc(F)cc3F)C2)nc(C)c1F,35.0,mL.min-1.kg-1,species_only_dog
16575115,CHEMBL3803428,CHEMBL3408213,CL,mL.min-1.kg-1,=,14.0,CHEMBL373,Canis lupus familiaris,"Clearance in Beagle dog at 0.2 mg/kg, iv and 0.5 mg/kg, po by LC-MS/MS analysis",A,Cn1cc(-c2ccc(-c3cncc(Cl)c3N3CCC4(CCNC4=O)CC3)cc2)cn1,14.0,mL.min-1.kg-1,species_only_dog
16584826,CHEMBL3807770,CHEMBL3805736,CL,mL.min-1.kg-1,=,10.0,CHEMBL373,Canis lupus familiaris,"Total clearance in beagle dog at 1 mg/kg, iv or 2 mg/kg, po by LC-MS/MS analysis",A,N[C@H]1C[C@@H](N2Cc3nn4nccnc4c3C2)CO[C@@H]1c1cc(F)ccc1F.O=C(O)C(F)(F)F,10.0,mL.min-1.kg-1,species_only_dog
16584827,CHEMBL3807770,CHEMBL2105762,CL,mL.min-1.kg-1,=,0.9,CHEMBL373,Canis lupus familiaris,"Total clearance in beagle dog at 1 mg/kg, iv or 2 mg/kg, po by LC-MS/MS analysis",A,CS(=O)(=O)n1cc2c(n1)CN([C@H]1CO[C@H](c3cc(F)ccc3F)[C@@H](N)C1)C2,0.9,mL.min-1.kg-1,species_only_dog
16585072,CHEMBL3807560,CHEMBL3805203,CL,mL.min-1.kg-1,=,14.0,CHEMBL373,Canis lupus familiaris,"Clearance in Beagle dog at 0.5 mg/kg, iv administered as single dose",A,Cn1c(=O)n(CC(C)(C)C)c2ccc(N3C[C@@H]4CC[C@H]3CN4C(=O)c3csnn3)nc21,14.0,mL.min-1.kg-1,species_only_dog
16585073,CHEMBL3807560,CHEMBL3806137,CL,mL.min-1.kg-1,=,7.0,CHEMBL373,Canis lupus familiaris,"Clearance in Beagle dog at 0.5 mg/kg, iv administered as single dose",A,Cn1c(=O)n(CC(C)(C)C)c2ccc(N3C[C@@H]4CC[C@H]3CN4C(=O)c3ccon3)nc21,7.0,mL.min-1.kg-1,species_only_dog
16585096,CHEMBL3807679,CHEMBL3806137,CL,mL.min-1.kg-1,=,0.9,CHEMBL373,Canis lupus familiaris,"Fraction unbound adjusted clearance in Beagle dog at 0.5 mg/kg, iv administered as single dose",A,Cn1c(=O)n(CC(C)(C)C)c2ccc(N3C[C@@H]4CC[C@H]3CN4C(=O)c3ccon3)nc21,0.9,mL.min-1.kg-1,species_only_dog
16585097,CHEMBL3807679,CHEMBL3805139,CL,mL.min-1.kg-1,=,4.7,CHEMBL373,Canis lupus familiaris,"Fraction unbound adjusted clearance in Beagle dog at 0.5 mg/kg, iv administered as single dose",A,Cn1c(=O)n(CC(C)(C)C)c2ccc(C3=C[C@@H]4CC[C@H]3CN4C(=O)c3ccon3)nc21,4.7,mL.min-1.kg-1,species_only_dog
16585213,CHEMBL3808000,CHEMBL3805372,CL,mL.min-1.kg-1,=,4.1,CHEMBL373,Canis lupus familiaris,"Clearance in dog at 1 mg/kg, iv",A,CCC[C@H]1N(C(=O)c2cnccc2C(F)(F)F)CCC[C@@]1(Oc1csc(C(F)(F)F)c1)C(=O)N1CCN(c2ccccc2OCCCC(=O)O)CC1,4.1,mL.min-1.kg-1,species_only_dog
16586916,CHEMBL3807008,CHEMBL1983268,CL,mL.min-1.kg-1,=,17.5,CHEMBL373,Canis lupus familiaris,"Clearance in Beagle dog at 10 mg/kg, iv administered as single dose by LC-MS/MS analysis",A,CN1CCN(c2ccc(C(=O)Nc3n[nH]c4ccc(Cc5cc(F)cc(F)c5)cc34)c(NC3CCOCC3)c2)CC1,17.5,mL.min-1.kg-1,species_only_dog
16590351,CHEMBL3808060,CHEMBL3806067,CL,mL.min-1.kg-1,=,2.8,CHEMBL373,Canis lupus familiaris,Total clearance in iv or po dosed beagle dog after 24 hrs by LC-MS/MS analysis,A,NC(=O)c1c2c(c(O)c3ncc(Cc4cccc(Cl)c4F)cc13)C(=O)N1CCCC[C@H]21,2.8,mL.min-1.kg-1,species_only_dog
16590729,CHEMBL3806646,CHEMBL3805738,CL,mL.min-1.kg-1,=,9.667,CHEMBL373,Canis lupus familiaris,"Plasma clearance in beagle dog at 1 mg/kg, iv administered via infusion over 30 mins measured after 24 hrs by LC/MS/MS analysis",A,C[C@H](Nc1nc(N)nc(N)c1C#N)c1nc2cccc(F)c2c(=O)n1-c1cc(F)cc(F)c1,9.667,mL.min-1.kg-1,species_only_dog
16599791,CHEMBL3810975,CHEMBL3809730,CL,mL.min-1.kg-1,=,0.2,CHEMBL373,Canis lupus familiaris,"Clearance in Beagle dog at 0.1 mg/kg, iv or 1 mg/kg, po by LC-MS/MS analysis",A,Oc1nc(-c2cc(-c3ccon3)n(Cc3ccccc3F)n2)ncc1F,0.2,mL.min-1.kg-1,species_only_dog
16602882,CHEMBL3813485,CHEMBL3809641,CL,mL.min-1.kg-1,=,7.983,CHEMBL373,Canis lupus familiaris,Clearance in dog,A,Cc1noc(Cn2nc3ccc(-c4ccc(OC(F)(F)F)cc4)cn3c2=O)n1,7.983,mL.min-1.kg-1,species_only_dog
16636754,CHEMBL3825422,CHEMBL3823301,CL,mL.min-1.kg-1,=,6.0,CHEMBL373,Canis lupus familiaris,"Clearance in Beagle dog plasma at 1 or 4 umol/kg, iv or 10 umol/kg, po",A,CC(=O)N1CCC(n2ncc(Nc3ncc(Cl)c(-c4cnn5ccccc45)n3)c2C)CC1,6.0,mL.min-1.kg-1,species_only_dog
16636755,CHEMBL3825422,CHEMBL3822587,CL,mL.min-1.kg-1,=,5.0,CHEMBL373,Canis lupus familiaris,"Clearance in Beagle dog plasma at 1 or 4 umol/kg, iv or 10 umol/kg, po",A,Cc1nn(C2CCN(C(=O)CO)CC2)c(C)c1Nc1ncc(Cl)c(-c2cnn3ccccc23)n1,5.0,mL.min-1.kg-1,species_only_dog
16636756,CHEMBL3825422,CHEMBL3823030,CL,mL.min-1.kg-1,=,7.0,CHEMBL373,Canis lupus familiaris,"Clearance in Beagle dog plasma at 1 or 4 umol/kg, iv or 10 umol/kg, po",A,Cc1nn(C2CCN(C(=O)[C@@H](C)O)CC2)c(C)c1Nc1ncc(Cl)c(-c2cnn3ccccc23)n1,7.0,mL.min-1.kg-1,species_only_dog
16642496,CHEMBL3825976,CHEMBL3822820,CL,mL.min-1.kg-1,=,6.8,CHEMBL373,Canis lupus familiaris,"Clearance in beagle dog at 2 mg/kg, iv or 5 mg/kg, po",A,COC(=O)N[C@H](C(=O)N1CCC[C@H]1c1ncc(-c2ccc3c(c2)OC(c2cccc(OC)c2)n2c-3cc3cc(-c4cnc([C@@H]5CCCN5C(=O)[C@@H](NC(=O)OC)C(C)C)[nH]4)ccc32)[nH]1)C(C)C,6.8,mL.min-1.kg-1,species_only_dog
16652054,CHEMBL3830463,CHEMBL3828718,CL,mL.min-1.kg-1,=,10.7,CHEMBL373,Canis lupus familiaris,"Plasma clearance in dog at 1 mg/kg, iv",A,COC(=O)N(CC(=O)O)Cc1cc(OCc2nc(-c3ccc(Cl)cc3)oc2C)ccc1F,10.7,mL.min-1.kg-1,species_only_dog
16663509,CHEMBL3853492,CHEMBL3683287,CL,mL.min-1.kg-1,=,0.0001,CHEMBL612558,,Renal clearance in dog,A,N#Cc1ccc(Oc2ccc(S(=O)(=O)Nc3ccc(F)cn3)cc2C#N)cc1Cl,0.0001,mL.min-1.kg-1,species_only_dog
16663527,CHEMBL3853442,CHEMBL2325014,CL,mL.min-1.kg-1,=,4.8,CHEMBL612558,,"Plasma clearance in dog at 0.1 mg/kg, iv and 3 mg/kg, po",A,Nc1[nH]ncc1-c1cc(Cl)ccc1Oc1cc(F)c(S(=O)(=O)Nc2cscn2)cc1Cl,4.8,mL.min-1.kg-1,species_only_dog
16663816,CHEMBL3853591,CHEMBL3924161,CL,mL.min-1.kg-1,=,0.014,CHEMBL612558,,"Plasma clearance in dog at 0.363 mg/kg, iv and 0.737 mg/kg, po",A,O=S(=O)(Nc1ccc(C(F)(F)F)nc1)c1ccccc1C(F)(F)F,0.014,mL.min-1.kg-1,species_only_dog
16663817,CHEMBL3853592,CHEMBL3924161,CL,mL.min-1.kg-1,=,1.4,CHEMBL612558,,"Unbound clearance in dog at 0.363 mg/kg, iv and 0.737 mg/kg, po",A,O=S(=O)(Nc1ccc(C(F)(F)F)nc1)c1ccccc1C(F)(F)F,1.4,mL.min-1.kg-1,species_only_dog
16663818,CHEMBL3853593,CHEMBL3924161,CL,mL.min-1.kg-1,=,9.1e-06,CHEMBL612558,,"Renal clearance in dog at 0.363 mg/kg, iv and 0.737 mg/kg, po",A,O=S(=O)(Nc1ccc(C(F)(F)F)nc1)c1ccccc1C(F)(F)F,9.1e-06,mL.min-1.kg-1,species_only_dog
16663910,CHEMBL3853597,CHEMBL3929544,CL,mL.min-1.kg-1,=,1.0,CHEMBL612558,,"Plasma clearance in dog at 1 mg/kg, iv and 3 mg/kg, po",A,O=S(=O)(Nc1cncc(C(F)(F)F)c1)c1ccccc1C(F)(F)F,1.0,mL.min-1.kg-1,species_only_dog
16663911,CHEMBL3853598,CHEMBL3929544,CL,mL.min-1.kg-1,=,17.5,CHEMBL612558,,"Unbound clearance in dog at 1 mg/kg, iv and 3 mg/kg, po",A,O=S(=O)(Nc1cncc(C(F)(F)F)c1)c1ccccc1C(F)(F)F,17.5,mL.min-1.kg-1,species_only_dog
16663912,CHEMBL3853599,CHEMBL3929544,CL,mL.min-1.kg-1,=,5e-05,CHEMBL612558,,"Renal clearance in dog at 1 mg/kg, iv and 3 mg/kg, po",A,O=S(=O)(Nc1cncc(C(F)(F)F)c1)c1ccccc1C(F)(F)F,5e-05,mL.min-1.kg-1,species_only_dog
16667763,CHEMBL3854688,CHEMBL3902498,CL,mL.min-1.kg-1,=,8.0,CHEMBL612558,,"Clearance in dog at 0.2 mg/kg, iv and 1 mg/kg, po",A,Cc1cc2ccc1[C@@H](C)COC(=O)Nc1ccc(S(=O)(=O)C3CC3)c(c1)CN(C)C(=O)[C@@H]2Nc1ccc2c(N)ncc(F)c2c1,8.0,mL.min-1.kg-1,species_only_dog
16667764,CHEMBL3854688,CHEMBL3901391,CL,mL.min-1.kg-1,=,11.0,CHEMBL612558,,"Clearance in dog at 0.2 mg/kg, iv and 1 mg/kg, po",A,Cc1cc2ccc1[C@@H](C)COC(=O)Nc1ccc(S(=O)(=O)C3CC3)c(c1)CN(C)C(=O)[C@@H]2Nc1cc2ccnc(N)c2cc1F,11.0,mL.min-1.kg-1,species_only_dog
16667765,CHEMBL3854688,CHEMBL3909009,CL,mL.min-1.kg-1,=,13.0,CHEMBL612558,,"Clearance in dog at 0.2 mg/kg, iv and 1 mg/kg, po",A,Cc1cc2ccc1[C@@H](C)COC(=O)Nc1ccc(S(=O)(=O)C3CC3)c(c1)CN(C)C(=O)[C@@H]2Nc1cc(F)c2c(N)nccc2c1,13.0,mL.min-1.kg-1,species_only_dog
16667930,CHEMBL3854752,CHEMBL3891221,CL,mL.min-1.kg-1,=,12.9,CHEMBL612558,,"Plasma clearance in Beagle dog at 0.5 mg/kg, iv",A,O=C(O)c1c[nH]c2cc(Cl)c(-c3ccc(C4(O)CCC4)cc3)cc12,12.9,mL.min-1.kg-1,species_only_dog
16668182,CHEMBL3854844,CHEMBL3903492,CL,mL.min-1.kg-1,=,22.5,CHEMBL612558,,"Plasma clearance in Beagle dog at 0.2 mg/kg, iv as bolus dose or 0.5 mg/kg, po via gavage measured over 48 hrs",A,Cc1n[nH]c2ncc(C(=O)N3CCC[C@H]3c3ccc(Cl)cc3)cc12,22.5,mL.min-1.kg-1,species_only_dog
16668645,CHEMBL3854902,CHEMBL2110732,CL,mL.min-1.kg-1,=,24.4,CHEMBL612558,,"Clearance in Beagle dog at 5 mg/kg/day, iv measured up to 144 hrs by LC/MS analysis",A,COc1cc2ncnc(Nc3ccc(F)c(Cl)c3)c2cc1NC(=O)/C=C/CN1CCCCC1,24.4,mL.min-1.kg-1,species_only_dog
16668646,CHEMBL3854902,CHEMBL3930506,CL,mL.min-1.kg-1,=,9.0,CHEMBL612558,,"Clearance in Beagle dog at 5 mg/kg/day, iv measured up to 144 hrs by LC/MS analysis",A,O=C(/C=C/CN1CCCCC1)Nc1cc2c(Nc3ccc(F)c(Cl)c3)ncnc2cn1,9.0,mL.min-1.kg-1,species_only_dog
16668782,CHEMBL3854947,CHEMBL3939592,CL,mL.min-1.kg-1,=,25.0,CHEMBL612558,,"Clearance in beagle dog at 0.1 mg/kg, iv or 0.3 mg/kg, po fasted 12 hrs prior to compound administration via cassette dosing and fed 2 hrs post dose",A,CC(CN1CCOCC1)Nc1ccc2cc(-n3cnc4cnc5cnc(-c6ccncc6)cc5c43)ccc2n1,25.0,mL.min-1.kg-1,species_only_dog
16671471,CHEMBL3855493,CHEMBL3891120,CL,mL.min-1.kg-1,=,29.0,CHEMBL612558,,Clearance in po or iv dosed Beagle dog by LC-MS/MS analysis,A,Cc1cc2ccc1[C@@H](C)COC(=O)Nc1ccc(S(=O)(=O)C3CC3)c(c1)CN(C)C(=O)[C@@H]2Nc1ccc2c(N)nccc2c1,29.0,mL.min-1.kg-1,species_only_dog
16671478,CHEMBL3855493,CHEMBL3976650,CL,mL.min-1.kg-1,=,2.2,CHEMBL612558,,Clearance in po or iv dosed Beagle dog by LC-MS/MS analysis,A,Cc1cc2ccc1[C@@H](C)COC(=O)Nc1ccc(C3CC3)c(c1)CN(C)C(=O)[C@@H]2Nc1ccc2c(N)nccc2c1,2.2,mL.min-1.kg-1,species_only_dog
16671512,CHEMBL3855506,CHEMBL3900166,CL,mL.min-1.kg-1,=,56.0,CHEMBL612558,,Clearance in iv dosed dog,A,Cc1cc2ccc1[C@@H](C)COC(=O)Nc1ccc(C3(C(=O)O)CCC3)c(c1)CN(C)C(=O)[C@@H]2Nc1ccc2c(N)ncc(F)c2c1,56.0,mL.min-1.kg-1,species_only_dog
16671523,CHEMBL3855506,CHEMBL3984725,CL,mL.min-1.kg-1,=,54.0,CHEMBL612558,,Clearance in iv dosed dog,A,Cc1cc2ccc1[C@@H](C)COC(=O)Nc1ccc(C3(C(=O)O)CCCC3)c(c1)CN(C)C(=O)[C@@H]2Nc1ccc2c(N)ncc(F)c2c1,54.0,mL.min-1.kg-1,species_only_dog
16671557,CHEMBL3855506,CHEMBL3967204,CL,mL.min-1.kg-1,=,7.0,CHEMBL612558,,Clearance in iv dosed dog,A,Cc1cc2ccc1[C@@H](C)COC(=O)Nc1ccc(C3(c4nnn[nH]4)CC3)c(c1)CN(C)C(=O)[C@@H]2Nc1ccc2c(N)ncc(F)c2c1,7.0,mL.min-1.kg-1,species_only_dog
16672458,CHEMBL3855778,CHEMBL3984425,CL,mL.min-1.kg-1,=,2.8,CHEMBL612558,,"Clearance in Beagle dog plasma at 0.5 mg/kg, iv measured 24 hrs post dose by LC/MS/MS analysis",A,C[C@H](NC(=O)c1c(N)nn2cccnc12)c1cc2cccc(C#Cc3cnn(C)c3)c2c(=O)n1-c1ccccc1,2.8,mL.min-1.kg-1,species_only_dog
16744526,CHEMBL3858397,CHEMBL3895947,CL,mL.min-1.kg-1,=,5.5,CHEMBL612558,,"Clearance in Beagle dog at 1 mg/kg, iv after 0.033 to 24 hrs by LC/MS/MS analysis",A,C[C@@H]1c2ncn(-c3ccc(F)cn3)c2CCN1C(=O)c1cccc(C(F)(F)F)c1Cl,5.5,mL.min-1.kg-1,species_only_dog
16744933,CHEMBL3858517,CHEMBL3928608,CL,mL.min-1.kg-1,=,3.62,CHEMBL612558,,"Clearance in Beagle dog at 1 mg/kg, iv",A,Cc1cccc2ccc(N3CC[C@H](C(=O)N[C@H]4CCO[C@H](CO)C4)C(C)(C)C3)nc12,3.62,mL.min-1.kg-1,species_only_dog
16746105,CHEMBL3858872,CHEMBL3337527,CL,mL.min-1.kg-1,=,23.0,CHEMBL612558,,"Clearance in Beagle dog at 1 mg/kg, iv or 5 mg/kg, po",A,CCCCn1ccc(N2CCC(c3ccccc3)CC2)c(Cl)c1=O,23.0,mL.min-1.kg-1,species_only_dog
16746106,CHEMBL3858872,CHEMBL2179319,CL,mL.min-1.kg-1,=,29.0,CHEMBL612558,,"Clearance in Beagle dog at 1 mg/kg, iv or 5 mg/kg, po",A,FC(F)(F)c1c(N2CCC(c3ccccc3)CC2)ccn2c(CC3CC3)nnc12,29.0,mL.min-1.kg-1,species_only_dog
16746107,CHEMBL3858872,CHEMBL3926416,CL,mL.min-1.kg-1,=,4.0,CHEMBL612558,,"Clearance in Beagle dog at 1 mg/kg, iv or 5 mg/kg, po",A,Fc1ccc(N2CCN(Cc3ccn4c(CC5CC5)nnc4c3C(F)(F)F)CC2)c(F)c1,4.0,mL.min-1.kg-1,species_only_dog
16746334,CHEMBL3859001,CHEMBL3900554,CL,mL.min-1.kg-1,=,3.2,CHEMBL612558,,"Clearance in dog at 1 mg/kg, iv",A,Cc1c(-c2c(F)cc(C(N)=O)c3[nH]c4c(c23)CC[C@H](C(C)(C)O)C4)cccc1-n1c(=O)c2cccc(F)c2n(C)c1=O,3.2,mL.min-1.kg-1,species_only_dog
16748612,CHEMBL3859643,CHEMBL3927609,CL,mL.min-1.kg-1,=,4.1,CHEMBL612558,,"Clearance in Beagle dog at 1 mg/kg, iv and 2 mg/kg, po",A,N#Cc1ccc(-c2ccc(C[C@@H](C#N)NC(=O)[C@@H]3CNCCCO3)cc2)cc1,4.1,mL.min-1.kg-1,species_only_dog
16748614,CHEMBL3859643,CHEMBL3900409,CL,mL.min-1.kg-1,=,8.0,CHEMBL612558,,"Clearance in Beagle dog at 1 mg/kg, iv and 2 mg/kg, po",A,Cn1c(=O)oc2ccc(-c3ccc(C[C@@H](C#N)NC(=O)[C@@H]4CNCCCO4)cc3)cc21,8.0,mL.min-1.kg-1,species_only_dog
16748615,CHEMBL3859643,CHEMBL3980602,CL,mL.min-1.kg-1,=,6.0,CHEMBL612558,,"Clearance in Beagle dog at 1 mg/kg, iv and 2 mg/kg, po",A,CCn1c(=O)oc2ccc(-c3ccc(C[C@@H](C#N)NC(=O)[C@@H]4CNCCCO4)cc3)cc21,6.0,mL.min-1.kg-1,species_only_dog
16752396,CHEMBL3860417,CHEMBL3984979,CL,mL.min-1.kg-1,=,43.7,CHEMBL612558,,"Clearance in dog at 1 mg/kg, iv by liquid chromatography-tandem mass spectrometry",A,Cc1cc(C(=O)Nc2nc3cccc(Cl)c3n2[C@@H]2CCCCN(C(=O)/C=C/CN(C)C)C2)ccn1.Cl,43.7,mL.min-1.kg-1,species_only_dog
16754315,CHEMBL3860797,CHEMBL3891924,CL,mL.min-1.kg-1,=,2.4,CHEMBL612558,,"Clearance in Beagle dog Plasma at 1.56 mg/kg, iv or 4.71 mg/kg, po administered as 15 mins infusion by LC-MS/MS analysis",A,C[C@H]1Cn2c(nnc2C(F)(F)F)CN1C(=O)c1cccc(C(F)(F)c2n[nH]c(=O)c3c2CCCC3)c1,2.4,mL.min-1.kg-1,species_only_dog
16754317,CHEMBL3860799,CHEMBL3740897,CL,mL.min-1.kg-1,=,0.9,CHEMBL612558,,"Clearance in Beagle dog Plasma at 0.5 mg/kg, iv or 2 mg/kg, po administered as 15 mins infusion by LC-MS/MS analysis",A,C[C@H]1Cn2c(nnc2C(C)(F)F)CN1C(=O)c1cccc(C(F)(F)c2n[nH]c(=O)c3ccccc23)c1,0.9,mL.min-1.kg-1,species_only_dog
16759788,CHEMBL3861811,CHEMBL3922315,CL,mL.min-1.kg-1,=,11.0,CHEMBL612558,,"Clearance in Beagle dog at 0.5/1 mg/kg, iv or 0.5 mg/kg, po by LC/MS-MS method",A,CC1([C@@H]2CC(=O)N(CCOc3ccc(F)c(C#N)c3)C2)CCS(=O)(=O)CC1,11.0,mL.min-1.kg-1,species_only_dog
16759789,CHEMBL3861811,CHEMBL3896546,CL,mL.min-1.kg-1,=,8.6,CHEMBL612558,,"Clearance in Beagle dog at 0.5/1 mg/kg, iv or 0.5 mg/kg, po by LC/MS-MS method",A,CN1CCC(C)(C2CC(=O)N(CCOc3ccc(F)c(C#N)c3)C2)CC1.Cl,8.6,mL.min-1.kg-1,species_only_dog
16763680,CHEMBL3862816,CHEMBL2105735,CL,mL.min-1.kg-1,=,18.7,CHEMBL612558,,"Clearance in Beagle dog plasma at 1 mg/kg, iv administered as 5 mins infusion measured up to 24 hrs post dose by LC/MS/MS analysis",A,C=C[C@@H]1C[C@]1(NC(=O)[C@@H]1C[C@@H](Oc2ncc(OC)c3ccc(Cl)cc23)CN1C(=O)[C@@H](NC(=O)OC(C)(C)C)C(C)(C)C)C(=O)NS(=O)(=O)C1CC1,18.7,mL.min-1.kg-1,species_only_dog
16763681,CHEMBL3862816,CHEMBL3906900,CL,mL.min-1.kg-1,=,8.5,CHEMBL612558,,"Clearance in Beagle dog plasma at 1 mg/kg, iv administered as 5 mins infusion measured up to 24 hrs post dose by LC/MS/MS analysis",A,COc1cnc(O[C@@H]2C[C@@H](C(=O)N[C@]3(C(=O)NS(=O)(=O)C4CC4)C[C@H]3C3CC3)N(C(=O)[C@@H](NC(=O)O[C@H](C)C(F)(F)F)C(C)(C)C)C2)c2cc(Cl)ccc12,8.5,mL.min-1.kg-1,species_only_dog
16763682,CHEMBL3862816,CHEMBL3905199,CL,mL.min-1.kg-1,=,6.2,CHEMBL612558,,"Clearance in Beagle dog plasma at 1 mg/kg, iv administered as 5 mins infusion measured up to 24 hrs post dose by LC/MS/MS analysis",A,COc1cnc(O[C@@H]2C[C@@H](C(=O)N[C@]3(C(=O)NS(=O)(=O)C4CC4)C[C@H]3C3CC3)N(C(=O)[C@@H](NC(=O)O[C@H](C)C(F)(F)F)C3CCCC3)C2)c2cc(Cl)ccc12,6.2,mL.min-1.kg-1,species_only_dog
16763683,CHEMBL3862816,CHEMBL3933212,CL,mL.min-1.kg-1,=,4.3,CHEMBL612558,,"Clearance in Beagle dog plasma at 1 mg/kg, iv administered as 5 mins infusion measured up to 24 hrs post dose by LC/MS/MS analysis",A,COc1cnc(O[C@@H]2C[C@@H](C(=O)N[C@]3(C(=O)NS(=O)(=O)C4CC4)C[C@H]3C3CC3)N(C(=O)[C@@H](NC(=O)O[C@H](C)C(F)(F)F)C3CCCCC3)C2)c2cc(Cl)ccc12,4.3,mL.min-1.kg-1,species_only_dog
16780559,CHEMBL3865364,CHEMBL3687538,CL,mL.min-1.kg-1,=,0.2167,CHEMBL612558,,"Clearance in dog at 0.5 mg/kg, iv by LC-MS/MS analysis",A,COc1cc(C(F)(F)F)ccc1-c1ncnc2cc(S(=O)(=O)Nc3nccs3)ccc12,0.2167,mL.min-1.kg-1,species_only_dog
16780560,CHEMBL3865365,CHEMBL3687538,CL,mL.min-1.kg-1,=,16.67,CHEMBL612558,,"Unbound clearance in dog at 0.5 mg/kg, iv by LC-MS/MS analysis",A,COc1cc(C(F)(F)F)ccc1-c1ncnc2cc(S(=O)(=O)Nc3nccs3)ccc12,16.67,mL.min-1.kg-1,species_only_dog
16792300,CHEMBL3867220,CHEMBL3916438,CL,mL.min-1.kg-1,=,10.8,CHEMBL612558,,"Clearance in Beagle dog at 0.5 mg/kg, iv",A,CC1(OC(=O)N2CCC3(CC2)C[C@@H]3CNC(=O)N2Cc3ccncc3C2)COC1,10.8,mL.min-1.kg-1,species_only_dog
16799038,CHEMBL3868350,CHEMBL3973097,CL,mL.min-1.kg-1,=,12.0,CHEMBL612558,,"Clearance in dog at 0.5 mg/kg, iv or 10 mg/kg, po",A,O=C(c1nccc2[nH]cnc12)N1CCC(F)(F)[C@@H](Oc2ccc3ccccc3n2)C1,12.0,mL.min-1.kg-1,species_only_dog
16799039,CHEMBL3868350,CHEMBL3955752,CL,mL.min-1.kg-1,=,38.0,CHEMBL612558,,"Clearance in dog at 0.5 mg/kg, iv or 10 mg/kg, po",A,O=C(c1cccn2cncc12)N1CCC(F)(F)[C@@H](Oc2ccc3ccccc3n2)C1,38.0,mL.min-1.kg-1,species_only_dog
16799805,CHEMBL3868436,CHEMBL1829173,CL,mL.min-1.kg-1,=,1.0,CHEMBL612558,,Clearance in iv or po dosed dog,A,CC#C[C@@H](CC(=O)O)c1ccc(OCc2cccc(-c3ccc(C(F)(F)F)cc3)c2)cc1,1.0,mL.min-1.kg-1,species_only_dog
16825480,CHEMBL3873888,CHEMBL3899832,CL,mL.min-1.kg-1,=,12.0,CHEMBL612558,,"Clearance in dog at 0.5 mg/kg, iv",A,CC(=O)c1ccc(OCc2ccc(Oc3cc(-c4nn[nH]n4)ccn3)cc2)c(C)c1O,12.0,mL.min-1.kg-1,species_only_dog
16830258,CHEMBL3875012,CHEMBL3919973,CL,mL.min-1.kg-1,=,9.8,CHEMBL612558,,"Plasma clearance in dog at 1 mg/kg, iv or 2 mg/kg, po by LC/MS/MS analysis",A,O=C(O)CC1CCC2(CC1)CCN(c1cc(OC(F)(F)F)ccc1Cl)CC2,9.8,mL.min-1.kg-1,species_only_dog
16830473,CHEMBL3875091,CHEMBL3910904,CL,mL.min-1.kg-1,=,1.4,CHEMBL612558,,"Clearance in Beagle dog at 1 mg/kg, iv through bolus administration",A,C[C@H](Nc1ncnc(N)c1C#N)c1nn2ccc(C#N)c2c(=O)n1-c1ccccc1,1.4,mL.min-1.kg-1,species_only_dog
16830474,CHEMBL3875091,CHEMBL3980944,CL,mL.min-1.kg-1,=,4.2,CHEMBL612558,,"Clearance in Beagle dog at 1 mg/kg, iv through bolus administration",A,C[C@H](Nc1ncnc(N)c1C#N)c1nn2ccc(C(F)(F)F)c2c(=O)n1-c1ccccc1,4.2,mL.min-1.kg-1,species_only_dog
16830475,CHEMBL3875091,CHEMBL2216870,CL,mL.min-1.kg-1,=,21.5,CHEMBL612558,,"Clearance in Beagle dog at 1 mg/kg, iv through bolus administration",A,CC[C@H](Nc1ncnc2[nH]cnc12)c1nc2cccc(F)c2c(=O)n1-c1ccccc1,21.5,mL.min-1.kg-1,species_only_dog
16837376,CHEMBL3876034,CHEMBL3884319,CL,mL.min-1.kg-1,=,68.0,CHEMBL612558,,Clearance in dog plasma,A,CC1(C)C(=O)N([C@H]2CCc3c(O)cccc32)c2nc(Nc3ccccc3)ncc21,68.0,mL.min-1.kg-1,species_only_dog
16838948,CHEMBL3876482,CHEMBL3885363,CL,mL.min-1.kg-1,=,3.0,CHEMBL612558,,Total plasma clearance in dog,A,CC[C@H](C)N1C(=O)C(C)(C)c2cnc(Nc3ccc(S(C)(=O)=O)cc3)nc21,3.0,mL.min-1.kg-1,species_only_dog
16838949,CHEMBL3876482,CHEMBL3884116,CL,mL.min-1.kg-1,=,10.0,CHEMBL612558,,Total plasma clearance in dog,A,CC[C@H](C)N1C(=O)C(C)(C)c2cnc(Nc3ccc(-c4nnc(C)[nH]4)cc3)nc21,10.0,mL.min-1.kg-1,species_only_dog
16852565,CHEMBL3878704,CHEMBL3909620,CL,mL.min-1.kg-1,=,1.7,CHEMBL612558,,"Plasma clearance in dog at 1 mg/kg, iv measured after 24 hrs by LC/MS method",A,CCc1ccc([C@@H]2Oc3cc(-c4cnc([C@@H]5CCCN5C(=O)[C@@H](NC(=O)OC)C(C)C)[nH]4)cc(F)c3-c3cc4cc(-c5cnc([C@@H]6CCCN6C(=O)[C@@H](NC(=O)OC)C(C)C)[nH]5)ccc4n32)s1,1.7,mL.min-1.kg-1,species_only_dog
16852566,CHEMBL3878704,CHEMBL3918543,CL,mL.min-1.kg-1,=,1.5,CHEMBL612558,,"Plasma clearance in dog at 1 mg/kg, iv measured after 24 hrs by LC/MS method",A,COC(=O)N[C@H](C(=O)N1CCC[C@H]1c1ncc(-c2cc(F)c3c(c2)OC(c2ccc(C4CC4)s2)n2c-3cc3cc(-c4cnc([C@@H]5CCCN5C(=O)[C@@H](NC(=O)OC)C(C)C)[nH]4)ccc32)[nH]1)C(C)C,1.5,mL.min-1.kg-1,species_only_dog
16852567,CHEMBL3878704,CHEMBL3971095,CL,mL.min-1.kg-1,=,1.6,CHEMBL612558,,"Plasma clearance in dog at 1 mg/kg, iv measured after 24 hrs by LC/MS method",A,COC(=O)N[C@H](C(=O)N1CCC[C@H]1c1ncc(-c2cc(F)c3c(c2)O[C@@H](c2cnc(C4CC4)s2)n2c-3cc3cc(-c4cnc([C@@H]5CCCN5C(=O)[C@@H](NC(=O)OC)C(C)C)[nH]4)ccc32)[nH]1)C(C)C,1.6,mL.min-1.kg-1,species_only_dog
16852568,CHEMBL3878704,CHEMBL3925839,CL,mL.min-1.kg-1,=,1.8,CHEMBL612558,,"Plasma clearance in dog at 1 mg/kg, iv measured after 24 hrs by LC/MS method",A,CCCc1ncc(C2Oc3cc(-c4cnc([C@@H]5CCCN5C(=O)[C@@H](NC(=O)OC)C(C)C)[nH]4)cc(F)c3-c3cc4cc(-c5cnc([C@@H]6CCCN6C(=O)[C@@H](NC(=O)OC)C(C)C)[nH]5)ccc4n32)s1,1.8,mL.min-1.kg-1,species_only_dog
16894313,CHEMBL3881787,CHEMBL125236,CL,mL.min-1.kg-1,=,4.4,CHEMBL3879801,,"Plasma clearance in beagle dog at 3 mg/kg, iv after 72 hrs by HPLC analysis",A,CC(=O)Nc1ccc(OC[C@](C)(O)C(=O)Nc2ccc([N+](=O)[O-])c(C(F)(F)F)c2)cc1,4.4,mL.min-1.kg-1,species_only_dog
17956489,CHEMBL3993712,CHEMBL3699161,CL,mL.min-1.kg-1,=,0.04333,CHEMBL373,Canis lupus familiaris,"Clearance in Beagle dog at 0.21 mg/kg, iv administered as 10 mins infusion or 0.42 mg/kg, po via gavage administered as cassette dose by LC-MS/MS method",A,COC(=O)Nc1ccc2c(c1)CCCCCC[C@H](NC(=O)/C=C/c1cc(Cl)ccc1-n1cnnn1)c1nc-2c[nH]1,0.04333,mL.min-1.kg-1,species_only_dog
17956494,CHEMBL3993717,CHEMBL3676167,CL,mL.min-1.kg-1,=,0.25,CHEMBL373,Canis lupus familiaris,"Clearance in Beagle dog at 0.2 mg/kg, iv administered as 10 mins infusion or 0.23 mg/kg, po via gavage administered as cassette dose by LC-MS/MS method",A,COC(=O)Nc1ccc2c(c1)NC(=O)CCCC[C@H](NC(=O)/C=C/c1cc(Cl)ccc1-n1cnnn1)c1nc-2c[nH]1,0.25,mL.min-1.kg-1,species_only_dog
17956499,CHEMBL3993722,CHEMBL4083064,CL,mL.min-1.kg-1,=,0.2167,CHEMBL373,Canis lupus familiaris,"Clearance in Beagle dog at 0.2 mg/kg, iv administered as 10 mins infusion or 0.4 mg/kg, po via gavage administered as cassette dose by LC-MS/MS method",A,COC(=O)Nc1ccc2c(c1)OCCCCCC[C@H](NC(=O)/C=C/c1cc(Cl)ccc1-n1cnnn1)c1nc-2c[nH]1,0.2167,mL.min-1.kg-1,species_only_dog
17956504,CHEMBL3993727,CHEMBL4090854,CL,mL.min-1.kg-1,=,1.133,CHEMBL373,Canis lupus familiaris,"Clearance in Beagle dog at 0.2 mg/kg, iv administered as 10 mins infusion or 0.35 mg/kg, po via gavage administered as cassette dose by LC-MS/MS method",A,COC(=O)Nc1ccc2c(c1)NC(=O)CCCCC[C@H](NC(=O)/C=C/c1cc(Cl)ccc1-n1cnnn1)c1nc-2c[nH]1,1.133,mL.min-1.kg-1,species_only_dog
17956509,CHEMBL3993732,CHEMBL4071545,CL,mL.min-1.kg-1,=,0.3833,CHEMBL373,Canis lupus familiaris,"Clearance in Beagle dog at 0.19 mg/kg, iv administered as 10 mins infusion or 0.32 mg/kg, po via gavage administered as cassette dose by LC-MS/MS method",A,COC(=O)Nc1ccc2c(c1)NC(=O)CC/C=C/C[C@H](NC(=O)/C=C/c1cc(Cl)ccc1-n1cnnn1)c1nc-2c[nH]1,0.3833,mL.min-1.kg-1,species_only_dog
17976230,CHEMBL3997141,CHEMBL4099851,CL,mL.min-1.kg-1,=,2.3,CHEMBL373,Canis lupus familiaris,"Total clearance in Beagle dog at 1 mg/kg, iv",A,C[C@H](NC(=O)c1cc(Cl)cnc1Oc1cccc(F)c1)c1ccc(C(=O)O)cc1,2.3,mL.min-1.kg-1,species_only_dog
17977150,CHEMBL3997348,CHEMBL4093284,CL,mL.min-1.kg-1,=,2.0,CHEMBL373,Canis lupus familiaris,"Plasma clearance in Beagle dog at 0.5 mg/kg, iv by LC-MS/MS analysis",A,COCc1cnc(N2CCC([C@H]3C[C@H]3CCOc3cc(F)c(CC(=O)N4CCC4)c(F)c3)CC2)nc1,2.0,mL.min-1.kg-1,species_only_dog
17978835,CHEMBL3997746,CHEMBL4073922,CL,mL.min-1.kg-1,=,6.9,CHEMBL373,Canis lupus familiaris,Clearance in iv dosed dog,A,O=C(NC1(c2ccccc2)CC1)c1c(CN2CCC(N3CCCCC3)CC2)c(-c2cccc(C(F)(F)F)c2)nc2cc(Br)ccc12,6.9,mL.min-1.kg-1,species_only_dog
17987241,CHEMBL3999552,CHEMBL4101413,CL,mL.min-1.kg-1,=,6.5,CHEMBL373,Canis lupus familiaris,"Clearance in dog at 1 mg/kg, iv",A,Cc1cccc2ccc(N3CCC(C(=O)N[C@H]4CCC[C@H]4CCc4ccccc4C(=O)O)CC3)nc12,6.5,mL.min-1.kg-1,species_only_dog
17989884,CHEMBL3999914,CHEMBL4079697,CL,mL.min-1.kg-1,=,13.0,CHEMBL373,Canis lupus familiaris,Clearance in iv dosed dog,A,C[C@]1(C(=O)O)CC[C@@](C)(c2nc(-c3ccc(C(=O)Nc4cc(C(F)(F)F)ccn4)cc3)c3c(N)nccn32)CC1,13.0,mL.min-1.kg-1,species_only_dog
17990725,CHEMBL4000003,CHEMBL3545369,CL,mL.min-1.kg-1,=,8.333,CHEMBL373,Canis lupus familiaris,"Clearance in beagle dog at 5 mg/kg, iv or 10 mg/kg, po by LC/MS/MS analysis",A,NS(=O)(=O)NCCNc1nonc1/C(=N/O)Nc1ccc(F)c(Br)c1,8.333,mL.min-1.kg-1,species_only_dog
17998776,CHEMBL4001819,CHEMBL4069704,CL,mL.min-1.kg-1,=,0.83,CHEMBL373,Canis lupus familiaris,"Clearance in beagle dog at 1 mg/kg, iv",A,CCOC(=O)[C@@H]1CC2(CCN(c3cc(O[C@H](c4ccc(Cl)cc4-c4ccccc4)C(F)(F)F)nc(N)n3)CC2)CN1,0.83,mL.min-1.kg-1,species_only_dog
17998777,CHEMBL4001819,CHEMBL4104957,CL,mL.min-1.kg-1,=,1.2,CHEMBL373,Canis lupus familiaris,"Clearance in beagle dog at 1 mg/kg, iv",A,Nc1nc(O[C@H](c2ccc(Cl)cc2-c2ccccc2)C(F)(F)F)cc(N2CCC3(CC2)CN[C@H](C(=O)O)C3)n1,1.2,mL.min-1.kg-1,species_only_dog
18007395,CHEMBL4003474,CHEMBL3644620,CL,mL.min-1.kg-1,=,18.0,CHEMBL373,Canis lupus familiaris,"Intrinsic clearance in dog at 0.1 mg/kg, iv administered as 30 mins infusion",A,CCc1cc(O)c(F)cc1-c1ccc2c(-c3nc4c([nH]3)CCN(C(=O)c3cnc(N5CCCCC5)cn3)C4)n[nH]c2c1,18.0,mL.min-1.kg-1,species_only_dog
18010688,CHEMBL4004044,CHEMBL4073137,CL,mL.min-1.kg-1,=,17.0,CHEMBL373,Canis lupus familiaris,"Unbound clearance in dog at 0.5 mg/kg, iv or 2 mg/kg, po",A,O=C(c1ccc(C[C@@H]2CC[C@H]([C@H](O)c3ccccc3)N2)cc1)N1CCN(Cc2ccccn2)CC1,17.0,mL.min-1.kg-1,species_only_dog
18010707,CHEMBL4004042,CHEMBL4073137,CL,mL.min-1.kg-1,=,7.9,CHEMBL373,Canis lupus familiaris,"Plasma clearance in dog at 0.5 mg/kg, iv or 2 mg/kg, po",A,O=C(c1ccc(C[C@@H]2CC[C@H]([C@H](O)c3ccccc3)N2)cc1)N1CCN(Cc2ccccn2)CC1,7.9,mL.min-1.kg-1,species_only_dog
18010734,CHEMBL4004042,CHEMBL3747455,CL,mL.min-1.kg-1,=,36.0,CHEMBL373,Canis lupus familiaris,"Plasma clearance in dog at 0.5 mg/kg, iv or 2 mg/kg, po",A,CCc1nnc([C@H]2[C@@H]3CN(C(=O)c4ccc(C[C@@H]5CC[C@H]([C@H](O)c6ccccc6)N5)cc4)C[C@@H]32)o1,36.0,mL.min-1.kg-1,species_only_dog
18010815,CHEMBL4004042,CHEMBL4103112,CL,mL.min-1.kg-1,=,22.0,CHEMBL373,Canis lupus familiaris,"Plasma clearance in dog at 0.5 mg/kg, iv or 2 mg/kg, po",A,O=C(c1ccc(C[C@@H]2CC[C@H]([C@H](O)c3ccccc3)N2)cc1)N1CCN(Cc2nnn(CC(F)F)n2)CC1,22.0,mL.min-1.kg-1,species_only_dog
18010816,CHEMBL4004044,CHEMBL4103112,CL,mL.min-1.kg-1,=,34.0,CHEMBL373,Canis lupus familiaris,"Unbound clearance in dog at 0.5 mg/kg, iv or 2 mg/kg, po",A,O=C(c1ccc(C[C@@H]2CC[C@H]([C@H](O)c3ccccc3)N2)cc1)N1CCN(Cc2nnn(CC(F)F)n2)CC1,34.0,mL.min-1.kg-1,species_only_dog
18010840,CHEMBL4004042,CHEMBL4085173,CL,mL.min-1.kg-1,=,22.0,CHEMBL373,Canis lupus familiaris,"Plasma clearance in dog at 0.5 mg/kg, iv or 2 mg/kg, po",A,O=C(c1ccc(C[C@@H]2CC[C@H]([C@H](O)c3ccccc3)N2)cc1)N1CCN(Cc2nnn(CC(F)(F)F)n2)CC1,22.0,mL.min-1.kg-1,species_only_dog
18010842,CHEMBL4004044,CHEMBL4085173,CL,mL.min-1.kg-1,=,35.0,CHEMBL373,Canis lupus familiaris,"Unbound clearance in dog at 0.5 mg/kg, iv or 2 mg/kg, po",A,O=C(c1ccc(C[C@@H]2CC[C@H]([C@H](O)c3ccccc3)N2)cc1)N1CCN(Cc2nnn(CC(F)(F)F)n2)CC1,35.0,mL.min-1.kg-1,species_only_dog
18013265,CHEMBL4004331,CHEMBL4064760,CL,mL.min-1.kg-1,=,42.0,CHEMBL373,Canis lupus familiaris,"Clearance in dog at 1 mg/kg, po or 0.5 mg/kg, iv",A,Cc1c([C@@H](O)CN2CCC3(CC2)CCN(c2cnc(S(C)(=O)=O)cn2)C3)ccc2c1COC2=O,42.0,mL.min-1.kg-1,species_only_dog
18013274,CHEMBL4004340,CHEMBL4098260,CL,mL.min-1.kg-1,=,55.0,CHEMBL373,Canis lupus familiaris,"Clearance in dog at 0.5 mg/kg, iv",A,Cc1c([C@@H](O)CN2CCC3(CC2)CCN(c2ccc(S(C)(=O)=O)cn2)C3)ccc2c1COC2=O,55.0,mL.min-1.kg-1,species_only_dog
18014574,CHEMBL4004523,CHEMBL4104525,CL,mL.min-1.kg-1,=,3.7,CHEMBL373,Canis lupus familiaris,Clearance in dog,A,O[C@@H](c1cccnc1-c1cc(Cl)cc(Cl)c1)C(c1cccnc1)c1cccnc1,3.7,mL.min-1.kg-1,species_only_dog
18015340,CHEMBL4004752,CHEMBL4084621,CL,mL.min-1.kg-1,=,15.0,CHEMBL373,Canis lupus familiaris,"Total plasma clearance in dog at 1 mg/kg, iv administered as 5 mins infusion",A,c1cn(-c2cc(NC3=NC[C@@]4(CN5CCC4CC5)O3)ncn2)cn1,15.0,mL.min-1.kg-1,species_only_dog
18017763,CHEMBL4005304,CHEMBL3301604,CL,mL.min-1.kg-1,=,3.367,CHEMBL373,Canis lupus familiaris,"Total clearance in Beagle dog at 0.2 mg/kg, iv",A,O=C(O)COC[C@H]1CC[C@H](COC(=O)N(c2ccccc2)c2ccc(Cl)cc2)CC1,3.367,mL.min-1.kg-1,species_only_dog
18018637,CHEMBL4005499,CHEMBL4082978,CL,mL.min-1.kg-1,=,4.167,CHEMBL373,Canis lupus familiaris,"Clearance in Beagle dog plasma at 1 mg/kg, iv administered via infusion over 30 mins measured over 24 hrs by LC/MS/MS analysis",A,C[C@H](Nc1nc(N)nc(N)c1Cl)c1nc2c(Cl)cc(F)cc2c(=O)n1-c1cc[nH]n1,4.167,mL.min-1.kg-1,species_only_dog
18020369,CHEMBL4005747,CHEMBL4085457,CL,mL.min-1.kg-1,=,8.6,CHEMBL373,Canis lupus familiaris,Blood clearance in dog,A,C=CC(=O)N1C[C@H](Nc2ncnc3[nH]ccc23)CC[C@@H]1C,8.6,mL.min-1.kg-1,species_only_dog
18031565,CHEMBL4007658,CHEMBL4081974,CL,mL.min-1.kg-1,=,2.833,CHEMBL373,Canis lupus familiaris,"Clearance in dog at 1 mg/kg, iv",A,COC(=O)N[C@@H]1CC(C)(C)c2ccc(Nc3nc(NCC(F)F)c4occc4n3)cc2NC1=O,2.833,mL.min-1.kg-1,species_only_dog
18034262,CHEMBL4008199,CHEMBL4065484,CL,mL.min-1.kg-1,=,16.0,CHEMBL373,Canis lupus familiaris,"Total clearance in Beagle dog at 1 mg/kg, iv or 2 mg/kg, po by LC-MS/MS analysis",A,CS(=O)(=O)c1ccc(-c2cnc(NCc3ccco3)n3cnnc23)cc1,16.0,mL.min-1.kg-1,species_only_dog
18037650,CHEMBL4008983,CHEMBL3765114,CL,mL.min-1.kg-1,=,6.433,CHEMBL373,Canis lupus familiaris,"Clearance in male beagle dog at 0.5 mg/kg, iv administered as infusion",A,N#Cc1cccc(S(=O)(=O)c2cnc3cc(F)ccc3c2-c2ccc(Cl)cc2)c1,6.433,mL.min-1.kg-1,species_only_dog
18037651,CHEMBL4008984,CHEMBL3765114,CL,mL.min-1.kg-1,=,9.217,CHEMBL373,Canis lupus familiaris,"Clearance in female beagle dog at 0.5 mg/kg, iv administered as infusion",A,N#Cc1cccc(S(=O)(=O)c2cnc3cc(F)ccc3c2-c2ccc(Cl)cc2)c1,9.217,mL.min-1.kg-1,species_only_dog
18037922,CHEMBL4009073,CHEMBL4082473,CL,mL.min-1.kg-1,=,46.4,CHEMBL373,Canis lupus familiaris,"Clearance in Beagle dog at 3 mg/kg, iv",A,COc1ccc2c(c1)c(CN1CCN(C)CC1)cn2S(=O)(=O)c1ccccc1Br.CS(=O)(=O)O.O,46.4,mL.min-1.kg-1,species_only_dog
18049288,CHEMBL4011204,CHEMBL4101697,CL,mL.min-1.kg-1,=,2.3,CHEMBL373,Canis lupus familiaris,"Clearance in Beagle dog at 10 mg/kg, po administered as solution measured up to 7 hrs by LC/MS/MS analysis",A,CC(C)c1ccc(N2CCc3cc(O)ccc3C2(C)c2ccc(/C=C/C(=O)O)cc2)cc1,2.3,mL.min-1.kg-1,species_only_dog
18054956,CHEMBL4012160,CHEMBL4078272,CL,mL.min-1.kg-1,=,1.4,CHEMBL373,Canis lupus familiaris,"Clearance in Beagle dog at 0.5 mg/kg, iv or 1 mg/kg, po",A,O=C1c2c(c3n(c(=O)c2O)[C@@H](C2CC2)N(C2CC2)C3=O)CCN1Cc1ccc(F)c(Cl)c1,1.4,mL.min-1.kg-1,species_only_dog
18054957,CHEMBL4012160,CHEMBL3623813,CL,mL.min-1.kg-1,=,0.12,CHEMBL373,Canis lupus familiaris,"Clearance in Beagle dog at 0.5 mg/kg, iv or 1 mg/kg, po",A,O=C1N[C@]2(CC[C@H]3C[C@H]32)n2c1c1c(c(O)c2=O)C(=O)N(Cc2ccc(F)c(Cl)c2)CC1,0.12,mL.min-1.kg-1,species_only_dog
18054958,CHEMBL4012160,CHEMBL4067020,CL,mL.min-1.kg-1,=,7.3,CHEMBL373,Canis lupus familiaris,"Clearance in Beagle dog at 0.5 mg/kg, iv or 1 mg/kg, po",A,O=C1c2c(c3n(c(=O)c2O)C2(CCC4CC42)N(CCN2C(=O)CCC2=O)C3=O)CCN1Cc1ccc(F)c(Cl)c1,7.3,mL.min-1.kg-1,species_only_dog
18054959,CHEMBL4012160,CHEMBL4087770,CL,mL.min-1.kg-1,=,2.4,CHEMBL373,Canis lupus familiaris,"Clearance in Beagle dog at 0.5 mg/kg, iv or 1 mg/kg, po",A,N#Cc1cccc2c1[C@]1(CC2)NC(=O)c2c3c(c(O)c(=O)n21)C(=O)N(Cc1ccc(F)c(Cl)c1)CC3,2.4,mL.min-1.kg-1,species_only_dog
18054960,CHEMBL4012160,CHEMBL3623814,CL,mL.min-1.kg-1,=,2.9,CHEMBL373,Canis lupus familiaris,"Clearance in Beagle dog at 0.5 mg/kg, iv or 1 mg/kg, po",A,C[C@H](O)CN1C(=O)c2c3c(c(O)c(=O)n2[C@@]12CC[C@H]1C[C@H]12)C(=O)N(Cc1ccc(F)c(Cl)c1)CC3,2.9,mL.min-1.kg-1,species_only_dog
18055521,CHEMBL4012206,CHEMBL4060568,CL,mL.min-1.kg-1,=,60.0,CHEMBL373,Canis lupus familiaris,"Unbound clearance in dog at 0.25 mg/kg, iv",A,COc1cc(-c2cccc(C(F)(F)F)c2)c(F)cc1-c1nccc2cc(S(=O)(=O)Nc3ccon3)ccc12,60.0,mL.min-1.kg-1,species_only_dog
18055525,CHEMBL4012206,CHEMBL4070867,CL,mL.min-1.kg-1,=,416.67,CHEMBL373,Canis lupus familiaris,"Unbound clearance in dog at 0.25 mg/kg, iv",A,COc1cc(-c2cccc(F)c2)c(Cl)cc1-c1ncnc2cc(S(=O)(=O)Nc3ccon3)ccc12,416.67,mL.min-1.kg-1,species_only_dog
18055527,CHEMBL4012206,CHEMBL3687608,CL,mL.min-1.kg-1,=,26.67,CHEMBL373,Canis lupus familiaris,"Unbound clearance in dog at 0.25 mg/kg, iv",A,COc1cc(-c2cccc(F)c2)c(Cl)cc1-c1nccc2cc(S(=O)(=O)Nc3ccon3)ccc12,26.67,mL.min-1.kg-1,species_only_dog
18055528,CHEMBL4012206,CHEMBL3682789,CL,mL.min-1.kg-1,=,151.67,CHEMBL373,Canis lupus familiaris,"Unbound clearance in dog at 0.25 mg/kg, iv",A,COc1cc(-c2cccc(F)c2)ccc1-c1nccc2cc(S(=O)(=O)Nc3ccncn3)ccc12,151.67,mL.min-1.kg-1,species_only_dog
18055529,CHEMBL4012206,CHEMBL3692139,CL,mL.min-1.kg-1,=,26.67,CHEMBL373,Canis lupus familiaris,"Unbound clearance in dog at 0.25 mg/kg, iv",A,COc1cc(C(F)(F)F)ccc1-c1nccc2cc(S(=O)(=O)Nc3ccncn3)ccc12,26.67,mL.min-1.kg-1,species_only_dog
18055530,CHEMBL4012206,CHEMBL3687538,CL,mL.min-1.kg-1,=,200.0,CHEMBL373,Canis lupus familiaris,"Unbound clearance in dog at 0.25 mg/kg, iv",A,COc1cc(C(F)(F)F)ccc1-c1ncnc2cc(S(=O)(=O)Nc3nccs3)ccc12,200.0,mL.min-1.kg-1,species_only_dog
18055626,CHEMBL4012211,CHEMBL4060568,CL,mL.min-1.kg-1,=,0.3833,CHEMBL373,Canis lupus familiaris,"Total clearance in dog at 0.25 mg/kg, iv",A,COc1cc(-c2cccc(C(F)(F)F)c2)c(F)cc1-c1nccc2cc(S(=O)(=O)Nc3ccon3)ccc12,0.3833,mL.min-1.kg-1,species_only_dog
18055706,CHEMBL4012211,CHEMBL3687538,CL,mL.min-1.kg-1,=,0.2167,CHEMBL373,Canis lupus familiaris,"Total clearance in dog at 0.25 mg/kg, iv",A,COc1cc(C(F)(F)F)ccc1-c1ncnc2cc(S(=O)(=O)Nc3nccs3)ccc12,0.2167,mL.min-1.kg-1,species_only_dog
18055707,CHEMBL4012211,CHEMBL3692139,CL,mL.min-1.kg-1,=,0.9167,CHEMBL373,Canis lupus familiaris,"Total clearance in dog at 0.25 mg/kg, iv",A,COc1cc(C(F)(F)F)ccc1-c1nccc2cc(S(=O)(=O)Nc3ccncn3)ccc12,0.9167,mL.min-1.kg-1,species_only_dog
18055708,CHEMBL4012211,CHEMBL3682789,CL,mL.min-1.kg-1,=,0.8167,CHEMBL373,Canis lupus familiaris,"Total clearance in dog at 0.25 mg/kg, iv",A,COc1cc(-c2cccc(F)c2)ccc1-c1nccc2cc(S(=O)(=O)Nc3ccncn3)ccc12,0.8167,mL.min-1.kg-1,species_only_dog
18055709,CHEMBL4012211,CHEMBL3687608,CL,mL.min-1.kg-1,=,0.05,CHEMBL373,Canis lupus familiaris,"Total clearance in dog at 0.25 mg/kg, iv",A,COc1cc(-c2cccc(F)c2)c(Cl)cc1-c1nccc2cc(S(=O)(=O)Nc3ccon3)ccc12,0.05,mL.min-1.kg-1,species_only_dog
18055710,CHEMBL4012211,CHEMBL4071917,CL,mL.min-1.kg-1,=,2.833,CHEMBL373,Canis lupus familiaris,"Total clearance in dog at 0.25 mg/kg, iv",A,COc1cc(-c2cccc(F)c2)c(Cl)cc1-c1nccc2cc(S(=O)(=O)Nc3ncon3)ccc12,2.833,mL.min-1.kg-1,species_only_dog
18055711,CHEMBL4012211,CHEMBL4070867,CL,mL.min-1.kg-1,=,2.0,CHEMBL373,Canis lupus familiaris,"Total clearance in dog at 0.25 mg/kg, iv",A,COc1cc(-c2cccc(F)c2)c(Cl)cc1-c1ncnc2cc(S(=O)(=O)Nc3ccon3)ccc12,2.0,mL.min-1.kg-1,species_only_dog
18055712,CHEMBL4012211,CHEMBL4097970,CL,mL.min-1.kg-1,=,1.833,CHEMBL373,Canis lupus familiaris,"Total clearance in dog at 0.25 mg/kg, iv",A,COc1cc(-c2cccc(F)c2)c(Cl)cc1-c1nn(C)c(=O)c2cc(S(=O)(=O)Nc3ccon3)ccc12,1.833,mL.min-1.kg-1,species_only_dog
18055713,CHEMBL4012211,CHEMBL4089326,CL,mL.min-1.kg-1,=,2.167,CHEMBL373,Canis lupus familiaris,"Total clearance in dog at 0.25 mg/kg, iv",A,COc1cc(-c2cccc(F)c2)c(Cl)cc1-c1ncc(O)c2cc(S(=O)(=O)Nc3ccon3)ccc12,2.167,mL.min-1.kg-1,species_only_dog
18055714,CHEMBL4012211,CHEMBL4068143,CL,mL.min-1.kg-1,=,13.67,CHEMBL373,Canis lupus familiaris,"Total clearance in dog at 0.25 mg/kg, iv",A,COc1cc(-c2cccc(F)c2)c(Cl)cc1-c1[nH]c(=O)cc2cc(S(=O)(=O)Nc3ccon3)ccc12,13.67,mL.min-1.kg-1,species_only_dog
18056520,CHEMBL4012333,CHEMBL4073429,CL,mL.min-1.kg-1,=,0.075,CHEMBL373,Canis lupus familiaris,"Clearance in dog at 0.25 mg/kg, iv",A,COc1cc(-c2cccc(F)c2)c(F)cc1-n1c(=O)ccc2cc(S(=O)(=O)Nc3ccon3)ccc21,0.075,mL.min-1.kg-1,species_only_dog
18056521,CHEMBL4012333,CHEMBL3921528,CL,mL.min-1.kg-1,=,0.3,CHEMBL373,Canis lupus familiaris,"Clearance in dog at 0.25 mg/kg, iv",A,COc1cc(-c2cccc(OC(F)F)c2)c(F)cc1-n1c(=O)ccc2cc(S(=O)(=O)Nc3ccon3)ccc21,0.3,mL.min-1.kg-1,species_only_dog
18056522,CHEMBL4012333,CHEMBL3937744,CL,mL.min-1.kg-1,=,0.5833,CHEMBL373,Canis lupus familiaris,"Clearance in dog at 0.25 mg/kg, iv",A,COc1cc(-c2cc(OC)c(-n3c(=O)ccc4cc(S(=O)(=O)Nc5ncccn5)ccc43)cc2F)ccc1Cl,0.5833,mL.min-1.kg-1,species_only_dog
18056523,CHEMBL4012333,CHEMBL3979498,CL,mL.min-1.kg-1,=,0.1667,CHEMBL373,Canis lupus familiaris,"Clearance in dog at 0.25 mg/kg, iv",A,COc1cc(-c2cccc(C(F)(F)F)c2)ccc1-n1c(=O)ccc2cc(S(=O)(=O)Nc3ncccn3)ccc21,0.1667,mL.min-1.kg-1,species_only_dog
18056524,CHEMBL4012333,CHEMBL3961163,CL,mL.min-1.kg-1,=,0.2833,CHEMBL373,Canis lupus familiaris,"Clearance in dog at 0.25 mg/kg, iv",A,COc1cc(-c2ccc(F)c(C)c2)c(F)cc1-n1c(=O)ccc2cc(S(=O)(=O)Nc3ccon3)ccc21,0.2833,mL.min-1.kg-1,species_only_dog
18056525,CHEMBL4012334,CHEMBL4073429,CL,mL.min-1.kg-1,=,33.33,CHEMBL373,Canis lupus familiaris,"Unbound clearance in dog at 0.25 mg/kg, iv",A,COc1cc(-c2cccc(F)c2)c(F)cc1-n1c(=O)ccc2cc(S(=O)(=O)Nc3ccon3)ccc21,33.33,mL.min-1.kg-1,species_only_dog
18056526,CHEMBL4012334,CHEMBL3921528,CL,mL.min-1.kg-1,=,43.33,CHEMBL373,Canis lupus familiaris,"Unbound clearance in dog at 0.25 mg/kg, iv",A,COc1cc(-c2cccc(OC(F)F)c2)c(F)cc1-n1c(=O)ccc2cc(S(=O)(=O)Nc3ccon3)ccc21,43.33,mL.min-1.kg-1,species_only_dog
18056527,CHEMBL4012334,CHEMBL3937744,CL,mL.min-1.kg-1,=,96.67,CHEMBL373,Canis lupus familiaris,"Unbound clearance in dog at 0.25 mg/kg, iv",A,COc1cc(-c2cc(OC)c(-n3c(=O)ccc4cc(S(=O)(=O)Nc5ncccn5)ccc43)cc2F)ccc1Cl,96.67,mL.min-1.kg-1,species_only_dog
18056528,CHEMBL4012334,CHEMBL3979498,CL,mL.min-1.kg-1,=,12.83,CHEMBL373,Canis lupus familiaris,"Unbound clearance in dog at 0.25 mg/kg, iv",A,COc1cc(-c2cccc(C(F)(F)F)c2)ccc1-n1c(=O)ccc2cc(S(=O)(=O)Nc3ncccn3)ccc21,12.83,mL.min-1.kg-1,species_only_dog
18056529,CHEMBL4012334,CHEMBL3961163,CL,mL.min-1.kg-1,=,56.67,CHEMBL373,Canis lupus familiaris,"Unbound clearance in dog at 0.25 mg/kg, iv",A,COc1cc(-c2ccc(F)c(C)c2)c(F)cc1-n1c(=O)ccc2cc(S(=O)(=O)Nc3ccon3)ccc21,56.67,mL.min-1.kg-1,species_only_dog
18058146,CHEMBL4012754,CHEMBL3962812,CL,mL.min-1.kg-1,=,14.0,CHEMBL373,Canis lupus familiaris,"Clearance in dog at 0.3 mg/kg, iv or 1 mg/kg, po",A,Cc1ncc(NC(=O)c2cccc(C(F)(F)F)c2)cc1-c1cnc(OC2CCOCC2)c(N2CCOCC2)c1,14.0,mL.min-1.kg-1,species_only_dog
18064317,CHEMBL4013872,CHEMBL4068509,CL,mL.min-1.kg-1,=,117.0,CHEMBL373,Canis lupus familiaris,"Clearance in Beagle dog at 2 mg/kg, iv",A,C=CC(=O)N1CCN(CCCn2c(=O)c(-c3c(Cl)c(OC)cc(OC)c3Cl)cc3cnc(NC)nc32)CC1,117.0,mL.min-1.kg-1,species_only_dog
18069824,CHEMBL4015054,CHEMBL4060768,CL,mL.min-1.kg-1,=,23.0,CHEMBL373,Canis lupus familiaris,"Clearance in dog blood at 4 umol/kg, iv or 10 umol/kg, po",A,O=C(c1cc([C@H]2CCCN2c2cc(F)cc(F)c2)c2oc(N3CCOCC3)cc(=O)c2c1)N1CCOCC1,23.0,mL.min-1.kg-1,species_only_dog
18071762,CHEMBL4015541,CHEMBL4094440,CL,mL.min-1.kg-1,=,0.05,CHEMBL373,Canis lupus familiaris,"Clearance in dog at 0.1 mg/kg, iv or 1 mg/kg, po",A,NS(=O)(=O)c1cncc(-c2nc(NCc3ccccn3)c3c(-c4ccccc4)cccc3n2)c1,0.05,mL.min-1.kg-1,species_only_dog
18073992,CHEMBL4015973,CHEMBL4081711,CL,mL.min-1.kg-1,=,0.01,CHEMBL373,Canis lupus familiaris,"Plasma clearance in Beagle dog at 1 mg/kg, iv administered as single dose",A,CC[C@@H]1[C@H](F)C(=O)N[C@@H]1COc1nccc2cc(C(N)=O)c(OC)cc12,0.01,mL.min-1.kg-1,species_only_dog
18076672,CHEMBL4016397,CHEMBL4080667,CL,mL.min-1.kg-1,=,11.0,CHEMBL373,Canis lupus familiaris,"Total plasma clearance in dog at 1 mg/kg, iv",A,O=C(CC1(c2ccccc2)C2CC3CC1CC(C2)C3O)N1CC(O)C1,11.0,mL.min-1.kg-1,species_only_dog
18077917,CHEMBL4016586,CHEMBL4064666,CL,mL.min-1.kg-1,=,0.24,CHEMBL373,Canis lupus familiaris,"Clearance in dog at 1 mg/kg, iv",A,CC(=O)N1CCN(c2cc(-c3cc(C(F)(F)F)c4c(N)ncnn34)ccc2C#N)C(=O)C1(C)C,0.24,mL.min-1.kg-1,species_only_dog
18078391,CHEMBL4016792,CHEMBL4094426,CL,mL.min-1.kg-1,=,15.0,CHEMBL373,Canis lupus familiaris,Plasma clearance in iv dosed Beagle dog after 24 hrs by LC-MS analysis,A,COC(=O)Nc1c(N)nc(-c2nc(Cc3ccccc3F)n3ncccc23)nc1N,15.0,mL.min-1.kg-1,species_only_dog
18078392,CHEMBL4016792,CHEMBL2107834,CL,mL.min-1.kg-1,=,5.0,CHEMBL373,Canis lupus familiaris,Plasma clearance in iv dosed Beagle dog after 24 hrs by LC-MS analysis,A,COC(=O)N(C)c1c(N)nc(-c2nn(Cc3ccccc3F)c3ncccc23)nc1N,5.0,mL.min-1.kg-1,species_only_dog
18078401,CHEMBL4016801,CHEMBL4066936,CL,mL.min-1.kg-1,=,3.333,CHEMBL373,Canis lupus familiaris,Clearance in iv dosed Beagle dog blood after 24 hrs by LC-MS analysis,A,COC(=O)Nc1c(N)nc(-c2nn(Cc3ccccc3F)c3ncc(F)cc23)nc1N,3.333,mL.min-1.kg-1,species_only_dog
18078402,CHEMBL4016801,CHEMBL4088903,CL,mL.min-1.kg-1,=,3.333,CHEMBL373,Canis lupus familiaris,Clearance in iv dosed Beagle dog blood after 24 hrs by LC-MS analysis,A,COC(=O)Nc1c(N)nc(-n2nc(Cc3ccccc3F)c3ncc(F)cc32)nc1N,3.333,mL.min-1.kg-1,species_only_dog
18083646,CHEMBL4018112,CHEMBL4096341,CL,mL.min-1.kg-1,=,3.5,CHEMBL373,Canis lupus familiaris,"Total clearance in dog at 0.3 mg/kg, iv",A,Cc1ncn(-c2ccc(C(=O)N[C@H]3[C@H]4CC[C@H]3N(c3ncc(Cl)c5cnoc35)C4)c(Cl)c2)n1,3.5,mL.min-1.kg-1,species_only_dog
18085376,CHEMBL4018412,CHEMBL4067722,CL,mL.min-1.kg-1,=,1.7,CHEMBL373,Canis lupus familiaris,"Clearance in dog at 0.1 mg/kg, iv administered as single bolus dose",A,Cc1cc2c(cc1Cc1ccc(-c3cocn3)cc1)C(=O)N([C@H]1CCOC[C@@H]1O)C2,1.7,mL.min-1.kg-1,species_only_dog
18088005,CHEMBL4019325,CHEMBL4084907,CL,mL.min-1.kg-1,=,6.85,CHEMBL373,Canis lupus familiaris,"Clearance in Beagle dog at 5 mg/kg, iv administered as single bolus dose by LC-MS/MS method",A,Nc1cc(C(F)(F)F)c(-c2nc(N3CCOCC3)nc(N3CCOCC3)n2)cn1,6.85,mL.min-1.kg-1,species_only_dog
18092560,CHEMBL4020244,CHEMBL3987016,CL,mL.min-1.kg-1,=,3.167,CHEMBL373,Canis lupus familiaris,Plasma clearance in iv dosed dog,A,CCS(=O)(=O)Nc1ccc(Oc2ccc(F)cc2F)c(-c2cn(C)c(=O)c3[nH]ccc23)c1,3.167,mL.min-1.kg-1,species_only_dog
18098213,CHEMBL4021527,CHEMBL4088914,CL,mL.min-1.kg-1,=,11.35,CHEMBL373,Canis lupus familiaris,"Total clearance in Beagle dog at 0.1 mg/kg, iv by LC-MS/MS analysis",A,CC[C@H]1[C@@H](O)CC(=O)N1c1ccc(C#N)c(C(F)(F)F)c1,11.35,mL.min-1.kg-1,species_only_dog
18104515,CHEMBL4022535,CHEMBL4092752,CL,mL.min-1.kg-1,=,3.0,CHEMBL373,Canis lupus familiaris,"Clearance in dog at 0.5 mg/kg, iv",A,COc1ccc2c(c1)C(=O)N(C[C@@]1(c3cc4cnccc4o3)NC(=O)NC1=O)C2,3.0,mL.min-1.kg-1,species_only_dog
18104516,CHEMBL4022535,CHEMBL4065068,CL,mL.min-1.kg-1,=,3.0,CHEMBL373,Canis lupus familiaris,"Clearance in dog at 0.5 mg/kg, iv",A,COc1ccc2c(c1)C(=O)N(C[C@@]1(c3cc4ncccc4o3)NC(=O)NC1=O)C2,3.0,mL.min-1.kg-1,species_only_dog
18106661,CHEMBL4022907,CHEMBL4101487,CL,mL.min-1.kg-1,=,13.83,CHEMBL373,Canis lupus familiaris,"Clearance in dog at 2 mg/kg, iv",A,O=C(O)c1ccc([C@H]2C[C@@H](NC(=O)C3(c4ccc5c(c4)OC(F)(F)O5)CC3)c3ccc(OC(F)F)cc3O2)cc1,13.83,mL.min-1.kg-1,species_only_dog
18107643,CHEMBL4023164,CHEMBL4066815,CL,mL.min-1.kg-1,=,2.6,CHEMBL373,Canis lupus familiaris,"Clearance in Beagle dog at 0.5 mg/kg, iv administered as single dose measured up to 24 hrs post dose by LC-MS/MS analysis",A,CCOc1ccc(F)c(N2CC[C@@H](Oc3ccc(N4N=C(C(F)(F)F)[C@@H](C)[C@@H]4CC(=O)O)cc3)[C@H](F)C2)c1,2.6,mL.min-1.kg-1,species_only_dog
18107644,CHEMBL4023164,CHEMBL4080226,CL,mL.min-1.kg-1,=,2.2,CHEMBL373,Canis lupus familiaris,"Clearance in Beagle dog at 0.5 mg/kg, iv administered as single dose measured up to 24 hrs post dose by LC-MS/MS analysis",A,COc1cc(N2CC[C@@H](Oc3ccc(N4N=C(C(F)(F)F)[C@@H](C)[C@@H]4CC(=O)O)cc3)[C@H](C)C2)c(Cl)cn1,2.2,mL.min-1.kg-1,species_only_dog
18110875,CHEMBL4023954,CHEMBL3891221,CL,mL.min-1.kg-1,=,54.0,CHEMBL373,Canis lupus familiaris,"Unbound renal clearance in Beagle dog blood at 0.5 mg/kg, iv measured up to 24 hrs post dose by LC-MS/MS analysis",A,O=C(O)c1c[nH]c2cc(Cl)c(-c3ccc(C4(O)CCC4)cc3)cc12,54.0,mL.min-1.kg-1,species_only_dog
18110886,CHEMBL4023947,CHEMBL3891221,CL,mL.min-1.kg-1,=,2.82,CHEMBL373,Canis lupus familiaris,"Total renal clearance in Beagle dog blood at 0.5 mg/kg, iv measured up to 24 hrs post dose by LC-MS/MS analysis",A,O=C(O)c1c[nH]c2cc(Cl)c(-c3ccc(C4(O)CCC4)cc3)cc12,2.82,mL.min-1.kg-1,species_only_dog
18113509,CHEMBL4024681,CHEMBL4076124,CL,mL.min-1.kg-1,=,5.0,CHEMBL373,Canis lupus familiaris,"Clearance in Beagle dog at 0.3 mg/kg, iv or 10 mg/kg, po",A,CC(F)(F)c1cc(F)ccc1-c1sc2cc(O)ccc2c1Oc1ccc(/C=C/C(=O)O)cc1,5.0,mL.min-1.kg-1,species_only_dog
18120780,CHEMBL4026618,CHEMBL4082745,CL,mL.min-1.kg-1,=,13.0,CHEMBL373,Canis lupus familiaris,"Plasma clearance in Beagle dog at 0.5 mg/kg, iv or 1 mg/kg administered through oral gavage by LC-MS/MS analysis",A,Cc1ccc(Oc2nc3cc(-c4ccc(-c5ccccc5)cc4)c(Cl)cc3[nH]2)cc1C(=O)O,13.0,mL.min-1.kg-1,species_only_dog
18122042,CHEMBL4026961,CHEMBL4075348,CL,mL.min-1.kg-1,=,5.333,CHEMBL373,Canis lupus familiaris,"Clearance in dog at 1 mg/kg, iv",A,CC1(C)Cc2c(sc(NC(=O)c3ccn[nH]3)c2C(N)=O)C(C)(C)O1,5.333,mL.min-1.kg-1,species_only_dog
18122044,CHEMBL4026963,CHEMBL4075348,CL,mL.min-1.kg-1,=,106.67,CHEMBL373,Canis lupus familiaris,"Unbound clearance in dog at 1 mg/kg, iv",A,CC1(C)Cc2c(sc(NC(=O)c3ccn[nH]3)c2C(N)=O)C(C)(C)O1,106.67,mL.min-1.kg-1,species_only_dog
18122300,CHEMBL4027034,CHEMBL4064608,CL,mL.min-1.kg-1,=,29.0,CHEMBL373,Canis lupus familiaris,"Clearance in beagle dog at 1 mg/kg, iv",A,c1nc(N[C@H]2CC[C@H](N3CCOCC3)CC2)c2c(C3CCOCC3)c[nH]c2n1,29.0,mL.min-1.kg-1,species_only_dog
18124769,CHEMBL4027589,CHEMBL3927519,CL,mL.min-1.kg-1,=,0.601,CHEMBL373,Canis lupus familiaris,"Clearance in Beagle dog at 1 mg/kg, iv",A,CC#C[C@@H](CC(=O)O)c1ccc(OCc2ccc3nc(-c4c(C)cccc4C)nn3c2)cc1,0.601,mL.min-1.kg-1,species_only_dog
18126694,CHEMBL4028138,CHEMBL3092562,CL,mL.min-1.kg-1,=,12.3,CHEMBL373,Canis lupus familiaris,"Plasma clearance in beagle dog at 0.3 mg/kg, iv by LC-MS/MS analysis",A,Cc1nc(-c2cnn(C)c2-c2ccc(C(F)(F)F)cn2)c2c(N3CCC3)ncnn12,12.3,mL.min-1.kg-1,species_only_dog
18126713,CHEMBL4028176,CHEMBL2181928,CL,mL.min-1.kg-1,=,5.37,CHEMBL373,Canis lupus familiaris,Clearance in dog,A,C[C@@H]1CN(c2ccc3c(n2)NC(=O)CO3)[C@H](c2ccccc2)CO1,5.37,mL.min-1.kg-1,species_only_dog
18127690,CHEMBL4028534,CHEMBL4076467,CL,mL.min-1.kg-1,=,2.5,CHEMBL373,Canis lupus familiaris,"Plasma clearance in dog at 2.5 mg/kg, iv",A,COc1c(/C=C/c2ccc(NS(C)(=O)=O)cc2)cc(-n2ccc(=O)[nH]c2=O)cc1C(C)(C)C,2.5,mL.min-1.kg-1,species_only_dog
18128502,CHEMBL4028649,CHEMBL3742114,CL,mL.min-1.kg-1,=,16.6,CHEMBL373,Canis lupus familiaris,"Clearance in Beagle dog at 2 mg/kg, iv administered as single dose by LC-MS/MS analysis",A,CCOC(=O)C1=C(CN2CCOCC2)NC(c2nccs2)=NC1c1ccc(F)cc1Br,16.6,mL.min-1.kg-1,species_only_dog
18128503,CHEMBL4028649,CHEMBL4085181,CL,mL.min-1.kg-1,=,1.93,CHEMBL373,Canis lupus familiaris,"Clearance in Beagle dog at 2 mg/kg, iv administered as single dose by LC-MS/MS analysis",A,CCOC(=O)C1=C(CN2CCO[C@H](CCC(=O)O)C2)NC(c2nccs2)=N[C@H]1c1ccc(F)cc1Br,1.93,mL.min-1.kg-1,species_only_dog
18137077,CHEMBL4030059,CHEMBL4069245,CL,mL.min-1.kg-1,=,18.3,CHEMBL373,Canis lupus familiaris,"Clearance in Beagle dog at 1 mg/kg, iv",A,Cc1c([C@@H](O)CN2CCC3(CC2)CCN(c2ccc(=O)n(C)n2)C3=O)ccc2c1COC2=O,18.3,mL.min-1.kg-1,species_only_dog
18137078,CHEMBL4030059,CHEMBL4103004,CL,mL.min-1.kg-1,=,9.7,CHEMBL373,Canis lupus familiaris,"Clearance in Beagle dog at 1 mg/kg, iv",A,COc1nccc(N2CCC3(CCN(C[C@H](O)c4ccc5c(c4C)COC5=O)CC3)C2=O)n1,9.7,mL.min-1.kg-1,species_only_dog
18137079,CHEMBL4030059,CHEMBL4075319,CL,mL.min-1.kg-1,=,24.4,CHEMBL373,Canis lupus familiaris,"Clearance in Beagle dog at 1 mg/kg, iv",A,COc1nsc(N2CCC3(CCN(C[C@H](O)c4ccc5c(c4C)COC5=O)CC3)C2=O)n1,24.4,mL.min-1.kg-1,species_only_dog
18137193,CHEMBL4030017,CHEMBL4098260,CL,mL.min-1.kg-1,=,55.3,CHEMBL373,Canis lupus familiaris,"Clearance in Beagle dog at 0.5 mg/kg, iv",A,Cc1c([C@@H](O)CN2CCC3(CC2)CCN(c2ccc(S(C)(=O)=O)cn2)C3)ccc2c1COC2=O,55.3,mL.min-1.kg-1,species_only_dog
18138016,CHEMBL4030221,CHEMBL4086547,CL,mL.min-1.kg-1,=,5.5,CHEMBL373,Canis lupus familiaris,"Clearance in dog plasma at 3 mg/kg, iv or po",A,Cc1nnc2sc(C(=O)NCc3ccc(-c4cccnc4F)cc3)c(N)c2c1C.Cl,5.5,mL.min-1.kg-1,species_only_dog
18144802,CHEMBL4032039,CHEMBL4073292,CL,mL.min-1.kg-1,=,15.0,CHEMBL373,Canis lupus familiaris,Clearance in dog at 4.75 mg/kg,A,CN1CCN(c2cccc3c2CCN(C(=O)/C=C/c2c(-n4cnnn4)ccc(Cl)c2F)[C@@H]3C(=O)Nc2ccc(C(=O)O)cc2)C(=O)C1,15.0,mL.min-1.kg-1,species_only_dog
18147837,CHEMBL4032771,CHEMBL4062567,CL,mL.min-1.kg-1,=,1.5,CHEMBL373,Canis lupus familiaris,"Clearance in dog at 0.5 mg/kg, iv by LC-MS/MS analysis",A,O=C(O)c1cc(F)c2nc(N3C4CCC3CC(OCc3c(-c5ccccc5OC(F)(F)F)noc3C3CC3)C4)sc2c1,1.5,mL.min-1.kg-1,species_only_dog
18148741,CHEMBL4033012,CHEMBL3703085,CL,mL.min-1.kg-1,=,21.0,CHEMBL373,Canis lupus familiaris,"Plasma clearance in dog at 0.25 mg/kg, iv or 0.5 mg/kg, po",A,CN(C)[C@H]1CC[C@H](n2cc(C(N)=O)c(Nc3ccc(Cl)cc3)n2)[C@@H](C#N)C1,21.0,mL.min-1.kg-1,species_only_dog
18148742,CHEMBL4033012,CHEMBL4061128,CL,mL.min-1.kg-1,=,12.0,CHEMBL373,Canis lupus familiaris,"Plasma clearance in dog at 0.25 mg/kg, iv or 0.5 mg/kg, po",A,N#Cc1ccc(Nc2nn([C@H]3COCC[C@@H]3C#N)cc2C(N)=O)cc1,12.0,mL.min-1.kg-1,species_only_dog
18148743,CHEMBL4033012,CHEMBL4071005,CL,mL.min-1.kg-1,=,14.0,CHEMBL373,Canis lupus familiaris,"Plasma clearance in dog at 0.25 mg/kg, iv or 0.5 mg/kg, po",A,COc1cc(Nc2nn([C@H]3COCC[C@@H]3C#N)cc2C(N)=O)ccc1Cl,14.0,mL.min-1.kg-1,species_only_dog
18148835,CHEMBL4033033,CHEMBL4061128,CL,mL.min-1.kg-1,=,67.0,CHEMBL373,Canis lupus familiaris,"Unbound clearance in dog at 0.25 mg/kg, iv or 0.5 mg/kg, po",A,N#Cc1ccc(Nc2nn([C@H]3COCC[C@@H]3C#N)cc2C(N)=O)cc1,67.0,mL.min-1.kg-1,species_only_dog
18148895,CHEMBL4033079,CHEMBL4066961,CL,mL.min-1.kg-1,=,29.0,CHEMBL373,Canis lupus familiaris,Clearance in iv dosed dog,A,COCCCc1ccc2oc(-c3ccc(OC)c(OC)c3)cc2c1,29.0,mL.min-1.kg-1,species_only_dog
18150053,CHEMBL4033474,CHEMBL3919664,CL,mL.min-1.kg-1,=,3.8,CHEMBL373,Canis lupus familiaris,"Clearance in Beagle dog at 0.125 mg/kg, iv or 0.625 mg/kg, po by LC-MS/MS method",A,C[C@H]1Cc2c(nnn2-c2ncc(F)cn2)CN1C(=O)c1cccc(C(F)(F)F)c1F,3.8,mL.min-1.kg-1,species_only_dog
18150054,CHEMBL4033475,CHEMBL3914857,CL,mL.min-1.kg-1,=,0.8,CHEMBL373,Canis lupus familiaris,"Clearance in Beagle dog at 0.25 mg/kg, iv or 1.25 mg/kg, po by LC-MS/MS method",A,C[C@H]1Cc2c(nnn2-c2ncc(F)cn2)CN1C(=O)c1ccnc(C(F)(F)F)c1F,0.8,mL.min-1.kg-1,species_only_dog
18161002,CHEMBL4035905,CHEMBL4062319,CL,mL.min-1.kg-1,=,17.0,CHEMBL373,Canis lupus familiaris,Clearance in iv or po dosed Mongrel dog,A,Cc1nnc2sc(C(=O)NC3CN(c4cccc(F)c4F)C3)c(N)c2c1C,17.0,mL.min-1.kg-1,species_only_dog
18161831,CHEMBL4035982,CHEMBL4072637,CL,mL.min-1.kg-1,=,19.0,CHEMBL373,Canis lupus familiaris,"Clearance in Beagle dog at 1 umol/kg, po",A,CNC(=O)c1nc(-c2nc(-c3cnc4ccccn34)c(C)nc2N)n(C)n1,19.0,mL.min-1.kg-1,species_only_dog
18167391,CHEMBL4036711,CHEMBL3670082,CL,mL.min-1.kg-1,=,7.0,CHEMBL373,Canis lupus familiaris,Total clearance in dog,A,Cn1cc(-c2cccc(N3CCc4c(sc5c4CC(C)(C)C5)C3=O)c2CO)cc(Nc2ccncn2)c1=O,7.0,mL.min-1.kg-1,species_only_dog
18168666,CHEMBL4036985,CHEMBL4074702,CL,mL.min-1.kg-1,=,1.0,CHEMBL373,Canis lupus familiaris,"Clearance in dog at 1 mg/kg, iv or 3 mg/kg, po",A,[2H]C([2H])([2H])Oc1ncc(-c2cc3c(C(=O)NC)c(-c4ccc(F)cc4)oc3nc2CCC(F)(F)F)cc1C(=O)NC(c1ncon1)(C([2H])([2H])[2H])C([2H])([2H])[2H],1.0,mL.min-1.kg-1,species_only_dog
18170067,CHEMBL4037454,CHEMBL4059912,CL,mL.min-1.kg-1,=,10.0,CHEMBL373,Canis lupus familiaris,Clearance in iv dosed dog plasma,A,C[C@H]1NCCC[C@@H]1Nc1ncc(C(N)=O)c2sc(-c3ccccc3)cc12,10.0,mL.min-1.kg-1,species_only_dog
18170068,CHEMBL4037454,CHEMBL4098878,CL,mL.min-1.kg-1,=,10.0,CHEMBL373,Canis lupus familiaris,Clearance in iv dosed dog plasma,A,NC(=O)c1cnc(N[C@H]2CCCNC2)c2cc(-c3cccc(F)c3)sc12,10.0,mL.min-1.kg-1,species_only_dog
18170069,CHEMBL4037454,CHEMBL1287920,CL,mL.min-1.kg-1,=,11.0,CHEMBL373,Canis lupus familiaris,Clearance in iv dosed dog plasma,A,NC(=O)c1cnc(N[C@H]2CCCNC2)c2cc(-c3ccccc3)sc12,11.0,mL.min-1.kg-1,species_only_dog
18170929,CHEMBL4037551,CHEMBL4067429,CL,mL.min-1.kg-1,=,5.6,CHEMBL373,Canis lupus familiaris,"Clearance in dog blood at 0.85 mg/kg, iv measured up to 4 hrs post dose",A,CC1=CCC[C@H]1NC(=O)Nc1ccc(Cl)c(S(=O)(=O)[C@@]2(C)CCOC2)c1O,5.6,mL.min-1.kg-1,species_only_dog
18172138,CHEMBL4037986,CHEMBL4079080,CL,mL.min-1.kg-1,=,21.0,CHEMBL373,Canis lupus familiaris,"Plasma clearance in Beagle dog at 1 mg/kg, iv administered via cephalic vein measured up to 24 hrs post dose by HPLC-MS/MS analysis",A,O=C(O[C@H](CO)C(F)(F)F)N1C[C@@H]2[C@H](C1)[C@H]2c1ccn(-c2ccc(F)cc2)n1,21.0,mL.min-1.kg-1,species_only_dog
18180411,CHEMBL4039529,CHEMBL4072916,CL,mL.min-1.kg-1,=,0.505,CHEMBL373,Canis lupus familiaris,"Clearance in Beagle dog at 5 mg/kg, iv by HPLC/MS analysis",A,Cc1c(Oc2cnc(C(=O)N3CC(C)(O)C3)cn2)ccc2c1B(O)OC2,0.505,mL.min-1.kg-1,species_only_dog
18183189,CHEMBL4040121,CHEMBL2325330,CL,mL.min-1.kg-1,=,6.5,CHEMBL373,Canis lupus familiaris,"Plasma clearance in dog at 0.1 mg/kg, iv",A,N#Cc1cc(S(=O)(=O)Nc2ncns2)ccc1Oc1ccc(Cl)cc1-c1cn[nH]c1,6.5,mL.min-1.kg-1,species_only_dog
18183190,CHEMBL4040121,CHEMBL2325619,CL,mL.min-1.kg-1,=,21.2,CHEMBL373,Canis lupus familiaris,"Plasma clearance in dog at 0.1 mg/kg, iv",A,Cc1[nH]ncc1-c1cc(C(F)(F)F)ccc1Oc1ccc(S(=O)(=O)Nc2ncns2)cc1C#N,21.2,mL.min-1.kg-1,species_only_dog
18183191,CHEMBL4040121,CHEMBL2325021,CL,mL.min-1.kg-1,=,10.0,CHEMBL373,Canis lupus familiaris,"Plasma clearance in dog at 0.1 mg/kg, iv",A,N#Cc1cc(S(=O)(=O)Nc2ncns2)ccc1Oc1ccc(C(F)(F)F)cc1-c1ccnnc1,10.0,mL.min-1.kg-1,species_only_dog
18183192,CHEMBL4040121,CHEMBL2324776,CL,mL.min-1.kg-1,=,2.0,CHEMBL373,Canis lupus familiaris,"Plasma clearance in dog at 0.1 mg/kg, iv",A,O=S(=O)(Nc1nncs1)c1cc(Cl)c(Oc2ccc(C(F)(F)F)cc2-c2ccnnc2)cc1F,2.0,mL.min-1.kg-1,species_only_dog
18183193,CHEMBL4040121,CHEMBL2325014,CL,mL.min-1.kg-1,=,2.7,CHEMBL373,Canis lupus familiaris,"Plasma clearance in dog at 0.1 mg/kg, iv",A,Nc1[nH]ncc1-c1cc(Cl)ccc1Oc1cc(F)c(S(=O)(=O)Nc2cscn2)cc1Cl,2.7,mL.min-1.kg-1,species_only_dog
18183194,CHEMBL4040121,CHEMBL2324748,CL,mL.min-1.kg-1,=,15.0,CHEMBL373,Canis lupus familiaris,"Plasma clearance in dog at 0.1 mg/kg, iv",A,CCN1CC(n2nccc2-c2cc(Cl)ccc2Oc2ccc(S(=O)(=O)Nc3cscn3)cc2C#N)C1,15.0,mL.min-1.kg-1,species_only_dog
18183203,CHEMBL4040152,CHEMBL2325021,CL,mL.min-1.kg-1,=,476.0,CHEMBL373,Canis lupus familiaris,"Unbound plasma clearance in dog at 0.1 mg/kg, iv",A,N#Cc1cc(S(=O)(=O)Nc2ncns2)ccc1Oc1ccc(C(F)(F)F)cc1-c1ccnnc1,476.0,mL.min-1.kg-1,species_only_dog
18183204,CHEMBL4040152,CHEMBL2324776,CL,mL.min-1.kg-1,=,364.0,CHEMBL373,Canis lupus familiaris,"Unbound plasma clearance in dog at 0.1 mg/kg, iv",A,O=S(=O)(Nc1nncs1)c1cc(Cl)c(Oc2ccc(C(F)(F)F)cc2-c2ccnnc2)cc1F,364.0,mL.min-1.kg-1,species_only_dog
18183205,CHEMBL4040152,CHEMBL2325014,CL,mL.min-1.kg-1,=,360.0,CHEMBL373,Canis lupus familiaris,"Unbound plasma clearance in dog at 0.1 mg/kg, iv",A,Nc1[nH]ncc1-c1cc(Cl)ccc1Oc1cc(F)c(S(=O)(=O)Nc2cscn2)cc1Cl,360.0,mL.min-1.kg-1,species_only_dog
18183206,CHEMBL4040152,CHEMBL2324748,CL,mL.min-1.kg-1,=,65.0,CHEMBL373,Canis lupus familiaris,"Unbound plasma clearance in dog at 0.1 mg/kg, iv",A,CCN1CC(n2nccc2-c2cc(Cl)ccc2Oc2ccc(S(=O)(=O)Nc3cscn3)cc2C#N)C1,65.0,mL.min-1.kg-1,species_only_dog
18187402,CHEMBL4040876,CHEMBL4105630,CL,mL.min-1.kg-1,=,1.667,CHEMBL373,Canis lupus familiaris,"Clearance in Beagle dog at 5 mg/kg, iv or 20 mg/kg, po measured up to 8 hrs post dose by LC/MS-MS analysis",A,C[C@@]1(O)CC[C@H]2[C@H](CC[C@@H]3[C@@H]2CC[C@]2(C)[C@@H](C(=O)Cn4cc(C#N)cn4)CC[C@@H]32)C1,1.667,mL.min-1.kg-1,species_only_dog
18187759,CHEMBL4040984,CHEMBL4063636,CL,mL.min-1.kg-1,=,5.0,CHEMBL373,Canis lupus familiaris,"Plasma clearance in Beagle dog at 0.5 mg/kg, iv",A,NC(=O)C(=O)C(Cc1ccccc1)NC(=O)c1cccnc1-n1ccc(-c2ccc(F)cc2)n1,5.0,mL.min-1.kg-1,species_only_dog
18211517,CHEMBL4045600,CHEMBL4060413,CL,mL.min-1.g-1,=,4.0,CHEMBL373,Canis lupus familiaris,Clearance in Beagle dog at 1 mg/kg by LCMS/MS method,A,COc1nn(C)c2ncnc(NS(=O)(=O)c3cccc(Cl)c3Cl)c12,0.004,mL.min-1.kg-1,species_only_dog
18214079,CHEMBL4046608,CHEMBL4076947,CL,mL.min-1.kg-1,=,3.6,CHEMBL373,Canis lupus familiaris,Clearance in dog,A,Cc1cc(Nc2nccc3nc(-c4c(Cl)cc(C#N)cc4Cl)[nH]c23)ncn1,3.6,mL.min-1.kg-1,species_only_dog
18216457,CHEMBL4046916,CHEMBL4080878,CL,mL.min-1.kg-1,=,41.0,CHEMBL373,Canis lupus familiaris,Clearance in dog plasma at 0.2 mg/kg administered as iv cassette dose,A,Cc1ccc(OC2CCN(c3c(C#N)cnc4ccc(F)cc34)CC2)cn1,41.0,mL.min-1.kg-1,species_only_dog
18221324,CHEMBL4047746,CHEMBL4088036,CL,mL.min-1.kg-1,=,20.0,CHEMBL373,Canis lupus familiaris,"Blood clearance in Beagle dog at 0.5 mg/kg, iv administered via bolus dose or 1 mg/kg, po administered via gavage by LC-MS/MS analysis",A,CCCCc1cc(OC2CCN(CCCCNS(=O)(=O)CC)CC2)c2ncccc2c1.Cl.Cl,20.0,mL.min-1.kg-1,species_only_dog
18222071,CHEMBL4047949,CHEMBL4094310,CL,mL.min-1.kg-1,=,8.9,CHEMBL373,Canis lupus familiaris,"Total clearance in Beagle dog at 0.2 mg/kg, iv by LC-MS/MS analysis",A,Cc1ccc(OC2CN(c3cccc(COC(=O)NC(=N)N)c3F)C2)cn1.O=C(O)[C@H](O)[C@@H](O)C(=O)O,8.9,mL.min-1.kg-1,species_only_dog
18236804,CHEMBL4051375,CHEMBL4071576,CL,mL.min-1.kg-1,=,8.0,CHEMBL373,Canis lupus familiaris,Clearance in dog plasma,A,Cc1cccc(CN2C(=O)c3cc(-c4nc(Nc5ccnn5C)ncc4C)cn3C[C@H]2C)n1,8.0,mL.min-1.kg-1,species_only_dog
18237255,CHEMBL4051478,CHEMBL4091152,CL,mL.min-1.kg-1,=,0.93,CHEMBL373,Canis lupus familiaris,"Clearance in Beagle dog blood at 1 mg/kg, iv by LC-MS/MS analysis",A,C[C@@H](Oc1cc2onc(CCC(=O)O)c2cc1Cl)c1ccccn1,0.93,mL.min-1.kg-1,species_only_dog
18238613,CHEMBL4051772,CHEMBL4061934,CL,mL.min-1.kg-1,=,490.0,CHEMBL373,Canis lupus familiaris,"Clearance in dog at 1 mg/kg, iv by LC-MS/MS analysis",A,COc1ccc2ncc(F)c(C[C@H](N)[C@@H]3CC[C@@H](NCc4ccc5c(n4)NC(=O)CO5)CO3)c2n1,490.0,mL.min-1.kg-1,species_only_dog
18238614,CHEMBL4051772,CHEMBL4094942,CL,mL.min-1.kg-1,=,45.0,CHEMBL373,Canis lupus familiaris,"Clearance in dog at 1 mg/kg, iv by LC-MS/MS analysis",A,COc1ccc2ccc(=O)n(C[C@H](N)[C@@H]3CC[C@@H](NCc4ccc5c(n4)NC(=O)CO5)CO3)c2n1,45.0,mL.min-1.kg-1,species_only_dog
18239125,CHEMBL4051901,CHEMBL3828074,CL,mL.min-1.kg-1,=,2.0,CHEMBL373,Canis lupus familiaris,"Plasma clearance in dog at 1 mg/kg, iv",A,CCc1nc2c(C)cc(N3CCN(CC(=O)N4CC(O)C4)CC3)cn2c1N(C)c1nc(-c2ccc(F)cc2)c(C#N)s1,2.0,mL.min-1.kg-1,species_only_dog
18244030,CHEMBL4052965,CHEMBL3692450,CL,mL.min-1.kg-1,=,7.0,CHEMBL373,Canis lupus familiaris,Plasma clearance in beagle dog,A,CNC(=O)c1c(C(N)=O)nc2n1CCOc1ccc(C#C[C@@](C)(O)c3cc(C)on3)cc1-2,7.0,mL.min-1.kg-1,species_only_dog
18252166,CHEMBL4054749,CHEMBL4074304,CL,mL.min-1.kg-1,=,33.0,CHEMBL373,Canis lupus familiaris,"Clearance in beagle dog at 1 mg/kg, iv or 3 mg/kg, po by LC-MS/MS analysis",A,C[C@@H]1c2nnn(-c3cnccn3)c2CCN1C(=O)c1cccc(C(F)(F)F)c1Cl,33.0,mL.min-1.kg-1,species_only_dog
18252242,CHEMBL4054730,CHEMBL4068397,CL,mL.min-1.kg-1,=,1.4,CHEMBL373,Canis lupus familiaris,"Clearance in beagle dog at 0.5 mg/kg, iv or 2.5 mg/kg, po by LC-MS/MS analysis",A,C[C@@H]1c2nnn(-c3ncccn3)c2CCN1C(=O)c1cccc(C(F)(F)F)c1Cl,1.4,mL.min-1.kg-1,species_only_dog
18252243,CHEMBL4054730,CHEMBL4095741,CL,mL.min-1.kg-1,=,21.0,CHEMBL373,Canis lupus familiaris,"Clearance in beagle dog at 0.5 mg/kg, iv or 2.5 mg/kg, po by LC-MS/MS analysis",A,Cc1ccnc(-n2nnc3c2CCN(C(=O)c2cccc(C(F)(F)F)c2Cl)[C@@H]3C)n1,21.0,mL.min-1.kg-1,species_only_dog
18252244,CHEMBL4054730,CHEMBL4079239,CL,mL.min-1.kg-1,=,0.9,CHEMBL373,Canis lupus familiaris,"Clearance in beagle dog at 0.5 mg/kg, iv or 2.5 mg/kg, po by LC-MS/MS analysis",A,C[C@@H]1c2nnn(-c3ncc(F)cn3)c2CCN1C(=O)c1cccc(C(F)(F)F)c1Cl,0.9,mL.min-1.kg-1,species_only_dog
18258994,CHEMBL4056173,CHEMBL4067852,CL,mL.min-1.kg-1,=,0.8,CHEMBL373,Canis lupus familiaris,"Clearance in dog at 1 mg/kg, iv",A,CN1CC2CCC(C1)N2C(=O)[C@]12C[C@H]1c1cc(F)ccc1-c1c(C3CCCCC3)c3ccc(C(=O)NS(=O)(=O)C4(C)CC4)cc3n1C2,0.8,mL.min-1.kg-1,species_only_dog
18268167,CHEMBL4057983,CHEMBL4075954,CL,mL.min-1.kg-1,=,4.8,CHEMBL373,Canis lupus familiaris,Total clearance in dog plasma at 2 mg/kg,A,CC(C)C(=O)N1CCO[C@@H](c2nc(-c3ccc(C(=O)Nc4cc(C(F)(F)F)ccn4)cc3F)c3c(N)nccn23)C1,4.8,mL.min-1.kg-1,species_only_dog
18268168,CHEMBL4057983,CHEMBL4096669,CL,mL.min-1.kg-1,=,1.6,CHEMBL373,Canis lupus familiaris,Total clearance in dog plasma at 2 mg/kg,A,C[C@H]1CO[C@@H](c2nc(-c3ccc(C(=O)Nc4cc(C(F)(F)F)ccn4)cc3F)c3c(N)nccn23)CN1C(=O)C1CC1,1.6,mL.min-1.kg-1,species_only_dog
18268173,CHEMBL4057986,CHEMBL4062498,CL,mL.min-1.kg-1,=,13.8,CHEMBL373,Canis lupus familiaris,Total clearance in dog plasma at 2 mg/kg administered as cassette dose,A,COCC(=O)N1CCO[C@@H](c2nc(-c3ccc(C(=O)Nc4cc(C(F)(F)F)ccn4)cc3F)c3c(N)nccn23)C1,13.8,mL.min-1.kg-1,species_only_dog
18268174,CHEMBL4057986,CHEMBL4060757,CL,mL.min-1.kg-1,=,5.9,CHEMBL373,Canis lupus familiaris,Total clearance in dog plasma at 2 mg/kg administered as cassette dose,A,Nc1nccn2c([C@H]3CN(C4CCOCC4)CCO3)nc(-c3ccc(C(=O)Nc4cc(C(F)(F)F)ccn4)cc3F)c12,5.9,mL.min-1.kg-1,species_only_dog
18270974,CHEMBL4058625,CHEMBL4097025,CL,mL.min-1.kg-1,=,4.8,CHEMBL373,Canis lupus familiaris,"Clearance in beagle dog at 1 mg/kg, iv or 5 mg/kg, po by LC-MS/MS method",A,CNC(=O)N1CCc2c(c(N3CCCc4cc(-c5cnn(C)c5)c(C(F)F)cc43)nn2C2CCOCC2)C1,4.8,mL.min-1.kg-1,species_only_dog
18270975,CHEMBL4058625,CHEMBL4076748,CL,mL.min-1.kg-1,=,4.6,CHEMBL373,Canis lupus familiaris,"Clearance in beagle dog at 1 mg/kg, iv or 5 mg/kg, po by LC-MS/MS method",A,CC(=O)N1CCc2c(c(N3CCCc4cc(-c5cnn(C)c5)c(C(F)F)cc43)nn2C2CCOCC2)C1,4.6,mL.min-1.kg-1,species_only_dog
18271366,CHEMBL4058790,CHEMBL4086143,CL,mL.min-1.kg-1,=,20.0,CHEMBL373,Canis lupus familiaris,"Plasma clearance in beagle dog assessed as (R)-3-(5-fluoro-1H-indol-3-yl)pyrrolidine-2,5-dione at 1 mg/kg, iv by LC-MS/MS method",A,O=C1CC(c2c[nH]c3ccc(F)cc23)C(=O)N1,20.0,mL.min-1.kg-1,species_only_dog
18287083,CHEMBL4121653,CHEMBL3765311,CL,mL.min-1.kg-1,=,6.4,CHEMBL373,Canis lupus familiaris,"Clearance in beagle dog at 1 mg/kg, iv by LC-MS/MS method",A,COC(=O)N[C@H](C(=O)N1CCC[C@H]1c1ncc(-c2ccc(-c3cc4cc(-c5cnc([C@@H]6CCCN6C(=O)[C@@H](NC(=O)OC)C(C)C)[nH]5)ccc4o3)cc2)[nH]1)C(C)C,6.4,mL.min-1.kg-1,species_only_dog
18287084,CHEMBL4121653,CHEMBL3763799,CL,mL.min-1.kg-1,=,0.7,CHEMBL373,Canis lupus familiaris,"Clearance in beagle dog at 1 mg/kg, iv by LC-MS/MS method",A,COC(=O)N[C@H](C(=O)N1C[Si](C)(C)C[C@H]1c1ncc(-c2ccc(-c3ccc4c(ccc5nc([C@@H]6CC(F)(F)CN6C(=O)[C@@H](NC(=O)OC)C(C)C)[nH]c54)c3)cc2)[nH]1)C(C)C,0.7,mL.min-1.kg-1,species_only_dog
18287091,CHEMBL4121653,CHEMBL4128747,CL,mL.min-1.kg-1,=,0.8,CHEMBL373,Canis lupus familiaris,"Clearance in beagle dog at 1 mg/kg, iv by LC-MS/MS method",A,COC(=O)N[C@H](C(=O)N1CC(F)(F)C[C@H]1c1ncc(-c2ccc(-c3ccc4c(ccc5nc([C@@H]6C[Si](C)(C)CN6C(=O)[C@@H](NC(=O)OC)C(C)C)[nH]c54)c3)cc2)[nH]1)C(C)C.Cl.Cl,0.8,mL.min-1.kg-1,species_only_dog
18289067,CHEMBL4122077,CHEMBL3900684,CL,mL.min-1.kg-1,=,3.283,CHEMBL373,Canis lupus familiaris,"Total clearance in beagle dog at 1 mg/kg, iv by LC-MS/MS method",A,O=C(O)CNC(=O)C1=C(O)CCN(Cc2ccc(Oc3ccc(Cl)cc3)nc2)C1=O,3.283,mL.min-1.kg-1,species_only_dog
18295954,CHEMBL4123684,CHEMBL4126289,CL,mL.min-1.kg-1,=,2.0,CHEMBL373,Canis lupus familiaris,"Clearance in Beagle dog at 1 mg/kg, iv",A,CC1(C)OCCn2c1nc(C(=O)NCc1ccc(F)cc1)c(O)c2=O,2.0,mL.min-1.kg-1,species_only_dog
18298350,CHEMBL4124167,CHEMBL4126773,CL,mL.min-1.kg-1,=,19.0,CHEMBL373,Canis lupus familiaris,Clearance in iv dosed dog,A,COc1cc(-c2ccc3c(n2)[C@@H](C)N(c2cnn(CC(F)(F)F)c2)C3=O)cnc1OC,19.0,mL.min-1.kg-1,species_only_dog
18298697,CHEMBL4124249,CHEMBL4129600,CL,mL.min-1.kg-1,=,2.1,CHEMBL373,Canis lupus familiaris,Clearance in dog,A,CNS(=O)(=O)c1cc(-c2sc(NC(C)=O)nc2C)cc2c1C(=O)N([C@@H](C)C1CC1)C2,2.1,mL.min-1.kg-1,species_only_dog
18298698,CHEMBL4124249,CHEMBL4126156,CL,mL.min-1.kg-1,=,3.3,CHEMBL373,Canis lupus familiaris,Clearance in dog,A,CC(=O)Nc1nc(C)c(-c2cc3c(c(S(C)(=O)=O)c2)C(=O)N([C@@H](C)C2CC2)C3)s1,3.3,mL.min-1.kg-1,species_only_dog
18298699,CHEMBL4124249,CHEMBL4127396,CL,mL.min-1.kg-1,=,6.2,CHEMBL373,Canis lupus familiaris,Clearance in dog,A,CC(=O)Nc1nc(C)c(-c2cc3c(c(NS(C)(=O)=O)c2)C(=O)N([C@@H](C)C2CC2)C3)s1,6.2,mL.min-1.kg-1,species_only_dog
18320313,CHEMBL4134251,CHEMBL3643413,CL,mL.min-1.kg-1,=,2.0,CHEMBL373,Canis lupus familiaris,"Clearance in Beagle dog at 0.1 mg/kg, iv by RP-HPLC analysis",A,CCC(=O)N1CC[C@H](Nc2ncnc3c2CN(c2cnc(OC)c(C(F)(F)F)c2)CC3)C1,2.0,mL.min-1.kg-1,species_only_dog
18320513,CHEMBL4134319,CHEMBL4169247,CL,mL.min-1.kg-1,=,1.5,CHEMBL373,Canis lupus familiaris,"Clearance in dog at 9 umol/kg, po or 3 umol/kg, iv",A,COc1nccnc1NS(=O)(=O)c1cccc(Cl)c1Cl,1.5,mL.min-1.kg-1,species_only_dog
18320550,CHEMBL4134319,CHEMBL4172635,CL,mL.min-1.kg-1,=,3.7,CHEMBL373,Canis lupus familiaris,"Clearance in dog at 9 umol/kg, po or 3 umol/kg, iv",A,COc1nc(F)cnc1NS(=O)(=O)c1cccc(Cl)c1Cl,3.7,mL.min-1.kg-1,species_only_dog
18327578,CHEMBL4135607,CHEMBL4161327,CL,mL.min-1.kg-1,=,7.8,CHEMBL373,Canis lupus familiaris,"Clearance in Beagle dog at 0.5 mg/kg, iv or 2 mg/kg, po",A,CCOc1cc2ncc(-c3cc(N)nc(F)c3)n2cc1S(=O)(=O)C(C)C,7.8,mL.min-1.kg-1,species_only_dog
18328077,CHEMBL4135809,CHEMBL3947537,CL,mL.min-1.kg-1,=,24.0,CHEMBL373,Canis lupus familiaris,"Plasma clearance in Beagle dog at 1 to 5 mg/kg, iv or 5 to 10 mg/kg, po by HPLC-MS analysis",A,Cc1cc([C@H](C)Nc2nccc(N3C(=O)OC[C@@H]3[C@H](C)F)n2)ncc1-c1ccnc(C(F)(F)F)c1,24.0,mL.min-1.kg-1,species_only_dog
18335598,CHEMBL4137041,CHEMBL4165225,CL,mL.min-1.kg-1,=,7.7,CHEMBL373,Canis lupus familiaris,"Clearance in Beagle dog at 1 mg/kg, iv administered as bolus dose by LC-MS/MS analysis",A,C[C@]1(c2cc(NC(=O)c3ccc(C#N)cn3)ccc2F)N=C(N)CO[C@H]1C(F)(F)F,7.7,mL.min-1.kg-1,species_only_dog
18336562,CHEMBL4137269,CHEMBL4170481,CL,mL.min-1.kg-1,=,28.0,CHEMBL373,Canis lupus familiaris,"Clearance in Beagle dog at 1 mg/kg, iv or 2 mg/kg, po after 24 hrs by LC-MS/MS analysis",A,Cc1ccc2[nH]c(C(=O)N[C@H]3Cc4ccccc4[C@@H]3NC(=O)[C@@H]3CN(C)CCO3)cc2c1,28.0,mL.min-1.kg-1,species_only_dog
18336563,CHEMBL4137269,CHEMBL4164328,CL,mL.min-1.kg-1,=,18.8,CHEMBL373,Canis lupus familiaris,"Clearance in Beagle dog at 1 mg/kg, iv or 2 mg/kg, po after 24 hrs by LC-MS/MS analysis",A,CN(C)CCNC(=O)[C@H]1c2ccccc2C[C@@H]1NC(=O)c1cc2ccccc2[nH]1,18.8,mL.min-1.kg-1,species_only_dog
18336662,CHEMBL4137321,CHEMBL238103,CL,mL.min-1.kg-1,=,2.4,CHEMBL373,Canis lupus familiaris,"Total clearance in beagle dog at 1 mg/kg, iv",A,COc1ncc(OC)c2c(C(=O)C(=O)N3CCN(C(=O)c4ccccc4)CC3)c[nH]c12,2.4,mL.min-1.kg-1,species_only_dog
18337041,CHEMBL4137321,CHEMBL3301620,CL,mL.min-1.kg-1,=,2.6,CHEMBL373,Canis lupus familiaris,"Total clearance in beagle dog at 1 mg/kg, iv",A,COc1cnc(-n2cnc(C)n2)c2[nH]cc(C(=O)C(=O)N3CCN(C(=O)c4ccccc4)CC3)c12,2.6,mL.min-1.kg-1,species_only_dog
18374127,CHEMBL4144120,CHEMBL4163616,CL,mL.min-1.kg-1,=,2.983,CHEMBL373,Canis lupus familiaris,"Clearance in dog at 0.2 mg/kg, iv measured for 14 days",A,O[C@H]1CNCCC[C@@H]1n1c2ccc(C(F)(F)F)cc2c2cc(C(F)(F)F)ccc21,2.983,mL.min-1.kg-1,species_only_dog
18375221,CHEMBL4144341,CHEMBL4174931,CL,mL.min-1.kg-1,=,73.33,CHEMBL373,Canis lupus familiaris,Unbound plasma clearance in dog,A,CNC(=O)Nc1ccc2c(c1)CC[C@@]21OC(=O)N(CC(=O)N(Cc2ccccc2)[C@@H](C)C(F)(F)F)C1=O,73.33,mL.min-1.kg-1,species_only_dog
18375222,CHEMBL4144340,CHEMBL4174931,CL,mL.min-1.kg-1,=,1.5,CHEMBL373,Canis lupus familiaris,Plasma clearance in dog,A,CNC(=O)Nc1ccc2c(c1)CC[C@@]21OC(=O)N(CC(=O)N(Cc2ccccc2)[C@@H](C)C(F)(F)F)C1=O,1.5,mL.min-1.kg-1,species_only_dog
18376690,CHEMBL4144783,CHEMBL4062397,CL,mL.min-1.kg-1,=,1.3,CHEMBL373,Canis lupus familiaris,"Plasma clearance in Beagle dog at 1 mg/kg, iv or po via gavage by LC-MS/MS analysis",A,Cc1nn2c(-c3c(C)nn(C)c3-c3ccc(C(F)(F)F)cc3)nc(CO)c2c(=O)[nH]1,1.3,mL.min-1.kg-1,species_only_dog
18377292,CHEMBL4144934,CHEMBL4176968,CL,mL.min-1.kg-1,=,4.6,CHEMBL373,Canis lupus familiaris,"Plasma clearance in Beagle dog at 1.8 mg/kg, iv or 5.3 mg/kg, po",A,CC[C@@]1(CC(=O)O)CCc2cc(-c3ccc(NC(=O)Nc4cccc(C(F)(F)F)c4)cc3)ccc2C1=O,4.6,mL.min-1.kg-1,species_only_dog
18377293,CHEMBL4144934,CHEMBL4173715,CL,mL.min-1.kg-1,=,5.1,CHEMBL373,Canis lupus familiaris,"Plasma clearance in Beagle dog at 1.8 mg/kg, iv or 5.3 mg/kg, po",A,O=C(O)C[C@]1(CC(F)(F)F)CCc2cc(-c3cnc(NC(=O)Nc4ccc(F)c(F)c4)cn3)ccc2C1=O,5.1,mL.min-1.kg-1,species_only_dog
18397401,CHEMBL4149323,CHEMBL3039529,CL,mL.min-1.kg-1,=,4.3,CHEMBL373,Canis lupus familiaris,"Clearance in Beagle dog at 1 mg/kg, po or 1 mg/kg iv via bolus by HPLC method",A,C#Cc1cnc2nc(O)n(C(CC)CC)c2n1,4.3,mL.min-1.kg-1,species_only_dog
18399615,CHEMBL4149830,CHEMBL4159767,CL,mL.min-1.kg-1,=,0.77,CHEMBL373,Canis lupus familiaris,"Plasma clearance in dog at 1 mg/kg, iv or 3 mg/kg, po",A,CC1(OC(=O)N2C[C@H]3COC[C@@H](C2)[C@@H]3Oc2ncnc(Nc3ccc(C#N)cc3Cl)c2F)CC1,0.77,mL.min-1.kg-1,species_only_dog
18399785,CHEMBL4149915,CHEMBL3892956,CL,mL.min-1.kg-1,=,17.0,CHEMBL373,Canis lupus familiaris,"Clearance in Beagle dog at 1 mg/kg, iv administered as 5 mins infusion",A,Cc1ccc(CN2CC[C@@H](N3CC[C@@H](c4ccc(O)cc4)[C@H](F)C3)C2=O)cc1,17.0,mL.min-1.kg-1,species_only_dog
18406905,CHEMBL4151130,CHEMBL4171084,CL,mL.min-1.kg-1,=,0.75,CHEMBL373,Canis lupus familiaris,"Clearance in Beagle dog at 1 mg/kg, iv by LC/MS analysis",A,NC(=O)c1cc2ccc(OC(F)(F)F)cc2n1-c1cccc(CCC(=O)O)c1,0.75,mL.min-1.kg-1,species_only_dog
18407434,CHEMBL4151285,CHEMBL4165147,CL,mL.min-1.kg-1,=,1.6,CHEMBL373,Canis lupus familiaris,"Clearance in Beagle dog at 1 mg/kg, iv or 2 mg/kg, po administered as single dose",A,COc1cc(-c2ccc([C@@H]3CCc4ccc([C@H](C5CC5)[C@H](C)C(=O)[O-])cc4O3)c(F)c2)ccn1.[Na+],1.6,mL.min-1.kg-1,species_only_dog
18420191,CHEMBL4153789,CHEMBL3936734,CL,mL.min-1.kg-1,=,27.6,CHEMBL373,Canis lupus familiaris,Clearance in dog,A,CO[C@H]1C[C@@H](n2c(=O)n(C)c3cnc4ccc(-c5ccc(OCCCN(C)C)nc5)cc4c32)C1,27.6,mL.min-1.kg-1,species_only_dog
18420323,CHEMBL4153789,CHEMBL3960662,CL,mL.min-1.kg-1,=,33.3,CHEMBL373,Canis lupus familiaris,Clearance in dog,A,CN(C)CCCOc1ccc(-c2ccc3ncc4c(c3c2)n(C2CCOCC2)c(=O)n4C)cn1,33.3,mL.min-1.kg-1,species_only_dog
18441132,CHEMBL4157442,CHEMBL3827379,CL,mL.min-1.kg-1,=,0.36,CHEMBL373,Canis lupus familiaris,"Total plasma clearance in beagle dog at 1 mg/kg, iv",A,C=C(C)[C@@H]1CC[C@]2(NCCN3CCS(=O)(=O)CC3)CC[C@]3(C)[C@H](CC[C@@H]4[C@@]5(C)CC=C(c6ccc(C(=O)O)cc6)C(C)(C)[C@@H]5CC[C@]43C)[C@@H]12,0.36,mL.min-1.kg-1,species_only_dog
18441492,CHEMBL4157528,CHEMBL4173004,CL,mL.min-1.kg-1,=,6.0,CHEMBL373,Canis lupus familiaris,"Clearance in Beagle dog at 1 mg/kg, iv or 5 mg/kg, po by HPLC/MS analysis",A,CC(C)[C@@H]1OC(=O)C(C)(C)/C=C/c2ccc3ccc(nc3c2)[C@@H](C)NC(=O)[C@@H]2CCCN(N2)C(=O)[C@H](C)NC1=O,6.0,mL.min-1.kg-1,species_only_dog
18441493,CHEMBL4157528,CHEMBL4176386,CL,mL.min-1.kg-1,=,1.333,CHEMBL373,Canis lupus familiaris,"Clearance in Beagle dog at 1 mg/kg, iv or 5 mg/kg, po by HPLC/MS analysis",A,CC(C)[C@@H]1OC(=O)C2(/C=C/c3ccc4ccc(nc4c3)[C@@H](C)NC(=O)[C@@H]3CCCN(N3)C(=O)[C@H](C)NC1=O)COCOC2,1.333,mL.min-1.kg-1,species_only_dog
18446567,CHEMBL4158390,CHEMBL4175320,CL,mL.min-1.kg-1,=,9.8,CHEMBL373,Canis lupus familiaris,"Clearance in Beagle dog at 3 mg/kg, iv by UPLC analysis",A,N#Cc1cc(F)cc(Oc2ccc3c(c2C(F)F)[C@@H](O)C(F)(F)S3(=O)=O)c1,9.8,mL.min-1.kg-1,species_only_dog
18446568,CHEMBL4158390,CHEMBL4173075,CL,mL.min-1.kg-1,=,21.5,CHEMBL373,Canis lupus familiaris,"Clearance in Beagle dog at 3 mg/kg, iv by UPLC analysis",A,CS(=O)(=O)c1ccc(Oc2cc(F)cc(C#N)c2)c2c1[C@H](O)C(F)(F)C2,21.5,mL.min-1.kg-1,species_only_dog
18449447,CHEMBL4177902,CHEMBL3742114,CL,mL.min-1.kg-1,=,17.9,CHEMBL373,Canis lupus familiaris,"Clearance in beagle dog at 5 mg/kg, iv by LC/MS/MS analysis",A,CCOC(=O)C1=C(CN2CCOCC2)NC(c2nccs2)=NC1c1ccc(F)cc1Br,17.9,mL.min-1.kg-1,species_only_dog
18450730,CHEMBL4178388,CHEMBL3989970,CL,mL.min-1.kg-1,=,12.0,CHEMBL373,Canis lupus familiaris,"Clearance in Beagle dog plasma at 1 mg/kg, iv administered as single dose",A,C=CC(=O)N[C@@H]1CN(c2nc(Nc3cn(C)nc3OC)c3ncn(C)c3n2)C[C@H]1F,12.0,mL.min-1.kg-1,species_only_dog
18457929,CHEMBL4179786,CHEMBL4217988,CL,mL.min-1.kg-1,=,17.8,CHEMBL612558,,"Clearance in dog plasma at 0.3 mg/kg, iv via infusion for 0.5 hrs",A,N#Cc1cc(S(=O)(=O)Nc2ncns2)ccc1Oc1ccc(-c2cccc(C(F)(F)F)c2)cc1-c1ccnc(CNCCC2CCNCC2)c1,17.8,mL.min-1.kg-1,species_only_dog
18457931,CHEMBL4179785,CHEMBL4217988,CL,mL.min-1.kg-1,=,39.8,CHEMBL612558,,"Clearance in dog blood at 0.3 mg/kg, iv via infusion for 0.5 hrs",A,N#Cc1cc(S(=O)(=O)Nc2ncns2)ccc1Oc1ccc(-c2cccc(C(F)(F)F)c2)cc1-c1ccnc(CNCCC2CCNCC2)c1,39.8,mL.min-1.kg-1,species_only_dog
18457935,CHEMBL4179782,CHEMBL4217988,CL,mL.min-1.kg-1,=,0.0012,CHEMBL612558,,"Renal clearance in dog at 0.3 mg/kg, iv via infusion for 0.5 hrs",A,N#Cc1cc(S(=O)(=O)Nc2ncns2)ccc1Oc1ccc(-c2cccc(C(F)(F)F)c2)cc1-c1ccnc(CNCCC2CCNCC2)c1,0.0012,mL.min-1.kg-1,species_only_dog
18466521,CHEMBL4181839,CHEMBL4217292,CL,mL.min-1.kg-1,=,0.9,CHEMBL373,Canis lupus familiaris,"Clearance in Beagle dog at 1 mg/kg, iv administered via 15 mins infusion by LC-MS/MS method",A,N#Cc1ccc(Cn2ccc(NC(=O)Cc3ccc(C4(C(F)(F)F)CC4)cc3)n2)nc1,0.9,mL.min-1.kg-1,species_only_dog
18473720,CHEMBL4183131,CHEMBL3967984,CL,mL.min-1.kg-1,=,5.5,CHEMBL373,Canis lupus familiaris,"Clearance in dog plasma at 1 mg/kg, iv administered as single bolus dose",A,C[C@H]1C[C@H]2CSC(N)=N[C@@]2(c2nc(NC(=O)c3ccc(Cl)cn3)cs2)CO1,5.5,mL.min-1.kg-1,species_only_dog
18473721,CHEMBL4183131,CHEMBL3952064,CL,mL.min-1.kg-1,=,1.8,CHEMBL373,Canis lupus familiaris,"Clearance in dog plasma at 1 mg/kg, iv administered as single bolus dose",A,C[C@H]1C[C@H]2CSC(N)=N[C@@]2(c2nc(NC(=O)c3ccc(OC(F)F)cn3)cs2)CO1,1.8,mL.min-1.kg-1,species_only_dog
18473722,CHEMBL4183131,CHEMBL3972449,CL,mL.min-1.kg-1,=,1.2,CHEMBL373,Canis lupus familiaris,"Clearance in dog plasma at 1 mg/kg, iv administered as single bolus dose",A,Cc1cc(OC(F)F)cnc1C(=O)Nc1csc([C@]23CO[C@@H](C)C[C@H]2CSC(N)=N3)n1,1.2,mL.min-1.kg-1,species_only_dog
18475862,CHEMBL4183510,CHEMBL685,CL,mL.min-1.kg-1,=,22.2,CHEMBL373,Canis lupus familiaris,"Clearance in Beagle dog at 0.3 mg/kg, iv by LC-MS/MS method",A,COC(=O)Nc1nc2cc(C(=O)c3ccccc3)ccc2[nH]1,22.2,mL.min-1.kg-1,species_only_dog
18476352,CHEMBL4183602,CHEMBL3545123,CL,mL.min-1.kg-1,=,1.617,CHEMBL373,Canis lupus familiaris,"Plasma clearance in dog at 1 mg/kg, iv by LC-MS method",A,COC(=O)N[C@H](C(=O)N1CCC[C@H]1c1nc2cc([C@H]3CC[C@H](c4cc5nc([C@@H]6CCCN6C(=O)[C@@H](NC(=O)OC)[C@@H](C)OC)[nH]c5cc4F)N3c3cc(F)c(N4CCC(c5ccc(F)cc5)CC4)c(F)c3)c(F)cc2[nH]1)[C@@H](C)OC,1.617,mL.min-1.kg-1,species_only_dog
18477957,CHEMBL4183929,CHEMBL4212233,CL,mL.min-1.kg-1,=,9.0,CHEMBL373,Canis lupus familiaris,"Clearance in Beagle dog at 1 mg/kg, iv by LC/MS method",A,COC(=O)N[C@H](C(=O)N1CCC[C@H]1c1ncc(-c2cc(F)c3c(c2)O[C@@H](c2ccc4c(c2)OCCN4C)n2c-3cc3cc(-c4cnc([C@@H]5CCCN5C(=O)[C@@H](N[C@H](O)OC)C5CCOCC5)[nH]4)ccc32)[nH]1)C(C)C,9.0,mL.min-1.kg-1,species_only_dog
18477958,CHEMBL4183929,CHEMBL4203633,CL,mL.min-1.kg-1,=,4.0,CHEMBL373,Canis lupus familiaris,"Clearance in Beagle dog at 1 mg/kg, iv by LC/MS method",A,COC(=O)N[C@H](C(=O)N1CCC[C@H]1c1ncc(-c2cc(F)c3c(c2)O[C@@H](c2ccc(C)s2)n2c-3cc3cc(-c4cnc([C@@H]5CCCN5C(=O)[C@@H](NC(O)OC)C5CCOCC5)[nH]4)ccc32)[nH]1)C(C)C,4.0,mL.min-1.kg-1,species_only_dog
18477959,CHEMBL4183929,CHEMBL4211400,CL,mL.min-1.kg-1,=,4.0,CHEMBL373,Canis lupus familiaris,"Clearance in Beagle dog at 1 mg/kg, iv by LC/MS method",A,COC(=O)N[C@H](C(=O)N1CCC[C@H]1c1ncc(-c2cc(F)c3c(c2)O[C@@H](c2ccc(C4CC4)s2)n2c-3cc3cc(-c4cnc([C@@H]5CCCN5C(=O)[C@@H](NC(=O)OC)C5CCOCC5)[nH]4)ccc32)[nH]1)C(C)C,4.0,mL.min-1.kg-1,species_only_dog
18477960,CHEMBL4183929,CHEMBL4207764,CL,mL.min-1.kg-1,=,3.0,CHEMBL373,Canis lupus familiaris,"Clearance in Beagle dog at 1 mg/kg, iv by LC/MS method",A,COC(=O)N[C@H](C(=O)N1CCC[C@H]1c1ncc(-c2cc(F)c3c(c2)O[C@@H](c2ccc(C4CC4)s2)n2c-3cc3cc(-c4cnc([C@@H]5CCCN5C(=O)[C@@H](NC(=O)OC)C5C[C@@H](C)O[C@@H](C)C5)[nH]4)ccc32)[nH]1)C(C)C,3.0,mL.min-1.kg-1,species_only_dog
18477961,CHEMBL4183929,CHEMBL4209240,CL,mL.min-1.kg-1,=,2.6,CHEMBL373,Canis lupus familiaris,"Clearance in Beagle dog at 1 mg/kg, iv by LC/MS method",A,COC(=O)N[C@H](C(=O)N1CCC[C@H]1c1ncc(-c2cc(F)c3c(c2)O[C@@H](c2ccc(C4CC4)s2)n2c-3cc3cc(-c4cnc([C@@H]5CCCN5C(=O)[C@@H](NC(=O)OC)C5C[C@@H](C)O[C@H](C)C5)[nH]4)ccc32)[nH]1)C(C)C,2.6,mL.min-1.kg-1,species_only_dog
18477962,CHEMBL4183929,CHEMBL4216560,CL,mL.min-1.kg-1,=,2.9,CHEMBL373,Canis lupus familiaris,"Clearance in Beagle dog at 1 mg/kg, iv by LC/MS method",A,COC(=O)N[C@H](C(=O)N1CCC[C@H]1c1ncc(-c2cc(F)c3c(c2)O[C@@H](c2ccc(C4CC4)s2)n2c-3cc3cc(-c4cnc([C@@H]5CCCN5C(=O)[C@@H](NC(=O)OC)[C@@H]5CCOC(C)(C)C5)[nH]4)ccc32)[nH]1)C(C)C,2.9,mL.min-1.kg-1,species_only_dog
18489043,CHEMBL4187045,CHEMBL4202767,CL,mL.min-1.kg-1,=,0.03833,CHEMBL373,Canis lupus familiaris,"Clearance in Beagle dog at 0.5 mg/kg, iv by LC-MS/MS analysis",A,CCOc1c(Cl)cc(C(=O)Nc2ccc(C(=O)O)c(C)c2)cc1OC(C)C,0.03833,mL.min-1.kg-1,species_only_dog
18492005,CHEMBL4187523,CHEMBL158,CL,mL.min-1.kg-1,=,4.0,CHEMBL373,Canis lupus familiaris,"Clearance in dog at 10 mg/kg, iv",A,C[C@H]1[C@H](NC(=O)/C(=N\OC(C)(C)C(=O)O)c2csc(N)n2)C(=O)N1S(=O)(=O)O,4.0,mL.min-1.kg-1,species_only_dog
18492006,CHEMBL4187523,CHEMBL4206129,CL,mL.min-1.kg-1,=,4.0,CHEMBL373,Canis lupus familiaris,"Clearance in dog at 10 mg/kg, iv",A,Nc1nc(/C(=N/OC2(C(=O)O)CC2)C(=O)N[C@@H]2C(=O)N(S(=O)(=O)O)[C@@H]2CN2CCOC2=O)cs1,4.0,mL.min-1.kg-1,species_only_dog
18498802,CHEMBL4188785,CHEMBL4208325,CL,mL.min-1.kg-1,=,2.45,CHEMBL373,Canis lupus familiaris,"Clearance in dog at 1 mg/kg, iv by LC-MS/MS analysis",A,O=C(O)CCc1cc(F)c(OCc2c(C(F)(F)F)ccn2-c2ccc(Cl)cc2)c(F)c1,2.45,mL.min-1.kg-1,species_only_dog
18527682,CHEMBL4194606,CHEMBL4207852,CL,mL.min-1.kg-1,=,3.2,CHEMBL373,Canis lupus familiaris,"Clearance in Beagle dog at 0.5 mg/kg, po",A,CC(C)[C@H](NC(=O)C(C)(F)F)[C@H](Oc1ccc2c(cnn2-c2ccc(=O)n(C)c2)c1)c1ccccc1,3.2,mL.min-1.kg-1,species_only_dog
18533614,CHEMBL4195784,CHEMBL4211840,CL,mL.min-1.kg-1,=,18.0,CHEMBL373,Canis lupus familiaris,Plasma clearance in iv dosed Beagle dog,A,COc1cc(C(N)=O)nc(-c2cccc(C#C[C@]3(O)CCN(C)C3=O)c2)c1,18.0,mL.min-1.kg-1,species_only_dog
18551971,CHEMBL4199634,CHEMBL4078588,CL,mL.min-1.kg-1,=,4.5,CHEMBL373,Canis lupus familiaris,"Clearance in Mongrel dog at 3 mg/kg, po or 1 mg/kg, iv",A,Cc1ccc(Cc2cc3c(=O)n([C@H]4CCCC[C@@H]4O)cnc3c3ccccc23)cn1,4.5,mL.min-1.kg-1,species_only_dog
18552397,CHEMBL4199737,CHEMBL4208457,CL,mL.min-1.kg-1,=,9.4,CHEMBL373,Canis lupus familiaris,"Clearance in dog plasma at 1 mg/kg, iv",A,O=C(O)CCC(=O)N(C1CC1)[C@H]1c2cc(F)ccc2N(C(=O)c2ccc(OC(F)(F)F)cc2)[C@H]2CCC[C@H]21,9.4,mL.min-1.kg-1,species_only_dog
18553655,CHEMBL4199955,CHEMBL4205882,CL,mL.min-1.kg-1,=,3.5,CHEMBL373,Canis lupus familiaris,"Clearance in dog at 2 mg/kg, po",A,CC[C@H](CC(=O)O)c1cccc(OCc2ccc(-c3cc(OC)ccc3F)c([C@@H]3CCCC3(C)C)c2)c1F,3.5,mL.min-1.kg-1,species_only_dog
18553813,CHEMBL4199981,CHEMBL3645235,CL,mL.min-1.kg-1,=,7.6,CHEMBL373,Canis lupus familiaris,Plasma clearance in dog,A,CS[C@@]1(C(=O)Nc2ccc3[nH]nc(-c4ccc(F)cc4)c3c2)CCN(CC(=O)N2CC=C(c3ccc(-c4ncccn4)cc3)CC2)C1,7.6,mL.min-1.kg-1,species_only_dog
18553881,CHEMBL4200038,CHEMBL4213970,CL,mL.min-1.kg-1,=,3.9,CHEMBL373,Canis lupus familiaris,"Clearance in Beagle dog at 3 mg/kg, iv",A,CS[C@@]1(C(=O)Nc2ccc3[nH]nc(-c4ccc(OC(C)C)nc4)c3c2)CCN(CC(=O)N2CC=C(c3ccc(-c4ncn(C)n4)cc3)CC2)C1,3.9,mL.min-1.kg-1,species_only_dog
18556355,CHEMBL4200494,CHEMBL4217549,CL,mL.min-1.kg-1,=,49.0,CHEMBL373,Canis lupus familiaris,"Clearance in Beagle dog at 1 mg/kg, iv administered as bolus dose or 2 mg/kg, po",A,C[C@H](Nc1c(C(N)=O)nnc2ccc(-c3ccc(OCCCN(C)C)nc3)cc12)C1CCOCC1,49.0,mL.min-1.kg-1,species_only_dog
18556356,CHEMBL4200494,CHEMBL4218854,CL,mL.min-1.kg-1,=,48.0,CHEMBL373,Canis lupus familiaris,"Clearance in Beagle dog at 1 mg/kg, iv administered as bolus dose or 2 mg/kg, po",A,CNC(=O)c1nnc2ccc(-c3ccc(OCCCN(C)C)nc3)cc2c1N[C@@H](C)C1CCOCC1,48.0,mL.min-1.kg-1,species_only_dog
18557449,CHEMBL4200834,CHEMBL4208229,CL,mL.min-1.kg-1,=,6.0,CHEMBL373,Canis lupus familiaris,"Clearance in Beagle dog at 1 mg/kg, iv",A,O=C(Nc1ccc(OC(F)(F)Cl)cc1)c1cnc(N2CC[C@@H](O)C2)c(-c2cc[nH]n2)c1,6.0,mL.min-1.kg-1,species_only_dog
18562857,CHEMBL4201976,CHEMBL4207531,CL,mL.min-1.kg-1,=,1.467,CHEMBL373,Canis lupus familiaris,"Clearance in dog at 1 mg/kg, iv",A,Cn1cc(Nc2nc(N)nc(-c3cccc(-n4ccc5cc(C6CC6)cc(F)c5c4=O)c3CO)n2)cn1.O=S(=O)(O)O,1.467,mL.min-1.kg-1,species_only_dog
18568124,CHEMBL4219991,CHEMBL4228137,CL,mL.min-1.kg-1,=,7.833,CHEMBL373,Canis lupus familiaris,"Plasma clearance in dog at 1 mg/kg, iv by LC-MS/MS analysis",A,Cc1cc(C(=O)N[C@H]2CCCCC/C=C\[C@@H]3C[C@@]3(C(=O)NS(=O)(=O)C3CC3)NC(=O)[C@@H]3C[C@@H](Oc4nc5ccccc5nc4C)CN3C2=O)no1,7.833,mL.min-1.kg-1,species_only_dog
18568125,CHEMBL4219991,CHEMBL4228967,CL,mL.min-1.kg-1,=,1.167,CHEMBL373,Canis lupus familiaris,"Plasma clearance in dog at 1 mg/kg, iv by LC-MS/MS analysis",A,Cc1cc(C(=O)N[C@H]2CCCCC/C=C\[C@@H]3C[C@@]3(C(=O)NS(=O)(=O)C3CC3)NC(=O)[C@@H]3C[C@@H](Oc4nc5cc(F)ccc5nc4C)CN3C2=O)no1,1.167,mL.min-1.kg-1,species_only_dog
18568126,CHEMBL4219991,CHEMBL4228116,CL,mL.min-1.kg-1,=,5.667,CHEMBL373,Canis lupus familiaris,"Plasma clearance in dog at 1 mg/kg, iv by LC-MS/MS analysis",A,Cc1cc(C(=O)N[C@H]2CCCCC/C=C\[C@@H]3C[C@@]3(C(=O)NS(=O)(=O)C3CC3)NC(=O)[C@@H]3C[C@@H](Oc4nc5ccccc5nc4C(F)(F)F)CN3C2=O)no1,5.667,mL.min-1.kg-1,species_only_dog
18568127,CHEMBL4219991,CHEMBL4225524,CL,mL.min-1.kg-1,=,0.6667,CHEMBL373,Canis lupus familiaris,"Plasma clearance in dog at 1 mg/kg, iv by LC-MS/MS analysis",A,Cc1cc(C(=O)N[C@H]2CCCCC/C=C\[C@@H]3C[C@@]3(C(=O)NS(=O)(=O)C3CC3)NC(=O)[C@@H]3C[C@@H](Oc4nc5cc(F)ccc5nc4C(F)(F)F)CN3C2=O)no1,0.6667,mL.min-1.kg-1,species_only_dog
18568128,CHEMBL4219991,CHEMBL4224975,CL,mL.min-1.kg-1,=,0.3333,CHEMBL373,Canis lupus familiaris,"Plasma clearance in dog at 1 mg/kg, iv by LC-MS/MS analysis",A,Cc1cc(C(=O)N[C@H]2CCCCC/C=C\[C@@H]3C[C@@]3(C(=O)NS(=O)(=O)C3(C)CC3)NC(=O)[C@@H]3C[C@@H](Oc4nc5cc(F)ccc5nc4C(F)(F)F)CN3C2=O)no1,0.3333,mL.min-1.kg-1,species_only_dog
18568129,CHEMBL4219991,CHEMBL4227650,CL,mL.min-1.kg-1,=,0.3333,CHEMBL373,Canis lupus familiaris,"Plasma clearance in dog at 1 mg/kg, iv by LC-MS/MS analysis",A,Cc1cc(C(=O)N[C@H]2CCCCC/C=C\[C@@H]3C[C@@]3(C(=O)NS(=O)(=O)C3(C)CC3)NC(=O)[C@@H]3C[C@@H](Oc4nc5ccccc5c5ccc(F)cc45)CN3C2=O)no1,0.3333,mL.min-1.kg-1,species_only_dog
18568130,CHEMBL4219991,CHEMBL4226782,CL,mL.min-1.kg-1,=,0.1667,CHEMBL373,Canis lupus familiaris,"Plasma clearance in dog at 1 mg/kg, iv by LC-MS/MS analysis",A,Cn1ccc(C(=O)N[C@H]2CCCCC/C=C\[C@@H]3C[C@@]3(C(=O)NS(=O)(=O)C3(C)CC3)NC(=O)[C@@H]3C[C@@H](Oc4nc5cc(OC(F)(F)F)ccc5c5ccc(F)cc45)CN3C2=O)n1,0.1667,mL.min-1.kg-1,species_only_dog
18568131,CHEMBL4219991,CHEMBL4227567,CL,mL.min-1.kg-1,=,1.167,CHEMBL373,Canis lupus familiaris,"Plasma clearance in dog at 1 mg/kg, iv by LC-MS/MS analysis",A,CC(=O)N(C)[C@@H](CC(C)(C)C)C(=O)N[C@H]1CCCCC/C=C\[C@@H]2C[C@@]2(C(=O)NS(=O)(=O)C2(C)CC2)NC(=O)[C@@H]2C[C@@H](Oc3nc4cc(F)ccc4c4ccccc34)CN2C1=O,1.167,mL.min-1.kg-1,species_only_dog
18574363,CHEMBL4221628,CHEMBL4228006,CL,mL.min-1.kg-1,=,8.9,CHEMBL373,Canis lupus familiaris,"Clearance in dog at 0.2 to 0.5 mg/kg, po or 0.2 to 0.4 mg/kg, iv administered as cassette dose",A,COC(=O)Nc1ccc(-c2cnnc([C@H](Cc3ccccc3)NC(=O)/C=C/c3cc(Cl)ccc3-n3cnnn3)c2)cc1,8.9,mL.min-1.kg-1,species_only_dog
18574364,CHEMBL4221628,CHEMBL4227153,CL,mL.min-1.kg-1,=,18.2,CHEMBL373,Canis lupus familiaris,"Clearance in dog at 0.2 to 0.5 mg/kg, po or 0.2 to 0.4 mg/kg, iv administered as cassette dose",A,COC(=O)Nc1ccc(-c2cc([C@H](Cc3ccccc3)NC(=O)/C=C/c3cc(Cl)ccc3-n3cnnn3)cnn2)cc1,18.2,mL.min-1.kg-1,species_only_dog
18574365,CHEMBL4221628,CHEMBL4226631,CL,mL.min-1.kg-1,=,9.2,CHEMBL373,Canis lupus familiaris,"Clearance in dog at 0.2 to 0.5 mg/kg, po or 0.2 to 0.4 mg/kg, iv administered as cassette dose",A,COC(=O)Nc1ccc(-c2cc([C@H](Cc3ccccc3)NC(=O)/C=C/c3cc(Cl)ccc3-n3cnnn3)nnc2C)cc1,9.2,mL.min-1.kg-1,species_only_dog
18574366,CHEMBL4221628,CHEMBL4227743,CL,mL.min-1.kg-1,=,6.3,CHEMBL373,Canis lupus familiaris,"Clearance in dog at 0.2 to 0.5 mg/kg, po or 0.2 to 0.4 mg/kg, iv administered as cassette dose",A,COC(=O)Nc1ccc(-c2cc([C@H](Cc3ccccc3)NC(=O)/C=C/c3cc(Cl)ccc3-n3cnnn3)nnc2Cl)cc1,6.3,mL.min-1.kg-1,species_only_dog
18574367,CHEMBL4221628,CHEMBL4226897,CL,mL.min-1.kg-1,=,15.5,CHEMBL373,Canis lupus familiaris,"Clearance in dog at 0.2 to 0.5 mg/kg, po or 0.2 to 0.4 mg/kg, iv administered as cassette dose",A,COC(=O)Nc1ccc(-c2cc([C@H](Cc3ccccc3)NC(=O)/C=C/c3cc(Cl)ccc3-n3cnnn3)c(Cl)nn2)cc1,15.5,mL.min-1.kg-1,species_only_dog
18574368,CHEMBL4221628,CHEMBL4228705,CL,mL.min-1.kg-1,=,5.1,CHEMBL373,Canis lupus familiaris,"Clearance in dog at 0.2 to 0.5 mg/kg, po or 0.2 to 0.4 mg/kg, iv administered as cassette dose",A,COC(=O)Nc1ccc(-c2cc([C@H](Cc3ccc(F)cc3)NC(=O)/C=C/c3cc(Cl)ccc3-n3cnnn3)nnc2Cl)cc1,5.1,mL.min-1.kg-1,species_only_dog
18574369,CHEMBL4221628,CHEMBL4225296,CL,mL.min-1.kg-1,=,24.7,CHEMBL373,Canis lupus familiaris,"Clearance in dog at 0.2 to 0.5 mg/kg, po or 0.2 to 0.4 mg/kg, iv administered as cassette dose",A,COC(=O)Nc1ccc(-c2cc([C@H](CC(=O)N3CC[C@@H](O)C3)NC(=O)/C=C/c3cc(Cl)ccc3-n3cnnn3)c(Cl)nn2)cc1,24.7,mL.min-1.kg-1,species_only_dog
18576003,CHEMBL4221849,CHEMBL4224969,CL,mL.min-1.kg-1,=,1.61,CHEMBL373,Canis lupus familiaris,"Clearance in Beagle dog at 1 mg/kg, iv",A,CC1(C)Cc2c(c(C(=O)Nc3ccc(F)c(C(F)(F)F)c3)cc3nc(Nc4c(F)cccc4Cl)[nH]c23)O1,1.61,mL.min-1.kg-1,species_only_dog
18576004,CHEMBL4221849,CHEMBL4226545,CL,mL.min-1.kg-1,=,3.5,CHEMBL373,Canis lupus familiaris,"Clearance in Beagle dog at 1 mg/kg, iv",A,Cc1cccc(Cl)c1Nc1nc2cc(C(=O)Nc3cc(C(F)(F)F)ccc3F)c3c(c2[nH]1)CC(C)(C)O3,3.5,mL.min-1.kg-1,species_only_dog
18576005,CHEMBL4221849,CHEMBL4229061,CL,mL.min-1.kg-1,=,3.9,CHEMBL373,Canis lupus familiaris,"Clearance in Beagle dog at 1 mg/kg, iv",A,CC1(C)Cc2c(c(C(=O)Nc3ccc(C(F)(F)F)cn3)cc3nc(Nc4c(Cl)cccc4Cl)[nH]c23)O1,3.9,mL.min-1.kg-1,species_only_dog
18576191,CHEMBL4221978,CHEMBL4228147,CL,mL.min-1.kg-1,=,0.68,CHEMBL373,Canis lupus familiaris,"Systemic clearance in dog at 2 mg/kg, iv",A,OC[C@H]1O[C@@H](c2ccc(Cl)c(Cc3ccc4c(c3)CC4)c2)[C@H](O)[C@@H](O)[C@@H]1O,0.68,mL.min-1.kg-1,species_only_dog
18578860,CHEMBL4222485,CHEMBL4227082,CL,mL.min-1.kg-1,=,5.0,CHEMBL373,Canis lupus familiaris,"Clearance in dog at 1 mg/kg, iv",A,Cc1cn2c(-c3cn[nH]c3)cnc2c(Nc2cc(Cc3ccccn3)ns2)n1,5.0,mL.min-1.kg-1,species_only_dog
18578861,CHEMBL4222485,CHEMBL4225923,CL,mL.min-1.kg-1,=,9.4,CHEMBL373,Canis lupus familiaris,"Clearance in dog at 1 mg/kg, iv",A,Cc1cn2c(-c3cn[nH]c3)cnc2c(Nc2cc(C(NC(C)(C)C)c3ccccn3)ns2)n1,9.4,mL.min-1.kg-1,species_only_dog
18579444,CHEMBL4222596,CHEMBL4229237,CL,mL.min-1.kg-1,=,7.7,CHEMBL373,Canis lupus familiaris,Intrinsic clearance in dog,A,C[C@@H](NC(=O)c1cc(-c2ccc(Cl)cn2)cc(C(C)(C)O)c1)c1ccc(C(F)(F)F)[n+]([O-])c1,7.7,mL.min-1.kg-1,species_only_dog
18586382,CHEMBL4223527,CHEMBL4229058,CL,mL.min-1.g-1,=,4.0,CHEMBL373,Canis lupus familiaris,Blood clearance in orally dosed dog,A,CCOc1c2c(c(OCC)c3ccccc13)C(=O)N(c1ccc(CC(=O)O)c(F)c1)C2,0.004,mL.min-1.kg-1,species_only_dog
18590566,CHEMBL4224353,CHEMBL3645235,CL,mL.min-1.kg-1,=,7.6,CHEMBL373,Canis lupus familiaris,"Total plasma clearance in dog at 2 mg/kg, iv or 2 mg/kg dosed via portal vein infusion or 10 mg/kg, po",A,CS[C@@]1(C(=O)Nc2ccc3[nH]nc(-c4ccc(F)cc4)c3c2)CCN(CC(=O)N2CC=C(c3ccc(-c4ncccn4)cc3)CC2)C1,7.6,mL.min-1.kg-1,species_only_dog
18682041,CHEMBL4236794,CHEMBL4242594,CL,mL.min-1.kg-1,=,1.2,CHEMBL373,Canis lupus familiaris,"Clearance in dog at 1 mg/kg, iv by ESI-LCMS/MS analysis",A,CCOc1cc(-c2nncn2C)ccc1Nc1ncc2cc(C)nc(NCC(C)(C)C)c2n1.Cl.Cl,1.2,mL.min-1.kg-1,species_only_dog
18682960,CHEMBL4236939,CHEMBL4241824,CL,mL.min-1.kg-1,=,25.0,CHEMBL373,Canis lupus familiaris,"Clearance in Beagle dog blood at 1 mg/kg, iv dosed via 60 mins infusion followed by 6 days washout and re-dosed via oral gavage at 1 mg/kg",A,Cc1cc(C)n(-c2cccc([C@H](CC(=O)O)CN3CC[C@@H](CCc4ccc5c(n4)NCCC5)C3)c2)n1,25.0,mL.min-1.kg-1,species_only_dog
18683418,CHEMBL4237131,CHEMBL4238063,CL,mL.min-1.kg-1,=,46.67,CHEMBL373,Canis lupus familiaris,"Clearance in dog at 3 mg/kg, iv by LC-MS/MS analysis",A,Cc1nnc(C(C)C)n1[C@@H]1C[C@H]2CC[C@@H](C1)N2CC[C@H](NC(=O)C1CCCC1)c1cccs1,46.67,mL.min-1.kg-1,species_only_dog
18683419,CHEMBL4237131,CHEMBL4249798,CL,mL.min-1.kg-1,=,5.0,CHEMBL373,Canis lupus familiaris,"Clearance in dog at 3 mg/kg, iv by LC-MS/MS analysis",A,Cc1nnc(C(C)C)n1[C@@H]1C[C@H]2CC[C@@H](C1)N2CC[C@H](NC(=O)C1CCC(F)(F)CC1)c1ccsc1,5.0,mL.min-1.kg-1,species_only_dog
18683487,CHEMBL4237161,CHEMBL256907,CL,mL.min-1.kg-1,=,350.0,CHEMBL373,Canis lupus familiaris,"Clearance in dog at 0.5 mg/kg, iv by LC-MS/MS analysis",A,Cc1nnc(C(C)C)n1[C@H]1C[C@H]2CC[C@@H](C1)N2CC[C@H](NC(=O)C1CCC(F)(F)CC1)c1ccccc1,350.0,mL.min-1.kg-1,species_only_dog
18685186,CHEMBL4251920,CHEMBL3672387,CL,mL.min-1.kg-1,=,1.2,CHEMBL373,Canis lupus familiaris,"Clearance in dog at 1 mg/kg, iv",A,CNC(=O)c1c(-c2ccc(F)cc2)oc2nc(CCC(F)(F)F)c(-c3cccc(C(=O)NC(C)(C)c4ncon4)c3)cc12,1.2,mL.min-1.kg-1,species_only_dog
18708884,CHEMBL4256622,CHEMBL4279238,CL,mL.min-1.kg-1,=,7.0,CHEMBL373,Canis lupus familiaris,"Clearance in beagle dog at 0.5 mg/kg, iv after 0.033 to 24 hrs by LC-MS/MS method",A,CS(=O)(=O)Nc1nnc2cc(OCC34CC5CC(CC(C5)C3)C4)c(C3CC3)cn12,7.0,mL.min-1.kg-1,species_only_dog
18708885,CHEMBL4256622,CHEMBL4290579,CL,mL.min-1.kg-1,=,4.1,CHEMBL373,Canis lupus familiaris,"Clearance in beagle dog at 0.5 mg/kg, iv after 0.033 to 24 hrs by LC-MS/MS method",A,O=S(=O)(Nc1nnc2cc(OCC34CC5CC(CC(C5)C3)C4)c(C3CC3)cn12)C1CC1,4.1,mL.min-1.kg-1,species_only_dog
18738861,CHEMBL4261875,CHEMBL3893203,CL,mL.min-1.kg-1,=,4.0,CHEMBL373,Canis lupus familiaris,"Plasma clearance in beagle dog at 1 mg/kg, iv",A,C[C@@H](c1nc2ccc(N3CCC[C@@H](C(=O)N4CCCC4)C3)nc2[nH]1)n1cc(Cl)cn1,4.0,mL.min-1.kg-1,species_only_dog
18738862,CHEMBL4261875,CHEMBL4280459,CL,mL.min-1.kg-1,=,7.3,CHEMBL373,Canis lupus familiaris,"Plasma clearance in beagle dog at 1 mg/kg, iv",A,CC(c1nc2cnc(N3CCC[C@@H](C(=O)N4CCCC4)C3)nc2[nH]1)n1cc(Cl)cn1,7.3,mL.min-1.kg-1,species_only_dog
18742872,CHEMBL4262590,CHEMBL4294221,CL,mL.min-1.kg-1,=,6.0,CHEMBL373,Canis lupus familiaris,"Clearance in dog at 1 mg/kg, iv",A,NC1=N[C@@]2(CO1)c1cc(NC(=O)c3ccc(Cl)cn3)ccc1Oc1cnc(C3=CCCOC3)cc12,6.0,mL.min-1.kg-1,species_only_dog
18742893,CHEMBL4262611,CHEMBL4294221,CL,mL.min-1.kg-1,=,260.0,CHEMBL373,Canis lupus familiaris,"Unbound clearance in dog at 1 mg/kg, iv",A,NC1=N[C@@]2(CO1)c1cc(NC(=O)c3ccc(Cl)cn3)ccc1Oc1cnc(C3=CCCOC3)cc12,260.0,mL.min-1.kg-1,species_only_dog
18751918,CHEMBL4264121,CHEMBL4281048,CL,mL.min-1.kg-1,=,11.86,CHEMBL373,Canis lupus familiaris,"Clearance in beagle dog at 2 mg/kg, iv by LC-MS/MS analysis",A,COCCN[C@H]1CC[C@H](Nc2cc(-c3csc(NCC4(C#N)CCOCC4)n3)c(Cl)cn2)CC1,11.86,mL.min-1.kg-1,species_only_dog
18761706,CHEMBL4266484,CHEMBL4278882,CL,mL.min-1.kg-1,=,10.0,CHEMBL612558,,"Clearance in Beagle dog plasma at 3 umol/kg, iv",A,CC(=O)N1CCN([C@H]2CC[C@H](Nc3ncnn4ccc(C(C)C)c34)CC2)CC1,10.0,mL.min-1.kg-1,species_only_dog
18762454,CHEMBL4266726,CHEMBL4278903,CL,mL.min-1.kg-1,=,0.46,CHEMBL373,Canis lupus familiaris,"Clearance in Beagle dog at 1 mg/kg, iv or 3 mg/kg, po via gavage by LC-MS/MS analysis",A,CC(C)C(=O)N1CCC(c2cn(C)c3ncc(NC(=O)c4cccc(C#N)c4)c(C(F)(F)F)c23)CC1,0.46,mL.min-1.kg-1,species_only_dog
18778943,CHEMBL4269633,CHEMBL4293287,CL,mL.min-1.kg-1,=,20.0,CHEMBL373,Canis lupus familiaris,"Clearance in Beagle dog at 1.1 mg/kg, iv or 2 mg/kg, po by LC-MS/MS analysis",A,COc1cc2nccc(Nc3n[nH]c(C)c3C)c2cc1S(=O)(=O)C(C)(C)C,20.0,mL.min-1.kg-1,species_only_dog
18781687,CHEMBL4270262,CHEMBL4282052,CL,mL.min-1.kg-1,=,2.2,CHEMBL373,Canis lupus familiaris,"Clearance in dog at 0.25 mg/kg, iv or 1 mg/kg, po",A,CCOc1cc(CN2CCC3(CC2)CC(=O)N(c2ccc(C(=O)O)cc2)C3)cc(OCC)c1-c1ccc(F)cc1.O=C(O)C(F)(F)F,2.2,mL.min-1.kg-1,species_only_dog
18851504,CHEMBL4305929,CHEMBL4452233,CL,mL.min-1.kg-1,=,9.8,CHEMBL612558,,"Clearance in dog at 1.1 mg/kg, iv",A,O=C(N[C@H]1CCc2cc(F)cc(F)c2NC1=O)c1n[nH]c(Cc2ccccc2)n1,9.8,mL.min-1.kg-1,species_only_dog
18859515,CHEMBL4308463,CHEMBL4458913,CL,mL.min-1.kg-1,=,4.43,CHEMBL612558,,"Clearance in Beagle dog plasma at 0.2 mg/kg, iv administered as bolus dose measured for 0.033 to 24 hrs post compound dose by protein precipitation based UPLC-MS/MS analysis",A,Cc1ccc2nc(CSc3nnc(NC(=O)Nc4cccc(C(F)(F)F)c4)s3)cc(=O)n2c1,4.43,mL.min-1.kg-1,species_only_dog
18870650,CHEMBL4309874,CHEMBL3945728,CL,mL.min-1.kg-1,=,6.3,CHEMBL612558,,"Clearance in Beagle dog at 1 mg/kg, iv or 1 mg/kg, po by LC-MS analysis",A,O=C(OC(C(F)(F)F)C(F)(F)F)N1CCN(Cc2ccc(C(F)(F)F)cc2N2CCCC2)CC1,6.3,mL.min-1.kg-1,species_only_dog
18882071,CHEMBL4312217,CHEMBL4590062,CL,mL.min-1.kg-1,=,3.2,CHEMBL612558,,"Clearance in dog at 0.5 mg/kg, iv",A,CNC(=O)c1c(-c2ccc(F)cc2)oc2cc(N(C)S(C)(=O)=O)c(-c3ccc4ncn5c6cccc(F)c6cc5c4n3)cc12,3.2,mL.min-1.kg-1,species_only_dog
18882072,CHEMBL4312217,CHEMBL4435877,CL,mL.min-1.kg-1,=,7.9,CHEMBL612558,,"Clearance in dog at 0.5 mg/kg, iv",A,CNC(=O)c1c(-c2ccc(F)cc2)oc2cc(N(C)S(C)(=O)=O)c(-c3ccc4c(n3)-c3cc5c(F)cccc5n3CN4)cc12,7.9,mL.min-1.kg-1,species_only_dog
18882073,CHEMBL4312217,CHEMBL3901713,CL,mL.min-1.kg-1,=,2.6,CHEMBL612558,,"Clearance in dog at 0.5 mg/kg, iv",A,CNC(=O)c1c(-c2ccc(F)cc2)oc2cc(N(C)S(C)(=O)=O)c(-c3ccc4ccn5c6cccc(F)c6cc5c4n3)cc12,2.6,mL.min-1.kg-1,species_only_dog
18882074,CHEMBL4312217,CHEMBL3947779,CL,mL.min-1.kg-1,=,2.9,CHEMBL612558,,"Clearance in dog at 0.5 mg/kg, iv",A,CNC(=O)c1c(-c2ccc(F)cc2)oc2cc(N(C)S(C)(=O)=O)c(-c3ccc4c(n3)-c3cc5c(F)cccc5n3CC4)cc12,2.9,mL.min-1.kg-1,species_only_dog
18883466,CHEMBL4312593,CHEMBL4585668,CL,mL.min-1.kg-1,=,1.3,CHEMBL612558,,"Clearance in Beagle dog at 1 mg/kg, iv by UPLC-MS analysis",A,CS(=O)(=O)c1ccc(Oc2cc(F)cc(C#N)c2)c2c1[C@H](O)[C@H](F)[C@@H]2F,1.3,mL.min-1.kg-1,species_only_dog
18902211,CHEMBL4316531,CHEMBL4588847,CL,mL.min-1.kg-1,=,10.67,CHEMBL612558,,"Clearance in dog at 1 mg/kg, iv",A,COc1ncc(C(F)(F)F)cc1CO[C@H]1[C@H](C(C)(C)C)[C@@H](C(=O)O)N(C(=O)[C@@H]2CCCCO2)[C@H]1c1ccccc1C,10.67,mL.min-1.kg-1,species_only_dog
18919877,CHEMBL4322926,CHEMBL4437649,CL,mL.min-1.kg-1,=,4.1,CHEMBL612558,,Clearance in dog,A,N#Cc1ccc(O[C@H]2CN(S(=O)(=O)c3ccc(Cl)cn3)C[C@@]2(O)CO)cc1F,4.1,mL.min-1.kg-1,species_only_dog
18919878,CHEMBL4322926,CHEMBL4550510,CL,mL.min-1.kg-1,=,5.9,CHEMBL612558,,Clearance in dog,A,N#Cc1ccc(O[C@H]2CN(S(=O)(=O)c3ccc(Cl)cn3)C[C@@]2(O)CN)cc1F,5.9,mL.min-1.kg-1,species_only_dog
18919885,CHEMBL4322953,CHEMBL4437649,CL,mL.min-1.kg-1,=,12.0,CHEMBL612558,,Unbound clearance in dog,A,N#Cc1ccc(O[C@H]2CN(S(=O)(=O)c3ccc(Cl)cn3)C[C@@]2(O)CO)cc1F,12.0,mL.min-1.kg-1,species_only_dog
18919886,CHEMBL4322953,CHEMBL4550510,CL,mL.min-1.kg-1,=,18.0,CHEMBL612558,,Unbound clearance in dog,A,N#Cc1ccc(O[C@H]2CN(S(=O)(=O)c3ccc(Cl)cn3)C[C@@]2(O)CN)cc1F,18.0,mL.min-1.kg-1,species_only_dog
18920059,CHEMBL4323031,CHEMBL4557670,CL,mL.min-1.kg-1,=,2.6,CHEMBL612558,,"Clearance in dog at 0.5 mg/kg, iv",A,C[C@H]1SC(N)=N[C@](C)(c2cc(NC(=O)c3cnc(OCF)cn3)ccc2F)[C@H]1F,2.6,mL.min-1.kg-1,species_only_dog
18924676,CHEMBL4324271,CHEMBL4573283,CL,mL.min-1.kg-1,=,5.0,CHEMBL612558,,"Clearance in beagle dog at 1 mg/kg, iv measured up to 24 hrs by LC-MS/MS analysis",A,COC(=O)N[C@H](C(=O)N1CCC[C@H]1c1ncc(-c2ccc3c(c2)CCc2cc(-c4cnc([C@@H]5CCCN5C(=O)[C@@H](NC(=O)OC)C(C)C)[nH]4)sc2-3)[nH]1)C(C)C,5.0,mL.min-1.kg-1,species_only_dog
18924677,CHEMBL4324271,CHEMBL4473049,CL,mL.min-1.kg-1,=,6.0,CHEMBL612558,,"Clearance in beagle dog at 1 mg/kg, iv measured up to 24 hrs by LC-MS/MS analysis",A,COC(=O)N[C@H](C(=O)N1CCC[C@H]1c1ncc(-c2ccc3c(ccc4cc(-c5cnc([C@@H]6CCCN6C(=O)[C@@H](NC(=O)OC)C(C)C)[nH]5)sc43)c2)[nH]1)C(C)C,6.0,mL.min-1.kg-1,species_only_dog
18924678,CHEMBL4324271,CHEMBL4574210,CL,mL.min-1.kg-1,=,7.0,CHEMBL612558,,"Clearance in beagle dog at 1 mg/kg, iv measured up to 24 hrs by LC-MS/MS analysis",A,COC(=O)N[C@H](C(=O)N1CCC[C@H]1c1ncc(-c2ccc3c(c2)OCc2cc(-c4cnc([C@@H]5CCCN5C(=O)[C@@H](NC(=O)OC)C(C)C)[nH]4)sc2-3)[nH]1)C(C)C,7.0,mL.min-1.kg-1,species_only_dog
18924822,CHEMBL4324339,CHEMBL4482864,CL,mL.min-1.kg-1,=,0.012,CHEMBL612558,,Clearance in dog,A,COC[C@H]1Cn2cc(-c3nc(Nc4ccnn4C)ncc3C)nc2C(=O)N1Cc1ccc(F)c(F)c1,0.012,mL.min-1.kg-1,species_only_dog
18925035,CHEMBL4324361,CHEMBL4475463,CL,mL.min-1.kg-1,=,0.5,CHEMBL612558,,"Clearance in dog at 3 mg/kg, iv or 10 mg/kg, po",A,O=C(O)c1ccc2c(c1)CCCC(c1ccc(Cl)cc1Cl)=C2c1ccc(O[C@H]2CCN(CCCF)C2)cc1,0.5,mL.min-1.kg-1,species_only_dog
18933179,CHEMBL4326451,CHEMBL4470860,CL,mL.min-1.kg-1,=,3.667,CHEMBL612558,,"Clearance in Beagle dog at 1 mg/kg, iv by ESI-LC/MS/MS analysis",A,Cc1nc2c(-c3nnc[nH]3)cc(-c3ccnc(N)c3F)cc2n1-c1ccnc2c(F)ccc(F)c12,3.667,mL.min-1.kg-1,species_only_dog
18945493,CHEMBL4329680,CHEMBL4590548,CL,mL.min-1.kg-1,=,23.6,CHEMBL612558,,"Plasma clearance in Beagle dog at 2.03 mg/kg, po or 1.11 mg/kg, iv",A,NC(=O)c1cc(-c2ccccc2)cc2c(C3CCS(=O)(=O)CC3)c[nH]c12,23.6,mL.min-1.kg-1,species_only_dog
18945527,CHEMBL4329680,CHEMBL4565091,CL,mL.min-1.kg-1,=,1.86,CHEMBL612558,,"Plasma clearance in Beagle dog at 2.03 mg/kg, po or 1.11 mg/kg, iv",A,CC1(C)C[C@H](c2c[nH]c3c(C(N)=O)cc(-c4ccc(F)cc4)cc23)CCS1(=O)=O,1.86,mL.min-1.kg-1,species_only_dog
18945996,CHEMBL4329864,CHEMBL4577928,CL,mL.min-1.kg-1,=,17.0,CHEMBL612558,,"Plasma clearance in Beagle dog at 0.175 mg/kg, iv or 1 mg/kg, po administered via gavage by LC-MS/MS analysis",A,O=C(O)CNC(=O)c1c(O)c2c(n(Cc3ccc(C(F)(F)F)cc3)c1=O)COC2,17.0,mL.min-1.kg-1,species_only_dog
18954842,CHEMBL4332188,CHEMBL4474731,CL,mL.min-1.kg-1,=,4.1,CHEMBL612558,,"Clearance in dog at 2 mg/kg, iv or 5 mg/kg, po",A,CCOc1ccc(-c2ccc(CCCc3nn(-c4ccc(C(F)(F)F)cc4)c(=O)n3-c3ccccc3F)cc2)cc1CC(=O)[O-].[Na+],4.1,mL.min-1.kg-1,species_only_dog
18975643,CHEMBL4338106,CHEMBL4463581,CL,mL.min-1.kg-1,=,0.35,CHEMBL612558,,"Clearance in dog at 1 mg/kg, iv",A,O=C(N1CC[C@@]2(S(=O)(=O)c3ccc(F)cc3)c3ccc(C(F)(C(F)(F)F)C(F)(F)F)cc3CC[C@@H]12)C1(O)CCS(=O)(=O)CC1,0.35,mL.min-1.kg-1,species_only_dog
18979648,CHEMBL4338907,CHEMBL3558130,CL,mL.min-1.kg-1,=,4.5,CHEMBL612558,,"Clearance in Beagle dog at 0.25 mg/kg, iv or 0.5 mg/kg, po by LC-MS/MS analysis",A,O=C(O)c1ccc(-c2nn(C(=O)c3c(Cl)cccc3C(F)(F)F)c3cccnc23)c(F)c1,4.5,mL.min-1.kg-1,species_only_dog
18979649,CHEMBL4338907,CHEMBL4439154,CL,mL.min-1.kg-1,=,1.4,CHEMBL612558,,"Clearance in Beagle dog at 0.25 mg/kg, iv or 0.5 mg/kg, po by LC-MS/MS analysis",A,O=C(O)[C@@H]1CCN(c2nn(C(=O)c3c(Cl)cccc3C3CC3)c3cccc(F)c23)C[C@H]1O,1.4,mL.min-1.kg-1,species_only_dog
18980301,CHEMBL4339083,CHEMBL4514379,CL,mL.min-1.kg-1,=,6.4,CHEMBL612558,,"Clearance in Beagle dog at 1 mg/kg, iv",A,N#Cc1cnc2ccc(-c3c(-c4ccc(F)c(Cl)c4)ncn3CCO)nn12,6.4,mL.min-1.kg-1,species_only_dog
18980557,CHEMBL4339162,CHEMBL3676150,CL,mL.min-1.kg-1,=,29.0,CHEMBL612558,,Clearance in in dog plasma,A,O=C(O)CCC(=O)N[C@@H](CC(=O)O)Cc1ccc(-c2cccc(Cl)c2)cc1,29.0,mL.min-1.kg-1,species_only_dog
18997720,CHEMBL4342950,CHEMBL4583691,CL,mL.min-1.kg-1,=,3.5,CHEMBL612558,,"Clearance in dog at 0.2 mg/kg, iv or 0.4 mg/kg, po",A,Cc1ccc(NC(=O)c2ccnc(C(F)(F)F)c2)cc1-c1cc(OCCO)nc(N2CCOCC2)c1,3.5,mL.min-1.kg-1,species_only_dog
19000067,CHEMBL4343438,CHEMBL4560579,CL,mL.min-1.kg-1,=,15.0,CHEMBL612558,,"Clearance in Beagle dog at 1 mg/kg, iv",A,C#CCOc1cnc(C(=O)Nc2cc(F)c(F)c([C@@]3(C)N=C(N)S[C@@]4(COC)C[C@H]43)c2)cn1,15.0,mL.min-1.kg-1,species_only_dog
19009030,CHEMBL4345138,CHEMBL4475494,CL,mL.min-1.kg-1,=,11.3,CHEMBL612558,,"Clearance in dog plasma at 1 mg/kg, iv or po",A,CC(C)(O)[C@H](F)CN1Cc2cc(NC(=O)c3cnn4cccnc34)c(N3CCOCC3)cc2C1=O,11.3,mL.min-1.kg-1,species_only_dog
19014765,CHEMBL4346349,CHEMBL4462804,CL,mL.min-1.kg-1,=,5.667,CHEMBL612558,,"Clearance in dog plasma at 0.1 mg/kg, iv",A,CCNC(=O)c1cc2c(-c3cc(S(=O)(=O)CC)ccc3Oc3c(C)cccc3C)cn(C)c(=O)c2[nH]1,5.667,mL.min-1.kg-1,species_only_dog
19014821,CHEMBL4346349,CHEMBL4297454,CL,mL.min-1.kg-1,=,4.0,CHEMBL612558,,"Clearance in dog plasma at 0.1 mg/kg, iv",A,CCNC(=O)c1cc2c(-c3cc(C(C)(C)O)ccc3Oc3c(C)cc(F)cc3C)cn(C)c(=O)c2[nH]1,4.0,mL.min-1.kg-1,species_only_dog
19028079,CHEMBL4348829,CHEMBL4570812,CL,mL.min-1.kg-1,=,5.8,CHEMBL612558,,"Plasma clearance in Beagle dog at 0.25 mg/kg, iv or 0.5 mg/kg, po",A,CCn1ncc(-c2nc3c(O[C@H]4CCN(C(=O)C5CCOCC5)C4)ncnc3n2C)c1C,5.8,mL.min-1.kg-1,species_only_dog
19028080,CHEMBL4348829,CHEMBL4447337,CL,mL.min-1.kg-1,=,46.0,CHEMBL612558,,"Plasma clearance in Beagle dog at 0.25 mg/kg, iv or 0.5 mg/kg, po",A,CCn1ncc(-c2nc3c(N4CCC(n5c(=O)[nH]c6ncccc65)CC4)ncnc3n2C)c1C,46.0,mL.min-1.kg-1,species_only_dog
19028081,CHEMBL4348854,CHEMBL4582480,CL,mL.min-1.kg-1,=,7.9,CHEMBL612558,,Plasma clearance in Beagle dog at 0.05 mg/kg,A,CC[C@H](Nc1ncnc2c1nc(-c1cnn(CC)c1C)n2C)C(=O)N1C[C@@H](C)O[C@@H](C)C1,7.9,mL.min-1.kg-1,species_only_dog
19028082,CHEMBL4348854,CHEMBL4475824,CL,mL.min-1.kg-1,=,4.1,CHEMBL612558,,Plasma clearance in Beagle dog at 0.05 mg/kg,A,CCn1ncc(-c2nc3c(O[C@H]4CCN(C(=O)C5CC5)C4)ncnc3n2C)c1C,4.1,mL.min-1.kg-1,species_only_dog
19028083,CHEMBL4348855,CHEMBL4570812,CL,mL.min-1.kg-1,=,10.0,CHEMBL612558,,"Intrinsic clearance in Beagle dog at 0.25 mg/kg, iv or 0.5 mg/kg, po",A,CCn1ncc(-c2nc3c(O[C@H]4CCN(C(=O)C5CCOCC5)C4)ncnc3n2C)c1C,10.0,mL.min-1.kg-1,species_only_dog
19028084,CHEMBL4348856,CHEMBL4582480,CL,mL.min-1.kg-1,=,25.0,CHEMBL612558,,Intrinsic clearance in Beagle dog at 0.05 mg/kg,A,CC[C@H](Nc1ncnc2c1nc(-c1cnn(CC)c1C)n2C)C(=O)N1C[C@@H](C)O[C@@H](C)C1,25.0,mL.min-1.kg-1,species_only_dog
19028085,CHEMBL4348856,CHEMBL4475824,CL,mL.min-1.kg-1,=,8.0,CHEMBL612558,,Intrinsic clearance in Beagle dog at 0.05 mg/kg,A,CCn1ncc(-c2nc3c(O[C@H]4CCN(C(=O)C5CC5)C4)ncnc3n2C)c1C,8.0,mL.min-1.kg-1,species_only_dog
19029798,CHEMBL4349058,CHEMBL4435675,CL,mL.min-1.kg-1,=,41.0,CHEMBL612558,,"Apparent clearance in male Beagle dog at 0.5 mg/kg, po by LC-MS/MS analysis",A,COC(=O)N(C)c1c(N)nc(-c2nn(Cc3sccc3F)c3ncccc23)nc1N,41.0,mL.min-1.kg-1,species_only_dog
19029805,CHEMBL4349065,CHEMBL4435675,CL,mL.min-1.kg-1,=,96.0,CHEMBL612558,,"Apparent clearance in male Beagle dog at 1.5 mg/kg, po by LC-MS/MS analysis",A,COC(=O)N(C)c1c(N)nc(-c2nn(Cc3sccc3F)c3ncccc23)nc1N,96.0,mL.min-1.kg-1,species_only_dog
19029811,CHEMBL4349071,CHEMBL4435675,CL,mL.min-1.kg-1,=,103.0,CHEMBL612558,,"Apparent clearance in male Beagle dog at 4.5 mg/kg, po by LC-MS/MS analysis",A,COC(=O)N(C)c1c(N)nc(-c2nn(Cc3sccc3F)c3ncccc23)nc1N,103.0,mL.min-1.kg-1,species_only_dog
19029817,CHEMBL4349077,CHEMBL4435675,CL,mL.min-1.kg-1,=,42.33,CHEMBL612558,,"Apparent clearance in female Beagle dog at 0.5 mg/kg, po by LC-MS/MS analysis",A,COC(=O)N(C)c1c(N)nc(-c2nn(Cc3sccc3F)c3ncccc23)nc1N,42.33,mL.min-1.kg-1,species_only_dog
19031705,CHEMBL4349603,CHEMBL4474855,CL,mL.min-1.kg-1,=,3.167,CHEMBL612558,,"Clearance in dog at 0.5 mg/kg, iv or 1 mg/kg, po",A,CC[C@@H]1[C@@H]2CN(C(=O)[C@H](C(C)(C)C)NC(=O)O[C@@H]3C[C@H]3CCCCC(F)(F)c3nc4ccc(OC)cc4nc3O2)[C@@H]1C(=O)N[C@]1(C(=O)NS(=O)(=O)C2(C)CC2)C[C@H]1C(F)F,3.167,mL.min-1.kg-1,species_only_dog
19037439,CHEMBL4351282,CHEMBL4528928,CL,mL.min-1.kg-1,=,3.333,CHEMBL612558,,"Clearance in Beagle dog at 0.004 to 0.1 umol/kg, iv or 0.1 to 1 umol/kg, po via gavage measured up to 79 hrs",A,Cc1cc(-c2ccc(C(=O)[C@@H]3CCCC[C@H]3C(=O)Nc3cn(C)nc3C)cc2)n[nH]1,3.333,mL.min-1.kg-1,species_only_dog
19039552,CHEMBL4351554,CHEMBL3647536,CL,mL.min-1.kg-1,=,29.0,CHEMBL612558,,Clearance in dog,A,CCn1cnc2c(-c3ccc(F)c(-c4ccc(S(=O)(=O)CC)cc4OC)c3)cnnc21,29.0,mL.min-1.kg-1,species_only_dog
19039553,CHEMBL4351554,CHEMBL4545044,CL,mL.min-1.kg-1,=,33.0,CHEMBL612558,,Clearance in dog,A,CCn1cnc2c(-c3ccc(F)c(-c4cc5c(cc4OC)C(=O)N(C)C5)c3)cnnc21,33.0,mL.min-1.kg-1,species_only_dog
19041646,CHEMBL4352662,CHEMBL4513442,CL,mL.min-1.kg-1,=,5.4,CHEMBL612558,,"Clearance in Beagle dog at 1 mg/kg, iv by LC-MS/MS analysis",A,CC(=O)c1cnc(N)nc1N1CC[C@H]1c1nn2ccc(Cl)c2c(=O)n1-c1ccccc1,5.4,mL.min-1.kg-1,species_only_dog
19053508,CHEMBL4355781,CHEMBL4111094,CL,mL.min-1.kg-1,=,11.7,CHEMBL612558,,"Clearance in Beagle dog at 1 mg/kg, iv",A,CCNC1=N[C@@H]2[C@@H](O)[C@H](O)[C@@H](C(F)F)O[C@@H]2S1,11.7,mL.min-1.kg-1,species_only_dog
19055743,CHEMBL4356610,CHEMBL4446378,CL,mL.min-1.kg-1,=,0.3333,CHEMBL612558,,"Clearance in Beagle dog at 0.5 mg/kg, iv",A,CO[C@H]1/C=C/C[C@H](C)[C@@H](C)S(=O)(=O)NC(=O)c2ccc3c(c2)N(C[C@@H]2CC[C@H]21)C[C@@]1(CCCc2cc(Cl)ccc21)CO3,0.3333,mL.min-1.kg-1,species_only_dog
19055744,CHEMBL4356610,CHEMBL4446369,CL,mL.min-1.kg-1,=,0.8333,CHEMBL612558,,"Clearance in Beagle dog at 0.5 mg/kg, iv",A,CN1CC/C=C/[C@H](OCCN2CC(F)(F)C2)[C@@H]2CC[C@H]2CN2C[C@@]3(CCCc4cc(Cl)ccc43)COc3ccc(cc32)[C@@](O)(C(=O)NS(=O)(=O)N(C)C)CC1=O,0.8333,mL.min-1.kg-1,species_only_dog
19055745,CHEMBL4356611,CHEMBL4446378,CL,mL.min-1.kg-1,=,22.33,CHEMBL612558,,"Unbound clearance in Beagle dog at 0.5 mg/kg, iv",A,CO[C@H]1/C=C/C[C@H](C)[C@@H](C)S(=O)(=O)NC(=O)c2ccc3c(c2)N(C[C@@H]2CC[C@H]21)C[C@@]1(CCCc2cc(Cl)ccc21)CO3,22.33,mL.min-1.kg-1,species_only_dog
19055746,CHEMBL4356611,CHEMBL4446369,CL,mL.min-1.kg-1,=,246.67,CHEMBL612558,,"Unbound clearance in Beagle dog at 0.5 mg/kg, iv",A,CN1CC/C=C/[C@H](OCCN2CC(F)(F)C2)[C@@H]2CC[C@H]2CN2C[C@@]3(CCCc4cc(Cl)ccc43)COc3ccc(cc32)[C@@](O)(C(=O)NS(=O)(=O)N(C)C)CC1=O,246.67,mL.min-1.kg-1,species_only_dog
19056724,CHEMBL4356839,CHEMBL4580030,CL,mL.min-1.kg-1,=,12.0,CHEMBL612558,,"Clearance in Beagle dog at 1 mg/kg, iv after 0.083 to 144 hrs by LC-MS/MS analysis",A,CCC(=O)c1sc(-c2ccc(OC)cc2)c(C)c1-c1ccc(S(N)(=O)=O)cc1,12.0,mL.min-1.kg-1,species_only_dog
19056754,CHEMBL4356839,CHEMBL4457158,CL,mL.min-1.g-1,=,700.0,CHEMBL612558,,"Clearance in Beagle dog at 1 mg/kg, iv after 0.083 to 144 hrs by LC-MS/MS analysis",A,CCC(=O)c1sc(-c2ccc(Cl)cc2)c(C)c1-c1ccc(S(N)(=O)=O)cc1,0.7,mL.min-1.kg-1,species_only_dog
19057667,CHEMBL4357153,CHEMBL4446421,CL,mL.min-1.kg-1,=,191.75,CHEMBL612558,,Metabolic stability in dog assessed as intrinsic hepatic clearance by LC/MS-MS analysis,A,COc1ccccc1S(=O)(=O)Nc1ccc2c3c(cc(-n4cnc(C)c4)nc13)C(=O)N2C,191.75,mL.min-1.kg-1,species_only_dog
19058201,CHEMBL4357278,CHEMBL4535757,CL,mL.min-1.kg-1,=,36.67,CHEMBL612558,,"Clearance in Beagle dog at 1 mg/kg, iv or 10 mg/kg, po",A,C=CC(=O)N1CCN(c2nc(=O)n(-c3c(C)ccnc3C(C)C)c3nc(-c4c(O)cccc4F)c(F)cc23)[C@@H](C)C1,36.67,mL.min-1.kg-1,species_only_dog
19058444,CHEMBL4357361,CHEMBL4445591,CL,mL.min-1.kg-1,=,16.4,CHEMBL612558,,"Clearance in dog at 0.40 mg/kg, iv or 0.57 mg/kg, po",A,COC(=O)Nc1ccc2c(c1)NC(=O)[C@H](C)CCC[C@H](NC(=O)c1cnn(-c3cccc(Cl)c3F)c1C)c1cc-2ccn1.O=C(O)C(F)(F)F,16.4,mL.min-1.kg-1,species_only_dog
19058453,CHEMBL4357370,CHEMBL4537182,CL,mL.min-1.kg-1,=,15.6,CHEMBL612558,,"Clearance in dog at 0.80 mg/kg, iv",A,COC(=O)Nc1ccc2c(c1)NC(=O)[C@H](C)CCC[C@H](NC(=O)c1ncn(-c3cccc(Cl)c3F)c1C)c1cc-2ccn1.O=C(O)C(F)(F)F.O=C(O)C(F)(F)F,15.6,mL.min-1.kg-1,species_only_dog
19058461,CHEMBL4357378,CHEMBL4455005,CL,mL.min-1.kg-1,=,5.4,CHEMBL612558,,"Clearance in dog at 0.40 mg/kg, iv or 0.62 mg/kg, po",A,COC(=O)Nc1ccc2c(c1)NC(=O)[C@H](C)CCC[C@H](NC(=O)c1nnn(-c3cccc(Cl)c3F)c1C)c1cc-2ccn1.O=C(O)C(F)(F)F,5.4,mL.min-1.kg-1,species_only_dog
19061306,CHEMBL4358564,CHEMBL4483575,CL,mL.min-1.kg-1,=,29.0,CHEMBL612558,,"Clearance in Beagle dog at 1 mg/kg, iv or 3 mg/kg, po",A,C=CC(=O)N(C)CCOc1c(N)ncnc1-c1cc(F)cc(NC(=O)c2ccc(C3CC3)cc2F)c1C,29.0,mL.min-1.kg-1,species_only_dog
19062832,CHEMBL4359231,CHEMBL4476378,CL,mL.min-1.kg-1,=,5.3,CHEMBL612558,,"Clearance in Beagle dog at 1 mg/kg, iv by LC-MS/MS analysis",A,COC(=O)N[C@H](C(=O)N1[C@H](c2ncc(-c3ccc4c(c3)-c3ccc(-c5cnc([C@@H]6C[C@@H]7CCC[C@@H]7N6C(=O)[C@@H](NC(=O)OC)[C@@H](C)OC)[nH]5)cc3-4)[nH]2)C[C@@H]2CCC[C@@H]21)[C@@H](C)OC,5.3,mL.min-1.kg-1,species_only_dog
19064749,CHEMBL4359986,CHEMBL4466517,CL,mL.min-1.kg-1,=,9.3,CHEMBL612558,,"Plasma clearance in dog at 0.3 mg/kg, iv",A,C[C@]1(CO)Cc2cc(NC(=O)c3cnn4cccnc34)c(N3CCOCC3)cc2O1,9.3,mL.min-1.kg-1,species_only_dog
19065799,CHEMBL4360301,CHEMBL4451408,CL,mL.min-1.kg-1,=,7.7,CHEMBL612558,,"Clearance in dog at 0.5 mg/kg, iv",A,COc1nc(N[C@@H](C)c2cc3cc(Cl)ccc3[nH]c2=O)ncc1C#N,7.7,mL.min-1.kg-1,species_only_dog
19065800,CHEMBL4360301,CHEMBL4442678,CL,mL.min-1.kg-1,=,4.3,CHEMBL612558,,"Clearance in dog at 0.5 mg/kg, iv",A,COc1cc2[nH]c(=O)c([C@H](C)Nc3ncc(C#N)c(OC)n3)cc2cc1Cl,4.3,mL.min-1.kg-1,species_only_dog
19066015,CHEMBL4360355,CHEMBL4437106,CL,mL.min-1.kg-1,=,4.0,CHEMBL612558,,"Clearance in dog at 1 mg/kg, po or 0.5 mg/kg, iv",A,CO[C@H](C(=O)Nc1nnc(N[C@@H]2CCN(c3cccnn3)C2)s1)c1ccccc1,4.0,mL.min-1.kg-1,species_only_dog
19066016,CHEMBL4360355,CHEMBL3808443,CL,mL.min-1.kg-1,=,1.0,CHEMBL612558,,"Clearance in dog at 1 mg/kg, po or 0.5 mg/kg, iv",A,CO[C@H](C(=O)Nc1nnc(N[C@@H]2CCN(c3nccnn3)C2)s1)c1ccccc1,1.0,mL.min-1.kg-1,species_only_dog
19082356,CHEMBL4363968,CHEMBL4475248,CL,mL.min-1.kg-1,=,3.3,CHEMBL612558,,"Clearance in dog at 0.2 mg/kg, iv",A,CC(F)(F)CN1C(=O)[C@]2(C)COCCN2c2nc(-c3ccc(NC(=O)NC4CC4)cc3)ncc21,3.3,mL.min-1.kg-1,species_only_dog
19088206,CHEMBL4365199,CHEMBL4468815,CL,mL.min-1.kg-1,=,36.0,CHEMBL612558,,"Clearance in Beagle dog at 1 mg/kg, iv or 10 mg/kg, po",A,Cc1ccc2nc(N3CCS(=O)(=O)c4ccccc4C3)nc(NCC3(N)COC3)c2c1,36.0,mL.min-1.kg-1,species_only_dog
19091007,CHEMBL4366173,CHEMBL4591825,CL,mL.min-1.kg-1,=,7.2,CHEMBL612558,,"Clearance in Beagle dog at 1 mg/kg, iv measured for 24 hrs by LC-MS/MS analysis",A,COCc1nnc(N2C[C@@H]3C[C@]3(c3ccc(F)cc3Cl)C2)n1-c1ccc(OC)nc1,7.2,mL.min-1.kg-1,species_only_dog
19094352,CHEMBL4367215,CHEMBL4459231,CL,mL.min-1.kg-1,=,10.7,CHEMBL612558,,"Hepatic clearance in dog at 0.5 mg/kg, iv or 2 mg/kg, po",A,C[C@@H]1CC(c2cnc3c(C#N)nn([C@H](C)c4ccc(Cl)cc4Cl)c3n2)=CC[C@@H]1N1CCC[C@H]1CO,10.7,mL.min-1.kg-1,species_only_dog
19095083,CHEMBL4367320,CHEMBL3989951,CL,mL.min-1.kg-1,=,59.3,CHEMBL612558,,"Clearance in dog at 1 mg/kg, iv administered as single dose",A,O[C@H](C[C@H]1c2c(F)cccc2-c2cncn21)[C@H]1CC[C@H](O)CC1,59.3,mL.min-1.kg-1,species_only_dog
19095084,CHEMBL4367321,CHEMBL3989951,CL,mL.min-1.kg-1,=,56.1,CHEMBL612558,,"Clearance in dog at 3 mg/kg, iv administered as single dose",A,O[C@H](C[C@H]1c2c(F)cccc2-c2cncn21)[C@H]1CC[C@H](O)CC1,56.1,mL.min-1.kg-1,species_only_dog
19095085,CHEMBL4367322,CHEMBL3989951,CL,mL.min-1.kg-1,=,53.7,CHEMBL612558,,"Clearance in dog at 10 mg/kg, iv administered as single dose",A,O[C@H](C[C@H]1c2c(F)cccc2-c2cncn21)[C@H]1CC[C@H](O)CC1,53.7,mL.min-1.kg-1,species_only_dog
19095086,CHEMBL4367323,CHEMBL3989951,CL,mL.min-1.kg-1,=,41.4,CHEMBL612558,,"Clearance in dog at 25 mg/kg, iv administered as single dose",A,O[C@H](C[C@H]1c2c(F)cccc2-c2cncn21)[C@H]1CC[C@H](O)CC1,41.4,mL.min-1.kg-1,species_only_dog
19095154,CHEMBL4367372,CHEMBL4514780,CL,mL.min-1.kg-1,=,9.9,CHEMBL612558,,"Clearance in Beagle dog at 2 mg/kg, po or 1.1 mg/kg, iv by LC/MS/MS analysis",A,CC(C)(C)S(=O)(=O)c1cc2c(Nc3ccc4scnc4c3)ncnc2cc1OCCO,9.9,mL.min-1.kg-1,species_only_dog
19095204,CHEMBL4367409,CHEMBL4516875,CL,mL.min-1.kg-1,=,11.0,CHEMBL612558,,"Clearance in Beagle dog assessed as 2-((4-(Benzo[d]thiazol-5-ylamino)-6-(tert-butylsulfonyl)quinazolin-7-yl)oxy)ethanol level at 2 mg/kg, po or 0.9 mg/kg, iv by LC/MS/MS analysis",A,CC(C)(C)S(=O)(=O)c1cc2c(Nc3ccc4scnc4c3)ncnc2cc1OCCOP(=O)(O)O.[CaH2],11.0,mL.min-1.kg-1,species_only_dog
19109823,CHEMBL4370163,CHEMBL4568404,CL,mL.min-1.kg-1,=,2.333,CHEMBL612558,,Clearance in iv dosed dog,A,C[C@H]1NC(=O)c2cc(-c3cccc4c(=O)n(C5(C)CC5)c(NC5(C)CC5)nc34)[nH]c21,2.333,mL.min-1.kg-1,species_only_dog
19110151,CHEMBL4370223,CHEMBL4593911,CL,mL.min-1.kg-1,=,36.0,CHEMBL612558,,"Clearance in Beagle dog at 1 mg/kg, iv by LC-MS/MS analysis",A,Cl.Cl.O=C(CN1CCOCC1)Nc1ccc(OC2CCN(C3CCC3)CC2)cc1,36.0,mL.min-1.kg-1,species_only_dog
19110483,CHEMBL4370334,CHEMBL4448852,CL,mL.min-1.kg-1,=,5.9,CHEMBL612558,,"Clearance in dog at 0.5 mg/kg, iv or 1 mg/kg, po",A,C[C@@H]1Cc2c(ccc3[nH]ncc23)[C@@H](c2c(F)cc(/C=C/C(=O)O)cc2F)N1CC(C)(C)F,5.9,mL.min-1.kg-1,species_only_dog
19110484,CHEMBL4370334,CHEMBL4436187,CL,mL.min-1.kg-1,=,5.4,CHEMBL612558,,"Clearance in dog at 0.5 mg/kg, iv or 1 mg/kg, po",A,C[C@@H]1Cc2c(ccc3[nH]ncc23)[C@@H](c2c(F)cc(/C=C/C(=O)O)cc2F)N1CC(C)(F)F,5.4,mL.min-1.kg-1,species_only_dog
19110485,CHEMBL4370334,CHEMBL4517931,CL,mL.min-1.kg-1,=,2.8,CHEMBL612558,,"Clearance in dog at 0.5 mg/kg, iv or 1 mg/kg, po",A,COc1cc(/C=C/C(=O)O)ccc1[C@@H]1c2ccc3[nH]ncc3c2C[C@@H](C)N1CC(C)(F)F,2.8,mL.min-1.kg-1,species_only_dog
19142898,CHEMBL4376912,CHEMBL4437054,CL,mL.min-1.kg-1,=,9.0,CHEMBL612558,,"Plasma clearance in Beagle dog at 2 mg/ml, iv or 1.2 mg/ml, po measured up to 24 hrs by LC-MS/MS analysis",A,CS(=O)(=O)CCCn1c(Cn2c(=O)n(CC(F)(F)F)c3ccncc32)cc2cc(Cl)ccc21,9.0,mL.min-1.kg-1,species_only_dog
19143962,CHEMBL4377428,CHEMBL4435170,CL,mL.min-1.kg-1,=,6.8,CHEMBL612558,,"Clearance in dog at 2 mg/kg, iv",A,[2H]C([2H])([2H])NC(=O)c1nnc(NC(=O)C2CC2)cc1Nc1cccc(-c2ncn(C)n2)c1OC,6.8,mL.min-1.kg-1,species_only_dog
19145025,CHEMBL4378040,CHEMBL1082723,CL,mL.min-1.kg-1,=,3.35,CHEMBL612558,,"Clearance in Beagle dog at 1 mg/kg, iv by LC-MS/MS analysis",A,C[C@H]1Cc2c([nH]c3cc(Cl)c(F)cc23)[C@@]2(N1)C(=O)Nc1ccc(Cl)cc12,3.35,mL.min-1.kg-1,species_only_dog
19145108,CHEMBL4378112,CHEMBL1956285,CL,mL.min-1.kg-1,=,0.3667,CHEMBL612558,,"Plasma clearance in Beagle dog at 1 mg/kg, iv by LC-MS analysis",A,Cc1cc(Nc2ccc(S(F)(F)(F)(F)F)cc2)n2nc(C(C)(F)F)nc2n1,0.3667,mL.min-1.kg-1,species_only_dog
19145149,CHEMBL4378148,CHEMBL2041980,CL,mL.min-1.kg-1,=,0.6,CHEMBL612558,,Plasma clearance in dog,A,CS(=O)(=O)c1ccc(-c2cnc(N)c(-c3ccc(C(F)(F)F)nc3)c2)cc1,0.6,mL.min-1.kg-1,species_only_dog
19145334,CHEMBL4378193,CHEMBL4454609,CL,mL.min-1.kg-1,=,2.4,CHEMBL612558,,"Clearance in Beagle dog at 1 mg/kg, iv infusion or 2 mg/kg, po via gavage after 48 hrs",A,COc1cc(N(CC2CC2)c2ccc(Cl)c3ccccc23)cnc1C(=O)[C@H]1C[C@@H]1C(=O)O,2.4,mL.min-1.kg-1,species_only_dog
19145335,CHEMBL4378193,CHEMBL3961833,CL,mL.min-1.kg-1,=,1.8,CHEMBL612558,,"Clearance in Beagle dog at 1 mg/kg, iv infusion or 2 mg/kg, po via gavage after 48 hrs",A,COc1nc(N(CC(C)(C)F)c2cc(Cl)c(F)cc2F)cnc1C(=O)[C@H]1C[C@@H]1C(=O)O,1.8,mL.min-1.kg-1,species_only_dog
19160449,CHEMBL4383179,CHEMBL4437188,CL,mL.min-1.kg-1,=,26.0,CHEMBL612558,,"Clearance in dog at 10 mg/kg, iv",A,C[C@@](C[C@H]1CN(c2ccc(C#CC3CC3)cc2)C(=O)O1)(C(=O)NO)S(C)(=O)=O,26.0,mL.min-1.kg-1,species_only_dog
19176957,CHEMBL4386273,CHEMBL4464990,CL,mL.min-1.kg-1,=,2.4,CHEMBL612558,,"Plasma clearance in Beagle dog at 0.5 mg/kg, iv administered as single dose measured upto 24 hrs by LC-MS/MS analysis",A,O=S(=O)(Nc1ccncn1)c1cc2c(cc1F)[C@@H](N1CC[C@H](C(F)(F)F)C[C@@H]1c1ccccn1)CCO2,2.4,mL.min-1.kg-1,species_only_dog
19178588,CHEMBL4386703,CHEMBL3545062,CL,mL.min-1.kg-1,=,4.167,CHEMBL612558,,"Clearance in dog at 0.25 mg/kg, iv",A,COC[C@H]1C[C@@H](c2nc(-c3ccc4c(c3)COc3cc5c(ccc6nc([C@@H]7CC[C@H](C)N7C(=O)[C@@H](NC(=O)OC)C(C)C)[nH]c65)cc3-4)c[nH]2)N(C(=O)[C@H](NC(=O)OC)c2ccccc2)C1,4.167,mL.min-1.kg-1,species_only_dog
19183739,CHEMBL4387806,CHEMBL4468585,CL,mL.min-1.kg-1,=,1.3,CHEMBL612558,,"Plasma clearance in Beagle dog at 0.1 mg/kg, iv by HPLC-MS/MS analysis",A,O=C(N[C@@H](C(=O)N1CCC[C@H]1c1ncc(-c2ccc(-c3ccc(-c4cnc([C@@H]5CCCN5C(=O)[C@H](NC(=O)C5CC5)c5ccccc5)s4)cc3)cc2)s1)c1ccccc1)C1CC1,1.3,mL.min-1.kg-1,species_only_dog
19191174,CHEMBL4389052,CHEMBL4463517,CL,mL.min-1.kg-1,=,10.17,CHEMBL612558,,"Plasma clearance in Beagle dog at 1 mg/kg, iv",A,O=C(NC1CC1)C(=O)C(Cc1ccccc1)NC(=O)[C@H]1CCC(=O)N1Cc1ccccc1,10.17,mL.min-1.kg-1,species_only_dog
19197695,CHEMBL4390920,CHEMBL3121193,CL,mL.min-1.kg-1,=,11.0,CHEMBL612558,,"Blood clearance in Beagle dog at 1 mg/kg, iv by LC-MS/MS analysis",A,CNC(=O)c1c(-c2ccc(F)cc2)oc2cc(N(Cc3ccc(B(O)O)c(F)c3)S(C)(=O)=O)c(C3CC3)cc12,11.0,mL.min-1.kg-1,species_only_dog
19197696,CHEMBL4390920,CHEMBL4467259,CL,mL.min-1.kg-1,=,1.2,CHEMBL612558,,"Blood clearance in Beagle dog at 1 mg/kg, iv by LC-MS/MS analysis",A,CNC(=O)c1c(-c2ccc(F)cc2)oc2cc(N(c3cc(Cl)c4c(c3)COB4O)S(C)(=O)=O)c(C3CC3)cc12,1.2,mL.min-1.kg-1,species_only_dog
19207588,CHEMBL4392509,CHEMBL4592655,CL,mL.min-1.kg-1,=,3.4,CHEMBL612558,,"Clearance in Beagle dog at 1 mg/kg, iv or 2 mg/kg, po",A,O=C(O)C[C@H]1CC[C@H](OC2CCN(c3ccc(-c4nc5cc(F)c(F)cc5[nH]4)cn3)CC2)CC1,3.4,mL.min-1.kg-1,species_only_dog
19209967,CHEMBL4392941,CHEMBL4437013,CL,mL.min-1.kg-1,=,16.0,CHEMBL612558,,Plasma clearance in dog,A,CCCN(CC)[C@H](c1ccccn1)[C@@H](c1ccccn1)N(CC)CCC,16.0,mL.min-1.kg-1,species_only_dog
19209968,CHEMBL4392941,CHEMBL4527638,CL,mL.min-1.kg-1,=,44.0,CHEMBL612558,,Plasma clearance in dog,A,CCCN(CC)[C@H](c1ccccn1)[C@@H](c1cccc(C#N)c1)N(CCOC)C[C@H](C)CO,44.0,mL.min-1.kg-1,species_only_dog
19209969,CHEMBL4392941,CHEMBL4451245,CL,mL.min-1.kg-1,=,37.0,CHEMBL612558,,Plasma clearance in dog,A,CCCN(CC)[C@@H](c1ccccn1)[C@H](c1cccc(C#N)c1)N(CCOC)C[C@@H](C)CO,37.0,mL.min-1.kg-1,species_only_dog
19209970,CHEMBL4392941,CHEMBL4453132,CL,mL.min-1.kg-1,=,21.0,CHEMBL612558,,Plasma clearance in dog,A,CCCN(CCC)[C@H](c1ccccn1)[C@@H](c1ccccn1)N(CCOC)C[C@H](C)O,21.0,mL.min-1.kg-1,species_only_dog
19209971,CHEMBL4392941,CHEMBL4475999,CL,mL.min-1.kg-1,=,6.1,CHEMBL612558,,Plasma clearance in dog,A,CCCN(CCC)[C@H](c1ccccn1)[C@@H](c1ccccn1)N(CCC)C[C@H](O)CO,6.1,mL.min-1.kg-1,species_only_dog
19209972,CHEMBL4392941,CHEMBL4466634,CL,mL.min-1.kg-1,=,25.0,CHEMBL612558,,Plasma clearance in dog,A,CCCN(CC)[C@H](c1ccccn1)[C@@H](c1ccccn1)N(CCOC)C[C@H](C)CO,25.0,mL.min-1.kg-1,species_only_dog
19209973,CHEMBL4392941,CHEMBL4539540,CL,mL.min-1.kg-1,=,3.0,CHEMBL612558,,Plasma clearance in dog,A,CCCN(C[C@H](C)O)[C@H](c1ccccn1)[C@@H](c1ccccn1)N1C2CCCC1CC2,3.0,mL.min-1.kg-1,species_only_dog
19209974,CHEMBL4392941,CHEMBL4517112,CL,mL.min-1.kg-1,=,16.0,CHEMBL612558,,Plasma clearance in dog,A,CCCN(CCC)[C@H](c1ccccn1)[C@@H](c1ccccn1)N(C[C@@H](C)O)C[C@@H](C)O,16.0,mL.min-1.kg-1,species_only_dog
19209975,CHEMBL4392941,CHEMBL4474540,CL,mL.min-1.kg-1,=,25.0,CHEMBL612558,,Plasma clearance in dog,A,COCCN(C[C@H](C)O)[C@H](c1ccccn1)[C@@H](c1ccccn1)N1C2CCC1CC(OC)C2,25.0,mL.min-1.kg-1,species_only_dog
19209976,CHEMBL4392940,CHEMBL4437013,CL,mL.min-1.kg-1,=,0.7,CHEMBL612558,,Renal clearance in dog,A,CCCN(CC)[C@H](c1ccccn1)[C@@H](c1ccccn1)N(CC)CCC,0.7,mL.min-1.kg-1,species_only_dog
19209977,CHEMBL4392940,CHEMBL4527638,CL,mL.min-1.kg-1,=,2.1,CHEMBL612558,,Renal clearance in dog,A,CCCN(CC)[C@H](c1ccccn1)[C@@H](c1cccc(C#N)c1)N(CCOC)C[C@H](C)CO,2.1,mL.min-1.kg-1,species_only_dog
19209978,CHEMBL4392940,CHEMBL4451245,CL,mL.min-1.kg-1,=,1.8,CHEMBL612558,,Renal clearance in dog,A,CCCN(CC)[C@@H](c1ccccn1)[C@H](c1cccc(C#N)c1)N(CCOC)C[C@@H](C)CO,1.8,mL.min-1.kg-1,species_only_dog
19209979,CHEMBL4392940,CHEMBL4453132,CL,mL.min-1.kg-1,=,2.5,CHEMBL612558,,Renal clearance in dog,A,CCCN(CCC)[C@H](c1ccccn1)[C@@H](c1ccccn1)N(CCOC)C[C@H](C)O,2.5,mL.min-1.kg-1,species_only_dog
19209980,CHEMBL4392940,CHEMBL4475999,CL,mL.min-1.kg-1,=,0.19,CHEMBL612558,,Renal clearance in dog,A,CCCN(CCC)[C@H](c1ccccn1)[C@@H](c1ccccn1)N(CCC)C[C@H](O)CO,0.19,mL.min-1.kg-1,species_only_dog
19209981,CHEMBL4392940,CHEMBL4466634,CL,mL.min-1.kg-1,=,2.7,CHEMBL612558,,Renal clearance in dog,A,CCCN(CC)[C@H](c1ccccn1)[C@@H](c1ccccn1)N(CCOC)C[C@H](C)CO,2.7,mL.min-1.kg-1,species_only_dog
19209982,CHEMBL4392940,CHEMBL4539540,CL,mL.min-1.kg-1,=,0.3,CHEMBL612558,,Renal clearance in dog,A,CCCN(C[C@H](C)O)[C@H](c1ccccn1)[C@@H](c1ccccn1)N1C2CCCC1CC2,0.3,mL.min-1.kg-1,species_only_dog
19209983,CHEMBL4392940,CHEMBL4517112,CL,mL.min-1.kg-1,=,5.5,CHEMBL612558,,Renal clearance in dog,A,CCCN(CCC)[C@H](c1ccccn1)[C@@H](c1ccccn1)N(C[C@@H](C)O)C[C@@H](C)O,5.5,mL.min-1.kg-1,species_only_dog
19209984,CHEMBL4392940,CHEMBL4474540,CL,mL.min-1.kg-1,=,7.1,CHEMBL612558,,Renal clearance in dog,A,COCCN(C[C@H](C)O)[C@H](c1ccccn1)[C@@H](c1ccccn1)N1C2CCC1CC(OC)C2,7.1,mL.min-1.kg-1,species_only_dog
19214692,CHEMBL4393817,CHEMBL4563459,CL,mL.min-1.kg-1,=,2.0,CHEMBL612558,,"Clearance in Beagle dog at 1 umol/kg, iv",A,Cc1cc(-c2ccc(C(=O)[C@@H]3CCCC[C@H]3C(=O)Nc3cnn(C)c3C(=O)NOC(C)(C)C)cc2)[nH]n1,2.0,mL.min-1.kg-1,species_only_dog
19214693,CHEMBL4393818,CHEMBL4474619,CL,mL.min-1.kg-1,=,2.5,CHEMBL612558,,"Clearance in Beagle dog at 2 umol/kg, iv",A,Cc1cc(-c2ccc(C(=O)[C@@H]3CCCC[C@H]3C(=O)Nc3cnn(C)c3S(N)(=O)=O)cc2)n[nH]1,2.5,mL.min-1.kg-1,species_only_dog
19214694,CHEMBL4393818,CHEMBL4542281,CL,mL.min-1.kg-1,=,7.6,CHEMBL612558,,"Clearance in Beagle dog at 2 umol/kg, iv",A,Cc1cc(-c2ccc(C(=O)[C@@H]3CCCC[C@H]3C(=O)Nc3cnn4c3C(=O)NCC4)cc2)n[nH]1,7.6,mL.min-1.kg-1,species_only_dog
19219634,CHEMBL4394769,CHEMBL4548070,CL,mL.min-1.kg-1,=,3.8,CHEMBL612558,,"Clearance in Beagle dog at 1 mg/kg, iv or 10 mg/kg, po administered via gavage by HPLC-MS/MS analysis",A,N[C@H](CO)c1cccc(-c2cccc(COc3ccccc3CC(=O)O)c2)c1,3.8,mL.min-1.kg-1,species_only_dog
19231780,CHEMBL4397479,CHEMBL4462192,CL,mL.min-1.kg-1,=,10.8,CHEMBL612558,,"Clearance in Beagle dog at 0.5 mg/kg, iv measured up to 24 hrs by LC-MS/MS analysis",A,CCCOc1ccc(NC(=O)CN2CCN(C)CC2)cc1-c1nc(CC)c(CC)c(=O)[nH]1,10.8,mL.min-1.kg-1,species_only_dog
19240749,CHEMBL4399602,CHEMBL4461649,CL,mL.min-1.kg-1,=,12.0,CHEMBL373,Canis lupus familiaris,Clerance in iv dosed dog,A,NCC1(c2cccc(-c3ccnc4[nH]nc(C(F)(F)F)c34)c2)COC1,12.0,mL.min-1.kg-1,species_only_dog
19244983,CHEMBL4400417,CHEMBL4513792,CL,mL.min-1.kg-1,=,0.21,CHEMBL612558,,"Clearance in dog at 2 mg/kg, iv or 10 mg/kg, po",A,Cc1cc(C(F)(F)F)ccc1-c1cc2cnn([C@@H](CC(C)C)c3ccc(C(=O)NCCC(=O)O)cc3)c2cc1C,0.21,mL.min-1.kg-1,species_only_dog
19244984,CHEMBL4400417,CHEMBL4589676,CL,mL.min-1.kg-1,=,0.19,CHEMBL612558,,"Clearance in dog at 2 mg/kg, iv or 10 mg/kg, po",A,Cc1cc(C(F)(F)F)ccc1-c1cc2cn([C@@H](CC(C)C)c3ccc(C(=O)NCCC(=O)O)cc3)nc2cc1C,0.19,mL.min-1.kg-1,species_only_dog
19244985,CHEMBL4400417,CHEMBL4468579,CL,mL.min-1.kg-1,=,0.21,CHEMBL612558,,"Clearance in dog at 2 mg/kg, iv or 10 mg/kg, po",A,Cc1cc2c(cnn2[C@@H](CC(C)C)c2ccc(C(=O)NCCC(=O)O)cc2)cc1-c1ccc(C(F)(F)F)cc1Cl,0.21,mL.min-1.kg-1,species_only_dog
19244986,CHEMBL4400417,CHEMBL4582082,CL,mL.min-1.kg-1,=,0.42,CHEMBL612558,,"Clearance in dog at 2 mg/kg, iv or 10 mg/kg, po",A,Cc1c(-c2ccc(C(F)(F)F)cc2Cl)ccc2nn([C@@H](CC(C)C)c3ccc(C(=O)NCCC(=O)O)cc3)cc12,0.42,mL.min-1.kg-1,species_only_dog
19252225,CHEMBL4401932,CHEMBL4459692,CL,mL.min-1.kg-1,=,0.01833,CHEMBL612558,,"Clearance in Beagle dog at 0.5 mg/kg, iv or 3 mg/kg, po by LC-MS/MS analysis",A,Cc1ccc(C)c2oc(-c3nc(-c4ccc(C(=O)O)cc4)no3)cc12,0.01833,mL.min-1.kg-1,species_only_dog
19254764,CHEMBL4402467,CHEMBL4532948,CL,mL.min-1.kg-1,=,25.0,CHEMBL612558,,"Clearance in dog at 10 mg/kg, po",A,CNc1cc(Nc2cccn(-c3ccccn3)c2=O)nn2c(C(=O)N[C@@H]3C[C@@H]3F)cnc12,25.0,mL.min-1.kg-1,species_only_dog
19260452,CHEMBL4403955,CHEMBL4439259,CL,mL.min-1.kg-1,=,4.0,CHEMBL612558,,"Clearance in Beagle dog at 1 mg/kg, iv",A,Cc1cc2ncnn2cc1Nc1ncc2c(n1)n(C1CCOCC1)c(=O)n2C,4.0,mL.min-1.kg-1,species_only_dog
19260612,CHEMBL4404034,CHEMBL4456922,CL,mL.min-1.kg-1,=,8.0,CHEMBL612558,,"Clearance in dog at 0.5 mg/kg, iv",A,Cc1cc(-c2nc3ccccc3n2CC2CCOCC2)cn(C)c1=O,8.0,mL.min-1.kg-1,species_only_dog
19260613,CHEMBL4404034,CHEMBL4576013,CL,mL.min-1.kg-1,=,5.0,CHEMBL612558,,"Clearance in dog at 0.5 mg/kg, iv",A,COCC(COC)n1c(-c2cc(C)c(=O)n(C)c2)nc2ccccc21,5.0,mL.min-1.kg-1,species_only_dog
19260614,CHEMBL4404034,CHEMBL4438171,CL,mL.min-1.kg-1,=,1.5,CHEMBL612558,,"Clearance in dog at 0.5 mg/kg, iv",A,COCC(COC)n1c(-c2cc(C)c(=O)n(C)c2)nc2cc(N3CCOCC3)ccc21,1.5,mL.min-1.kg-1,species_only_dog
19260615,CHEMBL4404035,CHEMBL4456922,CL,mL.min-1.kg-1,=,17.0,CHEMBL612558,,"Unbound clearance in dog at 0.5 mg/kg, iv",A,Cc1cc(-c2nc3ccccc3n2CC2CCOCC2)cn(C)c1=O,17.0,mL.min-1.kg-1,species_only_dog
19260616,CHEMBL4404035,CHEMBL4576013,CL,mL.min-1.kg-1,=,9.0,CHEMBL612558,,"Unbound clearance in dog at 0.5 mg/kg, iv",A,COCC(COC)n1c(-c2cc(C)c(=O)n(C)c2)nc2ccccc21,9.0,mL.min-1.kg-1,species_only_dog
19260617,CHEMBL4404035,CHEMBL4438171,CL,mL.min-1.kg-1,=,2.0,CHEMBL612558,,"Unbound clearance in dog at 0.5 mg/kg, iv",A,COCC(COC)n1c(-c2cc(C)c(=O)n(C)c2)nc2cc(N3CCOCC3)ccc21,2.0,mL.min-1.kg-1,species_only_dog
19261160,CHEMBL4404176,CHEMBL4297626,CL,mL.min-1.kg-1,=,3.6,CHEMBL612558,,"Clearance in dog at 0.5 mg/kg, iv",A,Cn1nc(C(=O)N(Cc2ccccc2)Cc2ccc(C(=O)O)cc2)c2c1-c1cc(Cl)ccc1OC2,3.6,mL.min-1.kg-1,species_only_dog
19269129,CHEMBL4406268,CHEMBL4577523,CL,mL.min-1.kg-1,=,9.0,CHEMBL612558,,"Clearance in Beagle dog at 10 mg/kg, iv",A,COc1nn(C)cc1Nc1nccc(-c2c[nH]c3c(NC(=O)[C@@H](C)N4CCN(C)CC4)cccc23)n1,9.0,mL.min-1.kg-1,species_only_dog
19272432,CHEMBL4407156,CHEMBL3728620,CL,mL.min-1.kg-1,=,1.6,CHEMBL612558,,"Clearance in dog at 2 mg/kg, po or 0.5 mg/kg, iv administered as infusion for 10 mins",A,COc1cc(OCc2cccc(OCc3ccccc3)c2)c2cc(-c3cn4nc(OC)sc4n3)oc2c1,1.6,mL.min-1.kg-1,species_only_dog
19273191,CHEMBL4407276,CHEMBL4571052,CL,mL.min-1.kg-1,=,10.17,CHEMBL612558,,"Clearance in dog at 0.5 mg/kg, iv",A,CC#C[C@]1(O)CC[C@H]2[C@@H]3CCC4=CC(=O)CC[C@]4(C)[C@H]3[C@@H](c3ccc(N(C)C)cc3)C[C@@]21C,10.17,mL.min-1.kg-1,species_only_dog
19290261,CHEMBL4410856,CHEMBL4515137,CL,mL.min-1.kg-1,=,6.0,CHEMBL612558,,Clearance in dog,A,O=C(CNc1nonc1/C(=N/O)N[C@H]1Cc2ccc(F)cc21)NCCO,6.0,mL.min-1.kg-1,species_only_dog
19290262,CHEMBL4410857,CHEMBL4515137,CL,mL.min-1.kg-1,=,88.0,CHEMBL612558,,Unbound clearance in dog,A,O=C(CNc1nonc1/C(=N/O)N[C@H]1Cc2ccc(F)cc21)NCCO,88.0,mL.min-1.kg-1,species_only_dog
19300977,CHEMBL4413514,CHEMBL4551786,CL,mL.min-1.kg-1,=,88.0,CHEMBL612558,,"Clearance in dog at 1 mg/kg, iv administered as single dose by LC/MS/MS analysis",A,CCOC(=O)N1CC/C(=C\C#Cc2cccc(C)n2)C1,88.0,mL.min-1.kg-1,species_only_dog
19316233,CHEMBL4417059,CHEMBL4464946,CL,mL.min-1.kg-1,=,0.5683,CHEMBL612558,,Plasma clearance in dog,A,O=C(NCc1cc(F)cc(F)c1)[C@@]1(O)CCN(c2ccc3[nH]ccc3c2)C1=O,0.5683,mL.min-1.kg-1,species_only_dog
19362425,CHEMBL4422998,CHEMBL4522981,CL,mL.min-1.kg-1,=,6.667,CHEMBL612558,,"Clearance in dog plasma at 0.3 mg/kg, iv administered as bolus dose by HPLC-MS/MS analysis",A,CCn1c(=O)c2c(C)c(C(=O)N3CCC(O)CC3)sc2n(CCC(F)(F)F)c1=O,6.667,mL.min-1.kg-1,species_only_dog
19362426,CHEMBL4422999,CHEMBL4522981,CL,mL.min-1.kg-1,=,7.333,CHEMBL612558,,"Clearance in dog blood at 0.3 mg/kg, iv administered as bolus dose by HPLC-MS/MS analysis",A,CCn1c(=O)c2c(C)c(C(=O)N3CCC(O)CC3)sc2n(CCC(F)(F)F)c1=O,7.333,mL.min-1.kg-1,species_only_dog
19402792,CHEMBL4425613,CHEMBL3358158,CL,mL.min-1.kg-1,=,4.8,CHEMBL612558,,"Clearance in dog at 3 mg/kg, iv or 5 mg/kg, po",A,Cn1ccnc1[C@]1(CNC(=O)c2cc3cc(C(F)(F)F)ccc3o2)NC(=O)NC1=O,4.8,mL.min-1.kg-1,species_only_dog
19402793,CHEMBL4425613,CHEMBL4097165,CL,mL.min-1.kg-1,=,1.3,CHEMBL612558,,"Clearance in dog at 3 mg/kg, iv or 5 mg/kg, po",A,O=C1NC(=O)[C@](CNC(=O)c2cc3cc(C(F)(F)F)ccc3o2)(C2CC2)N1,1.3,mL.min-1.kg-1,species_only_dog
19403931,CHEMBL4425940,CHEMBL3544964,CL,mL.min-1.kg-1,=,6.4,CHEMBL612558,,Plasma clearance in dog,A,Cn1nccc1Nc1nccc(-c2ccn([C@H](CO)c3ccc(Cl)c(F)c3)c(=O)c2)n1,6.4,mL.min-1.kg-1,species_only_dog
19406612,CHEMBL4426585,CHEMBL1275685,CL,mL.min-1.kg-1,=,0.1667,CHEMBL612558,,Plasma clearance in iv dosed dog,A,CO[C@H]1/C=C/O[C@@]2(C)Oc3c(C)c(O)c4c(O)c(c(/C=N/N5CCC(N(C)C6([C@@H]7CCN(c8c(F)cn9c(=O)c(C(=O)O)cc(C%10CC%10)c9c8C)C7)CC6)CC5)c(O)c4c3C2=O)NC(=O)/C(C)=C\C=C\[C@H](C)[C@H](O)[C@@H](C)[C@@H](O)[C@@H](C)[C@H](OC(C)=O)[C@@H]1C,0.1667,mL.min-1.kg-1,species_only_dog
19407525,CHEMBL4426820,CHEMBL4461070,CL,mL.min-1.kg-1,=,8.333,CHEMBL612558,,"Clearance in dog at 3 mg/kg, iv",A,O=C(NCCN1CCOCC1)Nc1nc2ccc(Sc3nnc4ccc(-c5ccc(F)cc5)nn34)cc2s1,8.333,mL.min-1.kg-1,species_only_dog
19410475,CHEMBL4427390,CHEMBL4541788,CL,mL.min-1.kg-1,=,29.0,CHEMBL612558,,"Clearance in beagle dog at 1 mg/kg, iv or 5 mg/kg, po by LC-MS/MS analysis",A,Cc1cc(-c2cnn3c(NCCN4CCOCC4)cc(Oc4cccc(F)c4)nc23)ccc1C(=O)NC1CC1,29.0,mL.min-1.kg-1,species_only_dog
19410476,CHEMBL4427390,CHEMBL4542474,CL,mL.min-1.kg-1,=,13.0,CHEMBL612558,,"Clearance in beagle dog at 1 mg/kg, iv or 5 mg/kg, po by LC-MS/MS analysis",A,Cc1cc(-c2cnn3c(NCC4CCOCC4)cc(N[C@@H](C4CC4)C(C)(C)O)nc23)ccc1C(=O)NC1CC1,13.0,mL.min-1.kg-1,species_only_dog
19410477,CHEMBL4427390,CHEMBL4444859,CL,mL.min-1.kg-1,=,7.9,CHEMBL612558,,"Clearance in beagle dog at 1 mg/kg, iv or 5 mg/kg, po by LC-MS/MS analysis",A,Cc1cc(-c2cnn3c(NCC4CC4)cc(N[C@@H]4CCCC[C@H]4O)nc23)ccc1C(=O)NC1CC1,7.9,mL.min-1.kg-1,species_only_dog
19410478,CHEMBL4427390,CHEMBL4469414,CL,mL.min-1.kg-1,=,4.9,CHEMBL612558,,"Clearance in beagle dog at 1 mg/kg, iv or 5 mg/kg, po by LC-MS/MS analysis",A,Cc1cc(-c2cnn3c(NC[C@H]4C[C@@](C)(O)C4)cc(Oc4cccnc4)nc23)ccc1C(=O)NC1CC1,4.9,mL.min-1.kg-1,species_only_dog
19410528,CHEMBL4427415,CHEMBL4546441,CL,mL.min-1.kg-1,=,0.67,CHEMBL612558,,Clearance in dog by LC/MS/MS analysis,A,CC(=O)N1CCN(c2ccc(NC(=O)Cc3cnc(-c4ccnc(F)c4)c(C)c3)nc2)CC1,0.67,mL.min-1.kg-1,species_only_dog
19410871,CHEMBL4427496,CHEMBL3696475,CL,mL.min-1.kg-1,=,56.0,CHEMBL612558,,"Clearance in dog at 1 mg/kg, iv or 2 mg/kg, po",A,Cc1c([C@@H](O)CN2CCN(C[C@H](O)c3ccc4c(c3C)COC4=O)CC2)ccc2c1COC2=O,56.0,mL.min-1.kg-1,species_only_dog
19411056,CHEMBL4427567,CHEMBL4454070,CL,mL.min-1.kg-1,=,4.167,CHEMBL612558,,"Clearance in dog at 2 mg/kg, po or 0.5 mg/kg, iv",A,CNC(=O)Nc1cc(Oc2cncc(C)c2)c(-c2ccc(OCC(C)(C)O)nc2)cn1,4.167,mL.min-1.kg-1,species_only_dog
19431608,CHEMBL4429093,CHEMBL4522026,CL,mL.min-1.kg-1,=,4.0,CHEMBL612558,,"Clearance in Beagle dog at 1 mg/kg, iv",A,COC(=O)N[C@H](NC(=O)N1CCC[C@H]1c1nc2ccc(-c3ccc4cc(-c5cnc([C@@H]6CCCN6C(=O)[C@@H](NC(=O)OC)C(C)C)[nH]5)ccc4c3)cc2[nH]1)C(C)C.Cl.Cl,4.0,mL.min-1.kg-1,species_only_dog
19431609,CHEMBL4429093,CHEMBL4467115,CL,mL.min-1.kg-1,=,5.833,CHEMBL612558,,"Clearance in Beagle dog at 1 mg/kg, iv",A,CC[C@H](C)[C@H](NC(=O)OC)NC(=O)N1CCC[C@H]1c1nc2ccc(-c3ccc4cc(-c5cnc([C@@H]6CCCN6C(=O)[C@@H](NC(=O)OC)[C@@H](C)OC)[nH]5)ccc4c3)cc2[nH]1.Cl,5.833,mL.min-1.kg-1,species_only_dog
19432666,CHEMBL4429462,CHEMBL3918580,CL,mL.min-1.kg-1,=,3.7,CHEMBL612558,,"Plasma clearance in Beagle dog at 2 mg/kg, iv through bolus administration after 0.167 to 48 hrs by LC/MS/MS analysis",A,Cc1c(-c2ccc(C(N)=O)c3[nH]c4cc(C(C)(C)O)ccc4c23)cccc1-n1cnc2ccccc2c1=O,3.7,mL.min-1.kg-1,species_only_dog
19434519,CHEMBL4430072,CHEMBL3977066,CL,mL.min-1.kg-1,=,13.0,CHEMBL612558,,"Clearance in Beagle dog at 0.1 mg/kg, iv by HPLC method",A,COc1ncc(-c2ccc3ncnc(-c4cccc(C(=O)N5CCN(C(C)=O)CC5)c4)c3c2)cc1C#N,13.0,mL.min-1.kg-1,species_only_dog
19439696,CHEMBL4431180,CHEMBL4457557,CL,mL.min-1.kg-1,=,0.3,CHEMBL612558,,"Clearance in beagle dog at 1 umol/kg, iv or 2 umol/kg, po",A,NC(=O)c1ccc(Cc2ccccc2)cc1-c1cccc(CCC(=O)O)c1,0.3,mL.min-1.kg-1,species_only_dog
19439708,CHEMBL4431192,CHEMBL4593409,CL,mL.min-1.kg-1,=,0.2,CHEMBL612558,,"Clearance in beagle dog at 1 umol/kg, iv or 3 umol/kg, po",A,C[C@H](Cc1cccc(-c2cc(Cc3ccccc3)ccc2C(N)=O)c1)C(=O)O,0.2,mL.min-1.kg-1,species_only_dog
19441524,CHEMBL4431848,CHEMBL4571877,CL,mL.min-1.kg-1,=,1.5,CHEMBL612558,,"Clearance in dog plasma at 1 mg/kg, iv after 24 hrs by LC-MS/MS analysis",A,CC(C)(O)Cn1nc(-c2ccc3cc(OC4CC4)ccc3c2)c2c(N)ncnc21,1.5,mL.min-1.kg-1,species_only_dog
19445973,CHEMBL4432575,CHEMBL4078100,CL,mL.min-1.kg-1,=,6.0,CHEMBL612558,,Plasma clearance in dog,A,COc1nnc2ccc(N3CCC(c4ccc(OCCN5CCN(C)C(=O)[C@H]5C)cc4)CC3)nn12,6.0,mL.min-1.kg-1,species_only_dog
19445974,CHEMBL4432575,CHEMBL4591500,CL,mL.min-1.kg-1,=,11.0,CHEMBL612558,,Plasma clearance in dog,A,COc1nnc2ccc(N3CCC(c4ccc(OCCN5[C@H](C)CN(C(C)=O)C[C@@H]5C)cc4)CC3)nn12,11.0,mL.min-1.kg-1,species_only_dog
19445975,CHEMBL4432575,CHEMBL4447492,CL,mL.min-1.kg-1,=,3.0,CHEMBL612558,,Plasma clearance in dog,A,COc1nnc2ccc(N3CCC(c4ccc(CCN5CCN(C)C(=O)[C@H]5C)cc4)CC3)nn12,3.0,mL.min-1.kg-1,species_only_dog
19445976,CHEMBL4432575,CHEMBL4453435,CL,mL.min-1.kg-1,=,5.0,CHEMBL612558,,Plasma clearance in dog,A,COc1nnc2ccc(N3CCC(c4ccc(N5CC(CN6CCN(C)C(=O)[C@H]6C)C5)cc4)CC3)nn12,5.0,mL.min-1.kg-1,species_only_dog
19453278,CHEMBL4434290,CHEMBL4565407,CL,mL.min-1.kg-1,=,5.4,CHEMBL612558,,"Clearance in Mongrel dog at 3 mg/kg, po or 1 mg/kg, iv",A,O=C(Nc1ccc(F)c(Cl)c1)c1ccc(F)c(S(=O)(=O)N2CCOC[C@H](O)C2)c1,5.4,mL.min-1.kg-1,species_only_dog
19453279,CHEMBL4434290,CHEMBL4574436,CL,mL.min-1.kg-1,=,6.4,CHEMBL612558,,"Clearance in Mongrel dog at 3 mg/kg, po or 1 mg/kg, iv",A,O=C(Nc1ccc(F)c(Cl)c1)c1ccc(F)c(S(=O)(=O)N2C[C@H](O)CC[C@H](O)C2)c1,6.4,mL.min-1.kg-1,species_only_dog
19469041,CHEMBL4478165,CHEMBL4218734,CL,mL.min-1.kg-1,=,50.0,CHEMBL612558,,"Clearance in dog at 1.7 mg/kg, iv or 4.2 mg/kg, po",A,COCc1ccc(-c2ccc3ncc(C(N)=O)c(N[C@@H](C)C4CCOCC4)c3c2)cn1,50.0,mL.min-1.kg-1,species_only_dog
19469042,CHEMBL4478163,CHEMBL4166405,CL,mL.min-1.kg-1,=,13.0,CHEMBL612558,,"Clearance in dog at 1 mg/kg, iv or 2 mg/kg, po",A,COCc1ccc(-c2cc3c(N[C@@H](C)c4ccn(C)n4)c(C(N)=O)cnc3cc2F)cn1,13.0,mL.min-1.kg-1,species_only_dog
19470399,CHEMBL4478476,CHEMBL4587596,CL,mL.min-1.kg-1,=,56.67,CHEMBL612558,,"Clearance in dog at 0.3 mg/kg, iv",A,Cc1nc2ccc(F)c(-c3cc4c([nH]3)CCNC4=O)c2nc1NC(C)(C)C,56.67,mL.min-1.kg-1,species_only_dog
19470400,CHEMBL4478476,CHEMBL3974543,CL,mL.min-1.kg-1,=,26.67,CHEMBL612558,,"Clearance in dog at 0.3 mg/kg, iv",A,Cc1nc2cccc(-c3cc4c([nH]3)[C@@H](C)NC4=O)c2nc1NC(C)(C)C,26.67,mL.min-1.kg-1,species_only_dog
19470401,CHEMBL4478476,CHEMBL3979182,CL,mL.min-1.kg-1,=,25.0,CHEMBL612558,,"Clearance in dog at 0.3 mg/kg, iv",A,Cc1nc2ccc(F)c(-c3cc4c([nH]3)[C@@H](C)NC4=O)c2nc1NC(C)(C)C,25.0,mL.min-1.kg-1,species_only_dog
19470402,CHEMBL4478476,CHEMBL3979678,CL,mL.min-1.kg-1,=,13.33,CHEMBL612558,,"Clearance in dog at 0.3 mg/kg, iv",A,C[C@H]1NC(=O)c2cc(-c3cccc4c(=O)n(C)c(NC(C)(C)C)nc34)[nH]c21,13.33,mL.min-1.kg-1,species_only_dog
19470439,CHEMBL4478489,CHEMBL3979678,CL,mL.min-1.kg-1,=,121.67,CHEMBL612558,,Unbound clearance in iv dosed dog,A,C[C@H]1NC(=O)c2cc(-c3cccc4c(=O)n(C)c(NC(C)(C)C)nc34)[nH]c21,121.67,mL.min-1.kg-1,species_only_dog
19472284,CHEMBL4478873,CHEMBL4580214,CL,mL.min-1.kg-1,=,10.1,CHEMBL612558,,"Clearance in dog at 1 mg/kg, iv through bolus administration",A,CC(C)(C)C#Cc1cc(N(CC(=O)N2CCOCC2)C(=O)[C@H]2CC[C@H](C)CC2)c(C(=O)O)s1,10.1,mL.min-1.kg-1,species_only_dog
19476537,CHEMBL4479686,CHEMBL4552628,CL,mL.min-1.kg-1,=,27.0,CHEMBL612558,,"Clearance in Beagle dog at 0.5 mL/kg, iv administered through catheter measured after 24 hrs by LC-MS/MS analysis",A,Cc1sc(C(=O)N[C@@H]2[C@H](N)CCCC2(F)F)cc1-c1cnn2cc(Cl)cnc12,27.0,mL.min-1.kg-1,species_only_dog
20600301,CHEMBL4603252,CHEMBL4634634,CL,mL.min-1.kg-1,=,8.0,CHEMBL612558,,"Clearance in dog plasma at 0.5 mg/kg, iv or 1 mg/kg, po",A,C[C@@H]1C[C@H]1C(=O)N1CCN(c2cnc(C#N)c(-c3cnn(C)c3)n2)C[C@H]1C,8.0,mL.min-1.kg-1,species_only_dog
20600302,CHEMBL4603253,CHEMBL4634634,CL,mL.min-1.kg-1,=,37.0,CHEMBL612558,,"Unbound clearance in dog at 0.5 mg/kg, iv or 1 mg/kg, po",A,C[C@@H]1C[C@H]1C(=O)N1CCN(c2cnc(C#N)c(-c3cnn(C)c3)n2)C[C@H]1C,37.0,mL.min-1.kg-1,species_only_dog
20605129,CHEMBL4604705,CHEMBL4642118,CL,mL.min-1.kg-1,=,10.0,CHEMBL612558,,"Clearance in Beagle dog at 1 mg/kg, iv by LC-MS/MS analysis",A,Cl.Clc1ccc(OC[C@@H]2C[C@H]3C[C@H]3N2)cn1,10.0,mL.min-1.kg-1,species_only_dog
20609314,CHEMBL4605694,CHEMBL3986824,CL,mL.min-1.kg-1,=,5.5,CHEMBL612558,,"Clearance in dog at 1 mg/kg, iv or 5 mg/kg, po",A,Nc1cncc(-c2cn3ccnc3c(Nc3ccc(N4CCN(C5COC5)CC4)cc3)n2)n1,5.5,mL.min-1.kg-1,species_only_dog
20631836,CHEMBL4610885,CHEMBL4632769,CL,mL.min-1.kg-1,=,4.0,CHEMBL612558,,Clearance in dog,A,Cc1cc(C)c(-c2ncc[nH]2)cc1NC(=O)c1ccc(OCc2ccccn2)cc1,4.0,mL.min-1.kg-1,species_only_dog
20631864,CHEMBL4610885,CHEMBL4637222,CL,mL.min-1.kg-1,=,4.7,CHEMBL612558,,Clearance in dog,A,Cc1cc(C)c(-c2cn(C)cn2)cc1NC(=O)c1ccc(OCc2ccccn2)cc1,4.7,mL.min-1.kg-1,species_only_dog
20638282,CHEMBL4612384,CHEMBL4648852,CL,mL.min-1.kg-1,=,225.0,CHEMBL612558,,"Clearance in beagle dog at 3 mg/kg, iv",A,C=CC(=O)N1CCN(c2nc(OC[C@@H]3CCCN3C)nc3c2CCN(c2cccc4cccc(Cl)c24)C3)C[C@@H]1CC#N,225.0,mL.min-1.kg-1,species_only_dog
20638283,CHEMBL4612384,CHEMBL4632935,CL,mL.min-1.kg-1,=,151.0,CHEMBL612558,,"Clearance in beagle dog at 3 mg/kg, iv",A,C=CC(=O)N1CCN(c2nc(OC[C@@H]3CCCN3C)nc3c2CCN(c2cccc4cccc(C)c24)C3)C[C@@H]1CC#N,151.0,mL.min-1.kg-1,species_only_dog
20638284,CHEMBL4612384,CHEMBL4594350,CL,mL.min-1.kg-1,=,29.6,CHEMBL612558,,"Clearance in beagle dog at 3 mg/kg, iv",A,C=C(F)C(=O)N1CCN(c2nc(OC[C@@H]3CCCN3C)nc3c2CCN(c2cccc4cccc(Cl)c24)C3)C[C@@H]1CC#N,29.6,mL.min-1.kg-1,species_only_dog
20639593,CHEMBL4612743,CHEMBL4647810,CL,mL.min-1.kg-1,=,13.17,CHEMBL612558,,"Clearance in Beagle dog at 0.3 to 0.5 mg/kg, iv administered as bolus dose by LC-MS/MS analysis",A,C[C@@H]1COCCN1c1cc(-c2ccnn2C)c2ccnc(-c3ccn[nH]3)c2n1,13.17,mL.min-1.kg-1,species_only_dog
20640774,CHEMBL4613022,CHEMBL4635331,CL,mL.min-1.kg-1,=,10.0,CHEMBL612558,,"Clearance in dog at 0.5 mg/kg, iv",A,Cc1cc(C[C@@H](NC(=O)N2CCC3(CC2)OC(=O)Nc2ncccc23)C(=O)N[C@@H](CC2CCNCC2)C(=O)N2CCN(c3ccncc3)CC2)cc2cn[nH]c12,10.0,mL.min-1.kg-1,species_only_dog
20641241,CHEMBL4613127,CHEMBL4636208,CL,mL.min-1.kg-1,=,7.96,CHEMBL612558,,"Clearance in dog at 1 mg/kg, iv",A,CC(C)[C@@H](NC(=O)c1cc(C(F)(F)F)ccc1F)C(=O)N1CCC2(CC1)C(=O)N(C)C(=O)N2c1ccc2[nH]ncc2c1,7.96,mL.min-1.kg-1,species_only_dog
20647584,CHEMBL4614804,CHEMBL4643495,CL,mL.min-1.kg-1,=,2.0,CHEMBL612558,,"Clearance in beagle dog at 0.1 mg/kg, iv after 15 mins to 24 hrs by HPLC-MS/MS analysis",A,CCO[C@H]1CCN(Cc2c(OC)cc(C)c3[nH]ccc23)[C@H](c2ccc(C(=O)O)cc2)C1.Cl,2.0,mL.min-1.kg-1,species_only_dog
20647660,CHEMBL4614829,CHEMBL3633251,CL,mL.min-1.kg-1,=,12.0,CHEMBL612558,,"Plasma clearance in Beagle dog at 1 mg/kg, iv measured up to 24 hrs by LC-MS/MS analysis",A,COc1ccc(-c2cc(=O)[nH]c(=S)n2CCO)c(OC)c1,12.0,mL.min-1.kg-1,species_only_dog
20649398,CHEMBL4615284,CHEMBL4634954,CL,mL.min-1.kg-1,=,79.22,CHEMBL612558,,"Clearance in beagle dog at 5 mg/kg, iv measured after 0.08 to 72 hrs post dose by LC-MS/MS analysis",A,CN(C)CCN(C)c1ccc(C#N)c(CN2CCN(c3ccc(Cl)cc3)CC2)c1,79.22,mL.min-1.kg-1,species_only_dog
20649405,CHEMBL4615291,CHEMBL4634954,CL,mL.min-1.kg-1,=,200.44,CHEMBL612558,,"Clearance in beagle dog at 15 mg/kg, po measured after 0.08 to 72 hrs post dose by LC-MS/MS analysis",A,CN(C)CCN(C)c1ccc(C#N)c(CN2CCN(c3ccc(Cl)cc3)CC2)c1,200.44,mL.min-1.kg-1,species_only_dog
20654668,CHEMBL4616833,CHEMBL4297674,CL,mL.min-1.kg-1,=,0.94,CHEMBL612558,,"Clearance in dog at 1 mg/kg, iv",A,CC#CC(=O)N[C@H]1CCCN(c2c(F)cc(C(N)=O)c3[nH]c(C)c(C)c23)C1,0.94,mL.min-1.kg-1,species_only_dog
20660830,CHEMBL4618248,CHEMBL4644510,CL,mL.min-1.kg-1,=,38.0,CHEMBL612558,,"Clearance in Beagle dog at 0.4 mg/kg, iv",A,COC(=O)Nc1ccc2c(c1)NC(=O)[C@H](C)CCC[C@H](N1CC[C@H](c3c(F)ccc(Cl)c3F)OC1=O)c1ncc-2[nH]1,38.0,mL.min-1.kg-1,species_only_dog
20660924,CHEMBL4618269,CHEMBL4646133,CL,mL.min-1.kg-1,=,6.4,CHEMBL612558,,"Clearance in Beagle dog at 0.5 mg/kg, iv",A,COC(=O)Nc1ccc2c(c1)NC(=O)[C@H](C)CCC[C@H](N1CCC(c3c(F)ccc(Cl)c3F)=CC1=O)c1cc-2ccn1.Cl,6.4,mL.min-1.kg-1,species_only_dog
20661645,CHEMBL4618373,CHEMBL3187788,CL,mL.min-1.kg-1,=,0.2765,CHEMBL612558,,Intrinsic hepatic clearance in dog,A,CC(O)(C#Cc1ccc2c(c1)N(c1nc(N)ncc1Cl)CC2)c1nccs1,0.2765,mL.min-1.kg-1,species_only_dog
20661646,CHEMBL4618373,CHEMBL4645565,CL,mL.min-1.kg-1,=,0.06237,CHEMBL612558,,Intrinsic hepatic clearance in dog,A,CC(O)(C#Cc1ccc(N2CCOCC2)c(Nc2ncnc3[nH]ccc23)c1)c1nccs1,0.06237,mL.min-1.kg-1,species_only_dog
20664196,CHEMBL4618982,CHEMBL4634542,CL,mL.min-1.kg-1,=,0.18,CHEMBL612558,,"Clearance in dog at 1 mg/kg, iv",A,C[C@H]1C[C@H](C(=O)O)CC[C@H]1C(=O)N1CC[C@@]2(S(=O)(=O)c3ccc(F)cc3)c3ccc(C(F)(C(F)(F)F)C(F)(F)F)cc3CC[C@@H]12,0.18,mL.min-1.kg-1,species_only_dog
20664590,CHEMBL4619060,CHEMBL4647791,CL,mL.min-1.kg-1,=,5.667,CHEMBL612558,,Clearance in Beagle dog at 1 mg/kg administered as iv infusion for 30 mins and measured after 24 hrs by ESI-LC/MS/MS analysis,A,Cc1nc2c(-c3nnc[nH]3)cc(-c3ccnc(C#N)c3)cc2n1-c1ccnc2c(F)ccc(F)c12,5.667,mL.min-1.kg-1,species_only_dog
20664591,CHEMBL4619060,CHEMBL4470860,CL,mL.min-1.kg-1,=,3.667,CHEMBL612558,,Clearance in Beagle dog at 1 mg/kg administered as iv infusion for 30 mins and measured after 24 hrs by ESI-LC/MS/MS analysis,A,Cc1nc2c(-c3nnc[nH]3)cc(-c3ccnc(N)c3F)cc2n1-c1ccnc2c(F)ccc(F)c12,3.667,mL.min-1.kg-1,species_only_dog
20665252,CHEMBL4619264,CHEMBL4641354,CL,mL.min-1.kg-1,=,7.0,CHEMBL612558,,"Clearance in Beagle dog at 0.5 mg/kg, iv or 1 mg/kg, po measured upto 24 hrs by LC-MS/MS analysis",A,C[C@H](CN[C@@H](C(=O)Nc1ccc(-c2cnn(C)c2)cn1)c1ccccc1)c1ccc(C#N)cc1,7.0,mL.min-1.kg-1,species_only_dog
20665396,CHEMBL4619336,CHEMBL4649390,CL,mL.min-1.kg-1,=,4.7,CHEMBL612558,,"Clearance in Beagle dog at 0.3 mg/kg, iv administered as single dose by LC-MS/MS analysis",A,O=C(CC12CCC(C(=O)O)(CC1)C2)N1CCc2c(n(Cc3ccc(F)cc3)c3ncccc23)C1,4.7,mL.min-1.kg-1,species_only_dog
20665484,CHEMBL4619359,CHEMBL4447340,CL,mL.min-1.kg-1,=,24.0,CHEMBL612558,,Clearance in dog,A,CC1=C(c2cccc(O)c2)[C@H](c2ccc(OCCN3CC(CF)C3)cc2)Oc2ccc(O)cc21,24.0,mL.min-1.kg-1,species_only_dog
20665485,CHEMBL4619359,CHEMBL4649161,CL,mL.min-1.kg-1,=,8.0,CHEMBL612558,,Clearance in dog,A,C[C@@H]1Cc2c([nH]c3ccccc23)[C@@H](c2c(F)cc(OC3CN(CCCF)C3)cc2F)N1CC(C)(C)F,8.0,mL.min-1.kg-1,species_only_dog
20671804,CHEMBL4620781,CHEMBL4642491,CL,mL.min-1.kg-1,=,9.833,CHEMBL612558,,Blood clearance in Beagle dog at 0.1 to 0.5 mg/kg administered as iv infusion measured up to 24 hrs by HPLC-MS-MS analysis,A,COc1cc(C(=O)N2CC(F)C2)ccc1Nc1nc2ccc(-c3ccc(NC(=O)[C@H](C)c4ccc(F)cc4)cc3)cn2n1,9.833,mL.min-1.kg-1,species_only_dog
20671830,CHEMBL4620781,CHEMBL4303241,CL,mL.min-1.kg-1,=,23.33,CHEMBL612558,,Blood clearance in Beagle dog at 0.1 to 0.5 mg/kg administered as iv infusion measured up to 24 hrs by HPLC-MS-MS analysis,A,COc1cc(S(C)(=O)=O)ccc1Nc1nc2ccc(-c3ccc(NC(=O)[C@H](C)c4ccc(F)cc4)cc3)cn2n1,23.33,mL.min-1.kg-1,species_only_dog
20671954,CHEMBL4620781,CHEMBL4632416,CL,mL.min-1.kg-1,=,56.67,CHEMBL612558,,Blood clearance in Beagle dog at 0.1 to 0.5 mg/kg administered as iv infusion measured up to 24 hrs by HPLC-MS-MS analysis,A,C=C(c1ccc(OC)c(F)c1)c1cc(NCCC(F)(F)F)c2ncc(-c3ccc(C(=O)NC4CC4)c(C)c3)n2n1,56.67,mL.min-1.kg-1,species_only_dog
20671971,CHEMBL4620781,CHEMBL4634997,CL,mL.min-1.kg-1,=,21.67,CHEMBL612558,,Blood clearance in Beagle dog at 0.1 to 0.5 mg/kg administered as iv infusion measured up to 24 hrs by HPLC-MS-MS analysis,A,Cc1cc(-c2cnc3c(NCCC(F)(F)F)cc(C4(c5cc(F)ccc5O)CC4)nn23)ccc1C(=O)NC1CC1,21.67,mL.min-1.kg-1,species_only_dog
20671988,CHEMBL4620781,CHEMBL4456085,CL,mL.min-1.kg-1,=,7.333,CHEMBL612558,,Blood clearance in Beagle dog at 0.1 to 0.5 mg/kg administered as iv infusion measured up to 24 hrs by HPLC-MS-MS analysis,A,COc1ccc(Oc2cc(NCCC(F)(F)F)c3ncc(-c4ccc(C(=O)NC5CC5)c(C)c4)n3n2)c(F)c1F,7.333,mL.min-1.kg-1,species_only_dog
20672544,CHEMBL4620884,CHEMBL4437054,CL,mL.min-1.kg-1,=,8.5,CHEMBL612558,,"Clearance in dog plasma at 1 mg/kg, iv",A,CS(=O)(=O)CCCn1c(Cn2c(=O)n(CC(F)(F)F)c3ccncc32)cc2cc(Cl)ccc21,8.5,mL.min-1.kg-1,species_only_dog
20672545,CHEMBL4620884,CHEMBL4639685,CL,mL.min-1.kg-1,=,24.83,CHEMBL612558,,"Clearance in dog plasma at 1 mg/kg, iv",A,COc1ccc(-n2c(=O)n(Cc3cc4cc(Cl)ccc4n3CCCC#N)c3cnccc32)cc1,24.83,mL.min-1.kg-1,species_only_dog
20672546,CHEMBL4620884,CHEMBL4645289,CL,mL.min-1.kg-1,=,14.33,CHEMBL612558,,"Clearance in dog plasma at 1 mg/kg, iv",A,COc1ccc(-n2c(=O)n(Cc3cc4cc(Cl)ccc4n3CCCC#N)c3cnccc32)cc1OC,14.33,mL.min-1.kg-1,species_only_dog
20673911,CHEMBL4621448,CHEMBL4637027,CL,mL.min-1.kg-1,=,4.4,CHEMBL612558,,"Clearance in beagle dog at 1 mg/kg, iv administered as bolus dose by HPLC-MS/MS analysis",A,CC(C)c1cc(-c2ccc3c(c2)[C@H](N)CO3)cc([C@H](O)Cn2ccc3cccc(C(=O)O)c32)c1,4.4,mL.min-1.kg-1,species_only_dog
20679453,CHEMBL4622416,CHEMBL4644751,CL,mL.min-1.kg-1,=,1.1,CHEMBL612558,,Clearance in dog,A,C[C@H](C(=O)Nc1ccc(F)cc1)C12CC(NC(=O)c3ccc(F)c(F)c3)(C1)C2,1.1,mL.min-1.kg-1,species_only_dog
20679454,CHEMBL4622417,CHEMBL4644751,CL,mL.min-1.kg-1,=,22.0,CHEMBL612558,,Unbound clearance in dog,A,C[C@H](C(=O)Nc1ccc(F)cc1)C12CC(NC(=O)c3ccc(F)c(F)c3)(C1)C2,22.0,mL.min-1.kg-1,species_only_dog
20679871,CHEMBL4622522,CHEMBL4637298,CL,mL.min-1.kg-1,=,3.0,CHEMBL612558,,"Clearance in Beagle dog at 1 mg/kg, iv",A,CNC(=O)c1cc(C(=O)N[C@@H]2[C@@H]3COC[C@@H]32)cc2c1O[C@H](CF)[C@H]2c1ccccc1,3.0,mL.min-1.kg-1,species_only_dog
20679872,CHEMBL4622523,CHEMBL4637298,CL,mL.min-1.kg-1,=,0.3,CHEMBL612558,,"Renal clearance in Beagle dog at 1 mg/kg, iv",A,CNC(=O)c1cc(C(=O)N[C@@H]2[C@@H]3COC[C@@H]32)cc2c1O[C@H](CF)[C@H]2c1ccccc1,0.3,mL.min-1.kg-1,species_only_dog
20680017,CHEMBL4622585,CHEMBL4634904,CL,mL.min-1.kg-1,=,2.0,CHEMBL612558,,"Clearance in Beagle dog at 1 mg/kg, iv measured upto 24 hrs by LC-MS/MS analysis",A,Cn1cc(-c2ccnc(-n3ncc4cc(C(C)(C)C)cc(F)c4c3=O)c2CO)cc(NC(=O)[C@@H]2C[C@@H]2F)c1=O,2.0,mL.min-1.kg-1,species_only_dog
20680018,CHEMBL4622585,CHEMBL4065122,CL,mL.min-1.kg-1,=,12.0,CHEMBL612558,,"Clearance in Beagle dog at 1 mg/kg, iv measured upto 24 hrs by LC-MS/MS analysis",A,C[C@H]1CN(C2COC2)CCN1c1ccc(Nc2cc(-c3ccnc(N4CCn5c(cc6c5CC(C)(C)C6)C4=O)c3CO)cn(C)c2=O)nc1,12.0,mL.min-1.kg-1,species_only_dog
20682176,CHEMBL4623379,CHEMBL4642518,CL,mL.min-1.kg-1,=,8.5,CHEMBL612558,,"Clearance in Beagle dog at 1 mg/kg, iv or 2 mg/kg, po",A,CCC(=O)CCCCC[C@H](NC(=O)[C@H]1CC12CCN(C)CC2)c1ncc(-c2cc3ccccc3nc2OC)[nH]1,8.5,mL.min-1.kg-1,species_only_dog
20684963,CHEMBL4623889,CHEMBL4633566,CL,mL.min-1.kg-1,=,8.7,CHEMBL612558,,"Clearance in Beagle dog at 1 mg/kg, iv by LC-MS/MS analysis",A,Cn1nccc1[C@H]1CCCC[C@@H]1Oc1cc(F)c(S(=O)(=O)Nc2ccncn2)cc1Cl,8.7,mL.min-1.kg-1,species_only_dog
20685254,CHEMBL4624036,CHEMBL4638046,CL,mL.min-1.kg-1,=,2.65,CHEMBL612558,,"Clearance in dog at 0.5 mg/kg, iv",A,Cc1ccc(-n2nccn2)c(C(=O)N2CCCO[C@H]2Cn2ccc(-c3ccc(F)cn3)n2)c1,2.65,mL.min-1.kg-1,species_only_dog
20685255,CHEMBL4624036,CHEMBL3398482,CL,mL.min-1.kg-1,=,9.967,CHEMBL612558,,"Clearance in dog at 0.5 mg/kg, iv",A,CCN(CCn1ccc(-c2ccc(F)cn2)n1)C(=O)c1ccccc1-n1nccn1,9.967,mL.min-1.kg-1,species_only_dog
20687379,CHEMBL4624614,CHEMBL3658400,CL,mL.min-1.kg-1,=,4.35,CHEMBL612558,,"Clearance in dog at 10 mg/kg, po",A,O=C(c1ccc2c(ccn2-c2ccc(F)cc2)c1)N1CC(N2CCN(C(=O)c3nccs3)CC2)C1,4.35,mL.min-1.kg-1,species_only_dog
20689758,CHEMBL4625220,CHEMBL4638643,CL,mL.min-1.kg-1,=,20.0,CHEMBL612558,,"Clearance in female Beagle dog plasma at 1 mg/kg, iv",A,COC[C@@](O)([C@@H](Nc1cc(F)cc2[nH]c(=O)ccc12)c1ccc(OC)c(F)c1Cl)C(F)(F)F,20.0,mL.min-1.kg-1,species_only_dog
20689759,CHEMBL4625221,CHEMBL4638643,CL,mL.min-1.kg-1,=,20.0,CHEMBL612558,,"Clearance in female Beagle dog blood at 1 mg/kg, iv",A,COC[C@@](O)([C@@H](Nc1cc(F)cc2[nH]c(=O)ccc12)c1ccc(OC)c(F)c1Cl)C(F)(F)F,20.0,mL.min-1.kg-1,species_only_dog
20692219,CHEMBL4625838,CHEMBL4641682,CL,mL.min-1.kg-1,=,61.0,CHEMBL612558,,"Clearance in dog at 1 mg/kg, iv",A,CN1CC(C(=O)N[C@@H](CCCCCC(=O)c2ccon2)c2ncc(-c3ccccc3F)[nH]2)C1,61.0,mL.min-1.kg-1,species_only_dog
20693073,CHEMBL4625992,CHEMBL4635134,CL,mL.min-1.kg-1,=,2.0,CHEMBL612558,,"Blood clearance in beagle dog at 10.5 mg/kg, iv measured up to 7 hrs by LC-MS/MS analysis",A,CNC(=O)c1cc(C(=O)NC2CC2)cn(Cc2ccccc2)c1=O,2.0,mL.min-1.kg-1,species_only_dog
20693547,CHEMBL4626032,CHEMBL4640438,CL,mL.min-1.kg-1,=,13.2,CHEMBL612558,,Clearance in iv or po dosed dog,A,O=C(N[C@H]1CN(S(=O)(=O)c2ccccc2)C[C@@H]1C(=O)N[C@H]1CCCNC1)c1cc(-c2ccccc2)on1,13.2,mL.min-1.kg-1,species_only_dog
20693548,CHEMBL4626032,CHEMBL4641215,CL,mL.min-1.kg-1,=,13.0,CHEMBL612558,,Clearance in iv or po dosed dog,A,Cc1nc(-c2cccc(C(F)(F)F)c2)sc1C(=O)N[C@H]1CN(S(=O)(=O)c2ccccc2)C[C@@H]1C(=O)N[C@H]1CCCNC1,13.0,mL.min-1.kg-1,species_only_dog
20693549,CHEMBL4626032,CHEMBL4639111,CL,mL.min-1.kg-1,=,10.5,CHEMBL612558,,Clearance in iv or po dosed dog,A,O=C(N[C@H]1CN(S(=O)(=O)c2ccccc2)C[C@@H]1C(=O)N[C@H]1CCCNC1)c1cc(-c2ccccc2Cl)on1,10.5,mL.min-1.kg-1,species_only_dog
20697855,CHEMBL4627202,CHEMBL3544912,CL,mL.min-1.kg-1,=,12.0,CHEMBL612558,,"Total blood clearance in dog blood at 0.5 mg/kg, iv",A,Cl.NC(=O)[C@@H]1CC[C@H](c2ccc(OCc3ccccc3F)cc2)N1,12.0,mL.min-1.kg-1,species_only_dog
20713917,CHEMBL4629756,CHEMBL4632819,CL,mL.min-1.kg-1,=,0.5,CHEMBL612558,,"Clearance in Beagle dog at 1 mg/kg, iv administered as infusion for 15 mins by LC/MS-MS analysis",A,Cn1nccc1-c1cc(C(F)(F)F)ccc1[C@H]1CCOc2cc(S(=O)(=O)Nc3ncccn3)ccc21,0.5,mL.min-1.kg-1,species_only_dog
20713922,CHEMBL4629756,CHEMBL4637917,CL,mL.min-1.kg-1,=,0.3,CHEMBL612558,,"Clearance in Beagle dog at 1 mg/kg, iv administered as infusion for 15 mins by LC/MS-MS analysis",A,O=S(=O)(Nc1ncccn1)c1ccc2c(c1)OCC[C@@H]2c1ccc(C(F)(F)F)cc1-c1ccc(F)nc1,0.3,mL.min-1.kg-1,species_only_dog
20713927,CHEMBL4629756,CHEMBL4649472,CL,mL.min-1.kg-1,=,2.0,CHEMBL612558,,"Clearance in Beagle dog at 1 mg/kg, iv administered as infusion for 15 mins by LC/MS-MS analysis",A,Cc1ccc(-c2cc(C(F)(F)F)ccc2[C@H]2CCOc3cc(S(=O)(=O)Nc4ncccn4)ccc32)cn1,2.0,mL.min-1.kg-1,species_only_dog
20713932,CHEMBL4629756,CHEMBL4637586,CL,mL.min-1.kg-1,=,0.5,CHEMBL612558,,"Clearance in Beagle dog at 1 mg/kg, iv administered as infusion for 15 mins by LC/MS-MS analysis",A,O=S(=O)(Nc1ncccn1)c1ccc2c(c1)OCC[C@@H]2c1ccc(C(F)(F)F)cc1N1CCOCC1,0.5,mL.min-1.kg-1,species_only_dog
20714996,CHEMBL4630049,CHEMBL4297507,CL,mL.min-1.kg-1,=,6.167,CHEMBL612558,,"Total clearance in dog at 0.3 mg/kg, iv",A,C[C@H]1CN(C(=O)CC#N)[C@]12CCN(c1ncnc3[nH]ccc13)C2,6.167,mL.min-1.kg-1,species_only_dog
20717099,CHEMBL4630461,CHEMBL4637143,CL,mL.min-1.kg-1,=,7.3,CHEMBL612558,,"Clearance in dog at 0.5 mg/kg, iv",A,C[C@H](c1ccc(Cl)cc1Cl)n1nc(C#N)c2ncc(N3CC([C@H]4CCCN(CCO)C4)C3)nc21,7.3,mL.min-1.kg-1,species_only_dog
22388953,CHEMBL4666681,CHEMBL3827379,CL,mL.min-1.kg-1,=,0.13,CHEMBL612558,,Clearance in dog,A,C=C(C)[C@@H]1CC[C@]2(NCCN3CCS(=O)(=O)CC3)CC[C@]3(C)[C@H](CC[C@@H]4[C@@]5(C)CC=C(c6ccc(C(=O)O)cc6)C(C)(C)[C@@H]5CC[C@]43C)[C@@H]12,0.13,mL.min-1.kg-1,species_only_dog
22392914,CHEMBL4667462,CHEMBL4795177,CL,mL.min-1.kg-1,=,5.9,CHEMBL612558,,Plasma clearance in dog,A,COc1nnc2sc(C(=O)NC3CN(c4ncc(C(F)(F)F)cn4)C3)c(N)c2c1C,5.9,mL.min-1.kg-1,species_only_dog
22396915,CHEMBL4668703,CHEMBL4471306,CL,mL.min-1.kg-1,=,0.8333,CHEMBL612558,,"Clearance in dog at 0.5 mg/kg, iv",A,C[C@H](Nc1cc(Cl)nc2c1cnn2[C@@H]1O[C@H](COP(=O)(O)CP(=O)(O)O)[C@@H](O)[C@H]1O)c1ccccc1F,0.8333,mL.min-1.kg-1,species_only_dog
22396916,CHEMBL4668703,CHEMBL4761506,CL,mL.min-1.kg-1,=,0.5667,CHEMBL612558,,"Clearance in dog at 0.5 mg/kg, iv",A,C[C@H](Nc1cc(Cl)nc2c1cnn2[C@@H]1O[C@H](COP(=O)(O)CP(=O)(O)O)[C@@H](O)[C@H]1O)c1ccc(F)cc1,0.5667,mL.min-1.kg-1,species_only_dog
22396917,CHEMBL4668703,CHEMBL4743437,CL,mL.min-1.kg-1,=,1.183,CHEMBL612558,,"Clearance in dog at 0.5 mg/kg, iv",A,C[C@H](Nc1nc(Cl)nc2c1cnn2[C@@H]1O[C@H](COP(=O)(O)CP(=O)(O)O)[C@@H](O)[C@H]1O)c1ccccc1,1.183,mL.min-1.kg-1,species_only_dog
22397472,CHEMBL4668842,CHEMBL4794811,CL,mL.min-1.kg-1,=,11.6,CHEMBL612558,,"Clearance in beagle dog at 0.3 mg/kg, iv measured up to 24 hrs",A,Cc1nc(C)c(C(=O)Nc2ccc(F)c(-c3nc4ncc(-c5ncccc5C)cn4n3)c2)o1.Cl,11.6,mL.min-1.kg-1,species_only_dog
22397760,CHEMBL4668958,CHEMBL4636881,CL,mL.min-1.kg-1,=,20.0,CHEMBL612558,,"Clearance in Beagle dog at 0.5 mg/kg, iv administered as 1 hr infusion on day 1 and day 7 to achieve a target dose of 1 mg/kg by LC-MS/MS analysis",A,CC(=O)Nc1c(F)cc(C(=O)N[C@H]2CC[C@H](O)CC2)cc1O[C@@H](C)c1ccccc1,20.0,mL.min-1.kg-1,species_only_dog
22401463,CHEMBL4669729,CHEMBL4162752,CL,mL.min-1.kg-1,=,13.2,CHEMBL612558,,"Clearance in Beagle dog at 0.5 mg/kg, iv by LC-MS/MS analysis",A,O=C(O)CNC(=O)c1ncc(C#CCOc2ccc(Cl)cc2)cc1O,13.2,mL.min-1.kg-1,species_only_dog
22401470,CHEMBL4669736,CHEMBL4162752,CL,mL.min-1.kg-1,=,25.5,CHEMBL612558,,"Clearance in Beagle dog at 2 mg/kg, ig by LC-MS/MS analysis",A,O=C(O)CNC(=O)c1ncc(C#CCOc2ccc(Cl)cc2)cc1O,25.5,mL.min-1.kg-1,species_only_dog
22411632,CHEMBL4671560,CHEMBL4643852,CL,mL.min-1.kg-1,=,13.33,CHEMBL612558,,"Clearance in Beagle dog at 0.5 mg/kg, iv administered as 15 mins infusion or 1 mg/kg, po administered via gavage by LC-MS/MS analysis",A,Cc1c(N2CCCC2)nc2ccc(Br)cc2c1C(=O)NC[C@H](CCC(=O)O)c1ccccc1Cl,13.33,mL.min-1.kg-1,species_only_dog
22412364,CHEMBL4671725,CHEMBL4758823,CL,mL.min-1.kg-1,=,39.0,CHEMBL612558,,"Clearance in dog at 1 mg/kg, iv and 10 mg/kg, po",A,CC1(C)C(=O)Nc2nc(-n3nc(CCC(F)(F)F)c4cc(Cl)ccc43)nc(N)c21,39.0,mL.min-1.kg-1,species_only_dog
22418526,CHEMBL4672835,CHEMBL3928976,CL,mL.min-1.kg-1,=,4.4,CHEMBL612558,,"Clearance in dog at 1 mg/kg, iv",A,Cc1c(-c2c(Cl)cc(C(N)=O)c3[nH]c4cc(C(C)(C)O)ccc4c23)cccc1-n1c(=O)cc2c(Cl)cccn2c1=O,4.4,mL.min-1.kg-1,species_only_dog
22419368,CHEMBL4672999,CHEMBL4783351,CL,mL.min-1.kg-1,=,3.1,CHEMBL612558,,"Clearance in dog at 1 mg/kg, iv measured up to 24 hrs by LC-MS/MS analysis",A,Cc1cc(-c2nc(C(=O)Nc3cc4oc(N5CCOCC5)nc4nc3N3CC[C@@H](O)C3)co2)ccn1,3.1,mL.min-1.kg-1,species_only_dog
22419826,CHEMBL4673093,CHEMBL4761378,CL,mL.min-1.kg-1,=,24.0,CHEMBL612558,,"Clearance in Beagle dog at 0.5 mg/kg, iv or 1 mg/kg, po",A,CCn1c(-c2cnc(C)nc2)nc2c(-c3ccc4c(c3)[C@](C)(CC3CCO3)C(=O)N4)ncnc21,24.0,mL.min-1.kg-1,species_only_dog
22419827,CHEMBL4673093,CHEMBL4753205,CL,mL.min-1.kg-1,=,32.0,CHEMBL612558,,"Clearance in Beagle dog at 0.5 mg/kg, iv or 1 mg/kg, po",A,CCn1c(-c2cnc(C)nc2)nc2c(-c3ccc4c(c3)[C@](C)(N[C@H]3CCOC3)C(=O)N4)ncnc21,32.0,mL.min-1.kg-1,species_only_dog
22419828,CHEMBL4673093,CHEMBL4743715,CL,mL.min-1.kg-1,=,39.0,CHEMBL612558,,"Clearance in Beagle dog at 0.5 mg/kg, iv or 1 mg/kg, po",A,CCn1c(-c2cnc(C)nc2)nc2c(-c3ccc4c(c3)[C@](C)(NCC(C)(C)F)C(=O)N4)ncnc21,39.0,mL.min-1.kg-1,species_only_dog
22419829,CHEMBL4673093,CHEMBL4745624,CL,mL.min-1.kg-1,=,21.0,CHEMBL612558,,"Clearance in Beagle dog at 0.5 mg/kg, iv or 1 mg/kg, po",A,CCn1c(-c2cnc(C)nc2)nc2c(-c3ccc4c(c3)[C@](C)(NCC(C)(F)F)C(=O)N4)ncnc21,21.0,mL.min-1.kg-1,species_only_dog
22419830,CHEMBL4673093,CHEMBL4781592,CL,mL.min-1.kg-1,=,25.0,CHEMBL612558,,"Clearance in Beagle dog at 0.5 mg/kg, iv or 1 mg/kg, po",A,CCn1c(-c2cnc(C)nc2)nc2c(-c3ccc4c(c3)[C@](C)(N3CC(C)(OC)C3)C(=O)N4)ncnc21,25.0,mL.min-1.kg-1,species_only_dog
22419831,CHEMBL4673093,CHEMBL4800086,CL,mL.min-1.kg-1,=,1.9,CHEMBL612558,,"Clearance in Beagle dog at 0.5 mg/kg, iv or 1 mg/kg, po",A,Cc1ncc(-c2nc3c(-c4cnc5c(c4)[C@](C)(N[C@H]4CCOC4)C(=O)N5)ncnc3n2C)cn1,1.9,mL.min-1.kg-1,species_only_dog
22419832,CHEMBL4673093,CHEMBL4743750,CL,mL.min-1.kg-1,=,5.9,CHEMBL612558,,"Clearance in Beagle dog at 0.5 mg/kg, iv or 1 mg/kg, po",A,CCn1c(-c2cnc(C)nc2)nc2c(-c3cnc4c(c3)[C@](C)(N[C@H]3CCOC3)C(=O)N4)ncnc21,5.9,mL.min-1.kg-1,species_only_dog
22419833,CHEMBL4673093,CHEMBL4750385,CL,mL.min-1.kg-1,=,2.5,CHEMBL612558,,"Clearance in Beagle dog at 0.5 mg/kg, iv or 1 mg/kg, po",A,CCn1c(-c2cnc(C)nc2)nc2c(-c3cnc4c(c3)[C@](C)(NCC(C)(C)F)C(=O)N4)ncnc21,2.5,mL.min-1.kg-1,species_only_dog
22419834,CHEMBL4673093,CHEMBL4745502,CL,mL.min-1.kg-1,=,7.4,CHEMBL612558,,"Clearance in Beagle dog at 0.5 mg/kg, iv or 1 mg/kg, po",A,CCn1c(-c2cnc(C)nc2)nc2c(-c3cnc4c(c3)[C@](C)(N3CC(C)(OC)C3)C(=O)N4)ncnc21,7.4,mL.min-1.kg-1,species_only_dog
22419835,CHEMBL4673093,CHEMBL4748947,CL,mL.min-1.kg-1,=,32.0,CHEMBL612558,,"Clearance in Beagle dog at 0.5 mg/kg, iv or 1 mg/kg, po",A,CCn1c(-c2cnc(C)nc2)nc2c(-c3ccc4c(c3)[C@@]3(CCCN3C(C)C)C(=O)N4)ncnc21,32.0,mL.min-1.kg-1,species_only_dog
22419836,CHEMBL4673093,CHEMBL4757468,CL,mL.min-1.kg-1,=,9.6,CHEMBL612558,,"Clearance in Beagle dog at 0.5 mg/kg, iv or 1 mg/kg, po",A,Cc1ncc(-c2nc3c(-c4ccc5c(c4)[C@@]4(CCCN4C(=O)C4CC4)C(=O)N5)ncnc3n2C)cn1,9.6,mL.min-1.kg-1,species_only_dog
22419837,CHEMBL4673093,CHEMBL4787672,CL,mL.min-1.kg-1,=,12.0,CHEMBL612558,,"Clearance in Beagle dog at 0.5 mg/kg, iv or 1 mg/kg, po",A,CCn1c(-c2cnc(C)nc2)nc2c(-c3ccc4c(c3)[C@@]3(CCCN3C(=O)C3CC3)C(=O)N4)ncnc21,12.0,mL.min-1.kg-1,species_only_dog
22419838,CHEMBL4673093,CHEMBL4776201,CL,mL.min-1.kg-1,=,6.1,CHEMBL612558,,"Clearance in Beagle dog at 0.5 mg/kg, iv or 1 mg/kg, po",A,Cc1ncc(-c2nc3c(-c4ccc5c(c4)[C@@]4(CCCN4C(=O)C4CC4)C(=O)N5C)ncnc3n2C)cn1,6.1,mL.min-1.kg-1,species_only_dog
22419839,CHEMBL4673093,CHEMBL4754014,CL,mL.min-1.kg-1,=,3.3,CHEMBL612558,,"Clearance in Beagle dog at 0.5 mg/kg, iv or 1 mg/kg, po",A,CCn1c(-c2cnc(C)nc2)nc2c(-c3ccc4c(c3)[C@@]3(CCCN3C(=O)C3CC3)C(=O)N4C)ncnc21,3.3,mL.min-1.kg-1,species_only_dog
22419840,CHEMBL4673094,CHEMBL4761378,CL,mL.min-1.kg-1,=,250.0,CHEMBL612558,,"Intrinsic clearance in Beagle dog at 0.5 mg/kg, iv or 1 mg/kg, po",A,CCn1c(-c2cnc(C)nc2)nc2c(-c3ccc4c(c3)[C@](C)(CC3CCO3)C(=O)N4)ncnc21,250.0,mL.min-1.kg-1,species_only_dog
22419841,CHEMBL4673094,CHEMBL4745624,CL,mL.min-1.kg-1,=,160.0,CHEMBL612558,,"Intrinsic clearance in Beagle dog at 0.5 mg/kg, iv or 1 mg/kg, po",A,CCn1c(-c2cnc(C)nc2)nc2c(-c3ccc4c(c3)[C@](C)(NCC(C)(F)F)C(=O)N4)ncnc21,160.0,mL.min-1.kg-1,species_only_dog
22419842,CHEMBL4673094,CHEMBL4781592,CL,mL.min-1.kg-1,=,350.0,CHEMBL612558,,"Intrinsic clearance in Beagle dog at 0.5 mg/kg, iv or 1 mg/kg, po",A,CCn1c(-c2cnc(C)nc2)nc2c(-c3ccc4c(c3)[C@](C)(N3CC(C)(OC)C3)C(=O)N4)ncnc21,350.0,mL.min-1.kg-1,species_only_dog
22419843,CHEMBL4673094,CHEMBL4800086,CL,mL.min-1.kg-1,=,3.0,CHEMBL612558,,"Intrinsic clearance in Beagle dog at 0.5 mg/kg, iv or 1 mg/kg, po",A,Cc1ncc(-c2nc3c(-c4cnc5c(c4)[C@](C)(N[C@H]4CCOC4)C(=O)N5)ncnc3n2C)cn1,3.0,mL.min-1.kg-1,species_only_dog
22419844,CHEMBL4673094,CHEMBL4743750,CL,mL.min-1.kg-1,=,10.0,CHEMBL612558,,"Intrinsic clearance in Beagle dog at 0.5 mg/kg, iv or 1 mg/kg, po",A,CCn1c(-c2cnc(C)nc2)nc2c(-c3cnc4c(c3)[C@](C)(N[C@H]3CCOC3)C(=O)N4)ncnc21,10.0,mL.min-1.kg-1,species_only_dog
22419845,CHEMBL4673094,CHEMBL4750385,CL,mL.min-1.kg-1,=,6.0,CHEMBL612558,,"Intrinsic clearance in Beagle dog at 0.5 mg/kg, iv or 1 mg/kg, po",A,CCn1c(-c2cnc(C)nc2)nc2c(-c3cnc4c(c3)[C@](C)(NCC(C)(C)F)C(=O)N4)ncnc21,6.0,mL.min-1.kg-1,species_only_dog
22419846,CHEMBL4673094,CHEMBL4745502,CL,mL.min-1.kg-1,=,16.0,CHEMBL612558,,"Intrinsic clearance in Beagle dog at 0.5 mg/kg, iv or 1 mg/kg, po",A,CCn1c(-c2cnc(C)nc2)nc2c(-c3cnc4c(c3)[C@](C)(N3CC(C)(OC)C3)C(=O)N4)ncnc21,16.0,mL.min-1.kg-1,species_only_dog
22419847,CHEMBL4673094,CHEMBL4757468,CL,mL.min-1.kg-1,=,27.0,CHEMBL612558,,"Intrinsic clearance in Beagle dog at 0.5 mg/kg, iv or 1 mg/kg, po",A,Cc1ncc(-c2nc3c(-c4ccc5c(c4)[C@@]4(CCCN4C(=O)C4CC4)C(=O)N5)ncnc3n2C)cn1,27.0,mL.min-1.kg-1,species_only_dog
22419848,CHEMBL4673094,CHEMBL4787672,CL,mL.min-1.kg-1,=,50.0,CHEMBL612558,,"Intrinsic clearance in Beagle dog at 0.5 mg/kg, iv or 1 mg/kg, po",A,CCn1c(-c2cnc(C)nc2)nc2c(-c3ccc4c(c3)[C@@]3(CCCN3C(=O)C3CC3)C(=O)N4)ncnc21,50.0,mL.min-1.kg-1,species_only_dog
22419849,CHEMBL4673094,CHEMBL4776201,CL,mL.min-1.kg-1,=,14.0,CHEMBL612558,,"Intrinsic clearance in Beagle dog at 0.5 mg/kg, iv or 1 mg/kg, po",A,Cc1ncc(-c2nc3c(-c4ccc5c(c4)[C@@]4(CCCN4C(=O)C4CC4)C(=O)N5C)ncnc3n2C)cn1,14.0,mL.min-1.kg-1,species_only_dog
22419850,CHEMBL4673094,CHEMBL4754014,CL,mL.min-1.kg-1,=,7.0,CHEMBL612558,,"Intrinsic clearance in Beagle dog at 0.5 mg/kg, iv or 1 mg/kg, po",A,CCn1c(-c2cnc(C)nc2)nc2c(-c3ccc4c(c3)[C@@]3(CCCN3C(=O)C3CC3)C(=O)N4C)ncnc21,7.0,mL.min-1.kg-1,species_only_dog
22423010,CHEMBL4674055,CHEMBL4764485,CL,mL.min-1.kg-1,=,8.36,CHEMBL612558,,Clearance in dog,A,COc1cc(-c2ncc(COc3cccc([C@@H](CC(=O)O)C4CC4)c3)nc2CC(C)C)c(F)cn1,8.36,mL.min-1.kg-1,species_only_dog
22423014,CHEMBL4674059,CHEMBL4764485,CL,mL.min-1.kg-1,=,13.5,CHEMBL612558,,Hepatic clearance in dog,A,COc1cc(-c2ncc(COc3cccc([C@@H](CC(=O)O)C4CC4)c3)nc2CC(C)C)c(F)cn1,13.5,mL.min-1.kg-1,species_only_dog
22429652,CHEMBL4675971,CHEMBL3716365,CL,mL.min-1.kg-1,=,20.0,CHEMBL612558,,"Clearance in Beagle dog at 0.5 mg/kg, iv administered as 10 mins infusion via catheter by LC-MS/MS analysis",A,O=c1nc(OC[C@@H]2COCCO2)cc2n1CCc1cc(C#CC3CC3)ccc1-2,20.0,mL.min-1.kg-1,species_only_dog
22429654,CHEMBL4675973,CHEMBL3716365,CL,mL.min-1.kg-1,=,308.33,CHEMBL612558,,"Unbound clearance in Beagle dog at 0.5 mg/kg, iv administered as 10 mins infusion via catheter by LC-MS/MS analysis",A,O=c1nc(OC[C@@H]2COCCO2)cc2n1CCc1cc(C#CC3CC3)ccc1-2,308.33,mL.min-1.kg-1,species_only_dog
22429738,CHEMBL4676044,CHEMBL4549658,CL,mL.min-1.kg-1,=,1.31,CHEMBL612558,,"Total plasma clearance in Beagle dog at 1 mg/kg, iv by LC-MS/MS analysis",A,C[C@H]1CCN1c1nc(N2C[C@@H]3[C@@H](CC(=O)O)[C@@H]3C2)cc(C(F)(F)F)n1,1.31,mL.min-1.kg-1,species_only_dog
22432504,CHEMBL4676616,CHEMBL4784091,CL,mL.min-1.kg-1,=,0.9,CHEMBL612558,,"Clearance in Beagle dog at 0.3 mg/kg, iv by LC-MS/MS analysis",A,CNC(=O)c1cn(C[C@H](F)CCc2ccc(NC(=O)Cc3cc(C(F)(F)F)cc(C)n3)nn2)nn1,0.9,mL.min-1.kg-1,species_only_dog
22432505,CHEMBL4676616,CHEMBL4763291,CL,mL.min-1.kg-1,=,3.0,CHEMBL612558,,"Clearance in Beagle dog at 0.3 mg/kg, iv by LC-MS/MS analysis",A,CNC(=O)c1cn(C[C@H](F)CCc2ccc(NC(=O)Cc3cc(OC4CC(F)(F)C4)ccn3)nn2)nn1.Cl,3.0,mL.min-1.kg-1,species_only_dog
22432506,CHEMBL4676616,CHEMBL4797673,CL,mL.min-1.kg-1,=,2.9,CHEMBL612558,,"Clearance in Beagle dog at 0.3 mg/kg, iv by LC-MS/MS analysis",A,CNC(=O)c1cn(C[C@H](F)CCc2ccc(NC(=O)Cc3cc(-c4cccc(OC(F)(F)F)c4)ccn3)nn2)nn1.Cl,2.9,mL.min-1.kg-1,species_only_dog
22432507,CHEMBL4676616,CHEMBL4790843,CL,mL.min-1.kg-1,=,0.59,CHEMBL612558,,"Clearance in Beagle dog at 0.3 mg/kg, iv by LC-MS/MS analysis",A,CNC(=O)c1cn(C[C@H](F)CCc2ccc(NC(=O)Cc3cc(OC4CC(F)(F)C4)cc(C)n3)nn2)nn1.Cl.Cl,0.59,mL.min-1.kg-1,species_only_dog
22436508,CHEMBL4677613,CHEMBL4745533,CL,mL.min-1.kg-1,=,140.33,CHEMBL612558,,Intrinsic hepatic clearance in dog,A,CC(O)(C#Cc1ccc2nccc(-c3cn[nH]c3)c2c1)c1nccs1,140.33,mL.min-1.kg-1,species_only_dog
22438936,CHEMBL4678048,CHEMBL4791626,CL,mL.min-1.kg-1,=,55.6,CHEMBL612558,,"Clearance in dog at 0.5 mg/kg, iv",A,CN(C)CCn1cc2cc(NC(=O)c3cccc(C(F)(F)F)n3)c(C(C)(C)O)cc2n1,55.6,mL.min-1.kg-1,species_only_dog
22440851,CHEMBL4678476,CHEMBL4112930,CL,mL.min-1.kg-1,=,15.2,CHEMBL612558,,"Clearance in Beagle dog at 1 mg/kg, iv by LC-MS/MS analysis",A,C[C@]12CCCN1CC1=NNC(=O)c3cc(F)cc4[nH]c2c1c34,15.2,mL.min-1.kg-1,species_only_dog
22441919,CHEMBL4678855,CHEMBL4462530,CL,mL.min-1.kg-1,=,16.0,CHEMBL612558,,"Clearance in Beagle dog plasma at 0.23 umol/kg, iv administered over 0.25 hrs formulated as solution in 10% DMSO/90% water",A,CC(=O)N[C@@H]1CCC[C@H](C(=O)Nc2cc(-c3cnn4c3CC(C)(C)C4)c(Cl)cn2)C1,16.0,mL.min-1.kg-1,species_only_dog
22441931,CHEMBL4678865,CHEMBL4754081,CL,mL.min-1.kg-1,=,53.0,CHEMBL612558,,"Clearance in Beagle dog plasma at 0.24 umol/kg, iv administered as 0.25 hrs infusion",A,CC(=O)N[C@@H]1CCC[C@H](C(=O)Nc2cc(-c3cnn4c3CC(C)(C)C4)c(F)cn2)C1,53.0,mL.min-1.kg-1,species_only_dog
22442122,CHEMBL4678917,CHEMBL4754399,CL,mL.min-1.kg-1,=,30.0,CHEMBL612558,,"Clearance in Beagle dog plasma at 5.2 umol/kg, iv administered over 0.25 hrs formulated as solution in 5% DMSO",A,CC(=O)N[C@@H]1CCC[C@H](C(=O)Nc2cc(-c3cnn4c3CCCC4)c(Cl)cn2)C1,30.0,mL.min-1.kg-1,species_only_dog
22442268,CHEMBL4678928,CHEMBL3673434,CL,mL.min-1.kg-1,=,7.5,CHEMBL612558,,"Clearance in Beagle dog plasma at 5.2 umol/kg, iv administered as 0.25 hrs infusion",A,COc1cc(F)ccc1-c1ccnc(NC(=O)[C@H]2CCC[C@@H](NC(C)=O)C2)c1,7.5,mL.min-1.kg-1,species_only_dog
22447715,CHEMBL4679857,CHEMBL4781037,CL,mL.min-1.g-1,=,9.3,CHEMBL612558,,"Clearance in Beagle dog at 2 mg/kg, po measured up to 24 hrs",A,NS(=O)(=O)N1CCC(C(=O)/C(=N/O)Nc2ccc(F)c(Br)c2)CC1,0.009300000000000001,mL.min-1.kg-1,species_only_dog
22447716,CHEMBL4679857,CHEMBL3545369,CL,mL.min-1.g-1,=,36.6,CHEMBL612558,,"Clearance in Beagle dog at 2 mg/kg, po measured up to 24 hrs",A,NS(=O)(=O)NCCNc1nonc1/C(=N/O)Nc1ccc(F)c(Br)c1,0.0366,mL.min-1.kg-1,species_only_dog
22448162,CHEMBL4679962,CHEMBL4786690,CL,mL.min-1.kg-1,=,5.1,CHEMBL612558,,"Clearance in dog at 1 mg/kg, iv",A,C[C@@H](NC(=O)c1ccc(Cl)cc1)[C@H]1CC[C@@H](c2ccnc3ccc(F)cc32)CC1,5.1,mL.min-1.kg-1,species_only_dog
22451696,CHEMBL4681181,CHEMBL3959509,CL,mL.min-1.kg-1,=,1.4,CHEMBL612558,,"Clearance in dog at 0.1 mg/kg, po or 0.1 mg/kg, iv",A,O=C(O)C1CN(Cc2ccc3c(c2)CCc2c-3noc2-c2onc(-c3ccccc3)c2C(F)(F)F)C1,1.4,mL.min-1.kg-1,species_only_dog
22453073,CHEMBL4681517,CHEMBL4748750,CL,mL.min-1.kg-1,=,6.0,CHEMBL612558,,"Clearance in dog at 0.5 mg/kg, iv",A,C[C@@H]1CN(c2ccc(S(C)(=O)=O)cc2F)CCN1c1nccc(C(=O)NC2C3CC4CC2CC(O)(C4)C3)n1,6.0,mL.min-1.kg-1,species_only_dog
22455684,CHEMBL4681964,CHEMBL4746566,CL,mL.min-1.kg-1,=,1.5,CHEMBL612558,,"Clearance in Beagle dog at 1 mg/kg, iv",A,CC(C)(Oc1ccc(-c2cnc(N)c(-c3ccc(Cl)cc3)c2)cc1)C(=O)O,1.5,mL.min-1.kg-1,species_only_dog
22483017,CHEMBL4687936,CHEMBL4747746,CL,mL.min-1.kg-1,=,6.0,CHEMBL612558,,Clearance in dog,A,CC(C)[C@@H](C)[C@@]1(C)CC[C@]2(C)[C@H]3CC[C@@H]4[C@@]5(COC[C@@]4(C)[C@@H](OC[C@](C)(N)C(C)C)[C@H](n4ncnc4-c4ccncc4)C5)C3=CC[C@@]2(C)[C@@H]1C(=O)O,6.0,mL.min-1.kg-1,species_only_dog
22483018,CHEMBL4687936,CHEMBL4297513,CL,mL.min-1.kg-1,=,4.0,CHEMBL612558,,Clearance in dog,A,CC(C)[C@@H](C)[C@@]1(C)CC[C@]2(C)[C@H]3CC[C@@H]4[C@@]5(COC[C@@]4(C)[C@@H](OC[C@](C)(N)C(C)(C)C)[C@H](n4ncnc4-c4ccncc4)C5)C3=CC[C@@]2(C)[C@@H]1C(=O)O,4.0,mL.min-1.kg-1,species_only_dog
22756184,CHEMBL4700832,CHEMBL4209316,CL,mL.min-1.kg-1,=,12.5,CHEMBL612558,,"Clearance in Beagle dog at 1 mg/kg, iv measured up to 24 hrs by LC-MS/MS analysis",A,CNc1nc(Nc2ccc(-n3cnc(C)n3)c(OC)c2)nc2c1CC[C@H]2c1ccc(F)cc1,12.5,mL.min-1.kg-1,species_only_dog
22757271,CHEMBL4701128,CHEMBL4744041,CL,mL.min-1.kg-1,=,11.0,CHEMBL612558,,"Clearance in dog at 1 mg/kg, iv",A,Cc1cc(-c2ccnc(Nc3cnn(C)c3)n2)ccc1CNC(=O)N1CC(OC(C)C)C1,11.0,mL.min-1.kg-1,species_only_dog
22758692,CHEMBL4701499,CHEMBL4786007,CL,mL.min-1.kg-1,=,16.0,CHEMBL612558,,"Clearance in Beagle dog at 2 umol/kg, po and 1 umol/kg, iv",A,CNC(=O)c1nn(C)c2ccc(Nc3nccc(-n4cc(N[C@@H]5CCOC[C@@H]5N)cn4)n3)cc12,16.0,mL.min-1.kg-1,species_only_dog
22759066,CHEMBL4701619,CHEMBL4763134,CL,mL.min-1.kg-1,=,0.3,CHEMBL612558,,"Clearance in dog at 1 mg/kg, iv",A,C[C@H]1C[C@H](C(=O)O)CC[C@H]1C(=O)N1CC[C@@]2(S(=O)(=O)c3ccccc3)c3cc(F)c(C(F)(C(F)(F)F)C(F)(F)F)cc3CC[C@@H]12,0.3,mL.min-1.kg-1,species_only_dog
22760507,CHEMBL4701930,CHEMBL4650521,CL,mL.min-1.kg-1,=,4.0,CHEMBL612558,,"Clearance in beagle dog at 0.2 mg/kg, iv by LC-MS/MS analysis",A,C[C@@H]1OCC2(CCN(c3cnc(Sc4ccnc(N)c4Cl)c(N)n3)CC2)[C@@H]1N,4.0,mL.min-1.kg-1,species_only_dog
22768981,CHEMBL4703779,CHEMBL4777223,CL,mL.min-1.kg-1,=,10.5,CHEMBL612558,,"Clearance in dog at 2 mg/kg, iv",A,COc1cccc2[nH]c(C(=O)N[C@@H](CC(C)C)C(=O)N[C@@H](C[C@@H]3CCNC3=O)C(=O)CO)cc12,10.5,mL.min-1.kg-1,species_only_dog
22769705,CHEMBL4704075,CHEMBL4788866,CL,mL.min-1.kg-1,=,1.667,CHEMBL612558,,"Clearance (0 to 24 hrs) in Beagle dog at 3 mg/kg, iv administered as single bolus dose by LC-MS/MS analysis",A,C[C@H]1CN(C2CCN(c3nc(N)n[nH]3)CC2)[C@@H](Cc2ccc(Cl)cc2)CO1,1.667,mL.min-1.kg-1,species_only_dog
22775248,CHEMBL4705453,CHEMBL4781849,CL,mL.min-1.kg-1,=,19.7,CHEMBL612558,,Clearance in dog liver,A,CC[C@@H](c1nc2cccc(F)c2c(=O)n1C1CC1)n1nc(-c2ccc(OC)c(F)c2)c2c(N)ncnc21,19.7,mL.min-1.kg-1,species_only_dog
22778833,CHEMBL4706423,CHEMBL4797283,CL,mL.min-1.kg-1,=,2.8,CHEMBL612558,,"Clearance in beagle dog at 1 mg/kg, iv after 24 hrs by LC-MS-MS analysis",A,Cl.O=C(N[C@H]1CCN(CC2CC2)C[C@@H]1C(=O)NC1(c2ncccn2)CC1)c1cc(-c2ccc(F)cc2F)on1,2.8,mL.min-1.kg-1,species_only_dog
22817537,CHEMBL4715133,CHEMBL4760466,CL,mL.min-1.kg-1,=,0.22,CHEMBL612558,,"Clearance in dog at 1 mg/kg, iv",A,C[C@@](O)(CS(C)(=O)=O)C(=O)N[C@@H]1CC[C@@]2(S(=O)(=O)c3ccc(F)cc3)c3ccc(C(F)(C(F)(F)F)C(F)(F)F)nc3CC[C@@H]12,0.22,mL.min-1.kg-1,species_only_dog
22818171,CHEMBL4715378,CHEMBL4778083,CL,mL.min-1.kg-1,=,14.0,CHEMBL612558,,"Clearance in dog at 0.8 mg/kg, iv",A,Cn1cc(Nc2nn3c(C(F)(F)c4ccc5ncccc5c4)nnc3s2)cn1,14.0,mL.min-1.kg-1,species_only_dog
22818577,CHEMBL4715557,CHEMBL4761298,CL,mL.min-1.kg-1,=,3.15,CHEMBL612558,,"Clearance in Beagle dog at 2 mg/kg, po or 1 mg/kg, iv",A,Cc1cccc2c1c(=O)n(C[C@H]1CC[C@H](C(=O)O)CC1)c(=O)n2Cc1cccc(C(F)(F)F)c1C#N,3.15,mL.min-1.kg-1,species_only_dog
22818791,CHEMBL4715649,CHEMBL4747709,CL,mL.min-1.kg-1,=,200.0,CHEMBL612558,,Intrinsic Clearance in dog,A,CN[C@H](CNc1cc(F)c(S(=O)(=O)Nc2ncc(F)s2)cc1Cl)CC(C)(C)C.Cl,200.0,mL.min-1.kg-1,species_only_dog
22818814,CHEMBL4715671,CHEMBL4747709,CL,mL.min-1.kg-1,=,4.5,CHEMBL612558,,Clearance in dog,A,CN[C@H](CNc1cc(F)c(S(=O)(=O)Nc2ncc(F)s2)cc1Cl)CC(C)(C)C.Cl,4.5,mL.min-1.kg-1,species_only_dog
22823828,CHEMBL4717083,CHEMBL4103954,CL,mL.min-1.kg-1,=,1.5,CHEMBL612558,,"Clearance in dog at 1 mg/kg, iv",A,C[C@H]1CC[C@@H](c2nc(-c3ccc(C(=O)Nc4cc(C(F)(F)F)ccn4)cc3F)c3c(N)nccn23)CN1C(=O)C1CC1,1.5,mL.min-1.kg-1,species_only_dog
22823829,CHEMBL4717083,CHEMBL4799627,CL,mL.min-1.kg-1,=,11.0,CHEMBL612558,,"Clearance in dog at 1 mg/kg, iv",A,CC1(C(=O)N2CCC[C@@H](c3nc(-c4ccc(C(=O)Nc5cc(C(F)(F)F)ccn5)cc4F)c4c(N)nccn34)C2)COC1,11.0,mL.min-1.kg-1,species_only_dog
22827657,CHEMBL4717825,CHEMBL4097569,CL,mL.min-1.kg-1,=,2.73,CHEMBL612558,,"Clearance in dog at 0.1 mg/kg, iv administered as single bolus dose",A,Cc1cnc(C(=O)N[C@H]2CCOC[C@@H]2O)cc1Cc1ccc(-c2cscn2)cc1,2.73,mL.min-1.kg-1,species_only_dog
22840602,CHEMBL4719688,CHEMBL4763546,CL,mL.min-1.kg-1,=,2.0,CHEMBL612558,,"Clearance in Beagle dog at 1 mg/kg, iv administered post overnight fasting measured upto 24 hrs by LC-MS/MS analysis",A,COC(=O)N[C@H](C(=O)N1CCC[C@H]1c1ncc(-c2cc(F)c3c(c2)OC(c2ccc4c(c2)OCCC4)n2c-3cc3cc(-c4cnc([C@@H]5CCCN5C(=O)[C@@H](NC(=O)OC)C(C)C)[nH]4)ccc32)[nH]1)C(C)C.Cl.Cl,2.0,mL.min-1.kg-1,species_only_dog
22849822,CHEMBL4723249,CHEMBL3973674,CL,mL.min-1.kg-1,=,8.0,CHEMBL612558,,"Clearance in Beagle dog at 0.1 mg/kg, iv or 0.3 mg/kg, po by LC-MS/MS analysis",A,COCCOc1cc(NC(=O)N2CCCc3cc(CN4CCN(C)CC4=O)c(C=O)nc32)ncc1C#N,8.0,mL.min-1.kg-1,species_only_dog
22849823,CHEMBL4723249,CHEMBL4764394,CL,mL.min-1.kg-1,=,2.0,CHEMBL612558,,"Clearance in Beagle dog at 0.1 mg/kg, iv or 0.3 mg/kg, po by LC-MS/MS analysis",A,CC(C)Oc1cc(NC(=O)N2CCCc3cc(CN4CCCC4=O)c(C=O)nc32)ncc1C#N,2.0,mL.min-1.kg-1,species_only_dog
22853055,CHEMBL4724157,CHEMBL3805348,CL,mL.min-1.kg-1,=,2.4,CHEMBL612558,,"Clearance in Beagle dog at 1 mg/kg, iv measured upto 24 hrs by LC-MS/MS analysis",A,C[C@H](Nc1ncnc2[nH]cnc12)c1nc2cccc(Cl)c2c(=O)n1-c1ccccc1,2.4,mL.min-1.kg-1,species_only_dog
22853056,CHEMBL4724157,CHEMBL2216870,CL,mL.min-1.kg-1,=,0.76,CHEMBL612558,,"Clearance in Beagle dog at 1 mg/kg, iv measured upto 24 hrs by LC-MS/MS analysis",A,CC[C@H](Nc1ncnc2[nH]cnc12)c1nc2cccc(F)c2c(=O)n1-c1ccccc1,0.76,mL.min-1.kg-1,species_only_dog
22853057,CHEMBL4724157,CHEMBL4756563,CL,mL.min-1.kg-1,=,0.8,CHEMBL612558,,"Clearance in Beagle dog at 1 mg/kg, iv measured upto 24 hrs by LC-MS/MS analysis",A,C[C@H](Nc1nc(N)nc(N)c1C#N)c1c(-c2ccccc2)c(=O)n2cc(F)ccc2c1-c1ccc(F)cc1,0.8,mL.min-1.kg-1,species_only_dog
22876409,CHEMBL4725926,CHEMBL4786078,CL,mL.min-1.kg-1,=,7.0,CHEMBL612558,,"Clearance in Beagle dog at 1 mg/kg, iv",A,Cc1cc(CNC(=O)c2nc3n(c(=O)c2O)CC2CCC3(NC(=O)C(=O)N(C)C)CC2)ccc1F,7.0,mL.min-1.kg-1,species_only_dog
22876683,CHEMBL4726002,CHEMBL4784510,CL,mL.min-1.kg-1,=,6.6,CHEMBL612558,,"Total clearance in Beagle dog at 1 mg/kg, iv by LC-MS/MS analysis",A,COc1cc(F)c([C@@H]2CNC(=O)[C@H]2NC(=O)Nc2ccccc2)c(F)c1,6.6,mL.min-1.kg-1,species_only_dog
22876861,CHEMBL4726055,CHEMBL4594258,CL,mL.min-1.kg-1,=,20.0,CHEMBL612558,,"Clearance in Beagle dog at 0.25 mg/kg, iv administered as 30 mins infusion by HPLC-MS analysis",A,CCCC[C@](C)(CO)Nc1nc(N)nc2cc(F)cnc12,20.0,mL.min-1.kg-1,species_only_dog
22881567,CHEMBL4727223,CHEMBL4792347,CL,mL.min-1.kg-1,=,16.5,CHEMBL612558,,Clearance in iv dosed dog,A,CNCCOc1ccccc1C(C)(C)Nc1nccn(-c2cc(C(=O)NC3CC3)ccc2C)c1=O,16.5,mL.min-1.kg-1,species_only_dog
22881568,CHEMBL4727223,CHEMBL2031465,CL,mL.min-1.kg-1,=,24.0,CHEMBL612558,,Clearance in iv dosed dog,A,Cc1ccc(C(=O)NC2CC2)cc1-n1cnc2ccc(N3CCN(C)CC3)cc2c1=O,24.0,mL.min-1.kg-1,species_only_dog
22882686,CHEMBL4727393,CHEMBL4793710,CL,mL.min-1.kg-1,=,2.0,CHEMBL612558,,Clearance in dog,A,CC(C)[C@@H](C)[C@@]1(C)CC[C@]2(C)[C@H]3CC[C@@H]4[C@@]5(COC[C@]4(C)[C@@H](OC[C@](C)(N)C(C)(C)C)[C@H](n4ncnc4C(N)=O)C5)C3=CC[C@@]2(C)[C@@H]1C(=O)O,2.0,mL.min-1.kg-1,species_only_dog
22883009,CHEMBL4727455,CHEMBL4103954,CL,mL.min-1.kg-1,=,1.5,CHEMBL612558,,"Clearance in Beagle dog at 1 mg/kg, iv",A,C[C@H]1CC[C@@H](c2nc(-c3ccc(C(=O)Nc4cc(C(F)(F)F)ccn4)cc3F)c3c(N)nccn23)CN1C(=O)C1CC1,1.5,mL.min-1.kg-1,species_only_dog
22883010,CHEMBL4727455,CHEMBL4106978,CL,mL.min-1.kg-1,=,11.0,CHEMBL612558,,"Clearance in Beagle dog at 1 mg/kg, iv",A,Nc1nccn2c([C@@H]3CC[C@H]4CCC(=O)N4C3)nc(-c3ccc(C(=O)Nc4cc(C(F)(F)F)ccn4)cc3)c12,11.0,mL.min-1.kg-1,species_only_dog
22883011,CHEMBL4727455,CHEMBL4114929,CL,mL.min-1.kg-1,=,20.0,CHEMBL612558,,"Clearance in Beagle dog at 1 mg/kg, iv",A,COc1cc(C(=O)Nc2cc(C(F)(F)F)ccn2)ccc1-c1nc([C@@H]2CC[C@H]3CCC(=O)N3C2)n2ccnc(N)c12,20.0,mL.min-1.kg-1,species_only_dog
22888960,CHEMBL4728847,CHEMBL4779889,CL,mL.min-1.kg-1,=,17.0,CHEMBL612558,,"Clearance in dog at 0.1 mg/kg, iv by LC-MS/MS analysis",A,Cn1c(=O)n(CC(=O)N2CCC2)c2cc(-c3ccc(C(F)(F)F)s3)cnc21,17.0,mL.min-1.kg-1,species_only_dog
22889409,CHEMBL4728958,CHEMBL4759047,CL,mL.min-1.kg-1,=,12.0,CHEMBL612558,,"Clearance in Beagle dog at 0.3 mg/kg, iv and measured up to 24 hrs by LC-MS/MS analysis",A,Nc1nccc(COc2ccc3nc(N[C@@H]4CCCC[C@H]4O)sc3c2)c1Cl,12.0,mL.min-1.kg-1,species_only_dog
22889410,CHEMBL4728958,CHEMBL4748740,CL,mL.min-1.kg-1,=,30.0,CHEMBL612558,,"Clearance in Beagle dog at 0.3 mg/kg, iv and measured up to 24 hrs by LC-MS/MS analysis",A,COc1cc(OCc2ccnc(Nc3cnn(C)c3)n2)cc2sc(N[C@H]3CCCC[C@@H]3O)nc12,30.0,mL.min-1.kg-1,species_only_dog
22898660,CHEMBL4731189,CHEMBL4786307,CL,mL.min-1.kg-1,=,0.9,CHEMBL612558,,"Clearance in dog at 0.5 mg/kg, iv and 2.5 mg/kg, po",A,O=C(c1cccc(F)c1-c1ncccn1)N1[C@@H]2CC[C@H]1[C@H](Nc1cnc(C(F)(F)F)cn1)C2,0.9,mL.min-1.kg-1,species_only_dog
22898690,CHEMBL4731211,CHEMBL4786307,CL,mL.min-1.kg-1,=,4.8,CHEMBL612558,,"In vitro clearance in dog at 0.5 mg/kg, iv and 2.5 mg/kg, po",A,O=C(c1cccc(F)c1-c1ncccn1)N1[C@@H]2CC[C@H]1[C@H](Nc1cnc(C(F)(F)F)cn1)C2,4.8,mL.min-1.kg-1,species_only_dog
22898854,CHEMBL4731246,CHEMBL4785914,CL,mL.min-1.kg-1,=,6.32,CHEMBL612558,,"Clearance in Beagle dog at 1 mg/kg, iv",A,CNC(=O)c1csc2c(C(F)(F)F)cc(N3CCC(OC(=O)N[C@@H](C)COC(F)(F)F)CC3)nc12,6.32,mL.min-1.kg-1,species_only_dog
22899602,CHEMBL4731415,CHEMBL4743180,CL,mL.min-1.kg-1,=,3.1,CHEMBL612558,,"Clearance in Beagle dog at 0.5 mg/kg, iv measured up to 24 hrs",A,CNC(=O)NC1CCN(C(=O)[C@@H](CCCCN)NC(=O)[C@@H](CC(C)C)NC(=O)[C@@H](Cc2ccccc2)NC(=O)CNC[C@H](C)c2ccccc2)CC1,3.1,mL.min-1.kg-1,species_only_dog
22930182,CHEMBL4738423,CHEMBL4741463,CL,mL.min-1.kg-1,=,19.5,CHEMBL612558,,"Plasma clearance in Beagle dog at 2.5 mg/kg, po or 1 mg/kg, iv",A,C[C@H]1Cc2[nH]nc(-c3cscn3)c2CN1C(=O)Nc1ccc(F)c(C#N)c1,19.5,mL.min-1.kg-1,species_only_dog
22931096,CHEMBL4738804,CHEMBL4282264,CL,mL.min-1.kg-1,=,1.5,CHEMBL612558,,Plasma clearance in dog,A,CNC(=O)Nc1ccc2c(c1)CC[C@@]21OC(=O)N(CC(=O)N(Cc2ccc(F)cc2)[C@@H](C)C(F)(F)F)C1=O,1.5,mL.min-1.kg-1,species_only_dog
22931097,CHEMBL4738804,CHEMBL4780132,CL,mL.min-1.kg-1,=,12.67,CHEMBL612558,,Plasma clearance in dog,A,C[C@H](N(Cc1ccc(F)cc1)C(=O)CN1C(=O)N[C@]2(C[C@@H](F)c3cc(-c4cnn(C)c4)ccc32)C1=O)C(F)(F)F,12.67,mL.min-1.kg-1,species_only_dog
22931102,CHEMBL4738807,CHEMBL4282264,CL,mL.min-1.kg-1,=,73.33,CHEMBL612558,,Unbound clearance in dog,A,CNC(=O)Nc1ccc2c(c1)CC[C@@]21OC(=O)N(CC(=O)N(Cc2ccc(F)cc2)[C@@H](C)C(F)(F)F)C1=O,73.33,mL.min-1.kg-1,species_only_dog
22949842,CHEMBL4765889,CHEMBL3928926,CL,mL.min-1.kg-1,=,3.333,CHEMBL612558,,"Clearance in dog at 1 mg/kg, iv",A,C[C@H](Nc1nc(N)nc(N)c1C#N)c1nc2cccc(Cl)c2c(=O)n1-c1cccnc1,3.333,mL.min-1.kg-1,species_only_dog
22949843,CHEMBL4765889,CHEMBL3915848,CL,mL.min-1.kg-1,=,3.5,CHEMBL612558,,"Clearance in dog at 1 mg/kg, iv",A,C[C@H](Nc1nc(N)nc(N)c1C#N)c1nc2c(F)ccc(Cl)c2c(=O)n1-c1cccnc1,3.5,mL.min-1.kg-1,species_only_dog
22949844,CHEMBL4765889,CHEMBL3917562,CL,mL.min-1.kg-1,=,5.167,CHEMBL612558,,"Clearance in dog at 1 mg/kg, iv",A,C[C@H](Nc1nc(N)nc(N)c1C#N)c1nc2c(F)ccc(Cl)c2c(=O)n1-c1cncc(F)c1,5.167,mL.min-1.kg-1,species_only_dog
22949845,CHEMBL4765889,CHEMBL3900451,CL,mL.min-1.kg-1,=,2.167,CHEMBL612558,,"Clearance in dog at 1 mg/kg, iv",A,CC[C@H](Nc1nc(N)nc(N)c1C#N)c1nc2c(F)ccc(Cl)c2c(=O)n1-c1cccnc1,2.167,mL.min-1.kg-1,species_only_dog
22949846,CHEMBL4765889,CHEMBL3928407,CL,mL.min-1.kg-1,=,9.0,CHEMBL612558,,"Clearance in dog at 1 mg/kg, iv",A,N#Cc1c(N)nc(N)nc1N[C@H](c1nc2c(F)ccc(Cl)c2c(=O)n1-c1cccnc1)C1CC1,9.0,mL.min-1.kg-1,species_only_dog
22949922,CHEMBL4765917,CHEMBL3928407,CL,mL.min-1.kg-1,=,9.0,CHEMBL612558,,"Clearance in Beagle dog at 1 mg/kg, iv measured over 24 hrs by LC/MS/MS analysis",A,N#Cc1c(N)nc(N)nc1N[C@H](c1nc2c(F)ccc(Cl)c2c(=O)n1-c1cccnc1)C1CC1,9.0,mL.min-1.kg-1,species_only_dog
22950148,CHEMBL4766010,CHEMBL3707392,CL,mL.min-1.kg-1,=,0.7,CHEMBL612558,,Clearance in iv dosed Beagle dog,A,O=C1c2cc(-c3ccc(OC(F)(F)F)cc3)ccc2OCCN1Cc1ncccn1,0.7,mL.min-1.kg-1,species_only_dog
22950183,CHEMBL4766045,CHEMBL4297463,CL,mL.min-1.kg-1,=,23.5,CHEMBL612558,,"Clearance in Beagle dog at 1 mg/kg, iv",A,COc1cc(C)[nH]c(=O)c1CNC(=O)c1c(C)n([C@H](C)C2CCN(CC(F)(F)F)CC2)c2ccccc12,23.5,mL.min-1.kg-1,species_only_dog
22950184,CHEMBL4766046,CHEMBL4297463,CL,mL.min-1.kg-1,=,241.67,CHEMBL612558,,"Unbound clearance in Beagle dog at 1 mg/kg, iv",A,COc1cc(C)[nH]c(=O)c1CNC(=O)c1c(C)n([C@H](C)C2CCN(CC(F)(F)F)CC2)c2ccccc12,241.67,mL.min-1.kg-1,species_only_dog
22951341,CHEMBL4766339,CHEMBL3915620,CL,mL.min-1.kg-1,=,4.9,CHEMBL612558,,"Clearance in dog plasma at 5 mg/kg, po or 1 mg/kg, iv by LC/MS/MS analysis",A,CC#C[C@@H](CC(=O)O)c1ccc(OCc2ccc(CN3CCC4(C=Cc5ccccc54)CC3)cc2)cc1,4.9,mL.min-1.kg-1,species_only_dog
22951346,CHEMBL4766342,CHEMBL4787498,CL,mL.min-1.kg-1,=,2.2,CHEMBL612558,,"Clearance in dog plasma at 3 mg/kg, po or 1 mg/kg, iv by LC/MS/MS analysis",A,CC#C[C@@H](CC(=O)O)c1ccc(OCc2ccc(CN3CCC4(CCc5ccccc54)CC3)s2)cc1,2.2,mL.min-1.kg-1,species_only_dog
22951347,CHEMBL4766342,CHEMBL3955132,CL,mL.min-1.kg-1,=,4.6,CHEMBL612558,,"Clearance in dog plasma at 3 mg/kg, po or 1 mg/kg, iv by LC/MS/MS analysis",A,CC#C[C@@H](CC(=O)O)c1ccc(OCc2ccc(CN3CCCc4cccc(OC)c43)s2)cc1,4.6,mL.min-1.kg-1,species_only_dog
22951566,CHEMBL4766443,CHEMBL4788580,CL,mL.min-1.kg-1,=,0.004,CHEMBL612558,,"Clearance in dog at 1 mg/kg, po or 0.5 mg/kg, iv",A,CC(C)(NC(=O)c1cnc(-n2cccn2)nc1O)c1ccccc1,0.004,mL.min-1.kg-1,species_only_dog
22951612,CHEMBL4766477,CHEMBL4783524,CL,mL.min-1.kg-1,=,0.07,CHEMBL612558,,"Plasma clearance in dog at 1 mg/kg, po or 0.5 mg/kg, iv",A,COc1ccc(C(NC(=O)c2cnc(-c3cccnn3)nc2O)c2ccc(OC)cc2)cc1,0.07,mL.min-1.kg-1,species_only_dog
22953929,CHEMBL4767231,CHEMBL4649457,CL,mL.min-1.kg-1,=,1.9,CHEMBL612558,,"Clearance in Beagle dog at 1 mg/kg, iv",A,COc1ccccc1CC[C@@H]1CCc2cc([C@H]3CC[C@](N)(CO)C3)ccc2C1,1.9,mL.min-1.kg-1,species_only_dog
22991205,CHEMBL4775211,CHEMBL2105735,CL,mL.min-1.kg-1,=,18.7,CHEMBL612558,,"Clearance in dog at 3 mg/kg, po or 1 mg/kg, iv",A,C=C[C@@H]1C[C@]1(NC(=O)[C@@H]1C[C@@H](Oc2ncc(OC)c3ccc(Cl)cc23)CN1C(=O)[C@@H](NC(=O)OC(C)(C)C)C(C)(C)C)C(=O)NS(=O)(=O)C1CC1,18.7,mL.min-1.kg-1,species_only_dog
22991206,CHEMBL4775211,CHEMBL4779370,CL,mL.min-1.kg-1,=,0.6,CHEMBL612558,,"Clearance in dog at 3 mg/kg, po or 1 mg/kg, iv",A,CC[C@@H]1C[C@H](C)CC/C=C\[C@@H]2C[C@@]2(C(=O)NS(=O)(=O)C2(C)CC2)NC(=O)[C@@H]2C[C@@H](Oc3ncc(OC)c4ccc(F)cc34)CN2C(=O)[C@H]1NC(=O)OC(C)(C)C(F)(F)F,0.6,mL.min-1.kg-1,species_only_dog
22991207,CHEMBL4775211,CHEMBL4787795,CL,mL.min-1.kg-1,=,0.3,CHEMBL612558,,"Clearance in dog at 3 mg/kg, po or 1 mg/kg, iv",A,CC[C@@H]1C[C@H](C)CC/C=C\[C@@H]2C[C@@]2(C(=O)NS(=O)(=O)C2(C)CC2)NC(=O)[C@@H]2C[C@@H](Oc3nccc4cc(OC)c(F)cc34)CN2C(=O)[C@H]1NC(=O)OC(C)(C)C(F)(F)F,0.3,mL.min-1.kg-1,species_only_dog
22991208,CHEMBL4775211,CHEMBL4800520,CL,mL.min-1.kg-1,=,1.1,CHEMBL612558,,"Clearance in dog at 3 mg/kg, po or 1 mg/kg, iv",A,[2H]C([2H])([2H])Oc1cc2ccnc(O[C@@H]3C[C@H]4C(=O)N[C@]5(C(=O)NS(=O)(=O)C6(C)CC6)C[C@H]5/C=C\CC[C@@H](C)C[C@@H](CC)[C@H](NC(=O)OC(C)(C)C(F)(F)F)C(=O)N4C3)c2cc1F,1.1,mL.min-1.kg-1,species_only_dog
22992601,CHEMBL4775552,CHEMBL4789639,CL,mL.min-1.kg-1,=,1.8,CHEMBL612558,,"Clearance in dog at 10 mg/kg, po",A,[2H]C([2H])([2H])NC(=O)c1cnc(NC(=O)C2CC2)cc1Nc1cccc(-c2ncc(F)cn2)c1OC,1.8,mL.min-1.kg-1,species_only_dog
22994926,CHEMBL4775893,CHEMBL4785210,CL,mL.min-1.kg-1,=,2.333,CHEMBL612558,,"Clearance in Beagle dog at 1 mg/kg, iv",A,C[C@H](O)CNC(=O)c1ncc(S(=O)(=O)c2ccc(OC(F)(F)F)cc2)cc1N,2.333,mL.min-1.kg-1,species_only_dog
22994928,CHEMBL4775895,CHEMBL4785210,CL,mL.min-1.kg-1,=,33.33,CHEMBL612558,,"Unbound clearance in Beagle dog at 1 mg/kg, iv",A,C[C@H](O)CNC(=O)c1ncc(S(=O)(=O)c2ccc(OC(F)(F)F)cc2)cc1N,33.33,mL.min-1.kg-1,species_only_dog
23142512,CHEMBL4808445,CHEMBL4868831,CL,mL.min-1.kg-1,=,329.0,CHEMBL612558,,Unbound clearance in dog,A,Cc1ncnc2c1ccn2[C@@H]1O[C@@H]2[C@@H](Oc3ccc4cc(Br)c(N)nc4c3)CC[C@]2(O)[C@H]1O,329.0,mL.min-1.kg-1,species_only_dog
23142513,CHEMBL4808445,CHEMBL4861625,CL,mL.min-1.kg-1,=,72.0,CHEMBL612558,,Unbound clearance in dog,A,Nc1nc2cc(C[C@@H]3CC[C@@]4(O)[C@@H]3C[C@@H](n3cc(F)c5c(N)ncnc53)[C@@H]4O)cc(F)c2cc1F,72.0,mL.min-1.kg-1,species_only_dog
23145987,CHEMBL4809376,CHEMBL4856594,CL,mL.min-1.kg-1,=,2.48,CHEMBL612558,,"Clearance in dog at 0.125 mg/kg, iv or 1 mg/kg, po measured up to 24 hrs by LC-MS/MS analysis",A,C[C@H]1COc2c(N3CC[C@@H](C4(N)CC4)C3)c(F)cc3cc(C(=O)O)c(=O)n1c23,2.48,mL.min-1.kg-1,species_only_dog
23148560,CHEMBL4809917,CHEMBL4861542,CL,mL.min-1.kg-1,=,43.0,CHEMBL612558,,"Clearance in Beagle dog at 0.5 mg/kg, iv administered as 1 hr infusion on day 1 and day 7 to achieve a target dose of 1 mg/kg by LC-MS/MS analysis",A,CNC(=O)c1cc(C(=O)N[C@H]2[C@@H]3COC[C@@H]32)cc(Cc2ccccc2)n1,43.0,mL.min-1.kg-1,species_only_dog
23148561,CHEMBL4809917,CHEMBL4863388,CL,mL.min-1.kg-1,=,42.0,CHEMBL612558,,"Clearance in Beagle dog at 0.5 mg/kg, iv administered as 1 hr infusion on day 1 and day 7 to achieve a target dose of 1 mg/kg by LC-MS/MS analysis",A,CNC(=O)c1cc(C(=O)NCCC[C@H]2OC[C@H](N)CO2)cc(Cc2ccccc2)n1,42.0,mL.min-1.kg-1,species_only_dog
23148562,CHEMBL4809917,CHEMBL4846199,CL,mL.min-1.kg-1,=,4.0,CHEMBL612558,,"Clearance in Beagle dog at 0.5 mg/kg, iv administered as 1 hr infusion on day 1 and day 7 to achieve a target dose of 1 mg/kg by LC-MS/MS analysis",A,CNC(=O)c1cc(C(=O)N[C@H]2[C@@H]3COC[C@@H]32)cc(Cc2cccc3[nH]ccc23)n1,4.0,mL.min-1.kg-1,species_only_dog
23148563,CHEMBL4809917,CHEMBL4854638,CL,mL.min-1.kg-1,=,13.0,CHEMBL612558,,"Clearance in Beagle dog at 0.5 mg/kg, iv administered as 1 hr infusion on day 1 and day 7 to achieve a target dose of 1 mg/kg by LC-MS/MS analysis",A,CNC(=O)c1cc(C(=O)N[C@H]2C[C@@H]2C)cc(Cc2cccc3[nH]ccc23)n1,13.0,mL.min-1.kg-1,species_only_dog
23148564,CHEMBL4809917,CHEMBL4873182,CL,mL.min-1.kg-1,=,44.0,CHEMBL612558,,"Clearance in Beagle dog at 0.5 mg/kg, iv administered as 1 hr infusion on day 1 and day 7 to achieve a target dose of 1 mg/kg by LC-MS/MS analysis",A,CNC(=O)c1cc(C(=O)N[C@H]2[C@@H]3COC[C@@H]32)cc([C@@H](C)c2ccccc2)n1,44.0,mL.min-1.kg-1,species_only_dog
23148565,CHEMBL4809917,CHEMBL4868170,CL,mL.min-1.kg-1,=,9.4,CHEMBL612558,,"Clearance in Beagle dog at 0.5 mg/kg, iv administered as 1 hr infusion on day 1 and day 7 to achieve a target dose of 1 mg/kg by LC-MS/MS analysis",A,CNC(=O)c1cc(C(=O)N[C@H]2[C@@H]3COC[C@@H]32)cc(C(OC)c2ccccc2)n1,9.4,mL.min-1.kg-1,species_only_dog
23148566,CHEMBL4809917,CHEMBL4862372,CL,mL.min-1.kg-1,=,32.0,CHEMBL612558,,"Clearance in Beagle dog at 0.5 mg/kg, iv administered as 1 hr infusion on day 1 and day 7 to achieve a target dose of 1 mg/kg by LC-MS/MS analysis",A,CNC(=O)c1cc(C(=O)N[C@H]2C[C@@H]2C)cc(C(O)c2ccccc2)n1,32.0,mL.min-1.kg-1,species_only_dog
23148656,CHEMBL4809947,CHEMBL4861542,CL,mL.min-1.kg-1,=,122.0,CHEMBL612558,,"Unbound clearance in Beagle dog at 0.5 mg/kg, iv administered as 1 hr infusion on day 1 and day 7 to achieve a target dose of 1 mg/kg by LC-MS/MS analysis",A,CNC(=O)c1cc(C(=O)N[C@H]2[C@@H]3COC[C@@H]32)cc(Cc2ccccc2)n1,122.0,mL.min-1.kg-1,species_only_dog
23148657,CHEMBL4809947,CHEMBL4863388,CL,mL.min-1.kg-1,=,118.0,CHEMBL612558,,"Unbound clearance in Beagle dog at 0.5 mg/kg, iv administered as 1 hr infusion on day 1 and day 7 to achieve a target dose of 1 mg/kg by LC-MS/MS analysis",A,CNC(=O)c1cc(C(=O)NCCC[C@H]2OC[C@H](N)CO2)cc(Cc2ccccc2)n1,118.0,mL.min-1.kg-1,species_only_dog
23148658,CHEMBL4809947,CHEMBL4846199,CL,mL.min-1.kg-1,=,19.0,CHEMBL612558,,"Unbound clearance in Beagle dog at 0.5 mg/kg, iv administered as 1 hr infusion on day 1 and day 7 to achieve a target dose of 1 mg/kg by LC-MS/MS analysis",A,CNC(=O)c1cc(C(=O)N[C@H]2[C@@H]3COC[C@@H]32)cc(Cc2cccc3[nH]ccc23)n1,19.0,mL.min-1.kg-1,species_only_dog
23148659,CHEMBL4809947,CHEMBL4854638,CL,mL.min-1.kg-1,=,88.0,CHEMBL612558,,"Unbound clearance in Beagle dog at 0.5 mg/kg, iv administered as 1 hr infusion on day 1 and day 7 to achieve a target dose of 1 mg/kg by LC-MS/MS analysis",A,CNC(=O)c1cc(C(=O)N[C@H]2C[C@@H]2C)cc(Cc2cccc3[nH]ccc23)n1,88.0,mL.min-1.kg-1,species_only_dog
23148660,CHEMBL4809947,CHEMBL4873182,CL,mL.min-1.kg-1,=,171.0,CHEMBL612558,,"Unbound clearance in Beagle dog at 0.5 mg/kg, iv administered as 1 hr infusion on day 1 and day 7 to achieve a target dose of 1 mg/kg by LC-MS/MS analysis",A,CNC(=O)c1cc(C(=O)N[C@H]2[C@@H]3COC[C@@H]32)cc([C@@H](C)c2ccccc2)n1,171.0,mL.min-1.kg-1,species_only_dog
23148661,CHEMBL4809947,CHEMBL4868170,CL,mL.min-1.kg-1,=,23.0,CHEMBL612558,,"Unbound clearance in Beagle dog at 0.5 mg/kg, iv administered as 1 hr infusion on day 1 and day 7 to achieve a target dose of 1 mg/kg by LC-MS/MS analysis",A,CNC(=O)c1cc(C(=O)N[C@H]2[C@@H]3COC[C@@H]32)cc(C(OC)c2ccccc2)n1,23.0,mL.min-1.kg-1,species_only_dog
23148662,CHEMBL4809947,CHEMBL4862372,CL,mL.min-1.kg-1,=,102.0,CHEMBL612558,,"Unbound clearance in Beagle dog at 0.5 mg/kg, iv administered as 1 hr infusion on day 1 and day 7 to achieve a target dose of 1 mg/kg by LC-MS/MS analysis",A,CNC(=O)c1cc(C(=O)N[C@H]2C[C@@H]2C)cc(C(O)c2ccccc2)n1,102.0,mL.min-1.kg-1,species_only_dog
23152650,CHEMBL4810790,CHEMBL4848366,CL,mL.min-1.kg-1,=,9.0,CHEMBL612558,,"Clearance in Beagle dog at 0.05 mg/kg, iv",A,CC(C(=O)Nc1ccc(Cl)cc1)N1CCC2C(CCCN2C(=O)OC2CC2)C1,9.0,mL.min-1.kg-1,species_only_dog
23157605,CHEMBL4811917,CHEMBL3916243,CL,mL.min-1.kg-1,=,6.02,CHEMBL612558,,"Clearance in Beagle dog at 0.3 mg/kg, iv",A,C[C@@]1(c2cc(NC(=O)c3ccc(C#N)cn3)ccc2F)C=CSC(N)=N1,6.02,mL.min-1.kg-1,species_only_dog
23169281,CHEMBL4813766,CHEMBL4847565,CL,mL.min-1.kg-1,=,4.8,CHEMBL612558,,"Unbound clearance in Beagle dog at 0.05 mg/kg, iv",A,O=C(NC1(c2ccc3c(n2)CCN3C(=O)OC2CC2)CC1)c1ccc(Cl)cc1,4.8,mL.min-1.kg-1,species_only_dog
23169282,CHEMBL4813767,CHEMBL4847565,CL,mL.min-1.kg-1,=,14.0,CHEMBL612558,,"Clearance in Beagle dog at 0.05 mg/kg, iv",A,O=C(NC1(c2ccc3c(n2)CCN3C(=O)OC2CC2)CC1)c1ccc(Cl)cc1,14.0,mL.min-1.kg-1,species_only_dog
23170644,CHEMBL4814330,CHEMBL51483,CL,mL.min-1.kg-1,=,0.8333,CHEMBL612558,,"Clearance in dog at 0.5 mg/kg, iv by HPLC method",A,Cc1cc2c(C(C)C)c(O)c(O)c(C=O)c2c(O)c1-c1c(C)cc2c(C(C)C)c(O)c(O)c(C=O)c2c1O,0.8333,mL.min-1.kg-1,species_only_dog
23170645,CHEMBL4814330,CHEMBL51483,CL,mL.min-1.kg-1,=,0.8333,CHEMBL612558,,"Clearance in dog at 0.5 mg/kg, iv by HPLC method",A,Cc1cc2c(C(C)C)c(O)c(O)c(C=O)c2c(O)c1-c1c(C)cc2c(C(C)C)c(O)c(O)c(C=O)c2c1O,0.8333,mL.min-1.kg-1,species_only_dog
23176080,CHEMBL4815550,CHEMBL4859647,CL,mL.min-1.kg-1,=,17.5,CHEMBL612558,,"Clearance in Beagle dog at 0.25 mg/kg, iv",A,COc1cc2c(cc1OC)C(=O)C(CC1(F)CCN(Cc3ccccc3F)CC1)C2,17.5,mL.min-1.kg-1,species_only_dog
23192509,CHEMBL4818869,CHEMBL4871799,CL,mL.min-1.kg-1,=,25.0,CHEMBL612558,,Hepatic clearance in Beagle dog by LC-MS/MS analysis,A,CCN(C(=O)c1cc(C(C)C)c(O)cc1O)c1cccnc1,25.0,mL.min-1.kg-1,species_only_dog
23192967,CHEMBL4818928,CHEMBL4851021,CL,mL.min-1.kg-1,=,8.0,CHEMBL612558,,"Clearance in Beagle dog at 2.5 mg/kg, po or 0.5 mg/kg, iv measured upto 24 hrs by LC-MS/MS analysis",A,C=CC(=O)N1CC[C@@H](NC(=O)c2sc3nccc4c3c2NC(=O)N4c2ccc(Oc3ccccc3)cc2C)C1,8.0,mL.min-1.kg-1,species_only_dog
23200961,CHEMBL4820841,CHEMBL4761772,CL,mL.min-1.kg-1,=,0.8,CHEMBL612558,,"Clearance in dog at 1 mg/kg, iv",A,CC(C)(O)C(=O)N[C@@H]1CC[C@@]2(S(=O)(=O)c3ccc(F)cc3)c3ccc(C(F)(C(F)(F)F)C(F)(F)F)cc3CC[C@@H]12,0.8,mL.min-1.kg-1,species_only_dog
23200962,CHEMBL4820841,CHEMBL4871326,CL,mL.min-1.kg-1,=,0.2,CHEMBL612558,,"Clearance in dog at 1 mg/kg, iv",A,C[C@H]1C[C@H](C(=O)O)CC[C@H]1NN1CC[C@@]2(S(=O)(=O)c3ccc(F)cc3)c3ccc(C(F)(C(F)(F)F)C(F)(F)F)cc3CC[C@@H]12,0.2,mL.min-1.kg-1,species_only_dog
23222353,CHEMBL4824913,CHEMBL4848094,CL,mL.min-1.kg-1,=,18.0,CHEMBL612558,,"Clearance in dog at 1 mg/kg, iv",A,CC[C@@H](NC(=O)c1ccc(OC)nc1)[C@H]1CC[C@@H](c2ccnc(OC)c2C(F)F)CC1,18.0,mL.min-1.kg-1,species_only_dog
23225180,CHEMBL4825353,CHEMBL3949501,CL,mL.min-1.kg-1,=,4.667,CHEMBL612558,,"Clearance in Beagle dog at 0.5 mg/kg, po or 0.2 mg/kg, iv",A,NC(=O)c1c(N)ncnc1N1CCC(c2nc(-c3ccc(F)c(C(F)(F)F)c3)cn2CCN2CCC2)CC1,4.667,mL.min-1.kg-1,species_only_dog
23227891,CHEMBL4825941,CHEMBL4297497,CL,mL.min-1.kg-1,=,17.8,CHEMBL612558,,"Clearance in Beagle dog at 0.3 mg/kg, iv measured after 0.03 to 24 hrs by UHPLC-TOF method",A,NCc1ccc2c(c1)nc(CN1C(=O)C3(CC3)c3ccc(F)cc31)n2CCCC(F)(F)F,17.8,mL.min-1.kg-1,species_only_dog
23227892,CHEMBL4825941,CHEMBL4874709,CL,mL.min-1.kg-1,=,19.2,CHEMBL612558,,"Clearance in Beagle dog at 0.3 mg/kg, iv measured after 0.03 to 24 hrs by UHPLC-TOF method",A,NCc1ccc2c(c1)nc(CN1C(=O)C3(CC3)c3ccc(F)cc31)n2C1CCOCC1,19.2,mL.min-1.kg-1,species_only_dog
23233042,CHEMBL4827396,CHEMBL4650316,CL,mL.min-1.kg-1,=,3.0,CHEMBL612558,,"Total clearance in Beagle dog at 1 mg/kg, iv or po measured after 0.033 to 24 hrs by LC/MS/MS analysis",A,C[C@@H]1Cc2c([nH]c3ccccc23)[C@@H](c2c(F)cc(NC3CN(CCCF)C3)cc2F)N1CC(F)(F)CO,3.0,mL.min-1.kg-1,species_only_dog
23234253,CHEMBL4827651,CHEMBL4871014,CL,mL.min-1.kg-1,=,1.7,CHEMBL612558,,"Clearance in dog at 0.2 mg/kg, iv",A,C[C@@H](c1ccc2ccc(O[C@H]3CC[C@@H](C(F)(F)F)CC3)c(C(F)(F)F)c2c1)N1C2CCC1CC(C(=O)O)C2,1.7,mL.min-1.kg-1,species_only_dog
23237598,CHEMBL4828410,CHEMBL4783395,CL,mL.min-1.kg-1,=,15.0,CHEMBL612558,,Clearance in dog,A,C[C@@H](NC(=O)c1ccc(F)cc1)c1ccc2c(n1)CCCN2c1ccnc(C(F)(F)F)n1,15.0,mL.min-1.kg-1,species_only_dog
23237599,CHEMBL4828410,CHEMBL4859249,CL,mL.min-1.kg-1,=,3.8,CHEMBL612558,,Clearance in dog,A,Cc1nccc(N2CCCc3nc(C4(NC(=O)c5ccc(F)cc5)CC4)ccc32)n1,3.8,mL.min-1.kg-1,species_only_dog
23237600,CHEMBL4828410,CHEMBL4862297,CL,mL.min-1.kg-1,=,3.1,CHEMBL612558,,Clearance in dog,A,Cc1nccc(N2CCCc3nc([C@]4(NC(=O)c5ccc(F)cc5)C[C@@H]4C)ccc32)n1,3.1,mL.min-1.kg-1,species_only_dog
23237601,CHEMBL4828410,CHEMBL4870929,CL,mL.min-1.kg-1,=,12.3,CHEMBL612558,,Clearance in dog,A,Cc1nccc(N2C[C@@H]3C[C@@H]3c3nc(C4(NC(=O)c5ccc(F)cc5)CC4)ccc32)n1,12.3,mL.min-1.kg-1,species_only_dog
23237602,CHEMBL4828411,CHEMBL4783395,CL,mL.min-1.kg-1,=,270.0,CHEMBL612558,,Unbound clearance in dog,A,C[C@@H](NC(=O)c1ccc(F)cc1)c1ccc2c(n1)CCCN2c1ccnc(C(F)(F)F)n1,270.0,mL.min-1.kg-1,species_only_dog
23237603,CHEMBL4828411,CHEMBL4859249,CL,mL.min-1.kg-1,=,41.0,CHEMBL612558,,Unbound clearance in dog,A,Cc1nccc(N2CCCc3nc(C4(NC(=O)c5ccc(F)cc5)CC4)ccc32)n1,41.0,mL.min-1.kg-1,species_only_dog
23237604,CHEMBL4828411,CHEMBL4862297,CL,mL.min-1.kg-1,=,62.0,CHEMBL612558,,Unbound clearance in dog,A,Cc1nccc(N2CCCc3nc([C@]4(NC(=O)c5ccc(F)cc5)C[C@@H]4C)ccc32)n1,62.0,mL.min-1.kg-1,species_only_dog
23237605,CHEMBL4828411,CHEMBL4870929,CL,mL.min-1.kg-1,=,26.0,CHEMBL612558,,Unbound clearance in dog,A,Cc1nccc(N2C[C@@H]3C[C@@H]3c3nc(C4(NC(=O)c5ccc(F)cc5)CC4)ccc32)n1,26.0,mL.min-1.kg-1,species_only_dog
23246683,CHEMBL4830166,CHEMBL4847260,CL,mL.min-1.kg-1,=,0.56,CHEMBL612558,,"Clearance in Beagle dog at 0.25 mg/kg, iv measured upto 24 hrs",A,COc1cc(F)cc([C@@H](CO)NC(=O)[C@@H](C)N2Cc3ccc(-c4nc(NC5CCOCC5)ncc4Cl)cc3C2=O)c1,0.56,mL.min-1.kg-1,species_only_dog
23251957,CHEMBL4831285,CHEMBL4871106,CL,mL.min-1.kg-1,=,20.0,CHEMBL612558,,Clearance in dog,A,NC(=O)c1cccc2c(N[C@H](CN3CCC3)c3ccc(Cl)c(C(F)(F)F)c3)ncnc12,20.0,mL.min-1.kg-1,species_only_dog
23252220,CHEMBL4831368,CHEMBL4868568,CL,mL.min-1.kg-1,=,13.5,CHEMBL612558,,"Clearance in dog at 1 mg/kg, iv",A,CCOC(=O)C1=C(NN2CCN(CC(F)(F)F)CC2)O/C(=C\c2c[nH]c3ncccc23)C1=O,13.5,mL.min-1.kg-1,species_only_dog
23260507,CHEMBL4832945,CHEMBL4863259,CL,mL.min-1.kg-1,=,3.4,CHEMBL612558,,"Clearance in Beagle dog at 1 mg/kg, iv measured after 2 days",A,CN[C@H](C)C(=O)N[C@H](C(=O)N1C[C@@H](NC(=O)c2cnc(N3CCN(CCCOc4cc5ncnc(Nc6n[nH]c(C)c6C)c5cc4S(=O)(=O)C(C)(C)C)CC3)cn2)C[C@H]1C(=O)Nc1c(F)cccc1F)C(C)(C)C,3.4,mL.min-1.kg-1,species_only_dog
23261686,CHEMBL4833124,CHEMBL4864604,CL,mL.min-1.kg-1,=,1.9,CHEMBL612558,,"Total plasma clearance in Beagle dog at 1 mg/kg, iv",A,CC(=O)N1Cc2cc(S(C)(=O)=O)ccc2[C@@H]1C(=O)Nc1ccc(C(O)(C(F)(F)F)C(F)(F)F)cc1,1.9,mL.min-1.kg-1,species_only_dog
23263380,CHEMBL4833518,CHEMBL4847050,CL,mL.min-1.kg-1,=,3.3,CHEMBL612558,,"Clearance in Beagle dog at 1 mg/kg, iv",A,CCc1nc(-c2ccc3c(c2)CC[C@H]3NC(=O)c2cnn(C)c2)no1,3.3,mL.min-1.kg-1,species_only_dog
23267596,CHEMBL4834704,CHEMBL4852381,CL,mL.min-1.g-1,=,10.5,CHEMBL612558,,Intrinsic clearance in dog,A,N[C@@H](CC(=O)O)Cn1nnc(-c2ccc(Oc3ncc(Cl)cc3F)cc2)n1,0.0105,mL.min-1.kg-1,species_only_dog
23267602,CHEMBL4834710,CHEMBL4852381,CL,mL.min-1.kg-1,=,0.945,CHEMBL612558,,"Clearance in Beagle dog at 0.3 mg/kg, po or 0.1 mg/kg, iv measured upto 120 hrs by LCMS/MS analysis",A,N[C@@H](CC(=O)O)Cn1nnc(-c2ccc(Oc3ncc(Cl)cc3F)cc2)n1,0.945,mL.min-1.kg-1,species_only_dog
23270455,CHEMBL4835247,CHEMBL4650334,CL,mL.min-1.kg-1,=,2.0,CHEMBL612558,,"Clearance in Beagle dog at 1 mg/kg, iv and 5 mg/kg, po by LC-MS/MS analysis",A,C[C@H]1CN(C(=O)CC[C@@]2(C3CC3)NC(=O)NC2=O)CCN1c1cc(F)cc(F)c1,2.0,mL.min-1.kg-1,species_only_dog
23272215,CHEMBL4835463,CHEMBL4866823,CL,mL.min-1.kg-1,=,5.5,CHEMBL612558,,Plasma clearance in Beagle dog at 0.05 mg/kg,A,CCC(=O)N1CC[C@H](Nc2ncnc3c2nc(-c2cnc(C)nc2)n3CC)C1,5.5,mL.min-1.kg-1,species_only_dog
23272216,CHEMBL4835463,CHEMBL4861109,CL,mL.min-1.kg-1,=,6.1,CHEMBL612558,,Plasma clearance in Beagle dog at 0.05 mg/kg,A,CCC(=O)N1CC[C@H](Oc2ncnc3c2nc(-c2cnc(C)nc2)n3CC)C1,6.1,mL.min-1.kg-1,species_only_dog
23272217,CHEMBL4835463,CHEMBL4873843,CL,mL.min-1.kg-1,=,12.0,CHEMBL612558,,Plasma clearance in Beagle dog at 0.05 mg/kg,A,CCn1c(-c2cnc(C)nc2)nc2c(O[C@H]3CCN(C(=O)C4CCC4)C3)ncnc21,12.0,mL.min-1.kg-1,species_only_dog
23272218,CHEMBL4835463,CHEMBL4860194,CL,mL.min-1.kg-1,=,23.0,CHEMBL612558,,Plasma clearance in Beagle dog at 0.05 mg/kg,A,CCn1c(-c2cnc(C)nc2)nc2c(O[C@H]3CCN(C(=O)C4CC(F)(F)C4)C3)ncnc21,23.0,mL.min-1.kg-1,species_only_dog
23272219,CHEMBL4835463,CHEMBL4869250,CL,mL.min-1.kg-1,=,12.0,CHEMBL612558,,Plasma clearance in Beagle dog at 0.05 mg/kg,A,CCn1c(-c2cnc(C)nc2)nc2c(O[C@H]3CCN(C(=O)N4CC(OC)C4)C3)ncnc21,12.0,mL.min-1.kg-1,species_only_dog
23272220,CHEMBL4835463,CHEMBL4861010,CL,mL.min-1.kg-1,=,3.0,CHEMBL612558,,Plasma clearance in Beagle dog at 0.05 mg/kg,A,CCn1c(-c2cnc(C)nc2)nc2c(O[C@H]3CCN(C(=O)C4CCOC4)C3)ncnc21,3.0,mL.min-1.kg-1,species_only_dog
23272221,CHEMBL4835463,CHEMBL4848340,CL,mL.min-1.kg-1,=,4.3,CHEMBL612558,,Plasma clearance in Beagle dog at 0.05 mg/kg,A,CCn1c(-c2cnc(C)nc2)nc2c(O[C@H]3CCN(C(=O)C4CCOCC4)C3)ncnc21,4.3,mL.min-1.kg-1,species_only_dog
23272222,CHEMBL4835463,CHEMBL4847079,CL,mL.min-1.kg-1,=,5.6,CHEMBL612558,,Plasma clearance in Beagle dog at 0.05 mg/kg,A,CCn1c(-c2ccc(C(F)(F)F)nc2)nc2c(N[C@H]3CCN(C(=O)C4CC4)C3)ncnc21,5.6,mL.min-1.kg-1,species_only_dog
23272223,CHEMBL4835464,CHEMBL4866823,CL,mL.min-1.kg-1,=,9.0,CHEMBL612558,,Intrinsic clearance in Beagle dog at 0.05 mg/kg,A,CCC(=O)N1CC[C@H](Nc2ncnc3c2nc(-c2cnc(C)nc2)n3CC)C1,9.0,mL.min-1.kg-1,species_only_dog
23272224,CHEMBL4835464,CHEMBL4861109,CL,mL.min-1.kg-1,=,11.0,CHEMBL612558,,Intrinsic clearance in Beagle dog at 0.05 mg/kg,A,CCC(=O)N1CC[C@H](Oc2ncnc3c2nc(-c2cnc(C)nc2)n3CC)C1,11.0,mL.min-1.kg-1,species_only_dog
23272225,CHEMBL4835464,CHEMBL4873843,CL,mL.min-1.kg-1,=,27.0,CHEMBL612558,,Intrinsic clearance in Beagle dog at 0.05 mg/kg,A,CCn1c(-c2cnc(C)nc2)nc2c(O[C@H]3CCN(C(=O)C4CCC4)C3)ncnc21,27.0,mL.min-1.kg-1,species_only_dog
23272226,CHEMBL4835464,CHEMBL4860194,CL,mL.min-1.kg-1,=,170.0,CHEMBL612558,,Intrinsic clearance in Beagle dog at 0.05 mg/kg,A,CCn1c(-c2cnc(C)nc2)nc2c(O[C@H]3CCN(C(=O)C4CC(F)(F)C4)C3)ncnc21,170.0,mL.min-1.kg-1,species_only_dog
23272227,CHEMBL4835464,CHEMBL4869250,CL,mL.min-1.kg-1,=,32.0,CHEMBL612558,,Intrinsic clearance in Beagle dog at 0.05 mg/kg,A,CCn1c(-c2cnc(C)nc2)nc2c(O[C@H]3CCN(C(=O)N4CC(OC)C4)C3)ncnc21,32.0,mL.min-1.kg-1,species_only_dog
23272228,CHEMBL4835464,CHEMBL4861010,CL,mL.min-1.kg-1,=,4.2,CHEMBL612558,,Intrinsic clearance in Beagle dog at 0.05 mg/kg,A,CCn1c(-c2cnc(C)nc2)nc2c(O[C@H]3CCN(C(=O)C4CCOC4)C3)ncnc21,4.2,mL.min-1.kg-1,species_only_dog
23272229,CHEMBL4835464,CHEMBL4848340,CL,mL.min-1.kg-1,=,7.0,CHEMBL612558,,Intrinsic clearance in Beagle dog at 0.05 mg/kg,A,CCn1c(-c2cnc(C)nc2)nc2c(O[C@H]3CCN(C(=O)C4CCOCC4)C3)ncnc21,7.0,mL.min-1.kg-1,species_only_dog
23272230,CHEMBL4835464,CHEMBL4847079,CL,mL.min-1.kg-1,=,22.0,CHEMBL612558,,Intrinsic clearance in Beagle dog at 0.05 mg/kg,A,CCn1c(-c2ccc(C(F)(F)F)nc2)nc2c(N[C@H]3CCN(C(=O)C4CC4)C3)ncnc21,22.0,mL.min-1.kg-1,species_only_dog
23272231,CHEMBL4835465,CHEMBL4853960,CL,mL.min-1.kg-1,=,4.3,CHEMBL612558,,"Plasma clearance in Beagle dog at 0.25 mg/kg, iv or 0.5 mg/kg, po",A,CCn1c(-c2cnc(C)nc2)nc2c(N[C@H]3CCN(C(=O)C4CC4)C3)ncnc21,4.3,mL.min-1.kg-1,species_only_dog
23272232,CHEMBL4835465,CHEMBL4868053,CL,mL.min-1.kg-1,=,4.9,CHEMBL612558,,"Plasma clearance in Beagle dog at 0.25 mg/kg, iv or 0.5 mg/kg, po",A,CCn1c(-c2cnc(C)nc2)nc2c(O[C@H]3CCN(C(=O)C4CC4)C3)ncnc21,4.9,mL.min-1.kg-1,species_only_dog
23272233,CHEMBL4835465,CHEMBL4878995,CL,mL.min-1.kg-1,=,11.0,CHEMBL612558,,"Plasma clearance in Beagle dog at 0.25 mg/kg, iv or 0.5 mg/kg, po",A,CCn1c(-c2cnc(C)nc2)nc2c(N[C@H]3CCN(C(=O)C4CCC4)C3)ncnc21,11.0,mL.min-1.kg-1,species_only_dog
23272234,CHEMBL4835465,CHEMBL4858121,CL,mL.min-1.kg-1,=,7.1,CHEMBL612558,,"Plasma clearance in Beagle dog at 0.25 mg/kg, iv or 0.5 mg/kg, po",A,CCn1c(-c2cnc(C)nc2)nc2c(N[C@H]3CCN(C(=O)[C@H]4C[C@@H](OC)C4)C3)ncnc21,7.1,mL.min-1.kg-1,species_only_dog
23272235,CHEMBL4835465,CHEMBL4870367,CL,mL.min-1.kg-1,=,2.1,CHEMBL612558,,"Plasma clearance in Beagle dog at 0.25 mg/kg, iv or 0.5 mg/kg, po",A,CCn1c(-c2cnc(C)nc2)nc2c(O[C@H]3CCN(C(=O)[C@H]4C[C@@H](OC)C4)C3)ncnc21,2.1,mL.min-1.kg-1,species_only_dog
23272236,CHEMBL4835465,CHEMBL4878004,CL,mL.min-1.kg-1,=,9.0,CHEMBL612558,,"Plasma clearance in Beagle dog at 0.25 mg/kg, iv or 0.5 mg/kg, po",A,CCn1c(-c2cnc(C)nc2)nc2c(N[C@H]3CCN(C(=O)N4CC(OC)C4)C3)ncnc21,9.0,mL.min-1.kg-1,species_only_dog
23272237,CHEMBL4835465,CHEMBL4873642,CL,mL.min-1.kg-1,=,9.3,CHEMBL612558,,"Plasma clearance in Beagle dog at 0.25 mg/kg, iv or 0.5 mg/kg, po",A,CCn1c(-c2cnc(C)nc2)nc2c(O[C@H]3CCN(C(=O)c4cocn4)C3)ncnc21,9.3,mL.min-1.kg-1,species_only_dog
23272238,CHEMBL4835465,CHEMBL4859422,CL,mL.min-1.kg-1,=,6.2,CHEMBL612558,,"Plasma clearance in Beagle dog at 0.25 mg/kg, iv or 0.5 mg/kg, po",A,CCn1c(-c2ccc(C(F)(F)F)nc2)nc2c(O[C@H]3CCN(C(=O)[C@H]4C[C@@H](OC)C4)C3)ncnc21,6.2,mL.min-1.kg-1,species_only_dog
23272239,CHEMBL4835465,CHEMBL4868295,CL,mL.min-1.kg-1,=,12.0,CHEMBL612558,,"Plasma clearance in Beagle dog at 0.25 mg/kg, iv or 0.5 mg/kg, po",A,CCn1c(-c2ccc(C(F)(F)F)nc2)nc2c(O[C@H]3CCN(C(=O)N4CC(OC)C4)C3)ncnc21,12.0,mL.min-1.kg-1,species_only_dog
23272240,CHEMBL4835465,CHEMBL4848054,CL,mL.min-1.kg-1,=,3.4,CHEMBL612558,,"Plasma clearance in Beagle dog at 0.25 mg/kg, iv or 0.5 mg/kg, po",A,CCn1c(-c2ccc(C(F)(F)F)nc2)nc2c(O[C@H]3CCN(C(=O)C4CCOC4)C3)ncnc21,3.4,mL.min-1.kg-1,species_only_dog
23272241,CHEMBL4835465,CHEMBL4858747,CL,mL.min-1.kg-1,=,5.6,CHEMBL612558,,"Plasma clearance in Beagle dog at 0.25 mg/kg, iv or 0.5 mg/kg, po",A,CCn1c(-c2ccc(C(F)(F)F)nc2)nc2c(O[C@H]3CCN(C(=O)c4cocn4)C3)ncnc21,5.6,mL.min-1.kg-1,species_only_dog
23272242,CHEMBL4835466,CHEMBL4853960,CL,mL.min-1.kg-1,=,6.2,CHEMBL612558,,"Intrinsic clearance in Beagle dog at 0.25 mg/kg, iv or 0.5 mg/kg, po",A,CCn1c(-c2cnc(C)nc2)nc2c(N[C@H]3CCN(C(=O)C4CC4)C3)ncnc21,6.2,mL.min-1.kg-1,species_only_dog
23272243,CHEMBL4835466,CHEMBL4868053,CL,mL.min-1.kg-1,=,7.0,CHEMBL612558,,"Intrinsic clearance in Beagle dog at 0.25 mg/kg, iv or 0.5 mg/kg, po",A,CCn1c(-c2cnc(C)nc2)nc2c(O[C@H]3CCN(C(=O)C4CC4)C3)ncnc21,7.0,mL.min-1.kg-1,species_only_dog
23272244,CHEMBL4835466,CHEMBL4878995,CL,mL.min-1.kg-1,=,30.0,CHEMBL612558,,"Intrinsic clearance in Beagle dog at 0.25 mg/kg, iv or 0.5 mg/kg, po",A,CCn1c(-c2cnc(C)nc2)nc2c(N[C@H]3CCN(C(=O)C4CCC4)C3)ncnc21,30.0,mL.min-1.kg-1,species_only_dog
23272245,CHEMBL4835466,CHEMBL4858121,CL,mL.min-1.kg-1,=,13.0,CHEMBL612558,,"Intrinsic clearance in Beagle dog at 0.25 mg/kg, iv or 0.5 mg/kg, po",A,CCn1c(-c2cnc(C)nc2)nc2c(N[C@H]3CCN(C(=O)[C@H]4C[C@@H](OC)C4)C3)ncnc21,13.0,mL.min-1.kg-1,species_only_dog
23272246,CHEMBL4835466,CHEMBL4870367,CL,mL.min-1.kg-1,=,3.3,CHEMBL612558,,"Intrinsic clearance in Beagle dog at 0.25 mg/kg, iv or 0.5 mg/kg, po",A,CCn1c(-c2cnc(C)nc2)nc2c(O[C@H]3CCN(C(=O)[C@H]4C[C@@H](OC)C4)C3)ncnc21,3.3,mL.min-1.kg-1,species_only_dog
23272247,CHEMBL4835466,CHEMBL4878004,CL,mL.min-1.kg-1,=,19.0,CHEMBL612558,,"Intrinsic clearance in Beagle dog at 0.25 mg/kg, iv or 0.5 mg/kg, po",A,CCn1c(-c2cnc(C)nc2)nc2c(N[C@H]3CCN(C(=O)N4CC(OC)C4)C3)ncnc21,19.0,mL.min-1.kg-1,species_only_dog
23272248,CHEMBL4835466,CHEMBL4873642,CL,mL.min-1.kg-1,=,16.0,CHEMBL612558,,"Intrinsic clearance in Beagle dog at 0.25 mg/kg, iv or 0.5 mg/kg, po",A,CCn1c(-c2cnc(C)nc2)nc2c(O[C@H]3CCN(C(=O)c4cocn4)C3)ncnc21,16.0,mL.min-1.kg-1,species_only_dog
23272249,CHEMBL4835466,CHEMBL4859422,CL,mL.min-1.kg-1,=,18.0,CHEMBL612558,,"Intrinsic clearance in Beagle dog at 0.25 mg/kg, iv or 0.5 mg/kg, po",A,CCn1c(-c2ccc(C(F)(F)F)nc2)nc2c(O[C@H]3CCN(C(=O)[C@H]4C[C@@H](OC)C4)C3)ncnc21,18.0,mL.min-1.kg-1,species_only_dog
23272250,CHEMBL4835466,CHEMBL4868295,CL,mL.min-1.kg-1,=,46.0,CHEMBL612558,,"Intrinsic clearance in Beagle dog at 0.25 mg/kg, iv or 0.5 mg/kg, po",A,CCn1c(-c2ccc(C(F)(F)F)nc2)nc2c(O[C@H]3CCN(C(=O)N4CC(OC)C4)C3)ncnc21,46.0,mL.min-1.kg-1,species_only_dog
23272251,CHEMBL4835466,CHEMBL4848054,CL,mL.min-1.kg-1,=,6.0,CHEMBL612558,,"Intrinsic clearance in Beagle dog at 0.25 mg/kg, iv or 0.5 mg/kg, po",A,CCn1c(-c2ccc(C(F)(F)F)nc2)nc2c(O[C@H]3CCN(C(=O)C4CCOC4)C3)ncnc21,6.0,mL.min-1.kg-1,species_only_dog
23272252,CHEMBL4835466,CHEMBL4858747,CL,mL.min-1.kg-1,=,19.0,CHEMBL612558,,"Intrinsic clearance in Beagle dog at 0.25 mg/kg, iv or 0.5 mg/kg, po",A,CCn1c(-c2ccc(C(F)(F)F)nc2)nc2c(O[C@H]3CCN(C(=O)c4cocn4)C3)ncnc21,19.0,mL.min-1.kg-1,species_only_dog
23275525,CHEMBL4836078,CHEMBL4871481,CL,mL.min-1.kg-1,=,7.833,CHEMBL612558,,"Clearance in beagle dog at 1 mg/kg, iv measured up to 24 hrs by LC-MS/MS analysis",A,CCOc1cc(NC(=O)NCc2cc(C)c(-c3cn(C)nc3C(F)(F)F)nn2)cc(Cl)n1,7.833,mL.min-1.kg-1,species_only_dog
23275526,CHEMBL4836078,CHEMBL4867946,CL,mL.min-1.kg-1,=,1.667,CHEMBL612558,,"Clearance in beagle dog at 1 mg/kg, iv measured up to 24 hrs by LC-MS/MS analysis",A,CCOc1cc(NC(=O)NCc2cc(C)c(-c3cn(C)nc3C(F)(F)F)nn2)cc(C(F)(F)F)n1,1.667,mL.min-1.kg-1,species_only_dog
23275527,CHEMBL4836078,CHEMBL4853790,CL,mL.min-1.kg-1,=,11.0,CHEMBL612558,,"Clearance in beagle dog at 1 mg/kg, iv measured up to 24 hrs by LC-MS/MS analysis",A,CCOc1nc(C)cc(NC(=O)NCc2cc(C)c(-c3cn(C)nc3C(F)(F)F)nn2)c1C,11.0,mL.min-1.kg-1,species_only_dog
23278114,CHEMBL4836580,CHEMBL4854042,CL,mL.min-1.kg-1,=,1.0,CHEMBL612558,,"Blood clearance in Beagle dog at 0.5 mg/kg, iv and 1 mg/kg, po measured up to 7 hrs by LC-MS/MS analysis",A,CNC(=O)c1cc(C(=O)N[C@H]2CC[C@H](O)CC2)n([C@@H](C)c2ccccc2)n1,1.0,mL.min-1.kg-1,species_only_dog
23278115,CHEMBL4836580,CHEMBL4865767,CL,mL.min-1.kg-1,=,1.9,CHEMBL612558,,"Blood clearance in Beagle dog at 0.5 mg/kg, iv and 1 mg/kg, po measured up to 7 hrs by LC-MS/MS analysis",A,CNC(=O)c1cc(C(=O)N[C@H]2CC[C@H](O)CC2)c([C@@H](C)c2ccccc2)o1,1.9,mL.min-1.kg-1,species_only_dog
23278116,CHEMBL4836580,CHEMBL4865140,CL,mL.min-1.kg-1,=,6.0,CHEMBL612558,,"Blood clearance in Beagle dog at 0.5 mg/kg, iv and 1 mg/kg, po measured up to 7 hrs by LC-MS/MS analysis",A,CNC(=O)c1cc(C(=O)N[C@H]2CC[C@H](OC)CC2)n([C@@H](C)c2ccccc2)n1,6.0,mL.min-1.kg-1,species_only_dog
23278117,CHEMBL4836580,CHEMBL4849681,CL,mL.min-1.kg-1,=,2.9,CHEMBL612558,,"Blood clearance in Beagle dog at 0.5 mg/kg, iv and 1 mg/kg, po measured up to 7 hrs by LC-MS/MS analysis",A,CNC(=O)c1cc(C(=O)N[C@H]2[C@@H]3COC[C@@H]32)c([C@@H](C)c2ccccc2)o1,2.9,mL.min-1.kg-1,species_only_dog
23278118,CHEMBL4836580,CHEMBL4856380,CL,mL.min-1.kg-1,=,5.0,CHEMBL612558,,"Blood clearance in Beagle dog at 0.5 mg/kg, iv and 1 mg/kg, po measured up to 7 hrs by LC-MS/MS analysis",A,CNC(=O)c1cc(C(=O)N[C@H]2[C@@H]3C[C@@H](O)C[C@@H]32)c([C@@H](C)c2ccccc2)o1,5.0,mL.min-1.kg-1,species_only_dog
23278119,CHEMBL4836580,CHEMBL4847465,CL,mL.min-1.kg-1,=,3.6,CHEMBL612558,,"Blood clearance in Beagle dog at 0.5 mg/kg, iv and 1 mg/kg, po measured up to 7 hrs by LC-MS/MS analysis",A,CNC(=O)c1cc(C(=O)N[C@H]2CC[C@H](O)CC2)c([C@@H](C)c2cccc(Cl)c2)o1,3.6,mL.min-1.kg-1,species_only_dog
23278120,CHEMBL4836581,CHEMBL4873141,CL,mL.min-1.kg-1,=,2.0,CHEMBL612558,,"Blood clearance in Beagle dog at 0.5 mg/kg, iv and 0.7 mg/kg, po measured up to 7 hrs by LC-MS/MS analysis",A,CNC(=O)c1cc(C(=O)N[C@H]2[C@@H]3C[C@@H](O)C[C@@H]32)n([C@@H](C)c2cccc(Cl)c2)n1,2.0,mL.min-1.kg-1,species_only_dog
23278570,CHEMBL4836645,CHEMBL4869149,CL,mL.min-1.kg-1,=,5.0,CHEMBL612558,,"Clearance in Beagle dog at 0.5 mg/kg, iv measured upto 24 hrs by LC-MS/MS analysis",A,CNC(=O)c1cc(C(=O)N[C@H]2[C@@H]3C[C@@H](O)C[C@@H]32)cc2c1OC[C@@]2(C)c1ccccc1,5.0,mL.min-1.kg-1,species_only_dog
23278571,CHEMBL4836646,CHEMBL4869149,CL,mL.min-1.kg-1,=,24.0,CHEMBL612558,,"Unbound clearance in Beagle dog at 0.5 mg/kg, iv measured upto 24 hrs by LC-MS/MS analysis",A,CNC(=O)c1cc(C(=O)N[C@H]2[C@@H]3C[C@@H](O)C[C@@H]32)cc2c1OC[C@@]2(C)c1ccccc1,24.0,mL.min-1.kg-1,species_only_dog
23290320,CHEMBL4839308,CHEMBL4850236,CL,mL.min-1.kg-1,=,43.0,CHEMBL612558,,"Clearance in Beagle dog plasma at 1.0 mg/kg, iv measured upto 24 hrs by LC-MS/MS analysis",A,Fc1cc(F)c(F)c(-c2ccc(N[C@H]3C[C@@H]4CN(CC5CCOCC5)C[C@@H]4C3)nn2)c1,43.0,mL.min-1.kg-1,species_only_dog
23291830,CHEMBL4839633,CHEMBL4868679,CL,mL.min-1.kg-1,=,5.8,CHEMBL612558,,"Clearance in dog at 1 mg/kg, iv and 3 mg/kg, po",A,C/C(=C\c1ccc2c(c1)N(S(=O)(=O)c1c(OCCO)nn3c1CCCC3)C[C@H](CCC(=O)O)O2)c1c(F)cccc1Cl,5.8,mL.min-1.kg-1,species_only_dog
23292316,CHEMBL4839841,CHEMBL4848062,CL,mL.min-1.kg-1,=,3.4,CHEMBL612558,,"Clearance in dog at 0.5 mg/kg, iv",A,COc1nc(C2=NOC(C3CC3)C(c3ccc(Cl)cc3)N2)ccc1-n1cnc(C)c1,3.4,mL.min-1.kg-1,species_only_dog
23301233,CHEMBL4842066,CHEMBL4594419,CL,mL.min-1.kg-1,=,17.0,CHEMBL612558,,"Clearance in dog at 1 mg/kg, iv",A,CC(=O)N[C@@H]1C[C@H](NC(C)(C)C)CC[C@@H]1N1CC[C@H](Nc2ncnc3cc(C(C)(C)C)nn23)C1=O,17.0,mL.min-1.kg-1,species_only_dog
23307706,CHEMBL4843288,CHEMBL4861332,CL,mL.min-1.kg-1,=,1.25,CHEMBL612558,,Clearance in Beagle dog measured at 0.083 to 24 hrs by LC-MS/MS method,A,CC[C@@H](NC(=O)c1ccc(Cl)cc1)[C@H]1[C@@H]2C[C@@H](n3cnc4cc(F)c(F)cc43)C[C@@H]21,1.25,mL.min-1.kg-1,species_only_dog
23309366,CHEMBL4843662,CHEMBL4873397,CL,mL.min-1.kg-1,=,0.52,CHEMBL612558,,"Plasma clearance in Beagle dog at 0.5 mg/kg, iv",A,COc1ncc(-c2ccc(C(=O)O)cc2C)cc1-c1ccc(C(F)(F)F)cc1[C@@H]1CC[C@H]2[C@@H](c3cc(C(F)(F)F)cc(C(F)(F)F)c3)OC(=O)N12,0.52,mL.min-1.kg-1,species_only_dog
23309642,CHEMBL4843819,CHEMBL4878439,CL,mL.min-1.kg-1,=,27.0,CHEMBL612558,,"Clearance in Beagle dog blood at 1 mg/kg/hr, iv measured upto 28 hrs by LC-MS/MS analysis",A,COC[C@@H](C)n1c(C2CCOCC2)nc2cnc3cc(-c4c(C)noc4C)c(OC)cc3c21,27.0,mL.min-1.kg-1,species_only_dog
23312292,CHEMBL4844345,CHEMBL4871593,CL,mL.min-1.kg-1,=,46.0,CHEMBL612558,,"Clearance in Beagle dog at 3 mg/kg, iv measured upto 24 hrs by LC-MS/MS analysis",A,C=CCn1c(=O)c2cnc(Nc3ccc(N4CCN(C)CC4)cc3)nc2n1-c1ccc2c(n1)C(O)(CC)CC2,46.0,mL.min-1.kg-1,species_only_dog
23315909,CHEMBL4845197,CHEMBL4297600,CL,mL.min-1.kg-1,=,22.0,CHEMBL612558,,"Clearance in Beagle dog at 3 mg/kg, po administered as single dose measured up to 24 hrs by HPLC analysis",A,NC(=O)c1ccn(-c2cnc(NC[C@]3(c4ncccc4F)C[C@H](F)C3)nc2)c1,22.0,mL.min-1.kg-1,species_only_dog
24343725,CHEMBL5030013,CHEMBL3647064,CL,mL.min-1.kg-1,=,131.0,CHEMBL612558,,Unbound clearance in dog,A,C[C@@H]1COC[C@@H](C)N1c1nc2cc(-c3noc(=O)[nH]3)nc(-c3cncc(Cl)c3)c2n1C[C@H]1CC[C@H](C)CC1,131.0,mL.min-1.kg-1,species_only_dog
24343726,CHEMBL5030013,CHEMBL3647052,CL,mL.min-1.kg-1,=,122.0,CHEMBL612558,,Unbound clearance in dog,A,C[C@H]1CC[C@H](Cn2c(N3CCO[C@@H]4CCC[C@H]43)nc3cc(-c4noc(=O)[nH]4)nc(-c4cncc(Cl)c4)c32)CC1,122.0,mL.min-1.kg-1,species_only_dog
24343729,CHEMBL5030013,CHEMBL3649993,CL,mL.min-1.kg-1,=,171.0,CHEMBL612558,,Unbound clearance in dog,A,COCC(C)c1nc2cc(-c3noc(=O)[nH]3)nc(-c3cncc(Cl)c3)c2n1C[C@H]1CC[C@H](C)CC1,171.0,mL.min-1.kg-1,species_only_dog
24343730,CHEMBL5030013,CHEMBL3649967,CL,mL.min-1.kg-1,=,206.0,CHEMBL612558,,Unbound clearance in dog,A,CCOC(c1nc2cc(-c3noc(=O)[nH]3)nc(-c3cncc(Cl)c3)c2n1C[C@H]1CC[C@H](C)CC1)C1CC1,206.0,mL.min-1.kg-1,species_only_dog
24343731,CHEMBL5030013,CHEMBL5092438,CL,mL.min-1.kg-1,=,59.0,CHEMBL612558,,Unbound clearance in dog,A,COCC(C)c1nc2cc(-c3noc(=O)[nH]3)nc(-c3cncc(Cl)c3)c2n1[C@H](C)[C@H]1CC[C@H](C)CC1,59.0,mL.min-1.kg-1,species_only_dog
24343732,CHEMBL5030013,CHEMBL5089893,CL,mL.min-1.kg-1,=,323.0,CHEMBL612558,,Unbound clearance in dog,A,CCO[C@@H](c1nc2cc(-c3noc(=O)[nH]3)nc(-c3cncc(Cl)c3)c2n1[C@H](C)[C@H]1CC[C@H](C)CC1)C1CC1,323.0,mL.min-1.kg-1,species_only_dog
24343776,CHEMBL5030026,CHEMBL3647052,CL,mL.min-1.kg-1,=,1.4,CHEMBL612558,,"Clearance in dog plasma at 0.5 mg/kg, po or 0.25 mg/kg, iv",A,C[C@H]1CC[C@H](Cn2c(N3CCO[C@@H]4CCC[C@H]43)nc3cc(-c4noc(=O)[nH]4)nc(-c4cncc(Cl)c4)c32)CC1,1.4,mL.min-1.kg-1,species_only_dog
24348935,CHEMBL5031694,CHEMBL5073622,CL,mL.min-1.kg-1,=,28.5,CHEMBL612558,,"Clearance in Beagle dog at 1 mg/kg, iv",A,C=CC(=O)N1CC[C@H](Oc2nc(-c3n[nH]c(=O)[nH]3)cc3ccccc23)C1,28.5,mL.min-1.kg-1,species_only_dog
24359638,CHEMBL5034199,CHEMBL2396989,CL,mL.min-1.kg-1,=,4.9,CHEMBL612558,,"Clearance in dog at 1 mg/kg, iv by LC-MS/MS analysis",A,NC1=N[C@@]2(c3cc(NC(=O)c4ccc(F)cn4)ccc3F)COC[C@H]2CS1,4.9,mL.min-1.kg-1,species_only_dog
24359639,CHEMBL5034199,CHEMBL3701713,CL,mL.min-1.kg-1,=,6.0,CHEMBL612558,,"Clearance in dog at 1 mg/kg, iv by LC-MS/MS analysis",A,Cl.NC1=N[C@@]2(c3ccns3)CN(c3ncc(F)cn3)C[C@H]2CS1,6.0,mL.min-1.kg-1,species_only_dog
24359640,CHEMBL5034199,CHEMBL3667410,CL,mL.min-1.kg-1,=,1.6,CHEMBL612558,,"Clearance in dog at 1 mg/kg, iv by LC-MS/MS analysis",A,NC1=N[C@@]2(c3cc(NC(=O)c4ccc(F)cn4)ccc3F)CN(c3ncc(F)cn3)C[C@H]2CS1,1.6,mL.min-1.kg-1,species_only_dog
24359641,CHEMBL5034199,CHEMBL3667415,CL,mL.min-1.kg-1,=,2.7,CHEMBL612558,,"Clearance in dog at 1 mg/kg, iv by LC-MS/MS analysis",A,NC1=N[C@@]2(c3cc(NC(=O)c4ncc(F)cc4F)ccc3F)CN(c3ncc(F)cn3)C[C@H]2CS1,2.7,mL.min-1.kg-1,species_only_dog
24359642,CHEMBL5034199,CHEMBL4452566,CL,mL.min-1.kg-1,=,5.2,CHEMBL612558,,"Clearance in dog at 1 mg/kg, iv by LC-MS/MS analysis",A,COc1cnc(C(=O)Nc2ccc(F)c([C@]34CN(c5ncc(F)cn5)C[C@H]3CSC(N)=N4)c2)cn1,5.2,mL.min-1.kg-1,species_only_dog
24365617,CHEMBL5035690,CHEMBL5088000,CL,mL.min-1.kg-1,=,7.833,CHEMBL612558,,"Clearance in Beagle dog at 1 mg/kg, iv measured upto 24 hrs by LC-MS/MS analysis",A,C[C@@H](Nc1ccn2ncc(-c3cnn(CCO)c3)c2n1)c1cc(F)ccc1OCC(F)F,7.833,mL.min-1.kg-1,species_only_dog
24365618,CHEMBL5035691,CHEMBL5088000,CL,mL.min-1.kg-1,=,9.167,CHEMBL612558,,"Clearance in Beagle dog at 5 mg/kg, ig measured upto 24 hrs by LC-MS/MS analysis",A,C[C@@H](Nc1ccn2ncc(-c3cnn(CCO)c3)c2n1)c1cc(F)ccc1OCC(F)F,9.167,mL.min-1.kg-1,species_only_dog
24375401,CHEMBL5036997,CHEMBL4650318,CL,mL.min-1.kg-1,=,29.0,CHEMBL612558,,"Clearance in Beagle dog plasma at 3 mg/kg, po or 0.46 mg/kg, iv after 48 hrs by LC-MS/MS analysis",A,COc1nc(C(=O)NC[C@](C)(O)C(F)(F)F)c(N)cc1C(F)(F)F,29.0,mL.min-1.kg-1,species_only_dog
24375403,CHEMBL5036999,CHEMBL4650318,CL,mL.min-1.kg-1,=,41.0,CHEMBL612558,,"Clearance in Beagle dog blood at 3 mg/kg, po or 0.46 mg/kg, iv after 48 hrs by LC-MS/MS analysis",A,COc1nc(C(=O)NC[C@](C)(O)C(F)(F)F)c(N)cc1C(F)(F)F,41.0,mL.min-1.kg-1,species_only_dog
24385884,CHEMBL5039920,CHEMBL3913475,CL,mL.min-1.kg-1,=,0.0087,CHEMBL612558,,"Clearance in Beagle dog at 2 mg/kg, po or 1 mg/kg, iv",A,CC1=C(N2CCC3(CCN(C[C@H](O)c4ccc5c(c4C)COC5=O)CC3)C2=O)COC1=O,0.0087,mL.min-1.kg-1,species_only_dog
24386911,CHEMBL5040142,CHEMBL5087055,CL,mL.min-1.kg-1,=,36.67,CHEMBL612558,,"Clearance in Beagle dog plasma at 1 mg/kg, IV relative to liver blood flow",A,Cc1c(Nc2nc(N)c3c(C#N)c(N4CCC[C@H]4C)n(C)c3n2)cnn1[C@@H]1CCOC1,36.67,mL.min-1.kg-1,species_only_dog
24386912,CHEMBL5040142,CHEMBL5092087,CL,mL.min-1.kg-1,=,53.33,CHEMBL612558,,"Clearance in Beagle dog plasma at 1 mg/kg, IV relative to liver blood flow",A,Cc1c(Nc2nc(N)c3c(C#N)c(N4CCC[C@H]4C)n(C)c3n2)cnn1[C@H]1CCOC1,53.33,mL.min-1.kg-1,species_only_dog
24393677,CHEMBL5041748,CHEMBL5074068,CL,mL.min-1.kg-1,=,6.0,CHEMBL612558,,"Clearance in dog plasma at 0.25 mg/kg, iv",A,COc1cnc(C(=O)Nc2ccc(F)c([C@]3(C)Cn4nc(C#N)cc4C(N)=N3)c2)cn1,6.0,mL.min-1.kg-1,species_only_dog
24398612,CHEMBL5043216,CHEMBL4744041,CL,mL.min-1.kg-1,=,11.0,CHEMBL612558,,"Clearance in Beagle dog at 1 mg/kg, iv",A,Cc1cc(-c2ccnc(Nc3cnn(C)c3)n2)ccc1CNC(=O)N1CC(OC(C)C)C1,11.0,mL.min-1.kg-1,species_only_dog
24398613,CHEMBL5043216,CHEMBL5090290,CL,mL.min-1.kg-1,=,4.0,CHEMBL612558,,"Clearance in Beagle dog at 1 mg/kg, iv",A,CC(C)OC1CN(C(=O)N[C@@H]2CCCCc3cc(-c4ccnc(Nc5cnn(C)c5)n4)ccc32)C1,4.0,mL.min-1.kg-1,species_only_dog
24398614,CHEMBL5043216,CHEMBL5083772,CL,mL.min-1.kg-1,=,12.0,CHEMBL612558,,"Clearance in Beagle dog at 1 mg/kg, iv",A,Cn1cc(Nc2nccc(-c3ccc4c(c3)CN(C3COC3)CC[C@H]4NC(=O)c3cn(C(C)(C)C)nn3)n2)cn1,12.0,mL.min-1.kg-1,species_only_dog
24402849,CHEMBL5044142,CHEMBL5089102,CL,mL.min-1.kg-1,=,23.0,CHEMBL612558,,"Total plasma clearance in Beagle dog at 2 mg/kg, iv by LC-MS/MS analysis",A,Cc1c(Nc2ncc3cc(Cl)c(C4CCN(C5COC5)CC4)cc3n2)cnn1C1CC1,23.0,mL.min-1.kg-1,species_only_dog
24402850,CHEMBL5044143,CHEMBL5073571,CL,mL.min-1.kg-1,=,7.0,CHEMBL612558,,"Total plasma clearance in Beagle dog at 0.25 mg/kg, iv by LC-MS/MS analysis",A,CC(C)(O)Cn1ncc(Nc2ncc3cc(Cl)c(C4CCN(C5COC5)CC4)cc3n2)c1Cl,7.0,mL.min-1.kg-1,species_only_dog
24402851,CHEMBL5044143,CHEMBL5075047,CL,mL.min-1.kg-1,=,15.0,CHEMBL612558,,"Total plasma clearance in Beagle dog at 0.25 mg/kg, iv by LC-MS/MS analysis",A,Cc1c(Nc2ncc3cc(Cl)c(C4CCN([C@@H]5COC[C@@H]5O)CC4)cc3n2)cnn1[C@@H]1CC1(F)F,15.0,mL.min-1.kg-1,species_only_dog
24402852,CHEMBL5044144,CHEMBL5089102,CL,mL.min-1.kg-1,=,477.0,CHEMBL612558,,"Intrinsic clearance in Beagle dog at 2 mg/kg, iv by LC-MS/MS analysis",A,Cc1c(Nc2ncc3cc(Cl)c(C4CCN(C5COC5)CC4)cc3n2)cnn1C1CC1,477.0,mL.min-1.kg-1,species_only_dog
24402853,CHEMBL5044145,CHEMBL5073571,CL,mL.min-1.kg-1,=,63.0,CHEMBL612558,,"Intrinsic clearance in Beagle dog at 0.25 mg/kg, iv by LC-MS/MS analysis",A,CC(C)(O)Cn1ncc(Nc2ncc3cc(Cl)c(C4CCN(C5COC5)CC4)cc3n2)c1Cl,63.0,mL.min-1.kg-1,species_only_dog
24402854,CHEMBL5044145,CHEMBL5075047,CL,mL.min-1.kg-1,=,205.0,CHEMBL612558,,"Intrinsic clearance in Beagle dog at 0.25 mg/kg, iv by LC-MS/MS analysis",A,Cc1c(Nc2ncc3cc(Cl)c(C4CCN([C@@H]5COC[C@@H]5O)CC4)cc3n2)cnn1[C@@H]1CC1(F)F,205.0,mL.min-1.kg-1,species_only_dog
24402904,CHEMBL5044166,CHEMBL5076397,CL,mL.min-1.kg-1,=,9.0,CHEMBL612558,,"Total plasma clearance in Beagle dog at 1 mg/kg, iv by LC-MS/MS analysis",A,O[C@H]1COC[C@H]1N1CC[C@@H](c2cc3nc(Nc4cnn([C@@H]5CC5(F)F)c4Cl)ncc3cc2Cl)[C@H](F)C1,9.0,mL.min-1.kg-1,species_only_dog
24402906,CHEMBL5044168,CHEMBL5076397,CL,mL.min-1.kg-1,=,445.0,CHEMBL612558,,"Intrinsic clearance in Beagle dog at 1 mg/kg, iv by LC-MS/MS analysis",A,O[C@H]1COC[C@H]1N1CC[C@@H](c2cc3nc(Nc4cnn([C@@H]5CC5(F)F)c4Cl)ncc3cc2Cl)[C@H](F)C1,445.0,mL.min-1.kg-1,species_only_dog
24410803,CHEMBL5046111,CHEMBL5081315,CL,mL.min-1.kg-1,=,5.9,CHEMBL612558,,"Clearance in dog at 0.3 mg/kg, iv",A,C[C@H]1OC(=O)[C@]2(N)CC(F)(F)[C@@H](C)[C@H](/C=C/c3ccc(-c4ccccc4C#N)cn3)[C@H]12,5.9,mL.min-1.kg-1,species_only_dog
24410804,CHEMBL5046112,CHEMBL5085562,CL,mL.min-1.kg-1,=,26.0,CHEMBL612558,,Clearance in intravenously dosed dog,A,Cc1cccc(-c2ccc(/C=C/[C@@H]3[C@@H]4[C@@H](C)OC(=O)[C@]4(O)CC(F)(F)[C@H]3C)nc2)c1C#N,26.0,mL.min-1.kg-1,species_only_dog
24410805,CHEMBL5046112,CHEMBL5088392,CL,mL.min-1.kg-1,=,5.6,CHEMBL612558,,Clearance in intravenously dosed dog,A,CCNC(=O)N1C[C@H]2[C@H](C)[C@@H](C)[C@H](/C=C/c3ccc(-c4ccccc4C#N)cn3)[C@@H]3[C@@H](C)OC(=O)[C@@]32C1,5.6,mL.min-1.kg-1,species_only_dog
24410813,CHEMBL5046116,CHEMBL5088392,CL,mL.min-1.kg-1,=,112.0,CHEMBL612558,,Unbound clearance in intravenously dosed dog,A,CCNC(=O)N1C[C@H]2[C@H](C)[C@@H](C)[C@H](/C=C/c3ccc(-c4ccccc4C#N)cn3)[C@@H]3[C@@H](C)OC(=O)[C@@]32C1,112.0,mL.min-1.kg-1,species_only_dog
24413434,CHEMBL5046731,CHEMBL5079623,CL,mL.min-1.kg-1,=,18.33,CHEMBL612558,,"Clearence in Beagle dog at 1 mg/kg, iv measured after 3 hrs by LC/MS/MS analysis",A,C[C@H](C(=O)O)n1nc(Cn2cc3cc(OCC4CC4)c(Cl)cc3n2)c2ccccc2c1=O,18.33,mL.min-1.kg-1,species_only_dog
24417551,CHEMBL5047731,CHEMBL4802040,CL,mL.min-1.kg-1,=,3.5,CHEMBL612558,,Clearance in beagle dog by LC-MS/MS analysis,A,O=C(c1cnc(NCc2cnccn2)nc1)N1CCC2(CCOCC2)C1,3.5,mL.min-1.kg-1,species_only_dog
24419012,CHEMBL5048077,CHEMBL5075255,CL,mL.min-1.kg-1,=,14.0,CHEMBL612558,,"Total clearance in beagle dog at 2 mg/kg, iv measured upto 24 hrs by LC-MS/MS analysis",A,Cn1ncc(-c2ccc3c(=O)[nH]nc(CN)c3c2)c1-c1c(F)c(Cl)cc(OC2CC2)c1C#N,14.0,mL.min-1.kg-1,species_only_dog
24419013,CHEMBL5048077,CHEMBL5087914,CL,mL.min-1.kg-1,=,21.0,CHEMBL612558,,"Total clearance in beagle dog at 2 mg/kg, iv measured upto 24 hrs by LC-MS/MS analysis",A,Cn1ncc(-c2ccc3c(=O)[nH]nc(CN)c3c2)c1-c1c(F)cc2ccccc2c1C#N,21.0,mL.min-1.kg-1,species_only_dog
24421518,CHEMBL5048885,CHEMBL5072532,CL,mL.min-1.kg-1,=,7.2,CHEMBL612558,,"Systemic plasma clearance in Beagle dog at 3 mg/kg, iv measured upto 24 hrs",A,CCOP(=O)(Cn1ccc(NC(=O)c2cc(Oc3cnc(C(=O)N4CCC4)cn3)cc(OC(C)C)c2)n1)OCC,7.2,mL.min-1.kg-1,species_only_dog
24422598,CHEMBL5049226,CHEMBL3904439,CL,mL.min-1.kg-1,=,22.0,CHEMBL612558,,"Clearance in Beagle dog at 3 mg/kg, iv measured up to 24 hrs by LC-MS/MS analysis",A,Cc1nc2cnc3cc(F)c(-c4ccc(Oc5ncccn5)cc4Cl)cc3c2n1[C@H]1CCN(C(=O)CO)C[C@@H]1F,22.0,mL.min-1.kg-1,species_only_dog
24423193,CHEMBL5049361,CHEMBL5093378,CL,mL.min-1.kg-1,=,2.9,CHEMBL612558,,"Clearance in Beagle dog at 1 mg/kg, iv by LC-MS/MS analysis",A,Cc1nc(C)c([C@H](OC(C)(C)C)C(=O)O)c(N2CCC(C)(C)CC2)c1-c1ccc(OCCc2ccc(F)cc2)cc1,2.9,mL.min-1.kg-1,species_only_dog
24424840,CHEMBL5049709,CHEMBL5089410,CL,mL.min-1.kg-1,=,28.5,CHEMBL612558,,"Clearance in dog at 2 mg/kg, iv",A,CC(C)C[C@](C)(N)COc1ccc(-c2ccnc(C(F)F)c2)nc1C(F)F,28.5,mL.min-1.kg-1,species_only_dog
24426318,CHEMBL5050197,CHEMBL5091917,CL,mL.min-1.kg-1,=,1.1,CHEMBL612558,,"Clearance in Beagle dog at 1 mg/kg, iv measured up to 24 hrs by LC-MS/MS analysis",A,C[C@H]1Cn2cnc(C(=O)N[C@H](C)C(F)(F)F)c2CN1C(=O)Nc1ccc(F)c(C#N)c1,1.1,mL.min-1.kg-1,species_only_dog
24427183,CHEMBL5050638,CHEMBL5092471,CL,mL.min-1.kg-1,=,26.0,CHEMBL612558,,"Clearance in dog at 2 mg/kg, iv measured up to 24 hrs by LC-MS/MS analysis",A,CC(C)O[C@H]1CC[C@H](C(=O)N2Cc3cccnc3Nc3cc(F)c(C4COCCO4)cc32)OC1,26.0,mL.min-1.kg-1,species_only_dog
24427509,CHEMBL5050768,CHEMBL5070887,CL,mL.min-1.kg-1,=,10.5,CHEMBL612558,,"Clearance in Beagle dog plasma at 0.5 mg/kg, iv and measured after 24 hrs by LC/MS/MS analysis",A,Cc1cnc(Nc2ccnn2C)nc1-c1cc2n(c1)C(=O)N([C@H](CO)c1cccc(Cl)c1)C2,10.5,mL.min-1.kg-1,species_only_dog
24437690,CHEMBL5051346,CHEMBL1684950,CL,mL.min-1.kg-1,=,1.5,CHEMBL612558,,"Clearance in dog at 0.25 mg/kg, iv",A,CC(C)c1ccc(CC(=O)N[C@H](C)c2ccc(OCC(F)(F)F)cn2)cc1,1.5,mL.min-1.kg-1,species_only_dog
24437691,CHEMBL5051347,CHEMBL1684950,CL,mL.min-1.kg-1,=,0.4,CHEMBL612558,,"Clearance in dog at 0.5 mg/kg, po",A,CC(C)c1ccc(CC(=O)N[C@H](C)c2ccc(OCC(F)(F)F)cn2)cc1,0.4,mL.min-1.kg-1,species_only_dog
24437870,CHEMBL5051526,CHEMBL1684950,CL,mL.min-1.kg-1,=,1.5,CHEMBL612558,,Plasma clearance in dog,A,CC(C)c1ccc(CC(=O)N[C@H](C)c2ccc(OCC(F)(F)F)cn2)cc1,1.5,mL.min-1.kg-1,species_only_dog
24505120,CHEMBL5054078,CHEMBL5094954,CL,mL.min-1.kg-1,=,2.8,CHEMBL612558,,"Plasma clearance in Mongrel dog at 2.5 mg/kg, po or 1 mg/kg, iv",A,C[C@@H]1Cc2nn3c(c2CN1C(=O)Nc1ccc(F)c(C#N)c1)C(=O)N(C)O[C@@H](COCC(F)F)C3,2.8,mL.min-1.kg-1,species_only_dog
24505121,CHEMBL5054078,CHEMBL5091055,CL,mL.min-1.kg-1,=,3.4,CHEMBL612558,,"Plasma clearance in Mongrel dog at 2.5 mg/kg, po or 1 mg/kg, iv",A,C[C@@H]1Cc2nn3c(c2CN1C(=O)Nc1ccc(F)c(C#N)c1)C(=O)N(C)O[C@@H](CF)C3,3.4,mL.min-1.kg-1,species_only_dog
24505471,CHEMBL5054254,CHEMBL5077961,CL,mL.min-1.kg-1,=,22.67,CHEMBL612558,,"Clearence in dog at 1 mg/kg, iv",A,Nc1nc(-c2cccc(-n3ccc4cc(C5CC5)cc(F)c4c3=O)c2CO)c2cc(C3=CCN(C4COC4)CC3)[nH]c2n1,22.67,mL.min-1.kg-1,species_only_dog
24505725,CHEMBL5054330,CHEMBL4297458,CL,mL.min-1.kg-1,=,15.0,CHEMBL612558,,"Total plasma clearance in dog at 0.1 mg/kg, iv",A,Cc1nnn(C)c1-c1cnc2c3ccc(C(C)(C)O)cc3n([C@H](c3ccccc3)C3CCOCC3)c2c1,15.0,mL.min-1.kg-1,species_only_dog
24506795,CHEMBL5054613,CHEMBL5083464,CL,mL.min-1.kg-1,=,27.2,CHEMBL612558,,"Clearance in dog at 0.5 mg/kg, iv",A,CCS(=O)(=O)c1ccc(CNC(=O)c2ccc3c(c2)cc(Cc2ccc(Cl)cc2C(F)(F)F)n3CCF)cc1,27.2,mL.min-1.kg-1,species_only_dog
24506796,CHEMBL5054613,CHEMBL5082726,CL,mL.min-1.kg-1,=,0.954,CHEMBL612558,,"Clearance in dog at 0.5 mg/kg, iv",A,CCS(=O)(=O)c1ccc([C@H](CO)NC(=O)c2ccc3c(c2)cc(Cc2ccc(Cl)cc2C(F)(F)F)n3CCF)cc1,0.954,mL.min-1.kg-1,species_only_dog
24507081,CHEMBL5054698,CHEMBL3670375,CL,mL.min-1.kg-1,=,2.0,CHEMBL612558,,"Clearance in Beagle dog at 6 mg/kg, po",A,C[C@@]1(c2nc(NC(=O)c3ncc(C(F)(F)F)cc3Cl)ccc2F)CO[C@@](C)(C(F)(F)F)C(N)=N1,2.0,mL.min-1.kg-1,species_only_dog
24507082,CHEMBL5054698,CHEMBL3670385,CL,mL.min-1.kg-1,=,1.0,CHEMBL612558,,"Clearance in Beagle dog at 6 mg/kg, po",A,C[C@@]1(c2nc(NC(=O)c3ncc(C(F)(F)F)nc3N)ccc2F)CO[C@@](C)(C(F)(F)F)C(N)=N1,1.0,mL.min-1.kg-1,species_only_dog
24510295,CHEMBL5055714,CHEMBL3657855,CL,mL.min-1.kg-1,=,0.4,CHEMBL612558,,"Clearance in Beagle dog at 1 mg/kg, po or 0.5 mg/kg, iv measured upto 24 hrs by LC-MS/MS analysis",A,O=C(NS(=O)(=O)N1CCC1)c1cc(C2CC2)c(OCC23CC4CC(CC(C4)C2)C3)cc1F,0.4,mL.min-1.kg-1,species_only_dog
24510296,CHEMBL5055714,CHEMBL5094715,CL,mL.min-1.kg-1,=,0.091,CHEMBL612558,,"Clearance in Beagle dog at 1 mg/kg, po or 0.5 mg/kg, iv measured upto 24 hrs by LC-MS/MS analysis",A,C[C@@H](c1cc(Cl)cc(Cl)c1)N1CCC(COc2cc(F)c(C(=O)NS(C)(=O)=O)cc2C2CC2)CC1,0.091,mL.min-1.kg-1,species_only_dog
24511170,CHEMBL5055950,CHEMBL3261067,CL,mL.min-1.kg-1,=,0.4,CHEMBL612558,,"Clearance in Beagle dog at 0.1 mg/kg, iv measured up to 408 hrs by LC/MS/MS analysis",A,Cc1cc(C#N)cnc1C(=O)Nc1ccc(F)c([C@]2(C)CO[C@@](C)(C(F)(F)F)C(N)=N2)c1,0.4,mL.min-1.kg-1,species_only_dog
24662661,CHEMBL5097276,CHEMBL5183336,CL,mL.min-1.kg-1,=,18.5,CHEMBL612558,,"Clearance in Beagle dog at 1 mg/kg, iv measured upto 8 hrs by LC-MS/MS analysis",A,C[C@H](c1c(Cl)ccc(C2CC2)c1Cl)n1cnc2cnc(-c3ccccc3[C@@H](C)C(=O)O)cc21,18.5,mL.min-1.kg-1,species_only_dog
24666897,CHEMBL5098589,CHEMBL5196403,CL,mL.min-1.kg-1,=,4.2,CHEMBL612558,,Clearance in iv dosed Beagle dog measured at 0.083 to 24 hrs by LC-MS/MS analysis,A,Cc1nc(N2CCC3(CC2)CO[C@@H](C)[C@H]3N)cc(=O)n1-c1cccc(Cl)c1Cl,4.2,mL.min-1.kg-1,species_only_dog
24666898,CHEMBL5098589,CHEMBL5188931,CL,mL.min-1.kg-1,=,9.2,CHEMBL612558,,Clearance in iv dosed Beagle dog measured at 0.083 to 24 hrs by LC-MS/MS analysis,A,Cc1nc(N2CCC3(CC2)CO[C@@H](C)[C@H]3N)c(Cl)c(=O)n1-c1cccc(Cl)c1Cl,9.2,mL.min-1.kg-1,species_only_dog
24667836,CHEMBL5098819,CHEMBL5170657,CL,mL.min-1.kg-1,=,2.4,CHEMBL612558,,"Clearance in dog at 1 mg/kg, po or 1 mg/kg, iv by LC/MS/MS analysis",A,CCc1cccc(CC)c1-n1c(-c2ccn(C)n2)nc(=O)c(C(=O)N2CC[C@@H](c3ncc(Cl)cc3F)C2)c1O,2.4,mL.min-1.kg-1,species_only_dog
24688256,CHEMBL5104785,CHEMBL4468760,CL,mL.min-1.kg-1,=,0.268,CHEMBL612558,,"Clearance in Beagle dog at 0.5 mg/kg, iv measured after 24 hrs by LC-MS/MS analysis",A,C[C@H]1c2cccc(-c3cnn(C)c3)c2C[C@H](CO)N1C(=O)Cc1c(Cl)cccc1Cl,0.268,mL.min-1.kg-1,species_only_dog
24691344,CHEMBL5105773,CHEMBL5180050,CL,mL.min-1.kg-1,=,5.2,CHEMBL612558,,"Clearance in dog at 3 mg/kg, iv",A,O=C1NCc2nc(-c3c(F)cccc3F)cc(Nc3ccc(C(=O)N4CCCC4)cc3)c21,5.2,mL.min-1.kg-1,species_only_dog
24691481,CHEMBL5105841,CHEMBL5193436,CL,mL.min-1.kg-1,=,60.0,CHEMBL612558,,"Unbound clearance in dog at 0.25 mg/kg, iv",A,CNC(=O)N(c1ccc(S(=O)(=O)Nc2ncccn2)cn1)c1cc(F)c(-c2ccc(F)c(OC(F)(F)F)c2)cc1OC,60.0,mL.min-1.kg-1,species_only_dog
24691482,CHEMBL5105842,CHEMBL5193436,CL,mL.min-1.kg-1,=,0.25,CHEMBL612558,,"Clearance in dog at 0.25 mg/kg, iv",A,CNC(=O)N(c1ccc(S(=O)(=O)Nc2ncccn2)cn1)c1cc(F)c(-c2ccc(F)c(OC(F)(F)F)c2)cc1OC,0.25,mL.min-1.kg-1,species_only_dog
24693568,CHEMBL5106303,CHEMBL5178296,CL,mL.min-1.kg-1,=,3.1,CHEMBL612558,,Clearance in dog,A,N#CC1(NC(=O)[C@@H]2CCCC[C@H]2c2oc(-c3ccc(F)cc3)nc2-c2ccc(N3CCS(=O)(=O)CC3)cc2)CC1,3.1,mL.min-1.kg-1,species_only_dog
24694152,CHEMBL5106429,CHEMBL5095202,CL,mL.min-1.kg-1,=,2.5,CHEMBL612558,,"Clearance in dog at 10 mg/kg, po",A,Cc1nc(-c2cnc(NC(C)C)n(C)c2=O)ccc1Oc1ccnc(-c2cnn(C)c2)c1,2.5,mL.min-1.kg-1,species_only_dog
24698267,CHEMBL5107215,CHEMBL5209105,CL,mL.min-1.kg-1,=,20.0,CHEMBL612558,,"Clearance in overnight fasted Beagle dog at 2 mg/kg, iv measured upto 24 hrs by LC/MS/MS analysis",A,Cc1nc(N[C@H](C)c2cccc(C(F)F)c2F)c2cc3c(cc2n1)OCC[C@H]1CN(C(=O)C2(C#N)CC2)CCN31,20.0,mL.min-1.kg-1,species_only_dog
24698268,CHEMBL5107215,CHEMBL5203150,CL,mL.min-1.kg-1,=,11.3,CHEMBL612558,,"Clearance in overnight fasted Beagle dog at 2 mg/kg, iv measured upto 24 hrs by LC/MS/MS analysis",A,Cc1nc(N[C@H](C)c2cc(N)cc(C(F)(F)F)c2)c2cc(O[C@H]3CCOC3)c(O)cc2n1,11.3,mL.min-1.kg-1,species_only_dog
24698495,CHEMBL5107282,CHEMBL5192780,CL,mL.min-1.kg-1,=,20.0,CHEMBL612558,,Metabolic stability in Beagle dog liver assessed as intrinsic clearance measured upto 60 min by UPLC-MS/MS analysis,A,CN(C)CCOc1ccc2ncnc(NC3CCN(CC4CN(c5ccc(S(=O)(=O)C6CC6)cc5)C4)CC3)c2n1,20.0,mL.min-1.kg-1,species_only_dog
24703633,CHEMBL5108147,CHEMBL5180782,CL,mL.min-1.kg-1,=,15.0,CHEMBL612558,,Plasma clearance in po dosed Beagle dog and measured upto 24 hrs by LC-MS/MS analysis,A,Cn1cc(-c2cccc(C(=O)Nc3cc(N4CC[C@@H](C(C)(C)O)C4)ncc3C(F)(F)F)n2)cn1,15.0,mL.min-1.kg-1,species_only_dog
24703634,CHEMBL5108147,CHEMBL5171071,CL,mL.min-1.kg-1,=,16.1,CHEMBL612558,,Plasma clearance in po dosed Beagle dog and measured upto 24 hrs by LC-MS/MS analysis,A,Cc1nc(NC(=O)c2cccc(-c3cnn(C)c3)n2)cc(N2CC[C@@H](C(C)(C)O)C2)n1,16.1,mL.min-1.kg-1,species_only_dog
24703635,CHEMBL5108147,CHEMBL5182935,CL,mL.min-1.kg-1,=,4.8,CHEMBL612558,,Plasma clearance in po dosed Beagle dog and measured upto 24 hrs by LC-MS/MS analysis,A,Cn1cc(-c2cccc(C(=O)Nc3cc(N4CC[C@@H](C(C)(C)O)C4)cnc3C(F)(F)F)n2)cn1,4.8,mL.min-1.kg-1,species_only_dog
24712401,CHEMBL5110483,CHEMBL5195375,CL,mL.min-1.kg-1,=,3.333,CHEMBL612558,,"Clearance in Beagle dog at 2 mg/kg, iv by LC-MS/MS analysis",A,C[C@@H](Nc1ccn2ncc(-c3cnn(C4CCOCC4)c3)c2n1)c1cc(F)ccc1F,3.333,mL.min-1.kg-1,species_only_dog
24712408,CHEMBL5110490,CHEMBL5195375,CL,mL.min-1.kg-1,=,5.0,CHEMBL612558,,"Clearance in Beagle dog at 10 mg/kg, po by LC-MS/MS analysis",A,C[C@@H](Nc1ccn2ncc(-c3cnn(C4CCOCC4)c3)c2n1)c1cc(F)ccc1F,5.0,mL.min-1.kg-1,species_only_dog
24719632,CHEMBL5112440,CHEMBL5191783,CL,mL.min-1.kg-1,=,7.28,CHEMBL612558,,"Clearance in Beagle dog blood at 1 mg/kg, iv measured at 2 to 72 hrs by LC-MS/MS analysis",A,C[C@H]1C[C@@H](N2C(=N)N[C@](C)(c3cccc(Nc4ccc(C5CC5)nc4)c3Cl)CC2=O)CCO1,7.28,mL.min-1.kg-1,species_only_dog
24719633,CHEMBL5112440,CHEMBL5190700,CL,mL.min-1.kg-1,=,12.9,CHEMBL612558,,"Clearance in Beagle dog blood at 1 mg/kg, iv measured at 2 to 72 hrs by LC-MS/MS analysis",A,C[C@H]1C[C@@H](N2C(=N)N[C@](C)(c3cccc(NC(=O)c4cccc(C#N)c4)c3Cl)CC2=O)CCO1,12.9,mL.min-1.kg-1,species_only_dog
24721176,CHEMBL5112821,CHEMBL5200896,CL,mL.min-1.kg-1,=,11.5,CHEMBL612558,,"Clearance in Beagle dog plasma at 1 mg/kg, iv measured upto 24 hrs by LC-MS analysis",A,COCc1nn(Cc2ccc(Cn3ccccc3=O)cc2)cc1C(=O)NCc1c(F)ccc(OC)c1F,11.5,mL.min-1.kg-1,species_only_dog
24721177,CHEMBL5112821,CHEMBL5095248,CL,mL.min-1.kg-1,=,8.7,CHEMBL612558,,"Clearance in Beagle dog plasma at 1 mg/kg, iv measured upto 24 hrs by LC-MS analysis",A,COCc1nn(Cc2ccc(Cn3ccccc3=O)cc2)cc1C(=O)NCc1nccc(OC)c1F,8.7,mL.min-1.kg-1,species_only_dog
24721178,CHEMBL5112821,CHEMBL5204354,CL,mL.min-1.kg-1,=,10.0,CHEMBL612558,,"Clearance in Beagle dog plasma at 1 mg/kg, iv measured upto 24 hrs by LC-MS analysis",A,COc1ccnc(CNC(=O)c2cn(Cc3ccc(Cn4ccccc4=O)cc3)nc2C(F)(F)F)c1F,10.0,mL.min-1.kg-1,species_only_dog
24721184,CHEMBL5112823,CHEMBL5200896,CL,mL.min-1.kg-1,=,24.5,CHEMBL612558,,"Clearance in Beagle dog blood at 1 mg/kg, iv measured upto 24 hrs by LC-MS analysis",A,COCc1nn(Cc2ccc(Cn3ccccc3=O)cc2)cc1C(=O)NCc1c(F)ccc(OC)c1F,24.5,mL.min-1.kg-1,species_only_dog
24721185,CHEMBL5112823,CHEMBL5095248,CL,mL.min-1.kg-1,=,10.9,CHEMBL612558,,"Clearance in Beagle dog blood at 1 mg/kg, iv measured upto 24 hrs by LC-MS analysis",A,COCc1nn(Cc2ccc(Cn3ccccc3=O)cc2)cc1C(=O)NCc1nccc(OC)c1F,10.9,mL.min-1.kg-1,species_only_dog
24721186,CHEMBL5112823,CHEMBL5204354,CL,mL.min-1.kg-1,=,15.9,CHEMBL612558,,"Clearance in Beagle dog blood at 1 mg/kg, iv measured upto 24 hrs by LC-MS analysis",A,COc1ccnc(CNC(=O)c2cn(Cc3ccc(Cn4ccccc4=O)cc3)nc2C(F)(F)F)c1F,15.9,mL.min-1.kg-1,species_only_dog
24732551,CHEMBL5116028,CHEMBL5195355,CL,mL.min-1.kg-1,=,11.4,CHEMBL612558,,"Clearance in Beagle dog at 2.5 mg/kg, iv",A,Cc1cccc2[nH]c(-c3cncc(-c4cc(F)cc(C#N)c4)c3N3CC[C@H](N)C3)nc12,11.4,mL.min-1.kg-1,species_only_dog
24733507,CHEMBL5116289,CHEMBL5201972,CL,mL.min-1.kg-1,=,2.04,CHEMBL612558,,"Clearance in Beagle dog at 0.5 mg/kg,iv",A,COc1nc(-c2ccc(Cl)cc2)ccc1[C@@H](c1ccccc1)[C@@](O)(CCN(C)C)c1cccc2ccccc12,2.04,mL.min-1.kg-1,species_only_dog
24733905,CHEMBL5116464,CHEMBL5187151,CL,mL.min-1.kg-1,=,2.9,CHEMBL612558,,"Plasma clearance in Beagle dog at 2.5 mg/kg, po or 0.5 mg/kg, iv",A,C[C@@H]1Cc2nn3c(c2CN1C(=O)Nc1ccc(F)c(C#N)c1)C(=O)N(C)C[C@@H](F)C3,2.9,mL.min-1.kg-1,species_only_dog
24734517,CHEMBL5116609,CHEMBL5202073,CL,mL.min-1.kg-1,=,1.667,CHEMBL612558,,"Clearance in Beagle dog at 15 mg/kg, iv",A,CC(=O)NC[C@H]1CN(c2cc(F)c(N3CCC4(OCCO4)[C@@H](F)C3)c(F)c2)C(=O)O1,1.667,mL.min-1.kg-1,species_only_dog
24734518,CHEMBL5116609,CHEMBL126,CL,mL.min-1.kg-1,=,3.167,CHEMBL612558,,"Clearance in Beagle dog at 15 mg/kg, iv",A,CC(=O)NC[C@H]1CN(c2ccc(N3CCOCC3)c(F)c2)C(=O)O1,3.167,mL.min-1.kg-1,species_only_dog
24734575,CHEMBL5116618,CHEMBL5180378,CL,mL.min-1.kg-1,=,18.17,CHEMBL612558,,"Clearance in dog at 1 mg/kg,iv",A,COc1ccc(C(C)(C)C)cc1CN[C@H]1[C@H](C(C)(C)C)[C@@H](C(=O)O)N(C(=O)[C@@H]2CCCCO2)[C@H]1Cc1cc(C(F)(F)F)cnc1OC,18.17,mL.min-1.kg-1,species_only_dog
24734576,CHEMBL5116618,CHEMBL5203914,CL,mL.min-1.kg-1,=,6.667,CHEMBL612558,,"Clearance in dog at 1 mg/kg,iv",A,COc1ncc(C2CCC2)cc1CN[C@H]1[C@H](C(C)(C)C)[C@@H](C(=O)O)N(C(=O)[C@@H]2CCCCO2)[C@H]1Cc1cc(C2CCC2)cnc1OC,6.667,mL.min-1.kg-1,species_only_dog
24734577,CHEMBL5116618,CHEMBL5180031,CL,mL.min-1.kg-1,=,7.667,CHEMBL612558,,"Clearance in dog at 1 mg/kg,iv",A,Cc1ccccc1N[C@H]1[C@H](C(C)(C)C)[C@@H](C(=O)O)N(C(=O)[C@@H]2CCCCO2)[C@H]1c1ccccc1C(C)C,7.667,mL.min-1.kg-1,species_only_dog
24737398,CHEMBL5117288,CHEMBL5180874,CL,mL.min-1.kg-1,=,12.0,CHEMBL612558,,"Clearance in Beagle dog at 0.5 mg/kg, iv",A,C[C@]1(CN2Cc3nc(-c4ccc(F)cc4)sc3C2)CN=C(N)O1,12.0,mL.min-1.kg-1,species_only_dog
24745291,CHEMBL5119001,CHEMBL40143,CL,mL.min-1.kg-1,=,1.833,CHEMBL612558,,"Metabolic stability in dog assessed as clearance at 3 mg/kg, iv",A,CC1(C)NC(=O)N(C[C@@H](COc2ccc(-c3ccc(OC(F)(F)F)cc3)cc2)N(O)C=O)C1=O,1.833,mL.min-1.kg-1,species_only_dog
24745757,CHEMBL5119174,CHEMBL3827379,CL,mL.min-1.kg-1,=,0.36,CHEMBL612558,,"Clearance in overnight fasted Beagle dog at 2 mg/kg, po or 1 mg/kg, iv",A,C=C(C)[C@@H]1CC[C@]2(NCCN3CCS(=O)(=O)CC3)CC[C@]3(C)[C@H](CC[C@@H]4[C@@]5(C)CC=C(c6ccc(C(=O)O)cc6)C(C)(C)[C@@H]5CC[C@]43C)[C@@H]12,0.36,mL.min-1.kg-1,species_only_dog
24745758,CHEMBL5119174,CHEMBL5201510,CL,mL.min-1.kg-1,=,0.38,CHEMBL612558,,"Clearance in overnight fasted Beagle dog at 2 mg/kg, po or 1 mg/kg, iv",A,C=C(C)[C@@H]1CC[C@]2(NCCN3CCS(=O)(=O)CC3)CC[C@]3(C)[C@H](CC[C@@H]4[C@@]5(C)CC=C(C6=CC[C@@](CF)(C(=O)O)CC6)C(C)(C)[C@@H]5CC[C@]43C)[C@@H]12,0.38,mL.min-1.kg-1,species_only_dog
24746795,CHEMBL5119541,CHEMBL4457566,CL,mL.min-1.kg-1,=,1.48,CHEMBL612558,,"Clearance in Beagle dog at 1 mg/kg, iv by LC-MS analysis",A,Cc1cc(C(=O)NC(C)(C)C)cc(C#Cc2ccc3c4c(oc3c2)C(C)(C)c2cc(NS(C)(=O)=O)ccc2C4=O)n1,1.48,mL.min-1.kg-1,species_only_dog
24753457,CHEMBL5121820,CHEMBL4594428,CL,mL.min-1.kg-1,=,1.333,CHEMBL612558,,"Total clearance in Beagle dog at 0.1 mg/kg, iv measured up to 72 hrs by LC-MS/MS analysis",A,COc1cc(OC)c(F)c(COc2cnc(Nc3cnn(CCO)c3)nc2)c1F,1.333,mL.min-1.kg-1,species_only_dog
24769328,CHEMBL5125712,CHEMBL4297458,CL,mL.min-1.kg-1,=,15.0,CHEMBL612558,,"Plasma clearance in dog at 0.3 mg/kg, po or 0.1 mg/kg, iv",A,Cc1nnn(C)c1-c1cnc2c3ccc(C(C)(C)O)cc3n([C@H](c3ccccc3)C3CCOCC3)c2c1,15.0,mL.min-1.kg-1,species_only_dog
24769329,CHEMBL5125712,CHEMBL4859923,CL,mL.min-1.kg-1,=,13.0,CHEMBL612558,,"Plasma clearance in dog at 0.3 mg/kg, po or 0.1 mg/kg, iv",A,[2H]C([2H])([2H])c1nnn(C)c1-c1cnc2c3cc(F)c(C(C)(C)O)cc3n([C@H](c3ccccc3)C3CCOCC3)c2c1,13.0,mL.min-1.kg-1,species_only_dog
24782694,CHEMBL5129972,CHEMBL5202301,CL,mL.min-1.kg-1,=,1.3,CHEMBL612558,,"Clearance in Beagle dog at 0.5 mg/kg, iv and 2 mg/kg, po",A,Cc1nc(C)n(CC(=O)N2CCN(c3sc(C(F)(F)F)nc3-c3cnc(C(F)(F)F)nc3)C[C@H]2C)n1,1.3,mL.min-1.kg-1,species_only_dog
24782695,CHEMBL5129972,CHEMBL5190588,CL,mL.min-1.kg-1,=,23.0,CHEMBL612558,,"Clearance in Beagle dog at 0.5 mg/kg, iv and 2 mg/kg, po",A,CCOc1ncc(-c2nc(C(F)(F)F)sc2N2CCN(C(=O)Cn3nc(C)nc3C)[C@H](C)C2)cn1,23.0,mL.min-1.kg-1,species_only_dog
24785070,CHEMBL5130521,CHEMBL5172456,CL,mL.min-1.kg-1,=,19.0,CHEMBL612558,,Clearance in Beagle dog administered po or iv measured up to 24 hrs by LC-MS/MS analysis,A,NCc1cc(Cl)ccc1Cn1c(=S)[nH]c(=O)c2[nH]ccc21,19.0,mL.min-1.kg-1,species_only_dog
24785071,CHEMBL5130521,CHEMBL5205410,CL,mL.min-1.kg-1,=,23.0,CHEMBL612558,,Clearance in Beagle dog administered po or iv measured up to 24 hrs by LC-MS/MS analysis,A,CNCc1cc(Cl)ccc1Cn1c(=S)[nH]c(=O)c2[nH]ccc21,23.0,mL.min-1.kg-1,species_only_dog
24785072,CHEMBL5130521,CHEMBL5095218,CL,mL.min-1.kg-1,=,5.7,CHEMBL612558,,Clearance in Beagle dog administered po or iv measured up to 24 hrs by LC-MS/MS analysis,A,C[C@@H](N)c1cc(Cl)ccc1Cn1c(=S)[nH]c(=O)c2[nH]ccc21,5.7,mL.min-1.kg-1,species_only_dog
24792291,CHEMBL5132831,CHEMBL5081193,CL,mL.min-1.kg-1,=,30.4,CHEMBL612558,,"Clearance in Beagle dog at 0.5 mg/kg, iv upto 48 hrs by LC/MS/MS analysis",A,O=C(Nc1ccn(-c2ccnc(F)c2)n1)C1(c2ccccc2F)CC1,30.4,mL.min-1.kg-1,species_only_dog
24803219,CHEMBL5135293,CHEMBL5172403,CL,mL.min-1.kg-1,=,20.0,CHEMBL612558,,"Clearance in Beagle dog at 5 mg/kg, iv",A,CO[C@H]1/C=C/O[C@@]2(C)Oc3c(C)c(O)c4c(c3C2=O)C2=NC3(CCN(CCn5c([N+](=O)[O-])cnc5C)CC3)NC2=C(NC(=O)/C(C)=C\C=C\[C@H](C)[C@H](O)[C@@H](C)[C@@H](O)[C@@H](C)[C@H](OC(C)=O)[C@@H]1C)C4=O,20.0,mL.min-1.kg-1,species_only_dog
24809267,CHEMBL5136511,CHEMBL5170648,CL,mL.min-1.kg-1,=,0.5,CHEMBL612558,,"Clearance in Beagle dog at 1 mg/kg, iv by LC-MS/MS analysis",A,Cc1cccc(Cl)c1CN1CCc2cc(-c3c(C)nc(C)c([C@H](OC(C)(C)C)C(=O)O)c3N3CCC(C)(C)CC3)ccc2C1,0.5,mL.min-1.kg-1,species_only_dog
24809268,CHEMBL5136511,CHEMBL5177043,CL,mL.min-1.kg-1,=,2.2,CHEMBL612558,,"Clearance in Beagle dog at 1 mg/kg, iv by LC-MS/MS analysis",A,Cc1cccc(Cl)c1CN1CCc2cc(-c3cnc(C)c([C@H](OC(C)(C)C)C(=O)O)c3N3CCC(C)(C)CC3)ccc2C1,2.2,mL.min-1.kg-1,species_only_dog
24810768,CHEMBL5136740,CHEMBL4448829,CL,mL.min-1.kg-1,=,3.333,CHEMBL612558,,Clearance in Beagle dog by LC-MS/MS analysis,A,C[C@H](CCC(C)(C)O)[C@H]1CC[C@H]2[C@@H]3CC=C4C[C@@](C)(O)CC[C@]4(C)[C@H]3CC[C@]12C,3.333,mL.min-1.kg-1,species_only_dog
24810769,CHEMBL5136740,CHEMBL5095095,CL,mL.min-1.kg-1,=,3.333,CHEMBL612558,,Clearance in Beagle dog by LC-MS/MS analysis,A,C[C@H](CC[C@](C)(O)C(F)(F)F)[C@H]1CC[C@H]2[C@@H]3CC=C4C[C@@](C)(O)CC[C@]4(C)[C@H]3CC[C@]12C,3.333,mL.min-1.kg-1,species_only_dog
24811912,CHEMBL5137151,CHEMBL5179476,CL,mL.min-1.kg-1,=,1.667,CHEMBL612558,,"Clearance in dog at 1 mg/kg, iv by LC-MS/MS analysis",A,Cc1cc(=O)n(-c2ccc(N3CCC(Cc4ccc(Cl)c(F)c4)CC3)c(Cl)c2)c(C)n1,1.667,mL.min-1.kg-1,species_only_dog
24813184,CHEMBL5137585,CHEMBL5207119,CL,mL.min-1.kg-1,=,5.8,CHEMBL612558,,"Clearance in Beagle dog at 5 mg/kg, iv measured after up to 24 hrs by LC-MS/MS analysis",A,O=C[C@H](C[C@@H]1CCNC1=O)NC(=O)[C@H](CC1CC1)NC(=O)c1cc2ccccc2[nH]1,5.8,mL.min-1.kg-1,species_only_dog
24813680,CHEMBL5137825,CHEMBL5178512,CL,mL.min-1.kg-1,=,133.0,CHEMBL612558,,Metabolic stability in dog liver assessed as intrinsic clearance incubated for 1 hr by LC-MS/MS analysis,A,CC(=O)c1c(C)[nH]c(-c2nc3cc(N4CCN(C)CC4)ccc3[nH]2)c1-c1ccccc1,133.0,mL.min-1.kg-1,species_only_dog
24813681,CHEMBL5137825,CHEMBL5187914,CL,mL.min-1.kg-1,=,44.8,CHEMBL612558,,Metabolic stability in dog liver assessed as intrinsic clearance incubated for 1 hr by LC-MS/MS analysis,A,CC(=O)c1c(C)[nH]c(-c2nc3cc(N4CCOCC4)ccc3[nH]2)c1-c1ccccc1,44.8,mL.min-1.kg-1,species_only_dog
24817531,CHEMBL5139027,CHEMBL5203121,CL,mL.min-1.kg-1,=,3.0,CHEMBL612558,,"Clearance in beagle dog at 0.3 mg/kg,po or 0.1 mg/kg,iv measured upto 24 hrs by LC-MS/MS analysis",A,C[C@H]1OC(=O)N(c2nc(-c3cnc(N)nc3C(F)(F)F)cc(N3CCOCC3)n2)[C@H]1CO,3.0,mL.min-1.kg-1,species_only_dog
24824986,CHEMBL5141263,CHEMBL5095169,CL,mL.min-1.kg-1,=,13.7,CHEMBL612558,,"Plasma clearance in beagle dog at 0.5 mg/kg, iv",A,CO[C@@H]1CCN(c2nccc(Nc3cc4c(C(C)C)ccc(N5C[C@H](CS(C)(=O)=O)[C@H]5C)c4cn3)n2)C[C@@H]1F,13.7,mL.min-1.kg-1,species_only_dog
24825363,CHEMBL5141377,CHEMBL5170592,CL,mL.min-1.kg-1,=,7.9,CHEMBL612558,,"Clearance in Beagle dog at 5 mg/kg, po and 1 mg/kg, iv",A,Cn1nncc1-c1cnn([C@H](CCOC(F)F)c2ccc(-c3c(-n4cc(Cl)nn4)ccc(Cl)c3F)c[n+]2[O-])c1,7.9,mL.min-1.kg-1,species_only_dog
24826194,CHEMBL5141621,CHEMBL5196713,CL,mL.min-1.kg-1,=,21.3,CHEMBL612558,,"Clearance in Beagle dog at 0.5 mg/kg, iv measured upto 24 hrs by reversed phase LCMS analysis",A,Cc1ccc(O)c(C)c1-n1c(N)c(C(N)=O)c2cc(Cl)cnc21,21.3,mL.min-1.kg-1,species_only_dog
24826195,CHEMBL5141621,CHEMBL5199076,CL,mL.min-1.kg-1,=,13.1,CHEMBL612558,,"Clearance in Beagle dog at 0.5 mg/kg, iv measured upto 24 hrs by reversed phase LCMS analysis",A,Cc1cc2c(C(N)=O)c(N)n(-c3c(C)ccc(O)c3C)c2nc1C,13.1,mL.min-1.kg-1,species_only_dog
24831533,CHEMBL5142883,CHEMBL5170489,CL,mL.min-1.kg-1,=,16.0,CHEMBL612558,,"Clearance in Beagle dog at 2 mg/kg, po or 1 mg/kg, iv",A,Cc1cc2ncccc2cc1Nc1ncc2c(n1)n([C@@H]1CNC[C@H]1F)c(=O)n2C,16.0,mL.min-1.kg-1,species_only_dog
24849475,CHEMBL5147509,CHEMBL5095068,CL,mL.min-1.kg-1,=,8.6,CHEMBL612558,,"Clearance in Beagle dog at 1 mg/kg, iv",A,COc1cc(N2CCC3(CCN(C)CC3)CC2)ccc1Nc1ncc(Cl)c(Nc2ccccc2P(C)(C)=O)n1,8.6,mL.min-1.kg-1,species_only_dog
24849835,CHEMBL5147682,CHEMBL5202937,CL,mL.min-1.kg-1,=,0.84,CHEMBL612558,,Clearance in iv dosed Beagle dog,A,CC/C(=C(/c1ccc(/C=C/C(=O)O)cc1)c1[nH]c2ccccc2c1Cl)c1ccc(F)cc1Cl,0.84,mL.min-1.kg-1,species_only_dog
24850282,CHEMBL5147732,CHEMBL3970885,CL,mL.min-1.kg-1,=,5.0,CHEMBL612558,,Clearance in iv dosed dog,A,O=C(c1ccc2cc(Oc3ccc(C(F)(F)F)cn3)ccc2n1)N1CC[C@@H](F)C1,5.0,mL.min-1.kg-1,species_only_dog
24855932,CHEMBL5148615,CHEMBL3716726,CL,mL.min-1.kg-1,=,4.1,CHEMBL612558,,"Clearance in dog at 1 mg/kg, po or 0.5 mg/kg, iv",A,COc1cc(OCc2nc(N3CCOCC3)sc2C)c2cc(-c3cn4nc(OC)sc4n3)oc2c1,4.1,mL.min-1.kg-1,species_only_dog
24855933,CHEMBL5148615,CHEMBL3716552,CL,mL.min-1.kg-1,=,8.5,CHEMBL612558,,"Clearance in dog at 1 mg/kg, po or 0.5 mg/kg, iv",A,COc1cc(OCc2csc(-c3ccc(C(=O)N(C)C)cc3)n2)c2cc(-c3cn4nc(OC)sc4n3)oc2c1,8.5,mL.min-1.kg-1,species_only_dog
24857358,CHEMBL5149094,CHEMBL5170406,CL,mL.min-1.kg-1,=,0.8333,CHEMBL612558,,"Clearance in dog at 0.2 mg/kg, iv",A,Cn1cc2c3cc(C(=O)O)ccc3n(-c3ccc(C(F)(F)F)cc3)c2n1,0.8333,mL.min-1.kg-1,species_only_dog
24859638,CHEMBL5149530,CHEMBL5192659,CL,mL.min-1.kg-1,=,7.6,CHEMBL612558,,"Clearance in Beagle dog at 3 mg/kg, iv/30 mg/kg, po",A,Cc1c(C#N)cccc1[C@@H](C)Nc1nnc(C)c2cnc(N3CCOCC3)cc12,7.6,mL.min-1.kg-1,species_only_dog
24867555,CHEMBL5152056,CHEMBL5095220,CL,mL.min-1.kg-1,=,0.35,CHEMBL612558,,Plasma clearance in dog,A,CCc1cc2ncc(CN3CCN(c4ccc(C(=O)NC)nc4)CC3)cc2[nH]c1=O,0.35,mL.min-1.kg-1,species_only_dog
24867578,CHEMBL5152075,CHEMBL5095220,CL,mL.min-1.kg-1,=,2.1,CHEMBL612558,,Unbound clearance in dog,A,CCc1cc2ncc(CN3CCN(c4ccc(C(=O)NC)nc4)CC3)cc2[nH]c1=O,2.1,mL.min-1.kg-1,species_only_dog
24869481,CHEMBL5152684,CHEMBL5206366,CL,mL.min-1.kg-1,=,11.0,CHEMBL612558,,"Clearance in Beagle dog at 0.5 mg/kg, iv measured upto 24 hrs by LC-MS/MS analysis",A,C=CC(=O)N[C@H]1CCC[C@H]1NC(=O)c1sc2nccc3c2c1NC(=O)N3[C@@H]1CN=C(CC(C)C)C=C1C,11.0,mL.min-1.kg-1,species_only_dog
24874909,CHEMBL5154164,CHEMBL5198935,CL,mL.min-1.kg-1,=,15.0,CHEMBL612558,,"Blood clearance in dog at 1 mg/kg, po or 0.3 mg/kg, iv measured over 24 hrs by LC-MS/MS analysis",A,CCCC1CNCc2c1[nH]c(=O)c(C#N)c2N1CCC2(CC1)CC2.Cl,15.0,mL.min-1.kg-1,species_only_dog
24874910,CHEMBL5154164,CHEMBL2179105,CL,mL.min-1.kg-1,=,8.333,CHEMBL612558,,"Blood clearance in dog at 1 mg/kg, po or 0.3 mg/kg, iv measured over 24 hrs by LC-MS/MS analysis",A,C[C@@H]1CN(Cc2ncccn2)C[C@H]1c1nc2c(cnn2C2CCOCC2)c(=O)[nH]1,8.333,mL.min-1.kg-1,species_only_dog
24876200,CHEMBL5154599,CHEMBL5172397,CL,mL.min-1.kg-1,=,5.73,CHEMBL612558,,"Clearance in beagle dog at 0.2 mg/kg, iv measured for 24 hrs by LC-MS/MS analysis",A,O=C(Nc1nc2cccc(C3CCC4(CC3)CN(C(=O)[C@@H]3CC3(F)F)C4)n2n1)C1CC1,5.73,mL.min-1.kg-1,species_only_dog
24878160,CHEMBL5155283,CHEMBL5196935,CL,mL.min-1.kg-1,=,14.0,CHEMBL612558,,"Clearance in Beagle dog at 1 mg/kg, iv",A,C[C@@H](C1CC1)N1Cc2cc(-c3ccn4nc(N)c(C(=O)N[C@H]5CC[C@@](C)(O)CC5)c4n3)cc(OC(F)(F)F)c2C1=O,14.0,mL.min-1.kg-1,species_only_dog
24878161,CHEMBL5155283,CHEMBL5209268,CL,mL.min-1.kg-1,=,9.667,CHEMBL612558,,"Clearance in Beagle dog at 1 mg/kg, iv",A,C[C@@H](C1CC1)N1Cc2cc(-c3ccn4nc(N)c(C(=O)N[C@H]5CC[C@@](C)(O)CC5)c4n3)cc(OC(F)F)c2C1=O,9.667,mL.min-1.kg-1,species_only_dog
24885899,CHEMBL5157220,CHEMBL5195288,CL,mL.min-1.kg-1,=,8.1,CHEMBL612558,,"Clearance in Beagle dog blood at 3 mg/kg, po or 1.0 mg/kg, iv by LC-MS/MS analysis",A,CC(=O)N1c2ccc(C(N)=O)cc2[C@H](Nc2ncc(Cl)cn2)C[C@@H]1C,8.1,mL.min-1.kg-1,species_only_dog
24885901,CHEMBL5157222,CHEMBL5195288,CL,mL.min-1.kg-1,=,20.0,CHEMBL612558,,"Unbound clearance in Beagle dog blood at 3 mg/kg, po or 1.0 mg/kg, iv by LC-MS/MS analysis",A,CC(=O)N1c2ccc(C(N)=O)cc2[C@H](Nc2ncc(Cl)cn2)C[C@@H]1C,20.0,mL.min-1.kg-1,species_only_dog
24885903,CHEMBL5157224,CHEMBL5195288,CL,mL.min-1.kg-1,=,6.9,CHEMBL612558,,"Renal clearance in Beagle dog at 3 mg/kg, po or 1.0 mg/kg, iv by LC-MS/MS analysis",A,CC(=O)N1c2ccc(C(N)=O)cc2[C@H](Nc2ncc(Cl)cn2)C[C@@H]1C,6.9,mL.min-1.kg-1,species_only_dog
24886291,CHEMBL5157359,CHEMBL5171962,CL,mL.min-1.kg-1,=,18.4,CHEMBL612558,,"Clearance in male Beagle dog at 1 mg/kg, iv measured by LC-MS/MS analysis",A,O=C(O)c1ccc2c(c1)Oc1ccc(OCc3c(-c4c(Cl)cccc4Cl)noc3C3CC3)nc1C1(CC1)C2,18.4,mL.min-1.kg-1,species_only_dog
24889228,CHEMBL5158003,CHEMBL5176383,CL,mL.min-1.kg-1,=,149.9,CHEMBL612558,,"Clearance in Beagle dog at 2 mg/kg, iv",A,CC(C)Oc1ccc(C2CC(c3ccc(CN4CC(C(=O)[O-])C4)cc3)=NO2)cc1Cl.[Na+],149.9,mL.min-1.kg-1,species_only_dog
24899287,CHEMBL5160125,CHEMBL5173264,CL,mL.min-1.kg-1,=,5.4,CHEMBL612558,,Clearance in dog,A,COc1nc(C(C)C)ccc1-c1cnc2sc(N3CCC(O)(CN)CC3)nn12,5.4,mL.min-1.kg-1,species_only_dog
24899721,CHEMBL5160415,CHEMBL5203666,CL,mL.min-1.kg-1,=,0.69,CHEMBL612558,,"Total clearance in Beagle dog at 26.76 mg/kg, iv administered as single dose measured up to 24 hrs",A,COc1ccc(-c2cc(=O)c3c(O)cc(OP(=O)([O-])[O-])c(-c4cc(-c5cc(=O)c6c(O)cc(OP(=O)([O-])[O-])cc6o5)ccc4OC)c3o2)cc1.[Na+].[Na+].[Na+].[Na+],0.69,mL.min-1.kg-1,species_only_dog
24900198,CHEMBL5160532,CHEMBL5192384,CL,mL.min-1.kg-1,=,1.0,CHEMBL612558,,"Clearance in dog at 0.5 mg/kg, po or 0.25 mg/kg, iv by LC-MS/MS analysis",A,CC(C)(O)c1cc(C(F)(F)F)ncc1-c1ccc(C2(C(=O)Nc3ccc(F)cc3)COC2)cc1,1.0,mL.min-1.kg-1,species_only_dog
24910459,CHEMBL5163233,CHEMBL5178464,CL,mL.min-1.kg-1,=,13.0,CHEMBL612558,,"Clearance in wild type Beagle dog at 2 mg/kg, po or 1 mg/kg, iv after 1 week by LC-MS/MS analysis",A,COc1cccc(F)c1CNc1ccc(-c2cnc(C)nc2C)c2nncn12,13.0,mL.min-1.kg-1,species_only_dog
24910460,CHEMBL5163233,CHEMBL4755618,CL,mL.min-1.kg-1,=,13.0,CHEMBL612558,,"Clearance in wild type Beagle dog at 2 mg/kg, po or 1 mg/kg, iv after 1 week by LC-MS/MS analysis",A,Cc1ncccc1-c1cnc(NCc2c(F)ccc3c2CCO3)n2cnnc12,13.0,mL.min-1.kg-1,species_only_dog
24910628,CHEMBL5163306,CHEMBL5178464,CL,mL.min-1.kg-1,=,13.0,CHEMBL612558,,Plasma clearance in dog,A,COc1cccc(F)c1CNc1ccc(-c2cnc(C)nc2C)c2nncn12,13.0,mL.min-1.kg-1,species_only_dog
24910629,CHEMBL5163306,CHEMBL4755618,CL,mL.min-1.kg-1,=,13.0,CHEMBL612558,,Plasma clearance in dog,A,Cc1ncccc1-c1cnc(NCc2c(F)ccc3c2CCO3)n2cnnc12,13.0,mL.min-1.kg-1,species_only_dog
24910700,CHEMBL5163353,CHEMBL5183847,CL,mL.min-1.kg-1,=,0.17,CHEMBL612558,,"Total clearance in Beagle dog at 0.1 mg/0.2mL/kg, iv measured for 2 to 1440 mins by LC-MS/MS analysis",A,Cn1cnc(Cn2c(=O)[nH]/c(=N\c3cc4cn(C)nc4cc3Cl)n(Cc3cc(F)c(F)cc3F)c2=O)n1,0.17,mL.min-1.kg-1,species_only_dog
24920578,CHEMBL5166151,CHEMBL5183988,CL,mL.min-1.kg-1,=,17.0,CHEMBL612558,,"Clearance in Beagle dog at 1 uM/kg, iv",A,C=CC(=O)N1C[C@@H]2CCOc3c(Cl)c(-c4c(O)cccc4F)c(F)c4ncnc(c34)N2C[C@H]1C,17.0,mL.min-1.kg-1,species_only_dog
24960342,CHEMBL5215565,CHEMBL5220926,CL,mL.min-1.kg-1,=,24.0,CHEMBL612558,,"Clearance in Beagle dog plasma 1 mg/kg, iv measured for 2 to 1440 mins by LC-MS/MS analysis",A,CCC(=O)CCCCC[C@H](NC(=O)[C@H]1CC12CCN(CC)CC2)c1ncc(-c2cc3ccc(C)nc3cc2OC)[nH]1,24.0,mL.min-1.kg-1,species_only_dog
24960343,CHEMBL5215565,CHEMBL5220278,CL,mL.min-1.kg-1,=,6.0,CHEMBL612558,,"Clearance in Beagle dog plasma 1 mg/kg, iv measured for 2 to 1440 mins by LC-MS/MS analysis",A,CCC(=O)CCCCC[C@H](NC(=O)[C@H]1CC12CCN(C)CC2)c1ncc(-c2cc3ccc(C)nc3cc2OC)o1,6.0,mL.min-1.kg-1,species_only_dog
24960344,CHEMBL5215565,CHEMBL5218693,CL,mL.min-1.kg-1,=,2.9,CHEMBL612558,,"Clearance in Beagle dog plasma 1 mg/kg, iv measured for 2 to 1440 mins by LC-MS/MS analysis",A,CCC(=O)CCCCC[C@H](NC(=O)[C@H]1CC12CCN(CC)CC2)c1ncc(-c2cc3ccc(C)nc3cc2OC)o1,2.9,mL.min-1.kg-1,species_only_dog
24969601,CHEMBL5217799,CHEMBL5219660,CL,mL.min-1.kg-1,=,1.0,CHEMBL612558,,"Clearance in Beagle dog at 1 mg/kg, po or 1 mg/kg, iv measured upto 24 hrs by LC-MS/MS analysis",A,O=C(Nc1c2c(cc3c1CCC3)CCC2)NS(=O)(=O)c1cnn2c1OCCC2,1.0,mL.min-1.kg-1,species_only_dog
24969602,CHEMBL5217799,CHEMBL5219789,CL,mL.min-1.kg-1,=,11.7,CHEMBL612558,,"Clearance in Beagle dog at 1 mg/kg, po or 1 mg/kg, iv measured upto 24 hrs by LC-MS/MS analysis",A,CN[C@@H]1COc2c(S(=O)(=O)NC(=O)Nc3c4c(cc5c3CCC5)CCC4)cnn2C1,11.7,mL.min-1.kg-1,species_only_dog
24971090,CHEMBL5218178,CHEMBL5218909,CL,mL.min-1.kg-1,=,45.0,CHEMBL612558,,"Clearance in Beagle dog blood at 1.5 mg/kg, po or 0.4 mg/kg, iv measured upto 24 hrs by LC-MS/MS analysis",A,C[C@H]1C(=O)N(C)C=C(c2cnn(C)c2)c2cc([C@H](O)CO)ccc21,45.0,mL.min-1.kg-1,species_only_dog
24971091,CHEMBL5218179,CHEMBL5218909,CL,mL.min-1.kg-1,=,87.0,CHEMBL612558,,"Unbound clearance in Beagle dog blood at 1.5 mg/kg, po or 0.4 mg/kg, iv measured upto 24 hrs by LC-MS/MS analysis",A,C[C@H]1C(=O)N(C)C=C(c2cnn(C)c2)c2cc([C@H](O)CO)ccc21,87.0,mL.min-1.kg-1,species_only_dog
24971097,CHEMBL5218184,CHEMBL5219602,CL,mL.min-1.kg-1,=,28.0,CHEMBL612558,,"Clearance in Beagle dog blood at 1.5 mg/kg, po or 0.5 mg/kg, iv measured upto 24 hrs by LC-MS/MS analysis",A,C[C@H]1C(=O)N(C)C=C(c2cnn(C)c2)c2cc([C@@H](O)CO)ccc21,28.0,mL.min-1.kg-1,species_only_dog
24971098,CHEMBL5218185,CHEMBL5219602,CL,mL.min-1.kg-1,=,60.0,CHEMBL612558,,"Unbound clearance in Beagle dog blood at 1.5 mg/kg, po or 0.5 mg/kg, iv measured upto 24 hrs by LC-MS/MS analysis",A,C[C@H]1C(=O)N(C)C=C(c2cnn(C)c2)c2cc([C@@H](O)CO)ccc21,60.0,mL.min-1.kg-1,species_only_dog
24973867,CHEMBL5223897,CHEMBL5279298,CL,mL.min-1.kg-1,=,18.0,CHEMBL612558,,"Clearance in Beagle dog at 1 mg/kg, iv",A,COCCCN1CCC(c2nnc(-c3nn(C(C)C)c4ccccc34)o2)CC1.O=C(O)C(=O)O,18.0,mL.min-1.kg-1,species_only_dog
24977149,CHEMBL5224899,CHEMBL5281362,CL,mL.min-1.kg-1,=,4.04,CHEMBL612558,,"Clearance in Beagle dog at 1 mg/kg, iv",A,COCCCOc1cc2c(cc1OC)-c1cc(=O)c(C(=O)O)cn1[C@H](C(C)(C)C)CO2,4.04,mL.min-1.kg-1,species_only_dog
24979843,CHEMBL5225694,CHEMBL5267842,CL,mL.min-1.kg-1,=,9.4,CHEMBL612558,,"Clearance in Beagle dog at 2.5 mg/kg, iv",A,N#Cc1cccc(-c2ccc3ncc(-c4cc(F)cc(F)c4)c(N4CCC(N)CC4)c3c2)c1O,9.4,mL.min-1.kg-1,species_only_dog
24981030,CHEMBL5225998,CHEMBL5272946,CL,mL.min-1.kg-1,=,30.0,CHEMBL612558,,Clearance in dog,A,O=C(N1CCN2CCC1CC2)n1nc(-c2ccc(F)cc2)c2c1COCC2,30.0,mL.min-1.kg-1,species_only_dog
24981031,CHEMBL5225998,CHEMBL5275403,CL,mL.min-1.kg-1,=,12.0,CHEMBL612558,,Clearance in dog,A,Cl.O=C(N1CCN2CCC1CC2)n1nc(-n2cc(C(F)(F)F)cn2)c2c1COCC2,12.0,mL.min-1.kg-1,species_only_dog
24981033,CHEMBL5225999,CHEMBL5275403,CL,mL.min-1.kg-1,=,75.0,CHEMBL612558,,Intrinsic clearance in dog,A,Cl.O=C(N1CCN2CCC1CC2)n1nc(-n2cc(C(F)(F)F)cn2)c2c1COCC2,75.0,mL.min-1.kg-1,species_only_dog
24981899,CHEMBL5226221,CHEMBL5279363,CL,mL.min-1.kg-1,=,9.1,CHEMBL612558,,"Clearance in dog at 1 mg/kg,iv",A,C[C@H]1CN(C)CCN1c1cc(NC(=O)Cn2cc(-c3cc(C(N)=O)c(O)c(F)c3F)c3c(=O)n4c(nc32)CCC4)c(Cl)c(F)n1,9.1,mL.min-1.kg-1,species_only_dog
24984938,CHEMBL5227518,CHEMBL231779,CL,mL.min-1.kg-1,=,0.3333,CHEMBL612558,,Renal clearance in dog,A,COc1ccc(-n2nc(C(N)=O)c3c2C(=O)N(c2ccc(N4CCCCC4=O)cc2)CC3)cc1,0.3333,mL.min-1.kg-1,species_only_dog
24984947,CHEMBL5227527,CHEMBL473417,CL,mL.min-1.kg-1,=,0.04,CHEMBL612558,,Clearance in dog bile,A,CS(=O)(=O)c1ccc(C(=O)Nc2ccc(Cl)c(-c3ccccn3)c2)c(Cl)c1,0.04,mL.min-1.kg-1,species_only_dog
24986931,CHEMBL5228329,CHEMBL5199558,CL,mL.min-1.kg-1,=,42.33,CHEMBL612558,,Clearance in dog plasma,A,Cc1ccc2c(=O)[nH]c(-c3ccc(C(C)(C)O)cc3)cn12,42.33,mL.min-1.kg-1,species_only_dog
24989616,CHEMBL5229305,CHEMBL1739540,CL,mL.min-1.kg-1,=,16.67,CHEMBL612558,,"Clearance in dog at 3 mg/kg, iv",A,CC(C)[C@@H](Nc1ccc(CNC(=O)[C@@H]2SCCN2C(=O)C[C@H](N)Cc2cc(F)c(F)cc2F)cc1)C(=O)O,16.67,mL.min-1.kg-1,species_only_dog
25012068,CHEMBL5236961,CHEMBL4446357,CL,mL.min-1.kg-1,=,8.4,CHEMBL612558,,"Plasma clearance in Beagle dog at 0.25 mg/kg, iv and measured upto 24 hrs by LCMS/MS analysis",A,C[C@@]1(O)CCC[C@H]1n1c(=O)c(C(F)F)cc2cnc(NC3CCN(S(C)(=O)=O)CC3)nc21,8.4,mL.min-1.kg-1,species_only_dog
25012438,CHEMBL5237087,CHEMBL5286646,CL,mL.min-1.kg-1,=,4.3,CHEMBL612558,,"Total clearance in dog at 5 mg/kg,iv by LC/MS/MS analysis",A,C[S@@+]([O-])[C@@H]1CC[C@@H]2CN1C(=O)N2O[C@H](F)C(=O)[O-].[Na+],4.3,mL.min-1.kg-1,species_only_dog
25012864,CHEMBL5237343,CHEMBL1237000,CL,mL.min-1.kg-1,=,2.2,CHEMBL612558,,Clearance in dog plasma,A,CC(C)n1c(C(=O)N(C)C)c2c(c(O)c1=O)C(=O)N(Cc1ccc(F)c(Cl)c1)CC2,2.2,mL.min-1.kg-1,species_only_dog
25016641,CHEMBL5238502,CHEMBL5077861,CL,mL.min-1.kg-1,=,390.0,CHEMBL612558,,"Clearance in Beagle dog at 0.1 mg/kg, iv measured upto 24 hrs by LC-MS/MS method",A,C=CC(=O)N1CC2(CC(n3nc(-c4ccc5c(cnn5C)c4)c(-c4c(Cl)c(C)cc5[nH]ncc45)c3C)C2)C1,390.0,mL.min-1.kg-1,species_only_dog
25018868,CHEMBL5238930,CHEMBL5285267,CL,mL.min-1.kg-1,=,0.38,CHEMBL612558,,"Clearance in Beagle dog at 1 mg/kg, iv by LC-MS/MS analysis",A,C=C(C)[C@@H]1CC[C@]2(NCC[C@]3(O)CC[C@@H](S(C)(=O)=O)CC3)CC[C@]3(C)[C@H](CC[C@@H]4[C@@]5(C)CC=C(C6=CC[C@](CF)(C(=O)O)CC6)C(C)(C)[C@@H]5CC[C@]43C)[C@@H]12,0.38,mL.min-1.kg-1,species_only_dog
25021499,CHEMBL5239662,CHEMBL4098877,CL,mL.min-1.kg-1,=,37.0,CHEMBL612558,,"Clearance in dog at 3 mg/kg, po or 0.5 mg/kg, iv measured upto 24 hrs by LC-MS/MS method",A,C[C@@H]1CN(c2cc(-c3n[nH]c4ccc(OC5(C)CC5)cc34)ncn2)C[C@H](C)O1,37.0,mL.min-1.kg-1,species_only_dog
25021535,CHEMBL5239688,CHEMBL5283154,CL,mL.min-1.kg-1,=,33.0,CHEMBL612558,,"Clearance in dog at 2 mg/kg, po or 0.25 mg/kg, iv measured upto 24 hrs by LC-MS/MS method",A,C[C@@H]1CN(c2cc(-n3ncc4ccc(-c5ccn[nH]5)cc43)ncn2)C[C@H](C)O1,33.0,mL.min-1.kg-1,species_only_dog
25021539,CHEMBL5239692,CHEMBL5276834,CL,mL.min-1.kg-1,=,22.0,CHEMBL612558,,"Clearance in dog at 0.05 mg/kg, iv measured upto 24 hrs by LC-MS/MS method",A,C[C@@H]1CN(c2cc(-n3ncc4ccc(-c5ccn[nH]5)cc43)ncn2)C[C@H](C)N1C,22.0,mL.min-1.kg-1,species_only_dog
25021540,CHEMBL5239693,CHEMBL5276834,CL,mL.min-1.kg-1,=,330.0,CHEMBL612558,,"Unbound clearance in dog at 0.05 mg/kg, iv measured upto 24 hrs by LC-MS/MS method",A,C[C@@H]1CN(c2cc(-n3ncc4ccc(-c5ccn[nH]5)cc43)ncn2)C[C@H](C)N1C,330.0,mL.min-1.kg-1,species_only_dog
25021542,CHEMBL5239695,CHEMBL5282583,CL,mL.min-1.kg-1,=,17.0,CHEMBL612558,,"Clearance in dog at 2 mg/kg, po or 1 mg/kg, iv measured upto 24 hrs by LC-MS/MS method",A,CC(C)(O)[C@@H]1CCN(c2cc(-n3ncc4ccc(-c5ccn[nH]5)cc43)ncn2)C1,17.0,mL.min-1.kg-1,species_only_dog
25021543,CHEMBL5239695,CHEMBL5279615,CL,mL.min-1.kg-1,=,5.5,CHEMBL612558,,"Clearance in dog at 2 mg/kg, po or 1 mg/kg, iv measured upto 24 hrs by LC-MS/MS method",A,CC(C)(O)C12CC(C1)N(c1cc(-n3ncc4ccc(-c5ccn[nH]5)cc43)ncn1)C2,5.5,mL.min-1.kg-1,species_only_dog
25021545,CHEMBL5239696,CHEMBL5279615,CL,mL.min-1.kg-1,=,390.0,CHEMBL612558,,"Unbound clearance in dog at 2 mg/kg, po or 1 mg/kg, iv measured upto 24 hrs by LC-MS/MS method",A,CC(C)(O)C12CC(C1)N(c1cc(-n3ncc4ccc(-c5ccn[nH]5)cc43)ncn1)C2,390.0,mL.min-1.kg-1,species_only_dog
25021582,CHEMBL5239718,CHEMBL5286106,CL,mL.min-1.kg-1,=,34.0,CHEMBL612558,,"Clearance in dog at 1 mg/kg, po or 0.5 mg/kg, iv measured upto 24 hrs by LC-MS/MS method",A,CC(C)(O)C12CC(C1)N(c1cc(-n3ncc4ccc([C@]5(C#N)CC56CC6)cc43)ncn1)C2,34.0,mL.min-1.kg-1,species_only_dog
25042908,CHEMBL5245174,CHEMBL1779114,CL,mL.min-1.kg-1,=,10.67,CHEMBL612558,,Clearance in dog,A,C=C[C@@H]1C[C@]1(NC(=O)[C@@H]1C[C@@H](Oc2cc(-c3csc(NC(C)C)n3)nc3cc(OC)ccc23)CN1C(=O)[C@@H](NC(=O)OC1CCCC1)C(C)(C)C)P(=O)(O)Cc1ccccc1,10.67,mL.min-1.kg-1,species_only_dog
25064155,CHEMBL5251353,CHEMBL5285238,CL,mL.min-1.kg-1,=,32.53,CHEMBL612558,,"Clearance in Beagle dog at 1 mg/kg, iv measured for 0.083 to 24 hrs by LC-MS/MS analysis",A,Nc1ccn([C@@H]2O[C@@H]3COP(=O)(OCC(=O)OCc4ccccc4)O[C@H]3C2(F)F)c(=O)n1,32.53,mL.min-1.kg-1,species_only_dog
25064156,CHEMBL5251353,CHEMBL5291086,CL,mL.min-1.kg-1,=,28.37,CHEMBL612558,,"Clearance in Beagle dog at 1 mg/kg, iv measured for 0.083 to 24 hrs by LC-MS/MS analysis",A,Nc1ccn([C@@H]2O[C@H](COP(=O)(O)OCC(=O)OCc3ccccc3)[C@@H](O)C2(F)F)c(=O)n1,28.37,mL.min-1.kg-1,species_only_dog
25064157,CHEMBL5251353,CHEMBL5267441,CL,mL.min-1.kg-1,=,28.37,CHEMBL612558,,"Clearance in Beagle dog at 1 mg/kg, iv measured for 0.083 to 24 hrs by LC-MS/MS analysis",A,Nc1ccn([C@@H]2O[C@H](CO)[C@@H](OP(=O)(O)OCC(=O)OCc3ccccc3)C2(F)F)c(=O)n1,28.37,mL.min-1.kg-1,species_only_dog
25066279,CHEMBL5251573,CHEMBL5279308,CL,mL.min-1.kg-1,=,5.0,CHEMBL612558,,"Total clearance in Beagle dog plasma at 1 mg/kg, iv",A,Cc1ncn(CC(=O)N2CCN(c3sc(C(F)(F)F)nc3-c3cnc(C(F)(F)F)nc3)C[C@H]2CCO)n1,5.0,mL.min-1.kg-1,species_only_dog
25066280,CHEMBL5251573,CHEMBL5272415,CL,mL.min-1.kg-1,=,19.0,CHEMBL612558,,"Total clearance in Beagle dog plasma at 1 mg/kg, iv",A,CCc1ncn(CC(=O)N2CCN(c3sc(C(F)(F)F)nc3-c3cnc(C(F)(F)F)nc3)C[C@H]2CCO)n1,19.0,mL.min-1.kg-1,species_only_dog
25066281,CHEMBL5251573,CHEMBL5278881,CL,mL.min-1.kg-1,=,22.0,CHEMBL612558,,"Total clearance in Beagle dog plasma at 1 mg/kg, iv",A,Cc1ccn(CC(=O)N2CCN(c3sc(C(F)(F)F)nc3-c3cnc(C(F)(F)F)nc3)C[C@@H]2CO)n1,22.0,mL.min-1.kg-1,species_only_dog
25066282,CHEMBL5251574,CHEMBL5279308,CL,mL.min-1.kg-1,=,15.0,CHEMBL612558,,"Unbound clearance in Beagle dog plasma at 1 mg/kg, iv",A,Cc1ncn(CC(=O)N2CCN(c3sc(C(F)(F)F)nc3-c3cnc(C(F)(F)F)nc3)C[C@H]2CCO)n1,15.0,mL.min-1.kg-1,species_only_dog
25066283,CHEMBL5251574,CHEMBL5272415,CL,mL.min-1.kg-1,=,64.0,CHEMBL612558,,"Unbound clearance in Beagle dog plasma at 1 mg/kg, iv",A,CCc1ncn(CC(=O)N2CCN(c3sc(C(F)(F)F)nc3-c3cnc(C(F)(F)F)nc3)C[C@H]2CCO)n1,64.0,mL.min-1.kg-1,species_only_dog
25066284,CHEMBL5251574,CHEMBL5278881,CL,mL.min-1.kg-1,=,100.0,CHEMBL612558,,"Unbound clearance in Beagle dog plasma at 1 mg/kg, iv",A,Cc1ccn(CC(=O)N2CCN(c3sc(C(F)(F)F)nc3-c3cnc(C(F)(F)F)nc3)C[C@@H]2CO)n1,100.0,mL.min-1.kg-1,species_only_dog
25066375,CHEMBL5251665,CHEMBL5279308,CL,mL.min-1.kg-1,=,9.5,CHEMBL612558,,"Clearance in Beagle dog at 2.5 mg/kg,iv or 2.5 mg/kg, po",A,Cc1ncn(CC(=O)N2CCN(c3sc(C(F)(F)F)nc3-c3cnc(C(F)(F)F)nc3)C[C@H]2CCO)n1,9.5,mL.min-1.kg-1,species_only_dog
25067091,CHEMBL5251939,CHEMBL5276374,CL,mL.min-1.kg-1,=,6.89,CHEMBL612558,,"Clearance in Beagle dog at 1 mg/kg, iv measured upto 24 hrs by LC-MS/MS analysis",A,C=CC(=O)N1CCC([C@@H]2CCNc3c(C(N)=O)c(-c4cc(OC)c(C)c(OC)c4)nn32)CC1,6.89,mL.min-1.kg-1,species_only_dog
25070781,CHEMBL5252908,CHEMBL5270581,CL,mL.min-1.kg-1,=,9.6,CHEMBL612558,,Clearance in po dosed dog,A,O=C(Nc1cnccc1-c1ccccc1)c1ccnc(NC(=O)C2CC2)c1,9.6,mL.min-1.kg-1,species_only_dog
25071274,CHEMBL5252996,CHEMBL1170706,CL,mL.min-1.kg-1,=,10.1,CHEMBL612558,,"Clearance in dog at 1 mg/kg, iv",A,CC[C@@H](CCC[C@@H](CO)N(CCC(C)C)S(=O)(=O)c1ccc(N)cc1)NC(=O)[C@@H](NC(=O)OC)C(c1ccccc1)c1ccccc1,10.1,mL.min-1.kg-1,species_only_dog
25071275,CHEMBL5252996,CHEMBL5279747,CL,mL.min-1.kg-1,=,4.7,CHEMBL612558,,"Clearance in dog at 1 mg/kg, iv",A,CCCN([C@H](CO)CCC[C@@H](NC(=O)[C@@H](NC(=O)OC)C(c1ccccc1)c1ccccc1)C(F)(F)F)S(=O)(=O)c1ccc(N)cc1,4.7,mL.min-1.kg-1,species_only_dog
25071276,CHEMBL5252996,CHEMBL5270648,CL,mL.min-1.kg-1,=,5.3,CHEMBL612558,,"Clearance in dog at 1 mg/kg, iv",A,CCCN([C@H](CO)CCC[C@H](C)NC(=O)[C@@H](NC(=O)OC)C(c1ccccc1)c1ccccc1)S(=O)(=O)c1ccc(N)cc1,5.3,mL.min-1.kg-1,species_only_dog
25071551,CHEMBL5253065,CHEMBL4303404,CL,mL.min-1.kg-1,=,46.67,CHEMBL612558,,"Unbound clearance in dog at 0.5 mg/kg,iv",A,Cc1noc2c1-c1ccccc1C(c1ccc(Cl)cc1)=N[C@H]2CC(N)=O,46.67,mL.min-1.kg-1,species_only_dog
25071553,CHEMBL5253067,CHEMBL4303404,CL,mL.min-1.kg-1,=,1.833,CHEMBL612558,,"Total clearance in dog at 0.5 mg/kg,iv",A,Cc1noc2c1-c1ccccc1C(c1ccc(Cl)cc1)=N[C@H]2CC(N)=O,1.833,mL.min-1.kg-1,species_only_dog
25073649,CHEMBL5253723,CHEMBL5282118,CL,mL.min-1.kg-1,=,13.0,CHEMBL612558,,"Clearance in dog plasma at 1 mg/kg,iv",A,CC[C@H](C)n1nc(N2CC(C(C)(C)O)C2)c2cnc(Nc3ccnc(-c4cnn(S(=O)(=O)C5CC5)c4)n3)cc21,13.0,mL.min-1.kg-1,species_only_dog
25073912,CHEMBL5253791,CHEMBL4207737,CL,mL.min-1.kg-1,=,21.0,CHEMBL612558,,"Clearance in Beagle dog plasma at 3 mg/kg,po or 1 mg/kg,iv by LC-MS/MS analysis",A,COc1ccc(CNC(=O)c2sc3nnc(C)c(C)c3c2N)cc1F,21.0,mL.min-1.kg-1,species_only_dog
25075873,CHEMBL5254279,CHEMBL5271581,CL,mL.min-1.kg-1,=,4.28,CHEMBL612558,,"Clearance in Beagle dog at 4 mg/kg,iv measured upto 24 hrs",A,CC(=O)O[C@@]12CO[C@@H]1C[C@H](O)[C@@]1(C)C(=O)[C@H](O)C3=C(C)[C@@H](OC(=O)[C@H](OC(=O)CCC(=O)NCCCC[C@H](NC(=O)CC[C@@H](NC(=O)[C@H](C)NC(=O)/C=C/c4ccc(F)cc4Cl)C(N)=O)C(=O)O)[C@@H](NC(=O)OC(C)(C)C)c4ccccc4)C[C@@](O)([C@@H](OC(=O)c4ccccc4)[C@H]21)C3(C)C,4.28,mL.min-1.kg-1,species_only_dog
25075874,CHEMBL5254280,CHEMBL5271581,CL,mL.min-1.kg-1,=,4.56,CHEMBL612558,,"Clearance in male Beagle dog at 4 mg/kg,iv measured upto 24 hrs",A,CC(=O)O[C@@]12CO[C@@H]1C[C@H](O)[C@@]1(C)C(=O)[C@H](O)C3=C(C)[C@@H](OC(=O)[C@H](OC(=O)CCC(=O)NCCCC[C@H](NC(=O)CC[C@@H](NC(=O)[C@H](C)NC(=O)/C=C/c4ccc(F)cc4Cl)C(N)=O)C(=O)O)[C@@H](NC(=O)OC(C)(C)C)c4ccccc4)C[C@@](O)([C@@H](OC(=O)c4ccccc4)[C@H]21)C3(C)C,4.56,mL.min-1.kg-1,species_only_dog
25075875,CHEMBL5254281,CHEMBL5271581,CL,mL.min-1.kg-1,=,3.85,CHEMBL612558,,"Clearance in female Beagle dog at 4 mg/kg,iv measured upto 24 hrs",A,CC(=O)O[C@@]12CO[C@@H]1C[C@H](O)[C@@]1(C)C(=O)[C@H](O)C3=C(C)[C@@H](OC(=O)[C@H](OC(=O)CCC(=O)NCCCC[C@H](NC(=O)CC[C@@H](NC(=O)[C@H](C)NC(=O)/C=C/c4ccc(F)cc4Cl)C(N)=O)C(=O)O)[C@@H](NC(=O)OC(C)(C)C)c4ccccc4)C[C@@](O)([C@@H](OC(=O)c4ccccc4)[C@H]21)C3(C)C,3.85,mL.min-1.kg-1,species_only_dog
25075876,CHEMBL5254282,CHEMBL5271581,CL,mL.min-1.kg-1,=,6.08,CHEMBL612558,,"Clearance in Beagle dog at 2 mg/kg,iv measured upto 24 hrs",A,CC(=O)O[C@@]12CO[C@@H]1C[C@H](O)[C@@]1(C)C(=O)[C@H](O)C3=C(C)[C@@H](OC(=O)[C@H](OC(=O)CCC(=O)NCCCC[C@H](NC(=O)CC[C@@H](NC(=O)[C@H](C)NC(=O)/C=C/c4ccc(F)cc4Cl)C(N)=O)C(=O)O)[C@@H](NC(=O)OC(C)(C)C)c4ccccc4)C[C@@](O)([C@@H](OC(=O)c4ccccc4)[C@H]21)C3(C)C,6.08,mL.min-1.kg-1,species_only_dog
25075877,CHEMBL5254283,CHEMBL5271581,CL,mL.min-1.kg-1,=,7.13,CHEMBL612558,,"Clearance in male Beagle dog at 2 mg/kg,iv measured upto 24 hrs",A,CC(=O)O[C@@]12CO[C@@H]1C[C@H](O)[C@@]1(C)C(=O)[C@H](O)C3=C(C)[C@@H](OC(=O)[C@H](OC(=O)CCC(=O)NCCCC[C@H](NC(=O)CC[C@@H](NC(=O)[C@H](C)NC(=O)/C=C/c4ccc(F)cc4Cl)C(N)=O)C(=O)O)[C@@H](NC(=O)OC(C)(C)C)c4ccccc4)C[C@@](O)([C@@H](OC(=O)c4ccccc4)[C@H]21)C3(C)C,7.13,mL.min-1.kg-1,species_only_dog
25075878,CHEMBL5254284,CHEMBL5271581,CL,mL.min-1.kg-1,=,5.04,CHEMBL612558,,"Clearance in female Beagle dog at 2 mg/kg,iv measured upto 24 hrs",A,CC(=O)O[C@@]12CO[C@@H]1C[C@H](O)[C@@]1(C)C(=O)[C@H](O)C3=C(C)[C@@H](OC(=O)[C@H](OC(=O)CCC(=O)NCCCC[C@H](NC(=O)CC[C@@H](NC(=O)[C@H](C)NC(=O)/C=C/c4ccc(F)cc4Cl)C(N)=O)C(=O)O)[C@@H](NC(=O)OC(C)(C)C)c4ccccc4)C[C@@](O)([C@@H](OC(=O)c4ccccc4)[C@H]21)C3(C)C,5.04,mL.min-1.kg-1,species_only_dog
25075879,CHEMBL5254285,CHEMBL5271581,CL,mL.min-1.kg-1,=,11.2,CHEMBL612558,,"Clearance in female Beagle dog at 1 mg/kg,iv measured upto 24 hrs",A,CC(=O)O[C@@]12CO[C@@H]1C[C@H](O)[C@@]1(C)C(=O)[C@H](O)C3=C(C)[C@@H](OC(=O)[C@H](OC(=O)CCC(=O)NCCCC[C@H](NC(=O)CC[C@@H](NC(=O)[C@H](C)NC(=O)/C=C/c4ccc(F)cc4Cl)C(N)=O)C(=O)O)[C@@H](NC(=O)OC(C)(C)C)c4ccccc4)C[C@@](O)([C@@H](OC(=O)c4ccccc4)[C@H]21)C3(C)C,11.2,mL.min-1.kg-1,species_only_dog
25075880,CHEMBL5254286,CHEMBL5271581,CL,mL.min-1.kg-1,=,11.5,CHEMBL612558,,"Clearance in Beagle dog at 1 mg/kg,iv measured upto 24 hrs",A,CC(=O)O[C@@]12CO[C@@H]1C[C@H](O)[C@@]1(C)C(=O)[C@H](O)C3=C(C)[C@@H](OC(=O)[C@H](OC(=O)CCC(=O)NCCCC[C@H](NC(=O)CC[C@@H](NC(=O)[C@H](C)NC(=O)/C=C/c4ccc(F)cc4Cl)C(N)=O)C(=O)O)[C@@H](NC(=O)OC(C)(C)C)c4ccccc4)C[C@@](O)([C@@H](OC(=O)c4ccccc4)[C@H]21)C3(C)C,11.5,mL.min-1.kg-1,species_only_dog
25075882,CHEMBL5254288,CHEMBL5271581,CL,mL.min-1.kg-1,=,11.7,CHEMBL612558,,"Clearance in male Beagle dog at 1 mg/kg,iv measured upto 24 hrs",A,CC(=O)O[C@@]12CO[C@@H]1C[C@H](O)[C@@]1(C)C(=O)[C@H](O)C3=C(C)[C@@H](OC(=O)[C@H](OC(=O)CCC(=O)NCCCC[C@H](NC(=O)CC[C@@H](NC(=O)[C@H](C)NC(=O)/C=C/c4ccc(F)cc4Cl)C(N)=O)C(=O)O)[C@@H](NC(=O)OC(C)(C)C)c4ccccc4)C[C@@](O)([C@@H](OC(=O)c4ccccc4)[C@H]21)C3(C)C,11.7,mL.min-1.kg-1,species_only_dog
25090933,CHEMBL5258165,CHEMBL4797139,CL,mL.min-1.kg-1,=,31.6,CHEMBL612558,,"Clearance in Beagle dog plasma at 0.5 mg/kg, iv and measured upto 24 hrs by LC-MS/MS analysis",A,FC(F)(F)c1nccc2cc(Nc3n[nH]c4ncccc34)ccc12,31.6,mL.min-1.kg-1,species_only_dog
25100553,CHEMBL5261271,CHEMBL5270256,CL,mL.min-1.kg-1,=,15.0,CHEMBL612558,,"Clearance in Sinclair Lab dog at 1 mg/kg,iv and measured after 72 hrs by LC/MS/MS analysis",A,CN1CCCC[C@H](N(c2cc(C#CC(C)(C)C)sc2C(=O)O)C(=O)[C@H]2CC[C@H](C)CC2)C1=O,15.0,mL.min-1.kg-1,species_only_dog
25101070,CHEMBL5261556,CHEMBL5282336,CL,mL.min-1.kg-1,=,31.0,CHEMBL612558,,"Clearance in Beagle dog at 2 mg/kg, po and 1 mg/kg, iv relative to liver blood flow",A,COCCCC(=O)NCCN1CCC[C@@H]1Cn1nc(Cc2ccc(Cl)cc2)c2ccccc2c1=O.O=C(O)C(F)(F)F,31.0,mL.min-1.kg-1,species_only_dog
25108664,CHEMBL5264244,CHEMBL3662190,CL,mL.min-1.kg-1,=,0.3,CHEMBL612558,,"Clearance in Beagle dog at 0.5 mg/kg, iv",A,CC1(COc2cc(F)c(C(=O)NS(=O)(=O)C3CC3)cc2C2CC2)CCC2(CC1)CC2,0.3,mL.min-1.kg-1,species_only_dog
25112171,CHEMBL5265291,CHEMBL5285108,CL,mL.min-1.kg-1,=,1.9,CHEMBL612558,,"Clearance in dog at 0.5 mg/kg, iv",A,CC(C)(O)[C@H]1CC[C@H](NC(=O)c2cnc3nc(C4CC4)ccc3c2)CC1,1.9,mL.min-1.kg-1,species_only_dog
25441397,CHEMBL5316595,CHEMBL5434099,CL,mL.min-1.kg-1,=,14.0,CHEMBL612558,,"Clearance in Beagle dog at 1 mg/kg, iv",A,Cc1nc2nc(C)c(O[C@@H]3CCN(c4ccc(-c5ccc(CN6CCOCC6)nn5)cc4)C3)c(C)n2n1,14.0,mL.min-1.kg-1,species_only_dog
25443238,CHEMBL5317081,CHEMBL5409039,CL,mL.min-1.kg-1,=,5.9,CHEMBL612558,,"Clearance in Beagle dog at 1 mg/kg, iv and measured upto 24 hrs by LC/MS/MS analysis",A,CC(C)(O)Cn1cc(-c2cnc3nc2N[C@H](CO)c2ccccc2OCCCCc2cc(ccc2C#N)N3)cn1,5.9,mL.min-1.kg-1,species_only_dog
25447827,CHEMBL5318168,CHEMBL439849,CL,mL.min-1.kg-1,=,346.67,CHEMBL612558,,"Clearance in Beagle dog at 1 mg/kg, iv measured upto 24 hrs by LC-MS/MS analysis",A,N#Cc1ccc2[nH]cc(CCCCN3CCN(c4ccc5oc(C(N)=O)cc5c4)CC3)c2c1,346.67,mL.min-1.kg-1,species_only_dog
25447828,CHEMBL5318168,CHEMBL5420565,CL,mL.min-1.kg-1,=,61.0,CHEMBL612558,,"Clearance in Beagle dog at 1 mg/kg, iv measured upto 24 hrs by LC-MS/MS analysis",A,N#Cc1ccc2[nH]cc(CCCCN3CCN(c4ncc(-c5ccc(Cl)cc5)cn4)CC3)c2c1,61.0,mL.min-1.kg-1,species_only_dog
25447829,CHEMBL5318168,CHEMBL5438420,CL,mL.min-1.kg-1,=,85.67,CHEMBL612558,,"Clearance in Beagle dog at 1 mg/kg, iv measured upto 24 hrs by LC-MS/MS analysis",A,N#Cc1ccc2[nH]cc(CCCCN3CCN(c4ncc(-c5ccc(F)cc5F)cn4)CC3)c2c1,85.67,mL.min-1.kg-1,species_only_dog
25447830,CHEMBL5318168,CHEMBL5431204,CL,mL.min-1.kg-1,=,118.5,CHEMBL612558,,"Clearance in Beagle dog at 1 mg/kg, iv measured upto 24 hrs by LC-MS/MS analysis",A,N#Cc1ccc2[nH]cc(CCCCN3CCN(c4ncc(-c5cccc(C(N)=O)c5)cn4)CC3)c2c1,118.5,mL.min-1.kg-1,species_only_dog
25456216,CHEMBL5320121,CHEMBL5432266,CL,mL.min-1.kg-1,=,11.0,CHEMBL612558,,"Clearance in Beagle dog plasma at 1 mg/kg, iv measured at 0.033 to 24 hrs by LC-MS/MS analysis",A,COc1cc([C@@H](C)C(=O)N2CC[C@@]3(COc4cc(-c5ncccn5)c(C)nc4N3)C2)c(F)cn1,11.0,mL.min-1.kg-1,species_only_dog
25469675,CHEMBL5324183,CHEMBL2016757,CL,mL.min-1.kg-1,=,3.0,CHEMBL612558,,"Clearance in dog at 1 mg/kg, iv measured upto 24 hrs by LC-MS/MS analysis",A,N#C[C@@]1(c2ccc3c(N)ncnn23)O[C@H](CO)[C@@H](O)[C@H]1O,3.0,mL.min-1.kg-1,species_only_dog
25472255,CHEMBL5325070,CHEMBL5438736,CL,mL.min-1.kg-1,=,11.0,CHEMBL612558,,"Clearance in Beagle dog at 0.5 mg/kg, iv and measured upto 24 hrs by LC-MS/MS analysis",A,C[C@@H]1Cc2c(ccc3[nH]ncc23)[C@@H](c2c(F)cc(N3CCC4(CCN(C(=O)CN5Cc6cc7c(cc6C5)C(=O)N(C5CCC(=O)NC5=O)C7=O)CC4)CC3)cc2F)N1CC(F)F,11.0,mL.min-1.kg-1,species_only_dog
25484070,CHEMBL5327960,CHEMBL5405569,CL,mL.min-1.kg-1,=,18.0,CHEMBL612558,,"Clearance in beagle dog at 10 mg/kg, po and 1 mg/kg, iv by LC-MS/MS analysis",A,CNc1cc(Nc2cccn(-c3ncccc3F)c2=O)nc2c(C(=O)N[C@@H]3C[C@@H]3F)cnn12,18.0,mL.min-1.kg-1,species_only_dog
25484071,CHEMBL5327960,CHEMBL5422616,CL,mL.min-1.kg-1,=,7.0,CHEMBL612558,,"Clearance in beagle dog at 10 mg/kg, po and 1 mg/kg, iv by LC-MS/MS analysis",A,CNc1cc(Nc2cccn(-c3ccccn3)c2=O)nc2c(C(=O)N[C@H]3CC[C@@H]3OC)cnn12,7.0,mL.min-1.kg-1,species_only_dog
25486661,CHEMBL5328605,CHEMBL5432412,CL,mL.min-1.kg-1,=,15.4,CHEMBL612558,,"Clearance in TOYO Beagle dog at 0.1 mg/kg, iv by LC-MS/MS analysis",A,O=C(O)Cc1cc(Cl)cc(OCCC2(N3CCCC3)CCN(c3nc4ccc(C(F)(F)F)nc4s3)CC2)c1,15.4,mL.min-1.kg-1,species_only_dog
25486860,CHEMBL5328715,CHEMBL5420831,CL,mL.min-1.kg-1,=,15.53,CHEMBL612558,,"Clearance in beagle dog at 1 mg/kg, iv measured by LC-MS/MS analysis",A,CC(C)(c1ccc(OCC2CCN(CC3CCN(c4ccc5c(c4)C(=O)N(C4CCC(=O)NC4=O)C5=O)CC3)CC2)cc1)c1ccc(OC[C@H](O)CCl)cc1,15.53,mL.min-1.kg-1,species_only_dog
25511626,CHEMBL5334835,CHEMBL5404267,CL,mL.min-1.g-1,=,4600.0,CHEMBL612558,,"Clearance in Beagle dog at 1 mg/kg, iv measured upto 24 hrs by LC-MS/MS analysis",A,C[C@H]1CC2(CCN(c3ccc(C(=O)N4CCN(C5CN(c6ccc7c(c6)C(=O)N(C6CCC(=O)NC6=O)C7=O)C5)CC4)cc3)CC2)CN1c1ccc(C#N)c(Cl)c1,4.6,mL.min-1.kg-1,species_only_dog
25512592,CHEMBL5335119,CHEMBL5417514,CL,mL.min-1.kg-1,=,10.0,CHEMBL612558,,"Observed clearance in Beagle dog at 1.1 microM/Kg, iv",A,C=CC(=O)N1CCN2Cc3cc(C#CC)c(-c4c(O)cccc4Cl)c(F)c3OC[C@H]2C1,10.0,mL.min-1.kg-1,species_only_dog
25512904,CHEMBL5335264,CHEMBL5413317,CL,mL.min-1.kg-1,=,86.0,CHEMBL612558,,"Clearance in Beagle dog at 1 mg/kg, po and 0.3 mg/kg, iv measured upto 24 hrs by LC/MS/MS analysis",A,C[C@@H]1COCCN1c1cc(N2CCOC[C@@H]2C)nc2sc(-c3ccccn3)nc12,86.0,mL.min-1.kg-1,species_only_dog
25513930,CHEMBL5335435,CHEMBL5412914,CL,mL.min-1.kg-1,=,0.13,CHEMBL612558,,"Clearance in Beagle dog at 1 mg/kg, po or 0.3 mg/kg, iv measured for 24 hrs by LC-MS/MS analysis",A,CC(C)c1nc(-c2cnc(N)c(OC(F)(F)F)c2)cn1C12CC(N3CCOCC3)(C1)C2,0.13,mL.min-1.kg-1,species_only_dog
25513931,CHEMBL5335435,CHEMBL5436727,CL,mL.min-1.kg-1,=,2.0,CHEMBL612558,,"Clearance in Beagle dog at 1 mg/kg, po or 0.3 mg/kg, iv measured for 24 hrs by LC-MS/MS analysis",A,Nc1ncc(-c2cn(C34CC(N5CCOCC5)(C3)C4)c(C3CC3)n2)cc1OC(F)(F)F,2.0,mL.min-1.kg-1,species_only_dog
25513992,CHEMBL5335482,CHEMBL5408274,CL,mL.min-1.kg-1,=,5.6,CHEMBL612558,,"Plasma clearance in Beagle dog at 1 mg/kg, po or 0.3 mg/kg, iv measured for 24 hrs by LC-MS/MS analysis",A,Nc1ncc(-c2cn(C34CC(F)(C3)C4)c([C@@H](O)C(F)(F)F)n2)cc1OC(F)(F)F,5.6,mL.min-1.kg-1,species_only_dog
25514467,CHEMBL5335621,CHEMBL5421378,CL,mL.min-1.kg-1,=,6.86,CHEMBL612558,,"Clearance in dog at 2 mg/kg, iv measured upto 24 hrs by LC-MS/MS analysis",A,Cc1cn(C2=CCC3C4CC=C5C[C@@H](NC(=O)c6ccc(F)cc6)CC[C@]5(C)C4CC[C@]23C)cn1.Cl,6.86,mL.min-1.kg-1,species_only_dog
25520732,CHEMBL5337231,CHEMBL5427572,CL,mL.min-1.kg-1,=,50.3,CHEMBL612558,,Clearance in Beagle dog at iv administration measured upto 24 hrs by LC-MS/MS analysis,A,CC(C)C[C@H](NC(=O)C(=O)Nc1ccccc1F)C(=O)N[C@@H](C[C@@H]1CCNC1=O)C(=O)COc1c(F)c(F)cc(F)c1F,50.3,mL.min-1.kg-1,species_only_dog
25520733,CHEMBL5337231,CHEMBL5436463,CL,mL.min-1.kg-1,=,53.4,CHEMBL612558,,Clearance in Beagle dog at iv administration measured upto 24 hrs by LC-MS/MS analysis,A,CC(C)C[C@H](NC(=O)C(=O)Nc1ccccc1F)C(=O)N[C@@H](C[C@@H]1CCNC1=O)C(=O)COC(F)(F)F,53.4,mL.min-1.kg-1,species_only_dog
25520734,CHEMBL5337231,CHEMBL5400139,CL,mL.min-1.kg-1,=,28.7,CHEMBL612558,,Clearance in Beagle dog at iv administration measured upto 24 hrs by LC-MS/MS analysis,A,O=C(Nc1ccccc1F)C(=O)N1CC2(CC2)C[C@H]1C(=O)N[C@@H](C[C@@H]1CCNC1=O)C(=O)COC(F)(F)F,28.7,mL.min-1.kg-1,species_only_dog
25520735,CHEMBL5337231,CHEMBL5426046,CL,mL.min-1.kg-1,=,36.9,CHEMBL612558,,Clearance in Beagle dog at iv administration measured upto 24 hrs by LC-MS/MS analysis,A,CC(C)(C)NC(=O)C(=O)N1C[C@H]2[C@@H]([C@H]1C(=O)N[C@@H](C[C@@H]1CCNC1=O)C(=O)COC(F)(F)F)C2(C)C,36.9,mL.min-1.kg-1,species_only_dog
25520736,CHEMBL5337231,CHEMBL5398789,CL,mL.min-1.kg-1,=,38.8,CHEMBL612558,,Clearance in Beagle dog at iv administration measured upto 24 hrs by LC-MS/MS analysis,A,CC(C)(C)NC(=O)C(=O)N1C[C@@H]2CCC[C@@H]2[C@H]1C(=O)N[C@@H](C[C@@H]1CCNC1=O)C(=O)COC(F)(F)F,38.8,mL.min-1.kg-1,species_only_dog
25520737,CHEMBL5337231,CHEMBL5438703,CL,mL.min-1.kg-1,=,36.2,CHEMBL612558,,Clearance in Beagle dog at iv administration measured upto 24 hrs by LC-MS/MS analysis,A,CC(C)CC(=O)C(=O)N1CC2(CC2)C[C@H]1C(=O)N[C@@H](C[C@@H]1CCNC1=O)C(=O)COC(F)(F)F,36.2,mL.min-1.kg-1,species_only_dog
25520738,CHEMBL5337231,CHEMBL5420351,CL,mL.min-1.kg-1,=,40.3,CHEMBL612558,,Clearance in Beagle dog at iv administration measured upto 24 hrs by LC-MS/MS analysis,A,CC1(C)CC(O)(C(=O)N2CC3(CC3)C[C@H]2C(=O)N[C@@H](C[C@@H]2CCNC2=O)C(=O)COC(F)(F)F)C1,40.3,mL.min-1.kg-1,species_only_dog
25520739,CHEMBL5337231,CHEMBL5426319,CL,mL.min-1.kg-1,=,11.7,CHEMBL612558,,Clearance in Beagle dog at iv administration measured upto 24 hrs by LC-MS/MS analysis,A,CC(=O)N1CC2(CC2)C[C@H]1C(=O)N[C@@H](C[C@@H]1CCNC1=O)C(=O)COC(F)(F)F,11.7,mL.min-1.kg-1,species_only_dog
25520740,CHEMBL5337231,CHEMBL5416435,CL,mL.min-1.kg-1,=,51.8,CHEMBL612558,,Clearance in Beagle dog at iv administration measured upto 24 hrs by LC-MS/MS analysis,A,CC(C)C[C@H](NC(=O)C(=O)NCC(F)(F)F)C(=O)N[C@@H](C[C@@H]1CCNC1=O)C(=O)COC(F)(F)F,51.8,mL.min-1.kg-1,species_only_dog
25520741,CHEMBL5337231,CHEMBL5430747,CL,mL.min-1.kg-1,=,56.9,CHEMBL612558,,Clearance in Beagle dog at iv administration measured upto 24 hrs by LC-MS/MS analysis,A,CC(C)C[C@H](NC(=O)C(=O)NC12CC(F)(C1)C2)C(=O)N[C@@H](C[C@@H]1CCNC1=O)C(=O)COC(F)(F)F,56.9,mL.min-1.kg-1,species_only_dog
25520742,CHEMBL5337231,CHEMBL5439634,CL,mL.min-1.kg-1,=,15.0,CHEMBL612558,,Clearance in Beagle dog at iv administration measured upto 24 hrs by LC-MS/MS analysis,A,CC(C)C[C@H](NC(=O)c1cc(C(C)(C)F)on1)C(=O)N[C@@H](C[C@@H]1CCNC1=O)C(=O)COC(F)(F)F,15.0,mL.min-1.kg-1,species_only_dog
25520743,CHEMBL5337231,CHEMBL5411753,CL,mL.min-1.kg-1,=,18.4,CHEMBL612558,,Clearance in Beagle dog at iv administration measured upto 24 hrs by LC-MS/MS analysis,A,CC(C)C[C@H](NC(=O)[C@H]1CCCO1)C(=O)N[C@@H](C[C@@H]1CCNC1=O)C(=O)COC(F)(F)F,18.4,mL.min-1.kg-1,species_only_dog
25520744,CHEMBL5337231,CHEMBL5423024,CL,mL.min-1.kg-1,=,23.3,CHEMBL612558,,Clearance in Beagle dog at iv administration measured upto 24 hrs by LC-MS/MS analysis,A,CC(C)C[C@H](NC(=O)C(=O)Nc1ccccc1F)C(=O)N[C@@H](C[C@@H]1CCNC1=O)C(=O)CO,23.3,mL.min-1.kg-1,species_only_dog
25520745,CHEMBL5337231,CHEMBL5397476,CL,mL.min-1.kg-1,=,23.7,CHEMBL612558,,Clearance in Beagle dog at iv administration measured upto 24 hrs by LC-MS/MS analysis,A,CC(C)C[C@@H](O)C(=O)N1C[C@H](C(F)(F)F)C[C@H]1C(=O)N[C@@H](C[C@@H]1CCNC1=O)C(=O)COC(F)(F)F,23.7,mL.min-1.kg-1,species_only_dog
25520746,CHEMBL5337231,CHEMBL5430978,CL,mL.min-1.kg-1,=,23.0,CHEMBL612558,,Clearance in Beagle dog at iv administration measured upto 24 hrs by LC-MS/MS analysis,A,CC(C)C[C@@H](O)C(=O)N1CC2(CC2)C[C@H]1C(=O)N[C@@H](C[C@@H]1CCNC1=O)C(=O)COC(F)(F)F,23.0,mL.min-1.kg-1,species_only_dog
25520747,CHEMBL5337231,CHEMBL4802135,CL,mL.min-1.kg-1,=,1.92,CHEMBL612558,,Clearance in Beagle dog at iv administration measured upto 24 hrs by LC-MS/MS analysis,A,CC(C)(C)[C@H](NC(=O)C(F)(F)F)C(=O)N1C[C@H]2[C@@H]([C@H]1C(=O)N[C@H](C#N)C[C@@H]1CCNC1=O)C2(C)C,1.92,mL.min-1.kg-1,species_only_dog
25520893,CHEMBL5337291,CHEMBL5430978,CL,mL.min-1.kg-1,=,16.5,CHEMBL612558,,"Clearance in Beagle dog at 2 mg/kg,iv administration measured upto 24 hrs by LC-MS/MS analysis",A,CC(C)C[C@@H](O)C(=O)N1CC2(CC2)C[C@H]1C(=O)N[C@@H](C[C@@H]1CCNC1=O)C(=O)COC(F)(F)F,16.5,mL.min-1.kg-1,species_only_dog
25520894,CHEMBL5337291,CHEMBL4802135,CL,mL.min-1.kg-1,=,1.9,CHEMBL612558,,"Clearance in Beagle dog at 2 mg/kg,iv administration measured upto 24 hrs by LC-MS/MS analysis",A,CC(C)(C)[C@H](NC(=O)C(F)(F)F)C(=O)N1C[C@H]2[C@@H]([C@H]1C(=O)N[C@H](C#N)C[C@@H]1CCNC1=O)C2(C)C,1.9,mL.min-1.kg-1,species_only_dog
25523810,CHEMBL5338180,CHEMBL5424437,CL,mL.min-1.kg-1,=,2.667,CHEMBL612558,,"Plasma clearance in Beagle dog at 5 mg/kg, po measured upto 24 hrs by LC-MS/MS analysis",A,CN(C)S(=O)(=O)NC(=O)c1cc(N2CCC(N3CCOCC3)CC2)c2c(C3CCC3)nn(-c3ccc(F)cc3)c2n1,2.667,mL.min-1.kg-1,species_only_dog
25523811,CHEMBL5338180,CHEMBL5421982,CL,mL.min-1.kg-1,=,3.5,CHEMBL612558,,"Plasma clearance in Beagle dog at 5 mg/kg, po measured upto 24 hrs by LC-MS/MS analysis",A,COC1CCN(c2cc(C(=O)NS(=O)(=O)N(C)C)nc3c2c(C2CCC2)nn3-c2ccc(F)cc2)CC1,3.5,mL.min-1.kg-1,species_only_dog
25523814,CHEMBL5338182,CHEMBL5424437,CL,mL.min-1.kg-1,=,201.67,CHEMBL612558,,"Unbound clearance in Beagle dog at 5 mg/kg, po measured upto 24 hrs by LC-MS/MS analysis",A,CN(C)S(=O)(=O)NC(=O)c1cc(N2CCC(N3CCOCC3)CC2)c2c(C3CCC3)nn(-c3ccc(F)cc3)c2n1,201.67,mL.min-1.kg-1,species_only_dog
25523815,CHEMBL5338182,CHEMBL5421982,CL,mL.min-1.kg-1,=,178.33,CHEMBL612558,,"Unbound clearance in Beagle dog at 5 mg/kg, po measured upto 24 hrs by LC-MS/MS analysis",A,COC1CCN(c2cc(C(=O)NS(=O)(=O)N(C)C)nc3c2c(C2CCC2)nn3-c2ccc(F)cc2)CC1,178.33,mL.min-1.kg-1,species_only_dog
25524185,CHEMBL5338318,CHEMBL5393771,CL,mL.min-1.kg-1,=,12.78,CHEMBL612558,,"Blood clearance in Beagle dog at 5 mg/kg, po or 1 mg/kg, iv by LC-MS/MS analysis",A,COc1cc(-c2cnc3cc(OCCN4CCOCC4)ccn23)cc2c1C(=O)N(CC(F)(F)F)CC2,12.78,mL.min-1.kg-1,species_only_dog
25524186,CHEMBL5338319,CHEMBL5393771,CL,mL.min-1.kg-1,=,26.17,CHEMBL612558,,"Unbound plasma clearance in Beagle dog at 5 mg/kg, po or 1 mg/kg, iv by LC-MS/MS analysis",A,COc1cc(-c2cnc3cc(OCCN4CCOCC4)ccn23)cc2c1C(=O)N(CC(F)(F)F)CC2,26.17,mL.min-1.kg-1,species_only_dog
25525374,CHEMBL5338640,CHEMBL4283853,CL,mL.min-1.kg-1,=,11.17,CHEMBL612558,,In vivo clearance in dog,A,COCCCOc1cc2c(cc1OC)-c1cc(=O)c(C(=O)O)cn1[C@H](C(C)C)C2,11.17,mL.min-1.kg-1,species_only_dog
25525375,CHEMBL5338640,CHEMBL5401098,CL,mL.min-1.kg-1,=,6.0,CHEMBL612558,,In vivo clearance in dog,A,COCCCOc1cc2c(cc1Cl)-c1cc(=O)c(C(=O)O)cn1[C@H](C(C)(C)C)C2,6.0,mL.min-1.kg-1,species_only_dog
25525376,CHEMBL5338640,CHEMBL5403285,CL,mL.min-1.kg-1,=,2.167,CHEMBL612558,,In vivo clearance in dog,A,COCCCOc1cc2c(cc1Cl)-c1cc(=O)c(C(=O)O)cn1N(C(C)(C)C)C2,2.167,mL.min-1.kg-1,species_only_dog
25525439,CHEMBL5338688,CHEMBL5439804,CL,mL.min-1.kg-1,=,4.0,CHEMBL612558,,"Clearance in Beagle dog at 0.5 mg/kg, iv",A,COCCCOc1cc2c(cc1COC)-c1cc(=O)c(C(=O)O)cn1N1[C@@H]2CCC1(C)C,4.0,mL.min-1.kg-1,species_only_dog
25549133,CHEMBL5345775,CHEMBL5417444,CL,mL.min-1.kg-1,=,5.533,CHEMBL612558,,"Clearance in Beagle dog at 1 mg/kg, iv administered via infusion by LC-MS/MS analysis",A,COc1cc(-n2cnc3cc(-c4cnn(C)c4)ccc32)cc(OC(F)F)c1C(=O)NC1CC1,5.533,mL.min-1.kg-1,species_only_dog
25549134,CHEMBL5345776,CHEMBL5417444,CL,mL.min-1.kg-1,=,27.83,CHEMBL612558,,"Unbound clearance in Beagle dog at 1 mg/kg, iv administered via infusion by LC-MS/MS analysis",A,COc1cc(-n2cnc3cc(-c4cnn(C)c4)ccc32)cc(OC(F)F)c1C(=O)NC1CC1,27.83,mL.min-1.kg-1,species_only_dog
25551161,CHEMBL5346045,CHEMBL5435454,CL,mL.min-1.kg-1,=,18.4,CHEMBL612558,,"Observed clearance in dog at 1 mg/kg,iv",A,NC(=O)c1ncc(N2CCCCC2)nc1Nc1ccc(C2CCN(C[C@H]3CCN(c4ccc5c(c4)C(=O)N(C4CCC(=O)NC4=O)C5=O)C3)CC2)cc1,18.4,mL.min-1.kg-1,species_only_dog
25555106,CHEMBL5346826,CHEMBL5414447,CL,mL.min-1.kg-1,=,14.17,CHEMBL612558,,"Clearance in dog at 5 mg/kg, iv",A,CCOc1ccccc1-c1ccc(N2CCN(C(=O)C3(C(F)(F)F)CCC3)C[C@H]2CC)c(C(=O)N[C@@H]2CN3CCC2CC3)n1,14.17,mL.min-1.kg-1,species_only_dog
25569217,CHEMBL5350782,CHEMBL5425846,CL,mL.min-1.kg-1,=,3.63,CHEMBL612558,,"Clearance in Beagle dog at 1 mg/kg, iv measured after 5 mins by LC-MS/MS analysis",A,COc1cc(C(=O)O)cc2sc(N3CCN(Cc4c(-c5c(Cl)cccc5Cl)noc4C4CC4)C[C@H]3C)nc12,3.63,mL.min-1.kg-1,species_only_dog
25570740,CHEMBL5351308,CHEMBL5423499,CL,mL.min-1.kg-1,=,2.0,CHEMBL612558,,"Plasma clearance in Beagle dog at 1 mg/kg, iv measured upto 24 hrs by LC/MS-MS analysis",A,Cc1ccc([C@@H]2C[C@H](CN[C@H](C)c3cccc4ccccc34)Oc3ccccc32)cc1C(=O)O.Cl,2.0,mL.min-1.kg-1,species_only_dog
25595057,CHEMBL5356549,CHEMBL5440545,CL,mL.min-1.kg-1,=,21.0,CHEMBL612558,,"Total blood clearance in Beagle dog at 0.5 mg/kg, iv administered twice a day as iv bolus dose by LC-MS/MS analysis",A,CCN1CCN(Cc2ccc3cc(C(=O)Nc4cc(NC(=O)c5ccc6c(c5)OCCO6)ccc4F)ccc3n2)CC1,21.0,mL.min-1.kg-1,species_only_dog
25595077,CHEMBL5356565,CHEMBL5440545,CL,mL.min-1.kg-1,=,150.0,CHEMBL612558,,"Unbound clearance in Beagle dog at 0.5 mg/kg, iv administered twice a day as iv bolus dose by LC-MS/MS analysis",A,CCN1CCN(Cc2ccc3cc(C(=O)Nc4cc(NC(=O)c5ccc6c(c5)OCCO6)ccc4F)ccc3n2)CC1,150.0,mL.min-1.kg-1,species_only_dog
25603274,CHEMBL5359004,CHEMBL5428833,CL,mL.min-1.kg-1,=,0.08369,CHEMBL612558,,Stability in dog assessed as intrinsic clearance,A,CC(C)n1nnnc1[C@@H](c1ccccc1F)N1CCN(c2cccc(Cl)c2)CC1,0.08369,mL.min-1.kg-1,species_only_dog
25603275,CHEMBL5359004,CHEMBL5395068,CL,mL.min-1.kg-1,=,0.1031,CHEMBL612558,,Stability in dog assessed as intrinsic clearance,A,CC(C)n1nnnc1[C@H](c1ccccc1F)N1CCN(c2cccc(Cl)c2)CC1,0.1031,mL.min-1.kg-1,species_only_dog
25604472,CHEMBL5359295,CHEMBL5411678,CL,mL.min-1.kg-1,=,2.5,CHEMBL612558,,"Clearance in Beagle dog at 1 mg/kg, po in 30% captisol formulation or 0.5 mg/kg, iv measured after 24 hrs",A,Cc1nnc(-c2ccc(-c3cc(F)cc4c3C(=O)N([C@H](C3CC3)C(C)(C)O)C4)cc2)o1,2.5,mL.min-1.kg-1,species_only_dog
25604473,CHEMBL5359295,CHEMBL5415209,CL,mL.min-1.kg-1,=,2.0,CHEMBL612558,,"Clearance in Beagle dog at 1 mg/kg, po in 30% captisol formulation or 0.5 mg/kg, iv measured after 24 hrs",A,Cc1nnc(-c2ccc(-c3c(F)c(F)cc4c3C(=O)N([C@H](C3CC3)C(C)(C)O)C4)cc2)o1,2.0,mL.min-1.kg-1,species_only_dog
25604474,CHEMBL5359295,CHEMBL5409280,CL,mL.min-1.kg-1,=,2.2,CHEMBL612558,,"Clearance in Beagle dog at 1 mg/kg, po in 30% captisol formulation or 0.5 mg/kg, iv measured after 24 hrs",A,Cc1nnc(-c2ccc(-c3cc(F)c(F)c4c3C(=O)N([C@H](C3CC3)C(C)(C)O)C4)cc2)o1,2.2,mL.min-1.kg-1,species_only_dog
25604475,CHEMBL5359295,CHEMBL5433486,CL,mL.min-1.kg-1,=,2.7,CHEMBL612558,,"Clearance in Beagle dog at 1 mg/kg, po in 30% captisol formulation or 0.5 mg/kg, iv measured after 24 hrs",A,Cc1nnc(-c2ccc(-c3c(F)c(F)cc4c3C(=O)N([C@@H](C(C)(C)O)C(F)(F)F)C4)cc2)o1,2.7,mL.min-1.kg-1,species_only_dog
25604477,CHEMBL5359297,CHEMBL5400263,CL,mL.min-1.kg-1,=,13.0,CHEMBL612558,,"Intrinsic clearance in Beagle dog at 1 mg/kg, po in 10% tween 80 formulation or 0.5 mg/kg, iv measured after 24 hrs",A,Cc1nnc(-c2ccc(-c3cccc4c3C(=O)N([C@H](C3CC3)C(C)(C)O)C4)cc2)o1,13.0,mL.min-1.kg-1,species_only_dog
25604489,CHEMBL5359301,CHEMBL5411678,CL,mL.min-1.kg-1,=,21.0,CHEMBL612558,,"Intrinsic clearance in Beagle dog at 1 mg/kg, po in 30% captisol formulation or 0.5 mg/kg, iv measured after 24 hrs",A,Cc1nnc(-c2ccc(-c3cc(F)cc4c3C(=O)N([C@H](C3CC3)C(C)(C)O)C4)cc2)o1,21.0,mL.min-1.kg-1,species_only_dog
25604490,CHEMBL5359301,CHEMBL5415209,CL,mL.min-1.kg-1,=,11.0,CHEMBL612558,,"Intrinsic clearance in Beagle dog at 1 mg/kg, po in 30% captisol formulation or 0.5 mg/kg, iv measured after 24 hrs",A,Cc1nnc(-c2ccc(-c3c(F)c(F)cc4c3C(=O)N([C@H](C3CC3)C(C)(C)O)C4)cc2)o1,11.0,mL.min-1.kg-1,species_only_dog
25604491,CHEMBL5359301,CHEMBL5409280,CL,mL.min-1.kg-1,=,17.0,CHEMBL612558,,"Intrinsic clearance in Beagle dog at 1 mg/kg, po in 30% captisol formulation or 0.5 mg/kg, iv measured after 24 hrs",A,Cc1nnc(-c2ccc(-c3cc(F)c(F)c4c3C(=O)N([C@H](C3CC3)C(C)(C)O)C4)cc2)o1,17.0,mL.min-1.kg-1,species_only_dog
25604492,CHEMBL5359301,CHEMBL5433486,CL,mL.min-1.kg-1,=,23.0,CHEMBL612558,,"Intrinsic clearance in Beagle dog at 1 mg/kg, po in 30% captisol formulation or 0.5 mg/kg, iv measured after 24 hrs",A,Cc1nnc(-c2ccc(-c3c(F)c(F)cc4c3C(=O)N([C@@H](C(C)(C)O)C(F)(F)F)C4)cc2)o1,23.0,mL.min-1.kg-1,species_only_dog
25604494,CHEMBL5359303,CHEMBL5400263,CL,mL.min-1.kg-1,=,2.6,CHEMBL612558,,"Clearance in Beagle dog at 1 mg/kg, po in 10% tween 80 formulation or 0.5 mg/kg, iv measured after 24 hrs",A,Cc1nnc(-c2ccc(-c3cccc4c3C(=O)N([C@H](C3CC3)C(C)(C)O)C4)cc2)o1,2.6,mL.min-1.kg-1,species_only_dog
25629068,CHEMBL5365218,CHEMBL4111091,CL,mL.min-1.kg-1,=,24.0,CHEMBL612558,,"Clearance in dog at 0.25 mg/kg, iv",A,C[C@@H]1CN(Cc2ccc3c(-c4cnn(C)c4)cc(C(N)=O)nc3c2)C[C@H](C(F)(F)F)O1,24.0,mL.min-1.kg-1,species_only_dog
25630598,CHEMBL5365667,CHEMBL5427639,CL,mL.min-1.kg-1,=,9.0,CHEMBL612558,,"Clearance in Beagle Dog at 1 umol/kg, iv",A,Cc1nn2cc1CN(C)CCOCCNC(=O)c1nn(CCO)c3ccc(cc13)Nc1nccc-2n1,9.0,mL.min-1.kg-1,species_only_dog
25635083,CHEMBL5366747,CHEMBL5184427,CL,mL.min-1.kg-1,=,1.25,CHEMBL612558,,"Clearance in dog at 2 mg/kg,iv",A,Cn1cnc(COC(=O)N[C@H]2CCc3c(C(=O)Nc4ccc(F)c(Cl)c4)ccc(F)c32)n1,1.25,mL.min-1.kg-1,species_only_dog
25636236,CHEMBL5366978,CHEMBL376359,CL,mL.min-1.kg-1,=,23.0,CHEMBL612558,,"Clearance in dog at 3 mg/kg, po measured after 24 hrs by LC/MS/MS analysis",A,Cn1c(=O)cc(N2CCC[C@@H](N)C2)n(Cc2ccccc2C#N)c1=O,23.0,mL.min-1.kg-1,species_only_dog
25638031,CHEMBL5367481,CHEMBL5428779,CL,mL.min-1.kg-1,=,2.167,CHEMBL612558,,"Clearance in Beagle dog at 0.3 mg/kg,iv measured upto 24 hrs by LC-MS/MS analysis",A,CC[C@@H](C(=O)Nc1ccc(C(=O)O)cc1)n1cc(OC)c(-c2cc(Cl)ccc2C#N)cc1=O,2.167,mL.min-1.kg-1,species_only_dog
25638032,CHEMBL5367481,CHEMBL5440284,CL,mL.min-1.kg-1,=,8.0,CHEMBL612558,,"Clearance in Beagle dog at 0.3 mg/kg,iv measured upto 24 hrs by LC-MS/MS analysis",A,COc1cn([C@@H](C[C@@H]2CCCCO2)C(=O)Nc2ccc(C(=O)O)cc2)c(=O)cc1-c1cc(Cl)ccc1C#N,8.0,mL.min-1.kg-1,species_only_dog
25638033,CHEMBL5367481,CHEMBL5427131,CL,mL.min-1.kg-1,=,3.167,CHEMBL612558,,"Clearance in Beagle dog at 0.3 mg/kg,iv measured upto 24 hrs by LC-MS/MS analysis",A,CC[C@@H](C(=O)Nc1ccc(C(N)=O)c(F)c1)n1cc(OC)c(-c2cc(Cl)ccc2-n2cc(C(F)(F)F)nn2)cc1=O,3.167,mL.min-1.kg-1,species_only_dog
25639439,CHEMBL5368024,CHEMBL4861594,CL,mL.min-1.kg-1,=,3.167,CHEMBL612558,,"Clearance in Beagle dog at 1 mg/kg, iv measured upto 24 hrs by LC-MS/MS analysis",A,C[C@H]1CC2(CCN(c3ccc(C(=O)N4CCC(CN5Cc6cc7c(cc6C5)C(=O)N(C5CCC(=O)NC5=O)C7=O)CC4)cc3)CC2)CN1c1ccc(C#N)c(Cl)c1,3.167,mL.min-1.kg-1,species_only_dog
25640216,CHEMBL5368259,CHEMBL5403262,CL,mL.min-1.kg-1,=,6.4,CHEMBL612558,,"Clearance in Beagle dog at 3 mg/kg, iv and measured upto 24 hrs",A,COCCOc1ncc(NC(=O)c2cc(C(F)(F)F)nc(-n3ccnc3)n2)cn1,6.4,mL.min-1.kg-1,species_only_dog
25643132,CHEMBL5368865,CHEMBL5418882,CL,mL.min-1.kg-1,=,2.37,CHEMBL612558,,"Clearance in Beagle dog at 3 mg/kg,po measured after 24 hrs by LC-MS/MS analysis",A,O=C1N[C@@](c2ccc(OCCCC(F)(F)F)cc2F)(C(F)(F)F)CC(c2ccn(CC3CC3)n2)=C1n1nn[nH]c1=O,2.37,mL.min-1.kg-1,species_only_dog
25648318,CHEMBL5370064,CHEMBL5408214,CL,mL.min-1.kg-1,=,3.06,CHEMBL612558,,"Clearance in Beagle dog at 1 mg/kg, iv administered as single dose measured upto 24 hrs by LC-MS/MS analysis",A,C[C@H]1CCN1c1nc(N2CC[C@H](CCC(=O)O)C2)c2c(n1)C(F)(F)CC2,3.06,mL.min-1.kg-1,species_only_dog
25648636,CHEMBL5370182,CHEMBL5412197,CL,mL.min-1.kg-1,=,7.9,CHEMBL612558,,"Total clearance in Beagle dog at 3 mg/kg, po or 1 mg/kg, iv",A,Cl.N[C@@H]1c2ccccc2OC12CCN(c1cnc3c(N4CCCc5ncccc54)n[nH]c3n1)CC2,7.9,mL.min-1.kg-1,species_only_dog
25648637,CHEMBL5370183,CHEMBL5412197,CL,mL.min-1.kg-1,=,300.0,CHEMBL612558,,"Unbound clearance in Beagle dog at 3 mg/kg, po or 1 mg/kg, iv",A,Cl.N[C@@H]1c2ccccc2OC12CCN(c1cnc3c(N4CCCc5ncccc54)n[nH]c3n1)CC2,300.0,mL.min-1.kg-1,species_only_dog
25661455,CHEMBL5373732,CHEMBL5418961,CL,mL.min-1.kg-1,=,7.667,CHEMBL612558,,"Unbound clearance in dog blood at 1 mg/kg, iv",A,COCc1cc(-c2cn(C3COC3)c3cnc(NC(C)=O)cc23)nc([C@]2(OC)CCOC2)c1,7.667,mL.min-1.kg-1,species_only_dog
25661459,CHEMBL5373736,CHEMBL5403113,CL,mL.min-1.kg-1,=,41.67,CHEMBL612558,,"Unbound clearance in dog blood at 0.5 mg/kg, iv",A,CO[C@@]1(c2cc(O[C@@H](C)CCO)cc(-c3cn(C)c4cnc(NC(C)=O)cc34)n2)CCOC1,41.67,mL.min-1.kg-1,species_only_dog
25662612,CHEMBL5373998,CHEMBL4875314,CL,mL.min-1.kg-1,=,22.0,CHEMBL612558,,"Clearance in Beagle dog plasma at 1 mg/kg,iv",A,CCOc1cccnc1Oc1cncc(-c2ncc(C(=O)N[C@@H]3CNC[C@@H](F)C3)cn2)c1,22.0,mL.min-1.kg-1,species_only_dog
25662618,CHEMBL5374003,CHEMBL4875314,CL,mL.min-1.kg-1,=,5.5,CHEMBL612558,,"Renal clearance in Beagle dog plasma at 1 mg/kg,iv",A,CCOc1cccnc1Oc1cncc(-c2ncc(C(=O)N[C@@H]3CNC[C@@H](F)C3)cn2)c1,5.5,mL.min-1.kg-1,species_only_dog
25664082,CHEMBL5374383,CHEMBL5396961,CL,mL.min-1.kg-1,=,9.0,CHEMBL612558,,"Total clearance in Beagle dog at 0.25 mg/kg, iv measured after 24 hrs by LC-MS/MS analysis",A,C[C@@]1(N2CCC(c3cc4cc(NC(=O)C5CC56CC6)ncc4cc3Cl)CC2)COC[C@@H]1O,9.0,mL.min-1.kg-1,species_only_dog
25664083,CHEMBL5374384,CHEMBL5396961,CL,mL.min-1.kg-1,=,341.0,CHEMBL612558,,"Intrinsic clearance in Beagle dog at 0.25 mg/kg, iv measured after 24 hrs by LC-MS/MS analysis",A,C[C@@]1(N2CCC(c3cc4cc(NC(=O)C5CC56CC6)ncc4cc3Cl)CC2)COC[C@@H]1O,341.0,mL.min-1.kg-1,species_only_dog
25664094,CHEMBL5374393,CHEMBL5405380,CL,mL.min-1.kg-1,=,10.0,CHEMBL612558,,"Total clearance in Beagle dog at 0.05 mg/kg, iv administered as cassette dose by LC-MS/MS analysis",A,Cc1cc2cnc(NC(=O)C3CC34CC4)cc2cc1C1CCN([C@]2(C)COC[C@@H]2O)CC1,10.0,mL.min-1.kg-1,species_only_dog
25664095,CHEMBL5374393,CHEMBL5396547,CL,mL.min-1.kg-1,=,18.0,CHEMBL612558,,"Total clearance in Beagle dog at 0.05 mg/kg, iv administered as cassette dose by LC-MS/MS analysis",A,C[C@@]1(N2CCC(c3cc4cc(NC(=O)[C@H]5CC56CCOCC6)ncc4cc3Cl)CC2)COC[C@@H]1O,18.0,mL.min-1.kg-1,species_only_dog
25664096,CHEMBL5374394,CHEMBL5405380,CL,mL.min-1.kg-1,=,76.0,CHEMBL612558,,"Intrinsic clearance in Beagle dog at 0.05 mg/kg, iv administered as cassette dose by LC-MS/MS analysis",A,Cc1cc2cnc(NC(=O)C3CC34CC4)cc2cc1C1CCN([C@]2(C)COC[C@@H]2O)CC1,76.0,mL.min-1.kg-1,species_only_dog
25664097,CHEMBL5374394,CHEMBL5396547,CL,mL.min-1.kg-1,=,422.0,CHEMBL612558,,"Intrinsic clearance in Beagle dog at 0.05 mg/kg, iv administered as cassette dose by LC-MS/MS analysis",A,C[C@@]1(N2CCC(c3cc4cc(NC(=O)[C@H]5CC56CCOCC6)ncc4cc3Cl)CC2)COC[C@@H]1O,422.0,mL.min-1.kg-1,species_only_dog
25664109,CHEMBL5374402,CHEMBL5408287,CL,mL.min-1.kg-1,=,11.0,CHEMBL612558,,"Total clearance in Beagle dog at 0.5 mg/kg, iv measured after 24 hrs by LC-MS/MS analysis",A,C[C@@]1(N2CCN(c3cc4cc(NC(=O)[C@H]5CC56CCOCC6)ncc4cc3Cl)CC2)COC[C@@H]1O,11.0,mL.min-1.kg-1,species_only_dog
25664110,CHEMBL5374403,CHEMBL5408287,CL,mL.min-1.kg-1,=,149.0,CHEMBL612558,,"Intrinsic clearance in Beagle dog at 0.5 mg/kg, iv measured after 24 hrs by LC-MS/MS analysis",A,C[C@@]1(N2CCN(c3cc4cc(NC(=O)[C@H]5CC56CCOCC6)ncc4cc3Cl)CC2)COC[C@@H]1O,149.0,mL.min-1.kg-1,species_only_dog
25671010,CHEMBL5376281,CHEMBL5199065,CL,mL.min-1.kg-1,=,13.4,CHEMBL612558,,"Intrinsic clearance in dog at 0.5 mg/kg, iv",A,CCC(CC)c1cc(N[C@H]2CC[C@H](N)C2)n2nccc2n1,13.4,mL.min-1.kg-1,species_only_dog
25672080,CHEMBL5376771,CHEMBL5426178,CL,mL.min-1.kg-1,=,0.64,CHEMBL612558,,"Clearance in dog at 1 mg/kg,iv administration measured after 24 hrs by LC-MS/MS analysis",A,CCS(=O)(=O)c1ccc(CC(=O)Nc2cc(Cl)c(-c3ccc(OC(C)C)c(C#N)c3)c(Cl)c2)cc1,0.64,mL.min-1.kg-1,species_only_dog
25673696,CHEMBL5377180,CHEMBL5410394,CL,mL.min-1.kg-1,=,37.0,CHEMBL612558,,"Clearance in dog at 1 mg/kg, iv",A,OC[C@H]1CCN1c1nc(-c2cnn(C3CNC3)c2)cc(C(F)(F)F)n1,37.0,mL.min-1.kg-1,species_only_dog
25673697,CHEMBL5377180,CHEMBL5395414,CL,mL.min-1.kg-1,=,23.0,CHEMBL612558,,"Clearance in dog at 1 mg/kg, iv",A,OC[C@H]1CCN1c1nc(-c2cnn(C3CCNCC3)c2)cc(C(F)(F)F)n1,23.0,mL.min-1.kg-1,species_only_dog
25673698,CHEMBL5377180,CHEMBL5399255,CL,mL.min-1.kg-1,=,5.0,CHEMBL612558,,"Clearance in dog at 1 mg/kg, iv",A,C[C@H]1CCN1c1nc(-c2cnn(CC(=O)NCCO)c2)cc(C(F)(F)F)c1C#N,5.0,mL.min-1.kg-1,species_only_dog
25673699,CHEMBL5377180,CHEMBL5430716,CL,mL.min-1.kg-1,=,16.0,CHEMBL612558,,"Clearance in dog at 1 mg/kg, iv",A,C[C@H]1CCN1c1nc(-c2cnn(CC(=O)N3C[C@H](O)[C@@H](O)C3)c2)cc(C(F)(F)F)c1C#N,16.0,mL.min-1.kg-1,species_only_dog
25673700,CHEMBL5377180,CHEMBL5441069,CL,mL.min-1.kg-1,=,3.0,CHEMBL612558,,"Clearance in dog at 1 mg/kg, iv",A,C[C@H]1CCN1c1nc(-c2cnn(CC(=O)N3CCNCC3)c2)cc(C(F)(F)F)n1,3.0,mL.min-1.kg-1,species_only_dog
25673854,CHEMBL5377246,CHEMBL5426746,CL,mL.min-1.kg-1,=,2.5,CHEMBL612558,,"Clearance in Beagle dog at 3 mg/kg, po or 1 mg/kg, iv measured upto 72 hrs",A,CCOc1ccc2c(-c3ccc(C(=O)O)c(C4CCCC4)c3)ncnc2c1,2.5,mL.min-1.kg-1,species_only_dog
25673855,CHEMBL5377246,CHEMBL5431962,CL,mL.min-1.kg-1,=,1.3,CHEMBL612558,,"Clearance in Beagle dog at 3 mg/kg, po or 1 mg/kg, iv measured upto 72 hrs",A,CCOc1cc(F)c2c(-c3ccc(C(=O)O)c(C(C)C)c3)ncnc2c1,1.3,mL.min-1.kg-1,species_only_dog
25674270,CHEMBL5377390,CHEMBL5435568,CL,mL.min-1.kg-1,=,2.2,CHEMBL612558,,"Clearance in dog at 1 mg/kg, iv measured upto 24 hrs by LC-MS/MS analysis",A,N[C@H](CO)Cn1ccc(-c2ccc(Oc3ncc(-c4cc[nH]n4)cc3F)cc2)n1,2.2,mL.min-1.kg-1,species_only_dog
25688247,CHEMBL5381600,CHEMBL5426983,CL,mL.min-1.kg-1,=,4.0,CHEMBL612558,,"Clearance in dog at 5 mg/kg, po",A,Cc1c(OCCNCCCF)ncc(F)c1[C@@H]1c2[nH]c3ccccc3c2C[C@@H](C)N1C[C@@H](C)C(=O)O,4.0,mL.min-1.kg-1,species_only_dog
25688770,CHEMBL5381769,CHEMBL5314917,CL,mL.min-1.kg-1,=,36.67,CHEMBL612558,,"Plasma clearance in Beagle dog at 0.2 mg/kg, iv and measured upto 24 hrs",A,Cn1cc(-c2ccc(CNc3cc(-c4cnc5cc(OCCCN6CCCC6)ccn45)ncn3)cc2)cn1,36.67,mL.min-1.kg-1,species_only_dog
25694390,CHEMBL5383353,CHEMBL5410211,CL,mL.min-1.kg-1,=,26.67,CHEMBL612558,,"Clearance in dog plasma 0.3 mg/kg, iv measured 0.033 to 24 hrs by LC-MS/MS analysis",A,CNc1cc[n+](CCNC(=O)c2ccn3c(-c4c(C)noc4C)cnc3c2)cc1.[Cl-],26.67,mL.min-1.kg-1,species_only_dog
25697857,CHEMBL5384150,CHEMBL5407071,CL,mL.min-1.kg-1,=,14.2,CHEMBL612558,,"Clearance in Beagle dog at 3 mg/kg, iv",A,Cc1cc(S(=O)(=O)N[C@H](C)C2CCN(C)CC2)ccc1NC(=O)c1ccccc1C,14.2,mL.min-1.kg-1,species_only_dog
25700299,CHEMBL5384786,CHEMBL5396725,CL,mL.min-1.kg-1,=,2.2,CHEMBL612558,,"Clearance in Beagle dog at 1 mg/kg, po or 0.5 mg/kg, iv administered as single dose and measured for 24 hrs by LC-MS/MS analysis",A,Cc1n[nH]c2ccc(-c3nnc(C)n3Cc3ccc(C(F)(F)F)cc3)cc12,2.2,mL.min-1.kg-1,species_only_dog
25702425,CHEMBL5385344,CHEMBL5405484,CL,mL.min-1.kg-1,=,7.1,CHEMBL612558,,Plasma clearance in iv dosed non-naive Beagle dog,A,CN1C(=O)[C@](O)(C#Cc2cccc(-n3nc(C(N)=O)c4cccnc43)c2)[C@H]2C[C@H]21,7.1,mL.min-1.kg-1,species_only_dog
25702426,CHEMBL5385344,CHEMBL4209095,CL,mL.min-1.kg-1,=,29.0,CHEMBL612558,,Plasma clearance in iv dosed non-naive Beagle dog,A,CN1CC[C@@](O)(C#Cc2cccc(-n3nc(C(N)=O)c4cccnc43)c2)C1=O,29.0,mL.min-1.kg-1,species_only_dog
25702433,CHEMBL5385348,CHEMBL5405484,CL,mL.min-1.kg-1,=,68.0,CHEMBL612558,,Unbound plasma clearance in iv dosed non-naive Beagle dog,A,CN1C(=O)[C@](O)(C#Cc2cccc(-n3nc(C(N)=O)c4cccnc43)c2)[C@H]2C[C@H]21,68.0,mL.min-1.kg-1,species_only_dog
25702434,CHEMBL5385348,CHEMBL4209095,CL,mL.min-1.kg-1,=,181.0,CHEMBL612558,,Unbound plasma clearance in iv dosed non-naive Beagle dog,A,CN1CC[C@@](O)(C#Cc2cccc(-n3nc(C(N)=O)c4cccnc43)c2)C1=O,181.0,mL.min-1.kg-1,species_only_dog
25713071,CHEMBL5388687,CHEMBL4782801,CL,mL.min-1.kg-1,=,13.5,CHEMBL612558,,"Clearance in Beagle dog at 0.5 mg/kg, iv measured for 48 hrs by LC-MS/MS analysis",A,CC(C)(O)CCn1cc2cc(NC(=O)c3cccc(C(F)(F)F)n3)c(C(C)(C)O)cc2n1,13.5,mL.min-1.kg-1,species_only_dog
25713072,CHEMBL5388687,CHEMBL5429345,CL,mL.min-1.kg-1,=,1.467,CHEMBL612558,,"Clearance in Beagle dog at 0.5 mg/kg, iv measured for 48 hrs by LC-MS/MS analysis",A,CC(C)(O)c1cc2nn(CCS(C)(=O)=O)cc2cc1NC(=O)c1cccc(C(F)(F)F)n1,1.467,mL.min-1.kg-1,species_only_dog
25715628,CHEMBL5389562,CHEMBL5402470,CL,mL.min-1.kg-1,=,64.0,CHEMBL612558,,"Clearance in Beagle dog at 2 mg/kg, iv measured upto 24 hrs",A,Cc1cc([C@@H](C)Nc2ccccc2C(=O)O)c2nc(N3CCC(F)(F)CC3)c(C#N)c(=O)n2c1,64.0,mL.min-1.kg-1,species_only_dog
25838168,CHEMBL5503010,CHEMBL5558638,CL,mL.min-1.kg-1,=,79.0,CHEMBL612558,,Clearance in dog,A,C=CC(=O)N1CCC[C@@H](Oc2nc(-c3cnn(C)c3)cn3nccc23)CC1,79.0,mL.min-1.kg-1,species_only_dog
25838169,CHEMBL5503010,CHEMBL5532458,CL,mL.min-1.kg-1,=,74.2,CHEMBL612558,,Clearance in dog,A,C=CC(=O)N(C)[C@H]1C[C@@](C)(Oc2nc(-c3cnn(C)c3)cn3nccc23)C1,74.2,mL.min-1.kg-1,species_only_dog
25842297,CHEMBL5503989,CHEMBL5532029,CL,mL.min-1.kg-1,=,52.5,CHEMBL612558,,Clearance in dog by measuring (2S)-2-hydroxy-2-[3-[3-[[4-[[[(2R)-2-hydroxy-2-(8-hydroxy-2-oxo-1H-quinolin-5-yl)ethyl]amino]methyl]benzoyl]amino]propoxy]phenyl]-2-phenyl-acetic acid metabolite administered intravenously,A,CN1CCC[C@@H](OC(=O)[C@](O)(c2ccccc2)c2cccc(OCCCNC(=O)c3ccc(CNC[C@H](O)c4ccc(O)c5[nH]c(=O)ccc45)cc3)c2)C1,52.5,mL.min-1.kg-1,species_only_dog
25847358,CHEMBL5505524,CHEMBL4126156,CL,mL.min-1.kg-1,=,3.3,CHEMBL612558,,"Clearance in Beagle Dog at 1 micromol/kg, iv",A,CC(=O)Nc1nc(C)c(-c2cc3c(c(S(C)(=O)=O)c2)C(=O)N([C@@H](C)C2CC2)C3)s1,3.3,mL.min-1.kg-1,species_only_dog
25851030,CHEMBL5507135,CHEMBL5095260,CL,mL.min-1.kg-1,=,10.1,CHEMBL612558,,"Clearance in Beagle dog at 0.5 mg/kg, iv formulated as a solution in 10% PG:18% PEG400 in water or 5% NMP:95% (10% VitE TPGS in water) measured for 24 hrs by reverse phase liquid chromatography coupled to mass spectrometry",A,C[C@@H]1COCCN1c1cc([C@]2(O)C[C@H]3CC[C@@H](C2)O3)c2cnn(-c3cc[nH]n3)c2n1,10.1,mL.min-1.kg-1,species_only_dog
25860762,CHEMBL5510155,CHEMBL5561973,CL,mL.min-1.kg-1,=,12.0,CHEMBL612558,,"Clearance in dog at 1 mg/kg, iv measured upto 24 hrs by LC-MS/MS anlaysis",A,FC(F)c1c(Br)c(Br)cc2c1nc(N1CCNCC1)n2C1CCOCC1,12.0,mL.min-1.kg-1,species_only_dog
25860763,CHEMBL5510155,CHEMBL4225966,CL,mL.min-1.kg-1,=,30.0,CHEMBL612558,,"Clearance in dog at 1 mg/kg, iv measured upto 24 hrs by LC-MS/MS anlaysis",A,Cc1c(Br)c(Br)c2c3c1nc(N1CCNCC1)n3CCC2,30.0,mL.min-1.kg-1,species_only_dog
25861251,CHEMBL5510233,CHEMBL5314951,CL,mL.min-1.kg-1,=,0.00296,CHEMBL612558,,"Clearance in dog at 1 mg/kg, iv by LC-MS/MS method",A,CC(C)c1ccccc1[C@@H]1CCCN1C1CC2(CCN(c3ccc(C(=O)NS(=O)(=O)c4ccc(NC[C@H]5CC[C@](C)(O)CC5)c([N+](=O)[O-])c4)c(Oc4cnc5[nH]ccc5c4)c3)CC2)C1,0.00296,mL.min-1.kg-1,species_only_dog
25861252,CHEMBL5510233,CHEMBL5567138,CL,mL.min-1.kg-1,=,0.0031,CHEMBL612558,,"Clearance in dog at 1 mg/kg, iv by LC-MS/MS method",A,CC(C)c1ccccc1[C@@H]1CCCN1C1CC2(CCN(c3ccc(C(=O)NS(=O)(=O)c4ccc(NC[C@H]5COCCO5)c([N+](=O)[O-])c4)c(Oc4cnc5[nH]ccc5c4)c3)CC2)C1,0.0031,mL.min-1.kg-1,species_only_dog
25861411,CHEMBL5510277,CHEMBL5559740,CL,mL.min-1.kg-1,=,12.7,CHEMBL612558,,Clearance in iv dosed dog,A,CC(C)Oc1nc2nc(C34COC(C)(C3)C4)cn2cc1C(=O)Nc1cccn(C2CC2)c1=O,12.7,mL.min-1.kg-1,species_only_dog
25861415,CHEMBL5510281,CHEMBL5559740,CL,mL.min-1.kg-1,=,76.0,CHEMBL612558,,Unbound clearance in iv dosed dog,A,CC(C)Oc1nc2nc(C34COC(C)(C3)C4)cn2cc1C(=O)Nc1cccn(C2CC2)c1=O,76.0,mL.min-1.kg-1,species_only_dog
25863732,CHEMBL5510875,CHEMBL5563681,CL,mL.min-1.kg-1,=,38.0,CHEMBL612558,,"Clearance in Beagle dog at 1 mg/kg, iv",A,CC(C)c1ccc([C@](O)(c2cccc(-c3noc(C(C)(C)O)n3)c2)C2(C)CN(C)C2)cc1,38.0,mL.min-1.kg-1,species_only_dog
25864156,CHEMBL5510966,CHEMBL5314433,CL,mL.min-1.kg-1,=,0.1,CHEMBL612558,,"Clearance in Beagle dog at 2 mg/kg,po or 0.5 mg/kg,iv measured after 24 hrs by HPLC analysis",A,CS(=O)(=O)c1cncc(C(=O)N2[C@@H](C(=O)N[C@@H](c3cc(F)c(C(F)(F)F)cc3F)C3CC3)C[C@H]3C[C@H]32)c1,0.1,mL.min-1.kg-1,species_only_dog
25864157,CHEMBL5510966,CHEMBL5558474,CL,mL.min-1.kg-1,=,3.5,CHEMBL612558,,"Clearance in Beagle dog at 2 mg/kg,po or 0.5 mg/kg,iv measured after 24 hrs by HPLC analysis",A,CS(=O)(=O)c1cncc(C(=O)N2[C@@H](C(=O)N[C@@H](c3cc(F)c(Cl)cc3F)C3CC3)C[C@H]3C[C@H]32)c1,3.5,mL.min-1.kg-1,species_only_dog
25868021,CHEMBL5511866,CHEMBL5558196,CL,mL.min-1.kg-1,=,9.333,CHEMBL612558,,"Clearance in Beagle dog at 1 mg/kg, iv",A,Cc1cc(C#N)ncc1Oc1cc(Nc2ccc(N3CCOCC3)nn2)c2ncn(C)c2n1,9.333,mL.min-1.kg-1,species_only_dog
25868022,CHEMBL5511867,CHEMBL5558196,CL,mL.min-1.kg-1,=,60.5,CHEMBL612558,,"Unbound clearance in Beagle dog at 1 mg/kg, iv",A,Cc1cc(C#N)ncc1Oc1cc(Nc2ccc(N3CCOCC3)nn2)c2ncn(C)c2n1,60.5,mL.min-1.kg-1,species_only_dog
25879183,CHEMBL5515373,CHEMBL5559304,CL,mL.min-1.kg-1,=,18.8,CHEMBL612558,,"Clearance in dog at 1 mg/kg, iv measured upto 24 hrs by LC-MS/MS method",A,COc1cc(Nc2nccc(-c3cc(C(=O)N[C@@H](C)CN4CCC4)n(C)n3)n2)cc(OC)c1,18.8,mL.min-1.kg-1,species_only_dog
25886668,CHEMBL5517268,CHEMBL3951810,CL,mL.min-1.kg-1,=,1.0,CHEMBL612558,,"Clearance in dog at 1 mg/kg, iv",A,Cc1cn(-c2ccc3n(c2=O)CCN([C@@H](C)[C@@H]2CC[C@H](c4cc(F)c(Cl)cc4C(F)(F)F)O2)C3=O)cn1,1.0,mL.min-1.kg-1,species_only_dog
25887418,CHEMBL5517468,CHEMBL5557484,CL,mL.min-1.kg-1,=,5.0,CHEMBL612558,,"Blood clearance in Beagle dog at 1.5 mg/kg, po or 0.5 mg/kg, iv measured for 26 hrs by LC-MS/MS analysis",A,Cc1cc(-c2nc(Cl)cn2C[C@@H]2CCCOC2)cn(C)c1=O,5.0,mL.min-1.kg-1,species_only_dog
25887419,CHEMBL5517469,CHEMBL5557484,CL,mL.min-1.kg-1,=,7.0,CHEMBL612558,,"Unbound blood clearance in Beagle dog at 1.5 mg/kg, po or 0.5 mg/kg, iv measured for 26 hrs by LC-MS/MS analysis",A,Cc1cc(-c2nc(Cl)cn2C[C@@H]2CCCOC2)cn(C)c1=O,7.0,mL.min-1.kg-1,species_only_dog
25887425,CHEMBL5517475,CHEMBL5556345,CL,mL.min-1.kg-1,=,3.0,CHEMBL612558,,"Blood clearance in Beagle dog at 3 mg/kg, po or 1 mg/kg, iv measured for 24 hrs by LC-MS/MS analysis",A,Cc1cc(-c2nc(Cl)cn2CC2CCOCC2)cn(C)c1=O,3.0,mL.min-1.kg-1,species_only_dog
25887426,CHEMBL5517476,CHEMBL5556345,CL,mL.min-1.kg-1,=,4.0,CHEMBL612558,,"Unbound blood clearance in Beagle dog at 3 mg/kg, po or 1 mg/kg, iv measured for 24 hrs by LC-MS/MS analysis",A,Cc1cc(-c2nc(Cl)cn2CC2CCOCC2)cn(C)c1=O,4.0,mL.min-1.kg-1,species_only_dog
25887779,CHEMBL5518275,CHEMBL2420629,CL,mL.min-1.kg-1,=,4.62,CHEMBL612558,,"Clearance in Beagle dog at 5 mg/kg, po",A,O=C(NCc1ccc(S(=O)(=O)c2cc(F)cc(F)c2)cc1)c1ccc2nccn2c1,4.62,mL.min-1.kg-1,species_only_dog
25895329,CHEMBL5520871,CHEMBL5565123,CL,mL.min-1.kg-1,=,2.6,CHEMBL612558,,"Clearance in Beagle dog at 1 mg/kg, iv measured after 24 hrs by HPLC-MS analysis",A,NS(=O)(=O)c1c(C(F)(F)F)ccc([C@H]2CC[C@H](N)CC2)c1-c1nn[nH]n1,2.6,mL.min-1.kg-1,species_only_dog
25895330,CHEMBL5520871,CHEMBL5561531,CL,mL.min-1.kg-1,=,9.1,CHEMBL612558,,"Clearance in Beagle dog at 1 mg/kg, iv measured after 24 hrs by HPLC-MS analysis",A,Nc1nc2cccc(-c3ccc(C(F)(F)F)c(S(N)(=O)=O)c3-c3nn[nH]n3)c2[nH]1,9.1,mL.min-1.kg-1,species_only_dog
25895331,CHEMBL5520871,CHEMBL5555936,CL,mL.min-1.kg-1,=,3.5,CHEMBL612558,,"Clearance in Beagle dog at 1 mg/kg, iv measured after 24 hrs by HPLC-MS analysis",A,NS(=O)(=O)c1c(CC2CCNCC2)ccc(-c2ccc(C3CCNCC3)cc2)c1-c1nn[nH]n1,3.5,mL.min-1.kg-1,species_only_dog
25897892,CHEMBL5521495,CHEMBL5549853,CL,mL.min-1.kg-1,=,3.5,CHEMBL612558,,"Clearance in dog at 1 mg/kg, iv by LC-MS/MS analysis",A,Cc1cnc2c(NC(=O)c3cn4cc(C56COC(C)(C5)C6)nc4nc3OC(C)C)cnn2c1,3.5,mL.min-1.kg-1,species_only_dog
25897893,CHEMBL5521496,CHEMBL5549853,CL,mL.min-1.kg-1,=,5.3,CHEMBL612558,,"Unbound clearance in dog at 1 mg/kg, iv by LC-MS/MS analysis",A,Cc1cnc2c(NC(=O)c3cn4cc(C56COC(C)(C5)C6)nc4nc3OC(C)C)cnn2c1,5.3,mL.min-1.kg-1,species_only_dog
25898237,CHEMBL5521600,CHEMBL5566712,CL,mL.min-1.kg-1,=,13.0,CHEMBL612558,,"Clearance in Beagle dog at 0.3 mg/kg, po or 1 mg/kg, iv administered as cassette dose by LC-MS/MS analysis",A,OC1CCN(Cc2ccc(Oc3ccc(-c4ccn[nH]4)cn3)cn2)CC1,13.0,mL.min-1.kg-1,species_only_dog
25898238,CHEMBL5521600,CHEMBL5558287,CL,mL.min-1.kg-1,=,5.0,CHEMBL612558,,"Clearance in Beagle dog at 0.3 mg/kg, po or 1 mg/kg, iv administered as cassette dose by LC-MS/MS analysis",A,c1cc(-c2ccc(Oc3ccc(CN4CCCC4)nc3)nc2)[nH]n1,5.0,mL.min-1.kg-1,species_only_dog
25898239,CHEMBL5521600,CHEMBL5560265,CL,mL.min-1.kg-1,=,5.0,CHEMBL612558,,"Clearance in Beagle dog at 0.3 mg/kg, po or 1 mg/kg, iv administered as cassette dose by LC-MS/MS analysis",A,c1cc(-c2ccc(Oc3ccc(CN4CCCCC4)nc3)nc2)[nH]n1,5.0,mL.min-1.kg-1,species_only_dog
25898330,CHEMBL5521649,CHEMBL5566712,CL,mL.min-1.kg-1,=,6.6,CHEMBL612558,,"Clearance in Beagle dog plasma at 0.1 mg/kg, iv by LC-MS/MS analysis",A,OC1CCN(Cc2ccc(Oc3ccc(-c4ccn[nH]4)cn3)cn2)CC1,6.6,mL.min-1.kg-1,species_only_dog
25899114,CHEMBL5521892,CHEMBL5314530,CL,mL.min-1.kg-1,=,6.4,CHEMBL612558,,"Clearance in overnight fasted Beagle dog at 0.51 mg/kg, iv measured upto 24 hrs by LC-MS/MS analysis",A,COc1cc(N[C@H](C(=O)c2c[nH]c3ccc(OC(F)(F)F)cc23)c2ccc(Cl)cc2OC)cc(S(C)(=O)=O)c1,6.4,mL.min-1.kg-1,species_only_dog
25906534,CHEMBL5524192,CHEMBL5555202,CL,mL.min-1.kg-1,=,18.83,CHEMBL612558,,"Clearance in dog at 0.5 mg/kg, iv",A,CC1(C)CC(=O)c2c(C(F)(F)F)nn(Cc3ccc(C(=O)NO)cc3)c2C1,18.83,mL.min-1.kg-1,species_only_dog
25912689,CHEMBL5525830,CHEMBL5567890,CL,mL.min-1.kg-1,=,14.0,CHEMBL612558,,"Clearance in dog at 0.2 mg/kg, iv by LC-MS/MS analysis",A,CC(C)(O)c1cc2nc([C@H]3CC[C@H](CN4CC5(CC(CCNc6cccc7c6C(=O)N(C6CCC(=O)NC6=O)C7=O)C5)C4)CC3)sc2cc1NC(=O)c1cccc(C(F)(F)F)n1,14.0,mL.min-1.kg-1,species_only_dog
25915554,CHEMBL5526428,CHEMBL5567562,CL,mL.min-1.kg-1,=,4.0,CHEMBL612558,,"Clearance in Beagle dog at 1 mg/kg, po and 0.5 mg/kg, iv infusion over 0.25 hrs",A,N#Cc1ccc(N2CCC(c3ccc(OCCCCN4CCN(c5ccc6c(c5)CN(C5CCC(=O)NC5=O)C6=O)CC4)cc3)CC2)cc1C(F)(F)F,4.0,mL.min-1.kg-1,species_only_dog
25915555,CHEMBL5526428,CHEMBL5563221,CL,mL.min-1.kg-1,=,8.1,CHEMBL612558,,"Clearance in Beagle dog at 1 mg/kg, po and 0.5 mg/kg, iv infusion over 0.25 hrs",A,COc1cc(N2CCN(CC3CCN(c4ccc(C5CCN(c6ccc(C#N)c(C(F)(F)F)c6)CC5)cc4)CC3)CC2)cc2c1C(=O)N(C1CCC(=O)NC1=O)C2,8.1,mL.min-1.kg-1,species_only_dog
25915556,CHEMBL5526428,CHEMBL5568293,CL,mL.min-1.kg-1,=,3.0,CHEMBL612558,,"Clearance in Beagle dog at 1 mg/kg, po and 0.5 mg/kg, iv infusion over 0.25 hrs",A,COc1cc(N2CCN(CC3CCN(c4ccc(C5CCN(c6ccc(C#N)c(C(F)(F)F)c6F)CC5)cc4)CC3)CC2)cc2c1C(=O)N(C1CCC(=O)NC1=O)C2,3.0,mL.min-1.kg-1,species_only_dog
25926201,CHEMBL5529556,CHEMBL5570012,CL,mL.min-1.kg-1,=,20.8,CHEMBL612558,,"Clearance in Beagle dog at 0.25 mg/kg, iv measured after 24 hrs by LC-MS/MS analysis",A,CN1C(=O)c2c(O)c(=O)ccn2N2[C@H](c3ccccc3)c3cc(F)c(F)cc3OCC[C@@H]12,20.8,mL.min-1.kg-1,species_only_dog
25926757,CHEMBL5529695,CHEMBL3960662,CL,mL.min-1.kg-1,=,33.0,CHEMBL612558,,"Clearance in dog at 2 mg/kg,po or 1 mg/kg,iv administration measured for 24 hrs by LC-MS/MS analysis",A,CN(C)CCCOc1ccc(-c2ccc3ncc4c(c3c2)n(C2CCOCC2)c(=O)n4C)cn1,33.0,mL.min-1.kg-1,species_only_dog
25926758,CHEMBL5529695,CHEMBL5575600,CL,mL.min-1.kg-1,=,35.0,CHEMBL612558,,"Clearance in dog at 2 mg/kg,po or 1 mg/kg,iv administration measured for 24 hrs by LC-MS/MS analysis",A,COCc1ccc(-c2ccc3ncc4c(c3c2)n([C@@H]2CCOCC2(C)C)c(=O)n4C)cn1,35.0,mL.min-1.kg-1,species_only_dog
25926759,CHEMBL5529695,CHEMBL5555756,CL,mL.min-1.kg-1,=,92.0,CHEMBL612558,,"Clearance in dog at 2 mg/kg,po or 1 mg/kg,iv administration measured for 24 hrs by LC-MS/MS analysis",A,CC(C)n1c(=O)n(C)c2cnc3ccc(-c4ccc(N5CC[C@@H](N(C)C)C5)nc4)cc3c21,92.0,mL.min-1.kg-1,species_only_dog
25926760,CHEMBL5529695,CHEMBL5566946,CL,mL.min-1.kg-1,=,53.0,CHEMBL612558,,"Clearance in dog at 2 mg/kg,po or 1 mg/kg,iv administration measured for 24 hrs by LC-MS/MS analysis",A,CC(C)n1c(=O)n(C)c2cnc3cc(F)c(-c4ccc(OCCCN(C)C)nc4)cc3c21,53.0,mL.min-1.kg-1,species_only_dog
25926761,CHEMBL5529695,CHEMBL4594429,CL,mL.min-1.kg-1,=,16.0,CHEMBL612558,,"Clearance in dog at 2 mg/kg,po or 1 mg/kg,iv administration measured for 24 hrs by LC-MS/MS analysis",A,CC(C)n1c(=O)n(C)c2cnc3cc(F)c(-c4ccc(OCCCN5CCCCC5)nc4)cc3c21,16.0,mL.min-1.kg-1,species_only_dog
25929416,CHEMBL5530484,CHEMBL5575976,CL,mL.min-1.kg-1,=,0.3333,CHEMBL612558,,"Clearance in Beagle dog at 0.3 mg/kg, iv measured for >24 hrs by HPLC-MS/MS analysis",A,Cn1nccc1[C@]1(CNC(=O)c2ccc(F)c(F)c2-c2ccc(C(F)(F)F)cc2)NC(=O)NC1=O,0.3333,mL.min-1.kg-1,species_only_dog
25930267,CHEMBL5530643,CHEMBL5584112,CL,mL.min-1.kg-1,=,0.5,CHEMBL612558,,"Clearance in dog at 1 mg/kg, iv by LC-MS/MS analysis",A,Cc1ccc(NC(=O)C2(c3ccccc3C(C)C)CN(CCC(C)(C)C(=O)O)C2)c(OC(F)F)n1,0.5,mL.min-1.kg-1,species_only_dog
25930268,CHEMBL5530644,CHEMBL5584112,CL,mL.min-1.kg-1,=,2.6,CHEMBL612558,,"Clearance in bile-duct cannulated dog at 1 mg/kg, iv by LC-MS/MS analysis",A,Cc1ccc(NC(=O)C2(c3ccccc3C(C)C)CN(CCC(C)(C)C(=O)O)C2)c(OC(F)F)n1,2.6,mL.min-1.kg-1,species_only_dog
25930270,CHEMBL5530646,CHEMBL5566876,CL,mL.min-1.kg-1,=,0.6,CHEMBL612558,,"Clearance in dog at 0.1 mg/kg, iv by LC-MS/MS analysis",A,COc1cc(Cl)ncc1NC(=O)C1(c2ccccc2C(C)C)CN(S(N)(=O)=O)C1,0.6,mL.min-1.kg-1,species_only_dog
25930765,CHEMBL5530858,CHEMBL5594588,CL,mL.min-1.kg-1,=,2.3,CHEMBL612558,,"Clearance in dog by measuring compound and its epimer at 3 mg/kg, po or 1 mg/kg, iv measured upto 24 hrs by LC-MS analysis",A,CNC(=O)C(=O)[C@H](CCC(C)(F)F)NC(=O)[C@@H]1[C@H]2CCC[C@H]2CN1C(=O)[C@@H](NC(=O)OC)C(C)(C)C,2.3,mL.min-1.kg-1,species_only_dog
25935518,CHEMBL5531776,CHEMBL5573973,CL,mL.min-1.kg-1,=,2.3,CHEMBL612558,,"Clearance in Beagle dog at 0.3 mg/kg, iv",A,Cc1cccc(F)c1N1CCC(N2Cc3ccccc3N(Cc3ccccc3C(F)(F)F)C2=O)CC1,2.3,mL.min-1.kg-1,species_only_dog
25950165,CHEMBL5536503,CHEMBL5570267,CL,mL.min-1.kg-1,=,0.96,CHEMBL612558,,"Clearance in dog at 1 mg/kg, iv",A,NS(=O)(=O)c1cccc(NC(=O)c2cc(C(F)(F)F)cnc2N2CCC(F)(F)CC2)c1,0.96,mL.min-1.kg-1,species_only_dog
25950166,CHEMBL5536504,CHEMBL5570267,CL,mL.min-1.kg-1,=,40.0,CHEMBL612558,,"Unbound clearance in dog at 2 mg/kg, po",A,NS(=O)(=O)c1cccc(NC(=O)c2cc(C(F)(F)F)cnc2N2CCC(F)(F)CC2)c1,40.0,mL.min-1.kg-1,species_only_dog
25961061,CHEMBL5539450,CHEMBL3314012,CL,mL.min-1.kg-1,=,0.5,CHEMBL612558,,"Total body clearance in Beagle dog at 1 mg/kg, iv administered as single dose and measured after 24 hrs",A,Cc1ccc(NC(=O)C[C@H](CCC(=O)O)c2noc([C@H]3C[C@@H](CC(C)(C)C)C3)c2C2CC2)c(Cl)c1,0.5,mL.min-1.kg-1,species_only_dog
25961984,CHEMBL5539788,CHEMBL5573324,CL,mL.min-1.kg-1,=,12.4,CHEMBL612558,,"Clearance in Beagle dog at 1 mg/kg, po or 0.1 mg/kg, iv measured after 24 hrs by LC-MS/MS analysis",A,CN1CCC[C@@H](NC(=O)Cn2nc(C(C)(C)O)n3c(cc4sc(Cl)cc43)c2=O)C1,12.4,mL.min-1.kg-1,species_only_dog
25962199,CHEMBL5539854,CHEMBL231813,CL,mL.min-1.kg-1,=,42.0,CHEMBL612558,,"Clearance in Beagle dog at 2 mg/kg, iv by LC-MS/MS analysis",A,CCC[C@H](NC(=O)[C@@H]1[C@H]2CCC[C@H]2CN1C(=O)[C@@H](NC(=O)[C@@H](NC(=O)c1cnccn1)C1CCCCC1)C(C)(C)C)C(=O)C(=O)NC1CC1,42.0,mL.min-1.kg-1,species_only_dog
25962270,CHEMBL5539880,CHEMBL4297303,CL,mL.min-1.kg-1,=,1.0,CHEMBL612558,,"Clearance in Beagle dog plasma at 0.5 mg/kg, iv and measured upto 24 hrs by LC-MS/MS analysis",A,C=C[C@@H]1C[C@]1(NC(=O)[C@@H]1C[C@@H]2CN1C(=O)[C@H](C1CCCC1)NC(=O)O[C@@H]1CCC[C@H]1CCCCCn1c(nc3cc(OC)ccc3c1=O)O2)C(=O)NS(=O)(=O)C1(C)CC1,1.0,mL.min-1.kg-1,species_only_dog
25962271,CHEMBL5539880,CHEMBL5569901,CL,mL.min-1.kg-1,=,4.4,CHEMBL612558,,"Clearance in Beagle dog plasma at 0.5 mg/kg, iv and measured upto 24 hrs by LC-MS/MS analysis",A,COc1ccc2nc3c(nc2c1)O[C@@H]1CC2C(=O)N[C@]4(C(=O)NS(=O)(=O)C5(C)CC5)C[C@@H]4/C=C/CCCCC[C@H](NC(=O)O[C@@H]4CCC[C@H]4CCCCC3)C(=O)N2C1,4.4,mL.min-1.kg-1,species_only_dog
25962718,CHEMBL5540031,CHEMBL5563061,CL,mL.min-1.kg-1,=,5.2,CHEMBL612558,,"Clearance in Beagle dog at 1 mg/kg, iv administered as 20% HP-beta-CD formulation by LC-MS/MS analysis",A,N#Cc1ccc(CNC(=O)c2ncc3nc(N4CC[C@@H](O)C4)ccc3c2O)cn1,5.2,mL.min-1.kg-1,species_only_dog
25963035,CHEMBL5540113,CHEMBL5265876,CL,mL.min-1.kg-1,=,10.0,CHEMBL612558,,"Clearance in Beagle dog at 2 mg/kg,iv measured at 0.083 to 24 hrs post administration by LC-MS/MS analysis",A,COCCCOc1cc2c(cc1Cl)-c1cc(=O)c(C(=O)O)cn1[C@H](C(C)C)CO2,10.0,mL.min-1.kg-1,species_only_dog
25963036,CHEMBL5540113,CHEMBL5573474,CL,mL.min-1.kg-1,=,5.4,CHEMBL612558,,"Clearance in Beagle dog at 2 mg/kg,iv measured at 0.083 to 24 hrs post administration by LC-MS/MS analysis",A,COCCCOc1cc2c(nc1OC)-c1cc(=O)c(C(=O)O)cn1[C@H](C(C)C)C2,5.4,mL.min-1.kg-1,species_only_dog
25963037,CHEMBL5540113,CHEMBL4283853,CL,mL.min-1.kg-1,=,2.0,CHEMBL612558,,"Clearance in Beagle dog at 2 mg/kg,iv measured at 0.083 to 24 hrs post administration by LC-MS/MS analysis",A,COCCCOc1cc2c(cc1OC)-c1cc(=O)c(C(=O)O)cn1[C@H](C(C)C)C2,2.0,mL.min-1.kg-1,species_only_dog
25963390,CHEMBL5540239,CHEMBL3982723,CL,mL.min-1.kg-1,=,5.0,CHEMBL612558,,"Clearance in dog at 0.3 mg/kg, iv measured upto 24 hrs by LC-MS/MS analysis",A,CC1(N)CCN(c2cccnc2NC(=O)c2nc(-c3ncccc3C(F)(F)F)cnc2N)CC1,5.0,mL.min-1.kg-1,species_only_dog
25965164,CHEMBL5540906,CHEMBL5095099,CL,mL.min-1.kg-1,=,11.7,CHEMBL612558,,"Clearance in dog at 3 mg/kg, iv",A,Cc1ccc(NC(=O)N2CC[C@@H](CC(F)(F)F)C2)cc1-c1cc(N[C@H](C)CO)nc(N2CCOCC2)c1,11.7,mL.min-1.kg-1,species_only_dog
25966900,CHEMBL5541363,CHEMBL5572491,CL,mL.min-1.kg-1,=,31.1,CHEMBL612558,,"Total clearance in Beagle dog at 5 mg/kg,iv administrated at 0.25 to 24 hrs by LC-MS/MS analysis",A,C=CC(=O)N1C[C@@H](n2nc(C#Cc3ccc4c(c3)ncn4C3CC3)c(C(N)=O)c2NC)C[C@@H]1COC,31.1,mL.min-1.kg-1,species_only_dog
25966901,CHEMBL5541363,CHEMBL5589734,CL,mL.min-1.kg-1,=,31.8,CHEMBL612558,,"Total clearance in Beagle dog at 5 mg/kg,iv administrated at 0.25 to 24 hrs by LC-MS/MS analysis",A,C=CC(=O)N1C[C@@H](n2nc(C#Cc3cc4ncn(C5CC5)c4cc3F)c(C(N)=O)c2NC)C[C@@H]1COC,31.8,mL.min-1.kg-1,species_only_dog
25966902,CHEMBL5541363,CHEMBL5314537,CL,mL.min-1.kg-1,=,23.9,CHEMBL612558,,"Total clearance in Beagle dog at 5 mg/kg,iv administrated at 0.25 to 24 hrs by LC-MS/MS analysis",A,C=CC(=O)N1C[C@@H](n2nc(C#Cc3c(F)cc4c(ncn4C4CC4)c3F)c(C(N)=O)c2NC)C[C@@H]1COC,23.9,mL.min-1.kg-1,species_only_dog
25966903,CHEMBL5541363,CHEMBL5571671,CL,mL.min-1.kg-1,=,44.4,CHEMBL612558,,"Total clearance in Beagle dog at 5 mg/kg,iv administrated at 0.25 to 24 hrs by LC-MS/MS analysis",A,C=CC(=O)N1C[C@@H](n2nc(C#Cc3cc4ncn(C5CC5)c4cc3Cl)c(C(N)=O)c2NC)C[C@@H]1COC,44.4,mL.min-1.kg-1,species_only_dog
25969447,CHEMBL5541980,CHEMBL3892369,CL,mL.min-1.kg-1,=,7.7,CHEMBL612558,,Clearance in dog,A,Cc1ccc(C(=O)N2CCOC[C@H]2Cc2cccc(-n3nccn3)c2)c(-n2nccn2)c1,7.7,mL.min-1.kg-1,species_only_dog
25973529,CHEMBL5544205,CHEMBL5568745,CL,mL.min-1.kg-1,=,29.5,CHEMBL612558,,"Clearance in dog at 2 mg/kg, iv measured upto 24 hrs by LC-MS analysis",A,O=C(CCOC[C@@H]1CCN1c1cn[nH]c(=O)c1C(F)(F)F)N1CCN2c3ncc(Cl)cc3OCC[C@H]2C1,29.5,mL.min-1.kg-1,species_only_dog
25978886,CHEMBL5545969,CHEMBL5569312,CL,mL.min-1.kg-1,=,4.8,CHEMBL612558,,"Clearance in dog at 0.5 mg/kg, iv",A,O=C(COc1ccc(Cl)cc1)NC12CC(c3nnc([C@H]4C[C@@H](OC(F)(F)F)C4)o3)(C1)C2,4.8,mL.min-1.kg-1,species_only_dog
25982983,CHEMBL5547635,CHEMBL5566821,CL,mL.min-1.kg-1,=,15.77,CHEMBL612558,,"Clearance in beagle dog at 0.4 mg/kg, iv measured upto 24 hrs",A,COc1cc([Se]C(F)(F)F)c(OC)cc1CCN.Cl,15.77,mL.min-1.kg-1,species_only_dog
25982984,CHEMBL5547636,CHEMBL5566821,CL,mL.min-1.kg-1,=,0.6,CHEMBL612558,,"Renal clearance in beagle dog at 0.4 mg/kg, iv measured upto 24 hrs",A,COc1cc([Se]C(F)(F)F)c(OC)cc1CCN.Cl,0.6,mL.min-1.kg-1,species_only_dog
25983231,CHEMBL5547676,CHEMBL5573027,CL,mL.min-1.kg-1,=,8.6,CHEMBL612558,,"Clearance in Beagle dog at 1 mg/kg, iv measured for 24 hrs by LC-MS/MS analysis",A,Cc1cc(NC(=O)C(=O)N2C[C@@H](C)CC[C@@H]2c2ccc3scnc3c2)cnc1N,8.6,mL.min-1.kg-1,species_only_dog
25994104,CHEMBL5551375,CHEMBL5095094,CL,mL.min-1.kg-1,=,32.0,CHEMBL612558,,"Intrinsic clearance in Beagle dog at 0.6 mg/kg, iv",A,CC(C)c1c2cc(-c3nc(Nc4ccc(N5CCNCC5)cn4)ncc3F)ccc2nn1C,32.0,mL.min-1.kg-1,species_only_dog
26003899,CHEMBL5554436,CHEMBL5314528,CL,mL.min-1.kg-1,=,6.4,CHEMBL612558,,"Clearance in Beagle dog at 1 mg/kg, po measured upto 24 hrs by LC-MS/MS analysis",A,COc1cc(O[C@H]2C(C)(C)[C@H](NC(=O)c3ccc(N4CCC(CN5CCN(c6ccc(C(=O)N[C@H]7CCC(=O)NC7=O)c(F)c6)CC5)CC4)cc3)C2(C)C)ccc1C#N,6.4,mL.min-1.kg-1,species_only_dog
26003900,CHEMBL5554436,CHEMBL4862963,CL,mL.min-1.kg-1,=,4.7,CHEMBL612558,,"Clearance in Beagle dog at 1 mg/kg, po measured upto 24 hrs by LC-MS/MS analysis",A,N#Cc1ccc(O[C@H]2CC[C@H](NC(=O)c3ccc(N4CCC(CN5CCN(c6cc7c(cc6F)C(=O)N(C6CCC(=O)NC6=O)C7=O)CC5)CC4)nn3)CC2)cc1Cl,4.7,mL.min-1.kg-1,species_only_dog
26003901,CHEMBL5554436,CHEMBL5569030,CL,mL.min-1.kg-1,=,16.0,CHEMBL612558,,"Clearance in Beagle dog at 1 mg/kg, po measured upto 24 hrs by LC-MS/MS analysis",A,Cn1c(=O)n(C2CCC(=O)NC2=O)c2cccc(C#CCOC3CCN(C[C@H]4CC[C@H](n5cc(NC(=O)c6cnn7ccc(N8C[C@H]9C[C@@H]8CO9)nc67)c(C(F)F)n5)CC4)CC3)c21,16.0,mL.min-1.kg-1,species_only_dog
26003902,CHEMBL5554436,CHEMBL5095210,CL,mL.min-1.kg-1,=,3.0,CHEMBL612558,,"Clearance in Beagle dog at 1 mg/kg, po measured upto 24 hrs by LC-MS/MS analysis",A,O=C1CC[C@H](N2Cc3cc(N4CCN(CC5CCN(c6ccc([C@@H]7c8ccc(O)cc8CC[C@@H]7c7ccccc7)cc6)CC5)CC4)ccc3C2=O)C(=O)N1,3.0,mL.min-1.kg-1,species_only_dog
26004886,CHEMBL5554680,CHEMBL5571192,CL,mL.min-1.kg-1,=,5.62,CHEMBL612558,,"Clearance in Beagle dog at 0.5 mg/kg, iv measured upto 24 hrs by LC-MS/MS analysis",A,COc1cc(C(=O)NC[C@](O)(c2cc(C(C)(C)O)c(F)c(-c3ccc(F)cc3)n2)C(F)(F)F)cc2cc(C)nnc12,5.62,mL.min-1.kg-1,species_only_dog
26014465,CHEMBL5578495,CHEMBL5590093,CL,mL.min-1.kg-1,=,16.0,CHEMBL612558,,"Clearance in dog at 0.25 mg/kg, iv by HPLC-MS/MS analysis",A,COCCOc1cc(N2C[C@@H](C)n3c(c(CCCOc4cc(C)c(Cl)c(C)c4)c4ccc(Cl)c(-c5c(C)nc(C)nc5C)c43)C2=O)c2c(cc(C(=O)O)n2C)c1OC,16.0,mL.min-1.kg-1,species_only_dog
26014466,CHEMBL5578496,CHEMBL5592352,CL,mL.min-1.kg-1,=,5.2,CHEMBL612558,,"Clearance in dog at 0.5 mg/kg, iv by HPLC-MS/MS analysis",A,COc1c(OCC2CCOCC2)cc(N2C[C@@H](C)n3c(c(CCCOc4cc(C)c(Cl)c(C)c4)c4ccc(Cl)c(-c5c(C)nc(C)nc5C)c43)C2=O)c2c1cc(C(=O)O)n2C,5.2,mL.min-1.kg-1,species_only_dog
26014467,CHEMBL5578497,CHEMBL5589756,CL,mL.min-1.kg-1,=,8.9,CHEMBL612558,,"Clearance in dog at 0.9 mg/kg, iv by HPLC-MS/MS analysis",A,COc1c(OC[C@@H]2CCCO2)cc(N2C[C@@H](C)n3c(c(CCCOc4cc(C)c(Cl)c(C)c4)c4ccc(Cl)c(-c5c(C)nc(C)nc5C)c43)C2=O)c2c1cc(C(=O)O)n2C,8.9,mL.min-1.kg-1,species_only_dog
26014468,CHEMBL5578497,CHEMBL5594176,CL,mL.min-1.kg-1,=,12.0,CHEMBL612558,,"Clearance in dog at 0.9 mg/kg, iv by HPLC-MS/MS analysis",A,COc1c(O[C@H]2CCOC2)cc(N2C[C@@H](C)n3c(c(CCCOc4cc(C)c(Cl)c(C)c4)c4ccc(Cl)c(-c5c(C)nc(C)nc5C)c43)C2=O)c2c1cc(C(=O)O)n2C,12.0,mL.min-1.kg-1,species_only_dog
26015880,CHEMBL5578864,CHEMBL4752051,CL,mL.min-1.kg-1,=,2.5,CHEMBL612558,,"Clearance in Beagle dog at 0.05 mg/kg, po measured upto 72 hrs by LC-MS/MS analysis",A,Nc1nc(N2CCC3(CC2)Cc2ncccc2[C@H]3N)cnc1Sc1ccnc(N)c1Cl,2.5,mL.min-1.kg-1,species_only_dog
26022326,CHEMBL5580444,CHEMBL5594893,CL,mL.min-1.kg-1,=,12.2,CHEMBL612558,,Intrinsic clearance in iv dosed dog,A,CCOc1cc(C(=O)N(C)Cc2cccc3cn[nH]c23)ccc1-c1cccc(F)c1,12.2,mL.min-1.kg-1,species_only_dog
26033492,CHEMBL5583206,CHEMBL5595500,CL,mL.min-1.kg-1,=,2.68,CHEMBL612558,,"Clearance in dog at 1 mg/kg, iv measured for 24 hrs by LC-MS/MS analysis",A,C[C@@H](Oc1ccc2[nH]nc(-c3ccc(N4CC5(C4)CN(S(C)(=O)=O)C5)nc3)c2c1)c1c(Cl)cncc1Cl,2.68,mL.min-1.kg-1,species_only_dog
26034198,CHEMBL5583364,CHEMBL5592675,CL,mL.min-1.kg-1,=,5.8,CHEMBL612558,,"Plasma clearance in Beagle dog at 0.1 mg/kg,iv measured upto 24 hrs by LC-MS/MS analysis",A,COC[C@H](c1cnn2cc([C@@H](NC(=O)/C(F)=C\C3CC3)C3CCC(F)(F)CC3)nc2c1)N1C[C@@H](C(F)(F)F)NC1=O,5.8,mL.min-1.kg-1,species_only_dog
26037469,CHEMBL5585042,CHEMBL4456085,CL,mL.min-1.kg-1,=,7.333,CHEMBL612558,,"Clearance in Beagle dog at 0.5 mg/kg, iv measured for 24 hrs by LC-MS/MS analysis",A,COc1ccc(Oc2cc(NCCC(F)(F)F)c3ncc(-c4ccc(C(=O)NC5CC5)c(C)c4)n3n2)c(F)c1F,7.333,mL.min-1.kg-1,species_only_dog
26044719,CHEMBL5586814,CHEMBL5591047,CL,mL.min-1.kg-1,=,5.07,CHEMBL612558,,"Clearance in Beagle dog at 1 mg/kg, iv measured upto 24 hrs by LC-MS/MS analysis",A,N#Cc1cc(-c2ccc(C(=O)O)c(O)c2)c2oc(F)cc2c1,5.07,mL.min-1.kg-1,species_only_dog
26051924,CHEMBL5589336,CHEMBL5597482,CL,mL.min-1.kg-1,=,0.895,CHEMBL612558,,"Clearance in Beagle dog at 1 mg/kg, iv by LC-MS/MS analysis",A,CC(C)c1cc(Oc2c(Cl)cc(-n3nc(N)c(=O)[nH]c3=O)cc2Cl)n[nH]c1=O,0.895,mL.min-1.kg-1,species_only_dog
26128932,CHEMBL5617211,CHEMBL5618671,CL,mL.min-1.kg-1,=,17.0,CHEMBL612558,,"Clearance in Beagle dog at 1 mg/kg, iv administered as single dose",A,Cc1ccc(-n2nccn2)c(C(=O)N2CCCN2Cc2ccn(-c3ccccc3)n2)c1,17.0,mL.min-1.kg-1,species_only_dog
26164737,CHEMBL5629594,CHEMBL3958101,CL,mL.min-1.kg-1,=,2.2,CHEMBL612558,,Clearance in dog,A,CCc1nc(C(F)(F)F)cnc1N[C@H]1CCC[C@@H]1NC(=O)c1ncccc1-n1nccn1,2.2,mL.min-1.kg-1,species_only_dog
26183928,CHEMBL5634713,CHEMBL5192659,CL,mL.min-1.kg-1,=,4.4,CHEMBL612558,,Clearance in iv dosed Beagle dog,A,Cc1c(C#N)cccc1[C@@H](C)Nc1nnc(C)c2cnc(N3CCOCC3)cc12,4.4,mL.min-1.kg-1,species_only_dog
26192319,CHEMBL5636850,CHEMBL5095043,CL,mL.min-1.kg-1,=,16.2,CHEMBL612558,,"Clearance in fasted Beagle dog at 2 mg/kg, iv measured for 24 hrs by LC-MS analysis",A,C[C@@H](COCCC(=O)N1CCN(c2ncc(C(F)(F)F)cn2)CC1)Nc1cn[nH]c(=O)c1C(F)(F)F,16.2,mL.min-1.kg-1,species_only_dog
26192320,CHEMBL5636850,CHEMBL5639789,CL,mL.min-1.kg-1,=,7.5,CHEMBL612558,,"Clearance in fasted Beagle dog at 2 mg/kg, iv measured for 24 hrs by LC-MS analysis",A,O=C(CCOC[C@@H]1CCN1c1cn[nH]c(=O)c1C(F)(F)F)N1CCN2c3ncc(C(F)(F)F)cc3OC[C@@H]2C1,7.5,mL.min-1.kg-1,species_only_dog
26199246,CHEMBL5638851,CHEMBL5646860,CL,mL.min-1.kg-1,=,38.0,CHEMBL612558,,"Clearance in Beagle dog at 1 mg/kg, iv",A,Nc1nonc1-c1nc2cccc(F)c2n1Cc1cccnn1,38.0,mL.min-1.kg-1,species_only_dog
26199507,CHEMBL5638914,CHEMBL5641911,CL,mL.min-1.kg-1,=,24.9,CHEMBL612558,,"Clearance in Beagle dog at 2.5 mg/kg, iv measured upto 24 hrs by LC-MS/MS analysis",A,CS(=O)(=O)N1CCC(c2ccc(-c3cc4nccnc4c(NC[C@@H]4CNCCO4)n3)cc2)CC1,24.9,mL.min-1.kg-1,species_only_dog
26224014,CHEMBL5653237,CHEMBL3639728,CL,mL.min-1.kg-1,=,3.0,CHEMBL612558,,"Clearance in dog at 1.00 mg/kg, iv administered as single dose",A,COc1ncc(F)cc1CNc1ccc(Cc2c[nH]c3ncc(C)cc23)c(F)n1,3.0,mL.min-1.kg-1,species_only_dog
26225464,CHEMBL5654466,CHEMBL2204538,CL,mL.min-1.kg-1,=,3.8,CHEMBL612558,,Clearance in orally dosed dog after 2 hrs by UPLC-MS analysis,A,COCCOc1nc(-c2ccc(Cl)nc2)nc2c1CN(C(=O)c1ncn3ccccc13)CC2,3.8,mL.min-1.kg-1,species_only_dog
26228564,CHEMBL5657174,CHEMBL1236962,CL,mL.min-1.kg-1,=,5.8,CHEMBL612558,,"Clearance in dog at 0.1 mg/kg, iv by HPLC/MS/MS analysis",A,COc1ncc(-c2ccc3nccc(-c4ccnnc4)c3c2)cc1NS(=O)(=O)c1ccc(F)cc1F,5.8,mL.min-1.kg-1,species_only_dog
26230066,CHEMBL5658164,CHEMBL4448899,CL,mL.min-1.kg-1,=,0.55,CHEMBL612558,,"Plasma clearance in Beagle dog at 0.1 mg/kg, iv",A,Cc1c(NC(=O)c2cc(C(N)=O)nc3cc(F)ccc23)c(C(F)(F)F)nn1Cc1ccc(C#N)cc1,0.55,mL.min-1.kg-1,species_only_dog
26230067,CHEMBL5658165,CHEMBL4448899,CL,mL.min-1.kg-1,=,0.9833,CHEMBL612558,,"Blood clearance in Beagle dog at 0.1 mg/kg, iv",A,Cc1c(NC(=O)c2cc(C(N)=O)nc3cc(F)ccc23)c(C(F)(F)F)nn1Cc1ccc(C#N)cc1,0.9833,mL.min-1.kg-1,species_only_dog
26240592,CHEMBL5664491,CHEMBL1091644,CL,mL.min-1.kg-1,=,39.0,CHEMBL612558,,"Clearance in Beagle dog measured at 2.5 mg/kg, iv for 1 to 24 hrs by HPLC-MS/MS analysis",A,C[C@]1(O)C[C@@H](c2nc(-c3ccc4ccc(-c5ccccc5)nc4c3)c3c(N)nccn32)C1,39.0,mL.min-1.kg-1,species_only_dog
26274552,CHEMBL5678955,CHEMBL4586794,CL,mL.min-1.kg-1,=,5.667,CHEMBL612558,,"Clearance in dog at 2.5 mg/kg, iv",A,Cn1cncc1[C@](O)(COc1ccc(C#N)cc1-c1ccc(OC(F)(F)F)cc1)c1ccc(C#N)cc1,5.667,mL.min-1.kg-1,species_only_dog
26278191,CHEMBL5682404,CHEMBL1738758,CL,mL.min-1.kg-1,=,43.8,CHEMBL612558,,"Clearance in Beagle dog at 5 mg/kg, iv by LC-MS analysis",A,CN1CCN(c2ccc(OC(F)(F)F)c(Nc3ncc4c(n3)-c3c(c(C(N)=O)nn3CCO)CC4)c2)CC1,43.8,mL.min-1.kg-1,species_only_dog
26282125,CHEMBL5684275,CHEMBL2064628,CL,mL.min-1.kg-1,=,12.0,CHEMBL612558,,"Clearance in dog at 10 mg/kg, po",A,CN(C)C[C@@H](OC(=O)N1Cc2c(NC(=O)C(C)(C)C)n[nH]c2C1(C)C)c1ccccc1,12.0,mL.min-1.kg-1,species_only_dog
26283881,CHEMBL5685493,CHEMBL4297627,CL,mL.min-1.kg-1,=,12.83,CHEMBL612558,,"Clearance in dog at 1 mg/kg, iv administered as 20% hydroxypropyl-beta-cyclodextrin formulation by LC-MS analysis",A,C[C@@H]1CCc2ncc(F)cc2[C@H]2CCCN2c2ccn3ncc(c3n2)C(=O)N1,12.83,mL.min-1.kg-1,species_only_dog
26298196,CHEMBL5697069,CHEMBL2017291,CL,mL.min-1.kg-1,=,38.0,CHEMBL612558,,"Clearance in Beagle dog at 1 mg/kg, iv administered for 1 hr",A,COc1cc2c(cc1-c1c(C)noc1C)ncc1[nH]c(=O)n([C@H](C)c3ccccn3)c12,38.0,mL.min-1.kg-1,species_only_dog
