uniprot_id,pdb_id,pdb_path,bindingdb_raw,0
O08675,2PUX,/home/corey/Documents/comp_chem/ml/affinity/single_task_affinity/data_affinity/O08675/2pux.pdb,,
Q99788,7YKD,/home/corey/Documents/comp_chem/ml/affinity/single_task_affinity/data_affinity/Q99788/7ykd.pdb,,
Q99788,9L3Z,/home/corey/Documents/comp_chem/ml/affinity/single_task_affinity/data_affinity/Q99788/9l3z.pdb,,
Q99788,9L3W,/home/corey/Documents/comp_chem/ml/affinity/single_task_affinity/data_affinity/Q99788/9l3w.pdb,,
Q99788,8ZJG,/home/corey/Documents/comp_chem/ml/affinity/single_task_affinity/data_affinity/Q99788/8zjg.pdb,,
Q99788,8SG1,/home/corey/Documents/comp_chem/ml/affinity/single_task_affinity/data_affinity/Q99788/8sg1.pdb,,
P34972,5ZTY,/home/corey/Documents/comp_chem/ml/affinity/single_task_affinity/data_affinity/P34972/5zty.pdb,,
P34972,8GUR,/home/corey/Documents/comp_chem/ml/affinity/single_task_affinity/data_affinity/P34972/8gur.pdb,,
P34972,2KI9,/home/corey/Documents/comp_chem/ml/affinity/single_task_affinity/data_affinity/P34972/2ki9.pdb,,
P34972,6KPF,/home/corey/Documents/comp_chem/ml/affinity/single_task_affinity/data_affinity/P34972/6kpf.pdb,,
P34972,6PT0,/home/corey/Documents/comp_chem/ml/affinity/single_task_affinity/data_affinity/P34972/6pt0.pdb,,
P34972,6KPC,/home/corey/Documents/comp_chem/ml/affinity/single_task_affinity/data_affinity/P34972/6kpc.pdb,,
P34972,8GUS,/home/corey/Documents/comp_chem/ml/affinity/single_task_affinity/data_affinity/P34972/8gus.pdb,,
P34972,8X3L,/home/corey/Documents/comp_chem/ml/affinity/single_task_affinity/data_affinity/P34972/8x3l.pdb,,
P34972,8GUT,/home/corey/Documents/comp_chem/ml/affinity/single_task_affinity/data_affinity/P34972/8gut.pdb,,
P34972,8GUQ,/home/corey/Documents/comp_chem/ml/affinity/single_task_affinity/data_affinity/P34972/8guq.pdb,,
P32246,7VL9,/home/corey/Documents/comp_chem/ml/affinity/single_task_affinity/data_affinity/P32246/7vl9.pdb,,
P32246,7VL8,/home/corey/Documents/comp_chem/ml/affinity/single_task_affinity/data_affinity/P32246/7vl8.pdb,,
P32246,7VLA,/home/corey/Documents/comp_chem/ml/affinity/single_task_affinity/data_affinity/P32246/7vla.pdb,,
Q96LB2,8DWG,/home/corey/Documents/comp_chem/ml/affinity/single_task_affinity/data_affinity/Q96LB2/8dwg.pdb,,
Q96LB2,8DWC,/home/corey/Documents/comp_chem/ml/affinity/single_task_affinity/data_affinity/Q96LB2/8dwc.pdb,,
Q96LB2,8JGF,/home/corey/Documents/comp_chem/ml/affinity/single_task_affinity/data_affinity/Q96LB2/8jgf.pdb,,
Q96LB2,8HJ5,/home/corey/Documents/comp_chem/ml/affinity/single_task_affinity/data_affinity/Q96LB2/8hj5.pdb,,
Q96LB2,8JGG,/home/corey/Documents/comp_chem/ml/affinity/single_task_affinity/data_affinity/Q96LB2/8jgg.pdb,,
Q96LB2,8DWH,/home/corey/Documents/comp_chem/ml/affinity/single_task_affinity/data_affinity/Q96LB2/8dwh.pdb,,
Q96LB2,8JGB,/home/corey/Documents/comp_chem/ml/affinity/single_task_affinity/data_affinity/Q96LB2/8jgb.pdb,,
P51686,5LWE,/home/corey/Documents/comp_chem/ml/affinity/single_task_affinity/data_affinity/P51686/5lwe.pdb,,
Q9BZJ8,8TB7,/home/corey/Documents/comp_chem/ml/affinity/single_task_affinity/data_affinity/Q9BZJ8/8tb7.pdb,,
Q9BZJ8,8TB0,/home/corey/Documents/comp_chem/ml/affinity/single_task_affinity/data_affinity/Q9BZJ8/8tb0.pdb,,
Q9BZJ8,8KGK,/home/corey/Documents/comp_chem/ml/affinity/single_task_affinity/data_affinity/Q9BZJ8/8kgk.pdb,,
P22888,7FII,/home/corey/Documents/comp_chem/ml/affinity/single_task_affinity/data_affinity/P22888/7fii.pdb,,
P22888,7FIG,/home/corey/Documents/comp_chem/ml/affinity/single_task_affinity/data_affinity/P22888/7fig.pdb,,
P22888,7FIH,/home/corey/Documents/comp_chem/ml/affinity/single_task_affinity/data_affinity/P22888/7fih.pdb,,
P22888,7FIJ,/home/corey/Documents/comp_chem/ml/affinity/single_task_affinity/data_affinity/P22888/7fij.pdb,,
P08909,2MHO,/home/corey/Documents/comp_chem/ml/affinity/single_task_affinity/data_affinity/P08909/2mho.pdb,,
Q9BXB1,8WVW,/home/corey/Documents/comp_chem/ml/affinity/single_task_affinity/data_affinity/Q9BXB1/8wvw.pdb,,
Q9BXB1,8WVU,/home/corey/Documents/comp_chem/ml/affinity/single_task_affinity/data_affinity/Q9BXB1/8wvu.pdb,,
Q9BXB1,8XFS,/home/corey/Documents/comp_chem/ml/affinity/single_task_affinity/data_affinity/Q9BXB1/8xfs.pdb,,
Q9BXB1,8WVX,/home/corey/Documents/comp_chem/ml/affinity/single_task_affinity/data_affinity/Q9BXB1/8wvx.pdb,,
Q9BXB1,8WVY,/home/corey/Documents/comp_chem/ml/affinity/single_task_affinity/data_affinity/Q9BXB1/8wvy.pdb,,
Q9BXB1,4QXF,/home/corey/Documents/comp_chem/ml/affinity/single_task_affinity/data_affinity/Q9BXB1/4qxf.pdb,,
Q9BXB1,8XFP,/home/corey/Documents/comp_chem/ml/affinity/single_task_affinity/data_affinity/Q9BXB1/8xfp.pdb,,
Q9BXB1,4QXE,/home/corey/Documents/comp_chem/ml/affinity/single_task_affinity/data_affinity/Q9BXB1/4qxe.pdb,,
Q9BXB1,4KT1,/home/corey/Documents/comp_chem/ml/affinity/single_task_affinity/data_affinity/Q9BXB1/4kt1.pdb,,
Q9BXB1,8WVV,/home/corey/Documents/comp_chem/ml/affinity/single_task_affinity/data_affinity/Q9BXB1/8wvv.pdb,,
P03999,8Y02,/home/corey/Documents/comp_chem/ml/affinity/single_task_affinity/data_affinity/P03999/8y02.pdb,,
P41143,4RWA,/home/corey/Documents/comp_chem/ml/affinity/single_task_affinity/data_affinity/P41143/4rwa.pdb,,
P41143,6PT2,/home/corey/Documents/comp_chem/ml/affinity/single_task_affinity/data_affinity/P41143/6pt2.pdb,,
P41143,4N6H,/home/corey/Documents/comp_chem/ml/affinity/single_task_affinity/data_affinity/P41143/4n6h.pdb,,
P41143,8F7S,/home/corey/Documents/comp_chem/ml/affinity/single_task_affinity/data_affinity/P41143/8f7s.pdb,,
P41143,4RWD,/home/corey/Documents/comp_chem/ml/affinity/single_task_affinity/data_affinity/P41143/4rwd.pdb,,
P41143,6PT3,/home/corey/Documents/comp_chem/ml/affinity/single_task_affinity/data_affinity/P41143/6pt3.pdb,,
P30518,7DF9,/home/corey/Documents/comp_chem/ml/affinity/single_task_affinity/data_affinity/P30518/7df9.pdb,,
P30518,7BB7,/home/corey/Documents/comp_chem/ml/affinity/single_task_affinity/data_affinity/P30518/7bb7.pdb,,
P30518,7DFC,/home/corey/Documents/comp_chem/ml/affinity/single_task_affinity/data_affinity/P30518/7dfc.pdb,,
P30518,4JQI,/home/corey/Documents/comp_chem/ml/affinity/single_task_affinity/data_affinity/P30518/4jqi.pdb,,
P30518,7DW9,/home/corey/Documents/comp_chem/ml/affinity/single_task_affinity/data_affinity/P30518/7dw9.pdb,,
P30518,7BB6,/home/corey/Documents/comp_chem/ml/affinity/single_task_affinity/data_affinity/P30518/7bb6.pdb,,
P30518,7DFB,/home/corey/Documents/comp_chem/ml/affinity/single_task_affinity/data_affinity/P30518/7dfb.pdb,,
P30518,6NI2,/home/corey/Documents/comp_chem/ml/affinity/single_task_affinity/data_affinity/P30518/6ni2.pdb,,
P30518,6U1N,/home/corey/Documents/comp_chem/ml/affinity/single_task_affinity/data_affinity/P30518/6u1n.pdb,,
P30518,7DFA,/home/corey/Documents/comp_chem/ml/affinity/single_task_affinity/data_affinity/P30518/7dfa.pdb,,
P37288,1YTV,/home/corey/Documents/comp_chem/ml/affinity/single_task_affinity/data_affinity/P37288/1ytv.pdb,,
Q9HBX9,2M7P,/home/corey/Documents/comp_chem/ml/affinity/single_task_affinity/data_affinity/Q9HBX9/2m7p.pdb,,
Q9HBX9,2JM4,/home/corey/Documents/comp_chem/ml/affinity/single_task_affinity/data_affinity/Q9HBX9/2jm4.pdb,,
Q9HBX9,7TMW,/home/corey/Documents/comp_chem/ml/affinity/single_task_affinity/data_affinity/Q9HBX9/7tmw.pdb,,
P14842,4OAJ,/home/corey/Documents/comp_chem/ml/affinity/single_task_affinity/data_affinity/P14842/4oaj.pdb,,
Q8BUD0,8ZFC,/home/corey/Documents/comp_chem/ml/affinity/single_task_affinity/data_affinity/Q8BUD0/8zfc.pdb,,
Q8BUD0,8ZF9,/home/corey/Documents/comp_chem/ml/affinity/single_task_affinity/data_affinity/Q8BUD0/8zf9.pdb,,
Q8BUD0,8ZFE,/home/corey/Documents/comp_chem/ml/affinity/single_task_affinity/data_affinity/Q8BUD0/8zfe.pdb,,
Q8BUD0,9JVG,/home/corey/Documents/comp_chem/ml/affinity/single_task_affinity/data_affinity/Q8BUD0/9jvg.pdb,,
Q8BUD0,9JVH,/home/corey/Documents/comp_chem/ml/affinity/single_task_affinity/data_affinity/Q8BUD0/9jvh.pdb,,
Q8BUD0,8ZFD,/home/corey/Documents/comp_chem/ml/affinity/single_task_affinity/data_affinity/Q8BUD0/8zfd.pdb,,
Q9HB89,7W53,/home/corey/Documents/comp_chem/ml/affinity/single_task_affinity/data_affinity/Q9HB89/7w53.pdb,,
Q9HB89,7W56,/home/corey/Documents/comp_chem/ml/affinity/single_task_affinity/data_affinity/Q9HB89/7w56.pdb,,
P43088,8IUM,/home/corey/Documents/comp_chem/ml/affinity/single_task_affinity/data_affinity/P43088/8ium.pdb,,
P43088,8IUK,/home/corey/Documents/comp_chem/ml/affinity/single_task_affinity/data_affinity/P43088/8iuk.pdb,,
P43088,8IQ4,/home/corey/Documents/comp_chem/ml/affinity/single_task_affinity/data_affinity/P43088/8iq4.pdb,,
P43088,8IQ6,/home/corey/Documents/comp_chem/ml/affinity/single_task_affinity/data_affinity/P43088/8iq6.pdb,,
P43088,8XJL,/home/corey/Documents/comp_chem/ml/affinity/single_task_affinity/data_affinity/P43088/8xjl.pdb,,
P43088,8IUL,/home/corey/Documents/comp_chem/ml/affinity/single_task_affinity/data_affinity/P43088/8iul.pdb,,
P43088,8XJM,/home/corey/Documents/comp_chem/ml/affinity/single_task_affinity/data_affinity/P43088/8xjm.pdb,,
Q8IYL9,9BHL,/home/corey/Documents/comp_chem/ml/affinity/single_task_affinity/data_affinity/Q8IYL9/9bhl.pdb,,
Q8IYL9,9JFT,/home/corey/Documents/comp_chem/ml/affinity/single_task_affinity/data_affinity/Q8IYL9/9jft.pdb,,
P13945,9IJD,/home/corey/Documents/comp_chem/ml/affinity/single_task_affinity/data_affinity/P13945/9ijd.pdb,,
P13945,9IJE,/home/corey/Documents/comp_chem/ml/affinity/single_task_affinity/data_affinity/P13945/9ije.pdb,,
O88634,2PV9,/home/corey/Documents/comp_chem/ml/affinity/single_task_affinity/data_affinity/O88634/2pv9.pdb,,
P46093,8ZCF,/home/corey/Documents/comp_chem/ml/affinity/single_task_affinity/data_affinity/P46093/8zcf.pdb,,
P46093,8Z9O,/home/corey/Documents/comp_chem/ml/affinity/single_task_affinity/data_affinity/P46093/8z9o.pdb,,
P46093,8Z67,/home/corey/Documents/comp_chem/ml/affinity/single_task_affinity/data_affinity/P46093/8z67.pdb,,
P46093,8Z65,/home/corey/Documents/comp_chem/ml/affinity/single_task_affinity/data_affinity/P46093/8z65.pdb,,
P46093,8Z3Q,/home/corey/Documents/comp_chem/ml/affinity/single_task_affinity/data_affinity/P46093/8z3q.pdb,,
P46093,8Z66,/home/corey/Documents/comp_chem/ml/affinity/single_task_affinity/data_affinity/P46093/8z66.pdb,,
P46093,8Z9P,/home/corey/Documents/comp_chem/ml/affinity/single_task_affinity/data_affinity/P46093/8z9p.pdb,,
P46093,8Z3M,/home/corey/Documents/comp_chem/ml/affinity/single_task_affinity/data_affinity/P46093/8z3m.pdb,,
P46093,8ZCE,/home/corey/Documents/comp_chem/ml/affinity/single_task_affinity/data_affinity/P46093/8zce.pdb,,
P46093,8Z3Y,/home/corey/Documents/comp_chem/ml/affinity/single_task_affinity/data_affinity/P46093/8z3y.pdb,,
O95977,2DCO,/home/corey/Documents/comp_chem/ml/affinity/single_task_affinity/data_affinity/O95977/2dco.pdb,,
Q8WXD0,2M96,/home/corey/Documents/comp_chem/ml/affinity/single_task_affinity/data_affinity/Q8WXD0/2m96.pdb,,
Q9Y5Y4,6D26,/home/corey/Documents/comp_chem/ml/affinity/single_task_affinity/data_affinity/Q9Y5Y4/6d26.pdb,,
Q9Y5Y4,7M8W,/home/corey/Documents/comp_chem/ml/affinity/single_task_affinity/data_affinity/Q9Y5Y4/7m8w.pdb,,
Q9Y5Y4,6D27,/home/corey/Documents/comp_chem/ml/affinity/single_task_affinity/data_affinity/Q9Y5Y4/6d27.pdb,,
P25116,3HKI,/home/corey/Documents/comp_chem/ml/affinity/single_task_affinity/data_affinity/P25116/3hki.pdb,,
P25116,1NRQ,/home/corey/Documents/comp_chem/ml/affinity/single_task_affinity/data_affinity/P25116/1nrq.pdb,,
P25116,3VW7,/home/corey/Documents/comp_chem/ml/affinity/single_task_affinity/data_affinity/P25116/3vw7.pdb,,
P25116,1NRN,/home/corey/Documents/comp_chem/ml/affinity/single_task_affinity/data_affinity/P25116/1nrn.pdb,,
P25116,3BEF,/home/corey/Documents/comp_chem/ml/affinity/single_task_affinity/data_affinity/P25116/3bef.pdb,,
P25116,1NRP,/home/corey/Documents/comp_chem/ml/affinity/single_task_affinity/data_affinity/P25116/1nrp.pdb,,
P25116,3LU9,/home/corey/Documents/comp_chem/ml/affinity/single_task_affinity/data_affinity/P25116/3lu9.pdb,,
P25116,1NRR,/home/corey/Documents/comp_chem/ml/affinity/single_task_affinity/data_affinity/P25116/1nrr.pdb,,
P25116,1NRO,/home/corey/Documents/comp_chem/ml/affinity/single_task_affinity/data_affinity/P25116/1nro.pdb,,
P25116,3HKJ,/home/corey/Documents/comp_chem/ml/affinity/single_task_affinity/data_affinity/P25116/3hkj.pdb,,
P30993,8HPT,/home/corey/Documents/comp_chem/ml/affinity/single_task_affinity/data_affinity/P30993/8hpt.pdb,,
P30993,8HQC,/home/corey/Documents/comp_chem/ml/affinity/single_task_affinity/data_affinity/P30993/8hqc.pdb,,
P49683,9K27,/home/corey/Documents/comp_chem/ml/affinity/single_task_affinity/data_affinity/P49683/9k27.pdb,,
P49683,9K26,/home/corey/Documents/comp_chem/ml/affinity/single_task_affinity/data_affinity/P49683/9k26.pdb,,
P49683,8ZPT,/home/corey/Documents/comp_chem/ml/affinity/single_task_affinity/data_affinity/P49683/8zpt.pdb,,
P49683,8ZPS,/home/corey/Documents/comp_chem/ml/affinity/single_task_affinity/data_affinity/P49683/8zps.pdb,,
P32238,1HZN,/home/corey/Documents/comp_chem/ml/affinity/single_task_affinity/data_affinity/P32238/1hzn.pdb,,
P32238,7EZM,/home/corey/Documents/comp_chem/ml/affinity/single_task_affinity/data_affinity/P32238/7ezm.pdb,,
P32238,7F8Y,/home/corey/Documents/comp_chem/ml/affinity/single_task_affinity/data_affinity/P32238/7f8y.pdb,,
P32238,7MBY,/home/corey/Documents/comp_chem/ml/affinity/single_task_affinity/data_affinity/P32238/7mby.pdb,,
P32238,7MBX,/home/corey/Documents/comp_chem/ml/affinity/single_task_affinity/data_affinity/P32238/7mbx.pdb,,
P32238,7EZH,/home/corey/Documents/comp_chem/ml/affinity/single_task_affinity/data_affinity/P32238/7ezh.pdb,,
P32238,7F8U,/home/corey/Documents/comp_chem/ml/affinity/single_task_affinity/data_affinity/P32238/7f8u.pdb,,
P32238,1D6G,/home/corey/Documents/comp_chem/ml/affinity/single_task_affinity/data_affinity/P32238/1d6g.pdb,,
P32238,7F8X,/home/corey/Documents/comp_chem/ml/affinity/single_task_affinity/data_affinity/P32238/7f8x.pdb,,
P32238,7EZK,/home/corey/Documents/comp_chem/ml/affinity/single_task_affinity/data_affinity/P32238/7ezk.pdb,,
P30874,7XAT,/home/corey/Documents/comp_chem/ml/affinity/single_task_affinity/data_affinity/P30874/7xat.pdb,,
P30874,7XMR,/home/corey/Documents/comp_chem/ml/affinity/single_task_affinity/data_affinity/P30874/7xmr.pdb,,
P30874,7XAV,/home/corey/Documents/comp_chem/ml/affinity/single_task_affinity/data_affinity/P30874/7xav.pdb,,
P30874,7T11,/home/corey/Documents/comp_chem/ml/affinity/single_task_affinity/data_affinity/P30874/7t11.pdb,,
P30874,7T10,/home/corey/Documents/comp_chem/ml/affinity/single_task_affinity/data_affinity/P30874/7t10.pdb,,
P30874,7WJ5,/home/corey/Documents/comp_chem/ml/affinity/single_task_affinity/data_affinity/P30874/7wj5.pdb,,
P30874,7WIG,/home/corey/Documents/comp_chem/ml/affinity/single_task_affinity/data_affinity/P30874/7wig.pdb,,
P30874,7UL5,/home/corey/Documents/comp_chem/ml/affinity/single_task_affinity/data_affinity/P30874/7ul5.pdb,,
P30874,7WIC,/home/corey/Documents/comp_chem/ml/affinity/single_task_affinity/data_affinity/P30874/7wic.pdb,,
P30874,7XAU,/home/corey/Documents/comp_chem/ml/affinity/single_task_affinity/data_affinity/P30874/7xau.pdb,,
P46089,9LYD,/home/corey/Documents/comp_chem/ml/affinity/single_task_affinity/data_affinity/P46089/9lyd.pdb,,
P46089,8U8F,/home/corey/Documents/comp_chem/ml/affinity/single_task_affinity/data_affinity/P46089/8u8f.pdb,,
P46089,9LYB,/home/corey/Documents/comp_chem/ml/affinity/single_task_affinity/data_affinity/P46089/9lyb.pdb,,
P46089,8WW2,/home/corey/Documents/comp_chem/ml/affinity/single_task_affinity/data_affinity/P46089/8ww2.pdb,,
P46089,8X2K,/home/corey/Documents/comp_chem/ml/affinity/single_task_affinity/data_affinity/P46089/8x2k.pdb,,
P46089,9LYC,/home/corey/Documents/comp_chem/ml/affinity/single_task_affinity/data_affinity/P46089/9lyc.pdb,,
P30872,9IK9,/home/corey/Documents/comp_chem/ml/affinity/single_task_affinity/data_affinity/P30872/9ik9.pdb,,
P04001,8Y01,/home/corey/Documents/comp_chem/ml/affinity/single_task_affinity/data_affinity/P04001/8y01.pdb,,
P32245,8WKY,/home/corey/Documents/comp_chem/ml/affinity/single_task_affinity/data_affinity/P32245/8wky.pdb,,
P32245,7AUE,/home/corey/Documents/comp_chem/ml/affinity/single_task_affinity/data_affinity/P32245/7aue.pdb,,
P32245,7F53,/home/corey/Documents/comp_chem/ml/affinity/single_task_affinity/data_affinity/P32245/7f53.pdb,,
P32245,8QJ2,/home/corey/Documents/comp_chem/ml/affinity/single_task_affinity/data_affinity/P32245/8qj2.pdb,,
P32245,7F54,/home/corey/Documents/comp_chem/ml/affinity/single_task_affinity/data_affinity/P32245/7f54.pdb,,
P32245,7PIU,/home/corey/Documents/comp_chem/ml/affinity/single_task_affinity/data_affinity/P32245/7piu.pdb,,
P32245,7PIV,/home/corey/Documents/comp_chem/ml/affinity/single_task_affinity/data_affinity/P32245/7piv.pdb,,
P32245,7F55,/home/corey/Documents/comp_chem/ml/affinity/single_task_affinity/data_affinity/P32245/7f55.pdb,,
P32245,6W25,/home/corey/Documents/comp_chem/ml/affinity/single_task_affinity/data_affinity/P32245/6w25.pdb,,
P32245,7F58,/home/corey/Documents/comp_chem/ml/affinity/single_task_affinity/data_affinity/P32245/7f58.pdb,,
P30680,6EXJ,/home/corey/Documents/comp_chem/ml/affinity/single_task_affinity/data_affinity/P30680/6exj.pdb,,
Q9BXC1,8IZB,/home/corey/Documents/comp_chem/ml/affinity/single_task_affinity/data_affinity/Q9BXC1/8izb.pdb,,
Q9BXC1,8KH5,/home/corey/Documents/comp_chem/ml/affinity/single_task_affinity/data_affinity/Q9BXC1/8kh5.pdb,,
Q9BXC1,7XV3,/home/corey/Documents/comp_chem/ml/affinity/single_task_affinity/data_affinity/Q9BXC1/7xv3.pdb,,
P21730,8GOO,/home/corey/Documents/comp_chem/ml/affinity/single_task_affinity/data_affinity/P21730/8goo.pdb,,
P21730,5O9H,/home/corey/Documents/comp_chem/ml/affinity/single_task_affinity/data_affinity/P21730/5o9h.pdb,,
P21730,8GO8,/home/corey/Documents/comp_chem/ml/affinity/single_task_affinity/data_affinity/P21730/8go8.pdb,,
P21730,2K3U,/home/corey/Documents/comp_chem/ml/affinity/single_task_affinity/data_affinity/P21730/2k3u.pdb,,
P21730,7Y66,/home/corey/Documents/comp_chem/ml/affinity/single_task_affinity/data_affinity/P21730/7y66.pdb,,
P21730,7Y67,/home/corey/Documents/comp_chem/ml/affinity/single_task_affinity/data_affinity/P21730/7y67.pdb,,
P21730,6C1R,/home/corey/Documents/comp_chem/ml/affinity/single_task_affinity/data_affinity/P21730/6c1r.pdb,,
P21730,7Y64,/home/corey/Documents/comp_chem/ml/affinity/single_task_affinity/data_affinity/P21730/7y64.pdb,,
P21730,7Y65,/home/corey/Documents/comp_chem/ml/affinity/single_task_affinity/data_affinity/P21730/7y65.pdb,,
P21730,6C1Q,/home/corey/Documents/comp_chem/ml/affinity/single_task_affinity/data_affinity/P21730/6c1q.pdb,,
P43657,9ITB,/home/corey/Documents/comp_chem/ml/affinity/single_task_affinity/data_affinity/P43657/9itb.pdb,,
P43657,9ITE,/home/corey/Documents/comp_chem/ml/affinity/single_task_affinity/data_affinity/P43657/9ite.pdb,,
P47900,7XXH,/home/corey/Documents/comp_chem/ml/affinity/single_task_affinity/data_affinity/P47900/7xxh.pdb,,
P47900,8WJX,/home/corey/Documents/comp_chem/ml/affinity/single_task_affinity/data_affinity/P47900/8wjx.pdb,,
P47900,9JCL,/home/corey/Documents/comp_chem/ml/affinity/single_task_affinity/data_affinity/P47900/9jcl.pdb,,
P47900,4XNV,/home/corey/Documents/comp_chem/ml/affinity/single_task_affinity/data_affinity/P47900/4xnv.pdb,,
P47900,4XNW,/home/corey/Documents/comp_chem/ml/affinity/single_task_affinity/data_affinity/P47900/4xnw.pdb,,
P25024,1ILQ,/home/corey/Documents/comp_chem/ml/affinity/single_task_affinity/data_affinity/P25024/1ilq.pdb,,
P25024,8IC0,/home/corey/Documents/comp_chem/ml/affinity/single_task_affinity/data_affinity/P25024/8ic0.pdb,,
P25024,1ILP,/home/corey/Documents/comp_chem/ml/affinity/single_task_affinity/data_affinity/P25024/1ilp.pdb,,
P25024,2LNL,/home/corey/Documents/comp_chem/ml/affinity/single_task_affinity/data_affinity/P25024/2lnl.pdb,,
P25024,6XMN,/home/corey/Documents/comp_chem/ml/affinity/single_task_affinity/data_affinity/P25024/6xmn.pdb,,
P25101,8XVI,/home/corey/Documents/comp_chem/ml/affinity/single_task_affinity/data_affinity/P25101/8xvi.pdb,,
O43193,9JMD,/home/corey/Documents/comp_chem/ml/affinity/single_task_affinity/data_affinity/O43193/9jmd.pdb,,
O43193,8IBU,/home/corey/Documents/comp_chem/ml/affinity/single_task_affinity/data_affinity/O43193/8ibu.pdb,,
O43193,8IBV,/home/corey/Documents/comp_chem/ml/affinity/single_task_affinity/data_affinity/O43193/8ibv.pdb,,
O14842,5TZR,/home/corey/Documents/comp_chem/ml/affinity/single_task_affinity/data_affinity/O14842/5tzr.pdb,,
O14842,9K1C,/home/corey/Documents/comp_chem/ml/affinity/single_task_affinity/data_affinity/O14842/9k1c.pdb,,
O14842,8T3V,/home/corey/Documents/comp_chem/ml/affinity/single_task_affinity/data_affinity/O14842/8t3v.pdb,,
O14842,8EIT,/home/corey/Documents/comp_chem/ml/affinity/single_task_affinity/data_affinity/O14842/8eit.pdb,,
O14842,5TZY,/home/corey/Documents/comp_chem/ml/affinity/single_task_affinity/data_affinity/O14842/5tzy.pdb,,
O14842,4PHU,/home/corey/Documents/comp_chem/ml/affinity/single_task_affinity/data_affinity/O14842/4phu.pdb,,
O14842,8EJK,/home/corey/Documents/comp_chem/ml/affinity/single_task_affinity/data_affinity/O14842/8ejk.pdb,,
O14842,5KW2,/home/corey/Documents/comp_chem/ml/affinity/single_task_affinity/data_affinity/O14842/5kw2.pdb,,
O14842,8EJC,/home/corey/Documents/comp_chem/ml/affinity/single_task_affinity/data_affinity/O14842/8ejc.pdb,,
P21453,7EVZ,/home/corey/Documents/comp_chem/ml/affinity/single_task_affinity/data_affinity/P21453/7evz.pdb,,
P21453,3V2Y,/home/corey/Documents/comp_chem/ml/affinity/single_task_affinity/data_affinity/P21453/3v2y.pdb,,
P21453,7EW0,/home/corey/Documents/comp_chem/ml/affinity/single_task_affinity/data_affinity/P21453/7ew0.pdb,,
P21453,7TD3,/home/corey/Documents/comp_chem/ml/affinity/single_task_affinity/data_affinity/P21453/7td3.pdb,,
P21453,7EW7,/home/corey/Documents/comp_chem/ml/affinity/single_task_affinity/data_affinity/P21453/7ew7.pdb,,
P21453,7EO4,/home/corey/Documents/comp_chem/ml/affinity/single_task_affinity/data_affinity/P21453/7eo4.pdb,,
P21453,7EO2,/home/corey/Documents/comp_chem/ml/affinity/single_task_affinity/data_affinity/P21453/7eo2.pdb,,
P21453,3V2W,/home/corey/Documents/comp_chem/ml/affinity/single_task_affinity/data_affinity/P21453/3v2w.pdb,,
P21453,7EVY,/home/corey/Documents/comp_chem/ml/affinity/single_task_affinity/data_affinity/P21453/7evy.pdb,,
P21453,7TD4,/home/corey/Documents/comp_chem/ml/affinity/single_task_affinity/data_affinity/P21453/7td4.pdb,,
Q9BXA5,8JPP,/home/corey/Documents/comp_chem/ml/affinity/single_task_affinity/data_affinity/Q9BXA5/8jpp.pdb,,
Q9BXA5,8WP1,/home/corey/Documents/comp_chem/ml/affinity/single_task_affinity/data_affinity/Q9BXA5/8wp1.pdb,,
Q9BXA5,8YKX,/home/corey/Documents/comp_chem/ml/affinity/single_task_affinity/data_affinity/Q9BXA5/8ykx.pdb,,
Q9BXA5,8YKW,/home/corey/Documents/comp_chem/ml/affinity/single_task_affinity/data_affinity/Q9BXA5/8ykw.pdb,,
Q9BXA5,8WOG,/home/corey/Documents/comp_chem/ml/affinity/single_task_affinity/data_affinity/Q9BXA5/8wog.pdb,,
Q9BXA5,8JPN,/home/corey/Documents/comp_chem/ml/affinity/single_task_affinity/data_affinity/Q9BXA5/8jpn.pdb,,
P28335,8DPI,/home/corey/Documents/comp_chem/ml/affinity/single_task_affinity/data_affinity/P28335/8dpi.pdb,,
P28335,8DPH,/home/corey/Documents/comp_chem/ml/affinity/single_task_affinity/data_affinity/P28335/8dph.pdb,,
P28335,8DPG,/home/corey/Documents/comp_chem/ml/affinity/single_task_affinity/data_affinity/P28335/8dpg.pdb,,
P28335,6BQH,/home/corey/Documents/comp_chem/ml/affinity/single_task_affinity/data_affinity/P28335/6bqh.pdb,,
P28335,6BQG,/home/corey/Documents/comp_chem/ml/affinity/single_task_affinity/data_affinity/P28335/6bqg.pdb,,
P28335,8DPF,/home/corey/Documents/comp_chem/ml/affinity/single_task_affinity/data_affinity/P28335/8dpf.pdb,,
P43115,6AK3,/home/corey/Documents/comp_chem/ml/affinity/single_task_affinity/data_affinity/P43115/6ak3.pdb,,
P43115,6M9T,/home/corey/Documents/comp_chem/ml/affinity/single_task_affinity/data_affinity/P43115/6m9t.pdb,,
P43115,8GDC,/home/corey/Documents/comp_chem/ml/affinity/single_task_affinity/data_affinity/P43115/8gdc.pdb,,
P43115,7WU9,/home/corey/Documents/comp_chem/ml/affinity/single_task_affinity/data_affinity/P43115/7wu9.pdb,,
P47211,7XJJ,/home/corey/Documents/comp_chem/ml/affinity/single_task_affinity/data_affinity/P47211/7xjj.pdb,,
P47211,7WQ3,/home/corey/Documents/comp_chem/ml/affinity/single_task_affinity/data_affinity/P47211/7wq3.pdb,,
Q15743,8Z3O,/home/corey/Documents/comp_chem/ml/affinity/single_task_affinity/data_affinity/Q15743/8z3o.pdb,,
Q15743,9BHM,/home/corey/Documents/comp_chem/ml/affinity/single_task_affinity/data_affinity/Q15743/9bhm.pdb,,
Q15743,8Z68,/home/corey/Documents/comp_chem/ml/affinity/single_task_affinity/data_affinity/Q15743/8z68.pdb,,
Q15743,9BI6,/home/corey/Documents/comp_chem/ml/affinity/single_task_affinity/data_affinity/Q15743/9bi6.pdb,,
Q15743,8Z5H,/home/corey/Documents/comp_chem/ml/affinity/single_task_affinity/data_affinity/Q15743/8z5h.pdb,,
P35346,8ZBE,/home/corey/Documents/comp_chem/ml/affinity/single_task_affinity/data_affinity/P35346/8zbe.pdb,,
P35346,8X8L,/home/corey/Documents/comp_chem/ml/affinity/single_task_affinity/data_affinity/P35346/8x8l.pdb,,
P35346,8X8N,/home/corey/Documents/comp_chem/ml/affinity/single_task_affinity/data_affinity/P35346/8x8n.pdb,,
P35346,8ZCJ,/home/corey/Documents/comp_chem/ml/affinity/single_task_affinity/data_affinity/P35346/8zcj.pdb,,
P35346,8ZBJ,/home/corey/Documents/comp_chem/ml/affinity/single_task_affinity/data_affinity/P35346/8zbj.pdb,,
P21731,9GG5,/home/corey/Documents/comp_chem/ml/affinity/single_task_affinity/data_affinity/P21731/9gg5.pdb,,
P21731,6IIV,/home/corey/Documents/comp_chem/ml/affinity/single_task_affinity/data_affinity/P21731/6iiv.pdb,,
P21731,6IIU,/home/corey/Documents/comp_chem/ml/affinity/single_task_affinity/data_affinity/P21731/6iiu.pdb,,
P21731,8XJO,/home/corey/Documents/comp_chem/ml/affinity/single_task_affinity/data_affinity/P21731/8xjo.pdb,,
P25021,8YN4,/home/corey/Documents/comp_chem/ml/affinity/single_task_affinity/data_affinity/P25021/8yn4.pdb,,
P25021,9IXJ,/home/corey/Documents/comp_chem/ml/affinity/single_task_affinity/data_affinity/P25021/9ixj.pdb,,
P25021,7UL3,/home/corey/Documents/comp_chem/ml/affinity/single_task_affinity/data_affinity/P25021/7ul3.pdb,,
P25021,8YN3,/home/corey/Documents/comp_chem/ml/affinity/single_task_affinity/data_affinity/P25021/8yn3.pdb,,
P25021,8POK,/home/corey/Documents/comp_chem/ml/affinity/single_task_affinity/data_affinity/P25021/8pok.pdb,,
Q99527,8XOH,/home/corey/Documents/comp_chem/ml/affinity/single_task_affinity/data_affinity/Q99527/8xoh.pdb,,
Q99527,8XOI,/home/corey/Documents/comp_chem/ml/affinity/single_task_affinity/data_affinity/Q99527/8xoi.pdb,,
Q99527,8XOJ,/home/corey/Documents/comp_chem/ml/affinity/single_task_affinity/data_affinity/Q99527/8xoj.pdb,,
Q99527,8XOG,/home/corey/Documents/comp_chem/ml/affinity/single_task_affinity/data_affinity/Q99527/8xog.pdb,,
P49019,8JEF,/home/corey/Documents/comp_chem/ml/affinity/single_task_affinity/data_affinity/P49019/8jef.pdb,,
P49019,8IHJ,/home/corey/Documents/comp_chem/ml/affinity/single_task_affinity/data_affinity/P49019/8ihj.pdb,,
P49019,8JEI,/home/corey/Documents/comp_chem/ml/affinity/single_task_affinity/data_affinity/P49019/8jei.pdb,,
P49019,8IHK,/home/corey/Documents/comp_chem/ml/affinity/single_task_affinity/data_affinity/P49019/8ihk.pdb,,
O43613,4ZJ8,/home/corey/Documents/comp_chem/ml/affinity/single_task_affinity/data_affinity/O43613/4zj8.pdb,,
O43613,6TOT,/home/corey/Documents/comp_chem/ml/affinity/single_task_affinity/data_affinity/O43613/6tot.pdb,,
O43613,6TP4,/home/corey/Documents/comp_chem/ml/affinity/single_task_affinity/data_affinity/O43613/6tp4.pdb,,
O43613,6TP6,/home/corey/Documents/comp_chem/ml/affinity/single_task_affinity/data_affinity/O43613/6tp6.pdb,,
O43613,6TOD,/home/corey/Documents/comp_chem/ml/affinity/single_task_affinity/data_affinity/O43613/6tod.pdb,,
O43613,6TOS,/home/corey/Documents/comp_chem/ml/affinity/single_task_affinity/data_affinity/O43613/6tos.pdb,,
O43613,4ZJC,/home/corey/Documents/comp_chem/ml/affinity/single_task_affinity/data_affinity/O43613/4zjc.pdb,,
O43613,6TP3,/home/corey/Documents/comp_chem/ml/affinity/single_task_affinity/data_affinity/O43613/6tp3.pdb,,
O43613,6TO7,/home/corey/Documents/comp_chem/ml/affinity/single_task_affinity/data_affinity/O43613/6to7.pdb,,
O43613,6TQ4,/home/corey/Documents/comp_chem/ml/affinity/single_task_affinity/data_affinity/O43613/6tq4.pdb,,
Q8TDS4,8H2G,/home/corey/Documents/comp_chem/ml/affinity/single_task_affinity/data_affinity/Q8TDS4/8h2g.pdb,,
Q8TDS4,8I7W,/home/corey/Documents/comp_chem/ml/affinity/single_task_affinity/data_affinity/Q8TDS4/8i7w.pdb,,
Q8TDS4,8IHB,/home/corey/Documents/comp_chem/ml/affinity/single_task_affinity/data_affinity/Q8TDS4/8ihb.pdb,,
Q8TDS4,7XK2,/home/corey/Documents/comp_chem/ml/affinity/single_task_affinity/data_affinity/Q8TDS4/7xk2.pdb,,
Q8TDS4,8IHF,/home/corey/Documents/comp_chem/ml/affinity/single_task_affinity/data_affinity/Q8TDS4/8ihf.pdb,,
Q8TDS4,8IHI,/home/corey/Documents/comp_chem/ml/affinity/single_task_affinity/data_affinity/Q8TDS4/8ihi.pdb,,
Q8TDS4,7ZL9,/home/corey/Documents/comp_chem/ml/affinity/single_task_affinity/data_affinity/Q8TDS4/7zl9.pdb,,
Q8TDS4,7ZLY,/home/corey/Documents/comp_chem/ml/affinity/single_task_affinity/data_affinity/Q8TDS4/7zly.pdb,,
Q8TDS4,8IHH,/home/corey/Documents/comp_chem/ml/affinity/single_task_affinity/data_affinity/Q8TDS4/8ihh.pdb,,
Q8TDS4,8I7V,/home/corey/Documents/comp_chem/ml/affinity/single_task_affinity/data_affinity/Q8TDS4/8i7v.pdb,,
Q8N6U8,8KH4,/home/corey/Documents/comp_chem/ml/affinity/single_task_affinity/data_affinity/Q8N6U8/8kh4.pdb,,
Q8N6U8,8SMV,/home/corey/Documents/comp_chem/ml/affinity/single_task_affinity/data_affinity/Q8N6U8/8smv.pdb,,
P50052,6JOD,/home/corey/Documents/comp_chem/ml/affinity/single_task_affinity/data_affinity/P50052/6jod.pdb,,
P50052,7JNI,/home/corey/Documents/comp_chem/ml/affinity/single_task_affinity/data_affinity/P50052/7jni.pdb,,
P50052,5UNH,/home/corey/Documents/comp_chem/ml/affinity/single_task_affinity/data_affinity/P50052/5unh.pdb,,
P50052,5XJM,/home/corey/Documents/comp_chem/ml/affinity/single_task_affinity/data_affinity/P50052/5xjm.pdb,,
P50052,5UNF,/home/corey/Documents/comp_chem/ml/affinity/single_task_affinity/data_affinity/P50052/5unf.pdb,,
P50052,7C6A,/home/corey/Documents/comp_chem/ml/affinity/single_task_affinity/data_affinity/P50052/7c6a.pdb,,
P50052,5UNG,/home/corey/Documents/comp_chem/ml/affinity/single_task_affinity/data_affinity/P50052/5ung.pdb,,
P41146,5DHH,/home/corey/Documents/comp_chem/ml/affinity/single_task_affinity/data_affinity/P41146/5dhh.pdb,,
P41146,4EA3,/home/corey/Documents/comp_chem/ml/affinity/single_task_affinity/data_affinity/P41146/4ea3.pdb,,
P41146,8F7X,/home/corey/Documents/comp_chem/ml/affinity/single_task_affinity/data_affinity/P41146/8f7x.pdb,,
P41146,5DHG,/home/corey/Documents/comp_chem/ml/affinity/single_task_affinity/data_affinity/P41146/5dhg.pdb,,
P41231,9K0X,/home/corey/Documents/comp_chem/ml/affinity/single_task_affinity/data_affinity/P41231/9k0x.pdb,,
P41231,9K20,/home/corey/Documents/comp_chem/ml/affinity/single_task_affinity/data_affinity/P41231/9k20.pdb,,
P41231,9K25,/home/corey/Documents/comp_chem/ml/affinity/single_task_affinity/data_affinity/P41231/9k25.pdb,,
Q9HC97,8H8J,/home/corey/Documents/comp_chem/ml/affinity/single_task_affinity/data_affinity/Q9HC97/8h8j.pdb,,
P41968,8W8X,/home/corey/Documents/comp_chem/ml/affinity/single_task_affinity/data_affinity/P41968/8w8x.pdb,,
P41968,8IOC,/home/corey/Documents/comp_chem/ml/affinity/single_task_affinity/data_affinity/P41968/8ioc.pdb,,
P41968,9K3F,/home/corey/Documents/comp_chem/ml/affinity/single_task_affinity/data_affinity/P41968/9k3f.pdb,,
P41968,8KIG,/home/corey/Documents/comp_chem/ml/affinity/single_task_affinity/data_affinity/P41968/8kig.pdb,,
P41968,8W8W,/home/corey/Documents/comp_chem/ml/affinity/single_task_affinity/data_affinity/P41968/8w8w.pdb,,
P41968,8W8Y,/home/corey/Documents/comp_chem/ml/affinity/single_task_affinity/data_affinity/P41968/8w8y.pdb,,
P51681,4MBS,/home/corey/Documents/comp_chem/ml/affinity/single_task_affinity/data_affinity/P51681/4mbs.pdb,,
P51681,5YD4,/home/corey/Documents/comp_chem/ml/affinity/single_task_affinity/data_affinity/P51681/5yd4.pdb,,
P51681,2RLL,/home/corey/Documents/comp_chem/ml/affinity/single_task_affinity/data_affinity/P51681/2rll.pdb,,
P51681,5UIW,/home/corey/Documents/comp_chem/ml/affinity/single_task_affinity/data_affinity/P51681/5uiw.pdb,,
P51681,5YD5,/home/corey/Documents/comp_chem/ml/affinity/single_task_affinity/data_affinity/P51681/5yd5.pdb,,
P51681,2L87,/home/corey/Documents/comp_chem/ml/affinity/single_task_affinity/data_affinity/P51681/2l87.pdb,,
P51681,5YD3,/home/corey/Documents/comp_chem/ml/affinity/single_task_affinity/data_affinity/P51681/5yd3.pdb,,
P51681,5YY4,/home/corey/Documents/comp_chem/ml/affinity/single_task_affinity/data_affinity/P51681/5yy4.pdb,,
P51681,2MZX,/home/corey/Documents/comp_chem/ml/affinity/single_task_affinity/data_affinity/P51681/2mzx.pdb,,
P51681,2RRS,/home/corey/Documents/comp_chem/ml/affinity/single_task_affinity/data_affinity/P51681/2rrs.pdb,,
Q9UNW8,8HQM,/home/corey/Documents/comp_chem/ml/affinity/single_task_affinity/data_affinity/Q9UNW8/8hqm.pdb,,
Q9UNW8,8HQE,/home/corey/Documents/comp_chem/ml/affinity/single_task_affinity/data_affinity/Q9UNW8/8hqe.pdb,,
Q9UNW8,8HQN,/home/corey/Documents/comp_chem/ml/affinity/single_task_affinity/data_affinity/Q9UNW8/8hqn.pdb,,
Q9UNW8,8HVI,/home/corey/Documents/comp_chem/ml/affinity/single_task_affinity/data_affinity/Q9UNW8/8hvi.pdb,,
P08173,7TRP,/home/corey/Documents/comp_chem/ml/affinity/single_task_affinity/data_affinity/P08173/7trp.pdb,,
P08173,7TRK,/home/corey/Documents/comp_chem/ml/affinity/single_task_affinity/data_affinity/P08173/7trk.pdb,,
P08173,6KP6,/home/corey/Documents/comp_chem/ml/affinity/single_task_affinity/data_affinity/P08173/6kp6.pdb,,
P08173,6D9H,/home/corey/Documents/comp_chem/ml/affinity/single_task_affinity/data_affinity/P08173/6d9h.pdb,,
P08173,7TRS,/home/corey/Documents/comp_chem/ml/affinity/single_task_affinity/data_affinity/P08173/7trs.pdb,,
P08173,7V68,/home/corey/Documents/comp_chem/ml/affinity/single_task_affinity/data_affinity/P08173/7v68.pdb,,
P08173,7LD3,/home/corey/Documents/comp_chem/ml/affinity/single_task_affinity/data_affinity/P08173/7ld3.pdb,,
P08173,5DSG,/home/corey/Documents/comp_chem/ml/affinity/single_task_affinity/data_affinity/P08173/5dsg.pdb,,
P08173,7TRQ,/home/corey/Documents/comp_chem/ml/affinity/single_task_affinity/data_affinity/P08173/7trq.pdb,,
P08173,7LD4,/home/corey/Documents/comp_chem/ml/affinity/single_task_affinity/data_affinity/P08173/7ld4.pdb,,
Q9NS75,9IXX,/home/corey/Documents/comp_chem/ml/affinity/single_task_affinity/data_affinity/Q9NS75/9ixx.pdb,,
Q9NS75,6RZ7,/home/corey/Documents/comp_chem/ml/affinity/single_task_affinity/data_affinity/Q9NS75/6rz7.pdb,,
Q9NS75,6RZ9,/home/corey/Documents/comp_chem/ml/affinity/single_task_affinity/data_affinity/Q9NS75/6rz9.pdb,,
Q9NS75,6RZ6,/home/corey/Documents/comp_chem/ml/affinity/single_task_affinity/data_affinity/Q9NS75/6rz6.pdb,,
Q9NS75,6RZ8,/home/corey/Documents/comp_chem/ml/affinity/single_task_affinity/data_affinity/Q9NS75/6rz8.pdb,,
Q9NS75,9JH5,/home/corey/Documents/comp_chem/ml/affinity/single_task_affinity/data_affinity/Q9NS75/9jh5.pdb,,
P41597,2MLQ,/home/corey/Documents/comp_chem/ml/affinity/single_task_affinity/data_affinity/P41597/2mlq.pdb,,
P41597,7XA3,/home/corey/Documents/comp_chem/ml/affinity/single_task_affinity/data_affinity/P41597/7xa3.pdb,,
P41597,7P8X,/home/corey/Documents/comp_chem/ml/affinity/single_task_affinity/data_affinity/P41597/7p8x.pdb,,
P41597,2MLO,/home/corey/Documents/comp_chem/ml/affinity/single_task_affinity/data_affinity/P41597/2mlo.pdb,,
P41597,6GPX,/home/corey/Documents/comp_chem/ml/affinity/single_task_affinity/data_affinity/P41597/6gpx.pdb,,
P41597,6GPS,/home/corey/Documents/comp_chem/ml/affinity/single_task_affinity/data_affinity/P41597/6gps.pdb,,
P41597,5T1A,/home/corey/Documents/comp_chem/ml/affinity/single_task_affinity/data_affinity/P41597/5t1a.pdb,,
P43252,4F8K,/home/corey/Documents/comp_chem/ml/affinity/single_task_affinity/data_affinity/P43252/4f8k.pdb,,
P49146,8K6N,/home/corey/Documents/comp_chem/ml/affinity/single_task_affinity/data_affinity/P49146/8k6n.pdb,,
P49146,7X9B,/home/corey/Documents/comp_chem/ml/affinity/single_task_affinity/data_affinity/P49146/7x9b.pdb,,
P49146,7YON,/home/corey/Documents/comp_chem/ml/affinity/single_task_affinity/data_affinity/P49146/7yon.pdb,,
P49146,7YOO,/home/corey/Documents/comp_chem/ml/affinity/single_task_affinity/data_affinity/P49146/7yoo.pdb,,
P49146,7DDZ,/home/corey/Documents/comp_chem/ml/affinity/single_task_affinity/data_affinity/P49146/7ddz.pdb,,
P51684,6WWZ,/home/corey/Documents/comp_chem/ml/affinity/single_task_affinity/data_affinity/P51684/6wwz.pdb,,
P0DMS8,9EBH,/home/corey/Documents/comp_chem/ml/affinity/single_task_affinity/data_affinity/P0DMS8/9ebh.pdb,,
P0DMS8,9EBI,/home/corey/Documents/comp_chem/ml/affinity/single_task_affinity/data_affinity/P0DMS8/9ebi.pdb,,
P0DMS8,8X17,/home/corey/Documents/comp_chem/ml/affinity/single_task_affinity/data_affinity/P0DMS8/8x17.pdb,,
P0DMS8,8X16,/home/corey/Documents/comp_chem/ml/affinity/single_task_affinity/data_affinity/P0DMS8/8x16.pdb,,
P08100,5W0P,/home/corey/Documents/comp_chem/ml/affinity/single_task_affinity/data_affinity/P08100/5w0p.pdb,,
P08100,6CMO,/home/corey/Documents/comp_chem/ml/affinity/single_task_affinity/data_affinity/P08100/6cmo.pdb,,
P08100,5DGY,/home/corey/Documents/comp_chem/ml/affinity/single_task_affinity/data_affinity/P08100/5dgy.pdb,,
P08100,4ZWJ,/home/corey/Documents/comp_chem/ml/affinity/single_task_affinity/data_affinity/P08100/4zwj.pdb,,
P14416,7JVR,/home/corey/Documents/comp_chem/ml/affinity/single_task_affinity/data_affinity/P14416/7jvr.pdb,,
P14416,8U02,/home/corey/Documents/comp_chem/ml/affinity/single_task_affinity/data_affinity/P14416/8u02.pdb,,
P14416,7DFP,/home/corey/Documents/comp_chem/ml/affinity/single_task_affinity/data_affinity/P14416/7dfp.pdb,,
P14416,6LUQ,/home/corey/Documents/comp_chem/ml/affinity/single_task_affinity/data_affinity/P14416/6luq.pdb,,
P14416,9BS9,/home/corey/Documents/comp_chem/ml/affinity/single_task_affinity/data_affinity/P14416/9bs9.pdb,,
P14416,8TZQ,/home/corey/Documents/comp_chem/ml/affinity/single_task_affinity/data_affinity/P14416/8tzq.pdb,,
P14416,8IRS,/home/corey/Documents/comp_chem/ml/affinity/single_task_affinity/data_affinity/P14416/8irs.pdb,,
P14416,5AER,/home/corey/Documents/comp_chem/ml/affinity/single_task_affinity/data_affinity/P14416/5aer.pdb,,
P14416,6CM4,/home/corey/Documents/comp_chem/ml/affinity/single_task_affinity/data_affinity/P14416/6cm4.pdb,,
P14416,6VMS,/home/corey/Documents/comp_chem/ml/affinity/single_task_affinity/data_affinity/P14416/6vms.pdb,,
P43119,8X79,/home/corey/Documents/comp_chem/ml/affinity/single_task_affinity/data_affinity/P43119/8x79.pdb,,
P43119,8X7A,/home/corey/Documents/comp_chem/ml/affinity/single_task_affinity/data_affinity/P43119/8x7a.pdb,,
P28222,4IAR,/home/corey/Documents/comp_chem/ml/affinity/single_task_affinity/data_affinity/P28222/4iar.pdb,,
P28222,5V54,/home/corey/Documents/comp_chem/ml/affinity/single_task_affinity/data_affinity/P28222/5v54.pdb,,
P28222,6G79,/home/corey/Documents/comp_chem/ml/affinity/single_task_affinity/data_affinity/P28222/6g79.pdb,,
P28222,4IAQ,/home/corey/Documents/comp_chem/ml/affinity/single_task_affinity/data_affinity/P28222/4iaq.pdb,,
P28222,7C61,/home/corey/Documents/comp_chem/ml/affinity/single_task_affinity/data_affinity/P28222/7c61.pdb,,
P35367,8X5Y,/home/corey/Documents/comp_chem/ml/affinity/single_task_affinity/data_affinity/P35367/8x5y.pdb,,
P35367,9LRD,/home/corey/Documents/comp_chem/ml/affinity/single_task_affinity/data_affinity/P35367/9lrd.pdb,,
P35367,8X63,/home/corey/Documents/comp_chem/ml/affinity/single_task_affinity/data_affinity/P35367/8x63.pdb,,
P35367,8YN2,/home/corey/Documents/comp_chem/ml/affinity/single_task_affinity/data_affinity/P35367/8yn2.pdb,,
P35367,8X64,/home/corey/Documents/comp_chem/ml/affinity/single_task_affinity/data_affinity/P35367/8x64.pdb,,
P35367,7DFL,/home/corey/Documents/comp_chem/ml/affinity/single_task_affinity/data_affinity/P35367/7dfl.pdb,,
P35367,8X5X,/home/corey/Documents/comp_chem/ml/affinity/single_task_affinity/data_affinity/P35367/8x5x.pdb,,
P35367,9LRB,/home/corey/Documents/comp_chem/ml/affinity/single_task_affinity/data_affinity/P35367/9lrb.pdb,,
P35367,3RZE,/home/corey/Documents/comp_chem/ml/affinity/single_task_affinity/data_affinity/P35367/3rze.pdb,,
Q13639,7XT9,/home/corey/Documents/comp_chem/ml/affinity/single_task_affinity/data_affinity/Q13639/7xt9.pdb,,
Q13639,7XTA,/home/corey/Documents/comp_chem/ml/affinity/single_task_affinity/data_affinity/Q13639/7xta.pdb,,
Q13639,7XT8,/home/corey/Documents/comp_chem/ml/affinity/single_task_affinity/data_affinity/Q13639/7xt8.pdb,,
Q9GZQ6,9M0R,/home/corey/Documents/comp_chem/ml/affinity/single_task_affinity/data_affinity/Q9GZQ6/9m0r.pdb,,
Q9GZQ6,9M2F,/home/corey/Documents/comp_chem/ml/affinity/single_task_affinity/data_affinity/Q9GZQ6/9m2f.pdb,,
P46094,9AST,/home/corey/Documents/comp_chem/ml/affinity/single_task_affinity/data_affinity/P46094/9ast.pdb,,
P32239,7XOW,/home/corey/Documents/comp_chem/ml/affinity/single_task_affinity/data_affinity/P32239/7xow.pdb,,
P32239,8IA7,/home/corey/Documents/comp_chem/ml/affinity/single_task_affinity/data_affinity/P32239/8ia7.pdb,,
P32239,7F8W,/home/corey/Documents/comp_chem/ml/affinity/single_task_affinity/data_affinity/P32239/7f8w.pdb,,
P32239,1L4T,/home/corey/Documents/comp_chem/ml/affinity/single_task_affinity/data_affinity/P32239/1l4t.pdb,,
P32239,7F8V,/home/corey/Documents/comp_chem/ml/affinity/single_task_affinity/data_affinity/P32239/7f8v.pdb,,
Q9NQS5,8J19,/home/corey/Documents/comp_chem/ml/affinity/single_task_affinity/data_affinity/Q9NQS5/8j19.pdb,,
Q9NQS5,8J1A,/home/corey/Documents/comp_chem/ml/affinity/single_task_affinity/data_affinity/Q9NQS5/8j1a.pdb,,
Q9NQS5,8G05,/home/corey/Documents/comp_chem/ml/affinity/single_task_affinity/data_affinity/Q9NQS5/8g05.pdb,,
Q9NQS5,8J18,/home/corey/Documents/comp_chem/ml/affinity/single_task_affinity/data_affinity/Q9NQS5/8j18.pdb,,
O43614,7SQO,/home/corey/Documents/comp_chem/ml/affinity/single_task_affinity/data_affinity/O43614/7sqo.pdb,,
O43614,6TPG,/home/corey/Documents/comp_chem/ml/affinity/single_task_affinity/data_affinity/O43614/6tpg.pdb,,
O43614,5WQC,/home/corey/Documents/comp_chem/ml/affinity/single_task_affinity/data_affinity/O43614/5wqc.pdb,,
O43614,6TPN,/home/corey/Documents/comp_chem/ml/affinity/single_task_affinity/data_affinity/O43614/6tpn.pdb,,
O43614,5WS3,/home/corey/Documents/comp_chem/ml/affinity/single_task_affinity/data_affinity/O43614/5ws3.pdb,,
O43614,7L1U,/home/corey/Documents/comp_chem/ml/affinity/single_task_affinity/data_affinity/O43614/7l1u.pdb,,
O43614,6TPJ,/home/corey/Documents/comp_chem/ml/affinity/single_task_affinity/data_affinity/O43614/6tpj.pdb,,
O43614,7SR8,/home/corey/Documents/comp_chem/ml/affinity/single_task_affinity/data_affinity/O43614/7sr8.pdb,,
O43614,4S0V,/home/corey/Documents/comp_chem/ml/affinity/single_task_affinity/data_affinity/O43614/4s0v.pdb,,
O43614,7L1V,/home/corey/Documents/comp_chem/ml/affinity/single_task_affinity/data_affinity/O43614/7l1v.pdb,,
P02699,1GZM,/home/corey/Documents/comp_chem/ml/affinity/single_task_affinity/data_affinity/P02699/1gzm.pdb,,
P02699,1HZX,/home/corey/Documents/comp_chem/ml/affinity/single_task_affinity/data_affinity/P02699/1hzx.pdb,,
P02699,1L9H,/home/corey/Documents/comp_chem/ml/affinity/single_task_affinity/data_affinity/P02699/1l9h.pdb,,
P02699,1F88,/home/corey/Documents/comp_chem/ml/affinity/single_task_affinity/data_affinity/P02699/1f88.pdb,,
P02699,1EDS,/home/corey/Documents/comp_chem/ml/affinity/single_task_affinity/data_affinity/P02699/1eds.pdb,,
P02699,1EDW,/home/corey/Documents/comp_chem/ml/affinity/single_task_affinity/data_affinity/P02699/1edw.pdb,,
P02699,1EDV,/home/corey/Documents/comp_chem/ml/affinity/single_task_affinity/data_affinity/P02699/1edv.pdb,,
P02699,1FDF,/home/corey/Documents/comp_chem/ml/affinity/single_task_affinity/data_affinity/P02699/1fdf.pdb,,
P02699,1JFP,/home/corey/Documents/comp_chem/ml/affinity/single_task_affinity/data_affinity/P02699/1jfp.pdb,,
P02699,1EDX,/home/corey/Documents/comp_chem/ml/affinity/single_task_affinity/data_affinity/P02699/1edx.pdb,,
P49286,6ME6,/home/corey/Documents/comp_chem/ml/affinity/single_task_affinity/data_affinity/P49286/6me6.pdb,,
P49286,6ME8,/home/corey/Documents/comp_chem/ml/affinity/single_task_affinity/data_affinity/P49286/6me8.pdb,,
P49286,7VH0,/home/corey/Documents/comp_chem/ml/affinity/single_task_affinity/data_affinity/P49286/7vh0.pdb,,
P49286,6ME7,/home/corey/Documents/comp_chem/ml/affinity/single_task_affinity/data_affinity/P49286/6me7.pdb,,
P49286,6ME9,/home/corey/Documents/comp_chem/ml/affinity/single_task_affinity/data_affinity/P49286/6me9.pdb,,
P32249,7TUZ,/home/corey/Documents/comp_chem/ml/affinity/single_task_affinity/data_affinity/P32249/7tuz.pdb,,
P32249,7TUY,/home/corey/Documents/comp_chem/ml/affinity/single_task_affinity/data_affinity/P32249/7tuy.pdb,,
P30411,7F2O,/home/corey/Documents/comp_chem/ml/affinity/single_task_affinity/data_affinity/P30411/7f2o.pdb,,
P30411,7F6H,/home/corey/Documents/comp_chem/ml/affinity/single_task_affinity/data_affinity/P30411/7f6h.pdb,,
P30411,7F6I,/home/corey/Documents/comp_chem/ml/affinity/single_task_affinity/data_affinity/P30411/7f6i.pdb,,
P24530,5XPR,/home/corey/Documents/comp_chem/ml/affinity/single_task_affinity/data_affinity/P24530/5xpr.pdb,,
P24530,6IGL,/home/corey/Documents/comp_chem/ml/affinity/single_task_affinity/data_affinity/P24530/6igl.pdb,,
P24530,6IGK,/home/corey/Documents/comp_chem/ml/affinity/single_task_affinity/data_affinity/P24530/6igk.pdb,,
P24530,5GLI,/home/corey/Documents/comp_chem/ml/affinity/single_task_affinity/data_affinity/P24530/5gli.pdb,,
P24530,6LRY,/home/corey/Documents/comp_chem/ml/affinity/single_task_affinity/data_affinity/P24530/6lry.pdb,,
P24530,5GLH,/home/corey/Documents/comp_chem/ml/affinity/single_task_affinity/data_affinity/P24530/5glh.pdb,,
P24530,5X93,/home/corey/Documents/comp_chem/ml/affinity/single_task_affinity/data_affinity/P24530/5x93.pdb,,
P24530,8IY5,/home/corey/Documents/comp_chem/ml/affinity/single_task_affinity/data_affinity/P24530/8iy5.pdb,,
P24530,6K1Q,/home/corey/Documents/comp_chem/ml/affinity/single_task_affinity/data_affinity/P24530/6k1q.pdb,,
P24530,8HBD,/home/corey/Documents/comp_chem/ml/affinity/single_task_affinity/data_affinity/P24530/8hbd.pdb,,
Q9Y5X5,9M54,/home/corey/Documents/comp_chem/ml/affinity/single_task_affinity/data_affinity/Q9Y5X5/9m54.pdb,,
Q9Y5X5,9M1O,/home/corey/Documents/comp_chem/ml/affinity/single_task_affinity/data_affinity/Q9Y5X5/9m1o.pdb,,
Q9Y5X5,9JG0,/home/corey/Documents/comp_chem/ml/affinity/single_task_affinity/data_affinity/Q9Y5X5/9jg0.pdb,,
Q9Y5X5,9JFY,/home/corey/Documents/comp_chem/ml/affinity/single_task_affinity/data_affinity/Q9Y5X5/9jfy.pdb,,
O14843,8J20,/home/corey/Documents/comp_chem/ml/affinity/single_task_affinity/data_affinity/O14843/8j20.pdb,,
O14843,8J21,/home/corey/Documents/comp_chem/ml/affinity/single_task_affinity/data_affinity/O14843/8j21.pdb,,
P28566,8UH3,/home/corey/Documents/comp_chem/ml/affinity/single_task_affinity/data_affinity/P28566/8uh3.pdb,,
P28566,8UGY,/home/corey/Documents/comp_chem/ml/affinity/single_task_affinity/data_affinity/P28566/8ugy.pdb,,
P28566,7E33,/home/corey/Documents/comp_chem/ml/affinity/single_task_affinity/data_affinity/P28566/7e33.pdb,,
Q15722,7K15,/home/corey/Documents/comp_chem/ml/affinity/single_task_affinity/data_affinity/Q15722/7k15.pdb,,
Q15722,7VKT,/home/corey/Documents/comp_chem/ml/affinity/single_task_affinity/data_affinity/Q15722/7vkt.pdb,,
P28221,7E32,/home/corey/Documents/comp_chem/ml/affinity/single_task_affinity/data_affinity/P28221/7e32.pdb,,
P18089,6K42,/home/corey/Documents/comp_chem/ml/affinity/single_task_affinity/data_affinity/P18089/6k42.pdb,,
P18089,6K41,/home/corey/Documents/comp_chem/ml/affinity/single_task_affinity/data_affinity/P18089/6k41.pdb,,
P20789,4GRV,/home/corey/Documents/comp_chem/ml/affinity/single_task_affinity/data_affinity/P20789/4grv.pdb,,
P20789,3ZEV,/home/corey/Documents/comp_chem/ml/affinity/single_task_affinity/data_affinity/P20789/3zev.pdb,,
P20789,5T04,/home/corey/Documents/comp_chem/ml/affinity/single_task_affinity/data_affinity/P20789/5t04.pdb,,
P20789,4BWB,/home/corey/Documents/comp_chem/ml/affinity/single_task_affinity/data_affinity/P20789/4bwb.pdb,,
P20789,4XES,/home/corey/Documents/comp_chem/ml/affinity/single_task_affinity/data_affinity/P20789/4xes.pdb,,
P20789,4BV0,/home/corey/Documents/comp_chem/ml/affinity/single_task_affinity/data_affinity/P20789/4bv0.pdb,,
P20789,4XEE,/home/corey/Documents/comp_chem/ml/affinity/single_task_affinity/data_affinity/P20789/4xee.pdb,,
P20789,4BUO,/home/corey/Documents/comp_chem/ml/affinity/single_task_affinity/data_affinity/P20789/4buo.pdb,,
P30559,7QVM,/home/corey/Documents/comp_chem/ml/affinity/single_task_affinity/data_affinity/P30559/7qvm.pdb,,
P30559,7RYC,/home/corey/Documents/comp_chem/ml/affinity/single_task_affinity/data_affinity/P30559/7ryc.pdb,,
P30559,6TPK,/home/corey/Documents/comp_chem/ml/affinity/single_task_affinity/data_affinity/P30559/6tpk.pdb,,
P32248,6QZH,/home/corey/Documents/comp_chem/ml/affinity/single_task_affinity/data_affinity/P32248/6qzh.pdb,,
Q96P65,8ZH8,/home/corey/Documents/comp_chem/ml/affinity/single_task_affinity/data_affinity/Q96P65/8zh8.pdb,,
Q96P65,8WZ2,/home/corey/Documents/comp_chem/ml/affinity/single_task_affinity/data_affinity/Q96P65/8wz2.pdb,,
P29274,3QAK,/home/corey/Documents/comp_chem/ml/affinity/single_task_affinity/data_affinity/P29274/3qak.pdb,,
P29274,3RFM,/home/corey/Documents/comp_chem/ml/affinity/single_task_affinity/data_affinity/P29274/3rfm.pdb,,
P29274,3UZC,/home/corey/Documents/comp_chem/ml/affinity/single_task_affinity/data_affinity/P29274/3uzc.pdb,,
P29274,3REY,/home/corey/Documents/comp_chem/ml/affinity/single_task_affinity/data_affinity/P29274/3rey.pdb,,
P29274,3UZA,/home/corey/Documents/comp_chem/ml/affinity/single_task_affinity/data_affinity/P29274/3uza.pdb,,
P29274,3VG9,/home/corey/Documents/comp_chem/ml/affinity/single_task_affinity/data_affinity/P29274/3vg9.pdb,,
P29274,2YDV,/home/corey/Documents/comp_chem/ml/affinity/single_task_affinity/data_affinity/P29274/2ydv.pdb,,
P29274,3EML,/home/corey/Documents/comp_chem/ml/affinity/single_task_affinity/data_affinity/P29274/3eml.pdb,,
P29274,2YDO,/home/corey/Documents/comp_chem/ml/affinity/single_task_affinity/data_affinity/P29274/2ydo.pdb,,
P29274,3PWH,/home/corey/Documents/comp_chem/ml/affinity/single_task_affinity/data_affinity/P29274/3pwh.pdb,,
Q96RJ0,8JLO,/home/corey/Documents/comp_chem/ml/affinity/single_task_affinity/data_affinity/Q96RJ0/8jlo.pdb,,
Q96RJ0,8JLQ,/home/corey/Documents/comp_chem/ml/affinity/single_task_affinity/data_affinity/Q96RJ0/8jlq.pdb,,
Q96RJ0,8UHB,/home/corey/Documents/comp_chem/ml/affinity/single_task_affinity/data_affinity/Q96RJ0/8uhb.pdb,,
Q96RJ0,8W89,/home/corey/Documents/comp_chem/ml/affinity/single_task_affinity/data_affinity/Q96RJ0/8w89.pdb,,
Q96RJ0,8JLP,/home/corey/Documents/comp_chem/ml/affinity/single_task_affinity/data_affinity/Q96RJ0/8jlp.pdb,,
Q96RJ0,8W87,/home/corey/Documents/comp_chem/ml/affinity/single_task_affinity/data_affinity/Q96RJ0/8w87.pdb,,
Q96RJ0,8JLR,/home/corey/Documents/comp_chem/ml/affinity/single_task_affinity/data_affinity/Q96RJ0/8jlr.pdb,,
Q96RJ0,8JLN,/home/corey/Documents/comp_chem/ml/affinity/single_task_affinity/data_affinity/Q96RJ0/8jln.pdb,,
Q96RJ0,8W88,/home/corey/Documents/comp_chem/ml/affinity/single_task_affinity/data_affinity/Q96RJ0/8w88.pdb,,
Q96RJ0,8JSO,/home/corey/Documents/comp_chem/ml/affinity/single_task_affinity/data_affinity/Q96RJ0/8jso.pdb,,
P28223,6A94,/home/corey/Documents/comp_chem/ml/affinity/single_task_affinity/data_affinity/P28223/6a94.pdb,,
P28223,6A93,/home/corey/Documents/comp_chem/ml/affinity/single_task_affinity/data_affinity/P28223/6a93.pdb,,
P28223,7VOD,/home/corey/Documents/comp_chem/ml/affinity/single_task_affinity/data_affinity/P28223/7vod.pdb,,
P28223,6WHA,/home/corey/Documents/comp_chem/ml/affinity/single_task_affinity/data_affinity/P28223/6wha.pdb,,
P28223,7RAN,/home/corey/Documents/comp_chem/ml/affinity/single_task_affinity/data_affinity/P28223/7ran.pdb,,
P28223,7WC5,/home/corey/Documents/comp_chem/ml/affinity/single_task_affinity/data_affinity/P28223/7wc5.pdb,,
P28223,7WC4,/home/corey/Documents/comp_chem/ml/affinity/single_task_affinity/data_affinity/P28223/7wc4.pdb,,
P28223,6WGT,/home/corey/Documents/comp_chem/ml/affinity/single_task_affinity/data_affinity/P28223/6wgt.pdb,,
P28223,7VOE,/home/corey/Documents/comp_chem/ml/affinity/single_task_affinity/data_affinity/P28223/7voe.pdb,,
P28223,6WH4,/home/corey/Documents/comp_chem/ml/affinity/single_task_affinity/data_affinity/P28223/6wh4.pdb,,
P49682,8XXY,/home/corey/Documents/comp_chem/ml/affinity/single_task_affinity/data_affinity/P49682/8xxy.pdb,,
P49682,8HNL,/home/corey/Documents/comp_chem/ml/affinity/single_task_affinity/data_affinity/P49682/8hnl.pdb,,
P49682,8XXZ,/home/corey/Documents/comp_chem/ml/affinity/single_task_affinity/data_affinity/P49682/8xxz.pdb,,
P49682,8HNK,/home/corey/Documents/comp_chem/ml/affinity/single_task_affinity/data_affinity/P49682/8hnk.pdb,,
P49682,8K2X,/home/corey/Documents/comp_chem/ml/affinity/single_task_affinity/data_affinity/P49682/8k2x.pdb,,
P49682,8HNM,/home/corey/Documents/comp_chem/ml/affinity/single_task_affinity/data_affinity/P49682/8hnm.pdb,,
P49682,8HNN,/home/corey/Documents/comp_chem/ml/affinity/single_task_affinity/data_affinity/P49682/8hnn.pdb,,
P49682,8K2W,/home/corey/Documents/comp_chem/ml/affinity/single_task_affinity/data_affinity/P49682/8k2w.pdb,,
P41595,7SRR,/home/corey/Documents/comp_chem/ml/affinity/single_task_affinity/data_affinity/P41595/7srr.pdb,,
P41595,7SRQ,/home/corey/Documents/comp_chem/ml/affinity/single_task_affinity/data_affinity/P41595/7srq.pdb,,
P41595,6DRX,/home/corey/Documents/comp_chem/ml/affinity/single_task_affinity/data_affinity/P41595/6drx.pdb,,
P41595,4NC3,/home/corey/Documents/comp_chem/ml/affinity/single_task_affinity/data_affinity/P41595/4nc3.pdb,,
P41595,5TUD,/home/corey/Documents/comp_chem/ml/affinity/single_task_affinity/data_affinity/P41595/5tud.pdb,,
P41595,6DRY,/home/corey/Documents/comp_chem/ml/affinity/single_task_affinity/data_affinity/P41595/6dry.pdb,,
P41595,4IB4,/home/corey/Documents/comp_chem/ml/affinity/single_task_affinity/data_affinity/P41595/4ib4.pdb,,
P41595,6DS0,/home/corey/Documents/comp_chem/ml/affinity/single_task_affinity/data_affinity/P41595/6ds0.pdb,,
P41595,5TVN,/home/corey/Documents/comp_chem/ml/affinity/single_task_affinity/data_affinity/P41595/5tvn.pdb,,
P41595,6DRZ,/home/corey/Documents/comp_chem/ml/affinity/single_task_affinity/data_affinity/P41595/6drz.pdb,,
P25103,2KSA,/home/corey/Documents/comp_chem/ml/affinity/single_task_affinity/data_affinity/P25103/2ksa.pdb,,
P25103,7P00,/home/corey/Documents/comp_chem/ml/affinity/single_task_affinity/data_affinity/P25103/7p00.pdb,,
P25103,6HLP,/home/corey/Documents/comp_chem/ml/affinity/single_task_affinity/data_affinity/P25103/6hlp.pdb,,
P25103,2KS9,/home/corey/Documents/comp_chem/ml/affinity/single_task_affinity/data_affinity/P25103/2ks9.pdb,,
P25103,6HLO,/home/corey/Documents/comp_chem/ml/affinity/single_task_affinity/data_affinity/P25103/6hlo.pdb,,
P25103,6E59,/home/corey/Documents/comp_chem/ml/affinity/single_task_affinity/data_affinity/P25103/6e59.pdb,,
P25103,2KSB,/home/corey/Documents/comp_chem/ml/affinity/single_task_affinity/data_affinity/P25103/2ksb.pdb,,
P25103,6J21,/home/corey/Documents/comp_chem/ml/affinity/single_task_affinity/data_affinity/P25103/6j21.pdb,,
P25103,6J20,/home/corey/Documents/comp_chem/ml/affinity/single_task_affinity/data_affinity/P25103/6j20.pdb,,
P25103,6HLL,/home/corey/Documents/comp_chem/ml/affinity/single_task_affinity/data_affinity/P25103/6hll.pdb,,
P33032,9K3H,/home/corey/Documents/comp_chem/ml/affinity/single_task_affinity/data_affinity/P33032/9k3h.pdb,,
P33032,8IOD,/home/corey/Documents/comp_chem/ml/affinity/single_task_affinity/data_affinity/P33032/8iod.pdb,,
P33032,8INR,/home/corey/Documents/comp_chem/ml/affinity/single_task_affinity/data_affinity/P33032/8inr.pdb,,
P48039,6ME4,/home/corey/Documents/comp_chem/ml/affinity/single_task_affinity/data_affinity/P48039/6me4.pdb,,
P48039,6ME5,/home/corey/Documents/comp_chem/ml/affinity/single_task_affinity/data_affinity/P48039/6me5.pdb,,
P48039,7VGZ,/home/corey/Documents/comp_chem/ml/affinity/single_task_affinity/data_affinity/P48039/7vgz.pdb,,
P48039,6ME3,/home/corey/Documents/comp_chem/ml/affinity/single_task_affinity/data_affinity/P48039/6me3.pdb,,
P48039,7DB6,/home/corey/Documents/comp_chem/ml/affinity/single_task_affinity/data_affinity/P48039/7db6.pdb,,
P48039,6ME2,/home/corey/Documents/comp_chem/ml/affinity/single_task_affinity/data_affinity/P48039/6me2.pdb,,
P48039,7VGY,/home/corey/Documents/comp_chem/ml/affinity/single_task_affinity/data_affinity/P48039/7vgy.pdb,,
P48039,6PS8,/home/corey/Documents/comp_chem/ml/affinity/single_task_affinity/data_affinity/P48039/6ps8.pdb,,
P21452,7XWO,/home/corey/Documents/comp_chem/ml/affinity/single_task_affinity/data_affinity/P21452/7xwo.pdb,,
P21554,1LVQ,/home/corey/Documents/comp_chem/ml/affinity/single_task_affinity/data_affinity/P21554/1lvq.pdb,,
P21554,5TGZ,/home/corey/Documents/comp_chem/ml/affinity/single_task_affinity/data_affinity/P21554/5tgz.pdb,,
P21554,5XR8,/home/corey/Documents/comp_chem/ml/affinity/single_task_affinity/data_affinity/P21554/5xr8.pdb,,
P21554,5U09,/home/corey/Documents/comp_chem/ml/affinity/single_task_affinity/data_affinity/P21554/5u09.pdb,,
P21554,1LVR,/home/corey/Documents/comp_chem/ml/affinity/single_task_affinity/data_affinity/P21554/1lvr.pdb,,
P21554,2MZ2,/home/corey/Documents/comp_chem/ml/affinity/single_task_affinity/data_affinity/P21554/2mz2.pdb,,
P21554,2KOE,/home/corey/Documents/comp_chem/ml/affinity/single_task_affinity/data_affinity/P21554/2koe.pdb,,
P21554,2MZ3,/home/corey/Documents/comp_chem/ml/affinity/single_task_affinity/data_affinity/P21554/2mz3.pdb,,
P21554,2B0Y,/home/corey/Documents/comp_chem/ml/affinity/single_task_affinity/data_affinity/P21554/2b0y.pdb,,
P21554,2MZA,/home/corey/Documents/comp_chem/ml/affinity/single_task_affinity/data_affinity/P21554/2mza.pdb,,
P49685,8ZQE,/home/corey/Documents/comp_chem/ml/affinity/single_task_affinity/data_affinity/P49685/8zqe.pdb,,
Q96P66,8W8R,/home/corey/Documents/comp_chem/ml/affinity/single_task_affinity/data_affinity/Q96P66/8w8r.pdb,,
Q96P66,8W8S,/home/corey/Documents/comp_chem/ml/affinity/single_task_affinity/data_affinity/Q96P66/8w8s.pdb,,
Q96P66,8W8Q,/home/corey/Documents/comp_chem/ml/affinity/single_task_affinity/data_affinity/Q96P66/8w8q.pdb,,
Q9BXC0,9J8Z,/home/corey/Documents/comp_chem/ml/affinity/single_task_affinity/data_affinity/Q9BXC0/9j8z.pdb,,
P21918,8IRV,/home/corey/Documents/comp_chem/ml/affinity/single_task_affinity/data_affinity/P21918/8irv.pdb,,
Q9Y271,6RZ4,/home/corey/Documents/comp_chem/ml/affinity/single_task_affinity/data_affinity/Q9Y271/6rz4.pdb,,
Q9Y271,6RZ5,/home/corey/Documents/comp_chem/ml/affinity/single_task_affinity/data_affinity/Q9Y271/6rz5.pdb,,
P30556,6DO1,/home/corey/Documents/comp_chem/ml/affinity/single_task_affinity/data_affinity/P30556/6do1.pdb,,
P30556,6OS2,/home/corey/Documents/comp_chem/ml/affinity/single_task_affinity/data_affinity/P30556/6os2.pdb,,
P30556,8TH4,/home/corey/Documents/comp_chem/ml/affinity/single_task_affinity/data_affinity/P30556/8th4.pdb,,
P30556,6OS1,/home/corey/Documents/comp_chem/ml/affinity/single_task_affinity/data_affinity/P30556/6os1.pdb,,
P30556,8TH3,/home/corey/Documents/comp_chem/ml/affinity/single_task_affinity/data_affinity/P30556/8th3.pdb,,
P30556,9EAH,/home/corey/Documents/comp_chem/ml/affinity/single_task_affinity/data_affinity/P30556/9eah.pdb,,
P30556,4YAY,/home/corey/Documents/comp_chem/ml/affinity/single_task_affinity/data_affinity/P30556/4yay.pdb,,
P30556,6OS0,/home/corey/Documents/comp_chem/ml/affinity/single_task_affinity/data_affinity/P30556/6os0.pdb,,
P30556,4ZUD,/home/corey/Documents/comp_chem/ml/affinity/single_task_affinity/data_affinity/P30556/4zud.pdb,,
P30556,9EAI,/home/corey/Documents/comp_chem/ml/affinity/single_task_affinity/data_affinity/P30556/9eai.pdb,,
Q9UKP6,6HVK,/home/corey/Documents/comp_chem/ml/affinity/single_task_affinity/data_affinity/Q9UKP6/6hvk.pdb,,
P25106,7SK3,/home/corey/Documents/comp_chem/ml/affinity/single_task_affinity/data_affinity/P25106/7sk3.pdb,,
P25106,7SK9,/home/corey/Documents/comp_chem/ml/affinity/single_task_affinity/data_affinity/P25106/7sk9.pdb,,
P25106,7SK4,/home/corey/Documents/comp_chem/ml/affinity/single_task_affinity/data_affinity/P25106/7sk4.pdb,,
P25106,7SK8,/home/corey/Documents/comp_chem/ml/affinity/single_task_affinity/data_affinity/P25106/7sk8.pdb,,
P25106,8TII,/home/corey/Documents/comp_chem/ml/affinity/single_task_affinity/data_affinity/P25106/8tii.pdb,,
P25106,8TIL,/home/corey/Documents/comp_chem/ml/affinity/single_task_affinity/data_affinity/P25106/8til.pdb,,
P25106,7SK7,/home/corey/Documents/comp_chem/ml/affinity/single_task_affinity/data_affinity/P25106/7sk7.pdb,,
P25106,7SK5,/home/corey/Documents/comp_chem/ml/affinity/single_task_affinity/data_affinity/P25106/7sk5.pdb,,
P25106,7SK6,/home/corey/Documents/comp_chem/ml/affinity/single_task_affinity/data_affinity/P25106/7sk6.pdb,,
P25106,6K3F,/home/corey/Documents/comp_chem/ml/affinity/single_task_affinity/data_affinity/P25106/6k3f.pdb,,
P11229,6OIJ,/home/corey/Documents/comp_chem/ml/affinity/single_task_affinity/data_affinity/P11229/6oij.pdb,,
P11229,6WJC,/home/corey/Documents/comp_chem/ml/affinity/single_task_affinity/data_affinity/P11229/6wjc.pdb,,
P11229,5CXV,/home/corey/Documents/comp_chem/ml/affinity/single_task_affinity/data_affinity/P11229/5cxv.pdb,,
P11229,6ZG4,/home/corey/Documents/comp_chem/ml/affinity/single_task_affinity/data_affinity/P11229/6zg4.pdb,,
P11229,6ZFZ,/home/corey/Documents/comp_chem/ml/affinity/single_task_affinity/data_affinity/P11229/6zfz.pdb,,
P11229,6ZG9,/home/corey/Documents/comp_chem/ml/affinity/single_task_affinity/data_affinity/P11229/6zg9.pdb,,
Q92847,7F83,/home/corey/Documents/comp_chem/ml/affinity/single_task_affinity/data_affinity/Q92847/7f83.pdb,,
Q92847,6KO5,/home/corey/Documents/comp_chem/ml/affinity/single_task_affinity/data_affinity/Q92847/6ko5.pdb,,
Q92847,7F9Y,/home/corey/Documents/comp_chem/ml/affinity/single_task_affinity/data_affinity/Q92847/7f9y.pdb,,
Q92847,7NA7,/home/corey/Documents/comp_chem/ml/affinity/single_task_affinity/data_affinity/Q92847/7na7.pdb,,
Q92847,7NA8,/home/corey/Documents/comp_chem/ml/affinity/single_task_affinity/data_affinity/Q92847/7na8.pdb,,
Q92847,7W2Z,/home/corey/Documents/comp_chem/ml/affinity/single_task_affinity/data_affinity/Q92847/7w2z.pdb,,
Q92847,7F9Z,/home/corey/Documents/comp_chem/ml/affinity/single_task_affinity/data_affinity/Q92847/7f9z.pdb,,
Q92847,8JSR,/home/corey/Documents/comp_chem/ml/affinity/single_task_affinity/data_affinity/Q92847/8jsr.pdb,,
P16473,7T9N,/home/corey/Documents/comp_chem/ml/affinity/single_task_affinity/data_affinity/P16473/7t9n.pdb,,
P16473,7T9I,/home/corey/Documents/comp_chem/ml/affinity/single_task_affinity/data_affinity/P16473/7t9i.pdb,,
P16473,2XWT,/home/corey/Documents/comp_chem/ml/affinity/single_task_affinity/data_affinity/P16473/2xwt.pdb,,
P16473,7XW5,/home/corey/Documents/comp_chem/ml/affinity/single_task_affinity/data_affinity/P16473/7xw5.pdb,,
P16473,7UTZ,/home/corey/Documents/comp_chem/ml/affinity/single_task_affinity/data_affinity/P16473/7utz.pdb,,
P16473,7XW6,/home/corey/Documents/comp_chem/ml/affinity/single_task_affinity/data_affinity/P16473/7xw6.pdb,,
P16473,7T9M,/home/corey/Documents/comp_chem/ml/affinity/single_task_affinity/data_affinity/P16473/7t9m.pdb,,
P16473,3G04,/home/corey/Documents/comp_chem/ml/affinity/single_task_affinity/data_affinity/P16473/3g04.pdb,,
Q9GZQ4,7XK8,/home/corey/Documents/comp_chem/ml/affinity/single_task_affinity/data_affinity/Q9GZQ4/7xk8.pdb,,
Q9GZQ4,7W57,/home/corey/Documents/comp_chem/ml/affinity/single_task_affinity/data_affinity/Q9GZQ4/7w57.pdb,,
Q9GZQ4,7W55,/home/corey/Documents/comp_chem/ml/affinity/single_task_affinity/data_affinity/Q9GZQ4/7w55.pdb,,
P35408,5YHL,/home/corey/Documents/comp_chem/ml/affinity/single_task_affinity/data_affinity/P35408/5yhl.pdb,,
P35408,7D7M,/home/corey/Documents/comp_chem/ml/affinity/single_task_affinity/data_affinity/P35408/7d7m.pdb,,
P35408,8GDA,/home/corey/Documents/comp_chem/ml/affinity/single_task_affinity/data_affinity/P35408/8gda.pdb,,
P35408,8GCP,/home/corey/Documents/comp_chem/ml/affinity/single_task_affinity/data_affinity/P35408/8gcp.pdb,,
P35408,8GDB,/home/corey/Documents/comp_chem/ml/affinity/single_task_affinity/data_affinity/P35408/8gdb.pdb,,
P35408,8GCM,/home/corey/Documents/comp_chem/ml/affinity/single_task_affinity/data_affinity/P35408/8gcm.pdb,,
P35408,5YWY,/home/corey/Documents/comp_chem/ml/affinity/single_task_affinity/data_affinity/P35408/5ywy.pdb,,
P35408,8GD9,/home/corey/Documents/comp_chem/ml/affinity/single_task_affinity/data_affinity/P35408/8gd9.pdb,,
P30542,5N2S,/home/corey/Documents/comp_chem/ml/affinity/single_task_affinity/data_affinity/P30542/5n2s.pdb,,
P30542,6D9H,/home/corey/Documents/comp_chem/ml/affinity/single_task_affinity/data_affinity/P30542/6d9h.pdb,,
P30542,7LD3,/home/corey/Documents/comp_chem/ml/affinity/single_task_affinity/data_affinity/P30542/7ld3.pdb,,
P30542,5UEN,/home/corey/Documents/comp_chem/ml/affinity/single_task_affinity/data_affinity/P30542/5uen.pdb,,
P30542,7LD4,/home/corey/Documents/comp_chem/ml/affinity/single_task_affinity/data_affinity/P30542/7ld4.pdb,,
Q5QD04,8IWM,/home/corey/Documents/comp_chem/ml/affinity/single_task_affinity/data_affinity/Q5QD04/8iwm.pdb,,
Q5QD04,8ITF,/home/corey/Documents/comp_chem/ml/affinity/single_task_affinity/data_affinity/Q5QD04/8itf.pdb,,
Q5QD04,8IW9,/home/corey/Documents/comp_chem/ml/affinity/single_task_affinity/data_affinity/Q5QD04/8iw9.pdb,,
Q5QD04,8IW1,/home/corey/Documents/comp_chem/ml/affinity/single_task_affinity/data_affinity/Q5QD04/8iw1.pdb,,
Q5QD04,8IW7,/home/corey/Documents/comp_chem/ml/affinity/single_task_affinity/data_affinity/Q5QD04/8iw7.pdb,,
Q5QD04,8IW4,/home/corey/Documents/comp_chem/ml/affinity/single_task_affinity/data_affinity/Q5QD04/8iw4.pdb,,
Q5QD04,8IWE,/home/corey/Documents/comp_chem/ml/affinity/single_task_affinity/data_affinity/Q5QD04/8iwe.pdb,,
P55085,9D0A,/home/corey/Documents/comp_chem/ml/affinity/single_task_affinity/data_affinity/P55085/9d0a.pdb,,
P55085,8ZME,/home/corey/Documents/comp_chem/ml/affinity/single_task_affinity/data_affinity/P55085/8zme.pdb,,
P55085,5NJ6,/home/corey/Documents/comp_chem/ml/affinity/single_task_affinity/data_affinity/P55085/5nj6.pdb,,
P55085,8ZMD,/home/corey/Documents/comp_chem/ml/affinity/single_task_affinity/data_affinity/P55085/8zmd.pdb,,
P55085,5NDZ,/home/corey/Documents/comp_chem/ml/affinity/single_task_affinity/data_affinity/P55085/5ndz.pdb,,
P55085,5NDD,/home/corey/Documents/comp_chem/ml/affinity/single_task_affinity/data_affinity/P55085/5ndd.pdb,,
P08588,7BVQ,/home/corey/Documents/comp_chem/ml/affinity/single_task_affinity/data_affinity/P08588/7bvq.pdb,,
P08588,7BTS,/home/corey/Documents/comp_chem/ml/affinity/single_task_affinity/data_affinity/P08588/7bts.pdb,,
P08588,8S2T,/home/corey/Documents/comp_chem/ml/affinity/single_task_affinity/data_affinity/P08588/8s2t.pdb,,
P08588,7BU6,/home/corey/Documents/comp_chem/ml/affinity/single_task_affinity/data_affinity/P08588/7bu6.pdb,,
P08588,2LSQ,/home/corey/Documents/comp_chem/ml/affinity/single_task_affinity/data_affinity/P08588/2lsq.pdb,,
P08588,7BU7,/home/corey/Documents/comp_chem/ml/affinity/single_task_affinity/data_affinity/P08588/7bu7.pdb,,
Q13258,9E9S,/home/corey/Documents/comp_chem/ml/affinity/single_task_affinity/data_affinity/Q13258/9e9s.pdb,,
Q13258,8ZW0,/home/corey/Documents/comp_chem/ml/affinity/single_task_affinity/data_affinity/Q13258/8zw0.pdb,,
Q13258,9EI5,/home/corey/Documents/comp_chem/ml/affinity/single_task_affinity/data_affinity/Q13258/9ei5.pdb,,
Q13258,9UWD,/home/corey/Documents/comp_chem/ml/affinity/single_task_affinity/data_affinity/Q13258/9uwd.pdb,,
Q5NUL3,8ID9,/home/corey/Documents/comp_chem/ml/affinity/single_task_affinity/data_affinity/Q5NUL3/8id9.pdb,,
Q5NUL3,8G59,/home/corey/Documents/comp_chem/ml/affinity/single_task_affinity/data_affinity/Q5NUL3/8g59.pdb,,
Q5NUL3,8H4I,/home/corey/Documents/comp_chem/ml/affinity/single_task_affinity/data_affinity/Q5NUL3/8h4i.pdb,,
Q5NUL3,8H4L,/home/corey/Documents/comp_chem/ml/affinity/single_task_affinity/data_affinity/Q5NUL3/8h4l.pdb,,
Q5NUL3,8H4K,/home/corey/Documents/comp_chem/ml/affinity/single_task_affinity/data_affinity/Q5NUL3/8h4k.pdb,,
Q5NUL3,8ID4,/home/corey/Documents/comp_chem/ml/affinity/single_task_affinity/data_affinity/Q5NUL3/8id4.pdb,,
Q5NUL3,8ID3,/home/corey/Documents/comp_chem/ml/affinity/single_task_affinity/data_affinity/Q5NUL3/8id3.pdb,,
Q5NUL3,8ID6,/home/corey/Documents/comp_chem/ml/affinity/single_task_affinity/data_affinity/Q5NUL3/8id6.pdb,,
Q5NUL3,8ID8,/home/corey/Documents/comp_chem/ml/affinity/single_task_affinity/data_affinity/Q5NUL3/8id8.pdb,,
Q5NUL3,8IYS,/home/corey/Documents/comp_chem/ml/affinity/single_task_affinity/data_affinity/Q5NUL3/8iys.pdb,,
Q99705,8WWK,/home/corey/Documents/comp_chem/ml/affinity/single_task_affinity/data_affinity/Q99705/8wwk.pdb,,
Q99705,8WWI,/home/corey/Documents/comp_chem/ml/affinity/single_task_affinity/data_affinity/Q99705/8wwi.pdb,,
Q99705,8WWL,/home/corey/Documents/comp_chem/ml/affinity/single_task_affinity/data_affinity/Q99705/8wwl.pdb,,
Q99705,8WWH,/home/corey/Documents/comp_chem/ml/affinity/single_task_affinity/data_affinity/Q99705/8wwh.pdb,,
Q99705,8WSS,/home/corey/Documents/comp_chem/ml/affinity/single_task_affinity/data_affinity/Q99705/8wss.pdb,,
Q99705,8WWM,/home/corey/Documents/comp_chem/ml/affinity/single_task_affinity/data_affinity/Q99705/8wwm.pdb,,
Q99705,8WWJ,/home/corey/Documents/comp_chem/ml/affinity/single_task_affinity/data_affinity/Q99705/8wwj.pdb,,
Q99705,8WWN,/home/corey/Documents/comp_chem/ml/affinity/single_task_affinity/data_affinity/Q99705/8wwn.pdb,,
P51436,6IQL,/home/corey/Documents/comp_chem/ml/affinity/single_task_affinity/data_affinity/P51436/6iql.pdb,,
P08908,7E2X,/home/corey/Documents/comp_chem/ml/affinity/single_task_affinity/data_affinity/P08908/7e2x.pdb,,
P08908,8FYL,/home/corey/Documents/comp_chem/ml/affinity/single_task_affinity/data_affinity/P08908/8fyl.pdb,,
P08908,8JSP,/home/corey/Documents/comp_chem/ml/affinity/single_task_affinity/data_affinity/P08908/8jsp.pdb,,
P08908,8JT6,/home/corey/Documents/comp_chem/ml/affinity/single_task_affinity/data_affinity/P08908/8jt6.pdb,,
P08908,8FYE,/home/corey/Documents/comp_chem/ml/affinity/single_task_affinity/data_affinity/P08908/8fye.pdb,,
P08908,7E2Z,/home/corey/Documents/comp_chem/ml/affinity/single_task_affinity/data_affinity/P08908/7e2z.pdb,,
P08908,8FYT,/home/corey/Documents/comp_chem/ml/affinity/single_task_affinity/data_affinity/P08908/8fyt.pdb,,
P08908,8FY8,/home/corey/Documents/comp_chem/ml/affinity/single_task_affinity/data_affinity/P08908/8fy8.pdb,,
P08908,7E2Y,/home/corey/Documents/comp_chem/ml/affinity/single_task_affinity/data_affinity/P08908/7e2y.pdb,,
P08908,8FYX,/home/corey/Documents/comp_chem/ml/affinity/single_task_affinity/data_affinity/P08908/8fyx.pdb,,
Q9Y5N1,8YUU,/home/corey/Documents/comp_chem/ml/affinity/single_task_affinity/data_affinity/Q9Y5N1/8yuu.pdb,,
Q9Y5N1,9JEQ,/home/corey/Documents/comp_chem/ml/affinity/single_task_affinity/data_affinity/Q9Y5N1/9jeq.pdb,,
Q9Y5N1,8YN5,/home/corey/Documents/comp_chem/ml/affinity/single_task_affinity/data_affinity/Q9Y5N1/8yn5.pdb,,
Q9Y5N1,7F61,/home/corey/Documents/comp_chem/ml/affinity/single_task_affinity/data_affinity/Q9Y5N1/7f61.pdb,,
Q9Y5N1,8YN6,/home/corey/Documents/comp_chem/ml/affinity/single_task_affinity/data_affinity/Q9Y5N1/8yn6.pdb,,
P50391,7X9C,/home/corey/Documents/comp_chem/ml/affinity/single_task_affinity/data_affinity/P50391/7x9c.pdb,,
P30939,7EXD,/home/corey/Documents/comp_chem/ml/affinity/single_task_affinity/data_affinity/P30939/7exd.pdb,,
P28336,8H0P,/home/corey/Documents/comp_chem/ml/affinity/single_task_affinity/data_affinity/P28336/8h0p.pdb,,
P25090,6OMM,/home/corey/Documents/comp_chem/ml/affinity/single_task_affinity/data_affinity/P25090/6omm.pdb,,
P25090,6LW5,/home/corey/Documents/comp_chem/ml/affinity/single_task_affinity/data_affinity/P25090/6lw5.pdb,,
P25090,7T6U,/home/corey/Documents/comp_chem/ml/affinity/single_task_affinity/data_affinity/P25090/7t6u.pdb,,
P25090,7WVV,/home/corey/Documents/comp_chem/ml/affinity/single_task_affinity/data_affinity/P25090/7wvv.pdb,,
P25090,7WVX,/home/corey/Documents/comp_chem/ml/affinity/single_task_affinity/data_affinity/P25090/7wvx.pdb,,
P25090,7T6S,/home/corey/Documents/comp_chem/ml/affinity/single_task_affinity/data_affinity/P25090/7t6s.pdb,,
P25090,7WVY,/home/corey/Documents/comp_chem/ml/affinity/single_task_affinity/data_affinity/P25090/7wvy.pdb,,
P25090,7WVW,/home/corey/Documents/comp_chem/ml/affinity/single_task_affinity/data_affinity/P25090/7wvw.pdb,,
P25090,7T6V,/home/corey/Documents/comp_chem/ml/affinity/single_task_affinity/data_affinity/P25090/7t6v.pdb,,
P25090,8Y62,/home/corey/Documents/comp_chem/ml/affinity/single_task_affinity/data_affinity/P25090/8y62.pdb,,
P34969,7XTC,/home/corey/Documents/comp_chem/ml/affinity/single_task_affinity/data_affinity/P34969/7xtc.pdb,,
P21462,7EUO,/home/corey/Documents/comp_chem/ml/affinity/single_task_affinity/data_affinity/P21462/7euo.pdb,,
P21462,7T6T,/home/corey/Documents/comp_chem/ml/affinity/single_task_affinity/data_affinity/P21462/7t6t.pdb,,
P21462,7WVU,/home/corey/Documents/comp_chem/ml/affinity/single_task_affinity/data_affinity/P21462/7wvu.pdb,,
P21462,7VFX,/home/corey/Documents/comp_chem/ml/affinity/single_task_affinity/data_affinity/P21462/7vfx.pdb,,
P08913,6KUY,/home/corey/Documents/comp_chem/ml/affinity/single_task_affinity/data_affinity/P08913/6kuy.pdb,,
P08913,1HO9,/home/corey/Documents/comp_chem/ml/affinity/single_task_affinity/data_affinity/P08913/1ho9.pdb,,
P08913,7EJ8,/home/corey/Documents/comp_chem/ml/affinity/single_task_affinity/data_affinity/P08913/7ej8.pdb,,
P08913,6KUX,/home/corey/Documents/comp_chem/ml/affinity/single_task_affinity/data_affinity/P08913/6kux.pdb,,
P08913,7EJ0,/home/corey/Documents/comp_chem/ml/affinity/single_task_affinity/data_affinity/P08913/7ej0.pdb,,
P08913,7EJA,/home/corey/Documents/comp_chem/ml/affinity/single_task_affinity/data_affinity/P08913/7eja.pdb,,
P08913,1HLL,/home/corey/Documents/comp_chem/ml/affinity/single_task_affinity/data_affinity/P08913/1hll.pdb,,
P08913,6K42,/home/corey/Documents/comp_chem/ml/affinity/single_task_affinity/data_affinity/P08913/6k42.pdb,,
P08913,1HOD,/home/corey/Documents/comp_chem/ml/affinity/single_task_affinity/data_affinity/P08913/1hod.pdb,,
P08913,1HOF,/home/corey/Documents/comp_chem/ml/affinity/single_task_affinity/data_affinity/P08913/1hof.pdb,,
E7FEL0,8ZFZ,/home/corey/Documents/comp_chem/ml/affinity/single_task_affinity/data_affinity/E7FEL0/8zfz.pdb,,
P18825,6KUW,/home/corey/Documents/comp_chem/ml/affinity/single_task_affinity/data_affinity/P18825/6kuw.pdb,,
P35414,2LOT,/home/corey/Documents/comp_chem/ml/affinity/single_task_affinity/data_affinity/P35414/2lot.pdb,,
P35414,2LOU,/home/corey/Documents/comp_chem/ml/affinity/single_task_affinity/data_affinity/P35414/2lou.pdb,,
P35414,2LOW,/home/corey/Documents/comp_chem/ml/affinity/single_task_affinity/data_affinity/P35414/2low.pdb,,
P35414,7W0L,/home/corey/Documents/comp_chem/ml/affinity/single_task_affinity/data_affinity/P35414/7w0l.pdb,,
P35414,7SUS,/home/corey/Documents/comp_chem/ml/affinity/single_task_affinity/data_affinity/P35414/7sus.pdb,,
P35414,7W0N,/home/corey/Documents/comp_chem/ml/affinity/single_task_affinity/data_affinity/P35414/7w0n.pdb,,
P35414,5VBL,/home/corey/Documents/comp_chem/ml/affinity/single_task_affinity/data_affinity/P35414/5vbl.pdb,,
P35414,2LOV,/home/corey/Documents/comp_chem/ml/affinity/single_task_affinity/data_affinity/P35414/2lov.pdb,,
P35414,7W0M,/home/corey/Documents/comp_chem/ml/affinity/single_task_affinity/data_affinity/P35414/7w0m.pdb,,
P35414,6KNM,/home/corey/Documents/comp_chem/ml/affinity/single_task_affinity/data_affinity/P35414/6knm.pdb,,
P31391,7XMS,/home/corey/Documents/comp_chem/ml/affinity/single_task_affinity/data_affinity/P31391/7xms.pdb,,
P31391,7XMT,/home/corey/Documents/comp_chem/ml/affinity/single_task_affinity/data_affinity/P31391/7xmt.pdb,,
Q00788,2JX4,/home/corey/Documents/comp_chem/ml/affinity/single_task_affinity/data_affinity/Q00788/2jx4.pdb,,
P49238,7XBW,/home/corey/Documents/comp_chem/ml/affinity/single_task_affinity/data_affinity/P49238/7xbw.pdb,,
P49238,7XBX,/home/corey/Documents/comp_chem/ml/affinity/single_task_affinity/data_affinity/P49238/7xbx.pdb,,
P20309,8E9Z,/home/corey/Documents/comp_chem/ml/affinity/single_task_affinity/data_affinity/P20309/8e9z.pdb,,
P20309,8E9W,/home/corey/Documents/comp_chem/ml/affinity/single_task_affinity/data_affinity/P20309/8e9w.pdb,,
P20309,8EA0,/home/corey/Documents/comp_chem/ml/affinity/single_task_affinity/data_affinity/P20309/8ea0.pdb,,
P20309,2CSA,/home/corey/Documents/comp_chem/ml/affinity/single_task_affinity/data_affinity/P20309/2csa.pdb,,
P20309,8E9Y,/home/corey/Documents/comp_chem/ml/affinity/single_task_affinity/data_affinity/P20309/8e9y.pdb,,
P43116,7CX2,/home/corey/Documents/comp_chem/ml/affinity/single_task_affinity/data_affinity/P43116/7cx2.pdb,,
P43116,7CX3,/home/corey/Documents/comp_chem/ml/affinity/single_task_affinity/data_affinity/P43116/7cx3.pdb,,
P43116,7CX4,/home/corey/Documents/comp_chem/ml/affinity/single_task_affinity/data_affinity/P43116/7cx4.pdb,,
Q96P68,8YYW,/home/corey/Documents/comp_chem/ml/affinity/single_task_affinity/data_affinity/Q96P68/8yyw.pdb,,
P46663,7EIB,/home/corey/Documents/comp_chem/ml/affinity/single_task_affinity/data_affinity/P46663/7eib.pdb,,
Q01726,7F4I,/home/corey/Documents/comp_chem/ml/affinity/single_task_affinity/data_affinity/Q01726/7f4i.pdb,,
Q01726,7F4F,/home/corey/Documents/comp_chem/ml/affinity/single_task_affinity/data_affinity/Q01726/7f4f.pdb,,
Q01726,9K3P,/home/corey/Documents/comp_chem/ml/affinity/single_task_affinity/data_affinity/Q01726/9k3p.pdb,,
Q01726,7F4D,/home/corey/Documents/comp_chem/ml/affinity/single_task_affinity/data_affinity/Q01726/7f4d.pdb,,
Q01726,7F4H,/home/corey/Documents/comp_chem/ml/affinity/single_task_affinity/data_affinity/Q01726/7f4h.pdb,,
P21728,7F1O,/home/corey/Documents/comp_chem/ml/affinity/single_task_affinity/data_affinity/P21728/7f1o.pdb,,
P21728,7CKY,/home/corey/Documents/comp_chem/ml/affinity/single_task_affinity/data_affinity/P21728/7cky.pdb,,
P21728,7CKX,/home/corey/Documents/comp_chem/ml/affinity/single_task_affinity/data_affinity/P21728/7ckx.pdb,,
P21728,7CKW,/home/corey/Documents/comp_chem/ml/affinity/single_task_affinity/data_affinity/P21728/7ckw.pdb,,
P21728,7F1Z,/home/corey/Documents/comp_chem/ml/affinity/single_task_affinity/data_affinity/P21728/7f1z.pdb,,
P21728,7CKZ,/home/corey/Documents/comp_chem/ml/affinity/single_task_affinity/data_affinity/P21728/7ckz.pdb,,
P21728,7F24,/home/corey/Documents/comp_chem/ml/affinity/single_task_affinity/data_affinity/P21728/7f24.pdb,,
P21728,7F23,/home/corey/Documents/comp_chem/ml/affinity/single_task_affinity/data_affinity/P21728/7f23.pdb,,
P21728,7F0T,/home/corey/Documents/comp_chem/ml/affinity/single_task_affinity/data_affinity/P21728/7f0t.pdb,,
P21728,7CRH,/home/corey/Documents/comp_chem/ml/affinity/single_task_affinity/data_affinity/P21728/7crh.pdb,,
P08912,6OL9,/home/corey/Documents/comp_chem/ml/affinity/single_task_affinity/data_affinity/P08912/6ol9.pdb,,
P08912,9EK0,/home/corey/Documents/comp_chem/ml/affinity/single_task_affinity/data_affinity/P08912/9ek0.pdb,,
Q969F8,8XGU,/home/corey/Documents/comp_chem/ml/affinity/single_task_affinity/data_affinity/Q969F8/8xgu.pdb,,
Q969F8,7YQE,/home/corey/Documents/comp_chem/ml/affinity/single_task_affinity/data_affinity/Q969F8/7yqe.pdb,,
Q969F8,8ZJD,/home/corey/Documents/comp_chem/ml/affinity/single_task_affinity/data_affinity/Q969F8/8zjd.pdb,,
Q969F8,8ZJE,/home/corey/Documents/comp_chem/ml/affinity/single_task_affinity/data_affinity/Q969F8/8zje.pdb,,
Q969F8,8XGS,/home/corey/Documents/comp_chem/ml/affinity/single_task_affinity/data_affinity/Q969F8/8xgs.pdb,,
Q969F8,8XGO,/home/corey/Documents/comp_chem/ml/affinity/single_task_affinity/data_affinity/Q969F8/8xgo.pdb,,
P34995,9M1H,/home/corey/Documents/comp_chem/ml/affinity/single_task_affinity/data_affinity/P34995/9m1h.pdb,,
P30968,7BR3,/home/corey/Documents/comp_chem/ml/affinity/single_task_affinity/data_affinity/P30968/7br3.pdb,,
P32745,8ZBI,/home/corey/Documents/comp_chem/ml/affinity/single_task_affinity/data_affinity/P32745/8zbi.pdb,,
P35348,8THK,/home/corey/Documents/comp_chem/ml/affinity/single_task_affinity/data_affinity/P35348/8thk.pdb,,
P35348,7YMJ,/home/corey/Documents/comp_chem/ml/affinity/single_task_affinity/data_affinity/P35348/7ymj.pdb,,
P35348,8THL,/home/corey/Documents/comp_chem/ml/affinity/single_task_affinity/data_affinity/P35348/8thl.pdb,,
P35348,7YM8,/home/corey/Documents/comp_chem/ml/affinity/single_task_affinity/data_affinity/P35348/7ym8.pdb,,
P35348,9IQV,/home/corey/Documents/comp_chem/ml/affinity/single_task_affinity/data_affinity/P35348/9iqv.pdb,,
P35348,8HN1,/home/corey/Documents/comp_chem/ml/affinity/single_task_affinity/data_affinity/P35348/8hn1.pdb,,
P35348,7YMH,/home/corey/Documents/comp_chem/ml/affinity/single_task_affinity/data_affinity/P35348/7ymh.pdb,,
P51685,8KFY,/home/corey/Documents/comp_chem/ml/affinity/single_task_affinity/data_affinity/P51685/8kfy.pdb,,
P51685,8KFZ,/home/corey/Documents/comp_chem/ml/affinity/single_task_affinity/data_affinity/P51685/8kfz.pdb,,
P51685,8XML,/home/corey/Documents/comp_chem/ml/affinity/single_task_affinity/data_affinity/P51685/8xml.pdb,,
P51685,8TLM,/home/corey/Documents/comp_chem/ml/affinity/single_task_affinity/data_affinity/P51685/8tlm.pdb,,
P51685,8U1U,/home/corey/Documents/comp_chem/ml/affinity/single_task_affinity/data_affinity/P51685/8u1u.pdb,,
P51685,8KFX,/home/corey/Documents/comp_chem/ml/affinity/single_task_affinity/data_affinity/P51685/8kfx.pdb,,
Q16581,8J6D,/home/corey/Documents/comp_chem/ml/affinity/single_task_affinity/data_affinity/Q16581/8j6d.pdb,,
Q16581,8HK3,/home/corey/Documents/comp_chem/ml/affinity/single_task_affinity/data_affinity/Q16581/8hk3.pdb,,
Q16581,8I9L,/home/corey/Documents/comp_chem/ml/affinity/single_task_affinity/data_affinity/Q16581/8i9l.pdb,,
Q16581,8I9S,/home/corey/Documents/comp_chem/ml/affinity/single_task_affinity/data_affinity/Q16581/8i9s.pdb,,
Q16581,8IA8,/home/corey/Documents/comp_chem/ml/affinity/single_task_affinity/data_affinity/Q16581/8ia8.pdb,,
Q16581,8I9A,/home/corey/Documents/comp_chem/ml/affinity/single_task_affinity/data_affinity/Q16581/8i9a.pdb,,
Q16581,8HK2,/home/corey/Documents/comp_chem/ml/affinity/single_task_affinity/data_affinity/Q16581/8hk2.pdb,,
Q16581,8JA3,/home/corey/Documents/comp_chem/ml/affinity/single_task_affinity/data_affinity/Q16581/8ja3.pdb,,
Q16581,8I95,/home/corey/Documents/comp_chem/ml/affinity/single_task_affinity/data_affinity/Q16581/8i95.pdb,,
Q16581,8I97,/home/corey/Documents/comp_chem/ml/affinity/single_task_affinity/data_affinity/Q16581/8i97.pdb,,
O00590,8GO9,/home/corey/Documents/comp_chem/ml/affinity/single_task_affinity/data_affinity/O00590/8go9.pdb,,
O00590,8J8Z,/home/corey/Documents/comp_chem/ml/affinity/single_task_affinity/data_affinity/O00590/8j8z.pdb,,
O00590,8J8V,/home/corey/Documents/comp_chem/ml/affinity/single_task_affinity/data_affinity/O00590/8j8v.pdb,,
O43603,7XJL,/home/corey/Documents/comp_chem/ml/affinity/single_task_affinity/data_affinity/O43603/7xjl.pdb,,
O43603,7WQ4,/home/corey/Documents/comp_chem/ml/affinity/single_task_affinity/data_affinity/O43603/7wq4.pdb,,
O43603,7XJK,/home/corey/Documents/comp_chem/ml/affinity/single_task_affinity/data_affinity/O43603/7xjk.pdb,,
O43603,7XBD,/home/corey/Documents/comp_chem/ml/affinity/single_task_affinity/data_affinity/O43603/7xbd.pdb,,
Q9H228,7YXA,/home/corey/Documents/comp_chem/ml/affinity/single_task_affinity/data_affinity/Q9H228/7yxa.pdb,,
Q9H228,7EW1,/home/corey/Documents/comp_chem/ml/affinity/single_task_affinity/data_affinity/Q9H228/7ew1.pdb,,
P34981,7XW9,/home/corey/Documents/comp_chem/ml/affinity/single_task_affinity/data_affinity/P34981/7xw9.pdb,,
P34981,7X1U,/home/corey/Documents/comp_chem/ml/affinity/single_task_affinity/data_affinity/P34981/7x1u.pdb,,
P34981,7X1T,/home/corey/Documents/comp_chem/ml/affinity/single_task_affinity/data_affinity/P34981/7x1t.pdb,,
P34981,7WKD,/home/corey/Documents/comp_chem/ml/affinity/single_task_affinity/data_affinity/P34981/7wkd.pdb,,
P07550,3D4S,/home/corey/Documents/comp_chem/ml/affinity/single_task_affinity/data_affinity/P07550/3d4s.pdb,,
P07550,2R4R,/home/corey/Documents/comp_chem/ml/affinity/single_task_affinity/data_affinity/P07550/2r4r.pdb,,
P07550,3NY8,/home/corey/Documents/comp_chem/ml/affinity/single_task_affinity/data_affinity/P07550/3ny8.pdb,,
P07550,1GQ4,/home/corey/Documents/comp_chem/ml/affinity/single_task_affinity/data_affinity/P07550/1gq4.pdb,,
P07550,2RH1,/home/corey/Documents/comp_chem/ml/affinity/single_task_affinity/data_affinity/P07550/2rh1.pdb,,
P07550,3KJ6,/home/corey/Documents/comp_chem/ml/affinity/single_task_affinity/data_affinity/P07550/3kj6.pdb,,
P07550,2R4S,/home/corey/Documents/comp_chem/ml/affinity/single_task_affinity/data_affinity/P07550/2r4s.pdb,,
P07550,3P0G,/home/corey/Documents/comp_chem/ml/affinity/single_task_affinity/data_affinity/P07550/3p0g.pdb,,
P07550,3NY9,/home/corey/Documents/comp_chem/ml/affinity/single_task_affinity/data_affinity/P07550/3ny9.pdb,,
P07550,3NYA,/home/corey/Documents/comp_chem/ml/affinity/single_task_affinity/data_affinity/P07550/3nya.pdb,,
Q92633,7YU3,/home/corey/Documents/comp_chem/ml/affinity/single_task_affinity/data_affinity/Q92633/7yu3.pdb,,
Q92633,7YU6,/home/corey/Documents/comp_chem/ml/affinity/single_task_affinity/data_affinity/Q92633/7yu6.pdb,,
Q92633,7YU4,/home/corey/Documents/comp_chem/ml/affinity/single_task_affinity/data_affinity/Q92633/7yu4.pdb,,
Q92633,7YU5,/home/corey/Documents/comp_chem/ml/affinity/single_task_affinity/data_affinity/Q92633/7yu5.pdb,,
Q92633,7TD2,/home/corey/Documents/comp_chem/ml/affinity/single_task_affinity/data_affinity/Q92633/7td2.pdb,,
Q92633,4Z35,/home/corey/Documents/comp_chem/ml/affinity/single_task_affinity/data_affinity/Q92633/4z35.pdb,,
Q92633,4Z36,/home/corey/Documents/comp_chem/ml/affinity/single_task_affinity/data_affinity/Q92633/4z36.pdb,,
Q92633,7TD0,/home/corey/Documents/comp_chem/ml/affinity/single_task_affinity/data_affinity/Q92633/7td0.pdb,,
Q92633,4Z34,/home/corey/Documents/comp_chem/ml/affinity/single_task_affinity/data_affinity/Q92633/4z34.pdb,,
Q92633,7TD1,/home/corey/Documents/comp_chem/ml/affinity/single_task_affinity/data_affinity/Q92633/7td1.pdb,,
P25025,6LFO,/home/corey/Documents/comp_chem/ml/affinity/single_task_affinity/data_affinity/P25025/6lfo.pdb,,
P25025,8XVU,/home/corey/Documents/comp_chem/ml/affinity/single_task_affinity/data_affinity/P25025/8xvu.pdb,,
P25025,8XWM,/home/corey/Documents/comp_chem/ml/affinity/single_task_affinity/data_affinity/P25025/8xwm.pdb,,
P25025,6KVA,/home/corey/Documents/comp_chem/ml/affinity/single_task_affinity/data_affinity/P25025/6kva.pdb,,
P25025,6LFL,/home/corey/Documents/comp_chem/ml/affinity/single_task_affinity/data_affinity/P25025/6lfl.pdb,,
P25025,6LFM,/home/corey/Documents/comp_chem/ml/affinity/single_task_affinity/data_affinity/P25025/6lfm.pdb,,
P25025,8XWF,/home/corey/Documents/comp_chem/ml/affinity/single_task_affinity/data_affinity/P25025/8xwf.pdb,,
P25025,8XWN,/home/corey/Documents/comp_chem/ml/affinity/single_task_affinity/data_affinity/P25025/8xwn.pdb,,
P25025,8XWA,/home/corey/Documents/comp_chem/ml/affinity/single_task_affinity/data_affinity/P25025/8xwa.pdb,,
P25025,6KVF,/home/corey/Documents/comp_chem/ml/affinity/single_task_affinity/data_affinity/P25025/6kvf.pdb,,
P51582,9K0K,/home/corey/Documents/comp_chem/ml/affinity/single_task_affinity/data_affinity/P51582/9k0k.pdb,,
P32247,9LWP,/home/corey/Documents/comp_chem/ml/affinity/single_task_affinity/data_affinity/P32247/9lwp.pdb,,
P32247,8Y51,/home/corey/Documents/comp_chem/ml/affinity/single_task_affinity/data_affinity/P32247/8y51.pdb,,
P32247,8Y52,/home/corey/Documents/comp_chem/ml/affinity/single_task_affinity/data_affinity/P32247/8y52.pdb,,
P23945,1XWD,/home/corey/Documents/comp_chem/ml/affinity/single_task_affinity/data_affinity/P23945/1xwd.pdb,,
P23945,4MQW,/home/corey/Documents/comp_chem/ml/affinity/single_task_affinity/data_affinity/P23945/4mqw.pdb,,
P23945,4AY9,/home/corey/Documents/comp_chem/ml/affinity/single_task_affinity/data_affinity/P23945/4ay9.pdb,,
P23945,8I2G,/home/corey/Documents/comp_chem/ml/affinity/single_task_affinity/data_affinity/P23945/8i2g.pdb,,
P23945,8I2H,/home/corey/Documents/comp_chem/ml/affinity/single_task_affinity/data_affinity/P23945/8i2h.pdb,,
P50406,7YS6,/home/corey/Documents/comp_chem/ml/affinity/single_task_affinity/data_affinity/P50406/7ys6.pdb,,
P50406,8JLZ,/home/corey/Documents/comp_chem/ml/affinity/single_task_affinity/data_affinity/P50406/8jlz.pdb,,
P50406,7XTB,/home/corey/Documents/comp_chem/ml/affinity/single_task_affinity/data_affinity/P50406/7xtb.pdb,,
O95136,7T6B,/home/corey/Documents/comp_chem/ml/affinity/single_task_affinity/data_affinity/O95136/7t6b.pdb,,
P25105,5ZKP,/home/corey/Documents/comp_chem/ml/affinity/single_task_affinity/data_affinity/P25105/5zkp.pdb,,
P25105,8XYD,/home/corey/Documents/comp_chem/ml/affinity/single_task_affinity/data_affinity/P25105/8xyd.pdb,,
P25105,5ZKQ,/home/corey/Documents/comp_chem/ml/affinity/single_task_affinity/data_affinity/P25105/5zkq.pdb,,
P08172,4MQT,/home/corey/Documents/comp_chem/ml/affinity/single_task_affinity/data_affinity/P08172/4mqt.pdb,,
P08172,5ZKC,/home/corey/Documents/comp_chem/ml/affinity/single_task_affinity/data_affinity/P08172/5zkc.pdb,,
P08172,5ZK3,/home/corey/Documents/comp_chem/ml/affinity/single_task_affinity/data_affinity/P08172/5zk3.pdb,,
P08172,5ZKB,/home/corey/Documents/comp_chem/ml/affinity/single_task_affinity/data_affinity/P08172/5zkb.pdb,,
P08172,4MQS,/home/corey/Documents/comp_chem/ml/affinity/single_task_affinity/data_affinity/P08172/4mqs.pdb,,
P08172,5ZK8,/home/corey/Documents/comp_chem/ml/affinity/single_task_affinity/data_affinity/P08172/5zk8.pdb,,
P08172,5YC8,/home/corey/Documents/comp_chem/ml/affinity/single_task_affinity/data_affinity/P08172/5yc8.pdb,,
P08172,6OIK,/home/corey/Documents/comp_chem/ml/affinity/single_task_affinity/data_affinity/P08172/6oik.pdb,,
P08172,3UON,/home/corey/Documents/comp_chem/ml/affinity/single_task_affinity/data_affinity/P08172/3uon.pdb,,
P08172,6U1N,/home/corey/Documents/comp_chem/ml/affinity/single_task_affinity/data_affinity/P08172/6u1n.pdb,,
P35462,7CMV,/home/corey/Documents/comp_chem/ml/affinity/single_task_affinity/data_affinity/P35462/7cmv.pdb,,
P35462,3PBL,/home/corey/Documents/comp_chem/ml/affinity/single_task_affinity/data_affinity/P35462/3pbl.pdb,,
P35462,8IRT,/home/corey/Documents/comp_chem/ml/affinity/single_task_affinity/data_affinity/P35462/8irt.pdb,,
P35462,7CMU,/home/corey/Documents/comp_chem/ml/affinity/single_task_affinity/data_affinity/P35462/7cmu.pdb,,
O15552,8J22,/home/corey/Documents/comp_chem/ml/affinity/single_task_affinity/data_affinity/O15552/8j22.pdb,,
O15552,9K1D,/home/corey/Documents/comp_chem/ml/affinity/single_task_affinity/data_affinity/O15552/9k1d.pdb,,
O15552,8T3S,/home/corey/Documents/comp_chem/ml/affinity/single_task_affinity/data_affinity/O15552/8t3s.pdb,,
O15552,8J24,/home/corey/Documents/comp_chem/ml/affinity/single_task_affinity/data_affinity/O15552/8j24.pdb,,
O15552,8J23,/home/corey/Documents/comp_chem/ml/affinity/single_task_affinity/data_affinity/O15552/8j23.pdb,,
P42866,7U2L,/home/corey/Documents/comp_chem/ml/affinity/single_task_affinity/data_affinity/P42866/7u2l.pdb,,
P42866,7T2G,/home/corey/Documents/comp_chem/ml/affinity/single_task_affinity/data_affinity/P42866/7t2g.pdb,,
P42866,5C1M,/home/corey/Documents/comp_chem/ml/affinity/single_task_affinity/data_affinity/P42866/5c1m.pdb,,
P42866,7T2H,/home/corey/Documents/comp_chem/ml/affinity/single_task_affinity/data_affinity/P42866/7t2h.pdb,,
P42866,7SBF,/home/corey/Documents/comp_chem/ml/affinity/single_task_affinity/data_affinity/P42866/7sbf.pdb,,
P42866,6DDF,/home/corey/Documents/comp_chem/ml/affinity/single_task_affinity/data_affinity/P42866/6ddf.pdb,,
P42866,7SCG,/home/corey/Documents/comp_chem/ml/affinity/single_task_affinity/data_affinity/P42866/7scg.pdb,,
P42866,6DDE,/home/corey/Documents/comp_chem/ml/affinity/single_task_affinity/data_affinity/P42866/6dde.pdb,,
P42866,7U2K,/home/corey/Documents/comp_chem/ml/affinity/single_task_affinity/data_affinity/P42866/7u2k.pdb,,
P42866,4DKL,/home/corey/Documents/comp_chem/ml/affinity/single_task_affinity/data_affinity/P42866/4dkl.pdb,,
Q96LB1,7VDL,/home/corey/Documents/comp_chem/ml/affinity/single_task_affinity/data_affinity/Q96LB1/7vdl.pdb,,
Q96LB1,7S8L,/home/corey/Documents/comp_chem/ml/affinity/single_task_affinity/data_affinity/Q96LB1/7s8l.pdb,,
Q96LB1,7S8O,/home/corey/Documents/comp_chem/ml/affinity/single_task_affinity/data_affinity/Q96LB1/7s8o.pdb,,
Q96LB1,7VUY,/home/corey/Documents/comp_chem/ml/affinity/single_task_affinity/data_affinity/Q96LB1/7vuy.pdb,,
Q96LB1,7S8N,/home/corey/Documents/comp_chem/ml/affinity/single_task_affinity/data_affinity/Q96LB1/7s8n.pdb,,
Q96LB1,7VDM,/home/corey/Documents/comp_chem/ml/affinity/single_task_affinity/data_affinity/Q96LB1/7vdm.pdb,,
Q96LB1,7VDH,/home/corey/Documents/comp_chem/ml/affinity/single_task_affinity/data_affinity/Q96LB1/7vdh.pdb,,
Q96LB1,7VV0,/home/corey/Documents/comp_chem/ml/affinity/single_task_affinity/data_affinity/Q96LB1/7vv0.pdb,,
Q96LB1,7S8M,/home/corey/Documents/comp_chem/ml/affinity/single_task_affinity/data_affinity/Q96LB1/7s8m.pdb,,
Q96LB1,7VUZ,/home/corey/Documents/comp_chem/ml/affinity/single_task_affinity/data_affinity/Q96LB1/7vuz.pdb,,
Q96RI0,3QDZ,/home/corey/Documents/comp_chem/ml/affinity/single_task_affinity/data_affinity/Q96RI0/3qdz.pdb,,
Q96RI0,2ZPK,/home/corey/Documents/comp_chem/ml/affinity/single_task_affinity/data_affinity/Q96RI0/2zpk.pdb,,
P30550,7W41,/home/corey/Documents/comp_chem/ml/affinity/single_task_affinity/data_affinity/P30550/7w41.pdb,,
P30550,7W3Z,/home/corey/Documents/comp_chem/ml/affinity/single_task_affinity/data_affinity/P30550/7w3z.pdb,,
P30550,7W40,/home/corey/Documents/comp_chem/ml/affinity/single_task_affinity/data_affinity/P30550/7w40.pdb,,
P30550,8H0Q,/home/corey/Documents/comp_chem/ml/affinity/single_task_affinity/data_affinity/P30550/8h0q.pdb,,
P29275,8HDO,/home/corey/Documents/comp_chem/ml/affinity/single_task_affinity/data_affinity/P29275/8hdo.pdb,,
P29275,7XY7,/home/corey/Documents/comp_chem/ml/affinity/single_task_affinity/data_affinity/P29275/7xy7.pdb,,
P29275,8HDP,/home/corey/Documents/comp_chem/ml/affinity/single_task_affinity/data_affinity/P29275/8hdp.pdb,,
P29275,7XY6,/home/corey/Documents/comp_chem/ml/affinity/single_task_affinity/data_affinity/P29275/7xy6.pdb,,
Q9GZN0,7WZ4,/home/corey/Documents/comp_chem/ml/affinity/single_task_affinity/data_affinity/Q9GZN0/7wz4.pdb,,
Q9GZN0,7EJX,/home/corey/Documents/comp_chem/ml/affinity/single_task_affinity/data_affinity/Q9GZN0/7ejx.pdb,,
Q9H255,8F76,/home/corey/Documents/comp_chem/ml/affinity/single_task_affinity/data_affinity/Q9H255/8f76.pdb,,
P04000,8IU2,/home/corey/Documents/comp_chem/ml/affinity/single_task_affinity/data_affinity/P04000/8iu2.pdb,,
Q01718,9K3L,/home/corey/Documents/comp_chem/ml/affinity/single_task_affinity/data_affinity/Q01718/9k3l.pdb,,
Q01718,8GY7,/home/corey/Documents/comp_chem/ml/affinity/single_task_affinity/data_affinity/Q01718/8gy7.pdb,,
P61073,4RWS,/home/corey/Documents/comp_chem/ml/affinity/single_task_affinity/data_affinity/P61073/4rws.pdb,,
P61073,3ODU,/home/corey/Documents/comp_chem/ml/affinity/single_task_affinity/data_affinity/P61073/3odu.pdb,,
P61073,3OE8,/home/corey/Documents/comp_chem/ml/affinity/single_task_affinity/data_affinity/P61073/3oe8.pdb,,
P61073,2K04,/home/corey/Documents/comp_chem/ml/affinity/single_task_affinity/data_affinity/P61073/2k04.pdb,,
P61073,3OE9,/home/corey/Documents/comp_chem/ml/affinity/single_task_affinity/data_affinity/P61073/3oe9.pdb,,
P61073,2K03,/home/corey/Documents/comp_chem/ml/affinity/single_task_affinity/data_affinity/P61073/2k03.pdb,,
P61073,2K05,/home/corey/Documents/comp_chem/ml/affinity/single_task_affinity/data_affinity/P61073/2k05.pdb,,
P61073,2N55,/home/corey/Documents/comp_chem/ml/affinity/single_task_affinity/data_affinity/P61073/2n55.pdb,,
P61073,3OE0,/home/corey/Documents/comp_chem/ml/affinity/single_task_affinity/data_affinity/P61073/3oe0.pdb,,
P61073,3OE6,/home/corey/Documents/comp_chem/ml/affinity/single_task_affinity/data_affinity/P61073/3oe6.pdb,,
P46091,8XGM,/home/corey/Documents/comp_chem/ml/affinity/single_task_affinity/data_affinity/P46091/8xgm.pdb,,
P46091,8JJP,/home/corey/Documents/comp_chem/ml/affinity/single_task_affinity/data_affinity/P46091/8jjp.pdb,,
P46091,9L3Y,/home/corey/Documents/comp_chem/ml/affinity/single_task_affinity/data_affinity/P46091/9l3y.pdb,,
Q9H244,4NTJ,/home/corey/Documents/comp_chem/ml/affinity/single_task_affinity/data_affinity/Q9H244/4ntj.pdb,,
Q9H244,7XXI,/home/corey/Documents/comp_chem/ml/affinity/single_task_affinity/data_affinity/Q9H244/7xxi.pdb,,
Q9H244,4PXZ,/home/corey/Documents/comp_chem/ml/affinity/single_task_affinity/data_affinity/Q9H244/4pxz.pdb,,
Q9H244,4PY0,/home/corey/Documents/comp_chem/ml/affinity/single_task_affinity/data_affinity/Q9H244/4py0.pdb,,
Q9Y2T6,9IY8,/home/corey/Documents/comp_chem/ml/affinity/single_task_affinity/data_affinity/Q9Y2T6/9iy8.pdb,,
P25929,5ZBH,/home/corey/Documents/comp_chem/ml/affinity/single_task_affinity/data_affinity/P25929/5zbh.pdb,,
P25929,8K6O,/home/corey/Documents/comp_chem/ml/affinity/single_task_affinity/data_affinity/P25929/8k6o.pdb,,
P25929,7VGX,/home/corey/Documents/comp_chem/ml/affinity/single_task_affinity/data_affinity/P25929/7vgx.pdb,,
P25929,8K6M,/home/corey/Documents/comp_chem/ml/affinity/single_task_affinity/data_affinity/P25929/8k6m.pdb,,
P25929,7X9A,/home/corey/Documents/comp_chem/ml/affinity/single_task_affinity/data_affinity/P25929/7x9a.pdb,,
P25929,5ZBQ,/home/corey/Documents/comp_chem/ml/affinity/single_task_affinity/data_affinity/P25929/5zbq.pdb,,
P41145,6VI4,/home/corey/Documents/comp_chem/ml/affinity/single_task_affinity/data_affinity/P41145/6vi4.pdb,,
P41145,7YIT,/home/corey/Documents/comp_chem/ml/affinity/single_task_affinity/data_affinity/P41145/7yit.pdb,,
P41145,6B73,/home/corey/Documents/comp_chem/ml/affinity/single_task_affinity/data_affinity/P41145/6b73.pdb,,
P41145,7UL2,/home/corey/Documents/comp_chem/ml/affinity/single_task_affinity/data_affinity/P41145/7ul2.pdb,,
P41145,7T11,/home/corey/Documents/comp_chem/ml/affinity/single_task_affinity/data_affinity/P41145/7t11.pdb,,
P41145,7T10,/home/corey/Documents/comp_chem/ml/affinity/single_task_affinity/data_affinity/P41145/7t10.pdb,,
P41145,7UL5,/home/corey/Documents/comp_chem/ml/affinity/single_task_affinity/data_affinity/P41145/7ul5.pdb,,
P41145,7UL3,/home/corey/Documents/comp_chem/ml/affinity/single_task_affinity/data_affinity/P41145/7ul3.pdb,,
P41145,7Y1F,/home/corey/Documents/comp_chem/ml/affinity/single_task_affinity/data_affinity/P41145/7y1f.pdb,,
P41145,4DJH,/home/corey/Documents/comp_chem/ml/affinity/single_task_affinity/data_affinity/P41145/4djh.pdb,,
Q9H3N8,8YN9,/home/corey/Documents/comp_chem/ml/affinity/single_task_affinity/data_affinity/Q9H3N8/8yn9.pdb,,
Q9H3N8,8JXX,/home/corey/Documents/comp_chem/ml/affinity/single_task_affinity/data_affinity/Q9H3N8/8jxx.pdb,,
Q9H3N8,8JXW,/home/corey/Documents/comp_chem/ml/affinity/single_task_affinity/data_affinity/Q9H3N8/8jxw.pdb,,
Q9H3N8,8JXT,/home/corey/Documents/comp_chem/ml/affinity/single_task_affinity/data_affinity/Q9H3N8/8jxt.pdb,,
Q9H3N8,7YFD,/home/corey/Documents/comp_chem/ml/affinity/single_task_affinity/data_affinity/Q9H3N8/7yfd.pdb,,
Q9H3N8,8JXV,/home/corey/Documents/comp_chem/ml/affinity/single_task_affinity/data_affinity/Q9H3N8/8jxv.pdb,,
Q9H3N8,7YFC,/home/corey/Documents/comp_chem/ml/affinity/single_task_affinity/data_affinity/Q9H3N8/7yfc.pdb,,
Q9H3N8,8HOC,/home/corey/Documents/comp_chem/ml/affinity/single_task_affinity/data_affinity/Q9H3N8/8hoc.pdb,,
Q9H3N8,8HN8,/home/corey/Documents/comp_chem/ml/affinity/single_task_affinity/data_affinity/Q9H3N8/8hn8.pdb,,
P30989,8JPB,/home/corey/Documents/comp_chem/ml/affinity/single_task_affinity/data_affinity/P30989/8jpb.pdb,,
P30989,2LYW,/home/corey/Documents/comp_chem/ml/affinity/single_task_affinity/data_affinity/P30989/2lyw.pdb,,
P30989,7UL2,/home/corey/Documents/comp_chem/ml/affinity/single_task_affinity/data_affinity/P30989/7ul2.pdb,,
P30989,6PWC,/home/corey/Documents/comp_chem/ml/affinity/single_task_affinity/data_affinity/P30989/6pwc.pdb,,
P30989,8JPC,/home/corey/Documents/comp_chem/ml/affinity/single_task_affinity/data_affinity/P30989/8jpc.pdb,,
P30989,6OSA,/home/corey/Documents/comp_chem/ml/affinity/single_task_affinity/data_affinity/P30989/6osa.pdb,,
P30989,8JPF,/home/corey/Documents/comp_chem/ml/affinity/single_task_affinity/data_affinity/P30989/8jpf.pdb,,
P30989,6OS9,/home/corey/Documents/comp_chem/ml/affinity/single_task_affinity/data_affinity/P30989/6os9.pdb,,
P30989,6UP7,/home/corey/Documents/comp_chem/ml/affinity/single_task_affinity/data_affinity/P30989/6up7.pdb,,
P47898,7UM6,/home/corey/Documents/comp_chem/ml/affinity/single_task_affinity/data_affinity/P47898/7um6.pdb,,
P47898,7UM7,/home/corey/Documents/comp_chem/ml/affinity/single_task_affinity/data_affinity/P47898/7um7.pdb,,
P47898,7X5H,/home/corey/Documents/comp_chem/ml/affinity/single_task_affinity/data_affinity/P47898/7x5h.pdb,,
P47898,7UM5,/home/corey/Documents/comp_chem/ml/affinity/single_task_affinity/data_affinity/P47898/7um5.pdb,,
P47898,7UM4,/home/corey/Documents/comp_chem/ml/affinity/single_task_affinity/data_affinity/P47898/7um4.pdb,,
P29371,8JBF,/home/corey/Documents/comp_chem/ml/affinity/single_task_affinity/data_affinity/P29371/8jbf.pdb,,
O75473,4UFR,/home/corey/Documents/comp_chem/ml/affinity/single_task_affinity/data_affinity/O75473/4ufr.pdb,,
O75473,4BSR,/home/corey/Documents/comp_chem/ml/affinity/single_task_affinity/data_affinity/O75473/4bsr.pdb,,
O75473,4BSU,/home/corey/Documents/comp_chem/ml/affinity/single_task_affinity/data_affinity/O75473/4bsu.pdb,,
O75473,4BSS,/home/corey/Documents/comp_chem/ml/affinity/single_task_affinity/data_affinity/O75473/4bss.pdb,,
O75473,4UFS,/home/corey/Documents/comp_chem/ml/affinity/single_task_affinity/data_affinity/O75473/4ufs.pdb,,
O75473,4BST,/home/corey/Documents/comp_chem/ml/affinity/single_task_affinity/data_affinity/O75473/4bst.pdb,,
O75473,4KNG,/home/corey/Documents/comp_chem/ml/affinity/single_task_affinity/data_affinity/O75473/4kng.pdb,,
Q13304,7Y89,/home/corey/Documents/comp_chem/ml/affinity/single_task_affinity/data_affinity/Q13304/7y89.pdb,,
P51677,7X9Y,/home/corey/Documents/comp_chem/ml/affinity/single_task_affinity/data_affinity/P51677/7x9y.pdb,,
P08483,4U15,/home/corey/Documents/comp_chem/ml/affinity/single_task_affinity/data_affinity/P08483/4u15.pdb,,
P08483,5ZHP,/home/corey/Documents/comp_chem/ml/affinity/single_task_affinity/data_affinity/P08483/5zhp.pdb,,
P08483,4U14,/home/corey/Documents/comp_chem/ml/affinity/single_task_affinity/data_affinity/P08483/4u14.pdb,,
P08483,4DAJ,/home/corey/Documents/comp_chem/ml/affinity/single_task_affinity/data_affinity/P08483/4daj.pdb,,
P08483,4U16,/home/corey/Documents/comp_chem/ml/affinity/single_task_affinity/data_affinity/P08483/4u16.pdb,,
Q99500,7EW3,/home/corey/Documents/comp_chem/ml/affinity/single_task_affinity/data_affinity/Q99500/7ew3.pdb,,
Q99500,7EW2,/home/corey/Documents/comp_chem/ml/affinity/single_task_affinity/data_affinity/Q99500/7ew2.pdb,,
Q99500,7C4S,/home/corey/Documents/comp_chem/ml/affinity/single_task_affinity/data_affinity/Q99500/7c4s.pdb,,
Q99500,7EW4,/home/corey/Documents/comp_chem/ml/affinity/single_task_affinity/data_affinity/Q99500/7ew4.pdb,,
P21917,5WIU,/home/corey/Documents/comp_chem/ml/affinity/single_task_affinity/data_affinity/P21917/5wiu.pdb,,
P21917,5WIV,/home/corey/Documents/comp_chem/ml/affinity/single_task_affinity/data_affinity/P21917/5wiv.pdb,,
P35372,8F7R,/home/corey/Documents/comp_chem/ml/affinity/single_task_affinity/data_affinity/P35372/8f7r.pdb,,
P35372,8F7Q,/home/corey/Documents/comp_chem/ml/affinity/single_task_affinity/data_affinity/P35372/8f7q.pdb,,
P35372,8EF5,/home/corey/Documents/comp_chem/ml/affinity/single_task_affinity/data_affinity/P35372/8ef5.pdb,,
P35372,8EFO,/home/corey/Documents/comp_chem/ml/affinity/single_task_affinity/data_affinity/P35372/8efo.pdb,,
P35372,8EFL,/home/corey/Documents/comp_chem/ml/affinity/single_task_affinity/data_affinity/P35372/8efl.pdb,,
P35372,8K9L,/home/corey/Documents/comp_chem/ml/affinity/single_task_affinity/data_affinity/P35372/8k9l.pdb,,
P35372,8EF6,/home/corey/Documents/comp_chem/ml/affinity/single_task_affinity/data_affinity/P35372/8ef6.pdb,,
P35372,8K9K,/home/corey/Documents/comp_chem/ml/affinity/single_task_affinity/data_affinity/P35372/8k9k.pdb,,
P35372,8EFB,/home/corey/Documents/comp_chem/ml/affinity/single_task_affinity/data_affinity/P35372/8efb.pdb,,
P35372,8EFQ,/home/corey/Documents/comp_chem/ml/affinity/single_task_affinity/data_affinity/P35372/8efq.pdb,,
Q8TDU6,7BW0,/home/corey/Documents/comp_chem/ml/affinity/single_task_affinity/data_affinity/Q8TDU6/7bw0.pdb,,
Q8TDU6,7CFN,/home/corey/Documents/comp_chem/ml/affinity/single_task_affinity/data_affinity/Q8TDU6/7cfn.pdb,,
Q8TDU6,9GYO,/home/corey/Documents/comp_chem/ml/affinity/single_task_affinity/data_affinity/Q8TDU6/9gyo.pdb,,
Q8TDU6,7CFM,/home/corey/Documents/comp_chem/ml/affinity/single_task_affinity/data_affinity/Q8TDU6/7cfm.pdb,,
Q8TDU6,7XTQ,/home/corey/Documents/comp_chem/ml/affinity/single_task_affinity/data_affinity/Q8TDU6/7xtq.pdb,,
