,compound_id,smiles,log_bb
0,1_ZHU,CCCCC(C)C,0.86000001
1,2_ZHU,C=C,0.31
2,3_ZHU,C=COC=C,0.13
3,4_ZHU,CCC(C)N1CCN(CC1)C2=CC=C(I)C=C2,1.38
4,5_ZHU,CN1N(C2=CC=CC=C2)C(=O)C(=C1C)F,-0.050000001
5,6_ZHU,CCC(C)NC1=CC(=C(I)C=C1)NC(C)CC,0.63999999
6,7_ZHU,CCCCCC1(CC)C(=O)NC(=O)NC1=O,0.090000004
7,8_ZHU,CN(C)C1=C(SC2=C(N)C=C(CCF)C=C2)C=CC=C1,0.55000001
8,9_ZHU,CCN1CN(C2=CC=C(Br)C=C2)C3(CCN(CCCC(=O)C4=CC=C(F)C=C4)CC3)C1=O,-0.43000001
9,10_ZHU,CCCN1CN(C2=CC=C(Br)C=C2)C3(CCN(CCCC(=O)C4=CC=C(F)C=C4)CC3)C1=O,-0.01
10,11_ZHU,ClC1=CC=CC2=C1C(=NCC(=O)N2)C3=CC=CC=C3,0.5
11,12_ZHU,CC(F)OC(=O)C1=C2CN(C)C(=O)C3=CC(=CC=C3[N]2C=N1)F,-0.090000004
12,13_ZHU,OC(COCF)C[N]1C=CN=C1[N+]([O-])=O,-0.01
13,14_ZHU,CN1CN(C2=CC=CC=C2)C3(CCN(CCCC(=O)C4=CSC(=C4)I)CC3)C1=O,-0.25
14,15_ZHU,CN(C)CC1=CC=C(CSCCNC2=NC=C(CC3=CN=C(C)C=C3)C(=O)N2)O1,-1.0599999
15,16_ZHU,CN1CCN(CC1)C2=NC3=CC=CC=C3NC4=C2C=C(C)S4,0.77999997
16,17_ZHU,ClC1=CC=C2OC3=CC=CC=C3C4CNCC4C2=C1,0.38999999
17,18_ZHU,CC(=O)NC1=CC(=CC=C1)C2=CSC(=N2)N=C(N)N,-1.5700001
18,19_ZHU,CN(C)CC1=CC=C(CSCCNC2=C(C=C[NH]2)[N+]([O-])=O)O1,-1.12
19,20_ZHU,CN(C)CC1=CC=C(O1)C2=CC=CC(=C2)NC3=C(C=C[NH]3)[N+]([O-])=O,-0.27000001
20,21_ZHU,CN(C)CC1=CC=NC(=C1)C2=CC(=CC=C2)NC3=C(C=C[NH]3)[N+]([O-])=O,-0.28
21,22_ZHU,O=C(NCCCOC1=CC=CC(=C1)CN2CCCCC2)C3=CC=CC=C3,-0.23999999
22,23_ZHU,CN1CCN(CCCN2C3=CC=CC=C3SC4=CC=CC(=C24)C(F)(F)F)CC1,1.4400001
23,24_ZHU,CN(C)CC1=CC=C(O1)SCCNC2=C(C(=C[NH]2)CC3=CC=CC=C3)[N+]([O-])=O,-0.73000002
24,25_ZHU,CC1C(C2=CC=CC=C2N(C3=CC=CC=C13)C(=O)N)C,-0.34
25,26_ZHU,COC(=O)NC1=NC2=CC(=CC=C2[NH]1)C(=O)N3CCN(CC3)C4=CC=CC=N4,-1.4
26,27_ZHU,CCN1N=NN(CCN2CCC(CC2)(COC)N(C(=O)CC)C3=CC=CC=C3)C1=O,-0.74000001
27,28_ZHU,CCC1=CC=C(C=C1)C(=O)C(C)CN2CCCC2,1.08
28,29_ZHU,COC(=O)C(C1CCCCN1)C2=CC=CC=C2,0.88
29,30_ZHU,CCCCNC(=O)N[S](=O)(=O)C1=CC=C(C)C=C1,-1.01
30,31_ZHU,NCCC1=C[NH]2=C([NH]1)C=CC=C2,-1.4
31,32_ZHU,CN(C)CC1=CC=C(CSCCNC2=NC=C(CC3=CC=C4C=CC=CC4=C3)C(=O)N2)O1,-1.3
32,33_ZHU,OC(=O)COC1=C(Cl)C=C(Cl)C=C1,0.15000001
33,34_ZHU,CN1CCN(CC1)C2=NC3=CC(=CC=C3NC4=CC=CC=C24)Cl,1.3
34,35_ZHU,CNC(C[N+]([O-])=O)=NCCSC1=CC=C(CN(C)C)O1,-1.23
35,36_ZHU,NCC[N]1N=CC2=CC(=C(Cl)C=C12)Cl,0.11
36,37_ZHU,COC1=CC=C2N(C(C)C(CC(O)=O)C2=C1)C(=O)C3=CC=C(Cl)C=C3,-1.26
37,38_ZHU,COC1=CC(=C2OCCC2=C1)CNC3CCCNC3C4=CC=CC=C4,0.38999999
38,39_ZHU,CCC1=CC(=CC=C1)NC(C)=NC2=CC=CC(=C2)CC,1.2
39,40_ZHU,CCCN(CCC)CCC1=CC(=C2NC(=O)CC2=C1)O,-0.43000001
40,41_ZHU,CCCN(CCC)CCC1=CC=C2NC(=O)CC2=C1,0.25
41,42_ZHU,NC(=O)C1C2=CC=CC=C2C=CC3=CC=CC=C13,0.0
42,43_ZHU,NC(=O)C1C2=CC=CC=C2C3OC3C4=CC=CC=C14,-0.34
43,44_ZHU,OC(=O)C1=C(NCCSCC2=C(Br)C=CC=N2)[NH]C=C1,-0.67000002
44,45_ZHU,ClC1=C(NC2NCC=N2)C(=CC=C1)Cl,0.11
45,46_ZHU,F\C=C\O\C=C\F,0.13
46,47_ZHU,CC1CCN(CCCN2C3=CC=CC=C3SC4=CC=C(C=C24)C(F)(F)F)CC1,1.4400001
47,48_ZHU,NC1=NC(=O)N(C=C1)C2CC(CO)C(CO)O2,-0.79000002
48,49_ZHU,COC1=CC(=CC=C1)CC2CCN(CC2)C3CCC(CC3)(OC)C4=CC5=C(OCO5)C=C4,0.74000001
49,50_ZHU,BrC1=CC=C2C3CNCC(C3)CN2C1=O,-0.050000001
50,51_ZHU,CC(C)(O)CN1N=C(C=CC1=O)C2=C3C=CC=C[N]3N=C2C4=CC=CC=C4,-0.23
51,52_ZHU,CN(C)C(=O)CN1N=C(C=CC1=O)C2=C3C=CC=C[N]3N=C2C4=CC=CC=C4,-1.0
52,53_ZHU,O=C1C=CC(=NN1CCN2CCCCC2)C3=C4C=CC=C[N]4N=C3C5=CC=CC=C5,0.38
53,54_ZHU,CN1CCC(CC1)N2N=C(C=CC2=O)C3=C4C=CC=C[N]4N=C3C5=CC=CC=C5,0.059999999
54,55_ZHU,CC(=O)CN1N=C(C=CC1=O)C2=C3C=CC=C[N]3N=C2C4=CC=CC=C4,-0.31
55,56_ZHU,NC1=NC(=CC=C1)CN2CCC(CC2)NC(=O)C(O)(C3CCC(F)(F)C3)C4=CC=CC=C4,-0.88999999
56,57_ZHU,COC(=O)C1C(C)CC(=CC1=O)NC2=CC=CC(=C2)[N+]([O-])=O,-1.0
57,58_ZHU,COC(=O)C1C(C)CC(=CC1=O)NC2=CC(=CC=C2)OC(F)(F)F,-0.17
58,59_ZHU,COC(=O)C1C(C)CC(=CC1=O)NC2=CC=C(Cl)C=C2,-0.94999999
59,60_ZHU,CC(C)(C)C1=NC(=CC(=N1)C(F)(F)F)N2CCN(CCCSC3=NC=CC(=O)N3)CC2,0.30000001
60,61_ZHU,CC12NC(CC3=CC=CC=C13)C4=CC=CC=C24,1.11
61,62_ZHU,COC1=C(CNC2C3CCN(CC3)C2C(C4=CC=CC=C4)C5=CC=CC=C5)C=C(C=C1)C(C)C,0.47999999
62,63_ZHU,FC(F)OC1=CC=C(OC(F)(F)F)C=C1CNC2CCCNC2C3=CC=CC=C3,0.88
63,64_ZHU,CC(C)OC1=CC=C(OC(F)(F)F)C=C1CNC2CCCNC2C3=CC=CC=C3,0.41
64,65_ZHU,COC1=CC=C(C=C1CNC2CCCNC2C3=CC=CC=C3)[S](C)(=O)=O,-0.15000001
65,66_ZHU,COC1=CC2=C(C=C1CNC3C4CCN(C4)C3C(C5=CC=CC=C5)C6=CC=CC=C6)N(CC2)[S](C)(=O)=O,-1.0
66,67_ZHU,COC1=CC2=C(C=C1CNC3CCCNC3C4=CC=CC=C4)N(C(C)C2)[S](C)(=O)=O,-0.41999999
67,68_ZHU,COC1=CC=C(C=C1CNC2CCCNC2C3=CC=CC=C3)C4=NC=CS4,0.36000001
68,69_ZHU,COC1=C(CNC2CCCNC2C3=CC=CC=C3)C=C(C=C1)N4CCCC4=O,-0.22
69,70_ZHU,COC1=CC2=C(C=C1CNC3CCCNC3C4=CC=CC=C4)N=C(C)S2,0.47999999
70,71_ZHU,COC1=CC=C(C=C1CNC2CCCNC2C3=CC=CC=C3)N(C4=NC(=C(C)S4)C)[S](C)(=O)=O,-0.37
71,72_ZHU,COC1=CC2=C(C=C1CNC3CCCNC3C4=CC=CC=C4)N=C(C)O2,0.49000001
72,73_ZHU,COC1=C(CNC2C3CCN(CC3)C2C(C4=CC=CC=C4)C5=CC=CC=C5)C=C(C=C1)C(C)(C)C,0.46000001
73,74_ZHU,COC1=C(CNC2CCCNC2C3=CC=CC=C3)C=C(C=C1)[N]4N=C(C)C=C4C,0.11
74,75_ZHU,COC1=CC2=C(C=C1CNC3CCCNC3C4=CC=CC=C4)N=C(S2)C(C)(C)C,0.85000002
75,76_ZHU,CC(C)OC1=CC2=C(C=C1CNC3CCCNC3C4=CC=CC=C4)N=C(C)S2,0.31999999
76,77_ZHU,COC1=CC2=C(C=C1CNC3CCCNC3C4=CC=CC=C4)N=C(S2)C5=CC=CC=C5,1.26
77,78_ZHU,COC1=CC2=C(C=C1CNC3CCCNC3C4=CC=CC=C4)N=C(S2)C5CC5,0.62
78,79_ZHU,COC1=C(CNC2C3CCN(CC3)C2C(C4=CC=CC=C4)C5=CC=CC=C5)C=C(C=C1)C(C)(C)O,-0.88999999
79,80_ZHU,COC1=C(CNC2C3CCN(CC3)C2C(C4=CC=CC=C4)C5=CC=CC=C5)C=CC=C1,0.37
80,81_ZHU,COC1=C(CNC2CCCNC2C3=CC=CC=C3)C=CC=C1,0.87
81,82_ZHU,COC1=C(CNC2CCCNC2C3=CC=CC=C3)C=C(C=C1)C(C)(C)C,0.98000002
82,83_ZHU,COC1=CC=C(OC(F)(F)F)C=C1CNC2CCCNC2C3=CC=CC=C3,0.63
83,84_ZHU,COC1=C(CNC2CCCNC2C3=CC=CC=C3)C=C(C=C1)C(C)C,0.92000002
84,85_ZHU,CC(C)(C)C1=CC(=C(OC(F)(F)F)C=C1)CNC2CCCNC2C3=CC=CC=C3,0.95999998
85,86_ZHU,CN1C(=O)N(C)C2=C(N=C[NH]2)C1=O,-0.34099999
86,87_ZHU,ClC1=CC(=C(Cl)C=C1)N=C2NCCN2,0.38
87,88_ZHU,CC1=CC(=CC=C1N=C2NCCN2)Cl,-0.87
88,89_ZHU,CC1=CC(=C(C=C1)N=C2NCCN2)Cl,-0.64999998
89,90_ZHU,CC1=CC(=C(C=C1)N=C2NCCN2)C,-1.3
90,91_ZHU,C1CN=C(N1)NC2=CC=CC=C2,-1.89
91,92_ZHU,CC1=C(C=CC=C1)N=C2NCCN2,-1.39
92,93_ZHU,ClC1=CC(=C(N=C2NCCN2)C(=C1)Cl)Cl,0.47
93,94_ZHU,BrC1=CC(=C(N=C2NCCN2)C(=C1)Br)Br,0.57999998
94,95_ZHU,BrC1=C(N=C2NCCN2)C(=CC=C1)Br,0.33000001
95,96_ZHU,ClC1=CC(=CC(=C1N=C2NCCN2)Cl)Br,0.41
96,97_ZHU,CC1=CC(=CC(=C1N=C2NCCN2)C)Br,-0.28
97,98_ZHU,FC1=C(N=C2NCCN2)C(=CC=C1)F,-0.2
98,99_ZHU,ClCCCl,-0.14
99,100_ZHU,O=C(C)C,-0.15000001
100,101_ZHU,c1ccccc1,0.34999999
101,102_ZHU,OCCCC,-0.02
102,103_ZHU,Oc1ccccc1C(O)=O,-1.11
103,104_ZHU,C(CCCC)CCC,0.69
104,105_ZHU,O=C1N(C)C(CC1)c1cccnc1,-0.22
105,106_ZHU,n1cc(ccc1)C1NCCC1,0.31999999
106,107_ZHU,Clc1cc(ccc1)C(=O)C(NC(C)(C)C)C,1.4
107,108_ZHU,OCC,-0.16
108,109_ZHU,OC,0.02
109,110_ZHU,n1cc(ccc1)C1N(CCC1)C,0.38
110,111_ZHU,[O-][N+]#N,0.029999999
111,112_ZHU,OCCC,-0.15000001
112,113_ZHU,c1ccccc1C,0.36000001
113,114_ZHU,O=C(N)N,-0.14
114,115_ZHU,N(C(Cc1ccccc1)C)C,0.94999999
115,116_ZHU,Clc1ccccc1-c1nc(cc2c1cccc2)C(=O)N(C(CC)C)C,0.47999999
116,117_ZHU,O=C1NC(=O)NC1(c1ccccc1)c1ccccc1,-0.050000001
117,118_ZHU,n1c2c(CCCC2)c(N)c2c1cccc2,-0.12
118,119_ZHU,O(CC(O)CNC(C)C)c1ccc(NC(=O)CCC)cc1C(=O)C,-0.15000001
119,120_ZHU,Oc1ccc(NC(=O)C)cc1,-0.37
120,121_ZHU,O=C1NC(=Nc2n(cnc12)COCCO)N,-0.83999997
121,122_ZHU,Oc1ccc(cc1CO)C(O)CNC(C)(C)C,-1.14
122,123_ZHU,Clc1cc2c(-n3c(nnc3C)CN=C2c2ccccc2)cc1,0.02
123,124_ZHU,O(CC(O)CNC(C)C)c1ccccc1CC=C,-0.23
124,125_ZHU,O=C1N(C)C(=O)N(c2nc[nH]c12)C,-0.31999999
125,126_ZHU,N(CCC=C1c2c(CCc3c1cccc3)cccc2)(C)C,0.89999998
126,127_ZHU,O=C1NC(=O)NC(=O)C1(CCC(C)C)CC,0.11
127,128_ZHU,O=C1N(N(C)C(=C1)C)c1ccccc1,-0.11
128,129_ZHU,O(C(=O)C)c1ccccc1C(O)=O,-0.61000001
129,130_ZHU,O(CC(O)CNC(C)C)c1ccc(cc1)CC(=O)N,-1.14
130,131_ZHU,O=C1NC(=O)NC(=O)C1(CC)CC,-0.14
131,132_ZHU,O(C(=O)c1ccc(N)cc1)CC,0.27000001
132,133_ZHU,n1ccccc1CCNC,-0.34
133,134_ZHU,O(CC(O)CNC(C)C)c1ccc(cc1)CCOCC1CC1,0.38999999
134,135_ZHU,OC(CCN1CCCCC1)(C1C2CC(C1)C=C2)c1ccccc1,0.85000002
135,136_ZHU,Brc1[nH]c2c3c1CC1N(CC(C=C1c3ccc2)C(=O)NC1(OC2(O)N(C(CC(C)C)C(=O)N3C2CCC3)C1=O)C(C)C)C,-1.1
136,137_ZHU,Brc1ccc(cc1)C1(O)CCN(CC1)CCCC(=O)c1ccc(F)cc1,1.38
137,138_ZHU,O(CC(O)CNC(C)(C)C)c1ccccc1C#N,0.38
138,139_ZHU,O=C1N(CCCCN2CCN(CC2)c2ncccn2)C(=O)CC2(C1)CCCC2,0.49000001
139,140_ZHU,O(C(=O)c1ccc(N)cc1)CCCC,0.41999999
140,141_ZHU,O=C1N(C)C(=O)N(c2ncn(c12)C)C,-0.039999999
141,142_ZHU,O(C)c1cc(ccc1OC)C(C(C)C)(CCCN(CCc1cc(OC)c(OC)cc1)C)C#N,-0.63999999
142,143_ZHU,O=C(N)N1c2c(C=Cc3c1cccc3)cccc2,-0.039999999
143,144_ZHU,O1C2C1c1c(N(c3c2cccc3)C(=O)N)cccc1,-0.34
144,145_ZHU,ClCCN(N=O)C(=O)NCCCl,-0.51999998
145,146_ZHU,O(CC(O)CNC(C)(C)C)c1c2CCC(=O)Nc2ccc1,0.0099999998
146,147_ZHU,Clc1ccc(cc1)C(N1CCN(CC1)CCOCC(O)=O)c1ccccc1,-2.1500001
147,148_ZHU,ClCCN(CCCl)c1ccc(cc1)CCCC(O)=O,-1.7
148,149_ZHU,Clc1cc2N(c3c(Sc2cc1)cccc3)CCCN(C)C,1.02
149,150_ZHU,S(Cc1[nH]cnc1C)CCNC(NC)=NC#N,-1.0599999
150,151_ZHU,Clc1cc2N(C(=O)CC(=O)N(c2cc1)C)c1ccccc1,0.36000001
151,152_ZHU,Clc1cccc(Cl)c1N=C1NCCN1,0.12
152,153_ZHU,N(CCCN1c2c(CCc3c1cccc3)cccc2)C,1.08
153,154_ZHU,Clc1cc2c(NC(=O)CN=C2c2ccccc2)cc1,0.51999998
154,155_ZHU,NC(Cc1ccccc1)C,0.93000001
155,156_ZHU,Clc1cc2c(N(C)C(=O)CN=C2c2ccccc2)cc1,0.47
156,157_ZHU,O1C(CCC1n1c2N=CNC(=O)c2nc1)CO,-1.3
157,158_ZHU,O(C(c1ccccc1)c1ccccc1)CCN(C)C,1.26
158,159_ZHU,OC(=O)C(CCC)CCC,-0.41
159,160_ZHU,Clc1cc2NC(=O)N(c2cc1)C1CCN(CC1)CCCN1c2c(NC1=O)cccc2,-0.85000002
160,161_ZHU,O(C)c1cc2c(CC(CC3CCN(CC3)Cc3ccccc3)C2=O)cc1OC,0.88999999
161,162_ZHU,O(C(C)(c1ccccc1)c1ncccc1)CCN(C)C,0.63999999
162,163_ZHU,ClC(F)C(F)(F)OC(F)F,0.22
163,164_ZHU,OC1CCC2(C3C(CCC2C1(C)C)(C)C1(C(C2CC(CCC2(CC1)C)(C(O)=O)C)=CC3=O)C)C,-1.4
164,165_ZHU,O(CC)c1ccccc1C(=O)N,-0.050000001
165,166_ZHU,O(CC)CC,0.0
166,167_ZHU,O1CCc2c([nH]c3c2cccc3CC)C1(CC(O)=O)CC,-1.42
167,168_ZHU,O1C2C(OC(OC2)C)C(O)C(O)C1OC1C2C(C(c3c1cc1OCOc1c3)c1cc(OC)c(O)c(OC)c1)C(OC2)=O,-2.0
168,169_ZHU,O=C(N(C1CCN(CC1)CCc1ccccc1)c1ccccc1)CC,0.58999997
169,170_ZHU,OC(C1CCN(CC1)CCCC(O)c1ccc(cc1)C(C(O)=O)(C)C)(c1ccccc1)c1ccccc1,-0.98000002
170,171_ZHU,S1c2c(N(c3c1cccc3)CCCN1CCN(CC1)CCO)cc(cc2)C(F)(F)F,1.51
171,172_ZHU,Fc1cc2c(-n3c(CN(C)C2=O)c(nc3)C(OCC)=O)cc1,-0.28999999
172,173_ZHU,Fc1ccccc1C1=NCC(=O)N(c2c1cc([N+](=O)[O-])cc2)C,0.07
173,174_ZHU,FC(F)(F)c1ccc(OC(CCNC)c2ccccc2)cc1,0.72000003
174,175_ZHU,Oc1ccc(O)cc1C(O)=O,0.090000004
175,176_ZHU,O=C(NC1CC2N(C(C1)CCC2)C)c1nn(c2c1cccc2)C,-0.69
176,177_ZHU,Clc1ccc(cc1)C1(O)CCN(CC1)CCCC(=O)c1ccc(F)cc1,1.33
177,178_ZHU,BrC(Cl)C(F)(F)F,0.31999999
178,179_ZHU,O=C1N(C)C(=O)NC(=O)C1(C)C=1CCCCC=1,0.029999999
179,180_ZHU,Clc1ccc(cc1)C(N1CCN(CC1)CCOCCO)c1ccccc1,0.36000001
180,181_ZHU,OC(=O)C(C)c1ccc(cc1)CC(C)C,-0.18000001
181,182_ZHU,O=C(Nc1c(cccc1C)C)CN(CC)CC,0.34
182,183_ZHU,N(CCCN1c2c(CCc3c1cccc3)cccc2)(C)C,0.98000002
183,184_ZHU,Clc1ccc(cc1)C(=O)n1c2c(cc(OC)cc2)c(CC(O)=O)c1C,-1.26
184,185_ZHU,ClC(OC(F)F)C(F)(F)F,0.37
185,186_ZHU,OC(C)C,-0.15000001
186,187_ZHU,Clc1c(cccc1Cl)-c1nnc(nc1N)N,0.28999999
187,188_ZHU,Clc1ccc(cc1)C1(O)CCN(CC1)CCC(C(=O)N(C)C)(c1ccccc1)c1ccccc1,0.76999998
188,189_ZHU,Clc1ccccc1C1=NC(O)C(=O)Nc2c1cc(Cl)cc2,0.44
189,190_ZHU,FC(F)(F)c1c2nc(cc(c2ccc1)C(O)C1NCCCC1)C(F)(F)F,0.63
190,191_ZHU,S1c2c(N(c3c1cccc3)CCC1N(CCCC1)C)cc(S(=O)C)cc2,-0.28
191,192_ZHU,OC(=O)C(NC(=O)c1ccc(N(Cc2nc3c(nc(nc3N)N)nc2)C)cc1)CCC(O)=O,-1.51
192,193_ZHU,ClC(Cl)C(F)(F)OC,0.23
193,194_ZHU,O(CC(O)CNC(C)C)c1ccc(cc1)CCOC,1.15
194,195_ZHU,N12C(c3c(Cc4c1cccc4)cccc3)CN(CC2)C,0.99000001
195,196_ZHU,Clc1cc2c(-n3c(CN=C2c2ccccc2F)cnc3C)cc1,0.37
196,197_ZHU,n1c2N3C(c4c(Cc2ccc1)cccc4)CN(CC3)C,0.52999997
197,198_ZHU,O=C1c2ccc(nc2N(C=C1C(O)=O)CC)C,-0.66000003
198,199_ZHU,O=C1Nc2c(nccc2C)N(c2ncccc12)C1CC1,0.0
199,200_ZHU,S1C2=Nc3c(NC(N4CCN(CC4)C)=C2C=C1C)cccc3,0.77999997
200,201_ZHU,S(=O)(Cc1ncc(C)c(OC)c1C)c1[nH]c2cc(OC)ccc2n1,-0.81999999
201,202_ZHU,Clc1cc2c(NC(=O)C(O)N=C2c2ccccc2)cc1,0.60000002
202,203_ZHU,O=C1N(C)C(=O)Nc2ncn(c12)C,0.07
203,204_ZHU,Oc1cc2c(CC3N(CCC2(C)C3C)CC=C(C)C)cc1,0.50999999
204,205_ZHU,O=C1NC(=O)NC(=O)C1(C(CCC)C)CC,0.079999998
205,206_ZHU,OC=1N(N(C(=O)C=1CCCC)c1ccccc1)c1ccccc1,-0.51999998
206,207_ZHU,O(CC(O)CNC(C)C)c1c2c([nH]cc2)ccc1,-0.14
207,208_ZHU,O=C1NCNC(=O)C1(CC)c1ccccc1,-0.07
208,209_ZHU,O(C(=O)c1ccc(N)cc1)CCN(CC)CC,0.050000001
209,210_ZHU,S1c2c(N(c3c1cccc3)CCCN(C)C)cccc2,1.08
210,211_ZHU,Oc1c(cccc1C(C)C)C(C)C,0.63
211,212_ZHU,O(CC(O)CNC(C)C)c1c2c(ccc1)cccc2,0.83999997
212,213_ZHU,O(C)c1ccc(cc1)CN(CCN(C)C)c1ncccc1,0.49000001
213,214_ZHU,S(Cc1oc(cc1)CN(C)C)CCNC(=NC)C[N+](=O)[O-],-1.23
214,215_ZHU,O1C(CO)C(O)C(O)C1n1nc(nc1)C(=O)N,-0.67000002
215,216_ZHU,Fc1cc2onc(c2cc1)C1CCN(CC1)CCC=1C(=O)N2C(=NC=1C)CCCC2,-0.02
216,217_ZHU,O(c1cc(ccc1OC)C1CC(=O)NC1)C1CCCC1,0.61000001
217,218_ZHU,O=C1Nc2c(C1)c(ccc2)CCN(CCC)CCC,0.079999998
218,219_ZHU,S(C(N)=N)C,-0.60000002
219,220_ZHU,O1C(C=CC1N1C=C(C)C(=O)NC1=O)CO,-0.47999999
220,221_ZHU,O1C2C3N(C(CC(OC(=O)C(CO)c4ccccc4)C3)C12)C,0.23
221,222_ZHU,O=C1NC(=O)NC(=O)C1(C(CCC)C)CC=C,0.2
222,223_ZHU,FC(F)(F)C(OCF)C(F)(F)F,0.30000001
223,224_ZHU,S(=O)(=O)(Nc1ccc(cc1)C(O)CNC(C)C)C,-0.28
224,225_ZHU,Fc1ccc(cc1)C(=O)CCCN1CCC2(N(CNC2=O)c2ccccc2)CC1,0.25999999
225,226_ZHU,N(Cc1c2c(ccc1)cccc2)(CC=CC#CC(C)(C)C)C,0.079999998
226,227_ZHU,OC(C1CCN(CC1)CCCC(O)c1ccc(cc1)C(C)(C)C)(c1ccccc1)c1ccccc1,0.63999999
227,228_ZHU,O=C1NC(=O)N(c2ncn(c12)C)C,-0.28999999
228,229_ZHU,S1c2c(N(c3c1cccc3)CCC1N(CCCC1)C)cc(SC)cc2,0.25999999
229,230_ZHU,OC(=O)C=C(C=CC=C(C=CC=1C(CCCC=1C)(C)C)C)C,-0.49000001
230,231_ZHU,Clc1ccccc1C1=NCc2n(-c3c1cc(Cl)cc3)c(nn2)C,0.67000002
231,232_ZHU,S1c2c(N(c3c1cccc3)CCCN1CCN(CC1)C)cc(cc2)C(F)(F)F,1.4299999
232,233_ZHU,S1c2c(N(c3c1cccc3)CCCN(C)C)cc(cc2)C(F)(F)F,1.4400001
233,234_ZHU,O1C(CO)C([N-][N+]#N)CC1N1C=C(C)C(=O)NC1=O,-0.74000001
234,235_ZHU,O=C(N(C)C)Cc1n2C=C(C=Cc2nc1-c1ccc(cc1)C)C,-0.47999999
235,236_ZHU,O(C(=O)c1ccccc1)C1CC2N(C(CC2)C1C(OC)=O)C,0.60000002
236,237_ZHU,n12nnnc1CCCCC2,-0.029999999
237,238_ZHU,O(C)c1cc2c(nccc2C(O)C2N3CC(C(C2)CC3)C=C)cc1,-0.20999999
238,239_ZHU,O(C(=O)C)C1C2(C3N(CCC34C(N(c3cc(OC)c(cc34)C3(CC4CC(O)(CN(C4)CCc4c3[nH]c3c4cccc3)CC)C(OC)=O)C=O)C1(O)C(OC)=O)CC=C2)CC,-1.03
239,240_ZHU,O(C(=O)NC)c1cc2c(N(C3N(CCC23C)C)C)cc1,0.079999998
240,241_ZHU,O=C1N(N(C)C(C)=C1N(C)C)c1ccccc1,0.0
241,242_ZHU,Oc1cc(ccc1O)CC(N)C(O)=O,-0.77999997
242,243_ZHU,O(C)c1cc2C3C(Cc2cc1OC)CN(C3)CCCC,0.31
243,244_ZHU,ClC(Cl)Cl,0.25999999
244,245_ZHU,OC(C(O)C(O)CO)C(O)CO,-1.6
245,246_ZHU,OCCCCC,0.2
246,247_ZHU,ClC(Cl)(Cl)C,0.23999999
247,248_ZHU,ClCCl,-0.17
248,249_ZHU,C1CC1,0.029999999
249,250_ZHU,O1CC1,0.0099999998
250,251_ZHU,BrC(C)C,0.56
251,252_ZHU,ClC(Cl)C,-0.28
252,253_ZHU,OC(C)(C)C,0.11
253,254_ZHU,C(CC)(C)(C)C,1.03
254,255_ZHU,OC(CC)(C)C,0.07
255,256_ZHU,ClCC(F)(F)F,-0.079999998
256,257_ZHU,N1(CCCCC1)C1(CCCCC1)c1ccccc1,0.57999998
257,258_ZHU,O=C1NC(=O)NC(=O)C1(CCCC)CC,0.19
258,259_ZHU,OCC(C)C,-0.17
259,260_ZHU,O=C(CC)C,-0.07
260,261_ZHU,ClC(Cl)CCl,-0.1
261,262_ZHU,ClC(Cl)=CCl,0.30000001
262,263_ZHU,O(C(=O)C)C,-0.13
263,264_ZHU,Oc1ccc(cc1)C(C)(C)c1ccc(O)cc1,-0.12
264,265_ZHU,O(C(=O)c1ccc(N)cc1)CCC,0.55000001
265,266_ZHU,c1cccc(C)c1C,0.38999999
266,267_ZHU,c1c(C)c(ccc1C)C,0.16
267,268_ZHU,C(CC)(CC)C,1.01
268,269_ZHU,C1CCCC1C,0.93000001
269,270_ZHU,c1ccccc1C(C)(C)C,0.43000001
270,271_ZHU,Clc1ccc(cc1)C(F)(F)F,0.17
271,272_ZHU,c1ccccc1CC,0.22
272,273_ZHU,c1ccccc1C=C,0.44999999
273,274_ZHU,N(C(CC1CCCCC1)C)C,1.08
274,275_ZHU,c1cc(ccc1C)C,0.33000001
275,276_ZHU,BrCCC,0.27000001
276,277_ZHU,C(C=C)=C,-0.17
277,278_ZHU,N#CC=C,-0.40000001
278,279_ZHU,OCC#C,-0.23
279,280_ZHU,C(CCC)(C)C,0.98000002
280,281_ZHU,O=C(CCC)C,-0.0099999998
281,282_ZHU,O(C(C)C)C(=O)C,0.40000001
282,283_ZHU,c1c(cccc1C)C,0.28
283,284_ZHU,C1CCCCC1C,0.95999998
284,285_ZHU,O(C(=O)C)CCC,0.12
285,286_ZHU,C(CC)CC,0.75
286,287_ZHU,O(C(=O)C)CC(C)C,0.44999999
287,288_ZHU,C(CCC)CC,0.77999997
288,289_ZHU,C1CCCCC1,0.95999998
289,290_ZHU,C(CCC=C)CCC,0.74000001
290,291_ZHU,C(CCCC)CCCC,0.51999998
291,292_ZHU,C(C)=C,-0.059999999
292,293_ZHU,IC=1C(=O)N(N(C)C=1C)c1ccccc1,-0.1
293,294_ZHU,OCC(CC)C,0.039999999
294,295_ZHU,O(C(=O)C)CC,0.0
295,296_ZHU,C(CCC)CCC,0.75999999
296,297_ZHU,O=C1NC(=O)NC(=O)C1(CCCCCC)CC,0.36000001
297,298_ZHU,O=C1N(C)C(=O)NC(=O)C1(C(C#CCC)C)CC=C,-0.07
298,299_ZHU,O1c2c3C4(C1CC(O)C=C4)CCN(Cc3ccc2OC)C,0.31999999
299,300_ZHU,ClC=C(F)F,-0.02
300,301_ZHU,FC(F)(F)COC=C,0.13
301,302_ZHU,Oc1ccccc1C(=O)NCC(O)=O,-0.44
302,303_ZHU,C1CCCC(C)C1C,1.0700001
303,304_ZHU,C(CCCCC)(C)C,0.86000001
304,305_ZHU,O(C(=O)C)CCCCC,0.40000001
305,306_ZHU,ClC(Cl)(Cl)CCl,0.33000001
306,307_ZHU,O(C(C)(C)C)CC,0.22
307,308_ZHU,S1c2c(N(c3c1cccc3)CCCN1CCN(CC1)C)cc(cc2)C(=O)CCC,0.82999998
308,309_ZHU,O(C(=O)C)C1C2(C3N(CCC34C(N(c3cc(OC)c(cc34)C3(CC4CC(O)(CN(C4)CCc4c3[nH]c3c4cccc3)CC)C(OC)=O)C)C1(O)C(OC)=O)CC=C2)CC,-0.07
309,310_ZHU,C(CCCCCCC)(C)C,1.05
310,311_ZHU,C(CCCC=C)CCCC,0.95999998
311,312_ZHU,O(C(C)(C)C)C,0.36000001
312,313_ZHU,C(CCCCC)CCCC,0.67000002
313,314_ZHU,S(F)(F)(F)(F)(F)F,0.37
314,315_ZHU,O(CC(O)CNC(C)C)c1cc(ccc1)C,0.34
315,316_ZHU,C1CCCCC1C(C)(C)C,0.61000001
316,317_ZHU,C(CCCCCC)(C)C,0.98000002
317,318_ZHU,O=C1N2C(C3CC(C2)CNC3)=CC=C1,-1.09
318,319_ZHU,O1C(CCC1N1C=CC(=NC1=O)N)CO,-1.1799999
319,320_ZHU,S1c2c(N(c3c1cccc3)CCCNC)cccc2,0.58999997
320,321_ZHU,O1C(C)C(OC2OC(C)C(O)C(O)C2)C(O)CC1OC1C(OC(OC2CC3CCC4C(CC(O)C5(C)C(CCC45O)C4=CC(OC4)=O)C3(CC2)C)CC1O)C,-1.23
321,322_ZHU,O(C(=O)C)CCCC,0.28
322,323_ZHU,O(C(=O)C)CCC(C)C,0.55000001
323,324_ZHU,C(CCCC)CCC=C,0.86000001
324,325_ZHU,BrC(F)C(F)(F)F,0.27000001
325,326_ZHU,ClC(Cl)=C(Cl)Cl,0.37
326,327_ZHU,c12c3c4ccc1cccc2ccc3ccc4,0.23
327,328_ZHU,O1C(C)C(O)C(N)CC1OC1CC(O)(Cc2c1c(O)c1c(C(=O)c3c(C1=O)c(OC)ccc3)c2O)C(=O)CO,-0.82999998
328,329_ZHU,S1c2c(N(c3c1cccc3)CCC1N(CCCC1)C)cc(S(=O)(=O)C)cc2,0.18000001
329,330_ZHU,FC1CC(OC1CO)N1C=C(C)C(=O)NC1=O,-0.58999997
330,331_ZHU,O1c2c(OC1)cc1N(OC)C=C(C(O)=O)C(=O)c1c2,-0.92000002
331,332_ZHU,FC(OC(F)F)C(F)(F)F,0.11
332,333_ZHU,S(CC1CC2C(N(C1)CCC)Cc1c3c2cccc3[nH]c1)C,0.30000001
333,334_ZHU,s1cc(nc1N=C(N)N)CSCCNC(NC)=NC#N,-0.81999999
334,335_ZHU,S(Cc1oc(cc1)C(N)(C)C)CCNC=1NC(=O)C(=CN=1)Cc1ccc(nc1)C,-1.0599999
335,336_ZHU,S1C(SC1=C(C(=O)N)C(O)=O)C(=O)NC1(OC)C2SCC(CSc3nnnn3C)=C(N2C1=O)C(O)=O,-1.89
336,337_ZHU,Brc1cc(C)c(nc1)CCCCNC=1NC(=O)C(=CN=1)Cc1ccc(nc1)C,-1.88
337,338_ZHU,Fc1ccc(cc1)C(=O)NCCN1CCN(CC1)c1c2OCC(Oc2ccc1)CO,-0.44999999
338,339_ZHU,OC1Cc2c(cccc2)C1NC(=O)C(Cc1ccccc1)CC(O)CN1CCN(CC1C(=O)NC(C)(C)C)Cc1cccnc1,-0.74000001
339,340_ZHU,O=C1CC(CC1)c1[nH]c2N(CCC)C(=O)N(CCC)C(=O)c2n1,-1.4
340,341_ZHU,O(C(CC)(C)C)C,0.17
341,342_ZHU,Clc1cc2N(c3c(Sc2cc1)cccc3)CCCNC,1.38
342,343_ZHU,S(CC(NC(=O)c1cccc(O)c1C)C(O)CN1CC2C(CC1C(=O)NC(C)(C)C)CCCC2)c1ccccc1,-0.93000001
343,344_ZHU,OC(CC(=O)N)(CC)c1ccccc1,0.039999999
344,345_ZHU,S(=O)(=O)(N(CC(C)C)CC(O)C(NC(OC1CCOC1)=O)Cc1ccccc1)c1ccc(N)cc1,-0.56
345,346_ZHU,OC(=O)c1ccc(cc1)-c1ccccc1,-1.26
346,347_ZHU,FC1CC2C3C(CCC2(C)C1O)c1c(cc(O)cc1)CC3,-0.30000001
347,348_ZHU,Clc1cc(ccc1Cl)C1CCC(NC)c2c1cccc2,1.6
348,349_ZHU,N1CCCc2c1cccc2,0.67000002
349,350_ZHU,O(C)c1cccnc1CCCCNC=1NC(=O)C(=CN=1)Cc1ccc(nc1)C,-2.0
350,351_ZHU,Clc1cc2N(c3c(Sc2cc1)cccc3)CCCN,0.97000003
351,352_ZHU,O(CCCCOC=C)C=C,0.12
352,353_ZHU,O(C(=O)N(CC)C)c1cc(ccc1)C(N(C)C)C,0.88
353,354_ZHU,n1ccccc1CCN(C)C,-0.27000001
354,355_ZHU,ClCCN(CCCl)c1ccc(cc1)CCCC(OC(C)(C)C)=O,1.0
355,356_ZHU,s1ccnc1CCN,-0.41999999
356,357_ZHU,Clc1cc2N(C(=O)CC(=O)Nc2cc1)c1ccccc1,0.34999999
357,358_ZHU,Clc1cc(Cl)ccc1N=C1NCCN1,0.16
358,359_ZHU,C1C(C)C(CCC1C)C,1.02
359,360_ZHU,s1c2c(nc1NCCCOc1cc(ccc1)CN1CCCCC1)cccc2,0.14
360,361_ZHU,FCC(O)Cn1ccnc1[N+](=O)[O-],-0.0099999998
361,362_ZHU,[O-][n+]1ccc(cc1)C=[N+]([O-])C(C)(C)C,-0.38
362,363_ZHU,Fc1ccc(N2N(C)C(=CC2=O)C)cc1,-0.050000001
363,364_ZHU,O=C1NC(=O)NC(=O)C1(CC)C,-0.22
364,365_ZHU,O(C)c1cc(ccc1OC)C(C(C)C)(CCCNCCc1cc(OC)c(OC)cc1)C#N,-0.63999999
365,366_ZHU,Clc1cc2c(-n3c(CN=C2c2ccccc2F)cnc3CO)cc1,-0.079999998
366,367_ZHU,Brc1c2c(-n3c(C4N(CCC4)C2=O)c(nc3)C(OC(C)(C)C)=O)ccc1,-0.090000004
367,368_ZHU,S1c2c(N(c3c1cccc3)CCC1CCCNC1)cc(SC)cc2,0.75999999
368,369_ZHU,Fc1cc2onc(c2cc1)C1CCN(CC1)CCC=1C(=O)N2C(=NC=1C)C(O)CCC2,-0.67000002
369,370_ZHU,Fc1ccc(cc1)C(=O)CCCN1CCC2(N(CN(C)C2=O)c2ccccc2)CC1,0.46000001
370,371_ZHU,O=C1NC2(CCCC2)C(=O)NC1C,-0.25999999
371,372_ZHU,Oc1cc2CCc3c(N(c2cc1)CCCNC)cccc3,0.52999997
372,373_ZHU,Clc1cc2c(-n3c(cnc3C)C(O)N=C2c2ccccc2F)cc1,-0.22
373,374_ZHU,Fc1cc2c(-n3c(CN(CCF)C2=O)c(nc3)C(OCC)=O)cc1,-0.14
374,375_ZHU,s1c2c(-n3c(CN(C)C2=O)c(nc3)C(OC(C)(C)C)=O)cc1,-0.25
375,376_ZHU,Clc1c2c(-n3c(CN(C)C2=O)c(nc3)-c2nc(on2)C(C)C)ccc1,-0.30000001
376,377_ZHU,Oc1c2NC(=O)Cc2c(cc1)CCN(CCC)CCC,-0.43000001
377,378_ZHU,Brc1ccc(N2CNC(=O)C23CCN(CC3)CCCC(=O)c2ccc(F)cc2)cc1,0.07
378,379_ZHU,NCCCN1c2c(CCc3c1cccc3)cccc2,1.05
379,380_ZHU,Clc1cc2c(-n3c(nnc3CO)CN=C2c2ccccc2)cc1,-1.28
380,381_ZHU,O1c2c(C3CN(CCC3(O)c3c1cccc3)C)cccc2C,0.81999999
381,382_ZHU,O(C(=O)C(CO)c1ccccc1)C1CC2N(C(C1)CC2)C,-0.059999999
382,383_ZHU,Clc1cc2c(-n3c(nnc3C)C(O)N=C2c2ccccc2)cc1,-1.48
383,384_ZHU,O(C(=O)Nc1ccccc1)c1cc2c(N(C3N(CCC23C)C)C)cc1,1.0
384,385_ZHU,O=C(CCC1CCN(CC1)Cc1ccccc1)c1cc2NCCCCc2cc1,1.14
385,386_ZHU,Fc1ccc(Nc2nc(C)c(C)c(n2)N2CCc3c(cccc3)C2C)cc1,0.68000001
386,387_ZHU,O=C1NC(=O)NC(=O)C1(CCCCCCC)CC,0.02
387,388_ZHU,O=C1NC(=O)NC(=O)C1(CCC)CC,0.090000004
388,389_ZHU,OC(C(NC(=O)C(NC(=O)c1nc2c(cc1)cccc2)CC(=O)N)Cc1ccccc1)CN1CC2C(CC1C(=O)NC(C)(C)C)CCCC2,-0.94999999
389,390_ZHU,OC1(CCC2C3C(C4=C(CC3C)CC(=O)CC4)CCC12C)C#C,0.40000001
390,391_ZHU,O1CCc2cc(ccc12)CCN1CC(CC1)C(C(=O)N)(c1ccccc1)c1ccccc1,-0.62
391,392_ZHU,Fc1cc2onc(c2cc1)C1CCN(CC1)CCC=1C(=O)N2CC(O)CCC2=NC=1C,-0.67000002
392,393_ZHU,S1(=O)c2c(N(c3c1cccc3)CCCN(C)C)cccc2,-0.47999999
393,394_ZHU,ClC=CCl,0.039999999
394,395_ZHU,O(CCN(C)C)c1ccc(cc1)C(=C(CC)c1ccccc1)c1ccccc1,0.92000002
395,396_ZHU,s1cc(nc1NC(N)=N)C,-0.039999999
396,397_ZHU,S=C1NC(=O)C(C(CCC)C)(CC)C(=O)N1,-0.19
397,398_ZHU,S=C(NC1CCCCC1)N1CCC(CC1)c1nc[nH]c1,-0.17
398,399_ZHU,s1cc(nc1NC(N)=N)-c1ccccc1,-0.18000001
399,400_ZHU,O=C(NC(CC)c1ccccc1)c1c2c(nc(-c3ccccc3)c1C)cccc2,0.30000001
400,401_ZHU,O1C=C(C(=O)c2c1cc(O)cc2)c1ccc(O)cc1,-0.15000001
401,402_ZHU,O1C2C34C(C(N(CC3)C)Cc3c4c1c(OC)cc3)C=CC2O,0.44999999
402,403_ZHU,O1C2C34C(C(N(CC3)C)Cc3c4c1c(O)cc3)C=CC2O,-0.25999999
403,404_ZHU,FC(F)(F)c1ccc(cc1)C(=NOCCN)CCCCOC,0.79000002
404,405_ZHU,Oc1cc2C34C(C(N(CC3)C)Cc2cc1)CCCC4,0.0
405,406_ZHU,s1cc(nc1CCN)-c1ccccc1,-0.87
406,407_ZHU,Clc1nc(N2CCNCC2)ccc1C(F)(F)F,1.64
407,408_ZHU,o1nc(c2c1cccc2)-c1ccccc1C(N)CC=C,0.0
408,409_ZHU,IC=CCN1CCC(CC1)COc1ccc(cc1)C#N,1.13
409,410_ZHU,Clc1cc2C3C(c4c(Oc2cc1)cccc4)CN(C3)C,1.03
410,411_ZHU,FC(F)(F)c1cc(ncc1)N1CCN(CC1)CCCCN1CCCC1=O,0.16
411,412_ZHU,O(CCCNC(=O)C)c1cc(ccc1)CN1CCCCC1,-0.46000001
412,413_ZHU,S(CCF)C(N)=N,-0.27000001
413,414_ZHU,O(CCCNc1ncccc1)c1cc(ccc1)CN1CCCCC1,0.69
414,415_ZHU,Clc1c2c(-n3c(CN(C)C2=O)c(nc3)-c2nc(on2)C(O)(CO)C)ccc1,-1.8200001
415,416_ZHU,[O-][N+](=Cc1ccccc1)C(C)(C)C,0.050000001
416,417_ZHU,FCCCn1ccnc1[N+](=O)[O-],-0.23999999
417,418_ZHU,FCCCCCCCCn1ccnc1[N+](=O)[O-],-0.17
418,419_ZHU,Clc1c2c(-n3c(CN(C)C2=O)c(nc3)-c2nc(on2)C(O)(C)C)ccc1,-1.34
419,420_ZHU,O(CCCO)c1cc(ccc1)CN1CCCCC1,-0.02
420,421_ZHU,Ic1cc(ccc1N)-c1sc2cc(O)ccc2n1,0.18000001
421,422_ZHU,C(CCC)(CC)C,0.89999998
422,423_ZHU,Ic1ccc(cc1CN1CCCCC1)CN1CCCCC1,0.98000002
423,424_ZHU,[nH]1nc(nc1N)-c1cc(ncc1)N(C)C,-1.17
424,425_ZHU,Ic1ccc(N2CCN(CC2)CCCCCC)cc1,1.01
425,426_ZHU,O=C1NC(=O)NC(=O)C1(CCCCCCCC)CC,0.23999999
426,427_ZHU,Brc1cccnc1CSCCNc1[nH]ccc1[N+](=O)[O-],-0.67000002
427,428_ZHU,S(Cc1ncccc1)CCNc1[nH]ccc1[N+](=O)[O-],-0.66000003
428,429_ZHU,S(Cc1ncccc1)CCNc1[nH]cc(Cc2ccccc2)c1[N+](=O)[O-],-0.12
429,430_ZHU,S(Cc1oc(cc1)CN(C)C)CCNc1[nH]cc(Cc2ccccc2)c1[N+](=O)[O-],-0.73000002
430,431_ZHU,s1ccnc1NCCCOc1cc(ccc1)CN1CCCCC1,0.44
431,432_ZHU,o1c2c(nc1NCCCOc1cc(ccc1)CN1CCCCC1)cccc2,0.22
432,433_ZHU,s1cc(nc1N=C(N)N)-c1cc(N)ccc1,-1.15
433,434_ZHU,Brc1cccnc1CSCCNC(NC#N)=NCC,-2.1500001
434,435_ZHU,s1cc(nc1N=C(N)N)-c1cc(NC(NC)=NC#N)ccc1,-1.54
435,436_ZHU,BrC(Cl)CC(F)(F)F,0.34999999
436,437_ZHU,O1c2c(C3CNCCC3(O)c3c1cccc3)cccc2C,0.51999998
437,438_ZHU,BrC(F)CC(F)(F)F,0.27000001
438,439_ZHU,BrC1NCC2CC1C=1N(C2)C(=O)C=CC=1,-0.050000001
439,1_SHA,CN(C)Cc1ccc(-c2cccc(NC3N=CC=C3[N+](=O)[O-])c2)o1,-0.27
440,2_SHA,O=C(O)c1cc(N=Nc2ccc(S(=O)(=O)Nc3ccccn3)cc2)ccc1O,-2.69
441,3_SHA,COC1(NC(=O)C(C(=O)O)c2ccc(O)cc2)C(=O)N2C(C(=O)O)=C(CSc3nnnn3C)COC21,-2.52
442,4_SHA,Oc1c(I)cc(Cl)c2cccnc12,-2.4
443,5_SHA,CCNC(=NCCSCc1ncccc1Br)NC#N,-2.15
444,6_SHA,CS(=O)(=O)N(CCO)c1c(Cl)c(Cl)cc2[nH]c(=O)c(=O)[nH]c12,-2.15
445,7_SHA,CN1CC[C@]23c4c5ccc(O)c4O[C@H]2[C@@H](OC2O[C@H](C(=O)O)[C@@H](O)[C@H](O)[C@H]2O)C=C[C@H]3[C@H]1C5,-2.09
446,8_SHA,O=C1CN(/N=C/c2ccc([N+](=O)[O-])o2)C(=O)N1,-2.09
447,9_SHA,O=c1[nH]c2cc(Cl)ccc2c(O)c1-c1cccc(Oc2ccccc2)c1,-2.03
448,10_SHA,CCC(CC)O[C@@H]1C=C(C(=O)O)C[C@H](N)[C@@H]1NCOC,-1.96
449,11_SHA,CO[C@@]1(NC(=O)C2SC(=C(C(N)=O)C(=O)O)S2)C(=O)N2C(C(=O)O)=C(CSc3nnnn3C)CS[C@@H]21,-1.89
450,12_SHA,c1ccc(NC2=NCCN2)cc1,-1.89
451,13_SHA,O=C(c1ccc(OCCN2CCCCC2)cc1)c1c(-c2ccc(O)cc2)sc2cc(O)ccc12,-1.81
452,14_SHA,CCOC(=O)N1CSCC1C(=O)O,-1.72
453,15_SHA,O=C1c2c(O)cc(O)cc2CC(c2ccc(O)c(O)c2)C1O,-1.7
454,16_SHA,OC[C@H]1O[C@H](O[C@]2(CO)O[C@H](CO)[C@@H](O)[C@@H]2O)[C@H](O)[C@@H](O)[C@@H]1O,-1.7
455,17_SHA,CC(C(=O)O)c1ccc(-c2ccccc2)c(F)c1,-1.68
456,18_SHA,C=CCc1cccc(/C=N\NC(=O)CN2CCN(Cc3ccc(S(N)(=O)=O)cc3)CC2)c1O,-1.67
457,19_SHA,OCC(O)C(O)C(O)C(O)CO,-1.6
458,20_SHA,O=C(O)c1nc2ccc(C(F)(F)F)cc2nc1NCc1ccc(C(F)(F)F)cc1,-1.57
459,21_SHA,CC(=O)NC1C(O)OC(COS(=O)(=O)O)C(OC2OC(COS(=O)(=O)O)C(O)C(O)C2O)C1O,-1.54
460,22_SHA,CN=C(NC#N)Nc1cccc(-c2csc(N=C(N)N)n2)c1,-1.54
461,23_SHA,NC(N)=Nc1nc(-c2ccc(O)c(O)c2)cs1,-1.54
462,24_SHA,CC(C)CC(=O)c1ccc(OCCCCO)cc1O,-1.52
463,25_SHA,CC(C)CC(=O)c1ccc(OCCCCOc2ccc3ccc(=O)oc3c2)cc1O,-1.52
464,26_SHA,CCNc1cccnc1N1CCN(C(=O)c2cc3cc(NS(C)(=O)=O)ccc3[nH]2)CC1,-1.52
465,27_SHA,CO[C@H]1/C=C/O[C@@]2(C)Oc3c(C)c(O)c4c(O)c(c(/C=N/N5CCN(C)CC5)c(O)c4c3C2=O)NC(=O)C/C(C)=C\C=C\[C@@H](C)C(O)[C@@H](C)[C@H](O)[C@H](C)[C@H](OC(C)=O)[C@@H]1C,-1.52
466,28_SHA,NCC(CC(=O)O)c1ccc(Cl)cc1,-1.52
467,29_SHA,COc1cc([C@@H]2c3cc4c(cc3[C@@H](O[C@@H]3O[C@@H]5CO[C@@H](C)O[C@H]5[C@H](O)[C@H]3O)[C@H]3COC(=O)[C@H]23)OCO4)cc(OC)c1O,-1.5
468,30_SHA,CN(Cc1cnc2nc(N)nc(N)c2n1)c1ccc(C(=O)N[C@@H](CCC(=O)O)C(=O)O)cc1,-1.5
469,31_SHA,Cc1ccc(NC(=O)c2ccc(CN3CCN(C)CC3)cc2)cc1Nc1nccc(-c2cccnc2)n1,-1.5
470,32_SHA,CN[C@H]1C(=O)N[C@@H]2Cc3ccc(cc3)Oc3cc4cc(c3O[C@@H]3O[C@H](CO)[C@@H](O)[C@H](O)[C@H]3NC(=O)CCCCCCCCC(C)C)Oc3ccc(cc3Cl)[C@@H](O)[C@@H]3NC(=O)[C@H](NC(=O)[C@@H]4NC(=O)[C@@H](NC2=O)c2cc(cc(O)c2Cl)Oc2cc1ccc2O)c1ccc(O)c(c1)-c1c(O[C@H]2O[C@H](CO)[C@@H](O)[C@H](O)[C@@H]2O)cc(O)cc1[C@@H](C(=O)NCCCN(C)C)NC3=O,-1.48
471,33_SHA,CC(C)NC(O)COc1ccc(CC(N)=O)cc1,-1.42
472,34_SHA,CN=C(NC#N)NCCSCC1=NC=NC1C,-1.42
473,35_SHA,CN=C(NC#N)NCCSCc1nc[nH]c1C,-1.4
474,36_SHA,CC1(C(=O)O)CCC2(C)CCC3(C)C(=CC(=O)C4C5(C)CCC(O)C(C)(C)C5CCC43C)C2C1,-1.4
475,37_SHA,CCCc1nc(C)c2c(=O)[nH]c(-c3cc(S(=O)(=O)N4CCN(CC)CC4)ccc3OCC)nn12,-1.4
476,38_SHA,CCCn1c(=O)c2[nH]c([C@H]3CCC(=O)C3)nc2n(CCC)c1=O,-1.4
477,39_SHA,COC(=O)Nc1nc2ccc(C(=O)N3CCN(c4ccccn4)CC3)cc2[nH]1,-1.4
478,40_SHA,COc1nccc(-c2c(-c3ccc(F)cc3)ncn2C2CCC(O)CC2)n1,-1.4
479,41_SHA,NCc1c[n+]2ccccc2[nH]1,-1.4
480,42_SHA,Nc1ccc(C(=O)O)cc1,-1.4
481,43_SHA,CCOc1ccc(C(=O)c2cccc3ccccc23)c2ccccc12,-1.39
482,44_SHA,Cc1ccccc1N=C1N(C)CCN1C,-1.39
483,45_SHA,Cc1ccccc1NC1=NCCN1,-1.39
484,46_SHA,CC(C)c1c(C(=O)Nc2ccccc2)c(-c2ccccc2)c(-c2ccc(F)cc2)n1CC[C@@H](O)C[C@@H](O)CC(=O)O,-1.36
485,47_SHA,CN1[C@H]2CC[C@H]1[C@@H](CC(=O)O)[C@@H](OC(=O)c1ccccc1)C2,-1.35
486,48_SHA,O=C(O)c1cc(=O)c2c(Cl)cc(Cl)cc2[nH]1,-1.33
487,49_SHA,CCCc1nn(C)c2c(=O)[nH]c(-c3cc(S(=O)(=O)N4CCN(C)CC4)ccc3OCC)nc12,-1.3
488,50_SHA,COc1ccc(NS(=O)(=O)c2sc3ccc(Cl)cc3c2C)cc1N1CCNCC1,-1.3
489,51_SHA,COc1cccnc1CCCCNc1ncc(Cc2cccc(C)n2)c(=O)[nH]1,-1.3
490,52_SHA,Cc1ccc(N=C2N(C)CCN2C)c(C)c1,-1.3
491,53_SHA,Cc1ccc(NC2=NCCN2)c(C)c1,-1.3
492,54_SHA,Cc1nc(Nc2ncc(C(=O)Nc3c(Cl)cccc3Cl)s2)cc(N2CCN(CCO)CC2)n1,-1.3
493,55_SHA,N#CC(c1ccc(Cl)cc1)c1c(Cl)cc(-n2ncc(=O)[nH]c2=O)cc1Cl,-1.3
494,56_SHA,NCC1(Cc2noc(=O)[nH]2)CCCCC1,-1.3
495,57_SHA,Nc1nc(NCCc2ccc(O)cc2)nc2nc(-c3ccco3)nn12,-1.3
496,58_SHA,O=C(O)Cc1ccccc1Nc1c(Cl)cccc1Cl,-1.3
497,59_SHA,O=c1[nH]cnc2c1ncn2[C@H]1CC[C@@H](CO)O1,-1.3
498,60_SHA,COc1ccc2c(c1)[C@@H](CC(=O)O)[C@H](C)N2C(=O)c1ccc(Cl)cc1,-1.26
499,61_SHA,CN/C(=C/[N+](=O)[O-])NCCSc1ccc(CN(C)C)o1,-1.23
500,62_SHA,CN/C(=C\[N+](=O)[O-])NCCSCc1ccc(CN(C)C)o1,-1.23
501,63_SHA,CN/C(=N\C[N+](=O)[O-])NCCSCc1coc(CN(C)C)c1,-1.23
502,64_SHA,CN=C(C[N+](=O)[O-])NCCCSc1ccc(CN(C)C)o1,-1.23
503,65_SHA,CN=C(C[N+](=O)[O-])NCCSCc1ccc(CN(C)C)o1,-1.23
504,66_SHA,CNC(C[N+](=O)[O-])=NCCSc1ccc(CN(C)C)o1,-1.23
505,67_SHA,CO[C@H]1CN(CC2Cc3ccc(NC(=O)C(C)C)cc3C2)CCC1n1c(C)nc2cc(C)ccc21,-1.22
506,68_SHA,Nc1nc(=O)n([C@@H]2CS[C@H](CO)O2)cc1F,-1.22
507,69_SHA,CC1OC(OC2C(O)CC(OC3C(O)CC(OC4CCC5(C)C(CCC6C5CC(O)C5(C)C(C7=CC(=O)OC7)CCC65O)C4)OC3C)OC2C)CC(O)C1O,-1.2
508,70_SHA,Nc1ccn([C@H]2CC[C@@H](CO)O2)c(=O)n1,-1.2
509,71_SHA,CN(C)CCc1c[nH]c2ccc(O)cc12,-1.19
510,72_SHA,CC(=O)Oc1ccc(/C=C/C(=O)NCCc2ccccc2)cc1OC(C)=O,-1.17
511,73_SHA,CCOc1ccc(Cc2nc3cc(N(C)S(=O)(=O)c4cccs4)ccc3n2CC2CCCCC2)nc1,-1.15
512,74_SHA,CCS(=O)(=O)n1c2c(c3cc(C(=O)N4CCC(C)CC4)ccc31)CN(C1CCOCC1)CC2,-1.15
513,75_SHA,CCCCCCCCCCCCCCCCOP(=O)(O)OCC[N+](C)(C)C,-1.14
514,76_SHA,Cc1ccc(/C(=C\CN2CCCC2)c2cccc(/C=C/C(=O)O)n2)cc1,-1.14
515,77_SHA,CN(C)Cc1ccc(CSCCNC2N=CC=C2[N+](=O)[O-])o1,-1.12
516,78_SHA,CCN1CCCC1CNC(=O)c1cc(S(N)(=O)=O)ccc1OC,-1.11
517,79_SHA,CC(C)C[C@H]1C(=O)N2CCC[C@H]2[C@]2(O)O[C@](NC(=O)[C@@H]3C=C4c5cccc6[nH]c(Br)c(c56)C[C@H]4N(C)C3)(C(C)C)C(=O)N12,-1.1
518,80_SHA,CN1CC(C(=O)NC2(C)OC3(O)C4CCCN4C(=O)C(Cc4ccccc4)N3C2=O)CC2C3=CC=CC4NC=CC(=C34)CC21,-1.1
519,81_SHA,O=c1cccc2n1CC1CNCC2C1,-1.09
520,82_SHA,CCCCc1oc2ccccc2c1C(=O)c1cc(I)c(OCCN(CC)CC)c(I)c1,-1.08
521,83_SHA,Cc1ccc(Cc2cnc(NCCSCc3ccc(C(C)(C)N)o3)[nH]c2=O)cn1,-1.06
522,84_SHA,CN(C)CCc1c[nH]c2ccc(CC3COC(=O)N3)cc12,-1.01
523,85_SHA,CC(C)(C(=O)O)c1ccc(C(O)CCCN2CCC(C(O)(c3ccccc3)c3ccccc3)CC2)cc1,-1.0
524,86_SHA,CC(C)(C)c1ccc(C(=O)N2CCN(c3ccc(OCCCN4CCCCC4)cc3)C(=O)C2)cc1,-1.0
525,87_SHA,CCC(NC(=O)c1c(OCC(=O)O)c(-c2ccccc2)nc2ccccc12)c1ccccc1,-1.0
526,88_SHA,CCOC(=O)C1=C[C@@H](OC(CC)CC)[C@@H](NCOC)[C@@H](N)C1,-1.0
527,89_SHA,CCOC(=O)NNc1ccc(N(CC(C)O)C(C)C)nn1,-1.0
528,90_SHA,CN(C)C(=O)Cn1nc(-c2c(-c3ccccc3)nn3ccccc23)ccc1=O,-1.0
529,91_SHA,CN1CC(=O)N2C(Cc3c([nH]c4ccccc34)C2c2ccc3c(c2)OCO3)C1=O,-1.0
530,92_SHA,COC(=O)[C@@H]1C(=O)C=C(Nc2cccc([N+](=O)[O-])c2)C[C@H]1C,-1.0
531,93_SHA,COc1cc(N)cn[n+]1-c1ccccc1,-1.0
532,94_SHA,COc1cc2c(cc1CNC1C3CCN(C3)C1C(c1ccccc1)c1ccccc1)N(S(C)(=O)=O)CC2,-1.0
533,95_SHA,CSc1nn2c(N3CCNCC3)c3c(nc2c1S(=O)(=O)c1ccccc1)CCC3,-1.0
534,96_SHA,Cc1cc2ccccc2n1CCNC(=O)/C=C/c1ccc(OCCO)c(OCCO)c1,-1.0
535,97_SHA,Cc1ccc(-c2cc(C(F)(F)F)nn2-c2ccc(S(N)(=O)=O)cc2)cc1,-1.0
536,98_SHA,Clc1cccc(C(c2ccc3nc[nH]c3c2)n2ccnc2)c1,-1.0
537,99_SHA,O=C(O)CCCCO/N=C(\c1cccnc1)c1cccc(C(F)(F)F)c1,-1.0
538,100_SHA,O=C(c1ccc(C(=O)N2CCN(c3ccc(OC4CCN(C5CCC5)CC4)cc3)C(=O)C2)cc1)N1CCC1,-1.0
539,101_SHA,CC(C)(C)NC(=O)[C@@H]1C[C@@H]2CCCC[C@@H]2CN1C[C@@H](O)[C@H](Cc1ccccc1)NC(=O)[C@H](CC(N)=O)NC(=O)c1ccc2ccccc2n1,-0.95
540,102_SHA,CC(C)(C)NCC(O)COc1cccc2c1CC(O)C(O)C2,-0.95
541,103_SHA,Cc1c(O)cccc1C(=O)N[C@@H](CSc1ccccc1)[C@@H](O)CN1CC2CCCCC2C[C@H]1C(=O)CNC(C)(C)C,-0.93
542,104_SHA,COc1ccc(Cl)cc1C(=O)NCCc1ccc(S(=O)(=O)NC(=O)NC2CCCCC2)cc1,-0.9
543,105_SHA,C[C@]12CC(=O)[C@H]3[C@@H](CCC4=CC(=O)C=C[C@@]43C)[C@@H]1CCC2(O)C(=O)CO,-0.9
544,106_SHA,Nc1cccc(CN2CCC(NC(=O)[C@](O)(c3ccccc3)[C@@H]3CCC(F)(F)C3)CC2)n1,-0.89
545,107_SHA,CC1CCN(CCC2CCN2S(=O)(=O)C2=CC(O)=CCC2)CC1,-0.89
546,108_SHA,Cc1cc(Cl)ccc1NC1=NCCN1,-0.87
547,109_SHA,CN(C)CCOc1ccc(-c2nc(-c3ccc4c(c3)CC/C4=N\CO)c(-c3ccncc3)[nH]2)cc1,-0.85
548,110_SHA,COc1ccc(NS(=O)(=O)c2ccc(N)cc2)nn1,-0.85
549,111_SHA,Nc1ccccc1NC(=O)c1ccc(CNC(=O)OCc2ccccc2)cc1,-0.85
550,112_SHA,COc1cccc2c1C(=O)c1c(O)c3c(c(O)c1C2=O)C[C@@](O)(C(=O)CO)C[C@@H]3O[C@H]1C[C@H](N)[C@H](O)[C@H](C)O1,-0.83
551,113_SHA,COc1ccc2nc([S+]([O-])Cc3ncc(C)c(OC)c3C)[nH]c2c1,-0.82
552,114_SHA,Nc1nc(=O)c2ncn(COCCO)c2[nH]1,-0.8
553,115_SHA,CN/C(=N\CCSCc1csc(NC(=N)N)n1)NC#N,-0.8
554,116_SHA,CCc1ccc(-n2cnc3c(sc4nccc(N(C)CCc5ccccn5)c43)c2=O)cc1,-0.8
555,117_SHA,CN1CCN(Cc2ccc(Nc3ncc(Cl)c(Nc4ccccc4S(=O)(=O)N(C)C)n3)cc2)CC1,-0.8
556,118_SHA,COc1cc2c(c(OC)c1OC)-c1ccc(OC)c(=O)cc1C(NC(C)=O)CC2,-0.8
557,119_SHA,N[C@H](Cc1ccccc1)C(=O)ON1CCC[C@H]1C(=O)O,-0.8
558,120_SHA,C=C(C)C(=O)/C(=C\C(=O)O)OC,-0.79
559,121_SHA,Nc1ccn([C@@H]2CC(CO)C(CO)O2)c(=O)n1,-0.79
560,122_SHA,Cc1c(CCOC(=O)c2cc(=O)c3c(Cl)cc(Cl)cc3[nH]2)sc[n+]1C,-0.78
561,123_SHA,CC1COc2c(N3CCN(C)CC3)c(F)cc3c(=O)c(C(=O)O)cn1c23,-0.76
562,124_SHA,CN(C)Cc1ccc(CSCCNc2cc(Cc3ccccc3)c[nH]2)o1,-0.73
563,125_SHA,CCC(CO)Nc1nc(NCc2ccccc2)c2ncn(C(C)C)c2n1,-0.72
564,126_SHA,Cc1cn(C2CC(N=[N+]=N)C(CO)O2)c(=O)[nH]c1=O,-0.72
565,127_SHA,Cc1cn(C2CC(NN=N)C(CO)O2)c(=O)[nH]c1=O,-0.72
566,128_SHA,CCCC(=O)N(c1ccccc1)C1(COC)CCN(CCn2nnn(CC)c2=O)CC1,-0.71
567,129_SHA,S=c1nc[nH]c2nc[nH]c12,-0.71
568,130_SHA,Cc1cn([C@H]2C[C@H](N=[N+]=[N-])[C@@H](CO)O2)c(=O)[nH]c1=O,-0.7
569,131_SHA,C/C=C/CC(C)C(O)C1C(=O)NC(CC)C(=O)N(C)CC(=O)N(C)C(CC(C)C)C(=O)NC(C(C)C)C(=O)N(C)C(CC(C)C)C(=O)NC(C)C(=O)NC(C)C(=O)N(C)C(CC(C)C)C(=O)N(C)C(CC(C)C)C(=O)N(C)C(C(C)C)C(=O)N1C,-0.7
570,132_SHA,CC(C)c1nc(CN(C)C(=O)NC(C(=O)NC(Cc2ccccc2)CC(O)C(Cc2ccccc2)NC(=O)OCc2cncs2)C(C)C)cs1,-0.7
571,133_SHA,CC1CN(C2CCC(C#N)(c3ccc(F)cc3)CC2)CCC1(C(=O)O)c1ccccc1,-0.7
572,134_SHA,CC1N=C(N)Nc2cccc(Cl)c21,-0.7
573,135_SHA,CCCCCCCCCCCCCCCCCCOCC(COP(=O)(O)OCC[N+](C)(C)C)OC,-0.7
574,136_SHA,CC[C@@H](C)n1ncn(-c2ccc(N3CCN(c4ccc(OC[C@@H]5CO[C@@](CSc6nncn6C)(c6ccc(Cl)cc6)O5)cc4)CC3)cc2)c1=O,-0.7
575,137_SHA,CN1C2CCCC1CC(NC(=O)c1nn(C)c3ccccc13)C2,-0.69
576,138_SHA,O=C1CC=[N+](C2CC(F)C(CO)O2)C(=O)N1,-0.69
577,139_SHA,NC(=O)c1ncn(C2OC(CO)C(O)C2O)n1,-0.67
578,140_SHA,O=C(O)c1cc[nH]c1NCCSCc1ncccc1Br,-0.67
579,141_SHA,NC(=O)c1cnn(C2OC(CO)C(O)C2O)n1,-0.67
580,142_SHA,Nc1cc(N)c(N)cc1N,-0.67
581,143_SHA,O=[N+]([O-])C1=CC=NC1NCCSCc1ncccc1Br,-0.67
582,144_SHA,COc1cc2nc(N3CCN(C(=O)c4ccco4)CC3)nc(C)c2cc1OC,-0.66
583,145_SHA,Cc1cccc(COc2cccc(/C=C3\C(=O)NN(c4ccccc4)C3=O)c2)c1,-0.66
584,146_SHA,O=C1NCC(c2ccccc2)C2(CCN(C(=O)c3cc(C(F)(F)F)cc(C(F)(F)F)c3)CC2)O1,-0.66
585,147_SHA,O=[N+]([O-])C1=CC=NC1NCCSCc1ccccn1,-0.66
586,148_SHA,Cc1ccc(NC2=NCCN2)c(Cl)c1,-0.65
587,149_SHA,CCC(C)n1ncn(-c2ccc(N3CCN(c4ccc(OC[C@H]5CO[C@](Cn6cncn6)(c6ccc(Cl)cc6Cl)O5)cc4)CC3)cc2)c1=O,-0.64
588,150_SHA,CC(=O)N1CCc2ccc(N(C(=O)/C=C/c3cccc(C#N)c3)N3CCN(CCC4CCCC4)CC3)cc21,-0.63
589,151_SHA,CC(=O)Cc1ccc(C(=O)Nc2cc(-c3cccs3)ccc2N)cc1,-0.62
590,152_SHA,NC(=O)C(c1ccccc1)(c1ccccc1)[C@@H]1CCN(CCc2ccc3c(c2)CCO3)C1,-0.62
591,153_SHA,Cc1cn(C2CC(F)C(CO)O2)c(=O)[nH]c1=O,-0.6
592,154_SHA,COc1ccc2c3c1O[C@H]1[C@H](O)CC[C@@]4(O)C(C2)N(C)CC[C@]314,-0.6
593,155_SHA,C[C@@H]1CCCN1CCCOc1ccc(N2CCN(C(=O)c3ccc(F)cc3F)CC2=O)cc1,-0.6
594,156_SHA,O=S1(=O)N[C@H]2CCCN2c2ccccc21,-0.6
595,157_SHA,Cc1nc(N2CCc3ccccc3CC2)c([N+](=O)[O-])c(=O)[nH]1,-0.59
596,158_SHA,NC(=O)N1c2ccccc2CC(O)c2ccccc21,-0.59
597,159_SHA,O=C(Cc1ccc(OCc2ccccc2)cc1)Nc1ccc2ccn(CCN3CCCC3)c2c1,-0.59
598,160_SHA,CC(=O)Nc1ccc(C(=O)Nc2ccccc2N)cc1,-0.58
599,161_SHA,C/C(=C(\CCOC(=O)c1cc(=O)c2c(Cl)cc(Cl)cc2[nH]1)SSC(C)C)N(C=O)Cc1cnc(C)nc1N,-0.57
600,162_SHA,CC(C)CN(C[C@@H](O)[C@H](Cc1ccccc1)NC(=O)O[C@@H]1CCOC1)S(=O)(=O)c1ccc(N)cc1,-0.56
601,163_SHA,CC(=O)Nc1ccc(OC[C@@H](O)CNC(C)C)cc1,-0.55
602,164_SHA,CC(C)CC(CN)CC(=O)O,-0.54
603,165_SHA,CC1=CN2C(CC(=O)N(C)C)=C(c3ccc(C)cc3)NC2C=C1,-0.54
604,166_SHA,Cc1ccc(C(=O)NC2CC2)cc1-c1ccc(C(=O)NCC2CC2)cc1,-0.52
605,167_SHA,CC(=O)Nc1nnc(S(N)(=O)=O)s1,-0.52
606,168_SHA,CN(C)c1ccc(O)c2c1C[C@H]1C[C@H]3[C@H](N(C)C)C(=O)C(C(N)=O)=C(O)[C@@]3(O)C(=O)C1=C2O,-0.52
607,169_SHA,CN1CCC[C@H]1Cc1c[nH]c2ccc(CCS(=O)(=O)c3ccccc3)cc12,-0.52
608,170_SHA,COc1ccc(S(=O)(=O)Nc2cc(Br)cc(F)c2Br)cc1N1CCNCC1,-0.52
609,171_SHA,O=c1[nH]c2ccc([S+]([O-])CCN3CCC(Cc4ccc(F)cc4)CC3)cc2o1,-0.52
610,172_SHA,CCCCc1c(O)n(-c2ccccc2)n(-c2ccccc2)c1=O,-0.52
611,173_SHA,CN(C(=O)C(c1ccccc1)c1ccccc1)C(CN1CCC(O)C1)c1ccccc1,-0.51
612,174_SHA,O=C(CF)NCCCCCC(=O)Nc1ccccc1,-0.51
613,175_SHA,COc1cc2ncnc(Nc3ccc(F)c(Cl)c3)c2cc1OCCCN1CCOCC1,-0.5
614,176_SHA,C[C@]12C[C@@H](O)[C@H]3[C@@H](CCC4=CC(=O)CC[C@@]43C)[C@@H]1CC[C@@H]2C(=O)CO,-0.5
615,177_SHA,NC(Cc1ccc(N(CCCl)CCCl)cc1)C(=O)O,-0.5
616,178_SHA,CC1=C(/C=C/C(C)=C/C=C/C(C)=C/C(=O)O)C(C)(C)CCC1,-0.49
617,179_SHA,Cc1ccc(-c2nc3ccc(C)cn3c2CC(=O)N(C)C)cc1,-0.48
618,180_SHA,CN(C)CCCN1c2ccccc2[S+]([O-])c2ccccc21,-0.48
619,181_SHA,CCc1ccc(-n2cnc3c(sc4nccc(N(C)C)c43)c2=O)cc1,-0.47
620,182_SHA,Cn1nnc2c(C(N)=O)ncn2c1=O,-0.47
621,183_SHA,NC(=O)c1ccc(S(=O)(=O)C2CCN(CCc3ccc(F)cc3F)CC2)cc1,-0.47
622,184_SHA,CC(C)(C)NC(=O)[C@@]1(c2c(C(=O)O)[nH]c3cc(Cl)ccc23)N2C(=O)[C@]21c1ccc(OCc2ccc(Cl)cc2)cc1,-0.46
623,185_SHA,CNS(=O)(=O)CCc1ccc2[nH]cc(C3CCN(C)CC3)c2c1,-0.46
624,186_SHA,O=C(c1ccc(F)cc1)N1CCN(c2ccc(OCCCN3CCCCC3)cc2)C(=O)C1,-0.46
625,187_SHA,O=C(NCCN1CCN(c2cccc3c2OC[C@H](CO)O3)CC1)c1ccc(F)cc1,-0.45
626,188_SHA,CN1CCN(c2c(F)cc3c(=O)c(C(=O)O)cn(CCF)c3c2F)CC1,-0.43
627,189_SHA,NC1(C(=O)O)CCCC1,-0.43
628,190_SHA,CC1=C(C(=O)OC(C)(C)C)C(c2cccc([N+](=O)[O-])c2)C(C(=O)OC(C)(C)C)=C(C)N1,-0.42
629,191_SHA,CC[C@@]1(O)C(=O)OCc2c1cc1n(c2=O)Cc2cc3c(CN(C)C)c(O)ccc3nc2-1,-0.42
630,192_SHA,CC[S@@]1(O)C(=O)OCc2c1cc1n(c2=O)Cc2cc3cc(CN(C)C)c(O)cc3nc2-1,-0.42
631,193_SHA,COc1cc2c(cc1CNC1CCCNC1c1ccccc1)N(S(C)(=O)=O)C(C)C2,-0.42
632,194_SHA,N[C@@]1(C(=O)O)CC(=O)[C@@H]2[C@H]1[C@@]2(F)C(=O)O,-0.41
633,195_SHA,CNS(=O)(=O)Cc1ccc2[nH]cc(CCN(C)C)c2c1,-0.4
634,196_SHA,C=CC#N,-0.4
635,197_SHA,CC1CN(Cc2ncccn2)CC1c1nc2c(cnn2C2CCOCC2)c(=O)[nH]1,-0.4
636,198_SHA,CCCN(CCC)S(=O)(=O)c1ccc(C(=O)O)cc1,-0.4
637,199_SHA,CN1CCCCC1CCN1c2ccccc2Sc2ccc([S+](C)[O-])cc21,-0.4
638,200_SHA,Cc1nc(NC(=O)C2c3ccccc3Oc3ccccc32)no1,-0.4
639,201_SHA,NCCCS(=O)(=O)O,-0.4
640,202_SHA,COc1cc(Nc2nn3c(NC(CO)C(C)C)cc(C4CC4)nc3c2C(N)=O)cc(OC)c1,-0.39
641,203_SHA,CC(C)(C)/[N+]([O-])=C\c1cc[n+]([O-])cc1,-0.38
642,204_SHA,CC(C)(C)[N+](=O)C=C1C=CN([O-])C=C1,-0.38
643,205_SHA,CC(C)Oc1cccc(CC(=O)N2CCC[C@](CC[N+]34CCC(c5ccccc5)(CC3)CC4)(c3ccc(Cl)c(Cl)c3)C2)c1,-0.37
644,206_SHA,CN(C)S(=O)(=O)c1ccc(-c2ccc3cc(O)ccc3c2Oc2ccc(OCCN3CCCCC3)cc2)cc1,-0.37
645,207_SHA,COc1ccc(N(c2nc(C)c(C)s2)S(C)(=O)=O)cc1CNC1CCCNC1c1ccccc1,-0.37
646,208_SHA,O=C(OCc1ccccc1)N1CCC(CNc2ncccn2)CC1,-0.37
647,209_SHA,CC(=O)C1CSc2ccccc2N1CCC1CCCCN1C,-0.36
648,210_SHA,CC(=O)O[C@H]1Cc2ccccc2[C@@H](C(N)=O)c2ccccc21,-0.34
649,211_SHA,CC1c2ccccc2N(C(N)=O)c2ccccc2C1C,-0.34
650,212_SHA,NC(=O)N1c2ccccc2C2CC2c2ccccc21,-0.34
651,213_SHA,NC(=O)[C@@H]1c2ccccc2[C@@H]2O[C@@H]2c2ccccc21,-0.34
652,214_SHA,Cc1nc2n(c(=O)c1CCN1CCC(c3coc4cc(F)ccc34)CC1)CCCC2,-0.32
653,215_SHA,CC(=O)Cn1nc(-c2c(-c3ccccc3)nn3ccccc23)ccc1=O,-0.31
654,216_SHA,CCC1(C2=CCCCC2)C(=O)NC(=O)NC1=O,-0.3
655,217_SHA,C[C@]12CC[C@@H]3c4ccc(O)cc4CC[C@H]3[C@@H]1C[C@H](F)[C@@H]2O,-0.3
656,218_SHA,CC1(C)SSC(C)(C)[C@@H](NC(=O)[C@@H](N)Cc2ccc(O)cc2)C(=O)NCC(=O)N[C@@H](Cc2ccccc2)C(=O)N[C@H]1C(=O)O,-0.3
657,219_SHA,CC1C=Nc2c1c(=O)[nH]c(=O)n2C,-0.3
658,220_SHA,CCC1(C)CC(=O)NC1=O,-0.3
659,221_SHA,N#Cc1cc(C2=Nc3ccc(-c4ccccc4F)cc3NC(=O)C2)ccn1,-0.3
660,222_SHA,O=C(Nc1cc(Cl)ccc1O)Nc1cc(C(F)(F)F)ccc1Cl,-0.3
661,223_SHA,CCOC(=O)N1CCC(=C2c3ccc(Cl)cc3CCc3cccnc32)CC1,-0.3
662,224_SHA,CC[C@@]1(O)C(=O)OCc2c1cc1n(c2=O)Cc2cc3ccccc3nc2-1,-0.29
663,225_SHA,CC[S@@]1(O)C(=O)OCc2c1cc1n(c2=O)Cc2cc3ccccc3nc2-1,-0.29
664,226_SHA,CN1C(=O)C2N=CN=C2N(C)C1=O,-0.29
665,227_SHA,CN1C(=O)C2NC=NC2N(C)C1=O,-0.29
666,228_SHA,CC(=O)N1CCN(c2ccc(OC[C@H]3CO[C@](Cn4ccnc4)(c4ccc(Cl)cc4Cl)O3)cc2)CC1,-0.28
667,229_SHA,CC(C)NCC(O)c1ccc(NS(C)(=O)=O)cc1,-0.28
668,230_SHA,CN(C)Cc1ccnc(-c2cccc(NC3N=CC=C3[N+](=O)[O-])c2)c1,-0.28
669,231_SHA,Cc1cc(Br)cc(C)c1NC1=NCCN1,-0.28
670,232_SHA,C[C@@H]1NC(=O)C2(CCCC2)NC1=O,-0.26
671,233_SHA,CN(C)C(=O)C(CCCN1CCC(O)(c2ccc(Cl)cc2)CC1)(c1ccccc1)c1ccccc1,-0.25
672,234_SHA,CN1Cc2c(C(=O)OC(C)(C)C)ncn2-c2ccsc2C1=O,-0.25
673,235_SHA,CNC(=O)c1c(NCC2CCC3(CCC3)CC2)nc(C#N)nc1OC1CC(C)(C)NC(C)(C)C1,-0.24
674,236_SHA,NC(=O)c1ccccc1,-0.24
675,237_SHA,O=[N+]([O-])c1nccn1CCCF,-0.24
676,238_SHA,C#CCO,-0.23
677,239_SHA,C=CCc1ccccc1OCC(O)CNC(C)C,-0.23
678,240_SHA,CC(C)(O)Cn1nc(-c2c(-c3ccccc3)nn3ccccc23)ccc1=O,-0.23
679,241_SHA,C=CCC1(CC=C)C(=O)NC(=O)NC1=O,-0.22
680,242_SHA,CCCN(CC1CC1)c1nc(C)nc2c1CCN2c1ccc(Cl)cc1Cl,-0.22
681,243_SHA,COc1cc(N)c(Cl)cc1C(=O)NC1CCNCC1OC,-0.22
682,244_SHA,COc1ccc(N2CCCC2=O)cc1CNC1CCCNC1c1ccccc1,-0.22
683,245_SHA,C[C@]12C[C@H](O)[C@H]3[C@@H](CCC4=CC(=O)CC[C@@]43C)[C@@H]1CC[C@]2(O)C(=O)CO,-0.22
684,246_SHA,Cc1cccc(Cl)c1Nc1nc2ccc(N3CCNC(C)C3)nc2n2cncc12,-0.22
685,247_SHA,Nc1nc(NC2CC2)c2ncn([C@H]3C=C[C@@H](CO)C3)c2n1,-0.22
686,248_SHA,OC(Cn1cncn1)(Cn1cncn1)c1ccc(F)cc1F,-0.22
687,249_SHA,C=C[C@H]1CN2CCC1C[C@@H]2[C@@H](O)c1ccnc2ccc(OC)cc12,-0.21
688,250_SHA,OCC(O)CO,-0.21
689,251_SHA,CCCC(CCC)C(=O)O,-0.2
690,252_SHA,CN1CCC23c4c5ccc(O)c4OC2C(O)C=CC3C1C5,-0.2
691,253_SHA,CCC1(C)C(=O)NC(=O)NC1=O,-0.2
692,254_SHA,Cn1ncnc1COc1nn2c(-c3cc(F)ccc3F)nnc2cc1C(C)(C)C,-0.2
693,255_SHA,O=c1n(CCCN2CCN(c3cccc(Cl)c3)CC2)nc2ccccn12,-0.2
694,256_SHA,CC(C)Cc1ccc(C(C)C(=O)O)cc1,-0.2
695,257_SHA,CCO,-0.2
696,258_SHA,Clc1ccc(C(Cn2ccnc2)OCc2ccsc2Cl)c(Cl)c1,-0.2
697,259_SHA,Fc1cccc(F)c1N=C1NCCN1,-0.2
698,260_SHA,NNCCc1ccccc1,-0.2
699,261_SHA,O=C(Cc1ccc(OCc2ccccc2)cc1)Nc1ccc2cnn(CCN3CCCC3)c2c1,-0.2
700,262_SHA,O=C(OCc1ccccc1)N1CCC(CNc2ccncn2)CC1,-0.2
701,263_SHA,S=C(NC1CCCCC1)N1CCC(c2cnc[nH]2)CC1,-0.2
702,264_SHA,NCC1(CC(=O)O)CCCCC1,-0.19
703,265_SHA,CCNC(=O)C(C(N)=O)c1ccccc1,-0.19
704,266_SHA,NC(=O)OCC(COC(N)=O)c1ccccc1,-0.19
705,267_SHA,CCC(=O)N[C@@H]1C(=O)NC(=O)NC1=NC[C@H](O)[C@H](O)[C@H](O)CO,-0.18
706,268_SHA,CCCC(C)(COC(N)=O)COC(=O)NC,-0.18
707,269_SHA,C[C@]12CC(O)[C@H]3[C@@H](CCC4=CC(=O)C=C[C@@]43C)[C@@H]1CC[C@]2(O)C(=O)CO,-0.18
708,270_SHA,C=CC=C,-0.17
709,271_SHA,CC(C)CO,-0.17
710,272_SHA,CC(N)C(=O)O,-0.17
711,273_SHA,CC1CCN(CC[C@H]2CCCN2S(=O)(=O)c2cccc(O)c2)CC1,-0.17
712,274_SHA,COC(=O)C1C(=O)C=C(Nc2cccc(OC(F)(F)F)c2)CC1C,-0.17
713,275_SHA,C[n+]1ccccc1/C=N/O,-0.17
714,276_SHA,O=[N+]([O-])c1nccn1CCCCCCCCF,-0.17
715,277_SHA,CCCO,-0.16
716,278_SHA,CCn1cc(C(=O)O)c(=O)c2cc(F)c(N3CCN(C)CC3)cc21,-0.16
717,279_SHA,Cn1nnc2ccc(C(c3ccc(Cl)cc3)n3cncn3)cc21,-0.16
718,280_SHA,NC1=NCC2c3ccccc3Cc3ccccc3N12,-0.16
719,281_SHA,C[C@@H]1C[C@H]2[C@@H]3CCC4=CC(=O)C=C[C@]4(C)[C@@]3(F)[C@@H](O)C[C@]2(C)[C@@]1(O)C(=O)CO,-0.15
720,282_SHA,CCCC(C)(COC(N)=O)COC(N)=O,-0.15
721,283_SHA,CC(C)=O,-0.15
722,284_SHA,c1ccc(-c2nnc(N3CCN(c4ncccn4)CC3)cc2-c2ccncc2)cc1,-0.15
723,285_SHA,CCCC(=O)Nc1ccc(OCC(O)CNC(C)C)c(C(C)=O)c1,-0.15
724,286_SHA,COc1ccc(S(C)(=O)=O)cc1CNC1CCCNC1c1ccccc1,-0.15
725,287_SHA,O=c1c(-c2ccc(O)cc2)coc2cc(O)ccc12,-0.15
726,288_SHA,NC(N)=O,-0.14
727,289_SHA,CC(=O)/C=C/c1cccs1,-0.14
728,290_SHA,CC(C)Nc1cccnc1N1CCNCC1,-0.14
729,291_SHA,CCOC(=O)c1ncn2c1CN(CCF)C(=O)c1cc(F)ccc1-2,-0.14
730,292_SHA,ClCCCl,-0.14
731,293_SHA,N#Cc1ccsc1C1=Nc2ccc(Cl)cc2NC(=O)C1,-0.14
732,294_SHA,O=c1cc(NC2CCN(Cc3ccc4c(c3)CCO4)CC2)c2cc(Cl)ccc2o1,-0.14
733,295_SHA,COC(C)=O,-0.13
734,296_SHA,C=CCn1c2c(c3cc(C(=O)N4CCC(C)CC4)ccc31)CN(CC1CC1)CC2,-0.13
735,297_SHA,CC(C)NCCCOc1cccc(CN2CCCCC2)c1,-0.13
736,298_SHA,Cl/C=C\Cl,-0.13
737,299_SHA,CCC1(c2ccccc2)C(=O)NC(=O)NC1=O,-0.12
738,300_SHA,CC(C)(c1ccc(O)cc1)c1ccc(O)cc1,-0.12
739,301_SHA,CC(C)n1nnc(NC(=O)C2c3ccccc3Oc3ccccc32)n1,-0.12
740,302_SHA,CN1C[C@H](CCn2c3c(c4ccccc42)C(=O)NCC3)CC1=O,-0.12
741,303_SHA,O=[N+]([O-])c1c(Cc2ccccc2)c[nH]c1NCCSCc1ccccn1,-0.12
742,304_SHA,CN(C)C1CCN(Cc2ccc(C(=O)Nc3cc(-c4ccccc4)ccc3N)cc2)CC1,-0.11
743,305_SHA,CCC1(O)CC2CN(CCc3c([nH]c4ccccc34)C(C(=O)OC)(c3cc4c(cc3OC)N(C)C3C(O)(C(=O)OC)C(OC(C)=O)C5(CC)C=CCN6CCC43C65)C2)C1,-0.1
744,306_SHA,O=C1NC(=O)C(c2ccccc2)(c2ccccc2)N1,-0.1
745,307_SHA,CCCC(C)C1(CC)C(=O)NC(=S)NC1=O,-0.1
746,308_SHA,Cc1cc(=O)n(-c2ccccc2)n1C,-0.1
747,309_SHA,CC(C)O,-0.1
748,310_SHA,CCC(C)=O,-0.1
749,311_SHA,CC(C)NCC(O)COc1cccc2[nH]ccc12,-0.1
750,312_SHA,NC(=O)N1c2ccccc2C=Cc2ccccc21,-0.1
751,313_SHA,C=CCC1(C(C)C#CCC)C(=O)NC(=O)N(C)C1=O,-0.1
752,314_SHA,CC(=O)[C@H]1CC[C@H]2[C@@H]3CCC4=CC(=O)CC[C@]4(C)[C@H]3CC[C@]12C,-0.1
753,315_SHA,CC(F)OC(=O)c1ncn2c1CN(C)C(=O)c1cc(F)ccc1-2,-0.1
754,316_SHA,CN(C)Cc1ccc(-c2c[nH]c(=O)c3cccc(O)c23)cc1,-0.1
755,317_SHA,COCCCN1CCC(NC(=O)c2cc(Cl)c(N)c3c2OCC3)CC1,-0.1
756,318_SHA,CS(=O)(=O)c1ccc(C2=C(c3ccccc3)C(=O)OC2)cc1,-0.1
757,319_SHA,Cc1c(I)c(=O)n(-c2ccccc2)n1C,-0.1
758,320_SHA,Cc1cc(-c2cc(N)n3nc(-c4ccccn4)nc3c2)ccn1,-0.1
759,321_SHA,Cc1nc(C)c(C)nc1C,-0.1
760,322_SHA,ClCC(Cl)Cl,-0.1
761,323_SHA,Cn1c(=O)c2c(ncn2C)n(C)c1=O,-0.1
762,324_SHA,O=S(=O)(c1ccc2cc[nH]c2c1)N1CCCC1CCN1CCC(Oc2ccc(Cl)cc2)CC1,-0.1
763,325_SHA,OCc1ncc2n1-c1ccc(Cl)cc1C(c1ccccc1F)=NC2,-0.1
764,326_SHA,CC(C)(C)OC(=O)c1ncn2c1C1CCCN1C(=O)c1c(Br)cccc1-2,-0.09
765,327_SHA,Cn1nc(CC(=O)NC2CC[N+]3(C)CCCC2C3)c2ccccc21,-0.08
766,328_SHA,CC1(C)O[C@@H]2CO[C@@]3(COS(N)(=O)=O)OC(C)(C)O[C@H]3[C@@H]2O1,-0.07
767,329_SHA,CC1(O)NC=C2CN=C(c3ccccc3F)c3cc(Cl)ccc3N21,-0.07
768,330_SHA,CCC1(c2ccccc2)C(=O)NCNC1=O,-0.07
769,331_SHA,CC[C@H](C)C(=O)O[C@H]1C[C@@H](C)C=C2C=C[C@H](C)[C@H](CC[C@@H]3C[C@@H](O)CC(=O)O3)[C@H]21,-0.07
770,332_SHA,COc1cc2c(cc1OC)[C@@H]1Cc3ccc(OC)c(OC)c3CN1CC2,-0.07
771,333_SHA,C=CC,-0.06
772,334_SHA,C=CCC1(C(C)CCCC)C(=O)NC(=O)N(C)C1=O,-0.06
773,335_SHA,CN1C2CCC1CC(OC(=O)C(CO)c1ccccc1)C2,-0.06
774,336_SHA,Cn1cc(-c2ccncc2)c(-c2ccc(OCc3ccc4ccccc4n3)cc2)n1,-0.06
775,337_SHA,CN1C(=O)C2C(N=CN2C)N(C)C1=O,-0.06
776,338_SHA,CCOc1ccccc1C(N)=O,-0.05
777,339_SHA,Cc1c(F)c(=O)n(-c2ccccc2)n1C,-0.05
778,340_SHA,Cc1cc(=O)n(-c2ccc(F)cc2)n1C,-0.05
779,341_SHA,O=c1c(Br)ccc2n1CC1CNCC2C1,-0.05
780,342_SHA,O=c1cccc2n1CC1CNC(Br)C2C1,-0.05
781,343_SHA,CCNCc1ccc(C(=O)Nc2cc(C)n(Cc3cc(Cl)ccc3OCC(C)C)n2)cc1,-0.05
782,344_SHA,CNCc1ccc(C(=O)Nc2cc(-c3ccccc3)ccc2N)cc1,-0.05
783,345_SHA,CO[C@@H]1CN(CC2Cc3ccc(C#N)cc3C2)CCC1n1c(C(C)(C)O)nc2cc(C)ccc21,-0.05
784,346_SHA,Cc1cccc(C)c1Nc1ncc(-c2cccc(OCCN3CCCC3)c2)n2cncc12,-0.05
785,347_SHA,O=C1CCC(N2C(=O)c3ccccc3C2=O)C(=O)N1,-0.05
786,348_SHA,CC1C=[N+](C2CC(N=[N+]=N)C(CO)O2)C(=O)NC1=O,-0.05
787,349_SHA,CC[C@@H](C(N)=O)N1CCCC1=O,-0.04
788,350_SHA,Cc1cnc(N=C(N)N)s1,-0.04
789,351_SHA,Cc1csc(N=C(N)N)n1,-0.04
790,352_SHA,Cc1ncc(-c2csc(N=C(N)N)n2)[nH]1,-0.04
791,353_SHA,Oc1ccc2c(c1)OCO2,-0.04
792,354_SHA,C1CCc2nnnn2CC1,-0.03
793,355_SHA,CN1CCCC12CCN(Cc1ccc(C(=O)Nc3cc(-c4ccccc4)ccc3N)cc1)CC2,-0.03
794,356_SHA,Cc1ncc2n1-c1ccc(Cl)cc1C(c1ccccc1F)=N[C@@H]2O,-0.03
795,357_SHA,O=c1[nH]c(CCCN2CCC(c3ccccc3)CC2)nc2c(Cl)cccc12,-0.03
796,358_SHA,CCCCO,-0.02
797,359_SHA,O=C(OCc1ccccc1)N1CCC(CNc2ccccn2)CC1,-0.02
798,360_SHA,OCCCOc1cccc(CN2CCCCC2)c1,-0.02
799,361_SHA,CC(C)(C)c1cnc(CSc2cnc(NC(=O)C3CCNCC3)s2)o1,-0.01
800,362_SHA,CC(=O)N1CCN(C2CCN(C(=O)N(C)C(C)c3cc(C(F)(F)F)cc(C(F)(F)F)c3)C(c3ccc(F)cc3C)C2)CC1,-0.01
801,363_SHA,CCCC(C)=O,-0.01
802,364_SHA,CCCN1CN(c2ccc(Br)cc2)C2(CCN(CCCC(=O)c3ccc(F)cc3)CC2)C1=O,-0.01
803,365_SHA,CCN1CN(c2ccccc2)C2(CCN(CCCC(=O)c3ccc(F)cc3)CC2)C1=O,-0.01
804,366_SHA,CCNc1cccnc1N1CCN(C(=O)c2cc3cc(OC)ccc3[nH]2)CC1,-0.01
805,367_SHA,O=[N+]([O-])c1nccn1CC(O)CF,-0.01
806,368_SHA,O=[N+]([O-])c1nccn1CC(O)COCF,-0.01
807,369_SHA,c1ccc2c(c1)CCC(CNCCCNC1=NCCCN1)O2,-0.01
808,370_SHA,CC(C)(C)/[N+]([O-])=C/c1ccccc1,0.0
809,371_SHA,Cc1nnc2n1-c1ccc(Cl)cc1C(c1ccccc1)=NC2,0.0
810,372_SHA,CCOCC,0.0
811,373_SHA,C=CCC(N)c1ccccc1-c1noc2ccccc12,0.0
812,374_SHA,CC(=O)[C@]1(O)Cc2c(O)c3c(c(O)c2[C@@H](O[C@H]2C[C@H](N)[C@H](O)[C@H](C)O2)C1)C(=O)c1ccccc1C3=O,0.0
813,375_SHA,CC(C)CC(N)C(=O)O,0.0
814,376_SHA,CC12CCC(=O)C=C1CCC1C2CCC2(C)C(O)CCC12,0.0
815,377_SHA,CCCCCc1cc(O)c2c(c1)OC(C)(C)[C@@H]1CCC(C)=C[C@@H]21,0.0
816,378_SHA,CCOC(C)=O,0.0
817,379_SHA,CN1CCC23CCCCC2C1Cc1ccc(O)cc13,0.0
818,380_SHA,COC(=O)[C@@H]1C(=O)C=C(Nc2ccc(Cl)cc2)C[C@@H]1C,0.0
819,381_SHA,Cc1c(N(C)C)c(=O)n(-c2ccccc2)n1C,0.0
820,382_SHA,Cc1ccnc2c1NC(=O)c1cccnc1N2C1CC1,0.0
821,383_SHA,N#Cc1c(COc2ccccn2)nc(N)nc1-c1ccco1,0.0
822,384_SHA,N#Cc1c(N2CCc3ccccc3CC2)ncn(CCO)c1=O,0.0
823,385_SHA,NC(=Nc1ccccc1)Nc1ccccc1,0.0
824,386_SHA,NC(=O)C1c2ccccc2C=Cc2ccccc21,0.0
825,387_SHA,OCCN(CCO)c1nc(N2CCCCC2)c2nc(N(CCO)CCO)nc(N3CCCCC3)c2n1,0.0
826,388_SHA,C[C@H](Nc1cc(-c2c(-c3cccc(C(F)(F)F)c3)nc(C3CCNCC3)n2C)ccn1)c1ccccc1,0.01
827,389_SHA,CCCCCCCC1(CC)C(=O)NC(=O)NC1=O,0.02
828,390_SHA,C=CCOc1ccccc1OCC(O)CNC(C)C,0.02
829,391_SHA,CO,0.02
830,392_SHA,O=C(CC1=NC2NN(c3ccccc3)C(=O)C2=C1CC(=O)c1cccc2ccccc12)c1cccc2ccccc12,0.02
831,393_SHA,CCCCNC(=S)Nc1ccccc1,0.03
832,394_SHA,N#[N+]O,0.03
833,395_SHA,NN,0.03
834,396_SHA,CC(C)CCO,0.04
835,397_SHA,CCC(C)CO,0.04
836,398_SHA,CCC(O)(CC(N)=O)c1ccccc1,0.04
837,399_SHA,CCC1(CCC(C)C)C(=O)NC(=O)NC1=O,0.04
838,400_SHA,CCC1(CCC(C)C)CNC(=O)NC1=O,0.04
839,401_SHA,CCn1c(C)nc(N2CCc3ccccc3CC2)c([N+](=O)[O-])c1=O,0.04
840,402_SHA,CCN(CC)CCOC(=O)c1ccc(N)cc1,0.05
841,403_SHA,N[C@@H](Cc1ccc(B(O)O)cc1)C(=O)O,0.05
842,404_SHA,CN1CCC(n2nc(-c3c(-c4ccccc4)nn4ccccc34)ccc2=O)CC1,0.06
843,405_SHA,CN1C(=O)NC2=NCN(C)C2C1=O,0.06
844,406_SHA,CN1C(=O)NC2N=CN(C)C2C1=O,0.06
845,407_SHA,CCC(C)(C)O,0.07
846,408_SHA,CCCN(CCC)c1cc(C)nc2c(-c3cnc(N(C)C)cc3C)c(C)nn12,0.07
847,409_SHA,O=C(CCCN1CCC2(CC1)C(=O)NCN2c1ccc(Br)cc1)c1ccc(F)cc1,0.07
848,410_SHA,CNC(=O)c1c(NCC2CCC3(CCC3)CC2)nc(C#N)nc1OCC1CCN(C(C)C)CC1,0.08
849,411_SHA,CNC(=O)Oc1ccc2c(c1)C1(C)CCN(C)C1N2C,0.08
850,412_SHA,CN(CC=CC#CC(C)(C)C)Cc1cccc2ccccc12,0.08
851,413_SHA,CCOc1cc(OCCCCOc2ccc(C(=O)CC(C)C)c(O)c2)ccc1CCC(=O)O,0.08
852,414_SHA,COCCOC(=O)C1=C(C)NC(C)=C(C(=O)OC(C)C)C1c1cccc([N+](=O)[O-])c1,0.08
853,415_SHA,FCC(Cl)(Cl)Cl,0.08
854,416_SHA,CCCC1(CC)C(=O)NC(=O)NC1=O,0.09
855,417_SHA,CCN(CC)CCCC(=O)c1cc(Cl)c(N)cc1OC,0.09
856,418_SHA,COc1ccccc1N1CCN(CCN(C(=O)c2ccc(F)cc2)c2ccccn2)CC1,0.09
857,419_SHA,O=C(O)c1ccccc1C(=O)OC1CCc2ccccc2C1,0.09
858,420_SHA,CN1C(=O)NC(=O)C(C)(C2=CCCCC2)C1=O,0.1
859,421_SHA,C1CC1,0.1
860,422_SHA,C=COC=C,0.1
861,423_SHA,CN1C(=O)CN=C(c2ccccc2F)c2cc([N+](=O)[O-])ccc21,0.1
862,424_SHA,Cn1c(=O)[nH]c2ncn(C)c2c1=O,0.1
863,425_SHA,O=C(O)c1cc(O)ccc1O,0.1
864,426_SHA,C=CC1CC2CCC1CC2C(O)c1ccnc2ccc(OC)cc12,0.1
865,427_SHA,C=COCC(F)(F)F,0.1
866,428_SHA,CN1CC(C)(C2=CCCCC2)C(=O)NC1=O,0.1
867,429_SHA,COc1ccc2cc([C@H](C)C(=O)O)ccc2c1,0.1
868,430_SHA,Clc1cccc(Cl)c1NC1=NCCN1,0.1
869,431_SHA,c1cc(CN2CCCCC2)cc(OCCCNc2nc3ccccc3s2)c1,0.1
870,432_SHA,CC(C)(C)O,0.11
871,433_SHA,CN1C2=C3N=c4ccccc4=C3CCN2C(=O)c2ccccc21,0.11
872,434_SHA,COc1ccc(-n2nc(C)cc2C)cc1CNC1CCCNC1c1ccccc1,0.11
873,435_SHA,COc1ccc2c3c1O[C@H]1C(=O)CC[C@@]4(O)[C@@H](C2)N(C)CC[C@]314,0.11
874,436_SHA,C[n+]1c2n(c(=O)c3ccccc31)CCC1c3ccccc3NC21,0.11
875,437_SHA,Cc1ccc2c(OCCN3CCC(Cc4ccc5c(c4)N(C)C(=O)CO5)CC3)cccc2n1,0.11
876,438_SHA,Clc1cccc(Cl)c1NC1N=CCN1,0.11
877,439_SHA,FC(F)OC(F)C(F)(F)F,0.11
878,440_SHA,NCCn1ncc2cc(Cl)c(Cl)cc21,0.11
879,441_SHA,CCCOC(C)=O,0.12
880,442_SHA,C=COCCCCOC=C,0.12
881,443_SHA,F/C=C/O/C=C/F,0.13
882,444_SHA,O=C(OCc1ccccc1)N1CCC(CNc2ccncc2)CC1,0.13
883,445_SHA,O=c1cc(NC2CCN(C/C=C/c3ccccc3)CC2)c2cc(Cl)ccc2o1,0.13
884,446_SHA,CCN(CC)CCNC(=O)c1ccc(N)c(Cl)c1,0.14
885,447_SHA,CNCc1ccc(NC(=O)c2cc(C)n(Cc3cc(Cl)ccc3OCc3ccccc3)n2)cc1,0.15
886,448_SHA,OC[C@H]1OC(OC2=C(c3ccc(O)c(O)c3)OC3C=C(O)C=C(O)C3=C2)[C@H](O)[C@@H](O)[C@@H]1O,0.15
887,449_SHA,OC[C@H]1O[C@@H](Oc2cc3c(O)cc(O)cc3[o+]c2-c2ccc(O)c(O)c2)[C@H](O)[C@@H](O)[C@@H]1O,0.15
888,450_SHA,O=C(O)COc1ccc(Cl)cc1Cl,0.15
889,451_SHA,CC(O)C(=O)O,0.16
890,452_SHA,Cc1ccc(C)c(C)c1,0.16
891,453_SHA,Clc1ccc(NC2=NCCN2)c(Cl)c1,0.16
892,454_SHA,O=C1CCCN1CCCCN1CCN(c2cc(C(F)(F)F)cc(Cl)n2)CC1,0.16
893,455_SHA,O=C1CCCN1CCCCN1CCN(c2cc(C(F)(F)F)ccn2)CC1,0.16
894,456_SHA,CCC(C)(C)OC,0.17
895,457_SHA,FC(F)(F)c1ccc(Cl)cc1,0.17
896,458_SHA,N#Cc1cccc(-c2ccc3cc(O)ccc3c2Oc2ccc(OCCN3CCCCC3)cc2)c1,0.17
897,459_SHA,Cc1cc(-c2ccccc2)nnc1N1CCN(c2ncccn2)CC1,0.18
898,460_SHA,CCOc1ccc(-c2nn3ncccc3c2-c2ccc(S(C)(=O)=O)cc2)cc1,0.18
899,461_SHA,COc1ccc2c3c1O[C@H]1C[C@@H](O)C=C[C@@]31CCNC2,0.18
900,462_SHA,O=C1c2ccccc2S(=O)(=O)N1CCCCN[C@H]1CCc2ccccc2O1,0.18
901,463_SHA,CC(=O)O[C@H]1C(=O)[C@@]2(C)[C@@H](O)C[C@H]3OC[C@@]3(OC(C)=O)[C@H]2[C@@H](OC(=O)c2ccccc2)[C@]2(O)C[C@H](OC(=O)[C@@H](O)[C@H](NC(=O)c3ccc(F)cc3)c3ccccc3)C(C)=C1C2(C)C,0.19
902,464_SHA,Nc1ccc(-c2nc3ccc(O)cc3s2)cc1I,0.2
903,465_SHA,CCCN(CCC)CCc1cccc2c1CC(=O)N2,0.2
904,466_SHA,CSc1ccc2c(c1)N(CCC1CCCCN1C)c1ccccc1S2,0.2
905,467_SHA,COC(F)(F)C(Cl)Cl,0.2
906,468_SHA,CN1CCCCC1CCN1c2ccccc2Sc2ccc(S(C)(=O)=O)cc21,0.2
907,469_SHA,CCc1ccccc1,0.2
908,470_SHA,C=CCC1(C(C)CCC)C(=O)NC(=O)NC1=O,0.2
909,471_SHA,CCC(=O)N(c1ccccc1)C1(COC)CCN(CCc2cccs2)CC1,0.2
910,472_SHA,CCCCCO,0.2
911,473_SHA,CN(C)Cc1ccccc1Sc1cc(F)c(Cl)cc1N,0.2
912,474_SHA,CN(C)Cc1ccccc1Sc1ccc(F)cc1N,0.2
913,475_SHA,COCCn1c(C)nc(N2CCC(c3ccc(F)cc3)CC2)c([N+](=O)[O-])c1=O,0.2
914,476_SHA,COc1ccc2c3c1OC1CC(O)C=C(CN(C)C2)C31,0.2
915,477_SHA,Clc1ccc(Nc2nnc(Cc3ccncc3)c3ccccc23)cc1,0.2
916,478_SHA,FC(F)OC(F)(F)[C@H](F)Cl,0.2
917,479_SHA,Cc1cccc(C)c1,0.2
918,480_SHA,CCOC(C)(C)C,0.22
919,481_SHA,CNCCCC1(c2ccccc2)SC(C)(C)c2ccccc21,0.22
920,482_SHA,c1cc(CN2CCCCC2)cc(OCCCNc2nc3ccccc3o2)c1,0.22
921,483_SHA,CN1C2CC(OC(=O)C(CO)c3ccccc3)CC1C1OC12,0.23
922,484_SHA,COc1cc(/C=C/C(=O)NCCn2c(C(F)(F)F)cc3ccccc32)cc(OC)c1OC,0.23
923,485_SHA,c1cc2ccc3cccc4ccc(c1)c2c34,0.23
924,486_SHA,CN1CCCC1c1cccnc1,0.24
925,487_SHA,COc1ccc(-n2nnnc2C(F)(F)F)cc1CNC1CCCNC1c1ccccc1,0.24
926,488_SHA,CCCN(CCC)CCc1ccc2c(c1)CC(=O)N2,0.25
927,489_SHA,CCCN1CCC[C@@H]2Cc3nc(N)ncc3C[C@H]21,0.25
928,490_SHA,CCCN1CCOC2c3cc(O)ccc3CCC21,0.26
929,491_SHA,FC(Br)C(F)(F)F,0.27
930,492_SHA,CCCBr,0.27
931,493_SHA,CCOC(=O)Cc1cc2c(c(N)n1)N=C(c1ccccc1)C(C)N2,0.27
932,494_SHA,CCOC(=O)c1ccc(N)cc1,0.27
933,495_SHA,FC(Br)CC(F)(F)F,0.27
934,496_SHA,Cc1cccc(OCC(O)CNC(C)C)c1,0.28
935,497_SHA,CCCCOC(C)=O,0.28
936,498_SHA,CC(C)=CCN1Cc2cc(Cl)cc3[nH]c(=S)n(c23)CC1C,0.28
937,499_SHA,CC1=C(CC2CCc3c(c4ccccc4n3C)C2=O)CC=N1,0.28
938,500_SHA,Cc1nccn1CC1CCc2c(c3ccccc3n2C)C1=O,0.28
939,501_SHA,Cl/C(=C\n1cncn1)c1ccc(Cl)cc1Cl,0.28
940,502_SHA,ClC=C(Cl)Cl,0.3
941,503_SHA,FC(F)(F)C(Cl)Br,0.3
942,504_SHA,CC(C)(C)c1nc(N2CCN(CCCSc3nccc(=O)[nH]3)CC2)cc(C(F)(F)F)n1,0.3
943,505_SHA,CCC(NC(=O)c1c(C)c(-c2ccccc2)cc2ccccc12)c1ccccc1,0.3
944,506_SHA,CCC(NC(=O)c1c(C)c(-c2ccccc2)nc2ccccc12)c1ccccc1,0.3
945,507_SHA,CCCN1CC(CSC)CC2c3cccc4[nH]cc(c34)CC21,0.3
946,508_SHA,COc1ccc(C2Sc3ccccc3N(CCN(C)C)C(=O)C2OC(C)=O)cc1,0.3
947,509_SHA,Cc1cc(-c2ccccc2)nnc1NCCN1CCOCC1,0.3
948,510_SHA,Cc1cn(-c2cccc(Nc3ncnc4c3CCc3ccccc3-4)c2)cn1,0.3
949,511_SHA,Cc1nc2sccn2c(=O)c1CCN1CCC(=C(c2ccc(F)cc2)c2ccc(F)cc2)CC1,0.3
950,512_SHA,FCOC(C(F)(F)F)C(F)(F)F,0.3
951,513_SHA,N#Cc1cccc(C2=Nc3ccc(C#Cc4ccccc4)cc3NC(=O)C2)c1,0.3
952,514_SHA,Nc1nc2ccc(OC(F)(F)F)cc2s1,0.3
953,515_SHA,C=C,0.3
954,516_SHA,CN1C(=O)CC(=O)N(c2ccccc2)c2cc(Cl)ccc21,0.3
955,517_SHA,CCCCN1CC2Cc3cc(OC)c(OC)cc3C2C1,0.31
956,518_SHA,COc1ccc2c3c1OC1CC(O)C=CC31CCN(C)C2,0.32
957,519_SHA,Cc1nc2cc(CNC3CCCNC3c3ccccc3)c(OC(C)C)cc2s1,0.32
958,520_SHA,c1cncc(C2CCCN2)c1,0.32
959,521_SHA,COc1ccc2c3c1O[C@H]1C(=O)CC[C@H]4[C@@H](C2)N(C)CC[C@]314,0.32
960,522_SHA,Cc1cnn(C2CCN(c3nc4ccccc4n3Cc3ccc(F)cc3)CC2)c1,0.32
961,523_SHA,O=C1CN=C(c2ccccc2)c2cc([N+](=O)[O-])ccc2N1,0.32
962,524_SHA,OC1CNCc2ccccc21,0.32
963,525_SHA,Brc1cccc(Br)c1NC1=NCCN1,0.33
964,526_SHA,CCc1cc2cc(C(=O)C3CCC(OC)CC3)ccc2nc1C,0.33
965,527_SHA,ClCC(Cl)(Cl)Cl,0.33
966,528_SHA,CCN(CC)CC(=O)Nc1c(C)cccc1C,0.34
967,529_SHA,Cc1ccccc1-c1ccc(N)cc1N(C)C(=O)C(C)(C)c1cc(C(F)(F)F)cc(C(F)(F)F)c1,0.34
968,530_SHA,FC(F)(F)CC(Cl)Br,0.35
969,531_SHA,CN1CC[C@]23c4c5ccc(O)c4O[C@H]2C(=O)CC[C@@]3(O)[C@H]1C5,0.35
970,532_SHA,FC(F)(F)CCC(Cl)Br,0.35
971,533_SHA,CCOC(=O)Nc1cc2c(c(N)n1)N=C(CN(C)c1ccc(OC)cc1)CN2,0.36
972,534_SHA,COC(C)(C)C,0.36
973,535_SHA,COc1ccc(-c2nccs2)cc1CNC1CCCNC1c1ccccc1,0.36
974,536_SHA,Cc1ccc(Cn2c([C@H]3CNCCO3)nc3ccccc32)cc1,0.36
975,537_SHA,Cc1nc2c(c(-n3ccc(C(F)(F)F)n3)n1)CCN2c1ccc(Cl)cc1Cl,0.36
976,538_SHA,O=c1[nH]c(C2=CC(N3CCC(c4ccccc4)CC3)CC2)nc2c(Cl)cccc12,0.36
977,539_SHA,COc1ccccc1CNC1C2CCN(CC2)C1C(c1ccccc1)c1ccccc1,0.37
978,540_SHA,ClC(Cl)=C(Cl)Cl,0.37
979,541_SHA,CC(C)(C)NCC(O)COc1ccccc1C#N,0.38
980,542_SHA,CN(C)c1ccc(O)c(CNc2cccc3ccc(CO)nc23)c1,0.38
981,543_SHA,Clc1ccc(Cl)c(N=C2NCCN2)c1,0.38
982,544_SHA,O=c1ccc(-c2c(-c3ccccc3)nn3ccccc23)nn1CCN1CCCCC1,0.38
983,545_SHA,CC(C)NCC(O)COc1ccc(CCOCC2CC2)cc1,0.39
984,546_SHA,COc1cc2c(c(CNC3CCCNC3c3ccccc3)c1)OCC2,0.39
985,547_SHA,Clc1ccc2c(c1)C1CNCC1c1ccccc1O2,0.39
986,548_SHA,Cc1cccc2c1Oc1ccccc1C1(O)CNCC21,0.39
987,549_SHA,Clc1ccc2c(c1)C1CCNCC1c1ccccc1O2,0.39
988,550_SHA,Fc1ccc(Cn2c([C@@H]3CCCNC3)nc3ccccc32)cc1,0.39
989,551_SHA,OCCOCCN1CCN([C@@H](c2ccccc2)c2ccc(Cl)cc2)CC1,0.39
990,552_SHA,CC(Cl)(Cl)Cl,0.4
991,553_SHA,O=C1CC(=O)N(c2ccccc2)c2cc(Cl)ccc2N1,0.4
992,554_SHA,c1ccccc1,0.4
993,555_SHA,Cc1ccccc1,0.4
994,556_SHA,Cc1ccc(C)cc1,0.4
995,557_SHA,Cc1ccccc1C,0.4
996,558_SHA,CC(=O)OC(C)C,0.4
997,559_SHA,C#CC1(O)CCC2C3C(C)CC4=C(CCC(=O)C4)C3CCC21,0.4
998,560_SHA,C#CC1(O)CCC2C3C(C)CC4=C(CCC(=O)C4)C3CCC21C,0.4
999,561_SHA,CC[C@H](C)[C@H]1O[C@@]2(CC[C@H]1C)C[C@@H]1C[C@@H](CC=C(C)[C@@H](O[C@H]3C[C@H](OC)[C@@H](O[C@H]4C[C@H](OC)[C@H](O)[C@H](C)O4)[C@H](C)O3)[C@H](C)C=CC=C3COC4[C@H](O)C(C)=C[C@@H](C(=O)O1)[C@]34O)O2,0.4
1000,562_SHA,c1ccc(C2(N3CCCCC3)CCCCC2)cc1,0.4
1001,563_SHA,CC(C)Oc1ccc(OC(F)(F)F)cc1CNC1CCCNC1c1ccccc1,0.41
1002,564_SHA,C[C@H]1CN(c2c(F)c(N)c3c(=O)c(C(=O)O)cn(C4CC4)c3c2F)C[C@@H](C)N1,0.41
1003,565_SHA,Clc1cc(Br)cc(Cl)c1NC1=NCCN1,0.41
1004,566_SHA,FC(F)OC(Cl)C(F)(F)F,0.42
1005,567_SHA,CCCCOC(=O)c1ccc(N)cc1,0.42
1006,568_SHA,CCN(CCC#N)c1ccccc1,0.42
1007,569_SHA,COc1ccc(C=C2CCCN=C2c2cccnc2)c(OC)c1,0.42
1008,570_SHA,N#CCCNCCc1ccccc1,0.42
1009,571_SHA,CC(C)(C)c1ccccc1,0.43
1010,572_SHA,CN(C)c1ccnc2sc3c(=O)n(C4CCCCCC4)cnc3c12,0.43
1011,573_SHA,CN(C)c1ccnc2sc3c(=O)n(N4CCCCCC4)cnc3c12,0.43
1012,574_SHA,CN1CCC[C@@H](c2nc3ccccc3n2Cc2ccc(F)cc2)C1,0.43
1013,575_SHA,O=C1Nc2ccc(Cl)cc2C(c2ccccc2Cl)=NC1O,0.44
1014,576_SHA,O=C(Nc1ccc(Cl)nc1)c1ccc(F)c(F)c1,0.44
1015,577_SHA,c1cc(CN2CCCCC2)cc(OCCCNc2nccs2)c1,0.44
1016,578_SHA,CC(=O)OCC(C)C,0.45
1017,579_SHA,C=Cc1ccccc1,0.45
1018,580_SHA,CCC(=O)OC(Cc1ccccc1)(c1ccccc1)[C@H](C)CN(C)C,0.46
1019,581_SHA,Clc1cc(Cl)c(NC2=NCCN2)c(Cl)c1,0.47
1020,582_SHA,Nc1nnc(-c2cccc(Cl)c2Cl)c(N)n1,0.48
1021,583_SHA,CCC(C)N(C)C(=O)c1cc2ccccc2c(-c2ccccc2Cl)n1,0.48
1022,584_SHA,COc1cc2sc(C)nc2cc1CNC1CCCNC1c1ccccc1,0.48
1023,585_SHA,CCN(CC)Cc1ccc2c(c1)CCC(N1CCN(CCc3ccc(F)cc3)CC1=O)C2,0.48
1024,586_SHA,O=C(NCCCCN1CCC(Oc2cccc(C(F)(F)F)c2)CC1)c1ccnc2ccccc12,0.48
1025,587_SHA,O=S(=O)(c1cccc(Cl)c1)n1ccc2c(N3CCNCC3)c(Cl)ccc21,0.48
1026,588_SHA,c1ccc2c(c1)[nH]c1cnccc12,0.48
1027,589_SHA,CCc1nc(N)nc(N)c1-c1ccc(Cl)cc1,0.49
1028,590_SHA,COc1cc2oc(C)nc2cc1CNC1CCCNC1c1ccccc1,0.49
1029,591_SHA,CN1C(=O)CN=C(c2ccccc2)c2cc(Cl)ccc21,0.5
1030,592_SHA,O=C1CC2(CCCC2)CC(=O)N1CCCCN1CCN(c2ncccn2)CC1,0.5
1031,593_SHA,CN1CCN2c3ncccc3Cc3ccccc3C2C1,0.5
1032,594_SHA,COc1ccc(CN(CCN(C)C)c2ccccn2)cc1,0.5
1033,595_SHA,O=C1CN=C(c2ccccc2)c2c(Cl)cccc2N1,0.5
1034,596_SHA,CC(C)=CCN1CC[C@@]2(C)c3cc(O)ccc3CC1C2C,0.51
1035,597_SHA,CCc1cc2c(s1)N(C)C(=O)CN=C2c1ccccc1Cl,0.51
1036,598_SHA,CCCCCCCCC,0.52
1037,599_SHA,Cc1cccc2c1Oc1ccccc1C1(O)CCNCC21,0.52
1038,600_SHA,Fc1ccc([C@@H]2CCNCC2COc2ccc3c(c2)OCO3)cc1,0.52
1039,601_SHA,CNCCCN1c2ccccc2CCc2cc(O)ccc21,0.53
1040,602_SHA,C/C(=C(\CCOC(=O)C(N)Cc1ccc(OC(=O)C(C)(C)C)c(OC(=O)C(C)(C)C)c1)SSC(C)C)N(C)C=O,0.53
1041,603_SHA,CN(C)c1ccccc1Sc1ccc(CCF)cc1N,0.55
1042,604_SHA,CC(=O)OCCC(C)C,0.55
1043,605_SHA,COc1ccc2c3c1O[C@H]1[C@@H](O)CC[C@H]4[C@@H](C2)N(C)CC[C@]314,0.55
1044,606_SHA,CC(C)Br,0.56
1045,607_SHA,CCC1(O)CC(OC2CC(N3CCOCC3)C(O)C(C)O2)c2c(O)c3c(c(O)c2C1O)C(=O)c1cccc(O)c1C3=O,0.56
1046,608_SHA,CN1CCN(Cc2ccc(C(=O)Nc3cc(-c4ccccc4)ccc3N)cc2)CC1,0.56
1047,609_SHA,COc1cccc(CN)c1O,0.56
1048,610_SHA,N#Cc1ccc2c(c1)CCN(CCC1CCC(NC(=O)c3ccnc4ccccc34)CC1)C2,0.56
1049,611_SHA,c1ccc2c(c1)CCNC2,0.56
1050,612_SHA,C#CCN(C)[C@H](C)Cc1ccccc1,0.57
1051,613_SHA,COC1=C2O[C@H]3C(=O)C=C[C@H]4[C@H]5CC(C=C1)C2[C@@]34CCN5C,0.57
1052,614_SHA,COc1ccc2[nH]nc(NC3CCN(Cc4ccc5c(c4)OCO5)CC3)c2c1,0.57
1053,615_SHA,Cc1ccn(CCCCN2CCN(c3cc(C(F)(F)F)nc(C(C)(C)C)n3)CC2)c(=O)c1,0.57
1054,616_SHA,Cc1nnc2n1C1CCC(Cl)CC1C(c1ccccc1Cl)=NC2,0.57
1055,617_SHA,OC(CNCC(O)C1CCc2cc(F)ccc2O1)C1CCc2cc(F)ccc2O1,0.57
1056,618_SHA,Brc1cc(Br)c(NC2=NCCN2)c(Br)c1,0.58
1057,619_SHA,CC(CF)NC[C@H](O)COc1cccc2[nH]c3ccccc3c12,0.58
1058,620_SHA,CN(c1nc2ccccc2s1)C1CCN(CC(O)COc2ccc(F)c(F)c2)CC1,0.59
1059,621_SHA,CCC(=O)N(c1ccccc1)C1CCN(CCc2ccccc2)CC1,0.6
1060,622_SHA,O=C1Nc2ccc(Cl)cc2C(c2ccccc2)=NC1O,0.6
1061,623_SHA,CNCCCN1c2ccccc2Sc2ccccc21,0.6
1062,624_SHA,COC(=O)C1C(OC(=O)c2ccccc2)CC2CCC1N2C,0.6
1063,625_SHA,CC1NC(=NCC(F)F)Nc2cccc(Cl)c21,0.6
1064,626_SHA,CCC12CCN(CC3(O)CC3)C(Cc3ccc(O)cc31)C2(C)C,0.6
1065,627_SHA,CCCCC1CCN(CCCN2C(=O)CCc3ccccc32)CC1,0.6
1066,628_SHA,CN(C)Cc1ccc(C(=O)Nc2ccccc2N)cc1,0.6
1067,629_SHA,Cc1nc(N2CCc3ccccc3CC2)c(C#N)c(=O)n1CC(F)(F)F,0.6
1068,630_SHA,Clc1ccc2c(c1)C(N1CCNCC1)=Nc1ccccc1O2,0.6
1069,631_SHA,c1cnc(N2CCNCC2)nc1,0.6
1070,632_SHA,CC1=NC(O)C(=O)Nc2ccc(Cl)cc21,0.61
1071,633_SHA,COc1ccc(C2CNC(=O)C2)cc1OC1CCCC1,0.61
1072,634_SHA,COc1ccc(C(CN(C)C)C2(O)CCCCC2)cc1,0.62
1073,635_SHA,Cc1ccc(O)c(Cn2c(NC3CCN(CCN)CC3)nc3c(C)cccc32)n1,0.63
1074,636_SHA,OC(c1cc(C(F)(F)F)nc2c(C(F)(F)F)cccc12)C1CCCCN1,0.63
1075,637_SHA,CCC(C)Nc1ccc(I)c(NC(C)CC)c1,0.64
1076,638_SHA,CN(C)CCOC(C)(c1ccccc1)c1ccccn1,0.64
1077,639_SHA,CC(C)NCC(O)COc1cccc2ccccc12,0.64
1078,640_SHA,Clc1ccc(N2CCN(Cc3cnn4ccccc34)CC2)cc1,0.64
1079,641_SHA,CCc1nc(N)nc(N)c1-c1ccc(Cl)c(Cl)c1,0.65
1080,642_SHA,CC(C)(C)N1CCC(c2ccccc2)(c2ccccc2)CC1,0.66
1081,643_SHA,CCCCCCCCCC,0.67
1082,644_SHA,Cc1nc(Nc2ccc(F)cc2)nc(N2CCc3ccccc3C2C)c1C,0.68
1083,645_SHA,Cc1ccccc1-c1ccncc1C(=O)N(C)Cc1cc(C(F)(F)F)cc(C(F)(F)F)c1,0.68
1084,646_SHA,c1ccc(NCCCOc2cccc(CN3CCCCC3)c2)nc1,0.69
1085,647_SHA,CC(C)c1cccc(C(C)C)c1O,0.7
1086,648_SHA,COc1cccc([C@@]2(O)CCCC[C@@H]2CN(C)C)c1,0.7
1087,649_SHA,Cc1nnc2n1-c1ccc(Cl)cc1C(c1ccccc1Cl)=NC2,0.7
1088,650_SHA,c1ccc2c(c1)CCCN2,0.7
1089,651_SHA,CNC(=O)c1c(NCC2CCC3(CCC3)CC2)nc(C#N)nc1OCCO,0.7
1090,652_SHA,OCCN1CCN(CCCN2c3ccccc3Sc3ccc(Cl)cc32)CC1,0.7
1091,653_SHA,OCCOCCN1CCN(C2=Nc3ccccc3Sc3ccccc32)CC1,0.7
1092,654_SHA,COc1ccc(-c2nc(-c3cccc(CN(C)C)c3)n(CCO)n2)cc1,0.71
1093,655_SHA,CNCCC(Oc1ccc(C(F)(F)F)cc1)c1ccccc1,0.72
1094,656_SHA,C=CCCCCCC,0.74
1095,657_SHA,CCCCCCNC(=O)C(c1ccccc1)c1ccccc1,0.74
1096,658_SHA,CCCCN1C2CC[C@@H]1C[C@@H](OC(c1ccc(F)cc1)c1ccc(F)cc1)C2,0.74
1097,659_SHA,COc1cccc(CC2CCN(C3CCC(OC)(c4ccc5c(c4)OCO5)CC3)CC2)c1,0.74
1098,660_SHA,Cc1ncc2n1-c1ccc(Cl)cc1C(c1ccccc1Cl)=NC2,0.74
1099,661_SHA,NCc1cccc(NC(=O)c2ccc3ccccc3c2)c1,0.74
1100,662_SHA,CSc1ccc2c(c1)N(CCC1CCCNC1)c1ccccc1S2,0.75
1101,663_SHA,CN(C)Cc1ccc(C(=O)Nc2cc(-c3cccs3)ccc2N)cc1,0.77
1102,664_SHA,Cc1ccc(/C(=C/CN2CCCC2)c2ccccn2)cc1,0.77
1103,665_SHA,Fc1ccc(Cn2c([C@H]3CNCCO3)nc3ccccc32)cc1,0.77
1104,666_SHA,Cc1cc2c(s1)=Nc1ccccc1NC=2N1CCN(C)CC1,0.78
1105,667_SHA,COc1cc(-n2cnc3cc(-c4ccc(Cl)cc4)sc3c2=O)ccc1OCCN1CCCC1,0.78
1106,668_SHA,COc1ccccc1N1CCN(CCCCNC(=O)c2ccc3ccccc3c2)CC1,0.78
1107,669_SHA,COCCCC/C(=N/OCCN)c1ccc(C(F)(F)F)cc1,0.79
1108,670_SHA,Cc1cc2c(s1)Nc1ccccc1N=C2N1CCN(C)CC1,0.8
1109,671_SHA,CCCCCCC,0.8
1110,672_SHA,CCCCC,0.8
1111,673_SHA,CCCCCC,0.8
1112,674_SHA,CN(C)CCCN1c2ccccc2CCc2ccccc21,0.8
1113,675_SHA,CCc1ccc(-c2ccc(C(=O)N(C)C3CCN(C(=O)N4CCC(N5CCCCC5)C4)C3)cc2)cc1,0.81
1114,676_SHA,N[C@@H]1C[C@H]1c1ccc(F)cc1,0.81
1115,677_SHA,CCCC(=O)c1ccc2c(c1)N(CCCN1CCN(C)CC1)c1ccccc1S2,0.83
1116,678_SHA,CC1CCN(CCCC(=O)c2ccc(F)cc2)CC1,0.83
1117,679_SHA,CN(C)CCCN1c2ccccc2CCC2CCCCCC21,0.83
1118,680_SHA,CN(C)CCCN1c2ccccc2Cc2ccccc21,0.83
1119,681_SHA,Clc1ccc2[nH]nc(NC3CCN(Cc4ccc5c(c4)OCO5)CC3)c2c1,0.83
1120,682_SHA,CCOC(=O)C1(c2ccccc2)CCN(C)CC1,0.85
1121,683_SHA,OC(CCN1CCCCC1)(c1ccccc1)C1CC2C=CC1C2,0.85
1122,684_SHA,CCCCC(C)C,0.86
1123,685_SHA,COc1ccccc1CNC1CCCNC1c1ccccc1,0.87
1124,686_SHA,CCN(C)C(=O)Oc1cccc(C(C)N(C)C)c1,0.88
1125,687_SHA,COC(=O)C(c1ccccc1)C1CCCCN1,0.88
1126,688_SHA,FC(F)Oc1ccc(OC(F)(F)F)cc1CNC1CCCNC1c1ccccc1,0.88
1127,689_SHA,COc1cc2c(cc1OC)C(=O)C(CC1CCN(Cc3ccccc3)CC1)C2,0.89
1128,690_SHA,CN(Cc1cc(C(F)(F)F)cc(C(F)(F)F)c1)C(=O)c1cnccc1-c1ccccc1Cl,0.89
1129,691_SHA,Fc1ccc(Cn2c([C@H]3CNCCS3)nc3ccccc32)cc1,0.89
1130,692_SHA,CCC(=O)C(CC(C)N(C)C)(c1ccccc1)c1ccccc1,0.9
1131,693_SHA,CN(C)CCC=C1c2ccccc2CCc2ccccc21,0.9
1132,694_SHA,C=C([CH]CC)CC,0.9
1133,695_SHA,CC1CCCC1,0.9
1134,696_SHA,CCC(=O)NC1CCC(CCN2CCN(c3cccc(Cl)c3Cl)CC2)CC1,0.9
1135,697_SHA,CCN(CC)CCNC(=O)c1cc(Cl)c(N)cc1OC,0.9
1136,698_SHA,CNC(C)Cc1ccccc1,0.9
1137,699_SHA,COc1ccc(-c2cc(NCCO)c3ccccc3n2)cc1,0.9
1138,700_SHA,COc1ccc(CCN2CCN(CCCc3ccccc3I)CC2)cc1OC,0.9
1139,701_SHA,CC(C)(C)c1cc(CN2CCN(CC(O)c3ccc(Cl)cc3)CC2)cc(C(C)(C)C)c1O,0.91
1140,702_SHA,CC/C(=C(\c1ccccc1)c1ccc(OCCN(C)C)cc1)c1ccccc1,0.92
1141,703_SHA,COc1ccc(C(C)C)cc1CNC1CCCNC1c1ccccc1,0.92
1142,704_SHA,Oc1ccc2c(Oc3ccc(OCCN4CCCCC4)cc3)c(-c3ccc(F)c(F)c3)ccc2c1,0.92
1143,705_SHA,O=[SH](O)(c1ccc2cc[nH]c2c1)N1CCCC1CCN1CCC(Oc2cccc(Cl)c2)CC1,0.92
1144,706_SHA,CC(N)Cc1ccccc1,0.93
1145,707_SHA,C=CCCCCCCCC,0.96
1146,708_SHA,CC(C)(C)c1ccc(OC(F)(F)F)c(CNC2CCCNC2c2ccccc2)c1,0.96
1147,709_SHA,NCCCN1c2ccccc2Sc2ccc(Cl)cc21,0.97
1148,710_SHA,CCCCCCC(C)C,0.98
1149,711_SHA,Ic1ccc(CN2CCCCC2)cc1CN1CCCCC1,0.98
1150,712_SHA,CN(C)CCCC1(c2ccc(F)cc2)OCc2cc(C#N)ccc21,0.99
1151,713_SHA,CN1CCN2c3ccccc3Cc3ccccc3C2C1,0.99
1152,714_SHA,CN1CC[C@@]2(C)c3cc(OC(=O)Nc4ccccc4)ccc3N(C)[C@@H]12,1.0
1153,715_SHA,CCCC(C)C,1.0
1154,716_SHA,CC(C)(C)OC(=O)CCCc1ccc(N(CCCl)CCCl)cc1,1.0
1155,717_SHA,CCC(C)(C)C,1.0
1156,718_SHA,CCC(C)CC,1.0
1157,719_SHA,CN(C)CC/C=C1\c2ccccc2COc2ccccc21,1.0
1158,720_SHA,CS(=O)(=O)NC1CCC(CCN2CCN(c3cccc(Cl)c3Cl)CC2)CC1,1.0
1159,721_SHA,N#Cc1ccc(S(=O)(=O)C2CCN(CCc3ccc(F)cc3F)CC2)cc1,1.0
1160,722_SHA,CCCCCCN1CCN(c2ccc(I)cc2)CC1,1.01
1161,723_SHA,CN1CC2c3ccccc3Oc3ccc(Cl)cc3C2C1,1.03
1162,724_SHA,CN1CCC2(O)c3ccccc3Oc3ccc(Cl)cc3C2C1,1.03
1163,725_SHA,CN(C)CCCN1c2ccccc2CCc2ccc(Cl)cc21,1.04
1164,726_SHA,COc1ccc(Cl)cc1[C@]1(F)C(=O)Nc2cc(C(F)(F)F)ccc21,1.04
1165,727_SHA,O=C(NCCCCN1CCC(Oc2cccc(C(F)(F)F)c2)CC1)c1ccc(Br)cc1,1.04
1166,728_SHA,CCCCCCCC(C)C,1.05
1167,729_SHA,CN(C)CCC=C1c2ccccc2C=Cc2ccccc21,1.06
1168,730_SHA,CN1CCC2c3cc(Cl)ccc3Oc3ccccc3C2C1,1.06
1169,731_SHA,CC(=O)NC1CCC(CCN2CCN(c3cccc(Cl)c3Cl)CC2)CC1,1.08
1170,732_SHA,CCc1ccc(C(=O)C(C)CN2CCCC2)cc1,1.08
1171,733_SHA,CN[C@H](C)CC1CCCCC1,1.08
1172,734_SHA,NCCCN1c2ccccc2CCc2ccccc21,1.1
1173,735_SHA,COc1ccc(CCN2CCC(Nc3nc4ccccc4n3Cc3ccc(F)cc3)CC2)cc1,1.1
1174,736_SHA,CC12NC(Cc3ccccc31)c1ccccc12,1.11
1175,737_SHA,O=C(O)C=C1C=CC(=O)O1,1.11
1176,738_SHA,N#Cc1ccc(OCC2CCN(C/C=C/I)CC2)cc1,1.13
1177,739_SHA,O=C(CCC1CCN(Cc2ccccc2)CC1)c1ccc2c(c1)NCCCC2,1.14
1178,740_SHA,COCCc1ccc(OCC(O)CNC(C)C)cc1,1.15
1179,741_SHA,O=C(NCCCCN1CCC(Nc2cccc(C(F)(F)F)c2)CC1)c1ccc(Br)cc1,1.18
1180,742_SHA,CCc1cccc(N=C(C)Nc2cccc(CC)c2)c1,1.2
1181,743_SHA,COc1cc2sc(-c3ccccc3)nc2cc1CNC1CCCNC1c1ccccc1,1.26
1182,744_SHA,COc1ccc(-c2nc(-c3cccc(CN(C)C)c3)n(C)n2)cc1,1.26
1183,745_SHA,CN(C)CCOC(c1ccccc1)c1ccccc1,1.3
1184,746_SHA,O=C(CCCN1CCC(O)(c2ccc(Cl)cc2)CC1)c1ccc(F)cc1,1.3
1185,747_SHA,CC(CN1c2ccccc2Sc2ccccc21)N(C)C,1.3
1186,748_SHA,CNCCCC12CCC(c3ccccc31)c1ccccc12,1.3
1187,749_SHA,OC(CCN1CCCCC1)(c1ccccc1)C1CCCCC1,1.32
1188,750_SHA,CNCCCN1c2ccccc2Sc2cccc(Cl)c21,1.37
1189,751_SHA,CC(C)CN1CCN(c2ccc(I)cc2)CC1,1.38
1190,752_SHA,CC(C)N1CCN(c2ccc(I)cc2)CC1,1.38
1191,753_SHA,CCC(C)N1CCN(c2ccc(I)cc2)CC1,1.38
1192,754_SHA,COCn1nc(-c2ccc(OC)cc2)nc1-c1cccc(CN(C)C)c1,1.38
1193,755_SHA,O=C(CCCN1CCC(O)(c2ccc(Br)cc2)CC1)c1ccc(F)cc1,1.38
1194,756_SHA,CN1CCN(CCCN2c3ccccc3Sc3ccc(C(F)(F)F)cc32)CC1,1.4
1195,757_SHA,CC(NC(C)(C)C)C(=O)c1cccc(Cl)c1,1.4
1196,758_SHA,CC1CCN(CCCN2c3ccccc3Sc3ccc(C(F)(F)F)cc32)CC1,1.44
1197,759_SHA,CN(C)CCCN1c2ccccc2Sc2ccc(C(F)(F)F)cc21,1.44
1198,760_SHA,O=C(CCCN1CCCN(c2ccc(Cl)cc2)CC1)c1ccc(F)cc1,1.48
1199,761_SHA,CN(C)CCC(c1ccc(Cl)cc1)c1ccccn1,1.53
1200,762_SHA,CN[C@H]1CC[C@@H](c2ccc(Cl)c(Cl)c2)c2ccccc21,1.6
1201,763_SHA,FC(F)(F)c1ccc(N2CCNCC2)nc1Cl,1.64
1202,764_SHA,CC(C)c1ccc(SCCCC2CCN2C)cc1,1.7
1203,765_SHA,c1(N(C)C)cc(c2nc(N)[nH]n2)ccn1,-1.17
1204,766_SHA,n1cccc(Br)c1CSCCNC(NCC)=NC#N,-2.15
1205,767_SHA,c1cc(c2nc(N=C(N)N)sc2)ccc1,-0.18
1206,768_SHA,c1(N)cc(c2nc(N=C(N)N)sc2)ccc1,-1.15
1207,769_SHA,c1(c2cc(NC(C)=O)ccc2)nc(N=C(N)N)sc1,-1.57
1208,770_SHA,c1(c2cc(NC(NC)=NC#N)ccc2)nc(N=C(N)N)sc1,-1.54
1209,771_SHA,c1(OCCCNC(C)=O)cccc(CN2CCCCC2)c1,-0.46
1210,772_SHA,C1CCN(Cc2cccc(OCCCNC(c3ccccc3)=O)c2)CC1,-0.24
1211,773_SHA,c1ccc2c(C3C(O3)c4c(N2C(N)=O)cccc4)c1,-0.34
1212,774_SHA,c1(C(C)C)onc(c4ncn2c4CNC(c3c2cccc3Cl)=O)n1,-0.3
1213,775_SHA,c1cc(O)ccc1NC(C)=O,-0.31
1214,776_SHA,c1(OC(C)=O)ccccc1C(O)=O,-0.5
1215,777_SHA,C1(CO)=CC(C(O)CNC(C)(C)C)=CC=C1O,-1.03
1216,778_SHA,C1=C(OCC(O)CNC(C)C)C=CC(CC(N)=O)=C1,-0.87
1217,779_SHA,O=C(NCCCl)N(N=O)CCCl,-0.52
1218,780_SHA,C(N(CCCl)c1ccc(CCCC(O)=O)cc1)CCl,-1.7
1219,781_SHA,n1(C2OC(CC2)CO)c3c(c(O)ncn3)nc1,-1.301
1220,782_SHA,C3C=CC=C5C=3CC(O)C5NC(=O)C(CC4C=CC=CC=4)CC(O)CN1C(C(=O)NC(C)(C)C)CN(CC2C=NC=CC=2)CC1,-0.745
1221,783_SHA,n1(C(c2ccc(Cl)cc2)=O)c(C)c(CC(O)=O)c3c1ccc(OC)c3,-1.26
1222,784_SHA,C1(O)=C(O)C=CC(CC(N)C(O)=O)=C1,-0.77
1223,785_SHA,C1(CCCC)C(=O)N(C3=CC=CC=C3)N(C2=CC=CC=C2)C1=O,-0.52
1224,786_SHA,c1c2c(N(C)C3N(C)CCC23C)ccc1OC(NC)=O,0.079
1225,787_SHA,c1(O)ccccc1C(O)=O,-1.1
1226,788_SHA,C(=O)(O)CNC(=O)C1C(O)=CC=CC=1,-0.44
1227,789_SHA,c1c(CCN(CCC)CCC)c2c(NC(C2)=O)c(O)c1,-0.43
1228,790_SHA,C1(N)=C2C(=NC3=C1C=CC=C3)CCCC2,-0.13
1229,791_SHA,N1C(C(Cc3ccc(C)nc3)CNC1NCCCCc2c(C)cc(Br)cn2)=O,-1.88
1230,792_SHA,N1(C)C(N(C2C(N=CN2)C1=O)C)=O,-0.29
1231,793_SHA,C1(=O)C(C(C)CCC)(CC)C(=O)N=C(S)N1,-0.14
1232,794_SHA,N1(C(NC2CCCCC2)=S)CCC(c3nc[nH]c3)CC1,-0.161
1233,795_SHA,CC(C)C(C#N)(c2cc(OC)c(OC)cc2)CCCN(C)CCc1cc(OC)c(OC)cc1,-0.7
1234,796_SHA,n1ccccc1CCNC,-0.3
1235,797_SHA,n1ccccc1CCN(C)C,-0.06
1236,798_SHA,c1(CCN)sccn1,-0.42
1237,799_SHA,c1cc(c2nc(CCN)sc2)ccc1,-1.3
1238,800_SHA,c1c2n(cc(CCN)n2)ccc1,-1.4
1239,801_SHA,N1(CCC3N(C)CCCC3)C4C=C(S(=O)C)C=CC=4SC2=C1C=CC=C2,-0.36
1240,802_SHA,CC(C)CCCCC,0.98
1241,803_SHA,C1CC(C)C(C)CC1,1.07
1242,804_SHA,CC(C1CCCCC1)(C)C,0.61
1243,805_SHA,C1C(C)C(C)CC(C)C1,1.02
1244,806_SHA,ClC(Cl)C,-0.28
1245,807_SHA,ClCC(F)(F)F,0.115
1246,808_SHA,ClC=C(F)F,-0.02
1247,809_SHA,OC1=CC4=C(C3CCC(C(C(CC2C3CC4)F)O)2C)C=C1,-0.3
1248,810_SHA,O=C1C(CC)(C(NC(N1)=O)=O)CCCC,0.18
1249,811_SHA,O=C2N1CCCC(O)C1=NC(C)=C2CCN3CCC(C4=NOC5=C4C=CC(F)=C5)CC3,-0.67
1250,812_SHA,CCC(C(NC(NC1=O)=O)=O)1CCC(C)C,0.04
1251,813_SHA,CCC(C(NC(NC1=O)=O)=O)1CC,-0.13
1252,814_SHA,CC(C)(NCC(COC1=CC=CC(N2)=C1CCC2=O)O)C,-0.4
1253,815_SHA,ClC1=CC=CC(Cl)=C1/N=C2NCCN\2,0.11
1254,816_SHA,COC(C1C(OC(C3=CC=CC=C3)=O)CC2CCC1N2C)=O,0.6
1255,817_SHA,CN1C(C2=CN=CC=C2)CCC1=O,-0.34
1256,818_SHA,ClC5=CC=C4N(C([NH]C4=C5)=O)C3CCN(CC3)CCCN1C([NH]C2=CC=CC=C12)=O,-0.92
1257,819_SHA,O=N(C1=NC=CN1CC(COCF)O)=O,-0.01
1258,820_SHA,CC(C(CCC(C1CCC(C2C(C=C5C3CC(CCC(CCC45C)3C)(C(O)=O)C)=O)4C)2C)O)1C,-1.39
1259,821_SHA,IC1=CC(C(CCCN4CCC2(CC4)C(N(CN2C3=CC=CC=C3)C)=O)=O)=CS1,-0.25
1260,822_SHA,CN(CC3=CC=C(O3)CSCC[NH]C1=NC(C(CC2=CN=C(C)C=C2)=C[NH]1)=O)C,-1.06
1261,823_SHA,CCC#CC(C(C(NC(N(C1=O)C)=O)=O)1CC=C)C,-0.06
1262,824_SHA,CON1C=C(C(C3=C1C=C2OCOC2=C3)=O)C(O)=O,-0.92
1263,825_SHA,CCN1C=C(C(C2=C1N=C(C)C=C2)=O)C(O)=O,-0.65
1264,826_SHA,CN1CCN(C3=NC2=CC=CC=C2NC4=C3C=C(C)S4)CC1,0.78
1265,827_SHA,CCCC(C(C(NC(NC1=O)=O)=O)1CC)C,0.14
1266,828_SHA,OC(C1=CC=C(C2=CC=CC=C2)C=C1)=O,-1.26
1267,829_SHA,CCC1=CC=CC2=C1[NH]C3=C2CCOC(CC([OH])=O)3CC,-1.42
1268,830_SHA,NC(SCCF)=N,-0.27
1269,831_SHA,CC(C)(NC(C2CC1CCCCC1CN2CC(C(NC(C(NC(C4=NC5=C(C=CC=C5)C=C4)=O)CC(N)=O)=O)CC3=CC=CC=C3)O)=O)C,-1.03
1270,832_SHA,BrC1=CC=CN=C1CSCC[NH]C2=C(N(=O)=O)C=C[NH]2,-0.67
1271,833_SHA,[NH2]/C([NH2])=N\C1=NC(C2=CC=CC=C2)=CS1,-0.18
1272,834_SHA,N/C(N)=N\C1=NC(C2=CC=CC(N)=C2)=CS1,-1.15
1273,835_SHA,CC([NH]C1=CC=CC(C2=CSC(/N=C(N)\N)=N2)=C1)=O,-1.57
1274,836_SHA,C[NH]/C([NH]C1=CC(C2=CSC(/N=C(N)/N)=N2)=CC=C1)=N/C#N,-1.54
1275,837_SHA,CN(CC2=CC=C(O2)CSCC[NH]C1=C(N(=O)=O)C=C[NH]1)C,-1.12
1276,838_SHA,CN(CC3=CC=C(O3)CSCC[NH]C1=C(N(=O)=O)C(CC2=CC=CC=C2)=C[NH]1)C,-0.73
1277,839_SHA,CN(CC1=CC=C(C2=CC([NH]C3=C(N(=O)=O)C=C[NH]3)=CC=C2)O1)C,-0.27
1278,840_SHA,CN(CC1=CC=NC(C2=CC([NH]C3=C(N(=O)=O)C=C[NH]3)=CC=C2)=C1)C,-0.28
1279,841_SHA,CC([NH]CCCOC1=CC(CN2CCCCC2)=CC=C1)=O,-0.46
1280,842_SHA,C1(NCCCOC2=CC(CN3CCCCC3)=CC=C2)=CC=CC=N1,0.69
1281,843_SHA,NC(SC)=N,-0.6
1282,844_SHA,CC2=CN(C([NH]C2=O)=O)C1OC(C=C1)CO,-0.48
1283,845_SHA,CN1C=NC(N(C([NH]2)=O)C)=C1C2=O,-0.3
1284,846_SHA,CN2C(N(C1=C(C2=O)NC=N1)C)=O,-0.34
1285,847_SHA,CCCC(C(C(NC(NC1=O)=S)=O)1CC)C,-0.14
1286,848_SHA,CN/C(NCCSCC1=CSC(/N=C(N)/N)=N1)=N/C#N,-0.82
1287,849_SHA,CC2=CN(C(NC2=O)=O)C1CC(C(O1)CO)N=N#N,-0.72
1288,850_SHA,O=N(C(C=CN2)=C2NCCSCC1=NC=CC=C1)=O,-0.666
1289,851_SHA,N/C(N)=N/C1=NC(C2=CC=CC=C2)=CS1,-0.18
1290,852_SHA,N/C(N)=N/C1=NC(C2=CC(NC(C)=O)=CC=C2)=CS1,-1.577
1291,853_SHA,N/C(N)=N\C1=NC(C2=CC(N/C(NC)=N/C#N)=CC=C2)=CS1,-1.54
1292,854_SHA,CN(CC1=CC=C(SCCNC2=C(C=CN2)N(=O)=O)O1)C,-1.12
1293,855_SHA,CN(CC1=CC=C(SCCNC2=C(C(CC3=CC=CC=C3)=CN2)N(=O)=O)O1)C,-0.73
1294,856_SHA,CN(CC1=CC=C(C2=CC=CC(NC3=C(C=CN3)N(=O)=O)=C2)O1)C,-0.27
1295,857_SHA,O=C(C)NCCCOC1=CC(CN2CCCCC2)=CC=C1,-0.46
1296,858_SHA,N1(CC2=CC=CC(OCCCNC3=NC=CC=C3)=C2)CCCCC1,0.69
1297,859_SHA,N12C3=C(C(C4=CC=CC=C4)=NC(O)C1=NN=C2C)C=C(Cl)C=C3,-1.48
1298,860_SHA,C1=CC=CC(CSCCNC2=C(N(=O)=O)C=CN2)=N1,-0.66
1299,861_SHA,C1=CC=CC(C2=CSC(N=C(N)N)=N2)=C1,-0.18
1300,862_SHA,C1(NC(=O)C)=CC=CC(C2=CSC(N=C(N)N)=N2)=C1,-1.57
1301,863_SHA,C1=CC(N(=O)=O)=C(NCCSCC2OC(CN(C)C)=CC=2)N1,-1.12
1302,864_SHA,C3=C(NC2NC=CC=2N(=O)=O)C=CC=C3C1=CC=C(N(C)C)O1,-0.27
1303,865_SHA,C1=CC(CN(C)C)=CC(C2=CC=CC(NC3NC=CC3N(=O)=O)=C2)=N1,-0.28
1304,866_SHA,C3=CC=C(OCCCNC2C=CC=CN=2)C=C3CN1CCCCC1,0.69
1305,867_SHA,C1(N)=CC=CC(C2=CSC(N=C(N)N)=N2)=C1,-1.15
1306,868_SHA,C1(NC(NC)=NC#N)=CC=CC(C2=CSC(N=C(N)N)=N2)=C1,-1.54
1307,869_SHA,C1(CC2=CNC(NCCSCC3OC(CN(C)C)=CC=3)=C2N(=O)=O)=CC=CC=C1,-0.73
1308,870_SHA,N(C#N)=C(NCCSCC1N=CNC=1C)NC,-1.42
1309,871_SHA,C1CNC(=NC2=C(Cl)C=CC=C2Cl)N1,0.11
1310,872_SHA,C(C)O,-0.16
1311,873_SHA,C1C=NC(CCCCNC2=NC(=O)C(CC3C=CC(C)=NC=3)=CN2)=C(OC)C=1,-2.0
1312,874_SHA,C1(=O)C(CC3=CN=C(C)C=C3)=CNC(NCCSCC2=CC=C(CN(C)C)O2)=N1,-1.06
1313,875_SHA,C1(CN(C)C)=CC=C(CSCCNC(NC)=CN(=O)=O)O1,-1.23
1314,876_SHA,C4C=CC2C(C=4)=CC=C(CC1C(=O)N=C(NCCSCC3=CC=C(CN(C)C)O3)NC=1)C=2,-1.3
1315,877_SHA,C3(C)=CC(Br)=CN=C3CCCCNC1NC=C(CC2C=NC(C)=CC=2)C(=O)N=1,-1.88
1316,878_SHA,C12=C(C(=O)NC(=O)N1C)N(C)C=N2,-0.28
1317,879_SHA,C12=C(C(=O)N(C)C(=O)N1C)NC=N2,-0.29
1318,880_SHA,CNC(=NC#N)NCCSCC1N=C(N=C(N)N)SC=1,-0.82
1319,881_SHA,c1(CSCCNC(NC)=NC#N)nc[nH]c1C,-1.42
1320,882_SHA,C(NC2=NC(C(Cc3cnc(C)cc3)=CN2)=O)CCCc1c(OC)cccn1,-2.0
1321,883_SHA,c1cc2c(ccc(CC3=CNC(NCCSCc4ccc(CN(C)C)o4)=NC3=O)c2)cc1,-1.3
1322,884_SHA,c1nc(N(CCN(C)C)Cc2ccc(OC)cc2)ccc1,0.49
1323,885_SHA,CN1C2=C(C(=O)N(C1=O)C)NC=N2,-0.29
1324,886_SHA,N1C(C(C(C)CCC)(CC)C(NC1=O)=O)=O,0.12
1325,887_SHA,BrC1=CC=C(N4C3(C(N(C)C4)=O)CCN(CC3)CCCC(C2=CC=C(F)C=C2)=O)C=C1,-0.55
1326,888_SHA,CCCN3CN(C4=CC=C(Br)C=C4)C2(C3=O)CCN(CC2)CCCC(C1=CC=C(C=C1)F)=O,-0.01
1327,889_SHA,Cc1c(C(=O)N2CCC(N3CCC(F)(F)CC3)CC2)cnn1-c1nn2cccc2c(=O)[nH]1,1.7
1328,890_SHA,CN1CC[C@H]([C@@H](O)C1)c2c(O)cc(O)c3C(=O)C=C(Oc23)c4ccccc4Cl,1.64
1329,891_SHA,FC(F)(F)c1cc(Nc2ccncc2)nc(NCc2ccc3c(c2)OCO3)n1,1.6
1330,892_SHA,CC1CN(CCCCNC(=O)C(C)(C)C)CCN1c1ccc(Cl)cc1,1.6
1331,893_SHA,CCn1c(-c2nonc2N)nc2c(-c3ccc[nH]3)ncc(OCCCN)c21,1.53
1332,894_SHA,CCN1CCN(Cc2ccc(-c3cc4c(N[C@H](C)c5ccccc5)ncnc4[nH]3)cc2)CC1,1.51
1333,895_SHA,Nc1nccn2c(C3CCC3)nc(-c3ccc4ncccc4c3)c12,1.5
1334,896_SHA,C[C@@H](O[C@@H]1OCCN(CC2=NC(=O)NN2)[C@@H]1c3ccc(F)cc3)c4cc(cc(c4)C(F)(F)F)C(F)(F)F,1.48
1335,897_SHA,O=C(Nc1ccc(N2C(=O)c3cccc(Cl)c3C2=O)c(Cl)c1)c1ncccc1Cl,1.44
1336,898_SHA,O=C(CO)N1CCC(c2n[nH]c(-c3ccc(Cl)cc3)c2-c2ccncn2)CC1,1.4
1337,899_SHA,NC(=O)C(Cc1ccccc1)NC(=O)c1ccc(-c2cccs2)nc1,1.4
1338,900_SHA,CC#Cc1cncc(-c2ccc3c(c2)[C@@]2(N=C(C)C(N)=N2)[C@]2(CC[C@H](OC)CC2)C3)c1,1.38
1339,901_SHA,Cn1nc(-c2cccc(CN[C@@H]3CCc4ccc(O)cc43)c2)c2cnc(NCCCN3CCCC3)nc21,1.38
1340,902_SHA,CCCCCCN(CCCCCC)C(=O)Cc1c([nH]c2ccccc12)c3ccc(F)cc3,1.38
1341,903_SHA,Fc1ccc(-c2ccc3c(c2)[nH]c2ccncc23)cn1,1.38
1342,904_SHA,COCCN1CCN(c2ccc(Nc3ncc4ccn(C5CCCCC5)c4n3)cc2)CC1,1.38
1343,905_SHA,Cc1cc(C23c4ccccc4C(=O)N2CCN3C(=O)c2ccc(F)c(F)c2)ccc1Cl,1.3
1344,906_SHA,C[C@]1(c2nc3cccc(C(N)=O)c3[nH]2)CCCN1,1.26
1345,907_SHA,CN1C2CCC1CC(OC(c1ccc(F)cc1)c1ccc(F)cc1)C2.Cl,1.26
1346,908_SHA,C[C@@](O)(C(=O)N1CCN(c2cc([N+](=O)[O-])ccn2)CC1)C(F)(F)F,-0.12
1347,909_SHA,[Cl-].COC(=O)C([NH3+])Cc1ccc(Cl)cc1,-0.3
1348,910_SHA,CN1CC(=O)N=C1NC(=O)Nc2cccc(Cl)c2,-0.53
1349,911_SHA,O=C(c1cc(Cc2n[nH]c(=O)c3ccccc23)ccc1F)N1CCN(C(=O)C2CC2)CC1,-0.72
1350,912_SHA,CN1C(=O)[C@@H](NC(=O)c2n[nH]c(Cc3ccccc3)n2)COc2ccccc21,1.2
1351,913_SHA,Cc1nc(Nc2sc(cn2)C(=O)Nc3c(C)cccc3Cl)cc(n1)N4CCN(CCO)CC4,1.15
1352,914_SHA,O=C(Cn1cnc2ccccc2c1=O)c1ccc(Br)cc1,1.14
1353,915_SHA,CNC(=O)c1cc(Oc2ccc(NC(=O)Nc3ccc(Cl)c(c3)C(F)(F)F)cc2)ccn1,-0.37
1354,916_SHA,CNC(=O)c1cc(Oc2ccc(NC(=O)Nc3ccc(Cl)c(c3)C(F)(F)F)cc2)ccn1.Cc4ccc(cc4)[S](O)(=O)=O,1.13
1355,917_SHA,COc1cc2c(cc1OCCCN3CCCCC3)ncnc2N4CCN(CC4)C(=O)Nc5ccc(OC(C)C)cc5,1.13
1356,918_SHA,CCNC(=O)NC[C@H]1CC[C@H]2CC[C@@H](C(=O)NC(c3ccccc3)c3ccccc3)N2C(=O)[C@H]1NC(=O)[C@@H](N)CC.Cl,1.11
1357,919_SHA,COc1cc2c(Oc3ccc4[nH]c(C)cc4c3F)ncnc2cc1OCCCN1CCCC1,1.11
1358,920_SHA,Cc1nc(-c2cnn(C)c2-c2ccc(C(F)(F)F)cn2)c2c(C3CCC3)ncnn12,1.11
1359,921_SHA,Cc1ccc(Nc2nccc(N(C)c3ccc4c(C)n(C)nc4c3)n2)cc1S(N)(=O)=O,1.1
1360,922_SHA,CO[C@@H]1C[C@@H](CC[C@H]1OCCO)C[C@@H](C)[C@@H]2CC(=O)[C@H](C)\C=C(C)/[C@@H](O)[C@@H](OC)C(=O)[C@H](C)C[C@H](C)\C=C\C=C/C=C(C)/[C@H](C[C@@H]3CC[C@@H](C)[C@@](O)(O3)C(=O)C(=O)N4CCCC[C@H]4C(=O)O2)OC,1.1
1361,923_SHA,CO[C@H]1C[C@@H]2CC[C@@H](C)[C@@](O)(O2)C(=O)C(=O)N2CCCC[C@H]2C(=O)O[C@H]([C@H](C)C[C@@H]2CC[C@@H](O)[C@H](OC)C2)CC(=O)[C@H](C)/C=C(\C)[C@@H](O)[C@@H](OC)C(=O)[C@H](C)C[C@H](C)/C=C/C=C/C=C/1C,-0.27
1362,924_SHA,ONC(=O)CCCCCCC(=O)Nc1ccccc1,1.08
1363,925_SHA,CCN(CC)CCNC(=O)c1c(C)[nH]c(\C=C2/C(=O)Nc3ccc(F)cc23)c1C,-0.67
1364,926_SHA,COc1cc2c(Nc3ccc(Br)cc3F)ncnc2cc1OCC4CCN(C)CC4,1.07
1365,927_SHA,C[C@@H](C(O)=O)c1ccc(c(F)c1)c2ccccc2,1.06
1366,928_SHA,[Cl-].CC[NH+](CCCl)Cc1ccccc1Br,0.16
1367,929_SHA,Fc1ccc(SC2=NN3C=NC(=O)C(=C3C=C2)c4c(Cl)cccc4Cl)c(F)c1,1.06
1368,930_SHA,CN(C(=O)Cc1ccc(Cl)c(Cl)c1)[C@@H]1CCCC[C@H]1N1CCCC1,1.06
1369,931_SHA,Cn1cc(c2ccccc12)C3=C(C(=O)NC3=O)c4cn(C5CCN(CC5)Cc6ccccn6)c7ccccc47,-0.65
1370,932_SHA,COc1cccc2c1C=[N+](c1ccc(C)cc1)CC2.[Br-],1.06
1371,933_SHA,COC[C@@H](NC(=O)N1CC(=O)Nc2cc(OC)cnc21)c1ccc(OC(F)(F)F)c(F)c1,1.06
1372,934_SHA,CCOC(OCC)[P](O)(=O)CCCN,1.06
1373,935_SHA,CCOC(=O)ON1C(=O)CCC1=O,1.06
1374,936_SHA,CNC[C@]1(c2ccccc2)C[C@@H]2CC[C@H](C1)N2C(c1ccccc1Cl)c1ccccc1Cl,1.05
1375,937_SHA,CCN(C)C(=O)Oc1ccc2CC[C@@H](NCC#C)c2c1.CCN(C)C(=O)Oc3ccc4CC[C@@H](NCC#C)c4c3.O[C@H]([C@@H](O)C(O)=O)C(O)=O,1.05
1376,938_SHA,CCN(CC)CCC1(c2ccccc2)CCC(=O)NC1=O,1.04
1377,939_SHA,C[C@H](Cc1nc2c(cnn2-c2ccccc2Cl)c(=O)[nH]1)C(F)(F)F,1.04
1378,940_SHA,C[C@@H](Nc1nc(N[C@H](C)C(F)(F)F)nc(-c2cccc(Cl)n2)n1)C(F)(F)F,1.04
1379,941_SHA,C[C@]12CCCN1CC1=NNC(=O)c3cc(F)cc4[nH]c2c1c34,1.01
1380,942_SHA,CS(=O)(=O)c1ccc(C(=O)Nc2ccc(Cl)c(-c3ccccn3)c2)c(Cl)c1,1.01
1381,943_SHA,N[C@@H](Cc1ccc(F)cc1)C(=O)NC(=O)[C@H](Cc2c[nH]c3ccccc23)NC(=O)CNC(=O)[C@H](CCCN=C(N)N)NC(=O)[C@@H]4CC(O)CN4.OC(=O)C(F)(F)F.OC(=O)C(F)(F)F,1.01
1382,944_SHA,CC(C)CCN1c2nc(Nc3cc(F)c(O)c(F)c3)ncc2N(C)C(=O)C1C,1.0
1383,945_SHA,CN(Cc1nc2ccccc2n1C)S(=O)(=O)c1ccc(F)cc1,1.0
1384,946_SHA,CC(=C)[C@@H]1CC[C@@]2(CC[C@]3(C)[C@H](CC[C@@H]4[C@@]5(C)CC[C@H](O)C(C)(C)[C@@H]5CC[C@@]34C)[C@@H]12)C(O)=O,1.0
1385,947_SHA,C[C@@H](NC(=O)[C@H](CC(=O)N1CCC(N2CCCCC2)CC1)N1C(=O)[C@@H](N2C(=O)OC[C@@H]2c2ccccc2)[C@H]1/C=C/c1ccccc1)c1ccccc1,1.0
1386,948_SHA,Cc1ccnc2N(C3CC3)c4ncccc4C(=O)Nc12,1.0
1387,949_SHA,CC(C)Nc1cccnc1N2CCN(CC2)C(=O)c3[nH]c4ccc(N[S](C)(=O)=O)cc4c3.C[S](O)(=O)=O,0.99
1388,950_SHA,FC(F)(F)[C@]1(OC(=O)Nc2ccc(Cl)cc12)C#CC3CC3,0.98
1389,951_SHA,COc1c(N2CCNC(C)C2)c(F)cc3C(=O)C(=CN(C4CC4)c13)C(O)=O,0.98
1390,952_SHA,CC(C(O)=O)c1ccc(c(F)c1)c2ccccc2,0.98
1391,953_SHA,CCn1ncc2c(NC3CCOCC3)c(-c3nnc(Cc4sc(C)nc4C)o3)cnc21,0.98
1392,954_SHA,C[C@H]1CN(C(=O)[C@@H]2CN(C(C)(C)C)C[C@H]2c2ccc(F)cc2F)C[C@@H](C)[C@]1(O)c1ccccc1,0.98
1393,955_SHA,Fc1ccc(-c2c3cccc(C(F)(F)F)c3nn2Cc2ccc(F)cc2Cl)cc1,0.98
1394,956_SHA,CN1C[C@H]2[C@@H](C1)[C@@H]2CN(Cc1ccc(F)c(Cl)c1)C(=O)c1cn(C)cn1,-0.3
1395,957_SHA,C[C@H]1COCCN1c1nc(-c2cnc(N)nc2C(F)F)cc(N2CCOCC2)n1,-0.2
1396,958_SHA,O=[N+]([O-])c1cn2c(n1)OC[C@@H](OCc1ccc(-c3ccc(OC(F)(F)F)cc3)nc1)C2,-0.4
1397,959_SHA,COc1cc(F)c(-c2c(C)nn3c(C(F)(F)F)cc(C)nc23)c(F)c1,-0.4
1398,960_SHA,CC(C)(C)C(=O)NCCCC(O)=O,-0.4
1399,961_SHA,CC(F)(F)CNc1ccc2ccc(C(=O)N3CCC4(CC3)Cc3cn(C(C)(C)C)nc3C(=O)N4)cc2n1,-0.4
1400,962_SHA,Oc1ccc(F)cc1/C=N/C1CCCC1,-0.35
1401,963_SHA,COc1ccc(-n2c(=O)c(CCC(=O)NCCc3ccccc3F)nc3ccccc32)cc1,-0.1
1402,964_SHA,NC(=O)c1cccc(c1)c2cccc(OC(=O)NC3CCCCC3)c2,-0.25
1403,965_SHA,COc1ccc(-c2[nH]c(-c3ccc(Cl)cc3)nc2SCC(=O)NCC2CCCO2)cc1,-0.32
1404,966_SHA,C[C@@H]1CN(c2ccc(F)nc2)C(=O)c2cc(COc3ccc(Cl)cn3)nn21,-0.34
1405,967_SHA,C[C@@H](c1nnc(-c2ccccc2F)s1)N1CCC(c2c[nH]c3ccccc23)CC1,-0.2
1406,968_SHA,CN1CCN(c2ccc(/C=C3/SC(Nc4ccc(Oc5ccccc5)cc4)=NC3=O)cc2)CC1,0.92
1407,969_SHA,Cc1cc(C)nc(N2CC3CN(C(=O)c4c(F)cccc4-n4nccn4)CC3C2)n1,0.92
1408,970_SHA,CN1Cc2cc(Cl)ccc2-n2c(nnc2[C@H]2CC[C@H](Oc3ccccn3)CC2)C1,0.92
1409,971_SHA,C[C@@]1(c2cc(NC(=O)c3ccc(C#N)cn3)ccc2F)C=CSC(N)=N1,0.9
1410,972_SHA,C[C@H]1OC[C@]2(c3cc(NC(=O)c4cnc(C(F)F)cn4)ccc3F)N=C(N)SC[C@H]12,0.9
1411,973_SHA,N[C@@H](CCS(=O)(=O)O)CSSC[C@@H](N)CCS(=O)(=O)O,0.89
1412,974_SHA,C=CC(=O)Nc1cc(Nc2nccc(-n3cc(CN(C)C)c(-c4ccccc4)n3)n2)c(OC)cc1N1CCOCC1,-0.19
1413,975_SHA,CC1(C)CC=C(c2nc(C3CC(C)(C)OC(C)(C)C3)ccc2NC(=O)c2nc(C#N)c[nH]2)CC1,0.88
1414,976_SHA,CCCCc1nc(C)c(CC(=O)OCC)c(=O)n1Cc1ccc(-c2ccccc2-c2nnn[nH]2)cc1,0.88
1415,977_SHA,C=CC(=O)N1CCC[C@@H](n2c(=O)n(-c3ccc(Oc4ccccc4)cc3)c3c(N)nccc32)C1,0.88
1416,978_SHA,N#Cc1ccc(COCC2OC(n3c(NCc4ccc(Cl)c(Cl)c4)nc4c(N)ncnc43)C(O)C2O)cc1,0.87
1417,979_SHA,CC(C)n1c(=O)n(C)c2cnc3cc(F)c(-c4ccc(OCCCN5CCCCC5)nc4)cc3c21,-0.45
1418,980_SHA,CCOc1cc(C(C)(C)C)ccc1C1=N[C@@](C)(c2ccc(Cl)cc2)[C@@](C)(c2ccc(Cl)cc2)N1C(=O)N1CCN(CCCS(C)(=O)=O)CC1,-0.45
1419,981_SHA,COc1ccc(N2CCN(C(=O)c3cn(Cc4ccccc4)nc3-c3cccnc3)CC2)cc1,-0.45
1420,982_SHA,N=C(N)NC[C@H]1CC[C@H](C(=O)Oc2ccccc2C(=O)OCc2ccccc2)CC1,-0.35
1421,983_SHA,Nc1cccc2C(=O)N(C3CCC(=O)NC3=O)C(=O)c12,-0.35
1422,984_SHA,CCCCNc1nc(SC)nc2c1cnn2CC(Cl)c1ccccc1,-0.35
1423,985_SHA,CC(=O)Nc1cccc(-n2c(=O)n(C3CC3)c(=O)c3c(Nc4ccc(I)cc4F)n(C)c(=O)c(C)c32)c1,-0.35
1424,986_SHA,CN(C)CCCOc1ccc(CN(C)CCCNC(=O)c2ccc(Cl)c(Cl)c2)cc1,0.24
1425,987_SHA,Cn1c(CCCC(=O)O)nc2cc(N(CCCl)CCCl)ccc21,-0.24
1426,988_SHA,CCN(C)C(=O)Oc1cccc(c1)[C@H](C)N(C)C.O[C@@H]([C@H](O)C(O)=O)C(O)=O,-0.45
1427,989_SHA,CC1=C(CCN2CCC(CC2)c3noc4cc(F)ccc34)C(=O)N5CCCCC5=N1,-0.32
1428,990_SHA,COc1cnc(-c2ccccn2)nc1NCc1ccc(F)cc1F,-0.27
1429,991_SHA,CCc1c2c(nc3ccccc13)-c1cc3c(c(=O)n1C2)COC(=O)CC3(O)CC,-0.32
1430,992_SHA,OCC(O)C1OC(=O)C(=O)C1=O,-0.21
1431,993_SHA,Cc1ccc(N2CCN(C(=O)[C@@H](Cc3ccc(Cl)cc3Cl)N3CCCC3=O)CC2)c([C@H](CC(C)C)NC(=O)[C@@H](C)N)c1,-0.21
1432,994_SHA,CCCCCCCCc1ccc(CCC(N)(CO)CO)cc1,-0.45
1433,995_SHA,CCC(=NNC(=O)c1ccc2c(c1)nc(C)n2CC)c1cc(F)ccc1O,-0.17
1434,996_SHA,Nc1c(Cl)cc(C2=NCCn3nc4cc(C(F)(F)F)ccc4c32)cc1Cl,-0.4
1435,997_SHA,CCOC(=O)C1=CCCC[C@H]1S(=O)(=O)Nc1ccc(F)cc1Cl,-0.2
1436,998_SHA,CCC(=O)Nc1cc(O)nc2ncnn12,-0.3
1437,999_SHA,N#Cc1ccc2c(c1)CCN(CCC1CCC(NC(=O)/C=C/c3cccc4cc[nH]c34)CC1)CC2,-0.2
1438,1000_SHA,CCCc1nnnn1-c1ccc(OC)c(CN[C@H]2CCCN[C@H]2c2ccccc2)c1,-0.17
1439,1_B3D,O=C(O)c1cc(N=Nc2ccc(S(=O)(=O)Nc3ccccn3)cc2)ccc1O,-2.69
1440,2_B3D,COC1(NC(=O)C(C(=O)O)c2ccc(O)cc2)C(=O)N2C(C(=O)O)=C(CSc3nnnn3C)COC21,-2.52
1441,3_B3D,Oc1c(I)cc(Cl)c2cccnc12,-2.4
1442,4_B3D,CCNC(=NCCSCc1ncccc1Br)NC#N,-2.15
1443,5_B3D,CN1CC[C@]23c4c5ccc(OC6O[C@H](C(=O)O)[C@@H](O)[C@H](O)[C@H]6O)c4O[C@H]2[C@@H](O)C=C[C@H]3[C@H]1C5,-2.15
1444,6_B3D,CS(=O)(=O)N(CCO)c1c(Cl)c(Cl)cc2[nH]c(=O)c(=O)[nH]c12,-2.15
1445,7_B3D,CN1CC[C@]23c4c5ccc(O)c4O[C@H]2[C@@H](OC2O[C@H](C(=O)O)[C@@H](O)[C@H](O)[C@H]2O)C=C[C@H]3[C@H]1C5,-2.09
1446,8_B3D,O=C1CN(/N=C/c2ccc([N+](=O)[O-])o2)C(=O)N1,-2.09
1447,9_B3D,O=c1[nH]c2cc(Cl)ccc2c(O)c1-c1cccc(Oc2ccccc2)c1,-2.03
1448,10_B3D,COc1cc(C2c3cc4c(cc3C(OC3OC5COC(C)OC5C(O)C3O)C3COC(=O)C23)OCO4)cc(OC)c1O,-2.0
1449,11_B3D,COc1cccnc1CCCCNc1ncc(Cc2ccc(C)nc2)c(=O)[nH]1,-2.0
1450,12_B3D,CCC(CC)O[C@@H]1C=C(C(=O)O)C[C@H](N)[C@@H]1NCOC,-1.96
1451,13_B3D,Cc1ccc(Cc2cnc(NCCCCc3ncc(Br)cc3C)[nH]c2=O)cn1,-1.9
1452,14_B3D,COC1(NC(=O)C2SC(=C(C(N)=O)C(=O)O)S2)C(=O)N2C(C(=O)O)=C(CSc3nnnn3C)CSC21,-1.89
1453,15_B3D,CO[C@@]1(NC(=O)C2SC(=C(C(N)=O)C(=O)O)S2)C(=O)N2C(C(=O)O)=C(CSc3nnnn3C)CS[C@@H]21,-1.89
1454,16_B3D,c1ccc(NC2=NCCN2)cc1,-1.89
1455,17_B3D,Cc1ccc(CC2CNC(NCCCCc3ncc(Br)cc3C)NC2=O)cn1,-1.88
1456,18_B3D,CN1Cc2c(-c3noc(C(C)(O)CO)n3)ncn2-c2cccc(Cl)c2C1=O,-1.82
1457,19_B3D,CC(C)c1nc(CN(C)C(=O)N[C@@H](C)C(=O)C[C@@H](Cc2ccccc2)C[C@H](O)[C@H](Cc2ccccc2)NC(=O)OCc2cncs2)cs1,-1.82
1458,20_B3D,CN1Cc2c(-c3noc(C(C)(CO)CO)n3)ncn2-c2cccc(Cl)c2C1=O,-1.82
1459,21_B3D,CN1Cc2c(-c3noc(C(C)(O)O)n3)ncn2-c2cccc(Cl)c2C1=O,-1.82
1460,22_B3D,CN1Cc2c(-c3noc([C@](C)(O)CO)n3)ncn2-c2cccc(Cl)c2C1=O,-1.82
1461,23_B3D,O=C(c1ccc(OCCN2CCCCC2)cc1)c1c(-c2ccc(O)cc2)sc2cc(O)ccc12,-1.81
1462,24_B3D,CCOC(=O)N1CSCC1C(=O)O,-1.72
1463,25_B3D,O=C(O)CCCc1ccc(N(CCCl)CCCl)cc1,-1.7
1464,26_B3D,O=C1c2c(O)cc(O)cc2CC(c2ccc(O)c(O)c2)C1O,-1.7
1465,27_B3D,OC[C@H]1O[C@H](O[C@]2(CO)O[C@H](CO)[C@@H](O)[C@@H]2O)[C@H](O)[C@@H](O)[C@@H]1O,-1.7
1466,28_B3D,CC(C(=O)O)c1ccc(-c2ccccc2)c(F)c1,-1.68
1467,29_B3D,C=CCc1cccc(/C=N\NC(=O)CN2CCN(Cc3ccc(S(N)(=O)=O)cc3)CC2)c1O,-1.67
1468,30_B3D,OC[C@@H](O)[C@@H](O)[C@H](O)[C@H](O)CO,-1.6
1469,31_B3D,OCC(O)C(O)C(O)C(O)CO,-1.6
1470,32_B3D,CC(=O)Nc1cccc(-c2csc(N=C(N)N)n2)c1,-1.57
1471,33_B3D,O=C(O)c1nc2ccc(C(F)(F)F)cc2nc1NCc1ccc(C(F)(F)F)cc1,-1.57
1472,34_B3D,CC(=O)NC1C(O)OC(COS(=O)(=O)O)C(OC2OC(COS(=O)(=O)O)C(O)C(O)C2O)C1O,-1.54
1473,35_B3D,CN=C(NC#N)Nc1cccc(-c2csc(N=C(N)N)n2)c1,-1.54
1474,36_B3D,NC(N)=Nc1nc(-c2ccc(O)c(O)c2)cs1,-1.54
1475,37_B3D,CC(C)CC(=O)c1ccc(OCCCCO)cc1O,-1.52
1476,38_B3D,CC(C)CC(=O)c1ccc(OCCCCOc2ccc(CCC(=O)O)c(O)c2)cc1O,-1.52
1477,39_B3D,CC(C)CC(=O)c1ccc(OCCCCOc2ccc3ccc(=O)oc3c2)cc1O,-1.52
1478,40_B3D,CCNc1cccnc1N1CCN(C(=O)c2cc3cc(NS(C)(=O)=O)ccc3[nH]2)CC1,-1.52
1479,41_B3D,CN(Cc1cnc2nc(N)nc(N)c2n1)c1ccc(C(=O)NC(CCC(=O)O)C(=O)O)cc1,-1.52
1480,42_B3D,CO[C@H]1/C=C/O[C@@]2(C)Oc3c(C)c(O)c4c(O)c(c(/C=N/N5CCN(C)CC5)c(O)c4c3C2=O)NC(=O)C/C(C)=C\C=C\[C@@H](C)C(O)[C@@H](C)[C@H](O)[C@H](C)[C@H](OC(C)=O)[C@@H]1C,-1.52
1481,43_B3D,NCC(CC(=O)O)c1ccc(Cl)cc1,-1.52
1482,44_B3D,COc1cc([C@@H]2c3cc4c(cc3[C@@H](O[C@@H]3O[C@@H]5CO[C@@H](C)O[C@H]5[C@H](O)[C@H]3O)[C@H]3COC(=O)[C@H]23)OCO4)cc(OC)c1O,-1.5
1483,45_B3D,CN(Cc1cnc2nc(N)nc(N)c2n1)c1ccc(C(=O)N[C@@H](CCC(=O)O)C(=O)O)cc1,-1.5
1484,46_B3D,Cc1ccc(NC(=O)c2ccc(CN3CCN(C)CC3)cc2)cc1Nc1nccc(-c2cccnc2)n1,-1.5
1485,47_B3D,Nc1ccn([C@@H]2CC[C@@H](CO)O2)c(=O)n1,-1.5
1486,48_B3D,CN[C@H]1C(=O)N[C@@H]2Cc3ccc(cc3)Oc3cc4cc(c3O[C@@H]3O[C@H](CO)[C@@H](O)[C@H](O)[C@H]3NC(=O)CCCCCCCCC(C)C)Oc3ccc(cc3Cl)[C@@H](O)[C@@H]3NC(=O)[C@H](NC(=O)[C@@H]4NC(=O)[C@@H](NC2=O)c2cc(cc(O)c2Cl)Oc2cc1ccc2O)c1ccc(O)c(c1)-c1c(O[C@H]2O[C@H](CO)[C@@H](O)[C@H](O)[C@@H]2O)cc(O)cc1[C@@H](C(=O)NCCCN(C)C)NC3=O,-1.48
1487,49_B3D,Cc1nnc2n1-c1ccc(Cl)cc1C(c1ccccc1)=NC2O,-1.48
1488,50_B3D,CCc1cccc2c3c([nH]c12)C(CC)(CC(=O)O)OCC3,-1.42
1489,51_B3D,CC(C)NC(O)COc1ccc(CC(N)=O)cc1,-1.42
1490,52_B3D,CN=C(NC#N)NCCSCC1=NC=NC1C,-1.42
1491,53_B3D,CN=C(NC#N)NCCSCc1nc[nH]c1C,-1.4
1492,54_B3D,CC1(C(=O)O)CCC2(C)CCC3(C)C(=CC(=O)C4C5(C)CCC(O)C(C)(C)C5CCC43C)C2C1,-1.4
1493,55_B3D,CCCc1nc(C)c2c(=O)[nH]c(-c3cc(S(=O)(=O)N4CCN(CC)CC4)ccc3OCC)nn12,-1.4
1494,56_B3D,CCCn1c(=O)c2[nH]c(C3CCC(=O)C3)nc2n(CCC)c1=O,-1.4
1495,57_B3D,CCCn1c(=O)c2[nH]c([C@H]3CCC(=O)C3)nc2n(CCC)c1=O,-1.4
1496,58_B3D,COC(=O)Nc1nc2ccc(C(=O)N3CCN(c4ccccn4)CC3)cc2[nH]1,-1.4
1497,59_B3D,COc1nccc(-c2c(-c3ccc(F)cc3)ncn2C2CCC(O)CC2)n1,-1.4
1498,60_B3D,NCc1c[n+]2ccccc2[nH]1,-1.4
1499,61_B3D,Nc1ccc(C(=O)O)cc1,-1.4
1500,62_B3D,CCOc1ccc(C(=O)c2cccc3ccccc23)c2ccccc12,-1.39
1501,63_B3D,Cc1ccccc1N=C1N(C)CCN1C,-1.39
1502,64_B3D,Cc1ccccc1NC1=NCCN1,-1.39
1503,65_B3D,CC(C)c1c(C(=O)Nc2ccccc2)c(-c2ccccc2)c(-c2ccc(F)cc2)n1CC[C@@H](O)C[C@@H](O)CC(=O)O,-1.36
1504,66_B3D,CN1[C@H]2CC[C@H]1[C@@H](CC(=O)O)[C@@H](OC(=O)c1ccccc1)C2,-1.35
1505,67_B3D,CN1Cc2c(-c3noc(C(C)(C)O)n3)ncn2-c2cccc(Cl)c2C1=O,-1.34
1506,68_B3D,O=C(O)c1cc(=O)c2c(Cl)cc(Cl)cc2[nH]1,-1.33
1507,69_B3D,O=c1[nH]cnc2c1ncn2C1CCC(CO)O1,-1.3
1508,70_B3D,CC(C)(C)NCC(O)c1ccc(O)c(CO)c1,-1.3
1509,71_B3D,CCCc1nn(C)c2c(=O)[nH]c(-c3cc(S(=O)(=O)N4CCN(C)CC4)ccc3OCC)nc12,-1.3
1510,72_B3D,CN(C)Cc1ccc(CSCCNc2nc(=O)c(Cc3ccc4ccccc4c3)c[nH]2)o1,-1.3
1511,73_B3D,COc1ccc(NS(=O)(=O)c2sc3ccc(Cl)cc3c2C)cc1N1CCNCC1,-1.3
1512,74_B3D,COc1ccc2c(c1)c(CC(=O)O)c(C)n2C(=O)c1ccc(Cl)cc1,-1.3
1513,75_B3D,COc1cccnc1CCCCNc1ncc(Cc2cccc(C)n2)c(=O)[nH]1,-1.3
1514,76_B3D,Cc1ccc(N=C2N(C)CCN2C)c(C)c1,-1.3
1515,77_B3D,Cc1ccc(NC2=NCCN2)c(C)c1,-1.3
1516,78_B3D,Cc1nc(Nc2ncc(C(=O)Nc3c(Cl)cccc3Cl)s2)cc(N2CCN(CCO)CC2)n1,-1.3
1517,79_B3D,N#CC(c1ccc(Cl)cc1)c1c(Cl)cc(-n2ncc(=O)[nH]c2=O)cc1Cl,-1.3
1518,80_B3D,NCC1(Cc2noc(=O)[nH]2)CCCCC1,-1.3
1519,81_B3D,NCCc1nc(-c2ccccc2)cs1,-1.3
1520,82_B3D,Nc1nc(NCCc2ccc(O)cc2)nc2nc(-c3ccco3)nn12,-1.3
1521,83_B3D,O=C(O)Cc1ccccc1Nc1c(Cl)cccc1Cl,-1.3
1522,84_B3D,O=c1[nH]cnc2c1ncn2[C@@H]1CC[C@H](CO)O1,-1.3
1523,85_B3D,O=c1[nH]cnc2c1ncn2[C@H]1CC[C@@H](CO)O1,-1.3
1524,86_B3D,OCc1nnc2n1-c1ccc(Cl)cc1C(c1ccccc1)=NC2,-1.3
1525,87_B3D,COc1ccc2c(c1)C(CC(=O)O)C(C)N2C(=O)c1ccc(Cl)cc1,-1.26
1526,88_B3D,COc1ccc2c(c1)[C@@H](CC(=O)O)[C@H](C)N2C(=O)c1ccc(Cl)cc1,-1.26
1527,89_B3D,O=C(O)c1ccc(-c2ccccc2)cc1,-1.26
1528,90_B3D,CN/C(=C/[N+](=O)[O-])NCCSc1ccc(CN(C)C)o1,-1.23
1529,91_B3D,CN/C(=C\[N+](=O)[O-])NCCSCc1ccc(CN(C)C)o1,-1.23
1530,92_B3D,CN/C(=N\C[N+](=O)[O-])NCCSCc1coc(CN(C)C)c1,-1.23
1531,93_B3D,CN=C(C[N+](=O)[O-])NCCCSc1ccc(CN(C)C)o1,-1.23
1532,94_B3D,CN=C(C[N+](=O)[O-])NCCSCc1ccc(CN(C)C)o1,-1.23
1533,95_B3D,CNC(=C[N+](=O)[O-])NCCSCc1ccc(CN(C)C)o1,-1.23
1534,96_B3D,CNC(C[N+](=O)[O-])=NCCSc1ccc(CN(C)C)o1,-1.23
1535,97_B3D,C[C@H]1O[C@@H](O[C@H]2[C@@H](O)C[C@H](O[C@H]3[C@@H](O)C[C@H](O[C@H]4CC[C@]5(C)[C@H]6C[C@@H](O)[C@]7(C)C(C8=CC(=O)OC8)CC[C@]7(O)[C@@H]6CC[C@@H]5C4)O[C@@H]3C)O[C@@H]2C)C[C@H](O)[C@@H]1O,-1.23
1536,98_B3D,CO[C@H]1CN(CC2Cc3ccc(NC(=O)C(C)C)cc3C2)CCC1n1c(C)nc2cc(C)ccc21,-1.22
1537,99_B3D,Nc1nc(=O)n([C@@H]2CS[C@H](CO)O2)cc1F,-1.22
1538,100_B3D,CC1OC(OC2C(O)CC(OC3C(O)CC(OC4CCC5(C)C(CCC6C5CC(O)C5(C)C(C7=CC(=O)OC7)CCC65O)C4)OC3C)OC2C)CC(O)C1O,-1.2
1539,101_B3D,Nc1ccn(C2CCC(CO)O2)c(=O)n1,-1.2
1540,102_B3D,Nc1ccn([C@H]2CC[C@@H](CO)O2)c(=O)n1,-1.2
1541,103_B3D,CN(C)CCc1c[nH]c2ccc(O)cc12,-1.19
1542,104_B3D,CC(=O)Oc1ccc(/C=C/C(=O)NCCc2ccccc2)cc1OC(C)=O,-1.17
1543,105_B3D,CN(C)c1cc(-c2n[nH]c(N)n2)ccn1,-1.17
1544,106_B3D,NC(N)=Nc1nc(-c2cccc(N)c2)cs1,-1.15
1545,107_B3D,CCOc1ccc(Cc2nc3cc(N(C)S(=O)(=O)c4cccs4)ccc3n2CC2CCCCC2)nc1,-1.15
1546,108_B3D,CCS(=O)(=O)n1c2c(c3cc(C(=O)N4CCC(C)CC4)ccc31)CN(C1CCOCC1)CC2,-1.15
1547,109_B3D,CCCCCCCCCCCCCCCCOP(=O)(O)OCC[N+](C)(C)C,-1.14
1548,110_B3D,Cc1ccc(/C(=C\CN2CCCC2)c2cccc(/C=C/C(=O)O)n2)cc1,-1.14
1549,111_B3D,CN(C)Cc1ccc(CSCCNC2N=CC=C2[N+](=O)[O-])o1,-1.12
1550,112_B3D,CN(C)Cc1ccc(CSCCNc2[nH]ccc2[N+](=O)[O-])o1,-1.12
1551,113_B3D,CN(C)Cc1ccc(SCCNc2[nH]ccc2[N+](=O)[O-])o1,-1.12
1552,114_B3D,CCN1CCCC1CNC(=O)c1cc(S(N)(=O)=O)ccc1OC,-1.11
1553,115_B3D,O=C(O)c1ccccc1O,-1.1
1554,116_B3D,CCn1cc(C(=O)O)c(=O)c2cc(F)c(N3CCNCC3)cc21,-1.1
1555,117_B3D,CC(C)CC1C(=O)N2CCCC2C2(O)OC(NC(=O)C3C=C4c5cccc6[nH]c(Br)c(c56)CC4N(C)C3)(C(C)C)C(=O)N12,-1.1
1556,118_B3D,CC(C)C[C@H]1C(=O)N2CCC[C@H]2[C@]2(O)O[C@](NC(=O)[C@@H]3C=C4c5cccc6[nH]c(Br)c(c56)C[C@H]4N(C)C3)(C(C)C)C(=O)N12,-1.1
1557,119_B3D,CN1CC(C(=O)NC2(C)OC3(O)C4CCCN4C(=O)C(Cc4ccccc4)N3C2=O)CC2C3=CC=CC4NC=CC(=C34)CC21,-1.1
1558,120_B3D,Cc1ccc(Cc2cnc(NCCSCc3ccc(CN(C)C)o3)[nH]c2=O)cn1,-1.1
1559,121_B3D,O=c1cccc2n1CC1CNCC2C1,-1.09
1560,122_B3D,CCCCc1oc2ccccc2c1C(=O)c1cc(I)c(OCCN(CC)CC)c(I)c1,-1.08
1561,123_B3D,Cc1ccc(Cc2cnc(NCCSCc3ccc(C(C)(C)N)o3)[nH]c2=O)cn1,-1.06
1562,124_B3D,CN(C)CCc1c[nH]c2ccc(C[C@H]3COC(=O)N3)cc12,-1.04
1563,125_B3D,CC(C)(C)NC(=O)C1CC2CCCCC2CN1CC(O)C(Cc1ccccc1)NC(=O)C(CC(N)=O)NC(=O)c1ccc2ccccc2n1,-1.03
1564,126_B3D,CCC1(O)CC2CN(CCc3c([nH]c4ccccc34)C(C(=O)OC)(c3cc4c(cc3OC)N(C=O)C3C(O)(C(=O)OC)C(OC(C)=O)C5(CC)C=CCN6CCC43C65)C2)C1,-1.03
1565,127_B3D,CC[C@]1(O)C[C@H]2CN(CCc3c([nH]c4ccccc34)[C@@](C(=O)OC)(c3cc4c(cc3OC)N(C=O)[C@H]3[C@@](O)(C(=O)OC)[C@H](OC(C)=O)[C@]5(CC)C=CCN6CC[C@]43[C@@H]65)C2)C1,-1.03
1566,128_B3D,CN(C)CCc1c[nH]c2ccc(CC3COC(=O)N3)cc12,-1.01
1567,129_B3D,CC(C)(C(=O)O)c1ccc(C(O)CCCN2CCC(C(O)(c3ccccc3)c3ccccc3)CC2)cc1,-1.0
1568,130_B3D,CC(C)(C)c1ccc(C(=O)N2CCN(c3ccc(OCCCN4CCCCC4)cc3)C(=O)C2)cc1,-1.0
1569,131_B3D,CCC(C)C1OC2(CCC1C)CC1CC(CC=C(C)C(OC3CC(OC)C(OC4CC(OC)C(O)C(C)O4)C(C)O3)C(C)C=CC=C3COC4C(O)C(C)=CC(C(=O)O1)C34O)O2,-1.0
1570,132_B3D,CCC(NC(=O)c1c(OCC(=O)O)c(-c2ccccc2)nc2ccccc12)c1ccccc1,-1.0
1571,133_B3D,CCOC(=O)C1=C[C@@H](OC(CC)CC)[C@@H](NCOC)[C@@H](N)C1,-1.0
1572,134_B3D,CCOC(=O)NNc1ccc(N(CC(C)O)C(C)C)nn1,-1.0
1573,135_B3D,CN(C)C(=O)Cn1nc(-c2c(-c3ccccc3)nn3ccccc23)ccc1=O,-1.0
1574,136_B3D,CN1CC(=O)N2C(Cc3c([nH]c4ccccc34)C2c2ccc3c(c2)OCO3)C1=O,-1.0
1575,137_B3D,COC(=O)C1C(=O)C=C(Nc2cccc([N+](=O)[O-])c2)CC1C,-1.0
1576,138_B3D,COC(=O)[C@@H]1C(=O)C=C(Nc2cccc([N+](=O)[O-])c2)C[C@H]1C,-1.0
1577,139_B3D,COc1cc(N)cn[n+]1-c1ccccc1,-1.0
1578,140_B3D,COc1cc2c(cc1CNC1C3CCN(C3)C1C(c1ccccc1)c1ccccc1)N(S(C)(=O)=O)CC2,-1.0
1579,141_B3D,CSc1nn2c(N3CCNCC3)c3c(nc2c1S(=O)(=O)c1ccccc1)CCC3,-1.0
1580,142_B3D,Cc1cc2ccccc2n1CCNC(=O)/C=C/c1ccc(OCCO)c(OCCO)c1,-1.0
1581,143_B3D,Cc1ccc(-c2cc(C(F)(F)F)nn2-c2ccc(S(N)(=O)=O)cc2)cc1,-1.0
1582,144_B3D,Clc1cccc(C(c2ccc3nc[nH]c3c2)n2ccnc2)c1,-1.0
1583,145_B3D,O=C(O)CCCCO/N=C(\c1cccnc1)c1cccc(C(F)(F)F)c1,-1.0
1584,146_B3D,O=C(c1ccc(C(=O)N2CCN(c3ccc(OC4CCN(C5CCC5)CC4)cc3)C(=O)C2)cc1)N1CCC1,-1.0
1585,147_B3D,Oc1cc(-c2nc(-c3ccccc3)[nH]c2-c2ccncc2)ccc1Cl,-1.0
1586,148_B3D,CC(C)(C)NC(=O)[C@@H]1C[C@@H]2CCCC[C@@H]2CN1C[C@@H](O)[C@H](Cc1ccccc1)NC(=O)[C@H](CC(N)=O)NC(=O)c1ccc2ccccc2n1,-0.95
1587,149_B3D,CC(C)(C)NCC(O)COc1cccc2c1CC(O)C(O)C2,-0.95
1588,150_B3D,COC(=O)C1C(=O)C=C(Nc2ccc(Cl)cc2)CC1C,-0.95
1589,151_B3D,Cc1c(O)cccc1C(=O)NC(CSc1ccccc1)C(O)CN1CC2CCCCC2CC1C(=O)NC(C)(C)C,-0.93
1590,152_B3D,Cc1c(O)cccc1C(=O)N[C@@H](CSc1ccccc1)[C@@H](O)CN1CC2CCCCC2C[C@H]1C(=O)CNC(C)(C)C,-0.93
1591,153_B3D,COn1cc(C(=O)O)c(=O)c2cc3c(cc21)OCO3,-0.92
1592,154_B3D,CCS(=O)(=O)c1ccc(-c2ccc3cc(O)ccc3c2Oc2ccc(OCCN3CCCCC3)cc2)cc1,-0.92
1593,155_B3D,CC(C)NCC(O)COc1ccc(CC(N)=O)cc1,-0.9
1594,156_B3D,COc1cc2nc(N3CCN(C(=O)c4ccco4)CC3)nc(N)c2cc1OC,-0.9
1595,157_B3D,COc1ccc(Cl)cc1C(=O)NCCc1ccc(S(=O)(=O)NC(=O)NC2CCCCC2)cc1,-0.9
1596,158_B3D,C[C@]12CC(=O)[C@H]3[C@@H](CCC4=CC(=O)C=C[C@@]43C)[C@@H]1CCC2(O)C(=O)CO,-0.9
1597,159_B3D,COc1ccc(C(C)(C)O)cc1CNC1C2CCN(CC2)C1C(c1ccccc1)c1ccccc1,-0.89
1598,160_B3D,Nc1cccc(CN2CCC(NC(=O)C(O)(c3ccccc3)C3CCC(F)(F)C3)CC2)n1,-0.89
1599,161_B3D,Nc1cccc(CN2CCC(NC(=O)[C@](O)(c3ccccc3)[C@@H]3CCC(F)(F)C3)CC2)n1,-0.89
1600,162_B3D,CC1CCN(CCC2CCN2S(=O)(=O)C2=CC(O)=CCC2)CC1,-0.89
1601,163_B3D,Cc1cc(Cl)ccc1NC1=NCCN1,-0.87
1602,164_B3D,CN(C)CCOc1ccc(-c2nc(-c3ccc4c(c3)CC/C4=N\CO)c(-c3ccncc3)[nH]2)cc1,-0.85
1603,165_B3D,COc1ccc(NS(=O)(=O)c2ccc(N)cc2)nn1,-0.85
1604,166_B3D,Cc1cn([C@H]2C[C@H](F)[C@@H](CO)O2)c(=O)[nH]c1=O,-0.85
1605,167_B3D,Nc1ccccc1NC(=O)c1ccc(CNC(=O)OCc2ccccc2)cc1,-0.85
1606,168_B3D,COc1cccc2c1C(=O)c1c(O)c3c(c(O)c1C2=O)CC(O)(C(=O)CO)CC3OC1CC(N)C(O)C(C)O1,-0.83
1607,169_B3D,COc1cccc2c1C(=O)c1c(O)c3c(c(O)c1C2=O)C[C@@](O)(C(=O)CO)C[C@@H]3O[C@H]1C[C@H](N)[C@H](O)[C@H](C)O1,-0.83
1608,170_B3D,COc1ccc2nc([S+]([O-])Cc3ncc(C)c(OC)c3C)[nH]c2c1,-0.82
1609,171_B3D,CS(=O)(=O)c1ccc(-c2ccc3cc(O)ccc3c2Oc2ccc(OCCN3CCCCC3)cc2)cc1,-0.81
1610,172_B3D,O=c1[nH]c2ccccc2n1CCCN1CCC(n2c(=O)[nH]c3cc(Cl)ccc32)CC1,-0.8
1611,173_B3D,Nc1nc(=O)c2ncn(COCCO)c2[nH]1,-0.8
1612,174_B3D,CN/C(=N\CCSCc1csc(NC(=N)N)n1)NC#N,-0.8
1613,175_B3D,C=C(C)C(=O)/C(=C/C(=O)O)OC,-0.8
1614,176_B3D,CCc1ccc(-n2cnc3c(sc4nccc(N(C)CCc5ccccn5)c43)c2=O)cc1,-0.8
1615,177_B3D,CCn1nnc(NC(=O)C2c3ccccc3Oc3ccccc32)n1,-0.8
1616,178_B3D,CN1CCN(Cc2ccc(Nc3ncc(Cl)c(Nc4ccccc4S(=O)(=O)N(C)C)n3)cc2)CC1,-0.8
1617,179_B3D,COc1cc2c(c(OC)c1OC)-c1ccc(OC)c(=O)cc1C(NC(C)=O)CC2,-0.8
1618,180_B3D,Cc1nc2n(c(=O)c1CCN1CCC(c3coc4cc(F)ccc34)CC1)CCCC2O,-0.8
1619,181_B3D,N[C@@H](Cc1ccc(O)c(O)c1)C(=O)O,-0.8
1620,182_B3D,N[C@H](Cc1ccccc1)C(=O)ON1CCC[C@H]1C(=O)O,-0.8
1621,183_B3D,Nc1ccn(C2CC(CO)C(CO)O2)c(=O)n1,-0.79
1622,184_B3D,C=C(C)C(=O)/C(=C\C(=O)O)OC,-0.79
1623,185_B3D,CNC(=O)c1c(NCC2CCC3(CCC3)CC2)nc(C#N)nc1OCC1CCN(C(C)=O)CC1,-0.79
1624,186_B3D,Nc1ccn([C@@H]2CC(CO)C(CO)O2)c(=O)n1,-0.79
1625,187_B3D,C/C=C/C(C)C(O)C1C(=O)NC(CC)C(=O)N(C)CC(=O)N(C)C(CC(C)C)C(=O)NC(C(C)C)C(=O)N(C)C(CC(C)C)C(=O)NC(C)C(=O)NC(C)C(=O)N(C)C(CC(C)C)C(=O)N(C)C(CC(C)C)C(=O)N(C)C(CC(C)C)C(=O)N1C,-0.78
1626,188_B3D,C/C=C/[C@@H](C)[C@@H](O)[C@@H]1C(=O)N[C@H](CC)C(=O)N(C)CC(=O)N(C)[C@H](CC(C)C)C(=O)N[C@H](C(C)C)C(=O)N(C)[C@H](CC(C)C)C(=O)N[C@H](C)C(=O)N[C@H](C)C(=O)N(C)[C@H](CC(C)C)C(=O)N(C)[C@H](CC(C)C)C(=O)N(C)[C@H](CC(C)C)C(=O)N1C,-0.78
1627,189_B3D,C/C=C/[C@@H](C)[C@@H](O)[C@H]1C(=O)N[C@@H](CC)C(=O)N(C)CC(=O)N(C)[C@@H](CC(C)C)C(=O)N[C@@H](C(C)C)C(=O)N(C)[C@@H](CC(C)C)C(=O)N[C@@H](C)C(=O)N[C@H](C)C(=O)N(C)[C@@H](CC(C)C)C(=O)N(C)[C@@H](CC(C)C)C(=O)N(C)[C@@H](CC(C)C)C(=O)N1C,-0.78
1628,190_B3D,CC=CCC(C)C(O)C1C(=O)NC(CC)C(=O)N(C)CC(=O)N(C)C(CC(C)C)C(=O)NC(C(C)C)C(=O)N(C)C(CC(C)C)C(=O)NC(C)C(=O)NC(C)C(=O)N(C)C(CC(C)C)C(=O)N(C)C(CC(C)C)C(=O)N(C)C(C(C)C)C(=O)N1C,-0.78
1629,191_B3D,Cc1c(CCOC(=O)c2cc(=O)c3c(Cl)cc(Cl)cc3[nH]2)sc[n+]1C,-0.78
1630,192_B3D,NC(Cc1ccc(O)c(O)c1)C(=O)O,-0.77
1631,193_B3D,Oc1ccc(-c2ccc3cc(O)ccc3c2Oc2ccc(OCCN3CCCCC3)cc2)cc1,-0.77
1632,194_B3D,CC1COc2c(N3CCN(C)CC3)c(F)cc3c(=O)c(C(=O)O)cn1c23,-0.76
1633,195_B3D,CC(C)(C)NC(=O)C1CN(Cc2cccnc2)CCN1CC(O)CC(Cc1ccccc1)C(=O)NC1c2ccccc2CC1O,-0.74
1634,196_B3D,CN(C)Cc1ccc(CSCCNc2[nH]cc(Cc3ccccc3)c2[N+](=O)[O-])o1,-0.73
1635,197_B3D,CN(C)Cc1ccc(SCCNc2[nH]cc(Cc3ccccc3)c2[N+](=O)[O-])o1,-0.73
1636,198_B3D,CN(C)Cc1ccc(CSCCNc2[nH]ccc2Cc2ccccc2)o1,-0.73
1637,199_B3D,CN(C)Cc1ccc(CSCCNc2cc(Cc3ccccc3)c[nH]2)o1,-0.73
1638,200_B3D,Cc1cn(C2CC(N=[N+]=[N-])C(CO)O2)c(=O)[nH]c1=O,-0.72
1639,201_B3D,CCC(CO)Nc1nc(NCc2ccccc2)c2ncn(C(C)C)c2n1,-0.72
1640,202_B3D,Cc1cn(C2CC(N=[N+]=N)C(CO)O2)c(=O)[nH]c1=O,-0.72
1641,203_B3D,Cc1cn(C2CC(NN=N)C(CO)O2)c(=O)[nH]c1=O,-0.72
1642,204_B3D,Cc1cn([C@@H]2C[C@H](N=[N+]=[N-])[C@H](CO)O2)c(=O)[nH]c1=O,-0.72
1643,205_B3D,CCCC(=O)N(c1ccccc1)C1(COC)CCN(CCn2nnn(CC)c2=O)CC1,-0.71
1644,206_B3D,S=c1nc[nH]c2nc[nH]c12,-0.71
1645,207_B3D,Cc1cn([C@H]2C[C@H](N=[N+]=[N-])[C@@H](CO)O2)c(=O)[nH]c1=O,-0.7
1646,208_B3D,C/C=C/CC(C)C(O)C1C(=O)NC(CC)C(=O)N(C)CC(=O)N(C)C(CC(C)C)C(=O)NC(C(C)C)C(=O)N(C)C(CC(C)C)C(=O)NC(C)C(=O)NC(C)C(=O)N(C)C(CC(C)C)C(=O)N(C)C(CC(C)C)C(=O)N(C)C(C(C)C)C(=O)N1C,-0.7
1647,209_B3D,C=CC1C[C@@H]2CC[C@H]1C[C@@H]2[C@@H](O)c1ccnc2ccc(OC)cc12,-0.7
1648,210_B3D,CC(C)c1nc(CN(C)C(=O)NC(C(=O)NC(Cc2ccccc2)CC(O)C(Cc2ccccc2)NC(=O)OCc2cncs2)C(C)C)cs1,-0.7
1649,211_B3D,CC1CN(C2CCC(C#N)(c3ccc(F)cc3)CC2)CCC1(C(=O)O)c1ccccc1,-0.7
1650,212_B3D,CC1N=C(N)Nc2cccc(Cl)c21,-0.7
1651,213_B3D,CCCCCCCCCCCCCCCCCCOCC(COP(=O)(O)OCC[N+](C)(C)C)OC,-0.7
1652,214_B3D,CC[C@@H](C)n1ncn(-c2ccc(N3CCN(c4ccc(OC[C@@H]5CO[C@@](CSc6nncn6C)(c6ccc(Cl)cc6)O5)cc4)CC3)cc2)c1=O,-0.7
1653,215_B3D,COc1ccc(CCN(C)CCCC(C#N)(c2ccc(OC)c(OC)c2)C(C)C)cc1OC,-0.7
1654,216_B3D,COc1ccc(CCN(C)CCC[C@](C#N)(c2ccc(OC)c(OC)c2)C(C)C)cc1OC,-0.7
1655,217_B3D,N#Cc1ccc(C(=O)N2CCN(c3ccc(OC4CCN(C5CCC5)CC4)cc3)C(=O)C2)cc1,-0.7
1656,218_B3D,Cc1nc2n(c(=O)c1CCN1CCC(c3noc4cc(F)ccc34)CC1)CCCC2O,-0.7
1657,219_B3D,CN1C2CCCC1CC(NC(=O)c1nn(C)c3ccccc13)C2,-0.69
1658,220_B3D,O=C1CC=[N+](C2CC(F)C(CO)O2)C(=O)N1,-0.69
1659,221_B3D,CNC(=O)c1c(NCC2CCC3(CCC3)CC2)nc(C#N)nc1OCC1CCNCC1,-0.67
1660,222_B3D,Cc1nc2n(c(=O)c1CCN1CCC(c3noc4cc(F)ccc34)CC1)CC(O)CC2,-0.67
1661,223_B3D,NC(=O)c1ncn(C2OC(CO)C(O)C2O)n1,-0.67
1662,224_B3D,O=C(O)c1cc[nH]c1NCCSCc1ncccc1Br,-0.67
1663,225_B3D,O=[N+]([O-])c1cc[nH]c1NCCSCc1ncccc1Br,-0.67
1664,226_B3D,NC(=O)c1cnn(C2OC(CO)C(O)C2O)n1,-0.67
1665,227_B3D,Nc1cc(N)c(N)cc1N,-0.67
1666,228_B3D,O=[N+]([O-])C1=CC=NC1NCCSCc1ncccc1Br,-0.67
1667,229_B3D,O=[N+]([O-])c1[nH]ccc1NCCSCc1ncccc1Br,-0.67
1668,230_B3D,CCn1cc(C(=O)O)c(=O)c2ccc(C)nc21,-0.66
1669,231_B3D,O=[N+]([O-])c1cc[nH]c1NCCSCc1ccccn1,-0.66
1670,232_B3D,COc1cc2nc(N3CCN(C(=O)c4ccco4)CC3)nc(C)c2cc1OC,-0.66
1671,233_B3D,Cc1cccc(COc2cccc(/C=C3\C(=O)NN(c4ccccc4)C3=O)c2)c1,-0.66
1672,234_B3D,O=C1NCC(c2ccccc2)C2(CCN(C(=O)c3cc(C(F)(F)F)cc(C(F)(F)F)c3)CC2)O1,-0.66
1673,235_B3D,O=[N+]([O-])C1=CC=NC1NCCSCc1ccccn1,-0.66
1674,236_B3D,Cc1ccc(NC2=NCCN2)c(Cl)c1,-0.65
1675,237_B3D,CCC(C)n1ncn(-c2ccc(N3CCN(c4ccc(OCC5COC(Cn6cncn6)(c6ccc(Cl)cc6Cl)O5)cc4)CC3)cc2)c1=O,-0.64
1676,238_B3D,CCC(C)n1ncn(-c2ccc(N3CCN(c4ccc(OC[C@H]5CO[C@](Cn6cncn6)(c6ccc(Cl)cc6Cl)O5)cc4)CC3)cc2)c1=O,-0.64
1677,239_B3D,COc1ccc(CCNCCCC(C#N)(c2ccc(OC)c(OC)c2)C(C)C)cc1OC,-0.64
1678,240_B3D,CC(=O)N1CCN(c2ccc(OCC3CO[C@@](Cn4ccnc4)(c4ccc(Cl)cc4Cl)O3)cc2)CC1,-0.63
1679,241_B3D,CC(=O)N1CCc2ccc(N(C(=O)/C=C/c3cccc(C#N)c3)N3CCN(CCC4CCCC4)CC3)cc21,-0.63
1680,242_B3D,CC(=O)Cc1ccc(C(=O)Nc2cc(-c3cccs3)ccc2N)cc1,-0.62
1681,243_B3D,NC(=O)C(c1ccccc1)(c1ccccc1)C1CCN(CCc2ccc3c(c2)CCO3)C1,-0.62
1682,244_B3D,NC(=O)C(c1ccccc1)(c1ccccc1)[C@@H]1CCN(CCc2ccc3c(c2)CCO3)C1,-0.62
1683,245_B3D,Cc1cn(C2CC(F)C(CO)O2)c(=O)[nH]c1=O,-0.6
1684,246_B3D,CSC(=N)N,-0.6
1685,247_B3D,COc1ccc2c3c1O[C@@H]1C(O)CC[C@@]4(O)C(C2)NCC[C@]314,-0.6
1686,248_B3D,COc1ccc2c3c1O[C@H]1[C@H](O)CC[C@@]4(O)C(C2)N(C)CC[C@]314,-0.6
1687,249_B3D,C[C@@H]1CCCN1CCCOc1ccc(N2CCN(C(=O)c3ccc(F)cc3F)CC2=O)cc1,-0.6
1688,250_B3D,O=S1(=O)N[C@H]2CCCN2c2ccccc21,-0.6
1689,251_B3D,CC(C)CC1C(=O)N2CCC[C@H]2C2O[C@](NC(=O)[C@@H]3C=C4c5cccc6[nH]c(Br)c(c56)C[C@H]4N(C)C3)(C(C)C)C(=O)N12,-0.59
1690,252_B3D,Cc1nc(N2CCc3ccccc3CC2)c([N+](=O)[O-])c(=O)[nH]1,-0.59
1691,253_B3D,NC(=O)N1c2ccccc2CC(O)c2ccccc21,-0.59
1692,254_B3D,O=C(Cc1ccc(OCc2ccccc2)cc1)Nc1ccc2ccn(CCN3CCCC3)c2c1,-0.59
1693,255_B3D,CC(=O)Nc1ccc(C(=O)Nc2ccccc2N)cc1,-0.58
1694,256_B3D,C/C(=C(\CCOC(=O)c1cc(=O)c2c(Cl)cc(Cl)cc2[nH]1)SSC(C)C)N(C=O)Cc1cnc(C)nc1N,-0.57
1695,257_B3D,Oc1cccc(-c2ccc3cc(O)ccc3c2Oc2ccc(OCCN3CCCCC3)cc2)c1,-0.57
1696,258_B3D,CC(C)CN(CC(O)C(Cc1ccccc1)NC(=O)OC1CCOC1)S(=O)(=O)c1ccc(N)cc1,-0.56
1697,259_B3D,CC(C)CN(C[C@@H](O)[C@H](Cc1ccccc1)NC(=O)O[C@@H]1CCOC1)S(=O)(=O)c1ccc(N)cc1,-0.56
1698,260_B3D,CC(C)CN(C[C@@H](O)[C@H](Cc1ccccc1)NC(=O)O[C@H]1CCOC1)S(=O)(=O)c1ccc(N)cc1,-0.56
1699,261_B3D,CN1CN(c2ccc(Br)cc2)C2(CCN(CCCC(=O)c3ccc(F)cc3)CC2)C1=O,-0.55
1700,262_B3D,CC(=O)Nc1ccc(OC[C@@H](O)CNC(C)C)cc1,-0.55
1701,263_B3D,CC(=O)OC1C(=O)[C@]2(C)[C@@H](O)C[C@H]3OCC3(OC(C)=O)[C@H]2C(OC(=O)c2ccccc2)[C@]2(O)C[C@H](OC(=O)[C@H](O)C(NC(=O)c3ccccc3)c3ccccc3)C(C)=C1C2(C)C,-0.55
1702,264_B3D,CC(C)CC(CN)CC(=O)O,-0.54
1703,265_B3D,CC1=CN2C(CC(=O)N(C)C)=C(c3ccc(C)cc3)NC2C=C1,-0.54
1704,266_B3D,Cc1ccc(C(=O)NC2CC2)cc1-c1ccc(C(=O)NCC2CC2)cc1,-0.52
1705,267_B3D,CC(=O)Nc1nnc(S(N)(=O)=O)s1,-0.52
1706,268_B3D,CN(C)c1ccc(O)c2c1C[C@H]1C[C@H]3[C@@H](N(C)C)C(=O)C(C(N)=O)=C(O)[C@@]3(O)C(=O)C1=C2O,-0.52
1707,269_B3D,CN(C)c1ccc(O)c2c1C[C@H]1C[C@H]3[C@H](N(C)C)C(=O)C(C(N)=O)=C(O)[C@@]3(O)C(=O)C1=C2O,-0.52
1708,270_B3D,CN1CCC[C@H]1Cc1c[nH]c2ccc(CCS(=O)(=O)c3ccccc3)cc12,-0.52
1709,271_B3D,COc1cc(/C=C/C(=O)NCCn2c(C)cc3ccccc32)cc(OC)c1OC,-0.52
1710,272_B3D,COc1ccc(S(=O)(=O)Nc2cc(Br)cc(F)c2Br)cc1N1CCNCC1,-0.52
1711,273_B3D,O=NN(CCCl)C(=O)NCCCl,-0.52
1712,274_B3D,O=c1[nH]c2ccc([S+]([O-])CCN3CCC(Cc4ccc(F)cc4)CC3)cc2o1,-0.52
1713,275_B3D,CCCCc1c(O)n(-c2ccccc2)n(-c2ccccc2)c1=O,-0.52
1714,276_B3D,CN(C(=O)C(c1ccccc1)c1ccccc1)C(CN1CCC(O)C1)c1ccccc1,-0.51
1715,277_B3D,O=C(CF)NCCCCCC(=O)Nc1ccccc1,-0.51
1716,278_B3D,CC(=O)Oc1ccccc1C(=O)O,-0.5
1717,279_B3D,CCCCC1C(=O)N(c2ccccc2)N(c2ccccc2)C1=O,-0.5
1718,280_B3D,COc1cc2ncnc(Nc3ccc(F)c(Cl)c3)c2cc1OCCCN1CCOCC1,-0.5
1719,281_B3D,C[C@]12C[C@@H](O)[C@H]3[C@@H](CCC4=CC(=O)CC[C@@]43C)[C@@H]1CC[C@@H]2C(=O)CO,-0.5
1720,282_B3D,NC(Cc1ccc(N(CCCl)CCCl)cc1)C(=O)O,-0.5
1721,283_B3D,CC1=C(/C=C/C(C)=C/C=C/C(C)=C\C(=O)O)C(C)(C)CCC1,-0.49
1722,284_B3D,CC(C=CC1=C(C)CCCC1(C)C)=CC=CC(C)=CC(=O)O,-0.49
1723,285_B3D,CC1=C(/C=C/C(C)=C/C=C/C(C)=C/C(=O)O)C(C)(C)CCC1,-0.49
1724,286_B3D,Cc1ccc(-c2nc3ccc(C)cn3c2CC(=O)N(C)C)cc1,-0.48
1725,287_B3D,Cc1cn(C2C=CC(CO)O2)c(=O)[nH]c1=O,-0.48
1726,288_B3D,CN(C)CCCN1c2ccccc2[S+]([O-])c2ccccc21,-0.48
1727,289_B3D,CCc1ccc(-n2cnc3c(sc4nccc(N(C)C)c43)c2=O)cc1,-0.47
1728,290_B3D,Cn1nnc2c(C(N)=O)ncn2c1=O,-0.47
1729,291_B3D,NC(=O)c1ccc(S(=O)(=O)C2CCN(CCc3ccc(F)cc3F)CC2)cc1,-0.47
1730,292_B3D,CC(=O)NCCCOc1cccc(CN2CCCCC2)c1,-0.46
1731,293_B3D,CC(C)(C)NC(=O)[C@@]1(c2c(C(=O)O)[nH]c3cc(Cl)ccc23)N2C(=O)[C@]21c1ccc(OCc2ccc(Cl)cc2)cc1,-0.46
1732,294_B3D,CNS(=O)(=O)CCc1ccc2[nH]cc(C3CCN(C)CC3)c2c1,-0.46
1733,295_B3D,O=C(c1ccc(F)cc1)N1CCN(c2ccc(OCCCN3CCCCC3)cc2)C(=O)C1,-0.46
1734,296_B3D,O=C(NCCN1CCN(c2cccc3c2OCC(CO)O3)CC1)c1ccc(F)cc1,-0.45
1735,297_B3D,O=C(NCCN1CCN(c2cccc3c2OC[C@H](CO)O3)CC1)c1ccc(F)cc1,-0.45
1736,298_B3D,O=C(O)CNC(=O)c1ccccc1O,-0.44
1737,299_B3D,CCCN(CCC)CCc1cc(O)c2c(c1)CC(=O)N2,-0.43
1738,300_B3D,CCCN(CCC)CCc1ccc(O)c2c1CC(=O)N2,-0.43
1739,301_B3D,CCN1CN(c2ccc(Br)cc2)C2(CCN(CCCC(=O)c3ccc(F)cc3)CC2)C1=O,-0.43
1740,302_B3D,CN1CCN(c2c(F)cc3c(=O)c(C(=O)O)cn(CCF)c3c2F)CC1,-0.43
1741,303_B3D,NC1(C(=O)O)CCCC1,-0.43
1742,304_B3D,CC1=C(C(=O)OC(C)(C)C)C(c2cccc([N+](=O)[O-])c2)C(C(=O)OC(C)(C)C)=C(C)N1,-0.42
1743,305_B3D,CC[C@@]1(O)C(=O)OCc2c1cc1n(c2=O)Cc2cc3c(CN(C)C)c(O)ccc3nc2-1,-0.42
1744,306_B3D,CC[S@@]1(O)C(=O)OCc2c1cc1n(c2=O)Cc2cc3cc(CN(C)C)c(O)cc3nc2-1,-0.42
1745,307_B3D,COc1cc2c(cc1CNC1CCCNC1c1ccccc1)N(S(C)(=O)=O)C(C)C2,-0.42
1746,308_B3D,N[C@@]1(C(=O)O)CC(=O)[C@@H]2[C@H]1[C@@]2(F)C(=O)O,-0.41
1747,309_B3D,CNS(=O)(=O)Cc1ccc2[nH]cc(CCN(C)C)c2c1,-0.4
1748,310_B3D,CC(C)(C)NCC(O)COc1cccc2c1CCC(=O)N2,-0.4
1749,311_B3D,C=CC#N,-0.4
1750,312_B3D,CC1CN(Cc2ncccn2)CC1c1nc2c(cnn2C2CCOCC2)c(=O)[nH]1,-0.4
1751,313_B3D,CCCN(CCC)S(=O)(=O)c1ccc(C(=O)O)cc1,-0.4
1752,314_B3D,CN1CCCCC1CCN1c2ccccc2Sc2ccc([S+](C)[O-])cc21,-0.4
1753,315_B3D,Cc1nc(NC(=O)C2c3ccccc3Oc3ccccc32)no1,-0.4
1754,316_B3D,NCCCS(=O)(=O)O,-0.4
1755,317_B3D,O=C(c1ccc(Cl)cc1)N1CCN(c2ccc(OC3CCN(C4CCC4)CC3)cc2)C(=O)C1,-0.4
1756,318_B3D,COc1cc(Nc2nn3c(NC(CO)C(C)C)cc(C4CC4)nc3c2C(N)=O)cc(OC)c1,-0.39
1757,319_B3D,Cc1ccc2c(OCCN3CCC(Cc4ccc5c(c4)NC(=O)CO5)CC3)cccc2n1,-0.39
1758,320_B3D,CC(C)(C)/[N+]([O-])=C/c1cc[n+]([O-])cc1,-0.38
1759,321_B3D,CC(C)(C)/[N+]([O-])=C\c1cc[n+]([O-])cc1,-0.38
1760,322_B3D,CC(C)(C)[N+](=O)C=C1C=CN([O-])C=C1,-0.38
1761,323_B3D,CC(C)Oc1cccc(CC(=O)N2CCC[C@](CC[N+]34CCC(c5ccccc5)(CC3)CC4)(c3ccc(Cl)c(Cl)c3)C2)c1,-0.37
1762,324_B3D,CN(C)CCC[C@@]1(c2ccc(F)cc2)OCc2cc(C#N)ccc21,-0.37
1763,325_B3D,CN(C)S(=O)(=O)c1ccc(-c2ccc3cc(O)ccc3c2Oc2ccc(OCCN3CCCCC3)cc2)cc1,-0.37
1764,326_B3D,COc1ccc(N(c2nc(C)c(C)s2)S(C)(=O)=O)cc1CNC1CCCNC1c1ccccc1,-0.37
1765,327_B3D,O=C(OCc1ccccc1)N1CCC(CNc2ncccn2)CC1,-0.37
1766,328_B3D,CC(=O)C1CSc2ccccc2N1CCC1CCCCN1C,-0.36
1767,329_B3D,CC(=O)O[C@H]1Cc2ccccc2[C@@H](C(N)=O)c2ccccc21,-0.34
1768,330_B3D,CC1c2ccccc2N(C(N)=O)c2ccccc2C1C,-0.34
1769,331_B3D,NC(=O)C1c2ccccc2C2OC2c2ccccc21,-0.34
1770,332_B3D,NC(=O)N1c2ccccc2C2CC2c2ccccc21,-0.34
1771,333_B3D,NC(=O)[C@@H]1c2ccccc2[C@@H]2O[C@@H]2c2ccccc21,-0.34
1772,334_B3D,CN1C(=O)CC[C@H]1c1cccnc1,-0.32
1773,335_B3D,Cc1nc2n(c(=O)c1CCN1CCC(c3coc4cc(F)ccc34)CC1)CCCC2,-0.32
1774,336_B3D,CC(=O)Cn1nc(-c2c(-c3ccccc3)nn3ccccc23)ccc1=O,-0.31
1775,337_B3D,CC(=O)Nc1ccc(O)cc1,-0.3
1776,338_B3D,CNCCc1ccccn1,-0.3
1777,339_B3D,Cn1c(=O)c2[nH]cnc2n(C)c1=O,-0.3
1778,340_B3D,NC(=O)N1c2ccccc2C2OC2c2ccccc21,-0.3
1779,341_B3D,ClCCl,-0.3
1780,342_B3D,CN1CC[C@]23c4c5ccc(O)c4O[C@H]2[C@@H](O)C=C[C@H]3[C@H]1C5,-0.3
1781,343_B3D,CC12CCC3c4ccc(O)cc4CCC3C1CC(F)C2O,-0.3
1782,344_B3D,CCC1(C2=CCCCC2)C(=O)NC(=O)NC1=O,-0.3
1783,345_B3D,CC(C)c1nc(-c2ncn3c2CN(C)C(=O)c2c(Cl)cccc2-3)no1,-0.3
1784,346_B3D,C[C@]12CC[C@@H]3c4ccc(O)cc4CC[C@H]3[C@@H]1C[C@H](F)[C@@H]2O,-0.3
1785,347_B3D,CC(=O)OC1C(=O)C2(C)C(O)CC3OCC3(OC(C)=O)C2C(OC(=O)c2ccccc2)C2(O)CC(OC(=O)C(O)C(NC(=O)c3ccccc3)c3ccccc3)C(C)=C1C2(C)C,-0.3
1786,348_B3D,CC(C)c1nc(-c2ncn3c2CNC(=O)c2c(Cl)cccc2-3)no1,-0.3
1787,349_B3D,CC1(C)SSC(C)(C)[C@@H](C(=O)O)NC(=O)C(Cc2ccccc2)NC(=O)CNC(=O)[C@@H]1NC(=O)C(N)Cc1ccc(O)cc1,-0.3
1788,350_B3D,CC1(C)SSC(C)(C)[C@@H](NC(=O)[C@@H](N)Cc2ccc(O)cc2)C(=O)NCC(=O)N[C@@H](Cc2ccccc2)C(=O)N[C@H]1C(=O)O,-0.3
1789,351_B3D,CC1C=Nc2c1c(=O)[nH]c(=O)n2C,-0.3
1790,352_B3D,CCC1(C)CC(=O)NC1=O,-0.3
1791,353_B3D,CCOC(=O)c1ncn2c1CN(C)C(=O)c1cc(F)ccc1-2,-0.3
1792,354_B3D,Cc1ncc2n1-c1ccc(Cl)cc1C(c1ccccc1F)=NC2O,-0.3
1793,355_B3D,Cn1cnc2c1c(=O)[nH]c(=O)n2C,-0.3
1794,356_B3D,N#Cc1cc(C2=Nc3ccc(-c4ccccc4F)cc3NC(=O)C2)ccn1,-0.3
1795,357_B3D,O=C(Nc1cc(Cl)ccc1O)Nc1cc(C(F)(F)F)ccc1Cl,-0.3
1796,358_B3D,[Li],-0.3
1797,359_B3D,CCOC(=O)N1CCC(=C2c3ccc(Cl)cc3CCc3cccnc32)CC1,-0.3
1798,360_B3D,CC[C@@]1(O)C(=O)OCc2c1cc1n(c2=O)Cc2cc3ccccc3nc2-1,-0.29
1799,361_B3D,CC[S@@]1(O)C(=O)OCc2c1cc1n(c2=O)Cc2cc3ccccc3nc2-1,-0.29
1800,362_B3D,CN1C(=O)C2N=CN=C2N(C)C1=O,-0.29
1801,363_B3D,CN1C(=O)C2NC=NC2N(C)C1=O,-0.29
1802,364_B3D,CC(=O)N1CCN(c2ccc(OC[C@H]3CO[C@](Cn4ccnc4)(c4ccc(Cl)cc4Cl)O3)cc2)CC1,-0.28
1803,365_B3D,CC(C)NCC(O)c1ccc(NS(C)(=O)=O)cc1,-0.28
1804,366_B3D,CC(Cl)Cl,-0.28
1805,367_B3D,CN(C)Cc1ccnc(-c2cccc(NC3N=CC=C3[N+](=O)[O-])c2)c1,-0.28
1806,368_B3D,CN(C)Cc1ccnc(-c2cccc(NC3NC=CC3[N+](=O)[O-])c2)c1,-0.28
1807,369_B3D,CN(C)Cc1ccnc(-c2cccc(Nc3[nH]ccc3[N+](=O)[O-])c2)c1,-0.28
1808,370_B3D,Cc1cc(Br)cc(C)c1NC1=NCCN1,-0.28
1809,371_B3D,N=C(N)SCCF,-0.27
1810,372_B3D,CN(C)Cc1ccc(-c2cccc(Nc3[nH]ccc3[N+](=O)[O-])c2)o1,-0.27
1811,373_B3D,CN(C)Cc1ccc(-c2cccc(NC3N=CC=C3[N+](=O)[O-])c2)o1,-0.27
1812,374_B3D,CN(C)c1ccc(-c2cccc(Nc3[nH]ccc3[N+](=O)[O-])c2)o1,-0.27
1813,375_B3D,CC1NC(=O)C2(CCCC2)NC1=O,-0.26
1814,376_B3D,C[C@@H]1NC(=O)C2(CCCC2)NC1=O,-0.26
1815,377_B3D,CN1CN(c2ccccc2)C2(CCN(CCCC(=O)c3csc(I)c3)CC2)C1=O,-0.25
1816,378_B3D,CN(C)C(=O)C(CCCN1CCC(O)(c2ccc(Cl)cc2)CC1)(c1ccccc1)c1ccccc1,-0.25
1817,379_B3D,CN1CN(c2ccccc2)C2(CCN(CCCC(=O)c3ccc(I)s3)CC2)C1=O,-0.25
1818,380_B3D,CN1Cc2c(C(=O)OC(C)(C)C)ncn2-c2ccsc2C1=O,-0.25
1819,381_B3D,CNC(=O)c1c(NCC2CCC3(CCC3)CC2)nc(C#N)nc1OC1CC(C)(C)NC(C)(C)C1,-0.24
1820,382_B3D,NC(=O)c1ccccc1,-0.24
1821,383_B3D,O=C(NCCCOc1cccc(CN2CCCCC2)c1)c1ccccc1,-0.24
1822,384_B3D,O=[N+]([O-])c1nccn1CCCF,-0.24
1823,385_B3D,C#CCO,-0.23
1824,386_B3D,C=CCc1ccccc1OCC(O)CNC(C)C,-0.23
1825,387_B3D,CC(C)(O)Cn1nc(-c2c(-c3ccccc3)nn3ccccc23)ccc1=O,-0.23
1826,388_B3D,C=CCC1(CC=C)C(=O)NC(=O)NC1=O,-0.22
1827,389_B3D,CCCN(CC1CC1)c1nc(C)nc2c1CCN2c1ccc(Cl)cc1Cl,-0.22
1828,390_B3D,COc1cc(N)c(Cl)cc1C(=O)NC1CCNCC1OC,-0.22
1829,391_B3D,COc1cc(N)c(Cl)cc1C(=O)N[C@@H]1CCNC[C@@H]1OC,-0.22
1830,392_B3D,COc1ccc(N2CCCC2=O)cc1CNC1CCCNC1c1ccccc1,-0.22
1831,393_B3D,C[C@]12C[C@H](O)[C@H]3[C@@H](CCC4=CC(=O)CC[C@@]43C)[C@@H]1CC[C@]2(O)C(=O)CO,-0.22
1832,394_B3D,C[C@]12C[C@H](O)[C@H]3[C@H](CCC4=CC(=O)CC[C@@]43C)[C@@H]1CC[C@]2(O)C(=O)CO,-0.22
1833,395_B3D,Cc1cccc(Cl)c1Nc1nc2ccc(N3CCNC(C)C3)nc2n2cncc12,-0.22
1834,396_B3D,Nc1nc(NC2CC2)c2ncn([C@H]3C=C[C@@H](CO)C3)c2n1,-0.22
1835,397_B3D,Nc1nc(NC2CC2)c2ncn([C@H]3C=C[C@H](CO)C3)c2n1,-0.22
1836,398_B3D,OC(Cn1cncn1)(Cn1cncn1)c1ccc(F)cc1F,-0.22
1837,399_B3D,C=C[C@H]1CN2CCC1C[C@@H]2[C@@H](O)c1ccnc2ccc(OC)cc12,-0.21
1838,400_B3D,OCC(O)CO,-0.21
1839,401_B3D,CCCC(CCC)C(=O)O,-0.2
1840,402_B3D,CN1CCC23c4c5ccc(O)c4OC2C(O)C=CC3C1C5,-0.2
1841,403_B3D,C=CC1CN2CCC1CC2C(O)c1ccnc2ccc(OC)cc12,-0.2
1842,404_B3D,CCC1(C)C(=O)NC(=O)NC1=O,-0.2
1843,405_B3D,Cn1ncnc1COc1nn2c(-c3cc(F)ccc3F)nnc2cc1C(C)(C)C,-0.2
1844,406_B3D,O=c1n(CCCN2CCN(c3cccc(Cl)c3)CC2)nc2ccccn12,-0.2
1845,407_B3D,CC(C)Cc1ccc(C(C)C(=O)O)cc1,-0.2
1846,408_B3D,CCO,-0.2
1847,409_B3D,Clc1ccc(C(Cn2ccnc2)OCc2ccsc2Cl)c(Cl)c1,-0.2
1848,410_B3D,Fc1cccc(F)c1N=C1NCCN1,-0.2
1849,411_B3D,NNCCc1ccccc1,-0.2
1850,412_B3D,O=C(Cc1ccc(OCc2ccccc2)cc1)Nc1ccc2cnn(CCN3CCCC3)c2c1,-0.2
1851,413_B3D,O=C(OCc1ccccc1)N1CCC(CNc2ccncn2)CC1,-0.2
1852,414_B3D,S=C(NC1CCCCC1)N1CCC(c2cnc[nH]2)CC1,-0.2
1853,415_B3D,NCC1(CC(=O)O)CCCCC1,-0.19
1854,416_B3D,CCNC(=O)C(C(N)=O)c1ccccc1,-0.19
1855,417_B3D,NC(=O)OCC(COC(N)=O)c1ccccc1,-0.19
1856,418_B3D,CC(C)Cc1ccc([C@@H](C)C(=O)O)cc1,-0.18
1857,419_B3D,CCC(=O)N[C@@H]1C(=O)NC(=O)NC1=NC[C@H](O)[C@H](O)[C@H](O)CO,-0.18
1858,420_B3D,CCCC(C)(COC(N)=O)COC(=O)NC,-0.18
1859,421_B3D,C[C@]12CC(O)[C@H]3[C@@H](CCC4=CC(=O)C=C[C@@]43C)[C@@H]1CC[C@]2(O)C(=O)CO,-0.18
1860,422_B3D,C[C@]12C[C@H](O)[C@H]3[C@@H](CCC4=CC(=O)C=C[C@@]43C)[C@@H]1CC[C@]2(O)C(=O)CO,-0.18
1861,423_B3D,C=CC=C,-0.17
1862,424_B3D,C=CCc1cccc(/C=N\NC(=O)CN2CCN(Cc3ccccc3)CC2)c1O,-0.17
1863,425_B3D,CC(C)CO,-0.17
1864,426_B3D,CC(N)C(=O)O,-0.17
1865,427_B3D,CC1CCN(CC[C@H]2CCCN2S(=O)(=O)c2cccc(O)c2)CC1,-0.17
1866,428_B3D,COC(=O)C1C(=O)C=C(Nc2cccc(OC(F)(F)F)c2)CC1C,-0.17
1867,429_B3D,COC(=O)[C@@H]1C(=O)C=C(Nc2cccc(OC(F)(F)F)c2)C[C@H]1C,-0.17
1868,430_B3D,C[n+]1ccccc1/C=N/O,-0.17
1869,431_B3D,O=[N+]([O-])c1nccn1CCCCCCCCF,-0.17
1870,432_B3D,CCCO,-0.16
1871,433_B3D,CCn1cc(C(=O)O)c(=O)c2cc(F)c(N3CCN(C)CC3)cc21,-0.16
1872,434_B3D,Cn1nnc2ccc(C(c3ccc(Cl)cc3)n3cncn3)cc21,-0.16
1873,435_B3D,Cn1nnc2ccc([C@H](c3ccc(Cl)cc3)n3cncn3)cc21,-0.16
1874,436_B3D,NC1=NCC2c3ccccc3Cc3ccccc3N12,-0.16
1875,437_B3D,[Kr],-0.16
1876,438_B3D,C[C@@H]1C[C@H]2[C@@H]3CCC4=CC(=O)C=C[C@]4(C)[C@@]3(F)[C@@H](O)C[C@]2(C)[C@@]1(O)C(=O)CO,-0.15
1877,439_B3D,CCCC(C)(COC(N)=O)COC(N)=O,-0.15
1878,440_B3D,CC(C)=O,-0.15
1879,441_B3D,c1ccc(-c2nnc(N3CCN(c4ncccn4)CC3)cc2-c2ccncc2)cc1,-0.15
1880,442_B3D,CCCC(=O)Nc1ccc(OCC(O)CNC(C)C)c(C(C)=O)c1,-0.15
1881,443_B3D,COc1ccc(S(C)(=O)=O)cc1CNC1CCCNC1c1ccccc1,-0.15
1882,444_B3D,O=c1c(-c2ccc(O)cc2)coc2cc(O)ccc12,-0.15
1883,445_B3D,NC(N)=O,-0.14
1884,446_B3D,CC(=O)/C=C/c1cccs1,-0.14
1885,447_B3D,CC(C)Nc1cccnc1N1CCNCC1,-0.14
1886,448_B3D,CCC1(CC)C(=O)NC(=O)NC1=O,-0.14
1887,449_B3D,CCOC(=O)c1ncn2c1CN(CCF)C(=O)c1cc(F)ccc1-2,-0.14
1888,450_B3D,ClCCCl,-0.14
1889,451_B3D,N#Cc1ccsc1C1=Nc2ccc(Cl)cc2NC(=O)C1,-0.14
1890,452_B3D,O=c1cc(NC2CCN(Cc3ccc4c(c3)CCO4)CC2)c2cc(Cl)ccc2o1,-0.14
1891,453_B3D,COC(C)=O,-0.13
1892,454_B3D,C=CCn1c2c(c3cc(C(=O)N4CCC(C)CC4)ccc31)CN(CC1CC1)CC2,-0.13
1893,455_B3D,CC(C)NCCCOc1cccc(CN2CCCCC2)c1,-0.13
1894,456_B3D,Cl/C=C\Cl,-0.13
1895,457_B3D,CCC1(c2ccccc2)C(=O)NC(=O)NC1=O,-0.12
1896,458_B3D,CC(C)(c1ccc(O)cc1)c1ccc(O)cc1,-0.12
1897,459_B3D,CC(C)n1nnc(NC(=O)C2c3ccccc3Oc3ccccc32)n1,-0.12
1898,460_B3D,CN1C[C@H](CCn2c3c(c4ccccc42)C(=O)NCC3)CC1=O,-0.12
1899,461_B3D,O=[N+]([O-])c1c(Cc2ccccc2)c[nH]c1NCCSCc1ccccn1,-0.12
1900,462_B3D,CN(C)C1CCN(Cc2ccc(C(=O)Nc3cc(-c4ccccc4)ccc3N)cc2)CC1,-0.11
1901,463_B3D,CCC1(O)CC2CN(CCc3c([nH]c4ccccc34)C(C(=O)OC)(c3cc4c(cc3OC)N(C)C3C(O)(C(=O)OC)C(OC(C)=O)C5(CC)C=CCN6CCC43C65)C2)C1,-0.1
1902,464_B3D,O=C1NC(=O)C(c2ccccc2)(c2ccccc2)N1,-0.1
1903,465_B3D,CCCC(C)C1(CC)C(=O)NC(=S)NC1=O,-0.1
1904,466_B3D,Cc1cc(=O)n(-c2ccccc2)n1C,-0.1
1905,467_B3D,CC(C)O,-0.1
1906,468_B3D,CCC(C)=O,-0.1
1907,469_B3D,CC(C)NCC(O)COc1cccc2[nH]ccc12,-0.1
1908,470_B3D,NC(=O)N1c2ccccc2C=Cc2ccccc21,-0.1
1909,471_B3D,C=CCC1(C(C)C#CCC)C(=O)NC(=O)N(C)C1=O,-0.1
1910,472_B3D,CC(=O)[C@H]1CC[C@H]2[C@@H]3CCC4=CC(=O)CC[C@]4(C)[C@H]3CC[C@]12C,-0.1
1911,473_B3D,CC(F)OC(=O)c1ncn2c1CN(C)C(=O)c1cc(F)ccc1-2,-0.1
1912,474_B3D,CN(C)Cc1ccc(-c2c[nH]c(=O)c3cccc(O)c23)cc1,-0.1
1913,475_B3D,COCCCN1CCC(NC(=O)c2cc(Cl)c(N)c3c2OCC3)CC1,-0.1
1914,476_B3D,CS(=O)(=O)c1ccc(C2=C(c3ccccc3)C(=O)OC2)cc1,-0.1
1915,477_B3D,Cc1c(I)c(=O)n(-c2ccccc2)n1C,-0.1
1916,478_B3D,Cc1cc(-c2cc(N)n3nc(-c4ccccn4)nc3c2)ccn1,-0.1
1917,479_B3D,Cc1nc(C)c(C)nc1C,-0.1
1918,480_B3D,ClCC(Cl)Cl,-0.1
1919,481_B3D,Cn1c(=O)c2c(ncn2C)n(C)c1=O,-0.1
1920,482_B3D,O=S(=O)(c1ccc2cc[nH]c2c1)N1CCCC1CCN1CCC(Oc2ccc(Cl)cc2)CC1,-0.1
1921,483_B3D,OCc1ncc2n1-c1ccc(Cl)cc1C(c1ccccc1F)=NC2,-0.1
1922,484_B3D,CC(C)(C)OC(=O)c1ncn2c1C1CCCN1C(=O)c1c(Br)cccc1-2,-0.09
1923,485_B3D,CC(C)(C)OC(=O)c1ncn2c1[C@@H]1CCCN1C(=O)c1c(Br)cccc1-2,-0.09
1924,486_B3D,CC(C)(C)OC(=O)c1ncn2c1C1CCCN1C(=O)c1cc(Br)ccc1-2,-0.09
1925,487_B3D,COC1/C=C\C=C(\C)C(=O)NC2=CC(=O)C(NCCN(C)C)=C(CC(C)CC(OC)C(O)C(C)/C=C(/C)C1OC(N)=O)C2=O,-0.09
1926,488_B3D,CO[C@H]1/C=C\C=C(/C)C(=O)NC2=CC(=O)C(NCCN(C)C)=C(C[C@H](C)C[C@@H](OC)[C@@H](O)[C@H](C)/C=C(\C)[C@@H]1OC(N)=O)C2=O,-0.09
1927,489_B3D,Cn1nc(CC(=O)NC2CC[N+]3(C)CCCC2C3)c2ccccc21,-0.08
1928,490_B3D,CC1CCN(CCC2CCN2S(=O)(=O)c2cccc(O)c2)CC1,-0.08
1929,491_B3D,CC1(C)O[C@@H]2CO[C@@]3(COS(N)(=O)=O)OC(C)(C)O[C@H]3[C@@H]2O1,-0.07
1930,492_B3D,CC1(O)NC=C2CN=C(c3ccccc3F)c3cc(Cl)ccc3N21,-0.07
1931,493_B3D,CCC1(c2ccccc2)C(=O)NCNC1=O,-0.07
1932,494_B3D,CC[C@H](C)C(=O)O[C@H]1C[C@@H](C)C=C2C=C[C@H](C)[C@H](CC[C@@H]3C[C@@H](O)CC(=O)O3)[C@H]21,-0.07
1933,495_B3D,CC[C@]1(O)C[C@@H]2CN(CCc3c([nH]c4ccccc34)[C@@](C(=O)OC)(c3cc4c(cc3OC)N(C)[C@H]3[C@@](O)(C(=O)OC)[C@H](OC(C)=O)[C@]5(CC)C=CCN6CC[C@]43[C@@H]65)C2)C1,-0.07
1934,496_B3D,COc1cc2c(cc1OC)[C@@H]1Cc3ccc(OC)c(OC)c3CN1CC2,-0.07
1935,497_B3D,COc1cc2c(cc1OC)[C@H]1Cc3ccc(OC)c(OC)c3CN1CC2,-0.07
1936,498_B3D,C=CC,-0.06
1937,499_B3D,C=CCC1(C(C)CCCC)C(=O)NC(=O)N(C)C1=O,-0.06
1938,500_B3D,CN1C2CCC1CC(OC(=O)C(CO)c1ccccc1)C2,-0.06
1939,501_B3D,CN1[C@H]2CC[C@@H]1CC(OC(=O)C(CO)c1ccccc1)C2,-0.06
1940,502_B3D,Cn1cc(-c2ccncc2)c(-c2ccc(OCc3ccc4ccccc4n3)cc2)n1,-0.06
1941,503_B3D,CN1C(=O)C2C(N=CN2C)N(C)C1=O,-0.06
1942,504_B3D,CCOc1ccccc1C(N)=O,-0.05
1943,505_B3D,Cc1c(F)c(=O)n(-c2ccccc2)n1C,-0.05
1944,506_B3D,Cc1cc(=O)n(-c2ccc(F)cc2)n1C,-0.05
1945,507_B3D,O=c1c(Br)ccc2n1CC1CNCC2C1,-0.05
1946,508_B3D,O=c1cccc2n1CC1CNC(Br)C2C1,-0.05
1947,509_B3D,O=c1cccc2n1C[C@H]1CNC(Br)[C@@H]2C1,-0.05
1948,510_B3D,CCNCc1ccc(C(=O)Nc2cc(C)n(Cc3cc(Cl)ccc3OCC(C)C)n2)cc1,-0.05
1949,511_B3D,CNCc1ccc(C(=O)Nc2cc(-c3ccccc3)ccc2N)cc1,-0.05
1950,512_B3D,CO[C@@H]1CN(CC2Cc3ccc(C#N)cc3C2)CCC1n1c(C(C)(C)O)nc2cc(C)ccc21,-0.05
1951,513_B3D,Cc1cccc(C)c1Nc1ncc(-c2cccc(OCCN3CCCC3)c2)n2cncc12,-0.05
1952,514_B3D,O=C1CCC(N2C(=O)c3ccccc3C2=O)C(=O)N1,-0.05
1953,515_B3D,CC1C=[N+](C2CC(N=[N+]=N)C(CO)O2)C(=O)NC1=O,-0.05
1954,516_B3D,CC[C@@H](C(N)=O)N1CCCC1=O,-0.04
1955,517_B3D,O=S(=O)(c1ccc2cc[nH]c2c1)N1CCCC1CCN1CCC(Oc2cccc(Cl)c2)CC1,-0.04
1956,518_B3D,Cc1cnc(N=C(N)N)s1,-0.04
1957,519_B3D,Cc1csc(N=C(N)N)n1,-0.04
1958,520_B3D,Cc1ncc(-c2csc(N=C(N)N)n2)[nH]1,-0.04
1959,521_B3D,O,-0.04
1960,522_B3D,Oc1ccc2c(c1)OCO2,-0.04
1961,523_B3D,C1CCc2nnnn2CC1,-0.03
1962,524_B3D,CN1CCCC12CCN(Cc1ccc(C(=O)Nc3cc(-c4ccccc4)ccc3N)cc1)CC2,-0.03
1963,525_B3D,Cc1ncc2n1-c1ccc(Cl)cc1C(c1ccccc1F)=N[C@@H]2O,-0.03
1964,526_B3D,O=c1[nH]c(CCCN2CCC(c3ccccc3)CC2)nc2c(Cl)cccc12,-0.03
1965,527_B3D,CCCCO,-0.02
1966,528_B3D,FC(F)=CCl,-0.02
1967,529_B3D,O=C(OCc1ccccc1)N1CCC(CNc2ccccn2)CC1,-0.02
1968,530_B3D,OCCCOc1cccc(CN2CCCCC2)c1,-0.02
1969,531_B3D,CC(C)(C)c1cnc(CSc2cnc(NC(=O)C3CCNCC3)s2)o1,-0.01
1970,532_B3D,CC(=O)N1CCN(C2CCN(C(=O)N(C)C(C)c3cc(C(F)(F)F)cc(C(F)(F)F)c3)C(c3ccc(F)cc3C)C2)CC1,-0.01
1971,533_B3D,CCC(C)(C)C(=O)O[C@H]1C[C@@H](C)C=C2C=C[C@H](C)[C@H](CC[C@@H]3C[C@@H](O)CC(=O)O3)[C@H]21,-0.01
1972,534_B3D,CCCC(C)=O,-0.01
1973,535_B3D,CCCN1CN(c2ccc(Br)cc2)C2(CCN(CCCC(=O)c3ccc(F)cc3)CC2)C1=O,-0.01
1974,536_B3D,CCN1CN(c2ccccc2)C2(CCN(CCCC(=O)c3ccc(F)cc3)CC2)C1=O,-0.01
1975,537_B3D,CCNc1cccnc1N1CCN(C(=O)c2cc3cc(OC)ccc3[nH]2)CC1,-0.01
1976,538_B3D,O=[N+]([O-])c1nccn1CC(O)CF,-0.01
1977,539_B3D,O=[N+]([O-])c1nccn1CC(O)COCF,-0.01
1978,540_B3D,c1ccc2c(c1)CCC(CNCCCNC1=NCCCN1)O2,-0.01
1979,541_B3D,Cc1nc2n(c(=O)c1CCN1CCC(c3noc4cc(F)ccc34)CC1)CCCC2,0.0
1980,542_B3D,CC(C)(C)/[N+]([O-])=C/c1ccccc1,0.0
1981,543_B3D,Cc1nnc2n1-c1ccc(Cl)cc1C(c1ccccc1)=NC2,0.0
1982,544_B3D,CCOCC,0.0
1983,545_B3D,C,0.0
1984,546_B3D,C=CCC(N)c1ccccc1-c1noc2ccccc12,0.0
1985,547_B3D,CC(=O)[C@]1(O)Cc2c(O)c3c(c(O)c2[C@@H](O[C@H]2C[C@H](N)[C@H](O)[C@H](C)O2)C1)C(=O)c1ccccc1C3=O,0.0
1986,548_B3D,CC(C)CC(N)C(=O)O,0.0
1987,549_B3D,CC12CCC(=O)C=C1CCC1C2CCC2(C)C(O)CCC12,0.0
1988,550_B3D,CCCCCc1cc(O)c2c(c1)OC(C)(C)[C@@H]1CCC(C)=C[C@@H]21,0.0
1989,551_B3D,CCOC(C)=O,0.0
1990,552_B3D,CN1CCC23CCCCC2C1Cc1ccc(O)cc13,0.0
1991,553_B3D,CN1CC[C@]23CCCC[C@H]2[C@H]1Cc1ccc(O)cc13,0.0
1992,554_B3D,COC(=O)[C@@H]1C(=O)C=C(Nc2ccc(Cl)cc2)C[C@@H]1C,0.0
1993,555_B3D,Cc1c(N(C)C)c(=O)n(-c2ccccc2)n1C,0.0
1994,556_B3D,Cc1ccnc2c1NC(=O)c1cccnc1N2C1CC1,0.0
1995,557_B3D,N#Cc1c(COc2ccccn2)nc(N)nc1-c1ccco1,0.0
1996,558_B3D,N#Cc1c(N2CCc3ccccc3CC2)ncn(CCO)c1=O,0.0
1997,559_B3D,NC(=Nc1ccccc1)Nc1ccccc1,0.0
1998,560_B3D,NC(=O)C1c2ccccc2C=Cc2ccccc21,0.0
1999,561_B3D,OCCN(CCO)c1nc(N2CCCCC2)c2nc(N(CCO)CCO)nc(N3CCCCC3)c2n1,0.0
2000,562_B3D,C1CO1,0.01
2001,563_B3D,C[C@H](Nc1cc(-c2c(-c3cccc(C(F)(F)F)c3)nc(C3CCNCC3)n2C)ccn1)c1ccccc1,0.01
2002,564_B3D,CCCCCCCC1(CC)C(=O)NC(=O)NC1=O,0.02
2003,565_B3D,C=CCOc1ccccc1OCC(O)CNC(C)C,0.02
2004,566_B3D,CO,0.02
2005,567_B3D,COc1ccc2c(c1)[C@]13CCCC[C@@H]1[C@H](C2)N(C)CC3,0.02
2006,568_B3D,O=C(CC1=NC2NN(c3ccccc3)C(=O)C2=C1CC(=O)c1cccc2ccccc12)c1cccc2ccccc12,0.02
2007,569_B3D,N#N,0.03
2008,570_B3D,[Ar],0.03
2009,571_B3D,[N-]=[N+]=O,0.03
2010,572_B3D,CCCCNC(=S)Nc1ccccc1,0.03
2011,573_B3D,N#[N+]O,0.03
2012,574_B3D,NN,0.03
2013,575_B3D,[Xe],0.03
2014,576_B3D,CC(C)CCO,0.04
2015,577_B3D,CCC(C)CO,0.04
2016,578_B3D,CCC(O)(CC(N)=O)c1ccccc1,0.04
2017,579_B3D,CCC1(CCC(C)C)C(=O)NC(=O)NC1=O,0.04
2018,580_B3D,Cl/C=C/Cl,0.04
2019,581_B3D,CCC1(CCC(C)C)CNC(=O)NC1=O,0.04
2020,582_B3D,CCn1c(C)nc(N2CCc3ccccc3CC2)c([N+](=O)[O-])c1=O,0.04
2021,583_B3D,CC(C)(C)/[N+]([O-])=C\c1ccccc1,0.05
2022,584_B3D,CC(C)(C)[N+]([O-])=Cc1ccccc1,0.05
2023,585_B3D,CCN(CC)CCOC(=O)c1ccc(N)cc1,0.05
2024,586_B3D,N[C@@H](Cc1ccc(B(O)O)cc1)C(=O)O,0.05
2025,587_B3D,CN1CCC(n2nc(-c3c(-c4ccccc4)nn4ccccc34)ccc2=O)CC1,0.06
2026,588_B3D,CN1C(=O)NC2=NCN(C)C2C1=O,0.06
2027,589_B3D,CN1C(=O)NC2N=CN(C)C2C1=O,0.06
2028,590_B3D,CCC(C)(C)O,0.07
2029,591_B3D,CCCN(CCC)c1cc(C)nc2c(-c3cnc(N(C)C)cc3C)c(C)nn12,0.07
2030,592_B3D,CC[C@@]1(O)C[C@@H]2CN(CCc3c([nH]c4ccccc34)[C@](C(=O)OC)(c3cc4c(cc3OC)N(C)C3[C@@](O)(C(=O)OC)[C@H](OC(C)=O)[C@]5(CC)C=CCN6CC[C@]43C65)C2)C1,0.07
2031,593_B3D,O=C(CCCN1CCC2(CC1)C(=O)NCN2c1ccc(Br)cc1)c1ccc(F)cc1,0.07
2032,594_B3D,CNC(=O)c1c(NCC2CCC3(CCC3)CC2)nc(C#N)nc1OCC1CCN(C(C)C)CC1,0.08
2033,595_B3D,CNC(=O)Oc1ccc2c(c1)C1(C)CCN(C)C1N2C,0.08
2034,596_B3D,CN(CC=CC#CC(C)(C)C)Cc1cccc2ccccc12,0.08
2035,597_B3D,CCOc1cc(OCCCCOc2ccc(C(=O)CC(C)C)c(O)c2)ccc1CCC(=O)O,0.08
2036,598_B3D,CNC(=O)Oc1ccc2c(c1)[C@@]1(C)CCN(C)[C@@H]1N2C,0.08
2037,599_B3D,COCCOC(=O)C1=C(C)NC(C)=C(C(=O)OC(C)C)C1c1cccc([N+](=O)[O-])c1,0.08
2038,600_B3D,FCC(Cl)(Cl)Cl,0.08
2039,601_B3D,CCCC1(CC)C(=O)NC(=O)NC1=O,0.09
2040,602_B3D,CCCCCC1(CC)C(=O)NC(=O)NC1=O,0.09
2041,603_B3D,CCN(CC)CCCC(=O)c1cc(Cl)c(N)cc1OC,0.09
2042,604_B3D,COc1ccccc1N1CCN(CCN(C(=O)c2ccc(F)cc2)c2ccccn2)CC1,0.09
2043,605_B3D,O=C(O)c1ccccc1C(=O)OC1CCc2ccccc2C1,0.09
2044,606_B3D,CN1C(=O)NC(=O)C(C)(C2=CCCCC2)C1=O,0.1
2045,607_B3D,C1CC1,0.1
2046,608_B3D,C=COC=C,0.1
2047,609_B3D,CCCC(C)C1(CC)C(=O)NC(=O)NC1=O,0.1
2048,610_B3D,CN1C(=O)CN=C(c2ccccc2F)c2cc([N+](=O)[O-])ccc21,0.1
2049,611_B3D,Cn1c(=O)[nH]c2ncn(C)c2c1=O,0.1
2050,612_B3D,CNC(=O)Oc1ccc2c(c1)[C@]1(C)CCN(C)[C@@H]1N2C,0.1
2051,613_B3D,O=C(O)c1cc(O)ccc1O,0.1
2052,614_B3D,CN(C/C=C/C#CC(C)(C)C)Cc1cccc2ccccc12,0.1
2053,615_B3D,C=CC1CC2CCC1CC2C(O)c1ccnc2ccc(OC)cc12,0.1
2054,616_B3D,C=COCC(F)(F)F,0.1
2055,617_B3D,CN1CC(C)(C2=CCCCC2)C(=O)NC1=O,0.1
2056,618_B3D,COc1ccc2cc([C@H](C)C(=O)O)ccc2c1,0.1
2057,619_B3D,Clc1cccc(Cl)c1NC1=NCCN1,0.1
2058,620_B3D,c1cc(CN2CCCCC2)cc(OCCCNc2nc3ccccc3s2)c1,0.1
2059,621_B3D,CC(C)(C)O,0.11
2060,622_B3D,CN1C2=C3N=c4ccccc4=C3CCN2C(=O)c2ccccc21,0.11
2061,623_B3D,COc1ccc(-n2nc(C)cc2C)cc1CNC1CCCNC1c1ccccc1,0.11
2062,624_B3D,COc1ccc2c3c1O[C@H]1C(=O)CC[C@@]4(O)[C@@H](C2)N(C)CC[C@]314,0.11
2063,625_B3D,C[n+]1c2n(c(=O)c3ccccc31)CCC1c3ccccc3NC21,0.11
2064,626_B3D,Cc1ccc2c(OCCN3CCC(Cc4ccc5c(c4)N(C)C(=O)CO5)CC3)cccc2n1,0.11
2065,627_B3D,Clc1cccc(Cl)c1NC1N=CCN1,0.11
2066,628_B3D,Clc1cccc(Cl)c1N[C@@H]1N=CCN1,0.11
2067,629_B3D,FC(F)OC(F)C(F)(F)F,0.11
2068,630_B3D,NCCn1ncc2cc(Cl)c(Cl)cc21,0.11
2069,631_B3D,CCCOC(C)=O,0.12
2070,632_B3D,C=COCCCCOC=C,0.12
2071,633_B3D,CCC[C@@H](C)C1(CC)C(=O)NC(=O)NC1=O,0.12
2072,634_B3D,F/C=C/O/C=C/F,0.13
2073,635_B3D,F/C=C\O/C=C/F,0.13
2074,636_B3D,FC=COC=CF,0.13
2075,637_B3D,O=C(OCc1ccccc1)N1CCC(CNc2ccncc2)CC1,0.13
2076,638_B3D,O=c1cc(NC2CCN(C/C=C/c3ccccc3)CC2)c2cc(Cl)ccc2o1,0.13
2077,639_B3D,CCN(CC)CCNC(=O)c1ccc(N)c(Cl)c1,0.14
2078,640_B3D,CNCc1ccc(NC(=O)c2cc(C)n(Cc3cc(Cl)ccc3OCc3ccccc3)n2)cc1,0.15
2079,641_B3D,OC[C@H]1OC(OC2=C(c3ccc(O)c(O)c3)OC3C=C(O)C=C(O)C3=C2)[C@H](O)[C@@H](O)[C@@H]1O,0.15
2080,642_B3D,OC[C@H]1O[C@@H](Oc2cc3c(O)cc(O)cc3[o+]c2-c2ccc(O)c(O)c2)[C@H](O)[C@@H](O)[C@@H]1O,0.15
2081,643_B3D,O=C(O)COc1ccc(Cl)cc1Cl,0.15
2082,644_B3D,CC(O)C(=O)O,0.16
2083,645_B3D,Cc1ccc(C)c(C)c1,0.16
2084,646_B3D,Clc1ccc(NC2=NCCN2)c(Cl)c1,0.16
2085,647_B3D,O=C1CCCN1CCCCN1CCN(c2cc(C(F)(F)F)cc(Cl)n2)CC1,0.16
2086,648_B3D,O=C1CCCN1CCCCN1CCN(c2cc(C(F)(F)F)ccn2)CC1,0.16
2087,649_B3D,CCC(C)(C)OC,0.17
2088,650_B3D,FC(F)(F)c1ccc(Cl)cc1,0.17
2089,651_B3D,N#Cc1cccc(-c2ccc3cc(O)ccc3c2Oc2ccc(OCCN3CCCCC3)cc2)c1,0.17
2090,652_B3D,Cc1cc(-c2ccccc2)nnc1N1CCN(c2ncccn2)CC1,0.18
2091,653_B3D,CCOc1ccc(-c2nn3ncccc3c2-c2ccc(S(C)(=O)=O)cc2)cc1,0.18
2092,654_B3D,COc1ccc2c3c1O[C@H]1C[C@@H](O)C=C[C@@]31CCNC2,0.18
2093,655_B3D,O=C1c2ccccc2S(=O)(=O)N1CCCCN[C@H]1CCc2ccccc2O1,0.18
2094,656_B3D,CCCCC1(CC)C(=O)NC(=O)NC1=O,0.19
2095,657_B3D,CC(=O)O[C@H]1C(=O)[C@@]2(C)[C@@H](O)C[C@H]3OC[C@@]3(OC(C)=O)[C@H]2[C@@H](OC(=O)c2ccccc2)[C@]2(O)C[C@H](OC(=O)[C@@H](O)[C@H](NC(=O)c3ccc(F)cc3)c3ccccc3)C(C)=C1C2(C)C,0.19
2096,658_B3D,CC(=O)O[C@H]1C(=O)[C@]2(C)[C@@H](O)C[C@H]3OC[C@@]3(OC(C)=O)[C@H]2[C@H](OC(=O)c2ccccc2)[C@]2(O)C[C@H](OC(=O)[C@H](O)[C@@H](NC(=O)c3ccc(F)cc3)c3ccccc3)C(C)=C1C2(C)C,0.19
2097,659_B3D,Nc1ccc(-c2nc3ccc(O)cc3s2)cc1I,0.2
2098,660_B3D,CCCN(CCC)CCc1cccc2c1CC(=O)N2,0.2
2099,661_B3D,CSc1ccc2c(c1)N(CCC1CCCCN1C)c1ccccc1S2,0.2
2100,662_B3D,COC(F)(F)C(Cl)Cl,0.2
2101,663_B3D,CN1CCCCC1CCN1c2ccccc2Sc2ccc(S(C)(=O)=O)cc21,0.2
2102,664_B3D,CCc1ccccc1,0.2
2103,665_B3D,C=CCC1(C(C)CCC)C(=O)NC(=O)NC1=O,0.2
2104,666_B3D,C=CCC1([C@H](C)CCC)C(=O)NC(=O)NC1=O,0.2
2105,667_B3D,CCC(=O)N(c1ccccc1)C1(COC)CCN(CCc2cccs2)CC1,0.2
2106,668_B3D,CCCCCO,0.2
2107,669_B3D,CN(C)Cc1ccccc1Sc1cc(F)c(Cl)cc1N,0.2
2108,670_B3D,CN(C)Cc1ccccc1Sc1ccc(F)cc1N,0.2
2109,671_B3D,COCCn1c(C)nc(N2CCC(c3ccc(F)cc3)CC2)c([N+](=O)[O-])c1=O,0.2
2110,672_B3D,COc1ccc2c3c1OC1CC(O)C=C(CN(C)C2)C31,0.2
2111,673_B3D,Clc1ccc(Nc2nnc(Cc3ccncc3)c3ccccc23)cc1,0.2
2112,674_B3D,FC(F)OC(F)(F)[C@H](F)Cl,0.2
2113,675_B3D,[Ne],0.2
2114,676_B3D,Cc1cccc(C)c1,0.2
2115,677_B3D,CCOC(C)(C)C,0.22
2116,678_B3D,CNCCCC1(c2ccccc2)SC(C)(C)c2ccccc21,0.22
2117,679_B3D,COc1ccc2c(c1)[C@@]13CCCC[C@@H]1[C@@H](C2)N(C)CC3,0.22
2118,680_B3D,c1cc(CN2CCCCC2)cc(OCCCNc2nc3ccccc3o2)c1,0.22
2119,681_B3D,CN1C2CC(OC(=O)C(CO)c3ccccc3)CC1C1OC12,0.23
2120,682_B3D,CN1C2CC(OC(=O)[C@@H](CO)c3ccccc3)CC1C1OC12,0.23
2121,683_B3D,CN1[C@H]2CC(OC(=O)C(CO)c3ccccc3)C[C@H]1[C@H]1O[C@@H]21,0.23
2122,684_B3D,COc1cc(/C=C/C(=O)NCCn2c(C(F)(F)F)cc3ccccc32)cc(OC)c1OC,0.23
2123,685_B3D,Cc1cccc(C)c1Nc1ncc(-c2ccc(OCCN3CCCC3)cc2)n2cncc12,0.23
2124,686_B3D,c1cc2ccc3cccc4ccc(c1)c2c34,0.23
2125,687_B3D,FC(F)OC(F)(F)C(F)Cl,0.24
2126,688_B3D,CN1CCCC1c1cccnc1,0.24
2127,689_B3D,CCCCCCCCC1(CC)C(=O)NC(=O)NC1=O,0.24
2128,690_B3D,COc1ccc(-n2nnnc2C(F)(F)F)cc1CNC1CCCNC1c1ccccc1,0.24
2129,691_B3D,CSc1ccc2c(c1)N(CC[C@H]1CCCCN1C)c1ccccc1S2,0.24
2130,692_B3D,CCCN(CCC)CCc1ccc2c(c1)CC(=O)N2,0.25
2131,693_B3D,CCCN1CCC[C@@H]2Cc3nc(N)ncc3C[C@H]21,0.25
2132,694_B3D,O=C(CCCN1CCC2(CC1)C(=O)NCN2c1ccccc1)c1ccc(F)cc1,0.26
2133,695_B3D,CCCN1CCOC2c3cc(O)ccc3CCC21,0.26
2134,696_B3D,FC(Br)C(F)(F)F,0.27
2135,697_B3D,CCCBr,0.27
2136,698_B3D,CCOC(=O)Cc1cc2c(c(N)n1)N=C(c1ccccc1)C(C)N2,0.27
2137,699_B3D,CCOC(=O)c1ccc(N)cc1,0.27
2138,700_B3D,FC(Br)CC(F)(F)F,0.27
2139,701_B3D,F[C@H](Br)C(F)(F)F,0.27
2140,702_B3D,Cc1cccc(OCC(O)CNC(C)C)c1,0.28
2141,703_B3D,CCCCOC(C)=O,0.28
2142,704_B3D,CC(C)=CCN1Cc2cc(Cl)cc3[nH]c(=S)n(c23)CC1C,0.28
2143,705_B3D,CC(C)=CCN1Cc2cc(Cl)cc3[nH]c(=S)n(c23)C[C@@H]1C,0.28
2144,706_B3D,CC1=C(CC2CCc3c(c4ccccc4n3C)C2=O)CC=N1,0.28
2145,707_B3D,Cc1nccn1CC1CCc2c(c3ccccc3n2C)C1=O,0.28
2146,708_B3D,Cl/C(=C\n1cncn1)c1ccc(Cl)cc1Cl,0.28
2147,709_B3D,ClC=C(Cl)Cl,0.3
2148,710_B3D,FC(F)(F)C(Cl)Br,0.3
2149,711_B3D,ClC(Cl)Cl,0.3
2150,712_B3D,CC(C)(C)c1nc(N2CCN(CCCSc3nccc(=O)[nH]3)CC2)cc(C(F)(F)F)n1,0.3
2151,713_B3D,CCC(NC(=O)c1c(C)c(-c2ccccc2)cc2ccccc12)c1ccccc1,0.3
2152,714_B3D,CCC(NC(=O)c1c(C)c(-c2ccccc2)nc2ccccc12)c1ccccc1,0.3
2153,715_B3D,CCCN1CC(CSC)CC2c3cccc4[nH]cc(c34)CC21,0.3
2154,716_B3D,CCCN1C[C@H](CSC)C[C@@H]2c3cccc4[nH]cc(c34)C[C@H]21,0.3
2155,717_B3D,CC[C@H](NC(=O)c1c(C)c(-c2ccccc2)nc2ccccc12)c1ccccc1,0.3
2156,718_B3D,COc1ccc(C2Sc3ccccc3N(CCN(C)C)C(=O)C2OC(C)=O)cc1,0.3
2157,719_B3D,COc1ccc([C@@H]2Sc3ccccc3N(CCN(C)C)C(=O)[C@@H]2OC(C)=O)cc1,0.3
2158,720_B3D,Cc1cc(-c2ccccc2)nnc1NCCN1CCOCC1,0.3
2159,721_B3D,Cc1cc(NC(=O)c2ccc(CN3CCCC3)cc2)nn1Cc1cc(Cl)ccc1OCC(C)C,0.3
2160,722_B3D,Cc1cn(-c2cccc(Nc3ncnc4c3CCc3ccccc3-4)c2)cn1,0.3
2161,723_B3D,Cc1nc2sccn2c(=O)c1CCN1CCC(=C(c2ccc(F)cc2)c2ccc(F)cc2)CC1,0.3
2162,724_B3D,FCOC(C(F)(F)F)C(F)(F)F,0.3
2163,725_B3D,N#Cc1cccc(C2=Nc3ccc(C#Cc4ccccc4)cc3NC(=O)C2)c1,0.3
2164,726_B3D,Nc1nc2ccc(OC(F)(F)F)cc2s1,0.3
2165,727_B3D,C=C,0.3
2166,728_B3D,CN1C(=O)CC(=O)N(c2ccccc2)c2cc(Cl)ccc21,0.3
2167,729_B3D,CCCCN1CC2Cc3cc(OC)c(OC)cc3C2C1,0.31
2168,730_B3D,COc1ccc2c3c1OC1CC(O)C=CC31CCN(C)C2,0.32
2169,731_B3D,COc1ccc2c3c1O[C@H]1C[C@@H](O)C=C[C@@]31CCN(C)C2,0.32
2170,732_B3D,Cc1nc2cc(CNC3CCCNC3c3ccccc3)c(OC(C)C)cc2s1,0.32
2171,733_B3D,c1cncc(C2CCCN2)c1,0.32
2172,734_B3D,COc1ccc2c3c1O[C@H]1C(=O)CC[C@H]4[C@@H](C2)N(C)CC[C@]314,0.32
2173,735_B3D,Cc1cnn(C2CCN(c3nc4ccccc4n3Cc3ccc(F)cc3)CC2)c1,0.32
2174,736_B3D,O=C1CN=C(c2ccccc2)c2cc([N+](=O)[O-])ccc2N1,0.32
2175,737_B3D,OC1CNCc2ccccc21,0.32
2176,738_B3D,c1cncc([C@@H]2CCCN2)c1,0.32
2177,739_B3D,Brc1cccc(Br)c1NC1=NCCN1,0.33
2178,740_B3D,CCc1cc2cc(C(=O)C3CCC(OC)CC3)ccc2nc1C,0.33
2179,741_B3D,ClCC(Cl)(Cl)Cl,0.33
2180,742_B3D,CCN(CC)CC(=O)Nc1c(C)cccc1C,0.34
2181,743_B3D,Cc1ccccc1-c1ccc(N)cc1N(C)C(=O)C(C)(C)c1cc(C(F)(F)F)cc(C(F)(F)F)c1,0.34
2182,744_B3D,FC(F)(F)CC(Cl)Br,0.35
2183,745_B3D,CN1CC[C@]23c4c5ccc(O)c4O[C@H]2C(=O)CC[C@@]3(O)[C@H]1C5,0.35
2184,746_B3D,FC(F)(F)CCC(Cl)Br,0.35
2185,747_B3D,FC(F)(F)[C@H](Cl)Br,0.35
2186,748_B3D,CCCCCCC1(CC)C(=O)NC(=O)NC1=O,0.36
2187,749_B3D,CCOC(=O)Nc1cc2c(c(N)n1)N=C(CN(C)c1ccc(OC)cc1)CN2,0.36
2188,750_B3D,COC(C)(C)C,0.36
2189,751_B3D,COc1ccc(-c2nccs2)cc1CNC1CCCNC1c1ccccc1,0.36
2190,752_B3D,Cc1ccc(Cn2c([C@H]3CNCCO3)nc3ccccc32)cc1,0.36
2191,753_B3D,Cc1nc2c(c(-n3ccc(C(F)(F)F)n3)n1)CCN2c1ccc(Cl)cc1Cl,0.36
2192,754_B3D,O=c1[nH]c(C2=CC(N3CCC(c4ccccc4)CC3)CC2)nc2c(Cl)cccc12,0.36
2193,755_B3D,CNC(=O)c1c(NCC2CCC3(CCC3)CC2)nc(C#N)nc1OCC1CCN(C)CC1,0.37
2194,756_B3D,COc1ccccc1CNC1C2CCN(CC2)C1C(c1ccccc1)c1ccccc1,0.37
2195,757_B3D,ClC(Cl)=C(Cl)Cl,0.37
2196,758_B3D,CC(C)(C)NCC(O)COc1ccccc1C#N,0.38
2197,759_B3D,CN(C)c1ccc(O)c(CNc2cccc3ccc(CO)nc23)c1,0.38
2198,760_B3D,Clc1ccc(Cl)c(N=C2NCCN2)c1,0.38
2199,761_B3D,O=c1ccc(-c2c(-c3ccccc3)nn3ccccc23)nn1CCN1CCCCC1,0.38
2200,762_B3D,CC(C)NCC(O)COc1ccc(CCOCC2CC2)cc1,0.39
2201,763_B3D,COc1cc2c(c(CNC3CCCNC3c3ccccc3)c1)OCC2,0.39
2202,764_B3D,Clc1ccc2c(c1)C1CNCC1c1ccccc1O2,0.39
2203,765_B3D,Clc1ccc2c(c1)[C@H]1CNC[C@@H]1c1ccccc1O2,0.39
2204,766_B3D,COc1cc2c(c(CN[C@H]3CCCN[C@@H]3c3ccccc3)c1)OCC2,0.39
2205,767_B3D,Cc1cccc2c1Oc1ccccc1C1(O)CNCC21,0.39
2206,768_B3D,Clc1ccc2c(c1)C1CCNCC1c1ccccc1O2,0.39
2207,769_B3D,Fc1ccc(Cn2c([C@@H]3CCCNC3)nc3ccccc32)cc1,0.39
2208,770_B3D,OCCOCCN1CCN([C@@H](c2ccccc2)c2ccc(Cl)cc2)CC1,0.39
2209,771_B3D,CC(Cl)(Cl)Cl,0.4
2210,772_B3D,O=C1CC(=O)N(c2ccccc2)c2cc(Cl)ccc2N1,0.4
2211,773_B3D,OCCOCCN1CCN(C(c2ccccc2)c2ccc(Cl)cc2)CC1,0.4
2212,774_B3D,c1ccccc1,0.4
2213,775_B3D,Cc1ccccc1,0.4
2214,776_B3D,Cc1ccc(C)cc1,0.4
2215,777_B3D,Cc1ncc2n1-c1ccc(Cl)cc1C(c1ccccc1F)=NC2,0.4
2216,778_B3D,FS(F)(F)(F)(F)F,0.4
2217,779_B3D,Cc1ccccc1C,0.4
2218,780_B3D,CC(=O)OC(C)C,0.4
2219,781_B3D,C#CC1(O)CCC2C3C(C)CC4=C(CCC(=O)C4)C3CCC21,0.4
2220,782_B3D,C#CC1(O)CCC2C3C(C)CC4=C(CCC(=O)C4)C3CCC21C,0.4
2221,783_B3D,C#C[C@]1(O)CC[C@H]2[C@H]3[C@H](CC[C@@]21C)C1=C(CC(=O)CC1)C[C@H]3C,0.4
2222,784_B3D,CCCCCOC(C)=O,0.4
2223,785_B3D,CC[C@H](C)[C@H]1O[C@@]2(CC[C@H]1C)C[C@@H]1C[C@@H](CC=C(C)[C@@H](O[C@H]3C[C@H](OC)[C@@H](O[C@H]4C[C@H](OC)[C@H](O)[C@H](C)O4)[C@H](C)O3)[C@H](C)C=CC=C3COC4[C@H](O)C(C)=C[C@@H](C(=O)O1)[C@]34O)O2,0.4
2224,786_B3D,CN1CCC[C@H]1c1cccnc1,0.4
2225,787_B3D,c1ccc(C2(N3CCCCC3)CCCCC2)cc1,0.4
2226,788_B3D,CC(C)Oc1ccc(OC(F)(F)F)cc1CNC1CCCNC1c1ccccc1,0.41
2227,789_B3D,C[C@H]1CN(c2c(F)c(N)c3c(=O)c(C(=O)O)cn(C4CC4)c3c2F)C[C@@H](C)N1,0.41
2228,790_B3D,Clc1cc(Br)cc(Cl)c1NC1=NCCN1,0.41
2229,791_B3D,FC(F)OC(Cl)C(F)(F)F,0.42
2230,792_B3D,CCCCOC(=O)c1ccc(N)cc1,0.42
2231,793_B3D,CCN(CCC#N)c1ccccc1,0.42
2232,794_B3D,COc1ccc(C=C2CCCN=C2c2cccnc2)c(OC)c1,0.42
2233,795_B3D,FC(F)O[C@H](Cl)C(F)(F)F,0.42
2234,796_B3D,N#CCCNCCc1ccccc1,0.42
2235,797_B3D,CC(C)(C)c1ccccc1,0.43
2236,798_B3D,CN(C)c1ccnc2sc3c(=O)n(C4CCCCCC4)cnc3c12,0.43
2237,799_B3D,CN(C)c1ccnc2sc3c(=O)n(N4CCCCCC4)cnc3c12,0.43
2238,800_B3D,CN1CCC[C@@H](c2nc3ccccc3n2Cc2ccc(F)cc2)C1,0.43
2239,801_B3D,O=C1Nc2ccc(Cl)cc2C(c2ccccc2Cl)=NC1O,0.44
2240,802_B3D,O=C(Nc1ccc(Cl)nc1)c1ccc(F)c(F)c1,0.44
2241,803_B3D,c1cc(CN2CCCCC2)cc(OCCCNc2nccs2)c1,0.44
2242,804_B3D,CC(=O)OCC(C)C,0.45
2243,805_B3D,C=Cc1ccccc1,0.45
2244,806_B3D,CCC(=O)OC(Cc1ccccc1)(c1ccccc1)[C@H](C)CN(C)C,0.46
2245,807_B3D,CN1CN(c2ccccc2)C2(CCN(CCCC(=O)c3ccc(F)cc3)CC2)C1=O,0.46
2246,808_B3D,COc1ccc(C(C)(C)C)cc1CNC1C2CCN(CC2)C1C(c1ccccc1)c1ccccc1,0.46
2247,809_B3D,Clc1cc(Cl)c(NC2=NCCN2)c(Cl)c1,0.47
2248,810_B3D,Nc1nnc(-c2cccc(Cl)c2Cl)c(N)n1,0.48
2249,811_B3D,CCC(C)N(C)C(=O)c1cc2ccccc2c(-c2ccccc2Cl)n1,0.48
2250,812_B3D,COc1cc2sc(C)nc2cc1CNC1CCCNC1c1ccccc1,0.48
2251,813_B3D,COc1ccc(C(C)C)cc1CNC1C2CCN(CC2)C1C(c1ccccc1)c1ccccc1,0.48
2252,814_B3D,CCN(CC)Cc1ccc2c(c1)CCC(N1CCN(CCc3ccc(F)cc3)CC1=O)C2,0.48
2253,815_B3D,O=C(NCCCCN1CCC(Oc2cccc(C(F)(F)F)c2)CC1)c1ccnc2ccccc12,0.48
2254,816_B3D,O=S(=O)(c1cccc(Cl)c1)n1ccc2c(N3CCNCC3)c(Cl)ccc21,0.48
2255,817_B3D,c1ccc2c(c1)[nH]c1cnccc12,0.48
2256,818_B3D,CCc1nc(N)nc(N)c1-c1ccc(Cl)cc1,0.49
2257,819_B3D,COc1cc2oc(C)nc2cc1CNC1CCCNC1c1ccccc1,0.49
2258,820_B3D,CN1C(=O)CN=C(c2ccccc2)c2cc(Cl)ccc21,0.5
2259,821_B3D,O=C1CC2(CCCC2)CC(=O)N1CCCCN1CCN(c2ncccn2)CC1,0.5
2260,822_B3D,CN1CCN2c3ncccc3Cc3ccccc3C2C1,0.5
2261,823_B3D,COc1ccc(CN(CCN(C)C)c2ccccn2)cc1,0.5
2262,824_B3D,O=C1CN=C(c2ccccc2)c2c(Cl)cccc2N1,0.5
2263,825_B3D,O=C1CN=C(c2ccccc2)c2cc(Cl)ccc2N1,0.5
2264,826_B3D,CC(C)=CCN1CC[C@@]2(C)c3cc(O)ccc3CC1C2C,0.51
2265,827_B3D,CCc1cc2c(s1)N(C)C(=O)CN=C2c1ccccc1Cl,0.51
2266,828_B3D,CCCCCCCCC,0.52
2267,829_B3D,Cc1cccc2c1Oc1ccccc1C1(O)CCNCC21,0.52
2268,830_B3D,C/C=C/C[C@@H](C)[C@@H](O)[C@H]1C(=O)N[C@@H](CC)C(=O)N(C)CC(=O)N(C)[C@@H](CC(C)C)C(=O)N[C@@H](C(C)C)C(=O)N(C)[C@@H](CC(C)C)C(=O)N[C@@H](C)C(=O)N[C@H](C)C(=O)N(C)[C@@H](CC(C)C)C(=O)N(C)[C@@H](CC(C)C)C(=O)N(C)[C@@H](C(C)C)C(=O)N1C,0.52
2269,831_B3D,Fc1ccc([C@@H]2CCNCC2COc2ccc3c(c2)OCO3)cc1,0.52
2270,832_B3D,CNCCCN1c2ccccc2CCc2cc(O)ccc21,0.53
2271,833_B3D,C/C(=C(\CCOC(=O)C(N)Cc1ccc(OC(=O)C(C)(C)C)c(OC(=O)C(C)(C)C)c1)SSC(C)C)N(C)C=O,0.53
2272,834_B3D,CC(C)=CCN1CCC2(C)c3cc(O)ccc3CC1C2C,0.54
2273,835_B3D,CCCOC(=O)c1ccc(N)cc1,0.55
2274,836_B3D,CN(C)c1ccccc1Sc1ccc(CCF)cc1N,0.55
2275,837_B3D,CC(=O)OCCC(C)C,0.55
2276,838_B3D,COc1ccc2c3c1O[C@H]1[C@@H](O)C=C[C@H]4C(C2)N(C)CCC341,0.55
2277,839_B3D,COc1ccc2c3c1O[C@H]1[C@@H](O)CC[C@H]4[C@@H](C2)N(C)CC[C@]314,0.55
2278,840_B3D,COc1ccc2c3c1O[C@H]1[C@H](O)C=C[C@H]4[C@@H](C2)N(C)CC[C@@]341,0.55
2279,841_B3D,CC(C)Br,0.56
2280,842_B3D,CCC1(O)CC(OC2CC(N3CCOCC3)C(O)C(C)O2)c2c(O)c3c(c(O)c2C1O)C(=O)c1cccc(O)c1C3=O,0.56
2281,843_B3D,CC[C@@]1(O)C[C@H](O[C@H]2C[C@H](N3CCOCC3)[C@H](O)[C@H](C)O2)c2c(O)c3c(c(O)c2[C@H]1O)C(=O)c1cccc(O)c1C3=O,0.56
2282,844_B3D,CN1CCN(Cc2ccc(C(=O)Nc3cc(-c4ccccc4)ccc3N)cc2)CC1,0.56
2283,845_B3D,COc1cccc(CN)c1O,0.56
2284,846_B3D,N#Cc1ccc2c(c1)CCN(CCC1CCC(NC(=O)c3ccnc4ccccc34)CC1)C2,0.56
2285,847_B3D,c1ccc2c(c1)CCNC2,0.56
2286,848_B3D,C#CCN(C)[C@H](C)Cc1ccccc1,0.57
2287,849_B3D,COC1=C2O[C@H]3C(=O)C=C[C@H]4[C@H]5CC(C=C1)C2[C@@]34CCN5C,0.57
2288,850_B3D,COc1ccc2[nH]nc(NC3CCN(Cc4ccc5c(c4)OCO5)CC3)c2c1,0.57
2289,851_B3D,Cc1ccn(CCCCN2CCN(c3cc(C(F)(F)F)nc(C(C)(C)C)n3)CC2)c(=O)c1,0.57
2290,852_B3D,Cc1nnc2n1C1CCC(Cl)CC1C(c1ccccc1Cl)=NC2,0.57
2291,853_B3D,OC(CNCC(O)C1CCc2cc(F)ccc2O1)C1CCc2cc(F)ccc2O1,0.57
2292,854_B3D,Brc1cc(Br)c(NC2=NCCN2)c(Br)c1,0.58
2293,855_B3D,CC(CF)NC[C@H](O)COc1cccc2[nH]c3ccccc3c12,0.58
2294,856_B3D,CN(c1nc2ccccc2s1)C1CCN(CC(O)COc2ccc(F)c(F)c2)CC1,0.59
2295,857_B3D,CN(c1nc2ccccc2s1)C1CCN(C[C@H](O)COc2ccc(F)c(F)c2)CC1,0.59
2296,858_B3D,COc1ccc2c3c1OC1C(O)C=CC4C(C2)N(C)CCC341,0.6
2297,859_B3D,CCC(=O)N(c1ccccc1)C1CCN(CCc2ccccc2)CC1,0.6
2298,860_B3D,COc1ccc2c3c1O[C@H]1[C@@H](O)C=C[C@H]4[C@@H](C2)N(C)CC[C@]314,0.6
2299,861_B3D,O=C1Nc2ccc(Cl)cc2C(c2ccccc2)=NC1O,0.6
2300,862_B3D,CNCCCN1c2ccccc2Sc2ccccc21,0.6
2301,863_B3D,COC(=O)C1C(OC(=O)c2ccccc2)CC2CCC1N2C,0.6
2302,864_B3D,CC1NC(=NCC(F)F)Nc2cccc(Cl)c21,0.6
2303,865_B3D,CCC12CCN(CC3(O)CC3)C(Cc3ccc(O)cc31)C2(C)C,0.6
2304,866_B3D,CCCCC1CCN(CCCN2C(=O)CCc3ccccc32)CC1,0.6
2305,867_B3D,CN(C)Cc1ccc(C(=O)Nc2ccccc2N)cc1,0.6
2306,868_B3D,COC(=O)[C@@H]1C2CCC(C[C@@H]1OC(=O)c1ccccc1)N2C,0.6
2307,869_B3D,Cc1nc(N2CCc3ccccc3CC2)c(C#N)c(=O)n1CC(F)(F)F,0.6
2308,870_B3D,Clc1ccc2c(c1)C(N1CCNCC1)=Nc1ccccc1O2,0.6
2309,871_B3D,S=C=S,0.6
2310,872_B3D,c1cnc(N2CCNCC2)nc1,0.6
2311,873_B3D,CC(C)(C)C1CCCCC1,0.61
2312,874_B3D,CC1=NC(O)C(=O)Nc2ccc(Cl)cc21,0.61
2313,875_B3D,COc1ccc(C2CNC(=O)C2)cc1OC1CCCC1,0.61
2314,876_B3D,O=C1Nc2ccc(Cl)cc2C(c2ccccc2)=N[C@H]1O,0.61
2315,877_B3D,COc1cc2sc(C3CC3)nc2cc1CNC1CCCNC1c1ccccc1,0.62
2316,878_B3D,COc1ccc(C(CN(C)C)C2(O)CCCCC2)cc1,0.62
2317,879_B3D,COc1ccc(OC(F)(F)F)cc1CNC1CCCNC1c1ccccc1,0.63
2318,880_B3D,Cc1ccc(O)c(Cn2c(NC3CCN(CCN)CC3)nc3c(C)cccc32)n1,0.63
2319,881_B3D,OC(c1cc(C(F)(F)F)nc2c(C(F)(F)F)cccc12)C1CCCCN1,0.63
2320,882_B3D,CCC(C)Nc1ccc(I)c(NC(C)CC)c1,0.64
2321,883_B3D,CN(C)CCOC(C)(c1ccccc1)c1ccccn1,0.64
2322,884_B3D,CC(C)NCC(O)COc1cccc2ccccc12,0.64
2323,885_B3D,CN(C)CCO[C@@](C)(c1ccccc1)c1ccccn1,0.64
2324,886_B3D,Clc1ccc(N2CCN(Cc3cnn4ccccc34)CC2)cc1,0.64
2325,887_B3D,CCc1nc(N)nc(N)c1-c1ccc(Cl)c(Cl)c1,0.65
2326,888_B3D,CC(C)(C)N1CCC(c2ccccc2)(c2ccccc2)CC1,0.66
2327,889_B3D,CCCCCCCCCC,0.67
2328,890_B3D,Cc1nc(Nc2ccc(F)cc2)nc(N2CCc3ccccc3C2C)c1C,0.68
2329,891_B3D,Cc1ccccc1-c1ccncc1C(=O)N(C)Cc1cc(C(F)(F)F)cc(C(F)(F)F)c1,0.68
2330,892_B3D,CCCCCCCC,0.69
2331,893_B3D,c1ccc(NCCCOc2cccc(CN3CCCCC3)c2)nc1,0.69
2332,894_B3D,CC(C)c1cccc(C(C)C)c1O,0.7
2333,895_B3D,COc1cccc([C@@]2(O)CCCC[C@@H]2CN(C)C)c1,0.7
2334,896_B3D,Cc1nnc2n1-c1ccc(Cl)cc1C(c1ccccc1Cl)=NC2,0.7
2335,897_B3D,c1ccc2c(c1)CCCN2,0.7
2336,898_B3D,CNC(=O)c1c(NCC2CCC3(CCC3)CC2)nc(C#N)nc1OCCO,0.7
2337,899_B3D,OCCN1CCN(CCCN2c3ccccc3Sc3ccc(Cl)cc32)CC1,0.7
2338,900_B3D,OCCOCCN1CCN(C2=Nc3ccccc3Sc3ccccc32)CC1,0.7
2339,901_B3D,COc1ccc(-c2nc(-c3cccc(CN(C)C)c3)n(CCO)n2)cc1,0.71
2340,902_B3D,CNCCC(Oc1ccc(C(F)(F)F)cc1)c1ccccc1,0.72
2341,903_B3D,Oc1ccc2c(Oc3ccc(OCCN4CCCCC4)cc3)c(-c3cccc(F)c3)ccc2c1,0.73
2342,904_B3D,C=CCCCCCC,0.74
2343,905_B3D,CCCCCCNC(=O)C(c1ccccc1)c1ccccc1,0.74
2344,906_B3D,CCCCN1C2CC[C@@H]1C[C@@H](OC(c1ccc(F)cc1)c1ccc(F)cc1)C2,0.74
2345,907_B3D,COc1cccc(CC2CCN(C3CCC(OC)(c4ccc5c(c4)OCO5)CC3)CC2)c1,0.74
2346,908_B3D,Cc1ncc2n1-c1ccc(Cl)cc1C(c1ccccc1Cl)=NC2,0.74
2347,909_B3D,NCc1cccc(NC(=O)c2ccc3ccccc3c2)c1,0.74
2348,910_B3D,CCCCN1[C@H]2CC[C@@H]1CC(OC(c1ccc(F)cc1)c1ccc(F)cc1)C2,0.75
2349,911_B3D,CSc1ccc2c(c1)N(CCC1CCCNC1)c1ccccc1S2,0.75
2350,912_B3D,CN(C)C(=O)C(CCN1CCC(O)(c2ccc(Cl)cc2)CC1)(c1ccccc1)c1ccccc1,0.77
2351,913_B3D,CN(C)Cc1ccc(C(=O)Nc2cc(-c3cccs3)ccc2N)cc1,0.77
2352,914_B3D,Cc1ccc(/C(=C/CN2CCCC2)c2ccccn2)cc1,0.77
2353,915_B3D,Fc1ccc(Cn2c([C@H]3CNCCO3)nc3ccccc32)cc1,0.77
2354,916_B3D,Cc1cc2c(s1)=Nc1ccccc1NC=2N1CCN(C)CC1,0.78
2355,917_B3D,CN(c1nc2ccccc2s1)C1CCN(CC(O)COc2ccc(F)cc2)CC1,0.78
2356,918_B3D,COc1cc(-n2cnc3cc(-c4ccc(Cl)cc4)sc3c2=O)ccc1OCCN1CCCC1,0.78
2357,919_B3D,COc1ccccc1N1CCN(CCCCNC(=O)c2ccc3ccccc3c2)CC1,0.78
2358,920_B3D,COCCCC/C(=N/OCCN)c1ccc(C(F)(F)F)cc1,0.79
2359,921_B3D,COCCCC/C(=N\OCCN)c1ccc(C(F)(F)F)cc1,0.79
2360,922_B3D,COCCCCC(=NOCCN)c1ccc(C(F)(F)F)cc1,0.79
2361,923_B3D,Cc1cc2c(s1)Nc1ccccc1N=C2N1CCN(C)CC1,0.8
2362,924_B3D,CCCCCCC,0.8
2363,925_B3D,CCCCC,0.8
2364,926_B3D,CCCCCC,0.8
2365,927_B3D,CSc1ccc2c(c1)N(CCC1CCCCN1)c1ccccc1S2,0.8
2366,928_B3D,CN1CCN(C2=Nc3ccccc3Oc3ccc(Cl)cc32)CC1,0.8
2367,929_B3D,CN(C)CCCN1c2ccccc2CCc2ccccc21,0.8
2368,930_B3D,CCc1ccc(-c2ccc(C(=O)N(C)C3CCN(C(=O)N4CCC(N5CCCCC5)C4)C3)cc2)cc1,0.81
2369,931_B3D,Cc1nc(N)nc(N)c1-c1ccc(Cl)c(Cl)c1,0.81
2370,932_B3D,N[C@@H]1C[C@H]1c1ccc(F)cc1,0.81
2371,933_B3D,N[C@H]1C[C@@H]1c1ccc(F)cc1,0.81
2372,934_B3D,Cc1cccc2c1Oc1ccccc1C1(O)CCN(C)CC21,0.82
2373,935_B3D,Cc1cccc2c1Oc1ccccc1[C@@]1(O)CCN(C)C[C@@H]21,0.82
2374,936_B3D,CCCC(=O)c1ccc2c(c1)N(CCCN1CCN(C)CC1)c1ccccc1S2,0.83
2375,937_B3D,CC1CCN(CCCC(=O)c2ccc(F)cc2)CC1,0.83
2376,938_B3D,CN(C)CCCN1c2ccccc2CCC2CCCCCC21,0.83
2377,939_B3D,CN(C)CCCN1c2ccccc2Cc2ccccc21,0.83
2378,940_B3D,Clc1ccc2[nH]nc(NC3CCN(Cc4ccc5c(c4)OCO5)CC3)c2c1,0.83
2379,941_B3D,CCOC(=O)C1(c2ccccc2)CCN(C)CC1,0.85
2380,942_B3D,OC(CCN1CCCCC1)(c1ccccc1)C1CC2C=CC1C2,0.85
2381,943_B3D,CC[C@H](C)C(=O)O[C@H]1C[C@H](C)C=C2C=C[C@H](C)[C@H](CC[C@@H]3C[C@@H](O)CC(=O)O3)[C@H]21,0.85
2382,944_B3D,COc1cc2sc(C(C)(C)C)nc2cc1CNC1CCCNC1c1ccccc1,0.85
2383,945_B3D,C=CCCCCCCC,0.86
2384,946_B3D,CCCCC(C)C,0.86
2385,947_B3D,CCCCCC(C)C,0.86
2386,948_B3D,COc1ccccc1CNC1CCCNC1c1ccccc1,0.87
2387,949_B3D,CCN(C)C(=O)Oc1cccc(C(C)N(C)C)c1,0.88
2388,950_B3D,CCN(C)C(=O)Oc1cccc([C@H](C)N(C)C)c1,0.88
2389,951_B3D,CN(C)Cc1ccc(C(=O)Nc2cc(-c3ccccc3)ccc2N)cc1,0.88
2390,952_B3D,COC(=O)C(c1ccccc1)C1CCCCN1,0.88
2391,953_B3D,FC(F)Oc1ccc(OC(F)(F)F)cc1CNC1CCCNC1c1ccccc1,0.88
2392,954_B3D,COc1cc2c(cc1OC)C(=O)C(CC1CCN(Cc3ccccc3)CC1)C2,0.89
2393,955_B3D,CN(Cc1cc(C(F)(F)F)cc(C(F)(F)F)c1)C(=O)c1cnccc1-c1ccccc1Cl,0.89
2394,956_B3D,Fc1ccc(Cn2c([C@H]3CNCCS3)nc3ccccc32)cc1,0.89
2395,957_B3D,CCC(=O)C(CC(C)N(C)C)(c1ccccc1)c1ccccc1,0.9
2396,958_B3D,CN(C)CCC=C1c2ccccc2CCc2ccccc21,0.9
2397,959_B3D,CCCC(C)CC,0.9
2398,960_B3D,C=C([CH]CC)CC,0.9
2399,961_B3D,C1CCCCC1,0.9
2400,962_B3D,CC1CCCC1,0.9
2401,963_B3D,CCC(=O)NC1CCC(CCN2CCN(c3cccc(Cl)c3Cl)CC2)CC1,0.9
2402,964_B3D,CCC[C@H](C)CC,0.9
2403,965_B3D,CCN(CC)CCNC(=O)c1cc(Cl)c(N)cc1OC,0.9
2404,966_B3D,CNC(C)Cc1ccccc1,0.9
2405,967_B3D,COc1ccc(-c2cc(NCCO)c3ccccc3n2)cc1,0.9
2406,968_B3D,COc1ccc(CCN2CCN(CCCc3ccccc3I)CC2)cc1OC,0.9
2407,969_B3D,CC(C)(C)c1cc(CN2CCN(CC(O)c3ccc(Cl)cc3)CC2)cc(C(C)(C)C)c1O,0.91
2408,970_B3D,CC/C(=C(\c1ccccc1)c1ccc(OCCN(C)C)cc1)c1ccccc1,0.92
2409,971_B3D,CC/C(=C(/c1ccccc1)c1ccc(OCCN(C)C)cc1)c1ccccc1,0.92
2410,972_B3D,CCC(=C(c1ccccc1)c1ccc(OCCN(C)C)cc1)c1ccccc1,0.92
2411,973_B3D,COc1ccc(C(C)C)cc1CNC1CCCNC1c1ccccc1,0.92
2412,974_B3D,Oc1ccc2c(Oc3ccc(OCCN4CCCCC4)cc3)c(-c3ccc(F)c(F)c3)ccc2c1,0.92
2413,975_B3D,O=[SH](O)(c1ccc2cc[nH]c2c1)N1CCCC1CCN1CCC(Oc2cccc(Cl)c2)CC1,0.92
2414,976_B3D,CC(N)Cc1ccccc1,0.93
2415,977_B3D,CN[C@@H](C)Cc1ccccc1,0.96
2416,978_B3D,C=CCCCCCCCC,0.96
2417,979_B3D,CC(C)(C)c1ccc(OC(F)(F)F)c(CNC2CCCNC2c2ccccc2)c1,0.96
2418,980_B3D,CC1CCCCC1,0.96
2419,981_B3D,NCCCN1c2ccccc2Sc2ccc(Cl)cc21,0.97
2420,982_B3D,CCCCCCC(C)C,0.98
2421,983_B3D,COc1ccc(C(C)(C)C)cc1CNC1CCCNC1c1ccccc1,0.98
2422,984_B3D,Ic1ccc(CN2CCCCC2)cc1CN1CCCCC1,0.98
2423,985_B3D,COc1ccc(C(C)(C)C)cc1CN[C@H]1CCCN[C@H]1c1ccccc1,0.98
2424,986_B3D,CN(C)CCCC1(c2ccc(F)cc2)OCc2cc(C#N)ccc21,0.99
2425,987_B3D,CC(CN(C)C)CN1c2ccccc2CCc2ccccc21,0.99
2426,988_B3D,CN1CCN2c3ccccc3Cc3ccccc3C2C1,0.99
2427,989_B3D,CN1CC[C@@]2(C)c3cc(OC(=O)Nc4ccccc4)ccc3N(C)[C@@H]12,1.0
2428,990_B3D,CCCC(C)C,1.0
2429,991_B3D,CC(C)(C)OC(=O)CCCc1ccc(N(CCCl)CCCl)cc1,1.0
2430,992_B3D,CCC(C)(C)C,1.0
2431,993_B3D,CCC(C)CC,1.0
2432,994_B3D,CN(C)CC/C=C1\c2ccccc2COc2ccccc21,1.0
2433,995_B3D,CN(C)CCC=C1c2ccccc2COc2ccccc21,1.0
2434,996_B3D,CN1CCC2(C)c3cc(OC(=O)Nc4ccccc4)ccc3N(C)C12,1.0
2435,997_B3D,CS(=O)(=O)NC1CCC(CCN2CCN(c3cccc(Cl)c3Cl)CC2)CC1,1.0
2436,998_B3D,N#Cc1ccc(S(=O)(=O)C2CCN(CCc3ccc(F)cc3F)CC2)cc1,1.0
2437,999_B3D,CCCCCCN1CCN(c2ccc(I)cc2)CC1,1.01
2438,1000_B3D,CC1CCC(C)C(C)C1,1.02
2439,1001_B3D,CN1CC2c3ccccc3Oc3ccc(Cl)cc3C2C1,1.03
2440,1002_B3D,CN1CCC2(O)c3ccccc3Oc3ccc(Cl)cc3C2C1,1.03
2441,1003_B3D,CN(C)CCCN1c2ccccc2CCc2ccc(Cl)cc21,1.04
2442,1004_B3D,CNCCC=C1c2ccccc2CCc2ccccc21,1.04
2443,1005_B3D,COc1ccc(Cl)cc1[C@]1(F)C(=O)Nc2cc(C(F)(F)F)ccc21,1.04
2444,1006_B3D,O=C(NCCCCN1CCC(Oc2cccc(C(F)(F)F)c2)CC1)c1ccc(Br)cc1,1.04
2445,1007_B3D,CCCCCCCC(C)C,1.05
2446,1008_B3D,CN(C)CCCN1c2ccccc2Sc2ccc(Cl)cc21,1.06
2447,1009_B3D,CN(C)CCC=C1c2ccccc2C=Cc2ccccc21,1.06
2448,1010_B3D,CN1CCC2c3cc(Cl)ccc3Oc3ccccc3C2C1,1.06
2449,1011_B3D,CC1CCCCC1C,1.07
2450,1012_B3D,CC(=O)NC1CCC(CCN2CCN(c3cccc(Cl)c3Cl)CC2)CC1,1.08
2451,1013_B3D,CCc1ccc(C(=O)C(C)CN2CCCC2)cc1,1.08
2452,1014_B3D,CNC(C)CC1CCCCC1,1.08
2453,1015_B3D,CN[C@H](C)CC1CCCCC1,1.08
2454,1016_B3D,NCCCN1c2ccccc2CCc2ccccc21,1.1
2455,1017_B3D,COc1ccc(CCN2CCC(Nc3nc4ccccc4n3Cc3ccc(F)cc3)CC2)cc1,1.1
2456,1018_B3D,CC12NC(Cc3ccccc31)c1ccccc12,1.11
2457,1019_B3D,COc1ccc(OC(F)(F)F)cc1CN[C@H]1CCCN[C@@H]1c1ccccc1,1.11
2458,1020_B3D,COc1ccc(OC(F)(F)F)cc1CN[C@H]1CCCN[C@H]1c1ccccc1,1.11
2459,1021_B3D,C[C@]12N[C@H](Cc3ccccc31)c1ccccc12,1.11
2460,1022_B3D,O=C(O)C=C1C=CC(=O)O1,1.11
2461,1023_B3D,N#Cc1ccc(OCC2CCN(C/C=C/I)CC2)cc1,1.13
2462,1024_B3D,N#Cc1ccc(OCC2CCN(CC=CI)CC2)cc1,1.13
2463,1025_B3D,O=C(CCC1CCN(Cc2ccccc2)CC1)c1ccc2c(c1)NCCCC2,1.14
2464,1026_B3D,COCCc1ccc(OCC(O)CNC(C)C)cc1,1.15
2465,1027_B3D,O=C(NCCCCN1CCC(Nc2cccc(C(F)(F)F)c2)CC1)c1ccc(Br)cc1,1.18
2466,1028_B3D,CNCCCN1c2ccccc2CCc2ccccc21,1.2
2467,1029_B3D,CCc1cccc(N=C(C)Nc2cccc(CC)c2)c1,1.2
2468,1030_B3D,CN(C)CCCN1c2ccccc2Sc2ccccc21,1.23
2469,1031_B3D,Oc1ccc2c(Oc3ccc(OCCN4CCCCC4)cc3)c(-c3ccc(F)cc3)ccc2c1,1.25
2470,1032_B3D,COc1cc2sc(-c3ccccc3)nc2cc1CNC1CCCNC1c1ccccc1,1.26
2471,1033_B3D,COc1ccc(-c2nc(-c3cccc(CN(C)C)c3)n(C)n2)cc1,1.26
2472,1034_B3D,CN(C)CCOC(c1ccccc1)c1ccccc1,1.3
2473,1035_B3D,O=C(CCCN1CCC(O)(c2ccc(Cl)cc2)CC1)c1ccc(F)cc1,1.3
2474,1036_B3D,CC(CN1c2ccccc2Sc2ccccc21)N(C)C,1.3
2475,1037_B3D,CNCCCC12CCC(c3ccccc31)c1ccccc12,1.3
2476,1038_B3D,OC(CCN1CCCCC1)(c1ccccc1)C1CCCCC1,1.32
2477,1039_B3D,CNCCCN1c2ccccc2Sc2cccc(Cl)c21,1.37
2478,1040_B3D,CC(C)CN1CCN(c2ccc(I)cc2)CC1,1.38
2479,1041_B3D,CC(C)N1CCN(c2ccc(I)cc2)CC1,1.38
2480,1042_B3D,CCC(C)N1CCN(c2ccc(I)cc2)CC1,1.38
2481,1043_B3D,COCn1nc(-c2ccc(OC)cc2)nc1-c1cccc(CN(C)C)c1,1.38
2482,1044_B3D,O=C(CCCN1CCC(O)(c2ccc(Br)cc2)CC1)c1ccc(F)cc1,1.38
2483,1045_B3D,O=C(CCN1CCC(O)(c2ccc(Br)cc2)CC1)c1ccc(F)cc1,1.38
2484,1046_B3D,CNCCCN1c2ccccc2Sc2ccc(Cl)cc21,1.4
2485,1047_B3D,CN1CCN(CCCN2c3ccccc3Sc3ccc(C(F)(F)F)cc32)CC1,1.4
2486,1048_B3D,CC(NC(C)(C)C)C(=O)c1cccc(Cl)c1,1.4
2487,1049_B3D,CC1CCN(CCCN2c3ccccc3Sc3ccc(C(F)(F)F)cc32)CC1,1.44
2488,1050_B3D,CN(C)CCCN1c2ccccc2Sc2ccc(C(F)(F)F)cc21,1.44
2489,1051_B3D,CN1CCN(CCCN2c3ccccc3Sc3cccc(C(F)(F)F)c32)CC1,1.44
2490,1052_B3D,O=C(CCCN1CCCN(c2ccc(Cl)cc2)CC1)c1ccc(F)cc1,1.48
2491,1053_B3D,OCCN1CCN(CCCN2c3ccccc3Sc3ccc(C(F)(F)F)cc32)CC1,1.5
2492,1054_B3D,CN(C)CCC(c1ccc(Cl)cc1)c1ccccn1,1.53
2493,1055_B3D,CN[C@H]1CC[C@@H](c2ccc(Cl)c(Cl)c2)c2ccccc21,1.6
2494,1056_B3D,CNC1CCC(c2ccc(Cl)c(Cl)c2)c2ccccc21,1.6
2495,1057_B3D,FC(F)(F)c1ccc(N2CCNCC2)nc1Cl,1.64
2496,1058_B3D,CC(C)c1ccc(SCCCC2CCN2C)cc1,1.7
2497,1059_B3D,BrC(Br)Br,
2498,1060_B3D,C#CC(C)(O)CC,
2499,1061_B3D,C#CC(O)(/C=C/Cl)CC,
2500,1062_B3D,C#CC(OC(N)=O)c1ccccc1,
2501,1063_B3D,C#CC1(OCC(O)CN2CCN(c3ccc(F)cc3)CC2)CCCCC1,
2502,1064_B3D,C#CCC1(OC(N)=O)CCCCC1,
2503,1065_B3D,C#CCN(C)CCCOc1ccc(Cl)cc1Cl,
2504,1066_B3D,C#CCN(C)Cc1ccccc1,
2505,1067_B3D,C#CCN1C(=O)CN=C(c2ccccc2)c2cc(Cl)ccc21,
2506,1068_B3D,C#CCN[C@@H]1CCc2ccccc21,
2507,1069_B3D,C#C[C@]1(O)CC[C@H]2C3CCC4=Cc5c(cnn5-c5ccc(F)cc5)CC4(C)[C@H]3CCC21C,
2508,1070_B3D,C#C[C@]1(O)CC[C@H]2[C@@H]3CCC4=CC(=O)CC[C@@H]4[C@H]3CC[C@@]21C,
2509,1071_B3D,C#C[C@]1(O)CC[C@H]2[C@@H]3CCc4cc(O)ccc4[C@H]3CC[C@@]21C,
2510,1072_B3D,C#C[C@]1(O)CC[C@H]2[C@@H]3CCc4cc(OC)ccc4[C@H]3CC[C@@]21C,
2511,1073_B3D,C/C(=C(/CCO)SSCC1CCCO1)N(C=O)Cc1cnc(C)nc1N,
2512,1074_B3D,C/C(=C(/CCOC(=O)c1ccccc1)SS/C(CCOC(=O)c1ccccc1)=C(\C)N(C=O)Cc1cnc(C)nc1N)N(C=O)Cc1cnc(C)nc1N,
2513,1075_B3D,C/C(=C(\CCOC(=O)c1ccccc1)SC(=O)c1ccccc1)N(C=O)Cc1cnc(C)nc1N,
2514,1076_B3D,C/C(=C(\CCOP(=O)(O)O)SC(=O)c1ccccc1)N(C=O)Cc1cnc(C)nc1N,
2515,1077_B3D,C/C(=C/CCN1CCC2(CC1)C(=O)NCN2c1ccccc1)c1ccc(F)cc1,
2516,1078_B3D,C/C(=C1/CCOC(=O)S1)N(C=O)Cc1cnc(C)nc1N,
2517,1079_B3D,C/C=C(\CC)C(=O)NC(N)=O,
2518,1080_B3D,C/C=C/C(=O)N(CC)C(CC)C(=O)N(C)C,
2519,1081_B3D,C/C=C/C(=O)N(CCC)C(CC)C(=O)N(C)C,
2520,1082_B3D,C/C=C/C1=C(C(=O)O)N2C(=O)[C@@H](NC(=O)[C@H](N)c3ccc(O)cc3)[C@H]2SC1,
2521,1083_B3D,C/C=C/C=C/C1OC(O)(C(CC)C(=O)NC/C=C/C=C(\C)C(OC)C(C)C2OC(/C=C/C=C/C=C(\C)C(=O)c3c(O)ccn(C)c3=O)C(O)C2O)C(O)C(OC2OC(C)C(OC3OC(C)C(OC)C(O)C3OC)C(OC)C2O)C1(C)C,
2522,1084_B3D,C/C=C\C1O[C@]2(C(=O)COC(=O)c3ccncc3)CC[C@@]3(O1)[C@@H]1CCC4=CC(=O)CC[C@]4(C)[C@H]1[C@@H](O)C[C@]23C,
2523,1085_B3D,C1=C(CC2=NCNC2)CCc2ccccc21,
2524,1086_B3D,C1=Cc2cccc(OCC3CNCCO3)c2C1,
2525,1087_B3D,C=C(C)CNCC(=O)N(C)c1ccc(Cl)cc1C(=O)c1ccccc1,
2526,1088_B3D,C=C(C)[C@@H]1CCC(C)=CC1c1c(O)cc(CCCCC)cc1O,
2527,1089_B3D,C=C(CC)C(=O)c1ccc(OCC(=O)O)c(Cl)c1Cl,
2528,1090_B3D,C=C1CC2C3C=CC4=CC(=O)CCC4(C)C3C(O)CC2(C)[C@@]1(O)C(=O)CO,
2529,1091_B3D,C=C1CC2C3CCC4=CC(=O)C=CC4(C)C3C(O)CC2(C)C1(O)C(=O)CO,
2530,1092_B3D,C=C1CC[C@@]2(O)[C@H]3Cc4ccc(O)c5c4[C@@]2(CCN3CC2CC2)[C@H]1O5,
2531,1093_B3D,C=C1C[C@H](C)[C@H]2[C@H]3Cc4ccc(O)cc4[C@@]2(CCN3CC2CCC2)C1,
2532,1094_B3D,C=C1C[C@H]2[C@@H]3CCC4=CC(=O)C=C[C@]4(C)[C@@]3(F)C(O)C[C@]2(C)[C@@]1(O)C(=O)CO,
2533,1095_B3D,C=C1Cc2c(CCN(CCC)CCC)ccc(O)c2N1,
2534,1096_B3D,C=C1c2c(Cl)ccc(O)c2C(O)=C2C(=O)C3(O)C(O)=C(C(N)=O)C(=O)C(N(C)C)C3C(O)C12,
2535,1097_B3D,C=C1c2cccc(O)c2C(O)=C2C(=O)[C@]3(O)C(O)=C(C(N)=O)C(=O)[C@@H](N(C)C)[C@@H]3[C@@H](O)[C@H]12,
2536,1098_B3D,C=C1c2ccccc2CN(CCCN(C)C)c2ccccc21,
2537,1099_B3D,C=CC(N)CCC(=O)O,
2538,1100_B3D,C=CC1(C(C)CCC)C(=O)NC(=O)NC1=O,
2539,1101_B3D,C=CC1=C(C(=O)O)N2C(=O)[C@@H](NC(=O)/C(=N/O)c3csc(N)n3)[C@H]2SC1,
2540,1102_B3D,C=CC1=C(C(=O)O)N2C(=O)[C@@H](NC(=O)/C(=N/OCC(=O)O)c3csc(N)n3)[C@H]2SC1,
2541,1103_B3D,C=CC1CNCCC1CCCc1ccnc2ccc(OC)cc12,
2542,1104_B3D,C=CC1O[C@@H]2CC3C4CCC5=CC(=O)C=CC5(C)C4(F)C(O)CC3(C)[C@]2(C(=O)CO)O1,
2543,1105_B3D,C=CCC(CC)(CC)C(N)=O,
2544,1106_B3D,C=CCC(N)Cc1ccccc1,
2545,1107_B3D,C=CCC1(C(C)C)C(=O)NC(=O)NC1=O,
2546,1108_B3D,C=CCC1(C(C)CC)C(=O)NC(=O)NC1=O,
2547,1109_B3D,C=CCC1(C(C)CCC)C(=O)NC(=S)NC1=O,
2548,1110_B3D,C=CCC1(C2C=CCCC2)C(=O)NC(=S)NC1=O,
2549,1111_B3D,C=CCC1(CC(=C)Br)C(=O)NC(=O)NC1=O,
2550,1112_B3D,C=CCC1(CC(C)(C)C)C(=O)NC(=O)NC1=O,
2551,1113_B3D,C=CCC1(CC(C)C)C(=O)NC(=O)NC1=O,
2552,1114_B3D,C=CCC1(CC(C)O)C(=O)NC(=O)NC1=O,
2553,1115_B3D,C=CCN1C(=O)C(CC(C)C)NC1=S,
2554,1116_B3D,C=CCN1C(=O)OC(C)C1=O,
2555,1117_B3D,C=CCN1CCC23c4c5ccc(O)c4OC2C2(OC)C=CC3(CC2[C@](C)(O)CCC)C1C5,
2556,1118_B3D,C=CCN1CCC23c4c5ccc(OC(C)=O)c4OC2C(OC(C)=O)C=CC3C1C5,
2557,1119_B3D,C=CCN1CCCC1CNC(=O)c1cc(S(=O)(=O)NC)c(N)cc1OC,
2558,1120_B3D,C=CCN1CCCC1CNC(=O)c1cc(S(N)(=O)=O)cc(OC)c1OC,
2559,1121_B3D,C=CCN1CC[C@]23CCCC[C@H]2[C@H]1Cc1ccc(O)cc13,
2560,1122_B3D,C=CCN1CC[C@]23c4c5ccc(O)c4O[C@H]2[C@@H](O)C=C[C@H]3[C@H]1C5,
2561,1123_B3D,C=CCN1C[C@H](C(=O)N(CCCN(C)C)C(=O)NCC)C[C@@H]2c3cccc4[nH]cc(c34)C[C@H]21,
2562,1124_B3D,C=CCONC1=Nc2ccc(Cl)cc2C(c2ccccc2Cl)=NC1,
2563,1125_B3D,C=CCSCC(=O)NC1C(=O)N2C1SC(C)(C)C2C(=O)O,
2564,1126_B3D,C=CC[C@@H]1/C=C(\C)C[C@H](C)C[C@H](OC)[C@H]2O[C@@](O)(C(=O)C(=O)N3CCCC[C@H]3C(=O)O[C@H](/C(C)=C/[C@@H]3CC[C@@H](O)[C@H](OC)C3)[C@H](C)[C@@H](O)CC1=O)[C@H](C)C[C@@H]2OC,
2565,1127_B3D,C=CC[C@H](N)c1ccccc1-c1noc2ccccc12,
2566,1128_B3D,C=C[C@@H]1CNCC[C@H]1CCCc1ccnc2ccc(OC)cc12,
2567,1129_B3D,C=C[C@H]1CN2CC[C@@H]1C[C@H]2[C@H](O)c1ccnc2ccc(OC)cc12,
2568,1130_B3D,C=NC(C(=O)NC1C(=O)N2C1SC(C)(C)C2C(=O)O)c1ccccc1,
2569,1131_B3D,CC#C[C@]1(O)CC[C@H]2[C@@H]3CCC4=CC(=O)CCC4=C3[C@@H](c3ccc(N(C)C)cc3)C[C@@]21C,
2570,1132_B3D,CC(=O)C1(O)CCC2C3CCC4=CC(=O)C=CC4(C)C3C(O)CC21C,
2571,1133_B3D,CC(=O)C12OC(C)(C)OC1CC1C3CCC4=CC(=O)CCC4(C)C3CCC12C,
2572,1134_B3D,CC(=O)C1=C(O)[C@@]2(O)C(=O)c3c(c(C)c4ccc(C)c(O)c4c3O)C[C@H]2[C@@H](N)C1=O,
2573,1135_B3D,CC(=O)C1CCC2C3CC(C)C4=CC(=O)C=CC4(C)C3C(O)CC12C,
2574,1136_B3D,CC(=O)C1CCC2C3CC=C4CC(OC(=O)CCC(=O)O)CCC4(C)C3CCC12C,
2575,1137_B3D,CC(=O)N1CCN(C(=O)Cc2cc(F)cc(F)c2)[C@@H](CN2CC[C@@H](O)C2)C1,
2576,1138_B3D,CC(=O)N1CCN(C(=O)Cc2ccc(C(F)(F)F)cc2)[C@@H](CN2CC[C@@H](O)C2)C1,
2577,1139_B3D,CC(=O)N1CCN(C(=O)Cc2ccc(Cl)c(Cl)c2)[C@@H](CN2CCCC2)C1,
2578,1140_B3D,CC(=O)N1CCN(C(=O)Cc2ccc(Cl)c(Cl)c2)[C@@H](CN2CC[C@@H](O)C2)C1,
2579,1141_B3D,CC(=O)N1CCN(C(=O)Cc2ccc(S(C)(=O)=O)cc2)[C@@H](CN2CC[C@H](O)C2)C1,
2580,1142_B3D,CC(=O)N1CCN(C(=O)Cc2ccc([N+](=O)[O-])cc2)[C@@H](CN2CC[C@H](O)C2)C1,
2581,1143_B3D,CC(=O)N1CCN(C(=O)Cc2ccc([S@@+](C)[O-])cc2)[C@@H](CN2CC[C@H](O)C2)C1,
2582,1144_B3D,CC(=O)N1CCN(C(=O)Cc2cccc([N+](=O)[O-])c2)[C@@H](CN2CC[C@H](O)C2)C1,
2583,1145_B3D,CC(=O)N1CCN(C(=O)Cc2ccccc2)[C@@H](CN2CC[C@@H](O)C2)C1,
2584,1146_B3D,CC(=O)NC(CCC(N)=O)C(=O)O,
2585,1147_B3D,CC(=O)NCC1(c2ccccc2)CCN(CCCC(=O)c2ccc(F)cc2)CC1,
2586,1148_B3D,CC(=O)NCCCN1CCN(c2cc(Cl)ccc2Cl)CC1,
2587,1149_B3D,CC(=O)NCCC[C@H](NC(C)=O)C(=O)O,
2588,1150_B3D,CC(=O)NCCn1c(C)cc(C=O)c1C,
2589,1151_B3D,CC(=O)NNC(=O)CC(O)(c1ccccc1)c1ccccc1,
2590,1152_B3D,CC(=O)Nc1c(I)c(NC(C)=O)c(I)c(C(=O)O)c1I,
2591,1153_B3D,CC(=O)Nc1ccc(OC(=O)[C@@H]2CCC(=O)N2)cc1,
2592,1154_B3D,CC(=O)Nc1ccc(OC(=O)c2ccccc2O)cc1,
2593,1155_B3D,CC(=O)Nc1ccc(OC(C)(C)C)cc1,
2594,1156_B3D,CC(=O)Nc1cccc(O)c1,
2595,1157_B3D,CC(=O)OC(c1ccccc1)C1CCCCN1,
2596,1158_B3D,CC(=O)OC1/C=C/C(C)=C/CC(O)/C=C/C(C)=C/C(NC(=O)C(C)=O)C2(C)C(=O)OC(C1)C(C)C2=O,
2597,1159_B3D,CC(=O)OC1CC[C@@]2(C)C([C@@H]1Br)[C@H](Br)C[C@@H]1[C@@H]2CC[C@@]2(C)[C@H]1CC[C@@H]2[C@H](C)CCCC(C)C,
2598,1160_B3D,CC(=O)OCC(=O)C1(O)C(C)CC2C3CC(F)(F)C4=CC(=O)C=CC4(C)C3(F)C(O)CC21C,
2599,1161_B3D,CC(=O)OCC(=O)C12N=C(C)OC1CC1C3CCC4=CC(=O)C=CC4(C)[C@@]3(F)C(O)CC12C,
2600,1162_B3D,CC(=O)OCC(=O)OCC/C(SC(=O)c1ccco1)=C(/C)N(C=O)Cc1cnc(C)nc1N,
2601,1163_B3D,CC(=O)OCC(=O)[C@@]1(O)CCC2C3CCC4=CC(=O)C=CC4(C)[C@@]3(Cl)C(Cl)CC21C,
2602,1164_B3D,CC(=O)OCC(=O)[C@@]1(O)CC[C@H]2[C@@H]3CCC4=CC(=O)C=C[C@]4(C)[C@@]3(F)[C@@H](O)C[C@@]21C,
2603,1165_B3D,CC(=O)OCC(=O)[C@@]1(O)CC[C@H]2[C@@H]3CCC4=CC(=O)C=C[C@]4(C)[C@H]3[C@@H](O)C[C@@]21C,
2604,1166_B3D,CC(=O)OCC(=O)[C@@]1(O)CC[C@H]2[C@@H]3CCC4=CC(=O)CC[C@]4(C)[C@@]3(F)[C@@H](O)C[C@@]21C,
2605,1167_B3D,CC(=O)OCC(=O)[C@@]1(O)CC[C@H]2[C@@H]3CCC4=CC(=O)CC[C@]4(C)[C@H]3C(=O)C[C@@]21C,
2606,1168_B3D,CC(=O)OCC(=O)[C@@]1(O)CC[C@H]2[C@@H]3CCC4=CC(=O)CC[C@]4(C)[C@H]3[C@@H](O)C[C@@]21C,
2607,1169_B3D,CC(=O)OCC(=O)[C@@]1(O)CC[C@H]2[C@@H]3C[C@H](C)C4=CC(=O)C=C[C@]4(C)[C@H]3[C@@H](O)C[C@@]21C,
2608,1170_B3D,CC(=O)OCC(=O)[C@@]1(O)CC[C@H]2[C@@H]3C[C@H](Cl)C4=CC(=O)C=C[C@]4(C)[C@H]3C(=O)C[C@@]21C,
2609,1171_B3D,CC(=O)OCC(=O)[C@@]1(O)[C@@H](C)C[C@H]2[C@@H]3CCC4=CC(=O)C=C[C@]4(C)[C@@]3(F)[C@@H](O)C[C@@]21C,
2610,1172_B3D,CC(=O)OCC(=O)[C@@]1(O)[C@H](C)C[C@H]2[C@@H]3C=C(C)C4=Cc5c(cnn5-c5ccccc5)C[C@]4(C)[C@H]3[C@@H](O)C[C@@]21C,
2611,1173_B3D,CC(=O)OCC(=O)[C@@]1(O)[C@H](C)C[C@H]2[C@@H]3C[C@H](F)C4=CC(=O)C=C[C@]4(C)[C@H]3[C@@H](O)C[C@@]21C,
2612,1174_B3D,CC(=O)OCC(=O)[C@@]1(O)[C@H](OC(C)=O)C[C@H]2[C@@H]3CCC4=CC(=O)C=C[C@]4(C)[C@@]3(F)[C@@H](O)C[C@@]21C,
2613,1175_B3D,CC(=O)OCC(=O)[C@@]1(OC(=O)C(C)C)[C@@H](C)C[C@H]2[C@@H]3CCC4=CC(=O)C=C[C@]4(C)[C@@]3(F)[C@@H](O)C[C@@]21C,
2614,1176_B3D,CC(=O)OCC(=O)[C@@]1(OC(=O)c2ccco2)[C@H](C)C[C@H]2[C@@H]3CCC4=CC(=O)C=C[C@]4(C)[C@@]3(F)[C@@H](O)C[C@@]21C,
2615,1177_B3D,CC(=O)OCC(=O)[C@@]1(OC(C)=O)[C@@H](C)C[C@H]2[C@@H]3C[C@H](F)C4=CC(=O)C=C[C@]4(C)[C@@]3(F)[C@@H](O)C[C@@]21C,
2616,1178_B3D,CC(=O)OCC(=O)[C@@]12N=C(C)O[C@@H]1C[C@H]1[C@@H]3CCC4=CC(=O)C=C[C@]4(C)[C@H]3[C@@H](O)C[C@@]12C,
2617,1179_B3D,CC(=O)OCC(=O)[C@@]12OC(C)(C)O[C@@H]1CC1C3CC(C=O)=C4C=C(OCCCl)CCC4(C)[C@@]3(F)C(O)CC12C,
2618,1180_B3D,CC(=O)OCC(=O)[C@@]12OC(C)(C)O[C@@H]1CC1C3C[C@H](F)C4=CC(=O)C=CC4(C)[C@H]3C(O)CC12C,
2619,1181_B3D,CC(=O)OCC(=O)[C@@]12OC(C)(C)O[C@@H]1C[C@H]1C3CC(C#N)=C4C=C(OCCCl)CCC4(C)[C@@]3(F)C(O)CC12C,
2620,1182_B3D,CC(=O)OCC(=O)[C@@]12OC(C)(C)O[C@@H]1C[C@H]1[C@@H]3C[C@H](F)C4=CC(=O)C=C[C@]4(C)[C@@]3(F)[C@@H](O)C[C@@]12C,
2621,1183_B3D,CC(=O)OCC(=O)[C@@]12OC3(CCCC3)O[C@@H]1C[C@H]1[C@@H]3CCC4=CC(=O)C=C[C@]4(C)[C@@]3(F)[C@@H](O)C[C@@]12C,
2622,1184_B3D,CC(=O)OCC(=O)[C@H]1[C@H](C)C[C@H]2[C@@H]3C[C@H](F)C4=CC(=O)C=C[C@]4(C)C3(Cl)[C@@H](O)C[C@@]21C,
2623,1185_B3D,CC(=O)OCC/C(SC(C)=O)=C(/C)N(C=O)Cc1cnc(C)nc1N,
2624,1186_B3D,CC(=O)OCC1=C(C(=O)O)N2C(=O)[C@@H](NC(=O)CCC[C@@H](N)C(=O)O)[C@H]2SC1,
2625,1187_B3D,CC(=O)OCC1=C(C(=O)O)N2C(=O)[C@@H](NC(=O)CSc3ccncc3)[C@H]2SC1,
2626,1188_B3D,CC(=O)OCC1=C(C(=O)O)N2C(=O)[C@@H](NC(=O)Cc3ccccc3)[C@H]2SC1,
2627,1189_B3D,CC(=O)OCC1=C(C(=O)O)N2C(=O)[C@@H](NC(=O)Cc3cccs3)[C@H]2SC1,
2628,1190_B3D,CC(=O)OCC1=C(C(=O)O)N2C(=O)[C@@H](NC(=O)[C@H](N)c3ccccc3)[C@H]2SC1,
2629,1191_B3D,CC(=O)OCC1=C(C(=O)O)N2C(=O)[C@@H](NC(=O)c3c(-c4ccccc4Cl)noc3C)[C@H]2SC1,
2630,1192_B3D,CC(=O)OCC1=C(C(=O)O)N2C(=O)[C@H](NC(=O)CC#N)[C@@H]2SC1,
2631,1193_B3D,CC(=O)OCC1=CO[C@@H](OC(=O)CC(C)C)[C@H]2C1=C[C@H](OC(=O)CC(C)(C)OC(C)=O)[C@]21CO1,
2632,1194_B3D,CC(=O)OCC1=CO[C@@H](OC(=O)CC(C)C)[C@H]2C1=C[C@H](OC(=O)CC(C)C)[C@]21CO1,
2633,1195_B3D,CC(=O)OCCN1CCN(CCCN2c3ccccc3Sc3ccc(Cl)cc32)CC1,
2634,1196_B3D,CC(=O)OCOC(=O)C1N2C(=O)C(NC(=O)Cc3ccccc3)C2SC1(C)C,
2635,1197_B3D,CC(=O)O[C@@H](C)C(=O)[C@@]1(O)CC[C@H]2[C@@H]3CCC4=CC(=O)C=C[C@]4(C)[C@@]3(F)[C@@H](O)C[C@@]21C,
2636,1198_B3D,CC(=O)O[C@@]12CO[C@@H]1C[C@H](O)[C@@]1(C)C(=O)[C@H](O)C3=C(C)[C@@H](OC(=O)[C@H](O)[C@@H](NC(=O)OC(C)(C)C)c4ccccc4)C[C@@](O)([C@@H](OC(=O)c4ccccc4)[C@@H]12)C3(C)C,
2637,1199_B3D,CC(=O)O[C@H]1C(=O)[C@@]2(C)C([C@H](OC(=O)c3ccccc3)[C@]3(O)C[C@H](OC(=O)[C@H](O)[C@@H](NC(=O)c4ccccc4)c4ccccc4)C(C)=C1C3(C)C)[C@]1(OC(C)=O)CO[C@@H]1C[C@@H]2O,
2638,1200_B3D,CC(=O)O[C@H]1C[C@@H]2C(COC(=O)CC(C)C)=CO[C@@H](OC(=O)CC(C)C)[C@@H]2[C@@]12CO2,
2639,1201_B3D,CC(=O)O[C@H]1C[C@@]2(C)[C@@H](C[C@@H](O)[C@H]3[C@@]4(C)CC[C@@H](O)[C@@H](C)[C@@H]4CC[C@@]32C)/C1=C(\CCC=C(C)C)C(=O)O,
2640,1202_B3D,CC(=O)O[C@]1(C(C)=O)CC[C@H]2[C@@H]3C[C@H](C)C4=CC(=O)C=C[C@]4(C)[C@@]3(F)[C@@H](O)C[C@@]21C,
2641,1203_B3D,CC(=O)Oc1ccc2c3c1O[C@H]1[C@@H](OC(C)=O)C=C[C@H]4[C@@H](C2)N(C)CC[C@]314,
2642,1204_B3D,CC(=O)[C@@]1(O)CC[C@H]2[C@@H]3C[C@H](C)C4=CC(=O)C=C[C@]4(C)[C@@]3(F)[C@@H](O)C[C@@]21C,
2643,1205_B3D,CC(=O)[C@@]1(O)[C@@H](C)C[C@H]2[C@@H]3CCC4=CC(=O)C=C[C@]4(C)[C@@]3(F)[C@@H](O)C[C@@]21C,
2644,1206_B3D,CC(=O)[C@@]1(O)[C@H](O)C[C@H]2[C@@H]3CCC4=CC(=O)C=C[C@]4(C)[C@@]3(F)[C@@H](O)C[C@@]21C,
2645,1207_B3D,CC(=O)[C@@]1(O)[C@H](O)C[C@H]2[C@@H]3CCC4=CC(=O)CC[C@]4(C)[C@H]3CC[C@@]21C,
2646,1208_B3D,CC(=O)[C@H]1CC[C@H]2[C@@H]3CC[C@@H]4C[C@H](O)CC[C@]4(C)[C@H]3CC[C@]12C,
2647,1209_B3D,CC(=O)[C@H]1CC[C@H]2[C@@H]3CC[C@H]4C[C@H](O)CC[C@]4(C)[C@H]3C(=O)C[C@]12C,
2648,1210_B3D,CC(=O)[C@H]1CC[C@H]2[C@@H]3CC[C@H]4C[C@](C)(O)CC[C@]4(C)[C@H]3CC[C@]12C,
2649,1211_B3D,CC(=O)[C@H]1CC[C@H]2[C@@H]3C[C@@H](O)C45CC4CC[C@]5(C)[C@H]3CC[C@]12C,
2650,1212_B3D,CC(=O)[C@H]1CC[C@H]2[C@@H]3C[C@H](C)C4=CC(=O)CC[C@]4(C)[C@H]3[C@@H](O)C[C@]12C,
2651,1213_B3D,CC(=O)[C@]1(N)Cc2c(O)c3c(c(O)c2[C@@H](O[C@H]2C[C@H](O)[C@H](O)CO2)C1)C(=O)c1ccccc1C3=O,
2652,1214_B3D,CC(=O)[C@]1(O)Cc2c(O)c3c(c(O)c2C(OC2CC(N)C(O)C(C)O2)C1)C(=O)c1c(O)cccc1C3=O,
2653,1215_B3D,CC(=O)c1ccc(C(O)C(CO)NC(=O)C(Cl)Cl)cc1,
2654,1216_B3D,CC(=O)c1ccc2c(c1)N(CC(C)N(C)C)c1ccccc1S2,
2655,1217_B3D,CC(=O)c1ccc2c(c1)N(CCCN(C)C)c1ccccc1S2,
2656,1218_B3D,CC(=O)c1ccc2c(c1)N(CCCN1CCC(CCO)CC1)c1ccccc1S2,
2657,1219_B3D,CC(=O)c1ccc2c(c1)N(CCCN1CCN(CCO)CC1)c1ccccc1S2,
2658,1220_B3D,CC(C(=O)c1ccccc1)N(C)C,
2659,1221_B3D,CC(C)(C(=O)O)c1ccc(C(=O)CCCN2CCC(OC(c3ccccc3)c3ccccc3)CC2)cc1,
2660,1222_B3D,CC(C)(C)C(=O)NCCCC(=O)O,
2661,1223_B3D,CC(C)(C)C(=O)OC1N=C(c2ccccc2)c2cc(Cl)ccc2NC1=O,
2662,1224_B3D,CC(C)(C)C(=O)OCOC(=O)C1N2C(=O)[C@@H](N=CN3CCCCCC3)[C@H]2SC1(C)C,
2663,1225_B3D,CC(C)(C)C(=O)OCOC(=O)[C@@H]1N2C(=O)[C@@H](NC(=O)[C@H](N)c3ccccc3)[C@H]2SC1(C)C,
2664,1226_B3D,CC(C)(C)C(=O)SCC(=O)[C@@]1(O)CC[C@H]2[C@@H]3CCC4=CC(=O)CC[C@]4(C)[C@H]3[C@@H](O)C[C@@]21C,
2665,1227_B3D,CC(C)(C)C(O)/C=C/c1ccc2c(c1)OCO2,
2666,1228_B3D,CC(C)(C)CC(=O)OCC(=O)[C@@]1(O)CC[C@H]2[C@@H]3CCC4=CC(=O)C=C[C@]4(C)[C@H]3[C@@H](O)C[C@@]21C,
2667,1229_B3D,CC(C)(C)CC(=O)OCC(=O)[C@@]12OC(C)(C)O[C@@H]1C[C@H]1[C@@H]3CCC4=CC(=O)C=C[C@]4(C)[C@@]3(F)[C@@H](O)C[C@@]12C,
2668,1230_B3D,CC(C)(C)NCC(O)c1ccc(O)c(NC(N)=O)c1,
2669,1231_B3D,CC(C)(C)NCC(O)c1ccccc1F,
2670,1232_B3D,CC(C)(C)[C@]1(O)CCN2C[C@H]3c4ccccc4CCc4cccc(c43)[C@@H]2C1,
2671,1233_B3D,CC(C)(C)c1ccc(C(=O)CCCN2CCC(OC(c3ccccc3)c3ccccc3)CC2)cc1,
2672,1234_B3D,CC(C)(C)c1ccc(C(O)CCCN2CCC(C(O)(c3ccccc3)c3ccccc3)CC2)cc1,
2673,1235_B3D,CC(C)(C)c1ccc(CN2CCN(C(c3ccccc3)c3ccc(Cl)cc3)CC2)cc1,
2674,1236_B3D,CC(C)(CO)[C@@H](O)C(=O)NCCCC(=O)O,
2675,1237_B3D,CC(C)(O)C(C)(O)c1ccc(Cl)cc1,
2676,1238_B3D,CC(C)(O)C(C)(O)c1cccc(Cl)c1,
2677,1239_B3D,CC(C)(O)CC(C)(O)c1ccc(Cl)cc1,
2678,1240_B3D,CC(C)(Oc1ccc(Cl)cc1)C(=O)N[C@@H](C(=O)N[C@@H]1C(=O)N2[C@@H](C(=O)O)C(C)(C)S[C@H]12)c1ccccc1,
2679,1241_B3D,CC(C)(Oc1ccc(Cl)cc1)C(=O)O,
2680,1242_B3D,CC(C)(Oc1ccccc1)C(=O)N[C@@H]1C(=O)N2[C@@H](C(=O)O)C(C)(C)S[C@H]12,
2681,1243_B3D,CC(C)=CCN1CC[C@@]2(C)c3cc(O)ccc3C[C@@H]1[C@H]2C,
2682,1244_B3D,CC(C)=CCN1CC[C@]23c4c5ccc(O)c4O[C@H]2C(=O)CC[C@@]3(O)[C@H]1C5,
2683,1245_B3D,CC(C)C(=O)OCC(=O)[C@@]12O[C@H](C3CCCCC3)O[C@@H]1C[C@H]1[C@@H]3CCC4=CC(=O)C=C[C@]4(C)[C@H]3[C@@H](O)C[C@@]12C,
2684,1246_B3D,CC(C)C(=O)OCc1cccc(OC(=O)[C@@H]2N3C(=O)[C@@H](NC(=O)Cc4ccccc4)[C@H]3SC2(C)C)c1,
2685,1247_B3D,CC(C)C(Br)C(=O)NC(N)=O,
2686,1248_B3D,CC(C)C(CCCCCC(=O)O)NCc1ccc(F)cc1,
2687,1249_B3D,CC(C)C(O)C1CCCCC1,
2688,1250_B3D,CC(C)C1(C(C)C)OCC(CO)O1,
2689,1251_B3D,CC(C)C1NC(=O)[C@@H](C(C)C)OC(=O)[C@H](C(C)C)NC(=O)[C@H](C)OC(=O)[C@@H](C(C)C)NC(=O)[C@@H](C(C)C)OC(=O)[C@H](C(C)C)NC(=O)[C@H](C)OC(=O)[C@@H](C(C)C)NC(=O)[C@@H](C(C)C)OC(=O)[C@H](C(C)C)NC(=O)[C@H](C)OC1=O,
2690,1252_B3D,CC(C)CC(N(C)C)C1(c2ccc(Cl)cc2)CCC1,
2691,1253_B3D,CC(C)CC(OC(=O)c1ccco1)C(=O)N[C@@H]1C(=O)N2[C@@H](C(=O)O)C(C)(C)S[C@H]12,
2692,1254_B3D,CC(C)CC1NC(=O)C(CCCN)NC(=O)C(C(C)C)NC(=O)C2CCCN2C(=O)C(Cc2ccccc2)NC(=O)C(CC(C)C)NC(=O)C(CCCN)NC(=O)C(C(C)C)NC(=O)C2CCCN2C(=O)C(Cc2ccccc2)NC1=O,
2693,1255_B3D,CC(C)CCC(=O)CC1c2ccccc2C(=O)N1c1ccc2ccc(Cl)nc2n1,
2694,1256_B3D,CC(C)CCNCC1COc2ccccc2O1,
2695,1257_B3D,CC(C)CCOC(CN1CCCC1)c1ccccc1,
2696,1258_B3D,CC(C)COCC(CN(Cc1ccccc1)c1ccccc1)N1CCCC1,
2697,1259_B3D,CC(C)C[C@H](CN)CC(=O)O,
2698,1260_B3D,CC(C)N(CCNC(=O)CN1CCCC1=O)C(C)C,
2699,1261_B3D,CC(C)N1CCN(c2ccc(OC[C@H]3CO[C@](Cn4cncn4)(c4ccc(Cl)cc4Cl)O3)cc2)CC1,
2700,1262_B3D,CC(C)N1CCOC(c2ccc(C(F)(F)F)cc2)C1,
2701,1263_B3D,CC(C)N=c1cc2n(-c3ccc(Cl)cc3)c3ccccc3nc-2cc1Nc1ccc(Cl)cc1,
2702,1264_B3D,CC(C)NC(=O)OC1CCN(CCCC(=O)c2ccc(F)cc2)CC1,
2703,1265_B3D,CC(C)NCC(O)c1ccc(O)c(O)c1,
2704,1266_B3D,CC(C)NNC(=O)COc1ccc(Cl)cc1,
2705,1267_B3D,CC(C)NNC(=O)c1ccncc1,
2706,1268_B3D,CC(C)NS(=O)(=O)CCN1C(=O)c2ccccc2C1=O,
2707,1269_B3D,CC(C)N[C@H]1C2CCC(CC2)[C@]1(O)c1ccc(Cl)c(Cl)c1,
2708,1270_B3D,CC(C)Nc1cccnc1N1CCN(C(=O)c2cc3cc(NS(C)(=O)=O)ccc3[nH]2)CC1,
2709,1271_B3D,CC(C)OCC(COC(C)C)OCn1cnc2cnc(N)nc21,
2710,1272_B3D,CC(C)Oc1ccccc1N1CCN(Cc2cccc(C(=O)N3CCCCC3)c2)CC1,
2711,1273_B3D,CC(C)[C@@H](CN1CCCC1)N(C)C(=O)Cc1ccc(Cl)c(Cl)c1,
2712,1274_B3D,CC(C)[C@@]1(O)CCN2C[C@@H]3c4ccccc4CCc4cccc(c43)[C@H]2C1,
2713,1275_B3D,CC(C)[C@H](N)C(=O)OCC(CO)OCn1cnc2c(=O)[nH]c(N)nc21,
2714,1276_B3D,CC(C)[C@H](NC(=O)[C@H](Cc1ccccc1)NC(=O)CNC(=O)[C@@H](C)NC(=O)[C@@H](N)Cc1ccc(O)cc1)C(N)=O,
2715,1277_B3D,CC(C)[N+](C)(CCOC(=O)C1c2ccccc2Oc2ccccc21)C(C)C,
2716,1278_B3D,CC(C)[N+]1(C)C2CCC1CC(OC(=O)C(CO)c1ccccc1)C2,
2717,1279_B3D,CC(C)c1ccccc1OCC1=NCCN1,
2718,1280_B3D,CC(C)c1nc(CN(C)C(=O)N[C@H](C(=O)N[C@@H](Cc2ccccc2)C[C@H](O)[C@H](Cc2ccccc2)NC(=O)OCc2cncs2)C(C)C)cs1,
2719,1281_B3D,CC(C)n1c(/C=C/[C@@H](O)C[C@H](O)CC(=O)O)c(-c2ccc(F)cc2)c2ccccc21,
2720,1282_B3D,CC(C)n1c(=O)c2c(-c3noc(C4CC4)n3)ncn2c2ccccc21,
2721,1283_B3D,CC(C)n1cc2c3c(cccc31)C1C[C@@H](C(=O)NC3CCCCC3)CN(C)C1C2,
2722,1284_B3D,CC(CC#N)N(C)CC(=O)N(C)c1ccc(Cl)cc1C(=O)c1ccccc1F,
2723,1285_B3D,CC(CC(C)(C)O)OC(O)C(Cl)(Cl)Cl,
2724,1286_B3D,CC(CC1c2ccccc2CCc2ccccc21)CN(C)C,
2725,1287_B3D,CC(CCN1CCN(c2ccc(F)cc2)CC1)NC(=O)c1cccnc1,
2726,1288_B3D,CC(CCc1ccccc1)NC(C)C(O)c1ccc(O)cc1,
2727,1289_B3D,CC(CN(C)C)CN1c2ccccc2S(=O)(=O)c2ccccc21,
2728,1290_B3D,CC(CN(C)C)CN1c2ccccc2Sc2ccc(C#N)cc21,
2729,1291_B3D,CC(CN(C)C)CN1c2ccccc2Sc2ccc(C(F)(F)F)cc21,
2730,1292_B3D,CC(CN(C)C)CN1c2ccccc2Sc2ccccc21,
2731,1293_B3D,CC(CN(C)C)OC(C)(c1ccccc1)c1ccc(Cl)cc1,
2732,1294_B3D,CC(CN1C(=O)c2cccnc2Nc2ccccc21)N(C)C,
2733,1295_B3D,CC(CN1CCN(CCOCCO)CC1)CN1c2ccccc2Sc2ccccc21,
2734,1296_B3D,CC(CN1CCOCC1)C(C(=O)N1CCCC1)(c1ccccc1)c1ccccc1,
2735,1297_B3D,CC(CNC(=O)c1ccccc1)C(=O)OCC(=O)[C@@]12OC(C)(C)O[C@@H]1C[C@H]1[C@@H]3CCC4=CC(=O)C=C[C@]4(C)[C@@]3(F)[C@@H](O)C[C@@]12C,
2736,1298_B3D,CC(COc1ccccc1)N(CCCl)Cc1ccccc1,
2737,1299_B3D,CC(COc1ccccc1)NN,
2738,1300_B3D,CC(C[N+](C)(C)C)OC(N)=O,
2739,1301_B3D,CC(Cc1ccc(O)cc1)NCC(O)c1cc(O)cc(O)c1,
2740,1302_B3D,CC(Cc1ccccc1)(NC(=O)CN)c1ccccc1,
2741,1303_B3D,CC(Cc1ccccc1)N(C)C,
2742,1304_B3D,CC(Cc1ccccc1)N(C)Cc1ccccc1,
2743,1305_B3D,CC(Cc1ccccc1)N(C)Cc1ccco1,
2744,1306_B3D,CC(Cc1ccccc1)NC(C#N)c1ccccc1,
2745,1307_B3D,CC(Cc1ccccc1)NCCC1c2ccccc2Sc2ccccc21,
2746,1308_B3D,CC(Cc1ccccc1)NCCn1cnc2c1c(=O)n(C)c(=O)n2C,
2747,1309_B3D,CC(Cc1ccccc1)NN,
2748,1310_B3D,CC(Cc1ccccc1)NO,
2749,1311_B3D,CC(Cc1ccccc1)[N+](C)([O-])Cc1ccccc1,
2750,1312_B3D,CC(Cc1ccccc1)[n+]1cc(NC(=O)Nc2ccccc2)on1,
2751,1313_B3D,CC(N)C(=O)OC(C)(C)Cc1ccc(Cl)cc1,
2752,1314_B3D,CC(NCCn1cnc2c1c(=O)n(C)c(=O)n2C)C(O)c1ccccc1,
2753,1315_B3D,CC(NN)c1ccccc1,
2754,1316_B3D,CC(NNC(=O)c1ccccc1)c1ccccc1,
2755,1317_B3D,CC(O)Cn1cnc2c1c(=O)n(C)c(=O)n2C,
2756,1318_B3D,CC(OC(N)=O)C(C)C(C)OC(N)=O,
2757,1319_B3D,CC(Oc1cccc2ccccc12)C(N)=NO,
2758,1320_B3D,CC(Oc1ccccc1)C(=O)NC1C(=O)N2C1SC(C)(C)C2C(=O)O,
2759,1321_B3D,CC(c1noc2ccc(Cl)cc12)n1ccnc1,
2760,1322_B3D,CC/C=C(\C(=O)N[C@@H]1C(=O)N2C(C(=O)O)=C(COC(N)=O)CS[C@H]12)c1csc(N)n1,
2761,1323_B3D,CC/C=C(\C)C1(CC)C(=O)NC(=O)NC1=O,
2762,1324_B3D,CC1(C)CC(=O)N(CCCCN2CCN(c3ncccn3)CC2)C(=O)C1,
2763,1325_B3D,CC1(C)CCN(C(=O)Cc2ccc(Cl)c(Cl)c2)[C@@H](CN2CCCC2)C1,
2764,1326_B3D,CC1(C)CN(CCN2CCN(c3cccc(Cl)c3)C2=O)C1,
2765,1327_B3D,CC1(C)NC(=O)C(/C=C/c2ccccc2)O1,
2766,1328_B3D,CC1(C)OC(=O)NC1=O,
2767,1329_B3D,CC1(C)OC(=O)Nc2ccc(Br)cc21,
2768,1330_B3D,CC1(C)O[C@@H]2CC3C4C[C@H](F)C5=CC(=O)C=CC5(C)[C@@]4(Cl)C(Cl)CC3(C)[C@]2(C(=O)CO)O1,
2769,1331_B3D,CC1(C)O[C@@H]2CC3C4C[C@H](F)C5=CC(=O)C=CC5(C)[C@@]4(Cl)[C@@H](Cl)CC3(C)[C@]2(C(=O)CF)O1,
2770,1332_B3D,CC1(C)O[C@@H]2CC3[C@@H]4C[C@H](F)C5=CC(=O)C=CC5(C)[C@H]4[C@@H](O)C[C@]3(C)[C@]2(C(=O)CO)O1,
2771,1333_B3D,CC1(C)O[C@@H]2C[C@H]3C4CCC5=CC(=O)C=CC5(C)[C@H]4C(O)CC3(C)[C@]2(C(=O)CO)O1,
2772,1334_B3D,CC1(C)O[C@@H]2C[C@H]3C4CCC5CC(=O)CCC5(C)[C@@]4(F)[C@@H](O)CC3(C)[C@]2(C(=O)CO)O1,
2773,1335_B3D,CC1(C)O[C@@H]2C[C@H]3C4C[C@H](F)C5=CC(=O)C=CC5(C)[C@@]4(Cl)[C@@H](Cl)CC3(C)[C@]2(C(=O)CCl)O1,
2774,1336_B3D,CC1(C)O[C@@H]2C[C@H]3C4C[C@H](F)C5=CC(=O)C=C[C@]5(C)[C@@]4(F)[C@@H](O)C[C@]3(C)[C@]2(C(=O)COC(=O)C2CC2)O1,
2775,1337_B3D,CC1(C)O[C@@H]2C[C@H]3[C@@H]4CCC5=CC(=O)C=C[C@]5(C)[C@@]4(F)[C@@H](O)C[C@]3(C)[C@]2(C(=O)CO)O1,
2776,1338_B3D,CC1(C)O[C@@H]2C[C@H]3[C@@H]4CCC5=CC(=O)C=C[C@]5(C)[C@@]4(F)[C@@H](O)C[C@]3(C)[C@]2(C(=O)COC(=O)c2cc3ccccc3o2)O1,
2777,1339_B3D,CC1(C)O[C@@H]2C[C@H]3[C@@H]4CCC5=CC(=O)CC[C@]5(C)[C@@]4(F)[C@@H](O)C[C@]3(C)[C@]2(C(=O)CCl)O1,
2778,1340_B3D,CC1(C)O[C@@H]2C[C@H]3[C@@H]4C[C@H](F)C5=CC(=O)C=C[C@]5(C)[C@@]4(F)[C@@H](O)C[C@]3(C)[C@]2(C(=O)CO)O1,
2779,1341_B3D,CC1(C)O[C@@H]2C[C@H]3[C@@H]4C[C@H](F)C5=CC(=O)CC[C@]5(C)[C@H]4[C@@H](O)C[C@]3(C)[C@]2(C(=O)CO)O1,
2780,1342_B3D,CC1(C)SC2C(N(C(=N)c3ccncc3)[C@H](C(=O)NC(=O)CN)c3ccccc3)C(=O)N2C1C(=O)O,
2781,1343_B3D,CC1(C)SC2C(NC(=O)CSc3ccccc3)C(=O)N2C1C(=O)O,
2782,1344_B3D,CC1(C)SC2C(NC(=O)Cc3ccccc3)C(=O)N2C1C(=O)O,
2783,1345_B3D,CC1(C)S[C@@H]2C(NC(=O)[C@H](NC(=O)c3c[nH]c4cccnc4c3=O)c3ccccc3)C(=O)N2[C@H]1C(=O)O,
2784,1346_B3D,CC1(C)S[C@@H]2[C@@H](N3C(=O)C(c4ccc(O)cc4)NC3(C)C)C(=O)N2[C@H]1C(=O)O,
2785,1347_B3D,CC1(C)S[C@@H]2[C@H](N3C(=O)[C@@H](c4ccccc4)NC3(C)C)C(=O)N2[C@H]1C(=O)O,
2786,1348_B3D,CC1(C)S[C@@H]2[C@H](N=CN3CCCCCC3)C(=O)N2[C@H]1C(=O)O,
2787,1349_B3D,CC1(C)S[C@@H]2[C@H](NC(=O)C(C(=O)Oc3ccc4c(c3)CCC4)c3ccccc3)C(=O)N2[C@H]1C(=O)O,
2788,1350_B3D,CC1(C)S[C@@H]2[C@H](NC(=O)C(C(=O)Oc3ccccc3)c3ccccc3)C(=O)N2[C@H]1C(=O)O,
2789,1351_B3D,CC1(C)S[C@@H]2[C@H](NC(=O)C(Oc3ccccc3)c3ccccc3)C(=O)N2[C@H]1C(=O)O,
2790,1352_B3D,CC1(C)S[C@@H]2[C@H](NC(=O)C(c3ccccc3)S(=O)(=O)O)C(=O)N2[C@H]1C(=O)O,
2791,1353_B3D,CC1(C)S[C@@H]2[C@H](NC(=O)C3(N)CCCCC3)C(=O)N2[C@H]1C(=O)O,
2792,1354_B3D,CC1(C)S[C@@H]2[C@H](NC(=O)C34C[C@@H]5C[C@@H](CC(N)(C5)C3)C4)C(=O)N2[C@H]1C(=O)O,
2793,1355_B3D,CC1(C)S[C@@H]2[C@H](NC(=O)CCC[C@@H](N)C(=O)O)C(=O)N2[C@H]1C(=O)O,
2794,1356_B3D,CC1(C)S[C@@H]2[C@H](NC(=O)COc3ccccc3)C(=O)N2[C@H]1C(=O)O,
2795,1357_B3D,CC1(C)S[C@@H]2[C@H](NC(=O)Cc3ccccc3)C(=O)N2[C@H]1C(=O)O,
2796,1358_B3D,CC1(C)S[C@@H]2[C@H](NC(=O)[C@@H](N=Cc3ccco3)c3ccc(O)cc3)C(=O)N2[C@H]1C(=O)O,
2797,1359_B3D,CC1(C)S[C@@H]2[C@H](NC(=O)[C@H](N)C3=CCC=CC3)C(=O)N2[C@H]1C(=O)O,
2798,1360_B3D,CC1(C)S[C@@H]2[C@H](NC(=O)[C@H](N)c3ccc(O)cc3)C(=O)N2[C@H]1C(=O)O,
2799,1361_B3D,CC1(C)S[C@@H]2[C@H](NC(=O)[C@H](N)c3ccccc3)C(=O)N2[C@H]1C(=O)O,
2800,1362_B3D,CC1(C)S[C@@H]2[C@H](NC(=O)[C@H](N)c3ccccc3)C(=O)N2[C@H]1C(=O)O.CC1(C)[C@H](C(=O)O)N2C(=O)C[C@H]2S1(=O)=O,
2801,1363_B3D,CC1(C)S[C@@H]2[C@H](NC(=O)[C@H](N)c3ccccc3)C(=O)N2[C@H]1C(=O)OC1OC(=O)c2ccccc21,
2802,1364_B3D,CC1(C)S[C@@H]2[C@H](NC(=O)[C@H](NC(=O)Cc3ccc(C4=NCCCN4)cc3)c3ccccc3)C(=O)N2[C@H]1C(=O)O,
2803,1365_B3D,CC1(C)S[C@@H]2[C@H](NC(=O)[C@H](NC(=O)N3CCN(S(C)(=O)=O)C3=O)c3ccccc3)C(=O)N2[C@H]1C(=O)O,
2804,1366_B3D,CC1(C)S[C@@H]2[C@H](NC(=O)[C@H](NC(=O)Nc3cnc(Nc4ccc(S(N)(=O)=O)cc4)[nH]c3=O)c3ccc(O)cc3)C(=O)N2[C@H]1C(=O)O,
2805,1367_B3D,CC1(C)S[C@@H]2[C@H](NC(=O)[C@H](NC(=O)c3ccc(-c4ccc(S(=O)(=O)N(CCO)CCO)cc4)[nH]c3=O)c3ccc(O)cc3)C(=O)N2[C@H]1C(=O)O,
2806,1368_B3D,CC1(C)S[C@@H]2[C@H](NC(=O)[C@H](NS(=O)(=O)O)c3ccccc3)C(=O)N2[C@H]1C(=O)O,
2807,1369_B3D,CC1(C)S[C@@H]2[C@H](NC(=O)c3nc4ccccc4nc3C(=O)O)C(=O)N2[C@H]1C(=O)O,
2808,1370_B3D,CC1(C)[C@H](NC(=O)/C(=N/OCC(=O)O)c2csc(N)n2)C(=O)N1OS(=O)(=O)O,
2809,1371_B3D,CC1(c2ccccc2)CC(=O)N(CN2CCOCC2)C1=O,
2810,1372_B3D,CC12C=CC(=O)C=C1CCC1C3CCC(O)(C(=O)CO)C3(C)CC(O)C12F,
2811,1373_B3D,CC12CC(=O)[C@H]3C(CC[C@H]4C[C@H](O)CCC43C)[C@@H]1CCC2C(=O)CO,
2812,1374_B3D,CC12CC(Cl)[C@@]3(Cl)C(CCC4=CC(=O)C=CC43C)C1CC[C@]2(O)C(=O)CO,
2813,1375_B3D,CC12CC3CC(C)(C1)CC(N)(C3)C2,
2814,1376_B3D,CC12CCC(=O)C=C1CCC1C2CCC2(C)C1CCC2(O)C(=O)CO,
2815,1377_B3D,CC12CCC(CC1=O)C2(C)C,
2816,1378_B3D,CC12CCCCCC(Cc3ccc(O)cc31)C2N,
2817,1379_B3D,CC12C[C@H](O)[C@@]3(F)C(CCC4=CC(=O)C=CC43C)[C@@H]1C[C@H]1O[C@@](C)(c3ccccc3)O[C@]12C(=O)CO,
2818,1380_B3D,CC1=C(C(=O)O)N2C(=O)[C@@H](NC(=O)Cc3ccc(C4=NCCCN4)cc3)[C@H]2SC1,
2819,1381_B3D,CC1=C(C(=O)O)N2C(=O)[C@@H](NC(=O)[C@H](N)C3=CCC=CC3)[C@H]2SC1,
2820,1382_B3D,CC1=C(C(=O)O)N2C(=O)[C@@H](NC(=O)[C@H](N)c3ccc(O)c(Cl)c3)[C@H]2SC1,
2821,1383_B3D,CC1=C(C(=O)O)N2C(=O)[C@@H](NC(=O)[C@H](N)c3ccc(O)cc3)[C@H]2SC1,
2822,1384_B3D,CC1=C(C(=O)O)N2C(=O)[C@@H](NC(=O)[C@H](N)c3cccc(NS(C)(=O)=O)c3)[C@H]2SC1,
2823,1385_B3D,CC1=C(C(=O)O)N2C(=O)[C@@H](NC(=O)[C@H](N)c3ccccc3)[C@H]2SC1,
2824,1386_B3D,CC1=C/C(O)CC(=O)Cc2nc(co2)C(=O)N2CCC=C2C(=O)OC(C(C)C)C(C)/C=C\C(=O)NC/C=C\1,
2825,1387_B3D,CC1=CC(=O)N2CC(=O)N(C)c3ccc(Cl)cc3C2(c2ccccc2)O1,
2826,1388_B3D,CC1=CCC2C3Cc4ccc(O)c5c4C2(CCN3C)C1O5,
2827,1389_B3D,CC1=C[C@H]2[C@@H]3C[C@@H](C)[C@](O)(C(=O)COC(=O)c4cccc(S(=O)(=O)O)c4)[C@@]3(C)C[C@H](O)[C@@H]2[C@@]2(C)Cc3cnn(-c4ccccc4)c3C=C12,
2828,1390_B3D,CC1=NN(c2ccccc2)C(=O)C1,
2829,1391_B3D,CC1=Nc2ccccc2CC(c2ccccc2)N1C,
2830,1392_B3D,CC1C2Cc3ccc(O)cc3C1(C)CCN2C,
2831,1393_B3D,CC1C2Cc3ccc(O)cc3C1(C)CCN2CC1CC1,
2832,1394_B3D,CC1C2Cc3ccc(O)cc3C1(C)CCN2CCc1ccccc1,
2833,1395_B3D,CC1CC(OC(=O)C2CCC(=O)N2)CC(C)(C)C1,
2834,1396_B3D,CC1CC2C3CC(F)(F)C4=CC(=O)C=C[C@]4(C)C3(F)C(O)CC2(C)C1(O)C(=O)CO,
2835,1397_B3D,CC1CC2C3CC(F)C4=CC(=O)C=CC4(C)C3(F)C(O)CC2(C)C1(O)C(=O)CCl,
2836,1398_B3D,CC1CC2C3CC(F)C4=CC(=O)C=CC4(C)C3(F)C(O)CC2(C)C1(O)C(=O)SCF,
2837,1399_B3D,CC1CC2C3CCC4=CC(=O)C=CC4(C)[C@@]3(F)C(O)CC2(C)[C@@]1(O)C(=O)CCl,
2838,1400_B3D,CC1CN(C)CC2Cc3c(ccc4ccccc34)OC12O,
2839,1401_B3D,CC1CN(CCCn2c3ccccc3c3ccccc32)CC(C)N1,
2840,1402_B3D,CC1COC2(c3ccccc3Cl)c3cc(Cl)ccc3NC(=O)CN12,
2841,1403_B3D,CC1NC(=O)C(NC(=O)c2ncccc2O)C(C)OC(=O)C(c2ccccc2)NC(=O)C2CC(=O)CCN2C(=O)C(Cc2ccc(N(C)C)cc2)N(C)C(=O)C2CCCN2C1=O,
2842,1404_B3D,CC1NC(=O)COC1c1ccccc1,
2843,1405_B3D,CC1NCCOC1c1ccccc1,
2844,1406_B3D,CC1OC(C)OC(C)O1,
2845,1407_B3D,CC1OC(OC2CC(O)(C(=O)CO)Cc3c(O)c4c(c(O)c32)C(=O)c2ccccc2C4=O)CC(N)C1O,
2846,1408_B3D,CC1OC(O[C@@H]2C=C3CC[C@@H]4[C@H](CC[C@]5(C)[C@@H](c6ccc(=O)oc6)CC[C@]45O)[C@@]3(C)CC2)C(O)C(O)C1O,
2847,1409_B3D,CC1OC2(CCCCC2Oc2cccc(Cl)c2)NC1=O,
2848,1410_B3D,CC1Oc2ccccc2CC1N(C)C,
2849,1411_B3D,CC1[C@H]2C(=O)c3ccc(O)cc3[C@]1(C)CCN2CC1CC1,
2850,1412_B3D,CCC,
2851,1413_B3D,CCC(=O)C(CCN(C)C)(c1ccccc1)c1ccccc1,
2852,1414_B3D,CCC(=O)C(c1ccccc1)(c1ccccc1)C(C)CN(C)C,
2853,1415_B3D,CCC(=O)C1(N2CCCCC2)CCN(CCCC(=O)c2ccc(F)cc2)CC1,
2854,1416_B3D,CCC(=O)C1(O)CCC2C3CCC4=CC(=O)CCC4(C)C3C(O)CC21C,
2855,1417_B3D,CCC(=O)C1(c2cccc(O)c2)CCN(C)CC1,
2856,1418_B3D,CCC(=O)N(c1ccc(Cl)c(Cl)c1)[C@@H]1CCC[C@H]1N(C)C,
2857,1419_B3D,CCC(=O)N(c1ccccc1)C1(C(=O)OC)CCN(CCC(=O)OC)CC1,
2858,1420_B3D,CCC(=O)N(c1ccccc1)C1(C(=O)OC)CCN(CCc2ccccc2)CC1,
2859,1421_B3D,CCC(=O)N(c1ccccc1)C1(COC)CCN(CCn2nnn(CC)c2=O)CC1,
2860,1422_B3D,CCC(=O)N(c1ccccc1)[C@]1(C(=O)OC)CCN(CCc2ccccc2)C[C@@H]1C,
2861,1423_B3D,CCC(=O)N(c1ccccc1F)C1(c2ccccc2)CCN(CCn2nnn(CC)c2=O)CC1,
2862,1424_B3D,CCC(=O)N1CCN(C(=O)OC2C3=C(SCCS3)C(=O)N2c2ccc3ccc(Cl)nc3n2)CC1,
2863,1425_B3D,CCC(=O)Nc1ccc(O)cc1,
2864,1426_B3D,CCC(=O)OC1(c2ccccc2)CCN(C)CC1C,
2865,1427_B3D,CCC(=O)OC1CC(=O)OC(C)C/C=C/C=C\C(O)C(C)CC(CC=O)C(O[C@@H]2O[C@H](C)[C@@H](O[C@H]3C[C@@](C)(O)[C@H](OC(=O)CC)[C@@H](C)O3)[C@H](N(C)C)[C@H]2O)C1OC,
2866,1428_B3D,CCC(=O)OCC(=O)[C@@]1(OC(=O)CC)[C@@H](C)C[C@H]2[C@@H]3CCC4=CC(=O)C=C[C@]4(C)[C@@]3(Cl)[C@@H](O)C[C@@]21C,
2867,1429_B3D,CCC(=O)OCC(=O)[C@@]1(OC(=O)CC)[C@@H](C)C[C@H]2[C@@H]3CCC4=CC(=O)C=C[C@]4(C)[C@@]3(F)[C@@H](O)C[C@@]21C,
2868,1430_B3D,CCC(=O)OCC(=O)[C@@]1(OC(=O)CC)[C@H](C)C[C@H]2[C@H]3[C@H]([C@@H](O)C[C@@]21C)[C@@]1(C)C=CC(=O)C=C1C[C@H]3Cl,
2869,1431_B3D,CCC(=O)OCC(=O)[C@@]12OC(C)(C)O[C@@H]1CC1C3C[C@H](F)C4=CC(=O)C=CC4(C)[C@@]3(F)C(O)CC12C,
2870,1432_B3D,CCC(=O)O[C@H]1[C@H](C)O[C@@H](O[C@@H]2C(C)C(=O)O[C@H](C)[C@H](C)[C@H](OC(=O)CC)[C@@H](C)C(=O)[C@]3(CO3)CC(C)[C@H](O[C@@H]3O[C@H](C)C[C@H](N(C)C)[C@H]3O)[C@H]2C)C[C@@H]1OC,
2871,1433_B3D,CCC(=O)O[C@](Cc1ccccc1)(c1ccccc1)[C@H](C)CN(C)C,
2872,1434_B3D,CCC(=O)O[C@]1(C(=O)CCl)[C@@H](C)C[C@H]2[C@@H]3CCC4=CC(=O)C=C[C@]4(C)[C@@]3(F)[C@@H](O)C[C@@]21C,
2873,1435_B3D,CCC(=O)O[C@]1(C(=O)COC(C)=O)CC[C@H]2[C@@H]3CCC4=CC(=O)CC[C@]4(C)[C@H]3[C@@H](O)C[C@@]21C,
2874,1436_B3D,CCC(=O)O[C@]1(C(=O)COC(C)=O)CC[C@H]2[C@@H]3C[C@H](C)C4=CC(=O)C=C[C@]4(C)[C@H]3[C@@H](O)C[C@@]21C,
2875,1437_B3D,CCC(=O)O[C@]1(C(=O)COC)[C@@H](C)C[C@H]2[C@@H]3CCC4=CC(=O)C=C[C@]4(C)[C@@]3(F)[C@@H](O)C[C@@]21C,
2876,1438_B3D,CCC(=O)O[C@]1(C(=O)SC)[C@H](C)CC2C3C[C@H](F)C4=CC(=O)C=CC4(C)[C@@]3(F)[C@@H](O)C[C@@]21C,
2877,1439_B3D,CCC(=O)O[C@]1(C(=O)SCCl)[C@H](C)C[C@H]2C3C[C@H](F)C4=CC(=O)C=C[C@]4(C)[C@@]3(F)[C@@H](O)C[C@@]21C,
2878,1440_B3D,CCC(=O)O[C@]1(C(=O)SCF)[C@H](C)C[C@H]2[C@@H]3C[C@H](F)C4=CC(=O)C=C[C@]4(C)[C@@]3(F)[C@@H](O)C[C@@]21C,
2879,1441_B3D,CCC(=O)O[C@]1(c2ccccc2)CCN(C)C[C@@H]1CC,
2880,1442_B3D,CCC(=O)c1ccc2c(c1)N(CC(C)N(C)C)c1ccccc1S2,
2881,1443_B3D,CCC(=O)c1ccc2c(c1)N(CCCN1CCN(CCO)CC1)c1ccccc1S2,
2882,1444_B3D,CCC(Br)(C(N)=O)C(C)C,
2883,1445_B3D,CCC(Br)(CC)C(=O)NC(=O)NC(C)=O,
2884,1446_B3D,CCC(Br)(CC)C(=O)NC(N)=O,
2885,1447_B3D,CCC(C(=O)NC(N)=O)c1ccccc1,
2886,1448_B3D,CCC(C(=O)OCCN1CCOC(c2ccccc2)C1C)c1ccccc1,
2887,1449_B3D,CCC(C(N)=O)N1CCCC1=O,
2888,1450_B3D,CCC(C)(CC)OC(N)=O,
2889,1451_B3D,CCC(C)(O)C1CC23C=CC1(OC)C1Oc4c(OC)ccc5c4C12CCN(CC1CC1)C3C5,
2890,1452_B3D,CCC(C)(S(=O)(=O)CC)S(=O)(=O)CC,
2891,1453_B3D,CCC(C)C(C)(COC(N)=O)COC(=O)NC(C)C,
2892,1454_B3D,CCC(C)C(C)(COC(N)=O)COC(N)=O,
2893,1455_B3D,CCC(C)C(CC)C(=O)NC(N)=O,
2894,1456_B3D,CCC(C)C(CC)C(N)=O,
2895,1457_B3D,CCC(C)C(N)C1=NC(C(=O)N[C@@H](CC(C)C)C(=O)N[C@H](CCC(=O)O)C(=O)N[C@H](C(=O)NCCCC[C@@H]2NC(=O)[C@H](CC(N)=O)NC(=O)[C@@H](CC(=O)O)NC(=O)[C@H](Cc3cnc[nH]3)NC(=O)[C@@H](Cc3ccccc3)NC(=O)[C@H]([C@@H](C)CC)NC(=O)[C@@H](CCCN)NC2=O)[C@@H](C)CC)CS1,
2896,1458_B3D,CCC(C)C1(CC)C(=O)NC(=O)NC1=O,
2897,1459_B3D,CCC(C)[C@H]1O[C@]2(CC[C@@H]1C)CC1C[C@@H](C/C=C(\C)[C@@H](O[C@H]3C[C@H](OC)[C@@H](OC4C[C@H](OC)[C@@H](O)[C@H](C)O4)[C@H](C)O3)[C@@H](C)/C=C/C=C3\CO[C@@H]4[C@H](O)C(C)=C[C@@H](C(=O)O1)[C@]34O)O2.CO[C@H]1CC(O[C@H]2[C@H](C)O[C@@H](O[C@@H]3/C(C)=C/C[C@@H]4CC(C[C@]5(CC[C@H](C)[C@@H](C(C)C)O5)O4)OC(=O)[C@@H]4C=C(C)[C@@H](O)[C@H]5OC/C(=C\C=C\[C@@H]3C)[C@@]45O)C[C@@H]2OC)O[C@@H](C)[C@@H]1O,
2898,1460_B3D,CCC(CC)(CNC(=O)CCCO)c1cccc(OC)c1,
2899,1461_B3D,CCC(N)Cc1c[nH]c2ccccc12,
2900,1462_B3D,CCC(O)(COC(N)=O)c1ccccc1,
2901,1463_B3D,CCC(O)C(CC(C)N(C)C)(c1ccccc1)c1ccccc1,
2902,1464_B3D,CCC(OC(C)=O)C(CC(C)N(C)C)(c1ccccc1)c1ccccc1,
2903,1465_B3D,CCC(OC(N)=O)C1CCCCC1,
2904,1466_B3D,CCC(Oc1ccccc1)C(=O)NC1C(=O)N2C1SC(C)(C)C2C(=O)O,
2905,1467_B3D,CCC1(C)CC(=O)NC(=O)C1,
2906,1468_B3D,CCC1(C)OC(=O)N(C)C1=O,
2907,1469_B3D,CCC1(C2=CCCCCC2)C(=O)NC(=O)NC1=O,
2908,1470_B3D,CCC1(CC)C(=O)C=CNC1=O,
2909,1471_B3D,CCC1(CC)C(=O)NC(=O)N(C)C1=O,
2910,1472_B3D,CCC1(CC)C(=O)NC(=O)N(c2ccccc2)C1=O,
2911,1473_B3D,CCC1(CC)C(=O)NC=C(C)C1=O,
2912,1474_B3D,CCC1(CC)C(=O)NCC(C)C1=O,
2913,1475_B3D,CCC1(CC)O[C@@H]2C[C@H]3C4CCC5=CC(=O)C=CC5(C)[C@@]4(F)[C@@H](O)CC3(C)[C@]2(C(=O)CO)O1,
2914,1476_B3D,CCC1(O)CCN2CCc3ccc(C)cc3C2C1,
2915,1477_B3D,CCC1(c2ccccc2)C(=O)N(COC)C(=O)N(COC)C1=O,
2916,1478_B3D,CCC1(c2ccccc2)C(=O)NC(=O)N(C(=O)c2ccccc2)C1=O,
2917,1479_B3D,CCC1(c2ccccc2)C(=O)NC(=O)N(C)C1=O,
2918,1480_B3D,CCC1(c2ccccc2)C(=O)NC(=O)N1C,
2919,1481_B3D,CCC1(c2ccccc2)CCC(=O)NC1=O,
2920,1482_B3D,CCC1(c2ccccc2)NC(=O)N(C)C1=O,
2921,1483_B3D,CCC1(c2ccccc2)NCC(=O)NC1=O,
2922,1484_B3D,CCC1(c2ccccc2)OCC(C2CCCCN2)O1,
2923,1485_B3D,CCC12CCN(CC3CC3)C(Cc3ccc(O)cc31)C2(C)C,
2924,1486_B3D,CCC12CCN(CC3CCC3)C(Cc3ccc(O)cc31)C2(C)C,
2925,1487_B3D,CCC1C(=O)NC(=O)C1(C)c1ccccc1,
2926,1488_B3D,CCC1NC(=O)C(NC(=O)c2ncccc2O)C(C)OC(=O)C(c2ccccc2)NC(=O)C2CC(=O)CCN2C(=O)C(Cc2ccc(N(C)C)cc2)N(C)C(=O)C2CCCN2C1=O,
2927,1489_B3D,CCCC(=O)N(C)Cc1c(-c2ccc(Cl)cc2)nc2ccccn12,
2928,1490_B3D,CCCC(=O)O[C@]1(C(=O)CCl)[C@@H](C)C[C@H]2[C@@H]3CCC4=CC(=O)C=C[C@]4(C)[C@@]3(F)C(=O)C[C@@]21C,
2929,1491_B3D,CCCC(=O)O[C@]1(C(=O)CO)CC[C@H]2[C@@H]3CCC4=CC(=O)CC[C@]4(C)[C@H]3[C@@H](O)C[C@@]21C,
2930,1492_B3D,CCCC(=O)O[C@]1(C(=O)COC(=O)CC)CC[C@H]2[C@@H]3CCC4=CC(=O)CC[C@]4(C)[C@H]3[C@@H](O)C[C@@]21C,
2931,1493_B3D,CCCC(=O)O[C@]1(C(=O)COC(C)=O)CC[C@H]2[C@@H]3C[C@H](C)C4=CC(=O)CC[C@]4(C)[C@H]3[C@@H](O)C[C@@]21C,
2932,1494_B3D,CCCC(=O)O[C@]1(C(=O)COC(C)=O)CC[C@H]2[C@@H]3C[C@H](F)C4=CC(=O)C=C[C@]4(C)[C@@]3(F)[C@@H](O)C[C@@]21C,
2933,1495_B3D,CCCC(=O)O[C@]1(C(=O)COC(C)=O)[C@H](C)C[C@H]2[C@@H]3CCC4=CC(=O)C=C[C@]4(C)[C@@]3(Cl)[C@@H](O)C[C@@]21C,
2934,1496_B3D,CCCC(=O)O[C@]1(C(C)=O)CCC[C@H]2[C@@H]3CCC4=CC(=O)C=C[C@]4(C)[C@H]3[C@@H](O)C[C@@]21C,
2935,1497_B3D,CCCC(C(=O)c1ccc(C)cc1)N1CCCC1,
2936,1498_B3D,CCCC(C)(O)C1CC23C=CC1(OC)C1Oc4c(O)ccc5c4C12CCN(C)C3C5,
2937,1499_B3D,CCCC(C)C1(CCSC)C(=O)NC(=S)NC1=O,
2938,1500_B3D,CCCC(CC)C1(CC)C(=O)NC(=O)NC1=O,
2939,1501_B3D,CCCC(CC)C1(CC)C(=O)NC(=S)NC1=O,
2940,1502_B3D,CCCC(CCC)(CCC)C(N)=O,
2941,1503_B3D,CCCC(CCC)C(=O)OCOC(=O)C(C)(C)C,
2942,1504_B3D,CCCC(CCC)C(N)=O,
2943,1505_B3D,CCCC(Cc1ccccc1)N1CCCC1,
2944,1506_B3D,CCCC(O)Cl,
2945,1507_B3D,CCCC1(C)COB(c2ccc(C)cc2)OC1,
2946,1508_B3D,CCCC1CC(C(=O)NC(C(C)O)C2OC(SC)C(O)C(O)C2O)N(C)C1,
2947,1509_B3D,CCCCC(=O)OC1(C(=O)CO)CCC2C3CCC4=CC(=O)C=CC4(C)C3C(O)CC21C,
2948,1510_B3D,CCCCC(=O)O[C@]1(C(=O)CO)CCC2C3CC(F)C4=CC(=O)C=CC4(C)C3C(O)CC21C,
2949,1511_B3D,CCCCC(=O)O[C@]1(C(=O)CO)CCC2C3CCC4=CC(=O)CCC4(C)C3C(O)CC21C,
2950,1512_B3D,CCCCC(=O)O[C@]1(C(=O)CO)[C@@H](C)C[C@H]2[C@@H]3CCC4=CC(=O)C=C[C@]4(C)[C@@]3(F)[C@@H](O)C[C@@]21C,
2951,1513_B3D,CCCCC(CC)CNC(=O)CC(C)O,
2952,1514_B3D,CCCCC/C(=N\OCCN)c1ccc(C)c(N)c1,
2953,1515_B3D,CCCCC1(CCOC(N)=O)C(=O)NC(=O)NC1=O,
2954,1516_B3D,CCCCCC(=O)CC[C@]1(C)[C@@H]2Cc3ccc(O)cc3[C@@]1(C)CCN2C,
2955,1517_B3D,CCCCCC(=O)OCC(=O)C1C(C)CC2C3CC(F)C4=CC(=O)C=CC4(C)C3C(O)CC21C,
2956,1518_B3D,CCCCCC(C)C(C)c1cc(OC(=O)CCCN2CCCCCC2)c2c(c1)OC(C)(C)C1=C2CC(C)CC1,
2957,1519_B3D,CCCCCC(N)C(O)(c1ccccc1)c1ccccc1,
2958,1520_B3D,CCCCCC1CNC(C(=O)NC(C(C)Cl)C2OC(SC)C(O)C(O)C2O)C1,
2959,1521_B3D,CCCCCCC(=O)OCCN1CCN(CCCN2c3ccccc3Sc3ccc(C(F)(F)F)cc32)CC1,
2960,1522_B3D,CCCCCCC(C)(C)c1cc(O)c2c(c1)OC(C)(C)[C@@H]1CCC(=O)C[C@@H]21,
2961,1523_B3D,CCCCCCC(C)NN,
2962,1524_B3D,CCCCCCCCCC(=O)N[C@H]1[C@H](Oc2c3cc4cc2Oc2ccc(cc2Cl)[C@@H](O[C@@H]2O[C@H](CO)[C@@H](O)[C@H](O)[C@H]2NC(C)=O)[C@@H]2NC(=O)[C@H](NC(=O)[C@@H]4NC(=O)[C@H]4NC(=O)[C@@H](Cc5ccc(c(Cl)c5)O3)NC(=O)[C@H](N)c3ccc(O)c(c3)Oc3cc(O)cc4c3)c3ccc(O)c(c3)-c3c(O[C@H]4O[C@H](CO)[C@@H](O)[C@H](O)[C@@H]4O)cc(O)cc3[C@H](C(=O)O)NC2=O)O[C@H](CO)[C@@H](O)[C@@H]1O,
2963,1525_B3D,CCCCCCCCCC(=O)OC1(c2ccc(Br)cc2)CCN(CCCC(=O)c2ccc(F)cc2)CC1,
2964,1526_B3D,CCCCCCCCCC(=O)OC1(c2ccc(Cl)cc2)CCN(CCCC(=O)c2ccc(F)cc2)CC1,
2965,1527_B3D,CCCCCCCCCC1(C)OCC(COC(N)=O)O1,
2966,1528_B3D,CCCCCCCCCCCCCC(=O)O[C@H]1C=C[C@H]2[C@H]3Cc4ccc(OCc5ccccc5)c5c4[C@@]2(CCN3C)[C@H]1O5,
2967,1529_B3D,CCCCCCCCCCCCCCCC(=O)OCCC1CCN(CCCN2c3ccccc3Sc3ccc(S(=O)(=O)N(C)C)cc32)CC1,
2968,1530_B3D,CCCCCCCCCCCCCCCCCC(=O)OCC(=O)OCC(=O)[C@@]1(O)CC[C@H]2[C@@H]3CCC4=CC(=O)C=C[C@]4(C)[C@H]3[C@@H](O)C[C@@]21C,
2969,1531_B3D,CCCCCCCCCCOc1c(OC)cc(C(N)=O)cc1OC,
2970,1532_B3D,CCCCCCCCCNc1ncnc2[nH]ccc12,
2971,1533_B3D,CCCCCCCNC(=O)Oc1ccc2c(c1)[C@]1(C)CCN(C)[C@@H]1N2C,
2972,1534_B3D,CCCCCCN1CCC(C(=O)N(C)CC)(c2ccccc2)CC1,
2973,1535_B3D,CCCCCCOc1nsnc1C1=CCCN(C)C1,
2974,1536_B3D,CCCCCCSc1nsnc1C1=CCCN(C)C1,
2975,1537_B3D,CCCCCNCC(N)=O,
2976,1538_B3D,CCCCCN[C@@]12C=CC(=O)[C@@H]3Oc4c(O)ccc5c4[C@@]31CCN(C)[C@@H]2C5,
2977,1539_B3D,CCCCC[C@H](O)/C=C/[C@H]1[C@H](O)CC(=O)[C@@H]1CCCCCCC(=O)O,
2978,1540_B3D,CCCCCn1ccc(=O)c(O)c1C,
2979,1541_B3D,CCCCN1C(=O)C2C(=O)N(CCCCN3CCN(c4ccccc4OC)CC3)C(=O)C(C1=O)C2(C)C,
2980,1542_B3D,CCCCN=C(c1cc(Cl)ccc1O)c1ccccc1Cl,
2981,1543_B3D,CCCCNC(=O)OCC(C)(CCC)COC(N)=O,
2982,1544_B3D,CCCCNCC1COc2cccc(OCC)c2O1,
2983,1545_B3D,CCCCNCC1COc2ccccc2O1,
2984,1546_B3D,CCCCNc1c(C(=O)OCC)c(C)nc2c1cnn2CC,
2985,1547_B3D,CCCCNc1c(C(=O)OCC)cnc2c1cnn2CC,
2986,1548_B3D,CCCCOC(=O)C(=O)C1C(C)CC2C3CC(F)C4=CC(=O)C=CC4(C)C3C(O)CC21C,
2987,1549_B3D,CCCCOC(=O)C(=O)[C@H]1[C@H](C)C[C@H]2[C@@H]3C[C@H](F)C4=CC(=O)C=C[C@]4(C)[C@H]3[C@@H](O)C[C@@]21C,
2988,1550_B3D,CCCCOCC(CN1C(=O)N(CC(COCCCC)OC(N)=O)C(=O)C(CC)(c2ccccc2)C1=O)OC(N)=O,
2989,1551_B3D,CCCCOCC(CN1C(=O)NC(=O)C(CC)(c2ccccc2)C1=O)OC(N)=O,
2990,1552_B3D,CCCCOc1ccc(C(=O)CCN2CCCCC2)cc1,
2991,1553_B3D,CCCCSc1ccc(C(SCCN(C)C)c2ccccc2)cc1,
2992,1554_B3D,CCCC[C@@H]1CC(=O)[C@]2(O)O[C@@H]3[C@@H](NC)[C@@H](O)[C@@H](NC)[C@H](O)[C@H]3O[C@@H]2O1,
2993,1555_B3D,CCCCn1c(=O)c2c(ncn2CC(C)=O)n(CCCC)c1=O,
2994,1556_B3D,CCCCn1ccc(=O)c(O)c1C,
2995,1557_B3D,CCCN(CCC)C(=O)Cc1c(-c2ccc(Cl)cc2)nc2ccc(Cl)cn12,
2996,1558_B3D,CCCN(CCC)C1Cc2cccc3cc(O)cc(c23)C1,
2997,1559_B3D,CCCN(CCCCN1C(=O)CC2(CCCC2)CC1=O)C1COc2cccc(OC)c2C1,
2998,1560_B3D,CCCN(c1ccncc1)n1ccc2ccccc21,
2999,1561_B3D,CCCN1CC(NS(=O)(=O)N(CC)CC)CC2Cc3c(O)cccc3CC21,
3000,1562_B3D,CCCN1CC=C(c2c[nH]c3ccc(Cl)cc23)CC1,
3001,1563_B3D,CCCN1CCCC1CNC(=O)c1cc(S(N)(=O)=O)ccc1OC,
3002,1564_B3D,CCCNC(=O)N1CC(c2ccccc2)OC1=O,
3003,1565_B3D,CCCNC(=O)c1ccc2c(c1)N([C@@H](C)CN1CCCC1)c1ccccc1S2,
3004,1566_B3D,CCCNC(=O)c1ccc2c(c1)N([C@H](C)CN1CCCC1)c1ccccc1S2,
3005,1567_B3D,CCCNCC(O)COc1ccccc1C(=O)CCc1ccccc1,
3006,1568_B3D,CCCOC(=O)N1CCN(C(=O)Cc2ccc(Cl)c(Cl)c2)[C@@H](CN2CCCC2)C1,
3007,1569_B3D,CCCOC(=O)c1cncn1C(C)c1ccccc1,
3008,1570_B3D,CCCSc1ccccc1N1CCN(CCCCn2c(=O)[nH]c3ccccc3c2=O)CC1,
3009,1571_B3D,CCC[C@@H]1C[C@@H](C(=O)NC(C(C)Cl)[C@H]2O[C@H](SC)[C@H](O)[C@@H](O)[C@H]2O)N(C)C1,
3010,1572_B3D,CCC[C@@H]1C[C@@H](C(=O)NC(C(C)Cl)[C@H]2O[C@H](SC)[C@H](OP(=O)(O)O)[C@@H](O)[C@H]2O)N(C)C1,
3011,1573_B3D,CCC[C@@H]1O[C@@H]2C[C@H]3[C@@H]4C[C@H](F)C5=CC(=O)C=C[C@]5(C)C4(F)[C@@H](O)C[C@]3(C)[C@]2(C(=O)O[C@H](C)OC(=O)OCC)O1,
3012,1574_B3D,CCC[C@@H]1O[C@@H]2C[C@H]3[C@@H]4C[C@H](F)C5=CC(=O)CC[C@]5(C)[C@@]4(F)[C@@H](O)C[C@]3(C)[C@]2(C(=O)CO)O1,
3013,1575_B3D,CCC[C@@](C)(O)[C@H]1CC23C=CC1(OC)[C@H]1Oc4c(OC(C)=O)ccc5c4C12CCN(C)C3C5,
3014,1576_B3D,CCC[C@]1(c2cccc(O)c2)CCN(C)C[C@@H]1C,
3015,1577_B3D,CCCl,
3016,1578_B3D,CCN(C(C)=O)c1cccc(-c2ccnc3c(C#N)cnn23)c1,
3017,1579_B3D,CCN(CC)C(=O)C1CN2CCc3cc(OC)c(OC)cc3C2CC1OC(C)=O,
3018,1580_B3D,CCN(CC)C(=O)CNC(=O)c1cc(OC)c(OC)c(OC)c1,
3019,1581_B3D,CCN(CC)C(=O)COc1cc2c(O)c3c(O)c(C)c4c(c13)C(=O)[C@@](C)(O/C=C/[C@H](OC)[C@@H](C)[C@@H](OC(C)=O)[C@H](C)[C@H](O)[C@H](C)[C@@H](O)[C@@H](C)/C=C/C=C(/C)C(=O)N2)O4,
3020,1582_B3D,CCN(CC)C(=O)N1CCN(CCCc2nc3c(c(=O)n(C)c(=O)n3C)n2C)CC1,
3021,1583_B3D,CCN(CC)C(=O)N[C@H]1C=C2c3cccc4[nH]cc(c34)C[C@H]2N(C)C1,
3022,1584_B3D,CCN(CC)C(=O)N[C@H]1C[C@@H]2c3cccc4[nH]cc(c34)C[C@H]2N(C)C1,
3023,1585_B3D,CCN(CC)C(=O)[C@@H]1[C@@H]2C=C[C@@H](C2)[C@H]1C(=O)N(CC)CC,
3024,1586_B3D,CCN(CC)C(=O)[C@]1(c2ccccc2)C[C@@H]1CN,
3025,1587_B3D,CCN(CC)C(=O)c1cccnc1,
3026,1588_B3D,CCN(CC)C(C)=NN=Cc1c2c(O)c3c(O)c(C)c4c(c3c1O)C(=O)C(C)(OC=CC(OC)C(C)C(OC(C)=O)C(C)C(O)C(C)C(O)C(C)C=CC=C(C)C(=O)N2)O4,
3027,1589_B3D,CCN(CC)C(C)CN1c2ccccc2Sc2ccccc21,
3028,1590_B3D,CCN(CC)C/C=C1/c2ccccc2Nc2cc(Cl)ccc21,
3029,1591_B3D,CCN(CC)CC(=O)OCC(=O)C1(O)CCC2C3CCC4=CC(=O)C=CC4(C)C3C(O)CC21C,
3030,1592_B3D,CCN(CC)CC(=O)OCC(=O)[C@@]1(O)CC[C@H]2[C@@H]3CCC4=CC(=O)CC[C@]4(C)[C@H]3[C@@H](O)C[C@@]21C,
3031,1593_B3D,CCN(CC)CC(=O)Oc1ccc(NC(C)=O)cc1,
3032,1594_B3D,CCN(CC)CCC(=O)N1c2ccccc2Sc2ccc(C(F)(F)F)cc21,
3033,1595_B3D,CCN(CC)CCN1C(=O)CN=C(c2ccccc2F)c2cc(Cl)ccc21,
3034,1596_B3D,CCN(CC)CCN1c2ccccc2Sc2ccccc21,
3035,1597_B3D,CCN(CC)CCNC(=O)COc1ccc(Cl)cc1,
3036,1598_B3D,CCN(CC)CCNC(=O)COc1ccc(OC)cc1,
3037,1599_B3D,CCN(CC)CCNC(=O)c1cc(Br)c(N)cc1OC,
3038,1600_B3D,CCN(CC)CCNC(=O)c1cc(Cl)cc(Cl)c1OC,
3039,1601_B3D,CCN(CC)CCNC(=O)c1cc(S(C)(=O)=O)ccc1OC,
3040,1602_B3D,CCN(CC)CCOC(=O)C(O)(c1ccccc1)c1ccccc1,
3041,1603_B3D,CCN(CC)CCOC1(c2ccc(Cl)cc2)CCCCC1,
3042,1604_B3D,CCN(CC)CCn1cnc2c1c(=O)n(C)c(=O)n2C,
3043,1605_B3D,CCN(CC)S(=O)(=O)N[C@H]1C[C@@H]2c3cccc4[nH]cc(c34)C[C@H]2N(C)C1,
3044,1606_B3D,CCN(CC)c1ccc(NC(=O)c2ccccc2N)c(C)c1,
3045,1607_B3D,CCN(CC)c1nc2c(s1)c1c(O)c3c(O)c(C)c4c(c32)C(=O)[C@@](C)(O/C=C/[C@H](OC)[C@@H](C)[C@@H](OC(C)=O)[C@H](C)[C@H](O)[C@H](C)[C@@H](O)[C@@H](C)/C=C/C=C(/C)C(=O)N1)O4,
3046,1608_B3D,CCN1C(=O)NC(c2ccccc2)C1=O,
3047,1609_B3D,CCN1CC(CCN2CCOCC2)C(c2ccccc2)(c2ccccc2)C1=O,
3048,1610_B3D,CCN1CCC(=C(c2ccccc2)c2ccccc2)C1,
3049,1611_B3D,CCN1CCCC1CNC(=O)c1cc(C(C)=O)ccc1OC,
3050,1612_B3D,CCN1CCCC1CNC(=O)c1cc(S(=O)(=O)CC)c(N)cc1OC,
3051,1613_B3D,CCN1CCCC1CNC(=O)c1cc(S(=O)(=O)CC)ccc1OC,
3052,1614_B3D,CCN1CCC[C@H]1CNC(=O)c1c(OC)ccc(Br)c1OC,
3053,1615_B3D,CCN1CCN(c2cc(-c3ccc(F)cc3)c3c(n2)CCCCCC3)CC1,
3054,1616_B3D,CCN1CCc2[nH]c3cc(F)c4scc(C)c4c3c2C1,
3055,1617_B3D,CCN=C1NC(=O)C(c2ccccc2)O1,
3056,1618_B3D,CCN=C1Nc2ccc(Cl)cc2C(c2ccccc2)S1,
3057,1619_B3D,CCNC(=O)/C=C/c1cccc(Br)c1,
3058,1620_B3D,CCNC(=O)N1CCN(CCCC(c2ccc(F)cc2)c2ccc(F)cc2)CC1,
3059,1621_B3D,CCNC1(c2ccccc2)CCCCC1,
3060,1622_B3D,CCNC1(c2cccs2)CCCCC1=O,
3061,1623_B3D,CCNC1=Nc2ccc(Cl)cc2C(C)(c2ccccc2)O1,
3062,1624_B3D,CCNCC(O)c1cccc(O)c1,
3063,1625_B3D,CCNCc1c(CSC)cnc(C)c1O,
3064,1626_B3D,CCN[C@@H]1C[C@H](N)[C@@H](O[C@H]2OC(CN)=CC[C@H]2N)[C@H](O)[C@H]1O[C@H]1OC[C@](C)(O)[C@H](NC)[C@H]1O,
3065,1627_B3D,CCN[C@H](Cc1ccccc1)[C@H]1CCCO1,
3066,1628_B3D,CCOC(=O)C(c1c(O)c2ccccc2oc1=O)c1c(O)c2ccccc2oc1=O,
3067,1629_B3D,CCOC(=O)C1(c2cccc(O)c2)CCN(C)CC1,
3068,1630_B3D,CCOC(=O)C1(c2ccccc2)CCC=CC1N(C)C,
3069,1631_B3D,CCOC(=O)C1(c2ccccc2)CCN(CCCNc2ccccc2)CC1,
3070,1632_B3D,CCOC(=O)C1(c2ccccc2)CCN(CCc2ccc(N)cc2)CC1,
3071,1633_B3D,CCOC(=O)C1=C(C)NC(C)=C(C(=O)OC)C1c1cccc(Cl)c1Cl,
3072,1634_B3D,CCOC(=O)C1N=C(c2ccccc2F)c2cc(Cl)ccc2NC1=O,
3073,1635_B3D,CCOC(=O)C[C@@H](O)C[C@@H](O)/C=C/C1=C(c2ccc(F)cc2)c2ccccc2OC12CCCC2,
3074,1636_B3D,CCOC(=O)N(CCN(C)C)c1cccc(C(F)(F)F)c1,
3075,1637_B3D,CCOC(=O)N(Cc1ccccc1)C1CC1,
3076,1638_B3D,CCOC(=O)N1CCC(=O)N(c2ccccc2)c2cc(Cl)ccc21,
3077,1639_B3D,CCOC(=O)N1CCN(C(=O)Cc2ccc(Cl)c(Cl)c2)[C@@H](CN2CCCC2)C1,
3078,1640_B3D,CCOC(=O)NC(O)C(Cl)(Cl)Cl,
3079,1641_B3D,CCOC(=O)NNC(C)c1ccccc1,
3080,1642_B3D,CCOC(=O)Nc1ccc(NCc2ccc(F)cc2)cc1N,
3081,1643_B3D,CCOC(=O)OC(C)OC(=O)[C@@H]1N2C(=O)[C@@H](N=CN3CCCCCC3)[C@H]2SC1(C)C,
3082,1644_B3D,CCOC(=O)OC1(C(=O)OCCl)CCC2C3CCC4=CC(=O)C=CC4(C)C3C(O)CC21C,
3083,1645_B3D,CCOC(=O)OCC/C(SC(=O)OCC)=C(\C)N(C=O)Cc1cnc(C)nc1N,
3084,1646_B3D,CCOC(=O)O[C@]1(C(=O)COC(=O)CC)CC[C@H]2[C@@H]3CCC4=CC(=O)C=C[C@]4(C)[C@H]3[C@@H](O)C[C@@]21C,
3085,1647_B3D,CCOC(=O)[C@H](CCc1ccccc1)N[C@@H](C)C(=O)N1CCC[C@H]1C(=O)O,
3086,1648_B3D,CCOC(=O)c1[nH]c2cc(OC)c(OC)cc2c1CCN1CCN(c2ccccc2)CC1,
3087,1649_B3D,CCOC(=O)c1cnc2c(cnn2CC)c1NN=C(C)C,
3088,1650_B3D,CCOC(=O)c1cncn1C(C)c1ccc(F)cc1,
3089,1651_B3D,CCOC(=O)c1cncn1C(C)c1ccccc1,
3090,1652_B3D,CCOC(N)=O,
3091,1653_B3D,CCOC(OCC)C(=O)OCC(=O)C1(O)Cc2c(O)c3c(c(O)c2C(OC2CC(N)C(O)C(C)O2)C1)C(=O)c1c(OC)cccc1C3=O,
3092,1654_B3D,CCOC1c2ccccc2C(=O)N(C)c2ccccc21,
3093,1655_B3D,CCO[C@H]1CCN(C(=O)c2cc(-c3ccccc3)c(=O)n3c2-c2cc(Cl)ccc2CC3)C1,
3094,1656_B3D,CCO[C@H]1C[C@@]2(C)[C@@H](CC[C@H]3[C@@H]4CC[C@H](C(C)=O)[C@@]4(C)C[C@@H](N(C)C)[C@@H]32)C[C@@H]1O,
3095,1657_B3D,CCOc1ccc2ccccc2c1C(=O)N[C@@H]1C(=O)N2[C@@H](C(=O)O)C(C)(C)S[C@H]12,
3096,1658_B3D,CCOc1ccccc1OCC1CNCCO1,
3097,1659_B3D,CCOc1ccccc1O[C@@H](c1ccccc1)[C@@H]1CNCCO1,
3098,1660_B3D,CCS(=O)(=O)C(C)(C)S(=O)(=O)CC,
3099,1661_B3D,CCS(=O)(=O)CCN1C(=O)CN=C(c2ccccc2F)c2cc(Cl)ccc21,
3100,1662_B3D,CCS(=O)(=O)c1ccc(F)cc1,
3101,1663_B3D,CCS[C@]1(SC)CC[C@H]2[C@@H]3CCC4=CC(=O)C=C[C@]4(C)[C@@]3(F)[C@@H](O)C[C@@]21C,
3102,1664_B3D,CCSc1ccc2c(c1)N(CCCN1CCN(C)CC1)c1ccccc1S2,
3103,1665_B3D,CC[C@@H](CO)NCCN[C@@H](CC)CO,
3104,1666_B3D,CC[C@@H](O)C(C[C@@H](C)N(C)C)(c1ccccc1)c1ccccc1,
3105,1667_B3D,CC[C@@]1(O)C[C@H](OC2CC(N(C)C)C(OC3CC(O)C(OC4CCC(=O)C(C)O4)C(C)O3)C(C)O2)c2c(cc3c(c2O)C(=O)c2c(O)cccc2C3=O)[C@H]1C(=O)OC,
3106,1668_B3D,CC[C@@]1(O)C[C@H](O[C@H]2C[C@H](N(C)C)[C@H](O[C@H]3C[C@@H]4O[C@H]5CC(=O)[C@H](C)O[C@H]5O[C@@H]4[C@H](C)O3)[C@H](C)O2)c2c(O)c3c(c(O)c2[C@H]1O[C@H]1C[C@H](N(C)C)[C@H](O)[C@H](C)O1)C(=O)c1cccc(O)c1C3=O,
3107,1669_B3D,CC[C@H](C)C(=O)O[C@H]1CCC=C2C=C[C@H](C)[C@H](CC[C@@H]3C[C@@H](O)CC(=O)O3)[C@H]21,
3108,1670_B3D,CC[C@H](NC(=O)c1c(Cn2ccnc2)c(-c2ccccc2)nc2ccccc12)c1ccccc1,
3109,1671_B3D,CC[C@H](NC(=O)c1c(O)c(-c2ccccc2)nc2ccccc12)c1ccccc1,
3110,1672_B3D,CC[C@H](NC(=O)c1c(OCC(=O)O)c(-c2ccccc2)nc2ccccc12)c1ccccc1,
3111,1673_B3D,CC[C@H](NC(=O)c1c(OCCCC(=O)O)c(-c2ccccc2)nc2ccccc12)c1ccccc1,
3112,1674_B3D,CC[C@H](NC(=O)c1c(OCCCN(C)C)c(-c2ccccc2)nc2ccccc12)c1ccccc1,
3113,1675_B3D,CC[C@H](NC(=O)c1c(OCCNC(=O)Cc2ccccc2C(=O)O)c(-c2ccccc2)nc2ccccc12)c1ccccc1,
3114,1676_B3D,CC[C@H](NC(=O)c1c(OCCNC(=O)Cc2ccccn2)c(-c2ccccc2)nc2ccccc12)c1ccccc1,
3115,1677_B3D,CC[C@H](NC(=O)c1c(OCCNC(=O)[C@@H]2CCCN2)c(-c2ccccc2)nc2ccccc12)c1ccccc1,
3116,1678_B3D,CC[C@H]1CC(=O)[C@@H]2Oc3c(OC)ccc4c3[C@@]23CCN(CC2CC2)C(C4)[C@H]13,
3117,1679_B3D,CC[C@H]1CN2CCc3cc(OC)c(OC)cc3[C@@H]2C[C@@H]1C[C@H]1NCCc2cc(OC)c(OC)cc21,
3118,1680_B3D,CC[C@H]1OC(=O)[C@H](C)[C@@H](OC2CC(C)(OC)C(O)C(C)O2)C(C)[C@@H](OC2OC(C)CC(N(C)C)C2O)[C@](C)(O)C[C@@H](C)/C(=N/OC)[C@H](C)[C@@H](O)[C@]1(C)O,
3119,1681_B3D,CC[C@H]1OC(=O)[C@H](C)[C@@H](OC2CC(C)(OC)C(O)C(C)O2)C(C)[C@@H](OC2OC(C)CC(N(C)C)C2O)[C@](C)(O)C[C@@H](C)C(=O)[C@H](C)[C@@H](O)[C@H]1C,
3120,1682_B3D,CC[C@H]1OC(=O)[C@H](C)[C@@H](O[C@H]2C[C@@](C)(OC)[C@@H](O)[C@H](C)O2)C(C)[C@@H](O[C@@H]2O[C@H](C)C[C@H](N(C)C)[C@H]2O)[C@](C)(O)C[C@@H](C)CN(C)[C@H](C)[C@@H](O)[C@]1(C)O,
3121,1683_B3D,CC[C@H]1OC(=O)[C@H](C)[C@@H](O[C@H]2C[C@@](C)(OC)[C@@H](O)[C@H](C)O2)[C@H](C)[C@@H](O[C@@H]2O[C@H](C)C[C@H](N(C)C)[C@H]2O)[C@](C)(O)C[C@@H](C)/C(=N\OCOCCOC)[C@H](C)[C@@H](O)[C@]1(C)O,
3122,1684_B3D,CC[C@H]1OC(=O)[C@H](C)[C@@H](O[C@H]2C[C@@](C)(OC)[C@@H](O)[C@H](C)O2)[C@H](C)[C@@H](O[C@@H]2O[C@H](C)C[C@H](N(C)C)[C@H]2O)[C@](C)(O)C[C@@H](C)C(=O)[C@H](C)[C@@H](O)[C@]1(C)O,
3123,1685_B3D,CC[C@H]1OC(=O)[C@H](C)[C@@H](O[C@H]2C[C@@](C)(OC)[C@@H](O)[C@H](C)O2)[C@H](C)[C@@H](O[C@@H]2O[C@H](C)C[C@H](N(C)C)[C@H]2O)[C@](C)(O)C[C@@H](C)[C@@H]2N[C@@H](COCCOC)O[C@H]([C@H]2C)[C@]1(C)O,
3124,1686_B3D,CC[C@H]1OC(=O)[C@H](C)[C@@H](O[C@H]2C[C@@](C)(OC)[C@@H](O)[C@H](C)O2)[C@H](C)[C@@H](O[C@@H]2O[C@H](C)C[C@H](N(C)C)[C@H]2O)[C@](C)(O)C[C@](C)(F)C(=O)[C@H](C)[C@@H](O)[C@]1(C)O,
3125,1687_B3D,CC[C@H]1OC(=O)[C@H](C)[C@@H](O[C@H]2C[C@@](C)(OC)[C@@H](O)[C@H](C)O2)[C@H](C)[C@@H](O[C@@H]2O[C@H](C)C[C@H](N(C)C)[C@H]2O)[C@](C)(OC)C[C@@H](C)C(=O)[C@H](C)[C@@H](O)[C@]1(C)O,
3126,1688_B3D,CC[C@]1(O)C[C@H]2CN(CCc3c([nH]c4ccccc34)[C@@](C(=O)OC)(c3cc4c(cc3OC)N(C)[C@H]3[C@@](O)(C(N)=O)[C@H](O)[C@]5(CC)C=CCN6CC[C@]43[C@@H]65)C2)C1,
3127,1689_B3D,CC[C@]12CCN(CC3(O)CC3)[C@H](Cc3ccc(O)cc31)C2(C)C,
3128,1690_B3D,CC[N+](C)(C)Cc1ccccc1Br,
3129,1691_B3D,CC[N+](C)(CC)CCOC(=O)C1c2ccccc2Oc2ccccc21,
3130,1692_B3D,CCc1c(C)[n+]([NH-])c(-c2ccc(OC)c(OC)c2)c2cc(OC)c(OC)cc12,
3131,1693_B3D,CCc1c(C)[nH]c2c1C(=O)C(CN1CCOCC1)CC2,
3132,1694_B3D,CCc1c(C)[nH]c2c1C(=O)[C@@H]1CN(C)CC[C@H]1C2,
3133,1695_B3D,CCc1c(O)c(=O)ccn1CC,
3134,1696_B3D,CCc1c(O)c(=O)ccn1CCCCO,
3135,1697_B3D,CCc1c(O)c(=O)ccn1CCO,
3136,1698_B3D,CCc1c(OC)nc2nc(-c3noc(C)n3)cn2c1C,
3137,1699_B3D,CCc1c(OC)nc2nc(C(=O)c3ccccc3)cn2c1C,
3138,1700_B3D,CCc1cc2c(s1)-n1c(C)nnc1CN=C2c1ccccc1Cl,
3139,1701_B3D,CCc1ccc2c(c1)N(CC(C)CN(C)C)c1ccccc1S2,
3140,1702_B3D,CCc1ccccc1-n1c(C)nc2ccccc2c1=O,
3141,1703_B3D,CCc1nn(CCCN2CCN(c3cccc(Cl)c3)CC2)c(=O)n1CC,
3142,1704_B3D,CCc1nn(CCCN2CCN(c3cccc(Cl)c3)CC2)c(=O)n1CCOc1ccccc1,
3143,1705_B3D,CCn1c2c(c3ccccc31)CCSC2(C)CCN(C)C,
3144,1706_B3D,CCn1cc(C(=O)O)c(=O)c2ccc(Cc3ccccc3)nc21,
3145,1707_B3D,CCn1ccc(=O)c(O)c1C,
3146,1708_B3D,CCn1nc(C)c2c1C(c1ccccc1)=NCC(=O)N2,
3147,1709_B3D,CCn1nnn(CCN2CC[C@H](N(C(=O)COC)c3ccccc3F)[C@H](C)C2)c1=O,
3148,1710_B3D,CN(C(=O)CN(CCO)CCO)c1ccc(Cl)cc1C(=O)c1ccccc1Cl,
3149,1711_B3D,CN(C(=O)CNC(=O)CN)c1ccc(Cl)cc1C(=O)c1ccccc1Cl,
3150,1712_B3D,CN(C(=O)CNC(=O)[C@@H](N)CCCCN)c1ccc(Cl)cc1C(=O)c1ccccc1,
3151,1713_B3D,CN(C(=O)CNC1CC1)c1ccc(Cl)cc1C(=O)c1ccccc1Cl,
3152,1714_B3D,CN(C(=O)Cc1ccc(Cl)c(Cl)c1)C1CCCC[C@H]1N1CCCC1,
3153,1715_B3D,CN(C(=O)Cc1ccc(Cl)c(Cl)c1)[C@@H](CN1CCCC1)c1ccccc1,
3154,1716_B3D,CN(C(=O)Cc1ccc(Cl)c(Cl)c1)[C@H]1CC[C@@]2(CCCO2)C[C@@H]1N1CCCC1,
3155,1717_B3D,CN(C(=O)Cc1ccccc1N)[C@@H](CN1CC[C@@H](O)C1)c1ccccc1,
3156,1718_B3D,CN(C)C(=O)C1(c2ccc(Cl)cc2)CCN(CCCC(=O)c2ccc(F)cc2)CC1,
3157,1719_B3D,CN(C)C(=O)CCNc1ccc(Br)cc1,
3158,1720_B3D,CN(C)C(=O)COC1c2ccccc2CCc2ccccc21,
3159,1721_B3D,CN(C)C(=O)OC1N=C(c2ccccc2)c2cc(Cl)ccc2N(C)C1=O,
3160,1722_B3D,CN(C)C(=O)c1nc(CNC(=O)CN)n(-c2ccc(Cl)cc2C(=O)c2ccccc2Cl)n1,
3161,1723_B3D,CN(C)C(C)(CO)Cc1ccc(Cl)c(Cl)c1,
3162,1724_B3D,CN(C)C/C=C(/c1ccc(Br)cc1)c1cccnc1,
3163,1725_B3D,CN(C)C1=NC(=O)C(c2ccccc2)O1,
3164,1726_B3D,CN(C)C1C(=O)C(C(=O)NCN2CCN(C(=N)N=C(N)N)CC2)=C(O)C2(O)C(=O)C3=C(O)c4c(O)cccc4C(C)(O)C3CC12,
3165,1727_B3D,CN(C)C1C(=O)C(C(=O)NCN2CCN(CCO)CC2)=C(O)C2(O)C(=O)C3=C(O)c4c(O)cccc4C(C)(O)C3CC12,
3166,1728_B3D,CN(C)C1CCc2[nH]c3c(F)cc(F)cc3c2C1,
3167,1729_B3D,CN(C)C1CCc2[nH]c3ccccc3c2C1,
3168,1730_B3D,CN(C)CC#CC=C1c2ccccc2C=Cc2ccccc21,
3169,1731_B3D,CN(C)CC(=O)C=C1c2ccccc2CCc2ccccc21,
3170,1732_B3D,CN(C)CC(=O)N1c2ccccc2Sc2ccccc21,
3171,1733_B3D,CN(C)CC(CN1c2ccccc2Sc2ccccc21)N(C)C,
3172,1734_B3D,CN(C)CC(O)C(c1ccccc1)c1ccc(Cl)cc1,
3173,1735_B3D,CN(C)CC(Oc1ccccc1)Oc1ccccc1,
3174,1736_B3D,CN(C)CC/C=C1/c2ccccc2COc2ccccc21,
3175,1737_B3D,CN(C)CC/C=C1/c2ccccc2CSc2ccccc21,
3176,1738_B3D,CN(C)CC/C=C1/c2ccccc2Sc2ccc(Cl)cc21,
3177,1739_B3D,CN(C)CC1=Cc2ccccc2Sc2ccccc21,
3178,1740_B3D,CN(C)CC1COC2(O1)c1ccccc1COc1ccccc12,
3179,1741_B3D,CN(C)CCC(c1ccccc1)C1CCCCC1,
3180,1742_B3D,CN(C)CCC1(C)OCCC2=C1c1ccccc1C2,
3181,1743_B3D,CN(C)CCC1(c2ccccc2)C=Cc2ccccc21,
3182,1744_B3D,CN(C)CCC=C1c2ccccc2C(C)(C)c2ccccc21,
3183,1745_B3D,CN(C)CCC=C1c2ccccc2Sc2ccccc21,
3184,1746_B3D,CN(C)CCCC1c2ccccc2Nc2ccc(Cl)cc21,
3185,1747_B3D,CN(C)CCCN1c2ccccc2C(C)(C)c2ccccc21,
3186,1748_B3D,CN(C)CCCN1c2ccccc2C(c2ccccc2)=Nc2cccnc21,
3187,1749_B3D,CN(C)CCCN1c2ccccc2C=Cc2ccccc21,
3188,1750_B3D,CN(C)CCCN1c2ccccc2C=Cc2sccc21,
3189,1751_B3D,CN(C)CCCN1c2ccccc2CC(=O)c2ccccc21,
3190,1752_B3D,CN(C)CCCN1c2ccccc2CCc2ccc(C#N)cc21,
3191,1753_B3D,CN(C)CCCN1c2ccccc2Sc2cccnc21,
3192,1754_B3D,CN(C)CCCn1c(=O)c2ccccc2c2ccccc21,
3193,1755_B3D,CN(C)CCCn1c(=O)n(-c2ccccc2)c2cc(Cl)ccc21,
3194,1756_B3D,CN(C)CCCn1c2c(c3ccccc31)CCCCCC2,
3195,1757_B3D,CN(C)CCCn1cc(-c2ccccc2)c(-c2ccccc2)n1,
3196,1758_B3D,CN(C)CCN(C)n1cc(-c2ccccc2)c2ccccc21,
3197,1759_B3D,CN(C)CCN(Cc1cccs1)c1ccccn1,
3198,1760_B3D,CN(C)CCN1C(=O)CC(c2ccccc2)Sc2ccccc21,
3199,1761_B3D,CN(C)CCN1C(=O)c2ccccc2N(C)c2ccccc21,
3200,1762_B3D,CN(C)CCN1CCN(c2cccc(Cl)c2)C1=O,
3201,1763_B3D,CN(C)CCO,
3202,1764_B3D,CN(C)CCOC(=O)CCC1CCCCC1,
3203,1765_B3D,CN(C)CCOC(=O)COc1ccc(Cl)cc1,
3204,1766_B3D,CN(C)CCOC(C)(c1ccccc1)c1ccc(Cl)cc1,
3205,1767_B3D,CN(C)CCOC(c1ccccc1)c1ccc(Br)cc1,
3206,1768_B3D,CN(C)CCOC(c1ccccc1)c1ccccc1C(C)(C)C,
3207,1769_B3D,CN(C)CCOC1(Cc2ccccc2)CC2CCC1(C)C2(C)C,
3208,1770_B3D,CN(C)CCOC1=Cc2ccccc2Sc2ccc(Cl)cc21,
3209,1771_B3D,CN(C)CCON=C1c2ccccc2CCc2ccccc21,
3210,1772_B3D,CN(C)CC[C@]1(c2ccccc2)CCc2ccccc2C1=O,
3211,1773_B3D,CN(C)CCc1c[nH]c2cccc(OP(=O)(O)O)c12,
3212,1774_B3D,CN(C)CCc1ccccn1,
3213,1775_B3D,CN(C)CCn1cnc2c1c(=O)n(C)c(=O)n2C,
3214,1776_B3D,CN(C)CCn1nnnc1SCC1=C(C(=O)O)N2C(=O)[C@@H](NC(=O)Cc3csc(N)n3)[C@H]2SC1,
3215,1777_B3D,CN(C)Cc1nnc2n1-c1ccc(Cl)cc1C(c1ccccc1)=NC2,
3216,1778_B3D,CN(C)S(=O)(=O)c1ccc2c(c1)N(CCCN1CCC(CCO)CC1)c1ccccc1S2,
3217,1779_B3D,CN(C)[C@@H](CCOc1cccc2ccccc12)c1ccccc1,
3218,1780_B3D,CN(C)[C@@H]1C(=O)C(C(=O)NC(C(=O)O)N2CCN(CCO)CC2)=C(O)[C@@]2(O)C(=O)C3=C(O)c4c(O)cccc4[C@@](C)(O)[C@H]3C[C@@H]12,
3219,1781_B3D,CN(C)[C@@H]1C(=O)C(C(=O)NCN2CCCC(C(=O)O)C2)=C(O)[C@@]2(O)C(=O)C3=C(O)c4c(O)cccc4[C@@](C)(O)[C@H]3C[C@@H]12,
3220,1782_B3D,CN(C)[C@@H]1C(=O)C(C(=O)NCNC(C(=O)NC2C(=O)N3C2SC(C)(C)C3C(=O)O)c2ccccc2)=C(O)[C@@]2(O)C(=O)C3=C(O)c4c(O)cccc4[C@@](C)(O)[C@H]3C[C@@H]12,
3221,1783_B3D,CN(C)[C@@H]1C(=O)C(C(=O)NCO)=C(O)[C@@]2(O)C(=O)C3=C(O)c4c(O)ccc(Cl)c4[C@@](C)(O)[C@H]3C[C@@H]12,
3222,1784_B3D,CN(C)[C@@H]1C(=O)C(C(N)=O)=C(O)[C@@]2(O)C(=O)C3=C(O)c4c(O)ccc(Cl)c4[C@@H](O)[C@H]3C[C@@H]12,
3223,1785_B3D,CN(C)[C@@H]1C(=O)C(C(N)=O)=C(O)[C@@]2(O)C(=O)C3=C(O)c4c(O)ccc(Cl)c4[C@@](C)(O)[C@H]3C[C@@H]12,
3224,1786_B3D,CN(C)[C@@H]1C(=O)C(C(N)=O)=C(O)[C@@]2(O)C(=O)C3=C(O)c4c(O)ccc([N+](=O)[O-])c4C[C@H]3C[C@@H]12,
3225,1787_B3D,CN(C)[C@@H]1C(=O)C(C(N)=O)=C(O)[C@@]2(O)C(=O)C3=C(O)c4c(O)cccc4[C@@H](O)[C@H]3C[C@@H]12,
3226,1788_B3D,CN(C)[C@@H]1C(=O)C(C(N)=O)=C(O)[C@@]2(O)C(=O)C3=C(O)c4c(O)cccc4[C@@](C)(O)[C@H]3C[C@@H]12,
3227,1789_B3D,CN(C)[C@@H]1C(=O)C(C(N)=O)=C(O)[C@@]2(O)C(=O)C3=C(O)c4c(O)cccc4[C@@](C)(O)[C@H]3[C@H](O)[C@@H]12,
3228,1790_B3D,CN(C)[C@@H]1C(=O)C(C(N)=O)=C(O)[C@@]2(O)C(=O)C3=C(O)c4c(ccc(N)c4O)C[C@H]3C[C@@H]12,
3229,1791_B3D,CN(C)c1cnccn1,
3230,1792_B3D,CN(C/C=C/c1ccccc1)CCOC(c1ccccc1)c1ccccc1,
3231,1793_B3D,CN(CCCN1c2ccccc2CCc2ccccc21)CC(=O)c1ccc(Cl)cc1,
3232,1794_B3D,CN(CCN(C)CNC(=O)C1=C(O)[C@@]2(O)C(=O)C3=C(O)c4c(O)cccc4[C@@](C)(O)[C@H]3C[C@H]2[C@H](N(C)C)C1=O)CNC(=O)C1=C(O)[C@@]2(O)C(=O)C3=C(O)c4c(O)cccc4[C@@](C)(O)[C@H]3C[C@H]2[C@H](N(C)C)C1=O,
3233,1795_B3D,CN(CCc1cc2cccc3c2n1-c1ccccc1CC3)Cc1ccccc1,
3234,1796_B3D,CN(N=O)C(=O)N[C@H]1[C@@H](O)O[C@H](CO)[C@@H](O)[C@@H]1O,
3235,1797_B3D,CN1C(=O)C(O)N=C(c2ccccc2)c2cc(Cl)ccc21,
3236,1798_B3D,CN1C(=O)C(O)N=C(c2ccccc2Cl)c2cc(Cl)ccc21,
3237,1799_B3D,CN1C(=O)C(O)N=C(c2ccccc2F)c2cc(Cl)ccc21,
3238,1800_B3D,CN1C(=O)CC(=O)N(c2ccccc2)c2cc(C(F)(F)F)ccc21,
3239,1801_B3D,CN1C(=O)CC(C)(c2ccccc2)C1=O,
3240,1802_B3D,CN1C(=O)CC(c2ccccc2)C1=O,
3241,1803_B3D,CN1C(=O)CC2(CCN(CCCC(=O)c3ccc(F)cc3)CC2)C1=O,
3242,1804_B3D,CN1C(=O)CCC1c1cccnc1,
3243,1805_B3D,CN1C(=O)CCS(=O)(=O)C1c1ccc(Cl)c(Cl)c1,
3244,1806_B3D,CN1C(=O)CCS(=O)(=O)C1c1ccc(Cl)cc1,
3245,1807_B3D,CN1C(=O)CN(C(N)=O)C(c2ccccc2)c2cc(Cl)ccc21,
3246,1808_B3D,CN1C(=O)CN2CCc3ccccc3C2c2cc(Cl)ccc21,
3247,1809_B3D,CN1C(=O)CN=C(C2=CCCCC2)c2cc(Cl)ccc21,
3248,1810_B3D,CN1C(=O)CN=C(C2=CCCCC2)c2cc([N+](=O)[O-])ccc21,
3249,1811_B3D,CN1C(=O)CN=C(c2ccccc2)c2cc([N+](=O)[O-])ccc21,
3250,1812_B3D,CN1C(=O)CN=C(c2ccccc2F)c2cc(Cl)ccc21,
3251,1813_B3D,CN1C(=O)OC(C)(C)C1=O,
3252,1814_B3D,CN1C(=S)CN=C(c2ccccc2)c2cc(Cl)ccc21,
3253,1815_B3D,CN1C(C(=O)Nc2ccccn2)=C(O)c2sccc2S1(=O)=O,
3254,1816_B3D,CN1C(CC(=O)c2ccccc2)CCCC1CC(O)c1ccccc1,
3255,1817_B3D,CN1C(CCl)Nc2cc(Cl)c(S(N)(=O)=O)cc2S1(=O)=O,
3256,1818_B3D,CN1C(CSCC(F)(F)F)Nc2cc(Cl)c(S(N)(=O)=O)cc2S1(=O)=O,
3257,1819_B3D,CN1C2CCC1CC(OC(=O)C(C)(CO)c1ccccc1)C2,
3258,1820_B3D,CN1C2CCC1CC(OC(=O)[C@H](CO)c1ccccc1)C2,
3259,1821_B3D,CN1C2CCC1CC(OC(c1ccccc1)c1ccccc1)C2,
3260,1822_B3D,CN1CC(=O)NC1=NC(=O)Nc1cccc(Cl)c1,
3261,1823_B3D,CN1CC(CSc2ccccn2)C=C2c3cccc4[nH]cc(c34)CC21,
3262,1824_B3D,CN1CC=C(c2ccccc2)CC1,
3263,1825_B3D,CN1CCC(=C2c3ccccc3C(O)c3ccccc32)CC1,
3264,1826_B3D,CN1CCC(=C2c3ccccc3CCc3sccc32)CC1,
3265,1827_B3D,CN1CCC(=C2c3ccccc3Oc3ccc(Cl)cc32)CC1,
3266,1828_B3D,CN1CCC(=C2c3ccccc3Sc3ccccc32)CC1,
3267,1829_B3D,CN1CCC(C)(CN2c3ccccc3Sc3ccccc32)C1,
3268,1830_B3D,CN1CCC(OC2c3ccccc3CCc3ccccc32)CC1,
3269,1831_B3D,CN1CCC2(C)CC(Cc3ccc(O)cc32)C1,
3270,1832_B3D,CN1CCC23c4c5ccc(O)c4OC2C(O)CCC3C1C5,
3271,1833_B3D,CN1CCC23c4c5ccc(O)c4OC2CCCC3C1C5,
3272,1834_B3D,CN1CCC2=C(C1)c1ccccc1Cc1ccccc12,
3273,1835_B3D,CN1CCC2=C(CC1)c1cc(C#N)ccc1Sc1ccccc12,
3274,1836_B3D,CN1CCC2=C(CC1)c1ccccc1N(C)c1ccccc12,
3275,1837_B3D,CN1CCC2=C(CC1)c1ccccc1Oc1ccccc12,
3276,1838_B3D,CN1CCCC(CN2c3ccccc3Sc3ccccc32)C1,
3277,1839_B3D,CN1CCCN(C(c2ccccc2)c2ccc(Cl)cc2)CC1,
3278,1840_B3D,CN1CCCc2cccc(OCC3CNCCO3)c21,
3279,1841_B3D,CN1CCN(/C=C2\N=C3CN=C(c4ccccc4Cl)c4cc([N+](=O)[O-])ccc4N3C2=O)CC1,
3280,1842_B3D,CN1CCN(C(=O)Cc2ccc(Cl)c(Cl)c2)[C@@H](CN2CCCC2)C1,
3281,1843_B3D,CN1CCN(C(=O)OC2C3=C(SCCS3)C(=O)N2c2ccc3ccc(Cl)nc3n2)CC1,
3282,1844_B3D,CN1CCN(C(c2ccccc2)c2ccc(Cl)cc2)CC1,
3283,1845_B3D,CN1CCN(C2=Cc3cc(Cl)ccc3/C(=C\C#N)c3ccccc32)CC1,
3284,1846_B3D,CN1CCN(C2=Nc3cc(Cl)ccc3Nc3ccccc32)CC1,
3285,1847_B3D,CN1CCN(C2=Nc3cc(F)ccc3Cc3ccccc32)CC1,
3286,1848_B3D,CN1CCN(C2=Nc3ccccc3Cc3ccccc32)CC1,
3287,1849_B3D,CN1CCN(C2=Nc3ccccc3Sc3ccc(Cl)cc32)CC1,
3288,1850_B3D,CN1CCN(C2=Nc3ccccc3Sc3nccn32)CC1,
3289,1851_B3D,CN1CCN(C2=Nc3cscc3/C(=C/C#N)c3cscc32)CC1,
3290,1852_B3D,CN1CCN(C2Cc3ccccc3Sc3ccc(Cl)cc32)CC1,
3291,1853_B3D,CN1CCN(CC(=O)[C@@]2(O)CC[C@H]3[C@@H]4CCC5=CC(=O)C=C[C@]5(C)[C@H]4[C@@H](O)C[C@@]32C)CC1,
3292,1854_B3D,CN1CCN(CC/C=C2\c3ccccc3Sc3ccc(S(=O)(=O)N(C)C)cc32)CC1,
3293,1855_B3D,CN1CCN(CCC(=O)N2c3ccccc3Sc3ccc(C(F)(F)F)cc32)CC1,
3294,1856_B3D,CN1CCN(CCCN2c3ccccc3Sc3ccc(Cl)cc32)CC1,
3295,1857_B3D,CN1CCN(CCCN2c3ccccc3Sc3ccc(S(=O)(=O)N(C)C)cc32)CC1,
3296,1858_B3D,CN1CCN(CCN2CCN(CCCN3c4ccccc4Sc4ccc(Cl)cc43)CC2)C1=O,
3297,1859_B3D,CN1CCN(c2c(F)cc3c(=O)c(C(=O)O)cn4c3c2SCC4)CC1,
3298,1860_B3D,CN1CCN(c2cc3c(cc2F)c(=O)c(C(=O)O)cn3-c2ccc(F)cc2)CC1,
3299,1861_B3D,CN1CCN(c2cc3c(nn2)Oc2ccccc2N3C)CC1,
3300,1862_B3D,CN1CCN(c2ccccc2Cc2ccccc2)CC1,
3301,1863_B3D,CN1CCN(c2ncc(-c3cc(Cl)cc(Cl)c3Cl)c(N)n2)CC1,
3302,1864_B3D,CN1CCN2c3cc(F)ccc3C(c3cccs3)=NCC2C1,
3303,1865_B3D,CN1CCN2c3ccccc3Cn3cccc3C2C1,
3304,1866_B3D,CN1CCN=C(c2ccccc2)c2cc(Cl)ccc21,
3305,1867_B3D,CN1CCOC(c2ccccc2)c2ccccc2C1,
3306,1868_B3D,CN1CC[C@@H]2c3cc(Cl)ccc3Oc3ccccc3[C@H]2C1,
3307,1869_B3D,CN1CC[C@@]2(C)c3cc(OC(=O)N4CCc5ccccc5C4)ccc3N(C)[C@@H]12,
3308,1870_B3D,CN1CC[C@@]23CCCC[C@@H]2[C@@H]1Cc1ccc(O)cc13,
3309,1871_B3D,CN1CC[C@]23NC(=O)CC(c4cc(Cl)ccc4O2)C3C1,
3310,1872_B3D,CN1CC[C@]23c4c5ccc(O)c4O[C@@]2(C)C(=O)CC[C@H]3[C@H]1C5,
3311,1873_B3D,CN1CC[C@]23c4c5ccc(O)c4O[C@H]2C(=O)CC[C@H]3[C@H]1C5,
3312,1874_B3D,CN1CC[C@]23c4c5ccc(O)c4O[C@H]2C(O)C=C[C@H]3[C@H]1C5,
3313,1875_B3D,CN1CC[C@]23c4c5ccc(O)c4O[C@H]2[C@@H](O)CC[C@@]3(O)[C@H]1C5,
3314,1876_B3D,CN1CC[C@]23c4c5ccc(OC(=O)c6cccnc6)c4O[C@H]2[C@@H](OC(=O)c2cccnc2)C=C[C@H]3[C@H]1C5,
3315,1877_B3D,CN1CCc2cc(Cl)c(O)cc2[C@@H](c2cc(Br)cc3c2OCC3)C1,
3316,1878_B3D,CN1CCc2cc(Cl)c(O)cc2[C@@H](c2cccc3c2OCC3)C1,
3317,1879_B3D,CN1CCc2cccc3c2[C@H]1Cc1ccc(O)c(O)c1-3,
3318,1880_B3D,CN1C[C@@H](CC#N)CC2c3cccc4[nH]cc(c34)C[C@H]21,
3319,1881_B3D,CN1C[C@@H](NS(=O)(=O)N(C)C)C[C@@H]2c3cccc4c3c(cn4C)C[C@H]21,
3320,1882_B3D,CN1C[C@@H]2[C@@H](Cc3ccc(Cl)cc3[C@H]2c2ccccc2)C1,
3321,1883_B3D,CN1C[C@@H]2c3cc(Cl)ccc3Oc3ccccc3[C@@H]2C1,
3322,1884_B3D,CN1C[C@H](C(=O)N[C@]2(C)O[C@@]3(O)[C@@H]4CCCN4C(=O)[C@H](Cc4ccccc4)N3C2=O)C[C@@H]2c3cccc4[nH]cc(c34)C[C@H]21,
3323,1885_B3D,CN1C[C@H](CN2CC(=O)NC(=O)C2)C=C2c3cccc4[nH]cc(c34)C[C@H]21,
3324,1886_B3D,CN1Cc2c(N)cccc2C(c2ccccc2)C1,
3325,1887_B3D,CN1[C@H]2CCC[C@@H]1CC(NC(=O)c1nn(C)c3ccccc13)C2,
3326,1888_B3D,CN1[C@H]2CC[C@@H]1CC(NC(=O)N1CC(C)(C)c3ccccc31)C2,
3327,1889_B3D,CN1[C@H]2CC[C@@H]1CC(NC(=O)c1cn(C3CCCCC3)c3ccccc3c1=O)C2,
3328,1890_B3D,CN1c2cc(F)ccc2C(c2ccccc2)=NCC1CNC(=O)c1ccoc1,
3329,1891_B3D,CN1c2ccccc2C(NCCCCCCC(=O)O)c2ccc(Cl)cc2S1(=O)=O,
3330,1892_B3D,CN1c2ccccc2C(c2ccccc2Cl)=NCC1(Cl)CO,
3331,1893_B3D,CN1c2ccccc2C(c2ccccc2F)=NCC1CNC(=O)c1ccsc1,
3332,1894_B3D,CN=C(Cc1ccc2ccccc2c1)NC,
3333,1895_B3D,CN=C1CN(O)C(c2ccccc2)=c2cc(Cl)ccc2=N1,
3334,1896_B3D,CNC(=O)CCN1CCN(CCC=C2c3ccccc3Sc3ccc(Cl)cc32)CC1,
3335,1897_B3D,CNC(=O)C[C@@H](N)C(=O)N[C@@H](C(=O)N[C@@H]1C(=O)N2[C@@H](C(=O)O)C(C)(C)S[C@H]12)c1ccc(O)cc1,
3336,1898_B3D,CNC(=O)N1CC(Oc2cccc(C(F)(F)F)c2)C1,
3337,1899_B3D,CNC(=O)NC(O)C(Cl)(Cl)Cl,
3338,1900_B3D,CNC(=O)O[C@H]1OC(=O)[C@]2(C)[C@@H]3C=C[C@@H](C3)[C@H]12,
3339,1901_B3D,CNC(C)C(=O)c1ccc(OC)cc1,
3340,1902_B3D,CNC(C)C(O)c1ccc(O)cc1,
3341,1903_B3D,CNC(C)C1CCC(N)C(OC2C(N)CC(N)C(OC3OCC(C)(O)C(NC)C3O)C2O)O1,
3342,1904_B3D,CNC/C=C(/c1ccc(Br)cc1)c1cccnc1,
3343,1905_B3D,CNC1(c2ccccc2Cl)CCCCC1=O,
3344,1906_B3D,CNC1C(O)C(OC2C(NC(=O)C(O)CN)CC(N)C(OC3OC(CN)C(O)C(O)C3O)C2O)OCC1(C)O,
3345,1907_B3D,CNC1CCC(c2ccccc2)c2ccccc21,
3346,1908_B3D,CNC1CCN2c3ccccc3CCc3cccc1c32,
3347,1909_B3D,CNC1CCc2ncsc2C1,
3348,1910_B3D,CNC1Cc2ccccc2N(C)c2ccccc21,
3349,1911_B3D,CNCC(O)c1ccc(O)c(O)c1,
3350,1912_B3D,CNCC(O)c1cccc(OC(=O)C(C)(C)C)c1,
3351,1913_B3D,CNCC12CCC(c3ccccc31)c1ccccc12,
3352,1914_B3D,CNCCC(Oc1cccc2ccccc12)c1cccs1,
3353,1915_B3D,CNCCC(Oc1ccccc1OC)c1ccccc1,
3354,1916_B3D,CNCCC=C1c2ccccc2C(C)(C)c2ccccc21,
3355,1917_B3D,CNCCC=C1c2ccccc2C2CC2c2ccccc21,
3356,1918_B3D,CNCCCC1(C)C(=O)N(c2ccccc2)c2ccccc21,
3357,1919_B3D,CNCCCC1(C)CN(c2ccccc2)c2ccccc21,
3358,1920_B3D,CNCCCC1(c2ccccc2)OC(C)(C)c2ccccc21,
3359,1921_B3D,CNCCCC1c2ccccc2C=Cc2ccccc21,
3360,1922_B3D,CNCCCCOc1ccccc1Cc1ccccc1,
3361,1923_B3D,CNCCCN1Cc2ccccc2Cc2ccccc21,
3362,1924_B3D,CNCCCN1c2ccccc2C(C)(C)c2ccccc21,
3363,1925_B3D,CNCCOC(c1ccccc1)c1ccccc1C,
3364,1926_B3D,CNCCON=c1c2ccccc2ccc2ccccc12,
3365,1927_B3D,CNCCSC1=Cc2cc(F)ccc2Oc2ccccc21,
3366,1928_B3D,CNCC[C@@H](O)[C@@H]1C[C@H](SC2=C(C(=O)O)N3C(=O)[C@H]([C@@H](C)O)[C@H]3[C@H]2C)CN1,
3367,1929_B3D,CNCC[C@@H](Oc1ccccc1C)c1ccccc1,
3368,1930_B3D,CNC[C@@H]1CN(c2ccc(OCc3cccc(Cl)c3)cc2)C(=O)O1,
3369,1931_B3D,CNC[C@H](O)CC12CCC(c3ccccc31)c1ccccc12,
3370,1932_B3D,CNC[C@H](O)c1ccc(O)c(O)c1,
3371,1933_B3D,CNO.Cc1oc(C(C)(C)N(C(C)(C)N)C(C)(C)N)c(C)c1C,
3372,1934_B3D,CN[C@@H](C)[C@H](O)c1ccccc1,
3373,1935_B3D,CN[C@@H]1C[C@@H](c2ccc(Cl)c(Cl)c2)c2ccccc21,
3374,1936_B3D,CN[C@@H]1[C@@H](O)[C@@H](O[C@@H]2[C@@H](O)[C@H](O[C@H]3OC(CN)=CC[C@H]3N)[C@@H](N)C[C@H]2N)OC[C@]1(C)O,
3375,1937_B3D,CN[C@@H]1[C@@H](O[C@H]2O[C@H](CO)[C@@H](N)[C@H](O)[C@H]2O)O[C@H]2C[C@@H](N)[C@H](O[C@@H]3[C@@H](N)C[C@@H](N)[C@H](O)[C@H]3O)O[C@@H]2[C@@H]1O,
3376,1938_B3D,CN[C@@H]1[C@H](O[C@H]2[C@H](O[C@@H]3[C@@H](N=C(N)N)[C@H](O)[C@@H](N=C(N)N)[C@H](O)[C@H]3O)O[C@@H](C)[C@]2(O)C=O)O[C@@H](CO)[C@H](O)[C@H]1O,
3377,1939_B3D,CN[C@@H]1[C@H](O[C@H]2[C@H](O[C@@H]3[C@@H](O)[C@H](O)[C@@H](N=C(N)N)[C@H](O)[C@H]3N=C(N)N)O[C@@H](C)[C@]2(O)CO)O[C@@H](CO)[C@H](O)[C@H]1O,
3378,1940_B3D,CN[C@H](CC(C)C)C(=O)NC1C(=O)N[C@@H](CC(N)=O)C(=O)N[C@H]2C(=O)N[C@H]3C(=O)N[C@H](C(=O)N[C@@H](C(=O)O)c4cc(O)cc(O)c4-c4cc3ccc4O)[C@H](O)c3ccc(c(Cl)c3)Oc3cc2cc(c3O[C@@H]2O[C@H](CO)[C@@H](O)[C@H](O)[C@H]2O[C@H]2C[C@](C)(N)[C@H](O)[C@H](C)O2)Oc2ccc(cc2Cl)[C@H]1O,
3379,1941_B3D,CNc1cc(OC)c(C(=O)N[C@@H]2CCN(Cc3ccccc3)[C@@H]2C)cc1Cl,
3380,1942_B3D,CNc1nc(Cl)c(SC)c(N2CCN(C)CC2)n1,
3381,1943_B3D,CO/N=C(/C(=O)NC1C(=O)N(OCC(=O)O)[C@H]1C)c1csc(N)n1,
3382,1944_B3D,CO/N=C(/C(=O)NC1C(=O)N2C(C(=O)O)=C(/C=C\c3scnc3C)CS[C@H]12)c1csc(N)n1,
3383,1945_B3D,CO/N=C(/C(=O)N[C@@H]1C(=O)N(OCC(=O)OCC(=O)OC(C)(C)C)[C@H]1C)c1csc(N)n1,
3384,1946_B3D,CO/N=C(/C(=O)N[C@@H]1C(=O)N2C(C(=O)O)=C(/C=C/Sc3n[nH]c(=O)c(=O)n3CC=O)CS[C@H]12)c1csc(N)n1,
3385,1947_B3D,CO/N=C(/C(=O)N[C@@H]1C(=O)N2C(C(=O)O)=C(C)CS[C@H]12)c1csc(N)n1,
3386,1948_B3D,CO/N=C(/C(=O)N[C@@H]1C(=O)N2C(C(=O)O)=C(COC(C)=O)CS[C@H]12)c1ccco1,
3387,1949_B3D,CO/N=C(/C(=O)N[C@@H]1C(=O)N2C(C(=O)O)=C(COC(C)=O)C[S+]([O-])[C@H]12)c1csc(N)n1,
3388,1950_B3D,CO/N=C(/C(=O)N[C@@H]1C(=O)N2C(C(=O)O)=C(COC(N)=O)CS[C@H]12)c1ccco1,
3389,1951_B3D,CO/N=C(/C(=O)N[C@@H]1C(=O)N2C(C(=O)O)=C(CSC(=O)c3ccco3)CS[C@H]12)c1csc(N)n1,
3390,1952_B3D,CO/N=C(/C(=O)N[C@@H]1C(=O)N2C(C(=O)O)=C(CSc3cnns3)CS[C@H]12)c1csc(N)n1,
3391,1953_B3D,CO/N=C(/C(=O)N[C@@H]1C(=O)N2C(C(=O)O)=C(CSc3nc(=O)c(=O)[nH]n3C)CS[C@H]12)c1csc(N)n1,
3392,1954_B3D,CO/N=C(/C(=O)N[C@@H]1C(=O)N2C(C(=O)O)=C(CSc3nnnn3C)CS[C@H]12)c1csc(N)n1,
3393,1955_B3D,CO/N=C(/C(=O)N[C@@H]1C(=O)N2C(C(=O)O)=C(Cn3nnc(C)n3)CS[C@H]12)c1csc(N)n1,
3394,1956_B3D,CO/N=C(/C(=O)N[C@@H]1C(=O)N2C(C(=O)O)=CCS[C@H]12)c1csc(N)n1,
3395,1957_B3D,CO/N=C(/C(=O)N[C@@H]1C(=O)N2C(C(=O)OC(C)OC(C)=O)=C(COC(N)=O)CS[C@H]12)c1ccco1,
3396,1958_B3D,CO/N=C(/C(=O)N[C@H]1C(=O)N2C(C(=O)O)=C(COC(C)=O)CS[C@@H]12)c1csc(N)n1,
3397,1959_B3D,CO/N=C(\C(=O)N[C@@H]1C(=O)N2C(C(=O)O)=C(CSc3nc(C)c(CC(=O)O)s3)CS[C@H]12)c1csc(N)n1,
3398,1960_B3D,CO/N=C\C1=CCCN(C)C1,
3399,1961_B3D,COC(=O)C1=CCCN(C)C1,
3400,1962_B3D,COC(=O)C1C2CC3c4[nH]c5cc(OC)ccc5c4CCN3CC2CC(OC)C1OC,
3401,1963_B3D,COC(=O)N1CCN(C(=O)Cc2ccc(Cl)c(Cl)c2)[C@@H](CN2CCCC2)C1,
3402,1964_B3D,COC(=O)[C@@]1(O)CC[C@H]2C3CCC(=O)C4C(=O)C=CC4(C)[C@H]3C(O)CC21C,
3403,1965_B3D,COC(=O)[C@H]1[C@@H](O)CC[C@H]2CN3CCc4c([nH]c5ccccc45)[C@@H]3C[C@@H]21,
3404,1966_B3D,COC(=O)[C@H]1[C@H]2C[C@@H]3c4[nH]c5cc(OC)ccc5c4CCN3C[C@H]2C[C@@H](OC(=O)/C=C/c2cc(OC)c(OC)c(OC)c2)[C@@H]1OC,
3405,1967_B3D,COC(=O)[C@H]1[C@H]2C[C@@H]3c4[nH]c5cc(OC)ccc5c4CCN3C[C@H]2C[C@@H](OC(=O)c2cc(OC)c(OC)c(OC)c2)[C@@H]1OC,
3406,1968_B3D,COC(=O)[C@H]1[C@H]2C[C@@H]3c4[nH]c5ccc(Cl)cc5c4CCN3C[C@H]2C[C@@H](OC(=O)c2cc(OC)c(OC)c(OC)c2)[C@@H]1OC,
3407,1969_B3D,COC(=O)[C@H]1[C@H]2C[C@@H]3c4[nH]c5ccccc5c4CCN3C[C@H]2C[C@@H](OC(=O)c2cc(OC)c(OC)c(OC)c2)[C@@H]1OC,
3408,1970_B3D,COC(=O)c1ccc(C(=O)OC)cc1,
3409,1971_B3D,COC(=O)c1cncn1C(C)c1ccccc1,
3410,1972_B3D,COC(C(=O)N[C@@H]1C(=O)N2[C@@H](C(=O)O)C(C)(C)S[C@H]12)c1ccc(Cl)c(Cl)c1,
3411,1973_B3D,COC(F)(F)C(F)Br,
3412,1974_B3D,COC(OC)C(=O)[C@@]12OC(C)(C)O[C@@H]1CC1C3C[C@H](F)C4=CC(=O)C=CC4(C)[C@@]3(F)C(O)CC12C,
3413,1975_B3D,COC1(F)C(F)(F)C1(F)Cl,
3414,1976_B3D,COC12C=CC3(CC1C(C)(C)O)[C@@H]1Cc4ccc(O)c5c4[C@]3(CCN1CC1CC1)[C@@H]2O5,
3415,1977_B3D,COC1=C(C(=O)O)N2C(=O)C(NC(=O)C(N)C3C=CCC=C3)C2SC1,
3416,1978_B3D,COC1=CC(=O)OC1C(O)c1ccccc1Cl,
3417,1979_B3D,COC1=CC=C2[C@H]3Cc4ccc(OC)c5c4[C@@]2(CCN3C)[C@H]1O5,
3418,1980_B3D,COC1C(O)CC(=O)OC(C)C/C=C/C=C/C(OC2CCC(N(C)C)C(C)O2)C(C)CC(CC=O)C1OC1OC(C)C(OC2CC(C)(O)C(O)C(C)O2)C(N(C)C)C1O,
3419,1981_B3D,COC1C=COC2(C)Oc3c(C)c(O)c4c(O)c(c(C=NN5CCN(C)CC5)c(O)c4c3C2=O)NC(=O)C(C)=CC=CC(C)C(O)C(C)C(O)C(C)C(OC(C)=O)C1C,
3420,1982_B3D,COC1CC(O[C@@H]2[C@@H](C)C(=O)O[C@H](C)[C@H](C)[C@H](O)[C@@H](C)C(=O)[C@@]3(CO3)C[C@H](C)[C@H](OC3OC(C)CC(N(C)C)C3O)[C@H]2C)OC(C)C1O,
3421,1983_B3D,COC1CCCC2C1=C(C(=O)O)N1C(=O)C(C(C)O)C21,
3422,1984_B3D,COCC(=O)N(c1ccccc1F)C1CCN(CCc2ccccc2)CC1,
3423,1985_B3D,COCC(=O)O[C@]1(CCN(C)CCCc2nc3ccccc3[nH]2)CCc2cc(F)ccc2[C@@H]1C(C)C,
3424,1986_B3D,COCC1=C(C(=O)O)N2C(=O)[C@@H](NC(=O)/C(=N/O)c3csc(N)n3)[C@H]2SC1,
3425,1987_B3D,COCC1=C(C(=O)O)N2C(=O)[C@@H](NC(=O)/C(=N/OC)c3csc(N)n3)[C@H]2SC1,
3426,1988_B3D,COCC1CN(c2ccc(OCc3cccc(C#N)c3)cc2)C(=O)O1,
3427,1989_B3D,COCC1CN=C(c2ccccc2Cl)c2cc(Br)ccc2N1C,
3428,1990_B3D,COCCCC(=O)OC(C)OC(=O)C1=C(COC(N)=O)CS[C@@H]2[C@H](NC(=O)/C(=N/OC)c3ccco3)C(=O)N12,
3429,1991_B3D,COCCCC/C(=N/OCCN)c1ccc(Cl)cc1,
3430,1992_B3D,COCCN1CC[C@]23c4c5ccc(O)c4O[C@H]2C(=O)CC[C@@]3(O)[C@H]1C5,
3431,1993_B3D,COCN1C(=O)CN=C(c2ccccc2)c2cc([N+](=O)[O-])ccc21,
3432,1994_B3D,COCOC(=O)C1N2C(=O)C(N3C(=O)C(c4ccc(O)cc4)NC3(C)C)C2SC1(C)C,
3433,1995_B3D,COCOC(=O)[C@@H]1N2C(=O)[C@@H](N3C(=O)C(c4ccccc4)NC3(C)C)[C@H]2SC1(C)C,
3434,1996_B3D,COC[C@H]1CN(c2ccc(OCC[C@@H](O)C(F)(F)F)cc2)C(=O)O1,
3435,1997_B3D,COCc1c(C(=O)OC(C)C)ncc2[nH]c3cccc(Oc4ccc(Cl)cc4)c3c12,
3436,1998_B3D,COCc1c(C(C)C)nc(C(C)C)c(/C=C/[C@@H](O)C[C@@H](O)CC(=O)O)c1-c1ccc(F)cc1,
3437,1999_B3D,CON=C(C#N)C1CN2CCC1CC2,
3438,2000_B3D,CO[C@@H]1O[C@H]2O[C@]3(CN4CCCCC4)[C@@H](O)C[C@@H]([C@H]13)[C@H]2C,
3439,2001_B3D,CO[C@@H]1[C@@H](OC(N)=O)[C@@H](O)[C@H](Oc2ccc3c(O)c(NC(=O)c4ccc(O)c(CC=C(C)C)c4)c(=O)oc3c2C)OC1(C)C,
3440,2002_B3D,CO[C@@H]1[C@@H](O[C@@H]2O[C@H](C)[C@@H](O[C@H]3C[C@@](C)(O)[C@@H](OC(=O)CC(C)C)[C@H](C)O3)[C@H](N(C)C)[C@H]2O)[C@@H](CC=O)C[C@@H](C)[C@@H](O)/C=C/C=C/C[C@@H](C)OC(=O)C[C@H]1OC(C)=O,
3441,2003_B3D,CO[C@@]1(NC(=O)C(C(=O)O)c2ccc(O)cc2)C(=O)N2C(C(=O)O)=C(CSc3nnnn3C)CO[C@@H]21,
3442,2004_B3D,CO[C@@]1(NC(=O)C(C(=O)O)c2ccsc2)C(=O)N2[C@@H](C(=O)O)C(C)(C)S[C@@H]21,
3443,2005_B3D,CO[C@@]1(NC(=O)CSC(F)(F)F)C(=O)N2C(C(=O)O)=C(CSc3nnnn3CCO)CO[C@@H]21,
3444,2006_B3D,CO[C@@]1(NC(=O)CSCC#N)C(=O)N2C(C(=O)O)=C(CSc3nnnn3C)CS[C@@H]21,
3445,2007_B3D,CO[C@@]1(NC(=O)CSC[C@@H](N)C(=O)O)C(=O)N2C(C(=O)O)=C(CSc3nnnn3C)CS[C@@H]21,
3446,2008_B3D,CO[C@@]12[C@H](COC(N)=O)C3=C(C(=O)C(C)=C(N)C3=O)N1C[C@@H]1N[C@@H]12,
3447,2009_B3D,CO[C@H](C(=O)[C@@H](O)[C@@H](C)O)[C@@H]1Cc2cc3cc(O[C@H]4C[C@@H](O[C@H]5C[C@@H](O)[C@H](O)[C@@H](C)O5)[C@H](O)[C@@H](C)O4)c(C)c(O)c3c(O)c2C(=O)[C@H]1O[C@H]1C[C@@H](O[C@H]2C[C@@H](O[C@H]3C[C@](C)(O)[C@H](O)[C@@H](C)O3)[C@H](O)[C@@H](C)O2)[C@H](O)[C@@H](C)O1,
3448,2010_B3D,CO[C@H]1/C=C/O[C@@]2(C)Oc3c(C)c(O)c4c(O)c(c(C=NN5CCN(C6CCCC6)CC5)c(O)c4c3C2=O)NC(=O)/C(C)=C\C=C\[C@H](C)[C@H](O)[C@@H](C)[C@@H](O)[C@@H](C)[C@H](OC(C)=O)[C@@H]1C,
3449,2011_B3D,CO[C@H]1/C=C/O[C@@]2(C)Oc3c(C)c(O)c4c(O)c(c5c(c4c3C2=O)NC2(CCN(CC(C)C)CC2)N=5)=NC(=O)/C(C)=C\C=C\[C@H](C)[C@H](O)[C@@H](C)[C@@H](O)[C@@H](C)[C@H](OC(C)=O)[C@@H]1C,
3450,2012_B3D,CO[C@H]1/C=C/O[C@@]2(C)Oc3c(C)c(O)c4c(O)c(c5c(nc6cc(C)ccn65)c4c3C2=O)NC(=O)/C(C)=C\C=C\[C@H](C)[C@H](O)[C@@H](C)[C@@H](O)[C@@H](C)[C@H](OC(C)=O)[C@@H]1C,
3451,2013_B3D,CO[C@H]1/C=C/O[C@@]2(C)Oc3c(C)c(O)c4c(O)c(cc(O)c4c3C2=O)NC(=O)/C(C)=C\C=C\[C@H](C)[C@H](O)[C@@H](C)[C@@H](O)[C@@H](C)[C@H](OC(C)=O)[C@@H]1C,
3452,2014_B3D,CO[C@H]1CC[C@H]2[C@H]3Cc4ccc(O)c5c4[C@@]2(CCN3C)[C@H]1O5,
3453,2015_B3D,CO[C@H]1C[C@H](O[C@@H]2[C@@H](C)C(=O)O[C@H](C)[C@H](C)[C@H](OC(C)=O)[C@@H](C)C(=O)[C@]3(CO3)C[C@H](C)[C@H](O[C@@H]3O[C@H](C)C[C@H](N(C)C)[C@H]3OC(C)=O)[C@H]2C)O[C@@H](C)[C@@H]1OC(C)=O,
3454,2016_B3D,CO[C@H]1[C@@H](O)[C@H](N)[C@@H](O[C@H]2O[C@H](C(C)N)CC[C@H]2N)[C@H](O)[C@@H]1N(C)C(=O)CN,
3455,2017_B3D,CO[C@]12CC[C@@]3(C[C@@H]1C(C)(C)O)[C@H]1Cc4ccc(O)c5c4[C@@]3(CCN1CC1CC1)[C@H]2O5,
3456,2018_B3D,CO[C@]12CC[C@@]3(C[C@@H]1[C@](C)(O)C(C)(C)C)[C@H]1Cc4ccc(O)c5c4[C@@]3(CCN1CC1CC1)[C@H]2O5,
3457,2019_B3D,COc1cc(/C=C/C(=O)N2CCCCCCC2)cc(OC)c1OC,
3458,2020_B3D,COc1cc(/C=C/C(N)=O)cc(OC)c1OC,
3459,2021_B3D,COc1cc(Br)c2oc(C3CCNCC3)cc2c1,
3460,2022_B3D,COc1cc(C(=O)/C=C/N2CC=CC2)cc(OC)c1OC,
3461,2023_B3D,COc1cc(C(=O)N2CCCCCCC2)cc(OC)c1OC,
3462,2024_B3D,COc1cc(C(=O)N2CCOCC2)cc(OC)c1OC,
3463,2025_B3D,COc1cc(C(=O)OCCN2CCN(CCCN3c4ccccc4Sc4ccc(Cl)cc43)CC2)cc(OC)c1OC,
3464,2026_B3D,COc1cc(C(C)=O)ccc1OCCCN1CCC(c2noc3cc(F)ccc23)CC1,
3465,2027_B3D,COc1cc(CCN)cc(OC)c1OC,
3466,2028_B3D,COc1cc([C@@H]2c3cc4c(cc3[C@@H](OC3OC5COC(c6cccs6)OC5C(O)C3O)[C@H]3COC(=O)[C@H]23)OCO4)cc(OC)c1O,
3467,2029_B3D,COc1cc([C@@H]2c3cc4c(cc3[C@@H](O[C@@H]3O[C@@H]5CO[C@@H](C)O[C@H]5[C@H](O)[C@H]3O)C3COC(=O)[C@@H]32)OCO4)cc(OC)c1O,
3468,2030_B3D,COc1cc2[nH]c(C)c(CCN3CCN(c4ccccc4)CC3)c2cc1OC,
3469,2031_B3D,COc1cc2[nH]c(C)c(CCN3CCN(c4ccccc4OC)CC3)c2cc1OC,
3470,2032_B3D,COc1cc2c(c(CN[C@@H]3CCCN[C@H]3c3ccccc3)c1)OCC2,
3471,2033_B3D,COc1cc2c(c(OC)c1OC)-c1ccc(OC)c(=O)cc1[C@@H](NC(C)=O)CC2,
3472,2034_B3D,COc1cc2c(cc1OC)C(c1ccc(N)cc1)=NN=C(C)C2,
3473,2035_B3D,COc1cc2c(cc1OC)C(c1cccc(Cl)c1)=NN=C(C)C2,
3474,2036_B3D,COc1cc2c(cc1OC)C1CC(=O)C(CC(C)C)CN1CC2,
3475,2037_B3D,COc1cc2c(cc1OC)S(=O)(=O)OC(C(=O)NC(C)CC(C)(C)N(C)C)C2,
3476,2038_B3D,COc1cc2c(cc1OC)[C@@H](c1ccccc1)CN(C)CC2,
3477,2039_B3D,COc1cc2c3c(c1O)C1(C=CC(=O)C=C1)CC3N(C)CC2,
3478,2040_B3D,COc1cc2oc(=O)c(C)c(C)c2cc1OCCCN1CCN(c2ccccc2OC)CC1,
3479,2041_B3D,COc1ccc(-c2cc(=O)c3c(O)cc(O[C@@H]4O[C@H](CO[C@@H]5O[C@@H](C)[C@H](O)[C@@H](O)[C@H]5O)[C@@H](O)[C@H](O)[C@H]4O)cc3o2)cc1O,
3480,2042_B3D,COc1ccc(C#N)cc1C(=O)NCCN1CCC(C(=O)c2ccc(F)cc2)CC1,
3481,2043_B3D,COc1ccc(C(=O)N2CCCC2=O)cc1,
3482,2044_B3D,COc1ccc(C(O)CN2CCN(C(c3ccccc3)c3ccccc3)CC2)cc1OC,
3483,2045_B3D,COc1ccc(CC(=O)N2CCN(C(C)=O)C[C@@H]2CN2CC[C@@H](O)C2)cc1,
3484,2046_B3D,COc1ccc(CCN2CCN(c3cccc(Cl)c3)CC2)cc1OC,
3485,2047_B3D,COc1ccc(C[C@H](N)C(=O)NC2[C@@H](CO)O[C@@H](n3cnc4c(N(C)C)ncnc43)[C@@H]2O)cc1,
3486,2048_B3D,COc1ccc(Cl)c2c1CCCC2N(C)C,
3487,2049_B3D,COc1ccc(Cn2c(C)c(CCN)c3cc(O)ccc32)cc1,
3488,2050_B3D,COc1ccc(N2C[C@H](CN3CCC(O)(c4ccc5c(c4)OCO5)CC3)OC2=O)cc1,
3489,2051_B3D,COc1ccc(OCC2CN(C)CCC2c2ccccc2)cc1,
3490,2052_B3D,COc1ccc(S(N)(=O)=O)cc1C(=O)NCC1CCCN1C,
3491,2053_B3D,COc1ccc(S(N)(=O)=O)cc1C(=O)NCC1CCCN1Cc1ccc(F)cc1,
3492,2054_B3D,COc1ccc([C@H](O)CN2CCN(c3cccccc3=O)CC2)cc1OC,
3493,2055_B3D,COc1ccc2c(C3CCN(CCCC(=O)c4ccc(F)cc4)CC3)c(C)[nH]c2c1,
3494,2056_B3D,COc1ccc2c(c1)/C(=C/CCN(C)C)c1ccccc1O2,
3495,2057_B3D,COc1ccc2c(c1)C(N1CCN(C)CC1)=Cc1ccccc1O2,
3496,2058_B3D,COc1ccc2c(c1)C(O)(CCCN(C)C)c1ccccc1S2,
3497,2059_B3D,COc1ccc2c(c1)CN(C)CC2c1ccc(Cl)c(Cl)c1,
3498,2060_B3D,COc1ccc2c(c1)N(CC(C)CN1CCC(O)CC1)c1ccccc1S2,
3499,2061_B3D,COc1ccc2c(c1)N(CCC1CCCCN1C)c1ccccc1S2,
3500,2062_B3D,COc1ccc2c(c1)N(CCCN(C)C)c1ccccc1S2,
3501,2063_B3D,COc1ccc2c(c1)N(C[C@H](C)CN(C)C)c1ccccc1S2,
3502,2064_B3D,COc1ccc2c(c1)c1c3n2CCN(C)C3=NCC1,
3503,2065_B3D,COc1ccc2c(c1OC)C(=O)O[C@@H]2[C@H]1c2c(cc3c(c2OC)OCO3)CCN1C,
3504,2066_B3D,COc1ccc2c(c1OC)[C@]13CCN(C)[C@H](C2)[C@]1(O)CC[C@@H](O)C3,
3505,2067_B3D,COc1ccc2c3c1OC1C(O)C=CC4C(C2)NCCC341,
3506,2068_B3D,COc1ccc2c3c1OC1C(OC(=O)c4cccnc4)CCC4C(C2)N(C)CCC341,
3507,2069_B3D,COc1ccc2c3c1OC1C(OC(C)=O)=CCC4C(C2)N(C)CCC314,
3508,2070_B3D,COc1cccc(C(=O)NC2C[C@@H]3CC[C@H](C2)N3Cc2ccccc2)c1OC,
3509,2071_B3D,COc1cccc(CC(=O)N2CCN(C(C)=O)C[C@@H]2CN2CC[C@@H](O)C2)c1,
3510,2072_B3D,COc1cccc(OC)c1C(=O)N[C@@H]1C(=O)N2[C@@H](C(=O)O)C(C)(C)S[C@H]12,
3511,2073_B3D,COc1cccc2c1C(=O)c1c(O)c3c(c(O)c1C2=O)CC(O)(C(=O)CO)CC3O,
3512,2074_B3D,COc1cccc2c1C(=O)c1c(O)c3c(c(O)c1C2=O)C[C@@](O)(/C(C)=N/NC(=O)c1ccccc1)C[C@@H]3O[C@H]1C[C@H](N)[C@H](O)[C@H](C)O1,
3513,2075_B3D,COc1cccc2c1C(=O)c1c(O)c3c(c(O)c1C2=O)C[C@@](O)(C(=O)CO)C[C@@H]3O[C@H]1C[C@H](N)[C@H](O[C@H]2CCCCO2)[C@H](C)O1,
3514,2076_B3D,COc1cccc2c1C(=O)c1c(O)c3c(c(O)c1C2=O)C[C@@](O)(C(=O)CO)C[C@@H]3O[C@H]1C[C@H](NC(=O)[C@@H](N)CC(C)C)[C@H](O)[C@H](C)O1,
3515,2077_B3D,COc1cccc2c1C(=O)c1c(O)c3c(c(O)c1C2=O)C[C@@](O)(C(C)=O)C[C@@H]3O[C@H]1C[C@H](N)[C@H](O)[C@H](C)O1,
3516,2078_B3D,COc1cccc2c1C(=O)c1c(O)c3c(c(O)c1C2=O)C[C@](O)(C(=O)CO)C[C@H]3OC1CC(N)CC(C)O1,
3517,2079_B3D,COc1ccccc1N1CCN(CC(O)COc2cc(OC)c(OC)c(OC)c2)CC1,
3518,2080_B3D,COc1ccccc1N1CCN(CCCC(=O)c2ccc(F)cc2)CC1,
3519,2081_B3D,COc1ccccc1N1CCN(CCCC(O)c2ccc(F)cc2)CC1,
3520,2082_B3D,COc1ccccc1N1CCN(CCc2oc(=O)[nH]c2-c2ccc(F)cc2)CC1,
3521,2083_B3D,COc1ccccc1OCC(O)COC(N)=O,
3522,2084_B3D,COc1ccccc1OCC1CNC(=O)O1,
3523,2085_B3D,COc1nc2nc(-c3noc(C)n3)cn2c2c1CCCC2,
3524,2086_B3D,CP(C)(=O)CN1C(=O)CN=C(c2ccccc2)c2cc(Cl)ccc21,
3525,2087_B3D,CS(=O)(=O)c1ccc([C@@H](O)[C@@H](CF)NC(=O)C(Cl)Cl)cc1,
3526,2088_B3D,CS(=O)(=O)c1ccc([C@@H](O)[C@@H](CO)NC(=O)C(Cl)Cl)cc1,
3527,2089_B3D,CS(=O)(=O)c1ccc2c(c1)N(CCCN1CCC(C(N)=O)CC1)c1ccccc1S2,
3528,2090_B3D,CSC(=O)C1(O)C(C)CC2C3CCC4=CC(=O)C=CC4(C)C3(F)C(O)CC21C,
3529,2091_B3D,CSC(=O)C1(OC(C)=O)[C@@H](C)C[C@H]2[C@@H]3CCC4=CC(=O)C=C[C@]4(C)C3(F)[C@@H](O)C[C@@]21C,
3530,2092_B3D,CSCC[C@H](NC(C)=O)C(=O)Oc1ccc(NC(C)=O)cc1,
3531,2093_B3D,CSc1c(Cl)nc(NC(C)C)nc1N1CCN(C)CC1,
3532,2094_B3D,CSc1ccc(CC(=O)N2CCN(C(C)=O)C[C@@H]2CN2CC[C@@H](O)C2)cc1,
3533,2095_B3D,CSc1ccc2c(c1)C(N1CCN(C)CC1)Cc1ccccc1S2,
3534,2096_B3D,CSc1ccc2c(c1)N(CC(C)CN(C)C)c1ccccc1S2,
3535,2097_B3D,C[C@@H](CN1CC(=O)NC(=O)C1)N1CC(=O)NC(=O)C1,
3536,2098_B3D,C[C@@H](O)[C@H]1C(=O)N2C(C(=O)O)=C(COC(N)=O)S[C@H]12,
3537,2099_B3D,C[C@@H](O)[C@H]1C(=O)N2C(C(=O)O)=C(SC3CC[S+]([O-])C3)S[C@H]12,
3538,2100_B3D,C[C@@H](O)[C@H]1C(=O)N2C(C(=O)O)=C([C@H]3CCCO3)S[C@H]12,
3539,2101_B3D,C[C@@H]1CC2C3CCC4=CC(=O)C=CC4(C)[C@@]3(Cl)C(Cl)CC2(C)[C@@]1(O)C(=O)CO,
3540,2102_B3D,C[C@@H]1CC2C3C[C@H](F)C4=CC(=O)C=CC4(C)[C@@]3(Cl)C(O)CC2(C)C1C(=O)CO,
3541,2103_B3D,C[C@@H]1CC2C3C[C@H](F)C4=CC(=O)C=CC4(C)[C@@]3(Cl)C(O)CC2(C)C1C(=O)COC(=O)C(C)(C)C,
3542,2104_B3D,C[C@@H]1CC2C3C[C@H](F)C4=CC(=O)C=CC4(C)[C@@]3(F)C(O)CC2(C)C1C(=O)CO,
3543,2105_B3D,C[C@@H]1CC2[C@@H]3C[C@H](F)C4=CC(=O)C(Cl)=C[C@]4(C)[C@@]3(F)[C@@H](O)C[C@]2(C)[C@@]1(O)C(=O)CO,
3544,2106_B3D,C[C@@H]1CN2CC(=O)Nc3ccc(Cl)cc3[C@]2(c2ccccc2)O1,
3545,2107_B3D,C[C@@H]1C[C@H]2C3C[C@H](F)C4=CC(=O)C=CC4(C)[C@@]3(F)[C@@H](O)CC2(C)[C@@]1(O)C(=O)COC(=O)C(C)(C)C,
3546,2108_B3D,C[C@@H]1C[C@H]2[C@@H]3CCC4=CC(=O)C=C[C@]4(C)[C@@]3(Cl)[C@@H](O)C[C@]2(C)[C@@]1(O)C(=O)CCl,
3547,2109_B3D,C[C@@H]1C[C@H]2[C@@H]3CCC4=CC(=O)C=C[C@]4(C)[C@@]3(F)[C@@H](O)C[C@]2(C)[C@@]1(C)C(=O)CO,
3548,2110_B3D,C[C@@H]1C[C@H]2[C@@H]3CCC4=CC(=O)C=C[C@]4(C)[C@@]3(F)[C@@H](O)C[C@]2(C)[C@H]1C(=O)CO,
3549,2111_B3D,C[C@@H]1C[C@H]2[C@@H]3C[C@H](F)C4=CC(=O)C=C[C@]4(C)C3(Cl)[C@@H](F)C[C@]2(C)[C@H]1C(=O)CO,
3550,2112_B3D,C[C@@H]1C[C@H]2[C@@H]3C[C@H](F)C4=CC(=O)C=C[C@]4(C)[C@@]3(F)[C@@H](O)C[C@]2(C)[C@@]1(O)C(=O)CO,
3551,2113_B3D,C[C@@H]1C[C@H]2[C@@H]3C[C@H](F)C4=CC(=O)C=C[C@]4(C)[C@@]3(F)[C@@H](O)C[C@]2(C)[C@H]1C(=O)COC(=O)C(C)(C)C,
3552,2114_B3D,C[C@@H]1C[C@H]2[C@@H]3C[C@H](F)C4=CC(=O)C=C[C@]4(C)[C@H]3[C@@H](O)C[C@]2(C)[C@@]1(O)C(=O)CO,
3553,2115_B3D,C[C@@H]1C[C@H]2[C@@H]3C[C@H](F)C4=CC(=O)C=C[C@]4(C)[C@H]3[C@@H](O)C[C@]2(C)[C@H]1C(=O)CO,
3554,2116_B3D,C[C@@H]1N=C(c2ccccc2Cl)c2cc([N+](=O)[O-])ccc2NC1=O,
3555,2117_B3D,C[C@@H]1OC(=O)C[C@H](O)C[C@H](O)CC[C@@H](O)[C@H](O)C[C@H](O)C[C@]2(O)C[C@H](O)[C@@H](C(=O)O)[C@H](C[C@@H](O[C@@H]3O[C@H](C)[C@@H](O)[C@H](N)[C@@H]3O)/C=C\C=C/C=C\C=C/C=C\C=C/C=C\[C@H](C)[C@@H](O)[C@H]1C)O2,
3556,2118_B3D,C[C@@](Cc1ccc(O)c(O)c1)(NN)C(=O)O,
3557,2119_B3D,C[C@H](CCC(=O)O)[C@H]1CC[C@H]2[C@@H]3C(=O)C[C@@H]4CC(=O)CC[C@]4(C)[C@H]3CC(=O)[C@@]21C,
3558,2120_B3D,C[C@H](N)C(=O)c1ccccc1,
3559,2121_B3D,C[C@H](N)Cc1ccccc1,
3560,2122_B3D,C[C@H](N)[C@H](O)c1cccc(O)c1,
3561,2123_B3D,C[C@H](O)C1C(=O)N2C(C(=O)O)=C(S[C@@H]3CN[C@H](C(=O)N(C)C)C3)[C@H](C)C12,
3562,2124_B3D,C[C@H](O)[C@H]1C(=O)N2C(C(=O)O)=C(SCCN=CN)C[C@H]12,
3563,2125_B3D,C[C@H]1CCCC[C@@]1(c1cccs1)N1CCCCC1,
3564,2126_B3D,C[C@H]1C[C@H]2[C@@H]3CCC4=CC(=O)C=C[C@]4(C)[C@@]3(F)C(=O)C[C@]2(C)[C@@]1(O)C(=O)CCl,
3565,2127_B3D,C[C@H]1C[C@H]2[C@@H]3CCC4=CC(=O)C=C[C@]4(C)[C@@]3(F)[C@@H](O)C[C@]2(C)[C@@]1(OC(=O)c1ccccc1)C(=O)CO,
3566,2128_B3D,C[C@H]1C[C@H]2[C@@H]3CCC4=CC(=O)C=C[C@]4(C)[C@H]3C(=O)C[C@]2(C)[C@@]1(O)C(=O)CO,
3567,2129_B3D,C[C@H]1C[C@H]2[C@@H]3CC[C@](O)(C(=O)COC(=O)CCC(=O)O)[C@@]3(C)C[C@H](O)[C@@H]2[C@@]2(C)C=CC(=O)C=C12,
3568,2130_B3D,C[C@H]1O[C@@H](O[C@H]2[C@@H](O)C[C@H](O[C@H]3[C@@H](O)C[C@H](O[C@H]4CC[C@]5(C)[C@H]6CC[C@]7(C)[C@H](C8=CC(=O)OC8)CC[C@]7(O)[C@@H]6CC[C@@H]5C4)O[C@@H]3C)O[C@@H]2C)C[C@H](O)[C@@H]1O,
3569,2131_B3D,C[C@H]1O[C@@H](O[C@H]2[C@@H](O)C[C@H](O[C@H]3[C@@H](O)C[C@H](O[C@H]4CC[C@]5(C)[C@H]6C[C@@H](O)[C@]7(C)[C@@H](C8=CC(=O)OC8)CC[C@]7(O)[C@@H]6CC[C@@H]5C4)O[C@@H]3C)O[C@@H]2C)C[C@H](O)[C@@H]1O,
3570,2132_B3D,C[C@H]1[C@H](NC(=O)/C(=N/OC(C)(C)C(=O)O)c2csc(N)n2)C(=O)N1S(=O)(=O)O,
3571,2133_B3D,C[C@H]1[C@H](c2ccccc2)OCCN1C,
3572,2134_B3D,C[C@H]1c2ccccc2[C@@H](CCCN(C)C)c2cc(C(F)(F)F)ccc21,
3573,2135_B3D,C[C@]1(Cn2ccnn2)[C@H](C(=O)O)N2C(=O)C[C@H]2S1(=O)=O,
3574,2136_B3D,C[C@]1(O)CC[C@H]2[C@@H]3CCC4=CC(=O)CC[C@]4(C)[C@H]3CC[C@@]21C,
3575,2137_B3D,C[C@]12C=C(Br)C(=O)C=C1[C@H](F)C[C@H]1[C@@H]3CCC(O)(C(=O)CO)[C@@]3(C)C[C@H](O)C12F,
3576,2138_B3D,C[C@]12CCC(=O)C=C1CC[C@@H]1[C@@H]2[C@@H](O)C[C@]2(C=O)[C@@H](C(=O)CO)CC[C@@H]12,
3577,2139_B3D,C[C@]12CC[C@@H]3[C@H]4CCC(=O)C=C4CC[C@H]3[C@@H]1CC[C@@H]2O,
3578,2140_B3D,C[C@]12CC[C@@H]3c4ccc(O)cc4CC[C@H]3[C@@H]1CCC2=O,
3579,2141_B3D,C[C@]12CC[C@H]3[C@@H](CCC4=CC(=O)C=C[C@@]43C)[C@@H]1CCC(=O)O2,
3580,2142_B3D,C[C@]12COC(=O)C[C@@H]1CC[C@@H]1[C@@H]2CC[C@@]2(C)[C@H]1CC[C@]2(C)O,
3581,2143_B3D,C[C@]12C[C@H](O)[C@@]3(F)[C@@H](CCC4=CC(=O)C=C[C@@]43C)[C@@H]1C[C@H]1Cc3ccccc3C[C@]12C(=O)CO,
3582,2144_B3D,C[C@]12C[C@H](O)[C@@]3(F)[C@@H](C[C@H](F)C4=CC(=O)C=C[C@@]43C)[C@@H]1C[C@@H](O)[C@]2(O)C(=O)CO,
3583,2145_B3D,C[C@]12C[C@H](O)[C@H]3[C@@H](C=C(Cl)C4=CC(=O)C=C[C@@]43C)[C@@H]1CC[C@]2(O)C(=O)CO,
3584,2146_B3D,C[C@]12C[C@H](O)[C@H]3[C@@H](CCC4=CC(=O)C=C[C@@]43C)[C@@H]1CC[C@]2(O)C(=O)COC(=O)CCC(=O)O,
3585,2147_B3D,C[C@]12C[C@H](O)[C@H]3[C@@H](CCC4=CC(=O)CC[C@@]43C)[C@@H]1CC[C@@H]2C(=O)CO,
3586,2148_B3D,C[C@]12C[C@H](O)[C@H]3[C@@H](CCC4=CC(=O)CC[C@@]43C)[C@@H]1CC[C@]2(O)C(=O)COC(=O)CCC(=O)O,
3587,2149_B3D,C[C@]12C[C@H](O)[C@H]3[C@@H](CCC4=CC(=O)CC[C@@]43C)[C@@H]1CC[C@]2(O)C(=O)CS,
3588,2150_B3D,C[C@]12C[C@H](O)[C@H]3[C@@H](C[C@H](F)C4=CC(=O)C=C[C@@]43C)[C@@H]1CC[C@]2(O)C(=O)CO,
3589,2151_B3D,C[C@]12Cc3cn[nH]c3C[C@@H]1CC[C@@H]1[C@@H]2CC[C@@]2(C)[C@H]1CC[C@]2(C)O,
3590,2152_B3D,C[N+](C)(C)CCO,
3591,2153_B3D,C[N+](C)([O-])CC/C=C1/c2ccccc2C=Cc2c(Cl)cccc21,
3592,2154_B3D,C[N+](C)([O-])CCC=C1c2ccccc2CCc2ccccc21,
3593,2155_B3D,C[N+](C)([O-])CCCN1c2ccccc2CCc2ccccc21,
3594,2156_B3D,C[N+]1(C)CCC(OC(=O)C(O)(c2ccccc2)C2CCCC2)C1,
3595,2157_B3D,C[N+]1(C)CCCC(OC(=O)C(O)(c2ccccc2)c2ccccc2)C1,
3596,2158_B3D,C[N+]1([O-])C2CCC1CC(OC(=O)C(CO)c1ccccc1)C2,
3597,2159_B3D,C[N+]12CCC(CC1)C(OC(=O)C(O)(c1ccccc1)c1ccccc1)C2,
3598,2160_B3D,C[S+](CC[C@H](N)C(=O)O)C[C@H]1O[C@@H](n2cnc3c(N)ncnc32)[C@H](O)[C@@H]1O,
3599,2161_B3D,Cc1[nH]ccc2c1[nH]c1cc(=O)ccc12,
3600,2162_B3D,Cc1[nH]nc2c1N(c1ccccc1)C(=O)CC(=O)N2C,
3601,2163_B3D,Cc1c(C)c2c(c(C)c1O)CC[C@@](C)(CCC[C@H](C)CCC[C@H](C)CCCC(C)C)O2,
3602,2164_B3D,Cc1c(C)c2ccc(OCc3nnc(C(C)C)s3)cc2oc1=O,
3603,2165_B3D,Cc1c(F)c(N2CCNC(C)C2)cc2c1c(=O)c(C(=O)O)cn2C1CC1,
3604,2166_B3D,Cc1c(O)c(=O)ccn1CCCO,
3605,2167_B3D,Cc1c(O)cccc1C(=O)N[C@@H](CSc1ccccc1)[C@H](O)CN1C[C@H]2CCCC[C@H]2C[C@H]1C(=O)NC(C)(C)C,
3606,2168_B3D,Cc1c2c(cn1C)NC(=O)CN=C2c1ccccc1,
3607,2169_B3D,Cc1c2oc3c(C)ccc(C(=O)NC4C(=O)NC(C(C)C)C(=O)N5CCCC5C(=O)N(C)CC(=O)N(C)C(C(C)C)C(=O)OC4C)c3nc-2c(C(=O)NC2C(=O)NC(C(C)C)C(=O)N3CCCC3C(=O)N(C)CC(=O)N(C)C(C(C)C)C(=O)OC2C)c(N)c1=O,
3608,2170_B3D,Cc1cc(-c2ccc(O)cc2)nnc1NCCN1CCOCC1,
3609,2171_B3D,Cc1cc(=O)c(C(=O)N[C@@H](C(=O)NC2C(=O)N3C(C(=O)O)=C(CSc4nnnn4C)CS[C@H]23)c2ccc(O)cc2)c[nH]1,
3610,2172_B3D,Cc1cc(=O)oc2cc(O)ccc12,
3611,2173_B3D,Cc1cc(Br)cc(C(N)=O)c1O,
3612,2174_B3D,Cc1cc(C(=O)NNCc2ccccc2)no1,
3613,2175_B3D,Cc1cc(C(C)(C)SC(C)(C)CNc2[nH]ccc2[N+](=O)[O-])nc(C)c1C,
3614,2176_B3D,Cc1cc(C)c(=O)[nH]n1,
3615,2177_B3D,Cc1cc(C)cc(OCC2CNC(=O)O2)c1,
3616,2178_B3D,Cc1cc(CCN2CCN(c3cccc(Cl)c3)CC2)n[nH]1,
3617,2179_B3D,Cc1cc(N(C)C)ccc1C[C@H](C)N,
3618,2180_B3D,Cc1cc(NC(=O)C2=C(O)c3ccccc3S(=O)(=O)N2C)no1,
3619,2181_B3D,Cc1cc(NC(=O)c2c(C)cccc2C)no1,
3620,2182_B3D,Cc1cc2c(s1)Nc1ccc(F)cc1N=C2N1CCN(C)CC1,
3621,2183_B3D,Cc1ccc(C(C)C)c(OCC2=NCCN2)c1,
3622,2184_B3D,Cc1ccc(C2(O)CCN(CCCC(=O)c3ccc(F)cc3)CC2)cc1,
3623,2185_B3D,Cc1ccc(CC2=CN=C(NCCSCc3ccc(CN(C)C)o3)NC2)cn1,
3624,2186_B3D,Cc1ccc(Cc2ccccc2)c(N2CCNCC2)c1,
3625,2187_B3D,Cc1ccc(S(=O)(=O)CCN2C(=O)CN=C(c3ccccc3Cl)c3cc(Cl)ccc32)cc1,
3626,2188_B3D,Cc1ccc(S(=O)(=O)NC(=O)NN2CCCCCC2)cc1,
3627,2189_B3D,Cc1ccc2c(c1)C(N1CCN(C)CC1)=Nc1ccccc1S2,
3628,2190_B3D,Cc1ccc2c(c1)C1CN(C)CCC1N2,
3629,2191_B3D,Cc1ccc2c(c1)[C@]13CCCC[C@@H]1[C@H](C2)N(C)CC3,
3630,2192_B3D,Cc1ccc2c(c1)c1c3n2CCNC3CCC1,
3631,2193_B3D,Cc1cccc(/C=N\N2CCN(C(c3ccccc3)c3ccccc3)CC2)n1,
3632,2194_B3D,Cc1cccc(C)c1NC(=O)CN1CCCC1=O,
3633,2195_B3D,Cc1cccc(C)c1NC(=O)c1ccc(N)cc1,
3634,2196_B3D,Cc1cccc(C)c1NC1=NCCCS1,
3635,2197_B3D,Cc1cccc(Cc2cnc[nH]2)c1C,
3636,2198_B3D,Cc1cccc(Cl)c1NC(=O)/C=C1\SCC(=O)N1C,
3637,2199_B3D,Cc1cccc(N2CC(CO)OC2=O)c1,
3638,2200_B3D,Cc1cccc(N2CCN(CCc3cc(C)[nH]n3)CC2)c1,
3639,2201_B3D,Cc1cccc(O[C@H]2CCNC[C@H]2O)c1C,
3640,2202_B3D,Cc1cccc2c1Oc1ccccc1[C@@]1(O)CCN(C)C[C@H]21,
3641,2203_B3D,Cc1cccc2c1Oc1ccccc1[C@@]1(O)CCNC[C@H]21,
3642,2204_B3D,Cc1ccccc1-n1c(/C=C/c2ccccn2)nc2ccccc2c1=O,
3643,2205_B3D,Cc1ccccc1-n1c(C)nc2ccccc2c1=O,
3644,2206_B3D,Cc1ccccc1N1CCN(CCCOc2ccccn2)CC1,
3645,2207_B3D,Cc1ccccc1OCC(COC(O)C(Cl)(Cl)Cl)OC(O)C(Cl)(Cl)Cl,
3646,2208_B3D,Cc1ccsc1C(=CCCN1CCC[C@@H](C(=O)O)C1)c1sccc1C,
3647,2209_B3D,Cc1cn([C@H]2C=C[C@@H](CO)O2)c(=O)[nH]c1=O,
3648,2210_B3D,Cc1cn[o+]c(C([NH])CC(C)C(C)(C)N(C(C)(C)C)C(C)(N)N)c1O,
3649,2211_B3D,Cc1cnn(-c2c(Cl)cccc2Cl)c1C(=O)N[C@@H]1C(=O)N2[C@@H](C(=O)O)C(C)(C)S[C@H]12,
3650,2212_B3D,Cc1csc2ccc3[nH]c4c(c3c12)CN(C)CC4,
3651,2213_B3D,Cc1nc2c(C)cccn2c(=O)c1CCN1CCC(c2noc3cc(F)ccc23)CC1,
3652,2214_B3D,Cc1nc2ccccc2c(=O)n1-c1ccccc1Cl,
3653,2215_B3D,Cc1nc2n(c(=O)c1CCN1CCC(C(=O)c3ccc(F)cc3)CC1)CCS2,
3654,2216_B3D,Cc1nc2n(c(=O)c1CCN1CCC(c3noc4cc(F)ccc34)CC1)CCC[C@H]2O,
3655,2217_B3D,Cc1nc2n(n1)C(N1CCN(C)CC1)=Nc1ccccc1C2,
3656,2218_B3D,Cc1ncc(CSSCc2cnc(C)c(O)c2CO)c(CO)c1O,
3657,2219_B3D,Cc1ncc([N+](=O)[O-])n1CC(O)CCl,
3658,2220_B3D,Cc1nccc2c1[nH]c1ccccc12,
3659,2221_B3D,Cc1nccn1C(C)c1ccccc1,
3660,2222_B3D,Cc1nccnc1N1CCCCC1,
3661,2223_B3D,Cc1ncsc1CCCl,
3662,2224_B3D,Cc1nn(C)c2c1C(c1cccc(Cl)c1)=NCCN2,
3663,2225_B3D,Cc1nn(C)c2c1C(c1ccccc1F)=NCC(=O)N2C,
3664,2226_B3D,Cc1nn(C)c2c1N(c1ccccc1)C(=O)CC(=O)N2C,
3665,2227_B3D,Cc1nnc(SCC2=C(C(=O)O)N3C(=O)[C@@H](NC(=O)C(N)c4ccc(O)cc4)[C@H]3SC2)s1,
3666,2228_B3D,Cc1nnc(SCC2=C(C(=O)O)N3C(=O)[C@@H](NC(=O)Cn4cc(Cl)c(=O)c(Cl)c4)[C@H]3SC2)s1,
3667,2229_B3D,Cc1nnc(SCC2=C(C(=O)O)N3C(=O)[C@@H](NC(=O)Cn4cnnn4)[C@H]3SC2)s1,
3668,2230_B3D,Cc1nnc(SCC2=C(C(=O)O)N3C(=O)[C@@H](NC(=O)[C@H](O)c4ccccc4)[C@H]3SC2)s1,
3669,2231_B3D,Cc1nnc(SCC2=C(C(=O)OCc3oc(=O)oc3C)N3C(=O)C(NC(=O)C(OC(=O)C(C)N)c4ccccc4)C3SC2)s1,
3670,2232_B3D,Cc1nnc2n1-c1sc(Br)cc1C(c1ccccc1Cl)=NC2,
3671,2233_B3D,Cc1oc(=O)oc1COC(=O)[C@@H]1N2C(=O)[C@@H](NC(=O)[C@H](N)c3ccccc3)[C@H]2SC1(C)C,
3672,2234_B3D,Cc1onc(-c2c(Cl)cccc2Cl)c1C(=O)N[C@@H]1C(=O)N2[C@@H](C(=O)O)C(C)(C)S[C@H]12,
3673,2235_B3D,Cc1onc(-c2c(F)cccc2Cl)c1C(=O)N[C@@H]1C(=O)N2[C@@H](C(=O)O)C(C)(C)S[C@H]12,
3674,2236_B3D,Cc1onc(-c2ccccc2)c1C(=O)N[C@@H]1C(=O)N2[C@@H](C(=O)O)C(C)(C)S[C@H]12,
3675,2237_B3D,Clc1ccc(C(OCCN2CCOCC2)c2ccccc2)cc1,
3676,2238_B3D,Clc1ccc(COC(Cn2ccnc2)c2ccc(Cl)cc2Cl)cc1,
3677,2239_B3D,Clc1ccc(N2CCN(C/C=C/c3ccccc3)CC2)nn1,
3678,2240_B3D,Clc1ccc(OCC2=NCCN2)cc1Cl,
3679,2241_B3D,Clc1ccc([C@@H]2[C@H]3CC[C@@H](C3)C23CCC(N2CCOCC2)=N3)cc1,
3680,2242_B3D,Clc1ccc2c(c1)/C(=C/C1CN3CCC1CC3)c1ccccc1S2,
3681,2243_B3D,Clc1ccc2c(c1)C(c1ccccc1)=NCc1nncn1-2,
3682,2244_B3D,Clc1ccc2c(c1)[C@H]1CCNC[C@@H]1c1ccccc1O2,
3683,2245_B3D,Clc1ccc2c(c1)[C@H]1CNC[C@H]1c1ccccc1O2,
3684,2246_B3D,Clc1cccc(Cl)c1NC1=NCCO1,
3685,2247_B3D,Clc1ccccc1C(c1ccccc1)(c1ccccc1)n1ccnc1,
3686,2248_B3D,Clc1ccccc1C1=NCc2nnc(C3CCCCC3)n2-c2sc(Br)cc21,
3687,2249_B3D,Clc1cnn(CCCCN2CCN(c3ncccn3)CC2)c1,
3688,2250_B3D,Cn1c(=O)c2c(ncn2CCN2CCC(c3c[nH]c4ccccc34)CC2)n(C)c1=O,
3689,2251_B3D,Cn1c(=O)c2c(ncn2CCNCC(O)c2ccc(O)c(O)c2)n(C)c1=O,
3690,2252_B3D,Cn1cc(CCN2CCN(c3ccccc3Cl)CC2)cn1,
3691,2253_B3D,Cn1nc(-c2cccc(F)c2)n(C)c1=S,
3692,2254_B3D,Cn1nc(-c2cccnc2)nc1-c1ccccc1CO,
3693,2255_B3D,Cn1nnnc1SCC1=C(C(=O)O)N2C(=O)[C@@H](NC(=O)CS/C=C\C#N)[C@H]2SC1,
3694,2256_B3D,Cn1nnnc1SCC1=C(C(=O)O)N2C(=O)[C@@H](NC(=O)CSC(F)(F)F)[C@H]2SC1,
3695,2257_B3D,FC(F)(Cl)C(F)(F)Cl,
3696,2258_B3D,FC(F)(F)CCl,
3697,2259_B3D,FC(F)(F)c1ccc2c(c1)N(CCCN1CCN(C3CC3)CC1)c1ccccc1S2,
3698,2260_B3D,FC(F)(F)c1ccc2c(c1)N(CCCN1CCN(CCC3OCCCO3)CC1)c1ccccc1S2,
3699,2261_B3D,FC(F)(F)c1cccc(C2=CCN(CCc3ccc4ccccc4c3)CC2)c1,
3700,2262_B3D,FC(F)(F)c1cccc(N2CCN(CCc3nnc4n3C[C@H]3CCC[C@@H]43)CC2)c1,
3701,2263_B3D,FCC(F)(F)F,
3702,2264_B3D,Fc1ccc(-c2ccc(CN3CCN(c4cccc5ccoc45)CC3)[nH]2)cc1,
3703,2265_B3D,Fc1ccc(C(CCCN2CCN(CCNc3ccccc3)CC2)c2ccc(F)cc2)cc1,
3704,2266_B3D,Fc1ccc([C@@H]2CCNC[C@H]2COc2ccc3c(c2)OCO3)cc1,
3705,2267_B3D,Fc1ccc2[nH]c3c(c2c1)CN(CCCc1cccnc1)CC3,
3706,2268_B3D,Fc1ccc2[nH]c3c(c2c1)CN(CCc1ccncc1)CC3,
3707,2269_B3D,Fc1cccc(Br)c1NC1=NCCN1,
3708,2270_B3D,Fc1ccccc1C1=NCC(=S)N(CC(F)(F)F)c2ccc(Cl)cc21,
3709,2271_B3D,Fc1ccccc1C1=NCCN(CC(F)(F)F)c2ccc(Cl)cc21,
3710,2272_B3D,N#CC(CCN1CCC(C(N)=O)(N2CCCCC2)CC1)(c1ccccc1)c1ccccc1,
3711,2273_B3D,N#CCCN1C(=O)C(O)N=C(c2ccccc2F)c2cc(Cl)ccc21,
3712,2274_B3D,N#Cc1cc(-c2ccccc2)nnc1NCCN1CCOCC1,
3713,2275_B3D,N#Cc1ccc2c(c1)C1=C(CCN(CC3CCCC3)CC1)c1ccccc1O2,
3714,2276_B3D,N#Cc1ccc2c(c1)N(CCCN1CCC(O)CC1)c1ccccc1S2,
3715,2277_B3D,N=C(N)c1ccc(-c2ccccc2[N+](=O)[O-])o1,
3716,2278_B3D,N=C(N=O)c1[nH][nH]c2ccccc2n(Cc2ccccc2)c1O,
3717,2279_B3D,N=C1SCCN1c1ccc(Cl)cc1N,
3718,2280_B3D,NC(=O)C1(N2CCCCC2)CCN(CCCC(=O)c2ccc(F)cc2)CC1,
3719,2281_B3D,NC(=O)C1(N2CCCCC2)CCN(CCCN2c3ccccc3CCc3ccc(Cl)cc32)CC1,
3720,2282_B3D,NC(=O)C1(N2CCCCC2)CCN(CCCN2c3ccccc3CCc3ccccc32)CC1,
3721,2283_B3D,NC(=O)C1CCCCO1,
3722,2284_B3D,NC(=O)C1c2ccccc2CCc2ccccc21,
3723,2285_B3D,NC(=O)CN1C(=O)C(c2ccccc2)c2ccccc21,
3724,2286_B3D,NC(=O)CN1C(=O)COc2ccccc21,
3725,2287_B3D,NC(=O)CN1CC(O)CC1=O,
3726,2288_B3D,NC(=O)CN1CCCC1=O,
3727,2289_B3D,NC(=O)CN1Cc2ccccc2OC1=O,
3728,2290_B3D,NC(=O)C[S+]([O-])C(c1ccccc1)c1ccccc1,
3729,2291_B3D,NC(=O)N1CC(Oc2cccc(C(F)(F)F)c2)C1,
3730,2292_B3D,NC(=O)N1c2ccccc2CC(=O)c2ccccc21,
3731,2293_B3D,NC(=O)NC(=O)Cc1ccccc1,
3732,2294_B3D,NC(=O)NCCN1CCN(c2cccc(C(F)(F)F)c2)CC1,
3733,2295_B3D,NC(=O)OCC(O)COc1ccc(Cl)cc1,
3734,2296_B3D,NC(=O)OCC1[C@H](NC(=O)/C(=N/OCC(=O)O)c2csc(N)n2)C(=O)N1S(=O)(=O)O,
3735,2297_B3D,NC(=O)OCCCc1ccccc1,
3736,2298_B3D,NC(=O)c1ccc(F)c2c1C[C@@H](N(C1CCC1)C1CCC1)CO2,
3737,2299_B3D,NC(=O)c1cccnc1,
3738,2300_B3D,NC(=O)c1cn(Cc2c(F)cccc2F)nn1,
3739,2301_B3D,NC(=O)c1cnccn1,
3740,2302_B3D,NC(=O)c1ncn([C@@H]2O[C@H](CO)[C@@H](O)[C@H]2O)n1,
3741,2303_B3D,NC(C(=O)N[C@@H]1C(=O)N2C(C(=O)O)=C(CSc3cn[nH]n3)CS[C@H]12)c1ccc(O)cc1,
3742,2304_B3D,NC(CO)(CO)CO,
3743,2305_B3D,NC(CO)C(=O)NNCc1ccc(O)c(O)c1O,
3744,2306_B3D,NC(Cc1c[nH]c2ccc(O)cc12)C(=O)O,
3745,2307_B3D,NC(N)=NCC1COC2(CCCCC2)O1,
3746,2308_B3D,NC(N)=NCCCOc1ccccc1,
3747,2309_B3D,NC(N)=NCCN1CCCCCCC1,
3748,2310_B3D,NC(N)=Nc1nc(-c2ccccc2)cs1,
3749,2311_B3D,NC/C(=C/F)CCc1ccc(F)cc1,
3750,2312_B3D,NC12CC3CC(CC(C3)C1)C2,
3751,2313_B3D,N=C1NC(=O)C(c2ccccc2)O1,
3752,2314_B3D,NC1=NC(C(F)(F)F)(C(F)(F)F)NC1(C(F)(F)F)C(F)(F)F,
3753,2315_B3D,NC1CCCC1c1ccccc1,
3754,2316_B3D,NC1CONC1=O,
3755,2317_B3D,NC1[C@@H]2CN(c3nc4c(cc3F)c(=O)c(C(=O)O)cn4-c3ccc(F)cc3F)C[C@H]12,
3756,2318_B3D,NCC(O)c1ccc(O)c(O)c1,
3757,2319_B3D,NCC(O)c1cccc(O)c1,
3758,2320_B3D,NCC1CC(=O)N(Cc2ccccc2)C1,
3759,2321_B3D,NCC1CCC(N)C(OC2C(N)CC(N)C(OC3OC(CO)C(O)C(N)C3O)C2O)O1,
3760,2322_B3D,NCC1OC(OC2C(N)CC(N)C(OC3OC(CO)C(O)C(N)C3O)C2O)C(N)C(O)C1O,
3761,2323_B3D,NCC1OC(OC2C(N)CC(N)C(OC3OC(CO)C(O)C(N)C3O)C2O)C(O)C(O)C1O,
3762,2324_B3D,NCC1OC(OC2C(N)CC(NC(CO)CO)C(OC3OC(CO)C(O)C(N)C3O)C2O)C(N)C(O)C1O,
3763,2325_B3D,NCCC(O)CNC1CC(N)C(OC2OC(CN)C(O)C(O)C2O)C(O)C1OC1OC(CO)C(O)C(N)C1O,
3764,2326_B3D,NCCC(Oc1ccc(C(F)(F)F)cc1)c1ccccc1,
3765,2327_B3D,NCCCNCCSP(=O)(O)O,
3766,2328_B3D,NCC[C@H](O)C(=O)N[C@@H]1C[C@H](N)[C@@H](O[C@H]2O[C@H](CN)CC[C@H]2N)[C@H](O)[C@H]1O[C@H]1O[C@H](CO)[C@@H](O)[C@H](N)[C@H]1O,
3767,2329_B3D,NCCc1cn2ccccc2n1,
3768,2330_B3D,NCCc1nccs1,
3769,2331_B3D,NC[C@H]1O[C@H](O[C@@H]2[C@@H](N)C[C@@H](N)[C@H](O)[C@H]2O)[C@H](N)[C@@H](O)[C@@H]1O,
3770,2332_B3D,NC[C@H]1O[C@H](O[C@@H]2[C@@H](N)C[C@@H](N)[C@H](O[C@H]3O[C@H](CO)[C@@H](O)[C@H](N)[C@H]3O)[C@H]2O)[C@H](N)C[C@@H]1O,
3771,2333_B3D,NCc1ccccc1CC(=O)N[C@@H]1C(=O)N2C(C(=O)O)=C(CSc3nnnn3CC(=O)O)CS[C@H]12,
3772,2334_B3D,NNC(=O)CP(=O)(c1ccccc1)c1ccccc1,
3773,2335_B3D,NNCC1CCCCC1,
3774,2336_B3D,NS(=O)(=O)Cc1noc2ccccc12,
3775,2337_B3D,NS(=O)(=O)c1cc(C(=O)O)c(NCc2ccco2)cc1Cl,
3776,2338_B3D,NS(=O)(=O)c1cc2c(cc1Cl)NC(C(Cl)Cl)NS2(=O)=O,
3777,2339_B3D,NS(=O)(=O)c1cc2c(cc1Cl)NC=NS2(=O)=O,
3778,2340_B3D,NS(=O)(=O)c1ccc(C(=O)O)cc1,
3779,2341_B3D,NS(=O)(=O)c1ccc(N2C(=O)CC(c3ccccc3)C2=O)c(Cl)c1,
3780,2342_B3D,NS(=O)(=O)c1ccc(N2CCCCS2(=O)=O)cc1,
3781,2343_B3D,N[C@@H](C(=O)NC1C(=O)N2C(C(=O)O)=C(Cl)CCC12)c1ccccc1,
3782,2344_B3D,N[C@@H](C(=O)N[C@@H]1C(=O)N2C(C(=O)O)=C(Cl)CS[C@H]12)c1ccccc1,
3783,2345_B3D,N[C@@H](Cc1c[nH]c2ccccc12)C(=O)O,
3784,2346_B3D,N[C@@H]1C[C@H]1c1ccccc1,
3785,2347_B3D,Nc1c2c(nc3ccccc13)CCCC2,
3786,2348_B3D,Nc1c2c(nc3ccccc13)CCCC2O,
3787,2349_B3D,Nc1cc(OCC2CC2)c(C(=O)NC2CN3CCC2CC3)cc1Cl,
3788,2350_B3D,Nc1ccc(C(=O)O)c(O)c1,
3789,2351_B3D,Nc1ccc(S(=O)(=O)N2CC3CCC(CC3)C2)cc1,
3790,2352_B3D,Nc1cccc(-n2ccccc2=O)c1,
3791,2353_B3D,Nc1nc(/C(=C/CC(=O)O)C(=O)N[C@@H]2C(=O)N3C(C(=O)O)=CCS[C@H]23)cs1,
3792,2354_B3D,Nc1nc(=S)c2[nH]cnc2[nH]1,
3793,2355_B3D,Nc1nc(N)c2nc(-c3ccccc3)c(N)nc2n1,
3794,2356_B3D,Nc1nc2c(ncn2CC[C@@H](O)CO)c(=O)[nH]1,
3795,2357_B3D,Nc1nc2ncc(CNc3ccc(C(=O)N[C@@H](CCC(=O)O)C(=O)O)cc3)nc2c(=O)[nH]1,
3796,2358_B3D,Nc1ncc2ncn(COCCO)c2n1,
3797,2359_B3D,Nn1cnc2cc3ccccc3cc2c1=O,
3798,2360_B3D,O=C(/C=C/c1ccc2c(c1)OCO2)N1CCCCC1,
3799,2361_B3D,O=C(CC1c2ccccc2C(=O)N1c1ccc2ccc(Cl)nc2n1)N1CCC2(CC1)OCCO2,
3800,2362_B3D,O=C(CCCN1CC2CCC(CC2)C1)c1ccc(F)cc1,
3801,2363_B3D,O=C(CCCN1CC=C(n2c(=O)[nH]c3ccccc32)CC1)c1ccc(F)cc1,
3802,2364_B3D,O=C(CCCN1CCC(C(=O)c2ccc(Cl)cc2)CC1)c1ccc(F)cc1,
3803,2365_B3D,O=C(CCCN1CCC(C(=O)c2ccc(F)cc2)CC1)c1ccc(F)cc1,
3804,2366_B3D,O=C(CCCN1CCC(O)(c2ccc(Cl)c(C(F)(F)F)c2)CC1)c1ccc(F)cc1,
3805,2367_B3D,O=C(CCCN1CCC(O)(c2cccc(C(F)(F)F)c2)CC1)c1ccc(F)cc1,
3806,2368_B3D,O=C(CCCN1CCC(n2c(=O)[nH]c3ccccc32)CC1)c1ccc(F)cc1,
3807,2369_B3D,O=C(CCCN1CCC(n2c(=S)[nH]c3ccccc32)CC1)c1ccc(F)cc1,
3808,2370_B3D,O=C(CCCN1CCC2(CC1)C(=O)NCN2c1ccc(F)cc1)c1ccc(F)cc1,
3809,2371_B3D,O=C(CCCN1CCN(C(=O)OC2CCCCC2)CC1)c1ccc(F)cc1,
3810,2372_B3D,O=C(CCCN1CCN(c2cc3ccccc3cn2)CC1)c1ccc(F)cc1,
3811,2373_B3D,O=C(CCCN1CCN(c2ccccn2)CC1)c1ccc(F)cc1,
3812,2374_B3D,O=C(CCCN1CCN2CCCC2C1)c1ccc(F)cc1,
3813,2375_B3D,O=C(CCCN1CCN2Cc3[nH]c4ccccc4c3CC2C1)c1ccc(F)cc1,
3814,2376_B3D,O=C(CCCl)NCCc1ccccc1,
3815,2377_B3D,O=C(CCCl)NCc1ccccc1,
3816,2378_B3D,O=C(CCN1CCN(CCO)CC1)N1c2ccccc2Sc2ccc(C(F)(F)F)cc21,
3817,2379_B3D,O=C(CCNNC(=O)c1ccncc1)NCc1ccccc1,
3818,2380_B3D,O=C(CN1CCC23CCCCC2C1Cc1ccc(O)cc13)c1ccccc1,
3819,2381_B3D,O=C(CN1CCCC1=O)NNC(=O)CN1CCCC1=O,
3820,2382_B3D,O=C(CN1CC[C@H](c2ccc(F)cc2)[C@@H](COc2ccc3c(c2)OCO3)C1)c1ccc(F)cc1,
3821,2383_B3D,O=C(COc1ccc(Cl)cc1)N1CCN(Cc2ccc3c(c2)OCO3)CC1,
3822,2384_B3D,O=C(COc1ccc(Cl)cc1)OCCNC12CC3CC(CC(C3)C1)C2,
3823,2385_B3D,O=C(Cc1ccc(C(F)(F)F)cc1)N1CCCC[C@H]1CN1CCCC1,
3824,2386_B3D,O=C(Cc1ccc(Cl)c(Cl)c1)N1CCCC[C@H]1CN1CCCC1,
3825,2387_B3D,O=C(Cc1ccc(Cl)c(Cl)c1)N1CCN(CCO)C[C@@H]1CN1CC[C@@H](O)C1,
3826,2388_B3D,O=C(Cc1ccc(Cl)c(Cl)c1)N1CCc2[nH]cnc2[C@H]1CN1CCCC1,
3827,2389_B3D,O=C(Cc1ccc(Cl)c(Cl)c1)N1CCc2[nH]cnc2[C@H]1CN1CC[C@@H](O)C1,
3828,2390_B3D,O=C(Cc1ccc(Cl)c(Cl)c1)N1CCc2ccccc2[C@H]1CN1CCCC1,
3829,2391_B3D,O=C(Cc1ccc(Cl)c(Cl)c1)N1CCc2occc2[C@H]1CN1CCCC1,
3830,2392_B3D,O=C(Cc1ccc(Cl)c(Cl)c1)N1CCc2occc2[C@H]1CN1CC[C@@H](O)C1,
3831,2393_B3D,O=C(Cc1ccc(Cl)c(Cl)c1)N1CCc2sccc2[C@H]1CN1CCCC1,
3832,2394_B3D,O=C(Cc1ccc(Cl)c(Cl)c1)N1CCn2ccnc2[C@H]1CN1CCCC1,
3833,2395_B3D,O=C(Cc1ccc(Cl)c(Cl)c1)N1CCn2ccnc2[C@H]1CN1CC[C@@H](O)C1,
3834,2396_B3D,O=C(Cc1ccc(Cl)c(Cl)c1)N1CCn2ncnc2[C@H]1CN1CCCC1,
3835,2397_B3D,O=C(Cc1cccs1)N[C@@H]1C(=O)N2C(C(=O)O)=C(CSc3ncn[nH]3)CS[C@H]12,
3836,2398_B3D,O=C(Cn1ccnc1)c1ccc2ccccc2c1,
3837,2399_B3D,O=C(Cn1cnnn1)N[C@@H]1C(=O)N2C(C(=O)O)=C(CSc3nncs3)CS[C@H]12,
3838,2400_B3D,O=C(NC(=O)c1ccccc1)NC1CCN(Cc2ccc3ccccc3c2)CC1,
3839,2401_B3D,O=C(NCCCN1CCOCC1)c1ccc(Cl)cc1,
3840,2402_B3D,O=C(NCCN1CCC(n2c(=O)[nH]c3cc(Cl)ccc32)CC1)c1ccc(F)cc1,
3841,2403_B3D,O=C(NCCN1CCN(c2ncccn2)CC1)C12CC3CC(CC(C3)C1)C2,
3842,2404_B3D,O=C(NCCN1CCOCC1)c1ccc(Cl)cc1,
3843,2405_B3D,O=C(NCCc1ccc(O)c(O)c1)C12CC3CC(CC(C3)C1)C2,
3844,2406_B3D,O=C(NCc1ccccc1)OCCO,
3845,2407_B3D,O=C(Nc1ccc(O)cc1)C(Cl)(Cl)Cl,
3846,2408_B3D,O=C(Nc1ccccc1)OCC1(COC(=O)Nc2ccccc2)CCCC1,
3847,2409_B3D,O=C(O)C1=C(CSc2nnnn2CS(=O)(=O)O)CS[C@@H]2[C@H](NC(=O)C(O)c3ccccc3)C(=O)N12,
3848,2410_B3D,O=C(O)C1CCN1C12CC3CC(CC(C3)C1)C2,
3849,2411_B3D,O=C(O)CCCCC1SCC2NC(=O)NC21,
3850,2412_B3D,O=C(O)CCCCCCCC(=O)O,
3851,2413_B3D,O=C(O)CCCCCCNC1c2ccccc2CCc2ccccc21,
3852,2414_B3D,O=C(O)CN1C(=O)c2cccc3cccc(c23)C1=O,
3853,2415_B3D,O=C(O)COCCN1CCN(C(c2ccccc2)c2ccc(Cl)cc2)CC1,
3854,2416_B3D,O=C(O)P(=O)(O)O,
3855,2417_B3D,O=C(O)c1cc(=O)c2cc(OCC(O)COc3cccc4oc(C(=O)O)cc(=O)c34)ccc2o1,
3856,2418_B3D,O=C(O)c1cc(=O)c2ccccc2[nH]1,
3857,2419_B3D,O=C(O)c1cc(=O)c2ccccc2o1,
3858,2420_B3D,O=C(O)c1ccccc1Oc1ccccc1,
3859,2421_B3D,O=C(O)c1cn(C2CC2)c2cc(N3CCNCC3)c(F)cc2c1=O,
3860,2422_B3D,O=C(OC1CN2CCC1CC2)c1ccccc1,
3861,2423_B3D,O=C(OCC(Cl)(Cl)Cl)OCC(Cl)(Cl)Cl,
3862,2424_B3D,O=C(OCCN1CCCCC1)C(O)(c1ccccc1)c1ccccc1,
3863,2425_B3D,O=C(c1cc2ccccc2o1)N1CCN(Cc2ccccc2)CC1,
3864,2426_B3D,O=C(c1ccc(F)cc1)C1CCN(CCCN2c3ccccc3Sc3ccc(C(F)(F)F)cc32)CC1,
3865,2427_B3D,O=C(c1ccc(F)cc1)C1CCN(CCCn2c(=O)[nH]c3cc(Cl)ccc32)CC1,
3866,2428_B3D,O=C(c1ccc(F)cc1)C1CCN(CCCn2c(=O)[nH]c3ccccc32)CC1,
3867,2429_B3D,O=C(c1ccccn1)N1CCN(Cc2ccccc2)CC1,
3868,2430_B3D,O=C(c1ccccn1)c1cnn2c(-c3ccncc3)ccnc12,
3869,2431_B3D,O=C(c1cccnc1)N1CCOCC1,
3870,2432_B3D,O=C(c1ccco1)N(c1cnccn1)C1CCN(CCc2ccccc2)CC1,
3871,2433_B3D,O=C1C(O)N=C(c2ccccc2F)c2cc(Cl)ccc2N1CCO,
3872,2434_B3D,O=C1CC(c2cccc(Br)c2)C(=O)N1,
3873,2435_B3D,O=C1CC2(CCCC2)CC(=O)N1CCCCN1CCN(c2nsc3ccccc23)CC1,
3874,2436_B3D,O=C1CC2(CCCC2)CC(=O)N1CCNCC1COc2ccccc2O1,
3875,2437_B3D,O=C1CCC(=O)N1CC1CCC2CN(c3ncccn3)CCN2C1,
3876,2438_B3D,O=C1CCC(C(=O)NC2CC2c2ccccc2)N1,
3877,2439_B3D,O=C1CCC(N2C(=O)C3C4CCC(C4)C3C2=O)C(=O)N1,
3878,2440_B3D,O=C1CCC(c2ccccc2)(C2CCN(C/C=C/c3ccccc3)CC2)C(=O)N1,
3879,2441_B3D,O=C1CCC2(CCC(=O)c3ccccc32)C(=O)N1,
3880,2442_B3D,O=C1CCC2CCC(=O)N12,
3881,2443_B3D,O=C1CCN=C2CC(c3ccccc3)CN12,
3882,2444_B3D,O=C1CCNc2ccc(Cl)cc2N1c1ccccc1,
3883,2445_B3D,O=C1CC[C@@]2(O)[C@H]3Cc4ccc(O)c5c4[C@@]2(CCN3CC2CC2)[C@H]1O5,
3884,2446_B3D,O=C1CC[C@H](C(=O)N2CCCCC2)N1,
3885,2447_B3D,O=C1CC[C@H]2[C@H]3Cc4cccc(O)c4[C@@]2(CCN3CC2CC2)C1,
3886,2448_B3D,O=C1CCc2ccc(OCCCCN3CCN(c4cccc(Cl)c4Cl)CC3)cc2N1,
3887,2449_B3D,O=C1CN(C(=O)CN2CC(c3ccc(Cl)cc3)CC2=O)CCN1,
3888,2450_B3D,O=C1CN(O)C(c2ccccc2)=c2cc(Cl)ccc2=N1,
3889,2451_B3D,O=C1CN2C(=O)CCC2N1,
3890,2452_B3D,O=C1CN2CCOC2(c2ccccc2Cl)c2cc(Cl)ccc2N1,
3891,2453_B3D,O=C1CN2CCOC2(c2ccccc2F)c2cc(Br)ccc2N1,
3892,2454_B3D,O=C1CN2CCOC2(c2ccccc2F)c2cc(Cl)ccc2N1CCO,
3893,2455_B3D,O=C1CN=C(C2=CCCCC2)c2cc(Cl)ccc2N1,
3894,2456_B3D,O=C1CN=C(c2ccccc2)c2c(sc3c2CCCC3)N1,
3895,2457_B3D,O=C1CN=C(c2ccccc2)c2cc(Cl)ccc2N1CC(F)(F)F,
3896,2458_B3D,O=C1CN=C(c2ccccc2)c2cc(Cl)ccc2N1CC1CC1,
3897,2459_B3D,O=C1CN=C(c2ccccc2)c2cc(Cl)ccc2N1CCOCC1CC1,
3898,2460_B3D,O=C1CN=C(c2ccccc2Cl)c2cc(Cl)ccc2N1,
3899,2461_B3D,O=C1CN=C(c2ccccc2Cl)c2cc([N+](=O)[O-])ccc2N1,
3900,2462_B3D,O=C1CN=C(c2ccccc2F)c2cc(Cl)ccc2N1CC(O)CO,
3901,2463_B3D,O=C1CN=C(c2ccccc2F)c2cc(Cl)ccc2N1CC1CC1,
3902,2464_B3D,O=C1CN=C(c2ccccn2)c2cc(Br)ccc2N1,
3903,2465_B3D,O=C1COC(N2CCN=C(c3ccccc3Cl)c3cc(Cl)ccc32)=N1,
3904,2466_B3D,O=C1CSC2(CCN(CCCN3c4ccccc4Sc4ccc(Cl)cc43)CC2)N1,
3905,2467_B3D,O=C1C[C@H]2SC(C3(O)CN4C(=O)C[C@H]4S3)CN12,
3906,2468_B3D,O=C1Cc2cc(CCN3CCN(c4nsc5ccccc45)CC3)c(Cl)cc2N1,
3907,2469_B3D,O=C1N(C(O)C(Cl)(Cl)Cl)CNC1(c1ccccc1)c1ccccc1,
3908,2470_B3D,O=C1N(c2ccccc2)c2ccccc2C1(Cc1ccncc1)Cc1ccncc1,
3909,2471_B3D,O=C1NC(=NC2CC2)OC1c1ccccc1,
3910,2472_B3D,O=C1NC(=O)C(CC2CCCCN2)(c2ccccc2)C(=O)N1,
3911,2473_B3D,O=C1NC(=O)C2(CCc3ccccc3C2)N1,
3912,2474_B3D,O=C1NC(=O)C2(c3ccc(Cl)cc3)CC12,
3913,2475_B3D,O=C1NC(=O)[C@@]2(CCN(C(=O)Cc3ccc(Cl)c(Cl)c3)[C@@H](CN3CCCC3)C2)N1,
3914,2476_B3D,O=C1NC(CCCl)Oc2ccccc21,
3915,2477_B3D,O=C1NC(c2ccccc2)(c2ccccc2)C(=O)N1COP(=O)(O)O,
3916,2478_B3D,O=C1NC2CCCCN2C12CCN(CCCN1c3ccccc3CCc3ccc(Cl)cc31)CC2,
3917,2479_B3D,O=C1NCCCC1N1C(=O)c2ccccc2S1(=O)=O,
3918,2480_B3D,O=C1NCCN1C1CCN(CCC2COc3ccccc3O2)CC1,
3919,2481_B3D,O=C1NCCN1CCN1CCC(c2cn(-c3ccc(F)cc3)c3ccc(Cl)cc23)CC1,
3920,2482_B3D,O=C1NCCNC1c1cccs1,
3921,2483_B3D,O=C1NCN(c2ccccc2)C12CCN(CC1COc3ccccc3O1)CC2,
3922,2484_B3D,O=C1NCN(c2ccccc2)C12CCN(CCCC(c1ccc(F)cc1)c1ccc(F)cc1)CC2,
3923,2485_B3D,O=C1NCN(c2ccccc2)C12CCN(CCCOc1ccc(F)cc1)CC2,
3924,2486_B3D,O=C1NCNC1(c1ccccc1)c1ccccc1,
3925,2487_B3D,O=C1Nc2ccc(Cl)cc2[C@@](C#CC2CC2)(C(F)(F)F)O1,
3926,2488_B3D,O=C1Nc2ccc(Cl)nc2C(c2ccccc2Cl)=NC1O,
3927,2489_B3D,O=C1OC(c2ccc(O)cc2)(c2ccc(O)cc2)c2ccccc21,
3928,2490_B3D,O=C1OCCC1C1(O)CCN(CCCN2c3ccccc3Sc3ccc(Cl)cc32)CC1,
3929,2491_B3D,O=C1[C@H]2CCCC[C@H]2C(=O)N1CCCCN1CCN(c2nsc3ccccc23)CC1,
3930,2492_B3D,O=C1[C@H]2[C@@H]3CC[C@@H](C3)[C@H]2C(=O)N1CCCCN1CCN(c2ncccn2)CC1,
3931,2493_B3D,O=C1[C@H]2[C@H]3C=C[C@H]([C@@H]4C=C[C@@H]43)[C@H]2C(=O)N1CCCCN1CCN(c2ncccn2)CC1,
3932,2494_B3D,O=C1c2ccccc2S(=O)(=O)N1CCCCN1CCN(c2ncccn2)CC1,
3933,2495_B3D,O=C1c2ccccc2S(=O)(=O)N1CCCN1CCN(c2ncccn2)CC1,
3934,2496_B3D,O=NN(CCCl)C(=O)NC1CCCCC1,
3935,2497_B3D,O=c1[nH]c(=O)n([C@H]2C[C@H](O)[C@@H](CO)O2)cc1F,
3936,2498_B3D,O=c1[nH]c2cc(Cl)c(Cl)c([N+](=O)[O-])c2[nH]c1=O,
3937,2499_B3D,O=c1[nH]c2cc(Cl)ccc2n1C1CCN(CC2COc3ccccc3O2)CC1,
3938,2500_B3D,O=c1[nH]c2cc(Cl)ccc2n1C1CCN(CCCC(c2ccc(F)cc2)c2ccc(F)cc2)CC1,
3939,2501_B3D,O=c1[nH]c2cc(Cl)ccc2o1,
3940,2502_B3D,O=c1[nH]c2ccccc2c(=O)n1CCCN1CCN(c2cccc(Cl)c2)CC1,
3941,2503_B3D,O=c1[nH]c2ccccc2c(=O)n1CCN1C[C@H]2C[C@H](c3ccc(F)cc3)[C@H]2C1,
3942,2504_B3D,O=c1[nH]c2ccccc2n1C1CCN(CCCC(c2ccc(F)cc2)c2ccc(F)cc2)CC1,
3943,2505_B3D,O=c1[nH]c2ccccc2n1C1CCN(CCCc2noc3cc(F)ccc23)CC1,
3944,2506_B3D,O=c1[nH]c2ccccc2n1C1CCN(CCOc2ccccc2)CC1,
3945,2507_B3D,O=c1[nH]cc(F)c(=O)[nH]1,
3946,2508_B3D,O=c1[nH]oc2c1CCNC2,
3947,2509_B3D,O=c1c(O[C@@H]2O[C@H](CO)[C@@H](O)[C@H](O)[C@H]2O)c(-c2ccc(O)c(O)c2)oc2cc(O)cc(O)c12,
3948,2510_B3D,O=c1cc[nH]nc1,
3949,2511_B3D,O=c1ccn(C2OC(CO)C(O)C2O)c(=O)[nH]1,
3950,2512_B3D,O=c1oc2ccccc2c(O)c1Cc1c(O)c2ccccc2oc1=O,
3951,2513_B3D,OC(Br)(Br)CBr,
3952,2514_B3D,OC(C1=NCCN1)(c1ccc(Cl)cc1)c1ccccn1,
3953,2515_B3D,OC(CCCN1CCc2c(c3cc(F)ccc3n2-c2ccc(F)cc2)C1)c1ccc(F)cc1,
3954,2516_B3D,OC(CCN1CCCC1)(c1ccccc1)C1CCCCC1,
3955,2517_B3D,OC(CN1CCCCC1)c1cc(-c2ccccc2)on1,
3956,2518_B3D,OC(Cn1ccnc1)c1ccc(CCc2ccccc2)cc1,
3957,2519_B3D,OC(O)C(Cl)(Cl)Cl,
3958,2520_B3D,OC(OCC(COC(O)C(Cl)(Cl)Cl)(COC(O)C(Cl)(Cl)Cl)COC(O)C(Cl)(Cl)Cl)C(Cl)(Cl)Cl,
3959,2521_B3D,OC(c1ccccc1)(c1ccccc1)C1CC1c1ccncc1,
3960,2522_B3D,OC(c1ccccc1)(c1ccccc1)C1CCCCN1,
3961,2523_B3D,OC(c1ccccc1)(c1ccccc1)C1CCNCC1,
3962,2524_B3D,OC1(c2ccc(Cl)c(C(F)(F)F)c2)CCN(CCCC(c2ccc(F)cc2)c2ccc(F)cc2)CC1,
3963,2525_B3D,OC1(c2ccc(Cl)cc2)c2ccccc2C2=NCCN21,
3964,2526_B3D,OC1(c2cccc(Cl)c2)C2=NCCCN2c2ccccc21,
3965,2527_B3D,OC1CCN(c2ccc(-c3ccc(Cl)cc3Cl)nn2)CC1,
3966,2528_B3D,OC1CCN(c2ccc(-c3ccccc3Cl)nn2)CC1,
3967,2529_B3D,OC1OC(COCCOC(O)C(Cl)(Cl)Cl)C(OC2OC(COCCOCCOC(O)C(Cl)(Cl)Cl)CC(OC(O)C(Cl)(Cl)Cl)C2O)C(OCCOCCOC(O)C(Cl)(Cl)Cl)C1O,
3968,2530_B3D,OCC1(CO)COC(C(Cl)(Cl)Cl)OC1,
3969,2531_B3D,OCCC1CCN(CC/C=C2\c3ccc(F)cc3Sc3ccc(C(F)(F)F)cc32)CC1,
3970,2532_B3D,OCCCN1CCN(CCCC2c3ccccc3Sc3ccc(Cl)cc32)CC1,
3971,2533_B3D,OCCN1C=CN(CCCN2c3ccccc3C=Cc3ccccc32)C=CC1,
3972,2534_B3D,OCCN1CCCN(CCCN2c3ccccc3Sc3cc(C(F)(F)F)ccc32)CC1,
3973,2535_B3D,OCCN1CCCN(CCCN2c3ccccc3Sc3ccc(C(F)(F)F)cc32)CC1,
3974,2536_B3D,OCCN1CCN(CC/C=C2/c3ccccc3COc3ccc(Cl)cc32)CC1,
3975,2537_B3D,OCCN1CCN(CC/C=C2/c3ccccc3Sc3ccc(C(F)(F)F)cc32)CC1,
3976,2538_B3D,OCCN1CCN(CC/C=C2/c3ccccc3Sc3ccc(Cl)cc32)CC1,
3977,2539_B3D,OCCN1CCN(CCCC2c3ccc(F)cc3Sc3ccc(C(F)(F)F)cc32)CC1,
3978,2540_B3D,OCCN1CCN(CCCN2c3cc(C(F)(F)F)ccc3Sc3sccc32)CC1,
3979,2541_B3D,OCCN1CCN(CCCN2c3ccccc3C=Cc3ccccc32)CC1,
3980,2542_B3D,OCCN1CCN(CCCN2c3ccccc3Sc3cc(Cl)cnc32)CC1,
3981,2543_B3D,OCCN1CCN([C@@H]2C[C@@H](c3ccc(F)cc3)c3ccc(C(F)(F)F)cc32)CC1,
3982,2544_B3D,OCCOC1CCN(CCCN2c3ccccc3Sc3ccc(C(F)(F)F)cc32)CC1,
3983,2545_B3D,OCCOCCOCCN1CCN(C(c2ccccc2)c2ccc(Cl)cc2)CC1,
3984,2546_B3D,OC[C@@H](O)[C@H]1OC2O[C@H](C(Cl)(Cl)Cl)O[C@@H]2[C@H]1O,
3985,2547_B3D,OC[C@H]1O[C@@H](n2cnc3c2NC=NC[C@H]3O)C[C@@H]1O,
3986,2548_B3D,OCc1ccccc1,
3987,2549_B3D,OCc1ccccc1O[C@@H]1O[C@H](CO)[C@@H](O)[C@H](O)[C@H]1O,
3988,2550_B3D,OCc1cccnc1,
3989,2551_B3D,ON1CC(=NCC2CC2)N=c2ccc(Cl)cc2=C1c1ccccc1,
3990,2552_B3D,Oc1ccc2[nH]cc(CCCCN3CC=C(c4ccccc4)CC3)c2c1,
3991,2553_B3D,Oc1ccc2c(c1)C13CCCCC1C(C2)N(CCc1ccccc1)CC3,
3992,2554_B3D,Oc1ccc2c(c1)C13CCCCC1C(C2)NCC3,
3993,2555_B3D,Oc1ccc2c(c1)C13CCN(CC4CC4)C(C2)C1CCOC3,
3994,2556_B3D,Oc1ccc2c(c1)[C@@]13CCCC[C@@]1(O)[C@@H](C2)N(CC1CC1)CC3,
3995,2557_B3D,Oc1ccc2c(c1)[C@@]13CCCC[C@@]1(O)[C@@H](C2)N(CC1CCC1)CC3,
3996,2558_B3D,Oc1ccc2c3c1OC1C(O)C=CC4C(C2)NCCC341,
3997,2559_B3D,Oc1ccc2c3c1OC1C(O)CCC4(O)C(C2)N(CC2CCC2)CCC314,
3998,2560_B3D,Oc1ccccc1-c1nnco1,
3999,2561_B3D,S=C1NCCC(COc2ccccc2)O1,
4000,2562_B3D,[C-]#[N+]C(=C\c1ccc(O)cc1)/C(=C/c1ccc(O)cc1)[N+]#[C-],
4001,2563_B3D,[N-]=[N+]=NCC(=O)N[C@H](CO)[C@H](O)c1ccc([N+](=O)[O-])cc1,
4002,2564_B3D,c1cc2c(c(N3CCNCC3)c1)OCCO2,
4003,2565_B3D,c1ccc(-c2cc(CCC3CCNCC3)c3ccccc3n2)cc1,
4004,2566_B3D,c1ccc(-c2nc(N3CCNCC3)cc3ccccc23)cc1,
4005,2567_B3D,c1ccc(C2(c3ccccc3)OC[C@H]([C@@H]3CCCCN3)O2)cc1,
4006,2568_B3D,c1ccc(C2CCN(CC3CCCc4c3ccc3c4OCO3)C2)cc1,
4007,2569_B3D,c1ccc(C2CN=C3NCCN32)cc1,
4008,2570_B3D,c1ccc(CC2NCCc3c2[nH]c2ccccc32)cc1,
4009,2571_B3D,c1ccc(Cn2cc(CCc3ccncc3)c3ccccc32)cc1,
4010,2572_B3D,c1ccc([C@@H]2CN3CCSC3=N2)cc1,
4011,2573_B3D,c1ccc2c(CCC3CCNCC3)c[nH]c2c1,
4012,2574_B3D,c1ccc2c(c1)CCN1CCNCC21,
4013,2575_B3D,c1ccc2c(c1)CCc1cccc3c1C2CN1CCCCC31,
4014,2576_B3D,c1ccc2c(c1)CCc1ccccc1N2C1CN2CCC1CC2,
4015,2577_B3D,c1ccc2c(c1)cc1n2CCCNC1,
4016,2578_B3D,c1ccc2cc(COC3CCNCC3)ccc2c1,
4017,2579_B3D,c1ccc2oc(-c3ccncc3)cc2c1,
4018,2580_B3D,c1cnc(N2CCN(Cc3ccc4c(c3)OCO4)CC2)nc1,
4019,2581_B3D,c1cncc(CC2(Cc3ccncc3)c3cccnc3-c3ncccc32)c1,
4020,2582_B3D,c1csc(Cc2ccccc2OCC2CNCCO2)c1,
4021,2583_B3D,C=CCOc1ccc(CC(=O)O)cc1Cl,
4022,2584_B3D,CC(=O)C[C@@H](c1ccccc1)c1c(O)c2ccccc2oc1=O,
4023,2585_B3D,CC(=O)Nc1ccc(OCC(O)CNC(C)C)cc1,
4024,2586_B3D,CC(C(O)c1ccc(O)cc1)N1CCC(Cc2ccccc2)CC1,
4025,2587_B3D,CC(C)(C)NCC(O)c1cc(O)cc(O)c1,
4026,2588_B3D,CC(C)(C)S(=O)(=O)C[C@@H](Cc1ccccc1)C(=O)N[C@@H](Cc1cnc[nH]1)C(=O)N[C@@H](CC1CCCCC1)[C@@H](O)[C@@H](O)C1CC1,
4027,2589_B3D,CC(CS)C(=O)N1CCCC1C(=O)O,
4028,2590_B3D,CC1=NN=C(c2ccc(N)cc2)c2cc3c(cc2C1)OCO3,
4029,2591_B3D,CC1CN(c2cc3c(cc2F)c(=O)c(C(=O)O)cn3-c2ccc(F)cc2F)CCN1,
4030,2592_B3D,CCCCC(=O)O[C@H]1CC[C@H]2[C@@H]3CCc4cc(O)ccc4[C@H]3CC[C@]12C,
4031,2593_B3D,CCCCOCCOC(=O)COc1ccc(Cl)cc1C,
4032,2594_B3D,CCCN1CCC[C@@H]2Cc3[nH]ncc3C[C@H]21,
4033,2595_B3D,CCN1CCC[C@H]1CNC(=O)c1c(O)c(Cl)cc(Cl)c1OC,
4034,2596_B3D,CCOC(=O)C(N)/C=C(\C)CP(=O)(O)O,
4035,2597_B3D,CCc1cccc2cc(C(O)CNC(C)(C)C)oc12,
4036,2598_B3D,CN(C(=O)Cc1ccc(Cl)c(Cl)c1)C(CN1CCCC1)c1cccc(OCC(=O)O)c1,
4037,2599_B3D,CN(C(=O)Cc1ccc(Cl)c(Cl)c1)[C@@H]1CCCC[C@H]1N1CCCC1,
4038,2600_B3D,CN(C(=O)Cc1cccc2sccc12)[C@@H]1CCCC[C@H]1N1CCCC1,
4039,2601_B3D,CN1CCc2cc(Cl)c(O)cc2[C@@H](c2ccccc2)C1,
4040,2602_B3D,CO/N=C(\C(=O)N[C@@H]1C(=O)N2C(C(=O)O)=C(CSc3nc(=O)c(=O)[nH]n3C)CS[C@H]12)c1csc(N)n1,
4041,2603_B3D,CO/N=C(\C(=O)N[C@@H]1C(=O)N2C(C(=O)OCOC(=O)C(C)(C)C)=C(C)CS[C@H]12)c1csc(N)n1,
4042,2604_B3D,COCc1c(C(=O)OC(C)C)ncc2[nH]c3ccc(OCc4ccccc4)cc3c12,
4043,2605_B3D,COc1cc2c(cc1OC)CN(CCc1ccc(NC(=O)c3cccc4c(=O)c5cccc(OC)c5[nH]c34)cc1)CC2,
4044,2606_B3D,C[C@@H]1O[C@@H](O[C@@H]2C=C3CC[C@@H]4[C@H](CC[C@]5(C)[C@@H](c6ccc(=O)oc6)CC[C@]45O)[C@@]3(C)CC2)[C@H](O)[C@H](O)[C@H]1O,
4045,2607_B3D,C[C@H]1O[C@H](O[C@@H]2[C@@H](CO)O[C@H](O[C@@H]3[C@@H](CO)OC(O)[C@H](O)[C@H]3O)[C@H](O)[C@H]2O)[C@H](O)[C@@H](O)[C@@H]1N[C@H]1C=C(CO)[C@@H](O)[C@H](O)[C@H]1O,
4046,2608_B3D,Cc1[nH]c(-c2ccccc2)nc1CC#N,
4047,2609_B3D,Cc1cc(Cl)ccc1OC(C)C(=O)O,
4048,2610_B3D,Cc1cccc(C)c1NC(=O)C(C)N,
4049,2611_B3D,Cc1ccccc1OCC(O)CNCCOc1ccc(C(N)=O)cc1,
4050,2612_B3D,N=C(N)N1CCC[C@@H](CNC(=O)C[C@H](NS(=O)(=O)c2ccc3ccccc3c2)C(=O)N(CC(=O)O)C2CC2)C1,
4051,2613_B3D,N=c1nc(N2CCCCC2)cc(N)n1O,
4052,2614_B3D,NC(N)=N/N=C/c1c(Cl)cccc1Cl,
4053,2615_B3D,NCC(CP(=O)(O)O)c1ccc(Cl)cc1,
4054,2616_B3D,NCC(CS(=O)(=O)O)c1ccc(Cl)cc1,
4055,2617_B3D,O=C(O)c1cc(N=Nc2ccc(O)c(C(=O)O)c2)ccc1O,
4056,2618_B3D,O=C(O)c1ccc2[nH]cc(CCCCN3CC=C(c4ccccc4)CC3)c2c1,
4057,2619_B3D,OCCN1C[C@H](O)[C@@H](O)[C@H](O)[C@H]1CO,
4058,2620_B3D,c1ccc2nc(N3CCNCC3)ccc2c1,
4059,2621_B3D,C#CC1(O)CC[C@H]2[C@H]3CCC4=CC(=O)CC[C@H]4[C@H]3CCC21C,
4060,2622_B3D,C#CC1(O)CC[C@H]2[C@H]3CCC4=Cc5c(cnn5-c5ccc(F)cc5)CC4(C)[C@H]3CCC21C,
4061,2623_B3D,C#CC1(O)CC[C@H]2[C@H]3CCc4cc(O)ccc4[C@H]3CCC21C,
4062,2624_B3D,C#CC1(O)CC[C@H]2[C@H]3CCc4cc(OC)ccc4[C@H]3CCC21C,
4063,2625_B3D,C#CC1(O)CC[C@H]2[C@H]3[C@@H](C)CC4=C(CCC(=O)C4)[C@H]3CCC21C,
4064,2626_B3D,C#CC1(OC[C@@H](O)CN2CCN(c3ccc(F)cc3)CC2)CCCCC1,
4065,2627_B3D,C#CCN(C)[C@@H](C)Cc1ccccc1,
4066,2628_B3D,C#CCN[C@H]1CCc2ccccc21,
4067,2629_B3D,C#C[C@H](OC(N)=O)c1ccccc1,
4068,2630_B3D,C/C(=C(/CCO)SSC[C@@H]1CCCO1)N(C=O)Cc1cnc(C)nc1N,
4069,2631_B3D,C/C(=C(/CCOC(=O)c1ccccc1)SC(=O)c1ccccc1)N(C=O)Cc1cnc(C)nc1N,
4070,2632_B3D,C/C(=C(/CCOP(=O)(O)O)SC(=O)c1ccccc1)N(C=O)Cc1cnc(C)nc1N,
4071,2633_B3D,C/C(O)=C1/C(=O)[C@@H](N)[C@@H]2Cc3c(c(O)c4c(O)c(C)ccc4c3C)C(=O)C2(O)C1=O,
4072,2634_B3D,C/C(O)=C1\C(=O)[C@@H](N)[C@@H]2Cc3c(c(O)c4c(O)c(C)ccc4c3C)C(=O)C2(O)C1=O,
4073,2635_B3D,C/C=C(/CC)C(=O)NC(N)=O,
4074,2636_B3D,C/C=C/C(=O)N(CC)[C@@H](CC)C(=O)N(C)C,
4075,2637_B3D,C/C=C/C(=O)N(CCC)[C@@H](CC)C(=O)N(C)C,
4076,2638_B3D,C/C=C/C1=C(C(=O)O)N2C(=O)C(NC(=O)[C@@H](N)c3ccc(O)cc3)[C@@H]2SC1,
4077,2639_B3D,C/C=C/[C@@H]1OC2(C(=O)COC(=O)c3ccncc3)CCC3(O1)[C@H]1CCC4=CC(=O)CCC4(C)[C@H]1[C@@H](O)CC23C,
4078,2640_B3D,C/C=C\[C@@H]1OC2(C(=O)COC(=O)c3ccncc3)CCC3(O1)[C@H]1CCC4=CC(=O)CCC4(C)[C@H]1[C@@H](O)CC23C,
4079,2641_B3D,C1=C(C=C2NCCN2)CCc2ccccc21,
4080,2642_B3D,C1=CCC2=C3C(=NC2=C1)CCN[C@H]3Cc1ccccc1,
4081,2643_B3D,C1=Cc2c(cccc2OC[C@@H]2CNCCO2)C1,
4082,2644_B3D,C1=NC[C@H](CC2=Cc3ccccc3CC2)N1,
4083,2645_B3D,C=C(C)[C@H]1CCC(C)=C[C@@H]1c1c(O)cc(CCCCC)cc1O,
4084,2646_B3D,C=C1CCC2(O)C3Cc4ccc(O)c5c4C2(CCN3CC2CC2)C1O5,
4085,2647_B3D,C=C1C[C@H](C)[C@@H]2C3Cc4ccc(O)cc4C2(CCN3CC2CCC2)C1,
4086,2648_B3D,C=C1C[C@H]2[C@@H]3C=CC4=CC(=O)CCC4(C)[C@H]3C(O)CC2(C)C1(O)C(=O)CO,
4087,2649_B3D,C=C1C[C@H]2[C@@H]3CCC4=CC(=O)C=CC4(C)C3(F)[C@@H](O)CC2(C)C1(O)C(=O)CO,
4088,2650_B3D,C=C1C[C@H]2[C@@H]3CCC4=CC(=O)C=CC4(C)[C@H]3[C@@H](O)CC2(C)C1(O)C(=O)CO,
4089,2651_B3D,C=C1c2c(Cl)ccc(O)c2C(=O)C2=C(O)C3(O)C(=O)C(C(N)=O)=C(O)[C@@H](N(C)C)[C@H]3[C@@H](O)[C@@H]12,
4090,2652_B3D,C=C1c2c(Cl)ccc(O)c2C(O)=C2C(=O)C3(O)C(O)=C(C(N)=O)C(=O)[C@@H](N(C)C)[C@H]3[C@@H](O)[C@@H]12,
4091,2653_B3D,C=C1c2cccc(O)c2C(=O)C2=C(O)C3(O)C(=O)C(C(N)=O)=C(O)[C@@H](N(C)C)[C@H]3[C@@H](O)[C@@H]12,
4092,2654_B3D,C=C1c2cccc(O)c2C(O)=C2C(=O)C3(O)C(O)=C(C(N)=O)C(=O)[C@@H](N(C)C)[C@H]3[C@@H](O)[C@@H]12,
4093,2655_B3D,C=CC1([C@@H](C)CCC)C(=O)NC(=O)NC1=O,
4094,2656_B3D,C=CC1=C(C(=O)O)N2C(=O)C(NC(=O)/C(=N\O)c3csc(N)n3)[C@@H]2SC1,
4095,2657_B3D,C=CC1=C(C(=O)O)N2C(=O)C(NC(=O)/C(=N\OCC(=O)O)c3csc(N)n3)[C@@H]2SC1,
4096,2658_B3D,C=CC1CN2CCC1CC2[C@@H](O)c1ccnc2ccc(OC)cc12,
4097,2659_B3D,C=CC1CN2CCC1C[C@H]2[C@@H](O)c1ccnc2ccc(OC)cc12,
4098,2660_B3D,C=CC1O[C@H]2C[C@H]3[C@@H]4CCC5=CC(=O)C=CC5(C)C4(F)C(O)CC3(C)C2(C(=O)CO)O1,
4099,2661_B3D,C=CCC1(C[C@H](C)O)C(=O)NC(=O)NC1=O,
4100,2662_B3D,C=CCC1([C@@H](C)C#CCC)C(=O)NC(=O)N(C)C1=O,
4101,2663_B3D,C=CCC1([C@@H](C)CCC)C(=O)NC(=O)NC1=O,
4102,2664_B3D,C=CCC1([C@@H](C)CCC)C(=O)NC(=S)NC1=O,
4103,2665_B3D,C=CCC1([C@@H]2C=CCCC2)C(=O)NC(=S)NC1=O,
4104,2666_B3D,C=CCN1C(=O)O[C@@H](C)C1=O,
4105,2667_B3D,C=CCN1C(=O)[C@H](CC(C)C)NC1=S,
4106,2668_B3D,C=CCN1CCC23CCCC[C@@H]2C1Cc1ccc(O)cc13,
4107,2669_B3D,C=CCN1CCC23c4c5ccc(O)c4O[C@@H]2C(=O)CCC3(O)C1C5,
4108,2670_B3D,C=CCN1CCC23c4c5ccc(O)c4O[C@@H]2C2(OC)C=CC3(CC2C(C)(O)CCC)C1C5,
4109,2671_B3D,C=CCN1CCC23c4c5ccc(O)c4O[C@@H]2C2(OC)C=CC3(C[C@H]2C(C)(O)CCC)C1C5,
4110,2672_B3D,C=CCN1CCC23c4c5ccc(O)c4O[C@@H]2[C@@H](O)C=C[C@@H]3C1C5,
4111,2673_B3D,C=CCN1CCC23c4c5ccc(OC(C)=O)c4O[C@@H]2C(OC(C)=O)C=C[C@@H]3C1C5,
4112,2674_B3D,C=CCN1CCC[C@H]1CNC(=O)c1cc(S(=O)(=O)NC)c(N)cc1OC,
4113,2675_B3D,C=CCN1CCC[C@H]1CNC(=O)c1cc(S(N)(=O)=O)cc(OC)c1OC,
4114,2676_B3D,C=CCN1C[C@@H](C(=O)N(CCCN(C)C)C(=O)NCC)C[C@H]2c3cccc4[nH]cc(c34)C[C@@H]21,
4115,2677_B3D,C=CCSCC(=O)NC1C(=O)N2[C@H]1SC(C)(C)[C@@H]2C(=O)O,
4116,2678_B3D,C=CC[C@H](N)Cc1ccccc1,
4117,2679_B3D,C=CC[C@H]1/C=C(\C)C[C@H](C)C[C@H](OC)[C@@H]2OC(O)(C(=O)C(=O)N3CCCC[C@H]3C(=O)O[C@H](/C(C)=C/[C@H]3CC[C@H](O)[C@@H](OC)C3)[C@@H](C)[C@@H](O)CC1=O)[C@@H](C)C[C@@H]2OC,
4118,2680_B3D,C=CCc1ccccc1OC[C@@H](O)CNC(C)C,
4119,2681_B3D,C=C[C@@H](N)CCC(=O)O,
4120,2682_B3D,C=C[C@@H]1CNCC[C@@H]1CCCc1ccnc2ccc(OC)cc12,
4121,2683_B3D,C=N[C@H](C(=O)NC1C(=O)N2[C@H]1SC(C)(C)[C@@H]2C(=O)O)c1ccccc1,
4122,2684_B3D,CC#CC1(O)CC[C@H]2[C@@H]3CCC4=CC(=O)CCC4=C3[C@H](c3ccc(N(C)C)cc3)CC21C,
4123,2685_B3D,CC(=O)C1(N)Cc2c(O)c3c(c(O)c2[C@@H](O[C@H]2C[C@H](O)[C@@H](O)CO2)C1)C(=O)c1ccccc1C3=O,
4124,2686_B3D,CC(=O)C1(O)C(O)C[C@H]2[C@@H]3CCC4=CC(=O)C=CC4(C)C3(F)[C@@H](O)CC21C,
4125,2687_B3D,CC(=O)C1(O)CC[C@H]2[C@@H]3CCC4=CC(=O)C=CC4(C)[C@H]3[C@@H](O)CC21C,
4126,2688_B3D,CC(=O)C1(O)CC[C@H]2[C@@H]3C[C@H](C)C4=CC(=O)C=CC4(C)C3(F)[C@@H](O)CC21C,
4127,2689_B3D,CC(=O)C1(O)Cc2c(O)c3c(c(O)c2[C@@H](O[C@@H]2C[C@H](N)[C@H](O)[C@H](C)O2)C1)C(=O)c1c(O)cccc1C3=O,
4128,2690_B3D,CC(=O)C1(O)Cc2c(O)c3c(c(O)c2[C@@H](O[C@@H]2C[C@H](N)[C@H](O)[C@H](C)O2)C1)C(=O)c1ccccc1C3=O,
4129,2691_B3D,CC(=O)C1(O)[C@@H](C)C[C@H]2[C@@H]3CCC4=CC(=O)C=CC4(C)C3(F)[C@@H](O)CC21C,
4130,2692_B3D,CC(=O)C1(O)[C@@H](O)C[C@H]2[C@H]3CCC4=CC(=O)CCC4(C)[C@H]3CCC21C,
4131,2693_B3D,CC(=O)C12OC(C)(C)O[C@H]1C[C@H]1[C@@H]3CCC4=CC(=O)C=CC4(C)C3(F)C(O)CC12C,
4132,2694_B3D,CC(=O)C12OC(C)(C)O[C@H]1C[C@H]1[C@H]3CCC4=CC(=O)CCC4(C)[C@H]3CCC12C,
4133,2695_B3D,CC(=O)C1CC[C@H]2[C@@H]3CC=C4C[C@@H](OC(=O)CCC(=O)O)CCC4(C)[C@H]3CCC12C,
4134,2696_B3D,CC(=O)C1CC[C@H]2[C@@H]3CCC4=CC(=O)CCC4(C)[C@H]3CCC12C,
4135,2697_B3D,CC(=O)C1CC[C@H]2[C@@H]3C[C@H](C)C4=CC(=O)C=CC4(C)[C@H]3[C@@H](O)CC12C,
4136,2698_B3D,CC(=O)C1CC[C@H]2[C@@H]3C[C@H](C)C4=CC(=O)CCC4(C)[C@H]3[C@@H](O)CC12C,
4137,2699_B3D,CC(=O)C1CC[C@H]2[C@@H]3C[C@H](O)C45CC4CCC5(C)[C@H]3CCC12C,
4138,2700_B3D,CC(=O)CC(=O)C1(O)CC[C@H]2[C@@H]3CCC4=CC(=O)C=CC4(C)C3(Cl)[C@@H](Cl)CC21C,
4139,2701_B3D,CC(=O)CC(=O)C12OC(C)(C)O[C@H]1C[C@H]1[C@@H]3CC(C#N)=C4C=C(OCCCl)CCC4(C)C3(F)C(O)CC12C,
4140,2702_B3D,CC(=O)N1CCN(C(=O)Cc2cc(F)cc(F)c2)[C@@H](CN2CC[C@H](O)C2)C1,
4141,2703_B3D,CC(=O)N1CCN(C(=O)Cc2ccc(C(F)(F)F)cc2)[C@@H](CN2CC[C@H](O)C2)C1,
4142,2704_B3D,CC(=O)N1CCN(C(=O)Cc2ccc(Cl)c(Cl)c2)[C@@H](CN2CC[C@H](O)C2)C1,
4143,2705_B3D,CC(=O)N1CCN(C(=O)Cc2ccc([S+](C)[O-])cc2)[C@@H](CN2CC[C@H](O)C2)C1,
4144,2706_B3D,CC(=O)N1CCN(C(=O)Cc2ccccc2)[C@@H](CN2CC[C@H](O)C2)C1,
4145,2707_B3D,CC(=O)N1CCN(c2ccc(OC[C@H]3COC(Cn4ccnc4)(c4ccc(Cl)cc4Cl)O3)cc2)CC1,
4146,2708_B3D,CC(=O)N[C@@H](CCC(N)=O)C(=O)O,
4147,2709_B3D,CC(=O)OC1(C(C)=O)CC[C@H]2[C@@H]3C[C@H](C)C4=CC(=O)C=CC4(C)C3(F)[C@@H](O)CC21C,
4148,2710_B3D,CC(=O)OC12CO[C@H]1C[C@H](O)C1(C)C(=O)[C@@H](O)C3=C(C)[C@@H](OC(=O)[C@@H](O)[C@@H](NC(=O)OC(C)(C)C)c4ccccc4)CC(O)([C@@H](OC(=O)c4ccccc4)[C@@H]21)C3(C)C,
4149,2711_B3D,CC(=O)OC1CC2(C)[C@H](C[C@H](O)[C@H]3C4(C)CC[C@H](O)[C@@H](C)[C@@H]4CCC32C)/C1=C(\CCC=C(C)C)C(=O)O,
4150,2712_B3D,CC(=O)OCC(=O)C1(O)CC[C@H]2[C@@H]3CCC4=CC(=O)C=CC4(C)C3(Cl)[C@@H](Cl)CC21C,
4151,2713_B3D,CC(=O)OCC(=O)C1(O)CC[C@H]2[C@@H]3CCC4=CC(=O)C=CC4(C)C3(F)[C@@H](O)CC21C,
4152,2714_B3D,CC(=O)OCC(=O)C1(O)CC[C@H]2[C@@H]3CCC4=CC(=O)C=CC4(C)[C@H]3[C@@H](O)CC21C,
4153,2715_B3D,CC(=O)OCC(=O)C1(O)CC[C@H]2[C@@H]3CCC4=CC(=O)CCC4(C)C3(F)[C@@H](O)CC21C,
4154,2716_B3D,CC(=O)OCC(=O)C1(O)CC[C@H]2[C@@H]3CCC4=CC(=O)CCC4(C)[C@H]3C(=O)CC21C,
4155,2717_B3D,CC(=O)OCC(=O)C1(O)CC[C@H]2[C@@H]3CCC4=CC(=O)CCC4(C)[C@H]3[C@@H](O)CC21C,
4156,2718_B3D,CC(=O)OCC(=O)C1(O)CC[C@H]2[C@@H]3C[C@H](C)C4=CC(=O)C=CC4(C)[C@H]3[C@@H](O)CC21C,
4157,2719_B3D,CC(=O)OCC(=O)C1(O)CC[C@H]2[C@@H]3C[C@H](Cl)C4=CC(=O)C=CC4(C)[C@H]3C(=O)CC21C,
4158,2720_B3D,CC(=O)OCC(=O)C1(O)[C@@H](C)C[C@H]2[C@@H]3C=C(C)C4=Cc5c(cnn5-c5ccccc5)CC4(C)[C@H]3[C@@H](O)CC21C,
4159,2721_B3D,CC(=O)OCC(=O)C1(O)[C@@H](C)C[C@H]2[C@@H]3CC(F)(F)C4=CC(=O)C=CC4(C)C3(F)[C@@H](O)CC21C,
4160,2722_B3D,CC(=O)OCC(=O)C1(O)[C@@H](C)C[C@H]2[C@@H]3CCC4=CC(=O)C=CC4(C)C3(F)[C@@H](O)CC21C,
4161,2723_B3D,CC(=O)OCC(=O)C1(O)[C@@H](C)C[C@H]2[C@@H]3C[C@H](F)C4=CC(=O)C=CC4(C)[C@H]3C(O)CC21C,
4162,2724_B3D,CC(=O)OCC(=O)C1(O)[C@@H](C)C[C@H]2[C@@H]3C[C@H](F)C4=CC(=O)C=CC4(C)[C@H]3[C@@H](O)CC21C,
4163,2725_B3D,CC(=O)OCC(=O)C1(O)[C@@H](OC(C)=O)C[C@H]2[C@@H]3CCC4=CC(=O)C=CC4(C)C3(F)[C@@H](O)CC21C,
4164,2726_B3D,CC(=O)OCC(=O)C1(OC(=O)C(C)C)[C@@H](C)C[C@H]2[C@@H]3CCC4=CC(=O)C=CC4(C)C3(F)[C@@H](O)CC21C,
4165,2727_B3D,CC(=O)OCC(=O)C1(OC(=O)c2ccco2)[C@@H](C)C[C@H]2[C@@H]3CCC4=CC(=O)C=CC4(C)C3(F)[C@@H](O)CC21C,
4166,2728_B3D,CC(=O)OCC(=O)C1(OC(C)=O)CC[C@H]2[C@@H]3C[C@H](F)C4=CC(=O)C(Br)=CC4(C)C3(F)[C@@H](O)CC21C,
4167,2729_B3D,CC(=O)OCC(=O)C1(OC(C)=O)[C@@H](C)C[C@H]2[C@@H]3C[C@H](F)C4=CC(=O)C=CC4(C)C3(F)[C@@H](O)CC21C,
4168,2730_B3D,CC(=O)OCC(=O)C12N=C(C)O[C@H]1C[C@H]1[C@@H]3CCC4=CC(=O)C=CC4(C)C3(F)C(O)CC12C,
4169,2731_B3D,CC(=O)OCC(=O)C12N=C(C)O[C@H]1C[C@H]1[C@@H]3CCC4=CC(=O)C=CC4(C)[C@H]3C(O)CC12C,
4170,2732_B3D,CC(=O)OCC(=O)C12OC(C)(C)O[C@H]1C[C@H]1[C@@H]3CC(C#N)=C4C=C(OCCCl)CCC4(C)C3(F)C(O)CC12C,
4171,2733_B3D,CC(=O)OCC(=O)C12OC(C)(C)O[C@H]1C[C@H]1[C@@H]3CC(C=O)=C4C=C(OCCCl)CCC4(C)C3(F)C(O)CC12C,
4172,2734_B3D,CC(=O)OCC(=O)C12OC(C)(C)O[C@H]1C[C@H]1[C@@H]3C[C@H](F)C4=CC(=O)C=CC4(C)C3(F)C(O)CC12C,
4173,2735_B3D,CC(=O)OCC(=O)C12OC(C)(C)O[C@H]1C[C@H]1[C@@H]3C[C@H](F)C4=CC(=O)C=CC4(C)[C@H]3C(O)CC12C,
4174,2736_B3D,CC(=O)OCC(=O)C12OC3(CCCC3)O[C@H]1C[C@H]1[C@@H]3CCC4=CC(=O)C=CC4(C)C3(F)C(O)CC12C,
4175,2737_B3D,CC(=O)OCC(=O)C12OC3(CCCC3)O[C@H]1C[C@H]1[C@@H]3CCC4=CC(=O)C=CC4(C)C3(F)[C@@H](O)CC12C,
4176,2738_B3D,CC(=O)OCC(=O)C1[C@@H](C)C[C@H]2[C@@H]3C[C@H](F)C4=CC(=O)C=CC4(C)C3(Cl)[C@@H](O)CC12C,
4177,2739_B3D,CC(=O)OCC1=C(C(=O)O)N2C(=O)C(NC(=O)CC#N)[C@@H]2SC1,
4178,2740_B3D,CC(=O)OCC1=C(C(=O)O)N2C(=O)C(NC(=O)CCC[C@H](N)C(=O)O)[C@@H]2SC1,
4179,2741_B3D,CC(=O)OCC1=C(C(=O)O)N2C(=O)C(NC(=O)CSc3ccncc3)[C@@H]2SC1,
4180,2742_B3D,CC(=O)OCC1=C(C(=O)O)N2C(=O)C(NC(=O)Cc3ccccc3)[C@@H]2SC1,
4181,2743_B3D,CC(=O)OCC1=C(C(=O)O)N2C(=O)C(NC(=O)Cc3cccs3)[C@@H]2SC1,
4182,2744_B3D,CC(=O)OCC1=C(C(=O)O)N2C(=O)C(NC(=O)[C@@H](N)c3ccccc3)[C@@H]2SC1,
4183,2745_B3D,CC(=O)OCC1=C(C(=O)O)N2C(=O)C(NC(=O)c3c(-c4ccccc4Cl)noc3C)[C@@H]2SC1,
4184,2746_B3D,CC(=O)OCC1=CO[C@@H](OC(=O)CC(C)(C)OC(C)=O)[C@H]2C1=C[C@H](OC(=O)CC(C)C)C21CO1,
4185,2747_B3D,CC(=O)OCC1=CO[C@@H](OC(=O)CC(C)C)[C@H]2C1=C[C@H](OC(=O)CC(C)(C)OC(C)=O)C21CO1,
4186,2748_B3D,CC(=O)OCC1=CO[C@@H](OC(=O)CC(C)C)[C@H]2C1=C[C@H](OC(=O)CC(C)C)C21CO1,
4187,2749_B3D,CC(=O)OCOC(=O)[C@@H]1N2C(=O)C(NC(=O)Cc3ccccc3)[C@@H]2SC1(C)C,
4188,2750_B3D,CC(=O)O[C@@H](C)C(=O)C1(O)CC[C@H]2[C@@H]3CCC4=CC(=O)C=CC4(C)C3(F)[C@@H](O)CC21C,
4189,2751_B3D,CC(=O)O[C@@H](c1ccccc1)[C@@H]1CCCCN1,
4190,2752_B3D,CC(=O)O[C@@H]1/C=C/C(C)=C/C[C@H](O)/C=C/C(C)=C/[C@H](NC(=O)C(C)=O)C2(C)C(=O)O[C@@H](C1)[C@H](C)C2=O,
4191,2753_B3D,CC(=O)O[C@@H]1C(=O)C2(C)[C@@H](O)C[C@@H]3OCC3(OC(C)=O)[C@@H]2[C@H](OC(=O)c2ccccc2)C2(O)C[C@H](OC(=O)[C@@H](O)[C@@H](NC(=O)c3ccccc3)c3ccccc3)C(C)=C1C2(C)C,
4192,2754_B3D,CC(=O)O[C@H]1CC2(C)[C@H](C[C@H](O)[C@H]3C4(C)CC[C@H](O)[C@@H](C)[C@@H]4CCC32C)/C1=C(/CCC=C(C)C)C(=O)O,
4193,2755_B3D,CC(=O)O[C@H]1CCC2(C)[C@H]3CCC4(C)C(C(C)CCCC(C)C)CC[C@H]4[C@@H]3C[C@H](Br)C2(Br)C1,
4194,2756_B3D,CC(=O)O[C@H]1CCC2(C)[C@H]3CCC4(C)C(C(C)CCCC(C)C)CC[C@H]4[C@@H]3C[C@H](Br)[C@H]2[C@@H]1Br,
4195,2757_B3D,CC(=O)O[C@H]1C[C@@H]2C(COC(=O)CC(C)C)=CO[C@@H](OC(=O)CC(C)C)[C@@H]2C12CO2,
4196,2758_B3D,CC(=O)Oc1ccc2c3c1O[C@@H]1C(OC(C)=O)C=C[C@@H]4C(C2)N(C)CCC341,
4197,2759_B3D,CC(=O)SC[C@@H](Cc1ccccc1)C(=O)NCC(=O)OCc1ccccc1,
4198,2760_B3D,CC(=O)S[C@H]1CC2=CC(=O)CCC2(C)[C@H]2CCC3(C)[C@@H](CCC34CCC(=O)O4)[C@@H]12,
4199,2761_B3D,CC(=O)[C@H]1CC[C@H]2[C@@H]3CC[C@H]4C[C@@H](O)CCC4(C)[C@H]3C(=O)CC12C,
4200,2762_B3D,CC(=O)[C@H]1CC[C@H]2[C@H]3CC[C@H]4CC(C)(O)CCC4(C)[C@H]3CCC12C,
4201,2763_B3D,CC(=O)[C@H]1CC[C@H]2[C@H]3CC[C@H]4C[C@@H](O)CCC4(C)[C@H]3CCC12C,
4202,2764_B3D,CC(=O)c1ccc([C@H](O)[C@H](CO)NC(=O)C(Cl)Cl)cc1,
4203,2765_B3D,CC(=O)c1ccc2c(c1)N(C[C@H](C)N(C)C)c1ccccc1S2,
4204,2766_B3D,CC(C)(C(=O)O)c1ccc([C@@H](O)CCCN2CCC(C(O)(c3ccccc3)c3ccccc3)CC2)cc1,
4205,2767_B3D,CC(C)(C)C(=O)OCOC(=O)[C@@H]1N2C(=O)C(/N=C/N3CCCCCC3)[C@@H]2SC1(C)C,
4206,2768_B3D,CC(C)(C)C(=O)OCOC(=O)[C@@H]1N2C(=O)C(NC(=O)[C@@H](N)c3ccccc3)[C@@H]2SC1(C)C,
4207,2769_B3D,CC(C)(C)C(=O)O[C@@H]1N=C(c2ccccc2)c2cc(Cl)ccc2NC1=O,
4208,2770_B3D,CC(C)(C)C(=O)SCC(=O)C1(O)CC[C@H]2[C@@H]3CCC4=CC(=O)CCC4(C)[C@H]3[C@@H](O)CC21C,
4209,2771_B3D,CC(C)(C)C1(O)CCN2C[C@H]3c4ccccc4CCc4cccc(c43)[C@@H]2C1,
4210,2772_B3D,CC(C)(C)CC(=O)OCC(=O)C1(O)CC[C@H]2[C@@H]3CCC4=CC(=O)C=CC4(C)[C@H]3C(O)CC21C,
4211,2773_B3D,CC(C)(C)CC(=O)OCC(=O)C1(O)CC[C@H]2[C@@H]3CCC4=CC(=O)C=CC4(C)[C@H]3[C@@H](O)CC21C,
4212,2774_B3D,CC(C)(C)CC(=O)OCC(=O)C12OC(C)(C)O[C@H]1C[C@H]1[C@@H]3CC4=CC(=O)C=CC4(C)C3(F)[C@@H](O)CC12C,
4213,2775_B3D,CC(C)(C)CC(=O)OCC(=O)C12OC(C)(C)O[C@H]1C[C@H]1[C@@H]3CCC4=CC(=O)C=CC4(C)C3(F)C(O)CC12C,
4214,2776_B3D,CC(C)(C)NC(=O)[C@@H]1CN(Cc2cccnc2)CCN1C[C@@H](O)C[C@H](Cc1ccccc1)C(=O)N[C@H]1c2ccccc2CC1O,
4215,2777_B3D,CC(C)(C)NC(=O)[C@@H]1C[C@@H]2CCCC[C@@H]2CN1C[C@H](O)[C@H](Cc1ccccc1)NC(=O)[C@H](CC(N)=O)NC(=O)c1ccc2ccccc2n1,
4216,2778_B3D,CC(C)(C)NC[C@@H](O)c1ccc(O)c(CO)c1,
4217,2779_B3D,CC(C)(C)NC[C@@H](O)c1ccc(O)c(NC(N)=O)c1,
4218,2780_B3D,CC(C)(C)NC[C@@H](O)c1ccccc1F,
4219,2781_B3D,CC(C)(C)NC[C@H](O)COc1cccc2c1CCC(=O)N2,
4220,2782_B3D,CC(C)(C)NC[C@H](O)COc1cccc2c1C[C@H](O)[C@@H](O)C2,
4221,2783_B3D,CC(C)(C)NC[C@H](O)COc1ccccc1C#N,
4222,2784_B3D,CC(C)(C)NC[C@H](O)c1ccc(O)c(CO)n1,
4223,2785_B3D,CC(C)(C)OC(=O)c1ncn2c1[C@@H]1CCCN1C(=O)c1cc(Br)ccc1-2,
4224,2786_B3D,CC(C)(C)[C@@H](O)/C=C/c1ccc2c(c1)OCO2,
4225,2787_B3D,CC(C)(C)[C@@H](O)/C=C\c1ccc2c(c1)OCO2,
4226,2788_B3D,CC(C)(C)[N+](O)=Cc1cc[n+]([O-])cc1,
4227,2789_B3D,CC(C)(C)c1ccc(CN2CCN([C@@H](c3ccccc3)c3ccc(Cl)cc3)CC2)cc1,
4228,2790_B3D,CC(C)(C)c1ccc(OC(F)(F)F)c(CN[C@H]2CCCN[C@H]2c2ccccc2)c1,
4229,2791_B3D,CC(C)(C)c1ccc([C@@H](O)CCCN2CCC(C(O)(c3ccccc3)c3ccccc3)CC2)cc1,
4230,2792_B3D,CC(C)(CO)[C@H](O)C(=O)NCCCC(=O)O,
4231,2793_B3D,CC(C)(O)C(Cl)(Cl)Cl,
4232,2794_B3D,CC(C)(O)C(F)(F)F,
4233,2795_B3D,CC(C)(Oc1ccc(Cl)cc1)C(=O)N[C@H](C(=O)NC1C(=O)N2[C@H]1SC(C)(C)[C@@H]2C(=O)O)c1ccccc1,
4234,2796_B3D,CC(C)(Oc1ccccc1)C(=O)NC1C(=O)N2[C@H]1SC(C)(C)[C@@H]2C(=O)O,
4235,2797_B3D,CC(C)=CCN1CCC2(C)c3cc(O)ccc3C[C@H]1[C@H]2C,
4236,2798_B3D,CC(C)=CCN1CCC23c4c5ccc(O)c4OC2C(=O)CCC3(O)C1C5,
4237,2799_B3D,CC(C)=CCN1CCC23c4c5ccc(O)c4O[C@@H]2C(=O)CCC3(O)C1C5,
4238,2800_B3D,CC(C)C(=O)OCC(=O)C12O[C@@H](C3CCCCC3)O[C@H]1C[C@H]1[C@@H]3CCC4=CC(=O)C=CC4(C)[C@H]3C(O)CC12C,
4239,2801_B3D,CC(C)C(=O)OCc1cccc(OC(=O)[C@@H]2N3C(=O)C(NC(=O)Cc4ccccc4)[C@@H]3SC2(C)C)c1,
4240,2802_B3D,CC(C)C1(C(C)C)OC[C@H](CO)O1,
4241,2803_B3D,CC(C)C1(O)CCN2C[C@H]3c4ccccc4CCc4cccc(c43)[C@@H]2C1,
4242,2804_B3D,CC(C)CCC(=O)C[C@H]1c2ccccc2C(=O)N1c1ccc2ccc(Cl)nc2n1,
4243,2805_B3D,CC(C)CCNC[C@H]1COc2ccccc2O1,
4244,2806_B3D,CC(C)CCO[C@H](CN1CCCC1)c1ccccc1,
4245,2807_B3D,CC(C)CN(C[C@H](O)[C@H](Cc1ccccc1)NC(=O)OC1CCOC1)S(=O)(=O)c1ccc(N)cc1,
4246,2808_B3D,CC(C)COC[C@H](CN(Cc1ccccc1)c1ccccc1)N1CCCC1,
4247,2809_B3D,CC(C)C[C@H](N(C)C)C1(c2ccc(Cl)cc2)CCC1,
4248,2810_B3D,CC(C)C[C@H](N)C(=O)N[C@@H](CCCN)C(=O)N[C@H](C(=O)N[C@@H](CCCN)C(=O)N1CCC[C@H]1C(=O)N[C@H](C=O)Cc1ccccc1)C(C)C,
4249,2811_B3D,CC(C)C[C@H](OC(=O)c1ccco1)C(=O)NC1C(=O)N2[C@H]1SC(C)(C)[C@@H]2C(=O)O,
4250,2812_B3D,CC(C)C[C@H]1C(=O)N2CCC[C@H]2C2(O)OC(NC(=O)[C@H]3C=C4c5cccc6[nH]c(Br)c(c56)C[C@@H]4N(C)C3)(C(C)C)C(=O)N12,
4251,2813_B3D,CC(C)Cc1ccc([C@H](C)C(=O)O)cc1,
4252,2814_B3D,CC(C)N1CCN(c2ccc(OC[C@H]3COC(Cn4cncn4)(c4ccc(Cl)cc4Cl)O3)cc2)CC1,
4253,2815_B3D,CC(C)N1CCO[C@@H](c2ccc(C(F)(F)F)cc2)C1,
4254,2816_B3D,CC(C)N1CCO[C@@H](c2cccc(C(F)(F)F)c2)C1,
4255,2817_B3D,CC(C)NC1C2CCC(CC2)C1(O)c1ccc(Cl)c(Cl)c1,
4256,2818_B3D,CC(C)NC[C@@H](O)c1ccc(NS(C)(=O)=O)cc1,
4257,2819_B3D,CC(C)NC[C@@H](O)c1ccc(O)c(O)c1,
4258,2820_B3D,CC(C)NC[C@H](O)COc1ccc(CCOCC2CC2)cc1,
4259,2821_B3D,CC(C)NC[C@H](O)COc1cccc2[nH]ccc12,
4260,2822_B3D,CC(C)NC[C@H](O)COc1cccc2ccccc12,
4261,2823_B3D,CC(C)Oc1ccc(OC(F)(F)F)cc1CN[C@H]1CCCN[C@H]1c1ccccc1,
4262,2824_B3D,CC(C)[C@H](Br)C(=O)NC(N)=O,
4263,2825_B3D,CC(C)[C@H](CCCCCC(=O)O)NCc1ccc(F)cc1,
4264,2826_B3D,CC(C)[C@H](N)C(=O)OC[C@H](CO)OCn1cnc2c(=O)[nH]c(N)nc21,
4265,2827_B3D,CC(C)[C@H](NC(=O)[C@H](Cc1ccccc1)NC(=O)CNC(=O)[C@H](C)NC(=O)[C@@H](N)Cc1ccc(O)cc1)C(N)=O,
4266,2828_B3D,CC(C)[C@H](O)C1CCCCC1,
4267,2829_B3D,CC(C)n1cc2c3c(cccc31)[C@@H]1C[C@H](C(=O)NC3CCCCC3)CN(C)[C@H]1C2,
4268,2830_B3D,CC(CCC(=O)O)[C@@H]1CC[C@H]2[C@H]3C(=O)C[C@@H]4CC(=O)CCC4(C)[C@H]3CC(=O)C12C,
4269,2831_B3D,CC(Cc1ccccc1)N1CC(NC(=O)Nc2ccccc2)[O+]N1,
4270,2832_B3D,CC(N)(Cc1ccc(O)c(O)c1)C(=O)O,
4271,2833_B3D,CC([C@H](C)OC(N)=O)[C@H](C)OC(N)=O,
4272,2834_B3D,CC/C=C(/C(=O)NC1C(=O)N2C(C(=O)O)=C(COC(N)=O)CS[C@@H]12)c1csc(N)n1,
4273,2835_B3D,CC/C=C(/C)C1(CC)C(=O)NC(=O)NC1=O,
4274,2836_B3D,CC/C=C(\C(=O)NC1C(=O)N2C(C(=O)O)=C(COC(N)=O)CS[C@@H]12)c1csc(N)n1,
4275,2837_B3D,CC1(C(=O)O)CCC2(C)CCC3(C)C(=CC(=O)[C@H]4C5(C)CC[C@H](O)C(C)(C)[C@H]5CCC43C)[C@H]2C1,
4276,2838_B3D,CC1(C)C(NC(=O)/C(=N/OCC(=O)O)c2csc(N)n2)C(=O)N1OS(=O)(=O)O,
4277,2839_B3D,CC1(C)C(NC/C(=N/OCC(=O)O)c2csc(N)n2)C(=O)N1OS(=O)(=O)O,
4278,2840_B3D,CC1(C)CCN(C(=O)Cc2ccc(Cl)c(Cl)c2)[C@H](CN2CCCC2)C1,
4279,2841_B3D,CC1(C)NC(=O)[C@H](/C=C/c2ccccc2)O1,
4280,2842_B3D,CC1(C)NC(=O)[C@H](/C=C\c2ccccc2)O1,
4281,2843_B3D,CC1(C)O[C@H]2COC3(COS(N)(=O)=O)OC(C)(C)O[C@H]3[C@H]2O1,
4282,2844_B3D,CC1(C)O[C@H]2C[C@H]3[C@@H]4CC5=CC(=O)C=CC5(C)C4(F)[C@@H](O)CC3(C)C2(C(=O)COC(=O)c2cc3ccccc3o2)O1,
4283,2845_B3D,CC1(C)O[C@H]2C[C@H]3[C@@H]4CCC5=CC(=O)C=CC5(C)C4(F)C(O)CC3(C)C2(C(=O)CO)O1,
4284,2846_B3D,CC1(C)O[C@H]2C[C@H]3[C@@H]4CCC5=CC(=O)C=CC5(C)C4(F)C(O)CC3(C)C2(C(=O)COC(=O)c2cc3ccccc3o2)O1,
4285,2847_B3D,CC1(C)O[C@H]2C[C@H]3[C@@H]4CCC5=CC(=O)C=CC5(C)[C@H]4C(O)CC3(C)C2(C(=O)CO)O1,
4286,2848_B3D,CC1(C)O[C@H]2C[C@H]3[C@@H]4CCC5=CC(=O)C=CC5(C)[C@H]4[C@@H](O)CC3(C)C2(C(=O)CO)O1,
4287,2849_B3D,CC1(C)O[C@H]2C[C@H]3[C@@H]4CCC5=CC(=O)CCC5(C)C4(F)C(O)CC3(C)C2(C(=O)CCl)O1,
4288,2850_B3D,CC1(C)O[C@H]2C[C@H]3[C@@H]4CC[C@H]5CC(=O)CCC5(C)C4(F)C(O)CC3(C)C2(C(=O)CO)O1,
4289,2851_B3D,CC1(C)O[C@H]2C[C@H]3[C@@H]4CC[C@H]5CC(=O)CCC5(C)C4(F)[C@@H](O)CC3(C)C2(C(=O)CO)O1,
4290,2852_B3D,CC1(C)O[C@H]2C[C@H]3[C@@H]4C[C@H](F)C5=CC(=O)C=CC5(C)C4(Cl)[C@@H](Cl)CC3(C)C2(C(=O)CCl)O1,
4291,2853_B3D,CC1(C)O[C@H]2C[C@H]3[C@@H]4C[C@H](F)C5=CC(=O)C=CC5(C)C4(Cl)[C@@H](Cl)CC3(C)C2(C(=O)CF)O1,
4292,2854_B3D,CC1(C)O[C@H]2C[C@H]3[C@@H]4C[C@H](F)C5=CC(=O)C=CC5(C)C4(Cl)[C@@H](Cl)CC3(C)C2(C(=O)CO)O1,
4293,2855_B3D,CC1(C)O[C@H]2C[C@H]3[C@@H]4C[C@H](F)C5=CC(=O)C=CC5(C)C4(F)C(O)CC3(C)C2(C(=O)CO)O1,
4294,2856_B3D,CC1(C)O[C@H]2C[C@H]3[C@@H]4C[C@H](F)C5=CC(=O)C=CC5(C)C4(F)C(O)CC3(C)C2(C(=O)COC(=O)C2CC2)O1,
4295,2857_B3D,CC1(C)O[C@H]2C[C@H]3[C@@H]4C[C@H](F)C5=CC(=O)C=CC5(C)[C@H]4C(O)CC3(C)C2(C(=O)CO)O1,
4296,2858_B3D,CC1(C)O[C@H]2C[C@H]3[C@@H]4C[C@H](F)C5=CC(=O)CCC5(C)[C@H]4[C@@H](O)CC3(C)C2(C(=O)CO)O1,
4297,2859_B3D,CC1(C)S[C@@H]2C(NC(=O)[C@@H](Oc3ccccc3)c3ccccc3)C(=O)[C@@H]2[C@H]1C(=O)O,
4298,2860_B3D,CC1(C)S[C@H]2C(/N=C/N3CCCCCC3)C(=O)N2[C@H]1C(=O)O,
4299,2861_B3D,CC1(C)S[C@H]2C(N(C(=N)c3ccncc3)[C@H](C(=O)NC(=O)CN)c3ccccc3)C(=O)N2[C@H]1C(=O)O,
4300,2862_B3D,CC1(C)S[C@H]2C(N3C(=O)C(c4ccc(O)cc4)NC3(C)C)C(=O)N2[C@H]1C(=O)O,
4301,2863_B3D,CC1(C)S[C@H]2C(N3C(=O)C(c4ccccc4)NC3(C)C)C(=O)N2[C@H]1C(=O)O,
4302,2864_B3D,CC1(C)S[C@H]2C(N3C(=O)[C@H](c4ccc(O)cc4)NC3(C)C)C(=O)N2[C@H]1C(=O)O,
4303,2865_B3D,CC1(C)S[C@H]2C(NC(=O)C3(N)CCCCC3)C(=O)N2[C@H]1C(=O)O,
4304,2866_B3D,CC1(C)S[C@H]2C(NC(=O)C34C[C@@H]5C[C@H](CC(N)(C5)C3)C4)C(=O)N2[C@H]1C(=O)O,
4305,2867_B3D,CC1(C)S[C@H]2C(NC(=O)CCC[C@H](N)C(=O)O)C(=O)N2[C@H]1C(=O)O,
4306,2868_B3D,CC1(C)S[C@H]2C(NC(=O)COc3ccccc3)C(=O)N2[C@H]1C(=O)O,
4307,2869_B3D,CC1(C)S[C@H]2C(NC(=O)CSc3ccccc3)C(=O)N2[C@H]1C(=O)O,
4308,2870_B3D,CC1(C)S[C@H]2C(NC(=O)Cc3ccccc3)C(=O)N2[C@H]1C(=O)O,
4309,2871_B3D,CC1(C)S[C@H]2C(NC(=O)[C@@H](/N=C/c3ccco3)c3ccc(O)cc3)C(=O)N2[C@H]1C(=O)O,
4310,2872_B3D,CC1(C)S[C@H]2C(NC(=O)[C@@H](/N=C\c3ccco3)c3ccc(O)cc3)C(=O)N2[C@H]1C(=O)O,
4311,2873_B3D,CC1(C)S[C@H]2C(NC(=O)[C@@H](C(=O)O)c3ccccc3)C(=O)N2[C@H]1C(=O)O,
4312,2874_B3D,CC1(C)S[C@H]2C(NC(=O)[C@@H](C(=O)O)c3ccsc3)C(=O)N2[C@H]1C(=O)O,
4313,2875_B3D,CC1(C)S[C@H]2C(NC(=O)[C@@H](C(=O)Oc3ccc4c(c3)CCC4)c3ccccc3)C(=O)N2[C@H]1C(=O)O,
4314,2876_B3D,CC1(C)S[C@H]2C(NC(=O)[C@@H](C(=O)Oc3ccccc3)c3ccccc3)C(=O)N2[C@H]1C(=O)O,
4315,2877_B3D,CC1(C)S[C@H]2C(NC(=O)[C@@H](N)C3=CCC=CC3)C(=O)N2[C@H]1C(=O)O,
4316,2878_B3D,CC1(C)S[C@H]2C(NC(=O)[C@@H](N)c3ccc(O)cc3)C(=O)N2[C@H]1C(=O)O,
4317,2879_B3D,CC1(C)S[C@H]2C(NC(=O)[C@@H](N)c3ccccc3)C(=O)N2[C@H]1C(=O)O,
4318,2880_B3D,CC1(C)S[C@H]2C(NC(=O)[C@@H](N)c3ccccc3)C(=O)N2[C@H]1C(=O)OCOC(=O)[C@@H]1N2C(=O)C[C@@H]2S(=O)(=O)C1(C)C,
4319,2881_B3D,CC1(C)S[C@H]2C(NC(=O)[C@@H](N)c3ccccc3)C(=O)N2[C@H]1C(=O)O[C@@H]1OC(=O)c2ccccc21,
4320,2882_B3D,CC1(C)S[C@H]2C(NC(=O)[C@@H](NC(=O)C/N=C(\N)c3ccncc3)c3ccccc3)C(=O)N2[C@H]1C(=O)O,
4321,2883_B3D,CC1(C)S[C@H]2C(NC(=O)[C@@H](NC(=O)Cc3ccc(C4=NCCCN4)cc3)c3ccccc3)C(=O)N2[C@H]1C(=O)O,
4322,2884_B3D,CC1(C)S[C@H]2C(NC(=O)[C@@H](NC(=O)N3CCN(S(C)(=O)=O)C3=O)c3ccccc3)C(=O)N2[C@H]1C(=O)O,
4323,2885_B3D,CC1(C)S[C@H]2C(NC(=O)[C@@H](NC(=O)Nc3cnc(Nc4ccc(S(N)(=O)=O)cc4)[nH]c3=O)c3ccc(O)cc3)C(=O)N2[C@H]1C(=O)O,
4324,2886_B3D,CC1(C)S[C@H]2C(NC(=O)[C@@H](NC(=O)c3c[nH]c4cccnc4c3=O)c3ccccc3)C(=O)N2[C@H]1C(=O)O,
4325,2887_B3D,CC1(C)S[C@H]2C(NC(=O)[C@@H](NC(=O)c3ccc(-c4ccc(S(=O)(=O)N(CCO)CCO)cc4)[nH]c3=O)c3ccc(O)cc3)C(=O)N2[C@H]1C(=O)O,
4326,2888_B3D,CC1(C)S[C@H]2C(NC(=O)[C@@H](NS(=O)(=O)O)c3ccccc3)C(=O)N2[C@H]1C(=O)O,
4327,2889_B3D,CC1(C)S[C@H]2C(NC(=O)[C@@H](Oc3ccccc3)c3ccccc3)C(=O)N2[C@H]1C(=O)O,
4328,2890_B3D,CC1(C)S[C@H]2C(NC(=O)[C@H](c3ccccc3)S(=O)(=O)O)C(=O)N2[C@H]1C(=O)O,
4329,2891_B3D,CC1(C)S[C@H]2C(NC(=O)c3nc4ccccc4nc3C(=O)O)C(=O)N2[C@H]1C(=O)O,
4330,2892_B3D,CC1(Cn2ccnn2)[C@H](C(=O)O)N2C(=O)C[C@@H]2S1(=O)=O,
4331,2893_B3D,CC1(c2ccccc2)O[C@H]2C[C@H]3[C@@H]4CCC5=CC(=O)C=CC5(C)C4(F)C(O)CC3(C)C2(C(=O)CO)O1,
4332,2894_B3D,CC12C=C(Br)C(=O)C=C1[C@@H](F)C[C@H]1[C@@H]3CCC(O)(C(=O)CO)C3(C)C[C@H](O)C12F,
4333,2895_B3D,CC12C=CC(=O)C=C1C(Cl)=C[C@@H]1[C@@H]2[C@@H](O)CC2(C)[C@H]1CCC2(O)C(=O)CO,
4334,2896_B3D,CC12C=CC(=O)C=C1CC[C@@H]1[C@@H]2C(=O)CC2(C)[C@H]1CCC2(O)C(=O)CO,
4335,2897_B3D,CC12C=CC(=O)C=C1CC[C@@H]1[C@@H]2[C@@H](O)CC2(C)[C@H]1CCC2(O)C(=O)CO,
4336,2898_B3D,CC12C=CC(=O)C=C1CC[C@@H]1[C@@H]2[C@@H](O)CC2(C)[C@H]1CCC2(O)C(=O)COC(=O)CCC(=O)O,
4337,2899_B3D,CC12C=CC(=O)C=C1CC[C@H]1[C@@H]3CCC(O)(C(=O)CO)C3(C)C[C@H](Cl)C12Cl,
4338,2900_B3D,CC12C=CC(=O)C=C1CC[C@H]1[C@@H]3CCC(O)(C(=O)CO)C3(C)C[C@H](O)C12F,
4339,2901_B3D,CC12C=CC(=O)C=C1CC[C@H]1[C@@H]3C[C@H](O)C(O)(C(=O)CO)C3(C)C[C@H](O)C12F,
4340,2902_B3D,CC12C=CC(=O)C=C1CC[C@H]1[C@@H]3C[C@H]4Cc5ccccc5CC4(C(=O)CO)C3(C)C[C@H](O)C12F,
4341,2903_B3D,CC12C=CC(=O)C=C1[C@@H](Cl)C[C@@H]1[C@@H]2C(=O)CC2(C)[C@H]1CCC2(O)C(=O)CO,
4342,2904_B3D,CC12C=CC(=O)C=C1[C@@H](F)C[C@@H]1[C@@H]2[C@@H](O)CC2(C)[C@H]1CCC2(O)C(=O)CO,
4343,2905_B3D,CC12C=CC(=O)C=C1[C@@H](F)C[C@H]1[C@@H]3C[C@H](O)C(O)(C(=O)CO)C3(C)C[C@H](O)C12F,
4344,2906_B3D,CC12C=CC(=O)[C@@H]1C(=O)CC[C@@H]1[C@@H]2[C@@H](O)CC2(C)[C@H]1CCC2(O)C(=O)CO,
4345,2907_B3D,CC12CC(=O)[C@H]3[C@@H](CC[C@H]4C[C@@H](O)CCC43C)[C@@H]1CC[C@@H]2C(=O)CO,
4346,2908_B3D,CC12CC(N)[C@@H]1CN(c1nc3c(cc1F)c(=O)c(C(=O)O)cn3C1CC1)C2,
4347,2909_B3D,CC12CCC(=O)C=C1CC[C@@H]1[C@@H]2C(=O)CC2(C)[C@H]1CCC2(O)C(=O)CO,
4348,2910_B3D,CC12CCC(=O)C=C1CC[C@@H]1[C@@H]2C(O)CC2(C=O)[C@@H](C(=O)CO)CC[C@@H]12,
4349,2911_B3D,CC12CCC(=O)C=C1CC[C@@H]1[C@@H]2[C@@H](O)CC2(C)[C@@H](C(=O)CO)CC[C@@H]12,
4350,2912_B3D,CC12CCC(=O)C=C1CC[C@@H]1[C@@H]2[C@@H](O)CC2(C)[C@H]1CCC2(O)C(=O)CO,
4351,2913_B3D,CC12CCC(=O)C=C1CC[C@@H]1[C@@H]2[C@@H](O)CC2(C)[C@H]1CCC2(O)C(=O)COC(=O)CCC(=O)O,
4352,2914_B3D,CC12CCC(=O)C=C1CC[C@@H]1[C@@H]2[C@@H](O)CC2(C)[C@H]1CCC2(O)C(=O)COC(=O)CCC1CCCC1,
4353,2915_B3D,CC12CCC(=O)C=C1CC[C@@H]1[C@@H]2[C@@H](O)CC2(C)[C@H]1CCC2(O)C(=O)CS,
4354,2916_B3D,CC12CCC(=O)C=C1CC[C@@H]1[C@@H]2[C@@H]2CC3(C(C(=O)CO)CC[C@@H]13)[C@@H](O)O2,
4355,2917_B3D,CC12CCC(=O)C=C1CC[C@H]1[C@@H]2CCC2(C)C(O)CC[C@@H]12,
4356,2918_B3D,CC12CCC(=O)C=C1CC[C@H]1[C@@H]2CCC2(C)[C@H]1CCC2(C)O,
4357,2919_B3D,CC12CCC(=O)C=C1CC[C@H]1[C@@H]2CCC2(C)[C@H]1CCC2(O)C(=O)CO,
4358,2920_B3D,CC12CCC(=O)C=C1CC[C@H]1[C@@H]3CCC(O)(C(=O)CO)C3(C)C[C@H](O)C12F,
4359,2921_B3D,CC12CCCCC[C@@H](Cc3ccc(O)cc31)[C@@H]2N,
4360,2922_B3D,CC12CC[C@@H]3[C@@H]4CCC(=O)C=C4CC[C@@H]3[C@@H]1CCC2O,
4361,2923_B3D,CC12CC[C@@H]3c4ccc(O)cc4CC[C@@H]3[C@@H]1CCC2=O,
4362,2924_B3D,CC12CC[C@@H]3c4ccc(O)cc4CC[C@@H]3[C@@H]1CCC2O,
4363,2925_B3D,CC12CC[C@@H]3c4ccc(O)cc4CC[C@@H]3[C@@H]1C[C@H](F)C2O,
4364,2926_B3D,CC12CC[C@H]3[C@H](CCC4=CC(=O)C=CC43C)[C@@H]1CCC(=O)O2,
4365,2927_B3D,CC12COC(=O)C[C@@H]1CC[C@H]1[C@@H]2CCC2(C)[C@H]1CCC2(C)O,
4366,2928_B3D,CC12Cc3c[nH]nc3C[C@@H]1CC[C@H]1[C@@H]2CCC2(C)[C@H]1CCC2(C)O,
4367,2929_B3D,CC12N[C@@H](Cc3ccccc31)c1ccccc12,
4368,2930_B3D,CC1=C(C(=O)O)N2C(=O)C(NC(=O)Cc3ccc(C4=NCCCN4)cc3)[C@@H]2SC1,
4369,2931_B3D,CC1=C(C(=O)O)N2C(=O)C(NC(=O)[C@@H](N)C3=CCC=CC3)[C@@H]2SC1,
4370,2932_B3D,CC1=C(C(=O)O)N2C(=O)C(NC(=O)[C@@H](N)c3ccc(O)c(Cl)c3)[C@@H]2SC1,
4371,2933_B3D,CC1=C(C(=O)O)N2C(=O)C(NC(=O)[C@@H](N)c3ccc(O)cc3)[C@@H]2SC1,
4372,2934_B3D,CC1=C(C(=O)O)N2C(=O)C(NC(=O)[C@@H](N)c3cccc(NS(C)(=O)=O)c3)[C@@H]2SC1,
4373,2935_B3D,CC1=C(C(=O)O)N2C(=O)C(NC(=O)[C@@H](N)c3ccccc3)[C@@H]2SC1,
4374,2936_B3D,CC1=C(C(=O)OCC(=O)OC(C)(C)C)N2C(=O)C(NC(=O)[C@@H](N)c3ccccc3)[C@@H]2SC1,
4375,2937_B3D,CC1=C/[C@@H](O)CC(=O)Cc2nc(co2)C(=O)N2CCC=C2C(=O)O[C@@H](C(C)C)[C@@H](C)/C=C\C(=O)NC/C=C\1,
4376,2938_B3D,CC1=CC[C@@H]2C3Cc4ccc(O)c5c4C2(CCN3C)[C@H]1O5,
4377,2939_B3D,CC1=CC[C@@H]2C3Cc4ccc(O)c5c4C2(CN3C)[C@H]1O5,
4378,2940_B3D,CC1=C[C@@H]2[C@H]([C@@H](O)CC3(C)[C@H]2C[C@H](C)C3(O)C(=O)COC(=O)c2cccc(S(=O)(=O)O)c2)C2(C)Cc3cnn(-c4ccccc4)c3C=C12,
4379,2941_B3D,CC1=C\[C@@H](O)CC(=O)Cc2nc(co2)C(=O)N2CCC=C2C(=O)O[C@@H](C(C)C)[C@@H](C)/C=C/C(=O)NC\C=C\1,
4380,2942_B3D,CC1=Nc2ccccc2C[C@@H](c2ccccc2)N1C,
4381,2943_B3D,CC1C(NC(=O)/C(=N/OC(C)(C)C(=O)O)c2csc(N)n2)C(=O)N1S(=O)(=O)O,
4382,2944_B3D,CC1C(NC(=O)/C(=N\OC(C)(C)C(=O)O)c2csc(N)n2)C(=O)N1S(=O)(=O)O,
4383,2945_B3D,CC1CCNC2C1NC(=O)C1CCCNC1N2C1CC1,
4384,2946_B3D,CCC(=O)C(C[C@H](C)N(C)C)(c1ccccc1)c1ccccc1,
4385,2947_B3D,CCC(=O)C1(C)[C@@H](C)C[C@H]2[C@@H]3CCC4=CC(=O)C=CC4(C)[C@H]3[C@@H](O)CC21C,
4386,2948_B3D,CCC(=O)C1(O)CC[C@H]2[C@@H]3CCC4=CC(=O)CCC4(C)[C@H]3[C@@H](O)CC21C,
4387,2949_B3D,CCC(=O)N(c1ccc(Cl)c(Cl)c1)[C@H]1CCC[C@@H]1N(C)C,
4388,2950_B3D,CCC(=O)N(c1ccccc1)C1(C(=O)OC)CCN(CCc2ccccc2)C[C@@H]1C,
4389,2951_B3D,CCC(=O)OC(Cc1ccccc1)(c1ccccc1)C(C)CN(C)C,
4390,2952_B3D,CCC(=O)OC1(C(=O)CCl)[C@@H](C)C[C@H]2[C@@H]3CCC4=CC(=O)C=CC4(C)C3(F)[C@@H](O)CC21C,
4391,2953_B3D,CCC(=O)OC1(C(=O)COC(C)=O)CC[C@H]2[C@@H]3CCC4=CC(=O)CCC4(C)[C@H]3[C@@H](O)CC21C,
4392,2954_B3D,CCC(=O)OC1(C(=O)COC(C)=O)CC[C@H]2[C@@H]3C[C@H](C)C4=CC(=O)C=CC4(C)[C@H]3C(O)CC21C,
4393,2955_B3D,CCC(=O)OC1(C(=O)COC(C)=O)CC[C@H]2[C@@H]3C[C@H](C)C4=CC(=O)C=CC4(C)[C@H]3[C@@H](O)CC21C,
4394,2956_B3D,CCC(=O)OC1(C(=O)COC)[C@@H](C)C[C@H]2[C@@H]3CCC4=CC(=O)C=CC4(C)C3(F)[C@@H](O)CC21C,
4395,2957_B3D,CCC(=O)OC1(C(=O)SC)[C@@H](C)C[C@H]2[C@@H]3C[C@H](F)C4=CC(=O)C=CC4(C)C3(F)C(O)CC21C,
4396,2958_B3D,CCC(=O)OC1(C(=O)SC)[C@@H](C)C[C@H]2[C@@H]3C[C@H](F)C4=CC(=O)C=CC4(C)C3(F)[C@@H](O)CC21C,
4397,2959_B3D,CCC(=O)OC1(C(=O)SCCl)[C@@H](C)C[C@H]2[C@@H]3C[C@H](F)C4=CC(=O)C=CC4(C)C3(F)C(O)CC21C,
4398,2960_B3D,CCC(=O)OC1(C(=O)SCCl)[C@@H](C)C[C@H]2[C@@H]3C[C@H](F)C4=CC(=O)C=CC4(C)C3(F)[C@@H](O)CC21C,
4399,2961_B3D,CCC(=O)OC1(C(=O)SCF)[C@@H](C)C[C@H]2[C@@H]3C[C@H](F)C4=CC(=O)C=CC4(C)C3(F)C(O)CC21C,
4400,2962_B3D,CCC(=O)OC1(C(=O)SCF)[C@@H](C)C[C@H]2[C@@H]3C[C@H](F)C4=CC(=O)C=CC4(C)C3(F)[C@@H](O)CC21C,
4401,2963_B3D,CCC(=O)OC1(c2ccccc2)CCN(C)C[C@@H]1C,
4402,2964_B3D,CCC(=O)OC1(c2ccccc2)CCN(C)C[C@@H]1CC,
4403,2965_B3D,CCC(=O)OCC(=O)C1(OC(=O)CC)[C@@H](C)C[C@H]2[C@@H]3CCC4=CC(=O)C=CC4(C)C3(Cl)[C@@H](O)CC21C,
4404,2966_B3D,CCC(=O)OCC(=O)C1(OC(=O)CC)[C@@H](C)C[C@H]2[C@@H]3CCC4=CC(=O)C=CC4(C)C3(F)[C@@H](O)CC21C,
4405,2967_B3D,CCC(=O)OCC(=O)C1(OC(=O)CC)[C@@H](C)C[C@H]2[C@@H]3[C@@H](Cl)CC4=CC(=O)C=CC4(C)[C@H]3[C@@H](O)CC21C,
4406,2968_B3D,CCC(=O)OCC(=O)C12OC(C)(C)O[C@H]1C[C@H]1[C@@H]3C[C@H](F)C4=CC(=O)C=CC4(C)C3(F)C(O)CC12C,
4407,2969_B3D,CCC(=O)O[C@@H]1[C@H](O[C@H]2C(C)[C@H](O[C@@H]3CC(C)(OC)[C@@H](O)[C@H](C)O3)[C@H](C)C(=O)O[C@@H](CC)C(C)(O)[C@@H](O)[C@H](C)C(=O)[C@@H](C)CC2(C)O)O[C@@H](C)C[C@@H]1N(C)C,
4408,2970_B3D,CCC(=O)O[C@H]1CC(=O)O[C@@H](C)C/C=C/C=C/[C@@H](O)[C@@H](C)C[C@@H](CC=O)[C@H](O[C@@H]2OC(C)[C@@H](O[C@H]3CC(C)(O)[C@@H](OC(=O)CC)[C@H](C)O3)[C@@H](N(C)C)[C@@H]2O)[C@H]1OC,
4409,2971_B3D,CCC(=O)O[C@H]1CC(=O)O[C@@H](C)C/C=C/C=C\[C@@H](O)[C@@H](C)C[C@@H](CC=O)[C@H](O[C@@H]2O[C@@H](C)[C@@H](O[C@H]3CC(C)(O)[C@@H](OC(=O)CC)[C@H](C)O3)[C@@H](N(C)C)[C@@H]2O)[C@H]1OC,
4410,2972_B3D,CCC(=O)O[C@H]1[C@H](C)O[C@H](O[C@@H]2[C@H](C)C(=O)O[C@@H](C)[C@H](C)[C@H](OC(=O)CC)[C@H](C)C(=O)C3(CO3)C[C@H](C)[C@H](O[C@@H]3O[C@@H](C)C[C@H](N(C)C)[C@@H]3O)[C@@H]2C)C[C@@H]1OC,
4411,2973_B3D,CCC(=O)c1ccc2c(c1)N(C[C@H](C)N(C)C)c1ccccc1S2,
4412,2974_B3D,CCC(C)(C)C(=O)O[C@H]1C[C@H](C)C=C2C=C[C@H](C)[C@H](CC[C@H]3C[C@H](O)CC(=O)O3)[C@@H]21,
4413,2975_B3D,CCC(C)(O)C1CC23C=CC1(OC)[C@H]1Oc4c(OC)ccc5c4C12CCN(CC1CC1)C3C5,
4414,2976_B3D,CCC(C)[C@H](CC)C(=O)NC(N)=O,
4415,2977_B3D,CCC(C)[C@H](CC)C(N)=O,
4416,2978_B3D,CCC1(CC)C(=O)NC[C@H](C)C1=O,
4417,2979_B3D,CCC1(CC)O[C@H]2C[C@H]3[C@@H]4CCC5=CC(=O)C=CC5(C)C4(F)C(O)CC3(C)C2(C(=O)CO)O1,
4418,2980_B3D,CCC1(O)CCN2CCc3ccc(C)cc3[C@@H]2C1,
4419,2981_B3D,CCC1(O)C[C@H](O[C@@H]2C[C@H](N(C)C)[C@H](O[C@H]3C[C@@H]4O[C@H]5CC(=O)[C@H](C)O[C@@H]5O[C@H]4[C@H](C)O3)[C@H](C)O2)c2c(O)c3c(c(O)c2[C@@H]1O[C@H]1C[C@H](N(C)C)[C@H](O)[C@H](C)O1)C(=O)c1cccc(O)c1C3=O,
4420,2982_B3D,CCC1(O)C[C@H](O[C@@H]2C[C@H](N(C)C)[C@H](O[C@H]3C[C@H](O)[C@H](O[C@@H]4CCC(=O)[C@H](C)O4)C(C)O3)[C@H](C)O2)c2c(cc3c(c2O)C(=O)c2c(O)cccc2C3=O)[C@@H]1C(=O)OC,
4421,2983_B3D,CCC1(O)C[C@H]2CN(CCc3c([nH]c4ccccc34)C(C(=O)OC)(c3cc4c(cc3OC)N(C)[C@@H]3C(O)(C(=O)OC)[C@@H](OC(C)=O)C5(CC)C=CCN6CCC43[C@H]65)C2)C1,
4422,2984_B3D,CCC1(O)C[C@H]2CN(CCc3c([nH]c4ccccc34)C(C(=O)OC)(c3cc4c(cc3OC)N(C)[C@@H]3C(O)(C(N)=O)[C@@H](O)C5(CC)C=CCN6CCC43[C@H]65)C2)C1,
4423,2985_B3D,CCC1(O)C[C@H]2CN(CCc3c([nH]c4ccccc34)C(C(=O)OC)(c3cc4c(cc3OC)N(C=O)[C@@H]3C(O)(C(=O)OC)[C@@H](OC(C)=O)C5(CC)C=CCN6CCC43[C@H]65)C2)C1,
4424,2986_B3D,CCC1(c2ccccc2)OC[C@H]([C@@H]2CCCCN2)O1,
4425,2987_B3D,CCC12CCN(CC3(O)CC3)[C@@H](Cc3ccc(O)cc31)C2(C)C,
4426,2988_B3D,CCC12CCN(CC3CC3)[C@@H](Cc3ccc(O)cc31)C2(C)C,
4427,2989_B3D,CCC12CCN(CC3CCC3)[C@@H](Cc3ccc(O)cc31)C2(C)C,
4428,2990_B3D,CCC1CC(=O)C2Oc3c(OC)ccc4c3C23CCN(CC2CC2)C(C4)[C@@H]13,
4429,2991_B3D,CCCC(=O)OC1(C(=O)CCl)[C@@H](C)C[C@H]2[C@@H]3CCC4=CC(=O)C=CC4(C)C3(F)C(=O)CC21C,
4430,2992_B3D,CCCC(=O)OC1(C(=O)CO)CC[C@H]2[C@@H]3CCC4=CC(=O)CCC4(C)[C@H]3[C@@H](O)CC21C,
4431,2993_B3D,CCCC(=O)OC1(C(=O)COC(=O)CC)CC[C@H]2[C@@H]3CCC4=CC(=O)CCC4(C)[C@H]3[C@@H](O)CC21C,
4432,2994_B3D,CCCC(=O)OC1(C(=O)COC(C)=O)CC[C@H]2[C@@H]3C[C@H](C)C4=CC(=O)CCC4(C)[C@H]3[C@@H](O)CC21C,
4433,2995_B3D,CCCC(=O)OC1(C(=O)COC(C)=O)CC[C@H]2[C@@H]3C[C@H](F)C4=CC(=O)C=CC4(C)C3(F)C(O)CC21C,
4434,2996_B3D,CCCC(=O)OC1(C(=O)COC(C)=O)CC[C@H]2[C@@H]3C[C@H](F)C4=CC(=O)C=CC4(C)C3(F)[C@@H](O)CC21C,
4435,2997_B3D,CCCC(=O)OC1(C(=O)COC(C)=O)[C@@H](C)C[C@H]2[C@@H]3CCC4=CC(=O)C=CC4(C)C3(Cl)[C@@H](O)CC21C,
4436,2998_B3D,CCCC(=O)OC1(C(C)=O)CCC[C@H]2[C@@H]3CCC4=CC(=O)C=CC4(C)[C@H]3C(O)CC21C,
4437,2999_B3D,CCCC(=O)OCC(=O)C1(OC(=O)CCC)[C@@H](C)C[C@H]2[C@@H]3CCC4=CC(=O)C=CC4(C)C3(Cl)[C@@H](Cl)CC21C,
4438,3000_B3D,CCCC(C)(O)C1CC23C=CC1(OC)[C@H]1Oc4c(OC(C)=O)ccc5c4C12CCN(C)C3C5,
4439,3001_B3D,CCCC(C)(O)[C@@H]1CC23C=CC1(OC)[C@H]1Oc4c(O)ccc5c4C12CCN(C)C3C5,
4440,3002_B3D,CCCC(C)(O)[C@@H]1CC23C=CC1(OC)[C@H]1Oc4c(OC(C)=O)ccc5c4C12CCN(C)C3C5,
4441,3003_B3D,CCCC1(c2cccc(O)c2)CCN(C)C[C@H]1C,
4442,3004_B3D,CCCCC(=O)OC1(C(=O)CO)CC[C@H]2[C@@H]3CCC4=CC(=O)C=CC4(C)[C@H]3[C@@H](O)CC21C,
4443,3005_B3D,CCCCC(=O)OC1(C(=O)CO)CC[C@H]2[C@@H]3CCC4=CC(=O)CCC4(C)[C@H]3[C@@H](O)CC21C,
4444,3006_B3D,CCCCC(=O)OC1(C(=O)CO)CC[C@H]2[C@@H]3C[C@H](F)C4=CC(=O)C=CC4(C)[C@H]3[C@@H](O)CC21C,
4445,3007_B3D,CCCCC(=O)OC1(C(=O)CO)[C@@H](C)C[C@H]2[C@@H]3CCC4=CC(=O)C=CC4(C)C3(F)[C@@H](O)CC21C,
4446,3008_B3D,CCCCCC(=O)CCC1(C)[C@@H]2Cc3ccc(O)cc3C1(C)CCN2C,
4447,3009_B3D,CCCCCC(=O)OCC(=O)C1[C@@H](C)C[C@H]2[C@@H]3C[C@H](F)C4=CC(=O)C=CC4(C)[C@H]3C(O)CC12C,
4448,3010_B3D,CCCCCCC(C)(C)c1cc(O)c2c(c1)OC(C)(C)[C@H]1CCC(=O)C[C@H]21,
4449,3011_B3D,CCCCCCCCCC1(C)OC[C@@H](COC(N)=O)O1,
4450,3012_B3D,CCCCCCCCCCCCCC(=O)O[C@H]1C=C[C@@H]2C3Cc4ccc(OCc5ccccc5)c5c4C2(CCN3C)[C@@H]1O5,
4451,3013_B3D,CCCCCCCCCCCCCCCCCC(=O)OCC(=O)OCC(=O)C1(O)CC[C@H]2[C@@H]3CCC4=CC(=O)C=CC4(C)[C@H]3C(O)CC21C,
4452,3014_B3D,CCCCCCCNC(=O)Oc1ccc2c(c1)C1(C)CCN(C)[C@H]1N2C,
4453,3015_B3D,CCCCCC[C@H](C)NN,
4454,3016_B3D,CCCCCCn1ccc(=O)c(O)c1C,
4455,3017_B3D,CCCCCNC12C=CC(=O)C3Oc4c(O)ccc5c4C31CCN(C)C2C5,
4456,3018_B3D,CCCCC[C@@H]1CN[C@H](C(=O)N[C@H]([C@H](C)Cl)[C@@H]2O[C@@H](SC)[C@@H](O)[C@@H](O)[C@@H]2O)C1,
4457,3019_B3D,CCCCC[C@H](C)[C@H](C)c1cc(OC(=O)CCCN2CCCCCC2)c2c(c1)OC(C)(C)C1=C2C[C@@H](C)CC1,
4458,3020_B3D,CCCCC[C@H](N)C(O)(c1ccccc1)c1ccccc1,
4459,3021_B3D,CCCCC[C@H](O)/C=C/[C@@H]1C(O)CC(=O)[C@H]1CCCCCCC(=O)O,
4460,3022_B3D,CCCCCc1cc(O)c2c(c1)OC(C)(C)[C@H]1CCC(C)=C[C@H]21,
4461,3023_B3D,CCCCN1C(=O)[C@H]2C(=O)N(CCCCN3CCN(c4ccccc4OC)CC3)C(=O)[C@H](C1=O)C2(C)C,
4462,3024_B3D,CCCCN1C[C@H]2Cc3cc(OC)c(OC)cc3[C@H]2C1,
4463,3025_B3D,CCCCNC[C@H]1COc2cccc(OCC)c2O1,
4464,3026_B3D,CCCCNC[C@H]1COc2ccccc2O1,
4465,3027_B3D,CCCCOC(=O)C(=O)C1[C@@H](C)C[C@H]2[C@@H]3C[C@H](F)C4=CC(=O)C=CC4(C)[C@H]3C(O)CC12C,
4466,3028_B3D,CCCCOC[C@H](CN1C(=O)N(C[C@@H](COCCCC)OC(N)=O)C(=O)C(CC)(c2ccccc2)C1=O)OC(N)=O,
4467,3029_B3D,CCCCOC[C@H](CN1C(=O)NC(=O)C(CC)(c2ccccc2)C1=O)OC(N)=O,
4468,3030_B3D,CCCCSc1ccc([C@@H](SCCN(C)C)c2ccccc2)cc1,
4469,3031_B3D,CCCC[C@H](CC)CNC(=O)C[C@H](C)O,
4470,3032_B3D,CCCC[C@H]1CC(=O)C2(O)O[C@H]3[C@@H](NC)[C@@H](O)[C@H](NC)[C@H](O)[C@@H]3O[C@@H]2O1,
4471,3033_B3D,CCCN(CCC)CCc1ccc(O)c2c1CC(C)=N2,
4472,3034_B3D,CCCN(CCC)[C@H]1Cc2cccc3cc(O)cc(c23)C1,
4473,3035_B3D,CCCN(CCCCN1C(=O)CC2(CCCC2)CC1=O)[C@@H]1COc2cccc(OC)c2C1,
4474,3036_B3D,CCCN1CCC[C@H]1CNC(=O)c1cc(S(N)(=O)=O)ccc1OC,
4475,3037_B3D,CCCN1C[C@@H](CSC)C[C@H]2c3cccc4[nH]cc(c34)C[C@@H]21,
4476,3038_B3D,CCCN1C[C@@H](NS(=O)(=O)N(CC)CC)C[C@@H]2Cc3c(O)cccc3C[C@@H]21,
4477,3039_B3D,CCCNC(=O)N1C[C@H](c2ccccc2)OC1=O,
4478,3040_B3D,CCCNC(=O)c1ccc2c(c1)N(CCN1CCCC1)c1ccccc1S2,
4479,3041_B3D,CCCOC(=O)Cc1ccc(OCC(=O)N(CC)CC)c(OC)c1,
4480,3042_B3D,CCCOC(=O)c1cncn1[C@@H](C)c1ccccc1,
4481,3043_B3D,CCC[C@@H](C(=O)c1ccc(C)cc1)N1CCCC1,
4482,3044_B3D,CCC[C@@H](C)CC,
4483,3045_B3D,CCC[C@@H](Cc1ccccc1)N1CCCC1,
4484,3046_B3D,CCC[C@@H](O)Cl,
4485,3047_B3D,CCC[C@@H]1OC1(CC)C(N)=O,
4486,3048_B3D,CCC[C@H](C)C1(CC)C(=O)NC(=O)NC1=O,
4487,3049_B3D,CCC[C@H](C)C1(CC)C(=O)NC(=S)NC1=O,
4488,3050_B3D,CCC[C@H](C)C1(CCSC)C(=O)NC(=S)NC1=O,
4489,3051_B3D,CCC[C@H](CC)C1(CC)C(=O)NC(=O)NC1=O,
4490,3052_B3D,CCC[C@H](CC)C1(CC)C(=O)NC(=S)NC1=O,
4491,3053_B3D,CCC[C@H]1C[C@@H](C(=O)N[C@@H]([C@H](C)O)[C@@H]2O[C@@H](SC)[C@@H](O)[C@@H](O)C2O)N(C)C1,
4492,3054_B3D,CCC[C@H]1C[C@@H](C(=O)N[C@@H]([C@H](C)O)[C@@H]2O[C@@H](SC)[C@@H](O)[C@@H](O)[C@@H]2O)N(C)C1,
4493,3055_B3D,CCC[C@H]1C[C@@H](C(=O)N[C@H]([C@H](C)Cl)[C@@H]2O[C@@H](SC)[C@@H](O)[C@@H](O)[C@@H]2O)N(C)C1,
4494,3056_B3D,CCC[C@H]1C[C@@H](C(=O)N[C@H]([C@H](C)Cl)[C@@H]2O[C@@H](SC)[C@@H](OP(=O)(O)O)[C@@H](O)[C@@H]2O)N(C)C1,
4495,3057_B3D,CCC[C@H]1O[C@H]2C[C@H]3[C@@H]4CCC5=CC(=O)C=CC5(C)[C@H]4C(O)CC3(C)C2(C(=O)CO)O1,
4496,3058_B3D,CCC[C@H]1O[C@H]2C[C@H]3[C@@H]4CCC5=CC(=O)C=CC5(C)[C@H]4[C@@H](O)CC3(C)C2(C(=O)CO)O1,
4497,3059_B3D,CCC[C@H]1O[C@H]2C[C@H]3[C@@H]4C[C@H](F)C5=CC(=O)C=CC5(C)C4(F)C(O)CC3(C)C2(C(=O)O[C@H](C)OC(=O)OCC)O1,
4498,3060_B3D,CCC[C@H]1O[C@H]2C[C@H]3[C@@H]4C[C@H](F)C5=CC(=O)CCC5(C)C4(F)C(O)CC3(C)C2(C(=O)CO)O1,
4499,3061_B3D,CCN(CC)/C(C)=N/N=C/c1c2c(O)c3c(O)c(C)c4c(c3c1O)C(=O)C(C)(O/C=C/[C@H](OC)[C@H](C)[C@@H](OC(C)=O)[C@@H](C)[C@@H](O)[C@@H](C)[C@@H](O)[C@@H](C)/C=C/C=C(/C)C(=O)N2)O4,
4500,3062_B3D,CCN(CC)/C(C)=N\N=C\c1c2c(O)c3c(O)c(C)c4c(c3c1O)C(=O)C(C)(O/C=C/[C@H](OC)C(C)[C@@H](OC(C)=O)C(C)C(O)[C@@H](C)[C@@H](O)[C@@H](C)/C=C\C=C(\C)C(=O)N2)O4,
4501,3063_B3D,CCN(CC)C(=O)C1(c2ccccc2)C[C@@H]1CN,
4502,3064_B3D,CCN(CC)C(=O)C1C2C=CC(C2)C1C(=O)N(CC)CC,
4503,3065_B3D,CCN(CC)C(=O)COc1cc2c(O)c3c(O)c(C)c4c(c13)C(=O)C(C)(O/C=C/[C@H](OC)[C@H](C)[C@@H](OC(C)=O)[C@@H](C)[C@@H](O)[C@@H](C)[C@@H](O)[C@@H](C)/C=C/C=C(/C)C(=O)N2)O4,
4504,3066_B3D,CCN(CC)C(=O)N[C@H]1C=C2c3cccc4[nH]cc(c34)C[C@@H]2N(C)C1,
4505,3067_B3D,CCN(CC)C(=O)N[C@H]1C[C@H]2c3cccc4[nH]cc(c34)C[C@@H]2N(C)C1,
4506,3068_B3D,CCN(CC)C(=O)Nc1ccc(OC[C@@H](O)CNC(C)(C)C)c(C(C)=O)c1,
4507,3069_B3D,CCN(CC)C(=O)[C@H]1CN2CCc3cc(OC)c(OC)cc3[C@@H]2C[C@@H]1OC(C)=O,
4508,3070_B3D,CCN(CC)C/C=C(\O)N1c2ccccc2Sc2ccc(C(F)(F)F)cc21,
4509,3071_B3D,CCN(CC)CC(=O)OCC(=O)C1(O)CC[C@H]2[C@@H]3CCC4=CC(=O)C=CC4(C)[C@H]3C(O)CC21C,
4510,3072_B3D,CCN(CC)CC(=O)OCC(=O)C1(O)CC[C@H]2[C@@H]3CCC4=CC(=O)C=CC4(C)[C@H]3[C@@H](O)CC21C,
4511,3073_B3D,CCN(CC)CC(=O)OCC(=O)C1(O)CC[C@H]2[C@@H]3CCC4=CC(=O)CCC4(C)[C@H]3[C@@H](O)CC21C,
4512,3074_B3D,CCN(CC)CCOC(=O)[C@@H]1N2C(=O)C(NC(=O)c3c(OC)cccc3OC)[C@@H]2SC1(C)C,
4513,3075_B3D,CCN(CC)S(=O)(=O)N[C@H]1C[C@H]2c3cccc4[nH]cc(c34)C[C@@H]2N(C)C1,
4514,3076_B3D,CCN(CC)[C@@H](C)CN1c2ccccc2Sc2ccccc21,
4515,3077_B3D,CCN(CC)c1nc2c(s1)c1c(O)c3c(O)c(C)c4c(c32)C(=O)C(C)(O/C=C/[C@H](OC)[C@H](C)[C@@H](OC(C)=O)[C@@H](C)[C@@H](O)[C@@H](C)[C@@H](O)[C@@H](C)/C=C/C=C(/C)C(=O)N1)O4,
4516,3078_B3D,CCN1C(=O)N[C@@H](c2ccccc2)C1=O,
4517,3079_B3D,CCN1CCC[C@H]1CNC(=O)c1cc(C(C)=O)ccc1OC,
4518,3080_B3D,CCN1CCC[C@H]1CNC(=O)c1cc(S(=O)(=O)CC)c(N)cc1OC,
4519,3081_B3D,CCN1CCC[C@H]1CNC(=O)c1cc(S(=O)(=O)CC)ccc1OC,
4520,3082_B3D,CCN1CCC[C@H]1CNC(=O)c1cc(S(N)(=O)=O)ccc1OC,
4521,3083_B3D,CCN1CCN(C(=O)N[C@H](C(=O)NC2C(=O)N3C(C(=O)O)=C(CSc4nnnn4C)CS[C@@H]23)c2ccc(O)cc2)C(=O)C1=O,
4522,3084_B3D,CCN1CCN(C(=O)N[C@H](C(=O)NC2C(=O)N3[C@H]2SC(C)(C)[C@@H]3C(=O)O)c2ccccc2)C(=O)C1=O,
4523,3085_B3D,CCN1C[C@@H](CCN2CCOCC2)C(c2ccccc2)(c2ccccc2)C1=O,
4524,3086_B3D,CCN=C1NC(=O)[C@H](c2ccccc2)O1,
4525,3087_B3D,CCN=C1Nc2ccc(Cl)cc2[C@H](c2ccccc2)S1,
4526,3088_B3D,CCNC(=O)/C=C\c1cccc(Br)c1,
4527,3089_B3D,CCNC(Cc1ccccc1)[C@@H]1CCCO1,
4528,3090_B3D,CCNC[C@@H](O)c1cccc(O)c1,
4529,3091_B3D,CCN[C@H]1C2CCC(C2)C1c1ccccc1,
4530,3092_B3D,CCN[C@H]1C[C@H](N)[C@H](O[C@H]2OC(CN)=CC[C@@H]2N)[C@H](O)[C@H]1O[C@@H]1OCC(C)(O)[C@@H](NC)[C@@H]1O,
4531,3093_B3D,CCOC(=O)C1(c2ccccc2)CCC=C[C@@H]1N(C)C,
4532,3094_B3D,CCOC(=O)CCC(=O)O[C@@H]1[C@H](O[C@H]2[C@@H](C)[C@H](O[C@@H]3CC(C)(OC)[C@@H](O)[C@H](C)O3)[C@H](C)C(=O)O[C@@H](CC)C(C)(O)[C@@H](O)[C@H](C)C(=O)[C@@H](C)CC2(C)O)O[C@@H](C)C[C@@H]1N(C)C,
4533,3095_B3D,CCOC(=O)C[C@@H](O)C[C@H](O)/C=C/C1=C(c2ccc(F)cc2)c2ccccc2OC12CCCC2,
4534,3096_B3D,CCOC(=O)C[C@@H](O)C[C@H](O)/C=C\C1=C(c2ccc(F)cc2)c2ccccc2OC12CCCC2,
4535,3097_B3D,CCOC(=O)NN[C@@H](C)c1ccccc1,
4536,3098_B3D,CCOC(=O)N[C@@H](O)C(Cl)(Cl)Cl,
4537,3099_B3D,CCOC(=O)OC1(C(=O)COC(=O)CC)CC[C@H]2[C@@H]3CCC4=CC(=O)C=CC4(C)[C@H]3[C@@H](O)CC21C,
4538,3100_B3D,CCOC(=O)OC1(C(=O)OCCl)CC[C@H]2[C@@H]3CCC4=CC(=O)C=CC4(C)[C@H]3C(O)CC21C,
4539,3101_B3D,CCOC(=O)OCC/C(SC(=O)OCC)=C(/C)N(C=O)Cc1cnc(C)nc1N,
4540,3102_B3D,CCOC(=O)O[C@@H](C)OC(=O)[C@@H]1N2C(=O)C(/N=C/N3CCCCCC3)[C@@H]2SC1(C)C,
4541,3103_B3D,CCOC(=O)O[C@@H]1[C@H](O[C@H]2[C@@H](C)[C@H](O[C@@H]3CC(C)(OC)[C@@H](O)[C@H](C)O3)[C@H](C)C(=O)O[C@@H](CC)C(C)(O)[C@@H](O)[C@H](C)C(=O)[C@@H](C)CC2(C)O)O[C@@H](C)C[C@@H]1N(C)C,
4542,3104_B3D,CCOC(=O)[C@H]1N=C(c2ccccc2F)c2cc(Cl)ccc2NC1=O,
4543,3105_B3D,CCOC(=O)c1cncn1[C@@H](C)c1ccc(F)cc1,
4544,3106_B3D,CCOC(=O)c1cncn1[C@@H](C)c1ccccc1,
4545,3107_B3D,CCOC(OCC)C(=O)OCC(=O)C1(O)Cc2c(O)c3c(c(O)c2[C@@H](O[C@@H]2C[C@H](N)[C@H](O)[C@H](C)O2)C1)C(=O)c1c(OC)cccc1C3=O,
4546,3108_B3D,CCO[C@H]1CC2(C)[C@@H](CC[C@H]3[C@@H]4CC[C@H](C(C)=O)C4(C)C[C@H](N(C)C)[C@@H]32)C[C@@H]1O,
4547,3109_B3D,CCO[C@H]1c2ccccc2C(=O)N(C)c2ccccc21,
4548,3110_B3D,CCOc1cc(N)c([N+](=O)[O-])cc1C(=O)NC1CCN(C[C@@H]2CC=CCC2)CC1,
4549,3111_B3D,CCOc1ccc2ccccc2c1C(=O)NC1C(=O)N2[C@H]1SC(C)(C)[C@@H]2C(=O)O,
4550,3112_B3D,CCOc1ccccc1OC[C@@H]1CNCCO1,
4551,3113_B3D,CCSC1(SC)CC[C@H]2[C@@H]3CCC4=CC(=O)C=CC4(C)C3(F)[C@@H](O)CC21C,
4552,3114_B3D,CC[C@@H]1C(=O)NC(=O)C1(C)c1ccccc1,
4553,3115_B3D,CC[C@@H]1C(C)=NN=C(c2ccc(OC)c(OC)c2)c2cc(OC)c(OC)cc21,
4554,3116_B3D,CC[C@@H]1CN2CCc3cc(OC)c(OC)cc3[C@@H]2C[C@@H]1C[C@@H]1NCCc2cc(OC)c(OC)cc21,
4555,3117_B3D,CC[C@@H]1NC(=O)[C@@H](NC(=O)c2ncccc2O)[C@H](C)OC(=O)[C@H](c2ccccc2)NC(=O)[C@@H]2CC(=O)CCN2C(=O)[C@H](Cc2ccc(N(C)C)cc2)N(C)C(=O)[C@@H]2CCCN2C1=O,
4556,3118_B3D,CC[C@@H]1NC(=O)[C@@H](NC(=O)c2ncccc2O)[C@H](C)OC(=O)[C@H](c2ccccc2)NC(=O)[C@@H]2CC(=O)CCN2C(=O)[C@H](Cc2ccccc2)N(C)C(=O)C2CCCN2C1=O,
4557,3119_B3D,CC[C@@H]1OC(=O)[C@@H](C)[C@@H](O[C@@H]2CC(C)(OC)[C@@H](O)[C@H](C)O2)C(C)[C@H](O[C@@H]2O[C@@H](C)C[C@H](N(C)C)[C@@H]2O)C(C)(O)CC(C)(F)C(=O)[C@@H](C)[C@H](O)C1(C)O,
4558,3120_B3D,CC[C@@H]1OC(=O)[C@@H](C)[C@@H](O[C@@H]2CC(C)(OC)[C@@H](O)[C@H](C)O2)C(C)[C@H](O[C@@H]2O[C@@H](C)C[C@H](N(C)C)[C@@H]2O)C(C)(O)C[C@H](C)C(=O)[C@@H](C)[C@@H](O)C1C,
4559,3121_B3D,CC[C@@H]1OC(=O)[C@@H](C)[C@@H](O[C@@H]2CC(C)(OC)[C@@H](O)[C@H](C)O2)C(C)[C@H](O[C@@H]2O[C@@H](C)C[C@H](N(C)C)[C@@H]2O)C(C)(O)C[C@H](C)C(=O)[C@@H](C)[C@H](O)C1(C)O,
4560,3122_B3D,CC[C@@H]1OC(=O)[C@@H](C)[C@@H](O[C@@H]2CC(C)(OC)[C@@H](O)[C@H](C)O2)[C@H](C)[C@H](O[C@@H]2O[C@@H](C)C[C@H](N(C)C)[C@@H]2O)C(C)(O)CC(C)CN(C)[C@@H](C)[C@H](O)C1(C)O,
4561,3123_B3D,CC[C@@H]1OC(=O)[C@@H](C)[C@@H](O[C@@H]2CC(C)(OC)[C@@H](O)[C@H](C)O2)[C@H](C)[C@H](O[C@@H]2O[C@@H](C)C[C@H](N(C)C)[C@@H]2O)C(C)(O)CC(C)[C@@H]2N[C@H](COCCOC)O[C@@H]([C@H]2C)C1(C)O,
4562,3124_B3D,CC[C@@H]1OC(=O)[C@@H](C)[C@@H](O[C@@H]2CC(C)(OC)[C@@H](O)[C@H](C)O2)[C@H](C)[C@H](O[C@@H]2O[C@@H](C)C[C@H](N(C)C)[C@@H]2O)C(C)(O)C[C@H](C)/C(=N/OCOCCOC)[C@H](C)[C@H](O)C1(C)O,
4563,3125_B3D,CC[C@@H]1OC(=O)[C@@H](C)[C@@H](O[C@@H]2CC(C)(OC)[C@@H](O)[C@H](C)O2)[C@H](C)[C@H](O[C@@H]2O[C@@H](C)C[C@H](N(C)C)[C@@H]2O)C(C)(O)C[C@H](C)/C(=N\OC)[C@H](C)[C@H](O)C1(C)O,
4564,3126_B3D,CC[C@@H]1OC(=O)[C@@H](C)[C@@H](O[C@@H]2CC(C)(OC)[C@@H](O)[C@H](C)O2)[C@H](C)[C@H](O[C@@H]2O[C@@H](C)C[C@H](N(C)C)[C@@H]2O)C(C)(O)C[C@H](C)/C(=N\OCOCCOC)[C@H](C)[C@H](O)C1(C)O,
4565,3127_B3D,CC[C@@H]1OC(=O)[C@@H](C)[C@@H](O[C@@H]2CC(C)(OC)[C@@H](O)[C@H](C)O2)[C@H](C)[C@H](O[C@@H]2O[C@@H](C)C[C@H](N(C)C)[C@@H]2O)C(C)(OC)C[C@H](C)C(=O)[C@@H](C)[C@H](O)C1(C)O,
4566,3128_B3D,CC[C@H](C(=O)NC(N)=O)c1ccccc1,
4567,3129_B3D,CC[C@H](C(=O)OCCN1CCO[C@@H](c2ccccc2)[C@@H]1C)c1ccccc1,
4568,3130_B3D,CC[C@H](C)C(=O)O[C@H]1CCC=C2C=C[C@H](C)[C@H](CC[C@H]3C[C@H](O)CC(=O)O3)[C@@H]21,
4569,3131_B3D,CC[C@H](C)C(=O)O[C@H]1C[C@H](O)C=C2C=C[C@H](C)[C@H](CC[C@H](O)C[C@H](O)CC(=O)O)[C@@H]21,
4570,3132_B3D,CC[C@H](C)C(C)(COC(N)=O)COC(=O)NC(C)C,
4571,3133_B3D,CC[C@H](C)C(C)(COC(N)=O)COC(N)=O,
4572,3134_B3D,CC[C@H](C)N(C)C(=O)c1cc2ccccc2c(-c2ccccc2Cl)n1,
4573,3135_B3D,CC[C@H](C)N1CCN(c2ccc(I)cc2)CC1,
4574,3136_B3D,CC[C@H](C)Nc1ccc(I)c(N[C@@H](C)CC)c1,
4575,3137_B3D,CC[C@H](C)n1ncn(-c2ccc(N3CCN(c4ccc(OC[C@H]5COC(Cn6cncn6)(c6ccc(Cl)cc6Cl)O5)cc4)CC3)cc2)c1=O,
4576,3138_B3D,CC[C@H](N)Cc1c[nH]c2ccccc12,
4577,3139_B3D,CC[C@H](O)C(C[C@H](C)N(C)C)(c1ccccc1)c1ccccc1,
4578,3140_B3D,CC[C@H](OC(C)=O)C(C[C@H](C)N(C)C)(c1ccccc1)c1ccccc1,
4579,3141_B3D,CC[C@H](OC(N)=O)C1CCCCC1,
4580,3142_B3D,CC[C@H](Oc1ccccc1)C(=O)NC1C(=O)N2[C@H]1SC(C)(C)[C@@H]2C(=O)O,
4581,3143_B3D,CC[C@H]1CC(=O)C2Oc3c(OC)ccc4c3C23CCN(CC2CC2)C(C4)[C@@H]13,
4582,3144_B3D,CCc1c(C)[nH]c2c1C(=O)[C@H](CN1CCOCC1)CC2,
4583,3145_B3D,CCc1ccc2c(c1)N(C[C@@H](C)CN(C)C)c1ccccc1S2,
4584,3146_B3D,CCn1nnn(CCN2CC[C@H](N(C(=O)COC)c3ccccc3F)[C@@H](C)C2)c1=O,
4585,3147_B3D,CN(C(=O)C(c1ccccc1)c1ccccc1)[C@H](CN1CCC(O)C1)c1ccccc1,
4586,3148_B3D,CN(C(=O)Cc1ccc(Cl)c(Cl)c1)[C@H](CN1CCCC1)c1ccccc1,
4587,3149_B3D,CN(C(=O)Cc1ccc(Cl)c(Cl)c1)[C@H]1CCC2(CCCO2)C[C@@H]1N1CCCC1,
4588,3150_B3D,CN(C(=O)Cc1ccc(Cl)c(Cl)c1)[C@H]1CCCC[C@@H]1N1CCCC1,
4589,3151_B3D,CN(C(=O)Cc1ccccc1N)[C@H](CN1CC[C@H](O)C1)c1ccccc1,
4590,3152_B3D,CN(C)C(=O)O[C@@H]1N=C(c2ccccc2)c2cc(Cl)ccc2N(C)C1=O,
4591,3153_B3D,CN(C)C1=NC(=O)[C@H](c2ccccc2)O1,
4592,3154_B3D,CN(C)CC/C=C1/c2ccccc2CNc2cc(Cl)ccc21,
4593,3155_B3D,CN(C)CCC(=O)COc1ccc(Cl)cc1,
4594,3156_B3D,CN(C)CCC1(C)OCCC2=C1Cc1ccccc12,
4595,3157_B3D,CN(C)CCC1(c2ccccc2)CCc2ccccc2C1=O,
4596,3158_B3D,CN(C)CCCN1Cc2ccccc2Cc2ccccc21,
4597,3159_B3D,CN(C)CCC[C@H]1c2ccccc2Nc2ccc(Cl)cc21,
4598,3160_B3D,CN(C)CCN1C(=O)C[C@@H](c2ccccc2)Sc2ccccc21,
4599,3161_B3D,CN(C)CCO[C@@H](c1ccccc1)c1ccc(Br)cc1,
4600,3162_B3D,CN(C)CCO[C@@H](c1ccccc1)c1ccccc1C(C)(C)C,
4601,3163_B3D,CN(C)CC[C@@H](c1ccccc1)c1ccccn1,
4602,3164_B3D,CN(C)CC[C@H](c1ccccc1)C1CCCCC1,
4603,3165_B3D,CN(C)CCn1nnnc1SCC1=C(C(=O)O)N2C(=O)C(NC(=O)Cc3csc(N)n3)[C@@H]2SC1,
4604,3166_B3D,CN(C)C[C@@H](CN1c2ccccc2Sc2ccccc21)N(C)C,
4605,3167_B3D,CN(C)C[C@@H](O)[C@@H](c1ccccc1)c1ccc(Cl)cc1,
4606,3168_B3D,CN(C)C[C@@H](O)[C@@H](c1ccccc1)c1cccc(Cl)c1,
4607,3169_B3D,CN(C)C[C@H]1COC2(O1)c1ccccc1COc1ccccc12,
4608,3170_B3D,CN(C)Cc1ccc(-c2cccc(N[C@H]3N=CC=C3[N+](=O)[O-])c2)o1,
4609,3171_B3D,CN(C)Cc1ccc(CSCCN[C@H]2N=CC=C2[N+](=O)[O-])o1,
4610,3172_B3D,CN(C)Cc1ccnc(-c2cccc(N[C@H]3N=CC=C3[N+](=O)[O-])c2)c1,
4611,3173_B3D,CN(C)[C@@H]1C(=O)C(C(=O)NCN2CCCC2)=C(O)C2(O)C(=O)C3=C(O)c4c(O)cccc4C(C)(O)[C@H]3C[C@@H]12,
4612,3174_B3D,CN(C)[C@@H]1C(=O)C(C(=O)NCN2CCC[C@H](C(=O)O)C2)=C(O)C2(O)C(=O)C3=C(O)c4c(O)cccc4C(C)(O)[C@H]3C[C@@H]12,
4613,3175_B3D,CN(C)[C@@H]1C(=O)C(C(=O)NCN2CCN(/C(N)=N/C(=N)N)CC2)=C(O)C2(O)C(=O)C3=C(O)c4c(O)cccc4C(C)(O)[C@H]3C[C@@H]12,
4614,3176_B3D,CN(C)[C@@H]1C(=O)C(C(=O)NCN2CCN(CCO)CC2)=C(O)C2(O)C(=O)C3=C(O)c4c(O)cccc4C(C)(O)[C@H]3C[C@@H]12,
4615,3177_B3D,CN(C)[C@@H]1C(=O)C(C(=O)NCN[C@H](C(=O)NC2C(=O)N3[C@H]2SC(C)(C)[C@@H]3C(=O)O)c2ccccc2)=C(O)C2(O)C(=O)C3=C(O)c4c(O)cccc4C(C)(O)[C@H]3C[C@@H]12,
4616,3178_B3D,CN(C)[C@@H]1C(=O)C(C(=O)NCO)=C(O)C2(O)C(=O)C3=C(O)c4c(O)ccc(Cl)c4C(C)(O)[C@H]3C[C@@H]12,
4617,3179_B3D,CN(C)[C@@H]1C(=O)C(C(=O)N[C@H](C(=O)O)N2CCN(CCO)CC2)=C(O)C2(O)C(=O)C3=C(O)c4c(O)cccc4C(C)(O)[C@H]3C[C@@H]12,
4618,3180_B3D,CN(C)[C@@H]1C(=O)C(C(N)=O)=C(O)C2(O)C(=O)C3=C(O)c4c(O)ccc(Cl)c4C(C)(O)[C@H]3C[C@@H]12,
4619,3181_B3D,CN(C)[C@@H]1C(=O)C(C(N)=O)=C(O)C2(O)C(=O)C3=C(O)c4c(O)ccc(Cl)c4[C@@H](O)[C@H]3C[C@@H]12,
4620,3182_B3D,CN(C)[C@@H]1C(=O)C(C(N)=O)=C(O)C2(O)C(=O)C3=C(O)c4c(O)ccc([N+](=O)[O-])c4C[C@@H]3C[C@@H]12,
4621,3183_B3D,CN(C)[C@@H]1C(=O)C(C(N)=O)=C(O)C2(O)C(=O)C3=C(O)c4c(O)cccc4C(C)(O)[C@@H]3[C@H](O)[C@H]12,
4622,3184_B3D,CN(C)[C@@H]1C(=O)C(C(N)=O)=C(O)C2(O)C(=O)C3=C(O)c4c(O)cccc4C(C)(O)[C@H]3C[C@@H]12,
4623,3185_B3D,CN(C)[C@@H]1C(=O)C(C(N)=O)=C(O)C2(O)C(=O)C3=C(O)c4c(O)cccc4[C@@H](O)[C@H]3C[C@@H]12,
4624,3186_B3D,CN(C)[C@@H]1C(=O)C(C(N)=O)=C(O)C2(O)C(=O)C3=C(O)c4c(ccc(N)c4O)C[C@@H]3C[C@@H]12,
4625,3187_B3D,CN(C)[C@@H]1C(O)=C(C(=O)NCN2CCCC2)C(=O)C2(O)C(O)=C3C(=O)c4c(O)cccc4C(C)(O)[C@H]3C[C@@H]12,
4626,3188_B3D,CN(C)[C@@H]1C(O)=C(C(=O)NCN2CCC[C@H](C(=O)O)C2)C(=O)C2(O)C(O)=C3C(=O)c4c(O)cccc4C(C)(O)[C@H]3C[C@@H]12,
4627,3189_B3D,CN(C)[C@@H]1C(O)=C(C(=O)NCN2CCN(/C(N)=N/C(=N)N)CC2)C(=O)C2(O)C(O)=C3C(=O)c4c(O)cccc4C(C)(O)[C@H]3C[C@@H]12,
4628,3190_B3D,CN(C)[C@@H]1C(O)=C(C(=O)NCN2CCN(CCO)CC2)C(=O)C2(O)C(O)=C3C(=O)c4c(O)cccc4C(C)(O)[C@H]3C[C@@H]12,
4629,3191_B3D,CN(C)[C@@H]1C(O)=C(C(=O)NCNCCCC[C@H](N)C(=O)O)C(=O)C2(O)C(O)=C3C(=O)c4c(O)cccc4C(C)(O)[C@H]3C[C@@H]12,
4630,3192_B3D,CN(C)[C@@H]1C(O)=C(C(=O)NCN[C@H](C(=O)NC2C(=O)N3[C@H]2SC(C)(C)[C@@H]3C(=O)O)c2ccccc2)C(=O)C2(O)C(O)=C3C(=O)c4c(O)cccc4C(C)(O)[C@H]3C[C@@H]12,
4631,3193_B3D,CN(C)[C@@H]1C(O)=C(C(=O)NCO)C(=O)C2(O)C(O)=C3C(=O)c4c(O)ccc(Cl)c4C(C)(O)[C@H]3C[C@@H]12,
4632,3194_B3D,CN(C)[C@@H]1C(O)=C(C(=O)N[C@H](C(=O)O)N2CCN(CCO)CC2)C(=O)C2(O)C(O)=C3C(=O)c4c(O)cccc4C(C)(O)[C@H]3C[C@@H]12,
4633,3195_B3D,CN(C)[C@@H]1C(O)=C(C(N)=O)C(=O)C2(O)C(O)=C3C(=O)c4c(O)ccc(Cl)c4[C@@H](O)[C@H]3C[C@@H]12,
4634,3196_B3D,CN(C)[C@@H]1C(O)=C(C(N)=O)C(=O)C2(O)C(O)=C3C(=O)c4c(O)cccc4C(C)(O)[C@@H]3[C@H](O)[C@H]12,
4635,3197_B3D,CN(C)[C@@H]1C(O)=C(C(N)=O)C(=O)C2(O)C(O)=C3C(=O)c4c(O)cccc4C(C)(O)[C@H]3C[C@@H]12,
4636,3198_B3D,CN(C)[C@@H]1C(O)=C(C(N)=O)C(=O)C2(O)C(O)=C3C(=O)c4c(ccc(N)c4O)C[C@@H]3C[C@@H]12,
4637,3199_B3D,CN(C)[C@H]1CCc2[nH]c3c(F)cc(F)cc3c2C1,
4638,3200_B3D,CN(C)[C@H]1CCc2[nH]c3ccccc3c2C1,
4639,3201_B3D,CN(C)c1ccc(O)c2c1C[C@@H]1C[C@H]3[C@H](N(C)C)C(O)=C(C(N)=O)C(=O)C3(O)C(O)=C1C2=O,
4640,3202_B3D,CN(c1nc2ccccc2s1)C1CCN(C[C@H](O)COc2ccc(F)cc2)CC1,
4641,3203_B3D,CN1C(=O)CCS(=O)(=O)[C@H]1c1ccc(Cl)c(Cl)c1,
4642,3204_B3D,CN1C(=O)CCS(=O)(=O)[C@H]1c1ccc(Cl)cc1,
4643,3205_B3D,CN1C(=O)CN(C(N)=O)[C@@H](c2ccccc2)c2cc(Cl)ccc21,
4644,3206_B3D,CN1C(=O)CN2CCc3ccccc3[C@H]2c2cc(Cl)ccc21,
4645,3207_B3D,CN1C(=O)C[C@@H](c2ccccc2)C1=O,
4646,3208_B3D,CN1C(=O)[C@H](O)N=C(c2ccccc2)c2cc(Cl)ccc21,
4647,3209_B3D,CN1C(=O)[C@H](O)N=C(c2ccccc2Cl)c2cc(Cl)ccc21,
4648,3210_B3D,CN1C(=O)[C@H](O)N=C(c2ccccc2F)c2cc(Cl)ccc21,
4649,3211_B3D,CN1CCC2(C)C[C@@H](Cc3ccc(O)cc32)C1,
4650,3212_B3D,CN1CCC2(C)c3cc(OC(=O)N4CCc5ccccc5C4)ccc3N(C)[C@H]12,
4651,3213_B3D,CN1CCC2(C)c3cc(OC(=O)Nc4ccccc4)ccc3N(C)[C@H]12,
4652,3214_B3D,CN1CCC23CCCC[C@@H]2C1Cc1ccc(O)cc13,
4653,3215_B3D,CN1CCC23NC(=O)CC(c4cc(Cl)ccc4O2)[C@H]3C1,
4654,3216_B3D,CN1CCC23c4c5ccc(O)c4OC2(C)C(=O)CC[C@@H]3C1C5,
4655,3217_B3D,CN1CCC23c4c5ccc(O)c4OC2C(=O)CCC3(O)C1C5,
4656,3218_B3D,CN1CCC23c4c5ccc(O)c4OC2C(=O)CC[C@@H]3C1C5,
4657,3219_B3D,CN1CCC23c4c5ccc(O)c4OC2C(C)(O)CC[C@@H]3C1C5,
4658,3220_B3D,CN1CCC23c4c5ccc(O)c4O[C@@H]2[C@@H](O)C=C[C@@H]3C1C5,
4659,3221_B3D,CN1CCC23c4c5ccc(O)c4O[C@@H]2[C@@H](O)CCC3(O)C1C5,
4660,3222_B3D,CN1CCC23c4c5ccc(O)c4O[C@@H]2[C@@H](O)CC[C@@H]3C1C5,
4661,3223_B3D,CN1CCC23c4c5ccc(O)c4O[C@H]2CCC[C@@H]3C1C5,
4662,3224_B3D,CN1CCC23c4c5ccc(OC(=O)c6cccnc6)c4O[C@@H]2C(OC(=O)c2cccnc2)C=C[C@@H]3C1C5,
4663,3225_B3D,CN1CCCC[C@H]1CCN1c2ccccc2Sc2ccc(S(C)(=O)=O)cc21,
4664,3226_B3D,CN1CCCC[C@H]1CCN1c2ccccc2Sc2ccc([S+](C)[O-])cc21,
4665,3227_B3D,CN1CCCN([C@@H](c2ccccc2)c2ccc(Cl)cc2)CC1,
4666,3228_B3D,CN1CCC[C@H](CN2c3ccccc3Sc3ccccc32)C1,
4667,3229_B3D,CN1CCCc2cccc(OC[C@@H]3CNCCO3)c21,
4668,3230_B3D,CN1CCN(C(=O)Cc2ccc(Cl)c(Cl)c2)[C@H](CN2CCCC2)C1,
4669,3231_B3D,CN1CCN(C(=O)O[C@H]2c3nccnc3C(=O)N2c2ccc(Cl)cn2)CC1,
4670,3232_B3D,CN1CCN(C2=Cc3cc(Cl)ccc3/C(=C/C#N)c3ccccc32)CC1,
4671,3233_B3D,CN1CCN(CC(=O)C2(O)CC[C@H]3[C@@H]4CCC5=CC(=O)C=CC5(C)[C@H]4[C@@H](O)CC32C)CC1,
4672,3234_B3D,CN1CCN(CC/C=C2/c3ccccc3Sc3ccc(S(=O)(=O)N(C)C)cc32)CC1,
4673,3235_B3D,CN1CCN([C@@H](c2ccccc2)c2ccc(Cl)cc2)CC1,
4674,3236_B3D,CN1CCN([C@H]2Cc3ccccc3Sc3ccc(Cl)cc32)CC1,
4675,3237_B3D,CN1CCN2c3cc(F)ccc3C(c3cccs3)=NC[C@@H]2C1,
4676,3238_B3D,CN1CCN2c3ccccc3Cc3ccccc3[C@H]2C1,
4677,3239_B3D,CN1CCN2c3ccccc3Cn3cccc3[C@@H]2C1,
4678,3240_B3D,CN1CCN2c3ncccc3Cc3ccccc3[C@H]2C1,
4679,3241_B3D,CN1CCO[C@@H](c2ccccc2)c2ccccc2C1,
4680,3242_B3D,CN1CCc2cccc3c2[C@@H]1Cc1ccc(O)c(O)c1-3,
4681,3243_B3D,CN1C[C@@H](C(=O)NC2(C)OC3(O)[C@@H]4CCCN4C(=O)[C@H](Cc4ccccc4)N3C2=O)C[C@H]2c3cccc4[nH]cc(c34)C[C@@H]21,
4682,3244_B3D,CN1C[C@@H](CSc2ccccn2)C=C2c3cccc4[nH]cc(c34)C[C@@H]21,
4683,3245_B3D,CN1C[C@@H](NS(=O)(=O)N(C)C)C[C@H]2c3cccc4c3c(cn4C)C[C@@H]21,
4684,3246_B3D,CN1C[C@@H]2c3ccccc3Oc3ccc(Cl)cc3[C@H]2C1,
4685,3247_B3D,CN1C[C@H](CC#N)C[C@H]2c3cccc4[nH]cc(c34)C[C@@H]21,
4686,3248_B3D,CN1C[C@H](CN2CC(=O)NC(=O)C2)C=C2c3cccc4[nH]cc(c34)C[C@@H]21,
4687,3249_B3D,CN1C[C@H]2Cc3ccc(Cl)cc3[C@H](c3ccccc3)[C@@H]2C1,
4688,3250_B3D,CN1Cc2c(N)cccc2[C@H](c2ccccc2)C1,
4689,3251_B3D,CN1[C@@H](CCl)Nc2cc(Cl)c(S(N)(=O)=O)cc2S1(=O)=O,
4690,3252_B3D,CN1[C@@H](CSCC(F)(F)F)Nc2cc(Cl)c(S(N)(=O)=O)cc2S1(=O)=O,
4691,3253_B3D,CN1[C@H](CC(=O)c2ccccc2)CCC[C@H]1C[C@H](O)c1ccccc1,
4692,3254_B3D,CN1[C@H]2CC(OC(=O)[C@H](CO)c3ccccc3)C[C@H]1[C@@H]1O[C@H]12,
4693,3255_B3D,CN1[C@H]2CCC[C@H]1CC(NC(=O)c1nn(C)c3ccccc13)C2,
4694,3256_B3D,CN1[C@H]2CC[C@H]1CC(NC(=O)N1CC(C)(C)c3ccccc31)C2,
4695,3257_B3D,CN1[C@H]2CC[C@H]1CC(NC(=O)c1cn(C3CCCCC3)c3ccccc3c1=O)C2,
4696,3258_B3D,CN1[C@H]2CC[C@H]1CC(OC(=O)C(C)(CO)c1ccccc1)C2,
4697,3259_B3D,CN1[C@H]2CC[C@H]1CC(OC(=O)[C@@H](O)c1ccccc1)C2,
4698,3260_B3D,CN1[C@H]2CC[C@H]1CC(OC(=O)[C@H](CO)c1ccccc1)C2,
4699,3261_B3D,CN1[C@H]2CC[C@H]1CC(OC(c1ccccc1)c1ccccc1)C2,
4700,3262_B3D,CN1c2cc(F)ccc2C(c2ccccc2)=NC[C@@H]1CNC(=O)c1ccoc1,
4701,3263_B3D,CN1c2ccc(Cl)cc2C(c2ccccc2Cl)=NC[C@H]1CO,
4702,3264_B3D,CN1c2ccccc2C(c2ccccc2F)=NC[C@@H]1CNC(=O)c1ccsc1,
4703,3265_B3D,CN1c2ccccc2[C@H](NCCCCCCC(=O)O)c2ccc(Cl)cc2S1(=O)=O,
4704,3266_B3D,CNC(=O)CCN1CCN(CC/C=C2/c3ccccc3Sc3ccc(Cl)cc32)CC1,
4705,3267_B3D,CNC(=O)CCN1CCN(CC/C=C2\c3ccccc3Sc3ccc(Cl)cc32)CC1,
4706,3268_B3D,CNC(=O)C[C@H](N)C(=O)N[C@H](C(=O)NC1C(=O)N2[C@H]1SC(C)(C)[C@@H]2C(=O)O)c1ccc(O)cc1,
4707,3269_B3D,CNC(=O)N[C@@H](O)C(Cl)(Cl)Cl,
4708,3270_B3D,CNC(=O)O[C@@H]1OC(=O)C2(C)C3C=CC(C3)[C@H]12,
4709,3271_B3D,CNC(=O)O[C@@H]1OC(=O)[C@H]2C3C=CC(C3)[C@H]12,
4710,3272_B3D,CNC(=O)Oc1ccc2c(c1)C1(C)CCN(C)[C@H]1N2C,
4711,3273_B3D,CNC1=CN(O)C(c2ccccc2)=c2cc(Cl)ccc2=N1,
4712,3274_B3D,CNCCO[C@@H](c1ccccc1)c1ccccc1C,
4713,3275_B3D,CNCCSC1=Cc2ccccc2Oc2ccc(F)cc21,
4714,3276_B3D,CNCC[C@H](O)[C@@H]1C[C@H](SC2=C(C(=O)O)N3C(=O)C([C@H](C)O)[C@H]3[C@@H]2C)CN1,
4715,3277_B3D,CNCC[C@H](Oc1ccc(C(F)(F)F)cc1)c1ccccc1,
4716,3278_B3D,CNCC[C@H](Oc1cccc2ccccc12)c1cccs1,
4717,3279_B3D,CNCC[C@H](Oc1ccccc1C)c1ccccc1,
4718,3280_B3D,CNCC[C@H](Oc1ccccc1OC)c1ccccc1,
4719,3281_B3D,CNC[C@@H](O)CC12CCC(c3ccccc31)c1ccccc12,
4720,3282_B3D,CNC[C@@H](O)c1ccc(O)c(O)c1,
4721,3283_B3D,CNC[C@@H](O)c1ccc(OC(=O)C(C)(C)C)c(OC(=O)C(C)(C)C)c1,
4722,3284_B3D,CNC[C@@H](O)c1cccc(OC(=O)C(C)(C)C)c1,
4723,3285_B3D,CNC[C@H]1CN(c2ccc(OCc3cccc(Cl)c3)cc2)C(=O)O1,
4724,3286_B3D,CN[C@@H](C)C(=O)c1ccc(OC)cc1,
4725,3287_B3D,CN[C@@H](C)[C@@H](O)c1ccc(O)cc1,
4726,3288_B3D,CN[C@@H](C)[C@@H]1CC[C@H](N)[C@H](O[C@H]2[C@@H](N)C[C@H](N)[C@H](O[C@@H]3OCC(C)(O)[C@@H](NC)[C@@H]3O)[C@H]2O)O1,
4727,3289_B3D,CN[C@@H]1[C@H](O[C@@H]2C(O[C@@H]3[C@@H](O)[C@@H](O)[C@@H](NC(=N)N)[C@H](O)[C@@H]3NC(=N)N)O[C@@H](C)C2(O)CO)O[C@@H](CO)[C@@H](O)[C@H]1O,
4728,3290_B3D,CN[C@@H]1[C@H](O[C@@H]2O[C@H](CO)[C@@H](N)[C@H](O)[C@@H]2O)O[C@H]2C[C@H](N)[C@@H](O[C@H]3[C@@H](N)C[C@H](N)[C@H](O)[C@@H]3O)O[C@H]2[C@H]1O,
4729,3291_B3D,CN[C@@H]1[C@H](O[C@@H]2[C@@H](O[C@@H]3[C@@H](O)[C@@H](O)[C@@H](NC(=N)N)[C@H](O)[C@@H]3NC(=N)N)OC(C)C2(O)C=O)O[C@@H](CO)[C@@H](O)[C@H]1O,
4730,3292_B3D,CN[C@@H]1[C@H](O[C@@H]2[C@@H](O[C@@H]3[C@@H](O)[C@@H](O)[C@@H](NC(=N)N)[C@H](O)[C@@H]3NC(=N)N)O[C@@H](C)C2(O)C=O)O[C@@H](CO)[C@@H](O)[C@H]1O,
4731,3293_B3D,CN[C@@H]1[C@H](O[C@@H]2[C@@H](O[C@@H]3[C@@H](O)[C@@H](O)[C@@H](NC(=N)N)[C@H](O)[C@@H]3NC(=N)N)O[C@@H](C)C2(O)CO)O[C@@H](CO)[C@@H](O)[C@H]1O,
4732,3294_B3D,CN[C@H]1CCN2c3ccccc3CCc3cccc1c32,
4733,3295_B3D,CN[C@H]1CC[C@@H](c2ccccc2)c2ccccc21,
4734,3296_B3D,CN[C@H]1CCc2ncsc2C1,
4735,3297_B3D,CN[C@H]1C[C@@H](c2ccc(Cl)c(Cl)c2)c2ccccc21,
4736,3298_B3D,CN[C@H]1Cc2ccccc2N(C)c2ccccc21,
4737,3299_B3D,CN[C@H]1[C@H](O)[C@H](O[C@H]2[C@@H](N)C[C@H](N)[C@H](O[C@@H]3O[C@H](CN)CC[C@@H]3N)[C@@H]2O)OCC1(C)O,
4738,3300_B3D,CN[C@H]1[C@H](O)[C@H](O[C@H]2[C@@H](N)C[C@H](N)[C@H](O[C@H]3OC(CN)=CC[C@@H]3N)[C@@H]2O)OCC1(C)O,
4739,3301_B3D,CN[C@H]1[C@H](O)[C@H](O[C@H]2[C@@H](NC(=O)[C@@H](O)CN)C[C@H](N)[C@H](O[C@@H]3O[C@@H](CN)[C@@H](O)[C@H](O)[C@@H]3O)[C@@H]2O)OCC1(C)O,
4740,3302_B3D,CNc1cc(OC)c(C(=O)N[C@H]2CCN(Cc3ccccc3)[C@H]2C)cc1Cl,
4741,3303_B3D,CO/N=C(/C#N)[C@@H]1CN2CCC1CC2,
4742,3304_B3D,CO/N=C(/C(=O)NC1C(=O)N(OCC(=O)O)C1C)c1csc(N)n1,
4743,3305_B3D,CO/N=C(/C(=O)NC1C(=O)N(OCC(=O)OCC(=O)OC(C)(C)C)[C@H]1C)c1csc(N)n1,
4744,3306_B3D,CO/N=C(/C(=O)NC1C(=O)N2C(C(=O)O)=C(/C=C/Sc3n[nH]c(=O)c(=O)n3CC=O)CS[C@@H]12)c1csc(N)n1,
4745,3307_B3D,CO/N=C(/C(=O)NC1C(=O)N2C(C(=O)O)=C(/C=C/c3scnc3C)CS[C@@H]12)c1csc(N)n1,
4746,3308_B3D,CO/N=C(/C(=O)NC1C(=O)N2C(C(=O)O)=C(COC(C)=O)CS[C@@H]12)c1ccco1,
4747,3309_B3D,CO/N=C(/C(=O)NC1C(=O)N2C(C(=O)O)=C(COC(C)=O)C[S+]([O-])[C@@H]12)c1csc(N)n1,
4748,3310_B3D,CO/N=C(/C(=O)NC1C(=O)N2C(C(=O)O)=C(COC(N)=O)CS[C@@H]12)c1ccco1,
4749,3311_B3D,CO/N=C(/C(=O)NC1C(=O)N2C(C(=O)O)=C(CSC(=O)c3ccco3)CS[C@@H]12)c1csc(N)n1,
4750,3312_B3D,CO/N=C(/C(=O)NC1C(=O)N2C(C(=O)O)=C(CSc3nc(=O)c(=O)[nH]n3C)CS[C@@H]12)c1csc(N)n1,
4751,3313_B3D,CO/N=C(/C(=O)NC1C(=O)N2C(C(=O)O)=C(CSc3nc(C)c(CC(=O)O)s3)CS[C@@H]12)c1csc(N)n1,
4752,3314_B3D,CO/N=C(/C(=O)NC1C(=O)N2C(C(=O)O)=C(CSc3nnnn3C)CS[C@@H]12)c1csc(N)n1,
4753,3315_B3D,CO/N=C(/C(=O)NC1C(=O)N2C(C(=O)O)=C(Cn3nnc(C)n3)CS[C@@H]12)c1csc(N)n1,
4754,3316_B3D,CO/N=C(/C(=O)NC1C(=O)N2C(C(=O)O)=CCS[C@@H]12)c1csc(N)n1,
4755,3317_B3D,CO/N=C(/C(=O)NC1C(=O)N2C(C(=O)OCOC(=O)C(C)(C)C)=CCS[C@@H]12)c1csc(NC(=O)[C@H](C)N)n1,
4756,3318_B3D,CO/N=C(/C(=O)NC1C(=O)N2C(C(=O)O[C@@H](C)OC(C)=O)=C(COC(N)=O)CS[C@@H]12)c1ccco1,
4757,3319_B3D,CO/N=C(/C(=O)NC1C(=O)N2C(C(=O)O[C@H](C)OC(=O)C(C)(C)OC)=C(COC(N)=O)CS[C@@H]12)c1ccco1,
4758,3320_B3D,CO/N=C(\C(=O)NC1C(=O)N(OCC(=O)O)C1C)c1csc(N)n1,
4759,3321_B3D,CO/N=C(\C(=O)NC1C(=O)N(OCC(=O)OCC(=O)OC(C)(C)C)C1C)c1csc(N)n1,
4760,3322_B3D,CO/N=C(\C(=O)NC1C(=O)N2C(C(=O)O)=C(/C=C/Sc3n[nH]c(=O)c(=O)n3CC=O)CS[C@@H]12)c1csc(N)n1,
4761,3323_B3D,CO/N=C(\C(=O)NC1C(=O)N2C(C(=O)O)=C(/C=C\c3scnc3C)CS[C@@H]12)c1csc(N)n1,
4762,3324_B3D,CO/N=C(\C(=O)NC1C(=O)N2C(C(=O)O)=C(C)CS[C@@H]12)c1csc(N)n1,
4763,3325_B3D,CO/N=C(\C(=O)NC1C(=O)N2C(C(=O)O)=C(COC(C)=O)CS[C@@H]12)c1csc(N)n1,
4764,3326_B3D,CO/N=C(\C(=O)NC1C(=O)N2C(C(=O)O)=C(COC(C)=O)C[S+]([O-])[C@@H]12)c1csc(N)n1,
4765,3327_B3D,CO/N=C(\C(=O)NC1C(=O)N2C(C(=O)O)=C(COC(N)=O)CS[C@@H]12)c1ccco1,
4766,3328_B3D,CO/N=C(\C(=O)NC1C(=O)N2C(C(=O)O)=C(CSC(=O)c3ccco3)CS[C@@H]12)c1csc(N)n1,
4767,3329_B3D,CO/N=C(\C(=O)NC1C(=O)N2C(C(=O)O)=C(CSc3cnns3)CS[C@@H]12)c1csc(N)n1,
4768,3330_B3D,CO/N=C(\C(=O)NC1C(=O)N2C(C(=O)O)=C(CSc3nc(=O)c(=O)[nH]n3C)CS[C@@H]12)c1csc(N)n1,
4769,3331_B3D,CO/N=C(\C(=O)NC1C(=O)N2C(C(=O)O)=C(CSc3nnnn3C)CS[C@@H]12)c1csc(N)n1,
4770,3332_B3D,CO/N=C(\C(=O)NC1C(=O)N2C(C(=O)O)=C(Cn3nnc(C)n3)CS[C@@H]12)c1csc(N)n1,
4771,3333_B3D,CO/N=C(\C(=O)NC1C(=O)N2C(C(=O)O)=CCS[C@@H]12)c1csc(N)n1,
4772,3334_B3D,CO/N=C(\C(=O)NC1C(=O)N2C(C(=O)O[C@@H](C)OC(C)=O)=C(COC(N)=O)CS[C@@H]12)c1ccco1,
4773,3335_B3D,CO/N=C(\C(=O)N[C@H]1C(=O)N2C(C(=O)O)=C(C)CS[C@@H]12)c1csc(N)n1,
4774,3336_B3D,CO/N=C(\C(=O)N[C@H]1C(=O)N2C(C(=O)O)=C(COC(C)=O)CS[C@@H]12)c1ccco1,
4775,3337_B3D,COC(=O)C1(O)CC[C@H]2[C@@H]3CCC(=O)[C@H]4C(=O)C=CC4(C)[C@H]3[C@@H](O)CC21C,
4776,3338_B3D,COC(=O)C1=C(C)NC(C)=C(C(=O)OCCN(C)Cc2ccccc2)[C@@H]1c1cccc([N+](=O)[O-])c1,
4777,3339_B3D,COC(=O)[C@@H](c1ccccc1)[C@@H]1CCCCN1,
4778,3340_B3D,COC(=O)[C@@H]1C(O)=CC(Nc2ccc(Cl)cc2)=C[C@@H]1C,
4779,3341_B3D,COC(=O)[C@@H]1C(O)=CC(Nc2cccc(OC(F)(F)F)c2)=C[C@@H]1C,
4780,3342_B3D,COC(=O)[C@@H]1C(O)=CC(Nc2cccc([N+](=O)[O-])c2)=C[C@@H]1C,
4781,3343_B3D,COC(=O)[C@@H]1[C@@H](O)CC[C@@H]2CN3CCc4c([nH]c5ccccc45)[C@@H]3C[C@@H]21,
4782,3344_B3D,COC(=O)[C@@H]1[C@@H](OC(=O)c2ccccc2)C[C@@H]2CC[C@@H]1N2C,
4783,3345_B3D,COC(=O)[C@H]1[C@H]2C[C@H]3c4[nH]c5cc(OC)ccc5c4CCN3C[C@H]2C[C@H](OC(=O)/C=C/c2cc(OC)c(OC)c(OC)c2)[C@H]1OC,
4784,3346_B3D,COC(=O)[C@H]1[C@H]2C[C@H]3c4[nH]c5cc(OC)ccc5c4CCN3C[C@H]2C[C@H](OC(=O)c2cc(OC)c(OC)c(OC)c2)[C@H]1OC,
4785,3347_B3D,COC(=O)[C@H]1[C@H]2C[C@H]3c4[nH]c5cc(OC)ccc5c4CCN3C[C@H]2C[C@H](OC)[C@H]1OC,
4786,3348_B3D,COC(=O)[C@H]1[C@H]2C[C@H]3c4[nH]c5ccc(Cl)cc5c4CCN3C[C@H]2C[C@H](OC(=O)c2cc(OC)c(OC)c(OC)c2)[C@H]1OC,
4787,3349_B3D,COC(=O)[C@H]1[C@H]2C[C@H]3c4[nH]c5ccccc5c4CCN3C[C@H]2C[C@H](OC(=O)c2cc(OC)c(OC)c(OC)c2)[C@H]1OC,
4788,3350_B3D,COC(=O)c1cncn1[C@@H](C)c1ccccc1,
4789,3351_B3D,COC(F)(F)[C@@H](F)Br,
4790,3352_B3D,COC(OC)C(=O)C12OC(C)(C)O[C@H]1C[C@H]1[C@@H]3C[C@H](F)C4=CC(=O)C=CC4(C)C3(F)C(O)CC12C,
4791,3353_B3D,COC1(NC(=O)C2SC(=C(C#N)C(=O)O)S2)C(=O)N2C(C(=O)O)=C(CSc3nnnn3C)CS[C@H]21,
4792,3354_B3D,COC1(NC(=O)C2SC(=C(C(N)=O)C(=O)O)S2)C(=O)N2C(C(=O)O)=C(CSc3nnnn3C)CS[C@H]21,
4793,3355_B3D,COC1(NC(=O)CSC(F)(F)F)C(=O)N2C(C(=O)O)=C(CSc3nnnn3CCO)CO[C@H]21,
4794,3356_B3D,COC1(NC(=O)CSC(F)F)C(=O)N2C(C(=O)O)=C(CSc3nnnn3CCO)CO[C@H]21,
4795,3357_B3D,COC1(NC(=O)CSCC#N)C(=O)N2C(C(=O)O)=C(CSc3nnnn3C)CS[C@H]21,
4796,3358_B3D,COC1(NC(=O)CSC[C@@H](N)C(=O)O)C(=O)N2C(C(=O)O)=C(CSc3nnnn3C)CS[C@H]21,
4797,3359_B3D,COC1(NC(=O)Cc2cccs2)C(=O)N2C(C(=O)O)=C(COC(N)=O)CS[C@H]21,
4798,3360_B3D,COC1(NC(=O)[C@@H](C(=O)O)c2ccc(O)cc2)C(=O)N2C(C(=O)O)=C(CSc3nnnn3C)CO[C@H]21,
4799,3361_B3D,COC1(NC(=O)[C@@H](C(=O)O)c2ccsc2)C(=O)N2[C@@H](C(=O)O)C(C)(C)S[C@H]21,
4800,3362_B3D,COC12C(COC(N)=O)C3=C(C(=O)C(C)=C(N)C3=O)N1C[C@@H]1N[C@@H]12,
4801,3363_B3D,COC12C=CC3(C[C@H]1C(C)(C)O)C1Cc4ccc(O)c5c4C3(CCN1CC1CC1)[C@@H]2O5,
4802,3364_B3D,COC12CCC3(CC1C(C)(C)O)C1Cc4ccc(O)c5c4C3(CCN1CC1CC1)[C@@H]2O5,
4803,3365_B3D,COC12CCC3(CC1C(C)(O)C(C)(C)C)C1Cc4ccc(O)c5c4C3(CCN1CC1CC1)[C@@H]2O5,
4804,3366_B3D,COC12CCC3(C[C@H]1C(C)(C)O)C1Cc4ccc(O)c5c4C3(CCN1CC1CC1)[C@@H]2O5,
4805,3367_B3D,COC1=CC(=O)O[C@H]1[C@@H](O)c1ccccc1Cl,
4806,3368_B3D,COC1=CC=C2C3Cc4ccc(OC)c5c4C2(CCN3C)[C@@H]1O5,
4807,3369_B3D,COCC(=O)OC1(CCN(C)CCCc2nc3ccccc3[nH]2)CCc2cc(F)ccc2[C@@H]1C(C)C,
4808,3370_B3D,COCC1=C(C(=O)O)N2C(=O)C(NC(=O)/C(=N\O)c3csc(N)n3)[C@@H]2SC1,
4809,3371_B3D,COCC1=C(C(=O)O)N2C(=O)C(NC(=O)/C(=N\OC)c3csc(N)n3)[C@@H]2SC1,
4810,3372_B3D,COCC1=C(C(=O)O)N2C(=O)[C@H](NC(=O)/C(=N\O)c3csc(N)n3)[C@@H]2SC1,
4811,3373_B3D,COCCCC(=O)O[C@H](C)OC(=O)C1=C(COC(N)=O)CS[C@H]2C(NC(=O)/C(=N\OC)c3ccco3)C(=O)N12,
4812,3374_B3D,COCCCC/C(=N\OCCN)c1ccc(Cl)cc1,
4813,3375_B3D,COCCN1CCC23c4c5ccc(O)c4OC2C(=O)CCC3(O)C1C5,
4814,3376_B3D,COCCc1ccc(OC[C@@H](O)CNC(C)C)cc1,
4815,3377_B3D,COCOC(=O)[C@@H]1N2C(=O)C(N3C(=O)C(c4ccccc4)NC3(C)C)[C@@H]2SC1(C)C,
4816,3378_B3D,COCOC(=O)[C@@H]1N2C(=O)[C@H](N3C(=O)C(c4ccc(O)cc4)NC3(C)C)[C@@H]2SC1(C)C,
4817,3379_B3D,COC[C@@H]1CN(c2ccc(OCC[C@H](O)C(F)(F)F)cc2)C(=O)O1,
4818,3380_B3D,COC[C@@H]1CN(c2ccc(OCc3cccc(C#N)c3)cc2)C(=O)O1,
4819,3381_B3D,COC[C@@H]1CN=C(c2ccccc2Cl)c2cc(Br)ccc2N1C,
4820,3382_B3D,COCc1c(C(C)C)nc(C(C)C)c(/C=C/[C@@H](O)C[C@H](O)CC(=O)O)c1-c1ccc(F)cc1,
4821,3383_B3D,CO[C@@H]1[C@@H](O)[C@H](N)[C@H](O[C@@H]2O[C@H]([C@H](C)N)CC[C@@H]2N)[C@@H](O)[C@@H]1N(C)C(=O)CN,
4822,3384_B3D,CO[C@H](C(=O)NC1C(=O)N2[C@H]1SC(C)(C)[C@@H]2C(=O)O)c1ccc(Cl)c(Cl)c1,
4823,3385_B3D,CO[C@H]1/C=C/OC2(C)Oc3c(C)c(O)c4c(O)c(c(/C=N/N5CCN(C)CC5)c(O)c4c3C2=O)NC(=O)/C(C)=C/C=C/[C@H](C)[C@H](O)[C@H](C)[C@H](O)[C@H](C)[C@H](OC(C)=O)[C@H]1C,
4824,3386_B3D,CO[C@H]1/C=C/OC2(C)Oc3c(C)c(O)c4c(O)c(c(/C=N/N5CCN(C)CC5)c(O)c4c3C2=O)NC(=O)/C(C)=C\C=C\[C@H](C)[C@H](O)[C@H](C)[C@H](O)[C@H](C)[C@H](OC(C)=O)[C@H]1C,
4825,3387_B3D,CO[C@H]1/C=C/OC2(C)Oc3c(C)c(O)c4c(O)c(c(/C=N/N5CCN(C6CCCC6)CC5)c(O)c4c3C2=O)NC(=O)/C(C)=C\C=C\[C@H](C)[C@H](O)[C@H](C)[C@H](O)[C@H](C)[C@H](OC(C)=O)[C@H]1C,
4826,3388_B3D,CO[C@H]1/C=C/OC2(C)Oc3c(C)c(O)c4c(O)c(c5c(nc6cc(C)ccn65)c4c3C2=O)NC(=O)/C(C)=C\C=C\[C@H](C)[C@H](O)[C@H](C)[C@H](O)[C@H](C)[C@H](OC(C)=O)[C@H]1C,
4827,3389_B3D,CO[C@H]1/C=C/OC2(C)Oc3c(C)c(O)c4c(O)c(cc(O)c4c3C2=O)NC(=O)/C(C)=C/C=C/[C@H](C)[C@H](O)[C@H](C)[C@H](O)[C@H](C)[C@H](OC(C)=O)[C@H]1C,
4828,3390_B3D,CO[C@H]1/C=C/OC2(C)Oc3c(C)c(O)c4c(O)c(cc(O)c4c3C2=O)NC(=O)/C(C)=C\C=C\[C@H](C)[C@H](O)[C@H](C)[C@H](O)[C@H](C)[C@H](OC(C)=O)[C@H]1C,
4829,3391_B3D,CO[C@H]1/C=C/OC2(C)Oc3c(C)c(O)c4c(c3C2=O)C(=O)/C(=C/NN2CCN(C)CC2)C(=C4O)NC(=O)/C(C)=C\C=C\[C@H](C)[C@H](O)[C@H](C)[C@H](O)[C@H](C)[C@H](OC(C)=O)[C@H]1C,
4830,3392_B3D,CO[C@H]1/C=C/OC2(C)Oc3c(C)c(O)c4c(c3C2=O)C2=NC3(CCN(CC(C)C)CC3)NC2=C(NC(=O)/C(C)=C\C=C\[C@H](C)[C@H](O)[C@H](C)[C@H](O)[C@H](C)[C@H](OC(C)=O)[C@H]1C)C4=O,
4831,3393_B3D,CO[C@H]1CCC[C@H]2C1=C(C(=O)O)N1C(=O)C([C@H](C)O)[C@H]21,
4832,3394_B3D,CO[C@H]1CCC[C@H]2C1=C(C=O)N1C(=O)C([C@H](C)O)[C@H]21,
4833,3395_B3D,CO[C@H]1CC[C@@H]2C3Cc4ccc(O)c5c4C2(CCN3C)[C@@H]1O5,
4834,3396_B3D,CO[C@H]1C[C@@H](O[C@@H]2[C@H](C)C(=O)O[C@@H](C)[C@@H](C)[C@H](O)[C@H](C)C(=O)C3(CO3)C[C@H](C)[C@H](O[C@@H]3O[C@@H](C)C[C@H](N(C)C)[C@@H]3O)[C@@H]2C)O[C@@H](C)[C@@H]1O,
4835,3397_B3D,CO[C@H]1C[C@@H](O[C@@H]2[C@H](C)C(=O)O[C@@H](C)[C@H](C)[C@H](OC(C)=O)[C@H](C)C(=O)C3(CO3)C[C@H](C)[C@H](O[C@@H]3O[C@@H](C)C[C@H](N(C)C)[C@@H]3OC(C)=O)[C@@H]2C)O[C@@H](C)[C@@H]1OC(C)=O,
4836,3398_B3D,CO[C@H]1C[C@H](O[C@H]2[C@H](C)O[C@H](O[C@@H]3/C(C)=C/C[C@H]4C[C@@H](CC5(CC[C@H](C)[C@H](C(C)C)O5)O4)OC(=O)[C@H]4C=C(C)[C@H](O)[C@@H]5OC/C(=C\C=C\[C@@H]3C)C45O)C[C@@H]2OC)O[C@@H](C)[C@@H]1O,
4837,3399_B3D,CO[C@H]1OC2OC3(CN4CCCCC4)C(O)CC(C13)[C@@H]2C,
4838,3400_B3D,CO[C@H]1OC2OC3(CN4CCCCC4)C(O)C[C@@H]([C@@H]2C)[C@H]13,
4839,3401_B3D,CO[C@H]1[C@@H](O)CC(=O)O[C@@H](C)C/C=C/C=C/[C@@H](O)[C@@H](C)C[C@@H](CC=O)[C@@H]1O[C@@H]1O[C@@H](C)[C@@H](O[C@H]2CC(C)(O)[C@@H](O)[C@H](C)O2)[C@@H](N(C)C)[C@@H]1O,
4840,3402_B3D,CO[C@H]1[C@@H](O)CC(=O)O[C@@H](C)C/C=C/C=C/[C@@H](O[C@@H]2CC[C@H](N(C)C)[C@H](C)O2)[C@@H](C)C[C@@H](CC=O)[C@@H]1O[C@@H]1O[C@@H](C)[C@@H](O[C@H]2CC(C)(O)[C@@H](O)[C@H](C)O2)[C@@H](N(C)C)[C@@H]1O,
4841,3403_B3D,CO[C@H]1[C@@H](OC(C)=O)CC(=O)O[C@@H](C)C/C=C/C=C/[C@@H](O)[C@@H](C)C[C@@H](CC=O)[C@@H]1O[C@@H]1OC(C)[C@@H](O[C@H]2CC(C)(O)[C@@H](OC(=O)CC(C)C)[C@H](C)O2)[C@@H](N(C)C)[C@@H]1O,
4842,3404_B3D,CO[C@H]1[C@@H](OC(N)=O)[C@H](O)[C@@H](Oc2ccc3c(O)c(NC(=O)c4ccc(O)c(CC=C(C)C)c4)c(=O)oc3c2C)OC1(C)C,
4843,3405_B3D,COc1cc(N)c(Cl)cc1C(=O)N[C@H]1CCN(CCCOc2ccc(F)cc2)C[C@@H]1OC,
4844,3406_B3D,COc1cc([C@H]2c3cc4c(cc3[C@@H](O[C@H]3O[C@H]5CO[C@H](C)O[C@H]5[C@@H](O)[C@@H]3O)[C@@H]3COC(=O)[C@@H]23)OCO4)cc(OC)c1O,
4845,3407_B3D,COc1cc([C@H]2c3cc4c(cc3[C@@H](O[C@H]3O[C@H]5CO[C@H](c6cccs6)O[C@H]5[C@@H](O)[C@@H]3O)[C@@H]3COC(=O)[C@@H]23)OCO4)cc(OC)c1O,
4846,3408_B3D,COc1cc([C@H]2c3cc4c(cc3[C@@H](O[C@H]3O[C@H]5CO[C@H](c6cccs6)O[C@H]5[C@@H](O)[C@@H]3O)[C@@H]3COC(=O)[C@@H]23)OCO4)cc(OC)c1OC,
4847,3409_B3D,COc1cc2c(c(CN[C@H]3CCCN[C@H]3c3ccccc3)c1)OCC2,
4848,3410_B3D,COc1cc2c(cc1CN[C@H]1C3CCN(C3)C1C(c1ccccc1)c1ccccc1)N(S(C)(=O)=O)CC2,
4849,3411_B3D,COc1cc2c(cc1CN[C@H]1CCCN[C@H]1c1ccccc1)N(S(C)(=O)=O)[C@@H](C)C2,
4850,3412_B3D,COc1cc2c(cc1OC)C(=O)[C@@H](CC1CCN(Cc3ccccc3)CC1)C2,
4851,3413_B3D,COc1cc2c(cc1OC)S(=O)(=O)O[C@H](C(=O)N[C@@H](C)CC(C)(C)N(C)C)C2,
4852,3414_B3D,COc1cc2c(cc1OC)[C@@H]1CC(=O)[C@@H](CC(C)C)CN1CC2,
4853,3415_B3D,COc1cc2c(cc1OC)[C@H](c1ccccc1)CN(C)CC2,
4854,3416_B3D,COc1cc2c3c(c1O)C1(C=CC(=O)C=C1)C[C@@H]3N(C)CC2,
4855,3417_B3D,COc1cc2oc(C)nc2cc1CN[C@H]1CCCN[C@H]1c1ccccc1,
4856,3418_B3D,COc1cc2sc(-c3ccccc3)nc2cc1CN[C@H]1CCCN[C@H]1c1ccccc1,
4857,3419_B3D,COc1cc2sc(C(C)(C)C)nc2cc1CN[C@H]1CCCN[C@H]1c1ccccc1,
4858,3420_B3D,COc1cc2sc(C)nc2cc1CN[C@H]1CCCN[C@H]1c1ccccc1,
4859,3421_B3D,COc1cc2sc(C3CC3)nc2cc1CN[C@H]1CCCN[C@H]1c1ccccc1,
4860,3422_B3D,COc1ccc(-c2cc(=O)c3c(O)cc(O[C@@H]4O[C@@H](CO[C@H]5O[C@@H](C)[C@@H](O)[C@H](O)[C@@H]5O)[C@@H](O)[C@H](O)[C@@H]4O)cc3o2)cc1O,
4861,3423_B3D,COc1ccc(-c2nccs2)cc1CN[C@H]1CCCN[C@H]1c1ccccc1,
4862,3424_B3D,COc1ccc(-n2nc(C)cc2C)cc1CN[C@H]1CCCN[C@H]1c1ccccc1,
4863,3425_B3D,COc1ccc(C(C)(C)C)cc1CN[C@H]1C2CCN(CC2)C1C(c1ccccc1)c1ccccc1,
4864,3426_B3D,COc1ccc(C(C)(C)O)cc1CN[C@H]1C2CCN(CC2)[C@H]1C(c1ccccc1)c1ccccc1,
4865,3427_B3D,COc1ccc(C(C)C)cc1CN[C@H]1C2CCN(CC2)[C@H]1C(c1ccccc1)c1ccccc1,
4866,3428_B3D,COc1ccc(C(C)C)cc1CN[C@H]1CCCN[C@H]1c1ccccc1,
4867,3429_B3D,COc1ccc(CC(=O)N2CCN(C(C)=O)C[C@@H]2CN2CC[C@H](O)C2)cc1,
4868,3430_B3D,COc1ccc(CCN2CCN(c3ccccc3Cl)CC2)cc1OC,
4869,3431_B3D,COc1ccc(C[C@H](N)C(=O)N[C@@H]2[C@@H](CO)O[C@H](n3cnc4c(N(C)C)ncnc43)[C@H]2O)cc1,
4870,3432_B3D,COc1ccc(Cl)c2c1CCC[C@@H]2N(C)C,
4871,3433_B3D,COc1ccc(N(c2nc(C)c(C)s2)S(C)(=O)=O)cc1CN[C@H]1CCCN[C@H]1c1ccccc1,
4872,3434_B3D,COc1ccc(N2CCCC2=O)cc1CN[C@H]1CCCN[C@H]1c1ccccc1,
4873,3435_B3D,COc1ccc(OC[C@@H]2CN(C)CC[C@@H]2c2ccccc2)cc1,
4874,3436_B3D,COc1ccc(S(C)(=O)=O)cc1CN[C@H]1CCCN[C@H]1c1ccccc1,
4875,3437_B3D,COc1ccc(S(N)(=O)=O)cc1C(=O)NC[C@@H]1CCCN1C,
4876,3438_B3D,COc1ccc(S(N)(=O)=O)cc1C(=O)NC[C@@H]1CCCN1Cc1ccc(F)cc1,
4877,3439_B3D,COc1ccc([C@@H](CN(C)C)C2(O)CCCCC2)cc1,
4878,3440_B3D,COc1ccc([C@H](O)CN2CCN(C(c3ccccc3)c3ccccc3)CC2)cc1OC,
4879,3441_B3D,COc1ccc([C@H]2CNC(=O)C2)cc1OC1CCCC1,
4880,3442_B3D,COc1ccc2c(c1)/C(=C\CCN(C)C)c1ccccc1O2,
4881,3443_B3D,COc1ccc2c(c1)C13CCCC[C@@H]1C(C2)N(C)CC3,
4882,3444_B3D,COc1ccc2c(c1)CN(C)C[C@H]2c1ccc(Cl)c(Cl)c1,
4883,3445_B3D,COc1ccc2c(c1)N(CC[C@@H]1CCCCN1C)c1ccccc1S2,
4884,3446_B3D,COc1ccc2c(c1)N(C[C@@H](C)CN(C)C)c1ccccc1S2,
4885,3447_B3D,COc1ccc2c(c1)N(C[C@@H](C)CN1CCC(O)CC1)c1ccccc1S2,
4886,3448_B3D,COc1ccc2c(c1)[C@H](CC(=O)O)[C@H](C)N2C(=O)c1ccc(Cl)cc1,
4887,3449_B3D,COc1ccc2c(c1OC)C(=O)O[C@@H]2[C@@H]1c2c(cc3c(c2OC)OCO3)CCN1C,
4888,3450_B3D,COc1ccc2c(c1OC)C13CCN(C)C(C2)C1(O)CC[C@H](O)C3,
4889,3451_B3D,COc1ccc2c3c([nH]c2c1)[C@@H]1C[C@H]2[C@H](C[C@H](OC(=O)c4cc(OC)c(OC)c(OC)c4)[C@H](OC)[C@H]2OC(C)=O)CN1CC3,
4890,3452_B3D,COc1ccc2c3c1OC1C(=O)CCC4(O)C(C2)N(C)CCC314,
4891,3453_B3D,COc1ccc2c3c1OC1C(=O)CC[C@@H]4C(C2)N(C)CCC314,
4892,3454_B3D,COc1ccc2c3c1O[C@@H]1C(=O)CCC4(O)C(C2)N(C)CCC314,
4893,3455_B3D,COc1ccc2c3c1O[C@@H]1C(OC(=O)c4cccnc4)CC[C@@H]4C(C2)N(C)CCC341,
4894,3456_B3D,COc1ccc2c3c1O[C@@H]1C(OC(C)=O)=CC[C@@H]4C(C2)N(C)CCC314,
4895,3457_B3D,COc1ccc2c3c1O[C@@H]1[C@@H](O)C=C[C@@H]4C(C2)N(C)CCC341,
4896,3458_B3D,COc1ccc2c3c1O[C@@H]1[C@@H](O)C=C[C@@H]4C(C2)NCCC341,
4897,3459_B3D,COc1ccc2c3c1O[C@@H]1[C@@H](O)CC[C@@H]4C(C2)N(C)CCC341,
4898,3460_B3D,COc1ccc2c3c1O[C@H]1C[C@H](O)C=CC31CCN(C)C2,
4899,3461_B3D,COc1cccc(C(=O)NC2C[C@@H]3CC[C@@H](C2)N3Cc2ccccc2)c1OC,
4900,3462_B3D,COc1cccc(C2(O)CCCC[C@H]2CN(C)C)c1,
4901,3463_B3D,COc1cccc(CC(=O)N2CCN(C(C)=O)C[C@@H]2CN2CC[C@H](O)C2)c1,
4902,3464_B3D,COc1cccc(OC)c1C(=O)NC1C(=O)N2[C@H]1SC(C)(C)[C@@H]2C(=O)O,
4903,3465_B3D,COc1cccc2c1C(=O)c1c(O)c3c(c(O)c1C2=O)CC(O)(/C(C)=N/NC(=O)c1ccccc1)C[C@@H]3O[C@@H]1C[C@H](N)[C@H](O)[C@H](C)O1,
4904,3466_B3D,COc1cccc2c1C(=O)c1c(O)c3c(c(O)c1C2=O)CC(O)(C(=O)CO)C[C@@H]3O,
4905,3467_B3D,COc1cccc2c1C(=O)c1c(O)c3c(c(O)c1C2=O)CC(O)(C(=O)CO)C[C@@H]3O[C@@H]1C[C@H](N)[C@H](O)[C@H](C)O1,
4906,3468_B3D,COc1cccc2c1C(=O)c1c(O)c3c(c(O)c1C2=O)CC(O)(C(=O)CO)C[C@@H]3O[C@@H]1C[C@H](N)[C@H](O[C@H]2CCCCO2)[C@H](C)O1,
4907,3469_B3D,COc1cccc2c1C(=O)c1c(O)c3c(c(O)c1C2=O)CC(O)(C(=O)CO)C[C@@H]3O[C@@H]1C[C@H](NC(=O)[C@@H](N)CC(C)C)[C@H](O)[C@H](C)O1,
4908,3470_B3D,COc1cccc2c1C(=O)c1c(O)c3c(c(O)c1C2=O)CC(O)(C(=O)CO)C[C@@H]3O[C@H]1C[C@@H](N)C[C@H](C)O1,
4909,3471_B3D,COc1cccc2c1C(=O)c1c(O)c3c(c(O)c1C2=O)CC(O)(C(C)=O)C[C@@H]3O[C@@H]1C[C@H](N)[C@H](O)[C@H](C)O1,
4910,3472_B3D,COc1cccc2c1C(=O)c1c(O)c3c(c(O)c1C2=O)CC(O)([C@@H](O)CO)C[C@@H]3O,
4911,3473_B3D,COc1cccc2c1C[C@H](CCCNCCCCN1C(=O)CC3(CCCC3)CC1=O)CO2,
4912,3474_B3D,COc1ccccc1CN[C@H]1CCCN[C@H]1c1ccccc1,
4913,3475_B3D,COc1ccccc1N1CCN(CCCCN2C(=O)[C@H]3C(=O)N(C(C)(C)C)C(=O)[C@H](C2=O)C3(C)C)CC1,
4914,3476_B3D,COc1ccccc1N1CCN(CCC[C@H](O)c2ccc(F)cc2)CC1,
4915,3477_B3D,COc1ccccc1N1CCN(C[C@H](O)COc2cc(OC)c(OC)c(OC)c2)CC1,
4916,3478_B3D,COc1ccccc1OC[C@@H]1CNC(=O)O1,
4917,3479_B3D,COc1ccccc1OC[C@H](O)COC(N)=O,
4918,3480_B3D,CS(=O)(=O)c1ccc([C@H](O)[C@@H](CF)NC(=O)C(Cl)Cl)cc1,
4919,3481_B3D,CS(=O)(=O)c1ccc([C@H](O)[C@H](CO)NC(=O)C(Cl)Cl)cc1,
4920,3482_B3D,CSC(=O)C1(O)[C@@H](C)C[C@H]2[C@@H]3CCC4=CC(=O)C=CC4(C)C3(F)[C@@H](O)CC21C,
4921,3483_B3D,CSC(=O)C1(OC(C)=O)[C@@H](C)C[C@H]2[C@@H]3CCC4=CC(=O)C=CC4(C)C3(F)C(O)CC21C,
4922,3484_B3D,CSc1ccc(CC(=O)N2CCN(C(C)=O)C[C@@H]2CN2CC[C@H](O)C2)cc1,
4923,3485_B3D,CSc1ccc2c(c1)N(CC[C@@H]1CCCCN1C)c1ccccc1S2,
4924,3486_B3D,CSc1ccc2c(c1)N(CC[C@@H]1CCCNC1)c1ccccc1S2,
4925,3487_B3D,CSc1ccc2c(c1)N(C[C@@H](C)CN(C)C)c1ccccc1S2,
4926,3488_B3D,CSc1ccc2c(c1)[C@@H](N1CCN(C)CC1)Cc1ccccc1S2,
4927,3489_B3D,C[C@@H](C(=O)c1ccccc1)N(C)C,
4928,3490_B3D,C[C@@H](CC#N)N(C)CC(=O)N(C)c1ccc(Cl)cc1C(=O)c1ccccc1F,
4929,3491_B3D,C[C@@H](CC(C)(C)O)O[C@H](O)C(Cl)(Cl)Cl,
4930,3492_B3D,C[C@@H](CCN1CCN(c2ccc(F)cc2)CC1)NC(=O)c1cccnc1,
4931,3493_B3D,C[C@@H](CCc1ccccc1)N[C@@H](C)[C@@H](O)c1ccc(O)cc1,
4932,3494_B3D,C[C@@H](CN(C)C)CN1c2ccccc2CCc2ccccc21,
4933,3495_B3D,C[C@@H](CN(C)C)CN1c2ccccc2S(=O)(=O)c2ccccc21,
4934,3496_B3D,C[C@@H](CN(C)C)CN1c2ccccc2Sc2ccc(C#N)cc21,
4935,3497_B3D,C[C@@H](CN(C)C)CN1c2ccccc2Sc2ccc(C(F)(F)F)cc21,
4936,3498_B3D,C[C@@H](CN(C)C)CN1c2ccccc2Sc2ccccc21,
4937,3499_B3D,C[C@@H](CN(C)C)OC(C)(c1ccccc1)c1ccc(Cl)cc1,
4938,3500_B3D,C[C@@H](CN1C(=O)c2cccnc2Nc2ccccc21)N(C)C,
4939,3501_B3D,C[C@@H](CN1CCN(CCOCCO)CC1)CN1c2ccccc2Sc2ccccc21,
4940,3502_B3D,C[C@@H](CN1c2ccccc2Sc2ccccc21)N(C)C,
4941,3503_B3D,C[C@@H](CNC(=O)c1ccccc1)C(=O)OCC(=O)C12OC(C)(C)O[C@H]1C[C@H]1[C@@H]3CCC4=CC(=O)C=CC4(C)C3(F)C(O)CC12C,
4942,3504_B3D,C[C@@H](COc1ccccc1)N(CCCl)Cc1ccccc1,
4943,3505_B3D,C[C@@H](COc1ccccc1)NN,
4944,3506_B3D,C[C@@H](Cc1ccc(O)cc1)NC[C@@H](O)c1cc(O)cc(O)c1,
4945,3507_B3D,C[C@@H](Cc1ccccc1)N(C)C,
4946,3508_B3D,C[C@@H](Cc1ccccc1)N(C)Cc1ccccc1,
4947,3509_B3D,C[C@@H](Cc1ccccc1)N(C)Cc1ccco1,
4948,3510_B3D,C[C@@H](Cc1ccccc1)NCCC1c2ccccc2Sc2ccccc21,
4949,3511_B3D,C[C@@H](Cc1ccccc1)NCCn1cnc2c1c(=O)n(C)c(=O)n2C,
4950,3512_B3D,C[C@@H](Cc1ccccc1)NN,
4951,3513_B3D,C[C@@H](Cc1ccccc1)NO,
4952,3514_B3D,C[C@@H](Cc1ccccc1)N[C@H](C#N)c1ccccc1,
4953,3515_B3D,C[C@@H](Cc1ccccc1)[N+](C)([O-])Cc1ccccc1,
4954,3516_B3D,C[C@@H](c1noc2ccc(Cl)cc12)n1ccnc1,
4955,3517_B3D,C[C@@H]1C[C@H](OC(=O)[C@@H]2CCC(=O)N2)CC(C)(C)C1,
4956,3518_B3D,C[C@@H]1NC(=O)CO[C@H]1c1ccccc1,
4957,3519_B3D,C[C@@H]1NC(=O)[C@@H](NC(=O)c2ncccc2O)[C@H](C)OC(=O)[C@H](c2ccccc2)NC(=O)[C@@H]2CC(=O)CCN2C(=O)[C@H](Cc2ccc(N(C)C)cc2)N(C)C(=O)[C@@H]2CCCN2C1=O,
4958,3520_B3D,C[C@@H]1NCCO[C@H]1c1ccccc1,
4959,3521_B3D,C[C@@H]1OC2(CCCC[C@@H]2Oc2cccc(Cl)c2)NC1=O,
4960,3522_B3D,C[C@@H]1O[C@@H](O[C@H]2[C@@H](O)C[C@H](O[C@H]3[C@@H](O)C[C@@H](O[C@H]4CCC5(C)[C@@H](CC[C@H]6[C@@H]5CCC5(C)[C@H](C7=CC(=O)OC7)CCC65O)C4)O[C@H]3C)O[C@H]2C)C[C@H](O)[C@@H]1O,
4961,3523_B3D,C[C@@H]1O[C@@H](O[C@H]2[C@@H](O)C[C@H](O[C@H]3[C@@H](O)C[C@@H](O[C@H]4CCC5(C)[C@@H](CC[C@H]6[C@@H]5C[C@H](O)C5(C)C(C7=CC(=O)OC7)CCC65O)C4)O[C@H]3C)O[C@H]2C)C[C@H](O)[C@@H]1O,
4962,3524_B3D,C[C@@H]1O[C@H](O[C@@H]2C=C3CC[C@H]4[C@H](CCC5(C)C(c6ccc(=O)oc6)CCC45O)C3(C)CC2)[C@@H](O)[C@@H](O)[C@@H]1O,
4963,3525_B3D,C[C@@H]1O[C@H](O[C@H]2CC(O)(C(=O)CO)Cc3c(O)c4c(c(O)c32)C(=O)c2ccccc2C4=O)C[C@H](N)[C@@H]1O,
4964,3526_B3D,C[C@@H]1O[C@H]1P(=O)(O)O,
4965,3527_B3D,C[C@@H]1Oc2ccccc2C[C@@H]1N(C)C,
4966,3528_B3D,C[C@@H]1[C@@H]2Cc3ccc(O)cc3C1(C)CCN2C,
4967,3529_B3D,C[C@@H]1[C@@H]2Cc3ccc(O)cc3C1(C)CCN2CC1CC1,
4968,3530_B3D,C[C@@H]1[C@@H]2Cc3ccc(O)cc3C1(C)CCN2CCc1ccccc1,
4969,3531_B3D,C[C@@H]1[C@H]2C(=O)c3ccc(O)cc3C1(C)CCN2CC1CC1,
4970,3532_B3D,C[C@@H]1c2cccc(O)c2C(=O)C2=C(O)C3(O)C(=O)C(C(N)=O)=C(O)[C@@H](N(C)C)[C@H]3[C@@H](O)[C@H]21,
4971,3533_B3D,C[C@@H]1c2cccc(O)c2C(O)=C2C(=O)C3(O)C(=O)C(C(N)=O)=C(O)[C@@H](N(C)C)[C@H]3[C@@H](O)[C@H]21,
4972,3534_B3D,C[C@@H]1c2ccccc2N(C(N)=O)c2ccccc2[C@H]1C,
4973,3535_B3D,C[C@H](C(=O)O)c1cccc(C(=O)c2ccccc2)c1,
4974,3536_B3D,C[C@H](CN1CCOCC1)C(C(=O)N1CCCC1)(c1ccccc1)c1ccccc1,
4975,3537_B3D,C[C@H](F)OC(=O)c1ncn2c1CN(C)C(=O)c1cc(F)ccc1-2,
4976,3538_B3D,C[C@H](N)C(=O)OC(C)(C)Cc1ccc(Cl)cc1,
4977,3539_B3D,C[C@H](N)Cc1ccc(O)cc1,
4978,3540_B3D,C[C@H](N)[C@@H](O)c1cccc(O)c1,
4979,3541_B3D,C[C@H](NC(C)(C)C)C(=O)c1cccc(Cl)c1,
4980,3542_B3D,C[C@H](NCCn1cnc2c1c(=O)n(C)c(=O)n2C)[C@@H](O)c1ccccc1,
4981,3543_B3D,C[C@H](NN)c1ccccc1,
4982,3544_B3D,C[C@H](NNC(=O)c1ccccc1)c1ccccc1,
4983,3545_B3D,C[C@H](O)C1C(=O)N2C(C(=O)O)=C(COC(N)=O)S[C@@H]12,
4984,3546_B3D,C[C@H](O)C1C(=O)N2C(C(=O)O)=C(F)S[C@@H]12,
4985,3547_B3D,C[C@H](O)C1C(=O)N2C(C(=O)O)=C(SCC/N=C\N)C[C@@H]12,
4986,3548_B3D,C[C@H](O)C1C(=O)N2C(C(=O)O)=C(S[C@H]3CC[S+]([O-])C3)S[C@@H]12,
4987,3549_B3D,C[C@H](O)C1C(=O)N2C(C(=O)O)=C([C@@H]3CCCO3)S[C@@H]12,
4988,3550_B3D,C[C@H](O)Cn1cnc2c1c(=O)n(C)c(=O)n2C,
4989,3551_B3D,C[C@H](O)[C@H]1C(=O)N2C(C(=O)O)=C(S[C@@H]3CN[C@H](C(=O)N(C)C)C3)[C@@H](C)[C@H]12,
4990,3552_B3D,C[C@H](Oc1cccc2ccccc12)/C(N)=N\O,
4991,3553_B3D,C[C@H](Oc1ccccc1)C(=O)NC1C(=O)N2[C@H]1SC(C)(C)[C@@H]2C(=O)O,
4992,3554_B3D,C[C@H]1/C=C/C=C/C=C/C=C/C=C/C=C/C=C/[C@@H](O[C@H]2O[C@@H](C)[C@@H](O)[C@H](N)[C@@H]2O)C[C@@H]2OC(O)(C[C@H](O)[C@@H](O)CC[C@H](O)C[C@H](O)C[C@H](O)CC(=O)O[C@@H](C)[C@@H](C)[C@H]1O)C[C@H](O)[C@@H]2C(=O)O,
4993,3555_B3D,C[C@H]1/C=C\C=C/C=C\C=C/C=C\C=C/C=C\[C@@H](O[C@H]2O[C@@H](C)[C@@H](O)[C@H](N)[C@@H]2O)C[C@@H]2OC(O)(C[C@@H](O)C[C@H](O)[C@@H](O)CC[C@H](O)C[C@H](O)CC(=O)O[C@@H](C)[C@@H](C)[C@H]1O)C[C@H](O)[C@@H]2C(=O)O,
4994,3556_B3D,C[C@H]1CCCCC1(c1cccs1)N1CCCCC1,
4995,3557_B3D,C[C@H]1CCCC[C@@H]1C,
4996,3558_B3D,C[C@H]1CC[C@H](C)[C@@H](C)C1,
4997,3559_B3D,C[C@H]1CN(C)C[C@@H]2Cc3c(ccc4ccccc34)OC12O,
4998,3560_B3D,C[C@H]1CN(CCCn2c3ccccc3c3ccccc32)C[C@H](C)N1,
4999,3561_B3D,C[C@H]1CN2CC(=O)Nc3ccc(Cl)cc3C2(c2ccccc2)O1,
5000,3562_B3D,C[C@H]1COC2(c3ccccc3Cl)c3cc(Cl)ccc3NC(=O)CN12,
5001,3563_B3D,C[C@H]1C[C@@H]2[C@H]([C@@H](O)CC3(C)[C@@H](C(=O)O)CC[C@@H]23)C2(C)CCC(=O)C=C12,
5002,3564_B3D,C[C@H]1C[C@@H]2[C@H]([C@@H](O)CC3(C)[C@H]2CCC3(O)C(=O)CO)C2(C)C=CC(=O)C=C12,
5003,3565_B3D,C[C@H]1C[C@@H]2[C@H]([C@@H](O)CC3(C)[C@H]2CCC3(O)C(=O)COC(=O)CCC(=O)O)C2(C)C=CC(=O)C=C12,
5004,3566_B3D,C[C@H]1C[C@H]2[C@@H]3CC(F)(F)C4=CC(=O)C=CC4(C)C3(F)[C@@H](O)CC2(C)C1(O)C(=O)CO,
5005,3567_B3D,C[C@H]1C[C@H]2[C@@H]3CCC4=CC(=O)C=CC4(C)C3(Cl)[C@@H](Cl)CC2(C)C1(O)C(=O)CO,
5006,3568_B3D,C[C@H]1C[C@H]2[C@@H]3CCC4=CC(=O)C=CC4(C)C3(Cl)[C@@H](O)CC2(C)C1(O)C(=O)CCl,
5007,3569_B3D,C[C@H]1C[C@H]2[C@@H]3CCC4=CC(=O)C=CC4(C)C3(Cl)[C@@H](O)CC2(C)C1(O)C(=O)CO,
5008,3570_B3D,C[C@H]1C[C@H]2[C@@H]3CCC4=CC(=O)C=CC4(C)C3(Cl)[C@@H](O)CC2(C)C1(OC(=O)c1ccco1)C(=O)CCl,
5009,3571_B3D,C[C@H]1C[C@H]2[C@@H]3CCC4=CC(=O)C=CC4(C)C3(F)C(=O)CC2(C)C1(O)C(=O)CCl,
5010,3572_B3D,C[C@H]1C[C@H]2[C@@H]3CCC4=CC(=O)C=CC4(C)C3(F)C(O)CC2(C)C1(C)C(=O)CO,
5011,3573_B3D,C[C@H]1C[C@H]2[C@@H]3CCC4=CC(=O)C=CC4(C)C3(F)[C@@H](O)CC2(C)C1(O)C(=O)CCl,
5012,3574_B3D,C[C@H]1C[C@H]2[C@@H]3CCC4=CC(=O)C=CC4(C)C3(F)[C@@H](O)CC2(C)C1(O)C(=O)CO,
5013,3575_B3D,C[C@H]1C[C@H]2[C@@H]3CCC4=CC(=O)C=CC4(C)C3(F)[C@@H](O)CC2(C)C1(OC(=O)c1ccccc1)C(=O)CO,
5014,3576_B3D,C[C@H]1C[C@H]2[C@@H]3CCC4=CC(=O)C=CC4(C)C3(F)[C@@H](O)CC2(C)C1C(=O)CO,
5015,3577_B3D,C[C@H]1C[C@H]2[C@@H]3CCC4=CC(=O)C=CC4(C)[C@H]3C(=O)CC2(C)C1(O)C(=O)CO,
5016,3578_B3D,C[C@H]1C[C@H]2[C@@H]3C[C@H](F)C4=CC(=O)C(Cl)=CC4(C)C3(F)[C@@H](O)CC2(C)C1(O)C(=O)CO,
5017,3579_B3D,C[C@H]1C[C@H]2[C@@H]3C[C@H](F)C4=CC(=O)C=CC4(C)C3(Cl)C(O)CC2(C)C1C(=O)COC(=O)C(C)(C)C,
5018,3580_B3D,C[C@H]1C[C@H]2[C@@H]3C[C@H](F)C4=CC(=O)C=CC4(C)C3(Cl)[C@@H](F)CC2(C)C1C(=O)CO,
5019,3581_B3D,C[C@H]1C[C@H]2[C@@H]3C[C@H](F)C4=CC(=O)C=CC4(C)C3(Cl)[C@@H](F)CC2(C)[C@H]1C(=O)CO,
5020,3582_B3D,C[C@H]1C[C@H]2[C@@H]3C[C@H](F)C4=CC(=O)C=CC4(C)C3(Cl)[C@@H](O)CC2(C)C1C(=O)CO,
5021,3583_B3D,C[C@H]1C[C@H]2[C@@H]3C[C@H](F)C4=CC(=O)C=CC4(C)C3(F)C(O)CC2(C)C1C(=O)COC(=O)C(C)(C)C,
5022,3584_B3D,C[C@H]1C[C@H]2[C@@H]3C[C@H](F)C4=CC(=O)C=CC4(C)C3(F)[C@@H](O)CC2(C)C1(O)C(=O)CCl,
5023,3585_B3D,C[C@H]1C[C@H]2[C@@H]3C[C@H](F)C4=CC(=O)C=CC4(C)C3(F)[C@@H](O)CC2(C)C1(O)C(=O)CO,
5024,3586_B3D,C[C@H]1C[C@H]2[C@@H]3C[C@H](F)C4=CC(=O)C=CC4(C)C3(F)[C@@H](O)CC2(C)C1(O)C(=O)COC(=O)C(C)(C)C,
5025,3587_B3D,C[C@H]1C[C@H]2[C@@H]3C[C@H](F)C4=CC(=O)C=CC4(C)C3(F)[C@@H](O)CC2(C)C1(O)C(=O)SCF,
5026,3588_B3D,C[C@H]1C[C@H]2[C@@H]3C[C@H](F)C4=CC(=O)C=CC4(C)C3(F)[C@@H](O)CC2(C)C1C(=O)CO,
5027,3589_B3D,C[C@H]1C[C@H]2[C@@H]3C[C@H](F)C4=CC(=O)C=CC4(C)[C@H]3[C@@H](O)CC2(C)C1(O)C(=O)CO,
5028,3590_B3D,C[C@H]1C[C@H]2[C@@H]3C[C@H](F)C4=CC(=O)C=CC4(C)[C@H]3[C@@H](O)CC2(C)C1C(=O)CO,
5029,3591_B3D,C[C@H]1C[C@H]2[C@@H]3[C@@H](Cl)CC4=CC(=O)C=CC4(C)[C@H]3[C@@H](O)CC2(C)C1(O)C(=O)CO,
5030,3592_B3D,C[C@H]1c2ccccc2[C@H](CCCN(C)C)c2cc(C(F)(F)F)ccc21,
5031,3593_B3D,C[N+]1([O-])[C@H]2CC[C@H]1CC(OC(=O)[C@H](CO)c1ccccc1)C2,
5032,3594_B3D,C[N]C(=C\c1ccc(O)cc1)/C(=C/c1ccc(O)cc1)[N]C,
5033,3595_B3D,Cc1c(F)c(N2CCN[C@@H](C)C2)cc2c1c(=O)c(C(=O)O)cn2C1CC1,
5034,3596_B3D,Cc1c(O)cccc1C(=O)N[C@H](CSc1ccccc1)[C@@H](O)CN1C[C@H]2CCCC[C@H]2C[C@H]1C(=O)NC(C)(C)C,
5035,3597_B3D,Cc1cc(=O)c(C(=O)N[C@H](C(=O)NC2C(=O)N3C(C(=O)O)=C(CSc4nnnn4C)CS[C@@H]23)c2ccc(O)cc2)c[nH]1,
5036,3598_B3D,Cc1cc(=O)c(C(=O)N[C@H](C(=O)N[C@H]2C(=O)N3C(C(=O)O)=C(CSc4nnnn4C)CS[C@@H]23)c2ccc(O)cc2)c[nH]1,
5037,3599_B3D,Cc1cc(=O)n(-c2ccccc2)[nH]1,
5038,3600_B3D,Cc1cc(C)cc(OC[C@@H]2CNC(=O)O2)c1,
5039,3601_B3D,Cc1ccc2c(c1)C13CCCC[C@@H]1C(C2)N(C)CC3,
5040,3602_B3D,Cc1ccc2c(c1)[C@H]1CN(C)CC[C@@H]1N2,
5041,3603_B3D,Cc1ccc2c(c1)c1c3n2CCN[C@H]3CCC1,
5042,3604_B3D,Cc1cccc(C)c1OC[C@H](C)N,
5043,3605_B3D,Cc1cccc(Cl)c1NC(=O)/C=C1/SCC(=O)N1C,
5044,3606_B3D,Cc1cccc(N2C[C@@H](CO)OC2=O)c1,
5045,3607_B3D,Cc1cccc(OC[C@@H](O)CNC(C)C)c1,
5046,3608_B3D,Cc1cccc(O[C@H]2CCNC[C@@H]2O)c1C,
5047,3609_B3D,Cc1cccc2c1Oc1ccccc1C1(O)CCN(C)C[C@H]21,
5048,3610_B3D,Cc1cccc2c1Oc1ccccc1C1(O)CCNC[C@H]21,
5049,3611_B3D,Cc1ccccc1OC[C@@H](CO[C@H](O)C(Cl)(Cl)Cl)O[C@H](O)C(Cl)(Cl)Cl,
5050,3612_B3D,Cc1ccsc1C(=CCCN1CCC[C@H](C(=O)O)C1)c1sccc1C,
5051,3613_B3D,Cc1cn([C@@H]2C=C[C@@H](CO)O2)c(=O)[nH]c1=O,
5052,3614_B3D,Cc1cn([C@@H]2C[C@H](F)[C@H](CO)O2)c(=O)[nH]c1=O,
5053,3615_B3D,Cc1cn([C@@H]2C[C@H](N=[N+]=[N-])[C@@H](CO)O2)c(=O)[nH]c1=O,
5054,3616_B3D,Cc1cn[o+]c(C(N)CC(C)C(C)(C)N(C(C)(C)C)C(C)(N)N)c1O,
5055,3617_B3D,Cc1cnn(-c2c(Cl)cccc2Cl)c1C(=O)NC1C(=O)N2[C@H]1SC(C)(C)[C@@H]2C(=O)O,
5056,3618_B3D,Cc1nc(Nc2ccc(F)cc2)nc(N2CCc3ccccc3[C@@H]2C)c1C,
5057,3619_B3D,Cc1nc2cc(CN[C@H]3CCCN[C@H]3c3ccccc3)c(OC(C)C)cc2s1,
5058,3620_B3D,Cc1nc2n(c(=O)c1CCN1CCC(c3noc4cc(F)ccc34)CC1)CCC[C@@H]2O,
5059,3621_B3D,Cc1nc2n(c(=O)c1CCN1CCC(c3noc4cc(F)ccc34)CC1)C[C@@H](O)CC2,
5060,3622_B3D,Cc1ncc([N+](=O)[O-])n1C[C@H](O)CCl,
5061,3623_B3D,Cc1ncc2n1-c1ccc(Cl)cc1C(c1ccccc1F)=N[C@H]2O,
5062,3624_B3D,Cc1nccn1C[C@@H]1CCc2c(c3ccccc3n2C)C1=O,
5063,3625_B3D,Cc1nccn1[C@@H](C)c1ccccc1,
5064,3626_B3D,Cc1nnc(SCC2=C(C(=O)O)N3C(=O)C(NC(=O)Cn4cc(Cl)c(=O)c(Cl)c4)[C@@H]3SC2)s1,
5065,3627_B3D,Cc1nnc(SCC2=C(C(=O)O)N3C(=O)C(NC(=O)Cn4cnnn4)[C@@H]3SC2)s1,
5066,3628_B3D,Cc1nnc(SCC2=C(C(=O)O)N3C(=O)C(NC(=O)[C@@H](N)c4ccc(O)cc4)[C@@H]3SC2)s1,
5067,3629_B3D,Cc1nnc(SCC2=C(C(=O)O)N3C(=O)C(NC(=O)[C@@H](O)c4ccccc4)[C@@H]3SC2)s1,
5068,3630_B3D,Cc1nnc(SCC2=C(C(=O)OCc3oc(=O)oc3C)N3C(=O)C(NC(=O)[C@@H](OC(=O)[C@H](C)N)c4ccccc4)[C@@H]3SC2)s1,
5069,3631_B3D,Cc1nnc2n1-c1ccc(Cl)cc1C(c1ccccc1)=N[C@H]2O,
5070,3632_B3D,Cc1oc(=O)oc1COC(=O)[C@@H]1N2C(=O)C(NC(=O)[C@@H](N)c3ccccc3)[C@@H]2SC1(C)C,
5071,3633_B3D,Cc1oc(C(C)(C)N(C(C)(C)N)C(C)(C)N)c(C)c1C,
5072,3634_B3D,Cc1onc(-c2c(Cl)cccc2Cl)c1C(=O)NC1C(=O)N2[C@H]1SC(C)(C)[C@@H]2C(=O)O,
5073,3635_B3D,Cc1onc(-c2c(F)cccc2Cl)c1C(=O)NC1C(=O)N2[C@H]1SC(C)(C)[C@@H]2C(=O)O,
5074,3636_B3D,Cc1onc(-c2ccccc2)c1C(=O)NC1C(=O)N2[C@H]1SC(C)(C)[C@@H]2C(=O)O,
5075,3637_B3D,Cc1onc(-c2ccccc2Cl)c1C(=O)NC1C(=O)N2[C@H]1SC(C)(C)[C@@H]2C(=O)O,
5076,3638_B3D,Cl/C(=C/n1cncn1)c1ccc(Cl)cc1Cl,
5077,3639_B3D,Clc1ccc(C2C3CCC(C3)C23CCC(N2CCOCC2)=N3)cc1,
5078,3640_B3D,Clc1ccc(CO[C@H](Cn2ccnc2)c2ccc(Cl)cc2Cl)c(Cl)c1,
5079,3641_B3D,Clc1ccc(CO[C@H](Cn2ccnc2)c2ccc(Cl)cc2Cl)cc1,
5080,3642_B3D,Clc1ccc([C@@H](OCCN2CCOCC2)c2ccccc2)cc1,
5081,3643_B3D,Clc1ccc2c(c1)/C(=C/[C@H]1CN3CCC1CC3)c1ccccc1S2,
5082,3644_B3D,Clc1ccc2c(c1)/C(=C\[C@H]1CN3CCC1CC3)c1ccccc1S2,
5083,3645_B3D,Clc1cccc(Cl)c1N[C@H]1N=CCN1,
5084,3646_B3D,Cn1c(=O)c2c(ncn2CCNC[C@@H](O)c2ccc(O)c(O)c2)n(C)c1=O,
5085,3647_B3D,Cn1nnnc1SCC1=C(C(=O)O)N2C(=O)C(NC(=O)CS/C=C/C#N)[C@@H]2SC1,
5086,3648_B3D,Cn1nnnc1SCC1=C(C(=O)O)N2C(=O)C(NC(=O)CS/C=C\C#N)[C@@H]2SC1,
5087,3649_B3D,Cn1nnnc1SCC1=C(C(=O)O)N2C(=O)C(NC(=O)CSC(F)(F)F)[C@@H]2SC1,
5088,3650_B3D,Cn1nnnc1SCC1=C(C(=O)O)N2C(=O)C(NC(=O)[C@@H](O)c3ccccc3)[C@@H]2SC1,
5089,3651_B3D,FC(F)(F)C[C@@H](Cl)Br,
5090,3652_B3D,FC(F)(F)[C@@H](Cl)Br,
5091,3653_B3D,FC(F)(F)c1cccc(N2CCN(CCc3nnc4n3C[C@H]3CCC[C@H]43)CC2)c1,
5092,3654_B3D,FC(F)OC(F)(F)[C@@H](F)Cl,
5093,3655_B3D,FC(F)O[C@@H](Cl)C(F)(F)F,
5094,3656_B3D,FC(F)O[C@@H](F)C(F)(F)F,
5095,3657_B3D,FC(F)Oc1ccc(OC(F)(F)F)cc1CN[C@H]1CCCN[C@H]1c1ccccc1,
5096,3658_B3D,F[C@@H](Br)C(F)(F)F,
5097,3659_B3D,F[C@@H](Br)CC(F)(F)F,
5098,3660_B3D,Fc1ccc([C@H]2CCNC[C@H]2COc2ccc3c(c2)OCO3)cc1,
5099,3661_B3D,N#CC(=C/c1ccc(O)cc1)/C(C#N)=C\c1ccc(O)cc1,
5100,3662_B3D,N#CCCN1C(=O)[C@H](O)N=C(c2ccccc2F)c2cc(Cl)ccc21,
5101,3663_B3D,N#CCN[C@H]1CCc2ccccc21,
5102,3664_B3D,NC1=NC(=O)[C@H](c2ccccc2)O1,
5103,3665_B3D,NC(=O)CN1C(=O)[C@@H](c2ccccc2)c2ccccc21,
5104,3666_B3D,NC(=O)CN1C[C@@H](O)CC1=O,
5105,3667_B3D,NC(=O)OCC1C(NC(=O)/C(=N/OCC(=O)O)c2csc(N)n2)C(=O)N1S(=O)(=O)O,
5106,3668_B3D,NC(=O)OCC1C(NC(=O)/C(=N\OCC(=O)O)c2csc(N)n2)C(=O)N1S(=O)(=O)O,
5107,3669_B3D,NC(=O)OC[C@@H](O)COc1ccc(Cl)cc1,
5108,3670_B3D,NC(=O)[C@@H]1CCCCO1,
5109,3671_B3D,NC(=O)c1ccc(F)c2c1C[C@H](N(C1CCC1)C1CCC1)CO2,
5110,3672_B3D,NC(=O)c1ncn([C@H]2O[C@@H](CO)[C@@H](O)[C@@H]2O)n1,
5111,3673_B3D,NC(N)=NC[C@H]1COC2(CCCCC2)O1,
5112,3674_B3D,NC1[C@@H]2CN(c3nc4c(cc3F)c(=O)c(C(=O)O)cn4-c3ccc(F)cc3F)C[C@@H]12,
5113,3675_B3D,NCC[C@H](O)C(=O)N[C@H]1C[C@H](N)[C@H](O[C@@H]2O[C@@H](CN)[C@@H](O)[C@H](O)[C@@H]2O)[C@H](O)[C@H]1O[C@H]1O[C@@H](CO)[C@@H](O)[C@H](N)[C@@H]1O,
5114,3676_B3D,NCC[C@H](O)C(=O)N[C@H]1C[C@H](N)[C@H](O[C@@H]2O[C@H](CN)CC[C@@H]2N)[C@H](O)[C@H]1O[C@H]1O[C@@H](CO)[C@@H](O)[C@H](N)[C@@H]1O,
5115,3677_B3D,NCC[C@H](O)CN[C@H]1C[C@H](N)[C@H](O[C@@H]2O[C@@H](CN)[C@@H](O)[C@H](O)[C@@H]2O)[C@H](O)[C@H]1O[C@H]1O[C@@H](CO)[C@@H](O)[C@H](N)[C@@H]1O,
5116,3678_B3D,NCC[C@H](Oc1ccc(C(F)(F)F)cc1)c1ccccc1,
5117,3679_B3D,NC[C@@H](O)c1ccc(O)c(O)c1,
5118,3680_B3D,NC[C@@H](O)c1cccc(O)c1,
5119,3681_B3D,NC[C@@H]1CC(=O)N(Cc2ccccc2)C1,
5120,3682_B3D,NC[C@@H]1CC[C@H](N)[C@H](O[C@H]2[C@@H](N)C[C@H](N)[C@H](O[C@H]3O[C@@H](CO)[C@@H](O)[C@H](N)[C@@H]3O)[C@H]2O)O1,
5121,3683_B3D,NC[C@@H]1O[C@@H](O[C@@H]2C(CO)O[C@@H](O[C@H]3[C@@H](O)[C@@H](N)C[C@H](N)[C@@H]3O[C@@H]3O[C@@H](CN)[C@@H](O)[C@@H](O)[C@@H]3N)[C@H]2O)[C@@H](N)[C@H](O)[C@@H]1O,
5122,3684_B3D,NC[C@@H]1O[C@@H](O[C@H]2[C@@H](N)C[C@H](N)[C@H](O)[C@@H]2O)[C@@H](N)[C@H](O)[C@@H]1O,
5123,3685_B3D,NC[C@@H]1O[C@@H](O[C@H]2[C@@H](N)C[C@H](N)[C@H](O[C@H]3O[C@@H](CO)[C@@H](O)[C@H](N)[C@@H]3O)[C@@H]2O)[C@@H](O)[C@@H](O)[C@@H]1O,
5124,3686_B3D,NC[C@@H]1O[C@@H](O[C@H]2[C@@H](N)C[C@H](N)[C@H](O[C@H]3O[C@@H](CO)[C@@H](O)[C@H](N)[C@@H]3O)[C@H]2O)[C@@H](N)C[C@@H]1O,
5125,3687_B3D,NC[C@@H]1O[C@@H](O[C@H]2[C@@H](N)C[C@H](N)[C@H](O[C@H]3O[C@@H](CO)[C@@H](O)[C@H](N)[C@@H]3O)[C@H]2O)[C@@H](N)[C@H](O)[C@@H]1O,
5126,3688_B3D,NC[C@@H]1O[C@@H](O[C@H]2[C@@H](N)C[C@H](NC(CO)CO)[C@H](O[C@H]3O[C@@H](CO)[C@@H](O)[C@H](N)[C@@H]3O)[C@H]2O)[C@@H](N)[C@H](O)[C@@H]1O,
5127,3689_B3D,NCc1ccccc1CC(=O)NC1C(=O)N2C(C(=O)O)=C(CSc3nnnn3CC(=O)O)CS[C@@H]12,
5128,3690_B3D,NCc1ccccc1Sc1ccccc1CO,
5129,3691_B3D,NS(=O)(=O)c1cc2c(cc1Cl)N[C@H](C(Cl)Cl)NS2(=O)=O,
5130,3692_B3D,NS(=O)(=O)c1ccc(N2C(=O)C[C@@H](c3ccccc3)C2=O)c(Cl)c1,
5131,3693_B3D,N[C@@H](CO)C(=O)NNCc1ccc(O)c(O)c1O,
5132,3694_B3D,N[C@@H](Cc1c[nH]c2ccc(O)cc12)C(=O)O,
5133,3695_B3D,N[C@@H](Cc1ccc(N(CCCl)CCCl)cc1)C(=O)O,
5134,3696_B3D,N[C@H](C(=O)NC1C(=O)N2C(C(=O)O)=C(CSc3cnn[nH]3)CS[C@@H]12)c1ccc(O)cc1,
5135,3697_B3D,N[C@H](C(=O)NC1C(=O)N2C(C(=O)O)=C(Cl)CC[C@@H]12)c1ccccc1,
5136,3698_B3D,N[C@H](C(=O)NC1C(=O)N2C(C(=O)O)=C(Cl)CS[C@@H]12)c1ccccc1,
5137,3699_B3D,N[C@H]1CCC[C@H]1c1ccccc1,
5138,3700_B3D,N[C@H]1CONC1=O,
5139,3701_B3D,N[C@H]1C[C@H]1c1ccccc1,
5140,3702_B3D,Nc1c2c(nc3ccccc13)CCC[C@@H]2O,
5141,3703_B3D,Nc1cc(OCC2CC2)c(C(=O)N[C@@H]2CN3CCC2CC3)cc1Cl,
5142,3704_B3D,Nc1cccc(CN2CCC(NC(=O)C(O)(c3ccccc3)[C@H]3CCC(F)(F)C3)CC2)n1,
5143,3705_B3D,Nc1ccn([C@@H]2C[C@@H](CO)[C@@H](CO)O2)c(=O)n1,
5144,3706_B3D,Nc1ccn([C@H]2O[C@@H](CO)[C@@H](O)[C@@H]2O)c(=O)n1,
5145,3707_B3D,Nc1nc(/C(=C/CC(=O)O)C(=O)NC2C(=O)N3C(C(=O)O)=CCS[C@@H]23)cs1,
5146,3708_B3D,Nc1nc(/C(=C\CC(=O)O)C(=O)NC2C(=O)N3C(C(=O)O)=CCS[C@@H]23)cs1,
5147,3709_B3D,Nc1nc(Cl)nc2c1ncn2[C@@H]1C[C@H](O)[C@H](CO)O1,
5148,3710_B3D,Nc1nc(NC2CC2)c2ncn([C@@H]3C=C[C@@H](CO)C3)c2n1,
5149,3711_B3D,Nc1nc2c(c(=O)[nH]1)N(C=O)[C@@H](CNc1ccc(C(=O)N[C@@H](CCC(=O)O)C(=O)O)cc1)CN2,
5150,3712_B3D,Nc1nc2c(ncn2CC[C@H](O)CO)c(=O)[nH]1,
5151,3713_B3D,Nc1ncnc2c1ncn2[C@H]1O[C@@H](CO)[C@@H](O)[C@@H]1O,
5152,3714_B3D,O=C(C1CCCCC1)N1CC(=O)N2CCc3ccccc3[C@H]2C1,
5153,3715_B3D,O=C(CCCN1CCN2CCC[C@H]2C1)c1ccc(F)cc1,
5154,3716_B3D,O=C(CCCN1CCN2Cc3[nH]c4ccccc4c3C[C@H]2C1)c1ccc(F)cc1,
5155,3717_B3D,O=C(CN1CCC23CCCC[C@@H]2C1Cc1ccc(O)cc13)c1ccccc1,
5156,3718_B3D,O=C(CN1CC[C@H](c2ccc(F)cc2)[C@H](COc2ccc3c(c2)OCO3)C1)c1ccc(F)cc1,
5157,3719_B3D,O=C(C[C@H]1c2ccccc2C(=O)N1c1ccc2ccc(Cl)nc2n1)N1CCC2(CC1)OCCO2,
5158,3720_B3D,O=C(Cc1ccc(Cl)c(Cl)c1)N1CCN(CCO)C[C@@H]1CN1CC[C@H](O)C1,
5159,3721_B3D,O=C(Cc1ccc(Cl)c(Cl)c1)N1CCc2[nH]cnc2[C@@H]1CN1CCCC1,
5160,3722_B3D,O=C(Cc1ccc(Cl)c(Cl)c1)N1CCc2[nH]cnc2[C@@H]1CN1CC[C@H](O)C1,
5161,3723_B3D,O=C(Cc1ccc(Cl)c(Cl)c1)N1CCc2ccsc2[C@@H]1CN1CCCC1,
5162,3724_B3D,O=C(Cc1ccc(Cl)c(Cl)c1)N1CCc2occc2[C@H]1CN1CCC(O)C1,
5163,3725_B3D,O=C(Cc1ccc(Cl)c(Cl)c1)N1CCn2ccnc2[C@@H]1CN1CCCC1,
5164,3726_B3D,O=C(Cc1ccc(Cl)c(Cl)c1)N1CCn2ccnc2[C@@H]1CN1CC[C@H](O)C1,
5165,3727_B3D,O=C(Cc1ccc(Cl)c(Cl)c1)N1CCn2ncnc2[C@@H]1CN1CCCC1,
5166,3728_B3D,O=C(Cc1cccs1)NC1C(=O)N2C(C(=O)O)=C(CSc3ncn[nH]3)CS[C@@H]12,
5167,3729_B3D,O=C(Cn1cnnn1)NC1C(=O)N2C(C(=O)O)=C(CSc3nncs3)CS[C@@H]12,
5168,3730_B3D,O=C(N[C@@H](CO)[C@@H](O)c1ccc([N+](=O)[O-])cc1)C(Cl)Cl,
5169,3731_B3D,O=C(O)C1=C(CSc2nnnn2CS(=O)(=O)O)CS[C@H]2C(NC(=O)[C@@H](O)c3ccccc3)C(=O)N12,
5170,3732_B3D,O=C(O)CCCC[C@@H]1SC[C@H]2NC(=O)N[C@@H]21,
5171,3733_B3D,O=C(O)COCCN1CCN([C@@H](c2ccccc2)c2ccc(Cl)cc2)CC1,
5172,3734_B3D,O=C(O)c1cc(=O)c2cc(OC[C@H](O)COc3cccc4oc(C(=O)O)cc(=O)c34)ccc2o1,
5173,3735_B3D,O=C(O[C@@H]1CN2CCC1CC2)c1ccccc1,
5174,3736_B3D,O=C(Oc1ccccc1)c1ccccc1O,
5175,3737_B3D,O=C1C2[C@@H](C(=O)N1CCCCN1CCN(c3ncccn3)CC1)[C@H]1C=C[C@H]2[C@H]2C=C[C@@H]21,
5176,3738_B3D,O=C1CC2(CCCC2)CC(=O)N1CCNC[C@H]1COc2ccccc2O1,
5177,3739_B3D,O=C1CC2c3cc(Cl)ccc3OC3(CCNC[C@H]23)N1,
5178,3740_B3D,O=C1CCC(=O)N1C[C@H]1CC[C@H]2CN(c3ncccn3)CCN2C1,
5179,3741_B3D,O=C1CCC2(O)C3Cc4ccc(O)c5c4C2(CCN3CC2CC2)C1O5,
5180,3742_B3D,O=C1CCN=C2C[C@@H](c3ccccc3)CN12,
5181,3743_B3D,O=C1CC[C@@H](C(=O)N2CCCCC2)N1,
5182,3744_B3D,O=C1CC[C@@H](C(=O)N[C@H]2C[C@H]2c2ccccc2)N1,
5183,3745_B3D,O=C1CC[C@@H]2C3Cc4cccc(O)c4C2(CCN3CC2CC2)C1,
5184,3746_B3D,O=C1CC[C@H](N2C(=O)[C@H]3C4CCC(C4)[C@@H]3C2=O)C(=O)N1,
5185,3747_B3D,O=C1CC[C@H](N2C(=O)c3ccccc3C2=O)C(=O)N1,
5186,3748_B3D,O=C1CN(C(=O)CN2C[C@H](c3ccc(Cl)cc3)CC2=O)CCN1,
5187,3749_B3D,O=C1CN2C(=O)CC[C@H]2N1,
5188,3750_B3D,O=C1CN=C(c2ccccc2F)c2cc(Cl)ccc2N1C[C@H](O)CO,
5189,3751_B3D,O=C1C[C@@H](c2cccc(Br)c2)C(=O)N1,
5190,3752_B3D,O=C1C[C@@H]2S[C@H](C3(O)CN4C(=O)C[C@@H]4S3)CN12,
5191,3753_B3D,O=C1N([C@@H](O)C(Cl)(Cl)Cl)CNC1(c1ccccc1)c1ccccc1,
5192,3754_B3D,O=C1NC(=NC2CC2)O[C@H]1c1ccccc1,
5193,3755_B3D,O=C1NC(=O)C(C[C@@H]2CCCCN2)(c2ccccc2)C(=O)N1,
5194,3756_B3D,O=C1NC(=O)C2(CCN(C(=O)Cc3ccc(Cl)c(Cl)c3)[C@H](CN3CCCC3)C2)N1,
5195,3757_B3D,O=C1NC(=O)C2(c3ccc(Cl)cc3)C[C@H]12,
5196,3758_B3D,O=C1NC(c2ccccc2)(c2ccccc2)C(=O)N1CP(=O)(O)O,
5197,3759_B3D,O=C1NCCC[C@@H]1N1C(=O)c2ccccc2S1(=O)=O,
5198,3760_B3D,O=C1NCCN1C1CCN(CC[C@H]2COc3ccccc3O2)CC1,
5199,3761_B3D,O=C1NCCN[C@@H]1c1cccs1,
5200,3762_B3D,O=C1NCN(c2ccccc2)C12CCN(C[C@H]1COc3ccccc3O1)CC2,
5201,3763_B3D,O=C1N[C@@H]2CCCCN2C12CCN(CCCN1c3ccccc3CCc3ccc(Cl)cc31)CC2,
5202,3764_B3D,O=C1N[C@H](CCCl)Oc2ccccc21,
5203,3765_B3D,O=C1Nc2ccc(Cl)cc2C(C#CC2CC2)(C(F)(F)F)O1,
5204,3766_B3D,O=C1Nc2ccc(Cl)cc2C(c2ccccc2Cl)=N[C@H]1O,
5205,3767_B3D,O=C1Nc2ccc(Cl)nc2C(c2ccccc2Cl)=N[C@H]1O,
5206,3768_B3D,O=C1OCC[C@H]1C1(O)CCN(CCCN2c3ccccc3Sc3ccc(Cl)cc32)CC1,
5207,3769_B3D,O=C1O[C@@H]([C@@H](O)CO)C(O)=C1O,
5208,3770_B3D,O=C1[C@H](O)N=C(c2ccccc2F)c2cc(Cl)ccc2N1CCO,
5209,3771_B3D,O=C1[C@H]2C3CCC(C3)[C@@H]2C(=O)N1CCCCN1CCN(c2ncccn2)CC1,
5210,3772_B3D,O=C1[C@H]2CCCC[C@@H]2C(=O)N1CCCCN1CCN(c2nsc3ccccc23)CC1,
5211,3773_B3D,O=S(=O)(c1ccc2cc[nH]c2c1)N1CCC[C@H]1CCN1CCC(Oc2cccc(Cl)c2)CC1,
5212,3774_B3D,O=[N+]([O-])C1=CC=N[C@@H]1NCCSCc1ccccn1,
5213,3775_B3D,O=[N+]([O-])C1=CC=N[C@@H]1NCCSCc1ncccc1Br,
5214,3776_B3D,O=[N+]([O-])c1nccn1C[C@H](O)CF,
5215,3777_B3D,O=[N+]([O-])c1nccn1C[C@H](O)COCF,
5216,3778_B3D,O=c1[nH]c(=O)n([C@@H]2C[C@H](O)[C@H](CO)O2)cc1F,
5217,3779_B3D,O=c1[nH]c2cc(Cl)ccc2n1C1CCN(C[C@H]2COc3ccccc3O2)CC1,
5218,3780_B3D,O=c1[nH]c2ccccc2c(=O)n1CCN1C[C@H]2CC(c3ccc(F)cc3)[C@@H]2C1,
5219,3781_B3D,O=c1[nH]cnc2c1ncn2[C@@H]1CC[C@@H](CO)O1,
5220,3782_B3D,O=c1c(Br)ccc2n1C[C@@H]1CNC[C@@H]2C1,
5221,3783_B3D,O=c1c(O[C@@H]2O[C@@H](CO)[C@@H](O)[C@H](O)[C@@H]2O)c(-c2ccc(O)c(O)c2)oc2cc(O)cc(O)c12,
5222,3784_B3D,O=c1cccc2n1C[C@@H]1CNC[C@@H]2C1,
5223,3785_B3D,O=c1cccc2n1C[C@@H]1CN[C@@H](Br)[C@H]2C1,
5224,3786_B3D,O=c1ccn([C@H]2O[C@@H](CO)[C@@H](O)[C@@H]2O)c(=O)[nH]1,
5225,3787_B3D,OC(c1ccccc1)(c1ccccc1)C1C[C@@H]1c1ccncc1,
5226,3788_B3D,OC(c1ccccc1)(c1ccccc1)[C@@H]1CCCCN1,
5227,3789_B3D,OC1(c2ccccc2Cl)C2=NCCCN2c2ccccc21,
5228,3790_B3D,OCC(Br)(Br)Br,
5229,3791_B3D,OCCC1CCN(CC/C=C2/c3ccc(F)cc3Sc3ccc(C(F)(F)F)cc32)CC1,
5230,3792_B3D,OCCCN1CCN(CCC[C@H]2c3ccccc3Sc3ccc(Cl)cc32)CC1,
5231,3793_B3D,OCCN1CCCN(CCCN2c3ccccc3C=Cc3ccccc32)CC1,
5232,3794_B3D,OCCN1CCN(C2CC(c3ccc(F)cc3)c3ccc(C(F)(F)F)cc32)CC1,
5233,3795_B3D,OCCN1CCN(CCC[C@H]2c3ccc(F)cc3Sc3ccc(C(F)(F)F)cc32)CC1,
5234,3796_B3D,OCCOCCOCCN1CCN([C@@H](c2ccccc2)c2ccc(Cl)cc2)CC1,
5235,3797_B3D,OC[C@@H]1O[C@H](n2cnc3c2NC=NC[C@@H]3O)C[C@@H]1O,
5236,3798_B3D,OC[C@H](O)[C@@H]1O[C@H]2O[C@@H](C(Cl)(Cl)Cl)O[C@H]2[C@H]1O,
5237,3799_B3D,OC[C@H](O)[C@H](O)[C@@H](O)[C@@H](O)CO,
5238,3800_B3D,OCc1ccccc1O[C@@H]1O[C@@H](CO)[C@@H](O)[C@H](O)[C@@H]1O,
5239,3801_B3D,ON1C=C(NCC2CC2)N=c2ccc(Cl)cc2=C1c1ccccc1,
5240,3802_B3D,O[C@@H](CCCN1CCc2c(c3cc(F)ccc3n2-c2ccc(F)cc2)C1)c1ccc(F)cc1,
5241,3803_B3D,O[C@@H](CN1CCCCC1)c1cc(-c2ccccc2)on1,
5242,3804_B3D,O[C@@H](OCC(CO[C@H](O)C(Cl)(Cl)Cl)(CO[C@H](O)C(Cl)(Cl)Cl)CO[C@H](O)C(Cl)(Cl)Cl)C(Cl)(Cl)Cl,
5243,3805_B3D,O[C@@H](c1cc(C(F)(F)F)nc2c(C(F)(F)F)cccc12)[C@@H]1CCCCN1,
5244,3806_B3D,O[C@H](Cn1ccnc1)c1ccc(CCc2ccccc2)cc1,
5245,3807_B3D,Oc1ccc2c(c1)C13CCCCC1(O)C(C2)N(CC1CC1)CC3,
5246,3808_B3D,Oc1ccc2c(c1)C13CCCCC1(O)C(C2)N(CC1CCC1)CC3,
5247,3809_B3D,Oc1ccc2c(c1)C13CCCC[C@@H]1C(C2)N(CCc1ccccc1)CC3,
5248,3810_B3D,Oc1ccc2c(c1)C13CCCC[C@@H]1C(C2)NCC3,
5249,3811_B3D,Oc1ccc2c(c1)C13CCN(CC4CC4)C(C2)[C@H]1CCOC3,
5250,3812_B3D,Oc1ccc2c3c1O[C@@H]1[C@@H](O)C=C[C@@H]4C(C2)NCCC341,
5251,3813_B3D,Oc1ccc2c3c1O[C@@H]1[C@@H](O)CCC4(O)C(C2)N(CC2CCC2)CCC314,
5252,3814_B3D,S=C1NCC[C@@H](COc2ccccc2)O1,
5253,3815_B3D,[N-]=[N+]=NCC(=O)N[C@@H](CO)[C@@H](O)c1ccc([N+](=O)[O-])cc1,
5254,3816_B3D,c1ccc(C[C@@H]2NCCc3c2[nH]c2ccccc32)cc1,
5255,3817_B3D,c1ccc([C@@H]2CCN(C[C@H]3CCCc4c3ccc3c4OCO3)C2)cc1,
5256,3818_B3D,c1ccc([C@H]2CN=C3NCCN32)cc1,
5257,3819_B3D,c1ccc2c(c1)CCN1CCNC[C@H]21,
5258,3820_B3D,c1ccc2c(c1)CCc1cccc3c1[C@H]2CN1CCCC[C@@H]31,
5259,3821_B3D,c1cnc2c(c1)C(Cc1ccncc1)(Cc1ccncc1)c1cccnc1-2,
5260,3822_B3D,c1csc(Cc2ccccc2OC[C@@H]2CNCCO2)c1,
5261,3823_B3D,CC(=O)c1c(C)nn(CCC(=O)N2CCC[C@H]2c2n[nH]c(C)n2)c1C,
5262,3824_B3D,CC(=O)c1c2c(c3oc(=O)cc(C)c3c1O)[C@@H](c1cc(F)c(F)c(F)c1)CC(=O)O2,
5263,3825_B3D,CC(=O)c1ccc2c(c1O)[C@@H](c1ccc(F)c(Cl)c1)CC(=O)O2,
5264,3826_B3D,CC(=O)c1ccc2c(c1O)[C@@H](c1cnn(C)c1)CC(=O)O2,
5265,3827_B3D,CC(=O)c1ccc2c(c1O)[C@H](c1ccc(F)c(Cl)c1)CC(=O)O2,
5266,3828_B3D,CC(C)(C)OC(=O)N[C@@]1(CN)[C@H](c2ccccc2)[C@@H]1S(=O)(=O)c1ccc(Cl)cc1,
5267,3829_B3D,CC(C)(C)OC(=O)N[C@]1(C=O)C[C@H]1S(=O)(=O)c1ccc(Cl)cc1,
5268,3830_B3D,CC(C)(C)OC(=O)N[C@]1(C=O)[C@@H](S(C)(=O)=O)[C@@H]1c1ccc2c(c1)OCO2,
5269,3831_B3D,CC(C)C1CCC(C(=O)N[C@@H](Cc2ccccc2)C(=O)N2CCCC[C@H]2c2cccnc2)CC1,
5270,3832_B3D,CC(C)Oc1cccc(CCCNC(=O)[C@@H](C)SCc2ccccc2)c1,
5271,3833_B3D,CC(C)[C@@H]1CC[C@@H](C)C[C@@H]1OC(=O)Cn1nc(-c2ccco2)oc1=O,
5272,3834_B3D,CC(C)c1ccc(CCCNC(=O)[C@@H](C)SCc2ccccc2)cc1,
5273,3835_B3D,CC(C)c1nnc(N2CCn3nc([C@@H](O)c4nccn4C)cc3C2)s1,
5274,3836_B3D,CC(O)C1([SiH3])CCCCO1,
5275,3837_B3D,CC1CCN(c2ccc([C@@H](C)NC(=O)CCSc3ccccc3)cc2)CC1,
5276,3838_B3D,CC1Cc2ccccc2N(C(=O)c2ccnc(F)c2F)C1,
5277,3839_B3D,CCCO[C@H](C)c1ccc(C)c(N)c1,
5278,3840_B3D,CCCOc1ccccc1CCCNC(=O)CSCc1ccc(OC)cc1,
5279,3841_B3D,CCCOc1ccccc1CCCNC(=O)c1ccc([N+](=O)[O-])cc1Cl,
5280,3842_B3D,CCCn1ncnc1CC(NN)c1ccc(Br)cc1F,
5281,3843_B3D,CCN(CCCNS(=O)(=O)N1C[C@H](C)O[C@@H](C)C1)c1ccccc1,
5282,3844_B3D,CCOC(=O)C1(C(=O)OCC)[C@H](c2ccc(OC)cc2)[C@H]1S(=O)(=O)c1ccccc1,
5283,3845_B3D,CCOC(=O)[C@@]1(C#N)[C@H](c2ccc(OC)cc2)[C@@H]1S(=O)(=O)c1ccc(Cl)cc1,
5284,3846_B3D,CCOC(=O)[C@@]1(CN)[C@@H](S(=O)(=O)CC)[C@@H]1c1ccc(OC)cc1,
5285,3847_B3D,CCOC(=O)[C@]1(CN)[C@H](c2ccc(OC)cc2)[C@@H]1S(=O)(=O)CC,
5286,3848_B3D,CCOC(=O)[C@]1(N)[C@@H](S(=O)(=O)CC)[C@@H]1c1ccc2c(c1)OCO2,
5287,3849_B3D,CCOC(=O)[C@]1(N)[C@@H](S(=O)(=O)c2ccc(C)cc2)[C@@H]1c1ccccc1,
5288,3850_B3D,CCOC(=O)[C@]1(N)[C@@H](S(C)(=O)=O)[C@@H]1c1ccc2c(c1)OCO2,
5289,3851_B3D,CCOC(=O)c1c[nH]c(=O)c2c1OC(=O)C[C@@H]2c1ccc2c(c1)n(C)c(=O)n2C,
5290,3852_B3D,CCOC(=O)c1c[nH]c(=O)c2c1OC(=O)C[C@H]2c1cc(Cl)c2c(c1)OCO2,
5291,3853_B3D,CCOC[C@@]1(C(N)=S)[C@@H](S(C)(=O)=O)[C@@H]1c1ccc(OC)cc1,
5292,3854_B3D,CCOC[C@@]1(C(N)=S)[C@H](c2ccc(CC)cc2)[C@@H]1S(=O)(=O)c1ccc(Cl)cc1,
5293,3855_B3D,CCOC[C@@]1(C(N)=S)[C@H](c2ccc(OC)cc2)[C@@H]1S(=O)(=O)CC,
5294,3856_B3D,CCOC[C@@]1(CN)[C@H](c2ccc(OC)cc2)[C@@H]1S(C)(=O)=O,
5295,3857_B3D,CCOC[C@@]1(N)[C@@H](S(=O)(=O)c2ccccc2)[C@@H]1c1ccc(OC)cc1,
5296,3858_B3D,CCOC[C@]1(C#N)[C@@H](S(=O)(=O)c2ccc(Cl)cc2)[C@@H]1c1ccccc1,
5297,3859_B3D,CCOC[C@]1(C(N)=S)[C@@H](S(=O)(=O)c2ccccc2)[C@@H]1c1ccc(OC)cc1,
5298,3860_B3D,CCOC[C@]1(CN)[C@@H](S(C)(=O)=O)[C@@H]1c1ccc2c(c1)OCO2,
5299,3861_B3D,CCOC[C@]1(CN)[C@H](c2ccc3c(c2)OCO3)[C@@H]1S(C)(=O)=O,
5300,3862_B3D,CCOC[C@]1(N)[C@@H](S(=O)(=O)c2ccc(C)cc2)[C@@H]1c1ccc2c(c1)OCO2,
5301,3863_B3D,CCOC[C@]1(N)[C@@H](S(=O)(=O)c2ccccc2)[C@@H]1c1ccc(OC)cc1,
5302,3864_B3D,CCOc1ccc(CCCNC(=O)[C@@H](C)SCc2ccccc2)cc1,
5303,3865_B3D,CCOc1ccc(CCCNC(=O)[C@H](C)Sc2ccc(C)cc2)cc1,
5304,3866_B3D,CCOc1ccc(CCCNC(=O)c2cc([N+](=O)[O-])ccc2Cl)cc1,
5305,3867_B3D,CCOc1ccc(N([C@@H](CC)C(=O)Nc2c(C)cccc2CC)S(C)(=O)=O)cc1,
5306,3868_B3D,CCS(=O)(=O)[C@@H]1[C@@H](C#N)[C@@H]1c1ccc2c(c1)OCO2,
5307,3869_B3D,CCS(=O)(=O)[C@@H]1[C@@H](CN)[C@@H]1c1ccc2c(c1)OCO2,
5308,3870_B3D,CCS(=O)(=O)[C@H]1[C@@H](C#N)[C@@H]1c1ccccc1,
5309,3871_B3D,CCS(=O)(=O)[C@H]1[C@@H](C(N)=S)[C@@H]1c1ccc(OC)cc1,
5310,3872_B3D,CCS(=O)(=O)[C@H]1[C@@H](c2ccc3c(c2)OCO3)[C@@]1(COC)C(=O)O,
5311,3873_B3D,CCS(=O)(=O)[C@H]1[C@H](CO)[C@@H]1c1ccc(Cl)cc1,
5312,3874_B3D,CCS(=O)(=O)[C@H]1[C@H](c2ccc3c(c2)OCO3)C1(C#N)C#N,
5313,3875_B3D,CCS(=O)(=O)[C@H]1[C@H](c2ccc3c(c2)OCO3)[C@]1(C#N)COC,
5314,3876_B3D,CCS(=O)(=O)[C@H]1[C@H](c2ccccc2)[C@]1(C#N)COC,
5315,3877_B3D,CC[C@@H](C)[C@@H](CO)NC(=O)CCc1nnc(-c2ccccc2)o1,
5316,3878_B3D,CC[C@@H](C)[C@@H](CO)NC(=O)c1cn[nH]c1-c1ccc2c(c1)OCCO2,
5317,3879_B3D,CC[C@@H](NC(=O)c1cc([N+](=O)[O-])ccc1Cl)c1ccc(C)cc1C,
5318,3880_B3D,CC[C@@H](NC(=O)c1cc([N+](=O)[O-])ccc1Cl)c1ccc(OC)c(OC)c1,
5319,3881_B3D,CC[C@H](C(=O)NC(C)C)N(Cc1ccccc1Cl)C(=O)CN(c1ccc(F)c(Cl)c1)S(C)(=O)=O,
5320,3882_B3D,CC[C@H](C(=O)N[C@@H](C)c1ccc(C)c(C)c1)N(c1cc(C)ccc1C)S(C)(=O)=O,
5321,3883_B3D,CC[C@H](NC(=O)CCSc1ccccc1)c1ccc(C)c(C)c1,
5322,3884_B3D,CC[C@H](NC(=O)CSCc1ccc(OC)cc1)c1ccc(C)c(C)c1,
5323,3885_B3D,CC[C@H](NC(=O)[C@@H](C)SCc1ccccc1)c1ccc(OC)c(OC)c1,
5324,3886_B3D,CC[C@H](NC(=O)[C@@H](C)SCc1ccccc1)c1ccc(S(C)(=O)=O)cc1,
5325,3887_B3D,CC[C@H](NC(=O)[C@@H](C)Sc1ccccc1)c1ccc(C)cc1C,
5326,3888_B3D,CC[C@H](NC(=O)[C@H](C)Sc1ccc(C)cc1)c1ccc(S(C)(=O)=O)cc1,
5327,3889_B3D,CC[C@H](NC(=O)c1cc([N+](=O)[O-])ccc1Cl)c1ccc(C)cc1C,
5328,3890_B3D,CC[C@H](NC(=O)c1ccc(CSc2ccc(Cl)cc2)cc1)c1ccc(C)c(C)c1,
5329,3891_B3D,CC[C@H](NC(=O)c1ccc([N+](=O)[O-])c(C)c1)c1ccc(C)c(C)c1,
5330,3892_B3D,CC[C@H]1CCCCN1CC(=O)N(C)Cc1cnccn1,
5331,3893_B3D,CCc1c(C)nn(CC(=O)NC[C@H]2CCCN(c3ccccn3)C2)c1C,
5332,3894_B3D,CCc1nccn1CC(=O)N1CCCC[C@@H]1CCn1cccn1,
5333,3895_B3D,CCc1nccn1CCC(=O)N[C@@H](c1ccccn1)C1CC(O)C1,
5334,3896_B3D,CN(C)C(=O)C[C@H](O)c1cc2n(n1)CCN(C(=O)CN1CCCCCC1)C2,
5335,3897_B3D,CN(C)S(=O)(=O)c1ccc2c(c1)CCN2C(=O)CSCc1ccc([N+](=O)[O-])cc1,
5336,3898_B3D,CN(C)c1nsc(N[C@@H](c2cnc3ccccc3c2)C2CC(O)C2)n1,
5337,3899_B3D,CN(CCC[C@H]1CCCO1)C(=O)Cc1cccnc1,
5338,3900_B3D,CN(Cc1nc(-c2ccccc2)no1)C(=O)CN(c1ccc(Cl)cc1)S(C)(=O)=O,
5339,3901_B3D,CN(Cc1nc(-c2cccs2)no1)C(=O)CSCc1ccc([N+](=O)[O-])cc1,
5340,3902_B3D,CN1CCC(NC(=O)c2ccc([C@H]3SCC(=O)N3Cc3ccccc3)cc2)CC1,
5341,3903_B3D,CN1CCC(Oc2ccc(N=[N+]=[N-])c(F)c2)CC1,
5342,3904_B3D,CNc1nc(Oc2cccc(Cl)c2F)c(Cl)cc1Cl,
5343,3905_B3D,COC(=O)COc1ccc([C@H](CC(=O)OC)c2c3[nH]snc-3ccc2=O)cc1OC,
5344,3906_B3D,COC(=O)C[C@@H](C1=C(O)C(=O)C([C@@H](CC(=O)OC)c2cc3cccc4c3n(c2=O)CCC4)=C(O)C1=O)c1cc2cccc3c2n(c1=O)CCC3,
5345,3907_B3D,COC(=O)C[C@@H](C1=C(O)C(=O)C([C@@H](CC(=O)OC)c2ccsc2)=C(O)C1=O)c1ccsc1,
5346,3908_B3D,COC(=O)C[C@@H](c1cc(OC)c2c(c1)OCCO2)c1c(O)c(C(=O)OC)c[nH]c1=O,
5347,3909_B3D,COC(=O)C[C@@H](c1ccc(O)cc1)c1c(O)c(C(=O)OC)c[nH]c1=O,
5348,3910_B3D,COC(=O)C[C@@H](c1ccc(OC)c(CO)c1)c1c(O)cc(C)n(CCc2ccc(O)cc2)c1=O,
5349,3911_B3D,COC(=O)C[C@@H](c1ccc2c(c1)OCO2)c1cc2c(cc1O)OCO2,
5350,3912_B3D,COC(=O)C[C@@H](c1cccc(Br)c1)c1oc(CN2C[C@@H]3C[C@H](C2)c2cccc(=O)n2C3)cc(=O)c1O,
5351,3913_B3D,COC(=O)C[C@@H](c1cccc(OC)c1OCCc1ccc(OC)cc1)c1c(O)c2ccccc2oc1=O,
5352,3914_B3D,COC(=O)C[C@@H](c1ccccc1)c1c(O)c(C(=O)OC)c[nH]c1=O,
5353,3915_B3D,COC(=O)C[C@H](C1=C(O)C(=O)C([C@@H](CC(=O)OC)c2ccc(OC)c(OCC(N)=O)c2)=C(O)C1=O)c1ccc(OC)c(OCC(N)=O)c1,
5354,3916_B3D,COC(=O)C[C@H](CC(C)C)c1c(O)c(C(=O)OC)c[nH]c1=O,
5355,3917_B3D,COC(=O)C[C@H](c1c(O)cc(C)n(CCc2ccc(O)cc2)c1=O)c1ccnc2ccccc12,
5356,3918_B3D,COC(=O)C[C@H](c1cc(Cl)c2c(c1)OCO2)c1c(O)c(C(=O)OC)c[nH]c1=O,
5357,3919_B3D,COC(=O)C[C@H](c1cc(OC)c(OC)cc1OC)c1c(O)cc(C)oc1=O,
5358,3920_B3D,COC(=O)C[C@H](c1cc(OC)c2c(c1)OCO2)c1oc(CN2C[C@@H]3C[C@H](C2)c2cccc(=O)n2C3)cc(=O)c1O,
5359,3921_B3D,COC(=O)C[C@H](c1ccc(C(C)C)cc1)c1oc(CN2C[C@@H]3C[C@H](C2)c2cccc(=O)n2C3)cc(=O)c1O,
5360,3922_B3D,COC(=O)C[C@H](c1ccc2c(c1)OCO2)c1cc2c(cc1O)OCO2,
5361,3923_B3D,COC(=O)C[C@H](c1cccc(Br)c1)c1oc(CN2C[C@@H]3C[C@H](C2)c2cccc(=O)n2C3)cc(=O)c1O,
5362,3924_B3D,COC(=O)C[C@H](c1ccccc1)c1c(O)cc(C)oc1=O,
5363,3925_B3D,COC(=O)C[C@H](c1cccnc1)c1c(O)c(C(=O)OC)c[nH]c1=O,
5364,3926_B3D,COC(=O)C[C@H](c1cnn(C)c1)c1oc(CN2CCCCC2)cc(=O)c1O,
5365,3927_B3D,COC(=O)C[C@H](c1coc2ccccc2c1=O)c1c(O)cc(C)n(CCc2ccc(O)cc2)c1=O,
5366,3928_B3D,COC(=O)c1ccc(COc2ccc3c(c2)O/C(=C\c2cccc(OC)c2OC)C3=O)o1,
5367,3929_B3D,COCCN(C[C@@H]1CCCO1)C(=O)c1[nH]nc(N)c1Cl,
5368,3930_B3D,COCCc1noc([C@H](C)NC(=O)c2ccncc2O)n1,
5369,3931_B3D,COC[C@@]1(C#N)[C@H](c2ccc3c(c2)OCO3)[C@@H]1S(=O)(=O)c1ccccc1,
5370,3932_B3D,COC[C@@]1(C(=O)O)[C@H](c2ccc3c(c2)OCO3)[C@@H]1S(C)(=O)=O,
5371,3933_B3D,COC[C@@]1(C(N)=S)[C@@H](S(C)(=O)=O)[C@@H]1c1ccc2c(c1)OCO2,
5372,3934_B3D,COC[C@@]1(CN)[C@@H](S(=O)(=O)c2ccc(Cl)cc2)[C@@H]1c1ccc(OC)cc1,
5373,3935_B3D,COC[C@@]1(CN)[C@H](c2ccc(OC)cc2)[C@@H]1S(C)(=O)=O,
5374,3936_B3D,COC[C@@]1(N)[C@H](c2ccc(OC)cc2)[C@@H]1S(=O)(=O)c1ccc(Cl)cc1,
5375,3937_B3D,COC[C@@]1(N)[C@H](c2ccccc2)[C@@H]1S(=O)(=O)c1ccc(C)cc1,
5376,3938_B3D,COC[C@]1(C#N)[C@H](c2ccccc2)[C@@H]1S(=O)(=O)c1ccc(Cl)cc1,
5377,3939_B3D,COC[C@]1(C(=O)O)[C@@H](S(=O)(=O)c2ccc(C)cc2)[C@@H]1c1ccc(OC)cc1,
5378,3940_B3D,COC[C@]1(C(=O)O)[C@@H](S(C)(=O)=O)[C@@H]1c1ccc(OC)cc1,
5379,3941_B3D,COC[C@]1(C(=O)O)[C@H](c2ccc(OC)cc2)[C@@H]1S(=O)(=O)c1ccc(Cl)cc1,
5380,3942_B3D,CO[C@H]1C(=O)N(c2cccc(F)c2)[C@@H]1C(=O)O,
5381,3943_B3D,COc1cc(/C=C2/SC(=O)N(CC(=O)Nc3ccc(F)cc3F)C2=O)ccc1Oc1ccc([N+](=O)[O-])cc1[N+](=O)[O-],
5382,3944_B3D,COc1cc(C(=O)NCCCN2CCCc3ccccc32)cc(OC)c1OC,
5383,3945_B3D,COc1cc(C(=O)N[C@@H]2CC(C)(C)Oc3cc(C)ccc32)cc(OC)c1OC,
5384,3946_B3D,COc1cc(CNC(=O)[C@@H](C)Sc2ccc(C)cc2)ccc1OC(C)C,
5385,3947_B3D,COc1cc(OC)c(OC)cc1/C=C1/Oc2c(ccc3c2[C@@H](c2cc(OC)c(OC(C)=O)c(OC)c2)CC(=O)O3)C1=O,
5386,3948_B3D,COc1cc(OC)c(OC)cc1/C=C1/Oc2c(ccc3c2[C@H](c2cc(OC)c(OC)c(OC)c2)CC(=O)O3)C1=O,
5387,3949_B3D,COc1cc2c(c(OC)c1OC)[C@@H](c1cccc3ccccc13)CC(=O)O2,
5388,3950_B3D,COc1cc2c(c(OC)c1OC)[C@H](c1ccc3ncccc3c1)CC(=O)O2,
5389,3951_B3D,COc1cc2c(cc1OC)CN(C(=O)CC1NC(=O)N(c3ccc(C(C)C)cc3)C1=O)CC2,
5390,3952_B3D,COc1ccc(-c2noc(CN(C)C(=O)[C@H](C)SCc3ccccc3)n2)c(OC)c1,
5391,3953_B3D,COc1ccc(-c2noc(CNC(=O)CSCc3cccc(Cl)c3)n2)cc1,
5392,3954_B3D,COc1ccc(-c2noc(CNC(=O)CSCc3ccccc3C)n2)c(OC)c1,
5393,3955_B3D,COc1ccc(C(=O)c2coc3ccc(O)c(CN4CCN(C)CC4)c23)cc1,
5394,3956_B3D,COc1ccc(CCCNC(=O)CSCc2cccc(Cl)c2)cc1,
5395,3957_B3D,COc1ccc(CN(C)C(=O)c2ccc(CN3CCc4ccccc4C3)cc2)cc1,
5396,3958_B3D,COc1ccc(CSCC(=O)N[C@H]2CC(C)(C)Oc3cc(OC)ccc32)cc1,
5397,3959_B3D,COc1ccc(N2C[C@H](C(=O)N3CCCC[C@H]3c3cccnc3)CC2=O)cc1,
5398,3960_B3D,COc1ccc(NC(=O)/C(=C/c2ccco2)c2ccccc2)cc1Cl,
5399,3961_B3D,COc1ccc(NC(=O)C[C@@H]2OC(=O)c3c2ccc(OC)c3OC)cc1N1CCCS1(=O)=O,
5400,3962_B3D,COc1ccc(NC(=O)C[C@H]2OC(=O)c3c2ccc(OC)c3OC)cc1N1CCCS1(=O)=O,
5401,3963_B3D,COc1ccc([C@@H](NC(=O)c2cc(=O)c(OC)c[nH]2)C2CC(O)C2)cc1F,
5402,3964_B3D,COc1ccc([C@@H](NC(=O)c2cc3ncccn3n2)C2CC(O)C2)cn1,
5403,3965_B3D,COc1ccc([C@@H](NC(=O)c2cnoc2C)C2CC(O)C2)cn1,
5404,3966_B3D,COc1ccc([C@@H](NC2CCOCC2)C2CC(O)C2)cn1,
5405,3967_B3D,COc1ccc([C@@H](Nc2ncccc2C(N)=O)C2CC(O)C2)cc1F,
5406,3968_B3D,COc1ccc([C@@H]2CC(=O)Oc3c(C(C)=O)c(O)c4c(C)cc(=O)oc4c32)cc1OCC(N)=O,
5407,3969_B3D,COc1ccc([C@@H]2CC(=O)Oc3ccc4c(c32)O/C(=C/c2cc(OC)c(OC)cc2OC)C4=O)cc1,
5408,3970_B3D,COc1ccc([C@@H]2[C@@H](C(=O)O)[C@@H]2S(=O)(=O)c2ccc(C)cc2)cc1,
5409,3971_B3D,COc1ccc([C@@H]2[C@@H](N)[C@@H]2S(=O)(=O)c2ccc(Cl)cc2)cc1,
5410,3972_B3D,COc1ccc([C@@H]2[C@@H](S(=O)(=O)c3ccc(Cl)cc3)C2(CN)CN)cc1,
5411,3973_B3D,COc1ccc([C@@H]2[C@@H](S(=O)(=O)c3ccccc3)[C@@]2(CO)C(=O)O)cc1,
5412,3974_B3D,COc1ccc([C@@H]2[C@@H](S(=O)(=O)c3ccccc3)[C@@]2(N)CN)cc1,
5413,3975_B3D,COc1ccc([C@@H]2[C@H](C(N)=S)[C@@H]2S(=O)(=O)c2ccc(Cl)cc2)cc1,
5414,3976_B3D,COc1ccc([C@@H]2[C@H](C(N)=S)[C@@H]2S(=O)(=O)c2ccccc2)cc1,
5415,3977_B3D,COc1ccc([C@@H]2[C@H](CO)[C@@H]2S(=O)(=O)c2ccc(C)cc2)cc1,
5416,3978_B3D,COc1ccc([C@@H]2[C@H](N)[C@@H]2S(=O)(=O)c2ccc(C)cc2)cc1,
5417,3979_B3D,COc1ccc([C@@H]2[C@H](S(=O)(=O)c3ccc(C)cc3)[C@@]2(C#N)C(=O)O)cc1,
5418,3980_B3D,COc1ccc([C@@H]2[C@H](S(=O)(=O)c3ccc(Cl)cc3)C2(CO)CO)cc1,
5419,3981_B3D,COc1ccc([C@@H]2[C@H](S(C)(=O)=O)[C@@]2(N)C#N)cc1,
5420,3982_B3D,COc1ccc([C@H]2CC(=O)Oc3cc(C)oc(=O)c32)cc1,
5421,3983_B3D,COc1ccc([C@H]2[C@@H](C#N)[C@@H]2S(=O)(=O)c2ccc(Cl)cc2)cc1,
5422,3984_B3D,COc1ccc([C@H]2[C@@H](S(=O)(=O)c3ccc(C)cc3)[C@]2(C#N)C=O)cc1,
5423,3985_B3D,COc1ccc([C@H]2[C@@H](S(=O)(=O)c3ccc(Cl)cc3)C2(C#N)C#N)cc1,
5424,3986_B3D,COc1ccc([C@H]2[C@@H](S(=O)(=O)c3ccc(Cl)cc3)C2(CN)CN)cc1,
5425,3987_B3D,COc1ccc([C@H]2[C@@H](S(=O)(=O)c3ccccc3)[C@]2(C#N)C=O)cc1,
5426,3988_B3D,COc1ccc([C@H]2[C@@H](S(C)(=O)=O)[C@@]2(CN)CO)cc1,
5427,3989_B3D,COc1ccc([C@H]2[C@@H](S(C)(=O)=O)[C@@]2(CO)C(=O)O)cc1,
5428,3990_B3D,COc1ccc([C@H]2[C@@H](S(C)(=O)=O)[C@]2(C#N)CO)cc1,
5429,3991_B3D,COc1ccc([C@H]2[C@H](C#N)[C@@H]2S(=O)(=O)c2ccc(C)cc2)cc1,
5430,3992_B3D,COc1ccc([C@H]2[C@H](CO)[C@@H]2S(=O)(=O)c2ccc(Cl)cc2)cc1,
5431,3993_B3D,COc1ccc([C@H]2[C@H](N)[C@@H]2S(C)(=O)=O)cc1,
5432,3994_B3D,COc1ccc([C@H]2[C@H](S(=O)(=O)c3ccc(Cl)cc3)[C@@]2(CN)CO)cc1,
5433,3995_B3D,COc1ccc([C@H]2[C@H](S(=O)(=O)c3ccc(Cl)cc3)[C@@]2(N)C#N)cc1,
5434,3996_B3D,COc1ccc([C@H]2[C@H](S(=O)(=O)c3ccc(Cl)cc3)[C@@]2(N)C(=O)O)cc1,
5435,3997_B3D,COc1ccc([C@H]2[C@H](S(=O)(=O)c3ccc(Cl)cc3)[C@]2(C#N)CO)cc1,
5436,3998_B3D,COc1ccc([C@H]2[C@H](S(=O)(=O)c3ccc(Cl)cc3)[C@]2(C=O)NC(=O)OC(C)(C)C)cc1,
5437,3999_B3D,COc1ccc([C@H]2[C@H](S(=O)(=O)c3ccccc3)[C@@]2(N)CO)cc1,
5438,4000_B3D,COc1ccc([C@H]2[C@H](S(C)(=O)=O)[C@@]2(C#N)C(=O)O)cc1,
5439,4001_B3D,COc1ccc2[nH]c(=O)c([C@H]3CC(=O)Oc4ccc5c(c43)O/C(=C\c3cccc(OC)c3OC)C5=O)cc2c1,
5440,4002_B3D,COc1ccc2c(c1)CCC[C@@]2(O)CNC(=O)C(=O)Nc1cccc(Cl)c1C,
5441,4003_B3D,COc1ccc2c(c1)CCC[C@]2(O)CNC(=O)C(=O)NCc1ccc2c(c1)OCO2,
5442,4004_B3D,COc1ccc2c(c1)[C@@H](NC(=O)/C(=C/c1ccco1)c1ccccc1)CC(C)(C)O2,
5443,4005_B3D,COc1ccc2c(c1OC)C(=O)O[C@H]2Nc1ccc2c(c1)COC2=O,
5444,4006_B3D,COc1ccc2cc([C@@H]3CC(=O)Oc4cc(C)oc(=O)c43)c(=O)[nH]c2c1,
5445,4007_B3D,COc1cccc([C@H]2CC(=O)Oc3cc(C)oc(=O)c32)c1OCCc1ccccc1,
5446,4008_B3D,COc1ccccc1CCCNC(=O)CCSc1ccccc1,
5447,4009_B3D,COc1ccccc1CCCNC(=O)CSCc1ccc(Cl)cc1,
5448,4010_B3D,COc1ccccc1CCCNC(=O)[C@@H](C)SCc1ccccc1,
5449,4011_B3D,COc1ccccc1N1CCN(C(=O)COc2cc(C)cc(C)c2C)CC1,
5450,4012_B3D,CS(=O)(=O)[C@@H]1[C@@H](c2ccc3c(c2)OCO3)[C@]1(C#N)C=O,
5451,4013_B3D,CS(=O)(=O)[C@@H]1[C@H](C(N)=S)[C@@H]1c1ccccc1,
5452,4014_B3D,CS(=O)(=O)[C@@H]1[C@H](c2ccc3c(c2)OCO3)C1(CN)CN,
5453,4015_B3D,CS(=O)(=O)[C@@H]1[C@H](c2ccc3c(c2)OCO3)[C@@]1(N)CO,
5454,4016_B3D,CS(=O)(=O)[C@H]1[C@@H](C#N)[C@@H]1c1ccccc1,
5455,4017_B3D,CS(=O)(=O)[C@H]1[C@@H](c2ccc3c(c2)OCO3)C1(C#N)C#N,
5456,4018_B3D,CS(=O)(=O)[C@H]1[C@H](c2ccc3c(c2)OCO3)[C@@]1(CN)CO,
5457,4019_B3D,CS(=O)(=O)[C@H]1[C@H](c2ccccc2)[C@@]1(N)CO,
5458,4020_B3D,CSCC[C@@H](CO)NC(=O)C1CCN(c2ncccn2)CC1,
5459,4021_B3D,C[C@@H](CC(=O)N1CCc2[nH]ncc2C1)N1CCOCC1,
5460,4022_B3D,C[C@@H](O)c1cc2n(n1)CCN(C(=O)CC1=C(c3ccccc3)CCC1=O)C2,
5461,4023_B3D,C[C@@H]1CCCN(c2ccc([C@@H](C)NC(=O)/C(=C/c3ccco3)c3ccccc3)cc2)C1,
5462,4024_B3D,C[C@](O)(CNC(=O)C(=O)Nc1cccc(C(F)(F)F)c1)c1cc2ccccc2o1,
5463,4025_B3D,Cc1cc(C(=O)N(C)[C@@H](C)c2ccncn2)ccc1Cl,
5464,4026_B3D,Cc1cc(C(=O)NCCCN2CCCc3ccccc32)ccc1[N+](=O)[O-],
5465,4027_B3D,Cc1cc(C)n(CCNC(=O)[C@H]2Cc3cc(Cl)ccc3N2)c(=O)n1,
5466,4028_B3D,Cc1cc2c(c(=O)n1CCc1ccc(O)cc1)[C@@H](c1cc3cc4c(cc3[nH]c1=O)OCCO4)CC(=O)O2,
5467,4029_B3D,Cc1cc2c(c(=O)o1)[C@@H](c1ccc3c(c1)OCO3)CC(=O)O2,
5468,4030_B3D,Cc1ccc(-n2cccc2[C@H]2[C@H](c3ccccn3)NC(=S)N2CCN(C)C)cc1,
5469,4031_B3D,Cc1ccc(C(N)=NC=N)cc1,
5470,4032_B3D,Cc1ccc(C)c([C@H](C)NC(=O)[C@H](C)SCc2ccccc2)c1,
5471,4033_B3D,Cc1ccc(CS(=O)(=O)N[C@H](c2ccccn2)C2CC(O)C2)cc1,
5472,4034_B3D,Cc1ccc(OCCNC(=O)CCSc2ccccc2)cc1,
5473,4035_B3D,Cc1ccc(OCCNC(=O)[C@@H](C)SCc2ccccc2)cc1,
5474,4036_B3D,Cc1ccc(OC[C@@H](C)NC(=O)/C(=C/c2ccco2)c2ccccc2)cc1,
5475,4037_B3D,Cc1ccc(OC[C@@H](C)NC(=O)c2cc([N+](=O)[O-])ccc2Cl)cc1,
5476,4038_B3D,Cc1ccc(S(=O)(=O)[C@@H]2[C@@H](c3ccccc3)C2(CN)CN)cc1,
5477,4039_B3D,Cc1ccc(S(=O)(=O)[C@@H]2[C@H](c3ccccc3)C2(CN)CN)cc1,
5478,4040_B3D,Cc1ccc(S(=O)(=O)[C@@H]2[C@H](c3ccccc3)[C@@]2(N)C(=O)O)cc1,
5479,4041_B3D,Cc1ccc(S(=O)(=O)[C@@H]2[C@H](c3ccccc3)[C@]2(C=O)NC(=O)OC(C)(C)C)cc1,
5480,4042_B3D,Cc1ccc(S(=O)(=O)[C@H]2[C@H](C(N)=S)[C@@H]2c2ccccc2)cc1,
5481,4043_B3D,Cc1ccc(S(=O)(=O)[C@H]2[C@H](C=O)[C@@H]2c2ccccc2)cc1,
5482,4044_B3D,Cc1ccc(S(=O)(=O)[C@H]2[C@H](CN)[C@@H]2c2ccccc2)cc1,
5483,4045_B3D,Cc1ccc(S(=O)(=O)[C@H]2[C@H](c3ccccc3)[C@@]2(N)CO)cc1,
5484,4046_B3D,Cc1ccc(SCCC(=O)N[C@@H](C)c2ccc(N3CCC[C@@H](C)C3)cc2)cc1,
5485,4047_B3D,Cc1ccc(S[C@@H](C)C(=O)N(C)Cc2nc(-c3ccccc3Cl)no2)cc1,
5486,4048_B3D,Cc1ccc(S[C@@H](C)C(=O)NCc2nc(-c3ccccc3Cl)no2)cc1,
5487,4049_B3D,Cc1ccc(S[C@@H](C)C(=O)N[C@@H]2CC(C)(C)Oc3ccc(C)cc32)cc1,
5488,4050_B3D,Cc1ccc(S[C@H](C)C(=O)NCCCc2ccc(OC(C)C)cc2)cc1,
5489,4051_B3D,Cc1ccc(S[C@H](C)C(=O)NCc2nc(-c3cccc(Br)c3)no2)cc1,
5490,4052_B3D,Cc1ccc([C@@H](C)NC(=O)CCSc2ccccc2)cc1C,
5491,4053_B3D,Cc1ccc([C@H](C)NC(=O)CCSc2ccccc2)cc1C,
5492,4054_B3D,Cc1ccc([C@H](C)NC(=O)Cc2ccsc2)nc1,
5493,4055_B3D,Cc1ccc([C@H](C)NC(=O)[C@H](C)SCc2ccccc2)cc1C,
5494,4056_B3D,Cc1ccc2[nH]c(CCC(=O)N[C@H](C)Cc3cnccn3)nc2c1C,
5495,4057_B3D,Cc1ccc2c(c1)OC(C)(C)C[C@@H]2NC(=O)CCSc1ccccc1,
5496,4058_B3D,Cc1ccc2c(c1)OC(C)(C)C[C@@H]2NC(=O)CSCc1ccc([N+](=O)[O-])cc1,
5497,4059_B3D,Cc1ccc2c(c1)OC(C)(C)C[C@H]2NC(=O)CSCc1ccc([N+](=O)[O-])cc1,
5498,4060_B3D,Cc1ccc2c(c1)[C@H](NC(=O)[C@@H](C)Sc1ccccc1)CC(C)(C)O2,
5499,4061_B3D,Cc1cccc(-c2noc(CNC(=O)CCSc3ccc(Cl)cc3)n2)c1,
5500,4062_B3D,Cc1cccc(CSCCNC(=O)/C(=C/c2ccco2)c2ccccc2)c1,
5501,4063_B3D,Cc1ccccc1OC[C@H](C)NC(=O)CSCc1ccc([N+](=O)[O-])cc1,
5502,4064_B3D,Cc1ccccc1OC[C@H](C)NC(=O)[C@H](C)Sc1ccccc1,
5503,4065_B3D,Cc1nc(N)ncc1C(=O)N1CC[C@@H]1c1ccc(F)cc1,
5504,4066_B3D,Cc1ncsc1CCC(=O)N[C@@H](c1cnn(C)c1)C1CC(O)C1,
5505,4067_B3D,Cn1c(C(=O)N2CCCC[C@H]2c2cccnc2)cc2ccccc21,
5506,4068_B3D,N#Cc1ccccc1C(=O)NCCC[C@@H]1CCOC1,
5507,4069_B3D,NC(=O)C[C@@H](c1ccc(O)cc1)c1oc(CN2CCOCC2)cc(=O)c1O,
5508,4070_B3D,NC(=O)C[C@@H](c1oc(CN2CCOCC2)cc(=O)c1O)c1ccnc2ccccc12,
5509,4071_B3D,NC(=O)C[C@H](c1ccc(O)cc1)c1oc(CN2CCOCC2)cc(=O)c1O,
5510,4072_B3D,NC(=O)C[C@H](c1oc(CN2CCOCC2)cc(=O)c1O)c1ccnc2ccccc12,
5511,4073_B3D,NC(=S)[C@@H]1[C@@H](c2ccccc2)[C@@H]1S(=O)(=O)c1ccc(Cl)cc1,
5512,4074_B3D,NC(=S)[C@H]1[C@@H](S(=O)(=O)c2ccc(Cl)cc2)[C@H]1c1ccccc1,
5513,4075_B3D,NC[C@@H]1[C@@H](c2ccc3c(c2)OCO3)[C@@H]1S(=O)(=O)c1ccccc1,
5514,4076_B3D,NC[C@]1(CO)[C@H](c2ccccc2)[C@@H]1S(=O)(=O)c1ccc(Cl)cc1,
5515,4077_B3D,N[C@]1(CO)[C@@H](S(=O)(=O)c2ccc(Cl)cc2)[C@@H]1c1ccccc1,
5516,4078_B3D,Nc1nc(OC(C(F)(F)F)C(F)(F)F)ccc1[N+](=O)[O-],
5517,4079_B3D,O=C(/C(=C/c1ccco1)c1ccccc1)N1CCN(S(=O)(=O)c2ccccc2)CC1,
5518,4080_B3D,O=C(/C=C\c1cccc2cccnc12)N(Cc1ccco1)C[C@@H]1CCCO1,
5519,4081_B3D,O=C(CCN1C(=O)CC2(CCCC2)C1=O)NC[C@@H]1C[C@H]2C=C[C@@H]1C2,
5520,4082_B3D,O=C(CCc1nc(-c2ccncc2)no1)NC[C@@H]1C[C@@H]2C=C[C@@H]1C2,
5521,4083_B3D,O=C(CN1CCOC1=O)N1CCC[C@H](Cc2nc(-c3ccsc3)no2)C1,
5522,4084_B3D,O=C(C[C@H]1C[C@H]2CC[C@@H]1C2)NC[C@@H](O)c1ccccc1,
5523,4085_B3D,O=C(Cc1csc(-n2cccc2)n1)N1CCCC[C@H]1c1cccnc1,
5524,4086_B3D,O=C(NCCCc1ccc(F)cc1)c1ccc([C@H]2SCC(=O)N2Cc2ccccc2)cc1,
5525,4087_B3D,O=C(NCCSCc1ccccc1)/C(=C/c1ccco1)c1ccccc1,
5526,4088_B3D,O=C(NCCSc1ccc(Cl)cc1)/C(=C/c1ccco1)c1ccccc1,
5527,4089_B3D,O=C(NCc1nc(-c2ccc(Cl)cc2)no1)c1ccc(CN2CCOCC2)cc1,
5528,4090_B3D,O=C(N[C@@H](Cc1ccccn1)C1CC(O)C1)c1n[nH]c2ccccc12,
5529,4091_B3D,O=C(N[C@@H](c1ccccn1)C1CC(O)C1)c1ncoc1C1CC1,
5530,4092_B3D,O=C(Nc1ccc(OC2CCCC2)cc1)c1cc2c(ccc3ccccc32)o1,
5531,4093_B3D,O=C(O)CC[C@@]1(CCC(=O)NCc2cc3cc(F)ccc3[nH]2)CCC(=O)N1,
5532,4094_B3D,O=C(O)CC[C@]1(CCC(=O)NCc2cc3cc(F)ccc3[nH]2)CCC(=O)N1,
5533,4095_B3D,O=C(O)[C@H]1C[C@H]1S(=O)(=O)c1ccc(Cl)cc1,
5534,4096_B3D,O=C(c1cc(-c2ccc(Br)s2)[nH]n1)N1C[C@@H]2C[C@H](C1)c1cccc(=O)n1C2,
5535,4097_B3D,O=C(c1ccc(CSc2ccccn2)cc1)N1CCC[C@H]1c1ccccn1,
5536,4098_B3D,O=C(c1cccc(-c2ccco2)c1)N(Cc1ccccn1)C[C@@H]1CCCO1,
5537,4099_B3D,O=C(c1cccc(OC(F)F)c1)N1CCn2nc([C@@H](O)C3CC3)cc2C1,
5538,4100_B3D,O=C(c1n[nH]c2c1CCCCC2)N1CCCC[C@H]1c1cccnc1,
5539,4101_B3D,O=C1CCC(C(=O)N[C@@H](c2ccc(F)cc2)C2CC(O)C2)=NN1,
5540,4102_B3D,O=C1C[C@@H](c2cccnc2)c2c(ccc3c2OC2(CCCCC2)CC3=O)O1,
5541,4103_B3D,O=C[C@@H]1[C@@H](S(=O)(=O)c2ccc(Cl)cc2)[C@H]1c1ccccc1,
5542,4104_B3D,O=S(=O)(c1ccc(Cl)cc1)[C@@H]1[C@H](CO)[C@H]1c1ccccc1,
5543,4105_B3D,OC1CCN(c2ccnc(N[C@H](c3ccccn3)C3CC(O)C3)n2)CC1,
5544,4106_B3D,C#CC(O)(C=CCl)CC,
5545,4107_B3D,C#CC1(O)CCC2C3CCC4=Cc5c(cnn5-c5ccc(F)cc5)CC4(C)C3CCC21C,
5546,4108_B3D,C#CCN(C)C(C)Cc1ccccc1,
5547,4109_B3D,C1=C(CC2=NCCN2)CCc2ccccc21,
5548,4110_B3D,C1=CCC2=C3C(=NC2=C1)CCNC3Cc1ccccc1,
5549,4111_B3D,C=C1CC(C)C2C3Cc4ccc(O)cc4C2(CCN3CC2CCC2)C1,
5550,4112_B3D,C=C1CC2C3C=CC4=CC(=O)CCC4(C)C3C(O)CC2(C)C1(O)C(=O)CO,
5551,4113_B3D,C=C1CC2C3CCC4=CC(=O)C=CC4(C)C3(F)C(O)CC2(C)C1(O)C(=O)CO,
5552,4114_B3D,C=C1c2cccc(O)c2C(O)=C2C(=O)C3(O)C(O)=C(C(N)=O)C(=O)C(N(C)C)C3C(O)C12,
5553,4115_B3D,C=CC1=C(C(=O)O)N2C(=O)C(NC(=O)C(=NO)c3csc(N)n3)C2SC1,
5554,4116_B3D,C=CC1=C(C(=O)O)N2C(=O)C(NC(=O)C(=NOCC(=O)O)c3csc(N)n3)C2SC1,
5555,4117_B3D,C=CC1OC2CC3C4CCC5=CC(=O)C=CC5(C)C4(F)C(O)CC3(C)C2(C(=O)CO)O1,
5556,4118_B3D,C=CCC1C=C(C)CC(C)CC(OC)C2OC(O)(C(=O)C(=O)N3CCCCC3C(=O)OC(C(C)=CC3CCC(O)C(OC)C3)C(C)C(O)CC1=O)C(C)CC2OC,
5557,4119_B3D,C=CCN1CC(C(=O)N(CCCN(C)C)C(=O)NCC)CC2c3cccc4[nH]cc(c34)CC21,
5558,4120_B3D,C=CCN1CCC23CCCCC2C1Cc1ccc(O)cc13,
5559,4121_B3D,C=CCN1CCC23c4c5ccc(O)c4OC2C(=O)CCC3(O)C1C5,
5560,4122_B3D,C=CCN1CCC23c4c5ccc(O)c4OC2C(O)C=CC3C1C5,
5561,4123_B3D,C=CCN1CCC23c4c5ccc(O)c4OC2C2(OC)C=CC3(CC2C(C)(O)CCC)C1C5,
5562,4124_B3D,CC#CC1(O)CCC2C3CCC4=CC(=O)CCC4=C3C(c3ccc(N(C)C)cc3)CC21C,
5563,4125_B3D,CC(=C(CCO)SSCC1CCCO1)N(C=O)Cc1cnc(C)nc1N,
5564,4126_B3D,CC(=C(CCOC(=O)c1ccccc1)SC(=O)c1ccccc1)N(C=O)Cc1cnc(C)nc1N,
5565,4127_B3D,CC(=C(CCOC(=O)c1ccccc1)SSC(CCOC(=O)c1ccccc1)=C(C)N(C=O)Cc1cnc(C)nc1N)N(C=O)Cc1cnc(C)nc1N,
5566,4128_B3D,CC(=C(CCOP(=O)(O)O)SC(=O)c1ccccc1)N(C=O)Cc1cnc(C)nc1N,
5567,4129_B3D,CC(=C1CCOC(=O)S1)N(C=O)Cc1cnc(C)nc1N,
5568,4130_B3D,CC(=CCCN1CCC2(CC1)C(=O)NCN2c1ccccc1)c1ccc(F)cc1,
5569,4131_B3D,CC(=O)C1(N)Cc2c(O)c3c(c(O)c2C(OC2CC(O)C(O)CO2)C1)C(=O)c1ccccc1C3=O,
5570,4132_B3D,CC(=O)C1(O)C(C)CC2C3CCC4=CC(=O)C=CC4(C)C3(F)C(O)CC21C,
5571,4133_B3D,CC(=O)C1(O)C(O)CC2C3CCC4=CC(=O)CCC4(C)C3CCC21C,
5572,4134_B3D,CC(=O)C1(O)CCC2C3CC(C)C4=CC(=O)C=CC4(C)C3(F)C(O)CC21C,
5573,4135_B3D,CC(=O)C1(O)Cc2c(O)c3c(c(O)c2C(OC2CC(N)C(O)C(C)O2)C1)C(=O)c1c(O)cccc1C3=O,
5574,4136_B3D,CC(=O)C1(O)Cc2c(O)c3c(c(O)c2C(OC2CC(N)C(O)C(C)O2)C1)C(=O)c1ccccc1C3=O,
5575,4137_B3D,CC(=O)C12OC(C)(C)OC1CC1C3CCC4=CC(=O)C=CC4(C)C3(F)C(O)CC12C,
5576,4138_B3D,CC(=O)C1=C(O)C2(O)C(=O)c3c(c(C)c4ccc(C)c(O)c4c3O)CC2C(N)C1=O,
5577,4139_B3D,CC(=O)C1CCC2C3CC(O)C45CC4CCC5(C)C3CCC12C,
5578,4140_B3D,CC(=O)C1CCC2C3CCC4CC(C)(O)CCC4(C)C3CCC12C,
5579,4141_B3D,CC(=O)C1CCC2C3CCC4CC(O)CCC4(C)C3C(=O)CC12C,
5580,4142_B3D,CC(=O)C1CCC2C3CCC4CC(O)CCC4(C)C3CCC12C,
5581,4143_B3D,CC(=O)CC(=O)C1(O)CCC2C3CCC4=CC(=O)C=CC4(C)C3(Cl)C(Cl)CC21C,
5582,4144_B3D,CC(=O)CC(=O)C12OC(C)(C)OC1CC1C3CC(C#N)=C4C=C(OCCCl)CCC4(C)C3(F)C(O)CC12C,
5583,4145_B3D,CC(=O)N1CCN(C(=O)Cc2cc(F)cc(F)c2)C(CN2CCC(O)C2)C1,
5584,4146_B3D,CC(=O)N1CCN(C(=O)Cc2ccc(C(F)(F)F)cc2)C(CN2CCC(O)C2)C1,
5585,4147_B3D,CC(=O)N1CCN(C(=O)Cc2ccc(Cl)c(Cl)c2)C(CN2CCC(O)C2)C1,
5586,4148_B3D,CC(=O)N1CCN(C(=O)Cc2ccc(Cl)c(Cl)c2)C(CN2CCCC2)C1,
5587,4149_B3D,CC(=O)N1CCN(C(=O)Cc2ccc(S(C)(=O)=O)cc2)C(CN2CCC(O)C2)C1,
5588,4150_B3D,CC(=O)N1CCN(C(=O)Cc2ccc([N+](=O)[O-])cc2)C(CN2CCC(O)C2)C1,
5589,4151_B3D,CC(=O)N1CCN(C(=O)Cc2ccc([S+](C)[O-])cc2)C(CN2CCC(O)C2)C1,
5590,4152_B3D,CC(=O)N1CCN(C(=O)Cc2cccc([N+](=O)[O-])c2)C(CN2CCC(O)C2)C1,
5591,4153_B3D,CC(=O)N1CCN(C(=O)Cc2ccccc2)C(CN2CCC(O)C2)C1,
5592,4154_B3D,CC(=O)N1CCN(c2ccc(OCC3COC(Cn4ccnc4)(c4ccc(Cl)cc4Cl)O3)cc2)CC1,
5593,4155_B3D,CC(=O)NCCCC(NC(C)=O)C(=O)O,
5594,4156_B3D,CC(=O)Nc1ccc(OC(=O)C2CCC(=O)N2)cc1,
5595,4157_B3D,CC(=O)OC(C)C(=O)C1(O)CCC2C3CCC4=CC(=O)C=CC4(C)C3(F)C(O)CC21C,
5596,4158_B3D,CC(=O)OC1(C(C)=O)CCC2C3CC(C)C4=CC(=O)C=CC4(C)C3(F)C(O)CC21C,
5597,4159_B3D,CC(=O)OC12COC1CC(O)C1(C)C(=O)C(O)C3=C(C)C(OC(=O)C(O)C(NC(=O)OC(C)(C)C)c4ccccc4)CC(O)(C(OC(=O)c4ccccc4)C21)C3(C)C,
5598,4160_B3D,CC(=O)OC1C=CC(C)=CCC(O)C=CC(C)=CC(NC(=O)C(C)=O)C2(C)C(=O)OC(C1)C(C)C2=O,
5599,4161_B3D,CC(=O)OC1CC2(C)C(CC(O)C3C4(C)CCC(O)C(C)C4CCC32C)C1=C(CCC=C(C)C)C(=O)O,
5600,4162_B3D,CC(=O)OC1CC2C(COC(=O)CC(C)C)=COC(OC(=O)CC(C)C)C2C12CO2,
5601,4163_B3D,CC(=O)OC1CCC2(C)C3CCC4(C)C(C(C)CCCC(C)C)CCC4C3CC(Br)C2(Br)C1,
5602,4164_B3D,CC(=O)OCC(=O)C1(O)C(C)CC2C3C=C(C)C4=Cc5c(cnn5-c5ccccc5)CC4(C)C3C(O)CC21C,
5603,4165_B3D,CC(=O)OCC(=O)C1(O)C(C)CC2C3CC(F)C4=CC(=O)C=CC4(C)C3C(O)CC21C,
5604,4166_B3D,CC(=O)OCC(=O)C1(O)C(C)CC2C3CCC4=CC(=O)C=CC4(C)C3(F)C(O)CC21C,
5605,4167_B3D,CC(=O)OCC(=O)C1(O)C(OC(C)=O)CC2C3CCC4=CC(=O)C=CC4(C)C3(F)C(O)CC21C,
5606,4168_B3D,CC(=O)OCC(=O)C1(O)CCC2C3CC(C)C4=CC(=O)C=CC4(C)C3C(O)CC21C,
5607,4169_B3D,CC(=O)OCC(=O)C1(O)CCC2C3CC(Cl)C4=CC(=O)C=CC4(C)C3C(=O)CC21C,
5608,4170_B3D,CC(=O)OCC(=O)C1(O)CCC2C3CCC4=CC(=O)C=CC4(C)C3(F)C(O)CC21C,
5609,4171_B3D,CC(=O)OCC(=O)C1(O)CCC2C3CCC4=CC(=O)C=CC4(C)C3C(O)CC21C,
5610,4172_B3D,CC(=O)OCC(=O)C1(O)CCC2C3CCC4=CC(=O)CCC4(C)C3(F)C(O)CC21C,
5611,4173_B3D,CC(=O)OCC(=O)C1(O)CCC2C3CCC4=CC(=O)CCC4(C)C3C(=O)CC21C,
5612,4174_B3D,CC(=O)OCC(=O)C1(O)CCC2C3CCC4=CC(=O)CCC4(C)C3C(O)CC21C,
5613,4175_B3D,CC(=O)OCC(=O)C1(OC(=O)C(C)C)C(C)CC2C3CCC4=CC(=O)C=CC4(C)C3(F)C(O)CC21C,
5614,4176_B3D,CC(=O)OCC(=O)C1(OC(=O)c2ccco2)C(C)CC2C3CCC4=CC(=O)C=CC4(C)C3(F)C(O)CC21C,
5615,4177_B3D,CC(=O)OCC(=O)C1(OC(C)=O)C(C)CC2C3CC(F)C4=CC(=O)C=CC4(C)C3(F)C(O)CC21C,
5616,4178_B3D,CC(=O)OCC(=O)C1(OC(C)=O)CCC2C3CC(F)C4=CC(=O)C(Br)=CC4(C)C3(F)C(O)CC21C,
5617,4179_B3D,CC(=O)OCC(=O)C12N=C(C)OC1CC1C3CCC4=CC(=O)C=CC4(C)C3(F)C(O)CC12C,
5618,4180_B3D,CC(=O)OCC(=O)C12N=C(C)OC1CC1C3CCC4=CC(=O)C=CC4(C)C3C(O)CC12C,
5619,4181_B3D,CC(=O)OCC(=O)C12OC(C)(C)OC1CC1C3CC(C=O)=C4C=C(OCCCl)CCC4(C)C3(F)C(O)CC12C,
5620,4182_B3D,CC(=O)OCC(=O)C12OC(C)(C)OC1CC1C3CC(F)C4=CC(=O)C=CC4(C)C3(F)C(O)CC12C,
5621,4183_B3D,CC(=O)OCC(=O)C12OC(C)(C)OC1CC1C3CC(F)C4=CC(=O)C=CC4(C)C3C(O)CC12C,
5622,4184_B3D,CC(=O)OCC(=O)C12OC3(CCCC3)OC1CC1C3CCC4=CC(=O)C=CC4(C)C3(F)C(O)CC12C,
5623,4185_B3D,CC(=O)OCC(=O)C1C(C)CC2C3CC(F)C4=CC(=O)C=CC4(C)C3(Cl)C(O)CC21C,
5624,4186_B3D,CC(=O)OCC(=O)OCCC(SC(=O)c1ccco1)=C(C)N(C=O)Cc1cnc(C)nc1N,
5625,4187_B3D,CC(=O)OCC1=C(C(=O)O)N2C(=O)C(NC(=O)C(N)c3ccccc3)C2SC1,
5626,4188_B3D,CC(=O)OCC1=C(C(=O)O)N2C(=O)C(NC(=O)CC#N)C2SC1,
5627,4189_B3D,CC(=O)OCC1=C(C(=O)O)N2C(=O)C(NC(=O)CSc3ccncc3)C2SC1,
5628,4190_B3D,CC(=O)OCC1=C(C(=O)O)N2C(=O)C(NC(=O)Cc3ccccc3)C2SC1,
5629,4191_B3D,CC(=O)OCC1=C(C(=O)O)N2C(=O)C(NC(=O)Cc3cccs3)C2SC1,
5630,4192_B3D,CC(=O)OCC1=C(C(=O)O)N2C(=O)C(NC(=O)c3c(-c4ccccc4Cl)noc3C)C2SC1,
5631,4193_B3D,CC(=O)OCC1=COC(OC(=O)CC(C)(C)OC(C)=O)C2C1=CC(OC(=O)CC(C)C)C21CO1,
5632,4194_B3D,CC(=O)OCC1=COC(OC(=O)CC(C)C)C2C1=CC(OC(=O)CC(C)C)C21CO1,
5633,4195_B3D,CC(=O)OCCC(SC(C)=O)=C(C)N(C=O)Cc1cnc(C)nc1N,
5634,4196_B3D,CC(=O)Oc1ccc2c3c1OC1C(OC(C)=O)C=CC4C(C2)N(C)CCC341,
5635,4197_B3D,CC(C)(C)C(=O)OCOC(=O)C1N2C(=O)C(N=CN3CCCCCC3)C2SC1(C)C,
5636,4198_B3D,CC(C)(C)C(=O)OCOC(=O)C1N2C(=O)C(NC(=O)C(N)c3ccccc3)C2SC1(C)C,
5637,4199_B3D,CC(C)(C)C(=O)SCC(=O)C1(O)CCC2C3CCC4=CC(=O)CCC4(C)C3C(O)CC21C,
5638,4200_B3D,CC(C)(C)C(O)C=Cc1ccc2c(c1)OCO2,
5639,4201_B3D,CC(C)(C)C1(O)CCN2CC3c4ccccc4CCc4cccc(c43)C2C1,
5640,4202_B3D,CC(C)(C)CC(=O)OCC(=O)C1(O)CCC2C3CCC4=CC(=O)C=CC4(C)C3C(O)CC21C,
5641,4203_B3D,CC(C)(C)CC(=O)OCC(=O)C12OC(C)(C)OC1CC1C3CC4=CC(=O)C=CC4(C)C3(F)C(O)CC12C,
5642,4204_B3D,CC(C)(CO)C(O)C(=O)NCCCC(=O)O,
5643,4205_B3D,CC(C)(Oc1ccc(Cl)cc1)C(=O)NC(C(=O)NC1C(=O)N2C1SC(C)(C)C2C(=O)O)c1ccccc1,
5644,4206_B3D,CC(C)(Oc1ccccc1)C(=O)NC1C(=O)N2C1SC(C)(C)C2C(=O)O,
5645,4207_B3D,CC(C)C(=O)OCC(=O)C12OC(C3CCCCC3)OC1CC1C3CCC4=CC(=O)C=CC4(C)C3C(O)CC12C,
5646,4208_B3D,CC(C)C(=O)OCc1cccc(OC(=O)C2N3C(=O)C(NC(=O)Cc4ccccc4)C3SC2(C)C)c1,
5647,4209_B3D,CC(C)C(CN1CCCC1)N(C)C(=O)Cc1ccc(Cl)c(Cl)c1,
5648,4210_B3D,CC(C)C1(O)CCN2CC3c4ccccc4CCc4cccc(c43)C2C1,
5649,4211_B3D,CC(C)CC(N)C(=O)NC(CCCN)C(=O)NC(C(=O)NC(CCCN)C(=O)N1CCCC1C(=O)NC(C=O)Cc1ccccc1)C(C)C,
5650,4212_B3D,CC(C)CC(OC(=O)c1ccco1)C(=O)NC1C(=O)N2C1SC(C)(C)C2C(=O)O,
5651,4213_B3D,CC(C)N1CCOC(c2cccc(C(F)(F)F)c2)C1,
5652,4214_B3D,CC(C)n1cc2c3c(cccc31)C1CC(C(=O)NC3CCCCC3)CN(C)C1C2,
5653,4215_B3D,CC(CN1CC(=O)NC(=O)C1)N1CC(=O)NC(=O)C1,
5654,4216_B3D,CC(CNC(=O)c1ccccc1)C(=O)OCC(=O)C12OC(C)(C)OC1CC1C3CCC4=CC(=O)C=CC4(C)C3(F)C(O)CC12C,
5655,4217_B3D,CC(N)C(=O)c1ccccc1,
5656,4218_B3D,CC(N)C(O)c1cccc(O)c1,
5657,4219_B3D,CC(N)Cc1ccc(O)cc1,
5658,4220_B3D,CC(O)C1C(=O)N2C(C(=O)O)=C(C3CCCO3)SC12,
5659,4221_B3D,CC(O)C1C(=O)N2C(C(=O)O)=C(COC(N)=O)SC12,
5660,4222_B3D,CC(O)C1C(=O)N2C(C(=O)O)=C(F)SC12,
5661,4223_B3D,CC(O)C1C(=O)N2C(C(=O)O)=C(SC3CNC(C(=O)N(C)C)C3)C(C)C12,
5662,4224_B3D,CC(O)C1C(=O)N2C(C(=O)O)=C(SCCN=CN)CC12,
5663,4225_B3D,CC1(C)C(NCC(=NOCC(=O)O)c2csc(N)n2)C(=O)N1OS(=O)(=O)O,
5664,4226_B3D,CC1(C)CCN(C(=O)Cc2ccc(Cl)c(Cl)c2)C(CN2CCCC2)C1,
5665,4227_B3D,CC1(C)NC(=O)C(C=Cc2ccccc2)O1,
5666,4228_B3D,CC1(C)OC2CC3C4CC(F)C5=CC(=O)C=CC5(C)C4(Cl)C(Cl)CC3(C)C2(C(=O)CCl)O1,
5667,4229_B3D,CC1(C)OC2CC3C4CC(F)C5=CC(=O)C=CC5(C)C4(Cl)C(Cl)CC3(C)C2(C(=O)CF)O1,
5668,4230_B3D,CC1(C)OC2CC3C4CC(F)C5=CC(=O)C=CC5(C)C4(Cl)C(Cl)CC3(C)C2(C(=O)CO)O1,
5669,4231_B3D,CC1(C)OC2CC3C4CC(F)C5=CC(=O)C=CC5(C)C4(F)C(O)CC3(C)C2(C(=O)CO)O1,
5670,4232_B3D,CC1(C)OC2CC3C4CC(F)C5=CC(=O)C=CC5(C)C4(F)C(O)CC3(C)C2(C(=O)COC(=O)C2CC2)O1,
5671,4233_B3D,CC1(C)OC2CC3C4CC(F)C5=CC(=O)C=CC5(C)C4C(O)CC3(C)C2(C(=O)CO)O1,
5672,4234_B3D,CC1(C)OC2CC3C4CC(F)C5=CC(=O)CCC5(C)C4C(O)CC3(C)C2(C(=O)CO)O1,
5673,4235_B3D,CC1(C)OC2CC3C4CC5=CC(=O)C=CC5(C)C4(F)C(O)CC3(C)C2(C(=O)COC(=O)c2cc3ccccc3o2)O1,
5674,4236_B3D,CC1(C)OC2CC3C4CCC5=CC(=O)C=CC5(C)C4(F)C(O)CC3(C)C2(C(=O)CO)O1,
5675,4237_B3D,CC1(C)OC2CC3C4CCC5=CC(=O)C=CC5(C)C4C(O)CC3(C)C2(C(=O)CO)O1,
5676,4238_B3D,CC1(C)OC2CC3C4CCC5=CC(=O)CCC5(C)C4(F)C(O)CC3(C)C2(C(=O)CCl)O1,
5677,4239_B3D,CC1(C)OC2CC3C4CCC5CC(=O)CCC5(C)C4(F)C(O)CC3(C)C2(C(=O)CO)O1,
5678,4240_B3D,CC1(C)OC2COC3(COS(N)(=O)=O)OC(C)(C)OC3C2O1,
5679,4241_B3D,CC1(C)SC2C(N3C(=O)C(c4ccc(O)cc4)NC3(C)C)C(=O)N2C1C(=O)O,
5680,4242_B3D,CC1(C)SC2C(N3C(=O)C(c4ccccc4)NC3(C)C)C(=O)N2C1C(=O)O,
5681,4243_B3D,CC1(C)SC2C(N=CN3CCCCCC3)C(=O)N2C1C(=O)O,
5682,4244_B3D,CC1(C)SC2C(NC(=O)C(C(=O)Oc3ccc4c(c3)CCC4)c3ccccc3)C(=O)N2C1C(=O)O,
5683,4245_B3D,CC1(C)SC2C(NC(=O)C(C(=O)Oc3ccccc3)c3ccccc3)C(=O)N2C1C(=O)O,
5684,4246_B3D,CC1(C)SC2C(NC(=O)C(N)C3=CCC=CC3)C(=O)N2C1C(=O)O,
5685,4247_B3D,CC1(C)SC2C(NC(=O)C(N)c3ccc(O)cc3)C(=O)N2C1C(=O)O,
5686,4248_B3D,CC1(C)SC2C(NC(=O)C(N)c3ccccc3)C(=O)N2C1C(=O)O,
5687,4249_B3D,CC1(C)SC2C(NC(=O)C(N)c3ccccc3)C(=O)N2C1C(=O)OC1OC(=O)c2ccccc21,
5688,4250_B3D,CC1(C)SC2C(NC(=O)C(N)c3ccccc3)C(=O)N2C1C(=O)OCOC(=O)C1N2C(=O)CC2S(=O)(=O)C1(C)C,
5689,4251_B3D,CC1(C)SC2C(NC(=O)C(N=Cc3ccco3)c3ccc(O)cc3)C(=O)N2C1C(=O)O,
5690,4252_B3D,CC1(C)SC2C(NC(=O)C(NC(=O)CN=C(N)c3ccncc3)c3ccccc3)C(=O)N2C1C(=O)O,
5691,4253_B3D,CC1(C)SC2C(NC(=O)C(NC(=O)Cc3ccc(C4=NCCCN4)cc3)c3ccccc3)C(=O)N2C1C(=O)O,
5692,4254_B3D,CC1(C)SC2C(NC(=O)C(NC(=O)N3CCN(S(C)(=O)=O)C3=O)c3ccccc3)C(=O)N2C1C(=O)O,
5693,4255_B3D,CC1(C)SC2C(NC(=O)C(NC(=O)Nc3cnc(Nc4ccc(S(N)(=O)=O)cc4)[nH]c3=O)c3ccc(O)cc3)C(=O)N2C1C(=O)O,
5694,4256_B3D,CC1(C)SC2C(NC(=O)C(NC(=O)c3c[nH]c4cccnc4c3=O)c3ccccc3)C(=O)N2C1C(=O)O,
5695,4257_B3D,CC1(C)SC2C(NC(=O)C(NC(=O)c3ccc(-c4ccc(S(=O)(=O)N(CCO)CCO)cc4)[nH]c3=O)c3ccc(O)cc3)C(=O)N2C1C(=O)O,
5696,4258_B3D,CC1(C)SC2C(NC(=O)C(NS(=O)(=O)O)c3ccccc3)C(=O)N2C1C(=O)O,
5697,4259_B3D,CC1(C)SC2C(NC(=O)C(Oc3ccccc3)c3ccccc3)C(=O)C2C1C(=O)O,
5698,4260_B3D,CC1(C)SC2C(NC(=O)C(c3ccccc3)S(=O)(=O)O)C(=O)N2C1C(=O)O,
5699,4261_B3D,CC1(C)SC2C(NC(=O)C3(N)CCCCC3)C(=O)N2C1C(=O)O,
5700,4262_B3D,CC1(C)SC2C(NC(=O)C34CC5CC(CC(N)(C5)C3)C4)C(=O)N2C1C(=O)O,
5701,4263_B3D,CC1(C)SC2C(NC(=O)CCCC(N)C(=O)O)C(=O)N2C1C(=O)O,
5702,4264_B3D,CC1(C)SC2C(NC(=O)COc3ccccc3)C(=O)N2C1C(=O)O,
5703,4265_B3D,CC1(C)SC2C(NC(=O)c3nc4ccccc4nc3C(=O)O)C(=O)N2C1C(=O)O,
5704,4266_B3D,CC1(Cn2ccnn2)C(C(=O)O)N2C(=O)CC2S1(=O)=O,
5705,4267_B3D,CC1(c2ccccc2)OC2CC3C4CCC5=CC(=O)C=CC5(C)C4(F)C(O)CC3(C)C2(C(=O)CO)O1,
5706,4268_B3D,CC12C=CC(=O)C1C(=O)CCC1C2C(O)CC2(C)C1CCC2(O)C(=O)CO,
5707,4269_B3D,CC12C=CC(=O)C=C1C(Cl)=CC1C2C(O)CC2(C)C1CCC2(O)C(=O)CO,
5708,4270_B3D,CC12C=CC(=O)C=C1C(Cl)CC1C2C(=O)CC2(C)C1CCC2(O)C(=O)CO,
5709,4271_B3D,CC12C=CC(=O)C=C1C(F)CC1C3CC(O)C(O)(C(=O)CO)C3(C)CC(O)C12F,
5710,4272_B3D,CC12C=CC(=O)C=C1CCC1C2C(=O)CC2(C)C1CCC2(O)C(=O)CO,
5711,4273_B3D,CC12C=CC(=O)C=C1CCC1C2C(O)CC2(C)C1CCC2(O)C(=O)COC(=O)CCC(=O)O,
5712,4274_B3D,CC12C=CC(=O)C=C1CCC1C3CC4Cc5ccccc5CC4(C(=O)CO)C3(C)CC(O)C12F,
5713,4275_B3D,CC12C=CC(=O)C=C1CCC1C3CCC(O)(C(=O)CO)C3(C)CC(Cl)C12Cl,
5714,4276_B3D,CC12CC(=O)C3C(CCC4CC(O)CCC43C)C1CCC2C(=O)CO,
5715,4277_B3D,CC12CC(N)C1CN(c1nc3c(cc1F)c(=O)c(C(=O)O)cn3C1CC1)C2,
5716,4278_B3D,CC12CCC(=O)C=C1CCC1C2C(O)CC2(C)C(C(=O)CO)CCC12,
5717,4279_B3D,CC12CCC(=O)C=C1CCC1C2C(O)CC2(C)C1CCC2(O)C(=O)CO,
5718,4280_B3D,CC12CCC(=O)C=C1CCC1C2C(O)CC2(C)C1CCC2(O)C(=O)COC(=O)CCC(=O)O,
5719,4281_B3D,CC12CCC(=O)C=C1CCC1C2C(O)CC2(C)C1CCC2(O)C(=O)CS,
5720,4282_B3D,CC12CCC(=O)C=C1CCC1C2C2CC3(C(O)O2)C(C(=O)CO)CCC13,
5721,4283_B3D,CC1=C(C(=O)O)N2C(=O)C(NC(=O)C(N)C3=CCC=CC3)C2SC1,
5722,4284_B3D,CC1=C(C(=O)O)N2C(=O)C(NC(=O)C(N)c3ccc(O)c(Cl)c3)C2SC1,
5723,4285_B3D,CC1=C(C(=O)O)N2C(=O)C(NC(=O)C(N)c3ccc(O)cc3)C2SC1,
5724,4286_B3D,CC1=C(C(=O)O)N2C(=O)C(NC(=O)C(N)c3cccc(NS(C)(=O)=O)c3)C2SC1,
5725,4287_B3D,CC1=C(C(=O)O)N2C(=O)C(NC(=O)Cc3ccc(C4=NCCCN4)cc3)C2SC1,
5726,4288_B3D,CC1=C(C(=O)OCC(=O)OC(C)(C)C)N2C(=O)C(NC(=O)C(N)c3ccccc3)C2SC1,
5727,4289_B3D,CC1=CC(O)CC(=O)Cc2nc(co2)C(=O)N2CCC=C2C(=O)OC(C(C)C)C(C)C=CC(=O)NCC=C1,
5728,4290_B3D,CC1=CC2C(C(O)CC3(C)C2CC(C)C3(O)C(=O)COC(=O)c2cccc(S(=O)(=O)O)c2)C2(C)Cc3cnn(-c4ccccc4)c3C=C12,
5729,4291_B3D,CC1=CCC2C3Cc4ccc(O)c5c4C2(CN3C)C1O5,
5730,4292_B3D,CC1C(NC(=O)C(=NOC(C)(C)C(=O)O)c2csc(N)n2)C(=O)N1S(=O)(=O)O,
5731,4293_B3D,CC1C(c2ccccc2)OCCN1C,
5732,4294_B3D,CC1C2C(=O)c3ccc(O)cc3C1(C)CCN2CC1CC1,
5733,4295_B3D,CC1C=CC=CC=CC=CC=CC=CC=CC(OC2OC(C)C(O)C(N)C2O)CC2OC(O)(CC(O)C(O)CCC(O)CC(O)CC(O)CC(=O)OC(C)C(C)C1O)CC(O)C2C(=O)O,
5734,4296_B3D,CC1CC2C(C(O)CC3(C)C(C(=O)O)CCC23)C2(C)CCC(=O)C=C12,
5735,4297_B3D,CC1CC2C(C(O)CC3(C)C2CCC3(O)C(=O)CO)C2(C)C=CC(=O)C=C12,
5736,4298_B3D,CC1CC2C(C(O)CC3(C)C2CCC3(O)C(=O)COC(=O)CCC(=O)O)C2(C)C=CC(=O)C=C12,
5737,4299_B3D,CC1CC2C3C(Cl)CC4=CC(=O)C=CC4(C)C3C(O)CC2(C)C1(O)C(=O)CO,
5738,4300_B3D,CC1CC2C3CC(F)C4=CC(=O)C(Cl)=CC4(C)C3(F)C(O)CC2(C)C1(O)C(=O)CO,
5739,4301_B3D,CC1CC2C3CC(F)C4=CC(=O)C=CC4(C)C3(Cl)C(F)CC2(C)C1C(=O)CO,
5740,4302_B3D,CC1CC2C3CC(F)C4=CC(=O)C=CC4(C)C3(Cl)C(O)CC2(C)C1C(=O)CO,
5741,4303_B3D,CC1CC2C3CC(F)C4=CC(=O)C=CC4(C)C3(Cl)C(O)CC2(C)C1C(=O)COC(=O)C(C)(C)C,
5742,4304_B3D,CC1CC2C3CC(F)C4=CC(=O)C=CC4(C)C3(F)C(O)CC2(C)C1(O)C(=O)CO,
5743,4305_B3D,CC1CC2C3CC(F)C4=CC(=O)C=CC4(C)C3(F)C(O)CC2(C)C1(O)C(=O)COC(=O)C(C)(C)C,
5744,4306_B3D,CC1CC2C3CC(F)C4=CC(=O)C=CC4(C)C3(F)C(O)CC2(C)C1C(=O)CO,
5745,4307_B3D,CC1CC2C3CC(F)C4=CC(=O)C=CC4(C)C3(F)C(O)CC2(C)C1C(=O)COC(=O)C(C)(C)C,
5746,4308_B3D,CC1CC2C3CCC4=CC(=O)C=CC4(C)C3(Cl)C(O)CC2(C)C1(O)C(=O)CO,
5747,4309_B3D,CC1CC2C3CCC4=CC(=O)C=CC4(C)C3(Cl)C(O)CC2(C)C1(OC(=O)c1ccco1)C(=O)CCl,
5748,4310_B3D,CC1CC2C3CCC4=CC(=O)C=CC4(C)C3(F)C(=O)CC2(C)C1(O)C(=O)CCl,
5749,4311_B3D,CC1CC2C3CCC4=CC(=O)C=CC4(C)C3(F)C(O)CC2(C)C1(C)C(=O)CO,
5750,4312_B3D,CC1CC2C3CCC4=CC(=O)C=CC4(C)C3(F)C(O)CC2(C)C1(O)C(=O)CCl,
5751,4313_B3D,CC1CC2C3CCC4=CC(=O)C=CC4(C)C3(F)C(O)CC2(C)C1(OC(=O)c1ccccc1)C(=O)CO,
5752,4314_B3D,CC1CC2C3CCC4=CC(=O)C=CC4(C)C3(F)C(O)CC2(C)C1C(=O)CO,
5753,4315_B3D,CC1CC2C3CCC4=CC(=O)C=CC4(C)C3C(=O)CC2(C)C1(O)C(=O)CO,
5754,4316_B3D,CC1CCCCC1(c1cccs1)N1CCCCC1,
5755,4317_B3D,CC1CN(c2c(F)c(N)c3c(=O)c(C(=O)O)cn(C4CC4)c3c2F)CC(C)N1,
5756,4318_B3D,CC1CN2CC(=O)Nc3ccc(Cl)cc3C2(c2ccccc2)O1,
5757,4319_B3D,CC1COC(=O)C(C(C)C)NC(=O)C(C)OC(=O)C(C(C)C)NC(=O)C(C(C)C)OC(=O)C(C(C)C)NC(=O)C(C)OC(=O)C(C(C)C)NC(=O)C(C)COC(=O)C(C(C)C)NC(=O)C(C)OC(=O)C(C(C)C)NC1=O,
5758,4320_B3D,CC1N=C(c2ccccc2Cl)c2cc([N+](=O)[O-])ccc2NC1=O,
5759,4321_B3D,CC1c2ccccc2C(CCCN(C)C)c2cc(C(F)(F)F)ccc21,
5760,4322_B3D,CC=C(CC)C(=O)NC(N)=O,
5761,4323_B3D,CC=CC(=O)N(CC)C(CC)C(=O)N(C)C,
5762,4324_B3D,CC=CC(=O)N(CCC)C(CC)C(=O)N(C)C,
5763,4325_B3D,CC=CC1=C(C(=O)O)N2C(=O)C(NC(=O)C(N)c3ccc(O)cc3)C2SC1,
5764,4326_B3D,CC=CC1OC2(C(=O)COC(=O)c3ccncc3)CCC3(O1)C1CCC4=CC(=O)CCC4(C)C1C(O)CC23C,
5765,4327_B3D,CC=CC=CC1OC(O)(C(CC)C(=O)NCC=CC=C(C)C(OC)C(C)C2OC(C=CC=CC=C(C)C(=O)c3c(O)ccn(C)c3=O)C(O)C2O)C(O)C(OC2OC(C)C(OC3OC(C)C(OC)C(O)C3OC)C(OC)C2O)C1(C)C,
5766,4328_B3D,CCC(=O)C1(C)C(C)CC2C3CCC4=CC(=O)C=CC4(C)C3C(O)CC21C,
5767,4329_B3D,CCC(=O)N(c1ccc(Cl)c(Cl)c1)C1CCCC1N(C)C,
5768,4330_B3D,CCC(=O)N(c1ccccc1)C1(C(=O)OC)CCN(CCc2ccccc2)CC1C,
5769,4331_B3D,CCC(=O)OC1(C(=O)CCl)C(C)CC2C3CCC4=CC(=O)C=CC4(C)C3(F)C(O)CC21C,
5770,4332_B3D,CCC(=O)OC1(C(=O)COC(C)=O)CCC2C3CC(C)C4=CC(=O)C=CC4(C)C3C(O)CC21C,
5771,4333_B3D,CCC(=O)OC1(C(=O)COC(C)=O)CCC2C3CCC4=CC(=O)CCC4(C)C3C(O)CC21C,
5772,4334_B3D,CCC(=O)OC1(C(=O)COC)C(C)CC2C3CCC4=CC(=O)C=CC4(C)C3(F)C(O)CC21C,
5773,4335_B3D,CCC(=O)OC1(C(=O)SC)C(C)CC2C3CC(F)C4=CC(=O)C=CC4(C)C3(F)C(O)CC21C,
5774,4336_B3D,CCC(=O)OC1(C(=O)SCCl)C(C)CC2C3CC(F)C4=CC(=O)C=CC4(C)C3(F)C(O)CC21C,
5775,4337_B3D,CCC(=O)OC1(c2ccccc2)CCN(C)CC1CC,
5776,4338_B3D,CCC(=O)OC1C(C)OC(OC2C(C)C(=O)OC(C)C(C)C(OC(=O)CC)C(C)C(=O)C3(CO3)CC(C)C(OC3OC(C)CC(N(C)C)C3O)C2C)CC1OC,
5777,4339_B3D,CCC(=O)OC1C(OC2C(C)C(OC3CC(C)(OC)C(O)C(C)O3)C(C)C(=O)OC(CC)C(C)(O)C(O)C(C)C(=O)C(C)CC2(C)O)OC(C)CC1N(C)C,
5778,4340_B3D,CCC(=O)OC1CC(=O)OC(C)CC=CC=CC(O)C(C)CC(CC=O)C(OC2OC(C)C(OC3CC(C)(O)C(OC(=O)CC)C(C)O3)C(N(C)C)C2O)C1OC,
5779,4341_B3D,CCC(=O)OCC(=O)C1(OC(=O)CC)C(C)CC2C3C(Cl)CC4=CC(=O)C=CC4(C)C3C(O)CC21C,
5780,4342_B3D,CCC(=O)OCC(=O)C1(OC(=O)CC)C(C)CC2C3CCC4=CC(=O)C=CC4(C)C3(Cl)C(O)CC21C,
5781,4343_B3D,CCC(=O)OCC(=O)C1(OC(=O)CC)C(C)CC2C3CCC4=CC(=O)C=CC4(C)C3(F)C(O)CC21C,
5782,4344_B3D,CCC(=O)OCC(=O)C12OC(C)(C)OC1CC1C3CC(F)C4=CC(=O)C=CC4(C)C3(F)C(O)CC12C,
5783,4345_B3D,CCC(C)C(=O)OC1CC(O)C=C2C=CC(C)C(CCC(O)CC(O)CC(=O)O)C21,
5784,4346_B3D,CCC(C)C(=O)OC1CCC=C2C=CC(C)C(CCC3CC(O)CC(=O)O3)C21,
5785,4347_B3D,CCC(C)C(N)C1=NC(C(=O)NC(CC(C)C)C(=O)NC(CCC(=O)O)C(=O)NC(C(=O)NCCCCC2NC(=O)C(CC(N)=O)NC(=O)C(CC(=O)O)NC(=O)C(Cc3cnc[nH]3)NC(=O)C(Cc3ccccc3)NC(=O)C(C(C)CC)NC(=O)C(CCCN)NC2=O)C(C)CC)CS1,
5786,4348_B3D,CCC(CO)NCCNC(CC)CO,
5787,4349_B3D,CCC(NC(=O)C1CCCN1C(=O)C(Cc1ccccc1)NC(=O)C(N)CC(C)C)C(=O)NC(CCCN)C(=O)NC(CC(C)C)C(=O)NC(Cc1ccccc1)C(=O)N1CCCC1C(=O)NC(CC)C(=O)NC(C=O)CCCN,
5788,4350_B3D,CCC(NC(=O)c1c(Cn2ccnc2)c(-c2ccccc2)nc2ccccc12)c1ccccc1,
5789,4351_B3D,CCC(NC(=O)c1c(O)c(-c2ccccc2)nc2ccccc12)c1ccccc1,
5790,4352_B3D,CCC(NC(=O)c1c(OCCCC(=O)O)c(-c2ccccc2)nc2ccccc12)c1ccccc1,
5791,4353_B3D,CCC(NC(=O)c1c(OCCCN(C)C)c(-c2ccccc2)nc2ccccc12)c1ccccc1,
5792,4354_B3D,CCC(NC(=O)c1c(OCCNC(=O)C2CCCN2)c(-c2ccccc2)nc2ccccc12)c1ccccc1,
5793,4355_B3D,CCC(NC(=O)c1c(OCCNC(=O)Cc2ccccc2C(=O)O)c(-c2ccccc2)nc2ccccc12)c1ccccc1,
5794,4356_B3D,CCC(NC(=O)c1c(OCCNC(=O)Cc2ccccn2)c(-c2ccccc2)nc2ccccc12)c1ccccc1,
5795,4357_B3D,CCC1(CC)OC2CC3C4CCC5=CC(=O)C=CC5(C)C4(F)C(O)CC3(C)C2(C(=O)CO)O1,
5796,4358_B3D,CCC1(O)CC(OC2CC(N(C)C)C(OC3CC(O)C(OC4CCC(=O)C(C)O4)C(C)O3)C(C)O2)c2c(cc3c(c2O)C(=O)c2c(O)cccc2C3=O)C1C(=O)OC,
5797,4359_B3D,CCC1(O)CC(OC2CC(N(C)C)C(OC3CC4OC5CC(=O)C(C)OC5OC4C(C)O3)C(C)O2)c2c(O)c3c(c(O)c2C1OC1CC(N(C)C)C(O)C(C)O1)C(=O)c1cccc(O)c1C3=O,
5798,4360_B3D,CCC1(O)CC2CN(CCc3c([nH]c4ccccc34)C(C(=O)OC)(c3cc4c(cc3OC)N(C)C3C(O)(C(N)=O)C(O)C5(CC)C=CCN6CCC43C65)C2)C1,
5799,4361_B3D,CCC1CC(=O)C2Oc3c(OC)ccc4c3C23CCN(CC2CC2)C(C4)C13,
5800,4362_B3D,CCC1CN2CCc3cc(OC)c(OC)cc3C2CC1CC1NCCc2cc(OC)c(OC)cc21,
5801,4363_B3D,CCC1NC(=O)C(NC(=O)c2ncccc2O)C(C)OC(=O)C(c2ccccc2)NC(=O)C2CC(=O)CCN2C(=O)C(Cc2ccccc2)N(C)C(=O)C2CCCN2C1=O,
5802,4364_B3D,CCC1NC(=O)C2CCCN2C(=O)C(Cc2ccccc2)NC(=O)C(CC(C)C)NC(=O)C(CCCN)NC(=O)C(C(C)C)NC(=O)C2CCCN2C(=O)C(Cc2ccccc2)NC(=O)C(CC(C)C)NC(=O)C(CCCN)NC1=O,
5803,4365_B3D,CCC1OC(=O)C(C)C(OC2CC(C)(OC)C(O)C(C)O2)C(C)C(OC2OC(C)CC(N(C)C)C2O)C(C)(O)CC(C)(F)C(=O)C(C)C(O)C1(C)O,
5804,4366_B3D,CCC1OC(=O)C(C)C(OC2CC(C)(OC)C(O)C(C)O2)C(C)C(OC2OC(C)CC(N(C)C)C2O)C(C)(O)CC(C)C(=NOC)C(C)C(O)C1(C)O,
5805,4367_B3D,CCC1OC(=O)C(C)C(OC2CC(C)(OC)C(O)C(C)O2)C(C)C(OC2OC(C)CC(N(C)C)C2O)C(C)(O)CC(C)C(=NOCOCCOC)C(C)C(O)C1(C)O,
5806,4368_B3D,CCC1OC(=O)C(C)C(OC2CC(C)(OC)C(O)C(C)O2)C(C)C(OC2OC(C)CC(N(C)C)C2O)C(C)(O)CC(C)C(=O)C(C)C(O)C1(C)O,
5807,4369_B3D,CCC1OC(=O)C(C)C(OC2CC(C)(OC)C(O)C(C)O2)C(C)C(OC2OC(C)CC(N(C)C)C2O)C(C)(O)CC(C)C(=O)C(C)C(O)C1C,
5808,4370_B3D,CCC1OC(=O)C(C)C(OC2CC(C)(OC)C(O)C(C)O2)C(C)C(OC2OC(C)CC(N(C)C)C2O)C(C)(O)CC(C)C2NC(COCCOC)OC(C2C)C1(C)O,
5809,4371_B3D,CCC1OC(=O)C(C)C(OC2CC(C)(OC)C(O)C(C)O2)C(C)C(OC2OC(C)CC(N(C)C)C2O)C(C)(O)CC(C)CN(C)C(C)C(O)C1(C)O,
5810,4372_B3D,CCC1OC(=O)C(C)C(OC2CC(C)(OC)C(O)C(C)O2)C(C)C(OC2OC(C)CC(N(C)C)C2O)C(C)(OC)CC(C)C(=O)C(C)C(O)C1(C)O,
5811,4373_B3D,CCC=C(C(=O)NC1C(=O)N2C(C(=O)O)=C(COC(N)=O)CSC12)c1csc(N)n1,
5812,4374_B3D,CCC=C(C)C1(CC)C(=O)NC(=O)NC1=O,
5813,4375_B3D,CCCC(=O)OC1(C(=O)CCl)C(C)CC2C3CCC4=CC(=O)C=CC4(C)C3(F)C(=O)CC21C,
5814,4376_B3D,CCCC(=O)OC1(C(=O)CO)CCC2C3CCC4=CC(=O)CCC4(C)C3C(O)CC21C,
5815,4377_B3D,CCCC(=O)OC1(C(=O)COC(=O)CC)CCC2C3CCC4=CC(=O)CCC4(C)C3C(O)CC21C,
5816,4378_B3D,CCCC(=O)OC1(C(=O)COC(C)=O)C(C)CC2C3CCC4=CC(=O)C=CC4(C)C3(Cl)C(O)CC21C,
5817,4379_B3D,CCCC(=O)OC1(C(=O)COC(C)=O)CCC2C3CC(C)C4=CC(=O)CCC4(C)C3C(O)CC21C,
5818,4380_B3D,CCCC(=O)OC1(C(=O)COC(C)=O)CCC2C3CC(F)C4=CC(=O)C=CC4(C)C3(F)C(O)CC21C,
5819,4381_B3D,CCCC(=O)OC1(C(C)=O)CCCC2C3CCC4=CC(=O)C=CC4(C)C3C(O)CC21C,
5820,4382_B3D,CCCC(=O)OCC(=O)C1(OC(=O)CCC)C(C)CC2C3CCC4=CC(=O)C=CC4(C)C3(Cl)C(Cl)CC21C,
5821,4383_B3D,CCCC(C)(O)C1CC23C=CC1(OC)C1Oc4c(OC(C)=O)ccc5c4C12CCN(C)C3C5,
5822,4384_B3D,CCCC1(c2cccc(O)c2)CCN(C)CC1C,
5823,4385_B3D,CCCC1CC(C(=O)NC(C(C)Cl)C2OC(SC)C(O)C(O)C2O)N(C)C1,
5824,4386_B3D,CCCC1CC(C(=O)NC(C(C)Cl)C2OC(SC)C(OP(=O)(O)O)C(O)C2O)N(C)C1,
5825,4387_B3D,CCCC1OC1(CC)C(N)=O,
5826,4388_B3D,CCCC1OC2CC3C4CC(F)C5=CC(=O)C=CC5(C)C4(F)C(O)CC3(C)C2(C(=O)OC(C)OC(=O)OCC)O1,
5827,4389_B3D,CCCC1OC2CC3C4CC(F)C5=CC(=O)CCC5(C)C4(F)C(O)CC3(C)C2(C(=O)CO)O1,
5828,4390_B3D,CCCCC(=O)OC1(C(=O)CO)C(C)CC2C3CCC4=CC(=O)C=CC4(C)C3(F)C(O)CC21C,
5829,4391_B3D,CCCCC(=O)OC1(C(=O)CO)CCC2C3CC(F)C4=CC(=O)C=CC4(C)C3C(O)CC21C,
5830,4392_B3D,CCCCC(=O)OC1(C(=O)CO)CCC2C3CCC4=CC(=O)CCC4(C)C3C(O)CC21C,
5831,4393_B3D,CCCCC1CC(=O)C2(O)OC3C(NC)C(O)C(NC)C(O)C3OC2O1,
5832,4394_B3D,CCCCCC(=NOCCN)c1ccc(C)c(N)c1,
5833,4395_B3D,CCCCCC(=O)CCC1(C)C2Cc3ccc(O)cc3C1(C)CCN2C,
5834,4396_B3D,CCCCCCC(C)(C)c1cc(O)c2c(c1)OC(C)(C)C1CCC(=O)CC21,
5835,4397_B3D,CCCCCCCCCCCCCC(=O)OC1C=CC2C3Cc4ccc(OCc5ccccc5)c5c4C2(CCN3C)C1O5,
5836,4398_B3D,CCCCCCCCCCCCCCCCCC(=O)OCC(=O)OCC(=O)C1(O)CCC2C3CCC4=CC(=O)C=CC4(C)C3C(O)CC21C,
5837,4399_B3D,CCCCCCCNC(=O)Oc1ccc2c(c1)C1(C)CCN(C)C1N2C,
5838,4400_B3D,CCCNC(=O)c1ccc2c(c1)N(C(C)CN1CCCC1)c1ccccc1S2,
5839,4401_B3D,CCCOC(=O)N1CCN(C(=O)Cc2ccc(Cl)c(Cl)c2)C(CN2CCCC2)C1,
5840,4402_B3D,CCN(CC)C(=O)C1(c2ccccc2)CC1CN,
5841,4403_B3D,CCN(CC)C(=O)COc1cc2c(O)c3c(O)c(C)c4c(c13)C(=O)C(C)(OC=CC(OC)C(C)C(OC(C)=O)C(C)C(O)C(C)C(O)C(C)C=CC=C(C)C(=O)N2)O4,
5842,4404_B3D,CCN(CC)C(=O)NC1C=C2c3cccc4[nH]cc(c34)CC2N(C)C1,
5843,4405_B3D,CCN(CC)C(=O)NC1CC2c3cccc4[nH]cc(c34)CC2N(C)C1,
5844,4406_B3D,CCN(CC)CC(=O)OCC(=O)C1(O)CCC2C3CCC4=CC(=O)CCC4(C)C3C(O)CC21C,
5845,4407_B3D,CCN(CC)CCOC(=O)C1N2C(=O)C(NC(=O)c3c(OC)cccc3OC)C2SC1(C)C,
5846,4408_B3D,CCN(CC)S(=O)(=O)NC1CC2c3cccc4[nH]cc(c34)CC2N(C)C1,
5847,4409_B3D,CCN(CC)c1nc2c(s1)c1c(O)c3c(O)c(C)c4c(c32)C(=O)C(C)(OC=CC(OC)C(C)C(OC(C)=O)C(C)C(O)C(C)C(O)C(C)C=CC=C(C)C(=O)N1)O4,
5848,4410_B3D,CCN1CCCC1CNC(=O)c1c(OC)ccc(Br)c1OC,
5849,4411_B3D,CCN1CCN(C(=O)NC(C(=O)NC2C(=O)N3C(C(=O)O)=C(CSc4nnnn4C)CSC23)c2ccc(O)cc2)C(=O)C1=O,
5850,4412_B3D,CCN1CCN(C(=O)NC(C(=O)NC2C(=O)N3C2SC(C)(C)C3C(=O)O)c2ccccc2)C(=O)C1=O,
5851,4413_B3D,CCNC(=O)C=Cc1cccc(Br)c1,
5852,4414_B3D,CCNC(Cc1ccccc1)C1CCCO1,
5853,4415_B3D,CCNC1CC(N)C(OC2OC(CN)=CCC2N)C(O)C1OC1OCC(C)(O)C(NC)C1O,
5854,4416_B3D,CCOC(=O)C(CCc1ccccc1)NC(C)C(=O)N1CCCC1C(=O)O,
5855,4417_B3D,CCOC(=O)CC(O)CC(O)C=CC1=C(c2ccc(F)cc2)c2ccccc2OC12CCCC2,
5856,4418_B3D,CCOC(=O)CCC(=O)OC1C(OC2C(C)C(OC3CC(C)(OC)C(O)C(C)O3)C(C)C(=O)OC(CC)C(C)(O)C(O)C(C)C(=O)C(C)CC2(C)O)OC(C)CC1N(C)C,
5857,4419_B3D,CCOC(=O)N1CCN(C(=O)Cc2ccc(Cl)c(Cl)c2)C(CN2CCCC2)C1,
5858,4420_B3D,CCOC(=O)OC(C)OC(=O)C1N2C(=O)C(N=CN3CCCCCC3)C2SC1(C)C,
5859,4421_B3D,CCOC(=O)OC1(C(=O)COC(=O)CC)CCC2C3CCC4=CC(=O)C=CC4(C)C3C(O)CC21C,
5860,4422_B3D,CCOC(=O)OC1C(OC2C(C)C(OC3CC(C)(OC)C(O)C(C)O3)C(C)C(=O)OC(CC)C(C)(O)C(O)C(C)C(=O)C(C)CC2(C)O)OC(C)CC1N(C)C,
5861,4423_B3D,CCOC(=O)OCCC(SC(=O)OCC)=C(C)N(C=O)Cc1cnc(C)nc1N,
5862,4424_B3D,CCOC1CC2(C)C(CCC3C4CCC(C(C)=O)C4(C)CC(N(C)C)C32)CC1O,
5863,4425_B3D,CCOC1CCN(C(=O)c2cc(-c3ccccc3)c(=O)n3c2-c2cc(Cl)ccc2CC3)C1,
5864,4426_B3D,CCOc1ccc2ccccc2c1C(=O)NC1C(=O)N2C1SC(C)(C)C2C(=O)O,
5865,4427_B3D,CCOc1ccccc1OC(c1ccccc1)C1CNCCO1,
5866,4428_B3D,CCSC1(SC)CCC2C3CCC4=CC(=O)C=CC4(C)C3(F)C(O)CC21C,
5867,4429_B3D,CCc1c(C)[nH]c2c1C(=O)C1CN(C)CCC1C2,
5868,4430_B3D,CCn1nnn(CCN2CCC(N(C(=O)COC)c3ccccc3F)C(C)C2)c1=O,
5869,4431_B3D,CN(C(=O)CNC(=O)C(N)CCCCN)c1ccc(Cl)cc1C(=O)c1ccccc1,
5870,4432_B3D,CN(C(=O)Cc1ccc(Cl)c(Cl)c1)C(CN1CCCC1)c1ccccc1,
5871,4433_B3D,CN(C(=O)Cc1ccc(Cl)c(Cl)c1)C1CCC2(CCCO2)CC1N1CCCC1,
5872,4434_B3D,CN(C(=O)Cc1ccc(Cl)c(Cl)c1)C1CCCCC1N1CCCC1,
5873,4435_B3D,CN(C(=O)Cc1ccccc1N)C(CN1CCC(O)C1)c1ccccc1,
5874,4436_B3D,CN(C)C(CCOc1cccc2ccccc12)c1ccccc1,
5875,4437_B3D,CN(C)C1C(=O)C(C(=O)NC(C(=O)O)N2CCN(CCO)CC2)=C(O)C2(O)C(=O)C3=C(O)c4c(O)cccc4C(C)(O)C3CC12,
5876,4438_B3D,CN(C)C1C(=O)C(C(=O)NCN2CCCC(C(=O)O)C2)=C(O)C2(O)C(=O)C3=C(O)c4c(O)cccc4C(C)(O)C3CC12,
5877,4439_B3D,CN(C)C1C(=O)C(C(=O)NCN2CCCC2)=C(O)C2(O)C(=O)C3=C(O)c4c(O)cccc4C(C)(O)C3CC12,
5878,4440_B3D,CN(C)C1C(=O)C(C(=O)NCNC(C(=O)NC2C(=O)N3C2SC(C)(C)C3C(=O)O)c2ccccc2)=C(O)C2(O)C(=O)C3=C(O)c4c(O)cccc4C(C)(O)C3CC12,
5879,4441_B3D,CN(C)C1C(=O)C(C(=O)NCNCCCCC(N)C(=O)O)=C(O)C2(O)C(=O)C3=C(O)c4c(O)cccc4C(C)(O)C3CC12,
5880,4442_B3D,CN(C)C1C(=O)C(C(=O)NCO)=C(O)C2(O)C(=O)C3=C(O)c4c(O)ccc(Cl)c4C(C)(O)C3CC12,
5881,4443_B3D,CN(C)C1C(=O)C(C(N)=O)=C(O)C2(O)C(=O)C3=C(O)c4c(O)ccc(Cl)c4C(C)(O)C3CC12,
5882,4444_B3D,CN(C)C1C(=O)C(C(N)=O)=C(O)C2(O)C(=O)C3=C(O)c4c(O)ccc(Cl)c4C(O)C3CC12,
5883,4445_B3D,CN(C)C1C(=O)C(C(N)=O)=C(O)C2(O)C(=O)C3=C(O)c4c(O)ccc([N+](=O)[O-])c4CC3CC12,
5884,4446_B3D,CN(C)C1C(=O)C(C(N)=O)=C(O)C2(O)C(=O)C3=C(O)c4c(O)cccc4C(C)(O)C3C(O)C12,
5885,4447_B3D,CN(C)C1C(=O)C(C(N)=O)=C(O)C2(O)C(=O)C3=C(O)c4c(O)cccc4C(C)(O)C3CC12,
5886,4448_B3D,CN(C)C1C(=O)C(C(N)=O)=C(O)C2(O)C(=O)C3=C(O)c4c(O)cccc4C(O)C3CC12,
5887,4449_B3D,CN(C)C1C(=O)C(C(N)=O)=C(O)C2(O)C(=O)C3=C(O)c4c(ccc(N)c4O)CC3CC12,
5888,4450_B3D,CN(C)CC(O)C(c1ccccc1)c1cccc(Cl)c1,
5889,4451_B3D,CN(C)CC=C(c1ccc(Br)cc1)c1cccnc1,
5890,4452_B3D,CN(C)CCC=C1c2ccccc2CNc2cc(Cl)ccc21,
5891,4453_B3D,CN(C)CCC=C1c2ccccc2CSc2ccccc21,
5892,4454_B3D,CN(C)CCC=C1c2ccccc2Sc2ccc(Cl)cc21,
5893,4455_B3D,CN(C)CCn1nnnc1SCC1=C(C(=O)O)N2C(=O)C(NC(=O)Cc3csc(N)n3)C2SC1,
5894,4456_B3D,CN(CC=Cc1ccccc1)CCOC(c1ccccc1)c1ccccc1,
5895,4457_B3D,CN(CCN(C)CNC(=O)C1=C(O)C2(O)C(=O)C3=C(O)c4c(O)cccc4C(C)(O)C3CC2C(N(C)C)C1=O)CNC(=O)C1=C(O)C2(O)C(=O)C3=C(O)c4c(O)cccc4C(C)(O)C3CC2C(N(C)C)C1=O,
5896,4458_B3D,CN(N=O)C(=O)NC1C(O)OC(CO)C(O)C1O,
5897,4459_B3D,CN1C2CCC1CC(NC(=O)N1CC(C)(C)c3ccccc31)C2,
5898,4460_B3D,CN1C2CCC1CC(NC(=O)c1cn(C3CCCCC3)c3ccccc3c1=O)C2,
5899,4461_B3D,CN1CC(CC#N)CC2c3cccc4[nH]cc(c34)CC21,
5900,4462_B3D,CN1CC(CN2CC(=O)NC(=O)C2)C=C2c3cccc4[nH]cc(c34)CC21,
5901,4463_B3D,CN1CC(NS(=O)(=O)N(C)C)CC2c3cccc4c3c(cn4C)CC21,
5902,4464_B3D,CN1CC2Cc3ccc(Cl)cc3C(c3ccccc3)C2C1,
5903,4465_B3D,CN1CCC2(C)c3cc(OC(=O)N4CCc5ccccc5C4)ccc3N(C)C12,
5904,4466_B3D,CN1CCC23c4c5ccc(O)c4OC2(C)C(=O)CCC3C1C5,
5905,4467_B3D,CN1CCC23c4c5ccc(O)c4OC2C(=O)CCC3C1C5,
5906,4468_B3D,CN1CCC23c4c5ccc(O)c4OC2C(C)(O)CCC3C1C5,
5907,4469_B3D,CN1CCC23c4c5ccc(O)c4OC2C(O)CCC3(O)C1C5,
5908,4470_B3D,CN1CCC23c4c5ccc(OC(=O)c6cccnc6)c4OC2C(OC(=O)c2cccnc2)C=CC3C1C5,
5909,4471_B3D,CN1CCN(C(=O)Cc2ccc(Cl)c(Cl)c2)C(CN2CCCC2)C1,
5910,4472_B3D,CN1CCN(C2=Cc3cc(Cl)ccc3C(=CC#N)c3ccccc32)CC1,
5911,4473_B3D,CN1CCN(C2=Nc3cscc3C(=CC#N)c3cscc32)CC1,
5912,4474_B3D,CN1CCN(C=C2N=C3CN=C(c4ccccc4Cl)c4cc([N+](=O)[O-])ccc4N3C2=O)CC1,
5913,4475_B3D,CN1CCN(CC(=O)C2(O)CCC3C4CCC5=CC(=O)C=CC5(C)C4C(O)CC32C)CC1,
5914,4476_B3D,CN1CCN(CCC=C2c3ccccc3Sc3ccc(S(=O)(=O)N(C)C)cc32)CC1,
5915,4477_B3D,CN1CCc2cc(Cl)c(O)cc2C(c2cc(Br)cc3c2OCC3)C1,
5916,4478_B3D,CN1CCc2cc(Cl)c(O)cc2C(c2cccc3c2OCC3)C1,
5917,4479_B3D,CN1CCc2cccc3c2C1Cc1ccc(O)c(O)c1-3,
5918,4480_B3D,CN1c2ccc(Cl)cc2C(c2ccccc2Cl)=NCC1CO,
5919,4481_B3D,CNC(=O)CC(N)C(=O)NC(C(=O)NC1C(=O)N2C1SC(C)(C)C2C(=O)O)c1ccc(O)cc1,
5920,4482_B3D,CNC(=O)OC1OC(=O)C2C3C=CC(C3)C12,
5921,4483_B3D,CNC(CC(C)C)C(=O)NC1C(=O)NC(CC(N)=O)C(=O)NC2C(=O)NC3C(=O)NC(C(=O)NC(C(=O)O)c4cc(O)cc(O)c4-c4cc3ccc4O)C(O)c3ccc(c(Cl)c3)Oc3cc2cc(c3OC2OC(CO)C(O)C(O)C2OC2CC(C)(N)C(O)C(C)O2)Oc2ccc(cc2Cl)C1O,
5922,4484_B3D,CNC1=Nc2ccc(Cl)cc2C(c2ccccc2)=[N+]([O-])C1,
5923,4485_B3D,CNC1C(O)C(OC2C(N)CC(N)C(OC3OC(CN)=CCC3N)C2O)OCC1(C)O,
5924,4486_B3D,CNC1C(O)C(OC2C(N)CC(N)C(OC3OC(CN)CCC3N)C2O)OCC1(C)O,
5925,4487_B3D,CNC1C(OC2C(OC3C(O)C(O)C(N=C(N)N)C(O)C3N=C(N)N)OC(C)C2(O)C=O)OC(CO)C(O)C1O,
5926,4488_B3D,CNC1C(OC2C(OC3C(O)C(O)C(N=C(N)N)C(O)C3N=C(N)N)OC(C)C2(O)CO)OC(CO)C(O)C1O,
5927,4489_B3D,CNC1C(OC2OC(CO)C(N)C(O)C2O)OC2CC(N)C(OC3C(N)CC(N)C(O)C3O)OC2C1O,
5928,4490_B3D,CNC1CC(c2ccc(Cl)c(Cl)c2)c2ccccc21,
5929,4491_B3D,CNCC(O)CC12CCC(c3ccccc31)c1ccccc12,
5930,4492_B3D,CNCC1CN(c2ccc(OCc3cccc(Cl)c3)cc2)C(=O)O1,
5931,4493_B3D,CNCC=C(c1ccc(Br)cc1)c1cccnc1,
5932,4494_B3D,CNCCC(O)C1CC(SC2=C(C(=O)O)N3C(=O)C(C(C)O)C3C2C)CN1,
5933,4495_B3D,CNCCC(Oc1ccccc1C)c1ccccc1,
5934,4496_B3D,CNc1cc(OC)c(C(=O)NC2CCN(Cc3ccccc3)C2C)cc1Cl,
5935,4497_B3D,COC(=O)C1C2CC3c4[nH]c5ccc(Cl)cc5c4CCN3CC2CC(OC(=O)c2cc(OC)c(OC)c(OC)c2)C1OC,
5936,4498_B3D,COC(=O)C1NC(=O)C2NC(=O)C(NC(=O)C3NC(=O)C4NC(=O)C(NC(=O)C(N)c5ccc(O)c(c5)Oc5cc4cc(O)c5C)C(O)c4ccc(c(Cl)c4)Oc4cc3cc(c4O)Oc3ccc(cc3Cl)C2OC2OC(CO)C(O)C(O)C2NC(C)=O)c2ccc(O)c(c2)-c2c(O)cc(O)cc21,
5937,4499_B3D,COC(=O)N1CCN(C(=O)Cc2ccc(Cl)c(Cl)c2)C(CN2CCCC2)C1,
5938,4500_B3D,COC(C(=O)C(O)C(C)O)C1Cc2cc3cc(OC4CC(OC5CC(O)C(O)C(C)O5)C(O)C(C)O4)c(C)c(O)c3c(O)c2C(=O)C1OC1CC(OC2CC(O)C(OC3CC(C)(O)C(O)C(C)O3)C(C)O2)C(O)C(C)O1,
5939,4501_B3D,COC(C(=O)NC1C(=O)N2C1SC(C)(C)C2C(=O)O)c1ccc(Cl)c(Cl)c1,
5940,4502_B3D,COC(OC)C(=O)C12OC(C)(C)OC1CC1C3CC(F)C4=CC(=O)C=CC4(C)C3(F)C(O)CC12C,
5941,4503_B3D,COC1(NC(=O)C(C(=O)O)c2ccsc2)C(=O)N2C(C(=O)O)C(C)(C)SC21,
5942,4504_B3D,COC1(NC(=O)C2SC(=C(C#N)C(=O)O)S2)C(=O)N2C(C(=O)O)=C(CSc3nnnn3C)CSC21,
5943,4505_B3D,COC1(NC(=O)CSC(F)F)C(=O)N2C(C(=O)O)=C(CSc3nnnn3CCO)COC21,
5944,4506_B3D,COC1(NC(=O)CSCC#N)C(=O)N2C(C(=O)O)=C(CSc3nnnn3C)CSC21,
5945,4507_B3D,COC1(NC(=O)CSCC(N)C(=O)O)C(=O)N2C(C(=O)O)=C(CSc3nnnn3C)CSC21,
5946,4508_B3D,COC1(NC(=O)Cc2cccs2)C(=O)N2C(C(=O)O)=C(COC(N)=O)CSC21,
5947,4509_B3D,COC12C(COC(N)=O)C3=C(C(=O)C(C)=C(N)C3=O)N1CC1NC12,
5948,4510_B3D,COC12C=CC3(CC1C(C)(C)O)C1Cc4ccc(O)c5c4C3(CCN1CC1CC1)C2O5,
5949,4511_B3D,COC12CCC3(CC1C(C)(C)O)C1Cc4ccc(O)c5c4C3(CCN1CC1CC1)C2O5,
5950,4512_B3D,COC12CCC3(CC1C(C)(O)C(C)(C)C)C1Cc4ccc(O)c5c4C3(CCN1CC1CC1)C2O5,
5951,4513_B3D,COC1C(O)C(N)C(OC2OC(C(C)N)CCC2N)C(O)C1N(C)C(=O)CN,
5952,4514_B3D,COC1C(O)CC(=O)OC(C)CC=CC=CC(O)C(C)CC(CC=O)C1OC1OC(C)C(OC2CC(C)(O)C(O)C(C)O2)C(N(C)C)C1O,
5953,4515_B3D,COC1C(O)CC(=O)OC(C)CC=CC=CC(OC2CCC(N(C)C)C(C)O2)C(C)CC(CC=O)C1OC1OC(C)C(OC2CC(C)(O)C(O)C(C)O2)C(N(C)C)C1O,
5954,4516_B3D,COC1C(OC(C)=O)CC(=O)OC(C)CC=CC=CC(O)C(C)CC(CC=O)C1OC1OC(C)C(OC2CC(C)(O)C(OC(=O)CC(C)C)C(C)O2)C(N(C)C)C1O,
5955,4517_B3D,COC1C(OC(N)=O)C(O)C(Oc2ccc3c(O)c(NC(=O)c4ccc(O)c(CC=C(C)C)c4)c(=O)oc3c2C)OC1(C)C,
5956,4518_B3D,COC1C=COC2(C)Oc3c(C)c(O)c4c(O)c(c(C=NN5CCN(C6CCCC6)CC5)c(O)c4c3C2=O)NC(=O)C(C)=CC=CC(C)C(O)C(C)C(O)C(C)C(OC(C)=O)C1C,
5957,4519_B3D,COC1C=COC2(C)Oc3c(C)c(O)c4c(O)c(c5c(c4c3C2=O)NC2(CCN(CC(C)C)CC2)N=5)=NC(=O)C(C)=CC=CC(C)C(O)C(C)C(O)C(C)C(OC(C)=O)C1C,
5958,4520_B3D,COC1C=COC2(C)Oc3c(C)c(O)c4c(O)c(c5c(nc6cc(C)ccn65)c4c3C2=O)NC(=O)C(C)=CC=CC(C)C(O)C(C)C(O)C(C)C(OC(C)=O)C1C,
5959,4521_B3D,COC1C=COC2(C)Oc3c(C)c(O)c4c(O)c(cc(O)c4c3C2=O)NC(=O)C(C)=CC=CC(C)C(O)C(C)C(O)C(C)C(OC(C)=O)C1C,
5960,4522_B3D,COC1CC(OC2C(C)C(=O)OC(C)C(C)C(O)C(C)C(=O)C3(CO3)CC(C)C(OC3OC(C)CC(N(C)C)C3O)C2C)OC(C)C1O,
5961,4523_B3D,COC1CC(OC2C(C)C(=O)OC(C)C(C)C(OC(C)=O)C(C)C(=O)C3(CO3)CC(C)C(OC3OC(C)CC(N(C)C)C3OC(C)=O)C2C)OC(C)C1OC(C)=O,
5962,4524_B3D,COC1CC(OC2C(C)OC(OC3C(C)=CCC4CC(CC5(CCC(C)C(C(C)C)O5)O4)OC(=O)C4C=C(C)C(O)C5OCC(=CC=CC3C)C45O)CC2OC)OC(C)C1O,
5963,4525_B3D,COC1CCCC2C1=C(C=O)N1C(=O)C(C(C)O)C21,
5964,4526_B3D,COC1OC2OC3(CN4CCCCC4)C(O)CC(C2C)C13,
5965,4527_B3D,COCC(=O)OC1(CCN(C)CCCc2nc3ccccc3[nH]2)CCc2cc(F)ccc2C1C(C)C,
5966,4528_B3D,COCC1=C(C(=O)O)N2C(=O)C(NC(=O)C(=NO)c3csc(N)n3)C2SC1,
5967,4529_B3D,COCC1=C(C(=O)O)N2C(=O)C(NC(=O)C(=NOC)c3csc(N)n3)C2SC1,
5968,4530_B3D,COCC1CN(c2ccc(OCCC(O)C(F)(F)F)cc2)C(=O)O1,
5969,4531_B3D,COCCCCC(=NOCCN)c1ccc(Cl)cc1,
5970,4532_B3D,COCOC(=O)C1N2C(=O)C(N3C(=O)C(c4ccccc4)NC3(C)C)C2SC1(C)C,
5971,4533_B3D,COCc1c(C(C)C)nc(C(C)C)c(C=CC(O)CC(O)CC(=O)O)c1-c1ccc(F)cc1,
5972,4534_B3D,CON=C(C(=O)NC1C(=O)N(OCC(=O)O)C1C)c1csc(N)n1,
5973,4535_B3D,CON=C(C(=O)NC1C(=O)N(OCC(=O)OCC(=O)OC(C)(C)C)C1C)c1csc(N)n1,
5974,4536_B3D,CON=C(C(=O)NC1C(=O)N2C(C(=O)O)=C(C)CSC12)c1csc(N)n1,
5975,4537_B3D,CON=C(C(=O)NC1C(=O)N2C(C(=O)O)=C(C=CSc3n[nH]c(=O)c(=O)n3CC=O)CSC12)c1csc(N)n1,
5976,4538_B3D,CON=C(C(=O)NC1C(=O)N2C(C(=O)O)=C(C=Cc3scnc3C)CSC12)c1csc(N)n1,
5977,4539_B3D,CON=C(C(=O)NC1C(=O)N2C(C(=O)O)=C(COC(C)=O)CSC12)c1ccco1,
5978,4540_B3D,CON=C(C(=O)NC1C(=O)N2C(C(=O)O)=C(COC(C)=O)CSC12)c1csc(N)n1,
5979,4541_B3D,CON=C(C(=O)NC1C(=O)N2C(C(=O)O)=C(COC(C)=O)C[S+]([O-])C12)c1csc(N)n1,
5980,4542_B3D,CON=C(C(=O)NC1C(=O)N2C(C(=O)O)=C(COC(N)=O)CSC12)c1ccco1,
5981,4543_B3D,CON=C(C(=O)NC1C(=O)N2C(C(=O)O)=C(CSC(=O)c3ccco3)CSC12)c1csc(N)n1,
5982,4544_B3D,CON=C(C(=O)NC1C(=O)N2C(C(=O)O)=C(CSc3cnns3)CSC12)c1csc(N)n1,
5983,4545_B3D,CON=C(C(=O)NC1C(=O)N2C(C(=O)O)=C(CSc3nc(=O)c(=O)[nH]n3C)CSC12)c1csc(N)n1,
5984,4546_B3D,CON=C(C(=O)NC1C(=O)N2C(C(=O)O)=C(CSc3nc(C)c(CC(=O)O)s3)CSC12)c1csc(N)n1,
5985,4547_B3D,CON=C(C(=O)NC1C(=O)N2C(C(=O)O)=C(CSc3nnnn3C)CSC12)c1csc(N)n1,
5986,4548_B3D,CON=C(C(=O)NC1C(=O)N2C(C(=O)O)=C(Cn3nnc(C)n3)CSC12)c1csc(N)n1,
5987,4549_B3D,CON=C(C(=O)NC1C(=O)N2C(C(=O)O)=CCSC12)c1csc(N)n1,
5988,4550_B3D,CON=C(C(=O)NC1C(=O)N2C(C(=O)OC(C)OC(=O)C(C)(C)OC)=C(COC(N)=O)CSC12)c1ccco1,
5989,4551_B3D,CON=C(C(=O)NC1C(=O)N2C(C(=O)OC(C)OC(C)=O)=C(COC(N)=O)CSC12)c1ccco1,
5990,4552_B3D,CON=C(C(=O)NC1C(=O)N2C(C(=O)OCOC(=O)C(C)(C)C)=CCSC12)c1csc(NC(=O)C(C)N)n1,
5991,4553_B3D,CON=CC1=CCCN(C)C1,
5992,4554_B3D,COc1cc(C(=O)C=CN2CC=CC2)cc(OC)c1OC,
5993,4555_B3D,COc1cc(C=CC(=O)N2CCCCCCC2)cc(OC)c1OC,
5994,4556_B3D,COc1cc(C=CC(N)=O)cc(OC)c1OC,
5995,4557_B3D,COc1cc2c(cc1OC)C(c1ccccc1)CN(C)CC2,
5996,4558_B3D,COc1ccc(-c2cc(=O)c3c(O)cc(OC4OC(COC5OC(C)C(O)C(O)C5O)C(O)C(O)C4O)cc3o2)cc1O,
5997,4559_B3D,COc1ccc(C(O)CN2CCN(c3cccccc3=O)CC2)cc1OC,
5998,4560_B3D,COc1ccc(CC(=O)N2CCN(C(C)=O)CC2CN2CCC(O)C2)cc1,
5999,4561_B3D,COc1ccc(N2CC(CN3CCC(O)(c4ccc5c(c4)OCO5)CC3)OC2=O)cc1,
6000,4562_B3D,COc1ccc2c(c1)C(=CCCN(C)C)c1ccccc1O2,
6001,4563_B3D,COc1ccc2c(c1)C13CCCCC1C(C2)N(C)CC3,
6002,4564_B3D,COc1ccc2c(c1)N(CC(C)CN(C)C)c1ccccc1S2,
6003,4565_B3D,COc1ccc2c(c1OC)C(=O)OC2C1c2c(cc3c(c2OC)OCO3)CCN1C,
6004,4566_B3D,COc1ccc2c(c1OC)C13CCN(C)C(C2)C1(O)CCC(O)C3,
6005,4567_B3D,COc1ccc2c3c([nH]c2c1)C1CC2C(CC(OC(=O)c4cc(OC)c(OC)c(OC)c4)C(OC)C2OC(C)=O)CN1CC3,
6006,4568_B3D,COc1ccc2c3c1OC1C(=O)CCC4C(C2)N(C)CCC314,
6007,4569_B3D,COc1ccc2c3c1OC1C(O)CCC4C(C2)N(C)CCC341,
6008,4570_B3D,COc1cccc(C(=O)NC2CC3CCC(C2)N3Cc2ccccc2)c1OC,
6009,4571_B3D,COc1cccc(C2(O)CCCCC2CN(C)C)c1,
6010,4572_B3D,COc1cccc2c1C(=O)c1c(O)c3c(c(O)c1C2=O)CC(O)(C(=O)CO)CC3OC1CC(N)C(OC2CCCCO2)C(C)O1,
6011,4573_B3D,COc1cccc2c1C(=O)c1c(O)c3c(c(O)c1C2=O)CC(O)(C(=O)CO)CC3OC1CC(N)CC(C)O1,
6012,4574_B3D,COc1cccc2c1C(=O)c1c(O)c3c(c(O)c1C2=O)CC(O)(C(=O)CO)CC3OC1CC(NC(=O)C(N)CC(C)C)C(O)C(C)O1,
6013,4575_B3D,COc1cccc2c1C(=O)c1c(O)c3c(c(O)c1C2=O)CC(O)(C(C)=NNC(=O)c1ccccc1)CC3OC1CC(N)C(O)C(C)O1,
6014,4576_B3D,COc1cccc2c1C(=O)c1c(O)c3c(c(O)c1C2=O)CC(O)(C(C)=O)CC3OC1CC(N)C(O)C(C)O1,
6015,4577_B3D,COc1cccc2c1C(=O)c1c(O)c3c(c(O)c1C2=O)CC(O)(C(O)CO)CC3O,
6016,4578_B3D,COc1cccc2c1CC(CCCNCCCCN1C(=O)CC3(CCCC3)CC1=O)CO2,
6017,4579_B3D,COc1ccccc1N1CCN(CCCCN2C(=O)C3C(=O)N(C(C)(C)C)C(=O)C(C2=O)C3(C)C)CC1,
6018,4580_B3D,CS(=O)(=O)c1ccc(C(O)C(CF)NC(=O)C(Cl)Cl)cc1,
6019,4581_B3D,CSC(=O)C1(OC(C)=O)C(C)CC2C3CCC4=CC(=O)C=CC4(C)C3(F)C(O)CC21C,
6020,4582_B3D,CSCCC(NC(C)=O)C(=O)Oc1ccc(NC(C)=O)cc1,
6021,4583_B3D,CSc1ccc(CC(=O)N2CCN(C(C)=O)CC2CN2CCC(O)C2)cc1,
6022,4584_B3D,C[N+](C)([O-])CCC=C1c2ccccc2C=Cc2c(Cl)cccc21,
6023,4585_B3D,Cc1cc(=O)c(C(=O)NC(C(=O)NC2C(=O)N3C(C(=O)O)=C(CSc4nnnn4C)CSC23)c2ccc(O)cc2)c[nH]1,
6024,4586_B3D,Cc1cc(N(C)C)ccc1CC(C)N,
6025,4587_B3D,Cc1ccc2c(c1)C13CCCCC1C(C2)N(C)CC3,
6026,4588_B3D,Cc1cccc(C=NN2CCN(C(c3ccccc3)c3ccccc3)CC2)n1,
6027,4589_B3D,Cc1cccc(Cl)c1NC(=O)C=C1SCC(=O)N1C,
6028,4590_B3D,Cc1cccc(OC2CCNCC2O)c1C,
6029,4591_B3D,Cc1ccccc1-n1c(C=Cc2ccccn2)nc2ccccc2c1=O,
6030,4592_B3D,Cc1ccsc1C(=CCCN1CCCC(C(=O)O)C1)c1sccc1C,
6031,4593_B3D,Cc1cnn(-c2c(Cl)cccc2Cl)c1C(=O)NC1C(=O)N2C1SC(C)(C)C2C(=O)O,
6032,4594_B3D,Cc1nnc(SCC2=C(C(=O)O)N3C(=O)C(NC(=O)C(N)c4ccc(O)cc4)C3SC2)s1,
6033,4595_B3D,Cc1nnc(SCC2=C(C(=O)O)N3C(=O)C(NC(=O)C(O)c4ccccc4)C3SC2)s1,
6034,4596_B3D,Cc1nnc(SCC2=C(C(=O)O)N3C(=O)C(NC(=O)Cn4cc(Cl)c(=O)c(Cl)c4)C3SC2)s1,
6035,4597_B3D,Cc1nnc(SCC2=C(C(=O)O)N3C(=O)C(NC(=O)Cn4cnnn4)C3SC2)s1,
6036,4598_B3D,Cc1oc(=O)oc1COC(=O)C1N2C(=O)C(NC(=O)C(N)c3ccccc3)C2SC1(C)C,
6037,4599_B3D,Cc1onc(-c2c(Cl)cccc2Cl)c1C(=O)NC1C(=O)N2C1SC(C)(C)C2C(=O)O,
6038,4600_B3D,Cc1onc(-c2c(F)cccc2Cl)c1C(=O)NC1C(=O)N2C1SC(C)(C)C2C(=O)O,
6039,4601_B3D,Cc1onc(-c2ccccc2)c1C(=O)NC1C(=O)N2C1SC(C)(C)C2C(=O)O,
6040,4602_B3D,Cc1onc(-c2ccccc2Cl)c1C(=O)NC1C(=O)N2C1SC(C)(C)C2C(=O)O,
6041,4603_B3D,ClC(=Cn1cncn1)c1ccc(Cl)cc1Cl,
6042,4604_B3D,Clc1ccc(N2CCN(CC=Cc3ccccc3)CC2)nn1,
6043,4605_B3D,Clc1ccc2c(c1)C(=CC1CN3CCC1CC3)c1ccccc1S2,
6044,4606_B3D,Cn1nnnc1SCC1=C(C(=O)O)N2C(=O)C(NC(=O)C(O)c3ccccc3)C2SC1,
6045,4607_B3D,Cn1nnnc1SCC1=C(C(=O)O)N2C(=O)C(NC(=O)CSC(F)(F)F)C2SC1,
6046,4608_B3D,Cn1nnnc1SCC1=C(C(=O)O)N2C(=O)C(NC(=O)CSC=CC#N)C2SC1,
6047,4609_B3D,FC(F)(F)c1cccc(N2CCN(CCc3nnc4n3CC3CCCC43)CC2)c1,
6048,4610_B3D,Fc1ccc(C2CCNCC2COc2ccc3c(c2)OCO3)cc1,
6049,4611_B3D,N#CC(=Cc1ccc(O)cc1)C(C#N)=Cc1ccc(O)cc1,
6050,4612_B3D,N#CCNC1CCc2ccccc21,
6051,4613_B3D,NC(=O)OCC1C(NC(=O)C(=NOCC(=O)O)c2csc(N)n2)C(=O)N1S(=O)(=O)O,
6052,4614_B3D,NC(=O)c1ccc(F)c2c1CC(N(C1CCC1)C1CCC1)CO2,
6053,4615_B3D,NC(C(=O)NC1C(=O)N2C(C(=O)O)=C(CSc3cn[nH]n3)CSC12)c1ccc(O)cc1,
6054,4616_B3D,NC(C(=O)NC1C(=O)N2C(C(=O)O)=C(Cl)CCC12)c1ccccc1,
6055,4617_B3D,NC(C(=O)NC1C(=O)N2C(C(=O)O)=C(Cl)CSC12)c1ccccc1,
6056,4618_B3D,NC(Cc1c[nH]c2ccccc12)C(=O)O,
6057,4619_B3D,NC1CC1c1ccccc1,
6058,4620_B3D,NCC(=CF)CCc1ccc(F)cc1,
6059,4621_B3D,NCC1OC(OC2C(CO)OC(OC3C(O)C(N)CC(N)C3OC3OC(CN)C(O)C(O)C3N)C2O)C(N)C(O)C1O,
6060,4622_B3D,NCC1OC(OC2C(N)CC(N)C(O)C2O)C(N)C(O)C1O,
6061,4623_B3D,NCC1OC(OC2C(N)CC(N)C(OC3OC(CO)C(O)C(N)C3O)C2O)C(N)CC1O,
6062,4624_B3D,NCCC(O)C(=O)NC1CC(N)C(OC2OC(CN)CCC2N)C(O)C1OC1OC(CO)C(O)C(N)C1O,
6063,4625_B3D,NCc1ccccc1CC(=O)NC1C(=O)N2C(C(=O)O)=C(CSc3nnnn3CC(=O)O)CSC12,
6064,4626_B3D,Nc1ccn(C2OC(CO)C(O)C2O)c(=O)n1,
6065,4627_B3D,Nc1nc(C(=CCC(=O)O)C(=O)NC2C(=O)N3C(C(=O)O)=CCSC23)cs1,
6066,4628_B3D,Nc1nc(Cl)nc2c1ncn2C1CC(O)C(CO)O1,
6067,4629_B3D,Nc1nc2c(ncn2CCC(O)CO)c(=O)[nH]1,
6068,4630_B3D,O=C(C=Cc1ccc2c(c1)OCO2)N1CCCCC1,
6069,4631_B3D,O=C(CN1CCC(c2ccc(F)cc2)C(COc2ccc3c(c2)OCO3)C1)c1ccc(F)cc1,
6070,4632_B3D,O=C(Cc1ccc(C(F)(F)F)cc1)N1CCCCC1CN1CCCC1,
6071,4633_B3D,O=C(Cc1ccc(Cl)c(Cl)c1)N1CCCCC1CN1CCCC1,
6072,4634_B3D,O=C(Cc1ccc(Cl)c(Cl)c1)N1CCN(CCO)CC1CN1CCC(O)C1,
6073,4635_B3D,O=C(Cc1ccc(Cl)c(Cl)c1)N1CCc2[nH]cnc2C1CN1CCC(O)C1,
6074,4636_B3D,O=C(Cc1ccc(Cl)c(Cl)c1)N1CCc2[nH]cnc2C1CN1CCCC1,
6075,4637_B3D,O=C(Cc1ccc(Cl)c(Cl)c1)N1CCc2ccccc2C1CN1CCCC1,
6076,4638_B3D,O=C(Cc1ccc(Cl)c(Cl)c1)N1CCc2ccsc2C1CN1CCCC1,
6077,4639_B3D,O=C(Cc1ccc(Cl)c(Cl)c1)N1CCc2occc2C1CN1CCC(O)C1,
6078,4640_B3D,O=C(Cc1ccc(Cl)c(Cl)c1)N1CCc2occc2C1CN1CCCC1,
6079,4641_B3D,O=C(Cc1ccc(Cl)c(Cl)c1)N1CCc2sccc2C1CN1CCCC1,
6080,4642_B3D,O=C(Cc1ccc(Cl)c(Cl)c1)N1CCn2ccnc2C1CN1CCC(O)C1,
6081,4643_B3D,O=C(Cc1ccc(Cl)c(Cl)c1)N1CCn2ccnc2C1CN1CCCC1,
6082,4644_B3D,O=C(Cc1ccc(Cl)c(Cl)c1)N1CCn2ncnc2C1CN1CCCC1,
6083,4645_B3D,O=C(Cc1cccs1)NC1C(=O)N2C(C(=O)O)=C(CSc3ncn[nH]3)CSC12,
6084,4646_B3D,O=C(Cn1cnnn1)NC1C(=O)N2C(C(=O)O)=C(CSc3nncs3)CSC12,
6085,4647_B3D,O=C(O)C1=C(CSc2nnnn2CS(=O)(=O)O)CSC2C(NC(=O)C(O)c3ccccc3)C(=O)N12,
6086,4648_B3D,O=C1C2C3C=CC(C4C=CC43)C2C(=O)N1CCCCN1CCN(c2ncccn2)CC1,
6087,4649_B3D,O=C1C2CCCCC2C(=O)N1CCCCN1CCN(c2nsc3ccccc23)CC1,
6088,4650_B3D,O=C1CC2c3cc(Cl)ccc3OC3(CCNCC23)N1,
6089,4651_B3D,O=C1CCC(C(=O)N2CCCCC2)N1,
6090,4652_B3D,O=C1CCC(c2ccccc2)(C2CCN(CC=Cc3ccccc3)CC2)C(=O)N1,
6091,4653_B3D,O=C1CCC2C3Cc4cccc(O)c4C2(CCN3CC2CC2)C1,
6092,4654_B3D,O=C1C[N+]([O-])=C(c2ccccc2)c2cc(Cl)ccc2N1,
6093,4655_B3D,O=C1NC(=O)C2(CCN(C(=O)Cc3ccc(Cl)c(Cl)c3)C(CN3CCCC3)C2)N1,
6094,4656_B3D,O=c1[nH]c2ccccc2c(=O)n1CCN1CC2CC(c3ccc(F)cc3)C2C1,
6095,4657_B3D,OCC(O)C1OC2OC(C(Cl)(Cl)Cl)OC2C1O,
6096,4658_B3D,OCCC1CCN(CCC=C2c3ccc(F)cc3Sc3ccc(C(F)(F)F)cc32)CC1,
6097,4659_B3D,OCCN1CCN(CCC=C2c3ccccc3COc3ccc(Cl)cc32)CC1,
6098,4660_B3D,OCCN1CCN(CCC=C2c3ccccc3Sc3ccc(C(F)(F)F)cc32)CC1,
6099,4661_B3D,OCCN1CCN(CCC=C2c3ccccc3Sc3ccc(Cl)cc32)CC1,
6100,4662_B3D,OCc1ccccc1OC1OC(CO)C(O)C(O)C1O,
6101,4663_B3D,[O-][N+]1=C(c2ccccc2)c2cc(Cl)ccc2N=C(NCC2CC2)C1,
6102,4664_B3D,c1ccc(C2(c3ccccc3)OCC(C3CCCCN3)O2)cc1,
6103,4665_B3D,CC(=O)NC1C(I)C(NC(C)=O)C(I)C(C(=O)O)C1I,
6104,4666_B3D,CC(C)(ON=C(C(=O)NC1C(=O)N2C(C(=O)O)=C(C[n+]3ccccc3)CSC12)c1csc(N)n1)C(=O)O,
6105,4667_B3D,CC12CCC(=O)C=C1CCC1C2C(O)CC2(C=O)C(C(=O)CO)CCC12,
6106,4668_B3D,CC1C=CC=CC=CC=CC=CC=CC=CC(OC2OC(C)C(O)C(N)C2O)CC2OC(O)(CC(O)CC(O)C(O)CCC(O)CC(O)CC(=O)OC(C)C(C)C1O)CC(O)C2C(=O)O,
6107,4669_B3D,CCCc1ccc(Cl)cc1,
6108,4670_B3D,CCOc1cccc(F)c1B(O)O,
6109,4671_B3D,CC[C@H](C)[C@H](NC(=O)[C@@H](CCC(=O)O)NC(=O)[C@H](CC(C)C)NC(=O)[C@@H]1CSC([C@H](N)[C@H](C)CC)=N1)C(=O)NCCCC[C@@H]1NC(=O)[C@H](CC(N)=O)NC(=O)[C@@H](CC(=O)O)NC(=O)[C@H](Cc2c[nH]cn2)NC(=O)[C@@H](Cc2ccccc2)NC(=O)[C@H]([C@@H](C)CC)NC(=O)[C@@H](CCCN)NC1=O,
6110,4672_B3D,CN1Cc2c(-c3noc(C(C)(CO)CO)n3)ncn2-c2ccccc2C1=O,
6111,4673_B3D,COC(C(=O)C(O)C(C)O)C1Cc2cc3cc(OC4CC(OC5CC(O)C(O)C(C)O5)C(O)C(C)O4)c(C)c(O)c3c(O)c2C(=O)C1OC1CC(OC2CC(OC3CC(C)(O)C(O)C(C)O3)C(O)C(C)O2)C(O)C(C)O1,
6112,4674_B3D,N#Cc1ccc(N2CCC3(CCNCC3)CC2)cc1,
6113,4675_B3D,NC(=O)N1c2ccccc2[C@H]2O[C@@H]2c2ccccc21,
6114,4676_B3D,O=C(Cc1ccc(Cl)c(Cl)c1)N1CCc2ccsc2[C@H]1CN1CCCC1,
6115,4677_B3D,O=C(O)c1cc(=O)c2c(OCC(O)COc3cccc4oc(C(=O)O)cc(=O)c34)cccc2o1,
6116,4678_B3D,O=C(O)c1cc(=O)cco1,
6117,4679_B3D,O=C1NC(=O)[C@]2(CCN(C(=O)Cc3ccc(Cl)c(Cl)c3)[C@@H](CN3CCCC3)C2)N1,
6118,4680_B3D,C#C[C@]1(O)CC[C@H]2[C@@H]3CCC4=Cc5c(cnn5-c5ccc(F)cc5)C[C@]4(C)[C@H]3CC[C@@]21C,
6119,4681_B3D,C/C(=C1\CCOC(=O)S1)N(C=O)Cc1cnc(C)nc1N,
6120,4682_B3D,C/C(=C\CCN1CCC2(CC1)C(=O)NCN2c1ccccc1)c1ccc(F)cc1,
6121,4683_B3D,C/C=C\C=C\[C@@H]1O[C@](O)([C@H](CC)C(=O)NC/C=C/C=C(\C)[C@@H](OC)[C@@H](C)C2O[C@H](/C=C/C=C/C=C(\C)C(=O)c3c(O)ccn(C)c3=O)[C@H](O)[C@@H]2O)[C@H](O)[C@H](O[C@@H]2O[C@H](C)[C@@H](O[C@@H]3O[C@@H](C)[C@H](OC)[C@@H](O)[C@H]3OC)[C@@H](OC)[C@H]2O)C1(C)C,
6122,4684_B3D,C=C1CC2C3C=CC4=CC(=O)CC[C@]4(C)C3[C@@H](O)C[C@]2(C)[C@@]1(O)C(=O)CO,
6123,4685_B3D,C=C1CC2C3CCC4=CC(=O)C=C[C@]4(C)C3[C@@H](O)C[C@]2(C)[C@@]1(O)C(=O)CO,
6124,4686_B3D,C=C1CC2C3CCC4=CC(=O)C=C[C@]4(C)[C@@]3(F)[C@@H](O)C[C@]2(C)[C@@]1(O)C(=O)CO,
6125,4687_B3D,C=C1c2c(Cl)ccc(O)c2C(O)=C2C(=O)[C@]3(O)C(O)=C(C(N)=O)C(=O)[C@@H](N(C)C)[C@@H]3[C@@H](O)[C@H]12,
6126,4688_B3D,C=CC1=C(C(=O)O)N2C(=O)[C@@H](NC(=O)/C(=N\O)c3csc(N)n3)[C@H]2SC1,
6127,4689_B3D,C=CC1O[C@@H]2C[C@H]3[C@@H]4CCC5=CC(=O)C=C[C@]5(C)[C@@]4(F)[C@@H](O)C[C@]3(C)[C@]2(C(=O)CO)O1,
6128,4690_B3D,C=CCN1CCC23c4c5ccc(O)c4O[C@H]2C2(OC)C=CC3(C[C@@H]2C(C)(O)CCC)C1C5,
6129,4691_B3D,C=CCSCC(=O)N[C@@H]1C(=O)N2[C@@H](C(=O)O)C(C)(C)S[C@H]12,
6130,4692_B3D,C=CC[C@@H]1C=C(C)C[C@H](C)C[C@H](OC)[C@H]2O[C@@](O)(C(=O)C(=O)N3CCCC[C@H]3C(=O)O[C@H](/C(C)=C/[C@@H]3CC[C@@H](O)[C@H](OC)C3)[C@H](C)[C@@H](O)CC1=O)[C@H](C)C[C@@H]2OC,
6131,4693_B3D,C=C[C@H]1CNCC[C@H]1CCCc1ccnc2ccc(OC)cc12,
6132,4694_B3D,CC(=N)N1CC[C@@H](SC2=C(C(=O)O)N3C(=O)[C@H]([C@@H](C)O)[C@H]3C2)C1,
6133,4695_B3D,CC(=O)N1CCN(c2ccc(OCC3CO[C@](Cn4ccnc4)(c4ccc(Cl)cc4Cl)O3)cc2)CC1,
6134,4696_B3D,CC(=O)Nc1ccc(S(=O)(=O)c2ccc(NC(C)=O)cc2)cc1,
6135,4697_B3D,CC(=O)OCC(=O)[C@@]1(O)CCC2C3CCC4=CC(=O)C=C[C@]4(C)[C@@]3(Cl)[C@@H](Cl)C[C@@]21C,
6136,4698_B3D,CC(=O)OCC(=O)[C@@]1(O)CCC2C3CCC4=CC(=O)CC[C@]4(C)[C@@]3(F)[C@@H](O)C[C@@]21C,
6137,4699_B3D,CC(=O)OCC(=O)[C@@]1(O)CCC2C3C[C@H](Cl)C4=CC(=O)C=C[C@]4(C)C3C(=O)C[C@@]21C,
6138,4700_B3D,CC(=O)OCC(=O)[C@@]1(O)CC[C@H]2C3CCC4=CC(=O)CC[C@]4(C)[C@H]3C(=O)C[C@@]21C,
6139,4701_B3D,CC(=O)OCC(=O)[C@@]1(O)[C@H](C)CC2C3CCC4=CC(=O)C=C[C@]4(C)[C@@]3(F)[C@@H](O)C[C@@]21C,
6140,4702_B3D,CC(=O)OCC(=O)[C@@]1(O)[C@H](C)C[C@H]2C3C=C(C)C4=Cc5c(cnn5-c5ccccc5)C[C@]4(C)[C@H]3[C@@H](O)C[C@@]21C,
6141,4703_B3D,CC(=O)OCC(=O)[C@@]1(O)[C@H](C)C[C@H]2C3CC(F)(F)C4=CC(=O)C=C[C@]4(C)[C@@]3(F)[C@@H](O)C[C@@]21C,
6142,4704_B3D,CC(=O)OCC(=O)[C@@]1(O)[C@H](C)C[C@H]2C3C[C@H](F)C4=CC(=O)C=C[C@]4(C)[C@H]3[C@@H](O)C[C@@]21C,
6143,4705_B3D,CC(=O)OCC(=O)[C@@]1(O)[C@H](OC(C)=O)C[C@H]2C3CCC4=CC(=O)C=C[C@]4(C)[C@@]3(F)[C@@H](O)C[C@@]21C,
6144,4706_B3D,CC(=O)OCC(=O)[C@@]1(OC(=O)c2ccco2)[C@H](C)C[C@H]2C3CCC4=CC(=O)C=C[C@]4(C)[C@@]3(F)[C@@H](O)C[C@@]21C,
6145,4707_B3D,CC(=O)OCC(=O)[C@@]1(OC(C)=O)CC[C@H]2C3C[C@@H](F)C4=CC(=O)C(Br)=CC4(C)[C@@]3(F)[C@@H](O)C[C@@]21C,
6146,4708_B3D,CC(=O)OCC(=O)[C@@]1(OC(C)=O)[C@@H](C)C[C@H]2C3C[C@H](F)C4=CC(=O)C=C[C@]4(C)[C@@]3(F)[C@@H](O)C[C@@]21C,
6147,4709_B3D,CC(=O)OCC(=O)[C@@]12N=C(C)O[C@@H]1CC1C3CCC4=CC(=O)C=C[C@]4(C)C3[C@@H](O)C[C@@]12C,
6148,4710_B3D,CC(=O)OCC(=O)[C@@]12N=C(C)O[C@@H]1C[C@H]1[C@@H]3CCC4=CC(=O)C=C[C@]4(C)[C@@]3(F)[C@@H](O)C[C@@]12C,
6149,4711_B3D,CC(=O)OCC(=O)[C@@]12OC(C)(C)O[C@@H]1CC1C3CC(C=O)=C4C=C(OCCCl)CC[C@]4(C)[C@@]3(F)[C@@H](O)C[C@@]12C,
6150,4712_B3D,CC(=O)OCC(=O)[C@@]12OC(C)(C)O[C@@H]1CC1C3C[C@H](F)C4=CC(=O)C=C[C@]4(C)C3[C@@H](O)C[C@@]12C,
6151,4713_B3D,CC(=O)OCC(=O)[C@@]12OC(C)(C)O[C@@H]1CC1C3C[C@H](F)C4=CC(=O)C=C[C@]4(C)[C@@]3(F)[C@@H](O)C[C@@]12C,
6152,4714_B3D,CC(=O)OCC(=O)[C@@]12OC(C)(C)O[C@@H]1C[C@H]1C3CC(C#N)=C4C=C(OCCCl)CC[C@]4(C)[C@@]3(F)[C@@H](O)C[C@@]12C,
6153,4715_B3D,CC(=O)OCC(=O)[C@H]1[C@H](C)C[C@H]2C3C[C@H](F)C4=CC(=O)C=C[C@]4(C)[C@@]3(Cl)[C@@H](O)C[C@@]21C,
6154,4716_B3D,CC(=O)OCC/C(SC(C)=O)=C(\C)N(C=O)Cc1cnc(C)nc1N,
6155,4717_B3D,CC(=O)OCC1=C(C(=O)O)N2C(=O)C(NC(=O)CCCC(N)C(=O)O)C2SC1,
6156,4718_B3D,CC(=O)OCC1=C(C(=O)O)N2C(=O)[C@@H](NC(=O)CC#N)[C@H]2SC1,
6157,4719_B3D,CC(=O)OCOC(=O)[C@@H]1N2C(=O)[C@@H](NC(=O)Cc3ccccc3)[C@H]2SC1(C)C,
6158,4720_B3D,CC(=O)O[C@@H]1C=CC(C)=CC[C@H](O)C=CC(C)=C[C@@H](NC(=O)C(C)=O)[C@]2(C)C(=O)O[C@H](C1)[C@@H](C)C2=O,
6159,4721_B3D,CC(=O)O[C@@]12CO[C@@H]1C[C@H](O)[C@@]1(C)C(=O)[C@H](O)C3=C(C)[C@@H](OC(=O)[C@H](O)[C@@H](NC(=O)OC(C)(C)C)c4ccccc4)C[C@@](O)([C@@H](OC(=O)c4ccccc4)C12)C3(C)C,
6160,4722_B3D,CC(=O)O[C@H]1CC[C@]2(C)C3CC[C@@]4(C)C(CC[C@@H]4[C@H](C)CCCC(C)C)C3C[C@@H](Br)[C@@]2(Br)C1,
6161,4723_B3D,CC(=O)O[C@H]1C[C@@]2(C)[C@@H](C[C@@H](O)C3[C@@]4(C)CC[C@@H](O)[C@@H](C)[C@@H]4CC[C@@]32C)/C1=C(/CCC=C(C)C)C(=O)O,
6162,4724_B3D,CC(=O)O[C@]1(C(C)=O)CCC2C3C[C@H](C)C4=CC(=O)C=C[C@]4(C)[C@@]3(F)[C@@H](O)C[C@@]21C,
6163,4725_B3D,CC(=O)[C@@]1(O)CCC2C3CCC4=CC(=O)C=C[C@]4(C)C3[C@@H](O)C[C@@]21C,
6164,4726_B3D,CC(=O)[C@@]1(O)[C@@H](C)CC2C3CCC4=CC(=O)C=C[C@]4(C)[C@@]3(F)[C@@H](O)C[C@@]21C,
6165,4727_B3D,CC(=O)[C@@]12OC(C)(C)O[C@@H]1C[C@H]1[C@@H]3CCC4=CC(=O)C=C[C@]4(C)[C@@]3(F)[C@@H](O)C[C@@]12C,
6166,4728_B3D,CC(=O)[C@@]12OC(C)(C)O[C@@H]1C[C@H]1[C@@H]3CCC4=CC(=O)CC[C@]4(C)[C@H]3CC[C@@]12C,
6167,4729_B3D,CC(=O)[C@H]1CCC2C3CC[C@@H]4C[C@H](O)CC[C@]4(C)C3C(=O)C[C@@]21C,
6168,4730_B3D,CC(=O)[C@H]1CCC2C3CC[C@H]4C[C@](C)(O)CC[C@]4(C)C3CC[C@@]21C,
6169,4731_B3D,CC(=O)[C@H]1CCC2C3C[C@@H](O)C45C[C@H]4CC[C@]5(C)C3CC[C@@]21C,
6170,4732_B3D,CC(=O)[C@H]1CC[C@H]2[C@@H]3CC=C4C[C@@H](O)CC[C@]4(C)[C@H]3CC[C@]12C,
6171,4733_B3D,CC(=O)[C@H]1CC[C@H]2[C@@H]3CC=C4C[C@@H](OC(=O)CCC(=O)O)CC[C@]4(C)[C@H]3CC[C@]12C,
6172,4734_B3D,CC(=O)[C@H]1CC[C@H]2[C@@H]3C[C@H](C)C4=CC(=O)C=C[C@]4(C)[C@H]3[C@@H](O)C[C@]12C,
6173,4735_B3D,CC(=O)[C@]1(O)Cc2c(O)c3c(c(O)c2[C@@H](O[C@@H]2C[C@@H](N)[C@@H](O)[C@@H](C)O2)C1)C(=O)c1ccccc1C3=O,
6174,4736_B3D,CC(=O)[C@]1(O)Cc2c(O)c3c(c(O)c2[C@@H](O[C@H]2C[C@H](N)[C@H](O)[C@H](C)O2)C1)C(=O)c1c(O)cccc1C3=O,
6175,4737_B3D,CC(=O)c1ccc([C@@H](O)[C@@H](CO)NC(=O)C(Cl)Cl)cc1,
6176,4738_B3D,CC(C)(C)C(=O)O[C@]1(C(=O)CS)CC[C@H]2[C@@H]3CCC4=CC(=O)CC[C@]4(C)[C@H]3[C@@H](O)C[C@@]21C,
6177,4739_B3D,CC(C)(Oc1ccc(Cl)cc1)C(=O)NC(C(=O)N[C@H]1C(=O)N2[C@H]1SC(C)(C)[C@H]2C(=O)O)c1ccccc1,
6178,4740_B3D,CC(C)=CCN1CC[C@@]2(C)c3cc(O)ccc3C[C@@H]1[C@@H]2C,
6179,4741_B3D,CC(C)CC(NC(=O)C(C)NC(=O)CNC(=O)C(NC=O)C(C)C)C(=O)NC(C)C(=O)NC(C(=O)NC(C(=O)NC(C(=O)NC(Cc1c[nH]c2ccccc12)C(=O)NC(CC(C)C)C(=O)NC(Cc1ccccc1)C(=O)NC(CC(C)C)C(=O)NC(Cc1c[nH]c2ccccc12)C(=O)NC(CC(C)C)C(=O)NC(Cc1c[nH]c2ccccc12)C(=O)NCCO)C(C)C)C(C)C)C(C)C,
6180,4742_B3D,CC(C)CCC(=O)C[C@@H]1c2ccccc2C(=O)N1c1ccc2ccc(Cl)nc2n1,
6181,4743_B3D,CC(C)C[C@@H](NC(=O)[C@H](C)NC(=O)CNC(=O)[C@@H](NC=O)C(C)C)C(=O)N[C@@H](C)C(=O)N[C@@H](C(=O)N[C@H](C(=O)N[C@@H](C(=O)N[C@@H](Cc1c[nH]c2ccccc12)C(=O)N[C@H](CC(C)C)C(=O)N[C@@H](Cc1c[nH]c2ccccc12)C(=O)N[C@H](CC(C)C)C(=O)N[C@@H](Cc1c[nH]c2ccccc12)C(=O)N[C@H](CC(C)C)C(=O)N[C@@H](Cc1c[nH]c2ccccc12)C(=O)NCCO)C(C)C)C(C)C)C(C)C,
6182,4744_B3D,CC(C)C[C@@H](OC(=O)c1ccco1)C(=O)N[C@@H]1C(=O)N2[C@@H](C(=O)O)C(C)(C)S[C@H]12,
6183,4745_B3D,CC(C)C[C@@H]1NC(=O)[C@H](CCCN)NC(=O)[C@H](C(C)C)NC(=O)[C@@H]2CCCN2C(=O)[C@@H](Cc2ccccc2)NC(=O)[C@H](CC(C)C)NC(=O)[C@H](CCCN)NC(=O)[C@H](C(C)C)NC(=O)[C@@H]2CCCN2C(=O)[C@@H](Cc2ccccc2)NC1=O,
6184,4746_B3D,CC(C)C[C@H](N)C(=O)N[C@@H](CCCN)C(=O)N[C@H](C(=O)N[C@@H](CCCN)C(=O)N1CCC[C@H]1C(=O)N[C@@H](C=O)Cc1ccccc1)C(C)C,
6185,4747_B3D,CC(C)N[C@@H]1C2CCC(CC2)[C@@]1(O)c1ccc(Cl)c(Cl)c1,
6186,4748_B3D,CC(C)n1cc2c3c(cccc31)[C@H]1C[C@@H](C(=O)NC3CCCCC3)CN(C)[C@@H]1C2,
6187,4749_B3D,CC(O)C(=O)[C@@]1(O)CC[C@H]2[C@@H]3CCC4=CC(=O)C=C[C@]4(C)[C@@]3(F)[C@@H](O)C[C@@]21C,
6188,4750_B3D,CC(Oc1ccccc1)C(=O)N[C@@H]1C(=O)N2[C@@H](C(=O)O)C(C)(C)S[C@H]12,
6189,4751_B3D,CC1(C)NC(=O)C(/C=C\c2ccccc2)O1,
6190,4752_B3D,CC1(C)O[C@@H]2CC3C4CCC5=CC(=O)CC[C@]5(C)[C@@]4(F)[C@@H](O)C[C@]3(C)[C@]2(C(=O)CCl)O1,
6191,4753_B3D,CC1(C)O[C@@H]2CC3C4CC[C@H]5CC(=O)CC[C@]5(C)[C@@]4(F)[C@@H](O)C[C@]3(C)[C@]2(C(=O)CO)O1,
6192,4754_B3D,CC1(C)O[C@@H]2CC3C4C[C@H](F)C5=CC(=O)C=C[C@]5(C)C4[C@@H](O)C[C@]3(C)[C@]2(C(=O)CO)O1,
6193,4755_B3D,CC1(C)O[C@@H]2CC3C4C[C@H](F)C5=CC(=O)C=C[C@]5(C)[C@@]4(Cl)[C@@H](Cl)C[C@]3(C)[C@]2(C(=O)CO)O1,
6194,4756_B3D,CC1(C)O[C@@H]2CC3C4C[C@H](F)C5=CC(=O)C=C[C@]5(C)[C@@]4(F)[C@@H](O)C[C@]3(C)[C@]2(C(=O)CO)O1,
6195,4757_B3D,CC1(C)O[C@@H]2CC3C4C[C@H](F)C5=CC(=O)CC[C@]5(C)C4[C@@H](O)C[C@]3(C)[C@]2(C(=O)CO)O1,
6196,4758_B3D,CC1(C)O[C@@H]2C[C@H]3C4C[C@H](F)C5=CC(=O)C=C[C@]5(C)[C@@]4(Cl)[C@@H](Cl)C[C@]3(C)[C@]2(C(=O)CF)O1,
6197,4759_B3D,CC1(C)O[C@@H]2C[C@H]3[C@@H]4CCC5=CC(=O)C=C[C@]5(C)[C@H]4[C@@H](O)C[C@]3(C)[C@]2(C(=O)CO)O1,
6198,4760_B3D,CC1(C)O[C@@H]2C[C@H]3[C@@H]4C[C@H](F)C5=CC(=O)C=C[C@]5(C)[C@@]4(Cl)[C@@H](Cl)C[C@]3(C)[C@]2(C(=O)CCl)O1,
6199,4761_B3D,CC1(C)SC2C(NC(=O)C(N=[N+]=[N-])c3ccccc3)C(=O)N2C1C(=O)O,
6200,4762_B3D,CC1(C)S[C@@H]2[C@H](N3C(=O)[C@@H](c4ccc(O)cc4)NC3(C)C)C(=O)N2[C@H]1C(=O)O,
6201,4763_B3D,CC1(C)S[C@@H]2[C@H](NC(=O)C(N=Cc3ccco3)c3ccc(O)cc3)C(=O)N2[C@H]1C(=O)O,
6202,4764_B3D,CC1(C)S[C@@H]2[C@H](NC(=O)C34CC5CC(CC(N)(C5)C3)C4)C(=O)N2[C@H]1C(=O)O,
6203,4765_B3D,CC1(C)S[C@@H]2[C@H](NC(=O)CCCC(N)C(=O)O)C(=O)N2[C@H]1C(=O)O,
6204,4766_B3D,CC1(C)S[C@@H]2[C@H](NC(=O)CSc3ccccc3)C(=O)N2[C@H]1C(=O)O,
6205,4767_B3D,CC1(C)S[C@@H]2[C@H](NC(=O)[C@H](N)c3ccccc3)C(=O)N2[C@H]1C(=O)OCOC(=O)[C@@H]1N2C(=O)C[C@H]2S(=O)(=O)C1(C)C,
6206,4768_B3D,CC1(C)S[C@@H]2[C@H](NC(=O)[C@H](NC(=O)CN=C(N)c3ccncc3)c3ccccc3)C(=O)N2[C@H]1C(=O)O,
6207,4769_B3D,CC1(C)S[C@@H]2[C@H](NC(=O)[C@H](NC(=O)c3c[nH]c4cccnc4c3=O)c3ccccc3)C(=O)N2[C@H]1C(=O)O,
6208,4770_B3D,CC1(C)[C@@H]2CC[C@@]1(C)C(=O)C2,
6209,4771_B3D,CC1(C)[C@H](NC(=O)/C(=N\OCC(=O)O)c2csc(N)n2)C(=O)N1OS(=O)(=O)O,
6210,4772_B3D,CC1(c2ccccc2)O[C@@H]2C[C@H]3[C@@H]4CCC5=CC(=O)C=C[C@]5(C)[C@@]4(F)[C@@H](O)C[C@]3(C)[C@]2(C(=O)CO)O1,
6211,4773_B3D,CC12C=C(Br)C(=O)C=C1[C@H](F)CC1[C@@H]3CC[C@](O)(C(=O)CO)[C@@]3(C)C[C@H](O)[C@@]12F,
6212,4774_B3D,CC1=C(C(=O)O)N2C(=O)[C@@H](NC(=O)C(N)c3cccc(NS(C)(=O)=O)c3)[C@H]2SC1,
6213,4775_B3D,CC1=CC2[C@@H]3C[C@@H](C)[C@](O)(C(=O)COC(=O)c4cccc(S(=O)(=O)O)c4)[C@@]3(C)C[C@H](O)[C@@H]2[C@@]2(C)Cc3cnn(-c4ccccc4)c3C=C12,
6214,4776_B3D,CC1=CC[C@H]2[C@H]3Cc4ccc(O)c5c4[C@@]2(CCN3C)[C@H]1O5,
6215,4777_B3D,CC1=C[C@@H](O)CC(=O)Cc2nc(co2)C(=O)N2CCC=C2C(=O)O[C@H](C(C)C)[C@H](C)C=CC(=O)NCC=C1,
6216,4778_B3D,CC1OC(=O)C(C(C)C)NC(=O)C(C(C)C)OC(=O)C(C(C)C)NC(=O)C(C)OC(=O)C(C(C)C)NC(=O)C(C(C)C)OC(=O)C(C(C)C)NC(=O)C(C)OC(=O)C(C(C)C)NC(=O)C(C(C)C)OC(=O)C(C(C)C)NC1=O,
6217,4779_B3D,CCC(=O)N(c1ccccc1)[C@@]1(C(=O)OC)CCN(CCc2ccccc2)C[C@H]1C,
6218,4780_B3D,CCC(=O)OCC(=O)[C@@]1(OC(=O)CC)[C@H](C)CC2C3CCC4=CC(=O)C=C[C@]4(C)[C@@]3(F)[C@@H](O)C[C@@]21C,
6219,4781_B3D,CCC(=O)OCC(=O)[C@@]12OC(C)(C)O[C@@H]1C[C@H]1[C@@H]3C[C@H](F)C4=CC(=O)C=C[C@]4(C)[C@@]3(F)[C@@H](O)C[C@@]12C,
6220,4782_B3D,CCC(=O)O[C@@](Cc1ccccc1)(c1ccccc1)[C@@H](C)CN(C)C,
6221,4783_B3D,CCC(=O)O[C@H]1[C@H](C)O[C@@H](O[C@@H]2[C@@H](C)O[C@@H](O[C@@H]3[C@@H](OC)[C@H](OC(=O)CC)CC(=O)O[C@H](C)CC=CC=C[C@H](O)[C@H](C)C[C@@H]3CC=O)[C@H](O)[C@H]2N(C)C)C[C@@]1(C)O,
6222,4784_B3D,CCC(=O)O[C@H]1[C@H](O[C@@H]2[C@@H](C)[C@H](O[C@H]3C[C@@](C)(OC)[C@@H](O)[C@H](C)O3)[C@@H](C)C(=O)O[C@H](CC)[C@@](C)(O)[C@H](O)[C@@H](C)C(=O)[C@H](C)C[C@@]2(C)O)O[C@H](C)C[C@@H]1N(C)C,
6223,4785_B3D,CCC(=O)O[C@]1(C(=O)CCl)[C@@H](C)CC2C3C[C@H](F)C4=CC(=O)C=C[C@]4(C)[C@@]3(F)[C@@H](O)C[C@@]21C,
6224,4786_B3D,CCC(=O)O[C@]1(C(=O)SC)[C@H](C)C[C@H]2[C@@H]3C[C@H](F)C4=CC(=O)C=C[C@]4(C)[C@@]3(F)[C@@H](O)C[C@@]21C,
6225,4787_B3D,CCC(=O)O[C@]1(C(=O)SCCl)[C@H](C)C[C@H]2[C@@H]3C[C@H](F)C4=CC(=O)C=C[C@]4(C)[C@@]3(F)[C@@H](O)C[C@@]21C,
6226,4788_B3D,CCC(=O)O[C@]1(c2ccccc2)CCN(C)C[C@@H]1C,
6227,4789_B3D,CCC(=O)[C@@]1(C)[C@H](C)CC2C3CCC4=CC(=O)C=C[C@]4(C)C3[C@@H](O)C[C@@]21C,
6228,4790_B3D,CCC(=O)[C@@]1(O)CC[C@H]2[C@@H]3CCC4=CC(=O)CC[C@]4(C)[C@H]3[C@@H](O)C[C@@]21C,
6229,4791_B3D,CCC(C)C(C(=O)OC1CC[N+](C)(C)CC1)c1ccccc1,
6230,4792_B3D,CCC(Oc1ccccc1)C(=O)N[C@@H]1C(=O)N2[C@@H](C(=O)O)C(C)(C)S[C@H]12,
6231,4793_B3D,CCC1(CC)O[C@@H]2C[C@H]3[C@@H]4CCC5=CC(=O)C=C[C@]5(C)[C@@]4(F)[C@@H](O)C[C@]3(C)[C@]2(C(=O)CO)O1,
6232,4794_B3D,CCCC(=O)OCC(=O)[C@@]1(OC(=O)CC)CC[C@H]2[C@@H]3CCC4=CC(=O)CC[C@]4(C)[C@H]3[C@@H](O)C[C@@]21C,
6233,4795_B3D,CCCC(=O)OCC(=O)[C@@]1(OC(=O)CCC)[C@H](C)C[C@H]2[C@@H]3CCC4=CC(=O)C=C[C@]4(C)[C@@]3(Cl)[C@@H](Cl)C[C@@]21C,
6234,4796_B3D,CCCC(=O)O[C@]1(C(=O)COC(C)=O)CC[C@H]2C3C[C@H](F)C4=CC(=O)C=C[C@]4(C)[C@@]3(F)[C@@H](O)C[C@@]21C,
6235,4797_B3D,CCCC1O[C@H]2CC3C4CCC5=CC(=O)C=C[C@]5(C)C4[C@@H](O)C[C@]3(C)[C@]2(C(=O)CO)O1,
6236,4798_B3D,CCCCC(=O)O[C@]1(C(=O)CO)CC[C@H]2[C@@H]3CCC4=CC(=O)C=C[C@]4(C)[C@H]3[C@@H](O)C[C@@]21C,
6237,4799_B3D,CCCCC(=O)O[C@]1(C(=O)CO)CC[C@H]2[C@@H]3CCC4=CC(=O)CC[C@]4(C)[C@H]3[C@@H](O)C[C@@]21C,
6238,4800_B3D,CCCCC(=O)O[C@]1(C(=O)CO)CC[C@H]2[C@@H]3C[C@H](F)C4=CC(=O)C=C[C@]4(C)[C@H]3[C@@H](O)C[C@@]21C,
6239,4801_B3D,CCCCCC(=O)CCC1(C)[C@@H]2Cc3ccc(O)cc3[C@@]1(C)CCN2C,
6240,4802_B3D,CCCCCC(=O)OCC(=O)[C@H]1[C@H](C)CC2C3C[C@H](F)C4=CC(=O)C=C[C@]4(C)C3[C@@H](O)C[C@@]21C,
6241,4803_B3D,CCCCCC1CN[C@H](C(=O)NC(C(C)Cl)[C@H]2O[C@H](SC)[C@H](O)[C@@H](O)[C@H]2O)C1,
6242,4804_B3D,CCCCCCCCCCCCCC(=O)OC1C=C[C@H]2[C@H]3Cc4ccc(OCc5ccccc5)c5c4[C@@]2(CCN3C)[C@H]1O5,
6243,4805_B3D,CCCCCCCCCCCCCCCCCC(=O)OCC(=O)OCC(=O)[C@@]1(O)CCC2C3CCC4=CC(=O)C=C[C@]4(C)C3[C@@H](O)C[C@@]21C,
6244,4806_B3D,CCCCOC(=O)C(=O)[C@H]1[C@H](C)CC2C3C[C@H](F)C4=CC(=O)C=C[C@]4(C)C3[C@@H](O)C[C@@]21C,
6245,4807_B3D,CCCN1C[C@@H](NS(=O)(=O)N(CC)CC)C[C@@H]2Cc3c(O)cccc3CC21,
6246,4808_B3D,CCC[C@@H]1C[C@@H](C(=O)NC(C(C)O)[C@H]2O[C@H](SC)[C@H](O)[C@@H](O)[C@H]2O)N(C)C1,
6247,4809_B3D,CCC[C@@H]1O[C@@H]2CC3C4C[C@H](F)C5=CC(=O)C=C[C@]5(C)[C@@]4(F)[C@@H](O)C[C@]3(C)[C@]2(C(=O)O[C@H](C)OC(=O)OCC)O1,
6248,4810_B3D,CCC[C@](C)(O)C1C[C@@]23C=C[C@]1(OC)[C@@H]1Oc4c(O)ccc5c4[C@@]12CCN(C)[C@@H]3C5,
6249,4811_B3D,CCN(CC)/C(C)=N/N=C/c1c2c(O)c3c(O)c(C)c4c(c3c1O)C(=O)[C@@](C)(OC=C[C@H](OC)[C@@H](C)[C@@H](OC(C)=O)[C@H](C)[C@H](O)[C@H](C)[C@@H](O)[C@@H](C)C=CC=C(C)C(=O)N2)O4,
6250,4812_B3D,CCN(CC)C(=O)[C@@H]1C2C=CC(C2)[C@H]1C(=O)N(CC)CC,
6251,4813_B3D,CCN(CC)CC(=O)OCC(=O)[C@@]1(O)CCC2C3CCC4=CC(=O)C=C[C@]4(C)C3[C@@H](O)C[C@@]21C,
6252,4814_B3D,CCN(CC)CC(=O)OCC(=O)[C@@]1(O)CCC2C3CCC4=CC(=O)CC[C@]4(C)C3[C@@H](O)C[C@@]21C,
6253,4815_B3D,CCN(CC)CCOC(=O)[C@@H]1N2C(=O)[C@@H](NC(=O)c3c(OC)cccc3OC)[C@H]2SC1(C)C,
6254,4816_B3D,CCN(CC)c1nc2c(s1)c1c(O)c3c(O)c(C)c4c(c32)C(=O)[C@@](C)(OC=C[C@H](OC)[C@@H](C)[C@@H](OC(C)=O)[C@H](C)[C@H](O)[C@H](C)[C@@H](O)[C@@H](C)C=CC=C(C)C(=O)N1)O4,
6255,4817_B3D,CCOC(=O)CC(O)CC(O)/C=C/C1=C(c2ccc(F)cc2)c2ccccc2OC12CCCC2,
6256,4818_B3D,CCOC(=O)CCC(=O)O[C@H]1[C@H](O[C@@H]2[C@@H](C)[C@H](O[C@H]3C[C@@](C)(OC)[C@@H](O)[C@H](C)O3)[C@@H](C)C(=O)O[C@H](CC)[C@@](C)(O)[C@H](O)[C@@H](C)C(=O)[C@H](C)C[C@@]2(C)O)O[C@H](C)C[C@@H]1N(C)C,
6257,4819_B3D,CCOC(=O)O[C@H]1[C@H](O[C@@H]2[C@@H](C)[C@H](O[C@H]3C[C@@](C)(OC)[C@@H](O)[C@H](C)O3)[C@@H](C)C(=O)O[C@H](CC)[C@@](C)(O)[C@H](O)[C@@H](C)C(=O)[C@H](C)C[C@@]2(C)O)O[C@H](C)C[C@@H]1N(C)C,
6258,4820_B3D,CCOC(=O)O[C@]1(C(=O)OCCl)CC[C@H]2[C@@H]3CCC4=CC(=O)C=C[C@]4(C)[C@H]3[C@@H](O)C[C@@]21C,
6259,4821_B3D,CCOC(=O)[C@]1(c2ccccc2)CCC=C[C@H]1N(C)C,
6260,4822_B3D,CCOC(OCC)C(=O)OCC(=O)[C@]1(O)Cc2c(O)c3c(c(O)c2[C@@H](O[C@H]2C[C@H](N)[C@H](O)[C@H](C)O2)C1)C(=O)c1c(OC)cccc1C3=O,
6261,4823_B3D,CC[C@@H](OC(C)=O)C(C[C@@H](C)N(C)C)(c1ccccc1)c1ccccc1,
6262,4824_B3D,CC[C@@H]1NC(=O)[C@@H]2CCCN2C(=O)[C@@H](Cc2ccccc2)NC(=O)[C@H](CC(C)C)NC(=O)[C@H](CCCN)NC(=O)[C@H](C(C)C)NC(=O)[C@@H]2CCCN2C(=O)[C@@H](Cc2ccccc2)NC(=O)[C@H](CC(C)C)NC(=O)[C@H](CCCN)NC1=O,
6263,4825_B3D,CC[C@@H]1OC(=O)[C@H](C)[C@H](O[C@H]2C[C@@](C)(OC)[C@@H](O)[C@H](C)O2)[C@H](C)[C@@H](O[C@@H]2O[C@H](C)C[C@H](N(C)C)[C@H]2O)[C@@](C)(OC)C[C@@H](C)C(=O)[C@@H](C)[C@@H](O)[C@]1(C)O,
6264,4826_B3D,CC[C@@]1(O)C[C@H](O[C@H]2C[C@H](N(C)C)[C@H](O[C@H]3C[C@H](O)[C@H](O[C@H]4CCC(=O)[C@H](C)O4)[C@H](C)O3)[C@H](C)O2)c2c(cc3c(c2O)C(=O)c2c(O)cccc2C3=O)[C@H]1C(=O)OC,
6265,4827_B3D,CC[C@H](NC(=O)[C@@H]1CCCN1C(=O)[C@@H](Cc1ccccc1)NC(=O)[C@@H](N)CC(C)C)C(=O)N[C@@H](CCCN)C(=O)N[C@@H](CC(C)C)C(=O)N[C@H](Cc1ccccc1)C(=O)N1CCC[C@H]1C(=O)N[C@@H](CC)C(=O)N[C@H](C=O)CCCN,
6266,4828_B3D,CC[C@H](O)C(C[C@@H](C)N(C)C)(c1ccccc1)c1ccccc1,
6267,4829_B3D,CC[C@H](OC(C)=O)C(C[C@@H](C)N(C)C)(c1ccccc1)c1ccccc1,
6268,4830_B3D,CC[C@H]1CC(=O)[C@@H]2Oc3c(OC)ccc4c3[C@@]23CCN(CC2CC2)[C@H](C4)[C@H]13,
6269,4831_B3D,CC[C@H]1OC(=O)[C@H](C)[C@@H](O[C@H]2C[C@@](C)(OC)[C@@H](O)[C@H](C)O2)[C@H](C)[C@@H](O[C@@H]2O[C@H](C)C[C@H](N(C)C)[C@H]2O)[C@](C)(O)C[C@@H](C)/C(=N/OC)[C@H](C)[C@@H](O)[C@]1(C)O,
6270,4832_B3D,CC[C@H]1OC(=O)[C@H](C)[C@@H](O[C@H]2C[C@@](C)(OC)[C@@H](O)[C@H](C)O2)[C@H](C)[C@@H](O[C@@H]2O[C@H](C)C[C@H](N(C)C)[C@H]2O)[C@](C)(O)C[C@@H](C)/C(=N/OCOCCOC)[C@H](C)[C@@H](O)[C@]1(C)O,
6271,4833_B3D,CC[C@H]1OC(=O)[C@H](C)[C@@H](O[C@H]2C[C@@](C)(OC)[C@@H](O)[C@H](C)O2)[C@H](C)[C@@H](O[C@@H]2O[C@H](C)C[C@H](N(C)C)[C@H]2O)[C@](C)(O)C[C@@H](C)C(=O)[C@H](C)[C@@H](O)[C@H]1C,
6272,4834_B3D,CC[C@H]1OC(=O)[C@H](C)[C@@H](O[C@H]2C[C@@](C)(OC)[C@@H](O)[C@H](C)O2)[C@H](C)[C@@H](O[C@@H]2O[C@H](C)C[C@H](N(C)C)[C@H]2O)[C@](C)(O)C[C@@H](C)CN(C)[C@H](C)[C@@H](O)[C@]1(C)O,
6273,4835_B3D,CC[C@H]1OC(=O)[C@H](C)[C@@H](O[C@H]2C[C@@](C)(OC)[C@@H](O)[C@H](C)O2)[C@H](C)[C@@H](O[C@H]2O[C@@H](C)C[C@@H](N(C)C)[C@@H]2O)[C@](C)(O)C[C@@H](C)C(=O)[C@H](C)[C@@H](O)[C@]1(C)O,
6274,4836_B3D,CC[C@]1(O)C[C@H]2CN(CCc3c([nH]c4ccccc34)C(C(=O)OC)(c3cc4c(cc3OC)N(C)[C@@H]3C45CCN4CC=C[C@](CC)([C@H]45)[C@@H](OC(C)=O)[C@]3(O)C(=O)OC)C2)C1,
6275,4837_B3D,CC[N+](C)(C)C(C)CC(c1ccccc1)c1ccccc1,
6276,4838_B3D,CC[N+](C)(C/C=C/C1=C(C(=O)O)N2C(=O)[C@@H](NC(=O)/C(=N/OCF)c3nsc(N)n3)[C@H]2SC1)CC(N)=O,
6277,4839_B3D,CN(C)C1C(=O)C(C(=O)NCNC(C(=O)NC2C(=O)N3C2SC(C)(C)C3C(=O)O)c2ccccc2)=C(O)[C@@]2(O)C(=O)C3=C(O)c4c(O)cccc4C(C)(O)C3CC12,
6278,4840_B3D,CN(C)CCOC1(Cc2ccccc2)C[C@H]2CC[C@]1(C)C2(C)C,
6279,4841_B3D,CN(C)[C@@H]1C(=O)C(C(=O)NCN2CCN(C(=N)N=C(N)N)CC2)=C(O)[C@@]2(O)C(=O)C3=C(O)c4c(O)cccc4[C@@](C)(O)[C@H]3C[C@@H]12,
6280,4842_B3D,CN(C)[C@@H]1C(=O)C(C(=O)NCN2CCN(CCO)CC2)=C(O)[C@@]2(O)C(=O)C3=C(O)c4c(O)cccc4[C@@](C)(O)[C@H]3C[C@@H]12,
6281,4843_B3D,CN(C)[C@@H]1C(=O)C(C(=O)NCNCCCCC(N)C(=O)O)=C(O)[C@@]2(O)C(=O)C3=C(O)c4c(O)cccc4[C@@](C)(O)[C@H]3C[C@@H]12,
6282,4844_B3D,CN(C)[C@@H]1C(=O)C(C(N)=O)=C(O)[C@@]2(O)C(=O)C3=C(O)c4c(O)cccc4[C@@](C)(O)C3[C@H](O)[C@@H]12,
6283,4845_B3D,CN1CC[C@@]2(C)c3cc(OC(=O)N4CCc5ccccc5C4)ccc3N(C)C12,
6284,4846_B3D,CN1CC[C@@]23NC(=O)C[C@@H](c4cc(Cl)ccc4O2)[C@H]3C1,
6285,4847_B3D,CN1CC[C@]2(C)C[C@@H](Cc3ccc(O)cc32)C1,
6286,4848_B3D,CN1CC[C@]23c4c5ccc(O)c4O[C@H]2C(=O)C=C[C@@]3(CCCCCN)[C@H]1C5,
6287,4849_B3D,CN1CC[C@]23c4c5ccc(O)c4O[C@H]2CCC[C@H]3[C@H]1C5,
6288,4850_B3D,CN1CC[C@]23c4c5ccc(O)c4O[C@H]2[C@@](C)(O)CC[C@H]3[C@H]1C5,
6289,4851_B3D,CN1C[C@@H](CC#N)C[C@@H]2c3cccc4[nH]cc(c34)C[C@H]21,
6290,4852_B3D,CN1C[C@H](CSc2ccccn2)C=C2c3cccc4[nH]cc(c34)C[C@H]21,
6291,4853_B3D,CN1[C@@H]2CC[C@@H]1CC(OC(=O)C(O)c1ccccc1)C2,
6292,4854_B3D,CN1[C@H]2CC[C@@H]1CC(OC(=O)[C@H](CO)c1ccccc1)C2,
6293,4855_B3D,CN1[C@H]2CC[C@@H]1CC(OC(c1ccccc1)c1ccccc1)C2,
6294,4856_B3D,CNC(=O)C[C@H](N)C(=O)N[C@@H](C(=O)N[C@@H]1C(=O)N2[C@@H](C(=O)O)C(C)(C)S[C@H]12)c1ccc(O)cc1,
6295,4857_B3D,CNC(=O)O[C@@H]1OC(=O)[C@H]2[C@@H]3C=C[C@@H](C3)[C@@H]12,
6296,4858_B3D,CNC(=O)Oc1ccc2c(c1)[C@@]1(C)CCN(C)[C@H]1N2C,
6297,4859_B3D,CNC1CCCC(=O)C1c1ccccc1Cl,
6298,4860_B3D,CN[C@@H]1CC[C@@H](c2ccccc2)c2ccccc21,
6299,4861_B3D,CN[C@@H]1[C@@H](O[C@H]2O[C@H](CO)[C@@H](N)[C@H](O)[C@H]2O)OC2C[C@@H](N)[C@@H](O[C@@H]3[C@@H](N)C[C@@H](N)[C@H](O)[C@H]3O)O[C@@H]2[C@@H]1O,
6300,4862_B3D,CN[C@@H]1[C@H](O)[C@@H](O[C@H]2[C@H](N)C[C@H](N)[C@@H](O[C@H]3O[C@H](CN)CC[C@H]3N)[C@H]2O)OC[C@]1(C)O,
6301,4863_B3D,CN[C@@H]1[C@H](O[C@H]2[C@H](O[C@@H]3[C@@H](N=C(N)N)[C@H](O)[C@@H](N=C(N)N)[C@H](O)[C@H]3O)O[C@@H](C)[C@]2(O)CO)O[C@@H](CO)[C@H](O)[C@H]1O,
6302,4864_B3D,CN[C@H](CC(C)C)C(=O)N[C@H]1C(=O)N[C@@H](CC(N)=O)C(=O)N[C@H]2C(=O)N[C@H]3C(=O)N[C@H](C(=O)N[C@H](C(=O)O)c4cc(O)cc(O)c4-c4cc3ccc4O)[C@H](O)c3ccc(c(Cl)c3)Oc3cc2cc(c3O[C@@H]2O[C@H](CO)[C@@H](O)[C@H](O)[C@H]2O[C@H]2C[C@](C)(N)[C@H](O)[C@H](C)O2)Oc2ccc(cc2Cl)[C@H]1O,
6303,4865_B3D,CN[C@H]1[C@@H](O)C(O[C@H]2[C@@H](NC(=O)C(O)CN)C[C@H](N)[C@@H](OC3O[C@H](CN)[C@@H](O)[C@H](O)[C@H]3O)[C@@H]2O)OC[C@]1(C)O,
6304,4866_B3D,CO/N=C(/C#N)[C@H]1CN2CCC1CC2,
6305,4867_B3D,CO/N=C(/C(=O)N[C@@H]1C(=O)N(OCC(=O)O)[C@H]1C)c1csc(N)n1,
6306,4868_B3D,CO/N=C(/C(=O)N[C@@H]1C(=O)N2C(C(=O)O)=C(/C=C\c3scnc3C)CS[C@H]12)c1csc(N)n1,
6307,4869_B3D,CO/N=C(/C(=O)N[C@@H]1C(=O)N2C(C(=O)O)=C(COC(C)=O)CS[C@H]12)c1csc(N)n1,
6308,4870_B3D,CO/N=C(/C(=O)N[C@@H]1C(=O)N2C(C(=O)O)=C(CSc3nc(C)c(CC(=O)O)s3)CS[C@H]12)c1csc(N)n1,
6309,4871_B3D,CO/N=C(/C(=O)N[C@@H]1C(=O)N2C(C(=O)O)=C(C[n+]3cccc4c3CCC4)CS[C@H]12)c1csc(N)n1,
6310,4872_B3D,CO/N=C(/C(=O)N[C@@H]1C(=O)N2C(C(=O)O)=C(C[n+]3ccn4ncccc43)CS[C@H]12)c1nsc(N)n1,
6311,4873_B3D,CO/N=C(/C(=O)N[C@@H]1C(=O)N2C(C(=O)OC(C)OC(=O)C(C)(C)OC)=C(COC(N)=O)CS[C@H]12)c1ccco1,
6312,4874_B3D,CO/N=C(/C(=O)N[C@@H]1C(=O)N2C(C(=O)OCOC(=O)C(C)(C)C)=CCS[C@H]12)c1csc(NC(=O)[C@H](C)N)n1,
6313,4875_B3D,CO/N=C(\C(=O)N[C@@H]1C(=O)N2C(C(=O)O)=C(/C=C/Sc3n[nH]c(=O)c(=O)n3CC=O)CS[C@H]12)c1csc(N)n1,
6314,4876_B3D,CO/N=C(\C(=O)N[C@@H]1C(=O)N2C(C(=O)O)=C(COC(N)=O)CS[C@H]12)c1ccco1,
6315,4877_B3D,CO/N=C(\C(=O)N[C@@H]1C(=O)N2C(C(=O)O)=C(C[N+]3(C)CCCC3)CS[C@H]12)c1csc(N)n1,
6316,4878_B3D,CO/N=C(\C(=O)N[C@@H]1C(=O)N2C(C(=O)O)=C(C[N+]34CCC(C(N)=O)(CC3)CC4)CS[C@H]12)c1nsc(N)n1,
6317,4879_B3D,CO/N=C(\C(=O)N[C@@H]1C(=O)N2C(C(=O)O)=C(C[n+]3ccc(N)n3CCO)CS[C@H]12)c1csc(N)n1,
6318,4880_B3D,CO/N=C(\C(=O)N[C@@H]1C(=O)N2C(C(=O)O)=C(C[n+]3cccc4c3CCCC4)CS[C@H]12)c1csc(N)n1,
6319,4881_B3D,COC(=O)C1NC(=O)[C@H]2NC(=O)[C@H](NC(=O)[C@@H]3NC(=O)[C@H]4NC(=O)[C@H](NC(=O)[C@@H](N)c5ccc(O)c(c5)Oc5cc4cc(O)c5C)[C@H](O)c4ccc(c(Cl)c4)Oc4cc3cc(c4O)Oc3ccc(cc3Cl)[C@H]2O[C@@H]2O[C@H](CO)[C@@H](O)[C@H](O)[C@H]2NC(C)=O)c2ccc(O)c(c2)-c2c(O)cc(O)cc21,
6320,4882_B3D,COC(=O)[C@H]1[C@H]2C[C@@H]3c4[nH]c5cc(OC)ccc5c4CCN3C[C@H]2C[C@H](OC)[C@@H]1OC,
6321,4883_B3D,COC(=O)[C@H]1[C@H]2C[C@@H]3c4[nH]c5ccccc5c4CCN3C[C@@H]2C[C@@H](OC(=O)c2cc(OC)c(OC)c(OC)c2)[C@@H]1OC,
6322,4884_B3D,COC(OC)C(=O)[C@@]12OC(C)(C)O[C@@H]1CC1C3C[C@H](F)C4=CC(=O)C=C[C@]4(C)[C@@]3(F)[C@@H](O)C[C@@]12C,
6323,4885_B3D,COC1=C(C(=O)O)N2C(=O)[C@@H](NC(=O)[C@H](N)C3C=CCC=C3)[C@H]2SC1,
6324,4886_B3D,COC1=CC(=O)O[C@@H]1[C@@H](O)c1ccccc1Cl,
6325,4887_B3D,COCOC(=O)[C@@H]1N2C(=O)[C@@H](N3C(=O)C(c4ccc(O)cc4)NC3(C)C)[C@H]2SC1(C)C,
6326,4888_B3D,CO[C@@H]1C(N(C)C(=O)CN)[C@@H](O)[C@H](O[C@H]2O[C@H](C(C)N)CC[C@H]2N)[C@@H](N)[C@@H]1O,
6327,4889_B3D,CO[C@@H]1[C@@H](OC(N)=O)[C@@H](O)[C@@H](Oc2ccc3c(O)c(NC(=O)c4ccc(O)c(CC=C(C)C)c4)c(=O)oc3c2C)OC1(C)C,
6328,4890_B3D,CO[C@@H]1[C@@H](OC2O[C@H](C)[C@@H](O[C@H]3C[C@@](C)(O)[C@@H](O)[C@H](C)O3)[C@H](N(C)C)[C@H]2O)[C@@H](CC=O)C[C@@H](C)[C@@H](O)C=CC=CC[C@@H](C)OC(=O)C[C@H]1O,
6329,4891_B3D,CO[C@@H]1[C@@H](OC2O[C@H](C)[C@@H](O[C@H]3C[C@@](C)(O)[C@@H](O)[C@H](C)O3)[C@H](N(C)C)[C@H]2O)[C@@H](CC=O)C[C@@H](C)[C@@H](OC2CC[C@H](N(C)C)[C@@H](C)O2)C=CC=CC[C@@H](C)OC(=O)C[C@H]1O,
6330,4892_B3D,CO[C@@H]1[C@@H](O[C@@H]2O[C@H](C)[C@@H](O[C@H]3C[C@@](C)(O)[C@@H](OC(=O)CC(C)C)[C@H](C)O3)[C@H](N(C)C)[C@H]2O)[C@@H](CC=O)C[C@@H](C)[C@@H](O)C=CC=CC[C@@H](C)OC(=O)C[C@H]1OC(C)=O,
6331,4893_B3D,CO[C@@]1(NC(=O)CSC(F)F)C(=O)N2C(C(=O)O)=C(CSc3nnnn3CCO)CO[C@@H]21,
6332,4894_B3D,CO[C@@]12C=C[C@@]3(CC1C(C)(C)O)[C@H]1Cc4ccc(O)c5c4[C@@]3(CCN1CC1CC1)[C@H]2O5,
6333,4895_B3D,CO[C@@]12CC[C@@]3(C[C@@H]1C(C)(C)O)[C@H]1Cc4ccc(O)c5c4[C@@]3(CCN1CC1CC1)[C@H]2O5,
6334,4896_B3D,CO[C@H]1C=CO[C@@]2(C)Oc3c(C)c(O)c4c(O)c(c(/C=N\N5CCN(C)CC5)c(O)c4c3C2=O)NC(=O)C(C)=CC=C[C@H](C)[C@H](O)[C@@H](C)[C@@H](O)[C@@H](C)[C@H](OC(C)=O)[C@@H]1C,
6335,4897_B3D,CO[C@H]1C=CO[C@@]2(C)Oc3c(C)c(O)c4c(O)c(c(/C=N\N5CCN(C6CCCC6)CC5)c(O)c4c3C2=O)NC(=O)C(C)=CC=C[C@H](C)[C@H](O)[C@@H](C)[C@@H](O)[C@@H](C)[C@H](OC(C)=O)[C@@H]1C,
6336,4898_B3D,CO[C@H]1C=CO[C@@]2(C)Oc3c(C)c(O)c4c(O)c(c5c(c4c3C2=O)NC2(CCN(CC(C)C)CC2)N=5)=NC(=O)C(C)=CC=C[C@H](C)[C@H](O)[C@@H](C)[C@@H](O)[C@@H](C)[C@H](OC(C)=O)[C@@H]1C,
6337,4899_B3D,CO[C@H]1C=CO[C@@]2(C)Oc3c(C)c(O)c4c(O)c(c5c(nc6cc(C)ccn65)c4c3C2=O)NC(=O)C(C)=CC=C[C@H](C)[C@H](O)[C@@H](C)[C@@H](O)[C@@H](C)[C@H](OC(C)=O)[C@@H]1C,
6338,4900_B3D,CO[C@H]1C=CO[C@@]2(C)Oc3c(C)c(O)c4c(O)c(cc(O)c4c3C2=O)NC(=O)C(C)=CC=C[C@H](C)[C@H](O)[C@@H](C)[C@@H](O)[C@@H](C)[C@H](OC(C)=O)[C@@H]1C,
6339,4901_B3D,CO[C@H]1CCC[C@H]2C1=C(C(=O)O)N1C(=O)[C@H]([C@@H](C)O)[C@@H]21,
6340,4902_B3D,CO[C@H]1C[C@H](O[C@@H]2[C@@H](C)C(=O)O[C@H](C)[C@H](C)[C@H](O)[C@@H](C)C(=O)[C@]3(CO3)C[C@H](C)[C@H](O[C@@H]3O[C@H](C)C[C@H](N(C)C)[C@H]3O)[C@H]2C)O[C@@H](C)[C@@H]1O,
6341,4903_B3D,CO[C@H]1C[C@H](O[C@H]2[C@H](C)O[C@@H](O[C@@H]3C(C)=CC[C@@H]4C[C@@H](C[C@]5(CC[C@H](C)[C@@H](C(C)C)O5)O4)OC(=O)[C@@H]4C=C(C)[C@@H](O)[C@H]5OCC(=CC=C[C@@H]3C)[C@@]45O)C[C@@H]2OC)O[C@@H](C)[C@@H]1O,
6342,4904_B3D,CO[C@H]1O[C@H]2O[C@@]3(CN4CCCCC4)[C@H](O)C[C@H](C2C)[C@@H]13,
6343,4905_B3D,CO[C@]12[C@@H](COC(N)=O)C3=C(C(=O)C(C)=C(N)C3=O)N1C[C@H]1N[C@H]12,
6344,4906_B3D,COc1cc([C@@H]2c3cc4c(cc3[C@@H](O[C@@H]3O[C@@H]5CO[C@@H](c6cccs6)O[C@H]5[C@H](O)[C@H]3O)[C@H]3COC(=O)[C@H]23)OCO4)cc(OC)c1O,
6345,4907_B3D,COc1cc([C@@H]2c3cc4c(cc3[C@@H](O[C@@H]3O[C@@H]5CO[C@H](C)O[C@H]5[C@H](O)[C@H]3O)[C@H]3COC(=O)[C@H]23)OCO4)cc(OC)c1O,
6346,4908_B3D,COc1ccc(OC[C@H]2CN(C)CCC2c2ccccc2)cc1,
6347,4909_B3D,COc1ccc2c(c1)[C@@]13CCCC[C@H]1[C@@H](C2)N(C)CC3,
6348,4910_B3D,COc1ccc2c3c1OC1[C@@H](O)CCC4C(C2)N(C)CC[C@@]341,
6349,4911_B3D,COc1ccc2c3c1O[C@H]1C(OC(C)=O)=CC[C@H]4[C@@H](C2)N(C)CCC314,
6350,4912_B3D,COc1ccc2c3c1O[C@H]1[C@@H](O)C=C[C@H]4[C@@H](C2)NCC[C@]314,
6351,4913_B3D,COc1ccc2c3c1O[C@H]1[C@@H](OC(=O)c4cccnc4)CC[C@H]4[C@@H](C2)N(C)CC[C@]314,
6352,4914_B3D,COc1cccc2c1C(=O)c1c(O)c3c(c(O)c1C2=O)C[C@@](O)(C(=O)CO)C[C@@H]3O[C@H]1C[C@H](N)C[C@H](C)O1,
6353,4915_B3D,COc1cccc2c1C(=O)c1c(O)c3c(c(O)c1C2=O)C[C@@](O)(C(=O)CO)C[C@@H]3O[C@H]1C[C@H](N)[C@@H](O)[C@H](C)O1,
6354,4916_B3D,COc1cccc2c1C(=O)c1c(O)c3c(c(O)c1C2=O)C[C@@](O)(C(O)CO)C[C@@H]3O,
6355,4917_B3D,CSC(=O)[C@@]1(O)[C@@H](C)C[C@H]2[C@@H]3CCC4=CC(=O)C=C[C@]4(C)[C@@]3(F)[C@@H](O)C[C@@]21C,
6356,4918_B3D,CSC(=O)[C@@]1(O)[C@H](C)C[C@H]2[C@@H]3C[C@H](F)C4=CC(=O)C=C[C@]4(C)[C@@]3(F)[C@@H](O)C[C@@]21C,
6357,4919_B3D,CSC(=O)[C@@]1(OC(C)=O)[C@@H](C)C[C@H]2[C@@H]3CCC4=CC(=O)C=C[C@]4(C)[C@@]3(F)[C@@H](O)C[C@@]21C,
6358,4920_B3D,C[C@@H](CN1CCOCC1)C(C(=O)N1CCCC1)(c1ccccc1)c1ccccc1,
6359,4921_B3D,C[C@@H](N)Cc1ccccc1,
6360,4922_B3D,C[C@@H](O)[C@H]1C(=O)N2C(C(=O)O)=C(SC3Cn4cnc[n+]4C3)[C@H](C)[C@H]12,
6361,4923_B3D,C[C@@H](O)[C@H]1C(=O)N2C(C(=O)O)=C(SCCN=CN)C[C@H]12,
6362,4924_B3D,C[C@@H](O)[C@H]1C(=O)N2C(C(=O)O)=C(S[C@H]3CC[S+]([O-])C3)S[C@H]12,
6363,4925_B3D,C[C@@H]1CC2C3CCC4=CC(=O)C=C[C@]4(C)[C@@]3(Cl)[C@@H](O)C[C@]2(C)[C@@]1(OC(=O)c1ccco1)C(=O)CCl,
6364,4926_B3D,C[C@@H]1CC2C3CCC4=CC(=O)C=C[C@]4(C)[C@@]3(F)[C@@H](O)C[C@]2(C)[C@@]1(C)C(=O)CO,
6365,4927_B3D,C[C@@H]1CC2C3C[C@H](F)C4=CC(=O)C=C[C@]4(C)C3[C@@H](O)C[C@]2(C)[C@H]1C(=O)C(=O)O,
6366,4928_B3D,C[C@@H]1CC2C3C[C@H](F)C4=CC(=O)C=C[C@]4(C)C3[C@@H](O)C[C@]2(C)[C@H]1C(=O)CO,
6367,4929_B3D,C[C@@H]1CC2C3C[C@H](F)C4=CC(=O)C=C[C@]4(C)[C@@]3(F)[C@@H](O)C[C@]2(C)[C@@]1(O)C(=O)CO,
6368,4930_B3D,C[C@@H]1CC2C3C[C@H](F)C4=CC(=O)C=C[C@]4(C)[C@@]3(F)[C@@H](O)C[C@]2(C)[C@@]1(O)C(=O)COC(=O)C(C)(C)C,
6369,4931_B3D,C[C@@H]1C[C@H]2C3CC(F)(F)C4=CC(=O)C=C[C@]4(C)[C@@]3(F)[C@@H](O)C[C@]2(C)[C@@]1(O)C(=O)CO,
6370,4932_B3D,C[C@@H]1C[C@H]2C3C[C@H](F)C4=CC(=O)C=C[C@]4(C)[C@@]3(Cl)[C@@H](F)C[C@]2(C)[C@H]1C(=O)CO,
6371,4933_B3D,C[C@@H]1C[C@H]2C3C[C@H](F)C4=CC(=O)C=C[C@]4(C)[C@@]3(Cl)[C@@H](O)C[C@]2(C)[C@H]1C(=O)COC(=O)C(C)(C)C,
6372,4934_B3D,C[C@@H]1C[C@H]2C3C[C@H](F)C4=CC(=O)C=C[C@]4(C)[C@@]3(F)[C@@H](O)C[C@]2(C)[C@H]1C(=O)CO,
6373,4935_B3D,C[C@@H]1C[C@H]2C3C[C@H](F)C4=CC(=O)C=C[C@]4(C)[C@@]3(F)[C@@H](O)C[C@]2(C)[C@H]1C(=O)COC(=O)C(C)(C)C,
6374,4936_B3D,C[C@@H]1C[C@H]2[C@@H]3CCC4=CC(=O)C=C[C@]4(C)[C@@]3(Cl)[C@@H](Cl)C[C@]2(C)[C@@]1(O)C(=O)CO,
6375,4937_B3D,C[C@@H]1C[C@H]2[C@@H]3C[C@H](F)C4=CC(=O)C(Cl)=C[C@]4(C)[C@@]3(F)[C@@H](O)C[C@]2(C)[C@@]1(O)C(=O)CO,
6376,4938_B3D,C[C@@H]1C[C@H]2[C@@H]3C[C@H](F)C4=CC(=O)C=C[C@]4(C)[C@@]3(Cl)[C@@H](O)C[C@]2(C)[C@H]1C(=O)CO,
6377,4939_B3D,C[C@@H]1C[C@H]2[C@@H]3C[C@H](F)C4=CC(=O)C=C[C@]4(C)[C@@]3(F)[C@@H](O)C[C@]2(C)[C@@]1(O)C(=O)SCCl,
6378,4940_B3D,C[C@@H]1C[C@H]2[C@@H]3C[C@H](F)C4=CC(=O)C=C[C@]4(C)[C@@]3(F)[C@@H](O)C[C@]2(C)[C@@]1(O)C(=O)SCF,
6379,4941_B3D,C[C@@H]1OC(=O)C[C@H](O)C[C@H](O)CC[C@@H](O)[C@H](O)C[C@H](O)C[C@]2(O)C[C@H](O)[C@@H](C(=O)O)[C@H](C[C@@H](O[C@H]3O[C@@H](C)[C@H](O)[C@@H](N)[C@H]3O)C=CC=CC=CC=CC=CC=CC=C[C@H](C)[C@@H](O)[C@H]1C)O2,
6380,4942_B3D,C[C@@H]1O[C@@H](O[C@H]2C[C@](O)(C(=O)CO)Cc3c(O)c4c(c(O)c32)C(=O)c2ccccc2C4=O)C[C@H](N)[C@@H]1O,
6381,4943_B3D,C[C@@]1(Cn2ccnn2)[C@@H](C(=O)O)N2C(=O)C[C@@H]2S1(=O)=O,
6382,4944_B3D,C[C@@]12CCCCCC(Cc3ccc(O)cc31)[C@@H]2N,
6383,4945_B3D,C[C@H](O)[C@H]1C(=O)N2C(C(=O)O)=C(S[C@@H]3CN[C@H](C(=O)N(C)C)C3)[C@H](C)[C@H]12,
6384,4946_B3D,C[C@H]1CC2[C@@H]3CC[C@](O)(C(=O)COC(=O)CCC(=O)O)[C@@]3(C)C[C@H](O)[C@@H]2[C@@]2(C)C=CC(=O)C=C12,
6385,4947_B3D,C[C@H]1CN(CCCn2c3ccccc3c3ccccc32)C[C@@H](C)N1,
6386,4948_B3D,C[C@H]1C[C@@H](OC(=O)[C@@H]2CCC(=O)N2)CC(C)(C)C1,
6387,4949_B3D,C[C@H]1C[C@H]2C3CCC4=CC(=O)C=C[C@]4(C)[C@@]3(F)C(=O)C[C@]2(C)[C@@]1(O)C(=O)CCl,
6388,4950_B3D,C[C@H]1C[C@H]2C3CCC4=CC(=O)C=C[C@]4(C)[C@@]3(F)[C@@H](O)C[C@]2(C)[C@@]1(O)C(=O)CCl,
6389,4951_B3D,C[C@H]1C[C@H]2C3C[C@H](F)C4=CC(=O)C=C[C@]4(C)[C@@]3(F)[C@@H](O)C[C@]2(C)[C@@]1(O)C(=O)CO,
6390,4952_B3D,C[C@H]1OC2(CCCC[C@H]2Oc2cccc(Cl)c2)NC1=O,
6391,4953_B3D,C[C@H]1O[C@@H](O[C@H]2[C@@H](O)C[C@H](O[C@H]3[C@@H](O)C[C@H](O[C@H]4CC[C@@]5(C)C(CC[C@@H]6[C@@H]5C[C@@H](O)[C@]5(C)[C@@H](C7=CC(=O)OC7)CC[C@]65O)C4)O[C@@H]3C)O[C@@H]2C)C[C@H](O)[C@@H]1O,
6392,4954_B3D,C[C@H]1[C@H]2C(=O)c3ccc(O)cc3[C@]1(C)CCN2CC1CC1,
6393,4955_B3D,C[C@]12CC(=O)C3C(C[C@H](Cl)C4=CC(=O)C=C[C@@]43C)C1CC[C@]2(O)C(=O)CO,
6394,4956_B3D,C[C@]12CC(=O)[C@H]3[C@@H](CC[C@H]4C[C@H](O)CC[C@@]43C)[C@@H]1CC[C@@H]2C(=O)CO,
6395,4957_B3D,C[C@]12CCC(=O)C=C1CC[C@H]1C3CC[C@H](C(=O)CO)C3(C=O)C[C@H](O)C12,
6396,4958_B3D,C[C@]12CC[C@H]3[C@@H](CCC4=CC(=O)CC[C@@]43C)[C@@H]1CC[C@]2(O)C(=O)CO,
6397,4959_B3D,C[C@]12C[C@H](Cl)[C@@]3(Cl)C(CCC4=CC(=O)C=C[C@@]43C)C1CC[C@]2(O)C(=O)CO,
6398,4960_B3D,C[C@]12C[C@H](O)[C@@]3(F)C(C[C@H](F)C4=CC(=O)C=C[C@@]43C)C1C[C@@H](O)[C@]2(O)C(=O)CO,
6399,4961_B3D,C[C@]12C[C@H](O)[C@@]3(F)[C@@H](CCC4=CC(=O)C=C[C@@]43C)[C@@H]1CC[C@]2(O)C(=O)CO,
6400,4962_B3D,C[C@]12C[C@H](O)[C@H]3C(C=C(Cl)C4=CC(=O)C=C[C@@]43C)[C@@H]1CC[C@]2(O)C(=O)CO,
6401,4963_B3D,C[C@]12C[C@H](O)[C@H]3[C@@H](CCC(=O)C4C(=O)C=C[C@@]43C)[C@@H]1CC[C@]2(O)C(=O)CO,
6402,4964_B3D,C[C@]12C[C@H](O)[C@H]3[C@@H](CCC4=CC(=O)C=C[C@@]43C)[C@@H]1CC[C@]2(O)C(=O)OCCl,
6403,4965_B3D,C[C@]12C[C@H](O)[C@H]3[C@@H](CCC4=CC(=O)CC[C@@]43C)[C@@H]1CC[C@]2(O)C(=O)COC(=O)CCC1CCCC1,
6404,4966_B3D,C[N+]1(C)CCCCC1COC(=O)C(O)(c1ccccc1)c1ccccc1,
6405,4967_B3D,C[N+]1(CCCS(=O)(=O)O)C2CCC1CC(OC(=O)C(CO)c1ccccc1)C2,
6406,4968_B3D,C[N+]1([O-])[C@H]2CC[C@@H]1CC(OC(=O)C(CO)c1ccccc1)C2,
6407,4969_B3D,Cc1c2oc3c(C)ccc(C(=O)N[C@@H]4C(=O)N[C@H](C(C)C)C(=O)N5CCC[C@H]5C(=O)N(C)CC(=O)N(C)[C@@H](C(C)C)C(=O)O[C@@H]4C)c3nc-2c(C(=O)N[C@@H]2C(=O)N[C@H](C(C)C)C(=O)N3CCC[C@H]3C(=O)N(C)CC(=O)N(C)[C@@H](C(C)C)C(=O)O[C@@H]2C)c(N)c1=O,
6408,4970_B3D,Cc1cc(=O)c(C(=O)N[C@@H](C(=O)N[C@@H]2C(=O)N3C(C(=O)O)=C(CSc4nnnn4C)CS[C@H]23)c2ccc(O)cc2)c[nH]1,
6409,4971_B3D,Cc1ccccc1-n1c(/C=C\c2ccccn2)nc2ccccc2c1=O,
6410,4972_B3D,Cc1nc2n(n1)C(N1CCN(C)CC1)=Nc1cc(I)ccc1C2,
6411,4973_B3D,Cc1ncc(COC(=O)CCC(=O)OCCN(C)C)c(CO)c1O,
6412,4974_B3D,Cc1nnc(SCC2=C(C(=O)O)N3C(=O)[C@@H](NC(=O)[C@H](N)c4ccc(O)cc4)[C@H]3SC2)s1,
6413,4975_B3D,Cc1nnc(SCC2=C(C(=O)OCc3oc(=O)oc3C)N3C(=O)[C@@H](NC(=O)[C@H](OC(=O)[C@H](C)N)c4ccccc4)[C@H]3SC2)s1,
6414,4976_B3D,Clc1ccc2c(c1)/C(=C\C1CN3CCC1CC3)c1ccccc1S2,
6415,4977_B3D,FC(F)(F)c1cccc(N2CCN(CCc3nnc4n3C[C@@H]3CCC[C@H]43)CC2)c1,
6416,4978_B3D,NC(=O)Nc1ccc(S(=O)(=O)c2ccc(N)cc2)cc1,
6417,4979_B3D,NC(=O)OC[C@@H]1[C@H](NC(=O)/C(=N\OCC(=O)O)c2csc(N)n2)C(=O)N1S(=O)(=O)O,
6418,4980_B3D,NC(=O)c1cc[n+](CC2=C(C(=O)O)N3C(=O)[C@@H](NC(=O)Cc4cccs4)[C@H]3SC2)cc1,
6419,4981_B3D,NC(=O)c1cc[n+](CC2=C(C(=O)O)N3C(=O)[C@@H](NC(=O)[C@@H](c4ccccc4)S(=O)(=O)O)[C@H]3SC2)cc1,
6420,4982_B3D,NCC[C@@H](O)CN[C@@H]1C[C@H](N)[C@@H](O[C@H]2O[C@H](CN)[C@@H](O)[C@H](O)[C@H]2O)[C@H](O)[C@H]1O[C@H]1O[C@H](CO)[C@@H](O)[C@H](N)[C@H]1O,
6421,4983_B3D,NCC[C@H](O)C(=O)N[C@@H]1C[C@H](N)[C@@H](OC2O[C@H](CN)[C@@H](O)[C@H](O)[C@H]2O)[C@H](O)[C@H]1OC1O[C@H](CO)[C@@H](O)[C@H](N)[C@H]1O,
6422,4984_B3D,NC[C@@H]1CC[C@@H](N)[C@@H](O[C@@H]2[C@@H](N)C[C@@H](N)[C@H](O[C@H]3O[C@H](CO)[C@@H](O)[C@H](N)[C@H]3O)[C@H]2O)O1,
6423,4985_B3D,NC[C@@H]1O[C@H](O[C@H]2[C@H](CO)O[C@H](O[C@@H]3[C@@H](O)[C@H](N)C[C@H](N)[C@H]3O[C@H]3O[C@H](CN)[C@@H](O)[C@H](O)[C@H]3N)[C@H]2O)[C@H](N)[C@@H](O)[C@@H]1O,
6424,4986_B3D,NC[C@H]1O[C@H](O[C@@H]2[C@@H](N)C[C@@H](N)C(O[C@H]3O[C@H](CO)[C@@H](O)[C@H](N)[C@H]3O)[C@H]2O)[C@H](N)C[C@@H]1O,
6425,4987_B3D,NC[C@H]1O[C@H](O[C@@H]2[C@@H](N)C[C@@H](N)[C@H](OC3O[C@H](CO)[C@@H](O)[C@H](N)[C@H]3O)[C@H]2O)[C@H](O)[C@@H](O)[C@@H]1O,
6426,4988_B3D,NC[C@H]1O[C@H](O[C@@H]2[C@@H](N)C[C@@H](N)[C@H](O[C@H]3O[C@H](CO)[C@@H](O)[C@H](N)[C@H]3O)[C@H]2O)[C@H](N)[C@@H](O)[C@@H]1O,
6427,4989_B3D,NC[C@H]1O[C@H](O[C@@H]2[C@@H](N)C[C@@H](NC(CO)CO)[C@H](O[C@H]3O[C@H](CO)[C@@H](O)[C@H](N)[C@H]3O)[C@H]2O)[C@H](N)[C@@H](O)[C@@H]1O,
6428,4990_B3D,N[C@@H](C(=O)N[C@@H]1C(=O)N2C(C(=O)O)=C(CSc3cn[nH]n3)CS[C@H]12)c1ccc(O)cc1,
6429,4991_B3D,N[C@@H](C(=O)N[C@@H]1C(=O)N2C(C(=O)O)=C(Cl)CC[C@H]12)c1ccccc1,
6430,4992_B3D,Nc1ncc(/C(=N\OC2CCNC2=O)C(=O)N[C@@H]2C(=O)N3C(C(=O)O)=C(C[n+]4ccccc4)CS[C@H]23)s1,
6431,4993_B3D,O=C(CN1CC[C@]23CCCC[C@H]2[C@H]1Cc1ccc(O)cc13)c1ccccc1,
6432,4994_B3D,O=C(Cc1cccs1)N[C@@H]1C(=O)N2C(C(=O)O)=C(C[n+]3ccccc3)CS[C@H]12,
6433,4995_B3D,O=C(O)C1=C(CSc2nnnn2CS(=O)(=O)O)CS[C@@H]2[C@H](NC(=O)[C@H](O)c3ccccc3)C(=O)N12,
6434,4996_B3D,O=C(O)C1=C(C[n+]2ccc(CCS(=O)(=O)O)cc2)CS[C@@H]2[C@H](NC(=O)[C@H](NC(=O)c3nc[nH]c3C(=O)O)c3ccccc3)C(=O)N12,
6435,4997_B3D,O=C(O)CCCC[C@@H]1SC[C@@H]2NC(=O)N[C@H]12,
6436,4998_B3D,O=C1CC=C2CCC(=O)N12,
6437,4999_B3D,O=C1CCNC1C(=O)N[C@H]1CC1c1ccccc1,
6438,5000_B3D,O=C1O[C@H]([C@@H](O)CO)C(O)=C1O,
6439,5001_B3D,O=C1[C@@H]2[C@H](C(=O)N1CCCCN1CCN(c3ncccn3)CC1)[C@@H]1C=C[C@H]2[C@@H]2C=C[C@H]12,
6440,5002_B3D,O=C1[C@H]2[C@H]3CC[C@H](C3)[C@H]2C(=O)N1CCCCN1CCN(c2ncccn2)CC1,
6441,5003_B3D,OC(OCCOCCOC[C@@H]1C[C@H](OC(O)C(Cl)(Cl)Cl)[C@@H](O)[C@H](O[C@@H]2[C@@H](COCCOC(O)C(Cl)(Cl)Cl)O[C@@H](O)[C@H](O)[C@H]2OCCOCCOC(O)C(Cl)(Cl)Cl)O1)C(Cl)(Cl)Cl,
6442,5004_B3D,OCC(O)[C@H]1O[C@@H]2O[C@H](C(Cl)(Cl)Cl)O[C@@H]2[C@H]1O,
6443,5005_B3D,OCCC1CCC(CC/C=C2\c3ccccc3Sc3ccc(Cl)cc32)CC1,
6444,5006_B3D,Oc1ccc2c(c1)[C@@]13CCCC[C@H]1[C@@H](C2)N(CCc1ccccc1)CC3,
6445,5007_B3D,Oc1ccc2c(c1)[C@@]13CCCC[C@H]1[C@@H](C2)NCC3,
6446,5008_B3D,Oc1ccc2c(c1)[C@]13CCN(CC4CC4)[C@H](C2)[C@@H]1CCOC3,
6447,5009_B3D,Oc1ccc2c3c1O[C@H]1[C@@H](O)C=C[C@H]4[C@@H](C2)NCC[C@]314,
6448,5010_B3D,Oc1ccc2c3c1O[C@H]1[C@@H](O)CC[C@@]4(O)[C@@H](C2)N(CC2CCC2)CC[C@]314,
6449,5011_B3D,[N-]=[N+]=NCC(=O)NC(CO)C(O)c1ccc([N+](=O)[O-])cc1,
6450,5012_B3D,C=CCN1CC[C@@]23c4c5ccc(O)c4O[C@@H]2[C@@H](O)C=C[C@@H]3[C@@H]1C5,
6451,5013_B3D,C=CCN1CC[C@]23CCCC[C@@H]2[C@H]1Cc1ccc(O)cc13,
6452,5014_B3D,CC(C)C[C@H]1C(=O)N2CCCC2[C@]2(O)O[C@](NC(=O)[C@@H]3C=C4c5cccc6[nH]c(Br)c(c56)C[C@H]4N(C)C3)(C(C)C)C(=O)N12,
6453,5015_B3D,CC(C)NC[C@@H](O)COc1ccc(CC(N)=O)cc1,
6454,5016_B3D,CC(C)NC[C@@H](O)COc1cccc2[nH]ccc12,
6455,5017_B3D,CC(C)[C@H](CN1CCCC1)N(C)C(=O)Cc1ccc(Cl)c(Cl)c1,
6456,5018_B3D,CC(C)[N+]1(C)[C@H]2CC[C@@H]1CC(OC(=O)[C@@H](CO)c1ccccc1)C2,
6457,5019_B3D,CC1(C)S[C@@H]2[C@@H](NC(=O)[C@H](C(=O)O)c3ccsc3)C(=O)N2C1C(=O)O,
6458,5020_B3D,CCC[C@@H](C)C1(CC)C(=O)NC(=S)NC1=O,
6459,5021_B3D,CC[C@@H](C)n1ncn(-c2ccc(N3CCN(c4ccc(OC[C@@H]5CO[C@@](Cn6cncn6)(c6ccc(Cl)cc6Cl)O5)cc4)CC3)cc2)c1=O,
6460,5022_B3D,CC[C@H](C)C(=O)O[C@H]1C[C@@H](O)C=C2C=C[C@H](C)[C@H](CC[C@@H](O)C[C@@H](O)CC(=O)O)[C@H]21,
6461,5023_B3D,CC[C@H](CO)NCCN[C@H](CC)CO,
6462,5024_B3D,CC[C@H]1OC(=O)[C@@H](C)[C@H](O[C@@H]2C[C@@](C)(OC)[C@@H](O)[C@H](C)O2)[C@@H](C)[C@H](O[C@@H]2O[C@H](C)C[C@H](N(C)C)[C@H]2O)[C@](C)(O)C[C@@H](C)CN(C)[C@H](C)C(O)[C@@]1(C)O,
6463,5025_B3D,CC[C@]1(C)CC(=O)NC1=O,
6464,5026_B3D,CCn1cc(C(=O)O)c(=O)c2cc(F)c(N3CCN[C@H](C)C3)c(F)c21,
6465,5027_B3D,CN(C(=O)Cc1ccc(Cl)c(Cl)c1)[C@H]1CCCC[C@H]1N1CCCC1,
6466,5028_B3D,CN(N=O)C(=O)N[C@H]1[C@H](O)O[C@H](CO)[C@@H](O)[C@@H]1O,
6467,5029_B3D,CN1C(=O)NC(=O)[C@@](C)(C2=CCCCC2)C1=O,
6468,5030_B3D,CN1CCCC[C@H]1CCN1c2ccccc2Sc2ccc([S@@+](C)[O-])cc21,
6469,5031_B3D,CN1CCN2c3ccccc3Cc3ccccc3[C@@H]2C1,
6470,5032_B3D,CN1CCN2c3ncccc3Cc3ccccc3[C@@H]2C1,
6471,5033_B3D,CN1C[C@H](C(=O)NC2(C)O[C@@]3(O)[C@@H]4CCCN4C(=O)[C@H](Cc4ccccc4)N3C2=O)C[C@@H]2c3cccc4[nH]cc(c34)C[C@H]21,
6472,5034_B3D,CN1[C@H]2CC[C@@H]1CC(OC(=O)[C@@H](CO)c1ccccc1)C2,
6473,5035_B3D,CN[C@H](CC(C)C)C(=O)N[C@H]1C(=O)N[C@@H](CC(N)=O)C(=O)N[C@H]2C(=O)N[C@H]3C(=O)N[C@H](C(=O)N[C@H](C(=O)O)c4cc(O)cc(O)c4-c4cc3ccc4O)[C@H](O)c3ccc(c(Cl)c3)Oc3cc2cc(c3O[C@@H]2O[C@H](CO)[C@@H](O)[C@H](O)[C@H]2O[C@@H]2C[C@](C)(N)[C@@H](O)[C@H](C)O2)Oc2ccc(cc2Cl)[C@H]1O,
6474,5036_B3D,COCCc1ccc(OC[C@H](O)CNC(C)C)cc1,
6475,5037_B3D,CO[C@H](C(=O)[C@@H](O)[C@@H](C)O)[C@@H]1Cc2cc3cc(O[C@H]4C[C@@H](O[C@H]5C[C@@H](O)[C@H](O)[C@@H](C)O5)[C@@H](O)[C@@H](C)O4)c(C)c(O)c3c(O)c2C(=O)[C@H]1OC1C[C@@H](O[C@H]2C[C@@H](O[C@H]3C[C@](C)(O)[C@H](O)[C@@H](C)O3)[C@H](O)[C@@H](C)O2)[C@H](O)[C@@H](C)O1,
6476,5038_B3D,COc1cc([C@H]2c3cc4c(cc3[C@H](O[C@H]3O[C@H]5CO[C@H](c6cccs6)O[C@@H]5[C@@H](O)[C@@H]3O)[C@H]3COC(=O)[C@H]23)OCO4)cc(O)c1O,
6477,5039_B3D,COc1ccc2nc([S@+]([O-])Cc3ncc(C)c(OC)c3C)[nH]c2c1,
6478,5040_B3D,C[C@@H](C[N+](C)(C)C)OC(N)=O,
6479,5041_B3D,C[C@@H]1COc2c(N3CCN(C)CC3)c(F)c(C(=O)O)c3c(=O)ccn1c23,
6480,5042_B3D,C[C@@H]1O[C@H](O[C@H]2C=CC=CC=CC=CC=CC=CC=C[C@H](C)[C@@H](O)[C@@H](C)[C@@H](C)OC(=O)C[C@H](O)C[C@@H](O)CC[C@@H](O)[C@@H](O)C[C@@H](O)C[C@@]3(O)C[C@@H](O)[C@H](C(=O)O)[C@@H](C2)O3)[C@@H](O)[C@H](N)[C@H]1O,
6481,5043_B3D,C[C@@H]1[C@H]2Cc3ccc(O)cc3[C@]1(C)CCN2CC1CC1,
6482,5044_B3D,C[N+]1(C)CCC[C@H](OC(=O)[C+](O)(c2ccccc2)c2ccccc2)C1,
6483,5045_B3D,C[N+]12CCC(CC1)[C@@H](OC(=O)C(O)(c1ccccc1)[C+]1CCCCC1)C2,
6484,5046_B3D,Cc1ccc(C(=O)NC[C@H]2CN=C(c3ccc(F)cc3)c3ccc(C)cc3N2C)cc1,
6485,5047_B3D,NC(=O)c1cnn([C@@H]2O[C@H](CO)[C@@H](O)[C@H]2O)n1,
6486,5048_B3D,NC1[C@H]2CN(c3nc4c(cc3F)c(=O)c(C(=O)O)cn4-c3ccc(F)cc3F)C[C@H]12,
6487,5049_B3D,NC[C@H]1O[C@H](O[C@H]2C(O)[C@@H](O[C@H]3O[C@H](CO)[C@@H](O)[C@H](N)[C@H]3O)[C@H](N)C[C@@H]2N)[C@H](O)[C@@H](O)[C@@H]1O,
6488,5050_B3D,N[C@@H]1CONC1=O,
6489,5051_B3D,Nc1ccn([C@@H]2O[C@H](CO)[C@@H](O)[C@H]2O)c(=O)n1,
6490,5052_B3D,Nc1nc(Cl)nc2c1ncn2[C@H]1CC(O)[C@@H](CO)O1,
6491,5053_B3D,Nc1nc2c(c(=O)[nH]1)N(C=O)[C@H](CNc1ccc(C(=O)N[C@@H](CCC(=O)O)C(=O)O)cc1)CN2,
6492,5054_B3D,Nc1ncnc2c1ncn2[C@@H]1O[C@H](CO)[C@@H](O)[C@H]1O,
6493,5055_B3D,O=C(O)COCCN1CCN([C@H](c2ccccc2)c2ccc(Cl)cc2)CC1,
6494,5056_B3D,O=C(c1ccccc1)c1ccc2n1CC[C@H]2C(=O)O,
6495,5057_B3D,O=C1CC[C@]2(O)[C@@H]3Cc4ccc(O)c5c4[C@]2(CCN3CC2CC2)[C@@H]1O5,
6496,5058_B3D,O=C1Nc2ccc(Cl)cc2C(c2ccccc2)=N[C@@H]1O,
6497,5059_B3D,OCCN1CCN(CC/C=C2\c3ccccc3Sc3ccc(C(F)(F)F)cc32)CC1,
6498,5060_B3D,OCCOCCN1CCN([C@H](c2ccccc2)c2ccc(Cl)cc2)CC1,
6499,5061_B3D,OC[C@H]1O[C@@H](n2cnc3c2NC=NC[C@H]3O)CC1O,
6500,5062_B3D,O[C@@H](c1cc(C(F)(F)F)nc2c(C(F)(F)F)cccc12)[C@H]1CCCCN1,
6501,5063_B3D,CCOCC1(N)C(c2ccc(OC)cc2)C1S(=O)(=O)c1ccccc1,
6502,5064_B3D,COc1cc2c(cc1OC)CN(C(=O)C[C@@H]1NC(=O)N(c3ccc(C(C)C)cc3)C1=O)CC2,
6503,5065_B3D,COc1ccc(C2C(S(=O)(=O)c3ccc(Cl)cc3)C2(CN)CN)cc1,
6504,5066_B3D,C#CC1(O)CCC2C3CCC4=CC(=O)CCC4C3CCC21C,
6505,5067_B3D,C#CC1(O)CCC2C3CCC4=CC(=O)CCC4C3CCC21CC,
6506,5068_B3D,C#CC1(O)CCC2C3CCC4=Cc5oncc5CC4(C)C3CCC21C,
6507,5069_B3D,C#CC1(O)CCC2C3CCc4cc(O)ccc4C3CCC21C,
6508,5070_B3D,C#CC1(O)CCC2C3CCc4cc(OC5CCCC5)ccc4C3CCC21C,
6509,5071_B3D,C(=C/c1ccccc1)\CN1CCN(C(c2ccccc2)c2ccccc2)CC1,
6510,5072_B3D,C1CNCCN1,
6511,5073_B3D,C1COC(NC(C2CC2)C2CC2)=N1,
6512,5074_B3D,C=C(c1ccc(C(=O)O)cc1)c1cc2c(cc1C)C(C)(C)CCC2(C)C,
6513,5075_B3D,C=C1C(=CC=C2CCCC3(C)C2CCC3C(C)CCCC(C)(C)O)CC(O)CC1O,
6514,5076_B3D,C=C1C(=CC=C2CCCC3(C)C2CCC3C(C)CCCC(C)C)CC(O)CC1O,
6515,5077_B3D,C=C1CCC(O)CC1=CC=C1CCCC2(C)C1CCC2C(C)C=CC(C)C(C)C,
6516,5078_B3D,C=C1CCC(O)CC1=CC=C1CCCC2(C)C1CCC2C(C)CCCC(C)C,
6517,5079_B3D,C=CCN1CCc2nc(N)sc2CC1,
6518,5080_B3D,CC(=CCC1=C(C)C(=O)c2ccccc2C1=O)CCCC(C)CCCC(C)CCCC(C)C,
6519,5081_B3D,CC(=Cc1ccccc1)C=C1SC(=S)N(CC(=O)O)C1=O,
6520,5082_B3D,CC(=O)C1(O)CCC2C3C=C(C)C4=CC(=O)CCC4(C)C3CCC21C,
6521,5083_B3D,CC(=O)C1(O)CCC2C3CC(C)C4=CC(=O)CCC4(C)C3CCC21C,
6522,5084_B3D,CC(=O)C1CCC2C3C=CC4=CC(=O)CCC4(C)C3CCC12C,
6523,5085_B3D,CC(=O)N(CC(C)C(=O)O)c1c(I)cc(I)c(N)c1I,
6524,5086_B3D,CC(=O)N(CC(O)CO)c1c(I)c(C(=O)NCC(O)CO)c(I)c(C(=O)NCC(O)CO)c1I,
6525,5087_B3D,CC(=O)N(c1onc(C)c1C)S(=O)(=O)c1ccc(N)cc1,
6526,5088_B3D,CC(=O)N=c1sc(S(N)(=O)=O)nn1C,
6527,5089_B3D,CC(=O)NC(CS)C(=O)O,
6528,5090_B3D,CC(=O)NO,
6529,5091_B3D,CC(=O)Nc1ccc(C=NNC(N)=S)cc1,
6530,5092_B3D,CC(=O)OCC(=O)C1(O)C(O)CC2C3CCC4=CC(=O)C=CC4(C)C3(F)C(O)CC21C,
6531,5093_B3D,CC(=O)OCC1OC(n2ncc(=O)[nH]c2=O)C(OC(C)=O)C1OC(C)=O,
6532,5094_B3D,CC(=O)O[C@H]1C[C@H](O[C@H]2[C@@H](O)C[C@H](O[C@H]3[C@@H](O)C[C@H](O[C@H]4CC[C@]5(C)[C@H]6CC[C@]7(C)[C@@H](C8=CC(=O)OC8)CC[C@]7(O)[C@@H]6CC[C@@H]5C4)O[C@@H]3C)O[C@@H]2C)O[C@H](C)[C@H]1O,
6533,5095_B3D,CC(=O)Oc1cc(C)c(OC(C)=O)c2ccccc12,
6534,5096_B3D,CC(=O)Oc1ccc(C(=C2CCCCC2)c2ccc(OC(C)=O)cc2)cc1,
6535,5097_B3D,CC(=O)Oc1ccc(C(c2ccc(OC(C)=O)cc2)c2ccccn2)cc1,
6536,5098_B3D,CC(=O)Oc1cccc2c1C(=O)c1c(OC(C)=O)cc(C(=O)O)cc1C2=O,
6537,5099_B3D,CC(=O)Oc1ccccc1C(=O)Nc1ncc([N+](=O)[O-])s1,
6538,5100_B3D,CC(=O)SC1CC2=CC(=O)CCC2(C)C2CCC3(C)C(CCC34CCC(=O)O4)C12,
6539,5101_B3D,CC(=O)c1cc2cccc(OCC(O)CNC(C)C)c2o1,
6540,5102_B3D,CC(=O)c1ccc2c(c1)Sc1ccccc1N2CCCN1CCN(CCO)CC1,
6541,5103_B3D,CC(C(=O)O)c1ccc(C(=O)c2ccccc2)s1,
6542,5104_B3D,CC(C(=O)O)c1ccc2oc(-c3ccc(Cl)cc3)nc2c1,
6543,5105_B3D,CC(C)(C)C(=O)OCOP(=O)(COCCn1cnc2c(N)ncnc21)OCOC(=O)C(C)(C)C,
6544,5106_B3D,CC(C)(C)NC(=O)C1CCC2C3CCC4NC(=O)C=CC4(C)C3CCC12C,
6545,5107_B3D,CC(C)(C)NCC(O)COc1ccc(NC(=O)NC2CCCCC2)cc1,
6546,5108_B3D,CC(C)(C)NCC(O)COc1nsnc1N1CCOCC1,
6547,5109_B3D,CC(C)(C)NCC(O)c1cc(Br)no1,
6548,5110_B3D,CC(C)(C)NCC(O)c1cc(Cl)c(N)c(Cl)c1,
6549,5111_B3D,CC(C)(CO)C(O)C(=O)NCCC(=O)O,
6550,5112_B3D,CC(C)(CO)C(O)C(=O)NCCCO,
6551,5113_B3D,CC(C)(N)Cc1ccccc1,
6552,5114_B3D,CC(C)(Oc1ccc(C2CC2(Cl)Cl)cc1)C(=O)O,
6553,5115_B3D,CC(C)(Oc1ccc(CCNC(=O)c2ccc(Cl)cc2)cc1)C(=O)O,
6554,5116_B3D,CC(C)(S)C(N)C(=O)O,
6555,5117_B3D,CC(C)(Sc1cc(C(C)(C)C)c(O)c(C(C)(C)C)c1)Sc1cc(C(C)(C)C)c(O)c(C(C)(C)C)c1,
6556,5118_B3D,CC(C)=CCCC(C)=CCCC(C)=CCCC(C)=CCC1=C(C)C(=O)c2ccccc2C1=O,
6557,5119_B3D,CC(C)C1CCC(C(=O)NC(Cc2ccccc2)C(=O)O)CC1,
6558,5120_B3D,CC(C)CC1C(=O)N2CCCC2C2(O)OC(NC(=O)C3CC4c5cccc6[nH]cc(c56)CC4N(C)C3)(C(C)C)C(=O)N12,
6559,5121_B3D,CC(C)CC1Nc2cc(Cl)c(S(N)(=O)=O)cc2S(=O)(=O)N1,
6560,5122_B3D,CC(C)CN(CC(OP(=O)(O)O)C(Cc1ccccc1)NC(=O)OC1CCOC1)S(=O)(=O)c1ccc(N)cc1,
6561,5123_B3D,CC(C)N(CCC(C(N)=O)(c1ccccc1)c1ccccn1)C(C)C,
6562,5124_B3D,CC(C)NCC(O)c1cc(O)cc(O)c1,
6563,5125_B3D,CC(C)NCC1CCc2cc(CO)c([N+](=O)[O-])cc2N1,
6564,5126_B3D,CC(C)NCCCC1(C(N)=O)c2ccccc2-c2ccccc21,
6565,5127_B3D,CC(C)OC(=O)C(C)(C)Oc1ccc(C(=O)c2ccc(Cl)cc2)cc1,
6566,5128_B3D,CC(C)Oc1ccc2c(=O)c(-c3ccccc3)coc2c1,
6567,5129_B3D,CC(C)[N+](C)(CCC(C(N)=O)(c1ccccc1)c1ccccc1)C(C)C,
6568,5130_B3D,CC(C)c1nc(N(C)S(C)(=O)=O)nc(-c2ccc(F)cc2)c1C=CC(O)CC(O)CC(=O)O,
6569,5131_B3D,CC(C=CC=C(C)C=CC1=C(C)CCCC1(C)C)=CC=CC=C(C)C=CC=C(C)C=CC1=C(C)CCCC1(C)C,
6570,5132_B3D,CC(CCC(=O)O)C1CCC2C3C(=O)CC4CC(=O)CCC4(C)C3CC(=O)C12C,
6571,5133_B3D,CC(CCC(=O)O)C1CCC2C3C(O)CC4CC(O)CCC4(C)C3CCC12C,
6572,5134_B3D,CC(CN(C)C)C(C)(O)Cc1ccc(Cl)cc1,
6573,5135_B3D,CC(COc1ccccc1)NC(C)C(O)c1ccc(O)cc1,
6574,5136_B3D,CC(Cc1ccc2c(c1)OCO2)NCC(O)c1ccc(O)c(O)c1,
6575,5137_B3D,CC(Cc1cccc(C(F)(F)F)c1)NCCOC(=O)c1ccccc1,
6576,5138_B3D,CC(Cn1cnc2c(N)ncnc21)OCP(=O)(O)O,
6577,5139_B3D,CC(N=C(NC#N)Nc1ccncc1)C(C)(C)C,
6578,5140_B3D,CC(NCCc1ccc(O)cc1)C(O)c1ccc(O)cc1,
6579,5141_B3D,CC(O)(CS(=O)(=O)c1ccc(F)cc1)C(=O)Nc1ccc(C#N)c(C(F)(F)F)c1,
6580,5142_B3D,CC(O)(P(=O)(O)O)P(=O)(O)O,
6581,5143_B3D,CC(O)C(O)C1CNc2nc(N)[nH]c(=O)c2N1,
6582,5144_B3D,CC(Oc1c(Cl)cccc1Cl)C1=NCCN1,
6583,5145_B3D,CC(S)C(=O)NCC(=O)O,
6584,5146_B3D,CC(c1ccccc1)C1Nc2cc(Cl)c(S(N)(=O)=O)cc2S(=O)(=O)N1,
6585,5147_B3D,CC(c1ncncc1F)C(O)(Cn1cncn1)c1ccc(F)cc1F,
6586,5148_B3D,CC1(C)[C@@H](OC(=O)CCC(=O)O)CC[C@@]2(C)[C@H]1CC[C@]1(C)[C@@H]2C(=O)C=C2[C@@H]3C[C@@](C)(C(=O)O)CC[C@]3(C)CC[C@]21C,
6587,5149_B3D,CC1(O)CCC2C3CCC4=CC(=O)CCC4(C)C3(F)C(O)CC21C,
6588,5150_B3D,CC12C=CC(=O)NC1CCC1C2CCC2(C)C(C(=O)Nc3cc(C(F)(F)F)ccc3C(F)(F)F)CCC12,
6589,5151_B3D,CC12CCC(=O)C=C1C1CC1C1C2CCC2(C)C1C1CC1C21CCC(=O)O1,
6590,5152_B3D,CC12CCC(=O)C=C1CCC1C2CCC2(C)C1CCC2(C)O,
6591,5153_B3D,CC12CCC3C(CCC45OC4C(O)=C(C#N)CC35C)C1CCC2O,
6592,5154_B3D,CC12CCC3C(CCC4=C(O)C(=O)CCC43C)C1CCC2=O,
6593,5155_B3D,CC12CCC3C(CCC4=CC(=O)C=CC43C)C1CCC(=O)O2,
6594,5156_B3D,CC12CCC3c4ccc(OC(=O)N(CCCl)CCCl)cc4CCC3C1CCC2O,
6595,5157_B3D,CC12CCC3c4ccc(OS(=O)(=O)O)cc4CCC3C1CCC2=O,
6596,5158_B3D,CC12COC(=O)CC1CCC1C2CCC2(C)C1CCC2(C)O,
6597,5159_B3D,CC12Cc3cn[nH]c3CC1CCC1C2CCC2(C)C1CCC2(C)O,
6598,5160_B3D,CC1=C(C(=O)O)N2C(=O)C(NC(=O)C(N)c3ccccc3)C2SC1,
6599,5161_B3D,CC1=C(CC(=O)O)c2cc(F)ccc2C1=Cc1ccc([S+](C)[O-])cc1,
6600,5162_B3D,CC1C=CC=CCCC=CC=CC=CC=CC(OC2OC(C)C(O)C(N)C2O)CC(O)C(C(=O)O)C(O)CC(=O)CC(O)C(O)CCC(O)CC(O)CC(O)CC(=O)OC(C)C(C)C1O,
6601,5163_B3D,CC1CC(OC(=O)C(O)c2ccccc2)CC(C)(C)C1,
6602,5164_B3D,CC1CC2=CC(=O)CCC2(C)C2CCC3(C)C(CCC3(C)O)C12,
6603,5165_B3D,CC1CC2C3CCC4=CC(=O)C=CC4(C)C3(F)C(O)CC2(C)C1(O)C(=O)CO,
6604,5166_B3D,CC1CCC(O)CC1=CC=C1CCCC2(C)C1CCC2C(C)C=CC(C)C(C)C,
6605,5167_B3D,CC1CCCC(C)N1CCCC(O)(c1ccccc1)c1ccccn1,
6606,5168_B3D,CC1CCc2cc(F)cc3c(=O)c(C(=O)O)cn1c23,
6607,5169_B3D,CC1CS(=O)(=O)CCN1N=Cc1ccc([N+](=O)[O-])o1,
6608,5170_B3D,CC1Cc2ccccc2N1NC(=O)c1ccc(Cl)c(S(N)(=O)=O)c1,
6609,5171_B3D,CCC(=O)C(CC(C)N1CCCCC1)(c1ccccc1)c1ccccc1,
6610,5172_B3D,CCC(=O)OC(OP(=O)(CCCCc1ccccc1)CC(=O)N1CC(C2CCCCC2)CC1C(=O)O)C(C)C,
6611,5173_B3D,CCC(C)C(=O)OC1CC(C)C=C2C=CC(C)C(CCC3CC(O)CC(=O)O3)C21,
6612,5174_B3D,CCC(C)CCCC(=O)NC(CCN)C(=O)NC(C(=O)NC(CCN)C(=O)NC1CCNC(=O)C(C(C)O)NC(=O)C(CCN)NC(=O)C(CCN)NC(=O)C(CC(C)C)NC(=O)C(CC(C)C)NC(=O)C(CCN)NC1=O)C(C)O,
6613,5175_B3D,CCC(CO)NC(=O)C1C=C2c3cccc4[nH]cc(c34)CC2N(C)C1,
6614,5176_B3D,CCC(CO)NC(=O)C1C=C2c3cccc4c3c(cn4C)CC2N(C)C1,
6615,5177_B3D,CCC(Cc1c(I)cc(I)c(N)c1I)C(=O)O,
6616,5178_B3D,CCC(c1ccccc1)c1c(O)c2ccccc2oc1=O,
6617,5179_B3D,CCC1(O)C(=O)OCc2c1cc1n(c2=O)Cc2cc3ccccc3nc2-1,
6618,5180_B3D,CCC1(O)CCC2C3CCC4=CCCCC4C3CCC21C,
6619,5181_B3D,CCC1(c2cccc(O)c2)CCCCN(C)C1,
6620,5182_B3D,CCC12CCCN3CCc4c(n(c5ccccc45)C(O)(C(=O)OC)C1)C32,
6621,5183_B3D,CCC1NC(=O)c2cc(S(N)(=O)=O)c(Cl)cc2N1,
6622,5184_B3D,CCC1OC(=O)CC(O)C(C)C(OC2OC(C)CC(N(C)C)C2O)C(CC=O)CC(C)C(=O)C=CC2(C)OC2C1C,
6623,5185_B3D,CCCC(=O)N1CCCN(c2nc(N)c3cc(OC)c(OC)cc3n2)CC1,
6624,5186_B3D,CCCC(=O)Nc1c(I)cc(I)c(CC(CC)C(=O)O)c1I,
6625,5187_B3D,CCCC(CCC)C(=O)OC1CC2CCC(C1)[N+]2(C)C,
6626,5188_B3D,CCCC(NC(C)C(=O)N1C(C(=O)O)CC2CCCCC21)C(=O)O,
6627,5189_B3D,CCCC(NC(C)C(=O)N1C(C(=O)O)CC2CCCCC21)C(=O)OCC,
6628,5190_B3D,CCCC1(CCc2ccccc2)CC(O)=C(C(CC)c2cccc(NS(=O)(=O)c3ccc(C(F)(F)F)cn3)c2)C(=O)O1,
6629,5191_B3D,CCCCC(=O)N(Cc1ccc(-c2ccccc2-c2nn[nH]n2)cc1)C(C(=O)O)C(C)C,
6630,5192_B3D,CCCCC1C(=O)N(c2ccccc2)N(c2ccc(O)cc2)C1=O,
6631,5193_B3D,CCCCCCCCCCCC(CC1OC(=O)C1CCCCCC)OC(=O)C(CC(C)C)NC=O,
6632,5194_B3D,CCCCCCCCCCCCCCCC(=O)OCC(NC(=O)C(Cl)Cl)C(O)c1ccc([N+](=O)[O-])cc1,
6633,5195_B3D,CCCCCCCCCCCCCCCC(=O)OCC=C(C)C=CC=C(C)C=CC1=C(C)CCCC1(C)C,
6634,5196_B3D,CCCCCCCCOc1ccccc1C(=O)Nc1ccc(C(=O)OCC[N+](C)(CC)CC)cc1,
6635,5197_B3D,CCCCCN(C)CCC(O)(P(=O)(O)O)P(=O)(O)O,
6636,5198_B3D,CCCCCOC(=O)Nc1nc(=O)n(C2OC(C)C(O)C2O)cc1F,
6637,5199_B3D,CCCCN(CCCC)CCC(O)c1cc2c(Cl)cc(Cl)cc2c2cc(C(F)(F)F)ccc12,
6638,5200_B3D,CCCCNc1ccc(C(=O)OCCOCCOCCOCCOCCOCCOCCOCCOCCOC)cc1,
6639,5201_B3D,CCCCc1ncc(C=C(Cc2cccs2)C(=O)O)n1Cc1ccc(C(=O)O)cc1,
6640,5202_B3D,CCCN(CCC)C(=O)C(CCC(=O)O)NC(=O)c1ccccc1,
6641,5203_B3D,CCCN(CCC)C(=O)C(CCC(=O)OCCCN1CCN(CCOC(=O)Cc2c(C)n(C(=O)c3ccc(Cl)cc3)c3ccc(OC)cc23)CC1)NC(=O)c1ccccc1,
6642,5204_B3D,CCCN1CCCCC1C(=O)Nc1c(C)cccc1C,
6643,5205_B3D,CCCNC1CCc2nc(N)sc2C1,
6644,5206_B3D,CCCc1nc(C(C)(C)O)c(C(=O)O)n1Cc1ccc(-c2ccccc2-c2nn[nH]n2)cc1,
6645,5207_B3D,CCCc1nc(C(C)(C)O)c(C(=O)OCc2oc(=O)oc2C)n1Cc1ccc(-c2ccccc2-c2nn[nH]n2)cc1,
6646,5208_B3D,CCCn1c(=O)[nH]c(=O)c2[nH]cnc21,
6647,5209_B3D,CCN(CC)C(=O)/C(C#N)=C/c1cc(O)c(O)c([N+](=O)[O-])c1,
6648,5210_B3D,CCN(CC)C(=O)N1CCN(C)CC1,
6649,5211_B3D,CCN(CC)CCCC(C)Nc1c2ccc(Cl)cc2nc2ccc(OC)cc12,
6650,5212_B3D,CCN(CC)CCNC(=O)c1ccc(N)cc1,
6651,5213_B3D,CCN(CC)CCNC(=O)c1ccc(NC(C)=O)cc1,
6652,5214_B3D,CCN(CC)CCNC(=O)c1ccc(NS(C)(=O)=O)cc1,
6653,5215_B3D,CCN(CC)CCOCCOC(=O)C1(c2ccccc2)CCCC1,
6654,5216_B3D,CCN(CC)Cc1cc(Nc2ccnc3cc(Cl)ccc23)ccc1O,
6655,5217_B3D,CCN(CC)Cc1nccn1-c1ccc([N+](=O)[O-])cc1C(=O)c1ccccc1Cl,
6656,5218_B3D,CCN(CCCCOC(=O)c1ccc(OC)c(OC)c1)C(C)Cc1ccc(OC)cc1,
6657,5219_B3D,CCNC(C)Cc1cccc(C(F)(F)F)c1,
6658,5220_B3D,CCOC(=O)C(CCc1ccccc1)NC(C)C(=O)N1C(C(=O)O)CC2CCCC21,
6659,5221_B3D,CCOC(=O)C(CCc1ccccc1)NC(C)C(=O)N1C(C(=O)O)CC2CCCCC21,
6660,5222_B3D,CCOC(=O)C(CCc1ccccc1)NC(C)C(=O)N1CC2(CC1C(=O)O)SCCS2,
6661,5223_B3D,CCOC(=O)C(CCc1ccccc1)NC(C)C(=O)N1Cc2cc(OC)c(OC)cc2CC1C(=O)O,
6662,5224_B3D,CCOC(=O)C(CCc1ccccc1)NC(C)C(=O)N1Cc2ccccc2CC1C(=O)O,
6663,5225_B3D,CCOC(=O)C(CCc1ccccc1)NC1CCCN2CCCC(C(=O)O)N2C1=O,
6664,5226_B3D,CCOC(=O)C(CCc1ccccc1)NC1CCc2ccccc2N(CC(=O)O)C1=O,
6665,5227_B3D,CCOC(=O)C1(c2ccccc2)CCN(CCC(O)c2ccccc2)CC1,
6666,5228_B3D,CCOC(=O)C1=C(C)NC(C)=C(C(=O)OCC)C1c1ccccc1C=CC(=O)OC(C)(C)C,
6667,5229_B3D,CCOC(=O)C1=C(COCCN)NC(C)=C(C(=O)OC)C1c1ccccc1Cl,
6668,5230_B3D,CCOC(=O)C1=CC(OC(CC)CC)C(NC(C)=O)C(N)C1,
6669,5231_B3D,CCOC(=O)C=C(C)C=CC=C(C)C=Cc1c(C)cc(OC)c(C)c1C,
6670,5232_B3D,CCOC(=O)C=C1SC(N2CCCCC2)C(=O)N1C,
6671,5233_B3D,CCOC(=O)Nc1ccc(NCc2ccc(F)cc2)nc1N,
6672,5234_B3D,CCOC(=O)OC(C)OC(=O)C1N2C(=O)C(NC(=O)C(N)c3ccccc3)C2SC1(C)C,
6673,5235_B3D,CCOC(=O)c1c(CSc2ccccc2)n(C)c2cc(Br)c(O)c(CN(C)C)c12,
6674,5236_B3D,CCOC(=O)c1ncn2c1CN(C)C(=O)c1c(I)cccc1-2,
6675,5237_B3D,CCOc1cc(CC(=O)NC(CC(C)C)c2ccccc2N2CCCCC2)ccc1C(=O)O,
6676,5238_B3D,CCOc1ccc2ccccc2c1NC(=O)C1C(=O)N2C1SC(C)(C)C2C(=O)O,
6677,5239_B3D,CCOc1ccccc1OCCNC(C)Cc1ccc(OC)c(S(N)(=O)=O)c1,
6678,5240_B3D,CCOc1nc2cccc(C(=O)OC(C)OC(=O)OC3CCCCC3)c2n1Cc1ccc(-c2ccccc2-c2nn[nH]n2)cc1,
6679,5241_B3D,CC[C@H]1OC(=O)[C@H](C)C(=O)[C@H](C)[C@@H](O[C@@H]2O[C@H](C)C[C@H](N(C)C)[C@H]2O)[C@](C)(OC)C[C@@H](C)C(=O)[C@H](C)[C@H]2N(CCCCn3cnc(-c4cccnc4)c3)C(=O)O[C@]12C,
6680,5242_B3D,CC[N+](C)(CC)CCOC(=O)C(O)(c1ccccc1)C1CCCCC1,
6681,5243_B3D,CC[N+](CC)(CC)CCC(O)(c1ccccc1)C1CCCCC1,
6682,5244_B3D,CC[N+]1(CC)CCC(=C(c2ccccc2)c2ccccc2)C1C,
6683,5245_B3D,CCc1ccc(CCOc2ccc(CC3SC(=O)NC3=O)cc2)nc1,
6684,5246_B3D,CCn1cc(C(=O)O)c(=O)c2cc3c(cc21)OCO3,
6685,5247_B3D,CCn1cc(C(=O)O)c(=O)c2ccc(-c3ccncc3)cc21,
6686,5248_B3D,CCn1cc(C(=O)O)c(=O)c2cnc(N3CCNCC3)nc21,
6687,5249_B3D,CCn1ccc(NS(=O)(=O)c2ccc(N)cc2)nc1=O,
6688,5250_B3D,CN(C)C=Nc1c(I)cc(I)c(CCC(=O)O)c1I,
6689,5251_B3D,CN(C)CC/C=C1\c2ccccc2CSc2ccccc21,
6690,5252_B3D,CN(C)CCC(c1ccc(Br)cc1)c1ccccn1,
6691,5253_B3D,CN(C)CCC=C1C=c2ccccc2=Cc2ccccc21,
6692,5254_B3D,CN(C)CCN(Cc1ccccc1)c1ccccn1,
6693,5255_B3D,CN(C)CCOC1=Cc2cc(Cl)ccc2Sc2ccccc21,
6694,5256_B3D,CN(C)CCc1c[nH]c2ccc(CS(=O)(=O)N3CCCC3)cc12,
6695,5257_B3D,CN(C)CCc1c[nH]c2ccc(Cn3cncn3)cc12,
6696,5258_B3D,CN(C)c1nc(N(C)C)nc(N(C)C)n1,
6697,5259_B3D,CN(CCCCCCN(C)C(=O)Oc1ccc[n+](C)c1)C(=O)Oc1ccc[n+](C)c1,
6698,5260_B3D,CN(CCOc1ccc(CC2SC(=O)NC2=O)cc1)c1ccccn1,
6699,5261_B3D,CN1C(=O)CC(C(=O)NC(Cc2cnc[nH]2)C(=O)N2CCCC2C(N)=O)NC1=O,
6700,5262_B3D,CN1C(=O)CNC(C2=CCCCC2)c2cc(Cl)ccc21,
6701,5263_B3D,CN1C(C(=O)Nc2ccccn2)=C(OC(=O)C(C)(C)C)c2ccccc2S1(=O)=O,
6702,5264_B3D,CN1C2CCC1CC(OC(=O)c1c[nH]c3ccccc13)C2,
6703,5265_B3D,CN1CC(O)c2cc(N=NC(N)=O)c(O)cc21,
6704,5266_B3D,CN1CCC(=C2c3ccccc3C=Cc3ccccc32)CC1,
6705,5267_B3D,CN1CCC(=C2c3ccccc3CCc3cccnc32)CC1,
6706,5268_B3D,CN1CCC(CN2c3ccccc3Sc3ccccc32)C1,
6707,5269_B3D,CN1CCC(OC(c2ccccc2)c2ccccc2)CC1,
6708,5270_B3D,CN1CCC2=C(C1)C(c1ccccc1)c1ccccc12,
6709,5271_B3D,CN1CCCC(CC2c3ccccc3Sc3ccccc32)C1,
6710,5272_B3D,CN1CCCC1CCOC(C)(c1ccccc1)c1ccc(Cl)cc1,
6711,5273_B3D,CN1CCCN=C1C=Cc1cccs1,
6712,5274_B3D,CN1CCCN=C1COC(=O)C(O)(c1ccccc1)C1CCCCC1,
6713,5275_B3D,CN1CCN(C(c2ccccc2)c2ccccc2)CC1,
6714,5276_B3D,CN=C(NC)NCc1ccccc1,
6715,5277_B3D,CNC(=C[N+](=O)[O-])NCCSCc1csc(CN(C)C)n1,
6716,5278_B3D,CNC(=O)C(NC(=O)C(CC(C)C)C(O)C(=O)NO)C(C)(C)C,
6717,5279_B3D,CNC(C)C(O)c1ccccc1,
6718,5280_B3D,CNC(CC(C)C)C(=O)NC1C(=O)NC(CC(N)=O)C(=O)NC2C(=O)NC3C(=O)CC(C(=O)NC(C(=O)O)c4cc(O)cc(O)c4-c4cc3ccc4O)C(O)c3ccc(c(Cl)c3)Oc3cc2cc(c3OC2OC(CO)C(O)C(O)C2OC2CC(C)(N)C(O)C(C)O2)Oc2ccc(cc2Cl)C1O,
6719,5281_B3D,CNc1ccc(C(=O)CC(O)CCC(C)C2OC(=O)CC(O)CC(=O)CC(O)CC(O)CC(O)CC(O)CC3(O)CC(O)C(C(=O)OC)C(O3)C(OC3O[C@H](C)[C@@H](O)[C@H](N)[C@@H]3O)C/C=C/C=C/C=C/C=C\C=C/C=C/C=C/C2C)cc1,
6720,5282_B3D,COC(=O)C(Cc1ccccc1)NC(=O)C(N)CC(=O)O,
6721,5283_B3D,COC(=O)C(c1ccccc1Cl)N1CCc2sccc2C1,
6722,5284_B3D,COC(=O)C1=C(C)NC(C)=C(C(=O)OC(C)(C)CN(C)CCC(c2ccccc2)c2ccccc2)C1c1cccc([N+](=O)[O-])c1,
6723,5285_B3D,COC(=O)C1C(c2ccc(I)cc2)CC2CCC1N2CCCF,
6724,5286_B3D,COC(=O)C1C2CC3c4[nH]c5cc(OC)ccc5c4CCN3CC2CC(OC(=O)C=Cc2cc(OC)c(OC)c(OC)c2)C1OC,
6725,5287_B3D,COC(=O)C1CC2=CC(=O)CCC2(C)C23OC2CC2(C)C(CCC24CCC(=O)O4)C13,
6726,5288_B3D,COC(=O)N[C@H](C(=O)N[C@@H](Cc1ccccc1)[C@@H](O)CN(Cc1ccc(-c2ccccn2)cc1)NC(=O)[C@@H](NC(=O)OC)C(C)(C)C)C(C)(C)C,
6727,5289_B3D,COC12CC(COC(=O)c3cncc(Br)c3)CN(C)C1Cc1cn(C)c3cccc2c13,
6728,5290_B3D,COC1=C(OC)C(=O)C(CCCCCCCCCCO)=C(C)C1=O,
6729,5291_B3D,COC1C(OC(C)=O)CC(=O)OC(C)CC=CC=CC(O)C(C)CC(CC=O)C1OC1OC(C)C(OC2CC(C)(OC(=O)CC(C)C)C(O)C(C)O2)C(N(C)C)C1O,
6730,5292_B3D,COC1CC2CCC(C)C(O)(O2)C(=O)C(=O)N2CCCCC2C(=O)OC(C(C)CC2CCC(O)C(OC)C2)CC(=O)C(C)C=C(C)C(O)C(OC)C(=O)C(C)CC(C)C=CC=CC=C1C,
6731,5293_B3D,CON=C(C(=O)NC1C(=O)N2C(C(=O)OCOC(=O)C(C)(C)C)=C(C=Cc3scnc3C)CSC12)c1csc(N)n1,
6732,5294_B3D,CON=C1CN(c2nc3c(cc2F)c(=O)c(C(=O)O)cn3C2CC2)CC1CN,
6733,5295_B3D,CO[C@H]1/C=C/O[C@@]2(C)Oc3c(C)c(O)c4c(O)c(c5c(c4c3C2=O)=NC2(CCN(CC(C)C)CC2)N=5)NC(=O)/C(C)=C\C=C\[C@H](C)[C@H](O)[C@@H](C)[C@@H](O)[C@@H](C)[C@H](OC(C)=O)[C@@H]1C,
6734,5296_B3D,COc1c(C)c2c(c(O)c1CC=C(C)CCC(=O)O)C(=O)OC2,
6735,5297_B3D,COc1c(C)c2c(c(O)c1CC=C(C)CCC(=O)OCCN1CCOCC1)C(=O)OC2,
6736,5298_B3D,COc1c(N2CC3CCCNC3C2)c(F)cc2c(=O)c(C(=O)O)cn(C3CC3)c12,
6737,5299_B3D,COc1c(N2CCNC(C)C2)c(F)cc2c(=O)c(C(=O)O)cn(C3CC3)c12,
6738,5300_B3D,COc1c2occc2cc2ccc(=O)oc12,
6739,5301_B3D,COc1cc(Br)c(C[N+]2(CCOCCC3CCC4CC3C4(C)C)CCOCC2)cc1OC,
6740,5302_B3D,COc1cc(C(=O)NS(=O)(=O)c2ccccc2C)ccc1Cc1cn(C)c2ccc(NC(=O)OC3CCCC3)cc12,
6741,5303_B3D,COc1cc(C)c(C=CC(C)=CC=CC(C)=CC(=O)O)c(C)c1C,
6742,5304_B3D,COc1cc2nc(N3CCN(C(=O)C4CCCO4)CC3)nc(N)c2cc1OC,
6743,5305_B3D,COc1ccc(C(=C(C#N)CCC(=O)O)c2ccc(OC)cc2)cc1,
6744,5306_B3D,COc1ccc(C(=O)Nc2ccccc2C(C)CN2CCCCC2)cc1,
6745,5307_B3D,COc1ccc(C(Cl)=C(c2ccc(OC)cc2)c2ccc(OC)cc2)cc1,
6746,5308_B3D,COc1ccc(C2C(=O)c3ccccc3C2=O)cc1,
6747,5309_B3D,COc1ccc(CC(C)NCC(O)c2ccc(O)c(NC=O)c2)cc1,
6748,5310_B3D,COc1ccc(CCNCC(O)COc2cccc(C)c2)cc1OC,
6749,5311_B3D,COc1ccc(OC)c(C(O)CNC(=O)CN)c1,
6750,5312_B3D,COc1ccc(OC)c(Cc2cnc3nc(N)nc(N)c3c2C)c1,
6751,5313_B3D,COc1ccc2c(c1)c(CC(=O)OCC(=O)O)c(C)n2C(=O)c1ccc(Cl)cc1,
6752,5314_B3D,COc1ccc2c(c1)c(CC(=O)OCC=C(C)CCC=C(C)CCC=C(C)C)c(C)n2C(=O)c1ccc(Cl)cc1,
6753,5315_B3D,COc1ccccc1OC(=O)CNC(=O)Cc1ccc(C(=O)c2ccc(C)cc2)n1C,
6754,5316_B3D,COc1ccccc1OCCNCC(O)COc1cccc2[nH]c3ccccc3c12,
6755,5317_B3D,COc1ccccc1Oc1c(NS(=O)(=O)c2ccc(C(C)(C)C)cc2)nc(-c2ncccn2)nc1OCCO,
6756,5318_B3D,COc1cnc(NS(=O)(=O)c2ccc(N)cc2)nc1,
6757,5319_B3D,CS(=O)(=O)Nc1ccc([N+](=O)[O-])cc1Oc1ccccc1,
6758,5320_B3D,CS(=O)(=O)OCC(O)C(O)COS(C)(=O)=O,
6759,5321_B3D,C[C@@H]1OC(=O)C[C@H](O)C[C@H](O)CC[C@@H](O)[C@H](O)C[C@H](O)C[C@]2(O)C[C@H](O)[C@@H](C(=O)O)[C@H](C[C@@H](O[C@@H]3O[C@H](C)[C@@H](O)[C@H](N)[C@@H]3O)/C=C/C=C/C=C/C=C/C=C/C=C/C=C/[C@H](C)[C@@H](O)[C@H]1C)O2,
6760,5322_B3D,C[N+](C)(C)CC(O)CC(=O)O,
6761,5323_B3D,C[N+]1(C)C2CCC1CC(OC(=O)C(O)c1ccccc1)C2,
6762,5324_B3D,C[N+]1(C)CCC(=C(c2ccccc2)c2ccccc2)CC1,
6763,5325_B3D,C[N+]1(C)CCN(CC(O)(c2ccccc2)C2CCCCC2)CC1,
6764,5326_B3D,Cc1c(-c2ccc(-c3ccccc3F)cc2)nc2ccc(F)cc2c1C(=O)O,
6765,5327_B3D,Cc1c(-c2ccccc2)oc2c(C(=O)OCCN3CCCCC3)cccc2c1=O,
6766,5328_B3D,Cc1c(C(C)C)c(=O)n(-c2ccccc2)n1C,
6767,5329_B3D,Cc1c(Cl)cccc1Nc1ncccc1C(=O)O,
6768,5330_B3D,Cc1c(N(C)CS(=O)(=O)O)c(=O)n(-c2ccccc2)n1C,
6769,5331_B3D,Cc1c(OCC(F)(F)F)ccnc1C[S+]([O-])c1nc2ccccc2[nH]1,
6770,5332_B3D,Cc1cc(C(=O)NCCc2ccc(S(=O)(=O)NC(=O)NC3CCCCC3)cc2)no1,
6771,5333_B3D,Cc1cc(C(=O)NCCc2ccc(S(=O)(=O)NC(=O)NN3CCCCCC3)cc2)no1,
6772,5334_B3D,Cc1cc(C=Cc2ccc3cc(N(C)C)ccc3[n+]2C)c(C)n1-c1ccccc1,
6773,5335_B3D,Cc1cc(O)c2ccccc2c1O,
6774,5336_B3D,Cc1cc2cc3c(C)cc(=O)oc3c(C)c2o1,
6775,5337_B3D,Cc1cc2nc3c(=O)[nH]c(=O)nc-3n(CC(O)C(O)C(O)CO)c2cc1C,
6776,5338_B3D,Cc1ccc(-c2ncc(Cl)cc2-c2ccc(S(C)(=O)=O)cc2)cn1,
6777,5339_B3D,Cc1ccc2c(-c3ccccc3)nc(=O)n(C(C)C)c2c1,
6778,5340_B3D,Cc1cccc(C(C)c2cnc[nH]2)c1C,
6779,5341_B3D,Cc1cccc(C)c1NC(=O)CN1CCN(CCCC(c2ccc(F)cc2)c2ccc(F)cc2)CC1,
6780,5342_B3D,Cc1cccc(CN2CCN(C(c3ccccc3)c3ccc(Cl)cc3)CC2)c1,
6781,5343_B3D,Cc1ccccc1N1C(=O)c2cc(S(N)(=O)=O)c(Cl)cc2NC1C,
6782,5344_B3D,Cc1ncc2c(c1O)COC2c1ccc(Cl)cc1,
6783,5345_B3D,Cc1oncc1C(=O)Nc1ccc(C(F)(F)F)cc1,
6784,5346_B3D,ClCCc1cncs1,
6785,5347_B3D,Clc1ccc(C(c2ccccc2Cl)C(Cl)Cl)cc1,
6786,5348_B3D,Cn1c(=O)c2c(ncn2CC(O)CO)n(C)c1=O,
6787,5349_B3D,Cn1c(=O)c2c(ncn2CC2OCCO2)n(C)c1=O,
6788,5350_B3D,Cn1c([N+](=O)[O-])cnc1C=Cc1ccnc(N)n1,
6789,5351_B3D,Cn1cnc([N+](=O)[O-])c1Sc1ncnc2nc[nH]c12,
6790,5352_B3D,FC(F)(F)C(F)(F)C(F)(F)C(F)(F)C(F)(F)C(F)(F)C(F)(F)C(F)(F)Br,
6791,5353_B3D,Fc1ccc(C(c2ccc(F)cc2)N2CCN(C/C=C/c3ccccc3)CC2)cc1,
6792,5354_B3D,NC(=O)CCC1NC(=O)C(Cc2ccccc2)NC(=O)C(Cc2ccc(O)cc2)NC(=O)CCSSCC(C(=O)N2CCCC2C(=O)NC(CCCN=C(N)N)C(=O)NCC(N)=O)NC(=O)C(CC(N)=O)NC1=O,
6793,5355_B3D,NC(=O)c1ncn(C2OC(CO)C(O)C2O)c1O,
6794,5356_B3D,NC(C(=O)O)C(O)c1ccc(O)c(O)c1,
6795,5357_B3D,NC(CCC(=O)O)C(=O)O,
6796,5358_B3D,NC(CSCC(=O)O)C(=O)O,
6797,5359_B3D,NC(Cc1cc(I)c(Oc2cc(I)c(O)c(I)c2)c(I)c1)C(=O)O,
6798,5360_B3D,NC(Cc1cc(I)c(Oc2ccc(O)c(I)c2)c(I)c1)C(=O)O,
6799,5361_B3D,NC(N)=NC(N)=NCCc1ccccc1,
6800,5362_B3D,NC1C(O)OC(CO)C(O)C1O,
6801,5363_B3D,NCC1OC(OC2C(CO)OC(OC3C(O)C(N)CC(N)C3OC3OC(CO)C(O)C(O)C3N)C2O)C(N)C(O)C1O,
6802,5364_B3D,NCCC(O)(P(=O)(O)O)P(=O)(O)O,
6803,5365_B3D,NCCCC(O)(P(=O)(O)O)P(=O)(O)O,
6804,5366_B3D,NCCCCC(NC(CCc1ccccc1)C(=O)O)C(=O)N1CCCC1C(=O)O,
6805,5367_B3D,NCCCCCC(=O)O,
6806,5368_B3D,NCCNCCNCCN,
6807,5369_B3D,NCCS,
6808,5370_B3D,NC[C@@H]1O[C@H](O[C@@H]2[C@@H](CO)O[C@@H](O[C@@H]3[C@@H](O)[C@H](N)C[C@H](N)[C@H]3O[C@H]3O[C@H](CN)[C@@H](O)[C@H](O)[C@H]3N)[C@@H]2O)[C@H](N)[C@@H](O)[C@@H]1O,
6809,5371_B3D,NS(=O)(=O)c1cc(Cl)c(Cl)c(S(N)(=O)=O)c1,
6810,5372_B3D,NS(=O)(=O)c1cc2c(cc1C(F)(F)F)NC(Cc1ccccc1)NS2(=O)=O,
6811,5373_B3D,NS(=O)(=O)c1cc2c(cc1Cl)NC(C1CC3C=CC1C3)NS2(=O)=O,
6812,5374_B3D,NS(=O)(=O)c1cc2c(cc1Cl)NC(CSCc1ccccc1)=NS2(=O)=O,
6813,5375_B3D,NS(=O)(=O)c1cc2c(cc1Cl)NC(c1ccccc1)NC2=O,
6814,5376_B3D,Nc1c(Br)cc(Br)cc1CNC1CCC(O)CC1,
6815,5377_B3D,Nc1c(CC(=O)O)cccc1C(=O)c1ccc(Br)cc1,
6816,5378_B3D,Nc1ccc(C(=O)Oc2ccccc2)c(O)c1,
6817,5379_B3D,Nc1ccc(S(=O)(=O)Nc2ccccn2)cc1,
6818,5380_B3D,Nc1ccc(S(=O)(=O)Nc2ccnn2-c2ccccc2)cc1,
6819,5381_B3D,Nc1ccn(C2CSC(CO)O2)c(=O)n1,
6820,5382_B3D,Nc1n[n+]([O-])c2ccccc2[n+]1[O-],
6821,5383_B3D,Nc1nc(=O)n(C2CSC(CO)O2)cc1F,
6822,5384_B3D,Nc1ncn(C2OC(CO)C(O)C2O)c(=O)n1,
6823,5385_B3D,Nc1ncnc2c1ncn2CCOCP(=O)(O)O,
6824,5386_B3D,O=C(CCBr)N1CCN(C(=O)CCBr)CC1,
6825,5387_B3D,O=C(CO)C(O)C(OC1OC(CO)C(O)C(O)C1O)C(O)CO,
6826,5388_B3D,O=C(Cn1ccnc1[N+](=O)[O-])NCc1ccccc1,
6827,5389_B3D,O=C(NC(Cc1cc(=O)[nH]c2ccccc12)C(=O)O)c1ccc(Cl)cc1,
6828,5390_B3D,O=C(NCC1CCCCN1)c1cc(OCC(F)(F)F)ccc1OCC(F)(F)F,
6829,5391_B3D,O=C(Nc1ccc([N+](=O)[O-])cc1Cl)c1cc(Cl)ccc1O,
6830,5392_B3D,O=C(O)C(S)C(S)C(=O)O,
6831,5393_B3D,O=C(O)C1N=C(c2ccccc2)c2cc(Cl)ccc2NC1=O,
6832,5394_B3D,O=C(O)CCC(=O)c1ccc(-c2ccccc2)cc1,
6833,5395_B3D,O=C(O)CCCN1CCC(OC(c2ccc(Cl)cc2)c2ccccn2)CC1,
6834,5396_B3D,O=C(O)CCCc1ccccc1,
6835,5397_B3D,O=C(O)CCNC(=O)c1ccc(N=Nc2ccc(O)c(C(=O)O)c2)cc1,
6836,5398_B3D,O=C(O)CN(CCN(CC(=O)O)CC(=O)O)CC(=O)O,
6837,5399_B3D,O=C(O)COC(=O)Cc1ccccc1Nc1c(Cl)cccc1Cl,
6838,5400_B3D,O=C(O)COc1ccc(C(=O)c2cccs2)c(Cl)c1Cl,
6839,5401_B3D,O=C(O)Cc1ccc(-c2ccccc2)cc1,
6840,5402_B3D,O=C(O)Cc1nn(-c2ccc(F)cc2)cc1-c1ccc(Cl)cc1,
6841,5403_B3D,O=C(O)c1ccc(NC(=O)C(Cc2ccc(O)cc2)NC(=O)c2ccccc2)cc1,
6842,5404_B3D,O=C(O)c1ccccc1Nc1cccc(C(F)(F)F)c1,
6843,5405_B3D,O=C(O)c1cccnc1Nc1cccc(C(F)(F)F)c1,
6844,5406_B3D,O=C(OC1CC2CC3CC(C1)N2CC3=O)c1c[nH]c2ccccc12,
6845,5407_B3D,O=C(OCC(O)CO)c1ccccc1Nc1ccnc2c(C(F)(F)F)cccc12,
6846,5408_B3D,O=C(OCCN1CCOCC1)c1cccnc1Nc1cccc(C(F)(F)F)c1,
6847,5409_B3D,O=C1C(c2[nH]c3ccc(S(=O)(=O)O)cc3c2O)=Nc2ccc(S(=O)(=O)O)cc21,
6848,5410_B3D,O=C1CCCC(=O)C1C(=O)c1ccc(C(F)(F)F)cc1[N+](=O)[O-],
6849,5411_B3D,O=C1CCc2cc(OCCCCc3nnnn3C3CCCCC3)ccc2N1,
6850,5412_B3D,O=C1CN(N=Cc2ccc([N+](=O)[O-])o2)C(=O)N1,
6851,5413_B3D,O=C1NC(=O)C2(CCOc3ccc(F)cc32)N1,
6852,5414_B3D,O=C1OCCN1N=Cc1ccc([N+](=O)[O-])o1,
6853,5415_B3D,O=C1c2cccc3c2C(CCC3)CN1C1CN2CCC1CC2,
6854,5416_B3D,O=CC(O)C(O)C(O)CO,
6855,5417_B3D,O=Cc1cc(=O)c2c(OCC(O)COc3cccc4oc(C(=O)O)cc(=O)c34)cccc2o1,
6856,5418_B3D,O=P(O)(O)C(Sc1ccc(Cl)cc1)P(=O)(O)O,
6857,5419_B3D,O=P1(N(CCCl)CCCl)NCCCO1,
6858,5420_B3D,O=P1(N(CCCl)CCCl)OCCCN1CCCl,
6859,5421_B3D,O=S(=O)(O)OCC1OC(OC2(COS(=O)(=O)O)OC(OS(=O)(=O)O)C(OS(=O)(=O)O)C2OS(=O)(=O)O)C(OS(=O)(=O)O)C(OS(=O)(=O)O)C1OS(=O)(=O)O,
6860,5422_B3D,O=S(O)CNc1ccc(S(=O)(=O)c2ccc(NCS(=O)O)cc2)cc1,
6861,5423_B3D,O=[N+]([O-])OC1COC2C(O)COC12,
6862,5424_B3D,O=[N+]([O-])OCC(CO[N+](=O)[O-])(CO[N+](=O)[O-])CO[N+](=O)[O-],
6863,5425_B3D,O=[N+]([O-])OCC(CO[N+](=O)[O-])O[N+](=O)[O-],
6864,5426_B3D,O=[N+]([O-])OCC(O[N+](=O)[O-])C(CO[N+](=O)[O-])O[N+](=O)[O-],
6865,5427_B3D,O=c1[nH]c(=O)n(C2CC(O)C(CO)O2)cc1C=CBr,
6866,5428_B3D,O=c1[nH]c(=O)n(C2CCCO2)cc1F,
6867,5429_B3D,O=c1[nH]c(=O)n(C2OC(CO)C(O)C2O)cc1C=CBr,
6868,5430_B3D,O=c1[nH]cc(N(CCCl)CCCl)c(=O)[nH]1,
6869,5431_B3D,OC(CBr)C(O)C(O)C(O)CBr,
6870,5432_B3D,OCC(CO)NC1CC(O)(CO)C(O)C(O)C1O,
6871,5433_B3D,OCC(O)C(O)C(OC1OC(CO)C(O)C(O)C1O)C(O)CO,
6872,5434_B3D,OCC(O)CN1CCN(c2ccccc2)CC1,
6873,5435_B3D,OCC(O)COc1ccc(Cl)cc1,
6874,5436_B3D,OCCN1CC(O)C(O)C(O)C1CO,
6875,5437_B3D,OCCN1CCN(CC/C=C2\c3ccccc3Sc3ccc(Cl)cc32)CC1,
6876,5438_B3D,Oc1c(Cl)cc(Cl)cc1Sc1cc(Cl)cc(Cl)c1O,
6877,5439_B3D,Oc1c(I)cc(I)c2cccnc12,
6878,5440_B3D,Oc1ccc(C(O)CNCCCCCCNCC(O)c2ccc(O)c(O)c2)cc1O,
6879,5441_B3D,Brc1c(NC2=NCCN2)ccc2nccnc12,
6880,5442_B3D,C#C[C@]1(O)CC[C@H]2[C@@H]3CCC4=CC(=O)CC[C@@H]4[C@H]3CC[C@@]21CC,
6881,5443_B3D,C/C(=C\C(=O)OCCCCCCCCC(=O)O)C[C@@H]1OC[C@H](C[C@@H]2O[C@H]2[C@@H](C)[C@H](C)O)[C@@H](O)[C@H]1O,
6882,5444_B3D,C=C1/C(=C\C=C2/CCC[C@@]3(C)[C@H]2CC[C@@H]3[C@H](C)CCCC(C)(C)O)C[C@@H](O)C[C@@H]1O,
6883,5445_B3D,C=C1CC[C@H](O)C/C1=C/C=C1\CCC[C@@]2(C)[C@H]1CC[C@@H]2[C@H](C)CCCC(C)C,
6884,5446_B3D,C=CC1=C(C(=O)O)N2C(=O)[C@@H](NC(=O)/C(=N\OCC(=O)O)c3csc(N)n3)[C@H]2SC1,
6885,5447_B3D,CC(=O)NS(=O)(=O)c1ccc(N)cc1,
6886,5448_B3D,CC(=O)N[C@@H](CS)C(=O)O,
6887,5449_B3D,CC(=O)N[C@@H]1[C@@H](N=C(N)N)C=C(C(=O)O)O[C@H]1[C@H](O)[C@H](O)CO,
6888,5450_B3D,CC(=O)O[C@H]1C[C@@H]2CC[C@@H]3[C@H](CC[C@@]4(C)[C@H]3C[C@H](N3CC[N+](C)(C)CC3)[C@@H]4OC(C)=O)[C@@]2(C)C[C@@H]1N1CC[N+](C)(C)CC1,
6889,5451_B3D,CC(=O)O[C@H]1C[C@@H]2CC[C@@H]3[C@H](CC[C@@]4(C)[C@H]3C[C@H]([N+]3(C)CCCCC3)[C@@H]4OC(C)=O)[C@@]2(C)C[C@@H]1N1CCCCC1,
6890,5452_B3D,CC(=O)O[C@H]1C[C@@H]2CC[C@@H]3[C@H](CC[C@@]4(C)[C@H]3C[C@H]([N+]3(C)CCCCC3)[C@@H]4OC(C)=O)[C@@]2(C)C[C@@H]1[N+]1(C)CCCCC1,
6891,5453_B3D,CC(=O)O[C@]1(C(C)=O)CC[C@H]2[C@@H]3C=C(C)C4=CC(=O)CC[C@]4(C)[C@H]3CC[C@@]21C,
6892,5454_B3D,CC(=O)[C@@]1(O)CC[C@H]2[C@@H]3C[C@H](C)C4=CC(=O)CC[C@]4(C)[C@H]3CC[C@@]21C,
6893,5455_B3D,CC(C)(C)NC[C@H](O)COc1cccc2c1CCCC2=O,
6894,5456_B3D,CC(C)(C)NC[C@H](O)COc1nsnc1N1CCOCC1,
6895,5457_B3D,CC(C)(CO)[C@@H](O)C(=O)NCCCO,
6896,5458_B3D,CC(C)(O/N=C(\C(=O)N[C@@H]1C(=O)N2C(C(=O)O)=C(C[n+]3ccccc3)CS[C@H]12)c1csc(N)n1)C(=O)O,
6897,5459_B3D,CC(C)C[C@H](NC(=O)CNC(=O)[C@H](Cc1ccc(O)cc1)NC(=O)[C@H](CO)NC(=O)[C@H](Cc1c[nH]c2ccccc12)NC(=O)[C@H](Cc1cnc[nH]1)NC(=O)[C@@H]1CCC(=O)N1)C(=O)N[C@@H](CCCN=C(N)N)C(=O)N1CCC[C@H]1C(=O)NCC(N)=O,
6898,5460_B3D,CC(C)C[C@H](NC(=O)[C@@H](COC(C)(C)C)NC(=O)[C@H](Cc1ccc(O)cc1)NC(=O)[C@H](CO)NC(=O)[C@H](Cc1c[nH]c2ccccc12)NC(=O)[C@H](Cc1cnc[nH]1)NC(=O)[C@@H]1CCC(=O)N1)C(=O)N[C@@H](CCCN=C(N)N)C(=O)N1CCC[C@H]1C(=O)NNC(N)=O,
6899,5461_B3D,CC(C)Cn1cnc2c(N)nc3ccccc3c21,
6900,5462_B3D,CC(O)C(CO)NC(=O)C1CSSCC(NC(=O)C(N)Cc2ccccc2)C(=O)NC(Cc2ccccc2)C(=O)NC(Cc2c[nH]c3ccccc23)C(=O)NC(CCCCN)C(=O)NC(C(C)O)C(=O)N1,
6901,5463_B3D,CC(c1cc2ccccc2s1)N(O)C(N)=O,
6902,5464_B3D,CC1(C)C(C=C(Cl)Cl)C1C(=O)OCc1cccc(Oc2ccccc2)c1,
6903,5465_B3D,CC1(C)O[C@@H]2C[C@H]3[C@@H]4C[C@H](F)C5=CC(=O)C=C[C@]5(C)[C@H]4[C@@H](O)C[C@]3(C)[C@]2(C(=O)CO)O1,
6904,5466_B3D,CC1CNc2c(cccc2S(=O)(=O)N[C@@H](CCCN=C(N)N)C(=O)N2CC[C@@H](C)C[C@@H]2C(=O)O)C1,
6905,5467_B3D,CCC(NC(C)C)C(O)c1ccc(O)c(O)c1,
6906,5468_B3D,CCC1=C[C@@H]2CN(C1)Cc1c([nH]c3ccccc13)[C@@](C(=O)OC)(c1cc3c(cc1OC)N(C)[C@H]1[C@@](O)(C(=O)OC)[C@H](OC(C)=O)[C@]4(CC)C=CCN5CC[C@]31[C@@H]54)C2,
6907,5469_B3D,CCCCCCCN(CC)CCCC(O)c1ccc(NS(C)(=O)=O)cc1,
6908,5470_B3D,CCCCC[C@H](O)/C=C/[C@H]1[C@H](O)CC(=O)[C@@H]1C/C=C\CCCC(=O)O,
6909,5471_B3D,CCCCC[C@H](O)/C=C/[C@H]1[C@H](O)C[C@@H]2O/C(=C\CCCC(=O)O)C[C@@H]21,
6910,5472_B3D,CCCCN1CCCCC1C(=O)Nc1c(C)cccc1C,
6911,5473_B3D,CCCCOc1cc(C(=O)NCCN(CC)CC)c2ccccc2n1,
6912,5474_B3D,CCCCc1ncc(/C=C(\Cc2cccs2)C(=O)O)n1Cc1ccc(C(=O)O)cc1,
6913,5475_B3D,CCCN[C@H]1CCc2nc(N)sc2C1,
6914,5476_B3D,CCC[C@@H]1C[C@@H](C(=O)N[C@H]([C@H](C)Cl)[C@H]2O[C@H](SC)[C@H](O)[C@@H](O)[C@H]2O)N(C)C1,
6915,5477_B3D,CCC[C@H](N[C@@H](C)C(=O)N1[C@H](C(=O)O)C[C@@H]2CCCC[C@@H]21)C(=O)OCC,
6916,5478_B3D,CCCc1c2oc(C(=O)O)cc(=O)c2cc2c(=O)cc(C(=O)O)n(CC)c12,
6917,5479_B3D,CCNC(=O)[C@@H]1CCCN1C(=O)[C@H](CCCN=C(N)N)NC(=O)[C@H](CC(C)C)NC(=O)[C@@H](CC(C)C)NC(=O)[C@H](Cc1ccc(O)cc1)NC(=O)[C@H](CO)NC(=O)[C@H](Cc1c[nH]c2ccccc12)NC(=O)[C@H](Cc1cnc[nH]1)NC(=O)[C@@H]1CCC(=O)N1,
6918,5480_B3D,CCN[C@H]1CN(CCCOC)S(=O)(=O)c2sc(S(N)(=O)=O)cc21,
6919,5481_B3D,CCN[C@H]1C[C@H](C)S(=O)(=O)c2sc(S(N)(=O)=O)cc21,
6920,5482_B3D,CCOC(=O)C1=C[C@@H](OC(CC)CC)[C@H](NC(C)=O)[C@@H](N)C1,
6921,5483_B3D,CCOC(=O)[C@H](CCc1ccccc1)N[C@@H](C)C(=O)N1Cc2cc(OC)c(OC)cc2C[C@H]1C(=O)O,
6922,5484_B3D,CCOC(=O)[C@H](CCc1ccccc1)N[C@@H](C)C(=O)N1Cc2ccccc2C[C@H]1C(=O)O,
6923,5485_B3D,CCOC(=O)[C@H](CCc1ccccc1)N[C@@H](C)C(=O)N1[C@H](C(=O)O)C[C@@H]2CCC[C@@H]21,
6924,5486_B3D,CCOC(=O)[C@H](CCc1ccccc1)N[C@@H](C)C(=O)N1[C@H](C(=O)O)C[C@H]2CCCC[C@@H]21,
6925,5487_B3D,CCOC(=O)[C@H](CCc1ccccc1)N[C@H]1CCc2ccccc2N(CC(=O)O)C1=O,
6926,5488_B3D,CCOC(=O)c1ccc(C#Cc2ccc3c(c2)C(C)(C)CCS3)nc1,
6927,5489_B3D,CCOc1cc(CC(=O)N[C@@H](CC(C)C)c2ccccc2N2CCCCC2)ccc1C(=O)O,
6928,5490_B3D,CCOc1ccccc1OCCN[C@H](C)Cc1ccc(OC)c(S(N)(=O)=O)c1,
6929,5491_B3D,CCOc1nc2cccc(C(=O)O)c2n1Cc1ccc(-c2ccccc2-c2nn[nH]n2)cc1,
6930,5492_B3D,CC[C@@H](CO)NC(=O)[C@@H]1C=C2c3cccc4[nH]cc(c34)C[C@H]2N(C)C1,
6931,5493_B3D,CC[C@H](C)[C@@H]1NC(=O)[C@H](Cc2ccc(O)cc2)NC(=O)[C@@H](N)CSSC[C@@H](C(=O)N2CCC[C@H]2C(=O)N[C@@H](CC(C)C)C(=O)NCC(N)=O)NC(=O)[C@H](CC(N)=O)NC(=O)[C@H](CCC(N)=O)NC1=O,
6932,5494_B3D,CC[N+](C)(C)c1cccc(O)c1,
6933,5495_B3D,CCc1c2c(nc3ccc(OC(=O)N4CCC(N5CCCCC5)CC4)cc13)-c1cc3c(c(=O)n1C2)COC(=O)[C@]3(O)CC,
6934,5496_B3D,CCc1ccc(C(C)CCc2ccc([N+](C)(C)C)cc2)cc1,
6935,5497_B3D,CN(C)CC/C=C1/c2ccccc2COc2ccc(CC(=O)O)cc21,
6936,5498_B3D,CN(C)CCOC(=O)C(c1ccccc1)C1(O)CCCC1,
6937,5499_B3D,CN(C/C=C/c1ccccc1)Cc1cccc2ccccc12,
6938,5500_B3D,CN(CCCl)CCCl,
6939,5501_B3D,CN1CCC[C@@H]1CCO[C@](C)(c1ccccc1)c1ccc(Cl)cc1,
6940,5502_B3D,CNC[C@H](O)c1cccc(O)c1,
6941,5503_B3D,CO/N=C(\C(=O)N[C@@H]1C(=O)N2C(C(=O)O)=C(/C=C\c3scnc3C)CS[C@H]12)c1csc(N)n1,
6942,5504_B3D,CO/N=C(\C(=O)N[C@@H]1C(=O)N2C(C(=O)O)=C(COC(C)=O)CS[C@H]12)c1csc(N)n1,
6943,5505_B3D,CO/N=C(\C(=O)N[C@@H]1C(=O)N2C(C(=O)O)=CCS[C@H]12)c1csc(N)n1,
6944,5506_B3D,COC(=O)C1=C(C)NC(C)=C(C(=O)OCC(C)C)C1c1ccccc1[N+](=O)[O-],
6945,5507_B3D,COC(=O)[C@H](c1ccccc1Cl)N1CCc2sccc2C1,
6946,5508_B3D,COCC1=C(C(=O)O)N2C(=O)[C@@H](NC(=O)/C(=N\OC)c3csc(N)n3)[C@H]2SC1,
6947,5509_B3D,CO[C@H](C(=O)[C@@H](O)[C@@H](C)O)[C@@H]1Cc2cc3cc(O[C@H]4C[C@@H](O[C@H]5C[C@@H](O)[C@H](O)[C@@H](C)O5)[C@H](O)[C@@H](C)O4)c(C)c(O)c3c(O)c2C(=O)[C@H]1O[C@H]1C[C@@H](O[C@H]2C[C@@H](O[C@H]3C[C@](C)(O)[C@H](O)[C@@H](C)O3)[C@@H](O)[C@@H](C)O2)[C@H](O)[C@@H](C)O1,
6948,5510_B3D,CO[C@H]1/C=C/O[C@@]2(C)Oc3c(C)c(O)c4c(O)c(c(/C=N/N5CCN(C)CC5)c(O)c4c3C2=O)NC(=O)/C(C)=C\C=C\[C@H](C)[C@H](O)[C@@H](C)[C@@H](O)[C@@H](C)[C@H](OC(C)=O)[C@@H]1C,
6949,5511_B3D,CO[C@H]1/C=C/O[C@@]2(C)Oc3c(C)c(O)c4c(O)c(c(/C=N/N5CCN(C6CCCC6)CC5)c(O)c4c3C2=O)NC(=O)/C(C)=C\C=C\[C@H](C)[C@H](O)[C@@H](C)[C@@H](O)[C@@H](C)[C@H](OC(C)=O)[C@@H]1C,
6950,5512_B3D,CO[C@H]1C[C@@H]2CC[C@@H](C)[C@@](O)(O2)C(=O)C(=O)N2CCCC[C@H]2C(=O)O[C@H]([C@H](C)C[C@@H]2CC[C@@H](O)[C@H](OC)C2)CC(=O)[C@H](C)/C=C(\C)[C@@H](O)[C@@H](OC)C(=O)[C@H](C)C[C@H](C)/C=C/C=C/C=C/1C,
6951,5513_B3D,COc1c(C)c2c(c(O)c1C/C=C(\C)CCC(=O)O)C(=O)OC2,
6952,5514_B3D,COc1c(N2C[C@@H]3CCCN[C@@H]3C2)c(F)cc2c(=O)c(C(=O)O)cn(C3CC3)c12,
6953,5515_B3D,COc1cc(C(=O)NCc2ccc(OCCN(C)C)cc2)cc(OC)c1OC,
6954,5516_B3D,COc1cc(CNC(=O)CCCC/C=C/C(C)C)ccc1O,
6955,5517_B3D,COc1ccc(C[C@@H](C)NC[C@H](O)c2ccc(O)c(NC=O)c2)cc1,
6956,5518_B3D,C[C@@H](O)[C@H]1C(=O)N2C(C(=O)O)=C(S[C@@H]3CN[C@H](C(=O)N(C)C)C3)[C@H](C)[C@H]12,
6957,5519_B3D,C[C@@H](c1ncncc1F)[C@](O)(Cn1cncn1)c1ccc(F)cc1F,
6958,5520_B3D,C[C@@H]1CN(C2CCC(C#N)(c3ccc(F)cc3)CC2)CC[C@]1(C(=O)O)c1ccccc1,
6959,5521_B3D,C[C@@]12CCCCC[C@@H](Cc3ccc(O)cc31)[C@@H]2N,
6960,5522_B3D,C[C@H](CS)C(=O)N1CCC[C@H]1C(=O)O,
6961,5523_B3D,C[C@H]1[C@H](NC(=O)/C(=N\OC(C)(C)C(=O)O)c2csc(N)n2)C(=O)N1S(=O)(=O)O,
6962,5524_B3D,C[C@](N)(Cc1ccc(O)cc1)C(=O)O,
6963,5525_B3D,C[C@]1(O)CC[C@H]2[C@@H]3CCC4=CC(=O)CC[C@]4(C)[C@@]3(F)[C@@H](O)C[C@@]21C,
6964,5526_B3D,C[C@]12CC[C@@H]3c4ccc(OC(=O)N(CCCl)CCCl)cc4CC[C@H]3[C@@H]1CC[C@@H]2O,
6965,5527_B3D,C[N+](C)(C)CCOC(=O)CCC(=O)OCC[N+](C)(C)C,
6966,5528_B3D,Cc1cc(Br)cnc1NC(=O)C(C)(C)C,
6967,5529_B3D,Cc1cc(C(C)(C(=O)OCCOCCOCCO)c2cc(C)c(O)c(C(C)(C)C)c2)cc(C(C)(C)C)c1O,
6968,5530_B3D,Cc1cc(C2CCCCC2)n(O)c(=O)c1,
6969,5531_B3D,Cc1ccc(O)c([C@H](CCN(C(C)C)C(C)C)c2ccccc2)c1,
6970,5532_B3D,Cc1cccc(C)c1OCC(=O)N[C@@H](Cc1ccccc1)[C@@H](O)C[C@H](Cc1ccccc1)NC(=O)[C@H](C(C)C)N1CCCNC1=O,
6971,5533_B3D,Cc1cccc(C2(C(=O)N3CCCC3)CCN(CCCC(=O)c3ccc(F)cc3)CC2)c1,
6972,5534_B3D,Cc1cccc(N(C)C(=S)Oc2ccc3ccccc3c2)c1,
6973,5535_B3D,Cc1cccn2c(=O)c(-c3nn[nH]n3)cnc12,
6974,5536_B3D,Cc1ncc(CO)c(CO)c1O,
6975,5537_B3D,Cc1ncc(C[n+]2csc(CCO)c2C)c(N)n1,
6976,5538_B3D,ClC1C(Cl)C(Cl)C(Cl)C(Cl)C1Cl,
6977,5539_B3D,ClCC1CO1.NCCNCCNCCNCCN,
6978,5540_B3D,Clc1ccc(CO/N=C(\Cn2ccnc2)c2ccc(Cl)cc2Cl)c(Cl)c1,
6979,5541_B3D,N#Cc1cc(NC(=O)C(=O)O)c(Cl)c(NC(=O)C(=O)O)c1,
6980,5542_B3D,N=C(N)c1ccc(OCCCCCOc2ccc(C(=N)N)cc2)cc1,
6981,5543_B3D,NC(=O)CC[C@@H]1NC(=O)[C@H](Cc2ccccc2)NC(=O)[C@H](Cc2ccc(O)cc2)NC(=O)CCSSC[C@@H](C(=O)N2CCC[C@H]2C(=O)N[C@H](CCCN=C(N)N)C(=O)NCC(N)=O)NC(=O)[C@H](CC(N)=O)NC1=O,
6982,5544_B3D,NC(=O)CC[C@@H]1NC(=O)[C@H](Cc2ccccc2)NC(=O)[C@H](Cc2ccc(O)cc2)NC(=O)[C@@H](N)CSSC[C@@H](C(=O)N2CCC[C@H]2C(=O)N[C@@H](CCCN=C(N)N)C(=O)NCC(N)=O)NC(=O)[C@H](CC(N)=O)NC1=O,
6983,5545_B3D,NCCCC[C@H](N[C@@H](CCc1ccccc1)C(=O)O)C(=O)N1CCC[C@H]1C(=O)O,
6984,5546_B3D,N[C@@H](Cc1cc(I)c(Oc2cc(I)c(O)c(I)c2)c(I)c1)C(=O)O,
6985,5547_B3D,N[C@@H](Cc1cc(I)c(Oc2ccc(O)c(I)c2)c(I)c1)C(=O)O,
6986,5548_B3D,Nc1cc(Br)c([N+](=O)[O-])c(C(=O)O)c1,
6987,5549_B3D,Nc1ccn(C[C@@H](CO)OCP(=O)(O)O)c(=O)n1,
6988,5550_B3D,Nc1ccn([C@@H]2CS[C@H](CO)O2)c(=O)n1,
6989,5551_B3D,Nc1ccn([C@@H]2O[C@H](CO)[C@@H](O)C2(F)F)c(=O)n1,
6990,5552_B3D,O=C(OC1C[C@@H]2CC3C[C@H](C1)N2CC3=O)c1c[nH]c2ccccc12,
6991,5553_B3D,O=C1CN(/N=C/c2ccc(-c3ccc([N+](=O)[O-])cc3)o2)C(=O)N1,
6992,5554_B3D,O=C1c2c(O)cccc2Cc2cccc(O)c21,
6993,5555_B3D,O=P1(NCCCl)OCCCN1CCCl,
6994,5556_B3D,O=[N+]([O-])O[C@@H]1CO[C@@H]2[C@@H](O)CO[C@H]12,
6995,5557_B3D,O=[N+]([O-])O[C@H]1CO[C@H]2[C@@H]1OC[C@H]2O[N+](=O)[O-],
6996,5558_B3D,OCc1cc(C(O)CNCCCCCCOCCCCc2ccccc2)ccc1O,
6997,5559_B3D,Oc1ccc(C2CNCCc3c2cc(O)c(O)c3Cl)cc1,
6998,5560_B3D,S=c1[nH]c(-c2ccc(Br)cc2)cs1,
6999,5561_B3D,c1ccc(CC2=NCCN2)cc1,
7000,5562_B3D,c1ccc2c(CC3=NCCN3)cccc2c1,
7001,5563_B3D,C#CC1(O)C=CC2C3CCC4=CC(=O)CCC4C3CCC21CC,
7002,5564_B3D,C#CC1(O)CCC2C3CCC4=C/C(=N\O)CCC4C3CCC21CC,
7003,5565_B3D,C#CC1(O)CCC2C3CCC4=CC(=O)CCC4=C3C=CC21CC,
7004,5566_B3D,C#CC1(O)CCC2C3CCC4=CC(=O)CCC4C3C(=C)CC21CC,
7005,5567_B3D,C#CC1(O)CCC2C3CCC4=CCCCC4C3C(=C)CC21CC,
7006,5568_B3D,C#CC1(O)CCC2C3CCc4cc(OC)ccc4C3CCC21C,
7007,5569_B3D,C#CC1(OC(C)=O)CCC2C3CCC4=C/C(=N\O)CCC4C3CCC21CC,
7008,5570_B3D,C#CC1(OC(C)=O)CCC2C3CCC4=CC(OC(C)=O)CCC4C3CCC21C,
7009,5571_B3D,C#CCC(Cc1cnc2nc(N)nc(N)c2n1)c1ccc(C(=O)NC(CCC(=O)O)C(=O)O)cc1,
7010,5572_B3D,C#CCNC1CCc2ccccc21,
7011,5573_B3D,C(=N\NC1=NCCN1)\c1c2ccccc2c(/C=N\NC2=NCCN2)c2ccccc12,
7012,5574_B3D,C/C(=C\C(=O)OCCCCCCCCC(=O)O)CC1OCC(CC2OC2C(C)C(C)O)C(O)C1O,
7013,5575_B3D,C/C(=C\c1csc(C)n1)C1CC2OC2(C)CCCC(C)C(O)C(C)C(=O)C(C)(C)C(O)CC(=O)N1,
7014,5576_B3D,C/C=C(C(=C/C)\c1ccc(O)cc1)/c1ccc(O)cc1,
7015,5577_B3D,C/C=C(\C)C(=O)OC1C(C)=CC23C(=O)C(C=C(CO)C(O)C12O)C1C(CC3C)C1(C)C,
7016,5578_B3D,C/C=C/C(=O)N(CC)c1ccccc1C,
7017,5579_B3D,C/C=C/C/C=C/CCC(=O)C1OC1C(N)=O,
7018,5580_B3D,C/C=C/C1=C(C(=O)O)N2C(=O)C(NC(=O)C(N)c3ccc(O)cc3)C2SC1,
7019,5581_B3D,C/C=C1/CN(C)C2Cc3c([nH]c4ccccc34)C(c3cc4[nH]c5c(c4cc3OC)CCN3CC4CC(CC)C3C5(C(=O)OC)C4)CC1C2C(=O)OC,
7020,5582_B3D,C1CCC(C(CC2CCCCN2)C2CCCCC2)CC1,
7021,5583_B3D,C=C1/C(=C/C=C2\CCCC3(C)C2CCC3C(C)/C=C/C(C)C(C)C)CC(O)CC1O,
7022,5584_B3D,C=C1/C(=C/C=C2\CCCC3(C)C2CCC3C(C)/C=C/C(O)C2CC2)CC(O)CC1O,
7023,5585_B3D,C=C1/C(=C/C=C2\CCCC3(C)C2CCC3C(C)CCCC(C)(C)O)CC(O)C(OCCCO)C1O,
7024,5586_B3D,C=C1/C(=C/C=C2\CCCC3(C)C2CCC3C(C)CCCC(C)(C)O)CC(O)CC1O,
7025,5587_B3D,C=C1/C(=C/C=C2\CCCC3(C)C2CCC3C(C)CCCC(C)C)CC(O)CC1O,
7026,5588_B3D,C=C1C(=O)OC2C1CCC1(C)OC13CC=C(C)C23,
7027,5589_B3D,C=C1C(CO)C(O)CC1n1cnc2c(=O)[nH]c(N)nc21,
7028,5590_B3D,C=C1CC2C(CCC3(C)C(=O)CCC23)C2(C)C=CC(=O)C=C12,
7029,5591_B3D,C=C1CCC(O)C/C1=C\C=C1/CCCC2(C)C1CCC2C(C)/C=C/C(C)C(C)C,
7030,5592_B3D,C=C1CCC(O)C/C1=C\C=C1/CCCC2(C)C1CCC2C(C)CCCC(C)(C)O,
7031,5593_B3D,C=C1CCC(O)C/C1=C\C=C1/CCCC2(C)C1CCC2C(C)CCCC(C)C,
7032,5594_B3D,C=C1C[C@@H]2CC[C@@]34C[C@H]5O[C@H]6[C@@H](O3)[C@H]3OC(CC[C@@H]3O[C@H]6[C@H]5O4)CC(=O)C[C@H]3[C@H](C[C@H]4O[C@@H](CC[C@@H]1O2)C[C@@H](C)C4=C)O[C@H](C[C@H](O)CN)[C@@H]3OC,
7033,5595_B3D,C=CC1(C)CC(OC(=O)CSC2CC3CCC(C2)N3C)C2(C)C(C)CCC3(CCC(=O)C32)C(C)C1O,
7034,5596_B3D,C=CC1=C(C(=O)O)N2C(=O)C(NC(=O)/C(=N/O)c3csc(N)n3)C2SC1,
7035,5597_B3D,C=CC1=C(C(=O)O)N2C(=O)C(NC(=O)/C(=N/OCC(=O)O)c3csc(N)n3)C2SC1,
7036,5598_B3D,C=CCC1(O)CCC2C3CCC4=CCCCC4C3CCC21C,
7037,5599_B3D,C=CC[N+]1(C2CC3C4CCC5CC(O)C(N6CCOCC6)CC5(C)C4CCC3(C)C2OC(C)=O)CCCC1,
7038,5600_B3D,C=Cc1c2[nH]c(c1C)C=C1N=C(C=c3[nH]c(c(CCC(=O)O)c3C)=Cc3[nH]c(c(C)c3CCC(=O)OC)C2)C2(C)C1=CC=C(C(=O)OC)C2C(=O)OC,
7039,5601_B3D,CC#CC(=O)N1CCC[C@H]1c1nc(-c2ccc(C(=O)Nc3ccccn3)cc2)c2c(N)nccn12,
7040,5602_B3D,CC#CCC(C)C(O)/C=C/C1C(O)CC2C/C(=C/CCCC(=O)OCC(=O)c3ccccc3)CC21,
7041,5603_B3D,CC#CCn1c(N2CCCC(N)C2)nc2c1c(=O)n(Cc1nc(C)c3ccccc3n1)c(=O)n2C,
7042,5604_B3D,CC(/C=C/C(C)C(C)(C)O)C1CCC2/C(=C/C=C3CC(O)CC(O)C3)CCCC21C,
7043,5605_B3D,CC(/C=C1\SC(=S)N(CC(=O)O)C1=O)=C\c1ccccc1,
7044,5606_B3D,CC(=O)N(O)CCCCCNC(=O)CCC(=O)N(O)CCCCCNC(=O)CCC(=O)N(O)CCCCCN,
7045,5607_B3D,CC(=O)NC(C=O)C(O)C(O)C(O)CO,
7046,5608_B3D,CC(=O)NC1C(N=C(N)N)C=C(C(=O)O)OC1C(O)C(O)CO,
7047,5609_B3D,CC(=O)Nc1c(I)c(C(=O)NC2C(O)OC(CO)C(O)C2O)c(I)c(N(C)C(C)=O)c1I,
7048,5610_B3D,CC(=O)Nc1cc(C(=O)O)c(I)c(NC(C)=O)c1I,
7049,5611_B3D,CC(=O)Nc1cccc(-n2c(=O)n(C3CC3)c(=O)c3c(Nc4ccc(I)cc4F)n(C)c(=O)c(C)c32)c1,
7050,5612_B3D,CC(=O)OC(C)C[N+](C)(C)C,
7051,5613_B3D,CC(=O)OC1(C(C)=O)CCC2C3C=C(Cl)C4=CC(=O)C5CC5C4(C)C3CCC21C,
7052,5614_B3D,CC(=O)OC1(C(C)=O)CCC2C3C=CC4=CC(=O)CCC4(C)C3CCC21C,
7053,5615_B3D,CC(=O)OC1(C(C)=O)CCC2C3CC(C)C4=CC(=O)CCC4(C)C3CCC21C,
7054,5616_B3D,CC(=O)OC1CC2(C)C(CC(O)C3C4(C)CCC(O)C(C)C4CCC32C)/C1=C(/CCC=C(C)C)C(=O)O,
7055,5617_B3D,CC(=O)OC1CC2CCC3C(CCC4(C)C3CC(N3CC[N+](C)(C)CC3)C4OC(C)=O)C2(C)CC1N1CC[N+](C)(C)CC1,
7056,5618_B3D,CC(=O)OC1CC2CCC3C(CCC4(C)C3CC([N+]3(C)CCCCC3)C4OC(C)=O)C2(C)CC1N1CCCCC1,
7057,5619_B3D,CC(=O)OC1CC2CCC3C(CCC4(C)C3CC([N+]3(C)CCCCC3)C4OC(C)=O)C2(C)CC1[N+]1(C)CCCCC1,
7058,5620_B3D,CC(=O)OCC(=O)NCCCOc1cccc(CN2CCCCC2)c1,
7059,5621_B3D,CC(=O)Oc1cc2c(s1)CCN(C(C(=O)C1CC1)c1ccccc1F)C2,
7060,5622_B3D,CC(C)(C)NC(=O)NC(C(=O)N1CC2C(C1C(=O)NC(CC1CCC1)C(=O)C(N)=O)C2(C)C)C(C)(C)C,
7061,5623_B3D,CC(C)(C)S(=O)(=O)CC(Cc1ccccc1)C(=O)NC(Cc1cnc[nH]1)C(=O)NC(CC1CCCCC1)C(O)C(O)C1CC1,
7062,5624_B3D,CC(C)(C)c1cc(C(C)(C)C)c(NC(=O)c2c[nH]c3ccccc3c2=O)cc1O,
7063,5625_B3D,CC(C)(O/N=C(/C(=O)NC1C(=O)N2C(C(=O)O)=C(C[n+]3ccccc3)CSC12)c1csc(N)n1)C(=O)O,
7064,5626_B3D,CC(C)C(=O)Oc1ccc(CO)cc1C(CCN(C(C)C)C(C)C)c1ccccc1,
7065,5627_B3D,CC(C)C(=O)c1c(C(C)C)nn2ccccc12,
7066,5628_B3D,CC(C)CC(NC(=O)C(CCc1ccccc1)NC(=O)CN1CCOCC1)C(=O)NC(Cc1ccccc1)C(=O)NC(CC(C)C)C(=O)C1(C)CO1,
7067,5629_B3D,CC(C)CN(CC(O)C(Cc1ccccc1)NC(=O)OC1COC2OCCC12)S(=O)(=O)c1ccc(N)cc1,
7068,5630_B3D,CC(C)COC(=O)OCN1C(=O)CN(CCN2CC(=O)N(COC(=O)OCC(C)C)C(=O)C2)CC1=O,
7069,5631_B3D,CC(C)N(CCCCOCC(=O)NS(C)(=O)=O)c1cnc(-c2ccccc2)c(-c2ccccc2)n1,
7070,5632_B3D,CC(C)N1CCN(c2ccc(OCC3COC(Cn4cncn4)(c4ccc(Cl)cc4Cl)O3)cc2)CC1,
7071,5633_B3D,CC(C)OC(=O)C(C)NP(=O)(OCC1OC(n2ccc(=O)[nH]c2=O)C(C)(F)C1O)Oc1ccccc1,
7072,5634_B3D,CC(C)OC(=O)CCC/C=C/CC1C(O)CC(O)C1/C=C/C(F)(F)COc1ccccc1,
7073,5635_B3D,CC(C)OC(=O)CCC/C=C/CC1C(O)CC(O)C1/C=C/C(O)COc1cccc(C(F)(F)F)c1,
7074,5636_B3D,CC(C)OC(=O)CCC/C=C/CC1C(O)CC(O)C1CCC(O)CCc1ccccc1,
7075,5637_B3D,CC(C)OP(=O)(F)OC(C)C,
7076,5638_B3D,CC(C)c1c(C(=O)Nc2ccccc2)c(-c2ccccc2)c(-c2ccc(F)cc2)n1CCC(O)CC(O)CC(=O)O,
7077,5639_B3D,CC(C)c1cc2c(cc1S(=O)(=O)O)C1(C)CCCC(C)(C(=O)O)C1CC2,
7078,5640_B3D,CC(C)c1ccc2oc3nc(N)c(C(=O)O)cc3c(=O)c2c1,
7079,5641_B3D,CC(C)c1cn(C2CC(O)C(CO)O2)c(=O)[nH]c1=O,
7080,5642_B3D,CC(C)c1nc(CN(C)C(=O)NC(CCN2CCOCC2)C(=O)NC(CCC(Cc2ccccc2)NC(=O)OCc2cncs2)Cc2ccccc2)cs1,
7081,5643_B3D,CC(C)c1nc(N(C)S(C)(=O)=O)nc(-c2ccc(F)cc2)c1/C=C/C(O)CC(O)CC(=O)O,
7082,5644_B3D,CC(C)n1c(/C=C/C(O)CC(O)CC(=O)O)c(-c2ccc(F)cc2)c2ccccc21,
7083,5645_B3D,CC(CCC(=O)NCCS(=O)(=O)O)C1CCC2C3C(O)CC4CC(O)CCC4(C)C3CCC12C,
7084,5646_B3D,CC(Cc1cc2c(c(C(N)=O)c1)N(CCCO)CC2)NCCOc1ccccc1OCC(F)(F)F,
7085,5647_B3D,CC(Cc1ccccc1)NC(=O)C(N)CCCCN,
7086,5648_B3D,CC(O)C1C(=O)N2C(C(=O)OCOC(=O)C(C)(C)C)=C(SC3CN(C4=NCCS4)C3)C(C)C12,
7087,5649_B3D,CC(OC1OCCN(Cc2n[nH]c(=O)[nH]2)C1c1ccc(F)cc1)c1cc(C(F)(F)F)cc(C(F)(F)F)c1,
7088,5650_B3D,CC(Oc1cc(-c2cnn(C3CCNCC3)c2)cnc1N)c1c(Cl)ccc(F)c1Cl,
7089,5651_B3D,CC(SC(=O)c1cccs1)C(=O)NCC(=O)O,
7090,5652_B3D,CC/C=C/C/C=C/C/C=C/C/C=C/C/C=C/CCCC(=O)OCC,
7091,5653_B3D,CC1(C)C(C(=O)O)N2C(=O)CC2S1(=O)=O,
7092,5654_B3D,CC1(C)CC1C(=O)N/C(=C/CCCCSCC(N)C(=O)O)C(=O)O,
7093,5655_B3D,CC1(C)CCC(C)(C)c2cc(NC(=O)c3ccc(C(=O)O)cc3)ccc21,
7094,5656_B3D,CC1(C)N=C(N)N=C(N)N1c1ccc(Cl)cc1,
7095,5657_B3D,CC1(C)SC2C(NC(=O)C(NC(=O)N3CCNC3=O)c3ccccc3)C(=O)N2C1C(=O)O,
7096,5658_B3D,CC12CCC3=C4CCC(=O)C=C4CCC3C1CCC2(O)CC#N,
7097,5659_B3D,CC12CCC3C(CCC45OC4C(=O)C(C#N)CC35C)C1CCC2O,
7098,5660_B3D,CC12CCC3C4C=CC(=O)NC4CCC3C1CCC2C(=O)Nc1cc(C(F)(F)F)ccc1C(F)(F)F,
7099,5661_B3D,CC12CCC3C4CCC(=O)C=C4CCC3C1CCC2OC(=O)CCc1ccccc1,
7100,5662_B3D,CC12CCC3c4ccc(O)cc4CC(CCCCCCCCC[S+]([O-])CCCC(F)(F)C(F)(F)F)C3C1CCC2O,
7101,5663_B3D,CC12CCC3c4ccc(O)cc4CCC3C1CC(O)C2O,
7102,5664_B3D,CC1=C(CC(=O)O)c2cc(F)ccc2/C1=C/c1ccc([S+](C)[O-])cc1,
7103,5665_B3D,CC1=CC(=O)c2ccccc2C1=O,
7104,5666_B3D,CC1=CC(O)CC(C)(C)C1/C=C/C(C)=C/C=C/C(C)=C/C=C/C=C(C)/C=C/C=C(C)/C=C/C1=C(C)CC(O)CC1(C)C,
7105,5667_B3D,CC1C/C=C\C=C\C=C/C=C\C(OC2OC(C)C(O)C(N)C2O)CC2OC(O)(CC(O)CC3OC3/C=C\C(=O)O1)CC(O)C2C(=O)O,
7106,5668_B3D,CC1CC(=O)NN=C1c1ccc(NN=C(C#N)C#N)cc1,
7107,5669_B3D,CC1CC(O)CC(OC2C(O)CC(OC3C(O)CC(OC4CCC5(C)C(CCC6C5CC(O)C5(C)C(C7=CC(=O)OC7)CCC65O)C4)OC3C)OC2C)O1,
7108,5670_B3D,CC1CC(OC(=O)C(OC(=O)c2cccnc2)c2ccccc2)CC(C)(C)C1,
7109,5671_B3D,CC1CC2(C)C(CCC3C4CCC(O)C4(C)CCC32)CC1=O,
7110,5672_B3D,CC1CCC(C(C)C)C(O)C1,
7111,5673_B3D,CC1CCC(O)C/C1=C\C=C1/CCCC2(C)C1CCC2C(C)/C=C/C(C)C(C)C,
7112,5674_B3D,CC1CCc2c(N3CCC(O)CC3)c(F)cc3c(=O)c(C(=O)O)cn1c23,
7113,5675_B3D,CC1CNc2c(cccc2S(=O)(=O)NC(CCCN=C(N)N)C(=O)N2CCC(C)CC2C(=O)O)C1,
7114,5676_B3D,CC1OC(OC2C(CO)OC(OC3C(CO)OC(O)C(O)C3O)C(O)C2O)C(O)C(O)C1NC1C=C(CO)C(O)C(O)C1O,
7115,5677_B3D,CC1OC(OC2CC(O)C3(CO)C4C(O)CC5(C)C(C6=CC(=O)OC6)CCC5(O)C4CCC3(O)C2)C(O)C(O)C1O,
7116,5678_B3D,CC1OC2(CS1)CN1CCC2CC1,
7117,5679_B3D,CCC(=O)NCCC1CCc2ccc3c(c21)CCO3,
7118,5680_B3D,CCC(C(C)O)n1ncn(-c2ccc(N3CCN(c4ccc(OCC5COC(Cn6cncn6)(c6ccc(F)cc6F)C5)cc4)CC3)cc2)c1=O,
7119,5681_B3D,CCC(C)(Oc1ccc(C2(c3ccc(OC(C)(CC)C(=O)O)cc3)CCCCC2)cc1)C(=O)O,
7120,5682_B3D,CCC(CC)(CC(=O)Nc1cccc(/C=C/c2nc(C3CCC3)cs2)c1)C(=O)O,
7121,5683_B3D,CCC(NC(C)C)C(O)c1ccc(O)c2[nH]c(=O)ccc12,
7122,5684_B3D,CCC(c1cccc(O)c1)C(C)CN(C)C,
7123,5685_B3D,CCC12C=CCN3CCC4(c5cc(C6(C(=O)OC)CC7C=C(C)CN(C7)c7c6[nH]c6ccccc76)c(OC)cc5N(C)C4C(O)(C(=O)OC)C1OC(C)=O)C32,
7124,5686_B3D,CCC1C(=O)OCC1Cc1cncn1C,
7125,5687_B3D,CCC1C2CC3C4N(C)c5ccccc5C45CC(C2C5O)N3C1O,
7126,5688_B3D,CCC1CCCC(OC2CCC(N(C)C)C(C)O2)C(C)C(=O)C2=CC3C(C=C(C)C4CC(OC5OC(C)C(OC)C(OC)C5OC)CC43)C2CC(=O)O1,
7127,5689_B3D,CCCC(=O)OCOC(=O)C1=C(C)NC(C)=C(C(=O)OC)C1c1cccc(Cl)c1Cl,
7128,5690_B3D,CCCC(C)(COC(N)=O)COC(=O)NC(C)C,
7129,5691_B3D,CCCC(NC(=O)C1C2CCCC2CN1C(=O)C(NC(=O)C(NC(=O)c1cnccn1)C1CCCCC1)C(C)(C)C)C(=O)C(=O)NC1CC1,
7130,5692_B3D,CCCC1C(=O)N(c2ccccc2)N(c2ccccc2)C1=O,
7131,5693_B3D,CCCCC(=O)OCC(=O)C1(O)Cc2c(O)c3c(c(O)c2C(OC2CC(NC(=O)C(F)(F)F)C(O)C(C)O2)C1)C(=O)c1c(OC)cccc1C3=O,
7132,5694_B3D,CCCCC(C)(O)C/C=C/C1C(O)CC(=O)C1CCCCCCC(=O)OC,
7133,5695_B3D,CCCCC(CC)COC(=O)C(C#N)=C(c1ccccc1)c1ccccc1,
7134,5696_B3D,CCCCC(F)(F)C1(O)CCC2C(CC(=O)C2CCCCCCC(=O)O)O1,
7135,5697_B3D,CCCCCC(O)CCC1C(O)CC2Cc3c(cccc3OCC(=O)O)CC21,
7136,5698_B3D,CCCCCCCC(=O)OC(O)C(O)CO,
7137,5699_B3D,CCCCCCCC(=O)OCC(O)C(OC)C1OC(C(=O)O)=CC(N=C(N)N)C1NC(C)=O,
7138,5700_B3D,CCCCCCCC/C=C/CCCCCCC(N)(C=O)CO,
7139,5701_B3D,CCCCCCCCCC(=O)OC1CCC2C3CCC4=CC(=O)CCC4C3CCC12C,
7140,5702_B3D,CCCCCCCCCCCCCCCC(=O)O[C@@H]1[C@@H](O)[C@@H](O)[C@@H]([C@H](NC(=O)[C@@H]2C[C@@H](CCC)CN2C)[C@H](C)Cl)O[C@@H]1SC,
7141,5703_B3D,CCCCCCCCCCCCCCCCCCCCCCO,
7142,5704_B3D,CCCCCCCCCCCCCCCCO,
7143,5705_B3D,CCCCCCCCCCCCCCCC[N+](C)(C)CCN(Cc1ccc(OC)cc1)c1ncccn1,
7144,5706_B3D,CCCCCCCCCCCCCCOS(=O)(=O)O,
7145,5707_B3D,CCCCCCOC(=O)NC(=N)c1ccc(NCc2nc3cc(C(=O)N(CCC(=O)OCC)c4ccccn4)ccc3n2C)cc1,
7146,5708_B3D,CCCCCN(C)CCC(O)([P+](=O)O)P(=O)(O)O,
7147,5709_B3D,CCCCCN=C(N)N/N=C\c1c[nH]c2ccc(OC)cc12,
7148,5710_B3D,CCCCCON=O,
7149,5711_B3D,CCCCCOc1ccccc1/C(=C\SC)n1ccnc1,
7150,5712_B3D,CCCCN1CC(O)C(O)C(O)C1CO,
7151,5713_B3D,CCCCOc1cc(C(=O)OCCN(CC)CC)ccc1N,
7152,5714_B3D,CCCCS(=O)(=O)NC(Cc1ccc(OCCCCC2CCNCC2)cc1)C(=O)O,
7153,5715_B3D,CCCC[C@H](NC(C)=O)C(=O)N[C@H]1CC(=O)NCCCC[C@@H](C(=O)O)NC(=O)[C@H](CC2=CNC3C=CC=CC23)NC(=O)[C@H](CCCN=C(N)N)NC(=O)[C@@H](Cc2ccccc2)NC(=O)[C@H](Cc2c[nH]cn2)NC1=O,
7154,5716_B3D,CCCCc1nc(C)c(CC(=S)N(C)C)c(=O)n1Cc1ccc(-c2ccccc2-c2nn[nH]n2)cc1,
7155,5717_B3D,CCCCc1nc(CCCC)n(Cc2ccc(-c3ccccc3-c3nn[nH]n3)nc2)n1,
7156,5718_B3D,CCCCc1ncc(/C=C(/Cc2cccs2)C(=O)O)n1Cc1ccc(C(=O)O)cc1,
7157,5719_B3D,CCCCc1oc2ccc(NS(C)(=O)=O)cc2c1C(=O)c1ccc(OCCCN(CCCC)CCCC)cc1,
7158,5720_B3D,CCCN(CCc1cccs1)C1CCc2c(O)cccc2C1,
7159,5721_B3D,CCCOC(=O)Cn1cc(I)c(=O)c(I)c1,
7160,5722_B3D,CCCOc1ccc(S(=O)(=O)NCCC2CCCN2C)cc1-c1nc2c(CCC)nn(C)c2c(=O)[nH]1,
7161,5723_B3D,CCCS(=O)(=O)Nc1ccc(F)c(C(=O)c2c[nH]c3ncc(-c4ccc(Cl)cc4)cc23)c1F,
7162,5724_B3D,CCCSc1nc(NC2CC2c2ccc(F)c(F)c2)c2nnn(C3CC(OCCO)C(O)C3O)c2n1,
7163,5725_B3D,CCN(CC)CCNc1ccc(C)c2sc3ccccc3c(=O)c12,
7164,5726_B3D,CCN(CC)CCOc1ccc(/C(=C(/Cl)c2ccccc2)c2ccccc2)cc1,
7165,5727_B3D,CCN(CC)CCS(=O)(=O)C1CCN2C(=O)c3coc(n3)CC(=O)CC(O)/C=C(C)\C=C/CNC(=O)/C=C\C(C)C(C(C)C)OC(=O)C12,
7166,5728_B3D,CCN(CC)c1ccc(C(=C2C=CC(=[N+](CC)CC)C=C2)c2cc(S(=O)(=O)O)ccc2S(=O)(=O)O)cc1,
7167,5729_B3D,CCN(CCC(c1ccccc1)c1cc(C)ccc1O)C(C)C,
7168,5730_B3D,CCN(CCO)CCCC(C)Nc1ccnc2cc(Cl)ccc12,
7169,5731_B3D,CCN(Cc1ccncc1)C(=O)C(CO)c1ccccc1,
7170,5732_B3D,CCNC1CC(C)S(=O)(=O)c2sc(S(N)(=O)=O)cc21,
7171,5733_B3D,CCNC1CC(N)C(OC2OC(CN)=CCC2N)C(O)C1OC1OCC(O)C(NC)C1(C)O,
7172,5734_B3D,CCNC1CN(CCCOC)S(=O)(=O)c2sc(S(N)(=O)=O)cc21,
7173,5735_B3D,CCOC(=O)/C=C(C)/C=C/C=C(C)/C=C/c1c(C)cc(OC)c(C)c1C,
7174,5736_B3D,CCOC(=O)/C=C1\SC(N2CCCCC2)C(=O)N1C,
7175,5737_B3D,CCOC(=O)C(CCc1ccccc1)NC(C)C(=O)N(CC(=O)O)C1Cc2ccccc2C1,
7176,5738_B3D,CCOC(=O)C(CCc1ccccc1)NC(C)C(=O)N1C(=O)N(C)CC1C(=O)O,
7177,5739_B3D,CCOC(=O)C(CCc1ccccc1)NC1CSC(c2cccs2)CN(CC(=O)O)C1=O,
7178,5740_B3D,CCOC(=O)CC(SP(=S)(OC)OC)C(=O)OCC,
7179,5741_B3D,CCOC(=O)CCCCCCCCC(C)c1ccccc1I,
7180,5742_B3D,CCOC(=O)CNC(C(=O)N1CCC1C(=O)NCc1ccc(/C(N)=N\O)cc1)C1CCCCC1,
7181,5743_B3D,CCOC(=O)NNc1ccc(N(CC)CC(C)O)nn1,
7182,5744_B3D,CCOC(=O)Oc1ccc(CCNC(=O)C(CCSC)NC(C)=O)cc1OC(=O)OCC,
7183,5745_B3D,CCOCC(O)COc1ccc(NC(=O)CC[S+](C)C)cc1,
7184,5746_B3D,CCOCCn1c(C2CCN(CCc3ccc(C(C)(C)C(=O)O)cc3)CC2)nc2ccccc21,
7185,5747_B3D,CCOP(=O)(OCC)SCC[N+](C)(C)C,
7186,5748_B3D,CCOc1ccc(CC2=NCCc3cc(OCC)c(OCC)cc32)cc1OCC,
7187,5749_B3D,CCOc1ccc(Cc2cc(C3OC(CO)C(O)C(O)C3O)ccc2Cl)cc1,
7188,5750_B3D,CCOc1ccc(Cc2cc([C@]34OC[C@](CO)(O3)[C@@H](O)[C@H](O)[C@H]4O)ccc2Cl)cc1,
7189,5751_B3D,CC[N+](CC)(CC)CCOc1cccc(OCC[N+](CC)(CC)CC)c1OCC[N+](CC)(CC)CC,
7190,5752_B3D,CCc1cc2c(cc1CC)CC(NCC(O)c1ccc(O)c3[nH]c(=O)ccc13)C2,
7191,5753_B3D,CCc1nc(C2CC2)c(C(N)=O)n1Cc1ccc2oc(-c3ccccc3NS(=O)(=O)C(F)(F)F)c(Br)c2c1,
7192,5754_B3D,CN(C)C(=O)Oc1cc(OC(=O)N(C)C)cc(C(O)CNC(C)(C)C)c1,
7193,5755_B3D,CN(C)C1C=C(C(=O)NCO)C(=O)C2(O)C(O)=C3C(=O)c4c(O)ccc(Cl)c4C(C)(O)C3CC12,
7194,5756_B3D,CN(C)CC(c1ccc(O)cc1)C1(O)CCCCC1,
7195,5757_B3D,CN(C)CCOc1ccc(/C(=C(/CCCl)c2ccccc2)c2ccccc2)cc1,
7196,5758_B3D,CN(C)c1cc(CNCC(C)(C)C)c(O)c2c1C[C@H]1C[C@H]3[C@H](N(C)C)C(=O)C(C(N)=O)=C(O)[C@@]3(O)C(=O)C1=C2O,
7197,5759_B3D,CN(C)c1cc(NC(=O)CNC(C)(C)C)c(O)c2c1CC1CC3C(N(C)C)C(=O)C(C(N)=O)=C(O)C3(O)C(=O)C1=C2O,
7198,5760_B3D,CN(C)c1ccc(C(=C2C=CC(=[N+](C)C)C=C2)c2ccc(N(C)C)cc2)cc1,
7199,5761_B3D,CN(CC(=O)N1CCOCC1)Cc1c(Cl)cccc1NC(=O)c1ccccc1,
7200,5762_B3D,CN(N=O)C(=O)NC1COC(CO)C(O)C1O,
7201,5763_B3D,CN(c1nccc(=O)[nH]1)C1CCN(c2nc3ccccc3n2Cc2ccc(F)cc2)CC1,
7202,5764_B3D,CN1CC(C(=O)NC2(C)OC3(O)C4CCCN4C(=O)C(Cc4ccccc4)N3C2=O)C=C2c3cccc4[nH]cc(c34)CC21,
7203,5765_B3D,CN1CCC2(C)c3cc(OC(N)=O)ccc3N(C)C12,
7204,5766_B3D,CN1CCCC1Cc1c[nH]c2ccc(CCS(=O)(=O)c3ccccc3)cc12,
7205,5767_B3D,CN1CCc2nc(C(=O)NC3CC(C(=O)N(C)C)CCC3NC(=O)C(=O)Nc3ccc(Cl)cn3)sc2C1,
7206,5768_B3D,CN=C(N)NC(=O)Nc1c(C)cccc1C,
7207,5769_B3D,CNC(=O)CN(CCN(CCN(CC(=O)O)CC(=O)NC)CC(=O)O)CC(=O)O,
7208,5770_B3D,CNC(=O)c1cc(Oc2ccc(NC(=O)Nc3ccc(Cl)c(C(F)(F)F)c3)c(F)c2)ccn1,
7209,5771_B3D,CNC(=O)c1ccccc1Sc1ccc2c(/C=C/c3ccccn3)n[nH]c2c1,
7210,5772_B3D,CNC(=O)c1cnn(-c2nc(N)c3ncn(C4OC(CO)C(O)C4O)c3n2)c1,
7211,5773_B3D,CNC(C)CCC=C(C)C,
7212,5774_B3D,CNC1(C)C2CCC(C2)C1(C)C,
7213,5775_B3D,CNC1C(O)C(NC)C2OC3(O)C(=O)CC(C)OC3OC2C1O,
7214,5776_B3D,CO/N=C(/C(=O)NC1C(=O)N2C(C(=O)O)=C(/C=C/c3scnc3C)CSC12)c1csc(N)n1,
7215,5777_B3D,CO/N=C(/C(=O)NC1C(=O)N2C(C(=O)O)=C(COC(C)=O)CSC12)c1csc(N)n1,
7216,5778_B3D,CO/N=C(/C(=O)NC1C(=O)N2C(C(=O)O)=C(COC(N)=O)CSC12)c1ccco1,
7217,5779_B3D,CO/N=C(/C(=O)NC1C(=O)N2C(C(=O)O)=C(CSc3nnnn3C)CSC12)c1csc(N)n1,
7218,5780_B3D,CO/N=C(/C(=O)NC1C(=O)N2C(C(=O)O)=CCSC12)c1csc(N)n1,
7219,5781_B3D,CO/N=C(/C(=O)NC1C(=O)N2C(C(=O)OC(C)OC(C)=O)=C(COC(N)=O)CSC12)c1ccco1,
7220,5782_B3D,CO/N=C(/C(=O)NC1C(=O)N2C(C(=O)OCOC(=O)C(C)(C)C)=C(/C=C/c3scnc3C)CSC12)c1csc(N)n1,
7221,5783_B3D,CO/N=C(/C(=O)N[C@@H]1C(=O)N2C(C(=O)OCOC(=O)C(C)(C)C)=C(C)CS[C@H]12)c1csc(N)n1,
7222,5784_B3D,CO/N=C(\C(=O)NC1C(=O)N2C(C(=O)O)=C(CSc3[nH]c(=O)c(=O)[nH][n+]3C)CSC12)c1csc(N)n1,
7223,5785_B3D,CO/N=C1/CN(c2nc3c(cc2F)c(=O)c(C(=O)O)cn3C2CC2)CC1CN,
7224,5786_B3D,COC(=O)C1=COC(C)C2CN3CCc4c([nH]c5ccccc45)C3CC12,
7225,5787_B3D,COC(=O)C1C2CC3c4[nH]c5cc(OC)ccc5c4CCN3CC2CC(OC(=O)/C=C/c2cc(OC)c(OC)c(OC)c2)C1OC,
7226,5788_B3D,COC(=O)CCC(=O)CN,
7227,5789_B3D,COC(=O)NC(C(=O)NC(Cc1ccccc1)C(O)CN(Cc1ccc(-c2ccccn2)cc1)NC(=O)C(NC(=O)OC)C(C)(C)C)C(C)(C)C,
7228,5790_B3D,COC(=O)N[C@H](C(=O)N1CCC[C@H]1c1nc2cc(F)c([C@H]3CC[C@H](c4cc5[nH]c([C@@H]6CCCN6C(=O)[C@@H](NC(=O)OC)[C@@H](C)OC)nc5cc4F)N3c3cc(F)c(N4CCC(c5ccc(F)cc5)CC4)c(F)c3)cc2[nH]1)[C@@H](C)OC,
7229,5791_B3D,COC(=O)c1ccc2c(C(=Nc3ccc(N(C)C(=O)CN4CCN(C)CC4)cc3)c3ccccc3)c(O)[nH]c2c1,
7230,5792_B3D,COC1/C=C\OC2(C)Oc3c(C)c(O)c4c(O)c(c5c(nc6cc(C)ccn65)c4c3C2=O)NC(=O)/C(C)=C\C=C/C(C)C(O)C(C)C(O)C(C)C(OC(C)=O)C1C,
7231,5793_B3D,COC1=CC(=O)CC(C)C12Oc1c(Cl)c(OC)cc(OC)c1C2=O,
7232,5794_B3D,COC1OC2OC3(C)CCC4C(C)CCC(C1C)C24OO3,
7233,5795_B3D,COCC1=C(C(=O)O)N2C(=O)C(NC(=O)/C(=N/OC)c3csc(N)n3)C2SC1,
7234,5796_B3D,COCCCOc1cc(CC(CC(N)C(O)CC(C(=O)NCC(C)(C)C(N)=O)C(C)C)C(C)C)ccc1OC,
7235,5797_B3D,COCCOCC(CC1(C(=O)NC2CCC(C(=O)O)CC2)CCCC1)C(=O)Oc1ccc2c(c1)CCC2,
7236,5798_B3D,CON(C)Cc1ccc(O)c2c1C[C@H]1C[C@H]3[C@H](N(C)C)C(=O)C(C(N)=O)=C(O)[C@@]3(O)C(=O)C1=C2O,
7237,5799_B3D,COc1c(C)c2c(c(O)c1C/C=C(\C)CCC(=O)OCCN1CCOCC1)C(=O)OC2,
7238,5800_B3D,COc1cc(C(=O)NC2CCCNC2)cc(OC)c1OC,
7239,5801_B3D,COc1cc(C)c(/C=C/C(C)=C/C=C/C(C)=C/C(=O)O)c(C)c1C,
7240,5802_B3D,COc1cc(C)c2c(Oc3cccc(C(F)(F)F)c3)c(OC)cc(NC(C)CCCN)c2n1,
7241,5803_B3D,COc1cc(C2c3cc4c(cc3C(O)C3COC(=O)C23)OCO4)cc(OC)c1OC,
7242,5804_B3D,COc1cc(NS(=O)(=O)c2ccc(N)cc2)nc(OC)n1,
7243,5805_B3D,COc1cc(NS(C)(=O)=O)ccc1Nc1c2ccccc2nc2ccccc12,
7244,5806_B3D,COc1cc(Nc2c(C#N)cnc3cc(OCCCN4CCN(C)CC4)c(OC)cc23)c(Cl)cc1Cl,
7245,5807_B3D,COc1cc(Nc2ncc(F)c(Nc3ccc4c(n3)N(COP(=O)(O)O)C(=O)C(C)(C)O4)n2)cc(OC)c1OC,
7246,5808_B3D,COc1cc(OC)cc(N(CCNC(C)C)c2ccc3ncc(-c4cnn(C)c4)nc3c2)c1,
7247,5809_B3D,COc1cc2c3cc1Oc1cc(ccc1O)CC1c4c(cc(OC)c(O)c4Oc4ccc(cc4)CC3N(C)CC2)CC[N+]1(C)C,
7248,5810_B3D,COc1cc2nc(N(C)CCCNC(=O)C3CCCO3)nc(N)c2cc1OC,
7249,5811_B3D,COc1ccc(-c2ccc3cc(C(=O)O)ccc3c2)cc1C12CC3CC(CC(C3)C1)C2,
7250,5812_B3D,COc1ccc(-n2nc(C(N)=O)c3c2C(=O)N(c2ccc(N4CCCCC4=O)cc2)CC3)cc1,
7251,5813_B3D,COc1ccc(C(=O)N2CCN(c3ccc4c(c3)CCC(=O)N4)CC2)cc1OC,
7252,5814_B3D,COc1ccc(C2CC(=O)c3c(O)cc(O)cc3O2)cc1O,
7253,5815_B3D,COc1ccc(CCNC[C@@H](O)c2ccc(O)cc2)cc1OC,
7254,5816_B3D,COc1ccc(CCOC2CCCCC2N2CCC(O)C2)cc1OC,
7255,5817_B3D,COc1ccc(CNc2nc(N3CCCC3CO)ncc2C(=O)NCc2ncccn2)cc1Cl,
7256,5818_B3D,COc1ccc(O)cc1,
7257,5819_B3D,COc1ccc2cc(C(C)C(=O)O)ccc2c1,
7258,5820_B3D,COc1ccc2cc1Oc1cc3c(cc1OC)CC[N+](C)(C)C3Cc1ccc(cc1)Oc1c(OC)c(OC)cc3c1C(C2)[N+](C)(C)CC3,
7259,5821_B3D,COc1cccc(CCc2ccccc2OCC(CN(C)C)OC(=O)CCC(=O)O)c1,
7260,5822_B3D,COc1cccc(N2CCN(C3=Nc4c(F)cccc4[C@H](CC(=O)O)N3c3cc(C(F)(F)F)ccc3OC)CC2)c1,
7261,5823_B3D,COc1cccc(OC)c1C(=O)NC1C(=O)N2C1SC(C)(C)C2C(=O)O,
7262,5824_B3D,COc1ccnc(C[S+]([O-])c2nc3ccc(-n4cccc4)cc3[nH]2)c1C,
7263,5825_B3D,COc1nc(N)nc2c1ncn2[C@@H]1O[C@H](CO)[C@@H](O)[C@@H]1O,
7264,5826_B3D,COc1nccnc1NS(=O)(=O)c1ccc(N)cc1,
7265,5827_B3D,COc1ncnc(NS(=O)(=O)c2ccc(N)cc2)c1OC,
7266,5828_B3D,CS(=O)(=O)CCNCc1ccc(-c2ccc3ncnc(Nc4ccc(OCc5cccc(F)c5)c(Cl)c4)c3c2)o1,
7267,5829_B3D,CS(=O)(=O)Nc1cc2occ(NC=O)c(=O)c2cc1Oc1ccccc1,
7268,5830_B3D,CSCCC(NC(=O)C(Cc1c[nH]c2ccccc12)NC(=O)CCNC(=O)OC(C)(C)C)C(=O)NC(CC(=O)O)C(=O)NC(Cc1ccccc1)C(N)=O,
7269,5831_B3D,CSc1nc2cc(Oc3cccc(Cl)c3Cl)c(Cl)cc2[nH]1,
7270,5832_B3D,C[C@H](N[C@@H](CCc1ccccc1)C(=O)O)C(=O)N1CCC[C@H]1C(=O)O,
7271,5833_B3D,C[C@H](O)C(=O)Nc1c(I)c(C(=O)NC(CO)CO)c(I)c(C(=O)NC(CO)CO)c1I,
7272,5834_B3D,C[C@]12CC[C@H]3C(=CCc4cc(O)ccc43)[C@@H]1CCC2=O,
7273,5835_B3D,C[N+](C)(C)CCCCCCCCCC[N+](C)(C)C,
7274,5836_B3D,C[N+](C)(C)CCOC(N)=O,
7275,5837_B3D,C[N+](C)(CCCCCC[N+](C)(C)C1c2ccccc2-c2ccccc21)C1c2ccccc2-c2ccccc21,
7276,5838_B3D,C[N+]1(CCCCC[N+]2(C)CCCC2)CCCC1,
7277,5839_B3D,Cc1c(-c2ccc(O)cc2)n(Cc2ccc(OCCN3CCCCCC3)cc2)c2ccc(O)cc12,
7278,5840_B3D,Cc1c2cc[n+](C)cc2c(C)c2c1[nH]c1ccc(O)cc12,
7279,5841_B3D,Cc1cc(/C=C/C#N)cc(C)c1Nc1ccnc(Nc2ccc(C#N)cc2)n1,
7280,5842_B3D,Cc1cc(C#N)cc(C)c1Oc1nc(Nc2ccc(C#N)cc2)nc(N)c1Br,
7281,5843_B3D,Cc1cc(C(C)(C)C)c(O)c(C)c1CC1=NCCN1,
7282,5844_B3D,Cc1cc(C(C)(C)C)cc(C)c1CC1=NCCN1,
7283,5845_B3D,Cc1cc(O)[n+]([O-])c(C2CCCCC2)c1,
7284,5846_B3D,Cc1cc2c(OCC(CNC(C)(C)C)OC(=O)c3ccccc3)cccc2[nH]1,
7285,5847_B3D,Cc1cc2c(cc1CC(=O)c1sccc1S(=O)(=O)Nc1onc(C)c1Cl)OCO2,
7286,5848_B3D,Cc1ccc(-n2[nH]c(C)c(N=Nc3cccc(-c4cccc(C(=O)O)c4)c3O)c2=O)cc1C,
7287,5849_B3D,Cc1ccc(=O)n(-c2ccccc2)c1,
7288,5850_B3D,Cc1ccc(C(=O)Nc2ccc(CN3CCN(C)CC3)c(C(F)(F)F)c2)cc1C#Cc1cnc2cccnn12,
7289,5851_B3D,Cc1ccc(N(CC2=NCCN2)c2cccc(O)c2)cc1,
7290,5852_B3D,Cc1ccccc1C(=O)Nc1ccc(C(=O)N2CCCC(N(C)C)c3ccccc32)cc1,
7291,5853_B3D,Cc1ccccc1C(=O)Nc1ccc(C(=O)N2CCCC(O)c3cc(Cl)ccc32)c(C)c1,
7292,5854_B3D,Cc1ccccc1N1CCN(CCc2nnc3n2CCCC3)CC1,
7293,5855_B3D,Cc1ccn(-c2cc(Cl)ccc2[C@@H](Oc2cc(-c3ccc(C[C@H](N)C(=O)O)cc3)nc(N)n2)C(F)(F)F)n1,
7294,5856_B3D,Cc1ccnc(NS(=O)(=O)c2ccc(N)cc2)n1,
7295,5857_B3D,Cc1cn(-c2cc(NC(=O)c3ccc(C)c(Nc4nccc(-c5cccnc5)n4)c3)cc(C(F)(F)F)c2)cn1,
7296,5858_B3D,Cc1cn(C2CC(O)C(CO)O2)c(=O)[nH]c1=O,
7297,5859_B3D,Cc1cn(C2OC(CO)C(O)C2F)c(=O)[nH]c1=O,
7298,5860_B3D,Cc1cn[nH]c1,
7299,5861_B3D,Cc1nc(-c2ccc(OCC(C)C)c(C#N)c2)sc1C(=O)O,
7300,5862_B3D,Cc1nc(NC(=O)N2CCC[C@H]2C(N)=O)sc1-c1ccnc(C(C)(C)C(F)(F)F)c1,
7301,5863_B3D,Cc1nc(NS(=O)(=O)c2ccc(N)cc2)oc1C,
7302,5864_B3D,Cc1nc(Nc2ncc(C(=O)Nc3c(C)cccc3Cl)s2)cc(N2CCN(CCO)CC2)n1,
7303,5865_B3D,Cc1nc2c([nH]1)CCN(C(=O)c1ccc(NC(=O)c3ccccc3-c3ccccc3)cc1)c1ccccc1-2,
7304,5866_B3D,Cc1nc2ccc(CN(C)c3ccc(C(=O)NC(CCC(=O)O)C(=O)O)s3)cc2c(=O)[nH]1,
7305,5867_B3D,Cc1ncc(CO)c(C=O)c1O,
7306,5868_B3D,Cc1nccn1CCC(C(N)=O)(c1ccccc1)c1ccccc1,
7307,5869_B3D,Cc1nnc(C(C)C)n1C1CC2CCC(C1)N2CCC(NC(=O)C1CCC(F)(F)CC1)c1ccccc1,
7308,5870_B3D,Cc1oc(=O)oc1CN1CCN(c2cc3c(cc2F)c(=O)c(C(=O)O)c2n3C(C)S2)CC1,
7309,5871_B3D,Clc1cc(Cl)c(OCC#CI)cc1Cl,
7310,5872_B3D,Clc1cc(Cl)c2c(c1)CCc1ccccc1C2n1ccnc1,
7311,5873_B3D,Clc1ccc(C(Cn2ccnc2)OCc2ccc(Sc3ccccc3)cc2)c(Cl)c1,
7312,5874_B3D,Clc1ccc(C(Cn2ccnc2)OCc2csc3c(Cl)cccc23)c(Cl)c1,
7313,5875_B3D,Clc1ccc(CCC(Cn2ccnc2)Sc2c(Cl)cccc2Cl)cc1,
7314,5876_B3D,Clc1ccc(CSC(Cn2ccnc2)c2ccc(Cl)cc2Cl)cc1,
7315,5877_B3D,Clc1ccc2nsnc2c1NC1=NCCN1,
7316,5878_B3D,Cn1c(=O)cc(N2CCCC(N)C2)n(Cc2ccccc2C#N)c1=O,
7317,5879_B3D,Cn1c(NCCN(CCO)CCCc2ccc([N+](=O)[O-])cc2)cc(=O)n(C)c1=O,
7318,5880_B3D,Cn1ncnc1[C@H]1c2n[nH]c(=O)c3cc(F)cc(c23)N[C@@H]1c1ccc(F)cc1,
7319,5881_B3D,Cn1nnnc1SCC1=C(C(=O)O)N2C(=O)[C@@H](NC(=O)[C@H](OC=O)c3ccccc3)[C@H]2SC1,
7320,5882_B3D,FC(F)(F)C(F)(F)C(F)(F)F,
7321,5883_B3D,Fc1ccc(C(c2ccccc2)(c2ccccc2F)n2ccnc2)cc1,
7322,5884_B3D,N#CC(CCN1CCC(C(=O)O)(c2ccccc2)CC1)(c1ccccc1)c1ccccc1,
7323,5885_B3D,N#CC1CC2CC2N1C(=O)C(N)C12CC3CC(CC(O)(C3)C1)C2,
7324,5886_B3D,N#CC1CCCN1C(=O)CNC12CC3CC(CC(O)(C3)C1)C2,
7325,5887_B3D,N#CCC(C1CCCC1)n1cc(-c2ncnc3[nH]ccc23)cn1,
7326,5888_B3D,N#Cc1ccc2[nH]cc(CCCCN3CCN(c4ccc5oc(C(N)=O)cc5c4)CC3)c2c1,
7327,5889_B3D,N=C(N)N,
7328,5890_B3D,N=C(N)N1CCc2ccccc2C1,
7329,5891_B3D,N=C(N)c1ccc(C=Cc2ccc(C(=N)N)cc2O)cc1,
7330,5892_B3D,NC(=NCCCCCCN=C(N)N=C(N)Nc1ccc(Cl)cc1)N=C(N)Nc1ccc(Cl)cc1,
7331,5893_B3D,NC(=O)N/N=C\c1ccc([N+](=O)[O-])o1,
7332,5894_B3D,NC(CC(=O)N1CCn2c(nnc2C(F)(F)F)C1)Cc1cc(F)c(F)cc1F,
7333,5895_B3D,NC(CCC(=O)NC(CS)C(=O)NCC(=O)O)C(=O)O,
7334,5896_B3D,NC(CSSCC(N)C(=O)O)C(=O)O,
7335,5897_B3D,NC(Cn1ccc(=O)c(O)c1)C(=O)O,
7336,5898_B3D,NC1CCCCC1N,
7337,5899_B3D,NC1CCCCN(c2c(F)cc3c(=O)c(C(=O)O)cn(C4CC4)c3c2Cl)C1,
7338,5900_B3D,NC1CCN(c2nc3c(cc2F)c(=O)c(C(=O)O)cn3-c2ccc(F)cc2F)C1,
7339,5901_B3D,NCCCNCCCCNCCCN,
7340,5902_B3D,NCCNCCNCCNCCN,
7341,5903_B3D,NCCc1ccn[nH]1,
7342,5904_B3D,NCCc1cnc[nH]1,
7343,5905_B3D,NCc1ccc(S(N)(=O)=O)cc1,
7344,5906_B3D,Nc1ccc(C(=O)NCC(=O)O)cc1,
7345,5907_B3D,Nc1ccc(S(=O)(=O)Nc2nccs2)cc1,
7346,5908_B3D,Nc1ccc(S(N)(=O)=O)cc1,
7347,5909_B3D,Nc1ccc2cc3ccc(N)cc3nc2c1,
7348,5910_B3D,Nc1ccn(C2OC(CO)C(O)C2(F)F)c(=O)n1,
7349,5911_B3D,Nc1ccncc1,
7350,5912_B3D,Nc1nc(/C(=C/CC(=O)O)C(=O)NC2C(=O)N3C(C(=O)O)=CCSC23)cs1,
7351,5913_B3D,Nc1nc(CC(=O)Nc2ccc(CCNCC(O)c3ccccc3)cc2)cs1,
7352,5914_B3D,Nc1nc(Cl)nc2c1ncn2C1OC(CO)C(O)C1F,
7353,5915_B3D,Nc1nc(F)nc2c1ncn2C1OC(COP(=O)(O)O)C(O)C1O,
7354,5916_B3D,Nc1nc2[nH]cc(CCc3ccc(C(=O)NC(CCC(=O)O)C(=O)O)cc3)c2c(=O)[nH]1,
7355,5917_B3D,Nc1nc2c(c(=O)[nH]1)NC(CNc1ccc(C(=O)NC(CCC(=O)O)C(=O)O)cc1)CN2,
7356,5918_B3D,Nc1ncn(C2CC(O)C(CO)O2)c(=O)n1,
7357,5919_B3D,Nc1ncnc2c1ncn2C1OC(COP(=O)(O)O)C(O)C1O,
7358,5920_B3D,Nc1ncnc2c1ncn2C1OC(COP(=O)(O)OP(=O)(O)OP(=O)(O)O)C(O)C1O,
7359,5921_B3D,Nc1ncnc2nc[nH]c12,
7360,5922_B3D,O=C(/C=C\n1cnc(-c2cc(C(F)(F)F)cc(C(F)(F)F)c2)n1)NNc1cnccn1,
7361,5923_B3D,O=C(CCCc1ccccc1)OCC(COC(=O)CCCc1ccccc1)OC(=O)CCCc1ccccc1,
7362,5924_B3D,O=C(C[S+]([O-])Cc1ccco1)NC/C=C/COc1cc(CN2CCCCC2)ccn1,
7363,5925_B3D,O=C(NCC(O)CO)c1c(I)c(C(=O)NCC(O)CO)c(I)c(N(CCO)C(=O)CO)c1I,
7364,5926_B3D,O=C(NCC1CN(c2ccc(N3CCOCC3=O)cc2)C(=O)O1)c1ccc(Cl)s1,
7365,5927_B3D,O=C(NCCS(=O)(=O)O)c1cccs1,
7366,5928_B3D,O=C(Nc1c(Cl)cncc1Cl)c1ccc(OC(F)F)c(OCC2CC2)c1,
7367,5929_B3D,O=C(Nc1ccc2c(=O)cc(-c3nn[nH]n3)oc2c1)c1ccc(OCCCCc2ccccc2)cc1,
7368,5930_B3D,O=C(O)/C=C/c1ccc(Cn2ccnc2)cc1,
7369,5931_B3D,O=C(O)C(CC(=O)N1CC2CCCCC2C1)Cc1ccccc1,
7370,5932_B3D,O=C(O)CCCO,
7371,5933_B3D,O=C(O)CN(CCN(CC(=O)O)CC(=O)O)CCN(CC(=O)O)C(COCc1ccccc1)C(=O)O,
7372,5934_B3D,O=C(O)CN(CCN(CC(=O)O)CC(=O)O)CCN(CC(=O)O)CC(=O)O,
7373,5935_B3D,O=C(O)c1ccc(-n2nc(-c3ccccc3O)nc2-c2ccccc2O)cc1,
7374,5936_B3D,O=C(O)c1ccc2nc(-c3cc(Cl)cc(Cl)c3)oc2c1,
7375,5937_B3D,O=C(OC1CC2CCC(C1)[N+]21CCCC1)C(O)(c1ccccc1)c1ccccc1,
7376,5938_B3D,O=C(OC1CN2CCC1CC2)N1CCc2ccccc2C1c1ccccc1,
7377,5939_B3D,O=C(OC1C[N+]2(CCCOc3ccccc3)CCC1CC2)C(O)(c1cccs1)c1cccs1,
7378,5940_B3D,O=C(OCCN1CCN(c2cccc(C(F)(F)F)c2)CC1)c1ccccc1Nc1ccnc2cc(C(F)(F)F)ccc12,
7379,5941_B3D,O=C(OCc1ccccc1)c1ccccc1,
7380,5942_B3D,O=C(OOC(=O)c1ccccc1)c1ccccc1,
7381,5943_B3D,O=C1C(CCC(O)c2ccc(F)cc2)C(c2ccc(O)cc2)N1c1ccc(F)cc1,
7382,5944_B3D,O=C1CC=NN1c1ccccc1,
7383,5945_B3D,O=C1CN(/N=C\c2ccc(-c3ccc([N+](=O)[O-])cc3)o2)C(=O)N1,
7384,5946_B3D,O=C1N(Cc2ccccc2)C2C[S+]3CCCC3C2N1Cc1ccccc1,
7385,5947_B3D,O=C1OC(CO)C(O)C(O)C1O,
7386,5948_B3D,O=C1OCCN1/N=C\c1ccc([N+](=O)[O-])o1,
7387,5949_B3D,O=C1c2c(O)ccc(O)c2C(=O)c2c(NCCNCCO)ccc(NCCNCCO)c21,
7388,5950_B3D,O=P(O)(O)C(Cl)(Cl)P(=O)(O)O,
7389,5951_B3D,O=P(O)(O)C(O)(Cc1cccnc1)P(=O)(O)O,
7390,5952_B3D,O=P(O)(O)C(O)(Cn1ccnc1)P(=O)(O)O,
7391,5953_B3D,O=S(=O)(O)OC1C(O)COC(OC2COC(O)C(OS(=O)(=O)O)C2OS(=O)(=O)O)C1OS(=O)(=O)O,
7392,5954_B3D,O=S1(=O)CCN(CN2CCS(=O)(=O)NC2)CN1,
7393,5955_B3D,O=[N+]([O-])OC1COC2C(O[N+](=O)[O-])COC12,
7394,5956_B3D,O=c1[nH]c(=O)n(C2CC(O)C(CO)O2)cc1C(F)(F)F,
7395,5957_B3D,O=c1[nH]c(=O)n(C2CC(O)C(CO)O2)cc1F,
7396,5958_B3D,O=c1[nH]c(=O)n(C2CC(O)C(CO)O2)cc1I,
7397,5959_B3D,OC1COC(O)C(O)C1O,
7398,5960_B3D,OC1COC2C(O)COC12,
7399,5961_B3D,OCC(S)CS,
7400,5962_B3D,OCC1OC(OC2C(CO)OC(O)(CO)C2O)C(O)C(O)C1O,
7401,5963_B3D,Oc1c(Cl)cc(Cl)c2cccnc12,
7402,5964_B3D,Oc1c(Cl)cc(Cl)cc1Cc1c(O)c(Cl)cc(Cl)c1Cl,
7403,5965_B3D,Oc1cccc(-c2c3nc(c(-c4cccc(O)c4)c4ccc([nH]4)c(-c4cccc(O)c4)c4nc(c(-c5cccc(O)c5)c5ccc2[nH]5)CC4)C=C3)c1,
7404,5966_B3D,Oc1ccccc1,
7405,5967_B3D,On1ccccc1=S,
7406,5968_B3D,c1cc(CN2CCCNCCNCCCNCC2)ccc1CN1CCCNCCNCCCNCC1,
7407,5969_B3D,c1ccc(-c2ccc(C(c3ccccc3)n3ccnc3)cc2)cc1,
7408,5970_B3D,C#CC1(OC[C@H](O)CN2CCN(c3ccc(F)cc3)CC2)CCCCC1,
7409,5971_B3D,C#C[C@@H](OC(N)=O)c1ccccc1,
7410,5972_B3D,C#C[C@@](C)(O)CC,
7411,5973_B3D,C#C[C@@]1(O)CC[C@@H]2[C@H]3CCC4=Cc5c(cnn5-c5ccc(F)cc5)C[C@@]4(C)[C@@H]3CC[C@@]21C,
7412,5974_B3D,C#C[C@](O)(/C=C/Cl)CC,
7413,5975_B3D,C#C[C@]1(O)CC[C@H]2[C@@H]3[C@H](C)CC4=C(CCC(=O)C4)[C@@H]3CC[C@@]21C,
7414,5976_B3D,C#[S@]1(C[C@H]2O[C@H](n3cnc4c3NC=N[C@@H]4N)[C@@H](O)[C@@H]2O)CC[C@H](N)C(=O)O1,
7415,5977_B3D,C/C=C/C(=O)N(CCC)[C@H](CC)C(=O)N(C)C,
7416,5978_B3D,C/C=C/C=C/[C@H]1O[C@@](O)([C@@H](CC)C(=O)NC/C=C/C=C(\C)[C@@H](OC)[C@@H](C)[C@H]2O[C@@H](/C=C/C=C/C=C(\C)C(=O)c3c(O)ccn(C)c3=O)[C@@H](O)[C@@H]2O)[C@H](O)[C@@H](O[C@H]2O[C@H](C)[C@H](O[C@H]3O[C@@H](C)[C@H](OC)[C@@H](O)[C@@H]3OC)[C@@H](OC)[C@@H]2O)C1(C)C,
7417,5979_B3D,C/C=C/C[C@H](C)[C@@H](O)[C@@H]1C(=O)N[C@@H](CC)C(=O)N(C)CC(=O)N(C)[C@H](CC(C)C)C(=O)N[C@@H](C(C)C)C(=O)N(C)[C@H](CC(C)C)C(=O)N[C@@H](C)C(=O)N[C@H](C)C(=O)N(C)[C@H](CC(C)C)C(=O)N(C)[C@H](CC(C)C)C(=O)N(C)[C@@H](C(C)C)C(=O)N1C,
7418,5980_B3D,C1=CCc2c([nH]c3c2[C@@H](Cc2ccccc2)NCC3)C1,
7419,5981_B3D,C1=Cc2cccc(OC[C@H]3CNCCO3)c2C1,
7420,5982_B3D,C=C(C(=O)COC(=O)c1ccncc1)[C@]1(C)C[C@@H](O)[C@H]2[C@@H](CCC3=CC(=O)CC[C@@]32C)[C@]12CO[C@H](/C=C/C)O2,
7421,5983_B3D,C=C1CC[C@@]2(O)[C@@H]3Cc4ccc(O)c5c4[C@]2(CCN3CC2CC2)[C@@H]1O5,
7422,5984_B3D,C=C1C[C@@H](C)[C@@H]2[C@H]3Cc4ccc(O)cc4[C@@]2(CCN3CC2CCC2)C1,
7423,5985_B3D,C=C1C[C@@H]2[C@H]3C=CC4=CC(=O)CC[C@@]4(C)[C@H]3[C@@H](O)C[C@@]2(C)[C@]1(O)C(=O)CO,
7424,5986_B3D,C=C1C[C@@H]2[C@H]3CCC4=CC(=O)C=C[C@@]4(C)[C@]3(F)[C@@H](O)C[C@@]2(C)[C@]1(O)C(=O)CO,
7425,5987_B3D,C=C1C[C@H]2[C@@H]3CCC4=CC(=O)C=C[C@]4(C)[C@H]3[C@@H](O)C[C@@]2(C)[C@]1(O)C(=O)CO,
7426,5988_B3D,C=C1c2c(Cl)ccc(O)c2C(=O)C2=C(O)[C@@]3(O)C(=O)C(C(N)=O)=C(O)[C@H](N(C)C)[C@@H]3[C@H](O)[C@H]12,
7427,5989_B3D,C=C1c2cccc(O)c2C(=O)C2=C(O)[C@@]3(O)C(=O)C(C(N)=O)=C(O)[C@H](N(C)C)[C@@H]3[C@H](O)[C@H]12,
7428,5990_B3D,C=CC1([C@H](C)CCC)C(=O)NC(=O)NC1=O,
7429,5991_B3D,C=CC1=C(C(=O)O)N2C(=O)[C@@H](NC(=O)/C(=N\O)c3csc(N)n3)[C@@H]2SC1,
7430,5992_B3D,C=CC1=C(C(=O)O)N2C(=O)[C@H](NC(=O)/C(=N\OCC(=O)O)c3csc(N)n3)[C@H]2SC1,
7431,5993_B3D,C=CCC1([C@H](C)CC)C(=O)NC(=O)NC1=O,
7432,5994_B3D,C=CCC1([C@H](C)CCC)C(=O)NC(=S)NC1=O,
7433,5995_B3D,C=CCC1([C@H]2C=CCCC2)C(=O)NC(=S)NC1=O,
7434,5996_B3D,C=CCN1C(=O)O[C@H](C)C1=O,
7435,5997_B3D,C=CCN1CCC[C@@H]1CNC(=O)c1cc(S(N)(=O)=O)cc(OC)c1OC,
7436,5998_B3D,C=CCN1CC[C@@]23CCCC[C@H]2[C@@H]1Cc1ccc(O)cc13,
7437,5999_B3D,C=CCN1CC[C@@]23c4c5ccc(O)c4[C@](O)(CCC)[C@H]4C[C@@]2(C=C[C@@]4(OC)[C@@H]3OC)[C@H]1C5,
7438,6000_B3D,C=CCN1CC[C@@]23c4c5ccc(OC(C)=O)c4O[C@@H]2[C@@H](OC(C)=O)C=C[C@@H]3[C@@H]1C5,
7439,6001_B3D,C=CCN1CC[C@]23c4c5ccc(O)c4O[C@H]2C(=O)CC[C@]3(O)[C@H]1C5,
7440,6002_B3D,C=CCN1C[C@H](C(=O)N(CCCN(C)C)C(=O)NCC)C[C@@H]2c3cccc4[nH]cc(c34)C[C@@H]21,
7441,6003_B3D,C=CCSCC(=O)N[C@@H]1C(=O)N2[C@H]1SC(C)(C)[C@H]2C(=O)O,
7442,6004_B3D,C=CC[C@@H](N)Cc1ccccc1,
7443,6005_B3D,C=CC[C@@H]1/C=C(/C)C[C@@H](C)C[C@H](OC)[C@@H]2O[C@](O)(C(=O)C(=O)N3CCCC[C@@H]3C(=O)O[C@H](/C(C)=C/[C@H]3CC[C@H](O)[C@@H](OC)C3)[C@@H](C)[C@H](O)CC1=O)[C@H](C)C[C@@H]2OC,
7444,6006_B3D,C=CC[C@]1([C@H](C)C#CCC)C(=O)NC(=O)N(C)C1=O,
7445,6007_B3D,C=CC[C@]1([C@H](C)C#CCC)C(=O)N[C@H](O)N(C)[C@H]1O,
7446,6008_B3D,C=C[C@H]1O[C@H]2C[C@H]3[C@@H]4CCC5=CC(=O)C=C[C@@]5(C)[C@]4(F)[C@@H](O)C[C@]3(C)[C@@]2(C(=O)CO)O1,
7447,6009_B3D,C=C[C@](C)(O)C(C)(C)C.COC12CC3(C1)[C@H]1Cc4ccc(O)c5c4[C@@]3(CCN1CC1CC1)[C@H]2O5,
7448,6010_B3D,C=N[C@@H](C(=O)N[C@H]1C(=O)N2[C@@H]1SC(C)(C)[C@H]2C(=O)O)c1ccccc1,
7449,6011_B3D,CC(=O)C1=C(O)[C@]2(O)C(=O)c3c(c(C)c4ccc(C)c(O)c4c3O)C[C@H]2[C@H](N)C1=O,
7450,6012_B3D,CC(=O)CC(=O)[C@@]1(O)CC[C@@H]2[C@H]3CCC4=CC(=O)C=C[C@@]4(C)[C@]3(Cl)[C@@H](Cl)C[C@@]21C,
7451,6013_B3D,CC(=O)CC(=O)[C@]12OC(C)(C)O[C@H]1C[C@H]1[C@@H]3CC(C#N)=C4C=C(OCCCl)CC[C@]4(C)[C@@]3(F)[C@H](O)C[C@]12C,
7452,6014_B3D,CC(=O)N1CCN(C(=O)Cc2ccc([S@+](C)[O-])cc2)[C@@H](CN2CC[C@H](O)C2)C1,
7453,6015_B3D,CC(=O)N[C@H](CCC(N)=O)C(=O)O,
7454,6016_B3D,CC(=O)OCC(=O)[C@@]1(O)CC[C@@H]2[C@H]3CCC4=CC(=O)C=C[C@@]4(C)[C@@H]3[C@H](O)C[C@@]21C,
7455,6017_B3D,CC(=O)OCC(=O)[C@@]1(O)CC[C@@H]2[C@H]3CCC4=CC(=O)CC[C@@]4(C)[C@@H]3C(=O)C[C@@]21C,
7456,6018_B3D,CC(=O)OCC(=O)[C@@]1(O)CC[C@@H]2[C@H]3C[C@@H](C)C4=CC(=O)C=C[C@@]4(C)[C@@H]3[C@H](O)C[C@@]21C,
7457,6019_B3D,CC(=O)OCC(=O)[C@@]1(O)CC[C@H]2[C@@H]3CCC4=CC(=O)C=C[C@]4(C)[C@@]3(F)[C@H](O)C[C@@]21C,
7458,6020_B3D,CC(=O)OCC(=O)[C@@]1(O)CC[C@H]2[C@@H]3CCC4=CC(=O)CC[C@]4(C)[C@@]3(F)[C@H](O)C[C@@]21C,
7459,6021_B3D,CC(=O)OCC(=O)[C@@]1(O)[C@@H](OC(C)=O)C[C@H]2[C@@H]3CCC4=CC(=O)C=C[C@]4(C)[C@@]3(F)[C@H](O)C[C@@]21C,
7460,6022_B3D,CC(=O)OCC(=O)[C@@]1(OC(C)=O)CC[C@H]2[C@@H]3C[C@H](F)C4=CC(=O)C(Br)=C[C@]4(C)[C@@]3(F)[C@H](O)C[C@@]21C,
7461,6023_B3D,CC(=O)OCC(=O)[C@@]1(OC(C)=O)[C@@H](C)C[C@H]2[C@@H]3C[C@H](F)C4=CC(=O)C=C[C@]4(C)[C@@]3(F)[C@H](O)C[C@@]21C,
7462,6024_B3D,CC(=O)OCC(=O)[C@@]12N=C(C)O[C@H]1C[C@H]1[C@@H]3CCC4=CC(=O)C=C[C@]4(C)[C@@]3(F)[C@H](O)C[C@@]12C,
7463,6025_B3D,CC(=O)OCC(=O)[C@@]12OC(C)(C)O[C@@H]1C[C@H]1[C@@H]3C[C@H](F)C4=CC(=O)C=C[C@]4(C)[C@H]3[C@@H](O)C[C@]12C,
7464,6026_B3D,CC(=O)OCC(=O)[C@H]1[C@@H](C)C[C@@H]2[C@H]3C[C@H](F)C4=CC(=O)C=C[C@@]4(C)[C@]3(Cl)[C@@H](O)C[C@]12C,
7465,6027_B3D,CC(=O)OCC(=O)[C@]1(O)CC[C@H]2[C@@H]3CCC4=CC(=O)CC[C@]4(C)[C@H]3[C@H](O)C[C@]21C,
7466,6028_B3D,CC(=O)OCC(=O)[C@]1(O)CC[C@H]2[C@@H]3C[C@H](Cl)C4=CC(=O)C=C[C@@]4(C)[C@H]3C(=O)C[C@]21C,
7467,6029_B3D,CC(=O)OCC(=O)[C@]1(O)[C@H](C)C[C@@H]2[C@H]3CCC4=CC(=O)C=C[C@@]4(C)[C@]3(F)[C@@H](O)C[C@]21C,
7468,6030_B3D,CC(=O)OCC(=O)[C@]1(O)[C@H](C)C[C@H]2[C@@H]3C=C(C)C4=Cc5c(cnn5-c5ccccc5)C[C@@]4(C)[C@@H]3[C@@H](O)C[C@]21C,
7469,6031_B3D,CC(=O)OCC(=O)[C@]1(O)[C@H](C)C[C@H]2[C@@H]3CC(F)(F)C4=CC(=O)C=C[C@]4(C)[C@@]3(F)[C@H](O)C[C@]21C,
7470,6032_B3D,CC(=O)OCC(=O)[C@]1(O)[C@H](C)C[C@H]2[C@@H]3C[C@H](F)C4=CC(=O)C=C[C@]4(C)[C@H]3[C@@H](O)C[C@]21C,
7471,6033_B3D,CC(=O)OCC(=O)[C@]1(OC(=O)C(C)C)[C@H](C)C[C@H]2[C@@H]3CCC4=CC(=O)C=C[C@]4(C)[C@@]3(F)[C@H](O)C[C@]21C,
7472,6034_B3D,CC(=O)OCC(=O)[C@]1(OC(=O)c2ccco2)[C@H](C)C[C@H]2[C@@H]3CCC4=CC(=O)C=C[C@]4(C)[C@@]3(F)[C@H](O)C[C@]21C,
7473,6035_B3D,CC(=O)OCC(=O)[C@]12N=C(C)O[C@H]1C[C@H]1[C@@H]3CCC4=CC(=O)C=C[C@]4(C)[C@H]3[C@@H](O)C[C@]12C,
7474,6036_B3D,CC(=O)OCC(=O)[C@]12OC(C)(C)O[C@@H]1C[C@H]1[C@@H]3C[C@H](F)C4=CC(=O)C=C[C@]4(C)[C@@]3(F)[C@H](O)C[C@@]12C,
7475,6037_B3D,CC(=O)OCC(=O)[C@]12OC(C)(C)O[C@H]1C[C@@H]1[C@H]3CC(C=O)=C4C=C(OCCCl)CC[C@]4(C)[C@]3(F)[C@@H](O)C[C@@]12C,
7476,6038_B3D,CC(=O)OCC(=O)[C@]12OC3(CCCC3)O[C@@H]1C[C@H]1[C@@H]3CCC4=CC(=O)C=C[C@@]4(C)[C@]3(F)[C@@H](O)C[C@]12C,
7477,6039_B3D,CC(=O)OCC(CCn1cnc2c1NC(N)=NC2)COC(C)=O,
7478,6040_B3D,CC(=O)OCC1=C(C(=O)O)N2C(=O)[C@H](NC(=O)CC#N)[C@H]2SC1,
7479,6041_B3D,CC(=O)OCC1=C(C(=O)O)N2C(=O)[C@H](NC(=O)Cc3ccccc3)[C@H]2SC1,
7480,6042_B3D,CC(=O)OCC1=C(C(=O)O)N2C(=O)[C@H](NC(=O)Cc3cccs3)[C@H]2SC1,
7481,6043_B3D,CC(=O)OCC1=C(C(=O)O)N2C(=O)[C@H](NC(=O)[C@@H](N)c3ccccc3)[C@H]2SC1,
7482,6044_B3D,CC(=O)OCC1=C(C(=O)O)N2C(=O)[C@H](NC(=O)c3c(-c4ccccc4Cl)noc3C)[C@H]2SC1,
7483,6045_B3D,CC(=O)OCC1=CO[C@H](OC(=O)CC(C)(C)OC(C)=O)[C@H]2C1=C[C@H](OC(=O)CC(C)C)[C@@]21CO1,
7484,6046_B3D,CC(=O)OCC1=CO[C@H](OC(=O)CC(C)C)[C@@H]2C1=C[C@@H](OC(=O)CC(C)C)[C@]21CO1,
7485,6047_B3D,CC(=O)OCOC(=O)[C@H]1N2C(=O)[C@@H](NC(=O)Cc3ccccc3)[C@@H]2SC1(C)C,
7486,6048_B3D,CC(=O)O[C@@H](C)C(=O)[C@@]1(O)CC[C@@H]2[C@H]3CCC4=CC(=O)C=C[C@@]4(C)[C@]3(F)[C@@H](O)C[C@@]21C,
7487,6049_B3D,CC(=O)O[C@@H]1/C=C\C(C)=C/C[C@H](O)/C=C/C(C)=C\[C@@H](NC(=O)C(C)=O)[C@]2(C)C(=O)O[C@H](C1)[C@@H](C)C2=O,
7488,6050_B3D,CC(=O)O[C@@H]1C[C@@H]2C(COC(=O)CC(C)C)=CO[C@@H](OC(=O)CC(C)C)[C@H]2[C@@]12CO2,
7489,6051_B3D,CC(=O)O[C@H]1C(=O)[C@]2(C)[C@H](O)C[C@H]3OC[C@]3(OC(C)=O)[C@H]2[C@H](OC(=O)c2ccccc2)[C@@]2(O)C[C@@H](OC(=O)[C@@H](O)[C@@H](NC(=O)c3ccccc3)c3ccccc3)[C@@H](C)[C@@H]1C2(C)C,
7490,6052_B3D,CC(=O)O[C@H]1CC[C@]2(C)[C@@H]3CC[C@@]4(C)[C@H]([C@@H](C)CCCC(C)C)CC[C@H]4[C@@H]3C[C@H](Br)[C@@]2(Br)C1,
7491,6053_B3D,CC(=O)O[C@H]1C[C@@]2(C)[C@H](C[C@H](O)[C@H]3[C@]2(C)CC[C@H]2[C@H](C)[C@@H](O)CC[C@]23C)/C1=C(\CCC=C(C)C)C(=O)O,
7492,6054_B3D,CC(=O)O[C@]1(C(C)=O)CC[C@H]2[C@@H]3C[C@H](C)C4=CC(=O)C=C[C@]4(C)[C@@]3(F)[C@H](O)C[C@@]21C,
7493,6055_B3D,CC(=O)O[C@]12CO[C@H]1C[C@H](O)[C@]1(C)C(=O)[C@H](O)[C@H]3[C@@H](C)[C@@H](OC(=O)[C@H](O)[C@H](NC(=O)OC(C)(C)C)c4ccccc4)C[C@@](O)([C@@H](OC(=O)c4ccccc4)[C@H]21)C3(C)C,
7494,6056_B3D,CC(=O)Oc1ccc2c3c1O[C@H]1[C@H](OC(C)=O)C=C[C@H]4[C@@H](C2)N(C)CC[C@@]341,
7495,6057_B3D,CC(=O)[C@@H]1CC[C@@H]2[C@@H]3CC=C4C[C@H](OC(=O)CCC(=O)O)CC[C@]4(C)[C@@H]3CC[C@@]12C,
7496,6058_B3D,CC(=O)[C@@H]1CC[C@@H]2[C@H]3CC[C@@H]4C[C@H](O)CC[C@@]4(C)[C@@H]3C(=O)C[C@@]12C,
7497,6059_B3D,CC(=O)[C@@H]1CC[C@H]2[C@@H]3CC[C@H]4C[C@@H](O)CC[C@]4(C)[C@@H]3CC[C@]21C,
7498,6060_B3D,CC(=O)[C@@H]1CC[C@H]2[C@@H]3C[C@H](C)C4=CC(=O)C=C[C@@]4(C)[C@H]3[C@@H](O)C[C@]21C,
7499,6061_B3D,CC(=O)[C@@]1(O)CC[C@@H]2[C@H]3CCC4=CC(=O)C=C[C@@]4(C)[C@@H]3[C@H](O)C[C@@]21C,
7500,6062_B3D,CC(=O)[C@@]1(O)CC[C@H]2[C@@H]3C[C@H](C)C4=CC(=O)C=C[C@]4(C)[C@@]3(F)[C@H](O)C[C@@]21C,
7501,6063_B3D,CC(=O)[C@H]1CC[C@@H]2[C@H]3CC[C@@H]4C[C@@](C)(O)CC[C@@]4(C)[C@H]3CC[C@]12C,
7502,6064_B3D,CC(=O)[C@H]1CC[C@H]2[C@@H]3C[C@H](O)[C@]45C[C@H]4CC[C@]5(C)[C@H]3CC[C@]12C,
7503,6065_B3D,CC(=O)[C@]1(N)Cc2c(O)c3c(c(O)c2[C@H](O[C@H]2C[C@@H](O)[C@@H](O)CO2)C1)C(=O)c1ccccc1C3=O,
7504,6066_B3D,CC(=O)[C@]1(O)Cc2c(O)c3c(c(O)c2[C@@H](O[C@H]2C[C@H](N)[C@@H](O)[C@H](C)O2)C1)C(=O)c1c(O)cccc1C3=O,
7505,6067_B3D,CC(=O)[C@]1(O)Cc2c(O)c3c(c(O)c2[C@@H](O[C@H]2C[C@H](N)[C@@H](O)[C@H](C)O2)C1)C(=O)c1ccccc1C3=O,
7506,6068_B3D,CC(=O)[C@]1(O)[C@H](C)C[C@H]2[C@@H]3CCC4=CC(=O)C=C[C@]4(C)[C@@]3(F)[C@H](O)C[C@]21C,
7507,6069_B3D,CC(=O)[C@]1(O)[C@H](O)C[C@H]2[C@@H]3CCC4=CC(=O)CC[C@@]4(C)[C@H]3CC[C@]21C,
7508,6070_B3D,CC(=O)[C@]12OC(C)(C)O[C@H]1C[C@@H]1[C@H]3CCC4=CC(=O)CC[C@@]4(C)[C@H]3CC[C@@]12C,
7509,6071_B3D,CC(=O)[C@]12OC(C)(C)O[C@H]1C[C@H]1[C@@H]3CCC4=CC(=O)C=C[C@]4(C)[C@@]3(F)[C@H](O)C[C@@]12C,
7510,6072_B3D,CC(=O)c1ccc([C@@H](O)[C@H](CO)NC(=O)C(Cl)Cl)cc1,
7511,6073_B3D,CC(C)(C)C(=O)OCOC(=O)[C@@H]1N2C(=O)[C@H](NC(=O)[C@H](N)c3ccccc3)[C@@H]2SC1(C)C,
7512,6074_B3D,CC(C)(C)C(=O)OCOC(=O)[C@H]1N2C(=O)[C@H](N=CN3CCCCCC3)[C@@H]2SC1(C)C,
7513,6075_B3D,CC(C)(C)C(=O)SCC(=O)[C@]1(O)CC[C@H]2[C@@H]3CCC4=CC(=O)CC[C@@]4(C)[C@H]3[C@@H](O)C[C@]21C,
7514,6076_B3D,CC(C)(C)CC(=O)OCC(=O)[C@@]1(O)CC[C@@H]2[C@H]3CCC4=CC(=O)C=C[C@@]4(C)[C@@H]3[C@H](O)C[C@@]21C,
7515,6077_B3D,CC(C)(C)CC(=O)OCC(=O)[C@]12OC(C)(C)O[C@H]1C[C@@H]1[C@H]3CC4=CC(=O)C=C[C@@]4(C)[C@]3(F)[C@@H](O)C[C@@]12C,
7516,6078_B3D,CC(C)(C)NC(=O)[C@H]1CN(Cc2cccnc2)CCN1C[C@@H](O)C[C@@H](Cc1ccccc1)C(=O)N[C@H]1c2ccccc2C[C@@H]1O,
7517,6079_B3D,CC(C)(C)NC(=O)[C@H]1C[C@@H]2CCCC[C@H]2CN1C[C@H](O)[C@@H](Cc1ccccc1)NC(=O)[C@H](CC(N)=O)NC(=O)c1ccc2ccccc2n1,
7518,6080_B3D,CC(C)(C)NC[C@@H](O)COc1cccc2c1C[C@H](O)[C@@H](O)C2,
7519,6081_B3D,CC(C)(C)NC[C@H](O)c1ccccc1F,
7520,6082_B3D,CC(C)(C)[C@@]1(O)CCN2C[C@@H]3c4ccccc4CCc4cccc(c43)[C@H]2C1,
7521,6083_B3D,CC(C)(C)c1ccc(CN2CCN([C@H](c3ccccc3)c3ccc(Cl)cc3)CC2)cc1,
7522,6084_B3D,CC(C)(O)C[C@@](C)(O)c1ccc(Cl)cc1,
7523,6085_B3D,CC(C)(O)[C@@](C)(O)c1ccc(Cl)cc1,
7524,6086_B3D,CC(C)(O)[C@@](C)(O)c1cccc(Cl)c1,
7525,6087_B3D,CC(C)(O/N=C(/C(=O)N[C@H]1C(=O)N2C(C(=O)O)=C(CN3C=CCC=C3)CS[C@H]12)c1csc(N)n1)C(=O)O,
7526,6088_B3D,CC(C)(Oc1ccc(Cl)cc1)C(=O)N[C@H](C(=O)N[C@@H]1C(=O)N2[C@@H]1SC(C)(C)[C@H]2C(=O)O)c1ccccc1,
7527,6089_B3D,CC(C)/N=C1\C=C2C(=C[C@@H]1Nc1ccc(Cl)cc1)Nc1ccccc1N2c1ccc(Cl)cc1,
7528,6090_B3D,CC(C)=CCN1CC[C@@]2(C)c3cc(O)ccc3C[C@H]1[C@H]2C,
7529,6091_B3D,CC(C)=CCN1CC[C@]23c4c5ccc(O)c4O[C@H]2C(=O)CC[C@]3(O)[C@H]1C5,
7530,6092_B3D,CC(C)C(=O)OCC(=O)[C@]12O[C@H](C3CCCCC3)O[C@@H]1C[C@@H]1[C@H]3CCC4=CC(=O)C=C[C@@]4(C)[C@H]3[C@@H](O)C[C@]12C,
7531,6093_B3D,CC(C)C(=O)OCc1cccc(OC(=O)[C@@H]2N3C(=O)[C@H](NC(=O)Cc4ccccc4)[C@@H]3SC2(C)C)c1,
7532,6094_B3D,CC(C)C1(C(C)C)OC[C@@H](CO)O1,
7533,6095_B3D,CC(C)CCNC[C@@H]1COc2ccccc2O1,
7534,6096_B3D,CC(C)CCO[C@@H](CN1CCCC1)c1ccccc1,
7535,6097_B3D,CC(C)C[C@@H](N)C(=O)N[C@H](CCCN)C(=O)N[C@@H](C(=O)N[C@H](CCCN)C(=O)N1CCC[C@H]1C(=O)N[C@@H](C=O)Cc1ccccc1)C(C)C,
7536,6098_B3D,CC(C)C[C@@H](NC(=O)[C@H](Cc1c[nH]c2ccccc12)NC(=O)[C@@H](CC(C)C)NC(=O)[C@H](Cc1c[nH]c2ccccc12)NC(=O)[C@@H](CC(C)C)NC(=O)[C@H](Cc1c[nH]c2ccccc12)NC(=O)[C@H](NC(=O)[C@@H](NC(=O)[C@H](NC(=O)[C@H](C)NC(=O)[C@@H](CC(C)C)NC(=O)[C@@H](C)NC(=O)CNC(=O)[C@@H](NC=O)C(C)C)C(C)C)C(C)C)C(C)C)C(=O)N[C@@H](Cc1c[nH]c2ccccc12)C(=O)NCCO,
7537,6099_B3D,CC(C)C[C@@H]1NC(=O)[C@H](CCCN)NC(=O)[C@H](C(C)C)NC(=O)[C@H]2CCCN2C(=O)[C@H](Cc2ccccc2)NC(=O)[C@@H](CC(C)C)NC(=O)[C@@H](CCCN)NC(=O)[C@H](C(C)C)NC(=O)[C@@H]2CCCN2C(=O)[C@H](Cc2ccccc2)NC1=O,
7538,6100_B3D,CC(C)C[C@H](NC(=O)[C@@H](Cc1c[nH]c2ccccc12)NC(=O)[C@@H](CC(C)C)NC(=O)[C@H](Cc1ccccc1)NC(=O)[C@@H](CC(C)C)NC(=O)[C@H](Cc1c[nH]c2ccccc12)NC(=O)[C@H](NC(=O)[C@H](NC(=O)[C@H](NC(=O)[C@@H](C)NC(=O)[C@@H](CC(C)C)NC(=O)[C@H](C)NC(=O)CNC(=O)[C@H](NC=O)C(C)C)C(C)C)C(C)C)C(C)C)C(=O)N[C@@H](Cc1c[nH]c2ccccc12)C(=O)NCCO,
7539,6101_B3D,CC(C)C[C@H](OC(=O)c1ccco1)C(=O)N[C@@H]1C(=O)N2[C@@H]1SC(C)(C)[C@H]2C(=O)O,
7540,6102_B3D,CC(C)C[C@H]1C(=O)N2CCC[C@@H]2[C@]2(O)O[C@](NC(=O)[C@@H]3C=C4c5cccc6[nH]c(Br)c(c56)C[C@H]4N(C)C3)(C(C)C)C(=O)N12,
7541,6103_B3D,CC(C)N1CCO[C@H](c2cccc(C(F)(F)F)c2)C1,
7542,6104_B3D,CC(C)N[C@H]1C2CCC(CC2)[C@@]1(O)c1ccc(Cl)c(Cl)c1,
7543,6105_B3D,CC(C)OCC(COC(C)C)OCn1cnc2c1NC(N)=NC2,
7544,6106_B3D,CC(C)[C@@H](Br)C(=O)NC(N)=O,
7545,6107_B3D,CC(C)[C@@H]1NC(=O)[C@@H](C(C)C)OC(=O)[C@@H](C(C)C)NC(=O)[C@@H](C)OC(=O)[C@@H](C(C)C)NC(=O)[C@@H](C)COC(=O)[C@@H](C(C)C)NC(=O)[C@@H](C)OC(=O)[C@H](C(C)C)NC(=O)[C@@H](C)COC(=O)[C@@H](C(C)C)NC(=O)[C@H](C)OC1=O,
7546,6108_B3D,CC(C)[C@H](N)C(=O)OC[C@@H](CO)OCn1cnc2c(=O)[nH]c(N)nc21,
7547,6109_B3D,CC(C)[C@]1(O)CCN2C[C@@H]3c4ccccc4CCc4cccc(c43)[C@@H]2C1,
7548,6110_B3D,CC(C)c1nc(CN(C)C(=O)N[C@@H](C(=O)N[C@H](Cc2ccccc2)C[C@H](O)[C@@H](Cc2ccccc2)NC(=O)OCc2cncs2)C(C)C)cs1,
7549,6111_B3D,CC(C)n1cc2c3c(cccc31)[C@@H]1C[C@H](C(=O)NC3CCCCC3)CN(C)[C@@H]1C2,
7550,6112_B3D,CC/C=C(/C(=O)N[C@H]1C(=O)N2C(C(=O)O)=C(COC(N)=O)CS[C@H]12)c1csc(N)n1,
7551,6113_B3D,CC1(C)O[C@@H]2C[C@H]3[C@@H]4C[C@H](F)C5=CC(=O)C=C[C@@]5(C)[C@H]4[C@@H](O)C[C@@]3(C)[C@]2(C(=O)CO)O1,
7552,6114_B3D,CC1(C)O[C@H]2CO[C@@]3(COS(N)(=O)=O)OC(C)(C)O[C@@H]3[C@H]2O1,
7553,6115_B3D,CC1(C)O[C@H]2C[C@@H]3[C@H]4CC5=CC(=O)C=C[C@@]5(C)[C@]4(F)[C@H](O)C[C@]3(C)[C@@]2(C(=O)COC(=O)c2cc3ccccc3o2)O1,
7554,6116_B3D,CC1(C)O[C@H]2C[C@@H]3[C@H]4CCC5=CC(=O)C=C[C@@]5(C)[C@]4(F)[C@@H](O)C[C@@]3(C)[C@@]2(C(=O)CO)O1,
7555,6117_B3D,CC1(C)O[C@H]2C[C@@H]3[C@H]4CCC5=CC(=O)C=C[C@]5(C)[C@@H]4[C@H](O)C[C@]3(C)[C@@]2(C(=O)CO)O1,
7556,6118_B3D,CC1(C)O[C@H]2C[C@@H]3[C@H]4CCC5=CC(=O)CC[C@@]5(C)[C@]4(F)[C@@H](O)C[C@]3(C)[C@@]2(C(=O)CCl)O1,
7557,6119_B3D,CC1(C)O[C@H]2C[C@@H]3[C@H]4CC[C@@H]5CC(=O)CC[C@@]5(C)[C@]4(F)[C@@H](O)C[C@]3(C)[C@@]2(C(=O)CO)O1,
7558,6120_B3D,CC1(C)O[C@H]2C[C@@H]3[C@H]4C[C@@H](F)C5=CC(=O)C=C[C@]5(C)[C@@]4(F)[C@H](O)C[C@@]3(C)[C@@]2(C(=O)CO)O1,
7559,6121_B3D,CC1(C)O[C@H]2C[C@@H]3[C@H]4C[C@@H](F)C5=CC(=O)C=C[C@]5(C)[C@@]4(F)[C@H](O)C[C@@]3(C)[C@]2(C(=O)COC(=O)C2CC2)O1,
7560,6122_B3D,CC1(C)O[C@H]2C[C@@H]3[C@H]4C[C@@H](F)C5=CC(=O)CC[C@]5(C)[C@@H]4[C@H](O)C[C@]3(C)[C@@]2(C(=O)CO)O1,
7561,6123_B3D,CC1(C)O[C@H]2C[C@@H]3[C@H]4C[C@H](F)C5=CC(=O)C=C[C@@]5(C)[C@]4(Cl)[C@@H](Cl)C[C@@]3(C)[C@@]2(C(=O)CCl)O1,
7562,6124_B3D,CC1(C)O[C@H]2C[C@@H]3[C@H]4C[C@H](F)C5=CC(=O)C=C[C@@]5(C)[C@]4(Cl)[C@@H](Cl)C[C@@]3(C)[C@@]2(C(=O)CF)O1,
7563,6125_B3D,CC1(C)O[C@H]2C[C@@H]3[C@H]4C[C@H](F)C5=CC(=O)C=C[C@@]5(C)[C@]4(Cl)[C@@H](Cl)C[C@@]3(C)[C@@]2(C(=O)CO)O1,
7564,6126_B3D,CC1(C)S[C@@H]2[C@@H](N=CN3CCCCCC3)C(=O)N2[C@H]1C(=O)O,
7565,6127_B3D,CC1(C)S[C@@H]2[C@@H](NC(=O)C3(N)CCCCC3)C(=O)N2[C@@H]1C(=O)O,
7566,6128_B3D,CC1(C)S[C@@H]2[C@@H](NC(=O)CCC[C@@H](N)C(=O)O)C(=O)N2[C@@H]1C(=O)O,
7567,6129_B3D,CC1(C)S[C@@H]2[C@@H](NC(=O)COc3ccccc3)C(=O)N2[C@H]1C(=O)O,
7568,6130_B3D,CC1(C)S[C@@H]2[C@@H](NC(=O)CSc3ccccc3)C(=O)N2[C@@H]1C(=O)O,
7569,6131_B3D,CC1(C)S[C@@H]2[C@@H](NC(=O)Cc3ccccc3)C(=O)N2[C@H]1C(=O)O,
7570,6132_B3D,CC1(C)S[C@@H]2[C@@H](NC(=O)[C@@H](/N=C/c3ccco3)c3ccc(O)cc3)C(=O)N2[C@@H]1C(=O)O,
7571,6133_B3D,CC1(C)S[C@@H]2[C@@H](NC(=O)[C@@H](C(=O)O)c3ccsc3)C(=O)N2[C@H]1C(=O)O,
7572,6134_B3D,CC1(C)S[C@@H]2[C@@H](NC(=O)[C@@H](C(=O)Oc3ccccc3)c3ccccc3)C(=O)N2[C@H]1C(=O)O,
7573,6135_B3D,CC1(C)S[C@@H]2[C@@H](NC(=O)[C@H](C(=O)O)c3ccsc3)C(=O)N2[C@@H]1C(=O)O,
7574,6136_B3D,CC1(C)S[C@@H]2[C@@H](NC(=O)[C@H](N)c3ccc(O)cc3)C(=O)N2[C@H]1C(=O)O,
7575,6137_B3D,CC1(C)S[C@@H]2[C@@H](NC(=O)[C@H](N)c3ccccc3)C(=O)N2[C@@H]1C(=O)O[C@@H]1OC(=O)c2ccccc21,
7576,6138_B3D,CC1(C)S[C@@H]2[C@@H](NC(=O)[C@H](N)c3ccccc3)C(=O)N2[C@H]1C(=O)O,
7577,6139_B3D,CC1(C)S[C@@H]2[C@@H](NC(=O)[C@H](NC(=O)c3ccc(-c4ccc(S(=O)(=O)N(CCO)CCO)cc4)[nH]c3=O)c3ccc(O)cc3)C(=O)N2[C@H]1C(=O)O,
7578,6140_B3D,CC1(C)S[C@@H]2[C@H](NC(=O)[C@@H](NC(=O)c3cnc4cccnc4c3O)c3ccccc3)C(=O)N2[C@@H]1C(=O)O,
7579,6141_B3D,CC1(C)S[C@@H]2[C@H](NC(=O)[C@@H](c3ccccc3)S(=O)(=O)O)C(=O)N2[C@@H]1C(=O)O,
7580,6142_B3D,CC1(C)S[C@@H]2[C@H](NC(=O)[C@H](NC(=O)CNC(=N)c3ccncc3)c3ccccc3)C(=O)N2[C@@H]1C(=O)O,
7581,6143_B3D,CC1(C)S[C@@H]2[C@H](NC(=O)c3nc4ccccc4nc3C(=O)O)C(=O)N2[C@@H]1C(=O)O,
7582,6144_B3D,CC1(C)S[C@H]2[C@@H](N3C(=O)[C@@H](c4ccc(O)cc4)NC3(C)C)C(=O)N2[C@H]1C(=O)O,
7583,6145_B3D,CC1(C)S[C@H]2[C@@H](N3C(=O)[C@H](c4ccccc4)NC3(C)C)C(=O)N2[C@H]1C(=O)O,
7584,6146_B3D,CC1(C)S[C@H]2[C@@H](NC(=O)[C@@H](NC(=O)Nc3cnc(Nc4ccc(S(N)(=O)=O)cc4)nc3O)c3ccc(O)cc3)C(=O)N2[C@@H]1C(=O)O,
7585,6147_B3D,CC1(C)S[C@H]2[C@@H](NC(=O)[C@H](N)c3ccccc3)C(=O)N2[C@H]1C(=O)OCOC(=O)[C@@H]1N2C(=O)C[C@@H]2S(=O)(=O)C1(C)C,
7586,6148_B3D,CC1(C)S[C@H]2[C@@H](NC(=O)[C@H](NS(=O)(=O)O)c3ccccc3)C(=O)N2[C@H]1C(=O)O,
7587,6149_B3D,CC1(C)S[C@H]2[C@H](C(=O)[C@H]2NC(=O)[C@@H](Oc2ccccc2)c2ccccc2)[C@H]1C(=O)O,
7588,6150_B3D,CC1(C)S[C@H]2[C@H](NC(=O)[C@@H](C(=O)Oc3ccc4c(c3)CCC4)c3ccccc3)C(=O)N2[C@@H]1C(=O)O,
7589,6151_B3D,CC1(C)S[C@H]2[C@H](NC(=O)[C@@H](N)C3=CCC=CC3)C(=O)N2[C@@H]1C(=O)O,
7590,6152_B3D,CC1(C)S[C@H]2[C@H](NC(=O)[C@@H](NC(=O)Cc3ccc(C4=NCCCN4)cc3)c3ccccc3)C(=O)N2[C@@H]1C(=O)O,
7591,6153_B3D,CC1(C)[C@H](NC/C(=N\OCC(=O)O)c2csc(N)n2)C(=O)N1OS(=O)(=O)O,
7592,6154_B3D,CC1(C)[C@H]2CC[C@]1(C)C(=O)C2,
7593,6155_B3D,CC1=C(C(=O)O)N2C(=O)[C@@H](NC(=O)[C@H](N)C3=CCC=CC3)[C@@H]2SC1,
7594,6156_B3D,CC1=C(C(=O)O)N2C(=O)[C@@H](NC(=O)[C@H](N)c3ccc(O)c(Cl)c3)[C@@H]2SC1,
7595,6157_B3D,CC1=C(C(=O)O)N2C(=O)[C@@H](NC(=O)[C@H](N)c3cccc(NS(C)(=O)=O)c3)[C@@H]2SC1,
7596,6158_B3D,CC1=C(C(=O)O)N2C(=O)[C@H](NC(=O)Cc3ccc(C4=NCCCN4)cc3)[C@H]2SC1,
7597,6159_B3D,CC1=C(C(=O)O)N2C(=O)[C@H](NC(=O)[C@@H](N)c3ccc(O)cc3)[C@H]2SC1,
7598,6160_B3D,CC1=C(C(=O)OCC(=O)OC(C)(C)C)N2C(=O)[C@@H](NC(=O)[C@@H](N)c3ccccc3)[C@H]2SC1,
7599,6161_B3D,CC1=C/[C@@H](O)CC(=O)Cc2nc(co2)C(=O)N2CCC=C2C(=O)O[C@@H](C(C)C)[C@H](C)/C=C/C(=O)NC\C=C\1,
7600,6162_B3D,CC1=CC(=O)N2CC(=O)N(C)c3ccc(Cl)cc3[C@]2(c2ccccc2)O1,
7601,6163_B3D,CC1=CC=CN2C(=O)C(CCN3CCC(c4noc5cc(F)ccc45)CC3)=C(C)N[C@@H]12,
7602,6164_B3D,CC1=CC[C@@H]2N(C)[C@@H]3Cc4ccc(O)c5c4[C@]2(C3)[C@@H]1O5,
7603,6165_B3D,CC1=CN2C(CC(=O)N(C)C)=C(c3ccc(C)cc3)N[C@@H]2C=C1,
7604,6166_B3D,CC1=C[C@H]2[C@@H]3C[C@@H](C)[C@@](O)(C(=O)COC(=O)c4cccc(S(=O)(=O)O)c4)[C@]3(C)C[C@H](O)[C@H]2[C@]2(C)Cc3cnn(-c4ccccc4)c3C=C12,
7605,6167_B3D,CC1=N[C@@H]2Cc3ccccc3N=C(N3CCN(C)CC3)N2N1,
7606,6168_B3D,CCC(=O)C(c1ccccc1)(c1ccccc1)[C@@H](C)CN(C)C,
7607,6169_B3D,CCC(=O)N1CCN(C(=O)O[C@H]2C3=C(SCCS3)C(=O)N2c2ccc3ccc(Cl)nc3n2)CC1,
7608,6170_B3D,CCC(=O)OCC(=O)[C@@]1(OC(=O)CC)[C@@H](C)C[C@H]2[C@@H]3CCC4=CC(=O)C=C[C@]4(C)[C@@]3(Cl)[C@@H](O)C[C@]21C,
7609,6171_B3D,CCC(=O)OCC(=O)[C@@]1(OC(=O)CC)[C@H](C)C[C@@H]2[C@H]3CCC4=CC(=O)C=C[C@@]4(C)[C@]3(F)[C@@H](O)C[C@@]21C,
7610,6172_B3D,CCC(=O)OCC(=O)[C@@]12OC(C)(C)O[C@@H]1C[C@@H]1[C@H]3C[C@@H](F)C4=CC(=O)C=C[C@@]4(C)[C@]3(F)[C@@H](O)C[C@]12C,
7611,6173_B3D,CCC(=O)OCC(=O)[C@]1(OC(=O)CC)[C@@H](C)C[C@@H]2[C@H]3[C@@H](Cl)CC4=CC(=O)C=C[C@@]4(C)[C@H]3[C@@H](O)C[C@]21C,
7612,6174_B3D,CCC(=O)O[C@@H]1CC(=O)O[C@H](C)C/C=C/C=C\[C@@H](O)[C@@H](C)C[C@@H](CC=O)[C@H](O[C@H]2O[C@@H](C)[C@@H](O[C@@H]3C[C@@](C)(O)[C@H](OC(=O)CC)[C@@H](C)O3)[C@H](N(C)C)[C@H]2O)[C@H]1OC,
7613,6175_B3D,CCC(=O)O[C@@H]1[C@H](C)O[C@H](O[C@@H]2[C@H](C)C(=O)O[C@@H](C)[C@@H](C)[C@@H](OC(=O)CC)[C@H](C)C(=O)[C@]3(CO3)C[C@@H](C)[C@H](O[C@@H]3O[C@@H](C)C[C@H](N(C)C)[C@H]3O)[C@@H]2C)C[C@H]1OC,
7614,6176_B3D,CCC(=O)O[C@@]1(C(=O)CCl)[C@@H](C)C[C@@H]2[C@H]3CCC4=CC(=O)C=C[C@@]4(C)[C@]3(F)[C@@H](O)C[C@]21C,
7615,6177_B3D,CCC(=O)O[C@@]1(C(=O)COC(C)=O)CC[C@@H]2[C@H]3C[C@@H](C)C4=CC(=O)C=C[C@@]4(C)[C@H]3[C@@H](O)C[C@]21C,
7616,6178_B3D,CCC(=O)O[C@@]1(C(=O)SC)[C@@H](C)C[C@@H]2[C@H]3C[C@@H](F)C4=CC(=O)C=C[C@@]4(C)[C@]3(F)[C@@H](O)C[C@]21C,
7617,6179_B3D,CCC(=O)O[C@@]1(C(=O)SCCl)[C@@H](C)C[C@@H]2[C@H]3C[C@@H](F)C4=CC(=O)C=C[C@@]4(C)[C@]3(F)[C@@H](O)C[C@]21C,
7618,6180_B3D,CCC(=O)O[C@@]1(C(=O)SCF)[C@@H](C)C[C@@H]2[C@H]3C[C@@H](F)C4=CC(=O)C=C[C@@]4(C)[C@]3(F)[C@@H](O)C[C@]21C,
7619,6181_B3D,CCC(=O)O[C@@]1(c2ccccc2)CCN(C)C[C@@H]1C,
7620,6182_B3D,CCC(=O)O[C@H]1[C@H](O[C@H]2[C@H](C)[C@H](O[C@@H]3C[C@](C)(OC)[C@H](O)[C@@H](C)O3)[C@@H](C)C(=O)O[C@@H](CC)[C@](C)(O)[C@@H](O)[C@H](C)C(=O)[C@@H](C)C[C@@]2(C)O)O[C@H](C)C[C@@H]1N(C)C,
7621,6183_B3D,CCC(=O)O[C@](Cc1ccccc1)(c1ccccc1)[C@@H](C)CN(C)C,
7622,6184_B3D,CCC(=O)O[C@]1(C(=O)COC(C)=O)CC[C@H]2[C@@H]3CCC4=CC(=O)CC[C@]4(C)[C@@H]3[C@H](O)C[C@@]21C,
7623,6185_B3D,CCC(=O)O[C@]1(C(=O)COC)[C@H](C)C[C@@H]2[C@H]3CCC4=CC(=O)C=C[C@@]4(C)[C@]3(F)[C@@H](O)C[C@@]21C,
7624,6186_B3D,CCC(=O)[C@]1(C)[C@H](C)C[C@H]2[C@@H]3CCC4=CC(=O)C=C[C@@]4(C)[C@H]3[C@@H](O)C[C@]21C,
7625,6187_B3D,CCC(=O)[C@]1(O)CC[C@H]2[C@@H]3CCC4=CC(=O)CC[C@]4(C)[C@H]3[C@H](O)C[C@]21C,
7626,6188_B3D,CCC(=O)c1ccc2c(c1)N(C[C@@H](C)N(C)C)c1ccccc1S2,
7627,6189_B3D,CCC(C)(C)C(=O)O[C@@H]1C[C@H](C)C=C2C=C[C@@H](C)[C@H](CC[C@@H]3C[C@H](O)CC(=O)O3)[C@H]21,
7628,6190_B3D,CCC1(CC)C(=O)NC[C@@H](C)C1=O,
7629,6191_B3D,CCC1(CC)O[C@H]2C[C@@H]3[C@H]4CCC5=CC(=O)C=C[C@@]5(C)[C@]4(F)[C@@H](O)C[C@]3(C)[C@@]2(C(=O)CO)O1,
7630,6192_B3D,CCC1=C(C)N(N)C(c2ccc(OC)c(OC)c2)=C2C=C(OC)C(OC)=C[C@@H]21,
7631,6193_B3D,CCCC(=O)OCC(=O)[C@]1(OC(=O)CCC)[C@@H](C)C[C@H]2[C@@H]3CCC4=CC(=O)C=C[C@]4(C)[C@@]3(Cl)[C@H](Cl)C[C@]21C,
7632,6194_B3D,CCCC(=O)O[C@@]1(C(=O)CO)CC[C@@H]2[C@H]3CCC4=CC(=O)CC[C@@]4(C)[C@H]3[C@@H](O)C[C@]21C,
7633,6195_B3D,CCCC(=O)O[C@@]1(C(=O)COC(=O)CC)CC[C@@H]2[C@H]3CCC4=CC(=O)CC[C@]4(C)[C@@H]3[C@@H](O)C[C@]21C,
7634,6196_B3D,CCCC(=O)O[C@@]1(C(=O)COC(C)=O)CC[C@@H]2[C@H]3C[C@@H](C)C4=CC(=O)CC[C@@]4(C)[C@@H]3[C@@H](O)C[C@]21C,
7635,6197_B3D,CCCC(=O)O[C@@]1(C(=O)COC(C)=O)CC[C@@H]2[C@H]3C[C@@H](F)C4=CC(=O)C=C[C@@]4(C)[C@]3(F)[C@@H](O)C[C@]21C,
7636,6198_B3D,CCCC(=O)O[C@@]1(C(=O)COC(C)=O)[C@@H](C)C[C@H]2[C@@H]3CCC4=CC(=O)C=C[C@]4(C)[C@@]3(Cl)[C@H](O)C[C@]21C,
7637,6199_B3D,CCCC(=O)O[C@@]1(C(C)=O)CCC[C@@H]2[C@H]3CCC4=CC(=O)C=C[C@@]4(C)[C@@H]3[C@@H](O)C[C@]21C,
7638,6200_B3D,CCCC(=O)O[C@]1(C(=O)CCl)[C@@H](C)C[C@@H]2[C@H]3CCC4=CC(=O)C=C[C@@]4(C)[C@]3(F)C(=O)C[C@@]21C,
7639,6201_B3D,CCCCC(=O)O[C@@]1(C(=O)CO)CC[C@@H]2[C@H]3CCC4=CC(=O)CC[C@@]4(C)[C@@H]3[C@@H](O)C[C@]21C,
7640,6202_B3D,CCCCC(=O)O[C@@]1(C(=O)CO)CC[C@H]2[C@@H]3C[C@H](F)C4=CC(=O)C=C[C@]4(C)[C@@H]3[C@H](O)C[C@]21C,
7641,6203_B3D,CCCCC(=O)O[C@]1(C(=O)CO)CC[C@H]2[C@@H]3CCC4=CC(=O)C=C[C@]4(C)[C@H]3[C@H](O)C[C@]21C,
7642,6204_B3D,CCCCC(=O)O[C@]1(C(=O)CO)[C@H](C)C[C@H]2[C@@H]3CCC4=CC(=O)C=C[C@]4(C)[C@@]3(F)[C@H](O)C[C@@]21C,
7643,6205_B3D,CCCCC/C(=N/OCCN)c1ccc(C)c(N)c1,
7644,6206_B3D,CCCCCC(=O)CC[C@]1(C)[C@@H]2Cc3ccc(O)cc3[C@]1(C)CCN2C,
7645,6207_B3D,CCCCCC(=O)OCC(=O)[C@@H]1[C@H](C)C[C@@H]2[C@H]3C[C@@H](F)C4=CC(=O)C=C[C@@]4(C)[C@H]3[C@@H](O)C[C@]21C,
7646,6208_B3D,CCCCCCCCCCCCCC(=O)O[C@@H]1C=C[C@@H]2[C@H]3Cc4ccc(OCc5ccccc5)c5c4[C@@]2(CCN3C)[C@H]1O5,
7647,6209_B3D,CCCCCCCCCCCCCCCCCC(=O)OCC(=O)OCC(=O)[C@]1(O)CC[C@H]2[C@@H]3CCC4=CC(=O)C=C[C@@]4(C)[C@H]3[C@@H](O)C[C@]21C,
7648,6210_B3D,CCCCCCCCCN[C@@H]1N=CNc2[nH]ccc21,
7649,6211_B3D,CCCCCCCCC[C@@]1(C)OC[C@H](COC(N)=O)O1,
7650,6212_B3D,CCCCCC[C@@H](C)NN,
7651,6213_B3D,CCCCCN[C@]12C=CC(=O)[C@@H]3Oc4c(O)ccc5c4[C@@]31CCN(C)[C@@H]2C5,
7652,6214_B3D,CCCCC[C@@H](C)[C@@H](C)c1cc(OC(=O)CCCN2CCCCCC2)c2c(c1)OC(C)(C)C1=C2C[C@@H](C)CC1,
7653,6215_B3D,CCCCC[C@@H]1CN[C@@H](C(=O)N[C@H]([C@H](C)Cl)[C@@H]2O[C@H](SC)[C@@H](O)[C@H](O)[C@H]2O)C1,
7654,6216_B3D,CCCCNC(=O)OC[C@](C)(CCC)COC(N)=O,
7655,6217_B3D,CCCCNC[C@@H]1COc2cccc(OCC)c2O1,
7656,6218_B3D,CCCCOC(=O)C(=O)[C@H]1[C@@H](C)C[C@H]2[C@@H]3C[C@H](F)C4=CC(=O)C=C[C@]4(C)[C@@H]3[C@H](O)C[C@@]21C,
7657,6219_B3D,CCCCOC[C@@H](CN1C(=O)N(C[C@H](COCCCC)OC(N)=O)C(=O)C(CC)(c2ccccc2)C1=O)OC(N)=O,
7658,6220_B3D,CCCCOC[C@H](CN1C(=O)NC(=O)[C@](CC)(c2ccccc2)C1=O)OC(N)=O,
7659,6221_B3D,CCCC[C@@H]1CC(=O)[C@@]2(O)O[C@@H]3[C@@H](NC)[C@H](O)[C@@H](NC)[C@H](O)[C@H]3O[C@@H]2O1,
7660,6222_B3D,CCCC[C@H](CC)CNC(=O)C[C@@H](C)O,
7661,6223_B3D,CCCN1C[C@H](NS(=O)(=O)N(CC)CC)C[C@@H]2Cc3c(O)cccc3C[C@@H]21,
7662,6224_B3D,CCCNC(=O)N1C[C@@H](c2ccccc2)OC1=O,
7663,6225_B3D,CCC[C@@H](CC)C1(CC)C(=O)NC(=O)NC1=O,
7664,6226_B3D,CCC[C@@H](CC)C1(CC)C(=O)NC(=S)NC1=O,
7665,6227_B3D,CCC[C@@H]1O[C@@H]2C[C@@H]3[C@H]4C[C@@H](F)C5=CC(=O)C=C[C@]5(C)[C@@]4(F)[C@@H](O)C[C@@]3(C)[C@]2(C(=O)O[C@H](C)OC(=O)OCC)O1,
7666,6228_B3D,CCC[C@@H]1O[C@]1(CC)C(N)=O,
7667,6229_B3D,CCC[C@@](C)(O)[C@@H]1C[C@@]23C=C[C@]1(OC)[C@H]1Oc4c(O)ccc5c4[C@]12CCN(C)[C@H]3C5,
7668,6230_B3D,CCC[C@@]1(O)[C@H]2[C@]3(OC)C=C[C@]4(C[C@H]13)[C@H]1Cc3ccc(OC(C)=O)c(OC)c3[C@@]24CCN1C,
7669,6231_B3D,CCC[C@H](C(=O)c1ccc(C)cc1)N1CCCC1,
7670,6232_B3D,CCC[C@H](C)C1(CC)C(=O)NC(O)NC1=O,
7671,6233_B3D,CCC[C@H]1C[C@@H](C(=O)N[C@@H]([C@H](C)Cl)[C@H]2O[C@@H](SC)[C@H](OP(=O)(O)O)[C@@H](O)[C@@H]2O)N(C)C1,
7672,6234_B3D,CCC[C@H]1C[C@@H](C(=O)N[C@H]([C@H](C)Cl)[C@H]2O[C@H](SC)[C@H](O)[C@@H](O)[C@@H]2O)N(C)C1,
7673,6235_B3D,CCC[C@H]1C[C@H](C(=O)N[C@H]([C@H](C)O)[C@@H]2O[C@@H](SC)[C@@H](O)[C@H](O)[C@H]2O)N(C)C1,
7674,6236_B3D,CCC[C@H]1O[C@H]2C[C@@H]3[C@H]4CCC5=CC(=O)C=C[C@@]5(C)[C@@H]4[C@H](O)C[C@]3(C)[C@@]2(C(=O)CO)O1,
7675,6237_B3D,CCC[C@H]1O[C@H]2C[C@H]3[C@@H]4C[C@H](F)C5=CC(=O)CC[C@]5(C)[C@@]4(F)[C@H](O)C[C@]3(C)[C@@]2(C(=O)CO)O1,
7676,6238_B3D,CCC[C@]1(c2cccc(O)c2)CCN(C)C[C@H]1C,
7677,6239_B3D,CCN(C(C)=O)c1cccc(C2=CC=NC3=C(C#N)CNN23)c1,
7678,6240_B3D,CCN(CC)/C(C)=N/N=C/c1c2c(O)c3c(O)c(C)c4c(c3c1O)C(=O)[C@@](C)(O/C=C/[C@@H](OC)[C@@H](C)[C@@H](OC(C)=O)[C@@H](C)[C@@H](O)[C@H](C)[C@@H](O)[C@@H](C)/C=C/C=C(\C)C(=O)N2)O4,
7679,6241_B3D,CCN(CC)C(=O)COc1cc2c(O)c3c(O)c(C)c4c(c13)C(=O)[C@](C)(O/C=C/[C@@H](OC)[C@H](C)[C@@H](OC(C)=O)[C@H](C)[C@@H](O)[C@H](C)[C@H](O)[C@@H](C)/C=C\C=C(\C)C(=O)N2)O4,
7680,6242_B3D,CCN(CC)C(=O)N[C@@H]1C[C@H]2c3cccc4[nH]cc(c34)C[C@H]2N(C)C1,
7681,6243_B3D,CCN(CC)C(=O)[C@@H]1CN2CCc3cc(OC)c(OC)cc3[C@@H]2C[C@H]1OC(C)=O,
7682,6244_B3D,CCN(CC)C(=O)[C@H]1[C@H]2C=C[C@H](C2)[C@H]1C(=O)N(CC)CC,
7683,6245_B3D,CCN(CC)CC(=O)OCC(=O)[C@@]1(O)CC[C@H]2[C@@H]3CCC4=CC(=O)C=C[C@@]4(C)[C@H]3[C@H](O)C[C@@]21C,
7684,6246_B3D,CCN(CC)CC(=O)OCC(=O)[C@]1(O)CC[C@H]2[C@@H]3CCC4=CC(=O)CC[C@@]4(C)[C@H]3[C@@H](O)C[C@]21C,
7685,6247_B3D,CCN(CC)CCOC(=O)[C@H]1N2C(=O)[C@H](NC(=O)c3c(OC)cccc3OC)[C@@H]2SC1(C)C,
7686,6248_B3D,CCN(CC)S(=O)(=O)N[C@@H]1C[C@@H]2c3cccc4[nH]cc(c34)C[C@@H]2N(C)C1,
7687,6249_B3D,CCN(CC)[C@H](C)CN1c2ccccc2Sc2ccccc21,
7688,6250_B3D,CCN(CC)c1nc2c(s1)c1c(O)c3c(O)c(C)c4c(c32)C(=O)[C@](C)(O/C=C/[C@H](OC)[C@H](C)[C@H](OC(C)=O)[C@H](C)[C@H](O)[C@@H](C)[C@@H](O)[C@H](C)/C=C/C=C(/C)C(=O)N1)O4,
7689,6251_B3D,CCN1CCC[C@@H]1CNC(=O)c1cc(C(C)=O)ccc1OC,
7690,6252_B3D,CCN1CCC[C@@H]1CNC(=O)c1cc(S(=O)(=O)CC)ccc1OC,
7691,6253_B3D,CCN1CCN(C(=O)N[C@H](C(=O)N[C@H]2C(=O)N3C(C(=O)O)=C(CSc4nnnn4C)CS[C@H]23)c2ccc(O)cc2)C(=O)C1=O,
7692,6254_B3D,CCN1CCN(C(=O)N[C@H](C(=O)N[C@H]2C(=O)N3[C@H]2SC(C)(C)[C@@H]3C(=O)O)c2ccccc2)C(=O)C1=O,
7693,6255_B3D,CCN=C1NC(=O)[C@@H](c2ccccc2)O1,
7694,6256_B3D,CCN=C1Nc2ccc(Cl)cc2[C@@H](c2ccccc2)S1,
7695,6257_B3D,CCN=C1Nc2ccc(Cl)cc2[C@](C)(c2ccccc2)O1,
7696,6258_B3D,CCNCNCCSCc1ncccc1Br.N#CN,
7697,6259_B3D,CCN[C@@H](Cc1ccccc1)[C@@H]1CCCO1,
7698,6260_B3D,CCN[C@@H]1C[C@@H](N)[C@H](O[C@H]2OC(CN)=CC[C@H]2N)[C@H](O)[C@@H]1O[C@@H]1OC[C@@](C)(O)[C@@H](NC)[C@@H]1O,
7699,6261_B3D,CCN[C@@H]1[C@H]2CC[C@H](C2)[C@H]1c1ccccc1,
7700,6262_B3D,CCN[C@]1(c2cccs2)CCCCC1=O,
7701,6263_B3D,CCOC(=O)CCC(=O)O[C@H]1[C@H](O[C@@H]2[C@H](C)[C@H](O[C@@H]3C[C@](C)(OC)[C@H](O)[C@@H](C)O3)[C@@H](C)C(=O)O[C@@H](CC)[C@](C)(O)[C@@H](O)[C@@H](C)C(=O)[C@H](C)C[C@@]2(C)O)O[C@H](C)C[C@@H]1N(C)C,
7702,6264_B3D,CCOC(=O)C[C@H](O)C[C@H](O)/C=C/C1=C(c2ccc(F)cc2)c2ccccc2OC12CCCC2,
7703,6265_B3D,CCOC(=O)NN[C@H](C)c1ccccc1,
7704,6266_B3D,CCOC(=O)N[C@H](O)C(Cl)(Cl)Cl,
7705,6267_B3D,CCOC(=O)O[C@@H]1[C@@H](O[C@@H]2[C@@H](C)[C@@H](O[C@H]3C[C@@](C)(OC)[C@@H](O)[C@H](C)O3)[C@H](C)C(=O)O[C@H](CC)[C@@](C)(O)[C@H](O)[C@@H](C)C(=O)[C@H](C)C[C@]2(C)O)O[C@@H](C)C[C@H]1N(C)C,
7706,6268_B3D,CCOC(=O)O[C@@]1(C(=O)COC(=O)CC)CC[C@@H]2[C@H]3CCC4=CC(=O)C=C[C@]4(C)[C@@H]3[C@H](O)C[C@@]21C,
7707,6269_B3D,CCOC(=O)O[C@H](C)OC(=O)[C@H]1N2C(=O)[C@H](/N=C/N3CCCCCC3)[C@@H]2SC1(C)C,
7708,6270_B3D,CCOC(=O)O[C@]1(C(=O)OCCl)CC[C@@H]2[C@H]3CCC4=CC(=O)C=C[C@]4(C)[C@@H]3[C@H](O)C[C@@]21C,
7709,6271_B3D,CCOC(=O)[C@@H]1N=C(c2ccccc2F)c2cc(Cl)ccc2NC1=O,
7710,6272_B3D,CCOC(=O)[C@@]1(c2ccccc2)CCC=C[C@H]1N(C)C,
7711,6273_B3D,CCOC(=O)c1cncn1[C@H](C)c1ccc(F)cc1,
7712,6274_B3D,CCOC(OCC)C(=O)OCC(=O)[C@@]1(O)Cc2c(O)c3c(c(O)c2[C@@H](O[C@@H]2C[C@@H](N)[C@H](O)[C@@H](C)O2)C1)C(=O)c1c(OC)cccc1C3=O,
7713,6275_B3D,CCO[C@@H]1CCN(C(=O)c2cc(-c3ccccc3)c(=O)n3c2-c2cc(Cl)ccc2CC3)C1,
7714,6276_B3D,CCO[C@@H]1c2ccccc2C(=O)N(C)c2ccccc21,
7715,6277_B3D,CCO[C@H]1C[C@@]2(C)[C@@H]3[C@H](CC[C@@H]2C[C@@H]1O)[C@H]1CC[C@@H](C(C)=O)[C@]1(C)C[C@H]3N(C)C,
7716,6278_B3D,CCOc1cc(N)c([N+](=O)[O-])cc1C(=O)NC1CCN(C[C@H]2CC=CCC2)CC1,
7717,6279_B3D,CCOc1ccc2ccccc2c1C(=O)N[C@@H]1C(=O)N2[C@H]1SC(C)(C)[C@@H]2C(=O)O,
7718,6280_B3D,CCOc1ccc2ccccc2c1C(=O)N[C@H]1C(=O)N2[C@@H](C(=O)O)C(C)(C)S[C@H]12,
7719,6281_B3D,CCOc1ccccc1OC[C@H]1CNCCO1,
7720,6282_B3D,CCOc1ccccc1O[C@@H](c1ccccc1)[C@H]1CNCCO1,
7721,6283_B3D,CCS[C@@]1(SC)CC[C@@H]2[C@H]3CCC4=CC(=O)C=C[C@@]4(C)[C@]3(F)[C@@H](O)C[C@]21C,
7722,6284_B3D,CC[C@@H](C(=O)OCCN1CCO[C@@H](c2ccccc2)[C@@H]1C)c1ccccc1,
7723,6285_B3D,CC[C@@H](C)C(=O)O[C@H]1CCC=C2C=C[C@H](C)[C@@H](CC[C@@H]3C[C@H](O)CC(=O)O3)[C@@H]21,
7724,6286_B3D,CC[C@@H](C)C1(CC)C(=O)NC(=O)NC1=O,
7725,6287_B3D,CC[C@@H](C)[C@@H](C(=O)OC1CC[N+](C)(C)CC1)c1ccccc1,
7726,6288_B3D,CC[C@@H](C)[C@](C)(COC(N)=O)COC(=O)NC(C)C,
7727,6289_B3D,CC[C@@H](C)n1ncn(-c2ccc(N3CCN(c4ccc(OC[C@@H]5CO[C@@](CN6CN=CN6)(c6ccc(Cl)cc6Cl)O5)cc4)CC3)cc2)c1=O,
7728,6290_B3D,CC[C@@H](N)Cc1c[nH]c2ccccc12,
7729,6291_B3D,CC[C@@H](Oc1ccccc1)C(=O)N[C@H]1C(=O)N2[C@H]1SC(C)(C)[C@@H]2C(=O)O,
7730,6292_B3D,CC[C@@H]1C(=O)NC(=O)[C@]1(C)c1ccccc1,
7731,6293_B3D,CC[C@@H]1CC(=O)[C@H]2Oc3c(OC)ccc4c3[C@]23CCN(CC2CC2)[C@@H](C4)[C@@H]13,
7732,6294_B3D,CC[C@@H]1NC(=O)[C@@H](NC(=O)c2ncccc2O)[C@H](C)OC(=O)[C@@H](c2ccccc2)NC(=O)[C@H]2CC(=O)CCN2C(=O)[C@H](Cc2ccccc2)N(C)C(=O)[C@H]2CCCN2C1=O,
7733,6295_B3D,CC[C@@H]1NC(=O)[C@H]2CCCN2C(=O)[C@@H](Cc2ccccc2)NC(=O)[C@H](CC(C)C)NC(=O)[C@@H](CCCN)NC(=O)[C@H](C(C)C)NC(=O)[C@@H]2CCCN2C(=O)[C@@H](Cc2ccccc2)NC(=O)[C@@H](CC(C)C)NC(=O)[C@H](CCCN)NC1=O,
7734,6296_B3D,CC[C@@H]1OC(=O)[C@H](C)[C@@H](O[C@@H]2C[C@](C)(OC)[C@H](O)[C@@H](C)O2)[C@H](C)[C@@H](O[C@@H]2O[C@H](C)C[C@H](N(C)C)[C@H]2O)[C@](C)(O)C[C@@H](C)/C(=N/OC)[C@@H](C)[C@H](O)[C@]1(C)O,
7735,6297_B3D,CC[C@@H]1OC(=O)[C@H](C)[C@@H](O[C@H]2C[C@](C)(OC)[C@@H](O)[C@@H](C)O2)[C@H](C)[C@@H](O[C@H]2O[C@@H](C)C[C@H](N(C)C)[C@H]2O)[C@@](C)(O)C[C@@H](C)[C@H]2N[C@@H](COCCOC)O[C@@H]([C@H]2C)[C@]1(C)O,
7736,6298_B3D,CC[C@@H]1OC(=O)[C@H](C)[C@H](O[C@@H]2C[C@@](C)(OC)[C@@H](O)[C@H](C)O2)[C@@H](C)[C@H](O[C@@H]2O[C@@H](C)C[C@H](N(C)C)[C@@H]2O)[C@@](C)(O)C[C@@](C)(F)C(=O)[C@@H](C)[C@H](O)[C@@]1(C)O,
7737,6299_B3D,CC[C@@H]1OC(=O)[C@H](C)[C@H](O[C@H]2C[C@](C)(OC)[C@H](O)[C@@H](C)O2)[C@H](C)[C@H](O[C@H]2O[C@H](C)C[C@@H](N(C)C)[C@@H]2O)[C@](C)(O)C[C@H](C)C(=O)[C@@H](C)[C@H](O)[C@H]1C,
7738,6300_B3D,CC[C@@](Br)(C(N)=O)C(C)C,
7739,6301_B3D,CC[C@@]1(C)OC(=O)N(C)C1=O,
7740,6302_B3D,CC[C@@]1(O)C[C@@H]2CN(CCc3c([nH]c4ccccc34)[C@@](C(=O)OC)(c3cc4c(cc3OC)N(C)[C@H]3[C@@]45CCN4CC=C[C@](CC)([C@@H]45)[C@@H](O)[C@]3(O)C(N)=O)C2)C1,
7741,6303_B3D,CC[C@@]1(O)C[C@H](O[C@@H]2C[C@H](N(C)C)[C@@H](O[C@@H]3C[C@H](O)[C@H](O[C@@H]4CCC(=O)[C@H](C)O4)[C@H](C)O3)[C@@H](C)O2)c2c(cc3c(c2O)C(=O)c2c(O)cccc2C3=O)[C@H]1C(=O)OC,
7742,6304_B3D,CC[C@@]1(c2ccccc2)C(=O)NC(=O)N(C(=O)c2ccccc2)C1=O,
7743,6305_B3D,CC[C@@]1(c2ccccc2)C(=O)NC(=O)N(C)C1=O,
7744,6306_B3D,CC[C@@]1(c2ccccc2)C(=O)NC(=O)N1C,
7745,6307_B3D,CC[C@@]1(c2ccccc2)CCC(=O)NC1=O,
7746,6308_B3D,CC[C@@]1(c2ccccc2)NC(=O)N(C)C1=O,
7747,6309_B3D,CC[C@@]1(c2ccccc2)NCC(=O)NC1=O,
7748,6310_B3D,CC[C@@]12C=CCN3CC[C@@]4(c5cc([C@]6(C(=O)OC)C[C@@H]7CN(CCc8c6[nH]c6ccccc86)C[C@@](O)(CC)C7)c(OC)cc5N(C)[C@H]4[C@](O)(C(=O)OC)[C@H]1OC(C)=O)[C@H]32,
7749,6311_B3D,CC[C@@]12C=CCN3CC[C@@]4(c5cc([C@]6(C(=O)OC)C[C@@H]7CN(CCc8c6[nH]c6ccccc86)C[C@@](O)(CC)C7)c(OC)cc5N(C=O)[C@H]4[C@](O)(C(=O)OC)[C@H]1OC(C)=O)[C@H]32,
7750,6312_B3D,CC[C@@]12CCN(CC3CC3)[C@H](Cc3ccc(O)cc31)C2(C)C,
7751,6313_B3D,CC[C@@]12CCN(CC3CCC3)[C@H](Cc3ccc(O)cc31)C2(C)C,
7752,6314_B3D,CC[C@H](C(=O)NC(N)=O)[C@H](C)CC,
7753,6315_B3D,CC[C@H](C(N)=O)N1CCCC1=O,
7754,6316_B3D,CC[C@H](C)[C@H](CC)C(N)=O,
7755,6317_B3D,CC[C@H](C)[C@H](NC(=O)[C@@H](CCC(=O)O)NC(=O)[C@H](CC(C)C)NC(=O)[C@@H]1CS[C@H]([C@H](N)[C@H](C)CC)N1)C(=O)NCCCC[C@@H]1NC(=O)[C@H](CC(N)=O)NC(=O)[C@@H](CC(=O)O)NC(=O)[C@H](Cc2c[nH]cn2)NC(=O)[C@@H](Cc2ccccc2)NC(=O)[C@H]([C@@H](C)CC)NC(=O)[C@@H](CCCN)NC1=O,
7756,6318_B3D,CC[C@H](NC(=O)[C@@H]1CCCN1C(=O)[C@@H](Cc1ccccc1)NC(=O)[C@@H](N)CC(C)C)C(=O)N[C@@H](CCCN)C(=O)N[C@H](CC(C)C)C(=O)N[C@@H](Cc1ccccc1)C(=O)N1CCC[C@@H]1C(=O)N[C@H](CC)C(=O)N[C@@H](C=O)CCCN,
7757,6319_B3D,CC[C@H]1CN2CCc3cc(OC)c(OC)cc3[C@@H]2C[C@@H]1C[C@@H]1NCCc2cc(OC)c(OC)cc21,
7758,6320_B3D,CC[C@H]1NC(=O)[C@H](NC(=O)c2ncccc2O)[C@@H](C)OC(=O)[C@H](c2ccccc2)NC(=O)[C@@H]2CC(=O)CCN2C(=O)[C@@H](Cc2ccc(N(C)C)cc2)N(C)C(=O)[C@@H]2CCCN2C1=O,
7759,6321_B3D,CC[C@H]1OC(=O)[C@@H](C)[C@H](O[C@H]2C[C@@](C)(OC)[C@@H](O)[C@@H](C)O2)[C@@H](C)[C@@H](O[C@H]2O[C@@H](C)C[C@H](N(C)C)[C@H]2O)[C@](C)(O)C[C@@H](C)CN(C)[C@H](C)[C@@H](O)[C@@]1(C)O,
7760,6322_B3D,CC[C@H]1OC(=O)[C@@H](C)[C@H](O[C@H]2C[C@@](C)(OC)[C@@H](O)[C@H](C)O2)[C@@H](C)[C@H](O[C@H]2O[C@@H](C)C[C@@H](N(C)C)[C@@H]2O)[C@@](C)(O)C[C@H](C)/C(=N/OCOCCOC)[C@H](C)[C@@H](O)[C@@]1(C)O,
7761,6323_B3D,CC[C@H]1OC(=O)[C@@H](C)[C@H](O[C@H]2C[C@@](C)(OC)[C@@H](O)[C@H](C)O2)[C@@H](C)[C@H](O[C@H]2O[C@@H](C)C[C@@H](N(C)C)[C@@H]2O)[C@@](C)(O)C[C@H](C)C(=O)[C@H](C)[C@@H](O)[C@@]1(C)O,
7762,6324_B3D,CC[C@H]1OC(=O)[C@@H](C)[C@H](O[C@H]2C[C@@](C)(OC)[C@@H](O)[C@H](C)O2)[C@@H](C)[C@H](O[C@H]2O[C@H](C)C[C@H](N(C)C)[C@@H]2O)[C@](C)(OC)C[C@H](C)C(=O)[C@H](C)[C@@H](O)[C@@]1(C)O,
7763,6325_B3D,CC[C@](C)(O)[C@@H]1[C@H]2[C@@H]3C[C@@]34[C@@H]3Cc5ccc(OC)c6c5[C@@]4(CCN3CC3CC3)[C@@H](O6)[C@@]12OC,
7764,6326_B3D,CC[C@](O)(COC(N)=O)c1ccccc1,
7765,6327_B3D,CC[C@]1(O)CCN2CCc3ccc(C)cc3[C@@H]2C1,
7766,6328_B3D,CC[C@]1(O)C[C@H](O[C@@H]2C[C@H](N(C)C)[C@@H](O[C@H]3C[C@H]4O[C@H]5CC(=O)[C@@H](C)O[C@H]5O[C@@H]4[C@@H](C)O3)[C@H](C)O2)c2c(O)c3c(c(O)c2[C@H]1O[C@H]1C[C@H](N(C)C)[C@@H](O)[C@H](C)O1)C(=O)c1cccc(O)c1C3=O,
7767,6329_B3D,CC[C@]1(c2ccc(N)cc2)CCC(=O)NC1=O,
7768,6330_B3D,CC[C@]1(c2ccccc2)OC[C@@H]([C@H]2CCCCN2)O1,
7769,6331_B3D,CC[N+](C)(CC=CC1=C(C(=O)O)N2C(=O)[C@@H](NC(=O)C(=NOCF)c3nsc(N)n3)[C@H]2SC1)CC(N)=O,
7770,6332_B3D,CCc1c(C)[nH]c2c1C(=O)[C@@H](CN1CCOCC1)CC2,
7771,6333_B3D,CCc1c(C)[nH]c2c1C(=O)[C@@H]1CN(C)CC[C@@H]1C2,
7772,6334_B3D,CCc1ccc2c(c1)N(C[C@H](C)CN(C)C)c1ccccc1S2,
7773,6335_B3D,CCc1cccc(NC(C)Nc2cccc(CC)c2)c1,
7774,6336_B3D,CCn1c2c(c3ccccc31)CCS[C@@]2(C)CCN(C)C,
7775,6337_B3D,CN(C(=O)C(c1ccccc1)c1ccccc1)[C@@H](CN1CC[C@@H](O)C1)c1ccccc1,
7776,6338_B3D,CN(C(=O)Cc1ccc(Cl)c(Cl)c1)[C@H]1CC[C@]2(CCCO2)C[C@@H]1N1CCCC1,
7777,6339_B3D,CN(C(=O)Cc1ccccc1N)[C@@H](CN1CC[C@H](O)C1)c1ccccc1,
7778,6340_B3D,CN(C)C(=O)C1=N[C@@H](CNC(=O)CN)N(c2ccc(Cl)cc2C(=O)c2ccccc2Cl)N1,
7779,6341_B3D,CN(C)C(=O)O[C@H]1N=C(c2ccccc2)c2cc(Cl)ccc2N(C)C1=O,
7780,6342_B3D,CN(C)C1=NC(=O)[C@@H](c2ccccc2)O1,
7781,6343_B3D,CN(C)CC/C=C1\c2ccccc2CNc2cc(Cl)ccc21,
7782,6344_B3D,CN(C)CC/C=C1\c2ccccc2Sc2ccc(Cl)cc21,
7783,6345_B3D,CN(C)CCC[C@]1(c2ccc(F)cc2)OCc2cc(C#N)ccc21,
7784,6346_B3D,CN(C)CCO[C@@]1(Cc2ccccc2)C[C@H]2CC[C@]1(C)C2(C)C,
7785,6347_B3D,CN(C)CCO[C@H](c1ccccc1)c1ccccc1C(C)(C)C,
7786,6348_B3D,CN(C)CCO[C@](C)(c1ccccc1)c1ccc(Cl)cc1,
7787,6349_B3D,CN(C)CC[C@@H](c1ccccc1)C1CCCCC1,
7788,6350_B3D,CN(C)CC[C@@]1(C)OCCC2=C1Cc1ccccc12,
7789,6351_B3D,CN(C)CC[C@@]1(c2ccccc2)C=Cc2ccccc21,
7790,6352_B3D,CN(C)CCn1nnnc1SCC1=C(C(=O)O)N2C(=O)[C@@H](NC(=O)Cc3csc(N)n3)[C@@H]2SC1,
7791,6353_B3D,CN(C)C[C@@H]1CO[C@@]2(O1)c1ccccc1COc1ccccc12,
7792,6354_B3D,CN(C)C[C@H](CN1c2ccccc2Sc2ccccc21)N(C)C,
7793,6355_B3D,CN(C)C[C@H](O)[C@@H](c1ccccc1)c1cccc(Cl)c1,
7794,6356_B3D,CN(C)[C@@H]1C(=O)C(C(N)=O)=C(O)[C@@]2(O)C(=O)C3=C(O)c4c(O)ccc(Cl)c4[C@@](C)(O)[C@@H]3C[C@H]12,
7795,6357_B3D,CN(C)[C@@H]1C(=O)C(C(N)=O)=C(O)[C@]2(O)C(=O)C3=C(O)c4c(O)ccc(Cl)c4[C@@H](O)[C@H]3C[C@@H]12,
7796,6358_B3D,CN(C)[C@@H]1C(=O)C(C(N)=O)=C(O)[C@]2(O)C(=O)C3=C(O)c4c(O)cccc4[C@](C)(O)[C@@H]3[C@H](O)[C@H]12,
7797,6359_B3D,CN(C)[C@@H]1C(=O)C(C(N)=O)=C(O)[C@]2(O)C(=O)C3=C(O)c4c(ccc(N)c4O)C[C@H]3C[C@@H]12,
7798,6360_B3D,CN(C)[C@@H]1C(O)=C(C(=O)NCN2CCC[C@H](C(=O)O)C2)C(=O)[C@@]2(O)C(O)=C3C(=O)c4c(O)cccc4[C@](C)(O)[C@H]3C[C@@H]12,
7799,6361_B3D,CN(C)[C@@H]1C(O)=C(C(=O)NCN2CCN(CCO)CC2)C(=O)[C@]2(O)C(O)=C3C(=O)c4c(O)cccc4[C@](C)(O)[C@@H]3C[C@H]12,
7800,6362_B3D,CN(C)[C@@H]1C(O)=C(C(=O)NCNCCCC[C@H](N)C(=O)O)C(=O)[C@]2(O)C(O)=C3C(=O)c4c(O)cccc4[C@@](C)(O)[C@H]3C[C@@H]12,
7801,6363_B3D,CN(C)[C@@H]1C(O)=C(C(=O)NCN[C@@H](C(=O)N[C@H]2C(=O)N3[C@H]2SC(C)(C)[C@@H]3C(=O)O)c2ccccc2)C(=O)[C@@]2(O)C(O)=C3C(=O)c4c(O)cccc4[C@@](C)(O)[C@@H]3C[C@H]12,
7802,6364_B3D,CN(C)[C@@H]1C(O)=C(C(=O)N[C@@H](C(=O)O)N2CCN(CCO)CC2)C(=O)[C@]2(O)C(O)=C3C(=O)c4c(O)cccc4[C@@](C)(O)[C@H]3C[C@@H]12,
7803,6365_B3D,CN(C)[C@@H]1CCc2[nH]c3c(F)cc(F)cc3c2C1,
7804,6366_B3D,CN(C)[C@H]1C(=O)C(C(=O)NCN2CCCC2)=C(O)[C@]2(O)C(=O)C3=C(O)c4c(O)cccc4[C@](C)(O)[C@@H]3C[C@H]12,
7805,6367_B3D,CN(C)[C@H]1C(=O)C(C(N)=O)=C(O)[C@]2(O)C(=O)C3=C(O)c4c(O)cccc4[C@](C)(O)[C@@H]3C[C@H]12,
7806,6368_B3D,CN(C)[C@H]1C(O)=C(C(=O)NCO)C(=O)[C@@]2(O)C(O)=C3C(=O)c4c(O)ccc(Cl)c4[C@](C)(O)[C@@H]3C[C@H]12,
7807,6369_B3D,CN(C)[C@H]1C(O)=C(C(N)=O)C(=O)[C@@]2(O)C(O)=C3C(=O)c4c(O)cccc4[C@H](O)[C@@H]3C[C@H]12,
7808,6370_B3D,CN(C)[C@H]1C(O)=C(C(N)=O)C(=O)[C@]2(O)C(O)=C3C(=O)c4c(O)ccc([N+](=O)[O-])c4C[C@H]3C[C@@H]12,
7809,6371_B3D,CN(C)[C@](C)(CO)Cc1ccc(Cl)c(Cl)c1,
7810,6372_B3D,CN(C)c1cc(C2=N[C@H](N)NN2)ccn1,
7811,6373_B3D,CN(C)c1ccc(O)c2c1C[C@H]1C[C@H]3[C@@H](N(C)C)C(=O)C(C(N)=O)=C(O)[C@]3(O)C(=O)C1=C2O,
7812,6374_B3D,CN(CCN(C)CNC(=O)C1=C(O)[C@@H](N(C)C)[C@H]2C[C@@H]3C(=C(O)[C@@]2(O)C1=O)C(=O)c1c(O)cccc1[C@]3(C)O)CNC(=O)C1=C(O)[C@@H](N(C)C)[C@@H]2C[C@H]3C(=C(O)[C@@]2(O)C1=O)C(=O)c1c(O)cccc1[C@]3(C)O,
7813,6375_B3D,CN(Cc1cnc2nc(N)nc(N)c2n1)c1ccc(C(=O)N[C@H](CCC(=O)O)C(=O)O)cc1,
7814,6376_B3D,CN(c1nc2ccccc2s1)C1CCN(C[C@@H](O)COc2ccc(F)cc2)CC1,
7815,6377_B3D,CN1C(=O)CCS(=O)(=O)[C@@H]1c1ccc(Cl)c(Cl)c1,
7816,6378_B3D,CN1C(=O)CC[C@@H]1c1cccnc1,
7817,6379_B3D,CN1C(=O)C[C@@](C)(c2ccccc2)C1=O,
7818,6380_B3D,CN1C(=O)C[C@H](c2ccccc2)C1=O,
7819,6381_B3D,CN1C(=O)[C@@H](O)N=C(c2ccccc2)c2cc(Cl)ccc21,
7820,6382_B3D,CN1C(=O)[C@@H](O)N=C(c2ccccc2F)c2cc(Cl)ccc21,
7821,6383_B3D,CN1CCCC[C@@H]1CCN1c2ccccc2Sc2ccc([S@@+](C)[O-])cc21,
7822,6384_B3D,CN1CCCN([C@H](c2ccccc2)c2ccc(Cl)cc2)CC1,
7823,6385_B3D,CN1CCC[C@@H](CN2c3ccccc3Sc3ccccc32)C1,
7824,6386_B3D,CN1CCCc2cccc(OC[C@H]3CNCCO3)c21,
7825,6387_B3D,CN1CCN(C(=O)O[C@@H]2C3=C(SCCS3)C(=O)N2c2ccc3ccc(Cl)nc3n2)CC1,
7826,6388_B3D,CN1CCN(C(=O)O[C@@H]2c3nccnc3C(=O)N2c2ccc(Cl)cn2)CC1,
7827,6389_B3D,CN1CCN(C2=Nc3cscc3C(CC#N)=C3CSC=C23)CC1,
7828,6390_B3D,CN1CCN(CC(=O)[C@@]2(O)CC[C@H]3[C@@H]4CCC5=CC(=O)C=C[C@]5(C)[C@@H]4[C@H](O)C[C@@]32C)CC1,
7829,6391_B3D,CN1CCN([C@H](c2ccccc2)c2ccc(Cl)cc2)CC1,
7830,6392_B3D,CN1CCN2c3cc(F)ccc3C(c3cccs3)=NC[C@H]2C1,
7831,6393_B3D,CN1CCN2c3ccccc3Cn3cccc3[C@H]2C1,
7832,6394_B3D,CN1CCO[C@H](c2ccccc2)c2ccccc2C1,
7833,6395_B3D,CN1CC[C@@](C)(CN2c3ccccc3Sc3ccccc32)C1,
7834,6396_B3D,CN1CC[C@@]2(C)C[C@H](Cc3ccc(O)cc32)C1,
7835,6397_B3D,CN1CC[C@@]23c4c5ccc(O)c4O[C@@H]2C(=O)CC[C@H]3[C@@H]1C5,
7836,6398_B3D,CN1CC[C@@]23c4c5ccc(O)c4O[C@@H]2CCC[C@@H]3[C@@H]1C5,
7837,6399_B3D,CN1CC[C@@]23c4c5ccc(O)c4O[C@@]2(C)C(=O)CC[C@H]3[C@@H]1C5,
7838,6400_B3D,CN1CC[C@]23c4c5ccc(O)c4O[C@H]2C(=O)CC[C@]3(O)[C@H]1C5,
7839,6401_B3D,CN1CC[C@]23c4c5ccc(O)c4O[C@H]2[C@@](C)(O)CC[C@@H]3[C@H]1C5,
7840,6402_B3D,CN1CC[C@]23c4c5ccc(O)c4O[C@H]2[C@H](O)C=C[C@H]3[C@H]1C5,
7841,6403_B3D,CN1CC[C@]23c4c5ccc(O)c4O[C@H]2[C@H](O)CC[C@]3(O)[C@H]1C5,
7842,6404_B3D,CN1CC[C@]23c4c5ccc(OC(=O)c6cccnc6)c4O[C@H]2[C@H](OC(=O)c2cccnc2)C=C[C@H]3[C@H]1C5,
7843,6405_B3D,CN1CCc2cc(Cl)c(O)cc2[C@H](c2cccc3c2OCC3)C1,
7844,6406_B3D,CN1C[C@@H](CN2CC(=O)NC(=O)C2)C=C2c3cccc4[nH]cc(c34)C[C@H]21,
7845,6407_B3D,CN1C[C@@H]2Cc3ccc(Cl)cc3[C@H](c3ccccc3)[C@H]2C1,
7846,6408_B3D,CN1C[C@H](CC#N)C[C@@H]2c3cccc4[nH]cc(c34)C[C@H]21,
7847,6409_B3D,CN1C[C@H](CSc2ccccn2)C=C2c3cccc4[nH]cc(c34)C[C@@H]21,
7848,6410_B3D,CN1C[C@H](NS(=O)(=O)N(C)C)C[C@@H]2c3cccc4c3c(cn4C)C[C@H]21,
7849,6411_B3D,CN1C[C@]23C=CC(O)=C[C@@]24C[C@]42CCCC[C@@H]2[C@H]1C3,
7850,6412_B3D,CN1Cc2c(N)cccc2[C@@H](c2ccccc2)C1,
7851,6413_B3D,CN1[C@H](C[C@@H](O)c2ccccc2)CCC[C@@H]1CC(=O)c1ccccc1,
7852,6414_B3D,CN1[C@H]2CC[C@@H]1CC(OC(=O)[C@@H](O)c1ccccc1)C2,
7853,6415_B3D,CN1[C@H]2CC[C@@H]1CC(OC(=O)[C@](C)(CO)c1ccccc1)C2,
7854,6416_B3D,CN1c2cc(F)ccc2C(c2ccccc2)=NC[C@H]1CNC(=O)c1ccoc1,
7855,6417_B3D,CN1c2ccc(Cl)cc2C(c2ccccc2Cl)=NC[C@@H]1CO,
7856,6418_B3D,CN=C1CN(O)[C@@H](c2ccccc2)c2cc(Cl)ccc2N1,
7857,6419_B3D,CNC(=O)C[C@H](N)C(=O)N[C@H](C(=O)N[C@H]1C(=O)N2[C@H]1SC(C)(C)[C@@H]2C(=O)O)c1ccc(O)cc1,
7858,6420_B3D,CNC(=O)N[C@H](O)C(Cl)(Cl)Cl,
7859,6421_B3D,CNC(=O)O[C@H]1OC(=O)[C@H]2[C@@H]3C=C[C@@H](C3)[C@H]21,
7860,6422_B3D,CNCCC=C1c2ccccc2[C@H]2C[C@H]2c2ccccc21,
7861,6423_B3D,CNCCC[C@@]1(C)C(=O)N(c2ccccc2)c2ccccc21,
7862,6424_B3D,CNCCC[C@@]1(C)CN(c2ccccc2)c2ccccc21,
7863,6425_B3D,CNCCC[C@@]1(c2ccccc2)SC(C)(C)c2ccccc21,
7864,6426_B3D,CNCCC[C@]1(c2ccccc2)OC(C)(C)c2ccccc21,
7865,6427_B3D,CNCC[C@@H](Oc1ccc(C(F)(F)F)cc1)c1ccccc1,
7866,6428_B3D,CNCC[C@H](O)[C@H]1C[C@@H](SC2=C(C(=O)O)N3C(=O)[C@@H]([C@@H](C)O)[C@H]3[C@@H]2C)CN1,
7867,6429_B3D,CNCNCCSCc1nc[nH]c1C.N#CN,
7868,6430_B3D,CNCNc1cccc(-c2csc(N)n2)c1.N#CN.NCN,
7869,6431_B3D,CNC[C@H](O)c1ccc(OC(=O)C(C)(C)C)c(OC(=O)C(C)(C)C)c1,
7870,6432_B3D,CNC[C@H](O)c1cccc(OC(=O)C(C)(C)C)c1,
7871,6433_B3D,CN[C@@H](CC(C)C)C(=O)N[C@H]1C(=O)N[C@@H](CC(N)=O)C(=O)N[C@@H]2C(=O)N[C@H]3C(=O)N[C@H](C(=O)N[C@@H](C(=O)O)c4cc(O)cc(O)c4-c4cc3ccc4O)[C@@H](O)c3ccc(c(Cl)c3)Oc3cc2cc(c3O[C@@H]2O[C@H](CO)[C@@H](O)[C@H](O)[C@H]2O[C@@H]2C[C@@](C)(N)[C@@H](O)[C@H](C)O2)Oc2ccc(cc2Cl)[C@@H]1O,
7872,6434_B3D,CN[C@@H](C[N+](=O)[O-])NCCSCc1ccc(CN(C)C)o1,
7873,6435_B3D,CN[C@@H]1CC[C@@H](c2ccc(Cl)c(Cl)c2)c2ccccc21,
7874,6436_B3D,CN[C@@H]1CCc2ncsc2C1,
7875,6437_B3D,CN[C@@H]1C[C@H](c2ccc(Cl)c(Cl)c2)c2ccccc21,
7876,6438_B3D,CN[C@@H]1[C@H](O[C@H]2O[C@@H](CO)[C@@H](N)[C@H](O)[C@H]2O)O[C@@H]2C[C@@H](N)[C@H](O[C@@H]3[C@H](N)C[C@H](N)[C@@H](O)[C@H]3O)O[C@@H]2[C@H]1O,
7877,6439_B3D,CN[C@H](C)Cc1ccccc1,
7878,6440_B3D,CN[C@H](C)[C@@H](O)c1ccc(O)cc1,
7879,6441_B3D,CN[C@H]1[C@H](O)[C@@H](O[C@@H]2[C@@H](O)[C@@H](O[C@H]3O[C@@H](CN)[C@@H](O)[C@H](O)[C@H]3O)[C@H](N)C[C@H]2NC(=O)[C@@H](O)CN)OC[C@]1(C)O,
7880,6442_B3D,CN[C@H]1[C@H](O)[C@H](O[C@@H]2[C@@H](N)C[C@@H](N)[C@H](O[C@@H]3O[C@@H](CN)CC[C@@H]3N)[C@H]2O)OC[C@@]1(C)O,
7881,6443_B3D,CN[C@H]1[C@H](O)[C@H](O[C@H]2[C@@H](O)[C@H](O[C@@H]3OC(CN)=CC[C@@H]3N)[C@H](N)C[C@H]2N)OC[C@@]1(C)O,
7882,6444_B3D,CN[C@]1(c2ccccc2Cl)CCCCC1=O,
7883,6445_B3D,CO/N=C(/C(=O)N[C@@H]1C(=O)N2C(C(=O)O)=C(/C=C/Sc3n[nH]c(=O)c(=O)n3CC=O)CS[C@@H]12)c1csc(N)n1,
7884,6446_B3D,CO/N=C(/C(=O)N[C@@H]1C(=O)N2C(C(=O)O)=C(CN3C=CCC4=C3CCC4)CS[C@H]12)c1csc(N)n1,
7885,6447_B3D,CO/N=C(/C(=O)N[C@@H]1C(=O)N2C(C(=O)O)=C(CN3C=CN4N=CC=C[C@@H]34)CS[C@H]12)c1nsc(N)n1,
7886,6448_B3D,CO/N=C(/C(=O)N[C@@H]1C(=O)N2C(C(=O)O)=C(CN3NN=C(C)N3)CS[C@@H]12)c1csc(N)n1,
7887,6449_B3D,CO/N=C(/C(=O)N[C@@H]1C(=O)N2C(C(=O)O[C@H](C)OC(=O)C(C)(C)OC)=C(COC(N)=O)CS[C@@H]12)c1ccco1,
7888,6450_B3D,CO/N=C(/C(=O)N[C@H]1C(=O)N2C(C(=O)O)=C(CN3C=CCC4=C3CCCC4)CS[C@H]12)c1csc(N)n1,
7889,6451_B3D,CO/N=C(/C(=O)N[C@H]1C(=O)N2C(C(=O)O)=C(CN3CC=C(N)N3CCO)CS[C@@H]12)c1csc(N)n1,
7890,6452_B3D,CO/N=C(/C(=O)N[C@H]1C(=O)N2C(C(=O)O)=C(COC(C)=O)C[S@@+]([O-])[C@H]12)c1csc(N)n1,
7891,6453_B3D,CO/N=C(/C(=O)N[C@H]1C(=O)N2C(C(=O)OCOC(=O)C(C)(C)C)=CCS[C@H]12)c1csc(NC(=O)[C@@H](C)N)n1,
7892,6454_B3D,CO/N=C(\C(=O)N[C@@H]1C(=O)N(OCC(=O)OCC(=O)OC(C)(C)C)[C@@H]1C)c1csc(N)n1,
7893,6455_B3D,CO/N=C(\C(=O)N[C@@H]1C(=O)N2C(C(=O)O)=C(C)CS[C@@H]12)c1csc(N)n1,
7894,6456_B3D,CO/N=C(\C(=O)N[C@@H]1C(=O)N2C(C(=O)O)=C(COC(C)=O)CS[C@@H]12)c1csc(N)n1,
7895,6457_B3D,CO/N=C(\C(=O)N[C@@H]1C(=O)N2C(C(=O)O[C@@H](C)OC(C)=O)=C(COC(N)=O)CS[C@@H]12)c1ccco1,
7896,6458_B3D,CO/N=C(\C(=O)N[C@H]1C(=O)N(OCC(=O)O)[C@H]1C)c1csc(N)n1,
7897,6459_B3D,CO/N=C(\C(=O)N[C@H]1C(=O)N2C(C(=O)O)=C(/C=C/c3scnc3C)CS[C@@H]12)c1csc(N)n1,
7898,6460_B3D,CO/N=C(\C(=O)N[C@H]1C(=O)N2C(C(=O)O)=C(COC(C)=O)CS[C@H]12)c1ccco1,
7899,6461_B3D,CO/N=C(\C(=O)N[C@H]1C(=O)N2C(C(=O)O)=C(COC(N)=O)CS[C@@H]12)c1ccco1,
7900,6462_B3D,CO/N=C(\C(=O)N[C@H]1C(=O)N2C(C(=O)O)=C(CSC(=O)c3ccco3)CS[C@H]12)c1csc(N)n1,
7901,6463_B3D,CO/N=C(\C(=O)N[C@H]1C(=O)N2C(C(=O)O)=C(CSc3cnns3)CS[C@@H]12)c1csc(N)n1,
7902,6464_B3D,CO/N=C(\C(=O)N[C@H]1C(=O)N2C(C(=O)O)=C(CSc3nc(=O)c(=O)[nH]n3C)CS[C@H]12)c1csc(N)n1,
7903,6465_B3D,CO/N=C(\C(=O)N[C@H]1C(=O)N2C(C(=O)O)=C(CSc3nc(C)c(CC(=O)O)s3)CS[C@H]12)c1csc(N)n1,
7904,6466_B3D,CO/N=C(\C(=O)N[C@H]1C(=O)N2C(C(=O)O)=C(CSc3nnnn3C)CS[C@H]12)c1csc(N)n1,
7905,6467_B3D,COC(=O)C1=C(C)NC(C)=C(C(=O)OCCN(C)Cc2ccccc2)[C@H]1c1cccc([N+](=O)[O-])c1,
7906,6468_B3D,COC(=O)[C@H]1NC(=O)[C@H]2NC(=O)[C@@H](NC(=O)[C@H]3NC(=O)[C@H]4NC(=O)[C@H](NC(=O)[C@H](N)c5ccc(O)c(c5)Oc5cc4cc(O)c5C)[C@@H](O)c4ccc(c(Cl)c4)Oc4cc3cc(c4O)Oc3ccc(cc3Cl)[C@@H]2O[C@@H]2O[C@@H](CO)[C@@H](O)[C@@H](O)[C@H]2NC(C)=O)c2ccc(O)c(c2)-c2c(O)cc(O)cc21,
7907,6469_B3D,COC(=O)[C@H]1[C@@H]2C[C@@H]3c4[nH]c5cc(OC)ccc5c4CCN3C[C@H]2C[C@@H](OC)[C@@H]1OC,
7908,6470_B3D,COC(=O)[C@H]1[C@H](OC)[C@@H](OC(=O)c2cc(OC)c(OC)c(OC)c2)C[C@H]2CN3CCc4c([nH]c5ccc(Cl)cc45)[C@H]3C[C@@H]21,
7909,6471_B3D,COC(=O)[C@H]1[C@H](OC)[C@@H](OC(=O)c2cc(OC)c(OC)c(OC)c2)C[C@H]2CN3CCc4c([nH]c5ccccc45)[C@H]3C[C@@H]21,
7910,6472_B3D,COC(=O)c1cncn1[C@H](C)c1ccccc1,
7911,6473_B3D,COC(OC)C(=O)[C@]12OC(C)(C)O[C@H]1C[C@@H]1[C@H]3C[C@@H](F)C4=CC(=O)C=C[C@]4(C)[C@@]3(F)[C@H](O)C[C@@]12C,
7912,6474_B3D,COC1=C(C(=O)O)N2C(=O)[C@H](NC(=O)[C@H](N)C3C=CCC=C3)[C@H]2SC1,
7913,6475_B3D,COC1=C[C@@]23C[C@@]24CCCC[C@H]4[C@@H]2C[C@@]3(C=C1)CN2C,
7914,6476_B3D,COCC(=O)O[C@@]1(CCN(C)CCCc2nc3ccccc3[nH]2)CCc2cc(F)ccc2[C@@H]1C(C)C,
7915,6477_B3D,COCC1=C(C(=O)O)N2C(=O)[C@@H](NC(=O)/C(=N\O)c3csc(N)n3)[C@@H]2SC1,
7916,6478_B3D,COCCN1CC[C@@]23c4c5ccc(O)c4O[C@H]2C(=O)CC[C@@]3(O)[C@@H]1C5,
7917,6479_B3D,COCOC(=O)[C@@H]1N2C(=O)[C@H](N3C(=O)[C@@H](c4ccc(O)cc4)NC3(C)C)[C@@H]2SC1(C)C,
7918,6480_B3D,COCOC(=O)[C@H]1N2C(=O)[C@@H](N3C(=O)[C@H](c4ccccc4)NC3(C)C)[C@H]2SC1(C)C,
7919,6481_B3D,COCc1c(C(C)C)nc(C(C)C)c(/C=C/[C@H](O)C[C@H](O)CC(=O)O)c1-c1ccc(F)cc1,
7920,6482_B3D,CO[C@@H]1/C=C/O[C@@]2(C)Oc3c(C)c(O)c4c(O)c(c(/C=N/N5CCN(C6CCCC6)CC5)c(O)c4c3C2=O)NC(=O)/C(C)=C\C=C/[C@@H](C)[C@H](O)[C@H](C)[C@@H](O)[C@H](C)[C@H](OC(C)=O)[C@@H]1C,
7921,6483_B3D,CO[C@@H]1/C=C/O[C@]2(C)Oc3c(C)c(O)c4c(c3C2=O)C2=C(NC3(CCN(CC(C)C)CC3)N2)[C@@H](NC(=O)/C(C)=C/C=C/[C@@H](C)[C@@H](O)[C@@H](C)[C@@H](O)[C@H](C)[C@H](OC(C)=O)[C@@H]1C)C4=O,
7922,6484_B3D,CO[C@@H]1/C=C\O[C@]2(C)Oc3c(C)c(O)c4c(O)c(c5c(nc6cc(C)ccn65)c4c3C2=O)NC(=O)/C(C)=C/C=C/[C@@H](C)[C@H](O)[C@@H](C)[C@@H](O)[C@H](C)[C@@H](OC(C)=O)[C@@H]1C,
7923,6485_B3D,CO[C@@H]1CCC[C@@H]2C1=C(C=O)N1C(=O)[C@@H]([C@@H](C)O)[C@@H]21,
7924,6486_B3D,CO[C@@H]1C[C@H](O[C@@H]2[C@@H](C)[C@H](O[C@@H]3O[C@@H](C)C[C@H](N(C)C)[C@H]3OC(C)=O)[C@H](C)C[C@@]3(CO3)C(=O)[C@@H](C)[C@@H](OC(C)=O)[C@H](C)[C@@H](C)OC(=O)[C@@H]2C)O[C@H](C)[C@H]1OC(C)=O,
7925,6487_B3D,CO[C@@H]1C[C@H](O[C@H]2[C@@H](C)C(=O)O[C@H](C)[C@@H](C)[C@H](O)[C@H](C)C(=O)[C@]3(CO3)C[C@H](C)[C@H](O[C@@H]3O[C@H](C)C[C@@H](N(C)C)[C@@H]3O)[C@H]2C)O[C@@H](C)[C@H]1O,
7926,6488_B3D,CO[C@@H]1O[C@H]2O[C@]3(CN4CCCCC4)[C@@H](O)C[C@H]([C@@H]2C)[C@H]13,
7927,6489_B3D,CO[C@@H]1[C@@H](O)[C@H](N)[C@@H](O[C@H]2O[C@H]([C@H](C)N)CC[C@@H]2N)[C@H](O)[C@H]1N(C)C(=O)CN,
7928,6490_B3D,CO[C@@H]1[C@@H](OC(C)=O)CC(=O)O[C@@H](C)C/C=C/C=C\[C@H](O)[C@H](C)C[C@H](CC=O)[C@H]1O[C@@H]1O[C@H](C)[C@H](O[C@@H]2C[C@@](C)(O)[C@@H](OC(=O)CC(C)C)[C@@H](C)O2)[C@@H](N(C)C)[C@H]1O,
7929,6491_B3D,CO[C@@H]1[C@@H](O[C@@H]2O[C@@H](C)[C@H](O[C@H]3C[C@](C)(O)[C@H](O)[C@@H](C)O3)[C@H](N(C)C)[C@H]2O)[C@H](CC=O)C[C@@H](C)[C@H](O)/C=C/C=C\C[C@H](C)OC(=O)C[C@H]1O,
7930,6492_B3D,CO[C@@]1(NC(=O)CSC(F)F)C(=O)N2C(C(=O)O)=C(CSc3nnnn3CCO)CO[C@H]21,
7931,6493_B3D,CO[C@@]1(NC(=O)CSCC#N)C(=O)N2C(C(=O)O)=C(CSc3nnnn3C)CS[C@H]21,
7932,6494_B3D,CO[C@@]1(NC(=O)[C@@H](C(=O)O)c2ccc(O)cc2)C(=O)N2C(C(=O)O)=C(CSc3nnnn3C)CO[C@H]21,
7933,6495_B3D,CO[C@@]1(NC(=O)[C@H]2SC3=S2OC(N)=C3C(=O)O)C(=O)N2C(C(=O)O)=C(CSc3nnnn3C)CS[C@@H]21,
7934,6496_B3D,CO[C@@]12C=C[C@]3(C[C@@H]1C(C)(C)O)[C@H]1Cc4ccc(O)c5c4[C@@]3(CCN1CC1CC1)[C@H]2O5,
7935,6497_B3D,CO[C@@]12CC[C@]3(C[C@@H]1C(C)(C)O)[C@@H]1Cc4ccc(O)c5c4[C@]3(CCN1CC1CC1)[C@H]2O5,
7936,6498_B3D,CO[C@H](C(=O)N[C@H]1C(=O)N2[C@@H]1SC(C)(C)[C@H]2C(=O)O)c1ccc(Cl)c(Cl)c1,
7937,6499_B3D,CO[C@H](C(=O)[C@@H](O)[C@@H](C)O)[C@@H]1Cc2cc3cc(O[C@H]4C[C@@H](O[C@H]5C[C@@H](O)[C@H](O)[C@@H](C)O5)[C@@H](O)[C@@H](C)O4)c(C)c(O)c3c(O)c2C(=O)[C@H]1O[C@H]1C[C@@H](O[C@H]2C[C@@H](O[C@H]3C[C@](C)(O)[C@H](O)[C@@H](C)O3)[C@H](O)[C@@H](C)O2)[C@H](O)[C@@H](C)O1,
7938,6500_B3D,CO[C@H]1/C=C/O[C@@]2(C)Oc3c(C)c(O)c4c(O)c(c(/C=N/N5CCN(C)CC5)c(O)c4c3C2=O)NC(=O)/C(C)=C\C=C/[C@@H](C)[C@@H](O)[C@H](C)[C@@H](O)[C@H](C)[C@H](OC(C)=O)[C@@H]1C,
7939,6501_B3D,CO[C@H]1/C=C/O[C@@]2(C)Oc3c(C)c(O)c4c(O)c(cc(O)c4c3C2=O)NC(=O)/C(C)=C\C=C/[C@H](C)[C@H](O)[C@@H](C)[C@H](O)[C@H](C)[C@H](OC(C)=O)[C@@H]1C,
7940,6502_B3D,CO[C@H]1C[C@@H](O[C@@H]2[C@@H](C)O[C@@H](O[C@H]3/C(C)=C\C[C@@H]4C[C@@H](C[C@@]5(CC[C@H](C)[C@@H](C(C)C)O5)O4)OC(=O)[C@@H]4C=C(C)[C@@H](O)[C@@H]5OC/C(=C\C=C\[C@H]3C)[C@]54O)C[C@H]2OC)O[C@@H](C)[C@@H]1O,
7941,6503_B3D,CO[C@H]1[C@@H](O)CC(=O)O[C@@H](C)C/C=C/C=C/[C@H](O[C@@H]2CC[C@@H](N(C)C)[C@H](C)O2)[C@H](C)C[C@@H](CC=O)[C@@H]1O[C@H]1O[C@@H](C)[C@@H](O[C@@H]2C[C@@](C)(O)[C@H](O)[C@@H](C)O2)[C@@H](N(C)C)[C@@H]1O,
7942,6504_B3D,CO[C@H]1[C@H](OC(N)=O)[C@@H](O)[C@@H](Oc2ccc3c(O)c(NC(=O)c4ccc(O)c(CC=C(C)C)c4)c(=O)oc3c2C)OC1(C)C,
7943,6505_B3D,CO[C@]1(F)C(F)(F)[C@]1(F)Cl,
7944,6506_B3D,CO[C@]1(NC(=O)C2SC(=C(C#N)C(=O)O)S2)C(=O)N2C(C(=O)O)=C(CSc3nnnn3C)CS[C@@H]21,
7945,6507_B3D,CO[C@]1(NC(=O)CSC[C@H](N)C(=O)O)C(=O)N2C(C(=O)O)=C(CSc3nnnn3C)CS[C@@H]21,
7946,6508_B3D,CO[C@]1(NC(=O)Cc2cccs2)C(=O)N2C(C(=O)O)=C(COC(N)=O)CS[C@@H]21,
7947,6509_B3D,CO[C@]1(NC(=O)[C@@H](C(=O)O)c2ccsc2)C(=O)N2[C@H](C(=O)O)C(C)(C)S[C@@H]21,
7948,6510_B3D,CO[C@]12[C@H](COC(N)=O)C3=C(C(=O)C(C)=C(N)C3=O)N1C[C@@H]1N[C@@H]12,
7949,6511_B3D,COc1cc([C@@H]2c3cc4c(cc3[C@@H](O[C@H]3O[C@H]5CO[C@H](C)O[C@@H]5[C@H](O)[C@H]3O)[C@@H]3COC(=O)[C@H]32)OCO4)cc(OC)c1O,
7950,6512_B3D,COc1cc([C@H]2c3cc4c(cc3[C@H](O[C@H]3O[C@H]5CO[C@H](c6cccs6)O[C@H]5[C@H](O)[C@H]3O)[C@@H]3COC(=O)[C@@H]23)OCO4)cc(OC)c1OC,
7951,6513_B3D,COc1cc2c(c(OC)c1OC)-c1ccc(OC)c(=O)cc1[C@H](NC(C)=O)CC2,
7952,6514_B3D,COc1cc2c(cc1OC)C(=O)[C@H](CC1CCN(Cc3ccccc3)CC1)C2,
7953,6515_B3D,COc1cc2c(cc1OC)S(=O)(=O)O[C@@H](C(=O)N[C@@H](C)CC(C)(C)N(C)C)C2,
7954,6516_B3D,COc1cc2c(cc1OC)[C@@H]1CC(=O)[C@H](CC(C)C)CN1CC2,
7955,6517_B3D,COc1cc2c3c(c1O)C1(C=CC(=O)C=C1)C[C@H]3N(C)CC2,
7956,6518_B3D,COc1ccc(-c2cc(=O)c3c(O)cc(O[C@@H]4O[C@@H](CO[C@@H]5O[C@H](C)[C@H](O)[C@@H](O)[C@H]5O)[C@H](O)[C@@H](O)[C@@H]4O)cc3o2)cc1O,
7957,6519_B3D,COc1ccc(N2C[C@@H](CN3CCC(O)(c4ccc5c(c4)OCO5)CC3)OC2=O)cc1,
7958,6520_B3D,COc1ccc(OC[C@H]2CN(C)CC[C@@H]2c2ccccc2)cc1,
7959,6521_B3D,COc1ccc(S(N)(=O)=O)cc1C(=O)NC[C@H]1CCCN1C,
7960,6522_B3D,COc1ccc(S(N)(=O)=O)cc1C(=O)NC[C@H]1CCCN1Cc1ccc(F)cc1,
7961,6523_B3D,COc1ccc([C@@H](O)CN2CCN(c3cccccc3=O)CC2)cc1OC,
7962,6524_B3D,COc1ccc([C@H](CN(C)C)C2(O)CCCCC2)cc1,
7963,6525_B3D,COc1ccc2c(c1)CN(C)C[C@@H]2c1ccc(Cl)c(Cl)c1,
7964,6526_B3D,COc1ccc2c(c1)N(C[C@H](C)CN1CCC(O)CC1)c1ccccc1S2,
7965,6527_B3D,COc1ccc2c(c1)[C@@](O)(CCCN(C)C)c1ccccc1S2,
7966,6528_B3D,COc1ccc2c(c1OC)[C@]13CCN(C)[C@H](C2)[C@]1(O)CC[C@H](O)C3,
7967,6529_B3D,COc1ccc2c3c([nH]c2c1)[C@H]1C[C@@H]2[C@H](C[C@@H](OC(=O)c4cc(OC)c(OC)c(OC)c4)[C@H](OC)[C@H]2OC(C)=O)CN1CC3,
7968,6530_B3D,COc1ccc2c3c1O[C@@H]1C(=O)CC[C@@H]4[C@H](C2)N(C)CC[C@@]314,
7969,6531_B3D,COc1ccc2c3c1O[C@@H]1C(OC(C)=O)=CC[C@H]4[C@H](C2)N(C)CC[C@@]314,
7970,6532_B3D,COc1ccc2c3c1O[C@@H]1[C@@H](O)C=C[C@@H]4[C@H](C2)N(C)CC[C@]341,
7971,6533_B3D,COc1ccc2c3c1O[C@@H]1[C@@H](O)CC[C@@H]4[C@H](C2)N(C)CC[C@]341,
7972,6534_B3D,COc1ccc2c3c1O[C@H]1C(=O)CC[C@]4(O)[C@@H](C2)N(C)CC[C@]314,
7973,6535_B3D,COc1ccc2c3c1O[C@H]1C[C@H](O)C=C[C@@]31CCN(C)C2,
7974,6536_B3D,COc1ccc2c3c1O[C@H]1[C@H](O)C=C[C@@H]4[C@@H](C2)NCC[C@@]341,
7975,6537_B3D,COc1ccc2c3c1O[C@H]1[C@H](OC(=O)c4cccnc4)CC[C@@H]4[C@@H](C2)N(C)CC[C@@]341,
7976,6538_B3D,COc1cccc2c1C(=O)c1c(O)c3c(c(O)c1C2=O)C[C@@](O)(/C(C)=N/NC(=O)c1ccccc1)C[C@H]3O[C@H]1C[C@H](N)[C@@H](O)[C@@H](C)O1,
7977,6539_B3D,COc1cccc2c1C(=O)c1c(O)c3c(c(O)c1C2=O)C[C@@](O)(C(=O)CO)C[C@@H]3O[C@@H]1C[C@@H](N)[C@H](O)[C@@H](C)O1,
7978,6540_B3D,COc1cccc2c1C(=O)c1c(O)c3c(c(O)c1C2=O)C[C@](O)(C(=O)CO)C[C@@H]3O[C@@H]1C[C@@H](NC(=O)[C@@H](N)CC(C)C)[C@@H](O)[C@H](C)O1,
7979,6541_B3D,COc1cccc2c1C(=O)c1c(O)c3c(c(O)c1C2=O)C[C@](O)(C(=O)CO)C[C@@H]3O[C@@H]1C[C@H](N)C[C@H](C)O1,
7980,6542_B3D,COc1cccc2c1C(=O)c1c(O)c3c(c(O)c1C2=O)C[C@](O)(C(=O)CO)C[C@@H]3O[C@@H]1C[C@H](N)[C@@H](O[C@@H]2CCCCO2)[C@@H](C)O1,
7981,6543_B3D,COc1cccc2c1C(=O)c1c(O)c3c(c(O)c1C2=O)C[C@](O)(C(C)=O)C[C@@H]3O[C@@H]1C[C@@H](N)[C@H](O)[C@@H](C)O1,
7982,6544_B3D,COc1cccc2c1C(=O)c1c(O)c3c(c(O)c1C2=O)C[C@](O)([C@@H](O)CO)C[C@H]3O,
7983,6545_B3D,COc1ccccc1N1CCN(CCCCN2C(=O)[C@@H]3C(=O)N(C(C)(C)C)C(=O)[C@@H](C2=O)C3(C)C)CC1,
7984,6546_B3D,COc1ccccc1N1CCN(CCC[C@@H](O)c2ccc(F)cc2)CC1,
7985,6547_B3D,COc1ccccc1N1CCN(C[C@@H](O)COc2cc(OC)c(OC)c(OC)c2)CC1,
7986,6548_B3D,COc1ccccc1OC[C@H]1CNC(=O)O1,
7987,6549_B3D,COc1cccnc1CCCCNC1=NC(=O)[C@H](Cc2ccc(C)nc2)C=N1,
7988,6550_B3D,CS(=O)(=O)c1ccc([C@@H](O)[C@H](CF)NC(=O)C(Cl)Cl)cc1,
7989,6551_B3D,CS(=O)(=O)c1ccc([C@@H](O)[C@H](CO)NC(=O)C(Cl)Cl)cc1,
7990,6552_B3D,CSC(=O)[C@@]1(O)[C@@H](C)C[C@H]2[C@@H]3CCC4=CC(=O)C=C[C@]4(C)[C@@]3(F)[C@H](O)C[C@@]21C,
7991,6553_B3D,CSC(=O)[C@]1(OC(C)=O)[C@@H](C)C[C@@H]2[C@H]3CCC4=CC(=O)C=C[C@@]4(C)[C@]3(F)[C@@H](O)C[C@]21C,
7992,6554_B3D,CSCC[C@@H](NC(C)=O)C(=O)Oc1ccc(NC(C)=O)cc1,
7993,6555_B3D,C[C@@H](C(=O)O)c1cccc(C(=O)c2ccccc2)c1,
7994,6556_B3D,C[C@@H](CC1c2ccccc2CCc2ccccc21)CN(C)C,
7995,6557_B3D,C[C@@H](CNC(=O)c1ccccc1)C(=O)OCC(=O)[C@@]12OC(C)(C)O[C@@H]1C[C@@H]1[C@H]3CCC4=CC(=O)C=C[C@]4(C)[C@@]3(F)[C@H](O)C[C@]12C,
7996,6558_B3D,C[C@@H](Cc1ccccc1)N[C@@H](C#N)c1ccccc1,
7997,6559_B3D,C[C@@H](N)C(=O)OC(C)(C)Cc1ccc(Cl)cc1,
7998,6560_B3D,C[C@@H](N)C(=O)c1ccccc1,
7999,6561_B3D,C[C@@H](N)Cc1ccc(O)cc1,
8000,6562_B3D,C[C@@H](Oc1ccccc1)C(=O)N[C@@H]1C(=O)N2[C@H]1SC(C)(C)[C@H]2C(=O)O,
8001,6563_B3D,C[C@@H]1C(S[C@@H]2CN3C=NCN3C2)=C(C(=O)O)N2C(=O)[C@@H]([C@@H](C)O)[C@H]12,
8002,6564_B3D,C[C@@H]1C(S[C@@H]2CN[C@H](C(=O)N(C)C)C2)=C(C(=O)O)N2C(=O)[C@@H]([C@H](C)O)[C@@H]12,
8003,6565_B3D,C[C@@H]1CCCC[C@@]1(c1cccs1)N1CCCCC1,
8004,6566_B3D,C[C@@H]1C[C@@H]2[C@H]3CCC4=CC(=O)C=C[C@@]4(C)[C@]3(F)[C@@H](O)C[C@@]2(C)[C@]1(C)C(=O)CO,
8005,6567_B3D,C[C@@H]1C[C@@H]2[C@H]3C[C@@H](F)C4=CC(=O)C=C[C@@]4(C)[C@H]3[C@@H](O)C[C@@]2(C)[C@@H]1C(=O)CO,
8006,6568_B3D,C[C@@H]1C[C@@H]2[C@H]3C[C@@H](F)C4=CC(=O)C=C[C@@]4(C)[C@]3(F)[C@@H](O)C[C@@]2(C)[C@@H]1C(=O)CO,
8007,6569_B3D,C[C@@H]1C[C@@H]2[C@H]3C[C@@H](F)C4=CC(=O)C=C[C@@]4(C)[C@]3(F)[C@@H](O)C[C@@]2(C)[C@]1(O)C(=O)SCF,
8008,6570_B3D,C[C@@H]1C[C@H]2[C@@H]([C@H](O)C[C@@]3(C)[C@@H]2CC[C@]3(O)C(=O)CO)[C@]2(C)C=CC(=O)C=C12,
8009,6571_B3D,C[C@@H]1C[C@H]2[C@@H]3CC(F)(F)C4=CC(=O)C=C[C@]4(C)[C@@]3(F)[C@H](O)C[C@]2(C)[C@@]1(O)C(=O)CO,
8010,6572_B3D,C[C@@H]1C[C@H]2[C@@H]3CCC4=CC(=O)C=C[C@]4(C)[C@@]3(Cl)[C@@H](O)C[C@@]2(C)[C@@]1(OC(=O)c1ccco1)C(=O)CCl,
8011,6573_B3D,C[C@@H]1C[C@H]2[C@@H]3CCC4=CC(=O)C=C[C@]4(C)[C@@]3(Cl)[C@H](O)C[C@@]2(C)[C@]1(O)C(=O)CO,
8012,6574_B3D,C[C@@H]1C[C@H]2[C@@H]3CCC4=CC(=O)C=C[C@]4(C)[C@@]3(F)[C@H](O)C[C@]2(C)[C@H]1C(=O)CO,
8013,6575_B3D,C[C@@H]1C[C@H]2[C@@H]3C[C@@H](F)C4=CC(=O)C=C[C@]4(C)[C@@]3(Cl)[C@H](F)C[C@@]2(C)[C@@H]1C(=O)CO,
8014,6576_B3D,C[C@@H]1C[C@H]2[C@@H]3C[C@H](F)C4=CC(=O)C=C[C@]4(C)[C@H]3[C@@H](O)C[C@@]2(C)[C@]1(O)C(=O)CO,
8015,6577_B3D,C[C@@H]1C[C@H]2[C@@H]3[C@@H](Cl)CC4=CC(=O)C=C[C@]4(C)[C@H]3[C@@H](O)C[C@@]2(C)[C@]1(O)C(=O)CO,
8016,6578_B3D,C[C@@H]1NCCO[C@@H]1c1ccccc1,
8017,6579_B3D,C[C@@H]1O[C@@H](O[C@@H]2/C=C\C=C\C=C\C=C\C=C/C=C/C=C/[C@H](C)[C@@H](O)[C@H](C)[C@@H](C)OC(=O)C[C@@H](O)C[C@H](O)C[C@H](O)CC[C@H](O)[C@@H](O)C[C@@]3(O)C[C@H](O)[C@H](C(=O)O)[C@H](C2)O3)[C@H](O)[C@@H](N)[C@@H]1O,
8018,6580_B3D,C[C@@H]1O[C@@H](O[C@H]2CC[C@]3(C)[C@@H](CC[C@@H]4[C@@H]3C[C@H](O)[C@@]3(C)[C@@H](C5=CC(=O)OC5)CC[C@@]43O)C2)C[C@@H](O)[C@@H]1O[C@@H]1C[C@H](O)[C@@H](O[C@@H]2C[C@H](O)[C@@H](O)[C@H](C)O2)[C@H](C)O1,
8019,6581_B3D,C[C@@H]1O[C@H](O[C@H]2/C=C/C=C/C=C\C=C\C=C\C=C\C=C\[C@H](C)[C@@H](O)[C@@H](C)[C@@H](C)OC(=O)C[C@H](O)C[C@@H](O)CC[C@@H](O)[C@@H](O)C[C@@H](O)C[C@@]3(O)C[C@@H](O)[C@H](C(=O)O)[C@@H](C2)O3)[C@@H](O)[C@H](N)[C@H]1O,
8020,6582_B3D,C[C@@H]1O[C@]2(CCCC[C@H]2Oc2cccc(Cl)c2)NC1=O,
8021,6583_B3D,C[C@@H]1[C@@H]2Cc3ccc(O)cc3[C@]1(C)CCN2C,
8022,6584_B3D,C[C@@H]1[C@@H]2Cc3ccc(O)cc3[C@]1(C)CCN2CC1CC1,
8023,6585_B3D,C[C@@H]1[C@H](NC(=O)/C(=N/OC(C)(C)C(=O)O)c2csc(N)n2)C(=O)N1S(=O)(=O)O,
8024,6586_B3D,C[C@@H]1[C@H]2Cc3ccc(O)cc3[C@]1(C)CCN2CCc1ccccc1,
8025,6587_B3D,C[C@@H]1c2ccccc2[C@H](CCCN(C)C)c2cc(C(F)(F)F)ccc21,
8026,6588_B3D,C[C@@](Cc1ccccc1)(NC(=O)CN)c1ccccc1,
8027,6589_B3D,C[C@@]1(c2ccccc2)CC(=O)N(CN2CCOCC2)C1=O,
8028,6590_B3D,C[C@@]12C=CC(=O)C=C1CC[C@@H]1[C@H]3CC[C@@](O)(C(=O)CO)[C@]3(C)C[C@H](O)[C@]12F,
8029,6591_B3D,C[C@@]12C=CC(=O)C=C1CC[C@H]1[C@@H]3C[C@@H]4Cc5ccccc5C[C@]4(C(=O)CO)[C@]3(C)C[C@H](O)[C@]12F,
8030,6592_B3D,C[C@@]12C=CC(=O)C=C1CC[C@H]1[C@H]2[C@H](O)C[C@@]2(C)[C@@H]1CC[C@]2(O)C(=O)COC(=O)CCC(=O)O,
8031,6593_B3D,C[C@@]12C=CC(=O)C=C1[C@@H](Cl)C[C@@H]1[C@@H]2C(=O)C[C@]2(C)[C@H]1CC[C@@]2(O)C(=O)CO,
8032,6594_B3D,C[C@@]12C=CC(=O)C=C1[C@H](F)C[C@H]1[C@H]2[C@@H](O)C[C@]2(C)[C@@H]1CC[C@@]2(O)C(=O)CO,
8033,6595_B3D,C[C@@]12C=CC(=O)[C@H]1C(=O)CC[C@@H]1[C@@H]3CC[C@](O)(C(=O)CO)[C@@]3(C)C[C@H](O)[C@H]12,
8034,6596_B3D,C[C@@]12CC(=O)[C@@H]3[C@H](CC[C@@H]4C[C@H](O)CC[C@]43C)[C@H]1CC[C@@H]2C(=O)CO,
8035,6597_B3D,C[C@@]12CC3CC(N)(C1)C[C@](C)(C3)C2,
8036,6598_B3D,C[C@@]12CCC(=O)C=C1CC[C@@H]1[C@@H]2C(=O)C[C@]2(C)[C@H]1CC[C@@]2(O)C(=O)CO,
8037,6599_B3D,C[C@@]12CCC(=O)C=C1CC[C@@H]1[C@@H]2CC[C@]2(C)[C@@H](O)CC[C@@H]12,
8038,6600_B3D,C[C@@]12CCC(=O)C=C1CC[C@@H]1[C@H]3CC[C@@](O)(C(=O)CO)[C@]3(C)C[C@H](O)[C@]12F,
8039,6601_B3D,C[C@@]12CCC(=O)C=C1CC[C@H]1[C@H]2[C@@H](O)C[C@@]2(C)[C@@H]1CC[C@]2(O)C(=O)COC(=O)CCC1CCCC1,
8040,6602_B3D,C[C@@]12CCC(=O)C=C1CC[C@H]1[C@H]2[C@@H]2C[C@]3([C@@H](O)O2)[C@@H](C(=O)CO)CC[C@H]13,
8041,6603_B3D,C[C@@]12C[C@H](N)[C@@H]1CN(c1nc3c(cc1F)c(=O)c(C(=O)O)cn3C1CC1)C2,
8042,6604_B3D,C[C@H](CC(C)(C)O)O[C@H](O)C(Cl)(Cl)Cl,
8043,6605_B3D,C[C@H](CN(C)C)CN1c2ccccc2CCc2ccccc21,
8044,6606_B3D,C[C@H](CN(C)C)CN1c2ccccc2S(=O)(=O)c2ccccc21,
8045,6607_B3D,C[C@H](CN(C)C)CN1c2ccccc2Sc2ccc(C#N)cc21,
8046,6608_B3D,C[C@H](CN(C)C)CN1c2ccccc2Sc2ccc(C(F)(F)F)cc21,
8047,6609_B3D,C[C@H](CN(C)C)CN1c2ccccc2Sc2ccccc21,
8048,6610_B3D,C[C@H](CN(C)C)O[C@@](C)(c1ccccc1)c1ccc(Cl)cc1,
8049,6611_B3D,C[C@H](CN1C(=O)c2cccnc2Nc2ccccc21)N(C)C,
8050,6612_B3D,C[C@H](Cc1ccccc1)N(C)C,
8051,6613_B3D,C[C@H](Cc1ccccc1)N1C=C(NC(=O)Nc2ccccc2)ON1,
8052,6614_B3D,C[C@H](Cc1ccccc1)NCCC1c2ccccc2Sc2ccccc21,
8053,6615_B3D,C[C@H](O)[C@@H]1C(=O)N2C(C(=O)O)=C(COC(N)=O)S[C@@H]12,
8054,6616_B3D,C[C@H](O)[C@@H]1C(=O)N2C(C(=O)O)=C([C@@H]3CCCO3)S[C@H]12,
8055,6617_B3D,C[C@H](O)[C@H]1C(=O)N2C(C(=O)O)=C(F)S[C@H]12,
8056,6618_B3D,C[C@H]1CN(C)C[C@H]2Cc3c(ccc4ccccc34)O[C@@]12O,
8057,6619_B3D,C[C@H]1CN2CC(=O)Nc3ccc(Cl)cc3[C@]2(c2ccccc2)O1,
8058,6620_B3D,C[C@H]1CO[C@]2(c3ccccc3Cl)c3cc(Cl)ccc3NC(=O)CN12,
8059,6621_B3D,C[C@H]1C[C@@H]2CCC[C@](N3CC[C@H]3C(=O)O)(C1)C2,
8060,6622_B3D,C[C@H]1C[C@@H]2[C@H]([C@@H](O)C[C@]3(C)[C@H]2CC[C@@]3(O)C(=O)COC(=O)CCC(=O)O)[C@@]2(C)C=CC(=O)C=C12,
8061,6623_B3D,C[C@H]1C[C@@H]2[C@H]3CCC4=CC(=O)C=C[C@@]4(C)[C@]3(F)C(=O)C[C@]2(C)[C@@]1(O)C(=O)CCl,
8062,6624_B3D,C[C@H]1C[C@@H]2[C@H]3CCC4=CC(=O)C=C[C@@]4(C)[C@]3(F)[C@@H](O)C[C@]2(C)[C@@]1(O)C(=O)CCl,
8063,6625_B3D,C[C@H]1C[C@@H]2[C@H]3CCC4=CC(=O)C=C[C@@]4(C)[C@]3(F)[C@@H](O)C[C@]2(C)[C@@]1(OC(=O)c1ccccc1)C(=O)CO,
8064,6626_B3D,C[C@H]1C[C@@H]2[C@H]3CCC4=CC(=O)C=C[C@]4(C)[C@@H]3C(=O)C[C@]2(C)[C@@]1(O)C(=O)CO,
8065,6627_B3D,C[C@H]1C[C@@H]2[C@H]3C[C@@H](F)C4=CC(=O)C(Cl)=C[C@@]4(C)[C@]3(F)[C@@H](O)C[C@]2(C)[C@@]1(O)C(=O)CO,
8066,6628_B3D,C[C@H]1C[C@@H]2[C@H]3C[C@@H](F)C4=CC(=O)C=C[C@@]4(C)[C@]3(F)[C@@H](O)C[C@@]2(C)[C@]1(O)C(=O)CCl,
8067,6629_B3D,C[C@H]1C[C@@H]2[C@H]3C[C@@H](F)C4=CC(=O)C=C[C@@]4(C)[C@]3(F)[C@@H](O)C[C@]2(C)[C@@]1(O)C(=O)CO,
8068,6630_B3D,C[C@H]1C[C@@H]2[C@H]3C[C@@H](F)C4=CC(=O)C=C[C@@]4(C)[C@]3(F)[C@@H](O)C[C@]2(C)[C@@]1(O)C(=O)COC(=O)C(C)(C)C,
8069,6631_B3D,C[C@H]1C[C@@H]2[C@H]3C[C@H](F)C4=CC(=O)C=C[C@@]4(C)[C@]3(Cl)[C@@H](O)C[C@]2(C)[C@H]1C(=O)CO,
8070,6632_B3D,C[C@H]1C[C@@H]2[C@H]3C[C@H](F)C4=CC(=O)C=C[C@@]4(C)[C@]3(Cl)[C@@H](O)C[C@]2(C)[C@H]1C(=O)COC(=O)C(C)(C)C,
8071,6633_B3D,C[C@H]1C[C@H]2[C@@H]3CC[C@@H](C(=O)O)[C@]3(C)C[C@@H](O)[C@H]2[C@@]2(C)CCC(=O)C=C12,
8072,6634_B3D,C[C@H]1C[C@H]2[C@@H]3C[C@H](F)C4=CC(=O)C=C[C@]4(C)[C@@]3(F)[C@H](O)C[C@]2(C)[C@H]1C(=O)COC(=O)C(C)(C)C,
8073,6635_B3D,C[C@H]1N=C(c2ccccc2Cl)c2cc([N+](=O)[O-])ccc2NC1=O,
8074,6636_B3D,C[C@H]1NC(=O)CO[C@H]1c1ccccc1,
8075,6637_B3D,C[C@H]1NC(=O)[C@H](NC(=O)c2ncccc2O)[C@@H](C)OC(=O)[C@H](c2ccccc2)NC(=O)[C@@H]2CC(=O)CCN2C(=O)[C@@H](Cc2ccc(N(C)C)cc2)N(C)C(=O)[C@@H]2CCCN2C1=O,
8076,6638_B3D,C[C@H]1O[C@@H](O[C@@H]2C[C@](O)(C(=O)CO)Cc3c(O)c4c(c(O)c32)C(=O)c2ccccc2C4=O)C[C@@H](N)[C@@H]1O,
8077,6639_B3D,C[C@H]1[C@@H](c2ccccc2)OCCN1C,
8078,6640_B3D,C[C@H]1[C@H]2C(=O)c3ccc(O)cc3[C@@]1(C)CCN2CC1CC1,
8079,6641_B3D,C[C@H]1c2cccc(O)c2C(O)=C2C(=O)[C@@]3(O)C(O)=C(C(N)=O)C(=O)[C@@H](N(C)C)[C@H]3[C@@H](O)[C@H]21,
8080,6642_B3D,C[C@]1(c2ccccc2)O[C@@H]2C[C@H]3[C@@H]4CCC5=CC(=O)C=C[C@]5(C)[C@@]4(F)[C@H](O)C[C@@]3(C)[C@]2(C(=O)CO)O1,
8081,6643_B3D,C[C@]12C=CC(=O)C=C1C(Cl)=C[C@@H]1[C@@H]2[C@@H](O)C[C@]2(C)[C@H]1CC[C@@]2(O)C(=O)CO,
8082,6644_B3D,C[C@]12C=CC(=O)C=C1CC[C@@H]1[C@@H]2C(=O)C[C@]2(C)[C@H]1CC[C@@]2(O)C(=O)CO,
8083,6645_B3D,C[C@]12C=CC(=O)C=C1CC[C@@H]1[C@@H]2[C@@H](O)C[C@]2(C)[C@H]1CC[C@@]2(O)C(=O)CO,
8084,6646_B3D,C[C@]12C=CC(=O)C=C1CC[C@H]1[C@@H]3CC[C@@](O)(C(=O)CO)[C@]3(C)C[C@@H](Cl)[C@@]12Cl,
8085,6647_B3D,C[C@]12CCC(=O)C=C1CC[C@@H]1[C@@H]2CC[C@]2(C)[C@H]1CC[C@@]2(O)C(=O)CO,
8086,6648_B3D,C[C@]12CCC(=O)C=C1CC[C@@H]1[C@@H]2[C@@H](O)C[C@@]2(C=O)[C@@H](C(=O)CO)CC[C@H]12,
8087,6649_B3D,C[C@]12CCC(=O)C=C1CC[C@@H]1[C@@H]2[C@H](O)C[C@]2(C)[C@H]1CC[C@@]2(O)C(=O)COC(=O)CCC(=O)O,
8088,6650_B3D,C[C@]12CCC(=O)C=C1CC[C@@H]1[C@@H]2[C@H](O)C[C@]2(C)[C@H]1CC[C@@]2(O)C(=O)CS,
8089,6651_B3D,C[C@]12CCCCC[C@@H](Cc3ccc(O)cc31)[C@H]2N,
8090,6652_B3D,C[C@]12CC[C@H]3c4ccc(O)cc4CC[C@H]3[C@@H]1CC[C@H]2O,
8091,6653_B3D,C[C@]12C[C@@H](O)[C@@]3(F)[C@@H](CCC4=CC(=O)C=C[C@@]43C)[C@@H]1C[C@H](O)[C@]2(O)C(=O)CO,
8092,6654_B3D,C[C@]12C[C@@H](O)[C@@]3(F)[C@@H](C[C@H](F)C4=CC(=O)C=C[C@@]43C)[C@@H]1C[C@H](O)[C@]2(O)C(=O)CO,
8093,6655_B3D,C[N+]1([O-])[C@H]2CC[C@@H]1CC(OC(=O)[C@@H](CO)c1ccccc1)C2,
8094,6656_B3D,Cc1c(C)c2c(c(C)c1O)CC[C@](C)(CCC[C@@H](C)CCC[C@@H](C)CCCC(C)C)O2,
8095,6657_B3D,Cc1c(O)cccc1C(=O)N[C@@H](CSc1ccccc1)[C@H](O)CN1C[C@H]2CCCC[C@H]2C[C@H]1C(=O)NC(C)C,
8096,6658_B3D,Cc1c(O)cccc1C(=O)N[C@H](CSc1ccccc1)[C@@H](O)CN1C[C@H]2CCCC[C@@H]2C[C@@H]1C(=O)NC(C)(C)C,
8097,6659_B3D,Cc1cc(=O)c(C(=O)N[C@@H](C(=O)N[C@@H]2C(=O)N3C(C(=O)O)=C(CSc4nnnn4C)CS[C@@H]23)c2ccc(O)cc2)c[nH]1,
8098,6660_B3D,Cc1cc(N(C)C)ccc1C[C@@H](C)N,
8099,6661_B3D,Cc1ccc(C(=O)N[C@@H]2C(=O)N[C@H](C(C)C)C(=O)N3CCC[C@@H]3C(=O)N(C)CC(=O)N(C)[C@@H](C(C)C)C(=O)O[C@H]2C)c2c1OC1=C(N2)C(C(=O)N[C@H]2C(=O)N[C@@H](C(C)C)C(=O)N3CCC[C@H]3C(=O)N(C)CC(=O)N(C)[C@H](C(C)C)C(=O)O[C@@H]2C)=C(N)C(=O)[C@@H]1C,
8100,6662_B3D,Cc1ccc2c(c1)[C@@H]1CN(C)CC[C@H]1N2,
8101,6663_B3D,Cc1ccc2c(c1)[C@@]13CCCC[C@@H]1[C@@H](C2)N(C)CC3,
8102,6664_B3D,Cc1ccc2c(c1)c1c3n2CCN[C@@H]3CCC1,
8103,6665_B3D,Cc1cccc(C)c1OC[C@@H](C)N,
8104,6666_B3D,Cc1cccc(N2C[C@H](CO)OC2=O)c1,
8105,6667_B3D,Cc1cccc2c1Oc1ccccc1[C@]1(O)CCNC[C@H]21,
8106,6668_B3D,Cc1ccccc1OC[C@@H](CO[C@@H](O)C(Cl)(Cl)Cl)O[C@H](O)C(Cl)(Cl)Cl,
8107,6669_B3D,Cc1nccn1[C@H](C)c1ccccc1,
8108,6670_B3D,Cc1nnc(SCC2=C(C(=O)O)N3C(=O)[C@@H](NC(=O)[C@@H](O)c4ccccc4)[C@H]3SC2)s1,
8109,6671_B3D,Cc1nnc(SCC2=C(C(=O)O)N3C(=O)[C@H](NC(=O)Cn4cnnn4)[C@@H]3SC2)s1,
8110,6672_B3D,Cc1nnc(SCC2=C(C(=O)O)N3C(=O)[C@H](NC(=O)[C@@H](N)c4ccc(O)cc4)[C@@H]3SC2)s1,
8111,6673_B3D,Cc1oc(=O)oc1COC(=O)[C@H]1N2C(=O)[C@@H](NC(=O)[C@@H](N)c3ccccc3)[C@@H]2SC1(C)C,
8112,6674_B3D,Cc1onc(-c2c(Cl)cccc2Cl)c1C(=O)N[C@@H]1C(=O)N2[C@H]1SC(C)(C)[C@@H]2C(=O)O,
8113,6675_B3D,Cc1onc(-c2c(F)cccc2Cl)c1C(=O)N[C@H]1C(=O)N2[C@@H](C(=O)O)C(C)(C)S[C@H]12,
8114,6676_B3D,Cc1onc(-c2ccccc2)c1C(=O)N[C@@H]1C(=O)N2[C@H]1SC(C)(C)[C@@H]2C(=O)O,
8115,6677_B3D,Cc1onc(-c2ccccc2Cl)c1C(=O)N[C@@H]1C(=O)N2[C@H]1SC(C)(C)[C@@H]2C(=O)O,
8116,6678_B3D,Cl/C(=C\N1CN=CN1)c1ccc(Cl)cc1Cl,
8117,6679_B3D,Clc1ccc(CO[C@@H](Cn2ccnc2)c2ccc(Cl)cc2Cl)c(Cl)c1,
8118,6680_B3D,Clc1ccc([C@H]2[C@H]3CC[C@H](C3)[C@]23CCC(N2CCOCC2)=N3)cc1,
8119,6681_B3D,Clc1ccc2c(c1)/C(=C/[C@@H]1CN3CCC1CC3)c1ccccc1S2,
8120,6682_B3D,Cn1c(=O)c2c(ncn2CCNC[C@H](O)c2ccc(O)c(O)c2)n(C)c1=O,
8121,6683_B3D,Cn1nnnc1SCC1=C(C(=O)O)N2C(=O)[C@@H](NC(=O)CSC(F)(F)F)[C@@H]2SC1,
8122,6684_B3D,Cn1nnnc1SCC1=C(C(=O)O)N2C(=O)[C@H](NC(=O)CS/C=C/C#N)[C@H]2SC1,
8123,6685_B3D,Cn1nnnc1SCC1=C(C(=O)O)N2C(=O)[C@H](NC(=O)[C@H](O)c3ccccc3)[C@H]2SC1,
8124,6686_B3D,FC(F)(F)c1cccc(N2CCN(CCc3nnc4n3C[C@@H]3CCC[C@@H]43)CC2)c1,
8125,6687_B3D,Fc1ccc([C@H]2CCNC[C@@H]2COc2ccc3c(c2)OCO3)cc1,
8126,6688_B3D,N#CC(=C\c1ccc(O)cc1)/C(C#N)=C/c1ccc(O)cc1,
8127,6689_B3D,N#CCN[C@@H]1CCc2ccccc21,
8128,6690_B3D,N=C1NC(=O)[C@@H](c2ccccc2)O1,
8129,6691_B3D,NC(=O)C1C=CN(CC2=C(C(=O)O)N3C(=O)[C@H](NC(=O)Cc4cccs4)[C@H]3SC2)C=C1,
8130,6692_B3D,NC(=O)C1C=CN(C[C@H]2CS[C@@H]3[C@@H](NC(=O)[C@H](c4ccccc4)S(=O)(=O)O)C(=O)N3[C@H]2C(=O)O)C=C1,
8131,6693_B3D,NC(=O)CN1C(=O)[C@H](c2ccccc2)c2ccccc21,
8132,6694_B3D,NC(=O)C[S@@+]([O-])C(c1ccccc1)c1ccccc1,
8133,6695_B3D,NC(=O)OC[C@H](O)COc1ccc(Cl)cc1,
8134,6696_B3D,NC(=O)OC[C@H]1[C@@H](NC(=O)/C(=N/OCC(=O)O)c2csc(N)n2)C(=O)N1S(=O)(=O)O,
8135,6697_B3D,NC(=O)c1cnn([C@H]2O[C@H](CO)[C@@H](O)[C@H]2O)n1,
8136,6698_B3D,NC/C(=C\F)CCc1ccc(F)cc1,
8137,6699_B3D,NC1=NCc2ncn(COCCO)c2N1,
8138,6700_B3D,NCC[C@@H](O)C(=O)N[C@H]1C[C@@H](N)[C@H](O[C@H]2O[C@@H](CN)CC[C@@H]2N)[C@H](O)[C@H]1O[C@@H]1O[C@@H](CO)[C@H](O)[C@@H](N)[C@@H]1O,
8139,6701_B3D,NCC[C@@H](Oc1ccc(C(F)(F)F)cc1)c1ccccc1,
8140,6702_B3D,NCC[C@H](O)C(=O)N[C@@H]1C[C@H](N)[C@@H](O[C@@H]2O[C@H](CN)[C@H](O)[C@@H](O)[C@H]2O)[C@H](O)[C@H]1O[C@H]1O[C@@H](CO)[C@@H](O)[C@H](N)[C@@H]1O,
8141,6703_B3D,NCC[C@H](O)CN[C@@H]1C[C@H](N)[C@@H](O[C@@H]2O[C@@H](CN)[C@H](O)[C@H](O)[C@@H]2O)[C@H](O)[C@H]1O[C@H]1O[C@@H](CO)[C@H](O)[C@@H](N)[C@@H]1O,
8142,6704_B3D,NCN.Nc1cccc(-c2csc(N)n2)c1,
8143,6705_B3D,NCN.Nc1nc(-c2ccccc2)cs1,
8144,6706_B3D,NC[C@@H]1O[C@@H](O[C@@H]2[C@@H](N)C[C@@H](NC(CO)CO)[C@H](O[C@@H]3O[C@@H](CO)[C@H](O)[C@@H](N)[C@@H]3O)[C@H]2O)[C@H](N)[C@@H](O)[C@@H]1O,
8145,6707_B3D,NC[C@@H]1O[C@@H](O[C@@H]2[C@@H](O)[C@@H](O)[C@@H](N)C[C@H]2N)[C@@H](N)[C@H](O)[C@H]1O,
8146,6708_B3D,NC[C@@H]1O[C@H](O[C@H]2[C@@H](N)C[C@H](N)[C@@H](O[C@H]3O[C@H](CO)[C@@H](O)[C@H](N)[C@@H]3O)[C@@H]2O)[C@H](O)[C@H](O)[C@@H]1O,
8147,6709_B3D,NC[C@H](O)c1cccc(O)c1,
8148,6710_B3D,NC[C@H]1CC(=O)N(Cc2ccccc2)C1,
8149,6711_B3D,NC[C@H]1CC[C@@H](N)[C@H](O[C@H]2[C@@H](N)C[C@H](N)[C@@H](O[C@H]3O[C@H](CO)[C@@H](O)[C@H](N)[C@@H]3O)[C@@H]2O)O1,
8150,6712_B3D,NC[C@H]1O[C@@H](O[C@@H]2[C@@H](O[C@H]3O[C@H](CO)[C@@H](O[C@@H]4O[C@H](CN)[C@H](O)[C@@H](O)[C@@H]4N)[C@@H]3O)[C@H](O)[C@@H](N)C[C@H]2N)[C@H](N)[C@@H](O)[C@@H]1O,
8151,6713_B3D,NC[C@H]1O[C@H](O[C@@H]2[C@@H](N)C[C@@H](N)[C@H](O[C@H]3O[C@@H](CO)[C@@H](O)[C@H](N)[C@H]3O)[C@H]2O)[C@H](N)[C@@H](O)[C@@H]1O,
8152,6714_B3D,NC[C@H]1O[C@H](O[C@H]2[C@@H](N)C[C@H](N)[C@H](O[C@H]3O[C@H](CO)[C@H](O)[C@@H](N)[C@@H]3O)[C@@H]2O)[C@@H](N)C[C@@H]1O,
8153,6715_B3D,NCc1ccccc1CC(=O)N[C@@H]1C(=O)N2C(C(=O)O)=C(CSc3nnnn3CC(=O)O)CS[C@@H]12,
8154,6716_B3D,NNO,
8155,6717_B3D,NS(=O)(=O)c1ccc(N2C(=O)C[C@H](c3ccccc3)C2=O)c(Cl)c1,
8156,6718_B3D,N[C@@H](C(=O)N[C@@H]1C(=O)N2C(C(=O)O)=C(CSc3cn[nH]n3)CS[C@@H]12)c1ccc(O)cc1,
8157,6719_B3D,N[C@@H](C(=O)N[C@@H]1C(=O)N2C(C(=O)O)=C(Cl)CC[C@@H]12)c1ccccc1,
8158,6720_B3D,N[C@@H](C(=O)N[C@@H]1C(=O)N2C(C(=O)O)=C(Cl)CS[C@@H]12)c1ccccc1,
8159,6721_B3D,N[C@@H]1C[C@@H]1c1ccccc1,
8160,6722_B3D,N[C@H](Cc1ccc(O)c(O)c1)C(=O)O,
8161,6723_B3D,N[C@H]1CCC[C@@H]1c1ccccc1,
8162,6724_B3D,N[C@H]1N=C(Cl)Nc2c1ncn2[C@H]1C[C@@H](O)[C@@H](CO)O1,
8163,6725_B3D,N[C@H]1N[C@H](O)[C@H]2NCN(COC(CO)CO)[C@H]2N1,
8164,6726_B3D,Nc1c2c(nc3ccccc13)CCC[C@H]2O,
8165,6727_B3D,Nc1cc(OCC2CC2)c(C(=O)N[C@H]2CN3CCC2CC3)cc1Cl,
8166,6728_B3D,Nc1nc(/C(=C\CC(=O)O)C(=O)N[C@@H]2C(=O)N3C(C(=O)O)=CCS[C@@H]23)cs1,
8167,6729_B3D,Nc1ncc(/C(=N\O[C@H]2CCNC2=O)C(=O)N[C@@H]2C(=O)N3C(C(=O)O)=C(CN4C=CCC=C4)CS[C@@H]23)s1,
8168,6730_B3D,O=C(CN1CC[C@]23CCCC[C@@H]2[C@H]1Cc1ccc(O)cc13)c1ccccc1,
8169,6731_B3D,O=C(C[C@@H]1c2ccccc2C(=O)N1c1ccc2ccc(Cl)nc2n1)N1CCC2(CC1)OCCO2,
8170,6732_B3D,O=C(Cc1cccs1)N[C@@H]1C(=O)N2C(C(=O)O)=C(CN3C=CCC=C3)CS[C@@H]12,
8171,6733_B3D,O=C(Cc1cccs1)N[C@@H]1C(=O)N2C(C(=O)O)=C(CSC3=NCNN3)CS[C@@H]12,
8172,6734_B3D,O=C(Cn1cnnn1)N[C@@H]1C(=O)N2C(C(=O)O)=C(CSc3nncs3)CS[C@@H]12,
8173,6735_B3D,O=C(N[C@@H](CO)[C@H](O)c1ccc([N+](=O)[O-])cc1)C(Cl)Cl,
8174,6736_B3D,O=C(N[C@H](CO)[C@H](O)C1CCC([N+](=O)[O-])CC1)C(Cl)Cl,
8175,6737_B3D,O=C(O)C1=C(CN2C=CC(CCS(=O)(=O)O)C=C2)CS[C@H]2[C@H](NC(=O)[C@H](NC(=O)c3nc[nH]c3C(=O)O)c3ccccc3)C(=O)N12,
8176,6738_B3D,O=C(O)C1=C(CSc2nnnn2CS(=O)(=O)O)CS[C@@H]2[C@H](NC(=O)[C@@H](O)c3ccccc3)C(=O)N12,
8177,6739_B3D,O=C(O)CCCC[C@H]1SC[C@H]2NC(=O)N[C@@H]21,
8178,6740_B3D,O=C1CC2(CCCC2)CC(=O)N1CCNC[C@@H]1COc2ccccc2O1,
8179,6741_B3D,O=C1CCC(=O)N1C[C@@H]1CC[C@H]2CN(c3ncccn3)CCN2C1,
8180,6742_B3D,O=C1CCN=C2C[C@H](c3ccccc3)CN12,
8181,6743_B3D,O=C1CC[C@@H](C(=O)N[C@@H]2C[C@H]2c2ccccc2)N1,
8182,6744_B3D,O=C1CC[C@@](c2ccccc2)(C2CCN(C/C=C/c3ccccc3)CC2)C(=O)N1,
8183,6745_B3D,O=C1CC[C@@]2(CCC(=O)c3ccccc32)C(=O)N1,
8184,6746_B3D,O=C1CC[C@@]2(O)[C@@H]3Cc4ccc(O)c5c4[C@]2(CCN3CC2CC2)[C@@H]1O5,
8185,6747_B3D,O=C1CC[C@H](N2C(=O)[C@H]3[C@@H]4CC[C@@H](C4)[C@H]3C2=O)C(=O)N1,
8186,6748_B3D,O=C1CC[C@H]2[C@@H]3Cc4cccc(O)c4[C@]2(CCN3CC2CC2)C1,
8187,6749_B3D,O=C1CN(O)[C@@H](c2ccccc2)c2cc(Cl)ccc2N1,
8188,6750_B3D,O=C1CN2CCO[C@@]2(c2ccccc2Cl)c2cc(Cl)ccc2N1,
8189,6751_B3D,O=C1CN2CCO[C@]2(c2ccccc2F)c2cc(Br)ccc2N1,
8190,6752_B3D,O=C1CN2CCO[C@]2(c2ccccc2F)c2cc(Cl)ccc2N1CCO,
8191,6753_B3D,O=C1CN=C(c2ccccc2F)c2cc(Cl)ccc2N1C[C@@H](O)CO,
8192,6754_B3D,O=C1C[C@@H]2c3cc(Cl)ccc3O[C@]3(CCNC[C@H]23)N1,
8193,6755_B3D,O=C1N(CCCN2CCN(c3cccc(Cl)c3)CC2)N[C@H]2C=CC=CN12,
8194,6756_B3D,O=C1NC(=NC2CC2)O[C@@H]1c1ccccc1,
8195,6757_B3D,O=C1NC(=O)[C@@]2(CCc3ccccc3C2)N1,
8196,6758_B3D,O=C1NC(=O)[C@@]2(c3ccc(Cl)cc3)C[C@@H]12,
8197,6759_B3D,O=C1NCCC[C@H]1N1C(=O)c2ccccc2S1(=O)=O,
8198,6760_B3D,O=C1NCN(c2ccccc2)C12CCN(C[C@@H]1COc3ccccc3O1)CC2,
8199,6761_B3D,O=C1N[C@@H](CCCl)Oc2ccccc21,
8200,6762_B3D,O=C1Nc2ccc(Cl)nc2C(c2ccccc2Cl)=N[C@@H]1O,
8201,6763_B3D,O=C1[C@H]2[C@@H]3C=C[C@@H]([C@H]4C=C[C@@H]34)[C@H]2C(=O)N1CCCCN1CCN(c2ncccn2)CC1,
8202,6764_B3D,O=c1[nH]c2ccccc2c(=O)n1CCN1C[C@H]2[C@@H](c3ccc(F)cc3)C[C@H]2C1,
8203,6765_B3D,OC(CN1CN=CN1)(CN1CN=CN1)c1ccc(F)cc1F,
8204,6766_B3D,OC(c1ccccc1)(c1ccccc1)[C@H]1CCCCN1,
8205,6767_B3D,OC(c1ccccc1)(c1ccccc1)[C@H]1C[C@@H]1c1ccncc1,
8206,6768_B3D,OCCN1CCN(CC/C=C2\c3ccccc3COc3ccc(Cl)cc32)CC1,
8207,6769_B3D,OCCN1CCN(CCC[C@@H]2c3ccc(F)cc3Sc3ccc(C(F)(F)F)cc32)CC1,
8208,6770_B3D,OCCN1CCN([C@H]2C[C@H](c3ccc(F)cc3)c3ccc(C(F)(F)F)cc32)CC1,
8209,6771_B3D,OCCOCCOCCN1CCN([C@H](c2ccccc2)c2ccc(Cl)cc2)CC1,
8210,6772_B3D,OC[C@H](O)[C@@H]1O[C@@H]2O[C@H](C(Cl)(Cl)Cl)O[C@H]2[C@H]1O,
8211,6773_B3D,OC[C@H]1O[C@@H](n2cnc3c2NC=NC[C@H]3O)C[C@H]1O,
8212,6774_B3D,OCc1ccccc1O[C@H]1O[C@@H](CO)[C@H](O)[C@@H](O)[C@@H]1O,
8213,6775_B3D,ON1CC(NCC2CC2)=Nc2ccc(Cl)cc2[C@@H]1c1ccccc1,
8214,6776_B3D,O[C@@H](Cn1ccnc1)c1ccc(CCc2ccccc2)cc1,
8215,6777_B3D,O[C@@H](OCC(CO[C@H](O)C(Cl)(Cl)Cl)(CO[C@@H](O)C(Cl)(Cl)Cl)CO[C@@H](O)C(Cl)(Cl)Cl)C(Cl)(Cl)Cl,
8216,6778_B3D,O[C@H](CCCN1CCc2c(c3cc(F)ccc3n2-c2ccc(F)cc2)C1)c1ccc(F)cc1,
8217,6779_B3D,O[C@H](CN1CCCCC1)c1cc(-c2ccccc2)on1,
8218,6780_B3D,O[C@H]1[C@H](OCCOCCO[C@H](O)C(Cl)(Cl)Cl)[C@@H](O[C@H]2O[C@H](COCCOCCO[C@@H](O)C(Cl)(Cl)Cl)C[C@H](O[C@@H](O)C(Cl)(Cl)Cl)[C@@H]2O)[C@H](COCCO[C@H](O)C(Cl)(Cl)Cl)O[C@H]1O,
8219,6781_B3D,O[C@](C1=NCCN1)(c1ccc(Cl)cc1)c1ccccn1,
8220,6782_B3D,O[C@]1(c2ccc(Cl)cc2)c2ccccc2[C@@H]2NCCN21,
8221,6783_B3D,O[C@]1(c2ccccc2Cl)C2=NCCCN2c2ccccc21,
8222,6784_B3D,Oc1ccc2c(c1)[C@]13CCCC[C@]1(O)[C@H](C2)N(CC1CC1)CC3,
8223,6785_B3D,Oc1ccc2c(c1)[C@]13CCCC[C@]1(O)[C@H](C2)N(CC1CCC1)CC3,
8224,6786_B3D,Oc1ccc2c3c1O[C@@H]1[C@@H](O)C=C[C@H]4[C@H](C2)NCC[C@@]314,
8225,6787_B3D,Oc1ccc2c3c1O[C@H]1[C@H](O)CC[C@]4(O)[C@@H](C2)N(CC2CCC2)CC[C@]314,
8226,6788_B3D,S=C1NCC[C@H](COc2ccccc2)O1,
8227,6789_B3D,c1ccc(C2(c3ccccc3)OC[C@@H]([C@H]3CCCCN3)O2)cc1,
8228,6790_B3D,c1ccc([C@@H]2CN3CCS[C@H]3N2)cc1,
8229,6791_B3D,c1ccc([C@@H]2CN[C@H]3NCCN32)cc1,
8230,6792_B3D,c1ccc([C@H]2CCN(C[C@@H]3CCCc4c3ccc3c4OCO3)C2)cc1,
8231,6793_B3D,c1ccc2c(c1)CCN1CCNC[C@@H]21,
8232,6794_B3D,c1ccc2c(c1)CCc1cccc3c1[C@@H]2CN1CCCC[C@H]31,
8233,6795_B3D,c1ccc2c(c1)CCc1ccccc1N2[C@@H]1CN2CCC1CC2,
8234,6796_B3D,c1ccc2c(c1)Sc1ccccc1N2C[C@H]1CN2CCC1CC2,
8235,6797_B3D,C#Cc1cccc(Nc2ncnc3cc(OCCOC)c(OCCOC)cc23)c1,
8236,6798_B3D,CC1=c2ccc(N(C)c3ccnc(Cc4ccc(C)c(S(N)(=O)=O)c4)n3)cc2=NC1C,
8237,6799_B3D,CCC(=O)NCC[C@@H]1CCc2ccc3c(c21)CCO3,
8238,6800_B3D,CCCN1C[C@@H](CSC)CC2c3cccc4[nH]cc(c34)C[C@@H]21,
8239,6801_B3D,CCN(CC)CCNC(=O)c1c(C)[nH]c(/C=C2\C(=O)Nc3ccc(F)cc32)c1C,
8240,6802_B3D,CCN1CCN(Cc2ccc(-c3cc4c(NC(C)c5ccccc5)ncnc4[nH]3)cc2)CC1,
8241,6803_B3D,CCOC(=O)c1cncn1[C@H](C)c1ccccc1,
8242,6804_B3D,CCSCc1ccc2c(c1)c1c3c(c4c5cc(CSCC)ccc5n5c4c1n2C1C[C@](O)(C(=O)OC)C5(C)O1)CNC3=O,
8243,6805_B3D,CN(C)CCOC(c1ccc(Cl)cc1)c1ccccn1,
8244,6806_B3D,CN1CCC(c2c(O)cc(O)c3c(=O)cc(-c4ccccc4Cl)oc23)C(O)C1,
8245,6807_B3D,CN1CC[C@]23c4c5ccc(O)c4O[C@@H]2C(=O)CCC3(O)[C@H]1C5,
8246,6808_B3D,CN1CC[C@]23c4c5ccc(O)c4O[C@@H]2C(=O)CC[C@H]3[C@H]1C5,
8247,6809_B3D,CN1C[C@H](C(=O)N[C@]2(C)O[C@@]3(O)[C@@H]4CCCN4C(=O)[C@H](Cc4ccccc4)N3C2=O)C=C2c3cccc4[nH]cc(c34)C[C@H]21,
8248,6810_B3D,CNC(=O)c1cc(Oc2ccc(NC(=O)Nc3ccc(Cl)c(C(F)(F)F)c3)cc2)ccn1,
8249,6811_B3D,CNCC[C@@H](Oc1cccc2ccccc12)c1cccs1,
8250,6812_B3D,COC(=O)[C@H](c1ccccc1)[C@H]1CCCCN1,
8251,6813_B3D,COC1C(=O)C(C)CC(C)/C=C/C=C/C=C(\C)[C@@H](OC)CC2CC[C@@H](C)[C@@](O)(O2)C(=O)C(=O)N2CCCCC2C(=O)OC(C(C)CC2CC[C@@H](O)C(OC)C2)CC(=O)[C@H](C)C=C(C)[C@@H]1O,
8252,6814_B3D,COC1C(=O)C(C)CC(C)/C=C/C=C/C=C(\C)[C@@H](OC)CC2CC[C@@H](C)[C@@](O)(O2)C(=O)C(=O)N2CCCCC2C(=O)OC(C(C)CC2CC[C@@H](OCCO)C(OC)C2)CC(=O)[C@H](C)C=C(C)[C@@H]1O,
8253,6815_B3D,COC1CC(CC(C)C2CC(=O)[C@H](C)C=C(C)[C@H](O)C(OC)C(=O)C(C)CC(C)/C=C/C=C/C=C(\C)[C@@H](OC)CC3CC[C@@H](C)[C@@](O)(O3)C(=O)C(=O)N3CCCCC3C(=O)O2)CC[C@@H]1OC(=O)C(C)(CO)CO,
8254,6816_B3D,Cc1cc(C)c(/C=C2\C(=O)Nc3ccccc32)[nH]1,
8255,6817_B3D,NC(=O)N1c2ccccc2CCc2ccccc21,
8256,6818_B3D,O=C(O)C(Cl)Cl,
8257,6819_B3D,O=C1CNC(=O)N1,
8258,6820_B3D,O=S(=O)(c1cccc2cnccc12)N1CCCNCC1,
8259,6821_B3D,OC1CCCCC1N1CCC(c2ccccc2)CC1,
8260,6822_B3D,Oc1ccc2c3c1O[C@@H]1[C@@H](O)CCC4(O)[C@@H](C2)N(CC2CCC2)CC[C@]314,
8261,6823_B3D,c1ccc(-c2cc(-c3ccccc3)c(N3CCN(c4ncccn4)CC3)nn2)cc1,
8262,6824_B3D,C#C[C@@]1(O)C=C[C@@H]2[C@@H]3CCC4=CC(=O)CC[C@@H]4[C@@H]3CC[C@@]21CC,
8263,6825_B3D,C#C[C@@]1(O)CC[C@@H]2[C@@H]3CCC4=CC(=O)CC[C@@H]4[C@@H]3C=C[C@@]21CC,
8264,6826_B3D,C#C[C@@]1(O)CC[C@@H]2[C@@H]3CCC4=CC(=O)CC[C@@H]4[C@@H]3CC[C@@]21C,
8265,6827_B3D,C#C[C@@]1(O)CC[C@@H]2[C@@H]3CCC4=CC(=O)CC[C@@H]4[C@@H]3CC[C@@]21CC,
8266,6828_B3D,C#C[C@@]1(O)CC[C@@H]2[C@@H]3CCC4=CCCC[C@@H]4[C@@H]3CC[C@@]21C,
8267,6829_B3D,C#C[C@@]1(O)CC[C@@H]2[C@@H]3CC[C@@H]4CC(=O)CCC4=C3[C@H](c3ccc(N(C)C)cc3)C[C@@]21C,
8268,6830_B3D,C#C[C@@]1(O)CC[C@@H]2[C@@H]3CCc4cc(O)ccc4[C@@H]3CC[C@@]21C,
8269,6831_B3D,C#C[C@@]1(O)CC[C@@H]2[C@@H]3CCc4cc(OC)ccc4[C@@H]3CC[C@@]21C,
8270,6832_B3D,C#C[C@@]1(O)CC[C@@H]2[C@H]3[C@@H](C)CC4=C(CCC(=O)C4)[C@@H]3CC[C@@]21C,
8271,6833_B3D,C#C[C@@]1(O)CC[C@H]2[C@@H]3CCC4=CCCC[C@@H]4[C@@H]3C(=C)C[C@]21CC,
8272,6834_B3D,C#C[C@@]1(OC(C)=O)CC[C@@H]2[C@@H]3CCC4=CC(=NO)CC[C@@H]4[C@@H]3CC[C@@]21CC,
8273,6835_B3D,C#C[C@@]1(OC(C)=O)CC[C@@H]2[C@@H]3CCC4=C[C@@H](OC(C)=O)CC[C@@H]4[C@@H]3CC[C@@]21C,
8274,6836_B3D,C#C[C@](C)(O)CC,
8275,6837_B3D,C#C[C@](O)(C=CCl)CC,
8276,6838_B3D,C#C[C@]1(O)CC[C@H]2[C@H]3CCC4=Cc5c(cnn5-c5ccc(F)cc5)C[C@@]4(C)[C@@H]3CC[C@@]21C,
8277,6839_B3D,C/C=C/C=C[C@@H]1O[C@](O)([C@@H](CC)C(=O)NC/C=C/C=C(/C)[C@@H](OC)[C@H](C)[C@H]2O[C@@H](C=C/C=C/C=C(/C)C(=O)c3c(O)ccn(C)c3=O)[C@H](O)[C@@H]2O)[C@@H](O)[C@H](O[C@H]2O[C@H](C)[C@@H](O[C@H]3O[C@H](C)[C@@H](OC)[C@H](O)[C@H]3OC)[C@@H](OC)[C@@H]2O)C1(C)C,
8278,6840_B3D,C/C=C/C[C@@H](C)[C@@H](O)[C@H]1C(=O)N[C@H](CC)C(=O)N(C)CC(=O)N(C)[C@H](CC(C)C)C(=O)N[C@@H](C(C)C)C(=O)N(C)[C@H](CC(C)C)C(=O)N[C@@H](C)C(=O)N[C@@H](C)C(=O)N(C)[C@H](CC(C)C)C(=O)N(C)[C@H](CC(C)C)C(=O)N(C)[C@@H](C(C)C)C(=O)N1C,
8279,6841_B3D,C/C=C/[C@@H]1O[C@@]2(C(=O)COC(=O)c3ccncc3)CC[C@@]3(O1)[C@@H]1CCC4=CC(=O)CC[C@@]4(C)[C@H]1[C@@H](O)C[C@]23C,
8280,6842_B3D,C1=Cc2cccc(OC[C@@H]3CNCCO3)c2C1,
8281,6843_B3D,C=C(N[C@@H]1C(=O)N2C(C(=O)O)=C(COC(C)=O)CS[C@@H]12)C(=NOC)c1csc(N)n1,
8282,6844_B3D,C=C1/C(=C\C=C2/CCC[C@]3(C)[C@@H]2CC[C@H]3[C@@H](C)CCCC(C)C)C[C@H](O)C[C@H]1O,
8283,6845_B3D,C=C1CC[C@@]2(O)[C@H]3Cc4ccc(O)c5c4[C@]2(CCN3CC2CC2)[C@H]1O5,
8284,6846_B3D,C=C1C[C@@H]2[C@@H]3C=CC4=CC(=O)CC[C@@]4(C)[C@@H]3[C@@H](O)C[C@]2(C)[C@]1(O)C(=O)CO,
8285,6847_B3D,C=C1C[C@@H]2[C@@H]3CCC4=CC(=O)C=C[C@@]4(C)[C@@H]3[C@@H](O)C[C@]2(C)[C@]1(O)C(=O)CO,
8286,6848_B3D,C=C1C[C@@H]2[C@@H]3CCC4=CC(=O)C=C[C@@]4(C)[C@@]3(F)[C@@H](O)C[C@@]2(C)[C@]1(O)C(=O)CO,
8287,6849_B3D,C=C1C[C@H](C)[C@@H]2[C@@H]3Cc4ccc(O)cc4[C@]2(CCN3CC2CCC2)C1,
8288,6850_B3D,C=C1c2c(Cl)ccc(O)c2C(O)=C2C(=O)[C@]3(O)C(O)=C(C(N)=O)C(=O)[C@H](N(C)C)[C@@H]3[C@@H](O)[C@H]12,
8289,6851_B3D,C=C1c2cccc(O)c2C(O)=C2C(=O)[C@]3(O)C(O)=C(C(N)=O)C(=O)[C@H](N(C)C)[C@@H]3[C@@H](O)[C@H]12,
8290,6852_B3D,C=CC1=C(C(=O)O)N2C(=O)[C@H](NC(=O)C(=NO)c3csc(N)n3)[C@@H]2SC1,
8291,6853_B3D,C=CC1=C(C(=O)O)N2C(=O)[C@H](NC(=O)C(=NOCC(=O)O)c3csc(N)n3)[C@@H]2SC1,
8292,6854_B3D,C=CCC1([C@@H](C)CC)C(=O)NC(=O)NC1=O,
8293,6855_B3D,C=CCN1C(=O)[C@@H](CC(C)C)NC1=S,
8294,6856_B3D,C=CCN1CCC[C@@H]1CNC(=O)c1cc(S(=O)(=O)NC)c(N)cc1OC,
8295,6857_B3D,C=CCN1CC[C@@]23c4c5ccc(O)c4O[C@H]2C(=O)CC[C@@]3(O)[C@@H]1C5,
8296,6858_B3D,C=CCN1CC[C@@]23c4c5ccc(O)c4O[C@H]2C(=O)CC[C@@]3(O)[C@H]1C5,
8297,6859_B3D,C=CCN1CC[C@@]23c4c5ccc(OC(C)=O)c4O[C@@H]2[C@@H](OC(C)=O)C=C[C@H]3[C@H]1C5,
8298,6860_B3D,C=CCN1CC[C@]23c4c5ccc(O)c4O[C@@H]2[C@]2(OC)C=C[C@]3(C[C@@H]2[C@](C)(O)CCC)[C@H]1C5,
8299,6861_B3D,C=CCN1C[C@@H](C(=O)N(CCCN(C)C)C(=O)NCC)C[C@H]2c3cccc4[nH]cc(c34)C[C@H]21,
8300,6862_B3D,C=CCOc1ccccc1OC[C@@H](O)CNC(C)C,
8301,6863_B3D,C=CC[C@@H]1C=C(C)C[C@@H](C)C[C@@H](OC)[C@@H]2O[C@](O)(C(=O)C(=O)N3CCCC[C@@H]3C(=O)O[C@H](C(C)=C[C@@H]3CC[C@H](O)[C@@H](OC)C3)[C@@H](C)[C@@H](O)CC1=O)[C@@H](C)C[C@H]2OC,
8302,6864_B3D,C=CC[C@@]1([C@@H](C)CCC)C(=C)NC(O)=NC1=O,
8303,6865_B3D,C=CC[C@]1([C@@H](C)C#CCC)C(=O)NC(=O)N(C)C1=O,
8304,6866_B3D,C=CC[N@+]12CC[C@@]34c5ccccc5N5C=C6[C@H]7C[C@H]8[C@]9(CC[N@@+]8(CC=C)C/C7=C\CO)c7ccccc7N(C=C([C@@H]53)[C@H](C[C@H]41)/C(=C/CO)C2)[C@@H]69,
8305,6867_B3D,C=C[C@@H]1CN2CC[C@@H]1C[C@@H]2[C@@H](O)c1ccnc2ccc(OC)cc12,
8306,6868_B3D,C=C[C@@H]1CN2CC[C@@H]1C[C@H]2[C@@H](O)c1ccnc2ccccc12,
8307,6869_B3D,C=C[C@@]12CC[C@@H](O[C@H]3C[C@@H](OC)[C@@H](O)[C@H](C)O3)C[C@]1(O)CC[C@@H]1[C@@H]2CC[C@]2(C)[C@H](C3=CC(=O)OC3)CC[C@@]12O,
8308,6870_B3D,C=C[C@H]1CN2CC[C@@H]1C[C@@H]2[C@@H](O)c1ccnc2ccc(OC)cc12,
8309,6871_B3D,C=C[C@H]1O[C@@H]2C[C@@H]3[C@@H]4CCC5=CC(=O)C=C[C@@]5(C)[C@@]4(F)[C@@H](O)C[C@@]3(C)[C@]2(C(=O)CO)O1,
8310,6872_B3D,C=N[C@H](C(=O)N[C@@H]1C(=O)N2[C@@H](C(=O)O)C(C)(C)S[C@H]12)c1ccccc1,
8311,6873_B3D,CC#Cc1cn([C@@H]2O[C@H](CO)[C@@H](O)[C@H]2O)c(=O)[nH]c1=O,
8312,6874_B3D,CC(=C(CCO)SSC[C@H]1CCCO1)N(C=O)Cc1cnc(C)nc1N,
8313,6875_B3D,CC(=CC(=O)O)/C=C/C=C(C)\C=C/C1=C(C)CCCC1(C)C,
8314,6876_B3D,CC(=CCO)/C=C/C=C(C)\C=C\C1=C(C)CCCC1(C)C,
8315,6877_B3D,CC(=O)C1=C(O)[C@H](N)[C@H]2Cc3c(c(O)c4c(O)c(C)ccc4c3C)C(=O)[C@@]2(O)C1=O,
8316,6878_B3D,CC(=O)CC(=O)[C@@]1(O)CC[C@H]2[C@H]3CCC4=CC(=O)C=C[C@@]4(C)[C@@]3(Cl)[C@H](Cl)C[C@]21C,
8317,6879_B3D,CC(=O)CC(=O)[C@@]12OC(C)(C)O[C@H]1C[C@H]1[C@H]3CC(C#N)=C4C=C(OCCCl)CC[C@@]4(C)[C@@]3(F)[C@H](O)C[C@]12C,
8318,6880_B3D,CC(=O)N(C[C@H](O)CO)c1c(I)c(C(=O)NC[C@H](O)CO)c(I)c(C(=O)NC[C@H](O)CO)c1I,
8319,6881_B3D,CC(=O)N1CCN(c2ccc(OC[C@@H]3CO[C@@](Cn4ccnc4)(c4ccc(Cl)cc4Cl)O3)cc2)CC1,
8320,6882_B3D,CC(=O)NCCC[C@@H](NC(C)=O)C(=O)O,
8321,6883_B3D,CC(=O)NC[C@@H]1O[C@@H](O[C@H]2[C@@H](N)C[C@H](N)[C@H](O[C@@H]3O[C@@H](CO)[C@@H](O)[C@H](N)[C@@H]3O)[C@@H]2O)[C@@H](O)[C@@H](O)[C@@H]1O,
8322,6884_B3D,CC(=O)N[C@H]1[C@@H]([C@@H](O)[C@H](O)CO)OC(C(=O)O)=C[C@H]1N=C(N)N,
8323,6885_B3D,CC(=O)Nc1ccc(OC(=O)[C@H]2CCC(=O)N2)cc1,
8324,6886_B3D,CC(=O)Nc1ccc([C@H](O)CNC(C)C)cc1,
8325,6887_B3D,CC(=O)Nc1ccccc1,
8326,6888_B3D,CC(=O)OCC(=O)[C@@]1(O)CC[C@@H]2[C@@H]3CCC4=CC(=O)CC[C@]4(C)[C@]3(F)[C@@H](O)C[C@@]21C,
8327,6889_B3D,CC(=O)OCC(=O)[C@@]1(O)CC[C@H]2[C@H]3CCC4=CC(=O)C=C[C@@]4(C)[C@@]3(F)[C@H](O)C[C@]21C,
8328,6890_B3D,CC(=O)OCC(=O)[C@@]1(O)CC[C@H]2[C@H]3CCC4=CC(=O)C=C[C@@]4(C)[C@H]3[C@H](O)C[C@]21C,
8329,6891_B3D,CC(=O)OCC(=O)[C@@]1(O)CC[C@H]2[C@H]3CCC4=CC(=O)CC[C@@]4(C)[C@@]3(F)[C@H](O)C[C@]21C,
8330,6892_B3D,CC(=O)OCC(=O)[C@@]1(O)CC[C@H]2[C@H]3CCC4=CC(=O)CC[C@@]4(C)[C@H]3C(=O)C[C@]21C,
8331,6893_B3D,CC(=O)OCC(=O)[C@@]1(O)CC[C@H]2[C@H]3CCC4=CC(=O)CC[C@@]4(C)[C@H]3[C@H](O)C[C@]21C,
8332,6894_B3D,CC(=O)OCC(=O)[C@@]1(O)CC[C@H]2[C@H]3C[C@H](Cl)C4=CC(=O)C=C[C@@]4(C)[C@H]3C(=O)C[C@]21C,
8333,6895_B3D,CC(=O)OCC(=O)[C@@]1(O)[C@@H](C)C[C@H]2[C@H]3C=C(C)C4=Cc5c(cnn5-c5ccccc5)C[C@@]4(C)[C@H]3[C@H](O)C[C@]21C,
8334,6896_B3D,CC(=O)OCC(=O)[C@@]1(O)[C@@H](C)C[C@H]2[C@H]3CC(F)(F)C4=CC(=O)C=C[C@@]4(C)[C@@]3(F)[C@H](O)C[C@]21C,
8335,6897_B3D,CC(=O)OCC(=O)[C@@]1(O)[C@@H](C)C[C@H]2[C@H]3CCC4=CC(=O)C=C[C@@]4(C)[C@@]3(F)[C@H](O)C[C@]21C,
8336,6898_B3D,CC(=O)OCC(=O)[C@@]1(O)[C@@H](C)C[C@H]2[C@H]3C[C@H](F)C4=CC(=O)C=C[C@@]4(C)[C@H]3[C@H](O)C[C@]21C,
8337,6899_B3D,CC(=O)OCC(=O)[C@@]1(O)[C@H](OC(C)=O)C[C@H]2[C@H]3CCC4=CC(=O)C=C[C@@]4(C)[C@@]3(F)[C@H](O)C[C@]21C,
8338,6900_B3D,CC(=O)OCC(=O)[C@@]1(OC(=O)c2ccco2)[C@@H](C)C[C@H]2[C@H]3CCC4=CC(=O)C=C[C@@]4(C)[C@@]3(F)[C@H](O)C[C@]21C,
8339,6901_B3D,CC(=O)OCC(=O)[C@@]1(OC(C)=O)[C@@H](C)C[C@H]2[C@H]3C[C@H](F)C4=CC(=O)C=C[C@@]4(C)[C@@]3(F)[C@H](O)C[C@]21C,
8340,6902_B3D,CC(=O)OCC(=O)[C@@]12N=C(C)O[C@H]1C[C@H]1[C@H]3CCC4=CC(=O)C=C[C@@]4(C)[C@@]3(F)[C@H](O)C[C@]12C,
8341,6903_B3D,CC(=O)OCC(=O)[C@@]12N=C(C)O[C@H]1C[C@H]1[C@H]3CCC4=CC(=O)C=C[C@@]4(C)[C@H]3[C@H](O)C[C@]12C,
8342,6904_B3D,CC(=O)OCC(=O)[C@@]12OC(C)(C)O[C@H]1C[C@H]1[C@H]3CC(C=O)=C4C=C(OCCCl)CC[C@@]4(C)[C@@]3(F)[C@H](O)C[C@]12C,
8343,6905_B3D,CC(=O)OCC(=O)[C@@]12OC(C)(C)O[C@H]1C[C@H]1[C@H]3C[C@H](F)C4=CC(=O)C=C[C@@]4(C)[C@@]3(F)[C@H](O)C[C@]12C,
8344,6906_B3D,CC(=O)OCC(=O)[C@@]12OC(C)(C)O[C@H]1C[C@H]1[C@H]3C[C@H](F)C4=CC(=O)C=C[C@@]4(C)[C@H]3[C@H](O)C[C@]12C,
8345,6907_B3D,CC(=O)OCC(=O)[C@@]12OC3(CCCC3)O[C@H]1C[C@H]1[C@H]3CCC4=CC(=O)C=C[C@@]4(C)[C@@]3(F)[C@H](O)C[C@]12C,
8346,6908_B3D,CC(=O)OCC(=O)[C@H]1[C@@H](C)C[C@H]2[C@H]3C[C@H](F)C4=CC(=O)C=C[C@@]4(C)[C@@]3(Cl)[C@H](O)C[C@@]12C,
8347,6909_B3D,CC(=O)OCC(=O)[C@]1(O)CC[C@@H]2[C@@H]3C[C@H](C)C4=CC(=O)C=C[C@]4(C)[C@@H]3[C@@H](O)C[C@@]21C,
8348,6910_B3D,CC(=O)OCC(=O)[C@]1(OC(=O)C(C)C)[C@H](C)C[C@H]2[C@H]3CCC4=CC(=O)C=C[C@@]4(C)[C@@]3(F)[C@H](O)C[C@]21C,
8349,6911_B3D,CC(=O)OCC(=O)[C@]1(OC(C)=O)CC[C@H]2[C@H]3C[C@H](F)C4=CC(=O)C(Br)=C[C@@]4(C)[C@@]3(F)[C@H](O)C[C@]21C,
8350,6912_B3D,CC(=O)OCC1=CO[C@@H](OC(=O)CC(C)(C)OC(C)=O)[C@@H]2C1=C[C@H](OC(=O)CC(C)C)[C@]21CO1,
8351,6913_B3D,CC(=O)OCC1=CO[C@H](OC(=O)CC(C)C)[C@H]2C1=C[C@@H](OC(=O)CC(C)C)[C@@]21CO1,
8352,6914_B3D,CC(=O)OCOC(=O)[C@H]1N2C(=O)[C@@H](NC(=O)Cc3ccccc3)[C@H]2SC1(C)C,
8353,6915_B3D,CC(=O)O[C@@H](c1ccccc1)[C@H]1CCCCN1,
8354,6916_B3D,CC(=O)O[C@@H]1CC[C@@]2(C)[C@H]3CC[C@]4(C)[C@@H](CC[C@@H]4[C@@H](C)CCCC(C)C)[C@H]3C[C@H](Br)[C@@]2(Br)C1,
8355,6917_B3D,CC(=O)O[C@@H]1C[C@H]2C(COC(=O)CC(C)C)=CO[C@@H](OC(=O)CC(C)C)[C@@H]2[C@]12CO2,
8356,6918_B3D,CC(=O)O[C@@H]1C[C@]2(C)[C@@H](C[C@@H](O)[C@H]3[C@@]4(C)CC[C@@H](O)[C@H](C)[C@@H]4CC[C@@]32C)C1=C(CCC=C(C)C)C(=O)O,
8357,6919_B3D,CC(=O)O[C@@H]1[C@H]([N+]2(C)CCCCC2)C[C@@H]2[C@@H]3CC[C@@H]4C[C@@H](OC(C)=O)[C@@H](N5CCCCC5)C[C@]4(C)[C@@H]3CC[C@@]12C,
8358,6920_B3D,CC(=O)O[C@@H]1[C@H]([N+]2(C)CCCCC2)C[C@@H]2[C@@H]3CC[C@@H]4C[C@@H](OC(C)=O)[C@@H]([N+]5(C)CCCCC5)C[C@]4(C)[C@@H]3CC[C@@]12C,
8359,6921_B3D,CC(=O)O[C@@]1(C(C)=O)CC[C@@H]2[C@@H]3C[C@H](C)C4=CC(=O)C=C[C@]4(C)[C@]3(F)[C@@H](O)C[C@@]21C,
8360,6922_B3D,CC(=O)O[C@@]12CO[C@H]1C[C@H](O)[C@@]1(C)C(=O)[C@H](O)C3=C(C)[C@H](OC(=O)[C@H](O)[C@@H](NC(=O)OC(C)(C)C)c4ccccc4)C[C@@](O)([C@@H](OC(=O)c4ccccc4)[C@@H]21)C3(C)C,
8361,6923_B3D,CC(=O)O[C@H](C)C(=O)[C@@]1(O)CC[C@H]2[C@H]3CCC4=CC(=O)C=C[C@@]4(C)[C@@]3(F)[C@H](O)C[C@]21C,
8362,6924_B3D,CC(=O)O[C@H](CC(=O)O)C[N+](C)(C)C,
8363,6925_B3D,CC(=O)O[C@H]1C(=O)[C@@]2(C)[C@H](O)C[C@H]3OC[C@@]3(OC(C)=O)[C@H]2[C@@H](OC(=O)c2ccccc2)[C@@]2(O)C[C@@H](OC(=O)[C@H](O)[C@@H](NC(=O)c3ccccc3)c3ccccc3)C(C)=C1C2(C)C,
8364,6926_B3D,CC(=O)O[C@H]1C=CC(C)=CC[C@H](O)C=CC(C)=C[C@@H](NC(=O)C(C)=O)[C@]2(C)C(=O)O[C@@H](C1)[C@@H](C)C2=O,
8365,6927_B3D,CC(=O)O[C@H]1C[C@@]2(C)[C@@H](C[C@@H](O)[C@@H]3[C@]4(C)CC[C@@H](O)[C@@H](C)[C@@H]4CC[C@]32C)/C1=C(/CCC=C(C)C)C(=O)O,
8366,6928_B3D,CC(=O)O[C@]1(C(C)=O)CC[C@@H]2[C@@H]3C=C(Cl)C4=CC(=O)[C@H]5C[C@@H]5[C@]4(C)[C@@H]3CC[C@@]21C,
8367,6929_B3D,CC(=O)O[C@]1(C(C)=O)CC[C@@H]2[C@H]3C=C(C)C4=CC(=O)CC[C@@]4(C)[C@H]3CC[C@]21C,
8368,6930_B3D,CC(=O)Oc1ccc2c3c1O[C@H]1[C@H](OC(C)=O)C=C[C@H]4[C@@H](C2)N(C)CC[C@]341,
8369,6931_B3D,CC(=O)Oc1ccc2c3c1O[C@H]1[C@H](OC(C)=O)C=C[C@H]4[C@H](C2)N(C)CCC[C@@]341,
8370,6932_B3D,CC(=O)[C@@H]1CC[C@@H]2[C@@H]3CCC4=CC(=O)CC[C@]4(C)[C@@H]3CC[C@@]12C,
8371,6933_B3D,CC(=O)[C@@H]1CC[C@@H]2[C@@H]3C[C@H](C)C4=CC(=O)C=C[C@]4(C)[C@@H]3[C@@H](O)C[C@]12C,
8372,6934_B3D,CC(=O)[C@@]1(O)CC[C@H]2[C@H]3CCC4=CC(=O)C=C[C@@]4(C)[C@H]3[C@H](O)C[C@]21C,
8373,6935_B3D,CC(=O)[C@@]1(O)[C@@H](C)C[C@H]2[C@H]3CCC4=CC(=O)C=C[C@@]4(C)[C@@]3(F)[C@H](O)C[C@]21C,
8374,6936_B3D,CC(=O)[C@@]1(O)[C@H](O)C[C@H]2[C@H]3CCC4=CC(=O)CC[C@@]4(C)[C@H]3CC[C@]21C,
8375,6937_B3D,CC(=O)[C@@]12OC(C)(C)O[C@H]1C[C@H]1[C@H]3CCC4=CC(=O)C=C[C@@]4(C)[C@@]3(F)[C@H](O)C[C@]12C,
8376,6938_B3D,CC(=O)[C@@]12OC(C)(C)O[C@H]1C[C@H]1[C@H]3CCC4=CC(=O)CC[C@@]4(C)[C@H]3CC[C@]12C,
8377,6939_B3D,CC(=O)[C@H]1CC[C@H]2[C@H]3CC=C4C[C@H](OC(=O)CCC(=O)O)CC[C@@]4(C)[C@H]3CC[C@@]12C,
8378,6940_B3D,CC(=O)[C@H]1CC[C@H]2[C@H]3CC[C@H]4C[C@@](C)(O)CC[C@@]4(C)[C@H]3CC[C@@]12C,
8379,6941_B3D,CC(=O)[C@H]1CC[C@H]2[C@H]3CC[C@H]4C[C@H](O)CC[C@@]4(C)[C@H]3C(=O)C[C@@]12C,
8380,6942_B3D,CC(=O)[C@H]1CC[C@H]2[C@H]3CC[C@H]4C[C@H](O)CC[C@@]4(C)[C@H]3CC[C@@]12C,
8381,6943_B3D,CC(=O)[C@H]1CC[C@H]2[C@H]3C[C@H](O)[C@@]45C[C@H]4CC[C@@]5(C)[C@H]3CC[C@@]12C,
8382,6944_B3D,CC(=O)[C@]1(N)Cc2c(O)c3c(c(O)c2[C@H](O[C@H]2C[C@H](O)[C@H](O)CO2)C1)C(=O)c1ccccc1C3=O,
8383,6945_B3D,CC(=O)[C@]1(O)CC[C@@H]2[C@@H]3C[C@H](C)C4=CC(=O)C=C[C@]4(C)[C@]3(F)[C@@H](O)C[C@@]21C,
8384,6946_B3D,CC(=O)[C@]1(O)Cc2c(O)c3c(c(O)c2[C@@H](O[C@@H]2C[C@H](N)[C@H](O)[C@@H](C)O2)C1)C(=O)c1c(O)cccc1C3=O,
8385,6947_B3D,CC(=O)[C@]1(O)Cc2c(O)c3c(c(O)c2[C@@H](O[C@@H]2C[C@H](N)[C@H](O)[C@@H](C)O2)C1)C(=O)c1ccccc1C3=O,
8386,6948_B3D,CC(=O)c1ccc([C@H](O)[C@@H](CO)NC(=O)C(Cl)Cl)cc1,
8387,6949_B3D,CC(C)(C(=O)O)c1ccc([C@H](O)CCCN2CCC(C(O)(c3ccccc3)c3ccccc3)CC2)cc1,
8388,6950_B3D,CC(C)(C)C(=O)OCOC(=O)[C@H]1N2C(=O)[C@@H](N=CN3CCCCCC3)[C@H]2SC1(C)C,
8389,6951_B3D,CC(C)(C)C(=O)OCOC(=O)[C@H]1N2C(=O)[C@@H](NC(=O)[C@H](N)c3ccccc3)[C@H]2SC1(C)C,
8390,6952_B3D,CC(C)(C)C(=O)O[C@H]1N=C(c2ccccc2)c2cc(Cl)ccc2NC1=O,
8391,6953_B3D,CC(C)(C)C(=O)SCC(=O)[C@@]1(O)CC[C@H]2[C@H]3CCC4=CC(=O)CC[C@@]4(C)[C@H]3[C@H](O)C[C@]21C,
8392,6954_B3D,CC(C)(C)CC(=O)OCC(=O)[C@@]1(O)CC[C@H]2[C@H]3CCC4=CC(=O)C=C[C@@]4(C)[C@H]3[C@H](O)C[C@]21C,
8393,6955_B3D,CC(C)(C)CC(=O)OCC(=O)[C@@]12OC(C)(C)O[C@H]1C[C@H]1[C@H]3CC4=CC(=O)C=C[C@@]4(C)[C@@]3(F)[C@H](O)C[C@]12C,
8394,6956_B3D,CC(C)(C)NC(=O)[C@@H]1CC[C@@H]2[C@@H]3CC[C@@H]4NC(=O)C=C[C@@]4(C)[C@@H]3CC[C@@]12C,
8395,6957_B3D,CC(C)(C)NC(=O)[C@H]1CN(Cc2cccnc2)CCN1C[C@H](O)C[C@@H](Cc1ccccc1)C(=O)N[C@H]1c2ccccc2C[C@@H]1O,
8396,6958_B3D,CC(C)(C)NC(=O)[C@H]1C[C@H]2CCCC[C@H]2CN1C[C@H](O)[C@@H](Cc1ccccc1)NC(=O)[C@@H](CC(N)=O)NC(=O)c1ccc2ccccc2n1,
8397,6959_B3D,CC(C)(C)NC[C@@H](O)c1cc(O)cc(O)c1,
8398,6960_B3D,CC(C)(C)NC[C@@H](O)c1ccc(O)c(C(=O)O)c1,
8399,6961_B3D,CC(C)(C)NC[C@@H](O)c1ccc(O)c(CO)n1,
8400,6962_B3D,CC(C)(C)NC[C@H](O)COc1cccc2c1C[C@@H](O)[C@@H](O)C2,
8401,6963_B3D,CC(C)(C)NC[C@H](O)c1ccc(O)c(NC(N)=O)c1,
8402,6964_B3D,CC(C)(C)[C@@]1(O)CCN2C[C@H]3c4ccccc4CCc4cccc(c43)[C@H]2C1,
8403,6965_B3D,CC(C)(C)[C@H](O)C=Cc1ccc2c(c1)OCO2,
8404,6966_B3D,CC(C)(O/N=C(/C(=O)N[C@@H]1C(=O)N2C(C(=O)O)=C(C[n+]3ccccc3)CS[C@@H]12)c1csc(N)n1)C(=O)O,
8405,6967_B3D,CC(C)(Oc1ccc(CCNC(=O)c2ccccc2)cc1)C(=O)O,
8406,6968_B3D,CC(C)(Oc1ccc(Cl)cc1)C(=O)N[C@H](C(=O)N[C@@H]1C(=O)N2[C@@H](C(=O)O)C(C)(C)S[C@H]12)c1ccccc1,
8407,6969_B3D,CC(C)(Oc1ccc([C@@H]2CC2(Cl)Cl)cc1)C(=O)O,
8408,6970_B3D,CC(C)=CCC1C(=O)N(c2ccccc2)N(c2ccccc2)C1=O,
8409,6971_B3D,CC(C)=CCN1CC[C@@]23c4c5ccc(O)c4O[C@H]2C(=O)CC[C@@]3(O)[C@H]1C5,
8410,6972_B3D,CC(C)=CCN1CC[C@]2(C)c3cc(O)ccc3C[C@@H]1[C@@H]2C,
8411,6973_B3D,CC(C)=CCN1CC[C@]2(C)c3cc(O)ccc3C[C@@H]1[C@H]2C,
8412,6974_B3D,CC(C)C(=O)OCC(=O)[C@@]12O[C@H](C3CCCCC3)O[C@H]1C[C@H]1[C@H]3CCC4=CC(=O)C=C[C@@]4(C)[C@H]3[C@H](O)C[C@]12C,
8413,6975_B3D,CC(C)C(=O)OCc1cccc(OC(=O)[C@H]2N3C(=O)[C@@H](NC(=O)Cc4ccccc4)[C@H]3SC2(C)C)c1,
8414,6976_B3D,CC(C)CCC[C@H](C)[C@@H]1CC[C@@H]2[C@@H]3CC=C4C[C@@H](O)CC[C@]4(C)[C@@H]3CC[C@]12C,
8415,6977_B3D,CC(C)COC[C@@H](CN(Cc1ccccc1)c1ccccc1)N1CCCC1,
8416,6978_B3D,CC(C)COC[C@@H](CN1CCCC1)N(Cc1ccccc1)c1ccccc1,
8417,6979_B3D,CC(C)C[C@@H](CN)CC(=O)O,
8418,6980_B3D,CC(C)C[C@@H](N(C)C)C1(c2ccc(Cl)cc2)CCC1,
8419,6981_B3D,CC(C)C[C@@H](OC(=O)c1ccco1)C(=O)N[C@H]1C(=O)N2[C@H]1SC(C)(C)[C@H]2C(=O)O,
8420,6982_B3D,CC(C)C[C@H](N)C(=O)N[C@@H](CCCN)C(=O)N[C@@H](C(=O)N[C@@H](CCCN)C(=O)N1CCC[C@H]1C(=O)N[C@H](C=O)Cc1ccccc1)C(C)C,
8421,6983_B3D,CC(C)C[C@H]1NC(=O)[C@@H](CCCN)NC(=O)[C@H](C(C)C)NC(=O)[C@H]2CCCN2C(=O)[C@@H](Cc2ccccc2)NC(=O)[C@@H](CC(C)C)NC(=O)[C@@H](CCCN)NC(=O)[C@H](C(C)C)NC(=O)[C@H]2CCCN2C(=O)[C@@H](Cc2ccccc2)NC1=O,
8422,6984_B3D,CC(C)N(CC[C@](C(N)=O)(c1ccccc1)c1cccnc1)C(C)C,
8423,6985_B3D,CC(C)NC[C@@H](O)c1cc(O)cc(O)c1,
8424,6986_B3D,CC(C)NC[C@@H]1CCc2cc(CO)c([N+](=O)[O-])cc2N1,
8425,6987_B3D,CC(C)NC[C@H](O)COc1ccc(COCCOC(C)C)cc1,
8426,6988_B3D,CC(C)NC[C@H](O)COc1cccc(NS(C)(=O)=O)c1,
8427,6989_B3D,CC(C)N[C@@H](C)[C@@H](O)c1cccc2ccccc12,
8428,6990_B3D,CC(C)N[C@@H](O)c1ccc(O)c(O)c1,
8429,6991_B3D,CC(C)[C@@H](CCCCCC(=O)O)NCc1ccc(F)cc1,
8430,6992_B3D,CC(C)[C@@H]1NC(=O)[C@H](C)OC(=O)[C@H](C(C)C)NC(=O)[C@H](C(C)C)OC(=O)[C@H](C(C)C)NC(=O)[C@H](C)OC(=O)[C@H](C(C)C)NC(=O)[C@H](C)COC(=O)[C@@H](C(C)C)NC(=O)[C@H](C)OC(=O)[C@H](C(C)C)NC(=O)[C@H](C)COC1=O,
8431,6993_B3D,CC(C)[C@@]1(O)CCN2C[C@H]3c4ccccc4CCc4cccc(c43)[C@H]2C1,
8432,6994_B3D,CC(C)[N+]1(C)[C@@H]2CC[C@@H]1CC(OC(=O)[C@@H](CO)c1ccccc1)C2,
8433,6995_B3D,CC(C)n1c(/C=C/[C@H](O)C[C@@H](O)CC(=O)O)c(-c2ccc(F)cc2)c2ccccc21,
8434,6996_B3D,CC(C)n1c(/C=C/[C@H](O)C[C@H](O)CC(=O)O)c(-c2ccc(F)cc2)c2ccccc21,
8435,6997_B3D,CC(C)n1cc2c3c(cccc31)[C@@H]1C[C@@H](C(=O)NC3CCCCC3)CN(C)[C@@H]1C2,
8436,6998_B3D,CC([C@H](C)OC(N)=O)[C@@H](C)OC(N)=O,
8437,6999_B3D,CC/C=C(/C(=O)N[C@H]1C(=O)N2C(C(=O)O)=C(COC(N)=O)CS[C@@H]12)c1csc(N)n1,
8438,7000_B3D,CC1(C)NC(=O)[C@H](C=Cc2ccccc2)O1,
8439,7001_B3D,CC1(C)O[C@H]2CO[C@@]3(COS(N)(=O)=O)OC(C)(C)O[C@H]3[C@H]2O1,
8440,7002_B3D,CC1(C)O[C@H]2CO[C@]3(COS(N)(=O)=O)OC(C)(C)O[C@H]3[C@@H]2O1,
8441,7003_B3D,CC1(C)O[C@H]2C[C@H]3[C@@H]4CCC5=CC(=O)C=C[C@H]5[C@]4(F)[C@H](O)C[C@]3(C)[C@@]2(C(=O)CO)O1,
8442,7004_B3D,CC1(C)O[C@H]2C[C@H]3[C@@H]4C[C@H](F)C5=CC(=O)C=C[C@]5(C)[C@H]4[C@H](O)C[C@@]3(C)[C@@]2(C(=O)CO)O1,
8443,7005_B3D,CC1(C)O[C@H]2C[C@H]3[C@H]4CC5=CC(=O)C=C[C@@]5(C)[C@@]4(F)[C@H](O)C[C@@]3(C)[C@]2(C(=O)COC(=O)c2cc3ccccc3o2)O1,
8444,7006_B3D,CC1(C)O[C@H]2C[C@H]3[C@H]4CCC5=CC(=O)C=C[C@@]5(C)[C@@]4(F)[C@H](O)C[C@@]3(C)[C@]2(C(=O)CO)O1,
8445,7007_B3D,CC1(C)O[C@H]2C[C@H]3[C@H]4CCC5=CC(=O)C=C[C@@]5(C)[C@H]4[C@H](O)C[C@@]3(C)[C@]2(C(=O)CO)O1,
8446,7008_B3D,CC1(C)O[C@H]2C[C@H]3[C@H]4CCC5=CC(=O)CC[C@@]5(C)[C@@]4(F)[C@H](O)C[C@@]3(C)[C@]2(C(=O)CCl)O1,
8447,7009_B3D,CC1(C)O[C@H]2C[C@H]3[C@H]4CC[C@H]5CC(=O)CC[C@@]5(C)[C@@]4(F)[C@H](O)C[C@@]3(C)[C@]2(C(=O)CO)O1,
8448,7010_B3D,CC1(C)O[C@H]2C[C@H]3[C@H]4C[C@H](F)C5=CC(=O)C=C[C@@]5(C)[C@@]4(Cl)[C@H](Cl)C[C@@]3(C)[C@]2(C(=O)CCl)O1,
8449,7011_B3D,CC1(C)O[C@H]2C[C@H]3[C@H]4C[C@H](F)C5=CC(=O)C=C[C@@]5(C)[C@@]4(Cl)[C@H](Cl)C[C@@]3(C)[C@]2(C(=O)CF)O1,
8450,7012_B3D,CC1(C)O[C@H]2C[C@H]3[C@H]4C[C@H](F)C5=CC(=O)C=C[C@@]5(C)[C@@]4(Cl)[C@H](Cl)C[C@@]3(C)[C@]2(C(=O)CO)O1,
8451,7013_B3D,CC1(C)O[C@H]2C[C@H]3[C@H]4C[C@H](F)C5=CC(=O)C=C[C@@]5(C)[C@@]4(F)[C@H](O)C[C@@]3(C)[C@]2(C(=O)CO)O1,
8452,7014_B3D,CC1(C)O[C@H]2C[C@H]3[C@H]4C[C@H](F)C5=CC(=O)C=C[C@@]5(C)[C@@]4(F)[C@H](O)C[C@@]3(C)[C@]2(C(=O)COC(=O)C2CC2)O1,
8453,7015_B3D,CC1(C)O[C@H]2C[C@H]3[C@H]4C[C@H](F)C5=CC(=O)C=C[C@@]5(C)[C@H]4[C@H](O)C[C@@]3(C)[C@]2(C(=O)CO)O1,
8454,7016_B3D,CC1(C)O[C@H]2C[C@H]3[C@H]4C[C@H](F)C5=CC(=O)CC[C@@]5(C)[C@H]4[C@H](O)C[C@@]3(C)[C@]2(C(=O)CO)O1,
8455,7017_B3D,CC1(C)S[C@@H]2[C@H](N3C(=O)[C@H](c4ccc(O)cc4)NC3(C)C)C(=O)N2[C@H]1C(=O)O,
8456,7018_B3D,CC1(C)S[C@@H]2[C@H](N3C(=O)[C@H](c4ccccc4)NC3(C)C)C(=O)N2[C@H]1C(=O)O,
8457,7019_B3D,CC1(C)S[C@@H]2[C@H](NC(=O)C34C[C@H]5C[C@@H](CC(N)(C5)C3)C4)C(=O)N2[C@H]1C(=O)O,
8458,7020_B3D,CC1(C)S[C@@H]2[C@H](NC(=O)CCC[C@H](N)C(=O)O)C(=O)N2[C@H]1C(=O)O,
8459,7021_B3D,CC1(C)S[C@@H]2[C@H](NC(=O)[C@@H](C(=O)O)c3ccccc3)C(=O)N2[C@H]1C(=O)O,
8460,7022_B3D,CC1(C)S[C@@H]2[C@H](NC(=O)[C@@H](C(=O)O)c3ccsc3)C(=O)N2[C@H]1C(=O)O,
8461,7023_B3D,CC1(C)S[C@@H]2[C@H](NC(=O)[C@@H](C(=O)Oc3ccc4c(c3)CCC4)c3ccccc3)C(=O)N2[C@H]1C(=O)O,
8462,7024_B3D,CC1(C)S[C@@H]2[C@H](NC(=O)[C@@H](C(=O)Oc3ccccc3)c3ccccc3)C(=O)N2[C@H]1C(=O)O,
8463,7025_B3D,CC1(C)S[C@@H]2[C@H](NC(=O)[C@@H](NC(=O)CN=C(N)c3ccncc3)c3ccccc3)C(=O)N2[C@H]1C(=O)O,
8464,7026_B3D,CC1(C)S[C@@H]2[C@H](NC(=O)[C@@H](NC(=O)Cc3ccc(C4=NCCCN4)cc3)c3ccccc3)C(=O)N2[C@H]1C(=O)O,
8465,7027_B3D,CC1(C)S[C@@H]2[C@H](NC(=O)[C@@H](NC(=O)N3CCN(S(C)(=O)=O)C3=O)c3ccccc3)C(=O)N2[C@H]1C(=O)O,
8466,7028_B3D,CC1(C)S[C@@H]2[C@H](NC(=O)[C@@H](NC(=O)Nc3cnc(Nc4ccc(S(N)(=O)=O)cc4)[nH]c3=O)c3ccc(O)cc3)C(=O)N2[C@H]1C(=O)O,
8467,7029_B3D,CC1(C)S[C@@H]2[C@H](NC(=O)[C@@H](NC(=O)c3c[nH]c4cccnc4c3=O)c3ccccc3)C(=O)N2[C@H]1C(=O)O,
8468,7030_B3D,CC1(C)S[C@@H]2[C@H](NC(=O)[C@@H](NC(=O)c3ccc(-c4ccc(S(=O)(=O)N(CCO)CCO)cc4)[nH]c3=O)c3ccc(O)cc3)C(=O)N2[C@H]1C(=O)O,
8469,7031_B3D,CC1(C)S[C@@H]2[C@H](NC(=O)[C@@H](NS(=O)(=O)O)c3ccccc3)C(=O)N2[C@H]1C(=O)O,
8470,7032_B3D,CC1(C)S[C@@H]2[C@H](NC(=O)[C@@H](c3ccccc3)S(=O)(=O)O)C(=O)N2[C@H]1C(=O)O,
8471,7033_B3D,CC1(C)S[C@@H]2[C@H](NC(=O)[C@H](N)c3ccccc3)C(=O)N2[C@H]1C(=O)OCOC(=O)[C@H]1N2C(=O)C[C@H]2S(=O)(=O)C1(C)C,
8472,7034_B3D,CC1(C)S[C@@H]2[C@H](NC(=O)[C@H](N)c3ccccc3)C(=O)N2[C@H]1C(=O)O[C@H]1OC(=O)c2ccccc21,
8473,7035_B3D,CC1(C)S[C@H]2[C@@H](NC(=O)[C@@H](C(=O)O)c3ccsc3)C(=O)N2[C@@H]1C(=O)O,
8474,7036_B3D,CC1(C)S[C@H]2[C@@H](NC(=O)[C@@H](NC(=O)N3CCN(S(C)(=O)=O)C3=O)c3ccccc3)C(=O)N2[C@@H]1C(=O)O,
8475,7037_B3D,CC1(C)S[C@H]2[C@@H](NC(=O)[C@@H](NC(=O)N3CCNC3=O)c3ccccc3)C(=O)N2[C@@H]1C(=O)O,
8476,7038_B3D,CC1(C)S[C@H]2[C@@H](NC(=O)[C@@H](Oc3ccccc3)c3ccccc3)C(=O)[C@H]2[C@H]1C(=O)O,
8477,7039_B3D,CC1(C)[C@H](C(=O)O)N2C(=O)C[C@@H]2S1(=O)=O,
8478,7040_B3D,CC1(C)[C@H](NC/C(=N/OCC(=O)O)c2csc(N)n2)C(=O)N1OS(=O)(=O)O,
8479,7041_B3D,CC1(C)[C@H]2CC[C@@]1(C)C(=O)C2,
8480,7042_B3D,CC1=C(C(=O)OCC(=O)OC(C)(C)C)N2C(=O)[C@@H](NC(=O)[C@H](N)c3ccccc3)[C@H]2SC1,
8481,7043_B3D,CC1=CC[C@H]2[C@H]3Cc4ccc(O)c5c4[C@]2(CN3C)[C@H]1O5,
8482,7044_B3D,CC1=C[C@@H](O)CC(=O)Cc2nc(co2)C(=O)N2CCC=C2C(=O)O[C@H](C(C)C)[C@@H](C)C=CC(=O)NCC=C1,
8483,7045_B3D,CC1=C[C@H]2[C@H]([C@H](O)C[C@]3(C)[C@H]2C[C@H](C)[C@]3(O)C(=O)COC(=O)c2cccc(S(=O)(=O)O)c2)[C@]2(C)Cc3cnn(-c4ccccc4)c3C=C12,
8484,7046_B3D,CC1=NNC2=CN=C(c3ccccc3Cl)c3cc(Cl)ccc3N21,
8485,7047_B3D,CC=CC(=O)N(CC)[C@H](CC)C(=O)N(C)C,
8486,7048_B3D,CC=CC(=O)N(CCC)[C@@H](CC)C(=O)N(C)C,
8487,7049_B3D,CCC#CC[C@H](C)[C@@H](O)C#C[C@H]1[C@@H](O)C[C@H]2C/C(=C/COCC(=O)O)C[C@H]12,
8488,7050_B3D,CCC(=O)C(=O)c1ccc(OCC(=O)O)c(Cl)c1Cl,
8489,7051_B3D,CCC(=O)C(c1ccccc1)(c1ccccc1)[C@H](C)CN(C)C,
8490,7052_B3D,CCC(=O)N(c1ccc(Cl)c(Cl)c1)[C@H]1CCC[C@H]1N(C)C,
8491,7053_B3D,CCC(=O)N1CCN(C(=O)O[C@@H]2C3=C(SCCS3)C(=O)N2c2ccc3ccc(Cl)nc3n2)CC1,
8492,7054_B3D,CCC(=O)OCC(=O)[C@@]1(OC(=O)CC)[C@H](C)C[C@H]2[C@@H]3[C@H]([C@H](O)C[C@]21C)[C@]1(C)C=CC(=O)C=C1C[C@H]3Cl,
8493,7055_B3D,CCC(=O)OCC(=O)[C@@]1(OC(=O)CC)[C@H](C)C[C@H]2[C@H]3CCC4=CC(=O)C=C[C@@]4(C)[C@@]3(Cl)[C@H](O)C[C@]21C,
8494,7056_B3D,CCC(=O)OCC(=O)[C@@]1(OC(=O)CC)[C@H](C)C[C@H]2[C@H]3CCC4=CC(=O)C=C[C@@]4(C)[C@@]3(F)[C@H](O)C[C@]21C,
8495,7057_B3D,CCC(=O)OCC(=O)[C@@]12OC(C)(C)O[C@H]1C[C@H]1[C@H]3C[C@H](F)C4=CC(=O)C=C[C@@]4(C)[C@@]3(F)[C@H](O)C[C@]12C,
8496,7058_B3D,CCC(=O)O[C@@](Cc1ccccc1)(c1ccccc1)[C@H](C)CN(C)C,
8497,7059_B3D,CCC(=O)O[C@@]1(C(=O)CCl)[C@H](C)C[C@H]2[C@H]3CCC4=CC(=O)C=C[C@@]4(C)[C@@]3(F)[C@H](O)C[C@]21C,
8498,7060_B3D,CCC(=O)O[C@@]1(C(=O)COC)[C@H](C)C[C@H]2[C@H]3CCC4=CC(=O)C=C[C@@]4(C)[C@@]3(F)[C@H](O)C[C@]21C,
8499,7061_B3D,CCC(=O)O[C@@]1(C(=O)SC)[C@H](C)C[C@H]2[C@H]3C[C@H](F)C4=CC(=O)C=C[C@@]4(C)[C@@]3(F)[C@H](O)C[C@]21C,
8500,7062_B3D,CCC(=O)O[C@@]1(C(=O)SCCl)[C@H](C)C[C@H]2[C@H]3C[C@H](F)C4=CC(=O)C=C[C@@]4(C)[C@@]3(F)[C@H](O)C[C@]21C,
8501,7063_B3D,CCC(=O)O[C@@]1(C(=O)SCF)[C@H](C)C[C@H]2[C@H]3C[C@H](F)C4=CC(=O)C=C[C@@]4(C)[C@@]3(F)[C@H](O)C[C@]21C,
8502,7064_B3D,CCC(=O)O[C@@]1(CCN(C)CCCc2nc3ccccc3[nH]2)CCc2cc(F)ccc2[C@@H]1C(C)C,
8503,7065_B3D,CCC(=O)O[C@@]1(c2ccccc2)CCN(C)C[C@@H]1CC,
8504,7066_B3D,CCC(=O)O[C@H]1CC(=O)O[C@H](C)CC=CC=C[C@H](O)[C@H](C)C[C@@H](CC=O)[C@@H](O[C@H]2O[C@H](C)[C@@H](O[C@H]3C[C@@](C)(O)[C@@H](OC(=O)CC)[C@H](C)O3)[C@@H](N(C)C)[C@@H]2O)[C@H]1OC,
8505,7067_B3D,CCC(=O)O[C@H]1[C@@H](O[C@@H]2[C@@H](C)[C@H](O[C@H]3C[C@@](C)(OC)[C@H](O)[C@H](C)O3)[C@@H](C)C(=O)O[C@H](CC)[C@](C)(O)[C@@H](O)[C@@H](C)C(=O)[C@@H](C)C[C@]2(C)O)O[C@H](C)C[C@H]1N(C)C,
8506,7068_B3D,CCC(=O)O[C@H]1[C@H](C)O[C@@H](O[C@@H]2[C@@H](C)C(=O)O[C@@H](C)[C@@H](C)[C@H](OC(=O)CC)[C@@H](C)C(=O)[C@]3(CO3)C[C@@H](C)[C@H](O[C@H]3O[C@H](C)C[C@@H](N(C)C)[C@@H]3O)[C@H]2C)C[C@H]1OC,
8507,7069_B3D,CCC(=O)O[C@]1(C(=O)COC(C)=O)CC[C@H]2[C@H]3CCC4=CC(=O)CC[C@@]4(C)[C@H]3[C@H](O)C[C@]21C,
8508,7070_B3D,CCC(=O)O[C@]1(C(=O)COC(C)=O)CC[C@H]2[C@H]3C[C@H](C)C4=CC(=O)C=C[C@@]4(C)[C@H]3[C@H](O)C[C@]21C,
8509,7071_B3D,CCC(=O)[C@@]1(C)[C@H](C)C[C@H]2[C@H]3CCC4=CC(=O)C=C[C@@]4(C)[C@H]3[C@H](O)C[C@]21C,
8510,7072_B3D,CCC(=O)[C@@]1(O)CC[C@H]2[C@H]3CCC4=CC(=O)CC[C@@]4(C)[C@H]3[C@H](O)C[C@]21C,
8511,7073_B3D,CCC(C)(C)C(=O)O[C@H]1C[C@H](C)C=C2C=C[C@H](C)[C@@H](CC[C@H]3C[C@H](O)CC(=O)O3)[C@H]21,
8512,7074_B3D,CCC1(CC)O[C@H]2C[C@H]3[C@H]4CCC5=CC(=O)C=C[C@@]5(C)[C@@]4(F)[C@H](O)C[C@@]3(C)[C@]2(C(=O)CO)O1,
8513,7075_B3D,CCCC(=O)OCC(=O)[C@@]1(OC(=O)CCC)[C@H](C)C[C@H]2[C@H]3CCC4=CC(=O)C=C[C@@]4(C)[C@@]3(Cl)[C@H](Cl)C[C@]21C,
8514,7076_B3D,CCCC(=O)O[C@@]1(C(=O)CCl)[C@H](C)C[C@H]2[C@H]3CCC4=CC(=O)C=C[C@@]4(C)[C@@]3(F)C(=O)C[C@]21C,
8515,7077_B3D,CCCC(=O)O[C@@]1(C(=O)COC(C)=O)[C@H](C)C[C@H]2[C@H]3CCC4=CC(=O)C=C[C@@]4(C)[C@@]3(Cl)[C@H](O)C[C@]21C,
8516,7078_B3D,CCCC(=O)O[C@]1(C(=O)CO)CC[C@H]2[C@H]3CCC4=CC(=O)CC[C@@]4(C)[C@H]3[C@H](O)C[C@]21C,
8517,7079_B3D,CCCC(=O)O[C@]1(C(=O)COC(=O)CC)CC[C@H]2[C@H]3CCC4=CC(=O)CC[C@@]4(C)[C@H]3[C@H](O)C[C@]21C,
8518,7080_B3D,CCCC(=O)O[C@]1(C(=O)COC(C)=O)CC[C@H]2[C@H]3C[C@H](C)C4=CC(=O)CC[C@@]4(C)[C@H]3[C@H](O)C[C@]21C,
8519,7081_B3D,CCCC(=O)O[C@]1(C(=O)COC(C)=O)CC[C@H]2[C@H]3C[C@H](F)C4=CC(=O)C=C[C@@]4(C)[C@@]3(F)[C@H](O)C[C@]21C,
8520,7082_B3D,CCCC(=O)O[C@]1(C(C)=O)CCC[C@H]2[C@H]3CCC4=CC(=O)C=C[C@@]4(C)[C@H]3[C@H](O)C[C@]21C,
8521,7083_B3D,CCCC(=O)[C@]1(c2ccccc2)CCC=C[C@@H]1N(C)C,
8522,7084_B3D,CCCC(CCC)CCC[C@@H]1COCCN1CCO,
8523,7085_B3D,CCCCC(=O)O[C@@]1(C(=O)CO)[C@H](C)C[C@H]2[C@H]3CCC4=CC(=O)C=C[C@@]4(C)[C@@]3(F)[C@H](O)C[C@]21C,
8524,7086_B3D,CCCCC(=O)O[C@]1(C(=O)CO)CC[C@H]2[C@H]3CCC4=CC(=O)C=C[C@@]4(C)[C@H]3[C@H](O)C[C@]21C,
8525,7087_B3D,CCCCC(=O)O[C@]1(C(=O)CO)CC[C@H]2[C@H]3CCC4=CC(=O)CC[C@@]4(C)[C@H]3[C@H](O)C[C@]21C,
8526,7088_B3D,CCCCC(=O)O[C@]1(C(=O)CO)CC[C@H]2[C@H]3C[C@H](F)C4=CC(=O)C=C[C@@]4(C)[C@H]3[C@H](O)C[C@]21C,
8527,7089_B3D,CCCCCC(=O)CC[C@@]1(C)[C@H]2Cc3ccc(O)cc3[C@@]1(C)CCN2C,
8528,7090_B3D,CCCCCC(=O)OCC(=O)[C@H]1[C@H](C)C[C@H]2[C@H]3C[C@H](F)C4=CC(=O)C=C[C@@]4(C)[C@H]3[C@H](O)C[C@@]12C,
8529,7091_B3D,CCCCCC(=O)O[C@]1(C(C)=O)CC[C@@H]2[C@@H]3C=CC4=CC(=O)CC[C@]4(C)[C@@H]3CC[C@@]21C,
8530,7092_B3D,CCCCCCC(C)(C)c1cc(O)c2c(c1)OC(C)(C)[C@H]1CCC(=O)C[C@@H]21,
8531,7093_B3D,CCCCCCCCCCCCCC(=O)O[C@H]1C=C[C@H]2[C@H]3Cc4ccc(OCc5ccccc5)c5c4[C@]2(CCN3C)[C@@H]1O5,
8532,7094_B3D,CCCCCCCCCCCCCCCCCC(=O)OCC(=O)OCC(=O)[C@@]1(O)CC[C@H]2[C@H]3CCC4=CC(=O)C=C[C@@]4(C)[C@H]3[C@H](O)C[C@]21C,
8533,7095_B3D,CCCCCCCCC[C@@]1(C)OC[C@@H](COC(N)=O)O1,
8534,7096_B3D,CCCCCCCN(CC)CCC[C@@H](O)c1ccc(NS(C)(=O)=O)cc1,
8535,7097_B3D,CCCCCN[C@]12C=CC(=O)[C@H]3Oc4c(O)ccc5c4[C@@]31CCN(C)[C@@H]2C5,
8536,7098_B3D,CCCCCOC(=O)Nc1nc(=O)n([C@@H]2O[C@@H](C)[C@@H](O)[C@H]2O)cc1F,
8537,7099_B3D,CCCCC[C@H](C)[C@H](C)c1cc(OC(=O)CCCN2CCCCCC2)c2c(c1)OC(C)(C)C1=C2C[C@H](C)CC1,
8538,7100_B3D,CCCCC[C@H]1CN[C@H](C(=O)N[C@@H]([C@@H](C)Cl)[C@H]2O[C@@H](SC)[C@H](O)[C@H](O)[C@@H]2O)C1,
8539,7101_B3D,CCCCNC(=O)OC[C@@](C)(CCC)COC(N)=O,
8540,7102_B3D,CCCCOC(=O)C(=O)[C@H]1[C@H](C)C[C@H]2[C@H]3C[C@H](F)C4=CC(=O)C=C[C@@]4(C)[C@H]3[C@H](O)C[C@@]12C,
8541,7103_B3D,CCCCOC[C@@H](CN1C(=O)NC(=O)[C@](CC)(c2ccccc2)C1=O)OC(N)=O,
8542,7104_B3D,CCCCOC[C@H](CN1C(=O)N(C[C@H](COCCCC)OC(N)=O)C(=O)C(CC)(c2ccccc2)C1=O)OC(N)=O,
8543,7105_B3D,CCCC[C@@H](CC)CNC(=O)C[C@@H](C)O,
8544,7106_B3D,CCCC[C@@H]1C(=O)C(=O)N(c2ccccc2)N1c1ccccc1,
8545,7107_B3D,CCCC[C@@H]1C(=O)N(c2ccccc2)N(c2ccc(O)cc2)C1=O,
8546,7108_B3D,CCCC[C@H]1CC(=O)[C@@]2(O)O[C@H]3[C@@H](NC)[C@H](O)[C@@H](NC)[C@H](O)[C@H]3O[C@H]2O1,
8547,7109_B3D,CCCC[C@](C)(O)C/C=C/[C@@H]1[C@H](CCCCCCC(=O)OC)C(=O)C[C@H]1O,
8548,7110_B3D,CCCC[N+]1(C)[C@@H]2CC(OC(=O)[C@@H](CO)c3ccccc3)C[C@@H]1[C@H]1O[C@H]12,
8549,7111_B3D,CCCN(CCC)C(=O)Cc1c(-c2ccc(C)cc2)nc2ccc(C)cn12,
8550,7112_B3D,CCCN1C[C@@H](CSC)C[C@H]2c3cccc4[nH]cc(c34)C[C@H]21,
8551,7113_B3D,CCCN1C[C@H](NS(=O)(=O)N(CC)CC)C[C@H]2Cc3c(O)cccc3C[C@H]21,
8552,7114_B3D,CCCNC(Cc1cccc2c1CC(=O)N2)NCCC,
8553,7115_B3D,CCCN[C@@H]1CCc2nc(N)sc2C1,
8554,7116_B3D,CCCOC(=O)c1cncn1[C@H](C)c1ccccc1,
8555,7117_B3D,CCC[C@@H](N[C@H](C)C(=O)N1[C@H](C(=O)O)C[C@@H]2CCCC[C@@H]21)C(=O)OCC,
8556,7118_B3D,CCC[C@@H]1C[C@H](C(=O)N[C@@H]([C@H](C)Cl)[C@@H]2O[C@@H](SC)[C@@H](O)[C@@H](O)[C@@H]2O)N(C)C1,
8557,7119_B3D,CCC[C@@H]1C[C@H](C(=O)N[C@@H]([C@H](C)O)[C@@H]2O[C@@H](SC)[C@@H](O)[C@@H](O)[C@@H]2O)N(C)C1,
8558,7120_B3D,CCC[C@@H]1O[C@@H]2C[C@@H]3[C@@H]4CCC5=CC(=O)C=C[C@]5(C)[C@@H]4[C@@H](O)C[C@]3(C)[C@]2(C(=O)CO)O1,
8559,7121_B3D,CCC[C@@](C)(O)[C@H]1C[C@]23C=C[C@@]1(OC)[C@H]1Oc4c(O)ccc5c4[C@@]12CCN(C)[C@@H]3C5,
8560,7122_B3D,CCC[C@@](C)(O)[C@H]1C[C@]23C=C[C@@]1(OC)[C@H]1Oc4c(OC(C)=O)ccc5c4[C@@]12CCN(C)[C@@H]3C5,
8561,7123_B3D,CCC[C@H]1C[C@H](C(=O)N[C@@H]([C@@H](C)Cl)[C@H]2O[C@@H](SC)[C@@H](OP(=O)(O)O)[C@H](O)[C@@H]2O)N(C)C1,
8562,7124_B3D,CCC[C@H]1C[C@H](C(=O)N[C@@H]([C@@H](C)Cl)[C@H]2O[C@@H](SC)[C@H](O)[C@H](O)[C@@H]2O)N(C)C1,
8563,7125_B3D,CCC[C@H]1C[C@H](C(=O)N[C@@H]([C@@H](C)O)[C@H]2O[C@@H](SC)[C@H](O)[C@H](O)[C@@H]2O)N(C)C1,
8564,7126_B3D,CCC[C@H]1O[C@@]1(CC)C(N)=O,
8565,7127_B3D,CCC[C@H]1O[C@H]2C[C@H]3[C@H]4CCC5=CC(=O)C=C[C@@]5(C)[C@H]4[C@H](O)C[C@@]3(C)[C@]2(C(=O)CO)O1,
8566,7128_B3D,CCC[C@H]1O[C@H]2C[C@H]3[C@H]4C[C@H](F)C5=CC(=O)C=C[C@@]5(C)[C@@]4(F)[C@H](O)C[C@@]3(C)[C@]2(C(=O)O[C@H](C)OC(=O)OCC)O1,
8567,7129_B3D,CCC[C@H]1O[C@H]2C[C@H]3[C@H]4C[C@H](F)C5=CC(=O)CC[C@@]5(C)[C@@]4(F)[C@H](O)C[C@@]3(C)[C@]2(C(=O)CO)O1,
8568,7130_B3D,CCCc1cc(C(N)=S)ccn1,
8569,7131_B3D,CCCc1nc2c(n1Cc1ccc(-c3ccccc3C(=O)O)cc1)=C[C@H](c1nc3ccccc3n1C)CC=2C,
8570,7132_B3D,CCN(C)C(=O)Oc1cccc([C@@H](C)N(C)C)c1,
8571,7133_B3D,CCN(CC)C(=O)COc1cc2c(O)c3c(O)c(C)c4c(c13)C(=O)[C@@](C)(OC=C[C@H](OC)[C@@H](C)[C@H](OC(C)=O)[C@@H](C)[C@@H](O)[C@@H](C)[C@@H](O)[C@@H](C)C=CC=C(C)C(=O)N2)O4,
8572,7134_B3D,CCN(CC)C(=O)N[C@@H]1C=C2c3cccc4[nH]cc(c34)C[C@@H]2N(C)C1,
8573,7135_B3D,CCN(CC)C(=O)N[C@H]1C[C@H]2c3cccc4[nH]cc(c34)C[C@H]2N(C)C1,
8574,7136_B3D,CCN(CC)C(=O)Nc1ccc(OC[C@H](O)CNC(C)(C)C)c(C(C)=O)c1,
8575,7137_B3D,CCN(CC)C(=O)[C@H]1CN2CCc3cc(OC)c(OC)cc3[C@H]2C[C@H]1OC(C)=O,
8576,7138_B3D,CCN(CC)C(=O)[C@H]1[C@@H]2C=C[C@H](C2)[C@H]1C(=O)N(CC)CC,
8577,7139_B3D,CCN(CC)C(=O)[C@]1(c2ccccc2)C[C@H]1CN,
8578,7140_B3D,CCN(CC)C(C)=N/N=C/c1c2c(O)c3c(O)c(C)c4c(c3c1O)C(=O)[C@@](C)(OC=C[C@@H](OC)[C@H](C)[C@@H](OC(C)=O)[C@H](C)[C@H](O)[C@H](C)[C@H](O)[C@H](C)C=C/C=C(/C)C(=O)N2)O4,
8579,7141_B3D,CCN(CC)CC#CCOC(=O)[C@](O)(c1ccccc1)C1CCCCC1,
8580,7142_B3D,CCN(CC)CC(=O)OCC(=O)[C@@]1(O)CC[C@H]2[C@H]3CCC4=CC(=O)C=C[C@@]4(C)[C@H]3[C@H](O)C[C@]21C,
8581,7143_B3D,CCN(CC)CC(=O)OCC(=O)[C@@]1(O)CC[C@H]2[C@H]3CCC4=CC(=O)CC[C@@]4(C)[C@H]3[C@H](O)C[C@]21C,
8582,7144_B3D,CCN(CC)CCCCN(C)c1ccnc2cc(Cl)ccc12,
8583,7145_B3D,CCN(CC)CCCOC(=O)[C@@]1(c2ccccc2)C[C@@H]2CC[C@@H]1C2,
8584,7146_B3D,CCN(CC)CCOC(=O)[C@H](Cc1ccc2ccccc2c1)C[C@H]1CCCO1,
8585,7147_B3D,CCN(CC)CCOC(=O)[C@H]1N2C(=O)[C@@H](NC(=O)c3c(OC)cccc3OC)[C@H]2SC1(C)C,
8586,7148_B3D,CCN(CC)CC[C@]1(c2ccccc2)CCC(=O)NC1=O,
8587,7149_B3D,CCN(CC)S(=O)(=O)N[C@H]1C[C@H]2c3cccc4[nH]cc(c34)C[C@H]2N(C)C1,
8588,7150_B3D,CCN(CC)[C@H](C)C(=O)c1ccccc1,
8589,7151_B3D,CCN(CC)c1nc2c(s1)c1c(O)c3c(O)c(C)c4c(c32)C(=O)[C@@](C)(OC=C[C@H](OC)[C@@H](C)[C@H](OC(C)=O)[C@@H](C)[C@@H](O)[C@@H](C)[C@@H](O)[C@@H](C)C=CC=C(C)C(=O)N1)O4,
8590,7152_B3D,CCN(CCCCOC(=O)c1ccc(OC)c(OC)c1)[C@@H](C)Cc1ccc(OC)cc1,
8591,7153_B3D,CCN(CCO)CC[C@H](C)Nc1ccnc2cc(Cl)ccc12,
8592,7154_B3D,CCN1C(=O)N[C@H](c2ccccc2)C1=O,
8593,7155_B3D,CCN1CCC[C@@H]1CNC(=O)c1c(OC)ccc(Br)c1OC,
8594,7156_B3D,CCN1CCN(C(=O)N[C@@H](C(=O)N[C@H]2C(=O)N3C(C(=O)O)=C(CSc4nnnn4C)CS[C@@H]23)c2ccc(O)cc2)C(=O)C1=O,
8595,7157_B3D,CCN1CCN(C(=O)N[C@@H](C(=O)N[C@H]2C(=O)N3[C@H]2SC(C)(C)[C@H]3C(=O)O)c2ccccc2)C(=O)C1=O,
8596,7158_B3D,CCN1CC[C@H](CNC(=O)c2cc(S(N)(=O)=O)ccc2OC)C1,
8597,7159_B3D,CCN1CC[C@]23[C@@H]4C=C[C@H](O)[C@@H]2OC2=C(O)C=C[C@H](C[C@@H]41)[C@@H]23,
8598,7160_B3D,CCN1C[C@@H](C(=O)O)C(=O)c2ccc(C)nc21,
8599,7161_B3D,CCNC[C@H](C)c1cccc(C(F)(F)F)c1,
8600,7162_B3D,CCNC[C@H](O)c1cccc(O)c1,
8601,7163_B3D,CCN[C@@H](Cc1ccccc1)[C@H]1CCCO1,
8602,7164_B3D,CCN[C@@H]1C[C@H](N)[C@H](O[C@@H]2C[C@@H](N)C=C(CN)O2)[C@H](O)[C@@H]1O[C@@H]1OC[C@@](C)(O)[C@@H](NC)[C@@H]1O,
8603,7165_B3D,CCN[C@H]1C[C@H](N)[C@@H](O[C@H]2OC(CN)=CC[C@@H]2N)[C@H](O)[C@H]1O[C@H]1OC[C@@](C)(O)[C@@H](NC)[C@@H]1O,
8604,7166_B3D,CCN[C@H]1[C@H]2CC[C@@H](C2)[C@H]1c1ccccc1,
8605,7167_B3D,CCOC(=O)C1=C(C)NC(C)=C(C(=O)OC)[C@H]1c1cccc(Cl)c1Cl,
8606,7168_B3D,CCOC(=O)C1=C(C)NC(C)=C(C(=O)OC)[C@H]1c1cccc([N+](=O)[O-])c1,
8607,7169_B3D,CCOC(=O)C1=C(C)NC(C)=C(C(=O)OCC)C1c1ccccc1/C=C/C(=O)OC(C)(C)C,
8608,7170_B3D,CCOC(=O)C1=C[C@H](OC(CC)CC)[C@H](NC(C)=O)[C@@H](N)C1,
8609,7171_B3D,CCOC(=O)CCC(=O)O[C@@H]1[C@H](O[C@H]2[C@H](C)[C@@H](O[C@H]3C[C@@](C)(OC)[C@H](O)[C@H](C)O3)[C@H](C)C(=O)O[C@@H](CC)[C@@](C)(O)[C@H](O)[C@H](C)C(=O)[C@H](C)C[C@@]2(C)O)O[C@@H](C)C[C@H]1N(C)C,
8610,7172_B3D,CCOC(=O)C[C@H](O)C[C@H](O)C=CC1=C(c2ccc(F)cc2)c2ccccc2OC12CCCC2,
8611,7173_B3D,CCOC(=O)O[C@@H]1[C@H](O[C@H]2[C@H](C)[C@@H](O[C@H]3C[C@@](C)(OC)[C@H](O)[C@H](C)O3)[C@H](C)C(=O)O[C@@H](CC)[C@@](C)(O)[C@H](O)[C@H](C)C(=O)[C@H](C)C[C@@]2(C)O)O[C@@H](C)C[C@H]1N(C)C,
8612,7174_B3D,CCOC(=O)O[C@H](C)OC(=O)[C@H]1N2C(=O)[C@@H](N=CN3CCCCCC3)[C@H]2SC1(C)C,
8613,7175_B3D,CCOC(=O)O[C@]1(C(=O)COC(=O)CC)CC[C@H]2[C@H]3CCC4=CC(=O)C=C[C@@]4(C)[C@H]3[C@H](O)C[C@]21C,
8614,7176_B3D,CCOC(=O)O[C@]1(C(=O)OCCl)CC[C@H]2[C@H]3CCC4=CC(=O)C=C[C@@]4(C)[C@H]3[C@H](O)C[C@]21C,
8615,7177_B3D,CCOC(=O)[C@@H](CCc1ccccc1)N[C@H](C)C(=O)N1[C@H](C(=O)O)C[C@@H]2CCCC[C@@H]21,
8616,7178_B3D,CCOC(=O)[C@@H](CCc1ccccc1)N[C@H](C)C(=O)N1[C@H](C(=O)O)C[C@@H]2CCC[C@@H]21,
8617,7179_B3D,CCOC(=O)[C@H](CCc1ccccc1)N[C@@H]1CCCN2CCC[C@@H](C(=O)O)N2C1=O,
8618,7180_B3D,CCOC(OCC)C(=O)OCC(=O)[C@]1(O)Cc2c(O)c3c(c(O)c2[C@H](O[C@H]2C[C@H](N)[C@H](O)[C@H](C)O2)C1)C(=O)c1c(OC)cccc1C3=O,
8619,7181_B3D,CCO[C@H](Cc1ccc(OCCc2ccc(OS(C)(=O)=O)cc2)cc1)C(=O)O,
8620,7182_B3D,CCO[C@H]1C[C@@]2(C)[C@@H](CC[C@@H]3[C@H]2[C@H](N(C)C)C[C@]2(C)[C@H](C(C)=O)CC[C@H]32)C[C@@H]1O,
8621,7183_B3D,CCOc1cc(CC(=O)N[C@H](CC(C)C)c2ccccc2N2CCCCC2)ccc1C(=O)O,
8622,7184_B3D,CCOc1ccc2ccccc2c1C(=O)N[C@H]1C(=O)N2[C@H]1SC(C)(C)[C@H]2C(=O)O,
8623,7185_B3D,CCOc1ccccc1OCCN[C@@H](C)Cc1ccc(OC)c(S(N)(=O)=O)c1,
8624,7186_B3D,CCOc1ccccc1OC[C@H]1COCCN1,
8625,7187_B3D,CCS[C@]1(SC)CC[C@H]2[C@H]3CCC4=CC(=O)C=C[C@@]4(C)[C@@]3(F)[C@H](O)C[C@]21C,
8626,7188_B3D,CC[C@@H](C(=O)NC(N)=O)c1ccccc1,
8627,7189_B3D,CC[C@@H](C(=O)O)c1ccc(N2Cc3ccccc3C2=O)cc1,
8628,7190_B3D,CC[C@@H](C)[C@H]1[C@H](C)[C@H]2C[C@]3(C[C@@H]4C[C@H](C/C=C(/C)[C@@H](O[C@@H]5C[C@@H](OC)[C@@H](O[C@H]6C[C@@H](OC)[C@@H](O)[C@H](C)O6)[C@H](C)O5)[C@@H](C)C=CC=C5CO[C@@H]6[C@@H](O)C(C)=C[C@H](C(=O)O4)[C@]56O)O3)O[C@@H]12,
8629,7191_B3D,CC[C@@H](CO)NCCN[C@H](CC)CO,
8630,7192_B3D,CC[C@@H](NC(=O)[C@H]1CCCN1C(=O)[C@@H](Cc1ccccc1)NC(=O)[C@H](N)CC(C)C)C(=O)N[C@H](CCCN)C(=O)N[C@H](CC(C)C)C(=O)N[C@H](Cc1ccccc1)C(=O)N1CCC[C@@H]1C(=O)N[C@H](CC)C(=O)N[C@H](C=O)CCCN,
8631,7193_B3D,CC[C@@H](OC(C)=O)C(C[C@H](C)N(C)C)(c1ccccc1)c1ccccc1,
8632,7194_B3D,CC[C@@H](OC(N)=O)C1CCCCC1,
8633,7195_B3D,CC[C@@H](Oc1ccccc1)C(=O)N[C@H]1C(=O)N2[C@H]1SC(C)(C)[C@H]2C(=O)O,
8634,7196_B3D,CC[C@@H]1CC[C@H](N)[C@H](O[C@@H]2[C@@H](N)C[C@H](N)[C@H](O[C@@H]3OC[C@@](C)(O)[C@H](NC)[C@@H]3O)[C@H]2O)O1,
8635,7197_B3D,CC[C@@H]1C[C@H](OC(=O)C(O)(c2ccccc2)c2ccccc2)C[C@H](C)[N+]12CCCC2,
8636,7198_B3D,CC[C@@H]1OC(=O)[C@@H](C)C(=O)[C@H](C)[C@@H](O[C@@H]2O[C@@H](C)C[C@@H](N(C)C)[C@@H]2O)[C@](C)(OC)C[C@H](C)C(=O)[C@H](C)[C@H]2N(CCCCn3cnc(-c4cccnc4)c3)C(=O)O[C@]12C,
8637,7199_B3D,CC[C@@H]1OC(=O)[C@H](C)[C@@H](O[C@H]2C[C@@](C)(OC)[C@H](O)[C@H](C)O2)[C@H](C)[C@@H](O[C@@H]2O[C@@H](C)C[C@@H](N(C)C)[C@@H]2O)[C@](C)(O)C[C@@H](C)C(=O)[C@@H](C)[C@H](O)[C@]1(C)O,
8638,7200_B3D,CC[C@@](C)(O)[C@H]1C[C@]23C=C[C@@]1(OC)[C@H]1Oc4c(OC)ccc5c4[C@@]12CCN(CC1CC1)[C@@H]3C5,
8639,7201_B3D,CC[C@@](O)(COC(N)=O)c1ccccc1,
8640,7202_B3D,CC[C@@]1(C)CC(=O)NC1=O,
8641,7203_B3D,CC[C@@]1(O)CCN2CCc3ccc(C)cc3[C@H]2C1,
8642,7204_B3D,CC[C@@]1(O)C[C@@H](O[C@H]2C[C@@H](N(C)C)[C@@H](O[C@H]3C[C@H](O)[C@@H](O[C@H]4CCC(=O)[C@H](C)O4)[C@H](C)O3)[C@H](C)O2)c2c(cc3c(c2O)C(=O)c2c(O)cccc2C3=O)[C@H]1C(=O)OC,
8643,7205_B3D,CC[C@@]1(O)C[C@@H](O[C@H]2C[C@@H](N(C)C)[C@@H](O[C@H]3C[C@H]4O[C@H]5CC(=O)[C@H](C)O[C@H]5O[C@H]4[C@H](C)O3)[C@H](C)O2)c2c(O)c3c(c(O)c2[C@H]1O[C@H]1C[C@@H](N(C)C)[C@H](O)[C@H](C)O1)C(=O)c1cccc(O)c1C3=O,
8644,7206_B3D,CC[C@@]1(c2ccc(N)cc2)CCC(=O)NC1=O,
8645,7207_B3D,CC[C@@]12C=CCN3CC[C@]4(c5cc([C@@]6(C(=O)OC)C[C@@H]7CN(CCc8c6[nH]c6ccccc86)C[C@@](O)(CC)C7)c(OC)cc5N(C)[C@H]4[C@@](O)(C(=O)OC)[C@H]1OC(C)=O)[C@H]32,
8646,7208_B3D,CC[C@@]12C=CCN3CC[C@]4(c5cc([C@@]6(C(=O)OC)C[C@@H]7CN(CCc8c6[nH]c6ccccc86)C[C@@](O)(CC)C7)c(OC)cc5N(C)[C@H]4[C@@](O)(C(N)=O)[C@@H]1O)[C@H]32,
8647,7209_B3D,CC[C@@]12C=CCN3CC[C@]4(c5cc([C@@]6(C(=O)OC)C[C@@H]7CN(CCc8c6[nH]c6ccccc86)C[C@@](O)(CC)C7)c(OC)cc5N(C=O)[C@H]4[C@@](O)(C(=O)OC)[C@H]1OC(C)=O)[C@H]32,
8648,7210_B3D,CC[C@@]12CCN(CC3(O)CC3)[C@@H](Cc3ccc(O)cc31)C2(C)C,
8649,7211_B3D,CC[C@@]12CCN(CC3CC3)[C@@H](Cc3ccc(O)cc31)C2(C)C,
8650,7212_B3D,CC[C@@]12CCN(CC3CCC3)[C@@H](Cc3ccc(O)cc31)C2(C)C,
8651,7213_B3D,CC[C@H](C)C(=O)O[C@H]1CCC=C2C=C[C@H](C)[C@@H](CC[C@H]3C[C@H](O)CC(=O)O3)[C@H]21,
8652,7214_B3D,CC[C@H](C)C1(CC)C(=O)NC(=O)NC1=O,
8653,7215_B3D,CC[C@H](C)[C@@H](CC)C(=O)NC(N)=O,
8654,7216_B3D,CC[C@H](C)[C@@H](CC)C(N)=O,
8655,7217_B3D,CC[C@H](C)[C@@](C)(COC(N)=O)COC(=O)NC(C)C,
8656,7218_B3D,CC[C@H](C)n1ncn(-c2ccc(N3CCN(c4ccc(OC[C@@H]5CO[C@@](Cn6cncn6)(c6ccc(Cl)cc6Cl)O5)cc4)CC3)cc2)c1=O,
8657,7219_B3D,CC[C@H](C)n1ncn(-c2ccc(N3CCN(c4ccc(OC[C@H]5CO[C@](Cn6cncn6)(c6ccc(Cl)cc6Cl)O5)cc4)CC3)cc2)c1=O,
8658,7220_B3D,CC[C@H](CO)NC(=O)[C@H]1C=C2c3cccc4[nH]cc(c34)C[C@@H]2N(C)C1,
8659,7221_B3D,CC[C@H](CO)NC(=O)[C@H]1C=C2c3cccc4c3c(cn4C)C[C@@H]2N(C)C1,
8660,7222_B3D,CC[C@H](c1ccccc1)c1c(O)c2ccccc2oc1=O,
8661,7223_B3D,CC[C@H]1C(=O)NC(=O)[C@@]1(C)c1ccccc1,
8662,7224_B3D,CC[C@H]1C(C)=NN=C(c2ccc(OC)c(OC)c2)c2cc(OC)c(OC)cc21,
8663,7225_B3D,CC[C@H]1CC(=O)[C@H]2Oc3c(OC)ccc4c3[C@@]23CCN(CC2CC2)[C@H](C4)[C@H]13,
8664,7226_B3D,CC[C@H]1CN2CCc3cc(OC)c(OC)cc3[C@H]2C[C@H]1C[C@H]1NCCc2cc(OC)c(OC)cc21,
8665,7227_B3D,CC[C@H]1NC(=O)[C@@H](NC(=O)c2ncccc2O)[C@H](C)OC(=O)[C@H](c2ccccc2)NC(=O)[C@H]2CC(=O)CCN2C(=O)[C@@H](Cc2ccc(N(C)C)cc2)N(C)C(=O)[C@H]2CCCN2C1=O,
8666,7228_B3D,CC[C@H]1NC(=O)[C@@H](NC(=O)c2ncccc2O)[C@H](C)OC(=O)[C@H](c2ccccc2)NC(=O)[C@H]2CC(=O)CCN2C(=O)[C@@H](Cc2ccccc2)N(C)C(=O)[C@H]2CCCN2C1=O,
8667,7229_B3D,CC[C@H]1NC(=O)[C@H]2CCCN2C(=O)[C@@H](Cc2ccccc2)NC(=O)[C@@H](CC(C)C)NC(=O)[C@@H](CCCN)NC(=O)[C@H](C(C)C)NC(=O)[C@H]2CCCN2C(=O)[C@@H](Cc2ccccc2)NC(=O)[C@@H](CC(C)C)NC(=O)[C@@H](CCCN)NC1=O,
8668,7230_B3D,CC[C@H]1OC(=O)[C@H](C)[C@@H](O[C@H]2C[C@@](C)(OC)[C@H](O)[C@H](C)O2)[C@H](C)[C@@H](O[C@H]2O[C@H](C)C[C@@H](N(C)C)[C@@H]2O)[C@@](C)(O)C[C@@](C)(F)C(=O)[C@H](C)[C@H](O)[C@@]1(C)O,
8669,7231_B3D,CC[C@H]1OC(=O)[C@H](C)[C@@H](O[C@H]2C[C@@](C)(OC)[C@H](O)[C@H](C)O2)[C@H](C)[C@@H](O[C@H]2O[C@H](C)C[C@@H](N(C)C)[C@@H]2O)[C@@](C)(O)C[C@H](C)C(=NOC)[C@H](C)[C@H](O)[C@@]1(C)O,
8670,7232_B3D,CC[C@H]1OC(=O)[C@H](C)[C@@H](O[C@H]2C[C@@](C)(OC)[C@H](O)[C@H](C)O2)[C@H](C)[C@@H](O[C@H]2O[C@H](C)C[C@@H](N(C)C)[C@@H]2O)[C@@](C)(O)C[C@H](C)C(=NOCOCCOC)[C@H](C)[C@H](O)[C@@]1(C)O,
8671,7233_B3D,CC[C@H]1OC(=O)[C@H](C)[C@@H](O[C@H]2C[C@@](C)(OC)[C@H](O)[C@H](C)O2)[C@H](C)[C@@H](O[C@H]2O[C@H](C)C[C@@H](N(C)C)[C@@H]2O)[C@@](C)(O)C[C@H](C)C(=O)[C@H](C)[C@H](O)[C@@H]1C,
8672,7234_B3D,CC[C@H]1OC(=O)[C@H](C)[C@@H](O[C@H]2C[C@@](C)(OC)[C@H](O)[C@H](C)O2)[C@H](C)[C@@H](O[C@H]2O[C@H](C)C[C@@H](N(C)C)[C@@H]2O)[C@@](C)(O)C[C@H](C)C(=O)[C@H](C)[C@H](O)[C@@]1(C)O,
8673,7235_B3D,CC[C@H]1OC(=O)[C@H](C)[C@@H](O[C@H]2C[C@@](C)(OC)[C@H](O)[C@H](C)O2)[C@H](C)[C@@H](O[C@H]2O[C@H](C)C[C@@H](N(C)C)[C@@H]2O)[C@@](C)(O)C[C@H](C)CN(C)[C@H](C)[C@H](O)[C@@]1(C)O,
8674,7236_B3D,CC[C@H]1OC(=O)[C@H](C)[C@@H](O[C@H]2C[C@@](C)(OC)[C@H](O)[C@H](C)O2)[C@H](C)[C@@H](O[C@H]2O[C@H](C)C[C@@H](N(C)C)[C@@H]2O)[C@@](C)(O)C[C@H](C)[C@H]2N[C@@H](COCCOC)O[C@@H]([C@@H]2C)[C@@]1(C)O,
8675,7237_B3D,CC[C@H]1OC(=O)[C@H](C)[C@@H](O[C@H]2C[C@@](C)(OC)[C@H](O)[C@H](C)O2)[C@H](C)[C@@H](O[C@H]2O[C@H](C)C[C@@H](N(C)C)[C@@H]2O)[C@](C)(OC)C[C@H](C)C(=O)[C@H](C)[C@H](O)[C@@]1(C)O,
8676,7238_B3D,CC[C@]1(c2cccc(O)c2)CCCCN(C)C1,
8677,7239_B3D,CC[C@]1(c2ccccc2)C(=O)NC(=O)N(C(=O)c2ccccc2)C1=O,
8678,7240_B3D,CC[C@]1(c2ccccc2)C(=O)NC(=O)N(C)C1=O,
8679,7241_B3D,CC[C@]1(c2ccccc2)CCC(=O)NC1=O,
8680,7242_B3D,CC[C@]1(c2ccccc2)NC(=O)N(C)C1=O,
8681,7243_B3D,CC[C@]1(c2ccccc2)NCC(=O)NC1=O,
8682,7244_B3D,CC[C@]1(c2ccccc2)OC[C@H]([C@H]2CCCCN2)O1,
8683,7245_B3D,CC[N+]1(C)[C@@H]2C[C@@H](OC(=O)[C@@H](CO)c3ccccc3)C[C@@H]1[C@H]1O[C@H]12,
8684,7246_B3D,CCc1[nH]c(=O)[nH]c1C(=O)c1ccncc1,
8685,7247_B3D,CCc1cccc2c1N[C@@H]1[C@H]2CCOC1(CC(=O)O)CC(=O)O,
8686,7248_B3D,CCn1nnn(CCN2CC[C@@H](N(C(=O)COC)c3ccccc3F)[C@H](C)C2)c1=O,
8687,7249_B3D,CN(C(=O)C(c1ccccc1)c1ccccc1)[C@@H](CN1CC[C@H](O)C1)c1ccccc1,
8688,7250_B3D,CN(C(=O)CNC(=O)[C@H](N)CCCCN)c1ccc(Cl)cc1C(=O)c1ccccc1,
8689,7251_B3D,CN(C(=O)Cc1ccc(Cl)c(Cl)c1)[C@H]1CC[C@@]2(CCCO2)C[C@H]1N1CCCC1,
8690,7252_B3D,CN(C)CCCOc1nn(Cc2ccccc2)c2ccccc12,
8691,7253_B3D,CN(C)CCC[C@@H]1c2ccccc2COc2ccccc21,
8692,7254_B3D,CN(C)CCN(c1ccc(Cl)cc1)c1ccccn1,
8693,7255_B3D,CN(C)CCN1C(=O)C[C@H](c2ccccc2)Sc2ccccc21,
8694,7256_B3D,CN(C)CCO[C@@](C)(c1ccccc1)c1ccc(Cl)cc1,
8695,7257_B3D,CN(C)CCO[C@]1(Cc2ccccc2)C[C@H]2CC[C@@]1(C)C2(C)C,
8696,7258_B3D,CN(C)CC[C@H](c1ccccc1)c1ccccn1,
8697,7259_B3D,CN(C)CC[C@]1(c2ccccc2)C=Cc2ccccc21,
8698,7260_B3D,CN(C)C[C@H]1CO[C@@]2(O1)c1ccccc1COc1ccccc12,
8699,7261_B3D,CN(C)[C@@](C)(CO)Cc1ccc(Cl)c(Cl)c1,
8700,7262_B3D,CN(C)[C@H]1C(=O)C(C(=O)NCN2CCCC2)=C(O)[C@@]2(O)C(=O)C3=C(O)c4c(O)cccc4[C@@](C)(O)[C@H]3C[C@@H]12,
8701,7263_B3D,CN(C)[C@H]1C(=O)C(C(N)=O)=C(O)[C@@]2(O)C(=O)C3=C(O)c4c(O)ccc(Cl)c4[C@@](C)(O)[C@H]3C[C@@H]12,
8702,7264_B3D,CN(C)[C@H]1C(=O)C(C(N)=O)=C(O)[C@@]2(O)C(=O)C3=C(O)c4c(O)ccc(Cl)c4[C@H](O)[C@H]3C[C@@H]12,
8703,7265_B3D,CN(C)[C@H]1C(=O)C(C(N)=O)=C(O)[C@@]2(O)C(=O)C3=C(O)c4c(O)cccc4[C@@](C)(O)[C@@H]3[C@H](O)[C@@H]12,
8704,7266_B3D,CN(C)[C@H]1C(=O)C(C(N)=O)=C(O)[C@@]2(O)C(=O)C3=C(O)c4c(O)cccc4[C@@](C)(O)[C@H]3C[C@@H]12,
8705,7267_B3D,CN(C)[C@H]1C(=O)C(C(N)=O)=C(O)[C@@]2(O)C(=O)C3=C(O)c4c(O)cccc4[C@@](C)(O)[C@H]3[C@H](O)[C@@H]12,
8706,7268_B3D,CN(C)[C@H]1C(O)=C(C(=O)NCN2CCC[C@H](C(=O)O)C2)C(=O)[C@@]2(O)C(O)=C3C(=O)c4c(O)cccc4[C@@](C)(O)[C@H]3C[C@@H]12,
8707,7269_B3D,CN(C)[C@H]1C(O)=C(C(=O)NCN2CCN(C(=N)NC(=N)N)CC2)C(=O)[C@@]2(O)C(O)=C3C(=O)c4c(O)cccc4[C@@](C)(O)[C@H]3C[C@@H]12,
8708,7270_B3D,CN(C)[C@H]1C(O)=C(C(=O)NCN2CCN(CCO)CC2)C(=O)[C@@]2(O)C(O)=C3C(=O)c4c(O)cccc4[C@@](C)(O)[C@H]3C[C@@H]12,
8709,7271_B3D,CN(C)[C@H]1C(O)=C(C(=O)NCNCCCC[C@H](N)C(=O)O)C(=O)[C@@]2(O)C(O)=C3C(=O)c4c(O)cccc4[C@@](C)(O)[C@H]3C[C@@H]12,
8710,7272_B3D,CN(C)[C@H]1C(O)=C(C(=O)NCN[C@@H](C(=O)N[C@H]2C(=O)N3[C@H]2SC(C)(C)[C@H]3C(=O)O)c2ccccc2)C(=O)[C@@]2(O)C(O)=C3C(=O)c4c(O)cccc4[C@@](C)(O)[C@H]3C[C@@H]12,
8711,7273_B3D,CN(C)[C@H]1C(O)=C(C(=O)NCO)C(=O)[C@@]2(O)C(O)=C3C(=O)c4c(O)ccc(Cl)c4[C@@](C)(O)[C@H]3C[C@@H]12,
8712,7274_B3D,CN(C)[C@H]1C(O)=C(C(=O)N[C@H](C(=O)O)N2CCN(CCO)CC2)C(=O)[C@@]2(O)C(O)=C3C(=O)c4c(O)cccc4[C@@](C)(O)[C@H]3C[C@@H]12,
8713,7275_B3D,CN(C)[C@H]1C(O)=C(C(N)=O)C(=O)[C@@]2(O)C(O)=C3C(=O)c4c(O)ccc([N+](=O)[O-])c4C[C@H]3C[C@@H]12,
8714,7276_B3D,CN(C)[C@H]1C(O)=C(C(N)=O)C(=O)[C@@]2(O)C(O)=C3C(=O)c4c(O)cccc4[C@H](O)[C@H]3C[C@@H]12,
8715,7277_B3D,CN(C)[C@H]1C(O)=C(C(N)=O)C(=O)[C@@]2(O)C(O)=C3C(=O)c4c(ccc(N)c4O)C[C@H]3C[C@@H]12,
8716,7278_B3D,CN(CCN(C)CNC(=O)C1=C(O)[C@H](N(C)C)[C@@H]2C[C@H]3C(=C(O)[C@]2(O)C1=O)C(=O)c1c(O)cccc1[C@@]3(C)O)CNC(=O)C1=C(O)[C@@H](N(C)C)[C@H]2C[C@H]3C(=C(O)[C@@]2(O)C1=O)C(=O)c1c(O)cccc1[C@@]3(C)O,
8717,7279_B3D,CN(N=O)C(=O)N[C@H]1[C@@H](O)O[C@@H](CO)[C@@H](O)[C@H]1O,
8718,7280_B3D,CN1C(=O)C[C@](C)(c2ccccc2)C1=O,
8719,7281_B3D,CN1C(=O)NC(=O)[C@](C)(C2=CCCCC2)C1=O,
8720,7282_B3D,CN1C(=O)[C@@H](O)N=C(c2ccccc2Cl)c2cc(Cl)ccc21,
8721,7283_B3D,CN1C(C(=O)Nc2ccccn2)=C(O)c2sc(Cl)cc2S1(=O)=O,
8722,7284_B3D,CN1C(C(=O)Nc2ccccn2)=Cc2sccc2S1(=O)=O,
8723,7285_B3D,CN1C(C(=O)Nc2nccs2)=C(O)c2ccccc2S1(=O)=O,
8724,7286_B3D,CN1CCC[C@@H](N2N[C@@H](Cc3ccc(Cl)cc3)c3ccccc3C2=O)CC1,
8725,7287_B3D,CN1CCC[C@@H]1c1cccnc1,
8726,7288_B3D,CN1CCN(CC(=O)[C@@]2(O)CC[C@H]3[C@H]4CCC5=CC(=O)C=C[C@@]5(C)[C@H]4[C@H](O)C[C@]32C)CC1,
8727,7289_B3D,CN1CCN(CCCCN2C(=O)CN(/N=C\c3ccc(-c4ccc(Cl)cc4)o3)C2=O)CC1,
8728,7290_B3D,CN1CC[C@@]23CCCC[C@H]2[C@H]1Cc1ccc(O)cc13,
8729,7291_B3D,CN1CC[C@@]23c4c5ccc(O)c4O[C@@]2(C)C(=O)CC[C@H]3[C@H]1C5,
8730,7292_B3D,CN1CC[C@@]23c4c5ccc(O)c4O[C@H]2C(=O)CC[C@@]3(O)[C@H]1C5,
8731,7293_B3D,CN1CC[C@@]23c4c5ccc(O)c4O[C@H]2C(=O)CC[C@H]3[C@H]1C5,
8732,7294_B3D,CN1CC[C@@]23c4c5ccc(O)c4O[C@H]2[C@@H](O)C=C[C@@H]3[C@@H]1C5,
8733,7295_B3D,CN1CC[C@@]23c4c5ccc(O)c4O[C@H]2[C@@](C)(O)CC[C@H]3[C@H]1C5,
8734,7296_B3D,CN1CC[C@@]23c4c5ccc(O)c4O[C@H]2[C@H](O)C=C[C@H]3[C@H]1C5,
8735,7297_B3D,CN1CC[C@@]23c4c5ccc(O)c4O[C@H]2[C@H](O)CC[C@@]3(O)[C@H]1C5,
8736,7298_B3D,CN1CC[C@@]23c4c5ccc(OC(=O)c6cccnc6)c4O[C@H]2[C@H](OC(=O)c2cccnc2)C=C[C@H]3[C@H]1C5,
8737,7299_B3D,CN1CC[C@](C)(CN2c3ccccc3Sc3ccccc32)C1,
8738,7300_B3D,CN1CC[C@]23c4c5ccc(O)c4O[C@@H]2CCC[C@@H]3[C@@H]1C5,
8739,7301_B3D,CN1CCc2cc(Cl)c(O)cc2[C@H](c2cc(Br)cc3c2OCC3)C1,
8740,7302_B3D,CN1C[C@@H](C(=O)N[C@]2(C)O[C@@]3(O)[C@@H]4CCCN4C(=O)[C@@H](Cc4ccccc4)N3C2=O)C=C2c3cccc4[nH]cc(c34)C[C@@H]21,
8741,7303_B3D,CN1C[C@@H](C(=O)N[C@]2(C)O[C@@]3(O)[C@@H]4CCCN4C(=O)[C@@H](Cc4ccccc4)N3C2=O)C[C@@H]2c3cccc4[nH]cc(c34)C[C@@H]21,
8742,7304_B3D,CN1C[C@@H](CC#N)C[C@H]2c3cccc4[nH]cc(c34)C[C@H]21,
8743,7305_B3D,CN1C[C@@H](CSc2ccccn2)C=C2c3cccc4[nH]cc(c34)C[C@H]21,
8744,7306_B3D,CN1C[C@H](NS(=O)(=O)N(C)C)C[C@H]2c3cccc4c3c(cn4C)C[C@H]21,
8745,7307_B3D,CN1C[C@H]2Cc3ccc(Cl)cc3[C@@H](c3ccccc3)[C@H]2C1,
8746,7308_B3D,CN1[C@@H]2CC[C@@H]1CC(OC(=O)c1cn(C)c3ccccc13)C2,
8747,7309_B3D,CN1[C@H](CSCC(F)(F)F)Nc2cc(Cl)c(S(N)(=O)=O)cc2S1(=O)=O,
8748,7310_B3D,CN1[C@H]2CC(OC(=O)[C@@H](CO)c3ccccc3)C[C@@H]1[C@@H]1O[C@H]12,
8749,7311_B3D,CN1[C@H]2CC[C@H]1CC(OC(=O)[C@@H](CO)c1ccccc1)C2,
8750,7312_B3D,CN1[C@H]2CC[C@H]1CC(OC(=O)[C@@](C)(CO)c1ccccc1)C2,
8751,7313_B3D,CN1[C@H]2CC[C@H]1CC(OC(=O)[C@H](O)c1ccccc1)C2,
8752,7314_B3D,CN1c2ccccc2N(CCCCCCC(=O)O)c2ccc(Cl)cc2S1(=O)=O,
8753,7315_B3D,CN1c2ccccc2[C@@H](NCCCCCCC(=O)O)c2ccc(Cl)cc2S1(=O)=O,
8754,7316_B3D,CNC(=O)C[C@H](N)C(=O)N[C@@H](C(=O)N[C@H]1C(=O)N2[C@H]1SC(C)(C)[C@H]2C(=O)O)c1ccc(O)cc1,
8755,7317_B3D,CNC(=O)O[C@H]1OC(=O)[C@H]2[C@@H]3C=C[C@H](C3)[C@H]21,
8756,7318_B3D,CNCCC[C@]1(c2ccccc2)SC(C)(C)c2ccccc21,
8757,7319_B3D,CNCC[C@@H](Oc1ccccc1OC)c1ccccc1,
8758,7320_B3D,CNCC[C@H](O)[C@H]1C[C@H](SC2=C(C(=O)O)N3C(=O)[C@H]([C@@H](C)O)[C@H]3[C@@H]2C)CN1,
8759,7321_B3D,CNS(=O)(=O)CCc1ccc2[nH]c(C3CCN(C)CC3)cc2c1,
8760,7322_B3D,CN[C@@H](C)[C@H]1CC[C@H](N)[C@H](O[C@H]2[C@@H](N)C[C@H](N)[C@H](O[C@@H]3OC[C@@](C)(O)[C@@H](NC)[C@@H]3O)[C@H]2O)O1,
8761,7323_B3D,CN[C@@H](CC(C)C)C(=O)N[C@H]1C(=O)N[C@@H](CC(N)=O)C(=O)N[C@@H]2C(=O)N[C@@H]3C(=O)N[C@@H](C(=O)N[C@@H](C(=O)O)c4cc(O)cc(O)c4-c4cc3ccc4O)[C@@H](O)c3ccc(c(Cl)c3)Oc3cc2cc(c3O[C@H]2O[C@@H](CO)[C@H](O)[C@H](O)[C@H]2O[C@H]2C[C@@](C)(N)[C@H](O)[C@H](C)O2)Oc2ccc(cc2Cl)[C@@H]1O,
8762,7324_B3D,CN[C@@H]1[C@H](O[C@H]2O[C@@H](CO)[C@H](N)[C@H](O)[C@@H]2O)O[C@@H]2C[C@@H](N)[C@H](O[C@@H]3[C@@H](O)[C@@H](O)[C@@H](N)C[C@H]3N)O[C@@H]2[C@H]1O,
8763,7325_B3D,CN[C@@H]1[C@H](O[C@H]2[C@@H](O[C@H]3[C@@H](O)[C@@H](O)[C@@H](NC(=N)N)[C@@H](O)[C@@H]3NC(=N)N)O[C@@H](C)[C@@]2(O)C=O)O[C@@H](CO)[C@@H](O)[C@H]1O,
8764,7326_B3D,CN[C@@H]1[C@H](O[C@H]2[C@H](O[C@@H]3[C@H](NC(=N)N)[C@@H](O)[C@H](NC(=N)N)[C@@H](O)[C@H]3O)O[C@H](C)[C@@]2(O)C=O)O[C@H](CO)[C@@H](O)[C@H]1O,
8765,7327_B3D,CN[C@@H]1[C@H](O[C@H]2[C@H](O[C@@H]3[C@H](NC(=N)N)[C@@H](O)[C@H](NC(=N)N)[C@@H](O)[C@H]3O)O[C@H](C)[C@@]2(O)CO)O[C@H](CO)[C@@H](O)[C@H]1O,
8766,7328_B3D,CN[C@H](C)C(=O)c1ccc(OC)cc1,
8767,7329_B3D,CN[C@H](C)[C@H](O)c1ccc(O)cc1,
8768,7330_B3D,CN[C@H](CC(C)C)C(=O)N[C@@H]1C(=O)N[C@H](CC(N)=O)C(=O)N[C@H]2C(=O)N[C@@H]3C(=O)N[C@H](C(=O)N[C@@H](C(=O)O)c4cc(O)cc(O)c4-c4cc3ccc4O)[C@H](O)c3ccc(c(Cl)c3)Oc3cc2cc(c3O[C@@H]2O[C@@H](CO)[C@@H](O)[C@H](O)[C@H]2O[C@@H]2C[C@@](C)(N)[C@H](O)[C@H](C)O2)Oc2ccc(cc2Cl)[C@@H]1O,
8769,7331_B3D,CN[C@H]1[C@H](O)[C@H](O[C@@H]2[C@@H](O)[C@H](O[C@H]3OC(CN)=CC[C@@H]3N)[C@@H](N)C[C@H]2N)OC[C@@]1(C)O,
8770,7332_B3D,CN[C@H]1[C@H](O)[C@H](O[C@@H]2[C@@H](O)[C@H](O[C@H]3O[C@@H](CN)CC[C@@H]3N)[C@@H](N)C[C@H]2N)OC[C@@]1(C)O,
8771,7333_B3D,CN[C@H]1[C@H](O)[C@H](O[C@@H]2[C@@H](O)[C@H](O[C@H]3O[C@@H](CN)[C@H](O)[C@H](O)[C@@H]3O)[C@@H](N)C[C@H]2NC(=O)[C@H](O)CN)OC[C@@]1(C)O,
8772,7334_B3D,CNc1cc(OC)c(C(=O)N[C@H]2CCN(Cc3ccccc3)[C@@H]2C)cc1Cl,
8773,7335_B3D,CO/N=C(/C(=O)N[C@@H]1C(=O)N2C(C(=O)O)=CCS[C@@H]12)c1csc(N)n1,
8774,7336_B3D,CO/N=C(/C(=O)N[C@H]1C(=O)N(OCC(=O)O)[C@@H]1C)c1csc(N)n1,
8775,7337_B3D,CO/N=C(/C(=O)N[C@H]1C(=O)N2C(C(=O)O)=C(C=CSc3n[nH]c(=O)c(=O)n3CC=O)CS[C@@H]12)c1csc(N)n1,
8776,7338_B3D,CO/N=C(/C(=O)N[C@H]1C(=O)N2C(C(=O)O)=C(C=Cc3scnc3C)CS[C@@H]12)c1csc(N)n1,
8777,7339_B3D,CO/N=C(/C(=O)N[C@H]1C(=O)N2C(C(=O)O)=C(COC(C)=O)CS[C@@H]12)c1ccco1,
8778,7340_B3D,CO/N=C(/C(=O)N[C@H]1C(=O)N2C(C(=O)O)=C(COC(C)=O)C[S+]([O-])[C@@H]12)c1csc(N)n1,
8779,7341_B3D,CO/N=C(/C(=O)N[C@H]1C(=O)N2C(C(=O)OCOC(=O)C(C)(C)C)=CCS[C@@H]12)c1csc(NC(=O)[C@@H](C)N)n1,
8780,7342_B3D,CO/N=C(/C(=O)N[C@H]1C(=O)N2C(C(=O)O[C@H](C)OC(=O)C(C)(C)OC)=C(COC(N)=O)CS[C@@H]12)c1ccco1,
8781,7343_B3D,CO/N=C(\C#N)[C@H]1CN2CCC1CC2,
8782,7344_B3D,CO/N=C(\C(=O)N[C@@H]1C(=O)N2C(C(=O)O)=C(C[n+]3ccccc3)CS[C@@H]12)c1csc(N)n1,
8783,7345_B3D,CO/N=C(\C(=O)N[C@H]1C(=O)N(OCC(=O)OCC(=O)OC(C)(C)C)[C@@H]1C)c1csc(N)n1,
8784,7346_B3D,CO/N=C(\C(=O)N[C@H]1C(=O)N2C(C(=O)O)=C(COC(C)=O)CS[C@@H]12)c1csc(N)n1,
8785,7347_B3D,CO/N=C(\C(=O)N[C@H]1C(=O)N2C(C(=O)O)=C(CSC(=O)c3ccco3)CS[C@@H]12)c1csc(N)n1,
8786,7348_B3D,CO/N=C(\C(=O)N[C@H]1C(=O)N2C(C(=O)O)=C(CSc3nc(=O)c(=O)[nH]n3C)CS[C@@H]12)c1csc(N)n1,
8787,7349_B3D,CO/N=C(\C(=O)N[C@H]1C(=O)N2C(C(=O)O)=C(CSc3nc(C)c(CC(=O)O)s3)CS[C@@H]12)c1csc(N)n1,
8788,7350_B3D,CO/N=C(\C(=O)N[C@H]1C(=O)N2C(C(=O)O)=C(CSc3nnnn3C)CS[C@@H]12)c1csc(N)n1,
8789,7351_B3D,CO/N=C(\C(=O)N[C@H]1C(=O)N2C(C(=O)O)=C(Cn3nnc(C)n3)CS[C@@H]12)c1csc(N)n1,
8790,7352_B3D,CO/N=C(\C(=O)N[C@H]1C(=O)N2C(C(=O)O)=CCS[C@@H]12)c1csc(N)n1,
8791,7353_B3D,CO/N=C(\C(=O)N[C@H]1C(=O)N2C(C(=O)O[C@H](C)OC(C)=O)=C(COC(N)=O)CS[C@@H]12)c1ccco1,
8792,7354_B3D,COC(=O)C1=C(C#N)NC(C)=C(C(=O)OC(C)C)[C@H]1c1cccc([N+](=O)[O-])c1,
8793,7355_B3D,COC(=O)C1=C(C)NC(C)=C(C(=O)OC(C)C)[C@H]1c1cccc2nonc12,
8794,7356_B3D,COC(=O)C1=C(C)NC(C)=C(C(=O)OCC(C)C)[C@H]1c1ccccc1[N+](=O)[O-],
8795,7357_B3D,COC(=O)C1=C(C)NC(C)=C(OC(C)=O)[C@H]1c1ccccc1[N+](=O)[O-],
8796,7358_B3D,COC(=O)[C@@H](c1ccccc1)[C@H]1CCCCN1,
8797,7359_B3D,COC(=O)[C@@H]1[C@@H]2C[C@@H]3c4[nH]c5ccc(Cl)cc5c4CCN3C[C@@H]2C[C@@H](OC(=O)c2cc(OC)c(OC)c(OC)c2)[C@@H]1OC,
8798,7360_B3D,COC(=O)[C@@H]1[C@@H]2C[C@@H]3c4[nH]c5ccccc5c4CCN3C[C@@H]2C[C@@H](OC(=O)c2cc(OC)c(OC)c(OC)c2)[C@@H]1OC,
8799,7361_B3D,COC(=O)[C@H](c1ccccc1)[C@@H]1CCCCN1,
8800,7362_B3D,COC(=O)[C@H]1NC(=O)[C@H]2NC(=O)[C@@H](NC(=O)[C@H]3NC(=O)[C@H]4NC(=O)[C@@H](NC(=O)[C@H](N)c5ccc(O)c(c5)Oc5cc4cc(O)c5C)[C@H](O)c4ccc(c(Cl)c4)Oc4cc3cc(c4O)Oc3ccc(cc3Cl)[C@H]2O[C@H]2O[C@@H](CO)[C@H](O)[C@H](O)[C@H]2NC(C)=O)c2ccc(O)c(c2)-c2c(O)cc(O)cc21,
8801,7363_B3D,COC(=O)[C@H]1[C@@H](OC)[C@@H](OC)C[C@H]2CN3CCc4c([nH]c5cc(OC)ccc45)[C@H]3C[C@H]21,
8802,7364_B3D,COC(=O)c1c(C)cc([N+](=O)[O-])c(C(=O)OCCN(C)Cc2ccccc2)c1C1C=C(C)NC(C)=C1,
8803,7365_B3D,COC(OC)C(=O)[C@@]12OC(C)(C)O[C@H]1C[C@H]1[C@H]3C[C@H](F)C4=CC(=O)C=C[C@@]4(C)[C@@]3(F)[C@H](O)C[C@]12C,
8804,7366_B3D,COC1=CC(=O)O[C@H]1[C@H](O)c1ccccc1Cl,
8805,7367_B3D,COCC(=O)O[C@@]1(CCN(C)CCCc2nc3ccccc3[nH]2)CCc2cc(F)ccc2[C@H]1C(C)C,
8806,7368_B3D,COCC1=C(C(=O)O)N2C(=O)[C@@H](NC(=O)C(=NO)c3csc(N)n3)[C@H]2SC1,
8807,7369_B3D,COCC1=C(C(=O)O)N2C(=O)[C@@H](NC(=O)C(=NOC)c3csc(N)n3)[C@H]2SC1,
8808,7370_B3D,COCC1=C(C(=O)O[C@H](C)OC(=O)OC(C)C)N2C(=O)[C@H](NC(=O)C(=NOC)c3csc(N)n3)[C@@H]2SC1,
8809,7371_B3D,COCCN1CC[C@@]23c4c5ccc(O)c4O[C@H]2C(=O)CC[C@@]3(O)[C@H]1C5,
8810,7372_B3D,COCOC(=O)[C@H]1N2C(=O)[C@@H](N3C(=O)[C@H](c4ccc(O)cc4)NC3(C)C)[C@H]2SC1(C)C,
8811,7373_B3D,COC[C@H]1CN(c2ccc(OCC[C@H](O)C(F)(F)F)cc2)C(=O)O1,
8812,7374_B3D,COC[C@H]1CN(c2ccc(OCc3cccc(C#N)c3)cc2)C(=O)O1,
8813,7375_B3D,COC[C@H]1CN=C(c2ccccc2Cl)c2cc(Br)ccc2N1C,
8814,7376_B3D,CON=C(C(=O)N[C@H]1C(=O)N2C(C(=O)O)=C(CSc3nc(=O)c(=O)[nH]n3C)CS[C@@H]12)c1csc(N)n1,
8815,7377_B3D,CON=C(C(=O)N[C@H]1C(=O)N2C(C(=O)O)=C(CSc3nc(C)c(CC(=O)O)s3)CS[C@@H]12)c1csc(N)n1,
8816,7378_B3D,COP(=O)(C[C@H](c1ccc(Cl)cc1)P(=O)(OC)OC)OC,
8817,7379_B3D,CO[C@@H](C(=O)N[C@H]1C(=O)N2[C@H]1SC(C)(C)[C@H]2C(=O)O)c1ccc(Cl)c(Cl)c1,
8818,7380_B3D,CO[C@@]1(F)C(F)(F)[C@@]1(F)Cl,
8819,7381_B3D,CO[C@@]1(NC(=O)C2SC(=C(C#N)C(=O)O)S2)C(=O)N2C(C(=O)O)=C(CSc3nnnn3C)CS[C@H]21,
8820,7382_B3D,CO[C@@]1(NC(=O)C2SC(=C(C(N)=O)C(=O)O)S2)C(=O)N2C(C(=O)O)=C(CSc3nnnn3C)CS[C@H]21,
8821,7383_B3D,CO[C@@]1(NC(=O)CSC[C@H](N)C(=O)O)C(=O)N2C(C(=O)O)=C(CSc3nnnn3C)CS[C@H]21,
8822,7384_B3D,CO[C@@]1(NC(=O)Cc2cccs2)C(=O)N2C(C(=O)O)=C(COC(N)=O)CS[C@H]21,
8823,7385_B3D,CO[C@@]1(NC(=O)[C@@H](C(=O)O)c2ccsc2)C(=O)N2[C@H]1SC(C)(C)[C@H]2C(=O)O,
8824,7386_B3D,CO[C@@]12C=C[C@@]3(C[C@H]1C(C)(C)O)[C@H]1Cc4ccc(O)c5c4[C@]3(CCN1CC1CC1)[C@@H]2O5,
8825,7387_B3D,CO[C@@]12CC[C@@]3(C[C@H]1C(C)(C)O)[C@H]1Cc4ccc(O)c5c4[C@]3(CCN1CC1CC1)[C@@H]2O5,
8826,7388_B3D,CO[C@@]12CC[C@@]3(C[C@H]1[C@@](C)(O)C(C)(C)C)[C@H]1Cc4ccc(O)c5c4[C@]3(CCN1CC1CC1)[C@@H]2O5,
8827,7389_B3D,CO[C@@]12[C@H](COC(N)=O)C3=C(C(=O)C(C)=C(N)C3=O)N1C[C@H]1N[C@H]12,
8828,7390_B3D,CO[C@H]1C=CO[C@@]2(C)Oc3c(C)c(O)c4c(O)c(c(/C=N/N5CCN(C)CC5)c(O)c4c3C2=O)NC(=O)C(C)=CC=C[C@H](C)[C@H](O)[C@H](C)[C@H](O)[C@H](C)[C@@H](OC(C)=O)[C@@H]1C,
8829,7391_B3D,CO[C@H]1C=CO[C@@]2(C)Oc3c(C)c(O)c4c(O)c(c(/C=N/N5CCN(C6CCCC6)CC5)c(O)c4c3C2=O)NC(=O)C(C)=CC=C[C@H](C)[C@H](O)[C@H](C)[C@H](O)[C@H](C)[C@@H](OC(C)=O)[C@@H]1C,
8830,7392_B3D,CO[C@H]1C=CO[C@@]2(C)Oc3c(C)c(O)c4c(O)c(c5c(nc6cc(C)ccn65)c4c3C2=O)NC(=O)C(C)=CC=C[C@H](C)[C@H](O)[C@H](C)[C@H](O)[C@H](C)[C@@H](OC(C)=O)[C@@H]1C,
8831,7393_B3D,CO[C@H]1C=CO[C@@]2(C)Oc3c(C)c(O)c4c(O)c(cc(O)c4c3C2=O)NC(=O)C(C)=CC=C[C@H](C)[C@H](O)[C@H](C)[C@H](O)[C@H](C)[C@@H](OC(C)=O)[C@@H]1C,
8832,7394_B3D,CO[C@H]1C=CO[C@@]2(C)Oc3c(C)c(O)c4c(c3C2=O)C2=NC3(CCN(CC(C)C)CC3)NC2=C(NC(=O)C(C)=CC=C[C@H](C)[C@H](O)[C@H](C)[C@H](O)[C@H](C)[C@@H](OC(C)=O)[C@@H]1C)C4=O,
8833,7395_B3D,CO[C@H]1CCC[C@H]2C1=C(C=O)N1C(=O)[C@H]([C@@H](C)O)[C@@H]21,
8834,7396_B3D,CO[C@H]1C[C@H](O[C@@H]2[C@@H](C)C(=O)O[C@@H](C)[C@@H](C)[C@@H](O)[C@@H](C)C(=O)[C@]3(CO3)C[C@@H](C)[C@H](O[C@H]3O[C@H](C)C[C@@H](N(C)C)[C@@H]3O)[C@H]2C)O[C@H](C)[C@@H]1O,
8835,7397_B3D,CO[C@H]1C[C@H](O[C@@H]2[C@@H](C)C(=O)O[C@@H](C)[C@@H](C)[C@H](OC(C)=O)[C@@H](C)C(=O)[C@]3(CO3)C[C@@H](C)[C@H](O[C@H]3O[C@H](C)C[C@@H](N(C)C)[C@H]3OC(C)=O)[C@H]2C)O[C@H](C)[C@H]1OC(C)=O,
8836,7398_B3D,CO[C@H]1C[C@H](O[C@H]2[C@H](C)O[C@H](O[C@H]3C(C)=CC[C@H]4C[C@H](C[C@]5(CC[C@H](C)[C@H](C(C)C)O5)O4)OC(=O)[C@H]4C=C(C)[C@H](O)[C@H]5OCC(=CC=C[C@@H]3C)[C@]45O)C[C@H]2OC)O[C@H](C)[C@@H]1O,
8837,7399_B3D,CO[C@H]1O[C@H]2O[C@@]3(CN4CCCCC4)[C@H](O)C[C@@H]([C@@H]2C)[C@@H]13,
8838,7400_B3D,CO[C@H]1[C@H](O)CC(=O)O[C@H](C)CC=CC=C[C@@H](O[C@H]2CC[C@@H](N(C)C)[C@H](C)O2)[C@H](C)C[C@@H](CC=O)[C@H]1O[C@H]1O[C@H](C)[C@@H](O[C@H]2C[C@@](C)(O)[C@H](O)[C@H](C)O2)[C@@H](N(C)C)[C@@H]1O,
8839,7401_B3D,CO[C@H]1[C@H](O)CC(=O)O[C@H](C)CC=CC=C[C@H](O)[C@H](C)C[C@@H](CC=O)[C@H]1O[C@H]1O[C@H](C)[C@@H](O[C@H]2C[C@@](C)(O)[C@H](O)[C@H](C)O2)[C@@H](N(C)C)[C@@H]1O,
8840,7402_B3D,CO[C@H]1[C@H](O)[C@H](N)[C@@H](O[C@H]2O[C@H]([C@@H](C)N)CC[C@@H]2N)[C@H](O)[C@H]1N(C)C(=O)CN,
8841,7403_B3D,CO[C@H]1[C@H](OC(C)=O)CC(=O)O[C@H](C)CC=CC=C[C@H](O)[C@H](C)C[C@@H](CC=O)[C@H]1O[C@H]1O[C@H](C)[C@@H](O[C@H]2C[C@@](C)(O)[C@@H](OC(=O)CC(C)C)[C@H](C)O2)[C@@H](N(C)C)[C@@H]1O,
8842,7404_B3D,COc1c(N2CCN[C@@H](C)C2)c(F)cc2c(=O)c(C(=O)O)cn(C3CC3)c12,
8843,7405_B3D,COc1c2c(cc(F)c1N1C[C@@H]3CCCN[C@@H]3C1)C(=O)C(C(=O)O)=C[C@@H]2NC1CC1,
8844,7406_B3D,COc1cc(C)c(/C=C/C(C)=C/C=C/C(C)=CC(=O)O)c(C)c1C,
8845,7407_B3D,COc1cc(C)c([S+](C)[O-])cc1OC,
8846,7408_B3D,COc1cc([C@H]2c3cc4c(cc3[C@@H](O[C@H]3O[C@H]5CO[C@H](C)O[C@H]5[C@H](O)[C@@H]3O)[C@H]3COC(=O)[C@@H]23)OCO4)cc(OC)c1O,
8847,7409_B3D,COc1cc([C@H]2c3cc4c(cc3[C@@H](O[C@H]3O[C@H]5CO[C@H](c6cccs6)O[C@H]5[C@H](O)[C@@H]3O)[C@H]3COC(=O)[C@@H]23)OCO4)cc(OC)c1OC,
8848,7410_B3D,COc1cc2c(cc1OC)CN(C(=O)[C@@H](C)N[C@H](CCc1ccccc1)C(=O)O)[C@@H](C(=O)O)C2,
8849,7411_B3D,COc1cc2c(cc1OC)S(=O)(=O)O[C@@H](C(=O)N[C@H](C)CC(C)(C)N(C)C)C2,
8850,7412_B3D,COc1cc2c(cc1OC)[C@H](Cc1cc(OC)c(OC)c(OC)c1)[N@+](C)(CCCOC(=O)CC/C=C/CCC(=O)OCCC[N@+]1(C)CCc3cc(OC)c(OC)cc3[C@@H]1Cc1cc(OC)c(OC)c(OC)c1)CC2,
8851,7413_B3D,COc1cc2c3cc1Oc1cc(ccc1O)C[C@@H]1c4c(cc(OC)c(O)c4Oc4ccc(cc4)C[C@@H]3[N+](C)(C)CC2)CC[N+]1(C)C,
8852,7414_B3D,COc1cc2nc(N3CCN(C(=O)[C@@H]4CCCO4)CC3)nc(N)c2cc1OC,
8853,7415_B3D,COc1cc2nc(N3CCN(C(=O)[C@@H]4COc5ccccc5O4)CC3)nc(N)c2cc1OC,
8854,7416_B3D,COc1ccc(-c2cc(=O)c3c(O)cc(O[C@H]4O[C@@H](CO[C@H]5O[C@H](C)[C@H](O)[C@H](O)[C@@H]5O)[C@H](O)[C@H](O)[C@@H]4O)cc3o2)cc1O,
8855,7417_B3D,COc1ccc(C2(C#N)CCC(C(=O)O)CC2)cc1OC1CCCC1,
8856,7418_B3D,COc1ccc(CCN(C)CCC[C@](C#N)(c2cc(OC)c(OC)c(OC)c2)C(C)C)cc1OC,
8857,7419_B3D,COc1ccc(C[C@H]2c3cc(OC)c(OC)cc3CC[N@@+]2(C)CCC(=O)OCCCCCOC(=O)CC[N@+]2(C)CCc3cc(OC)c(OC)cc3[C@@H]2Cc2ccc(OC)c(OC)c2)cc1OC,
8858,7420_B3D,COc1ccc(Cl)c2c1CCC[C@H]2N(C)C,
8859,7421_B3D,COc1ccc(OC[C@H]2CN(C)CC[C@H]2c2ccccc2)cc1,
8860,7422_B3D,COc1ccc([C@H]2Sc3ccccc3N(CCN(C)C)C(=O)[C@H]2OC(C)=O)cc1,
8861,7423_B3D,COc1ccc2c(C(=S)N(C)CC(=O)O)ccc(C(F)(F)F)c2c1,
8862,7424_B3D,COc1ccc2c(c1)N(CC[C@H]1CCCCN1C)c1ccccc1S2,
8863,7425_B3D,COc1ccc2c(c1)[C@](O)(CCCN(C)C)c1ccccc1S2,
8864,7426_B3D,COc1ccc2c(c1)c(CC(=O)O)cn2C(=O)c1ccccc1,
8865,7427_B3D,COc1ccc2c(c1OC)C(=O)O[C@H]2[C@@H]1c2c(cc3c(c2OC)OCO3)CCN1C,
8866,7428_B3D,COc1ccc2c3c([nH]c2c1)[C@H]1C[C@@H]2[C@@H](C[C@@H](OC(=O)c4cc(OC)c(OC)c(OC)c4)[C@H](OC)[C@@H]2OC(C)=O)CN1CC3,
8867,7429_B3D,COc1ccc2c3c1O[C@@H]1C(=O)CC[C@]4(O)[C@H](C2)N(C)CC[C@@]314,
8868,7430_B3D,COc1ccc2c3c1O[C@@H]1C[C@@H](O)C=C[C@@]31CCN(C)C2,
8869,7431_B3D,COc1ccc2c3c1O[C@@H]1C[C@@H](O)C=C[C@]31CCN(C)C2,
8870,7432_B3D,COc1ccc2c3c1O[C@H]1C(=O)CC[C@@]4(O)[C@@H](C2)N(C)CC[C@@]314,
8871,7433_B3D,COc1ccc2c3c1O[C@H]1C(=O)CC[C@H]4[C@@H](C2)N(C)CC[C@@]314,
8872,7434_B3D,COc1ccc2c3c1O[C@H]1C(OC(C)=O)=CC[C@H]4[C@@H](C2)N(C)CC[C@@]314,
8873,7435_B3D,COc1ccc2c3c1O[C@H]1[C@@H](O)C=C[C@@H]4[C@H](C2)N(C)CC[C@]341,
8874,7436_B3D,COc1ccc2c3c1O[C@H]1[C@@H](O)CC[C@@H]4[C@H](C2)N(C)CC[C@]341,
8875,7437_B3D,COc1ccc2c3c1O[C@H]1[C@H](O)C=C[C@H]4[C@@H](C2)N(C)CC[C@]341,
8876,7438_B3D,COc1ccc2c3c1O[C@H]1[C@H](O)C=C[C@H]4[C@@H](C2)NCC[C@]341,
8877,7439_B3D,COc1ccc2c3c1O[C@H]1[C@H](O)CC[C@H]4[C@@H](C2)N(C)CC[C@]341,
8878,7440_B3D,COc1ccc2c3c1O[C@H]1[C@H](OC(=O)c4cccnc4)CC[C@H]4[C@@H](C2)N(C)CC[C@]341,
8879,7441_B3D,COc1cccc(C(=O)CCN[C@@H](C)[C@@H](O)c2ccccc2)c1,
8880,7442_B3D,COc1cccc(C[C@H](C)N)c1,
8881,7443_B3D,COc1cccc([C@@]2(O)CCCC[C@H]2CN(C)C)c1,
8882,7444_B3D,COc1cccc2c1C(=O)c1c(O)c3c(c(O)c1C2=O)C[C@](O)(C(=O)CO)C[C@H]3O[C@H]1C[C@@H](NC(=O)[C@H](N)CC(C)C)[C@H](O)[C@H](C)O1,
8883,7445_B3D,COc1cccc2c1C(=O)c1c(O)c3c(c(O)c1C2=O)C[C@](O)(C(=O)CO)C[C@H]3O[C@H]1C[C@H](N)C[C@H](C)O1,
8884,7446_B3D,COc1cccc2c1C(=O)c1c(O)c3c(c(O)c1C2=O)C[C@](O)(C(=O)CO)C[C@H]3O[C@H]1C[C@H](N)[C@@H](O[C@H]2CCCCO2)[C@H](C)O1,
8885,7447_B3D,COc1cccc2c1C(=O)c1c(O)c3c(c(O)c1C2=O)C[C@](O)(C(=O)CO)C[C@H]3O[C@H]1C[C@H](N)[C@H](O)[C@H](C)O1,
8886,7448_B3D,COc1cccc2c1C(=O)c1c(O)c3c(c(O)c1C2=O)C[C@](O)(C(C)=NNC(=O)c1ccccc1)C[C@H]3O[C@H]1C[C@H](N)[C@H](O)[C@H](C)O1,
8887,7449_B3D,COc1cccc2c1C(=O)c1c(O)c3c(c(O)c1C2=O)C[C@](O)(C(C)=O)C[C@H]3O[C@H]1C[C@H](N)[C@H](O)[C@H](C)O1,
8888,7450_B3D,COc1cccc2c1C(=O)c1c(O)c3c(c(O)c1C2=O)C[C@](O)([C@H](O)CO)C[C@@H]3O,
8889,7451_B3D,COc1ccccc1N1CCN(CCCCN2C(=O)[C@H]3C(=O)N(C(C)(C)C)C(=O)[C@@H](C2=O)C3(C)C)CC1,
8890,7452_B3D,COc1ccccc1OCCNC[C@@H](O)OCc1cccc2[nH]c3ccccc3c12,
8891,7453_B3D,COc1ccccc1OCCNC[C@@H](O)c1ccc(C)cc1S(N)(=O)=O,
8892,7454_B3D,COc1nc(C)nc(Cl)c1NC1=NCCN1,
8893,7455_B3D,CS(=O)(=O)c1ccc([C@H](O)[C@@H](CO)NC(=O)C(Cl)Cl)cc1,
8894,7456_B3D,CSC(=O)[C@@]1(O)[C@H](C)C[C@H]2[C@H]3CCC4=CC(=O)C=C[C@@]4(C)[C@@]3(F)[C@H](O)C[C@]21C,
8895,7457_B3D,CSC(=O)[C@@]1(OC(C)=O)[C@H](C)C[C@H]2[C@H]3CCC4=CC(=O)C=C[C@@]4(C)[C@@]3(F)[C@H](O)C[C@]21C,
8896,7458_B3D,CSc1ccc2c(c1)N(C[C@H](C)CN(C)C)c1ccccc1S2,
8897,7459_B3D,C[C@@H](CN(C)C)O[C@@](C)(c1ccccc1)c1ccc(Cl)cc1,
8898,7460_B3D,C[C@@H](CNC(=O)c1ccccc1)C(=O)OCC(=O)[C@@]12OC(C)(C)O[C@H]1C[C@H]1[C@H]3CCC4=CC(=O)C=C[C@@]4(C)[C@@]3(F)[C@H](O)C[C@]12C,
8899,7461_B3D,C[C@@H](Cc1ccc(O)cc1)N[C@@H](O)Cc1cc(O)cc(O)c1,
8900,7462_B3D,C[C@@H](Cc1ccccc1)[N@@+](C)([O-])Cc1ccccc1,
8901,7463_B3D,C[C@@H](NC(C)(C)C)C(=O)c1ccc(Cl)cc1,
8902,7464_B3D,C[C@@H](NC(C)(C)C)C(=O)c1cccc(Cl)c1,
8903,7465_B3D,C[C@@H](NCCn1cnc2c1c(=O)n(C)c(=O)n2C)[C@H](O)c1ccccc1,
8904,7466_B3D,C[C@@H](NN)c1ccccc1,
8905,7467_B3D,C[C@@H](NNC(=O)c1ccccc1)c1ccccc1,
8906,7468_B3D,C[C@@H](Oc1cccc2ccccc12)C(N)=NO,
8907,7469_B3D,C[C@@H](Oc1ccccc1)C(=O)N[C@H]1C(=O)N2[C@H]1SC(C)(C)[C@H]2C(=O)O,
8908,7470_B3D,C[C@@H]([C@](O)(Cn1cncn1)c1ccc(F)cc1F)S(C)(=O)=O,
8909,7471_B3D,C[C@@H]1C[C@@H]2[C@@H]3CCC4=CC(=O)C=C[C@]4(C)[C@]3(F)[C@@H](O)C[C@]2(C)[C@@]1(O)C(=O)CO,
8910,7472_B3D,C[C@@H]1NC(=O)[C@@H](NC(=O)c2ncccc2O)[C@@H](C)OC(=O)[C@H](c2ccccc2)NC(=O)[C@H]2CC(=O)CCN2C(=O)[C@@H](Cc2ccc(N(C)C)cc2)N(C)C(=O)[C@H]2CCCN2C1=O,
8911,7473_B3D,C[C@@H]1OC(=O)C[C@H](O)C[C@H](O)CC[C@@H](O)[C@H](O)C[C@H](O)C[C@@]2(O)C[C@@H](O)[C@@H](C(=O)O)[C@H](C[C@@](O)(O[C@@H]3O[C@@H](C)[C@@H](O)[C@H](N)[C@@H]3O)C=CC=CC=CC=CC=CC=CC=C[C@@H](C)[C@H](O)[C@@H]1C)O2,
8912,7474_B3D,C[C@@H]1O[C@@H](O[C@H]2[C@@H](O)[C@H](O)[C@H](O[C@H]3[C@@H](O)[C@H](O)[C@@H](O)O[C@@H]3CO)O[C@@H]2CO)[C@@H](O)[C@@H](O)[C@@H]1N[C@@H]1C=C(CO)[C@H](O)[C@H](O)[C@H]1O,
8913,7475_B3D,C[C@@H]1[C@@H](NC(=O)/C(=N/OC(C)(C)C(=O)O)c2csc(N)n2)C(=O)N1S(=O)(=O)O,
8914,7476_B3D,C[C@@H]1[C@H](NC(=O)C(=NOC(C)(C)C(=O)O)c2csc(N)n2)C(=O)N1S(=O)(=O)O,
8915,7477_B3D,C[C@@H]1[C@H](c2ccccc2)OCCN1C,
8916,7478_B3D,C[C@@](O)(CS(=O)(=O)c1ccc(F)cc1)C(=O)Nc1ccc(C#N)c(C(F)(F)F)c1,
8917,7479_B3D,C[C@@]1(Cn2ccnn2)[C@H](C(=O)O)N2C(=O)C[C@H]2S1(=O)=O,
8918,7480_B3D,C[C@@]12C=CC(=O)C=C1C(Cl)=C[C@@H]1[C@H]2[C@@H](O)C[C@@]2(C)[C@@H]1CC[C@@]2(O)C(=O)CO,
8919,7481_B3D,C[C@@]12C=CC(=O)C=C1CC[C@@H]1[C@@H]2[C@@H](O)C[C@]2(C)[C@@H]1CC[C@@]2(O)C(=O)COC(=O)CCC(=O)O,
8920,7482_B3D,C[C@@]12C=CC(=O)C=C1CC[C@@H]1[C@H]2C(=O)C[C@@]2(C)[C@@H]1CC[C@@]2(O)C(=O)CO,
8921,7483_B3D,C[C@@]12C=CC(=O)C=C1CC[C@@H]1[C@H]2[C@@H](O)C[C@@]2(C)[C@@H]1CC[C@@]2(O)C(=O)CO,
8922,7484_B3D,C[C@@]12C=CC(=O)C=C1CC[C@@H]1[C@H]3C[C@@H](O)[C@@](O)(C(=O)CO)[C@]3(C)C[C@@H](O)[C@@]12F,
8923,7485_B3D,C[C@@]12C=CC(=O)C=C1CC[C@H]1[C@H]2[C@H](O)C[C@]2(C)[C@@H]1CC[C@@]2(O)C(=O)CO,
8924,7486_B3D,C[C@@]12C=CC(=O)C=C1CC[C@H]1[C@H]3C[C@H](O)[C@@](O)(C(=O)CO)[C@]3(C)C[C@H](O)[C@@]12F,
8925,7487_B3D,C[C@@]12C=CC(=O)C=C1[C@@H](F)C[C@H]1[C@H]3C[C@H](O)[C@@](O)(C(=O)CO)[C@]3(C)C[C@H](O)[C@@]12F,
8926,7488_B3D,C[C@@]12C=CC(=O)C=C1[C@H](Cl)C[C@@H]1[C@H]2C(=O)C[C@@]2(C)[C@@H]1CC[C@@]2(O)C(=O)CO,
8927,7489_B3D,C[C@@]12C=CC(=O)C=C1[C@H](F)C[C@@H]1[C@H]2[C@@H](O)C[C@@]2(C)[C@@H]1CC[C@@]2(O)C(=O)CO,
8928,7490_B3D,C[C@@]12C=CC(=O)[C@H]1C(=O)CC[C@@H]1[C@H]2[C@@H](O)C[C@@]2(C)[C@@H]1CC[C@@]2(O)C(=O)CO,
8929,7491_B3D,C[C@@]12CCC(=O)C=C1CC[C@@H]1[C@@H]3CC[C@@](O)(C(=O)CO)[C@@]3(C)CC[C@H]12,
8930,7492_B3D,C[C@@]12CCC(=O)C=C1CC[C@@H]1[C@H]2C(=O)C[C@@]2(C)[C@@H]1CC[C@@]2(O)C(=O)CO,
8931,7493_B3D,C[C@@]12CCC(=O)C=C1CC[C@@H]1[C@H]2[C@@H](O)C[C@@]2(C)[C@@H]1CC[C@@]2(O)C(=O)COC(=O)CCC(=O)O,
8932,7494_B3D,C[C@@]12CCC(=O)C=C1CC[C@@H]1[C@H]2[C@@H](O)C[C@@]2(C)[C@@H]1CC[C@@]2(O)C(=O)COC(=O)CCC1CCCC1,
8933,7495_B3D,C[C@@]12CCC(=O)C=C1CC[C@@H]1[C@H]2[C@@H](O)C[C@@]2(C)[C@@H]1CC[C@@]2(O)C(=O)C[S],
8934,7496_B3D,C[C@@]12CCC(=O)C=C1CC[C@@H]1[C@H]2[C@H]2C[C@]3([C@@H](O)O2)[C@H](C(=O)CO)CC[C@H]13,
8935,7497_B3D,C[C@@]12CCC(=O)C=C1CC[C@H]1[C@H]2CC[C@@]2(C)[C@H](O)CC[C@H]12,
8936,7498_B3D,C[C@@]12CCC(=O)C=C1CC[C@H]1[C@H]2[C@H](O)C[C@@]2(C)[C@@H](C(=O)CO)CC[C@H]12,
8937,7499_B3D,C[C@@]12CCC(=O)C=C1CC[C@H]1[C@H]2[C@H](O)C[C@]2(C)[C@@H]1CC[C@@]2(O)C(=O)CO,
8938,7500_B3D,C[C@@]12CCC3=C4CCC(=O)C=C4CC[C@@H]3[C@H]1CC[C@]2(O)CC#N,
8939,7501_B3D,C[C@@]12CC[C@@H]3c4ccc(OC(=O)N(CCCl)CCCl)cc4CC[C@@H]3[C@H]1CC[C@@H]2O,
8940,7502_B3D,C[C@@]12CC[C@H]3c4ccc(O)cc4CC[C@H]3[C@H]1CC[C@@H]2O,
8941,7503_B3D,C[C@@]12C[C@H](Cl)[C@@]3(Cl)[C@@H](CCC4=CC(=O)C=C[C@]43C)[C@H]1CC[C@@]2(O)C(=O)CO,
8942,7504_B3D,C[C@@]12C[C@H](N)[C@H]1CN(c1nc3c(cc1F)c(=O)c(C(=O)O)cn3C1CC1)C2,
8943,7505_B3D,C[C@@]12C[C@H](O)[C@@]3(F)[C@@H](CCC4=CC(=O)C=C[C@]43C)[C@H]1CC[C@@]2(O)C(=O)CO,
8944,7506_B3D,C[C@@]12C[C@H](O)[C@@]3(F)[C@@H](CCC4=CC(=O)C=C[C@]43C)[C@H]1C[C@H]1Cc3ccccc3C[C@]12C(=O)CO,
8945,7507_B3D,C[C@@]12C[C@H](O)[C@@]3(F)[C@@H](CCC4=CC(=O)CC[C@]43C)[C@H]1CC[C@@]2(O)C(=O)CO,
8946,7508_B3D,C[C@@]12N[C@@H](Cc3ccccc31)c1ccccc12,
8947,7509_B3D,C[C@H](C(=O)O)c1ccc(-c2cccc(F)c2)cc1,
8948,7510_B3D,C[C@H](C(=O)O)c1ccc(N2Cc3ccccc3C2=O)cc1,
8949,7511_B3D,C[C@H](C(=O)O)c1ccc([C@@H]2CCCC(=NO)C2)cc1,
8950,7512_B3D,C[C@H](C(=O)O)c1cccc(Oc2ccccc2)c1,
8951,7513_B3D,C[C@H](C(=O)c1ccccc1)N(C)C,
8952,7514_B3D,C[C@H](N)[C@@H](O)c1ccccc1,
8953,7515_B3D,C[C@H](NCCc1ccc(O)cc1)[C@@H](O)c1ccc(O)cc1,
8954,7516_B3D,C[C@H](O)[C@@H]1C(=O)N2C(C(=O)O)=C(SCCN=CN)C[C@@H]12,
8955,7517_B3D,C[C@H](O)[C@H]1C(=O)N2C(C(=O)O)=C(COC(N)=O)S[C@@H]12,
8956,7518_B3D,C[C@H](O)[C@H]1C(=O)N2C(C(=O)O)=C(F)S[C@@H]12,
8957,7519_B3D,C[C@H](O)[C@H]1C(=O)N2C(C(=O)O)=C(SCCN=CN)C[C@@H]12,
8958,7520_B3D,C[C@H](O)[C@H]1C(=O)N2C(C(=O)O)=C(S[C@@H]3CC[C@H](C(=O)N(C)C)N3)[C@@H](C)[C@H]12,
8959,7521_B3D,C[C@H](O)[C@H]1C(=O)N2C(C(=O)O)=C(S[C@H]3CN[C@H](C(=O)N(C)C)C3)[C@H](C)[C@@H]12,
8960,7522_B3D,C[C@H](O)[C@H]1C(=O)N2C(C(=O)O)=C([C@H]3CCCO3)S[C@@H]12,
8961,7523_B3D,C[C@H](c1cc2ccccc2s1)N(O)C(N)=O,
8962,7524_B3D,C[C@H]1C=CC=CC=CC=CC=CC=CC=C[C@H](O[C@H]2O[C@H](C)[C@H](O)[C@H](N)[C@@H]2O)C[C@H]2O[C@](O)(C[C@H](O)[C@H]2C(=O)O)C[C@@H](O)[C@@H](O)CC[C@@H](O)C[C@@H](O)C[C@@H](O)CC(=O)O[C@H](C)[C@@H](C)[C@H]1O,
8963,7525_B3D,C[C@H]1CC(=O)NN=C1c1ccc(NN=C(C#N)C#N)cc1,
8964,7526_B3D,C[C@H]1CCCC[C@]1(c1cccs1)N1CCCCC1,
8965,7527_B3D,C[C@H]1CO[C@@]2(c3ccccc3Cl)c3cc(Cl)ccc3NC(=O)CN12,
8966,7528_B3D,C[C@H]1C[C@H](OC(=O)[C@H]2CCC(=O)N2)CC(C)(C)C1,
8967,7529_B3D,C[C@H]1C[C@H]2[C@@H]3[C@H]([C@H](O)C[C@@]2(C)[C@@]1(O)C(=O)CO)[C@]1(C)C=CC(=O)C=C1C[C@H]3Cl,
8968,7530_B3D,C[C@H]1C[C@H]2[C@H]([C@H](O)C[C@]3(C)[C@@H]2CC[C@@]3(O)C(=O)CO)[C@]2(C)C=CC(=O)C=C12,
8969,7531_B3D,C[C@H]1C[C@H]2[C@H]3CC(F)(F)C4=CC(=O)C=C[C@@]4(C)[C@@]3(F)[C@H](O)C[C@@]2(C)[C@@]1(O)C(=O)CO,
8970,7532_B3D,C[C@H]1C[C@H]2[C@H]3CCC4=CC(=O)C=C[C@@]4(C)[C@@]3(Cl)[C@H](O)C[C@@]2(C)[C@@]1(O)C(=O)CO,
8971,7533_B3D,C[C@H]1C[C@H]2[C@H]3CCC4=CC(=O)C=C[C@@]4(C)[C@@]3(Cl)[C@H](O)C[C@@]2(C)[C@@]1(OC(=O)c1ccco1)C(=O)CCl,
8972,7534_B3D,C[C@H]1C[C@H]2[C@H]3CCC4=CC(=O)C=C[C@@]4(C)[C@@]3(F)C(=O)C[C@@]2(C)[C@@]1(O)C(=O)CCl,
8973,7535_B3D,C[C@H]1C[C@H]2[C@H]3CCC4=CC(=O)C=C[C@@]4(C)[C@@]3(F)[C@H](O)C[C@@]2(C)[C@@]1(C)C(=O)CO,
8974,7536_B3D,C[C@H]1C[C@H]2[C@H]3CCC4=CC(=O)C=C[C@@]4(C)[C@@]3(F)[C@H](O)C[C@@]2(C)[C@@]1(O)C(=O)CCl,
8975,7537_B3D,C[C@H]1C[C@H]2[C@H]3CCC4=CC(=O)C=C[C@@]4(C)[C@@]3(F)[C@H](O)C[C@@]2(C)[C@@]1(OC(=O)c1ccccc1)C(=O)CO,
8976,7538_B3D,C[C@H]1C[C@H]2[C@H]3CCC4=CC(=O)C=C[C@@]4(C)[C@@]3(F)[C@H](O)C[C@@]2(C)[C@H]1C(=O)CO,
8977,7539_B3D,C[C@H]1C[C@H]2[C@H]3CCC4=CC(=O)C=C[C@@]4(C)[C@H]3C(=O)C[C@@]2(C)[C@@]1(O)C(=O)CO,
8978,7540_B3D,C[C@H]1C[C@H]2[C@H]3CC[C@@H](C(=O)O)[C@@]3(C)C[C@H](O)[C@H]2[C@@]2(C)CCC(=O)C=C12,
8979,7541_B3D,C[C@H]1C[C@H]2[C@H]3CC[C@@](O)(C(=O)CO)[C@@]3(C)C[C@H](O)[C@H]2[C@@]2(C)C=CC(=O)C=C12,
8980,7542_B3D,C[C@H]1C[C@H]2[C@H]3CC[C@@](O)(C(=O)COC(=O)CCC(=O)O)[C@@]3(C)C[C@H](O)[C@H]2[C@@]2(C)C=CC(=O)C=C12,
8981,7543_B3D,C[C@H]1C[C@H]2[C@H]3C[C@H](F)C4=CC(=O)C(Cl)=C[C@@]4(C)[C@@]3(F)[C@H](O)C[C@@]2(C)[C@@]1(O)C(=O)CO,
8982,7544_B3D,C[C@H]1C[C@H]2[C@H]3C[C@H](F)C4=CC(=O)C=C[C@@]4(C)[C@@]3(Cl)[C@H](F)C[C@@]2(C)[C@H]1C(=O)CO,
8983,7545_B3D,C[C@H]1C[C@H]2[C@H]3C[C@H](F)C4=CC(=O)C=C[C@@]4(C)[C@@]3(Cl)[C@H](O)C[C@@]2(C)[C@H]1C(=O)CO,
8984,7546_B3D,C[C@H]1C[C@H]2[C@H]3C[C@H](F)C4=CC(=O)C=C[C@@]4(C)[C@@]3(Cl)[C@H](O)C[C@@]2(C)[C@H]1C(=O)COC(=O)C(C)(C)C,
8985,7547_B3D,C[C@H]1C[C@H]2[C@H]3C[C@H](F)C4=CC(=O)C=C[C@@]4(C)[C@@]3(F)[C@H](O)C[C@@]2(C)[C@@]1(O)C(=O)CCl,
8986,7548_B3D,C[C@H]1C[C@H]2[C@H]3C[C@H](F)C4=CC(=O)C=C[C@@]4(C)[C@@]3(F)[C@H](O)C[C@@]2(C)[C@@]1(O)C(=O)CO,
8987,7549_B3D,C[C@H]1C[C@H]2[C@H]3C[C@H](F)C4=CC(=O)C=C[C@@]4(C)[C@@]3(F)[C@H](O)C[C@@]2(C)[C@@]1(O)C(=O)COC(=O)C(C)(C)C,
8988,7550_B3D,C[C@H]1C[C@H]2[C@H]3C[C@H](F)C4=CC(=O)C=C[C@@]4(C)[C@@]3(F)[C@H](O)C[C@@]2(C)[C@@]1(O)C(=O)SCF,
8989,7551_B3D,C[C@H]1C[C@H]2[C@H]3C[C@H](F)C4=CC(=O)C=C[C@@]4(C)[C@@]3(F)[C@H](O)C[C@@]2(C)[C@H]1C(=O)CO,
8990,7552_B3D,C[C@H]1C[C@H]2[C@H]3C[C@H](F)C4=CC(=O)C=C[C@@]4(C)[C@@]3(F)[C@H](O)C[C@@]2(C)[C@H]1C(=O)COC(=O)C(C)(C)C,
8991,7553_B3D,C[C@H]1C[C@H]2[C@H]3C[C@H](F)C4=CC(=O)C=C[C@@]4(C)[C@H]3[C@H](O)C[C@@]2(C)[C@@]1(O)C(=O)CO,
8992,7554_B3D,C[C@H]1C[C@H]2[C@H]3C[C@H](F)C4=CC(=O)C=C[C@@]4(C)[C@H]3[C@H](O)C[C@@]2(C)[C@H]1C(=O)CO,
8993,7555_B3D,C[C@H]1NCCO[C@H]1c1ccccc1,
8994,7556_B3D,C[C@H]1O[C@@]2(CCCC[C@H]2Oc2cccc(Cl)c2)NC1=O,
8995,7557_B3D,C[C@H]1O[C@H](O[C@H]2C[C@](O)(C(=O)CO)Cc3c(O)c4c(c(O)c32)C(=O)c2ccccc2C4=O)C[C@H](N)[C@@H]1O,
8996,7558_B3D,C[C@H]1O[C@H](O[C@H]2[C@H](O)C[C@H](O[C@H]3[C@H](O)C[C@@H](O[C@H]4CC[C@@]5(C)[C@@H](CC[C@H]6[C@H]5C[C@H](O)[C@@]5(C)[C@H](C7=CC(=O)OC7)CC[C@@]65O)C4)O[C@@H]3C)O[C@@H]2C)C[C@H](O)[C@@H]1O,
8997,7559_B3D,C[C@H]1O[C@H]1P(=O)(O)O,
8998,7560_B3D,C[C@H]1Oc2ccccc2C[C@H]1N(C)C,
8999,7561_B3D,C[C@H]1[C@@H]2C(=O)c3ccc(O)cc3[C@]1(C)CCN2CC1CC1,
9000,7562_B3D,C[C@H]1[C@H]2Cc3ccc(O)cc3[C@@]1(C)CCN2C,
9001,7563_B3D,C[C@H]1[C@H]2Cc3ccc(O)cc3[C@@]1(C)CCN2CC1CC1,
9002,7564_B3D,C[C@H]1[C@H]2Cc3ccc(O)cc3[C@@]1(C)CCN2CCc1ccccc1,
9003,7565_B3D,C[C@H]1c2cccc(O)c2C(O)=C2C(=O)[C@@]3(O)C(O)=C(C(N)=O)C(=O)[C@@H](N(C)C)[C@H]3[C@H](O)[C@H]21,
9004,7566_B3D,C[C@]1(c2ccccc2)CC(=O)N(CN2CCOCC2)C1=O,
9005,7567_B3D,C[C@]1(c2ccccc2)O[C@H]2C[C@H]3[C@H]4CCC5=CC(=O)C=C[C@@]5(C)[C@@]4(F)[C@H](O)C[C@@]3(C)[C@]2(C(=O)CO)O1,
9006,7568_B3D,C[C@]12CC(=O)[C@@H]3[C@@H](CC[C@@H]4C[C@@H](O)CC[C@]43C)[C@H]1CC[C@H]2C(=O)CO,
9007,7569_B3D,C[N+](C)(CCOc1ccccc1)Cc1ccccc1,
9008,7570_B3D,C[N+]1(C)CCC[C@@H]1COC(=O)C(O)(c1ccccc1)c1ccccc1,
9009,7571_B3D,C[N+]1(C)CC[C@H](OC(=O)[C@@](O)(c2ccccc2)C2CCCC2)C1,
9010,7572_B3D,C[N+]1([O-])[C@H]2CC[C@H]1CC(OC(=O)[C@@H](CO)c1ccccc1)C2,
9011,7573_B3D,Cc1c(N(C)C)c(=N)n(-c2ccccc2)n1C,
9012,7574_B3D,Cc1c2oc3c(C)ccc(C(=O)N[C@@H]4C(=O)N[C@H](C(C)C)C(=O)N5CCC[C@@H]5C(=O)N(C)CC(=O)N(C)[C@@H](C(C)C)C(=O)O[C@H]4C)c3nc-2c(C(=O)N[C@H]2C(=O)N[C@H](C(C)C)C(=O)N3CCC[C@H]3C(=O)N(C)CC(=O)N(C)[C@H](C(C)C)C(=O)O[C@@H]2C)c(N)c1=O,
9013,7575_B3D,Cc1cc(C)cc(OC[C@H]2CNC(=O)O2)c1,
9014,7576_B3D,Cc1cc(NC(=O)C2=C(O)c3ccccc3S(=O)(=O)[C@@H]2C)no1,
9015,7577_B3D,Cc1cc(NS(=O)(=O)c2ccc(N)cc2)nc(C)n1,
9016,7578_B3D,Cc1cc(O)c(C(=O)N[C@@H](C(=O)N[C@H]2C(=O)N3C(C(=O)O)=C(CSc4nnnn4C)CS[C@@H]23)c2ccc(O)cc2)cn1,
9017,7579_B3D,Cc1cc2nc3c(=O)[nH]c(=O)nc-3n(C[C@@H](O)[C@H](O)[C@H](O)CO)c2cc1C,
9018,7580_B3D,Cc1ccc(-c2c(-c3ccc(S(C)(=O)=O)cc3)cc(Cl)c[n+]2[O-])cn1,
9019,7581_B3D,Cc1ccc(C(=CCN2CCCC2)c2cccc(/C=C/C(=O)O)n2)cc1,
9020,7582_B3D,Cc1ccc(O)c([C@@H](CCN(C(C)C)C(C)C)c2ccccc2)c1,
9021,7583_B3D,Cc1ccc(S(=O)(=O)NC(=O)NN2C[C@H]3CCC[C@H]3C2)cc1,
9022,7584_B3D,Cc1ccc(S(=O)(=O)NC(=O)N[C@@H]2[C@H]3CC[C@](C)([C@H]2O)C3(C)C)cc1,
9023,7585_B3D,Cc1ccc2c(c1)[C@H]1CN(C)CC[C@H]1N2,
9024,7586_B3D,Cc1ccc2c(c1)[C@]13CCCC[C@H]1[C@@H](C2)N(C)CC3,
9025,7587_B3D,Cc1cccc(C)c1NC(=O)[C@@H](C)N,
9026,7588_B3D,Cc1cccc2c1Oc1ccccc1[C@]1(O)CCN(C)C[C@H]21,
9027,7589_B3D,Cc1ccccc1N1C(=O)c2cc(S(N)(=O)=O)c(Cl)cc2N[C@@H]1C,
9028,7590_B3D,Cc1cn([C@H]2C=C[C@H](CO)O2)c(=O)nc1N,
9029,7591_B3D,Cc1cnc(C(=O)O)c[n+]1[O-],
9030,7592_B3D,Cc1cnc(C[S+]([O-])c2nc3ccccc3[nH]2)cc1OCC(F)(F)F,
9031,7593_B3D,Cc1cnn(-c2c(Cl)cccc2Cl)c1C(=O)N[C@H]1C(=O)N2[C@H]1SC(C)(C)[C@H]2C(=O)O,
9032,7594_B3D,Cc1nc(NCc2cccnc2)c(C#N)c(=O)[nH]1,
9033,7595_B3D,Cc1nnc(SCC2=C(C(=O)OCc3oc(=O)oc3C)N3C(=O)[C@H](NC(=O)[C@H](OC(=O)[C@H](C)N)c4ccccc4)[C@@H]3SC2)s1,
9034,7596_B3D,Cc1nsc(NS(=O)(=O)c2ccc(N)cc2)c1C,
9035,7597_B3D,Cc1oc(=O)oc1COC(=O)[C@H]1N2C(=O)[C@@H](NC(=O)[C@H](N)c3ccccc3)[C@H]2SC1(C)C,
9036,7598_B3D,Cc1onc(-c2c(Cl)cccc2Cl)c1C(=O)N[C@H]1C(=O)N2[C@H]1SC(C)(C)[C@H]2C(=O)O,
9037,7599_B3D,Cc1onc(-c2c(F)cccc2Cl)c1C(=O)N[C@@H]1C(=O)N2[C@H]1SC(C)(C)[C@H]2C(=O)O,
9038,7600_B3D,Cc1onc(-c2c(F)cccc2Cl)c1C(=O)N[C@H]1C(=O)N2[C@H]1SC(C)(C)[C@H]2C(=O)O,
9039,7601_B3D,Cc1onc(-c2ccccc2)c1C(=O)N[C@H]1C(=O)N2[C@@H](C(=O)O)C(C)(C)S[C@H]12,
9040,7602_B3D,Cc1onc(-c2ccccc2)c1C(=O)N[C@H]1C(=O)N2[C@H]1SC(C)(C)[C@H]2C(=O)O,
9041,7603_B3D,Cc1onc(-c2ccccc2Cl)c1C(=O)N[C@H]1C(=O)N2[C@H]1SC(C)(C)[C@H]2C(=O)O,
9042,7604_B3D,Clc1ccc([C@H]2[C@H]3CC[C@@H](C3)[C@@]23CCC(N2CCOCC2)=N3)cc1,
9043,7605_B3D,Cn1c(=O)c2c(ncn2CCCNC[C@@H](O)c2cc(O)cc(O)c2)n(C)c1=O,
9044,7606_B3D,Cn1c2c(c3ccccc31)C(=O)[C@@H](Cn1ccnc1)CC2,
9045,7607_B3D,Cn1nnnc1SCC1=C(C(=O)O)N2C(=O)[C@@H](NC(=O)CS/C=C/C#N)[C@H]2SC1,
9046,7608_B3D,FC(F)O[C@H](F)C(F)(F)F,
9047,7609_B3D,Fc1ccc(C(c2ccc(F)cc2)N2CCN(CCCc3ccccc3)CC2)cc1,
9048,7610_B3D,N#CC(=Cc1ccc(O)cc1)/C(C#N)=C\c1ccc(O)cc1,
9049,7611_B3D,N#CCCN1C(=O)[C@@H](O)N=C(c2ccccc2F)c2cc(Cl)ccc21,
9050,7612_B3D,N#C[C@H](O[C@@H]1O[C@@H](CO[C@@H]2O[C@@H](CO)[C@@H](O)[C@H](O)[C@@H]2O)[C@@H](O)[C@H](O)[C@@H]1O)c1ccccc1,
9051,7613_B3D,N=C(NCCCCNC(=N)NC(=N)Nc1ccc(Cl)cc1)NC(=N)Nc1ccc(Cl)cc1,
9052,7614_B3D,N=C1Cc2ccccc2N(C(N)=O)c2ccccc21,
9053,7615_B3D,N=c1nc(N2CCCCC2)ccn1O,
9054,7616_B3D,N=c1nc2n(cc1F)[C@H]1O[C@@H](CO)[C@H](O)[C@H]1O2,
9055,7617_B3D,NC(=O)CN1C[C@H](O)CC1=O,
9056,7618_B3D,NC(=O)N1C(=O)[C@@H](C(=O)c2cccs2)c2cc(Cl)ccc21,
9057,7619_B3D,NC(=O)OC[C@@H]1[C@H](NC(=O)C(=NOCC(=O)O)c2csc(N)n2)C(=O)N1S(=O)(=O)O,
9058,7620_B3D,NC(N)=NC[C@@H]1COC2(CCCCC2)O1,
9059,7621_B3D,NC(N)=NC[C@@H]1COc2ccccc2O1,
9060,7622_B3D,NC1=NC(=O)N([C@H]2CS[C@H](CO)O2)CC1,
9061,7623_B3D,NCC(=O)O,
9062,7624_B3D,NCCC[C@](N)(C(=O)O)C(F)F,
9063,7625_B3D,NCC[C@@H](O)C(=O)N[C@@H]1C[C@H](N)[C@H](O[C@@H]2O[C@@H](CN)CC[C@@H]2N)[C@H](O)[C@@H]1O[C@@H]1O[C@@H](CO)[C@@H](O)[C@H](N)[C@@H]1O,
9064,7626_B3D,NCC[C@@H](O)C(=O)N[C@@H]1C[C@H](N)[C@H](O[C@@H]2O[C@@H](CN)[C@@H](O)[C@H](O)[C@@H]2O)[C@H](O)[C@@H]1O[C@@H]1O[C@@H](CO)[C@@H](O)[C@H](N)[C@@H]1O,
9065,7627_B3D,NCC[C@H](O)C(=O)N[C@H]1C[C@H](N)[C@@H](O[C@H]2O[C@@H](CN)CC[C@@H]2N)[C@H](O)[C@H]1O[C@H]1O[C@@H](CO)[C@H](O)[C@H](N)[C@@H]1O,
9066,7628_B3D,NCC[C@H](O)C(=O)N[C@H]1C[C@H](N)[C@@H](O[C@H]2O[C@@H](CN)[C@H](O)[C@H](O)[C@@H]2O)[C@H](O)[C@H]1O[C@H]1O[C@@H](CO)[C@H](O)[C@H](N)[C@@H]1O,
9067,7629_B3D,NCC[C@H](O)CN[C@H]1C[C@H](N)[C@@H](O[C@H]2O[C@@H](CN)[C@H](O)[C@H](O)[C@@H]2O)[C@H](O)[C@H]1O[C@H]1O[C@@H](CO)[C@H](O)[C@H](N)[C@@H]1O,
9068,7630_B3D,NC[C@@H]1O[C@@H](O[C@@H]2[C@@H](N)C[C@H](N)[C@H](O[C@@H]3O[C@@H](CO)[C@@H](O)[C@H](N)[C@@H]3O)[C@H]2O)[C@@H](N)C[C@@H]1O,
9069,7631_B3D,NC[C@@H]1O[C@@H](O[C@H]2[C@@H](N)C[C@H](N)[C@H](O)[C@H]2O[C@@H]2O[C@H](CO)[C@H](OC[C@@H]3O[C@@H](CN)[C@@H](O)[C@@H](O)[C@@H]3N)[C@H]2O)[C@@H](N)[C@H](O)[C@@H]1O,
9070,7632_B3D,NC[C@@H]1O[C@H](O[C@@H]2[C@@H](N)C[C@@H](N)[C@@H](O)[C@@H]2O[C@@H]2O[C@H](CO)[C@H](O[C@@H]3O[C@H](CN)[C@@H](O)[C@@H](O)[C@H]3N)[C@H]2O)[C@@H](N)[C@@H](O)[C@H]1O,
9071,7633_B3D,NC[C@H]1CC[C@H](N)[C@H](O[C@H]2[C@H](N)C[C@H](N)[C@@H](O[C@H]3O[C@@H](CO)[C@H](O)[C@H](N)[C@@H]3O)[C@@H]2O)O1,
9072,7634_B3D,NC[C@H]1O[C@@H](O[C@@H]2[C@@H](O)[C@@H](O)[C@@H](N)C[C@H]2N)[C@H](N)[C@H](O)[C@@H]1O,
9073,7635_B3D,NC[C@H]1O[C@@H](O[C@@H]2[C@@H](O)[C@H](O[C@H]3O[C@@H](CO)[C@H](O)[C@H](N)[C@@H]3O)[C@@H](N)C[C@H]2N)[C@H](O)[C@H](O)[C@@H]1O,
9074,7636_B3D,NC[C@H]1O[C@@H](O[C@H]2[C@H](N)C[C@@H](NC(CO)CO)[C@@H](O[C@H]3O[C@@H](CO)[C@H](O)[C@H](N)[C@@H]3O)[C@@H]2O)[C@H](N)[C@H](O)[C@@H]1O,
9075,7637_B3D,NC[C@H]1O[C@@H](O[C@H]2[C@H](N)C[C@H](N)[C@@H](O[C@H]3O[C@@H](CO)[C@H](O)[C@H](N)[C@@H]3O)[C@@H]2O)[C@H](N)C[C@@H]1O,
9076,7638_B3D,NC[C@H]1O[C@@H](O[C@H]2[C@H](N)C[C@H](N)[C@@H](O[C@H]3O[C@@H](CO)[C@H](O)[C@H](N)[C@@H]3O)[C@@H]2O)[C@H](N)[C@H](O)[C@@H]1O,
9077,7639_B3D,NCc1ccccc1CC(=O)N[C@H]1C(=O)N2C(C(=O)O)=C(CSc3nnnn3CC(=O)O)CS[C@@H]12,
9078,7640_B3D,NNC(=O)NNN1C(=O)c2cc(S(=O)(=O)O)cc3c(N)c(S(=O)(=O)O)cc(c23)C1=O,
9079,7641_B3D,NS(=O)(=O)c1cc(C(=O)O)cc(N2CCCC2)c1Oc1ccccc1,
9080,7642_B3D,NS(=O)(=O)c1cc(Cl)cc(NCc2ccco2)c1C(=O)O,
9081,7643_B3D,NS(=O)(=O)c1cc([C@@]2(O)NC(=O)c3ccccc32)ccc1Cl,
9082,7644_B3D,NS(=O)(=O)c1cc2c(cc1C(F)(F)F)N[C@H](Cc1ccccc1)NS2(=O)=O,
9083,7645_B3D,NS(=O)(=O)c1cc2c(cc1Cl)N[C@H](CN1CCCC1)NS2(=O)=O,
9084,7646_B3D,N[C@@H](C(=O)N[C@H]1C(=O)N2C(C(=O)O)=C(CSc3cn[nH]n3)CS[C@@H]12)c1ccc(O)cc1,
9085,7647_B3D,N[C@@H](C(=O)N[C@H]1C(=O)N2C(C(=O)O)=C(Cl)CC[C@@H]12)c1ccccc1,
9086,7648_B3D,N[C@@H](C(=O)N[C@H]1C(=O)N2C(C(=O)O)=C(Cl)CS[C@@H]12)c1ccccc1,
9087,7649_B3D,N[C@H](CCC(=O)O)c1ccc(Cl)cc1,
9088,7650_B3D,Nc1ccc(S(=O)(=O)c2ccc(O)cc2)cc1,
9089,7651_B3D,Nc1ccn([C@H]2CC[C@H](CO)O2)c(=O)n1,
9090,7652_B3D,Nc1nc(C(=CCC(=O)O)C(=O)N[C@H]2C(=O)N3C(C(=O)O)=CCS[C@@H]23)cs1,
9091,7653_B3D,O=C(C1CCCCC1)N1CC(=O)N2CCc3ccccc3[C@@H]2C1,
9092,7654_B3D,O=C(CCCN1CCC(O)(c2cccc(Cl)c2)CC1)c1ccc(F)cc1,
9093,7655_B3D,O=C(COCCOCCOCC(=O)Nc1c(I)cc(I)c(C(=O)O)c1I)Nc1c(I)cc(I)c(C(=O)O)c1I,
9094,7656_B3D,O=C(NC[C@@H]1CCCCN1)c1cc(OCC(F)(F)F)ccc1OCC(F)(F)F,
9095,7657_B3D,O=C(N[C@H](CO)[C@@H](O)c1ccc([N+](=O)[O-])cc1)C(Cl)Cl,
9096,7658_B3D,O=C(O)C1=C(CSc2nnnn2CS(=O)(=O)O)CS[C@H]2[C@@H](NC(=O)[C@H](O)c3ccccc3)C(=O)N12,
9097,7659_B3D,O=C(O)CCC(=O)Nc1ccc(S(=O)(=O)Nc2nccs2)cc1,
9098,7660_B3D,O=C(O)CCCC[C@H]1SC[C@H]2NC(=O)N[C@H]21,
9099,7661_B3D,O=C(O)Cc1ccc2c(c1)C(=O)c1ccccc1CO2,
9100,7662_B3D,O=C(O)Cc1ccccc1Nc1ccc(Cl)cc1Cl,
9101,7663_B3D,O=C(O)Cc1ccccc1Oc1ccc(Cl)cc1Cl,
9102,7664_B3D,O=C(O)[C@@H]1C(=CCO)O[C@H]2CC(=O)N21,
9103,7665_B3D,O=C(O)[C@H](CCc1ccccc1)N[C@@H]1CCCN2CCC[C@@H](C(=O)O)N2C1=O,
9104,7666_B3D,O=C(O)[C@H]1CCN1C12CC3CC(CC(C3)C1)C2,
9105,7667_B3D,O=C(O)c1ccccc1C(=O)Nc1ccc(S(=O)(=O)Nc2nccs2)cc1,
9106,7668_B3D,O=C(O[C@H]1CN2CCC1CC2)c1ccccc1,
9107,7669_B3D,O=C(c1ccc(F)cc1)C1CCN(CCn2c(=O)[nH]c3ccccc3c2=O)CC1,
9108,7670_B3D,O=C1CC[C@@H](N2C(=O)[C@H]3[C@H]4CC[C@@H](C4)[C@H]3C2=O)C(=O)N1,
9109,7671_B3D,O=C1CC[C@@H](N2C(=O)c3ccccc3C2=O)C(=O)N1,
9110,7672_B3D,O=C1CC[C@@]2(O)[C@H]3Cc4ccc(O)c5c4[C@]2(CCN3CC2CC2)[C@H]1O5,
9111,7673_B3D,O=C1CC[C@H](C(=O)N[C@H]2C[C@H]2c2ccccc2)N1,
9112,7674_B3D,O=C1CC[C@]2(O)[C@H]3Cc4ccc(O)c5c4[C@]2(CCN3CC2CC2)[C@@H]1O5,
9113,7675_B3D,O=C1CN(/N=C\c2ccc([N+](=O)[O-])o2)C(=O)N1,
9114,7676_B3D,O=C1CN2CCO[C@@]2(c2ccccc2F)c2cc(Br)ccc2N1,
9115,7677_B3D,O=C1CN2CCO[C@@]2(c2ccccc2F)c2cc(Cl)ccc2N1CCO,
9116,7678_B3D,O=C1C[C@H](c2cccc(Br)c2)C(=O)N1,
9117,7679_B3D,O=C1C[C@H]2c3cc(Cl)ccc3O[C@]3(CCNC[C@@H]23)N1,
9118,7680_B3D,O=C1N([C@H](O)C(Cl)(Cl)Cl)CNC1(c1ccccc1)c1ccccc1,
9119,7681_B3D,O=C1NC(=O)C(C[C@H]2CCCCN2)(c2ccccc2)C(=O)N1,
9120,7682_B3D,O=C1NC(=O)N([C@H]2O[C@@H](CO)[C@@H](O)[C@@H]2O)C[C@H]1C=CBr,
9121,7683_B3D,O=C1NC(=O)[C@]2(c3ccc(Cl)cc3)C[C@@H]12,
9122,7684_B3D,O=C1NCCN[C@H]1c1cccs1,
9123,7685_B3D,O=C1NNC(=O)C1(c1ccccc1)c1ccccc1,
9124,7686_B3D,O=C1NS(=O)(=O)c2ccccc21,
9125,7687_B3D,O=C1Nc2ccc(Cl)cc2C(c2ccccc2Cl)=N[C@@H]1O,
9126,7688_B3D,O=C1OCC[C@@H]1C1(O)CCN(CCCN2c3ccccc3Sc3ccc(Cl)cc32)CC1,
9127,7689_B3D,O=C1[C@@H]2[C@H]3C=C[C@@H]([C@@H]4C=C[C@@H]43)[C@H]2C(=O)N1CCCCN1CCN(c2ncccn2)CC1,
9128,7690_B3D,O=C1[C@@H]2[C@H]3CC[C@@H](C3)[C@H]2C(=O)N1CCCCN1CCN(c2ncccn2)CC1,
9129,7691_B3D,O=CN(O)CCCP(=O)(O)O,
9130,7692_B3D,O=P(O)(O)C(Cc1ccc(Cl)cc1)P(=O)(O)O,
9131,7693_B3D,O=[N+]([O-])O[C@@H]1CO[C@@H]2[C@@H]1OC[C@H]2O[N+](=O)[O-],
9132,7694_B3D,O=[N+]([O-])O[C@H]1CO[C@@H]2[C@H](O)CO[C@@H]12,
9133,7695_B3D,O=[P@@]1(N(CCCl)CCCl)OCCCN1CCCl,
9134,7696_B3D,O=c1[nH]c2ccccc2n1C1CCN(CCC(c2ccc(F)cc2)c2ccc(F)cc2)CC1,
9135,7697_B3D,O=c1[nH]c2ccccc2n1CCCN1CCC(Nn2c(=O)[nH]c3cc(Cl)ccc32)CC1,
9136,7698_B3D,O=c1[nH]c2ccccc2n1CCCN1CCN(C(c2ccccc2)c2ccccc2)CC1,
9137,7699_B3D,OC(c1ccccc1)(c1ccccc1)[C@H]1C[C@H]1c1ccncc1,
9138,7700_B3D,OCCN1CCN([C@H]2C[C@@H](c3ccc(F)cc3)c3ccc(C(F)(F)F)cc32)CC1,
9139,7701_B3D,OC[C@@H]1O[C@@H](OC[C@@H]2O[C@@H](O[C@]3(CO)O[C@@H](CO)[C@H](O)[C@@H]3O)[C@@H](O)[C@@H](O)[C@@H]2O)[C@@H](O)[C@@H](O)[C@@H]1O,
9140,7702_B3D,OC[C@@H]1O[C@@H](O[C@@H]2[C@H](CO)O[C@@](O)(CO)[C@H]2O)[C@@H](O)[C@@H](O)[C@@H]1O,
9141,7703_B3D,OC[C@H](O)COc1ccc(Cl)cc1,
9142,7704_B3D,OC[C@H](O)[C@H]1O[C@H]2O[C@H](C(Cl)(Cl)Cl)O[C@H]2[C@@H]1O,
9143,7705_B3D,OCc1ccccc1O[C@@H]1O[C@H](CO)[C@@H](O)[C@@H](O)[C@H]1O,
9144,7706_B3D,ON=Cc1cc[n+](COC[n+]2ccc(/C=N/O)cc2)cc1,
9145,7707_B3D,O[C@@](C1=NCCN1)(c1ccc(Cl)cc1)c1ccccn1,
9146,7708_B3D,O[C@@](CCN1CCCC1)(c1ccccc1)C1CCCCC1,
9147,7709_B3D,O[C@@]1(c2ccc(Cl)cc2)c2ccccc2C2=NCCN21,
9148,7710_B3D,O[C@H]1O[C@@H](COCCO[C@H](O)C(Cl)(Cl)Cl)[C@@H](O[C@H]2O[C@@H](COCCOCCO[C@H](O)C(Cl)(Cl)Cl)C[C@@H](O[C@H](O)C(Cl)(Cl)Cl)[C@@H]2O)[C@@H](OCCOCCO[C@H](O)C(Cl)(Cl)Cl)[C@@H]1O,
9149,7711_B3D,O[C@](CCN1CCCCC1)(c1ccccc1)C1CCCCC1,
9150,7712_B3D,O[C@](CCN1CCCCC1)(c1ccccc1)[C@@H]1C[C@H]2C=C[C@H]1C2,
9151,7713_B3D,Oc1ccc([C@H](O)[C@@H]2CCCCN2)cc1O,
9152,7714_B3D,Oc1ccc2c3c1O[C@@H]1[C@@H](O)C=C[C@H]4[C@@H](C2)NCC[C@@]314,
9153,7715_B3D,Oc1ccc2c3c1O[C@@H]1[C@@H](O)CC[C@@]4(O)[C@@H](C2)N(CC2CCC2)CC[C@@]314,
9154,7716_B3D,Oc1ccc2c3c1O[C@@H]1[C@@H](O)CC[C@]4(O)[C@@H](C2)N(CC2CCC2)CC[C@@]314,
9155,7717_B3D,c1ccc(C2(c3ccccc3)OC[C@H]([C@H]3CCCCN3)O2)cc1,
9156,7718_B3D,c1ccc([C@H]2CCN(C[C@H]3CCCc4c3ccc3c4OCO3)C2)cc1,
9157,7719_B3D,c1ccc2c(c1)CCc1cccc3c1[C@@H]2CN1CCCC[C@@H]31,
9158,7720_B3D,c1ccc2c(c1)Sc1ccccc1N2C[C@@H]1CN2CCC1CC2,
9159,7721_B3D,C/C(=C\C(N)C(=O)O)CP(=O)(O)O,
9160,7722_B3D,CN(C(=O)Cc1cccc2sccc12)C1CCCCC1N1CCCC1,
9161,7723_B3D,CN1CCc2cc(Cl)c(O)cc2C(c2ccccc2)C1,
9162,7724_B3D,C[N+]1(CC2CC2)CC[C@]23c4c5ccc(O)c4O[C@H]2C(=O)CC[C@@]3(O)[C@H]1C5,
9163,7725_B3D,Clc1cccc(N2CCNCC2)c1,
9164,7726_B3D,O=C(O)[C@@H]1C[C@H](CP(=O)(O)O)CCN1,
9165,7727_B3D,CC(C)c1nc(N(C)S(C)(=O)=O)nc(-c2ccc(F)cc2)c1/C=C/[C@@H](O)C[C@@H](O)CC(=O)O,
9166,7728_B3D,CCC(C)(C)C(=O)O[C@H]1C[C@@H](C)C=C2C=C[C@H](C)[C@H](CC[C@@H](O)C[C@@H](O)CC(=O)O)[C@H]21,
9167,7729_B3D,CCOc1ccccc1O[C@H](c1ccccc1)[C@H]1CNCCO1,
9168,7730_B3D,CN1CCC[C@@H]1Cc1c[nH]c2ccc(CCS(=O)(=O)c3ccccc3)cc12,
9169,7731_B3D,CN1[C@H]2CC[C@@H]1CC(OC(=O)c1c[nH]c3ccccc13)C2,
9170,7732_B3D,C[C@@H](O[C@H]1OCCN(Cc2n[nH]c(=O)[nH]2)[C@H]1c1ccc(F)cc1)c1cc(C(F)(F)F)cc(C(F)(F)F)c1,
9171,7733_B3D,c1cnc2cc3c(cc2n1)C1CNCC3C1,
9172,7734_B3D,CC1COc2c(N3CCN(C)CC3)c(F)c(C(=O)O)c3c(=O)ccn1c23,
9173,7735_B3D,COC(=O)C1C2CC3c4[nH]c5cc(OC)ccc5c4CCN3CC2CC(OC(=O)c2cc(OC)c(OC)c(OC)c2)C1OC,
9174,7736_B3D,COc1cc(C2c3cc4c(cc3C(OC3OC5COC(c6cccs6)OC5C(O)C3O)C3COC(=O)C23)OCO4)cc(O)c1O,
9175,7737_B3D,COc1cccc(CC(=O)N2CCN(C(C)=O)CC2CN2CCC(O)C2)c1,
9176,7738_B3D,C[N+]1(C)CCCC(OC(=O)[C+](O)(c2ccccc2)c2ccccc2)C1,
9177,7739_B3D,C[N+]12CCC(CC1)C(OC(=O)C(O)(c1ccccc1)[C+]1CCCCC1)C2,
9178,7740_B3D,Cc1ccc(C(=O)NCC2CN=C(c3ccc(F)cc3)c3ccc(C)cc3N2C)cc1,
9179,7741_B3D,CCN(CC)C(=O)N[C@H]1CC2c3cccc4[nH]cc(c34)C[C@H]2N(C)C1,
9180,7742_B3D,CCOC(=O)C1=C[C@]2(CC)CCCN3CCc4c(n1c1ccccc41)[C@@H]32,
9181,7743_B3D,CN1CC[C@@]23c4c5ccc(O)c4O[C@@H]2[C@H](O)C=C[C@@H]3[C@@H]1C5,
9182,7744_B3D,COC12CC[C@@]3(C[C@@H]1C(C)(O)C(C)(C)C)[C@@H]1Cc4ccc(O)c5c4[C@@]3(CCN1CC1CC1)[C@H]2O5,
9183,7745_B3D,CO[C@]12C[C@@H](COC(=O)c3cncc(Br)c3)CN(C)[C@@H]1Cc1cn(C)c3cccc2c13,
9184,7746_B3D,COc1ccc2c3c1O[C@H]1C(=O)CCC4[C@@H](C2)N(C)CC[C@@]341,
9185,7747_B3D,COc1ccc2c3c1O[C@H]1C[C@@H](O)C=C[C@@]31CCCC2,
9186,7748_B3D,Cc1c(C(=O)NN2CCCCC2)nn(-c2ccc(Cl)cc2Cl)c1-c1ccc(Cl)cc1,
9187,7749_B3D,Oc1cc2cc(CCN3CCN(c4nsc5ccccc45)CC3)c(Cl)cc2[nH]1,
9188,7750_B3D,CC(C1=C(CCN(C)C)Cc2ccccc21)c1ccccn1,
9189,7751_B3D,CCCCCOC(=O)Nc1nc(=O)n([C@@H]2O[C@H](C)[C@@H](O)[C@H]2O)cc1F,
9190,7752_B3D,CCOc1ccc(/C=C2\NCCc3cc(OCC)c(OCC)cc32)cc1OCC,
9191,7753_B3D,CN1CCN(CCCN2c3ccccc3Sc3ccccc32)CC1,
9192,7754_B3D,COc1ccc2[nH]ccc2c1,
9193,7755_B3D,O=C(N/N=C/c1ccc([N+](=O)[O-])o1)c1ccc(O)cc1,
9194,7756_B3D,Oc1cc(Cl)ccc1Oc1ccc(Cl)cc1Cl,
9195,7757_B3D,c1ccc2[nH]c(-c3cscn3)nc2c1,
9196,7758_B3D,CC(C)(C)c1ccc([C@H](O)CCCN2CCC(C(O)(c3ccccc3)c3ccccc3)CC2)cc1,
9197,7759_B3D,COc1ccc(CCN(C)CCC[C@@](C#N)(c2ccc(OC)c(OC)c2)C(C)C)cc1OC,
9198,7760_B3D,CC(=O)CC(c1ccc([N+](=O)[O-])cc1)c1c(O)c2ccccc2oc1=O,
9199,7761_B3D,CC(=O)CCCCn1c(=O)c2c(ncn2C)n(C)c1=O,
9200,7762_B3D,CC(C)(C#N)c1cc(Cn2cncn2)cc(C(C)(C)C#N)c1,
9201,7763_B3D,CC(C)(C(=O)c1cccnc1)c1cccnc1,
9202,7764_B3D,CC(C)C(=O)Nc1ccc([N+](=O)[O-])c(C(F)(F)F)c1,
9203,7765_B3D,CC(C)NCC(O)COc1ccc(COCCOC(C)C)cc1,
9204,7766_B3D,CC1(C)NC(=O)N(c2ccc([N+](=O)[O-])c(C(F)(F)F)c2)C1=O,
9205,7767_B3D,CC1=Nc2ccc(Cl)cc2S(=O)(=O)N1,
9206,7768_B3D,CCC1=C(C)CN(C(=O)NCCc2ccc(S(=O)(=O)NC(=O)NC3CCC(C)CC3)cc2)C1=O,
9207,7769_B3D,CCCCC1=NC2(CCCC2)C(=O)N1Cc1ccc(-c2ccccc2-c2nn[nH]n2)cc1,
9208,7770_B3D,CCCCCc1cc(O)c2c(c1)OC(C)(C)C1CCC(C)=CC21,
9209,7771_B3D,CCCCNc1cc(C(=O)O)cc(S(N)(=O)=O)c1Oc1ccccc1,
9210,7772_B3D,CCCc1cc(=O)[nH]c(=S)[nH]1,
9211,7773_B3D,CCCc1nc2c(C)cc(-c3nc4ccccc4n3C)cc2n1Cc1ccc(-c2ccccc2C(=O)O)cc1,
9212,7774_B3D,CCN(CC)CC#CCOC(=O)C(O)(c1ccccc1)C1CCCCC1,
9213,7775_B3D,CCOC(=O)Nc1ccc2c(c1)N(C(=O)CCN1CCOCC1)c1ccccc1S2,
9214,7776_B3D,CCOC(=O)n1ccn(C)c1=S,
9215,7777_B3D,CCn1nc(C(=O)O)c(=O)c2cc3c(cc21)OCO3,
9216,7778_B3D,CN(C(=O)C(Cl)Cl)c1ccc(O)cc1,
9217,7779_B3D,CN(CCOc1ccc(NS(C)(=O)=O)cc1)CCc1ccc(NS(C)(=O)=O)cc1,
9218,7780_B3D,CN(Cc1cc(Br)cc(Br)c1N)C1CCCCC1,
9219,7781_B3D,CNC1CCc2[nH]c3ccc(C(N)=O)cc3c2C1,
9220,7782_B3D,COC(=O)Nc1nc2ccc(C(=O)c3ccccc3)cc2[nH]1,
9221,7783_B3D,COc1cc2nc(N3CCN(C(=O)C4COc5ccccc5O4)CC3)nc(N)c2cc1OC,
9222,7784_B3D,COc1ccc2c(c1)C(=O)N(CCc1ccc(S(=O)(=O)NC(=O)NC3CCCCC3)cc1)C(=O)C2(C)C,
9223,7785_B3D,COc1ccnc(C[S+]([O-])c2nc3ccc(OC(F)F)cc3[nH]2)c1OC,
9224,7786_B3D,CSc1ccc(C(=O)c2[nH]c(=O)[nH]c2C)cc1,
9225,7787_B3D,Cc1[nH]cnc1CN1CCc2c(c3ccccc3n2C)C1=O,
9226,7788_B3D,Cc1ccc(C)c(OCCCC(C)(C)C(=O)O)c1,
9227,7789_B3D,Cc1ccc(S(=O)(=O)NC(=O)NN2CC3CCCC3C2)cc1,
9228,7790_B3D,Cc1cccc(Nc2ccncc2S(=O)(=O)NC(=O)NC(C)C)c1,
9229,7791_B3D,Cc1cnc(C(=O)NCCc2ccc(S(=O)(=O)NC(=O)NC3CCCCC3)cc2)cn1,
9230,7792_B3D,Cc1nnc(NS(=O)(=O)c2ccc(N)cc2)s1,
9231,7793_B3D,Clc1ccc2c(c1)CCc1cccnc1C2=C1CCNCC1,
9232,7794_B3D,Clc1ccccc1CN1CCc2sccc2C1,
9233,7795_B3D,Cn1cc[nH]c1=S,
9234,7796_B3D,N#Cc1ccc(C(c2ccc(C#N)cc2)n2cncn2)cc1,
9235,7797_B3D,Nc1ccc(O)c(C(=O)O)c1,
9236,7798_B3D,O=C(NCCO[N+](=O)[O-])c1cccnc1,
9237,7799_B3D,O=C(O)c1cccnc1,
9238,7800_B3D,O=C1C(CC[S+]([O-])c2ccccc2)C(=O)N(c2ccccc2)N1c1ccccc1,
9239,7801_B3D,O=C1CN2Cc3c(ccc(Cl)c3Cl)N=C2N1,
9240,7802_B3D,O=C1OC2(c3ccc(O)cc3Oc3cc(O)ccc32)c2ccccc21,
9241,7803_B3D,c1ccc(CN(CC2=NCCN2)c2ccccc2)cc1,
9242,7804_B3D,CCOCCn1c(N2CCCN(C)CC2)nc2ccccc21,
9243,7805_B3D,CN1CCC(=C2c3ccccc3CC(=O)c3sccc32)CC1,
9244,7806_B3D,Cc1[nH]c(=O)c(C#N)cc1-c1ccncc1,
9245,7807_B3D,Nc1cc(-c2ccncc2)c[nH]c1=O,
